X_warped,Y_warped,Z_m,u,timestamp,clip_name
-553717.4371514268,6541312.939531462,-102.28844160000048,0.0,2026-02-17 07:44:00+00:00,surfline_trevone_20260217_0744
-553717.3346131562,6541312.51707877,-102.28844160000048,0.002506265664160401,2026-02-17 07:44:00+00:00,surfline_trevone_20260217_0744
-553717.2320749332,6541312.094626031,-102.28844160000048,0.005012531328320802,2026-02-17 07:44:00+00:00,surfline_trevone_20260217_0744
-553717.1295367954,6541311.672173211,-102.28844160000048,0.007518796992481203,2026-02-17 07:44:00+00:00,surfline_trevone_20260217_0744
-553717.0269985734,6541311.249720473,-102.28844160000048,0.010025062656641603,2026-02-17 07:44:00+00:00,surfline_trevone_20260217_0744
-553716.9244602665,6541310.827267816,-102.28844160000048,0.012531328320802004,2026-02-17 07:44:00+00:00,surfline_trevone_20260217_0744
-553716.8219220436,6541310.404815077,-102.28844160000048,0.015037593984962405,2026-02-17 07:44:00+00:00,surfline_trevone_20260217_0744
-553716.719383906,6541309.982362256,-102.28844160000048,0.017543859649122806,2026-02-17 07:44:00+00:00,surfline_trevone_20260217_0744
-553716.6168456839,6541309.559909519,-102.28844160000048,0.020050125313283207,2026-02-17 07:44:00+00:00,surfline_trevone_20260217_0744
-553716.5143073772,6541309.137456861,-102.28844160000048,0.022556390977443608,2026-02-17 07:44:00+00:00,surfline_trevone_20260217_0744
-553716.4117691542,6541308.715004122,-102.28844160000048,0.02506265664160401,2026-02-17 07:44:00+00:00,surfline_trevone_20260217_0744
-553716.3092310169,6541308.292551302,-102.28844160000048,0.02756892230576441,2026-02-17 07:44:00+00:00,surfline_trevone_20260217_0744
-553716.2066927948,6541307.870098564,-102.28844160000048,0.03007518796992481,2026-02-17 07:44:00+00:00,surfline_trevone_20260217_0744
-553716.1041544874,6541307.447645907,-102.28844160000048,0.03258145363408521,2026-02-17 07:44:00+00:00,surfline_trevone_20260217_0744
-553716.0016162645,6541307.025193168,-102.28844160000048,0.03508771929824561,2026-02-17 07:44:00+00:00,surfline_trevone_20260217_0744
-553715.8990781273,6541306.602740347,-102.28844160000048,0.03759398496240601,2026-02-17 07:44:00+00:00,surfline_trevone_20260217_0744
-553715.7965399054,6541306.180287609,-102.28844160000048,0.040100250626566414,2026-02-17 07:44:00+00:00,surfline_trevone_20260217_0744
-553715.6940015976,6541305.757834952,-102.28844160000048,0.042606516290726815,2026-02-17 07:44:00+00:00,surfline_trevone_20260217_0744
-553715.5914633748,6541305.335382213,-102.28844160000048,0.045112781954887216,2026-02-17 07:44:00+00:00,surfline_trevone_20260217_0744
-553716.0336242472,6541305.071965602,-102.28844160000048,0.047619047619047616,2026-02-17 07:44:00+00:00,surfline_trevone_20260217_0744
-553716.790954446,6541304.900569341,-102.28844160000048,0.05012531328320802,2026-02-17 07:44:00+00:00,surfline_trevone_20260217_0744
-553717.5482847925,6541304.729173229,-102.28844160000048,0.05263157894736842,2026-02-17 07:44:00+00:00,surfline_trevone_20260217_0744
-553717.5455013413,6541304.335845971,-102.28844160000048,0.05513784461152882,2026-02-17 07:44:00+00:00,surfline_trevone_20260217_0744
-553717.442963204,6541303.913393151,-102.28844160000048,0.05764411027568922,2026-02-17 07:44:00+00:00,surfline_trevone_20260217_0744
-553717.3404248968,6541303.490940494,-102.28844160000048,0.06015037593984962,2026-02-17 07:44:00+00:00,surfline_trevone_20260217_0744
-553717.2378866737,6541303.068487755,-102.28844160000048,0.06265664160401002,2026-02-17 07:44:00+00:00,surfline_trevone_20260217_0744
-553717.1353485368,6541302.646034935,-102.28844160000048,0.06516290726817042,2026-02-17 07:44:00+00:00,surfline_trevone_20260217_0744
-553714.6686194221,6541301.533307518,-102.28844160000048,0.06766917293233082,2026-02-17 07:44:00+00:00,surfline_trevone_20260217_0744
-553714.5660811508,6541301.110854827,-102.28844160000048,0.07017543859649122,2026-02-17 07:44:00+00:00,surfline_trevone_20260217_0744
-553714.4635429279,6541300.688402087,-102.28844160000048,0.07268170426065163,2026-02-17 07:44:00+00:00,surfline_trevone_20260217_0744
-553714.3610047918,6541300.265949267,-102.28844160000048,0.07518796992481203,2026-02-17 07:44:00+00:00,surfline_trevone_20260217_0744
-553714.2584665697,6541299.843496528,-102.28844160000048,0.07769423558897243,2026-02-17 07:44:00+00:00,surfline_trevone_20260217_0744
-553714.1559282611,6541299.421043873,-102.28844160000048,0.08020050125313283,2026-02-17 07:44:00+00:00,surfline_trevone_20260217_0744
-553714.0533900382,6541298.998591133,-102.28844160000048,0.08270676691729323,2026-02-17 07:44:00+00:00,surfline_trevone_20260217_0744
-553713.9508519022,6541298.576138312,-102.28844160000048,0.08521303258145363,2026-02-17 07:44:00+00:00,surfline_trevone_20260217_0744
-553714.2667539,6541298.275857902,-102.28844160000048,0.08771929824561403,2026-02-17 07:44:00+00:00,surfline_trevone_20260217_0744
-553715.0240842486,6541298.104461793,-102.28844160000048,0.09022556390977443,2026-02-17 07:44:00+00:00,surfline_trevone_20260217_0744
-553715.7814144483,6541297.933065531,-102.28844160000048,0.09273182957393483,2026-02-17 07:44:00+00:00,surfline_trevone_20260217_0744
-553715.9048898685,6541297.576602071,-102.28844160000048,0.09523809523809523,2026-02-17 07:44:00+00:00,surfline_trevone_20260217_0744
-553715.8023516464,6541297.154149332,-102.28844160000048,0.09774436090225563,2026-02-17 07:44:00+00:00,surfline_trevone_20260217_0744
-553715.699813338,6541296.731696676,-102.28844160000048,0.10025062656641603,2026-02-17 07:44:00+00:00,surfline_trevone_20260217_0744
-553715.5972751151,6541296.309243937,-102.28844160000048,0.10275689223057644,2026-02-17 07:44:00+00:00,surfline_trevone_20260217_0744
-553715.494736979,6541295.886791116,-102.28844160000048,0.10526315789473684,2026-02-17 07:44:00+00:00,surfline_trevone_20260217_0744
-553715.392198757,6541295.464338377,-102.28844160000048,0.10776942355889724,2026-02-17 07:44:00+00:00,surfline_trevone_20260217_0744
-553715.2896604486,6541295.0418857215,-102.28844160000048,0.11027568922305764,2026-02-17 07:44:00+00:00,surfline_trevone_20260217_0744
-553715.1871222258,6541294.619432982,-102.28844160000048,0.11278195488721804,2026-02-17 07:44:00+00:00,surfline_trevone_20260217_0744
-553715.6553093243,6541294.363615269,-102.28844160000048,0.11528822055137844,2026-02-17 07:44:00+00:00,surfline_trevone_20260217_0744
-553716.412639673,6541294.192219159,-102.28844160000048,0.11779448621553884,2026-02-17 07:44:00+00:00,surfline_trevone_20260217_0744
-553717.1699698725,6541294.020822897,-102.28844160000048,0.12030075187969924,2026-02-17 07:44:00+00:00,surfline_trevone_20260217_0744
-553717.1411602781,6541293.619896658,-102.28844160000048,0.12280701754385964,2026-02-17 07:44:00+00:00,surfline_trevone_20260217_0744
-553717.038622056,6541293.197443919,-102.28844160000048,0.12531328320802004,2026-02-17 07:44:00+00:00,surfline_trevone_20260217_0744
-553716.9360837479,6541292.774991264,-102.28844160000048,0.12781954887218044,2026-02-17 07:44:00+00:00,surfline_trevone_20260217_0744
-553716.8335455249,6541292.352538524,-102.28844160000048,0.13032581453634084,2026-02-17 07:44:00+00:00,surfline_trevone_20260217_0744
-553716.7310073891,6541291.930085703,-102.28844160000048,0.13283208020050125,2026-02-17 07:44:00+00:00,surfline_trevone_20260217_0744
-553717.4715707343,6541291.753794056,-102.28844160000048,0.13533834586466165,2026-02-17 07:44:00+00:00,surfline_trevone_20260217_0744
-553718.2289010186,6541291.582397882,-102.28844160000048,0.13784461152882205,2026-02-17 07:44:00+00:00,surfline_trevone_20260217_0744
-553718.7875834912,6541291.353002282,-102.28844160000048,0.14035087719298245,2026-02-17 07:44:00+00:00,surfline_trevone_20260217_0744
-553718.6850453545,6541290.930549461,-102.28844160000048,0.14285714285714285,2026-02-17 07:44:00+00:00,surfline_trevone_20260217_0744
-553718.5825071324,6541290.508096723,-102.28844160000048,0.14536340852130325,2026-02-17 07:44:00+00:00,surfline_trevone_20260217_0744
-553716.630170639,6541289.545556998,-102.28844160000048,0.14786967418546365,2026-02-17 07:44:00+00:00,surfline_trevone_20260217_0744
-553717.3875008387,6541289.374160736,-102.28844160000048,0.15037593984962405,2026-02-17 07:44:00+00:00,surfline_trevone_20260217_0744
-553718.1448308871,6541289.202764323,-102.28844160000048,0.15288220551378445,2026-02-17 07:44:00+00:00,surfline_trevone_20260217_0744
-553718.1723542432,6541288.818285769,-102.28844160000048,0.15538847117794485,2026-02-17 07:44:00+00:00,surfline_trevone_20260217_0744
-553718.069815935,6541288.395833112,-102.28844160000048,0.15789473684210525,2026-02-17 07:44:00+00:00,surfline_trevone_20260217_0744
-553717.9672777121,6541287.973380373,-102.28844160000048,0.16040100250626566,2026-02-17 07:44:00+00:00,surfline_trevone_20260217_0744
-553717.864739576,6541287.550927552,-102.28844160000048,0.16290726817042606,2026-02-17 07:44:00+00:00,surfline_trevone_20260217_0744
-553717.762201354,6541287.128474814,-102.28844160000048,0.16541353383458646,2026-02-17 07:44:00+00:00,surfline_trevone_20260217_0744
-553717.6596630453,6541286.706022158,-102.28844160000048,0.16791979949874686,2026-02-17 07:44:00+00:00,surfline_trevone_20260217_0744
-553717.5571248224,6541286.283569419,-102.28844160000048,0.17042606516290726,2026-02-17 07:44:00+00:00,surfline_trevone_20260217_0744
-553717.4545866868,6541285.861116597,-102.28844160000048,0.17293233082706766,2026-02-17 07:44:00+00:00,surfline_trevone_20260217_0744
-553717.3520483782,6541285.438663942,-102.28844160000048,0.17543859649122806,2026-02-17 07:44:00+00:00,surfline_trevone_20260217_0744
-553717.6190434686,6541285.124104142,-102.28844160000048,0.17794486215538846,2026-02-17 07:44:00+00:00,surfline_trevone_20260217_0744
-553718.3763735172,6541284.952707729,-102.28844160000048,0.18045112781954886,2026-02-17 07:44:00+00:00,surfline_trevone_20260217_0744
-553719.1337037162,6541284.781311468,-102.28844160000048,0.18295739348370926,2026-02-17 07:44:00+00:00,surfline_trevone_20260217_0744
-553719.3060863442,6541284.4391277,-102.28844160000048,0.18546365914786966,2026-02-17 07:44:00+00:00,surfline_trevone_20260217_0744
-553719.2035481211,6541284.016674961,-102.28844160000048,0.18796992481203006,2026-02-17 07:44:00+00:00,surfline_trevone_20260217_0744
-553719.1010099853,6541283.59422214,-102.28844160000048,0.19047619047619047,2026-02-17 07:44:00+00:00,surfline_trevone_20260217_0744
-553718.9984717632,6541283.171769401,-102.28844160000048,0.19298245614035087,2026-02-17 07:44:00+00:00,surfline_trevone_20260217_0744
-553718.8959334549,6541282.749316745,-102.28844160000048,0.19548872180451127,2026-02-17 07:44:00+00:00,surfline_trevone_20260217_0744
-553718.7933951948,6541282.326864041,-102.28844160000048,0.19799498746867167,2026-02-17 07:44:00+00:00,surfline_trevone_20260217_0744
-553718.690857096,6541281.904411185,-102.28844160000048,0.20050125313283207,2026-02-17 07:44:00+00:00,surfline_trevone_20260217_0744
-553719.407281336,6541281.721071578,-102.28844160000048,0.20300751879699247,2026-02-17 07:44:00+00:00,surfline_trevone_20260217_0744
-553720.1646116845,6541281.549675468,-102.28844160000048,0.20551378446115287,2026-02-17 07:44:00+00:00,surfline_trevone_20260217_0744
-553720.7474331986,6541281.327327765,-102.28844160000048,0.20802005012531327,2026-02-17 07:44:00+00:00,surfline_trevone_20260217_0744
-553720.6448950624,6541280.904874943,-102.28844160000048,0.21052631578947367,2026-02-17 07:44:00+00:00,surfline_trevone_20260217_0744
-553720.5423568403,6541280.482422205,-102.28844160000048,0.21303258145363407,2026-02-17 07:44:00+00:00,surfline_trevone_20260217_0744
-553720.4398185319,6541280.059969549,-102.28844160000048,0.21553884711779447,2026-02-17 07:44:00+00:00,surfline_trevone_20260217_0744
-553720.3372803091,6541279.63751681,-102.28844160000048,0.21804511278195488,2026-02-17 07:44:00+00:00,surfline_trevone_20260217_0744
-553720.2347421731,6541279.215063988,-102.28844160000048,0.22055137844611528,2026-02-17 07:44:00+00:00,surfline_trevone_20260217_0744
-553720.837871751,6541278.998645647,-102.28844160000048,0.22305764411027568,2026-02-17 07:44:00+00:00,surfline_trevone_20260217_0744
-553721.5952020992,6541278.827249538,-102.28844160000048,0.22556390977443608,2026-02-17 07:44:00+00:00,surfline_trevone_20260217_0744
-553722.2913182758,6541278.637980568,-102.28844160000048,0.22807017543859648,2026-02-17 07:44:00+00:00,surfline_trevone_20260217_0744
-553722.1887801393,6541278.215527748,-102.28844160000048,0.23057644110275688,2026-02-17 07:44:00+00:00,surfline_trevone_20260217_0744
-553722.0862418315,6541277.793075091,-102.28844160000048,0.23308270676691728,2026-02-17 07:44:00+00:00,surfline_trevone_20260217_0744
-553721.9837036085,6541277.370622352,-102.28844160000048,0.23558897243107768,2026-02-17 07:44:00+00:00,surfline_trevone_20260217_0744
-553721.8811654724,6541276.948169531,-102.28844160000048,0.23809523809523808,2026-02-17 07:44:00+00:00,surfline_trevone_20260217_0744
-553721.7786272502,6541276.525716793,-102.28844160000048,0.24060150375939848,2026-02-17 07:44:00+00:00,surfline_trevone_20260217_0744
-553721.676088942,6541276.103264137,-102.28844160000048,0.24310776942355888,2026-02-17 07:44:00+00:00,surfline_trevone_20260217_0744
-553721.573550719,6541275.680811398,-102.28844160000048,0.24561403508771928,2026-02-17 07:44:00+00:00,surfline_trevone_20260217_0744
-553722.2404388391,6541275.483008581,-102.28844160000048,0.24812030075187969,2026-02-17 07:44:00+00:00,surfline_trevone_20260217_0744
-553722.9977690375,6541275.31161232,-102.28844160000048,0.2506265664160401,2026-02-17 07:44:00+00:00,surfline_trevone_20260217_0744
-553723.6301269088,6541275.103727895,-102.28844160000048,0.2531328320802005,2026-02-17 07:44:00+00:00,surfline_trevone_20260217_0744
-553723.5275886856,6541274.681275155,-102.28844160000048,0.2556390977443609,2026-02-17 07:44:00+00:00,surfline_trevone_20260217_0744
-553723.4250505493,6541274.258822335,-102.28844160000048,0.2581453634085213,2026-02-17 07:44:00+00:00,surfline_trevone_20260217_0744
-553723.3225123271,6541273.836369596,-102.28844160000048,0.2606516290726817,2026-02-17 07:44:00+00:00,surfline_trevone_20260217_0744
-553723.3133817987,6541273.441189285,-102.28844160000048,0.2631578947368421,2026-02-17 07:44:00+00:00,surfline_trevone_20260217_0744
-553724.0707120621,6541273.269793088,-102.28844160000048,0.2656641604010025,2026-02-17 07:44:00+00:00,surfline_trevone_20260217_0744
-553724.8280420476,6541273.098396611,-102.28844160000048,0.2681704260651629,2026-02-17 07:44:00+00:00,surfline_trevone_20260217_0744
-553725.2765502934,6541272.836833355,-102.28844160000048,0.2706766917293233,2026-02-17 07:44:00+00:00,surfline_trevone_20260217_0744
-553725.1740119857,6541272.414380698,-102.28844160000048,0.2731829573934837,2026-02-17 07:44:00+00:00,surfline_trevone_20260217_0744
-553725.0714737627,6541271.991927959,-102.28844160000048,0.2756892230576441,2026-02-17 07:44:00+00:00,surfline_trevone_20260217_0744
-553724.3863244619,6541271.399369687,-102.28844160000048,0.2781954887218045,2026-02-17 07:44:00+00:00,surfline_trevone_20260217_0744
-553724.8663974035,6541271.1470224,-102.28844160000048,0.2807017543859649,2026-02-17 07:44:00+00:00,surfline_trevone_20260217_0744
-553724.7638590958,6541270.724569744,-102.28844160000048,0.2832080200501253,2026-02-17 07:44:00+00:00,surfline_trevone_20260217_0744
-553725.1156314827,6541270.43476244,-102.28844160000048,0.2857142857142857,2026-02-17 07:44:00+00:00,surfline_trevone_20260217_0744
-553725.8729615321,6541270.263366028,-102.28844160000048,0.2882205513784461,2026-02-17 07:44:00+00:00,surfline_trevone_20260217_0744
-553726.630291731,6541270.091969767,-102.28844160000048,0.2907268170426065,2026-02-17 07:44:00+00:00,surfline_trevone_20260217_0744
-553726.7178970625,6541269.725033502,-102.28844160000048,0.2932330827067669,2026-02-17 07:44:00+00:00,surfline_trevone_20260217_0744
-553726.6153588397,6541269.302580763,-102.28844160000048,0.2957393483709273,2026-02-17 07:44:00+00:00,surfline_trevone_20260217_0744
-553726.5128207027,6541268.880127942,-102.28844160000048,0.2982456140350877,2026-02-17 07:44:00+00:00,surfline_trevone_20260217_0744
-553726.4102823952,6541268.457675286,-102.28844160000048,0.3007518796992481,2026-02-17 07:44:00+00:00,surfline_trevone_20260217_0744
-553726.3077441722,6541268.035222546,-102.28844160000048,0.3032581453634085,2026-02-17 07:44:00+00:00,surfline_trevone_20260217_0744
-553726.2052060356,6541267.612769726,-102.28844160000048,0.3057644110275689,2026-02-17 07:44:00+00:00,surfline_trevone_20260217_0744
-553726.1026678134,6541267.190316988,-102.28844160000048,0.3082706766917293,2026-02-17 07:44:00+00:00,surfline_trevone_20260217_0744
-553726.5181985692,6541266.919125374,-102.28844160000048,0.3107769423558897,2026-02-17 07:44:00+00:00,surfline_trevone_20260217_0744
-553727.2755287687,6541266.747729112,-102.28844160000048,0.3132832080200501,2026-02-17 07:44:00+00:00,surfline_trevone_20260217_0744
-553728.0328588189,6541266.5763327,-102.28844160000048,0.3157894736842105,2026-02-17 07:44:00+00:00,surfline_trevone_20260217_0744
-553728.0567057799,6541266.190780747,-102.28844160000048,0.3182957393483709,2026-02-17 07:44:00+00:00,surfline_trevone_20260217_0744
-553727.9541674727,6541265.76832809,-102.28844160000048,0.3208020050125313,2026-02-17 07:44:00+00:00,surfline_trevone_20260217_0744
-553727.9908239753,6541265.386516146,-102.28844160000048,0.3233082706766917,2026-02-17 07:44:00+00:00,surfline_trevone_20260217_0744
-553728.7481540256,6541265.215119735,-102.28844160000048,0.3258145363408521,2026-02-17 07:44:00+00:00,surfline_trevone_20260217_0744
-553729.5054842242,6541265.043723474,-102.28844160000048,0.3283208020050125,2026-02-17 07:44:00+00:00,surfline_trevone_20260217_0744
-553729.9082054391,6541264.768791848,-102.28844160000048,0.3308270676691729,2026-02-17 07:44:00+00:00,surfline_trevone_20260217_0744
-553729.8056671798,6541264.346339143,-102.28844160000048,0.3333333333333333,2026-02-17 07:44:00+00:00,surfline_trevone_20260217_0744
-553729.7031290786,6541263.923886289,-102.28844160000048,0.3358395989974937,2026-02-17 07:44:00+00:00,surfline_trevone_20260217_0744
-553729.6005908565,6541263.50143355,-102.28844160000048,0.3383458646616541,2026-02-17 07:44:00+00:00,surfline_trevone_20260217_0744
-553729.4980525492,6541263.078980893,-102.28844160000048,0.3408521303258145,2026-02-17 07:44:00+00:00,surfline_trevone_20260217_0744
-553727.4930597349,6541262.101066951,-102.28844160000048,0.3433583959899749,2026-02-17 07:44:00+00:00,surfline_trevone_20260217_0744
-553728.2503897842,6541261.92967054,-102.28844160000048,0.3458646616541353,2026-02-17 07:44:00+00:00,surfline_trevone_20260217_0744
-553727.8507071879,6541261.420460318,-102.28844160000048,0.3483709273182957,2026-02-17 07:44:00+00:00,surfline_trevone_20260217_0744
-553728.6080375351,6541261.249064207,-102.28844160000048,0.3508771929824561,2026-02-17 07:44:00+00:00,surfline_trevone_20260217_0744
-553728.9853614366,6541260.966717199,-102.28844160000048,0.3533834586466165,2026-02-17 07:44:00+00:00,surfline_trevone_20260217_0744
-553728.8828232996,6541260.544264379,-102.28844160000048,0.3558897243107769,2026-02-17 07:44:00+00:00,surfline_trevone_20260217_0744
-553728.7802849923,6541260.121811722,-102.28844160000048,0.3583959899749373,2026-02-17 07:44:00+00:00,surfline_trevone_20260217_0744
-553726.313555913,6541259.00908427,-102.28844160000048,0.3609022556390977,2026-02-17 07:44:00+00:00,surfline_trevone_20260217_0744
-553726.2110177772,6541258.586631449,-102.28844160000048,0.3634085213032581,2026-02-17 07:44:00+00:00,surfline_trevone_20260217_0744
-553726.1084795549,6541258.164178711,-102.28844160000048,0.3659147869674185,2026-02-17 07:44:00+00:00,surfline_trevone_20260217_0744
-553726.0059412464,6541257.741726056,-102.28844160000048,0.3684210526315789,2026-02-17 07:44:00+00:00,surfline_trevone_20260217_0744
-553726.1819186406,6541257.400591746,-102.28844160000048,0.37092731829573933,2026-02-17 07:44:00+00:00,surfline_trevone_20260217_0744
-553726.9392486886,6541257.229195332,-102.28844160000048,0.37343358395989973,2026-02-17 07:44:00+00:00,surfline_trevone_20260217_0744
-553727.6965788866,6541257.057799071,-102.28844160000048,0.37593984962406013,2026-02-17 07:44:00+00:00,surfline_trevone_20260217_0744
-553727.9599792128,6541256.742189813,-102.28844160000048,0.37844611528822053,2026-02-17 07:44:00+00:00,surfline_trevone_20260217_0744
-553727.8574409897,6541256.319737074,-102.28844160000048,0.38095238095238093,2026-02-17 07:44:00+00:00,surfline_trevone_20260217_0744
-553725.3907119982,6541255.20700954,-102.28844160000048,0.38345864661654133,2026-02-17 07:44:00+00:00,surfline_trevone_20260217_0744
-553725.288173776,6541254.784556801,-102.28844160000048,0.38596491228070173,2026-02-17 07:44:00+00:00,surfline_trevone_20260217_0744
-553725.3124951299,6541254.399143465,-102.28844160000048,0.38847117794486213,2026-02-17 07:44:00+00:00,surfline_trevone_20260217_0744
-553726.0698253294,6541254.227747203,-102.28844160000048,0.39097744360902253,2026-02-17 07:44:00+00:00,surfline_trevone_20260217_0744
-553726.8271553773,6541254.056350789,-102.28844160000048,0.39348370927318294,2026-02-17 07:44:00+00:00,surfline_trevone_20260217_0744
-553727.242211742,6541253.78502056,-102.28844160000048,0.39598997493734334,2026-02-17 07:44:00+00:00,surfline_trevone_20260217_0744
-553727.1396734335,6541253.362567904,-102.28844160000048,0.39849624060150374,2026-02-17 07:44:00+00:00,surfline_trevone_20260217_0744
-553727.0371351733,6541252.9401152,-102.28844160000048,0.40100250626566414,2026-02-17 07:44:00+00:00,surfline_trevone_20260217_0744
-553726.9345970746,6541252.517662344,-102.28844160000048,0.40350877192982454,2026-02-17 07:44:00+00:00,surfline_trevone_20260217_0744
-553726.8320588525,6541252.095209605,-102.28844160000048,0.40601503759398494,2026-02-17 07:44:00+00:00,surfline_trevone_20260217_0744
-553726.7295205435,6541251.672756949,-102.28844160000048,0.40852130325814534,2026-02-17 07:44:00+00:00,surfline_trevone_20260217_0744
-553724.2627914641,6541250.560029497,-102.28844160000048,0.41102756892230574,2026-02-17 07:44:00+00:00,surfline_trevone_20260217_0744
-553721.7960624738,6541249.447301962,-102.28844160000048,0.41353383458646614,2026-02-17 07:44:00+00:00,surfline_trevone_20260217_0744
-553721.6935241634,6541249.024849309,-102.28844160000048,0.41604010025062654,2026-02-17 07:44:00+00:00,surfline_trevone_20260217_0744
-553720.9019749225,6541248.401225465,-102.28844160000048,0.41854636591478694,2026-02-17 07:44:00+00:00,surfline_trevone_20260217_0744
-553721.4884478067,6541248.179943746,-102.28844160000048,0.42105263157894735,2026-02-17 07:44:00+00:00,surfline_trevone_20260217_0744
-553721.3859095842,6541247.757491007,-102.28844160000048,0.42355889724310775,2026-02-17 07:44:00+00:00,surfline_trevone_20260217_0744
-553721.2833712734,6541247.335038354,-102.28844160000048,0.42606516290726815,2026-02-17 07:44:00+00:00,surfline_trevone_20260217_0744
-553718.8166421939,6541246.222310902,-102.28844160000048,0.42857142857142855,2026-02-17 07:44:00+00:00,surfline_trevone_20260217_0744
-553718.7141040612,6541245.799858077,-102.28844160000048,0.43107769423558895,2026-02-17 07:44:00+00:00,surfline_trevone_20260217_0744
-553718.611565839,6541245.377405339,-102.28844160000048,0.43358395989974935,2026-02-17 07:44:00+00:00,surfline_trevone_20260217_0744
-553718.611565839,6541245.377405339,-102.28844160000048,0.43609022556390975,2026-02-17 07:44:00+00:00,surfline_trevone_20260217_0744
-553718.611565839,6541245.377405339,-102.28844160000048,0.43859649122807015,2026-02-17 07:44:00+00:00,surfline_trevone_20260217_0744
-553718.611565839,6541245.377405339,-102.28844160000048,0.44110275689223055,2026-02-17 07:44:00+00:00,surfline_trevone_20260217_0744
-553718.611565839,6541245.377405339,-102.28844160000048,0.44360902255639095,2026-02-17 07:44:00+00:00,surfline_trevone_20260217_0744
-553718.611565839,6541245.377405339,-102.28844160000048,0.44611528822055135,2026-02-17 07:44:00+00:00,surfline_trevone_20260217_0744
-553718.611565839,6541245.377405339,-102.28844160000048,0.44862155388471175,2026-02-17 07:44:00+00:00,surfline_trevone_20260217_0744
-553718.611565839,6541245.377405339,-102.28844160000048,0.45112781954887216,2026-02-17 07:44:00+00:00,surfline_trevone_20260217_0744
-553718.611565839,6541245.377405339,-102.28844160000048,0.45363408521303256,2026-02-17 07:44:00+00:00,surfline_trevone_20260217_0744
-553718.611565839,6541245.377405339,-102.28844160000048,0.45614035087719296,2026-02-17 07:44:00+00:00,surfline_trevone_20260217_0744
-553718.611565839,6541245.377405339,-102.28844160000048,0.45864661654135336,2026-02-17 07:44:00+00:00,surfline_trevone_20260217_0744
-553718.611565839,6541245.377405339,-102.28844160000048,0.46115288220551376,2026-02-17 07:44:00+00:00,surfline_trevone_20260217_0744
-553718.611565839,6541245.377405339,-102.28844160000048,0.46365914786967416,2026-02-17 07:44:00+00:00,surfline_trevone_20260217_0744
-553718.611565839,6541245.377405339,-102.28844160000048,0.46616541353383456,2026-02-17 07:44:00+00:00,surfline_trevone_20260217_0744
-553718.611565839,6541245.377405339,-102.28844160000048,0.46867167919799496,2026-02-17 07:44:00+00:00,surfline_trevone_20260217_0744
-553718.611565839,6541245.377405339,-102.28844160000048,0.47117794486215536,2026-02-17 07:44:00+00:00,surfline_trevone_20260217_0744
-553718.611565839,6541245.377405339,-102.28844160000048,0.47368421052631576,2026-02-17 07:44:00+00:00,surfline_trevone_20260217_0744
-553718.611565839,6541245.377405339,-102.28844160000048,0.47619047619047616,2026-02-17 07:44:00+00:00,surfline_trevone_20260217_0744
-553718.611565839,6541245.377405339,-102.28844160000048,0.47869674185463656,2026-02-17 07:44:00+00:00,surfline_trevone_20260217_0744
-553718.611565839,6541245.377405339,-102.28844160000048,0.48120300751879697,2026-02-17 07:44:00+00:00,surfline_trevone_20260217_0744
-553718.611565839,6541245.377405339,-102.28844160000048,0.48370927318295737,2026-02-17 07:44:00+00:00,surfline_trevone_20260217_0744
-553718.611565839,6541245.377405339,-102.28844160000048,0.48621553884711777,2026-02-17 07:44:00+00:00,surfline_trevone_20260217_0744
-553718.611565839,6541245.377405339,-102.28844160000048,0.48872180451127817,2026-02-17 07:44:00+00:00,surfline_trevone_20260217_0744
-553718.611565839,6541245.377405339,-102.28844160000048,0.49122807017543857,2026-02-17 07:44:00+00:00,surfline_trevone_20260217_0744
-553718.611565839,6541245.377405339,-102.28844160000048,0.49373433583959897,2026-02-17 07:44:00+00:00,surfline_trevone_20260217_0744
-553718.611565839,6541245.377405339,-102.28844160000048,0.49624060150375937,2026-02-17 07:44:00+00:00,surfline_trevone_20260217_0744
-553718.611565839,6541245.377405339,-102.28844160000048,0.49874686716791977,2026-02-17 07:44:00+00:00,surfline_trevone_20260217_0744
-553718.611565839,6541245.377405339,-102.28844160000048,0.5012531328320802,2026-02-17 07:44:00+00:00,surfline_trevone_20260217_0744
-553718.611565839,6541245.377405339,-102.28844160000048,0.5037593984962405,2026-02-17 07:44:00+00:00,surfline_trevone_20260217_0744
-553718.611565839,6541245.377405339,-102.28844160000048,0.506265664160401,2026-02-17 07:44:00+00:00,surfline_trevone_20260217_0744
-553718.611565839,6541245.377405339,-102.28844160000048,0.5087719298245614,2026-02-17 07:44:00+00:00,surfline_trevone_20260217_0744
-553718.611565839,6541245.377405339,-102.28844160000048,0.5112781954887218,2026-02-17 07:44:00+00:00,surfline_trevone_20260217_0744
-553718.611565839,6541245.377405339,-102.28844160000048,0.5137844611528821,2026-02-17 07:44:00+00:00,surfline_trevone_20260217_0744
-553718.611565839,6541245.377405339,-102.28844160000048,0.5162907268170426,2026-02-17 07:44:00+00:00,surfline_trevone_20260217_0744
-553718.611565839,6541245.377405339,-102.28844160000048,0.518796992481203,2026-02-17 07:44:00+00:00,surfline_trevone_20260217_0744
-553718.611565839,6541245.377405339,-102.28844160000048,0.5213032581453634,2026-02-17 07:44:00+00:00,surfline_trevone_20260217_0744
-553718.611565839,6541245.377405339,-102.28844160000048,0.5238095238095237,2026-02-17 07:44:00+00:00,surfline_trevone_20260217_0744
-553718.611565839,6541245.377405339,-102.28844160000048,0.5263157894736842,2026-02-17 07:44:00+00:00,surfline_trevone_20260217_0744
-553718.611565839,6541245.377405339,-102.28844160000048,0.5288220551378446,2026-02-17 07:44:00+00:00,surfline_trevone_20260217_0744
-553718.611565839,6541245.377405339,-102.28844160000048,0.531328320802005,2026-02-17 07:44:00+00:00,surfline_trevone_20260217_0744
-553718.611565839,6541245.377405339,-102.28844160000048,0.5338345864661653,2026-02-17 07:44:00+00:00,surfline_trevone_20260217_0744
-553718.611565839,6541245.377405339,-102.28844160000048,0.5363408521303258,2026-02-17 07:44:00+00:00,surfline_trevone_20260217_0744
-553718.611565839,6541245.377405339,-102.28844160000048,0.5388471177944862,2026-02-17 07:44:00+00:00,surfline_trevone_20260217_0744
-553718.611565839,6541245.377405339,-102.28844160000048,0.5413533834586466,2026-02-17 07:44:00+00:00,surfline_trevone_20260217_0744
-553718.611565839,6541245.377405339,-102.28844160000048,0.5438596491228069,2026-02-17 07:44:00+00:00,surfline_trevone_20260217_0744
-553718.611565839,6541245.377405339,-102.28844160000048,0.5463659147869674,2026-02-17 07:44:00+00:00,surfline_trevone_20260217_0744
-553718.611565839,6541245.377405339,-102.28844160000048,0.5488721804511278,2026-02-17 07:44:00+00:00,surfline_trevone_20260217_0744
-553718.611565839,6541245.377405339,-102.28844160000048,0.5513784461152882,2026-02-17 07:44:00+00:00,surfline_trevone_20260217_0744
-553718.611565839,6541245.377405339,-102.28844160000048,0.5538847117794485,2026-02-17 07:44:00+00:00,surfline_trevone_20260217_0744
-553718.611565839,6541245.377405339,-102.28844160000048,0.556390977443609,2026-02-17 07:44:00+00:00,surfline_trevone_20260217_0744
-553718.611565839,6541245.377405339,-102.28844160000048,0.5588972431077694,2026-02-17 07:44:00+00:00,surfline_trevone_20260217_0744
-553718.611565839,6541245.377405339,-102.28844160000048,0.5614035087719298,2026-02-17 07:44:00+00:00,surfline_trevone_20260217_0744
-553718.611565839,6541245.377405339,-102.28844160000048,0.5639097744360901,2026-02-17 07:44:00+00:00,surfline_trevone_20260217_0744
-553718.611565839,6541245.377405339,-102.28844160000048,0.5664160401002506,2026-02-17 07:44:00+00:00,surfline_trevone_20260217_0744
-553718.611565839,6541245.377405339,-102.28844160000048,0.568922305764411,2026-02-17 07:44:00+00:00,surfline_trevone_20260217_0744
-553718.611565839,6541245.377405339,-102.28844160000048,0.5714285714285714,2026-02-17 07:44:00+00:00,surfline_trevone_20260217_0744
-553718.611565839,6541245.377405339,-102.28844160000048,0.5739348370927317,2026-02-17 07:44:00+00:00,surfline_trevone_20260217_0744
-553718.611565839,6541245.377405339,-102.28844160000048,0.5764411027568922,2026-02-17 07:44:00+00:00,surfline_trevone_20260217_0744
-553718.611565839,6541245.377405339,-102.28844160000048,0.5789473684210527,2026-02-17 07:44:00+00:00,surfline_trevone_20260217_0744
-553718.611565839,6541245.377405339,-102.28844160000048,0.581453634085213,2026-02-17 07:44:00+00:00,surfline_trevone_20260217_0744
-553718.611565839,6541245.377405339,-102.28844160000048,0.5839598997493733,2026-02-17 07:44:00+00:00,surfline_trevone_20260217_0744
-553718.611565839,6541245.377405339,-102.28844160000048,0.5864661654135338,2026-02-17 07:44:00+00:00,surfline_trevone_20260217_0744
-553718.611565839,6541245.377405339,-102.28844160000048,0.5889724310776943,2026-02-17 07:44:00+00:00,surfline_trevone_20260217_0744
-553718.611565839,6541245.377405339,-102.28844160000048,0.5914786967418546,2026-02-17 07:44:00+00:00,surfline_trevone_20260217_0744
-553718.611565839,6541245.377405339,-102.28844160000048,0.593984962406015,2026-02-17 07:44:00+00:00,surfline_trevone_20260217_0744
-553718.611565839,6541245.377405339,-102.28844160000048,0.5964912280701754,2026-02-17 07:44:00+00:00,surfline_trevone_20260217_0744
-553718.611565839,6541245.377405339,-102.28844160000048,0.5989974937343359,2026-02-17 07:44:00+00:00,surfline_trevone_20260217_0744
-553718.611565839,6541245.377405339,-102.28844160000048,0.6015037593984962,2026-02-17 07:44:00+00:00,surfline_trevone_20260217_0744
-553718.611565839,6541245.377405339,-102.28844160000048,0.6040100250626566,2026-02-17 07:44:00+00:00,surfline_trevone_20260217_0744
-553718.611565839,6541245.377405339,-102.28844160000048,0.606516290726817,2026-02-17 07:44:00+00:00,surfline_trevone_20260217_0744
-553718.611565839,6541245.377405339,-102.28844160000048,0.6090225563909775,2026-02-17 07:44:00+00:00,surfline_trevone_20260217_0744
-553718.611565839,6541245.377405339,-102.28844160000048,0.6115288220551378,2026-02-17 07:44:00+00:00,surfline_trevone_20260217_0744
-553718.611565839,6541245.377405339,-102.28844160000048,0.6140350877192982,2026-02-17 07:44:00+00:00,surfline_trevone_20260217_0744
-553718.611565839,6541245.377405339,-102.28844160000048,0.6165413533834586,2026-02-17 07:44:00+00:00,surfline_trevone_20260217_0744
-553718.611565839,6541245.377405339,-102.28844160000048,0.6190476190476191,2026-02-17 07:44:00+00:00,surfline_trevone_20260217_0744
-553718.611565839,6541245.377405339,-102.28844160000048,0.6215538847117794,2026-02-17 07:44:00+00:00,surfline_trevone_20260217_0744
-553718.611565839,6541245.377405339,-102.28844160000048,0.6240601503759398,2026-02-17 07:44:00+00:00,surfline_trevone_20260217_0744
-553718.611565839,6541245.377405339,-102.28844160000048,0.6265664160401002,2026-02-17 07:44:00+00:00,surfline_trevone_20260217_0744
-553718.611565839,6541245.377405339,-102.28844160000048,0.6290726817042607,2026-02-17 07:44:00+00:00,surfline_trevone_20260217_0744
-553718.611565839,6541245.377405339,-102.28844160000048,0.631578947368421,2026-02-17 07:44:00+00:00,surfline_trevone_20260217_0744
-553718.611565839,6541245.377405339,-102.28844160000048,0.6340852130325814,2026-02-17 07:44:00+00:00,surfline_trevone_20260217_0744
-553718.611565839,6541245.377405339,-102.28844160000048,0.6365914786967418,2026-02-17 07:44:00+00:00,surfline_trevone_20260217_0744
-553718.611565839,6541245.377405339,-102.28844160000048,0.6390977443609023,2026-02-17 07:44:00+00:00,surfline_trevone_20260217_0744
-553718.611565839,6541245.377405339,-102.28844160000048,0.6416040100250626,2026-02-17 07:44:00+00:00,surfline_trevone_20260217_0744
-553718.611565839,6541245.377405339,-102.28844160000048,0.644110275689223,2026-02-17 07:44:00+00:00,surfline_trevone_20260217_0744
-553718.611565839,6541245.377405339,-102.28844160000048,0.6466165413533834,2026-02-17 07:44:00+00:00,surfline_trevone_20260217_0744
-553718.611565839,6541245.377405339,-102.28844160000048,0.6491228070175439,2026-02-17 07:44:00+00:00,surfline_trevone_20260217_0744
-553718.611565839,6541245.377405339,-102.28844160000048,0.6516290726817042,2026-02-17 07:44:00+00:00,surfline_trevone_20260217_0744
-553718.611565839,6541245.377405339,-102.28844160000048,0.6541353383458646,2026-02-17 07:44:00+00:00,surfline_trevone_20260217_0744
-553718.611565839,6541245.377405339,-102.28844160000048,0.656641604010025,2026-02-17 07:44:00+00:00,surfline_trevone_20260217_0744
-553718.611565839,6541245.377405339,-102.28844160000048,0.6591478696741855,2026-02-17 07:44:00+00:00,surfline_trevone_20260217_0744
-553718.611565839,6541245.377405339,-102.28844160000048,0.6616541353383458,2026-02-17 07:44:00+00:00,surfline_trevone_20260217_0744
-553718.611565839,6541245.377405339,-102.28844160000048,0.6641604010025062,2026-02-17 07:44:00+00:00,surfline_trevone_20260217_0744
-553718.611565839,6541245.377405339,-102.28844160000048,0.6666666666666666,2026-02-17 07:44:00+00:00,surfline_trevone_20260217_0744
-553718.611565839,6541245.377405339,-102.28844160000048,0.6691729323308271,2026-02-17 07:44:00+00:00,surfline_trevone_20260217_0744
-553718.611565839,6541245.377405339,-102.28844160000048,0.6716791979949874,2026-02-17 07:44:00+00:00,surfline_trevone_20260217_0744
-553718.611565839,6541245.377405339,-102.28844160000048,0.6741854636591478,2026-02-17 07:44:00+00:00,surfline_trevone_20260217_0744
-553718.611565839,6541245.377405339,-102.28844160000048,0.6766917293233082,2026-02-17 07:44:00+00:00,surfline_trevone_20260217_0744
-553718.611565839,6541245.377405339,-102.28844160000048,0.6791979949874687,2026-02-17 07:44:00+00:00,surfline_trevone_20260217_0744
-553718.611565839,6541245.377405339,-102.28844160000048,0.681704260651629,2026-02-17 07:44:00+00:00,surfline_trevone_20260217_0744
-553718.611565839,6541245.377405339,-102.28844160000048,0.6842105263157894,2026-02-17 07:44:00+00:00,surfline_trevone_20260217_0744
-553718.611565839,6541245.377405339,-102.28844160000048,0.6867167919799498,2026-02-17 07:44:00+00:00,surfline_trevone_20260217_0744
-553718.611565839,6541245.377405339,-102.28844160000048,0.6892230576441103,2026-02-17 07:44:00+00:00,surfline_trevone_20260217_0744
-553718.611565839,6541245.377405339,-102.28844160000048,0.6917293233082706,2026-02-17 07:44:00+00:00,surfline_trevone_20260217_0744
-553718.611565839,6541245.377405339,-102.28844160000048,0.694235588972431,2026-02-17 07:44:00+00:00,surfline_trevone_20260217_0744
-553718.611565839,6541245.377405339,-102.28844160000048,0.6967418546365914,2026-02-17 07:44:00+00:00,surfline_trevone_20260217_0744
-553718.611565839,6541245.377405339,-102.28844160000048,0.6992481203007519,2026-02-17 07:44:00+00:00,surfline_trevone_20260217_0744
-553718.611565839,6541245.377405339,-102.28844160000048,0.7017543859649122,2026-02-17 07:44:00+00:00,surfline_trevone_20260217_0744
-553718.611565839,6541245.377405339,-102.28844160000048,0.7042606516290726,2026-02-17 07:44:00+00:00,surfline_trevone_20260217_0744
-553718.611565839,6541245.377405339,-102.28844160000048,0.706766917293233,2026-02-17 07:44:00+00:00,surfline_trevone_20260217_0744
-553718.611565839,6541245.377405339,-102.28844160000048,0.7092731829573935,2026-02-17 07:44:00+00:00,surfline_trevone_20260217_0744
-553718.611565839,6541245.377405339,-102.28844160000048,0.7117794486215538,2026-02-17 07:44:00+00:00,surfline_trevone_20260217_0744
-553718.611565839,6541245.377405339,-102.28844160000048,0.7142857142857142,2026-02-17 07:44:00+00:00,surfline_trevone_20260217_0744
-553718.611565839,6541245.377405339,-102.28844160000048,0.7167919799498746,2026-02-17 07:44:00+00:00,surfline_trevone_20260217_0744
-553718.611565839,6541245.377405339,-102.28844160000048,0.7192982456140351,2026-02-17 07:44:00+00:00,surfline_trevone_20260217_0744
-553718.611565839,6541245.377405339,-102.28844160000048,0.7218045112781954,2026-02-17 07:44:00+00:00,surfline_trevone_20260217_0744
-553718.611565839,6541245.377405339,-102.28844160000048,0.7243107769423558,2026-02-17 07:44:00+00:00,surfline_trevone_20260217_0744
-553718.611565839,6541245.377405339,-102.28844160000048,0.7268170426065163,2026-02-17 07:44:00+00:00,surfline_trevone_20260217_0744
-553718.611565839,6541245.377405339,-102.28844160000048,0.7293233082706767,2026-02-17 07:44:00+00:00,surfline_trevone_20260217_0744
-553718.611565839,6541245.377405339,-102.28844160000048,0.731829573934837,2026-02-17 07:44:00+00:00,surfline_trevone_20260217_0744
-553718.611565839,6541245.377405339,-102.28844160000048,0.7343358395989974,2026-02-17 07:44:00+00:00,surfline_trevone_20260217_0744
-553718.611565839,6541245.377405339,-102.28844160000048,0.7368421052631579,2026-02-17 07:44:00+00:00,surfline_trevone_20260217_0744
-553718.611565839,6541245.377405339,-102.28844160000048,0.7393483709273183,2026-02-17 07:44:00+00:00,surfline_trevone_20260217_0744
-553718.611565839,6541245.377405339,-102.28844160000048,0.7418546365914787,2026-02-17 07:44:00+00:00,surfline_trevone_20260217_0744
-553718.611565839,6541245.377405339,-102.28844160000048,0.744360902255639,2026-02-17 07:44:00+00:00,surfline_trevone_20260217_0744
-553718.611565839,6541245.377405339,-102.28844160000048,0.7468671679197995,2026-02-17 07:44:00+00:00,surfline_trevone_20260217_0744
-553718.611565839,6541245.377405339,-102.28844160000048,0.7493734335839599,2026-02-17 07:44:00+00:00,surfline_trevone_20260217_0744
-553718.611565839,6541245.377405339,-102.28844160000048,0.7518796992481203,2026-02-17 07:44:00+00:00,surfline_trevone_20260217_0744
-553718.611565839,6541245.377405339,-102.28844160000048,0.7543859649122806,2026-02-17 07:44:00+00:00,surfline_trevone_20260217_0744
-553718.611565839,6541245.377405339,-102.28844160000048,0.7568922305764411,2026-02-17 07:44:00+00:00,surfline_trevone_20260217_0744
-553718.611565839,6541245.377405339,-102.28844160000048,0.7593984962406015,2026-02-17 07:44:00+00:00,surfline_trevone_20260217_0744
-553718.611565839,6541245.377405339,-102.28844160000048,0.7619047619047619,2026-02-17 07:44:00+00:00,surfline_trevone_20260217_0744
-553718.611565839,6541245.377405339,-102.28844160000048,0.7644110275689222,2026-02-17 07:44:00+00:00,surfline_trevone_20260217_0744
-553718.611565839,6541245.377405339,-102.28844160000048,0.7669172932330827,2026-02-17 07:44:00+00:00,surfline_trevone_20260217_0744
-553718.611565839,6541245.377405339,-102.28844160000048,0.7694235588972431,2026-02-17 07:44:00+00:00,surfline_trevone_20260217_0744
-553718.611565839,6541245.377405339,-102.28844160000048,0.7719298245614035,2026-02-17 07:44:00+00:00,surfline_trevone_20260217_0744
-553718.611565839,6541245.377405339,-102.28844160000048,0.7744360902255638,2026-02-17 07:44:00+00:00,surfline_trevone_20260217_0744
-553718.611565839,6541245.377405339,-102.28844160000048,0.7769423558897243,2026-02-17 07:44:00+00:00,surfline_trevone_20260217_0744
-553718.611565839,6541245.377405339,-102.28844160000048,0.7794486215538847,2026-02-17 07:44:00+00:00,surfline_trevone_20260217_0744
-553718.611565839,6541245.377405339,-102.28844160000048,0.7819548872180451,2026-02-17 07:44:00+00:00,surfline_trevone_20260217_0744
-553718.611565839,6541245.377405339,-102.28844160000048,0.7844611528822054,2026-02-17 07:44:00+00:00,surfline_trevone_20260217_0744
-553718.611565839,6541245.377405339,-102.28844160000048,0.7869674185463659,2026-02-17 07:44:00+00:00,surfline_trevone_20260217_0744
-553718.611565839,6541245.377405339,-102.28844160000048,0.7894736842105263,2026-02-17 07:44:00+00:00,surfline_trevone_20260217_0744
-553718.611565839,6541245.377405339,-102.28844160000048,0.7919799498746867,2026-02-17 07:44:00+00:00,surfline_trevone_20260217_0744
-553718.611565839,6541245.377405339,-102.28844160000048,0.794486215538847,2026-02-17 07:44:00+00:00,surfline_trevone_20260217_0744
-553718.611565839,6541245.377405339,-102.28844160000048,0.7969924812030075,2026-02-17 07:44:00+00:00,surfline_trevone_20260217_0744
-553718.611565839,6541245.377405339,-102.28844160000048,0.7994987468671679,2026-02-17 07:44:00+00:00,surfline_trevone_20260217_0744
-553718.611565839,6541245.377405339,-102.28844160000048,0.8020050125313283,2026-02-17 07:44:00+00:00,surfline_trevone_20260217_0744
-553718.611565839,6541245.377405339,-102.28844160000048,0.8045112781954886,2026-02-17 07:44:00+00:00,surfline_trevone_20260217_0744
-553718.611565839,6541245.377405339,-102.28844160000048,0.8070175438596491,2026-02-17 07:44:00+00:00,surfline_trevone_20260217_0744
-553718.611565839,6541245.377405339,-102.28844160000048,0.8095238095238095,2026-02-17 07:44:00+00:00,surfline_trevone_20260217_0744
-553718.611565839,6541245.377405339,-102.28844160000048,0.8120300751879699,2026-02-17 07:44:00+00:00,surfline_trevone_20260217_0744
-553718.611565839,6541245.377405339,-102.28844160000048,0.8145363408521302,2026-02-17 07:44:00+00:00,surfline_trevone_20260217_0744
-553718.611565839,6541245.377405339,-102.28844160000048,0.8170426065162907,2026-02-17 07:44:00+00:00,surfline_trevone_20260217_0744
-553718.611565839,6541245.377405339,-102.28844160000048,0.8195488721804511,2026-02-17 07:44:00+00:00,surfline_trevone_20260217_0744
-553718.611565839,6541245.377405339,-102.28844160000048,0.8220551378446115,2026-02-17 07:44:00+00:00,surfline_trevone_20260217_0744
-553718.611565839,6541245.377405339,-102.28844160000048,0.8245614035087718,2026-02-17 07:44:00+00:00,surfline_trevone_20260217_0744
-553718.611565839,6541245.377405339,-102.28844160000048,0.8270676691729323,2026-02-17 07:44:00+00:00,surfline_trevone_20260217_0744
-553718.611565839,6541245.377405339,-102.28844160000048,0.8295739348370927,2026-02-17 07:44:00+00:00,surfline_trevone_20260217_0744
-553718.611565839,6541245.377405339,-102.28844160000048,0.8320802005012531,2026-02-17 07:44:00+00:00,surfline_trevone_20260217_0744
-553718.611565839,6541245.377405339,-102.28844160000048,0.8345864661654134,2026-02-17 07:44:00+00:00,surfline_trevone_20260217_0744
-553718.611565839,6541245.377405339,-102.28844160000048,0.8370927318295739,2026-02-17 07:44:00+00:00,surfline_trevone_20260217_0744
-553718.611565839,6541245.377405339,-102.28844160000048,0.8395989974937343,2026-02-17 07:44:00+00:00,surfline_trevone_20260217_0744
-553718.611565839,6541245.377405339,-102.28844160000048,0.8421052631578947,2026-02-17 07:44:00+00:00,surfline_trevone_20260217_0744
-553718.611565839,6541245.377405339,-102.28844160000048,0.844611528822055,2026-02-17 07:44:00+00:00,surfline_trevone_20260217_0744
-553718.611565839,6541245.377405339,-102.28844160000048,0.8471177944862155,2026-02-17 07:44:00+00:00,surfline_trevone_20260217_0744
-553718.611565839,6541245.377405339,-102.28844160000048,0.849624060150376,2026-02-17 07:44:00+00:00,surfline_trevone_20260217_0744
-553718.611565839,6541245.377405339,-102.28844160000048,0.8521303258145363,2026-02-17 07:44:00+00:00,surfline_trevone_20260217_0744
-553718.611565839,6541245.377405339,-102.28844160000048,0.8546365914786966,2026-02-17 07:44:00+00:00,surfline_trevone_20260217_0744
-553718.611565839,6541245.377405339,-102.28844160000048,0.8571428571428571,2026-02-17 07:44:00+00:00,surfline_trevone_20260217_0744
-553718.611565839,6541245.377405339,-102.28844160000048,0.8596491228070176,2026-02-17 07:44:00+00:00,surfline_trevone_20260217_0744
-553718.611565839,6541245.377405339,-102.28844160000048,0.8621553884711779,2026-02-17 07:44:00+00:00,surfline_trevone_20260217_0744
-553718.611565839,6541245.377405339,-102.28844160000048,0.8646616541353382,2026-02-17 07:44:00+00:00,surfline_trevone_20260217_0744
-553718.611565839,6541245.377405339,-102.28844160000048,0.8671679197994987,2026-02-17 07:44:00+00:00,surfline_trevone_20260217_0744
-553718.611565839,6541245.377405339,-102.28844160000048,0.8696741854636592,2026-02-17 07:44:00+00:00,surfline_trevone_20260217_0744
-553718.611565839,6541245.377405339,-102.28844160000048,0.8721804511278195,2026-02-17 07:44:00+00:00,surfline_trevone_20260217_0744
-553718.611565839,6541245.377405339,-102.28844160000048,0.8746867167919798,2026-02-17 07:44:00+00:00,surfline_trevone_20260217_0744
-553718.611565839,6541245.377405339,-102.28844160000048,0.8771929824561403,2026-02-17 07:44:00+00:00,surfline_trevone_20260217_0744
-553718.611565839,6541245.377405339,-102.28844160000048,0.8796992481203008,2026-02-17 07:44:00+00:00,surfline_trevone_20260217_0744
-553718.611565839,6541245.377405339,-102.28844160000048,0.8822055137844611,2026-02-17 07:44:00+00:00,surfline_trevone_20260217_0744
-553718.611565839,6541245.377405339,-102.28844160000048,0.8847117794486214,2026-02-17 07:44:00+00:00,surfline_trevone_20260217_0744
-553718.611565839,6541245.377405339,-102.28844160000048,0.8872180451127819,2026-02-17 07:44:00+00:00,surfline_trevone_20260217_0744
-553718.611565839,6541245.377405339,-102.28844160000048,0.8897243107769424,2026-02-17 07:44:00+00:00,surfline_trevone_20260217_0744
-553718.611565839,6541245.377405339,-102.28844160000048,0.8922305764411027,2026-02-17 07:44:00+00:00,surfline_trevone_20260217_0744
-553718.611565839,6541245.377405339,-102.28844160000048,0.894736842105263,2026-02-17 07:44:00+00:00,surfline_trevone_20260217_0744
-553718.611565839,6541245.377405339,-102.28844160000048,0.8972431077694235,2026-02-17 07:44:00+00:00,surfline_trevone_20260217_0744
-553718.611565839,6541245.377405339,-102.28844160000048,0.899749373433584,2026-02-17 07:44:00+00:00,surfline_trevone_20260217_0744
-553718.611565839,6541245.377405339,-102.28844160000048,0.9022556390977443,2026-02-17 07:44:00+00:00,surfline_trevone_20260217_0744
-553718.611565839,6541245.377405339,-102.28844160000048,0.9047619047619047,2026-02-17 07:44:00+00:00,surfline_trevone_20260217_0744
-553718.611565839,6541245.377405339,-102.28844160000048,0.9072681704260651,2026-02-17 07:44:00+00:00,surfline_trevone_20260217_0744
-553718.611565839,6541245.377405339,-102.28844160000048,0.9097744360902256,2026-02-17 07:44:00+00:00,surfline_trevone_20260217_0744
-553718.611565839,6541245.377405339,-102.28844160000048,0.9122807017543859,2026-02-17 07:44:00+00:00,surfline_trevone_20260217_0744
-553718.611565839,6541245.377405339,-102.28844160000048,0.9147869674185463,2026-02-17 07:44:00+00:00,surfline_trevone_20260217_0744
-553718.611565839,6541245.377405339,-102.28844160000048,0.9172932330827067,2026-02-17 07:44:00+00:00,surfline_trevone_20260217_0744
-553718.611565839,6541245.377405339,-102.28844160000048,0.9197994987468672,2026-02-17 07:44:00+00:00,surfline_trevone_20260217_0744
-553718.611565839,6541245.377405339,-102.28844160000048,0.9223057644110275,2026-02-17 07:44:00+00:00,surfline_trevone_20260217_0744
-553718.611565839,6541245.377405339,-102.28844160000048,0.9248120300751879,2026-02-17 07:44:00+00:00,surfline_trevone_20260217_0744
-553718.611565839,6541245.377405339,-102.28844160000048,0.9273182957393483,2026-02-17 07:44:00+00:00,surfline_trevone_20260217_0744
-553718.611565839,6541245.377405339,-102.28844160000048,0.9298245614035088,2026-02-17 07:44:00+00:00,surfline_trevone_20260217_0744
-553718.611565839,6541245.377405339,-102.28844160000048,0.9323308270676691,2026-02-17 07:44:00+00:00,surfline_trevone_20260217_0744
-553718.611565839,6541245.377405339,-102.28844160000048,0.9348370927318295,2026-02-17 07:44:00+00:00,surfline_trevone_20260217_0744
-553718.611565839,6541245.377405339,-102.28844160000048,0.9373433583959899,2026-02-17 07:44:00+00:00,surfline_trevone_20260217_0744
-553718.611565839,6541245.377405339,-102.28844160000048,0.9398496240601504,2026-02-17 07:44:00+00:00,surfline_trevone_20260217_0744
-553718.611565839,6541245.377405339,-102.28844160000048,0.9423558897243107,2026-02-17 07:44:00+00:00,surfline_trevone_20260217_0744
-553718.611565839,6541245.377405339,-102.28844160000048,0.9448621553884711,2026-02-17 07:44:00+00:00,surfline_trevone_20260217_0744
-553718.611565839,6541245.377405339,-102.28844160000048,0.9473684210526315,2026-02-17 07:44:00+00:00,surfline_trevone_20260217_0744
-553718.611565839,6541245.377405339,-102.28844160000048,0.949874686716792,2026-02-17 07:44:00+00:00,surfline_trevone_20260217_0744
-553718.611565839,6541245.377405339,-102.28844160000048,0.9523809523809523,2026-02-17 07:44:00+00:00,surfline_trevone_20260217_0744
-553718.611565839,6541245.377405339,-102.28844160000048,0.9548872180451127,2026-02-17 07:44:00+00:00,surfline_trevone_20260217_0744
-553718.611565839,6541245.377405339,-102.28844160000048,0.9573934837092731,2026-02-17 07:44:00+00:00,surfline_trevone_20260217_0744
-553718.611565839,6541245.377405339,-102.28844160000048,0.9598997493734336,2026-02-17 07:44:00+00:00,surfline_trevone_20260217_0744
-553718.611565839,6541245.377405339,-102.28844160000048,0.9624060150375939,2026-02-17 07:44:00+00:00,surfline_trevone_20260217_0744
-553718.611565839,6541245.377405339,-102.28844160000048,0.9649122807017543,2026-02-17 07:44:00+00:00,surfline_trevone_20260217_0744
-553718.611565839,6541245.377405339,-102.28844160000048,0.9674185463659147,2026-02-17 07:44:00+00:00,surfline_trevone_20260217_0744
-553718.611565839,6541245.377405339,-102.28844160000048,0.9699248120300752,2026-02-17 07:44:00+00:00,surfline_trevone_20260217_0744
-553718.611565839,6541245.377405339,-102.28844160000048,0.9724310776942355,2026-02-17 07:44:00+00:00,surfline_trevone_20260217_0744
-553718.611565839,6541245.377405339,-102.28844160000048,0.9749373433583959,2026-02-17 07:44:00+00:00,surfline_trevone_20260217_0744
-553718.611565839,6541245.377405339,-102.28844160000048,0.9774436090225563,2026-02-17 07:44:00+00:00,surfline_trevone_20260217_0744
-553718.611565839,6541245.377405339,-102.28844160000048,0.9799498746867168,2026-02-17 07:44:00+00:00,surfline_trevone_20260217_0744
-553718.611565839,6541245.377405339,-102.28844160000048,0.9824561403508771,2026-02-17 07:44:00+00:00,surfline_trevone_20260217_0744
-553718.611565839,6541245.377405339,-102.28844160000048,0.9849624060150375,2026-02-17 07:44:00+00:00,surfline_trevone_20260217_0744
-553718.611565839,6541245.377405339,-102.28844160000048,0.9874686716791979,2026-02-17 07:44:00+00:00,surfline_trevone_20260217_0744
-553718.611565839,6541245.377405339,-102.28844160000048,0.9899749373433584,2026-02-17 07:44:00+00:00,surfline_trevone_20260217_0744
-553718.611565839,6541245.377405339,-102.28844160000048,0.9924812030075187,2026-02-17 07:44:00+00:00,surfline_trevone_20260217_0744
-553718.611565839,6541245.377405339,-102.28844160000048,0.9949874686716791,2026-02-17 07:44:00+00:00,surfline_trevone_20260217_0744
-553718.611565839,6541245.377405339,-102.28844160000048,0.9974937343358395,2026-02-17 07:44:00+00:00,surfline_trevone_20260217_0744
-553718.611565839,6541245.377405339,-102.28844160000048,1.0,2026-02-17 07:44:00+00:00,surfline_trevone_20260217_0744
-553658.3323800236,6541295.682663634,-102.39451200000047,0.0,2026-02-17 08:13:00+00:00,surfline_trevone_20260217_0813
-553658.4351946615,6541295.320168009,-102.39451200000047,0.002506265664160401,2026-02-17 08:13:00+00:00,surfline_trevone_20260217_0813
-553659.1925248612,6541295.148771747,-102.39451200000047,0.005012531328320802,2026-02-17 08:13:00+00:00,surfline_trevone_20260217_0813
-553659.9498548823,6541294.977375306,-102.39451200000047,0.007518796992481203,2026-02-17 08:13:00+00:00,surfline_trevone_20260217_0813
-553657.6218176298,6541293.905141819,-102.39451200000047,0.010025062656641603,2026-02-17 08:13:00+00:00,surfline_trevone_20260217_0813
-553657.8196888529,6541293.570399997,-102.39451200000047,0.012531328320802004,2026-02-17 08:13:00+00:00,surfline_trevone_20260217_0813
-553657.7171506302,6541293.147947257,-102.39451200000047,0.015037593984962405,2026-02-17 08:13:00+00:00,surfline_trevone_20260217_0813
-553657.6146125104,6541292.725494421,-102.39451200000047,0.017543859649122806,2026-02-17 08:13:00+00:00,surfline_trevone_20260217_0813
-553658.337112838,6541292.543928854,-102.39451200000047,0.020050125313283207,2026-02-17 08:13:00+00:00,surfline_trevone_20260217_0813
-553659.0944432144,6541292.372532773,-102.39451200000047,0.022556390977443608,2026-02-17 08:13:00+00:00,surfline_trevone_20260217_0813
-553659.6711885966,6541292.148411016,-102.39451200000047,0.02506265664160401,2026-02-17 08:13:00+00:00,surfline_trevone_20260217_0813
-553659.5686504764,6541291.72595818,-102.39451200000047,0.02756892230576441,2026-02-17 08:13:00+00:00,surfline_trevone_20260217_0813
-553659.4661122544,6541291.303505441,-102.39451200000047,0.03007518796992481,2026-02-17 08:13:00+00:00,surfline_trevone_20260217_0813
-553659.36357393,6541290.8810528,-102.39451200000047,0.03258145363408521,2026-02-17 08:13:00+00:00,surfline_trevone_20260217_0813
-553656.8968448503,6541289.768325348,-102.39451200000047,0.03508771929824561,2026-02-17 08:13:00+00:00,surfline_trevone_20260217_0813
-553656.7943067311,6541289.345872511,-102.39451200000047,0.03759398496240601,2026-02-17 08:13:00+00:00,surfline_trevone_20260217_0813
-553656.6917685091,6541288.923419773,-102.39451200000047,0.040100250626566414,2026-02-17 08:13:00+00:00,surfline_trevone_20260217_0813
-553656.589230184,6541288.500967134,-102.39451200000047,0.042606516290726815,2026-02-17 08:13:00+00:00,surfline_trevone_20260217_0813
-553656.6543126542,6541288.127454743,-102.39451200000047,0.045112781954887216,2026-02-17 08:13:00+00:00,surfline_trevone_20260217_0813
-553657.4116426731,6541287.9560583,-102.39451200000047,0.047619047619047616,2026-02-17 08:13:00+00:00,surfline_trevone_20260217_0813
-553658.168972872,6541287.784662039,-102.39451200000047,0.05012531328320802,2026-02-17 08:13:00+00:00,surfline_trevone_20260217_0813
-553658.5432681504,6541287.501430891,-102.39451200000047,0.05263157894736842,2026-02-17 08:13:00+00:00,surfline_trevone_20260217_0813
-553658.4407299274,6541287.078978152,-102.39451200000047,0.05513784461152882,2026-02-17 08:13:00+00:00,surfline_trevone_20260217_0813
-553658.3381918079,6541286.656525315,-102.39451200000047,0.05764411027568922,2026-02-17 08:13:00+00:00,surfline_trevone_20260217_0813
-553657.3415845339,6541285.973030643,-102.39451200000047,0.06015037593984962,2026-02-17 08:13:00+00:00,surfline_trevone_20260217_0813
-553658.0989147334,6541285.801634381,-102.39451200000047,0.06265664160401002,2026-02-17 08:13:00+00:00,surfline_trevone_20260217_0813
-553658.0305771407,6541285.389167098,-102.39451200000047,0.06516290726817042,2026-02-17 08:13:00+00:00,surfline_trevone_20260217_0813
-553657.9280388744,6541284.966714403,-102.39451200000047,0.06766917293233082,2026-02-17 08:13:00+00:00,surfline_trevone_20260217_0813
-553657.8255005932,6541284.544261721,-102.39451200000047,0.07017543859649122,2026-02-17 08:13:00+00:00,surfline_trevone_20260217_0813
-553657.7229623705,6541284.1218089815,-102.39451200000047,0.07268170426065163,2026-02-17 08:13:00+00:00,surfline_trevone_20260217_0813
-553657.6204242515,6541283.699356144,-102.39451200000047,0.07518796992481203,2026-02-17 08:13:00+00:00,surfline_trevone_20260217_0813
-553657.5178860294,6541283.276903406,-102.39451200000047,0.07769423558897243,2026-02-17 08:13:00+00:00,surfline_trevone_20260217_0813
-553657.4153477038,6541282.854450766,-102.39451200000047,0.08020050125313283,2026-02-17 08:13:00+00:00,surfline_trevone_20260217_0813
-553657.3128094809,6541282.431998027,-102.39451200000047,0.08270676691729323,2026-02-17 08:13:00+00:00,surfline_trevone_20260217_0813
-553657.5871386467,6541282.119579434,-102.39451200000047,0.08521303258145363,2026-02-17 08:13:00+00:00,surfline_trevone_20260217_0813
-553658.3444688455,6541281.948183173,-102.39451200000047,0.08771929824561403,2026-02-17 08:13:00+00:00,surfline_trevone_20260217_0813
-553659.1017992235,6541281.776787094,-102.39451200000047,0.09022556390977443,2026-02-17 08:13:00+00:00,surfline_trevone_20260217_0813
-553659.266847447,6541281.432461785,-102.39451200000047,0.09273182957393483,2026-02-17 08:13:00+00:00,surfline_trevone_20260217_0813
-553659.164309328,6541281.010008948,-102.39451200000047,0.09523809523809523,2026-02-17 08:13:00+00:00,surfline_trevone_20260217_0813
-553659.061771106,6541280.587556209,-102.39451200000047,0.09774436090225563,2026-02-17 08:13:00+00:00,surfline_trevone_20260217_0813
-553658.9592327806,6541280.16510357,-102.39451200000047,0.10025062656641603,2026-02-17 08:13:00+00:00,surfline_trevone_20260217_0813
-553658.8566945578,6541279.74265083,-102.39451200000047,0.10275689223057644,2026-02-17 08:13:00+00:00,surfline_trevone_20260217_0813
-553658.7541564389,6541279.320197993,-102.39451200000047,0.10526315789473684,2026-02-17 08:13:00+00:00,surfline_trevone_20260217_0813
-553658.6516182168,6541278.897745254,-102.39451200000047,0.10776942355889724,2026-02-17 08:13:00+00:00,surfline_trevone_20260217_0813
-553658.5490798912,6541278.475292616,-102.39451200000047,0.11027568922305764,2026-02-17 08:13:00+00:00,surfline_trevone_20260217_0813
-553658.5900233197,6541278.094732329,-102.39451200000047,0.11278195488721804,2026-02-17 08:13:00+00:00,surfline_trevone_20260217_0813
-553659.3473533381,6541277.923335887,-102.39451200000047,0.11528822055137844,2026-02-17 08:13:00+00:00,surfline_trevone_20260217_0813
-553660.1046837163,6541277.751939806,-102.39451200000047,0.11779448621553884,2026-02-17 08:13:00+00:00,surfline_trevone_20260217_0813
-553660.5031178567,6541277.475756372,-102.39451200000047,0.12030075187969924,2026-02-17 08:13:00+00:00,surfline_trevone_20260217_0813
-553660.4005797381,6541277.053303535,-102.39451200000047,0.12280701754385964,2026-02-17 08:13:00+00:00,surfline_trevone_20260217_0813
-553660.2980415158,6541276.630850797,-102.39451200000047,0.12531328320802004,2026-02-17 08:13:00+00:00,surfline_trevone_20260217_0813
-553660.1955031906,6541276.208398158,-102.39451200000047,0.12781954887218044,2026-02-17 08:13:00+00:00,surfline_trevone_20260217_0813
-553660.0929649675,6541275.785945418,-102.39451200000047,0.13032581453634084,2026-02-17 08:13:00+00:00,surfline_trevone_20260217_0813
-553660.4062844864,6541275.484910871,-102.39451200000047,0.13283208020050125,2026-02-17 08:13:00+00:00,surfline_trevone_20260217_0813
-553661.1636147617,6541275.313514687,-102.39451200000047,0.13533834586466165,2026-02-17 08:13:00+00:00,surfline_trevone_20260217_0813
-553661.9209450623,6541275.142118529,-102.39451200000047,0.13784461152882205,2026-02-17 08:13:00+00:00,surfline_trevone_20260217_0813
-553662.0470029339,6541274.786409176,-102.39451200000047,0.14035087719298245,2026-02-17 08:13:00+00:00,surfline_trevone_20260217_0813
-553661.9444648146,6541274.36395634,-102.39451200000047,0.14285714285714285,2026-02-17 08:13:00+00:00,surfline_trevone_20260217_0813
-553661.8419265929,6541273.941503601,-102.39451200000047,0.14536340852130325,2026-02-17 08:13:00+00:00,surfline_trevone_20260217_0813
-553661.7393882677,6541273.519050961,-102.39451200000047,0.14786967418546365,2026-02-17 08:13:00+00:00,surfline_trevone_20260217_0813
-553662.2365576754,6541273.271695343,-102.39451200000047,0.15037593984962405,2026-02-17 08:13:00+00:00,surfline_trevone_20260217_0813
-553662.9938876949,6541273.1002989,-102.39451200000047,0.15288220551378445,2026-02-17 08:13:00+00:00,surfline_trevone_20260217_0813
-553663.7512178937,6541272.928902639,-102.39451200000047,0.15538847117794485,2026-02-17 08:13:00+00:00,surfline_trevone_20260217_0813
-553663.6934262342,6541272.519514719,-102.39451200000047,0.15789473684210525,2026-02-17 08:13:00+00:00,surfline_trevone_20260217_0813
-553663.5908880114,6541272.09706198,-102.39451200000047,0.16040100250626566,2026-02-17 08:13:00+00:00,surfline_trevone_20260217_0813
-553663.4883498917,6541271.674609143,-102.39451200000047,0.16290726817042606,2026-02-17 08:13:00+00:00,surfline_trevone_20260217_0813
-553663.3858116696,6541271.252156405,-102.39451200000047,0.16541353383458646,2026-02-17 08:13:00+00:00,surfline_trevone_20260217_0813
-553663.2832733449,6541270.829703765,-102.39451200000047,0.16791979949874686,2026-02-17 08:13:00+00:00,surfline_trevone_20260217_0813
-553663.1807351218,6541270.407251026,-102.39451200000047,0.17042606516290726,2026-02-17 08:13:00+00:00,surfline_trevone_20260217_0813
-553663.0781970023,6541269.984798188,-102.39451200000047,0.17293233082706766,2026-02-17 08:13:00+00:00,surfline_trevone_20260217_0813
-553663.6391247632,6541269.756058278,-102.39451200000047,0.17543859649122806,2026-02-17 08:13:00+00:00,surfline_trevone_20260217_0813
-553664.3964549627,6541269.584662016,-102.39451200000047,0.17794486215538846,2026-02-17 08:13:00+00:00,surfline_trevone_20260217_0813
-553665.1347731905,6541269.407714685,-102.39451200000047,0.18045112781954886,2026-02-17 08:13:00+00:00,surfline_trevone_20260217_0813
-553665.0322349684,6541268.985261947,-102.39451200000047,0.18295739348370926,2026-02-17 08:13:00+00:00,surfline_trevone_20260217_0813
-553664.929696644,6541268.562809307,-102.39451200000047,0.18546365914786966,2026-02-17 08:13:00+00:00,surfline_trevone_20260217_0813
-553664.827158421,6541268.140356568,-102.39451200000047,0.18796992481203006,2026-02-17 08:13:00+00:00,surfline_trevone_20260217_0813
-553664.7246203016,6541267.71790373,-102.39451200000047,0.19047619047619047,2026-02-17 08:13:00+00:00,surfline_trevone_20260217_0813
-553664.698055731,6541267.31763308,-102.39451200000047,0.19298245614035087,2026-02-17 08:13:00+00:00,surfline_trevone_20260217_0813
-553665.4553861081,6541267.146237,-102.39451200000047,0.19548872180451127,2026-02-17 08:13:00+00:00,surfline_trevone_20260217_0813
-553666.2127163839,6541266.974840814,-102.39451200000047,0.19799498746867167,2026-02-17 08:13:00+00:00,surfline_trevone_20260217_0813
-553666.6786582677,6541266.718367489,-102.39451200000047,0.20050125313283207,2026-02-17 08:13:00+00:00,surfline_trevone_20260217_0813
-553666.5761200457,6541266.295914751,-102.39451200000047,0.20300751879699247,2026-02-17 08:13:00+00:00,surfline_trevone_20260217_0813
-553666.9420231775,6541266.010233341,-102.39451200000047,0.20551378446115287,2026-02-17 08:13:00+00:00,surfline_trevone_20260217_0813
-553667.6993533773,6541265.838837079,-102.39451200000047,0.20802005012531327,2026-02-17 08:13:00+00:00,surfline_trevone_20260217_0813
-553668.4566833985,6541265.667440638,-102.39451200000047,0.21052631578947367,2026-02-17 08:13:00+00:00,surfline_trevone_20260217_0813
-553668.530158012,6541265.296378509,-102.39451200000047,0.21303258145363407,2026-02-17 08:13:00+00:00,surfline_trevone_20260217_0813
-553668.4276196879,6541264.873925868,-102.39451200000047,0.21553884711779447,2026-02-17 08:13:00+00:00,surfline_trevone_20260217_0813
-553668.4146485853,6541264.477624114,-102.39451200000047,0.21804511278195488,2026-02-17 08:13:00+00:00,surfline_trevone_20260217_0813
-553669.1719786065,6541264.306227673,-102.39451200000047,0.22055137844611528,2026-02-17 08:13:00+00:00,surfline_trevone_20260217_0813
-553669.9293088054,6541264.134831412,-102.39451200000047,0.22305764411027568,2026-02-17 08:13:00+00:00,surfline_trevone_20260217_0813
-553670.381657654,6541263.874389627,-102.39451200000047,0.22556390977443608,2026-02-17 08:13:00+00:00,surfline_trevone_20260217_0813
-553670.2791194317,6541263.451936888,-102.39451200000047,0.22807017543859648,2026-02-17 08:13:00+00:00,surfline_trevone_20260217_0813
-553670.1765813109,6541263.029484051,-102.39451200000047,0.23057644110275688,2026-02-17 08:13:00+00:00,surfline_trevone_20260217_0813
-553670.0740429873,6541262.607031411,-102.39451200000047,0.23308270676691728,2026-02-17 08:13:00+00:00,surfline_trevone_20260217_0813
-553669.9715047644,6541262.184578671,-102.39451200000047,0.23558897243107768,2026-02-17 08:13:00+00:00,surfline_trevone_20260217_0813
-553670.2309097548,6541261.867802658,-102.39451200000047,0.23809523809523808,2026-02-17 08:13:00+00:00,surfline_trevone_20260217_0813
-553670.9882399533,6541261.696406397,-102.39451200000047,0.24060150375939848,2026-02-17 08:13:00+00:00,surfline_trevone_20260217_0813
-553671.7455703282,6541261.525010314,-102.39451200000047,0.24310776942355888,2026-02-17 08:13:00+00:00,surfline_trevone_20260217_0813
-553671.925542731,6541261.18504243,-102.39451200000047,0.24561403508771928,2026-02-17 08:13:00+00:00,surfline_trevone_20260217_0813
-553671.8230046103,6541260.762589594,-102.39451200000047,0.24812030075187969,2026-02-17 08:13:00+00:00,surfline_trevone_20260217_0813
-553671.720466388,6541260.340136856,-102.39451200000047,0.2506265664160401,2026-02-17 08:13:00+00:00,surfline_trevone_20260217_0813
-553672.4608655348,6541260.163797348,-102.39451200000047,0.2531328320802005,2026-02-17 08:13:00+00:00,surfline_trevone_20260217_0813
-553673.2181957343,6541259.992401086,-102.39451200000047,0.2556390977443609,2026-02-17 08:13:00+00:00,surfline_trevone_20260217_0813
-553673.7770425763,6541259.763053353,-102.39451200000047,0.2581453634085213,2026-02-17 08:13:00+00:00,surfline_trevone_20260217_0813
-553673.6745043541,6541259.340600614,-102.39451200000047,0.2606516290726817,2026-02-17 08:13:00+00:00,surfline_trevone_20260217_0813
-553673.5719660313,6541258.918147973,-102.39451200000047,0.2631578947368421,2026-02-17 08:13:00+00:00,surfline_trevone_20260217_0813
-553673.4694277652,6541258.495695274,-102.39451200000047,0.2656641604010025,2026-02-17 08:13:00+00:00,surfline_trevone_20260217_0813
-553673.9194791019,6541258.234582376,-102.39451200000047,0.2681704260651629,2026-02-17 08:13:00+00:00,surfline_trevone_20260217_0813
-553674.6768093007,6541258.063186115,-102.39451200000047,0.2706766917293233,2026-02-17 08:13:00+00:00,surfline_trevone_20260217_0813
-553675.434139674,6541257.89179003,-102.39451200000047,0.2731829573934837,2026-02-17 08:13:00+00:00,surfline_trevone_20260217_0813
-553675.423465775,6541257.496158991,-102.39451200000047,0.2756892230576441,2026-02-17 08:13:00+00:00,surfline_trevone_20260217_0813
-553675.3209276533,6541257.073706157,-102.39451200000047,0.2781954887218045,2026-02-17 08:13:00+00:00,surfline_trevone_20260217_0813
-553675.3921045089,6541256.70197315,-102.39451200000047,0.2807017543859649,2026-02-17 08:13:00+00:00,surfline_trevone_20260217_0813
-553676.1494348821,6541256.530577065,-102.39451200000047,0.2832080200501253,2026-02-17 08:13:00+00:00,surfline_trevone_20260217_0813
-553676.9067650818,6541256.3591808025,-102.39451200000047,0.2857142857142857,2026-02-17 08:13:00+00:00,surfline_trevone_20260217_0813
-553677.2749656196,6541256.074169915,-102.39451200000047,0.2882205513784461,2026-02-17 08:13:00+00:00,surfline_trevone_20260217_0813
-553677.1724273976,6541255.651717177,-102.39451200000047,0.2907268170426065,2026-02-17 08:13:00+00:00,surfline_trevone_20260217_0813
-553677.6360719518,6541255.394573406,-102.39451200000047,0.2932330827067669,2026-02-17 08:13:00+00:00,surfline_trevone_20260217_0813
-553678.3934021515,6541255.223177144,-102.39451200000047,0.2957393483709273,2026-02-17 08:13:00+00:00,surfline_trevone_20260217_0813
-553679.1507321764,6541255.051780707,-102.39451200000047,0.2982456140350877,2026-02-17 08:13:00+00:00,surfline_trevone_20260217_0813
-553679.1264652642,6541254.652181031,-102.39451200000047,0.3007518796992481,2026-02-17 08:13:00+00:00,surfline_trevone_20260217_0813
-553679.0239270414,6541254.229728292,-102.39451200000047,0.3032581453634085,2026-02-17 08:13:00+00:00,surfline_trevone_20260217_0813
-553679.1086971846,6541253.861964003,-102.39451200000047,0.3057644110275689,2026-02-17 08:13:00+00:00,surfline_trevone_20260217_0813
-553679.8660273831,6541253.690567742,-102.39451200000047,0.3082706766917293,2026-02-17 08:13:00+00:00,surfline_trevone_20260217_0813
-553680.6233577549,6541253.519171655,-102.39451200000047,0.3107769423558897,2026-02-17 08:13:00+00:00,surfline_trevone_20260217_0813
-553680.977965008,6541253.230192049,-102.39451200000047,0.3132832080200501,2026-02-17 08:13:00+00:00,surfline_trevone_20260217_0813
-553680.8754268852,6541252.807739216,-102.39451200000047,0.3157894736842105,2026-02-17 08:13:00+00:00,surfline_trevone_20260217_0813
-553680.772888663,6541252.385286477,-102.39451200000047,0.3182957393483709,2026-02-17 08:13:00+00:00,surfline_trevone_20260217_0813
-553680.6703503414,6541251.962833835,-102.39451200000047,0.3208020050125313,2026-02-17 08:13:00+00:00,surfline_trevone_20260217_0813
-553680.5678121186,6541251.540381095,-102.39451200000047,0.3233082706766917,2026-02-17 08:13:00+00:00,surfline_trevone_20260217_0813
-553681.3106294632,6541251.36474738,-102.39451200000047,0.3258145363408521,2026-02-17 08:13:00+00:00,surfline_trevone_20260217_0813
-553682.0679596617,6541251.193351119,-102.39451200000047,0.3283208020050125,2026-02-17 08:13:00+00:00,surfline_trevone_20260217_0813
-553682.6243883081,6541250.9632975925,-102.39451200000047,0.3308270676691729,2026-02-17 08:13:00+00:00,surfline_trevone_20260217_0813
-553682.5218500427,6541250.540844894,-102.39451200000047,0.3333333333333333,2026-02-17 08:13:00+00:00,surfline_trevone_20260217_0813
-553682.4193119619,6541250.11839202,-102.39451200000047,0.3358395989974937,2026-02-17 08:13:00+00:00,surfline_trevone_20260217_0813
-553682.31677374,6541249.695939282,-102.39451200000047,0.3383458646616541,2026-02-17 08:13:00+00:00,surfline_trevone_20260217_0813
-553682.3835724457,6541249.322928106,-102.39451200000047,0.3408521303258145,2026-02-17 08:13:00+00:00,surfline_trevone_20260217_0813
-553683.1409026454,6541249.151531844,-102.39451200000047,0.3433583959899749,2026-02-17 08:13:00+00:00,surfline_trevone_20260217_0813
-553683.8982326717,6541248.980135409,-102.39451200000047,0.3458646616541353,2026-02-17 08:13:00+00:00,surfline_trevone_20260217_0813
-553684.2708117062,6541248.696403041,-102.39451200000047,0.3483709273182957,2026-02-17 08:13:00+00:00,surfline_trevone_20260217_0813
-553684.168273385,6541248.273950396,-102.39451200000047,0.3508771929824561,2026-02-17 08:13:00+00:00,surfline_trevone_20260217_0813
-553684.0657351627,6541247.851497657,-102.39451200000047,0.3533834586466165,2026-02-17 08:13:00+00:00,surfline_trevone_20260217_0813
-553684.227856948,6541247.506317792,-102.39451200000047,0.3558897243107769,2026-02-17 08:13:00+00:00,surfline_trevone_20260217_0813
-553684.9851873185,6541247.334921704,-102.39451200000047,0.3583959899749373,2026-02-17 08:13:00+00:00,surfline_trevone_20260217_0813
-553685.742517518,6541247.163525442,-102.39451200000047,0.3609022556390977,2026-02-17 08:13:00+00:00,surfline_trevone_20260217_0813
-553686.0197732275,6541246.851961321,-102.39451200000047,0.3634085213032581,2026-02-17 08:13:00+00:00,surfline_trevone_20260217_0813
-553685.9172350054,6541246.429508583,-102.39451200000047,0.3659147869674185,2026-02-17 08:13:00+00:00,surfline_trevone_20260217_0813
-553685.814696685,6541246.007055938,-102.39451200000047,0.3684210526315789,2026-02-17 08:13:00+00:00,surfline_trevone_20260217_0813
-553685.7121584619,6541245.584603199,-102.39451200000047,0.37092731829573933,2026-02-17 08:13:00+00:00,surfline_trevone_20260217_0813
-553686.4438008902,6541245.405706735,-102.39451200000047,0.37343358395989973,2026-02-17 08:13:00+00:00,surfline_trevone_20260217_0813
-553687.2011310888,6541245.234310474,-102.39451200000047,0.37593984962406013,2026-02-17 08:13:00+00:00,surfline_trevone_20260217_0813
-553687.7687346516,6541245.007519697,-102.39451200000047,0.37844611528822053,2026-02-17 08:13:00+00:00,surfline_trevone_20260217_0813
-553687.6661964286,6541244.585066957,-102.39451200000047,0.38095238095238093,2026-02-17 08:13:00+00:00,surfline_trevone_20260217_0813
-553687.5636583046,6541244.162614125,-102.39451200000047,0.38345864661654133,2026-02-17 08:13:00+00:00,surfline_trevone_20260217_0813
-553687.4611200825,6541243.740161386,-102.39451200000047,0.38596491228070173,2026-02-17 08:13:00+00:00,surfline_trevone_20260217_0813
-553687.5167438714,6541243.363887461,-102.39451200000047,0.38847117794486213,2026-02-17 08:13:00+00:00,surfline_trevone_20260217_0813
-553688.2740740709,6541243.192491199,-102.39451200000047,0.39097744360902253,2026-02-17 08:13:00+00:00,surfline_trevone_20260217_0813
-553689.0314040991,6541243.0210947655,-102.39451200000047,0.39348370927318294,2026-02-17 08:13:00+00:00,surfline_trevone_20260217_0813
-553689.4151580483,6541242.740625145,-102.39451200000047,0.39598997493734334,2026-02-17 08:13:00+00:00,surfline_trevone_20260217_0813
-553684.7706479582,6541240.992049336,-102.39451200000047,0.39849624060150374,2026-02-17 08:13:00+00:00,surfline_trevone_20260217_0813
-553684.7706479582,6541240.992049336,-102.39451200000047,0.40100250626566414,2026-02-17 08:13:00+00:00,surfline_trevone_20260217_0813
-553684.7706479582,6541240.992049336,-102.39451200000047,0.40350877192982454,2026-02-17 08:13:00+00:00,surfline_trevone_20260217_0813
-553684.7706479582,6541240.992049336,-102.39451200000047,0.40601503759398494,2026-02-17 08:13:00+00:00,surfline_trevone_20260217_0813
-553684.7706479582,6541240.992049336,-102.39451200000047,0.40852130325814534,2026-02-17 08:13:00+00:00,surfline_trevone_20260217_0813
-553684.7706479582,6541240.992049336,-102.39451200000047,0.41102756892230574,2026-02-17 08:13:00+00:00,surfline_trevone_20260217_0813
-553684.7706479582,6541240.992049336,-102.39451200000047,0.41353383458646614,2026-02-17 08:13:00+00:00,surfline_trevone_20260217_0813
-553684.7706479582,6541240.992049336,-102.39451200000047,0.41604010025062654,2026-02-17 08:13:00+00:00,surfline_trevone_20260217_0813
-553684.7706479582,6541240.992049336,-102.39451200000047,0.41854636591478694,2026-02-17 08:13:00+00:00,surfline_trevone_20260217_0813
-553684.7706479582,6541240.992049336,-102.39451200000047,0.42105263157894735,2026-02-17 08:13:00+00:00,surfline_trevone_20260217_0813
-553684.7706479582,6541240.992049336,-102.39451200000047,0.42355889724310775,2026-02-17 08:13:00+00:00,surfline_trevone_20260217_0813
-553684.7706479582,6541240.992049336,-102.39451200000047,0.42606516290726815,2026-02-17 08:13:00+00:00,surfline_trevone_20260217_0813
-553684.7706479582,6541240.992049336,-102.39451200000047,0.42857142857142855,2026-02-17 08:13:00+00:00,surfline_trevone_20260217_0813
-553684.7706479582,6541240.992049336,-102.39451200000047,0.43107769423558895,2026-02-17 08:13:00+00:00,surfline_trevone_20260217_0813
-553684.7706479582,6541240.992049336,-102.39451200000047,0.43358395989974935,2026-02-17 08:13:00+00:00,surfline_trevone_20260217_0813
-553684.7706479582,6541240.992049336,-102.39451200000047,0.43609022556390975,2026-02-17 08:13:00+00:00,surfline_trevone_20260217_0813
-553684.7706479582,6541240.992049336,-102.39451200000047,0.43859649122807015,2026-02-17 08:13:00+00:00,surfline_trevone_20260217_0813
-553684.7706479582,6541240.992049336,-102.39451200000047,0.44110275689223055,2026-02-17 08:13:00+00:00,surfline_trevone_20260217_0813
-553684.7706479582,6541240.992049336,-102.39451200000047,0.44360902255639095,2026-02-17 08:13:00+00:00,surfline_trevone_20260217_0813
-553684.7706479582,6541240.992049336,-102.39451200000047,0.44611528822055135,2026-02-17 08:13:00+00:00,surfline_trevone_20260217_0813
-553684.7706479582,6541240.992049336,-102.39451200000047,0.44862155388471175,2026-02-17 08:13:00+00:00,surfline_trevone_20260217_0813
-553684.7706479582,6541240.992049336,-102.39451200000047,0.45112781954887216,2026-02-17 08:13:00+00:00,surfline_trevone_20260217_0813
-553684.7706479582,6541240.992049336,-102.39451200000047,0.45363408521303256,2026-02-17 08:13:00+00:00,surfline_trevone_20260217_0813
-553684.7706479582,6541240.992049336,-102.39451200000047,0.45614035087719296,2026-02-17 08:13:00+00:00,surfline_trevone_20260217_0813
-553684.7706479582,6541240.992049336,-102.39451200000047,0.45864661654135336,2026-02-17 08:13:00+00:00,surfline_trevone_20260217_0813
-553684.7706479582,6541240.992049336,-102.39451200000047,0.46115288220551376,2026-02-17 08:13:00+00:00,surfline_trevone_20260217_0813
-553684.7706479582,6541240.992049336,-102.39451200000047,0.46365914786967416,2026-02-17 08:13:00+00:00,surfline_trevone_20260217_0813
-553684.7706479582,6541240.992049336,-102.39451200000047,0.46616541353383456,2026-02-17 08:13:00+00:00,surfline_trevone_20260217_0813
-553684.7706479582,6541240.992049336,-102.39451200000047,0.46867167919799496,2026-02-17 08:13:00+00:00,surfline_trevone_20260217_0813
-553684.7706479582,6541240.992049336,-102.39451200000047,0.47117794486215536,2026-02-17 08:13:00+00:00,surfline_trevone_20260217_0813
-553684.7706479582,6541240.992049336,-102.39451200000047,0.47368421052631576,2026-02-17 08:13:00+00:00,surfline_trevone_20260217_0813
-553684.7706479582,6541240.992049336,-102.39451200000047,0.47619047619047616,2026-02-17 08:13:00+00:00,surfline_trevone_20260217_0813
-553684.7706479582,6541240.992049336,-102.39451200000047,0.47869674185463656,2026-02-17 08:13:00+00:00,surfline_trevone_20260217_0813
-553684.7706479582,6541240.992049336,-102.39451200000047,0.48120300751879697,2026-02-17 08:13:00+00:00,surfline_trevone_20260217_0813
-553684.7706479582,6541240.992049336,-102.39451200000047,0.48370927318295737,2026-02-17 08:13:00+00:00,surfline_trevone_20260217_0813
-553684.7706479582,6541240.992049336,-102.39451200000047,0.48621553884711777,2026-02-17 08:13:00+00:00,surfline_trevone_20260217_0813
-553684.7706479582,6541240.992049336,-102.39451200000047,0.48872180451127817,2026-02-17 08:13:00+00:00,surfline_trevone_20260217_0813
-553684.7706479582,6541240.992049336,-102.39451200000047,0.49122807017543857,2026-02-17 08:13:00+00:00,surfline_trevone_20260217_0813
-553684.7706479582,6541240.992049336,-102.39451200000047,0.49373433583959897,2026-02-17 08:13:00+00:00,surfline_trevone_20260217_0813
-553684.7706479582,6541240.992049336,-102.39451200000047,0.49624060150375937,2026-02-17 08:13:00+00:00,surfline_trevone_20260217_0813
-553684.7706479582,6541240.992049336,-102.39451200000047,0.49874686716791977,2026-02-17 08:13:00+00:00,surfline_trevone_20260217_0813
-553684.7706479582,6541240.992049336,-102.39451200000047,0.5012531328320802,2026-02-17 08:13:00+00:00,surfline_trevone_20260217_0813
-553684.7706479582,6541240.992049336,-102.39451200000047,0.5037593984962405,2026-02-17 08:13:00+00:00,surfline_trevone_20260217_0813
-553684.7706479582,6541240.992049336,-102.39451200000047,0.506265664160401,2026-02-17 08:13:00+00:00,surfline_trevone_20260217_0813
-553684.7706479582,6541240.992049336,-102.39451200000047,0.5087719298245614,2026-02-17 08:13:00+00:00,surfline_trevone_20260217_0813
-553684.7706479582,6541240.992049336,-102.39451200000047,0.5112781954887218,2026-02-17 08:13:00+00:00,surfline_trevone_20260217_0813
-553684.7706479582,6541240.992049336,-102.39451200000047,0.5137844611528821,2026-02-17 08:13:00+00:00,surfline_trevone_20260217_0813
-553684.7706479582,6541240.992049336,-102.39451200000047,0.5162907268170426,2026-02-17 08:13:00+00:00,surfline_trevone_20260217_0813
-553684.7706479582,6541240.992049336,-102.39451200000047,0.518796992481203,2026-02-17 08:13:00+00:00,surfline_trevone_20260217_0813
-553684.7706479582,6541240.992049336,-102.39451200000047,0.5213032581453634,2026-02-17 08:13:00+00:00,surfline_trevone_20260217_0813
-553684.7706479582,6541240.992049336,-102.39451200000047,0.5238095238095237,2026-02-17 08:13:00+00:00,surfline_trevone_20260217_0813
-553684.7706479582,6541240.992049336,-102.39451200000047,0.5263157894736842,2026-02-17 08:13:00+00:00,surfline_trevone_20260217_0813
-553684.7706479582,6541240.992049336,-102.39451200000047,0.5288220551378446,2026-02-17 08:13:00+00:00,surfline_trevone_20260217_0813
-553684.7706479582,6541240.992049336,-102.39451200000047,0.531328320802005,2026-02-17 08:13:00+00:00,surfline_trevone_20260217_0813
-553684.7706479582,6541240.992049336,-102.39451200000047,0.5338345864661653,2026-02-17 08:13:00+00:00,surfline_trevone_20260217_0813
-553684.7706479582,6541240.992049336,-102.39451200000047,0.5363408521303258,2026-02-17 08:13:00+00:00,surfline_trevone_20260217_0813
-553684.7706479582,6541240.992049336,-102.39451200000047,0.5388471177944862,2026-02-17 08:13:00+00:00,surfline_trevone_20260217_0813
-553684.7706479582,6541240.992049336,-102.39451200000047,0.5413533834586466,2026-02-17 08:13:00+00:00,surfline_trevone_20260217_0813
-553684.7706479582,6541240.992049336,-102.39451200000047,0.5438596491228069,2026-02-17 08:13:00+00:00,surfline_trevone_20260217_0813
-553684.7706479582,6541240.992049336,-102.39451200000047,0.5463659147869674,2026-02-17 08:13:00+00:00,surfline_trevone_20260217_0813
-553684.7706479582,6541240.992049336,-102.39451200000047,0.5488721804511278,2026-02-17 08:13:00+00:00,surfline_trevone_20260217_0813
-553684.7706479582,6541240.992049336,-102.39451200000047,0.5513784461152882,2026-02-17 08:13:00+00:00,surfline_trevone_20260217_0813
-553684.7706479582,6541240.992049336,-102.39451200000047,0.5538847117794485,2026-02-17 08:13:00+00:00,surfline_trevone_20260217_0813
-553684.7706479582,6541240.992049336,-102.39451200000047,0.556390977443609,2026-02-17 08:13:00+00:00,surfline_trevone_20260217_0813
-553684.7706479582,6541240.992049336,-102.39451200000047,0.5588972431077694,2026-02-17 08:13:00+00:00,surfline_trevone_20260217_0813
-553684.7706479582,6541240.992049336,-102.39451200000047,0.5614035087719298,2026-02-17 08:13:00+00:00,surfline_trevone_20260217_0813
-553684.7706479582,6541240.992049336,-102.39451200000047,0.5639097744360901,2026-02-17 08:13:00+00:00,surfline_trevone_20260217_0813
-553684.7706479582,6541240.992049336,-102.39451200000047,0.5664160401002506,2026-02-17 08:13:00+00:00,surfline_trevone_20260217_0813
-553684.7706479582,6541240.992049336,-102.39451200000047,0.568922305764411,2026-02-17 08:13:00+00:00,surfline_trevone_20260217_0813
-553684.7706479582,6541240.992049336,-102.39451200000047,0.5714285714285714,2026-02-17 08:13:00+00:00,surfline_trevone_20260217_0813
-553684.7706479582,6541240.992049336,-102.39451200000047,0.5739348370927317,2026-02-17 08:13:00+00:00,surfline_trevone_20260217_0813
-553684.7706479582,6541240.992049336,-102.39451200000047,0.5764411027568922,2026-02-17 08:13:00+00:00,surfline_trevone_20260217_0813
-553684.7706479582,6541240.992049336,-102.39451200000047,0.5789473684210527,2026-02-17 08:13:00+00:00,surfline_trevone_20260217_0813
-553684.7706479582,6541240.992049336,-102.39451200000047,0.581453634085213,2026-02-17 08:13:00+00:00,surfline_trevone_20260217_0813
-553684.7706479582,6541240.992049336,-102.39451200000047,0.5839598997493733,2026-02-17 08:13:00+00:00,surfline_trevone_20260217_0813
-553684.7706479582,6541240.992049336,-102.39451200000047,0.5864661654135338,2026-02-17 08:13:00+00:00,surfline_trevone_20260217_0813
-553684.7706479582,6541240.992049336,-102.39451200000047,0.5889724310776943,2026-02-17 08:13:00+00:00,surfline_trevone_20260217_0813
-553684.7706479582,6541240.992049336,-102.39451200000047,0.5914786967418546,2026-02-17 08:13:00+00:00,surfline_trevone_20260217_0813
-553684.7706479582,6541240.992049336,-102.39451200000047,0.593984962406015,2026-02-17 08:13:00+00:00,surfline_trevone_20260217_0813
-553684.7706479582,6541240.992049336,-102.39451200000047,0.5964912280701754,2026-02-17 08:13:00+00:00,surfline_trevone_20260217_0813
-553684.7706479582,6541240.992049336,-102.39451200000047,0.5989974937343359,2026-02-17 08:13:00+00:00,surfline_trevone_20260217_0813
-553684.7706479582,6541240.992049336,-102.39451200000047,0.6015037593984962,2026-02-17 08:13:00+00:00,surfline_trevone_20260217_0813
-553684.7706479582,6541240.992049336,-102.39451200000047,0.6040100250626566,2026-02-17 08:13:00+00:00,surfline_trevone_20260217_0813
-553684.7706479582,6541240.992049336,-102.39451200000047,0.606516290726817,2026-02-17 08:13:00+00:00,surfline_trevone_20260217_0813
-553684.7706479582,6541240.992049336,-102.39451200000047,0.6090225563909775,2026-02-17 08:13:00+00:00,surfline_trevone_20260217_0813
-553684.7706479582,6541240.992049336,-102.39451200000047,0.6115288220551378,2026-02-17 08:13:00+00:00,surfline_trevone_20260217_0813
-553684.7706479582,6541240.992049336,-102.39451200000047,0.6140350877192982,2026-02-17 08:13:00+00:00,surfline_trevone_20260217_0813
-553684.7706479582,6541240.992049336,-102.39451200000047,0.6165413533834586,2026-02-17 08:13:00+00:00,surfline_trevone_20260217_0813
-553684.7706479582,6541240.992049336,-102.39451200000047,0.6190476190476191,2026-02-17 08:13:00+00:00,surfline_trevone_20260217_0813
-553684.7706479582,6541240.992049336,-102.39451200000047,0.6215538847117794,2026-02-17 08:13:00+00:00,surfline_trevone_20260217_0813
-553684.7706479582,6541240.992049336,-102.39451200000047,0.6240601503759398,2026-02-17 08:13:00+00:00,surfline_trevone_20260217_0813
-553684.7706479582,6541240.992049336,-102.39451200000047,0.6265664160401002,2026-02-17 08:13:00+00:00,surfline_trevone_20260217_0813
-553684.7706479582,6541240.992049336,-102.39451200000047,0.6290726817042607,2026-02-17 08:13:00+00:00,surfline_trevone_20260217_0813
-553684.7706479582,6541240.992049336,-102.39451200000047,0.631578947368421,2026-02-17 08:13:00+00:00,surfline_trevone_20260217_0813
-553684.7706479582,6541240.992049336,-102.39451200000047,0.6340852130325814,2026-02-17 08:13:00+00:00,surfline_trevone_20260217_0813
-553684.7706479582,6541240.992049336,-102.39451200000047,0.6365914786967418,2026-02-17 08:13:00+00:00,surfline_trevone_20260217_0813
-553684.7706479582,6541240.992049336,-102.39451200000047,0.6390977443609023,2026-02-17 08:13:00+00:00,surfline_trevone_20260217_0813
-553684.7706479582,6541240.992049336,-102.39451200000047,0.6416040100250626,2026-02-17 08:13:00+00:00,surfline_trevone_20260217_0813
-553684.7706479582,6541240.992049336,-102.39451200000047,0.644110275689223,2026-02-17 08:13:00+00:00,surfline_trevone_20260217_0813
-553684.7706479582,6541240.992049336,-102.39451200000047,0.6466165413533834,2026-02-17 08:13:00+00:00,surfline_trevone_20260217_0813
-553684.7706479582,6541240.992049336,-102.39451200000047,0.6491228070175439,2026-02-17 08:13:00+00:00,surfline_trevone_20260217_0813
-553684.7706479582,6541240.992049336,-102.39451200000047,0.6516290726817042,2026-02-17 08:13:00+00:00,surfline_trevone_20260217_0813
-553684.7706479582,6541240.992049336,-102.39451200000047,0.6541353383458646,2026-02-17 08:13:00+00:00,surfline_trevone_20260217_0813
-553684.7706479582,6541240.992049336,-102.39451200000047,0.656641604010025,2026-02-17 08:13:00+00:00,surfline_trevone_20260217_0813
-553684.7706479582,6541240.992049336,-102.39451200000047,0.6591478696741855,2026-02-17 08:13:00+00:00,surfline_trevone_20260217_0813
-553684.7706479582,6541240.992049336,-102.39451200000047,0.6616541353383458,2026-02-17 08:13:00+00:00,surfline_trevone_20260217_0813
-553684.7706479582,6541240.992049336,-102.39451200000047,0.6641604010025062,2026-02-17 08:13:00+00:00,surfline_trevone_20260217_0813
-553684.7706479582,6541240.992049336,-102.39451200000047,0.6666666666666666,2026-02-17 08:13:00+00:00,surfline_trevone_20260217_0813
-553684.7706479582,6541240.992049336,-102.39451200000047,0.6691729323308271,2026-02-17 08:13:00+00:00,surfline_trevone_20260217_0813
-553684.7706479582,6541240.992049336,-102.39451200000047,0.6716791979949874,2026-02-17 08:13:00+00:00,surfline_trevone_20260217_0813
-553684.7706479582,6541240.992049336,-102.39451200000047,0.6741854636591478,2026-02-17 08:13:00+00:00,surfline_trevone_20260217_0813
-553684.7706479582,6541240.992049336,-102.39451200000047,0.6766917293233082,2026-02-17 08:13:00+00:00,surfline_trevone_20260217_0813
-553684.7706479582,6541240.992049336,-102.39451200000047,0.6791979949874687,2026-02-17 08:13:00+00:00,surfline_trevone_20260217_0813
-553684.7706479582,6541240.992049336,-102.39451200000047,0.681704260651629,2026-02-17 08:13:00+00:00,surfline_trevone_20260217_0813
-553684.7706479582,6541240.992049336,-102.39451200000047,0.6842105263157894,2026-02-17 08:13:00+00:00,surfline_trevone_20260217_0813
-553684.7706479582,6541240.992049336,-102.39451200000047,0.6867167919799498,2026-02-17 08:13:00+00:00,surfline_trevone_20260217_0813
-553684.7706479582,6541240.992049336,-102.39451200000047,0.6892230576441103,2026-02-17 08:13:00+00:00,surfline_trevone_20260217_0813
-553684.7706479582,6541240.992049336,-102.39451200000047,0.6917293233082706,2026-02-17 08:13:00+00:00,surfline_trevone_20260217_0813
-553684.7706479582,6541240.992049336,-102.39451200000047,0.694235588972431,2026-02-17 08:13:00+00:00,surfline_trevone_20260217_0813
-553684.7706479582,6541240.992049336,-102.39451200000047,0.6967418546365914,2026-02-17 08:13:00+00:00,surfline_trevone_20260217_0813
-553684.7706479582,6541240.992049336,-102.39451200000047,0.6992481203007519,2026-02-17 08:13:00+00:00,surfline_trevone_20260217_0813
-553684.7706479582,6541240.992049336,-102.39451200000047,0.7017543859649122,2026-02-17 08:13:00+00:00,surfline_trevone_20260217_0813
-553684.7706479582,6541240.992049336,-102.39451200000047,0.7042606516290726,2026-02-17 08:13:00+00:00,surfline_trevone_20260217_0813
-553684.7706479582,6541240.992049336,-102.39451200000047,0.706766917293233,2026-02-17 08:13:00+00:00,surfline_trevone_20260217_0813
-553684.7706479582,6541240.992049336,-102.39451200000047,0.7092731829573935,2026-02-17 08:13:00+00:00,surfline_trevone_20260217_0813
-553684.7706479582,6541240.992049336,-102.39451200000047,0.7117794486215538,2026-02-17 08:13:00+00:00,surfline_trevone_20260217_0813
-553684.7706479582,6541240.992049336,-102.39451200000047,0.7142857142857142,2026-02-17 08:13:00+00:00,surfline_trevone_20260217_0813
-553684.7706479582,6541240.992049336,-102.39451200000047,0.7167919799498746,2026-02-17 08:13:00+00:00,surfline_trevone_20260217_0813
-553684.7706479582,6541240.992049336,-102.39451200000047,0.7192982456140351,2026-02-17 08:13:00+00:00,surfline_trevone_20260217_0813
-553684.7706479582,6541240.992049336,-102.39451200000047,0.7218045112781954,2026-02-17 08:13:00+00:00,surfline_trevone_20260217_0813
-553684.7706479582,6541240.992049336,-102.39451200000047,0.7243107769423558,2026-02-17 08:13:00+00:00,surfline_trevone_20260217_0813
-553684.7706479582,6541240.992049336,-102.39451200000047,0.7268170426065163,2026-02-17 08:13:00+00:00,surfline_trevone_20260217_0813
-553684.7706479582,6541240.992049336,-102.39451200000047,0.7293233082706767,2026-02-17 08:13:00+00:00,surfline_trevone_20260217_0813
-553684.7706479582,6541240.992049336,-102.39451200000047,0.731829573934837,2026-02-17 08:13:00+00:00,surfline_trevone_20260217_0813
-553684.7706479582,6541240.992049336,-102.39451200000047,0.7343358395989974,2026-02-17 08:13:00+00:00,surfline_trevone_20260217_0813
-553684.7706479582,6541240.992049336,-102.39451200000047,0.7368421052631579,2026-02-17 08:13:00+00:00,surfline_trevone_20260217_0813
-553684.7706479582,6541240.992049336,-102.39451200000047,0.7393483709273183,2026-02-17 08:13:00+00:00,surfline_trevone_20260217_0813
-553684.7706479582,6541240.992049336,-102.39451200000047,0.7418546365914787,2026-02-17 08:13:00+00:00,surfline_trevone_20260217_0813
-553684.7706479582,6541240.992049336,-102.39451200000047,0.744360902255639,2026-02-17 08:13:00+00:00,surfline_trevone_20260217_0813
-553684.7706479582,6541240.992049336,-102.39451200000047,0.7468671679197995,2026-02-17 08:13:00+00:00,surfline_trevone_20260217_0813
-553684.7706479582,6541240.992049336,-102.39451200000047,0.7493734335839599,2026-02-17 08:13:00+00:00,surfline_trevone_20260217_0813
-553684.7706479582,6541240.992049336,-102.39451200000047,0.7518796992481203,2026-02-17 08:13:00+00:00,surfline_trevone_20260217_0813
-553684.7706479582,6541240.992049336,-102.39451200000047,0.7543859649122806,2026-02-17 08:13:00+00:00,surfline_trevone_20260217_0813
-553684.7706479582,6541240.992049336,-102.39451200000047,0.7568922305764411,2026-02-17 08:13:00+00:00,surfline_trevone_20260217_0813
-553684.7706479582,6541240.992049336,-102.39451200000047,0.7593984962406015,2026-02-17 08:13:00+00:00,surfline_trevone_20260217_0813
-553684.7706479582,6541240.992049336,-102.39451200000047,0.7619047619047619,2026-02-17 08:13:00+00:00,surfline_trevone_20260217_0813
-553684.7706479582,6541240.992049336,-102.39451200000047,0.7644110275689222,2026-02-17 08:13:00+00:00,surfline_trevone_20260217_0813
-553684.7706479582,6541240.992049336,-102.39451200000047,0.7669172932330827,2026-02-17 08:13:00+00:00,surfline_trevone_20260217_0813
-553684.7706479582,6541240.992049336,-102.39451200000047,0.7694235588972431,2026-02-17 08:13:00+00:00,surfline_trevone_20260217_0813
-553684.7706479582,6541240.992049336,-102.39451200000047,0.7719298245614035,2026-02-17 08:13:00+00:00,surfline_trevone_20260217_0813
-553684.7706479582,6541240.992049336,-102.39451200000047,0.7744360902255638,2026-02-17 08:13:00+00:00,surfline_trevone_20260217_0813
-553684.7706479582,6541240.992049336,-102.39451200000047,0.7769423558897243,2026-02-17 08:13:00+00:00,surfline_trevone_20260217_0813
-553684.7706479582,6541240.992049336,-102.39451200000047,0.7794486215538847,2026-02-17 08:13:00+00:00,surfline_trevone_20260217_0813
-553684.7706479582,6541240.992049336,-102.39451200000047,0.7819548872180451,2026-02-17 08:13:00+00:00,surfline_trevone_20260217_0813
-553684.7706479582,6541240.992049336,-102.39451200000047,0.7844611528822054,2026-02-17 08:13:00+00:00,surfline_trevone_20260217_0813
-553684.7706479582,6541240.992049336,-102.39451200000047,0.7869674185463659,2026-02-17 08:13:00+00:00,surfline_trevone_20260217_0813
-553684.7706479582,6541240.992049336,-102.39451200000047,0.7894736842105263,2026-02-17 08:13:00+00:00,surfline_trevone_20260217_0813
-553684.7706479582,6541240.992049336,-102.39451200000047,0.7919799498746867,2026-02-17 08:13:00+00:00,surfline_trevone_20260217_0813
-553684.7706479582,6541240.992049336,-102.39451200000047,0.794486215538847,2026-02-17 08:13:00+00:00,surfline_trevone_20260217_0813
-553684.7706479582,6541240.992049336,-102.39451200000047,0.7969924812030075,2026-02-17 08:13:00+00:00,surfline_trevone_20260217_0813
-553684.7706479582,6541240.992049336,-102.39451200000047,0.7994987468671679,2026-02-17 08:13:00+00:00,surfline_trevone_20260217_0813
-553684.7706479582,6541240.992049336,-102.39451200000047,0.8020050125313283,2026-02-17 08:13:00+00:00,surfline_trevone_20260217_0813
-553684.7706479582,6541240.992049336,-102.39451200000047,0.8045112781954886,2026-02-17 08:13:00+00:00,surfline_trevone_20260217_0813
-553684.7706479582,6541240.992049336,-102.39451200000047,0.8070175438596491,2026-02-17 08:13:00+00:00,surfline_trevone_20260217_0813
-553684.7706479582,6541240.992049336,-102.39451200000047,0.8095238095238095,2026-02-17 08:13:00+00:00,surfline_trevone_20260217_0813
-553684.7706479582,6541240.992049336,-102.39451200000047,0.8120300751879699,2026-02-17 08:13:00+00:00,surfline_trevone_20260217_0813
-553684.7706479582,6541240.992049336,-102.39451200000047,0.8145363408521302,2026-02-17 08:13:00+00:00,surfline_trevone_20260217_0813
-553684.7706479582,6541240.992049336,-102.39451200000047,0.8170426065162907,2026-02-17 08:13:00+00:00,surfline_trevone_20260217_0813
-553684.7706479582,6541240.992049336,-102.39451200000047,0.8195488721804511,2026-02-17 08:13:00+00:00,surfline_trevone_20260217_0813
-553684.7706479582,6541240.992049336,-102.39451200000047,0.8220551378446115,2026-02-17 08:13:00+00:00,surfline_trevone_20260217_0813
-553684.7706479582,6541240.992049336,-102.39451200000047,0.8245614035087718,2026-02-17 08:13:00+00:00,surfline_trevone_20260217_0813
-553684.7706479582,6541240.992049336,-102.39451200000047,0.8270676691729323,2026-02-17 08:13:00+00:00,surfline_trevone_20260217_0813
-553684.7706479582,6541240.992049336,-102.39451200000047,0.8295739348370927,2026-02-17 08:13:00+00:00,surfline_trevone_20260217_0813
-553684.7706479582,6541240.992049336,-102.39451200000047,0.8320802005012531,2026-02-17 08:13:00+00:00,surfline_trevone_20260217_0813
-553684.7706479582,6541240.992049336,-102.39451200000047,0.8345864661654134,2026-02-17 08:13:00+00:00,surfline_trevone_20260217_0813
-553684.7706479582,6541240.992049336,-102.39451200000047,0.8370927318295739,2026-02-17 08:13:00+00:00,surfline_trevone_20260217_0813
-553684.7706479582,6541240.992049336,-102.39451200000047,0.8395989974937343,2026-02-17 08:13:00+00:00,surfline_trevone_20260217_0813
-553684.7706479582,6541240.992049336,-102.39451200000047,0.8421052631578947,2026-02-17 08:13:00+00:00,surfline_trevone_20260217_0813
-553684.7706479582,6541240.992049336,-102.39451200000047,0.844611528822055,2026-02-17 08:13:00+00:00,surfline_trevone_20260217_0813
-553684.7706479582,6541240.992049336,-102.39451200000047,0.8471177944862155,2026-02-17 08:13:00+00:00,surfline_trevone_20260217_0813
-553684.7706479582,6541240.992049336,-102.39451200000047,0.849624060150376,2026-02-17 08:13:00+00:00,surfline_trevone_20260217_0813
-553684.7706479582,6541240.992049336,-102.39451200000047,0.8521303258145363,2026-02-17 08:13:00+00:00,surfline_trevone_20260217_0813
-553684.7706479582,6541240.992049336,-102.39451200000047,0.8546365914786966,2026-02-17 08:13:00+00:00,surfline_trevone_20260217_0813
-553684.7706479582,6541240.992049336,-102.39451200000047,0.8571428571428571,2026-02-17 08:13:00+00:00,surfline_trevone_20260217_0813
-553684.7706479582,6541240.992049336,-102.39451200000047,0.8596491228070176,2026-02-17 08:13:00+00:00,surfline_trevone_20260217_0813
-553684.7706479582,6541240.992049336,-102.39451200000047,0.8621553884711779,2026-02-17 08:13:00+00:00,surfline_trevone_20260217_0813
-553684.7706479582,6541240.992049336,-102.39451200000047,0.8646616541353382,2026-02-17 08:13:00+00:00,surfline_trevone_20260217_0813
-553684.7706479582,6541240.992049336,-102.39451200000047,0.8671679197994987,2026-02-17 08:13:00+00:00,surfline_trevone_20260217_0813
-553684.7706479582,6541240.992049336,-102.39451200000047,0.8696741854636592,2026-02-17 08:13:00+00:00,surfline_trevone_20260217_0813
-553684.7706479582,6541240.992049336,-102.39451200000047,0.8721804511278195,2026-02-17 08:13:00+00:00,surfline_trevone_20260217_0813
-553684.7706479582,6541240.992049336,-102.39451200000047,0.8746867167919798,2026-02-17 08:13:00+00:00,surfline_trevone_20260217_0813
-553684.7706479582,6541240.992049336,-102.39451200000047,0.8771929824561403,2026-02-17 08:13:00+00:00,surfline_trevone_20260217_0813
-553684.7706479582,6541240.992049336,-102.39451200000047,0.8796992481203008,2026-02-17 08:13:00+00:00,surfline_trevone_20260217_0813
-553684.7706479582,6541240.992049336,-102.39451200000047,0.8822055137844611,2026-02-17 08:13:00+00:00,surfline_trevone_20260217_0813
-553684.7706479582,6541240.992049336,-102.39451200000047,0.8847117794486214,2026-02-17 08:13:00+00:00,surfline_trevone_20260217_0813
-553684.7706479582,6541240.992049336,-102.39451200000047,0.8872180451127819,2026-02-17 08:13:00+00:00,surfline_trevone_20260217_0813
-553684.7706479582,6541240.992049336,-102.39451200000047,0.8897243107769424,2026-02-17 08:13:00+00:00,surfline_trevone_20260217_0813
-553684.7706479582,6541240.992049336,-102.39451200000047,0.8922305764411027,2026-02-17 08:13:00+00:00,surfline_trevone_20260217_0813
-553684.7706479582,6541240.992049336,-102.39451200000047,0.894736842105263,2026-02-17 08:13:00+00:00,surfline_trevone_20260217_0813
-553684.7706479582,6541240.992049336,-102.39451200000047,0.8972431077694235,2026-02-17 08:13:00+00:00,surfline_trevone_20260217_0813
-553684.7706479582,6541240.992049336,-102.39451200000047,0.899749373433584,2026-02-17 08:13:00+00:00,surfline_trevone_20260217_0813
-553684.7706479582,6541240.992049336,-102.39451200000047,0.9022556390977443,2026-02-17 08:13:00+00:00,surfline_trevone_20260217_0813
-553684.7706479582,6541240.992049336,-102.39451200000047,0.9047619047619047,2026-02-17 08:13:00+00:00,surfline_trevone_20260217_0813
-553684.7706479582,6541240.992049336,-102.39451200000047,0.9072681704260651,2026-02-17 08:13:00+00:00,surfline_trevone_20260217_0813
-553684.7706479582,6541240.992049336,-102.39451200000047,0.9097744360902256,2026-02-17 08:13:00+00:00,surfline_trevone_20260217_0813
-553684.7706479582,6541240.992049336,-102.39451200000047,0.9122807017543859,2026-02-17 08:13:00+00:00,surfline_trevone_20260217_0813
-553684.7706479582,6541240.992049336,-102.39451200000047,0.9147869674185463,2026-02-17 08:13:00+00:00,surfline_trevone_20260217_0813
-553684.7706479582,6541240.992049336,-102.39451200000047,0.9172932330827067,2026-02-17 08:13:00+00:00,surfline_trevone_20260217_0813
-553684.7706479582,6541240.992049336,-102.39451200000047,0.9197994987468672,2026-02-17 08:13:00+00:00,surfline_trevone_20260217_0813
-553684.7706479582,6541240.992049336,-102.39451200000047,0.9223057644110275,2026-02-17 08:13:00+00:00,surfline_trevone_20260217_0813
-553684.7706479582,6541240.992049336,-102.39451200000047,0.9248120300751879,2026-02-17 08:13:00+00:00,surfline_trevone_20260217_0813
-553684.7706479582,6541240.992049336,-102.39451200000047,0.9273182957393483,2026-02-17 08:13:00+00:00,surfline_trevone_20260217_0813
-553684.7706479582,6541240.992049336,-102.39451200000047,0.9298245614035088,2026-02-17 08:13:00+00:00,surfline_trevone_20260217_0813
-553684.7706479582,6541240.992049336,-102.39451200000047,0.9323308270676691,2026-02-17 08:13:00+00:00,surfline_trevone_20260217_0813
-553684.7706479582,6541240.992049336,-102.39451200000047,0.9348370927318295,2026-02-17 08:13:00+00:00,surfline_trevone_20260217_0813
-553684.7706479582,6541240.992049336,-102.39451200000047,0.9373433583959899,2026-02-17 08:13:00+00:00,surfline_trevone_20260217_0813
-553684.7706479582,6541240.992049336,-102.39451200000047,0.9398496240601504,2026-02-17 08:13:00+00:00,surfline_trevone_20260217_0813
-553684.7706479582,6541240.992049336,-102.39451200000047,0.9423558897243107,2026-02-17 08:13:00+00:00,surfline_trevone_20260217_0813
-553684.7706479582,6541240.992049336,-102.39451200000047,0.9448621553884711,2026-02-17 08:13:00+00:00,surfline_trevone_20260217_0813
-553684.7706479582,6541240.992049336,-102.39451200000047,0.9473684210526315,2026-02-17 08:13:00+00:00,surfline_trevone_20260217_0813
-553684.7706479582,6541240.992049336,-102.39451200000047,0.949874686716792,2026-02-17 08:13:00+00:00,surfline_trevone_20260217_0813
-553684.7706479582,6541240.992049336,-102.39451200000047,0.9523809523809523,2026-02-17 08:13:00+00:00,surfline_trevone_20260217_0813
-553684.7706479582,6541240.992049336,-102.39451200000047,0.9548872180451127,2026-02-17 08:13:00+00:00,surfline_trevone_20260217_0813
-553684.7706479582,6541240.992049336,-102.39451200000047,0.9573934837092731,2026-02-17 08:13:00+00:00,surfline_trevone_20260217_0813
-553684.7706479582,6541240.992049336,-102.39451200000047,0.9598997493734336,2026-02-17 08:13:00+00:00,surfline_trevone_20260217_0813
-553684.7706479582,6541240.992049336,-102.39451200000047,0.9624060150375939,2026-02-17 08:13:00+00:00,surfline_trevone_20260217_0813
-553684.7706479582,6541240.992049336,-102.39451200000047,0.9649122807017543,2026-02-17 08:13:00+00:00,surfline_trevone_20260217_0813
-553684.7706479582,6541240.992049336,-102.39451200000047,0.9674185463659147,2026-02-17 08:13:00+00:00,surfline_trevone_20260217_0813
-553684.7706479582,6541240.992049336,-102.39451200000047,0.9699248120300752,2026-02-17 08:13:00+00:00,surfline_trevone_20260217_0813
-553684.7706479582,6541240.992049336,-102.39451200000047,0.9724310776942355,2026-02-17 08:13:00+00:00,surfline_trevone_20260217_0813
-553684.7706479582,6541240.992049336,-102.39451200000047,0.9749373433583959,2026-02-17 08:13:00+00:00,surfline_trevone_20260217_0813
-553684.7706479582,6541240.992049336,-102.39451200000047,0.9774436090225563,2026-02-17 08:13:00+00:00,surfline_trevone_20260217_0813
-553684.7706479582,6541240.992049336,-102.39451200000047,0.9799498746867168,2026-02-17 08:13:00+00:00,surfline_trevone_20260217_0813
-553684.7706479582,6541240.992049336,-102.39451200000047,0.9824561403508771,2026-02-17 08:13:00+00:00,surfline_trevone_20260217_0813
-553684.7706479582,6541240.992049336,-102.39451200000047,0.9849624060150375,2026-02-17 08:13:00+00:00,surfline_trevone_20260217_0813
-553684.7706479582,6541240.992049336,-102.39451200000047,0.9874686716791979,2026-02-17 08:13:00+00:00,surfline_trevone_20260217_0813
-553684.7706479582,6541240.992049336,-102.39451200000047,0.9899749373433584,2026-02-17 08:13:00+00:00,surfline_trevone_20260217_0813
-553684.7706479582,6541240.992049336,-102.39451200000047,0.9924812030075187,2026-02-17 08:13:00+00:00,surfline_trevone_20260217_0813
-553684.7706479582,6541240.992049336,-102.39451200000047,0.9949874686716791,2026-02-17 08:13:00+00:00,surfline_trevone_20260217_0813
-553684.7706479582,6541240.992049336,-102.39451200000047,0.9974937343358395,2026-02-17 08:13:00+00:00,surfline_trevone_20260217_0813
-553684.7706479582,6541240.992049336,-102.39451200000047,1.0,2026-02-17 08:13:00+00:00,surfline_trevone_20260217_0813
-553639.4188531741,6541290.160465929,-102.49326720000047,0.0,2026-02-17 08:40:00+00:00,surfline_trevone_20260217_0840
-553639.3163148902,6541289.73801325,-102.49326720000047,0.002506265664160401,2026-02-17 08:40:00+00:00,surfline_trevone_20260217_0840
-553639.2137766673,6541289.31556051,-102.49326720000047,0.005012531328320802,2026-02-17 08:40:00+00:00,surfline_trevone_20260217_0840
-553639.1236245865,6541288.8967240285,-102.49326720000047,0.007518796992481203,2026-02-17 08:40:00+00:00,surfline_trevone_20260217_0840
-553639.8809547854,6541288.725327767,-102.49326720000047,0.010025062656641603,2026-02-17 08:40:00+00:00,surfline_trevone_20260217_0840
-553640.6382851711,6541288.553931695,-102.49326720000047,0.012531328320802004,2026-02-17 08:40:00+00:00,surfline_trevone_20260217_0840
-553641.167814634,6541288.316024268,-102.49326720000047,0.015037593984962405,2026-02-17 08:40:00+00:00,surfline_trevone_20260217_0840
-553641.0652765192,6541287.893571427,-102.49326720000047,0.017543859649122806,2026-02-17 08:40:00+00:00,surfline_trevone_20260217_0840
-553640.9627382971,6541287.471118689,-102.49326720000047,0.020050125313283207,2026-02-17 08:40:00+00:00,surfline_trevone_20260217_0840
-553640.8601999672,6541287.048666053,-102.49326720000047,0.022556390977443608,2026-02-17 08:40:00+00:00,surfline_trevone_20260217_0840
-553640.7576617443,6541286.626213314,-102.49326720000047,0.02506265664160401,2026-02-17 08:40:00+00:00,surfline_trevone_20260217_0840
-553640.6551236296,6541286.203760472,-102.49326720000047,0.02756892230576441,2026-02-17 08:40:00+00:00,surfline_trevone_20260217_0840
-553640.5525854075,6541285.781307734,-102.49326720000047,0.03007518796992481,2026-02-17 08:40:00+00:00,surfline_trevone_20260217_0840
-553640.4500470773,6541285.3588550985,-102.49326720000047,0.03258145363408521,2026-02-17 08:40:00+00:00,surfline_trevone_20260217_0840
-553640.8978511292,6541285.097086238,-102.49326720000047,0.03508771929824561,2026-02-17 08:40:00+00:00,surfline_trevone_20260217_0840
-553641.65518114,6541284.925689787,-102.49326720000047,0.03759398496240601,2026-02-17 08:40:00+00:00,surfline_trevone_20260217_0840
-553642.5066233744,6541284.781771492,-102.49326720000047,0.040100250626566414,2026-02-17 08:40:00+00:00,surfline_trevone_20260217_0840
-553643.1698417241,6541284.582897453,-102.49326720000047,0.042606516290726815,2026-02-17 08:40:00+00:00,surfline_trevone_20260217_0840
-553643.9271719238,6541284.411501191,-102.49326720000047,0.045112781954887216,2026-02-17 08:40:00+00:00,surfline_trevone_20260217_0840
-553644.6845019361,6541284.240104741,-102.49326720000047,0.047619047619047616,2026-02-17 08:40:00+00:00,surfline_trevone_20260217_0840
-553645.4418321348,6541284.06870848,-102.49326720000047,0.05012531328320802,2026-02-17 08:40:00+00:00,surfline_trevone_20260217_0840
-553646.1991625187,6541283.897312406,-102.49326720000047,0.05263157894736842,2026-02-17 08:40:00+00:00,surfline_trevone_20260217_0840
-553646.6197756452,6541283.627604589,-102.49326720000047,0.05513784461152882,2026-02-17 08:40:00+00:00,surfline_trevone_20260217_0840
-553646.9424808698,6541283.329310389,-102.49326720000047,0.05764411027568922,2026-02-17 08:40:00+00:00,surfline_trevone_20260217_0840
-553647.6998112533,6541283.157914315,-102.49326720000047,0.06015037593984962,2026-02-17 08:40:00+00:00,surfline_trevone_20260217_0840
-553648.4571414528,6541282.986518053,-102.49326720000047,0.06265664160401002,2026-02-17 08:40:00+00:00,surfline_trevone_20260217_0840
-553648.5738137175,6541282.628068245,-102.49326720000047,0.06516290726817042,2026-02-17 08:40:00+00:00,surfline_trevone_20260217_0840
-553648.4712754498,6541282.20561555,-102.49326720000047,0.06766917293233082,2026-02-17 08:40:00+00:00,surfline_trevone_20260217_0840
-553648.3687371667,6541281.7831628695,-102.49326720000047,0.07017543859649122,2026-02-17 08:40:00+00:00,surfline_trevone_20260217_0840
-553648.2661989442,6541281.36071013,-102.49326720000047,0.07268170426065163,2026-02-17 08:40:00+00:00,surfline_trevone_20260217_0840
-553648.3870829494,6541281.003490028,-102.49326720000047,0.07518796992481203,2026-02-17 08:40:00+00:00,surfline_trevone_20260217_0840
-553649.1444131483,6541280.832093766,-102.49326720000047,0.07769423558897243,2026-02-17 08:40:00+00:00,surfline_trevone_20260217_0840
-553649.9017435306,6541280.660697691,-102.49326720000047,0.08020050125313283,2026-02-17 08:40:00+00:00,surfline_trevone_20260217_0840
-553650.2202369109,6541280.361173889,-102.49326720000047,0.08270676691729323,2026-02-17 08:40:00+00:00,surfline_trevone_20260217_0840
-553648.7167072246,6541279.5296724085,-102.49326720000047,0.08521303258145363,2026-02-17 08:40:00+00:00,surfline_trevone_20260217_0840
-553649.4740374234,6541279.358276147,-102.49326720000047,0.08771929824561403,2026-02-17 08:40:00+00:00,surfline_trevone_20260217_0840
-553649.9126222439,6541279.093815673,-102.49326720000047,0.09022556390977443,2026-02-17 08:40:00+00:00,surfline_trevone_20260217_0840
-553650.2173561439,6541278.790274505,-102.49326720000047,0.09273182957393483,2026-02-17 08:40:00+00:00,surfline_trevone_20260217_0840
-553650.9746861584,6541278.618878057,-102.49326720000047,0.09523809523809523,2026-02-17 08:40:00+00:00,surfline_trevone_20260217_0840
-553651.7320163572,6541278.447481796,-102.49326720000047,0.09774436090225563,2026-02-17 08:40:00+00:00,surfline_trevone_20260217_0840
-553651.8666602102,6541278.094279432,-102.49326720000047,0.10025062656641603,2026-02-17 08:40:00+00:00,surfline_trevone_20260217_0840
-553651.7641219874,6541277.671826692,-102.49326720000047,0.10275689223057644,2026-02-17 08:40:00+00:00,surfline_trevone_20260217_0840
-553651.6615838706,6541277.249373852,-102.49326720000047,0.10526315789473684,2026-02-17 08:40:00+00:00,surfline_trevone_20260217_0840
-553651.5590456487,6541276.826921115,-102.49326720000047,0.10776942355889724,2026-02-17 08:40:00+00:00,surfline_trevone_20260217_0840
-553651.4565073214,6541276.404468478,-102.49326720000047,0.11027568922305764,2026-02-17 08:40:00+00:00,surfline_trevone_20260217_0840
-553651.6479465584,6541276.067848574,-102.49326720000047,0.11278195488721804,2026-02-17 08:40:00+00:00,surfline_trevone_20260217_0840
-553652.4052765733,6541275.896452127,-102.49326720000047,0.11528822055137844,2026-02-17 08:40:00+00:00,surfline_trevone_20260217_0840
-553653.1626069552,6541275.725056051,-102.49326720000047,0.11779448621553884,2026-02-17 08:40:00+00:00,surfline_trevone_20260217_0840
-553653.9199371546,6541275.553659789,-102.49326720000047,0.12030075187969924,2026-02-17 08:40:00+00:00,surfline_trevone_20260217_0840
-553654.6772671707,6541275.382263343,-102.49326720000047,0.12280701754385964,2026-02-17 08:40:00+00:00,surfline_trevone_20260217_0840
-553655.4345973693,6541275.210867082,-102.49326720000047,0.12531328320802004,2026-02-17 08:40:00+00:00,surfline_trevone_20260217_0840
-553655.8062568182,6541274.926866352,-102.49326720000047,0.12781954887218044,2026-02-17 08:40:00+00:00,surfline_trevone_20260217_0840
-553656.5635870177,6541274.755470089,-102.49326720000047,0.13032581453634084,2026-02-17 08:40:00+00:00,surfline_trevone_20260217_0840
-553657.320917035,6541274.584073644,-102.49326720000047,0.13283208020050125,2026-02-17 08:40:00+00:00,surfline_trevone_20260217_0840
-553657.5236977258,6541274.250765172,-102.49326720000047,0.13533834586466165,2026-02-17 08:40:00+00:00,surfline_trevone_20260217_0840
-553657.421159444,6541273.82831249,-102.49326720000047,0.13784461152882205,2026-02-17 08:40:00+00:00,surfline_trevone_20260217_0840
-553657.3186212211,6541273.405859751,-102.49326720000047,0.14035087719298245,2026-02-17 08:40:00+00:00,surfline_trevone_20260217_0840
-553657.2160831029,6541272.983406913,-102.49326720000047,0.14285714285714285,2026-02-17 08:40:00+00:00,surfline_trevone_20260217_0840
-553657.1135448811,6541272.560954174,-102.49326720000047,0.14536340852130325,2026-02-17 08:40:00+00:00,surfline_trevone_20260217_0840
-553657.2368472327,6541272.2044404205,-102.49326720000047,0.14786967418546365,2026-02-17 08:40:00+00:00,surfline_trevone_20260217_0840
-553657.9941774324,6541272.033044159,-102.49326720000047,0.15037593984962405,2026-02-17 08:40:00+00:00,surfline_trevone_20260217_0840
-553658.7515074497,6541271.861647714,-102.49326720000047,0.15288220551378445,2026-02-17 08:40:00+00:00,surfline_trevone_20260217_0840
-553659.0675828473,6541271.561417933,-102.49326720000047,0.15538847117794485,2026-02-17 08:40:00+00:00,surfline_trevone_20260217_0840
-553656.6008536643,6541270.448690581,-102.49326720000047,0.15789473684210525,2026-02-17 08:40:00+00:00,surfline_trevone_20260217_0840
-553656.4983154414,6541270.026237842,-102.49326720000047,0.16040100250626566,2026-02-17 08:40:00+00:00,surfline_trevone_20260217_0840
-553656.3957773239,6541269.603785003,-102.49326720000047,0.16290726817042606,2026-02-17 08:40:00+00:00,surfline_trevone_20260217_0840
-553656.2932391019,6541269.181332264,-102.49326720000047,0.16541353383458646,2026-02-17 08:40:00+00:00,surfline_trevone_20260217_0840
-553656.1907007748,6541268.758879626,-102.49326720000047,0.16791979949874686,2026-02-17 08:40:00+00:00,surfline_trevone_20260217_0840
-553656.0881625519,6541268.336426887,-102.49326720000047,0.17042606516290726,2026-02-17 08:40:00+00:00,surfline_trevone_20260217_0840
-553656.3253885511,6541268.013175252,-102.49326720000047,0.17293233082706766,2026-02-17 08:40:00+00:00,surfline_trevone_20260217_0840
-553657.0827189322,6541267.841779174,-102.49326720000047,0.17543859649122806,2026-02-17 08:40:00+00:00,surfline_trevone_20260217_0840
-553657.8400491317,6541267.670382912,-102.49326720000047,0.17794486215538846,2026-02-17 08:40:00+00:00,surfline_trevone_20260217_0840
-553658.0422006233,6541267.336890545,-102.49326720000047,0.18045112781954886,2026-02-17 08:40:00+00:00,surfline_trevone_20260217_0840
-553657.939662401,6541266.914437806,-102.49326720000047,0.18295739348370926,2026-02-17 08:40:00+00:00,surfline_trevone_20260217_0840
-553657.8371240743,6541266.491985168,-102.49326720000047,0.18546365914786966,2026-02-17 08:40:00+00:00,surfline_trevone_20260217_0840
-553657.7345858513,6541266.069532429,-102.49326720000047,0.18796992481203006,2026-02-17 08:40:00+00:00,surfline_trevone_20260217_0840
-553657.632047734,6541265.647079591,-102.49326720000047,0.19047619047619047,2026-02-17 08:40:00+00:00,surfline_trevone_20260217_0840
-553657.5295095117,6541265.224626852,-102.49326720000047,0.19298245614035087,2026-02-17 08:40:00+00:00,surfline_trevone_20260217_0840
-553657.4269711848,6541264.802174214,-102.49326720000047,0.19548872180451127,2026-02-17 08:40:00+00:00,surfline_trevone_20260217_0840
-553657.3244329168,6541264.379721518,-102.49326720000047,0.19799498746867167,2026-02-17 08:40:00+00:00,surfline_trevone_20260217_0840
-553657.2218948444,6541263.957268636,-102.49326720000047,0.20050125313283207,2026-02-17 08:40:00+00:00,surfline_trevone_20260217_0840
-553653.4575520655,6541262.465675863,-102.49326720000047,0.20300751879699247,2026-02-17 08:40:00+00:00,surfline_trevone_20260217_0840
-553654.2148824484,6541262.294279789,-102.49326720000047,0.20551378446115287,2026-02-17 08:40:00+00:00,surfline_trevone_20260217_0840
-553654.5500892153,6541261.999635807,-102.49326720000047,0.20802005012531327,2026-02-17 08:40:00+00:00,surfline_trevone_20260217_0840
-553654.4475510989,6541261.577182967,-102.49326720000047,0.21052631578947367,2026-02-17 08:40:00+00:00,surfline_trevone_20260217_0840
-553654.3450128768,6541261.154730229,-102.49326720000047,0.21303258145363407,2026-02-17 08:40:00+00:00,surfline_trevone_20260217_0840
-553654.2424745484,6541260.732277592,-102.49326720000047,0.21553884711779447,2026-02-17 08:40:00+00:00,surfline_trevone_20260217_0840
-553654.1399363256,6541260.309824852,-102.49326720000047,0.21804511278195488,2026-02-17 08:40:00+00:00,surfline_trevone_20260217_0840
-553651.8167866926,6541259.2390182745,-102.49326720000047,0.22055137844611528,2026-02-17 08:40:00+00:00,surfline_trevone_20260217_0840
-553652.5741168914,6541259.067622013,-102.49326720000047,0.22305764411027568,2026-02-17 08:40:00+00:00,surfline_trevone_20260217_0840
-553653.3314472752,6541258.89622594,-102.49326720000047,0.22556390977443608,2026-02-17 08:40:00+00:00,surfline_trevone_20260217_0840
-553653.7297834359,6541258.620013898,-102.49326720000047,0.22807017543859648,2026-02-17 08:40:00+00:00,surfline_trevone_20260217_0840
-553653.6272453201,6541258.197561057,-102.49326720000047,0.23057644110275688,2026-02-17 08:40:00+00:00,surfline_trevone_20260217_0840
-553653.5247069916,6541257.775108421,-102.49326720000047,0.23308270676691728,2026-02-17 08:40:00+00:00,surfline_trevone_20260217_0840
-553653.4221687687,6541257.352655682,-102.49326720000047,0.23558897243107768,2026-02-17 08:40:00+00:00,surfline_trevone_20260217_0840
-553653.3196306531,6541256.930202842,-102.49326720000047,0.23809523809523808,2026-02-17 08:40:00+00:00,surfline_trevone_20260217_0840
-553653.2170924308,6541256.507750103,-102.49326720000047,0.24060150375939848,2026-02-17 08:40:00+00:00,surfline_trevone_20260217_0840
-553653.114554102,6541256.085297467,-102.49326720000047,0.24310776942355888,2026-02-17 08:40:00+00:00,surfline_trevone_20260217_0840
-553653.0120158788,6541255.662844728,-102.49326720000047,0.24561403508771928,2026-02-17 08:40:00+00:00,surfline_trevone_20260217_0840
-553652.8196711853,6541255.214170988,-102.49326720000047,0.24812030075187969,2026-02-17 08:40:00+00:00,surfline_trevone_20260217_0840
-553652.8069395414,6541254.817939148,-102.49326720000047,0.2506265664160401,2026-02-17 08:40:00+00:00,surfline_trevone_20260217_0840
-553652.7044012122,6541254.395486512,-102.49326720000047,0.2531328320802005,2026-02-17 08:40:00+00:00,surfline_trevone_20260217_0840
-553652.601862989,6541253.973033773,-102.49326720000047,0.2556390977443609,2026-02-17 08:40:00+00:00,surfline_trevone_20260217_0840
-553652.4993248739,6541253.550580932,-102.49326720000047,0.2581453634085213,2026-02-17 08:40:00+00:00,surfline_trevone_20260217_0840
-553653.1352837981,6541253.343747801,-102.49326720000047,0.2606516290726817,2026-02-17 08:40:00+00:00,surfline_trevone_20260217_0840
-553653.8926141827,6541253.172351728,-102.49326720000047,0.2631578947368421,2026-02-17 08:40:00+00:00,surfline_trevone_20260217_0840
-553654.5559009099,6541252.973497575,-102.49326720000047,0.2656641604010025,2026-02-17 08:40:00+00:00,surfline_trevone_20260217_0840
-553654.45336284,6541252.55104469,-102.49326720000047,0.2681704260651629,2026-02-17 08:40:00+00:00,surfline_trevone_20260217_0840
-553654.350824618,6541252.128591952,-102.49326720000047,0.2706766917293233,2026-02-17 08:40:00+00:00,surfline_trevone_20260217_0840
-553654.248286289,6541251.706139316,-102.49326720000047,0.2731829573934837,2026-02-17 08:40:00+00:00,surfline_trevone_20260217_0840
-553654.1457480663,6541251.283686576,-102.49326720000047,0.2756892230576441,2026-02-17 08:40:00+00:00,surfline_trevone_20260217_0840
-553654.5798858763,6541251.017927439,-102.49326720000047,0.2781954887218045,2026-02-17 08:40:00+00:00,surfline_trevone_20260217_0840
-553655.3372160752,6541250.846531178,-102.49326720000047,0.2807017543859649,2026-02-17 08:40:00+00:00,surfline_trevone_20260217_0840
-553656.0945464588,6541250.675135104,-102.49326720000047,0.2832080200501253,2026-02-17 08:40:00+00:00,surfline_trevone_20260217_0840
-553656.0997860329,6541250.284150335,-102.49326720000047,0.2857142857142857,2026-02-17 08:40:00+00:00,surfline_trevone_20260217_0840
-553655.9972479169,6541249.861697494,-102.49326720000047,0.2882205513784461,2026-02-17 08:40:00+00:00,surfline_trevone_20260217_0840
-553655.8947096948,6541249.439244756,-102.49326720000047,0.2907268170426065,2026-02-17 08:40:00+00:00,surfline_trevone_20260217_0840
-553656.0384998049,6541249.088712833,-102.49326720000047,0.2932330827067669,2026-02-17 08:40:00+00:00,surfline_trevone_20260217_0840
-553656.7958300043,6541248.917316571,-102.49326720000047,0.2957393483709273,2026-02-17 08:40:00+00:00,surfline_trevone_20260217_0840
-553657.5531600172,6541248.745920123,-102.49326720000047,0.2982456140350877,2026-02-17 08:40:00+00:00,surfline_trevone_20260217_0840
-553657.8487475554,6541248.439708617,-102.49326720000047,0.3007518796992481,2026-02-17 08:40:00+00:00,surfline_trevone_20260217_0840
-553658.2964787378,6541248.177918479,-102.49326720000047,0.3032581453634085,2026-02-17 08:40:00+00:00,surfline_trevone_20260217_0840
-553659.0538087523,6541248.006522032,-102.49326720000047,0.3057644110275689,2026-02-17 08:40:00+00:00,surfline_trevone_20260217_0840
-553659.8111389509,6541247.83512577,-102.49326720000047,0.3082706766917293,2026-02-17 08:40:00+00:00,surfline_trevone_20260217_0840
-553659.0257856081,6541247.213311083,-102.49326720000047,0.3107769423558897,2026-02-17 08:40:00+00:00,surfline_trevone_20260217_0840
-553659.7002472989,6541247.017719635,-102.49326720000047,0.3132832080200501,2026-02-17 08:40:00+00:00,surfline_trevone_20260217_0840
-553659.5977091829,6541246.595266795,-102.49326720000047,0.3157894736842105,2026-02-17 08:40:00+00:00,surfline_trevone_20260217_0840
-553659.7550922954,6541246.248703498,-102.49326720000047,0.3182957393483709,2026-02-17 08:40:00+00:00,surfline_trevone_20260217_0840
-553660.5124226778,6541246.077307424,-102.49326720000047,0.3208020050125313,2026-02-17 08:40:00+00:00,surfline_trevone_20260217_0840
-553661.2697528773,6541245.905911162,-102.49326720000047,0.3233082706766917,2026-02-17 08:40:00+00:00,surfline_trevone_20260217_0840
-553661.5517471492,6541245.595730554,-102.49326720000047,0.3258145363408521,2026-02-17 08:40:00+00:00,surfline_trevone_20260217_0840
-553662.0130712279,6541245.337909147,-102.49326720000047,0.3283208020050125,2026-02-17 08:40:00+00:00,surfline_trevone_20260217_0840
-553662.7704016094,6541245.16651307,-102.49326720000047,0.3308270676691729,2026-02-17 08:40:00+00:00,surfline_trevone_20260217_0840
-553663.527731887,6541244.995116887,-102.49326720000047,0.3333333333333333,2026-02-17 08:40:00+00:00,surfline_trevone_20260217_0840
-553663.8993908947,6541244.7111157095,-102.49326720000047,0.3358395989974937,2026-02-17 08:40:00+00:00,surfline_trevone_20260217_0840
-553664.6912864753,6541244.549811531,-102.49326720000047,0.3383458646616541,2026-02-17 08:40:00+00:00,surfline_trevone_20260217_0840
-553665.826003314,6541244.488601282,-102.49326720000047,0.3408521303258145,2026-02-17 08:40:00+00:00,surfline_trevone_20260217_0840
-553666.7509468148,6541244.366143211,-102.49326720000047,0.3433583959899749,2026-02-17 08:40:00+00:00,surfline_trevone_20260217_0840
-553667.6758900776,6541244.243684942,-102.49326720000047,0.3458646616541353,2026-02-17 08:40:00+00:00,surfline_trevone_20260217_0840
-553668.6008335772,6541244.121226871,-102.49326720000047,0.3483709273182957,2026-02-17 08:40:00+00:00,surfline_trevone_20260217_0840
-553669.5257773112,6541243.998768998,-102.49326720000047,0.3508771929824561,2026-02-17 08:40:00+00:00,surfline_trevone_20260217_0840
-553670.3577152612,6541243.849156021,-102.49326720000047,0.3533834586466165,2026-02-17 08:40:00+00:00,surfline_trevone_20260217_0840
-553671.1150452805,6541243.677759579,-102.49326720000047,0.3558897243107769,2026-02-17 08:40:00+00:00,surfline_trevone_20260217_0840
-553671.8723756579,6541243.506363498,-102.49326720000047,0.3583959899749373,2026-02-17 08:40:00+00:00,surfline_trevone_20260217_0840
-553672.6297058574,6541243.334967236,-102.49326720000047,0.3609022556390977,2026-02-17 08:40:00+00:00,surfline_trevone_20260217_0840
-553673.387035878,6541243.163570795,-102.49326720000047,0.3634085213032581,2026-02-17 08:40:00+00:00,surfline_trevone_20260217_0840
-553674.1537393064,6541242.994911243,-102.49326720000047,0.3659147869674185,2026-02-17 08:40:00+00:00,surfline_trevone_20260217_0840
-553675.0786830373,6541242.872453368,-102.49326720000047,0.3684210526315789,2026-02-17 08:40:00+00:00,surfline_trevone_20260217_0840
-553676.0036265377,6541242.749995297,-102.49326720000047,0.37092731829573933,2026-02-17 08:40:00+00:00,surfline_trevone_20260217_0840
-553676.1528569146,6541242.401051512,-102.49326720000047,0.37343358395989973,2026-02-17 08:40:00+00:00,surfline_trevone_20260217_0840
-553676.0503186923,6541241.9785987735,-102.49326720000047,0.37593984962406013,2026-02-17 08:40:00+00:00,surfline_trevone_20260217_0840
-553675.9477803686,6541241.556146133,-102.49326720000047,0.37844611528822053,2026-02-17 08:40:00+00:00,surfline_trevone_20260217_0840
-553675.8452421457,6541241.133693393,-102.49326720000047,0.38095238095238093,2026-02-17 08:40:00+00:00,surfline_trevone_20260217_0840
-553675.7427040252,6541240.711240558,-102.49326720000047,0.38345864661654133,2026-02-17 08:40:00+00:00,surfline_trevone_20260217_0840
-553675.6401658028,6541240.288787819,-102.49326720000047,0.38596491228070173,2026-02-17 08:40:00+00:00,surfline_trevone_20260217_0840
-553675.537627479,6541239.866335179,-102.49326720000047,0.38847117794486213,2026-02-17 08:40:00+00:00,surfline_trevone_20260217_0840
-553675.4350892561,6541239.443882439,-102.49326720000047,0.39097744360902253,2026-02-17 08:40:00+00:00,surfline_trevone_20260217_0840
-553675.4350892561,6541239.443882439,-102.49326720000047,0.39348370927318294,2026-02-17 08:40:00+00:00,surfline_trevone_20260217_0840
-553675.4350892561,6541239.443882439,-102.49326720000047,0.39598997493734334,2026-02-17 08:40:00+00:00,surfline_trevone_20260217_0840
-553675.4350892561,6541239.443882439,-102.49326720000047,0.39849624060150374,2026-02-17 08:40:00+00:00,surfline_trevone_20260217_0840
-553675.4350892561,6541239.443882439,-102.49326720000047,0.40100250626566414,2026-02-17 08:40:00+00:00,surfline_trevone_20260217_0840
-553675.4350892561,6541239.443882439,-102.49326720000047,0.40350877192982454,2026-02-17 08:40:00+00:00,surfline_trevone_20260217_0840
-553675.4350892561,6541239.443882439,-102.49326720000047,0.40601503759398494,2026-02-17 08:40:00+00:00,surfline_trevone_20260217_0840
-553675.4350892561,6541239.443882439,-102.49326720000047,0.40852130325814534,2026-02-17 08:40:00+00:00,surfline_trevone_20260217_0840
-553675.4350892561,6541239.443882439,-102.49326720000047,0.41102756892230574,2026-02-17 08:40:00+00:00,surfline_trevone_20260217_0840
-553675.4350892561,6541239.443882439,-102.49326720000047,0.41353383458646614,2026-02-17 08:40:00+00:00,surfline_trevone_20260217_0840
-553675.4350892561,6541239.443882439,-102.49326720000047,0.41604010025062654,2026-02-17 08:40:00+00:00,surfline_trevone_20260217_0840
-553675.4350892561,6541239.443882439,-102.49326720000047,0.41854636591478694,2026-02-17 08:40:00+00:00,surfline_trevone_20260217_0840
-553675.4350892561,6541239.443882439,-102.49326720000047,0.42105263157894735,2026-02-17 08:40:00+00:00,surfline_trevone_20260217_0840
-553675.4350892561,6541239.443882439,-102.49326720000047,0.42355889724310775,2026-02-17 08:40:00+00:00,surfline_trevone_20260217_0840
-553675.4350892561,6541239.443882439,-102.49326720000047,0.42606516290726815,2026-02-17 08:40:00+00:00,surfline_trevone_20260217_0840
-553675.4350892561,6541239.443882439,-102.49326720000047,0.42857142857142855,2026-02-17 08:40:00+00:00,surfline_trevone_20260217_0840
-553675.4350892561,6541239.443882439,-102.49326720000047,0.43107769423558895,2026-02-17 08:40:00+00:00,surfline_trevone_20260217_0840
-553675.4350892561,6541239.443882439,-102.49326720000047,0.43358395989974935,2026-02-17 08:40:00+00:00,surfline_trevone_20260217_0840
-553675.4350892561,6541239.443882439,-102.49326720000047,0.43609022556390975,2026-02-17 08:40:00+00:00,surfline_trevone_20260217_0840
-553675.4350892561,6541239.443882439,-102.49326720000047,0.43859649122807015,2026-02-17 08:40:00+00:00,surfline_trevone_20260217_0840
-553675.4350892561,6541239.443882439,-102.49326720000047,0.44110275689223055,2026-02-17 08:40:00+00:00,surfline_trevone_20260217_0840
-553675.4350892561,6541239.443882439,-102.49326720000047,0.44360902255639095,2026-02-17 08:40:00+00:00,surfline_trevone_20260217_0840
-553675.4350892561,6541239.443882439,-102.49326720000047,0.44611528822055135,2026-02-17 08:40:00+00:00,surfline_trevone_20260217_0840
-553675.4350892561,6541239.443882439,-102.49326720000047,0.44862155388471175,2026-02-17 08:40:00+00:00,surfline_trevone_20260217_0840
-553675.4350892561,6541239.443882439,-102.49326720000047,0.45112781954887216,2026-02-17 08:40:00+00:00,surfline_trevone_20260217_0840
-553675.4350892561,6541239.443882439,-102.49326720000047,0.45363408521303256,2026-02-17 08:40:00+00:00,surfline_trevone_20260217_0840
-553675.4350892561,6541239.443882439,-102.49326720000047,0.45614035087719296,2026-02-17 08:40:00+00:00,surfline_trevone_20260217_0840
-553675.4350892561,6541239.443882439,-102.49326720000047,0.45864661654135336,2026-02-17 08:40:00+00:00,surfline_trevone_20260217_0840
-553675.4350892561,6541239.443882439,-102.49326720000047,0.46115288220551376,2026-02-17 08:40:00+00:00,surfline_trevone_20260217_0840
-553675.4350892561,6541239.443882439,-102.49326720000047,0.46365914786967416,2026-02-17 08:40:00+00:00,surfline_trevone_20260217_0840
-553675.4350892561,6541239.443882439,-102.49326720000047,0.46616541353383456,2026-02-17 08:40:00+00:00,surfline_trevone_20260217_0840
-553675.4350892561,6541239.443882439,-102.49326720000047,0.46867167919799496,2026-02-17 08:40:00+00:00,surfline_trevone_20260217_0840
-553675.4350892561,6541239.443882439,-102.49326720000047,0.47117794486215536,2026-02-17 08:40:00+00:00,surfline_trevone_20260217_0840
-553675.4350892561,6541239.443882439,-102.49326720000047,0.47368421052631576,2026-02-17 08:40:00+00:00,surfline_trevone_20260217_0840
-553675.4350892561,6541239.443882439,-102.49326720000047,0.47619047619047616,2026-02-17 08:40:00+00:00,surfline_trevone_20260217_0840
-553675.4350892561,6541239.443882439,-102.49326720000047,0.47869674185463656,2026-02-17 08:40:00+00:00,surfline_trevone_20260217_0840
-553675.4350892561,6541239.443882439,-102.49326720000047,0.48120300751879697,2026-02-17 08:40:00+00:00,surfline_trevone_20260217_0840
-553675.4350892561,6541239.443882439,-102.49326720000047,0.48370927318295737,2026-02-17 08:40:00+00:00,surfline_trevone_20260217_0840
-553675.4350892561,6541239.443882439,-102.49326720000047,0.48621553884711777,2026-02-17 08:40:00+00:00,surfline_trevone_20260217_0840
-553675.4350892561,6541239.443882439,-102.49326720000047,0.48872180451127817,2026-02-17 08:40:00+00:00,surfline_trevone_20260217_0840
-553675.4350892561,6541239.443882439,-102.49326720000047,0.49122807017543857,2026-02-17 08:40:00+00:00,surfline_trevone_20260217_0840
-553675.4350892561,6541239.443882439,-102.49326720000047,0.49373433583959897,2026-02-17 08:40:00+00:00,surfline_trevone_20260217_0840
-553675.4350892561,6541239.443882439,-102.49326720000047,0.49624060150375937,2026-02-17 08:40:00+00:00,surfline_trevone_20260217_0840
-553675.4350892561,6541239.443882439,-102.49326720000047,0.49874686716791977,2026-02-17 08:40:00+00:00,surfline_trevone_20260217_0840
-553675.4350892561,6541239.443882439,-102.49326720000047,0.5012531328320802,2026-02-17 08:40:00+00:00,surfline_trevone_20260217_0840
-553675.4350892561,6541239.443882439,-102.49326720000047,0.5037593984962405,2026-02-17 08:40:00+00:00,surfline_trevone_20260217_0840
-553675.4350892561,6541239.443882439,-102.49326720000047,0.506265664160401,2026-02-17 08:40:00+00:00,surfline_trevone_20260217_0840
-553675.4350892561,6541239.443882439,-102.49326720000047,0.5087719298245614,2026-02-17 08:40:00+00:00,surfline_trevone_20260217_0840
-553675.4350892561,6541239.443882439,-102.49326720000047,0.5112781954887218,2026-02-17 08:40:00+00:00,surfline_trevone_20260217_0840
-553675.4350892561,6541239.443882439,-102.49326720000047,0.5137844611528821,2026-02-17 08:40:00+00:00,surfline_trevone_20260217_0840
-553675.4350892561,6541239.443882439,-102.49326720000047,0.5162907268170426,2026-02-17 08:40:00+00:00,surfline_trevone_20260217_0840
-553675.4350892561,6541239.443882439,-102.49326720000047,0.518796992481203,2026-02-17 08:40:00+00:00,surfline_trevone_20260217_0840
-553675.4350892561,6541239.443882439,-102.49326720000047,0.5213032581453634,2026-02-17 08:40:00+00:00,surfline_trevone_20260217_0840
-553675.4350892561,6541239.443882439,-102.49326720000047,0.5238095238095237,2026-02-17 08:40:00+00:00,surfline_trevone_20260217_0840
-553675.4350892561,6541239.443882439,-102.49326720000047,0.5263157894736842,2026-02-17 08:40:00+00:00,surfline_trevone_20260217_0840
-553675.4350892561,6541239.443882439,-102.49326720000047,0.5288220551378446,2026-02-17 08:40:00+00:00,surfline_trevone_20260217_0840
-553675.4350892561,6541239.443882439,-102.49326720000047,0.531328320802005,2026-02-17 08:40:00+00:00,surfline_trevone_20260217_0840
-553675.4350892561,6541239.443882439,-102.49326720000047,0.5338345864661653,2026-02-17 08:40:00+00:00,surfline_trevone_20260217_0840
-553675.4350892561,6541239.443882439,-102.49326720000047,0.5363408521303258,2026-02-17 08:40:00+00:00,surfline_trevone_20260217_0840
-553675.4350892561,6541239.443882439,-102.49326720000047,0.5388471177944862,2026-02-17 08:40:00+00:00,surfline_trevone_20260217_0840
-553675.4350892561,6541239.443882439,-102.49326720000047,0.5413533834586466,2026-02-17 08:40:00+00:00,surfline_trevone_20260217_0840
-553675.4350892561,6541239.443882439,-102.49326720000047,0.5438596491228069,2026-02-17 08:40:00+00:00,surfline_trevone_20260217_0840
-553675.4350892561,6541239.443882439,-102.49326720000047,0.5463659147869674,2026-02-17 08:40:00+00:00,surfline_trevone_20260217_0840
-553675.4350892561,6541239.443882439,-102.49326720000047,0.5488721804511278,2026-02-17 08:40:00+00:00,surfline_trevone_20260217_0840
-553675.4350892561,6541239.443882439,-102.49326720000047,0.5513784461152882,2026-02-17 08:40:00+00:00,surfline_trevone_20260217_0840
-553675.4350892561,6541239.443882439,-102.49326720000047,0.5538847117794485,2026-02-17 08:40:00+00:00,surfline_trevone_20260217_0840
-553675.4350892561,6541239.443882439,-102.49326720000047,0.556390977443609,2026-02-17 08:40:00+00:00,surfline_trevone_20260217_0840
-553675.4350892561,6541239.443882439,-102.49326720000047,0.5588972431077694,2026-02-17 08:40:00+00:00,surfline_trevone_20260217_0840
-553675.4350892561,6541239.443882439,-102.49326720000047,0.5614035087719298,2026-02-17 08:40:00+00:00,surfline_trevone_20260217_0840
-553675.4350892561,6541239.443882439,-102.49326720000047,0.5639097744360901,2026-02-17 08:40:00+00:00,surfline_trevone_20260217_0840
-553675.4350892561,6541239.443882439,-102.49326720000047,0.5664160401002506,2026-02-17 08:40:00+00:00,surfline_trevone_20260217_0840
-553675.4350892561,6541239.443882439,-102.49326720000047,0.568922305764411,2026-02-17 08:40:00+00:00,surfline_trevone_20260217_0840
-553675.4350892561,6541239.443882439,-102.49326720000047,0.5714285714285714,2026-02-17 08:40:00+00:00,surfline_trevone_20260217_0840
-553675.4350892561,6541239.443882439,-102.49326720000047,0.5739348370927317,2026-02-17 08:40:00+00:00,surfline_trevone_20260217_0840
-553675.4350892561,6541239.443882439,-102.49326720000047,0.5764411027568922,2026-02-17 08:40:00+00:00,surfline_trevone_20260217_0840
-553675.4350892561,6541239.443882439,-102.49326720000047,0.5789473684210527,2026-02-17 08:40:00+00:00,surfline_trevone_20260217_0840
-553675.4350892561,6541239.443882439,-102.49326720000047,0.581453634085213,2026-02-17 08:40:00+00:00,surfline_trevone_20260217_0840
-553675.4350892561,6541239.443882439,-102.49326720000047,0.5839598997493733,2026-02-17 08:40:00+00:00,surfline_trevone_20260217_0840
-553675.4350892561,6541239.443882439,-102.49326720000047,0.5864661654135338,2026-02-17 08:40:00+00:00,surfline_trevone_20260217_0840
-553675.4350892561,6541239.443882439,-102.49326720000047,0.5889724310776943,2026-02-17 08:40:00+00:00,surfline_trevone_20260217_0840
-553675.4350892561,6541239.443882439,-102.49326720000047,0.5914786967418546,2026-02-17 08:40:00+00:00,surfline_trevone_20260217_0840
-553675.4350892561,6541239.443882439,-102.49326720000047,0.593984962406015,2026-02-17 08:40:00+00:00,surfline_trevone_20260217_0840
-553675.4350892561,6541239.443882439,-102.49326720000047,0.5964912280701754,2026-02-17 08:40:00+00:00,surfline_trevone_20260217_0840
-553675.4350892561,6541239.443882439,-102.49326720000047,0.5989974937343359,2026-02-17 08:40:00+00:00,surfline_trevone_20260217_0840
-553675.4350892561,6541239.443882439,-102.49326720000047,0.6015037593984962,2026-02-17 08:40:00+00:00,surfline_trevone_20260217_0840
-553675.4350892561,6541239.443882439,-102.49326720000047,0.6040100250626566,2026-02-17 08:40:00+00:00,surfline_trevone_20260217_0840
-553675.4350892561,6541239.443882439,-102.49326720000047,0.606516290726817,2026-02-17 08:40:00+00:00,surfline_trevone_20260217_0840
-553675.4350892561,6541239.443882439,-102.49326720000047,0.6090225563909775,2026-02-17 08:40:00+00:00,surfline_trevone_20260217_0840
-553675.4350892561,6541239.443882439,-102.49326720000047,0.6115288220551378,2026-02-17 08:40:00+00:00,surfline_trevone_20260217_0840
-553675.4350892561,6541239.443882439,-102.49326720000047,0.6140350877192982,2026-02-17 08:40:00+00:00,surfline_trevone_20260217_0840
-553675.4350892561,6541239.443882439,-102.49326720000047,0.6165413533834586,2026-02-17 08:40:00+00:00,surfline_trevone_20260217_0840
-553675.4350892561,6541239.443882439,-102.49326720000047,0.6190476190476191,2026-02-17 08:40:00+00:00,surfline_trevone_20260217_0840
-553675.4350892561,6541239.443882439,-102.49326720000047,0.6215538847117794,2026-02-17 08:40:00+00:00,surfline_trevone_20260217_0840
-553675.4350892561,6541239.443882439,-102.49326720000047,0.6240601503759398,2026-02-17 08:40:00+00:00,surfline_trevone_20260217_0840
-553675.4350892561,6541239.443882439,-102.49326720000047,0.6265664160401002,2026-02-17 08:40:00+00:00,surfline_trevone_20260217_0840
-553675.4350892561,6541239.443882439,-102.49326720000047,0.6290726817042607,2026-02-17 08:40:00+00:00,surfline_trevone_20260217_0840
-553675.4350892561,6541239.443882439,-102.49326720000047,0.631578947368421,2026-02-17 08:40:00+00:00,surfline_trevone_20260217_0840
-553675.4350892561,6541239.443882439,-102.49326720000047,0.6340852130325814,2026-02-17 08:40:00+00:00,surfline_trevone_20260217_0840
-553675.4350892561,6541239.443882439,-102.49326720000047,0.6365914786967418,2026-02-17 08:40:00+00:00,surfline_trevone_20260217_0840
-553675.4350892561,6541239.443882439,-102.49326720000047,0.6390977443609023,2026-02-17 08:40:00+00:00,surfline_trevone_20260217_0840
-553675.4350892561,6541239.443882439,-102.49326720000047,0.6416040100250626,2026-02-17 08:40:00+00:00,surfline_trevone_20260217_0840
-553675.4350892561,6541239.443882439,-102.49326720000047,0.644110275689223,2026-02-17 08:40:00+00:00,surfline_trevone_20260217_0840
-553675.4350892561,6541239.443882439,-102.49326720000047,0.6466165413533834,2026-02-17 08:40:00+00:00,surfline_trevone_20260217_0840
-553675.4350892561,6541239.443882439,-102.49326720000047,0.6491228070175439,2026-02-17 08:40:00+00:00,surfline_trevone_20260217_0840
-553675.4350892561,6541239.443882439,-102.49326720000047,0.6516290726817042,2026-02-17 08:40:00+00:00,surfline_trevone_20260217_0840
-553675.4350892561,6541239.443882439,-102.49326720000047,0.6541353383458646,2026-02-17 08:40:00+00:00,surfline_trevone_20260217_0840
-553675.4350892561,6541239.443882439,-102.49326720000047,0.656641604010025,2026-02-17 08:40:00+00:00,surfline_trevone_20260217_0840
-553675.4350892561,6541239.443882439,-102.49326720000047,0.6591478696741855,2026-02-17 08:40:00+00:00,surfline_trevone_20260217_0840
-553675.4350892561,6541239.443882439,-102.49326720000047,0.6616541353383458,2026-02-17 08:40:00+00:00,surfline_trevone_20260217_0840
-553675.4350892561,6541239.443882439,-102.49326720000047,0.6641604010025062,2026-02-17 08:40:00+00:00,surfline_trevone_20260217_0840
-553675.4350892561,6541239.443882439,-102.49326720000047,0.6666666666666666,2026-02-17 08:40:00+00:00,surfline_trevone_20260217_0840
-553675.4350892561,6541239.443882439,-102.49326720000047,0.6691729323308271,2026-02-17 08:40:00+00:00,surfline_trevone_20260217_0840
-553675.4350892561,6541239.443882439,-102.49326720000047,0.6716791979949874,2026-02-17 08:40:00+00:00,surfline_trevone_20260217_0840
-553675.4350892561,6541239.443882439,-102.49326720000047,0.6741854636591478,2026-02-17 08:40:00+00:00,surfline_trevone_20260217_0840
-553675.4350892561,6541239.443882439,-102.49326720000047,0.6766917293233082,2026-02-17 08:40:00+00:00,surfline_trevone_20260217_0840
-553675.4350892561,6541239.443882439,-102.49326720000047,0.6791979949874687,2026-02-17 08:40:00+00:00,surfline_trevone_20260217_0840
-553675.4350892561,6541239.443882439,-102.49326720000047,0.681704260651629,2026-02-17 08:40:00+00:00,surfline_trevone_20260217_0840
-553675.4350892561,6541239.443882439,-102.49326720000047,0.6842105263157894,2026-02-17 08:40:00+00:00,surfline_trevone_20260217_0840
-553675.4350892561,6541239.443882439,-102.49326720000047,0.6867167919799498,2026-02-17 08:40:00+00:00,surfline_trevone_20260217_0840
-553675.4350892561,6541239.443882439,-102.49326720000047,0.6892230576441103,2026-02-17 08:40:00+00:00,surfline_trevone_20260217_0840
-553675.4350892561,6541239.443882439,-102.49326720000047,0.6917293233082706,2026-02-17 08:40:00+00:00,surfline_trevone_20260217_0840
-553675.4350892561,6541239.443882439,-102.49326720000047,0.694235588972431,2026-02-17 08:40:00+00:00,surfline_trevone_20260217_0840
-553675.4350892561,6541239.443882439,-102.49326720000047,0.6967418546365914,2026-02-17 08:40:00+00:00,surfline_trevone_20260217_0840
-553675.4350892561,6541239.443882439,-102.49326720000047,0.6992481203007519,2026-02-17 08:40:00+00:00,surfline_trevone_20260217_0840
-553675.4350892561,6541239.443882439,-102.49326720000047,0.7017543859649122,2026-02-17 08:40:00+00:00,surfline_trevone_20260217_0840
-553675.4350892561,6541239.443882439,-102.49326720000047,0.7042606516290726,2026-02-17 08:40:00+00:00,surfline_trevone_20260217_0840
-553675.4350892561,6541239.443882439,-102.49326720000047,0.706766917293233,2026-02-17 08:40:00+00:00,surfline_trevone_20260217_0840
-553675.4350892561,6541239.443882439,-102.49326720000047,0.7092731829573935,2026-02-17 08:40:00+00:00,surfline_trevone_20260217_0840
-553675.4350892561,6541239.443882439,-102.49326720000047,0.7117794486215538,2026-02-17 08:40:00+00:00,surfline_trevone_20260217_0840
-553675.4350892561,6541239.443882439,-102.49326720000047,0.7142857142857142,2026-02-17 08:40:00+00:00,surfline_trevone_20260217_0840
-553675.4350892561,6541239.443882439,-102.49326720000047,0.7167919799498746,2026-02-17 08:40:00+00:00,surfline_trevone_20260217_0840
-553675.4350892561,6541239.443882439,-102.49326720000047,0.7192982456140351,2026-02-17 08:40:00+00:00,surfline_trevone_20260217_0840
-553675.4350892561,6541239.443882439,-102.49326720000047,0.7218045112781954,2026-02-17 08:40:00+00:00,surfline_trevone_20260217_0840
-553675.4350892561,6541239.443882439,-102.49326720000047,0.7243107769423558,2026-02-17 08:40:00+00:00,surfline_trevone_20260217_0840
-553675.4350892561,6541239.443882439,-102.49326720000047,0.7268170426065163,2026-02-17 08:40:00+00:00,surfline_trevone_20260217_0840
-553675.4350892561,6541239.443882439,-102.49326720000047,0.7293233082706767,2026-02-17 08:40:00+00:00,surfline_trevone_20260217_0840
-553675.4350892561,6541239.443882439,-102.49326720000047,0.731829573934837,2026-02-17 08:40:00+00:00,surfline_trevone_20260217_0840
-553675.4350892561,6541239.443882439,-102.49326720000047,0.7343358395989974,2026-02-17 08:40:00+00:00,surfline_trevone_20260217_0840
-553675.4350892561,6541239.443882439,-102.49326720000047,0.7368421052631579,2026-02-17 08:40:00+00:00,surfline_trevone_20260217_0840
-553675.4350892561,6541239.443882439,-102.49326720000047,0.7393483709273183,2026-02-17 08:40:00+00:00,surfline_trevone_20260217_0840
-553675.4350892561,6541239.443882439,-102.49326720000047,0.7418546365914787,2026-02-17 08:40:00+00:00,surfline_trevone_20260217_0840
-553675.4350892561,6541239.443882439,-102.49326720000047,0.744360902255639,2026-02-17 08:40:00+00:00,surfline_trevone_20260217_0840
-553675.4350892561,6541239.443882439,-102.49326720000047,0.7468671679197995,2026-02-17 08:40:00+00:00,surfline_trevone_20260217_0840
-553675.4350892561,6541239.443882439,-102.49326720000047,0.7493734335839599,2026-02-17 08:40:00+00:00,surfline_trevone_20260217_0840
-553675.4350892561,6541239.443882439,-102.49326720000047,0.7518796992481203,2026-02-17 08:40:00+00:00,surfline_trevone_20260217_0840
-553675.4350892561,6541239.443882439,-102.49326720000047,0.7543859649122806,2026-02-17 08:40:00+00:00,surfline_trevone_20260217_0840
-553675.4350892561,6541239.443882439,-102.49326720000047,0.7568922305764411,2026-02-17 08:40:00+00:00,surfline_trevone_20260217_0840
-553675.4350892561,6541239.443882439,-102.49326720000047,0.7593984962406015,2026-02-17 08:40:00+00:00,surfline_trevone_20260217_0840
-553675.4350892561,6541239.443882439,-102.49326720000047,0.7619047619047619,2026-02-17 08:40:00+00:00,surfline_trevone_20260217_0840
-553675.4350892561,6541239.443882439,-102.49326720000047,0.7644110275689222,2026-02-17 08:40:00+00:00,surfline_trevone_20260217_0840
-553675.4350892561,6541239.443882439,-102.49326720000047,0.7669172932330827,2026-02-17 08:40:00+00:00,surfline_trevone_20260217_0840
-553675.4350892561,6541239.443882439,-102.49326720000047,0.7694235588972431,2026-02-17 08:40:00+00:00,surfline_trevone_20260217_0840
-553675.4350892561,6541239.443882439,-102.49326720000047,0.7719298245614035,2026-02-17 08:40:00+00:00,surfline_trevone_20260217_0840
-553675.4350892561,6541239.443882439,-102.49326720000047,0.7744360902255638,2026-02-17 08:40:00+00:00,surfline_trevone_20260217_0840
-553675.4350892561,6541239.443882439,-102.49326720000047,0.7769423558897243,2026-02-17 08:40:00+00:00,surfline_trevone_20260217_0840
-553675.4350892561,6541239.443882439,-102.49326720000047,0.7794486215538847,2026-02-17 08:40:00+00:00,surfline_trevone_20260217_0840
-553675.4350892561,6541239.443882439,-102.49326720000047,0.7819548872180451,2026-02-17 08:40:00+00:00,surfline_trevone_20260217_0840
-553675.4350892561,6541239.443882439,-102.49326720000047,0.7844611528822054,2026-02-17 08:40:00+00:00,surfline_trevone_20260217_0840
-553675.4350892561,6541239.443882439,-102.49326720000047,0.7869674185463659,2026-02-17 08:40:00+00:00,surfline_trevone_20260217_0840
-553675.4350892561,6541239.443882439,-102.49326720000047,0.7894736842105263,2026-02-17 08:40:00+00:00,surfline_trevone_20260217_0840
-553675.4350892561,6541239.443882439,-102.49326720000047,0.7919799498746867,2026-02-17 08:40:00+00:00,surfline_trevone_20260217_0840
-553675.4350892561,6541239.443882439,-102.49326720000047,0.794486215538847,2026-02-17 08:40:00+00:00,surfline_trevone_20260217_0840
-553675.4350892561,6541239.443882439,-102.49326720000047,0.7969924812030075,2026-02-17 08:40:00+00:00,surfline_trevone_20260217_0840
-553675.4350892561,6541239.443882439,-102.49326720000047,0.7994987468671679,2026-02-17 08:40:00+00:00,surfline_trevone_20260217_0840
-553675.4350892561,6541239.443882439,-102.49326720000047,0.8020050125313283,2026-02-17 08:40:00+00:00,surfline_trevone_20260217_0840
-553675.4350892561,6541239.443882439,-102.49326720000047,0.8045112781954886,2026-02-17 08:40:00+00:00,surfline_trevone_20260217_0840
-553675.4350892561,6541239.443882439,-102.49326720000047,0.8070175438596491,2026-02-17 08:40:00+00:00,surfline_trevone_20260217_0840
-553675.4350892561,6541239.443882439,-102.49326720000047,0.8095238095238095,2026-02-17 08:40:00+00:00,surfline_trevone_20260217_0840
-553675.4350892561,6541239.443882439,-102.49326720000047,0.8120300751879699,2026-02-17 08:40:00+00:00,surfline_trevone_20260217_0840
-553675.4350892561,6541239.443882439,-102.49326720000047,0.8145363408521302,2026-02-17 08:40:00+00:00,surfline_trevone_20260217_0840
-553675.4350892561,6541239.443882439,-102.49326720000047,0.8170426065162907,2026-02-17 08:40:00+00:00,surfline_trevone_20260217_0840
-553675.4350892561,6541239.443882439,-102.49326720000047,0.8195488721804511,2026-02-17 08:40:00+00:00,surfline_trevone_20260217_0840
-553675.4350892561,6541239.443882439,-102.49326720000047,0.8220551378446115,2026-02-17 08:40:00+00:00,surfline_trevone_20260217_0840
-553675.4350892561,6541239.443882439,-102.49326720000047,0.8245614035087718,2026-02-17 08:40:00+00:00,surfline_trevone_20260217_0840
-553675.4350892561,6541239.443882439,-102.49326720000047,0.8270676691729323,2026-02-17 08:40:00+00:00,surfline_trevone_20260217_0840
-553675.4350892561,6541239.443882439,-102.49326720000047,0.8295739348370927,2026-02-17 08:40:00+00:00,surfline_trevone_20260217_0840
-553675.4350892561,6541239.443882439,-102.49326720000047,0.8320802005012531,2026-02-17 08:40:00+00:00,surfline_trevone_20260217_0840
-553675.4350892561,6541239.443882439,-102.49326720000047,0.8345864661654134,2026-02-17 08:40:00+00:00,surfline_trevone_20260217_0840
-553675.4350892561,6541239.443882439,-102.49326720000047,0.8370927318295739,2026-02-17 08:40:00+00:00,surfline_trevone_20260217_0840
-553675.4350892561,6541239.443882439,-102.49326720000047,0.8395989974937343,2026-02-17 08:40:00+00:00,surfline_trevone_20260217_0840
-553675.4350892561,6541239.443882439,-102.49326720000047,0.8421052631578947,2026-02-17 08:40:00+00:00,surfline_trevone_20260217_0840
-553675.4350892561,6541239.443882439,-102.49326720000047,0.844611528822055,2026-02-17 08:40:00+00:00,surfline_trevone_20260217_0840
-553675.4350892561,6541239.443882439,-102.49326720000047,0.8471177944862155,2026-02-17 08:40:00+00:00,surfline_trevone_20260217_0840
-553675.4350892561,6541239.443882439,-102.49326720000047,0.849624060150376,2026-02-17 08:40:00+00:00,surfline_trevone_20260217_0840
-553675.4350892561,6541239.443882439,-102.49326720000047,0.8521303258145363,2026-02-17 08:40:00+00:00,surfline_trevone_20260217_0840
-553675.4350892561,6541239.443882439,-102.49326720000047,0.8546365914786966,2026-02-17 08:40:00+00:00,surfline_trevone_20260217_0840
-553675.4350892561,6541239.443882439,-102.49326720000047,0.8571428571428571,2026-02-17 08:40:00+00:00,surfline_trevone_20260217_0840
-553675.4350892561,6541239.443882439,-102.49326720000047,0.8596491228070176,2026-02-17 08:40:00+00:00,surfline_trevone_20260217_0840
-553675.4350892561,6541239.443882439,-102.49326720000047,0.8621553884711779,2026-02-17 08:40:00+00:00,surfline_trevone_20260217_0840
-553675.4350892561,6541239.443882439,-102.49326720000047,0.8646616541353382,2026-02-17 08:40:00+00:00,surfline_trevone_20260217_0840
-553675.4350892561,6541239.443882439,-102.49326720000047,0.8671679197994987,2026-02-17 08:40:00+00:00,surfline_trevone_20260217_0840
-553675.4350892561,6541239.443882439,-102.49326720000047,0.8696741854636592,2026-02-17 08:40:00+00:00,surfline_trevone_20260217_0840
-553675.4350892561,6541239.443882439,-102.49326720000047,0.8721804511278195,2026-02-17 08:40:00+00:00,surfline_trevone_20260217_0840
-553675.4350892561,6541239.443882439,-102.49326720000047,0.8746867167919798,2026-02-17 08:40:00+00:00,surfline_trevone_20260217_0840
-553675.4350892561,6541239.443882439,-102.49326720000047,0.8771929824561403,2026-02-17 08:40:00+00:00,surfline_trevone_20260217_0840
-553675.4350892561,6541239.443882439,-102.49326720000047,0.8796992481203008,2026-02-17 08:40:00+00:00,surfline_trevone_20260217_0840
-553675.4350892561,6541239.443882439,-102.49326720000047,0.8822055137844611,2026-02-17 08:40:00+00:00,surfline_trevone_20260217_0840
-553675.4350892561,6541239.443882439,-102.49326720000047,0.8847117794486214,2026-02-17 08:40:00+00:00,surfline_trevone_20260217_0840
-553675.4350892561,6541239.443882439,-102.49326720000047,0.8872180451127819,2026-02-17 08:40:00+00:00,surfline_trevone_20260217_0840
-553675.4350892561,6541239.443882439,-102.49326720000047,0.8897243107769424,2026-02-17 08:40:00+00:00,surfline_trevone_20260217_0840
-553675.4350892561,6541239.443882439,-102.49326720000047,0.8922305764411027,2026-02-17 08:40:00+00:00,surfline_trevone_20260217_0840
-553675.4350892561,6541239.443882439,-102.49326720000047,0.894736842105263,2026-02-17 08:40:00+00:00,surfline_trevone_20260217_0840
-553675.4350892561,6541239.443882439,-102.49326720000047,0.8972431077694235,2026-02-17 08:40:00+00:00,surfline_trevone_20260217_0840
-553675.4350892561,6541239.443882439,-102.49326720000047,0.899749373433584,2026-02-17 08:40:00+00:00,surfline_trevone_20260217_0840
-553675.4350892561,6541239.443882439,-102.49326720000047,0.9022556390977443,2026-02-17 08:40:00+00:00,surfline_trevone_20260217_0840
-553675.4350892561,6541239.443882439,-102.49326720000047,0.9047619047619047,2026-02-17 08:40:00+00:00,surfline_trevone_20260217_0840
-553675.4350892561,6541239.443882439,-102.49326720000047,0.9072681704260651,2026-02-17 08:40:00+00:00,surfline_trevone_20260217_0840
-553675.4350892561,6541239.443882439,-102.49326720000047,0.9097744360902256,2026-02-17 08:40:00+00:00,surfline_trevone_20260217_0840
-553675.4350892561,6541239.443882439,-102.49326720000047,0.9122807017543859,2026-02-17 08:40:00+00:00,surfline_trevone_20260217_0840
-553675.4350892561,6541239.443882439,-102.49326720000047,0.9147869674185463,2026-02-17 08:40:00+00:00,surfline_trevone_20260217_0840
-553675.4350892561,6541239.443882439,-102.49326720000047,0.9172932330827067,2026-02-17 08:40:00+00:00,surfline_trevone_20260217_0840
-553675.4350892561,6541239.443882439,-102.49326720000047,0.9197994987468672,2026-02-17 08:40:00+00:00,surfline_trevone_20260217_0840
-553675.4350892561,6541239.443882439,-102.49326720000047,0.9223057644110275,2026-02-17 08:40:00+00:00,surfline_trevone_20260217_0840
-553675.4350892561,6541239.443882439,-102.49326720000047,0.9248120300751879,2026-02-17 08:40:00+00:00,surfline_trevone_20260217_0840
-553675.4350892561,6541239.443882439,-102.49326720000047,0.9273182957393483,2026-02-17 08:40:00+00:00,surfline_trevone_20260217_0840
-553675.4350892561,6541239.443882439,-102.49326720000047,0.9298245614035088,2026-02-17 08:40:00+00:00,surfline_trevone_20260217_0840
-553675.4350892561,6541239.443882439,-102.49326720000047,0.9323308270676691,2026-02-17 08:40:00+00:00,surfline_trevone_20260217_0840
-553675.4350892561,6541239.443882439,-102.49326720000047,0.9348370927318295,2026-02-17 08:40:00+00:00,surfline_trevone_20260217_0840
-553675.4350892561,6541239.443882439,-102.49326720000047,0.9373433583959899,2026-02-17 08:40:00+00:00,surfline_trevone_20260217_0840
-553675.4350892561,6541239.443882439,-102.49326720000047,0.9398496240601504,2026-02-17 08:40:00+00:00,surfline_trevone_20260217_0840
-553675.4350892561,6541239.443882439,-102.49326720000047,0.9423558897243107,2026-02-17 08:40:00+00:00,surfline_trevone_20260217_0840
-553675.4350892561,6541239.443882439,-102.49326720000047,0.9448621553884711,2026-02-17 08:40:00+00:00,surfline_trevone_20260217_0840
-553675.4350892561,6541239.443882439,-102.49326720000047,0.9473684210526315,2026-02-17 08:40:00+00:00,surfline_trevone_20260217_0840
-553675.4350892561,6541239.443882439,-102.49326720000047,0.949874686716792,2026-02-17 08:40:00+00:00,surfline_trevone_20260217_0840
-553675.4350892561,6541239.443882439,-102.49326720000047,0.9523809523809523,2026-02-17 08:40:00+00:00,surfline_trevone_20260217_0840
-553675.4350892561,6541239.443882439,-102.49326720000047,0.9548872180451127,2026-02-17 08:40:00+00:00,surfline_trevone_20260217_0840
-553675.4350892561,6541239.443882439,-102.49326720000047,0.9573934837092731,2026-02-17 08:40:00+00:00,surfline_trevone_20260217_0840
-553675.4350892561,6541239.443882439,-102.49326720000047,0.9598997493734336,2026-02-17 08:40:00+00:00,surfline_trevone_20260217_0840
-553675.4350892561,6541239.443882439,-102.49326720000047,0.9624060150375939,2026-02-17 08:40:00+00:00,surfline_trevone_20260217_0840
-553675.4350892561,6541239.443882439,-102.49326720000047,0.9649122807017543,2026-02-17 08:40:00+00:00,surfline_trevone_20260217_0840
-553675.4350892561,6541239.443882439,-102.49326720000047,0.9674185463659147,2026-02-17 08:40:00+00:00,surfline_trevone_20260217_0840
-553675.4350892561,6541239.443882439,-102.49326720000047,0.9699248120300752,2026-02-17 08:40:00+00:00,surfline_trevone_20260217_0840
-553675.4350892561,6541239.443882439,-102.49326720000047,0.9724310776942355,2026-02-17 08:40:00+00:00,surfline_trevone_20260217_0840
-553675.4350892561,6541239.443882439,-102.49326720000047,0.9749373433583959,2026-02-17 08:40:00+00:00,surfline_trevone_20260217_0840
-553675.4350892561,6541239.443882439,-102.49326720000047,0.9774436090225563,2026-02-17 08:40:00+00:00,surfline_trevone_20260217_0840
-553675.4350892561,6541239.443882439,-102.49326720000047,0.9799498746867168,2026-02-17 08:40:00+00:00,surfline_trevone_20260217_0840
-553675.4350892561,6541239.443882439,-102.49326720000047,0.9824561403508771,2026-02-17 08:40:00+00:00,surfline_trevone_20260217_0840
-553675.4350892561,6541239.443882439,-102.49326720000047,0.9849624060150375,2026-02-17 08:40:00+00:00,surfline_trevone_20260217_0840
-553675.4350892561,6541239.443882439,-102.49326720000047,0.9874686716791979,2026-02-17 08:40:00+00:00,surfline_trevone_20260217_0840
-553675.4350892561,6541239.443882439,-102.49326720000047,0.9899749373433584,2026-02-17 08:40:00+00:00,surfline_trevone_20260217_0840
-553675.4350892561,6541239.443882439,-102.49326720000047,0.9924812030075187,2026-02-17 08:40:00+00:00,surfline_trevone_20260217_0840
-553675.4350892561,6541239.443882439,-102.49326720000047,0.9949874686716791,2026-02-17 08:40:00+00:00,surfline_trevone_20260217_0840
-553675.4350892561,6541239.443882439,-102.49326720000047,0.9974937343358395,2026-02-17 08:40:00+00:00,surfline_trevone_20260217_0840
-553675.4350892561,6541239.443882439,-102.49326720000047,1.0,2026-02-17 08:40:00+00:00,surfline_trevone_20260217_0840
-553601.4808539322,6541279.083677659,-102.62494080000047,0.0,2026-02-17 09:16:00+00:00,surfline_trevone_20260217_0916
-553601.489261185,6541278.693617846,-102.62494080000047,0.002506265664160401,2026-02-17 09:16:00+00:00,surfline_trevone_20260217_0916
-553601.7275561125,6541278.370678436,-102.62494080000047,0.005012531328320802,2026-02-17 09:16:00+00:00,surfline_trevone_20260217_0916
-553602.4848861035,6541278.199281965,-102.62494080000047,0.007518796992481203,2026-02-17 09:16:00+00:00,surfline_trevone_20260217_0916
-553603.2422163024,6541278.027885704,-102.62494080000047,0.010025062656641603,2026-02-17 09:16:00+00:00,surfline_trevone_20260217_0916
-553603.5285874638,6541277.718983301,-102.62494080000047,0.012531328320802004,2026-02-17 09:16:00+00:00,surfline_trevone_20260217_0916
-553603.8559834523,6541277.4220588,-102.62494080000047,0.015037593984962405,2026-02-17 09:16:00+00:00,surfline_trevone_20260217_0916
-553604.1833793968,6541277.125134139,-102.62494080000047,0.017543859649122806,2026-02-17 09:16:00+00:00,surfline_trevone_20260217_0916
-553604.7286934841,6541276.891835363,-102.62494080000047,0.020050125313283207,2026-02-17 09:16:00+00:00,surfline_trevone_20260217_0916
-553605.0560895164,6541276.594911024,-102.62494080000047,0.022556390977443608,2026-02-17 09:16:00+00:00,surfline_trevone_20260217_0916
-553605.294798896,6541276.272092623,-102.62494080000047,0.02506265664160401,2026-02-17 09:16:00+00:00,surfline_trevone_20260217_0916
-553605.192260792,6541275.849639771,-102.62494080000047,0.02756892230576441,2026-02-17 09:16:00+00:00,surfline_trevone_20260217_0916
-553605.08972257,6541275.427187032,-102.62494080000047,0.03007518796992481,2026-02-17 09:16:00+00:00,surfline_trevone_20260217_0916
-553605.4014961406,6541275.12570139,-102.62494080000047,0.03258145363408521,2026-02-17 09:16:00+00:00,surfline_trevone_20260217_0916
-553605.7288921291,6541274.8287768895,-102.62494080000047,0.03508771929824561,2026-02-17 09:16:00+00:00,surfline_trevone_20260217_0916
-553606.2742061736,6541274.595477953,-102.62494080000047,0.03759398496240601,2026-02-17 09:16:00+00:00,surfline_trevone_20260217_0916
-553606.352279253,6541274.225758442,-102.62494080000047,0.040100250626566414,2026-02-17 09:16:00+00:00,surfline_trevone_20260217_0916
-553606.9289981938,6541274.001629114,-102.62494080000047,0.042606516290726815,2026-02-17 09:16:00+00:00,surfline_trevone_20260217_0916
-553606.8707232509,6541273.59209996,-102.62494080000047,0.045112781954887216,2026-02-17 09:16:00+00:00,surfline_trevone_20260217_0916
-553607.1981191953,6541273.295175299,-102.62494080000047,0.047619047619047616,2026-02-17 09:16:00+00:00,surfline_trevone_20260217_0916
-553607.8389163233,6541273.089754784,-102.62494080000047,0.05012531328320802,2026-02-17 09:16:00+00:00,surfline_trevone_20260217_0916
-553607.4392339333,6541272.580544771,-102.62494080000047,0.05263157894736842,2026-02-17 09:16:00+00:00,surfline_trevone_20260217_0916
-553608.196564133,6541272.409148508,-102.62494080000047,0.05513784461152882,2026-02-17 09:16:00+00:00,surfline_trevone_20260217_0916
-553608.5327857822,6541272.114800696,-102.62494080000047,0.05764411027568922,2026-02-17 09:16:00+00:00,surfline_trevone_20260217_0916
-553608.5876454953,6541271.738303708,-102.62494080000047,0.06015037593984962,2026-02-17 09:16:00+00:00,surfline_trevone_20260217_0916
-553608.4851072723,6541271.3158509685,-102.62494080000047,0.06265664160401002,2026-02-17 09:16:00+00:00,surfline_trevone_20260217_0916
-553608.3825691682,6541270.893398116,-102.62494080000047,0.06516290726817042,2026-02-17 09:16:00+00:00,surfline_trevone_20260217_0916
-553608.3193411621,6541270.482422877,-102.62494080000047,0.06766917293233082,2026-02-17 09:16:00+00:00,surfline_trevone_20260217_0916
-553609.0766714778,6541270.311026734,-102.62494080000047,0.07017543859649122,2026-02-17 09:16:00+00:00,surfline_trevone_20260217_0916
-553609.8340016776,6541270.139630472,-102.62494080000047,0.07268170426065163,2026-02-17 09:16:00+00:00,surfline_trevone_20260217_0916
-553610.3366071342,6541269.893861875,-102.62494080000047,0.07518796992481203,2026-02-17 09:16:00+00:00,surfline_trevone_20260217_0916
-553610.2340689121,6541269.471409136,-102.62494080000047,0.07769423558897243,2026-02-17 09:16:00+00:00,surfline_trevone_20260217_0916
-553610.1545840941,6541269.055687467,-102.62494080000047,0.08020050125313283,2026-02-17 09:16:00+00:00,surfline_trevone_20260217_0916
-553610.5492968848,6541268.778417507,-102.62494080000047,0.08270676691729323,2026-02-17 09:16:00+00:00,surfline_trevone_20260217_0916
-553611.3066268788,6541268.607021039,-102.62494080000047,0.08521303258145363,2026-02-17 09:16:00+00:00,surfline_trevone_20260217_0916
-553611.9331965124,6541268.39744651,-102.62494080000047,0.08771929824561403,2026-02-17 09:16:00+00:00,surfline_trevone_20260217_0916
-553612.0855685391,6541268.049420269,-102.62494080000047,0.09022556390977443,2026-02-17 09:16:00+00:00,surfline_trevone_20260217_0916
-553611.9830303162,6541267.62696753,-102.62494080000047,0.09273182957393483,2026-02-17 09:16:00+00:00,surfline_trevone_20260217_0916
-553611.8804922111,6541267.20451468,-102.62494080000047,0.09523809523809523,2026-02-17 09:16:00+00:00,surfline_trevone_20260217_0916
-553611.777953989,6541266.782061941,-102.62494080000047,0.09774436090225563,2026-02-17 09:16:00+00:00,surfline_trevone_20260217_0916
-553612.1867344278,6541266.508899472,-102.62494080000047,0.10025062656641603,2026-02-17 09:16:00+00:00,surfline_trevone_20260217_0916
-553612.9440646276,6541266.33750321,-102.62494080000047,0.10275689223057644,2026-02-17 09:16:00+00:00,surfline_trevone_20260217_0916
-553613.671544667,6541266.157391426,-102.62494080000047,0.10526315789473684,2026-02-17 09:16:00+00:00,surfline_trevone_20260217_0916
-553613.7319919554,6541265.7825257,-102.62494080000047,0.10776942355889724,2026-02-17 09:16:00+00:00,surfline_trevone_20260217_0916
-553613.6294536162,6541265.360073073,-102.62494080000047,0.11027568922305764,2026-02-17 09:16:00+00:00,surfline_trevone_20260217_0916
-553613.5269153934,6541264.937620333,-102.62494080000047,0.11278195488721804,2026-02-17 09:16:00+00:00,surfline_trevone_20260217_0916
-553613.6453479673,6541264.579684471,-102.62494080000047,0.11528822055137844,2026-02-17 09:16:00+00:00,surfline_trevone_20260217_0916
-553614.4026783695,6541264.408288415,-102.62494080000047,0.11779448621553884,2026-02-17 09:16:00+00:00,surfline_trevone_20260217_0916
-553615.1600085694,6541264.236892153,-102.62494080000047,0.12030075187969924,2026-02-17 09:16:00+00:00,surfline_trevone_20260217_0916
-553615.4809534766,6541263.93808398,-102.62494080000047,0.12280701754385964,2026-02-17 09:16:00+00:00,surfline_trevone_20260217_0916
-553615.3784152545,6541263.515631242,-102.62494080000047,0.12531328320802004,2026-02-17 09:16:00+00:00,surfline_trevone_20260217_0916
-553615.4861784446,6541263.154580522,-102.62494080000047,0.12781954887218044,2026-02-17 09:16:00+00:00,surfline_trevone_20260217_0916
-553615.8135744327,6541262.857656022,-102.62494080000047,0.13032581453634084,2026-02-17 09:16:00+00:00,surfline_trevone_20260217_0916
-553616.1409703783,6541262.560731364,-102.62494080000047,0.13283208020050125,2026-02-17 09:16:00+00:00,surfline_trevone_20260217_0916
-553616.1503577433,6541262.170957691,-102.62494080000047,0.13533834586466165,2026-02-17 09:16:00+00:00,surfline_trevone_20260217_0916
-553616.2423386343,6541261.805298939,-102.62494080000047,0.13784461152882205,2026-02-17 09:16:00+00:00,surfline_trevone_20260217_0916
-553616.5697346227,6541261.508374439,-102.62494080000047,0.14035087719298245,2026-02-17 09:16:00+00:00,surfline_trevone_20260217_0916
-553616.8971305675,6541261.2114497805,-102.62494080000047,0.14285714285714285,2026-02-17 09:16:00+00:00,surfline_trevone_20260217_0916
-553616.9223003318,6541260.826284045,-102.62494080000047,0.14536340852130325,2026-02-17 09:16:00+00:00,surfline_trevone_20260217_0916
-553616.819761993,6541260.403831419,-102.62494080000047,0.14786967418546365,2026-02-17 09:16:00+00:00,surfline_trevone_20260217_0916
-553617.113058725,6541260.096950931,-102.62494080000047,0.15037593984962405,2026-02-17 09:16:00+00:00,surfline_trevone_20260217_0916
-553617.8703887209,6541259.925554465,-102.62494080000047,0.15288220551378445,2026-02-17 09:16:00+00:00,surfline_trevone_20260217_0916
-553618.5591931432,6541259.734150677,-102.62494080000047,0.15538847117794485,2026-02-17 09:16:00+00:00,surfline_trevone_20260217_0916
-553618.7737999596,6541259.404295177,-102.62494080000047,0.15789473684210525,2026-02-17 09:16:00+00:00,surfline_trevone_20260217_0916
-553618.6712617368,6541258.981842438,-102.62494080000047,0.16040100250626566,2026-02-17 09:16:00+00:00,surfline_trevone_20260217_0916
-553618.5687236305,6541258.559389588,-102.62494080000047,0.16290726817042606,2026-02-17 09:16:00+00:00,surfline_trevone_20260217_0916
-553618.4661854085,6541258.136936849,-102.62494080000047,0.16541353383458646,2026-02-17 09:16:00+00:00,surfline_trevone_20260217_0916
-553618.4606539361,6541257.742807396,-102.62494080000047,0.16791979949874686,2026-02-17 09:16:00+00:00,surfline_trevone_20260217_0916
-553618.7880499245,6541257.445882895,-102.62494080000047,0.17042606516290726,2026-02-17 09:16:00+00:00,surfline_trevone_20260217_0916
-553619.3009791358,6541257.203128534,-102.62494080000047,0.17293233082706766,2026-02-17 09:16:00+00:00,surfline_trevone_20260217_0916
-553619.8535954664,6541256.971961945,-102.62494080000047,0.17543859649122806,2026-02-17 09:16:00+00:00,surfline_trevone_20260217_0916
-553620.1809914547,6541256.675037445,-102.62494080000047,0.17794486215538846,2026-02-17 09:16:00+00:00,surfline_trevone_20260217_0916
-553620.3155519342,6541256.321810461,-102.62494080000047,0.18045112781954886,2026-02-17 09:16:00+00:00,surfline_trevone_20260217_0916
-553620.6429479223,6541256.024885961,-102.62494080000047,0.18295739348370926,2026-02-17 09:16:00+00:00,surfline_trevone_20260217_0916
-553620.970343953,6541255.7279616175,-102.62494080000047,0.18546365914786966,2026-02-17 09:16:00+00:00,surfline_trevone_20260217_0916
-553621.515658042,6541255.494662841,-102.62494080000047,0.18796992481203006,2026-02-17 09:16:00+00:00,surfline_trevone_20260217_0916
-553621.8430539872,6541255.197738184,-102.62494080000047,0.19047619047619047,2026-02-17 09:16:00+00:00,surfline_trevone_20260217_0916
-553622.0666466737,6541254.870506151,-102.62494080000047,0.19298245614035087,2026-02-17 09:16:00+00:00,surfline_trevone_20260217_0916
-553620.782012908,6541254.102916166,-102.62494080000047,0.19548872180451127,2026-02-17 09:16:00+00:00,surfline_trevone_20260217_0916
-553619.907627394,6541253.455106612,-102.62494080000047,0.19799498746867167,2026-02-17 09:16:00+00:00,surfline_trevone_20260217_0916
-553620.2350233208,6541253.158181887,-102.62494080000047,0.20050125313283207,2026-02-17 09:16:00+00:00,surfline_trevone_20260217_0916
-553620.5875019431,6541252.868580785,-102.62494080000047,0.20300751879699247,2026-02-17 09:16:00+00:00,surfline_trevone_20260217_0916
-553620.9148979745,6541252.571656442,-102.62494080000047,0.20551378446115287,2026-02-17 09:16:00+00:00,surfline_trevone_20260217_0916
-553621.2422939629,6541252.2747319415,-102.62494080000047,0.20802005012531327,2026-02-17 09:16:00+00:00,surfline_trevone_20260217_0916
-553621.3488791167,6541251.913336979,-102.62494080000047,0.21052631578947367,2026-02-17 09:16:00+00:00,surfline_trevone_20260217_0916
-553621.2463408946,6541251.490884241,-102.62494080000047,0.21303258145363407,2026-02-17 09:16:00+00:00,surfline_trevone_20260217_0916
-553621.1438025562,6541251.068431613,-102.62494080000047,0.21553884711779447,2026-02-17 09:16:00+00:00,surfline_trevone_20260217_0916
-553619.8591689051,6541250.300841518,-102.62494080000047,0.21804511278195488,2026-02-17 09:16:00+00:00,surfline_trevone_20260217_0916
-553618.8419220578,6541249.611320417,-102.62494080000047,0.22055137844611528,2026-02-17 09:16:00+00:00,surfline_trevone_20260217_0916
-553619.5992522566,6541249.439924156,-102.62494080000047,0.22305764411027568,2026-02-17 09:16:00+00:00,surfline_trevone_20260217_0916
-553620.3565826577,6541249.2685281,-102.62494080000047,0.22556390977443608,2026-02-17 09:16:00+00:00,surfline_trevone_20260217_0916
-553620.6311114439,6541248.95616792,-102.62494080000047,0.22807017543859648,2026-02-17 09:16:00+00:00,surfline_trevone_20260217_0916
-553620.528573338,6541248.533715069,-102.62494080000047,0.23057644110275688,2026-02-17 09:16:00+00:00,surfline_trevone_20260217_0916
-553620.4260349994,6541248.111262443,-102.62494080000047,0.23308270676691728,2026-02-17 09:16:00+00:00,surfline_trevone_20260217_0916
-553620.3234967764,6541247.688809703,-102.62494080000047,0.23558897243107768,2026-02-17 09:16:00+00:00,surfline_trevone_20260217_0916
-553620.2209586708,6541247.266356853,-102.62494080000047,0.23809523809523808,2026-02-17 09:16:00+00:00,surfline_trevone_20260217_0916
-553620.1184204485,6541246.843904114,-102.62494080000047,0.24060150375939848,2026-02-17 09:16:00+00:00,surfline_trevone_20260217_0916
-553618.330146356,6541245.92926586,-102.62494080000047,0.24310776942355888,2026-02-17 09:16:00+00:00,surfline_trevone_20260217_0916
-553619.0874765555,6541245.7578695975,-102.62494080000047,0.24561403508771928,2026-02-17 09:16:00+00:00,surfline_trevone_20260217_0916
-553619.7313884334,6541245.553358351,-102.62494080000047,0.24812030075187969,2026-02-17 09:16:00+00:00,surfline_trevone_20260217_0916
-553619.7082675593,6541245.15409316,-102.62494080000047,0.2506265664160401,2026-02-17 09:16:00+00:00,surfline_trevone_20260217_0916
-553620.0096188908,6541244.849564527,-102.62494080000047,0.2531328320802005,2026-02-17 09:16:00+00:00,surfline_trevone_20260217_0916
-553620.7669490903,6541244.678168265,-102.62494080000047,0.2556390977443609,2026-02-17 09:16:00+00:00,surfline_trevone_20260217_0916
-553621.5242790862,6541244.506771798,-102.62494080000047,0.2581453634085213,2026-02-17 09:16:00+00:00,surfline_trevone_20260217_0916
-553621.6623055256,6541244.154556919,-102.62494080000047,0.2606516290726817,2026-02-17 09:16:00+00:00,surfline_trevone_20260217_0916
-553621.559767187,6541243.732104292,-102.62494080000047,0.2631578947368421,2026-02-17 09:16:00+00:00,surfline_trevone_20260217_0916
-553621.457228914,6541243.3096516,-102.62494080000047,0.2656641604010025,2026-02-17 09:16:00+00:00,surfline_trevone_20260217_0916
-553621.354690858,6541242.887198702,-102.62494080000047,0.2681704260651629,2026-02-17 09:16:00+00:00,surfline_trevone_20260217_0916
-553619.140195178,6541241.848116039,-102.62494080000047,0.2706766917293233,2026-02-17 09:16:00+00:00,surfline_trevone_20260217_0916
-553619.8975255804,6541241.676719984,-102.62494080000047,0.2731829573934837,2026-02-17 09:16:00+00:00,surfline_trevone_20260217_0916
-553620.6548557802,6541241.505323722,-102.62494080000047,0.2756892230576441,2026-02-17 09:16:00+00:00,surfline_trevone_20260217_0916
-553620.9445379688,6541241.197387748,-102.62494080000047,0.2781954887218045,2026-02-17 09:16:00+00:00,surfline_trevone_20260217_0916
-553621.3981741118,6541240.937321687,-102.62494080000047,0.2807017543859649,2026-02-17 09:16:00+00:00,surfline_trevone_20260217_0916
-553622.1555045132,6541240.765925632,-102.62494080000047,0.2832080200501253,2026-02-17 09:16:00+00:00,surfline_trevone_20260217_0916
-553622.912834713,6541240.59452937,-102.62494080000047,0.2857142857142857,2026-02-17 09:16:00+00:00,surfline_trevone_20260217_0916
-553623.2844937772,6541240.31052825,-102.62494080000047,0.2882205513784461,2026-02-17 09:16:00+00:00,surfline_trevone_20260217_0916
-553624.0418239761,6541240.139131989,-102.62494080000047,0.2907268170426065,2026-02-17 09:16:00+00:00,surfline_trevone_20260217_0916
-553624.7991543763,6541239.967735931,-102.62494080000047,0.2932330827067669,2026-02-17 09:16:00+00:00,surfline_trevone_20260217_0916
-553624.955152008,6541239.620768114,-102.62494080000047,0.2957393483709273,2026-02-17 09:16:00+00:00,surfline_trevone_20260217_0916
-553624.8526139016,6541239.198315265,-102.62494080000047,0.2982456140350877,2026-02-17 09:16:00+00:00,surfline_trevone_20260217_0916
-553624.7500755636,6541238.775862638,-102.62494080000047,0.3007518796992481,2026-02-17 09:16:00+00:00,surfline_trevone_20260217_0916
-553624.6475373405,6541238.3534098985,-102.62494080000047,0.3032581453634085,2026-02-17 09:16:00+00:00,surfline_trevone_20260217_0916
-553624.5449992345,6541237.930957048,-102.62494080000047,0.3057644110275689,2026-02-17 09:16:00+00:00,surfline_trevone_20260217_0916
-553624.9079196581,6541237.644404647,-102.62494080000047,0.3082706766917293,2026-02-17 09:16:00+00:00,surfline_trevone_20260217_0916
-553625.6652500586,6541237.47300859,-102.62494080000047,0.3107769423558897,2026-02-17 09:16:00+00:00,surfline_trevone_20260217_0916
-553626.4156600498,6541237.299591828,-102.62494080000047,0.3132832080200501,2026-02-17 09:16:00+00:00,surfline_trevone_20260217_0916
-553625.444391064,6541236.623494923,-102.62494080000047,0.3157894736842105,2026-02-17 09:16:00+00:00,surfline_trevone_20260217_0916
-553626.2017212625,6541236.452098662,-102.62494080000047,0.3182957393483709,2026-02-17 09:16:00+00:00,surfline_trevone_20260217_0916
-553626.2939606406,6541236.086515442,-102.62494080000047,0.3208020050125313,2026-02-17 09:16:00+00:00,surfline_trevone_20260217_0916
-553626.1914224178,6541235.664062702,-102.62494080000047,0.3233082706766917,2026-02-17 09:16:00+00:00,surfline_trevone_20260217_0916
-553626.5099562232,6541235.364550559,-102.62494080000047,0.3258145363408521,2026-02-17 09:16:00+00:00,surfline_trevone_20260217_0916
-553626.9170164706,6541235.090885697,-102.62494080000047,0.3283208020050125,2026-02-17 09:16:00+00:00,surfline_trevone_20260217_0916
-553627.5755018073,6541234.890629766,-102.62494080000047,0.3308270676691729,2026-02-17 09:16:00+00:00,surfline_trevone_20260217_0916
-553627.9028978139,6541234.593705332,-102.62494080000047,0.3333333333333333,2026-02-17 09:16:00+00:00,surfline_trevone_20260217_0916
-553628.0429222774,6541234.24207361,-102.62494080000047,0.3358395989974937,2026-02-17 09:16:00+00:00,surfline_trevone_20260217_0916
-553627.9403840553,6541233.819620873,-102.62494080000047,0.3383458646616541,2026-02-17 09:16:00+00:00,surfline_trevone_20260217_0916
-553627.8378457174,6541233.397168245,-102.62494080000047,0.3408521303258145,2026-02-17 09:16:00+00:00,surfline_trevone_20260217_0916
-553627.7353074945,6541232.974715506,-102.62494080000047,0.3433583959899749,2026-02-17 09:16:00+00:00,surfline_trevone_20260217_0916
-553627.6327693879,6541232.552262656,-102.62494080000047,0.3458646616541353,2026-02-17 09:16:00+00:00,surfline_trevone_20260217_0916
-553627.5302311658,6541232.129809918,-102.62494080000047,0.3483709273182957,2026-02-17 09:16:00+00:00,surfline_trevone_20260217_0916
-553627.755089026,6541231.802947423,-102.62494080000047,0.3508771929824561,2026-02-17 09:16:00+00:00,surfline_trevone_20260217_0916
-553628.512419226,6541231.6315511605,-102.62494080000047,0.3533834586466165,2026-02-17 09:16:00+00:00,surfline_trevone_20260217_0916
-553629.2697492236,6541231.460154696,-102.62494080000047,0.3558897243107769,2026-02-17 09:16:00+00:00,surfline_trevone_20260217_0916
-553629.4842690162,6541231.130273786,-102.62494080000047,0.3583959899749373,2026-02-17 09:16:00+00:00,surfline_trevone_20260217_0916
-553629.3817307933,6541230.707821047,-102.62494080000047,0.3609022556390977,2026-02-17 09:16:00+00:00,surfline_trevone_20260217_0916
-553629.2791926867,6541230.285368199,-102.62494080000047,0.3634085213032581,2026-02-17 09:16:00+00:00,surfline_trevone_20260217_0916
-553629.1766544644,6541229.86291546,-102.62494080000047,0.3659147869674185,2026-02-17 09:16:00+00:00,surfline_trevone_20260217_0916
-553629.074116127,6541229.440462832,-102.62494080000047,0.3684210526315789,2026-02-17 09:16:00+00:00,surfline_trevone_20260217_0916
-553628.9715779041,6541229.018010093,-102.62494080000047,0.37092731829573933,2026-02-17 09:16:00+00:00,surfline_trevone_20260217_0916
-553628.8690397978,6541228.595557244,-102.62494080000047,0.37343358395989973,2026-02-17 09:16:00+00:00,surfline_trevone_20260217_0916
-553628.7665015755,6541228.173104505,-102.62494080000047,0.37593984962406013,2026-02-17 09:16:00+00:00,surfline_trevone_20260217_0916
-553628.6639632377,6541227.750651877,-102.62494080000047,0.37844611528822053,2026-02-17 09:16:00+00:00,surfline_trevone_20260217_0916
-553628.5614250145,6541227.328199138,-102.62494080000047,0.38095238095238093,2026-02-17 09:16:00+00:00,surfline_trevone_20260217_0916
-553628.4588869084,6541226.905746289,-102.62494080000047,0.38345864661654133,2026-02-17 09:16:00+00:00,surfline_trevone_20260217_0916
-553628.6325612385,6541226.563939553,-102.62494080000047,0.38596491228070173,2026-02-17 09:16:00+00:00,surfline_trevone_20260217_0916
-553628.9599572695,6541226.26701521,-102.62494080000047,0.38847117794486213,2026-02-17 09:16:00+00:00,surfline_trevone_20260217_0916
-553629.2873532576,6541225.97009071,-102.62494080000047,0.39097744360902253,2026-02-17 09:16:00+00:00,surfline_trevone_20260217_0916
-553629.2308294467,6541225.56107269,-102.62494080000047,0.39348370927318294,2026-02-17 09:16:00+00:00,surfline_trevone_20260217_0916
-553629.1958859629,6541225.158355643,-102.62494080000047,0.39598997493734334,2026-02-17 09:16:00+00:00,surfline_trevone_20260217_0916
-553629.5232819945,6541224.861431301,-102.62494080000047,0.39849624060150374,2026-02-17 09:16:00+00:00,surfline_trevone_20260217_0916
-553629.8506780011,6541224.564506867,-102.62494080000047,0.40100250626566414,2026-02-17 09:16:00+00:00,surfline_trevone_20260217_0916
-553630.002771985,6541224.216399092,-102.62494080000047,0.40350877192982454,2026-02-17 09:16:00+00:00,surfline_trevone_20260217_0916
-553629.9002337629,6541223.793946355,-102.62494080000047,0.40601503759398494,2026-02-17 09:16:00+00:00,surfline_trevone_20260217_0916
-553629.7976954251,6541223.371493727,-102.62494080000047,0.40852130325814534,2026-02-17 09:16:00+00:00,surfline_trevone_20260217_0916
-553630.1185056147,6541223.0726463655,-102.62494080000047,0.41102756892230574,2026-02-17 09:16:00+00:00,surfline_trevone_20260217_0916
-553630.8758356116,6541222.9012499,-102.62494080000047,0.41353383458646614,2026-02-17 09:16:00+00:00,surfline_trevone_20260217_0916
-553631.6331660113,6541222.729853842,-102.62494080000047,0.41604010025062654,2026-02-17 09:16:00+00:00,surfline_trevone_20260217_0916
-553631.751733391,6541222.371957484,-102.62494080000047,0.41854636591478694,2026-02-17 09:16:00+00:00,surfline_trevone_20260217_0916
-553631.6491952842,6541221.949504635,-102.62494080000047,0.42105263157894735,2026-02-17 09:16:00+00:00,surfline_trevone_20260217_0916
-553631.546657062,6541221.527051897,-102.62494080000047,0.42355889724310775,2026-02-17 09:16:00+00:00,surfline_trevone_20260217_0916
-553631.4441187243,6541221.104599269,-102.62494080000047,0.42606516290726815,2026-02-17 09:16:00+00:00,surfline_trevone_20260217_0916
-553631.3702722283,6541220.690523677,-102.62494080000047,0.42857142857142855,2026-02-17 09:16:00+00:00,surfline_trevone_20260217_0916
-553632.1276022258,6541220.519127212,-102.62494080000047,0.43107769423558895,2026-02-17 09:16:00+00:00,surfline_trevone_20260217_0916
-553632.8849324243,6541220.34773095,-102.62494080000047,0.43358395989974935,2026-02-17 09:16:00+00:00,surfline_trevone_20260217_0916
-553633.3981566911,6541220.105063027,-102.62494080000047,0.43609022556390975,2026-02-17 09:16:00+00:00,surfline_trevone_20260217_0916
-553630.9314276115,6541218.992335575,-102.62494080000047,0.43859649122807015,2026-02-17 09:16:00+00:00,surfline_trevone_20260217_0916
-553630.8288895056,6541218.569882725,-102.62494080000047,0.44110275689223055,2026-02-17 09:16:00+00:00,surfline_trevone_20260217_0916
-553630.8134411975,6541218.1728577,-102.62494080000047,0.44360902255639095,2026-02-17 09:16:00+00:00,surfline_trevone_20260217_0916
-553631.1408372286,6541217.8759333575,-102.62494080000047,0.44611528822055135,2026-02-17 09:16:00+00:00,surfline_trevone_20260217_0916
-553631.6438498489,6541217.630283786,-102.62494080000047,0.44862155388471175,2026-02-17 09:16:00+00:00,surfline_trevone_20260217_0916
-553632.2063827275,6541217.402012249,-102.62494080000047,0.45112781954887216,2026-02-17 09:16:00+00:00,surfline_trevone_20260217_0916
-553632.5337787156,6541217.10508775,-102.62494080000047,0.45363408521303256,2026-02-17 09:16:00+00:00,surfline_trevone_20260217_0916
-553632.5778509119,6541216.725441118,-102.62494080000047,0.45614035087719296,2026-02-17 09:16:00+00:00,surfline_trevone_20260217_0916
-553632.4753126887,6541216.302988378,-102.62494080000047,0.45864661654135336,2026-02-17 09:16:00+00:00,surfline_trevone_20260217_0916
-553632.3727745824,6541215.880535529,-102.62494080000047,0.46115288220551376,2026-02-17 09:16:00+00:00,surfline_trevone_20260217_0916
-553632.27023636,6541215.458082791,-102.62494080000047,0.46365914786967416,2026-02-17 09:16:00+00:00,surfline_trevone_20260217_0916
-553632.167698022,6541215.035630164,-102.62494080000047,0.46616541353383456,2026-02-17 09:16:00+00:00,surfline_trevone_20260217_0916
-553632.0651597492,6541214.613177472,-102.62494080000047,0.46867167919799496,2026-02-17 09:16:00+00:00,surfline_trevone_20260217_0916
-553632.1258541141,6541214.238383676,-102.62494080000047,0.47117794486215536,2026-02-17 09:16:00+00:00,surfline_trevone_20260217_0916
-553632.6607460051,6541214.002042067,-102.62494080000047,0.47368421052631576,2026-02-17 09:16:00+00:00,surfline_trevone_20260217_0916
-553633.4180762046,6541213.830645805,-102.62494080000047,0.47619047619047616,2026-02-17 09:16:00+00:00,surfline_trevone_20260217_0916
-553633.9044665762,6541213.58014288,-102.62494080000047,0.47869674185463656,2026-02-17 09:16:00+00:00,surfline_trevone_20260217_0916
-553633.9166596589,6541213.191188333,-102.62494080000047,0.48120300751879697,2026-02-17 09:16:00+00:00,surfline_trevone_20260217_0916
-553633.8141213212,6541212.768735706,-102.62494080000047,0.48370927318295737,2026-02-17 09:16:00+00:00,surfline_trevone_20260217_0916
-553633.7296417893,6541212.351555577,-102.62494080000047,0.48621553884711777,2026-02-17 09:16:00+00:00,surfline_trevone_20260217_0916
-553634.0570377349,6541212.054630919,-102.62494080000047,0.48872180451127817,2026-02-17 09:16:00+00:00,surfline_trevone_20260217_0916
-553633.7196769507,6541211.563616849,-102.62494080000047,0.49122807017543857,2026-02-17 09:16:00+00:00,surfline_trevone_20260217_0916
-553632.9343236258,6541210.941802178,-102.62494080000047,0.49373433583959897,2026-02-17 09:16:00+00:00,surfline_trevone_20260217_0916
-553632.9343236258,6541210.941802178,-102.62494080000047,0.49624060150375937,2026-02-17 09:16:00+00:00,surfline_trevone_20260217_0916
-553632.9343236258,6541210.941802178,-102.62494080000047,0.49874686716791977,2026-02-17 09:16:00+00:00,surfline_trevone_20260217_0916
-553632.9343236258,6541210.941802178,-102.62494080000047,0.5012531328320802,2026-02-17 09:16:00+00:00,surfline_trevone_20260217_0916
-553632.9343236258,6541210.941802178,-102.62494080000047,0.5037593984962405,2026-02-17 09:16:00+00:00,surfline_trevone_20260217_0916
-553632.9343236258,6541210.941802178,-102.62494080000047,0.506265664160401,2026-02-17 09:16:00+00:00,surfline_trevone_20260217_0916
-553632.9343236258,6541210.941802178,-102.62494080000047,0.5087719298245614,2026-02-17 09:16:00+00:00,surfline_trevone_20260217_0916
-553632.9343236258,6541210.941802178,-102.62494080000047,0.5112781954887218,2026-02-17 09:16:00+00:00,surfline_trevone_20260217_0916
-553632.9343236258,6541210.941802178,-102.62494080000047,0.5137844611528821,2026-02-17 09:16:00+00:00,surfline_trevone_20260217_0916
-553632.9343236258,6541210.941802178,-102.62494080000047,0.5162907268170426,2026-02-17 09:16:00+00:00,surfline_trevone_20260217_0916
-553632.9343236258,6541210.941802178,-102.62494080000047,0.518796992481203,2026-02-17 09:16:00+00:00,surfline_trevone_20260217_0916
-553632.9343236258,6541210.941802178,-102.62494080000047,0.5213032581453634,2026-02-17 09:16:00+00:00,surfline_trevone_20260217_0916
-553632.9343236258,6541210.941802178,-102.62494080000047,0.5238095238095237,2026-02-17 09:16:00+00:00,surfline_trevone_20260217_0916
-553632.9343236258,6541210.941802178,-102.62494080000047,0.5263157894736842,2026-02-17 09:16:00+00:00,surfline_trevone_20260217_0916
-553632.9343236258,6541210.941802178,-102.62494080000047,0.5288220551378446,2026-02-17 09:16:00+00:00,surfline_trevone_20260217_0916
-553632.9343236258,6541210.941802178,-102.62494080000047,0.531328320802005,2026-02-17 09:16:00+00:00,surfline_trevone_20260217_0916
-553632.9343236258,6541210.941802178,-102.62494080000047,0.5338345864661653,2026-02-17 09:16:00+00:00,surfline_trevone_20260217_0916
-553632.9343236258,6541210.941802178,-102.62494080000047,0.5363408521303258,2026-02-17 09:16:00+00:00,surfline_trevone_20260217_0916
-553632.9343236258,6541210.941802178,-102.62494080000047,0.5388471177944862,2026-02-17 09:16:00+00:00,surfline_trevone_20260217_0916
-553632.9343236258,6541210.941802178,-102.62494080000047,0.5413533834586466,2026-02-17 09:16:00+00:00,surfline_trevone_20260217_0916
-553632.9343236258,6541210.941802178,-102.62494080000047,0.5438596491228069,2026-02-17 09:16:00+00:00,surfline_trevone_20260217_0916
-553632.9343236258,6541210.941802178,-102.62494080000047,0.5463659147869674,2026-02-17 09:16:00+00:00,surfline_trevone_20260217_0916
-553632.9343236258,6541210.941802178,-102.62494080000047,0.5488721804511278,2026-02-17 09:16:00+00:00,surfline_trevone_20260217_0916
-553632.9343236258,6541210.941802178,-102.62494080000047,0.5513784461152882,2026-02-17 09:16:00+00:00,surfline_trevone_20260217_0916
-553632.9343236258,6541210.941802178,-102.62494080000047,0.5538847117794485,2026-02-17 09:16:00+00:00,surfline_trevone_20260217_0916
-553632.9343236258,6541210.941802178,-102.62494080000047,0.556390977443609,2026-02-17 09:16:00+00:00,surfline_trevone_20260217_0916
-553632.9343236258,6541210.941802178,-102.62494080000047,0.5588972431077694,2026-02-17 09:16:00+00:00,surfline_trevone_20260217_0916
-553632.9343236258,6541210.941802178,-102.62494080000047,0.5614035087719298,2026-02-17 09:16:00+00:00,surfline_trevone_20260217_0916
-553632.9343236258,6541210.941802178,-102.62494080000047,0.5639097744360901,2026-02-17 09:16:00+00:00,surfline_trevone_20260217_0916
-553632.9343236258,6541210.941802178,-102.62494080000047,0.5664160401002506,2026-02-17 09:16:00+00:00,surfline_trevone_20260217_0916
-553632.9343236258,6541210.941802178,-102.62494080000047,0.568922305764411,2026-02-17 09:16:00+00:00,surfline_trevone_20260217_0916
-553632.9343236258,6541210.941802178,-102.62494080000047,0.5714285714285714,2026-02-17 09:16:00+00:00,surfline_trevone_20260217_0916
-553632.9343236258,6541210.941802178,-102.62494080000047,0.5739348370927317,2026-02-17 09:16:00+00:00,surfline_trevone_20260217_0916
-553632.9343236258,6541210.941802178,-102.62494080000047,0.5764411027568922,2026-02-17 09:16:00+00:00,surfline_trevone_20260217_0916
-553632.9343236258,6541210.941802178,-102.62494080000047,0.5789473684210527,2026-02-17 09:16:00+00:00,surfline_trevone_20260217_0916
-553632.9343236258,6541210.941802178,-102.62494080000047,0.581453634085213,2026-02-17 09:16:00+00:00,surfline_trevone_20260217_0916
-553632.9343236258,6541210.941802178,-102.62494080000047,0.5839598997493733,2026-02-17 09:16:00+00:00,surfline_trevone_20260217_0916
-553632.9343236258,6541210.941802178,-102.62494080000047,0.5864661654135338,2026-02-17 09:16:00+00:00,surfline_trevone_20260217_0916
-553632.9343236258,6541210.941802178,-102.62494080000047,0.5889724310776943,2026-02-17 09:16:00+00:00,surfline_trevone_20260217_0916
-553632.9343236258,6541210.941802178,-102.62494080000047,0.5914786967418546,2026-02-17 09:16:00+00:00,surfline_trevone_20260217_0916
-553632.9343236258,6541210.941802178,-102.62494080000047,0.593984962406015,2026-02-17 09:16:00+00:00,surfline_trevone_20260217_0916
-553632.9343236258,6541210.941802178,-102.62494080000047,0.5964912280701754,2026-02-17 09:16:00+00:00,surfline_trevone_20260217_0916
-553632.9343236258,6541210.941802178,-102.62494080000047,0.5989974937343359,2026-02-17 09:16:00+00:00,surfline_trevone_20260217_0916
-553632.9343236258,6541210.941802178,-102.62494080000047,0.6015037593984962,2026-02-17 09:16:00+00:00,surfline_trevone_20260217_0916
-553632.9343236258,6541210.941802178,-102.62494080000047,0.6040100250626566,2026-02-17 09:16:00+00:00,surfline_trevone_20260217_0916
-553632.9343236258,6541210.941802178,-102.62494080000047,0.606516290726817,2026-02-17 09:16:00+00:00,surfline_trevone_20260217_0916
-553632.9343236258,6541210.941802178,-102.62494080000047,0.6090225563909775,2026-02-17 09:16:00+00:00,surfline_trevone_20260217_0916
-553632.9343236258,6541210.941802178,-102.62494080000047,0.6115288220551378,2026-02-17 09:16:00+00:00,surfline_trevone_20260217_0916
-553632.9343236258,6541210.941802178,-102.62494080000047,0.6140350877192982,2026-02-17 09:16:00+00:00,surfline_trevone_20260217_0916
-553632.9343236258,6541210.941802178,-102.62494080000047,0.6165413533834586,2026-02-17 09:16:00+00:00,surfline_trevone_20260217_0916
-553632.9343236258,6541210.941802178,-102.62494080000047,0.6190476190476191,2026-02-17 09:16:00+00:00,surfline_trevone_20260217_0916
-553632.9343236258,6541210.941802178,-102.62494080000047,0.6215538847117794,2026-02-17 09:16:00+00:00,surfline_trevone_20260217_0916
-553632.9343236258,6541210.941802178,-102.62494080000047,0.6240601503759398,2026-02-17 09:16:00+00:00,surfline_trevone_20260217_0916
-553632.9343236258,6541210.941802178,-102.62494080000047,0.6265664160401002,2026-02-17 09:16:00+00:00,surfline_trevone_20260217_0916
-553632.9343236258,6541210.941802178,-102.62494080000047,0.6290726817042607,2026-02-17 09:16:00+00:00,surfline_trevone_20260217_0916
-553632.9343236258,6541210.941802178,-102.62494080000047,0.631578947368421,2026-02-17 09:16:00+00:00,surfline_trevone_20260217_0916
-553632.9343236258,6541210.941802178,-102.62494080000047,0.6340852130325814,2026-02-17 09:16:00+00:00,surfline_trevone_20260217_0916
-553632.9343236258,6541210.941802178,-102.62494080000047,0.6365914786967418,2026-02-17 09:16:00+00:00,surfline_trevone_20260217_0916
-553632.9343236258,6541210.941802178,-102.62494080000047,0.6390977443609023,2026-02-17 09:16:00+00:00,surfline_trevone_20260217_0916
-553632.9343236258,6541210.941802178,-102.62494080000047,0.6416040100250626,2026-02-17 09:16:00+00:00,surfline_trevone_20260217_0916
-553632.9343236258,6541210.941802178,-102.62494080000047,0.644110275689223,2026-02-17 09:16:00+00:00,surfline_trevone_20260217_0916
-553632.9343236258,6541210.941802178,-102.62494080000047,0.6466165413533834,2026-02-17 09:16:00+00:00,surfline_trevone_20260217_0916
-553632.9343236258,6541210.941802178,-102.62494080000047,0.6491228070175439,2026-02-17 09:16:00+00:00,surfline_trevone_20260217_0916
-553632.9343236258,6541210.941802178,-102.62494080000047,0.6516290726817042,2026-02-17 09:16:00+00:00,surfline_trevone_20260217_0916
-553632.9343236258,6541210.941802178,-102.62494080000047,0.6541353383458646,2026-02-17 09:16:00+00:00,surfline_trevone_20260217_0916
-553632.9343236258,6541210.941802178,-102.62494080000047,0.656641604010025,2026-02-17 09:16:00+00:00,surfline_trevone_20260217_0916
-553632.9343236258,6541210.941802178,-102.62494080000047,0.6591478696741855,2026-02-17 09:16:00+00:00,surfline_trevone_20260217_0916
-553632.9343236258,6541210.941802178,-102.62494080000047,0.6616541353383458,2026-02-17 09:16:00+00:00,surfline_trevone_20260217_0916
-553632.9343236258,6541210.941802178,-102.62494080000047,0.6641604010025062,2026-02-17 09:16:00+00:00,surfline_trevone_20260217_0916
-553632.9343236258,6541210.941802178,-102.62494080000047,0.6666666666666666,2026-02-17 09:16:00+00:00,surfline_trevone_20260217_0916
-553632.9343236258,6541210.941802178,-102.62494080000047,0.6691729323308271,2026-02-17 09:16:00+00:00,surfline_trevone_20260217_0916
-553632.9343236258,6541210.941802178,-102.62494080000047,0.6716791979949874,2026-02-17 09:16:00+00:00,surfline_trevone_20260217_0916
-553632.9343236258,6541210.941802178,-102.62494080000047,0.6741854636591478,2026-02-17 09:16:00+00:00,surfline_trevone_20260217_0916
-553632.9343236258,6541210.941802178,-102.62494080000047,0.6766917293233082,2026-02-17 09:16:00+00:00,surfline_trevone_20260217_0916
-553632.9343236258,6541210.941802178,-102.62494080000047,0.6791979949874687,2026-02-17 09:16:00+00:00,surfline_trevone_20260217_0916
-553632.9343236258,6541210.941802178,-102.62494080000047,0.681704260651629,2026-02-17 09:16:00+00:00,surfline_trevone_20260217_0916
-553632.9343236258,6541210.941802178,-102.62494080000047,0.6842105263157894,2026-02-17 09:16:00+00:00,surfline_trevone_20260217_0916
-553632.9343236258,6541210.941802178,-102.62494080000047,0.6867167919799498,2026-02-17 09:16:00+00:00,surfline_trevone_20260217_0916
-553632.9343236258,6541210.941802178,-102.62494080000047,0.6892230576441103,2026-02-17 09:16:00+00:00,surfline_trevone_20260217_0916
-553632.9343236258,6541210.941802178,-102.62494080000047,0.6917293233082706,2026-02-17 09:16:00+00:00,surfline_trevone_20260217_0916
-553632.9343236258,6541210.941802178,-102.62494080000047,0.694235588972431,2026-02-17 09:16:00+00:00,surfline_trevone_20260217_0916
-553632.9343236258,6541210.941802178,-102.62494080000047,0.6967418546365914,2026-02-17 09:16:00+00:00,surfline_trevone_20260217_0916
-553632.9343236258,6541210.941802178,-102.62494080000047,0.6992481203007519,2026-02-17 09:16:00+00:00,surfline_trevone_20260217_0916
-553632.9343236258,6541210.941802178,-102.62494080000047,0.7017543859649122,2026-02-17 09:16:00+00:00,surfline_trevone_20260217_0916
-553632.9343236258,6541210.941802178,-102.62494080000047,0.7042606516290726,2026-02-17 09:16:00+00:00,surfline_trevone_20260217_0916
-553632.9343236258,6541210.941802178,-102.62494080000047,0.706766917293233,2026-02-17 09:16:00+00:00,surfline_trevone_20260217_0916
-553632.9343236258,6541210.941802178,-102.62494080000047,0.7092731829573935,2026-02-17 09:16:00+00:00,surfline_trevone_20260217_0916
-553632.9343236258,6541210.941802178,-102.62494080000047,0.7117794486215538,2026-02-17 09:16:00+00:00,surfline_trevone_20260217_0916
-553632.9343236258,6541210.941802178,-102.62494080000047,0.7142857142857142,2026-02-17 09:16:00+00:00,surfline_trevone_20260217_0916
-553632.9343236258,6541210.941802178,-102.62494080000047,0.7167919799498746,2026-02-17 09:16:00+00:00,surfline_trevone_20260217_0916
-553632.9343236258,6541210.941802178,-102.62494080000047,0.7192982456140351,2026-02-17 09:16:00+00:00,surfline_trevone_20260217_0916
-553632.9343236258,6541210.941802178,-102.62494080000047,0.7218045112781954,2026-02-17 09:16:00+00:00,surfline_trevone_20260217_0916
-553632.9343236258,6541210.941802178,-102.62494080000047,0.7243107769423558,2026-02-17 09:16:00+00:00,surfline_trevone_20260217_0916
-553632.9343236258,6541210.941802178,-102.62494080000047,0.7268170426065163,2026-02-17 09:16:00+00:00,surfline_trevone_20260217_0916
-553632.9343236258,6541210.941802178,-102.62494080000047,0.7293233082706767,2026-02-17 09:16:00+00:00,surfline_trevone_20260217_0916
-553632.9343236258,6541210.941802178,-102.62494080000047,0.731829573934837,2026-02-17 09:16:00+00:00,surfline_trevone_20260217_0916
-553632.9343236258,6541210.941802178,-102.62494080000047,0.7343358395989974,2026-02-17 09:16:00+00:00,surfline_trevone_20260217_0916
-553632.9343236258,6541210.941802178,-102.62494080000047,0.7368421052631579,2026-02-17 09:16:00+00:00,surfline_trevone_20260217_0916
-553632.9343236258,6541210.941802178,-102.62494080000047,0.7393483709273183,2026-02-17 09:16:00+00:00,surfline_trevone_20260217_0916
-553632.9343236258,6541210.941802178,-102.62494080000047,0.7418546365914787,2026-02-17 09:16:00+00:00,surfline_trevone_20260217_0916
-553632.9343236258,6541210.941802178,-102.62494080000047,0.744360902255639,2026-02-17 09:16:00+00:00,surfline_trevone_20260217_0916
-553632.9343236258,6541210.941802178,-102.62494080000047,0.7468671679197995,2026-02-17 09:16:00+00:00,surfline_trevone_20260217_0916
-553632.9343236258,6541210.941802178,-102.62494080000047,0.7493734335839599,2026-02-17 09:16:00+00:00,surfline_trevone_20260217_0916
-553632.9343236258,6541210.941802178,-102.62494080000047,0.7518796992481203,2026-02-17 09:16:00+00:00,surfline_trevone_20260217_0916
-553632.9343236258,6541210.941802178,-102.62494080000047,0.7543859649122806,2026-02-17 09:16:00+00:00,surfline_trevone_20260217_0916
-553632.9343236258,6541210.941802178,-102.62494080000047,0.7568922305764411,2026-02-17 09:16:00+00:00,surfline_trevone_20260217_0916
-553632.9343236258,6541210.941802178,-102.62494080000047,0.7593984962406015,2026-02-17 09:16:00+00:00,surfline_trevone_20260217_0916
-553632.9343236258,6541210.941802178,-102.62494080000047,0.7619047619047619,2026-02-17 09:16:00+00:00,surfline_trevone_20260217_0916
-553632.9343236258,6541210.941802178,-102.62494080000047,0.7644110275689222,2026-02-17 09:16:00+00:00,surfline_trevone_20260217_0916
-553632.9343236258,6541210.941802178,-102.62494080000047,0.7669172932330827,2026-02-17 09:16:00+00:00,surfline_trevone_20260217_0916
-553632.9343236258,6541210.941802178,-102.62494080000047,0.7694235588972431,2026-02-17 09:16:00+00:00,surfline_trevone_20260217_0916
-553632.9343236258,6541210.941802178,-102.62494080000047,0.7719298245614035,2026-02-17 09:16:00+00:00,surfline_trevone_20260217_0916
-553632.9343236258,6541210.941802178,-102.62494080000047,0.7744360902255638,2026-02-17 09:16:00+00:00,surfline_trevone_20260217_0916
-553632.9343236258,6541210.941802178,-102.62494080000047,0.7769423558897243,2026-02-17 09:16:00+00:00,surfline_trevone_20260217_0916
-553632.9343236258,6541210.941802178,-102.62494080000047,0.7794486215538847,2026-02-17 09:16:00+00:00,surfline_trevone_20260217_0916
-553632.9343236258,6541210.941802178,-102.62494080000047,0.7819548872180451,2026-02-17 09:16:00+00:00,surfline_trevone_20260217_0916
-553632.9343236258,6541210.941802178,-102.62494080000047,0.7844611528822054,2026-02-17 09:16:00+00:00,surfline_trevone_20260217_0916
-553632.9343236258,6541210.941802178,-102.62494080000047,0.7869674185463659,2026-02-17 09:16:00+00:00,surfline_trevone_20260217_0916
-553632.9343236258,6541210.941802178,-102.62494080000047,0.7894736842105263,2026-02-17 09:16:00+00:00,surfline_trevone_20260217_0916
-553632.9343236258,6541210.941802178,-102.62494080000047,0.7919799498746867,2026-02-17 09:16:00+00:00,surfline_trevone_20260217_0916
-553632.9343236258,6541210.941802178,-102.62494080000047,0.794486215538847,2026-02-17 09:16:00+00:00,surfline_trevone_20260217_0916
-553632.9343236258,6541210.941802178,-102.62494080000047,0.7969924812030075,2026-02-17 09:16:00+00:00,surfline_trevone_20260217_0916
-553632.9343236258,6541210.941802178,-102.62494080000047,0.7994987468671679,2026-02-17 09:16:00+00:00,surfline_trevone_20260217_0916
-553632.9343236258,6541210.941802178,-102.62494080000047,0.8020050125313283,2026-02-17 09:16:00+00:00,surfline_trevone_20260217_0916
-553632.9343236258,6541210.941802178,-102.62494080000047,0.8045112781954886,2026-02-17 09:16:00+00:00,surfline_trevone_20260217_0916
-553632.9343236258,6541210.941802178,-102.62494080000047,0.8070175438596491,2026-02-17 09:16:00+00:00,surfline_trevone_20260217_0916
-553632.9343236258,6541210.941802178,-102.62494080000047,0.8095238095238095,2026-02-17 09:16:00+00:00,surfline_trevone_20260217_0916
-553632.9343236258,6541210.941802178,-102.62494080000047,0.8120300751879699,2026-02-17 09:16:00+00:00,surfline_trevone_20260217_0916
-553632.9343236258,6541210.941802178,-102.62494080000047,0.8145363408521302,2026-02-17 09:16:00+00:00,surfline_trevone_20260217_0916
-553632.9343236258,6541210.941802178,-102.62494080000047,0.8170426065162907,2026-02-17 09:16:00+00:00,surfline_trevone_20260217_0916
-553632.9343236258,6541210.941802178,-102.62494080000047,0.8195488721804511,2026-02-17 09:16:00+00:00,surfline_trevone_20260217_0916
-553632.9343236258,6541210.941802178,-102.62494080000047,0.8220551378446115,2026-02-17 09:16:00+00:00,surfline_trevone_20260217_0916
-553632.9343236258,6541210.941802178,-102.62494080000047,0.8245614035087718,2026-02-17 09:16:00+00:00,surfline_trevone_20260217_0916
-553632.9343236258,6541210.941802178,-102.62494080000047,0.8270676691729323,2026-02-17 09:16:00+00:00,surfline_trevone_20260217_0916
-553632.9343236258,6541210.941802178,-102.62494080000047,0.8295739348370927,2026-02-17 09:16:00+00:00,surfline_trevone_20260217_0916
-553632.9343236258,6541210.941802178,-102.62494080000047,0.8320802005012531,2026-02-17 09:16:00+00:00,surfline_trevone_20260217_0916
-553632.9343236258,6541210.941802178,-102.62494080000047,0.8345864661654134,2026-02-17 09:16:00+00:00,surfline_trevone_20260217_0916
-553632.9343236258,6541210.941802178,-102.62494080000047,0.8370927318295739,2026-02-17 09:16:00+00:00,surfline_trevone_20260217_0916
-553632.9343236258,6541210.941802178,-102.62494080000047,0.8395989974937343,2026-02-17 09:16:00+00:00,surfline_trevone_20260217_0916
-553632.9343236258,6541210.941802178,-102.62494080000047,0.8421052631578947,2026-02-17 09:16:00+00:00,surfline_trevone_20260217_0916
-553632.9343236258,6541210.941802178,-102.62494080000047,0.844611528822055,2026-02-17 09:16:00+00:00,surfline_trevone_20260217_0916
-553632.9343236258,6541210.941802178,-102.62494080000047,0.8471177944862155,2026-02-17 09:16:00+00:00,surfline_trevone_20260217_0916
-553632.9343236258,6541210.941802178,-102.62494080000047,0.849624060150376,2026-02-17 09:16:00+00:00,surfline_trevone_20260217_0916
-553632.9343236258,6541210.941802178,-102.62494080000047,0.8521303258145363,2026-02-17 09:16:00+00:00,surfline_trevone_20260217_0916
-553632.9343236258,6541210.941802178,-102.62494080000047,0.8546365914786966,2026-02-17 09:16:00+00:00,surfline_trevone_20260217_0916
-553632.9343236258,6541210.941802178,-102.62494080000047,0.8571428571428571,2026-02-17 09:16:00+00:00,surfline_trevone_20260217_0916
-553632.9343236258,6541210.941802178,-102.62494080000047,0.8596491228070176,2026-02-17 09:16:00+00:00,surfline_trevone_20260217_0916
-553632.9343236258,6541210.941802178,-102.62494080000047,0.8621553884711779,2026-02-17 09:16:00+00:00,surfline_trevone_20260217_0916
-553632.9343236258,6541210.941802178,-102.62494080000047,0.8646616541353382,2026-02-17 09:16:00+00:00,surfline_trevone_20260217_0916
-553632.9343236258,6541210.941802178,-102.62494080000047,0.8671679197994987,2026-02-17 09:16:00+00:00,surfline_trevone_20260217_0916
-553632.9343236258,6541210.941802178,-102.62494080000047,0.8696741854636592,2026-02-17 09:16:00+00:00,surfline_trevone_20260217_0916
-553632.9343236258,6541210.941802178,-102.62494080000047,0.8721804511278195,2026-02-17 09:16:00+00:00,surfline_trevone_20260217_0916
-553632.9343236258,6541210.941802178,-102.62494080000047,0.8746867167919798,2026-02-17 09:16:00+00:00,surfline_trevone_20260217_0916
-553632.9343236258,6541210.941802178,-102.62494080000047,0.8771929824561403,2026-02-17 09:16:00+00:00,surfline_trevone_20260217_0916
-553632.9343236258,6541210.941802178,-102.62494080000047,0.8796992481203008,2026-02-17 09:16:00+00:00,surfline_trevone_20260217_0916
-553632.9343236258,6541210.941802178,-102.62494080000047,0.8822055137844611,2026-02-17 09:16:00+00:00,surfline_trevone_20260217_0916
-553632.9343236258,6541210.941802178,-102.62494080000047,0.8847117794486214,2026-02-17 09:16:00+00:00,surfline_trevone_20260217_0916
-553632.9343236258,6541210.941802178,-102.62494080000047,0.8872180451127819,2026-02-17 09:16:00+00:00,surfline_trevone_20260217_0916
-553632.9343236258,6541210.941802178,-102.62494080000047,0.8897243107769424,2026-02-17 09:16:00+00:00,surfline_trevone_20260217_0916
-553632.9343236258,6541210.941802178,-102.62494080000047,0.8922305764411027,2026-02-17 09:16:00+00:00,surfline_trevone_20260217_0916
-553632.9343236258,6541210.941802178,-102.62494080000047,0.894736842105263,2026-02-17 09:16:00+00:00,surfline_trevone_20260217_0916
-553632.9343236258,6541210.941802178,-102.62494080000047,0.8972431077694235,2026-02-17 09:16:00+00:00,surfline_trevone_20260217_0916
-553632.9343236258,6541210.941802178,-102.62494080000047,0.899749373433584,2026-02-17 09:16:00+00:00,surfline_trevone_20260217_0916
-553632.9343236258,6541210.941802178,-102.62494080000047,0.9022556390977443,2026-02-17 09:16:00+00:00,surfline_trevone_20260217_0916
-553632.9343236258,6541210.941802178,-102.62494080000047,0.9047619047619047,2026-02-17 09:16:00+00:00,surfline_trevone_20260217_0916
-553632.9343236258,6541210.941802178,-102.62494080000047,0.9072681704260651,2026-02-17 09:16:00+00:00,surfline_trevone_20260217_0916
-553632.9343236258,6541210.941802178,-102.62494080000047,0.9097744360902256,2026-02-17 09:16:00+00:00,surfline_trevone_20260217_0916
-553632.9343236258,6541210.941802178,-102.62494080000047,0.9122807017543859,2026-02-17 09:16:00+00:00,surfline_trevone_20260217_0916
-553632.9343236258,6541210.941802178,-102.62494080000047,0.9147869674185463,2026-02-17 09:16:00+00:00,surfline_trevone_20260217_0916
-553632.9343236258,6541210.941802178,-102.62494080000047,0.9172932330827067,2026-02-17 09:16:00+00:00,surfline_trevone_20260217_0916
-553632.9343236258,6541210.941802178,-102.62494080000047,0.9197994987468672,2026-02-17 09:16:00+00:00,surfline_trevone_20260217_0916
-553632.9343236258,6541210.941802178,-102.62494080000047,0.9223057644110275,2026-02-17 09:16:00+00:00,surfline_trevone_20260217_0916
-553632.9343236258,6541210.941802178,-102.62494080000047,0.9248120300751879,2026-02-17 09:16:00+00:00,surfline_trevone_20260217_0916
-553632.9343236258,6541210.941802178,-102.62494080000047,0.9273182957393483,2026-02-17 09:16:00+00:00,surfline_trevone_20260217_0916
-553632.9343236258,6541210.941802178,-102.62494080000047,0.9298245614035088,2026-02-17 09:16:00+00:00,surfline_trevone_20260217_0916
-553632.9343236258,6541210.941802178,-102.62494080000047,0.9323308270676691,2026-02-17 09:16:00+00:00,surfline_trevone_20260217_0916
-553632.9343236258,6541210.941802178,-102.62494080000047,0.9348370927318295,2026-02-17 09:16:00+00:00,surfline_trevone_20260217_0916
-553632.9343236258,6541210.941802178,-102.62494080000047,0.9373433583959899,2026-02-17 09:16:00+00:00,surfline_trevone_20260217_0916
-553632.9343236258,6541210.941802178,-102.62494080000047,0.9398496240601504,2026-02-17 09:16:00+00:00,surfline_trevone_20260217_0916
-553632.9343236258,6541210.941802178,-102.62494080000047,0.9423558897243107,2026-02-17 09:16:00+00:00,surfline_trevone_20260217_0916
-553632.9343236258,6541210.941802178,-102.62494080000047,0.9448621553884711,2026-02-17 09:16:00+00:00,surfline_trevone_20260217_0916
-553632.9343236258,6541210.941802178,-102.62494080000047,0.9473684210526315,2026-02-17 09:16:00+00:00,surfline_trevone_20260217_0916
-553632.9343236258,6541210.941802178,-102.62494080000047,0.949874686716792,2026-02-17 09:16:00+00:00,surfline_trevone_20260217_0916
-553632.9343236258,6541210.941802178,-102.62494080000047,0.9523809523809523,2026-02-17 09:16:00+00:00,surfline_trevone_20260217_0916
-553632.9343236258,6541210.941802178,-102.62494080000047,0.9548872180451127,2026-02-17 09:16:00+00:00,surfline_trevone_20260217_0916
-553632.9343236258,6541210.941802178,-102.62494080000047,0.9573934837092731,2026-02-17 09:16:00+00:00,surfline_trevone_20260217_0916
-553632.9343236258,6541210.941802178,-102.62494080000047,0.9598997493734336,2026-02-17 09:16:00+00:00,surfline_trevone_20260217_0916
-553632.9343236258,6541210.941802178,-102.62494080000047,0.9624060150375939,2026-02-17 09:16:00+00:00,surfline_trevone_20260217_0916
-553632.9343236258,6541210.941802178,-102.62494080000047,0.9649122807017543,2026-02-17 09:16:00+00:00,surfline_trevone_20260217_0916
-553632.9343236258,6541210.941802178,-102.62494080000047,0.9674185463659147,2026-02-17 09:16:00+00:00,surfline_trevone_20260217_0916
-553632.9343236258,6541210.941802178,-102.62494080000047,0.9699248120300752,2026-02-17 09:16:00+00:00,surfline_trevone_20260217_0916
-553632.9343236258,6541210.941802178,-102.62494080000047,0.9724310776942355,2026-02-17 09:16:00+00:00,surfline_trevone_20260217_0916
-553632.9343236258,6541210.941802178,-102.62494080000047,0.9749373433583959,2026-02-17 09:16:00+00:00,surfline_trevone_20260217_0916
-553632.9343236258,6541210.941802178,-102.62494080000047,0.9774436090225563,2026-02-17 09:16:00+00:00,surfline_trevone_20260217_0916
-553632.9343236258,6541210.941802178,-102.62494080000047,0.9799498746867168,2026-02-17 09:16:00+00:00,surfline_trevone_20260217_0916
-553632.9343236258,6541210.941802178,-102.62494080000047,0.9824561403508771,2026-02-17 09:16:00+00:00,surfline_trevone_20260217_0916
-553632.9343236258,6541210.941802178,-102.62494080000047,0.9849624060150375,2026-02-17 09:16:00+00:00,surfline_trevone_20260217_0916
-553632.9343236258,6541210.941802178,-102.62494080000047,0.9874686716791979,2026-02-17 09:16:00+00:00,surfline_trevone_20260217_0916
-553632.9343236258,6541210.941802178,-102.62494080000047,0.9899749373433584,2026-02-17 09:16:00+00:00,surfline_trevone_20260217_0916
-553632.9343236258,6541210.941802178,-102.62494080000047,0.9924812030075187,2026-02-17 09:16:00+00:00,surfline_trevone_20260217_0916
-553632.9343236258,6541210.941802178,-102.62494080000047,0.9949874686716791,2026-02-17 09:16:00+00:00,surfline_trevone_20260217_0916
-553632.9343236258,6541210.941802178,-102.62494080000047,0.9974937343358395,2026-02-17 09:16:00+00:00,surfline_trevone_20260217_0916
-553632.9343236258,6541210.941802178,-102.62494080000047,1.0,2026-02-17 09:16:00+00:00,surfline_trevone_20260217_0916
-553594.4992269072,6541277.045246379,-102.72369600000047,0.0,2026-02-17 09:43:00+00:00,surfline_trevone_20260217_0943
-553594.3966886157,6541276.622793707,-102.72369600000047,0.002506265664160401,2026-02-17 09:43:00+00:00,surfline_trevone_20260217_0943
-553594.5926438842,6541276.2874923535,-102.72369600000047,0.005012531328320802,2026-02-17 09:43:00+00:00,surfline_trevone_20260217_0943
-553595.3499738716,6541276.116095879,-102.72369600000047,0.007518796992481203,2026-02-17 09:43:00+00:00,surfline_trevone_20260217_0943
-553596.1073040704,6541275.944699618,-102.72369600000047,0.010025062656641603,2026-02-17 09:43:00+00:00,surfline_trevone_20260217_0943
-553596.3507265822,6541275.623257466,-102.72369600000047,0.012531328320802004,2026-02-17 09:43:00+00:00,surfline_trevone_20260217_0943
-553596.2481883593,6541275.200804726,-102.72369600000047,0.015037593984962405,2026-02-17 09:43:00+00:00,surfline_trevone_20260217_0943
-553596.1456502579,6541274.778351871,-102.72369600000047,0.017543859649122806,2026-02-17 09:43:00+00:00,surfline_trevone_20260217_0943
-553596.043112036,6541274.355899133,-102.72369600000047,0.020050125313283207,2026-02-17 09:43:00+00:00,surfline_trevone_20260217_0943
-553595.9405736926,6541273.933446511,-102.72369600000047,0.022556390977443608,2026-02-17 09:43:00+00:00,surfline_trevone_20260217_0943
-553595.8380354698,6541273.510993771,-102.72369600000047,0.02506265664160401,2026-02-17 09:43:00+00:00,surfline_trevone_20260217_0943
-553595.7354973688,6541273.088540916,-102.72369600000047,0.02756892230576441,2026-02-17 09:43:00+00:00,surfline_trevone_20260217_0943
-553595.8023752951,6541272.715552748,-102.72369600000047,0.03007518796992481,2026-02-17 09:43:00+00:00,surfline_trevone_20260217_0943
-553596.5597057045,6541272.544156699,-102.72369600000047,0.03258145363408521,2026-02-17 09:43:00+00:00,surfline_trevone_20260217_0943
-553597.3170359042,6541272.372760437,-102.72369600000047,0.03508771929824561,2026-02-17 09:43:00+00:00,surfline_trevone_20260217_0943
-553597.6895353347,6541272.089004675,-102.72369600000047,0.03759398496240601,2026-02-17 09:43:00+00:00,surfline_trevone_20260217_0943
-553597.586997113,6541271.666551937,-102.72369600000047,0.040100250626566414,2026-02-17 09:43:00+00:00,surfline_trevone_20260217_0943
-553597.4844587698,6541271.244099314,-102.72369600000047,0.042606516290726815,2026-02-17 09:43:00+00:00,surfline_trevone_20260217_0943
-553597.3819205469,6541270.821646575,-102.72369600000047,0.045112781954887216,2026-02-17 09:43:00+00:00,surfline_trevone_20260217_0943
-553597.2793824457,6541270.399193721,-102.72369600000047,0.047619047619047616,2026-02-17 09:43:00+00:00,surfline_trevone_20260217_0943
-553597.23296571,6541269.993126818,-102.72369600000047,0.05012531328320802,2026-02-17 09:43:00+00:00,surfline_trevone_20260217_0943
-553597.990296119,6541269.821730769,-102.72369600000047,0.05263157894736842,2026-02-17 09:43:00+00:00,surfline_trevone_20260217_0943
-553598.7476263187,6541269.650334507,-102.72369600000047,0.05513784461152882,2026-02-17 09:43:00+00:00,surfline_trevone_20260217_0943
-553599.1763528936,6541269.382995429,-102.72369600000047,0.05764411027568922,2026-02-17 09:43:00+00:00,surfline_trevone_20260217_0943
-553598.9252425298,6541268.917164114,-102.72369600000047,0.06015037593984962,2026-02-17 09:43:00+00:00,surfline_trevone_20260217_0943
-553599.0283438459,6541268.554752117,-102.72369600000047,0.06265664160401002,2026-02-17 09:43:00+00:00,surfline_trevone_20260217_0943
-553598.9258057446,6541268.132299263,-102.72369600000047,0.06516290726817042,2026-02-17 09:43:00+00:00,surfline_trevone_20260217_0943
-553598.8232674708,6541267.709846574,-102.72369600000047,0.06766917293233082,2026-02-17 09:43:00+00:00,surfline_trevone_20260217_0943
-553598.7207291794,6541267.287393902,-102.72369600000047,0.07017543859649122,2026-02-17 09:43:00+00:00,surfline_trevone_20260217_0943
-553598.6338678143,6541266.869518347,-102.72369600000047,0.07268170426065163,2026-02-17 09:43:00+00:00,surfline_trevone_20260217_0943
-553598.6355327977,6541266.477489752,-102.72369600000047,0.07518796992481203,2026-02-17 09:43:00+00:00,surfline_trevone_20260217_0943
-553599.3928629964,6541266.306093491,-102.72369600000047,0.07769423558897243,2026-02-17 09:43:00+00:00,surfline_trevone_20260217_0943
-553599.9573579392,6541266.078395115,-102.72369600000047,0.08020050125313283,2026-02-17 09:43:00+00:00,surfline_trevone_20260217_0943
-553600.5470407981,6541265.858050724,-102.72369600000047,0.08270676691729323,2026-02-17 09:43:00+00:00,surfline_trevone_20260217_0943
-553600.4696908214,6541265.442952067,-102.72369600000047,0.08521303258145363,2026-02-17 09:43:00+00:00,surfline_trevone_20260217_0943
-553600.3671525993,6541265.020499328,-102.72369600000047,0.08771929824561403,2026-02-17 09:43:00+00:00,surfline_trevone_20260217_0943
-553600.2646142563,6541264.598046706,-102.72369600000047,0.09022556390977443,2026-02-17 09:43:00+00:00,surfline_trevone_20260217_0943
-553600.1620760337,6541264.175593967,-102.72369600000047,0.09273182957393483,2026-02-17 09:43:00+00:00,surfline_trevone_20260217_0943
-553600.0595379324,6541263.753141112,-102.72369600000047,0.09523809523809523,2026-02-17 09:43:00+00:00,surfline_trevone_20260217_0943
-553600.4377824798,6541263.471062907,-102.72369600000047,0.09774436090225563,2026-02-17 09:43:00+00:00,surfline_trevone_20260217_0943
-553601.1951128881,6541263.299666858,-102.72369600000047,0.10025062656641603,2026-02-17 09:43:00+00:00,surfline_trevone_20260217_0943
-553601.7596076222,6541263.07196827,-102.72369600000047,0.10275689223057644,2026-02-17 09:43:00+00:00,surfline_trevone_20260217_0943
-553601.9760035564,6541262.742634843,-102.72369600000047,0.10526315789473684,2026-02-17 09:43:00+00:00,surfline_trevone_20260217_0943
-553601.9110376762,6541262.331152132,-102.72369600000047,0.10776942355889724,2026-02-17 09:43:00+00:00,surfline_trevone_20260217_0943
-553601.8084993336,6541261.90869951,-102.72369600000047,0.11027568922305764,2026-02-17 09:43:00+00:00,surfline_trevone_20260217_0943
-553601.7059611109,6541261.48624677,-102.72369600000047,0.11278195488721804,2026-02-17 09:43:00+00:00,surfline_trevone_20260217_0943
-553601.6034230092,6541261.063793916,-102.72369600000047,0.11528822055137844,2026-02-17 09:43:00+00:00,surfline_trevone_20260217_0943
-553601.5008846666,6541260.641341293,-102.72369600000047,0.11779448621553884,2026-02-17 09:43:00+00:00,surfline_trevone_20260217_0943
-553601.6615259766,6541260.295729294,-102.72369600000047,0.12030075187969924,2026-02-17 09:43:00+00:00,surfline_trevone_20260217_0943
-553602.4188559654,6541260.124332821,-102.72369600000047,0.12280701754385964,2026-02-17 09:43:00+00:00,surfline_trevone_20260217_0943
-553602.7905152321,6541259.840331906,-102.72369600000047,0.12531328320802004,2026-02-17 09:43:00+00:00,surfline_trevone_20260217_0943
-553603.1621747086,6541259.556331203,-102.72369600000047,0.12781954887218044,2026-02-17 09:43:00+00:00,surfline_trevone_20260217_0943
-553603.3523844098,6541259.219352311,-102.72369600000047,0.13032581453634084,2026-02-17 09:43:00+00:00,surfline_trevone_20260217_0943
-553603.249846308,6541258.796899458,-102.72369600000047,0.13283208020050125,2026-02-17 09:43:00+00:00,surfline_trevone_20260217_0943
-553603.1473080344,6541258.374446769,-102.72369600000047,0.13533834586466165,2026-02-17 09:43:00+00:00,surfline_trevone_20260217_0943
-553603.0447697431,6541257.951994097,-102.72369600000047,0.13784461152882205,2026-02-17 09:43:00+00:00,surfline_trevone_20260217_0943
-553602.9422315203,6541257.529541357,-102.72369600000047,0.14035087719298245,2026-02-17 09:43:00+00:00,surfline_trevone_20260217_0943
-553602.8396934186,6541257.107088503,-102.72369600000047,0.14285714285714285,2026-02-17 09:43:00+00:00,surfline_trevone_20260217_0943
-553602.7371551965,6541256.684635765,-102.72369600000047,0.14536340852130325,2026-02-17 09:43:00+00:00,surfline_trevone_20260217_0943
-553602.6346168536,6541256.262183142,-102.72369600000047,0.14786967418546365,2026-02-17 09:43:00+00:00,surfline_trevone_20260217_0943
-553602.5320786308,6541255.839730402,-102.72369600000047,0.15037593984962405,2026-02-17 09:43:00+00:00,surfline_trevone_20260217_0943
-553602.4295405293,6541255.417277548,-102.72369600000047,0.15288220551378445,2026-02-17 09:43:00+00:00,surfline_trevone_20260217_0943
-553602.3270023073,6541254.99482481,-102.72369600000047,0.15538847117794485,2026-02-17 09:43:00+00:00,surfline_trevone_20260217_0943
-553602.4155283469,6541254.62815741,-102.72369600000047,0.15789473684210525,2026-02-17 09:43:00+00:00,surfline_trevone_20260217_0943
-553603.1728585467,6541254.456761148,-102.72369600000047,0.16040100250626566,2026-02-17 09:43:00+00:00,surfline_trevone_20260217_0943
-553602.7731757405,6541253.947550714,-102.72369600000047,0.16290726817042606,2026-02-17 09:43:00+00:00,surfline_trevone_20260217_0943
-553602.1451712814,6541253.371677174,-102.72369600000047,0.16541353383458646,2026-02-17 09:43:00+00:00,surfline_trevone_20260217_0943
-553602.3594816917,6541253.041735139,-102.72369600000047,0.16791979949874686,2026-02-17 09:43:00+00:00,surfline_trevone_20260217_0943
-553603.1168118916,6541252.870338877,-102.72369600000047,0.17042606516290726,2026-02-17 09:43:00+00:00,surfline_trevone_20260217_0943
-553603.8741418797,6541252.698942402,-102.72369600000047,0.17293233082706766,2026-02-17 09:43:00+00:00,surfline_trevone_20260217_0943
-553603.8708872632,6541252.30547773,-102.72369600000047,0.17543859649122806,2026-02-17 09:43:00+00:00,surfline_trevone_20260217_0943
-553603.7683490402,6541251.883024991,-102.72369600000047,0.17794486215538846,2026-02-17 09:43:00+00:00,surfline_trevone_20260217_0943
-553603.665810939,6541251.460572136,-102.72369600000047,0.18045112781954886,2026-02-17 09:43:00+00:00,surfline_trevone_20260217_0943
-553603.563272717,6541251.038119398,-102.72369600000047,0.18295739348370926,2026-02-17 09:43:00+00:00,surfline_trevone_20260217_0943
-553604.1897547017,6541250.828519429,-102.72369600000047,0.18546365914786966,2026-02-17 09:43:00+00:00,surfline_trevone_20260217_0943
-553604.9470849012,6541250.657123167,-102.72369600000047,0.18796992481203006,2026-02-17 09:43:00+00:00,surfline_trevone_20260217_0943
-553605.4692964316,6541250.417078967,-102.72369600000047,0.19047619047619047,2026-02-17 09:43:00+00:00,surfline_trevone_20260217_0943
-553605.5173106829,6541250.038583157,-102.72369600000047,0.19298245614035087,2026-02-17 09:43:00+00:00,surfline_trevone_20260217_0943
-553605.4147723403,6541249.616130534,-102.72369600000047,0.19548872180451127,2026-02-17 09:43:00+00:00,surfline_trevone_20260217_0943
-553605.3122340656,6541249.193677844,-102.72369600000047,0.19799498746867167,2026-02-17 09:43:00+00:00,surfline_trevone_20260217_0943
-553605.2096960156,6541248.77122494,-102.72369600000047,0.20050125313283207,2026-02-17 09:43:00+00:00,surfline_trevone_20260217_0943
-553605.1071577936,6541248.348772202,-102.72369600000047,0.20300751879699247,2026-02-17 09:43:00+00:00,surfline_trevone_20260217_0943
-553605.0046194507,6541247.926319579,-102.72369600000047,0.20551378446115287,2026-02-17 09:43:00+00:00,surfline_trevone_20260217_0943
-553604.9020812277,6541247.503866839,-102.72369600000047,0.20802005012531327,2026-02-17 09:43:00+00:00,surfline_trevone_20260217_0943
-553604.7995431264,6541247.081413985,-102.72369600000047,0.21052631578947367,2026-02-17 09:43:00+00:00,surfline_trevone_20260217_0943
-553604.8069680523,6541246.691067276,-102.72369600000047,0.21303258145363407,2026-02-17 09:43:00+00:00,surfline_trevone_20260217_0943
-553605.564298461,6541246.519671227,-102.72369600000047,0.21553884711779447,2026-02-17 09:43:00+00:00,surfline_trevone_20260217_0943
-553606.3216286607,6541246.348274965,-102.72369600000047,0.21804511278195488,2026-02-17 09:43:00+00:00,surfline_trevone_20260217_0943
-553606.7234344056,6541246.073075791,-102.72369600000047,0.22055137844611528,2026-02-17 09:43:00+00:00,surfline_trevone_20260217_0943
-553606.2936051226,6541245.555063617,-102.72369600000047,0.22305764411027568,2026-02-17 09:43:00+00:00,surfline_trevone_20260217_0943
-553606.4140490982,6541245.1977153225,-102.72369600000047,0.22556390977443608,2026-02-17 09:43:00+00:00,surfline_trevone_20260217_0943
-553606.4459663046,6541244.814519643,-102.72369600000047,0.22807017543859648,2026-02-17 09:43:00+00:00,surfline_trevone_20260217_0943
-553606.3434282029,6541244.392066789,-102.72369600000047,0.23057644110275688,2026-02-17 09:43:00+00:00,surfline_trevone_20260217_0943
-553606.2408898602,6541243.969614166,-102.72369600000047,0.23308270676691728,2026-02-17 09:43:00+00:00,surfline_trevone_20260217_0943
-553606.1383516372,6541243.547161426,-102.72369600000047,0.23558897243107768,2026-02-17 09:43:00+00:00,surfline_trevone_20260217_0943
-553606.0358135359,6541243.124708572,-102.72369600000047,0.23809523809523808,2026-02-17 09:43:00+00:00,surfline_trevone_20260217_0943
-553606.1955234766,6541242.778824642,-102.72369600000047,0.24060150375939848,2026-02-17 09:43:00+00:00,surfline_trevone_20260217_0943
-553606.9528538854,6541242.607428594,-102.72369600000047,0.24310776942355888,2026-02-17 09:43:00+00:00,surfline_trevone_20260217_0943
-553607.3245131533,6541242.323427678,-102.72369600000047,0.24561403508771928,2026-02-17 09:43:00+00:00,surfline_trevone_20260217_0943
-553607.8430118569,6541242.082299441,-102.72369600000047,0.24812030075187969,2026-02-17 09:43:00+00:00,surfline_trevone_20260217_0943
-553607.8873132799,6541241.7027195925,-102.72369600000047,0.2506265664160401,2026-02-17 09:43:00+00:00,surfline_trevone_20260217_0943
-553607.7847749373,6541241.280266969,-102.72369600000047,0.2531328320802005,2026-02-17 09:43:00+00:00,surfline_trevone_20260217_0943
-553607.6822367144,6541240.85781423,-102.72369600000047,0.2556390977443609,2026-02-17 09:43:00+00:00,surfline_trevone_20260217_0943
-553607.5796986128,6541240.435361376,-102.72369600000047,0.2581453634085213,2026-02-17 09:43:00+00:00,surfline_trevone_20260217_0943
-553607.4771603906,6541240.012908638,-102.72369600000047,0.2606516290726817,2026-02-17 09:43:00+00:00,surfline_trevone_20260217_0943
-553607.3746220479,6541239.590456015,-102.72369600000047,0.2631578947368421,2026-02-17 09:43:00+00:00,surfline_trevone_20260217_0943
-553607.2720837732,6541239.168003325,-102.72369600000047,0.2656641604010025,2026-02-17 09:43:00+00:00,surfline_trevone_20260217_0943
-553607.1695457234,6541238.745550422,-102.72369600000047,0.2681704260651629,2026-02-17 09:43:00+00:00,surfline_trevone_20260217_0943
-553607.0670075014,6541238.323097684,-102.72369600000047,0.2706766917293233,2026-02-17 09:43:00+00:00,surfline_trevone_20260217_0943
-553606.964469158,6541237.90064506,-102.72369600000047,0.2731829573934837,2026-02-17 09:43:00+00:00,surfline_trevone_20260217_0943
-553606.8619309353,6541237.478192321,-102.72369600000047,0.2756892230576441,2026-02-17 09:43:00+00:00,surfline_trevone_20260217_0943
-553607.5280322455,6541237.280159737,-102.72369600000047,0.2781954887218045,2026-02-17 09:43:00+00:00,surfline_trevone_20260217_0943
-553608.2853624444,6541237.108763476,-102.72369600000047,0.2807017543859649,2026-02-17 09:43:00+00:00,surfline_trevone_20260217_0943
-553608.9185071244,6541236.901108819,-102.72369600000047,0.2832080200501253,2026-02-17 09:43:00+00:00,surfline_trevone_20260217_0943
-553608.8159689016,6541236.47865608,-102.72369600000047,0.2857142857142857,2026-02-17 09:43:00+00:00,surfline_trevone_20260217_0943
-553608.7134308,6541236.056203226,-102.72369600000047,0.2882205513784461,2026-02-17 09:43:00+00:00,surfline_trevone_20260217_0943
-553608.6108925781,6541235.633750487,-102.72369600000047,0.2907268170426065,2026-02-17 09:43:00+00:00,surfline_trevone_20260217_0943
-553608.5083542351,6541235.211297864,-102.72369600000047,0.2932330827067669,2026-02-17 09:43:00+00:00,surfline_trevone_20260217_0943
-553608.4058160122,6541234.788845125,-102.72369600000047,0.2957393483709273,2026-02-17 09:43:00+00:00,surfline_trevone_20260217_0943
-553608.3032779108,6541234.366392271,-102.72369600000047,0.2982456140350877,2026-02-17 09:43:00+00:00,surfline_trevone_20260217_0943
-553608.2007395678,6541233.943939649,-102.72369600000047,0.3007518796992481,2026-02-17 09:43:00+00:00,surfline_trevone_20260217_0943
-553608.0982013447,6541233.521486909,-102.72369600000047,0.3032581453634085,2026-02-17 09:43:00+00:00,surfline_trevone_20260217_0943
-553608.1452458065,6541233.142707796,-102.72369600000047,0.3057644110275689,2026-02-17 09:43:00+00:00,surfline_trevone_20260217_0943
-553608.7097405392,6541232.915009208,-102.72369600000047,0.3082706766917293,2026-02-17 09:43:00+00:00,surfline_trevone_20260217_0943
-553609.4670709482,6541232.743613159,-102.72369600000047,0.3107769423558897,2026-02-17 09:43:00+00:00,surfline_trevone_20260217_0943
-553609.0673883536,6541232.234402938,-102.72369600000047,0.3132832080200501,2026-02-17 09:43:00+00:00,surfline_trevone_20260217_0943
-553609.2462119451,6541231.894099484,-102.72369600000047,0.3157894736842105,2026-02-17 09:43:00+00:00,surfline_trevone_20260217_0943
-553609.8471629873,6541231.677045074,-102.72369600000047,0.3182957393483709,2026-02-17 09:43:00+00:00,surfline_trevone_20260217_0943
-553609.7446246448,6541231.254592452,-102.72369600000047,0.3208020050125313,2026-02-17 09:43:00+00:00,surfline_trevone_20260217_0943
-553609.6420864217,6541230.832139713,-102.72369600000047,0.3233082706766917,2026-02-17 09:43:00+00:00,surfline_trevone_20260217_0943
-553609.5395483206,6541230.409686858,-102.72369600000047,0.3258145363408521,2026-02-17 09:43:00+00:00,surfline_trevone_20260217_0943
-553609.4370100985,6541229.98723412,-102.72369600000047,0.3283208020050125,2026-02-17 09:43:00+00:00,surfline_trevone_20260217_0943
-553609.9334840353,6541229.739675596,-102.72369600000047,0.3308270676691729,2026-02-17 09:43:00+00:00,surfline_trevone_20260217_0943
-553610.6908143248,6541229.568279426,-102.72369600000047,0.3333333333333333,2026-02-17 09:43:00+00:00,surfline_trevone_20260217_0943
-553611.2553087575,6541229.340580534,-102.72369600000047,0.3358395989974937,2026-02-17 09:43:00+00:00,surfline_trevone_20260217_0943
-553611.3910480645,6541228.987697878,-102.72369600000047,0.3383458646616541,2026-02-17 09:43:00+00:00,surfline_trevone_20260217_0943
-553611.2885097216,6541228.565245256,-102.72369600000047,0.3408521303258145,2026-02-17 09:43:00+00:00,surfline_trevone_20260217_0943
-553611.1859714987,6541228.142792516,-102.72369600000047,0.3433583959899749,2026-02-17 09:43:00+00:00,surfline_trevone_20260217_0943
-553611.0834333971,6541227.720339662,-102.72369600000047,0.3458646616541353,2026-02-17 09:43:00+00:00,surfline_trevone_20260217_0943
-553610.9808951751,6541227.297886924,-102.72369600000047,0.3483709273182957,2026-02-17 09:43:00+00:00,surfline_trevone_20260217_0943
-553610.9283801753,6541226.890039657,-102.72369600000047,0.3508771929824561,2026-02-17 09:43:00+00:00,surfline_trevone_20260217_0943
-553611.5428982523,6541226.676946424,-102.72369600000047,0.3533834586466165,2026-02-17 09:43:00+00:00,surfline_trevone_20260217_0943
-553612.3002282408,6541226.505549951,-102.72369600000047,0.3558897243107769,2026-02-17 09:43:00+00:00,surfline_trevone_20260217_0943
-553612.8647231831,6541226.277851574,-102.72369600000047,0.3583959899749373,2026-02-17 09:43:00+00:00,surfline_trevone_20260217_0943
-553612.8323947982,6541225.8758980585,-102.72369600000047,0.3609022556390977,2026-02-17 09:43:00+00:00,surfline_trevone_20260217_0943
-553612.7298566966,6541225.4534452045,-102.72369600000047,0.3634085213032581,2026-02-17 09:43:00+00:00,surfline_trevone_20260217_0943
-553612.6273184743,6541225.030992466,-102.72369600000047,0.3659147869674185,2026-02-17 09:43:00+00:00,surfline_trevone_20260217_0943
-553612.5247801318,6541224.608539843,-102.72369600000047,0.3684210526315789,2026-02-17 09:43:00+00:00,surfline_trevone_20260217_0943
-553612.4222419086,6541224.186087104,-102.72369600000047,0.37092731829573933,2026-02-17 09:43:00+00:00,surfline_trevone_20260217_0943
-553612.319703807,6541223.76363425,-102.72369600000047,0.37343358395989973,2026-02-17 09:43:00+00:00,surfline_trevone_20260217_0943
-553612.2171655848,6541223.341181511,-102.72369600000047,0.37593984962406013,2026-02-17 09:43:00+00:00,surfline_trevone_20260217_0943
-553612.114627242,6541222.918728889,-102.72369600000047,0.37844611528822053,2026-02-17 09:43:00+00:00,surfline_trevone_20260217_0943
-553612.182518149,6541222.54603648,-102.72369600000047,0.38095238095238093,2026-02-17 09:43:00+00:00,surfline_trevone_20260217_0943
-553612.724606336,6541222.311795684,-102.72369600000047,0.38345864661654133,2026-02-17 09:43:00+00:00,surfline_trevone_20260217_0943
-553613.096265604,6541222.027794769,-102.72369600000047,0.38596491228070173,2026-02-17 09:43:00+00:00,surfline_trevone_20260217_0943
-553613.6607605468,6541221.800096394,-102.72369600000047,0.38847117794486213,2026-02-17 09:43:00+00:00,surfline_trevone_20260217_0943
-553613.902855667,6541221.47826653,-102.72369600000047,0.39097744360902253,2026-02-17 09:43:00+00:00,surfline_trevone_20260217_0943
-553612.6685596812,6541220.7253734125,-102.72369600000047,0.39348370927318294,2026-02-17 09:43:00+00:00,surfline_trevone_20260217_0943
-553611.3968598059,6541219.961559601,-102.72369600000047,0.39598997493734334,2026-02-17 09:43:00+00:00,surfline_trevone_20260217_0943
-553611.2943214625,6541219.53910698,-102.72369600000047,0.39849624060150374,2026-02-17 09:43:00+00:00,surfline_trevone_20260217_0943
-553611.4695121974,6541219.197743053,-102.72369600000047,0.40100250626566414,2026-02-17 09:43:00+00:00,surfline_trevone_20260217_0943
-553612.0340066287,6541218.97004416,-102.72369600000047,0.40350877192982454,2026-02-17 09:43:00+00:00,surfline_trevone_20260217_0943
-553612.2128304299,6541218.629740919,-102.72369600000047,0.40601503759398494,2026-02-17 09:43:00+00:00,surfline_trevone_20260217_0943
-553612.5844899087,6541218.345740218,-102.72369600000047,0.40852130325814534,2026-02-17 09:43:00+00:00,surfline_trevone_20260217_0943
-553612.9561491768,6541218.061739302,-102.72369600000047,0.41102756892230574,2026-02-17 09:43:00+00:00,surfline_trevone_20260217_0943
-553613.0432831044,6541217.694665143,-102.72369600000047,0.41353383458646614,2026-02-17 09:43:00+00:00,surfline_trevone_20260217_0943
-553611.3854421237,6541216.818109555,-102.72369600000047,0.41604010025062654,2026-02-17 09:43:00+00:00,surfline_trevone_20260217_0943
-553610.7298876061,6541216.234192202,-102.72369600000047,0.41854636591478694,2026-02-17 09:43:00+00:00,surfline_trevone_20260217_0943
-553611.3574185852,6541216.024898205,-102.72369600000047,0.42105263157894735,2026-02-17 09:43:00+00:00,surfline_trevone_20260217_0943
-553611.729077852,6541215.74089729,-102.72369600000047,0.42355889724310775,2026-02-17 09:43:00+00:00,surfline_trevone_20260217_0943
-553611.7150664001,6541215.344291937,-102.72369600000047,0.42606516290726815,2026-02-17 09:43:00+00:00,surfline_trevone_20260217_0943
-553612.2573896584,6541215.110119924,-102.72369600000047,0.42857142857142855,2026-02-17 09:43:00+00:00,surfline_trevone_20260217_0943
-553612.3255155481,6541214.737495973,-102.72369600000047,0.43107769423558895,2026-02-17 09:43:00+00:00,surfline_trevone_20260217_0943
-553612.6372085254,6541214.435986652,-102.72369600000047,0.43358395989974935,2026-02-17 09:43:00+00:00,surfline_trevone_20260217_0943
-553613.3945389352,6541214.264590604,-102.72369600000047,0.43609022556390975,2026-02-17 09:43:00+00:00,surfline_trevone_20260217_0943
-553614.1518691346,6541214.093194342,-102.72369600000047,0.43859649122807015,2026-02-17 09:43:00+00:00,surfline_trevone_20260217_0943
-553614.2795535143,6541213.737959731,-102.72369600000047,0.44110275689223055,2026-02-17 09:43:00+00:00,surfline_trevone_20260217_0943
-553614.1770152921,6541213.315506993,-102.72369600000047,0.44360902255639095,2026-02-17 09:43:00+00:00,surfline_trevone_20260217_0943
-553614.0744769488,6541212.893054371,-102.72369600000047,0.44611528822055135,2026-02-17 09:43:00+00:00,surfline_trevone_20260217_0943
-553613.93746287,6541212.460535687,-102.72369600000047,0.44862155388471175,2026-02-17 09:43:00+00:00,surfline_trevone_20260217_0943
-553613.8694006248,6541212.048148776,-102.72369600000047,0.45112781954887216,2026-02-17 09:43:00+00:00,surfline_trevone_20260217_0943
-553613.7668624024,6541211.625696038,-102.72369600000047,0.45363408521303256,2026-02-17 09:43:00+00:00,surfline_trevone_20260217_0943
-553613.6643240594,6541211.203243416,-102.72369600000047,0.45614035087719296,2026-02-17 09:43:00+00:00,surfline_trevone_20260217_0943
-553613.5617858365,6541210.780790676,-102.72369600000047,0.45864661654135336,2026-02-17 09:43:00+00:00,surfline_trevone_20260217_0943
-553613.6825087189,6541210.423523512,-102.72369600000047,0.46115288220551376,2026-02-17 09:43:00+00:00,surfline_trevone_20260217_0943
-553614.0117522859,6541210.127138451,-102.72369600000047,0.46365914786967416,2026-02-17 09:43:00+00:00,surfline_trevone_20260217_0943
-553613.6120699013,6541209.617928444,-102.72369600000047,0.46616541353383456,2026-02-17 09:43:00+00:00,surfline_trevone_20260217_0943
-553613.1516328948,6541209.090979772,-102.72369600000047,0.46867167919799496,2026-02-17 09:43:00+00:00,surfline_trevone_20260217_0943
-553613.049094846,6541208.668526867,-102.72369600000047,0.47117794486215536,2026-02-17 09:43:00+00:00,surfline_trevone_20260217_0943
-553612.9465565021,6541208.246074245,-102.72369600000047,0.47368421052631576,2026-02-17 09:43:00+00:00,surfline_trevone_20260217_0943
-553612.844018279,6541207.823621506,-102.72369600000047,0.47619047619047616,2026-02-17 09:43:00+00:00,surfline_trevone_20260217_0943
-553612.7414801788,6541207.401168651,-102.72369600000047,0.47869674185463656,2026-02-17 09:43:00+00:00,surfline_trevone_20260217_0943
-553612.6389419567,6541206.978715912,-102.72369600000047,0.48120300751879697,2026-02-17 09:43:00+00:00,surfline_trevone_20260217_0943
-553612.5364036127,6541206.556263291,-102.72369600000047,0.48370927318295737,2026-02-17 09:43:00+00:00,surfline_trevone_20260217_0943
-553612.4338653897,6541206.133810551,-102.72369600000047,0.48621553884711777,2026-02-17 09:43:00+00:00,surfline_trevone_20260217_0943
-553612.3313272896,6541205.711357696,-102.72369600000047,0.48872180451127817,2026-02-17 09:43:00+00:00,surfline_trevone_20260217_0943
-553612.5077757232,6541205.3703609165,-102.72369600000047,0.49122807017543857,2026-02-17 09:43:00+00:00,surfline_trevone_20260217_0943
-553613.2651061341,6541205.19896487,-102.72369600000047,0.49373433583959897,2026-02-17 09:43:00+00:00,surfline_trevone_20260217_0943
-553614.0224363337,6541205.027568608,-102.72369600000047,0.49624060150375937,2026-02-17 09:43:00+00:00,surfline_trevone_20260217_0943
-553611.9211744,6541204.021546741,-102.72369600000047,0.49874686716791977,2026-02-17 09:43:00+00:00,surfline_trevone_20260217_0943
-553611.9211744,6541204.021546741,-102.72369600000047,0.5012531328320802,2026-02-17 09:43:00+00:00,surfline_trevone_20260217_0943
-553611.9211744,6541204.021546741,-102.72369600000047,0.5037593984962405,2026-02-17 09:43:00+00:00,surfline_trevone_20260217_0943
-553611.9211744,6541204.021546741,-102.72369600000047,0.506265664160401,2026-02-17 09:43:00+00:00,surfline_trevone_20260217_0943
-553611.9211744,6541204.021546741,-102.72369600000047,0.5087719298245614,2026-02-17 09:43:00+00:00,surfline_trevone_20260217_0943
-553611.9211744,6541204.021546741,-102.72369600000047,0.5112781954887218,2026-02-17 09:43:00+00:00,surfline_trevone_20260217_0943
-553611.9211744,6541204.021546741,-102.72369600000047,0.5137844611528821,2026-02-17 09:43:00+00:00,surfline_trevone_20260217_0943
-553611.9211744,6541204.021546741,-102.72369600000047,0.5162907268170426,2026-02-17 09:43:00+00:00,surfline_trevone_20260217_0943
-553611.9211744,6541204.021546741,-102.72369600000047,0.518796992481203,2026-02-17 09:43:00+00:00,surfline_trevone_20260217_0943
-553611.9211744,6541204.021546741,-102.72369600000047,0.5213032581453634,2026-02-17 09:43:00+00:00,surfline_trevone_20260217_0943
-553611.9211744,6541204.021546741,-102.72369600000047,0.5238095238095237,2026-02-17 09:43:00+00:00,surfline_trevone_20260217_0943
-553611.9211744,6541204.021546741,-102.72369600000047,0.5263157894736842,2026-02-17 09:43:00+00:00,surfline_trevone_20260217_0943
-553611.9211744,6541204.021546741,-102.72369600000047,0.5288220551378446,2026-02-17 09:43:00+00:00,surfline_trevone_20260217_0943
-553611.9211744,6541204.021546741,-102.72369600000047,0.531328320802005,2026-02-17 09:43:00+00:00,surfline_trevone_20260217_0943
-553611.9211744,6541204.021546741,-102.72369600000047,0.5338345864661653,2026-02-17 09:43:00+00:00,surfline_trevone_20260217_0943
-553611.9211744,6541204.021546741,-102.72369600000047,0.5363408521303258,2026-02-17 09:43:00+00:00,surfline_trevone_20260217_0943
-553611.9211744,6541204.021546741,-102.72369600000047,0.5388471177944862,2026-02-17 09:43:00+00:00,surfline_trevone_20260217_0943
-553611.9211744,6541204.021546741,-102.72369600000047,0.5413533834586466,2026-02-17 09:43:00+00:00,surfline_trevone_20260217_0943
-553611.9211744,6541204.021546741,-102.72369600000047,0.5438596491228069,2026-02-17 09:43:00+00:00,surfline_trevone_20260217_0943
-553611.9211744,6541204.021546741,-102.72369600000047,0.5463659147869674,2026-02-17 09:43:00+00:00,surfline_trevone_20260217_0943
-553611.9211744,6541204.021546741,-102.72369600000047,0.5488721804511278,2026-02-17 09:43:00+00:00,surfline_trevone_20260217_0943
-553611.9211744,6541204.021546741,-102.72369600000047,0.5513784461152882,2026-02-17 09:43:00+00:00,surfline_trevone_20260217_0943
-553611.9211744,6541204.021546741,-102.72369600000047,0.5538847117794485,2026-02-17 09:43:00+00:00,surfline_trevone_20260217_0943
-553611.9211744,6541204.021546741,-102.72369600000047,0.556390977443609,2026-02-17 09:43:00+00:00,surfline_trevone_20260217_0943
-553611.9211744,6541204.021546741,-102.72369600000047,0.5588972431077694,2026-02-17 09:43:00+00:00,surfline_trevone_20260217_0943
-553611.9211744,6541204.021546741,-102.72369600000047,0.5614035087719298,2026-02-17 09:43:00+00:00,surfline_trevone_20260217_0943
-553611.9211744,6541204.021546741,-102.72369600000047,0.5639097744360901,2026-02-17 09:43:00+00:00,surfline_trevone_20260217_0943
-553611.9211744,6541204.021546741,-102.72369600000047,0.5664160401002506,2026-02-17 09:43:00+00:00,surfline_trevone_20260217_0943
-553611.9211744,6541204.021546741,-102.72369600000047,0.568922305764411,2026-02-17 09:43:00+00:00,surfline_trevone_20260217_0943
-553611.9211744,6541204.021546741,-102.72369600000047,0.5714285714285714,2026-02-17 09:43:00+00:00,surfline_trevone_20260217_0943
-553611.9211744,6541204.021546741,-102.72369600000047,0.5739348370927317,2026-02-17 09:43:00+00:00,surfline_trevone_20260217_0943
-553611.9211744,6541204.021546741,-102.72369600000047,0.5764411027568922,2026-02-17 09:43:00+00:00,surfline_trevone_20260217_0943
-553611.9211744,6541204.021546741,-102.72369600000047,0.5789473684210527,2026-02-17 09:43:00+00:00,surfline_trevone_20260217_0943
-553611.9211744,6541204.021546741,-102.72369600000047,0.581453634085213,2026-02-17 09:43:00+00:00,surfline_trevone_20260217_0943
-553611.9211744,6541204.021546741,-102.72369600000047,0.5839598997493733,2026-02-17 09:43:00+00:00,surfline_trevone_20260217_0943
-553611.9211744,6541204.021546741,-102.72369600000047,0.5864661654135338,2026-02-17 09:43:00+00:00,surfline_trevone_20260217_0943
-553611.9211744,6541204.021546741,-102.72369600000047,0.5889724310776943,2026-02-17 09:43:00+00:00,surfline_trevone_20260217_0943
-553611.9211744,6541204.021546741,-102.72369600000047,0.5914786967418546,2026-02-17 09:43:00+00:00,surfline_trevone_20260217_0943
-553611.9211744,6541204.021546741,-102.72369600000047,0.593984962406015,2026-02-17 09:43:00+00:00,surfline_trevone_20260217_0943
-553611.9211744,6541204.021546741,-102.72369600000047,0.5964912280701754,2026-02-17 09:43:00+00:00,surfline_trevone_20260217_0943
-553611.9211744,6541204.021546741,-102.72369600000047,0.5989974937343359,2026-02-17 09:43:00+00:00,surfline_trevone_20260217_0943
-553611.9211744,6541204.021546741,-102.72369600000047,0.6015037593984962,2026-02-17 09:43:00+00:00,surfline_trevone_20260217_0943
-553611.9211744,6541204.021546741,-102.72369600000047,0.6040100250626566,2026-02-17 09:43:00+00:00,surfline_trevone_20260217_0943
-553611.9211744,6541204.021546741,-102.72369600000047,0.606516290726817,2026-02-17 09:43:00+00:00,surfline_trevone_20260217_0943
-553611.9211744,6541204.021546741,-102.72369600000047,0.6090225563909775,2026-02-17 09:43:00+00:00,surfline_trevone_20260217_0943
-553611.9211744,6541204.021546741,-102.72369600000047,0.6115288220551378,2026-02-17 09:43:00+00:00,surfline_trevone_20260217_0943
-553611.9211744,6541204.021546741,-102.72369600000047,0.6140350877192982,2026-02-17 09:43:00+00:00,surfline_trevone_20260217_0943
-553611.9211744,6541204.021546741,-102.72369600000047,0.6165413533834586,2026-02-17 09:43:00+00:00,surfline_trevone_20260217_0943
-553611.9211744,6541204.021546741,-102.72369600000047,0.6190476190476191,2026-02-17 09:43:00+00:00,surfline_trevone_20260217_0943
-553611.9211744,6541204.021546741,-102.72369600000047,0.6215538847117794,2026-02-17 09:43:00+00:00,surfline_trevone_20260217_0943
-553611.9211744,6541204.021546741,-102.72369600000047,0.6240601503759398,2026-02-17 09:43:00+00:00,surfline_trevone_20260217_0943
-553611.9211744,6541204.021546741,-102.72369600000047,0.6265664160401002,2026-02-17 09:43:00+00:00,surfline_trevone_20260217_0943
-553611.9211744,6541204.021546741,-102.72369600000047,0.6290726817042607,2026-02-17 09:43:00+00:00,surfline_trevone_20260217_0943
-553611.9211744,6541204.021546741,-102.72369600000047,0.631578947368421,2026-02-17 09:43:00+00:00,surfline_trevone_20260217_0943
-553611.9211744,6541204.021546741,-102.72369600000047,0.6340852130325814,2026-02-17 09:43:00+00:00,surfline_trevone_20260217_0943
-553611.9211744,6541204.021546741,-102.72369600000047,0.6365914786967418,2026-02-17 09:43:00+00:00,surfline_trevone_20260217_0943
-553611.9211744,6541204.021546741,-102.72369600000047,0.6390977443609023,2026-02-17 09:43:00+00:00,surfline_trevone_20260217_0943
-553611.9211744,6541204.021546741,-102.72369600000047,0.6416040100250626,2026-02-17 09:43:00+00:00,surfline_trevone_20260217_0943
-553611.9211744,6541204.021546741,-102.72369600000047,0.644110275689223,2026-02-17 09:43:00+00:00,surfline_trevone_20260217_0943
-553611.9211744,6541204.021546741,-102.72369600000047,0.6466165413533834,2026-02-17 09:43:00+00:00,surfline_trevone_20260217_0943
-553611.9211744,6541204.021546741,-102.72369600000047,0.6491228070175439,2026-02-17 09:43:00+00:00,surfline_trevone_20260217_0943
-553611.9211744,6541204.021546741,-102.72369600000047,0.6516290726817042,2026-02-17 09:43:00+00:00,surfline_trevone_20260217_0943
-553611.9211744,6541204.021546741,-102.72369600000047,0.6541353383458646,2026-02-17 09:43:00+00:00,surfline_trevone_20260217_0943
-553611.9211744,6541204.021546741,-102.72369600000047,0.656641604010025,2026-02-17 09:43:00+00:00,surfline_trevone_20260217_0943
-553611.9211744,6541204.021546741,-102.72369600000047,0.6591478696741855,2026-02-17 09:43:00+00:00,surfline_trevone_20260217_0943
-553611.9211744,6541204.021546741,-102.72369600000047,0.6616541353383458,2026-02-17 09:43:00+00:00,surfline_trevone_20260217_0943
-553611.9211744,6541204.021546741,-102.72369600000047,0.6641604010025062,2026-02-17 09:43:00+00:00,surfline_trevone_20260217_0943
-553611.9211744,6541204.021546741,-102.72369600000047,0.6666666666666666,2026-02-17 09:43:00+00:00,surfline_trevone_20260217_0943
-553611.9211744,6541204.021546741,-102.72369600000047,0.6691729323308271,2026-02-17 09:43:00+00:00,surfline_trevone_20260217_0943
-553611.9211744,6541204.021546741,-102.72369600000047,0.6716791979949874,2026-02-17 09:43:00+00:00,surfline_trevone_20260217_0943
-553611.9211744,6541204.021546741,-102.72369600000047,0.6741854636591478,2026-02-17 09:43:00+00:00,surfline_trevone_20260217_0943
-553611.9211744,6541204.021546741,-102.72369600000047,0.6766917293233082,2026-02-17 09:43:00+00:00,surfline_trevone_20260217_0943
-553611.9211744,6541204.021546741,-102.72369600000047,0.6791979949874687,2026-02-17 09:43:00+00:00,surfline_trevone_20260217_0943
-553611.9211744,6541204.021546741,-102.72369600000047,0.681704260651629,2026-02-17 09:43:00+00:00,surfline_trevone_20260217_0943
-553611.9211744,6541204.021546741,-102.72369600000047,0.6842105263157894,2026-02-17 09:43:00+00:00,surfline_trevone_20260217_0943
-553611.9211744,6541204.021546741,-102.72369600000047,0.6867167919799498,2026-02-17 09:43:00+00:00,surfline_trevone_20260217_0943
-553611.9211744,6541204.021546741,-102.72369600000047,0.6892230576441103,2026-02-17 09:43:00+00:00,surfline_trevone_20260217_0943
-553611.9211744,6541204.021546741,-102.72369600000047,0.6917293233082706,2026-02-17 09:43:00+00:00,surfline_trevone_20260217_0943
-553611.9211744,6541204.021546741,-102.72369600000047,0.694235588972431,2026-02-17 09:43:00+00:00,surfline_trevone_20260217_0943
-553611.9211744,6541204.021546741,-102.72369600000047,0.6967418546365914,2026-02-17 09:43:00+00:00,surfline_trevone_20260217_0943
-553611.9211744,6541204.021546741,-102.72369600000047,0.6992481203007519,2026-02-17 09:43:00+00:00,surfline_trevone_20260217_0943
-553611.9211744,6541204.021546741,-102.72369600000047,0.7017543859649122,2026-02-17 09:43:00+00:00,surfline_trevone_20260217_0943
-553611.9211744,6541204.021546741,-102.72369600000047,0.7042606516290726,2026-02-17 09:43:00+00:00,surfline_trevone_20260217_0943
-553611.9211744,6541204.021546741,-102.72369600000047,0.706766917293233,2026-02-17 09:43:00+00:00,surfline_trevone_20260217_0943
-553611.9211744,6541204.021546741,-102.72369600000047,0.7092731829573935,2026-02-17 09:43:00+00:00,surfline_trevone_20260217_0943
-553611.9211744,6541204.021546741,-102.72369600000047,0.7117794486215538,2026-02-17 09:43:00+00:00,surfline_trevone_20260217_0943
-553611.9211744,6541204.021546741,-102.72369600000047,0.7142857142857142,2026-02-17 09:43:00+00:00,surfline_trevone_20260217_0943
-553611.9211744,6541204.021546741,-102.72369600000047,0.7167919799498746,2026-02-17 09:43:00+00:00,surfline_trevone_20260217_0943
-553611.9211744,6541204.021546741,-102.72369600000047,0.7192982456140351,2026-02-17 09:43:00+00:00,surfline_trevone_20260217_0943
-553611.9211744,6541204.021546741,-102.72369600000047,0.7218045112781954,2026-02-17 09:43:00+00:00,surfline_trevone_20260217_0943
-553611.9211744,6541204.021546741,-102.72369600000047,0.7243107769423558,2026-02-17 09:43:00+00:00,surfline_trevone_20260217_0943
-553611.9211744,6541204.021546741,-102.72369600000047,0.7268170426065163,2026-02-17 09:43:00+00:00,surfline_trevone_20260217_0943
-553611.9211744,6541204.021546741,-102.72369600000047,0.7293233082706767,2026-02-17 09:43:00+00:00,surfline_trevone_20260217_0943
-553611.9211744,6541204.021546741,-102.72369600000047,0.731829573934837,2026-02-17 09:43:00+00:00,surfline_trevone_20260217_0943
-553611.9211744,6541204.021546741,-102.72369600000047,0.7343358395989974,2026-02-17 09:43:00+00:00,surfline_trevone_20260217_0943
-553611.9211744,6541204.021546741,-102.72369600000047,0.7368421052631579,2026-02-17 09:43:00+00:00,surfline_trevone_20260217_0943
-553611.9211744,6541204.021546741,-102.72369600000047,0.7393483709273183,2026-02-17 09:43:00+00:00,surfline_trevone_20260217_0943
-553611.9211744,6541204.021546741,-102.72369600000047,0.7418546365914787,2026-02-17 09:43:00+00:00,surfline_trevone_20260217_0943
-553611.9211744,6541204.021546741,-102.72369600000047,0.744360902255639,2026-02-17 09:43:00+00:00,surfline_trevone_20260217_0943
-553611.9211744,6541204.021546741,-102.72369600000047,0.7468671679197995,2026-02-17 09:43:00+00:00,surfline_trevone_20260217_0943
-553611.9211744,6541204.021546741,-102.72369600000047,0.7493734335839599,2026-02-17 09:43:00+00:00,surfline_trevone_20260217_0943
-553611.9211744,6541204.021546741,-102.72369600000047,0.7518796992481203,2026-02-17 09:43:00+00:00,surfline_trevone_20260217_0943
-553611.9211744,6541204.021546741,-102.72369600000047,0.7543859649122806,2026-02-17 09:43:00+00:00,surfline_trevone_20260217_0943
-553611.9211744,6541204.021546741,-102.72369600000047,0.7568922305764411,2026-02-17 09:43:00+00:00,surfline_trevone_20260217_0943
-553611.9211744,6541204.021546741,-102.72369600000047,0.7593984962406015,2026-02-17 09:43:00+00:00,surfline_trevone_20260217_0943
-553611.9211744,6541204.021546741,-102.72369600000047,0.7619047619047619,2026-02-17 09:43:00+00:00,surfline_trevone_20260217_0943
-553611.9211744,6541204.021546741,-102.72369600000047,0.7644110275689222,2026-02-17 09:43:00+00:00,surfline_trevone_20260217_0943
-553611.9211744,6541204.021546741,-102.72369600000047,0.7669172932330827,2026-02-17 09:43:00+00:00,surfline_trevone_20260217_0943
-553611.9211744,6541204.021546741,-102.72369600000047,0.7694235588972431,2026-02-17 09:43:00+00:00,surfline_trevone_20260217_0943
-553611.9211744,6541204.021546741,-102.72369600000047,0.7719298245614035,2026-02-17 09:43:00+00:00,surfline_trevone_20260217_0943
-553611.9211744,6541204.021546741,-102.72369600000047,0.7744360902255638,2026-02-17 09:43:00+00:00,surfline_trevone_20260217_0943
-553611.9211744,6541204.021546741,-102.72369600000047,0.7769423558897243,2026-02-17 09:43:00+00:00,surfline_trevone_20260217_0943
-553611.9211744,6541204.021546741,-102.72369600000047,0.7794486215538847,2026-02-17 09:43:00+00:00,surfline_trevone_20260217_0943
-553611.9211744,6541204.021546741,-102.72369600000047,0.7819548872180451,2026-02-17 09:43:00+00:00,surfline_trevone_20260217_0943
-553611.9211744,6541204.021546741,-102.72369600000047,0.7844611528822054,2026-02-17 09:43:00+00:00,surfline_trevone_20260217_0943
-553611.9211744,6541204.021546741,-102.72369600000047,0.7869674185463659,2026-02-17 09:43:00+00:00,surfline_trevone_20260217_0943
-553611.9211744,6541204.021546741,-102.72369600000047,0.7894736842105263,2026-02-17 09:43:00+00:00,surfline_trevone_20260217_0943
-553611.9211744,6541204.021546741,-102.72369600000047,0.7919799498746867,2026-02-17 09:43:00+00:00,surfline_trevone_20260217_0943
-553611.9211744,6541204.021546741,-102.72369600000047,0.794486215538847,2026-02-17 09:43:00+00:00,surfline_trevone_20260217_0943
-553611.9211744,6541204.021546741,-102.72369600000047,0.7969924812030075,2026-02-17 09:43:00+00:00,surfline_trevone_20260217_0943
-553611.9211744,6541204.021546741,-102.72369600000047,0.7994987468671679,2026-02-17 09:43:00+00:00,surfline_trevone_20260217_0943
-553611.9211744,6541204.021546741,-102.72369600000047,0.8020050125313283,2026-02-17 09:43:00+00:00,surfline_trevone_20260217_0943
-553611.9211744,6541204.021546741,-102.72369600000047,0.8045112781954886,2026-02-17 09:43:00+00:00,surfline_trevone_20260217_0943
-553611.9211744,6541204.021546741,-102.72369600000047,0.8070175438596491,2026-02-17 09:43:00+00:00,surfline_trevone_20260217_0943
-553611.9211744,6541204.021546741,-102.72369600000047,0.8095238095238095,2026-02-17 09:43:00+00:00,surfline_trevone_20260217_0943
-553611.9211744,6541204.021546741,-102.72369600000047,0.8120300751879699,2026-02-17 09:43:00+00:00,surfline_trevone_20260217_0943
-553611.9211744,6541204.021546741,-102.72369600000047,0.8145363408521302,2026-02-17 09:43:00+00:00,surfline_trevone_20260217_0943
-553611.9211744,6541204.021546741,-102.72369600000047,0.8170426065162907,2026-02-17 09:43:00+00:00,surfline_trevone_20260217_0943
-553611.9211744,6541204.021546741,-102.72369600000047,0.8195488721804511,2026-02-17 09:43:00+00:00,surfline_trevone_20260217_0943
-553611.9211744,6541204.021546741,-102.72369600000047,0.8220551378446115,2026-02-17 09:43:00+00:00,surfline_trevone_20260217_0943
-553611.9211744,6541204.021546741,-102.72369600000047,0.8245614035087718,2026-02-17 09:43:00+00:00,surfline_trevone_20260217_0943
-553611.9211744,6541204.021546741,-102.72369600000047,0.8270676691729323,2026-02-17 09:43:00+00:00,surfline_trevone_20260217_0943
-553611.9211744,6541204.021546741,-102.72369600000047,0.8295739348370927,2026-02-17 09:43:00+00:00,surfline_trevone_20260217_0943
-553611.9211744,6541204.021546741,-102.72369600000047,0.8320802005012531,2026-02-17 09:43:00+00:00,surfline_trevone_20260217_0943
-553611.9211744,6541204.021546741,-102.72369600000047,0.8345864661654134,2026-02-17 09:43:00+00:00,surfline_trevone_20260217_0943
-553611.9211744,6541204.021546741,-102.72369600000047,0.8370927318295739,2026-02-17 09:43:00+00:00,surfline_trevone_20260217_0943
-553611.9211744,6541204.021546741,-102.72369600000047,0.8395989974937343,2026-02-17 09:43:00+00:00,surfline_trevone_20260217_0943
-553611.9211744,6541204.021546741,-102.72369600000047,0.8421052631578947,2026-02-17 09:43:00+00:00,surfline_trevone_20260217_0943
-553611.9211744,6541204.021546741,-102.72369600000047,0.844611528822055,2026-02-17 09:43:00+00:00,surfline_trevone_20260217_0943
-553611.9211744,6541204.021546741,-102.72369600000047,0.8471177944862155,2026-02-17 09:43:00+00:00,surfline_trevone_20260217_0943
-553611.9211744,6541204.021546741,-102.72369600000047,0.849624060150376,2026-02-17 09:43:00+00:00,surfline_trevone_20260217_0943
-553611.9211744,6541204.021546741,-102.72369600000047,0.8521303258145363,2026-02-17 09:43:00+00:00,surfline_trevone_20260217_0943
-553611.9211744,6541204.021546741,-102.72369600000047,0.8546365914786966,2026-02-17 09:43:00+00:00,surfline_trevone_20260217_0943
-553611.9211744,6541204.021546741,-102.72369600000047,0.8571428571428571,2026-02-17 09:43:00+00:00,surfline_trevone_20260217_0943
-553611.9211744,6541204.021546741,-102.72369600000047,0.8596491228070176,2026-02-17 09:43:00+00:00,surfline_trevone_20260217_0943
-553611.9211744,6541204.021546741,-102.72369600000047,0.8621553884711779,2026-02-17 09:43:00+00:00,surfline_trevone_20260217_0943
-553611.9211744,6541204.021546741,-102.72369600000047,0.8646616541353382,2026-02-17 09:43:00+00:00,surfline_trevone_20260217_0943
-553611.9211744,6541204.021546741,-102.72369600000047,0.8671679197994987,2026-02-17 09:43:00+00:00,surfline_trevone_20260217_0943
-553611.9211744,6541204.021546741,-102.72369600000047,0.8696741854636592,2026-02-17 09:43:00+00:00,surfline_trevone_20260217_0943
-553611.9211744,6541204.021546741,-102.72369600000047,0.8721804511278195,2026-02-17 09:43:00+00:00,surfline_trevone_20260217_0943
-553611.9211744,6541204.021546741,-102.72369600000047,0.8746867167919798,2026-02-17 09:43:00+00:00,surfline_trevone_20260217_0943
-553611.9211744,6541204.021546741,-102.72369600000047,0.8771929824561403,2026-02-17 09:43:00+00:00,surfline_trevone_20260217_0943
-553611.9211744,6541204.021546741,-102.72369600000047,0.8796992481203008,2026-02-17 09:43:00+00:00,surfline_trevone_20260217_0943
-553611.9211744,6541204.021546741,-102.72369600000047,0.8822055137844611,2026-02-17 09:43:00+00:00,surfline_trevone_20260217_0943
-553611.9211744,6541204.021546741,-102.72369600000047,0.8847117794486214,2026-02-17 09:43:00+00:00,surfline_trevone_20260217_0943
-553611.9211744,6541204.021546741,-102.72369600000047,0.8872180451127819,2026-02-17 09:43:00+00:00,surfline_trevone_20260217_0943
-553611.9211744,6541204.021546741,-102.72369600000047,0.8897243107769424,2026-02-17 09:43:00+00:00,surfline_trevone_20260217_0943
-553611.9211744,6541204.021546741,-102.72369600000047,0.8922305764411027,2026-02-17 09:43:00+00:00,surfline_trevone_20260217_0943
-553611.9211744,6541204.021546741,-102.72369600000047,0.894736842105263,2026-02-17 09:43:00+00:00,surfline_trevone_20260217_0943
-553611.9211744,6541204.021546741,-102.72369600000047,0.8972431077694235,2026-02-17 09:43:00+00:00,surfline_trevone_20260217_0943
-553611.9211744,6541204.021546741,-102.72369600000047,0.899749373433584,2026-02-17 09:43:00+00:00,surfline_trevone_20260217_0943
-553611.9211744,6541204.021546741,-102.72369600000047,0.9022556390977443,2026-02-17 09:43:00+00:00,surfline_trevone_20260217_0943
-553611.9211744,6541204.021546741,-102.72369600000047,0.9047619047619047,2026-02-17 09:43:00+00:00,surfline_trevone_20260217_0943
-553611.9211744,6541204.021546741,-102.72369600000047,0.9072681704260651,2026-02-17 09:43:00+00:00,surfline_trevone_20260217_0943
-553611.9211744,6541204.021546741,-102.72369600000047,0.9097744360902256,2026-02-17 09:43:00+00:00,surfline_trevone_20260217_0943
-553611.9211744,6541204.021546741,-102.72369600000047,0.9122807017543859,2026-02-17 09:43:00+00:00,surfline_trevone_20260217_0943
-553611.9211744,6541204.021546741,-102.72369600000047,0.9147869674185463,2026-02-17 09:43:00+00:00,surfline_trevone_20260217_0943
-553611.9211744,6541204.021546741,-102.72369600000047,0.9172932330827067,2026-02-17 09:43:00+00:00,surfline_trevone_20260217_0943
-553611.9211744,6541204.021546741,-102.72369600000047,0.9197994987468672,2026-02-17 09:43:00+00:00,surfline_trevone_20260217_0943
-553611.9211744,6541204.021546741,-102.72369600000047,0.9223057644110275,2026-02-17 09:43:00+00:00,surfline_trevone_20260217_0943
-553611.9211744,6541204.021546741,-102.72369600000047,0.9248120300751879,2026-02-17 09:43:00+00:00,surfline_trevone_20260217_0943
-553611.9211744,6541204.021546741,-102.72369600000047,0.9273182957393483,2026-02-17 09:43:00+00:00,surfline_trevone_20260217_0943
-553611.9211744,6541204.021546741,-102.72369600000047,0.9298245614035088,2026-02-17 09:43:00+00:00,surfline_trevone_20260217_0943
-553611.9211744,6541204.021546741,-102.72369600000047,0.9323308270676691,2026-02-17 09:43:00+00:00,surfline_trevone_20260217_0943
-553611.9211744,6541204.021546741,-102.72369600000047,0.9348370927318295,2026-02-17 09:43:00+00:00,surfline_trevone_20260217_0943
-553611.9211744,6541204.021546741,-102.72369600000047,0.9373433583959899,2026-02-17 09:43:00+00:00,surfline_trevone_20260217_0943
-553611.9211744,6541204.021546741,-102.72369600000047,0.9398496240601504,2026-02-17 09:43:00+00:00,surfline_trevone_20260217_0943
-553611.9211744,6541204.021546741,-102.72369600000047,0.9423558897243107,2026-02-17 09:43:00+00:00,surfline_trevone_20260217_0943
-553611.9211744,6541204.021546741,-102.72369600000047,0.9448621553884711,2026-02-17 09:43:00+00:00,surfline_trevone_20260217_0943
-553611.9211744,6541204.021546741,-102.72369600000047,0.9473684210526315,2026-02-17 09:43:00+00:00,surfline_trevone_20260217_0943
-553611.9211744,6541204.021546741,-102.72369600000047,0.949874686716792,2026-02-17 09:43:00+00:00,surfline_trevone_20260217_0943
-553611.9211744,6541204.021546741,-102.72369600000047,0.9523809523809523,2026-02-17 09:43:00+00:00,surfline_trevone_20260217_0943
-553611.9211744,6541204.021546741,-102.72369600000047,0.9548872180451127,2026-02-17 09:43:00+00:00,surfline_trevone_20260217_0943
-553611.9211744,6541204.021546741,-102.72369600000047,0.9573934837092731,2026-02-17 09:43:00+00:00,surfline_trevone_20260217_0943
-553611.9211744,6541204.021546741,-102.72369600000047,0.9598997493734336,2026-02-17 09:43:00+00:00,surfline_trevone_20260217_0943
-553611.9211744,6541204.021546741,-102.72369600000047,0.9624060150375939,2026-02-17 09:43:00+00:00,surfline_trevone_20260217_0943
-553611.9211744,6541204.021546741,-102.72369600000047,0.9649122807017543,2026-02-17 09:43:00+00:00,surfline_trevone_20260217_0943
-553611.9211744,6541204.021546741,-102.72369600000047,0.9674185463659147,2026-02-17 09:43:00+00:00,surfline_trevone_20260217_0943
-553611.9211744,6541204.021546741,-102.72369600000047,0.9699248120300752,2026-02-17 09:43:00+00:00,surfline_trevone_20260217_0943
-553611.9211744,6541204.021546741,-102.72369600000047,0.9724310776942355,2026-02-17 09:43:00+00:00,surfline_trevone_20260217_0943
-553611.9211744,6541204.021546741,-102.72369600000047,0.9749373433583959,2026-02-17 09:43:00+00:00,surfline_trevone_20260217_0943
-553611.9211744,6541204.021546741,-102.72369600000047,0.9774436090225563,2026-02-17 09:43:00+00:00,surfline_trevone_20260217_0943
-553611.9211744,6541204.021546741,-102.72369600000047,0.9799498746867168,2026-02-17 09:43:00+00:00,surfline_trevone_20260217_0943
-553611.9211744,6541204.021546741,-102.72369600000047,0.9824561403508771,2026-02-17 09:43:00+00:00,surfline_trevone_20260217_0943
-553611.9211744,6541204.021546741,-102.72369600000047,0.9849624060150375,2026-02-17 09:43:00+00:00,surfline_trevone_20260217_0943
-553611.9211744,6541204.021546741,-102.72369600000047,0.9874686716791979,2026-02-17 09:43:00+00:00,surfline_trevone_20260217_0943
-553611.9211744,6541204.021546741,-102.72369600000047,0.9899749373433584,2026-02-17 09:43:00+00:00,surfline_trevone_20260217_0943
-553611.9211744,6541204.021546741,-102.72369600000047,0.9924812030075187,2026-02-17 09:43:00+00:00,surfline_trevone_20260217_0943
-553611.9211744,6541204.021546741,-102.72369600000047,0.9949874686716791,2026-02-17 09:43:00+00:00,surfline_trevone_20260217_0943
-553611.9211744,6541204.021546741,-102.72369600000047,0.9974937343358395,2026-02-17 09:43:00+00:00,surfline_trevone_20260217_0943
-553611.9211744,6541204.021546741,-102.72369600000047,1.0,2026-02-17 09:43:00+00:00,surfline_trevone_20260217_0943
-553595.5848444196,6541277.362215001,-102.95412480000047,0.0,2026-02-17 10:46:00+00:00,surfline_trevone_20260217_1046
-553596.3421747382,6541277.190818861,-102.95412480000047,0.002506265664160401,2026-02-17 10:46:00+00:00,surfline_trevone_20260217_1046
-553596.6583412491,6541276.89061568,-102.95412480000047,0.005012531328320802,2026-02-17 10:46:00+00:00,surfline_trevone_20260217_1046
-553596.5558031476,6541276.468162826,-102.95412480000047,0.007518796992481203,2026-02-17 10:46:00+00:00,surfline_trevone_20260217_1046
-553597.0714813997,6541276.226211251,-102.95412480000047,0.010025062656641603,2026-02-17 10:46:00+00:00,surfline_trevone_20260217_1046
-553597.8288118079,6541276.054815202,-102.95412480000047,0.012531328320802004,2026-02-17 10:46:00+00:00,surfline_trevone_20260217_1046
-553598.5861420077,6541275.88341894,-102.95412480000047,0.015037593984962405,2026-02-17 10:46:00+00:00,surfline_trevone_20260217_1046
-553598.9578010652,6541275.599417814,-102.95412480000047,0.017543859649122806,2026-02-17 10:46:00+00:00,surfline_trevone_20260217_1046
-553599.715131264,6541275.428021553,-102.95412480000047,0.020050125313283207,2026-02-17 10:46:00+00:00,surfline_trevone_20260217_1046
-553600.472461671,6541275.256625502,-102.95412480000047,0.022556390977443608,2026-02-17 10:46:00+00:00,surfline_trevone_20260217_1046
-553598.5300953526,6541274.296996668,-102.95412480000047,0.02506265664160401,2026-02-17 10:46:00+00:00,surfline_trevone_20260217_1046
-553599.2874253416,6541274.125600196,-102.95412480000047,0.02756892230576441,2026-02-17 10:46:00+00:00,surfline_trevone_20260217_1046
-553600.0447555403,6541273.954203934,-102.95412480000047,0.03007518796992481,2026-02-17 10:46:00+00:00,surfline_trevone_20260217_1046
-553600.258802516,6541273.624184982,-102.95412480000047,0.03258145363408521,2026-02-17 10:46:00+00:00,surfline_trevone_20260217_1046
-553600.7880742841,6541273.386202316,-102.95412480000047,0.03508771929824561,2026-02-17 10:46:00+00:00,surfline_trevone_20260217_1046
-553601.545404274,6541273.214805843,-102.95412480000047,0.03759398496240601,2026-02-17 10:46:00+00:00,surfline_trevone_20260217_1046
-553602.3027344728,6541273.043409582,-102.95412480000047,0.040100250626566414,2026-02-17 10:46:00+00:00,surfline_trevone_20260217_1046
-553599.8486496265,6541271.934374027,-102.95412480000047,0.042606516290726815,2026-02-17 10:46:00+00:00,surfline_trevone_20260217_1046
-553600.3463566988,6541271.687175391,-102.95412480000047,0.045112781954887216,2026-02-17 10:46:00+00:00,surfline_trevone_20260217_1046
-553601.1036866882,6541271.515778919,-102.95412480000047,0.047619047619047616,2026-02-17 10:46:00+00:00,surfline_trevone_20260217_1046
-553601.8610168871,6541271.344382658,-102.95412480000047,0.05012531328320802,2026-02-17 10:46:00+00:00,surfline_trevone_20260217_1046
-553601.802687593,6541270.934837786,-102.95412480000047,0.05263157894736842,2026-02-17 10:46:00+00:00,surfline_trevone_20260217_1046
-553600.6759809739,6541270.213357773,-102.95412480000047,0.05513784461152882,2026-02-17 10:46:00+00:00,surfline_trevone_20260217_1046
-553601.4333109633,6541270.0419613,-102.95412480000047,0.05764411027568922,2026-02-17 10:46:00+00:00,surfline_trevone_20260217_1046
-553601.4950729259,6541269.667479569,-102.95412480000047,0.06015037593984962,2026-02-17 10:46:00+00:00,surfline_trevone_20260217_1046
-553601.7909587767,6541269.361355028,-102.95412480000047,0.06265664160401002,2026-02-17 10:46:00+00:00,surfline_trevone_20260217_1046
-553602.5482887668,6541269.189958557,-102.95412480000047,0.06516290726817042,2026-02-17 10:46:00+00:00,surfline_trevone_20260217_1046
-553603.3056190544,6541269.018562385,-102.95412480000047,0.06766917293233082,2026-02-17 10:46:00+00:00,surfline_trevone_20260217_1046
-553601.084920036,6541267.977668615,-102.95412480000047,0.07017543859649122,2026-02-17 10:46:00+00:00,surfline_trevone_20260217_1046
-553601.3492411901,6541267.662328104,-102.95412480000047,0.07268170426065163,2026-02-17 10:46:00+00:00,surfline_trevone_20260217_1046
-553602.1065711796,6541267.490931631,-102.95412480000047,0.07518796992481203,2026-02-17 10:46:00+00:00,surfline_trevone_20260217_1046
-553602.8639013784,6541267.31953537,-102.95412480000047,0.07769423558897243,2026-02-17 10:46:00+00:00,surfline_trevone_20260217_1046
-553603.0389580025,6541266.978132373,-102.95412480000047,0.08020050125313283,2026-02-17 10:46:00+00:00,surfline_trevone_20260217_1046
-553602.9364197796,6541266.555679633,-102.95412480000047,0.08270676691729323,2026-02-17 10:46:00+00:00,surfline_trevone_20260217_1046
-553602.8338816769,6541266.13322678,-102.95412480000047,0.08521303258145363,2026-02-17 10:46:00+00:00,surfline_trevone_20260217_1046
-553602.7313434554,6541265.710774042,-102.95412480000047,0.08771929824561403,2026-02-17 10:46:00+00:00,surfline_trevone_20260217_1046
-553602.6288051131,6541265.288321419,-102.95412480000047,0.09022556390977443,2026-02-17 10:46:00+00:00,surfline_trevone_20260217_1046
-553602.5262668902,6541264.865868679,-102.95412480000047,0.09273182957393483,2026-02-17 10:46:00+00:00,surfline_trevone_20260217_1046
-553602.4237287882,6541264.443415825,-102.95412480000047,0.09523809523809523,2026-02-17 10:46:00+00:00,surfline_trevone_20260217_1046
-553602.3211905657,6541264.020963087,-102.95412480000047,0.09774436090225563,2026-02-17 10:46:00+00:00,surfline_trevone_20260217_1046
-553602.2186522236,6541263.598510464,-102.95412480000047,0.10025062656641603,2026-02-17 10:46:00+00:00,surfline_trevone_20260217_1046
-553602.1161140007,6541263.176057724,-102.95412480000047,0.10275689223057644,2026-02-17 10:46:00+00:00,surfline_trevone_20260217_1046
-553602.0135758987,6541262.75360487,-102.95412480000047,0.10526315789473684,2026-02-17 10:46:00+00:00,surfline_trevone_20260217_1046
-553602.695761414,6541262.560268556,-102.95412480000047,0.10776942355889724,2026-02-17 10:46:00+00:00,surfline_trevone_20260217_1046
-553603.4530918219,6541262.388872505,-102.95412480000047,0.11027568922305764,2026-02-17 10:46:00+00:00,surfline_trevone_20260217_1046
-553604.0701519663,6541262.176521482,-102.95412480000047,0.11278195488721804,2026-02-17 10:46:00+00:00,surfline_trevone_20260217_1046
-553603.9676138641,6541261.754068629,-102.95412480000047,0.11528822055137844,2026-02-17 10:46:00+00:00,surfline_trevone_20260217_1046
-553603.8650755223,6541261.331616006,-102.95412480000047,0.11779448621553884,2026-02-17 10:46:00+00:00,surfline_trevone_20260217_1046
-553603.7625372994,6541260.909163266,-102.95412480000047,0.12030075187969924,2026-02-17 10:46:00+00:00,surfline_trevone_20260217_1046
-553603.6599991973,6541260.486710412,-102.95412480000047,0.12280701754385964,2026-02-17 10:46:00+00:00,surfline_trevone_20260217_1046
-553603.557460975,6541260.064257674,-102.95412480000047,0.12531328320802004,2026-02-17 10:46:00+00:00,surfline_trevone_20260217_1046
-553603.4549226328,6541259.641805051,-102.95412480000047,0.12781954887218044,2026-02-17 10:46:00+00:00,surfline_trevone_20260217_1046
-553603.3523844104,6541259.219352312,-102.95412480000047,0.13032581453634084,2026-02-17 10:46:00+00:00,surfline_trevone_20260217_1046
-553603.2498463086,6541258.796899458,-102.95412480000047,0.13283208020050125,2026-02-17 10:46:00+00:00,surfline_trevone_20260217_1046
-553603.6986459953,6541258.535421358,-102.95412480000047,0.13533834586466165,2026-02-17 10:46:00+00:00,surfline_trevone_20260217_1046
-553604.4559763127,6541258.364025218,-102.95412480000047,0.13784461152882205,2026-02-17 10:46:00+00:00,surfline_trevone_20260217_1046
-553605.2133065121,6541258.192628956,-102.95412480000047,0.14035087719298245,2026-02-17 10:46:00+00:00,surfline_trevone_20260217_1046
-553605.2038842745,6541257.797363217,-102.95412480000047,0.14285714285714285,2026-02-17 10:46:00+00:00,surfline_trevone_20260217_1046
-553603.2569283189,6541256.836394344,-102.95412480000047,0.14536340852130325,2026-02-17 10:46:00+00:00,surfline_trevone_20260217_1046
-553604.0142587268,6541256.664998294,-102.95412480000047,0.14786967418546365,2026-02-17 10:46:00+00:00,surfline_trevone_20260217_1046
-553604.7715889267,6541256.493602032,-102.95412480000047,0.15037593984962405,2026-02-17 10:46:00+00:00,surfline_trevone_20260217_1046
-553604.7937313848,6541256.107552262,-102.95412480000047,0.15288220551378445,2026-02-17 10:46:00+00:00,surfline_trevone_20260217_1046
-553604.6911931628,6541255.685099524,-102.95412480000047,0.15538847117794485,2026-02-17 10:46:00+00:00,surfline_trevone_20260217_1046
-553604.5886548202,6541255.2626469005,-102.95412480000047,0.15789473684210525,2026-02-17 10:46:00+00:00,surfline_trevone_20260217_1046
-553604.7155422716,6541254.90717976,-102.95412480000047,0.16040100250626566,2026-02-17 10:46:00+00:00,surfline_trevone_20260217_1046
-553605.4728722608,6541254.735783287,-102.95412480000047,0.16290726817042606,2026-02-17 10:46:00+00:00,surfline_trevone_20260217_1046
-553606.2302024596,6541254.564387026,-102.95412480000047,0.16541353383458646,2026-02-17 10:46:00+00:00,surfline_trevone_20260217_1046
-553606.5426927871,6541254.263110659,-102.95412480000047,0.16791979949874686,2026-02-17 10:46:00+00:00,surfline_trevone_20260217_1046
-553606.4401545643,6541253.84065792,-102.95412480000047,0.17042606516290726,2026-02-17 10:46:00+00:00,surfline_trevone_20260217_1046
-553606.3376164619,6541253.418205066,-102.95412480000047,0.17293233082706766,2026-02-17 10:46:00+00:00,surfline_trevone_20260217_1046
-553606.2350781199,6541252.995752443,-102.95412480000047,0.17543859649122806,2026-02-17 10:46:00+00:00,surfline_trevone_20260217_1046
-553606.1325398969,6541252.573299703,-102.95412480000047,0.17794486215538846,2026-02-17 10:46:00+00:00,surfline_trevone_20260217_1046
-553606.1461324772,6541252.184753618,-102.95412480000047,0.18045112781954886,2026-02-17 10:46:00+00:00,surfline_trevone_20260217_1046
-553606.9034626757,6541252.013357357,-102.95412480000047,0.18295739348370926,2026-02-17 10:46:00+00:00,surfline_trevone_20260217_1046
-553607.6607930828,6541251.8419613065,-102.95412480000047,0.18546365914786966,2026-02-17 10:46:00+00:00,surfline_trevone_20260217_1046
-553608.0865778633,6541251.573763461,-102.95412480000047,0.18796992481203006,2026-02-17 10:46:00+00:00,surfline_trevone_20260217_1046
-553606.8614276841,6541250.823540653,-102.95412480000047,0.19047619047619047,2026-02-17 10:46:00+00:00,surfline_trevone_20260217_1046
-553607.6187578826,6541250.652144392,-102.95412480000047,0.19298245614035087,2026-02-17 10:46:00+00:00,surfline_trevone_20260217_1046
-553607.7789631973,6541250.306405246,-102.95412480000047,0.19548872180451127,2026-02-17 10:46:00+00:00,surfline_trevone_20260217_1046
-553607.6764249225,6541249.883952556,-102.95412480000047,0.19799498746867167,2026-02-17 10:46:00+00:00,surfline_trevone_20260217_1046
-553605.2096960158,6541248.77122494,-102.95412480000047,0.20050125313283207,2026-02-17 10:46:00+00:00,surfline_trevone_20260217_1046
-553605.1071577937,6541248.348772202,-102.95412480000047,0.20300751879699247,2026-02-17 10:46:00+00:00,surfline_trevone_20260217_1046
-553605.6203451159,6541248.106093498,-102.95412480000047,0.20551378446115287,2026-02-17 10:46:00+00:00,surfline_trevone_20260217_1046
-553606.3776753157,6541247.934697236,-102.95412480000047,0.20802005012531327,2026-02-17 10:46:00+00:00,surfline_trevone_20260217_1046
-553607.1350053047,6541247.763300763,-102.95412480000047,0.21052631578947367,2026-02-17 10:46:00+00:00,surfline_trevone_20260217_1046
-553607.0611957602,6541247.34923596,-102.95412480000047,0.21303258145363407,2026-02-17 10:46:00+00:00,surfline_trevone_20260217_1046
-553606.9586574177,6541246.926783337,-102.95412480000047,0.21553884711779447,2026-02-17 10:46:00+00:00,surfline_trevone_20260217_1046
-553606.8561191948,6541246.504330598,-102.95412480000047,0.21804511278195488,2026-02-17 10:46:00+00:00,surfline_trevone_20260217_1046
-553606.7535810928,6541246.081877744,-102.95412480000047,0.22055137844611528,2026-02-17 10:46:00+00:00,surfline_trevone_20260217_1046
-553606.6510428708,6541245.659425005,-102.95412480000047,0.22305764411027568,2026-02-17 10:46:00+00:00,surfline_trevone_20260217_1046
-553606.5485045278,6541245.236972382,-102.95412480000047,0.22556390977443608,2026-02-17 10:46:00+00:00,surfline_trevone_20260217_1046
-553606.4459663049,6541244.814519643,-102.95412480000047,0.22807017543859648,2026-02-17 10:46:00+00:00,surfline_trevone_20260217_1046
-553606.3434282033,6541244.392066789,-102.95412480000047,0.23057644110275688,2026-02-17 10:46:00+00:00,surfline_trevone_20260217_1046
-553606.2408898605,6541243.969614167,-102.95412480000047,0.23308270676691728,2026-02-17 10:46:00+00:00,surfline_trevone_20260217_1046
-553606.1383516375,6541243.547161427,-102.95412480000047,0.23558897243107768,2026-02-17 10:46:00+00:00,surfline_trevone_20260217_1046
-553606.5952060721,6541243.288034863,-102.95412480000047,0.23809523809523808,2026-02-17 10:46:00+00:00,surfline_trevone_20260217_1046
-553607.3525362706,6541243.116638602,-102.95412480000047,0.24060150375939848,2026-02-17 10:46:00+00:00,surfline_trevone_20260217_1046
-553608.1098666787,6541242.945242552,-102.95412480000047,0.24310776942355888,2026-02-17 10:46:00+00:00,surfline_trevone_20260217_1046
-553608.0958550164,6541242.548636984,-102.95412480000047,0.24561403508771928,2026-02-17 10:46:00+00:00,surfline_trevone_20260217_1046
-553608.8531850058,6541242.377240512,-102.95412480000047,0.24812030075187969,2026-02-17 10:46:00+00:00,surfline_trevone_20260217_1046
-553609.6105152044,6541242.2058442505,-102.95412480000047,0.2506265664160401,2026-02-17 10:46:00+00:00,surfline_trevone_20260217_1046
-553610.148965794,6541241.970541683,-102.95412480000047,0.2531328320802005,2026-02-17 10:46:00+00:00,surfline_trevone_20260217_1046
-553610.046427571,6541241.548088944,-102.95412480000047,0.2556390977443609,2026-02-17 10:46:00+00:00,surfline_trevone_20260217_1046
-553610.7254930078,6541241.353841506,-102.95412480000047,0.2581453634085213,2026-02-17 10:46:00+00:00,surfline_trevone_20260217_1046
-553611.4828232063,6541241.182445245,-102.95412480000047,0.2606516290726817,2026-02-17 10:46:00+00:00,surfline_trevone_20260217_1046
-553612.1030037606,6541240.971005441,-102.95412480000047,0.2631578947368421,2026-02-17 10:46:00+00:00,surfline_trevone_20260217_1046
-553612.0004654865,6541240.548552751,-102.95412480000047,0.2656641604010025,2026-02-17 10:46:00+00:00,surfline_trevone_20260217_1046
-553611.8979274349,6541240.126099848,-102.95412480000047,0.2681704260651629,2026-02-17 10:46:00+00:00,surfline_trevone_20260217_1046
-553611.7953892129,6541239.70364711,-102.95412480000047,0.2706766917293233,2026-02-17 10:46:00+00:00,surfline_trevone_20260217_1046
-553611.6928508711,6541239.281194487,-102.95412480000047,0.2731829573934837,2026-02-17 10:46:00+00:00,surfline_trevone_20260217_1046
-553611.5903126482,6541238.858741747,-102.95412480000047,0.2756892230576441,2026-02-17 10:46:00+00:00,surfline_trevone_20260217_1046
-553611.4877745457,6541238.436288894,-102.95412480000047,0.2781954887218045,2026-02-17 10:46:00+00:00,surfline_trevone_20260217_1046
-553611.3852363237,6541238.013836156,-102.95412480000047,0.2807017543859649,2026-02-17 10:46:00+00:00,surfline_trevone_20260217_1046
-553611.2826979816,6541237.591383532,-102.95412480000047,0.2832080200501253,2026-02-17 10:46:00+00:00,surfline_trevone_20260217_1046
-553611.1801597587,6541237.168930792,-102.95412480000047,0.2857142857142857,2026-02-17 10:46:00+00:00,surfline_trevone_20260217_1046
-553611.0776216564,6541236.746477939,-102.95412480000047,0.2882205513784461,2026-02-17 10:46:00+00:00,surfline_trevone_20260217_1046
-553610.9750834343,6541236.324025201,-102.95412480000047,0.2907268170426065,2026-02-17 10:46:00+00:00,surfline_trevone_20260217_1046
-553610.9150008525,6541235.91396842,-102.95412480000047,0.2932330827067669,2026-02-17 10:46:00+00:00,surfline_trevone_20260217_1046
-553611.6723310524,6541235.742572158,-102.95412480000047,0.2957393483709273,2026-02-17 10:46:00+00:00,surfline_trevone_20260217_1046
-553612.4296610422,6541235.571175686,-102.95412480000047,0.2982456140350877,2026-02-17 10:46:00+00:00,surfline_trevone_20260217_1046
-553610.564930424,6541234.634214361,-102.95412480000047,0.3007518796992481,2026-02-17 10:46:00+00:00,surfline_trevone_20260217_1046
-553610.4732832686,6541234.214941495,-102.95412480000047,0.3032581453634085,2026-02-17 10:46:00+00:00,surfline_trevone_20260217_1046
-553611.230613258,6541234.043545023,-102.95412480000047,0.3057644110275689,2026-02-17 10:46:00+00:00,surfline_trevone_20260217_1046
-553611.9879434565,6541233.8721487615,-102.95412480000047,0.3082706766917293,2026-02-17 10:46:00+00:00,surfline_trevone_20260217_1046
-553612.5189683909,6541233.634678119,-102.95412480000047,0.3107769423558897,2026-02-17 10:46:00+00:00,surfline_trevone_20260217_1046
-553612.4164301679,6541233.212225379,-102.95412480000047,0.3132832080200501,2026-02-17 10:46:00+00:00,surfline_trevone_20260217_1046
-553612.3138920657,6541232.789772526,-102.95412480000047,0.3157894736842105,2026-02-17 10:46:00+00:00,surfline_trevone_20260217_1046
-553612.2113538433,6541232.367319788,-102.95412480000047,0.3182957393483709,2026-02-17 10:46:00+00:00,surfline_trevone_20260217_1046
-553612.1088155012,6541231.944867165,-102.95412480000047,0.3208020050125313,2026-02-17 10:46:00+00:00,surfline_trevone_20260217_1046
-553612.0062772781,6541231.522414425,-102.95412480000047,0.3233082706766917,2026-02-17 10:46:00+00:00,surfline_trevone_20260217_1046
-553611.903739176,6541231.099961571,-102.95412480000047,0.3258145363408521,2026-02-17 10:46:00+00:00,surfline_trevone_20260217_1046
-553611.490179214,6541230.586699565,-102.95412480000047,0.3283208020050125,2026-02-17 10:46:00+00:00,surfline_trevone_20260217_1046
-553611.6986626114,6541230.25505621,-102.95412480000047,0.3308270676691729,2026-02-17 10:46:00+00:00,surfline_trevone_20260217_1046
-553611.8478271178,6541229.906093384,-102.95412480000047,0.3333333333333333,2026-02-17 10:46:00+00:00,surfline_trevone_20260217_1046
-553612.6051570174,6541229.73469682,-102.95412480000047,0.3358395989974937,2026-02-17 10:46:00+00:00,surfline_trevone_20260217_1046
-553613.3624872161,6541229.563300559,-102.95412480000047,0.3383458646616541,2026-02-17 10:46:00+00:00,surfline_trevone_20260217_1046
-553611.2885097221,6541228.565245256,-102.95412480000047,0.3408521303258145,2026-02-17 10:46:00+00:00,surfline_trevone_20260217_1046
-553611.1859714992,6541228.142792516,-102.95412480000047,0.3433583959899749,2026-02-17 10:46:00+00:00,surfline_trevone_20260217_1046
-553611.7777684984,6541227.923065242,-102.95412480000047,0.3458646616541353,2026-02-17 10:46:00+00:00,surfline_trevone_20260217_1046
-553612.5350986972,6541227.751668981,-102.95412480000047,0.3483709273182957,2026-02-17 10:46:00+00:00,surfline_trevone_20260217_1046
-553610.8783568321,6541226.875434301,-102.95412480000047,0.3508771929824561,2026-02-17 10:46:00+00:00,surfline_trevone_20260217_1046
-553610.7758186092,6541226.452981561,-102.95412480000047,0.3533834586466165,2026-02-17 10:46:00+00:00,surfline_trevone_20260217_1046
-553610.950379981,6541226.111433664,-102.95412480000047,0.3558897243107769,2026-02-17 10:46:00+00:00,surfline_trevone_20260217_1046
-553611.7077103897,6541225.940037616,-102.95412480000047,0.3583959899749373,2026-02-17 10:46:00+00:00,surfline_trevone_20260217_1046
-553612.4650405892,6541225.768641354,-102.95412480000047,0.3609022556390977,2026-02-17 10:46:00+00:00,surfline_trevone_20260217_1046
-553610.3656658407,6541224.763170491,-102.95412480000047,0.3634085213032581,2026-02-17 10:46:00+00:00,surfline_trevone_20260217_1046
-553610.5086623938,6541224.412406739,-102.95412480000047,0.3659147869674185,2026-02-17 10:46:00+00:00,surfline_trevone_20260217_1046
-553610.8803218728,6541224.128406038,-102.95412480000047,0.3684210526315789,2026-02-17 10:46:00+00:00,surfline_trevone_20260217_1046
-553611.6376520722,6541223.957009776,-102.95412480000047,0.37092731829573933,2026-02-17 10:46:00+00:00,surfline_trevone_20260217_1046
-553612.3197038067,6541223.76363425,-102.95412480000047,0.37343358395989973,2026-02-17 10:46:00+00:00,surfline_trevone_20260217_1046
-553609.8529747289,6541222.6509067975,-102.95412480000047,0.37593984962406013,2026-02-17 10:46:00+00:00,surfline_trevone_20260217_1046
-553610.4386042866,6541222.429379113,-102.95412480000047,0.37844611528822053,2026-02-17 10:46:00+00:00,surfline_trevone_20260217_1046
-553611.1959344866,6541222.257982852,-102.95412480000047,0.38095238095238093,2026-02-17 10:46:00+00:00,surfline_trevone_20260217_1046
-553611.9617855158,6541222.089074273,-102.95412480000047,0.38345864661654133,2026-02-17 10:46:00+00:00,surfline_trevone_20260217_1046
-553612.8867290142,6541221.966616202,-102.95412480000047,0.38596491228070173,2026-02-17 10:46:00+00:00,surfline_trevone_20260217_1046
-553613.811672787,6541221.844158362,-102.95412480000047,0.38847117794486213,2026-02-17 10:46:00+00:00,surfline_trevone_20260217_1046
-553610.754216899,6541220.558955926,-102.95412480000047,0.39097744360902253,2026-02-17 10:46:00+00:00,surfline_trevone_20260217_1046
-553611.4993980282,6541220.38401234,-102.95412480000047,0.39348370927318294,2026-02-17 10:46:00+00:00,surfline_trevone_20260217_1046
-553611.8832061534,6541220.103558538,-102.95412480000047,0.39598997493734334,2026-02-17 10:46:00+00:00,surfline_trevone_20260217_1046
-553612.6405365627,6541219.932162489,-102.95412480000047,0.39849624060150374,2026-02-17 10:46:00+00:00,surfline_trevone_20260217_1046
-553613.397866852,6541219.760766318,-102.95412480000047,0.40100250626566414,2026-02-17 10:46:00+00:00,surfline_trevone_20260217_1046
-553611.0698293006,6541218.688532528,-102.95412480000047,0.40350877192982454,2026-02-17 10:46:00+00:00,surfline_trevone_20260217_1046
-553611.4414885676,6541218.404531613,-102.95412480000047,0.40601503759398494,2026-02-17 10:46:00+00:00,surfline_trevone_20260217_1046
-553612.1988189771,6541218.233135564,-102.95412480000047,0.40852130325814534,2026-02-17 10:46:00+00:00,surfline_trevone_20260217_1046
-553612.9561491768,6541218.061739302,-102.95412480000047,0.41102756892230574,2026-02-17 10:46:00+00:00,surfline_trevone_20260217_1046
-553613.043283105,6541217.694665144,-102.95412480000047,0.41353383458646614,2026-02-17 10:46:00+00:00,surfline_trevone_20260217_1046
-553610.5765539054,6541216.581937809,-102.95412480000047,0.41604010025062654,2026-02-17 10:46:00+00:00,surfline_trevone_20260217_1046
-553610.9857595299,6541216.308899334,-102.95412480000047,0.41854636591478694,2026-02-17 10:46:00+00:00,surfline_trevone_20260217_1046
-553611.743089517,6541216.137502858,-102.95412480000047,0.42105263157894735,2026-02-17 10:46:00+00:00,surfline_trevone_20260217_1046
-553612.5004197155,6541215.966106597,-102.95412480000047,0.42355889724310775,2026-02-17 10:46:00+00:00,surfline_trevone_20260217_1046
-553610.1723826753,6541214.893873325,-102.95412480000047,0.42606516290726815,2026-02-17 10:46:00+00:00,surfline_trevone_20260217_1046
-553610.9297128748,6541214.722477063,-102.95412480000047,0.42857142857142855,2026-02-17 10:46:00+00:00,surfline_trevone_20260217_1046
-553611.6870428617,6541214.551080586,-102.95412480000047,0.43107769423558895,2026-02-17 10:46:00+00:00,surfline_trevone_20260217_1046
-553612.2229773258,6541214.315043234,-102.95412480000047,0.43358395989974935,2026-02-17 10:46:00+00:00,surfline_trevone_20260217_1046
-553612.1204389826,6541213.892590612,-102.95412480000047,0.43609022556390975,2026-02-17 10:46:00+00:00,surfline_trevone_20260217_1046
-553609.7166534263,6541212.798240831,-102.95412480000047,0.43859649122807015,2026-02-17 10:46:00+00:00,surfline_trevone_20260217_1046
-553610.4739834124,6541212.626844355,-102.95412480000047,0.44110275689223055,2026-02-17 10:46:00+00:00,surfline_trevone_20260217_1046
-553611.2313136108,6541212.455448094,-102.95412480000047,0.44360902255639095,2026-02-17 10:46:00+00:00,surfline_trevone_20260217_1046
-553611.7102860924,6541212.202779658,-102.95412480000047,0.44611528822055135,2026-02-17 10:46:00+00:00,surfline_trevone_20260217_1046
-553611.6077478692,6541211.780326919,-102.95412480000047,0.44862155388471175,2026-02-17 10:46:00+00:00,surfline_trevone_20260217_1046
-553610.0322658262,6541210.92781743,-102.95412480000047,0.45112781954887216,2026-02-17 10:46:00+00:00,surfline_trevone_20260217_1046
-553610.789596025,6541210.756421169,-102.95412480000047,0.45363408521303256,2026-02-17 10:46:00+00:00,surfline_trevone_20260217_1046
-553611.3001332021,6541210.512968703,-102.95412480000047,0.45614035087719296,2026-02-17 10:46:00+00:00,surfline_trevone_20260217_1046
-553611.1975949795,6541210.090515964,-102.95412480000047,0.45864661654135336,2026-02-17 10:46:00+00:00,surfline_trevone_20260217_1046
-553609.2048773064,6541209.116185851,-102.95412480000047,0.46115288220551376,2026-02-17 10:46:00+00:00,surfline_trevone_20260217_1046
-553609.9622075049,6541208.94478959,-102.95412480000047,0.46365914786967416,2026-02-17 10:46:00+00:00,surfline_trevone_20260217_1046
-553610.7195379166,6541208.773393544,-102.95412480000047,0.46616541353383456,2026-02-17 10:46:00+00:00,surfline_trevone_20260217_1046
-553610.7874420377,6541208.400705059,-102.95412480000047,0.46867167919799496,2026-02-17 10:46:00+00:00,surfline_trevone_20260217_1046
-553608.7631597205,6541207.417158927,-102.95412480000047,0.47117794486215536,2026-02-17 10:46:00+00:00,surfline_trevone_20260217_1046
-553609.520490133,6541207.245762882,-102.95412480000047,0.47368421052631576,2026-02-17 10:46:00+00:00,surfline_trevone_20260217_1046
-553610.2778203324,6541207.07436662,-102.95412480000047,0.47619047619047616,2026-02-17 10:46:00+00:00,surfline_trevone_20260217_1046
-553610.3772893228,6541206.710893937,-102.95412480000047,0.47869674185463656,2026-02-17 10:46:00+00:00,surfline_trevone_20260217_1046
-553610.2747511007,6541206.288441199,-102.95412480000047,0.48120300751879697,2026-02-17 10:46:00+00:00,surfline_trevone_20260217_1046
-553610.2747511007,6541206.288441199,-102.95412480000047,0.48370927318295737,2026-02-17 10:46:00+00:00,surfline_trevone_20260217_1046
-553610.2747511007,6541206.288441199,-102.95412480000047,0.48621553884711777,2026-02-17 10:46:00+00:00,surfline_trevone_20260217_1046
-553610.2747511007,6541206.288441199,-102.95412480000047,0.48872180451127817,2026-02-17 10:46:00+00:00,surfline_trevone_20260217_1046
-553610.2747511007,6541206.288441199,-102.95412480000047,0.49122807017543857,2026-02-17 10:46:00+00:00,surfline_trevone_20260217_1046
-553610.2747511007,6541206.288441199,-102.95412480000047,0.49373433583959897,2026-02-17 10:46:00+00:00,surfline_trevone_20260217_1046
-553610.2747511007,6541206.288441199,-102.95412480000047,0.49624060150375937,2026-02-17 10:46:00+00:00,surfline_trevone_20260217_1046
-553610.2747511007,6541206.288441199,-102.95412480000047,0.49874686716791977,2026-02-17 10:46:00+00:00,surfline_trevone_20260217_1046
-553610.2747511007,6541206.288441199,-102.95412480000047,0.5012531328320802,2026-02-17 10:46:00+00:00,surfline_trevone_20260217_1046
-553610.2747511007,6541206.288441199,-102.95412480000047,0.5037593984962405,2026-02-17 10:46:00+00:00,surfline_trevone_20260217_1046
-553610.2747511007,6541206.288441199,-102.95412480000047,0.506265664160401,2026-02-17 10:46:00+00:00,surfline_trevone_20260217_1046
-553610.2747511007,6541206.288441199,-102.95412480000047,0.5087719298245614,2026-02-17 10:46:00+00:00,surfline_trevone_20260217_1046
-553610.2747511007,6541206.288441199,-102.95412480000047,0.5112781954887218,2026-02-17 10:46:00+00:00,surfline_trevone_20260217_1046
-553610.2747511007,6541206.288441199,-102.95412480000047,0.5137844611528821,2026-02-17 10:46:00+00:00,surfline_trevone_20260217_1046
-553610.2747511007,6541206.288441199,-102.95412480000047,0.5162907268170426,2026-02-17 10:46:00+00:00,surfline_trevone_20260217_1046
-553610.2747511007,6541206.288441199,-102.95412480000047,0.518796992481203,2026-02-17 10:46:00+00:00,surfline_trevone_20260217_1046
-553610.2747511007,6541206.288441199,-102.95412480000047,0.5213032581453634,2026-02-17 10:46:00+00:00,surfline_trevone_20260217_1046
-553610.2747511007,6541206.288441199,-102.95412480000047,0.5238095238095237,2026-02-17 10:46:00+00:00,surfline_trevone_20260217_1046
-553610.2747511007,6541206.288441199,-102.95412480000047,0.5263157894736842,2026-02-17 10:46:00+00:00,surfline_trevone_20260217_1046
-553610.2747511007,6541206.288441199,-102.95412480000047,0.5288220551378446,2026-02-17 10:46:00+00:00,surfline_trevone_20260217_1046
-553610.2747511007,6541206.288441199,-102.95412480000047,0.531328320802005,2026-02-17 10:46:00+00:00,surfline_trevone_20260217_1046
-553610.2747511007,6541206.288441199,-102.95412480000047,0.5338345864661653,2026-02-17 10:46:00+00:00,surfline_trevone_20260217_1046
-553610.2747511007,6541206.288441199,-102.95412480000047,0.5363408521303258,2026-02-17 10:46:00+00:00,surfline_trevone_20260217_1046
-553610.2747511007,6541206.288441199,-102.95412480000047,0.5388471177944862,2026-02-17 10:46:00+00:00,surfline_trevone_20260217_1046
-553610.2747511007,6541206.288441199,-102.95412480000047,0.5413533834586466,2026-02-17 10:46:00+00:00,surfline_trevone_20260217_1046
-553610.2747511007,6541206.288441199,-102.95412480000047,0.5438596491228069,2026-02-17 10:46:00+00:00,surfline_trevone_20260217_1046
-553610.2747511007,6541206.288441199,-102.95412480000047,0.5463659147869674,2026-02-17 10:46:00+00:00,surfline_trevone_20260217_1046
-553610.2747511007,6541206.288441199,-102.95412480000047,0.5488721804511278,2026-02-17 10:46:00+00:00,surfline_trevone_20260217_1046
-553610.2747511007,6541206.288441199,-102.95412480000047,0.5513784461152882,2026-02-17 10:46:00+00:00,surfline_trevone_20260217_1046
-553610.2747511007,6541206.288441199,-102.95412480000047,0.5538847117794485,2026-02-17 10:46:00+00:00,surfline_trevone_20260217_1046
-553610.2747511007,6541206.288441199,-102.95412480000047,0.556390977443609,2026-02-17 10:46:00+00:00,surfline_trevone_20260217_1046
-553610.2747511007,6541206.288441199,-102.95412480000047,0.5588972431077694,2026-02-17 10:46:00+00:00,surfline_trevone_20260217_1046
-553610.2747511007,6541206.288441199,-102.95412480000047,0.5614035087719298,2026-02-17 10:46:00+00:00,surfline_trevone_20260217_1046
-553610.2747511007,6541206.288441199,-102.95412480000047,0.5639097744360901,2026-02-17 10:46:00+00:00,surfline_trevone_20260217_1046
-553610.2747511007,6541206.288441199,-102.95412480000047,0.5664160401002506,2026-02-17 10:46:00+00:00,surfline_trevone_20260217_1046
-553610.2747511007,6541206.288441199,-102.95412480000047,0.568922305764411,2026-02-17 10:46:00+00:00,surfline_trevone_20260217_1046
-553610.2747511007,6541206.288441199,-102.95412480000047,0.5714285714285714,2026-02-17 10:46:00+00:00,surfline_trevone_20260217_1046
-553610.2747511007,6541206.288441199,-102.95412480000047,0.5739348370927317,2026-02-17 10:46:00+00:00,surfline_trevone_20260217_1046
-553610.2747511007,6541206.288441199,-102.95412480000047,0.5764411027568922,2026-02-17 10:46:00+00:00,surfline_trevone_20260217_1046
-553610.2747511007,6541206.288441199,-102.95412480000047,0.5789473684210527,2026-02-17 10:46:00+00:00,surfline_trevone_20260217_1046
-553610.2747511007,6541206.288441199,-102.95412480000047,0.581453634085213,2026-02-17 10:46:00+00:00,surfline_trevone_20260217_1046
-553610.2747511007,6541206.288441199,-102.95412480000047,0.5839598997493733,2026-02-17 10:46:00+00:00,surfline_trevone_20260217_1046
-553610.2747511007,6541206.288441199,-102.95412480000047,0.5864661654135338,2026-02-17 10:46:00+00:00,surfline_trevone_20260217_1046
-553610.2747511007,6541206.288441199,-102.95412480000047,0.5889724310776943,2026-02-17 10:46:00+00:00,surfline_trevone_20260217_1046
-553610.2747511007,6541206.288441199,-102.95412480000047,0.5914786967418546,2026-02-17 10:46:00+00:00,surfline_trevone_20260217_1046
-553610.2747511007,6541206.288441199,-102.95412480000047,0.593984962406015,2026-02-17 10:46:00+00:00,surfline_trevone_20260217_1046
-553610.2747511007,6541206.288441199,-102.95412480000047,0.5964912280701754,2026-02-17 10:46:00+00:00,surfline_trevone_20260217_1046
-553610.2747511007,6541206.288441199,-102.95412480000047,0.5989974937343359,2026-02-17 10:46:00+00:00,surfline_trevone_20260217_1046
-553610.2747511007,6541206.288441199,-102.95412480000047,0.6015037593984962,2026-02-17 10:46:00+00:00,surfline_trevone_20260217_1046
-553610.2747511007,6541206.288441199,-102.95412480000047,0.6040100250626566,2026-02-17 10:46:00+00:00,surfline_trevone_20260217_1046
-553610.2747511007,6541206.288441199,-102.95412480000047,0.606516290726817,2026-02-17 10:46:00+00:00,surfline_trevone_20260217_1046
-553610.2747511007,6541206.288441199,-102.95412480000047,0.6090225563909775,2026-02-17 10:46:00+00:00,surfline_trevone_20260217_1046
-553610.2747511007,6541206.288441199,-102.95412480000047,0.6115288220551378,2026-02-17 10:46:00+00:00,surfline_trevone_20260217_1046
-553610.2747511007,6541206.288441199,-102.95412480000047,0.6140350877192982,2026-02-17 10:46:00+00:00,surfline_trevone_20260217_1046
-553610.2747511007,6541206.288441199,-102.95412480000047,0.6165413533834586,2026-02-17 10:46:00+00:00,surfline_trevone_20260217_1046
-553610.2747511007,6541206.288441199,-102.95412480000047,0.6190476190476191,2026-02-17 10:46:00+00:00,surfline_trevone_20260217_1046
-553610.2747511007,6541206.288441199,-102.95412480000047,0.6215538847117794,2026-02-17 10:46:00+00:00,surfline_trevone_20260217_1046
-553610.2747511007,6541206.288441199,-102.95412480000047,0.6240601503759398,2026-02-17 10:46:00+00:00,surfline_trevone_20260217_1046
-553610.2747511007,6541206.288441199,-102.95412480000047,0.6265664160401002,2026-02-17 10:46:00+00:00,surfline_trevone_20260217_1046
-553610.2747511007,6541206.288441199,-102.95412480000047,0.6290726817042607,2026-02-17 10:46:00+00:00,surfline_trevone_20260217_1046
-553610.2747511007,6541206.288441199,-102.95412480000047,0.631578947368421,2026-02-17 10:46:00+00:00,surfline_trevone_20260217_1046
-553610.2747511007,6541206.288441199,-102.95412480000047,0.6340852130325814,2026-02-17 10:46:00+00:00,surfline_trevone_20260217_1046
-553610.2747511007,6541206.288441199,-102.95412480000047,0.6365914786967418,2026-02-17 10:46:00+00:00,surfline_trevone_20260217_1046
-553610.2747511007,6541206.288441199,-102.95412480000047,0.6390977443609023,2026-02-17 10:46:00+00:00,surfline_trevone_20260217_1046
-553610.2747511007,6541206.288441199,-102.95412480000047,0.6416040100250626,2026-02-17 10:46:00+00:00,surfline_trevone_20260217_1046
-553610.2747511007,6541206.288441199,-102.95412480000047,0.644110275689223,2026-02-17 10:46:00+00:00,surfline_trevone_20260217_1046
-553610.2747511007,6541206.288441199,-102.95412480000047,0.6466165413533834,2026-02-17 10:46:00+00:00,surfline_trevone_20260217_1046
-553610.2747511007,6541206.288441199,-102.95412480000047,0.6491228070175439,2026-02-17 10:46:00+00:00,surfline_trevone_20260217_1046
-553610.2747511007,6541206.288441199,-102.95412480000047,0.6516290726817042,2026-02-17 10:46:00+00:00,surfline_trevone_20260217_1046
-553610.2747511007,6541206.288441199,-102.95412480000047,0.6541353383458646,2026-02-17 10:46:00+00:00,surfline_trevone_20260217_1046
-553610.2747511007,6541206.288441199,-102.95412480000047,0.656641604010025,2026-02-17 10:46:00+00:00,surfline_trevone_20260217_1046
-553610.2747511007,6541206.288441199,-102.95412480000047,0.6591478696741855,2026-02-17 10:46:00+00:00,surfline_trevone_20260217_1046
-553610.2747511007,6541206.288441199,-102.95412480000047,0.6616541353383458,2026-02-17 10:46:00+00:00,surfline_trevone_20260217_1046
-553610.2747511007,6541206.288441199,-102.95412480000047,0.6641604010025062,2026-02-17 10:46:00+00:00,surfline_trevone_20260217_1046
-553610.2747511007,6541206.288441199,-102.95412480000047,0.6666666666666666,2026-02-17 10:46:00+00:00,surfline_trevone_20260217_1046
-553610.2747511007,6541206.288441199,-102.95412480000047,0.6691729323308271,2026-02-17 10:46:00+00:00,surfline_trevone_20260217_1046
-553610.2747511007,6541206.288441199,-102.95412480000047,0.6716791979949874,2026-02-17 10:46:00+00:00,surfline_trevone_20260217_1046
-553610.2747511007,6541206.288441199,-102.95412480000047,0.6741854636591478,2026-02-17 10:46:00+00:00,surfline_trevone_20260217_1046
-553610.2747511007,6541206.288441199,-102.95412480000047,0.6766917293233082,2026-02-17 10:46:00+00:00,surfline_trevone_20260217_1046
-553610.2747511007,6541206.288441199,-102.95412480000047,0.6791979949874687,2026-02-17 10:46:00+00:00,surfline_trevone_20260217_1046
-553610.2747511007,6541206.288441199,-102.95412480000047,0.681704260651629,2026-02-17 10:46:00+00:00,surfline_trevone_20260217_1046
-553610.2747511007,6541206.288441199,-102.95412480000047,0.6842105263157894,2026-02-17 10:46:00+00:00,surfline_trevone_20260217_1046
-553610.2747511007,6541206.288441199,-102.95412480000047,0.6867167919799498,2026-02-17 10:46:00+00:00,surfline_trevone_20260217_1046
-553610.2747511007,6541206.288441199,-102.95412480000047,0.6892230576441103,2026-02-17 10:46:00+00:00,surfline_trevone_20260217_1046
-553610.2747511007,6541206.288441199,-102.95412480000047,0.6917293233082706,2026-02-17 10:46:00+00:00,surfline_trevone_20260217_1046
-553610.2747511007,6541206.288441199,-102.95412480000047,0.694235588972431,2026-02-17 10:46:00+00:00,surfline_trevone_20260217_1046
-553610.2747511007,6541206.288441199,-102.95412480000047,0.6967418546365914,2026-02-17 10:46:00+00:00,surfline_trevone_20260217_1046
-553610.2747511007,6541206.288441199,-102.95412480000047,0.6992481203007519,2026-02-17 10:46:00+00:00,surfline_trevone_20260217_1046
-553610.2747511007,6541206.288441199,-102.95412480000047,0.7017543859649122,2026-02-17 10:46:00+00:00,surfline_trevone_20260217_1046
-553610.2747511007,6541206.288441199,-102.95412480000047,0.7042606516290726,2026-02-17 10:46:00+00:00,surfline_trevone_20260217_1046
-553610.2747511007,6541206.288441199,-102.95412480000047,0.706766917293233,2026-02-17 10:46:00+00:00,surfline_trevone_20260217_1046
-553610.2747511007,6541206.288441199,-102.95412480000047,0.7092731829573935,2026-02-17 10:46:00+00:00,surfline_trevone_20260217_1046
-553610.2747511007,6541206.288441199,-102.95412480000047,0.7117794486215538,2026-02-17 10:46:00+00:00,surfline_trevone_20260217_1046
-553610.2747511007,6541206.288441199,-102.95412480000047,0.7142857142857142,2026-02-17 10:46:00+00:00,surfline_trevone_20260217_1046
-553610.2747511007,6541206.288441199,-102.95412480000047,0.7167919799498746,2026-02-17 10:46:00+00:00,surfline_trevone_20260217_1046
-553610.2747511007,6541206.288441199,-102.95412480000047,0.7192982456140351,2026-02-17 10:46:00+00:00,surfline_trevone_20260217_1046
-553610.2747511007,6541206.288441199,-102.95412480000047,0.7218045112781954,2026-02-17 10:46:00+00:00,surfline_trevone_20260217_1046
-553610.2747511007,6541206.288441199,-102.95412480000047,0.7243107769423558,2026-02-17 10:46:00+00:00,surfline_trevone_20260217_1046
-553610.2747511007,6541206.288441199,-102.95412480000047,0.7268170426065163,2026-02-17 10:46:00+00:00,surfline_trevone_20260217_1046
-553610.2747511007,6541206.288441199,-102.95412480000047,0.7293233082706767,2026-02-17 10:46:00+00:00,surfline_trevone_20260217_1046
-553610.2747511007,6541206.288441199,-102.95412480000047,0.731829573934837,2026-02-17 10:46:00+00:00,surfline_trevone_20260217_1046
-553610.2747511007,6541206.288441199,-102.95412480000047,0.7343358395989974,2026-02-17 10:46:00+00:00,surfline_trevone_20260217_1046
-553610.2747511007,6541206.288441199,-102.95412480000047,0.7368421052631579,2026-02-17 10:46:00+00:00,surfline_trevone_20260217_1046
-553610.2747511007,6541206.288441199,-102.95412480000047,0.7393483709273183,2026-02-17 10:46:00+00:00,surfline_trevone_20260217_1046
-553610.2747511007,6541206.288441199,-102.95412480000047,0.7418546365914787,2026-02-17 10:46:00+00:00,surfline_trevone_20260217_1046
-553610.2747511007,6541206.288441199,-102.95412480000047,0.744360902255639,2026-02-17 10:46:00+00:00,surfline_trevone_20260217_1046
-553610.2747511007,6541206.288441199,-102.95412480000047,0.7468671679197995,2026-02-17 10:46:00+00:00,surfline_trevone_20260217_1046
-553610.2747511007,6541206.288441199,-102.95412480000047,0.7493734335839599,2026-02-17 10:46:00+00:00,surfline_trevone_20260217_1046
-553610.2747511007,6541206.288441199,-102.95412480000047,0.7518796992481203,2026-02-17 10:46:00+00:00,surfline_trevone_20260217_1046
-553610.2747511007,6541206.288441199,-102.95412480000047,0.7543859649122806,2026-02-17 10:46:00+00:00,surfline_trevone_20260217_1046
-553610.2747511007,6541206.288441199,-102.95412480000047,0.7568922305764411,2026-02-17 10:46:00+00:00,surfline_trevone_20260217_1046
-553610.2747511007,6541206.288441199,-102.95412480000047,0.7593984962406015,2026-02-17 10:46:00+00:00,surfline_trevone_20260217_1046
-553610.2747511007,6541206.288441199,-102.95412480000047,0.7619047619047619,2026-02-17 10:46:00+00:00,surfline_trevone_20260217_1046
-553610.2747511007,6541206.288441199,-102.95412480000047,0.7644110275689222,2026-02-17 10:46:00+00:00,surfline_trevone_20260217_1046
-553610.2747511007,6541206.288441199,-102.95412480000047,0.7669172932330827,2026-02-17 10:46:00+00:00,surfline_trevone_20260217_1046
-553610.2747511007,6541206.288441199,-102.95412480000047,0.7694235588972431,2026-02-17 10:46:00+00:00,surfline_trevone_20260217_1046
-553610.2747511007,6541206.288441199,-102.95412480000047,0.7719298245614035,2026-02-17 10:46:00+00:00,surfline_trevone_20260217_1046
-553610.2747511007,6541206.288441199,-102.95412480000047,0.7744360902255638,2026-02-17 10:46:00+00:00,surfline_trevone_20260217_1046
-553610.2747511007,6541206.288441199,-102.95412480000047,0.7769423558897243,2026-02-17 10:46:00+00:00,surfline_trevone_20260217_1046
-553610.2747511007,6541206.288441199,-102.95412480000047,0.7794486215538847,2026-02-17 10:46:00+00:00,surfline_trevone_20260217_1046
-553610.2747511007,6541206.288441199,-102.95412480000047,0.7819548872180451,2026-02-17 10:46:00+00:00,surfline_trevone_20260217_1046
-553610.2747511007,6541206.288441199,-102.95412480000047,0.7844611528822054,2026-02-17 10:46:00+00:00,surfline_trevone_20260217_1046
-553610.2747511007,6541206.288441199,-102.95412480000047,0.7869674185463659,2026-02-17 10:46:00+00:00,surfline_trevone_20260217_1046
-553610.2747511007,6541206.288441199,-102.95412480000047,0.7894736842105263,2026-02-17 10:46:00+00:00,surfline_trevone_20260217_1046
-553610.2747511007,6541206.288441199,-102.95412480000047,0.7919799498746867,2026-02-17 10:46:00+00:00,surfline_trevone_20260217_1046
-553610.2747511007,6541206.288441199,-102.95412480000047,0.794486215538847,2026-02-17 10:46:00+00:00,surfline_trevone_20260217_1046
-553610.2747511007,6541206.288441199,-102.95412480000047,0.7969924812030075,2026-02-17 10:46:00+00:00,surfline_trevone_20260217_1046
-553610.2747511007,6541206.288441199,-102.95412480000047,0.7994987468671679,2026-02-17 10:46:00+00:00,surfline_trevone_20260217_1046
-553610.2747511007,6541206.288441199,-102.95412480000047,0.8020050125313283,2026-02-17 10:46:00+00:00,surfline_trevone_20260217_1046
-553610.2747511007,6541206.288441199,-102.95412480000047,0.8045112781954886,2026-02-17 10:46:00+00:00,surfline_trevone_20260217_1046
-553610.2747511007,6541206.288441199,-102.95412480000047,0.8070175438596491,2026-02-17 10:46:00+00:00,surfline_trevone_20260217_1046
-553610.2747511007,6541206.288441199,-102.95412480000047,0.8095238095238095,2026-02-17 10:46:00+00:00,surfline_trevone_20260217_1046
-553610.2747511007,6541206.288441199,-102.95412480000047,0.8120300751879699,2026-02-17 10:46:00+00:00,surfline_trevone_20260217_1046
-553610.2747511007,6541206.288441199,-102.95412480000047,0.8145363408521302,2026-02-17 10:46:00+00:00,surfline_trevone_20260217_1046
-553610.2747511007,6541206.288441199,-102.95412480000047,0.8170426065162907,2026-02-17 10:46:00+00:00,surfline_trevone_20260217_1046
-553610.2747511007,6541206.288441199,-102.95412480000047,0.8195488721804511,2026-02-17 10:46:00+00:00,surfline_trevone_20260217_1046
-553610.2747511007,6541206.288441199,-102.95412480000047,0.8220551378446115,2026-02-17 10:46:00+00:00,surfline_trevone_20260217_1046
-553610.2747511007,6541206.288441199,-102.95412480000047,0.8245614035087718,2026-02-17 10:46:00+00:00,surfline_trevone_20260217_1046
-553610.2747511007,6541206.288441199,-102.95412480000047,0.8270676691729323,2026-02-17 10:46:00+00:00,surfline_trevone_20260217_1046
-553610.2747511007,6541206.288441199,-102.95412480000047,0.8295739348370927,2026-02-17 10:46:00+00:00,surfline_trevone_20260217_1046
-553610.2747511007,6541206.288441199,-102.95412480000047,0.8320802005012531,2026-02-17 10:46:00+00:00,surfline_trevone_20260217_1046
-553610.2747511007,6541206.288441199,-102.95412480000047,0.8345864661654134,2026-02-17 10:46:00+00:00,surfline_trevone_20260217_1046
-553610.2747511007,6541206.288441199,-102.95412480000047,0.8370927318295739,2026-02-17 10:46:00+00:00,surfline_trevone_20260217_1046
-553610.2747511007,6541206.288441199,-102.95412480000047,0.8395989974937343,2026-02-17 10:46:00+00:00,surfline_trevone_20260217_1046
-553610.2747511007,6541206.288441199,-102.95412480000047,0.8421052631578947,2026-02-17 10:46:00+00:00,surfline_trevone_20260217_1046
-553610.2747511007,6541206.288441199,-102.95412480000047,0.844611528822055,2026-02-17 10:46:00+00:00,surfline_trevone_20260217_1046
-553610.2747511007,6541206.288441199,-102.95412480000047,0.8471177944862155,2026-02-17 10:46:00+00:00,surfline_trevone_20260217_1046
-553610.2747511007,6541206.288441199,-102.95412480000047,0.849624060150376,2026-02-17 10:46:00+00:00,surfline_trevone_20260217_1046
-553610.2747511007,6541206.288441199,-102.95412480000047,0.8521303258145363,2026-02-17 10:46:00+00:00,surfline_trevone_20260217_1046
-553610.2747511007,6541206.288441199,-102.95412480000047,0.8546365914786966,2026-02-17 10:46:00+00:00,surfline_trevone_20260217_1046
-553610.2747511007,6541206.288441199,-102.95412480000047,0.8571428571428571,2026-02-17 10:46:00+00:00,surfline_trevone_20260217_1046
-553610.2747511007,6541206.288441199,-102.95412480000047,0.8596491228070176,2026-02-17 10:46:00+00:00,surfline_trevone_20260217_1046
-553610.2747511007,6541206.288441199,-102.95412480000047,0.8621553884711779,2026-02-17 10:46:00+00:00,surfline_trevone_20260217_1046
-553610.2747511007,6541206.288441199,-102.95412480000047,0.8646616541353382,2026-02-17 10:46:00+00:00,surfline_trevone_20260217_1046
-553610.2747511007,6541206.288441199,-102.95412480000047,0.8671679197994987,2026-02-17 10:46:00+00:00,surfline_trevone_20260217_1046
-553610.2747511007,6541206.288441199,-102.95412480000047,0.8696741854636592,2026-02-17 10:46:00+00:00,surfline_trevone_20260217_1046
-553610.2747511007,6541206.288441199,-102.95412480000047,0.8721804511278195,2026-02-17 10:46:00+00:00,surfline_trevone_20260217_1046
-553610.2747511007,6541206.288441199,-102.95412480000047,0.8746867167919798,2026-02-17 10:46:00+00:00,surfline_trevone_20260217_1046
-553610.2747511007,6541206.288441199,-102.95412480000047,0.8771929824561403,2026-02-17 10:46:00+00:00,surfline_trevone_20260217_1046
-553610.2747511007,6541206.288441199,-102.95412480000047,0.8796992481203008,2026-02-17 10:46:00+00:00,surfline_trevone_20260217_1046
-553610.2747511007,6541206.288441199,-102.95412480000047,0.8822055137844611,2026-02-17 10:46:00+00:00,surfline_trevone_20260217_1046
-553610.2747511007,6541206.288441199,-102.95412480000047,0.8847117794486214,2026-02-17 10:46:00+00:00,surfline_trevone_20260217_1046
-553610.2747511007,6541206.288441199,-102.95412480000047,0.8872180451127819,2026-02-17 10:46:00+00:00,surfline_trevone_20260217_1046
-553610.2747511007,6541206.288441199,-102.95412480000047,0.8897243107769424,2026-02-17 10:46:00+00:00,surfline_trevone_20260217_1046
-553610.2747511007,6541206.288441199,-102.95412480000047,0.8922305764411027,2026-02-17 10:46:00+00:00,surfline_trevone_20260217_1046
-553610.2747511007,6541206.288441199,-102.95412480000047,0.894736842105263,2026-02-17 10:46:00+00:00,surfline_trevone_20260217_1046
-553610.2747511007,6541206.288441199,-102.95412480000047,0.8972431077694235,2026-02-17 10:46:00+00:00,surfline_trevone_20260217_1046
-553610.2747511007,6541206.288441199,-102.95412480000047,0.899749373433584,2026-02-17 10:46:00+00:00,surfline_trevone_20260217_1046
-553610.2747511007,6541206.288441199,-102.95412480000047,0.9022556390977443,2026-02-17 10:46:00+00:00,surfline_trevone_20260217_1046
-553610.2747511007,6541206.288441199,-102.95412480000047,0.9047619047619047,2026-02-17 10:46:00+00:00,surfline_trevone_20260217_1046
-553610.2747511007,6541206.288441199,-102.95412480000047,0.9072681704260651,2026-02-17 10:46:00+00:00,surfline_trevone_20260217_1046
-553610.2747511007,6541206.288441199,-102.95412480000047,0.9097744360902256,2026-02-17 10:46:00+00:00,surfline_trevone_20260217_1046
-553610.2747511007,6541206.288441199,-102.95412480000047,0.9122807017543859,2026-02-17 10:46:00+00:00,surfline_trevone_20260217_1046
-553610.2747511007,6541206.288441199,-102.95412480000047,0.9147869674185463,2026-02-17 10:46:00+00:00,surfline_trevone_20260217_1046
-553610.2747511007,6541206.288441199,-102.95412480000047,0.9172932330827067,2026-02-17 10:46:00+00:00,surfline_trevone_20260217_1046
-553610.2747511007,6541206.288441199,-102.95412480000047,0.9197994987468672,2026-02-17 10:46:00+00:00,surfline_trevone_20260217_1046
-553610.2747511007,6541206.288441199,-102.95412480000047,0.9223057644110275,2026-02-17 10:46:00+00:00,surfline_trevone_20260217_1046
-553610.2747511007,6541206.288441199,-102.95412480000047,0.9248120300751879,2026-02-17 10:46:00+00:00,surfline_trevone_20260217_1046
-553610.2747511007,6541206.288441199,-102.95412480000047,0.9273182957393483,2026-02-17 10:46:00+00:00,surfline_trevone_20260217_1046
-553610.2747511007,6541206.288441199,-102.95412480000047,0.9298245614035088,2026-02-17 10:46:00+00:00,surfline_trevone_20260217_1046
-553610.2747511007,6541206.288441199,-102.95412480000047,0.9323308270676691,2026-02-17 10:46:00+00:00,surfline_trevone_20260217_1046
-553610.2747511007,6541206.288441199,-102.95412480000047,0.9348370927318295,2026-02-17 10:46:00+00:00,surfline_trevone_20260217_1046
-553610.2747511007,6541206.288441199,-102.95412480000047,0.9373433583959899,2026-02-17 10:46:00+00:00,surfline_trevone_20260217_1046
-553610.2747511007,6541206.288441199,-102.95412480000047,0.9398496240601504,2026-02-17 10:46:00+00:00,surfline_trevone_20260217_1046
-553610.2747511007,6541206.288441199,-102.95412480000047,0.9423558897243107,2026-02-17 10:46:00+00:00,surfline_trevone_20260217_1046
-553610.2747511007,6541206.288441199,-102.95412480000047,0.9448621553884711,2026-02-17 10:46:00+00:00,surfline_trevone_20260217_1046
-553610.2747511007,6541206.288441199,-102.95412480000047,0.9473684210526315,2026-02-17 10:46:00+00:00,surfline_trevone_20260217_1046
-553610.2747511007,6541206.288441199,-102.95412480000047,0.949874686716792,2026-02-17 10:46:00+00:00,surfline_trevone_20260217_1046
-553610.2747511007,6541206.288441199,-102.95412480000047,0.9523809523809523,2026-02-17 10:46:00+00:00,surfline_trevone_20260217_1046
-553610.2747511007,6541206.288441199,-102.95412480000047,0.9548872180451127,2026-02-17 10:46:00+00:00,surfline_trevone_20260217_1046
-553610.2747511007,6541206.288441199,-102.95412480000047,0.9573934837092731,2026-02-17 10:46:00+00:00,surfline_trevone_20260217_1046
-553610.2747511007,6541206.288441199,-102.95412480000047,0.9598997493734336,2026-02-17 10:46:00+00:00,surfline_trevone_20260217_1046
-553610.2747511007,6541206.288441199,-102.95412480000047,0.9624060150375939,2026-02-17 10:46:00+00:00,surfline_trevone_20260217_1046
-553610.2747511007,6541206.288441199,-102.95412480000047,0.9649122807017543,2026-02-17 10:46:00+00:00,surfline_trevone_20260217_1046
-553610.2747511007,6541206.288441199,-102.95412480000047,0.9674185463659147,2026-02-17 10:46:00+00:00,surfline_trevone_20260217_1046
-553610.2747511007,6541206.288441199,-102.95412480000047,0.9699248120300752,2026-02-17 10:46:00+00:00,surfline_trevone_20260217_1046
-553610.2747511007,6541206.288441199,-102.95412480000047,0.9724310776942355,2026-02-17 10:46:00+00:00,surfline_trevone_20260217_1046
-553610.2747511007,6541206.288441199,-102.95412480000047,0.9749373433583959,2026-02-17 10:46:00+00:00,surfline_trevone_20260217_1046
-553610.2747511007,6541206.288441199,-102.95412480000047,0.9774436090225563,2026-02-17 10:46:00+00:00,surfline_trevone_20260217_1046
-553610.2747511007,6541206.288441199,-102.95412480000047,0.9799498746867168,2026-02-17 10:46:00+00:00,surfline_trevone_20260217_1046
-553610.2747511007,6541206.288441199,-102.95412480000047,0.9824561403508771,2026-02-17 10:46:00+00:00,surfline_trevone_20260217_1046
-553610.2747511007,6541206.288441199,-102.95412480000047,0.9849624060150375,2026-02-17 10:46:00+00:00,surfline_trevone_20260217_1046
-553610.2747511007,6541206.288441199,-102.95412480000047,0.9874686716791979,2026-02-17 10:46:00+00:00,surfline_trevone_20260217_1046
-553610.2747511007,6541206.288441199,-102.95412480000047,0.9899749373433584,2026-02-17 10:46:00+00:00,surfline_trevone_20260217_1046
-553610.2747511007,6541206.288441199,-102.95412480000047,0.9924812030075187,2026-02-17 10:46:00+00:00,surfline_trevone_20260217_1046
-553610.2747511007,6541206.288441199,-102.95412480000047,0.9949874686716791,2026-02-17 10:46:00+00:00,surfline_trevone_20260217_1046
-553610.2747511007,6541206.288441199,-102.95412480000047,0.9974937343358395,2026-02-17 10:46:00+00:00,surfline_trevone_20260217_1046
-553610.2747511007,6541206.288441199,-102.95412480000047,1.0,2026-02-17 10:46:00+00:00,surfline_trevone_20260217_1046
-553595.199173488,6541277.249610348,-103.07116800000048,0.0,2026-02-17 11:18:00+00:00,surfline_trevone_20260217_1118
-553595.9565038066,6541277.078214208,-103.07116800000048,0.002506265664160401,2026-02-17 11:18:00+00:00,surfline_trevone_20260217_1118
-553596.6583412489,6541276.89061568,-103.07116800000048,0.005012531328320802,2026-02-17 11:18:00+00:00,surfline_trevone_20260217_1118
-553596.6998221314,6541276.510212165,-103.07116800000048,0.007518796992481203,2026-02-17 11:18:00+00:00,surfline_trevone_20260217_1118
-553597.4571523302,6541276.338815904,-103.07116800000048,0.010025062656641603,2026-02-17 11:18:00+00:00,surfline_trevone_20260217_1118
-553598.2144827382,6541276.167419855,-103.07116800000048,0.012531328320802004,2026-02-17 11:18:00+00:00,surfline_trevone_20260217_1118
-553598.6123792158,6541275.891079439,-103.07116800000048,0.015037593984962405,2026-02-17 11:18:00+00:00,surfline_trevone_20260217_1118
-553598.9578010652,6541275.599417814,-103.07116800000048,0.017543859649122806,2026-02-17 11:18:00+00:00,surfline_trevone_20260217_1118
-553599.715131264,6541275.428021553,-103.07116800000048,0.020050125313283207,2026-02-17 11:18:00+00:00,surfline_trevone_20260217_1118
-553600.472461671,6541275.256625502,-103.07116800000048,0.022556390977443608,2026-02-17 11:18:00+00:00,surfline_trevone_20260217_1118
-553598.2022263261,6541274.201268484,-103.07116800000048,0.02506265664160401,2026-02-17 11:18:00+00:00,surfline_trevone_20260217_1118
-553598.0996882248,6541273.77881563,-103.07116800000048,0.02756892230576441,2026-02-17 11:18:00+00:00,surfline_trevone_20260217_1118
-553598.1164008828,6541273.391180668,-103.07116800000048,0.03007518796992481,2026-02-17 11:18:00+00:00,surfline_trevone_20260217_1118
-553598.8737312909,6541273.219784618,-103.07116800000048,0.03258145363408521,2026-02-17 11:18:00+00:00,surfline_trevone_20260217_1118
-553599.6310614907,6541273.048388356,-103.07116800000048,0.03508771929824561,2026-02-17 11:18:00+00:00,surfline_trevone_20260217_1118
-553600.0537261907,6541272.7792793885,-103.07116800000048,0.03759398496240601,2026-02-17 11:18:00+00:00,surfline_trevone_20260217_1118
-553599.9511879688,6541272.35682665,-103.07116800000048,0.040100250626566414,2026-02-17 11:18:00+00:00,surfline_trevone_20260217_1118
-553599.8486496266,6541271.934374027,-103.07116800000048,0.042606516290726815,2026-02-17 11:18:00+00:00,surfline_trevone_20260217_1118
-553599.9606857672,6541271.574570738,-103.07116800000048,0.045112781954887216,2026-02-17 11:18:00+00:00,surfline_trevone_20260217_1118
-553600.7180157566,6541271.403174265,-103.07116800000048,0.047619047619047616,2026-02-17 11:18:00+00:00,surfline_trevone_20260217_1118
-553601.4753459553,6541271.231778004,-103.07116800000048,0.05012531328320802,2026-02-17 11:18:00+00:00,surfline_trevone_20260217_1118
-553601.8026875927,6541270.934837786,-103.07116800000048,0.05263157894736842,2026-02-17 11:18:00+00:00,surfline_trevone_20260217_1118
-553600.6759809739,6541270.213357773,-103.07116800000048,0.05513784461152882,2026-02-17 11:18:00+00:00,surfline_trevone_20260217_1118
-553601.4333109633,6541270.0419613,-103.07116800000048,0.05764411027568922,2026-02-17 11:18:00+00:00,surfline_trevone_20260217_1118
-553601.4950729256,6541269.667479569,-103.07116800000048,0.06015037593984962,2026-02-17 11:18:00+00:00,surfline_trevone_20260217_1118
-553601.3925347028,6541269.24502683,-103.07116800000048,0.06265664160401002,2026-02-17 11:18:00+00:00,surfline_trevone_20260217_1118
-553601.2899966007,6541268.822573977,-103.07116800000048,0.06516290726817042,2026-02-17 11:18:00+00:00,surfline_trevone_20260217_1118
-553601.187458327,6541268.400121287,-103.07116800000048,0.06766917293233082,2026-02-17 11:18:00+00:00,surfline_trevone_20260217_1118
-553601.0849200361,6541267.977668615,-103.07116800000048,0.07017543859649122,2026-02-17 11:18:00+00:00,surfline_trevone_20260217_1118
-553600.9823818133,6541267.555215876,-103.07116800000048,0.07268170426065163,2026-02-17 11:18:00+00:00,surfline_trevone_20260217_1118
-553601.7209002491,6541267.378326979,-103.07116800000048,0.07518796992481203,2026-02-17 11:18:00+00:00,surfline_trevone_20260217_1118
-553602.4782304479,6541267.206930717,-103.07116800000048,0.07769423558897243,2026-02-17 11:18:00+00:00,surfline_trevone_20260217_1118
-553603.0389580026,6541266.978132373,-103.07116800000048,0.08020050125313283,2026-02-17 11:18:00+00:00,surfline_trevone_20260217_1118
-553602.9364197798,6541266.555679633,-103.07116800000048,0.08270676691729323,2026-02-17 11:18:00+00:00,surfline_trevone_20260217_1118
-553602.8338816776,6541266.13322678,-103.07116800000048,0.08521303258145363,2026-02-17 11:18:00+00:00,surfline_trevone_20260217_1118
-553602.7313434556,6541265.710774042,-103.07116800000048,0.08771929824561403,2026-02-17 11:18:00+00:00,surfline_trevone_20260217_1118
-553603.1795141996,6541265.449112395,-103.07116800000048,0.09022556390977443,2026-02-17 11:18:00+00:00,surfline_trevone_20260217_1118
-553603.9368443993,6541265.277716133,-103.07116800000048,0.09273182957393483,2026-02-17 11:18:00+00:00,surfline_trevone_20260217_1118
-553604.6941743896,6541265.106319661,-103.07116800000048,0.09523809523809523,2026-02-17 11:18:00+00:00,surfline_trevone_20260217_1118
-553604.6853814215,6541264.7112378,-103.07116800000048,0.09774436090225563,2026-02-17 11:18:00+00:00,surfline_trevone_20260217_1118
-553604.5828430798,6541264.288785176,-103.07116800000048,0.10025062656641603,2026-02-17 11:18:00+00:00,surfline_trevone_20260217_1118
-553604.480304857,6541263.866332437,-103.07116800000048,0.10275689223057644,2026-02-17 11:18:00+00:00,surfline_trevone_20260217_1118
-553604.3777667544,6541263.443879584,-103.07116800000048,0.10526315789473684,2026-02-17 11:18:00+00:00,surfline_trevone_20260217_1118
-553604.2752285324,6541263.021426845,-103.07116800000048,0.10776942355889724,2026-02-17 11:18:00+00:00,surfline_trevone_20260217_1118
-553604.9957755458,6541262.839291118,-103.07116800000048,0.11027568922305764,2026-02-17 11:18:00+00:00,surfline_trevone_20260217_1118
-553605.7531057457,6541262.667894856,-103.07116800000048,0.11278195488721804,2026-02-17 11:18:00+00:00,surfline_trevone_20260217_1118
-553606.3318047205,6541262.444343342,-103.07116800000048,0.11528822055137844,2026-02-17 11:18:00+00:00,surfline_trevone_20260217_1118
-553606.2292663794,6541262.021890719,-103.07116800000048,0.11779448621553884,2026-02-17 11:18:00+00:00,surfline_trevone_20260217_1118
-553606.1267281565,6541261.599437979,-103.07116800000048,0.12030075187969924,2026-02-17 11:18:00+00:00,surfline_trevone_20260217_1118
-553606.0241900537,6541261.176985126,-103.07116800000048,0.12280701754385964,2026-02-17 11:18:00+00:00,surfline_trevone_20260217_1118
-553605.9216518316,6541260.754532388,-103.07116800000048,0.12531328320802004,2026-02-17 11:18:00+00:00,surfline_trevone_20260217_1118
-553606.0547066925,6541260.4008661015,-103.07116800000048,0.12781954887218044,2026-02-17 11:18:00+00:00,surfline_trevone_20260217_1118
-553606.8120368919,6541260.22946984,-103.07116800000048,0.13032581453634084,2026-02-17 11:18:00+00:00,surfline_trevone_20260217_1118
-553607.5693668833,6541260.058073369,-103.07116800000048,0.13283208020050125,2026-02-17 11:18:00+00:00,surfline_trevone_20260217_1118
-553607.8756897465,6541259.754996195,-103.07116800000048,0.13533834586466165,2026-02-17 11:18:00+00:00,surfline_trevone_20260217_1118
-553607.7731514561,6541259.332543522,-103.07116800000048,0.13784461152882205,2026-02-17 11:18:00+00:00,surfline_trevone_20260217_1118
-553607.6706132333,6541258.910090783,-103.07116800000048,0.14035087719298245,2026-02-17 11:18:00+00:00,surfline_trevone_20260217_1118
-553607.5680751303,6541258.487637931,-103.07116800000048,0.14285714285714285,2026-02-17 11:18:00+00:00,surfline_trevone_20260217_1118
-553607.4655369084,6541258.065185192,-103.07116800000048,0.14536340852130325,2026-02-17 11:18:00+00:00,surfline_trevone_20260217_1118
-553607.3629985668,6541257.642732568,-103.07116800000048,0.14786967418546365,2026-02-17 11:18:00+00:00,surfline_trevone_20260217_1118
-553607.260460344,6541257.220279829,-103.07116800000048,0.15037593984962405,2026-02-17 11:18:00+00:00,surfline_trevone_20260217_1118
-553607.4572735722,6541256.885228826,-103.07116800000048,0.15288220551378445,2026-02-17 11:18:00+00:00,surfline_trevone_20260217_1118
-553608.2146037711,6541256.713832565,-103.07116800000048,0.15538847117794485,2026-02-17 11:18:00+00:00,surfline_trevone_20260217_1118
-553608.9719341766,6541256.542436512,-103.07116800000048,0.15789473684210525,2026-02-17 11:18:00+00:00,surfline_trevone_20260217_1118
-553609.2144983105,6541256.220743586,-103.07116800000048,0.16040100250626566,2026-02-17 11:18:00+00:00,surfline_trevone_20260217_1118
-553609.1119602072,6541255.798290734,-103.07116800000048,0.16290726817042606,2026-02-17 11:18:00+00:00,surfline_trevone_20260217_1118
-553609.0094219851,6541255.375837996,-103.07116800000048,0.16541353383458646,2026-02-17 11:18:00+00:00,surfline_trevone_20260217_1118
-553608.9068836438,6541254.953385372,-103.07116800000048,0.16791979949874686,2026-02-17 11:18:00+00:00,surfline_trevone_20260217_1118
-553608.804345421,6541254.530932632,-103.07116800000048,0.17042606516290726,2026-02-17 11:18:00+00:00,surfline_trevone_20260217_1118
-553608.7018073179,6541254.108479779,-103.07116800000048,0.17293233082706766,2026-02-17 11:18:00+00:00,surfline_trevone_20260217_1118
-553608.5992689767,6541253.686027155,-103.07116800000048,0.17543859649122806,2026-02-17 11:18:00+00:00,surfline_trevone_20260217_1118
-553609.2455117992,6541253.482196623,-103.07116800000048,0.17794486215538846,2026-02-17 11:18:00+00:00,surfline_trevone_20260217_1118
-553610.0028417908,6541253.310800152,-103.07116800000048,0.18045112781954886,2026-02-17 11:18:00+00:00,surfline_trevone_20260217_1118
-553610.6558452839,6541253.108943538,-103.07116800000048,0.18295739348370926,2026-02-17 11:18:00+00:00,surfline_trevone_20260217_1118
-553610.5533069432,6541252.686490914,-103.07116800000048,0.18546365914786966,2026-02-17 11:18:00+00:00,surfline_trevone_20260217_1118
-553610.4507687202,6541252.264038174,-103.07116800000048,0.18796992481203006,2026-02-17 11:18:00+00:00,surfline_trevone_20260217_1118
-553610.348230617,6541251.841585321,-103.07116800000048,0.19047619047619047,2026-02-17 11:18:00+00:00,surfline_trevone_20260217_1118
-553610.2456923948,6541251.419132583,-103.07116800000048,0.19298245614035087,2026-02-17 11:18:00+00:00,surfline_trevone_20260217_1118
-553610.1431540538,6541250.996679959,-103.07116800000048,0.19548872180451127,2026-02-17 11:18:00+00:00,surfline_trevone_20260217_1118
-553610.0406157798,6541250.574227269,-103.07116800000048,0.19799498746867167,2026-02-17 11:18:00+00:00,surfline_trevone_20260217_1118
-553610.6620903433,6541250.363164915,-103.07116800000048,0.20050125313283207,2026-02-17 11:18:00+00:00,surfline_trevone_20260217_1118
-553611.4194205422,6541250.191768654,-103.07116800000048,0.20300751879699247,2026-02-17 11:18:00+00:00,surfline_trevone_20260217_1118
-553611.0197381537,6541249.682558642,-103.07116800000048,0.20551378446115287,2026-02-17 11:18:00+00:00,surfline_trevone_20260217_1118
-553610.2343846286,6541249.060743768,-103.07116800000048,0.20802005012531327,2026-02-17 11:18:00+00:00,surfline_trevone_20260217_1118
-553610.6060436879,6541248.776742644,-103.07116800000048,0.21052631578947367,2026-02-17 11:18:00+00:00,surfline_trevone_20260217_1118
-553611.3633738867,6541248.605346382,-103.07116800000048,0.21303258145363407,2026-02-17 11:18:00+00:00,surfline_trevone_20260217_1118
-553611.6870391303,6541248.3073327625,-103.07116800000048,0.21553884711779447,2026-02-17 11:18:00+00:00,surfline_trevone_20260217_1118
-553611.5845009075,6541247.884880023,-103.07116800000048,0.21804511278195488,2026-02-17 11:18:00+00:00,surfline_trevone_20260217_1118
-553611.4819628041,6541247.462427171,-103.07116800000048,0.22055137844611528,2026-02-17 11:18:00+00:00,surfline_trevone_20260217_1118
-553611.3794245821,6541247.039974432,-103.07116800000048,0.22305764411027568,2026-02-17 11:18:00+00:00,surfline_trevone_20260217_1118
-553611.2768862407,6541246.617521808,-103.07116800000048,0.22556390977443608,2026-02-17 11:18:00+00:00,surfline_trevone_20260217_1118
-553611.1743480178,6541246.195069068,-103.07116800000048,0.22807017543859648,2026-02-17 11:18:00+00:00,surfline_trevone_20260217_1118
-553611.0718099147,6541245.772616216,-103.07116800000048,0.23057644110275688,2026-02-17 11:18:00+00:00,surfline_trevone_20260217_1118
-553610.9692715734,6541245.350163592,-103.07116800000048,0.23308270676691728,2026-02-17 11:18:00+00:00,surfline_trevone_20260217_1118
-553610.8667333503,6541244.927710853,-103.07116800000048,0.23558897243107768,2026-02-17 11:18:00+00:00,surfline_trevone_20260217_1118
-553610.7641952477,6541244.505258,-103.07116800000048,0.23809523809523808,2026-02-17 11:18:00+00:00,surfline_trevone_20260217_1118
-553610.6616570255,6541244.082805261,-103.07116800000048,0.24060150375939848,2026-02-17 11:18:00+00:00,surfline_trevone_20260217_1118
-553610.5591186838,6541243.660352637,-103.07116800000048,0.24310776942355888,2026-02-17 11:18:00+00:00,surfline_trevone_20260217_1118
-553610.4565804608,6541243.237899898,-103.07116800000048,0.24561403508771928,2026-02-17 11:18:00+00:00,surfline_trevone_20260217_1118
-553610.3540423583,6541242.815447045,-103.07116800000048,0.24812030075187969,2026-02-17 11:18:00+00:00,surfline_trevone_20260217_1118
-553610.7675279983,6541242.54365821,-103.07116800000048,0.2506265664160401,2026-02-17 11:18:00+00:00,surfline_trevone_20260217_1118
-553611.5248584049,6541242.372262159,-103.07116800000048,0.2531328320802005,2026-02-17 11:18:00+00:00,surfline_trevone_20260217_1118
-553612.2821886044,6541242.200865896,-103.07116800000048,0.2556390977443609,2026-02-17 11:18:00+00:00,surfline_trevone_20260217_1118
-553612.3080803246,6541241.815910803,-103.07116800000048,0.2581453634085213,2026-02-17 11:18:00+00:00,surfline_trevone_20260217_1118
-553612.6398360004,6541241.520259205,-103.07116800000048,0.2606516290726817,2026-02-17 11:18:00+00:00,surfline_trevone_20260217_1118
-553613.3971664062,6541241.348863153,-103.07116800000048,0.2631578947368421,2026-02-17 11:18:00+00:00,surfline_trevone_20260217_1118
-553614.1544966942,6541241.17746698,-103.07116800000048,0.2656641604010025,2026-02-17 11:18:00+00:00,surfline_trevone_20260217_1118
-553614.2621182906,6541240.816374562,-103.07116800000048,0.2681704260651629,2026-02-17 11:18:00+00:00,surfline_trevone_20260217_1118
-553614.1595800685,6541240.393921823,-103.07116800000048,0.2706766917293233,2026-02-17 11:18:00+00:00,surfline_trevone_20260217_1118
-553614.0570417275,6541239.971469199,-103.07116800000048,0.2731829573934837,2026-02-17 11:18:00+00:00,surfline_trevone_20260217_1118
-553613.9545035047,6541239.54901646,-103.07116800000048,0.2756892230576441,2026-02-17 11:18:00+00:00,surfline_trevone_20260217_1118
-553613.8519654013,6541239.126563607,-103.07116800000048,0.2781954887218045,2026-02-17 11:18:00+00:00,surfline_trevone_20260217_1118
-553613.7494271793,6541238.704110869,-103.07116800000048,0.2807017543859649,2026-02-17 11:18:00+00:00,surfline_trevone_20260217_1118
-553614.0564149574,6541238.401227917,-103.07116800000048,0.2832080200501253,2026-02-17 11:18:00+00:00,surfline_trevone_20260217_1118
-553614.0424032955,6541238.004622349,-103.07116800000048,0.2857142857142857,2026-02-17 11:18:00+00:00,surfline_trevone_20260217_1118
-553614.7997332867,6541237.833225878,-103.07116800000048,0.2882205513784461,2026-02-17 11:18:00+00:00,surfline_trevone_20260217_1118
-553615.5570634855,6541237.661829617,-103.07116800000048,0.2907268170426065,2026-02-17 11:18:00+00:00,surfline_trevone_20260217_1118
-553615.6009268044,6541237.282122003,-103.07116800000048,0.2932330827067669,2026-02-17 11:18:00+00:00,surfline_trevone_20260217_1118
-553615.4983885817,6541236.859669264,-103.07116800000048,0.2957393483709273,2026-02-17 11:18:00+00:00,surfline_trevone_20260217_1118
-553615.3958504782,6541236.437216411,-103.07116800000048,0.2982456140350877,2026-02-17 11:18:00+00:00,surfline_trevone_20260217_1118
-553615.2933121374,6541236.014763786,-103.07116800000048,0.3007518796992481,2026-02-17 11:18:00+00:00,surfline_trevone_20260217_1118
-553615.1907739142,6541235.592311047,-103.07116800000048,0.3032581453634085,2026-02-17 11:18:00+00:00,surfline_trevone_20260217_1118
-553615.0882358111,6541235.169858195,-103.07116800000048,0.3057644110275689,2026-02-17 11:18:00+00:00,surfline_trevone_20260217_1118
-553614.9856975889,6541234.747405456,-103.07116800000048,0.3082706766917293,2026-02-17 11:18:00+00:00,surfline_trevone_20260217_1118
-553614.8831592478,6541234.324952832,-103.07116800000048,0.3107769423558897,2026-02-17 11:18:00+00:00,surfline_trevone_20260217_1118
-553614.7806210248,6541233.902500093,-103.07116800000048,0.3132832080200501,2026-02-17 11:18:00+00:00,surfline_trevone_20260217_1118
-553615.0312759164,6541233.583169283,-103.07116800000048,0.3157894736842105,2026-02-17 11:18:00+00:00,surfline_trevone_20260217_1118
-553615.7886061154,6541233.411773022,-103.07116800000048,0.3182957393483709,2026-02-17 11:18:00+00:00,surfline_trevone_20260217_1118
-553616.1602655887,6541233.127772317,-103.07116800000048,0.3208020050125313,2026-02-17 11:18:00+00:00,surfline_trevone_20260217_1118
-553616.1462539263,6541232.731166749,-103.07116800000048,0.3233082706766917,2026-02-17 11:18:00+00:00,surfline_trevone_20260217_1118
-553616.6321208875,6541232.480510999,-103.07116800000048,0.3258145363408521,2026-02-17 11:18:00+00:00,surfline_trevone_20260217_1118
-553615.7325594593,6541231.825350751,-103.07116800000048,0.3283208020050125,2026-02-17 11:18:00+00:00,surfline_trevone_20260217_1118
-553616.4270443242,6541231.635605635,-103.07116800000048,0.3308270676691729,2026-02-17 11:18:00+00:00,surfline_trevone_20260217_1118
-553616.3245060504,6541231.213152945,-103.07116800000048,0.3333333333333333,2026-02-17 11:18:00+00:00,surfline_trevone_20260217_1118
-553616.2219679981,6541230.790700044,-103.07116800000048,0.3358395989974937,2026-02-17 11:18:00+00:00,surfline_trevone_20260217_1118
-553616.1194297761,6541230.368247305,-103.07116800000048,0.3383458646616541,2026-02-17 11:18:00+00:00,surfline_trevone_20260217_1118
-553616.0168914348,6541229.945794681,-103.07116800000048,0.3408521303258145,2026-02-17 11:18:00+00:00,surfline_trevone_20260217_1118
-553615.914353212,6541229.523341942,-103.07116800000048,0.3433583959899749,2026-02-17 11:18:00+00:00,surfline_trevone_20260217_1118
-553615.811815109,6541229.100889089,-103.07116800000048,0.3458646616541353,2026-02-17 11:18:00+00:00,surfline_trevone_20260217_1118
-553615.7092768869,6541228.678436351,-103.07116800000048,0.3483709273182957,2026-02-17 11:18:00+00:00,surfline_trevone_20260217_1118
-553615.6067385452,6541228.255983727,-103.07116800000048,0.3508771929824561,2026-02-17 11:18:00+00:00,surfline_trevone_20260217_1118
-553615.5042003224,6541227.833530987,-103.07116800000048,0.3533834586466165,2026-02-17 11:18:00+00:00,surfline_trevone_20260217_1118
-553615.4016622195,6541227.411078135,-103.07116800000048,0.3558897243107769,2026-02-17 11:18:00+00:00,surfline_trevone_20260217_1118
-553615.2991238781,6541226.988625511,-103.07116800000048,0.3583959899749373,2026-02-17 11:18:00+00:00,surfline_trevone_20260217_1118
-553615.9360789704,6541226.782083231,-103.07116800000048,0.3609022556390977,2026-02-17 11:18:00+00:00,surfline_trevone_20260217_1118
-553616.3077380296,6541226.498082107,-103.07116800000048,0.3634085213032581,2026-02-17 11:18:00+00:00,surfline_trevone_20260217_1118
-553616.6793972964,6541226.214081192,-103.07116800000048,0.3659147869674185,2026-02-17 11:18:00+00:00,surfline_trevone_20260217_1118
-553617.051056771,6541225.930080487,-103.07116800000048,0.3684210526315789,2026-02-17 11:18:00+00:00,surfline_trevone_20260217_1118
-553614.7864327653,6541224.876361816,-103.07116800000048,0.37092731829573933,2026-02-17 11:18:00+00:00,surfline_trevone_20260217_1118
-553614.6838946631,6541224.453908963,-103.07116800000048,0.37343358395989973,2026-02-17 11:18:00+00:00,surfline_trevone_20260217_1118
-553614.694995985,6541224.064635654,-103.07116800000048,0.37593984962406013,2026-02-17 11:18:00+00:00,surfline_trevone_20260217_1118
-553615.4523263923,6541223.893239603,-103.07116800000048,0.37844611528822053,2026-02-17 11:18:00+00:00,surfline_trevone_20260217_1118
-553616.2096565918,6541223.721843341,-103.07116800000048,0.38095238095238093,2026-02-17 11:18:00+00:00,surfline_trevone_20260217_1118
-553616.5813156507,6541223.437842216,-103.07116800000048,0.38345864661654133,2026-02-17 11:18:00+00:00,surfline_trevone_20260217_1118
-553616.5353944068,6541223.031919983,-103.07116800000048,0.38596491228070173,2026-02-17 11:18:00+00:00,surfline_trevone_20260217_1118
-553616.4328560651,6541222.609467359,-103.07116800000048,0.38847117794486213,2026-02-17 11:18:00+00:00,surfline_trevone_20260217_1118
-553616.3303178423,6541222.18701462,-103.07116800000048,0.39097744360902253,2026-02-17 11:18:00+00:00,surfline_trevone_20260217_1118
-553616.2277797399,6541221.764561767,-103.07116800000048,0.39348370927318294,2026-02-17 11:18:00+00:00,surfline_trevone_20260217_1118
-553616.1252415176,6541221.342109028,-103.07116800000048,0.39598997493734334,2026-02-17 11:18:00+00:00,surfline_trevone_20260217_1118
-553616.0227031757,6541220.919656405,-103.07116800000048,0.39849624060150374,2026-02-17 11:18:00+00:00,surfline_trevone_20260217_1118
-553615.9201649013,6541220.497203715,-103.07116800000048,0.40100250626566414,2026-02-17 11:18:00+00:00,surfline_trevone_20260217_1118
-553615.8176268503,6541220.074750812,-103.07116800000048,0.40350877192982454,2026-02-17 11:18:00+00:00,surfline_trevone_20260217_1118
-553615.7150886282,6541219.652298073,-103.07116800000048,0.40601503759398494,2026-02-17 11:18:00+00:00,surfline_trevone_20260217_1118
-553615.612550286,6541219.22984545,-103.07116800000048,0.40852130325814534,2026-02-17 11:18:00+00:00,surfline_trevone_20260217_1118
-553615.5100120631,6541218.807392711,-103.07116800000048,0.41102756892230574,2026-02-17 11:18:00+00:00,surfline_trevone_20260217_1118
-553615.4074739609,6541218.384939858,-103.07116800000048,0.41353383458646614,2026-02-17 11:18:00+00:00,surfline_trevone_20260217_1118
-553615.3049356185,6541217.962487235,-103.07116800000048,0.41604010025062654,2026-02-17 11:18:00+00:00,surfline_trevone_20260217_1118
-553615.2023973955,6541217.540034494,-103.07116800000048,0.41854636591478694,2026-02-17 11:18:00+00:00,surfline_trevone_20260217_1118
-553615.0998592937,6541217.117581641,-103.07116800000048,0.42105263157894735,2026-02-17 11:18:00+00:00,surfline_trevone_20260217_1118
-553614.9973210713,6541216.695128903,-103.07116800000048,0.42355889724310775,2026-02-17 11:18:00+00:00,surfline_trevone_20260217_1118
-553614.8947827287,6541216.27267628,-103.07116800000048,0.42606516290726815,2026-02-17 11:18:00+00:00,surfline_trevone_20260217_1118
-553614.7922445057,6541215.85022354,-103.07116800000048,0.42857142857142855,2026-02-17 11:18:00+00:00,surfline_trevone_20260217_1118
-553614.6897064042,6541215.427770686,-103.07116800000048,0.43107769423558895,2026-02-17 11:18:00+00:00,surfline_trevone_20260217_1118
-553614.587168182,6541215.005317948,-103.07116800000048,0.43358395989974935,2026-02-17 11:18:00+00:00,surfline_trevone_20260217_1118
-553614.4846298391,6541214.582865325,-103.07116800000048,0.43609022556390975,2026-02-17 11:18:00+00:00,surfline_trevone_20260217_1118
-553614.7303755312,6541214.2621013215,-103.07116800000048,0.43859649122807015,2026-02-17 11:18:00+00:00,surfline_trevone_20260217_1118
-553615.4877055199,6541214.090704848,-103.07116800000048,0.44110275689223055,2026-02-17 11:18:00+00:00,surfline_trevone_20260217_1118
-553615.4736938562,6541213.69409928,-103.07116800000048,0.44360902255639095,2026-02-17 11:18:00+00:00,surfline_trevone_20260217_1118
-553615.4596824015,6541213.297493924,-103.07116800000048,0.44611528822055135,2026-02-17 11:18:00+00:00,surfline_trevone_20260217_1118
-553616.217012601,6541213.126097662,-103.07116800000048,0.44862155388471175,2026-02-17 11:18:00+00:00,surfline_trevone_20260217_1118
-553616.2335914806,6541212.73842349,-103.07116800000048,0.45112781954887216,2026-02-17 11:18:00+00:00,surfline_trevone_20260217_1118
-553616.1310532584,6541212.315970751,-103.07116800000048,0.45363408521303256,2026-02-17 11:18:00+00:00,surfline_trevone_20260217_1118
-553616.0285149158,6541211.893518128,-103.07116800000048,0.45614035087719296,2026-02-17 11:18:00+00:00,surfline_trevone_20260217_1118
-553615.9259766927,6541211.471065389,-103.07116800000048,0.45864661654135336,2026-02-17 11:18:00+00:00,surfline_trevone_20260217_1118
-553615.8234385912,6541211.048612535,-103.07116800000048,0.46115288220551376,2026-02-17 11:18:00+00:00,surfline_trevone_20260217_1118
-553615.720900369,6541210.6261597965,-103.07116800000048,0.46365914786967416,2026-02-17 11:18:00+00:00,surfline_trevone_20260217_1118
-553615.6183620262,6541210.203707174,-103.07116800000048,0.46616541353383456,2026-02-17 11:18:00+00:00,surfline_trevone_20260217_1118
-553615.5158237513,6541209.781254484,-103.07116800000048,0.46867167919799496,2026-02-17 11:18:00+00:00,surfline_trevone_20260217_1118
-553615.4132857017,6541209.35880158,-103.07116800000048,0.47117794486215536,2026-02-17 11:18:00+00:00,surfline_trevone_20260217_1118
-553615.3107473586,6541208.936348958,-103.07116800000048,0.47368421052631576,2026-02-17 11:18:00+00:00,surfline_trevone_20260217_1118
-553615.2082091355,6541208.5138962185,-103.07116800000048,0.47619047619047616,2026-02-17 11:18:00+00:00,surfline_trevone_20260217_1118
-553615.1056710345,6541208.091443364,-103.07116800000048,0.47869674185463656,2026-02-17 11:18:00+00:00,surfline_trevone_20260217_1118
-553615.0031328123,6541207.668990626,-103.07116800000048,0.48120300751879697,2026-02-17 11:18:00+00:00,surfline_trevone_20260217_1118
-553614.900594469,6541207.246538004,-103.07116800000048,0.48370927318295737,2026-02-17 11:18:00+00:00,surfline_trevone_20260217_1118
-553614.7980562459,6541206.824085264,-103.07116800000048,0.48621553884711777,2026-02-17 11:18:00+00:00,surfline_trevone_20260217_1118
-553614.6955181452,6541206.40163241,-103.07116800000048,0.48872180451127817,2026-02-17 11:18:00+00:00,surfline_trevone_20260217_1118
-553614.5929799229,6541205.979179671,-103.07116800000048,0.49122807017543857,2026-02-17 11:18:00+00:00,surfline_trevone_20260217_1118
-553614.4904415793,6541205.556727049,-103.07116800000048,0.49373433583959897,2026-02-17 11:18:00+00:00,surfline_trevone_20260217_1118
-553614.3879033562,6541205.1342743095,-103.07116800000048,0.49624060150375937,2026-02-17 11:18:00+00:00,surfline_trevone_20260217_1118
-553614.2853652557,6541204.711821455,-103.07116800000048,0.49874686716791977,2026-02-17 11:18:00+00:00,surfline_trevone_20260217_1118
-553614.1828270335,6541204.289368716,-103.07116800000048,0.5012531328320802,2026-02-17 11:18:00+00:00,surfline_trevone_20260217_1118
-553614.0802886897,6541203.866916094,-103.07116800000048,0.5037593984962405,2026-02-17 11:18:00+00:00,surfline_trevone_20260217_1118
-553613.9777504666,6541203.444463355,-103.07116800000048,0.506265664160401,2026-02-17 11:18:00+00:00,surfline_trevone_20260217_1118
-553613.9777504666,6541203.444463355,-103.07116800000048,0.5087719298245614,2026-02-17 11:18:00+00:00,surfline_trevone_20260217_1118
-553613.9777504666,6541203.444463355,-103.07116800000048,0.5112781954887218,2026-02-17 11:18:00+00:00,surfline_trevone_20260217_1118
-553613.9777504666,6541203.444463355,-103.07116800000048,0.5137844611528821,2026-02-17 11:18:00+00:00,surfline_trevone_20260217_1118
-553613.9777504666,6541203.444463355,-103.07116800000048,0.5162907268170426,2026-02-17 11:18:00+00:00,surfline_trevone_20260217_1118
-553613.9777504666,6541203.444463355,-103.07116800000048,0.518796992481203,2026-02-17 11:18:00+00:00,surfline_trevone_20260217_1118
-553613.9777504666,6541203.444463355,-103.07116800000048,0.5213032581453634,2026-02-17 11:18:00+00:00,surfline_trevone_20260217_1118
-553613.9777504666,6541203.444463355,-103.07116800000048,0.5238095238095237,2026-02-17 11:18:00+00:00,surfline_trevone_20260217_1118
-553613.9777504666,6541203.444463355,-103.07116800000048,0.5263157894736842,2026-02-17 11:18:00+00:00,surfline_trevone_20260217_1118
-553613.9777504666,6541203.444463355,-103.07116800000048,0.5288220551378446,2026-02-17 11:18:00+00:00,surfline_trevone_20260217_1118
-553613.9777504666,6541203.444463355,-103.07116800000048,0.531328320802005,2026-02-17 11:18:00+00:00,surfline_trevone_20260217_1118
-553613.9777504666,6541203.444463355,-103.07116800000048,0.5338345864661653,2026-02-17 11:18:00+00:00,surfline_trevone_20260217_1118
-553613.9777504666,6541203.444463355,-103.07116800000048,0.5363408521303258,2026-02-17 11:18:00+00:00,surfline_trevone_20260217_1118
-553613.9777504666,6541203.444463355,-103.07116800000048,0.5388471177944862,2026-02-17 11:18:00+00:00,surfline_trevone_20260217_1118
-553613.9777504666,6541203.444463355,-103.07116800000048,0.5413533834586466,2026-02-17 11:18:00+00:00,surfline_trevone_20260217_1118
-553613.9777504666,6541203.444463355,-103.07116800000048,0.5438596491228069,2026-02-17 11:18:00+00:00,surfline_trevone_20260217_1118
-553613.9777504666,6541203.444463355,-103.07116800000048,0.5463659147869674,2026-02-17 11:18:00+00:00,surfline_trevone_20260217_1118
-553613.9777504666,6541203.444463355,-103.07116800000048,0.5488721804511278,2026-02-17 11:18:00+00:00,surfline_trevone_20260217_1118
-553613.9777504666,6541203.444463355,-103.07116800000048,0.5513784461152882,2026-02-17 11:18:00+00:00,surfline_trevone_20260217_1118
-553613.9777504666,6541203.444463355,-103.07116800000048,0.5538847117794485,2026-02-17 11:18:00+00:00,surfline_trevone_20260217_1118
-553613.9777504666,6541203.444463355,-103.07116800000048,0.556390977443609,2026-02-17 11:18:00+00:00,surfline_trevone_20260217_1118
-553613.9777504666,6541203.444463355,-103.07116800000048,0.5588972431077694,2026-02-17 11:18:00+00:00,surfline_trevone_20260217_1118
-553613.9777504666,6541203.444463355,-103.07116800000048,0.5614035087719298,2026-02-17 11:18:00+00:00,surfline_trevone_20260217_1118
-553613.9777504666,6541203.444463355,-103.07116800000048,0.5639097744360901,2026-02-17 11:18:00+00:00,surfline_trevone_20260217_1118
-553613.9777504666,6541203.444463355,-103.07116800000048,0.5664160401002506,2026-02-17 11:18:00+00:00,surfline_trevone_20260217_1118
-553613.9777504666,6541203.444463355,-103.07116800000048,0.568922305764411,2026-02-17 11:18:00+00:00,surfline_trevone_20260217_1118
-553613.9777504666,6541203.444463355,-103.07116800000048,0.5714285714285714,2026-02-17 11:18:00+00:00,surfline_trevone_20260217_1118
-553613.9777504666,6541203.444463355,-103.07116800000048,0.5739348370927317,2026-02-17 11:18:00+00:00,surfline_trevone_20260217_1118
-553613.9777504666,6541203.444463355,-103.07116800000048,0.5764411027568922,2026-02-17 11:18:00+00:00,surfline_trevone_20260217_1118
-553613.9777504666,6541203.444463355,-103.07116800000048,0.5789473684210527,2026-02-17 11:18:00+00:00,surfline_trevone_20260217_1118
-553613.9777504666,6541203.444463355,-103.07116800000048,0.581453634085213,2026-02-17 11:18:00+00:00,surfline_trevone_20260217_1118
-553613.9777504666,6541203.444463355,-103.07116800000048,0.5839598997493733,2026-02-17 11:18:00+00:00,surfline_trevone_20260217_1118
-553613.9777504666,6541203.444463355,-103.07116800000048,0.5864661654135338,2026-02-17 11:18:00+00:00,surfline_trevone_20260217_1118
-553613.9777504666,6541203.444463355,-103.07116800000048,0.5889724310776943,2026-02-17 11:18:00+00:00,surfline_trevone_20260217_1118
-553613.9777504666,6541203.444463355,-103.07116800000048,0.5914786967418546,2026-02-17 11:18:00+00:00,surfline_trevone_20260217_1118
-553613.9777504666,6541203.444463355,-103.07116800000048,0.593984962406015,2026-02-17 11:18:00+00:00,surfline_trevone_20260217_1118
-553613.9777504666,6541203.444463355,-103.07116800000048,0.5964912280701754,2026-02-17 11:18:00+00:00,surfline_trevone_20260217_1118
-553613.9777504666,6541203.444463355,-103.07116800000048,0.5989974937343359,2026-02-17 11:18:00+00:00,surfline_trevone_20260217_1118
-553613.9777504666,6541203.444463355,-103.07116800000048,0.6015037593984962,2026-02-17 11:18:00+00:00,surfline_trevone_20260217_1118
-553613.9777504666,6541203.444463355,-103.07116800000048,0.6040100250626566,2026-02-17 11:18:00+00:00,surfline_trevone_20260217_1118
-553613.9777504666,6541203.444463355,-103.07116800000048,0.606516290726817,2026-02-17 11:18:00+00:00,surfline_trevone_20260217_1118
-553613.9777504666,6541203.444463355,-103.07116800000048,0.6090225563909775,2026-02-17 11:18:00+00:00,surfline_trevone_20260217_1118
-553613.9777504666,6541203.444463355,-103.07116800000048,0.6115288220551378,2026-02-17 11:18:00+00:00,surfline_trevone_20260217_1118
-553613.9777504666,6541203.444463355,-103.07116800000048,0.6140350877192982,2026-02-17 11:18:00+00:00,surfline_trevone_20260217_1118
-553613.9777504666,6541203.444463355,-103.07116800000048,0.6165413533834586,2026-02-17 11:18:00+00:00,surfline_trevone_20260217_1118
-553613.9777504666,6541203.444463355,-103.07116800000048,0.6190476190476191,2026-02-17 11:18:00+00:00,surfline_trevone_20260217_1118
-553613.9777504666,6541203.444463355,-103.07116800000048,0.6215538847117794,2026-02-17 11:18:00+00:00,surfline_trevone_20260217_1118
-553613.9777504666,6541203.444463355,-103.07116800000048,0.6240601503759398,2026-02-17 11:18:00+00:00,surfline_trevone_20260217_1118
-553613.9777504666,6541203.444463355,-103.07116800000048,0.6265664160401002,2026-02-17 11:18:00+00:00,surfline_trevone_20260217_1118
-553613.9777504666,6541203.444463355,-103.07116800000048,0.6290726817042607,2026-02-17 11:18:00+00:00,surfline_trevone_20260217_1118
-553613.9777504666,6541203.444463355,-103.07116800000048,0.631578947368421,2026-02-17 11:18:00+00:00,surfline_trevone_20260217_1118
-553613.9777504666,6541203.444463355,-103.07116800000048,0.6340852130325814,2026-02-17 11:18:00+00:00,surfline_trevone_20260217_1118
-553613.9777504666,6541203.444463355,-103.07116800000048,0.6365914786967418,2026-02-17 11:18:00+00:00,surfline_trevone_20260217_1118
-553613.9777504666,6541203.444463355,-103.07116800000048,0.6390977443609023,2026-02-17 11:18:00+00:00,surfline_trevone_20260217_1118
-553613.9777504666,6541203.444463355,-103.07116800000048,0.6416040100250626,2026-02-17 11:18:00+00:00,surfline_trevone_20260217_1118
-553613.9777504666,6541203.444463355,-103.07116800000048,0.644110275689223,2026-02-17 11:18:00+00:00,surfline_trevone_20260217_1118
-553613.9777504666,6541203.444463355,-103.07116800000048,0.6466165413533834,2026-02-17 11:18:00+00:00,surfline_trevone_20260217_1118
-553613.9777504666,6541203.444463355,-103.07116800000048,0.6491228070175439,2026-02-17 11:18:00+00:00,surfline_trevone_20260217_1118
-553613.9777504666,6541203.444463355,-103.07116800000048,0.6516290726817042,2026-02-17 11:18:00+00:00,surfline_trevone_20260217_1118
-553613.9777504666,6541203.444463355,-103.07116800000048,0.6541353383458646,2026-02-17 11:18:00+00:00,surfline_trevone_20260217_1118
-553613.9777504666,6541203.444463355,-103.07116800000048,0.656641604010025,2026-02-17 11:18:00+00:00,surfline_trevone_20260217_1118
-553613.9777504666,6541203.444463355,-103.07116800000048,0.6591478696741855,2026-02-17 11:18:00+00:00,surfline_trevone_20260217_1118
-553613.9777504666,6541203.444463355,-103.07116800000048,0.6616541353383458,2026-02-17 11:18:00+00:00,surfline_trevone_20260217_1118
-553613.9777504666,6541203.444463355,-103.07116800000048,0.6641604010025062,2026-02-17 11:18:00+00:00,surfline_trevone_20260217_1118
-553613.9777504666,6541203.444463355,-103.07116800000048,0.6666666666666666,2026-02-17 11:18:00+00:00,surfline_trevone_20260217_1118
-553613.9777504666,6541203.444463355,-103.07116800000048,0.6691729323308271,2026-02-17 11:18:00+00:00,surfline_trevone_20260217_1118
-553613.9777504666,6541203.444463355,-103.07116800000048,0.6716791979949874,2026-02-17 11:18:00+00:00,surfline_trevone_20260217_1118
-553613.9777504666,6541203.444463355,-103.07116800000048,0.6741854636591478,2026-02-17 11:18:00+00:00,surfline_trevone_20260217_1118
-553613.9777504666,6541203.444463355,-103.07116800000048,0.6766917293233082,2026-02-17 11:18:00+00:00,surfline_trevone_20260217_1118
-553613.9777504666,6541203.444463355,-103.07116800000048,0.6791979949874687,2026-02-17 11:18:00+00:00,surfline_trevone_20260217_1118
-553613.9777504666,6541203.444463355,-103.07116800000048,0.681704260651629,2026-02-17 11:18:00+00:00,surfline_trevone_20260217_1118
-553613.9777504666,6541203.444463355,-103.07116800000048,0.6842105263157894,2026-02-17 11:18:00+00:00,surfline_trevone_20260217_1118
-553613.9777504666,6541203.444463355,-103.07116800000048,0.6867167919799498,2026-02-17 11:18:00+00:00,surfline_trevone_20260217_1118
-553613.9777504666,6541203.444463355,-103.07116800000048,0.6892230576441103,2026-02-17 11:18:00+00:00,surfline_trevone_20260217_1118
-553613.9777504666,6541203.444463355,-103.07116800000048,0.6917293233082706,2026-02-17 11:18:00+00:00,surfline_trevone_20260217_1118
-553613.9777504666,6541203.444463355,-103.07116800000048,0.694235588972431,2026-02-17 11:18:00+00:00,surfline_trevone_20260217_1118
-553613.9777504666,6541203.444463355,-103.07116800000048,0.6967418546365914,2026-02-17 11:18:00+00:00,surfline_trevone_20260217_1118
-553613.9777504666,6541203.444463355,-103.07116800000048,0.6992481203007519,2026-02-17 11:18:00+00:00,surfline_trevone_20260217_1118
-553613.9777504666,6541203.444463355,-103.07116800000048,0.7017543859649122,2026-02-17 11:18:00+00:00,surfline_trevone_20260217_1118
-553613.9777504666,6541203.444463355,-103.07116800000048,0.7042606516290726,2026-02-17 11:18:00+00:00,surfline_trevone_20260217_1118
-553613.9777504666,6541203.444463355,-103.07116800000048,0.706766917293233,2026-02-17 11:18:00+00:00,surfline_trevone_20260217_1118
-553613.9777504666,6541203.444463355,-103.07116800000048,0.7092731829573935,2026-02-17 11:18:00+00:00,surfline_trevone_20260217_1118
-553613.9777504666,6541203.444463355,-103.07116800000048,0.7117794486215538,2026-02-17 11:18:00+00:00,surfline_trevone_20260217_1118
-553613.9777504666,6541203.444463355,-103.07116800000048,0.7142857142857142,2026-02-17 11:18:00+00:00,surfline_trevone_20260217_1118
-553613.9777504666,6541203.444463355,-103.07116800000048,0.7167919799498746,2026-02-17 11:18:00+00:00,surfline_trevone_20260217_1118
-553613.9777504666,6541203.444463355,-103.07116800000048,0.7192982456140351,2026-02-17 11:18:00+00:00,surfline_trevone_20260217_1118
-553613.9777504666,6541203.444463355,-103.07116800000048,0.7218045112781954,2026-02-17 11:18:00+00:00,surfline_trevone_20260217_1118
-553613.9777504666,6541203.444463355,-103.07116800000048,0.7243107769423558,2026-02-17 11:18:00+00:00,surfline_trevone_20260217_1118
-553613.9777504666,6541203.444463355,-103.07116800000048,0.7268170426065163,2026-02-17 11:18:00+00:00,surfline_trevone_20260217_1118
-553613.9777504666,6541203.444463355,-103.07116800000048,0.7293233082706767,2026-02-17 11:18:00+00:00,surfline_trevone_20260217_1118
-553613.9777504666,6541203.444463355,-103.07116800000048,0.731829573934837,2026-02-17 11:18:00+00:00,surfline_trevone_20260217_1118
-553613.9777504666,6541203.444463355,-103.07116800000048,0.7343358395989974,2026-02-17 11:18:00+00:00,surfline_trevone_20260217_1118
-553613.9777504666,6541203.444463355,-103.07116800000048,0.7368421052631579,2026-02-17 11:18:00+00:00,surfline_trevone_20260217_1118
-553613.9777504666,6541203.444463355,-103.07116800000048,0.7393483709273183,2026-02-17 11:18:00+00:00,surfline_trevone_20260217_1118
-553613.9777504666,6541203.444463355,-103.07116800000048,0.7418546365914787,2026-02-17 11:18:00+00:00,surfline_trevone_20260217_1118
-553613.9777504666,6541203.444463355,-103.07116800000048,0.744360902255639,2026-02-17 11:18:00+00:00,surfline_trevone_20260217_1118
-553613.9777504666,6541203.444463355,-103.07116800000048,0.7468671679197995,2026-02-17 11:18:00+00:00,surfline_trevone_20260217_1118
-553613.9777504666,6541203.444463355,-103.07116800000048,0.7493734335839599,2026-02-17 11:18:00+00:00,surfline_trevone_20260217_1118
-553613.9777504666,6541203.444463355,-103.07116800000048,0.7518796992481203,2026-02-17 11:18:00+00:00,surfline_trevone_20260217_1118
-553613.9777504666,6541203.444463355,-103.07116800000048,0.7543859649122806,2026-02-17 11:18:00+00:00,surfline_trevone_20260217_1118
-553613.9777504666,6541203.444463355,-103.07116800000048,0.7568922305764411,2026-02-17 11:18:00+00:00,surfline_trevone_20260217_1118
-553613.9777504666,6541203.444463355,-103.07116800000048,0.7593984962406015,2026-02-17 11:18:00+00:00,surfline_trevone_20260217_1118
-553613.9777504666,6541203.444463355,-103.07116800000048,0.7619047619047619,2026-02-17 11:18:00+00:00,surfline_trevone_20260217_1118
-553613.9777504666,6541203.444463355,-103.07116800000048,0.7644110275689222,2026-02-17 11:18:00+00:00,surfline_trevone_20260217_1118
-553613.9777504666,6541203.444463355,-103.07116800000048,0.7669172932330827,2026-02-17 11:18:00+00:00,surfline_trevone_20260217_1118
-553613.9777504666,6541203.444463355,-103.07116800000048,0.7694235588972431,2026-02-17 11:18:00+00:00,surfline_trevone_20260217_1118
-553613.9777504666,6541203.444463355,-103.07116800000048,0.7719298245614035,2026-02-17 11:18:00+00:00,surfline_trevone_20260217_1118
-553613.9777504666,6541203.444463355,-103.07116800000048,0.7744360902255638,2026-02-17 11:18:00+00:00,surfline_trevone_20260217_1118
-553613.9777504666,6541203.444463355,-103.07116800000048,0.7769423558897243,2026-02-17 11:18:00+00:00,surfline_trevone_20260217_1118
-553613.9777504666,6541203.444463355,-103.07116800000048,0.7794486215538847,2026-02-17 11:18:00+00:00,surfline_trevone_20260217_1118
-553613.9777504666,6541203.444463355,-103.07116800000048,0.7819548872180451,2026-02-17 11:18:00+00:00,surfline_trevone_20260217_1118
-553613.9777504666,6541203.444463355,-103.07116800000048,0.7844611528822054,2026-02-17 11:18:00+00:00,surfline_trevone_20260217_1118
-553613.9777504666,6541203.444463355,-103.07116800000048,0.7869674185463659,2026-02-17 11:18:00+00:00,surfline_trevone_20260217_1118
-553613.9777504666,6541203.444463355,-103.07116800000048,0.7894736842105263,2026-02-17 11:18:00+00:00,surfline_trevone_20260217_1118
-553613.9777504666,6541203.444463355,-103.07116800000048,0.7919799498746867,2026-02-17 11:18:00+00:00,surfline_trevone_20260217_1118
-553613.9777504666,6541203.444463355,-103.07116800000048,0.794486215538847,2026-02-17 11:18:00+00:00,surfline_trevone_20260217_1118
-553613.9777504666,6541203.444463355,-103.07116800000048,0.7969924812030075,2026-02-17 11:18:00+00:00,surfline_trevone_20260217_1118
-553613.9777504666,6541203.444463355,-103.07116800000048,0.7994987468671679,2026-02-17 11:18:00+00:00,surfline_trevone_20260217_1118
-553613.9777504666,6541203.444463355,-103.07116800000048,0.8020050125313283,2026-02-17 11:18:00+00:00,surfline_trevone_20260217_1118
-553613.9777504666,6541203.444463355,-103.07116800000048,0.8045112781954886,2026-02-17 11:18:00+00:00,surfline_trevone_20260217_1118
-553613.9777504666,6541203.444463355,-103.07116800000048,0.8070175438596491,2026-02-17 11:18:00+00:00,surfline_trevone_20260217_1118
-553613.9777504666,6541203.444463355,-103.07116800000048,0.8095238095238095,2026-02-17 11:18:00+00:00,surfline_trevone_20260217_1118
-553613.9777504666,6541203.444463355,-103.07116800000048,0.8120300751879699,2026-02-17 11:18:00+00:00,surfline_trevone_20260217_1118
-553613.9777504666,6541203.444463355,-103.07116800000048,0.8145363408521302,2026-02-17 11:18:00+00:00,surfline_trevone_20260217_1118
-553613.9777504666,6541203.444463355,-103.07116800000048,0.8170426065162907,2026-02-17 11:18:00+00:00,surfline_trevone_20260217_1118
-553613.9777504666,6541203.444463355,-103.07116800000048,0.8195488721804511,2026-02-17 11:18:00+00:00,surfline_trevone_20260217_1118
-553613.9777504666,6541203.444463355,-103.07116800000048,0.8220551378446115,2026-02-17 11:18:00+00:00,surfline_trevone_20260217_1118
-553613.9777504666,6541203.444463355,-103.07116800000048,0.8245614035087718,2026-02-17 11:18:00+00:00,surfline_trevone_20260217_1118
-553613.9777504666,6541203.444463355,-103.07116800000048,0.8270676691729323,2026-02-17 11:18:00+00:00,surfline_trevone_20260217_1118
-553613.9777504666,6541203.444463355,-103.07116800000048,0.8295739348370927,2026-02-17 11:18:00+00:00,surfline_trevone_20260217_1118
-553613.9777504666,6541203.444463355,-103.07116800000048,0.8320802005012531,2026-02-17 11:18:00+00:00,surfline_trevone_20260217_1118
-553613.9777504666,6541203.444463355,-103.07116800000048,0.8345864661654134,2026-02-17 11:18:00+00:00,surfline_trevone_20260217_1118
-553613.9777504666,6541203.444463355,-103.07116800000048,0.8370927318295739,2026-02-17 11:18:00+00:00,surfline_trevone_20260217_1118
-553613.9777504666,6541203.444463355,-103.07116800000048,0.8395989974937343,2026-02-17 11:18:00+00:00,surfline_trevone_20260217_1118
-553613.9777504666,6541203.444463355,-103.07116800000048,0.8421052631578947,2026-02-17 11:18:00+00:00,surfline_trevone_20260217_1118
-553613.9777504666,6541203.444463355,-103.07116800000048,0.844611528822055,2026-02-17 11:18:00+00:00,surfline_trevone_20260217_1118
-553613.9777504666,6541203.444463355,-103.07116800000048,0.8471177944862155,2026-02-17 11:18:00+00:00,surfline_trevone_20260217_1118
-553613.9777504666,6541203.444463355,-103.07116800000048,0.849624060150376,2026-02-17 11:18:00+00:00,surfline_trevone_20260217_1118
-553613.9777504666,6541203.444463355,-103.07116800000048,0.8521303258145363,2026-02-17 11:18:00+00:00,surfline_trevone_20260217_1118
-553613.9777504666,6541203.444463355,-103.07116800000048,0.8546365914786966,2026-02-17 11:18:00+00:00,surfline_trevone_20260217_1118
-553613.9777504666,6541203.444463355,-103.07116800000048,0.8571428571428571,2026-02-17 11:18:00+00:00,surfline_trevone_20260217_1118
-553613.9777504666,6541203.444463355,-103.07116800000048,0.8596491228070176,2026-02-17 11:18:00+00:00,surfline_trevone_20260217_1118
-553613.9777504666,6541203.444463355,-103.07116800000048,0.8621553884711779,2026-02-17 11:18:00+00:00,surfline_trevone_20260217_1118
-553613.9777504666,6541203.444463355,-103.07116800000048,0.8646616541353382,2026-02-17 11:18:00+00:00,surfline_trevone_20260217_1118
-553613.9777504666,6541203.444463355,-103.07116800000048,0.8671679197994987,2026-02-17 11:18:00+00:00,surfline_trevone_20260217_1118
-553613.9777504666,6541203.444463355,-103.07116800000048,0.8696741854636592,2026-02-17 11:18:00+00:00,surfline_trevone_20260217_1118
-553613.9777504666,6541203.444463355,-103.07116800000048,0.8721804511278195,2026-02-17 11:18:00+00:00,surfline_trevone_20260217_1118
-553613.9777504666,6541203.444463355,-103.07116800000048,0.8746867167919798,2026-02-17 11:18:00+00:00,surfline_trevone_20260217_1118
-553613.9777504666,6541203.444463355,-103.07116800000048,0.8771929824561403,2026-02-17 11:18:00+00:00,surfline_trevone_20260217_1118
-553613.9777504666,6541203.444463355,-103.07116800000048,0.8796992481203008,2026-02-17 11:18:00+00:00,surfline_trevone_20260217_1118
-553613.9777504666,6541203.444463355,-103.07116800000048,0.8822055137844611,2026-02-17 11:18:00+00:00,surfline_trevone_20260217_1118
-553613.9777504666,6541203.444463355,-103.07116800000048,0.8847117794486214,2026-02-17 11:18:00+00:00,surfline_trevone_20260217_1118
-553613.9777504666,6541203.444463355,-103.07116800000048,0.8872180451127819,2026-02-17 11:18:00+00:00,surfline_trevone_20260217_1118
-553613.9777504666,6541203.444463355,-103.07116800000048,0.8897243107769424,2026-02-17 11:18:00+00:00,surfline_trevone_20260217_1118
-553613.9777504666,6541203.444463355,-103.07116800000048,0.8922305764411027,2026-02-17 11:18:00+00:00,surfline_trevone_20260217_1118
-553613.9777504666,6541203.444463355,-103.07116800000048,0.894736842105263,2026-02-17 11:18:00+00:00,surfline_trevone_20260217_1118
-553613.9777504666,6541203.444463355,-103.07116800000048,0.8972431077694235,2026-02-17 11:18:00+00:00,surfline_trevone_20260217_1118
-553613.9777504666,6541203.444463355,-103.07116800000048,0.899749373433584,2026-02-17 11:18:00+00:00,surfline_trevone_20260217_1118
-553613.9777504666,6541203.444463355,-103.07116800000048,0.9022556390977443,2026-02-17 11:18:00+00:00,surfline_trevone_20260217_1118
-553613.9777504666,6541203.444463355,-103.07116800000048,0.9047619047619047,2026-02-17 11:18:00+00:00,surfline_trevone_20260217_1118
-553613.9777504666,6541203.444463355,-103.07116800000048,0.9072681704260651,2026-02-17 11:18:00+00:00,surfline_trevone_20260217_1118
-553613.9777504666,6541203.444463355,-103.07116800000048,0.9097744360902256,2026-02-17 11:18:00+00:00,surfline_trevone_20260217_1118
-553613.9777504666,6541203.444463355,-103.07116800000048,0.9122807017543859,2026-02-17 11:18:00+00:00,surfline_trevone_20260217_1118
-553613.9777504666,6541203.444463355,-103.07116800000048,0.9147869674185463,2026-02-17 11:18:00+00:00,surfline_trevone_20260217_1118
-553613.9777504666,6541203.444463355,-103.07116800000048,0.9172932330827067,2026-02-17 11:18:00+00:00,surfline_trevone_20260217_1118
-553613.9777504666,6541203.444463355,-103.07116800000048,0.9197994987468672,2026-02-17 11:18:00+00:00,surfline_trevone_20260217_1118
-553613.9777504666,6541203.444463355,-103.07116800000048,0.9223057644110275,2026-02-17 11:18:00+00:00,surfline_trevone_20260217_1118
-553613.9777504666,6541203.444463355,-103.07116800000048,0.9248120300751879,2026-02-17 11:18:00+00:00,surfline_trevone_20260217_1118
-553613.9777504666,6541203.444463355,-103.07116800000048,0.9273182957393483,2026-02-17 11:18:00+00:00,surfline_trevone_20260217_1118
-553613.9777504666,6541203.444463355,-103.07116800000048,0.9298245614035088,2026-02-17 11:18:00+00:00,surfline_trevone_20260217_1118
-553613.9777504666,6541203.444463355,-103.07116800000048,0.9323308270676691,2026-02-17 11:18:00+00:00,surfline_trevone_20260217_1118
-553613.9777504666,6541203.444463355,-103.07116800000048,0.9348370927318295,2026-02-17 11:18:00+00:00,surfline_trevone_20260217_1118
-553613.9777504666,6541203.444463355,-103.07116800000048,0.9373433583959899,2026-02-17 11:18:00+00:00,surfline_trevone_20260217_1118
-553613.9777504666,6541203.444463355,-103.07116800000048,0.9398496240601504,2026-02-17 11:18:00+00:00,surfline_trevone_20260217_1118
-553613.9777504666,6541203.444463355,-103.07116800000048,0.9423558897243107,2026-02-17 11:18:00+00:00,surfline_trevone_20260217_1118
-553613.9777504666,6541203.444463355,-103.07116800000048,0.9448621553884711,2026-02-17 11:18:00+00:00,surfline_trevone_20260217_1118
-553613.9777504666,6541203.444463355,-103.07116800000048,0.9473684210526315,2026-02-17 11:18:00+00:00,surfline_trevone_20260217_1118
-553613.9777504666,6541203.444463355,-103.07116800000048,0.949874686716792,2026-02-17 11:18:00+00:00,surfline_trevone_20260217_1118
-553613.9777504666,6541203.444463355,-103.07116800000048,0.9523809523809523,2026-02-17 11:18:00+00:00,surfline_trevone_20260217_1118
-553613.9777504666,6541203.444463355,-103.07116800000048,0.9548872180451127,2026-02-17 11:18:00+00:00,surfline_trevone_20260217_1118
-553613.9777504666,6541203.444463355,-103.07116800000048,0.9573934837092731,2026-02-17 11:18:00+00:00,surfline_trevone_20260217_1118
-553613.9777504666,6541203.444463355,-103.07116800000048,0.9598997493734336,2026-02-17 11:18:00+00:00,surfline_trevone_20260217_1118
-553613.9777504666,6541203.444463355,-103.07116800000048,0.9624060150375939,2026-02-17 11:18:00+00:00,surfline_trevone_20260217_1118
-553613.9777504666,6541203.444463355,-103.07116800000048,0.9649122807017543,2026-02-17 11:18:00+00:00,surfline_trevone_20260217_1118
-553613.9777504666,6541203.444463355,-103.07116800000048,0.9674185463659147,2026-02-17 11:18:00+00:00,surfline_trevone_20260217_1118
-553613.9777504666,6541203.444463355,-103.07116800000048,0.9699248120300752,2026-02-17 11:18:00+00:00,surfline_trevone_20260217_1118
-553613.9777504666,6541203.444463355,-103.07116800000048,0.9724310776942355,2026-02-17 11:18:00+00:00,surfline_trevone_20260217_1118
-553613.9777504666,6541203.444463355,-103.07116800000048,0.9749373433583959,2026-02-17 11:18:00+00:00,surfline_trevone_20260217_1118
-553613.9777504666,6541203.444463355,-103.07116800000048,0.9774436090225563,2026-02-17 11:18:00+00:00,surfline_trevone_20260217_1118
-553613.9777504666,6541203.444463355,-103.07116800000048,0.9799498746867168,2026-02-17 11:18:00+00:00,surfline_trevone_20260217_1118
-553613.9777504666,6541203.444463355,-103.07116800000048,0.9824561403508771,2026-02-17 11:18:00+00:00,surfline_trevone_20260217_1118
-553613.9777504666,6541203.444463355,-103.07116800000048,0.9849624060150375,2026-02-17 11:18:00+00:00,surfline_trevone_20260217_1118
-553613.9777504666,6541203.444463355,-103.07116800000048,0.9874686716791979,2026-02-17 11:18:00+00:00,surfline_trevone_20260217_1118
-553613.9777504666,6541203.444463355,-103.07116800000048,0.9899749373433584,2026-02-17 11:18:00+00:00,surfline_trevone_20260217_1118
-553613.9777504666,6541203.444463355,-103.07116800000048,0.9924812030075187,2026-02-17 11:18:00+00:00,surfline_trevone_20260217_1118
-553613.9777504666,6541203.444463355,-103.07116800000048,0.9949874686716791,2026-02-17 11:18:00+00:00,surfline_trevone_20260217_1118
-553613.9777504666,6541203.444463355,-103.07116800000048,0.9974937343358395,2026-02-17 11:18:00+00:00,surfline_trevone_20260217_1118
-553613.9777504666,6541203.444463355,-103.07116800000048,1.0,2026-02-17 11:18:00+00:00,surfline_trevone_20260217_1118
-553596.8634177635,6541277.735521092,-103.31622720000047,0.0,2026-02-17 12:25:00+00:00,surfline_trevone_20260217_1225
-553597.1135165999,6541277.416028167,-103.31622720000047,0.002506265664160401,2026-02-17 12:25:00+00:00,surfline_trevone_20260217_1225
-553597.8708467996,6541277.244631905,-103.31622720000047,0.005012531328320802,2026-02-17 12:25:00+00:00,surfline_trevone_20260217_1225
-553598.6281767887,6541277.073235432,-103.31622720000047,0.007518796992481203,2026-02-17 12:25:00+00:00,surfline_trevone_20260217_1225
-553598.8174557814,6541276.735984801,-103.31622720000047,0.010025062656641603,2026-02-17 12:25:00+00:00,surfline_trevone_20260217_1225
-553598.714917439,6541276.313532178,-103.31622720000047,0.012531328320802004,2026-02-17 12:25:00+00:00,surfline_trevone_20260217_1225
-553599.3574838695,6541276.108628246,-103.31622720000047,0.015037593984962405,2026-02-17 12:25:00+00:00,surfline_trevone_20260217_1225
-553600.1148138591,6541275.9372317735,-103.31622720000047,0.017543859649122806,2026-02-17 12:25:00+00:00,surfline_trevone_20260217_1225
-553600.7714937476,6541275.73644856,-103.31622720000047,0.020050125313283207,2026-02-17 12:25:00+00:00,surfline_trevone_20260217_1225
-553600.6689554058,6541275.313995936,-103.31622720000047,0.022556390977443608,2026-02-17 12:25:00+00:00,surfline_trevone_20260217_1225
-553600.5664171829,6541274.8915431965,-103.31622720000047,0.02506265664160401,2026-02-17 12:25:00+00:00,surfline_trevone_20260217_1225
-553600.4638790804,6541274.469090343,-103.31622720000047,0.02756892230576441,2026-02-17 12:25:00+00:00,surfline_trevone_20260217_1225
-553600.3613408584,6541274.046637605,-103.31622720000047,0.03007518796992481,2026-02-17 12:25:00+00:00,surfline_trevone_20260217_1225
-553600.2588025162,6541273.624184982,-103.31622720000047,0.03258145363408521,2026-02-17 12:25:00+00:00,surfline_trevone_20260217_1225
-553600.1562642934,6541273.2017322425,-103.31622720000047,0.03508771929824561,2026-02-17 12:25:00+00:00,surfline_trevone_20260217_1225
-553600.3883914801,6541272.876991884,-103.31622720000047,0.03759398496240601,2026-02-17 12:25:00+00:00,surfline_trevone_20260217_1225
-553601.1457216789,6541272.705595623,-103.31622720000047,0.040100250626566414,2026-02-17 12:25:00+00:00,surfline_trevone_20260217_1225
-553601.9030520855,6541272.534199571,-103.31622720000047,0.042606516290726815,2026-02-17 12:25:00+00:00,surfline_trevone_20260217_1225
-553602.1103022599,6541272.202196,-103.31622720000047,0.045112781954887216,2026-02-17 12:25:00+00:00,surfline_trevone_20260217_1225
-553602.0077641573,6541271.779743147,-103.31622720000047,0.047619047619047616,2026-02-17 12:25:00+00:00,surfline_trevone_20260217_1225
-553601.9052259353,6541271.3572904095,-103.31622720000047,0.05012531328320802,2026-02-17 12:25:00+00:00,surfline_trevone_20260217_1225
-553601.8026875933,6541270.934837786,-103.31622720000047,0.05263157894736842,2026-02-17 12:25:00+00:00,surfline_trevone_20260217_1225
-553601.7001493704,6541270.512385046,-103.31622720000047,0.05513784461152882,2026-02-17 12:25:00+00:00,surfline_trevone_20260217_1225
-553601.8189818951,6541270.154565954,-103.31622720000047,0.05764411027568922,2026-02-17 12:25:00+00:00,surfline_trevone_20260217_1225
-553602.5763123021,6541269.983169903,-103.31622720000047,0.06015037593984962,2026-02-17 12:25:00+00:00,surfline_trevone_20260217_1225
-553603.3336425016,6541269.811773641,-103.31622720000047,0.06265664160401002,2026-02-17 12:25:00+00:00,surfline_trevone_20260217_1225
-553603.6541874562,6541269.51284869,-103.31622720000047,0.06516290726817042,2026-02-17 12:25:00+00:00,surfline_trevone_20260217_1225
-553603.5516491829,6541269.090396,-103.31622720000047,0.06766917293233082,2026-02-17 12:25:00+00:00,surfline_trevone_20260217_1225
-553603.4491108924,6541268.667943328,-103.31622720000047,0.07017543859649122,2026-02-17 12:25:00+00:00,surfline_trevone_20260217_1225
-553603.3465726695,6541268.245490588,-103.31622720000047,0.07268170426065163,2026-02-17 12:25:00+00:00,surfline_trevone_20260217_1225
-553603.2440345668,6541267.823037735,-103.31622720000047,0.07518796992481203,2026-02-17 12:25:00+00:00,surfline_trevone_20260217_1225
-553603.1414963448,6541267.400584997,-103.31622720000047,0.07769423558897243,2026-02-17 12:25:00+00:00,surfline_trevone_20260217_1225
-553603.0389580029,6541266.978132373,-103.31622720000047,0.08020050125313283,2026-02-17 12:25:00+00:00,surfline_trevone_20260217_1225
-553603.6072201229,6541266.751533751,-103.31622720000047,0.08270676691729323,2026-02-17 12:25:00+00:00,surfline_trevone_20260217_1225
-553604.3645501133,6541266.58013728,-103.31622720000047,0.08521303258145363,2026-02-17 12:25:00+00:00,surfline_trevone_20260217_1225
-553605.0955343109,6541266.401048755,-103.31622720000047,0.08771929824561403,2026-02-17 12:25:00+00:00,surfline_trevone_20260217_1225
-553604.9929959694,6541265.978596131,-103.31622720000047,0.09022556390977443,2026-02-17 12:25:00+00:00,surfline_trevone_20260217_1225
-553604.8904577467,6541265.556143392,-103.31622720000047,0.09273182957393483,2026-02-17 12:25:00+00:00,surfline_trevone_20260217_1225
-553604.7879196439,6541265.133690539,-103.31622720000047,0.09523809523809523,2026-02-17 12:25:00+00:00,surfline_trevone_20260217_1225
-553604.6853814218,6541264.7112378,-103.31622720000047,0.09774436090225563,2026-02-17 12:25:00+00:00,surfline_trevone_20260217_1225
-553604.58284308,6541264.288785176,-103.31622720000047,0.10025062656641603,2026-02-17 12:25:00+00:00,surfline_trevone_20260217_1225
-553604.652139606,6541263.916503168,-103.31622720000047,0.10275689223057644,2026-02-17 12:25:00+00:00,surfline_trevone_20260217_1225
-553605.4094695965,6541263.745106696,-103.31622720000047,0.10526315789473684,2026-02-17 12:25:00+00:00,surfline_trevone_20260217_1225
-553606.1667997952,6541263.573710435,-103.31622720000047,0.10776942355889724,2026-02-17 12:25:00+00:00,surfline_trevone_20260217_1225
-553606.5368810465,6541263.289248935,-103.31622720000047,0.11027568922305764,2026-02-17 12:25:00+00:00,surfline_trevone_20260217_1225
-553606.4343428237,6541262.866796196,-103.31622720000047,0.11278195488721804,2026-02-17 12:25:00+00:00,surfline_trevone_20260217_1225
-553606.3318047206,6541262.444343342,-103.31622720000047,0.11528822055137844,2026-02-17 12:25:00+00:00,surfline_trevone_20260217_1225
-553606.2292663796,6541262.021890719,-103.31622720000047,0.11779448621553884,2026-02-17 12:25:00+00:00,surfline_trevone_20260217_1225
-553606.8680835471,6541261.815892111,-103.31622720000047,0.12030075187969924,2026-02-17 12:25:00+00:00,surfline_trevone_20260217_1225
-553607.6254135387,6541261.64449564,-103.31622720000047,0.12280701754385964,2026-02-17 12:25:00+00:00,surfline_trevone_20260217_1225
-553608.2858426869,6541261.444807101,-103.31622720000047,0.12531328320802004,2026-02-17 12:25:00+00:00,surfline_trevone_20260217_1225
-553608.1833043462,6541261.022354477,-103.31622720000047,0.12781954887218044,2026-02-17 12:25:00+00:00,surfline_trevone_20260217_1225
-553608.0807661231,6541260.599901738,-103.31622720000047,0.13032581453634084,2026-02-17 12:25:00+00:00,surfline_trevone_20260217_1225
-553607.97822802,6541260.177448885,-103.31622720000047,0.13283208020050125,2026-02-17 12:25:00+00:00,surfline_trevone_20260217_1225
-553607.8756897468,6541259.754996195,-103.31622720000047,0.13533834586466165,2026-02-17 12:25:00+00:00,surfline_trevone_20260217_1225
-553607.7731514565,6541259.332543522,-103.31622720000047,0.13784461152882205,2026-02-17 12:25:00+00:00,surfline_trevone_20260217_1225
-553607.6706132337,6541258.910090783,-103.31622720000047,0.14035087719298245,2026-02-17 12:25:00+00:00,surfline_trevone_20260217_1225
-553607.8989911594,6541258.58425575,-103.31622720000047,0.14285714285714285,2026-02-17 12:25:00+00:00,surfline_trevone_20260217_1225
-553608.6563213583,6541258.412859489,-103.31622720000047,0.14536340852130325,2026-02-17 12:25:00+00:00,surfline_trevone_20260217_1225
-553609.4136517633,6541258.241463437,-103.31622720000047,0.14786967418546365,2026-02-17 12:25:00+00:00,surfline_trevone_20260217_1225
-553609.6246512001,6541257.910554541,-103.31622720000047,0.15037593984962405,2026-02-17 12:25:00+00:00,surfline_trevone_20260217_1225
-553609.5221130966,6541257.488101689,-103.31622720000047,0.15288220551378445,2026-02-17 12:25:00+00:00,surfline_trevone_20260217_1225
-553609.4195748746,6541257.065648951,-103.31622720000047,0.15538847117794485,2026-02-17 12:25:00+00:00,surfline_trevone_20260217_1225
-553609.3170365336,6541256.643196326,-103.31622720000047,0.15789473684210525,2026-02-17 12:25:00+00:00,surfline_trevone_20260217_1225
-553609.2144983108,6541256.220743586,-103.31622720000047,0.16040100250626566,2026-02-17 12:25:00+00:00,surfline_trevone_20260217_1225
-553609.7152525061,6541255.974434474,-103.31622720000047,0.16290726817042606,2026-02-17 12:25:00+00:00,surfline_trevone_20260217_1225
-553610.4725827049,6541255.8030382125,-103.31622720000047,0.16541353383458646,2026-02-17 12:25:00+00:00,surfline_trevone_20260217_1225
-553611.2299131094,6541255.63164216,-103.31622720000047,0.16791979949874686,2026-02-17 12:25:00+00:00,surfline_trevone_20260217_1225
-553611.1685362773,6541255.221207345,-103.31622720000047,0.17042606516290726,2026-02-17 12:25:00+00:00,surfline_trevone_20260217_1225
-553611.0659981734,6541254.798754493,-103.31622720000047,0.17293233082706766,2026-02-17 12:25:00+00:00,surfline_trevone_20260217_1225
-553610.963459833,6541254.376301868,-103.31622720000047,0.17543859649122806,2026-02-17 12:25:00+00:00,surfline_trevone_20260217_1225
-553610.8609216099,6541253.953849128,-103.31622720000047,0.17794486215538846,2026-02-17 12:25:00+00:00,surfline_trevone_20260217_1225
-553610.7583835066,6541253.531396276,-103.31622720000047,0.18045112781954886,2026-02-17 12:25:00+00:00,surfline_trevone_20260217_1225
-553610.7601719893,6541253.13940389,-103.31622720000047,0.18295739348370926,2026-02-17 12:25:00+00:00,surfline_trevone_20260217_1225
-553611.5175023944,6541252.968007837,-103.31622720000047,0.18546365914786966,2026-02-17 12:25:00+00:00,surfline_trevone_20260217_1225
-553612.2748325939,6541252.796611575,-103.31622720000047,0.18796992481203006,2026-02-17 12:25:00+00:00,surfline_trevone_20260217_1225
-553612.7124214725,6541252.531860035,-103.31622720000047,0.19047619047619047,2026-02-17 12:25:00+00:00,surfline_trevone_20260217_1225
-553612.6098832504,6541252.109407296,-103.31622720000047,0.19298245614035087,2026-02-17 12:25:00+00:00,surfline_trevone_20260217_1225
-553612.5073449101,6541251.686954672,-103.31622720000047,0.19548872180451127,2026-02-17 12:25:00+00:00,surfline_trevone_20260217_1225
-553612.4048066364,6541251.2645019805,-103.31622720000047,0.19799498746867167,2026-02-17 12:25:00+00:00,surfline_trevone_20260217_1225
-553612.3022685832,6541250.84204908,-103.31622720000047,0.20050125313283207,2026-02-17 12:25:00+00:00,surfline_trevone_20260217_1225
-553612.1997303612,6541250.419596341,-103.31622720000047,0.20300751879699247,2026-02-17 12:25:00+00:00,surfline_trevone_20260217_1225
-553612.0971920204,6541249.9971437175,-103.31622720000047,0.20551378446115287,2026-02-17 12:25:00+00:00,surfline_trevone_20260217_1225
-553611.9946537975,6541249.574690978,-103.31622720000047,0.20802005012531327,2026-02-17 12:25:00+00:00,surfline_trevone_20260217_1225
-553611.8921156938,6541249.152238125,-103.31622720000047,0.21052631578947367,2026-02-17 12:25:00+00:00,surfline_trevone_20260217_1225
-553611.7895774718,6541248.729785387,-103.31622720000047,0.21303258145363407,2026-02-17 12:25:00+00:00,surfline_trevone_20260217_1225
-553611.6870391307,6541248.3073327625,-103.31622720000047,0.21553884711779447,2026-02-17 12:25:00+00:00,surfline_trevone_20260217_1225
-553611.5845009079,6541247.884880023,-103.31622720000047,0.21804511278195488,2026-02-17 12:25:00+00:00,surfline_trevone_20260217_1225
-553612.0926807582,6541247.640738985,-103.31622720000047,0.22055137844611528,2026-02-17 12:25:00+00:00,surfline_trevone_20260217_1225
-553612.4643400252,6541247.35673807,-103.31622720000047,0.22305764411027568,2026-02-17 12:25:00+00:00,surfline_trevone_20260217_1225
-553613.22167043,6541247.185342018,-103.31622720000047,0.22556390977443608,2026-02-17 12:25:00+00:00,surfline_trevone_20260217_1225
-553613.5385388741,6541246.885343781,-103.31622720000047,0.22807017543859648,2026-02-17 12:25:00+00:00,surfline_trevone_20260217_1225
-553613.4360007704,6541246.46289093,-103.31622720000047,0.23057644110275688,2026-02-17 12:25:00+00:00,surfline_trevone_20260217_1225
-553613.3334624299,6541246.040438305,-103.31622720000047,0.23308270676691728,2026-02-17 12:25:00+00:00,surfline_trevone_20260217_1225
-553613.2309242067,6541245.617985565,-103.31622720000047,0.23558897243107768,2026-02-17 12:25:00+00:00,surfline_trevone_20260217_1225
-553612.7659409747,6541245.089709316,-103.31622720000047,0.23809523809523808,2026-02-17 12:25:00+00:00,surfline_trevone_20260217_1225
-553613.0258478811,6541244.773079975,-103.31622720000047,0.24060150375939848,2026-02-17 12:25:00+00:00,surfline_trevone_20260217_1225
-553612.9233095403,6541244.35062735,-103.31622720000047,0.24310776942355888,2026-02-17 12:25:00+00:00,surfline_trevone_20260217_1225
-553612.8207713172,6541243.92817461,-103.31622720000047,0.24561403508771928,2026-02-17 12:25:00+00:00,surfline_trevone_20260217_1225
-553612.718233214,6541243.505721758,-103.31622720000047,0.24812030075187969,2026-02-17 12:25:00+00:00,surfline_trevone_20260217_1225
-553612.6156949918,6541243.08326902,-103.31622720000047,0.2506265664160401,2026-02-17 12:25:00+00:00,surfline_trevone_20260217_1225
-553612.5131566507,6541242.660816396,-103.31622720000047,0.2531328320802005,2026-02-17 12:25:00+00:00,surfline_trevone_20260217_1225
-553612.4106184278,6541242.238363656,-103.31622720000047,0.2556390977443609,2026-02-17 12:25:00+00:00,surfline_trevone_20260217_1225
-553613.0395185958,6541242.029469426,-103.31622720000047,0.2581453634085213,2026-02-17 12:25:00+00:00,surfline_trevone_20260217_1225
-553613.7968487943,6541241.858073165,-103.31622720000047,0.2606516290726817,2026-02-17 12:25:00+00:00,surfline_trevone_20260217_1225
-553614.4671946171,6541241.661280153,-103.31622720000047,0.2631578947368421,2026-02-17 12:25:00+00:00,surfline_trevone_20260217_1225
-553614.3646563439,6541241.238827463,-103.31622720000047,0.2656641604010025,2026-02-17 12:25:00+00:00,surfline_trevone_20260217_1225
-553614.2621182911,6541240.816374562,-103.31622720000047,0.2681704260651629,2026-02-17 12:25:00+00:00,surfline_trevone_20260217_1225
-553614.8978149329,6541240.609464853,-103.31622720000047,0.2706766917293233,2026-02-17 12:25:00+00:00,surfline_trevone_20260217_1225
-553615.6551453375,6541240.4380688,-103.31622720000047,0.2731829573934837,2026-02-17 12:25:00+00:00,surfline_trevone_20260217_1225
-553616.3186943609,6541240.2392911725,-103.31622720000047,0.2756892230576441,2026-02-17 12:25:00+00:00,surfline_trevone_20260217_1225
-553616.2161562569,6541239.81683832,-103.31622720000047,0.2781954887218045,2026-02-17 12:25:00+00:00,surfline_trevone_20260217_1225
-553616.1136180349,6541239.394385582,-103.31622720000047,0.2807017543859649,2026-02-17 12:25:00+00:00,surfline_trevone_20260217_1225
-553616.0110796941,6541238.971932957,-103.31622720000047,0.2832080200501253,2026-02-17 12:25:00+00:00,surfline_trevone_20260217_1225
-553615.9085414713,6541238.5494802175,-103.31622720000047,0.2857142857142857,2026-02-17 12:25:00+00:00,surfline_trevone_20260217_1225
-553615.8060033676,6541238.127027365,-103.31622720000047,0.2882205513784461,2026-02-17 12:25:00+00:00,surfline_trevone_20260217_1225
-553615.7034651457,6541237.704574628,-103.31622720000047,0.2907268170426065,2026-02-17 12:25:00+00:00,surfline_trevone_20260217_1225
-553615.6009268048,6541237.282122003,-103.31622720000047,0.2932330827067669,2026-02-17 12:25:00+00:00,surfline_trevone_20260217_1225
-553615.4983885819,6541236.859669264,-103.31622720000047,0.2957393483709273,2026-02-17 12:25:00+00:00,surfline_trevone_20260217_1225
-553615.3958504783,6541236.437216411,-103.31622720000047,0.2982456140350877,2026-02-17 12:25:00+00:00,surfline_trevone_20260217_1225
-553615.2933121374,6541236.014763786,-103.31622720000047,0.3007518796992481,2026-02-17 12:25:00+00:00,surfline_trevone_20260217_1225
-553615.1907739143,6541235.592311047,-103.31622720000047,0.3032581453634085,2026-02-17 12:25:00+00:00,surfline_trevone_20260217_1225
-553615.8586644349,6541235.394800862,-103.31622720000047,0.3057644110275689,2026-02-17 12:25:00+00:00,surfline_trevone_20260217_1225
-553615.84465277,6541234.998195294,-103.31622720000047,0.3082706766917293,2026-02-17 12:25:00+00:00,surfline_trevone_20260217_1225
-553616.6019831751,6541234.826799242,-103.31622720000047,0.3107769423558897,2026-02-17 12:25:00+00:00,surfline_trevone_20260217_1225
-553616.5879715128,6541234.430193674,-103.31622720000047,0.3132832080200501,2026-02-17 12:25:00+00:00,surfline_trevone_20260217_1225
-553617.0422737772,6541234.1703219535,-103.31622720000047,0.3157894736842105,2026-02-17 12:25:00+00:00,surfline_trevone_20260217_1225
-553616.939735555,6541233.747869215,-103.31622720000047,0.3182957393483709,2026-02-17 12:25:00+00:00,surfline_trevone_20260217_1225
-553616.8371972142,6541233.32541659,-103.31622720000047,0.3208020050125313,2026-02-17 12:25:00+00:00,surfline_trevone_20260217_1225
-553616.7346589911,6541232.902963851,-103.31622720000047,0.3233082706766917,2026-02-17 12:25:00+00:00,surfline_trevone_20260217_1225
-553616.5179129865,6541232.447165625,-103.31622720000047,0.3258145363408521,2026-02-17 12:25:00+00:00,surfline_trevone_20260217_1225
-553616.5295826655,6541232.05805826,-103.31622720000047,0.3283208020050125,2026-02-17 12:25:00+00:00,surfline_trevone_20260217_1225
-553616.4270443246,6541231.635605636,-103.31622720000047,0.3308270676691729,2026-02-17 12:25:00+00:00,surfline_trevone_20260217_1225
-553616.3245060504,6541231.213152945,-103.31622720000047,0.3333333333333333,2026-02-17 12:25:00+00:00,surfline_trevone_20260217_1225
-553616.2219679982,6541230.790700044,-103.31622720000047,0.3358395989974937,2026-02-17 12:25:00+00:00,surfline_trevone_20260217_1225
-553616.1194297763,6541230.368247305,-103.31622720000047,0.3383458646616541,2026-02-17 12:25:00+00:00,surfline_trevone_20260217_1225
-553616.0168914349,6541229.945794681,-103.31622720000047,0.3408521303258145,2026-02-17 12:25:00+00:00,surfline_trevone_20260217_1225
-553615.9143532122,6541229.523341942,-103.31622720000047,0.3433583959899749,2026-02-17 12:25:00+00:00,surfline_trevone_20260217_1225
-553615.8118151092,6541229.100889089,-103.31622720000047,0.3458646616541353,2026-02-17 12:25:00+00:00,surfline_trevone_20260217_1225
-553616.0061370804,6541228.765110861,-103.31622720000047,0.3483709273182957,2026-02-17 12:25:00+00:00,surfline_trevone_20260217_1225
-553616.7634674861,6541228.593714809,-103.31622720000047,0.3508771929824561,2026-02-17 12:25:00+00:00,surfline_trevone_20260217_1225
-553616.749455824,6541228.197109241,-103.31622720000047,0.3533834586466165,2026-02-17 12:25:00+00:00,surfline_trevone_20260217_1225
-553617.5067858153,6541228.02571277,-103.31622720000047,0.3558897243107769,2026-02-17 12:25:00+00:00,surfline_trevone_20260217_1225
-553617.6633147341,6541227.678900223,-103.31622720000047,0.3583959899749373,2026-02-17 12:25:00+00:00,surfline_trevone_20260217_1225
-553617.560776511,6541227.256447484,-103.31622720000047,0.3609022556390977,2026-02-17 12:25:00+00:00,surfline_trevone_20260217_1225
-553617.4582384081,6541226.833994631,-103.31622720000047,0.3634085213032581,2026-02-17 12:25:00+00:00,surfline_trevone_20260217_1225
-553617.3557001858,6541226.411541893,-103.31622720000047,0.3659147869674185,2026-02-17 12:25:00+00:00,surfline_trevone_20260217_1225
-553617.2531618448,6541225.989089268,-103.31622720000047,0.3684210526315789,2026-02-17 12:25:00+00:00,surfline_trevone_20260217_1225
-553617.1506236217,6541225.566636529,-103.31622720000047,0.37092731829573933,2026-02-17 12:25:00+00:00,surfline_trevone_20260217_1225
-553617.0480855188,6541225.144183677,-103.31622720000047,0.37343358395989973,2026-02-17 12:25:00+00:00,surfline_trevone_20260217_1225
-553616.9455472964,6541224.721730938,-103.31622720000047,0.37593984962406013,2026-02-17 12:25:00+00:00,surfline_trevone_20260217_1225
-553616.843008955,6541224.299278314,-103.31622720000047,0.37844611528822053,2026-02-17 12:25:00+00:00,surfline_trevone_20260217_1225
-553616.740470732,6541223.876825575,-103.31622720000047,0.38095238095238093,2026-02-17 12:25:00+00:00,surfline_trevone_20260217_1225
-553616.6379326294,6541223.454372722,-103.31622720000047,0.38345864661654133,2026-02-17 12:25:00+00:00,surfline_trevone_20260217_1225
-553616.5353944072,6541223.031919983,-103.31622720000047,0.38596491228070173,2026-02-17 12:25:00+00:00,surfline_trevone_20260217_1225
-553616.938963462,6541222.757235944,-103.31622720000047,0.38847117794486213,2026-02-17 12:25:00+00:00,surfline_trevone_20260217_1225
-553617.6962936615,6541222.585839682,-103.31622720000047,0.39097744360902253,2026-02-17 12:25:00+00:00,surfline_trevone_20260217_1225
-553618.4536236527,6541222.414443212,-103.31622720000047,0.39348370927318294,2026-02-17 12:25:00+00:00,surfline_trevone_20260217_1225
-553618.4894323731,6541222.032383742,-103.31622720000047,0.39598997493734334,2026-02-17 12:25:00+00:00,surfline_trevone_20260217_1225
-553618.386894032,6541221.609931118,-103.31622720000047,0.39849624060150374,2026-02-17 12:25:00+00:00,surfline_trevone_20260217_1225
-553618.2843557578,6541221.187478427,-103.31622720000047,0.40100250626566414,2026-02-17 12:25:00+00:00,surfline_trevone_20260217_1225
-553618.1818177057,6541220.765025525,-103.31622720000047,0.40350877192982454,2026-02-17 12:25:00+00:00,surfline_trevone_20260217_1225
-553618.0792794836,6541220.342572787,-103.31622720000047,0.40601503759398494,2026-02-17 12:25:00+00:00,surfline_trevone_20260217_1225
-553617.9767411421,6541219.920120163,-103.31622720000047,0.40852130325814534,2026-02-17 12:25:00+00:00,surfline_trevone_20260217_1225
-553617.8742029192,6541219.497667423,-103.31622720000047,0.41102756892230574,2026-02-17 12:25:00+00:00,surfline_trevone_20260217_1225
-553617.7716648164,6541219.07521457,-103.31622720000047,0.41353383458646614,2026-02-17 12:25:00+00:00,surfline_trevone_20260217_1225
-553617.669126475,6541218.652761947,-103.31622720000047,0.41604010025062654,2026-02-17 12:25:00+00:00,surfline_trevone_20260217_1225
-553617.566588252,6541218.230309208,-103.31622720000047,0.41854636591478694,2026-02-17 12:25:00+00:00,surfline_trevone_20260217_1225
-553617.4640501495,6541217.807856354,-103.31622720000047,0.42105263157894735,2026-02-17 12:25:00+00:00,surfline_trevone_20260217_1225
-553617.3615119271,6541217.385403616,-103.31622720000047,0.42355889724310775,2026-02-17 12:25:00+00:00,surfline_trevone_20260217_1225
-553617.2589735852,6541216.962950992,-103.31622720000047,0.42606516290726815,2026-02-17 12:25:00+00:00,surfline_trevone_20260217_1225
-553617.1564353621,6541216.540498253,-103.31622720000047,0.42857142857142855,2026-02-17 12:25:00+00:00,surfline_trevone_20260217_1225
-553617.05389726,6541216.1180454,-103.31622720000047,0.43107769423558895,2026-02-17 12:25:00+00:00,surfline_trevone_20260217_1225
-553616.9513590378,6541215.695592661,-103.31622720000047,0.43358395989974935,2026-02-17 12:25:00+00:00,surfline_trevone_20260217_1225
-553616.8488206957,6541215.273140038,-103.31622720000047,0.43609022556390975,2026-02-17 12:25:00+00:00,surfline_trevone_20260217_1225
-553616.7462824726,6541214.850687299,-103.31622720000047,0.43859649122807015,2026-02-17 12:25:00+00:00,surfline_trevone_20260217_1225
-553617.4160601771,6541214.653728114,-103.31622720000047,0.44110275689223055,2026-02-17 12:25:00+00:00,surfline_trevone_20260217_1225
-553617.0163775817,6541214.144517894,-103.31622720000047,0.44360902255639095,2026-02-17 12:25:00+00:00,surfline_trevone_20260217_1225
-553617.7737079894,6541213.973121843,-103.31622720000047,0.44611528822055135,2026-02-17 12:25:00+00:00,surfline_trevone_20260217_1225
-553618.1453672573,6541213.689120928,-103.31622720000047,0.44862155388471175,2026-02-17 12:25:00+00:00,surfline_trevone_20260217_1225
-553617.3600135219,6541213.067305843,-103.31622720000047,0.45112781954887216,2026-02-17 12:25:00+00:00,surfline_trevone_20260217_1225
-553618.1173437204,6541212.895909581,-103.31622720000047,0.45363408521303256,2026-02-17 12:25:00+00:00,surfline_trevone_20260217_1225
-553618.3927057721,6541212.583792841,-103.31622720000047,0.45614035087719296,2026-02-17 12:25:00+00:00,surfline_trevone_20260217_1225
-553618.290167549,6541212.161340102,-103.31622720000047,0.45864661654135336,2026-02-17 12:25:00+00:00,surfline_trevone_20260217_1225
-553618.1876294471,6541211.738887249,-103.31622720000047,0.46115288220551376,2026-02-17 12:25:00+00:00,surfline_trevone_20260217_1225
-553618.0850912248,6541211.31643451,-103.31622720000047,0.46365914786967416,2026-02-17 12:25:00+00:00,surfline_trevone_20260217_1225
-553617.9825528826,6541210.893981887,-103.31622720000047,0.46616541353383456,2026-02-17 12:25:00+00:00,surfline_trevone_20260217_1225
-553617.8800146083,6541210.471529197,-103.31622720000047,0.46867167919799496,2026-02-17 12:25:00+00:00,surfline_trevone_20260217_1225
-553617.7774765576,6541210.049076294,-103.31622720000047,0.47117794486215536,2026-02-17 12:25:00+00:00,surfline_trevone_20260217_1225
-553617.6749382152,6541209.626623671,-103.31622720000047,0.47368421052631576,2026-02-17 12:25:00+00:00,surfline_trevone_20260217_1225
-553617.572399992,6541209.204170931,-103.31622720000047,0.47619047619047616,2026-02-17 12:25:00+00:00,surfline_trevone_20260217_1225
-553617.4698618903,6541208.781718077,-103.31622720000047,0.47869674185463656,2026-02-17 12:25:00+00:00,surfline_trevone_20260217_1225
-553617.3673236681,6541208.359265339,-103.31622720000047,0.48120300751879697,2026-02-17 12:25:00+00:00,surfline_trevone_20260217_1225
-553617.2647853256,6541207.936812717,-103.31622720000047,0.48370927318295737,2026-02-17 12:25:00+00:00,surfline_trevone_20260217_1225
-553617.1622471026,6541207.514359977,-103.31622720000047,0.48621553884711777,2026-02-17 12:25:00+00:00,surfline_trevone_20260217_1225
-553617.0597090011,6541207.091907123,-103.31622720000047,0.48872180451127817,2026-02-17 12:25:00+00:00,surfline_trevone_20260217_1225
-553616.9571707789,6541206.669454385,-103.31622720000047,0.49122807017543857,2026-02-17 12:25:00+00:00,surfline_trevone_20260217_1225
-553616.854632436,6541206.247001762,-103.31622720000047,0.49373433583959897,2026-02-17 12:25:00+00:00,surfline_trevone_20260217_1225
-553616.7520942129,6541205.824549022,-103.31622720000047,0.49624060150375937,2026-02-17 12:25:00+00:00,surfline_trevone_20260217_1225
-553616.6495561117,6541205.402096168,-103.31622720000047,0.49874686716791977,2026-02-17 12:25:00+00:00,surfline_trevone_20260217_1225
-553616.5470178894,6541204.97964343,-103.31622720000047,0.5012531328320802,2026-02-17 12:25:00+00:00,surfline_trevone_20260217_1225
-553616.4444795464,6541204.557190808,-103.31622720000047,0.5037593984962405,2026-02-17 12:25:00+00:00,surfline_trevone_20260217_1225
-553616.3419413234,6541204.134738068,-103.31622720000047,0.506265664160401,2026-02-17 12:25:00+00:00,surfline_trevone_20260217_1225
-553616.2394032225,6541203.712285213,-103.31622720000047,0.5087719298245614,2026-02-17 12:25:00+00:00,surfline_trevone_20260217_1225
-553616.136865,6541203.289832475,-103.31622720000047,0.5112781954887218,2026-02-17 12:25:00+00:00,surfline_trevone_20260217_1225
-553616.136865,6541203.289832475,-103.31622720000047,0.5137844611528821,2026-02-17 12:25:00+00:00,surfline_trevone_20260217_1225
-553616.136865,6541203.289832475,-103.31622720000047,0.5162907268170426,2026-02-17 12:25:00+00:00,surfline_trevone_20260217_1225
-553616.136865,6541203.289832475,-103.31622720000047,0.518796992481203,2026-02-17 12:25:00+00:00,surfline_trevone_20260217_1225
-553616.136865,6541203.289832475,-103.31622720000047,0.5213032581453634,2026-02-17 12:25:00+00:00,surfline_trevone_20260217_1225
-553616.136865,6541203.289832475,-103.31622720000047,0.5238095238095237,2026-02-17 12:25:00+00:00,surfline_trevone_20260217_1225
-553616.136865,6541203.289832475,-103.31622720000047,0.5263157894736842,2026-02-17 12:25:00+00:00,surfline_trevone_20260217_1225
-553616.136865,6541203.289832475,-103.31622720000047,0.5288220551378446,2026-02-17 12:25:00+00:00,surfline_trevone_20260217_1225
-553616.136865,6541203.289832475,-103.31622720000047,0.531328320802005,2026-02-17 12:25:00+00:00,surfline_trevone_20260217_1225
-553616.136865,6541203.289832475,-103.31622720000047,0.5338345864661653,2026-02-17 12:25:00+00:00,surfline_trevone_20260217_1225
-553616.136865,6541203.289832475,-103.31622720000047,0.5363408521303258,2026-02-17 12:25:00+00:00,surfline_trevone_20260217_1225
-553616.136865,6541203.289832475,-103.31622720000047,0.5388471177944862,2026-02-17 12:25:00+00:00,surfline_trevone_20260217_1225
-553616.136865,6541203.289832475,-103.31622720000047,0.5413533834586466,2026-02-17 12:25:00+00:00,surfline_trevone_20260217_1225
-553616.136865,6541203.289832475,-103.31622720000047,0.5438596491228069,2026-02-17 12:25:00+00:00,surfline_trevone_20260217_1225
-553616.136865,6541203.289832475,-103.31622720000047,0.5463659147869674,2026-02-17 12:25:00+00:00,surfline_trevone_20260217_1225
-553616.136865,6541203.289832475,-103.31622720000047,0.5488721804511278,2026-02-17 12:25:00+00:00,surfline_trevone_20260217_1225
-553616.136865,6541203.289832475,-103.31622720000047,0.5513784461152882,2026-02-17 12:25:00+00:00,surfline_trevone_20260217_1225
-553616.136865,6541203.289832475,-103.31622720000047,0.5538847117794485,2026-02-17 12:25:00+00:00,surfline_trevone_20260217_1225
-553616.136865,6541203.289832475,-103.31622720000047,0.556390977443609,2026-02-17 12:25:00+00:00,surfline_trevone_20260217_1225
-553616.136865,6541203.289832475,-103.31622720000047,0.5588972431077694,2026-02-17 12:25:00+00:00,surfline_trevone_20260217_1225
-553616.136865,6541203.289832475,-103.31622720000047,0.5614035087719298,2026-02-17 12:25:00+00:00,surfline_trevone_20260217_1225
-553616.136865,6541203.289832475,-103.31622720000047,0.5639097744360901,2026-02-17 12:25:00+00:00,surfline_trevone_20260217_1225
-553616.136865,6541203.289832475,-103.31622720000047,0.5664160401002506,2026-02-17 12:25:00+00:00,surfline_trevone_20260217_1225
-553616.136865,6541203.289832475,-103.31622720000047,0.568922305764411,2026-02-17 12:25:00+00:00,surfline_trevone_20260217_1225
-553616.136865,6541203.289832475,-103.31622720000047,0.5714285714285714,2026-02-17 12:25:00+00:00,surfline_trevone_20260217_1225
-553616.136865,6541203.289832475,-103.31622720000047,0.5739348370927317,2026-02-17 12:25:00+00:00,surfline_trevone_20260217_1225
-553616.136865,6541203.289832475,-103.31622720000047,0.5764411027568922,2026-02-17 12:25:00+00:00,surfline_trevone_20260217_1225
-553616.136865,6541203.289832475,-103.31622720000047,0.5789473684210527,2026-02-17 12:25:00+00:00,surfline_trevone_20260217_1225
-553616.136865,6541203.289832475,-103.31622720000047,0.581453634085213,2026-02-17 12:25:00+00:00,surfline_trevone_20260217_1225
-553616.136865,6541203.289832475,-103.31622720000047,0.5839598997493733,2026-02-17 12:25:00+00:00,surfline_trevone_20260217_1225
-553616.136865,6541203.289832475,-103.31622720000047,0.5864661654135338,2026-02-17 12:25:00+00:00,surfline_trevone_20260217_1225
-553616.136865,6541203.289832475,-103.31622720000047,0.5889724310776943,2026-02-17 12:25:00+00:00,surfline_trevone_20260217_1225
-553616.136865,6541203.289832475,-103.31622720000047,0.5914786967418546,2026-02-17 12:25:00+00:00,surfline_trevone_20260217_1225
-553616.136865,6541203.289832475,-103.31622720000047,0.593984962406015,2026-02-17 12:25:00+00:00,surfline_trevone_20260217_1225
-553616.136865,6541203.289832475,-103.31622720000047,0.5964912280701754,2026-02-17 12:25:00+00:00,surfline_trevone_20260217_1225
-553616.136865,6541203.289832475,-103.31622720000047,0.5989974937343359,2026-02-17 12:25:00+00:00,surfline_trevone_20260217_1225
-553616.136865,6541203.289832475,-103.31622720000047,0.6015037593984962,2026-02-17 12:25:00+00:00,surfline_trevone_20260217_1225
-553616.136865,6541203.289832475,-103.31622720000047,0.6040100250626566,2026-02-17 12:25:00+00:00,surfline_trevone_20260217_1225
-553616.136865,6541203.289832475,-103.31622720000047,0.606516290726817,2026-02-17 12:25:00+00:00,surfline_trevone_20260217_1225
-553616.136865,6541203.289832475,-103.31622720000047,0.6090225563909775,2026-02-17 12:25:00+00:00,surfline_trevone_20260217_1225
-553616.136865,6541203.289832475,-103.31622720000047,0.6115288220551378,2026-02-17 12:25:00+00:00,surfline_trevone_20260217_1225
-553616.136865,6541203.289832475,-103.31622720000047,0.6140350877192982,2026-02-17 12:25:00+00:00,surfline_trevone_20260217_1225
-553616.136865,6541203.289832475,-103.31622720000047,0.6165413533834586,2026-02-17 12:25:00+00:00,surfline_trevone_20260217_1225
-553616.136865,6541203.289832475,-103.31622720000047,0.6190476190476191,2026-02-17 12:25:00+00:00,surfline_trevone_20260217_1225
-553616.136865,6541203.289832475,-103.31622720000047,0.6215538847117794,2026-02-17 12:25:00+00:00,surfline_trevone_20260217_1225
-553616.136865,6541203.289832475,-103.31622720000047,0.6240601503759398,2026-02-17 12:25:00+00:00,surfline_trevone_20260217_1225
-553616.136865,6541203.289832475,-103.31622720000047,0.6265664160401002,2026-02-17 12:25:00+00:00,surfline_trevone_20260217_1225
-553616.136865,6541203.289832475,-103.31622720000047,0.6290726817042607,2026-02-17 12:25:00+00:00,surfline_trevone_20260217_1225
-553616.136865,6541203.289832475,-103.31622720000047,0.631578947368421,2026-02-17 12:25:00+00:00,surfline_trevone_20260217_1225
-553616.136865,6541203.289832475,-103.31622720000047,0.6340852130325814,2026-02-17 12:25:00+00:00,surfline_trevone_20260217_1225
-553616.136865,6541203.289832475,-103.31622720000047,0.6365914786967418,2026-02-17 12:25:00+00:00,surfline_trevone_20260217_1225
-553616.136865,6541203.289832475,-103.31622720000047,0.6390977443609023,2026-02-17 12:25:00+00:00,surfline_trevone_20260217_1225
-553616.136865,6541203.289832475,-103.31622720000047,0.6416040100250626,2026-02-17 12:25:00+00:00,surfline_trevone_20260217_1225
-553616.136865,6541203.289832475,-103.31622720000047,0.644110275689223,2026-02-17 12:25:00+00:00,surfline_trevone_20260217_1225
-553616.136865,6541203.289832475,-103.31622720000047,0.6466165413533834,2026-02-17 12:25:00+00:00,surfline_trevone_20260217_1225
-553616.136865,6541203.289832475,-103.31622720000047,0.6491228070175439,2026-02-17 12:25:00+00:00,surfline_trevone_20260217_1225
-553616.136865,6541203.289832475,-103.31622720000047,0.6516290726817042,2026-02-17 12:25:00+00:00,surfline_trevone_20260217_1225
-553616.136865,6541203.289832475,-103.31622720000047,0.6541353383458646,2026-02-17 12:25:00+00:00,surfline_trevone_20260217_1225
-553616.136865,6541203.289832475,-103.31622720000047,0.656641604010025,2026-02-17 12:25:00+00:00,surfline_trevone_20260217_1225
-553616.136865,6541203.289832475,-103.31622720000047,0.6591478696741855,2026-02-17 12:25:00+00:00,surfline_trevone_20260217_1225
-553616.136865,6541203.289832475,-103.31622720000047,0.6616541353383458,2026-02-17 12:25:00+00:00,surfline_trevone_20260217_1225
-553616.136865,6541203.289832475,-103.31622720000047,0.6641604010025062,2026-02-17 12:25:00+00:00,surfline_trevone_20260217_1225
-553616.136865,6541203.289832475,-103.31622720000047,0.6666666666666666,2026-02-17 12:25:00+00:00,surfline_trevone_20260217_1225
-553616.136865,6541203.289832475,-103.31622720000047,0.6691729323308271,2026-02-17 12:25:00+00:00,surfline_trevone_20260217_1225
-553616.136865,6541203.289832475,-103.31622720000047,0.6716791979949874,2026-02-17 12:25:00+00:00,surfline_trevone_20260217_1225
-553616.136865,6541203.289832475,-103.31622720000047,0.6741854636591478,2026-02-17 12:25:00+00:00,surfline_trevone_20260217_1225
-553616.136865,6541203.289832475,-103.31622720000047,0.6766917293233082,2026-02-17 12:25:00+00:00,surfline_trevone_20260217_1225
-553616.136865,6541203.289832475,-103.31622720000047,0.6791979949874687,2026-02-17 12:25:00+00:00,surfline_trevone_20260217_1225
-553616.136865,6541203.289832475,-103.31622720000047,0.681704260651629,2026-02-17 12:25:00+00:00,surfline_trevone_20260217_1225
-553616.136865,6541203.289832475,-103.31622720000047,0.6842105263157894,2026-02-17 12:25:00+00:00,surfline_trevone_20260217_1225
-553616.136865,6541203.289832475,-103.31622720000047,0.6867167919799498,2026-02-17 12:25:00+00:00,surfline_trevone_20260217_1225
-553616.136865,6541203.289832475,-103.31622720000047,0.6892230576441103,2026-02-17 12:25:00+00:00,surfline_trevone_20260217_1225
-553616.136865,6541203.289832475,-103.31622720000047,0.6917293233082706,2026-02-17 12:25:00+00:00,surfline_trevone_20260217_1225
-553616.136865,6541203.289832475,-103.31622720000047,0.694235588972431,2026-02-17 12:25:00+00:00,surfline_trevone_20260217_1225
-553616.136865,6541203.289832475,-103.31622720000047,0.6967418546365914,2026-02-17 12:25:00+00:00,surfline_trevone_20260217_1225
-553616.136865,6541203.289832475,-103.31622720000047,0.6992481203007519,2026-02-17 12:25:00+00:00,surfline_trevone_20260217_1225
-553616.136865,6541203.289832475,-103.31622720000047,0.7017543859649122,2026-02-17 12:25:00+00:00,surfline_trevone_20260217_1225
-553616.136865,6541203.289832475,-103.31622720000047,0.7042606516290726,2026-02-17 12:25:00+00:00,surfline_trevone_20260217_1225
-553616.136865,6541203.289832475,-103.31622720000047,0.706766917293233,2026-02-17 12:25:00+00:00,surfline_trevone_20260217_1225
-553616.136865,6541203.289832475,-103.31622720000047,0.7092731829573935,2026-02-17 12:25:00+00:00,surfline_trevone_20260217_1225
-553616.136865,6541203.289832475,-103.31622720000047,0.7117794486215538,2026-02-17 12:25:00+00:00,surfline_trevone_20260217_1225
-553616.136865,6541203.289832475,-103.31622720000047,0.7142857142857142,2026-02-17 12:25:00+00:00,surfline_trevone_20260217_1225
-553616.136865,6541203.289832475,-103.31622720000047,0.7167919799498746,2026-02-17 12:25:00+00:00,surfline_trevone_20260217_1225
-553616.136865,6541203.289832475,-103.31622720000047,0.7192982456140351,2026-02-17 12:25:00+00:00,surfline_trevone_20260217_1225
-553616.136865,6541203.289832475,-103.31622720000047,0.7218045112781954,2026-02-17 12:25:00+00:00,surfline_trevone_20260217_1225
-553616.136865,6541203.289832475,-103.31622720000047,0.7243107769423558,2026-02-17 12:25:00+00:00,surfline_trevone_20260217_1225
-553616.136865,6541203.289832475,-103.31622720000047,0.7268170426065163,2026-02-17 12:25:00+00:00,surfline_trevone_20260217_1225
-553616.136865,6541203.289832475,-103.31622720000047,0.7293233082706767,2026-02-17 12:25:00+00:00,surfline_trevone_20260217_1225
-553616.136865,6541203.289832475,-103.31622720000047,0.731829573934837,2026-02-17 12:25:00+00:00,surfline_trevone_20260217_1225
-553616.136865,6541203.289832475,-103.31622720000047,0.7343358395989974,2026-02-17 12:25:00+00:00,surfline_trevone_20260217_1225
-553616.136865,6541203.289832475,-103.31622720000047,0.7368421052631579,2026-02-17 12:25:00+00:00,surfline_trevone_20260217_1225
-553616.136865,6541203.289832475,-103.31622720000047,0.7393483709273183,2026-02-17 12:25:00+00:00,surfline_trevone_20260217_1225
-553616.136865,6541203.289832475,-103.31622720000047,0.7418546365914787,2026-02-17 12:25:00+00:00,surfline_trevone_20260217_1225
-553616.136865,6541203.289832475,-103.31622720000047,0.744360902255639,2026-02-17 12:25:00+00:00,surfline_trevone_20260217_1225
-553616.136865,6541203.289832475,-103.31622720000047,0.7468671679197995,2026-02-17 12:25:00+00:00,surfline_trevone_20260217_1225
-553616.136865,6541203.289832475,-103.31622720000047,0.7493734335839599,2026-02-17 12:25:00+00:00,surfline_trevone_20260217_1225
-553616.136865,6541203.289832475,-103.31622720000047,0.7518796992481203,2026-02-17 12:25:00+00:00,surfline_trevone_20260217_1225
-553616.136865,6541203.289832475,-103.31622720000047,0.7543859649122806,2026-02-17 12:25:00+00:00,surfline_trevone_20260217_1225
-553616.136865,6541203.289832475,-103.31622720000047,0.7568922305764411,2026-02-17 12:25:00+00:00,surfline_trevone_20260217_1225
-553616.136865,6541203.289832475,-103.31622720000047,0.7593984962406015,2026-02-17 12:25:00+00:00,surfline_trevone_20260217_1225
-553616.136865,6541203.289832475,-103.31622720000047,0.7619047619047619,2026-02-17 12:25:00+00:00,surfline_trevone_20260217_1225
-553616.136865,6541203.289832475,-103.31622720000047,0.7644110275689222,2026-02-17 12:25:00+00:00,surfline_trevone_20260217_1225
-553616.136865,6541203.289832475,-103.31622720000047,0.7669172932330827,2026-02-17 12:25:00+00:00,surfline_trevone_20260217_1225
-553616.136865,6541203.289832475,-103.31622720000047,0.7694235588972431,2026-02-17 12:25:00+00:00,surfline_trevone_20260217_1225
-553616.136865,6541203.289832475,-103.31622720000047,0.7719298245614035,2026-02-17 12:25:00+00:00,surfline_trevone_20260217_1225
-553616.136865,6541203.289832475,-103.31622720000047,0.7744360902255638,2026-02-17 12:25:00+00:00,surfline_trevone_20260217_1225
-553616.136865,6541203.289832475,-103.31622720000047,0.7769423558897243,2026-02-17 12:25:00+00:00,surfline_trevone_20260217_1225
-553616.136865,6541203.289832475,-103.31622720000047,0.7794486215538847,2026-02-17 12:25:00+00:00,surfline_trevone_20260217_1225
-553616.136865,6541203.289832475,-103.31622720000047,0.7819548872180451,2026-02-17 12:25:00+00:00,surfline_trevone_20260217_1225
-553616.136865,6541203.289832475,-103.31622720000047,0.7844611528822054,2026-02-17 12:25:00+00:00,surfline_trevone_20260217_1225
-553616.136865,6541203.289832475,-103.31622720000047,0.7869674185463659,2026-02-17 12:25:00+00:00,surfline_trevone_20260217_1225
-553616.136865,6541203.289832475,-103.31622720000047,0.7894736842105263,2026-02-17 12:25:00+00:00,surfline_trevone_20260217_1225
-553616.136865,6541203.289832475,-103.31622720000047,0.7919799498746867,2026-02-17 12:25:00+00:00,surfline_trevone_20260217_1225
-553616.136865,6541203.289832475,-103.31622720000047,0.794486215538847,2026-02-17 12:25:00+00:00,surfline_trevone_20260217_1225
-553616.136865,6541203.289832475,-103.31622720000047,0.7969924812030075,2026-02-17 12:25:00+00:00,surfline_trevone_20260217_1225
-553616.136865,6541203.289832475,-103.31622720000047,0.7994987468671679,2026-02-17 12:25:00+00:00,surfline_trevone_20260217_1225
-553616.136865,6541203.289832475,-103.31622720000047,0.8020050125313283,2026-02-17 12:25:00+00:00,surfline_trevone_20260217_1225
-553616.136865,6541203.289832475,-103.31622720000047,0.8045112781954886,2026-02-17 12:25:00+00:00,surfline_trevone_20260217_1225
-553616.136865,6541203.289832475,-103.31622720000047,0.8070175438596491,2026-02-17 12:25:00+00:00,surfline_trevone_20260217_1225
-553616.136865,6541203.289832475,-103.31622720000047,0.8095238095238095,2026-02-17 12:25:00+00:00,surfline_trevone_20260217_1225
-553616.136865,6541203.289832475,-103.31622720000047,0.8120300751879699,2026-02-17 12:25:00+00:00,surfline_trevone_20260217_1225
-553616.136865,6541203.289832475,-103.31622720000047,0.8145363408521302,2026-02-17 12:25:00+00:00,surfline_trevone_20260217_1225
-553616.136865,6541203.289832475,-103.31622720000047,0.8170426065162907,2026-02-17 12:25:00+00:00,surfline_trevone_20260217_1225
-553616.136865,6541203.289832475,-103.31622720000047,0.8195488721804511,2026-02-17 12:25:00+00:00,surfline_trevone_20260217_1225
-553616.136865,6541203.289832475,-103.31622720000047,0.8220551378446115,2026-02-17 12:25:00+00:00,surfline_trevone_20260217_1225
-553616.136865,6541203.289832475,-103.31622720000047,0.8245614035087718,2026-02-17 12:25:00+00:00,surfline_trevone_20260217_1225
-553616.136865,6541203.289832475,-103.31622720000047,0.8270676691729323,2026-02-17 12:25:00+00:00,surfline_trevone_20260217_1225
-553616.136865,6541203.289832475,-103.31622720000047,0.8295739348370927,2026-02-17 12:25:00+00:00,surfline_trevone_20260217_1225
-553616.136865,6541203.289832475,-103.31622720000047,0.8320802005012531,2026-02-17 12:25:00+00:00,surfline_trevone_20260217_1225
-553616.136865,6541203.289832475,-103.31622720000047,0.8345864661654134,2026-02-17 12:25:00+00:00,surfline_trevone_20260217_1225
-553616.136865,6541203.289832475,-103.31622720000047,0.8370927318295739,2026-02-17 12:25:00+00:00,surfline_trevone_20260217_1225
-553616.136865,6541203.289832475,-103.31622720000047,0.8395989974937343,2026-02-17 12:25:00+00:00,surfline_trevone_20260217_1225
-553616.136865,6541203.289832475,-103.31622720000047,0.8421052631578947,2026-02-17 12:25:00+00:00,surfline_trevone_20260217_1225
-553616.136865,6541203.289832475,-103.31622720000047,0.844611528822055,2026-02-17 12:25:00+00:00,surfline_trevone_20260217_1225
-553616.136865,6541203.289832475,-103.31622720000047,0.8471177944862155,2026-02-17 12:25:00+00:00,surfline_trevone_20260217_1225
-553616.136865,6541203.289832475,-103.31622720000047,0.849624060150376,2026-02-17 12:25:00+00:00,surfline_trevone_20260217_1225
-553616.136865,6541203.289832475,-103.31622720000047,0.8521303258145363,2026-02-17 12:25:00+00:00,surfline_trevone_20260217_1225
-553616.136865,6541203.289832475,-103.31622720000047,0.8546365914786966,2026-02-17 12:25:00+00:00,surfline_trevone_20260217_1225
-553616.136865,6541203.289832475,-103.31622720000047,0.8571428571428571,2026-02-17 12:25:00+00:00,surfline_trevone_20260217_1225
-553616.136865,6541203.289832475,-103.31622720000047,0.8596491228070176,2026-02-17 12:25:00+00:00,surfline_trevone_20260217_1225
-553616.136865,6541203.289832475,-103.31622720000047,0.8621553884711779,2026-02-17 12:25:00+00:00,surfline_trevone_20260217_1225
-553616.136865,6541203.289832475,-103.31622720000047,0.8646616541353382,2026-02-17 12:25:00+00:00,surfline_trevone_20260217_1225
-553616.136865,6541203.289832475,-103.31622720000047,0.8671679197994987,2026-02-17 12:25:00+00:00,surfline_trevone_20260217_1225
-553616.136865,6541203.289832475,-103.31622720000047,0.8696741854636592,2026-02-17 12:25:00+00:00,surfline_trevone_20260217_1225
-553616.136865,6541203.289832475,-103.31622720000047,0.8721804511278195,2026-02-17 12:25:00+00:00,surfline_trevone_20260217_1225
-553616.136865,6541203.289832475,-103.31622720000047,0.8746867167919798,2026-02-17 12:25:00+00:00,surfline_trevone_20260217_1225
-553616.136865,6541203.289832475,-103.31622720000047,0.8771929824561403,2026-02-17 12:25:00+00:00,surfline_trevone_20260217_1225
-553616.136865,6541203.289832475,-103.31622720000047,0.8796992481203008,2026-02-17 12:25:00+00:00,surfline_trevone_20260217_1225
-553616.136865,6541203.289832475,-103.31622720000047,0.8822055137844611,2026-02-17 12:25:00+00:00,surfline_trevone_20260217_1225
-553616.136865,6541203.289832475,-103.31622720000047,0.8847117794486214,2026-02-17 12:25:00+00:00,surfline_trevone_20260217_1225
-553616.136865,6541203.289832475,-103.31622720000047,0.8872180451127819,2026-02-17 12:25:00+00:00,surfline_trevone_20260217_1225
-553616.136865,6541203.289832475,-103.31622720000047,0.8897243107769424,2026-02-17 12:25:00+00:00,surfline_trevone_20260217_1225
-553616.136865,6541203.289832475,-103.31622720000047,0.8922305764411027,2026-02-17 12:25:00+00:00,surfline_trevone_20260217_1225
-553616.136865,6541203.289832475,-103.31622720000047,0.894736842105263,2026-02-17 12:25:00+00:00,surfline_trevone_20260217_1225
-553616.136865,6541203.289832475,-103.31622720000047,0.8972431077694235,2026-02-17 12:25:00+00:00,surfline_trevone_20260217_1225
-553616.136865,6541203.289832475,-103.31622720000047,0.899749373433584,2026-02-17 12:25:00+00:00,surfline_trevone_20260217_1225
-553616.136865,6541203.289832475,-103.31622720000047,0.9022556390977443,2026-02-17 12:25:00+00:00,surfline_trevone_20260217_1225
-553616.136865,6541203.289832475,-103.31622720000047,0.9047619047619047,2026-02-17 12:25:00+00:00,surfline_trevone_20260217_1225
-553616.136865,6541203.289832475,-103.31622720000047,0.9072681704260651,2026-02-17 12:25:00+00:00,surfline_trevone_20260217_1225
-553616.136865,6541203.289832475,-103.31622720000047,0.9097744360902256,2026-02-17 12:25:00+00:00,surfline_trevone_20260217_1225
-553616.136865,6541203.289832475,-103.31622720000047,0.9122807017543859,2026-02-17 12:25:00+00:00,surfline_trevone_20260217_1225
-553616.136865,6541203.289832475,-103.31622720000047,0.9147869674185463,2026-02-17 12:25:00+00:00,surfline_trevone_20260217_1225
-553616.136865,6541203.289832475,-103.31622720000047,0.9172932330827067,2026-02-17 12:25:00+00:00,surfline_trevone_20260217_1225
-553616.136865,6541203.289832475,-103.31622720000047,0.9197994987468672,2026-02-17 12:25:00+00:00,surfline_trevone_20260217_1225
-553616.136865,6541203.289832475,-103.31622720000047,0.9223057644110275,2026-02-17 12:25:00+00:00,surfline_trevone_20260217_1225
-553616.136865,6541203.289832475,-103.31622720000047,0.9248120300751879,2026-02-17 12:25:00+00:00,surfline_trevone_20260217_1225
-553616.136865,6541203.289832475,-103.31622720000047,0.9273182957393483,2026-02-17 12:25:00+00:00,surfline_trevone_20260217_1225
-553616.136865,6541203.289832475,-103.31622720000047,0.9298245614035088,2026-02-17 12:25:00+00:00,surfline_trevone_20260217_1225
-553616.136865,6541203.289832475,-103.31622720000047,0.9323308270676691,2026-02-17 12:25:00+00:00,surfline_trevone_20260217_1225
-553616.136865,6541203.289832475,-103.31622720000047,0.9348370927318295,2026-02-17 12:25:00+00:00,surfline_trevone_20260217_1225
-553616.136865,6541203.289832475,-103.31622720000047,0.9373433583959899,2026-02-17 12:25:00+00:00,surfline_trevone_20260217_1225
-553616.136865,6541203.289832475,-103.31622720000047,0.9398496240601504,2026-02-17 12:25:00+00:00,surfline_trevone_20260217_1225
-553616.136865,6541203.289832475,-103.31622720000047,0.9423558897243107,2026-02-17 12:25:00+00:00,surfline_trevone_20260217_1225
-553616.136865,6541203.289832475,-103.31622720000047,0.9448621553884711,2026-02-17 12:25:00+00:00,surfline_trevone_20260217_1225
-553616.136865,6541203.289832475,-103.31622720000047,0.9473684210526315,2026-02-17 12:25:00+00:00,surfline_trevone_20260217_1225
-553616.136865,6541203.289832475,-103.31622720000047,0.949874686716792,2026-02-17 12:25:00+00:00,surfline_trevone_20260217_1225
-553616.136865,6541203.289832475,-103.31622720000047,0.9523809523809523,2026-02-17 12:25:00+00:00,surfline_trevone_20260217_1225
-553616.136865,6541203.289832475,-103.31622720000047,0.9548872180451127,2026-02-17 12:25:00+00:00,surfline_trevone_20260217_1225
-553616.136865,6541203.289832475,-103.31622720000047,0.9573934837092731,2026-02-17 12:25:00+00:00,surfline_trevone_20260217_1225
-553616.136865,6541203.289832475,-103.31622720000047,0.9598997493734336,2026-02-17 12:25:00+00:00,surfline_trevone_20260217_1225
-553616.136865,6541203.289832475,-103.31622720000047,0.9624060150375939,2026-02-17 12:25:00+00:00,surfline_trevone_20260217_1225
-553616.136865,6541203.289832475,-103.31622720000047,0.9649122807017543,2026-02-17 12:25:00+00:00,surfline_trevone_20260217_1225
-553616.136865,6541203.289832475,-103.31622720000047,0.9674185463659147,2026-02-17 12:25:00+00:00,surfline_trevone_20260217_1225
-553616.136865,6541203.289832475,-103.31622720000047,0.9699248120300752,2026-02-17 12:25:00+00:00,surfline_trevone_20260217_1225
-553616.136865,6541203.289832475,-103.31622720000047,0.9724310776942355,2026-02-17 12:25:00+00:00,surfline_trevone_20260217_1225
-553616.136865,6541203.289832475,-103.31622720000047,0.9749373433583959,2026-02-17 12:25:00+00:00,surfline_trevone_20260217_1225
-553616.136865,6541203.289832475,-103.31622720000047,0.9774436090225563,2026-02-17 12:25:00+00:00,surfline_trevone_20260217_1225
-553616.136865,6541203.289832475,-103.31622720000047,0.9799498746867168,2026-02-17 12:25:00+00:00,surfline_trevone_20260217_1225
-553616.136865,6541203.289832475,-103.31622720000047,0.9824561403508771,2026-02-17 12:25:00+00:00,surfline_trevone_20260217_1225
-553616.136865,6541203.289832475,-103.31622720000047,0.9849624060150375,2026-02-17 12:25:00+00:00,surfline_trevone_20260217_1225
-553616.136865,6541203.289832475,-103.31622720000047,0.9874686716791979,2026-02-17 12:25:00+00:00,surfline_trevone_20260217_1225
-553616.136865,6541203.289832475,-103.31622720000047,0.9899749373433584,2026-02-17 12:25:00+00:00,surfline_trevone_20260217_1225
-553616.136865,6541203.289832475,-103.31622720000047,0.9924812030075187,2026-02-17 12:25:00+00:00,surfline_trevone_20260217_1225
-553616.136865,6541203.289832475,-103.31622720000047,0.9949874686716791,2026-02-17 12:25:00+00:00,surfline_trevone_20260217_1225
-553616.136865,6541203.289832475,-103.31622720000047,0.9974937343358395,2026-02-17 12:25:00+00:00,surfline_trevone_20260217_1225
-553616.136865,6541203.289832475,-103.31622720000047,1.0,2026-02-17 12:25:00+00:00,surfline_trevone_20260217_1225
-553624.5101642677,6541285.807563991,-103.78805760000049,0.0,2026-02-17 14:34:00+00:00,surfline_trevone_20260217_1434
-553625.1311697504,6541285.596364973,-103.78805760000049,0.002506265664160401,2026-02-17 14:34:00+00:00,surfline_trevone_20260217_1434
-553625.0286315276,6541285.173912234,-103.78805760000049,0.005012531328320802,2026-02-17 14:34:00+00:00,surfline_trevone_20260217_1434
-553624.9260934175,6541284.751459387,-103.78805760000049,0.007518796992481203,2026-02-17 14:34:00+00:00,surfline_trevone_20260217_1434
-553624.8235551955,6541284.32900665,-103.78805760000049,0.010025062656641603,2026-02-17 14:34:00+00:00,surfline_trevone_20260217_1434
-553624.7210168608,6541283.906554018,-103.78805760000049,0.012531328320802004,2026-02-17 14:34:00+00:00,surfline_trevone_20260217_1434
-553624.618478638,6541283.484101279,-103.78805760000049,0.015037593984962405,2026-02-17 14:34:00+00:00,surfline_trevone_20260217_1434
-553624.5159405281,6541283.061648433,-103.78805760000049,0.017543859649122806,2026-02-17 14:34:00+00:00,surfline_trevone_20260217_1434
-553624.4134023063,6541282.639195695,-103.78805760000049,0.020050125313283207,2026-02-17 14:34:00+00:00,surfline_trevone_20260217_1434
-553624.7697303371,6541282.350718647,-103.78805760000049,0.022556390977443608,2026-02-17 14:34:00+00:00,surfline_trevone_20260217_1434
-553625.5270605369,6541282.179322385,-103.78805760000049,0.02506265664160401,2026-02-17 14:34:00+00:00,surfline_trevone_20260217_1434
-553626.28439054,6541282.007925927,-103.78805760000049,0.02756892230576441,2026-02-17 14:34:00+00:00,surfline_trevone_20260217_1434
-553626.3674402725,6541281.639659453,-103.78805760000049,0.03007518796992481,2026-02-17 14:34:00+00:00,surfline_trevone_20260217_1434
-553626.264901938,6541281.217206822,-103.78805760000049,0.03258145363408521,2026-02-17 14:34:00+00:00,surfline_trevone_20260217_1434
-553626.1623637152,6541280.794754082,-103.78805760000049,0.03508771929824561,2026-02-17 14:34:00+00:00,surfline_trevone_20260217_1434
-553626.0598256051,6541280.372301237,-103.78805760000049,0.03759398496240601,2026-02-17 14:34:00+00:00,surfline_trevone_20260217_1434
-553625.9572873831,6541279.949848498,-103.78805760000049,0.040100250626566414,2026-02-17 14:34:00+00:00,surfline_trevone_20260217_1434
-553625.8547490485,6541279.527395868,-103.78805760000049,0.042606516290726815,2026-02-17 14:34:00+00:00,surfline_trevone_20260217_1434
-553625.8006381582,6541279.119082496,-103.78805760000049,0.045112781954887216,2026-02-17 14:34:00+00:00,surfline_trevone_20260217_1434
-553626.5579681611,6541278.947686036,-103.78805760000049,0.047619047619047616,2026-02-17 14:34:00+00:00,surfline_trevone_20260217_1434
-553627.3152983598,6541278.776289775,-103.78805760000049,0.05012531328320802,2026-02-17 14:34:00+00:00,surfline_trevone_20260217_1434
-553627.808787015,6541278.527859625,-103.78805760000049,0.05263157894736842,2026-02-17 14:34:00+00:00,surfline_trevone_20260217_1434
-553627.7062487924,6541278.105406886,-103.78805760000049,0.05513784461152882,2026-02-17 14:34:00+00:00,surfline_trevone_20260217_1434
-553627.6037106821,6541277.68295404,-103.78805760000049,0.05764411027568922,2026-02-17 14:34:00+00:00,surfline_trevone_20260217_1434
-553627.5011723479,6541277.26050141,-103.78805760000049,0.06015037593984962,2026-02-17 14:34:00+00:00,surfline_trevone_20260217_1434
-553627.3986341249,6541276.83804867,-103.78805760000049,0.06265664160401002,2026-02-17 14:34:00+00:00,surfline_trevone_20260217_1434
-553627.296096015,6541276.415595824,-103.78805760000049,0.06516290726817042,2026-02-17 14:34:00+00:00,surfline_trevone_20260217_1434
-553627.1935577448,6541275.993143132,-103.78805760000049,0.06766917293233082,2026-02-17 14:34:00+00:00,surfline_trevone_20260217_1434
-553627.1471123514,6541275.587067942,-103.78805760000049,0.07017543859649122,2026-02-17 14:34:00+00:00,surfline_trevone_20260217_1434
-553627.7676999784,6541275.375746841,-103.78805760000049,0.07268170426065163,2026-02-17 14:34:00+00:00,surfline_trevone_20260217_1434
-553628.5250299816,6541275.204350382,-103.78805760000049,0.07518796992481203,2026-02-17 14:34:00+00:00,surfline_trevone_20260217_1434
-553629.1185602368,6541274.985129319,-103.78805760000049,0.07769423558897243,2026-02-17 14:34:00+00:00,surfline_trevone_20260217_1434
-553629.0450574249,6541274.5711542135,-103.78805760000049,0.08020050125313283,2026-02-17 14:34:00+00:00,surfline_trevone_20260217_1434
-553628.9425192021,6541274.148701474,-103.78805760000049,0.08270676691729323,2026-02-17 14:34:00+00:00,surfline_trevone_20260217_1434
-553628.8399810918,6541273.726248628,-103.78805760000049,0.08521303258145363,2026-02-17 14:34:00+00:00,surfline_trevone_20260217_1434
-553628.7374428697,6541273.30379589,-103.78805760000049,0.08771929824561403,2026-02-17 14:34:00+00:00,surfline_trevone_20260217_1434
-553628.6349045353,6541272.881343259,-103.78805760000049,0.09022556390977443,2026-02-17 14:34:00+00:00,surfline_trevone_20260217_1434
-553628.5323663123,6541272.458890519,-103.78805760000049,0.09273182957393483,2026-02-17 14:34:00+00:00,surfline_trevone_20260217_1434
-553628.7986076026,6541272.144110492,-103.78805760000049,0.09523809523809523,2026-02-17 14:34:00+00:00,surfline_trevone_20260217_1434
-553629.5559378011,6541271.972714231,-103.78805760000049,0.09774436090225563,2026-02-17 14:34:00+00:00,surfline_trevone_20260217_1434
-553630.3132681941,6541271.801318167,-103.78805760000049,0.10025062656641603,2026-02-17 14:34:00+00:00,surfline_trevone_20260217_1434
-553630.4864042791,6541271.459354278,-103.78805760000049,0.10275689223057644,2026-02-17 14:34:00+00:00,surfline_trevone_20260217_1434
-553630.3838661687,6541271.036901432,-103.78805760000049,0.10526315789473684,2026-02-17 14:34:00+00:00,surfline_trevone_20260217_1434
-553630.2813279466,6541270.614448694,-103.78805760000049,0.10776942355889724,2026-02-17 14:34:00+00:00,surfline_trevone_20260217_1434
-553630.1787896124,6541270.191996062,-103.78805760000049,0.11027568922305764,2026-02-17 14:34:00+00:00,surfline_trevone_20260217_1434
-553630.0762513896,6541269.769543323,-103.78805760000049,0.11278195488721804,2026-02-17 14:34:00+00:00,surfline_trevone_20260217_1434
-553629.9737132795,6541269.347090477,-103.78805760000049,0.11528822055137844,2026-02-17 14:34:00+00:00,surfline_trevone_20260217_1434
-553629.8711749453,6541268.924637847,-103.78805760000049,0.11779448621553884,2026-02-17 14:34:00+00:00,surfline_trevone_20260217_1434
-553630.0083394201,6541268.572171297,-103.78805760000049,0.12030075187969924,2026-02-17 14:34:00+00:00,surfline_trevone_20260217_1434
-553630.7656694236,6541268.400774838,-103.78805760000049,0.12280701754385964,2026-02-17 14:34:00+00:00,surfline_trevone_20260217_1434
-553630.9444932246,6541268.060471597,-103.78805760000049,0.12531328320802004,2026-02-17 14:34:00+00:00,surfline_trevone_20260217_1434
-553630.7376462902,6541267.6075639,-103.78805760000049,0.12781954887218044,2026-02-17 14:34:00+00:00,surfline_trevone_20260217_1434
-553631.4949764898,6541267.436167638,-103.78805760000049,0.13032581453634084,2026-02-17 14:34:00+00:00,surfline_trevone_20260217_1434
-553631.6201365782,6541267.080196019,-103.78805760000049,0.13283208020050125,2026-02-17 14:34:00+00:00,surfline_trevone_20260217_1434
-553631.517598308,6541266.657743326,-103.78805760000049,0.13533834586466165,2026-02-17 14:34:00+00:00,surfline_trevone_20260217_1434
-553631.4150600214,6541266.235290649,-103.78805760000049,0.13784461152882205,2026-02-17 14:34:00+00:00,surfline_trevone_20260217_1434
-553631.3125217989,6541265.81283791,-103.78805760000049,0.14035087719298245,2026-02-17 14:34:00+00:00,surfline_trevone_20260217_1434
-553631.2099836887,6541265.390385064,-103.78805760000049,0.14285714285714285,2026-02-17 14:34:00+00:00,surfline_trevone_20260217_1434
-553631.1074454667,6541264.967932326,-103.78805760000049,0.14536340852130325,2026-02-17 14:34:00+00:00,surfline_trevone_20260217_1434
-553631.0049071324,6541264.545479695,-103.78805760000049,0.14786967418546365,2026-02-17 14:34:00+00:00,surfline_trevone_20260217_1434
-553630.9023689093,6541264.123026956,-103.78805760000049,0.15037593984962405,2026-02-17 14:34:00+00:00,surfline_trevone_20260217_1434
-553630.7998307995,6541263.70057411,-103.78805760000049,0.15288220551378445,2026-02-17 14:34:00+00:00,surfline_trevone_20260217_1434
-553630.6972925775,6541263.278121372,-103.78805760000049,0.15538847117794485,2026-02-17 14:34:00+00:00,surfline_trevone_20260217_1434
-553630.5947542427,6541262.855668741,-103.78805760000049,0.15789473684210525,2026-02-17 14:34:00+00:00,surfline_trevone_20260217_1434
-553630.4922160198,6541262.433216001,-103.78805760000049,0.16040100250626566,2026-02-17 14:34:00+00:00,surfline_trevone_20260217_1434
-553630.3896779099,6541262.010763155,-103.78805760000049,0.16290726817042606,2026-02-17 14:34:00+00:00,surfline_trevone_20260217_1434
-553630.2871396879,6541261.588310417,-103.78805760000049,0.16541353383458646,2026-02-17 14:34:00+00:00,surfline_trevone_20260217_1434
-553630.3490305112,6541261.2138663,-103.78805760000049,0.16791979949874686,2026-02-17 14:34:00+00:00,surfline_trevone_20260217_1434
-553630.6922834726,6541260.921571573,-103.78805760000049,0.17042606516290726,2026-02-17 14:34:00+00:00,surfline_trevone_20260217_1434
-553631.4496134752,6541260.750175114,-103.78805760000049,0.17293233082706766,2026-02-17 14:34:00+00:00,surfline_trevone_20260217_1434
-553630.8570956097,6541260.184662764,-103.78805760000049,0.17543859649122806,2026-02-17 14:34:00+00:00,surfline_trevone_20260217_1434
-553631.6144258091,6541260.013266502,-103.78805760000049,0.17794486215538846,2026-02-17 14:34:00+00:00,surfline_trevone_20260217_1434
-553632.0110930452,6541259.736567044,-103.78805760000049,0.18045112781954886,2026-02-17 14:34:00+00:00,surfline_trevone_20260217_1434
-553631.9335629866,6541259.321415959,-103.78805760000049,0.18295739348370926,2026-02-17 14:34:00+00:00,surfline_trevone_20260217_1434
-553629.8368716269,6541258.31672886,-103.78805760000049,0.18546365914786966,2026-02-17 14:34:00+00:00,surfline_trevone_20260217_1434
-553630.5942018264,6541258.145332598,-103.78805760000049,0.18796992481203006,2026-02-17 14:34:00+00:00,surfline_trevone_20260217_1434
-553631.3515318289,6541257.973936138,-103.78805760000049,0.19047619047619047,2026-02-17 14:34:00+00:00,surfline_trevone_20260217_1434
-553631.5234100971,6541257.631605004,-103.78805760000049,0.19298245614035087,2026-02-17 14:34:00+00:00,surfline_trevone_20260217_1434
-553631.4208717623,6541257.2091523735,-103.78805760000049,0.19548872180451127,2026-02-17 14:34:00+00:00,surfline_trevone_20260217_1434
-553630.4461557096,6541256.532049229,-103.78805760000049,0.19799498746867167,2026-02-17 14:34:00+00:00,surfline_trevone_20260217_1434
-553630.3313078452,6541256.106002233,-103.78805760000049,0.20050125313283207,2026-02-17 14:34:00+00:00,surfline_trevone_20260217_1434
-553631.088638044,6541255.934605972,-103.78805760000049,0.20300751879699247,2026-02-17 14:34:00+00:00,surfline_trevone_20260217_1434
-553631.0107188725,6541255.519341419,-103.78805760000049,0.20551378446115287,2026-02-17 14:34:00+00:00,surfline_trevone_20260217_1434
-553630.9081806495,6541255.09688868,-103.78805760000049,0.20802005012531327,2026-02-17 14:34:00+00:00,surfline_trevone_20260217_1434
-553630.2752611898,6541254.519579962,-103.78805760000049,0.21052631578947367,2026-02-17 14:34:00+00:00,surfline_trevone_20260217_1434
-553630.7031043182,6541254.251983094,-103.78805760000049,0.21303258145363407,2026-02-17 14:34:00+00:00,surfline_trevone_20260217_1434
-553630.6005659829,6541253.8295304645,-103.78805760000049,0.21553884711779447,2026-02-17 14:34:00+00:00,surfline_trevone_20260217_1434
-553630.4980277601,6541253.407077725,-103.78805760000049,0.21804511278195488,2026-02-17 14:34:00+00:00,surfline_trevone_20260217_1434
-553630.395489651,6541252.984624879,-103.78805760000049,0.22055137844611528,2026-02-17 14:34:00+00:00,surfline_trevone_20260217_1434
-553630.2929514288,6541252.56217214,-103.78805760000049,0.22305764411027568,2026-02-17 14:34:00+00:00,surfline_trevone_20260217_1434
-553630.1904130932,6541252.13971951,-103.78805760000049,0.22556390977443608,2026-02-17 14:34:00+00:00,surfline_trevone_20260217_1434
-553630.0878748704,6541251.717266771,-103.78805760000049,0.22807017543859648,2026-02-17 14:34:00+00:00,surfline_trevone_20260217_1434
-553629.9853367617,6541251.294813924,-103.78805760000049,0.23057644110275688,2026-02-17 14:34:00+00:00,surfline_trevone_20260217_1434
-553629.8827984257,6541250.872361294,-103.78805760000049,0.23308270676691728,2026-02-17 14:34:00+00:00,surfline_trevone_20260217_1434
-553629.7802602026,6541250.449908555,-103.78805760000049,0.23558897243107768,2026-02-17 14:34:00+00:00,surfline_trevone_20260217_1434
-553629.6777220945,6541250.027455707,-103.78805760000049,0.23809523809523808,2026-02-17 14:34:00+00:00,surfline_trevone_20260217_1434
-553629.5751838721,6541249.605002969,-103.78805760000049,0.24060150375939848,2026-02-17 14:34:00+00:00,surfline_trevone_20260217_1434
-553629.4726455362,6541249.182550339,-103.78805760000049,0.24310776942355888,2026-02-17 14:34:00+00:00,surfline_trevone_20260217_1434
-553629.7246027038,6541248.863599905,-103.78805760000049,0.24561403508771928,2026-02-17 14:34:00+00:00,surfline_trevone_20260217_1434
-553629.2806567875,6541248.341465944,-103.78805760000049,0.24812030075187969,2026-02-17 14:34:00+00:00,surfline_trevone_20260217_1434
-553629.8582391025,6541248.117588548,-103.78805760000049,0.2506265664160401,2026-02-17 14:34:00+00:00,surfline_trevone_20260217_1434
-553630.6155694992,6541247.946192487,-103.78805760000049,0.2531328320802005,2026-02-17 14:34:00+00:00,surfline_trevone_20260217_1434
-553631.2521047563,6541247.739527628,-103.78805760000049,0.2556390977443609,2026-02-17 14:34:00+00:00,surfline_trevone_20260217_1434
-553630.4224879086,6541247.104789014,-103.78805760000049,0.2581453634085213,2026-02-17 14:34:00+00:00,surfline_trevone_20260217_1434
-553630.3087339677,6541246.679061613,-103.78805760000049,0.2606516290726817,2026-02-17 14:34:00+00:00,surfline_trevone_20260217_1434
-553631.0165306132,6541246.493203143,-103.78805760000049,0.2631578947368421,2026-02-17 14:34:00+00:00,surfline_trevone_20260217_1434
-553630.9139923415,6541246.07075045,-103.78805760000049,0.2656641604010025,2026-02-17 14:34:00+00:00,surfline_trevone_20260217_1434
-553630.8114542814,6541245.648297556,-103.78805760000049,0.2681704260651629,2026-02-17 14:34:00+00:00,surfline_trevone_20260217_1434
-553628.7819684638,6541244.663232372,-103.78805760000049,0.2706766917293233,2026-02-17 14:34:00+00:00,surfline_trevone_20260217_1434
-553629.5392988612,6541244.491836311,-103.78805760000049,0.2731829573934837,2026-02-17 14:34:00+00:00,surfline_trevone_20260217_1434
-553630.2073988148,6541244.294387423,-103.78805760000049,0.2756892230576441,2026-02-17 14:34:00+00:00,surfline_trevone_20260217_1434
-553630.401301392,6541243.958486601,-103.78805760000049,0.2781954887218045,2026-02-17 14:34:00+00:00,surfline_trevone_20260217_1434
-553630.2987631699,6541243.536033863,-103.78805760000049,0.2807017543859649,2026-02-17 14:34:00+00:00,surfline_trevone_20260217_1434
-553629.8397385196,6541243.009497637,-103.78805760000049,0.2832080200501253,2026-02-17 14:34:00+00:00,surfline_trevone_20260217_1434
-553630.0936866107,6541242.691128494,-103.78805760000049,0.2857142857142857,2026-02-17 14:34:00+00:00,surfline_trevone_20260217_1434
-553629.9911485026,6541242.268675647,-103.78805760000049,0.2882205513784461,2026-02-17 14:34:00+00:00,surfline_trevone_20260217_1434
-553629.8886102806,6541241.846222908,-103.78805760000049,0.2907268170426065,2026-02-17 14:34:00+00:00,surfline_trevone_20260217_1434
-553629.0281323508,6541241.202474045,-103.78805760000049,0.2932330827067669,2026-02-17 14:34:00+00:00,surfline_trevone_20260217_1434
-553629.2203584233,6541240.866083874,-103.78805760000049,0.2957393483709273,2026-02-17 14:34:00+00:00,surfline_trevone_20260217_1434
-553629.4900888188,6541240.552322562,-103.78805760000049,0.2982456140350877,2026-02-17 14:34:00+00:00,surfline_trevone_20260217_1434
-553629.4784572765,6541240.156412063,-103.78805760000049,0.3007518796992481,2026-02-17 14:34:00+00:00,surfline_trevone_20260217_1434
-553629.3759190536,6541239.733959324,-103.78805760000049,0.3032581453634085,2026-02-17 14:34:00+00:00,surfline_trevone_20260217_1434
-553629.273380946,6541239.311506475,-103.78805760000049,0.3057644110275689,2026-02-17 14:34:00+00:00,surfline_trevone_20260217_1434
-553629.1708427238,6541238.889053737,-103.78805760000049,0.3082706766917293,2026-02-17 14:34:00+00:00,surfline_trevone_20260217_1434
-553629.0683043872,6541238.466601108,-103.78805760000049,0.3107769423558897,2026-02-17 14:34:00+00:00,surfline_trevone_20260217_1434
-553628.965766164,6541238.044148369,-103.78805760000049,0.3132832080200501,2026-02-17 14:34:00+00:00,surfline_trevone_20260217_1434
-553628.8632280568,6541237.62169552,-103.78805760000049,0.3157894736842105,2026-02-17 14:34:00+00:00,surfline_trevone_20260217_1434
-553628.7606898345,6541237.199242782,-103.78805760000049,0.3182957393483709,2026-02-17 14:34:00+00:00,surfline_trevone_20260217_1434
-553628.887406319,6541236.843725869,-103.78805760000049,0.3208020050125313,2026-02-17 14:34:00+00:00,surfline_trevone_20260217_1434
-553629.6447365185,6541236.672329607,-103.78805760000049,0.3233082706766917,2026-02-17 14:34:00+00:00,surfline_trevone_20260217_1434
-553630.4020665174,6541236.500933144,-103.78805760000049,0.3258145363408521,2026-02-17 14:34:00+00:00,surfline_trevone_20260217_1434
-553630.7147278005,6541236.19970654,-103.78805760000049,0.3283208020050125,2026-02-17 14:34:00+00:00,surfline_trevone_20260217_1434
-553630.6121894638,6541235.777253912,-103.78805760000049,0.3308270676691729,2026-02-17 14:34:00+00:00,surfline_trevone_20260217_1434
-553629.3275557634,6541235.009663864,-103.78805760000049,0.3333333333333333,2026-02-17 14:34:00+00:00,surfline_trevone_20260217_1434
-553628.8088001386,6541234.465687589,-103.78805760000049,0.3358395989974937,2026-02-17 14:34:00+00:00,surfline_trevone_20260217_1434
-553629.3541142265,6541234.232388812,-103.78805760000049,0.3383458646616541,2026-02-17 14:34:00+00:00,surfline_trevone_20260217_1434
-553628.9681484746,6541233.727183653,-103.78805760000049,0.3408521303258145,2026-02-17 14:34:00+00:00,surfline_trevone_20260217_1434
-553629.7254786742,6541233.555787391,-103.78805760000049,0.3433583959899749,2026-02-17 14:34:00+00:00,surfline_trevone_20260217_1434
-553629.9969602436,6541233.242537369,-103.78805760000049,0.3458646616541353,2026-02-17 14:34:00+00:00,surfline_trevone_20260217_1434
-553629.8944220217,6541232.820084631,-103.78805760000049,0.3483709273182957,2026-02-17 14:34:00+00:00,surfline_trevone_20260217_1434
-553629.7918836843,6541232.397632003,-103.78805760000049,0.3508771929824561,2026-02-17 14:34:00+00:00,surfline_trevone_20260217_1434
-553629.6893454614,6541231.975179263,-103.78805760000049,0.3533834586466165,2026-02-17 14:34:00+00:00,surfline_trevone_20260217_1434
-553629.5868073544,6541231.552726415,-103.78805760000049,0.3558897243107769,2026-02-17 14:34:00+00:00,surfline_trevone_20260217_1434
-553629.4842690171,6541231.130273787,-103.78805760000049,0.3583959899749373,2026-02-17 14:34:00+00:00,surfline_trevone_20260217_1434
-553629.3817307942,6541230.707821048,-103.78805760000049,0.3609022556390977,2026-02-17 14:34:00+00:00,surfline_trevone_20260217_1434
-553629.2791926875,6541230.285368199,-103.78805760000049,0.3634085213032581,2026-02-17 14:34:00+00:00,surfline_trevone_20260217_1434
-553629.1766544651,6541229.86291546,-103.78805760000049,0.3659147869674185,2026-02-17 14:34:00+00:00,surfline_trevone_20260217_1434
-553629.0741161274,6541229.440462832,-103.78805760000049,0.3684210526315789,2026-02-17 14:34:00+00:00,surfline_trevone_20260217_1434
-553628.9715779044,6541229.018010093,-103.78805760000049,0.37092731829573933,2026-02-17 14:34:00+00:00,surfline_trevone_20260217_1434
-553628.869039798,6541228.595557244,-103.78805760000049,0.37343358395989973,2026-02-17 14:34:00+00:00,surfline_trevone_20260217_1434
-553628.8656610112,6541228.202056166,-103.78805760000049,0.37593984962406013,2026-02-17 14:34:00+00:00,surfline_trevone_20260217_1434
-553629.5293153805,6541228.003309442,-103.78805760000049,0.37844611528822053,2026-02-17 14:34:00+00:00,surfline_trevone_20260217_1434
-553630.28664558,6541227.83191318,-103.78805760000049,0.38095238095238093,2026-02-17 14:34:00+00:00,surfline_trevone_20260217_1434
-553630.451438007,6541227.487513042,-103.78805760000049,0.38345864661654133,2026-02-17 14:34:00+00:00,surfline_trevone_20260217_1434
-553630.5859985292,6541227.134286216,-103.78805760000049,0.38596491228070173,2026-02-17 14:34:00+00:00,surfline_trevone_20260217_1434
-553629.858939657,6541226.529491823,-103.78805760000049,0.38847117794486213,2026-02-17 14:34:00+00:00,surfline_trevone_20260217_1434
-553629.4592570632,6541226.020281602,-103.78805760000049,0.39097744360902253,2026-02-17 14:34:00+00:00,surfline_trevone_20260217_1434
-553630.2165870606,6541225.848885138,-103.78805760000049,0.39348370927318294,2026-02-17 14:34:00+00:00,surfline_trevone_20260217_1434
-553630.3103866525,6541225.483757309,-103.78805760000049,0.39598997493734334,2026-02-17 14:34:00+00:00,surfline_trevone_20260217_1434
-553630.2078483148,6541225.061304682,-103.78805760000049,0.39849624060150374,2026-02-17 14:34:00+00:00,surfline_trevone_20260217_1434
-553630.1053100422,6541224.638851989,-103.78805760000049,0.40100250626566414,2026-02-17 14:34:00+00:00,surfline_trevone_20260217_1434
-553630.002771985,6541224.216399092,-103.78805760000049,0.40350877192982454,2026-02-17 14:34:00+00:00,surfline_trevone_20260217_1434
-553629.900233763,6541223.793946355,-103.78805760000049,0.40601503759398494,2026-02-17 14:34:00+00:00,surfline_trevone_20260217_1434
-553629.7976954251,6541223.371493727,-103.78805760000049,0.40852130325814534,2026-02-17 14:34:00+00:00,surfline_trevone_20260217_1434
-553629.6951572023,6541222.949040988,-103.78805760000049,0.41102756892230574,2026-02-17 14:34:00+00:00,surfline_trevone_20260217_1434
-553629.5926190959,6541222.526588138,-103.78805760000049,0.41353383458646614,2026-02-17 14:34:00+00:00,surfline_trevone_20260217_1434
-553629.4900807576,6541222.104135511,-103.78805760000049,0.41604010025062654,2026-02-17 14:34:00+00:00,surfline_trevone_20260217_1434
-553629.3875425346,6541221.681682771,-103.78805760000049,0.41854636591478694,2026-02-17 14:34:00+00:00,surfline_trevone_20260217_1434
-553629.2850044287,6541221.259229922,-103.78805760000049,0.42105263157894735,2026-02-17 14:34:00+00:00,surfline_trevone_20260217_1434
-553629.1824662064,6541220.836777183,-103.78805760000049,0.42355889724310775,2026-02-17 14:34:00+00:00,surfline_trevone_20260217_1434
-553629.841600167,6541220.636710633,-103.78805760000049,0.42606516290726815,2026-02-17 14:34:00+00:00,surfline_trevone_20260217_1434
-553630.5989303665,6541220.46531437,-103.78805760000049,0.42857142857142855,2026-02-17 14:34:00+00:00,surfline_trevone_20260217_1434
-553631.2390423947,6541220.25969368,-103.78805760000049,0.43107769423558895,2026-02-17 14:34:00+00:00,surfline_trevone_20260217_1434
-553631.1365041723,6541219.837240942,-103.78805760000049,0.43358395989974935,2026-02-17 14:34:00+00:00,surfline_trevone_20260217_1434
-553631.0339658345,6541219.414788314,-103.78805760000049,0.43609022556390975,2026-02-17 14:34:00+00:00,surfline_trevone_20260217_1434
-553630.9314276115,6541218.992335575,-103.78805760000049,0.43859649122807015,2026-02-17 14:34:00+00:00,surfline_trevone_20260217_1434
-553630.8288895054,6541218.569882725,-103.78805760000049,0.44110275689223055,2026-02-17 14:34:00+00:00,surfline_trevone_20260217_1434
-553630.7263512833,6541218.147429987,-103.78805760000049,0.44360902255639095,2026-02-17 14:34:00+00:00,surfline_trevone_20260217_1434
-553630.6238129451,6541217.72497736,-103.78805760000049,0.44611528822055135,2026-02-17 14:34:00+00:00,surfline_trevone_20260217_1434
-553630.5212747221,6541217.302524621,-103.78805760000049,0.44862155388471175,2026-02-17 14:34:00+00:00,surfline_trevone_20260217_1434
-553630.418736616,6541216.88007177,-103.78805760000049,0.45112781954887216,2026-02-17 14:34:00+00:00,surfline_trevone_20260217_1434
-553630.3875059598,6541216.47843876,-103.78805760000049,0.45363408521303256,2026-02-17 14:34:00+00:00,surfline_trevone_20260217_1434
-553631.023308461,6541216.271560104,-103.78805760000049,0.45614035087719296,2026-02-17 14:34:00+00:00,surfline_trevone_20260217_1434
-553631.7806386608,6541216.100163842,-103.78805760000049,0.45864661654135336,2026-02-17 14:34:00+00:00,surfline_trevone_20260217_1434
-553631.7806386608,6541216.100163842,-103.78805760000049,0.46115288220551376,2026-02-17 14:34:00+00:00,surfline_trevone_20260217_1434
-553631.7806386608,6541216.100163842,-103.78805760000049,0.46365914786967416,2026-02-17 14:34:00+00:00,surfline_trevone_20260217_1434
-553631.7806386608,6541216.100163842,-103.78805760000049,0.46616541353383456,2026-02-17 14:34:00+00:00,surfline_trevone_20260217_1434
-553631.7806386608,6541216.100163842,-103.78805760000049,0.46867167919799496,2026-02-17 14:34:00+00:00,surfline_trevone_20260217_1434
-553631.7806386608,6541216.100163842,-103.78805760000049,0.47117794486215536,2026-02-17 14:34:00+00:00,surfline_trevone_20260217_1434
-553631.7806386608,6541216.100163842,-103.78805760000049,0.47368421052631576,2026-02-17 14:34:00+00:00,surfline_trevone_20260217_1434
-553631.7806386608,6541216.100163842,-103.78805760000049,0.47619047619047616,2026-02-17 14:34:00+00:00,surfline_trevone_20260217_1434
-553631.7806386608,6541216.100163842,-103.78805760000049,0.47869674185463656,2026-02-17 14:34:00+00:00,surfline_trevone_20260217_1434
-553631.7806386608,6541216.100163842,-103.78805760000049,0.48120300751879697,2026-02-17 14:34:00+00:00,surfline_trevone_20260217_1434
-553631.7806386608,6541216.100163842,-103.78805760000049,0.48370927318295737,2026-02-17 14:34:00+00:00,surfline_trevone_20260217_1434
-553631.7806386608,6541216.100163842,-103.78805760000049,0.48621553884711777,2026-02-17 14:34:00+00:00,surfline_trevone_20260217_1434
-553631.7806386608,6541216.100163842,-103.78805760000049,0.48872180451127817,2026-02-17 14:34:00+00:00,surfline_trevone_20260217_1434
-553631.7806386608,6541216.100163842,-103.78805760000049,0.49122807017543857,2026-02-17 14:34:00+00:00,surfline_trevone_20260217_1434
-553631.7806386608,6541216.100163842,-103.78805760000049,0.49373433583959897,2026-02-17 14:34:00+00:00,surfline_trevone_20260217_1434
-553631.7806386608,6541216.100163842,-103.78805760000049,0.49624060150375937,2026-02-17 14:34:00+00:00,surfline_trevone_20260217_1434
-553631.7806386608,6541216.100163842,-103.78805760000049,0.49874686716791977,2026-02-17 14:34:00+00:00,surfline_trevone_20260217_1434
-553631.7806386608,6541216.100163842,-103.78805760000049,0.5012531328320802,2026-02-17 14:34:00+00:00,surfline_trevone_20260217_1434
-553631.7806386608,6541216.100163842,-103.78805760000049,0.5037593984962405,2026-02-17 14:34:00+00:00,surfline_trevone_20260217_1434
-553631.7806386608,6541216.100163842,-103.78805760000049,0.506265664160401,2026-02-17 14:34:00+00:00,surfline_trevone_20260217_1434
-553631.7806386608,6541216.100163842,-103.78805760000049,0.5087719298245614,2026-02-17 14:34:00+00:00,surfline_trevone_20260217_1434
-553631.7806386608,6541216.100163842,-103.78805760000049,0.5112781954887218,2026-02-17 14:34:00+00:00,surfline_trevone_20260217_1434
-553631.7806386608,6541216.100163842,-103.78805760000049,0.5137844611528821,2026-02-17 14:34:00+00:00,surfline_trevone_20260217_1434
-553631.7806386608,6541216.100163842,-103.78805760000049,0.5162907268170426,2026-02-17 14:34:00+00:00,surfline_trevone_20260217_1434
-553631.7806386608,6541216.100163842,-103.78805760000049,0.518796992481203,2026-02-17 14:34:00+00:00,surfline_trevone_20260217_1434
-553631.7806386608,6541216.100163842,-103.78805760000049,0.5213032581453634,2026-02-17 14:34:00+00:00,surfline_trevone_20260217_1434
-553631.7806386608,6541216.100163842,-103.78805760000049,0.5238095238095237,2026-02-17 14:34:00+00:00,surfline_trevone_20260217_1434
-553631.7806386608,6541216.100163842,-103.78805760000049,0.5263157894736842,2026-02-17 14:34:00+00:00,surfline_trevone_20260217_1434
-553631.7806386608,6541216.100163842,-103.78805760000049,0.5288220551378446,2026-02-17 14:34:00+00:00,surfline_trevone_20260217_1434
-553631.7806386608,6541216.100163842,-103.78805760000049,0.531328320802005,2026-02-17 14:34:00+00:00,surfline_trevone_20260217_1434
-553631.7806386608,6541216.100163842,-103.78805760000049,0.5338345864661653,2026-02-17 14:34:00+00:00,surfline_trevone_20260217_1434
-553631.7806386608,6541216.100163842,-103.78805760000049,0.5363408521303258,2026-02-17 14:34:00+00:00,surfline_trevone_20260217_1434
-553631.7806386608,6541216.100163842,-103.78805760000049,0.5388471177944862,2026-02-17 14:34:00+00:00,surfline_trevone_20260217_1434
-553631.7806386608,6541216.100163842,-103.78805760000049,0.5413533834586466,2026-02-17 14:34:00+00:00,surfline_trevone_20260217_1434
-553631.7806386608,6541216.100163842,-103.78805760000049,0.5438596491228069,2026-02-17 14:34:00+00:00,surfline_trevone_20260217_1434
-553631.7806386608,6541216.100163842,-103.78805760000049,0.5463659147869674,2026-02-17 14:34:00+00:00,surfline_trevone_20260217_1434
-553631.7806386608,6541216.100163842,-103.78805760000049,0.5488721804511278,2026-02-17 14:34:00+00:00,surfline_trevone_20260217_1434
-553631.7806386608,6541216.100163842,-103.78805760000049,0.5513784461152882,2026-02-17 14:34:00+00:00,surfline_trevone_20260217_1434
-553631.7806386608,6541216.100163842,-103.78805760000049,0.5538847117794485,2026-02-17 14:34:00+00:00,surfline_trevone_20260217_1434
-553631.7806386608,6541216.100163842,-103.78805760000049,0.556390977443609,2026-02-17 14:34:00+00:00,surfline_trevone_20260217_1434
-553631.7806386608,6541216.100163842,-103.78805760000049,0.5588972431077694,2026-02-17 14:34:00+00:00,surfline_trevone_20260217_1434
-553631.7806386608,6541216.100163842,-103.78805760000049,0.5614035087719298,2026-02-17 14:34:00+00:00,surfline_trevone_20260217_1434
-553631.7806386608,6541216.100163842,-103.78805760000049,0.5639097744360901,2026-02-17 14:34:00+00:00,surfline_trevone_20260217_1434
-553631.7806386608,6541216.100163842,-103.78805760000049,0.5664160401002506,2026-02-17 14:34:00+00:00,surfline_trevone_20260217_1434
-553631.7806386608,6541216.100163842,-103.78805760000049,0.568922305764411,2026-02-17 14:34:00+00:00,surfline_trevone_20260217_1434
-553631.7806386608,6541216.100163842,-103.78805760000049,0.5714285714285714,2026-02-17 14:34:00+00:00,surfline_trevone_20260217_1434
-553631.7806386608,6541216.100163842,-103.78805760000049,0.5739348370927317,2026-02-17 14:34:00+00:00,surfline_trevone_20260217_1434
-553631.7806386608,6541216.100163842,-103.78805760000049,0.5764411027568922,2026-02-17 14:34:00+00:00,surfline_trevone_20260217_1434
-553631.7806386608,6541216.100163842,-103.78805760000049,0.5789473684210527,2026-02-17 14:34:00+00:00,surfline_trevone_20260217_1434
-553631.7806386608,6541216.100163842,-103.78805760000049,0.581453634085213,2026-02-17 14:34:00+00:00,surfline_trevone_20260217_1434
-553631.7806386608,6541216.100163842,-103.78805760000049,0.5839598997493733,2026-02-17 14:34:00+00:00,surfline_trevone_20260217_1434
-553631.7806386608,6541216.100163842,-103.78805760000049,0.5864661654135338,2026-02-17 14:34:00+00:00,surfline_trevone_20260217_1434
-553631.7806386608,6541216.100163842,-103.78805760000049,0.5889724310776943,2026-02-17 14:34:00+00:00,surfline_trevone_20260217_1434
-553631.7806386608,6541216.100163842,-103.78805760000049,0.5914786967418546,2026-02-17 14:34:00+00:00,surfline_trevone_20260217_1434
-553631.7806386608,6541216.100163842,-103.78805760000049,0.593984962406015,2026-02-17 14:34:00+00:00,surfline_trevone_20260217_1434
-553631.7806386608,6541216.100163842,-103.78805760000049,0.5964912280701754,2026-02-17 14:34:00+00:00,surfline_trevone_20260217_1434
-553631.7806386608,6541216.100163842,-103.78805760000049,0.5989974937343359,2026-02-17 14:34:00+00:00,surfline_trevone_20260217_1434
-553631.7806386608,6541216.100163842,-103.78805760000049,0.6015037593984962,2026-02-17 14:34:00+00:00,surfline_trevone_20260217_1434
-553631.7806386608,6541216.100163842,-103.78805760000049,0.6040100250626566,2026-02-17 14:34:00+00:00,surfline_trevone_20260217_1434
-553631.7806386608,6541216.100163842,-103.78805760000049,0.606516290726817,2026-02-17 14:34:00+00:00,surfline_trevone_20260217_1434
-553631.7806386608,6541216.100163842,-103.78805760000049,0.6090225563909775,2026-02-17 14:34:00+00:00,surfline_trevone_20260217_1434
-553631.7806386608,6541216.100163842,-103.78805760000049,0.6115288220551378,2026-02-17 14:34:00+00:00,surfline_trevone_20260217_1434
-553631.7806386608,6541216.100163842,-103.78805760000049,0.6140350877192982,2026-02-17 14:34:00+00:00,surfline_trevone_20260217_1434
-553631.7806386608,6541216.100163842,-103.78805760000049,0.6165413533834586,2026-02-17 14:34:00+00:00,surfline_trevone_20260217_1434
-553631.7806386608,6541216.100163842,-103.78805760000049,0.6190476190476191,2026-02-17 14:34:00+00:00,surfline_trevone_20260217_1434
-553631.7806386608,6541216.100163842,-103.78805760000049,0.6215538847117794,2026-02-17 14:34:00+00:00,surfline_trevone_20260217_1434
-553631.7806386608,6541216.100163842,-103.78805760000049,0.6240601503759398,2026-02-17 14:34:00+00:00,surfline_trevone_20260217_1434
-553631.7806386608,6541216.100163842,-103.78805760000049,0.6265664160401002,2026-02-17 14:34:00+00:00,surfline_trevone_20260217_1434
-553631.7806386608,6541216.100163842,-103.78805760000049,0.6290726817042607,2026-02-17 14:34:00+00:00,surfline_trevone_20260217_1434
-553631.7806386608,6541216.100163842,-103.78805760000049,0.631578947368421,2026-02-17 14:34:00+00:00,surfline_trevone_20260217_1434
-553631.7806386608,6541216.100163842,-103.78805760000049,0.6340852130325814,2026-02-17 14:34:00+00:00,surfline_trevone_20260217_1434
-553631.7806386608,6541216.100163842,-103.78805760000049,0.6365914786967418,2026-02-17 14:34:00+00:00,surfline_trevone_20260217_1434
-553631.7806386608,6541216.100163842,-103.78805760000049,0.6390977443609023,2026-02-17 14:34:00+00:00,surfline_trevone_20260217_1434
-553631.7806386608,6541216.100163842,-103.78805760000049,0.6416040100250626,2026-02-17 14:34:00+00:00,surfline_trevone_20260217_1434
-553631.7806386608,6541216.100163842,-103.78805760000049,0.644110275689223,2026-02-17 14:34:00+00:00,surfline_trevone_20260217_1434
-553631.7806386608,6541216.100163842,-103.78805760000049,0.6466165413533834,2026-02-17 14:34:00+00:00,surfline_trevone_20260217_1434
-553631.7806386608,6541216.100163842,-103.78805760000049,0.6491228070175439,2026-02-17 14:34:00+00:00,surfline_trevone_20260217_1434
-553631.7806386608,6541216.100163842,-103.78805760000049,0.6516290726817042,2026-02-17 14:34:00+00:00,surfline_trevone_20260217_1434
-553631.7806386608,6541216.100163842,-103.78805760000049,0.6541353383458646,2026-02-17 14:34:00+00:00,surfline_trevone_20260217_1434
-553631.7806386608,6541216.100163842,-103.78805760000049,0.656641604010025,2026-02-17 14:34:00+00:00,surfline_trevone_20260217_1434
-553631.7806386608,6541216.100163842,-103.78805760000049,0.6591478696741855,2026-02-17 14:34:00+00:00,surfline_trevone_20260217_1434
-553631.7806386608,6541216.100163842,-103.78805760000049,0.6616541353383458,2026-02-17 14:34:00+00:00,surfline_trevone_20260217_1434
-553631.7806386608,6541216.100163842,-103.78805760000049,0.6641604010025062,2026-02-17 14:34:00+00:00,surfline_trevone_20260217_1434
-553631.7806386608,6541216.100163842,-103.78805760000049,0.6666666666666666,2026-02-17 14:34:00+00:00,surfline_trevone_20260217_1434
-553631.7806386608,6541216.100163842,-103.78805760000049,0.6691729323308271,2026-02-17 14:34:00+00:00,surfline_trevone_20260217_1434
-553631.7806386608,6541216.100163842,-103.78805760000049,0.6716791979949874,2026-02-17 14:34:00+00:00,surfline_trevone_20260217_1434
-553631.7806386608,6541216.100163842,-103.78805760000049,0.6741854636591478,2026-02-17 14:34:00+00:00,surfline_trevone_20260217_1434
-553631.7806386608,6541216.100163842,-103.78805760000049,0.6766917293233082,2026-02-17 14:34:00+00:00,surfline_trevone_20260217_1434
-553631.7806386608,6541216.100163842,-103.78805760000049,0.6791979949874687,2026-02-17 14:34:00+00:00,surfline_trevone_20260217_1434
-553631.7806386608,6541216.100163842,-103.78805760000049,0.681704260651629,2026-02-17 14:34:00+00:00,surfline_trevone_20260217_1434
-553631.7806386608,6541216.100163842,-103.78805760000049,0.6842105263157894,2026-02-17 14:34:00+00:00,surfline_trevone_20260217_1434
-553631.7806386608,6541216.100163842,-103.78805760000049,0.6867167919799498,2026-02-17 14:34:00+00:00,surfline_trevone_20260217_1434
-553631.7806386608,6541216.100163842,-103.78805760000049,0.6892230576441103,2026-02-17 14:34:00+00:00,surfline_trevone_20260217_1434
-553631.7806386608,6541216.100163842,-103.78805760000049,0.6917293233082706,2026-02-17 14:34:00+00:00,surfline_trevone_20260217_1434
-553631.7806386608,6541216.100163842,-103.78805760000049,0.694235588972431,2026-02-17 14:34:00+00:00,surfline_trevone_20260217_1434
-553631.7806386608,6541216.100163842,-103.78805760000049,0.6967418546365914,2026-02-17 14:34:00+00:00,surfline_trevone_20260217_1434
-553631.7806386608,6541216.100163842,-103.78805760000049,0.6992481203007519,2026-02-17 14:34:00+00:00,surfline_trevone_20260217_1434
-553631.7806386608,6541216.100163842,-103.78805760000049,0.7017543859649122,2026-02-17 14:34:00+00:00,surfline_trevone_20260217_1434
-553631.7806386608,6541216.100163842,-103.78805760000049,0.7042606516290726,2026-02-17 14:34:00+00:00,surfline_trevone_20260217_1434
-553631.7806386608,6541216.100163842,-103.78805760000049,0.706766917293233,2026-02-17 14:34:00+00:00,surfline_trevone_20260217_1434
-553631.7806386608,6541216.100163842,-103.78805760000049,0.7092731829573935,2026-02-17 14:34:00+00:00,surfline_trevone_20260217_1434
-553631.7806386608,6541216.100163842,-103.78805760000049,0.7117794486215538,2026-02-17 14:34:00+00:00,surfline_trevone_20260217_1434
-553631.7806386608,6541216.100163842,-103.78805760000049,0.7142857142857142,2026-02-17 14:34:00+00:00,surfline_trevone_20260217_1434
-553631.7806386608,6541216.100163842,-103.78805760000049,0.7167919799498746,2026-02-17 14:34:00+00:00,surfline_trevone_20260217_1434
-553631.7806386608,6541216.100163842,-103.78805760000049,0.7192982456140351,2026-02-17 14:34:00+00:00,surfline_trevone_20260217_1434
-553631.7806386608,6541216.100163842,-103.78805760000049,0.7218045112781954,2026-02-17 14:34:00+00:00,surfline_trevone_20260217_1434
-553631.7806386608,6541216.100163842,-103.78805760000049,0.7243107769423558,2026-02-17 14:34:00+00:00,surfline_trevone_20260217_1434
-553631.7806386608,6541216.100163842,-103.78805760000049,0.7268170426065163,2026-02-17 14:34:00+00:00,surfline_trevone_20260217_1434
-553631.7806386608,6541216.100163842,-103.78805760000049,0.7293233082706767,2026-02-17 14:34:00+00:00,surfline_trevone_20260217_1434
-553631.7806386608,6541216.100163842,-103.78805760000049,0.731829573934837,2026-02-17 14:34:00+00:00,surfline_trevone_20260217_1434
-553631.7806386608,6541216.100163842,-103.78805760000049,0.7343358395989974,2026-02-17 14:34:00+00:00,surfline_trevone_20260217_1434
-553631.7806386608,6541216.100163842,-103.78805760000049,0.7368421052631579,2026-02-17 14:34:00+00:00,surfline_trevone_20260217_1434
-553631.7806386608,6541216.100163842,-103.78805760000049,0.7393483709273183,2026-02-17 14:34:00+00:00,surfline_trevone_20260217_1434
-553631.7806386608,6541216.100163842,-103.78805760000049,0.7418546365914787,2026-02-17 14:34:00+00:00,surfline_trevone_20260217_1434
-553631.7806386608,6541216.100163842,-103.78805760000049,0.744360902255639,2026-02-17 14:34:00+00:00,surfline_trevone_20260217_1434
-553631.7806386608,6541216.100163842,-103.78805760000049,0.7468671679197995,2026-02-17 14:34:00+00:00,surfline_trevone_20260217_1434
-553631.7806386608,6541216.100163842,-103.78805760000049,0.7493734335839599,2026-02-17 14:34:00+00:00,surfline_trevone_20260217_1434
-553631.7806386608,6541216.100163842,-103.78805760000049,0.7518796992481203,2026-02-17 14:34:00+00:00,surfline_trevone_20260217_1434
-553631.7806386608,6541216.100163842,-103.78805760000049,0.7543859649122806,2026-02-17 14:34:00+00:00,surfline_trevone_20260217_1434
-553631.7806386608,6541216.100163842,-103.78805760000049,0.7568922305764411,2026-02-17 14:34:00+00:00,surfline_trevone_20260217_1434
-553631.7806386608,6541216.100163842,-103.78805760000049,0.7593984962406015,2026-02-17 14:34:00+00:00,surfline_trevone_20260217_1434
-553631.7806386608,6541216.100163842,-103.78805760000049,0.7619047619047619,2026-02-17 14:34:00+00:00,surfline_trevone_20260217_1434
-553631.7806386608,6541216.100163842,-103.78805760000049,0.7644110275689222,2026-02-17 14:34:00+00:00,surfline_trevone_20260217_1434
-553631.7806386608,6541216.100163842,-103.78805760000049,0.7669172932330827,2026-02-17 14:34:00+00:00,surfline_trevone_20260217_1434
-553631.7806386608,6541216.100163842,-103.78805760000049,0.7694235588972431,2026-02-17 14:34:00+00:00,surfline_trevone_20260217_1434
-553631.7806386608,6541216.100163842,-103.78805760000049,0.7719298245614035,2026-02-17 14:34:00+00:00,surfline_trevone_20260217_1434
-553631.7806386608,6541216.100163842,-103.78805760000049,0.7744360902255638,2026-02-17 14:34:00+00:00,surfline_trevone_20260217_1434
-553631.7806386608,6541216.100163842,-103.78805760000049,0.7769423558897243,2026-02-17 14:34:00+00:00,surfline_trevone_20260217_1434
-553631.7806386608,6541216.100163842,-103.78805760000049,0.7794486215538847,2026-02-17 14:34:00+00:00,surfline_trevone_20260217_1434
-553631.7806386608,6541216.100163842,-103.78805760000049,0.7819548872180451,2026-02-17 14:34:00+00:00,surfline_trevone_20260217_1434
-553631.7806386608,6541216.100163842,-103.78805760000049,0.7844611528822054,2026-02-17 14:34:00+00:00,surfline_trevone_20260217_1434
-553631.7806386608,6541216.100163842,-103.78805760000049,0.7869674185463659,2026-02-17 14:34:00+00:00,surfline_trevone_20260217_1434
-553631.7806386608,6541216.100163842,-103.78805760000049,0.7894736842105263,2026-02-17 14:34:00+00:00,surfline_trevone_20260217_1434
-553631.7806386608,6541216.100163842,-103.78805760000049,0.7919799498746867,2026-02-17 14:34:00+00:00,surfline_trevone_20260217_1434
-553631.7806386608,6541216.100163842,-103.78805760000049,0.794486215538847,2026-02-17 14:34:00+00:00,surfline_trevone_20260217_1434
-553631.7806386608,6541216.100163842,-103.78805760000049,0.7969924812030075,2026-02-17 14:34:00+00:00,surfline_trevone_20260217_1434
-553631.7806386608,6541216.100163842,-103.78805760000049,0.7994987468671679,2026-02-17 14:34:00+00:00,surfline_trevone_20260217_1434
-553631.7806386608,6541216.100163842,-103.78805760000049,0.8020050125313283,2026-02-17 14:34:00+00:00,surfline_trevone_20260217_1434
-553631.7806386608,6541216.100163842,-103.78805760000049,0.8045112781954886,2026-02-17 14:34:00+00:00,surfline_trevone_20260217_1434
-553631.7806386608,6541216.100163842,-103.78805760000049,0.8070175438596491,2026-02-17 14:34:00+00:00,surfline_trevone_20260217_1434
-553631.7806386608,6541216.100163842,-103.78805760000049,0.8095238095238095,2026-02-17 14:34:00+00:00,surfline_trevone_20260217_1434
-553631.7806386608,6541216.100163842,-103.78805760000049,0.8120300751879699,2026-02-17 14:34:00+00:00,surfline_trevone_20260217_1434
-553631.7806386608,6541216.100163842,-103.78805760000049,0.8145363408521302,2026-02-17 14:34:00+00:00,surfline_trevone_20260217_1434
-553631.7806386608,6541216.100163842,-103.78805760000049,0.8170426065162907,2026-02-17 14:34:00+00:00,surfline_trevone_20260217_1434
-553631.7806386608,6541216.100163842,-103.78805760000049,0.8195488721804511,2026-02-17 14:34:00+00:00,surfline_trevone_20260217_1434
-553631.7806386608,6541216.100163842,-103.78805760000049,0.8220551378446115,2026-02-17 14:34:00+00:00,surfline_trevone_20260217_1434
-553631.7806386608,6541216.100163842,-103.78805760000049,0.8245614035087718,2026-02-17 14:34:00+00:00,surfline_trevone_20260217_1434
-553631.7806386608,6541216.100163842,-103.78805760000049,0.8270676691729323,2026-02-17 14:34:00+00:00,surfline_trevone_20260217_1434
-553631.7806386608,6541216.100163842,-103.78805760000049,0.8295739348370927,2026-02-17 14:34:00+00:00,surfline_trevone_20260217_1434
-553631.7806386608,6541216.100163842,-103.78805760000049,0.8320802005012531,2026-02-17 14:34:00+00:00,surfline_trevone_20260217_1434
-553631.7806386608,6541216.100163842,-103.78805760000049,0.8345864661654134,2026-02-17 14:34:00+00:00,surfline_trevone_20260217_1434
-553631.7806386608,6541216.100163842,-103.78805760000049,0.8370927318295739,2026-02-17 14:34:00+00:00,surfline_trevone_20260217_1434
-553631.7806386608,6541216.100163842,-103.78805760000049,0.8395989974937343,2026-02-17 14:34:00+00:00,surfline_trevone_20260217_1434
-553631.7806386608,6541216.100163842,-103.78805760000049,0.8421052631578947,2026-02-17 14:34:00+00:00,surfline_trevone_20260217_1434
-553631.7806386608,6541216.100163842,-103.78805760000049,0.844611528822055,2026-02-17 14:34:00+00:00,surfline_trevone_20260217_1434
-553631.7806386608,6541216.100163842,-103.78805760000049,0.8471177944862155,2026-02-17 14:34:00+00:00,surfline_trevone_20260217_1434
-553631.7806386608,6541216.100163842,-103.78805760000049,0.849624060150376,2026-02-17 14:34:00+00:00,surfline_trevone_20260217_1434
-553631.7806386608,6541216.100163842,-103.78805760000049,0.8521303258145363,2026-02-17 14:34:00+00:00,surfline_trevone_20260217_1434
-553631.7806386608,6541216.100163842,-103.78805760000049,0.8546365914786966,2026-02-17 14:34:00+00:00,surfline_trevone_20260217_1434
-553631.7806386608,6541216.100163842,-103.78805760000049,0.8571428571428571,2026-02-17 14:34:00+00:00,surfline_trevone_20260217_1434
-553631.7806386608,6541216.100163842,-103.78805760000049,0.8596491228070176,2026-02-17 14:34:00+00:00,surfline_trevone_20260217_1434
-553631.7806386608,6541216.100163842,-103.78805760000049,0.8621553884711779,2026-02-17 14:34:00+00:00,surfline_trevone_20260217_1434
-553631.7806386608,6541216.100163842,-103.78805760000049,0.8646616541353382,2026-02-17 14:34:00+00:00,surfline_trevone_20260217_1434
-553631.7806386608,6541216.100163842,-103.78805760000049,0.8671679197994987,2026-02-17 14:34:00+00:00,surfline_trevone_20260217_1434
-553631.7806386608,6541216.100163842,-103.78805760000049,0.8696741854636592,2026-02-17 14:34:00+00:00,surfline_trevone_20260217_1434
-553631.7806386608,6541216.100163842,-103.78805760000049,0.8721804511278195,2026-02-17 14:34:00+00:00,surfline_trevone_20260217_1434
-553631.7806386608,6541216.100163842,-103.78805760000049,0.8746867167919798,2026-02-17 14:34:00+00:00,surfline_trevone_20260217_1434
-553631.7806386608,6541216.100163842,-103.78805760000049,0.8771929824561403,2026-02-17 14:34:00+00:00,surfline_trevone_20260217_1434
-553631.7806386608,6541216.100163842,-103.78805760000049,0.8796992481203008,2026-02-17 14:34:00+00:00,surfline_trevone_20260217_1434
-553631.7806386608,6541216.100163842,-103.78805760000049,0.8822055137844611,2026-02-17 14:34:00+00:00,surfline_trevone_20260217_1434
-553631.7806386608,6541216.100163842,-103.78805760000049,0.8847117794486214,2026-02-17 14:34:00+00:00,surfline_trevone_20260217_1434
-553631.7806386608,6541216.100163842,-103.78805760000049,0.8872180451127819,2026-02-17 14:34:00+00:00,surfline_trevone_20260217_1434
-553631.7806386608,6541216.100163842,-103.78805760000049,0.8897243107769424,2026-02-17 14:34:00+00:00,surfline_trevone_20260217_1434
-553631.7806386608,6541216.100163842,-103.78805760000049,0.8922305764411027,2026-02-17 14:34:00+00:00,surfline_trevone_20260217_1434
-553631.7806386608,6541216.100163842,-103.78805760000049,0.894736842105263,2026-02-17 14:34:00+00:00,surfline_trevone_20260217_1434
-553631.7806386608,6541216.100163842,-103.78805760000049,0.8972431077694235,2026-02-17 14:34:00+00:00,surfline_trevone_20260217_1434
-553631.7806386608,6541216.100163842,-103.78805760000049,0.899749373433584,2026-02-17 14:34:00+00:00,surfline_trevone_20260217_1434
-553631.7806386608,6541216.100163842,-103.78805760000049,0.9022556390977443,2026-02-17 14:34:00+00:00,surfline_trevone_20260217_1434
-553631.7806386608,6541216.100163842,-103.78805760000049,0.9047619047619047,2026-02-17 14:34:00+00:00,surfline_trevone_20260217_1434
-553631.7806386608,6541216.100163842,-103.78805760000049,0.9072681704260651,2026-02-17 14:34:00+00:00,surfline_trevone_20260217_1434
-553631.7806386608,6541216.100163842,-103.78805760000049,0.9097744360902256,2026-02-17 14:34:00+00:00,surfline_trevone_20260217_1434
-553631.7806386608,6541216.100163842,-103.78805760000049,0.9122807017543859,2026-02-17 14:34:00+00:00,surfline_trevone_20260217_1434
-553631.7806386608,6541216.100163842,-103.78805760000049,0.9147869674185463,2026-02-17 14:34:00+00:00,surfline_trevone_20260217_1434
-553631.7806386608,6541216.100163842,-103.78805760000049,0.9172932330827067,2026-02-17 14:34:00+00:00,surfline_trevone_20260217_1434
-553631.7806386608,6541216.100163842,-103.78805760000049,0.9197994987468672,2026-02-17 14:34:00+00:00,surfline_trevone_20260217_1434
-553631.7806386608,6541216.100163842,-103.78805760000049,0.9223057644110275,2026-02-17 14:34:00+00:00,surfline_trevone_20260217_1434
-553631.7806386608,6541216.100163842,-103.78805760000049,0.9248120300751879,2026-02-17 14:34:00+00:00,surfline_trevone_20260217_1434
-553631.7806386608,6541216.100163842,-103.78805760000049,0.9273182957393483,2026-02-17 14:34:00+00:00,surfline_trevone_20260217_1434
-553631.7806386608,6541216.100163842,-103.78805760000049,0.9298245614035088,2026-02-17 14:34:00+00:00,surfline_trevone_20260217_1434
-553631.7806386608,6541216.100163842,-103.78805760000049,0.9323308270676691,2026-02-17 14:34:00+00:00,surfline_trevone_20260217_1434
-553631.7806386608,6541216.100163842,-103.78805760000049,0.9348370927318295,2026-02-17 14:34:00+00:00,surfline_trevone_20260217_1434
-553631.7806386608,6541216.100163842,-103.78805760000049,0.9373433583959899,2026-02-17 14:34:00+00:00,surfline_trevone_20260217_1434
-553631.7806386608,6541216.100163842,-103.78805760000049,0.9398496240601504,2026-02-17 14:34:00+00:00,surfline_trevone_20260217_1434
-553631.7806386608,6541216.100163842,-103.78805760000049,0.9423558897243107,2026-02-17 14:34:00+00:00,surfline_trevone_20260217_1434
-553631.7806386608,6541216.100163842,-103.78805760000049,0.9448621553884711,2026-02-17 14:34:00+00:00,surfline_trevone_20260217_1434
-553631.7806386608,6541216.100163842,-103.78805760000049,0.9473684210526315,2026-02-17 14:34:00+00:00,surfline_trevone_20260217_1434
-553631.7806386608,6541216.100163842,-103.78805760000049,0.949874686716792,2026-02-17 14:34:00+00:00,surfline_trevone_20260217_1434
-553631.7806386608,6541216.100163842,-103.78805760000049,0.9523809523809523,2026-02-17 14:34:00+00:00,surfline_trevone_20260217_1434
-553631.7806386608,6541216.100163842,-103.78805760000049,0.9548872180451127,2026-02-17 14:34:00+00:00,surfline_trevone_20260217_1434
-553631.7806386608,6541216.100163842,-103.78805760000049,0.9573934837092731,2026-02-17 14:34:00+00:00,surfline_trevone_20260217_1434
-553631.7806386608,6541216.100163842,-103.78805760000049,0.9598997493734336,2026-02-17 14:34:00+00:00,surfline_trevone_20260217_1434
-553631.7806386608,6541216.100163842,-103.78805760000049,0.9624060150375939,2026-02-17 14:34:00+00:00,surfline_trevone_20260217_1434
-553631.7806386608,6541216.100163842,-103.78805760000049,0.9649122807017543,2026-02-17 14:34:00+00:00,surfline_trevone_20260217_1434
-553631.7806386608,6541216.100163842,-103.78805760000049,0.9674185463659147,2026-02-17 14:34:00+00:00,surfline_trevone_20260217_1434
-553631.7806386608,6541216.100163842,-103.78805760000049,0.9699248120300752,2026-02-17 14:34:00+00:00,surfline_trevone_20260217_1434
-553631.7806386608,6541216.100163842,-103.78805760000049,0.9724310776942355,2026-02-17 14:34:00+00:00,surfline_trevone_20260217_1434
-553631.7806386608,6541216.100163842,-103.78805760000049,0.9749373433583959,2026-02-17 14:34:00+00:00,surfline_trevone_20260217_1434
-553631.7806386608,6541216.100163842,-103.78805760000049,0.9774436090225563,2026-02-17 14:34:00+00:00,surfline_trevone_20260217_1434
-553631.7806386608,6541216.100163842,-103.78805760000049,0.9799498746867168,2026-02-17 14:34:00+00:00,surfline_trevone_20260217_1434
-553631.7806386608,6541216.100163842,-103.78805760000049,0.9824561403508771,2026-02-17 14:34:00+00:00,surfline_trevone_20260217_1434
-553631.7806386608,6541216.100163842,-103.78805760000049,0.9849624060150375,2026-02-17 14:34:00+00:00,surfline_trevone_20260217_1434
-553631.7806386608,6541216.100163842,-103.78805760000049,0.9874686716791979,2026-02-17 14:34:00+00:00,surfline_trevone_20260217_1434
-553631.7806386608,6541216.100163842,-103.78805760000049,0.9899749373433584,2026-02-17 14:34:00+00:00,surfline_trevone_20260217_1434
-553631.7806386608,6541216.100163842,-103.78805760000049,0.9924812030075187,2026-02-17 14:34:00+00:00,surfline_trevone_20260217_1434
-553631.7806386608,6541216.100163842,-103.78805760000049,0.9949874686716791,2026-02-17 14:34:00+00:00,surfline_trevone_20260217_1434
-553631.7806386608,6541216.100163842,-103.78805760000049,0.9974937343358395,2026-02-17 14:34:00+00:00,surfline_trevone_20260217_1434
-553631.7806386608,6541216.100163842,-103.78805760000049,1.0,2026-02-17 14:34:00+00:00,surfline_trevone_20260217_1434
-553653.6039983109,6541294.302114207,-103.9087584000005,0.0,2026-02-17 15:07:00+00:00,surfline_trevone_20260217_1507
-553654.1928144183,6541294.081516825,-103.9087584000005,0.002506265664160401,2026-02-17 15:07:00+00:00,surfline_trevone_20260217_1507
-553654.950144618,6541293.910120563,-103.9087584000005,0.005012531328320802,2026-02-17 15:07:00+00:00,surfline_trevone_20260217_1507
-553655.6605745436,6541293.725030663,-103.9087584000005,0.007518796992481203,2026-02-17 15:07:00+00:00,surfline_trevone_20260217_1507
-553656.0791339041,6541293.454723205,-103.9087584000005,0.010025062656641603,2026-02-17 15:07:00+00:00,surfline_trevone_20260217_1507
-553656.8364642814,6541293.283327125,-103.9087584000005,0.012531328320802004,2026-02-17 15:07:00+00:00,surfline_trevone_20260217_1507
-553657.5937944811,6541293.111930863,-103.9087584000005,0.015037593984962405,2026-02-17 15:07:00+00:00,surfline_trevone_20260217_1507
-553657.6146125103,6541292.725494421,-103.9087584000005,0.017543859649122806,2026-02-17 15:07:00+00:00,surfline_trevone_20260217_1507
-553657.5120742882,6541292.303041683,-103.9087584000005,0.020050125313283207,2026-02-17 15:07:00+00:00,surfline_trevone_20260217_1507
-553657.4095359633,6541291.880589043,-103.9087584000005,0.022556390977443608,2026-02-17 15:07:00+00:00,surfline_trevone_20260217_1507
-553657.3069977404,6541291.458136303,-103.9087584000005,0.02506265664160401,2026-02-17 15:07:00+00:00,surfline_trevone_20260217_1507
-553657.2044596209,6541291.035683466,-103.9087584000005,0.02756892230576441,2026-02-17 15:07:00+00:00,surfline_trevone_20260217_1507
-553657.5097243191,6541290.732297276,-103.9087584000005,0.03007518796992481,2026-02-17 15:07:00+00:00,surfline_trevone_20260217_1507
-553658.2670546961,6541290.560901195,-103.9087584000005,0.03258145363408521,2026-02-17 15:07:00+00:00,surfline_trevone_20260217_1507
-553659.0243848959,6541290.389504933,-103.9087584000005,0.03508771929824561,2026-02-17 15:07:00+00:00,surfline_trevone_20260217_1507
-553659.7817149162,6541290.218108492,-103.9087584000005,0.03759398496240601,2026-02-17 15:07:00+00:00,surfline_trevone_20260217_1507
-553660.5390451151,6541290.046712231,-103.9087584000005,0.040100250626566414,2026-02-17 15:07:00+00:00,surfline_trevone_20260217_1507
-553661.2963754907,6541289.875316149,-103.9087584000005,0.042606516290726815,2026-02-17 15:07:00+00:00,surfline_trevone_20260217_1507
-553662.0537056905,6541289.703919887,-103.9087584000005,0.045112781954887216,2026-02-17 15:07:00+00:00,surfline_trevone_20260217_1507
-553662.8110357122,6541289.532523447,-103.9087584000005,0.047619047619047616,2026-02-17 15:07:00+00:00,surfline_trevone_20260217_1507
-553663.3741881874,6541289.304432958,-103.9087584000005,0.05012531328320802,2026-02-17 15:07:00+00:00,surfline_trevone_20260217_1507
-553663.9400253551,6541289.077126449,-103.9087584000005,0.05263157894736842,2026-02-17 15:07:00+00:00,surfline_trevone_20260217_1507
-553664.6973555549,6541288.905730187,-103.9087584000005,0.05513784461152882,2026-02-17 15:07:00+00:00,surfline_trevone_20260217_1507
-553665.4307643754,6541288.727349456,-103.9087584000005,0.05764411027568922,2026-02-17 15:07:00+00:00,surfline_trevone_20260217_1507
-553665.82634502,6541288.45033301,-103.9087584000005,0.06015037593984962,2026-02-17 15:07:00+00:00,surfline_trevone_20260217_1507
-553666.5836752194,6541288.278936748,-103.9087584000005,0.06265664160401002,2026-02-17 15:07:00+00:00,surfline_trevone_20260217_1507
-553667.3410052435,6541288.10754031,-103.9087584000005,0.06516290726817042,2026-02-17 15:07:00+00:00,surfline_trevone_20260217_1507
-553668.0983355165,6541287.936144125,-103.9087584000005,0.06766917293233082,2026-02-17 15:07:00+00:00,surfline_trevone_20260217_1507
-553668.8556658144,6541287.764747964,-103.9087584000005,0.07017543859649122,2026-02-17 15:07:00+00:00,surfline_trevone_20260217_1507
-553666.5276285645,6541286.692514477,-103.9087584000005,0.07268170426065163,2026-02-17 15:07:00+00:00,surfline_trevone_20260217_1507
-553667.0771876747,6541286.460454998,-103.9087584000005,0.07518796992481203,2026-02-17 15:07:00+00:00,surfline_trevone_20260217_1507
-553667.2709469233,6541286.124512471,-103.9087584000005,0.07769423558897243,2026-02-17 15:07:00+00:00,surfline_trevone_20260217_1507
-553668.0282772962,6541285.953116386,-103.9087584000005,0.08020050125313283,2026-02-17 15:07:00+00:00,surfline_trevone_20260217_1507
-553668.785607496,6541285.781720124,-103.9087584000005,0.08270676691729323,2026-02-17 15:07:00+00:00,surfline_trevone_20260217_1507
-553669.0312256413,6541285.460918756,-103.9087584000005,0.08521303258145363,2026-02-17 15:07:00+00:00,surfline_trevone_20260217_1507
-553668.9286874189,6541285.038466018,-103.9087584000005,0.08771929824561403,2026-02-17 15:07:00+00:00,surfline_trevone_20260217_1507
-553669.1292434357,6541284.704508075,-103.9087584000005,0.09022556390977443,2026-02-17 15:07:00+00:00,surfline_trevone_20260217_1507
-553669.8865736355,6541284.533111813,-103.9087584000005,0.09273182957393483,2026-02-17 15:07:00+00:00,surfline_trevone_20260217_1507
-553670.6439036602,6541284.361715375,-103.9087584000005,0.09523809523809523,2026-02-17 15:07:00+00:00,surfline_trevone_20260217_1507
-553670.8827253854,6541284.038929776,-103.9087584000005,0.09774436090225563,2026-02-17 15:07:00+00:00,surfline_trevone_20260217_1507
-553671.0015514357,6541283.681109068,-103.9087584000005,0.10025062656641603,2026-02-17 15:07:00+00:00,surfline_trevone_20260217_1507
-553671.7588816355,6541283.509712806,-103.9087584000005,0.10275689223057644,2026-02-17 15:07:00+00:00,surfline_trevone_20260217_1507
-553672.516211661,6541283.33831637,-103.9087584000005,0.10526315789473684,2026-02-17 15:07:00+00:00,surfline_trevone_20260217_1507
-553672.836763352,6541283.039393536,-103.9087584000005,0.10776942355889724,2026-02-17 15:07:00+00:00,surfline_trevone_20260217_1507
-553671.7168466436,6541282.319896103,-103.9087584000005,0.11027568922305764,2026-02-17 15:07:00+00:00,surfline_trevone_20260217_1507
-553672.4741768434,6541282.148499841,-103.9087584000005,0.11278195488721804,2026-02-17 15:07:00+00:00,surfline_trevone_20260217_1507
-553672.529148684,6541281.772035318,-103.9087584000005,0.11528822055137844,2026-02-17 15:07:00+00:00,surfline_trevone_20260217_1507
-553673.2174953782,6541281.580498012,-103.9087584000005,0.11779448621553884,2026-02-17 15:07:00+00:00,surfline_trevone_20260217_1507
-553673.9748255777,6541281.40910175,-103.9087584000005,0.12030075187969924,2026-02-17 15:07:00+00:00,surfline_trevone_20260217_1507
-553674.5857248728,6541281.194951816,-103.9087584000005,0.12280701754385964,2026-02-17 15:07:00+00:00,surfline_trevone_20260217_1507
-553674.4831866509,6541280.772499078,-103.9087584000005,0.12531328320802004,2026-02-17 15:07:00+00:00,surfline_trevone_20260217_1507
-553675.0898033783,6541280.557099006,-103.9087584000005,0.12781954887218044,2026-02-17 15:07:00+00:00,surfline_trevone_20260217_1507
-553675.8471335779,6541280.385702744,-103.9087584000005,0.13032581453634084,2026-02-17 15:07:00+00:00,surfline_trevone_20260217_1507
-553676.5397628397,6541280.195415575,-103.9087584000005,0.13283208020050125,2026-02-17 15:07:00+00:00,surfline_trevone_20260217_1507
-553676.4372245752,6541279.772962877,-103.9087584000005,0.13533834586466165,2026-02-17 15:07:00+00:00,surfline_trevone_20260217_1507
-553676.3346862964,6541279.350510192,-103.9087584000005,0.13784461152882205,2026-02-17 15:07:00+00:00,surfline_trevone_20260217_1507
-553675.7910869227,6541278.799280472,-103.9087584000005,0.14035087719298245,2026-02-17 15:07:00+00:00,surfline_trevone_20260217_1507
-553676.1296099499,6541278.50560462,-103.9087584000005,0.14285714285714285,2026-02-17 15:07:00+00:00,surfline_trevone_20260217_1507
-553676.5344052862,6541278.23127847,-103.9087584000005,0.14536340852130325,2026-02-17 15:07:00+00:00,surfline_trevone_20260217_1507
-553677.2917356557,6541278.059882382,-103.9087584000005,0.14786967418546365,2026-02-17 15:07:00+00:00,surfline_trevone_20260217_1507
-553678.0490658556,6541277.88848612,-103.9087584000005,0.15037593984962405,2026-02-17 15:07:00+00:00,surfline_trevone_20260217_1507
-553678.083647916,6541277.506068379,-103.9087584000005,0.15288220551378445,2026-02-17 15:07:00+00:00,surfline_trevone_20260217_1507
-553676.4783586308,6541276.644856199,-103.9087584000005,0.15538847117794485,2026-02-17 15:07:00+00:00,surfline_trevone_20260217_1507
-553677.2356890006,6541276.473460111,-103.9087584000005,0.15789473684210525,2026-02-17 15:07:00+00:00,surfline_trevone_20260217_1507
-553677.7760331507,6541276.238710256,-103.9087584000005,0.16040100250626566,2026-02-17 15:07:00+00:00,surfline_trevone_20260217_1507
-553677.9790073647,6541275.905458108,-103.9087584000005,0.16290726817042606,2026-02-17 15:07:00+00:00,surfline_trevone_20260217_1507
-553678.7363375641,6541275.734061847,-103.9087584000005,0.16541353383458646,2026-02-17 15:07:00+00:00,surfline_trevone_20260217_1507
-553679.4936679334,6541275.562665758,-103.9087584000005,0.16791979949874686,2026-02-17 15:07:00+00:00,surfline_trevone_20260217_1507
-553679.7300711174,6541275.239174015,-103.9087584000005,0.17042606516290726,2026-02-17 15:07:00+00:00,surfline_trevone_20260217_1507
-553679.6275329934,6541274.816721182,-103.9087584000005,0.17293233082706766,2026-02-17 15:07:00+00:00,surfline_trevone_20260217_1507
-553680.2229748038,6541274.59805836,-103.9087584000005,0.17543859649122806,2026-02-17 15:07:00+00:00,surfline_trevone_20260217_1507
-553680.9803050034,6541274.426662098,-103.9087584000005,0.17794486215538846,2026-02-17 15:07:00+00:00,surfline_trevone_20260217_1507
-553681.6841091813,6541274.239637679,-103.9087584000005,0.18045112781954886,2026-02-17 15:07:00+00:00,surfline_trevone_20260217_1507
-553679.2173801035,6541273.126910227,-103.9087584000005,0.18295739348370926,2026-02-17 15:07:00+00:00,surfline_trevone_20260217_1507
-553679.1148417831,6541272.704457583,-103.9087584000005,0.18546365914786966,2026-02-17 15:07:00+00:00,surfline_trevone_20260217_1507
-553679.3815746246,6541272.389821215,-103.9087584000005,0.18796992481203006,2026-02-17 15:07:00+00:00,surfline_trevone_20260217_1507
-553680.1389046524,6541272.21842478,-103.9087584000005,0.19047619047619047,2026-02-17 15:07:00+00:00,surfline_trevone_20260217_1507
-553680.896234851,6541272.047028519,-103.9087584000005,0.19298245614035087,2026-02-17 15:07:00+00:00,surfline_trevone_20260217_1507
-553681.0688797499,6541271.7049213415,-103.9087584000005,0.19548872180451127,2026-02-17 15:07:00+00:00,surfline_trevone_20260217_1507
-553680.9663414849,6541271.282468642,-103.9087584000005,0.19799498746867167,2026-02-17 15:07:00+00:00,surfline_trevone_20260217_1507
-553680.8638034024,6541270.8600157695,-103.9087584000005,0.20050125313283207,2026-02-17 15:07:00+00:00,surfline_trevone_20260217_1507
-553680.7612651803,6541270.437563031,-103.9087584000005,0.20300751879699247,2026-02-17 15:07:00+00:00,surfline_trevone_20260217_1507
-553680.6587268601,6541270.015110387,-103.9087584000005,0.20551378446115287,2026-02-17 15:07:00+00:00,surfline_trevone_20260217_1507
-553680.5561886373,6541269.592657647,-103.9087584000005,0.20802005012531327,2026-02-17 15:07:00+00:00,surfline_trevone_20260217_1507
-553680.4536505131,6541269.170204815,-103.9087584000005,0.21052631578947367,2026-02-17 15:07:00+00:00,surfline_trevone_20260217_1507
-553680.351112291,6541268.747752077,-103.9087584000005,0.21303258145363407,2026-02-17 15:07:00+00:00,surfline_trevone_20260217_1507
-553680.2485739705,6541268.3252994325,-103.9087584000005,0.21553884711779447,2026-02-17 15:07:00+00:00,surfline_trevone_20260217_1507
-553680.1460357477,6541267.902846693,-103.9087584000005,0.21804511278195488,2026-02-17 15:07:00+00:00,surfline_trevone_20260217_1507
-553680.0434976236,6541267.4803938605,-103.9087584000005,0.22055137844611528,2026-02-17 15:07:00+00:00,surfline_trevone_20260217_1507
-553679.9409594017,6541267.057941122,-103.9087584000005,0.22305764411027568,2026-02-17 15:07:00+00:00,surfline_trevone_20260217_1507
-553679.838421081,6541266.635488478,-103.9087584000005,0.22556390977443608,2026-02-17 15:07:00+00:00,surfline_trevone_20260217_1507
-553679.735882858,6541266.213035738,-103.9087584000005,0.22807017543859648,2026-02-17 15:07:00+00:00,surfline_trevone_20260217_1507
-553679.6333447344,6541265.7905829055,-103.9087584000005,0.23057644110275688,2026-02-17 15:07:00+00:00,surfline_trevone_20260217_1507
-553679.5308064137,6541265.368130262,-103.9087584000005,0.23308270676691728,2026-02-17 15:07:00+00:00,surfline_trevone_20260217_1507
-553679.4282681906,6541264.945677523,-103.9087584000005,0.23558897243107768,2026-02-17 15:07:00+00:00,surfline_trevone_20260217_1507
-553679.3257300673,6541264.523224689,-103.9087584000005,0.23809523809523808,2026-02-17 15:07:00+00:00,surfline_trevone_20260217_1507
-553679.2231918451,6541264.100771951,-103.9087584000005,0.24060150375939848,2026-02-17 15:07:00+00:00,surfline_trevone_20260217_1507
-553679.1206535241,6541263.678319307,-103.9087584000005,0.24310776942355888,2026-02-17 15:07:00+00:00,surfline_trevone_20260217_1507
-553679.0593063574,6541263.267893154,-103.9087584000005,0.24561403508771928,2026-02-17 15:07:00+00:00,surfline_trevone_20260217_1507
-553679.8166363839,6541263.096496718,-103.9087584000005,0.24812030075187969,2026-02-17 15:07:00+00:00,surfline_trevone_20260217_1507
-553680.5739665824,6541262.925100457,-103.9087584000005,0.2506265664160401,2026-02-17 15:07:00+00:00,surfline_trevone_20260217_1507
-553681.074691491,6541262.678783066,-103.9087584000005,0.2531328320802005,2026-02-17 15:07:00+00:00,surfline_trevone_20260217_1507
-553680.9721532678,6541262.256330326,-103.9087584000005,0.2556390977443609,2026-02-17 15:07:00+00:00,surfline_trevone_20260217_1507
-553680.8696151442,6541261.833877493,-103.9087584000005,0.2581453634085213,2026-02-17 15:07:00+00:00,surfline_trevone_20260217_1507
-553680.7670769219,6541261.411424754,-103.9087584000005,0.2606516290726817,2026-02-17 15:07:00+00:00,surfline_trevone_20260217_1507
-553680.6645386011,6541260.988972111,-103.9087584000005,0.2631578947368421,2026-02-17 15:07:00+00:00,surfline_trevone_20260217_1507
-553680.5620003355,6541260.566519412,-103.9087584000005,0.2656641604010025,2026-02-17 15:07:00+00:00,surfline_trevone_20260217_1507
-553680.4594622543,6541260.144066538,-103.9087584000005,0.2681704260651629,2026-02-17 15:07:00+00:00,surfline_trevone_20260217_1507
-553680.3569240322,6541259.7216138,-103.9087584000005,0.2706766917293233,2026-02-17 15:07:00+00:00,surfline_trevone_20260217_1507
-553680.8335327117,6541259.468255173,-103.9087584000005,0.2731829573934837,2026-02-17 15:07:00+00:00,surfline_trevone_20260217_1507
-553681.5908629115,6541259.296858911,-103.9087584000005,0.2756892230576441,2026-02-17 15:07:00+00:00,surfline_trevone_20260217_1507
-553682.3481929385,6541259.125462477,-103.9087584000005,0.2781954887218045,2026-02-17 15:07:00+00:00,surfline_trevone_20260217_1507
-553682.3109619986,6541258.722077559,-103.9087584000005,0.2807017543859649,2026-02-17 15:07:00+00:00,surfline_trevone_20260217_1507
-553682.2084236778,6541258.299624914,-103.9087584000005,0.2832080200501253,2026-02-17 15:07:00+00:00,surfline_trevone_20260217_1507
-553682.105885455,6541257.877172175,-103.9087584000005,0.2857142857142857,2026-02-17 15:07:00+00:00,surfline_trevone_20260217_1507
-553682.0033473313,6541257.454719342,-103.9087584000005,0.2882205513784461,2026-02-17 15:07:00+00:00,surfline_trevone_20260217_1507
-553681.9008091093,6541257.032266604,-103.9087584000005,0.2907268170426065,2026-02-17 15:07:00+00:00,surfline_trevone_20260217_1507
-553681.8784521947,6541256.63322459,-103.9087584000005,0.2932330827067669,2026-02-17 15:07:00+00:00,surfline_trevone_20260217_1507
-553682.6357823946,6541256.461828328,-103.9087584000005,0.2957393483709273,2026-02-17 15:07:00+00:00,surfline_trevone_20260217_1507
-553683.3931124215,6541256.290431893,-103.9087584000005,0.2982456140350877,2026-02-17 15:07:00+00:00,surfline_trevone_20260217_1507
-553683.854846977,6541256.032730456,-103.9087584000005,0.3007518796992481,2026-02-17 15:07:00+00:00,surfline_trevone_20260217_1507
-553683.7523087541,6541255.610277717,-103.9087584000005,0.3032581453634085,2026-02-17 15:07:00+00:00,surfline_trevone_20260217_1507
-553683.6497706304,6541255.187824884,-103.9087584000005,0.3057644110275689,2026-02-17 15:07:00+00:00,surfline_trevone_20260217_1507
-553683.5472324081,6541254.765372146,-103.9087584000005,0.3082706766917293,2026-02-17 15:07:00+00:00,surfline_trevone_20260217_1507
-553683.4446940876,6541254.3429195015,-103.9087584000005,0.3107769423558897,2026-02-17 15:07:00+00:00,surfline_trevone_20260217_1507
-553683.3421558645,6541253.920466762,-103.9087584000005,0.3132832080200501,2026-02-17 15:07:00+00:00,surfline_trevone_20260217_1507
-553683.239617741,6541253.498013929,-103.9087584000005,0.3157894736842105,2026-02-17 15:07:00+00:00,surfline_trevone_20260217_1507
-553683.1370795188,6541253.075561191,-103.9087584000005,0.3182957393483709,2026-02-17 15:07:00+00:00,surfline_trevone_20260217_1507
-553683.0345411979,6541252.653108547,-103.9087584000005,0.3208020050125313,2026-02-17 15:07:00+00:00,surfline_trevone_20260217_1507
-553683.6386668872,6541252.436981041,-103.9087584000005,0.3233082706766917,2026-02-17 15:07:00+00:00,surfline_trevone_20260217_1507
-553684.3959969144,6541252.265584606,-103.9087584000005,0.3258145363408521,2026-02-17 15:07:00+00:00,surfline_trevone_20260217_1507
-553685.0911174851,6541252.07602495,-103.9087584000005,0.3283208020050125,2026-02-17 15:07:00+00:00,surfline_trevone_20260217_1507
-553684.9885791648,6541251.653572306,-103.9087584000005,0.3308270676691729,2026-02-17 15:07:00+00:00,surfline_trevone_20260217_1507
-553684.8860408997,6541251.231119607,-103.9087584000005,0.3333333333333333,2026-02-17 15:07:00+00:00,surfline_trevone_20260217_1507
-553684.7835028179,6541250.808666733,-103.9087584000005,0.3358395989974937,2026-02-17 15:07:00+00:00,surfline_trevone_20260217_1507
-553684.6809645958,6541250.386213995,-103.9087584000005,0.3383458646616541,2026-02-17 15:07:00+00:00,surfline_trevone_20260217_1507
-553684.5784262749,6541249.963761351,-103.9087584000005,0.3408521303258145,2026-02-17 15:07:00+00:00,surfline_trevone_20260217_1507
-553684.4758880521,6541249.541308612,-103.9087584000005,0.3433583959899749,2026-02-17 15:07:00+00:00,surfline_trevone_20260217_1507
-553684.3733499284,6541249.118855779,-103.9087584000005,0.3458646616541353,2026-02-17 15:07:00+00:00,surfline_trevone_20260217_1507
-553684.6555628704,6541248.808739148,-103.9087584000005,0.3483709273182957,2026-02-17 15:07:00+00:00,surfline_trevone_20260217_1507
-553685.4128932403,6541248.63734306,-103.9087584000005,0.3508771929824561,2026-02-17 15:07:00+00:00,surfline_trevone_20260217_1507
-553686.17022344,6541248.465946798,-103.9087584000005,0.3533834586466165,2026-02-17 15:07:00+00:00,surfline_trevone_20260217_1507
-553686.3273878946,6541248.119319538,-103.9087584000005,0.3558897243107769,2026-02-17 15:07:00+00:00,surfline_trevone_20260217_1507
-553686.2248495742,6541247.696866893,-103.9087584000005,0.3583959899749373,2026-02-17 15:07:00+00:00,surfline_trevone_20260217_1507
-553686.1223113516,6541247.274414154,-103.9087584000005,0.3609022556390977,2026-02-17 15:07:00+00:00,surfline_trevone_20260217_1507
-553686.0197732279,6541246.851961321,-103.9087584000005,0.3634085213032581,2026-02-17 15:07:00+00:00,surfline_trevone_20260217_1507
-553685.9172350056,6541246.429508583,-103.9087584000005,0.3659147869674185,2026-02-17 15:07:00+00:00,surfline_trevone_20260217_1507
-553685.9172350056,6541246.429508583,-103.9087584000005,0.3684210526315789,2026-02-17 15:07:00+00:00,surfline_trevone_20260217_1507
-553685.9172350056,6541246.429508583,-103.9087584000005,0.37092731829573933,2026-02-17 15:07:00+00:00,surfline_trevone_20260217_1507
-553685.9172350056,6541246.429508583,-103.9087584000005,0.37343358395989973,2026-02-17 15:07:00+00:00,surfline_trevone_20260217_1507
-553685.9172350056,6541246.429508583,-103.9087584000005,0.37593984962406013,2026-02-17 15:07:00+00:00,surfline_trevone_20260217_1507
-553685.9172350056,6541246.429508583,-103.9087584000005,0.37844611528822053,2026-02-17 15:07:00+00:00,surfline_trevone_20260217_1507
-553685.9172350056,6541246.429508583,-103.9087584000005,0.38095238095238093,2026-02-17 15:07:00+00:00,surfline_trevone_20260217_1507
-553685.9172350056,6541246.429508583,-103.9087584000005,0.38345864661654133,2026-02-17 15:07:00+00:00,surfline_trevone_20260217_1507
-553685.9172350056,6541246.429508583,-103.9087584000005,0.38596491228070173,2026-02-17 15:07:00+00:00,surfline_trevone_20260217_1507
-553685.9172350056,6541246.429508583,-103.9087584000005,0.38847117794486213,2026-02-17 15:07:00+00:00,surfline_trevone_20260217_1507
-553685.9172350056,6541246.429508583,-103.9087584000005,0.39097744360902253,2026-02-17 15:07:00+00:00,surfline_trevone_20260217_1507
-553685.9172350056,6541246.429508583,-103.9087584000005,0.39348370927318294,2026-02-17 15:07:00+00:00,surfline_trevone_20260217_1507
-553685.9172350056,6541246.429508583,-103.9087584000005,0.39598997493734334,2026-02-17 15:07:00+00:00,surfline_trevone_20260217_1507
-553685.9172350056,6541246.429508583,-103.9087584000005,0.39849624060150374,2026-02-17 15:07:00+00:00,surfline_trevone_20260217_1507
-553685.9172350056,6541246.429508583,-103.9087584000005,0.40100250626566414,2026-02-17 15:07:00+00:00,surfline_trevone_20260217_1507
-553685.9172350056,6541246.429508583,-103.9087584000005,0.40350877192982454,2026-02-17 15:07:00+00:00,surfline_trevone_20260217_1507
-553685.9172350056,6541246.429508583,-103.9087584000005,0.40601503759398494,2026-02-17 15:07:00+00:00,surfline_trevone_20260217_1507
-553685.9172350056,6541246.429508583,-103.9087584000005,0.40852130325814534,2026-02-17 15:07:00+00:00,surfline_trevone_20260217_1507
-553685.9172350056,6541246.429508583,-103.9087584000005,0.41102756892230574,2026-02-17 15:07:00+00:00,surfline_trevone_20260217_1507
-553685.9172350056,6541246.429508583,-103.9087584000005,0.41353383458646614,2026-02-17 15:07:00+00:00,surfline_trevone_20260217_1507
-553685.9172350056,6541246.429508583,-103.9087584000005,0.41604010025062654,2026-02-17 15:07:00+00:00,surfline_trevone_20260217_1507
-553685.9172350056,6541246.429508583,-103.9087584000005,0.41854636591478694,2026-02-17 15:07:00+00:00,surfline_trevone_20260217_1507
-553685.9172350056,6541246.429508583,-103.9087584000005,0.42105263157894735,2026-02-17 15:07:00+00:00,surfline_trevone_20260217_1507
-553685.9172350056,6541246.429508583,-103.9087584000005,0.42355889724310775,2026-02-17 15:07:00+00:00,surfline_trevone_20260217_1507
-553685.9172350056,6541246.429508583,-103.9087584000005,0.42606516290726815,2026-02-17 15:07:00+00:00,surfline_trevone_20260217_1507
-553685.9172350056,6541246.429508583,-103.9087584000005,0.42857142857142855,2026-02-17 15:07:00+00:00,surfline_trevone_20260217_1507
-553685.9172350056,6541246.429508583,-103.9087584000005,0.43107769423558895,2026-02-17 15:07:00+00:00,surfline_trevone_20260217_1507
-553685.9172350056,6541246.429508583,-103.9087584000005,0.43358395989974935,2026-02-17 15:07:00+00:00,surfline_trevone_20260217_1507
-553685.9172350056,6541246.429508583,-103.9087584000005,0.43609022556390975,2026-02-17 15:07:00+00:00,surfline_trevone_20260217_1507
-553685.9172350056,6541246.429508583,-103.9087584000005,0.43859649122807015,2026-02-17 15:07:00+00:00,surfline_trevone_20260217_1507
-553685.9172350056,6541246.429508583,-103.9087584000005,0.44110275689223055,2026-02-17 15:07:00+00:00,surfline_trevone_20260217_1507
-553685.9172350056,6541246.429508583,-103.9087584000005,0.44360902255639095,2026-02-17 15:07:00+00:00,surfline_trevone_20260217_1507
-553685.9172350056,6541246.429508583,-103.9087584000005,0.44611528822055135,2026-02-17 15:07:00+00:00,surfline_trevone_20260217_1507
-553685.9172350056,6541246.429508583,-103.9087584000005,0.44862155388471175,2026-02-17 15:07:00+00:00,surfline_trevone_20260217_1507
-553685.9172350056,6541246.429508583,-103.9087584000005,0.45112781954887216,2026-02-17 15:07:00+00:00,surfline_trevone_20260217_1507
-553685.9172350056,6541246.429508583,-103.9087584000005,0.45363408521303256,2026-02-17 15:07:00+00:00,surfline_trevone_20260217_1507
-553685.9172350056,6541246.429508583,-103.9087584000005,0.45614035087719296,2026-02-17 15:07:00+00:00,surfline_trevone_20260217_1507
-553685.9172350056,6541246.429508583,-103.9087584000005,0.45864661654135336,2026-02-17 15:07:00+00:00,surfline_trevone_20260217_1507
-553685.9172350056,6541246.429508583,-103.9087584000005,0.46115288220551376,2026-02-17 15:07:00+00:00,surfline_trevone_20260217_1507
-553685.9172350056,6541246.429508583,-103.9087584000005,0.46365914786967416,2026-02-17 15:07:00+00:00,surfline_trevone_20260217_1507
-553685.9172350056,6541246.429508583,-103.9087584000005,0.46616541353383456,2026-02-17 15:07:00+00:00,surfline_trevone_20260217_1507
-553685.9172350056,6541246.429508583,-103.9087584000005,0.46867167919799496,2026-02-17 15:07:00+00:00,surfline_trevone_20260217_1507
-553685.9172350056,6541246.429508583,-103.9087584000005,0.47117794486215536,2026-02-17 15:07:00+00:00,surfline_trevone_20260217_1507
-553685.9172350056,6541246.429508583,-103.9087584000005,0.47368421052631576,2026-02-17 15:07:00+00:00,surfline_trevone_20260217_1507
-553685.9172350056,6541246.429508583,-103.9087584000005,0.47619047619047616,2026-02-17 15:07:00+00:00,surfline_trevone_20260217_1507
-553685.9172350056,6541246.429508583,-103.9087584000005,0.47869674185463656,2026-02-17 15:07:00+00:00,surfline_trevone_20260217_1507
-553685.9172350056,6541246.429508583,-103.9087584000005,0.48120300751879697,2026-02-17 15:07:00+00:00,surfline_trevone_20260217_1507
-553685.9172350056,6541246.429508583,-103.9087584000005,0.48370927318295737,2026-02-17 15:07:00+00:00,surfline_trevone_20260217_1507
-553685.9172350056,6541246.429508583,-103.9087584000005,0.48621553884711777,2026-02-17 15:07:00+00:00,surfline_trevone_20260217_1507
-553685.9172350056,6541246.429508583,-103.9087584000005,0.48872180451127817,2026-02-17 15:07:00+00:00,surfline_trevone_20260217_1507
-553685.9172350056,6541246.429508583,-103.9087584000005,0.49122807017543857,2026-02-17 15:07:00+00:00,surfline_trevone_20260217_1507
-553685.9172350056,6541246.429508583,-103.9087584000005,0.49373433583959897,2026-02-17 15:07:00+00:00,surfline_trevone_20260217_1507
-553685.9172350056,6541246.429508583,-103.9087584000005,0.49624060150375937,2026-02-17 15:07:00+00:00,surfline_trevone_20260217_1507
-553685.9172350056,6541246.429508583,-103.9087584000005,0.49874686716791977,2026-02-17 15:07:00+00:00,surfline_trevone_20260217_1507
-553685.9172350056,6541246.429508583,-103.9087584000005,0.5012531328320802,2026-02-17 15:07:00+00:00,surfline_trevone_20260217_1507
-553685.9172350056,6541246.429508583,-103.9087584000005,0.5037593984962405,2026-02-17 15:07:00+00:00,surfline_trevone_20260217_1507
-553685.9172350056,6541246.429508583,-103.9087584000005,0.506265664160401,2026-02-17 15:07:00+00:00,surfline_trevone_20260217_1507
-553685.9172350056,6541246.429508583,-103.9087584000005,0.5087719298245614,2026-02-17 15:07:00+00:00,surfline_trevone_20260217_1507
-553685.9172350056,6541246.429508583,-103.9087584000005,0.5112781954887218,2026-02-17 15:07:00+00:00,surfline_trevone_20260217_1507
-553685.9172350056,6541246.429508583,-103.9087584000005,0.5137844611528821,2026-02-17 15:07:00+00:00,surfline_trevone_20260217_1507
-553685.9172350056,6541246.429508583,-103.9087584000005,0.5162907268170426,2026-02-17 15:07:00+00:00,surfline_trevone_20260217_1507
-553685.9172350056,6541246.429508583,-103.9087584000005,0.518796992481203,2026-02-17 15:07:00+00:00,surfline_trevone_20260217_1507
-553685.9172350056,6541246.429508583,-103.9087584000005,0.5213032581453634,2026-02-17 15:07:00+00:00,surfline_trevone_20260217_1507
-553685.9172350056,6541246.429508583,-103.9087584000005,0.5238095238095237,2026-02-17 15:07:00+00:00,surfline_trevone_20260217_1507
-553685.9172350056,6541246.429508583,-103.9087584000005,0.5263157894736842,2026-02-17 15:07:00+00:00,surfline_trevone_20260217_1507
-553685.9172350056,6541246.429508583,-103.9087584000005,0.5288220551378446,2026-02-17 15:07:00+00:00,surfline_trevone_20260217_1507
-553685.9172350056,6541246.429508583,-103.9087584000005,0.531328320802005,2026-02-17 15:07:00+00:00,surfline_trevone_20260217_1507
-553685.9172350056,6541246.429508583,-103.9087584000005,0.5338345864661653,2026-02-17 15:07:00+00:00,surfline_trevone_20260217_1507
-553685.9172350056,6541246.429508583,-103.9087584000005,0.5363408521303258,2026-02-17 15:07:00+00:00,surfline_trevone_20260217_1507
-553685.9172350056,6541246.429508583,-103.9087584000005,0.5388471177944862,2026-02-17 15:07:00+00:00,surfline_trevone_20260217_1507
-553685.9172350056,6541246.429508583,-103.9087584000005,0.5413533834586466,2026-02-17 15:07:00+00:00,surfline_trevone_20260217_1507
-553685.9172350056,6541246.429508583,-103.9087584000005,0.5438596491228069,2026-02-17 15:07:00+00:00,surfline_trevone_20260217_1507
-553685.9172350056,6541246.429508583,-103.9087584000005,0.5463659147869674,2026-02-17 15:07:00+00:00,surfline_trevone_20260217_1507
-553685.9172350056,6541246.429508583,-103.9087584000005,0.5488721804511278,2026-02-17 15:07:00+00:00,surfline_trevone_20260217_1507
-553685.9172350056,6541246.429508583,-103.9087584000005,0.5513784461152882,2026-02-17 15:07:00+00:00,surfline_trevone_20260217_1507
-553685.9172350056,6541246.429508583,-103.9087584000005,0.5538847117794485,2026-02-17 15:07:00+00:00,surfline_trevone_20260217_1507
-553685.9172350056,6541246.429508583,-103.9087584000005,0.556390977443609,2026-02-17 15:07:00+00:00,surfline_trevone_20260217_1507
-553685.9172350056,6541246.429508583,-103.9087584000005,0.5588972431077694,2026-02-17 15:07:00+00:00,surfline_trevone_20260217_1507
-553685.9172350056,6541246.429508583,-103.9087584000005,0.5614035087719298,2026-02-17 15:07:00+00:00,surfline_trevone_20260217_1507
-553685.9172350056,6541246.429508583,-103.9087584000005,0.5639097744360901,2026-02-17 15:07:00+00:00,surfline_trevone_20260217_1507
-553685.9172350056,6541246.429508583,-103.9087584000005,0.5664160401002506,2026-02-17 15:07:00+00:00,surfline_trevone_20260217_1507
-553685.9172350056,6541246.429508583,-103.9087584000005,0.568922305764411,2026-02-17 15:07:00+00:00,surfline_trevone_20260217_1507
-553685.9172350056,6541246.429508583,-103.9087584000005,0.5714285714285714,2026-02-17 15:07:00+00:00,surfline_trevone_20260217_1507
-553685.9172350056,6541246.429508583,-103.9087584000005,0.5739348370927317,2026-02-17 15:07:00+00:00,surfline_trevone_20260217_1507
-553685.9172350056,6541246.429508583,-103.9087584000005,0.5764411027568922,2026-02-17 15:07:00+00:00,surfline_trevone_20260217_1507
-553685.9172350056,6541246.429508583,-103.9087584000005,0.5789473684210527,2026-02-17 15:07:00+00:00,surfline_trevone_20260217_1507
-553685.9172350056,6541246.429508583,-103.9087584000005,0.581453634085213,2026-02-17 15:07:00+00:00,surfline_trevone_20260217_1507
-553685.9172350056,6541246.429508583,-103.9087584000005,0.5839598997493733,2026-02-17 15:07:00+00:00,surfline_trevone_20260217_1507
-553685.9172350056,6541246.429508583,-103.9087584000005,0.5864661654135338,2026-02-17 15:07:00+00:00,surfline_trevone_20260217_1507
-553685.9172350056,6541246.429508583,-103.9087584000005,0.5889724310776943,2026-02-17 15:07:00+00:00,surfline_trevone_20260217_1507
-553685.9172350056,6541246.429508583,-103.9087584000005,0.5914786967418546,2026-02-17 15:07:00+00:00,surfline_trevone_20260217_1507
-553685.9172350056,6541246.429508583,-103.9087584000005,0.593984962406015,2026-02-17 15:07:00+00:00,surfline_trevone_20260217_1507
-553685.9172350056,6541246.429508583,-103.9087584000005,0.5964912280701754,2026-02-17 15:07:00+00:00,surfline_trevone_20260217_1507
-553685.9172350056,6541246.429508583,-103.9087584000005,0.5989974937343359,2026-02-17 15:07:00+00:00,surfline_trevone_20260217_1507
-553685.9172350056,6541246.429508583,-103.9087584000005,0.6015037593984962,2026-02-17 15:07:00+00:00,surfline_trevone_20260217_1507
-553685.9172350056,6541246.429508583,-103.9087584000005,0.6040100250626566,2026-02-17 15:07:00+00:00,surfline_trevone_20260217_1507
-553685.9172350056,6541246.429508583,-103.9087584000005,0.606516290726817,2026-02-17 15:07:00+00:00,surfline_trevone_20260217_1507
-553685.9172350056,6541246.429508583,-103.9087584000005,0.6090225563909775,2026-02-17 15:07:00+00:00,surfline_trevone_20260217_1507
-553685.9172350056,6541246.429508583,-103.9087584000005,0.6115288220551378,2026-02-17 15:07:00+00:00,surfline_trevone_20260217_1507
-553685.9172350056,6541246.429508583,-103.9087584000005,0.6140350877192982,2026-02-17 15:07:00+00:00,surfline_trevone_20260217_1507
-553685.9172350056,6541246.429508583,-103.9087584000005,0.6165413533834586,2026-02-17 15:07:00+00:00,surfline_trevone_20260217_1507
-553685.9172350056,6541246.429508583,-103.9087584000005,0.6190476190476191,2026-02-17 15:07:00+00:00,surfline_trevone_20260217_1507
-553685.9172350056,6541246.429508583,-103.9087584000005,0.6215538847117794,2026-02-17 15:07:00+00:00,surfline_trevone_20260217_1507
-553685.9172350056,6541246.429508583,-103.9087584000005,0.6240601503759398,2026-02-17 15:07:00+00:00,surfline_trevone_20260217_1507
-553685.9172350056,6541246.429508583,-103.9087584000005,0.6265664160401002,2026-02-17 15:07:00+00:00,surfline_trevone_20260217_1507
-553685.9172350056,6541246.429508583,-103.9087584000005,0.6290726817042607,2026-02-17 15:07:00+00:00,surfline_trevone_20260217_1507
-553685.9172350056,6541246.429508583,-103.9087584000005,0.631578947368421,2026-02-17 15:07:00+00:00,surfline_trevone_20260217_1507
-553685.9172350056,6541246.429508583,-103.9087584000005,0.6340852130325814,2026-02-17 15:07:00+00:00,surfline_trevone_20260217_1507
-553685.9172350056,6541246.429508583,-103.9087584000005,0.6365914786967418,2026-02-17 15:07:00+00:00,surfline_trevone_20260217_1507
-553685.9172350056,6541246.429508583,-103.9087584000005,0.6390977443609023,2026-02-17 15:07:00+00:00,surfline_trevone_20260217_1507
-553685.9172350056,6541246.429508583,-103.9087584000005,0.6416040100250626,2026-02-17 15:07:00+00:00,surfline_trevone_20260217_1507
-553685.9172350056,6541246.429508583,-103.9087584000005,0.644110275689223,2026-02-17 15:07:00+00:00,surfline_trevone_20260217_1507
-553685.9172350056,6541246.429508583,-103.9087584000005,0.6466165413533834,2026-02-17 15:07:00+00:00,surfline_trevone_20260217_1507
-553685.9172350056,6541246.429508583,-103.9087584000005,0.6491228070175439,2026-02-17 15:07:00+00:00,surfline_trevone_20260217_1507
-553685.9172350056,6541246.429508583,-103.9087584000005,0.6516290726817042,2026-02-17 15:07:00+00:00,surfline_trevone_20260217_1507
-553685.9172350056,6541246.429508583,-103.9087584000005,0.6541353383458646,2026-02-17 15:07:00+00:00,surfline_trevone_20260217_1507
-553685.9172350056,6541246.429508583,-103.9087584000005,0.656641604010025,2026-02-17 15:07:00+00:00,surfline_trevone_20260217_1507
-553685.9172350056,6541246.429508583,-103.9087584000005,0.6591478696741855,2026-02-17 15:07:00+00:00,surfline_trevone_20260217_1507
-553685.9172350056,6541246.429508583,-103.9087584000005,0.6616541353383458,2026-02-17 15:07:00+00:00,surfline_trevone_20260217_1507
-553685.9172350056,6541246.429508583,-103.9087584000005,0.6641604010025062,2026-02-17 15:07:00+00:00,surfline_trevone_20260217_1507
-553685.9172350056,6541246.429508583,-103.9087584000005,0.6666666666666666,2026-02-17 15:07:00+00:00,surfline_trevone_20260217_1507
-553685.9172350056,6541246.429508583,-103.9087584000005,0.6691729323308271,2026-02-17 15:07:00+00:00,surfline_trevone_20260217_1507
-553685.9172350056,6541246.429508583,-103.9087584000005,0.6716791979949874,2026-02-17 15:07:00+00:00,surfline_trevone_20260217_1507
-553685.9172350056,6541246.429508583,-103.9087584000005,0.6741854636591478,2026-02-17 15:07:00+00:00,surfline_trevone_20260217_1507
-553685.9172350056,6541246.429508583,-103.9087584000005,0.6766917293233082,2026-02-17 15:07:00+00:00,surfline_trevone_20260217_1507
-553685.9172350056,6541246.429508583,-103.9087584000005,0.6791979949874687,2026-02-17 15:07:00+00:00,surfline_trevone_20260217_1507
-553685.9172350056,6541246.429508583,-103.9087584000005,0.681704260651629,2026-02-17 15:07:00+00:00,surfline_trevone_20260217_1507
-553685.9172350056,6541246.429508583,-103.9087584000005,0.6842105263157894,2026-02-17 15:07:00+00:00,surfline_trevone_20260217_1507
-553685.9172350056,6541246.429508583,-103.9087584000005,0.6867167919799498,2026-02-17 15:07:00+00:00,surfline_trevone_20260217_1507
-553685.9172350056,6541246.429508583,-103.9087584000005,0.6892230576441103,2026-02-17 15:07:00+00:00,surfline_trevone_20260217_1507
-553685.9172350056,6541246.429508583,-103.9087584000005,0.6917293233082706,2026-02-17 15:07:00+00:00,surfline_trevone_20260217_1507
-553685.9172350056,6541246.429508583,-103.9087584000005,0.694235588972431,2026-02-17 15:07:00+00:00,surfline_trevone_20260217_1507
-553685.9172350056,6541246.429508583,-103.9087584000005,0.6967418546365914,2026-02-17 15:07:00+00:00,surfline_trevone_20260217_1507
-553685.9172350056,6541246.429508583,-103.9087584000005,0.6992481203007519,2026-02-17 15:07:00+00:00,surfline_trevone_20260217_1507
-553685.9172350056,6541246.429508583,-103.9087584000005,0.7017543859649122,2026-02-17 15:07:00+00:00,surfline_trevone_20260217_1507
-553685.9172350056,6541246.429508583,-103.9087584000005,0.7042606516290726,2026-02-17 15:07:00+00:00,surfline_trevone_20260217_1507
-553685.9172350056,6541246.429508583,-103.9087584000005,0.706766917293233,2026-02-17 15:07:00+00:00,surfline_trevone_20260217_1507
-553685.9172350056,6541246.429508583,-103.9087584000005,0.7092731829573935,2026-02-17 15:07:00+00:00,surfline_trevone_20260217_1507
-553685.9172350056,6541246.429508583,-103.9087584000005,0.7117794486215538,2026-02-17 15:07:00+00:00,surfline_trevone_20260217_1507
-553685.9172350056,6541246.429508583,-103.9087584000005,0.7142857142857142,2026-02-17 15:07:00+00:00,surfline_trevone_20260217_1507
-553685.9172350056,6541246.429508583,-103.9087584000005,0.7167919799498746,2026-02-17 15:07:00+00:00,surfline_trevone_20260217_1507
-553685.9172350056,6541246.429508583,-103.9087584000005,0.7192982456140351,2026-02-17 15:07:00+00:00,surfline_trevone_20260217_1507
-553685.9172350056,6541246.429508583,-103.9087584000005,0.7218045112781954,2026-02-17 15:07:00+00:00,surfline_trevone_20260217_1507
-553685.9172350056,6541246.429508583,-103.9087584000005,0.7243107769423558,2026-02-17 15:07:00+00:00,surfline_trevone_20260217_1507
-553685.9172350056,6541246.429508583,-103.9087584000005,0.7268170426065163,2026-02-17 15:07:00+00:00,surfline_trevone_20260217_1507
-553685.9172350056,6541246.429508583,-103.9087584000005,0.7293233082706767,2026-02-17 15:07:00+00:00,surfline_trevone_20260217_1507
-553685.9172350056,6541246.429508583,-103.9087584000005,0.731829573934837,2026-02-17 15:07:00+00:00,surfline_trevone_20260217_1507
-553685.9172350056,6541246.429508583,-103.9087584000005,0.7343358395989974,2026-02-17 15:07:00+00:00,surfline_trevone_20260217_1507
-553685.9172350056,6541246.429508583,-103.9087584000005,0.7368421052631579,2026-02-17 15:07:00+00:00,surfline_trevone_20260217_1507
-553685.9172350056,6541246.429508583,-103.9087584000005,0.7393483709273183,2026-02-17 15:07:00+00:00,surfline_trevone_20260217_1507
-553685.9172350056,6541246.429508583,-103.9087584000005,0.7418546365914787,2026-02-17 15:07:00+00:00,surfline_trevone_20260217_1507
-553685.9172350056,6541246.429508583,-103.9087584000005,0.744360902255639,2026-02-17 15:07:00+00:00,surfline_trevone_20260217_1507
-553685.9172350056,6541246.429508583,-103.9087584000005,0.7468671679197995,2026-02-17 15:07:00+00:00,surfline_trevone_20260217_1507
-553685.9172350056,6541246.429508583,-103.9087584000005,0.7493734335839599,2026-02-17 15:07:00+00:00,surfline_trevone_20260217_1507
-553685.9172350056,6541246.429508583,-103.9087584000005,0.7518796992481203,2026-02-17 15:07:00+00:00,surfline_trevone_20260217_1507
-553685.9172350056,6541246.429508583,-103.9087584000005,0.7543859649122806,2026-02-17 15:07:00+00:00,surfline_trevone_20260217_1507
-553685.9172350056,6541246.429508583,-103.9087584000005,0.7568922305764411,2026-02-17 15:07:00+00:00,surfline_trevone_20260217_1507
-553685.9172350056,6541246.429508583,-103.9087584000005,0.7593984962406015,2026-02-17 15:07:00+00:00,surfline_trevone_20260217_1507
-553685.9172350056,6541246.429508583,-103.9087584000005,0.7619047619047619,2026-02-17 15:07:00+00:00,surfline_trevone_20260217_1507
-553685.9172350056,6541246.429508583,-103.9087584000005,0.7644110275689222,2026-02-17 15:07:00+00:00,surfline_trevone_20260217_1507
-553685.9172350056,6541246.429508583,-103.9087584000005,0.7669172932330827,2026-02-17 15:07:00+00:00,surfline_trevone_20260217_1507
-553685.9172350056,6541246.429508583,-103.9087584000005,0.7694235588972431,2026-02-17 15:07:00+00:00,surfline_trevone_20260217_1507
-553685.9172350056,6541246.429508583,-103.9087584000005,0.7719298245614035,2026-02-17 15:07:00+00:00,surfline_trevone_20260217_1507
-553685.9172350056,6541246.429508583,-103.9087584000005,0.7744360902255638,2026-02-17 15:07:00+00:00,surfline_trevone_20260217_1507
-553685.9172350056,6541246.429508583,-103.9087584000005,0.7769423558897243,2026-02-17 15:07:00+00:00,surfline_trevone_20260217_1507
-553685.9172350056,6541246.429508583,-103.9087584000005,0.7794486215538847,2026-02-17 15:07:00+00:00,surfline_trevone_20260217_1507
-553685.9172350056,6541246.429508583,-103.9087584000005,0.7819548872180451,2026-02-17 15:07:00+00:00,surfline_trevone_20260217_1507
-553685.9172350056,6541246.429508583,-103.9087584000005,0.7844611528822054,2026-02-17 15:07:00+00:00,surfline_trevone_20260217_1507
-553685.9172350056,6541246.429508583,-103.9087584000005,0.7869674185463659,2026-02-17 15:07:00+00:00,surfline_trevone_20260217_1507
-553685.9172350056,6541246.429508583,-103.9087584000005,0.7894736842105263,2026-02-17 15:07:00+00:00,surfline_trevone_20260217_1507
-553685.9172350056,6541246.429508583,-103.9087584000005,0.7919799498746867,2026-02-17 15:07:00+00:00,surfline_trevone_20260217_1507
-553685.9172350056,6541246.429508583,-103.9087584000005,0.794486215538847,2026-02-17 15:07:00+00:00,surfline_trevone_20260217_1507
-553685.9172350056,6541246.429508583,-103.9087584000005,0.7969924812030075,2026-02-17 15:07:00+00:00,surfline_trevone_20260217_1507
-553685.9172350056,6541246.429508583,-103.9087584000005,0.7994987468671679,2026-02-17 15:07:00+00:00,surfline_trevone_20260217_1507
-553685.9172350056,6541246.429508583,-103.9087584000005,0.8020050125313283,2026-02-17 15:07:00+00:00,surfline_trevone_20260217_1507
-553685.9172350056,6541246.429508583,-103.9087584000005,0.8045112781954886,2026-02-17 15:07:00+00:00,surfline_trevone_20260217_1507
-553685.9172350056,6541246.429508583,-103.9087584000005,0.8070175438596491,2026-02-17 15:07:00+00:00,surfline_trevone_20260217_1507
-553685.9172350056,6541246.429508583,-103.9087584000005,0.8095238095238095,2026-02-17 15:07:00+00:00,surfline_trevone_20260217_1507
-553685.9172350056,6541246.429508583,-103.9087584000005,0.8120300751879699,2026-02-17 15:07:00+00:00,surfline_trevone_20260217_1507
-553685.9172350056,6541246.429508583,-103.9087584000005,0.8145363408521302,2026-02-17 15:07:00+00:00,surfline_trevone_20260217_1507
-553685.9172350056,6541246.429508583,-103.9087584000005,0.8170426065162907,2026-02-17 15:07:00+00:00,surfline_trevone_20260217_1507
-553685.9172350056,6541246.429508583,-103.9087584000005,0.8195488721804511,2026-02-17 15:07:00+00:00,surfline_trevone_20260217_1507
-553685.9172350056,6541246.429508583,-103.9087584000005,0.8220551378446115,2026-02-17 15:07:00+00:00,surfline_trevone_20260217_1507
-553685.9172350056,6541246.429508583,-103.9087584000005,0.8245614035087718,2026-02-17 15:07:00+00:00,surfline_trevone_20260217_1507
-553685.9172350056,6541246.429508583,-103.9087584000005,0.8270676691729323,2026-02-17 15:07:00+00:00,surfline_trevone_20260217_1507
-553685.9172350056,6541246.429508583,-103.9087584000005,0.8295739348370927,2026-02-17 15:07:00+00:00,surfline_trevone_20260217_1507
-553685.9172350056,6541246.429508583,-103.9087584000005,0.8320802005012531,2026-02-17 15:07:00+00:00,surfline_trevone_20260217_1507
-553685.9172350056,6541246.429508583,-103.9087584000005,0.8345864661654134,2026-02-17 15:07:00+00:00,surfline_trevone_20260217_1507
-553685.9172350056,6541246.429508583,-103.9087584000005,0.8370927318295739,2026-02-17 15:07:00+00:00,surfline_trevone_20260217_1507
-553685.9172350056,6541246.429508583,-103.9087584000005,0.8395989974937343,2026-02-17 15:07:00+00:00,surfline_trevone_20260217_1507
-553685.9172350056,6541246.429508583,-103.9087584000005,0.8421052631578947,2026-02-17 15:07:00+00:00,surfline_trevone_20260217_1507
-553685.9172350056,6541246.429508583,-103.9087584000005,0.844611528822055,2026-02-17 15:07:00+00:00,surfline_trevone_20260217_1507
-553685.9172350056,6541246.429508583,-103.9087584000005,0.8471177944862155,2026-02-17 15:07:00+00:00,surfline_trevone_20260217_1507
-553685.9172350056,6541246.429508583,-103.9087584000005,0.849624060150376,2026-02-17 15:07:00+00:00,surfline_trevone_20260217_1507
-553685.9172350056,6541246.429508583,-103.9087584000005,0.8521303258145363,2026-02-17 15:07:00+00:00,surfline_trevone_20260217_1507
-553685.9172350056,6541246.429508583,-103.9087584000005,0.8546365914786966,2026-02-17 15:07:00+00:00,surfline_trevone_20260217_1507
-553685.9172350056,6541246.429508583,-103.9087584000005,0.8571428571428571,2026-02-17 15:07:00+00:00,surfline_trevone_20260217_1507
-553685.9172350056,6541246.429508583,-103.9087584000005,0.8596491228070176,2026-02-17 15:07:00+00:00,surfline_trevone_20260217_1507
-553685.9172350056,6541246.429508583,-103.9087584000005,0.8621553884711779,2026-02-17 15:07:00+00:00,surfline_trevone_20260217_1507
-553685.9172350056,6541246.429508583,-103.9087584000005,0.8646616541353382,2026-02-17 15:07:00+00:00,surfline_trevone_20260217_1507
-553685.9172350056,6541246.429508583,-103.9087584000005,0.8671679197994987,2026-02-17 15:07:00+00:00,surfline_trevone_20260217_1507
-553685.9172350056,6541246.429508583,-103.9087584000005,0.8696741854636592,2026-02-17 15:07:00+00:00,surfline_trevone_20260217_1507
-553685.9172350056,6541246.429508583,-103.9087584000005,0.8721804511278195,2026-02-17 15:07:00+00:00,surfline_trevone_20260217_1507
-553685.9172350056,6541246.429508583,-103.9087584000005,0.8746867167919798,2026-02-17 15:07:00+00:00,surfline_trevone_20260217_1507
-553685.9172350056,6541246.429508583,-103.9087584000005,0.8771929824561403,2026-02-17 15:07:00+00:00,surfline_trevone_20260217_1507
-553685.9172350056,6541246.429508583,-103.9087584000005,0.8796992481203008,2026-02-17 15:07:00+00:00,surfline_trevone_20260217_1507
-553685.9172350056,6541246.429508583,-103.9087584000005,0.8822055137844611,2026-02-17 15:07:00+00:00,surfline_trevone_20260217_1507
-553685.9172350056,6541246.429508583,-103.9087584000005,0.8847117794486214,2026-02-17 15:07:00+00:00,surfline_trevone_20260217_1507
-553685.9172350056,6541246.429508583,-103.9087584000005,0.8872180451127819,2026-02-17 15:07:00+00:00,surfline_trevone_20260217_1507
-553685.9172350056,6541246.429508583,-103.9087584000005,0.8897243107769424,2026-02-17 15:07:00+00:00,surfline_trevone_20260217_1507
-553685.9172350056,6541246.429508583,-103.9087584000005,0.8922305764411027,2026-02-17 15:07:00+00:00,surfline_trevone_20260217_1507
-553685.9172350056,6541246.429508583,-103.9087584000005,0.894736842105263,2026-02-17 15:07:00+00:00,surfline_trevone_20260217_1507
-553685.9172350056,6541246.429508583,-103.9087584000005,0.8972431077694235,2026-02-17 15:07:00+00:00,surfline_trevone_20260217_1507
-553685.9172350056,6541246.429508583,-103.9087584000005,0.899749373433584,2026-02-17 15:07:00+00:00,surfline_trevone_20260217_1507
-553685.9172350056,6541246.429508583,-103.9087584000005,0.9022556390977443,2026-02-17 15:07:00+00:00,surfline_trevone_20260217_1507
-553685.9172350056,6541246.429508583,-103.9087584000005,0.9047619047619047,2026-02-17 15:07:00+00:00,surfline_trevone_20260217_1507
-553685.9172350056,6541246.429508583,-103.9087584000005,0.9072681704260651,2026-02-17 15:07:00+00:00,surfline_trevone_20260217_1507
-553685.9172350056,6541246.429508583,-103.9087584000005,0.9097744360902256,2026-02-17 15:07:00+00:00,surfline_trevone_20260217_1507
-553685.9172350056,6541246.429508583,-103.9087584000005,0.9122807017543859,2026-02-17 15:07:00+00:00,surfline_trevone_20260217_1507
-553685.9172350056,6541246.429508583,-103.9087584000005,0.9147869674185463,2026-02-17 15:07:00+00:00,surfline_trevone_20260217_1507
-553685.9172350056,6541246.429508583,-103.9087584000005,0.9172932330827067,2026-02-17 15:07:00+00:00,surfline_trevone_20260217_1507
-553685.9172350056,6541246.429508583,-103.9087584000005,0.9197994987468672,2026-02-17 15:07:00+00:00,surfline_trevone_20260217_1507
-553685.9172350056,6541246.429508583,-103.9087584000005,0.9223057644110275,2026-02-17 15:07:00+00:00,surfline_trevone_20260217_1507
-553685.9172350056,6541246.429508583,-103.9087584000005,0.9248120300751879,2026-02-17 15:07:00+00:00,surfline_trevone_20260217_1507
-553685.9172350056,6541246.429508583,-103.9087584000005,0.9273182957393483,2026-02-17 15:07:00+00:00,surfline_trevone_20260217_1507
-553685.9172350056,6541246.429508583,-103.9087584000005,0.9298245614035088,2026-02-17 15:07:00+00:00,surfline_trevone_20260217_1507
-553685.9172350056,6541246.429508583,-103.9087584000005,0.9323308270676691,2026-02-17 15:07:00+00:00,surfline_trevone_20260217_1507
-553685.9172350056,6541246.429508583,-103.9087584000005,0.9348370927318295,2026-02-17 15:07:00+00:00,surfline_trevone_20260217_1507
-553685.9172350056,6541246.429508583,-103.9087584000005,0.9373433583959899,2026-02-17 15:07:00+00:00,surfline_trevone_20260217_1507
-553685.9172350056,6541246.429508583,-103.9087584000005,0.9398496240601504,2026-02-17 15:07:00+00:00,surfline_trevone_20260217_1507
-553685.9172350056,6541246.429508583,-103.9087584000005,0.9423558897243107,2026-02-17 15:07:00+00:00,surfline_trevone_20260217_1507
-553685.9172350056,6541246.429508583,-103.9087584000005,0.9448621553884711,2026-02-17 15:07:00+00:00,surfline_trevone_20260217_1507
-553685.9172350056,6541246.429508583,-103.9087584000005,0.9473684210526315,2026-02-17 15:07:00+00:00,surfline_trevone_20260217_1507
-553685.9172350056,6541246.429508583,-103.9087584000005,0.949874686716792,2026-02-17 15:07:00+00:00,surfline_trevone_20260217_1507
-553685.9172350056,6541246.429508583,-103.9087584000005,0.9523809523809523,2026-02-17 15:07:00+00:00,surfline_trevone_20260217_1507
-553685.9172350056,6541246.429508583,-103.9087584000005,0.9548872180451127,2026-02-17 15:07:00+00:00,surfline_trevone_20260217_1507
-553685.9172350056,6541246.429508583,-103.9087584000005,0.9573934837092731,2026-02-17 15:07:00+00:00,surfline_trevone_20260217_1507
-553685.9172350056,6541246.429508583,-103.9087584000005,0.9598997493734336,2026-02-17 15:07:00+00:00,surfline_trevone_20260217_1507
-553685.9172350056,6541246.429508583,-103.9087584000005,0.9624060150375939,2026-02-17 15:07:00+00:00,surfline_trevone_20260217_1507
-553685.9172350056,6541246.429508583,-103.9087584000005,0.9649122807017543,2026-02-17 15:07:00+00:00,surfline_trevone_20260217_1507
-553685.9172350056,6541246.429508583,-103.9087584000005,0.9674185463659147,2026-02-17 15:07:00+00:00,surfline_trevone_20260217_1507
-553685.9172350056,6541246.429508583,-103.9087584000005,0.9699248120300752,2026-02-17 15:07:00+00:00,surfline_trevone_20260217_1507
-553685.9172350056,6541246.429508583,-103.9087584000005,0.9724310776942355,2026-02-17 15:07:00+00:00,surfline_trevone_20260217_1507
-553685.9172350056,6541246.429508583,-103.9087584000005,0.9749373433583959,2026-02-17 15:07:00+00:00,surfline_trevone_20260217_1507
-553685.9172350056,6541246.429508583,-103.9087584000005,0.9774436090225563,2026-02-17 15:07:00+00:00,surfline_trevone_20260217_1507
-553685.9172350056,6541246.429508583,-103.9087584000005,0.9799498746867168,2026-02-17 15:07:00+00:00,surfline_trevone_20260217_1507
-553685.9172350056,6541246.429508583,-103.9087584000005,0.9824561403508771,2026-02-17 15:07:00+00:00,surfline_trevone_20260217_1507
-553685.9172350056,6541246.429508583,-103.9087584000005,0.9849624060150375,2026-02-17 15:07:00+00:00,surfline_trevone_20260217_1507
-553685.9172350056,6541246.429508583,-103.9087584000005,0.9874686716791979,2026-02-17 15:07:00+00:00,surfline_trevone_20260217_1507
-553685.9172350056,6541246.429508583,-103.9087584000005,0.9899749373433584,2026-02-17 15:07:00+00:00,surfline_trevone_20260217_1507
-553685.9172350056,6541246.429508583,-103.9087584000005,0.9924812030075187,2026-02-17 15:07:00+00:00,surfline_trevone_20260217_1507
-553685.9172350056,6541246.429508583,-103.9087584000005,0.9949874686716791,2026-02-17 15:07:00+00:00,surfline_trevone_20260217_1507
-553685.9172350056,6541246.429508583,-103.9087584000005,0.9974937343358395,2026-02-17 15:07:00+00:00,surfline_trevone_20260217_1507
-553685.9172350056,6541246.429508583,-103.9087584000005,1.0,2026-02-17 15:07:00+00:00,surfline_trevone_20260217_1507
-553689.0668611531,6541304.656234905,-103.9416768000005,0.0,2026-02-17 15:16:00+00:00,surfline_trevone_20260217_1516
-553688.9643228777,6541304.233782218,-103.9416768000005,0.002506265664160401,2026-02-17 15:16:00+00:00,surfline_trevone_20260217_1516
-553688.117844702,6541303.59412073,-103.9416768000005,0.005012531328320802,2026-02-17 15:16:00+00:00,surfline_trevone_20260217_1516
-553688.7592465255,6541303.3888766505,-103.9416768000005,0.007518796992481203,2026-02-17 15:16:00+00:00,surfline_trevone_20260217_1516
-553688.6567083037,6541302.966423912,-103.9416768000005,0.010025062656641603,2026-02-17 15:16:00+00:00,surfline_trevone_20260217_1516
-553688.5541699883,6541302.543971263,-103.9416768000005,0.012531328320802004,2026-02-17 15:16:00+00:00,surfline_trevone_20260217_1516
-553688.451631765,6541302.121518523,-103.9416768000005,0.015037593984962405,2026-02-17 15:16:00+00:00,surfline_trevone_20260217_1516
-553688.349093636,6541301.699065696,-103.9416768000005,0.017543859649122806,2026-02-17 15:16:00+00:00,surfline_trevone_20260217_1516
-553688.2465554143,6541301.276612957,-103.9416768000005,0.020050125313283207,2026-02-17 15:16:00+00:00,surfline_trevone_20260217_1516
-553688.7911049168,6541301.0430910615,-103.9416768000005,0.022556390977443608,2026-02-17 15:16:00+00:00,surfline_trevone_20260217_1516
-553689.5484351165,6541300.871694799,-103.9416768000005,0.02506265664160401,2026-02-17 15:16:00+00:00,surfline_trevone_20260217_1516
-553690.3031316024,6541300.699529454,-103.9416768000005,0.02756892230576441,2026-02-17 15:16:00+00:00,surfline_trevone_20260217_1516
-553690.2005933804,6541300.277076716,-103.9416768000005,0.03007518796992481,2026-02-17 15:16:00+00:00,surfline_trevone_20260217_1516
-553690.0980550651,6541299.8546240665,-103.9416768000005,0.03258145363408521,2026-02-17 15:16:00+00:00,surfline_trevone_20260217_1516
-553689.9955168422,6541299.432171327,-103.9416768000005,0.03508771929824561,2026-02-17 15:16:00+00:00,surfline_trevone_20260217_1516
-553690.2497184979,6541299.113876103,-103.9416768000005,0.03759398496240601,2026-02-17 15:16:00+00:00,surfline_trevone_20260217_1516
-553691.0070486967,6541298.942479841,-103.9416768000005,0.040100250626566414,2026-02-17 15:16:00+00:00,surfline_trevone_20260217_1516
-553691.7643790564,6541298.771083743,-103.9416768000005,0.042606516290726815,2026-02-17 15:16:00+00:00,surfline_trevone_20260217_1516
-553691.9495548091,6541298.432635086,-103.9416768000005,0.045112781954887216,2026-02-17 15:16:00+00:00,surfline_trevone_20260217_1516
-553691.8470166795,6541298.010182258,-103.9416768000005,0.047619047619047616,2026-02-17 15:16:00+00:00,surfline_trevone_20260217_1516
-553691.7444784574,6541297.58772952,-103.9416768000005,0.05012531328320802,2026-02-17 15:16:00+00:00,surfline_trevone_20260217_1516
-553691.6419401423,6541297.16527687,-103.9416768000005,0.05263157894736842,2026-02-17 15:16:00+00:00,surfline_trevone_20260217_1516
-553691.5394019196,6541296.742824131,-103.9416768000005,0.05513784461152882,2026-02-17 15:16:00+00:00,surfline_trevone_20260217_1516
-553692.0659798445,6541296.504054826,-103.9416768000005,0.05764411027568922,2026-02-17 15:16:00+00:00,surfline_trevone_20260217_1516
-553692.8233102043,6541296.332658728,-103.9416768000005,0.06015037593984962,2026-02-17 15:16:00+00:00,surfline_trevone_20260217_1516
-553693.5806404038,6541296.161262466,-103.9416768000005,0.06265664160401002,2026-02-17 15:16:00+00:00,surfline_trevone_20260217_1516
-553693.4934399782,6541295.7432878,-103.9416768000005,0.06516290726817042,2026-02-17 15:16:00+00:00,surfline_trevone_20260217_1516
-553692.7812751204,6541295.1428419305,-103.9416768000005,0.06766917293233082,2026-02-17 15:16:00+00:00,surfline_trevone_20260217_1516
-553693.2883634414,6541294.898382412,-103.9416768000005,0.07017543859649122,2026-02-17 15:16:00+00:00,surfline_trevone_20260217_1516
-553693.1858252187,6541294.475929673,-103.9416768000005,0.07268170426065163,2026-02-17 15:16:00+00:00,surfline_trevone_20260217_1516
-553693.083287089,6541294.053476846,-103.9416768000005,0.07518796992481203,2026-02-17 15:16:00+00:00,surfline_trevone_20260217_1516
-553692.9807488669,6541293.631024107,-103.9416768000005,0.07769423558897243,2026-02-17 15:16:00+00:00,surfline_trevone_20260217_1516
-553692.8782105516,6541293.208571457,-103.9416768000005,0.08020050125313283,2026-02-17 15:16:00+00:00,surfline_trevone_20260217_1516
-553692.775672329,6541292.786118718,-103.9416768000005,0.08270676691729323,2026-02-17 15:16:00+00:00,surfline_trevone_20260217_1516
-553692.6731341997,6541292.363665891,-103.9416768000005,0.08521303258145363,2026-02-17 15:16:00+00:00,surfline_trevone_20260217_1516
-553692.5705959776,6541291.941213152,-103.9416768000005,0.08771929824561403,2026-02-17 15:16:00+00:00,surfline_trevone_20260217_1516
-553692.4680576622,6541291.518760503,-103.9416768000005,0.09022556390977443,2026-02-17 15:16:00+00:00,surfline_trevone_20260217_1516
-553692.3655194393,6541291.096307764,-103.9416768000005,0.09273182957393483,2026-02-17 15:16:00+00:00,surfline_trevone_20260217_1516
-553692.6271467501,6541290.7801806135,-103.9416768000005,0.09523809523809523,2026-02-17 15:16:00+00:00,surfline_trevone_20260217_1516
-553693.3844769489,6541290.608784352,-103.9416768000005,0.09774436090225563,2026-02-17 15:16:00+00:00,surfline_trevone_20260217_1516
-553694.1418073087,6541290.437388254,-103.9416768000005,0.10025062656641603,2026-02-17 15:16:00+00:00,surfline_trevone_20260217_1516
-553694.3195574061,6541290.0967715215,-103.9416768000005,0.10275689223057644,2026-02-17 15:16:00+00:00,surfline_trevone_20260217_1516
-553692.5711000946,6541289.1937583415,-103.9416768000005,0.10526315789473684,2026-02-17 15:16:00+00:00,surfline_trevone_20260217_1516
-553693.3284302935,6541289.02236208,-103.9416768000005,0.10776942355889724,2026-02-17 15:16:00+00:00,surfline_trevone_20260217_1516
-553694.0119427391,6541288.829413307,-103.9416768000005,0.11027568922305764,2026-02-17 15:16:00+00:00,surfline_trevone_20260217_1516
-553693.9094045162,6541288.406960567,-103.9416768000005,0.11278195488721804,2026-02-17 15:16:00+00:00,surfline_trevone_20260217_1516
-553693.8068663867,6541287.98450774,-103.9416768000005,0.11528822055137844,2026-02-17 15:16:00+00:00,surfline_trevone_20260217_1516
-553692.8867128687,6541287.32333532,-103.9416768000005,0.11779448621553884,2026-02-17 15:16:00+00:00,surfline_trevone_20260217_1516
-553693.6017898491,6541287.139602351,-103.9416768000005,0.12030075187969924,2026-02-17 15:16:00+00:00,surfline_trevone_20260217_1516
-553693.4992517201,6541286.717149524,-103.9416768000005,0.12280701754385964,2026-02-17 15:16:00+00:00,surfline_trevone_20260217_1516
-553693.3967134978,6541286.2946967855,-103.9416768000005,0.12531328320802004,2026-02-17 15:16:00+00:00,surfline_trevone_20260217_1516
-553693.2941751826,6541285.872244136,-103.9416768000005,0.12781954887218044,2026-02-17 15:16:00+00:00,surfline_trevone_20260217_1516
-553693.1916369594,6541285.449791397,-103.9416768000005,0.13032581453634084,2026-02-17 15:16:00+00:00,surfline_trevone_20260217_1516
-553693.0890988307,6541285.027338569,-103.9416768000005,0.13283208020050125,2026-02-17 15:16:00+00:00,surfline_trevone_20260217_1516
-553692.9865605683,6541284.604885869,-103.9416768000005,0.13533834586466165,2026-02-17 15:16:00+00:00,surfline_trevone_20260217_1516
-553692.8840222926,6541284.182433181,-103.9416768000005,0.13784461152882205,2026-02-17 15:16:00+00:00,surfline_trevone_20260217_1516
-553692.7814840698,6541283.759980442,-103.9416768000005,0.14035087719298245,2026-02-17 15:16:00+00:00,surfline_trevone_20260217_1516
-553692.6789459409,6541283.337527614,-103.9416768000005,0.14285714285714285,2026-02-17 15:16:00+00:00,surfline_trevone_20260217_1516
-553692.5764077189,6541282.915074876,-103.9416768000005,0.14536340852130325,2026-02-17 15:16:00+00:00,surfline_trevone_20260217_1516
-553692.7185729044,6541282.564068506,-103.9416768000005,0.14786967418546365,2026-02-17 15:16:00+00:00,surfline_trevone_20260217_1516
-553693.4759031042,6541282.392672244,-103.9416768000005,0.15037593984962405,2026-02-17 15:16:00+00:00,surfline_trevone_20260217_1516
-553694.23323314,6541282.2212758185,-103.9416768000005,0.15288220551378445,2026-02-17 15:16:00+00:00,surfline_trevone_20260217_1516
-553694.5304456849,6541281.915538634,-103.9416768000005,0.15538847117794485,2026-02-17 15:16:00+00:00,surfline_trevone_20260217_1516
-553694.4279073694,6541281.493085985,-103.9416768000005,0.15789473684210525,2026-02-17 15:16:00+00:00,surfline_trevone_20260217_1516
-553694.3253691467,6541281.070633246,-103.9416768000005,0.16040100250626566,2026-02-17 15:16:00+00:00,surfline_trevone_20260217_1516
-553694.2228310176,6541280.648180418,-103.9416768000005,0.16290726817042606,2026-02-17 15:16:00+00:00,surfline_trevone_20260217_1516
-553694.1202927955,6541280.225727679,-103.9416768000005,0.16541353383458646,2026-02-17 15:16:00+00:00,surfline_trevone_20260217_1516
-553692.6064795943,6541279.391223963,-103.9416768000005,0.16791979949874686,2026-02-17 15:16:00+00:00,surfline_trevone_20260217_1516
-553693.363809794,6541279.219827701,-103.9416768000005,0.17042606516290726,2026-02-17 15:16:00+00:00,surfline_trevone_20260217_1516
-553693.8126781279,6541278.958369463,-103.9416768000005,0.17293233082706766,2026-02-17 15:16:00+00:00,surfline_trevone_20260217_1516
-553693.7101398126,6541278.535916815,-103.9416768000005,0.17543859649122806,2026-02-17 15:16:00+00:00,surfline_trevone_20260217_1516
-553693.6076015896,6541278.113464075,-103.9416768000005,0.17794486215538846,2026-02-17 15:16:00+00:00,surfline_trevone_20260217_1516
-553693.5050634613,6541277.691011246,-103.9416768000005,0.18045112781954886,2026-02-17 15:16:00+00:00,surfline_trevone_20260217_1516
-553693.402525239,6541277.268558509,-103.9416768000005,0.18295739348370926,2026-02-17 15:16:00+00:00,surfline_trevone_20260217_1516
-553693.2999869229,6541276.84610586,-103.9416768000005,0.18546365914786966,2026-02-17 15:16:00+00:00,surfline_trevone_20260217_1516
-553693.1974486997,6541276.42365312,-103.9416768000005,0.18796992481203006,2026-02-17 15:16:00+00:00,surfline_trevone_20260217_1516
-553693.0949105717,6541276.001200292,-103.9416768000005,0.19047619047619047,2026-02-17 15:16:00+00:00,surfline_trevone_20260217_1516
-553692.9923723494,6541275.578747554,-103.9416768000005,0.19298245614035087,2026-02-17 15:16:00+00:00,surfline_trevone_20260217_1516
-553692.8898340331,6541275.156294906,-103.9416768000005,0.19548872180451127,2026-02-17 15:16:00+00:00,surfline_trevone_20260217_1516
-553693.5953524936,6541274.969771178,-103.9416768000005,0.19799498746867167,2026-02-17 15:16:00+00:00,surfline_trevone_20260217_1516
-553694.3526824584,6541274.798374681,-103.9416768000005,0.20050125313283207,2026-02-17 15:16:00+00:00,surfline_trevone_20260217_1516
-553694.9464103156,6541274.579211312,-103.9416768000005,0.20300751879699247,2026-02-17 15:16:00+00:00,surfline_trevone_20260217_1516
-553694.7103302251,6541274.117768364,-103.9416768000005,0.20551378446115287,2026-02-17 15:16:00+00:00,surfline_trevone_20260217_1516
-553694.7413337767,6541273.734305924,-103.9416768000005,0.20802005012531327,2026-02-17 15:16:00+00:00,surfline_trevone_20260217_1516
-553694.6387956484,6541273.311853096,-103.9416768000005,0.21052631578947367,2026-02-17 15:16:00+00:00,surfline_trevone_20260217_1516
-553694.5362574261,6541272.889400357,-103.9416768000005,0.21303258145363407,2026-02-17 15:16:00+00:00,surfline_trevone_20260217_1516
-553694.4337191099,6541272.466947709,-103.9416768000005,0.21553884711779447,2026-02-17 15:16:00+00:00,surfline_trevone_20260217_1516
-553694.3311808871,6541272.04449497,-103.9416768000005,0.21804511278195488,2026-02-17 15:16:00+00:00,surfline_trevone_20260217_1516
-553694.228642759,6541271.622042141,-103.9416768000005,0.22055137844611528,2026-02-17 15:16:00+00:00,surfline_trevone_20260217_1516
-553694.126104537,6541271.199589402,-103.9416768000005,0.22305764411027568,2026-02-17 15:16:00+00:00,surfline_trevone_20260217_1516
-553694.5982369148,6541270.944923821,-103.9416768000005,0.22556390977443608,2026-02-17 15:16:00+00:00,surfline_trevone_20260217_1516
-553695.3555671147,6541270.773527559,-103.9416768000005,0.22807017543859648,2026-02-17 15:16:00+00:00,surfline_trevone_20260217_1516
-553696.1128971498,6541270.602131133,-103.9416768000005,0.23057644110275688,2026-02-17 15:16:00+00:00,surfline_trevone_20260217_1516
-553696.0801424093,6541270.200053251,-103.9416768000005,0.23308270676691728,2026-02-17 15:16:00+00:00,surfline_trevone_20260217_1516
-553695.9776041863,6541269.777600512,-103.9416768000005,0.23558897243107768,2026-02-17 15:16:00+00:00,surfline_trevone_20260217_1516
-553695.875066058,6541269.355147683,-103.9416768000005,0.23809523809523808,2026-02-17 15:16:00+00:00,surfline_trevone_20260217_1516
-553695.7725278358,6541268.932694945,-103.9416768000005,0.24060150375939848,2026-02-17 15:16:00+00:00,surfline_trevone_20260217_1516
-553695.6699895199,6541268.510242296,-103.9416768000005,0.24310776942355888,2026-02-17 15:16:00+00:00,surfline_trevone_20260217_1516
-553695.5674512967,6541268.087789557,-103.9416768000005,0.24561403508771928,2026-02-17 15:16:00+00:00,surfline_trevone_20260217_1516
-553695.4649131687,6541267.665336728,-103.9416768000005,0.24812030075187969,2026-02-17 15:16:00+00:00,surfline_trevone_20260217_1516
-553695.3623749464,6541267.24288399,-103.9416768000005,0.2506265664160401,2026-02-17 15:16:00+00:00,surfline_trevone_20260217_1516
-553695.2598366302,6541266.820431342,-103.9416768000005,0.2531328320802005,2026-02-17 15:16:00+00:00,surfline_trevone_20260217_1516
-553695.1572984072,6541266.397978603,-103.9416768000005,0.2556390977443609,2026-02-17 15:16:00+00:00,surfline_trevone_20260217_1516
-553695.0547602794,6541265.975525774,-103.9416768000005,0.2581453634085213,2026-02-17 15:16:00+00:00,surfline_trevone_20260217_1516
-553694.9522220572,6541265.553073036,-103.9416768000005,0.2606516290726817,2026-02-17 15:16:00+00:00,surfline_trevone_20260217_1516
-553694.8496837406,6541265.130620387,-103.9416768000005,0.2631578947368421,2026-02-17 15:16:00+00:00,surfline_trevone_20260217_1516
-553695.5310631592,6541264.937048765,-103.9416768000005,0.2656641604010025,2026-02-17 15:16:00+00:00,surfline_trevone_20260217_1516
-553696.2883931234,6541264.765652267,-103.9416768000005,0.2681704260651629,2026-02-17 15:16:00+00:00,surfline_trevone_20260217_1516
-553696.906260023,6541264.553536794,-103.9416768000005,0.2706766917293233,2026-02-17 15:16:00+00:00,surfline_trevone_20260217_1516
-553696.8037217067,6541264.131084145,-103.9416768000005,0.2731829573934837,2026-02-17 15:16:00+00:00,surfline_trevone_20260217_1516
-553695.8606873655,6541263.463231076,-103.9416768000005,0.2756892230576441,2026-02-17 15:16:00+00:00,surfline_trevone_20260217_1516
-553696.5986453557,6541263.286178578,-103.9416768000005,0.2781954887218045,2026-02-17 15:16:00+00:00,surfline_trevone_20260217_1516
-553696.4961071338,6541262.863725839,-103.9416768000005,0.2807017543859649,2026-02-17 15:16:00+00:00,surfline_trevone_20260217_1516
-553696.3935688173,6541262.441273191,-103.9416768000005,0.2832080200501253,2026-02-17 15:16:00+00:00,surfline_trevone_20260217_1516
-553696.2910305944,6541262.018820452,-103.9416768000005,0.2857142857142857,2026-02-17 15:16:00+00:00,surfline_trevone_20260217_1516
-553696.1884924665,6541261.596367623,-103.9416768000005,0.2882205513784461,2026-02-17 15:16:00+00:00,surfline_trevone_20260217_1516
-553696.0859542445,6541261.173914884,-103.9416768000005,0.2907268170426065,2026-02-17 15:16:00+00:00,surfline_trevone_20260217_1516
-553695.9834159277,6541260.751462237,-103.9416768000005,0.2932330827067669,2026-02-17 15:16:00+00:00,surfline_trevone_20260217_1516
-553695.8808777048,6541260.329009497,-103.9416768000005,0.2957393483709273,2026-02-17 15:16:00+00:00,surfline_trevone_20260217_1516
-553695.778339577,6541259.906556668,-103.9416768000005,0.2982456140350877,2026-02-17 15:16:00+00:00,surfline_trevone_20260217_1516
-553695.6758012603,6541259.4841040205,-103.9416768000005,0.3007518796992481,2026-02-17 15:16:00+00:00,surfline_trevone_20260217_1516
-553695.5732630374,6541259.061651281,-103.9416768000005,0.3032581453634085,2026-02-17 15:16:00+00:00,surfline_trevone_20260217_1516
-553695.47072491,6541258.639198451,-103.9416768000005,0.3057644110275689,2026-02-17 15:16:00+00:00,surfline_trevone_20260217_1516
-553695.3681866878,6541258.216745713,-103.9416768000005,0.3082706766917293,2026-02-17 15:16:00+00:00,surfline_trevone_20260217_1516
-553695.2656483707,6541257.794293066,-103.9416768000005,0.3107769423558897,2026-02-17 15:16:00+00:00,surfline_trevone_20260217_1516
-553695.1631101476,6541257.371840326,-103.9416768000005,0.3132832080200501,2026-02-17 15:16:00+00:00,surfline_trevone_20260217_1516
-553695.0605720205,6541256.949387496,-103.9416768000005,0.3157894736842105,2026-02-17 15:16:00+00:00,surfline_trevone_20260217_1516
-553694.9580337983,6541256.526934759,-103.9416768000005,0.3182957393483709,2026-02-17 15:16:00+00:00,surfline_trevone_20260217_1516
-553694.8554954809,6541256.104482112,-103.9416768000005,0.3208020050125313,2026-02-17 15:16:00+00:00,surfline_trevone_20260217_1516
-553694.7529572579,6541255.682029372,-103.9416768000005,0.3233082706766917,2026-02-17 15:16:00+00:00,surfline_trevone_20260217_1516
-553694.8091120623,6541255.3059102455,-103.9416768000005,0.3258145363408521,2026-02-17 15:16:00+00:00,surfline_trevone_20260217_1516
-553695.5664422609,6541255.134513984,-103.9416768000005,0.3283208020050125,2026-02-17 15:16:00+00:00,surfline_trevone_20260217_1516
-553696.3237726248,6541254.96311789,-103.9416768000005,0.3308270676691729,2026-02-17 15:16:00+00:00,surfline_trevone_20260217_1516
-553696.7069951838,6541254.682493169,-103.9416768000005,0.3333333333333333,2026-02-17 15:16:00+00:00,surfline_trevone_20260217_1516
-553696.604457097,6541254.260040301,-103.9416768000005,0.3358395989974937,2026-02-17 15:16:00+00:00,surfline_trevone_20260217_1516
-553696.5019188749,6541253.837587562,-103.9416768000005,0.3383458646616541,2026-02-17 15:16:00+00:00,surfline_trevone_20260217_1516
-553696.3993805578,6541253.415134915,-103.9416768000005,0.3408521303258145,2026-02-17 15:16:00+00:00,surfline_trevone_20260217_1516
-553696.2968423349,6541252.992682176,-103.9416768000005,0.3433583959899749,2026-02-17 15:16:00+00:00,surfline_trevone_20260217_1516
-553696.1943042077,6541252.570229346,-103.9416768000005,0.3458646616541353,2026-02-17 15:16:00+00:00,surfline_trevone_20260217_1516
-553696.0917659856,6541252.147776607,-103.9416768000005,0.3483709273182957,2026-02-17 15:16:00+00:00,surfline_trevone_20260217_1516
-553695.9892276681,6541251.72532396,-103.9416768000005,0.3508771929824561,2026-02-17 15:16:00+00:00,surfline_trevone_20260217_1516
-553695.8866894452,6541251.302871221,-103.9416768000005,0.3533834586466165,2026-02-17 15:16:00+00:00,surfline_trevone_20260217_1516
-553695.7841513183,6541250.880418391,-103.9416768000005,0.3558897243107769,2026-02-17 15:16:00+00:00,surfline_trevone_20260217_1516
-553695.6816130008,6541250.457965744,-103.9416768000005,0.3583959899749373,2026-02-17 15:16:00+00:00,surfline_trevone_20260217_1516
-553695.5790747777,6541250.035513004,-103.9416768000005,0.3609022556390977,2026-02-17 15:16:00+00:00,surfline_trevone_20260217_1516
-553695.476536651,6541249.613060175,-103.9416768000005,0.3634085213032581,2026-02-17 15:16:00+00:00,surfline_trevone_20260217_1516
-553695.373998429,6541249.190607436,-103.9416768000005,0.3659147869674185,2026-02-17 15:16:00+00:00,surfline_trevone_20260217_1516
-553695.2714601113,6541248.76815479,-103.9416768000005,0.3684210526315789,2026-02-17 15:16:00+00:00,surfline_trevone_20260217_1516
-553695.1689218882,6541248.34570205,-103.9416768000005,0.37092731829573933,2026-02-17 15:16:00+00:00,surfline_trevone_20260217_1516
-553695.0663837618,6541247.92324922,-103.9416768000005,0.37343358395989973,2026-02-17 15:16:00+00:00,surfline_trevone_20260217_1516
-553694.9638455395,6541247.500796481,-103.9416768000005,0.37593984962406013,2026-02-17 15:16:00+00:00,surfline_trevone_20260217_1516
-553694.8613072215,6541247.078343835,-103.9416768000005,0.37844611528822053,2026-02-17 15:16:00+00:00,surfline_trevone_20260217_1516
-553694.7587689984,6541246.655891095,-103.9416768000005,0.38095238095238093,2026-02-17 15:16:00+00:00,surfline_trevone_20260217_1516
-553694.6562308723,6541246.2334382655,-103.9416768000005,0.38345864661654133,2026-02-17 15:16:00+00:00,surfline_trevone_20260217_1516
-553694.55369265,6541245.810985527,-103.9416768000005,0.38596491228070173,2026-02-17 15:16:00+00:00,surfline_trevone_20260217_1516
-553694.4511543318,6541245.388532881,-103.9416768000005,0.38847117794486213,2026-02-17 15:16:00+00:00,surfline_trevone_20260217_1516
-553694.4448089703,6541244.994165649,-103.9416768000005,0.39097744360902253,2026-02-17 15:16:00+00:00,surfline_trevone_20260217_1516
-553694.4448089703,6541244.994165649,-103.9416768000005,0.39348370927318294,2026-02-17 15:16:00+00:00,surfline_trevone_20260217_1516
-553694.4448089703,6541244.994165649,-103.9416768000005,0.39598997493734334,2026-02-17 15:16:00+00:00,surfline_trevone_20260217_1516
-553694.4448089703,6541244.994165649,-103.9416768000005,0.39849624060150374,2026-02-17 15:16:00+00:00,surfline_trevone_20260217_1516
-553694.4448089703,6541244.994165649,-103.9416768000005,0.40100250626566414,2026-02-17 15:16:00+00:00,surfline_trevone_20260217_1516
-553694.4448089703,6541244.994165649,-103.9416768000005,0.40350877192982454,2026-02-17 15:16:00+00:00,surfline_trevone_20260217_1516
-553694.4448089703,6541244.994165649,-103.9416768000005,0.40601503759398494,2026-02-17 15:16:00+00:00,surfline_trevone_20260217_1516
-553694.4448089703,6541244.994165649,-103.9416768000005,0.40852130325814534,2026-02-17 15:16:00+00:00,surfline_trevone_20260217_1516
-553694.4448089703,6541244.994165649,-103.9416768000005,0.41102756892230574,2026-02-17 15:16:00+00:00,surfline_trevone_20260217_1516
-553694.4448089703,6541244.994165649,-103.9416768000005,0.41353383458646614,2026-02-17 15:16:00+00:00,surfline_trevone_20260217_1516
-553694.4448089703,6541244.994165649,-103.9416768000005,0.41604010025062654,2026-02-17 15:16:00+00:00,surfline_trevone_20260217_1516
-553694.4448089703,6541244.994165649,-103.9416768000005,0.41854636591478694,2026-02-17 15:16:00+00:00,surfline_trevone_20260217_1516
-553694.4448089703,6541244.994165649,-103.9416768000005,0.42105263157894735,2026-02-17 15:16:00+00:00,surfline_trevone_20260217_1516
-553694.4448089703,6541244.994165649,-103.9416768000005,0.42355889724310775,2026-02-17 15:16:00+00:00,surfline_trevone_20260217_1516
-553694.4448089703,6541244.994165649,-103.9416768000005,0.42606516290726815,2026-02-17 15:16:00+00:00,surfline_trevone_20260217_1516
-553694.4448089703,6541244.994165649,-103.9416768000005,0.42857142857142855,2026-02-17 15:16:00+00:00,surfline_trevone_20260217_1516
-553694.4448089703,6541244.994165649,-103.9416768000005,0.43107769423558895,2026-02-17 15:16:00+00:00,surfline_trevone_20260217_1516
-553694.4448089703,6541244.994165649,-103.9416768000005,0.43358395989974935,2026-02-17 15:16:00+00:00,surfline_trevone_20260217_1516
-553694.4448089703,6541244.994165649,-103.9416768000005,0.43609022556390975,2026-02-17 15:16:00+00:00,surfline_trevone_20260217_1516
-553694.4448089703,6541244.994165649,-103.9416768000005,0.43859649122807015,2026-02-17 15:16:00+00:00,surfline_trevone_20260217_1516
-553694.4448089703,6541244.994165649,-103.9416768000005,0.44110275689223055,2026-02-17 15:16:00+00:00,surfline_trevone_20260217_1516
-553694.4448089703,6541244.994165649,-103.9416768000005,0.44360902255639095,2026-02-17 15:16:00+00:00,surfline_trevone_20260217_1516
-553694.4448089703,6541244.994165649,-103.9416768000005,0.44611528822055135,2026-02-17 15:16:00+00:00,surfline_trevone_20260217_1516
-553694.4448089703,6541244.994165649,-103.9416768000005,0.44862155388471175,2026-02-17 15:16:00+00:00,surfline_trevone_20260217_1516
-553694.4448089703,6541244.994165649,-103.9416768000005,0.45112781954887216,2026-02-17 15:16:00+00:00,surfline_trevone_20260217_1516
-553694.4448089703,6541244.994165649,-103.9416768000005,0.45363408521303256,2026-02-17 15:16:00+00:00,surfline_trevone_20260217_1516
-553694.4448089703,6541244.994165649,-103.9416768000005,0.45614035087719296,2026-02-17 15:16:00+00:00,surfline_trevone_20260217_1516
-553694.4448089703,6541244.994165649,-103.9416768000005,0.45864661654135336,2026-02-17 15:16:00+00:00,surfline_trevone_20260217_1516
-553694.4448089703,6541244.994165649,-103.9416768000005,0.46115288220551376,2026-02-17 15:16:00+00:00,surfline_trevone_20260217_1516
-553694.4448089703,6541244.994165649,-103.9416768000005,0.46365914786967416,2026-02-17 15:16:00+00:00,surfline_trevone_20260217_1516
-553694.4448089703,6541244.994165649,-103.9416768000005,0.46616541353383456,2026-02-17 15:16:00+00:00,surfline_trevone_20260217_1516
-553694.4448089703,6541244.994165649,-103.9416768000005,0.46867167919799496,2026-02-17 15:16:00+00:00,surfline_trevone_20260217_1516
-553694.4448089703,6541244.994165649,-103.9416768000005,0.47117794486215536,2026-02-17 15:16:00+00:00,surfline_trevone_20260217_1516
-553694.4448089703,6541244.994165649,-103.9416768000005,0.47368421052631576,2026-02-17 15:16:00+00:00,surfline_trevone_20260217_1516
-553694.4448089703,6541244.994165649,-103.9416768000005,0.47619047619047616,2026-02-17 15:16:00+00:00,surfline_trevone_20260217_1516
-553694.4448089703,6541244.994165649,-103.9416768000005,0.47869674185463656,2026-02-17 15:16:00+00:00,surfline_trevone_20260217_1516
-553694.4448089703,6541244.994165649,-103.9416768000005,0.48120300751879697,2026-02-17 15:16:00+00:00,surfline_trevone_20260217_1516
-553694.4448089703,6541244.994165649,-103.9416768000005,0.48370927318295737,2026-02-17 15:16:00+00:00,surfline_trevone_20260217_1516
-553694.4448089703,6541244.994165649,-103.9416768000005,0.48621553884711777,2026-02-17 15:16:00+00:00,surfline_trevone_20260217_1516
-553694.4448089703,6541244.994165649,-103.9416768000005,0.48872180451127817,2026-02-17 15:16:00+00:00,surfline_trevone_20260217_1516
-553694.4448089703,6541244.994165649,-103.9416768000005,0.49122807017543857,2026-02-17 15:16:00+00:00,surfline_trevone_20260217_1516
-553694.4448089703,6541244.994165649,-103.9416768000005,0.49373433583959897,2026-02-17 15:16:00+00:00,surfline_trevone_20260217_1516
-553694.4448089703,6541244.994165649,-103.9416768000005,0.49624060150375937,2026-02-17 15:16:00+00:00,surfline_trevone_20260217_1516
-553694.4448089703,6541244.994165649,-103.9416768000005,0.49874686716791977,2026-02-17 15:16:00+00:00,surfline_trevone_20260217_1516
-553694.4448089703,6541244.994165649,-103.9416768000005,0.5012531328320802,2026-02-17 15:16:00+00:00,surfline_trevone_20260217_1516
-553694.4448089703,6541244.994165649,-103.9416768000005,0.5037593984962405,2026-02-17 15:16:00+00:00,surfline_trevone_20260217_1516
-553694.4448089703,6541244.994165649,-103.9416768000005,0.506265664160401,2026-02-17 15:16:00+00:00,surfline_trevone_20260217_1516
-553694.4448089703,6541244.994165649,-103.9416768000005,0.5087719298245614,2026-02-17 15:16:00+00:00,surfline_trevone_20260217_1516
-553694.4448089703,6541244.994165649,-103.9416768000005,0.5112781954887218,2026-02-17 15:16:00+00:00,surfline_trevone_20260217_1516
-553694.4448089703,6541244.994165649,-103.9416768000005,0.5137844611528821,2026-02-17 15:16:00+00:00,surfline_trevone_20260217_1516
-553694.4448089703,6541244.994165649,-103.9416768000005,0.5162907268170426,2026-02-17 15:16:00+00:00,surfline_trevone_20260217_1516
-553694.4448089703,6541244.994165649,-103.9416768000005,0.518796992481203,2026-02-17 15:16:00+00:00,surfline_trevone_20260217_1516
-553694.4448089703,6541244.994165649,-103.9416768000005,0.5213032581453634,2026-02-17 15:16:00+00:00,surfline_trevone_20260217_1516
-553694.4448089703,6541244.994165649,-103.9416768000005,0.5238095238095237,2026-02-17 15:16:00+00:00,surfline_trevone_20260217_1516
-553694.4448089703,6541244.994165649,-103.9416768000005,0.5263157894736842,2026-02-17 15:16:00+00:00,surfline_trevone_20260217_1516
-553694.4448089703,6541244.994165649,-103.9416768000005,0.5288220551378446,2026-02-17 15:16:00+00:00,surfline_trevone_20260217_1516
-553694.4448089703,6541244.994165649,-103.9416768000005,0.531328320802005,2026-02-17 15:16:00+00:00,surfline_trevone_20260217_1516
-553694.4448089703,6541244.994165649,-103.9416768000005,0.5338345864661653,2026-02-17 15:16:00+00:00,surfline_trevone_20260217_1516
-553694.4448089703,6541244.994165649,-103.9416768000005,0.5363408521303258,2026-02-17 15:16:00+00:00,surfline_trevone_20260217_1516
-553694.4448089703,6541244.994165649,-103.9416768000005,0.5388471177944862,2026-02-17 15:16:00+00:00,surfline_trevone_20260217_1516
-553694.4448089703,6541244.994165649,-103.9416768000005,0.5413533834586466,2026-02-17 15:16:00+00:00,surfline_trevone_20260217_1516
-553694.4448089703,6541244.994165649,-103.9416768000005,0.5438596491228069,2026-02-17 15:16:00+00:00,surfline_trevone_20260217_1516
-553694.4448089703,6541244.994165649,-103.9416768000005,0.5463659147869674,2026-02-17 15:16:00+00:00,surfline_trevone_20260217_1516
-553694.4448089703,6541244.994165649,-103.9416768000005,0.5488721804511278,2026-02-17 15:16:00+00:00,surfline_trevone_20260217_1516
-553694.4448089703,6541244.994165649,-103.9416768000005,0.5513784461152882,2026-02-17 15:16:00+00:00,surfline_trevone_20260217_1516
-553694.4448089703,6541244.994165649,-103.9416768000005,0.5538847117794485,2026-02-17 15:16:00+00:00,surfline_trevone_20260217_1516
-553694.4448089703,6541244.994165649,-103.9416768000005,0.556390977443609,2026-02-17 15:16:00+00:00,surfline_trevone_20260217_1516
-553694.4448089703,6541244.994165649,-103.9416768000005,0.5588972431077694,2026-02-17 15:16:00+00:00,surfline_trevone_20260217_1516
-553694.4448089703,6541244.994165649,-103.9416768000005,0.5614035087719298,2026-02-17 15:16:00+00:00,surfline_trevone_20260217_1516
-553694.4448089703,6541244.994165649,-103.9416768000005,0.5639097744360901,2026-02-17 15:16:00+00:00,surfline_trevone_20260217_1516
-553694.4448089703,6541244.994165649,-103.9416768000005,0.5664160401002506,2026-02-17 15:16:00+00:00,surfline_trevone_20260217_1516
-553694.4448089703,6541244.994165649,-103.9416768000005,0.568922305764411,2026-02-17 15:16:00+00:00,surfline_trevone_20260217_1516
-553694.4448089703,6541244.994165649,-103.9416768000005,0.5714285714285714,2026-02-17 15:16:00+00:00,surfline_trevone_20260217_1516
-553694.4448089703,6541244.994165649,-103.9416768000005,0.5739348370927317,2026-02-17 15:16:00+00:00,surfline_trevone_20260217_1516
-553694.4448089703,6541244.994165649,-103.9416768000005,0.5764411027568922,2026-02-17 15:16:00+00:00,surfline_trevone_20260217_1516
-553694.4448089703,6541244.994165649,-103.9416768000005,0.5789473684210527,2026-02-17 15:16:00+00:00,surfline_trevone_20260217_1516
-553694.4448089703,6541244.994165649,-103.9416768000005,0.581453634085213,2026-02-17 15:16:00+00:00,surfline_trevone_20260217_1516
-553694.4448089703,6541244.994165649,-103.9416768000005,0.5839598997493733,2026-02-17 15:16:00+00:00,surfline_trevone_20260217_1516
-553694.4448089703,6541244.994165649,-103.9416768000005,0.5864661654135338,2026-02-17 15:16:00+00:00,surfline_trevone_20260217_1516
-553694.4448089703,6541244.994165649,-103.9416768000005,0.5889724310776943,2026-02-17 15:16:00+00:00,surfline_trevone_20260217_1516
-553694.4448089703,6541244.994165649,-103.9416768000005,0.5914786967418546,2026-02-17 15:16:00+00:00,surfline_trevone_20260217_1516
-553694.4448089703,6541244.994165649,-103.9416768000005,0.593984962406015,2026-02-17 15:16:00+00:00,surfline_trevone_20260217_1516
-553694.4448089703,6541244.994165649,-103.9416768000005,0.5964912280701754,2026-02-17 15:16:00+00:00,surfline_trevone_20260217_1516
-553694.4448089703,6541244.994165649,-103.9416768000005,0.5989974937343359,2026-02-17 15:16:00+00:00,surfline_trevone_20260217_1516
-553694.4448089703,6541244.994165649,-103.9416768000005,0.6015037593984962,2026-02-17 15:16:00+00:00,surfline_trevone_20260217_1516
-553694.4448089703,6541244.994165649,-103.9416768000005,0.6040100250626566,2026-02-17 15:16:00+00:00,surfline_trevone_20260217_1516
-553694.4448089703,6541244.994165649,-103.9416768000005,0.606516290726817,2026-02-17 15:16:00+00:00,surfline_trevone_20260217_1516
-553694.4448089703,6541244.994165649,-103.9416768000005,0.6090225563909775,2026-02-17 15:16:00+00:00,surfline_trevone_20260217_1516
-553694.4448089703,6541244.994165649,-103.9416768000005,0.6115288220551378,2026-02-17 15:16:00+00:00,surfline_trevone_20260217_1516
-553694.4448089703,6541244.994165649,-103.9416768000005,0.6140350877192982,2026-02-17 15:16:00+00:00,surfline_trevone_20260217_1516
-553694.4448089703,6541244.994165649,-103.9416768000005,0.6165413533834586,2026-02-17 15:16:00+00:00,surfline_trevone_20260217_1516
-553694.4448089703,6541244.994165649,-103.9416768000005,0.6190476190476191,2026-02-17 15:16:00+00:00,surfline_trevone_20260217_1516
-553694.4448089703,6541244.994165649,-103.9416768000005,0.6215538847117794,2026-02-17 15:16:00+00:00,surfline_trevone_20260217_1516
-553694.4448089703,6541244.994165649,-103.9416768000005,0.6240601503759398,2026-02-17 15:16:00+00:00,surfline_trevone_20260217_1516
-553694.4448089703,6541244.994165649,-103.9416768000005,0.6265664160401002,2026-02-17 15:16:00+00:00,surfline_trevone_20260217_1516
-553694.4448089703,6541244.994165649,-103.9416768000005,0.6290726817042607,2026-02-17 15:16:00+00:00,surfline_trevone_20260217_1516
-553694.4448089703,6541244.994165649,-103.9416768000005,0.631578947368421,2026-02-17 15:16:00+00:00,surfline_trevone_20260217_1516
-553694.4448089703,6541244.994165649,-103.9416768000005,0.6340852130325814,2026-02-17 15:16:00+00:00,surfline_trevone_20260217_1516
-553694.4448089703,6541244.994165649,-103.9416768000005,0.6365914786967418,2026-02-17 15:16:00+00:00,surfline_trevone_20260217_1516
-553694.4448089703,6541244.994165649,-103.9416768000005,0.6390977443609023,2026-02-17 15:16:00+00:00,surfline_trevone_20260217_1516
-553694.4448089703,6541244.994165649,-103.9416768000005,0.6416040100250626,2026-02-17 15:16:00+00:00,surfline_trevone_20260217_1516
-553694.4448089703,6541244.994165649,-103.9416768000005,0.644110275689223,2026-02-17 15:16:00+00:00,surfline_trevone_20260217_1516
-553694.4448089703,6541244.994165649,-103.9416768000005,0.6466165413533834,2026-02-17 15:16:00+00:00,surfline_trevone_20260217_1516
-553694.4448089703,6541244.994165649,-103.9416768000005,0.6491228070175439,2026-02-17 15:16:00+00:00,surfline_trevone_20260217_1516
-553694.4448089703,6541244.994165649,-103.9416768000005,0.6516290726817042,2026-02-17 15:16:00+00:00,surfline_trevone_20260217_1516
-553694.4448089703,6541244.994165649,-103.9416768000005,0.6541353383458646,2026-02-17 15:16:00+00:00,surfline_trevone_20260217_1516
-553694.4448089703,6541244.994165649,-103.9416768000005,0.656641604010025,2026-02-17 15:16:00+00:00,surfline_trevone_20260217_1516
-553694.4448089703,6541244.994165649,-103.9416768000005,0.6591478696741855,2026-02-17 15:16:00+00:00,surfline_trevone_20260217_1516
-553694.4448089703,6541244.994165649,-103.9416768000005,0.6616541353383458,2026-02-17 15:16:00+00:00,surfline_trevone_20260217_1516
-553694.4448089703,6541244.994165649,-103.9416768000005,0.6641604010025062,2026-02-17 15:16:00+00:00,surfline_trevone_20260217_1516
-553694.4448089703,6541244.994165649,-103.9416768000005,0.6666666666666666,2026-02-17 15:16:00+00:00,surfline_trevone_20260217_1516
-553694.4448089703,6541244.994165649,-103.9416768000005,0.6691729323308271,2026-02-17 15:16:00+00:00,surfline_trevone_20260217_1516
-553694.4448089703,6541244.994165649,-103.9416768000005,0.6716791979949874,2026-02-17 15:16:00+00:00,surfline_trevone_20260217_1516
-553694.4448089703,6541244.994165649,-103.9416768000005,0.6741854636591478,2026-02-17 15:16:00+00:00,surfline_trevone_20260217_1516
-553694.4448089703,6541244.994165649,-103.9416768000005,0.6766917293233082,2026-02-17 15:16:00+00:00,surfline_trevone_20260217_1516
-553694.4448089703,6541244.994165649,-103.9416768000005,0.6791979949874687,2026-02-17 15:16:00+00:00,surfline_trevone_20260217_1516
-553694.4448089703,6541244.994165649,-103.9416768000005,0.681704260651629,2026-02-17 15:16:00+00:00,surfline_trevone_20260217_1516
-553694.4448089703,6541244.994165649,-103.9416768000005,0.6842105263157894,2026-02-17 15:16:00+00:00,surfline_trevone_20260217_1516
-553694.4448089703,6541244.994165649,-103.9416768000005,0.6867167919799498,2026-02-17 15:16:00+00:00,surfline_trevone_20260217_1516
-553694.4448089703,6541244.994165649,-103.9416768000005,0.6892230576441103,2026-02-17 15:16:00+00:00,surfline_trevone_20260217_1516
-553694.4448089703,6541244.994165649,-103.9416768000005,0.6917293233082706,2026-02-17 15:16:00+00:00,surfline_trevone_20260217_1516
-553694.4448089703,6541244.994165649,-103.9416768000005,0.694235588972431,2026-02-17 15:16:00+00:00,surfline_trevone_20260217_1516
-553694.4448089703,6541244.994165649,-103.9416768000005,0.6967418546365914,2026-02-17 15:16:00+00:00,surfline_trevone_20260217_1516
-553694.4448089703,6541244.994165649,-103.9416768000005,0.6992481203007519,2026-02-17 15:16:00+00:00,surfline_trevone_20260217_1516
-553694.4448089703,6541244.994165649,-103.9416768000005,0.7017543859649122,2026-02-17 15:16:00+00:00,surfline_trevone_20260217_1516
-553694.4448089703,6541244.994165649,-103.9416768000005,0.7042606516290726,2026-02-17 15:16:00+00:00,surfline_trevone_20260217_1516
-553694.4448089703,6541244.994165649,-103.9416768000005,0.706766917293233,2026-02-17 15:16:00+00:00,surfline_trevone_20260217_1516
-553694.4448089703,6541244.994165649,-103.9416768000005,0.7092731829573935,2026-02-17 15:16:00+00:00,surfline_trevone_20260217_1516
-553694.4448089703,6541244.994165649,-103.9416768000005,0.7117794486215538,2026-02-17 15:16:00+00:00,surfline_trevone_20260217_1516
-553694.4448089703,6541244.994165649,-103.9416768000005,0.7142857142857142,2026-02-17 15:16:00+00:00,surfline_trevone_20260217_1516
-553694.4448089703,6541244.994165649,-103.9416768000005,0.7167919799498746,2026-02-17 15:16:00+00:00,surfline_trevone_20260217_1516
-553694.4448089703,6541244.994165649,-103.9416768000005,0.7192982456140351,2026-02-17 15:16:00+00:00,surfline_trevone_20260217_1516
-553694.4448089703,6541244.994165649,-103.9416768000005,0.7218045112781954,2026-02-17 15:16:00+00:00,surfline_trevone_20260217_1516
-553694.4448089703,6541244.994165649,-103.9416768000005,0.7243107769423558,2026-02-17 15:16:00+00:00,surfline_trevone_20260217_1516
-553694.4448089703,6541244.994165649,-103.9416768000005,0.7268170426065163,2026-02-17 15:16:00+00:00,surfline_trevone_20260217_1516
-553694.4448089703,6541244.994165649,-103.9416768000005,0.7293233082706767,2026-02-17 15:16:00+00:00,surfline_trevone_20260217_1516
-553694.4448089703,6541244.994165649,-103.9416768000005,0.731829573934837,2026-02-17 15:16:00+00:00,surfline_trevone_20260217_1516
-553694.4448089703,6541244.994165649,-103.9416768000005,0.7343358395989974,2026-02-17 15:16:00+00:00,surfline_trevone_20260217_1516
-553694.4448089703,6541244.994165649,-103.9416768000005,0.7368421052631579,2026-02-17 15:16:00+00:00,surfline_trevone_20260217_1516
-553694.4448089703,6541244.994165649,-103.9416768000005,0.7393483709273183,2026-02-17 15:16:00+00:00,surfline_trevone_20260217_1516
-553694.4448089703,6541244.994165649,-103.9416768000005,0.7418546365914787,2026-02-17 15:16:00+00:00,surfline_trevone_20260217_1516
-553694.4448089703,6541244.994165649,-103.9416768000005,0.744360902255639,2026-02-17 15:16:00+00:00,surfline_trevone_20260217_1516
-553694.4448089703,6541244.994165649,-103.9416768000005,0.7468671679197995,2026-02-17 15:16:00+00:00,surfline_trevone_20260217_1516
-553694.4448089703,6541244.994165649,-103.9416768000005,0.7493734335839599,2026-02-17 15:16:00+00:00,surfline_trevone_20260217_1516
-553694.4448089703,6541244.994165649,-103.9416768000005,0.7518796992481203,2026-02-17 15:16:00+00:00,surfline_trevone_20260217_1516
-553694.4448089703,6541244.994165649,-103.9416768000005,0.7543859649122806,2026-02-17 15:16:00+00:00,surfline_trevone_20260217_1516
-553694.4448089703,6541244.994165649,-103.9416768000005,0.7568922305764411,2026-02-17 15:16:00+00:00,surfline_trevone_20260217_1516
-553694.4448089703,6541244.994165649,-103.9416768000005,0.7593984962406015,2026-02-17 15:16:00+00:00,surfline_trevone_20260217_1516
-553694.4448089703,6541244.994165649,-103.9416768000005,0.7619047619047619,2026-02-17 15:16:00+00:00,surfline_trevone_20260217_1516
-553694.4448089703,6541244.994165649,-103.9416768000005,0.7644110275689222,2026-02-17 15:16:00+00:00,surfline_trevone_20260217_1516
-553694.4448089703,6541244.994165649,-103.9416768000005,0.7669172932330827,2026-02-17 15:16:00+00:00,surfline_trevone_20260217_1516
-553694.4448089703,6541244.994165649,-103.9416768000005,0.7694235588972431,2026-02-17 15:16:00+00:00,surfline_trevone_20260217_1516
-553694.4448089703,6541244.994165649,-103.9416768000005,0.7719298245614035,2026-02-17 15:16:00+00:00,surfline_trevone_20260217_1516
-553694.4448089703,6541244.994165649,-103.9416768000005,0.7744360902255638,2026-02-17 15:16:00+00:00,surfline_trevone_20260217_1516
-553694.4448089703,6541244.994165649,-103.9416768000005,0.7769423558897243,2026-02-17 15:16:00+00:00,surfline_trevone_20260217_1516
-553694.4448089703,6541244.994165649,-103.9416768000005,0.7794486215538847,2026-02-17 15:16:00+00:00,surfline_trevone_20260217_1516
-553694.4448089703,6541244.994165649,-103.9416768000005,0.7819548872180451,2026-02-17 15:16:00+00:00,surfline_trevone_20260217_1516
-553694.4448089703,6541244.994165649,-103.9416768000005,0.7844611528822054,2026-02-17 15:16:00+00:00,surfline_trevone_20260217_1516
-553694.4448089703,6541244.994165649,-103.9416768000005,0.7869674185463659,2026-02-17 15:16:00+00:00,surfline_trevone_20260217_1516
-553694.4448089703,6541244.994165649,-103.9416768000005,0.7894736842105263,2026-02-17 15:16:00+00:00,surfline_trevone_20260217_1516
-553694.4448089703,6541244.994165649,-103.9416768000005,0.7919799498746867,2026-02-17 15:16:00+00:00,surfline_trevone_20260217_1516
-553694.4448089703,6541244.994165649,-103.9416768000005,0.794486215538847,2026-02-17 15:16:00+00:00,surfline_trevone_20260217_1516
-553694.4448089703,6541244.994165649,-103.9416768000005,0.7969924812030075,2026-02-17 15:16:00+00:00,surfline_trevone_20260217_1516
-553694.4448089703,6541244.994165649,-103.9416768000005,0.7994987468671679,2026-02-17 15:16:00+00:00,surfline_trevone_20260217_1516
-553694.4448089703,6541244.994165649,-103.9416768000005,0.8020050125313283,2026-02-17 15:16:00+00:00,surfline_trevone_20260217_1516
-553694.4448089703,6541244.994165649,-103.9416768000005,0.8045112781954886,2026-02-17 15:16:00+00:00,surfline_trevone_20260217_1516
-553694.4448089703,6541244.994165649,-103.9416768000005,0.8070175438596491,2026-02-17 15:16:00+00:00,surfline_trevone_20260217_1516
-553694.4448089703,6541244.994165649,-103.9416768000005,0.8095238095238095,2026-02-17 15:16:00+00:00,surfline_trevone_20260217_1516
-553694.4448089703,6541244.994165649,-103.9416768000005,0.8120300751879699,2026-02-17 15:16:00+00:00,surfline_trevone_20260217_1516
-553694.4448089703,6541244.994165649,-103.9416768000005,0.8145363408521302,2026-02-17 15:16:00+00:00,surfline_trevone_20260217_1516
-553694.4448089703,6541244.994165649,-103.9416768000005,0.8170426065162907,2026-02-17 15:16:00+00:00,surfline_trevone_20260217_1516
-553694.4448089703,6541244.994165649,-103.9416768000005,0.8195488721804511,2026-02-17 15:16:00+00:00,surfline_trevone_20260217_1516
-553694.4448089703,6541244.994165649,-103.9416768000005,0.8220551378446115,2026-02-17 15:16:00+00:00,surfline_trevone_20260217_1516
-553694.4448089703,6541244.994165649,-103.9416768000005,0.8245614035087718,2026-02-17 15:16:00+00:00,surfline_trevone_20260217_1516
-553694.4448089703,6541244.994165649,-103.9416768000005,0.8270676691729323,2026-02-17 15:16:00+00:00,surfline_trevone_20260217_1516
-553694.4448089703,6541244.994165649,-103.9416768000005,0.8295739348370927,2026-02-17 15:16:00+00:00,surfline_trevone_20260217_1516
-553694.4448089703,6541244.994165649,-103.9416768000005,0.8320802005012531,2026-02-17 15:16:00+00:00,surfline_trevone_20260217_1516
-553694.4448089703,6541244.994165649,-103.9416768000005,0.8345864661654134,2026-02-17 15:16:00+00:00,surfline_trevone_20260217_1516
-553694.4448089703,6541244.994165649,-103.9416768000005,0.8370927318295739,2026-02-17 15:16:00+00:00,surfline_trevone_20260217_1516
-553694.4448089703,6541244.994165649,-103.9416768000005,0.8395989974937343,2026-02-17 15:16:00+00:00,surfline_trevone_20260217_1516
-553694.4448089703,6541244.994165649,-103.9416768000005,0.8421052631578947,2026-02-17 15:16:00+00:00,surfline_trevone_20260217_1516
-553694.4448089703,6541244.994165649,-103.9416768000005,0.844611528822055,2026-02-17 15:16:00+00:00,surfline_trevone_20260217_1516
-553694.4448089703,6541244.994165649,-103.9416768000005,0.8471177944862155,2026-02-17 15:16:00+00:00,surfline_trevone_20260217_1516
-553694.4448089703,6541244.994165649,-103.9416768000005,0.849624060150376,2026-02-17 15:16:00+00:00,surfline_trevone_20260217_1516
-553694.4448089703,6541244.994165649,-103.9416768000005,0.8521303258145363,2026-02-17 15:16:00+00:00,surfline_trevone_20260217_1516
-553694.4448089703,6541244.994165649,-103.9416768000005,0.8546365914786966,2026-02-17 15:16:00+00:00,surfline_trevone_20260217_1516
-553694.4448089703,6541244.994165649,-103.9416768000005,0.8571428571428571,2026-02-17 15:16:00+00:00,surfline_trevone_20260217_1516
-553694.4448089703,6541244.994165649,-103.9416768000005,0.8596491228070176,2026-02-17 15:16:00+00:00,surfline_trevone_20260217_1516
-553694.4448089703,6541244.994165649,-103.9416768000005,0.8621553884711779,2026-02-17 15:16:00+00:00,surfline_trevone_20260217_1516
-553694.4448089703,6541244.994165649,-103.9416768000005,0.8646616541353382,2026-02-17 15:16:00+00:00,surfline_trevone_20260217_1516
-553694.4448089703,6541244.994165649,-103.9416768000005,0.8671679197994987,2026-02-17 15:16:00+00:00,surfline_trevone_20260217_1516
-553694.4448089703,6541244.994165649,-103.9416768000005,0.8696741854636592,2026-02-17 15:16:00+00:00,surfline_trevone_20260217_1516
-553694.4448089703,6541244.994165649,-103.9416768000005,0.8721804511278195,2026-02-17 15:16:00+00:00,surfline_trevone_20260217_1516
-553694.4448089703,6541244.994165649,-103.9416768000005,0.8746867167919798,2026-02-17 15:16:00+00:00,surfline_trevone_20260217_1516
-553694.4448089703,6541244.994165649,-103.9416768000005,0.8771929824561403,2026-02-17 15:16:00+00:00,surfline_trevone_20260217_1516
-553694.4448089703,6541244.994165649,-103.9416768000005,0.8796992481203008,2026-02-17 15:16:00+00:00,surfline_trevone_20260217_1516
-553694.4448089703,6541244.994165649,-103.9416768000005,0.8822055137844611,2026-02-17 15:16:00+00:00,surfline_trevone_20260217_1516
-553694.4448089703,6541244.994165649,-103.9416768000005,0.8847117794486214,2026-02-17 15:16:00+00:00,surfline_trevone_20260217_1516
-553694.4448089703,6541244.994165649,-103.9416768000005,0.8872180451127819,2026-02-17 15:16:00+00:00,surfline_trevone_20260217_1516
-553694.4448089703,6541244.994165649,-103.9416768000005,0.8897243107769424,2026-02-17 15:16:00+00:00,surfline_trevone_20260217_1516
-553694.4448089703,6541244.994165649,-103.9416768000005,0.8922305764411027,2026-02-17 15:16:00+00:00,surfline_trevone_20260217_1516
-553694.4448089703,6541244.994165649,-103.9416768000005,0.894736842105263,2026-02-17 15:16:00+00:00,surfline_trevone_20260217_1516
-553694.4448089703,6541244.994165649,-103.9416768000005,0.8972431077694235,2026-02-17 15:16:00+00:00,surfline_trevone_20260217_1516
-553694.4448089703,6541244.994165649,-103.9416768000005,0.899749373433584,2026-02-17 15:16:00+00:00,surfline_trevone_20260217_1516
-553694.4448089703,6541244.994165649,-103.9416768000005,0.9022556390977443,2026-02-17 15:16:00+00:00,surfline_trevone_20260217_1516
-553694.4448089703,6541244.994165649,-103.9416768000005,0.9047619047619047,2026-02-17 15:16:00+00:00,surfline_trevone_20260217_1516
-553694.4448089703,6541244.994165649,-103.9416768000005,0.9072681704260651,2026-02-17 15:16:00+00:00,surfline_trevone_20260217_1516
-553694.4448089703,6541244.994165649,-103.9416768000005,0.9097744360902256,2026-02-17 15:16:00+00:00,surfline_trevone_20260217_1516
-553694.4448089703,6541244.994165649,-103.9416768000005,0.9122807017543859,2026-02-17 15:16:00+00:00,surfline_trevone_20260217_1516
-553694.4448089703,6541244.994165649,-103.9416768000005,0.9147869674185463,2026-02-17 15:16:00+00:00,surfline_trevone_20260217_1516
-553694.4448089703,6541244.994165649,-103.9416768000005,0.9172932330827067,2026-02-17 15:16:00+00:00,surfline_trevone_20260217_1516
-553694.4448089703,6541244.994165649,-103.9416768000005,0.9197994987468672,2026-02-17 15:16:00+00:00,surfline_trevone_20260217_1516
-553694.4448089703,6541244.994165649,-103.9416768000005,0.9223057644110275,2026-02-17 15:16:00+00:00,surfline_trevone_20260217_1516
-553694.4448089703,6541244.994165649,-103.9416768000005,0.9248120300751879,2026-02-17 15:16:00+00:00,surfline_trevone_20260217_1516
-553694.4448089703,6541244.994165649,-103.9416768000005,0.9273182957393483,2026-02-17 15:16:00+00:00,surfline_trevone_20260217_1516
-553694.4448089703,6541244.994165649,-103.9416768000005,0.9298245614035088,2026-02-17 15:16:00+00:00,surfline_trevone_20260217_1516
-553694.4448089703,6541244.994165649,-103.9416768000005,0.9323308270676691,2026-02-17 15:16:00+00:00,surfline_trevone_20260217_1516
-553694.4448089703,6541244.994165649,-103.9416768000005,0.9348370927318295,2026-02-17 15:16:00+00:00,surfline_trevone_20260217_1516
-553694.4448089703,6541244.994165649,-103.9416768000005,0.9373433583959899,2026-02-17 15:16:00+00:00,surfline_trevone_20260217_1516
-553694.4448089703,6541244.994165649,-103.9416768000005,0.9398496240601504,2026-02-17 15:16:00+00:00,surfline_trevone_20260217_1516
-553694.4448089703,6541244.994165649,-103.9416768000005,0.9423558897243107,2026-02-17 15:16:00+00:00,surfline_trevone_20260217_1516
-553694.4448089703,6541244.994165649,-103.9416768000005,0.9448621553884711,2026-02-17 15:16:00+00:00,surfline_trevone_20260217_1516
-553694.4448089703,6541244.994165649,-103.9416768000005,0.9473684210526315,2026-02-17 15:16:00+00:00,surfline_trevone_20260217_1516
-553694.4448089703,6541244.994165649,-103.9416768000005,0.949874686716792,2026-02-17 15:16:00+00:00,surfline_trevone_20260217_1516
-553694.4448089703,6541244.994165649,-103.9416768000005,0.9523809523809523,2026-02-17 15:16:00+00:00,surfline_trevone_20260217_1516
-553694.4448089703,6541244.994165649,-103.9416768000005,0.9548872180451127,2026-02-17 15:16:00+00:00,surfline_trevone_20260217_1516
-553694.4448089703,6541244.994165649,-103.9416768000005,0.9573934837092731,2026-02-17 15:16:00+00:00,surfline_trevone_20260217_1516
-553694.4448089703,6541244.994165649,-103.9416768000005,0.9598997493734336,2026-02-17 15:16:00+00:00,surfline_trevone_20260217_1516
-553694.4448089703,6541244.994165649,-103.9416768000005,0.9624060150375939,2026-02-17 15:16:00+00:00,surfline_trevone_20260217_1516
-553694.4448089703,6541244.994165649,-103.9416768000005,0.9649122807017543,2026-02-17 15:16:00+00:00,surfline_trevone_20260217_1516
-553694.4448089703,6541244.994165649,-103.9416768000005,0.9674185463659147,2026-02-17 15:16:00+00:00,surfline_trevone_20260217_1516
-553694.4448089703,6541244.994165649,-103.9416768000005,0.9699248120300752,2026-02-17 15:16:00+00:00,surfline_trevone_20260217_1516
-553694.4448089703,6541244.994165649,-103.9416768000005,0.9724310776942355,2026-02-17 15:16:00+00:00,surfline_trevone_20260217_1516
-553694.4448089703,6541244.994165649,-103.9416768000005,0.9749373433583959,2026-02-17 15:16:00+00:00,surfline_trevone_20260217_1516
-553694.4448089703,6541244.994165649,-103.9416768000005,0.9774436090225563,2026-02-17 15:16:00+00:00,surfline_trevone_20260217_1516
-553694.4448089703,6541244.994165649,-103.9416768000005,0.9799498746867168,2026-02-17 15:16:00+00:00,surfline_trevone_20260217_1516
-553694.4448089703,6541244.994165649,-103.9416768000005,0.9824561403508771,2026-02-17 15:16:00+00:00,surfline_trevone_20260217_1516
-553694.4448089703,6541244.994165649,-103.9416768000005,0.9849624060150375,2026-02-17 15:16:00+00:00,surfline_trevone_20260217_1516
-553694.4448089703,6541244.994165649,-103.9416768000005,0.9874686716791979,2026-02-17 15:16:00+00:00,surfline_trevone_20260217_1516
-553694.4448089703,6541244.994165649,-103.9416768000005,0.9899749373433584,2026-02-17 15:16:00+00:00,surfline_trevone_20260217_1516
-553694.4448089703,6541244.994165649,-103.9416768000005,0.9924812030075187,2026-02-17 15:16:00+00:00,surfline_trevone_20260217_1516
-553694.4448089703,6541244.994165649,-103.9416768000005,0.9949874686716791,2026-02-17 15:16:00+00:00,surfline_trevone_20260217_1516
-553694.4448089703,6541244.994165649,-103.9416768000005,0.9974937343358395,2026-02-17 15:16:00+00:00,surfline_trevone_20260217_1516
-553694.4448089703,6541244.994165649,-103.9416768000005,1.0,2026-02-17 15:16:00+00:00,surfline_trevone_20260217_1516
-553776.5419228306,6541330.196399291,-104.0404320000005,0.0,2026-02-17 15:43:00+00:00,surfline_trevone_20260217_1543
-553776.4393845703,6541329.77394659,-104.0404320000005,0.002506265664160401,2026-02-17 15:43:00+00:00,surfline_trevone_20260217_1543
-553776.3368463474,6541329.35149385,-104.0404320000005,0.005012531328320802,2026-02-17 15:43:00+00:00,surfline_trevone_20260217_1543
-553776.2343081918,6541328.929041048,-104.0404320000005,0.007518796992481203,2026-02-17 15:43:00+00:00,surfline_trevone_20260217_1543
-553776.4084645036,6541328.587375036,-104.0404320000005,0.010025062656641603,2026-02-17 15:43:00+00:00,surfline_trevone_20260217_1543
-553777.165794818,6541328.415978892,-104.0404320000005,0.012531328320802004,2026-02-17 15:43:00+00:00,surfline_trevone_20260217_1543
-553777.9231250177,6541328.24458263,-104.0404320000005,0.015037593984962405,2026-02-17 15:43:00+00:00,surfline_trevone_20260217_1543
-553778.1883461581,6541327.929504806,-104.0404320000005,0.017543859649122806,2026-02-17 15:43:00+00:00,surfline_trevone_20260217_1543
-553778.0858079361,6541327.507052068,-104.0404320000005,0.020050125313283207,2026-02-17 15:43:00+00:00,surfline_trevone_20260217_1543
-553777.9832696473,6541327.084599393,-104.0404320000005,0.022556390977443608,2026-02-17 15:43:00+00:00,surfline_trevone_20260217_1543
-553777.8807314244,6541326.662146654,-104.0404320000005,0.02506265664160401,2026-02-17 15:43:00+00:00,surfline_trevone_20260217_1543
-553777.7781932687,6541326.239693851,-104.0404320000005,0.02756892230576441,2026-02-17 15:43:00+00:00,surfline_trevone_20260217_1543
-553777.6756550466,6541325.817241113,-104.0404320000005,0.03007518796992481,2026-02-17 15:43:00+00:00,surfline_trevone_20260217_1543
-553777.5731167577,6541325.394788438,-104.0404320000005,0.03258145363408521,2026-02-17 15:43:00+00:00,surfline_trevone_20260217_1543
-553777.8110317073,6541325.071738087,-104.0404320000005,0.03508771929824561,2026-02-17 15:43:00+00:00,surfline_trevone_20260217_1543
-553778.5683617899,6541324.900341708,-104.0404320000005,0.03759398496240601,2026-02-17 15:43:00+00:00,surfline_trevone_20260217_1543
-553779.3256919887,6541324.728945447,-104.0404320000005,0.040100250626566414,2026-02-17 15:43:00+00:00,surfline_trevone_20260217_1543
-553779.5271547242,6541324.395252197,-104.0404320000005,0.042606516290726815,2026-02-17 15:43:00+00:00,surfline_trevone_20260217_1543
-553779.4246165016,6541323.972799458,-104.0404320000005,0.045112781954887216,2026-02-17 15:43:00+00:00,surfline_trevone_20260217_1543
-553779.3220783456,6541323.550346655,-104.0404320000005,0.047619047619047616,2026-02-17 15:43:00+00:00,surfline_trevone_20260217_1543
-553779.2195401236,6541323.127893917,-104.0404320000005,0.05012531328320802,2026-02-17 15:43:00+00:00,surfline_trevone_20260217_1543
-553779.1170018349,6541322.705441242,-104.0404320000005,0.05263157894736842,2026-02-17 15:43:00+00:00,surfline_trevone_20260217_1543
-553779.0144636119,6541322.282988503,-104.0404320000005,0.05513784461152882,2026-02-17 15:43:00+00:00,surfline_trevone_20260217_1543
-553778.9119254563,6541321.860535701,-104.0404320000005,0.05764411027568922,2026-02-17 15:43:00+00:00,surfline_trevone_20260217_1543
-553779.2135987938,6541321.55610102,-104.0404320000005,0.06015037593984962,2026-02-17 15:43:00+00:00,surfline_trevone_20260217_1543
-553779.9709289933,6541321.384704758,-104.0404320000005,0.06265664160401002,2026-02-17 15:43:00+00:00,surfline_trevone_20260217_1543
-553780.7282590767,6541321.213308381,-104.0404320000005,0.06516290726817042,2026-02-17 15:43:00+00:00,surfline_trevone_20260217_1543
-553780.8659633943,6541320.860999486,-104.0404320000005,0.06766917293233082,2026-02-17 15:43:00+00:00,surfline_trevone_20260217_1543
-553780.7634251342,6541320.438546784,-104.0404320000005,0.07017543859649122,2026-02-17 15:43:00+00:00,surfline_trevone_20260217_1543
-553780.6862242013,6541320.023491793,-104.0404320000005,0.07268170426065163,2026-02-17 15:43:00+00:00,surfline_trevone_20260217_1543
-553781.4435542845,6541319.852095416,-104.0404320000005,0.07518796992481203,2026-02-17 15:43:00+00:00,surfline_trevone_20260217_1543
-553782.2008844833,6541319.680699155,-104.0404320000005,0.07769423558897243,2026-02-17 15:43:00+00:00,surfline_trevone_20260217_1543
-553782.7174631007,6541319.439010542,-104.0404320000005,0.08020050125313283,2026-02-17 15:43:00+00:00,surfline_trevone_20260217_1543
-553781.0158484766,6541318.549674175,-104.0404320000005,0.08270676691729323,2026-02-17 15:43:00+00:00,surfline_trevone_20260217_1543
-553781.7731785597,6541318.378277797,-104.0404320000005,0.08521303258145363,2026-02-17 15:43:00+00:00,surfline_trevone_20260217_1543
-553782.4098484993,6541318.171652263,-104.0404320000005,0.08771929824561403,2026-02-17 15:43:00+00:00,surfline_trevone_20260217_1543
-553782.3073102111,6541317.749199588,-104.0404320000005,0.09022556390977443,2026-02-17 15:43:00+00:00,surfline_trevone_20260217_1543
-553782.2047719882,6541317.326746848,-104.0404320000005,0.09273182957393483,2026-02-17 15:43:00+00:00,surfline_trevone_20260217_1543
-553782.1022338321,6541316.904294047,-104.0404320000005,0.09523809523809523,2026-02-17 15:43:00+00:00,surfline_trevone_20260217_1543
-553781.99969561,6541316.481841308,-104.0404320000005,0.09774436090225563,2026-02-17 15:43:00+00:00,surfline_trevone_20260217_1543
-553781.8971573215,6541316.059388633,-104.0404320000005,0.10025062656641603,2026-02-17 15:43:00+00:00,surfline_trevone_20260217_1543
-553781.7946190988,6541315.636935893,-104.0404320000005,0.10275689223057644,2026-02-17 15:43:00+00:00,surfline_trevone_20260217_1543
-553781.6920809428,6541315.214483092,-104.0404320000005,0.10526315789473684,2026-02-17 15:43:00+00:00,surfline_trevone_20260217_1543
-553781.5895427207,6541314.792030353,-104.0404320000005,0.10776942355889724,2026-02-17 15:43:00+00:00,surfline_trevone_20260217_1543
-553781.4870044319,6541314.369577679,-104.0404320000005,0.11027568922305764,2026-02-17 15:43:00+00:00,surfline_trevone_20260217_1543
-553781.3844662091,6541313.947124939,-104.0404320000005,0.11278195488721804,2026-02-17 15:43:00+00:00,surfline_trevone_20260217_1543
-553781.2819280534,6541313.524672137,-104.0404320000005,0.11528822055137844,2026-02-17 15:43:00+00:00,surfline_trevone_20260217_1543
-553781.1793897646,6541313.102219462,-104.0404320000005,0.11779448621553884,2026-02-17 15:43:00+00:00,surfline_trevone_20260217_1543
-553781.577015384,6541312.825799964,-104.0404320000005,0.12030075187969924,2026-02-17 15:43:00+00:00,surfline_trevone_20260217_1543
-553782.3343454674,6541312.654403586,-104.0404320000005,0.12280701754385964,2026-02-17 15:43:00+00:00,surfline_trevone_20260217_1543
-553783.0916756664,6541312.483007325,-104.0404320000005,0.12531328320802004,2026-02-17 15:43:00+00:00,surfline_trevone_20260217_1543
-553783.1334277304,6541312.102683221,-104.0404320000005,0.12781954887218044,2026-02-17 15:43:00+00:00,surfline_trevone_20260217_1543
-553780.6666986519,6541310.989955769,-104.0404320000005,0.13032581453634084,2026-02-17 15:43:00+00:00,surfline_trevone_20260217_1543
-553780.5641604968,6541310.567502966,-104.0404320000005,0.13283208020050125,2026-02-17 15:43:00+00:00,surfline_trevone_20260217_1543
-553780.4616222458,6541310.145050255,-104.0404320000005,0.13533834586466165,2026-02-17 15:43:00+00:00,surfline_trevone_20260217_1543
-553781.0932628054,6541309.936956337,-104.0404320000005,0.13784461152882205,2026-02-17 15:43:00+00:00,surfline_trevone_20260217_1543
-553781.8505930051,6541309.765560075,-104.0404320000005,0.14035087719298245,2026-02-17 15:43:00+00:00,surfline_trevone_20260217_1543
-553782.5181984622,6541309.567966725,-104.0404320000005,0.14285714285714285,2026-02-17 15:43:00+00:00,surfline_trevone_20260217_1543
-553782.4156602401,6541309.145513986,-104.0404320000005,0.14536340852130325,2026-02-17 15:43:00+00:00,surfline_trevone_20260217_1543
-553782.3131219517,6541308.723061312,-104.0404320000005,0.14786967418546365,2026-02-17 15:43:00+00:00,surfline_trevone_20260217_1543
-553782.2105837287,6541308.300608573,-104.0404320000005,0.15037593984962405,2026-02-17 15:43:00+00:00,surfline_trevone_20260217_1543
-553782.1080455732,6541307.87815577,-104.0404320000005,0.15288220551378445,2026-02-17 15:43:00+00:00,surfline_trevone_20260217_1543
-553782.0055073511,6541307.455703031,-104.0404320000005,0.15538847117794485,2026-02-17 15:43:00+00:00,surfline_trevone_20260217_1543
-553781.9029690619,6541307.033250357,-104.0404320000005,0.15789473684210525,2026-02-17 15:43:00+00:00,surfline_trevone_20260217_1543
-553781.800430839,6541306.610797618,-104.0404320000005,0.16040100250626566,2026-02-17 15:43:00+00:00,surfline_trevone_20260217_1543
-553781.6978926837,6541306.188344815,-104.0404320000005,0.16290726817042606,2026-02-17 15:43:00+00:00,surfline_trevone_20260217_1543
-553781.5953544619,6541305.765892076,-104.0404320000005,0.16541353383458646,2026-02-17 15:43:00+00:00,surfline_trevone_20260217_1543
-553781.4928161724,6541305.343439403,-104.0404320000005,0.16791979949874686,2026-02-17 15:43:00+00:00,surfline_trevone_20260217_1543
-553781.3902779495,6541304.920986664,-104.0404320000005,0.17042606516290726,2026-02-17 15:43:00+00:00,surfline_trevone_20260217_1543
-553782.0541121896,6541304.722292228,-104.0404320000005,0.17293233082706766,2026-02-17 15:43:00+00:00,surfline_trevone_20260217_1543
-553782.8114425049,6541304.550896084,-104.0404320000005,0.17543859649122806,2026-02-17 15:43:00+00:00,surfline_trevone_20260217_1543
-553783.4468541383,6541304.34390316,-104.0404320000005,0.17794486215538846,2026-02-17 15:43:00+00:00,surfline_trevone_20260217_1543
-553783.3443159829,6541303.921450357,-104.0404320000005,0.18045112781954886,2026-02-17 15:43:00+00:00,surfline_trevone_20260217_1543
-553783.2417777607,6541303.498997618,-104.0404320000005,0.18295739348370926,2026-02-17 15:43:00+00:00,surfline_trevone_20260217_1543
-553781.212712125,6541302.5140552,-104.0404320000005,0.18546365914786966,2026-02-17 15:43:00+00:00,surfline_trevone_20260217_1543
-553781.9700423245,6541302.342658938,-104.0404320000005,0.18796992481203006,2026-02-17 15:43:00+00:00,surfline_trevone_20260217_1543
-553782.727372406,6541302.171262559,-104.0404320000005,0.19047619047619047,2026-02-17 15:43:00+00:00,surfline_trevone_20260217_1543
-553782.8316248711,6541301.809186664,-104.0404320000005,0.19298245614035087,2026-02-17 15:43:00+00:00,surfline_trevone_20260217_1543
-553782.7290865814,6541301.38673399,-104.0404320000005,0.19548872180451127,2026-02-17 15:43:00+00:00,surfline_trevone_20260217_1543
-553782.6853375838,6541300.981446024,-104.0404320000005,0.19799498746867167,2026-02-17 15:43:00+00:00,surfline_trevone_20260217_1543
-553783.4426676147,6541300.810049593,-104.0404320000005,0.20050125313283207,2026-02-17 15:43:00+00:00,surfline_trevone_20260217_1543
-553784.199997813,6541300.638653332,-104.0404320000005,0.20300751879699247,2026-02-17 15:43:00+00:00,surfline_trevone_20260217_1543
-553784.6831245484,6541300.387197748,-104.0404320000005,0.20551378446115287,2026-02-17 15:43:00+00:00,surfline_trevone_20260217_1543
-553784.5805863256,6541299.964745008,-104.0404320000005,0.20802005012531327,2026-02-17 15:43:00+00:00,surfline_trevone_20260217_1543
-553784.4780481701,6541299.542292207,-104.0404320000005,0.21052631578947367,2026-02-17 15:43:00+00:00,surfline_trevone_20260217_1543
-553784.375509948,6541299.119839468,-104.0404320000005,0.21303258145363407,2026-02-17 15:43:00+00:00,surfline_trevone_20260217_1543
-553784.2729716589,6541298.697386794,-104.0404320000005,0.21553884711779447,2026-02-17 15:43:00+00:00,surfline_trevone_20260217_1543
-553784.1704334359,6541298.274934054,-104.0404320000005,0.21804511278195488,2026-02-17 15:43:00+00:00,surfline_trevone_20260217_1543
-553784.8732580289,6541298.087623663,-104.0404320000005,0.22055137844611528,2026-02-17 15:43:00+00:00,surfline_trevone_20260217_1543
-553785.6305882278,6541297.916227402,-104.0404320000005,0.22305764411027568,2026-02-17 15:43:00+00:00,surfline_trevone_20260217_1543
-553786.2270096256,6541297.697850551,-104.0404320000005,0.22556390977443608,2026-02-17 15:43:00+00:00,surfline_trevone_20260217_1543
-553786.1244714027,6541297.275397812,-104.0404320000005,0.22807017543859648,2026-02-17 15:43:00+00:00,surfline_trevone_20260217_1543
-553786.0219332471,6541296.85294501,-104.0404320000005,0.23057644110275688,2026-02-17 15:43:00+00:00,surfline_trevone_20260217_1543
-553785.9193949583,6541296.430492336,-104.0404320000005,0.23308270676691728,2026-02-17 15:43:00+00:00,surfline_trevone_20260217_1543
-553785.8168567352,6541296.0080395965,-104.0404320000005,0.23558897243107768,2026-02-17 15:43:00+00:00,surfline_trevone_20260217_1543
-553785.7143185799,6541295.585586794,-104.0404320000005,0.23809523809523808,2026-02-17 15:43:00+00:00,surfline_trevone_20260217_1543
-553785.6117803577,6541295.163134055,-104.0404320000005,0.24060150375939848,2026-02-17 15:43:00+00:00,surfline_trevone_20260217_1543
-553785.5092420685,6541294.740681381,-104.0404320000005,0.24310776942355888,2026-02-17 15:43:00+00:00,surfline_trevone_20260217_1543
-553785.4067038455,6541294.3182286415,-104.0404320000005,0.24561403508771928,2026-02-17 15:43:00+00:00,surfline_trevone_20260217_1543
-553785.3041656904,6541293.895775839,-104.0404320000005,0.24812030075187969,2026-02-17 15:43:00+00:00,surfline_trevone_20260217_1543
-553785.2016274681,6541293.4733231,-104.0404320000005,0.2506265664160401,2026-02-17 15:43:00+00:00,surfline_trevone_20260217_1543
-553785.0990891792,6541293.050870427,-104.0404320000005,0.2531328320802005,2026-02-17 15:43:00+00:00,surfline_trevone_20260217_1543
-553785.8341076464,6541292.87295979,-104.0404320000005,0.2556390977443609,2026-02-17 15:43:00+00:00,surfline_trevone_20260217_1543
-553786.5914377285,6541292.701563411,-104.0404320000005,0.2581453634085213,2026-02-17 15:43:00+00:00,surfline_trevone_20260217_1543
-553787.1556654347,6541292.473786859,-104.0404320000005,0.2606516290726817,2026-02-17 15:43:00+00:00,surfline_trevone_20260217_1543
-553784.6889362893,6541291.361059472,-104.0404320000005,0.2631578947368421,2026-02-17 15:43:00+00:00,surfline_trevone_20260217_1543
-553784.5863980373,6541290.93860676,-104.0404320000005,0.2656641604010025,2026-02-17 15:43:00+00:00,surfline_trevone_20260217_1543
-553784.4838599114,6541290.51615393,-104.0404320000005,0.2681704260651629,2026-02-17 15:43:00+00:00,surfline_trevone_20260217_1543
-553784.3813216893,6541290.093701191,-104.0404320000005,0.2706766917293233,2026-02-17 15:43:00+00:00,surfline_trevone_20260217_1543
-553784.2787833993,6541289.671248518,-104.0404320000005,0.2731829573934837,2026-02-17 15:43:00+00:00,surfline_trevone_20260217_1543
-553784.9506724745,6541289.474905942,-104.0404320000005,0.2756892230576441,2026-02-17 15:43:00+00:00,surfline_trevone_20260217_1543
-553785.7080025554,6541289.303509561,-104.0404320000005,0.2781954887218045,2026-02-17 15:43:00+00:00,surfline_trevone_20260217_1543
-553786.3353596557,6541289.09416495,-104.0404320000005,0.2807017543859649,2026-02-17 15:43:00+00:00,surfline_trevone_20260217_1543
-553786.2328213663,6541288.671712276,-104.0404320000005,0.2832080200501253,2026-02-17 15:43:00+00:00,surfline_trevone_20260217_1543
-553786.1302831435,6541288.249259536,-104.0404320000005,0.2857142857142857,2026-02-17 15:43:00+00:00,surfline_trevone_20260217_1543
-553786.0277449886,6541287.826806733,-104.0404320000005,0.2882205513784461,2026-02-17 15:43:00+00:00,surfline_trevone_20260217_1543
-553785.9252067666,6541287.404353995,-104.0404320000005,0.2907268170426065,2026-02-17 15:43:00+00:00,surfline_trevone_20260217_1543
-553785.8226684768,6541286.981901322,-104.0404320000005,0.2932330827067669,2026-02-17 15:43:00+00:00,surfline_trevone_20260217_1543
-553785.720130254,6541286.559448582,-104.0404320000005,0.2957393483709273,2026-02-17 15:43:00+00:00,surfline_trevone_20260217_1543
-553786.3672511069,6541286.355874324,-104.0404320000005,0.2982456140350877,2026-02-17 15:43:00+00:00,surfline_trevone_20260217_1543
-553787.1245814227,6541286.184478181,-104.0404320000005,0.3007518796992481,2026-02-17 15:43:00+00:00,surfline_trevone_20260217_1543
-553787.7767064425,6541285.982365078,-104.0404320000005,0.3032581453634085,2026-02-17 15:43:00+00:00,surfline_trevone_20260217_1543
-553787.6741682874,6541285.559912276,-104.0404320000005,0.3057644110275689,2026-02-17 15:43:00+00:00,surfline_trevone_20260217_1543
-553787.5716300652,6541285.137459537,-104.0404320000005,0.3082706766917293,2026-02-17 15:43:00+00:00,surfline_trevone_20260217_1543
-553787.4690917764,6541284.715006864,-104.0404320000005,0.3107769423558897,2026-02-17 15:43:00+00:00,surfline_trevone_20260217_1543
-553787.8258649671,6541284.426659648,-104.0404320000005,0.3132832080200501,2026-02-17 15:43:00+00:00,surfline_trevone_20260217_1543
-553788.583195049,6541284.255263269,-104.0404320000005,0.3157894736842105,2026-02-17 15:43:00+00:00,surfline_trevone_20260217_1543
-553789.3405252475,6541284.083867008,-104.0404320000005,0.3182957393483709,2026-02-17 15:43:00+00:00,surfline_trevone_20260217_1543
-553789.4231297427,6541283.715470621,-104.0404320000005,0.3208020050125313,2026-02-17 15:43:00+00:00,surfline_trevone_20260217_1543
-553789.3205915196,6541283.293017882,-104.0404320000005,0.3233082706766917,2026-02-17 15:43:00+00:00,surfline_trevone_20260217_1543
-553786.8538625089,6541282.180290366,-104.0404320000005,0.3258145363408521,2026-02-17 15:43:00+00:00,surfline_trevone_20260217_1543
-553786.9704530044,6541281.821816816,-104.0404320000005,0.3283208020050125,2026-02-17 15:43:00+00:00,surfline_trevone_20260217_1543
-553787.7277833205,6541281.650420674,-104.0404320000005,0.3308270676691729,2026-02-17 15:43:00+00:00,surfline_trevone_20260217_1543
-553788.48511357,6541281.479024462,-104.0404320000005,0.3333333333333333,2026-02-17 15:43:00+00:00,surfline_trevone_20260217_1543
-553788.8079004749,6541281.180754124,-104.0404320000005,0.3358395989974937,2026-02-17 15:43:00+00:00,surfline_trevone_20260217_1543
-553788.7053622529,6541280.758301387,-104.0404320000005,0.3383458646616541,2026-02-17 15:43:00+00:00,surfline_trevone_20260217_1543
-553788.6028239633,6541280.335848712,-104.0404320000005,0.3408521303258145,2026-02-17 15:43:00+00:00,surfline_trevone_20260217_1543
-553788.5002857404,6541279.913395973,-104.0404320000005,0.3433583959899749,2026-02-17 15:43:00+00:00,surfline_trevone_20260217_1543
-553788.3977475854,6541279.49094317,-104.0404320000005,0.3458646616541353,2026-02-17 15:43:00+00:00,surfline_trevone_20260217_1543
-553788.2952093633,6541279.068490432,-104.0404320000005,0.3483709273182957,2026-02-17 15:43:00+00:00,surfline_trevone_20260217_1543
-553788.1926710735,6541278.646037757,-104.0404320000005,0.3508771929824561,2026-02-17 15:43:00+00:00,surfline_trevone_20260217_1543
-553788.0901328506,6541278.223585018,-104.0404320000005,0.3533834586466165,2026-02-17 15:43:00+00:00,surfline_trevone_20260217_1543
-553787.9875946959,6541277.801132215,-104.0404320000005,0.3558897243107769,2026-02-17 15:43:00+00:00,surfline_trevone_20260217_1543
-553787.885056406,6541277.378679542,-104.0404320000005,0.3583959899749373,2026-02-17 15:43:00+00:00,surfline_trevone_20260217_1543
-553788.3309852192,6541277.116363165,-104.0404320000005,0.3609022556390977,2026-02-17 15:43:00+00:00,surfline_trevone_20260217_1543
-553789.0883153004,6541276.944966786,-104.0404320000005,0.3634085213032581,2026-02-17 15:43:00+00:00,surfline_trevone_20260217_1543
-553789.8456454988,6541276.773570524,-104.0404320000005,0.3659147869674185,2026-02-17 15:43:00+00:00,surfline_trevone_20260217_1543
-553789.8390943728,6541276.3791433,-104.0404320000005,0.3684210526315789,2026-02-17 15:43:00+00:00,surfline_trevone_20260217_1543
-553789.7365561497,6541275.95669056,-104.0404320000005,0.37092731829573933,2026-02-17 15:43:00+00:00,surfline_trevone_20260217_1543
-553789.6340179949,6541275.534237757,-104.0404320000005,0.37343358395989973,2026-02-17 15:43:00+00:00,surfline_trevone_20260217_1543
-553787.1672889171,6541274.421510305,-104.0404320000005,0.37593984962406013,2026-02-17 15:43:00+00:00,surfline_trevone_20260217_1543
-553787.4615617098,6541274.114914885,-104.0404320000005,0.37844611528822053,2026-02-17 15:43:00+00:00,surfline_trevone_20260217_1543
-553788.2188919097,6541273.943518623,-104.0404320000005,0.38095238095238093,2026-02-17 15:43:00+00:00,surfline_trevone_20260217_1543
-553788.9762219909,6541273.7721222425,-104.0404320000005,0.38345864661654133,2026-02-17 15:43:00+00:00,surfline_trevone_20260217_1543
-553789.1213268827,6541273.421974064,-104.0404320000005,0.38596491228070173,2026-02-17 15:43:00+00:00,surfline_trevone_20260217_1543
-553789.018788593,6541272.999521391,-104.0404320000005,0.38847117794486213,2026-02-17 15:43:00+00:00,surfline_trevone_20260217_1543
-553788.9162503701,6541272.577068651,-104.0404320000005,0.39097744360902253,2026-02-17 15:43:00+00:00,surfline_trevone_20260217_1543
-553788.8137122159,6541272.154615847,-104.0404320000005,0.39348370927318294,2026-02-17 15:43:00+00:00,surfline_trevone_20260217_1543
-553788.7111739938,6541271.732163109,-104.0404320000005,0.39598997493734334,2026-02-17 15:43:00+00:00,surfline_trevone_20260217_1543
-553788.6086357038,6541271.3097104365,-104.0404320000005,0.39849624060150374,2026-02-17 15:43:00+00:00,surfline_trevone_20260217_1543
-553788.5060974517,6541270.887257725,-104.0404320000005,0.40100250626566414,2026-02-17 15:43:00+00:00,surfline_trevone_20260217_1543
-553788.4035593267,6541270.464804893,-104.0404320000005,0.40350877192982454,2026-02-17 15:43:00+00:00,surfline_trevone_20260217_1543
-553788.301021105,6541270.042352155,-104.0404320000005,0.40601503759398494,2026-02-17 15:43:00+00:00,surfline_trevone_20260217_1543
-553788.4504345373,6541269.69346203,-104.0404320000005,0.40852130325814534,2026-02-17 15:43:00+00:00,surfline_trevone_20260217_1543
-553789.2077647371,6541269.522065767,-104.0404320000005,0.41102756892230574,2026-02-17 15:43:00+00:00,surfline_trevone_20260217_1543
-553789.9650948172,6541269.350669387,-104.0404320000005,0.41353383458646614,2026-02-17 15:43:00+00:00,surfline_trevone_20260217_1543
-553790.2550590035,6541269.042815979,-104.0404320000005,0.41604010025062654,2026-02-17 15:43:00+00:00,surfline_trevone_20260217_1543
-553790.7084134715,6541268.782667676,-104.0404320000005,0.41854636591478694,2026-02-17 15:43:00+00:00,surfline_trevone_20260217_1543
-553791.4657435525,6541268.611271297,-104.0404320000005,0.42105263157894735,2026-02-17 15:43:00+00:00,surfline_trevone_20260217_1543
-553792.2230737511,6541268.439875036,-104.0404320000005,0.42355889724310775,2026-02-17 15:43:00+00:00,surfline_trevone_20260217_1543
-553792.20909697,6541268.043279736,-104.0404320000005,0.42606516290726815,2026-02-17 15:43:00+00:00,surfline_trevone_20260217_1543
-553792.1065587469,6541267.620826997,-104.0404320000005,0.42857142857142855,2026-02-17 15:43:00+00:00,surfline_trevone_20260217_1543
-553792.0040205922,6541267.198374194,-104.0404320000005,0.43107769423558895,2026-02-17 15:43:00+00:00,surfline_trevone_20260217_1543
-553791.90148237,6541266.775921456,-104.0404320000005,0.43358395989974935,2026-02-17 15:43:00+00:00,surfline_trevone_20260217_1543
-553791.7673446169,6541266.344242661,-104.0404320000005,0.43609022556390975,2026-02-17 15:43:00+00:00,surfline_trevone_20260217_1543
-553791.6964058572,6541265.931016042,-104.0404320000005,0.43859649122807015,2026-02-17 15:43:00+00:00,surfline_trevone_20260217_1543
-553791.5938677026,6541265.508563239,-104.0404320000005,0.44110275689223055,2026-02-17 15:43:00+00:00,surfline_trevone_20260217_1543
-553791.4913294803,6541265.086110501,-104.0404320000005,0.44360902255639095,2026-02-17 15:43:00+00:00,surfline_trevone_20260217_1543
-553791.711297963,6541264.75782039,-104.0404320000005,0.44611528822055135,2026-02-17 15:43:00+00:00,surfline_trevone_20260217_1543
-553792.4686281625,6541264.586424128,-104.0404320000005,0.44862155388471175,2026-02-17 15:43:00+00:00,surfline_trevone_20260217_1543
-553793.2259582438,6541264.415027748,-104.0404320000005,0.45112781954887216,2026-02-17 15:43:00+00:00,surfline_trevone_20260217_1543
-553793.445367447,6541264.086574259,-104.0404320000005,0.45363408521303256,2026-02-17 15:43:00+00:00,surfline_trevone_20260217_1543
-553790.978638301,6541262.973846872,-104.0404320000005,0.45614035087719296,2026-02-17 15:43:00+00:00,surfline_trevone_20260217_1543
-553790.876100078,6541262.551394133,-104.0404320000005,0.45864661654135336,2026-02-17 15:43:00+00:00,surfline_trevone_20260217_1543
-553790.7735619241,6541262.128941329,-104.0404320000005,0.46115288220551376,2026-02-17 15:43:00+00:00,surfline_trevone_20260217_1543
-553790.6710237019,6541261.706488592,-104.0404320000005,0.46365914786967416,2026-02-17 15:43:00+00:00,surfline_trevone_20260217_1543
-553790.5684854117,6541261.284035918,-104.0404320000005,0.46616541353383456,2026-02-17 15:43:00+00:00,surfline_trevone_20260217_1543
-553791.1995221084,6541261.075765677,-104.0404320000005,0.46867167919799496,2026-02-17 15:43:00+00:00,surfline_trevone_20260217_1543
-553791.9568521377,6541260.904369244,-104.0404320000005,0.47117794486215536,2026-02-17 15:43:00+00:00,surfline_trevone_20260217_1543
-553792.6250616007,6541260.706952415,-104.0404320000005,0.47368421052631576,2026-02-17 15:43:00+00:00,surfline_trevone_20260217_1543
-553792.5225233776,6541260.284499675,-104.0404320000005,0.47619047619047616,2026-02-17 15:43:00+00:00,surfline_trevone_20260217_1543
-553792.4199852232,6541259.862046872,-104.0404320000005,0.47869674185463656,2026-02-17 15:43:00+00:00,surfline_trevone_20260217_1543
-553792.3174470009,6541259.439594134,-104.0404320000005,0.48120300751879697,2026-02-17 15:43:00+00:00,surfline_trevone_20260217_1543
-553789.8507178541,6541258.326866748,-104.0404320000005,0.48370927318295737,2026-02-17 15:43:00+00:00,surfline_trevone_20260217_1543
-553789.7481796311,6541257.904414008,-104.0404320000005,0.48621553884711777,2026-02-17 15:43:00+00:00,surfline_trevone_20260217_1543
-553790.3160867663,6541257.677711656,-104.0404320000005,0.48872180451127817,2026-02-17 15:43:00+00:00,surfline_trevone_20260217_1543
-553791.0734169648,6541257.506315394,-104.0404320000005,0.49122807017543857,2026-02-17 15:43:00+00:00,surfline_trevone_20260217_1543
-553791.804755821,6541257.3273305055,-104.0404320000005,0.49373433583959897,2026-02-17 15:43:00+00:00,surfline_trevone_20260217_1543
-553791.81673562,6541256.938313685,-104.0404320000005,0.49624060150375937,2026-02-17 15:43:00+00:00,surfline_trevone_20260217_1543
-553792.5740657,6541256.766917304,-104.0404320000005,0.49874686716791977,2026-02-17 15:43:00+00:00,surfline_trevone_20260217_1543
-553793.3313958986,6541256.595521043,-104.0404320000005,0.5012531328320802,2026-02-17 15:43:00+00:00,surfline_trevone_20260217_1543
-553793.7587937876,6541256.327794264,-104.0404320000005,0.5037593984962405,2026-02-17 15:43:00+00:00,surfline_trevone_20260217_1543
-553793.6562555645,6541255.905341525,-104.0404320000005,0.506265664160401,2026-02-17 15:43:00+00:00,surfline_trevone_20260217_1543
-553793.5537174105,6541255.482888721,-104.0404320000005,0.5087719298245614,2026-02-17 15:43:00+00:00,surfline_trevone_20260217_1543
-553789.8043108602,6541253.995656892,-104.0404320000005,0.5112781954887218,2026-02-17 15:43:00+00:00,surfline_trevone_20260217_1543
-553790.5616411789,6541253.824260752,-104.0404320000005,0.5137844611528821,2026-02-17 15:43:00+00:00,surfline_trevone_20260217_1543
-553790.8819118185,6541253.525255857,-104.0404320000005,0.5162907268170426,2026-02-17 15:43:00+00:00,surfline_trevone_20260217_1543
-553790.7793736653,6541253.102803052,-104.0404320000005,0.518796992481203,2026-02-17 15:43:00+00:00,surfline_trevone_20260217_1543
-553790.6768354431,6541252.680350314,-104.0404320000005,0.5213032581453634,2026-02-17 15:43:00+00:00,surfline_trevone_20260217_1543
-553790.5742971521,6541252.257897642,-104.0404320000005,0.5238095238095237,2026-02-17 15:43:00+00:00,surfline_trevone_20260217_1543
-553788.1075680722,6541251.145170189,-104.0404320000005,0.5263157894736842,2026-02-17 15:43:00+00:00,surfline_trevone_20260217_1543
-553788.0050299199,6541250.722717385,-104.0404320000005,0.5288220551378446,2026-02-17 15:43:00+00:00,surfline_trevone_20260217_1543
-553787.9024915978,6541250.300264741,-104.0404320000005,0.531328320802005,2026-02-17 15:43:00+00:00,surfline_trevone_20260217_1543
-553787.7999534047,6541249.877811974,-104.0404320000005,0.5338345864661653,2026-02-17 15:43:00+00:00,surfline_trevone_20260217_1543
-553788.1215104967,6541249.579182599,-104.0404320000005,0.5363408521303258,2026-02-17 15:43:00+00:00,surfline_trevone_20260217_1543
-553788.8788406953,6541249.407786338,-104.0404320000005,0.5388471177944862,2026-02-17 15:43:00+00:00,surfline_trevone_20260217_1543
-553789.6361710151,6541249.236390199,-104.0404320000005,0.5413533834586466,2026-02-17 15:43:00+00:00,surfline_trevone_20260217_1543
-553787.3898005147,6541248.188001019,-104.0404320000005,0.5438596491228069,2026-02-17 15:43:00+00:00,surfline_trevone_20260217_1543
-553785.7514382536,6541247.317132408,-104.0404320000005,0.5463659147869674,2026-02-17 15:43:00+00:00,surfline_trevone_20260217_1543
-553786.5087684521,6541247.145736147,-104.0404320000005,0.5488721804511278,2026-02-17 15:43:00+00:00,surfline_trevone_20260217_1543
-553787.0821858482,6541246.920642804,-104.0404320000005,0.5513784461152882,2026-02-17 15:43:00+00:00,surfline_trevone_20260217_1543
-553786.979647625,6541246.498190064,-104.0404320000005,0.5538847117794485,2026-02-17 15:43:00+00:00,surfline_trevone_20260217_1543
-553786.8771094735,6541246.075737258,-104.0404320000005,0.556390977443609,2026-02-17 15:43:00+00:00,surfline_trevone_20260217_1543
-553786.7745712511,6541245.65328452,-104.0404320000005,0.5588972431077694,2026-02-17 15:43:00+00:00,surfline_trevone_20260217_1543
-553786.6720329584,6541245.230831849,-104.0404320000005,0.5614035087719298,2026-02-17 15:43:00+00:00,surfline_trevone_20260217_1543
-553786.5694947353,6541244.80837911,-104.0404320000005,0.5639097744360901,2026-02-17 15:43:00+00:00,surfline_trevone_20260217_1543
-553784.1027657286,6541243.69565159,-104.0404320000005,0.5664160401002506,2026-02-17 15:43:00+00:00,surfline_trevone_20260217_1543
-553784.0002275063,6541243.273198852,-104.0404320000005,0.568922305764411,2026-02-17 15:43:00+00:00,surfline_trevone_20260217_1543
-553783.8976892126,6541242.850746182,-104.0404320000005,0.5714285714285714,2026-02-17 15:43:00+00:00,surfline_trevone_20260217_1543
-553783.7951509894,6541242.428293442,-104.0404320000005,0.5739348370927317,2026-02-17 15:43:00+00:00,surfline_trevone_20260217_1543
-553783.692612839,6541242.005840636,-104.0404320000005,0.5764411027568922,2026-02-17 15:43:00+00:00,surfline_trevone_20260217_1543
-553783.5900746167,6541241.583387897,-104.0404320000005,0.5789473684210527,2026-02-17 15:43:00+00:00,surfline_trevone_20260217_1543
-553783.2412494953,6541241.089026663,-104.0404320000005,0.581453634085213,2026-02-17 15:43:00+00:00,surfline_trevone_20260217_1543
-553783.2412494953,6541241.089026663,-104.0404320000005,0.5839598997493733,2026-02-17 15:43:00+00:00,surfline_trevone_20260217_1543
-553783.2412494953,6541241.089026663,-104.0404320000005,0.5864661654135338,2026-02-17 15:43:00+00:00,surfline_trevone_20260217_1543
-553783.2412494953,6541241.089026663,-104.0404320000005,0.5889724310776943,2026-02-17 15:43:00+00:00,surfline_trevone_20260217_1543
-553783.2412494953,6541241.089026663,-104.0404320000005,0.5914786967418546,2026-02-17 15:43:00+00:00,surfline_trevone_20260217_1543
-553783.2412494953,6541241.089026663,-104.0404320000005,0.593984962406015,2026-02-17 15:43:00+00:00,surfline_trevone_20260217_1543
-553783.2412494953,6541241.089026663,-104.0404320000005,0.5964912280701754,2026-02-17 15:43:00+00:00,surfline_trevone_20260217_1543
-553783.2412494953,6541241.089026663,-104.0404320000005,0.5989974937343359,2026-02-17 15:43:00+00:00,surfline_trevone_20260217_1543
-553783.2412494953,6541241.089026663,-104.0404320000005,0.6015037593984962,2026-02-17 15:43:00+00:00,surfline_trevone_20260217_1543
-553783.2412494953,6541241.089026663,-104.0404320000005,0.6040100250626566,2026-02-17 15:43:00+00:00,surfline_trevone_20260217_1543
-553783.2412494953,6541241.089026663,-104.0404320000005,0.606516290726817,2026-02-17 15:43:00+00:00,surfline_trevone_20260217_1543
-553783.2412494953,6541241.089026663,-104.0404320000005,0.6090225563909775,2026-02-17 15:43:00+00:00,surfline_trevone_20260217_1543
-553783.2412494953,6541241.089026663,-104.0404320000005,0.6115288220551378,2026-02-17 15:43:00+00:00,surfline_trevone_20260217_1543
-553783.2412494953,6541241.089026663,-104.0404320000005,0.6140350877192982,2026-02-17 15:43:00+00:00,surfline_trevone_20260217_1543
-553783.2412494953,6541241.089026663,-104.0404320000005,0.6165413533834586,2026-02-17 15:43:00+00:00,surfline_trevone_20260217_1543
-553783.2412494953,6541241.089026663,-104.0404320000005,0.6190476190476191,2026-02-17 15:43:00+00:00,surfline_trevone_20260217_1543
-553783.2412494953,6541241.089026663,-104.0404320000005,0.6215538847117794,2026-02-17 15:43:00+00:00,surfline_trevone_20260217_1543
-553783.2412494953,6541241.089026663,-104.0404320000005,0.6240601503759398,2026-02-17 15:43:00+00:00,surfline_trevone_20260217_1543
-553783.2412494953,6541241.089026663,-104.0404320000005,0.6265664160401002,2026-02-17 15:43:00+00:00,surfline_trevone_20260217_1543
-553783.2412494953,6541241.089026663,-104.0404320000005,0.6290726817042607,2026-02-17 15:43:00+00:00,surfline_trevone_20260217_1543
-553783.2412494953,6541241.089026663,-104.0404320000005,0.631578947368421,2026-02-17 15:43:00+00:00,surfline_trevone_20260217_1543
-553783.2412494953,6541241.089026663,-104.0404320000005,0.6340852130325814,2026-02-17 15:43:00+00:00,surfline_trevone_20260217_1543
-553783.2412494953,6541241.089026663,-104.0404320000005,0.6365914786967418,2026-02-17 15:43:00+00:00,surfline_trevone_20260217_1543
-553783.2412494953,6541241.089026663,-104.0404320000005,0.6390977443609023,2026-02-17 15:43:00+00:00,surfline_trevone_20260217_1543
-553783.2412494953,6541241.089026663,-104.0404320000005,0.6416040100250626,2026-02-17 15:43:00+00:00,surfline_trevone_20260217_1543
-553783.2412494953,6541241.089026663,-104.0404320000005,0.644110275689223,2026-02-17 15:43:00+00:00,surfline_trevone_20260217_1543
-553783.2412494953,6541241.089026663,-104.0404320000005,0.6466165413533834,2026-02-17 15:43:00+00:00,surfline_trevone_20260217_1543
-553783.2412494953,6541241.089026663,-104.0404320000005,0.6491228070175439,2026-02-17 15:43:00+00:00,surfline_trevone_20260217_1543
-553783.2412494953,6541241.089026663,-104.0404320000005,0.6516290726817042,2026-02-17 15:43:00+00:00,surfline_trevone_20260217_1543
-553783.2412494953,6541241.089026663,-104.0404320000005,0.6541353383458646,2026-02-17 15:43:00+00:00,surfline_trevone_20260217_1543
-553783.2412494953,6541241.089026663,-104.0404320000005,0.656641604010025,2026-02-17 15:43:00+00:00,surfline_trevone_20260217_1543
-553783.2412494953,6541241.089026663,-104.0404320000005,0.6591478696741855,2026-02-17 15:43:00+00:00,surfline_trevone_20260217_1543
-553783.2412494953,6541241.089026663,-104.0404320000005,0.6616541353383458,2026-02-17 15:43:00+00:00,surfline_trevone_20260217_1543
-553783.2412494953,6541241.089026663,-104.0404320000005,0.6641604010025062,2026-02-17 15:43:00+00:00,surfline_trevone_20260217_1543
-553783.2412494953,6541241.089026663,-104.0404320000005,0.6666666666666666,2026-02-17 15:43:00+00:00,surfline_trevone_20260217_1543
-553783.2412494953,6541241.089026663,-104.0404320000005,0.6691729323308271,2026-02-17 15:43:00+00:00,surfline_trevone_20260217_1543
-553783.2412494953,6541241.089026663,-104.0404320000005,0.6716791979949874,2026-02-17 15:43:00+00:00,surfline_trevone_20260217_1543
-553783.2412494953,6541241.089026663,-104.0404320000005,0.6741854636591478,2026-02-17 15:43:00+00:00,surfline_trevone_20260217_1543
-553783.2412494953,6541241.089026663,-104.0404320000005,0.6766917293233082,2026-02-17 15:43:00+00:00,surfline_trevone_20260217_1543
-553783.2412494953,6541241.089026663,-104.0404320000005,0.6791979949874687,2026-02-17 15:43:00+00:00,surfline_trevone_20260217_1543
-553783.2412494953,6541241.089026663,-104.0404320000005,0.681704260651629,2026-02-17 15:43:00+00:00,surfline_trevone_20260217_1543
-553783.2412494953,6541241.089026663,-104.0404320000005,0.6842105263157894,2026-02-17 15:43:00+00:00,surfline_trevone_20260217_1543
-553783.2412494953,6541241.089026663,-104.0404320000005,0.6867167919799498,2026-02-17 15:43:00+00:00,surfline_trevone_20260217_1543
-553783.2412494953,6541241.089026663,-104.0404320000005,0.6892230576441103,2026-02-17 15:43:00+00:00,surfline_trevone_20260217_1543
-553783.2412494953,6541241.089026663,-104.0404320000005,0.6917293233082706,2026-02-17 15:43:00+00:00,surfline_trevone_20260217_1543
-553783.2412494953,6541241.089026663,-104.0404320000005,0.694235588972431,2026-02-17 15:43:00+00:00,surfline_trevone_20260217_1543
-553783.2412494953,6541241.089026663,-104.0404320000005,0.6967418546365914,2026-02-17 15:43:00+00:00,surfline_trevone_20260217_1543
-553783.2412494953,6541241.089026663,-104.0404320000005,0.6992481203007519,2026-02-17 15:43:00+00:00,surfline_trevone_20260217_1543
-553783.2412494953,6541241.089026663,-104.0404320000005,0.7017543859649122,2026-02-17 15:43:00+00:00,surfline_trevone_20260217_1543
-553783.2412494953,6541241.089026663,-104.0404320000005,0.7042606516290726,2026-02-17 15:43:00+00:00,surfline_trevone_20260217_1543
-553783.2412494953,6541241.089026663,-104.0404320000005,0.706766917293233,2026-02-17 15:43:00+00:00,surfline_trevone_20260217_1543
-553783.2412494953,6541241.089026663,-104.0404320000005,0.7092731829573935,2026-02-17 15:43:00+00:00,surfline_trevone_20260217_1543
-553783.2412494953,6541241.089026663,-104.0404320000005,0.7117794486215538,2026-02-17 15:43:00+00:00,surfline_trevone_20260217_1543
-553783.2412494953,6541241.089026663,-104.0404320000005,0.7142857142857142,2026-02-17 15:43:00+00:00,surfline_trevone_20260217_1543
-553783.2412494953,6541241.089026663,-104.0404320000005,0.7167919799498746,2026-02-17 15:43:00+00:00,surfline_trevone_20260217_1543
-553783.2412494953,6541241.089026663,-104.0404320000005,0.7192982456140351,2026-02-17 15:43:00+00:00,surfline_trevone_20260217_1543
-553783.2412494953,6541241.089026663,-104.0404320000005,0.7218045112781954,2026-02-17 15:43:00+00:00,surfline_trevone_20260217_1543
-553783.2412494953,6541241.089026663,-104.0404320000005,0.7243107769423558,2026-02-17 15:43:00+00:00,surfline_trevone_20260217_1543
-553783.2412494953,6541241.089026663,-104.0404320000005,0.7268170426065163,2026-02-17 15:43:00+00:00,surfline_trevone_20260217_1543
-553783.2412494953,6541241.089026663,-104.0404320000005,0.7293233082706767,2026-02-17 15:43:00+00:00,surfline_trevone_20260217_1543
-553783.2412494953,6541241.089026663,-104.0404320000005,0.731829573934837,2026-02-17 15:43:00+00:00,surfline_trevone_20260217_1543
-553783.2412494953,6541241.089026663,-104.0404320000005,0.7343358395989974,2026-02-17 15:43:00+00:00,surfline_trevone_20260217_1543
-553783.2412494953,6541241.089026663,-104.0404320000005,0.7368421052631579,2026-02-17 15:43:00+00:00,surfline_trevone_20260217_1543
-553783.2412494953,6541241.089026663,-104.0404320000005,0.7393483709273183,2026-02-17 15:43:00+00:00,surfline_trevone_20260217_1543
-553783.2412494953,6541241.089026663,-104.0404320000005,0.7418546365914787,2026-02-17 15:43:00+00:00,surfline_trevone_20260217_1543
-553783.2412494953,6541241.089026663,-104.0404320000005,0.744360902255639,2026-02-17 15:43:00+00:00,surfline_trevone_20260217_1543
-553783.2412494953,6541241.089026663,-104.0404320000005,0.7468671679197995,2026-02-17 15:43:00+00:00,surfline_trevone_20260217_1543
-553783.2412494953,6541241.089026663,-104.0404320000005,0.7493734335839599,2026-02-17 15:43:00+00:00,surfline_trevone_20260217_1543
-553783.2412494953,6541241.089026663,-104.0404320000005,0.7518796992481203,2026-02-17 15:43:00+00:00,surfline_trevone_20260217_1543
-553783.2412494953,6541241.089026663,-104.0404320000005,0.7543859649122806,2026-02-17 15:43:00+00:00,surfline_trevone_20260217_1543
-553783.2412494953,6541241.089026663,-104.0404320000005,0.7568922305764411,2026-02-17 15:43:00+00:00,surfline_trevone_20260217_1543
-553783.2412494953,6541241.089026663,-104.0404320000005,0.7593984962406015,2026-02-17 15:43:00+00:00,surfline_trevone_20260217_1543
-553783.2412494953,6541241.089026663,-104.0404320000005,0.7619047619047619,2026-02-17 15:43:00+00:00,surfline_trevone_20260217_1543
-553783.2412494953,6541241.089026663,-104.0404320000005,0.7644110275689222,2026-02-17 15:43:00+00:00,surfline_trevone_20260217_1543
-553783.2412494953,6541241.089026663,-104.0404320000005,0.7669172932330827,2026-02-17 15:43:00+00:00,surfline_trevone_20260217_1543
-553783.2412494953,6541241.089026663,-104.0404320000005,0.7694235588972431,2026-02-17 15:43:00+00:00,surfline_trevone_20260217_1543
-553783.2412494953,6541241.089026663,-104.0404320000005,0.7719298245614035,2026-02-17 15:43:00+00:00,surfline_trevone_20260217_1543
-553783.2412494953,6541241.089026663,-104.0404320000005,0.7744360902255638,2026-02-17 15:43:00+00:00,surfline_trevone_20260217_1543
-553783.2412494953,6541241.089026663,-104.0404320000005,0.7769423558897243,2026-02-17 15:43:00+00:00,surfline_trevone_20260217_1543
-553783.2412494953,6541241.089026663,-104.0404320000005,0.7794486215538847,2026-02-17 15:43:00+00:00,surfline_trevone_20260217_1543
-553783.2412494953,6541241.089026663,-104.0404320000005,0.7819548872180451,2026-02-17 15:43:00+00:00,surfline_trevone_20260217_1543
-553783.2412494953,6541241.089026663,-104.0404320000005,0.7844611528822054,2026-02-17 15:43:00+00:00,surfline_trevone_20260217_1543
-553783.2412494953,6541241.089026663,-104.0404320000005,0.7869674185463659,2026-02-17 15:43:00+00:00,surfline_trevone_20260217_1543
-553783.2412494953,6541241.089026663,-104.0404320000005,0.7894736842105263,2026-02-17 15:43:00+00:00,surfline_trevone_20260217_1543
-553783.2412494953,6541241.089026663,-104.0404320000005,0.7919799498746867,2026-02-17 15:43:00+00:00,surfline_trevone_20260217_1543
-553783.2412494953,6541241.089026663,-104.0404320000005,0.794486215538847,2026-02-17 15:43:00+00:00,surfline_trevone_20260217_1543
-553783.2412494953,6541241.089026663,-104.0404320000005,0.7969924812030075,2026-02-17 15:43:00+00:00,surfline_trevone_20260217_1543
-553783.2412494953,6541241.089026663,-104.0404320000005,0.7994987468671679,2026-02-17 15:43:00+00:00,surfline_trevone_20260217_1543
-553783.2412494953,6541241.089026663,-104.0404320000005,0.8020050125313283,2026-02-17 15:43:00+00:00,surfline_trevone_20260217_1543
-553783.2412494953,6541241.089026663,-104.0404320000005,0.8045112781954886,2026-02-17 15:43:00+00:00,surfline_trevone_20260217_1543
-553783.2412494953,6541241.089026663,-104.0404320000005,0.8070175438596491,2026-02-17 15:43:00+00:00,surfline_trevone_20260217_1543
-553783.2412494953,6541241.089026663,-104.0404320000005,0.8095238095238095,2026-02-17 15:43:00+00:00,surfline_trevone_20260217_1543
-553783.2412494953,6541241.089026663,-104.0404320000005,0.8120300751879699,2026-02-17 15:43:00+00:00,surfline_trevone_20260217_1543
-553783.2412494953,6541241.089026663,-104.0404320000005,0.8145363408521302,2026-02-17 15:43:00+00:00,surfline_trevone_20260217_1543
-553783.2412494953,6541241.089026663,-104.0404320000005,0.8170426065162907,2026-02-17 15:43:00+00:00,surfline_trevone_20260217_1543
-553783.2412494953,6541241.089026663,-104.0404320000005,0.8195488721804511,2026-02-17 15:43:00+00:00,surfline_trevone_20260217_1543
-553783.2412494953,6541241.089026663,-104.0404320000005,0.8220551378446115,2026-02-17 15:43:00+00:00,surfline_trevone_20260217_1543
-553783.2412494953,6541241.089026663,-104.0404320000005,0.8245614035087718,2026-02-17 15:43:00+00:00,surfline_trevone_20260217_1543
-553783.2412494953,6541241.089026663,-104.0404320000005,0.8270676691729323,2026-02-17 15:43:00+00:00,surfline_trevone_20260217_1543
-553783.2412494953,6541241.089026663,-104.0404320000005,0.8295739348370927,2026-02-17 15:43:00+00:00,surfline_trevone_20260217_1543
-553783.2412494953,6541241.089026663,-104.0404320000005,0.8320802005012531,2026-02-17 15:43:00+00:00,surfline_trevone_20260217_1543
-553783.2412494953,6541241.089026663,-104.0404320000005,0.8345864661654134,2026-02-17 15:43:00+00:00,surfline_trevone_20260217_1543
-553783.2412494953,6541241.089026663,-104.0404320000005,0.8370927318295739,2026-02-17 15:43:00+00:00,surfline_trevone_20260217_1543
-553783.2412494953,6541241.089026663,-104.0404320000005,0.8395989974937343,2026-02-17 15:43:00+00:00,surfline_trevone_20260217_1543
-553783.2412494953,6541241.089026663,-104.0404320000005,0.8421052631578947,2026-02-17 15:43:00+00:00,surfline_trevone_20260217_1543
-553783.2412494953,6541241.089026663,-104.0404320000005,0.844611528822055,2026-02-17 15:43:00+00:00,surfline_trevone_20260217_1543
-553783.2412494953,6541241.089026663,-104.0404320000005,0.8471177944862155,2026-02-17 15:43:00+00:00,surfline_trevone_20260217_1543
-553783.2412494953,6541241.089026663,-104.0404320000005,0.849624060150376,2026-02-17 15:43:00+00:00,surfline_trevone_20260217_1543
-553783.2412494953,6541241.089026663,-104.0404320000005,0.8521303258145363,2026-02-17 15:43:00+00:00,surfline_trevone_20260217_1543
-553783.2412494953,6541241.089026663,-104.0404320000005,0.8546365914786966,2026-02-17 15:43:00+00:00,surfline_trevone_20260217_1543
-553783.2412494953,6541241.089026663,-104.0404320000005,0.8571428571428571,2026-02-17 15:43:00+00:00,surfline_trevone_20260217_1543
-553783.2412494953,6541241.089026663,-104.0404320000005,0.8596491228070176,2026-02-17 15:43:00+00:00,surfline_trevone_20260217_1543
-553783.2412494953,6541241.089026663,-104.0404320000005,0.8621553884711779,2026-02-17 15:43:00+00:00,surfline_trevone_20260217_1543
-553783.2412494953,6541241.089026663,-104.0404320000005,0.8646616541353382,2026-02-17 15:43:00+00:00,surfline_trevone_20260217_1543
-553783.2412494953,6541241.089026663,-104.0404320000005,0.8671679197994987,2026-02-17 15:43:00+00:00,surfline_trevone_20260217_1543
-553783.2412494953,6541241.089026663,-104.0404320000005,0.8696741854636592,2026-02-17 15:43:00+00:00,surfline_trevone_20260217_1543
-553783.2412494953,6541241.089026663,-104.0404320000005,0.8721804511278195,2026-02-17 15:43:00+00:00,surfline_trevone_20260217_1543
-553783.2412494953,6541241.089026663,-104.0404320000005,0.8746867167919798,2026-02-17 15:43:00+00:00,surfline_trevone_20260217_1543
-553783.2412494953,6541241.089026663,-104.0404320000005,0.8771929824561403,2026-02-17 15:43:00+00:00,surfline_trevone_20260217_1543
-553783.2412494953,6541241.089026663,-104.0404320000005,0.8796992481203008,2026-02-17 15:43:00+00:00,surfline_trevone_20260217_1543
-553783.2412494953,6541241.089026663,-104.0404320000005,0.8822055137844611,2026-02-17 15:43:00+00:00,surfline_trevone_20260217_1543
-553783.2412494953,6541241.089026663,-104.0404320000005,0.8847117794486214,2026-02-17 15:43:00+00:00,surfline_trevone_20260217_1543
-553783.2412494953,6541241.089026663,-104.0404320000005,0.8872180451127819,2026-02-17 15:43:00+00:00,surfline_trevone_20260217_1543
-553783.2412494953,6541241.089026663,-104.0404320000005,0.8897243107769424,2026-02-17 15:43:00+00:00,surfline_trevone_20260217_1543
-553783.2412494953,6541241.089026663,-104.0404320000005,0.8922305764411027,2026-02-17 15:43:00+00:00,surfline_trevone_20260217_1543
-553783.2412494953,6541241.089026663,-104.0404320000005,0.894736842105263,2026-02-17 15:43:00+00:00,surfline_trevone_20260217_1543
-553783.2412494953,6541241.089026663,-104.0404320000005,0.8972431077694235,2026-02-17 15:43:00+00:00,surfline_trevone_20260217_1543
-553783.2412494953,6541241.089026663,-104.0404320000005,0.899749373433584,2026-02-17 15:43:00+00:00,surfline_trevone_20260217_1543
-553783.2412494953,6541241.089026663,-104.0404320000005,0.9022556390977443,2026-02-17 15:43:00+00:00,surfline_trevone_20260217_1543
-553783.2412494953,6541241.089026663,-104.0404320000005,0.9047619047619047,2026-02-17 15:43:00+00:00,surfline_trevone_20260217_1543
-553783.2412494953,6541241.089026663,-104.0404320000005,0.9072681704260651,2026-02-17 15:43:00+00:00,surfline_trevone_20260217_1543
-553783.2412494953,6541241.089026663,-104.0404320000005,0.9097744360902256,2026-02-17 15:43:00+00:00,surfline_trevone_20260217_1543
-553783.2412494953,6541241.089026663,-104.0404320000005,0.9122807017543859,2026-02-17 15:43:00+00:00,surfline_trevone_20260217_1543
-553783.2412494953,6541241.089026663,-104.0404320000005,0.9147869674185463,2026-02-17 15:43:00+00:00,surfline_trevone_20260217_1543
-553783.2412494953,6541241.089026663,-104.0404320000005,0.9172932330827067,2026-02-17 15:43:00+00:00,surfline_trevone_20260217_1543
-553783.2412494953,6541241.089026663,-104.0404320000005,0.9197994987468672,2026-02-17 15:43:00+00:00,surfline_trevone_20260217_1543
-553783.2412494953,6541241.089026663,-104.0404320000005,0.9223057644110275,2026-02-17 15:43:00+00:00,surfline_trevone_20260217_1543
-553783.2412494953,6541241.089026663,-104.0404320000005,0.9248120300751879,2026-02-17 15:43:00+00:00,surfline_trevone_20260217_1543
-553783.2412494953,6541241.089026663,-104.0404320000005,0.9273182957393483,2026-02-17 15:43:00+00:00,surfline_trevone_20260217_1543
-553783.2412494953,6541241.089026663,-104.0404320000005,0.9298245614035088,2026-02-17 15:43:00+00:00,surfline_trevone_20260217_1543
-553783.2412494953,6541241.089026663,-104.0404320000005,0.9323308270676691,2026-02-17 15:43:00+00:00,surfline_trevone_20260217_1543
-553783.2412494953,6541241.089026663,-104.0404320000005,0.9348370927318295,2026-02-17 15:43:00+00:00,surfline_trevone_20260217_1543
-553783.2412494953,6541241.089026663,-104.0404320000005,0.9373433583959899,2026-02-17 15:43:00+00:00,surfline_trevone_20260217_1543
-553783.2412494953,6541241.089026663,-104.0404320000005,0.9398496240601504,2026-02-17 15:43:00+00:00,surfline_trevone_20260217_1543
-553783.2412494953,6541241.089026663,-104.0404320000005,0.9423558897243107,2026-02-17 15:43:00+00:00,surfline_trevone_20260217_1543
-553783.2412494953,6541241.089026663,-104.0404320000005,0.9448621553884711,2026-02-17 15:43:00+00:00,surfline_trevone_20260217_1543
-553783.2412494953,6541241.089026663,-104.0404320000005,0.9473684210526315,2026-02-17 15:43:00+00:00,surfline_trevone_20260217_1543
-553783.2412494953,6541241.089026663,-104.0404320000005,0.949874686716792,2026-02-17 15:43:00+00:00,surfline_trevone_20260217_1543
-553783.2412494953,6541241.089026663,-104.0404320000005,0.9523809523809523,2026-02-17 15:43:00+00:00,surfline_trevone_20260217_1543
-553783.2412494953,6541241.089026663,-104.0404320000005,0.9548872180451127,2026-02-17 15:43:00+00:00,surfline_trevone_20260217_1543
-553783.2412494953,6541241.089026663,-104.0404320000005,0.9573934837092731,2026-02-17 15:43:00+00:00,surfline_trevone_20260217_1543
-553783.2412494953,6541241.089026663,-104.0404320000005,0.9598997493734336,2026-02-17 15:43:00+00:00,surfline_trevone_20260217_1543
-553783.2412494953,6541241.089026663,-104.0404320000005,0.9624060150375939,2026-02-17 15:43:00+00:00,surfline_trevone_20260217_1543
-553783.2412494953,6541241.089026663,-104.0404320000005,0.9649122807017543,2026-02-17 15:43:00+00:00,surfline_trevone_20260217_1543
-553783.2412494953,6541241.089026663,-104.0404320000005,0.9674185463659147,2026-02-17 15:43:00+00:00,surfline_trevone_20260217_1543
-553783.2412494953,6541241.089026663,-104.0404320000005,0.9699248120300752,2026-02-17 15:43:00+00:00,surfline_trevone_20260217_1543
-553783.2412494953,6541241.089026663,-104.0404320000005,0.9724310776942355,2026-02-17 15:43:00+00:00,surfline_trevone_20260217_1543
-553783.2412494953,6541241.089026663,-104.0404320000005,0.9749373433583959,2026-02-17 15:43:00+00:00,surfline_trevone_20260217_1543
-553783.2412494953,6541241.089026663,-104.0404320000005,0.9774436090225563,2026-02-17 15:43:00+00:00,surfline_trevone_20260217_1543
-553783.2412494953,6541241.089026663,-104.0404320000005,0.9799498746867168,2026-02-17 15:43:00+00:00,surfline_trevone_20260217_1543
-553783.2412494953,6541241.089026663,-104.0404320000005,0.9824561403508771,2026-02-17 15:43:00+00:00,surfline_trevone_20260217_1543
-553783.2412494953,6541241.089026663,-104.0404320000005,0.9849624060150375,2026-02-17 15:43:00+00:00,surfline_trevone_20260217_1543
-553783.2412494953,6541241.089026663,-104.0404320000005,0.9874686716791979,2026-02-17 15:43:00+00:00,surfline_trevone_20260217_1543
-553783.2412494953,6541241.089026663,-104.0404320000005,0.9899749373433584,2026-02-17 15:43:00+00:00,surfline_trevone_20260217_1543
-553783.2412494953,6541241.089026663,-104.0404320000005,0.9924812030075187,2026-02-17 15:43:00+00:00,surfline_trevone_20260217_1543
-553783.2412494953,6541241.089026663,-104.0404320000005,0.9949874686716791,2026-02-17 15:43:00+00:00,surfline_trevone_20260217_1543
-553783.2412494953,6541241.089026663,-104.0404320000005,0.9974937343358395,2026-02-17 15:43:00+00:00,surfline_trevone_20260217_1543
-553783.2412494953,6541241.089026663,-104.0404320000005,1.0,2026-02-17 15:43:00+00:00,surfline_trevone_20260217_1543
-553911.3008016306,6541369.542057941,-104.10992640000049,0.0,2026-02-17 16:02:00+00:00,surfline_trevone_20260217_1602
-553911.1982633934,6541369.119605216,-104.10992640000049,0.002506265664160401,2026-02-17 16:02:00+00:00,surfline_trevone_20260217_1602
-553911.0957251706,6541368.697152477,-104.10992640000049,0.005012531328320802,2026-02-17 16:02:00+00:00,surfline_trevone_20260217_1602
-553910.9931869745,6541368.274699713,-104.10992640000049,0.007518796992481203,2026-02-17 16:02:00+00:00,surfline_trevone_20260217_1602
-553910.8906487526,6541367.852246975,-104.10992640000049,0.010025062656641603,2026-02-17 16:02:00+00:00,surfline_trevone_20260217_1602
-553910.788110504,6541367.429794262,-104.10992640000049,0.012531328320802004,2026-02-17 16:02:00+00:00,surfline_trevone_20260217_1602
-553911.3652672147,6541367.205792601,-104.10992640000049,0.015037593984962405,2026-02-17 16:02:00+00:00,surfline_trevone_20260217_1602
-553912.1225973675,6541367.034396294,-104.10992640000049,0.017543859649122806,2026-02-17 16:02:00+00:00,surfline_trevone_20260217_1602
-553908.1163050076,6541365.472161307,-104.10992640000049,0.020050125313283207,2026-02-17 16:02:00+00:00,surfline_trevone_20260217_1602
-553908.0137667579,6541365.049708595,-104.10992640000049,0.022556390977443608,2026-02-17 16:02:00+00:00,surfline_trevone_20260217_1602
-553907.911228535,6541364.627255855,-104.10992640000049,0.02506265664160401,2026-02-17 16:02:00+00:00,surfline_trevone_20260217_1602
-553907.8164304036,6541364.207062963,-104.10992640000049,0.02756892230576441,2026-02-17 16:02:00+00:00,surfline_trevone_20260217_1602
-553908.3886651999,6541363.981624248,-104.10992640000049,0.03007518796992481,2026-02-17 16:02:00+00:00,surfline_trevone_20260217_1602
-553909.1459954457,6541363.810228034,-104.10992640000049,0.03258145363408521,2026-02-17 16:02:00+00:00,surfline_trevone_20260217_1602
-553909.7878783407,6541363.605124529,-104.10992640000049,0.03508771929824561,2026-02-17 16:02:00+00:00,surfline_trevone_20260217_1602
-553909.7627283065,6541363.205266849,-104.10992640000049,0.03759398496240601,2026-02-17 16:02:00+00:00,surfline_trevone_20260217_1602
-553909.6601900844,6541362.782814111,-104.10992640000049,0.040100250626566414,2026-02-17 16:02:00+00:00,surfline_trevone_20260217_1602
-553909.5576518349,6541362.360361398,-104.10992640000049,0.042606516290726815,2026-02-17 16:02:00+00:00,surfline_trevone_20260217_1602
-553910.0401144561,6541362.108711828,-104.10992640000049,0.045112781954887216,2026-02-17 16:02:00+00:00,surfline_trevone_20260217_1602
-553910.7974446075,6541361.937315519,-104.10992640000049,0.047619047619047616,2026-02-17 16:02:00+00:00,surfline_trevone_20260217_1602
-553911.5547748064,6541361.765919258,-104.10992640000049,0.05012531328320802,2026-02-17 16:02:00+00:00,surfline_trevone_20260217_1602
-553911.5116898018,6541361.360825157,-104.10992640000049,0.05263157894736842,2026-02-17 16:02:00+00:00,surfline_trevone_20260217_1602
-553911.409151579,6541360.938372417,-104.10992640000049,0.05513784461152882,2026-02-17 16:02:00+00:00,surfline_trevone_20260217_1602
-553911.3066133836,6541360.515919653,-104.10992640000049,0.05764411027568922,2026-02-17 16:02:00+00:00,surfline_trevone_20260217_1602
-553911.2040751348,6541360.09346694,-104.10992640000049,0.06015037593984962,2026-02-17 16:02:00+00:00,surfline_trevone_20260217_1602
-553911.4847165341,6541359.782891464,-104.10992640000049,0.06265664160401002,2026-02-17 16:02:00+00:00,surfline_trevone_20260217_1602
-553912.2420466862,6541359.611495156,-104.10992640000049,0.06516290726817042,2026-02-17 16:02:00+00:00,surfline_trevone_20260217_1602
-553912.9993769045,6541359.440098915,-104.10992640000049,0.06766917293233082,2026-02-17 16:02:00+00:00,surfline_trevone_20260217_1602
-553913.158113101,6541359.093930699,-104.10992640000049,0.07017543859649122,2026-02-17 16:02:00+00:00,surfline_trevone_20260217_1602
-553913.0555748781,6541358.671477959,-104.10992640000049,0.07268170426065163,2026-02-17 16:02:00+00:00,surfline_trevone_20260217_1602
-553912.9530366824,6541358.249025195,-104.10992640000049,0.07518796992481203,2026-02-17 16:02:00+00:00,surfline_trevone_20260217_1602
-553912.8504984603,6541357.826572456,-104.10992640000049,0.07769423558897243,2026-02-17 16:02:00+00:00,surfline_trevone_20260217_1602
-553912.7479602116,6541357.404119744,-104.10992640000049,0.08020050125313283,2026-02-17 16:02:00+00:00,surfline_trevone_20260217_1602
-553912.7803644686,6541357.021066269,-104.10992640000049,0.08270676691729323,2026-02-17 16:02:00+00:00,surfline_trevone_20260217_1602
-553913.1077604468,6541356.724141733,-104.10992640000049,0.08521303258145363,2026-02-17 16:02:00+00:00,surfline_trevone_20260217_1602
-553913.4657899715,6541356.436161332,-104.10992640000049,0.08771929824561403,2026-02-17 16:02:00+00:00,surfline_trevone_20260217_1602
-553913.9804705334,6541356.193918494,-104.10992640000049,0.09022556390977443,2026-02-17 16:02:00+00:00,surfline_trevone_20260217_1602
-553914.0162730882,6541355.811857223,-104.10992640000049,0.09273182957393483,2026-02-17 16:02:00+00:00,surfline_trevone_20260217_1602
-553914.4969217592,6541355.559678,-104.10992640000049,0.09523809523809523,2026-02-17 16:02:00+00:00,surfline_trevone_20260217_1602
-553914.3943835372,6541355.137225261,-104.10992640000049,0.09774436090225563,2026-02-17 16:02:00+00:00,surfline_trevone_20260217_1602
-553914.2918452886,6541354.714772548,-104.10992640000049,0.10025062656641603,2026-02-17 16:02:00+00:00,surfline_trevone_20260217_1602
-553914.1893070657,6541354.292319808,-104.10992640000049,0.10275689223057644,2026-02-17 16:02:00+00:00,surfline_trevone_20260217_1602
-553914.08676887,6541353.8698670445,-104.10992640000049,0.10526315789473684,2026-02-17 16:02:00+00:00,surfline_trevone_20260217_1602
-553914.3438877843,6541353.55242369,-104.10992640000049,0.10776942355889724,2026-02-17 16:02:00+00:00,surfline_trevone_20260217_1602
-553915.075204234,6541353.373432207,-104.10992640000049,0.11027568922305764,2026-02-17 16:02:00+00:00,surfline_trevone_20260217_1602
-553915.7951042677,6541353.19110743,-104.10992640000049,0.11278195488721804,2026-02-17 16:02:00+00:00,surfline_trevone_20260217_1602
-553916.0408068363,6541352.870330803,-104.10992640000049,0.11528822055137844,2026-02-17 16:02:00+00:00,surfline_trevone_20260217_1602
-553915.9382685879,6541352.44787809,-104.10992640000049,0.11779448621553884,2026-02-17 16:02:00+00:00,surfline_trevone_20260217_1602
-553915.0417730414,6541351.79361299,-104.10992640000049,0.12030075187969924,2026-02-17 16:02:00+00:00,surfline_trevone_20260217_1602
-553915.3691690196,6541351.4966884535,-104.10992640000049,0.12280701754385964,2026-02-17 16:02:00+00:00,surfline_trevone_20260217_1602
-553915.6306539468,6541351.180519848,-104.10992640000049,0.12531328320802004,2026-02-17 16:02:00+00:00,surfline_trevone_20260217_1602
-553915.5281156983,6541350.758067135,-104.10992640000049,0.12781954887218044,2026-02-17 16:02:00+00:00,surfline_trevone_20260217_1602
-553915.4255774751,6541350.335614395,-104.10992640000049,0.13032581453634084,2026-02-17 16:02:00+00:00,surfline_trevone_20260217_1602
-553915.3230392799,6541349.913161632,-104.10992640000049,0.13283208020050125,2026-02-17 16:02:00+00:00,surfline_trevone_20260217_1602
-553915.2205010462,6541349.490708904,-104.10992640000049,0.13533834586466165,2026-02-17 16:02:00+00:00,surfline_trevone_20260217_1602
-553915.1179628086,6541349.068256181,-104.10992640000049,0.13784461152882205,2026-02-17 16:02:00+00:00,surfline_trevone_20260217_1602
-553915.0154245857,6541348.645803441,-104.10992640000049,0.14035087719298245,2026-02-17 16:02:00+00:00,surfline_trevone_20260217_1602
-553914.9128863901,6541348.223350677,-104.10992640000049,0.14285714285714285,2026-02-17 16:02:00+00:00,surfline_trevone_20260217_1602
-553914.810348168,6541347.800897938,-104.10992640000049,0.14536340852130325,2026-02-17 16:02:00+00:00,surfline_trevone_20260217_1602
-553914.7864195982,6541347.401396957,-104.10992640000049,0.14786967418546365,2026-02-17 16:02:00+00:00,surfline_trevone_20260217_1602
-553915.1138155865,6541347.1044724565,-104.10992640000049,0.15037593984962405,2026-02-17 16:02:00+00:00,surfline_trevone_20260217_1602
-553915.4412115649,6541346.80754792,-104.10992640000049,0.15288220551378445,2026-02-17 16:02:00+00:00,surfline_trevone_20260217_1602
-553915.5822907061,6541346.45622434,-104.10992640000049,0.15538847117794485,2026-02-17 16:02:00+00:00,surfline_trevone_20260217_1602
-553914.297657029,6541345.688634272,-104.10992640000049,0.15789473684210525,2026-02-17 16:02:00+00:00,surfline_trevone_20260217_1602
-553914.7949709605,6541345.44132085,-104.10992640000049,0.16040100250626566,2026-02-17 16:02:00+00:00,surfline_trevone_20260217_1602
-553915.5523011119,6541345.269924541,-104.10992640000049,0.16290726817042606,2026-02-17 16:02:00+00:00,surfline_trevone_20260217_1602
-553916.3096313106,6541345.09852828,-104.10992640000049,0.16541353383458646,2026-02-17 16:02:00+00:00,surfline_trevone_20260217_1602
-553913.8875041393,6541343.998823317,-104.10992640000049,0.16791979949874686,2026-02-17 16:02:00+00:00,surfline_trevone_20260217_1602
-553913.7849659163,6541343.576370577,-104.10992640000049,0.17042606516290726,2026-02-17 16:02:00+00:00,surfline_trevone_20260217_1602
-553914.3392416626,6541343.3456883095,-104.10992640000049,0.17293233082706766,2026-02-17 16:02:00+00:00,surfline_trevone_20260217_1602
-553915.0965719087,6541343.174292096,-104.10992640000049,0.17543859649122806,2026-02-17 16:02:00+00:00,surfline_trevone_20260217_1602
-553914.6594466772,6541342.654149718,-104.10992640000049,0.17794486215538846,2026-02-17 16:02:00+00:00,surfline_trevone_20260217_1602
-553914.5569084823,6541342.231696953,-104.10992640000049,0.18045112781954886,2026-02-17 16:02:00+00:00,surfline_trevone_20260217_1602
-553914.7669948817,6541341.900521478,-104.10992640000049,0.18295739348370926,2026-02-17 16:02:00+00:00,surfline_trevone_20260217_1602
-553915.0943908803,6541341.603597015,-104.10992640000049,0.18546365914786966,2026-02-17 16:02:00+00:00,surfline_trevone_20260217_1602
-553915.4217868686,6541341.306672514,-104.10992640000049,0.18796992481203006,2026-02-17 16:02:00+00:00,surfline_trevone_20260217_1602
-553915.3288510208,6541340.887023355,-104.10992640000049,0.19047619047619047,2026-02-17 16:02:00+00:00,surfline_trevone_20260217_1602
-553914.1482241775,6541340.149800211,-104.10992640000049,0.19298245614035087,2026-02-17 16:02:00+00:00,surfline_trevone_20260217_1602
-553914.4756201764,6541339.852875749,-104.10992640000049,0.19548872180451127,2026-02-17 16:02:00+00:00,surfline_trevone_20260217_1602
-553914.803016169,6541339.555951265,-104.10992640000049,0.19799498746867167,2026-02-17 16:02:00+00:00,surfline_trevone_20260217_1602
-553914.9186981311,6541339.1972124,-104.10992640000049,0.20050125313283207,2026-02-17 16:02:00+00:00,surfline_trevone_20260217_1602
-553908.7717086567,6541337.009956348,-104.10992640000049,0.20300751879699247,2026-02-17 16:02:00+00:00,surfline_trevone_20260217_1602
-553909.3213032256,6541336.777907384,-104.10992640000049,0.20551378446115287,2026-02-17 16:02:00+00:00,surfline_trevone_20260217_1602
-553908.743685381,6541336.216745264,-104.10992640000049,0.20802005012531327,2026-02-17 16:02:00+00:00,surfline_trevone_20260217_1602
-553909.305083865,6541335.9881426245,-104.10992640000049,0.21052631578947367,2026-02-17 16:02:00+00:00,surfline_trevone_20260217_1602
-553909.6324798532,6541335.691218125,-104.10992640000049,0.21303258145363407,2026-02-17 16:02:00+00:00,surfline_trevone_20260217_1602
-553909.5750870561,6541335.28194657,-104.10992640000049,0.21553884711779447,2026-02-17 16:02:00+00:00,surfline_trevone_20260217_1602
-553909.4155994415,6541334.84286627,-104.10992640000049,0.21804511278195488,2026-02-17 16:02:00+00:00,surfline_trevone_20260217_1602
-553908.6863131614,6541334.237421359,-104.10992640000049,0.22055137844611528,2026-02-17 16:02:00+00:00,surfline_trevone_20260217_1602
-553906.6495182943,6541333.250222146,-104.10992640000049,0.22305764411027568,2026-02-17 16:02:00+00:00,surfline_trevone_20260217_1602
-553906.8007433102,6541332.901860902,-104.10992640000049,0.22556390977443608,2026-02-17 16:02:00+00:00,surfline_trevone_20260217_1602
-553906.6982050873,6541332.479408163,-104.10992640000049,0.22807017543859648,2026-02-17 16:02:00+00:00,surfline_trevone_20260217_1602
-553906.667528931,6541332.077937012,-104.10992640000049,0.23057644110275688,2026-02-17 16:02:00+00:00,surfline_trevone_20260217_1602
-553906.994924931,6541331.781012554,-104.10992640000049,0.23308270676691728,2026-02-17 16:02:00+00:00,surfline_trevone_20260217_1602
-553907.3223209189,6541331.484088053,-104.10992640000049,0.23558897243107768,2026-02-17 16:02:00+00:00,surfline_trevone_20260217_1602
-553906.8532923986,6541330.954630808,-104.10992640000049,0.23809523809523808,2026-02-17 16:02:00+00:00,surfline_trevone_20260217_1602
-553907.5973563705,6541330.779361196,-104.10992640000049,0.24060150375939848,2026-02-17 16:02:00+00:00,surfline_trevone_20260217_1602
-553908.1116734175,6541330.537012226,-104.10992640000049,0.24310776942355888,2026-02-17 16:02:00+00:00,surfline_trevone_20260217_1602
-553908.3446283868,6541330.212513705,-104.10992640000049,0.24561403508771928,2026-02-17 16:02:00+00:00,surfline_trevone_20260217_1602
-553908.2420901946,6541329.790060937,-104.10992640000049,0.24812030075187969,2026-02-17 16:02:00+00:00,surfline_trevone_20260217_1602
-553907.3484742501,6541329.136636598,-104.10992640000049,0.2506265664160401,2026-02-17 16:02:00+00:00,surfline_trevone_20260217_1602
-553908.03701372,6541328.94515549,-104.10992640000049,0.2531328320802005,2026-02-17 16:02:00+00:00,surfline_trevone_20260217_1602
-553907.934475497,6541328.522702751,-104.10992640000049,0.2556390977443609,2026-02-17 16:02:00+00:00,surfline_trevone_20260217_1602
-553907.8319373054,6541328.100249983,-104.10992640000049,0.2581453634085213,2026-02-17 16:02:00+00:00,surfline_trevone_20260217_1602
-553908.4494403886,6541327.888028286,-104.10992640000049,0.2606516290726817,2026-02-17 16:02:00+00:00,surfline_trevone_20260217_1602
-553909.2067706398,6541327.7166320775,-104.10992640000049,0.2631578947368421,2026-02-17 16:02:00+00:00,surfline_trevone_20260217_1602
-553909.8885134512,6541327.5231665205,-104.10992640000049,0.2656641604010025,2026-02-17 16:02:00+00:00,surfline_trevone_20260217_1602
-553909.7859752715,6541327.100713742,-104.10992640000049,0.2681704260651629,2026-02-17 16:02:00+00:00,surfline_trevone_20260217_1602
-553909.6834370494,6541326.678261003,-104.10992640000049,0.2706766917293233,2026-02-17 16:02:00+00:00,surfline_trevone_20260217_1602
-553909.580898797,6541326.255808294,-104.10992640000049,0.2731829573934837,2026-02-17 16:02:00+00:00,surfline_trevone_20260217_1602
-553909.4783605742,6541325.833355554,-104.10992640000049,0.2756892230576441,2026-02-17 16:02:00+00:00,surfline_trevone_20260217_1602
-553909.375822382,6541325.410902787,-104.10992640000049,0.2781954887218045,2026-02-17 16:02:00+00:00,surfline_trevone_20260217_1602
-553909.27328416,6541324.9884500485,-104.10992640000049,0.2807017543859649,2026-02-17 16:02:00+00:00,surfline_trevone_20260217_1602
-553909.1707459074,6541324.565997339,-104.10992640000049,0.2832080200501253,2026-02-17 16:02:00+00:00,surfline_trevone_20260217_1602
-553909.0682076844,6541324.143544599,-104.10992640000049,0.2857142857142857,2026-02-17 16:02:00+00:00,surfline_trevone_20260217_1602
-553908.9656694925,6541323.721091832,-104.10992640000049,0.2882205513784461,2026-02-17 16:02:00+00:00,surfline_trevone_20260217_1602
-553908.9578867783,6541323.326304936,-104.10992640000049,0.2907268170426065,2026-02-17 16:02:00+00:00,surfline_trevone_20260217_1602
-553909.6171370714,6541323.126272243,-104.10992640000049,0.2932330827067669,2026-02-17 16:02:00+00:00,surfline_trevone_20260217_1602
-553910.3744672711,6541322.954875981,-104.10992640000049,0.2957393483709273,2026-02-17 16:02:00+00:00,surfline_trevone_20260217_1602
-553910.9197074588,6541322.721555591,-104.10992640000049,0.2982456140350877,2026-02-17 16:02:00+00:00,surfline_trevone_20260217_1602
-553910.8171692067,6541322.299102881,-104.10992640000049,0.3007518796992481,2026-02-17 16:02:00+00:00,surfline_trevone_20260217_1602
-553910.7146309837,6541321.876650142,-104.10992640000049,0.3032581453634085,2026-02-17 16:02:00+00:00,surfline_trevone_20260217_1602
-553910.6120927917,6541321.454197374,-104.10992640000049,0.3057644110275689,2026-02-17 16:02:00+00:00,surfline_trevone_20260217_1602
-553909.3463866729,6541320.692133565,-104.10992640000049,0.3082706766917293,2026-02-17 16:02:00+00:00,surfline_trevone_20260217_1602
-553909.673782673,6541320.395209108,-104.10992640000049,0.3107769423558897,2026-02-17 16:02:00+00:00,surfline_trevone_20260217_1602
-553910.001178661,6541320.098284607,-104.10992640000049,0.3132832080200501,2026-02-17 16:02:00+00:00,surfline_trevone_20260217_1602
-553910.2019399023,6541319.764386419,-104.10992640000049,0.3157894736842105,2026-02-17 16:02:00+00:00,surfline_trevone_20260217_1602
-553910.0994016799,6541319.341933681,-104.10992640000049,0.3182957393483709,2026-02-17 16:02:00+00:00,surfline_trevone_20260217_1602
-553909.9968634273,6541318.919480972,-104.10992640000049,0.3208020050125313,2026-02-17 16:02:00+00:00,surfline_trevone_20260217_1602
-553909.8943252043,6541318.497028233,-104.10992640000049,0.3233082706766917,2026-02-17 16:02:00+00:00,surfline_trevone_20260217_1602
-553910.0954748656,6541318.163243452,-104.10992640000049,0.3258145363408521,2026-02-17 16:02:00+00:00,surfline_trevone_20260217_1602
-553910.4228708538,6541317.866318952,-104.10992640000049,0.3283208020050125,2026-02-17 16:02:00+00:00,surfline_trevone_20260217_1602
-553910.750266853,6541317.569394494,-104.10992640000049,0.3308270676691729,2026-02-17 16:02:00+00:00,surfline_trevone_20260217_1602
-553910.6662677297,6541317.152354647,-104.10992640000049,0.3333333333333333,2026-02-17 16:02:00+00:00,surfline_trevone_20260217_1602
-553910.563729551,6541316.729901867,-104.10992640000049,0.3358395989974937,2026-02-17 16:02:00+00:00,surfline_trevone_20260217_1602
-553910.4611913289,6541316.3074491285,-104.10992640000049,0.3383458646616541,2026-02-17 16:02:00+00:00,surfline_trevone_20260217_1602
-553909.1765576476,6541315.539859063,-104.10992640000049,0.3408521303258145,2026-02-17 16:02:00+00:00,surfline_trevone_20260217_1602
-553909.4947148097,6541315.240237094,-104.10992640000049,0.3433583959899749,2026-02-17 16:02:00+00:00,surfline_trevone_20260217_1602
-553909.8221107866,6541314.943312553,-104.10992640000049,0.3458646616541353,2026-02-17 16:02:00+00:00,surfline_trevone_20260217_1602
-553910.0510384395,6541314.6176381735,-104.10992640000049,0.3483709273182957,2026-02-17 16:02:00+00:00,surfline_trevone_20260217_1602
-553909.9485001863,6541314.195185465,-104.10992640000049,0.3508771929824561,2026-02-17 16:02:00+00:00,surfline_trevone_20260217_1602
-553909.8459619633,6541313.772732725,-104.10992640000049,0.3533834586466165,2026-02-17 16:02:00+00:00,surfline_trevone_20260217_1602
-553909.743423772,6541313.350279957,-104.10992640000049,0.3558897243107769,2026-02-17 16:02:00+00:00,surfline_trevone_20260217_1602
-553908.5665587544,6541312.614155196,-104.10992640000049,0.3583959899749373,2026-02-17 16:02:00+00:00,surfline_trevone_20260217_1602
-553909.0459866859,6541312.361619584,-104.10992640000049,0.3609022556390977,2026-02-17 16:02:00+00:00,surfline_trevone_20260217_1602
-553909.8033168302,6541312.190223268,-104.10992640000049,0.3634085213032581,2026-02-17 16:02:00+00:00,surfline_trevone_20260217_1602
-553910.3451712034,6541311.955914356,-104.10992640000049,0.3659147869674185,2026-02-17 16:02:00+00:00,surfline_trevone_20260217_1602
-553910.412828057,6541311.58315365,-104.10992640000049,0.3684210526315789,2026-02-17 16:02:00+00:00,surfline_trevone_20260217_1602
-553910.3102898338,6541311.160700911,-104.10992640000049,0.37092731829573933,2026-02-17 16:02:00+00:00,surfline_trevone_20260217_1602
-553910.2077516434,6541310.738248142,-104.10992640000049,0.37343358395989973,2026-02-17 16:02:00+00:00,surfline_trevone_20260217_1602
-553910.1052134212,6541310.315795404,-104.10992640000049,0.37593984962406013,2026-02-17 16:02:00+00:00,surfline_trevone_20260217_1602
-553910.0026751678,6541309.893342696,-104.10992640000049,0.37844611528822053,2026-02-17 16:02:00+00:00,surfline_trevone_20260217_1602
-553909.9001369447,6541309.470889957,-104.10992640000049,0.38095238095238093,2026-02-17 16:02:00+00:00,surfline_trevone_20260217_1602
-553909.7975987538,6541309.048437187,-104.10992640000049,0.38345864661654133,2026-02-17 16:02:00+00:00,surfline_trevone_20260217_1602
-553909.6950605315,6541308.625984449,-104.10992640000049,0.38596491228070173,2026-02-17 16:02:00+00:00,surfline_trevone_20260217_1602
-553909.5925222781,6541308.203531741,-104.10992640000049,0.38847117794486213,2026-02-17 16:02:00+00:00,surfline_trevone_20260217_1602
-553909.5695863194,6541307.804320539,-104.10992640000049,0.39097744360902253,2026-02-17 16:02:00+00:00,surfline_trevone_20260217_1602
-553910.0208477958,6541307.543561107,-104.10992640000049,0.39348370927318294,2026-02-17 16:02:00+00:00,surfline_trevone_20260217_1602
-553910.7781779943,6541307.3721648455,-104.10992640000049,0.39598997493734334,2026-02-17 16:02:00+00:00,surfline_trevone_20260217_1602
-553911.3481987802,6541307.146079742,-104.10992640000049,0.39849624060150374,2026-02-17 16:02:00+00:00,surfline_trevone_20260217_1602
-553911.4440220083,6541306.781542772,-104.10992640000049,0.40100250626566414,2026-02-17 16:02:00+00:00,surfline_trevone_20260217_1602
-553911.3414838305,6541306.359089992,-104.10992640000049,0.40350877192982454,2026-02-17 16:02:00+00:00,surfline_trevone_20260217_1602
-553910.0568501805,6541305.591499897,-104.10992640000049,0.40601503759398494,2026-02-17 16:02:00+00:00,surfline_trevone_20260217_1602
-553909.936777867,6541305.163927755,-104.10992640000049,0.40852130325814534,2026-02-17 16:02:00+00:00,surfline_trevone_20260217_1602
-553910.4783176684,6541304.929526996,-104.10992640000049,0.41102756892230574,2026-02-17 16:02:00+00:00,surfline_trevone_20260217_1602
-553910.8057136446,6541304.632602453,-104.10992640000049,0.41353383458646614,2026-02-17 16:02:00+00:00,surfline_trevone_20260217_1602
-553910.8287926876,6541304.246826328,-104.10992640000049,0.41604010025062654,2026-02-17 16:02:00+00:00,surfline_trevone_20260217_1602
-553911.0377440065,6541303.915319442,-104.10992640000049,0.41854636591478694,2026-02-17 16:02:00+00:00,surfline_trevone_20260217_1602
-553911.7950741505,6541303.743923126,-104.10992640000049,0.42105263157894735,2026-02-17 16:02:00+00:00,surfline_trevone_20260217_1602
-553912.5524043491,6541303.572526865,-104.10992640000049,0.42355889724310775,2026-02-17 16:02:00+00:00,surfline_trevone_20260217_1602
-553912.7828306545,6541303.247290087,-104.10992640000049,0.42606516290726815,2026-02-17 16:02:00+00:00,surfline_trevone_20260217_1602
-553912.6802924315,6541302.824837348,-104.10992640000049,0.42857142857142855,2026-02-17 16:02:00+00:00,surfline_trevone_20260217_1602
-553912.5777542406,6541302.402384579,-104.10992640000049,0.43107769423558895,2026-02-17 16:02:00+00:00,surfline_trevone_20260217_1602
-553911.2931205903,6541301.634794484,-104.10992640000049,0.43358395989974935,2026-02-17 16:02:00+00:00,surfline_trevone_20260217_1602
-553911.1905823365,6541301.212341776,-104.10992640000049,0.43609022556390975,2026-02-17 16:02:00+00:00,surfline_trevone_20260217_1602
-553911.0880441135,6541300.789889037,-104.10992640000049,0.43859649122807015,2026-02-17 16:02:00+00:00,surfline_trevone_20260217_1602
-553911.3467846984,6541300.472919123,-104.10992640000049,0.44110275689223055,2026-02-17 16:02:00+00:00,surfline_trevone_20260217_1602
-553911.6741806865,6541300.175994623,-104.10992640000049,0.44360902255639095,2026-02-17 16:02:00+00:00,surfline_trevone_20260217_1602
-553912.3872476183,6541299.99167482,-104.10992640000049,0.44611528822055135,2026-02-17 16:02:00+00:00,surfline_trevone_20260217_1602
-553912.7146436065,6541299.694750319,-104.10992640000049,0.44862155388471175,2026-02-17 16:02:00+00:00,surfline_trevone_20260217_1602
-553912.9395438894,6541299.367900026,-104.10992640000049,0.45112781954887216,2026-02-17 16:02:00+00:00,surfline_trevone_20260217_1602
-553912.8370056672,6541298.945447288,-104.10992640000049,0.45363408521303256,2026-02-17 16:02:00+00:00,surfline_trevone_20260217_1602
-553912.7344674136,6541298.52299458,-104.10992640000049,0.45614035087719296,2026-02-17 16:02:00+00:00,surfline_trevone_20260217_1602
-553912.3562411116,6541298.020048969,-104.10992640000049,0.45864661654135336,2026-02-17 16:02:00+00:00,surfline_trevone_20260217_1602
-553913.1135712555,6541297.848652652,-104.10992640000049,0.46115288220551376,2026-02-17 16:02:00+00:00,surfline_trevone_20260217_1602
-553913.5220067302,6541297.575389317,-104.10992640000049,0.46365914786967416,2026-02-17 16:02:00+00:00,surfline_trevone_20260217_1602
-553913.5064099522,6541297.178320982,-104.10992640000049,0.46616541353383456,2026-02-17 16:02:00+00:00,surfline_trevone_20260217_1602
-553912.4412795315,6541296.474819438,-104.10992640000049,0.46867167919799496,2026-02-17 16:02:00+00:00,surfline_trevone_20260217_1602
-553912.7686755037,6541296.177894877,-104.10992640000049,0.47117794486215536,2026-02-17 16:02:00+00:00,surfline_trevone_20260217_1602
-553913.0960715028,6541295.880970419,-104.10992640000049,0.47368421052631576,2026-02-17 16:02:00+00:00,surfline_trevone_20260217_1602
-553913.0962570615,6541295.488510026,-104.10992640000049,0.47619047619047616,2026-02-17 16:02:00+00:00,surfline_trevone_20260217_1602
-553911.8116234432,6541294.720919901,-104.10992640000049,0.47869674185463656,2026-02-17 16:02:00+00:00,surfline_trevone_20260217_1602
-553910.526989793,6541293.953329805,-104.10992640000049,0.48120300751879697,2026-02-17 16:02:00+00:00,surfline_trevone_20260217_1602
-553910.4244515385,6541293.530877098,-104.10992640000049,0.48370927318295737,2026-02-17 16:02:00+00:00,surfline_trevone_20260217_1602
-553910.3219133154,6541293.108424358,-104.10992640000049,0.48621553884711777,2026-02-17 16:02:00+00:00,surfline_trevone_20260217_1602
-553910.4525818991,6541292.754061159,-104.10992640000049,0.48872180451127817,2026-02-17 16:02:00+00:00,surfline_trevone_20260217_1602
-553910.7848748671,6541292.458566434,-104.10992640000049,0.49122807017543857,2026-02-17 16:02:00+00:00,surfline_trevone_20260217_1602
-553911.112270868,6541292.161641979,-104.10992640000049,0.49373433583959897,2026-02-17 16:02:00+00:00,surfline_trevone_20260217_1602
-553911.0938558539,6541291.76375076,-104.10992640000049,0.49624060150375937,2026-02-17 16:02:00+00:00,surfline_trevone_20260217_1602
-553910.9913176642,6541291.341297991,-104.10992640000049,0.49874686716791977,2026-02-17 16:02:00+00:00,surfline_trevone_20260217_1602
-553910.9123633932,6541290.925731078,-104.10992640000049,0.5012531328320802,2026-02-17 16:02:00+00:00,surfline_trevone_20260217_1602
-553910.9470183701,6541290.54333479,-104.10992640000049,0.5037593984962405,2026-02-17 16:02:00+00:00,surfline_trevone_20260217_1602
-553911.5671553805,6541290.331882121,-104.10992640000049,0.506265664160401,2026-02-17 16:02:00+00:00,surfline_trevone_20260217_1602
-553911.7632602027,6541289.996624392,-104.10992640000049,0.5087719298245614,2026-02-17 16:02:00+00:00,surfline_trevone_20260217_1602
-553911.6607219806,6541289.574171654,-104.10992640000049,0.5112781954887218,2026-02-17 16:02:00+00:00,surfline_trevone_20260217_1602
-553910.8138241548,6541288.934387682,-104.10992640000049,0.5137844611528821,2026-02-17 16:02:00+00:00,surfline_trevone_20260217_1602
-553911.1412201431,6541288.637463181,-104.10992640000049,0.5162907268170426,2026-02-17 16:02:00+00:00,surfline_trevone_20260217_1602
-553911.3531073133,6541288.3068134375,-104.10992640000049,0.518796992481203,2026-02-17 16:02:00+00:00,surfline_trevone_20260217_1602
-553911.250569091,6541287.8843607,-104.10992640000049,0.5213032581453634,2026-02-17 16:02:00+00:00,surfline_trevone_20260217_1602
-553911.1480308361,6541287.461907992,-104.10992640000049,0.5238095238095237,2026-02-17 16:02:00+00:00,surfline_trevone_20260217_1602
-553910.4352424657,6541286.861280025,-104.10992640000049,0.5263157894736842,2026-02-17 16:02:00+00:00,surfline_trevone_20260217_1602
-553910.9429544237,6541286.617002483,-104.10992640000049,0.5288220551378446,2026-02-17 16:02:00+00:00,surfline_trevone_20260217_1602
-553910.8404161545,6541286.19454979,-104.10992640000049,0.531328320802005,2026-02-17 16:02:00+00:00,surfline_trevone_20260217_1602
-553910.7378779456,6541285.772097037,-104.10992640000049,0.5338345864661653,2026-02-17 16:02:00+00:00,surfline_trevone_20260217_1602
-553910.9180213194,6541285.432179031,-104.10992640000049,0.5363408521303258,2026-02-17 16:02:00+00:00,surfline_trevone_20260217_1602
-553911.2454173075,6541285.135254531,-104.10992640000049,0.5388471177944862,2026-02-17 16:02:00+00:00,surfline_trevone_20260217_1602
-553911.5728133086,6541284.838330076,-104.10992640000049,0.5413533834586466,2026-02-17 16:02:00+00:00,surfline_trevone_20260217_1602
-553911.8751266627,6541284.534082179,-104.10992640000049,0.5438596491228069,2026-02-17 16:02:00+00:00,surfline_trevone_20260217_1602
-553912.2025226395,6541284.237157634,-104.10992640000049,0.5463659147869674,2026-02-17 16:02:00+00:00,surfline_trevone_20260217_1602
-553912.4868395006,6541283.927655287,-104.10992640000049,0.5488721804511278,2026-02-17 16:02:00+00:00,surfline_trevone_20260217_1602
-553912.3843012458,6541283.50520258,-104.10992640000049,0.5513784461152882,2026-02-17 16:02:00+00:00,surfline_trevone_20260217_1602
-553911.1136857626,6541282.74170538,-104.10992640000049,0.5538847117794485,2026-02-17 16:02:00+00:00,surfline_trevone_20260217_1602
-553911.4410817372,6541282.444780835,-104.10992640000049,0.556390977443609,2026-02-17 16:02:00+00:00,surfline_trevone_20260217_1602
-553911.9886099694,6541282.212128524,-104.10992640000049,0.5588972431077694,2026-02-17 16:02:00+00:00,surfline_trevone_20260217_1602
-553912.6242148543,6541282.005192066,-104.10992640000049,0.5614035087719298,2026-02-17 16:02:00+00:00,surfline_trevone_20260217_1602
-553912.9516108425,6541281.708267565,-104.10992640000049,0.5639097744360901,2026-02-17 16:02:00+00:00,surfline_trevone_20260217_1602
-553912.9511673718,6541281.315623472,-104.10992640000049,0.5664160401002506,2026-02-17 16:02:00+00:00,surfline_trevone_20260217_1602
-553912.8486291496,6541280.893170734,-104.10992640000049,0.568922305764411,2026-02-17 16:02:00+00:00,surfline_trevone_20260217_1602
-553912.7460908948,6541280.470718027,-104.10992640000049,0.5714285714285714,2026-02-17 16:02:00+00:00,surfline_trevone_20260217_1602
-553911.4614572433,6541279.703127932,-104.10992640000049,0.5739348370927317,2026-02-17 16:02:00+00:00,surfline_trevone_20260217_1602
-553911.3589190545,6541279.280675161,-104.10992640000049,0.5764411027568922,2026-02-17 16:02:00+00:00,surfline_trevone_20260217_1602
-553911.3273608139,6541278.8789465055,-104.10992640000049,0.5789473684210527,2026-02-17 16:02:00+00:00,surfline_trevone_20260217_1602
-553910.7054922587,6541278.304864512,-104.10992640000049,0.581453634085213,2026-02-17 16:02:00+00:00,surfline_trevone_20260217_1602
-553911.4628224581,6541278.13346825,-104.10992640000049,0.5839598997493733,2026-02-17 16:02:00+00:00,surfline_trevone_20260217_1602
-553912.0414654125,6541277.909900488,-104.10992640000049,0.5864661654135338,2026-02-17 16:02:00+00:00,surfline_trevone_20260217_1602
-553912.4441093156,6541277.634946224,-104.10992640000049,0.5889724310776943,2026-02-17 16:02:00+00:00,surfline_trevone_20260217_1602
-553912.771505304,6541277.338021724,-104.10992640000049,0.5914786967418546,2026-02-17 16:02:00+00:00,surfline_trevone_20260217_1602
-553913.0053423535,6541277.013780704,-104.10992640000049,0.593984962406015,2026-02-17 16:02:00+00:00,surfline_trevone_20260217_1602
-553912.9028041314,6541276.591327965,-104.10992640000049,0.5964912280701754,2026-02-17 16:02:00+00:00,surfline_trevone_20260217_1602
-553912.8002658617,6541276.168875272,-104.10992640000049,0.5989974937343359,2026-02-17 16:02:00+00:00,surfline_trevone_20260217_1602
-553913.0667466589,6541275.854165296,-104.10992640000049,0.6015037593984962,2026-02-17 16:02:00+00:00,surfline_trevone_20260217_1602
-553912.5077418839,6541275.298437608,-104.10992640000049,0.6040100250626566,2026-02-17 16:02:00+00:00,surfline_trevone_20260217_1602
-553911.9152238225,6541274.73292506,-104.10992640000049,0.606516290726817,2026-02-17 16:02:00+00:00,surfline_trevone_20260217_1602
-553912.4797186137,6541274.505226531,-104.10992640000049,0.6090225563909775,2026-02-17 16:02:00+00:00,surfline_trevone_20260217_1602
-553912.8336468865,6541274.216048683,-104.10992640000049,0.6115288220551378,2026-02-17 16:02:00+00:00,surfline_trevone_20260217_1602
-553911.9789474356,6541273.573986782,-104.10992640000049,0.6140350877192982,2026-02-17 16:02:00+00:00,surfline_trevone_20260217_1602
-553912.0824983523,6541273.211706055,-104.10992640000049,0.6165413533834586,2026-02-17 16:02:00+00:00,surfline_trevone_20260217_1602
-553910.9985507703,6541272.5027104765,-104.10992640000049,0.6190476190476191,2026-02-17 16:02:00+00:00,surfline_trevone_20260217_1602
-553911.3259467585,6541272.205785975,-104.10992640000049,0.6215538847117794,2026-02-17 16:02:00+00:00,surfline_trevone_20260217_1602
-553911.6533427321,6541271.9088614285,-104.10992640000049,0.6240601503759398,2026-02-17 16:02:00+00:00,surfline_trevone_20260217_1602
-553911.672345463,6541271.5218951,-104.10992640000049,0.6265664160401002,2026-02-17 16:02:00+00:00,surfline_trevone_20260217_1602
-553911.5698072069,6541271.099442394,-104.10992640000049,0.6290726817042607,2026-02-17 16:02:00+00:00,surfline_trevone_20260217_1602
-553911.6713533833,6541270.736576342,-104.10992640000049,0.631578947368421,2026-02-17 16:02:00+00:00,surfline_trevone_20260217_1602
-553911.5682600555,6541270.313961486,-104.10992640000049,0.6340852130325814,2026-02-17 16:02:00+00:00,surfline_trevone_20260217_1602
-553912.325590254,6541270.142565225,-104.10992640000049,0.6365914786967418,2026-02-17 16:02:00+00:00,surfline_trevone_20260217_1602
-553912.69724958,6541269.85856437,-104.10992640000049,0.6390977443609023,2026-02-17 16:02:00+00:00,surfline_trevone_20260217_1602
-553913.4545797794,6541269.687168108,-104.10992640000049,0.6416040100250626,2026-02-17 16:02:00+00:00,surfline_trevone_20260217_1602
-553914.2119099197,6541269.515771788,-104.10992640000049,0.644110275689223,2026-02-17 16:02:00+00:00,surfline_trevone_20260217_1602
-553914.3983259344,6541269.177685293,-104.10992640000049,0.6466165413533834,2026-02-17 16:02:00+00:00,surfline_trevone_20260217_1602
-553914.2957877114,6541268.755232554,-104.10992640000049,0.6491228070175439,2026-02-17 16:02:00+00:00,surfline_trevone_20260217_1602
-553914.1932495225,6541268.332779783,-104.10992640000049,0.6516290726817042,2026-02-17 16:02:00+00:00,surfline_trevone_20260217_1602
-553912.9074807062,6541267.564858252,-104.10992640000049,0.6541353383458646,2026-02-17 16:02:00+00:00,surfline_trevone_20260217_1602
-553911.499357518,6541266.76121286,-104.10992640000049,0.656641604010025,2026-02-17 16:02:00+00:00,surfline_trevone_20260217_1602
-553911.521443965,6541266.375146886,-104.10992640000049,0.6591478696741855,2026-02-17 16:02:00+00:00,surfline_trevone_20260217_1602
-553910.8717235168,6541265.792932868,-104.10992640000049,0.6616541353383458,2026-02-17 16:02:00+00:00,surfline_trevone_20260217_1602
-553910.2431072956,6541265.216880712,-104.10992640000049,0.6641604010025062,2026-02-17 16:02:00+00:00,surfline_trevone_20260217_1602
-553910.6877513556,6541264.954189288,-104.10992640000049,0.6666666666666666,2026-02-17 16:02:00+00:00,surfline_trevone_20260217_1602
-553911.0151473371,6541264.657264767,-104.10992640000049,0.6691729323308271,2026-02-17 16:02:00+00:00,surfline_trevone_20260217_1602
-553911.036732616,6541264.271052424,-104.10992640000049,0.6716791979949874,2026-02-17 16:02:00+00:00,surfline_trevone_20260217_1602
-553910.9702333019,6541263.859121995,-104.10992640000049,0.6741854636591478,2026-02-17 16:02:00+00:00,surfline_trevone_20260217_1602
-553910.9037339573,6541263.4471916,-104.10992640000049,0.6766917293233082,2026-02-17 16:02:00+00:00,surfline_trevone_20260217_1602
-553911.17840178,6541263.134872014,-104.10992640000049,0.6791979949874687,2026-02-17 16:02:00+00:00,surfline_trevone_20260217_1602
-553911.541836662,6541262.848469776,-104.10992640000049,0.681704260651629,2026-02-17 16:02:00+00:00,surfline_trevone_20260217_1602
-553911.8863314731,6541262.556537633,-104.10992640000049,0.6842105263157894,2026-02-17 16:02:00+00:00,surfline_trevone_20260217_1602
-553910.6377367005,6541261.799469882,-104.10992640000049,0.6867167919799498,2026-02-17 16:02:00+00:00,surfline_trevone_20260217_1602
-553910.5712373856,6541261.387539452,-104.10992640000049,0.6892230576441103,2026-02-17 16:02:00+00:00,surfline_trevone_20260217_1602
-553910.6815506595,6541261.027233092,-104.10992640000049,0.6917293233082706,2026-02-17 16:02:00+00:00,surfline_trevone_20260217_1602
-553911.0449855557,6541260.740830902,-104.10992640000049,0.694235588972431,2026-02-17 16:02:00+00:00,surfline_trevone_20260217_1602
-553911.4084204667,6541260.454428759,-104.10992640000049,0.6967418546365914,2026-02-17 16:02:00+00:00,surfline_trevone_20260217_1602
-553911.4789450836,6541260.0825053165,-104.10992640000049,0.6992481203007519,2026-02-17 16:02:00+00:00,surfline_trevone_20260217_1602
-553911.3997670655,6541259.666873032,-104.10992640000049,0.7017543859649122,2026-02-17 16:02:00+00:00,surfline_trevone_20260217_1602
-553911.320588983,6541259.251240816,-104.10992640000049,0.7042606516290726,2026-02-17 16:02:00+00:00,surfline_trevone_20260217_1602
-553911.2414109322,6541258.835608565,-104.10992640000049,0.706766917293233,2026-02-17 16:02:00+00:00,surfline_trevone_20260217_1602
-553911.162232914,6541258.41997628,-104.10992640000049,0.7092731829573935,2026-02-17 16:02:00+00:00,surfline_trevone_20260217_1602
-553911.0830548638,6541258.00434403,-104.10992640000049,0.7117794486215538,2026-02-17 16:02:00+00:00,surfline_trevone_20260217_1602
-553911.0038767813,6541257.588711815,-104.10992640000049,0.7142857142857142,2026-02-17 16:02:00+00:00,surfline_trevone_20260217_1602
-553910.9246987303,6541257.173079563,-104.10992640000049,0.7167919799498746,2026-02-17 16:02:00+00:00,surfline_trevone_20260217_1602
-553910.8455207124,6541256.757447279,-104.10992640000049,0.7192982456140351,2026-02-17 16:02:00+00:00,surfline_trevone_20260217_1602
-553910.7663426623,6541256.341815028,-104.10992640000049,0.7218045112781954,2026-02-17 16:02:00+00:00,surfline_trevone_20260217_1602
-553910.6871645795,6541255.926182813,-104.10992640000049,0.7243107769423558,2026-02-17 16:02:00+00:00,surfline_trevone_20260217_1602
-553910.6079865287,6541255.510550562,-104.10992640000049,0.7268170426065163,2026-02-17 16:02:00+00:00,surfline_trevone_20260217_1602
-553910.5288085109,6541255.094918277,-104.10992640000049,0.7293233082706767,2026-02-17 16:02:00+00:00,surfline_trevone_20260217_1602
-553910.4496304607,6541254.679286027,-104.10992640000049,0.731829573934837,2026-02-17 16:02:00+00:00,surfline_trevone_20260217_1602
-553910.3704523636,6541254.263653827,-104.10992640000049,0.7343358395989974,2026-02-17 16:02:00+00:00,surfline_trevone_20260217_1602
-553910.2912743266,6541253.84802156,-104.10992640000049,0.7368421052631579,2026-02-17 16:02:00+00:00,surfline_trevone_20260217_1602
-553910.2120963093,6541253.432389275,-104.10992640000049,0.7393483709273183,2026-02-17 16:02:00+00:00,surfline_trevone_20260217_1602
-553910.1329182589,6541253.016757025,-104.10992640000049,0.7418546365914787,2026-02-17 16:02:00+00:00,surfline_trevone_20260217_1602
-553910.0537401759,6541252.60112481,-104.10992640000049,0.744360902255639,2026-02-17 16:02:00+00:00,surfline_trevone_20260217_1602
-553909.9745621248,6541252.185492559,-104.10992640000049,0.7468671679197995,2026-02-17 16:02:00+00:00,surfline_trevone_20260217_1602
-553909.8953841077,6541251.769860274,-104.10992640000049,0.7493734335839599,2026-02-17 16:02:00+00:00,surfline_trevone_20260217_1602
-553909.8162060573,6541251.354228023,-104.10992640000049,0.7518796992481203,2026-02-17 16:02:00+00:00,surfline_trevone_20260217_1602
-553909.7370279741,6541250.938595809,-104.10992640000049,0.7543859649122806,2026-02-17 16:02:00+00:00,surfline_trevone_20260217_1602
-553909.657849923,6541250.522963557,-104.10992640000049,0.7568922305764411,2026-02-17 16:02:00+00:00,surfline_trevone_20260217_1602
-553909.5786719061,6541250.107331272,-104.10992640000049,0.7593984962406015,2026-02-17 16:02:00+00:00,surfline_trevone_20260217_1602
-553909.480824647,6541249.686248158,-104.10992640000049,0.7619047619047619,2026-02-17 16:02:00+00:00,surfline_trevone_20260217_1602
-553909.480824647,6541249.686248158,-104.10992640000049,0.7644110275689222,2026-02-17 16:02:00+00:00,surfline_trevone_20260217_1602
-553909.480824647,6541249.686248158,-104.10992640000049,0.7669172932330827,2026-02-17 16:02:00+00:00,surfline_trevone_20260217_1602
-553909.480824647,6541249.686248158,-104.10992640000049,0.7694235588972431,2026-02-17 16:02:00+00:00,surfline_trevone_20260217_1602
-553909.480824647,6541249.686248158,-104.10992640000049,0.7719298245614035,2026-02-17 16:02:00+00:00,surfline_trevone_20260217_1602
-553909.480824647,6541249.686248158,-104.10992640000049,0.7744360902255638,2026-02-17 16:02:00+00:00,surfline_trevone_20260217_1602
-553909.480824647,6541249.686248158,-104.10992640000049,0.7769423558897243,2026-02-17 16:02:00+00:00,surfline_trevone_20260217_1602
-553909.480824647,6541249.686248158,-104.10992640000049,0.7794486215538847,2026-02-17 16:02:00+00:00,surfline_trevone_20260217_1602
-553909.480824647,6541249.686248158,-104.10992640000049,0.7819548872180451,2026-02-17 16:02:00+00:00,surfline_trevone_20260217_1602
-553909.480824647,6541249.686248158,-104.10992640000049,0.7844611528822054,2026-02-17 16:02:00+00:00,surfline_trevone_20260217_1602
-553909.480824647,6541249.686248158,-104.10992640000049,0.7869674185463659,2026-02-17 16:02:00+00:00,surfline_trevone_20260217_1602
-553909.480824647,6541249.686248158,-104.10992640000049,0.7894736842105263,2026-02-17 16:02:00+00:00,surfline_trevone_20260217_1602
-553909.480824647,6541249.686248158,-104.10992640000049,0.7919799498746867,2026-02-17 16:02:00+00:00,surfline_trevone_20260217_1602
-553909.480824647,6541249.686248158,-104.10992640000049,0.794486215538847,2026-02-17 16:02:00+00:00,surfline_trevone_20260217_1602
-553909.480824647,6541249.686248158,-104.10992640000049,0.7969924812030075,2026-02-17 16:02:00+00:00,surfline_trevone_20260217_1602
-553909.480824647,6541249.686248158,-104.10992640000049,0.7994987468671679,2026-02-17 16:02:00+00:00,surfline_trevone_20260217_1602
-553909.480824647,6541249.686248158,-104.10992640000049,0.8020050125313283,2026-02-17 16:02:00+00:00,surfline_trevone_20260217_1602
-553909.480824647,6541249.686248158,-104.10992640000049,0.8045112781954886,2026-02-17 16:02:00+00:00,surfline_trevone_20260217_1602
-553909.480824647,6541249.686248158,-104.10992640000049,0.8070175438596491,2026-02-17 16:02:00+00:00,surfline_trevone_20260217_1602
-553909.480824647,6541249.686248158,-104.10992640000049,0.8095238095238095,2026-02-17 16:02:00+00:00,surfline_trevone_20260217_1602
-553909.480824647,6541249.686248158,-104.10992640000049,0.8120300751879699,2026-02-17 16:02:00+00:00,surfline_trevone_20260217_1602
-553909.480824647,6541249.686248158,-104.10992640000049,0.8145363408521302,2026-02-17 16:02:00+00:00,surfline_trevone_20260217_1602
-553909.480824647,6541249.686248158,-104.10992640000049,0.8170426065162907,2026-02-17 16:02:00+00:00,surfline_trevone_20260217_1602
-553909.480824647,6541249.686248158,-104.10992640000049,0.8195488721804511,2026-02-17 16:02:00+00:00,surfline_trevone_20260217_1602
-553909.480824647,6541249.686248158,-104.10992640000049,0.8220551378446115,2026-02-17 16:02:00+00:00,surfline_trevone_20260217_1602
-553909.480824647,6541249.686248158,-104.10992640000049,0.8245614035087718,2026-02-17 16:02:00+00:00,surfline_trevone_20260217_1602
-553909.480824647,6541249.686248158,-104.10992640000049,0.8270676691729323,2026-02-17 16:02:00+00:00,surfline_trevone_20260217_1602
-553909.480824647,6541249.686248158,-104.10992640000049,0.8295739348370927,2026-02-17 16:02:00+00:00,surfline_trevone_20260217_1602
-553909.480824647,6541249.686248158,-104.10992640000049,0.8320802005012531,2026-02-17 16:02:00+00:00,surfline_trevone_20260217_1602
-553909.480824647,6541249.686248158,-104.10992640000049,0.8345864661654134,2026-02-17 16:02:00+00:00,surfline_trevone_20260217_1602
-553909.480824647,6541249.686248158,-104.10992640000049,0.8370927318295739,2026-02-17 16:02:00+00:00,surfline_trevone_20260217_1602
-553909.480824647,6541249.686248158,-104.10992640000049,0.8395989974937343,2026-02-17 16:02:00+00:00,surfline_trevone_20260217_1602
-553909.480824647,6541249.686248158,-104.10992640000049,0.8421052631578947,2026-02-17 16:02:00+00:00,surfline_trevone_20260217_1602
-553909.480824647,6541249.686248158,-104.10992640000049,0.844611528822055,2026-02-17 16:02:00+00:00,surfline_trevone_20260217_1602
-553909.480824647,6541249.686248158,-104.10992640000049,0.8471177944862155,2026-02-17 16:02:00+00:00,surfline_trevone_20260217_1602
-553909.480824647,6541249.686248158,-104.10992640000049,0.849624060150376,2026-02-17 16:02:00+00:00,surfline_trevone_20260217_1602
-553909.480824647,6541249.686248158,-104.10992640000049,0.8521303258145363,2026-02-17 16:02:00+00:00,surfline_trevone_20260217_1602
-553909.480824647,6541249.686248158,-104.10992640000049,0.8546365914786966,2026-02-17 16:02:00+00:00,surfline_trevone_20260217_1602
-553909.480824647,6541249.686248158,-104.10992640000049,0.8571428571428571,2026-02-17 16:02:00+00:00,surfline_trevone_20260217_1602
-553909.480824647,6541249.686248158,-104.10992640000049,0.8596491228070176,2026-02-17 16:02:00+00:00,surfline_trevone_20260217_1602
-553909.480824647,6541249.686248158,-104.10992640000049,0.8621553884711779,2026-02-17 16:02:00+00:00,surfline_trevone_20260217_1602
-553909.480824647,6541249.686248158,-104.10992640000049,0.8646616541353382,2026-02-17 16:02:00+00:00,surfline_trevone_20260217_1602
-553909.480824647,6541249.686248158,-104.10992640000049,0.8671679197994987,2026-02-17 16:02:00+00:00,surfline_trevone_20260217_1602
-553909.480824647,6541249.686248158,-104.10992640000049,0.8696741854636592,2026-02-17 16:02:00+00:00,surfline_trevone_20260217_1602
-553909.480824647,6541249.686248158,-104.10992640000049,0.8721804511278195,2026-02-17 16:02:00+00:00,surfline_trevone_20260217_1602
-553909.480824647,6541249.686248158,-104.10992640000049,0.8746867167919798,2026-02-17 16:02:00+00:00,surfline_trevone_20260217_1602
-553909.480824647,6541249.686248158,-104.10992640000049,0.8771929824561403,2026-02-17 16:02:00+00:00,surfline_trevone_20260217_1602
-553909.480824647,6541249.686248158,-104.10992640000049,0.8796992481203008,2026-02-17 16:02:00+00:00,surfline_trevone_20260217_1602
-553909.480824647,6541249.686248158,-104.10992640000049,0.8822055137844611,2026-02-17 16:02:00+00:00,surfline_trevone_20260217_1602
-553909.480824647,6541249.686248158,-104.10992640000049,0.8847117794486214,2026-02-17 16:02:00+00:00,surfline_trevone_20260217_1602
-553909.480824647,6541249.686248158,-104.10992640000049,0.8872180451127819,2026-02-17 16:02:00+00:00,surfline_trevone_20260217_1602
-553909.480824647,6541249.686248158,-104.10992640000049,0.8897243107769424,2026-02-17 16:02:00+00:00,surfline_trevone_20260217_1602
-553909.480824647,6541249.686248158,-104.10992640000049,0.8922305764411027,2026-02-17 16:02:00+00:00,surfline_trevone_20260217_1602
-553909.480824647,6541249.686248158,-104.10992640000049,0.894736842105263,2026-02-17 16:02:00+00:00,surfline_trevone_20260217_1602
-553909.480824647,6541249.686248158,-104.10992640000049,0.8972431077694235,2026-02-17 16:02:00+00:00,surfline_trevone_20260217_1602
-553909.480824647,6541249.686248158,-104.10992640000049,0.899749373433584,2026-02-17 16:02:00+00:00,surfline_trevone_20260217_1602
-553909.480824647,6541249.686248158,-104.10992640000049,0.9022556390977443,2026-02-17 16:02:00+00:00,surfline_trevone_20260217_1602
-553909.480824647,6541249.686248158,-104.10992640000049,0.9047619047619047,2026-02-17 16:02:00+00:00,surfline_trevone_20260217_1602
-553909.480824647,6541249.686248158,-104.10992640000049,0.9072681704260651,2026-02-17 16:02:00+00:00,surfline_trevone_20260217_1602
-553909.480824647,6541249.686248158,-104.10992640000049,0.9097744360902256,2026-02-17 16:02:00+00:00,surfline_trevone_20260217_1602
-553909.480824647,6541249.686248158,-104.10992640000049,0.9122807017543859,2026-02-17 16:02:00+00:00,surfline_trevone_20260217_1602
-553909.480824647,6541249.686248158,-104.10992640000049,0.9147869674185463,2026-02-17 16:02:00+00:00,surfline_trevone_20260217_1602
-553909.480824647,6541249.686248158,-104.10992640000049,0.9172932330827067,2026-02-17 16:02:00+00:00,surfline_trevone_20260217_1602
-553909.480824647,6541249.686248158,-104.10992640000049,0.9197994987468672,2026-02-17 16:02:00+00:00,surfline_trevone_20260217_1602
-553909.480824647,6541249.686248158,-104.10992640000049,0.9223057644110275,2026-02-17 16:02:00+00:00,surfline_trevone_20260217_1602
-553909.480824647,6541249.686248158,-104.10992640000049,0.9248120300751879,2026-02-17 16:02:00+00:00,surfline_trevone_20260217_1602
-553909.480824647,6541249.686248158,-104.10992640000049,0.9273182957393483,2026-02-17 16:02:00+00:00,surfline_trevone_20260217_1602
-553909.480824647,6541249.686248158,-104.10992640000049,0.9298245614035088,2026-02-17 16:02:00+00:00,surfline_trevone_20260217_1602
-553909.480824647,6541249.686248158,-104.10992640000049,0.9323308270676691,2026-02-17 16:02:00+00:00,surfline_trevone_20260217_1602
-553909.480824647,6541249.686248158,-104.10992640000049,0.9348370927318295,2026-02-17 16:02:00+00:00,surfline_trevone_20260217_1602
-553909.480824647,6541249.686248158,-104.10992640000049,0.9373433583959899,2026-02-17 16:02:00+00:00,surfline_trevone_20260217_1602
-553909.480824647,6541249.686248158,-104.10992640000049,0.9398496240601504,2026-02-17 16:02:00+00:00,surfline_trevone_20260217_1602
-553909.480824647,6541249.686248158,-104.10992640000049,0.9423558897243107,2026-02-17 16:02:00+00:00,surfline_trevone_20260217_1602
-553909.480824647,6541249.686248158,-104.10992640000049,0.9448621553884711,2026-02-17 16:02:00+00:00,surfline_trevone_20260217_1602
-553909.480824647,6541249.686248158,-104.10992640000049,0.9473684210526315,2026-02-17 16:02:00+00:00,surfline_trevone_20260217_1602
-553909.480824647,6541249.686248158,-104.10992640000049,0.949874686716792,2026-02-17 16:02:00+00:00,surfline_trevone_20260217_1602
-553909.480824647,6541249.686248158,-104.10992640000049,0.9523809523809523,2026-02-17 16:02:00+00:00,surfline_trevone_20260217_1602
-553909.480824647,6541249.686248158,-104.10992640000049,0.9548872180451127,2026-02-17 16:02:00+00:00,surfline_trevone_20260217_1602
-553909.480824647,6541249.686248158,-104.10992640000049,0.9573934837092731,2026-02-17 16:02:00+00:00,surfline_trevone_20260217_1602
-553909.480824647,6541249.686248158,-104.10992640000049,0.9598997493734336,2026-02-17 16:02:00+00:00,surfline_trevone_20260217_1602
-553909.480824647,6541249.686248158,-104.10992640000049,0.9624060150375939,2026-02-17 16:02:00+00:00,surfline_trevone_20260217_1602
-553909.480824647,6541249.686248158,-104.10992640000049,0.9649122807017543,2026-02-17 16:02:00+00:00,surfline_trevone_20260217_1602
-553909.480824647,6541249.686248158,-104.10992640000049,0.9674185463659147,2026-02-17 16:02:00+00:00,surfline_trevone_20260217_1602
-553909.480824647,6541249.686248158,-104.10992640000049,0.9699248120300752,2026-02-17 16:02:00+00:00,surfline_trevone_20260217_1602
-553909.480824647,6541249.686248158,-104.10992640000049,0.9724310776942355,2026-02-17 16:02:00+00:00,surfline_trevone_20260217_1602
-553909.480824647,6541249.686248158,-104.10992640000049,0.9749373433583959,2026-02-17 16:02:00+00:00,surfline_trevone_20260217_1602
-553909.480824647,6541249.686248158,-104.10992640000049,0.9774436090225563,2026-02-17 16:02:00+00:00,surfline_trevone_20260217_1602
-553909.480824647,6541249.686248158,-104.10992640000049,0.9799498746867168,2026-02-17 16:02:00+00:00,surfline_trevone_20260217_1602
-553909.480824647,6541249.686248158,-104.10992640000049,0.9824561403508771,2026-02-17 16:02:00+00:00,surfline_trevone_20260217_1602
-553909.480824647,6541249.686248158,-104.10992640000049,0.9849624060150375,2026-02-17 16:02:00+00:00,surfline_trevone_20260217_1602
-553909.480824647,6541249.686248158,-104.10992640000049,0.9874686716791979,2026-02-17 16:02:00+00:00,surfline_trevone_20260217_1602
-553909.480824647,6541249.686248158,-104.10992640000049,0.9899749373433584,2026-02-17 16:02:00+00:00,surfline_trevone_20260217_1602
-553909.480824647,6541249.686248158,-104.10992640000049,0.9924812030075187,2026-02-17 16:02:00+00:00,surfline_trevone_20260217_1602
-553909.480824647,6541249.686248158,-104.10992640000049,0.9949874686716791,2026-02-17 16:02:00+00:00,surfline_trevone_20260217_1602
-553909.480824647,6541249.686248158,-104.10992640000049,0.9974937343358395,2026-02-17 16:02:00+00:00,surfline_trevone_20260217_1602
-553909.480824647,6541249.686248158,-104.10992640000049,1.0,2026-02-17 16:02:00+00:00,surfline_trevone_20260217_1602
-553946.0442998686,6541371.050824621,-104.17576320000049,0.0,2026-02-17 16:20:00+00:00,surfline_trevone_20260217_1620
-553946.0442998686,6541371.050824621,-104.17576320000049,0.002506265664160401,2026-02-17 16:20:00+00:00,surfline_trevone_20260217_1620
-553946.0442998686,6541371.050824621,-104.17576320000049,0.005012531328320802,2026-02-17 16:20:00+00:00,surfline_trevone_20260217_1620
-553946.0442998686,6541371.050824621,-104.17576320000049,0.007518796992481203,2026-02-17 16:20:00+00:00,surfline_trevone_20260217_1620
-553946.0442998686,6541371.050824621,-104.17576320000049,0.010025062656641603,2026-02-17 16:20:00+00:00,surfline_trevone_20260217_1620
-553946.0442998686,6541371.050824621,-104.17576320000049,0.012531328320802004,2026-02-17 16:20:00+00:00,surfline_trevone_20260217_1620
-553946.0442998686,6541371.050824621,-104.17576320000049,0.015037593984962405,2026-02-17 16:20:00+00:00,surfline_trevone_20260217_1620
-553946.0442998686,6541371.050824621,-104.17576320000049,0.017543859649122806,2026-02-17 16:20:00+00:00,surfline_trevone_20260217_1620
-553946.0442998686,6541371.050824621,-104.17576320000049,0.020050125313283207,2026-02-17 16:20:00+00:00,surfline_trevone_20260217_1620
-553946.0442998686,6541371.050824621,-104.17576320000049,0.022556390977443608,2026-02-17 16:20:00+00:00,surfline_trevone_20260217_1620
-553946.0442998686,6541371.050824621,-104.17576320000049,0.02506265664160401,2026-02-17 16:20:00+00:00,surfline_trevone_20260217_1620
-553946.0442998686,6541371.050824621,-104.17576320000049,0.02756892230576441,2026-02-17 16:20:00+00:00,surfline_trevone_20260217_1620
-553946.0442998686,6541371.050824621,-104.17576320000049,0.03007518796992481,2026-02-17 16:20:00+00:00,surfline_trevone_20260217_1620
-553946.0442998686,6541371.050824621,-104.17576320000049,0.03258145363408521,2026-02-17 16:20:00+00:00,surfline_trevone_20260217_1620
-553946.0442998686,6541371.050824621,-104.17576320000049,0.03508771929824561,2026-02-17 16:20:00+00:00,surfline_trevone_20260217_1620
-553946.0442998686,6541371.050824621,-104.17576320000049,0.03759398496240601,2026-02-17 16:20:00+00:00,surfline_trevone_20260217_1620
-553946.0442998686,6541371.050824621,-104.17576320000049,0.040100250626566414,2026-02-17 16:20:00+00:00,surfline_trevone_20260217_1620
-553946.0442998686,6541371.050824621,-104.17576320000049,0.042606516290726815,2026-02-17 16:20:00+00:00,surfline_trevone_20260217_1620
-553946.0442998686,6541371.050824621,-104.17576320000049,0.045112781954887216,2026-02-17 16:20:00+00:00,surfline_trevone_20260217_1620
-553946.0442998686,6541371.050824621,-104.17576320000049,0.047619047619047616,2026-02-17 16:20:00+00:00,surfline_trevone_20260217_1620
-553946.0442998686,6541371.050824621,-104.17576320000049,0.05012531328320802,2026-02-17 16:20:00+00:00,surfline_trevone_20260217_1620
-553946.0442998686,6541371.050824621,-104.17576320000049,0.05263157894736842,2026-02-17 16:20:00+00:00,surfline_trevone_20260217_1620
-553946.0442998686,6541371.050824621,-104.17576320000049,0.05513784461152882,2026-02-17 16:20:00+00:00,surfline_trevone_20260217_1620
-553946.689135397,6541370.846583179,-104.17576320000049,0.05764411027568922,2026-02-17 16:20:00+00:00,surfline_trevone_20260217_1620
-553946.666937983,6541370.447587632,-104.17576320000049,0.06015037593984962,2026-02-17 16:20:00+00:00,surfline_trevone_20260217_1620
-553946.56439976,6541370.025134892,-104.17576320000049,0.06265664160401002,2026-02-17 16:20:00+00:00,surfline_trevone_20260217_1620
-553946.4618615541,6541369.602682138,-104.17576320000049,0.06516290726817042,2026-02-17 16:20:00+00:00,surfline_trevone_20260217_1620
-553946.3593233246,6541369.180229407,-104.17576320000049,0.06766917293233082,2026-02-17 16:20:00+00:00,surfline_trevone_20260217_1620
-553946.256785093,6541368.757776677,-104.17576320000049,0.07017543859649122,2026-02-17 16:20:00+00:00,surfline_trevone_20260217_1620
-553946.1542468701,6541368.335323937,-104.17576320000049,0.07268170426065163,2026-02-17 16:20:00+00:00,surfline_trevone_20260217_1620
-553946.0517086642,6541367.912871183,-104.17576320000049,0.07518796992481203,2026-02-17 16:20:00+00:00,surfline_trevone_20260217_1620
-553945.9491704421,6541367.490418445,-104.17576320000049,0.07769423558897243,2026-02-17 16:20:00+00:00,surfline_trevone_20260217_1620
-553945.9718254496,6541367.104518496,-104.17576320000049,0.08020050125313283,2026-02-17 16:20:00+00:00,surfline_trevone_20260217_1620
-553946.6615134297,6541366.913372681,-104.17576320000049,0.08270676691729323,2026-02-17 16:20:00+00:00,surfline_trevone_20260217_1620
-553947.4188435995,6541366.74197639,-104.17576320000049,0.08521303258145363,2026-02-17 16:20:00+00:00,surfline_trevone_20260217_1620
-553947.9032084085,6541366.490882204,-104.17576320000049,0.08771929824561403,2026-02-17 16:20:00+00:00,surfline_trevone_20260217_1620
-553947.80067017,6541366.06842948,-104.17576320000049,0.09022556390977443,2026-02-17 16:20:00+00:00,surfline_trevone_20260217_1620
-553947.6981319472,6541365.645976741,-104.17576320000049,0.09273182957393483,2026-02-17 16:20:00+00:00,surfline_trevone_20260217_1620
-553947.5955937412,6541365.223523987,-104.17576320000049,0.09523809523809523,2026-02-17 16:20:00+00:00,surfline_trevone_20260217_1620
-553947.4930555192,6541364.801071249,-104.17576320000049,0.09774436090225563,2026-02-17 16:20:00+00:00,surfline_trevone_20260217_1620
-553947.6518986613,6541364.454934259,-104.17576320000049,0.10025062656641603,2026-02-17 16:20:00+00:00,surfline_trevone_20260217_1620
-553947.9792946498,6541364.158009758,-104.17576320000049,0.10275689223057644,2026-02-17 16:20:00+00:00,surfline_trevone_20260217_1620
-553947.1854408521,6541363.5337130325,-104.17576320000049,0.10526315789473684,2026-02-17 16:20:00+00:00,surfline_trevone_20260217_1620
-553947.08290263,6541363.111260294,-104.17576320000049,0.10776942355889724,2026-02-17 16:20:00+00:00,surfline_trevone_20260217_1620
-553946.980364391,6541362.688807572,-104.17576320000049,0.11027568922305764,2026-02-17 16:20:00+00:00,surfline_trevone_20260217_1620
-553947.4575507921,6541362.435617499,-104.17576320000049,0.11278195488721804,2026-02-17 16:20:00+00:00,surfline_trevone_20260217_1620
-553948.2148809617,6541362.264221208,-104.17576320000049,0.11528822055137844,2026-02-17 16:20:00+00:00,surfline_trevone_20260217_1620
-553948.9722111888,6541362.092824976,-104.17576320000049,0.11779448621553884,2026-02-17 16:20:00+00:00,surfline_trevone_20260217_1620
-553945.3881160723,6541360.65385926,-104.17576320000049,0.12030075187969924,2026-02-17 16:20:00+00:00,surfline_trevone_20260217_1620
-553945.5847404416,6541360.318753243,-104.17576320000049,0.12280701754385964,2026-02-17 16:20:00+00:00,surfline_trevone_20260217_1620
-553945.9121364297,6541360.021828744,-104.17576320000049,0.12531328320802004,2026-02-17 16:20:00+00:00,surfline_trevone_20260217_1620
-553946.2395324245,6541359.724904267,-104.17576320000049,0.12781954887218044,2026-02-17 16:20:00+00:00,surfline_trevone_20260217_1620
-553946.1600586106,6541359.309185661,-104.17576320000049,0.13032581453634084,2026-02-17 16:20:00+00:00,surfline_trevone_20260217_1620
-553945.930147067,6541358.84954361,-104.17576320000049,0.13283208020050125,2026-02-17 16:20:00+00:00,surfline_trevone_20260217_1620
-553943.59079132,6541357.774005462,-104.17576320000049,0.13533834586466165,2026-02-17 16:20:00+00:00,surfline_trevone_20260217_1620
-553942.485229002,6541357.058698982,-104.17576320000049,0.13784461152882205,2026-02-17 16:20:00+00:00,surfline_trevone_20260217_1620
-553942.8126249904,6541356.761774481,-104.17576320000049,0.14035087719298245,2026-02-17 16:20:00+00:00,surfline_trevone_20260217_1620
-553943.2398660181,6541356.494001795,-104.17576320000049,0.14285714285714285,2026-02-17 16:20:00+00:00,surfline_trevone_20260217_1620
-553943.7104176941,6541356.238874577,-104.17576320000049,0.14536340852130325,2026-02-17 16:20:00+00:00,surfline_trevone_20260217_1620
-553944.0378136894,6541355.941950102,-104.17576320000049,0.14786967418546365,2026-02-17 16:20:00+00:00,surfline_trevone_20260217_1620
-553944.1576574028,6541355.584426396,-104.17576320000049,0.15037593984962405,2026-02-17 16:20:00+00:00,surfline_trevone_20260217_1620
-553944.1140992614,6541355.1791940965,-104.17576320000049,0.15288220551378445,2026-02-17 16:20:00+00:00,surfline_trevone_20260217_1620
-553944.4414952496,6541354.882269597,-104.17576320000049,0.15538847117794485,2026-02-17 16:20:00+00:00,surfline_trevone_20260217_1620
-553944.7688912448,6541354.585345122,-104.17576320000049,0.15789473684210525,2026-02-17 16:20:00+00:00,surfline_trevone_20260217_1620
-553945.2891226991,6541354.344722947,-104.17576320000049,0.16040100250626566,2026-02-17 16:20:00+00:00,surfline_trevone_20260217_1620
-553945.6165186806,6541354.047798423,-104.17576320000049,0.16290726817042606,2026-02-17 16:20:00+00:00,surfline_trevone_20260217_1620
-553945.906618943,6541353.73998466,-104.17576320000049,0.16541353383458646,2026-02-17 16:20:00+00:00,surfline_trevone_20260217_1620
-553946.103557832,6541353.404970518,-104.17576320000049,0.16791979949874686,2026-02-17 16:20:00+00:00,surfline_trevone_20260217_1620
-553946.4309538205,6541353.108046018,-104.17576320000049,0.17042606516290726,2026-02-17 16:20:00+00:00,surfline_trevone_20260217_1620
-553946.7583498018,6541352.811121494,-104.17576320000049,0.17293233082706766,2026-02-17 16:20:00+00:00,surfline_trevone_20260217_1620
-553945.4964660356,6541352.050173723,-104.17576320000049,0.17543859649122806,2026-02-17 16:20:00+00:00,surfline_trevone_20260217_1620
-553945.6776225942,6541351.710551578,-104.17576320000049,0.17794486215538846,2026-02-17 16:20:00+00:00,surfline_trevone_20260217_1620
-553946.0050185755,6541351.413627054,-104.17576320000049,0.18045112781954886,2026-02-17 16:20:00+00:00,surfline_trevone_20260217_1620
-553946.3324145635,6541351.116702554,-104.17576320000049,0.18295739348370926,2026-02-17 16:20:00+00:00,surfline_trevone_20260217_1620
-553946.2684085739,6541350.705500125,-104.17576320000049,0.18546365914786966,2026-02-17 16:20:00+00:00,surfline_trevone_20260217_1620
-553946.1658703509,6541350.2830473855,-104.17576320000049,0.18796992481203006,2026-02-17 16:20:00+00:00,surfline_trevone_20260217_1620
-553946.0633321467,6541349.860594629,-104.17576320000049,0.19047619047619047,2026-02-17 16:20:00+00:00,surfline_trevone_20260217_1620
-553945.9607939245,6541349.438141891,-104.17576320000049,0.19298245614035087,2026-02-17 16:20:00+00:00,surfline_trevone_20260217_1620
-553945.8582556841,6541349.01568917,-104.17576320000049,0.19548872180451127,2026-02-17 16:20:00+00:00,surfline_trevone_20260217_1620
-553945.7557174534,6541348.593236438,-104.17576320000049,0.19799498746867167,2026-02-17 16:20:00+00:00,surfline_trevone_20260217_1620
-553944.9603126334,6541347.968486847,-104.17576320000049,0.20050125313283207,2026-02-17 16:20:00+00:00,surfline_trevone_20260217_1620
-553945.4104471402,6541347.707398412,-104.17576320000049,0.20300751879699247,2026-02-17 16:20:00+00:00,surfline_trevone_20260217_1620
-553946.0007755483,6541347.487242525,-104.17576320000049,0.20551378446115287,2026-02-17 16:20:00+00:00,surfline_trevone_20260217_1620
-553946.3281715368,6541347.190318025,-104.17576320000049,0.20802005012531327,2026-02-17 16:20:00+00:00,surfline_trevone_20260217_1620
-553946.4251217957,6541346.826110077,-104.17576320000049,0.21052631578947367,2026-02-17 16:20:00+00:00,surfline_trevone_20260217_1620
-553946.3225835736,6541346.403657339,-104.17576320000049,0.21303258145363407,2026-02-17 16:20:00+00:00,surfline_trevone_20260217_1620
-553946.2200453331,6541345.981204618,-104.17576320000049,0.21553884711779447,2026-02-17 16:20:00+00:00,surfline_trevone_20260217_1620
-553945.1308944362,6541345.270689779,-104.17576320000049,0.21804511278195488,2026-02-17 16:20:00+00:00,surfline_trevone_20260217_1620
-553945.4582904173,6541344.973765254,-104.17576320000049,0.22055137844611528,2026-02-17 16:20:00+00:00,surfline_trevone_20260217_1620
-553945.7856864057,6541344.676840754,-104.17576320000049,0.22305764411027568,2026-02-17 16:20:00+00:00,surfline_trevone_20260217_1620
-553945.8098924432,6541344.291393663,-104.17576320000049,0.22556390977443608,2026-02-17 16:20:00+00:00,surfline_trevone_20260217_1620
-553945.7073542206,6541343.868940923,-104.17576320000049,0.22807017543859648,2026-02-17 16:20:00+00:00,surfline_trevone_20260217_1620
-553945.6048160169,6541343.446488167,-104.17576320000049,0.23057644110275688,2026-02-17 16:20:00+00:00,surfline_trevone_20260217_1620
-553945.502277776,6541343.024035446,-104.17576320000049,0.23308270676691728,2026-02-17 16:20:00+00:00,surfline_trevone_20260217_1620
-553944.2176441248,6541342.256445351,-104.17576320000049,0.23558897243107768,2026-02-17 16:20:00+00:00,surfline_trevone_20260217_1620
-553944.1151059219,6541341.833992594,-104.17576320000049,0.23809523809523808,2026-02-17 16:20:00+00:00,surfline_trevone_20260217_1620
-553944.0125676997,6541341.411539855,-104.17576320000049,0.24060150375939848,2026-02-17 16:20:00+00:00,surfline_trevone_20260217_1620
-553943.9100294581,6541340.989087136,-104.17576320000049,0.24310776942355888,2026-02-17 16:20:00+00:00,surfline_trevone_20260217_1620
-553943.8074912351,6541340.566634396,-104.17576320000049,0.24561403508771928,2026-02-17 16:20:00+00:00,surfline_trevone_20260217_1620
-553943.7049530324,6541340.144181639,-104.17576320000049,0.24812030075187969,2026-02-17 16:20:00+00:00,surfline_trevone_20260217_1620
-553943.6024148102,6541339.721728901,-104.17576320000049,0.2506265664160401,2026-02-17 16:20:00+00:00,surfline_trevone_20260217_1620
-553943.4998765686,6541339.2992761815,-104.17576320000049,0.2531328320802005,2026-02-17 16:20:00+00:00,surfline_trevone_20260217_1620
-553943.3973383454,6541338.876823442,-104.17576320000049,0.2556390977443609,2026-02-17 16:20:00+00:00,surfline_trevone_20260217_1620
-553943.294800143,6541338.454370685,-104.17576320000049,0.2581453634085213,2026-02-17 16:20:00+00:00,surfline_trevone_20260217_1620
-553943.1922619207,6541338.031917946,-104.17576320000049,0.2606516290726817,2026-02-17 16:20:00+00:00,surfline_trevone_20260217_1620
-553941.5750844076,6541337.167234777,-104.17576320000049,0.2631578947368421,2026-02-17 16:20:00+00:00,surfline_trevone_20260217_1620
-553941.8050900182,6541336.841875139,-104.17576320000049,0.2656641604010025,2026-02-17 16:20:00+00:00,surfline_trevone_20260217_1620
-553940.5204563972,6541336.074285016,-104.17576320000049,0.2681704260651629,2026-02-17 16:20:00+00:00,surfline_trevone_20260217_1620
-553940.4179181753,6541335.651832278,-104.17576320000049,0.2706766917293233,2026-02-17 16:20:00+00:00,surfline_trevone_20260217_1620
-553940.3153799322,6541335.22937956,-104.17576320000049,0.2731829573934837,2026-02-17 16:20:00+00:00,surfline_trevone_20260217_1620
-553937.8486508528,6541334.116652107,-104.17576320000049,0.2756892230576441,2026-02-17 16:20:00+00:00,surfline_trevone_20260217_1620
-553935.5579583347,6541333.055322165,-104.17576320000049,0.2781954887218045,2026-02-17 16:20:00+00:00,surfline_trevone_20260217_1620
-553936.1056541399,6541332.8227187805,-104.17576320000049,0.2807017543859649,2026-02-17 16:20:00+00:00,surfline_trevone_20260217_1620
-553936.8629843767,6541332.651322559,-104.17576320000049,0.2832080200501253,2026-02-17 16:20:00+00:00,surfline_trevone_20260217_1620
-553937.3365708039,6541332.3970813975,-104.17576320000049,0.2857142857142857,2026-02-17 16:20:00+00:00,surfline_trevone_20260217_1620
-553937.3359597627,6541332.004388393,-104.17576320000049,0.2882205513784461,2026-02-17 16:20:00+00:00,surfline_trevone_20260217_1620
-553937.2334215406,6541331.581935654,-104.17576320000049,0.2907268170426065,2026-02-17 16:20:00+00:00,surfline_trevone_20260217_1620
-553937.1617459748,6541331.168493939,-104.17576320000049,0.2932330827067669,2026-02-17 16:20:00+00:00,surfline_trevone_20260217_1620
-553937.757103387,6541330.949806351,-104.17576320000049,0.2957393483709273,2026-02-17 16:20:00+00:00,surfline_trevone_20260217_1620
-553938.5144335475,6541330.778410052,-104.17576320000049,0.2982456140350877,2026-02-17 16:20:00+00:00,surfline_trevone_20260217_1620
-553939.1331939015,6541330.566555467,-104.17576320000049,0.3007518796992481,2026-02-17 16:20:00+00:00,surfline_trevone_20260217_1620
-553939.0849212622,6541330.159946695,-104.17576320000049,0.3032581453634085,2026-02-17 16:20:00+00:00,surfline_trevone_20260217_1620
-553938.9823830618,6541329.737493936,-104.17576320000049,0.3057644110275689,2026-02-17 16:20:00+00:00,surfline_trevone_20260217_1620
-553938.8798448397,6541329.315041197,-104.17576320000049,0.3082706766917293,2026-02-17 16:20:00+00:00,surfline_trevone_20260217_1620
-553939.2157171287,6541329.020591557,-104.17576320000049,0.3107769423558897,2026-02-17 16:20:00+00:00,surfline_trevone_20260217_1620
-553939.9730473282,6541328.849195295,-104.17576320000049,0.3132832080200501,2026-02-17 16:20:00+00:00,surfline_trevone_20260217_1620
-553940.7303774897,6541328.677798996,-104.17576320000049,0.3157894736842105,2026-02-17 16:20:00+00:00,surfline_trevone_20260217_1620
-553940.8715420484,6541328.326500355,-104.17576320000049,0.3182957393483709,2026-02-17 16:20:00+00:00,surfline_trevone_20260217_1620
-553941.4736960602,6541328.109797204,-104.17576320000049,0.3208020050125313,2026-02-17 16:20:00+00:00,surfline_trevone_20260217_1620
-553942.2310262597,6541327.938400942,-104.17576320000049,0.3233082706766917,2026-02-17 16:20:00+00:00,surfline_trevone_20260217_1620
-553942.8429899755,6541327.724561885,-104.17576320000049,0.3258145363408521,2026-02-17 16:20:00+00:00,surfline_trevone_20260217_1620
-553942.7879207723,6541327.315968715,-104.17576320000049,0.3283208020050125,2026-02-17 16:20:00+00:00,surfline_trevone_20260217_1620
-553943.1121110284,6541327.01810826,-104.17576320000049,0.3308270676691729,2026-02-17 16:20:00+00:00,surfline_trevone_20260217_1620
-553943.5248278797,6541326.746094972,-104.17576320000049,0.3333333333333333,2026-02-17 16:20:00+00:00,surfline_trevone_20260217_1620
-553944.1776565624,6541326.544187282,-104.17576320000049,0.3358395989974937,2026-02-17 16:20:00+00:00,surfline_trevone_20260217_1620
-553944.5050525507,6541326.247262782,-104.17576320000049,0.3383458646616541,2026-02-17 16:20:00+00:00,surfline_trevone_20260217_1620
-553944.6394204962,6541325.893979754,-104.17576320000049,0.3408521303258145,2026-02-17 16:20:00+00:00,surfline_trevone_20260217_1620
-553944.7741736033,6541325.540809155,-104.17576320000049,0.3433583959899749,2026-02-17 16:20:00+00:00,surfline_trevone_20260217_1620
-553945.1015695839,6541325.243884629,-104.17576320000049,0.3458646616541353,2026-02-17 16:20:00+00:00,surfline_trevone_20260217_1620
-553945.4289655723,6541324.946960129,-104.17576320000049,0.3483709273182957,2026-02-17 16:20:00+00:00,surfline_trevone_20260217_1620
-553944.229267606,6541324.204168799,-104.17576320000049,0.3508771929824561,2026-02-17 16:20:00+00:00,surfline_trevone_20260217_1620
-553944.9554182797,6541324.023669026,-104.17576320000049,0.3533834586466165,2026-02-17 16:20:00+00:00,surfline_trevone_20260217_1620
-553945.7127484427,6541323.852272729,-104.17576320000049,0.3558897243107769,2026-02-17 16:20:00+00:00,surfline_trevone_20260217_1620
-553946.2858437953,6541323.627085296,-104.17576320000049,0.3583959899749373,2026-02-17 16:20:00+00:00,surfline_trevone_20260217_1620
-553946.1833055724,6541323.204632557,-104.17576320000049,0.3609022556390977,2026-02-17 16:20:00+00:00,surfline_trevone_20260217_1620
-553946.4542468075,6541322.891224892,-104.17576320000049,0.3634085213032581,2026-02-17 16:20:00+00:00,surfline_trevone_20260217_1620
-553946.8137145805,6541322.603664417,-104.17576320000049,0.3659147869674185,2026-02-17 16:20:00+00:00,surfline_trevone_20260217_1620
-553947.519792357,6541322.417303969,-104.17576320000049,0.3684210526315789,2026-02-17 16:20:00+00:00,surfline_trevone_20260217_1620
-553947.8471883452,6541322.120379468,-104.17576320000049,0.37092731829573933,2026-02-17 16:20:00+00:00,surfline_trevone_20260217_1620
-553948.0348053371,6541321.7826435575,-104.17576320000049,0.37343358395989973,2026-02-17 16:20:00+00:00,surfline_trevone_20260217_1620
-553947.9322671146,6541321.360190819,-104.17576320000049,0.37593984962406013,2026-02-17 16:20:00+00:00,surfline_trevone_20260217_1620
-553948.2508699127,6541321.060698989,-104.17576320000049,0.37844611528822053,2026-02-17 16:20:00+00:00,surfline_trevone_20260217_1620
-553948.5782659008,6541320.763774488,-104.17576320000049,0.38095238095238093,2026-02-17 16:20:00+00:00,surfline_trevone_20260217_1620
-553947.6246524475,6541320.092832603,-104.17576320000049,0.38345864661654133,2026-02-17 16:20:00+00:00,surfline_trevone_20260217_1620
-553947.5221142254,6541319.670379864,-104.17576320000049,0.38596491228070173,2026-02-17 16:20:00+00:00,surfline_trevone_20260217_1620
-553947.8249346747,6541319.36628005,-104.17576320000049,0.38847117794486213,2026-02-17 16:20:00+00:00,surfline_trevone_20260217_1620
-553948.1523306628,6541319.069355549,-104.17576320000049,0.39097744360902253,2026-02-17 16:20:00+00:00,surfline_trevone_20260217_1620
-553948.3965949862,6541318.748159004,-104.17576320000049,0.39348370927318294,2026-02-17 16:20:00+00:00,surfline_trevone_20260217_1620
-553948.2940567639,6541318.325706267,-104.17576320000049,0.39598997493734334,2026-02-17 16:20:00+00:00,surfline_trevone_20260217_1620
-553948.1915185216,6541317.903253547,-104.17576320000049,0.39849624060150374,2026-02-17 16:20:00+00:00,surfline_trevone_20260217_1620
-553948.0889802899,6541317.480800816,-104.17576320000049,0.40100250626566414,2026-02-17 16:20:00+00:00,surfline_trevone_20260217_1620
-553948.0537914062,6541317.078012083,-104.17576320000049,0.40350877192982454,2026-02-17 16:20:00+00:00,surfline_trevone_20260217_1620
-553948.3811873946,6541316.781087583,-104.17576320000049,0.40601503759398494,2026-02-17 16:20:00+00:00,surfline_trevone_20260217_1620
-553948.7085833893,6541316.48416311,-104.17576320000049,0.40852130325814534,2026-02-17 16:20:00+00:00,surfline_trevone_20260217_1620
-553948.8933091812,6541316.145583076,-104.17576320000049,0.41102756892230574,2026-02-17 16:20:00+00:00,surfline_trevone_20260217_1620
-553948.2830121604,6541315.574879566,-104.17576320000049,0.41353383458646614,2026-02-17 16:20:00+00:00,surfline_trevone_20260217_1620
-553949.0403423939,6541315.4034833405,-104.17576320000049,0.41604010025062654,2026-02-17 16:20:00+00:00,surfline_trevone_20260217_1620
-553949.6575790454,6541315.191183852,-104.17576320000049,0.41854636591478694,2026-02-17 16:20:00+00:00,surfline_trevone_20260217_1620
-553949.6328653956,6541314.7914535925,-104.17576320000049,0.42105263157894735,2026-02-17 16:20:00+00:00,surfline_trevone_20260217_1620
-553949.5303271735,6541314.369000854,-104.17576320000049,0.42355889724310775,2026-02-17 16:20:00+00:00,surfline_trevone_20260217_1620
-553949.4277889314,6541313.946548135,-104.17576320000049,0.42606516290726815,2026-02-17 16:20:00+00:00,surfline_trevone_20260217_1620
-553949.3252507084,6541313.524095396,-104.17576320000049,0.42857142857142855,2026-02-17 16:20:00+00:00,surfline_trevone_20260217_1620
-553949.2227125064,6541313.1016426375,-104.17576320000049,0.43107769423558895,2026-02-17 16:20:00+00:00,surfline_trevone_20260217_1620
-553949.1201742841,6541312.679189899,-104.17576320000049,0.43358395989974935,2026-02-17 16:20:00+00:00,surfline_trevone_20260217_1620
-553949.2496544435,6541312.32447978,-104.17576320000049,0.43609022556390975,2026-02-17 16:20:00+00:00,surfline_trevone_20260217_1620
-553949.878414748,6541312.115544862,-104.17576320000049,0.43859649122807015,2026-02-17 16:20:00+00:00,surfline_trevone_20260217_1620
-553950.635744912,6541311.944148566,-104.17576320000049,0.44110275689223055,2026-02-17 16:20:00+00:00,surfline_trevone_20260217_1620
-553951.0533495316,6541311.673562353,-104.17576320000049,0.44360902255639095,2026-02-17 16:20:00+00:00,surfline_trevone_20260217_1620
-553950.9716740085,6541311.257200939,-104.17576320000049,0.44611528822055135,2026-02-17 16:20:00+00:00,surfline_trevone_20260217_1620
-553950.8691357854,6541310.834748199,-104.17576320000049,0.44862155388471175,2026-02-17 16:20:00+00:00,surfline_trevone_20260217_1620
-553948.4024067271,6541309.722020728,-104.17576320000049,0.45112781954887216,2026-02-17 16:20:00+00:00,surfline_trevone_20260217_1620
-553943.5714867931,6541307.919018563,-104.17576320000049,0.45363408521303256,2026-02-17 16:20:00+00:00,surfline_trevone_20260217_1620
-553941.4055419363,6541306.894111351,-104.17576320000049,0.45614035087719296,2026-02-17 16:20:00+00:00,surfline_trevone_20260217_1620
-553941.7329379244,6541306.59718685,-104.17576320000049,0.45864661654135336,2026-02-17 16:20:00+00:00,surfline_trevone_20260217_1620
-553942.4245620425,6541306.406606304,-104.17576320000049,0.46115288220551376,2026-02-17 16:20:00+00:00,surfline_trevone_20260217_1620
-553941.6163880298,6541305.778128513,-104.17576320000049,0.46365914786967416,2026-02-17 16:20:00+00:00,surfline_trevone_20260217_1620
-553941.8767002311,6541305.461617535,-104.17576320000049,0.46616541353383456,2026-02-17 16:20:00+00:00,surfline_trevone_20260217_1620
-553941.7741619982,6541305.039164805,-104.17576320000049,0.46867167919799496,2026-02-17 16:20:00+00:00,surfline_trevone_20260217_1620
-553941.8272341317,6541304.662145707,-104.17576320000049,0.47117794486215536,2026-02-17 16:20:00+00:00,surfline_trevone_20260217_1620
-553942.1616682967,6541304.367276178,-104.17576320000049,0.47368421052631576,2026-02-17 16:20:00+00:00,surfline_trevone_20260217_1620
-553942.9189984961,6541304.195879915,-104.17576320000049,0.47619047619047616,2026-02-17 16:20:00+00:00,surfline_trevone_20260217_1620
-553943.413011128,6541303.947602583,-104.17576320000049,0.47869674185463656,2026-02-17 16:20:00+00:00,surfline_trevone_20260217_1620
-553943.6256617749,6541303.617175793,-104.17576320000049,0.48120300751879697,2026-02-17 16:20:00+00:00,surfline_trevone_20260217_1620
-553943.8749676468,6541303.297451288,-104.17576320000049,0.48370927318295737,2026-02-17 16:20:00+00:00,surfline_trevone_20260217_1620
-553944.2128001001,6541303.00357393,-104.17576320000049,0.48621553884711777,2026-02-17 16:20:00+00:00,surfline_trevone_20260217_1620
-553944.9405131805,6541302.823530306,-104.17576320000049,0.48872180451127817,2026-02-17 16:20:00+00:00,surfline_trevone_20260217_1620
-553945.2679091685,6541302.526605806,-104.17576320000049,0.49122807017543857,2026-02-17 16:20:00+00:00,surfline_trevone_20260217_1620
-553945.7881406308,6541302.285983663,-104.17576320000049,0.49373433583959897,2026-02-17 16:20:00+00:00,surfline_trevone_20260217_1620
-553946.115536619,6541301.989059162,-104.17576320000049,0.49624060150375937,2026-02-17 16:20:00+00:00,surfline_trevone_20260217_1620
-553946.4429325996,6541301.692134634,-104.17576320000049,0.49874686716791977,2026-02-17 16:20:00+00:00,surfline_trevone_20260217_1620
-553946.4097402899,6541301.289928877,-104.17576320000049,0.5012531328320802,2026-02-17 16:20:00+00:00,surfline_trevone_20260217_1620
-553946.7371362866,6541300.993004407,-104.17576320000049,0.5037593984962405,2026-02-17 16:20:00+00:00,surfline_trevone_20260217_1620
-553947.0645322747,6541300.696079906,-104.17576320000049,0.506265664160401,2026-02-17 16:20:00+00:00,surfline_trevone_20260217_1620
-553947.5847637209,6541300.455457703,-104.17576320000049,0.5087719298245614,2026-02-17 16:20:00+00:00,surfline_trevone_20260217_1620
-553948.1222282029,6541300.219867071,-104.17576320000049,0.5112781954887218,2026-02-17 16:20:00+00:00,surfline_trevone_20260217_1620
-553948.8431447364,6541300.03783911,-104.17576320000049,0.5137844611528821,2026-02-17 16:20:00+00:00,surfline_trevone_20260217_1620
-553949.2512177068,6541299.764469933,-104.17576320000049,0.5162907268170426,2026-02-17 16:20:00+00:00,surfline_trevone_20260217_1620
-553949.6907721703,6541299.500292406,-104.17576320000049,0.518796992481203,2026-02-17 16:20:00+00:00,surfline_trevone_20260217_1620
-553950.3802071355,6541299.309072719,-104.17576320000049,0.5213032581453634,2026-02-17 16:20:00+00:00,surfline_trevone_20260217_1620
-553950.9491531857,6541299.082673812,-104.17576320000049,0.5238095238095237,2026-02-17 16:20:00+00:00,surfline_trevone_20260217_1620
-553951.4693846396,6541298.842051638,-104.17576320000049,0.5263157894736842,2026-02-17 16:20:00+00:00,surfline_trevone_20260217_1620
-553951.8808558707,6541298.569674629,-104.17576320000049,0.5288220551378446,2026-02-17 16:20:00+00:00,surfline_trevone_20260217_1620
-553952.63818612,6541298.398278419,-104.17576320000049,0.531328320802005,2026-02-17 16:20:00+00:00,surfline_trevone_20260217_1620
-553953.0551616356,6541298.127508515,-104.17576320000049,0.5338345864661653,2026-02-17 16:20:00+00:00,surfline_trevone_20260217_1620
-553953.5753930814,6541297.886886314,-104.17576320000049,0.5363408521303258,2026-02-17 16:20:00+00:00,surfline_trevone_20260217_1620
-553954.1388348029,6541297.658880277,-104.17576320000049,0.5388471177944862,2026-02-17 16:20:00+00:00,surfline_trevone_20260217_1620
-553954.8337740967,6541297.469267718,-104.17576320000049,0.5413533834586466,2026-02-17 16:20:00+00:00,surfline_trevone_20260217_1620
-553955.2678243049,6541297.203483135,-104.17576320000049,0.5438596491228069,2026-02-17 16:20:00+00:00,surfline_trevone_20260217_1620
-553955.6814015317,6541296.931721017,-104.17576320000049,0.5463659147869674,2026-02-17 16:20:00+00:00,surfline_trevone_20260217_1620
-553956.0087975198,6541296.634796517,-104.17576320000049,0.5488721804511278,2026-02-17 16:20:00+00:00,surfline_trevone_20260217_1620
-553956.1218320921,6541296.275284766,-104.17576320000049,0.5513784461152882,2026-02-17 16:20:00+00:00,surfline_trevone_20260217_1620
-553956.1101657405,6541295.879363961,-104.17576320000049,0.5538847117794485,2026-02-17 16:20:00+00:00,surfline_trevone_20260217_1620
-553956.4375617212,6541295.582439434,-104.17576320000049,0.556390977443609,2026-02-17 16:20:00+00:00,surfline_trevone_20260217_1620
-553956.7649577092,6541295.285514934,-104.17576320000049,0.5588972431077694,2026-02-17 16:20:00+00:00,surfline_trevone_20260217_1620
-553957.2851891707,6541295.044892787,-104.17576320000049,0.5614035087719298,2026-02-17 16:20:00+00:00,surfline_trevone_20260217_1620
-553957.6125851589,6541294.747968286,-104.17576320000049,0.5639097744360901,2026-02-17 16:20:00+00:00,surfline_trevone_20260217_1620
-553957.8707936329,6541294.430843028,-104.17576320000049,0.5664160401002506,2026-02-17 16:20:00+00:00,surfline_trevone_20260217_1620
-553957.7682554106,6541294.00839029,-104.17576320000049,0.568922305764411,2026-02-17 16:20:00+00:00,surfline_trevone_20260217_1620
-553957.6657171691,6541293.58593757,-104.17576320000049,0.5714285714285714,2026-02-17 16:20:00+00:00,surfline_trevone_20260217_1620
-553957.563178946,6541293.16348483,-104.17576320000049,0.5739348370927317,2026-02-17 16:20:00+00:00,surfline_trevone_20260217_1620
-553957.7319640019,6541292.820250544,-104.17576320000049,0.5764411027568922,2026-02-17 16:20:00+00:00,surfline_trevone_20260217_1620
-553958.157028428,6541292.551842377,-104.17576320000049,0.5789473684210527,2026-02-17 16:20:00+00:00,surfline_trevone_20260217_1620
-553958.9143586601,6541292.380446149,-104.17576320000049,0.581453634085213,2026-02-17 16:20:00+00:00,surfline_trevone_20260217_1620
-553959.2926583705,6541292.09838405,-104.17576320000049,0.5839598997493733,2026-02-17 16:20:00+00:00,surfline_trevone_20260217_1620
-553959.4146787097,6541291.741495832,-104.17576320000049,0.5864661654135338,2026-02-17 16:20:00+00:00,surfline_trevone_20260217_1620
-553959.3121404683,6541291.319043112,-104.17576320000049,0.5889724310776943,2026-02-17 16:20:00+00:00,surfline_trevone_20260217_1620
-553959.2096022454,6541290.896590373,-104.17576320000049,0.5914786967418546,2026-02-17 16:20:00+00:00,surfline_trevone_20260217_1620
-553959.2523940573,6541290.516569737,-104.17576320000049,0.593984962406015,2026-02-17 16:20:00+00:00,surfline_trevone_20260217_1620
-553959.579790046,6541290.219645238,-104.17576320000049,0.5964912280701754,2026-02-17 16:20:00+00:00,surfline_trevone_20260217_1620
-553959.9071860432,6541289.922720774,-104.17576320000049,0.5989974937343359,2026-02-17 16:20:00+00:00,surfline_trevone_20260217_1620
-553959.9815447836,6541289.551916773,-104.17576320000049,0.6015037593984962,2026-02-17 16:20:00+00:00,surfline_trevone_20260217_1620
-553960.03363688,6541289.174611551,-104.17576320000049,0.6040100250626566,2026-02-17 16:20:00+00:00,surfline_trevone_20260217_1620
-553960.3610328683,6541288.877687051,-104.17576320000049,0.606516290726817,2026-02-17 16:20:00+00:00,surfline_trevone_20260217_1620
-553960.6884288643,6541288.580762577,-104.17576320000049,0.6090225563909775,2026-02-17 16:20:00+00:00,surfline_trevone_20260217_1620
-553960.7534873227,6541288.207243176,-104.17576320000049,0.6115288220551378,2026-02-17 16:20:00+00:00,surfline_trevone_20260217_1620
-553960.9324672685,6541287.866985501,-104.17576320000049,0.6140350877192982,2026-02-17 16:20:00+00:00,surfline_trevone_20260217_1620
-553961.2598632567,6541287.570061001,-104.17576320000049,0.6165413533834586,2026-02-17 16:20:00+00:00,surfline_trevone_20260217_1620
-553961.587259251,6541287.273136526,-104.17576320000049,0.6190476190476191,2026-02-17 16:20:00+00:00,surfline_trevone_20260217_1620
-553961.5254298612,6541286.862569578,-104.17576320000049,0.6215538847117794,2026-02-17 16:20:00+00:00,surfline_trevone_20260217_1620
-553961.4228916578,6541286.440116821,-104.17576320000049,0.6240601503759398,2026-02-17 16:20:00+00:00,surfline_trevone_20260217_1620
-553961.3203534356,6541286.017664082,-104.17576320000049,0.6265664160401002,2026-02-17 16:20:00+00:00,surfline_trevone_20260217_1620
-553961.2178151944,6541285.5952113625,-104.17576320000049,0.6290726817042607,2026-02-17 16:20:00+00:00,surfline_trevone_20260217_1620
-553961.1152769714,6541285.172758623,-104.17576320000049,0.631578947368421,2026-02-17 16:20:00+00:00,surfline_trevone_20260217_1620
-553959.8306433404,6541284.40516851,-104.17576320000049,0.6340852130325814,2026-02-17 16:20:00+00:00,surfline_trevone_20260217_1620
-553959.7281051184,6541283.982715772,-104.17576320000049,0.6365914786967418,2026-02-17 16:20:00+00:00,surfline_trevone_20260217_1620
-553960.1347741183,6541283.7089367015,-104.17576320000049,0.6390977443609023,2026-02-17 16:20:00+00:00,surfline_trevone_20260217_1620
-553960.8921043178,6541283.537540439,-104.17576320000049,0.6416040100250626,2026-02-17 16:20:00+00:00,surfline_trevone_20260217_1620
-553961.633181479,6541283.361398742,-104.17576320000049,0.644110275689223,2026-02-17 16:20:00+00:00,surfline_trevone_20260217_1620
-553961.6821430654,6541282.983179548,-104.17576320000049,0.6466165413533834,2026-02-17 16:20:00+00:00,surfline_trevone_20260217_1620
-553961.5796048425,6541282.560726808,-104.17576320000049,0.6491228070175439,2026-02-17 16:20:00+00:00,surfline_trevone_20260217_1620
-553961.4770666393,6541282.138274052,-104.17576320000049,0.6516290726817042,2026-02-17 16:20:00+00:00,surfline_trevone_20260217_1620
-553961.7606700044,6541281.828563385,-104.17576320000049,0.6541353383458646,2026-02-17 16:20:00+00:00,surfline_trevone_20260217_1620
-553962.0880659986,6541281.53163891,-104.17576320000049,0.656641604010025,2026-02-17 16:20:00+00:00,surfline_trevone_20260217_1620
-553962.3515473809,6541281.21605321,-104.17576320000049,0.6591478696741855,2026-02-17 16:20:00+00:00,surfline_trevone_20260217_1620
-553962.249009178,6541280.793600454,-104.17576320000049,0.6616541353383458,2026-02-17 16:20:00+00:00,surfline_trevone_20260217_1620
-553961.3347347663,6541280.134144445,-104.17576320000049,0.6641604010025062,2026-02-17 16:20:00+00:00,surfline_trevone_20260217_1620
-553961.6621307635,6541279.837219982,-104.17576320000049,0.6666666666666666,2026-02-17 16:20:00+00:00,surfline_trevone_20260217_1620
-553961.9413944912,6541279.526242256,-104.17576320000049,0.6691729323308271,2026-02-17 16:20:00+00:00,surfline_trevone_20260217_1620
-553961.8388562885,6541279.103789499,-104.17576320000049,0.6716791979949874,2026-02-17 16:20:00+00:00,surfline_trevone_20260217_1620
-553961.7363180661,6541278.6813367605,-104.17576320000049,0.6741854636591478,2026-02-17 16:20:00+00:00,surfline_trevone_20260217_1620
-553961.6337798245,6541278.258884041,-104.17576320000049,0.6766917293233082,2026-02-17 16:20:00+00:00,surfline_trevone_20260217_1620
-553960.3491461732,6541277.491293945,-104.17576320000049,0.6791979949874687,2026-02-17 16:20:00+00:00,surfline_trevone_20260217_1620
-553960.2466079711,6541277.068841187,-104.17576320000049,0.681704260651629,2026-02-17 16:20:00+00:00,surfline_trevone_20260217_1620
-553960.1440697488,6541276.646388449,-104.17576320000049,0.6842105263157894,2026-02-17 16:20:00+00:00,surfline_trevone_20260217_1620
-553958.8594360786,6541275.878798374,-104.17576320000049,0.6867167919799498,2026-02-17 16:20:00+00:00,surfline_trevone_20260217_1620
-553958.7568978552,6541275.456345635,-104.17576320000049,0.6892230576441103,2026-02-17 16:20:00+00:00,surfline_trevone_20260217_1620
-553958.6543596537,6541275.0338928765,-104.17576320000049,0.6917293233082706,2026-02-17 16:20:00+00:00,surfline_trevone_20260217_1620
-553957.3697260036,6541274.266302781,-104.17576320000049,0.694235588972431,2026-02-17 16:20:00+00:00,surfline_trevone_20260217_1620
-553956.085092332,6541273.498712706,-104.17576320000049,0.6967418546365914,2026-02-17 16:20:00+00:00,surfline_trevone_20260217_1620
-553955.982554109,6541273.076259967,-104.17576320000049,0.6992481203007519,2026-02-17 16:20:00+00:00,surfline_trevone_20260217_1620
-553955.8800159083,6541272.653807208,-104.17576320000049,0.7017543859649122,2026-02-17 16:20:00+00:00,surfline_trevone_20260217_1620
-553955.9420373396,6541272.279401111,-104.17576320000049,0.7042606516290726,2026-02-17 16:20:00+00:00,surfline_trevone_20260217_1620
-553956.2694333282,6541271.982476611,-104.17576320000049,0.706766917293233,2026-02-17 16:20:00+00:00,surfline_trevone_20260217_1620
-553956.8499155131,6541271.759445865,-104.17576320000049,0.7092731829573935,2026-02-17 16:20:00+00:00,surfline_trevone_20260217_1620
-553956.2573974521,6541271.193933317,-104.17576320000049,0.7117794486215538,2026-02-17 16:20:00+00:00,surfline_trevone_20260217_1620
-553957.0147276879,6541271.022537094,-104.17576320000049,0.7142857142857142,2026-02-17 16:20:00+00:00,surfline_trevone_20260217_1620
-553957.4112644498,6541270.74579968,-104.17576320000049,0.7167919799498746,2026-02-17 16:20:00+00:00,surfline_trevone_20260217_1620
-553957.5264392073,6541270.38691275,-104.17576320000049,0.7192982456140351,2026-02-17 16:20:00+00:00,surfline_trevone_20260217_1620
-553957.4239009853,6541269.964460012,-104.17576320000049,0.7218045112781954,2026-02-17 16:20:00+00:00,surfline_trevone_20260217_1620
-553957.3213627415,6541269.542007294,-104.17576320000049,0.7243107769423558,2026-02-17 16:20:00+00:00,surfline_trevone_20260217_1620
-553957.2188245187,6541269.119554554,-104.17576320000049,0.7268170426065163,2026-02-17 16:20:00+00:00,surfline_trevone_20260217_1620
-553957.5091640652,6541268.8118106285,-104.17576320000049,0.7293233082706767,2026-02-17 16:20:00+00:00,surfline_trevone_20260217_1620
-553958.2664942641,6541268.640414367,-104.17576320000049,0.731829573934837,2026-02-17 16:20:00+00:00,surfline_trevone_20260217_1620
-553958.9567771414,6541268.449442283,-104.17576320000049,0.7343358395989974,2026-02-17 16:20:00+00:00,surfline_trevone_20260217_1620
-553959.1728624854,6541268.120018313,-104.17576320000049,0.7368421052631579,2026-02-17 16:20:00+00:00,surfline_trevone_20260217_1620
-553959.0703242844,6541267.697565554,-104.17576320000049,0.7393483709273183,2026-02-17 16:20:00+00:00,surfline_trevone_20260217_1620
-553958.9677860623,6541267.275112815,-104.17576320000049,0.7418546365914787,2026-02-17 16:20:00+00:00,surfline_trevone_20260217_1620
-553959.1093482972,6541266.923930312,-104.17576320000049,0.744360902255639,2026-02-17 16:20:00+00:00,surfline_trevone_20260217_1620
-553959.7251080435,6541266.71119961,-104.17576320000049,0.7468671679197995,2026-02-17 16:20:00+00:00,surfline_trevone_20260217_1620
-553960.4824382059,6541266.539803311,-104.17576320000049,0.7493734335839599,2026-02-17 16:20:00+00:00,surfline_trevone_20260217_1620
-553960.8879607505,6541266.265689486,-104.17576320000049,0.7518796992481203,2026-02-17 16:20:00+00:00,surfline_trevone_20260217_1620
-553960.8192857858,6541265.853123856,-104.17576320000049,0.7543859649122806,2026-02-17 16:20:00+00:00,surfline_trevone_20260217_1620
-553960.716747563,6541265.430671116,-104.17576320000049,0.7568922305764411,2026-02-17 16:20:00+00:00,surfline_trevone_20260217_1620
-553961.1977334127,6541265.178590346,-104.17576320000049,0.7593984962406015,2026-02-17 16:20:00+00:00,surfline_trevone_20260217_1620
-553961.9550636113,6541265.007194085,-104.17576320000049,0.7619047619047619,2026-02-17 16:20:00+00:00,surfline_trevone_20260217_1620
-553962.7123938455,6541264.835797859,-104.17576320000049,0.7644110275689222,2026-02-17 16:20:00+00:00,surfline_trevone_20260217_1620
-553962.6707855292,6541264.431134874,-104.17576320000049,0.7669172932330827,2026-02-17 16:20:00+00:00,surfline_trevone_20260217_1620
-553962.5682473275,6541264.008682116,-104.17576320000049,0.7694235588972431,2026-02-17 16:20:00+00:00,surfline_trevone_20260217_1620
-553962.4657090849,6541263.586229398,-104.17576320000049,0.7719298245614035,2026-02-17 16:20:00+00:00,surfline_trevone_20260217_1620
-553962.363170862,6541263.1637766585,-104.17576320000049,0.7744360902255638,2026-02-17 16:20:00+00:00,surfline_trevone_20260217_1620
-553962.2606326604,6541262.7413239,-104.17576320000049,0.7769423558897243,2026-02-17 16:20:00+00:00,surfline_trevone_20260217_1620
-553962.1580944385,6541262.318871162,-104.17576320000049,0.7794486215538847,2026-02-17 16:20:00+00:00,surfline_trevone_20260217_1620
-553962.421476734,6541262.003256558,-104.17576320000049,0.7819548872180451,2026-02-17 16:20:00+00:00,surfline_trevone_20260217_1620
-553963.1788069338,6541261.831860296,-104.17576320000049,0.7844611528822054,2026-02-17 16:20:00+00:00,surfline_trevone_20260217_1620
-553963.9361370967,6541261.660463999,-104.17576320000049,0.7869674185463659,2026-02-17 16:20:00+00:00,surfline_trevone_20260217_1620
-553964.1121324049,6541261.3193349205,-104.17576320000049,0.7894736842105263,2026-02-17 16:20:00+00:00,surfline_trevone_20260217_1620
-553964.2937847355,6541260.979857553,-104.17576320000049,0.7919799498746867,2026-02-17 16:20:00+00:00,surfline_trevone_20260217_1620
-553965.0511149354,6541260.808461291,-104.17576320000049,0.794486215538847,2026-02-17 16:20:00+00:00,surfline_trevone_20260217_1620
-553965.8084450994,6541260.637064994,-104.17576320000049,0.7969924812030075,2026-02-17 16:20:00+00:00,surfline_trevone_20260217_1620
-553966.0661703708,6541260.319798679,-104.17576320000049,0.7994987468671679,2026-02-17 16:20:00+00:00,surfline_trevone_20260217_1620
-553965.9636321208,6541259.897345968,-104.17576320000049,0.8020050125313283,2026-02-17 16:20:00+00:00,surfline_trevone_20260217_1620
-553965.8610939061,6541259.47489322,-104.17576320000049,0.8045112781954886,2026-02-17 16:20:00+00:00,surfline_trevone_20260217_1620
-553965.8518948067,6541259.079692756,-104.17576320000049,0.8070175438596491,2026-02-17 16:20:00+00:00,surfline_trevone_20260217_1620
-553966.5097286421,6541258.879246461,-104.17576320000049,0.8095238095238095,2026-02-17 16:20:00+00:00,surfline_trevone_20260217_1620
-553967.267058875,6541258.707850235,-104.17576320000049,0.8120300751879699,2026-02-17 16:20:00+00:00,surfline_trevone_20260217_1620
-553967.8151318727,6541258.475356978,-104.17576320000049,0.8145363408521302,2026-02-17 16:20:00+00:00,surfline_trevone_20260217_1620
-553967.71259367,6541258.052904221,-104.17576320000049,0.8170426065162907,2026-02-17 16:20:00+00:00,surfline_trevone_20260217_1620
-553968.1892011783,6541257.79954513,-104.17576320000049,0.8195488721804511,2026-02-17 16:20:00+00:00,surfline_trevone_20260217_1620
-553968.9465314104,6541257.628148902,-104.17576320000049,0.8220551378446115,2026-02-17 16:20:00+00:00,surfline_trevone_20260217_1620
-553969.7038616099,6541257.45675264,-104.17576320000049,0.8245614035087718,2026-02-17 16:20:00+00:00,surfline_trevone_20260217_1620
-553969.6898499122,6541257.060147039,-104.17576320000049,0.8270676691729323,2026-02-17 16:20:00+00:00,surfline_trevone_20260217_1620
-553970.4471801434,6541256.88875081,-104.17576320000049,0.8295739348370927,2026-02-17 16:20:00+00:00,surfline_trevone_20260217_1620
-553971.2045103433,6541256.717354548,-104.17576320000049,0.8320802005012531,2026-02-17 16:20:00+00:00,surfline_trevone_20260217_1620
-553971.723207825,6541256.476284477,-104.17576320000049,0.8345864661654134,2026-02-17 16:20:00+00:00,surfline_trevone_20260217_1620
-553971.6206696029,6541256.053831738,-104.17576320000049,0.8370927318295739,2026-02-17 16:20:00+00:00,surfline_trevone_20260217_1620
-553971.518131362,6541255.631379018,-104.17576320000049,0.8395989974937343,2026-02-17 16:20:00+00:00,surfline_trevone_20260217_1620
-553971.4155931394,6541255.208926278,-104.17576320000049,0.8421052631578947,2026-02-17 16:20:00+00:00,surfline_trevone_20260217_1620
-553971.4165889297,6541254.816702426,-104.17576320000049,0.844611528822055,2026-02-17 16:20:00+00:00,surfline_trevone_20260217_1620
-553972.0846176565,6541254.619232742,-104.17576320000049,0.8471177944862155,2026-02-17 16:20:00+00:00,surfline_trevone_20260217_1620
-553972.8419478871,6541254.447836513,-104.17576320000049,0.849624060150376,2026-02-17 16:20:00+00:00,surfline_trevone_20260217_1620
-553973.3696311057,6541254.209390037,-104.17576320000049,0.8521303258145363,2026-02-17 16:20:00+00:00,surfline_trevone_20260217_1620
-553971.8497471986,6541253.373113711,-104.17576320000049,0.8546365914786966,2026-02-17 16:20:00+00:00,surfline_trevone_20260217_1620
-553972.6070773975,6541253.20171745,-104.17576320000049,0.8571428571428571,2026-02-17 16:20:00+00:00,surfline_trevone_20260217_1620
-553973.0620164389,6541252.942031821,-104.17576320000049,0.8596491228070176,2026-02-17 16:20:00+00:00,surfline_trevone_20260217_1620
-553972.9594782164,6541252.519579082,-104.17576320000049,0.8621553884711779,2026-02-17 16:20:00+00:00,surfline_trevone_20260217_1620
-553972.8569400046,6541252.097126334,-104.17576320000049,0.8646616541353382,2026-02-17 16:20:00+00:00,surfline_trevone_20260217_1620
-553972.7544017902,6541251.674673588,-104.17576320000049,0.8671679197994987,2026-02-17 16:20:00+00:00,surfline_trevone_20260217_1620
-553972.7872767961,6541251.291757582,-104.17576320000049,0.8696741854636592,2026-02-17 16:20:00+00:00,surfline_trevone_20260217_1620
-553973.4871847762,6541251.1035957085,-104.17576320000049,0.8721804511278195,2026-02-17 16:20:00+00:00,surfline_trevone_20260217_1620
-553974.244514943,6541250.932199415,-104.17576320000049,0.8746867167919798,2026-02-17 16:20:00+00:00,surfline_trevone_20260217_1620
-553974.7084397563,6541250.675137347,-104.17576320000049,0.8771929824561403,2026-02-17 16:20:00+00:00,surfline_trevone_20260217_1620
-553974.6059015162,6541250.252684625,-104.17576320000049,0.8796992481203008,2026-02-17 16:20:00+00:00,surfline_trevone_20260217_1620
-553974.5033632931,6541249.830231885,-104.17576320000049,0.8822055137844611,2026-02-17 16:20:00+00:00,surfline_trevone_20260217_1620
-553974.4008250893,6541249.40777913,-104.17576320000049,0.8847117794486214,2026-02-17 16:20:00+00:00,surfline_trevone_20260217_1620
-553974.2982868486,6541248.985326409,-104.17576320000049,0.8872180451127819,2026-02-17 16:20:00+00:00,surfline_trevone_20260217_1620
-553974.1957486258,6541248.56287367,-104.17576320000049,0.8897243107769424,2026-02-17 16:20:00+00:00,surfline_trevone_20260217_1620
-553974.093210422,6541248.140420914,-104.17576320000049,0.8922305764411027,2026-02-17 16:20:00+00:00,surfline_trevone_20260217_1620
-553973.9906722,6541247.717968175,-104.17576320000049,0.894736842105263,2026-02-17 16:20:00+00:00,surfline_trevone_20260217_1620
-553974.696916397,6541247.531656316,-104.17576320000049,0.8972431077694235,2026-02-17 16:20:00+00:00,surfline_trevone_20260217_1620
-553975.4542465967,6541247.360260054,-104.17576320000049,0.899749373433584,2026-02-17 16:20:00+00:00,surfline_trevone_20260217_1620
-553976.0472483882,6541247.140884672,-104.17576320000049,0.9022556390977443,2026-02-17 16:20:00+00:00,surfline_trevone_20260217_1620
-553975.9447101661,6541246.718431934,-104.17576320000049,0.9047619047619047,2026-02-17 16:20:00+00:00,surfline_trevone_20260217_1620
-553975.8421719257,6541246.295979213,-104.17576320000049,0.9072681704260651,2026-02-17 16:20:00+00:00,surfline_trevone_20260217_1620
-553975.7396337029,6541245.8735264735,-104.17576320000049,0.9097744360902256,2026-02-17 16:20:00+00:00,surfline_trevone_20260217_1620
-553975.6370954989,6541245.451073717,-104.17576320000049,0.9122807017543859,2026-02-17 16:20:00+00:00,surfline_trevone_20260217_1620
-553975.5345572768,6541245.028620979,-104.17576320000049,0.9147869674185463,2026-02-17 16:20:00+00:00,surfline_trevone_20260217_1620
-553975.432019036,6541244.606168258,-104.17576320000049,0.9172932330827067,2026-02-17 16:20:00+00:00,surfline_trevone_20260217_1620
-553975.329480813,6541244.183715519,-104.17576320000049,0.9197994987468672,2026-02-17 16:20:00+00:00,surfline_trevone_20260217_1620
-553975.2269426092,6541243.761262762,-104.17576320000049,0.9223057644110275,2026-02-17 16:20:00+00:00,surfline_trevone_20260217_1620
-553975.1244043872,6541243.338810024,-104.17576320000049,0.9248120300751879,2026-02-17 16:20:00+00:00,surfline_trevone_20260217_1620
-553953.7441484377,6541236.703884889,-104.17576320000049,0.9273182957393483,2026-02-17 16:20:00+00:00,surfline_trevone_20260217_1620
-553953.6416102148,6541236.28143215,-104.17576320000049,0.9298245614035088,2026-02-17 16:20:00+00:00,surfline_trevone_20260217_1620
-553953.5390720068,6541235.858979397,-104.17576320000049,0.9323308270676691,2026-02-17 16:20:00+00:00,surfline_trevone_20260217_1620
-553953.4365337954,6541235.436526649,-104.17576320000049,0.9348370927318295,2026-02-17 16:20:00+00:00,surfline_trevone_20260217_1620
-553953.333995548,6541235.014073934,-104.17576320000049,0.9373433583959899,2026-02-17 16:20:00+00:00,surfline_trevone_20260217_1620
-553953.2314573249,6541234.591621195,-104.17576320000049,0.9398496240601504,2026-02-17 16:20:00+00:00,surfline_trevone_20260217_1620
-553953.1289191282,6541234.169168432,-104.17576320000049,0.9423558897243107,2026-02-17 16:20:00+00:00,surfline_trevone_20260217_1620
-553953.0263808805,6541233.746715718,-104.17576320000049,0.9448621553884711,2026-02-17 16:20:00+00:00,surfline_trevone_20260217_1620
-553952.9238426576,6541233.3242629785,-104.17576320000049,0.9473684210526315,2026-02-17 16:20:00+00:00,surfline_trevone_20260217_1620
-553952.8213044609,6541232.901810216,-104.17576320000049,0.949874686716792,2026-02-17 16:20:00+00:00,surfline_trevone_20260217_1620
-553952.7187662388,6541232.479357477,-104.17576320000049,0.9523809523809523,2026-02-17 16:20:00+00:00,surfline_trevone_20260217_1620
-553952.6162279907,6541232.056904764,-104.17576320000049,0.9548872180451127,2026-02-17 16:20:00+00:00,surfline_trevone_20260217_1620
-553952.5136897679,6541231.6344520245,-104.17576320000049,0.9573934837092731,2026-02-17 16:20:00+00:00,surfline_trevone_20260217_1620
-553952.5801020913,6541231.26132788,-104.17576320000049,0.9598997493734336,2026-02-17 16:20:00+00:00,surfline_trevone_20260217_1620
-553953.3135473448,6541231.082957913,-104.17576320000049,0.9624060150375939,2026-02-17 16:20:00+00:00,surfline_trevone_20260217_1620
-553954.0708775875,6541230.911561697,-104.17576320000049,0.9649122807017543,2026-02-17 16:20:00+00:00,surfline_trevone_20260217_1620
-553954.4677277344,6541230.634915782,-104.17576320000049,0.9674185463659147,2026-02-17 16:20:00+00:00,surfline_trevone_20260217_1620
-553954.3651895374,6541230.212463019,-104.17576320000049,0.9699248120300752,2026-02-17 16:20:00+00:00,surfline_trevone_20260217_1620
-553954.2626513157,6541229.790010281,-104.17576320000049,0.9724310776942355,2026-02-17 16:20:00+00:00,surfline_trevone_20260217_1620
-553954.2626513157,6541229.790010281,-104.17576320000049,0.9749373433583959,2026-02-17 16:20:00+00:00,surfline_trevone_20260217_1620
-553954.2626513157,6541229.790010281,-104.17576320000049,0.9774436090225563,2026-02-17 16:20:00+00:00,surfline_trevone_20260217_1620
-553954.2626513157,6541229.790010281,-104.17576320000049,0.9799498746867168,2026-02-17 16:20:00+00:00,surfline_trevone_20260217_1620
-553954.2626513157,6541229.790010281,-104.17576320000049,0.9824561403508771,2026-02-17 16:20:00+00:00,surfline_trevone_20260217_1620
-553954.2626513157,6541229.790010281,-104.17576320000049,0.9849624060150375,2026-02-17 16:20:00+00:00,surfline_trevone_20260217_1620
-553954.2626513157,6541229.790010281,-104.17576320000049,0.9874686716791979,2026-02-17 16:20:00+00:00,surfline_trevone_20260217_1620
-553954.2626513157,6541229.790010281,-104.17576320000049,0.9899749373433584,2026-02-17 16:20:00+00:00,surfline_trevone_20260217_1620
-553954.2626513157,6541229.790010281,-104.17576320000049,0.9924812030075187,2026-02-17 16:20:00+00:00,surfline_trevone_20260217_1620
-553954.2626513157,6541229.790010281,-104.17576320000049,0.9949874686716791,2026-02-17 16:20:00+00:00,surfline_trevone_20260217_1620
-553954.2626513157,6541229.790010281,-104.17576320000049,0.9974937343358395,2026-02-17 16:20:00+00:00,surfline_trevone_20260217_1620
-553954.2626513157,6541229.790010281,-104.17576320000049,1.0,2026-02-17 16:20:00+00:00,surfline_trevone_20260217_1620
-553973.9034960816,6541383.110042328,-104.28183360000048,0.0,2026-02-17 16:49:00+00:00,surfline_trevone_20260217_1649
-553973.9034960816,6541383.110042328,-104.28183360000048,0.002506265664160401,2026-02-17 16:49:00+00:00,surfline_trevone_20260217_1649
-553973.9034960816,6541383.110042328,-104.28183360000048,0.005012531328320802,2026-02-17 16:49:00+00:00,surfline_trevone_20260217_1649
-553973.9034960816,6541383.110042328,-104.28183360000048,0.007518796992481203,2026-02-17 16:49:00+00:00,surfline_trevone_20260217_1649
-553973.9034960816,6541383.110042328,-104.28183360000048,0.010025062656641603,2026-02-17 16:49:00+00:00,surfline_trevone_20260217_1649
-553973.9034960816,6541383.110042328,-104.28183360000048,0.012531328320802004,2026-02-17 16:49:00+00:00,surfline_trevone_20260217_1649
-553973.9034960816,6541383.110042328,-104.28183360000048,0.015037593984962405,2026-02-17 16:49:00+00:00,surfline_trevone_20260217_1649
-553973.9034960816,6541383.110042328,-104.28183360000048,0.017543859649122806,2026-02-17 16:49:00+00:00,surfline_trevone_20260217_1649
-553973.9034960816,6541383.110042328,-104.28183360000048,0.020050125313283207,2026-02-17 16:49:00+00:00,surfline_trevone_20260217_1649
-553973.9034960816,6541383.110042328,-104.28183360000048,0.022556390977443608,2026-02-17 16:49:00+00:00,surfline_trevone_20260217_1649
-553973.9034960816,6541383.110042328,-104.28183360000048,0.02506265664160401,2026-02-17 16:49:00+00:00,surfline_trevone_20260217_1649
-553973.9034960816,6541383.110042328,-104.28183360000048,0.02756892230576441,2026-02-17 16:49:00+00:00,surfline_trevone_20260217_1649
-553973.9034960816,6541383.110042328,-104.28183360000048,0.03007518796992481,2026-02-17 16:49:00+00:00,surfline_trevone_20260217_1649
-553973.8009578517,6541382.687589597,-104.28183360000048,0.03258145363408521,2026-02-17 16:49:00+00:00,surfline_trevone_20260217_1649
-553973.6984196288,6541382.2651368575,-104.28183360000048,0.03508771929824561,2026-02-17 16:49:00+00:00,surfline_trevone_20260217_1649
-553973.5958814144,6541381.842684112,-104.28183360000048,0.03759398496240601,2026-02-17 16:49:00+00:00,surfline_trevone_20260217_1649
-553972.9324995553,6541381.256481404,-104.28183360000048,0.040100250626566414,2026-02-17 16:49:00+00:00,surfline_trevone_20260217_1649
-553973.3908049619,6541380.997778643,-104.28183360000048,0.042606516290726815,2026-02-17 16:49:00+00:00,surfline_trevone_20260217_1649
-553973.2882667392,6541380.575325904,-104.28183360000048,0.045112781954887216,2026-02-17 16:49:00+00:00,surfline_trevone_20260217_1649
-553973.185728525,6541380.1528731575,-104.28183360000048,0.047619047619047616,2026-02-17 16:49:00+00:00,surfline_trevone_20260217_1649
-553973.083190303,6541379.730420419,-104.28183360000048,0.05012531328320802,2026-02-17 16:49:00+00:00,surfline_trevone_20260217_1649
-553972.9806520725,6541379.307967688,-104.28183360000048,0.05263157894736842,2026-02-17 16:49:00+00:00,surfline_trevone_20260217_1649
-553972.8781138496,6541378.8855149485,-104.28183360000048,0.05513784461152882,2026-02-17 16:49:00+00:00,surfline_trevone_20260217_1649
-553972.7755756357,6541378.463062203,-104.28183360000048,0.05764411027568922,2026-02-17 16:49:00+00:00,surfline_trevone_20260217_1649
-553972.6730374052,6541378.040609472,-104.28183360000048,0.06015037593984962,2026-02-17 16:49:00+00:00,surfline_trevone_20260217_1649
-553972.5704991819,6541377.618156732,-104.28183360000048,0.06265664160401002,2026-02-17 16:49:00+00:00,surfline_trevone_20260217_1649
-553972.4067119858,6541377.177821071,-104.28183360000048,0.06516290726817042,2026-02-17 16:49:00+00:00,surfline_trevone_20260217_1649
-553972.3654227424,6541376.773251251,-104.28183360000048,0.06766917293233082,2026-02-17 16:49:00+00:00,surfline_trevone_20260217_1649
-553972.2628845151,6541376.350798517,-104.28183360000048,0.07017543859649122,2026-02-17 16:49:00+00:00,surfline_trevone_20260217_1649
-553972.1603462922,6541375.928345778,-104.28183360000048,0.07268170426065163,2026-02-17 16:49:00+00:00,surfline_trevone_20260217_1649
-553972.0578080787,6541375.505893031,-104.28183360000048,0.07518796992481203,2026-02-17 16:49:00+00:00,surfline_trevone_20260217_1649
-553971.9552698567,6541375.083440293,-104.28183360000048,0.07769423558897243,2026-02-17 16:49:00+00:00,surfline_trevone_20260217_1649
-553971.8527316257,6541374.6609875625,-104.28183360000048,0.08020050125313283,2026-02-17 16:49:00+00:00,surfline_trevone_20260217_1649
-553969.9946047672,6541373.725954193,-104.28183360000048,0.08270676691729323,2026-02-17 16:49:00+00:00,surfline_trevone_20260217_1649
-553970.3662640187,6541373.441953261,-104.28183360000048,0.08521303258145363,2026-02-17 16:49:00+00:00,surfline_trevone_20260217_1649
-553971.1235942175,6541373.270557,-104.28183360000048,0.08771929824561403,2026-02-17 16:49:00+00:00,surfline_trevone_20260217_1649
-553971.4425787355,6541372.971176608,-104.28183360000048,0.09022556390977443,2026-02-17 16:49:00+00:00,surfline_trevone_20260217_1649
-553971.3400405126,6541372.548723869,-104.28183360000048,0.09273182957393483,2026-02-17 16:49:00+00:00,surfline_trevone_20260217_1649
-553971.2375022996,6541372.126271121,-104.28183360000048,0.09523809523809523,2026-02-17 16:49:00+00:00,surfline_trevone_20260217_1649
-553971.1349640774,6541371.703818383,-104.28183360000048,0.09774436090225563,2026-02-17 16:49:00+00:00,surfline_trevone_20260217_1649
-553971.0324258457,6541371.2813656535,-104.28183360000048,0.10025062656641603,2026-02-17 16:49:00+00:00,surfline_trevone_20260217_1649
-553968.5656967668,6541370.168638201,-104.28183360000048,0.10275689223057644,2026-02-17 16:49:00+00:00,surfline_trevone_20260217_1649
-553968.4631585547,6541369.746185454,-104.28183360000048,0.10526315789473684,2026-02-17 16:49:00+00:00,surfline_trevone_20260217_1649
-553969.0831462494,6541369.534689191,-104.28183360000048,0.10776942355889724,2026-02-17 16:49:00+00:00,surfline_trevone_20260217_1649
-553969.8404764652,6541369.3632929465,-104.28183360000048,0.11027568922305764,2026-02-17 16:49:00+00:00,surfline_trevone_20260217_1649
-553970.5197347334,6541369.16910196,-104.28183360000048,0.11278195488721804,2026-02-17 16:49:00+00:00,surfline_trevone_20260217_1649
-553970.4171965208,6541368.746649212,-104.28183360000048,0.11528822055137844,2026-02-17 16:49:00+00:00,surfline_trevone_20260217_1649
-553967.9504674326,6541367.63392177,-104.28183360000048,0.11779448621553884,2026-02-17 16:49:00+00:00,surfline_trevone_20260217_1649
-553968.627417018,6541367.439056716,-104.28183360000048,0.12030075187969924,2026-02-17 16:49:00+00:00,surfline_trevone_20260217_1649
-553969.3847471988,6541367.267660436,-104.28183360000048,0.12280701754385964,2026-02-17 16:49:00+00:00,surfline_trevone_20260217_1649
-553966.6710390142,6541366.082822295,-104.28183360000048,0.12531328320802004,2026-02-17 16:49:00+00:00,surfline_trevone_20260217_1649
-553967.4283692319,6541365.911426053,-104.28183360000048,0.12781954887218044,2026-02-17 16:49:00+00:00,surfline_trevone_20260217_1649
-553967.4377763193,6541365.521658076,-104.28183360000048,0.13032581453634084,2026-02-17 16:49:00+00:00,surfline_trevone_20260217_1649
-553964.9710472526,6541364.408930614,-104.28183360000048,0.13283208020050125,2026-02-17 16:49:00+00:00,surfline_trevone_20260217_1649
-553964.8685090253,6541363.986477881,-104.28183360000048,0.13533834586466165,2026-02-17 16:49:00+00:00,surfline_trevone_20260217_1649
-553964.7659707962,6541363.564025149,-104.28183360000048,0.13784461152882205,2026-02-17 16:49:00+00:00,surfline_trevone_20260217_1649
-553964.6634325732,6541363.141572409,-104.28183360000048,0.14035087719298245,2026-02-17 16:49:00+00:00,surfline_trevone_20260217_1649
-553964.5608943624,6541362.719119659,-104.28183360000048,0.14285714285714285,2026-02-17 16:49:00+00:00,surfline_trevone_20260217_1649
-553964.4583561402,6541362.29666692,-104.28183360000048,0.14536340852130325,2026-02-17 16:49:00+00:00,surfline_trevone_20260217_1649
-553964.3558179059,6541361.874214194,-104.28183360000048,0.14786967418546365,2026-02-17 16:49:00+00:00,surfline_trevone_20260217_1649
-553964.2532796828,6541361.451761454,-104.28183360000048,0.15037593984962405,2026-02-17 16:49:00+00:00,surfline_trevone_20260217_1649
-553964.1507414726,6541361.029308704,-104.28183360000048,0.15288220551378445,2026-02-17 16:49:00+00:00,surfline_trevone_20260217_1649
-553964.0482032504,6541360.606855966,-104.28183360000048,0.15538847117794485,2026-02-17 16:49:00+00:00,surfline_trevone_20260217_1649
-553963.9456650157,6541360.184403239,-104.28183360000048,0.15789473684210525,2026-02-17 16:49:00+00:00,surfline_trevone_20260217_1649
-553963.3895082915,6541359.629507139,-104.28183360000048,0.16040100250626566,2026-02-17 16:49:00+00:00,surfline_trevone_20260217_1649
-553963.7405885836,6541359.33949775,-104.28183360000048,0.16290726817042606,2026-02-17 16:49:00+00:00,surfline_trevone_20260217_1649
-553963.638050362,6541358.917045011,-104.28183360000048,0.16541353383458646,2026-02-17 16:49:00+00:00,surfline_trevone_20260217_1649
-553963.5355121272,6541358.494592285,-104.28183360000048,0.16791979949874686,2026-02-17 16:49:00+00:00,surfline_trevone_20260217_1649
-553963.4329739044,6541358.072139545,-104.28183360000048,0.17042606516290726,2026-02-17 16:49:00+00:00,surfline_trevone_20260217_1649
-553963.3304356947,6541357.649686795,-104.28183360000048,0.17293233082706766,2026-02-17 16:49:00+00:00,surfline_trevone_20260217_1649
-553963.2278974599,6541357.227234068,-104.28183360000048,0.17543859649122806,2026-02-17 16:49:00+00:00,surfline_trevone_20260217_1649
-553963.1253592366,6541356.804781329,-104.28183360000048,0.17794486215538846,2026-02-17 16:49:00+00:00,surfline_trevone_20260217_1649
-553963.0228210273,6541356.382328578,-104.28183360000048,0.18045112781954886,2026-02-17 16:49:00+00:00,surfline_trevone_20260217_1649
-553962.920282805,6541355.95987584,-104.28183360000048,0.18295739348370926,2026-02-17 16:49:00+00:00,surfline_trevone_20260217_1649
-553962.81774457,6541355.537423114,-104.28183360000048,0.18546365914786966,2026-02-17 16:49:00+00:00,surfline_trevone_20260217_1649
-553962.7152063468,6541355.114970375,-104.28183360000048,0.18796992481203006,2026-02-17 16:49:00+00:00,surfline_trevone_20260217_1649
-553963.221368305,6541354.870240303,-104.28183360000048,0.19047619047619047,2026-02-17 16:49:00+00:00,surfline_trevone_20260217_1649
-553962.5101299156,6541354.270064885,-104.28183360000048,0.19298245614035087,2026-02-17 16:49:00+00:00,surfline_trevone_20260217_1649
-553962.4075916802,6541353.847612159,-104.28183360000048,0.19548872180451127,2026-02-17 16:49:00+00:00,surfline_trevone_20260217_1649
-553962.3050534514,6541353.4251594255,-104.28183360000048,0.19799498746867167,2026-02-17 16:49:00+00:00,surfline_trevone_20260217_1649
-553962.2025152483,6541353.002706669,-104.28183360000048,0.20050125313283207,2026-02-17 16:49:00+00:00,surfline_trevone_20260217_1649
-553962.0999770262,6541352.580253931,-104.28183360000048,0.20300751879699247,2026-02-17 16:49:00+00:00,surfline_trevone_20260217_1649
-553959.6332479338,6541351.467526492,-104.28183360000048,0.20551378446115287,2026-02-17 16:49:00+00:00,surfline_trevone_20260217_1649
-553959.5307097109,6541351.045073752,-104.28183360000048,0.20802005012531327,2026-02-17 16:49:00+00:00,surfline_trevone_20260217_1649
-553959.4281715028,6541350.622621001,-104.28183360000048,0.21052631578947367,2026-02-17 16:49:00+00:00,surfline_trevone_20260217_1649
-553959.3256332807,6541350.200168262,-104.28183360000048,0.21303258145363407,2026-02-17 16:49:00+00:00,surfline_trevone_20260217_1649
-553959.223095044,6541349.777715538,-104.28183360000048,0.21553884711779447,2026-02-17 16:49:00+00:00,surfline_trevone_20260217_1649
-553959.1205568213,6541349.355262798,-104.28183360000048,0.21804511278195488,2026-02-17 16:49:00+00:00,surfline_trevone_20260217_1649
-553959.0180186135,6541348.932810046,-104.28183360000048,0.22055137844611528,2026-02-17 16:49:00+00:00,surfline_trevone_20260217_1649
-553958.9154803914,6541348.510357307,-104.28183360000048,0.22305764411027568,2026-02-17 16:49:00+00:00,surfline_trevone_20260217_1649
-553958.8129421542,6541348.087904583,-104.28183360000048,0.22556390977443608,2026-02-17 16:49:00+00:00,surfline_trevone_20260217_1649
-553958.7104039313,6541347.665451843,-104.28183360000048,0.22807017543859648,2026-02-17 16:49:00+00:00,surfline_trevone_20260217_1649
-553958.6078657237,6541347.242999091,-104.28183360000048,0.23057644110275688,2026-02-17 16:49:00+00:00,surfline_trevone_20260217_1649
-553958.5053274867,6541346.820546367,-104.28183360000048,0.23308270676691728,2026-02-17 16:49:00+00:00,surfline_trevone_20260217_1649
-553958.4027892635,6541346.398093627,-104.28183360000048,0.23558897243107768,2026-02-17 16:49:00+00:00,surfline_trevone_20260217_1649
-553958.3002510563,6541345.975640874,-104.28183360000048,0.23809523809523808,2026-02-17 16:49:00+00:00,surfline_trevone_20260217_1649
-553958.197712834,6541345.553188136,-104.28183360000048,0.24060150375939848,2026-02-17 16:49:00+00:00,surfline_trevone_20260217_1649
-553958.0951745976,6541345.130735412,-104.28183360000048,0.24310776942355888,2026-02-17 16:49:00+00:00,surfline_trevone_20260217_1649
-553957.9926363745,6541344.708282673,-104.28183360000048,0.24561403508771928,2026-02-17 16:49:00+00:00,surfline_trevone_20260217_1649
-553957.8900981676,6541344.28582992,-104.28183360000048,0.24812030075187969,2026-02-17 16:49:00+00:00,surfline_trevone_20260217_1649
-553955.4233690893,6541343.173102468,-104.28183360000048,0.2506265664160401,2026-02-17 16:49:00+00:00,surfline_trevone_20260217_1649
-553955.3208308511,6541342.750649745,-104.28183360000048,0.2531328320802005,2026-02-17 16:49:00+00:00,surfline_trevone_20260217_1649
-553955.218292628,6541342.328197005,-104.28183360000048,0.2556390977443609,2026-02-17 16:49:00+00:00,surfline_trevone_20260217_1649
-553955.1157544223,6541341.905744252,-104.28183360000048,0.2581453634085213,2026-02-17 16:49:00+00:00,surfline_trevone_20260217_1649
-553955.0132161998,6541341.483291513,-104.28183360000048,0.2606516290726817,2026-02-17 16:49:00+00:00,surfline_trevone_20260217_1649
-553954.9106779614,6541341.060838791,-104.28183360000048,0.2631578947368421,2026-02-17 16:49:00+00:00,surfline_trevone_20260217_1649
-553954.8081397314,6541340.638386058,-104.28183360000048,0.2656641604010025,2026-02-17 16:49:00+00:00,surfline_trevone_20260217_1649
-553954.7056015325,6541340.215933297,-104.28183360000048,0.2681704260651629,2026-02-17 16:49:00+00:00,surfline_trevone_20260217_1649
-553954.6030633105,6541339.793480558,-104.28183360000048,0.2706766917293233,2026-02-17 16:49:00+00:00,surfline_trevone_20260217_1649
-553954.5005250713,6541339.371027836,-104.28183360000048,0.2731829573934837,2026-02-17 16:49:00+00:00,surfline_trevone_20260217_1649
-553953.4888694104,6541338.683139344,-104.28183360000048,0.2756892230576441,2026-02-17 16:49:00+00:00,surfline_trevone_20260217_1649
-553954.2461995794,6541338.511743053,-104.28183360000048,0.2781954887218045,2026-02-17 16:49:00+00:00,surfline_trevone_20260217_1649
-553954.1929104209,6541338.103669603,-104.28183360000048,0.2807017543859649,2026-02-17 16:49:00+00:00,surfline_trevone_20260217_1649
-553954.0903721821,6541337.681216882,-104.28183360000048,0.2832080200501253,2026-02-17 16:49:00+00:00,surfline_trevone_20260217_1649
-553954.5898355487,6541337.434531032,-104.28183360000048,0.2857142857142857,2026-02-17 16:49:00+00:00,surfline_trevone_20260217_1649
-553955.3471657181,6541337.263134741,-104.28183360000048,0.2882205513784461,2026-02-17 16:49:00+00:00,surfline_trevone_20260217_1649
-553955.3331540547,6541336.866529174,-104.28183360000048,0.2907268170426065,2026-02-17 16:49:00+00:00,surfline_trevone_20260217_1649
-553956.0444101485,6541336.681680639,-104.28183360000048,0.2932330827067669,2026-02-17 16:49:00+00:00,surfline_trevone_20260217_1649
-553955.9418719256,6541336.2592279,-104.28183360000048,0.2957393483709273,2026-02-17 16:49:00+00:00,surfline_trevone_20260217_1649
-553955.8393337198,6541335.8367751455,-104.28183360000048,0.2982456140350877,2026-02-17 16:49:00+00:00,surfline_trevone_20260217_1649
-553955.7367954812,6541335.414322424,-104.28183360000048,0.3007518796992481,2026-02-17 16:49:00+00:00,surfline_trevone_20260217_1649
-553954.1060829714,6541334.545687404,-104.28183360000048,0.3032581453634085,2026-02-17 16:49:00+00:00,surfline_trevone_20260217_1649
-553954.8634131405,6541334.374291113,-104.28183360000048,0.3057644110275689,2026-02-17 16:49:00+00:00,surfline_trevone_20260217_1649
-553955.4291808306,6541334.146964191,-104.28183360000048,0.3082706766917293,2026-02-17 16:49:00+00:00,surfline_trevone_20260217_1649
-553955.3266425916,6541333.724511469,-104.28183360000048,0.3107769423558897,2026-02-17 16:49:00+00:00,surfline_trevone_20260217_1649
-553952.8599135121,6541332.611784017,-104.28183360000048,0.3132832080200501,2026-02-17 16:49:00+00:00,surfline_trevone_20260217_1649
-553953.2646827595,6541332.337450228,-104.28183360000048,0.3157894736842105,2026-02-17 16:49:00+00:00,surfline_trevone_20260217_1649
-553954.0220129581,6541332.166053967,-104.28183360000048,0.3182957393483709,2026-02-17 16:49:00+00:00,surfline_trevone_20260217_1649
-553954.7793431866,6541331.994657735,-104.28183360000048,0.3208020050125313,2026-02-17 16:49:00+00:00,surfline_trevone_20260217_1649
-553952.4497606226,6541330.921973062,-104.28183360000048,0.3233082706766917,2026-02-17 16:49:00+00:00,surfline_trevone_20260217_1649
-553952.8229651737,6541330.638423303,-104.28183360000048,0.3258145363408521,2026-02-17 16:49:00+00:00,surfline_trevone_20260217_1649
-553953.5802953723,6541330.467027042,-104.28183360000048,0.3283208020050125,2026-02-17 16:49:00+00:00,surfline_trevone_20260217_1649
-553954.3376256012,6541330.295630812,-104.28183360000048,0.3308270676691729,2026-02-17 16:49:00+00:00,surfline_trevone_20260217_1649
-553954.4037985817,6541329.922436828,-104.28183360000048,0.3333333333333333,2026-02-17 16:49:00+00:00,surfline_trevone_20260217_1649
-553954.3012603845,6541329.499984065,-104.28183360000048,0.3358395989974937,2026-02-17 16:49:00+00:00,surfline_trevone_20260217_1649
-553954.1987221623,6541329.077531327,-104.28183360000048,0.3383458646616541,2026-02-17 16:49:00+00:00,surfline_trevone_20260217_1649
-553954.0961839225,6541328.655078605,-104.28183360000048,0.3408521303258145,2026-02-17 16:49:00+00:00,surfline_trevone_20260217_1649
-553954.6532382142,6541328.425207625,-104.28183360000048,0.3433583959899749,2026-02-17 16:49:00+00:00,surfline_trevone_20260217_1649
-553955.4105683824,6541328.253811333,-104.28183360000048,0.3458646616541353,2026-02-17 16:49:00+00:00,surfline_trevone_20260217_1649
-553956.1527601285,6541328.077995085,-104.28183360000048,0.3483709273182957,2026-02-17 16:49:00+00:00,surfline_trevone_20260217_1649
-553956.0502218892,6541327.655542363,-104.28183360000048,0.3508771929824561,2026-02-17 16:49:00+00:00,surfline_trevone_20260217_1649
-553955.9476836661,6541327.233089624,-104.28183360000048,0.3533834586466165,2026-02-17 16:49:00+00:00,surfline_trevone_20260217_1649
-553955.8451454609,6541326.810636869,-104.28183360000048,0.3558897243107769,2026-02-17 16:49:00+00:00,surfline_trevone_20260217_1649
-553955.7426072218,6541326.388184147,-104.28183360000048,0.3583959899749373,2026-02-17 16:49:00+00:00,surfline_trevone_20260217_1649
-553956.0978402933,6541326.099387262,-104.28183360000048,0.3609022556390977,2026-02-17 16:49:00+00:00,surfline_trevone_20260217_1649
-553956.8551704623,6541325.927990971,-104.28183360000048,0.3634085213032581,2026-02-17 16:49:00+00:00,surfline_trevone_20260217_1649
-553957.6125006608,6541325.756594709,-104.28183360000048,0.3659147869674185,2026-02-17 16:49:00+00:00,surfline_trevone_20260217_1649
-553955.3324543322,6541324.698373193,-104.28183360000048,0.3684210526315789,2026-02-17 16:49:00+00:00,surfline_trevone_20260217_1649
-553956.0417936384,6541324.512964991,-104.28183360000048,0.37092731829573933,2026-02-17 16:49:00+00:00,surfline_trevone_20260217_1649
-553956.799123807,6541324.341568699,-104.28183360000048,0.37343358395989973,2026-02-17 16:49:00+00:00,surfline_trevone_20260217_1649
-553957.3890305378,6541324.121289673,-104.28183360000048,0.37593984962406013,2026-02-17 16:49:00+00:00,surfline_trevone_20260217_1649
-553957.2864922988,6541323.698836951,-104.28183360000048,0.37844611528822053,2026-02-17 16:49:00+00:00,surfline_trevone_20260217_1649
-553957.1839540758,6541323.276384211,-104.28183360000048,0.38095238095238093,2026-02-17 16:49:00+00:00,surfline_trevone_20260217_1649
-553957.0814158708,6541322.853931457,-104.28183360000048,0.38345864661654133,2026-02-17 16:49:00+00:00,surfline_trevone_20260217_1649
-553956.9788776486,6541322.431478718,-104.28183360000048,0.38596491228070173,2026-02-17 16:49:00+00:00,surfline_trevone_20260217_1649
-553956.8763394095,6541322.009025997,-104.28183360000048,0.38847117794486213,2026-02-17 16:49:00+00:00,surfline_trevone_20260217_1649
-553956.7738011864,6541321.586573257,-104.28183360000048,0.39097744360902253,2026-02-17 16:49:00+00:00,surfline_trevone_20260217_1649
-553957.4583723583,6541321.393933462,-104.28183360000048,0.39348370927318294,2026-02-17 16:49:00+00:00,surfline_trevone_20260217_1649
-553958.2157025569,6541321.222537201,-104.28183360000048,0.39598997493734334,2026-02-17 16:49:00+00:00,surfline_trevone_20260217_1649
-553958.8303773762,6541321.009489754,-104.28183360000048,0.39849624060150374,2026-02-17 16:49:00+00:00,surfline_trevone_20260217_1649
-553958.7278391456,6541320.587037022,-104.28183360000048,0.40100250626566414,2026-02-17 16:49:00+00:00,surfline_trevone_20260217_1649
-553958.6253009475,6541320.16458426,-104.28183360000048,0.40350877192982454,2026-02-17 16:49:00+00:00,surfline_trevone_20260217_1649
-553959.3166686968,6541319.973928889,-104.28183360000048,0.40601503759398494,2026-02-17 16:49:00+00:00,surfline_trevone_20260217_1649
-553960.0739989243,6541319.802532658,-104.28183360000048,0.40852130325814534,2026-02-17 16:49:00+00:00,surfline_trevone_20260217_1649
-553960.6818771195,6541319.587500773,-104.28183360000048,0.41102756892230574,2026-02-17 16:49:00+00:00,surfline_trevone_20260217_1649
-553960.5793389141,6541319.165048019,-104.28183360000048,0.41353383458646614,2026-02-17 16:49:00+00:00,surfline_trevone_20260217_1649
-553960.476800675,6541318.742595296,-104.28183360000048,0.41604010025062654,2026-02-17 16:49:00+00:00,surfline_trevone_20260217_1649
-553960.3742624519,6541318.320142557,-104.28183360000048,0.41854636591478694,2026-02-17 16:49:00+00:00,surfline_trevone_20260217_1649
-553960.2717242468,6541317.897689803,-104.28183360000048,0.42105263157894735,2026-02-17 16:49:00+00:00,surfline_trevone_20260217_1649
-553960.7612707751,6541317.648108527,-104.28183360000048,0.42355889724310775,2026-02-17 16:49:00+00:00,surfline_trevone_20260217_1649
-553961.5186010025,6541317.476712295,-104.28183360000048,0.42606516290726815,2026-02-17 16:49:00+00:00,surfline_trevone_20260217_1649
-553962.275931202,6541317.305316033,-104.28183360000048,0.42857142857142855,2026-02-17 16:49:00+00:00,surfline_trevone_20260217_1649
-553959.9478939213,6541316.233082517,-104.28183360000048,0.43107769423558895,2026-02-17 16:49:00+00:00,surfline_trevone_20260217_1649
-553960.7052241198,6541316.061686255,-104.28183360000048,0.43358395989974935,2026-02-17 16:49:00+00:00,surfline_trevone_20260217_1649
-553961.4625543475,6541315.890290024,-104.28183360000048,0.43609022556390975,2026-02-17 16:49:00+00:00,surfline_trevone_20260217_1649
-553961.9181475291,6541315.630795361,-104.28183360000048,0.43859649122807015,2026-02-17 16:49:00+00:00,surfline_trevone_20260217_1649
-553961.815609324,6541315.208342606,-104.28183360000048,0.44110275689223055,2026-02-17 16:49:00+00:00,surfline_trevone_20260217_1649
-553961.7130711018,6541314.785889869,-104.28183360000048,0.44360902255639095,2026-02-17 16:49:00+00:00,surfline_trevone_20260217_1649
-553961.6105328631,6541314.363437146,-104.28183360000048,0.44611528822055135,2026-02-17 16:49:00+00:00,surfline_trevone_20260217_1649
-553961.7781669602,6541314.019866836,-104.28183360000048,0.44862155388471175,2026-02-17 16:49:00+00:00,surfline_trevone_20260217_1649
-553962.5354971301,6541313.848470546,-104.28183360000048,0.45112781954887216,2026-02-17 16:49:00+00:00,surfline_trevone_20260217_1649
-553963.2928273287,6541313.677074285,-104.28183360000048,0.45363408521303256,2026-02-17 16:49:00+00:00,surfline_trevone_20260217_1649
-553963.5645708297,6541313.363900904,-104.28183360000048,0.45614035087719296,2026-02-17 16:49:00+00:00,surfline_trevone_20260217_1649
-553963.6504749615,6541312.996467831,-104.28183360000048,0.45864661654135336,2026-02-17 16:49:00+00:00,surfline_trevone_20260217_1649
-553964.4078051322,6541312.825071542,-104.28183360000048,0.46115288220551376,2026-02-17 16:49:00+00:00,surfline_trevone_20260217_1649
-553965.1651353308,6541312.6536752805,-104.28183360000048,0.46365914786967416,2026-02-17 16:49:00+00:00,surfline_trevone_20260217_1649
-553965.5186087964,6541312.364364662,-104.28183360000048,0.46616541353383456,2026-02-17 16:49:00+00:00,surfline_trevone_20260217_1649
-553963.0518797097,6541311.251637217,-104.28183360000048,0.46867167919799496,2026-02-17 16:49:00+00:00,surfline_trevone_20260217_1649
-553962.9493415109,6541310.829184456,-104.28183360000048,0.47117794486215536,2026-02-17 16:49:00+00:00,surfline_trevone_20260217_1649
-553962.8468032721,6541310.406731733,-104.28183360000048,0.47368421052631576,2026-02-17 16:49:00+00:00,surfline_trevone_20260217_1649
-553962.7442650489,6541309.984278994,-104.28183360000048,0.47619047619047616,2026-02-17 16:49:00+00:00,surfline_trevone_20260217_1649
-553962.6417268434,6541309.561826239,-104.28183360000048,0.47869674185463656,2026-02-17 16:49:00+00:00,surfline_trevone_20260217_1649
-553962.5391886214,6541309.139373501,-104.28183360000048,0.48120300751879697,2026-02-17 16:49:00+00:00,surfline_trevone_20260217_1649
-553962.4366503826,6541308.716920778,-104.28183360000048,0.48370927318295737,2026-02-17 16:49:00+00:00,surfline_trevone_20260217_1649
-553962.3341121597,6541308.294468039,-104.28183360000048,0.48621553884711777,2026-02-17 16:49:00+00:00,surfline_trevone_20260217_1649
-553962.2315739547,6541307.872015284,-104.28183360000048,0.48872180451127817,2026-02-17 16:49:00+00:00,surfline_trevone_20260217_1649
-553959.7648448766,6541306.759287832,-104.28183360000048,0.49122807017543857,2026-02-17 16:49:00+00:00,surfline_trevone_20260217_1649
-553960.3689442183,6541306.543152656,-104.28183360000048,0.49373433583959897,2026-02-17 16:49:00+00:00,surfline_trevone_20260217_1649
-553961.1262744179,6541306.371756394,-104.28183360000048,0.49624060150375937,2026-02-17 16:49:00+00:00,surfline_trevone_20260217_1649
-553959.9552499301,6541305.637336836,-104.28183360000048,0.49874686716791977,2026-02-17 16:49:00+00:00,surfline_trevone_20260217_1649
-553960.7125801287,6541305.465940575,-104.28183360000048,0.5012531328320802,2026-02-17 16:49:00+00:00,surfline_trevone_20260217_1649
-553961.4699103578,6541305.294544345,-104.28183360000048,0.5037593984962405,2026-02-17 16:49:00+00:00,surfline_trevone_20260217_1649
-553961.8415696258,6541305.010543429,-104.28183360000048,0.506265664160401,2026-02-17 16:49:00+00:00,surfline_trevone_20260217_1649
-553962.5988997944,6541304.8391471375,-104.28183360000048,0.5087719298245614,2026-02-17 16:49:00+00:00,surfline_trevone_20260217_1649
-553962.1992171991,6541304.329936917,-104.28183360000048,0.5112781954887218,2026-02-17 16:49:00+00:00,surfline_trevone_20260217_1649
-553962.9565474277,6541304.158540686,-104.28183360000048,0.5137844611528821,2026-02-17 16:49:00+00:00,surfline_trevone_20260217_1649
-553963.4678443469,6541303.915309888,-104.28183360000048,0.5162907268170426,2026-02-17 16:49:00+00:00,surfline_trevone_20260217_1649
-553963.3653061417,6541303.492857133,-104.28183360000048,0.518796992481203,2026-02-17 16:49:00+00:00,surfline_trevone_20260217_1649
-553963.2627679196,6541303.070404395,-104.28183360000048,0.5213032581453634,2026-02-17 16:49:00+00:00,surfline_trevone_20260217_1649
-553963.1602296804,6541302.647951673,-104.28183360000048,0.5238095238095237,2026-02-17 16:49:00+00:00,surfline_trevone_20260217_1649
-553963.657830972,6541302.400722153,-104.28183360000048,0.5263157894736842,2026-02-17 16:49:00+00:00,surfline_trevone_20260217_1649
-553964.4151611412,6541302.229325861,-104.28183360000048,0.5288220551378446,2026-02-17 16:49:00+00:00,surfline_trevone_20260217_1649
-553965.1724913811,6541302.057929642,-104.28183360000048,0.531328320802005,2026-02-17 16:49:00+00:00,surfline_trevone_20260217_1649
-553965.1142676461,6541301.64841543,-104.28183360000048,0.5338345864661653,2026-02-17 16:49:00+00:00,surfline_trevone_20260217_1649
-553965.5301389444,6541301.377323117,-104.28183360000048,0.5363408521303258,2026-02-17 16:49:00+00:00,surfline_trevone_20260217_1649
-553966.2874691429,6541301.205926856,-104.28183360000048,0.5388471177944862,2026-02-17 16:49:00+00:00,surfline_trevone_20260217_1649
-553967.04479937,6541301.034530624,-104.28183360000048,0.5413533834586466,2026-02-17 16:49:00+00:00,surfline_trevone_20260217_1649
-553967.068305613,6541300.648879188,-104.28183360000048,0.5438596491228069,2026-02-17 16:49:00+00:00,surfline_trevone_20260217_1649
-553966.9657674076,6541300.226426435,-104.28183360000048,0.5463659147869674,2026-02-17 16:49:00+00:00,surfline_trevone_20260217_1649
-553967.0027643497,6541299.844713891,-104.28183360000048,0.5488721804511278,2026-02-17 16:49:00+00:00,surfline_trevone_20260217_1649
-553967.7600945766,6541299.673317658,-104.28183360000048,0.5513784461152882,2026-02-17 16:49:00+00:00,surfline_trevone_20260217_1649
-553968.5174247761,6541299.501921396,-104.28183360000048,0.5538847117794485,2026-02-17 16:49:00+00:00,surfline_trevone_20260217_1649
-553968.919805374,6541299.226890193,-104.28183360000048,0.556390977443609,2026-02-17 16:49:00+00:00,surfline_trevone_20260217_1649
-553969.6464142139,6541299.046524192,-104.28183360000048,0.5588972431077694,2026-02-17 16:49:00+00:00,surfline_trevone_20260217_1649
-553970.4037444396,6541298.875127958,-104.28183360000048,0.5614035087719298,2026-02-17 16:49:00+00:00,surfline_trevone_20260217_1649
-553970.9763815468,6541298.649806704,-104.28183360000048,0.5639097744360901,2026-02-17 16:49:00+00:00,surfline_trevone_20260217_1649
-553970.87384334,6541298.227353952,-104.28183360000048,0.5664160401002506,2026-02-17 16:49:00+00:00,surfline_trevone_20260217_1649
-553970.7713051178,6541297.804901213,-104.28183360000048,0.568922305764411,2026-02-17 16:49:00+00:00,surfline_trevone_20260217_1649
-553970.6687668802,6541297.38244849,-104.28183360000048,0.5714285714285714,2026-02-17 16:49:00+00:00,surfline_trevone_20260217_1649
-553970.5662286571,6541296.95999575,-104.28183360000048,0.5739348370927317,2026-02-17 16:49:00+00:00,surfline_trevone_20260217_1649
-553970.4636904509,6541296.537542997,-104.28183360000048,0.5764411027568922,2026-02-17 16:49:00+00:00,surfline_trevone_20260217_1649
-553970.3611522286,6541296.115090258,-104.28183360000048,0.5789473684210527,2026-02-17 16:49:00+00:00,surfline_trevone_20260217_1649
-553970.2586139907,6541295.692637536,-104.28183360000048,0.581453634085213,2026-02-17 16:49:00+00:00,surfline_trevone_20260217_1649
-553970.6633103987,6541295.4182825005,-104.28183360000048,0.5839598997493733,2026-02-17 16:49:00+00:00,surfline_trevone_20260217_1649
-553971.4206405702,6541295.246886211,-104.28183360000048,0.5864661654135338,2026-02-17 16:49:00+00:00,surfline_trevone_20260217_1649
-553972.1779707954,6541295.075489977,-104.28183360000048,0.5889724310776943,2026-02-17 16:49:00+00:00,surfline_trevone_20260217_1649
-553972.2126519565,6541294.6931012925,-104.28183360000048,0.5914786967418546,2026-02-17 16:49:00+00:00,surfline_trevone_20260217_1649
-553972.1101137495,6541294.270648539,-104.28183360000048,0.593984962406015,2026-02-17 16:49:00+00:00,surfline_trevone_20260217_1649
-553972.0075755274,6541293.848195801,-104.28183360000048,0.5964912280701754,2026-02-17 16:49:00+00:00,surfline_trevone_20260217_1649
-553971.9050372831,6541293.425743084,-104.28183360000048,0.5989974937343359,2026-02-17 16:49:00+00:00,surfline_trevone_20260217_1649
-553971.8024990666,6541293.0032903375,-104.28183360000048,0.6015037593984962,2026-02-17 16:49:00+00:00,surfline_trevone_20260217_1649
-553971.6999608603,6541292.580837584,-104.28183360000048,0.6040100250626566,2026-02-17 16:49:00+00:00,surfline_trevone_20260217_1649
-553971.597422638,6541292.158384847,-104.28183360000048,0.606516290726817,2026-02-17 16:49:00+00:00,surfline_trevone_20260217_1649
-553972.0658774852,6541291.902645434,-104.28183360000048,0.6090225563909775,2026-02-17 16:49:00+00:00,surfline_trevone_20260217_1649
-553972.8232076847,6541291.731249172,-104.28183360000048,0.6115288220551378,2026-02-17 16:49:00+00:00,surfline_trevone_20260217_1649
-553973.5805378568,6541291.559852884,-104.28183360000048,0.6140350877192982,2026-02-17 16:49:00+00:00,surfline_trevone_20260217_1649
-553973.5514606043,6541291.158848605,-104.28183360000048,0.6165413533834586,2026-02-17 16:49:00+00:00,surfline_trevone_20260217_1649
-553973.4489223671,6541290.736395881,-104.28183360000048,0.6190476190476191,2026-02-17 16:49:00+00:00,surfline_trevone_20260217_1649
-553973.9241738229,6541290.482640861,-104.28183360000048,0.6215538847117794,2026-02-17 16:49:00+00:00,surfline_trevone_20260217_1649
-553974.6815039953,6541290.3112445725,-104.28183360000048,0.6240601503759398,2026-02-17 16:49:00+00:00,surfline_trevone_20260217_1649
-553975.4388341939,6541290.139848311,-104.28183360000048,0.6265664160401002,2026-02-17 16:49:00+00:00,surfline_trevone_20260217_1649
-553975.402960334,6541289.736859639,-104.28183360000048,0.6290726817042607,2026-02-17 16:49:00+00:00,surfline_trevone_20260217_1649
-553975.3004221108,6541289.3144069,-104.28183360000048,0.631578947368421,2026-02-17 16:49:00+00:00,surfline_trevone_20260217_1649
-553975.1978839036,6541288.891954147,-104.28183360000048,0.6340852130325814,2026-02-17 16:49:00+00:00,surfline_trevone_20260217_1649
-553975.0953456813,6541288.469501409,-104.28183360000048,0.6365914786967418,2026-02-17 16:49:00+00:00,surfline_trevone_20260217_1649
-553974.9928074442,6541288.047048684,-104.28183360000048,0.6390977443609023,2026-02-17 16:49:00+00:00,surfline_trevone_20260217_1649
-553974.8902692213,6541287.624595945,-104.28183360000048,0.6416040100250626,2026-02-17 16:49:00+00:00,surfline_trevone_20260217_1649
-553974.7877310143,6541287.202143192,-104.28183360000048,0.644110275689223,2026-02-17 16:49:00+00:00,surfline_trevone_20260217_1649
-553975.3267409094,6541286.967003794,-104.28183360000048,0.6466165413533834,2026-02-17 16:49:00+00:00,surfline_trevone_20260217_1649
-553976.0840711091,6541286.795607532,-104.28183360000048,0.6491228070175439,2026-02-17 16:49:00+00:00,surfline_trevone_20260217_1649
-553976.8414012818,6541286.624211245,-104.28183360000048,0.6516290726817042,2026-02-17 16:49:00+00:00,surfline_trevone_20260217_1649
-553976.7417689802,6541286.202606951,-104.28183360000048,0.6541353383458646,2026-02-17 16:49:00+00:00,surfline_trevone_20260217_1649
-553974.2750398867,6541285.089879514,-104.28183360000048,0.656641604010025,2026-02-17 16:49:00+00:00,surfline_trevone_20260217_1649
-553974.1725016639,6541284.667426774,-104.28183360000048,0.6591478696741855,2026-02-17 16:49:00+00:00,surfline_trevone_20260217_1649
-553971.7057726017,6541283.554699307,-104.28183360000048,0.6616541353383458,2026-02-17 16:49:00+00:00,surfline_trevone_20260217_1649
-553971.6032343796,6541283.13224657,-104.28183360000048,0.6641604010025062,2026-02-17 16:49:00+00:00,surfline_trevone_20260217_1649
-553971.5006961338,6541282.709793854,-104.28183360000048,0.6666666666666666,2026-02-17 16:49:00+00:00,surfline_trevone_20260217_1649
-553971.3981579178,6541282.287341107,-104.28183360000048,0.6691729323308271,2026-02-17 16:49:00+00:00,surfline_trevone_20260217_1649
-553971.7155858638,6541281.987506209,-104.28183360000048,0.6716791979949874,2026-02-17 16:49:00+00:00,surfline_trevone_20260217_1649
-553972.4729160622,6541281.816109948,-104.28183360000048,0.6741854636591478,2026-02-17 16:49:00+00:00,surfline_trevone_20260217_1649
-553973.230246289,6541281.644713716,-104.28183360000048,0.6766917293233082,2026-02-17 16:49:00+00:00,surfline_trevone_20260217_1649
-553973.3521958842,6541281.287804865,-104.28183360000048,0.6791979949874687,2026-02-17 16:49:00+00:00,surfline_trevone_20260217_1649
-553973.2496576782,6541280.865352112,-104.28183360000048,0.681704260651629,2026-02-17 16:49:00+00:00,surfline_trevone_20260217_1649
-553973.1471194562,6541280.442899373,-104.28183360000048,0.6842105263157894,2026-02-17 16:49:00+00:00,surfline_trevone_20260217_1649
-553973.0445812179,6541280.020446651,-104.28183360000048,0.6867167919799498,2026-02-17 16:49:00+00:00,surfline_trevone_20260217_1649
-553972.9420429949,6541279.59799391,-104.28183360000048,0.6892230576441103,2026-02-17 16:49:00+00:00,surfline_trevone_20260217_1649
-553972.8395047891,6541279.175541157,-104.28183360000048,0.6917293233082706,2026-02-17 16:49:00+00:00,surfline_trevone_20260217_1649
-553972.7369665668,6541278.753088418,-104.28183360000048,0.694235588972431,2026-02-17 16:49:00+00:00,surfline_trevone_20260217_1649
-553972.6344283283,6541278.330635696,-104.28183360000048,0.6967418546365914,2026-02-17 16:49:00+00:00,surfline_trevone_20260217_1649
-553972.5318901051,6541277.908182956,-104.28183360000048,0.6992481203007519,2026-02-17 16:49:00+00:00,surfline_trevone_20260217_1649
-553972.4293518995,6541277.485730202,-104.28183360000048,0.7017543859649122,2026-02-17 16:49:00+00:00,surfline_trevone_20260217_1649
-553972.3268136606,6541277.063277479,-104.28183360000048,0.7042606516290726,2026-02-17 16:49:00+00:00,surfline_trevone_20260217_1649
-553972.2242754378,6541276.64082474,-104.28183360000048,0.706766917293233,2026-02-17 16:49:00+00:00,surfline_trevone_20260217_1649
-553972.1217372321,6541276.2183719855,-104.28183360000048,0.7092731829573935,2026-02-17 16:49:00+00:00,surfline_trevone_20260217_1649
-553969.6550081539,6541275.105644533,-104.28183360000048,0.7117794486215538,2026-02-17 16:49:00+00:00,surfline_trevone_20260217_1649
-553967.1882790579,6541273.992917099,-104.28183360000048,0.7142857142857142,2026-02-17 16:49:00+00:00,surfline_trevone_20260217_1649
-553967.0857408349,6541273.57046436,-104.28183360000048,0.7167919799498746,2026-02-17 16:49:00+00:00,surfline_trevone_20260217_1649
-553966.9832026311,6541273.148011604,-104.28183360000048,0.7192982456140351,2026-02-17 16:49:00+00:00,surfline_trevone_20260217_1649
-553966.4216304781,6541272.591534358,-104.28183360000048,0.7218045112781954,2026-02-17 16:49:00+00:00,surfline_trevone_20260217_1649
-553966.7781261682,6541272.303106145,-104.28183360000048,0.7243107769423558,2026-02-17 16:49:00+00:00,surfline_trevone_20260217_1649
-553966.675587945,6541271.880653406,-104.28183360000048,0.7268170426065163,2026-02-17 16:49:00+00:00,surfline_trevone_20260217_1649
-553966.5730497417,6541271.458200649,-104.28183360000048,0.7293233082706767,2026-02-17 16:49:00+00:00,surfline_trevone_20260217_1649
-553966.4705115196,6541271.035747911,-104.28183360000048,0.731829573934837,2026-02-17 16:49:00+00:00,surfline_trevone_20260217_1649
-553966.3679732702,6541270.613295198,-104.28183360000048,0.7343358395989974,2026-02-17 16:49:00+00:00,surfline_trevone_20260217_1649
-553966.2654350554,6541270.190842451,-104.28183360000048,0.7368421052631579,2026-02-17 16:49:00+00:00,surfline_trevone_20260217_1649
-553966.1628968521,6541269.768389694,-104.28183360000048,0.7393483709273183,2026-02-17 16:49:00+00:00,surfline_trevone_20260217_1649
-553966.0603586299,6541269.345936956,-104.28183360000048,0.7418546365914787,2026-02-17 16:49:00+00:00,surfline_trevone_20260217_1649
-553965.9578203887,6541268.923484236,-104.28183360000048,0.744360902255639,2026-02-17 16:49:00+00:00,surfline_trevone_20260217_1649
-553966.2815138745,6541268.625478713,-104.28183360000048,0.7468671679197995,2026-02-17 16:49:00+00:00,surfline_trevone_20260217_1649
-553967.0388440402,6541268.454082418,-104.28183360000048,0.7493734335839599,2026-02-17 16:49:00+00:00,surfline_trevone_20260217_1649
-553967.7961742388,6541268.282686156,-104.28183360000048,0.7518796992481203,2026-02-17 16:49:00+00:00,surfline_trevone_20260217_1649
-553967.911858355,6541267.923947994,-104.28183360000048,0.7543859649122806,2026-02-17 16:49:00+00:00,surfline_trevone_20260217_1649
-553967.8093201321,6541267.501495254,-104.28183360000048,0.7568922305764411,2026-02-17 16:49:00+00:00,surfline_trevone_20260217_1649
-553967.7067819287,6541267.079042498,-104.28183360000048,0.7593984962406015,2026-02-17 16:49:00+00:00,surfline_trevone_20260217_1649
-553967.6042437064,6541266.65658976,-104.28183360000048,0.7619047619047619,2026-02-17 16:49:00+00:00,surfline_trevone_20260217_1649
-553967.5017054655,6541266.23413704,-104.28183360000048,0.7644110275689222,2026-02-17 16:49:00+00:00,surfline_trevone_20260217_1649
-553967.3991672428,6541265.8116843,-104.28183360000048,0.7669172932330827,2026-02-17 16:49:00+00:00,surfline_trevone_20260217_1649
-553968.0837635235,6541265.619051835,-104.28183360000048,0.7694235588972431,2026-02-17 16:49:00+00:00,surfline_trevone_20260217_1649
-553968.8410937544,6541265.447655606,-104.28183360000048,0.7719298245614035,2026-02-17 16:49:00+00:00,surfline_trevone_20260217_1649
-553969.4557434315,6541265.234600796,-104.28183360000048,0.7744360902255638,2026-02-17 16:49:00+00:00,surfline_trevone_20260217_1649
-553969.3532052276,6541264.81214804,-104.28183360000048,0.7769423558897243,2026-02-17 16:49:00+00:00,surfline_trevone_20260217_1649
-553969.2506670059,6541264.389695302,-104.28183360000048,0.7794486215538847,2026-02-17 16:49:00+00:00,surfline_trevone_20260217_1649
-553969.1707180308,6541263.973837988,-104.28183360000048,0.7819548872180451,2026-02-17 16:49:00+00:00,surfline_trevone_20260217_1649
-553969.9280482305,6541263.8024417255,-104.28183360000048,0.7844611528822054,2026-02-17 16:49:00+00:00,surfline_trevone_20260217_1649
-553970.685378397,6541263.631045432,-104.28183360000048,0.7869674185463659,2026-02-17 16:49:00+00:00,surfline_trevone_20260217_1649
-553971.2047049721,6541263.39015906,-104.28183360000048,0.7894736842105263,2026-02-17 16:49:00+00:00,surfline_trevone_20260217_1649
-553971.102166732,6541262.967706339,-104.28183360000048,0.7919799498746867,2026-02-17 16:49:00+00:00,surfline_trevone_20260217_1649
-553970.9996285093,6541262.5452536,-104.28183360000048,0.794486215538847,2026-02-17 16:49:00+00:00,surfline_trevone_20260217_1649
-553971.0150026722,6541262.157227813,-104.28183360000048,0.7969924812030075,2026-02-17 16:49:00+00:00,surfline_trevone_20260217_1649
-553971.772332871,6541261.985831552,-104.28183360000048,0.7994987468671679,2026-02-17 16:49:00+00:00,surfline_trevone_20260217_1649
-553972.5296631139,6541261.814435336,-104.28183360000048,0.8020050125313283,2026-02-17 16:49:00+00:00,surfline_trevone_20260217_1649
-553972.9536664754,6541261.545717359,-104.28183360000048,0.8045112781954886,2026-02-17 16:49:00+00:00,surfline_trevone_20260217_1649
-553972.8511282714,6541261.123264603,-104.28183360000048,0.8070175438596491,2026-02-17 16:49:00+00:00,surfline_trevone_20260217_1649
-553972.8732990107,6541260.737223241,-104.28183360000048,0.8095238095238095,2026-02-17 16:49:00+00:00,surfline_trevone_20260217_1649
-553973.6306292407,6541260.565827011,-104.28183360000048,0.8120300751879699,2026-02-17 16:49:00+00:00,surfline_trevone_20260217_1649
-553974.3879594406,6541260.394430749,-104.28183360000048,0.8145363408521302,2026-02-17 16:49:00+00:00,surfline_trevone_20260217_1649
-553974.8051662372,6541260.123728361,-104.28183360000048,0.8170426065162907,2026-02-17 16:49:00+00:00,surfline_trevone_20260217_1649
-553974.7456070113,6541259.713824235,-104.28183360000048,0.8195488721804511,2026-02-17 16:49:00+00:00,surfline_trevone_20260217_1649
-553975.5029372401,6541259.542428005,-104.28183360000048,0.8220551378446115,2026-02-17 16:49:00+00:00,surfline_trevone_20260217_1649
-553976.2602674395,6541259.371031743,-104.28183360000048,0.8245614035087718,2026-02-17 16:49:00+00:00,surfline_trevone_20260217_1649
-553976.2602674395,6541259.371031743,-104.28183360000048,0.8270676691729323,2026-02-17 16:49:00+00:00,surfline_trevone_20260217_1649
-553976.2602674395,6541259.371031743,-104.28183360000048,0.8295739348370927,2026-02-17 16:49:00+00:00,surfline_trevone_20260217_1649
-553976.2602674395,6541259.371031743,-104.28183360000048,0.8320802005012531,2026-02-17 16:49:00+00:00,surfline_trevone_20260217_1649
-553976.2602674395,6541259.371031743,-104.28183360000048,0.8345864661654134,2026-02-17 16:49:00+00:00,surfline_trevone_20260217_1649
-553976.2602674395,6541259.371031743,-104.28183360000048,0.8370927318295739,2026-02-17 16:49:00+00:00,surfline_trevone_20260217_1649
-553976.2602674395,6541259.371031743,-104.28183360000048,0.8395989974937343,2026-02-17 16:49:00+00:00,surfline_trevone_20260217_1649
-553976.2602674395,6541259.371031743,-104.28183360000048,0.8421052631578947,2026-02-17 16:49:00+00:00,surfline_trevone_20260217_1649
-553976.2602674395,6541259.371031743,-104.28183360000048,0.844611528822055,2026-02-17 16:49:00+00:00,surfline_trevone_20260217_1649
-553976.2602674395,6541259.371031743,-104.28183360000048,0.8471177944862155,2026-02-17 16:49:00+00:00,surfline_trevone_20260217_1649
-553976.2602674395,6541259.371031743,-104.28183360000048,0.849624060150376,2026-02-17 16:49:00+00:00,surfline_trevone_20260217_1649
-553976.2602674395,6541259.371031743,-104.28183360000048,0.8521303258145363,2026-02-17 16:49:00+00:00,surfline_trevone_20260217_1649
-553976.2602674395,6541259.371031743,-104.28183360000048,0.8546365914786966,2026-02-17 16:49:00+00:00,surfline_trevone_20260217_1649
-553976.2602674395,6541259.371031743,-104.28183360000048,0.8571428571428571,2026-02-17 16:49:00+00:00,surfline_trevone_20260217_1649
-553976.2602674395,6541259.371031743,-104.28183360000048,0.8596491228070176,2026-02-17 16:49:00+00:00,surfline_trevone_20260217_1649
-553976.2602674395,6541259.371031743,-104.28183360000048,0.8621553884711779,2026-02-17 16:49:00+00:00,surfline_trevone_20260217_1649
-553976.2602674395,6541259.371031743,-104.28183360000048,0.8646616541353382,2026-02-17 16:49:00+00:00,surfline_trevone_20260217_1649
-553976.2602674395,6541259.371031743,-104.28183360000048,0.8671679197994987,2026-02-17 16:49:00+00:00,surfline_trevone_20260217_1649
-553976.2602674395,6541259.371031743,-104.28183360000048,0.8696741854636592,2026-02-17 16:49:00+00:00,surfline_trevone_20260217_1649
-553976.2602674395,6541259.371031743,-104.28183360000048,0.8721804511278195,2026-02-17 16:49:00+00:00,surfline_trevone_20260217_1649
-553976.2602674395,6541259.371031743,-104.28183360000048,0.8746867167919798,2026-02-17 16:49:00+00:00,surfline_trevone_20260217_1649
-553976.2602674395,6541259.371031743,-104.28183360000048,0.8771929824561403,2026-02-17 16:49:00+00:00,surfline_trevone_20260217_1649
-553976.2602674395,6541259.371031743,-104.28183360000048,0.8796992481203008,2026-02-17 16:49:00+00:00,surfline_trevone_20260217_1649
-553976.2602674395,6541259.371031743,-104.28183360000048,0.8822055137844611,2026-02-17 16:49:00+00:00,surfline_trevone_20260217_1649
-553976.2602674395,6541259.371031743,-104.28183360000048,0.8847117794486214,2026-02-17 16:49:00+00:00,surfline_trevone_20260217_1649
-553976.2602674395,6541259.371031743,-104.28183360000048,0.8872180451127819,2026-02-17 16:49:00+00:00,surfline_trevone_20260217_1649
-553976.2602674395,6541259.371031743,-104.28183360000048,0.8897243107769424,2026-02-17 16:49:00+00:00,surfline_trevone_20260217_1649
-553976.2602674395,6541259.371031743,-104.28183360000048,0.8922305764411027,2026-02-17 16:49:00+00:00,surfline_trevone_20260217_1649
-553976.2602674395,6541259.371031743,-104.28183360000048,0.894736842105263,2026-02-17 16:49:00+00:00,surfline_trevone_20260217_1649
-553976.2602674395,6541259.371031743,-104.28183360000048,0.8972431077694235,2026-02-17 16:49:00+00:00,surfline_trevone_20260217_1649
-553976.2602674395,6541259.371031743,-104.28183360000048,0.899749373433584,2026-02-17 16:49:00+00:00,surfline_trevone_20260217_1649
-553976.2602674395,6541259.371031743,-104.28183360000048,0.9022556390977443,2026-02-17 16:49:00+00:00,surfline_trevone_20260217_1649
-553976.2602674395,6541259.371031743,-104.28183360000048,0.9047619047619047,2026-02-17 16:49:00+00:00,surfline_trevone_20260217_1649
-553976.2602674395,6541259.371031743,-104.28183360000048,0.9072681704260651,2026-02-17 16:49:00+00:00,surfline_trevone_20260217_1649
-553976.2602674395,6541259.371031743,-104.28183360000048,0.9097744360902256,2026-02-17 16:49:00+00:00,surfline_trevone_20260217_1649
-553976.2602674395,6541259.371031743,-104.28183360000048,0.9122807017543859,2026-02-17 16:49:00+00:00,surfline_trevone_20260217_1649
-553976.2602674395,6541259.371031743,-104.28183360000048,0.9147869674185463,2026-02-17 16:49:00+00:00,surfline_trevone_20260217_1649
-553976.2602674395,6541259.371031743,-104.28183360000048,0.9172932330827067,2026-02-17 16:49:00+00:00,surfline_trevone_20260217_1649
-553976.2602674395,6541259.371031743,-104.28183360000048,0.9197994987468672,2026-02-17 16:49:00+00:00,surfline_trevone_20260217_1649
-553976.2602674395,6541259.371031743,-104.28183360000048,0.9223057644110275,2026-02-17 16:49:00+00:00,surfline_trevone_20260217_1649
-553976.2602674395,6541259.371031743,-104.28183360000048,0.9248120300751879,2026-02-17 16:49:00+00:00,surfline_trevone_20260217_1649
-553976.2602674395,6541259.371031743,-104.28183360000048,0.9273182957393483,2026-02-17 16:49:00+00:00,surfline_trevone_20260217_1649
-553976.2602674395,6541259.371031743,-104.28183360000048,0.9298245614035088,2026-02-17 16:49:00+00:00,surfline_trevone_20260217_1649
-553976.2602674395,6541259.371031743,-104.28183360000048,0.9323308270676691,2026-02-17 16:49:00+00:00,surfline_trevone_20260217_1649
-553976.2602674395,6541259.371031743,-104.28183360000048,0.9348370927318295,2026-02-17 16:49:00+00:00,surfline_trevone_20260217_1649
-553976.2602674395,6541259.371031743,-104.28183360000048,0.9373433583959899,2026-02-17 16:49:00+00:00,surfline_trevone_20260217_1649
-553976.2602674395,6541259.371031743,-104.28183360000048,0.9398496240601504,2026-02-17 16:49:00+00:00,surfline_trevone_20260217_1649
-553976.2602674395,6541259.371031743,-104.28183360000048,0.9423558897243107,2026-02-17 16:49:00+00:00,surfline_trevone_20260217_1649
-553976.2602674395,6541259.371031743,-104.28183360000048,0.9448621553884711,2026-02-17 16:49:00+00:00,surfline_trevone_20260217_1649
-553976.2602674395,6541259.371031743,-104.28183360000048,0.9473684210526315,2026-02-17 16:49:00+00:00,surfline_trevone_20260217_1649
-553976.2602674395,6541259.371031743,-104.28183360000048,0.949874686716792,2026-02-17 16:49:00+00:00,surfline_trevone_20260217_1649
-553976.2602674395,6541259.371031743,-104.28183360000048,0.9523809523809523,2026-02-17 16:49:00+00:00,surfline_trevone_20260217_1649
-553976.2602674395,6541259.371031743,-104.28183360000048,0.9548872180451127,2026-02-17 16:49:00+00:00,surfline_trevone_20260217_1649
-553976.2602674395,6541259.371031743,-104.28183360000048,0.9573934837092731,2026-02-17 16:49:00+00:00,surfline_trevone_20260217_1649
-553976.2602674395,6541259.371031743,-104.28183360000048,0.9598997493734336,2026-02-17 16:49:00+00:00,surfline_trevone_20260217_1649
-553976.2602674395,6541259.371031743,-104.28183360000048,0.9624060150375939,2026-02-17 16:49:00+00:00,surfline_trevone_20260217_1649
-553976.2602674395,6541259.371031743,-104.28183360000048,0.9649122807017543,2026-02-17 16:49:00+00:00,surfline_trevone_20260217_1649
-553976.2602674395,6541259.371031743,-104.28183360000048,0.9674185463659147,2026-02-17 16:49:00+00:00,surfline_trevone_20260217_1649
-553976.2602674395,6541259.371031743,-104.28183360000048,0.9699248120300752,2026-02-17 16:49:00+00:00,surfline_trevone_20260217_1649
-553976.2602674395,6541259.371031743,-104.28183360000048,0.9724310776942355,2026-02-17 16:49:00+00:00,surfline_trevone_20260217_1649
-553976.2602674395,6541259.371031743,-104.28183360000048,0.9749373433583959,2026-02-17 16:49:00+00:00,surfline_trevone_20260217_1649
-553976.2602674395,6541259.371031743,-104.28183360000048,0.9774436090225563,2026-02-17 16:49:00+00:00,surfline_trevone_20260217_1649
-553976.2602674395,6541259.371031743,-104.28183360000048,0.9799498746867168,2026-02-17 16:49:00+00:00,surfline_trevone_20260217_1649
-553976.2602674395,6541259.371031743,-104.28183360000048,0.9824561403508771,2026-02-17 16:49:00+00:00,surfline_trevone_20260217_1649
-553976.2602674395,6541259.371031743,-104.28183360000048,0.9849624060150375,2026-02-17 16:49:00+00:00,surfline_trevone_20260217_1649
-553976.2602674395,6541259.371031743,-104.28183360000048,0.9874686716791979,2026-02-17 16:49:00+00:00,surfline_trevone_20260217_1649
-553976.2602674395,6541259.371031743,-104.28183360000048,0.9899749373433584,2026-02-17 16:49:00+00:00,surfline_trevone_20260217_1649
-553976.2602674395,6541259.371031743,-104.28183360000048,0.9924812030075187,2026-02-17 16:49:00+00:00,surfline_trevone_20260217_1649
-553976.2602674395,6541259.371031743,-104.28183360000048,0.9949874686716791,2026-02-17 16:49:00+00:00,surfline_trevone_20260217_1649
-553976.2602674395,6541259.371031743,-104.28183360000048,0.9974937343358395,2026-02-17 16:49:00+00:00,surfline_trevone_20260217_1649
-553976.2602674395,6541259.371031743,-104.28183360000048,1.0,2026-02-17 16:49:00+00:00,surfline_trevone_20260217_1649
