v -553717.4371514268 6541312.939531462 -102.28844160000048
v -553717.3346131562 6541312.51707877 -102.28844160000048
v -553717.2320749332 6541312.094626031 -102.28844160000048
v -553717.1295367954 6541311.672173211 -102.28844160000048
v -553717.0269985734 6541311.249720473 -102.28844160000048
v -553716.9244602665 6541310.827267816 -102.28844160000048
v -553716.8219220436 6541310.404815077 -102.28844160000048
v -553716.719383906 6541309.982362256 -102.28844160000048
v -553716.6168456839 6541309.559909519 -102.28844160000048
v -553716.5143073772 6541309.137456861 -102.28844160000048
v -553716.4117691542 6541308.715004122 -102.28844160000048
v -553716.3092310169 6541308.292551302 -102.28844160000048
v -553716.2066927948 6541307.870098564 -102.28844160000048
v -553716.1041544874 6541307.447645907 -102.28844160000048
v -553716.0016162645 6541307.025193168 -102.28844160000048
v -553715.8990781273 6541306.602740347 -102.28844160000048
v -553715.7965399054 6541306.180287609 -102.28844160000048
v -553715.6940015976 6541305.757834952 -102.28844160000048
v -553715.5914633748 6541305.335382213 -102.28844160000048
v -553716.0336242472 6541305.071965602 -102.28844160000048
v -553716.790954446 6541304.900569341 -102.28844160000048
v -553717.5482847925 6541304.729173229 -102.28844160000048
v -553717.5455013413 6541304.335845971 -102.28844160000048
v -553717.442963204 6541303.913393151 -102.28844160000048
v -553717.3404248968 6541303.490940494 -102.28844160000048
v -553717.2378866737 6541303.068487755 -102.28844160000048
v -553717.1353485368 6541302.646034935 -102.28844160000048
v -553714.6686194221 6541301.533307518 -102.28844160000048
v -553714.5660811508 6541301.110854827 -102.28844160000048
v -553714.4635429279 6541300.688402087 -102.28844160000048
v -553714.3610047918 6541300.265949267 -102.28844160000048
v -553714.2584665697 6541299.843496528 -102.28844160000048
v -553714.1559282611 6541299.421043873 -102.28844160000048
v -553714.0533900382 6541298.998591133 -102.28844160000048
v -553713.9508519022 6541298.576138312 -102.28844160000048
v -553714.2667539 6541298.275857902 -102.28844160000048
v -553715.0240842486 6541298.104461793 -102.28844160000048
v -553715.7814144483 6541297.933065531 -102.28844160000048
v -553715.9048898685 6541297.576602071 -102.28844160000048
v -553715.8023516464 6541297.154149332 -102.28844160000048
v -553715.699813338 6541296.731696676 -102.28844160000048
v -553715.5972751151 6541296.309243937 -102.28844160000048
v -553715.494736979 6541295.886791116 -102.28844160000048
v -553715.392198757 6541295.464338377 -102.28844160000048
v -553715.2896604486 6541295.0418857215 -102.28844160000048
v -553715.1871222258 6541294.619432982 -102.28844160000048
v -553715.6553093243 6541294.363615269 -102.28844160000048
v -553716.412639673 6541294.192219159 -102.28844160000048
v -553717.1699698725 6541294.020822897 -102.28844160000048
v -553717.1411602781 6541293.619896658 -102.28844160000048
v -553717.038622056 6541293.197443919 -102.28844160000048
v -553716.9360837479 6541292.774991264 -102.28844160000048
v -553716.8335455249 6541292.352538524 -102.28844160000048
v -553716.7310073891 6541291.930085703 -102.28844160000048
v -553717.4715707343 6541291.753794056 -102.28844160000048
v -553718.2289010186 6541291.582397882 -102.28844160000048
v -553718.7875834912 6541291.353002282 -102.28844160000048
v -553718.6850453545 6541290.930549461 -102.28844160000048
v -553718.5825071324 6541290.508096723 -102.28844160000048
v -553716.630170639 6541289.545556998 -102.28844160000048
v -553717.3875008387 6541289.374160736 -102.28844160000048
v -553718.1448308871 6541289.202764323 -102.28844160000048
v -553718.1723542432 6541288.818285769 -102.28844160000048
v -553718.069815935 6541288.395833112 -102.28844160000048
v -553717.9672777121 6541287.973380373 -102.28844160000048
v -553717.864739576 6541287.550927552 -102.28844160000048
v -553717.762201354 6541287.128474814 -102.28844160000048
v -553717.6596630453 6541286.706022158 -102.28844160000048
v -553717.5571248224 6541286.283569419 -102.28844160000048
v -553717.4545866868 6541285.861116597 -102.28844160000048
v -553717.3520483782 6541285.438663942 -102.28844160000048
v -553717.6190434686 6541285.124104142 -102.28844160000048
v -553718.3763735172 6541284.952707729 -102.28844160000048
v -553719.1337037162 6541284.781311468 -102.28844160000048
v -553719.3060863442 6541284.4391277 -102.28844160000048
v -553719.2035481211 6541284.016674961 -102.28844160000048
v -553719.1010099853 6541283.59422214 -102.28844160000048
v -553718.9984717632 6541283.171769401 -102.28844160000048
v -553718.8959334549 6541282.749316745 -102.28844160000048
v -553718.7933951948 6541282.326864041 -102.28844160000048
v -553718.690857096 6541281.904411185 -102.28844160000048
v -553719.407281336 6541281.721071578 -102.28844160000048
v -553720.1646116845 6541281.549675468 -102.28844160000048
v -553720.7474331986 6541281.327327765 -102.28844160000048
v -553720.6448950624 6541280.904874943 -102.28844160000048
v -553720.5423568403 6541280.482422205 -102.28844160000048
v -553720.4398185319 6541280.059969549 -102.28844160000048
v -553720.3372803091 6541279.63751681 -102.28844160000048
v -553720.2347421731 6541279.215063988 -102.28844160000048
v -553720.837871751 6541278.998645647 -102.28844160000048
v -553721.5952020992 6541278.827249538 -102.28844160000048
v -553722.2913182758 6541278.637980568 -102.28844160000048
v -553722.1887801393 6541278.215527748 -102.28844160000048
v -553722.0862418315 6541277.793075091 -102.28844160000048
v -553721.9837036085 6541277.370622352 -102.28844160000048
v -553721.8811654724 6541276.948169531 -102.28844160000048
v -553721.7786272502 6541276.525716793 -102.28844160000048
v -553721.676088942 6541276.103264137 -102.28844160000048
v -553721.573550719 6541275.680811398 -102.28844160000048
v -553722.2404388391 6541275.483008581 -102.28844160000048
v -553722.9977690375 6541275.31161232 -102.28844160000048
v -553723.6301269088 6541275.103727895 -102.28844160000048
v -553723.5275886856 6541274.681275155 -102.28844160000048
v -553723.4250505493 6541274.258822335 -102.28844160000048
v -553723.3225123271 6541273.836369596 -102.28844160000048
v -553723.3133817987 6541273.441189285 -102.28844160000048
v -553724.0707120621 6541273.269793088 -102.28844160000048
v -553724.8280420476 6541273.098396611 -102.28844160000048
v -553725.2765502934 6541272.836833355 -102.28844160000048
v -553725.1740119857 6541272.414380698 -102.28844160000048
v -553725.0714737627 6541271.991927959 -102.28844160000048
v -553724.3863244619 6541271.399369687 -102.28844160000048
v -553724.8663974035 6541271.1470224 -102.28844160000048
v -553724.7638590958 6541270.724569744 -102.28844160000048
v -553725.1156314827 6541270.43476244 -102.28844160000048
v -553725.8729615321 6541270.263366028 -102.28844160000048
v -553726.630291731 6541270.091969767 -102.28844160000048
v -553726.7178970625 6541269.725033502 -102.28844160000048
v -553726.6153588397 6541269.302580763 -102.28844160000048
v -553726.5128207027 6541268.880127942 -102.28844160000048
v -553726.4102823952 6541268.457675286 -102.28844160000048
v -553726.3077441722 6541268.035222546 -102.28844160000048
v -553726.2052060356 6541267.612769726 -102.28844160000048
v -553726.1026678134 6541267.190316988 -102.28844160000048
v -553726.5181985692 6541266.919125374 -102.28844160000048
v -553727.2755287687 6541266.747729112 -102.28844160000048
v -553728.0328588189 6541266.5763327 -102.28844160000048
v -553728.0567057799 6541266.190780747 -102.28844160000048
v -553727.9541674727 6541265.76832809 -102.28844160000048
v -553727.9908239753 6541265.386516146 -102.28844160000048
v -553728.7481540256 6541265.215119735 -102.28844160000048
v -553729.5054842242 6541265.043723474 -102.28844160000048
v -553729.9082054391 6541264.768791848 -102.28844160000048
v -553729.8056671798 6541264.346339143 -102.28844160000048
v -553729.7031290786 6541263.923886289 -102.28844160000048
v -553729.6005908565 6541263.50143355 -102.28844160000048
v -553729.4980525492 6541263.078980893 -102.28844160000048
v -553727.4930597349 6541262.101066951 -102.28844160000048
v -553728.2503897842 6541261.92967054 -102.28844160000048
v -553727.8507071879 6541261.420460318 -102.28844160000048
v -553728.6080375351 6541261.249064207 -102.28844160000048
v -553728.9853614366 6541260.966717199 -102.28844160000048
v -553728.8828232996 6541260.544264379 -102.28844160000048
v -553728.7802849923 6541260.121811722 -102.28844160000048
v -553726.313555913 6541259.00908427 -102.28844160000048
v -553726.2110177772 6541258.586631449 -102.28844160000048
v -553726.1084795549 6541258.164178711 -102.28844160000048
v -553726.0059412464 6541257.741726056 -102.28844160000048
v -553726.1819186406 6541257.400591746 -102.28844160000048
v -553726.9392486886 6541257.229195332 -102.28844160000048
v -553727.6965788866 6541257.057799071 -102.28844160000048
v -553727.9599792128 6541256.742189813 -102.28844160000048
v -553727.8574409897 6541256.319737074 -102.28844160000048
v -553725.3907119982 6541255.20700954 -102.28844160000048
v -553725.288173776 6541254.784556801 -102.28844160000048
v -553725.3124951299 6541254.399143465 -102.28844160000048
v -553726.0698253294 6541254.227747203 -102.28844160000048
v -553726.8271553773 6541254.056350789 -102.28844160000048
v -553727.242211742 6541253.78502056 -102.28844160000048
v -553727.1396734335 6541253.362567904 -102.28844160000048
v -553727.0371351733 6541252.9401152 -102.28844160000048
v -553726.9345970746 6541252.517662344 -102.28844160000048
v -553726.8320588525 6541252.095209605 -102.28844160000048
v -553726.7295205435 6541251.672756949 -102.28844160000048
v -553724.2627914641 6541250.560029497 -102.28844160000048
v -553721.7960624738 6541249.447301962 -102.28844160000048
v -553721.6935241634 6541249.024849309 -102.28844160000048
v -553720.9019749225 6541248.401225465 -102.28844160000048
v -553721.4884478067 6541248.179943746 -102.28844160000048
v -553721.3859095842 6541247.757491007 -102.28844160000048
v -553721.2833712734 6541247.335038354 -102.28844160000048
v -553718.8166421939 6541246.222310902 -102.28844160000048
v -553718.7141040612 6541245.799858077 -102.28844160000048
v -553718.611565839 6541245.377405339 -102.28844160000048
v -553718.611565839 6541245.377405339 -102.28844160000048
v -553718.611565839 6541245.377405339 -102.28844160000048
v -553718.611565839 6541245.377405339 -102.28844160000048
v -553718.611565839 6541245.377405339 -102.28844160000048
v -553718.611565839 6541245.377405339 -102.28844160000048
v -553718.611565839 6541245.377405339 -102.28844160000048
v -553718.611565839 6541245.377405339 -102.28844160000048
v -553718.611565839 6541245.377405339 -102.28844160000048
v -553718.611565839 6541245.377405339 -102.28844160000048
v -553718.611565839 6541245.377405339 -102.28844160000048
v -553718.611565839 6541245.377405339 -102.28844160000048
v -553718.611565839 6541245.377405339 -102.28844160000048
v -553718.611565839 6541245.377405339 -102.28844160000048
v -553718.611565839 6541245.377405339 -102.28844160000048
v -553718.611565839 6541245.377405339 -102.28844160000048
v -553718.611565839 6541245.377405339 -102.28844160000048
v -553718.611565839 6541245.377405339 -102.28844160000048
v -553718.611565839 6541245.377405339 -102.28844160000048
v -553718.611565839 6541245.377405339 -102.28844160000048
v -553718.611565839 6541245.377405339 -102.28844160000048
v -553718.611565839 6541245.377405339 -102.28844160000048
v -553718.611565839 6541245.377405339 -102.28844160000048
v -553718.611565839 6541245.377405339 -102.28844160000048
v -553718.611565839 6541245.377405339 -102.28844160000048
v -553718.611565839 6541245.377405339 -102.28844160000048
v -553718.611565839 6541245.377405339 -102.28844160000048
v -553718.611565839 6541245.377405339 -102.28844160000048
v -553718.611565839 6541245.377405339 -102.28844160000048
v -553718.611565839 6541245.377405339 -102.28844160000048
v -553718.611565839 6541245.377405339 -102.28844160000048
v -553718.611565839 6541245.377405339 -102.28844160000048
v -553718.611565839 6541245.377405339 -102.28844160000048
v -553718.611565839 6541245.377405339 -102.28844160000048
v -553718.611565839 6541245.377405339 -102.28844160000048
v -553718.611565839 6541245.377405339 -102.28844160000048
v -553718.611565839 6541245.377405339 -102.28844160000048
v -553718.611565839 6541245.377405339 -102.28844160000048
v -553718.611565839 6541245.377405339 -102.28844160000048
v -553718.611565839 6541245.377405339 -102.28844160000048
v -553718.611565839 6541245.377405339 -102.28844160000048
v -553718.611565839 6541245.377405339 -102.28844160000048
v -553718.611565839 6541245.377405339 -102.28844160000048
v -553718.611565839 6541245.377405339 -102.28844160000048
v -553718.611565839 6541245.377405339 -102.28844160000048
v -553718.611565839 6541245.377405339 -102.28844160000048
v -553718.611565839 6541245.377405339 -102.28844160000048
v -553718.611565839 6541245.377405339 -102.28844160000048
v -553718.611565839 6541245.377405339 -102.28844160000048
v -553718.611565839 6541245.377405339 -102.28844160000048
v -553718.611565839 6541245.377405339 -102.28844160000048
v -553718.611565839 6541245.377405339 -102.28844160000048
v -553718.611565839 6541245.377405339 -102.28844160000048
v -553718.611565839 6541245.377405339 -102.28844160000048
v -553718.611565839 6541245.377405339 -102.28844160000048
v -553718.611565839 6541245.377405339 -102.28844160000048
v -553718.611565839 6541245.377405339 -102.28844160000048
v -553718.611565839 6541245.377405339 -102.28844160000048
v -553718.611565839 6541245.377405339 -102.28844160000048
v -553718.611565839 6541245.377405339 -102.28844160000048
v -553718.611565839 6541245.377405339 -102.28844160000048
v -553718.611565839 6541245.377405339 -102.28844160000048
v -553718.611565839 6541245.377405339 -102.28844160000048
v -553718.611565839 6541245.377405339 -102.28844160000048
v -553718.611565839 6541245.377405339 -102.28844160000048
v -553718.611565839 6541245.377405339 -102.28844160000048
v -553718.611565839 6541245.377405339 -102.28844160000048
v -553718.611565839 6541245.377405339 -102.28844160000048
v -553718.611565839 6541245.377405339 -102.28844160000048
v -553718.611565839 6541245.377405339 -102.28844160000048
v -553718.611565839 6541245.377405339 -102.28844160000048
v -553718.611565839 6541245.377405339 -102.28844160000048
v -553718.611565839 6541245.377405339 -102.28844160000048
v -553718.611565839 6541245.377405339 -102.28844160000048
v -553718.611565839 6541245.377405339 -102.28844160000048
v -553718.611565839 6541245.377405339 -102.28844160000048
v -553718.611565839 6541245.377405339 -102.28844160000048
v -553718.611565839 6541245.377405339 -102.28844160000048
v -553718.611565839 6541245.377405339 -102.28844160000048
v -553718.611565839 6541245.377405339 -102.28844160000048
v -553718.611565839 6541245.377405339 -102.28844160000048
v -553718.611565839 6541245.377405339 -102.28844160000048
v -553718.611565839 6541245.377405339 -102.28844160000048
v -553718.611565839 6541245.377405339 -102.28844160000048
v -553718.611565839 6541245.377405339 -102.28844160000048
v -553718.611565839 6541245.377405339 -102.28844160000048
v -553718.611565839 6541245.377405339 -102.28844160000048
v -553718.611565839 6541245.377405339 -102.28844160000048
v -553718.611565839 6541245.377405339 -102.28844160000048
v -553718.611565839 6541245.377405339 -102.28844160000048
v -553718.611565839 6541245.377405339 -102.28844160000048
v -553718.611565839 6541245.377405339 -102.28844160000048
v -553718.611565839 6541245.377405339 -102.28844160000048
v -553718.611565839 6541245.377405339 -102.28844160000048
v -553718.611565839 6541245.377405339 -102.28844160000048
v -553718.611565839 6541245.377405339 -102.28844160000048
v -553718.611565839 6541245.377405339 -102.28844160000048
v -553718.611565839 6541245.377405339 -102.28844160000048
v -553718.611565839 6541245.377405339 -102.28844160000048
v -553718.611565839 6541245.377405339 -102.28844160000048
v -553718.611565839 6541245.377405339 -102.28844160000048
v -553718.611565839 6541245.377405339 -102.28844160000048
v -553718.611565839 6541245.377405339 -102.28844160000048
v -553718.611565839 6541245.377405339 -102.28844160000048
v -553718.611565839 6541245.377405339 -102.28844160000048
v -553718.611565839 6541245.377405339 -102.28844160000048
v -553718.611565839 6541245.377405339 -102.28844160000048
v -553718.611565839 6541245.377405339 -102.28844160000048
v -553718.611565839 6541245.377405339 -102.28844160000048
v -553718.611565839 6541245.377405339 -102.28844160000048
v -553718.611565839 6541245.377405339 -102.28844160000048
v -553718.611565839 6541245.377405339 -102.28844160000048
v -553718.611565839 6541245.377405339 -102.28844160000048
v -553718.611565839 6541245.377405339 -102.28844160000048
v -553718.611565839 6541245.377405339 -102.28844160000048
v -553718.611565839 6541245.377405339 -102.28844160000048
v -553718.611565839 6541245.377405339 -102.28844160000048
v -553718.611565839 6541245.377405339 -102.28844160000048
v -553718.611565839 6541245.377405339 -102.28844160000048
v -553718.611565839 6541245.377405339 -102.28844160000048
v -553718.611565839 6541245.377405339 -102.28844160000048
v -553718.611565839 6541245.377405339 -102.28844160000048
v -553718.611565839 6541245.377405339 -102.28844160000048
v -553718.611565839 6541245.377405339 -102.28844160000048
v -553718.611565839 6541245.377405339 -102.28844160000048
v -553718.611565839 6541245.377405339 -102.28844160000048
v -553718.611565839 6541245.377405339 -102.28844160000048
v -553718.611565839 6541245.377405339 -102.28844160000048
v -553718.611565839 6541245.377405339 -102.28844160000048
v -553718.611565839 6541245.377405339 -102.28844160000048
v -553718.611565839 6541245.377405339 -102.28844160000048
v -553718.611565839 6541245.377405339 -102.28844160000048
v -553718.611565839 6541245.377405339 -102.28844160000048
v -553718.611565839 6541245.377405339 -102.28844160000048
v -553718.611565839 6541245.377405339 -102.28844160000048
v -553718.611565839 6541245.377405339 -102.28844160000048
v -553718.611565839 6541245.377405339 -102.28844160000048
v -553718.611565839 6541245.377405339 -102.28844160000048
v -553718.611565839 6541245.377405339 -102.28844160000048
v -553718.611565839 6541245.377405339 -102.28844160000048
v -553718.611565839 6541245.377405339 -102.28844160000048
v -553718.611565839 6541245.377405339 -102.28844160000048
v -553718.611565839 6541245.377405339 -102.28844160000048
v -553718.611565839 6541245.377405339 -102.28844160000048
v -553718.611565839 6541245.377405339 -102.28844160000048
v -553718.611565839 6541245.377405339 -102.28844160000048
v -553718.611565839 6541245.377405339 -102.28844160000048
v -553718.611565839 6541245.377405339 -102.28844160000048
v -553718.611565839 6541245.377405339 -102.28844160000048
v -553718.611565839 6541245.377405339 -102.28844160000048
v -553718.611565839 6541245.377405339 -102.28844160000048
v -553718.611565839 6541245.377405339 -102.28844160000048
v -553718.611565839 6541245.377405339 -102.28844160000048
v -553718.611565839 6541245.377405339 -102.28844160000048
v -553718.611565839 6541245.377405339 -102.28844160000048
v -553718.611565839 6541245.377405339 -102.28844160000048
v -553718.611565839 6541245.377405339 -102.28844160000048
v -553718.611565839 6541245.377405339 -102.28844160000048
v -553718.611565839 6541245.377405339 -102.28844160000048
v -553718.611565839 6541245.377405339 -102.28844160000048
v -553718.611565839 6541245.377405339 -102.28844160000048
v -553718.611565839 6541245.377405339 -102.28844160000048
v -553718.611565839 6541245.377405339 -102.28844160000048
v -553718.611565839 6541245.377405339 -102.28844160000048
v -553718.611565839 6541245.377405339 -102.28844160000048
v -553718.611565839 6541245.377405339 -102.28844160000048
v -553718.611565839 6541245.377405339 -102.28844160000048
v -553718.611565839 6541245.377405339 -102.28844160000048
v -553718.611565839 6541245.377405339 -102.28844160000048
v -553718.611565839 6541245.377405339 -102.28844160000048
v -553718.611565839 6541245.377405339 -102.28844160000048
v -553718.611565839 6541245.377405339 -102.28844160000048
v -553718.611565839 6541245.377405339 -102.28844160000048
v -553718.611565839 6541245.377405339 -102.28844160000048
v -553718.611565839 6541245.377405339 -102.28844160000048
v -553718.611565839 6541245.377405339 -102.28844160000048
v -553718.611565839 6541245.377405339 -102.28844160000048
v -553718.611565839 6541245.377405339 -102.28844160000048
v -553718.611565839 6541245.377405339 -102.28844160000048
v -553718.611565839 6541245.377405339 -102.28844160000048
v -553718.611565839 6541245.377405339 -102.28844160000048
v -553718.611565839 6541245.377405339 -102.28844160000048
v -553718.611565839 6541245.377405339 -102.28844160000048
v -553718.611565839 6541245.377405339 -102.28844160000048
v -553718.611565839 6541245.377405339 -102.28844160000048
v -553718.611565839 6541245.377405339 -102.28844160000048
v -553718.611565839 6541245.377405339 -102.28844160000048
v -553718.611565839 6541245.377405339 -102.28844160000048
v -553718.611565839 6541245.377405339 -102.28844160000048
v -553718.611565839 6541245.377405339 -102.28844160000048
v -553718.611565839 6541245.377405339 -102.28844160000048
v -553718.611565839 6541245.377405339 -102.28844160000048
v -553718.611565839 6541245.377405339 -102.28844160000048
v -553718.611565839 6541245.377405339 -102.28844160000048
v -553718.611565839 6541245.377405339 -102.28844160000048
v -553718.611565839 6541245.377405339 -102.28844160000048
v -553718.611565839 6541245.377405339 -102.28844160000048
v -553718.611565839 6541245.377405339 -102.28844160000048
v -553718.611565839 6541245.377405339 -102.28844160000048
v -553718.611565839 6541245.377405339 -102.28844160000048
v -553718.611565839 6541245.377405339 -102.28844160000048
v -553718.611565839 6541245.377405339 -102.28844160000048
v -553718.611565839 6541245.377405339 -102.28844160000048
v -553718.611565839 6541245.377405339 -102.28844160000048
v -553718.611565839 6541245.377405339 -102.28844160000048
v -553718.611565839 6541245.377405339 -102.28844160000048
v -553718.611565839 6541245.377405339 -102.28844160000048
v -553718.611565839 6541245.377405339 -102.28844160000048
v -553718.611565839 6541245.377405339 -102.28844160000048
v -553718.611565839 6541245.377405339 -102.28844160000048
v -553718.611565839 6541245.377405339 -102.28844160000048
v -553718.611565839 6541245.377405339 -102.28844160000048
v -553718.611565839 6541245.377405339 -102.28844160000048
v -553718.611565839 6541245.377405339 -102.28844160000048
v -553718.611565839 6541245.377405339 -102.28844160000048
v -553718.611565839 6541245.377405339 -102.28844160000048
v -553718.611565839 6541245.377405339 -102.28844160000048
v -553718.611565839 6541245.377405339 -102.28844160000048
v -553718.611565839 6541245.377405339 -102.28844160000048
v -553718.611565839 6541245.377405339 -102.28844160000048
v -553718.611565839 6541245.377405339 -102.28844160000048
v -553718.611565839 6541245.377405339 -102.28844160000048
v -553718.611565839 6541245.377405339 -102.28844160000048
v -553718.611565839 6541245.377405339 -102.28844160000048
v -553718.611565839 6541245.377405339 -102.28844160000048
v -553718.611565839 6541245.377405339 -102.28844160000048
v -553718.611565839 6541245.377405339 -102.28844160000048
v -553658.3323800236 6541295.682663634 -102.39451200000047
v -553658.4351946615 6541295.320168009 -102.39451200000047
v -553659.1925248612 6541295.148771747 -102.39451200000047
v -553659.9498548823 6541294.977375306 -102.39451200000047
v -553657.6218176298 6541293.905141819 -102.39451200000047
v -553657.8196888529 6541293.570399997 -102.39451200000047
v -553657.7171506302 6541293.147947257 -102.39451200000047
v -553657.6146125104 6541292.725494421 -102.39451200000047
v -553658.337112838 6541292.543928854 -102.39451200000047
v -553659.0944432144 6541292.372532773 -102.39451200000047
v -553659.6711885966 6541292.148411016 -102.39451200000047
v -553659.5686504764 6541291.72595818 -102.39451200000047
v -553659.4661122544 6541291.303505441 -102.39451200000047
v -553659.36357393 6541290.8810528 -102.39451200000047
v -553656.8968448503 6541289.768325348 -102.39451200000047
v -553656.7943067311 6541289.345872511 -102.39451200000047
v -553656.6917685091 6541288.923419773 -102.39451200000047
v -553656.589230184 6541288.500967134 -102.39451200000047
v -553656.6543126542 6541288.127454743 -102.39451200000047
v -553657.4116426731 6541287.9560583 -102.39451200000047
v -553658.168972872 6541287.784662039 -102.39451200000047
v -553658.5432681504 6541287.501430891 -102.39451200000047
v -553658.4407299274 6541287.078978152 -102.39451200000047
v -553658.3381918079 6541286.656525315 -102.39451200000047
v -553657.3415845339 6541285.973030643 -102.39451200000047
v -553658.0989147334 6541285.801634381 -102.39451200000047
v -553658.0305771407 6541285.389167098 -102.39451200000047
v -553657.9280388744 6541284.966714403 -102.39451200000047
v -553657.8255005932 6541284.544261721 -102.39451200000047
v -553657.7229623705 6541284.1218089815 -102.39451200000047
v -553657.6204242515 6541283.699356144 -102.39451200000047
v -553657.5178860294 6541283.276903406 -102.39451200000047
v -553657.4153477038 6541282.854450766 -102.39451200000047
v -553657.3128094809 6541282.431998027 -102.39451200000047
v -553657.5871386467 6541282.119579434 -102.39451200000047
v -553658.3444688455 6541281.948183173 -102.39451200000047
v -553659.1017992235 6541281.776787094 -102.39451200000047
v -553659.266847447 6541281.432461785 -102.39451200000047
v -553659.164309328 6541281.010008948 -102.39451200000047
v -553659.061771106 6541280.587556209 -102.39451200000047
v -553658.9592327806 6541280.16510357 -102.39451200000047
v -553658.8566945578 6541279.74265083 -102.39451200000047
v -553658.7541564389 6541279.320197993 -102.39451200000047
v -553658.6516182168 6541278.897745254 -102.39451200000047
v -553658.5490798912 6541278.475292616 -102.39451200000047
v -553658.5900233197 6541278.094732329 -102.39451200000047
v -553659.3473533381 6541277.923335887 -102.39451200000047
v -553660.1046837163 6541277.751939806 -102.39451200000047
v -553660.5031178567 6541277.475756372 -102.39451200000047
v -553660.4005797381 6541277.053303535 -102.39451200000047
v -553660.2980415158 6541276.630850797 -102.39451200000047
v -553660.1955031906 6541276.208398158 -102.39451200000047
v -553660.0929649675 6541275.785945418 -102.39451200000047
v -553660.4062844864 6541275.484910871 -102.39451200000047
v -553661.1636147617 6541275.313514687 -102.39451200000047
v -553661.9209450623 6541275.142118529 -102.39451200000047
v -553662.0470029339 6541274.786409176 -102.39451200000047
v -553661.9444648146 6541274.36395634 -102.39451200000047
v -553661.8419265929 6541273.941503601 -102.39451200000047
v -553661.7393882677 6541273.519050961 -102.39451200000047
v -553662.2365576754 6541273.271695343 -102.39451200000047
v -553662.9938876949 6541273.1002989 -102.39451200000047
v -553663.7512178937 6541272.928902639 -102.39451200000047
v -553663.6934262342 6541272.519514719 -102.39451200000047
v -553663.5908880114 6541272.09706198 -102.39451200000047
v -553663.4883498917 6541271.674609143 -102.39451200000047
v -553663.3858116696 6541271.252156405 -102.39451200000047
v -553663.2832733449 6541270.829703765 -102.39451200000047
v -553663.1807351218 6541270.407251026 -102.39451200000047
v -553663.0781970023 6541269.984798188 -102.39451200000047
v -553663.6391247632 6541269.756058278 -102.39451200000047
v -553664.3964549627 6541269.584662016 -102.39451200000047
v -553665.1347731905 6541269.407714685 -102.39451200000047
v -553665.0322349684 6541268.985261947 -102.39451200000047
v -553664.929696644 6541268.562809307 -102.39451200000047
v -553664.827158421 6541268.140356568 -102.39451200000047
v -553664.7246203016 6541267.71790373 -102.39451200000047
v -553664.698055731 6541267.31763308 -102.39451200000047
v -553665.4553861081 6541267.146237 -102.39451200000047
v -553666.2127163839 6541266.974840814 -102.39451200000047
v -553666.6786582677 6541266.718367489 -102.39451200000047
v -553666.5761200457 6541266.295914751 -102.39451200000047
v -553666.9420231775 6541266.010233341 -102.39451200000047
v -553667.6993533773 6541265.838837079 -102.39451200000047
v -553668.4566833985 6541265.667440638 -102.39451200000047
v -553668.530158012 6541265.296378509 -102.39451200000047
v -553668.4276196879 6541264.873925868 -102.39451200000047
v -553668.4146485853 6541264.477624114 -102.39451200000047
v -553669.1719786065 6541264.306227673 -102.39451200000047
v -553669.9293088054 6541264.134831412 -102.39451200000047
v -553670.381657654 6541263.874389627 -102.39451200000047
v -553670.2791194317 6541263.451936888 -102.39451200000047
v -553670.1765813109 6541263.029484051 -102.39451200000047
v -553670.0740429873 6541262.607031411 -102.39451200000047
v -553669.9715047644 6541262.184578671 -102.39451200000047
v -553670.2309097548 6541261.867802658 -102.39451200000047
v -553670.9882399533 6541261.696406397 -102.39451200000047
v -553671.7455703282 6541261.525010314 -102.39451200000047
v -553671.925542731 6541261.18504243 -102.39451200000047
v -553671.8230046103 6541260.762589594 -102.39451200000047
v -553671.720466388 6541260.340136856 -102.39451200000047
v -553672.4608655348 6541260.163797348 -102.39451200000047
v -553673.2181957343 6541259.992401086 -102.39451200000047
v -553673.7770425763 6541259.763053353 -102.39451200000047
v -553673.6745043541 6541259.340600614 -102.39451200000047
v -553673.5719660313 6541258.918147973 -102.39451200000047
v -553673.4694277652 6541258.495695274 -102.39451200000047
v -553673.9194791019 6541258.234582376 -102.39451200000047
v -553674.6768093007 6541258.063186115 -102.39451200000047
v -553675.434139674 6541257.89179003 -102.39451200000047
v -553675.423465775 6541257.496158991 -102.39451200000047
v -553675.3209276533 6541257.073706157 -102.39451200000047
v -553675.3921045089 6541256.70197315 -102.39451200000047
v -553676.1494348821 6541256.530577065 -102.39451200000047
v -553676.9067650818 6541256.3591808025 -102.39451200000047
v -553677.2749656196 6541256.074169915 -102.39451200000047
v -553677.1724273976 6541255.651717177 -102.39451200000047
v -553677.6360719518 6541255.394573406 -102.39451200000047
v -553678.3934021515 6541255.223177144 -102.39451200000047
v -553679.1507321764 6541255.051780707 -102.39451200000047
v -553679.1264652642 6541254.652181031 -102.39451200000047
v -553679.0239270414 6541254.229728292 -102.39451200000047
v -553679.1086971846 6541253.861964003 -102.39451200000047
v -553679.8660273831 6541253.690567742 -102.39451200000047
v -553680.6233577549 6541253.519171655 -102.39451200000047
v -553680.977965008 6541253.230192049 -102.39451200000047
v -553680.8754268852 6541252.807739216 -102.39451200000047
v -553680.772888663 6541252.385286477 -102.39451200000047
v -553680.6703503414 6541251.962833835 -102.39451200000047
v -553680.5678121186 6541251.540381095 -102.39451200000047
v -553681.3106294632 6541251.36474738 -102.39451200000047
v -553682.0679596617 6541251.193351119 -102.39451200000047
v -553682.6243883081 6541250.9632975925 -102.39451200000047
v -553682.5218500427 6541250.540844894 -102.39451200000047
v -553682.4193119619 6541250.11839202 -102.39451200000047
v -553682.31677374 6541249.695939282 -102.39451200000047
v -553682.3835724457 6541249.322928106 -102.39451200000047
v -553683.1409026454 6541249.151531844 -102.39451200000047
v -553683.8982326717 6541248.980135409 -102.39451200000047
v -553684.2708117062 6541248.696403041 -102.39451200000047
v -553684.168273385 6541248.273950396 -102.39451200000047
v -553684.0657351627 6541247.851497657 -102.39451200000047
v -553684.227856948 6541247.506317792 -102.39451200000047
v -553684.9851873185 6541247.334921704 -102.39451200000047
v -553685.742517518 6541247.163525442 -102.39451200000047
v -553686.0197732275 6541246.851961321 -102.39451200000047
v -553685.9172350054 6541246.429508583 -102.39451200000047
v -553685.814696685 6541246.007055938 -102.39451200000047
v -553685.7121584619 6541245.584603199 -102.39451200000047
v -553686.4438008902 6541245.405706735 -102.39451200000047
v -553687.2011310888 6541245.234310474 -102.39451200000047
v -553687.7687346516 6541245.007519697 -102.39451200000047
v -553687.6661964286 6541244.585066957 -102.39451200000047
v -553687.5636583046 6541244.162614125 -102.39451200000047
v -553687.4611200825 6541243.740161386 -102.39451200000047
v -553687.5167438714 6541243.363887461 -102.39451200000047
v -553688.2740740709 6541243.192491199 -102.39451200000047
v -553689.0314040991 6541243.0210947655 -102.39451200000047
v -553689.4151580483 6541242.740625145 -102.39451200000047
v -553684.7706479582 6541240.992049336 -102.39451200000047
v -553684.7706479582 6541240.992049336 -102.39451200000047
v -553684.7706479582 6541240.992049336 -102.39451200000047
v -553684.7706479582 6541240.992049336 -102.39451200000047
v -553684.7706479582 6541240.992049336 -102.39451200000047
v -553684.7706479582 6541240.992049336 -102.39451200000047
v -553684.7706479582 6541240.992049336 -102.39451200000047
v -553684.7706479582 6541240.992049336 -102.39451200000047
v -553684.7706479582 6541240.992049336 -102.39451200000047
v -553684.7706479582 6541240.992049336 -102.39451200000047
v -553684.7706479582 6541240.992049336 -102.39451200000047
v -553684.7706479582 6541240.992049336 -102.39451200000047
v -553684.7706479582 6541240.992049336 -102.39451200000047
v -553684.7706479582 6541240.992049336 -102.39451200000047
v -553684.7706479582 6541240.992049336 -102.39451200000047
v -553684.7706479582 6541240.992049336 -102.39451200000047
v -553684.7706479582 6541240.992049336 -102.39451200000047
v -553684.7706479582 6541240.992049336 -102.39451200000047
v -553684.7706479582 6541240.992049336 -102.39451200000047
v -553684.7706479582 6541240.992049336 -102.39451200000047
v -553684.7706479582 6541240.992049336 -102.39451200000047
v -553684.7706479582 6541240.992049336 -102.39451200000047
v -553684.7706479582 6541240.992049336 -102.39451200000047
v -553684.7706479582 6541240.992049336 -102.39451200000047
v -553684.7706479582 6541240.992049336 -102.39451200000047
v -553684.7706479582 6541240.992049336 -102.39451200000047
v -553684.7706479582 6541240.992049336 -102.39451200000047
v -553684.7706479582 6541240.992049336 -102.39451200000047
v -553684.7706479582 6541240.992049336 -102.39451200000047
v -553684.7706479582 6541240.992049336 -102.39451200000047
v -553684.7706479582 6541240.992049336 -102.39451200000047
v -553684.7706479582 6541240.992049336 -102.39451200000047
v -553684.7706479582 6541240.992049336 -102.39451200000047
v -553684.7706479582 6541240.992049336 -102.39451200000047
v -553684.7706479582 6541240.992049336 -102.39451200000047
v -553684.7706479582 6541240.992049336 -102.39451200000047
v -553684.7706479582 6541240.992049336 -102.39451200000047
v -553684.7706479582 6541240.992049336 -102.39451200000047
v -553684.7706479582 6541240.992049336 -102.39451200000047
v -553684.7706479582 6541240.992049336 -102.39451200000047
v -553684.7706479582 6541240.992049336 -102.39451200000047
v -553684.7706479582 6541240.992049336 -102.39451200000047
v -553684.7706479582 6541240.992049336 -102.39451200000047
v -553684.7706479582 6541240.992049336 -102.39451200000047
v -553684.7706479582 6541240.992049336 -102.39451200000047
v -553684.7706479582 6541240.992049336 -102.39451200000047
v -553684.7706479582 6541240.992049336 -102.39451200000047
v -553684.7706479582 6541240.992049336 -102.39451200000047
v -553684.7706479582 6541240.992049336 -102.39451200000047
v -553684.7706479582 6541240.992049336 -102.39451200000047
v -553684.7706479582 6541240.992049336 -102.39451200000047
v -553684.7706479582 6541240.992049336 -102.39451200000047
v -553684.7706479582 6541240.992049336 -102.39451200000047
v -553684.7706479582 6541240.992049336 -102.39451200000047
v -553684.7706479582 6541240.992049336 -102.39451200000047
v -553684.7706479582 6541240.992049336 -102.39451200000047
v -553684.7706479582 6541240.992049336 -102.39451200000047
v -553684.7706479582 6541240.992049336 -102.39451200000047
v -553684.7706479582 6541240.992049336 -102.39451200000047
v -553684.7706479582 6541240.992049336 -102.39451200000047
v -553684.7706479582 6541240.992049336 -102.39451200000047
v -553684.7706479582 6541240.992049336 -102.39451200000047
v -553684.7706479582 6541240.992049336 -102.39451200000047
v -553684.7706479582 6541240.992049336 -102.39451200000047
v -553684.7706479582 6541240.992049336 -102.39451200000047
v -553684.7706479582 6541240.992049336 -102.39451200000047
v -553684.7706479582 6541240.992049336 -102.39451200000047
v -553684.7706479582 6541240.992049336 -102.39451200000047
v -553684.7706479582 6541240.992049336 -102.39451200000047
v -553684.7706479582 6541240.992049336 -102.39451200000047
v -553684.7706479582 6541240.992049336 -102.39451200000047
v -553684.7706479582 6541240.992049336 -102.39451200000047
v -553684.7706479582 6541240.992049336 -102.39451200000047
v -553684.7706479582 6541240.992049336 -102.39451200000047
v -553684.7706479582 6541240.992049336 -102.39451200000047
v -553684.7706479582 6541240.992049336 -102.39451200000047
v -553684.7706479582 6541240.992049336 -102.39451200000047
v -553684.7706479582 6541240.992049336 -102.39451200000047
v -553684.7706479582 6541240.992049336 -102.39451200000047
v -553684.7706479582 6541240.992049336 -102.39451200000047
v -553684.7706479582 6541240.992049336 -102.39451200000047
v -553684.7706479582 6541240.992049336 -102.39451200000047
v -553684.7706479582 6541240.992049336 -102.39451200000047
v -553684.7706479582 6541240.992049336 -102.39451200000047
v -553684.7706479582 6541240.992049336 -102.39451200000047
v -553684.7706479582 6541240.992049336 -102.39451200000047
v -553684.7706479582 6541240.992049336 -102.39451200000047
v -553684.7706479582 6541240.992049336 -102.39451200000047
v -553684.7706479582 6541240.992049336 -102.39451200000047
v -553684.7706479582 6541240.992049336 -102.39451200000047
v -553684.7706479582 6541240.992049336 -102.39451200000047
v -553684.7706479582 6541240.992049336 -102.39451200000047
v -553684.7706479582 6541240.992049336 -102.39451200000047
v -553684.7706479582 6541240.992049336 -102.39451200000047
v -553684.7706479582 6541240.992049336 -102.39451200000047
v -553684.7706479582 6541240.992049336 -102.39451200000047
v -553684.7706479582 6541240.992049336 -102.39451200000047
v -553684.7706479582 6541240.992049336 -102.39451200000047
v -553684.7706479582 6541240.992049336 -102.39451200000047
v -553684.7706479582 6541240.992049336 -102.39451200000047
v -553684.7706479582 6541240.992049336 -102.39451200000047
v -553684.7706479582 6541240.992049336 -102.39451200000047
v -553684.7706479582 6541240.992049336 -102.39451200000047
v -553684.7706479582 6541240.992049336 -102.39451200000047
v -553684.7706479582 6541240.992049336 -102.39451200000047
v -553684.7706479582 6541240.992049336 -102.39451200000047
v -553684.7706479582 6541240.992049336 -102.39451200000047
v -553684.7706479582 6541240.992049336 -102.39451200000047
v -553684.7706479582 6541240.992049336 -102.39451200000047
v -553684.7706479582 6541240.992049336 -102.39451200000047
v -553684.7706479582 6541240.992049336 -102.39451200000047
v -553684.7706479582 6541240.992049336 -102.39451200000047
v -553684.7706479582 6541240.992049336 -102.39451200000047
v -553684.7706479582 6541240.992049336 -102.39451200000047
v -553684.7706479582 6541240.992049336 -102.39451200000047
v -553684.7706479582 6541240.992049336 -102.39451200000047
v -553684.7706479582 6541240.992049336 -102.39451200000047
v -553684.7706479582 6541240.992049336 -102.39451200000047
v -553684.7706479582 6541240.992049336 -102.39451200000047
v -553684.7706479582 6541240.992049336 -102.39451200000047
v -553684.7706479582 6541240.992049336 -102.39451200000047
v -553684.7706479582 6541240.992049336 -102.39451200000047
v -553684.7706479582 6541240.992049336 -102.39451200000047
v -553684.7706479582 6541240.992049336 -102.39451200000047
v -553684.7706479582 6541240.992049336 -102.39451200000047
v -553684.7706479582 6541240.992049336 -102.39451200000047
v -553684.7706479582 6541240.992049336 -102.39451200000047
v -553684.7706479582 6541240.992049336 -102.39451200000047
v -553684.7706479582 6541240.992049336 -102.39451200000047
v -553684.7706479582 6541240.992049336 -102.39451200000047
v -553684.7706479582 6541240.992049336 -102.39451200000047
v -553684.7706479582 6541240.992049336 -102.39451200000047
v -553684.7706479582 6541240.992049336 -102.39451200000047
v -553684.7706479582 6541240.992049336 -102.39451200000047
v -553684.7706479582 6541240.992049336 -102.39451200000047
v -553684.7706479582 6541240.992049336 -102.39451200000047
v -553684.7706479582 6541240.992049336 -102.39451200000047
v -553684.7706479582 6541240.992049336 -102.39451200000047
v -553684.7706479582 6541240.992049336 -102.39451200000047
v -553684.7706479582 6541240.992049336 -102.39451200000047
v -553684.7706479582 6541240.992049336 -102.39451200000047
v -553684.7706479582 6541240.992049336 -102.39451200000047
v -553684.7706479582 6541240.992049336 -102.39451200000047
v -553684.7706479582 6541240.992049336 -102.39451200000047
v -553684.7706479582 6541240.992049336 -102.39451200000047
v -553684.7706479582 6541240.992049336 -102.39451200000047
v -553684.7706479582 6541240.992049336 -102.39451200000047
v -553684.7706479582 6541240.992049336 -102.39451200000047
v -553684.7706479582 6541240.992049336 -102.39451200000047
v -553684.7706479582 6541240.992049336 -102.39451200000047
v -553684.7706479582 6541240.992049336 -102.39451200000047
v -553684.7706479582 6541240.992049336 -102.39451200000047
v -553684.7706479582 6541240.992049336 -102.39451200000047
v -553684.7706479582 6541240.992049336 -102.39451200000047
v -553684.7706479582 6541240.992049336 -102.39451200000047
v -553684.7706479582 6541240.992049336 -102.39451200000047
v -553684.7706479582 6541240.992049336 -102.39451200000047
v -553684.7706479582 6541240.992049336 -102.39451200000047
v -553684.7706479582 6541240.992049336 -102.39451200000047
v -553684.7706479582 6541240.992049336 -102.39451200000047
v -553684.7706479582 6541240.992049336 -102.39451200000047
v -553684.7706479582 6541240.992049336 -102.39451200000047
v -553684.7706479582 6541240.992049336 -102.39451200000047
v -553684.7706479582 6541240.992049336 -102.39451200000047
v -553684.7706479582 6541240.992049336 -102.39451200000047
v -553684.7706479582 6541240.992049336 -102.39451200000047
v -553684.7706479582 6541240.992049336 -102.39451200000047
v -553684.7706479582 6541240.992049336 -102.39451200000047
v -553684.7706479582 6541240.992049336 -102.39451200000047
v -553684.7706479582 6541240.992049336 -102.39451200000047
v -553684.7706479582 6541240.992049336 -102.39451200000047
v -553684.7706479582 6541240.992049336 -102.39451200000047
v -553684.7706479582 6541240.992049336 -102.39451200000047
v -553684.7706479582 6541240.992049336 -102.39451200000047
v -553684.7706479582 6541240.992049336 -102.39451200000047
v -553684.7706479582 6541240.992049336 -102.39451200000047
v -553684.7706479582 6541240.992049336 -102.39451200000047
v -553684.7706479582 6541240.992049336 -102.39451200000047
v -553684.7706479582 6541240.992049336 -102.39451200000047
v -553684.7706479582 6541240.992049336 -102.39451200000047
v -553684.7706479582 6541240.992049336 -102.39451200000047
v -553684.7706479582 6541240.992049336 -102.39451200000047
v -553684.7706479582 6541240.992049336 -102.39451200000047
v -553684.7706479582 6541240.992049336 -102.39451200000047
v -553684.7706479582 6541240.992049336 -102.39451200000047
v -553684.7706479582 6541240.992049336 -102.39451200000047
v -553684.7706479582 6541240.992049336 -102.39451200000047
v -553684.7706479582 6541240.992049336 -102.39451200000047
v -553684.7706479582 6541240.992049336 -102.39451200000047
v -553684.7706479582 6541240.992049336 -102.39451200000047
v -553684.7706479582 6541240.992049336 -102.39451200000047
v -553684.7706479582 6541240.992049336 -102.39451200000047
v -553684.7706479582 6541240.992049336 -102.39451200000047
v -553684.7706479582 6541240.992049336 -102.39451200000047
v -553684.7706479582 6541240.992049336 -102.39451200000047
v -553684.7706479582 6541240.992049336 -102.39451200000047
v -553684.7706479582 6541240.992049336 -102.39451200000047
v -553684.7706479582 6541240.992049336 -102.39451200000047
v -553684.7706479582 6541240.992049336 -102.39451200000047
v -553684.7706479582 6541240.992049336 -102.39451200000047
v -553684.7706479582 6541240.992049336 -102.39451200000047
v -553684.7706479582 6541240.992049336 -102.39451200000047
v -553684.7706479582 6541240.992049336 -102.39451200000047
v -553684.7706479582 6541240.992049336 -102.39451200000047
v -553684.7706479582 6541240.992049336 -102.39451200000047
v -553684.7706479582 6541240.992049336 -102.39451200000047
v -553684.7706479582 6541240.992049336 -102.39451200000047
v -553684.7706479582 6541240.992049336 -102.39451200000047
v -553684.7706479582 6541240.992049336 -102.39451200000047
v -553684.7706479582 6541240.992049336 -102.39451200000047
v -553684.7706479582 6541240.992049336 -102.39451200000047
v -553684.7706479582 6541240.992049336 -102.39451200000047
v -553684.7706479582 6541240.992049336 -102.39451200000047
v -553684.7706479582 6541240.992049336 -102.39451200000047
v -553684.7706479582 6541240.992049336 -102.39451200000047
v -553684.7706479582 6541240.992049336 -102.39451200000047
v -553684.7706479582 6541240.992049336 -102.39451200000047
v -553684.7706479582 6541240.992049336 -102.39451200000047
v -553684.7706479582 6541240.992049336 -102.39451200000047
v -553684.7706479582 6541240.992049336 -102.39451200000047
v -553684.7706479582 6541240.992049336 -102.39451200000047
v -553684.7706479582 6541240.992049336 -102.39451200000047
v -553684.7706479582 6541240.992049336 -102.39451200000047
v -553684.7706479582 6541240.992049336 -102.39451200000047
v -553684.7706479582 6541240.992049336 -102.39451200000047
v -553684.7706479582 6541240.992049336 -102.39451200000047
v -553684.7706479582 6541240.992049336 -102.39451200000047
v -553684.7706479582 6541240.992049336 -102.39451200000047
v -553684.7706479582 6541240.992049336 -102.39451200000047
v -553684.7706479582 6541240.992049336 -102.39451200000047
v -553684.7706479582 6541240.992049336 -102.39451200000047
v -553684.7706479582 6541240.992049336 -102.39451200000047
v -553684.7706479582 6541240.992049336 -102.39451200000047
v -553684.7706479582 6541240.992049336 -102.39451200000047
v -553684.7706479582 6541240.992049336 -102.39451200000047
v -553684.7706479582 6541240.992049336 -102.39451200000047
v -553684.7706479582 6541240.992049336 -102.39451200000047
v -553684.7706479582 6541240.992049336 -102.39451200000047
v -553684.7706479582 6541240.992049336 -102.39451200000047
v -553684.7706479582 6541240.992049336 -102.39451200000047
v -553684.7706479582 6541240.992049336 -102.39451200000047
v -553639.4188531741 6541290.160465929 -102.49326720000047
v -553639.3163148902 6541289.73801325 -102.49326720000047
v -553639.2137766673 6541289.31556051 -102.49326720000047
v -553639.1236245865 6541288.8967240285 -102.49326720000047
v -553639.8809547854 6541288.725327767 -102.49326720000047
v -553640.6382851711 6541288.553931695 -102.49326720000047
v -553641.167814634 6541288.316024268 -102.49326720000047
v -553641.0652765192 6541287.893571427 -102.49326720000047
v -553640.9627382971 6541287.471118689 -102.49326720000047
v -553640.8601999672 6541287.048666053 -102.49326720000047
v -553640.7576617443 6541286.626213314 -102.49326720000047
v -553640.6551236296 6541286.203760472 -102.49326720000047
v -553640.5525854075 6541285.781307734 -102.49326720000047
v -553640.4500470773 6541285.3588550985 -102.49326720000047
v -553640.8978511292 6541285.097086238 -102.49326720000047
v -553641.65518114 6541284.925689787 -102.49326720000047
v -553642.5066233744 6541284.781771492 -102.49326720000047
v -553643.1698417241 6541284.582897453 -102.49326720000047
v -553643.9271719238 6541284.411501191 -102.49326720000047
v -553644.6845019361 6541284.240104741 -102.49326720000047
v -553645.4418321348 6541284.06870848 -102.49326720000047
v -553646.1991625187 6541283.897312406 -102.49326720000047
v -553646.6197756452 6541283.627604589 -102.49326720000047
v -553646.9424808698 6541283.329310389 -102.49326720000047
v -553647.6998112533 6541283.157914315 -102.49326720000047
v -553648.4571414528 6541282.986518053 -102.49326720000047
v -553648.5738137175 6541282.628068245 -102.49326720000047
v -553648.4712754498 6541282.20561555 -102.49326720000047
v -553648.3687371667 6541281.7831628695 -102.49326720000047
v -553648.2661989442 6541281.36071013 -102.49326720000047
v -553648.3870829494 6541281.003490028 -102.49326720000047
v -553649.1444131483 6541280.832093766 -102.49326720000047
v -553649.9017435306 6541280.660697691 -102.49326720000047
v -553650.2202369109 6541280.361173889 -102.49326720000047
v -553648.7167072246 6541279.5296724085 -102.49326720000047
v -553649.4740374234 6541279.358276147 -102.49326720000047
v -553649.9126222439 6541279.093815673 -102.49326720000047
v -553650.2173561439 6541278.790274505 -102.49326720000047
v -553650.9746861584 6541278.618878057 -102.49326720000047
v -553651.7320163572 6541278.447481796 -102.49326720000047
v -553651.8666602102 6541278.094279432 -102.49326720000047
v -553651.7641219874 6541277.671826692 -102.49326720000047
v -553651.6615838706 6541277.249373852 -102.49326720000047
v -553651.5590456487 6541276.826921115 -102.49326720000047
v -553651.4565073214 6541276.404468478 -102.49326720000047
v -553651.6479465584 6541276.067848574 -102.49326720000047
v -553652.4052765733 6541275.896452127 -102.49326720000047
v -553653.1626069552 6541275.725056051 -102.49326720000047
v -553653.9199371546 6541275.553659789 -102.49326720000047
v -553654.6772671707 6541275.382263343 -102.49326720000047
v -553655.4345973693 6541275.210867082 -102.49326720000047
v -553655.8062568182 6541274.926866352 -102.49326720000047
v -553656.5635870177 6541274.755470089 -102.49326720000047
v -553657.320917035 6541274.584073644 -102.49326720000047
v -553657.5236977258 6541274.250765172 -102.49326720000047
v -553657.421159444 6541273.82831249 -102.49326720000047
v -553657.3186212211 6541273.405859751 -102.49326720000047
v -553657.2160831029 6541272.983406913 -102.49326720000047
v -553657.1135448811 6541272.560954174 -102.49326720000047
v -553657.2368472327 6541272.2044404205 -102.49326720000047
v -553657.9941774324 6541272.033044159 -102.49326720000047
v -553658.7515074497 6541271.861647714 -102.49326720000047
v -553659.0675828473 6541271.561417933 -102.49326720000047
v -553656.6008536643 6541270.448690581 -102.49326720000047
v -553656.4983154414 6541270.026237842 -102.49326720000047
v -553656.3957773239 6541269.603785003 -102.49326720000047
v -553656.2932391019 6541269.181332264 -102.49326720000047
v -553656.1907007748 6541268.758879626 -102.49326720000047
v -553656.0881625519 6541268.336426887 -102.49326720000047
v -553656.3253885511 6541268.013175252 -102.49326720000047
v -553657.0827189322 6541267.841779174 -102.49326720000047
v -553657.8400491317 6541267.670382912 -102.49326720000047
v -553658.0422006233 6541267.336890545 -102.49326720000047
v -553657.939662401 6541266.914437806 -102.49326720000047
v -553657.8371240743 6541266.491985168 -102.49326720000047
v -553657.7345858513 6541266.069532429 -102.49326720000047
v -553657.632047734 6541265.647079591 -102.49326720000047
v -553657.5295095117 6541265.224626852 -102.49326720000047
v -553657.4269711848 6541264.802174214 -102.49326720000047
v -553657.3244329168 6541264.379721518 -102.49326720000047
v -553657.2218948444 6541263.957268636 -102.49326720000047
v -553653.4575520655 6541262.465675863 -102.49326720000047
v -553654.2148824484 6541262.294279789 -102.49326720000047
v -553654.5500892153 6541261.999635807 -102.49326720000047
v -553654.4475510989 6541261.577182967 -102.49326720000047
v -553654.3450128768 6541261.154730229 -102.49326720000047
v -553654.2424745484 6541260.732277592 -102.49326720000047
v -553654.1399363256 6541260.309824852 -102.49326720000047
v -553651.8167866926 6541259.2390182745 -102.49326720000047
v -553652.5741168914 6541259.067622013 -102.49326720000047
v -553653.3314472752 6541258.89622594 -102.49326720000047
v -553653.7297834359 6541258.620013898 -102.49326720000047
v -553653.6272453201 6541258.197561057 -102.49326720000047
v -553653.5247069916 6541257.775108421 -102.49326720000047
v -553653.4221687687 6541257.352655682 -102.49326720000047
v -553653.3196306531 6541256.930202842 -102.49326720000047
v -553653.2170924308 6541256.507750103 -102.49326720000047
v -553653.114554102 6541256.085297467 -102.49326720000047
v -553653.0120158788 6541255.662844728 -102.49326720000047
v -553652.8196711853 6541255.214170988 -102.49326720000047
v -553652.8069395414 6541254.817939148 -102.49326720000047
v -553652.7044012122 6541254.395486512 -102.49326720000047
v -553652.601862989 6541253.973033773 -102.49326720000047
v -553652.4993248739 6541253.550580932 -102.49326720000047
v -553653.1352837981 6541253.343747801 -102.49326720000047
v -553653.8926141827 6541253.172351728 -102.49326720000047
v -553654.5559009099 6541252.973497575 -102.49326720000047
v -553654.45336284 6541252.55104469 -102.49326720000047
v -553654.350824618 6541252.128591952 -102.49326720000047
v -553654.248286289 6541251.706139316 -102.49326720000047
v -553654.1457480663 6541251.283686576 -102.49326720000047
v -553654.5798858763 6541251.017927439 -102.49326720000047
v -553655.3372160752 6541250.846531178 -102.49326720000047
v -553656.0945464588 6541250.675135104 -102.49326720000047
v -553656.0997860329 6541250.284150335 -102.49326720000047
v -553655.9972479169 6541249.861697494 -102.49326720000047
v -553655.8947096948 6541249.439244756 -102.49326720000047
v -553656.0384998049 6541249.088712833 -102.49326720000047
v -553656.7958300043 6541248.917316571 -102.49326720000047
v -553657.5531600172 6541248.745920123 -102.49326720000047
v -553657.8487475554 6541248.439708617 -102.49326720000047
v -553658.2964787378 6541248.177918479 -102.49326720000047
v -553659.0538087523 6541248.006522032 -102.49326720000047
v -553659.8111389509 6541247.83512577 -102.49326720000047
v -553659.0257856081 6541247.213311083 -102.49326720000047
v -553659.7002472989 6541247.017719635 -102.49326720000047
v -553659.5977091829 6541246.595266795 -102.49326720000047
v -553659.7550922954 6541246.248703498 -102.49326720000047
v -553660.5124226778 6541246.077307424 -102.49326720000047
v -553661.2697528773 6541245.905911162 -102.49326720000047
v -553661.5517471492 6541245.595730554 -102.49326720000047
v -553662.0130712279 6541245.337909147 -102.49326720000047
v -553662.7704016094 6541245.16651307 -102.49326720000047
v -553663.527731887 6541244.995116887 -102.49326720000047
v -553663.8993908947 6541244.7111157095 -102.49326720000047
v -553664.6912864753 6541244.549811531 -102.49326720000047
v -553665.826003314 6541244.488601282 -102.49326720000047
v -553666.7509468148 6541244.366143211 -102.49326720000047
v -553667.6758900776 6541244.243684942 -102.49326720000047
v -553668.6008335772 6541244.121226871 -102.49326720000047
v -553669.5257773112 6541243.998768998 -102.49326720000047
v -553670.3577152612 6541243.849156021 -102.49326720000047
v -553671.1150452805 6541243.677759579 -102.49326720000047
v -553671.8723756579 6541243.506363498 -102.49326720000047
v -553672.6297058574 6541243.334967236 -102.49326720000047
v -553673.387035878 6541243.163570795 -102.49326720000047
v -553674.1537393064 6541242.994911243 -102.49326720000047
v -553675.0786830373 6541242.872453368 -102.49326720000047
v -553676.0036265377 6541242.749995297 -102.49326720000047
v -553676.1528569146 6541242.401051512 -102.49326720000047
v -553676.0503186923 6541241.9785987735 -102.49326720000047
v -553675.9477803686 6541241.556146133 -102.49326720000047
v -553675.8452421457 6541241.133693393 -102.49326720000047
v -553675.7427040252 6541240.711240558 -102.49326720000047
v -553675.6401658028 6541240.288787819 -102.49326720000047
v -553675.537627479 6541239.866335179 -102.49326720000047
v -553675.4350892561 6541239.443882439 -102.49326720000047
v -553675.4350892561 6541239.443882439 -102.49326720000047
v -553675.4350892561 6541239.443882439 -102.49326720000047
v -553675.4350892561 6541239.443882439 -102.49326720000047
v -553675.4350892561 6541239.443882439 -102.49326720000047
v -553675.4350892561 6541239.443882439 -102.49326720000047
v -553675.4350892561 6541239.443882439 -102.49326720000047
v -553675.4350892561 6541239.443882439 -102.49326720000047
v -553675.4350892561 6541239.443882439 -102.49326720000047
v -553675.4350892561 6541239.443882439 -102.49326720000047
v -553675.4350892561 6541239.443882439 -102.49326720000047
v -553675.4350892561 6541239.443882439 -102.49326720000047
v -553675.4350892561 6541239.443882439 -102.49326720000047
v -553675.4350892561 6541239.443882439 -102.49326720000047
v -553675.4350892561 6541239.443882439 -102.49326720000047
v -553675.4350892561 6541239.443882439 -102.49326720000047
v -553675.4350892561 6541239.443882439 -102.49326720000047
v -553675.4350892561 6541239.443882439 -102.49326720000047
v -553675.4350892561 6541239.443882439 -102.49326720000047
v -553675.4350892561 6541239.443882439 -102.49326720000047
v -553675.4350892561 6541239.443882439 -102.49326720000047
v -553675.4350892561 6541239.443882439 -102.49326720000047
v -553675.4350892561 6541239.443882439 -102.49326720000047
v -553675.4350892561 6541239.443882439 -102.49326720000047
v -553675.4350892561 6541239.443882439 -102.49326720000047
v -553675.4350892561 6541239.443882439 -102.49326720000047
v -553675.4350892561 6541239.443882439 -102.49326720000047
v -553675.4350892561 6541239.443882439 -102.49326720000047
v -553675.4350892561 6541239.443882439 -102.49326720000047
v -553675.4350892561 6541239.443882439 -102.49326720000047
v -553675.4350892561 6541239.443882439 -102.49326720000047
v -553675.4350892561 6541239.443882439 -102.49326720000047
v -553675.4350892561 6541239.443882439 -102.49326720000047
v -553675.4350892561 6541239.443882439 -102.49326720000047
v -553675.4350892561 6541239.443882439 -102.49326720000047
v -553675.4350892561 6541239.443882439 -102.49326720000047
v -553675.4350892561 6541239.443882439 -102.49326720000047
v -553675.4350892561 6541239.443882439 -102.49326720000047
v -553675.4350892561 6541239.443882439 -102.49326720000047
v -553675.4350892561 6541239.443882439 -102.49326720000047
v -553675.4350892561 6541239.443882439 -102.49326720000047
v -553675.4350892561 6541239.443882439 -102.49326720000047
v -553675.4350892561 6541239.443882439 -102.49326720000047
v -553675.4350892561 6541239.443882439 -102.49326720000047
v -553675.4350892561 6541239.443882439 -102.49326720000047
v -553675.4350892561 6541239.443882439 -102.49326720000047
v -553675.4350892561 6541239.443882439 -102.49326720000047
v -553675.4350892561 6541239.443882439 -102.49326720000047
v -553675.4350892561 6541239.443882439 -102.49326720000047
v -553675.4350892561 6541239.443882439 -102.49326720000047
v -553675.4350892561 6541239.443882439 -102.49326720000047
v -553675.4350892561 6541239.443882439 -102.49326720000047
v -553675.4350892561 6541239.443882439 -102.49326720000047
v -553675.4350892561 6541239.443882439 -102.49326720000047
v -553675.4350892561 6541239.443882439 -102.49326720000047
v -553675.4350892561 6541239.443882439 -102.49326720000047
v -553675.4350892561 6541239.443882439 -102.49326720000047
v -553675.4350892561 6541239.443882439 -102.49326720000047
v -553675.4350892561 6541239.443882439 -102.49326720000047
v -553675.4350892561 6541239.443882439 -102.49326720000047
v -553675.4350892561 6541239.443882439 -102.49326720000047
v -553675.4350892561 6541239.443882439 -102.49326720000047
v -553675.4350892561 6541239.443882439 -102.49326720000047
v -553675.4350892561 6541239.443882439 -102.49326720000047
v -553675.4350892561 6541239.443882439 -102.49326720000047
v -553675.4350892561 6541239.443882439 -102.49326720000047
v -553675.4350892561 6541239.443882439 -102.49326720000047
v -553675.4350892561 6541239.443882439 -102.49326720000047
v -553675.4350892561 6541239.443882439 -102.49326720000047
v -553675.4350892561 6541239.443882439 -102.49326720000047
v -553675.4350892561 6541239.443882439 -102.49326720000047
v -553675.4350892561 6541239.443882439 -102.49326720000047
v -553675.4350892561 6541239.443882439 -102.49326720000047
v -553675.4350892561 6541239.443882439 -102.49326720000047
v -553675.4350892561 6541239.443882439 -102.49326720000047
v -553675.4350892561 6541239.443882439 -102.49326720000047
v -553675.4350892561 6541239.443882439 -102.49326720000047
v -553675.4350892561 6541239.443882439 -102.49326720000047
v -553675.4350892561 6541239.443882439 -102.49326720000047
v -553675.4350892561 6541239.443882439 -102.49326720000047
v -553675.4350892561 6541239.443882439 -102.49326720000047
v -553675.4350892561 6541239.443882439 -102.49326720000047
v -553675.4350892561 6541239.443882439 -102.49326720000047
v -553675.4350892561 6541239.443882439 -102.49326720000047
v -553675.4350892561 6541239.443882439 -102.49326720000047
v -553675.4350892561 6541239.443882439 -102.49326720000047
v -553675.4350892561 6541239.443882439 -102.49326720000047
v -553675.4350892561 6541239.443882439 -102.49326720000047
v -553675.4350892561 6541239.443882439 -102.49326720000047
v -553675.4350892561 6541239.443882439 -102.49326720000047
v -553675.4350892561 6541239.443882439 -102.49326720000047
v -553675.4350892561 6541239.443882439 -102.49326720000047
v -553675.4350892561 6541239.443882439 -102.49326720000047
v -553675.4350892561 6541239.443882439 -102.49326720000047
v -553675.4350892561 6541239.443882439 -102.49326720000047
v -553675.4350892561 6541239.443882439 -102.49326720000047
v -553675.4350892561 6541239.443882439 -102.49326720000047
v -553675.4350892561 6541239.443882439 -102.49326720000047
v -553675.4350892561 6541239.443882439 -102.49326720000047
v -553675.4350892561 6541239.443882439 -102.49326720000047
v -553675.4350892561 6541239.443882439 -102.49326720000047
v -553675.4350892561 6541239.443882439 -102.49326720000047
v -553675.4350892561 6541239.443882439 -102.49326720000047
v -553675.4350892561 6541239.443882439 -102.49326720000047
v -553675.4350892561 6541239.443882439 -102.49326720000047
v -553675.4350892561 6541239.443882439 -102.49326720000047
v -553675.4350892561 6541239.443882439 -102.49326720000047
v -553675.4350892561 6541239.443882439 -102.49326720000047
v -553675.4350892561 6541239.443882439 -102.49326720000047
v -553675.4350892561 6541239.443882439 -102.49326720000047
v -553675.4350892561 6541239.443882439 -102.49326720000047
v -553675.4350892561 6541239.443882439 -102.49326720000047
v -553675.4350892561 6541239.443882439 -102.49326720000047
v -553675.4350892561 6541239.443882439 -102.49326720000047
v -553675.4350892561 6541239.443882439 -102.49326720000047
v -553675.4350892561 6541239.443882439 -102.49326720000047
v -553675.4350892561 6541239.443882439 -102.49326720000047
v -553675.4350892561 6541239.443882439 -102.49326720000047
v -553675.4350892561 6541239.443882439 -102.49326720000047
v -553675.4350892561 6541239.443882439 -102.49326720000047
v -553675.4350892561 6541239.443882439 -102.49326720000047
v -553675.4350892561 6541239.443882439 -102.49326720000047
v -553675.4350892561 6541239.443882439 -102.49326720000047
v -553675.4350892561 6541239.443882439 -102.49326720000047
v -553675.4350892561 6541239.443882439 -102.49326720000047
v -553675.4350892561 6541239.443882439 -102.49326720000047
v -553675.4350892561 6541239.443882439 -102.49326720000047
v -553675.4350892561 6541239.443882439 -102.49326720000047
v -553675.4350892561 6541239.443882439 -102.49326720000047
v -553675.4350892561 6541239.443882439 -102.49326720000047
v -553675.4350892561 6541239.443882439 -102.49326720000047
v -553675.4350892561 6541239.443882439 -102.49326720000047
v -553675.4350892561 6541239.443882439 -102.49326720000047
v -553675.4350892561 6541239.443882439 -102.49326720000047
v -553675.4350892561 6541239.443882439 -102.49326720000047
v -553675.4350892561 6541239.443882439 -102.49326720000047
v -553675.4350892561 6541239.443882439 -102.49326720000047
v -553675.4350892561 6541239.443882439 -102.49326720000047
v -553675.4350892561 6541239.443882439 -102.49326720000047
v -553675.4350892561 6541239.443882439 -102.49326720000047
v -553675.4350892561 6541239.443882439 -102.49326720000047
v -553675.4350892561 6541239.443882439 -102.49326720000047
v -553675.4350892561 6541239.443882439 -102.49326720000047
v -553675.4350892561 6541239.443882439 -102.49326720000047
v -553675.4350892561 6541239.443882439 -102.49326720000047
v -553675.4350892561 6541239.443882439 -102.49326720000047
v -553675.4350892561 6541239.443882439 -102.49326720000047
v -553675.4350892561 6541239.443882439 -102.49326720000047
v -553675.4350892561 6541239.443882439 -102.49326720000047
v -553675.4350892561 6541239.443882439 -102.49326720000047
v -553675.4350892561 6541239.443882439 -102.49326720000047
v -553675.4350892561 6541239.443882439 -102.49326720000047
v -553675.4350892561 6541239.443882439 -102.49326720000047
v -553675.4350892561 6541239.443882439 -102.49326720000047
v -553675.4350892561 6541239.443882439 -102.49326720000047
v -553675.4350892561 6541239.443882439 -102.49326720000047
v -553675.4350892561 6541239.443882439 -102.49326720000047
v -553675.4350892561 6541239.443882439 -102.49326720000047
v -553675.4350892561 6541239.443882439 -102.49326720000047
v -553675.4350892561 6541239.443882439 -102.49326720000047
v -553675.4350892561 6541239.443882439 -102.49326720000047
v -553675.4350892561 6541239.443882439 -102.49326720000047
v -553675.4350892561 6541239.443882439 -102.49326720000047
v -553675.4350892561 6541239.443882439 -102.49326720000047
v -553675.4350892561 6541239.443882439 -102.49326720000047
v -553675.4350892561 6541239.443882439 -102.49326720000047
v -553675.4350892561 6541239.443882439 -102.49326720000047
v -553675.4350892561 6541239.443882439 -102.49326720000047
v -553675.4350892561 6541239.443882439 -102.49326720000047
v -553675.4350892561 6541239.443882439 -102.49326720000047
v -553675.4350892561 6541239.443882439 -102.49326720000047
v -553675.4350892561 6541239.443882439 -102.49326720000047
v -553675.4350892561 6541239.443882439 -102.49326720000047
v -553675.4350892561 6541239.443882439 -102.49326720000047
v -553675.4350892561 6541239.443882439 -102.49326720000047
v -553675.4350892561 6541239.443882439 -102.49326720000047
v -553675.4350892561 6541239.443882439 -102.49326720000047
v -553675.4350892561 6541239.443882439 -102.49326720000047
v -553675.4350892561 6541239.443882439 -102.49326720000047
v -553675.4350892561 6541239.443882439 -102.49326720000047
v -553675.4350892561 6541239.443882439 -102.49326720000047
v -553675.4350892561 6541239.443882439 -102.49326720000047
v -553675.4350892561 6541239.443882439 -102.49326720000047
v -553675.4350892561 6541239.443882439 -102.49326720000047
v -553675.4350892561 6541239.443882439 -102.49326720000047
v -553675.4350892561 6541239.443882439 -102.49326720000047
v -553675.4350892561 6541239.443882439 -102.49326720000047
v -553675.4350892561 6541239.443882439 -102.49326720000047
v -553675.4350892561 6541239.443882439 -102.49326720000047
v -553675.4350892561 6541239.443882439 -102.49326720000047
v -553675.4350892561 6541239.443882439 -102.49326720000047
v -553675.4350892561 6541239.443882439 -102.49326720000047
v -553675.4350892561 6541239.443882439 -102.49326720000047
v -553675.4350892561 6541239.443882439 -102.49326720000047
v -553675.4350892561 6541239.443882439 -102.49326720000047
v -553675.4350892561 6541239.443882439 -102.49326720000047
v -553675.4350892561 6541239.443882439 -102.49326720000047
v -553675.4350892561 6541239.443882439 -102.49326720000047
v -553675.4350892561 6541239.443882439 -102.49326720000047
v -553675.4350892561 6541239.443882439 -102.49326720000047
v -553675.4350892561 6541239.443882439 -102.49326720000047
v -553675.4350892561 6541239.443882439 -102.49326720000047
v -553675.4350892561 6541239.443882439 -102.49326720000047
v -553675.4350892561 6541239.443882439 -102.49326720000047
v -553675.4350892561 6541239.443882439 -102.49326720000047
v -553675.4350892561 6541239.443882439 -102.49326720000047
v -553675.4350892561 6541239.443882439 -102.49326720000047
v -553675.4350892561 6541239.443882439 -102.49326720000047
v -553675.4350892561 6541239.443882439 -102.49326720000047
v -553675.4350892561 6541239.443882439 -102.49326720000047
v -553675.4350892561 6541239.443882439 -102.49326720000047
v -553675.4350892561 6541239.443882439 -102.49326720000047
v -553675.4350892561 6541239.443882439 -102.49326720000047
v -553675.4350892561 6541239.443882439 -102.49326720000047
v -553675.4350892561 6541239.443882439 -102.49326720000047
v -553675.4350892561 6541239.443882439 -102.49326720000047
v -553675.4350892561 6541239.443882439 -102.49326720000047
v -553675.4350892561 6541239.443882439 -102.49326720000047
v -553675.4350892561 6541239.443882439 -102.49326720000047
v -553675.4350892561 6541239.443882439 -102.49326720000047
v -553675.4350892561 6541239.443882439 -102.49326720000047
v -553675.4350892561 6541239.443882439 -102.49326720000047
v -553675.4350892561 6541239.443882439 -102.49326720000047
v -553675.4350892561 6541239.443882439 -102.49326720000047
v -553675.4350892561 6541239.443882439 -102.49326720000047
v -553675.4350892561 6541239.443882439 -102.49326720000047
v -553675.4350892561 6541239.443882439 -102.49326720000047
v -553675.4350892561 6541239.443882439 -102.49326720000047
v -553675.4350892561 6541239.443882439 -102.49326720000047
v -553675.4350892561 6541239.443882439 -102.49326720000047
v -553675.4350892561 6541239.443882439 -102.49326720000047
v -553675.4350892561 6541239.443882439 -102.49326720000047
v -553675.4350892561 6541239.443882439 -102.49326720000047
v -553675.4350892561 6541239.443882439 -102.49326720000047
v -553675.4350892561 6541239.443882439 -102.49326720000047
v -553675.4350892561 6541239.443882439 -102.49326720000047
v -553675.4350892561 6541239.443882439 -102.49326720000047
v -553675.4350892561 6541239.443882439 -102.49326720000047
v -553675.4350892561 6541239.443882439 -102.49326720000047
v -553675.4350892561 6541239.443882439 -102.49326720000047
v -553675.4350892561 6541239.443882439 -102.49326720000047
v -553675.4350892561 6541239.443882439 -102.49326720000047
v -553675.4350892561 6541239.443882439 -102.49326720000047
v -553675.4350892561 6541239.443882439 -102.49326720000047
v -553601.4808539322 6541279.083677659 -102.62494080000047
v -553601.489261185 6541278.693617846 -102.62494080000047
v -553601.7275561125 6541278.370678436 -102.62494080000047
v -553602.4848861035 6541278.199281965 -102.62494080000047
v -553603.2422163024 6541278.027885704 -102.62494080000047
v -553603.5285874638 6541277.718983301 -102.62494080000047
v -553603.8559834523 6541277.4220588 -102.62494080000047
v -553604.1833793968 6541277.125134139 -102.62494080000047
v -553604.7286934841 6541276.891835363 -102.62494080000047
v -553605.0560895164 6541276.594911024 -102.62494080000047
v -553605.294798896 6541276.272092623 -102.62494080000047
v -553605.192260792 6541275.849639771 -102.62494080000047
v -553605.08972257 6541275.427187032 -102.62494080000047
v -553605.4014961406 6541275.12570139 -102.62494080000047
v -553605.7288921291 6541274.8287768895 -102.62494080000047
v -553606.2742061736 6541274.595477953 -102.62494080000047
v -553606.352279253 6541274.225758442 -102.62494080000047
v -553606.9289981938 6541274.001629114 -102.62494080000047
v -553606.8707232509 6541273.59209996 -102.62494080000047
v -553607.1981191953 6541273.295175299 -102.62494080000047
v -553607.8389163233 6541273.089754784 -102.62494080000047
v -553607.4392339333 6541272.580544771 -102.62494080000047
v -553608.196564133 6541272.409148508 -102.62494080000047
v -553608.5327857822 6541272.114800696 -102.62494080000047
v -553608.5876454953 6541271.738303708 -102.62494080000047
v -553608.4851072723 6541271.3158509685 -102.62494080000047
v -553608.3825691682 6541270.893398116 -102.62494080000047
v -553608.3193411621 6541270.482422877 -102.62494080000047
v -553609.0766714778 6541270.311026734 -102.62494080000047
v -553609.8340016776 6541270.139630472 -102.62494080000047
v -553610.3366071342 6541269.893861875 -102.62494080000047
v -553610.2340689121 6541269.471409136 -102.62494080000047
v -553610.1545840941 6541269.055687467 -102.62494080000047
v -553610.5492968848 6541268.778417507 -102.62494080000047
v -553611.3066268788 6541268.607021039 -102.62494080000047
v -553611.9331965124 6541268.39744651 -102.62494080000047
v -553612.0855685391 6541268.049420269 -102.62494080000047
v -553611.9830303162 6541267.62696753 -102.62494080000047
v -553611.8804922111 6541267.20451468 -102.62494080000047
v -553611.777953989 6541266.782061941 -102.62494080000047
v -553612.1867344278 6541266.508899472 -102.62494080000047
v -553612.9440646276 6541266.33750321 -102.62494080000047
v -553613.671544667 6541266.157391426 -102.62494080000047
v -553613.7319919554 6541265.7825257 -102.62494080000047
v -553613.6294536162 6541265.360073073 -102.62494080000047
v -553613.5269153934 6541264.937620333 -102.62494080000047
v -553613.6453479673 6541264.579684471 -102.62494080000047
v -553614.4026783695 6541264.408288415 -102.62494080000047
v -553615.1600085694 6541264.236892153 -102.62494080000047
v -553615.4809534766 6541263.93808398 -102.62494080000047
v -553615.3784152545 6541263.515631242 -102.62494080000047
v -553615.4861784446 6541263.154580522 -102.62494080000047
v -553615.8135744327 6541262.857656022 -102.62494080000047
v -553616.1409703783 6541262.560731364 -102.62494080000047
v -553616.1503577433 6541262.170957691 -102.62494080000047
v -553616.2423386343 6541261.805298939 -102.62494080000047
v -553616.5697346227 6541261.508374439 -102.62494080000047
v -553616.8971305675 6541261.2114497805 -102.62494080000047
v -553616.9223003318 6541260.826284045 -102.62494080000047
v -553616.819761993 6541260.403831419 -102.62494080000047
v -553617.113058725 6541260.096950931 -102.62494080000047
v -553617.8703887209 6541259.925554465 -102.62494080000047
v -553618.5591931432 6541259.734150677 -102.62494080000047
v -553618.7737999596 6541259.404295177 -102.62494080000047
v -553618.6712617368 6541258.981842438 -102.62494080000047
v -553618.5687236305 6541258.559389588 -102.62494080000047
v -553618.4661854085 6541258.136936849 -102.62494080000047
v -553618.4606539361 6541257.742807396 -102.62494080000047
v -553618.7880499245 6541257.445882895 -102.62494080000047
v -553619.3009791358 6541257.203128534 -102.62494080000047
v -553619.8535954664 6541256.971961945 -102.62494080000047
v -553620.1809914547 6541256.675037445 -102.62494080000047
v -553620.3155519342 6541256.321810461 -102.62494080000047
v -553620.6429479223 6541256.024885961 -102.62494080000047
v -553620.970343953 6541255.7279616175 -102.62494080000047
v -553621.515658042 6541255.494662841 -102.62494080000047
v -553621.8430539872 6541255.197738184 -102.62494080000047
v -553622.0666466737 6541254.870506151 -102.62494080000047
v -553620.782012908 6541254.102916166 -102.62494080000047
v -553619.907627394 6541253.455106612 -102.62494080000047
v -553620.2350233208 6541253.158181887 -102.62494080000047
v -553620.5875019431 6541252.868580785 -102.62494080000047
v -553620.9148979745 6541252.571656442 -102.62494080000047
v -553621.2422939629 6541252.2747319415 -102.62494080000047
v -553621.3488791167 6541251.913336979 -102.62494080000047
v -553621.2463408946 6541251.490884241 -102.62494080000047
v -553621.1438025562 6541251.068431613 -102.62494080000047
v -553619.8591689051 6541250.300841518 -102.62494080000047
v -553618.8419220578 6541249.611320417 -102.62494080000047
v -553619.5992522566 6541249.439924156 -102.62494080000047
v -553620.3565826577 6541249.2685281 -102.62494080000047
v -553620.6311114439 6541248.95616792 -102.62494080000047
v -553620.528573338 6541248.533715069 -102.62494080000047
v -553620.4260349994 6541248.111262443 -102.62494080000047
v -553620.3234967764 6541247.688809703 -102.62494080000047
v -553620.2209586708 6541247.266356853 -102.62494080000047
v -553620.1184204485 6541246.843904114 -102.62494080000047
v -553618.330146356 6541245.92926586 -102.62494080000047
v -553619.0874765555 6541245.7578695975 -102.62494080000047
v -553619.7313884334 6541245.553358351 -102.62494080000047
v -553619.7082675593 6541245.15409316 -102.62494080000047
v -553620.0096188908 6541244.849564527 -102.62494080000047
v -553620.7669490903 6541244.678168265 -102.62494080000047
v -553621.5242790862 6541244.506771798 -102.62494080000047
v -553621.6623055256 6541244.154556919 -102.62494080000047
v -553621.559767187 6541243.732104292 -102.62494080000047
v -553621.457228914 6541243.3096516 -102.62494080000047
v -553621.354690858 6541242.887198702 -102.62494080000047
v -553619.140195178 6541241.848116039 -102.62494080000047
v -553619.8975255804 6541241.676719984 -102.62494080000047
v -553620.6548557802 6541241.505323722 -102.62494080000047
v -553620.9445379688 6541241.197387748 -102.62494080000047
v -553621.3981741118 6541240.937321687 -102.62494080000047
v -553622.1555045132 6541240.765925632 -102.62494080000047
v -553622.912834713 6541240.59452937 -102.62494080000047
v -553623.2844937772 6541240.31052825 -102.62494080000047
v -553624.0418239761 6541240.139131989 -102.62494080000047
v -553624.7991543763 6541239.967735931 -102.62494080000047
v -553624.955152008 6541239.620768114 -102.62494080000047
v -553624.8526139016 6541239.198315265 -102.62494080000047
v -553624.7500755636 6541238.775862638 -102.62494080000047
v -553624.6475373405 6541238.3534098985 -102.62494080000047
v -553624.5449992345 6541237.930957048 -102.62494080000047
v -553624.9079196581 6541237.644404647 -102.62494080000047
v -553625.6652500586 6541237.47300859 -102.62494080000047
v -553626.4156600498 6541237.299591828 -102.62494080000047
v -553625.444391064 6541236.623494923 -102.62494080000047
v -553626.2017212625 6541236.452098662 -102.62494080000047
v -553626.2939606406 6541236.086515442 -102.62494080000047
v -553626.1914224178 6541235.664062702 -102.62494080000047
v -553626.5099562232 6541235.364550559 -102.62494080000047
v -553626.9170164706 6541235.090885697 -102.62494080000047
v -553627.5755018073 6541234.890629766 -102.62494080000047
v -553627.9028978139 6541234.593705332 -102.62494080000047
v -553628.0429222774 6541234.24207361 -102.62494080000047
v -553627.9403840553 6541233.819620873 -102.62494080000047
v -553627.8378457174 6541233.397168245 -102.62494080000047
v -553627.7353074945 6541232.974715506 -102.62494080000047
v -553627.6327693879 6541232.552262656 -102.62494080000047
v -553627.5302311658 6541232.129809918 -102.62494080000047
v -553627.755089026 6541231.802947423 -102.62494080000047
v -553628.512419226 6541231.6315511605 -102.62494080000047
v -553629.2697492236 6541231.460154696 -102.62494080000047
v -553629.4842690162 6541231.130273786 -102.62494080000047
v -553629.3817307933 6541230.707821047 -102.62494080000047
v -553629.2791926867 6541230.285368199 -102.62494080000047
v -553629.1766544644 6541229.86291546 -102.62494080000047
v -553629.074116127 6541229.440462832 -102.62494080000047
v -553628.9715779041 6541229.018010093 -102.62494080000047
v -553628.8690397978 6541228.595557244 -102.62494080000047
v -553628.7665015755 6541228.173104505 -102.62494080000047
v -553628.6639632377 6541227.750651877 -102.62494080000047
v -553628.5614250145 6541227.328199138 -102.62494080000047
v -553628.4588869084 6541226.905746289 -102.62494080000047
v -553628.6325612385 6541226.563939553 -102.62494080000047
v -553628.9599572695 6541226.26701521 -102.62494080000047
v -553629.2873532576 6541225.97009071 -102.62494080000047
v -553629.2308294467 6541225.56107269 -102.62494080000047
v -553629.1958859629 6541225.158355643 -102.62494080000047
v -553629.5232819945 6541224.861431301 -102.62494080000047
v -553629.8506780011 6541224.564506867 -102.62494080000047
v -553630.002771985 6541224.216399092 -102.62494080000047
v -553629.9002337629 6541223.793946355 -102.62494080000047
v -553629.7976954251 6541223.371493727 -102.62494080000047
v -553630.1185056147 6541223.0726463655 -102.62494080000047
v -553630.8758356116 6541222.9012499 -102.62494080000047
v -553631.6331660113 6541222.729853842 -102.62494080000047
v -553631.751733391 6541222.371957484 -102.62494080000047
v -553631.6491952842 6541221.949504635 -102.62494080000047
v -553631.546657062 6541221.527051897 -102.62494080000047
v -553631.4441187243 6541221.104599269 -102.62494080000047
v -553631.3702722283 6541220.690523677 -102.62494080000047
v -553632.1276022258 6541220.519127212 -102.62494080000047
v -553632.8849324243 6541220.34773095 -102.62494080000047
v -553633.3981566911 6541220.105063027 -102.62494080000047
v -553630.9314276115 6541218.992335575 -102.62494080000047
v -553630.8288895056 6541218.569882725 -102.62494080000047
v -553630.8134411975 6541218.1728577 -102.62494080000047
v -553631.1408372286 6541217.8759333575 -102.62494080000047
v -553631.6438498489 6541217.630283786 -102.62494080000047
v -553632.2063827275 6541217.402012249 -102.62494080000047
v -553632.5337787156 6541217.10508775 -102.62494080000047
v -553632.5778509119 6541216.725441118 -102.62494080000047
v -553632.4753126887 6541216.302988378 -102.62494080000047
v -553632.3727745824 6541215.880535529 -102.62494080000047
v -553632.27023636 6541215.458082791 -102.62494080000047
v -553632.167698022 6541215.035630164 -102.62494080000047
v -553632.0651597492 6541214.613177472 -102.62494080000047
v -553632.1258541141 6541214.238383676 -102.62494080000047
v -553632.6607460051 6541214.002042067 -102.62494080000047
v -553633.4180762046 6541213.830645805 -102.62494080000047
v -553633.9044665762 6541213.58014288 -102.62494080000047
v -553633.9166596589 6541213.191188333 -102.62494080000047
v -553633.8141213212 6541212.768735706 -102.62494080000047
v -553633.7296417893 6541212.351555577 -102.62494080000047
v -553634.0570377349 6541212.054630919 -102.62494080000047
v -553633.7196769507 6541211.563616849 -102.62494080000047
v -553632.9343236258 6541210.941802178 -102.62494080000047
v -553632.9343236258 6541210.941802178 -102.62494080000047
v -553632.9343236258 6541210.941802178 -102.62494080000047
v -553632.9343236258 6541210.941802178 -102.62494080000047
v -553632.9343236258 6541210.941802178 -102.62494080000047
v -553632.9343236258 6541210.941802178 -102.62494080000047
v -553632.9343236258 6541210.941802178 -102.62494080000047
v -553632.9343236258 6541210.941802178 -102.62494080000047
v -553632.9343236258 6541210.941802178 -102.62494080000047
v -553632.9343236258 6541210.941802178 -102.62494080000047
v -553632.9343236258 6541210.941802178 -102.62494080000047
v -553632.9343236258 6541210.941802178 -102.62494080000047
v -553632.9343236258 6541210.941802178 -102.62494080000047
v -553632.9343236258 6541210.941802178 -102.62494080000047
v -553632.9343236258 6541210.941802178 -102.62494080000047
v -553632.9343236258 6541210.941802178 -102.62494080000047
v -553632.9343236258 6541210.941802178 -102.62494080000047
v -553632.9343236258 6541210.941802178 -102.62494080000047
v -553632.9343236258 6541210.941802178 -102.62494080000047
v -553632.9343236258 6541210.941802178 -102.62494080000047
v -553632.9343236258 6541210.941802178 -102.62494080000047
v -553632.9343236258 6541210.941802178 -102.62494080000047
v -553632.9343236258 6541210.941802178 -102.62494080000047
v -553632.9343236258 6541210.941802178 -102.62494080000047
v -553632.9343236258 6541210.941802178 -102.62494080000047
v -553632.9343236258 6541210.941802178 -102.62494080000047
v -553632.9343236258 6541210.941802178 -102.62494080000047
v -553632.9343236258 6541210.941802178 -102.62494080000047
v -553632.9343236258 6541210.941802178 -102.62494080000047
v -553632.9343236258 6541210.941802178 -102.62494080000047
v -553632.9343236258 6541210.941802178 -102.62494080000047
v -553632.9343236258 6541210.941802178 -102.62494080000047
v -553632.9343236258 6541210.941802178 -102.62494080000047
v -553632.9343236258 6541210.941802178 -102.62494080000047
v -553632.9343236258 6541210.941802178 -102.62494080000047
v -553632.9343236258 6541210.941802178 -102.62494080000047
v -553632.9343236258 6541210.941802178 -102.62494080000047
v -553632.9343236258 6541210.941802178 -102.62494080000047
v -553632.9343236258 6541210.941802178 -102.62494080000047
v -553632.9343236258 6541210.941802178 -102.62494080000047
v -553632.9343236258 6541210.941802178 -102.62494080000047
v -553632.9343236258 6541210.941802178 -102.62494080000047
v -553632.9343236258 6541210.941802178 -102.62494080000047
v -553632.9343236258 6541210.941802178 -102.62494080000047
v -553632.9343236258 6541210.941802178 -102.62494080000047
v -553632.9343236258 6541210.941802178 -102.62494080000047
v -553632.9343236258 6541210.941802178 -102.62494080000047
v -553632.9343236258 6541210.941802178 -102.62494080000047
v -553632.9343236258 6541210.941802178 -102.62494080000047
v -553632.9343236258 6541210.941802178 -102.62494080000047
v -553632.9343236258 6541210.941802178 -102.62494080000047
v -553632.9343236258 6541210.941802178 -102.62494080000047
v -553632.9343236258 6541210.941802178 -102.62494080000047
v -553632.9343236258 6541210.941802178 -102.62494080000047
v -553632.9343236258 6541210.941802178 -102.62494080000047
v -553632.9343236258 6541210.941802178 -102.62494080000047
v -553632.9343236258 6541210.941802178 -102.62494080000047
v -553632.9343236258 6541210.941802178 -102.62494080000047
v -553632.9343236258 6541210.941802178 -102.62494080000047
v -553632.9343236258 6541210.941802178 -102.62494080000047
v -553632.9343236258 6541210.941802178 -102.62494080000047
v -553632.9343236258 6541210.941802178 -102.62494080000047
v -553632.9343236258 6541210.941802178 -102.62494080000047
v -553632.9343236258 6541210.941802178 -102.62494080000047
v -553632.9343236258 6541210.941802178 -102.62494080000047
v -553632.9343236258 6541210.941802178 -102.62494080000047
v -553632.9343236258 6541210.941802178 -102.62494080000047
v -553632.9343236258 6541210.941802178 -102.62494080000047
v -553632.9343236258 6541210.941802178 -102.62494080000047
v -553632.9343236258 6541210.941802178 -102.62494080000047
v -553632.9343236258 6541210.941802178 -102.62494080000047
v -553632.9343236258 6541210.941802178 -102.62494080000047
v -553632.9343236258 6541210.941802178 -102.62494080000047
v -553632.9343236258 6541210.941802178 -102.62494080000047
v -553632.9343236258 6541210.941802178 -102.62494080000047
v -553632.9343236258 6541210.941802178 -102.62494080000047
v -553632.9343236258 6541210.941802178 -102.62494080000047
v -553632.9343236258 6541210.941802178 -102.62494080000047
v -553632.9343236258 6541210.941802178 -102.62494080000047
v -553632.9343236258 6541210.941802178 -102.62494080000047
v -553632.9343236258 6541210.941802178 -102.62494080000047
v -553632.9343236258 6541210.941802178 -102.62494080000047
v -553632.9343236258 6541210.941802178 -102.62494080000047
v -553632.9343236258 6541210.941802178 -102.62494080000047
v -553632.9343236258 6541210.941802178 -102.62494080000047
v -553632.9343236258 6541210.941802178 -102.62494080000047
v -553632.9343236258 6541210.941802178 -102.62494080000047
v -553632.9343236258 6541210.941802178 -102.62494080000047
v -553632.9343236258 6541210.941802178 -102.62494080000047
v -553632.9343236258 6541210.941802178 -102.62494080000047
v -553632.9343236258 6541210.941802178 -102.62494080000047
v -553632.9343236258 6541210.941802178 -102.62494080000047
v -553632.9343236258 6541210.941802178 -102.62494080000047
v -553632.9343236258 6541210.941802178 -102.62494080000047
v -553632.9343236258 6541210.941802178 -102.62494080000047
v -553632.9343236258 6541210.941802178 -102.62494080000047
v -553632.9343236258 6541210.941802178 -102.62494080000047
v -553632.9343236258 6541210.941802178 -102.62494080000047
v -553632.9343236258 6541210.941802178 -102.62494080000047
v -553632.9343236258 6541210.941802178 -102.62494080000047
v -553632.9343236258 6541210.941802178 -102.62494080000047
v -553632.9343236258 6541210.941802178 -102.62494080000047
v -553632.9343236258 6541210.941802178 -102.62494080000047
v -553632.9343236258 6541210.941802178 -102.62494080000047
v -553632.9343236258 6541210.941802178 -102.62494080000047
v -553632.9343236258 6541210.941802178 -102.62494080000047
v -553632.9343236258 6541210.941802178 -102.62494080000047
v -553632.9343236258 6541210.941802178 -102.62494080000047
v -553632.9343236258 6541210.941802178 -102.62494080000047
v -553632.9343236258 6541210.941802178 -102.62494080000047
v -553632.9343236258 6541210.941802178 -102.62494080000047
v -553632.9343236258 6541210.941802178 -102.62494080000047
v -553632.9343236258 6541210.941802178 -102.62494080000047
v -553632.9343236258 6541210.941802178 -102.62494080000047
v -553632.9343236258 6541210.941802178 -102.62494080000047
v -553632.9343236258 6541210.941802178 -102.62494080000047
v -553632.9343236258 6541210.941802178 -102.62494080000047
v -553632.9343236258 6541210.941802178 -102.62494080000047
v -553632.9343236258 6541210.941802178 -102.62494080000047
v -553632.9343236258 6541210.941802178 -102.62494080000047
v -553632.9343236258 6541210.941802178 -102.62494080000047
v -553632.9343236258 6541210.941802178 -102.62494080000047
v -553632.9343236258 6541210.941802178 -102.62494080000047
v -553632.9343236258 6541210.941802178 -102.62494080000047
v -553632.9343236258 6541210.941802178 -102.62494080000047
v -553632.9343236258 6541210.941802178 -102.62494080000047
v -553632.9343236258 6541210.941802178 -102.62494080000047
v -553632.9343236258 6541210.941802178 -102.62494080000047
v -553632.9343236258 6541210.941802178 -102.62494080000047
v -553632.9343236258 6541210.941802178 -102.62494080000047
v -553632.9343236258 6541210.941802178 -102.62494080000047
v -553632.9343236258 6541210.941802178 -102.62494080000047
v -553632.9343236258 6541210.941802178 -102.62494080000047
v -553632.9343236258 6541210.941802178 -102.62494080000047
v -553632.9343236258 6541210.941802178 -102.62494080000047
v -553632.9343236258 6541210.941802178 -102.62494080000047
v -553632.9343236258 6541210.941802178 -102.62494080000047
v -553632.9343236258 6541210.941802178 -102.62494080000047
v -553632.9343236258 6541210.941802178 -102.62494080000047
v -553632.9343236258 6541210.941802178 -102.62494080000047
v -553632.9343236258 6541210.941802178 -102.62494080000047
v -553632.9343236258 6541210.941802178 -102.62494080000047
v -553632.9343236258 6541210.941802178 -102.62494080000047
v -553632.9343236258 6541210.941802178 -102.62494080000047
v -553632.9343236258 6541210.941802178 -102.62494080000047
v -553632.9343236258 6541210.941802178 -102.62494080000047
v -553632.9343236258 6541210.941802178 -102.62494080000047
v -553632.9343236258 6541210.941802178 -102.62494080000047
v -553632.9343236258 6541210.941802178 -102.62494080000047
v -553632.9343236258 6541210.941802178 -102.62494080000047
v -553632.9343236258 6541210.941802178 -102.62494080000047
v -553632.9343236258 6541210.941802178 -102.62494080000047
v -553632.9343236258 6541210.941802178 -102.62494080000047
v -553632.9343236258 6541210.941802178 -102.62494080000047
v -553632.9343236258 6541210.941802178 -102.62494080000047
v -553632.9343236258 6541210.941802178 -102.62494080000047
v -553632.9343236258 6541210.941802178 -102.62494080000047
v -553632.9343236258 6541210.941802178 -102.62494080000047
v -553632.9343236258 6541210.941802178 -102.62494080000047
v -553632.9343236258 6541210.941802178 -102.62494080000047
v -553632.9343236258 6541210.941802178 -102.62494080000047
v -553632.9343236258 6541210.941802178 -102.62494080000047
v -553632.9343236258 6541210.941802178 -102.62494080000047
v -553632.9343236258 6541210.941802178 -102.62494080000047
v -553632.9343236258 6541210.941802178 -102.62494080000047
v -553632.9343236258 6541210.941802178 -102.62494080000047
v -553632.9343236258 6541210.941802178 -102.62494080000047
v -553632.9343236258 6541210.941802178 -102.62494080000047
v -553632.9343236258 6541210.941802178 -102.62494080000047
v -553632.9343236258 6541210.941802178 -102.62494080000047
v -553632.9343236258 6541210.941802178 -102.62494080000047
v -553632.9343236258 6541210.941802178 -102.62494080000047
v -553632.9343236258 6541210.941802178 -102.62494080000047
v -553632.9343236258 6541210.941802178 -102.62494080000047
v -553632.9343236258 6541210.941802178 -102.62494080000047
v -553632.9343236258 6541210.941802178 -102.62494080000047
v -553632.9343236258 6541210.941802178 -102.62494080000047
v -553632.9343236258 6541210.941802178 -102.62494080000047
v -553632.9343236258 6541210.941802178 -102.62494080000047
v -553632.9343236258 6541210.941802178 -102.62494080000047
v -553632.9343236258 6541210.941802178 -102.62494080000047
v -553632.9343236258 6541210.941802178 -102.62494080000047
v -553632.9343236258 6541210.941802178 -102.62494080000047
v -553632.9343236258 6541210.941802178 -102.62494080000047
v -553632.9343236258 6541210.941802178 -102.62494080000047
v -553632.9343236258 6541210.941802178 -102.62494080000047
v -553632.9343236258 6541210.941802178 -102.62494080000047
v -553632.9343236258 6541210.941802178 -102.62494080000047
v -553632.9343236258 6541210.941802178 -102.62494080000047
v -553632.9343236258 6541210.941802178 -102.62494080000047
v -553632.9343236258 6541210.941802178 -102.62494080000047
v -553632.9343236258 6541210.941802178 -102.62494080000047
v -553632.9343236258 6541210.941802178 -102.62494080000047
v -553632.9343236258 6541210.941802178 -102.62494080000047
v -553632.9343236258 6541210.941802178 -102.62494080000047
v -553632.9343236258 6541210.941802178 -102.62494080000047
v -553632.9343236258 6541210.941802178 -102.62494080000047
v -553632.9343236258 6541210.941802178 -102.62494080000047
v -553632.9343236258 6541210.941802178 -102.62494080000047
v -553632.9343236258 6541210.941802178 -102.62494080000047
v -553632.9343236258 6541210.941802178 -102.62494080000047
v -553632.9343236258 6541210.941802178 -102.62494080000047
v -553632.9343236258 6541210.941802178 -102.62494080000047
v -553594.4992269072 6541277.045246379 -102.72369600000047
v -553594.3966886157 6541276.622793707 -102.72369600000047
v -553594.5926438842 6541276.2874923535 -102.72369600000047
v -553595.3499738716 6541276.116095879 -102.72369600000047
v -553596.1073040704 6541275.944699618 -102.72369600000047
v -553596.3507265822 6541275.623257466 -102.72369600000047
v -553596.2481883593 6541275.200804726 -102.72369600000047
v -553596.1456502579 6541274.778351871 -102.72369600000047
v -553596.043112036 6541274.355899133 -102.72369600000047
v -553595.9405736926 6541273.933446511 -102.72369600000047
v -553595.8380354698 6541273.510993771 -102.72369600000047
v -553595.7354973688 6541273.088540916 -102.72369600000047
v -553595.8023752951 6541272.715552748 -102.72369600000047
v -553596.5597057045 6541272.544156699 -102.72369600000047
v -553597.3170359042 6541272.372760437 -102.72369600000047
v -553597.6895353347 6541272.089004675 -102.72369600000047
v -553597.586997113 6541271.666551937 -102.72369600000047
v -553597.4844587698 6541271.244099314 -102.72369600000047
v -553597.3819205469 6541270.821646575 -102.72369600000047
v -553597.2793824457 6541270.399193721 -102.72369600000047
v -553597.23296571 6541269.993126818 -102.72369600000047
v -553597.990296119 6541269.821730769 -102.72369600000047
v -553598.7476263187 6541269.650334507 -102.72369600000047
v -553599.1763528936 6541269.382995429 -102.72369600000047
v -553598.9252425298 6541268.917164114 -102.72369600000047
v -553599.0283438459 6541268.554752117 -102.72369600000047
v -553598.9258057446 6541268.132299263 -102.72369600000047
v -553598.8232674708 6541267.709846574 -102.72369600000047
v -553598.7207291794 6541267.287393902 -102.72369600000047
v -553598.6338678143 6541266.869518347 -102.72369600000047
v -553598.6355327977 6541266.477489752 -102.72369600000047
v -553599.3928629964 6541266.306093491 -102.72369600000047
v -553599.9573579392 6541266.078395115 -102.72369600000047
v -553600.5470407981 6541265.858050724 -102.72369600000047
v -553600.4696908214 6541265.442952067 -102.72369600000047
v -553600.3671525993 6541265.020499328 -102.72369600000047
v -553600.2646142563 6541264.598046706 -102.72369600000047
v -553600.1620760337 6541264.175593967 -102.72369600000047
v -553600.0595379324 6541263.753141112 -102.72369600000047
v -553600.4377824798 6541263.471062907 -102.72369600000047
v -553601.1951128881 6541263.299666858 -102.72369600000047
v -553601.7596076222 6541263.07196827 -102.72369600000047
v -553601.9760035564 6541262.742634843 -102.72369600000047
v -553601.9110376762 6541262.331152132 -102.72369600000047
v -553601.8084993336 6541261.90869951 -102.72369600000047
v -553601.7059611109 6541261.48624677 -102.72369600000047
v -553601.6034230092 6541261.063793916 -102.72369600000047
v -553601.5008846666 6541260.641341293 -102.72369600000047
v -553601.6615259766 6541260.295729294 -102.72369600000047
v -553602.4188559654 6541260.124332821 -102.72369600000047
v -553602.7905152321 6541259.840331906 -102.72369600000047
v -553603.1621747086 6541259.556331203 -102.72369600000047
v -553603.3523844098 6541259.219352311 -102.72369600000047
v -553603.249846308 6541258.796899458 -102.72369600000047
v -553603.1473080344 6541258.374446769 -102.72369600000047
v -553603.0447697431 6541257.951994097 -102.72369600000047
v -553602.9422315203 6541257.529541357 -102.72369600000047
v -553602.8396934186 6541257.107088503 -102.72369600000047
v -553602.7371551965 6541256.684635765 -102.72369600000047
v -553602.6346168536 6541256.262183142 -102.72369600000047
v -553602.5320786308 6541255.839730402 -102.72369600000047
v -553602.4295405293 6541255.417277548 -102.72369600000047
v -553602.3270023073 6541254.99482481 -102.72369600000047
v -553602.4155283469 6541254.62815741 -102.72369600000047
v -553603.1728585467 6541254.456761148 -102.72369600000047
v -553602.7731757405 6541253.947550714 -102.72369600000047
v -553602.1451712814 6541253.371677174 -102.72369600000047
v -553602.3594816917 6541253.041735139 -102.72369600000047
v -553603.1168118916 6541252.870338877 -102.72369600000047
v -553603.8741418797 6541252.698942402 -102.72369600000047
v -553603.8708872632 6541252.30547773 -102.72369600000047
v -553603.7683490402 6541251.883024991 -102.72369600000047
v -553603.665810939 6541251.460572136 -102.72369600000047
v -553603.563272717 6541251.038119398 -102.72369600000047
v -553604.1897547017 6541250.828519429 -102.72369600000047
v -553604.9470849012 6541250.657123167 -102.72369600000047
v -553605.4692964316 6541250.417078967 -102.72369600000047
v -553605.5173106829 6541250.038583157 -102.72369600000047
v -553605.4147723403 6541249.616130534 -102.72369600000047
v -553605.3122340656 6541249.193677844 -102.72369600000047
v -553605.2096960156 6541248.77122494 -102.72369600000047
v -553605.1071577936 6541248.348772202 -102.72369600000047
v -553605.0046194507 6541247.926319579 -102.72369600000047
v -553604.9020812277 6541247.503866839 -102.72369600000047
v -553604.7995431264 6541247.081413985 -102.72369600000047
v -553604.8069680523 6541246.691067276 -102.72369600000047
v -553605.564298461 6541246.519671227 -102.72369600000047
v -553606.3216286607 6541246.348274965 -102.72369600000047
v -553606.7234344056 6541246.073075791 -102.72369600000047
v -553606.2936051226 6541245.555063617 -102.72369600000047
v -553606.4140490982 6541245.1977153225 -102.72369600000047
v -553606.4459663046 6541244.814519643 -102.72369600000047
v -553606.3434282029 6541244.392066789 -102.72369600000047
v -553606.2408898602 6541243.969614166 -102.72369600000047
v -553606.1383516372 6541243.547161426 -102.72369600000047
v -553606.0358135359 6541243.124708572 -102.72369600000047
v -553606.1955234766 6541242.778824642 -102.72369600000047
v -553606.9528538854 6541242.607428594 -102.72369600000047
v -553607.3245131533 6541242.323427678 -102.72369600000047
v -553607.8430118569 6541242.082299441 -102.72369600000047
v -553607.8873132799 6541241.7027195925 -102.72369600000047
v -553607.7847749373 6541241.280266969 -102.72369600000047
v -553607.6822367144 6541240.85781423 -102.72369600000047
v -553607.5796986128 6541240.435361376 -102.72369600000047
v -553607.4771603906 6541240.012908638 -102.72369600000047
v -553607.3746220479 6541239.590456015 -102.72369600000047
v -553607.2720837732 6541239.168003325 -102.72369600000047
v -553607.1695457234 6541238.745550422 -102.72369600000047
v -553607.0670075014 6541238.323097684 -102.72369600000047
v -553606.964469158 6541237.90064506 -102.72369600000047
v -553606.8619309353 6541237.478192321 -102.72369600000047
v -553607.5280322455 6541237.280159737 -102.72369600000047
v -553608.2853624444 6541237.108763476 -102.72369600000047
v -553608.9185071244 6541236.901108819 -102.72369600000047
v -553608.8159689016 6541236.47865608 -102.72369600000047
v -553608.7134308 6541236.056203226 -102.72369600000047
v -553608.6108925781 6541235.633750487 -102.72369600000047
v -553608.5083542351 6541235.211297864 -102.72369600000047
v -553608.4058160122 6541234.788845125 -102.72369600000047
v -553608.3032779108 6541234.366392271 -102.72369600000047
v -553608.2007395678 6541233.943939649 -102.72369600000047
v -553608.0982013447 6541233.521486909 -102.72369600000047
v -553608.1452458065 6541233.142707796 -102.72369600000047
v -553608.7097405392 6541232.915009208 -102.72369600000047
v -553609.4670709482 6541232.743613159 -102.72369600000047
v -553609.0673883536 6541232.234402938 -102.72369600000047
v -553609.2462119451 6541231.894099484 -102.72369600000047
v -553609.8471629873 6541231.677045074 -102.72369600000047
v -553609.7446246448 6541231.254592452 -102.72369600000047
v -553609.6420864217 6541230.832139713 -102.72369600000047
v -553609.5395483206 6541230.409686858 -102.72369600000047
v -553609.4370100985 6541229.98723412 -102.72369600000047
v -553609.9334840353 6541229.739675596 -102.72369600000047
v -553610.6908143248 6541229.568279426 -102.72369600000047
v -553611.2553087575 6541229.340580534 -102.72369600000047
v -553611.3910480645 6541228.987697878 -102.72369600000047
v -553611.2885097216 6541228.565245256 -102.72369600000047
v -553611.1859714987 6541228.142792516 -102.72369600000047
v -553611.0834333971 6541227.720339662 -102.72369600000047
v -553610.9808951751 6541227.297886924 -102.72369600000047
v -553610.9283801753 6541226.890039657 -102.72369600000047
v -553611.5428982523 6541226.676946424 -102.72369600000047
v -553612.3002282408 6541226.505549951 -102.72369600000047
v -553612.8647231831 6541226.277851574 -102.72369600000047
v -553612.8323947982 6541225.8758980585 -102.72369600000047
v -553612.7298566966 6541225.4534452045 -102.72369600000047
v -553612.6273184743 6541225.030992466 -102.72369600000047
v -553612.5247801318 6541224.608539843 -102.72369600000047
v -553612.4222419086 6541224.186087104 -102.72369600000047
v -553612.319703807 6541223.76363425 -102.72369600000047
v -553612.2171655848 6541223.341181511 -102.72369600000047
v -553612.114627242 6541222.918728889 -102.72369600000047
v -553612.182518149 6541222.54603648 -102.72369600000047
v -553612.724606336 6541222.311795684 -102.72369600000047
v -553613.096265604 6541222.027794769 -102.72369600000047
v -553613.6607605468 6541221.800096394 -102.72369600000047
v -553613.902855667 6541221.47826653 -102.72369600000047
v -553612.6685596812 6541220.7253734125 -102.72369600000047
v -553611.3968598059 6541219.961559601 -102.72369600000047
v -553611.2943214625 6541219.53910698 -102.72369600000047
v -553611.4695121974 6541219.197743053 -102.72369600000047
v -553612.0340066287 6541218.97004416 -102.72369600000047
v -553612.2128304299 6541218.629740919 -102.72369600000047
v -553612.5844899087 6541218.345740218 -102.72369600000047
v -553612.9561491768 6541218.061739302 -102.72369600000047
v -553613.0432831044 6541217.694665143 -102.72369600000047
v -553611.3854421237 6541216.818109555 -102.72369600000047
v -553610.7298876061 6541216.234192202 -102.72369600000047
v -553611.3574185852 6541216.024898205 -102.72369600000047
v -553611.729077852 6541215.74089729 -102.72369600000047
v -553611.7150664001 6541215.344291937 -102.72369600000047
v -553612.2573896584 6541215.110119924 -102.72369600000047
v -553612.3255155481 6541214.737495973 -102.72369600000047
v -553612.6372085254 6541214.435986652 -102.72369600000047
v -553613.3945389352 6541214.264590604 -102.72369600000047
v -553614.1518691346 6541214.093194342 -102.72369600000047
v -553614.2795535143 6541213.737959731 -102.72369600000047
v -553614.1770152921 6541213.315506993 -102.72369600000047
v -553614.0744769488 6541212.893054371 -102.72369600000047
v -553613.93746287 6541212.460535687 -102.72369600000047
v -553613.8694006248 6541212.048148776 -102.72369600000047
v -553613.7668624024 6541211.625696038 -102.72369600000047
v -553613.6643240594 6541211.203243416 -102.72369600000047
v -553613.5617858365 6541210.780790676 -102.72369600000047
v -553613.6825087189 6541210.423523512 -102.72369600000047
v -553614.0117522859 6541210.127138451 -102.72369600000047
v -553613.6120699013 6541209.617928444 -102.72369600000047
v -553613.1516328948 6541209.090979772 -102.72369600000047
v -553613.049094846 6541208.668526867 -102.72369600000047
v -553612.9465565021 6541208.246074245 -102.72369600000047
v -553612.844018279 6541207.823621506 -102.72369600000047
v -553612.7414801788 6541207.401168651 -102.72369600000047
v -553612.6389419567 6541206.978715912 -102.72369600000047
v -553612.5364036127 6541206.556263291 -102.72369600000047
v -553612.4338653897 6541206.133810551 -102.72369600000047
v -553612.3313272896 6541205.711357696 -102.72369600000047
v -553612.5077757232 6541205.3703609165 -102.72369600000047
v -553613.2651061341 6541205.19896487 -102.72369600000047
v -553614.0224363337 6541205.027568608 -102.72369600000047
v -553611.9211744 6541204.021546741 -102.72369600000047
v -553611.9211744 6541204.021546741 -102.72369600000047
v -553611.9211744 6541204.021546741 -102.72369600000047
v -553611.9211744 6541204.021546741 -102.72369600000047
v -553611.9211744 6541204.021546741 -102.72369600000047
v -553611.9211744 6541204.021546741 -102.72369600000047
v -553611.9211744 6541204.021546741 -102.72369600000047
v -553611.9211744 6541204.021546741 -102.72369600000047
v -553611.9211744 6541204.021546741 -102.72369600000047
v -553611.9211744 6541204.021546741 -102.72369600000047
v -553611.9211744 6541204.021546741 -102.72369600000047
v -553611.9211744 6541204.021546741 -102.72369600000047
v -553611.9211744 6541204.021546741 -102.72369600000047
v -553611.9211744 6541204.021546741 -102.72369600000047
v -553611.9211744 6541204.021546741 -102.72369600000047
v -553611.9211744 6541204.021546741 -102.72369600000047
v -553611.9211744 6541204.021546741 -102.72369600000047
v -553611.9211744 6541204.021546741 -102.72369600000047
v -553611.9211744 6541204.021546741 -102.72369600000047
v -553611.9211744 6541204.021546741 -102.72369600000047
v -553611.9211744 6541204.021546741 -102.72369600000047
v -553611.9211744 6541204.021546741 -102.72369600000047
v -553611.9211744 6541204.021546741 -102.72369600000047
v -553611.9211744 6541204.021546741 -102.72369600000047
v -553611.9211744 6541204.021546741 -102.72369600000047
v -553611.9211744 6541204.021546741 -102.72369600000047
v -553611.9211744 6541204.021546741 -102.72369600000047
v -553611.9211744 6541204.021546741 -102.72369600000047
v -553611.9211744 6541204.021546741 -102.72369600000047
v -553611.9211744 6541204.021546741 -102.72369600000047
v -553611.9211744 6541204.021546741 -102.72369600000047
v -553611.9211744 6541204.021546741 -102.72369600000047
v -553611.9211744 6541204.021546741 -102.72369600000047
v -553611.9211744 6541204.021546741 -102.72369600000047
v -553611.9211744 6541204.021546741 -102.72369600000047
v -553611.9211744 6541204.021546741 -102.72369600000047
v -553611.9211744 6541204.021546741 -102.72369600000047
v -553611.9211744 6541204.021546741 -102.72369600000047
v -553611.9211744 6541204.021546741 -102.72369600000047
v -553611.9211744 6541204.021546741 -102.72369600000047
v -553611.9211744 6541204.021546741 -102.72369600000047
v -553611.9211744 6541204.021546741 -102.72369600000047
v -553611.9211744 6541204.021546741 -102.72369600000047
v -553611.9211744 6541204.021546741 -102.72369600000047
v -553611.9211744 6541204.021546741 -102.72369600000047
v -553611.9211744 6541204.021546741 -102.72369600000047
v -553611.9211744 6541204.021546741 -102.72369600000047
v -553611.9211744 6541204.021546741 -102.72369600000047
v -553611.9211744 6541204.021546741 -102.72369600000047
v -553611.9211744 6541204.021546741 -102.72369600000047
v -553611.9211744 6541204.021546741 -102.72369600000047
v -553611.9211744 6541204.021546741 -102.72369600000047
v -553611.9211744 6541204.021546741 -102.72369600000047
v -553611.9211744 6541204.021546741 -102.72369600000047
v -553611.9211744 6541204.021546741 -102.72369600000047
v -553611.9211744 6541204.021546741 -102.72369600000047
v -553611.9211744 6541204.021546741 -102.72369600000047
v -553611.9211744 6541204.021546741 -102.72369600000047
v -553611.9211744 6541204.021546741 -102.72369600000047
v -553611.9211744 6541204.021546741 -102.72369600000047
v -553611.9211744 6541204.021546741 -102.72369600000047
v -553611.9211744 6541204.021546741 -102.72369600000047
v -553611.9211744 6541204.021546741 -102.72369600000047
v -553611.9211744 6541204.021546741 -102.72369600000047
v -553611.9211744 6541204.021546741 -102.72369600000047
v -553611.9211744 6541204.021546741 -102.72369600000047
v -553611.9211744 6541204.021546741 -102.72369600000047
v -553611.9211744 6541204.021546741 -102.72369600000047
v -553611.9211744 6541204.021546741 -102.72369600000047
v -553611.9211744 6541204.021546741 -102.72369600000047
v -553611.9211744 6541204.021546741 -102.72369600000047
v -553611.9211744 6541204.021546741 -102.72369600000047
v -553611.9211744 6541204.021546741 -102.72369600000047
v -553611.9211744 6541204.021546741 -102.72369600000047
v -553611.9211744 6541204.021546741 -102.72369600000047
v -553611.9211744 6541204.021546741 -102.72369600000047
v -553611.9211744 6541204.021546741 -102.72369600000047
v -553611.9211744 6541204.021546741 -102.72369600000047
v -553611.9211744 6541204.021546741 -102.72369600000047
v -553611.9211744 6541204.021546741 -102.72369600000047
v -553611.9211744 6541204.021546741 -102.72369600000047
v -553611.9211744 6541204.021546741 -102.72369600000047
v -553611.9211744 6541204.021546741 -102.72369600000047
v -553611.9211744 6541204.021546741 -102.72369600000047
v -553611.9211744 6541204.021546741 -102.72369600000047
v -553611.9211744 6541204.021546741 -102.72369600000047
v -553611.9211744 6541204.021546741 -102.72369600000047
v -553611.9211744 6541204.021546741 -102.72369600000047
v -553611.9211744 6541204.021546741 -102.72369600000047
v -553611.9211744 6541204.021546741 -102.72369600000047
v -553611.9211744 6541204.021546741 -102.72369600000047
v -553611.9211744 6541204.021546741 -102.72369600000047
v -553611.9211744 6541204.021546741 -102.72369600000047
v -553611.9211744 6541204.021546741 -102.72369600000047
v -553611.9211744 6541204.021546741 -102.72369600000047
v -553611.9211744 6541204.021546741 -102.72369600000047
v -553611.9211744 6541204.021546741 -102.72369600000047
v -553611.9211744 6541204.021546741 -102.72369600000047
v -553611.9211744 6541204.021546741 -102.72369600000047
v -553611.9211744 6541204.021546741 -102.72369600000047
v -553611.9211744 6541204.021546741 -102.72369600000047
v -553611.9211744 6541204.021546741 -102.72369600000047
v -553611.9211744 6541204.021546741 -102.72369600000047
v -553611.9211744 6541204.021546741 -102.72369600000047
v -553611.9211744 6541204.021546741 -102.72369600000047
v -553611.9211744 6541204.021546741 -102.72369600000047
v -553611.9211744 6541204.021546741 -102.72369600000047
v -553611.9211744 6541204.021546741 -102.72369600000047
v -553611.9211744 6541204.021546741 -102.72369600000047
v -553611.9211744 6541204.021546741 -102.72369600000047
v -553611.9211744 6541204.021546741 -102.72369600000047
v -553611.9211744 6541204.021546741 -102.72369600000047
v -553611.9211744 6541204.021546741 -102.72369600000047
v -553611.9211744 6541204.021546741 -102.72369600000047
v -553611.9211744 6541204.021546741 -102.72369600000047
v -553611.9211744 6541204.021546741 -102.72369600000047
v -553611.9211744 6541204.021546741 -102.72369600000047
v -553611.9211744 6541204.021546741 -102.72369600000047
v -553611.9211744 6541204.021546741 -102.72369600000047
v -553611.9211744 6541204.021546741 -102.72369600000047
v -553611.9211744 6541204.021546741 -102.72369600000047
v -553611.9211744 6541204.021546741 -102.72369600000047
v -553611.9211744 6541204.021546741 -102.72369600000047
v -553611.9211744 6541204.021546741 -102.72369600000047
v -553611.9211744 6541204.021546741 -102.72369600000047
v -553611.9211744 6541204.021546741 -102.72369600000047
v -553611.9211744 6541204.021546741 -102.72369600000047
v -553611.9211744 6541204.021546741 -102.72369600000047
v -553611.9211744 6541204.021546741 -102.72369600000047
v -553611.9211744 6541204.021546741 -102.72369600000047
v -553611.9211744 6541204.021546741 -102.72369600000047
v -553611.9211744 6541204.021546741 -102.72369600000047
v -553611.9211744 6541204.021546741 -102.72369600000047
v -553611.9211744 6541204.021546741 -102.72369600000047
v -553611.9211744 6541204.021546741 -102.72369600000047
v -553611.9211744 6541204.021546741 -102.72369600000047
v -553611.9211744 6541204.021546741 -102.72369600000047
v -553611.9211744 6541204.021546741 -102.72369600000047
v -553611.9211744 6541204.021546741 -102.72369600000047
v -553611.9211744 6541204.021546741 -102.72369600000047
v -553611.9211744 6541204.021546741 -102.72369600000047
v -553611.9211744 6541204.021546741 -102.72369600000047
v -553611.9211744 6541204.021546741 -102.72369600000047
v -553611.9211744 6541204.021546741 -102.72369600000047
v -553611.9211744 6541204.021546741 -102.72369600000047
v -553611.9211744 6541204.021546741 -102.72369600000047
v -553611.9211744 6541204.021546741 -102.72369600000047
v -553611.9211744 6541204.021546741 -102.72369600000047
v -553611.9211744 6541204.021546741 -102.72369600000047
v -553611.9211744 6541204.021546741 -102.72369600000047
v -553611.9211744 6541204.021546741 -102.72369600000047
v -553611.9211744 6541204.021546741 -102.72369600000047
v -553611.9211744 6541204.021546741 -102.72369600000047
v -553611.9211744 6541204.021546741 -102.72369600000047
v -553611.9211744 6541204.021546741 -102.72369600000047
v -553611.9211744 6541204.021546741 -102.72369600000047
v -553611.9211744 6541204.021546741 -102.72369600000047
v -553611.9211744 6541204.021546741 -102.72369600000047
v -553611.9211744 6541204.021546741 -102.72369600000047
v -553611.9211744 6541204.021546741 -102.72369600000047
v -553611.9211744 6541204.021546741 -102.72369600000047
v -553611.9211744 6541204.021546741 -102.72369600000047
v -553611.9211744 6541204.021546741 -102.72369600000047
v -553611.9211744 6541204.021546741 -102.72369600000047
v -553611.9211744 6541204.021546741 -102.72369600000047
v -553611.9211744 6541204.021546741 -102.72369600000047
v -553611.9211744 6541204.021546741 -102.72369600000047
v -553611.9211744 6541204.021546741 -102.72369600000047
v -553611.9211744 6541204.021546741 -102.72369600000047
v -553611.9211744 6541204.021546741 -102.72369600000047
v -553611.9211744 6541204.021546741 -102.72369600000047
v -553611.9211744 6541204.021546741 -102.72369600000047
v -553611.9211744 6541204.021546741 -102.72369600000047
v -553611.9211744 6541204.021546741 -102.72369600000047
v -553611.9211744 6541204.021546741 -102.72369600000047
v -553611.9211744 6541204.021546741 -102.72369600000047
v -553611.9211744 6541204.021546741 -102.72369600000047
v -553611.9211744 6541204.021546741 -102.72369600000047
v -553611.9211744 6541204.021546741 -102.72369600000047
v -553611.9211744 6541204.021546741 -102.72369600000047
v -553611.9211744 6541204.021546741 -102.72369600000047
v -553611.9211744 6541204.021546741 -102.72369600000047
v -553611.9211744 6541204.021546741 -102.72369600000047
v -553611.9211744 6541204.021546741 -102.72369600000047
v -553611.9211744 6541204.021546741 -102.72369600000047
v -553611.9211744 6541204.021546741 -102.72369600000047
v -553611.9211744 6541204.021546741 -102.72369600000047
v -553611.9211744 6541204.021546741 -102.72369600000047
v -553611.9211744 6541204.021546741 -102.72369600000047
v -553611.9211744 6541204.021546741 -102.72369600000047
v -553611.9211744 6541204.021546741 -102.72369600000047
v -553611.9211744 6541204.021546741 -102.72369600000047
v -553611.9211744 6541204.021546741 -102.72369600000047
v -553611.9211744 6541204.021546741 -102.72369600000047
v -553611.9211744 6541204.021546741 -102.72369600000047
v -553611.9211744 6541204.021546741 -102.72369600000047
v -553611.9211744 6541204.021546741 -102.72369600000047
v -553611.9211744 6541204.021546741 -102.72369600000047
v -553611.9211744 6541204.021546741 -102.72369600000047
v -553611.9211744 6541204.021546741 -102.72369600000047
v -553611.9211744 6541204.021546741 -102.72369600000047
v -553595.5848444196 6541277.362215001 -102.95412480000047
v -553596.3421747382 6541277.190818861 -102.95412480000047
v -553596.6583412491 6541276.89061568 -102.95412480000047
v -553596.5558031476 6541276.468162826 -102.95412480000047
v -553597.0714813997 6541276.226211251 -102.95412480000047
v -553597.8288118079 6541276.054815202 -102.95412480000047
v -553598.5861420077 6541275.88341894 -102.95412480000047
v -553598.9578010652 6541275.599417814 -102.95412480000047
v -553599.715131264 6541275.428021553 -102.95412480000047
v -553600.472461671 6541275.256625502 -102.95412480000047
v -553598.5300953526 6541274.296996668 -102.95412480000047
v -553599.2874253416 6541274.125600196 -102.95412480000047
v -553600.0447555403 6541273.954203934 -102.95412480000047
v -553600.258802516 6541273.624184982 -102.95412480000047
v -553600.7880742841 6541273.386202316 -102.95412480000047
v -553601.545404274 6541273.214805843 -102.95412480000047
v -553602.3027344728 6541273.043409582 -102.95412480000047
v -553599.8486496265 6541271.934374027 -102.95412480000047
v -553600.3463566988 6541271.687175391 -102.95412480000047
v -553601.1036866882 6541271.515778919 -102.95412480000047
v -553601.8610168871 6541271.344382658 -102.95412480000047
v -553601.802687593 6541270.934837786 -102.95412480000047
v -553600.6759809739 6541270.213357773 -102.95412480000047
v -553601.4333109633 6541270.0419613 -102.95412480000047
v -553601.4950729259 6541269.667479569 -102.95412480000047
v -553601.7909587767 6541269.361355028 -102.95412480000047
v -553602.5482887668 6541269.189958557 -102.95412480000047
v -553603.3056190544 6541269.018562385 -102.95412480000047
v -553601.084920036 6541267.977668615 -102.95412480000047
v -553601.3492411901 6541267.662328104 -102.95412480000047
v -553602.1065711796 6541267.490931631 -102.95412480000047
v -553602.8639013784 6541267.31953537 -102.95412480000047
v -553603.0389580025 6541266.978132373 -102.95412480000047
v -553602.9364197796 6541266.555679633 -102.95412480000047
v -553602.8338816769 6541266.13322678 -102.95412480000047
v -553602.7313434554 6541265.710774042 -102.95412480000047
v -553602.6288051131 6541265.288321419 -102.95412480000047
v -553602.5262668902 6541264.865868679 -102.95412480000047
v -553602.4237287882 6541264.443415825 -102.95412480000047
v -553602.3211905657 6541264.020963087 -102.95412480000047
v -553602.2186522236 6541263.598510464 -102.95412480000047
v -553602.1161140007 6541263.176057724 -102.95412480000047
v -553602.0135758987 6541262.75360487 -102.95412480000047
v -553602.695761414 6541262.560268556 -102.95412480000047
v -553603.4530918219 6541262.388872505 -102.95412480000047
v -553604.0701519663 6541262.176521482 -102.95412480000047
v -553603.9676138641 6541261.754068629 -102.95412480000047
v -553603.8650755223 6541261.331616006 -102.95412480000047
v -553603.7625372994 6541260.909163266 -102.95412480000047
v -553603.6599991973 6541260.486710412 -102.95412480000047
v -553603.557460975 6541260.064257674 -102.95412480000047
v -553603.4549226328 6541259.641805051 -102.95412480000047
v -553603.3523844104 6541259.219352312 -102.95412480000047
v -553603.2498463086 6541258.796899458 -102.95412480000047
v -553603.6986459953 6541258.535421358 -102.95412480000047
v -553604.4559763127 6541258.364025218 -102.95412480000047
v -553605.2133065121 6541258.192628956 -102.95412480000047
v -553605.2038842745 6541257.797363217 -102.95412480000047
v -553603.2569283189 6541256.836394344 -102.95412480000047
v -553604.0142587268 6541256.664998294 -102.95412480000047
v -553604.7715889267 6541256.493602032 -102.95412480000047
v -553604.7937313848 6541256.107552262 -102.95412480000047
v -553604.6911931628 6541255.685099524 -102.95412480000047
v -553604.5886548202 6541255.2626469005 -102.95412480000047
v -553604.7155422716 6541254.90717976 -102.95412480000047
v -553605.4728722608 6541254.735783287 -102.95412480000047
v -553606.2302024596 6541254.564387026 -102.95412480000047
v -553606.5426927871 6541254.263110659 -102.95412480000047
v -553606.4401545643 6541253.84065792 -102.95412480000047
v -553606.3376164619 6541253.418205066 -102.95412480000047
v -553606.2350781199 6541252.995752443 -102.95412480000047
v -553606.1325398969 6541252.573299703 -102.95412480000047
v -553606.1461324772 6541252.184753618 -102.95412480000047
v -553606.9034626757 6541252.013357357 -102.95412480000047
v -553607.6607930828 6541251.8419613065 -102.95412480000047
v -553608.0865778633 6541251.573763461 -102.95412480000047
v -553606.8614276841 6541250.823540653 -102.95412480000047
v -553607.6187578826 6541250.652144392 -102.95412480000047
v -553607.7789631973 6541250.306405246 -102.95412480000047
v -553607.6764249225 6541249.883952556 -102.95412480000047
v -553605.2096960158 6541248.77122494 -102.95412480000047
v -553605.1071577937 6541248.348772202 -102.95412480000047
v -553605.6203451159 6541248.106093498 -102.95412480000047
v -553606.3776753157 6541247.934697236 -102.95412480000047
v -553607.1350053047 6541247.763300763 -102.95412480000047
v -553607.0611957602 6541247.34923596 -102.95412480000047
v -553606.9586574177 6541246.926783337 -102.95412480000047
v -553606.8561191948 6541246.504330598 -102.95412480000047
v -553606.7535810928 6541246.081877744 -102.95412480000047
v -553606.6510428708 6541245.659425005 -102.95412480000047
v -553606.5485045278 6541245.236972382 -102.95412480000047
v -553606.4459663049 6541244.814519643 -102.95412480000047
v -553606.3434282033 6541244.392066789 -102.95412480000047
v -553606.2408898605 6541243.969614167 -102.95412480000047
v -553606.1383516375 6541243.547161427 -102.95412480000047
v -553606.5952060721 6541243.288034863 -102.95412480000047
v -553607.3525362706 6541243.116638602 -102.95412480000047
v -553608.1098666787 6541242.945242552 -102.95412480000047
v -553608.0958550164 6541242.548636984 -102.95412480000047
v -553608.8531850058 6541242.377240512 -102.95412480000047
v -553609.6105152044 6541242.2058442505 -102.95412480000047
v -553610.148965794 6541241.970541683 -102.95412480000047
v -553610.046427571 6541241.548088944 -102.95412480000047
v -553610.7254930078 6541241.353841506 -102.95412480000047
v -553611.4828232063 6541241.182445245 -102.95412480000047
v -553612.1030037606 6541240.971005441 -102.95412480000047
v -553612.0004654865 6541240.548552751 -102.95412480000047
v -553611.8979274349 6541240.126099848 -102.95412480000047
v -553611.7953892129 6541239.70364711 -102.95412480000047
v -553611.6928508711 6541239.281194487 -102.95412480000047
v -553611.5903126482 6541238.858741747 -102.95412480000047
v -553611.4877745457 6541238.436288894 -102.95412480000047
v -553611.3852363237 6541238.013836156 -102.95412480000047
v -553611.2826979816 6541237.591383532 -102.95412480000047
v -553611.1801597587 6541237.168930792 -102.95412480000047
v -553611.0776216564 6541236.746477939 -102.95412480000047
v -553610.9750834343 6541236.324025201 -102.95412480000047
v -553610.9150008525 6541235.91396842 -102.95412480000047
v -553611.6723310524 6541235.742572158 -102.95412480000047
v -553612.4296610422 6541235.571175686 -102.95412480000047
v -553610.564930424 6541234.634214361 -102.95412480000047
v -553610.4732832686 6541234.214941495 -102.95412480000047
v -553611.230613258 6541234.043545023 -102.95412480000047
v -553611.9879434565 6541233.8721487615 -102.95412480000047
v -553612.5189683909 6541233.634678119 -102.95412480000047
v -553612.4164301679 6541233.212225379 -102.95412480000047
v -553612.3138920657 6541232.789772526 -102.95412480000047
v -553612.2113538433 6541232.367319788 -102.95412480000047
v -553612.1088155012 6541231.944867165 -102.95412480000047
v -553612.0062772781 6541231.522414425 -102.95412480000047
v -553611.903739176 6541231.099961571 -102.95412480000047
v -553611.490179214 6541230.586699565 -102.95412480000047
v -553611.6986626114 6541230.25505621 -102.95412480000047
v -553611.8478271178 6541229.906093384 -102.95412480000047
v -553612.6051570174 6541229.73469682 -102.95412480000047
v -553613.3624872161 6541229.563300559 -102.95412480000047
v -553611.2885097221 6541228.565245256 -102.95412480000047
v -553611.1859714992 6541228.142792516 -102.95412480000047
v -553611.7777684984 6541227.923065242 -102.95412480000047
v -553612.5350986972 6541227.751668981 -102.95412480000047
v -553610.8783568321 6541226.875434301 -102.95412480000047
v -553610.7758186092 6541226.452981561 -102.95412480000047
v -553610.950379981 6541226.111433664 -102.95412480000047
v -553611.7077103897 6541225.940037616 -102.95412480000047
v -553612.4650405892 6541225.768641354 -102.95412480000047
v -553610.3656658407 6541224.763170491 -102.95412480000047
v -553610.5086623938 6541224.412406739 -102.95412480000047
v -553610.8803218728 6541224.128406038 -102.95412480000047
v -553611.6376520722 6541223.957009776 -102.95412480000047
v -553612.3197038067 6541223.76363425 -102.95412480000047
v -553609.8529747289 6541222.6509067975 -102.95412480000047
v -553610.4386042866 6541222.429379113 -102.95412480000047
v -553611.1959344866 6541222.257982852 -102.95412480000047
v -553611.9617855158 6541222.089074273 -102.95412480000047
v -553612.8867290142 6541221.966616202 -102.95412480000047
v -553613.811672787 6541221.844158362 -102.95412480000047
v -553610.754216899 6541220.558955926 -102.95412480000047
v -553611.4993980282 6541220.38401234 -102.95412480000047
v -553611.8832061534 6541220.103558538 -102.95412480000047
v -553612.6405365627 6541219.932162489 -102.95412480000047
v -553613.397866852 6541219.760766318 -102.95412480000047
v -553611.0698293006 6541218.688532528 -102.95412480000047
v -553611.4414885676 6541218.404531613 -102.95412480000047
v -553612.1988189771 6541218.233135564 -102.95412480000047
v -553612.9561491768 6541218.061739302 -102.95412480000047
v -553613.043283105 6541217.694665144 -102.95412480000047
v -553610.5765539054 6541216.581937809 -102.95412480000047
v -553610.9857595299 6541216.308899334 -102.95412480000047
v -553611.743089517 6541216.137502858 -102.95412480000047
v -553612.5004197155 6541215.966106597 -102.95412480000047
v -553610.1723826753 6541214.893873325 -102.95412480000047
v -553610.9297128748 6541214.722477063 -102.95412480000047
v -553611.6870428617 6541214.551080586 -102.95412480000047
v -553612.2229773258 6541214.315043234 -102.95412480000047
v -553612.1204389826 6541213.892590612 -102.95412480000047
v -553609.7166534263 6541212.798240831 -102.95412480000047
v -553610.4739834124 6541212.626844355 -102.95412480000047
v -553611.2313136108 6541212.455448094 -102.95412480000047
v -553611.7102860924 6541212.202779658 -102.95412480000047
v -553611.6077478692 6541211.780326919 -102.95412480000047
v -553610.0322658262 6541210.92781743 -102.95412480000047
v -553610.789596025 6541210.756421169 -102.95412480000047
v -553611.3001332021 6541210.512968703 -102.95412480000047
v -553611.1975949795 6541210.090515964 -102.95412480000047
v -553609.2048773064 6541209.116185851 -102.95412480000047
v -553609.9622075049 6541208.94478959 -102.95412480000047
v -553610.7195379166 6541208.773393544 -102.95412480000047
v -553610.7874420377 6541208.400705059 -102.95412480000047
v -553608.7631597205 6541207.417158927 -102.95412480000047
v -553609.520490133 6541207.245762882 -102.95412480000047
v -553610.2778203324 6541207.07436662 -102.95412480000047
v -553610.3772893228 6541206.710893937 -102.95412480000047
v -553610.2747511007 6541206.288441199 -102.95412480000047
v -553610.2747511007 6541206.288441199 -102.95412480000047
v -553610.2747511007 6541206.288441199 -102.95412480000047
v -553610.2747511007 6541206.288441199 -102.95412480000047
v -553610.2747511007 6541206.288441199 -102.95412480000047
v -553610.2747511007 6541206.288441199 -102.95412480000047
v -553610.2747511007 6541206.288441199 -102.95412480000047
v -553610.2747511007 6541206.288441199 -102.95412480000047
v -553610.2747511007 6541206.288441199 -102.95412480000047
v -553610.2747511007 6541206.288441199 -102.95412480000047
v -553610.2747511007 6541206.288441199 -102.95412480000047
v -553610.2747511007 6541206.288441199 -102.95412480000047
v -553610.2747511007 6541206.288441199 -102.95412480000047
v -553610.2747511007 6541206.288441199 -102.95412480000047
v -553610.2747511007 6541206.288441199 -102.95412480000047
v -553610.2747511007 6541206.288441199 -102.95412480000047
v -553610.2747511007 6541206.288441199 -102.95412480000047
v -553610.2747511007 6541206.288441199 -102.95412480000047
v -553610.2747511007 6541206.288441199 -102.95412480000047
v -553610.2747511007 6541206.288441199 -102.95412480000047
v -553610.2747511007 6541206.288441199 -102.95412480000047
v -553610.2747511007 6541206.288441199 -102.95412480000047
v -553610.2747511007 6541206.288441199 -102.95412480000047
v -553610.2747511007 6541206.288441199 -102.95412480000047
v -553610.2747511007 6541206.288441199 -102.95412480000047
v -553610.2747511007 6541206.288441199 -102.95412480000047
v -553610.2747511007 6541206.288441199 -102.95412480000047
v -553610.2747511007 6541206.288441199 -102.95412480000047
v -553610.2747511007 6541206.288441199 -102.95412480000047
v -553610.2747511007 6541206.288441199 -102.95412480000047
v -553610.2747511007 6541206.288441199 -102.95412480000047
v -553610.2747511007 6541206.288441199 -102.95412480000047
v -553610.2747511007 6541206.288441199 -102.95412480000047
v -553610.2747511007 6541206.288441199 -102.95412480000047
v -553610.2747511007 6541206.288441199 -102.95412480000047
v -553610.2747511007 6541206.288441199 -102.95412480000047
v -553610.2747511007 6541206.288441199 -102.95412480000047
v -553610.2747511007 6541206.288441199 -102.95412480000047
v -553610.2747511007 6541206.288441199 -102.95412480000047
v -553610.2747511007 6541206.288441199 -102.95412480000047
v -553610.2747511007 6541206.288441199 -102.95412480000047
v -553610.2747511007 6541206.288441199 -102.95412480000047
v -553610.2747511007 6541206.288441199 -102.95412480000047
v -553610.2747511007 6541206.288441199 -102.95412480000047
v -553610.2747511007 6541206.288441199 -102.95412480000047
v -553610.2747511007 6541206.288441199 -102.95412480000047
v -553610.2747511007 6541206.288441199 -102.95412480000047
v -553610.2747511007 6541206.288441199 -102.95412480000047
v -553610.2747511007 6541206.288441199 -102.95412480000047
v -553610.2747511007 6541206.288441199 -102.95412480000047
v -553610.2747511007 6541206.288441199 -102.95412480000047
v -553610.2747511007 6541206.288441199 -102.95412480000047
v -553610.2747511007 6541206.288441199 -102.95412480000047
v -553610.2747511007 6541206.288441199 -102.95412480000047
v -553610.2747511007 6541206.288441199 -102.95412480000047
v -553610.2747511007 6541206.288441199 -102.95412480000047
v -553610.2747511007 6541206.288441199 -102.95412480000047
v -553610.2747511007 6541206.288441199 -102.95412480000047
v -553610.2747511007 6541206.288441199 -102.95412480000047
v -553610.2747511007 6541206.288441199 -102.95412480000047
v -553610.2747511007 6541206.288441199 -102.95412480000047
v -553610.2747511007 6541206.288441199 -102.95412480000047
v -553610.2747511007 6541206.288441199 -102.95412480000047
v -553610.2747511007 6541206.288441199 -102.95412480000047
v -553610.2747511007 6541206.288441199 -102.95412480000047
v -553610.2747511007 6541206.288441199 -102.95412480000047
v -553610.2747511007 6541206.288441199 -102.95412480000047
v -553610.2747511007 6541206.288441199 -102.95412480000047
v -553610.2747511007 6541206.288441199 -102.95412480000047
v -553610.2747511007 6541206.288441199 -102.95412480000047
v -553610.2747511007 6541206.288441199 -102.95412480000047
v -553610.2747511007 6541206.288441199 -102.95412480000047
v -553610.2747511007 6541206.288441199 -102.95412480000047
v -553610.2747511007 6541206.288441199 -102.95412480000047
v -553610.2747511007 6541206.288441199 -102.95412480000047
v -553610.2747511007 6541206.288441199 -102.95412480000047
v -553610.2747511007 6541206.288441199 -102.95412480000047
v -553610.2747511007 6541206.288441199 -102.95412480000047
v -553610.2747511007 6541206.288441199 -102.95412480000047
v -553610.2747511007 6541206.288441199 -102.95412480000047
v -553610.2747511007 6541206.288441199 -102.95412480000047
v -553610.2747511007 6541206.288441199 -102.95412480000047
v -553610.2747511007 6541206.288441199 -102.95412480000047
v -553610.2747511007 6541206.288441199 -102.95412480000047
v -553610.2747511007 6541206.288441199 -102.95412480000047
v -553610.2747511007 6541206.288441199 -102.95412480000047
v -553610.2747511007 6541206.288441199 -102.95412480000047
v -553610.2747511007 6541206.288441199 -102.95412480000047
v -553610.2747511007 6541206.288441199 -102.95412480000047
v -553610.2747511007 6541206.288441199 -102.95412480000047
v -553610.2747511007 6541206.288441199 -102.95412480000047
v -553610.2747511007 6541206.288441199 -102.95412480000047
v -553610.2747511007 6541206.288441199 -102.95412480000047
v -553610.2747511007 6541206.288441199 -102.95412480000047
v -553610.2747511007 6541206.288441199 -102.95412480000047
v -553610.2747511007 6541206.288441199 -102.95412480000047
v -553610.2747511007 6541206.288441199 -102.95412480000047
v -553610.2747511007 6541206.288441199 -102.95412480000047
v -553610.2747511007 6541206.288441199 -102.95412480000047
v -553610.2747511007 6541206.288441199 -102.95412480000047
v -553610.2747511007 6541206.288441199 -102.95412480000047
v -553610.2747511007 6541206.288441199 -102.95412480000047
v -553610.2747511007 6541206.288441199 -102.95412480000047
v -553610.2747511007 6541206.288441199 -102.95412480000047
v -553610.2747511007 6541206.288441199 -102.95412480000047
v -553610.2747511007 6541206.288441199 -102.95412480000047
v -553610.2747511007 6541206.288441199 -102.95412480000047
v -553610.2747511007 6541206.288441199 -102.95412480000047
v -553610.2747511007 6541206.288441199 -102.95412480000047
v -553610.2747511007 6541206.288441199 -102.95412480000047
v -553610.2747511007 6541206.288441199 -102.95412480000047
v -553610.2747511007 6541206.288441199 -102.95412480000047
v -553610.2747511007 6541206.288441199 -102.95412480000047
v -553610.2747511007 6541206.288441199 -102.95412480000047
v -553610.2747511007 6541206.288441199 -102.95412480000047
v -553610.2747511007 6541206.288441199 -102.95412480000047
v -553610.2747511007 6541206.288441199 -102.95412480000047
v -553610.2747511007 6541206.288441199 -102.95412480000047
v -553610.2747511007 6541206.288441199 -102.95412480000047
v -553610.2747511007 6541206.288441199 -102.95412480000047
v -553610.2747511007 6541206.288441199 -102.95412480000047
v -553610.2747511007 6541206.288441199 -102.95412480000047
v -553610.2747511007 6541206.288441199 -102.95412480000047
v -553610.2747511007 6541206.288441199 -102.95412480000047
v -553610.2747511007 6541206.288441199 -102.95412480000047
v -553610.2747511007 6541206.288441199 -102.95412480000047
v -553610.2747511007 6541206.288441199 -102.95412480000047
v -553610.2747511007 6541206.288441199 -102.95412480000047
v -553610.2747511007 6541206.288441199 -102.95412480000047
v -553610.2747511007 6541206.288441199 -102.95412480000047
v -553610.2747511007 6541206.288441199 -102.95412480000047
v -553610.2747511007 6541206.288441199 -102.95412480000047
v -553610.2747511007 6541206.288441199 -102.95412480000047
v -553610.2747511007 6541206.288441199 -102.95412480000047
v -553610.2747511007 6541206.288441199 -102.95412480000047
v -553610.2747511007 6541206.288441199 -102.95412480000047
v -553610.2747511007 6541206.288441199 -102.95412480000047
v -553610.2747511007 6541206.288441199 -102.95412480000047
v -553610.2747511007 6541206.288441199 -102.95412480000047
v -553610.2747511007 6541206.288441199 -102.95412480000047
v -553610.2747511007 6541206.288441199 -102.95412480000047
v -553610.2747511007 6541206.288441199 -102.95412480000047
v -553610.2747511007 6541206.288441199 -102.95412480000047
v -553610.2747511007 6541206.288441199 -102.95412480000047
v -553610.2747511007 6541206.288441199 -102.95412480000047
v -553610.2747511007 6541206.288441199 -102.95412480000047
v -553610.2747511007 6541206.288441199 -102.95412480000047
v -553610.2747511007 6541206.288441199 -102.95412480000047
v -553610.2747511007 6541206.288441199 -102.95412480000047
v -553610.2747511007 6541206.288441199 -102.95412480000047
v -553610.2747511007 6541206.288441199 -102.95412480000047
v -553610.2747511007 6541206.288441199 -102.95412480000047
v -553610.2747511007 6541206.288441199 -102.95412480000047
v -553610.2747511007 6541206.288441199 -102.95412480000047
v -553610.2747511007 6541206.288441199 -102.95412480000047
v -553610.2747511007 6541206.288441199 -102.95412480000047
v -553610.2747511007 6541206.288441199 -102.95412480000047
v -553610.2747511007 6541206.288441199 -102.95412480000047
v -553610.2747511007 6541206.288441199 -102.95412480000047
v -553610.2747511007 6541206.288441199 -102.95412480000047
v -553610.2747511007 6541206.288441199 -102.95412480000047
v -553610.2747511007 6541206.288441199 -102.95412480000047
v -553610.2747511007 6541206.288441199 -102.95412480000047
v -553610.2747511007 6541206.288441199 -102.95412480000047
v -553610.2747511007 6541206.288441199 -102.95412480000047
v -553610.2747511007 6541206.288441199 -102.95412480000047
v -553610.2747511007 6541206.288441199 -102.95412480000047
v -553610.2747511007 6541206.288441199 -102.95412480000047
v -553610.2747511007 6541206.288441199 -102.95412480000047
v -553610.2747511007 6541206.288441199 -102.95412480000047
v -553610.2747511007 6541206.288441199 -102.95412480000047
v -553610.2747511007 6541206.288441199 -102.95412480000047
v -553610.2747511007 6541206.288441199 -102.95412480000047
v -553610.2747511007 6541206.288441199 -102.95412480000047
v -553610.2747511007 6541206.288441199 -102.95412480000047
v -553610.2747511007 6541206.288441199 -102.95412480000047
v -553610.2747511007 6541206.288441199 -102.95412480000047
v -553610.2747511007 6541206.288441199 -102.95412480000047
v -553610.2747511007 6541206.288441199 -102.95412480000047
v -553610.2747511007 6541206.288441199 -102.95412480000047
v -553610.2747511007 6541206.288441199 -102.95412480000047
v -553610.2747511007 6541206.288441199 -102.95412480000047
v -553610.2747511007 6541206.288441199 -102.95412480000047
v -553610.2747511007 6541206.288441199 -102.95412480000047
v -553610.2747511007 6541206.288441199 -102.95412480000047
v -553610.2747511007 6541206.288441199 -102.95412480000047
v -553610.2747511007 6541206.288441199 -102.95412480000047
v -553610.2747511007 6541206.288441199 -102.95412480000047
v -553610.2747511007 6541206.288441199 -102.95412480000047
v -553610.2747511007 6541206.288441199 -102.95412480000047
v -553610.2747511007 6541206.288441199 -102.95412480000047
v -553610.2747511007 6541206.288441199 -102.95412480000047
v -553610.2747511007 6541206.288441199 -102.95412480000047
v -553610.2747511007 6541206.288441199 -102.95412480000047
v -553610.2747511007 6541206.288441199 -102.95412480000047
v -553610.2747511007 6541206.288441199 -102.95412480000047
v -553610.2747511007 6541206.288441199 -102.95412480000047
v -553610.2747511007 6541206.288441199 -102.95412480000047
v -553610.2747511007 6541206.288441199 -102.95412480000047
v -553610.2747511007 6541206.288441199 -102.95412480000047
v -553610.2747511007 6541206.288441199 -102.95412480000047
v -553610.2747511007 6541206.288441199 -102.95412480000047
v -553610.2747511007 6541206.288441199 -102.95412480000047
v -553610.2747511007 6541206.288441199 -102.95412480000047
v -553610.2747511007 6541206.288441199 -102.95412480000047
v -553610.2747511007 6541206.288441199 -102.95412480000047
v -553610.2747511007 6541206.288441199 -102.95412480000047
v -553610.2747511007 6541206.288441199 -102.95412480000047
v -553595.199173488 6541277.249610348 -103.07116800000048
v -553595.9565038066 6541277.078214208 -103.07116800000048
v -553596.6583412489 6541276.89061568 -103.07116800000048
v -553596.6998221314 6541276.510212165 -103.07116800000048
v -553597.4571523302 6541276.338815904 -103.07116800000048
v -553598.2144827382 6541276.167419855 -103.07116800000048
v -553598.6123792158 6541275.891079439 -103.07116800000048
v -553598.9578010652 6541275.599417814 -103.07116800000048
v -553599.715131264 6541275.428021553 -103.07116800000048
v -553600.472461671 6541275.256625502 -103.07116800000048
v -553598.2022263261 6541274.201268484 -103.07116800000048
v -553598.0996882248 6541273.77881563 -103.07116800000048
v -553598.1164008828 6541273.391180668 -103.07116800000048
v -553598.8737312909 6541273.219784618 -103.07116800000048
v -553599.6310614907 6541273.048388356 -103.07116800000048
v -553600.0537261907 6541272.7792793885 -103.07116800000048
v -553599.9511879688 6541272.35682665 -103.07116800000048
v -553599.8486496266 6541271.934374027 -103.07116800000048
v -553599.9606857672 6541271.574570738 -103.07116800000048
v -553600.7180157566 6541271.403174265 -103.07116800000048
v -553601.4753459553 6541271.231778004 -103.07116800000048
v -553601.8026875927 6541270.934837786 -103.07116800000048
v -553600.6759809739 6541270.213357773 -103.07116800000048
v -553601.4333109633 6541270.0419613 -103.07116800000048
v -553601.4950729256 6541269.667479569 -103.07116800000048
v -553601.3925347028 6541269.24502683 -103.07116800000048
v -553601.2899966007 6541268.822573977 -103.07116800000048
v -553601.187458327 6541268.400121287 -103.07116800000048
v -553601.0849200361 6541267.977668615 -103.07116800000048
v -553600.9823818133 6541267.555215876 -103.07116800000048
v -553601.7209002491 6541267.378326979 -103.07116800000048
v -553602.4782304479 6541267.206930717 -103.07116800000048
v -553603.0389580026 6541266.978132373 -103.07116800000048
v -553602.9364197798 6541266.555679633 -103.07116800000048
v -553602.8338816776 6541266.13322678 -103.07116800000048
v -553602.7313434556 6541265.710774042 -103.07116800000048
v -553603.1795141996 6541265.449112395 -103.07116800000048
v -553603.9368443993 6541265.277716133 -103.07116800000048
v -553604.6941743896 6541265.106319661 -103.07116800000048
v -553604.6853814215 6541264.7112378 -103.07116800000048
v -553604.5828430798 6541264.288785176 -103.07116800000048
v -553604.480304857 6541263.866332437 -103.07116800000048
v -553604.3777667544 6541263.443879584 -103.07116800000048
v -553604.2752285324 6541263.021426845 -103.07116800000048
v -553604.9957755458 6541262.839291118 -103.07116800000048
v -553605.7531057457 6541262.667894856 -103.07116800000048
v -553606.3318047205 6541262.444343342 -103.07116800000048
v -553606.2292663794 6541262.021890719 -103.07116800000048
v -553606.1267281565 6541261.599437979 -103.07116800000048
v -553606.0241900537 6541261.176985126 -103.07116800000048
v -553605.9216518316 6541260.754532388 -103.07116800000048
v -553606.0547066925 6541260.4008661015 -103.07116800000048
v -553606.8120368919 6541260.22946984 -103.07116800000048
v -553607.5693668833 6541260.058073369 -103.07116800000048
v -553607.8756897465 6541259.754996195 -103.07116800000048
v -553607.7731514561 6541259.332543522 -103.07116800000048
v -553607.6706132333 6541258.910090783 -103.07116800000048
v -553607.5680751303 6541258.487637931 -103.07116800000048
v -553607.4655369084 6541258.065185192 -103.07116800000048
v -553607.3629985668 6541257.642732568 -103.07116800000048
v -553607.260460344 6541257.220279829 -103.07116800000048
v -553607.4572735722 6541256.885228826 -103.07116800000048
v -553608.2146037711 6541256.713832565 -103.07116800000048
v -553608.9719341766 6541256.542436512 -103.07116800000048
v -553609.2144983105 6541256.220743586 -103.07116800000048
v -553609.1119602072 6541255.798290734 -103.07116800000048
v -553609.0094219851 6541255.375837996 -103.07116800000048
v -553608.9068836438 6541254.953385372 -103.07116800000048
v -553608.804345421 6541254.530932632 -103.07116800000048
v -553608.7018073179 6541254.108479779 -103.07116800000048
v -553608.5992689767 6541253.686027155 -103.07116800000048
v -553609.2455117992 6541253.482196623 -103.07116800000048
v -553610.0028417908 6541253.310800152 -103.07116800000048
v -553610.6558452839 6541253.108943538 -103.07116800000048
v -553610.5533069432 6541252.686490914 -103.07116800000048
v -553610.4507687202 6541252.264038174 -103.07116800000048
v -553610.348230617 6541251.841585321 -103.07116800000048
v -553610.2456923948 6541251.419132583 -103.07116800000048
v -553610.1431540538 6541250.996679959 -103.07116800000048
v -553610.0406157798 6541250.574227269 -103.07116800000048
v -553610.6620903433 6541250.363164915 -103.07116800000048
v -553611.4194205422 6541250.191768654 -103.07116800000048
v -553611.0197381537 6541249.682558642 -103.07116800000048
v -553610.2343846286 6541249.060743768 -103.07116800000048
v -553610.6060436879 6541248.776742644 -103.07116800000048
v -553611.3633738867 6541248.605346382 -103.07116800000048
v -553611.6870391303 6541248.3073327625 -103.07116800000048
v -553611.5845009075 6541247.884880023 -103.07116800000048
v -553611.4819628041 6541247.462427171 -103.07116800000048
v -553611.3794245821 6541247.039974432 -103.07116800000048
v -553611.2768862407 6541246.617521808 -103.07116800000048
v -553611.1743480178 6541246.195069068 -103.07116800000048
v -553611.0718099147 6541245.772616216 -103.07116800000048
v -553610.9692715734 6541245.350163592 -103.07116800000048
v -553610.8667333503 6541244.927710853 -103.07116800000048
v -553610.7641952477 6541244.505258 -103.07116800000048
v -553610.6616570255 6541244.082805261 -103.07116800000048
v -553610.5591186838 6541243.660352637 -103.07116800000048
v -553610.4565804608 6541243.237899898 -103.07116800000048
v -553610.3540423583 6541242.815447045 -103.07116800000048
v -553610.7675279983 6541242.54365821 -103.07116800000048
v -553611.5248584049 6541242.372262159 -103.07116800000048
v -553612.2821886044 6541242.200865896 -103.07116800000048
v -553612.3080803246 6541241.815910803 -103.07116800000048
v -553612.6398360004 6541241.520259205 -103.07116800000048
v -553613.3971664062 6541241.348863153 -103.07116800000048
v -553614.1544966942 6541241.17746698 -103.07116800000048
v -553614.2621182906 6541240.816374562 -103.07116800000048
v -553614.1595800685 6541240.393921823 -103.07116800000048
v -553614.0570417275 6541239.971469199 -103.07116800000048
v -553613.9545035047 6541239.54901646 -103.07116800000048
v -553613.8519654013 6541239.126563607 -103.07116800000048
v -553613.7494271793 6541238.704110869 -103.07116800000048
v -553614.0564149574 6541238.401227917 -103.07116800000048
v -553614.0424032955 6541238.004622349 -103.07116800000048
v -553614.7997332867 6541237.833225878 -103.07116800000048
v -553615.5570634855 6541237.661829617 -103.07116800000048
v -553615.6009268044 6541237.282122003 -103.07116800000048
v -553615.4983885817 6541236.859669264 -103.07116800000048
v -553615.3958504782 6541236.437216411 -103.07116800000048
v -553615.2933121374 6541236.014763786 -103.07116800000048
v -553615.1907739142 6541235.592311047 -103.07116800000048
v -553615.0882358111 6541235.169858195 -103.07116800000048
v -553614.9856975889 6541234.747405456 -103.07116800000048
v -553614.8831592478 6541234.324952832 -103.07116800000048
v -553614.7806210248 6541233.902500093 -103.07116800000048
v -553615.0312759164 6541233.583169283 -103.07116800000048
v -553615.7886061154 6541233.411773022 -103.07116800000048
v -553616.1602655887 6541233.127772317 -103.07116800000048
v -553616.1462539263 6541232.731166749 -103.07116800000048
v -553616.6321208875 6541232.480510999 -103.07116800000048
v -553615.7325594593 6541231.825350751 -103.07116800000048
v -553616.4270443242 6541231.635605635 -103.07116800000048
v -553616.3245060504 6541231.213152945 -103.07116800000048
v -553616.2219679981 6541230.790700044 -103.07116800000048
v -553616.1194297761 6541230.368247305 -103.07116800000048
v -553616.0168914348 6541229.945794681 -103.07116800000048
v -553615.914353212 6541229.523341942 -103.07116800000048
v -553615.811815109 6541229.100889089 -103.07116800000048
v -553615.7092768869 6541228.678436351 -103.07116800000048
v -553615.6067385452 6541228.255983727 -103.07116800000048
v -553615.5042003224 6541227.833530987 -103.07116800000048
v -553615.4016622195 6541227.411078135 -103.07116800000048
v -553615.2991238781 6541226.988625511 -103.07116800000048
v -553615.9360789704 6541226.782083231 -103.07116800000048
v -553616.3077380296 6541226.498082107 -103.07116800000048
v -553616.6793972964 6541226.214081192 -103.07116800000048
v -553617.051056771 6541225.930080487 -103.07116800000048
v -553614.7864327653 6541224.876361816 -103.07116800000048
v -553614.6838946631 6541224.453908963 -103.07116800000048
v -553614.694995985 6541224.064635654 -103.07116800000048
v -553615.4523263923 6541223.893239603 -103.07116800000048
v -553616.2096565918 6541223.721843341 -103.07116800000048
v -553616.5813156507 6541223.437842216 -103.07116800000048
v -553616.5353944068 6541223.031919983 -103.07116800000048
v -553616.4328560651 6541222.609467359 -103.07116800000048
v -553616.3303178423 6541222.18701462 -103.07116800000048
v -553616.2277797399 6541221.764561767 -103.07116800000048
v -553616.1252415176 6541221.342109028 -103.07116800000048
v -553616.0227031757 6541220.919656405 -103.07116800000048
v -553615.9201649013 6541220.497203715 -103.07116800000048
v -553615.8176268503 6541220.074750812 -103.07116800000048
v -553615.7150886282 6541219.652298073 -103.07116800000048
v -553615.612550286 6541219.22984545 -103.07116800000048
v -553615.5100120631 6541218.807392711 -103.07116800000048
v -553615.4074739609 6541218.384939858 -103.07116800000048
v -553615.3049356185 6541217.962487235 -103.07116800000048
v -553615.2023973955 6541217.540034494 -103.07116800000048
v -553615.0998592937 6541217.117581641 -103.07116800000048
v -553614.9973210713 6541216.695128903 -103.07116800000048
v -553614.8947827287 6541216.27267628 -103.07116800000048
v -553614.7922445057 6541215.85022354 -103.07116800000048
v -553614.6897064042 6541215.427770686 -103.07116800000048
v -553614.587168182 6541215.005317948 -103.07116800000048
v -553614.4846298391 6541214.582865325 -103.07116800000048
v -553614.7303755312 6541214.2621013215 -103.07116800000048
v -553615.4877055199 6541214.090704848 -103.07116800000048
v -553615.4736938562 6541213.69409928 -103.07116800000048
v -553615.4596824015 6541213.297493924 -103.07116800000048
v -553616.217012601 6541213.126097662 -103.07116800000048
v -553616.2335914806 6541212.73842349 -103.07116800000048
v -553616.1310532584 6541212.315970751 -103.07116800000048
v -553616.0285149158 6541211.893518128 -103.07116800000048
v -553615.9259766927 6541211.471065389 -103.07116800000048
v -553615.8234385912 6541211.048612535 -103.07116800000048
v -553615.720900369 6541210.6261597965 -103.07116800000048
v -553615.6183620262 6541210.203707174 -103.07116800000048
v -553615.5158237513 6541209.781254484 -103.07116800000048
v -553615.4132857017 6541209.35880158 -103.07116800000048
v -553615.3107473586 6541208.936348958 -103.07116800000048
v -553615.2082091355 6541208.5138962185 -103.07116800000048
v -553615.1056710345 6541208.091443364 -103.07116800000048
v -553615.0031328123 6541207.668990626 -103.07116800000048
v -553614.900594469 6541207.246538004 -103.07116800000048
v -553614.7980562459 6541206.824085264 -103.07116800000048
v -553614.6955181452 6541206.40163241 -103.07116800000048
v -553614.5929799229 6541205.979179671 -103.07116800000048
v -553614.4904415793 6541205.556727049 -103.07116800000048
v -553614.3879033562 6541205.1342743095 -103.07116800000048
v -553614.2853652557 6541204.711821455 -103.07116800000048
v -553614.1828270335 6541204.289368716 -103.07116800000048
v -553614.0802886897 6541203.866916094 -103.07116800000048
v -553613.9777504666 6541203.444463355 -103.07116800000048
v -553613.9777504666 6541203.444463355 -103.07116800000048
v -553613.9777504666 6541203.444463355 -103.07116800000048
v -553613.9777504666 6541203.444463355 -103.07116800000048
v -553613.9777504666 6541203.444463355 -103.07116800000048
v -553613.9777504666 6541203.444463355 -103.07116800000048
v -553613.9777504666 6541203.444463355 -103.07116800000048
v -553613.9777504666 6541203.444463355 -103.07116800000048
v -553613.9777504666 6541203.444463355 -103.07116800000048
v -553613.9777504666 6541203.444463355 -103.07116800000048
v -553613.9777504666 6541203.444463355 -103.07116800000048
v -553613.9777504666 6541203.444463355 -103.07116800000048
v -553613.9777504666 6541203.444463355 -103.07116800000048
v -553613.9777504666 6541203.444463355 -103.07116800000048
v -553613.9777504666 6541203.444463355 -103.07116800000048
v -553613.9777504666 6541203.444463355 -103.07116800000048
v -553613.9777504666 6541203.444463355 -103.07116800000048
v -553613.9777504666 6541203.444463355 -103.07116800000048
v -553613.9777504666 6541203.444463355 -103.07116800000048
v -553613.9777504666 6541203.444463355 -103.07116800000048
v -553613.9777504666 6541203.444463355 -103.07116800000048
v -553613.9777504666 6541203.444463355 -103.07116800000048
v -553613.9777504666 6541203.444463355 -103.07116800000048
v -553613.9777504666 6541203.444463355 -103.07116800000048
v -553613.9777504666 6541203.444463355 -103.07116800000048
v -553613.9777504666 6541203.444463355 -103.07116800000048
v -553613.9777504666 6541203.444463355 -103.07116800000048
v -553613.9777504666 6541203.444463355 -103.07116800000048
v -553613.9777504666 6541203.444463355 -103.07116800000048
v -553613.9777504666 6541203.444463355 -103.07116800000048
v -553613.9777504666 6541203.444463355 -103.07116800000048
v -553613.9777504666 6541203.444463355 -103.07116800000048
v -553613.9777504666 6541203.444463355 -103.07116800000048
v -553613.9777504666 6541203.444463355 -103.07116800000048
v -553613.9777504666 6541203.444463355 -103.07116800000048
v -553613.9777504666 6541203.444463355 -103.07116800000048
v -553613.9777504666 6541203.444463355 -103.07116800000048
v -553613.9777504666 6541203.444463355 -103.07116800000048
v -553613.9777504666 6541203.444463355 -103.07116800000048
v -553613.9777504666 6541203.444463355 -103.07116800000048
v -553613.9777504666 6541203.444463355 -103.07116800000048
v -553613.9777504666 6541203.444463355 -103.07116800000048
v -553613.9777504666 6541203.444463355 -103.07116800000048
v -553613.9777504666 6541203.444463355 -103.07116800000048
v -553613.9777504666 6541203.444463355 -103.07116800000048
v -553613.9777504666 6541203.444463355 -103.07116800000048
v -553613.9777504666 6541203.444463355 -103.07116800000048
v -553613.9777504666 6541203.444463355 -103.07116800000048
v -553613.9777504666 6541203.444463355 -103.07116800000048
v -553613.9777504666 6541203.444463355 -103.07116800000048
v -553613.9777504666 6541203.444463355 -103.07116800000048
v -553613.9777504666 6541203.444463355 -103.07116800000048
v -553613.9777504666 6541203.444463355 -103.07116800000048
v -553613.9777504666 6541203.444463355 -103.07116800000048
v -553613.9777504666 6541203.444463355 -103.07116800000048
v -553613.9777504666 6541203.444463355 -103.07116800000048
v -553613.9777504666 6541203.444463355 -103.07116800000048
v -553613.9777504666 6541203.444463355 -103.07116800000048
v -553613.9777504666 6541203.444463355 -103.07116800000048
v -553613.9777504666 6541203.444463355 -103.07116800000048
v -553613.9777504666 6541203.444463355 -103.07116800000048
v -553613.9777504666 6541203.444463355 -103.07116800000048
v -553613.9777504666 6541203.444463355 -103.07116800000048
v -553613.9777504666 6541203.444463355 -103.07116800000048
v -553613.9777504666 6541203.444463355 -103.07116800000048
v -553613.9777504666 6541203.444463355 -103.07116800000048
v -553613.9777504666 6541203.444463355 -103.07116800000048
v -553613.9777504666 6541203.444463355 -103.07116800000048
v -553613.9777504666 6541203.444463355 -103.07116800000048
v -553613.9777504666 6541203.444463355 -103.07116800000048
v -553613.9777504666 6541203.444463355 -103.07116800000048
v -553613.9777504666 6541203.444463355 -103.07116800000048
v -553613.9777504666 6541203.444463355 -103.07116800000048
v -553613.9777504666 6541203.444463355 -103.07116800000048
v -553613.9777504666 6541203.444463355 -103.07116800000048
v -553613.9777504666 6541203.444463355 -103.07116800000048
v -553613.9777504666 6541203.444463355 -103.07116800000048
v -553613.9777504666 6541203.444463355 -103.07116800000048
v -553613.9777504666 6541203.444463355 -103.07116800000048
v -553613.9777504666 6541203.444463355 -103.07116800000048
v -553613.9777504666 6541203.444463355 -103.07116800000048
v -553613.9777504666 6541203.444463355 -103.07116800000048
v -553613.9777504666 6541203.444463355 -103.07116800000048
v -553613.9777504666 6541203.444463355 -103.07116800000048
v -553613.9777504666 6541203.444463355 -103.07116800000048
v -553613.9777504666 6541203.444463355 -103.07116800000048
v -553613.9777504666 6541203.444463355 -103.07116800000048
v -553613.9777504666 6541203.444463355 -103.07116800000048
v -553613.9777504666 6541203.444463355 -103.07116800000048
v -553613.9777504666 6541203.444463355 -103.07116800000048
v -553613.9777504666 6541203.444463355 -103.07116800000048
v -553613.9777504666 6541203.444463355 -103.07116800000048
v -553613.9777504666 6541203.444463355 -103.07116800000048
v -553613.9777504666 6541203.444463355 -103.07116800000048
v -553613.9777504666 6541203.444463355 -103.07116800000048
v -553613.9777504666 6541203.444463355 -103.07116800000048
v -553613.9777504666 6541203.444463355 -103.07116800000048
v -553613.9777504666 6541203.444463355 -103.07116800000048
v -553613.9777504666 6541203.444463355 -103.07116800000048
v -553613.9777504666 6541203.444463355 -103.07116800000048
v -553613.9777504666 6541203.444463355 -103.07116800000048
v -553613.9777504666 6541203.444463355 -103.07116800000048
v -553613.9777504666 6541203.444463355 -103.07116800000048
v -553613.9777504666 6541203.444463355 -103.07116800000048
v -553613.9777504666 6541203.444463355 -103.07116800000048
v -553613.9777504666 6541203.444463355 -103.07116800000048
v -553613.9777504666 6541203.444463355 -103.07116800000048
v -553613.9777504666 6541203.444463355 -103.07116800000048
v -553613.9777504666 6541203.444463355 -103.07116800000048
v -553613.9777504666 6541203.444463355 -103.07116800000048
v -553613.9777504666 6541203.444463355 -103.07116800000048
v -553613.9777504666 6541203.444463355 -103.07116800000048
v -553613.9777504666 6541203.444463355 -103.07116800000048
v -553613.9777504666 6541203.444463355 -103.07116800000048
v -553613.9777504666 6541203.444463355 -103.07116800000048
v -553613.9777504666 6541203.444463355 -103.07116800000048
v -553613.9777504666 6541203.444463355 -103.07116800000048
v -553613.9777504666 6541203.444463355 -103.07116800000048
v -553613.9777504666 6541203.444463355 -103.07116800000048
v -553613.9777504666 6541203.444463355 -103.07116800000048
v -553613.9777504666 6541203.444463355 -103.07116800000048
v -553613.9777504666 6541203.444463355 -103.07116800000048
v -553613.9777504666 6541203.444463355 -103.07116800000048
v -553613.9777504666 6541203.444463355 -103.07116800000048
v -553613.9777504666 6541203.444463355 -103.07116800000048
v -553613.9777504666 6541203.444463355 -103.07116800000048
v -553613.9777504666 6541203.444463355 -103.07116800000048
v -553613.9777504666 6541203.444463355 -103.07116800000048
v -553613.9777504666 6541203.444463355 -103.07116800000048
v -553613.9777504666 6541203.444463355 -103.07116800000048
v -553613.9777504666 6541203.444463355 -103.07116800000048
v -553613.9777504666 6541203.444463355 -103.07116800000048
v -553613.9777504666 6541203.444463355 -103.07116800000048
v -553613.9777504666 6541203.444463355 -103.07116800000048
v -553613.9777504666 6541203.444463355 -103.07116800000048
v -553613.9777504666 6541203.444463355 -103.07116800000048
v -553613.9777504666 6541203.444463355 -103.07116800000048
v -553613.9777504666 6541203.444463355 -103.07116800000048
v -553613.9777504666 6541203.444463355 -103.07116800000048
v -553613.9777504666 6541203.444463355 -103.07116800000048
v -553613.9777504666 6541203.444463355 -103.07116800000048
v -553613.9777504666 6541203.444463355 -103.07116800000048
v -553613.9777504666 6541203.444463355 -103.07116800000048
v -553613.9777504666 6541203.444463355 -103.07116800000048
v -553613.9777504666 6541203.444463355 -103.07116800000048
v -553613.9777504666 6541203.444463355 -103.07116800000048
v -553613.9777504666 6541203.444463355 -103.07116800000048
v -553613.9777504666 6541203.444463355 -103.07116800000048
v -553613.9777504666 6541203.444463355 -103.07116800000048
v -553613.9777504666 6541203.444463355 -103.07116800000048
v -553613.9777504666 6541203.444463355 -103.07116800000048
v -553613.9777504666 6541203.444463355 -103.07116800000048
v -553613.9777504666 6541203.444463355 -103.07116800000048
v -553613.9777504666 6541203.444463355 -103.07116800000048
v -553613.9777504666 6541203.444463355 -103.07116800000048
v -553613.9777504666 6541203.444463355 -103.07116800000048
v -553613.9777504666 6541203.444463355 -103.07116800000048
v -553613.9777504666 6541203.444463355 -103.07116800000048
v -553613.9777504666 6541203.444463355 -103.07116800000048
v -553613.9777504666 6541203.444463355 -103.07116800000048
v -553613.9777504666 6541203.444463355 -103.07116800000048
v -553613.9777504666 6541203.444463355 -103.07116800000048
v -553613.9777504666 6541203.444463355 -103.07116800000048
v -553613.9777504666 6541203.444463355 -103.07116800000048
v -553613.9777504666 6541203.444463355 -103.07116800000048
v -553613.9777504666 6541203.444463355 -103.07116800000048
v -553613.9777504666 6541203.444463355 -103.07116800000048
v -553613.9777504666 6541203.444463355 -103.07116800000048
v -553613.9777504666 6541203.444463355 -103.07116800000048
v -553613.9777504666 6541203.444463355 -103.07116800000048
v -553613.9777504666 6541203.444463355 -103.07116800000048
v -553613.9777504666 6541203.444463355 -103.07116800000048
v -553613.9777504666 6541203.444463355 -103.07116800000048
v -553613.9777504666 6541203.444463355 -103.07116800000048
v -553613.9777504666 6541203.444463355 -103.07116800000048
v -553613.9777504666 6541203.444463355 -103.07116800000048
v -553613.9777504666 6541203.444463355 -103.07116800000048
v -553613.9777504666 6541203.444463355 -103.07116800000048
v -553613.9777504666 6541203.444463355 -103.07116800000048
v -553613.9777504666 6541203.444463355 -103.07116800000048
v -553613.9777504666 6541203.444463355 -103.07116800000048
v -553613.9777504666 6541203.444463355 -103.07116800000048
v -553613.9777504666 6541203.444463355 -103.07116800000048
v -553613.9777504666 6541203.444463355 -103.07116800000048
v -553613.9777504666 6541203.444463355 -103.07116800000048
v -553613.9777504666 6541203.444463355 -103.07116800000048
v -553613.9777504666 6541203.444463355 -103.07116800000048
v -553613.9777504666 6541203.444463355 -103.07116800000048
v -553613.9777504666 6541203.444463355 -103.07116800000048
v -553613.9777504666 6541203.444463355 -103.07116800000048
v -553613.9777504666 6541203.444463355 -103.07116800000048
v -553613.9777504666 6541203.444463355 -103.07116800000048
v -553613.9777504666 6541203.444463355 -103.07116800000048
v -553613.9777504666 6541203.444463355 -103.07116800000048
v -553613.9777504666 6541203.444463355 -103.07116800000048
v -553613.9777504666 6541203.444463355 -103.07116800000048
v -553613.9777504666 6541203.444463355 -103.07116800000048
v -553613.9777504666 6541203.444463355 -103.07116800000048
v -553596.8634177635 6541277.735521092 -103.31622720000047
v -553597.1135165999 6541277.416028167 -103.31622720000047
v -553597.8708467996 6541277.244631905 -103.31622720000047
v -553598.6281767887 6541277.073235432 -103.31622720000047
v -553598.8174557814 6541276.735984801 -103.31622720000047
v -553598.714917439 6541276.313532178 -103.31622720000047
v -553599.3574838695 6541276.108628246 -103.31622720000047
v -553600.1148138591 6541275.9372317735 -103.31622720000047
v -553600.7714937476 6541275.73644856 -103.31622720000047
v -553600.6689554058 6541275.313995936 -103.31622720000047
v -553600.5664171829 6541274.8915431965 -103.31622720000047
v -553600.4638790804 6541274.469090343 -103.31622720000047
v -553600.3613408584 6541274.046637605 -103.31622720000047
v -553600.2588025162 6541273.624184982 -103.31622720000047
v -553600.1562642934 6541273.2017322425 -103.31622720000047
v -553600.3883914801 6541272.876991884 -103.31622720000047
v -553601.1457216789 6541272.705595623 -103.31622720000047
v -553601.9030520855 6541272.534199571 -103.31622720000047
v -553602.1103022599 6541272.202196 -103.31622720000047
v -553602.0077641573 6541271.779743147 -103.31622720000047
v -553601.9052259353 6541271.3572904095 -103.31622720000047
v -553601.8026875933 6541270.934837786 -103.31622720000047
v -553601.7001493704 6541270.512385046 -103.31622720000047
v -553601.8189818951 6541270.154565954 -103.31622720000047
v -553602.5763123021 6541269.983169903 -103.31622720000047
v -553603.3336425016 6541269.811773641 -103.31622720000047
v -553603.6541874562 6541269.51284869 -103.31622720000047
v -553603.5516491829 6541269.090396 -103.31622720000047
v -553603.4491108924 6541268.667943328 -103.31622720000047
v -553603.3465726695 6541268.245490588 -103.31622720000047
v -553603.2440345668 6541267.823037735 -103.31622720000047
v -553603.1414963448 6541267.400584997 -103.31622720000047
v -553603.0389580029 6541266.978132373 -103.31622720000047
v -553603.6072201229 6541266.751533751 -103.31622720000047
v -553604.3645501133 6541266.58013728 -103.31622720000047
v -553605.0955343109 6541266.401048755 -103.31622720000047
v -553604.9929959694 6541265.978596131 -103.31622720000047
v -553604.8904577467 6541265.556143392 -103.31622720000047
v -553604.7879196439 6541265.133690539 -103.31622720000047
v -553604.6853814218 6541264.7112378 -103.31622720000047
v -553604.58284308 6541264.288785176 -103.31622720000047
v -553604.652139606 6541263.916503168 -103.31622720000047
v -553605.4094695965 6541263.745106696 -103.31622720000047
v -553606.1667997952 6541263.573710435 -103.31622720000047
v -553606.5368810465 6541263.289248935 -103.31622720000047
v -553606.4343428237 6541262.866796196 -103.31622720000047
v -553606.3318047206 6541262.444343342 -103.31622720000047
v -553606.2292663796 6541262.021890719 -103.31622720000047
v -553606.8680835471 6541261.815892111 -103.31622720000047
v -553607.6254135387 6541261.64449564 -103.31622720000047
v -553608.2858426869 6541261.444807101 -103.31622720000047
v -553608.1833043462 6541261.022354477 -103.31622720000047
v -553608.0807661231 6541260.599901738 -103.31622720000047
v -553607.97822802 6541260.177448885 -103.31622720000047
v -553607.8756897468 6541259.754996195 -103.31622720000047
v -553607.7731514565 6541259.332543522 -103.31622720000047
v -553607.6706132337 6541258.910090783 -103.31622720000047
v -553607.8989911594 6541258.58425575 -103.31622720000047
v -553608.6563213583 6541258.412859489 -103.31622720000047
v -553609.4136517633 6541258.241463437 -103.31622720000047
v -553609.6246512001 6541257.910554541 -103.31622720000047
v -553609.5221130966 6541257.488101689 -103.31622720000047
v -553609.4195748746 6541257.065648951 -103.31622720000047
v -553609.3170365336 6541256.643196326 -103.31622720000047
v -553609.2144983108 6541256.220743586 -103.31622720000047
v -553609.7152525061 6541255.974434474 -103.31622720000047
v -553610.4725827049 6541255.8030382125 -103.31622720000047
v -553611.2299131094 6541255.63164216 -103.31622720000047
v -553611.1685362773 6541255.221207345 -103.31622720000047
v -553611.0659981734 6541254.798754493 -103.31622720000047
v -553610.963459833 6541254.376301868 -103.31622720000047
v -553610.8609216099 6541253.953849128 -103.31622720000047
v -553610.7583835066 6541253.531396276 -103.31622720000047
v -553610.7601719893 6541253.13940389 -103.31622720000047
v -553611.5175023944 6541252.968007837 -103.31622720000047
v -553612.2748325939 6541252.796611575 -103.31622720000047
v -553612.7124214725 6541252.531860035 -103.31622720000047
v -553612.6098832504 6541252.109407296 -103.31622720000047
v -553612.5073449101 6541251.686954672 -103.31622720000047
v -553612.4048066364 6541251.2645019805 -103.31622720000047
v -553612.3022685832 6541250.84204908 -103.31622720000047
v -553612.1997303612 6541250.419596341 -103.31622720000047
v -553612.0971920204 6541249.9971437175 -103.31622720000047
v -553611.9946537975 6541249.574690978 -103.31622720000047
v -553611.8921156938 6541249.152238125 -103.31622720000047
v -553611.7895774718 6541248.729785387 -103.31622720000047
v -553611.6870391307 6541248.3073327625 -103.31622720000047
v -553611.5845009079 6541247.884880023 -103.31622720000047
v -553612.0926807582 6541247.640738985 -103.31622720000047
v -553612.4643400252 6541247.35673807 -103.31622720000047
v -553613.22167043 6541247.185342018 -103.31622720000047
v -553613.5385388741 6541246.885343781 -103.31622720000047
v -553613.4360007704 6541246.46289093 -103.31622720000047
v -553613.3334624299 6541246.040438305 -103.31622720000047
v -553613.2309242067 6541245.617985565 -103.31622720000047
v -553612.7659409747 6541245.089709316 -103.31622720000047
v -553613.0258478811 6541244.773079975 -103.31622720000047
v -553612.9233095403 6541244.35062735 -103.31622720000047
v -553612.8207713172 6541243.92817461 -103.31622720000047
v -553612.718233214 6541243.505721758 -103.31622720000047
v -553612.6156949918 6541243.08326902 -103.31622720000047
v -553612.5131566507 6541242.660816396 -103.31622720000047
v -553612.4106184278 6541242.238363656 -103.31622720000047
v -553613.0395185958 6541242.029469426 -103.31622720000047
v -553613.7968487943 6541241.858073165 -103.31622720000047
v -553614.4671946171 6541241.661280153 -103.31622720000047
v -553614.3646563439 6541241.238827463 -103.31622720000047
v -553614.2621182911 6541240.816374562 -103.31622720000047
v -553614.8978149329 6541240.609464853 -103.31622720000047
v -553615.6551453375 6541240.4380688 -103.31622720000047
v -553616.3186943609 6541240.2392911725 -103.31622720000047
v -553616.2161562569 6541239.81683832 -103.31622720000047
v -553616.1136180349 6541239.394385582 -103.31622720000047
v -553616.0110796941 6541238.971932957 -103.31622720000047
v -553615.9085414713 6541238.5494802175 -103.31622720000047
v -553615.8060033676 6541238.127027365 -103.31622720000047
v -553615.7034651457 6541237.704574628 -103.31622720000047
v -553615.6009268048 6541237.282122003 -103.31622720000047
v -553615.4983885819 6541236.859669264 -103.31622720000047
v -553615.3958504783 6541236.437216411 -103.31622720000047
v -553615.2933121374 6541236.014763786 -103.31622720000047
v -553615.1907739143 6541235.592311047 -103.31622720000047
v -553615.8586644349 6541235.394800862 -103.31622720000047
v -553615.84465277 6541234.998195294 -103.31622720000047
v -553616.6019831751 6541234.826799242 -103.31622720000047
v -553616.5879715128 6541234.430193674 -103.31622720000047
v -553617.0422737772 6541234.1703219535 -103.31622720000047
v -553616.939735555 6541233.747869215 -103.31622720000047
v -553616.8371972142 6541233.32541659 -103.31622720000047
v -553616.7346589911 6541232.902963851 -103.31622720000047
v -553616.5179129865 6541232.447165625 -103.31622720000047
v -553616.5295826655 6541232.05805826 -103.31622720000047
v -553616.4270443246 6541231.635605636 -103.31622720000047
v -553616.3245060504 6541231.213152945 -103.31622720000047
v -553616.2219679982 6541230.790700044 -103.31622720000047
v -553616.1194297763 6541230.368247305 -103.31622720000047
v -553616.0168914349 6541229.945794681 -103.31622720000047
v -553615.9143532122 6541229.523341942 -103.31622720000047
v -553615.8118151092 6541229.100889089 -103.31622720000047
v -553616.0061370804 6541228.765110861 -103.31622720000047
v -553616.7634674861 6541228.593714809 -103.31622720000047
v -553616.749455824 6541228.197109241 -103.31622720000047
v -553617.5067858153 6541228.02571277 -103.31622720000047
v -553617.6633147341 6541227.678900223 -103.31622720000047
v -553617.560776511 6541227.256447484 -103.31622720000047
v -553617.4582384081 6541226.833994631 -103.31622720000047
v -553617.3557001858 6541226.411541893 -103.31622720000047
v -553617.2531618448 6541225.989089268 -103.31622720000047
v -553617.1506236217 6541225.566636529 -103.31622720000047
v -553617.0480855188 6541225.144183677 -103.31622720000047
v -553616.9455472964 6541224.721730938 -103.31622720000047
v -553616.843008955 6541224.299278314 -103.31622720000047
v -553616.740470732 6541223.876825575 -103.31622720000047
v -553616.6379326294 6541223.454372722 -103.31622720000047
v -553616.5353944072 6541223.031919983 -103.31622720000047
v -553616.938963462 6541222.757235944 -103.31622720000047
v -553617.6962936615 6541222.585839682 -103.31622720000047
v -553618.4536236527 6541222.414443212 -103.31622720000047
v -553618.4894323731 6541222.032383742 -103.31622720000047
v -553618.386894032 6541221.609931118 -103.31622720000047
v -553618.2843557578 6541221.187478427 -103.31622720000047
v -553618.1818177057 6541220.765025525 -103.31622720000047
v -553618.0792794836 6541220.342572787 -103.31622720000047
v -553617.9767411421 6541219.920120163 -103.31622720000047
v -553617.8742029192 6541219.497667423 -103.31622720000047
v -553617.7716648164 6541219.07521457 -103.31622720000047
v -553617.669126475 6541218.652761947 -103.31622720000047
v -553617.566588252 6541218.230309208 -103.31622720000047
v -553617.4640501495 6541217.807856354 -103.31622720000047
v -553617.3615119271 6541217.385403616 -103.31622720000047
v -553617.2589735852 6541216.962950992 -103.31622720000047
v -553617.1564353621 6541216.540498253 -103.31622720000047
v -553617.05389726 6541216.1180454 -103.31622720000047
v -553616.9513590378 6541215.695592661 -103.31622720000047
v -553616.8488206957 6541215.273140038 -103.31622720000047
v -553616.7462824726 6541214.850687299 -103.31622720000047
v -553617.4160601771 6541214.653728114 -103.31622720000047
v -553617.0163775817 6541214.144517894 -103.31622720000047
v -553617.7737079894 6541213.973121843 -103.31622720000047
v -553618.1453672573 6541213.689120928 -103.31622720000047
v -553617.3600135219 6541213.067305843 -103.31622720000047
v -553618.1173437204 6541212.895909581 -103.31622720000047
v -553618.3927057721 6541212.583792841 -103.31622720000047
v -553618.290167549 6541212.161340102 -103.31622720000047
v -553618.1876294471 6541211.738887249 -103.31622720000047
v -553618.0850912248 6541211.31643451 -103.31622720000047
v -553617.9825528826 6541210.893981887 -103.31622720000047
v -553617.8800146083 6541210.471529197 -103.31622720000047
v -553617.7774765576 6541210.049076294 -103.31622720000047
v -553617.6749382152 6541209.626623671 -103.31622720000047
v -553617.572399992 6541209.204170931 -103.31622720000047
v -553617.4698618903 6541208.781718077 -103.31622720000047
v -553617.3673236681 6541208.359265339 -103.31622720000047
v -553617.2647853256 6541207.936812717 -103.31622720000047
v -553617.1622471026 6541207.514359977 -103.31622720000047
v -553617.0597090011 6541207.091907123 -103.31622720000047
v -553616.9571707789 6541206.669454385 -103.31622720000047
v -553616.854632436 6541206.247001762 -103.31622720000047
v -553616.7520942129 6541205.824549022 -103.31622720000047
v -553616.6495561117 6541205.402096168 -103.31622720000047
v -553616.5470178894 6541204.97964343 -103.31622720000047
v -553616.4444795464 6541204.557190808 -103.31622720000047
v -553616.3419413234 6541204.134738068 -103.31622720000047
v -553616.2394032225 6541203.712285213 -103.31622720000047
v -553616.136865 6541203.289832475 -103.31622720000047
v -553616.136865 6541203.289832475 -103.31622720000047
v -553616.136865 6541203.289832475 -103.31622720000047
v -553616.136865 6541203.289832475 -103.31622720000047
v -553616.136865 6541203.289832475 -103.31622720000047
v -553616.136865 6541203.289832475 -103.31622720000047
v -553616.136865 6541203.289832475 -103.31622720000047
v -553616.136865 6541203.289832475 -103.31622720000047
v -553616.136865 6541203.289832475 -103.31622720000047
v -553616.136865 6541203.289832475 -103.31622720000047
v -553616.136865 6541203.289832475 -103.31622720000047
v -553616.136865 6541203.289832475 -103.31622720000047
v -553616.136865 6541203.289832475 -103.31622720000047
v -553616.136865 6541203.289832475 -103.31622720000047
v -553616.136865 6541203.289832475 -103.31622720000047
v -553616.136865 6541203.289832475 -103.31622720000047
v -553616.136865 6541203.289832475 -103.31622720000047
v -553616.136865 6541203.289832475 -103.31622720000047
v -553616.136865 6541203.289832475 -103.31622720000047
v -553616.136865 6541203.289832475 -103.31622720000047
v -553616.136865 6541203.289832475 -103.31622720000047
v -553616.136865 6541203.289832475 -103.31622720000047
v -553616.136865 6541203.289832475 -103.31622720000047
v -553616.136865 6541203.289832475 -103.31622720000047
v -553616.136865 6541203.289832475 -103.31622720000047
v -553616.136865 6541203.289832475 -103.31622720000047
v -553616.136865 6541203.289832475 -103.31622720000047
v -553616.136865 6541203.289832475 -103.31622720000047
v -553616.136865 6541203.289832475 -103.31622720000047
v -553616.136865 6541203.289832475 -103.31622720000047
v -553616.136865 6541203.289832475 -103.31622720000047
v -553616.136865 6541203.289832475 -103.31622720000047
v -553616.136865 6541203.289832475 -103.31622720000047
v -553616.136865 6541203.289832475 -103.31622720000047
v -553616.136865 6541203.289832475 -103.31622720000047
v -553616.136865 6541203.289832475 -103.31622720000047
v -553616.136865 6541203.289832475 -103.31622720000047
v -553616.136865 6541203.289832475 -103.31622720000047
v -553616.136865 6541203.289832475 -103.31622720000047
v -553616.136865 6541203.289832475 -103.31622720000047
v -553616.136865 6541203.289832475 -103.31622720000047
v -553616.136865 6541203.289832475 -103.31622720000047
v -553616.136865 6541203.289832475 -103.31622720000047
v -553616.136865 6541203.289832475 -103.31622720000047
v -553616.136865 6541203.289832475 -103.31622720000047
v -553616.136865 6541203.289832475 -103.31622720000047
v -553616.136865 6541203.289832475 -103.31622720000047
v -553616.136865 6541203.289832475 -103.31622720000047
v -553616.136865 6541203.289832475 -103.31622720000047
v -553616.136865 6541203.289832475 -103.31622720000047
v -553616.136865 6541203.289832475 -103.31622720000047
v -553616.136865 6541203.289832475 -103.31622720000047
v -553616.136865 6541203.289832475 -103.31622720000047
v -553616.136865 6541203.289832475 -103.31622720000047
v -553616.136865 6541203.289832475 -103.31622720000047
v -553616.136865 6541203.289832475 -103.31622720000047
v -553616.136865 6541203.289832475 -103.31622720000047
v -553616.136865 6541203.289832475 -103.31622720000047
v -553616.136865 6541203.289832475 -103.31622720000047
v -553616.136865 6541203.289832475 -103.31622720000047
v -553616.136865 6541203.289832475 -103.31622720000047
v -553616.136865 6541203.289832475 -103.31622720000047
v -553616.136865 6541203.289832475 -103.31622720000047
v -553616.136865 6541203.289832475 -103.31622720000047
v -553616.136865 6541203.289832475 -103.31622720000047
v -553616.136865 6541203.289832475 -103.31622720000047
v -553616.136865 6541203.289832475 -103.31622720000047
v -553616.136865 6541203.289832475 -103.31622720000047
v -553616.136865 6541203.289832475 -103.31622720000047
v -553616.136865 6541203.289832475 -103.31622720000047
v -553616.136865 6541203.289832475 -103.31622720000047
v -553616.136865 6541203.289832475 -103.31622720000047
v -553616.136865 6541203.289832475 -103.31622720000047
v -553616.136865 6541203.289832475 -103.31622720000047
v -553616.136865 6541203.289832475 -103.31622720000047
v -553616.136865 6541203.289832475 -103.31622720000047
v -553616.136865 6541203.289832475 -103.31622720000047
v -553616.136865 6541203.289832475 -103.31622720000047
v -553616.136865 6541203.289832475 -103.31622720000047
v -553616.136865 6541203.289832475 -103.31622720000047
v -553616.136865 6541203.289832475 -103.31622720000047
v -553616.136865 6541203.289832475 -103.31622720000047
v -553616.136865 6541203.289832475 -103.31622720000047
v -553616.136865 6541203.289832475 -103.31622720000047
v -553616.136865 6541203.289832475 -103.31622720000047
v -553616.136865 6541203.289832475 -103.31622720000047
v -553616.136865 6541203.289832475 -103.31622720000047
v -553616.136865 6541203.289832475 -103.31622720000047
v -553616.136865 6541203.289832475 -103.31622720000047
v -553616.136865 6541203.289832475 -103.31622720000047
v -553616.136865 6541203.289832475 -103.31622720000047
v -553616.136865 6541203.289832475 -103.31622720000047
v -553616.136865 6541203.289832475 -103.31622720000047
v -553616.136865 6541203.289832475 -103.31622720000047
v -553616.136865 6541203.289832475 -103.31622720000047
v -553616.136865 6541203.289832475 -103.31622720000047
v -553616.136865 6541203.289832475 -103.31622720000047
v -553616.136865 6541203.289832475 -103.31622720000047
v -553616.136865 6541203.289832475 -103.31622720000047
v -553616.136865 6541203.289832475 -103.31622720000047
v -553616.136865 6541203.289832475 -103.31622720000047
v -553616.136865 6541203.289832475 -103.31622720000047
v -553616.136865 6541203.289832475 -103.31622720000047
v -553616.136865 6541203.289832475 -103.31622720000047
v -553616.136865 6541203.289832475 -103.31622720000047
v -553616.136865 6541203.289832475 -103.31622720000047
v -553616.136865 6541203.289832475 -103.31622720000047
v -553616.136865 6541203.289832475 -103.31622720000047
v -553616.136865 6541203.289832475 -103.31622720000047
v -553616.136865 6541203.289832475 -103.31622720000047
v -553616.136865 6541203.289832475 -103.31622720000047
v -553616.136865 6541203.289832475 -103.31622720000047
v -553616.136865 6541203.289832475 -103.31622720000047
v -553616.136865 6541203.289832475 -103.31622720000047
v -553616.136865 6541203.289832475 -103.31622720000047
v -553616.136865 6541203.289832475 -103.31622720000047
v -553616.136865 6541203.289832475 -103.31622720000047
v -553616.136865 6541203.289832475 -103.31622720000047
v -553616.136865 6541203.289832475 -103.31622720000047
v -553616.136865 6541203.289832475 -103.31622720000047
v -553616.136865 6541203.289832475 -103.31622720000047
v -553616.136865 6541203.289832475 -103.31622720000047
v -553616.136865 6541203.289832475 -103.31622720000047
v -553616.136865 6541203.289832475 -103.31622720000047
v -553616.136865 6541203.289832475 -103.31622720000047
v -553616.136865 6541203.289832475 -103.31622720000047
v -553616.136865 6541203.289832475 -103.31622720000047
v -553616.136865 6541203.289832475 -103.31622720000047
v -553616.136865 6541203.289832475 -103.31622720000047
v -553616.136865 6541203.289832475 -103.31622720000047
v -553616.136865 6541203.289832475 -103.31622720000047
v -553616.136865 6541203.289832475 -103.31622720000047
v -553616.136865 6541203.289832475 -103.31622720000047
v -553616.136865 6541203.289832475 -103.31622720000047
v -553616.136865 6541203.289832475 -103.31622720000047
v -553616.136865 6541203.289832475 -103.31622720000047
v -553616.136865 6541203.289832475 -103.31622720000047
v -553616.136865 6541203.289832475 -103.31622720000047
v -553616.136865 6541203.289832475 -103.31622720000047
v -553616.136865 6541203.289832475 -103.31622720000047
v -553616.136865 6541203.289832475 -103.31622720000047
v -553616.136865 6541203.289832475 -103.31622720000047
v -553616.136865 6541203.289832475 -103.31622720000047
v -553616.136865 6541203.289832475 -103.31622720000047
v -553616.136865 6541203.289832475 -103.31622720000047
v -553616.136865 6541203.289832475 -103.31622720000047
v -553616.136865 6541203.289832475 -103.31622720000047
v -553616.136865 6541203.289832475 -103.31622720000047
v -553616.136865 6541203.289832475 -103.31622720000047
v -553616.136865 6541203.289832475 -103.31622720000047
v -553616.136865 6541203.289832475 -103.31622720000047
v -553616.136865 6541203.289832475 -103.31622720000047
v -553616.136865 6541203.289832475 -103.31622720000047
v -553616.136865 6541203.289832475 -103.31622720000047
v -553616.136865 6541203.289832475 -103.31622720000047
v -553616.136865 6541203.289832475 -103.31622720000047
v -553616.136865 6541203.289832475 -103.31622720000047
v -553616.136865 6541203.289832475 -103.31622720000047
v -553616.136865 6541203.289832475 -103.31622720000047
v -553616.136865 6541203.289832475 -103.31622720000047
v -553616.136865 6541203.289832475 -103.31622720000047
v -553616.136865 6541203.289832475 -103.31622720000047
v -553616.136865 6541203.289832475 -103.31622720000047
v -553616.136865 6541203.289832475 -103.31622720000047
v -553616.136865 6541203.289832475 -103.31622720000047
v -553616.136865 6541203.289832475 -103.31622720000047
v -553616.136865 6541203.289832475 -103.31622720000047
v -553616.136865 6541203.289832475 -103.31622720000047
v -553616.136865 6541203.289832475 -103.31622720000047
v -553616.136865 6541203.289832475 -103.31622720000047
v -553616.136865 6541203.289832475 -103.31622720000047
v -553616.136865 6541203.289832475 -103.31622720000047
v -553616.136865 6541203.289832475 -103.31622720000047
v -553616.136865 6541203.289832475 -103.31622720000047
v -553616.136865 6541203.289832475 -103.31622720000047
v -553616.136865 6541203.289832475 -103.31622720000047
v -553616.136865 6541203.289832475 -103.31622720000047
v -553616.136865 6541203.289832475 -103.31622720000047
v -553616.136865 6541203.289832475 -103.31622720000047
v -553616.136865 6541203.289832475 -103.31622720000047
v -553616.136865 6541203.289832475 -103.31622720000047
v -553616.136865 6541203.289832475 -103.31622720000047
v -553616.136865 6541203.289832475 -103.31622720000047
v -553616.136865 6541203.289832475 -103.31622720000047
v -553616.136865 6541203.289832475 -103.31622720000047
v -553616.136865 6541203.289832475 -103.31622720000047
v -553616.136865 6541203.289832475 -103.31622720000047
v -553616.136865 6541203.289832475 -103.31622720000047
v -553616.136865 6541203.289832475 -103.31622720000047
v -553616.136865 6541203.289832475 -103.31622720000047
v -553616.136865 6541203.289832475 -103.31622720000047
v -553616.136865 6541203.289832475 -103.31622720000047
v -553616.136865 6541203.289832475 -103.31622720000047
v -553616.136865 6541203.289832475 -103.31622720000047
v -553616.136865 6541203.289832475 -103.31622720000047
v -553616.136865 6541203.289832475 -103.31622720000047
v -553624.5101642677 6541285.807563991 -103.78805760000049
v -553625.1311697504 6541285.596364973 -103.78805760000049
v -553625.0286315276 6541285.173912234 -103.78805760000049
v -553624.9260934175 6541284.751459387 -103.78805760000049
v -553624.8235551955 6541284.32900665 -103.78805760000049
v -553624.7210168608 6541283.906554018 -103.78805760000049
v -553624.618478638 6541283.484101279 -103.78805760000049
v -553624.5159405281 6541283.061648433 -103.78805760000049
v -553624.4134023063 6541282.639195695 -103.78805760000049
v -553624.7697303371 6541282.350718647 -103.78805760000049
v -553625.5270605369 6541282.179322385 -103.78805760000049
v -553626.28439054 6541282.007925927 -103.78805760000049
v -553626.3674402725 6541281.639659453 -103.78805760000049
v -553626.264901938 6541281.217206822 -103.78805760000049
v -553626.1623637152 6541280.794754082 -103.78805760000049
v -553626.0598256051 6541280.372301237 -103.78805760000049
v -553625.9572873831 6541279.949848498 -103.78805760000049
v -553625.8547490485 6541279.527395868 -103.78805760000049
v -553625.8006381582 6541279.119082496 -103.78805760000049
v -553626.5579681611 6541278.947686036 -103.78805760000049
v -553627.3152983598 6541278.776289775 -103.78805760000049
v -553627.808787015 6541278.527859625 -103.78805760000049
v -553627.7062487924 6541278.105406886 -103.78805760000049
v -553627.6037106821 6541277.68295404 -103.78805760000049
v -553627.5011723479 6541277.26050141 -103.78805760000049
v -553627.3986341249 6541276.83804867 -103.78805760000049
v -553627.296096015 6541276.415595824 -103.78805760000049
v -553627.1935577448 6541275.993143132 -103.78805760000049
v -553627.1471123514 6541275.587067942 -103.78805760000049
v -553627.7676999784 6541275.375746841 -103.78805760000049
v -553628.5250299816 6541275.204350382 -103.78805760000049
v -553629.1185602368 6541274.985129319 -103.78805760000049
v -553629.0450574249 6541274.5711542135 -103.78805760000049
v -553628.9425192021 6541274.148701474 -103.78805760000049
v -553628.8399810918 6541273.726248628 -103.78805760000049
v -553628.7374428697 6541273.30379589 -103.78805760000049
v -553628.6349045353 6541272.881343259 -103.78805760000049
v -553628.5323663123 6541272.458890519 -103.78805760000049
v -553628.7986076026 6541272.144110492 -103.78805760000049
v -553629.5559378011 6541271.972714231 -103.78805760000049
v -553630.3132681941 6541271.801318167 -103.78805760000049
v -553630.4864042791 6541271.459354278 -103.78805760000049
v -553630.3838661687 6541271.036901432 -103.78805760000049
v -553630.2813279466 6541270.614448694 -103.78805760000049
v -553630.1787896124 6541270.191996062 -103.78805760000049
v -553630.0762513896 6541269.769543323 -103.78805760000049
v -553629.9737132795 6541269.347090477 -103.78805760000049
v -553629.8711749453 6541268.924637847 -103.78805760000049
v -553630.0083394201 6541268.572171297 -103.78805760000049
v -553630.7656694236 6541268.400774838 -103.78805760000049
v -553630.9444932246 6541268.060471597 -103.78805760000049
v -553630.7376462902 6541267.6075639 -103.78805760000049
v -553631.4949764898 6541267.436167638 -103.78805760000049
v -553631.6201365782 6541267.080196019 -103.78805760000049
v -553631.517598308 6541266.657743326 -103.78805760000049
v -553631.4150600214 6541266.235290649 -103.78805760000049
v -553631.3125217989 6541265.81283791 -103.78805760000049
v -553631.2099836887 6541265.390385064 -103.78805760000049
v -553631.1074454667 6541264.967932326 -103.78805760000049
v -553631.0049071324 6541264.545479695 -103.78805760000049
v -553630.9023689093 6541264.123026956 -103.78805760000049
v -553630.7998307995 6541263.70057411 -103.78805760000049
v -553630.6972925775 6541263.278121372 -103.78805760000049
v -553630.5947542427 6541262.855668741 -103.78805760000049
v -553630.4922160198 6541262.433216001 -103.78805760000049
v -553630.3896779099 6541262.010763155 -103.78805760000049
v -553630.2871396879 6541261.588310417 -103.78805760000049
v -553630.3490305112 6541261.2138663 -103.78805760000049
v -553630.6922834726 6541260.921571573 -103.78805760000049
v -553631.4496134752 6541260.750175114 -103.78805760000049
v -553630.8570956097 6541260.184662764 -103.78805760000049
v -553631.6144258091 6541260.013266502 -103.78805760000049
v -553632.0110930452 6541259.736567044 -103.78805760000049
v -553631.9335629866 6541259.321415959 -103.78805760000049
v -553629.8368716269 6541258.31672886 -103.78805760000049
v -553630.5942018264 6541258.145332598 -103.78805760000049
v -553631.3515318289 6541257.973936138 -103.78805760000049
v -553631.5234100971 6541257.631605004 -103.78805760000049
v -553631.4208717623 6541257.2091523735 -103.78805760000049
v -553630.4461557096 6541256.532049229 -103.78805760000049
v -553630.3313078452 6541256.106002233 -103.78805760000049
v -553631.088638044 6541255.934605972 -103.78805760000049
v -553631.0107188725 6541255.519341419 -103.78805760000049
v -553630.9081806495 6541255.09688868 -103.78805760000049
v -553630.2752611898 6541254.519579962 -103.78805760000049
v -553630.7031043182 6541254.251983094 -103.78805760000049
v -553630.6005659829 6541253.8295304645 -103.78805760000049
v -553630.4980277601 6541253.407077725 -103.78805760000049
v -553630.395489651 6541252.984624879 -103.78805760000049
v -553630.2929514288 6541252.56217214 -103.78805760000049
v -553630.1904130932 6541252.13971951 -103.78805760000049
v -553630.0878748704 6541251.717266771 -103.78805760000049
v -553629.9853367617 6541251.294813924 -103.78805760000049
v -553629.8827984257 6541250.872361294 -103.78805760000049
v -553629.7802602026 6541250.449908555 -103.78805760000049
v -553629.6777220945 6541250.027455707 -103.78805760000049
v -553629.5751838721 6541249.605002969 -103.78805760000049
v -553629.4726455362 6541249.182550339 -103.78805760000049
v -553629.7246027038 6541248.863599905 -103.78805760000049
v -553629.2806567875 6541248.341465944 -103.78805760000049
v -553629.8582391025 6541248.117588548 -103.78805760000049
v -553630.6155694992 6541247.946192487 -103.78805760000049
v -553631.2521047563 6541247.739527628 -103.78805760000049
v -553630.4224879086 6541247.104789014 -103.78805760000049
v -553630.3087339677 6541246.679061613 -103.78805760000049
v -553631.0165306132 6541246.493203143 -103.78805760000049
v -553630.9139923415 6541246.07075045 -103.78805760000049
v -553630.8114542814 6541245.648297556 -103.78805760000049
v -553628.7819684638 6541244.663232372 -103.78805760000049
v -553629.5392988612 6541244.491836311 -103.78805760000049
v -553630.2073988148 6541244.294387423 -103.78805760000049
v -553630.401301392 6541243.958486601 -103.78805760000049
v -553630.2987631699 6541243.536033863 -103.78805760000049
v -553629.8397385196 6541243.009497637 -103.78805760000049
v -553630.0936866107 6541242.691128494 -103.78805760000049
v -553629.9911485026 6541242.268675647 -103.78805760000049
v -553629.8886102806 6541241.846222908 -103.78805760000049
v -553629.0281323508 6541241.202474045 -103.78805760000049
v -553629.2203584233 6541240.866083874 -103.78805760000049
v -553629.4900888188 6541240.552322562 -103.78805760000049
v -553629.4784572765 6541240.156412063 -103.78805760000049
v -553629.3759190536 6541239.733959324 -103.78805760000049
v -553629.273380946 6541239.311506475 -103.78805760000049
v -553629.1708427238 6541238.889053737 -103.78805760000049
v -553629.0683043872 6541238.466601108 -103.78805760000049
v -553628.965766164 6541238.044148369 -103.78805760000049
v -553628.8632280568 6541237.62169552 -103.78805760000049
v -553628.7606898345 6541237.199242782 -103.78805760000049
v -553628.887406319 6541236.843725869 -103.78805760000049
v -553629.6447365185 6541236.672329607 -103.78805760000049
v -553630.4020665174 6541236.500933144 -103.78805760000049
v -553630.7147278005 6541236.19970654 -103.78805760000049
v -553630.6121894638 6541235.777253912 -103.78805760000049
v -553629.3275557634 6541235.009663864 -103.78805760000049
v -553628.8088001386 6541234.465687589 -103.78805760000049
v -553629.3541142265 6541234.232388812 -103.78805760000049
v -553628.9681484746 6541233.727183653 -103.78805760000049
v -553629.7254786742 6541233.555787391 -103.78805760000049
v -553629.9969602436 6541233.242537369 -103.78805760000049
v -553629.8944220217 6541232.820084631 -103.78805760000049
v -553629.7918836843 6541232.397632003 -103.78805760000049
v -553629.6893454614 6541231.975179263 -103.78805760000049
v -553629.5868073544 6541231.552726415 -103.78805760000049
v -553629.4842690171 6541231.130273787 -103.78805760000049
v -553629.3817307942 6541230.707821048 -103.78805760000049
v -553629.2791926875 6541230.285368199 -103.78805760000049
v -553629.1766544651 6541229.86291546 -103.78805760000049
v -553629.0741161274 6541229.440462832 -103.78805760000049
v -553628.9715779044 6541229.018010093 -103.78805760000049
v -553628.869039798 6541228.595557244 -103.78805760000049
v -553628.8656610112 6541228.202056166 -103.78805760000049
v -553629.5293153805 6541228.003309442 -103.78805760000049
v -553630.28664558 6541227.83191318 -103.78805760000049
v -553630.451438007 6541227.487513042 -103.78805760000049
v -553630.5859985292 6541227.134286216 -103.78805760000049
v -553629.858939657 6541226.529491823 -103.78805760000049
v -553629.4592570632 6541226.020281602 -103.78805760000049
v -553630.2165870606 6541225.848885138 -103.78805760000049
v -553630.3103866525 6541225.483757309 -103.78805760000049
v -553630.2078483148 6541225.061304682 -103.78805760000049
v -553630.1053100422 6541224.638851989 -103.78805760000049
v -553630.002771985 6541224.216399092 -103.78805760000049
v -553629.900233763 6541223.793946355 -103.78805760000049
v -553629.7976954251 6541223.371493727 -103.78805760000049
v -553629.6951572023 6541222.949040988 -103.78805760000049
v -553629.5926190959 6541222.526588138 -103.78805760000049
v -553629.4900807576 6541222.104135511 -103.78805760000049
v -553629.3875425346 6541221.681682771 -103.78805760000049
v -553629.2850044287 6541221.259229922 -103.78805760000049
v -553629.1824662064 6541220.836777183 -103.78805760000049
v -553629.841600167 6541220.636710633 -103.78805760000049
v -553630.5989303665 6541220.46531437 -103.78805760000049
v -553631.2390423947 6541220.25969368 -103.78805760000049
v -553631.1365041723 6541219.837240942 -103.78805760000049
v -553631.0339658345 6541219.414788314 -103.78805760000049
v -553630.9314276115 6541218.992335575 -103.78805760000049
v -553630.8288895054 6541218.569882725 -103.78805760000049
v -553630.7263512833 6541218.147429987 -103.78805760000049
v -553630.6238129451 6541217.72497736 -103.78805760000049
v -553630.5212747221 6541217.302524621 -103.78805760000049
v -553630.418736616 6541216.88007177 -103.78805760000049
v -553630.3875059598 6541216.47843876 -103.78805760000049
v -553631.023308461 6541216.271560104 -103.78805760000049
v -553631.7806386608 6541216.100163842 -103.78805760000049
v -553631.7806386608 6541216.100163842 -103.78805760000049
v -553631.7806386608 6541216.100163842 -103.78805760000049
v -553631.7806386608 6541216.100163842 -103.78805760000049
v -553631.7806386608 6541216.100163842 -103.78805760000049
v -553631.7806386608 6541216.100163842 -103.78805760000049
v -553631.7806386608 6541216.100163842 -103.78805760000049
v -553631.7806386608 6541216.100163842 -103.78805760000049
v -553631.7806386608 6541216.100163842 -103.78805760000049
v -553631.7806386608 6541216.100163842 -103.78805760000049
v -553631.7806386608 6541216.100163842 -103.78805760000049
v -553631.7806386608 6541216.100163842 -103.78805760000049
v -553631.7806386608 6541216.100163842 -103.78805760000049
v -553631.7806386608 6541216.100163842 -103.78805760000049
v -553631.7806386608 6541216.100163842 -103.78805760000049
v -553631.7806386608 6541216.100163842 -103.78805760000049
v -553631.7806386608 6541216.100163842 -103.78805760000049
v -553631.7806386608 6541216.100163842 -103.78805760000049
v -553631.7806386608 6541216.100163842 -103.78805760000049
v -553631.7806386608 6541216.100163842 -103.78805760000049
v -553631.7806386608 6541216.100163842 -103.78805760000049
v -553631.7806386608 6541216.100163842 -103.78805760000049
v -553631.7806386608 6541216.100163842 -103.78805760000049
v -553631.7806386608 6541216.100163842 -103.78805760000049
v -553631.7806386608 6541216.100163842 -103.78805760000049
v -553631.7806386608 6541216.100163842 -103.78805760000049
v -553631.7806386608 6541216.100163842 -103.78805760000049
v -553631.7806386608 6541216.100163842 -103.78805760000049
v -553631.7806386608 6541216.100163842 -103.78805760000049
v -553631.7806386608 6541216.100163842 -103.78805760000049
v -553631.7806386608 6541216.100163842 -103.78805760000049
v -553631.7806386608 6541216.100163842 -103.78805760000049
v -553631.7806386608 6541216.100163842 -103.78805760000049
v -553631.7806386608 6541216.100163842 -103.78805760000049
v -553631.7806386608 6541216.100163842 -103.78805760000049
v -553631.7806386608 6541216.100163842 -103.78805760000049
v -553631.7806386608 6541216.100163842 -103.78805760000049
v -553631.7806386608 6541216.100163842 -103.78805760000049
v -553631.7806386608 6541216.100163842 -103.78805760000049
v -553631.7806386608 6541216.100163842 -103.78805760000049
v -553631.7806386608 6541216.100163842 -103.78805760000049
v -553631.7806386608 6541216.100163842 -103.78805760000049
v -553631.7806386608 6541216.100163842 -103.78805760000049
v -553631.7806386608 6541216.100163842 -103.78805760000049
v -553631.7806386608 6541216.100163842 -103.78805760000049
v -553631.7806386608 6541216.100163842 -103.78805760000049
v -553631.7806386608 6541216.100163842 -103.78805760000049
v -553631.7806386608 6541216.100163842 -103.78805760000049
v -553631.7806386608 6541216.100163842 -103.78805760000049
v -553631.7806386608 6541216.100163842 -103.78805760000049
v -553631.7806386608 6541216.100163842 -103.78805760000049
v -553631.7806386608 6541216.100163842 -103.78805760000049
v -553631.7806386608 6541216.100163842 -103.78805760000049
v -553631.7806386608 6541216.100163842 -103.78805760000049
v -553631.7806386608 6541216.100163842 -103.78805760000049
v -553631.7806386608 6541216.100163842 -103.78805760000049
v -553631.7806386608 6541216.100163842 -103.78805760000049
v -553631.7806386608 6541216.100163842 -103.78805760000049
v -553631.7806386608 6541216.100163842 -103.78805760000049
v -553631.7806386608 6541216.100163842 -103.78805760000049
v -553631.7806386608 6541216.100163842 -103.78805760000049
v -553631.7806386608 6541216.100163842 -103.78805760000049
v -553631.7806386608 6541216.100163842 -103.78805760000049
v -553631.7806386608 6541216.100163842 -103.78805760000049
v -553631.7806386608 6541216.100163842 -103.78805760000049
v -553631.7806386608 6541216.100163842 -103.78805760000049
v -553631.7806386608 6541216.100163842 -103.78805760000049
v -553631.7806386608 6541216.100163842 -103.78805760000049
v -553631.7806386608 6541216.100163842 -103.78805760000049
v -553631.7806386608 6541216.100163842 -103.78805760000049
v -553631.7806386608 6541216.100163842 -103.78805760000049
v -553631.7806386608 6541216.100163842 -103.78805760000049
v -553631.7806386608 6541216.100163842 -103.78805760000049
v -553631.7806386608 6541216.100163842 -103.78805760000049
v -553631.7806386608 6541216.100163842 -103.78805760000049
v -553631.7806386608 6541216.100163842 -103.78805760000049
v -553631.7806386608 6541216.100163842 -103.78805760000049
v -553631.7806386608 6541216.100163842 -103.78805760000049
v -553631.7806386608 6541216.100163842 -103.78805760000049
v -553631.7806386608 6541216.100163842 -103.78805760000049
v -553631.7806386608 6541216.100163842 -103.78805760000049
v -553631.7806386608 6541216.100163842 -103.78805760000049
v -553631.7806386608 6541216.100163842 -103.78805760000049
v -553631.7806386608 6541216.100163842 -103.78805760000049
v -553631.7806386608 6541216.100163842 -103.78805760000049
v -553631.7806386608 6541216.100163842 -103.78805760000049
v -553631.7806386608 6541216.100163842 -103.78805760000049
v -553631.7806386608 6541216.100163842 -103.78805760000049
v -553631.7806386608 6541216.100163842 -103.78805760000049
v -553631.7806386608 6541216.100163842 -103.78805760000049
v -553631.7806386608 6541216.100163842 -103.78805760000049
v -553631.7806386608 6541216.100163842 -103.78805760000049
v -553631.7806386608 6541216.100163842 -103.78805760000049
v -553631.7806386608 6541216.100163842 -103.78805760000049
v -553631.7806386608 6541216.100163842 -103.78805760000049
v -553631.7806386608 6541216.100163842 -103.78805760000049
v -553631.7806386608 6541216.100163842 -103.78805760000049
v -553631.7806386608 6541216.100163842 -103.78805760000049
v -553631.7806386608 6541216.100163842 -103.78805760000049
v -553631.7806386608 6541216.100163842 -103.78805760000049
v -553631.7806386608 6541216.100163842 -103.78805760000049
v -553631.7806386608 6541216.100163842 -103.78805760000049
v -553631.7806386608 6541216.100163842 -103.78805760000049
v -553631.7806386608 6541216.100163842 -103.78805760000049
v -553631.7806386608 6541216.100163842 -103.78805760000049
v -553631.7806386608 6541216.100163842 -103.78805760000049
v -553631.7806386608 6541216.100163842 -103.78805760000049
v -553631.7806386608 6541216.100163842 -103.78805760000049
v -553631.7806386608 6541216.100163842 -103.78805760000049
v -553631.7806386608 6541216.100163842 -103.78805760000049
v -553631.7806386608 6541216.100163842 -103.78805760000049
v -553631.7806386608 6541216.100163842 -103.78805760000049
v -553631.7806386608 6541216.100163842 -103.78805760000049
v -553631.7806386608 6541216.100163842 -103.78805760000049
v -553631.7806386608 6541216.100163842 -103.78805760000049
v -553631.7806386608 6541216.100163842 -103.78805760000049
v -553631.7806386608 6541216.100163842 -103.78805760000049
v -553631.7806386608 6541216.100163842 -103.78805760000049
v -553631.7806386608 6541216.100163842 -103.78805760000049
v -553631.7806386608 6541216.100163842 -103.78805760000049
v -553631.7806386608 6541216.100163842 -103.78805760000049
v -553631.7806386608 6541216.100163842 -103.78805760000049
v -553631.7806386608 6541216.100163842 -103.78805760000049
v -553631.7806386608 6541216.100163842 -103.78805760000049
v -553631.7806386608 6541216.100163842 -103.78805760000049
v -553631.7806386608 6541216.100163842 -103.78805760000049
v -553631.7806386608 6541216.100163842 -103.78805760000049
v -553631.7806386608 6541216.100163842 -103.78805760000049
v -553631.7806386608 6541216.100163842 -103.78805760000049
v -553631.7806386608 6541216.100163842 -103.78805760000049
v -553631.7806386608 6541216.100163842 -103.78805760000049
v -553631.7806386608 6541216.100163842 -103.78805760000049
v -553631.7806386608 6541216.100163842 -103.78805760000049
v -553631.7806386608 6541216.100163842 -103.78805760000049
v -553631.7806386608 6541216.100163842 -103.78805760000049
v -553631.7806386608 6541216.100163842 -103.78805760000049
v -553631.7806386608 6541216.100163842 -103.78805760000049
v -553631.7806386608 6541216.100163842 -103.78805760000049
v -553631.7806386608 6541216.100163842 -103.78805760000049
v -553631.7806386608 6541216.100163842 -103.78805760000049
v -553631.7806386608 6541216.100163842 -103.78805760000049
v -553631.7806386608 6541216.100163842 -103.78805760000049
v -553631.7806386608 6541216.100163842 -103.78805760000049
v -553631.7806386608 6541216.100163842 -103.78805760000049
v -553631.7806386608 6541216.100163842 -103.78805760000049
v -553631.7806386608 6541216.100163842 -103.78805760000049
v -553631.7806386608 6541216.100163842 -103.78805760000049
v -553631.7806386608 6541216.100163842 -103.78805760000049
v -553631.7806386608 6541216.100163842 -103.78805760000049
v -553631.7806386608 6541216.100163842 -103.78805760000049
v -553631.7806386608 6541216.100163842 -103.78805760000049
v -553631.7806386608 6541216.100163842 -103.78805760000049
v -553631.7806386608 6541216.100163842 -103.78805760000049
v -553631.7806386608 6541216.100163842 -103.78805760000049
v -553631.7806386608 6541216.100163842 -103.78805760000049
v -553631.7806386608 6541216.100163842 -103.78805760000049
v -553631.7806386608 6541216.100163842 -103.78805760000049
v -553631.7806386608 6541216.100163842 -103.78805760000049
v -553631.7806386608 6541216.100163842 -103.78805760000049
v -553631.7806386608 6541216.100163842 -103.78805760000049
v -553631.7806386608 6541216.100163842 -103.78805760000049
v -553631.7806386608 6541216.100163842 -103.78805760000049
v -553631.7806386608 6541216.100163842 -103.78805760000049
v -553631.7806386608 6541216.100163842 -103.78805760000049
v -553631.7806386608 6541216.100163842 -103.78805760000049
v -553631.7806386608 6541216.100163842 -103.78805760000049
v -553631.7806386608 6541216.100163842 -103.78805760000049
v -553631.7806386608 6541216.100163842 -103.78805760000049
v -553631.7806386608 6541216.100163842 -103.78805760000049
v -553631.7806386608 6541216.100163842 -103.78805760000049
v -553631.7806386608 6541216.100163842 -103.78805760000049
v -553631.7806386608 6541216.100163842 -103.78805760000049
v -553631.7806386608 6541216.100163842 -103.78805760000049
v -553631.7806386608 6541216.100163842 -103.78805760000049
v -553631.7806386608 6541216.100163842 -103.78805760000049
v -553631.7806386608 6541216.100163842 -103.78805760000049
v -553631.7806386608 6541216.100163842 -103.78805760000049
v -553631.7806386608 6541216.100163842 -103.78805760000049
v -553631.7806386608 6541216.100163842 -103.78805760000049
v -553631.7806386608 6541216.100163842 -103.78805760000049
v -553631.7806386608 6541216.100163842 -103.78805760000049
v -553631.7806386608 6541216.100163842 -103.78805760000049
v -553631.7806386608 6541216.100163842 -103.78805760000049
v -553631.7806386608 6541216.100163842 -103.78805760000049
v -553631.7806386608 6541216.100163842 -103.78805760000049
v -553631.7806386608 6541216.100163842 -103.78805760000049
v -553631.7806386608 6541216.100163842 -103.78805760000049
v -553631.7806386608 6541216.100163842 -103.78805760000049
v -553631.7806386608 6541216.100163842 -103.78805760000049
v -553631.7806386608 6541216.100163842 -103.78805760000049
v -553631.7806386608 6541216.100163842 -103.78805760000049
v -553631.7806386608 6541216.100163842 -103.78805760000049
v -553631.7806386608 6541216.100163842 -103.78805760000049
v -553631.7806386608 6541216.100163842 -103.78805760000049
v -553631.7806386608 6541216.100163842 -103.78805760000049
v -553631.7806386608 6541216.100163842 -103.78805760000049
v -553631.7806386608 6541216.100163842 -103.78805760000049
v -553631.7806386608 6541216.100163842 -103.78805760000049
v -553631.7806386608 6541216.100163842 -103.78805760000049
v -553631.7806386608 6541216.100163842 -103.78805760000049
v -553631.7806386608 6541216.100163842 -103.78805760000049
v -553631.7806386608 6541216.100163842 -103.78805760000049
v -553631.7806386608 6541216.100163842 -103.78805760000049
v -553631.7806386608 6541216.100163842 -103.78805760000049
v -553631.7806386608 6541216.100163842 -103.78805760000049
v -553631.7806386608 6541216.100163842 -103.78805760000049
v -553631.7806386608 6541216.100163842 -103.78805760000049
v -553631.7806386608 6541216.100163842 -103.78805760000049
v -553631.7806386608 6541216.100163842 -103.78805760000049
v -553631.7806386608 6541216.100163842 -103.78805760000049
v -553631.7806386608 6541216.100163842 -103.78805760000049
v -553631.7806386608 6541216.100163842 -103.78805760000049
v -553631.7806386608 6541216.100163842 -103.78805760000049
v -553631.7806386608 6541216.100163842 -103.78805760000049
v -553631.7806386608 6541216.100163842 -103.78805760000049
v -553631.7806386608 6541216.100163842 -103.78805760000049
v -553631.7806386608 6541216.100163842 -103.78805760000049
v -553653.6039983109 6541294.302114207 -103.9087584000005
v -553654.1928144183 6541294.081516825 -103.9087584000005
v -553654.950144618 6541293.910120563 -103.9087584000005
v -553655.6605745436 6541293.725030663 -103.9087584000005
v -553656.0791339041 6541293.454723205 -103.9087584000005
v -553656.8364642814 6541293.283327125 -103.9087584000005
v -553657.5937944811 6541293.111930863 -103.9087584000005
v -553657.6146125103 6541292.725494421 -103.9087584000005
v -553657.5120742882 6541292.303041683 -103.9087584000005
v -553657.4095359633 6541291.880589043 -103.9087584000005
v -553657.3069977404 6541291.458136303 -103.9087584000005
v -553657.2044596209 6541291.035683466 -103.9087584000005
v -553657.5097243191 6541290.732297276 -103.9087584000005
v -553658.2670546961 6541290.560901195 -103.9087584000005
v -553659.0243848959 6541290.389504933 -103.9087584000005
v -553659.7817149162 6541290.218108492 -103.9087584000005
v -553660.5390451151 6541290.046712231 -103.9087584000005
v -553661.2963754907 6541289.875316149 -103.9087584000005
v -553662.0537056905 6541289.703919887 -103.9087584000005
v -553662.8110357122 6541289.532523447 -103.9087584000005
v -553663.3741881874 6541289.304432958 -103.9087584000005
v -553663.9400253551 6541289.077126449 -103.9087584000005
v -553664.6973555549 6541288.905730187 -103.9087584000005
v -553665.4307643754 6541288.727349456 -103.9087584000005
v -553665.82634502 6541288.45033301 -103.9087584000005
v -553666.5836752194 6541288.278936748 -103.9087584000005
v -553667.3410052435 6541288.10754031 -103.9087584000005
v -553668.0983355165 6541287.936144125 -103.9087584000005
v -553668.8556658144 6541287.764747964 -103.9087584000005
v -553666.5276285645 6541286.692514477 -103.9087584000005
v -553667.0771876747 6541286.460454998 -103.9087584000005
v -553667.2709469233 6541286.124512471 -103.9087584000005
v -553668.0282772962 6541285.953116386 -103.9087584000005
v -553668.785607496 6541285.781720124 -103.9087584000005
v -553669.0312256413 6541285.460918756 -103.9087584000005
v -553668.9286874189 6541285.038466018 -103.9087584000005
v -553669.1292434357 6541284.704508075 -103.9087584000005
v -553669.8865736355 6541284.533111813 -103.9087584000005
v -553670.6439036602 6541284.361715375 -103.9087584000005
v -553670.8827253854 6541284.038929776 -103.9087584000005
v -553671.0015514357 6541283.681109068 -103.9087584000005
v -553671.7588816355 6541283.509712806 -103.9087584000005
v -553672.516211661 6541283.33831637 -103.9087584000005
v -553672.836763352 6541283.039393536 -103.9087584000005
v -553671.7168466436 6541282.319896103 -103.9087584000005
v -553672.4741768434 6541282.148499841 -103.9087584000005
v -553672.529148684 6541281.772035318 -103.9087584000005
v -553673.2174953782 6541281.580498012 -103.9087584000005
v -553673.9748255777 6541281.40910175 -103.9087584000005
v -553674.5857248728 6541281.194951816 -103.9087584000005
v -553674.4831866509 6541280.772499078 -103.9087584000005
v -553675.0898033783 6541280.557099006 -103.9087584000005
v -553675.8471335779 6541280.385702744 -103.9087584000005
v -553676.5397628397 6541280.195415575 -103.9087584000005
v -553676.4372245752 6541279.772962877 -103.9087584000005
v -553676.3346862964 6541279.350510192 -103.9087584000005
v -553675.7910869227 6541278.799280472 -103.9087584000005
v -553676.1296099499 6541278.50560462 -103.9087584000005
v -553676.5344052862 6541278.23127847 -103.9087584000005
v -553677.2917356557 6541278.059882382 -103.9087584000005
v -553678.0490658556 6541277.88848612 -103.9087584000005
v -553678.083647916 6541277.506068379 -103.9087584000005
v -553676.4783586308 6541276.644856199 -103.9087584000005
v -553677.2356890006 6541276.473460111 -103.9087584000005
v -553677.7760331507 6541276.238710256 -103.9087584000005
v -553677.9790073647 6541275.905458108 -103.9087584000005
v -553678.7363375641 6541275.734061847 -103.9087584000005
v -553679.4936679334 6541275.562665758 -103.9087584000005
v -553679.7300711174 6541275.239174015 -103.9087584000005
v -553679.6275329934 6541274.816721182 -103.9087584000005
v -553680.2229748038 6541274.59805836 -103.9087584000005
v -553680.9803050034 6541274.426662098 -103.9087584000005
v -553681.6841091813 6541274.239637679 -103.9087584000005
v -553679.2173801035 6541273.126910227 -103.9087584000005
v -553679.1148417831 6541272.704457583 -103.9087584000005
v -553679.3815746246 6541272.389821215 -103.9087584000005
v -553680.1389046524 6541272.21842478 -103.9087584000005
v -553680.896234851 6541272.047028519 -103.9087584000005
v -553681.0688797499 6541271.7049213415 -103.9087584000005
v -553680.9663414849 6541271.282468642 -103.9087584000005
v -553680.8638034024 6541270.8600157695 -103.9087584000005
v -553680.7612651803 6541270.437563031 -103.9087584000005
v -553680.6587268601 6541270.015110387 -103.9087584000005
v -553680.5561886373 6541269.592657647 -103.9087584000005
v -553680.4536505131 6541269.170204815 -103.9087584000005
v -553680.351112291 6541268.747752077 -103.9087584000005
v -553680.2485739705 6541268.3252994325 -103.9087584000005
v -553680.1460357477 6541267.902846693 -103.9087584000005
v -553680.0434976236 6541267.4803938605 -103.9087584000005
v -553679.9409594017 6541267.057941122 -103.9087584000005
v -553679.838421081 6541266.635488478 -103.9087584000005
v -553679.735882858 6541266.213035738 -103.9087584000005
v -553679.6333447344 6541265.7905829055 -103.9087584000005
v -553679.5308064137 6541265.368130262 -103.9087584000005
v -553679.4282681906 6541264.945677523 -103.9087584000005
v -553679.3257300673 6541264.523224689 -103.9087584000005
v -553679.2231918451 6541264.100771951 -103.9087584000005
v -553679.1206535241 6541263.678319307 -103.9087584000005
v -553679.0593063574 6541263.267893154 -103.9087584000005
v -553679.8166363839 6541263.096496718 -103.9087584000005
v -553680.5739665824 6541262.925100457 -103.9087584000005
v -553681.074691491 6541262.678783066 -103.9087584000005
v -553680.9721532678 6541262.256330326 -103.9087584000005
v -553680.8696151442 6541261.833877493 -103.9087584000005
v -553680.7670769219 6541261.411424754 -103.9087584000005
v -553680.6645386011 6541260.988972111 -103.9087584000005
v -553680.5620003355 6541260.566519412 -103.9087584000005
v -553680.4594622543 6541260.144066538 -103.9087584000005
v -553680.3569240322 6541259.7216138 -103.9087584000005
v -553680.8335327117 6541259.468255173 -103.9087584000005
v -553681.5908629115 6541259.296858911 -103.9087584000005
v -553682.3481929385 6541259.125462477 -103.9087584000005
v -553682.3109619986 6541258.722077559 -103.9087584000005
v -553682.2084236778 6541258.299624914 -103.9087584000005
v -553682.105885455 6541257.877172175 -103.9087584000005
v -553682.0033473313 6541257.454719342 -103.9087584000005
v -553681.9008091093 6541257.032266604 -103.9087584000005
v -553681.8784521947 6541256.63322459 -103.9087584000005
v -553682.6357823946 6541256.461828328 -103.9087584000005
v -553683.3931124215 6541256.290431893 -103.9087584000005
v -553683.854846977 6541256.032730456 -103.9087584000005
v -553683.7523087541 6541255.610277717 -103.9087584000005
v -553683.6497706304 6541255.187824884 -103.9087584000005
v -553683.5472324081 6541254.765372146 -103.9087584000005
v -553683.4446940876 6541254.3429195015 -103.9087584000005
v -553683.3421558645 6541253.920466762 -103.9087584000005
v -553683.239617741 6541253.498013929 -103.9087584000005
v -553683.1370795188 6541253.075561191 -103.9087584000005
v -553683.0345411979 6541252.653108547 -103.9087584000005
v -553683.6386668872 6541252.436981041 -103.9087584000005
v -553684.3959969144 6541252.265584606 -103.9087584000005
v -553685.0911174851 6541252.07602495 -103.9087584000005
v -553684.9885791648 6541251.653572306 -103.9087584000005
v -553684.8860408997 6541251.231119607 -103.9087584000005
v -553684.7835028179 6541250.808666733 -103.9087584000005
v -553684.6809645958 6541250.386213995 -103.9087584000005
v -553684.5784262749 6541249.963761351 -103.9087584000005
v -553684.4758880521 6541249.541308612 -103.9087584000005
v -553684.3733499284 6541249.118855779 -103.9087584000005
v -553684.6555628704 6541248.808739148 -103.9087584000005
v -553685.4128932403 6541248.63734306 -103.9087584000005
v -553686.17022344 6541248.465946798 -103.9087584000005
v -553686.3273878946 6541248.119319538 -103.9087584000005
v -553686.2248495742 6541247.696866893 -103.9087584000005
v -553686.1223113516 6541247.274414154 -103.9087584000005
v -553686.0197732279 6541246.851961321 -103.9087584000005
v -553685.9172350056 6541246.429508583 -103.9087584000005
v -553685.9172350056 6541246.429508583 -103.9087584000005
v -553685.9172350056 6541246.429508583 -103.9087584000005
v -553685.9172350056 6541246.429508583 -103.9087584000005
v -553685.9172350056 6541246.429508583 -103.9087584000005
v -553685.9172350056 6541246.429508583 -103.9087584000005
v -553685.9172350056 6541246.429508583 -103.9087584000005
v -553685.9172350056 6541246.429508583 -103.9087584000005
v -553685.9172350056 6541246.429508583 -103.9087584000005
v -553685.9172350056 6541246.429508583 -103.9087584000005
v -553685.9172350056 6541246.429508583 -103.9087584000005
v -553685.9172350056 6541246.429508583 -103.9087584000005
v -553685.9172350056 6541246.429508583 -103.9087584000005
v -553685.9172350056 6541246.429508583 -103.9087584000005
v -553685.9172350056 6541246.429508583 -103.9087584000005
v -553685.9172350056 6541246.429508583 -103.9087584000005
v -553685.9172350056 6541246.429508583 -103.9087584000005
v -553685.9172350056 6541246.429508583 -103.9087584000005
v -553685.9172350056 6541246.429508583 -103.9087584000005
v -553685.9172350056 6541246.429508583 -103.9087584000005
v -553685.9172350056 6541246.429508583 -103.9087584000005
v -553685.9172350056 6541246.429508583 -103.9087584000005
v -553685.9172350056 6541246.429508583 -103.9087584000005
v -553685.9172350056 6541246.429508583 -103.9087584000005
v -553685.9172350056 6541246.429508583 -103.9087584000005
v -553685.9172350056 6541246.429508583 -103.9087584000005
v -553685.9172350056 6541246.429508583 -103.9087584000005
v -553685.9172350056 6541246.429508583 -103.9087584000005
v -553685.9172350056 6541246.429508583 -103.9087584000005
v -553685.9172350056 6541246.429508583 -103.9087584000005
v -553685.9172350056 6541246.429508583 -103.9087584000005
v -553685.9172350056 6541246.429508583 -103.9087584000005
v -553685.9172350056 6541246.429508583 -103.9087584000005
v -553685.9172350056 6541246.429508583 -103.9087584000005
v -553685.9172350056 6541246.429508583 -103.9087584000005
v -553685.9172350056 6541246.429508583 -103.9087584000005
v -553685.9172350056 6541246.429508583 -103.9087584000005
v -553685.9172350056 6541246.429508583 -103.9087584000005
v -553685.9172350056 6541246.429508583 -103.9087584000005
v -553685.9172350056 6541246.429508583 -103.9087584000005
v -553685.9172350056 6541246.429508583 -103.9087584000005
v -553685.9172350056 6541246.429508583 -103.9087584000005
v -553685.9172350056 6541246.429508583 -103.9087584000005
v -553685.9172350056 6541246.429508583 -103.9087584000005
v -553685.9172350056 6541246.429508583 -103.9087584000005
v -553685.9172350056 6541246.429508583 -103.9087584000005
v -553685.9172350056 6541246.429508583 -103.9087584000005
v -553685.9172350056 6541246.429508583 -103.9087584000005
v -553685.9172350056 6541246.429508583 -103.9087584000005
v -553685.9172350056 6541246.429508583 -103.9087584000005
v -553685.9172350056 6541246.429508583 -103.9087584000005
v -553685.9172350056 6541246.429508583 -103.9087584000005
v -553685.9172350056 6541246.429508583 -103.9087584000005
v -553685.9172350056 6541246.429508583 -103.9087584000005
v -553685.9172350056 6541246.429508583 -103.9087584000005
v -553685.9172350056 6541246.429508583 -103.9087584000005
v -553685.9172350056 6541246.429508583 -103.9087584000005
v -553685.9172350056 6541246.429508583 -103.9087584000005
v -553685.9172350056 6541246.429508583 -103.9087584000005
v -553685.9172350056 6541246.429508583 -103.9087584000005
v -553685.9172350056 6541246.429508583 -103.9087584000005
v -553685.9172350056 6541246.429508583 -103.9087584000005
v -553685.9172350056 6541246.429508583 -103.9087584000005
v -553685.9172350056 6541246.429508583 -103.9087584000005
v -553685.9172350056 6541246.429508583 -103.9087584000005
v -553685.9172350056 6541246.429508583 -103.9087584000005
v -553685.9172350056 6541246.429508583 -103.9087584000005
v -553685.9172350056 6541246.429508583 -103.9087584000005
v -553685.9172350056 6541246.429508583 -103.9087584000005
v -553685.9172350056 6541246.429508583 -103.9087584000005
v -553685.9172350056 6541246.429508583 -103.9087584000005
v -553685.9172350056 6541246.429508583 -103.9087584000005
v -553685.9172350056 6541246.429508583 -103.9087584000005
v -553685.9172350056 6541246.429508583 -103.9087584000005
v -553685.9172350056 6541246.429508583 -103.9087584000005
v -553685.9172350056 6541246.429508583 -103.9087584000005
v -553685.9172350056 6541246.429508583 -103.9087584000005
v -553685.9172350056 6541246.429508583 -103.9087584000005
v -553685.9172350056 6541246.429508583 -103.9087584000005
v -553685.9172350056 6541246.429508583 -103.9087584000005
v -553685.9172350056 6541246.429508583 -103.9087584000005
v -553685.9172350056 6541246.429508583 -103.9087584000005
v -553685.9172350056 6541246.429508583 -103.9087584000005
v -553685.9172350056 6541246.429508583 -103.9087584000005
v -553685.9172350056 6541246.429508583 -103.9087584000005
v -553685.9172350056 6541246.429508583 -103.9087584000005
v -553685.9172350056 6541246.429508583 -103.9087584000005
v -553685.9172350056 6541246.429508583 -103.9087584000005
v -553685.9172350056 6541246.429508583 -103.9087584000005
v -553685.9172350056 6541246.429508583 -103.9087584000005
v -553685.9172350056 6541246.429508583 -103.9087584000005
v -553685.9172350056 6541246.429508583 -103.9087584000005
v -553685.9172350056 6541246.429508583 -103.9087584000005
v -553685.9172350056 6541246.429508583 -103.9087584000005
v -553685.9172350056 6541246.429508583 -103.9087584000005
v -553685.9172350056 6541246.429508583 -103.9087584000005
v -553685.9172350056 6541246.429508583 -103.9087584000005
v -553685.9172350056 6541246.429508583 -103.9087584000005
v -553685.9172350056 6541246.429508583 -103.9087584000005
v -553685.9172350056 6541246.429508583 -103.9087584000005
v -553685.9172350056 6541246.429508583 -103.9087584000005
v -553685.9172350056 6541246.429508583 -103.9087584000005
v -553685.9172350056 6541246.429508583 -103.9087584000005
v -553685.9172350056 6541246.429508583 -103.9087584000005
v -553685.9172350056 6541246.429508583 -103.9087584000005
v -553685.9172350056 6541246.429508583 -103.9087584000005
v -553685.9172350056 6541246.429508583 -103.9087584000005
v -553685.9172350056 6541246.429508583 -103.9087584000005
v -553685.9172350056 6541246.429508583 -103.9087584000005
v -553685.9172350056 6541246.429508583 -103.9087584000005
v -553685.9172350056 6541246.429508583 -103.9087584000005
v -553685.9172350056 6541246.429508583 -103.9087584000005
v -553685.9172350056 6541246.429508583 -103.9087584000005
v -553685.9172350056 6541246.429508583 -103.9087584000005
v -553685.9172350056 6541246.429508583 -103.9087584000005
v -553685.9172350056 6541246.429508583 -103.9087584000005
v -553685.9172350056 6541246.429508583 -103.9087584000005
v -553685.9172350056 6541246.429508583 -103.9087584000005
v -553685.9172350056 6541246.429508583 -103.9087584000005
v -553685.9172350056 6541246.429508583 -103.9087584000005
v -553685.9172350056 6541246.429508583 -103.9087584000005
v -553685.9172350056 6541246.429508583 -103.9087584000005
v -553685.9172350056 6541246.429508583 -103.9087584000005
v -553685.9172350056 6541246.429508583 -103.9087584000005
v -553685.9172350056 6541246.429508583 -103.9087584000005
v -553685.9172350056 6541246.429508583 -103.9087584000005
v -553685.9172350056 6541246.429508583 -103.9087584000005
v -553685.9172350056 6541246.429508583 -103.9087584000005
v -553685.9172350056 6541246.429508583 -103.9087584000005
v -553685.9172350056 6541246.429508583 -103.9087584000005
v -553685.9172350056 6541246.429508583 -103.9087584000005
v -553685.9172350056 6541246.429508583 -103.9087584000005
v -553685.9172350056 6541246.429508583 -103.9087584000005
v -553685.9172350056 6541246.429508583 -103.9087584000005
v -553685.9172350056 6541246.429508583 -103.9087584000005
v -553685.9172350056 6541246.429508583 -103.9087584000005
v -553685.9172350056 6541246.429508583 -103.9087584000005
v -553685.9172350056 6541246.429508583 -103.9087584000005
v -553685.9172350056 6541246.429508583 -103.9087584000005
v -553685.9172350056 6541246.429508583 -103.9087584000005
v -553685.9172350056 6541246.429508583 -103.9087584000005
v -553685.9172350056 6541246.429508583 -103.9087584000005
v -553685.9172350056 6541246.429508583 -103.9087584000005
v -553685.9172350056 6541246.429508583 -103.9087584000005
v -553685.9172350056 6541246.429508583 -103.9087584000005
v -553685.9172350056 6541246.429508583 -103.9087584000005
v -553685.9172350056 6541246.429508583 -103.9087584000005
v -553685.9172350056 6541246.429508583 -103.9087584000005
v -553685.9172350056 6541246.429508583 -103.9087584000005
v -553685.9172350056 6541246.429508583 -103.9087584000005
v -553685.9172350056 6541246.429508583 -103.9087584000005
v -553685.9172350056 6541246.429508583 -103.9087584000005
v -553685.9172350056 6541246.429508583 -103.9087584000005
v -553685.9172350056 6541246.429508583 -103.9087584000005
v -553685.9172350056 6541246.429508583 -103.9087584000005
v -553685.9172350056 6541246.429508583 -103.9087584000005
v -553685.9172350056 6541246.429508583 -103.9087584000005
v -553685.9172350056 6541246.429508583 -103.9087584000005
v -553685.9172350056 6541246.429508583 -103.9087584000005
v -553685.9172350056 6541246.429508583 -103.9087584000005
v -553685.9172350056 6541246.429508583 -103.9087584000005
v -553685.9172350056 6541246.429508583 -103.9087584000005
v -553685.9172350056 6541246.429508583 -103.9087584000005
v -553685.9172350056 6541246.429508583 -103.9087584000005
v -553685.9172350056 6541246.429508583 -103.9087584000005
v -553685.9172350056 6541246.429508583 -103.9087584000005
v -553685.9172350056 6541246.429508583 -103.9087584000005
v -553685.9172350056 6541246.429508583 -103.9087584000005
v -553685.9172350056 6541246.429508583 -103.9087584000005
v -553685.9172350056 6541246.429508583 -103.9087584000005
v -553685.9172350056 6541246.429508583 -103.9087584000005
v -553685.9172350056 6541246.429508583 -103.9087584000005
v -553685.9172350056 6541246.429508583 -103.9087584000005
v -553685.9172350056 6541246.429508583 -103.9087584000005
v -553685.9172350056 6541246.429508583 -103.9087584000005
v -553685.9172350056 6541246.429508583 -103.9087584000005
v -553685.9172350056 6541246.429508583 -103.9087584000005
v -553685.9172350056 6541246.429508583 -103.9087584000005
v -553685.9172350056 6541246.429508583 -103.9087584000005
v -553685.9172350056 6541246.429508583 -103.9087584000005
v -553685.9172350056 6541246.429508583 -103.9087584000005
v -553685.9172350056 6541246.429508583 -103.9087584000005
v -553685.9172350056 6541246.429508583 -103.9087584000005
v -553685.9172350056 6541246.429508583 -103.9087584000005
v -553685.9172350056 6541246.429508583 -103.9087584000005
v -553685.9172350056 6541246.429508583 -103.9087584000005
v -553685.9172350056 6541246.429508583 -103.9087584000005
v -553685.9172350056 6541246.429508583 -103.9087584000005
v -553685.9172350056 6541246.429508583 -103.9087584000005
v -553685.9172350056 6541246.429508583 -103.9087584000005
v -553685.9172350056 6541246.429508583 -103.9087584000005
v -553685.9172350056 6541246.429508583 -103.9087584000005
v -553685.9172350056 6541246.429508583 -103.9087584000005
v -553685.9172350056 6541246.429508583 -103.9087584000005
v -553685.9172350056 6541246.429508583 -103.9087584000005
v -553685.9172350056 6541246.429508583 -103.9087584000005
v -553685.9172350056 6541246.429508583 -103.9087584000005
v -553685.9172350056 6541246.429508583 -103.9087584000005
v -553685.9172350056 6541246.429508583 -103.9087584000005
v -553685.9172350056 6541246.429508583 -103.9087584000005
v -553685.9172350056 6541246.429508583 -103.9087584000005
v -553685.9172350056 6541246.429508583 -103.9087584000005
v -553685.9172350056 6541246.429508583 -103.9087584000005
v -553685.9172350056 6541246.429508583 -103.9087584000005
v -553685.9172350056 6541246.429508583 -103.9087584000005
v -553685.9172350056 6541246.429508583 -103.9087584000005
v -553685.9172350056 6541246.429508583 -103.9087584000005
v -553685.9172350056 6541246.429508583 -103.9087584000005
v -553685.9172350056 6541246.429508583 -103.9087584000005
v -553685.9172350056 6541246.429508583 -103.9087584000005
v -553685.9172350056 6541246.429508583 -103.9087584000005
v -553685.9172350056 6541246.429508583 -103.9087584000005
v -553685.9172350056 6541246.429508583 -103.9087584000005
v -553685.9172350056 6541246.429508583 -103.9087584000005
v -553685.9172350056 6541246.429508583 -103.9087584000005
v -553685.9172350056 6541246.429508583 -103.9087584000005
v -553685.9172350056 6541246.429508583 -103.9087584000005
v -553685.9172350056 6541246.429508583 -103.9087584000005
v -553685.9172350056 6541246.429508583 -103.9087584000005
v -553685.9172350056 6541246.429508583 -103.9087584000005
v -553685.9172350056 6541246.429508583 -103.9087584000005
v -553685.9172350056 6541246.429508583 -103.9087584000005
v -553685.9172350056 6541246.429508583 -103.9087584000005
v -553685.9172350056 6541246.429508583 -103.9087584000005
v -553685.9172350056 6541246.429508583 -103.9087584000005
v -553685.9172350056 6541246.429508583 -103.9087584000005
v -553685.9172350056 6541246.429508583 -103.9087584000005
v -553685.9172350056 6541246.429508583 -103.9087584000005
v -553685.9172350056 6541246.429508583 -103.9087584000005
v -553685.9172350056 6541246.429508583 -103.9087584000005
v -553685.9172350056 6541246.429508583 -103.9087584000005
v -553685.9172350056 6541246.429508583 -103.9087584000005
v -553685.9172350056 6541246.429508583 -103.9087584000005
v -553685.9172350056 6541246.429508583 -103.9087584000005
v -553685.9172350056 6541246.429508583 -103.9087584000005
v -553685.9172350056 6541246.429508583 -103.9087584000005
v -553685.9172350056 6541246.429508583 -103.9087584000005
v -553685.9172350056 6541246.429508583 -103.9087584000005
v -553685.9172350056 6541246.429508583 -103.9087584000005
v -553685.9172350056 6541246.429508583 -103.9087584000005
v -553685.9172350056 6541246.429508583 -103.9087584000005
v -553685.9172350056 6541246.429508583 -103.9087584000005
v -553685.9172350056 6541246.429508583 -103.9087584000005
v -553685.9172350056 6541246.429508583 -103.9087584000005
v -553685.9172350056 6541246.429508583 -103.9087584000005
v -553685.9172350056 6541246.429508583 -103.9087584000005
v -553685.9172350056 6541246.429508583 -103.9087584000005
v -553685.9172350056 6541246.429508583 -103.9087584000005
v -553685.9172350056 6541246.429508583 -103.9087584000005
v -553685.9172350056 6541246.429508583 -103.9087584000005
v -553685.9172350056 6541246.429508583 -103.9087584000005
v -553685.9172350056 6541246.429508583 -103.9087584000005
v -553685.9172350056 6541246.429508583 -103.9087584000005
v -553685.9172350056 6541246.429508583 -103.9087584000005
v -553689.0668611531 6541304.656234905 -103.9416768000005
v -553688.9643228777 6541304.233782218 -103.9416768000005
v -553688.117844702 6541303.59412073 -103.9416768000005
v -553688.7592465255 6541303.3888766505 -103.9416768000005
v -553688.6567083037 6541302.966423912 -103.9416768000005
v -553688.5541699883 6541302.543971263 -103.9416768000005
v -553688.451631765 6541302.121518523 -103.9416768000005
v -553688.349093636 6541301.699065696 -103.9416768000005
v -553688.2465554143 6541301.276612957 -103.9416768000005
v -553688.7911049168 6541301.0430910615 -103.9416768000005
v -553689.5484351165 6541300.871694799 -103.9416768000005
v -553690.3031316024 6541300.699529454 -103.9416768000005
v -553690.2005933804 6541300.277076716 -103.9416768000005
v -553690.0980550651 6541299.8546240665 -103.9416768000005
v -553689.9955168422 6541299.432171327 -103.9416768000005
v -553690.2497184979 6541299.113876103 -103.9416768000005
v -553691.0070486967 6541298.942479841 -103.9416768000005
v -553691.7643790564 6541298.771083743 -103.9416768000005
v -553691.9495548091 6541298.432635086 -103.9416768000005
v -553691.8470166795 6541298.010182258 -103.9416768000005
v -553691.7444784574 6541297.58772952 -103.9416768000005
v -553691.6419401423 6541297.16527687 -103.9416768000005
v -553691.5394019196 6541296.742824131 -103.9416768000005
v -553692.0659798445 6541296.504054826 -103.9416768000005
v -553692.8233102043 6541296.332658728 -103.9416768000005
v -553693.5806404038 6541296.161262466 -103.9416768000005
v -553693.4934399782 6541295.7432878 -103.9416768000005
v -553692.7812751204 6541295.1428419305 -103.9416768000005
v -553693.2883634414 6541294.898382412 -103.9416768000005
v -553693.1858252187 6541294.475929673 -103.9416768000005
v -553693.083287089 6541294.053476846 -103.9416768000005
v -553692.9807488669 6541293.631024107 -103.9416768000005
v -553692.8782105516 6541293.208571457 -103.9416768000005
v -553692.775672329 6541292.786118718 -103.9416768000005
v -553692.6731341997 6541292.363665891 -103.9416768000005
v -553692.5705959776 6541291.941213152 -103.9416768000005
v -553692.4680576622 6541291.518760503 -103.9416768000005
v -553692.3655194393 6541291.096307764 -103.9416768000005
v -553692.6271467501 6541290.7801806135 -103.9416768000005
v -553693.3844769489 6541290.608784352 -103.9416768000005
v -553694.1418073087 6541290.437388254 -103.9416768000005
v -553694.3195574061 6541290.0967715215 -103.9416768000005
v -553692.5711000946 6541289.1937583415 -103.9416768000005
v -553693.3284302935 6541289.02236208 -103.9416768000005
v -553694.0119427391 6541288.829413307 -103.9416768000005
v -553693.9094045162 6541288.406960567 -103.9416768000005
v -553693.8068663867 6541287.98450774 -103.9416768000005
v -553692.8867128687 6541287.32333532 -103.9416768000005
v -553693.6017898491 6541287.139602351 -103.9416768000005
v -553693.4992517201 6541286.717149524 -103.9416768000005
v -553693.3967134978 6541286.2946967855 -103.9416768000005
v -553693.2941751826 6541285.872244136 -103.9416768000005
v -553693.1916369594 6541285.449791397 -103.9416768000005
v -553693.0890988307 6541285.027338569 -103.9416768000005
v -553692.9865605683 6541284.604885869 -103.9416768000005
v -553692.8840222926 6541284.182433181 -103.9416768000005
v -553692.7814840698 6541283.759980442 -103.9416768000005
v -553692.6789459409 6541283.337527614 -103.9416768000005
v -553692.5764077189 6541282.915074876 -103.9416768000005
v -553692.7185729044 6541282.564068506 -103.9416768000005
v -553693.4759031042 6541282.392672244 -103.9416768000005
v -553694.23323314 6541282.2212758185 -103.9416768000005
v -553694.5304456849 6541281.915538634 -103.9416768000005
v -553694.4279073694 6541281.493085985 -103.9416768000005
v -553694.3253691467 6541281.070633246 -103.9416768000005
v -553694.2228310176 6541280.648180418 -103.9416768000005
v -553694.1202927955 6541280.225727679 -103.9416768000005
v -553692.6064795943 6541279.391223963 -103.9416768000005
v -553693.363809794 6541279.219827701 -103.9416768000005
v -553693.8126781279 6541278.958369463 -103.9416768000005
v -553693.7101398126 6541278.535916815 -103.9416768000005
v -553693.6076015896 6541278.113464075 -103.9416768000005
v -553693.5050634613 6541277.691011246 -103.9416768000005
v -553693.402525239 6541277.268558509 -103.9416768000005
v -553693.2999869229 6541276.84610586 -103.9416768000005
v -553693.1974486997 6541276.42365312 -103.9416768000005
v -553693.0949105717 6541276.001200292 -103.9416768000005
v -553692.9923723494 6541275.578747554 -103.9416768000005
v -553692.8898340331 6541275.156294906 -103.9416768000005
v -553693.5953524936 6541274.969771178 -103.9416768000005
v -553694.3526824584 6541274.798374681 -103.9416768000005
v -553694.9464103156 6541274.579211312 -103.9416768000005
v -553694.7103302251 6541274.117768364 -103.9416768000005
v -553694.7413337767 6541273.734305924 -103.9416768000005
v -553694.6387956484 6541273.311853096 -103.9416768000005
v -553694.5362574261 6541272.889400357 -103.9416768000005
v -553694.4337191099 6541272.466947709 -103.9416768000005
v -553694.3311808871 6541272.04449497 -103.9416768000005
v -553694.228642759 6541271.622042141 -103.9416768000005
v -553694.126104537 6541271.199589402 -103.9416768000005
v -553694.5982369148 6541270.944923821 -103.9416768000005
v -553695.3555671147 6541270.773527559 -103.9416768000005
v -553696.1128971498 6541270.602131133 -103.9416768000005
v -553696.0801424093 6541270.200053251 -103.9416768000005
v -553695.9776041863 6541269.777600512 -103.9416768000005
v -553695.875066058 6541269.355147683 -103.9416768000005
v -553695.7725278358 6541268.932694945 -103.9416768000005
v -553695.6699895199 6541268.510242296 -103.9416768000005
v -553695.5674512967 6541268.087789557 -103.9416768000005
v -553695.4649131687 6541267.665336728 -103.9416768000005
v -553695.3623749464 6541267.24288399 -103.9416768000005
v -553695.2598366302 6541266.820431342 -103.9416768000005
v -553695.1572984072 6541266.397978603 -103.9416768000005
v -553695.0547602794 6541265.975525774 -103.9416768000005
v -553694.9522220572 6541265.553073036 -103.9416768000005
v -553694.8496837406 6541265.130620387 -103.9416768000005
v -553695.5310631592 6541264.937048765 -103.9416768000005
v -553696.2883931234 6541264.765652267 -103.9416768000005
v -553696.906260023 6541264.553536794 -103.9416768000005
v -553696.8037217067 6541264.131084145 -103.9416768000005
v -553695.8606873655 6541263.463231076 -103.9416768000005
v -553696.5986453557 6541263.286178578 -103.9416768000005
v -553696.4961071338 6541262.863725839 -103.9416768000005
v -553696.3935688173 6541262.441273191 -103.9416768000005
v -553696.2910305944 6541262.018820452 -103.9416768000005
v -553696.1884924665 6541261.596367623 -103.9416768000005
v -553696.0859542445 6541261.173914884 -103.9416768000005
v -553695.9834159277 6541260.751462237 -103.9416768000005
v -553695.8808777048 6541260.329009497 -103.9416768000005
v -553695.778339577 6541259.906556668 -103.9416768000005
v -553695.6758012603 6541259.4841040205 -103.9416768000005
v -553695.5732630374 6541259.061651281 -103.9416768000005
v -553695.47072491 6541258.639198451 -103.9416768000005
v -553695.3681866878 6541258.216745713 -103.9416768000005
v -553695.2656483707 6541257.794293066 -103.9416768000005
v -553695.1631101476 6541257.371840326 -103.9416768000005
v -553695.0605720205 6541256.949387496 -103.9416768000005
v -553694.9580337983 6541256.526934759 -103.9416768000005
v -553694.8554954809 6541256.104482112 -103.9416768000005
v -553694.7529572579 6541255.682029372 -103.9416768000005
v -553694.8091120623 6541255.3059102455 -103.9416768000005
v -553695.5664422609 6541255.134513984 -103.9416768000005
v -553696.3237726248 6541254.96311789 -103.9416768000005
v -553696.7069951838 6541254.682493169 -103.9416768000005
v -553696.604457097 6541254.260040301 -103.9416768000005
v -553696.5019188749 6541253.837587562 -103.9416768000005
v -553696.3993805578 6541253.415134915 -103.9416768000005
v -553696.2968423349 6541252.992682176 -103.9416768000005
v -553696.1943042077 6541252.570229346 -103.9416768000005
v -553696.0917659856 6541252.147776607 -103.9416768000005
v -553695.9892276681 6541251.72532396 -103.9416768000005
v -553695.8866894452 6541251.302871221 -103.9416768000005
v -553695.7841513183 6541250.880418391 -103.9416768000005
v -553695.6816130008 6541250.457965744 -103.9416768000005
v -553695.5790747777 6541250.035513004 -103.9416768000005
v -553695.476536651 6541249.613060175 -103.9416768000005
v -553695.373998429 6541249.190607436 -103.9416768000005
v -553695.2714601113 6541248.76815479 -103.9416768000005
v -553695.1689218882 6541248.34570205 -103.9416768000005
v -553695.0663837618 6541247.92324922 -103.9416768000005
v -553694.9638455395 6541247.500796481 -103.9416768000005
v -553694.8613072215 6541247.078343835 -103.9416768000005
v -553694.7587689984 6541246.655891095 -103.9416768000005
v -553694.6562308723 6541246.2334382655 -103.9416768000005
v -553694.55369265 6541245.810985527 -103.9416768000005
v -553694.4511543318 6541245.388532881 -103.9416768000005
v -553694.4448089703 6541244.994165649 -103.9416768000005
v -553694.4448089703 6541244.994165649 -103.9416768000005
v -553694.4448089703 6541244.994165649 -103.9416768000005
v -553694.4448089703 6541244.994165649 -103.9416768000005
v -553694.4448089703 6541244.994165649 -103.9416768000005
v -553694.4448089703 6541244.994165649 -103.9416768000005
v -553694.4448089703 6541244.994165649 -103.9416768000005
v -553694.4448089703 6541244.994165649 -103.9416768000005
v -553694.4448089703 6541244.994165649 -103.9416768000005
v -553694.4448089703 6541244.994165649 -103.9416768000005
v -553694.4448089703 6541244.994165649 -103.9416768000005
v -553694.4448089703 6541244.994165649 -103.9416768000005
v -553694.4448089703 6541244.994165649 -103.9416768000005
v -553694.4448089703 6541244.994165649 -103.9416768000005
v -553694.4448089703 6541244.994165649 -103.9416768000005
v -553694.4448089703 6541244.994165649 -103.9416768000005
v -553694.4448089703 6541244.994165649 -103.9416768000005
v -553694.4448089703 6541244.994165649 -103.9416768000005
v -553694.4448089703 6541244.994165649 -103.9416768000005
v -553694.4448089703 6541244.994165649 -103.9416768000005
v -553694.4448089703 6541244.994165649 -103.9416768000005
v -553694.4448089703 6541244.994165649 -103.9416768000005
v -553694.4448089703 6541244.994165649 -103.9416768000005
v -553694.4448089703 6541244.994165649 -103.9416768000005
v -553694.4448089703 6541244.994165649 -103.9416768000005
v -553694.4448089703 6541244.994165649 -103.9416768000005
v -553694.4448089703 6541244.994165649 -103.9416768000005
v -553694.4448089703 6541244.994165649 -103.9416768000005
v -553694.4448089703 6541244.994165649 -103.9416768000005
v -553694.4448089703 6541244.994165649 -103.9416768000005
v -553694.4448089703 6541244.994165649 -103.9416768000005
v -553694.4448089703 6541244.994165649 -103.9416768000005
v -553694.4448089703 6541244.994165649 -103.9416768000005
v -553694.4448089703 6541244.994165649 -103.9416768000005
v -553694.4448089703 6541244.994165649 -103.9416768000005
v -553694.4448089703 6541244.994165649 -103.9416768000005
v -553694.4448089703 6541244.994165649 -103.9416768000005
v -553694.4448089703 6541244.994165649 -103.9416768000005
v -553694.4448089703 6541244.994165649 -103.9416768000005
v -553694.4448089703 6541244.994165649 -103.9416768000005
v -553694.4448089703 6541244.994165649 -103.9416768000005
v -553694.4448089703 6541244.994165649 -103.9416768000005
v -553694.4448089703 6541244.994165649 -103.9416768000005
v -553694.4448089703 6541244.994165649 -103.9416768000005
v -553694.4448089703 6541244.994165649 -103.9416768000005
v -553694.4448089703 6541244.994165649 -103.9416768000005
v -553694.4448089703 6541244.994165649 -103.9416768000005
v -553694.4448089703 6541244.994165649 -103.9416768000005
v -553694.4448089703 6541244.994165649 -103.9416768000005
v -553694.4448089703 6541244.994165649 -103.9416768000005
v -553694.4448089703 6541244.994165649 -103.9416768000005
v -553694.4448089703 6541244.994165649 -103.9416768000005
v -553694.4448089703 6541244.994165649 -103.9416768000005
v -553694.4448089703 6541244.994165649 -103.9416768000005
v -553694.4448089703 6541244.994165649 -103.9416768000005
v -553694.4448089703 6541244.994165649 -103.9416768000005
v -553694.4448089703 6541244.994165649 -103.9416768000005
v -553694.4448089703 6541244.994165649 -103.9416768000005
v -553694.4448089703 6541244.994165649 -103.9416768000005
v -553694.4448089703 6541244.994165649 -103.9416768000005
v -553694.4448089703 6541244.994165649 -103.9416768000005
v -553694.4448089703 6541244.994165649 -103.9416768000005
v -553694.4448089703 6541244.994165649 -103.9416768000005
v -553694.4448089703 6541244.994165649 -103.9416768000005
v -553694.4448089703 6541244.994165649 -103.9416768000005
v -553694.4448089703 6541244.994165649 -103.9416768000005
v -553694.4448089703 6541244.994165649 -103.9416768000005
v -553694.4448089703 6541244.994165649 -103.9416768000005
v -553694.4448089703 6541244.994165649 -103.9416768000005
v -553694.4448089703 6541244.994165649 -103.9416768000005
v -553694.4448089703 6541244.994165649 -103.9416768000005
v -553694.4448089703 6541244.994165649 -103.9416768000005
v -553694.4448089703 6541244.994165649 -103.9416768000005
v -553694.4448089703 6541244.994165649 -103.9416768000005
v -553694.4448089703 6541244.994165649 -103.9416768000005
v -553694.4448089703 6541244.994165649 -103.9416768000005
v -553694.4448089703 6541244.994165649 -103.9416768000005
v -553694.4448089703 6541244.994165649 -103.9416768000005
v -553694.4448089703 6541244.994165649 -103.9416768000005
v -553694.4448089703 6541244.994165649 -103.9416768000005
v -553694.4448089703 6541244.994165649 -103.9416768000005
v -553694.4448089703 6541244.994165649 -103.9416768000005
v -553694.4448089703 6541244.994165649 -103.9416768000005
v -553694.4448089703 6541244.994165649 -103.9416768000005
v -553694.4448089703 6541244.994165649 -103.9416768000005
v -553694.4448089703 6541244.994165649 -103.9416768000005
v -553694.4448089703 6541244.994165649 -103.9416768000005
v -553694.4448089703 6541244.994165649 -103.9416768000005
v -553694.4448089703 6541244.994165649 -103.9416768000005
v -553694.4448089703 6541244.994165649 -103.9416768000005
v -553694.4448089703 6541244.994165649 -103.9416768000005
v -553694.4448089703 6541244.994165649 -103.9416768000005
v -553694.4448089703 6541244.994165649 -103.9416768000005
v -553694.4448089703 6541244.994165649 -103.9416768000005
v -553694.4448089703 6541244.994165649 -103.9416768000005
v -553694.4448089703 6541244.994165649 -103.9416768000005
v -553694.4448089703 6541244.994165649 -103.9416768000005
v -553694.4448089703 6541244.994165649 -103.9416768000005
v -553694.4448089703 6541244.994165649 -103.9416768000005
v -553694.4448089703 6541244.994165649 -103.9416768000005
v -553694.4448089703 6541244.994165649 -103.9416768000005
v -553694.4448089703 6541244.994165649 -103.9416768000005
v -553694.4448089703 6541244.994165649 -103.9416768000005
v -553694.4448089703 6541244.994165649 -103.9416768000005
v -553694.4448089703 6541244.994165649 -103.9416768000005
v -553694.4448089703 6541244.994165649 -103.9416768000005
v -553694.4448089703 6541244.994165649 -103.9416768000005
v -553694.4448089703 6541244.994165649 -103.9416768000005
v -553694.4448089703 6541244.994165649 -103.9416768000005
v -553694.4448089703 6541244.994165649 -103.9416768000005
v -553694.4448089703 6541244.994165649 -103.9416768000005
v -553694.4448089703 6541244.994165649 -103.9416768000005
v -553694.4448089703 6541244.994165649 -103.9416768000005
v -553694.4448089703 6541244.994165649 -103.9416768000005
v -553694.4448089703 6541244.994165649 -103.9416768000005
v -553694.4448089703 6541244.994165649 -103.9416768000005
v -553694.4448089703 6541244.994165649 -103.9416768000005
v -553694.4448089703 6541244.994165649 -103.9416768000005
v -553694.4448089703 6541244.994165649 -103.9416768000005
v -553694.4448089703 6541244.994165649 -103.9416768000005
v -553694.4448089703 6541244.994165649 -103.9416768000005
v -553694.4448089703 6541244.994165649 -103.9416768000005
v -553694.4448089703 6541244.994165649 -103.9416768000005
v -553694.4448089703 6541244.994165649 -103.9416768000005
v -553694.4448089703 6541244.994165649 -103.9416768000005
v -553694.4448089703 6541244.994165649 -103.9416768000005
v -553694.4448089703 6541244.994165649 -103.9416768000005
v -553694.4448089703 6541244.994165649 -103.9416768000005
v -553694.4448089703 6541244.994165649 -103.9416768000005
v -553694.4448089703 6541244.994165649 -103.9416768000005
v -553694.4448089703 6541244.994165649 -103.9416768000005
v -553694.4448089703 6541244.994165649 -103.9416768000005
v -553694.4448089703 6541244.994165649 -103.9416768000005
v -553694.4448089703 6541244.994165649 -103.9416768000005
v -553694.4448089703 6541244.994165649 -103.9416768000005
v -553694.4448089703 6541244.994165649 -103.9416768000005
v -553694.4448089703 6541244.994165649 -103.9416768000005
v -553694.4448089703 6541244.994165649 -103.9416768000005
v -553694.4448089703 6541244.994165649 -103.9416768000005
v -553694.4448089703 6541244.994165649 -103.9416768000005
v -553694.4448089703 6541244.994165649 -103.9416768000005
v -553694.4448089703 6541244.994165649 -103.9416768000005
v -553694.4448089703 6541244.994165649 -103.9416768000005
v -553694.4448089703 6541244.994165649 -103.9416768000005
v -553694.4448089703 6541244.994165649 -103.9416768000005
v -553694.4448089703 6541244.994165649 -103.9416768000005
v -553694.4448089703 6541244.994165649 -103.9416768000005
v -553694.4448089703 6541244.994165649 -103.9416768000005
v -553694.4448089703 6541244.994165649 -103.9416768000005
v -553694.4448089703 6541244.994165649 -103.9416768000005
v -553694.4448089703 6541244.994165649 -103.9416768000005
v -553694.4448089703 6541244.994165649 -103.9416768000005
v -553694.4448089703 6541244.994165649 -103.9416768000005
v -553694.4448089703 6541244.994165649 -103.9416768000005
v -553694.4448089703 6541244.994165649 -103.9416768000005
v -553694.4448089703 6541244.994165649 -103.9416768000005
v -553694.4448089703 6541244.994165649 -103.9416768000005
v -553694.4448089703 6541244.994165649 -103.9416768000005
v -553694.4448089703 6541244.994165649 -103.9416768000005
v -553694.4448089703 6541244.994165649 -103.9416768000005
v -553694.4448089703 6541244.994165649 -103.9416768000005
v -553694.4448089703 6541244.994165649 -103.9416768000005
v -553694.4448089703 6541244.994165649 -103.9416768000005
v -553694.4448089703 6541244.994165649 -103.9416768000005
v -553694.4448089703 6541244.994165649 -103.9416768000005
v -553694.4448089703 6541244.994165649 -103.9416768000005
v -553694.4448089703 6541244.994165649 -103.9416768000005
v -553694.4448089703 6541244.994165649 -103.9416768000005
v -553694.4448089703 6541244.994165649 -103.9416768000005
v -553694.4448089703 6541244.994165649 -103.9416768000005
v -553694.4448089703 6541244.994165649 -103.9416768000005
v -553694.4448089703 6541244.994165649 -103.9416768000005
v -553694.4448089703 6541244.994165649 -103.9416768000005
v -553694.4448089703 6541244.994165649 -103.9416768000005
v -553694.4448089703 6541244.994165649 -103.9416768000005
v -553694.4448089703 6541244.994165649 -103.9416768000005
v -553694.4448089703 6541244.994165649 -103.9416768000005
v -553694.4448089703 6541244.994165649 -103.9416768000005
v -553694.4448089703 6541244.994165649 -103.9416768000005
v -553694.4448089703 6541244.994165649 -103.9416768000005
v -553694.4448089703 6541244.994165649 -103.9416768000005
v -553694.4448089703 6541244.994165649 -103.9416768000005
v -553694.4448089703 6541244.994165649 -103.9416768000005
v -553694.4448089703 6541244.994165649 -103.9416768000005
v -553694.4448089703 6541244.994165649 -103.9416768000005
v -553694.4448089703 6541244.994165649 -103.9416768000005
v -553694.4448089703 6541244.994165649 -103.9416768000005
v -553694.4448089703 6541244.994165649 -103.9416768000005
v -553694.4448089703 6541244.994165649 -103.9416768000005
v -553694.4448089703 6541244.994165649 -103.9416768000005
v -553694.4448089703 6541244.994165649 -103.9416768000005
v -553694.4448089703 6541244.994165649 -103.9416768000005
v -553694.4448089703 6541244.994165649 -103.9416768000005
v -553694.4448089703 6541244.994165649 -103.9416768000005
v -553694.4448089703 6541244.994165649 -103.9416768000005
v -553694.4448089703 6541244.994165649 -103.9416768000005
v -553694.4448089703 6541244.994165649 -103.9416768000005
v -553694.4448089703 6541244.994165649 -103.9416768000005
v -553694.4448089703 6541244.994165649 -103.9416768000005
v -553694.4448089703 6541244.994165649 -103.9416768000005
v -553694.4448089703 6541244.994165649 -103.9416768000005
v -553694.4448089703 6541244.994165649 -103.9416768000005
v -553694.4448089703 6541244.994165649 -103.9416768000005
v -553694.4448089703 6541244.994165649 -103.9416768000005
v -553694.4448089703 6541244.994165649 -103.9416768000005
v -553694.4448089703 6541244.994165649 -103.9416768000005
v -553694.4448089703 6541244.994165649 -103.9416768000005
v -553694.4448089703 6541244.994165649 -103.9416768000005
v -553694.4448089703 6541244.994165649 -103.9416768000005
v -553694.4448089703 6541244.994165649 -103.9416768000005
v -553694.4448089703 6541244.994165649 -103.9416768000005
v -553694.4448089703 6541244.994165649 -103.9416768000005
v -553694.4448089703 6541244.994165649 -103.9416768000005
v -553694.4448089703 6541244.994165649 -103.9416768000005
v -553694.4448089703 6541244.994165649 -103.9416768000005
v -553694.4448089703 6541244.994165649 -103.9416768000005
v -553694.4448089703 6541244.994165649 -103.9416768000005
v -553694.4448089703 6541244.994165649 -103.9416768000005
v -553694.4448089703 6541244.994165649 -103.9416768000005
v -553694.4448089703 6541244.994165649 -103.9416768000005
v -553694.4448089703 6541244.994165649 -103.9416768000005
v -553694.4448089703 6541244.994165649 -103.9416768000005
v -553694.4448089703 6541244.994165649 -103.9416768000005
v -553694.4448089703 6541244.994165649 -103.9416768000005
v -553694.4448089703 6541244.994165649 -103.9416768000005
v -553694.4448089703 6541244.994165649 -103.9416768000005
v -553694.4448089703 6541244.994165649 -103.9416768000005
v -553694.4448089703 6541244.994165649 -103.9416768000005
v -553694.4448089703 6541244.994165649 -103.9416768000005
v -553694.4448089703 6541244.994165649 -103.9416768000005
v -553694.4448089703 6541244.994165649 -103.9416768000005
v -553694.4448089703 6541244.994165649 -103.9416768000005
v -553694.4448089703 6541244.994165649 -103.9416768000005
v -553694.4448089703 6541244.994165649 -103.9416768000005
v -553694.4448089703 6541244.994165649 -103.9416768000005
v -553694.4448089703 6541244.994165649 -103.9416768000005
v -553694.4448089703 6541244.994165649 -103.9416768000005
v -553694.4448089703 6541244.994165649 -103.9416768000005
v -553694.4448089703 6541244.994165649 -103.9416768000005
v -553694.4448089703 6541244.994165649 -103.9416768000005
v -553694.4448089703 6541244.994165649 -103.9416768000005
v -553694.4448089703 6541244.994165649 -103.9416768000005
v -553694.4448089703 6541244.994165649 -103.9416768000005
v -553694.4448089703 6541244.994165649 -103.9416768000005
v -553776.5419228306 6541330.196399291 -104.0404320000005
v -553776.4393845703 6541329.77394659 -104.0404320000005
v -553776.3368463474 6541329.35149385 -104.0404320000005
v -553776.2343081918 6541328.929041048 -104.0404320000005
v -553776.4084645036 6541328.587375036 -104.0404320000005
v -553777.165794818 6541328.415978892 -104.0404320000005
v -553777.9231250177 6541328.24458263 -104.0404320000005
v -553778.1883461581 6541327.929504806 -104.0404320000005
v -553778.0858079361 6541327.507052068 -104.0404320000005
v -553777.9832696473 6541327.084599393 -104.0404320000005
v -553777.8807314244 6541326.662146654 -104.0404320000005
v -553777.7781932687 6541326.239693851 -104.0404320000005
v -553777.6756550466 6541325.817241113 -104.0404320000005
v -553777.5731167577 6541325.394788438 -104.0404320000005
v -553777.8110317073 6541325.071738087 -104.0404320000005
v -553778.5683617899 6541324.900341708 -104.0404320000005
v -553779.3256919887 6541324.728945447 -104.0404320000005
v -553779.5271547242 6541324.395252197 -104.0404320000005
v -553779.4246165016 6541323.972799458 -104.0404320000005
v -553779.3220783456 6541323.550346655 -104.0404320000005
v -553779.2195401236 6541323.127893917 -104.0404320000005
v -553779.1170018349 6541322.705441242 -104.0404320000005
v -553779.0144636119 6541322.282988503 -104.0404320000005
v -553778.9119254563 6541321.860535701 -104.0404320000005
v -553779.2135987938 6541321.55610102 -104.0404320000005
v -553779.9709289933 6541321.384704758 -104.0404320000005
v -553780.7282590767 6541321.213308381 -104.0404320000005
v -553780.8659633943 6541320.860999486 -104.0404320000005
v -553780.7634251342 6541320.438546784 -104.0404320000005
v -553780.6862242013 6541320.023491793 -104.0404320000005
v -553781.4435542845 6541319.852095416 -104.0404320000005
v -553782.2008844833 6541319.680699155 -104.0404320000005
v -553782.7174631007 6541319.439010542 -104.0404320000005
v -553781.0158484766 6541318.549674175 -104.0404320000005
v -553781.7731785597 6541318.378277797 -104.0404320000005
v -553782.4098484993 6541318.171652263 -104.0404320000005
v -553782.3073102111 6541317.749199588 -104.0404320000005
v -553782.2047719882 6541317.326746848 -104.0404320000005
v -553782.1022338321 6541316.904294047 -104.0404320000005
v -553781.99969561 6541316.481841308 -104.0404320000005
v -553781.8971573215 6541316.059388633 -104.0404320000005
v -553781.7946190988 6541315.636935893 -104.0404320000005
v -553781.6920809428 6541315.214483092 -104.0404320000005
v -553781.5895427207 6541314.792030353 -104.0404320000005
v -553781.4870044319 6541314.369577679 -104.0404320000005
v -553781.3844662091 6541313.947124939 -104.0404320000005
v -553781.2819280534 6541313.524672137 -104.0404320000005
v -553781.1793897646 6541313.102219462 -104.0404320000005
v -553781.577015384 6541312.825799964 -104.0404320000005
v -553782.3343454674 6541312.654403586 -104.0404320000005
v -553783.0916756664 6541312.483007325 -104.0404320000005
v -553783.1334277304 6541312.102683221 -104.0404320000005
v -553780.6666986519 6541310.989955769 -104.0404320000005
v -553780.5641604968 6541310.567502966 -104.0404320000005
v -553780.4616222458 6541310.145050255 -104.0404320000005
v -553781.0932628054 6541309.936956337 -104.0404320000005
v -553781.8505930051 6541309.765560075 -104.0404320000005
v -553782.5181984622 6541309.567966725 -104.0404320000005
v -553782.4156602401 6541309.145513986 -104.0404320000005
v -553782.3131219517 6541308.723061312 -104.0404320000005
v -553782.2105837287 6541308.300608573 -104.0404320000005
v -553782.1080455732 6541307.87815577 -104.0404320000005
v -553782.0055073511 6541307.455703031 -104.0404320000005
v -553781.9029690619 6541307.033250357 -104.0404320000005
v -553781.800430839 6541306.610797618 -104.0404320000005
v -553781.6978926837 6541306.188344815 -104.0404320000005
v -553781.5953544619 6541305.765892076 -104.0404320000005
v -553781.4928161724 6541305.343439403 -104.0404320000005
v -553781.3902779495 6541304.920986664 -104.0404320000005
v -553782.0541121896 6541304.722292228 -104.0404320000005
v -553782.8114425049 6541304.550896084 -104.0404320000005
v -553783.4468541383 6541304.34390316 -104.0404320000005
v -553783.3443159829 6541303.921450357 -104.0404320000005
v -553783.2417777607 6541303.498997618 -104.0404320000005
v -553781.212712125 6541302.5140552 -104.0404320000005
v -553781.9700423245 6541302.342658938 -104.0404320000005
v -553782.727372406 6541302.171262559 -104.0404320000005
v -553782.8316248711 6541301.809186664 -104.0404320000005
v -553782.7290865814 6541301.38673399 -104.0404320000005
v -553782.6853375838 6541300.981446024 -104.0404320000005
v -553783.4426676147 6541300.810049593 -104.0404320000005
v -553784.199997813 6541300.638653332 -104.0404320000005
v -553784.6831245484 6541300.387197748 -104.0404320000005
v -553784.5805863256 6541299.964745008 -104.0404320000005
v -553784.4780481701 6541299.542292207 -104.0404320000005
v -553784.375509948 6541299.119839468 -104.0404320000005
v -553784.2729716589 6541298.697386794 -104.0404320000005
v -553784.1704334359 6541298.274934054 -104.0404320000005
v -553784.8732580289 6541298.087623663 -104.0404320000005
v -553785.6305882278 6541297.916227402 -104.0404320000005
v -553786.2270096256 6541297.697850551 -104.0404320000005
v -553786.1244714027 6541297.275397812 -104.0404320000005
v -553786.0219332471 6541296.85294501 -104.0404320000005
v -553785.9193949583 6541296.430492336 -104.0404320000005
v -553785.8168567352 6541296.0080395965 -104.0404320000005
v -553785.7143185799 6541295.585586794 -104.0404320000005
v -553785.6117803577 6541295.163134055 -104.0404320000005
v -553785.5092420685 6541294.740681381 -104.0404320000005
v -553785.4067038455 6541294.3182286415 -104.0404320000005
v -553785.3041656904 6541293.895775839 -104.0404320000005
v -553785.2016274681 6541293.4733231 -104.0404320000005
v -553785.0990891792 6541293.050870427 -104.0404320000005
v -553785.8341076464 6541292.87295979 -104.0404320000005
v -553786.5914377285 6541292.701563411 -104.0404320000005
v -553787.1556654347 6541292.473786859 -104.0404320000005
v -553784.6889362893 6541291.361059472 -104.0404320000005
v -553784.5863980373 6541290.93860676 -104.0404320000005
v -553784.4838599114 6541290.51615393 -104.0404320000005
v -553784.3813216893 6541290.093701191 -104.0404320000005
v -553784.2787833993 6541289.671248518 -104.0404320000005
v -553784.9506724745 6541289.474905942 -104.0404320000005
v -553785.7080025554 6541289.303509561 -104.0404320000005
v -553786.3353596557 6541289.09416495 -104.0404320000005
v -553786.2328213663 6541288.671712276 -104.0404320000005
v -553786.1302831435 6541288.249259536 -104.0404320000005
v -553786.0277449886 6541287.826806733 -104.0404320000005
v -553785.9252067666 6541287.404353995 -104.0404320000005
v -553785.8226684768 6541286.981901322 -104.0404320000005
v -553785.720130254 6541286.559448582 -104.0404320000005
v -553786.3672511069 6541286.355874324 -104.0404320000005
v -553787.1245814227 6541286.184478181 -104.0404320000005
v -553787.7767064425 6541285.982365078 -104.0404320000005
v -553787.6741682874 6541285.559912276 -104.0404320000005
v -553787.5716300652 6541285.137459537 -104.0404320000005
v -553787.4690917764 6541284.715006864 -104.0404320000005
v -553787.8258649671 6541284.426659648 -104.0404320000005
v -553788.583195049 6541284.255263269 -104.0404320000005
v -553789.3405252475 6541284.083867008 -104.0404320000005
v -553789.4231297427 6541283.715470621 -104.0404320000005
v -553789.3205915196 6541283.293017882 -104.0404320000005
v -553786.8538625089 6541282.180290366 -104.0404320000005
v -553786.9704530044 6541281.821816816 -104.0404320000005
v -553787.7277833205 6541281.650420674 -104.0404320000005
v -553788.48511357 6541281.479024462 -104.0404320000005
v -553788.8079004749 6541281.180754124 -104.0404320000005
v -553788.7053622529 6541280.758301387 -104.0404320000005
v -553788.6028239633 6541280.335848712 -104.0404320000005
v -553788.5002857404 6541279.913395973 -104.0404320000005
v -553788.3977475854 6541279.49094317 -104.0404320000005
v -553788.2952093633 6541279.068490432 -104.0404320000005
v -553788.1926710735 6541278.646037757 -104.0404320000005
v -553788.0901328506 6541278.223585018 -104.0404320000005
v -553787.9875946959 6541277.801132215 -104.0404320000005
v -553787.885056406 6541277.378679542 -104.0404320000005
v -553788.3309852192 6541277.116363165 -104.0404320000005
v -553789.0883153004 6541276.944966786 -104.0404320000005
v -553789.8456454988 6541276.773570524 -104.0404320000005
v -553789.8390943728 6541276.3791433 -104.0404320000005
v -553789.7365561497 6541275.95669056 -104.0404320000005
v -553789.6340179949 6541275.534237757 -104.0404320000005
v -553787.1672889171 6541274.421510305 -104.0404320000005
v -553787.4615617098 6541274.114914885 -104.0404320000005
v -553788.2188919097 6541273.943518623 -104.0404320000005
v -553788.9762219909 6541273.7721222425 -104.0404320000005
v -553789.1213268827 6541273.421974064 -104.0404320000005
v -553789.018788593 6541272.999521391 -104.0404320000005
v -553788.9162503701 6541272.577068651 -104.0404320000005
v -553788.8137122159 6541272.154615847 -104.0404320000005
v -553788.7111739938 6541271.732163109 -104.0404320000005
v -553788.6086357038 6541271.3097104365 -104.0404320000005
v -553788.5060974517 6541270.887257725 -104.0404320000005
v -553788.4035593267 6541270.464804893 -104.0404320000005
v -553788.301021105 6541270.042352155 -104.0404320000005
v -553788.4504345373 6541269.69346203 -104.0404320000005
v -553789.2077647371 6541269.522065767 -104.0404320000005
v -553789.9650948172 6541269.350669387 -104.0404320000005
v -553790.2550590035 6541269.042815979 -104.0404320000005
v -553790.7084134715 6541268.782667676 -104.0404320000005
v -553791.4657435525 6541268.611271297 -104.0404320000005
v -553792.2230737511 6541268.439875036 -104.0404320000005
v -553792.20909697 6541268.043279736 -104.0404320000005
v -553792.1065587469 6541267.620826997 -104.0404320000005
v -553792.0040205922 6541267.198374194 -104.0404320000005
v -553791.90148237 6541266.775921456 -104.0404320000005
v -553791.7673446169 6541266.344242661 -104.0404320000005
v -553791.6964058572 6541265.931016042 -104.0404320000005
v -553791.5938677026 6541265.508563239 -104.0404320000005
v -553791.4913294803 6541265.086110501 -104.0404320000005
v -553791.711297963 6541264.75782039 -104.0404320000005
v -553792.4686281625 6541264.586424128 -104.0404320000005
v -553793.2259582438 6541264.415027748 -104.0404320000005
v -553793.445367447 6541264.086574259 -104.0404320000005
v -553790.978638301 6541262.973846872 -104.0404320000005
v -553790.876100078 6541262.551394133 -104.0404320000005
v -553790.7735619241 6541262.128941329 -104.0404320000005
v -553790.6710237019 6541261.706488592 -104.0404320000005
v -553790.5684854117 6541261.284035918 -104.0404320000005
v -553791.1995221084 6541261.075765677 -104.0404320000005
v -553791.9568521377 6541260.904369244 -104.0404320000005
v -553792.6250616007 6541260.706952415 -104.0404320000005
v -553792.5225233776 6541260.284499675 -104.0404320000005
v -553792.4199852232 6541259.862046872 -104.0404320000005
v -553792.3174470009 6541259.439594134 -104.0404320000005
v -553789.8507178541 6541258.326866748 -104.0404320000005
v -553789.7481796311 6541257.904414008 -104.0404320000005
v -553790.3160867663 6541257.677711656 -104.0404320000005
v -553791.0734169648 6541257.506315394 -104.0404320000005
v -553791.804755821 6541257.3273305055 -104.0404320000005
v -553791.81673562 6541256.938313685 -104.0404320000005
v -553792.5740657 6541256.766917304 -104.0404320000005
v -553793.3313958986 6541256.595521043 -104.0404320000005
v -553793.7587937876 6541256.327794264 -104.0404320000005
v -553793.6562555645 6541255.905341525 -104.0404320000005
v -553793.5537174105 6541255.482888721 -104.0404320000005
v -553789.8043108602 6541253.995656892 -104.0404320000005
v -553790.5616411789 6541253.824260752 -104.0404320000005
v -553790.8819118185 6541253.525255857 -104.0404320000005
v -553790.7793736653 6541253.102803052 -104.0404320000005
v -553790.6768354431 6541252.680350314 -104.0404320000005
v -553790.5742971521 6541252.257897642 -104.0404320000005
v -553788.1075680722 6541251.145170189 -104.0404320000005
v -553788.0050299199 6541250.722717385 -104.0404320000005
v -553787.9024915978 6541250.300264741 -104.0404320000005
v -553787.7999534047 6541249.877811974 -104.0404320000005
v -553788.1215104967 6541249.579182599 -104.0404320000005
v -553788.8788406953 6541249.407786338 -104.0404320000005
v -553789.6361710151 6541249.236390199 -104.0404320000005
v -553787.3898005147 6541248.188001019 -104.0404320000005
v -553785.7514382536 6541247.317132408 -104.0404320000005
v -553786.5087684521 6541247.145736147 -104.0404320000005
v -553787.0821858482 6541246.920642804 -104.0404320000005
v -553786.979647625 6541246.498190064 -104.0404320000005
v -553786.8771094735 6541246.075737258 -104.0404320000005
v -553786.7745712511 6541245.65328452 -104.0404320000005
v -553786.6720329584 6541245.230831849 -104.0404320000005
v -553786.5694947353 6541244.80837911 -104.0404320000005
v -553784.1027657286 6541243.69565159 -104.0404320000005
v -553784.0002275063 6541243.273198852 -104.0404320000005
v -553783.8976892126 6541242.850746182 -104.0404320000005
v -553783.7951509894 6541242.428293442 -104.0404320000005
v -553783.692612839 6541242.005840636 -104.0404320000005
v -553783.5900746167 6541241.583387897 -104.0404320000005
v -553783.2412494953 6541241.089026663 -104.0404320000005
v -553783.2412494953 6541241.089026663 -104.0404320000005
v -553783.2412494953 6541241.089026663 -104.0404320000005
v -553783.2412494953 6541241.089026663 -104.0404320000005
v -553783.2412494953 6541241.089026663 -104.0404320000005
v -553783.2412494953 6541241.089026663 -104.0404320000005
v -553783.2412494953 6541241.089026663 -104.0404320000005
v -553783.2412494953 6541241.089026663 -104.0404320000005
v -553783.2412494953 6541241.089026663 -104.0404320000005
v -553783.2412494953 6541241.089026663 -104.0404320000005
v -553783.2412494953 6541241.089026663 -104.0404320000005
v -553783.2412494953 6541241.089026663 -104.0404320000005
v -553783.2412494953 6541241.089026663 -104.0404320000005
v -553783.2412494953 6541241.089026663 -104.0404320000005
v -553783.2412494953 6541241.089026663 -104.0404320000005
v -553783.2412494953 6541241.089026663 -104.0404320000005
v -553783.2412494953 6541241.089026663 -104.0404320000005
v -553783.2412494953 6541241.089026663 -104.0404320000005
v -553783.2412494953 6541241.089026663 -104.0404320000005
v -553783.2412494953 6541241.089026663 -104.0404320000005
v -553783.2412494953 6541241.089026663 -104.0404320000005
v -553783.2412494953 6541241.089026663 -104.0404320000005
v -553783.2412494953 6541241.089026663 -104.0404320000005
v -553783.2412494953 6541241.089026663 -104.0404320000005
v -553783.2412494953 6541241.089026663 -104.0404320000005
v -553783.2412494953 6541241.089026663 -104.0404320000005
v -553783.2412494953 6541241.089026663 -104.0404320000005
v -553783.2412494953 6541241.089026663 -104.0404320000005
v -553783.2412494953 6541241.089026663 -104.0404320000005
v -553783.2412494953 6541241.089026663 -104.0404320000005
v -553783.2412494953 6541241.089026663 -104.0404320000005
v -553783.2412494953 6541241.089026663 -104.0404320000005
v -553783.2412494953 6541241.089026663 -104.0404320000005
v -553783.2412494953 6541241.089026663 -104.0404320000005
v -553783.2412494953 6541241.089026663 -104.0404320000005
v -553783.2412494953 6541241.089026663 -104.0404320000005
v -553783.2412494953 6541241.089026663 -104.0404320000005
v -553783.2412494953 6541241.089026663 -104.0404320000005
v -553783.2412494953 6541241.089026663 -104.0404320000005
v -553783.2412494953 6541241.089026663 -104.0404320000005
v -553783.2412494953 6541241.089026663 -104.0404320000005
v -553783.2412494953 6541241.089026663 -104.0404320000005
v -553783.2412494953 6541241.089026663 -104.0404320000005
v -553783.2412494953 6541241.089026663 -104.0404320000005
v -553783.2412494953 6541241.089026663 -104.0404320000005
v -553783.2412494953 6541241.089026663 -104.0404320000005
v -553783.2412494953 6541241.089026663 -104.0404320000005
v -553783.2412494953 6541241.089026663 -104.0404320000005
v -553783.2412494953 6541241.089026663 -104.0404320000005
v -553783.2412494953 6541241.089026663 -104.0404320000005
v -553783.2412494953 6541241.089026663 -104.0404320000005
v -553783.2412494953 6541241.089026663 -104.0404320000005
v -553783.2412494953 6541241.089026663 -104.0404320000005
v -553783.2412494953 6541241.089026663 -104.0404320000005
v -553783.2412494953 6541241.089026663 -104.0404320000005
v -553783.2412494953 6541241.089026663 -104.0404320000005
v -553783.2412494953 6541241.089026663 -104.0404320000005
v -553783.2412494953 6541241.089026663 -104.0404320000005
v -553783.2412494953 6541241.089026663 -104.0404320000005
v -553783.2412494953 6541241.089026663 -104.0404320000005
v -553783.2412494953 6541241.089026663 -104.0404320000005
v -553783.2412494953 6541241.089026663 -104.0404320000005
v -553783.2412494953 6541241.089026663 -104.0404320000005
v -553783.2412494953 6541241.089026663 -104.0404320000005
v -553783.2412494953 6541241.089026663 -104.0404320000005
v -553783.2412494953 6541241.089026663 -104.0404320000005
v -553783.2412494953 6541241.089026663 -104.0404320000005
v -553783.2412494953 6541241.089026663 -104.0404320000005
v -553783.2412494953 6541241.089026663 -104.0404320000005
v -553783.2412494953 6541241.089026663 -104.0404320000005
v -553783.2412494953 6541241.089026663 -104.0404320000005
v -553783.2412494953 6541241.089026663 -104.0404320000005
v -553783.2412494953 6541241.089026663 -104.0404320000005
v -553783.2412494953 6541241.089026663 -104.0404320000005
v -553783.2412494953 6541241.089026663 -104.0404320000005
v -553783.2412494953 6541241.089026663 -104.0404320000005
v -553783.2412494953 6541241.089026663 -104.0404320000005
v -553783.2412494953 6541241.089026663 -104.0404320000005
v -553783.2412494953 6541241.089026663 -104.0404320000005
v -553783.2412494953 6541241.089026663 -104.0404320000005
v -553783.2412494953 6541241.089026663 -104.0404320000005
v -553783.2412494953 6541241.089026663 -104.0404320000005
v -553783.2412494953 6541241.089026663 -104.0404320000005
v -553783.2412494953 6541241.089026663 -104.0404320000005
v -553783.2412494953 6541241.089026663 -104.0404320000005
v -553783.2412494953 6541241.089026663 -104.0404320000005
v -553783.2412494953 6541241.089026663 -104.0404320000005
v -553783.2412494953 6541241.089026663 -104.0404320000005
v -553783.2412494953 6541241.089026663 -104.0404320000005
v -553783.2412494953 6541241.089026663 -104.0404320000005
v -553783.2412494953 6541241.089026663 -104.0404320000005
v -553783.2412494953 6541241.089026663 -104.0404320000005
v -553783.2412494953 6541241.089026663 -104.0404320000005
v -553783.2412494953 6541241.089026663 -104.0404320000005
v -553783.2412494953 6541241.089026663 -104.0404320000005
v -553783.2412494953 6541241.089026663 -104.0404320000005
v -553783.2412494953 6541241.089026663 -104.0404320000005
v -553783.2412494953 6541241.089026663 -104.0404320000005
v -553783.2412494953 6541241.089026663 -104.0404320000005
v -553783.2412494953 6541241.089026663 -104.0404320000005
v -553783.2412494953 6541241.089026663 -104.0404320000005
v -553783.2412494953 6541241.089026663 -104.0404320000005
v -553783.2412494953 6541241.089026663 -104.0404320000005
v -553783.2412494953 6541241.089026663 -104.0404320000005
v -553783.2412494953 6541241.089026663 -104.0404320000005
v -553783.2412494953 6541241.089026663 -104.0404320000005
v -553783.2412494953 6541241.089026663 -104.0404320000005
v -553783.2412494953 6541241.089026663 -104.0404320000005
v -553783.2412494953 6541241.089026663 -104.0404320000005
v -553783.2412494953 6541241.089026663 -104.0404320000005
v -553783.2412494953 6541241.089026663 -104.0404320000005
v -553783.2412494953 6541241.089026663 -104.0404320000005
v -553783.2412494953 6541241.089026663 -104.0404320000005
v -553783.2412494953 6541241.089026663 -104.0404320000005
v -553783.2412494953 6541241.089026663 -104.0404320000005
v -553783.2412494953 6541241.089026663 -104.0404320000005
v -553783.2412494953 6541241.089026663 -104.0404320000005
v -553783.2412494953 6541241.089026663 -104.0404320000005
v -553783.2412494953 6541241.089026663 -104.0404320000005
v -553783.2412494953 6541241.089026663 -104.0404320000005
v -553783.2412494953 6541241.089026663 -104.0404320000005
v -553783.2412494953 6541241.089026663 -104.0404320000005
v -553783.2412494953 6541241.089026663 -104.0404320000005
v -553783.2412494953 6541241.089026663 -104.0404320000005
v -553783.2412494953 6541241.089026663 -104.0404320000005
v -553783.2412494953 6541241.089026663 -104.0404320000005
v -553783.2412494953 6541241.089026663 -104.0404320000005
v -553783.2412494953 6541241.089026663 -104.0404320000005
v -553783.2412494953 6541241.089026663 -104.0404320000005
v -553783.2412494953 6541241.089026663 -104.0404320000005
v -553783.2412494953 6541241.089026663 -104.0404320000005
v -553783.2412494953 6541241.089026663 -104.0404320000005
v -553783.2412494953 6541241.089026663 -104.0404320000005
v -553783.2412494953 6541241.089026663 -104.0404320000005
v -553783.2412494953 6541241.089026663 -104.0404320000005
v -553783.2412494953 6541241.089026663 -104.0404320000005
v -553783.2412494953 6541241.089026663 -104.0404320000005
v -553783.2412494953 6541241.089026663 -104.0404320000005
v -553783.2412494953 6541241.089026663 -104.0404320000005
v -553783.2412494953 6541241.089026663 -104.0404320000005
v -553783.2412494953 6541241.089026663 -104.0404320000005
v -553783.2412494953 6541241.089026663 -104.0404320000005
v -553783.2412494953 6541241.089026663 -104.0404320000005
v -553783.2412494953 6541241.089026663 -104.0404320000005
v -553783.2412494953 6541241.089026663 -104.0404320000005
v -553783.2412494953 6541241.089026663 -104.0404320000005
v -553783.2412494953 6541241.089026663 -104.0404320000005
v -553783.2412494953 6541241.089026663 -104.0404320000005
v -553783.2412494953 6541241.089026663 -104.0404320000005
v -553783.2412494953 6541241.089026663 -104.0404320000005
v -553783.2412494953 6541241.089026663 -104.0404320000005
v -553783.2412494953 6541241.089026663 -104.0404320000005
v -553783.2412494953 6541241.089026663 -104.0404320000005
v -553783.2412494953 6541241.089026663 -104.0404320000005
v -553783.2412494953 6541241.089026663 -104.0404320000005
v -553783.2412494953 6541241.089026663 -104.0404320000005
v -553783.2412494953 6541241.089026663 -104.0404320000005
v -553783.2412494953 6541241.089026663 -104.0404320000005
v -553783.2412494953 6541241.089026663 -104.0404320000005
v -553783.2412494953 6541241.089026663 -104.0404320000005
v -553783.2412494953 6541241.089026663 -104.0404320000005
v -553783.2412494953 6541241.089026663 -104.0404320000005
v -553783.2412494953 6541241.089026663 -104.0404320000005
v -553783.2412494953 6541241.089026663 -104.0404320000005
v -553783.2412494953 6541241.089026663 -104.0404320000005
v -553783.2412494953 6541241.089026663 -104.0404320000005
v -553783.2412494953 6541241.089026663 -104.0404320000005
v -553783.2412494953 6541241.089026663 -104.0404320000005
v -553911.3008016306 6541369.542057941 -104.10992640000049
v -553911.1982633934 6541369.119605216 -104.10992640000049
v -553911.0957251706 6541368.697152477 -104.10992640000049
v -553910.9931869745 6541368.274699713 -104.10992640000049
v -553910.8906487526 6541367.852246975 -104.10992640000049
v -553910.788110504 6541367.429794262 -104.10992640000049
v -553911.3652672147 6541367.205792601 -104.10992640000049
v -553912.1225973675 6541367.034396294 -104.10992640000049
v -553908.1163050076 6541365.472161307 -104.10992640000049
v -553908.0137667579 6541365.049708595 -104.10992640000049
v -553907.911228535 6541364.627255855 -104.10992640000049
v -553907.8164304036 6541364.207062963 -104.10992640000049
v -553908.3886651999 6541363.981624248 -104.10992640000049
v -553909.1459954457 6541363.810228034 -104.10992640000049
v -553909.7878783407 6541363.605124529 -104.10992640000049
v -553909.7627283065 6541363.205266849 -104.10992640000049
v -553909.6601900844 6541362.782814111 -104.10992640000049
v -553909.5576518349 6541362.360361398 -104.10992640000049
v -553910.0401144561 6541362.108711828 -104.10992640000049
v -553910.7974446075 6541361.937315519 -104.10992640000049
v -553911.5547748064 6541361.765919258 -104.10992640000049
v -553911.5116898018 6541361.360825157 -104.10992640000049
v -553911.409151579 6541360.938372417 -104.10992640000049
v -553911.3066133836 6541360.515919653 -104.10992640000049
v -553911.2040751348 6541360.09346694 -104.10992640000049
v -553911.4847165341 6541359.782891464 -104.10992640000049
v -553912.2420466862 6541359.611495156 -104.10992640000049
v -553912.9993769045 6541359.440098915 -104.10992640000049
v -553913.158113101 6541359.093930699 -104.10992640000049
v -553913.0555748781 6541358.671477959 -104.10992640000049
v -553912.9530366824 6541358.249025195 -104.10992640000049
v -553912.8504984603 6541357.826572456 -104.10992640000049
v -553912.7479602116 6541357.404119744 -104.10992640000049
v -553912.7803644686 6541357.021066269 -104.10992640000049
v -553913.1077604468 6541356.724141733 -104.10992640000049
v -553913.4657899715 6541356.436161332 -104.10992640000049
v -553913.9804705334 6541356.193918494 -104.10992640000049
v -553914.0162730882 6541355.811857223 -104.10992640000049
v -553914.4969217592 6541355.559678 -104.10992640000049
v -553914.3943835372 6541355.137225261 -104.10992640000049
v -553914.2918452886 6541354.714772548 -104.10992640000049
v -553914.1893070657 6541354.292319808 -104.10992640000049
v -553914.08676887 6541353.8698670445 -104.10992640000049
v -553914.3438877843 6541353.55242369 -104.10992640000049
v -553915.075204234 6541353.373432207 -104.10992640000049
v -553915.7951042677 6541353.19110743 -104.10992640000049
v -553916.0408068363 6541352.870330803 -104.10992640000049
v -553915.9382685879 6541352.44787809 -104.10992640000049
v -553915.0417730414 6541351.79361299 -104.10992640000049
v -553915.3691690196 6541351.4966884535 -104.10992640000049
v -553915.6306539468 6541351.180519848 -104.10992640000049
v -553915.5281156983 6541350.758067135 -104.10992640000049
v -553915.4255774751 6541350.335614395 -104.10992640000049
v -553915.3230392799 6541349.913161632 -104.10992640000049
v -553915.2205010462 6541349.490708904 -104.10992640000049
v -553915.1179628086 6541349.068256181 -104.10992640000049
v -553915.0154245857 6541348.645803441 -104.10992640000049
v -553914.9128863901 6541348.223350677 -104.10992640000049
v -553914.810348168 6541347.800897938 -104.10992640000049
v -553914.7864195982 6541347.401396957 -104.10992640000049
v -553915.1138155865 6541347.1044724565 -104.10992640000049
v -553915.4412115649 6541346.80754792 -104.10992640000049
v -553915.5822907061 6541346.45622434 -104.10992640000049
v -553914.297657029 6541345.688634272 -104.10992640000049
v -553914.7949709605 6541345.44132085 -104.10992640000049
v -553915.5523011119 6541345.269924541 -104.10992640000049
v -553916.3096313106 6541345.09852828 -104.10992640000049
v -553913.8875041393 6541343.998823317 -104.10992640000049
v -553913.7849659163 6541343.576370577 -104.10992640000049
v -553914.3392416626 6541343.3456883095 -104.10992640000049
v -553915.0965719087 6541343.174292096 -104.10992640000049
v -553914.6594466772 6541342.654149718 -104.10992640000049
v -553914.5569084823 6541342.231696953 -104.10992640000049
v -553914.7669948817 6541341.900521478 -104.10992640000049
v -553915.0943908803 6541341.603597015 -104.10992640000049
v -553915.4217868686 6541341.306672514 -104.10992640000049
v -553915.3288510208 6541340.887023355 -104.10992640000049
v -553914.1482241775 6541340.149800211 -104.10992640000049
v -553914.4756201764 6541339.852875749 -104.10992640000049
v -553914.803016169 6541339.555951265 -104.10992640000049
v -553914.9186981311 6541339.1972124 -104.10992640000049
v -553908.7717086567 6541337.009956348 -104.10992640000049
v -553909.3213032256 6541336.777907384 -104.10992640000049
v -553908.743685381 6541336.216745264 -104.10992640000049
v -553909.305083865 6541335.9881426245 -104.10992640000049
v -553909.6324798532 6541335.691218125 -104.10992640000049
v -553909.5750870561 6541335.28194657 -104.10992640000049
v -553909.4155994415 6541334.84286627 -104.10992640000049
v -553908.6863131614 6541334.237421359 -104.10992640000049
v -553906.6495182943 6541333.250222146 -104.10992640000049
v -553906.8007433102 6541332.901860902 -104.10992640000049
v -553906.6982050873 6541332.479408163 -104.10992640000049
v -553906.667528931 6541332.077937012 -104.10992640000049
v -553906.994924931 6541331.781012554 -104.10992640000049
v -553907.3223209189 6541331.484088053 -104.10992640000049
v -553906.8532923986 6541330.954630808 -104.10992640000049
v -553907.5973563705 6541330.779361196 -104.10992640000049
v -553908.1116734175 6541330.537012226 -104.10992640000049
v -553908.3446283868 6541330.212513705 -104.10992640000049
v -553908.2420901946 6541329.790060937 -104.10992640000049
v -553907.3484742501 6541329.136636598 -104.10992640000049
v -553908.03701372 6541328.94515549 -104.10992640000049
v -553907.934475497 6541328.522702751 -104.10992640000049
v -553907.8319373054 6541328.100249983 -104.10992640000049
v -553908.4494403886 6541327.888028286 -104.10992640000049
v -553909.2067706398 6541327.7166320775 -104.10992640000049
v -553909.8885134512 6541327.5231665205 -104.10992640000049
v -553909.7859752715 6541327.100713742 -104.10992640000049
v -553909.6834370494 6541326.678261003 -104.10992640000049
v -553909.580898797 6541326.255808294 -104.10992640000049
v -553909.4783605742 6541325.833355554 -104.10992640000049
v -553909.375822382 6541325.410902787 -104.10992640000049
v -553909.27328416 6541324.9884500485 -104.10992640000049
v -553909.1707459074 6541324.565997339 -104.10992640000049
v -553909.0682076844 6541324.143544599 -104.10992640000049
v -553908.9656694925 6541323.721091832 -104.10992640000049
v -553908.9578867783 6541323.326304936 -104.10992640000049
v -553909.6171370714 6541323.126272243 -104.10992640000049
v -553910.3744672711 6541322.954875981 -104.10992640000049
v -553910.9197074588 6541322.721555591 -104.10992640000049
v -553910.8171692067 6541322.299102881 -104.10992640000049
v -553910.7146309837 6541321.876650142 -104.10992640000049
v -553910.6120927917 6541321.454197374 -104.10992640000049
v -553909.3463866729 6541320.692133565 -104.10992640000049
v -553909.673782673 6541320.395209108 -104.10992640000049
v -553910.001178661 6541320.098284607 -104.10992640000049
v -553910.2019399023 6541319.764386419 -104.10992640000049
v -553910.0994016799 6541319.341933681 -104.10992640000049
v -553909.9968634273 6541318.919480972 -104.10992640000049
v -553909.8943252043 6541318.497028233 -104.10992640000049
v -553910.0954748656 6541318.163243452 -104.10992640000049
v -553910.4228708538 6541317.866318952 -104.10992640000049
v -553910.750266853 6541317.569394494 -104.10992640000049
v -553910.6662677297 6541317.152354647 -104.10992640000049
v -553910.563729551 6541316.729901867 -104.10992640000049
v -553910.4611913289 6541316.3074491285 -104.10992640000049
v -553909.1765576476 6541315.539859063 -104.10992640000049
v -553909.4947148097 6541315.240237094 -104.10992640000049
v -553909.8221107866 6541314.943312553 -104.10992640000049
v -553910.0510384395 6541314.6176381735 -104.10992640000049
v -553909.9485001863 6541314.195185465 -104.10992640000049
v -553909.8459619633 6541313.772732725 -104.10992640000049
v -553909.743423772 6541313.350279957 -104.10992640000049
v -553908.5665587544 6541312.614155196 -104.10992640000049
v -553909.0459866859 6541312.361619584 -104.10992640000049
v -553909.8033168302 6541312.190223268 -104.10992640000049
v -553910.3451712034 6541311.955914356 -104.10992640000049
v -553910.412828057 6541311.58315365 -104.10992640000049
v -553910.3102898338 6541311.160700911 -104.10992640000049
v -553910.2077516434 6541310.738248142 -104.10992640000049
v -553910.1052134212 6541310.315795404 -104.10992640000049
v -553910.0026751678 6541309.893342696 -104.10992640000049
v -553909.9001369447 6541309.470889957 -104.10992640000049
v -553909.7975987538 6541309.048437187 -104.10992640000049
v -553909.6950605315 6541308.625984449 -104.10992640000049
v -553909.5925222781 6541308.203531741 -104.10992640000049
v -553909.5695863194 6541307.804320539 -104.10992640000049
v -553910.0208477958 6541307.543561107 -104.10992640000049
v -553910.7781779943 6541307.3721648455 -104.10992640000049
v -553911.3481987802 6541307.146079742 -104.10992640000049
v -553911.4440220083 6541306.781542772 -104.10992640000049
v -553911.3414838305 6541306.359089992 -104.10992640000049
v -553910.0568501805 6541305.591499897 -104.10992640000049
v -553909.936777867 6541305.163927755 -104.10992640000049
v -553910.4783176684 6541304.929526996 -104.10992640000049
v -553910.8057136446 6541304.632602453 -104.10992640000049
v -553910.8287926876 6541304.246826328 -104.10992640000049
v -553911.0377440065 6541303.915319442 -104.10992640000049
v -553911.7950741505 6541303.743923126 -104.10992640000049
v -553912.5524043491 6541303.572526865 -104.10992640000049
v -553912.7828306545 6541303.247290087 -104.10992640000049
v -553912.6802924315 6541302.824837348 -104.10992640000049
v -553912.5777542406 6541302.402384579 -104.10992640000049
v -553911.2931205903 6541301.634794484 -104.10992640000049
v -553911.1905823365 6541301.212341776 -104.10992640000049
v -553911.0880441135 6541300.789889037 -104.10992640000049
v -553911.3467846984 6541300.472919123 -104.10992640000049
v -553911.6741806865 6541300.175994623 -104.10992640000049
v -553912.3872476183 6541299.99167482 -104.10992640000049
v -553912.7146436065 6541299.694750319 -104.10992640000049
v -553912.9395438894 6541299.367900026 -104.10992640000049
v -553912.8370056672 6541298.945447288 -104.10992640000049
v -553912.7344674136 6541298.52299458 -104.10992640000049
v -553912.3562411116 6541298.020048969 -104.10992640000049
v -553913.1135712555 6541297.848652652 -104.10992640000049
v -553913.5220067302 6541297.575389317 -104.10992640000049
v -553913.5064099522 6541297.178320982 -104.10992640000049
v -553912.4412795315 6541296.474819438 -104.10992640000049
v -553912.7686755037 6541296.177894877 -104.10992640000049
v -553913.0960715028 6541295.880970419 -104.10992640000049
v -553913.0962570615 6541295.488510026 -104.10992640000049
v -553911.8116234432 6541294.720919901 -104.10992640000049
v -553910.526989793 6541293.953329805 -104.10992640000049
v -553910.4244515385 6541293.530877098 -104.10992640000049
v -553910.3219133154 6541293.108424358 -104.10992640000049
v -553910.4525818991 6541292.754061159 -104.10992640000049
v -553910.7848748671 6541292.458566434 -104.10992640000049
v -553911.112270868 6541292.161641979 -104.10992640000049
v -553911.0938558539 6541291.76375076 -104.10992640000049
v -553910.9913176642 6541291.341297991 -104.10992640000049
v -553910.9123633932 6541290.925731078 -104.10992640000049
v -553910.9470183701 6541290.54333479 -104.10992640000049
v -553911.5671553805 6541290.331882121 -104.10992640000049
v -553911.7632602027 6541289.996624392 -104.10992640000049
v -553911.6607219806 6541289.574171654 -104.10992640000049
v -553910.8138241548 6541288.934387682 -104.10992640000049
v -553911.1412201431 6541288.637463181 -104.10992640000049
v -553911.3531073133 6541288.3068134375 -104.10992640000049
v -553911.250569091 6541287.8843607 -104.10992640000049
v -553911.1480308361 6541287.461907992 -104.10992640000049
v -553910.4352424657 6541286.861280025 -104.10992640000049
v -553910.9429544237 6541286.617002483 -104.10992640000049
v -553910.8404161545 6541286.19454979 -104.10992640000049
v -553910.7378779456 6541285.772097037 -104.10992640000049
v -553910.9180213194 6541285.432179031 -104.10992640000049
v -553911.2454173075 6541285.135254531 -104.10992640000049
v -553911.5728133086 6541284.838330076 -104.10992640000049
v -553911.8751266627 6541284.534082179 -104.10992640000049
v -553912.2025226395 6541284.237157634 -104.10992640000049
v -553912.4868395006 6541283.927655287 -104.10992640000049
v -553912.3843012458 6541283.50520258 -104.10992640000049
v -553911.1136857626 6541282.74170538 -104.10992640000049
v -553911.4410817372 6541282.444780835 -104.10992640000049
v -553911.9886099694 6541282.212128524 -104.10992640000049
v -553912.6242148543 6541282.005192066 -104.10992640000049
v -553912.9516108425 6541281.708267565 -104.10992640000049
v -553912.9511673718 6541281.315623472 -104.10992640000049
v -553912.8486291496 6541280.893170734 -104.10992640000049
v -553912.7460908948 6541280.470718027 -104.10992640000049
v -553911.4614572433 6541279.703127932 -104.10992640000049
v -553911.3589190545 6541279.280675161 -104.10992640000049
v -553911.3273608139 6541278.8789465055 -104.10992640000049
v -553910.7054922587 6541278.304864512 -104.10992640000049
v -553911.4628224581 6541278.13346825 -104.10992640000049
v -553912.0414654125 6541277.909900488 -104.10992640000049
v -553912.4441093156 6541277.634946224 -104.10992640000049
v -553912.771505304 6541277.338021724 -104.10992640000049
v -553913.0053423535 6541277.013780704 -104.10992640000049
v -553912.9028041314 6541276.591327965 -104.10992640000049
v -553912.8002658617 6541276.168875272 -104.10992640000049
v -553913.0667466589 6541275.854165296 -104.10992640000049
v -553912.5077418839 6541275.298437608 -104.10992640000049
v -553911.9152238225 6541274.73292506 -104.10992640000049
v -553912.4797186137 6541274.505226531 -104.10992640000049
v -553912.8336468865 6541274.216048683 -104.10992640000049
v -553911.9789474356 6541273.573986782 -104.10992640000049
v -553912.0824983523 6541273.211706055 -104.10992640000049
v -553910.9985507703 6541272.5027104765 -104.10992640000049
v -553911.3259467585 6541272.205785975 -104.10992640000049
v -553911.6533427321 6541271.9088614285 -104.10992640000049
v -553911.672345463 6541271.5218951 -104.10992640000049
v -553911.5698072069 6541271.099442394 -104.10992640000049
v -553911.6713533833 6541270.736576342 -104.10992640000049
v -553911.5682600555 6541270.313961486 -104.10992640000049
v -553912.325590254 6541270.142565225 -104.10992640000049
v -553912.69724958 6541269.85856437 -104.10992640000049
v -553913.4545797794 6541269.687168108 -104.10992640000049
v -553914.2119099197 6541269.515771788 -104.10992640000049
v -553914.3983259344 6541269.177685293 -104.10992640000049
v -553914.2957877114 6541268.755232554 -104.10992640000049
v -553914.1932495225 6541268.332779783 -104.10992640000049
v -553912.9074807062 6541267.564858252 -104.10992640000049
v -553911.499357518 6541266.76121286 -104.10992640000049
v -553911.521443965 6541266.375146886 -104.10992640000049
v -553910.8717235168 6541265.792932868 -104.10992640000049
v -553910.2431072956 6541265.216880712 -104.10992640000049
v -553910.6877513556 6541264.954189288 -104.10992640000049
v -553911.0151473371 6541264.657264767 -104.10992640000049
v -553911.036732616 6541264.271052424 -104.10992640000049
v -553910.9702333019 6541263.859121995 -104.10992640000049
v -553910.9037339573 6541263.4471916 -104.10992640000049
v -553911.17840178 6541263.134872014 -104.10992640000049
v -553911.541836662 6541262.848469776 -104.10992640000049
v -553911.8863314731 6541262.556537633 -104.10992640000049
v -553910.6377367005 6541261.799469882 -104.10992640000049
v -553910.5712373856 6541261.387539452 -104.10992640000049
v -553910.6815506595 6541261.027233092 -104.10992640000049
v -553911.0449855557 6541260.740830902 -104.10992640000049
v -553911.4084204667 6541260.454428759 -104.10992640000049
v -553911.4789450836 6541260.0825053165 -104.10992640000049
v -553911.3997670655 6541259.666873032 -104.10992640000049
v -553911.320588983 6541259.251240816 -104.10992640000049
v -553911.2414109322 6541258.835608565 -104.10992640000049
v -553911.162232914 6541258.41997628 -104.10992640000049
v -553911.0830548638 6541258.00434403 -104.10992640000049
v -553911.0038767813 6541257.588711815 -104.10992640000049
v -553910.9246987303 6541257.173079563 -104.10992640000049
v -553910.8455207124 6541256.757447279 -104.10992640000049
v -553910.7663426623 6541256.341815028 -104.10992640000049
v -553910.6871645795 6541255.926182813 -104.10992640000049
v -553910.6079865287 6541255.510550562 -104.10992640000049
v -553910.5288085109 6541255.094918277 -104.10992640000049
v -553910.4496304607 6541254.679286027 -104.10992640000049
v -553910.3704523636 6541254.263653827 -104.10992640000049
v -553910.2912743266 6541253.84802156 -104.10992640000049
v -553910.2120963093 6541253.432389275 -104.10992640000049
v -553910.1329182589 6541253.016757025 -104.10992640000049
v -553910.0537401759 6541252.60112481 -104.10992640000049
v -553909.9745621248 6541252.185492559 -104.10992640000049
v -553909.8953841077 6541251.769860274 -104.10992640000049
v -553909.8162060573 6541251.354228023 -104.10992640000049
v -553909.7370279741 6541250.938595809 -104.10992640000049
v -553909.657849923 6541250.522963557 -104.10992640000049
v -553909.5786719061 6541250.107331272 -104.10992640000049
v -553909.480824647 6541249.686248158 -104.10992640000049
v -553909.480824647 6541249.686248158 -104.10992640000049
v -553909.480824647 6541249.686248158 -104.10992640000049
v -553909.480824647 6541249.686248158 -104.10992640000049
v -553909.480824647 6541249.686248158 -104.10992640000049
v -553909.480824647 6541249.686248158 -104.10992640000049
v -553909.480824647 6541249.686248158 -104.10992640000049
v -553909.480824647 6541249.686248158 -104.10992640000049
v -553909.480824647 6541249.686248158 -104.10992640000049
v -553909.480824647 6541249.686248158 -104.10992640000049
v -553909.480824647 6541249.686248158 -104.10992640000049
v -553909.480824647 6541249.686248158 -104.10992640000049
v -553909.480824647 6541249.686248158 -104.10992640000049
v -553909.480824647 6541249.686248158 -104.10992640000049
v -553909.480824647 6541249.686248158 -104.10992640000049
v -553909.480824647 6541249.686248158 -104.10992640000049
v -553909.480824647 6541249.686248158 -104.10992640000049
v -553909.480824647 6541249.686248158 -104.10992640000049
v -553909.480824647 6541249.686248158 -104.10992640000049
v -553909.480824647 6541249.686248158 -104.10992640000049
v -553909.480824647 6541249.686248158 -104.10992640000049
v -553909.480824647 6541249.686248158 -104.10992640000049
v -553909.480824647 6541249.686248158 -104.10992640000049
v -553909.480824647 6541249.686248158 -104.10992640000049
v -553909.480824647 6541249.686248158 -104.10992640000049
v -553909.480824647 6541249.686248158 -104.10992640000049
v -553909.480824647 6541249.686248158 -104.10992640000049
v -553909.480824647 6541249.686248158 -104.10992640000049
v -553909.480824647 6541249.686248158 -104.10992640000049
v -553909.480824647 6541249.686248158 -104.10992640000049
v -553909.480824647 6541249.686248158 -104.10992640000049
v -553909.480824647 6541249.686248158 -104.10992640000049
v -553909.480824647 6541249.686248158 -104.10992640000049
v -553909.480824647 6541249.686248158 -104.10992640000049
v -553909.480824647 6541249.686248158 -104.10992640000049
v -553909.480824647 6541249.686248158 -104.10992640000049
v -553909.480824647 6541249.686248158 -104.10992640000049
v -553909.480824647 6541249.686248158 -104.10992640000049
v -553909.480824647 6541249.686248158 -104.10992640000049
v -553909.480824647 6541249.686248158 -104.10992640000049
v -553909.480824647 6541249.686248158 -104.10992640000049
v -553909.480824647 6541249.686248158 -104.10992640000049
v -553909.480824647 6541249.686248158 -104.10992640000049
v -553909.480824647 6541249.686248158 -104.10992640000049
v -553909.480824647 6541249.686248158 -104.10992640000049
v -553909.480824647 6541249.686248158 -104.10992640000049
v -553909.480824647 6541249.686248158 -104.10992640000049
v -553909.480824647 6541249.686248158 -104.10992640000049
v -553909.480824647 6541249.686248158 -104.10992640000049
v -553909.480824647 6541249.686248158 -104.10992640000049
v -553909.480824647 6541249.686248158 -104.10992640000049
v -553909.480824647 6541249.686248158 -104.10992640000049
v -553909.480824647 6541249.686248158 -104.10992640000049
v -553909.480824647 6541249.686248158 -104.10992640000049
v -553909.480824647 6541249.686248158 -104.10992640000049
v -553909.480824647 6541249.686248158 -104.10992640000049
v -553909.480824647 6541249.686248158 -104.10992640000049
v -553909.480824647 6541249.686248158 -104.10992640000049
v -553909.480824647 6541249.686248158 -104.10992640000049
v -553909.480824647 6541249.686248158 -104.10992640000049
v -553909.480824647 6541249.686248158 -104.10992640000049
v -553909.480824647 6541249.686248158 -104.10992640000049
v -553909.480824647 6541249.686248158 -104.10992640000049
v -553909.480824647 6541249.686248158 -104.10992640000049
v -553909.480824647 6541249.686248158 -104.10992640000049
v -553909.480824647 6541249.686248158 -104.10992640000049
v -553909.480824647 6541249.686248158 -104.10992640000049
v -553909.480824647 6541249.686248158 -104.10992640000049
v -553909.480824647 6541249.686248158 -104.10992640000049
v -553909.480824647 6541249.686248158 -104.10992640000049
v -553909.480824647 6541249.686248158 -104.10992640000049
v -553909.480824647 6541249.686248158 -104.10992640000049
v -553909.480824647 6541249.686248158 -104.10992640000049
v -553909.480824647 6541249.686248158 -104.10992640000049
v -553909.480824647 6541249.686248158 -104.10992640000049
v -553909.480824647 6541249.686248158 -104.10992640000049
v -553909.480824647 6541249.686248158 -104.10992640000049
v -553909.480824647 6541249.686248158 -104.10992640000049
v -553909.480824647 6541249.686248158 -104.10992640000049
v -553909.480824647 6541249.686248158 -104.10992640000049
v -553909.480824647 6541249.686248158 -104.10992640000049
v -553909.480824647 6541249.686248158 -104.10992640000049
v -553909.480824647 6541249.686248158 -104.10992640000049
v -553909.480824647 6541249.686248158 -104.10992640000049
v -553909.480824647 6541249.686248158 -104.10992640000049
v -553909.480824647 6541249.686248158 -104.10992640000049
v -553909.480824647 6541249.686248158 -104.10992640000049
v -553909.480824647 6541249.686248158 -104.10992640000049
v -553909.480824647 6541249.686248158 -104.10992640000049
v -553909.480824647 6541249.686248158 -104.10992640000049
v -553909.480824647 6541249.686248158 -104.10992640000049
v -553909.480824647 6541249.686248158 -104.10992640000049
v -553909.480824647 6541249.686248158 -104.10992640000049
v -553909.480824647 6541249.686248158 -104.10992640000049
v -553909.480824647 6541249.686248158 -104.10992640000049
v -553909.480824647 6541249.686248158 -104.10992640000049
v -553946.0442998686 6541371.050824621 -104.17576320000049
v -553946.0442998686 6541371.050824621 -104.17576320000049
v -553946.0442998686 6541371.050824621 -104.17576320000049
v -553946.0442998686 6541371.050824621 -104.17576320000049
v -553946.0442998686 6541371.050824621 -104.17576320000049
v -553946.0442998686 6541371.050824621 -104.17576320000049
v -553946.0442998686 6541371.050824621 -104.17576320000049
v -553946.0442998686 6541371.050824621 -104.17576320000049
v -553946.0442998686 6541371.050824621 -104.17576320000049
v -553946.0442998686 6541371.050824621 -104.17576320000049
v -553946.0442998686 6541371.050824621 -104.17576320000049
v -553946.0442998686 6541371.050824621 -104.17576320000049
v -553946.0442998686 6541371.050824621 -104.17576320000049
v -553946.0442998686 6541371.050824621 -104.17576320000049
v -553946.0442998686 6541371.050824621 -104.17576320000049
v -553946.0442998686 6541371.050824621 -104.17576320000049
v -553946.0442998686 6541371.050824621 -104.17576320000049
v -553946.0442998686 6541371.050824621 -104.17576320000049
v -553946.0442998686 6541371.050824621 -104.17576320000049
v -553946.0442998686 6541371.050824621 -104.17576320000049
v -553946.0442998686 6541371.050824621 -104.17576320000049
v -553946.0442998686 6541371.050824621 -104.17576320000049
v -553946.0442998686 6541371.050824621 -104.17576320000049
v -553946.689135397 6541370.846583179 -104.17576320000049
v -553946.666937983 6541370.447587632 -104.17576320000049
v -553946.56439976 6541370.025134892 -104.17576320000049
v -553946.4618615541 6541369.602682138 -104.17576320000049
v -553946.3593233246 6541369.180229407 -104.17576320000049
v -553946.256785093 6541368.757776677 -104.17576320000049
v -553946.1542468701 6541368.335323937 -104.17576320000049
v -553946.0517086642 6541367.912871183 -104.17576320000049
v -553945.9491704421 6541367.490418445 -104.17576320000049
v -553945.9718254496 6541367.104518496 -104.17576320000049
v -553946.6615134297 6541366.913372681 -104.17576320000049
v -553947.4188435995 6541366.74197639 -104.17576320000049
v -553947.9032084085 6541366.490882204 -104.17576320000049
v -553947.80067017 6541366.06842948 -104.17576320000049
v -553947.6981319472 6541365.645976741 -104.17576320000049
v -553947.5955937412 6541365.223523987 -104.17576320000049
v -553947.4930555192 6541364.801071249 -104.17576320000049
v -553947.6518986613 6541364.454934259 -104.17576320000049
v -553947.9792946498 6541364.158009758 -104.17576320000049
v -553947.1854408521 6541363.5337130325 -104.17576320000049
v -553947.08290263 6541363.111260294 -104.17576320000049
v -553946.980364391 6541362.688807572 -104.17576320000049
v -553947.4575507921 6541362.435617499 -104.17576320000049
v -553948.2148809617 6541362.264221208 -104.17576320000049
v -553948.9722111888 6541362.092824976 -104.17576320000049
v -553945.3881160723 6541360.65385926 -104.17576320000049
v -553945.5847404416 6541360.318753243 -104.17576320000049
v -553945.9121364297 6541360.021828744 -104.17576320000049
v -553946.2395324245 6541359.724904267 -104.17576320000049
v -553946.1600586106 6541359.309185661 -104.17576320000049
v -553945.930147067 6541358.84954361 -104.17576320000049
v -553943.59079132 6541357.774005462 -104.17576320000049
v -553942.485229002 6541357.058698982 -104.17576320000049
v -553942.8126249904 6541356.761774481 -104.17576320000049
v -553943.2398660181 6541356.494001795 -104.17576320000049
v -553943.7104176941 6541356.238874577 -104.17576320000049
v -553944.0378136894 6541355.941950102 -104.17576320000049
v -553944.1576574028 6541355.584426396 -104.17576320000049
v -553944.1140992614 6541355.1791940965 -104.17576320000049
v -553944.4414952496 6541354.882269597 -104.17576320000049
v -553944.7688912448 6541354.585345122 -104.17576320000049
v -553945.2891226991 6541354.344722947 -104.17576320000049
v -553945.6165186806 6541354.047798423 -104.17576320000049
v -553945.906618943 6541353.73998466 -104.17576320000049
v -553946.103557832 6541353.404970518 -104.17576320000049
v -553946.4309538205 6541353.108046018 -104.17576320000049
v -553946.7583498018 6541352.811121494 -104.17576320000049
v -553945.4964660356 6541352.050173723 -104.17576320000049
v -553945.6776225942 6541351.710551578 -104.17576320000049
v -553946.0050185755 6541351.413627054 -104.17576320000049
v -553946.3324145635 6541351.116702554 -104.17576320000049
v -553946.2684085739 6541350.705500125 -104.17576320000049
v -553946.1658703509 6541350.2830473855 -104.17576320000049
v -553946.0633321467 6541349.860594629 -104.17576320000049
v -553945.9607939245 6541349.438141891 -104.17576320000049
v -553945.8582556841 6541349.01568917 -104.17576320000049
v -553945.7557174534 6541348.593236438 -104.17576320000049
v -553944.9603126334 6541347.968486847 -104.17576320000049
v -553945.4104471402 6541347.707398412 -104.17576320000049
v -553946.0007755483 6541347.487242525 -104.17576320000049
v -553946.3281715368 6541347.190318025 -104.17576320000049
v -553946.4251217957 6541346.826110077 -104.17576320000049
v -553946.3225835736 6541346.403657339 -104.17576320000049
v -553946.2200453331 6541345.981204618 -104.17576320000049
v -553945.1308944362 6541345.270689779 -104.17576320000049
v -553945.4582904173 6541344.973765254 -104.17576320000049
v -553945.7856864057 6541344.676840754 -104.17576320000049
v -553945.8098924432 6541344.291393663 -104.17576320000049
v -553945.7073542206 6541343.868940923 -104.17576320000049
v -553945.6048160169 6541343.446488167 -104.17576320000049
v -553945.502277776 6541343.024035446 -104.17576320000049
v -553944.2176441248 6541342.256445351 -104.17576320000049
v -553944.1151059219 6541341.833992594 -104.17576320000049
v -553944.0125676997 6541341.411539855 -104.17576320000049
v -553943.9100294581 6541340.989087136 -104.17576320000049
v -553943.8074912351 6541340.566634396 -104.17576320000049
v -553943.7049530324 6541340.144181639 -104.17576320000049
v -553943.6024148102 6541339.721728901 -104.17576320000049
v -553943.4998765686 6541339.2992761815 -104.17576320000049
v -553943.3973383454 6541338.876823442 -104.17576320000049
v -553943.294800143 6541338.454370685 -104.17576320000049
v -553943.1922619207 6541338.031917946 -104.17576320000049
v -553941.5750844076 6541337.167234777 -104.17576320000049
v -553941.8050900182 6541336.841875139 -104.17576320000049
v -553940.5204563972 6541336.074285016 -104.17576320000049
v -553940.4179181753 6541335.651832278 -104.17576320000049
v -553940.3153799322 6541335.22937956 -104.17576320000049
v -553937.8486508528 6541334.116652107 -104.17576320000049
v -553935.5579583347 6541333.055322165 -104.17576320000049
v -553936.1056541399 6541332.8227187805 -104.17576320000049
v -553936.8629843767 6541332.651322559 -104.17576320000049
v -553937.3365708039 6541332.3970813975 -104.17576320000049
v -553937.3359597627 6541332.004388393 -104.17576320000049
v -553937.2334215406 6541331.581935654 -104.17576320000049
v -553937.1617459748 6541331.168493939 -104.17576320000049
v -553937.757103387 6541330.949806351 -104.17576320000049
v -553938.5144335475 6541330.778410052 -104.17576320000049
v -553939.1331939015 6541330.566555467 -104.17576320000049
v -553939.0849212622 6541330.159946695 -104.17576320000049
v -553938.9823830618 6541329.737493936 -104.17576320000049
v -553938.8798448397 6541329.315041197 -104.17576320000049
v -553939.2157171287 6541329.020591557 -104.17576320000049
v -553939.9730473282 6541328.849195295 -104.17576320000049
v -553940.7303774897 6541328.677798996 -104.17576320000049
v -553940.8715420484 6541328.326500355 -104.17576320000049
v -553941.4736960602 6541328.109797204 -104.17576320000049
v -553942.2310262597 6541327.938400942 -104.17576320000049
v -553942.8429899755 6541327.724561885 -104.17576320000049
v -553942.7879207723 6541327.315968715 -104.17576320000049
v -553943.1121110284 6541327.01810826 -104.17576320000049
v -553943.5248278797 6541326.746094972 -104.17576320000049
v -553944.1776565624 6541326.544187282 -104.17576320000049
v -553944.5050525507 6541326.247262782 -104.17576320000049
v -553944.6394204962 6541325.893979754 -104.17576320000049
v -553944.7741736033 6541325.540809155 -104.17576320000049
v -553945.1015695839 6541325.243884629 -104.17576320000049
v -553945.4289655723 6541324.946960129 -104.17576320000049
v -553944.229267606 6541324.204168799 -104.17576320000049
v -553944.9554182797 6541324.023669026 -104.17576320000049
v -553945.7127484427 6541323.852272729 -104.17576320000049
v -553946.2858437953 6541323.627085296 -104.17576320000049
v -553946.1833055724 6541323.204632557 -104.17576320000049
v -553946.4542468075 6541322.891224892 -104.17576320000049
v -553946.8137145805 6541322.603664417 -104.17576320000049
v -553947.519792357 6541322.417303969 -104.17576320000049
v -553947.8471883452 6541322.120379468 -104.17576320000049
v -553948.0348053371 6541321.7826435575 -104.17576320000049
v -553947.9322671146 6541321.360190819 -104.17576320000049
v -553948.2508699127 6541321.060698989 -104.17576320000049
v -553948.5782659008 6541320.763774488 -104.17576320000049
v -553947.6246524475 6541320.092832603 -104.17576320000049
v -553947.5221142254 6541319.670379864 -104.17576320000049
v -553947.8249346747 6541319.36628005 -104.17576320000049
v -553948.1523306628 6541319.069355549 -104.17576320000049
v -553948.3965949862 6541318.748159004 -104.17576320000049
v -553948.2940567639 6541318.325706267 -104.17576320000049
v -553948.1915185216 6541317.903253547 -104.17576320000049
v -553948.0889802899 6541317.480800816 -104.17576320000049
v -553948.0537914062 6541317.078012083 -104.17576320000049
v -553948.3811873946 6541316.781087583 -104.17576320000049
v -553948.7085833893 6541316.48416311 -104.17576320000049
v -553948.8933091812 6541316.145583076 -104.17576320000049
v -553948.2830121604 6541315.574879566 -104.17576320000049
v -553949.0403423939 6541315.4034833405 -104.17576320000049
v -553949.6575790454 6541315.191183852 -104.17576320000049
v -553949.6328653956 6541314.7914535925 -104.17576320000049
v -553949.5303271735 6541314.369000854 -104.17576320000049
v -553949.4277889314 6541313.946548135 -104.17576320000049
v -553949.3252507084 6541313.524095396 -104.17576320000049
v -553949.2227125064 6541313.1016426375 -104.17576320000049
v -553949.1201742841 6541312.679189899 -104.17576320000049
v -553949.2496544435 6541312.32447978 -104.17576320000049
v -553949.878414748 6541312.115544862 -104.17576320000049
v -553950.635744912 6541311.944148566 -104.17576320000049
v -553951.0533495316 6541311.673562353 -104.17576320000049
v -553950.9716740085 6541311.257200939 -104.17576320000049
v -553950.8691357854 6541310.834748199 -104.17576320000049
v -553948.4024067271 6541309.722020728 -104.17576320000049
v -553943.5714867931 6541307.919018563 -104.17576320000049
v -553941.4055419363 6541306.894111351 -104.17576320000049
v -553941.7329379244 6541306.59718685 -104.17576320000049
v -553942.4245620425 6541306.406606304 -104.17576320000049
v -553941.6163880298 6541305.778128513 -104.17576320000049
v -553941.8767002311 6541305.461617535 -104.17576320000049
v -553941.7741619982 6541305.039164805 -104.17576320000049
v -553941.8272341317 6541304.662145707 -104.17576320000049
v -553942.1616682967 6541304.367276178 -104.17576320000049
v -553942.9189984961 6541304.195879915 -104.17576320000049
v -553943.413011128 6541303.947602583 -104.17576320000049
v -553943.6256617749 6541303.617175793 -104.17576320000049
v -553943.8749676468 6541303.297451288 -104.17576320000049
v -553944.2128001001 6541303.00357393 -104.17576320000049
v -553944.9405131805 6541302.823530306 -104.17576320000049
v -553945.2679091685 6541302.526605806 -104.17576320000049
v -553945.7881406308 6541302.285983663 -104.17576320000049
v -553946.115536619 6541301.989059162 -104.17576320000049
v -553946.4429325996 6541301.692134634 -104.17576320000049
v -553946.4097402899 6541301.289928877 -104.17576320000049
v -553946.7371362866 6541300.993004407 -104.17576320000049
v -553947.0645322747 6541300.696079906 -104.17576320000049
v -553947.5847637209 6541300.455457703 -104.17576320000049
v -553948.1222282029 6541300.219867071 -104.17576320000049
v -553948.8431447364 6541300.03783911 -104.17576320000049
v -553949.2512177068 6541299.764469933 -104.17576320000049
v -553949.6907721703 6541299.500292406 -104.17576320000049
v -553950.3802071355 6541299.309072719 -104.17576320000049
v -553950.9491531857 6541299.082673812 -104.17576320000049
v -553951.4693846396 6541298.842051638 -104.17576320000049
v -553951.8808558707 6541298.569674629 -104.17576320000049
v -553952.63818612 6541298.398278419 -104.17576320000049
v -553953.0551616356 6541298.127508515 -104.17576320000049
v -553953.5753930814 6541297.886886314 -104.17576320000049
v -553954.1388348029 6541297.658880277 -104.17576320000049
v -553954.8337740967 6541297.469267718 -104.17576320000049
v -553955.2678243049 6541297.203483135 -104.17576320000049
v -553955.6814015317 6541296.931721017 -104.17576320000049
v -553956.0087975198 6541296.634796517 -104.17576320000049
v -553956.1218320921 6541296.275284766 -104.17576320000049
v -553956.1101657405 6541295.879363961 -104.17576320000049
v -553956.4375617212 6541295.582439434 -104.17576320000049
v -553956.7649577092 6541295.285514934 -104.17576320000049
v -553957.2851891707 6541295.044892787 -104.17576320000049
v -553957.6125851589 6541294.747968286 -104.17576320000049
v -553957.8707936329 6541294.430843028 -104.17576320000049
v -553957.7682554106 6541294.00839029 -104.17576320000049
v -553957.6657171691 6541293.58593757 -104.17576320000049
v -553957.563178946 6541293.16348483 -104.17576320000049
v -553957.7319640019 6541292.820250544 -104.17576320000049
v -553958.157028428 6541292.551842377 -104.17576320000049
v -553958.9143586601 6541292.380446149 -104.17576320000049
v -553959.2926583705 6541292.09838405 -104.17576320000049
v -553959.4146787097 6541291.741495832 -104.17576320000049
v -553959.3121404683 6541291.319043112 -104.17576320000049
v -553959.2096022454 6541290.896590373 -104.17576320000049
v -553959.2523940573 6541290.516569737 -104.17576320000049
v -553959.579790046 6541290.219645238 -104.17576320000049
v -553959.9071860432 6541289.922720774 -104.17576320000049
v -553959.9815447836 6541289.551916773 -104.17576320000049
v -553960.03363688 6541289.174611551 -104.17576320000049
v -553960.3610328683 6541288.877687051 -104.17576320000049
v -553960.6884288643 6541288.580762577 -104.17576320000049
v -553960.7534873227 6541288.207243176 -104.17576320000049
v -553960.9324672685 6541287.866985501 -104.17576320000049
v -553961.2598632567 6541287.570061001 -104.17576320000049
v -553961.587259251 6541287.273136526 -104.17576320000049
v -553961.5254298612 6541286.862569578 -104.17576320000049
v -553961.4228916578 6541286.440116821 -104.17576320000049
v -553961.3203534356 6541286.017664082 -104.17576320000049
v -553961.2178151944 6541285.5952113625 -104.17576320000049
v -553961.1152769714 6541285.172758623 -104.17576320000049
v -553959.8306433404 6541284.40516851 -104.17576320000049
v -553959.7281051184 6541283.982715772 -104.17576320000049
v -553960.1347741183 6541283.7089367015 -104.17576320000049
v -553960.8921043178 6541283.537540439 -104.17576320000049
v -553961.633181479 6541283.361398742 -104.17576320000049
v -553961.6821430654 6541282.983179548 -104.17576320000049
v -553961.5796048425 6541282.560726808 -104.17576320000049
v -553961.4770666393 6541282.138274052 -104.17576320000049
v -553961.7606700044 6541281.828563385 -104.17576320000049
v -553962.0880659986 6541281.53163891 -104.17576320000049
v -553962.3515473809 6541281.21605321 -104.17576320000049
v -553962.249009178 6541280.793600454 -104.17576320000049
v -553961.3347347663 6541280.134144445 -104.17576320000049
v -553961.6621307635 6541279.837219982 -104.17576320000049
v -553961.9413944912 6541279.526242256 -104.17576320000049
v -553961.8388562885 6541279.103789499 -104.17576320000049
v -553961.7363180661 6541278.6813367605 -104.17576320000049
v -553961.6337798245 6541278.258884041 -104.17576320000049
v -553960.3491461732 6541277.491293945 -104.17576320000049
v -553960.2466079711 6541277.068841187 -104.17576320000049
v -553960.1440697488 6541276.646388449 -104.17576320000049
v -553958.8594360786 6541275.878798374 -104.17576320000049
v -553958.7568978552 6541275.456345635 -104.17576320000049
v -553958.6543596537 6541275.0338928765 -104.17576320000049
v -553957.3697260036 6541274.266302781 -104.17576320000049
v -553956.085092332 6541273.498712706 -104.17576320000049
v -553955.982554109 6541273.076259967 -104.17576320000049
v -553955.8800159083 6541272.653807208 -104.17576320000049
v -553955.9420373396 6541272.279401111 -104.17576320000049
v -553956.2694333282 6541271.982476611 -104.17576320000049
v -553956.8499155131 6541271.759445865 -104.17576320000049
v -553956.2573974521 6541271.193933317 -104.17576320000049
v -553957.0147276879 6541271.022537094 -104.17576320000049
v -553957.4112644498 6541270.74579968 -104.17576320000049
v -553957.5264392073 6541270.38691275 -104.17576320000049
v -553957.4239009853 6541269.964460012 -104.17576320000049
v -553957.3213627415 6541269.542007294 -104.17576320000049
v -553957.2188245187 6541269.119554554 -104.17576320000049
v -553957.5091640652 6541268.8118106285 -104.17576320000049
v -553958.2664942641 6541268.640414367 -104.17576320000049
v -553958.9567771414 6541268.449442283 -104.17576320000049
v -553959.1728624854 6541268.120018313 -104.17576320000049
v -553959.0703242844 6541267.697565554 -104.17576320000049
v -553958.9677860623 6541267.275112815 -104.17576320000049
v -553959.1093482972 6541266.923930312 -104.17576320000049
v -553959.7251080435 6541266.71119961 -104.17576320000049
v -553960.4824382059 6541266.539803311 -104.17576320000049
v -553960.8879607505 6541266.265689486 -104.17576320000049
v -553960.8192857858 6541265.853123856 -104.17576320000049
v -553960.716747563 6541265.430671116 -104.17576320000049
v -553961.1977334127 6541265.178590346 -104.17576320000049
v -553961.9550636113 6541265.007194085 -104.17576320000049
v -553962.7123938455 6541264.835797859 -104.17576320000049
v -553962.6707855292 6541264.431134874 -104.17576320000049
v -553962.5682473275 6541264.008682116 -104.17576320000049
v -553962.4657090849 6541263.586229398 -104.17576320000049
v -553962.363170862 6541263.1637766585 -104.17576320000049
v -553962.2606326604 6541262.7413239 -104.17576320000049
v -553962.1580944385 6541262.318871162 -104.17576320000049
v -553962.421476734 6541262.003256558 -104.17576320000049
v -553963.1788069338 6541261.831860296 -104.17576320000049
v -553963.9361370967 6541261.660463999 -104.17576320000049
v -553964.1121324049 6541261.3193349205 -104.17576320000049
v -553964.2937847355 6541260.979857553 -104.17576320000049
v -553965.0511149354 6541260.808461291 -104.17576320000049
v -553965.8084450994 6541260.637064994 -104.17576320000049
v -553966.0661703708 6541260.319798679 -104.17576320000049
v -553965.9636321208 6541259.897345968 -104.17576320000049
v -553965.8610939061 6541259.47489322 -104.17576320000049
v -553965.8518948067 6541259.079692756 -104.17576320000049
v -553966.5097286421 6541258.879246461 -104.17576320000049
v -553967.267058875 6541258.707850235 -104.17576320000049
v -553967.8151318727 6541258.475356978 -104.17576320000049
v -553967.71259367 6541258.052904221 -104.17576320000049
v -553968.1892011783 6541257.79954513 -104.17576320000049
v -553968.9465314104 6541257.628148902 -104.17576320000049
v -553969.7038616099 6541257.45675264 -104.17576320000049
v -553969.6898499122 6541257.060147039 -104.17576320000049
v -553970.4471801434 6541256.88875081 -104.17576320000049
v -553971.2045103433 6541256.717354548 -104.17576320000049
v -553971.723207825 6541256.476284477 -104.17576320000049
v -553971.6206696029 6541256.053831738 -104.17576320000049
v -553971.518131362 6541255.631379018 -104.17576320000049
v -553971.4155931394 6541255.208926278 -104.17576320000049
v -553971.4165889297 6541254.816702426 -104.17576320000049
v -553972.0846176565 6541254.619232742 -104.17576320000049
v -553972.8419478871 6541254.447836513 -104.17576320000049
v -553973.3696311057 6541254.209390037 -104.17576320000049
v -553971.8497471986 6541253.373113711 -104.17576320000049
v -553972.6070773975 6541253.20171745 -104.17576320000049
v -553973.0620164389 6541252.942031821 -104.17576320000049
v -553972.9594782164 6541252.519579082 -104.17576320000049
v -553972.8569400046 6541252.097126334 -104.17576320000049
v -553972.7544017902 6541251.674673588 -104.17576320000049
v -553972.7872767961 6541251.291757582 -104.17576320000049
v -553973.4871847762 6541251.1035957085 -104.17576320000049
v -553974.244514943 6541250.932199415 -104.17576320000049
v -553974.7084397563 6541250.675137347 -104.17576320000049
v -553974.6059015162 6541250.252684625 -104.17576320000049
v -553974.5033632931 6541249.830231885 -104.17576320000049
v -553974.4008250893 6541249.40777913 -104.17576320000049
v -553974.2982868486 6541248.985326409 -104.17576320000049
v -553974.1957486258 6541248.56287367 -104.17576320000049
v -553974.093210422 6541248.140420914 -104.17576320000049
v -553973.9906722 6541247.717968175 -104.17576320000049
v -553974.696916397 6541247.531656316 -104.17576320000049
v -553975.4542465967 6541247.360260054 -104.17576320000049
v -553976.0472483882 6541247.140884672 -104.17576320000049
v -553975.9447101661 6541246.718431934 -104.17576320000049
v -553975.8421719257 6541246.295979213 -104.17576320000049
v -553975.7396337029 6541245.8735264735 -104.17576320000049
v -553975.6370954989 6541245.451073717 -104.17576320000049
v -553975.5345572768 6541245.028620979 -104.17576320000049
v -553975.432019036 6541244.606168258 -104.17576320000049
v -553975.329480813 6541244.183715519 -104.17576320000049
v -553975.2269426092 6541243.761262762 -104.17576320000049
v -553975.1244043872 6541243.338810024 -104.17576320000049
v -553953.7441484377 6541236.703884889 -104.17576320000049
v -553953.6416102148 6541236.28143215 -104.17576320000049
v -553953.5390720068 6541235.858979397 -104.17576320000049
v -553953.4365337954 6541235.436526649 -104.17576320000049
v -553953.333995548 6541235.014073934 -104.17576320000049
v -553953.2314573249 6541234.591621195 -104.17576320000049
v -553953.1289191282 6541234.169168432 -104.17576320000049
v -553953.0263808805 6541233.746715718 -104.17576320000049
v -553952.9238426576 6541233.3242629785 -104.17576320000049
v -553952.8213044609 6541232.901810216 -104.17576320000049
v -553952.7187662388 6541232.479357477 -104.17576320000049
v -553952.6162279907 6541232.056904764 -104.17576320000049
v -553952.5136897679 6541231.6344520245 -104.17576320000049
v -553952.5801020913 6541231.26132788 -104.17576320000049
v -553953.3135473448 6541231.082957913 -104.17576320000049
v -553954.0708775875 6541230.911561697 -104.17576320000049
v -553954.4677277344 6541230.634915782 -104.17576320000049
v -553954.3651895374 6541230.212463019 -104.17576320000049
v -553954.2626513157 6541229.790010281 -104.17576320000049
v -553954.2626513157 6541229.790010281 -104.17576320000049
v -553954.2626513157 6541229.790010281 -104.17576320000049
v -553954.2626513157 6541229.790010281 -104.17576320000049
v -553954.2626513157 6541229.790010281 -104.17576320000049
v -553954.2626513157 6541229.790010281 -104.17576320000049
v -553954.2626513157 6541229.790010281 -104.17576320000049
v -553954.2626513157 6541229.790010281 -104.17576320000049
v -553954.2626513157 6541229.790010281 -104.17576320000049
v -553954.2626513157 6541229.790010281 -104.17576320000049
v -553954.2626513157 6541229.790010281 -104.17576320000049
v -553954.2626513157 6541229.790010281 -104.17576320000049
v -553973.9034960816 6541383.110042328 -104.28183360000048
v -553973.9034960816 6541383.110042328 -104.28183360000048
v -553973.9034960816 6541383.110042328 -104.28183360000048
v -553973.9034960816 6541383.110042328 -104.28183360000048
v -553973.9034960816 6541383.110042328 -104.28183360000048
v -553973.9034960816 6541383.110042328 -104.28183360000048
v -553973.9034960816 6541383.110042328 -104.28183360000048
v -553973.9034960816 6541383.110042328 -104.28183360000048
v -553973.9034960816 6541383.110042328 -104.28183360000048
v -553973.9034960816 6541383.110042328 -104.28183360000048
v -553973.9034960816 6541383.110042328 -104.28183360000048
v -553973.9034960816 6541383.110042328 -104.28183360000048
v -553973.9034960816 6541383.110042328 -104.28183360000048
v -553973.8009578517 6541382.687589597 -104.28183360000048
v -553973.6984196288 6541382.2651368575 -104.28183360000048
v -553973.5958814144 6541381.842684112 -104.28183360000048
v -553972.9324995553 6541381.256481404 -104.28183360000048
v -553973.3908049619 6541380.997778643 -104.28183360000048
v -553973.2882667392 6541380.575325904 -104.28183360000048
v -553973.185728525 6541380.1528731575 -104.28183360000048
v -553973.083190303 6541379.730420419 -104.28183360000048
v -553972.9806520725 6541379.307967688 -104.28183360000048
v -553972.8781138496 6541378.8855149485 -104.28183360000048
v -553972.7755756357 6541378.463062203 -104.28183360000048
v -553972.6730374052 6541378.040609472 -104.28183360000048
v -553972.5704991819 6541377.618156732 -104.28183360000048
v -553972.4067119858 6541377.177821071 -104.28183360000048
v -553972.3654227424 6541376.773251251 -104.28183360000048
v -553972.2628845151 6541376.350798517 -104.28183360000048
v -553972.1603462922 6541375.928345778 -104.28183360000048
v -553972.0578080787 6541375.505893031 -104.28183360000048
v -553971.9552698567 6541375.083440293 -104.28183360000048
v -553971.8527316257 6541374.6609875625 -104.28183360000048
v -553969.9946047672 6541373.725954193 -104.28183360000048
v -553970.3662640187 6541373.441953261 -104.28183360000048
v -553971.1235942175 6541373.270557 -104.28183360000048
v -553971.4425787355 6541372.971176608 -104.28183360000048
v -553971.3400405126 6541372.548723869 -104.28183360000048
v -553971.2375022996 6541372.126271121 -104.28183360000048
v -553971.1349640774 6541371.703818383 -104.28183360000048
v -553971.0324258457 6541371.2813656535 -104.28183360000048
v -553968.5656967668 6541370.168638201 -104.28183360000048
v -553968.4631585547 6541369.746185454 -104.28183360000048
v -553969.0831462494 6541369.534689191 -104.28183360000048
v -553969.8404764652 6541369.3632929465 -104.28183360000048
v -553970.5197347334 6541369.16910196 -104.28183360000048
v -553970.4171965208 6541368.746649212 -104.28183360000048
v -553967.9504674326 6541367.63392177 -104.28183360000048
v -553968.627417018 6541367.439056716 -104.28183360000048
v -553969.3847471988 6541367.267660436 -104.28183360000048
v -553966.6710390142 6541366.082822295 -104.28183360000048
v -553967.4283692319 6541365.911426053 -104.28183360000048
v -553967.4377763193 6541365.521658076 -104.28183360000048
v -553964.9710472526 6541364.408930614 -104.28183360000048
v -553964.8685090253 6541363.986477881 -104.28183360000048
v -553964.7659707962 6541363.564025149 -104.28183360000048
v -553964.6634325732 6541363.141572409 -104.28183360000048
v -553964.5608943624 6541362.719119659 -104.28183360000048
v -553964.4583561402 6541362.29666692 -104.28183360000048
v -553964.3558179059 6541361.874214194 -104.28183360000048
v -553964.2532796828 6541361.451761454 -104.28183360000048
v -553964.1507414726 6541361.029308704 -104.28183360000048
v -553964.0482032504 6541360.606855966 -104.28183360000048
v -553963.9456650157 6541360.184403239 -104.28183360000048
v -553963.3895082915 6541359.629507139 -104.28183360000048
v -553963.7405885836 6541359.33949775 -104.28183360000048
v -553963.638050362 6541358.917045011 -104.28183360000048
v -553963.5355121272 6541358.494592285 -104.28183360000048
v -553963.4329739044 6541358.072139545 -104.28183360000048
v -553963.3304356947 6541357.649686795 -104.28183360000048
v -553963.2278974599 6541357.227234068 -104.28183360000048
v -553963.1253592366 6541356.804781329 -104.28183360000048
v -553963.0228210273 6541356.382328578 -104.28183360000048
v -553962.920282805 6541355.95987584 -104.28183360000048
v -553962.81774457 6541355.537423114 -104.28183360000048
v -553962.7152063468 6541355.114970375 -104.28183360000048
v -553963.221368305 6541354.870240303 -104.28183360000048
v -553962.5101299156 6541354.270064885 -104.28183360000048
v -553962.4075916802 6541353.847612159 -104.28183360000048
v -553962.3050534514 6541353.4251594255 -104.28183360000048
v -553962.2025152483 6541353.002706669 -104.28183360000048
v -553962.0999770262 6541352.580253931 -104.28183360000048
v -553959.6332479338 6541351.467526492 -104.28183360000048
v -553959.5307097109 6541351.045073752 -104.28183360000048
v -553959.4281715028 6541350.622621001 -104.28183360000048
v -553959.3256332807 6541350.200168262 -104.28183360000048
v -553959.223095044 6541349.777715538 -104.28183360000048
v -553959.1205568213 6541349.355262798 -104.28183360000048
v -553959.0180186135 6541348.932810046 -104.28183360000048
v -553958.9154803914 6541348.510357307 -104.28183360000048
v -553958.8129421542 6541348.087904583 -104.28183360000048
v -553958.7104039313 6541347.665451843 -104.28183360000048
v -553958.6078657237 6541347.242999091 -104.28183360000048
v -553958.5053274867 6541346.820546367 -104.28183360000048
v -553958.4027892635 6541346.398093627 -104.28183360000048
v -553958.3002510563 6541345.975640874 -104.28183360000048
v -553958.197712834 6541345.553188136 -104.28183360000048
v -553958.0951745976 6541345.130735412 -104.28183360000048
v -553957.9926363745 6541344.708282673 -104.28183360000048
v -553957.8900981676 6541344.28582992 -104.28183360000048
v -553955.4233690893 6541343.173102468 -104.28183360000048
v -553955.3208308511 6541342.750649745 -104.28183360000048
v -553955.218292628 6541342.328197005 -104.28183360000048
v -553955.1157544223 6541341.905744252 -104.28183360000048
v -553955.0132161998 6541341.483291513 -104.28183360000048
v -553954.9106779614 6541341.060838791 -104.28183360000048
v -553954.8081397314 6541340.638386058 -104.28183360000048
v -553954.7056015325 6541340.215933297 -104.28183360000048
v -553954.6030633105 6541339.793480558 -104.28183360000048
v -553954.5005250713 6541339.371027836 -104.28183360000048
v -553953.4888694104 6541338.683139344 -104.28183360000048
v -553954.2461995794 6541338.511743053 -104.28183360000048
v -553954.1929104209 6541338.103669603 -104.28183360000048
v -553954.0903721821 6541337.681216882 -104.28183360000048
v -553954.5898355487 6541337.434531032 -104.28183360000048
v -553955.3471657181 6541337.263134741 -104.28183360000048
v -553955.3331540547 6541336.866529174 -104.28183360000048
v -553956.0444101485 6541336.681680639 -104.28183360000048
v -553955.9418719256 6541336.2592279 -104.28183360000048
v -553955.8393337198 6541335.8367751455 -104.28183360000048
v -553955.7367954812 6541335.414322424 -104.28183360000048
v -553954.1060829714 6541334.545687404 -104.28183360000048
v -553954.8634131405 6541334.374291113 -104.28183360000048
v -553955.4291808306 6541334.146964191 -104.28183360000048
v -553955.3266425916 6541333.724511469 -104.28183360000048
v -553952.8599135121 6541332.611784017 -104.28183360000048
v -553953.2646827595 6541332.337450228 -104.28183360000048
v -553954.0220129581 6541332.166053967 -104.28183360000048
v -553954.7793431866 6541331.994657735 -104.28183360000048
v -553952.4497606226 6541330.921973062 -104.28183360000048
v -553952.8229651737 6541330.638423303 -104.28183360000048
v -553953.5802953723 6541330.467027042 -104.28183360000048
v -553954.3376256012 6541330.295630812 -104.28183360000048
v -553954.4037985817 6541329.922436828 -104.28183360000048
v -553954.3012603845 6541329.499984065 -104.28183360000048
v -553954.1987221623 6541329.077531327 -104.28183360000048
v -553954.0961839225 6541328.655078605 -104.28183360000048
v -553954.6532382142 6541328.425207625 -104.28183360000048
v -553955.4105683824 6541328.253811333 -104.28183360000048
v -553956.1527601285 6541328.077995085 -104.28183360000048
v -553956.0502218892 6541327.655542363 -104.28183360000048
v -553955.9476836661 6541327.233089624 -104.28183360000048
v -553955.8451454609 6541326.810636869 -104.28183360000048
v -553955.7426072218 6541326.388184147 -104.28183360000048
v -553956.0978402933 6541326.099387262 -104.28183360000048
v -553956.8551704623 6541325.927990971 -104.28183360000048
v -553957.6125006608 6541325.756594709 -104.28183360000048
v -553955.3324543322 6541324.698373193 -104.28183360000048
v -553956.0417936384 6541324.512964991 -104.28183360000048
v -553956.799123807 6541324.341568699 -104.28183360000048
v -553957.3890305378 6541324.121289673 -104.28183360000048
v -553957.2864922988 6541323.698836951 -104.28183360000048
v -553957.1839540758 6541323.276384211 -104.28183360000048
v -553957.0814158708 6541322.853931457 -104.28183360000048
v -553956.9788776486 6541322.431478718 -104.28183360000048
v -553956.8763394095 6541322.009025997 -104.28183360000048
v -553956.7738011864 6541321.586573257 -104.28183360000048
v -553957.4583723583 6541321.393933462 -104.28183360000048
v -553958.2157025569 6541321.222537201 -104.28183360000048
v -553958.8303773762 6541321.009489754 -104.28183360000048
v -553958.7278391456 6541320.587037022 -104.28183360000048
v -553958.6253009475 6541320.16458426 -104.28183360000048
v -553959.3166686968 6541319.973928889 -104.28183360000048
v -553960.0739989243 6541319.802532658 -104.28183360000048
v -553960.6818771195 6541319.587500773 -104.28183360000048
v -553960.5793389141 6541319.165048019 -104.28183360000048
v -553960.476800675 6541318.742595296 -104.28183360000048
v -553960.3742624519 6541318.320142557 -104.28183360000048
v -553960.2717242468 6541317.897689803 -104.28183360000048
v -553960.7612707751 6541317.648108527 -104.28183360000048
v -553961.5186010025 6541317.476712295 -104.28183360000048
v -553962.275931202 6541317.305316033 -104.28183360000048
v -553959.9478939213 6541316.233082517 -104.28183360000048
v -553960.7052241198 6541316.061686255 -104.28183360000048
v -553961.4625543475 6541315.890290024 -104.28183360000048
v -553961.9181475291 6541315.630795361 -104.28183360000048
v -553961.815609324 6541315.208342606 -104.28183360000048
v -553961.7130711018 6541314.785889869 -104.28183360000048
v -553961.6105328631 6541314.363437146 -104.28183360000048
v -553961.7781669602 6541314.019866836 -104.28183360000048
v -553962.5354971301 6541313.848470546 -104.28183360000048
v -553963.2928273287 6541313.677074285 -104.28183360000048
v -553963.5645708297 6541313.363900904 -104.28183360000048
v -553963.6504749615 6541312.996467831 -104.28183360000048
v -553964.4078051322 6541312.825071542 -104.28183360000048
v -553965.1651353308 6541312.6536752805 -104.28183360000048
v -553965.5186087964 6541312.364364662 -104.28183360000048
v -553963.0518797097 6541311.251637217 -104.28183360000048
v -553962.9493415109 6541310.829184456 -104.28183360000048
v -553962.8468032721 6541310.406731733 -104.28183360000048
v -553962.7442650489 6541309.984278994 -104.28183360000048
v -553962.6417268434 6541309.561826239 -104.28183360000048
v -553962.5391886214 6541309.139373501 -104.28183360000048
v -553962.4366503826 6541308.716920778 -104.28183360000048
v -553962.3341121597 6541308.294468039 -104.28183360000048
v -553962.2315739547 6541307.872015284 -104.28183360000048
v -553959.7648448766 6541306.759287832 -104.28183360000048
v -553960.3689442183 6541306.543152656 -104.28183360000048
v -553961.1262744179 6541306.371756394 -104.28183360000048
v -553959.9552499301 6541305.637336836 -104.28183360000048
v -553960.7125801287 6541305.465940575 -104.28183360000048
v -553961.4699103578 6541305.294544345 -104.28183360000048
v -553961.8415696258 6541305.010543429 -104.28183360000048
v -553962.5988997944 6541304.8391471375 -104.28183360000048
v -553962.1992171991 6541304.329936917 -104.28183360000048
v -553962.9565474277 6541304.158540686 -104.28183360000048
v -553963.4678443469 6541303.915309888 -104.28183360000048
v -553963.3653061417 6541303.492857133 -104.28183360000048
v -553963.2627679196 6541303.070404395 -104.28183360000048
v -553963.1602296804 6541302.647951673 -104.28183360000048
v -553963.657830972 6541302.400722153 -104.28183360000048
v -553964.4151611412 6541302.229325861 -104.28183360000048
v -553965.1724913811 6541302.057929642 -104.28183360000048
v -553965.1142676461 6541301.64841543 -104.28183360000048
v -553965.5301389444 6541301.377323117 -104.28183360000048
v -553966.2874691429 6541301.205926856 -104.28183360000048
v -553967.04479937 6541301.034530624 -104.28183360000048
v -553967.068305613 6541300.648879188 -104.28183360000048
v -553966.9657674076 6541300.226426435 -104.28183360000048
v -553967.0027643497 6541299.844713891 -104.28183360000048
v -553967.7600945766 6541299.673317658 -104.28183360000048
v -553968.5174247761 6541299.501921396 -104.28183360000048
v -553968.919805374 6541299.226890193 -104.28183360000048
v -553969.6464142139 6541299.046524192 -104.28183360000048
v -553970.4037444396 6541298.875127958 -104.28183360000048
v -553970.9763815468 6541298.649806704 -104.28183360000048
v -553970.87384334 6541298.227353952 -104.28183360000048
v -553970.7713051178 6541297.804901213 -104.28183360000048
v -553970.6687668802 6541297.38244849 -104.28183360000048
v -553970.5662286571 6541296.95999575 -104.28183360000048
v -553970.4636904509 6541296.537542997 -104.28183360000048
v -553970.3611522286 6541296.115090258 -104.28183360000048
v -553970.2586139907 6541295.692637536 -104.28183360000048
v -553970.6633103987 6541295.4182825005 -104.28183360000048
v -553971.4206405702 6541295.246886211 -104.28183360000048
v -553972.1779707954 6541295.075489977 -104.28183360000048
v -553972.2126519565 6541294.6931012925 -104.28183360000048
v -553972.1101137495 6541294.270648539 -104.28183360000048
v -553972.0075755274 6541293.848195801 -104.28183360000048
v -553971.9050372831 6541293.425743084 -104.28183360000048
v -553971.8024990666 6541293.0032903375 -104.28183360000048
v -553971.6999608603 6541292.580837584 -104.28183360000048
v -553971.597422638 6541292.158384847 -104.28183360000048
v -553972.0658774852 6541291.902645434 -104.28183360000048
v -553972.8232076847 6541291.731249172 -104.28183360000048
v -553973.5805378568 6541291.559852884 -104.28183360000048
v -553973.5514606043 6541291.158848605 -104.28183360000048
v -553973.4489223671 6541290.736395881 -104.28183360000048
v -553973.9241738229 6541290.482640861 -104.28183360000048
v -553974.6815039953 6541290.3112445725 -104.28183360000048
v -553975.4388341939 6541290.139848311 -104.28183360000048
v -553975.402960334 6541289.736859639 -104.28183360000048
v -553975.3004221108 6541289.3144069 -104.28183360000048
v -553975.1978839036 6541288.891954147 -104.28183360000048
v -553975.0953456813 6541288.469501409 -104.28183360000048
v -553974.9928074442 6541288.047048684 -104.28183360000048
v -553974.8902692213 6541287.624595945 -104.28183360000048
v -553974.7877310143 6541287.202143192 -104.28183360000048
v -553975.3267409094 6541286.967003794 -104.28183360000048
v -553976.0840711091 6541286.795607532 -104.28183360000048
v -553976.8414012818 6541286.624211245 -104.28183360000048
v -553976.7417689802 6541286.202606951 -104.28183360000048
v -553974.2750398867 6541285.089879514 -104.28183360000048
v -553974.1725016639 6541284.667426774 -104.28183360000048
v -553971.7057726017 6541283.554699307 -104.28183360000048
v -553971.6032343796 6541283.13224657 -104.28183360000048
v -553971.5006961338 6541282.709793854 -104.28183360000048
v -553971.3981579178 6541282.287341107 -104.28183360000048
v -553971.7155858638 6541281.987506209 -104.28183360000048
v -553972.4729160622 6541281.816109948 -104.28183360000048
v -553973.230246289 6541281.644713716 -104.28183360000048
v -553973.3521958842 6541281.287804865 -104.28183360000048
v -553973.2496576782 6541280.865352112 -104.28183360000048
v -553973.1471194562 6541280.442899373 -104.28183360000048
v -553973.0445812179 6541280.020446651 -104.28183360000048
v -553972.9420429949 6541279.59799391 -104.28183360000048
v -553972.8395047891 6541279.175541157 -104.28183360000048
v -553972.7369665668 6541278.753088418 -104.28183360000048
v -553972.6344283283 6541278.330635696 -104.28183360000048
v -553972.5318901051 6541277.908182956 -104.28183360000048
v -553972.4293518995 6541277.485730202 -104.28183360000048
v -553972.3268136606 6541277.063277479 -104.28183360000048
v -553972.2242754378 6541276.64082474 -104.28183360000048
v -553972.1217372321 6541276.2183719855 -104.28183360000048
v -553969.6550081539 6541275.105644533 -104.28183360000048
v -553967.1882790579 6541273.992917099 -104.28183360000048
v -553967.0857408349 6541273.57046436 -104.28183360000048
v -553966.9832026311 6541273.148011604 -104.28183360000048
v -553966.4216304781 6541272.591534358 -104.28183360000048
v -553966.7781261682 6541272.303106145 -104.28183360000048
v -553966.675587945 6541271.880653406 -104.28183360000048
v -553966.5730497417 6541271.458200649 -104.28183360000048
v -553966.4705115196 6541271.035747911 -104.28183360000048
v -553966.3679732702 6541270.613295198 -104.28183360000048
v -553966.2654350554 6541270.190842451 -104.28183360000048
v -553966.1628968521 6541269.768389694 -104.28183360000048
v -553966.0603586299 6541269.345936956 -104.28183360000048
v -553965.9578203887 6541268.923484236 -104.28183360000048
v -553966.2815138745 6541268.625478713 -104.28183360000048
v -553967.0388440402 6541268.454082418 -104.28183360000048
v -553967.7961742388 6541268.282686156 -104.28183360000048
v -553967.911858355 6541267.923947994 -104.28183360000048
v -553967.8093201321 6541267.501495254 -104.28183360000048
v -553967.7067819287 6541267.079042498 -104.28183360000048
v -553967.6042437064 6541266.65658976 -104.28183360000048
v -553967.5017054655 6541266.23413704 -104.28183360000048
v -553967.3991672428 6541265.8116843 -104.28183360000048
v -553968.0837635235 6541265.619051835 -104.28183360000048
v -553968.8410937544 6541265.447655606 -104.28183360000048
v -553969.4557434315 6541265.234600796 -104.28183360000048
v -553969.3532052276 6541264.81214804 -104.28183360000048
v -553969.2506670059 6541264.389695302 -104.28183360000048
v -553969.1707180308 6541263.973837988 -104.28183360000048
v -553969.9280482305 6541263.8024417255 -104.28183360000048
v -553970.685378397 6541263.631045432 -104.28183360000048
v -553971.2047049721 6541263.39015906 -104.28183360000048
v -553971.102166732 6541262.967706339 -104.28183360000048
v -553970.9996285093 6541262.5452536 -104.28183360000048
v -553971.0150026722 6541262.157227813 -104.28183360000048
v -553971.772332871 6541261.985831552 -104.28183360000048
v -553972.5296631139 6541261.814435336 -104.28183360000048
v -553972.9536664754 6541261.545717359 -104.28183360000048
v -553972.8511282714 6541261.123264603 -104.28183360000048
v -553972.8732990107 6541260.737223241 -104.28183360000048
v -553973.6306292407 6541260.565827011 -104.28183360000048
v -553974.3879594406 6541260.394430749 -104.28183360000048
v -553974.8051662372 6541260.123728361 -104.28183360000048
v -553974.7456070113 6541259.713824235 -104.28183360000048
v -553975.5029372401 6541259.542428005 -104.28183360000048
v -553976.2602674395 6541259.371031743 -104.28183360000048
v -553976.2602674395 6541259.371031743 -104.28183360000048
v -553976.2602674395 6541259.371031743 -104.28183360000048
v -553976.2602674395 6541259.371031743 -104.28183360000048
v -553976.2602674395 6541259.371031743 -104.28183360000048
v -553976.2602674395 6541259.371031743 -104.28183360000048
v -553976.2602674395 6541259.371031743 -104.28183360000048
v -553976.2602674395 6541259.371031743 -104.28183360000048
v -553976.2602674395 6541259.371031743 -104.28183360000048
v -553976.2602674395 6541259.371031743 -104.28183360000048
v -553976.2602674395 6541259.371031743 -104.28183360000048
v -553976.2602674395 6541259.371031743 -104.28183360000048
v -553976.2602674395 6541259.371031743 -104.28183360000048
v -553976.2602674395 6541259.371031743 -104.28183360000048
v -553976.2602674395 6541259.371031743 -104.28183360000048
v -553976.2602674395 6541259.371031743 -104.28183360000048
v -553976.2602674395 6541259.371031743 -104.28183360000048
v -553976.2602674395 6541259.371031743 -104.28183360000048
v -553976.2602674395 6541259.371031743 -104.28183360000048
v -553976.2602674395 6541259.371031743 -104.28183360000048
v -553976.2602674395 6541259.371031743 -104.28183360000048
v -553976.2602674395 6541259.371031743 -104.28183360000048
v -553976.2602674395 6541259.371031743 -104.28183360000048
v -553976.2602674395 6541259.371031743 -104.28183360000048
v -553976.2602674395 6541259.371031743 -104.28183360000048
v -553976.2602674395 6541259.371031743 -104.28183360000048
v -553976.2602674395 6541259.371031743 -104.28183360000048
v -553976.2602674395 6541259.371031743 -104.28183360000048
v -553976.2602674395 6541259.371031743 -104.28183360000048
v -553976.2602674395 6541259.371031743 -104.28183360000048
v -553976.2602674395 6541259.371031743 -104.28183360000048
v -553976.2602674395 6541259.371031743 -104.28183360000048
v -553976.2602674395 6541259.371031743 -104.28183360000048
v -553976.2602674395 6541259.371031743 -104.28183360000048
v -553976.2602674395 6541259.371031743 -104.28183360000048
v -553976.2602674395 6541259.371031743 -104.28183360000048
v -553976.2602674395 6541259.371031743 -104.28183360000048
v -553976.2602674395 6541259.371031743 -104.28183360000048
v -553976.2602674395 6541259.371031743 -104.28183360000048
v -553976.2602674395 6541259.371031743 -104.28183360000048
v -553976.2602674395 6541259.371031743 -104.28183360000048
v -553976.2602674395 6541259.371031743 -104.28183360000048
v -553976.2602674395 6541259.371031743 -104.28183360000048
v -553976.2602674395 6541259.371031743 -104.28183360000048
v -553976.2602674395 6541259.371031743 -104.28183360000048
v -553976.2602674395 6541259.371031743 -104.28183360000048
v -553976.2602674395 6541259.371031743 -104.28183360000048
v -553976.2602674395 6541259.371031743 -104.28183360000048
v -553976.2602674395 6541259.371031743 -104.28183360000048
v -553976.2602674395 6541259.371031743 -104.28183360000048
v -553976.2602674395 6541259.371031743 -104.28183360000048
v -553976.2602674395 6541259.371031743 -104.28183360000048
v -553976.2602674395 6541259.371031743 -104.28183360000048
v -553976.2602674395 6541259.371031743 -104.28183360000048
v -553976.2602674395 6541259.371031743 -104.28183360000048
v -553976.2602674395 6541259.371031743 -104.28183360000048
v -553976.2602674395 6541259.371031743 -104.28183360000048
v -553976.2602674395 6541259.371031743 -104.28183360000048
v -553976.2602674395 6541259.371031743 -104.28183360000048
v -553976.2602674395 6541259.371031743 -104.28183360000048
v -553976.2602674395 6541259.371031743 -104.28183360000048
v -553976.2602674395 6541259.371031743 -104.28183360000048
v -553976.2602674395 6541259.371031743 -104.28183360000048
v -553976.2602674395 6541259.371031743 -104.28183360000048
v -553976.2602674395 6541259.371031743 -104.28183360000048
v -553976.2602674395 6541259.371031743 -104.28183360000048
v -553976.2602674395 6541259.371031743 -104.28183360000048
v -553976.2602674395 6541259.371031743 -104.28183360000048
v -553976.2602674395 6541259.371031743 -104.28183360000048
v -553976.2602674395 6541259.371031743 -104.28183360000048
v -553976.2602674395 6541259.371031743 -104.28183360000048
f 1 401 402
f 1 402 2
f 2 402 403
f 2 403 3
f 3 403 404
f 3 404 4
f 4 404 405
f 4 405 5
f 5 405 406
f 5 406 6
f 6 406 407
f 6 407 7
f 7 407 408
f 7 408 8
f 8 408 409
f 8 409 9
f 9 409 410
f 9 410 10
f 10 410 411
f 10 411 11
f 11 411 412
f 11 412 12
f 12 412 413
f 12 413 13
f 13 413 414
f 13 414 14
f 14 414 415
f 14 415 15
f 15 415 416
f 15 416 16
f 16 416 417
f 16 417 17
f 17 417 418
f 17 418 18
f 18 418 419
f 18 419 19
f 19 419 420
f 19 420 20
f 20 420 421
f 20 421 21
f 21 421 422
f 21 422 22
f 22 422 423
f 22 423 23
f 23 423 424
f 23 424 24
f 24 424 425
f 24 425 25
f 25 425 426
f 25 426 26
f 26 426 427
f 26 427 27
f 27 427 428
f 27 428 28
f 28 428 429
f 28 429 29
f 29 429 430
f 29 430 30
f 30 430 431
f 30 431 31
f 31 431 432
f 31 432 32
f 32 432 433
f 32 433 33
f 33 433 434
f 33 434 34
f 34 434 435
f 34 435 35
f 35 435 436
f 35 436 36
f 36 436 437
f 36 437 37
f 37 437 438
f 37 438 38
f 38 438 439
f 38 439 39
f 39 439 440
f 39 440 40
f 40 440 441
f 40 441 41
f 41 441 442
f 41 442 42
f 42 442 443
f 42 443 43
f 43 443 444
f 43 444 44
f 44 444 445
f 44 445 45
f 45 445 446
f 45 446 46
f 46 446 447
f 46 447 47
f 47 447 448
f 47 448 48
f 48 448 449
f 48 449 49
f 49 449 450
f 49 450 50
f 50 450 451
f 50 451 51
f 51 451 452
f 51 452 52
f 52 452 453
f 52 453 53
f 53 453 454
f 53 454 54
f 54 454 455
f 54 455 55
f 55 455 456
f 55 456 56
f 56 456 457
f 56 457 57
f 57 457 458
f 57 458 58
f 58 458 459
f 58 459 59
f 59 459 460
f 59 460 60
f 60 460 461
f 60 461 61
f 61 461 462
f 61 462 62
f 62 462 463
f 62 463 63
f 63 463 464
f 63 464 64
f 64 464 465
f 64 465 65
f 65 465 466
f 65 466 66
f 66 466 467
f 66 467 67
f 67 467 468
f 67 468 68
f 68 468 469
f 68 469 69
f 69 469 470
f 69 470 70
f 70 470 471
f 70 471 71
f 71 471 472
f 71 472 72
f 72 472 473
f 72 473 73
f 73 473 474
f 73 474 74
f 74 474 475
f 74 475 75
f 75 475 476
f 75 476 76
f 76 476 477
f 76 477 77
f 77 477 478
f 77 478 78
f 78 478 479
f 78 479 79
f 79 479 480
f 79 480 80
f 80 480 481
f 80 481 81
f 81 481 482
f 81 482 82
f 82 482 483
f 82 483 83
f 83 483 484
f 83 484 84
f 84 484 485
f 84 485 85
f 85 485 486
f 85 486 86
f 86 486 487
f 86 487 87
f 87 487 488
f 87 488 88
f 88 488 489
f 88 489 89
f 89 489 490
f 89 490 90
f 90 490 491
f 90 491 91
f 91 491 492
f 91 492 92
f 92 492 493
f 92 493 93
f 93 493 494
f 93 494 94
f 94 494 495
f 94 495 95
f 95 495 496
f 95 496 96
f 96 496 497
f 96 497 97
f 97 497 498
f 97 498 98
f 98 498 499
f 98 499 99
f 99 499 500
f 99 500 100
f 100 500 501
f 100 501 101
f 101 501 502
f 101 502 102
f 102 502 503
f 102 503 103
f 103 503 504
f 103 504 104
f 104 504 505
f 104 505 105
f 105 505 506
f 105 506 106
f 106 506 507
f 106 507 107
f 107 507 508
f 107 508 108
f 108 508 509
f 108 509 109
f 109 509 510
f 109 510 110
f 110 510 511
f 110 511 111
f 111 511 512
f 111 512 112
f 112 512 513
f 112 513 113
f 113 513 514
f 113 514 114
f 114 514 515
f 114 515 115
f 115 515 516
f 115 516 116
f 116 516 517
f 116 517 117
f 117 517 518
f 117 518 118
f 118 518 519
f 118 519 119
f 119 519 520
f 119 520 120
f 120 520 521
f 120 521 121
f 121 521 522
f 121 522 122
f 122 522 523
f 122 523 123
f 123 523 524
f 123 524 124
f 124 524 525
f 124 525 125
f 125 525 526
f 125 526 126
f 126 526 527
f 126 527 127
f 127 527 528
f 127 528 128
f 128 528 529
f 128 529 129
f 129 529 530
f 129 530 130
f 130 530 531
f 130 531 131
f 131 531 532
f 131 532 132
f 132 532 533
f 132 533 133
f 133 533 534
f 133 534 134
f 134 534 535
f 134 535 135
f 135 535 536
f 135 536 136
f 136 536 537
f 136 537 137
f 137 537 538
f 137 538 138
f 138 538 539
f 138 539 139
f 139 539 540
f 139 540 140
f 140 540 541
f 140 541 141
f 141 541 542
f 141 542 142
f 142 542 543
f 142 543 143
f 143 543 544
f 143 544 144
f 144 544 545
f 144 545 145
f 145 545 546
f 145 546 146
f 146 546 547
f 146 547 147
f 147 547 548
f 147 548 148
f 148 548 549
f 148 549 149
f 149 549 550
f 149 550 150
f 150 550 551
f 150 551 151
f 151 551 552
f 151 552 152
f 152 552 553
f 152 553 153
f 153 553 554
f 153 554 154
f 154 554 555
f 154 555 155
f 155 555 556
f 155 556 156
f 156 556 557
f 156 557 157
f 157 557 558
f 157 558 158
f 158 558 559
f 158 559 159
f 159 559 560
f 159 560 160
f 160 560 561
f 160 561 161
f 161 561 562
f 161 562 162
f 162 562 563
f 162 563 163
f 163 563 564
f 163 564 164
f 164 564 565
f 164 565 165
f 165 565 566
f 165 566 166
f 166 566 567
f 166 567 167
f 167 567 568
f 167 568 168
f 168 568 569
f 168 569 169
f 169 569 570
f 169 570 170
f 170 570 571
f 170 571 171
f 171 571 572
f 171 572 172
f 172 572 573
f 172 573 173
f 173 573 574
f 173 574 174
f 174 574 575
f 174 575 175
f 175 575 576
f 175 576 176
f 176 576 577
f 176 577 177
f 177 577 578
f 177 578 178
f 178 578 579
f 178 579 179
f 179 579 580
f 179 580 180
f 180 580 581
f 180 581 181
f 181 581 582
f 181 582 182
f 182 582 583
f 182 583 183
f 183 583 584
f 183 584 184
f 184 584 585
f 184 585 185
f 185 585 586
f 185 586 186
f 186 586 587
f 186 587 187
f 187 587 588
f 187 588 188
f 188 588 589
f 188 589 189
f 189 589 590
f 189 590 190
f 190 590 591
f 190 591 191
f 191 591 592
f 191 592 192
f 192 592 593
f 192 593 193
f 193 593 594
f 193 594 194
f 194 594 595
f 194 595 195
f 195 595 596
f 195 596 196
f 196 596 597
f 196 597 197
f 197 597 598
f 197 598 198
f 198 598 599
f 198 599 199
f 199 599 600
f 199 600 200
f 200 600 601
f 200 601 201
f 201 601 602
f 201 602 202
f 202 602 603
f 202 603 203
f 203 603 604
f 203 604 204
f 204 604 605
f 204 605 205
f 205 605 606
f 205 606 206
f 206 606 607
f 206 607 207
f 207 607 608
f 207 608 208
f 208 608 609
f 208 609 209
f 209 609 610
f 209 610 210
f 210 610 611
f 210 611 211
f 211 611 612
f 211 612 212
f 212 612 613
f 212 613 213
f 213 613 614
f 213 614 214
f 214 614 615
f 214 615 215
f 215 615 616
f 215 616 216
f 216 616 617
f 216 617 217
f 217 617 618
f 217 618 218
f 218 618 619
f 218 619 219
f 219 619 620
f 219 620 220
f 220 620 621
f 220 621 221
f 221 621 622
f 221 622 222
f 222 622 623
f 222 623 223
f 223 623 624
f 223 624 224
f 224 624 625
f 224 625 225
f 225 625 626
f 225 626 226
f 226 626 627
f 226 627 227
f 227 627 628
f 227 628 228
f 228 628 629
f 228 629 229
f 229 629 630
f 229 630 230
f 230 630 631
f 230 631 231
f 231 631 632
f 231 632 232
f 232 632 633
f 232 633 233
f 233 633 634
f 233 634 234
f 234 634 635
f 234 635 235
f 235 635 636
f 235 636 236
f 236 636 637
f 236 637 237
f 237 637 638
f 237 638 238
f 238 638 639
f 238 639 239
f 239 639 640
f 239 640 240
f 240 640 641
f 240 641 241
f 241 641 642
f 241 642 242
f 242 642 643
f 242 643 243
f 243 643 644
f 243 644 244
f 244 644 645
f 244 645 245
f 245 645 646
f 245 646 246
f 246 646 647
f 246 647 247
f 247 647 648
f 247 648 248
f 248 648 649
f 248 649 249
f 249 649 650
f 249 650 250
f 250 650 651
f 250 651 251
f 251 651 652
f 251 652 252
f 252 652 653
f 252 653 253
f 253 653 654
f 253 654 254
f 254 654 655
f 254 655 255
f 255 655 656
f 255 656 256
f 256 656 657
f 256 657 257
f 257 657 658
f 257 658 258
f 258 658 659
f 258 659 259
f 259 659 660
f 259 660 260
f 260 660 661
f 260 661 261
f 261 661 662
f 261 662 262
f 262 662 663
f 262 663 263
f 263 663 664
f 263 664 264
f 264 664 665
f 264 665 265
f 265 665 666
f 265 666 266
f 266 666 667
f 266 667 267
f 267 667 668
f 267 668 268
f 268 668 669
f 268 669 269
f 269 669 670
f 269 670 270
f 270 670 671
f 270 671 271
f 271 671 672
f 271 672 272
f 272 672 673
f 272 673 273
f 273 673 674
f 273 674 274
f 274 674 675
f 274 675 275
f 275 675 676
f 275 676 276
f 276 676 677
f 276 677 277
f 277 677 678
f 277 678 278
f 278 678 679
f 278 679 279
f 279 679 680
f 279 680 280
f 280 680 681
f 280 681 281
f 281 681 682
f 281 682 282
f 282 682 683
f 282 683 283
f 283 683 684
f 283 684 284
f 284 684 685
f 284 685 285
f 285 685 686
f 285 686 286
f 286 686 687
f 286 687 287
f 287 687 688
f 287 688 288
f 288 688 689
f 288 689 289
f 289 689 690
f 289 690 290
f 290 690 691
f 290 691 291
f 291 691 692
f 291 692 292
f 292 692 693
f 292 693 293
f 293 693 694
f 293 694 294
f 294 694 695
f 294 695 295
f 295 695 696
f 295 696 296
f 296 696 697
f 296 697 297
f 297 697 698
f 297 698 298
f 298 698 699
f 298 699 299
f 299 699 700
f 299 700 300
f 300 700 701
f 300 701 301
f 301 701 702
f 301 702 302
f 302 702 703
f 302 703 303
f 303 703 704
f 303 704 304
f 304 704 705
f 304 705 305
f 305 705 706
f 305 706 306
f 306 706 707
f 306 707 307
f 307 707 708
f 307 708 308
f 308 708 709
f 308 709 309
f 309 709 710
f 309 710 310
f 310 710 711
f 310 711 311
f 311 711 712
f 311 712 312
f 312 712 713
f 312 713 313
f 313 713 714
f 313 714 314
f 314 714 715
f 314 715 315
f 315 715 716
f 315 716 316
f 316 716 717
f 316 717 317
f 317 717 718
f 317 718 318
f 318 718 719
f 318 719 319
f 319 719 720
f 319 720 320
f 320 720 721
f 320 721 321
f 321 721 722
f 321 722 322
f 322 722 723
f 322 723 323
f 323 723 724
f 323 724 324
f 324 724 725
f 324 725 325
f 325 725 726
f 325 726 326
f 326 726 727
f 326 727 327
f 327 727 728
f 327 728 328
f 328 728 729
f 328 729 329
f 329 729 730
f 329 730 330
f 330 730 731
f 330 731 331
f 331 731 732
f 331 732 332
f 332 732 733
f 332 733 333
f 333 733 734
f 333 734 334
f 334 734 735
f 334 735 335
f 335 735 736
f 335 736 336
f 336 736 737
f 336 737 337
f 337 737 738
f 337 738 338
f 338 738 739
f 338 739 339
f 339 739 740
f 339 740 340
f 340 740 741
f 340 741 341
f 341 741 742
f 341 742 342
f 342 742 743
f 342 743 343
f 343 743 744
f 343 744 344
f 344 744 745
f 344 745 345
f 345 745 746
f 345 746 346
f 346 746 747
f 346 747 347
f 347 747 748
f 347 748 348
f 348 748 749
f 348 749 349
f 349 749 750
f 349 750 350
f 350 750 751
f 350 751 351
f 351 751 752
f 351 752 352
f 352 752 753
f 352 753 353
f 353 753 754
f 353 754 354
f 354 754 755
f 354 755 355
f 355 755 756
f 355 756 356
f 356 756 757
f 356 757 357
f 357 757 758
f 357 758 358
f 358 758 759
f 358 759 359
f 359 759 760
f 359 760 360
f 360 760 761
f 360 761 361
f 361 761 762
f 361 762 362
f 362 762 763
f 362 763 363
f 363 763 764
f 363 764 364
f 364 764 765
f 364 765 365
f 365 765 766
f 365 766 366
f 366 766 767
f 366 767 367
f 367 767 768
f 367 768 368
f 368 768 769
f 368 769 369
f 369 769 770
f 369 770 370
f 370 770 771
f 370 771 371
f 371 771 772
f 371 772 372
f 372 772 773
f 372 773 373
f 373 773 774
f 373 774 374
f 374 774 775
f 374 775 375
f 375 775 776
f 375 776 376
f 376 776 777
f 376 777 377
f 377 777 778
f 377 778 378
f 378 778 779
f 378 779 379
f 379 779 780
f 379 780 380
f 380 780 781
f 380 781 381
f 381 781 782
f 381 782 382
f 382 782 783
f 382 783 383
f 383 783 784
f 383 784 384
f 384 784 785
f 384 785 385
f 385 785 786
f 385 786 386
f 386 786 787
f 386 787 387
f 387 787 788
f 387 788 388
f 388 788 789
f 388 789 389
f 389 789 790
f 389 790 390
f 390 790 791
f 390 791 391
f 391 791 792
f 391 792 392
f 392 792 793
f 392 793 393
f 393 793 794
f 393 794 394
f 394 794 795
f 394 795 395
f 395 795 796
f 395 796 396
f 396 796 797
f 396 797 397
f 397 797 798
f 397 798 398
f 398 798 799
f 398 799 399
f 399 799 800
f 399 800 400
f 401 801 802
f 401 802 402
f 402 802 803
f 402 803 403
f 403 803 804
f 403 804 404
f 404 804 805
f 404 805 405
f 405 805 806
f 405 806 406
f 406 806 807
f 406 807 407
f 407 807 808
f 407 808 408
f 408 808 809
f 408 809 409
f 409 809 810
f 409 810 410
f 410 810 811
f 410 811 411
f 411 811 812
f 411 812 412
f 412 812 813
f 412 813 413
f 413 813 814
f 413 814 414
f 414 814 815
f 414 815 415
f 415 815 816
f 415 816 416
f 416 816 817
f 416 817 417
f 417 817 818
f 417 818 418
f 418 818 819
f 418 819 419
f 419 819 820
f 419 820 420
f 420 820 821
f 420 821 421
f 421 821 822
f 421 822 422
f 422 822 823
f 422 823 423
f 423 823 824
f 423 824 424
f 424 824 825
f 424 825 425
f 425 825 826
f 425 826 426
f 426 826 827
f 426 827 427
f 427 827 828
f 427 828 428
f 428 828 829
f 428 829 429
f 429 829 830
f 429 830 430
f 430 830 831
f 430 831 431
f 431 831 832
f 431 832 432
f 432 832 833
f 432 833 433
f 433 833 834
f 433 834 434
f 434 834 835
f 434 835 435
f 435 835 836
f 435 836 436
f 436 836 837
f 436 837 437
f 437 837 838
f 437 838 438
f 438 838 839
f 438 839 439
f 439 839 840
f 439 840 440
f 440 840 841
f 440 841 441
f 441 841 842
f 441 842 442
f 442 842 843
f 442 843 443
f 443 843 844
f 443 844 444
f 444 844 845
f 444 845 445
f 445 845 846
f 445 846 446
f 446 846 847
f 446 847 447
f 447 847 848
f 447 848 448
f 448 848 849
f 448 849 449
f 449 849 850
f 449 850 450
f 450 850 851
f 450 851 451
f 451 851 852
f 451 852 452
f 452 852 853
f 452 853 453
f 453 853 854
f 453 854 454
f 454 854 855
f 454 855 455
f 455 855 856
f 455 856 456
f 456 856 857
f 456 857 457
f 457 857 858
f 457 858 458
f 458 858 859
f 458 859 459
f 459 859 860
f 459 860 460
f 460 860 861
f 460 861 461
f 461 861 862
f 461 862 462
f 462 862 863
f 462 863 463
f 463 863 864
f 463 864 464
f 464 864 865
f 464 865 465
f 465 865 866
f 465 866 466
f 466 866 867
f 466 867 467
f 467 867 868
f 467 868 468
f 468 868 869
f 468 869 469
f 469 869 870
f 469 870 470
f 470 870 871
f 470 871 471
f 471 871 872
f 471 872 472
f 472 872 873
f 472 873 473
f 473 873 874
f 473 874 474
f 474 874 875
f 474 875 475
f 475 875 876
f 475 876 476
f 476 876 877
f 476 877 477
f 477 877 878
f 477 878 478
f 478 878 879
f 478 879 479
f 479 879 880
f 479 880 480
f 480 880 881
f 480 881 481
f 481 881 882
f 481 882 482
f 482 882 883
f 482 883 483
f 483 883 884
f 483 884 484
f 484 884 885
f 484 885 485
f 485 885 886
f 485 886 486
f 486 886 887
f 486 887 487
f 487 887 888
f 487 888 488
f 488 888 889
f 488 889 489
f 489 889 890
f 489 890 490
f 490 890 891
f 490 891 491
f 491 891 892
f 491 892 492
f 492 892 893
f 492 893 493
f 493 893 894
f 493 894 494
f 494 894 895
f 494 895 495
f 495 895 896
f 495 896 496
f 496 896 897
f 496 897 497
f 497 897 898
f 497 898 498
f 498 898 899
f 498 899 499
f 499 899 900
f 499 900 500
f 500 900 901
f 500 901 501
f 501 901 902
f 501 902 502
f 502 902 903
f 502 903 503
f 503 903 904
f 503 904 504
f 504 904 905
f 504 905 505
f 505 905 906
f 505 906 506
f 506 906 907
f 506 907 507
f 507 907 908
f 507 908 508
f 508 908 909
f 508 909 509
f 509 909 910
f 509 910 510
f 510 910 911
f 510 911 511
f 511 911 912
f 511 912 512
f 512 912 913
f 512 913 513
f 513 913 914
f 513 914 514
f 514 914 915
f 514 915 515
f 515 915 916
f 515 916 516
f 516 916 917
f 516 917 517
f 517 917 918
f 517 918 518
f 518 918 919
f 518 919 519
f 519 919 920
f 519 920 520
f 520 920 921
f 520 921 521
f 521 921 922
f 521 922 522
f 522 922 923
f 522 923 523
f 523 923 924
f 523 924 524
f 524 924 925
f 524 925 525
f 525 925 926
f 525 926 526
f 526 926 927
f 526 927 527
f 527 927 928
f 527 928 528
f 528 928 929
f 528 929 529
f 529 929 930
f 529 930 530
f 530 930 931
f 530 931 531
f 531 931 932
f 531 932 532
f 532 932 933
f 532 933 533
f 533 933 934
f 533 934 534
f 534 934 935
f 534 935 535
f 535 935 936
f 535 936 536
f 536 936 937
f 536 937 537
f 537 937 938
f 537 938 538
f 538 938 939
f 538 939 539
f 539 939 940
f 539 940 540
f 540 940 941
f 540 941 541
f 541 941 942
f 541 942 542
f 542 942 943
f 542 943 543
f 543 943 944
f 543 944 544
f 544 944 945
f 544 945 545
f 545 945 946
f 545 946 546
f 546 946 947
f 546 947 547
f 547 947 948
f 547 948 548
f 548 948 949
f 548 949 549
f 549 949 950
f 549 950 550
f 550 950 951
f 550 951 551
f 551 951 952
f 551 952 552
f 552 952 953
f 552 953 553
f 553 953 954
f 553 954 554
f 554 954 955
f 554 955 555
f 555 955 956
f 555 956 556
f 556 956 957
f 556 957 557
f 557 957 958
f 557 958 558
f 558 958 959
f 558 959 559
f 559 959 960
f 559 960 560
f 560 960 961
f 560 961 561
f 561 961 962
f 561 962 562
f 562 962 963
f 562 963 563
f 563 963 964
f 563 964 564
f 564 964 965
f 564 965 565
f 565 965 966
f 565 966 566
f 566 966 967
f 566 967 567
f 567 967 968
f 567 968 568
f 568 968 969
f 568 969 569
f 569 969 970
f 569 970 570
f 570 970 971
f 570 971 571
f 571 971 972
f 571 972 572
f 572 972 973
f 572 973 573
f 573 973 974
f 573 974 574
f 574 974 975
f 574 975 575
f 575 975 976
f 575 976 576
f 576 976 977
f 576 977 577
f 577 977 978
f 577 978 578
f 578 978 979
f 578 979 579
f 579 979 980
f 579 980 580
f 580 980 981
f 580 981 581
f 581 981 982
f 581 982 582
f 582 982 983
f 582 983 583
f 583 983 984
f 583 984 584
f 584 984 985
f 584 985 585
f 585 985 986
f 585 986 586
f 586 986 987
f 586 987 587
f 587 987 988
f 587 988 588
f 588 988 989
f 588 989 589
f 589 989 990
f 589 990 590
f 590 990 991
f 590 991 591
f 591 991 992
f 591 992 592
f 592 992 993
f 592 993 593
f 593 993 994
f 593 994 594
f 594 994 995
f 594 995 595
f 595 995 996
f 595 996 596
f 596 996 997
f 596 997 597
f 597 997 998
f 597 998 598
f 598 998 999
f 598 999 599
f 599 999 1000
f 599 1000 600
f 600 1000 1001
f 600 1001 601
f 601 1001 1002
f 601 1002 602
f 602 1002 1003
f 602 1003 603
f 603 1003 1004
f 603 1004 604
f 604 1004 1005
f 604 1005 605
f 605 1005 1006
f 605 1006 606
f 606 1006 1007
f 606 1007 607
f 607 1007 1008
f 607 1008 608
f 608 1008 1009
f 608 1009 609
f 609 1009 1010
f 609 1010 610
f 610 1010 1011
f 610 1011 611
f 611 1011 1012
f 611 1012 612
f 612 1012 1013
f 612 1013 613
f 613 1013 1014
f 613 1014 614
f 614 1014 1015
f 614 1015 615
f 615 1015 1016
f 615 1016 616
f 616 1016 1017
f 616 1017 617
f 617 1017 1018
f 617 1018 618
f 618 1018 1019
f 618 1019 619
f 619 1019 1020
f 619 1020 620
f 620 1020 1021
f 620 1021 621
f 621 1021 1022
f 621 1022 622
f 622 1022 1023
f 622 1023 623
f 623 1023 1024
f 623 1024 624
f 624 1024 1025
f 624 1025 625
f 625 1025 1026
f 625 1026 626
f 626 1026 1027
f 626 1027 627
f 627 1027 1028
f 627 1028 628
f 628 1028 1029
f 628 1029 629
f 629 1029 1030
f 629 1030 630
f 630 1030 1031
f 630 1031 631
f 631 1031 1032
f 631 1032 632
f 632 1032 1033
f 632 1033 633
f 633 1033 1034
f 633 1034 634
f 634 1034 1035
f 634 1035 635
f 635 1035 1036
f 635 1036 636
f 636 1036 1037
f 636 1037 637
f 637 1037 1038
f 637 1038 638
f 638 1038 1039
f 638 1039 639
f 639 1039 1040
f 639 1040 640
f 640 1040 1041
f 640 1041 641
f 641 1041 1042
f 641 1042 642
f 642 1042 1043
f 642 1043 643
f 643 1043 1044
f 643 1044 644
f 644 1044 1045
f 644 1045 645
f 645 1045 1046
f 645 1046 646
f 646 1046 1047
f 646 1047 647
f 647 1047 1048
f 647 1048 648
f 648 1048 1049
f 648 1049 649
f 649 1049 1050
f 649 1050 650
f 650 1050 1051
f 650 1051 651
f 651 1051 1052
f 651 1052 652
f 652 1052 1053
f 652 1053 653
f 653 1053 1054
f 653 1054 654
f 654 1054 1055
f 654 1055 655
f 655 1055 1056
f 655 1056 656
f 656 1056 1057
f 656 1057 657
f 657 1057 1058
f 657 1058 658
f 658 1058 1059
f 658 1059 659
f 659 1059 1060
f 659 1060 660
f 660 1060 1061
f 660 1061 661
f 661 1061 1062
f 661 1062 662
f 662 1062 1063
f 662 1063 663
f 663 1063 1064
f 663 1064 664
f 664 1064 1065
f 664 1065 665
f 665 1065 1066
f 665 1066 666
f 666 1066 1067
f 666 1067 667
f 667 1067 1068
f 667 1068 668
f 668 1068 1069
f 668 1069 669
f 669 1069 1070
f 669 1070 670
f 670 1070 1071
f 670 1071 671
f 671 1071 1072
f 671 1072 672
f 672 1072 1073
f 672 1073 673
f 673 1073 1074
f 673 1074 674
f 674 1074 1075
f 674 1075 675
f 675 1075 1076
f 675 1076 676
f 676 1076 1077
f 676 1077 677
f 677 1077 1078
f 677 1078 678
f 678 1078 1079
f 678 1079 679
f 679 1079 1080
f 679 1080 680
f 680 1080 1081
f 680 1081 681
f 681 1081 1082
f 681 1082 682
f 682 1082 1083
f 682 1083 683
f 683 1083 1084
f 683 1084 684
f 684 1084 1085
f 684 1085 685
f 685 1085 1086
f 685 1086 686
f 686 1086 1087
f 686 1087 687
f 687 1087 1088
f 687 1088 688
f 688 1088 1089
f 688 1089 689
f 689 1089 1090
f 689 1090 690
f 690 1090 1091
f 690 1091 691
f 691 1091 1092
f 691 1092 692
f 692 1092 1093
f 692 1093 693
f 693 1093 1094
f 693 1094 694
f 694 1094 1095
f 694 1095 695
f 695 1095 1096
f 695 1096 696
f 696 1096 1097
f 696 1097 697
f 697 1097 1098
f 697 1098 698
f 698 1098 1099
f 698 1099 699
f 699 1099 1100
f 699 1100 700
f 700 1100 1101
f 700 1101 701
f 701 1101 1102
f 701 1102 702
f 702 1102 1103
f 702 1103 703
f 703 1103 1104
f 703 1104 704
f 704 1104 1105
f 704 1105 705
f 705 1105 1106
f 705 1106 706
f 706 1106 1107
f 706 1107 707
f 707 1107 1108
f 707 1108 708
f 708 1108 1109
f 708 1109 709
f 709 1109 1110
f 709 1110 710
f 710 1110 1111
f 710 1111 711
f 711 1111 1112
f 711 1112 712
f 712 1112 1113
f 712 1113 713
f 713 1113 1114
f 713 1114 714
f 714 1114 1115
f 714 1115 715
f 715 1115 1116
f 715 1116 716
f 716 1116 1117
f 716 1117 717
f 717 1117 1118
f 717 1118 718
f 718 1118 1119
f 718 1119 719
f 719 1119 1120
f 719 1120 720
f 720 1120 1121
f 720 1121 721
f 721 1121 1122
f 721 1122 722
f 722 1122 1123
f 722 1123 723
f 723 1123 1124
f 723 1124 724
f 724 1124 1125
f 724 1125 725
f 725 1125 1126
f 725 1126 726
f 726 1126 1127
f 726 1127 727
f 727 1127 1128
f 727 1128 728
f 728 1128 1129
f 728 1129 729
f 729 1129 1130
f 729 1130 730
f 730 1130 1131
f 730 1131 731
f 731 1131 1132
f 731 1132 732
f 732 1132 1133
f 732 1133 733
f 733 1133 1134
f 733 1134 734
f 734 1134 1135
f 734 1135 735
f 735 1135 1136
f 735 1136 736
f 736 1136 1137
f 736 1137 737
f 737 1137 1138
f 737 1138 738
f 738 1138 1139
f 738 1139 739
f 739 1139 1140
f 739 1140 740
f 740 1140 1141
f 740 1141 741
f 741 1141 1142
f 741 1142 742
f 742 1142 1143
f 742 1143 743
f 743 1143 1144
f 743 1144 744
f 744 1144 1145
f 744 1145 745
f 745 1145 1146
f 745 1146 746
f 746 1146 1147
f 746 1147 747
f 747 1147 1148
f 747 1148 748
f 748 1148 1149
f 748 1149 749
f 749 1149 1150
f 749 1150 750
f 750 1150 1151
f 750 1151 751
f 751 1151 1152
f 751 1152 752
f 752 1152 1153
f 752 1153 753
f 753 1153 1154
f 753 1154 754
f 754 1154 1155
f 754 1155 755
f 755 1155 1156
f 755 1156 756
f 756 1156 1157
f 756 1157 757
f 757 1157 1158
f 757 1158 758
f 758 1158 1159
f 758 1159 759
f 759 1159 1160
f 759 1160 760
f 760 1160 1161
f 760 1161 761
f 761 1161 1162
f 761 1162 762
f 762 1162 1163
f 762 1163 763
f 763 1163 1164
f 763 1164 764
f 764 1164 1165
f 764 1165 765
f 765 1165 1166
f 765 1166 766
f 766 1166 1167
f 766 1167 767
f 767 1167 1168
f 767 1168 768
f 768 1168 1169
f 768 1169 769
f 769 1169 1170
f 769 1170 770
f 770 1170 1171
f 770 1171 771
f 771 1171 1172
f 771 1172 772
f 772 1172 1173
f 772 1173 773
f 773 1173 1174
f 773 1174 774
f 774 1174 1175
f 774 1175 775
f 775 1175 1176
f 775 1176 776
f 776 1176 1177
f 776 1177 777
f 777 1177 1178
f 777 1178 778
f 778 1178 1179
f 778 1179 779
f 779 1179 1180
f 779 1180 780
f 780 1180 1181
f 780 1181 781
f 781 1181 1182
f 781 1182 782
f 782 1182 1183
f 782 1183 783
f 783 1183 1184
f 783 1184 784
f 784 1184 1185
f 784 1185 785
f 785 1185 1186
f 785 1186 786
f 786 1186 1187
f 786 1187 787
f 787 1187 1188
f 787 1188 788
f 788 1188 1189
f 788 1189 789
f 789 1189 1190
f 789 1190 790
f 790 1190 1191
f 790 1191 791
f 791 1191 1192
f 791 1192 792
f 792 1192 1193
f 792 1193 793
f 793 1193 1194
f 793 1194 794
f 794 1194 1195
f 794 1195 795
f 795 1195 1196
f 795 1196 796
f 796 1196 1197
f 796 1197 797
f 797 1197 1198
f 797 1198 798
f 798 1198 1199
f 798 1199 799
f 799 1199 1200
f 799 1200 800
f 801 1201 1202
f 801 1202 802
f 802 1202 1203
f 802 1203 803
f 803 1203 1204
f 803 1204 804
f 804 1204 1205
f 804 1205 805
f 805 1205 1206
f 805 1206 806
f 806 1206 1207
f 806 1207 807
f 807 1207 1208
f 807 1208 808
f 808 1208 1209
f 808 1209 809
f 809 1209 1210
f 809 1210 810
f 810 1210 1211
f 810 1211 811
f 811 1211 1212
f 811 1212 812
f 812 1212 1213
f 812 1213 813
f 813 1213 1214
f 813 1214 814
f 814 1214 1215
f 814 1215 815
f 815 1215 1216
f 815 1216 816
f 816 1216 1217
f 816 1217 817
f 817 1217 1218
f 817 1218 818
f 818 1218 1219
f 818 1219 819
f 819 1219 1220
f 819 1220 820
f 820 1220 1221
f 820 1221 821
f 821 1221 1222
f 821 1222 822
f 822 1222 1223
f 822 1223 823
f 823 1223 1224
f 823 1224 824
f 824 1224 1225
f 824 1225 825
f 825 1225 1226
f 825 1226 826
f 826 1226 1227
f 826 1227 827
f 827 1227 1228
f 827 1228 828
f 828 1228 1229
f 828 1229 829
f 829 1229 1230
f 829 1230 830
f 830 1230 1231
f 830 1231 831
f 831 1231 1232
f 831 1232 832
f 832 1232 1233
f 832 1233 833
f 833 1233 1234
f 833 1234 834
f 834 1234 1235
f 834 1235 835
f 835 1235 1236
f 835 1236 836
f 836 1236 1237
f 836 1237 837
f 837 1237 1238
f 837 1238 838
f 838 1238 1239
f 838 1239 839
f 839 1239 1240
f 839 1240 840
f 840 1240 1241
f 840 1241 841
f 841 1241 1242
f 841 1242 842
f 842 1242 1243
f 842 1243 843
f 843 1243 1244
f 843 1244 844
f 844 1244 1245
f 844 1245 845
f 845 1245 1246
f 845 1246 846
f 846 1246 1247
f 846 1247 847
f 847 1247 1248
f 847 1248 848
f 848 1248 1249
f 848 1249 849
f 849 1249 1250
f 849 1250 850
f 850 1250 1251
f 850 1251 851
f 851 1251 1252
f 851 1252 852
f 852 1252 1253
f 852 1253 853
f 853 1253 1254
f 853 1254 854
f 854 1254 1255
f 854 1255 855
f 855 1255 1256
f 855 1256 856
f 856 1256 1257
f 856 1257 857
f 857 1257 1258
f 857 1258 858
f 858 1258 1259
f 858 1259 859
f 859 1259 1260
f 859 1260 860
f 860 1260 1261
f 860 1261 861
f 861 1261 1262
f 861 1262 862
f 862 1262 1263
f 862 1263 863
f 863 1263 1264
f 863 1264 864
f 864 1264 1265
f 864 1265 865
f 865 1265 1266
f 865 1266 866
f 866 1266 1267
f 866 1267 867
f 867 1267 1268
f 867 1268 868
f 868 1268 1269
f 868 1269 869
f 869 1269 1270
f 869 1270 870
f 870 1270 1271
f 870 1271 871
f 871 1271 1272
f 871 1272 872
f 872 1272 1273
f 872 1273 873
f 873 1273 1274
f 873 1274 874
f 874 1274 1275
f 874 1275 875
f 875 1275 1276
f 875 1276 876
f 876 1276 1277
f 876 1277 877
f 877 1277 1278
f 877 1278 878
f 878 1278 1279
f 878 1279 879
f 879 1279 1280
f 879 1280 880
f 880 1280 1281
f 880 1281 881
f 881 1281 1282
f 881 1282 882
f 882 1282 1283
f 882 1283 883
f 883 1283 1284
f 883 1284 884
f 884 1284 1285
f 884 1285 885
f 885 1285 1286
f 885 1286 886
f 886 1286 1287
f 886 1287 887
f 887 1287 1288
f 887 1288 888
f 888 1288 1289
f 888 1289 889
f 889 1289 1290
f 889 1290 890
f 890 1290 1291
f 890 1291 891
f 891 1291 1292
f 891 1292 892
f 892 1292 1293
f 892 1293 893
f 893 1293 1294
f 893 1294 894
f 894 1294 1295
f 894 1295 895
f 895 1295 1296
f 895 1296 896
f 896 1296 1297
f 896 1297 897
f 897 1297 1298
f 897 1298 898
f 898 1298 1299
f 898 1299 899
f 899 1299 1300
f 899 1300 900
f 900 1300 1301
f 900 1301 901
f 901 1301 1302
f 901 1302 902
f 902 1302 1303
f 902 1303 903
f 903 1303 1304
f 903 1304 904
f 904 1304 1305
f 904 1305 905
f 905 1305 1306
f 905 1306 906
f 906 1306 1307
f 906 1307 907
f 907 1307 1308
f 907 1308 908
f 908 1308 1309
f 908 1309 909
f 909 1309 1310
f 909 1310 910
f 910 1310 1311
f 910 1311 911
f 911 1311 1312
f 911 1312 912
f 912 1312 1313
f 912 1313 913
f 913 1313 1314
f 913 1314 914
f 914 1314 1315
f 914 1315 915
f 915 1315 1316
f 915 1316 916
f 916 1316 1317
f 916 1317 917
f 917 1317 1318
f 917 1318 918
f 918 1318 1319
f 918 1319 919
f 919 1319 1320
f 919 1320 920
f 920 1320 1321
f 920 1321 921
f 921 1321 1322
f 921 1322 922
f 922 1322 1323
f 922 1323 923
f 923 1323 1324
f 923 1324 924
f 924 1324 1325
f 924 1325 925
f 925 1325 1326
f 925 1326 926
f 926 1326 1327
f 926 1327 927
f 927 1327 1328
f 927 1328 928
f 928 1328 1329
f 928 1329 929
f 929 1329 1330
f 929 1330 930
f 930 1330 1331
f 930 1331 931
f 931 1331 1332
f 931 1332 932
f 932 1332 1333
f 932 1333 933
f 933 1333 1334
f 933 1334 934
f 934 1334 1335
f 934 1335 935
f 935 1335 1336
f 935 1336 936
f 936 1336 1337
f 936 1337 937
f 937 1337 1338
f 937 1338 938
f 938 1338 1339
f 938 1339 939
f 939 1339 1340
f 939 1340 940
f 940 1340 1341
f 940 1341 941
f 941 1341 1342
f 941 1342 942
f 942 1342 1343
f 942 1343 943
f 943 1343 1344
f 943 1344 944
f 944 1344 1345
f 944 1345 945
f 945 1345 1346
f 945 1346 946
f 946 1346 1347
f 946 1347 947
f 947 1347 1348
f 947 1348 948
f 948 1348 1349
f 948 1349 949
f 949 1349 1350
f 949 1350 950
f 950 1350 1351
f 950 1351 951
f 951 1351 1352
f 951 1352 952
f 952 1352 1353
f 952 1353 953
f 953 1353 1354
f 953 1354 954
f 954 1354 1355
f 954 1355 955
f 955 1355 1356
f 955 1356 956
f 956 1356 1357
f 956 1357 957
f 957 1357 1358
f 957 1358 958
f 958 1358 1359
f 958 1359 959
f 959 1359 1360
f 959 1360 960
f 960 1360 1361
f 960 1361 961
f 961 1361 1362
f 961 1362 962
f 962 1362 1363
f 962 1363 963
f 963 1363 1364
f 963 1364 964
f 964 1364 1365
f 964 1365 965
f 965 1365 1366
f 965 1366 966
f 966 1366 1367
f 966 1367 967
f 967 1367 1368
f 967 1368 968
f 968 1368 1369
f 968 1369 969
f 969 1369 1370
f 969 1370 970
f 970 1370 1371
f 970 1371 971
f 971 1371 1372
f 971 1372 972
f 972 1372 1373
f 972 1373 973
f 973 1373 1374
f 973 1374 974
f 974 1374 1375
f 974 1375 975
f 975 1375 1376
f 975 1376 976
f 976 1376 1377
f 976 1377 977
f 977 1377 1378
f 977 1378 978
f 978 1378 1379
f 978 1379 979
f 979 1379 1380
f 979 1380 980
f 980 1380 1381
f 980 1381 981
f 981 1381 1382
f 981 1382 982
f 982 1382 1383
f 982 1383 983
f 983 1383 1384
f 983 1384 984
f 984 1384 1385
f 984 1385 985
f 985 1385 1386
f 985 1386 986
f 986 1386 1387
f 986 1387 987
f 987 1387 1388
f 987 1388 988
f 988 1388 1389
f 988 1389 989
f 989 1389 1390
f 989 1390 990
f 990 1390 1391
f 990 1391 991
f 991 1391 1392
f 991 1392 992
f 992 1392 1393
f 992 1393 993
f 993 1393 1394
f 993 1394 994
f 994 1394 1395
f 994 1395 995
f 995 1395 1396
f 995 1396 996
f 996 1396 1397
f 996 1397 997
f 997 1397 1398
f 997 1398 998
f 998 1398 1399
f 998 1399 999
f 999 1399 1400
f 999 1400 1000
f 1000 1400 1401
f 1000 1401 1001
f 1001 1401 1402
f 1001 1402 1002
f 1002 1402 1403
f 1002 1403 1003
f 1003 1403 1404
f 1003 1404 1004
f 1004 1404 1405
f 1004 1405 1005
f 1005 1405 1406
f 1005 1406 1006
f 1006 1406 1407
f 1006 1407 1007
f 1007 1407 1408
f 1007 1408 1008
f 1008 1408 1409
f 1008 1409 1009
f 1009 1409 1410
f 1009 1410 1010
f 1010 1410 1411
f 1010 1411 1011
f 1011 1411 1412
f 1011 1412 1012
f 1012 1412 1413
f 1012 1413 1013
f 1013 1413 1414
f 1013 1414 1014
f 1014 1414 1415
f 1014 1415 1015
f 1015 1415 1416
f 1015 1416 1016
f 1016 1416 1417
f 1016 1417 1017
f 1017 1417 1418
f 1017 1418 1018
f 1018 1418 1419
f 1018 1419 1019
f 1019 1419 1420
f 1019 1420 1020
f 1020 1420 1421
f 1020 1421 1021
f 1021 1421 1422
f 1021 1422 1022
f 1022 1422 1423
f 1022 1423 1023
f 1023 1423 1424
f 1023 1424 1024
f 1024 1424 1425
f 1024 1425 1025
f 1025 1425 1426
f 1025 1426 1026
f 1026 1426 1427
f 1026 1427 1027
f 1027 1427 1428
f 1027 1428 1028
f 1028 1428 1429
f 1028 1429 1029
f 1029 1429 1430
f 1029 1430 1030
f 1030 1430 1431
f 1030 1431 1031
f 1031 1431 1432
f 1031 1432 1032
f 1032 1432 1433
f 1032 1433 1033
f 1033 1433 1434
f 1033 1434 1034
f 1034 1434 1435
f 1034 1435 1035
f 1035 1435 1436
f 1035 1436 1036
f 1036 1436 1437
f 1036 1437 1037
f 1037 1437 1438
f 1037 1438 1038
f 1038 1438 1439
f 1038 1439 1039
f 1039 1439 1440
f 1039 1440 1040
f 1040 1440 1441
f 1040 1441 1041
f 1041 1441 1442
f 1041 1442 1042
f 1042 1442 1443
f 1042 1443 1043
f 1043 1443 1444
f 1043 1444 1044
f 1044 1444 1445
f 1044 1445 1045
f 1045 1445 1446
f 1045 1446 1046
f 1046 1446 1447
f 1046 1447 1047
f 1047 1447 1448
f 1047 1448 1048
f 1048 1448 1449
f 1048 1449 1049
f 1049 1449 1450
f 1049 1450 1050
f 1050 1450 1451
f 1050 1451 1051
f 1051 1451 1452
f 1051 1452 1052
f 1052 1452 1453
f 1052 1453 1053
f 1053 1453 1454
f 1053 1454 1054
f 1054 1454 1455
f 1054 1455 1055
f 1055 1455 1456
f 1055 1456 1056
f 1056 1456 1457
f 1056 1457 1057
f 1057 1457 1458
f 1057 1458 1058
f 1058 1458 1459
f 1058 1459 1059
f 1059 1459 1460
f 1059 1460 1060
f 1060 1460 1461
f 1060 1461 1061
f 1061 1461 1462
f 1061 1462 1062
f 1062 1462 1463
f 1062 1463 1063
f 1063 1463 1464
f 1063 1464 1064
f 1064 1464 1465
f 1064 1465 1065
f 1065 1465 1466
f 1065 1466 1066
f 1066 1466 1467
f 1066 1467 1067
f 1067 1467 1468
f 1067 1468 1068
f 1068 1468 1469
f 1068 1469 1069
f 1069 1469 1470
f 1069 1470 1070
f 1070 1470 1471
f 1070 1471 1071
f 1071 1471 1472
f 1071 1472 1072
f 1072 1472 1473
f 1072 1473 1073
f 1073 1473 1474
f 1073 1474 1074
f 1074 1474 1475
f 1074 1475 1075
f 1075 1475 1476
f 1075 1476 1076
f 1076 1476 1477
f 1076 1477 1077
f 1077 1477 1478
f 1077 1478 1078
f 1078 1478 1479
f 1078 1479 1079
f 1079 1479 1480
f 1079 1480 1080
f 1080 1480 1481
f 1080 1481 1081
f 1081 1481 1482
f 1081 1482 1082
f 1082 1482 1483
f 1082 1483 1083
f 1083 1483 1484
f 1083 1484 1084
f 1084 1484 1485
f 1084 1485 1085
f 1085 1485 1486
f 1085 1486 1086
f 1086 1486 1487
f 1086 1487 1087
f 1087 1487 1488
f 1087 1488 1088
f 1088 1488 1489
f 1088 1489 1089
f 1089 1489 1490
f 1089 1490 1090
f 1090 1490 1491
f 1090 1491 1091
f 1091 1491 1492
f 1091 1492 1092
f 1092 1492 1493
f 1092 1493 1093
f 1093 1493 1494
f 1093 1494 1094
f 1094 1494 1495
f 1094 1495 1095
f 1095 1495 1496
f 1095 1496 1096
f 1096 1496 1497
f 1096 1497 1097
f 1097 1497 1498
f 1097 1498 1098
f 1098 1498 1499
f 1098 1499 1099
f 1099 1499 1500
f 1099 1500 1100
f 1100 1500 1501
f 1100 1501 1101
f 1101 1501 1502
f 1101 1502 1102
f 1102 1502 1503
f 1102 1503 1103
f 1103 1503 1504
f 1103 1504 1104
f 1104 1504 1505
f 1104 1505 1105
f 1105 1505 1506
f 1105 1506 1106
f 1106 1506 1507
f 1106 1507 1107
f 1107 1507 1508
f 1107 1508 1108
f 1108 1508 1509
f 1108 1509 1109
f 1109 1509 1510
f 1109 1510 1110
f 1110 1510 1511
f 1110 1511 1111
f 1111 1511 1512
f 1111 1512 1112
f 1112 1512 1513
f 1112 1513 1113
f 1113 1513 1514
f 1113 1514 1114
f 1114 1514 1515
f 1114 1515 1115
f 1115 1515 1516
f 1115 1516 1116
f 1116 1516 1517
f 1116 1517 1117
f 1117 1517 1518
f 1117 1518 1118
f 1118 1518 1519
f 1118 1519 1119
f 1119 1519 1520
f 1119 1520 1120
f 1120 1520 1521
f 1120 1521 1121
f 1121 1521 1522
f 1121 1522 1122
f 1122 1522 1523
f 1122 1523 1123
f 1123 1523 1524
f 1123 1524 1124
f 1124 1524 1525
f 1124 1525 1125
f 1125 1525 1526
f 1125 1526 1126
f 1126 1526 1527
f 1126 1527 1127
f 1127 1527 1528
f 1127 1528 1128
f 1128 1528 1529
f 1128 1529 1129
f 1129 1529 1530
f 1129 1530 1130
f 1130 1530 1531
f 1130 1531 1131
f 1131 1531 1532
f 1131 1532 1132
f 1132 1532 1533
f 1132 1533 1133
f 1133 1533 1534
f 1133 1534 1134
f 1134 1534 1535
f 1134 1535 1135
f 1135 1535 1536
f 1135 1536 1136
f 1136 1536 1537
f 1136 1537 1137
f 1137 1537 1538
f 1137 1538 1138
f 1138 1538 1539
f 1138 1539 1139
f 1139 1539 1540
f 1139 1540 1140
f 1140 1540 1541
f 1140 1541 1141
f 1141 1541 1542
f 1141 1542 1142
f 1142 1542 1543
f 1142 1543 1143
f 1143 1543 1544
f 1143 1544 1144
f 1144 1544 1545
f 1144 1545 1145
f 1145 1545 1546
f 1145 1546 1146
f 1146 1546 1547
f 1146 1547 1147
f 1147 1547 1548
f 1147 1548 1148
f 1148 1548 1549
f 1148 1549 1149
f 1149 1549 1550
f 1149 1550 1150
f 1150 1550 1551
f 1150 1551 1151
f 1151 1551 1552
f 1151 1552 1152
f 1152 1552 1553
f 1152 1553 1153
f 1153 1553 1554
f 1153 1554 1154
f 1154 1554 1555
f 1154 1555 1155
f 1155 1555 1556
f 1155 1556 1156
f 1156 1556 1557
f 1156 1557 1157
f 1157 1557 1558
f 1157 1558 1158
f 1158 1558 1559
f 1158 1559 1159
f 1159 1559 1560
f 1159 1560 1160
f 1160 1560 1561
f 1160 1561 1161
f 1161 1561 1562
f 1161 1562 1162
f 1162 1562 1563
f 1162 1563 1163
f 1163 1563 1564
f 1163 1564 1164
f 1164 1564 1565
f 1164 1565 1165
f 1165 1565 1566
f 1165 1566 1166
f 1166 1566 1567
f 1166 1567 1167
f 1167 1567 1568
f 1167 1568 1168
f 1168 1568 1569
f 1168 1569 1169
f 1169 1569 1570
f 1169 1570 1170
f 1170 1570 1571
f 1170 1571 1171
f 1171 1571 1572
f 1171 1572 1172
f 1172 1572 1573
f 1172 1573 1173
f 1173 1573 1574
f 1173 1574 1174
f 1174 1574 1575
f 1174 1575 1175
f 1175 1575 1576
f 1175 1576 1176
f 1176 1576 1577
f 1176 1577 1177
f 1177 1577 1578
f 1177 1578 1178
f 1178 1578 1579
f 1178 1579 1179
f 1179 1579 1580
f 1179 1580 1180
f 1180 1580 1581
f 1180 1581 1181
f 1181 1581 1582
f 1181 1582 1182
f 1182 1582 1583
f 1182 1583 1183
f 1183 1583 1584
f 1183 1584 1184
f 1184 1584 1585
f 1184 1585 1185
f 1185 1585 1586
f 1185 1586 1186
f 1186 1586 1587
f 1186 1587 1187
f 1187 1587 1588
f 1187 1588 1188
f 1188 1588 1589
f 1188 1589 1189
f 1189 1589 1590
f 1189 1590 1190
f 1190 1590 1591
f 1190 1591 1191
f 1191 1591 1592
f 1191 1592 1192
f 1192 1592 1593
f 1192 1593 1193
f 1193 1593 1594
f 1193 1594 1194
f 1194 1594 1595
f 1194 1595 1195
f 1195 1595 1596
f 1195 1596 1196
f 1196 1596 1597
f 1196 1597 1197
f 1197 1597 1598
f 1197 1598 1198
f 1198 1598 1599
f 1198 1599 1199
f 1199 1599 1600
f 1199 1600 1200
f 1201 1601 1602
f 1201 1602 1202
f 1202 1602 1603
f 1202 1603 1203
f 1203 1603 1604
f 1203 1604 1204
f 1204 1604 1605
f 1204 1605 1205
f 1205 1605 1606
f 1205 1606 1206
f 1206 1606 1607
f 1206 1607 1207
f 1207 1607 1608
f 1207 1608 1208
f 1208 1608 1609
f 1208 1609 1209
f 1209 1609 1610
f 1209 1610 1210
f 1210 1610 1611
f 1210 1611 1211
f 1211 1611 1612
f 1211 1612 1212
f 1212 1612 1613
f 1212 1613 1213
f 1213 1613 1614
f 1213 1614 1214
f 1214 1614 1615
f 1214 1615 1215
f 1215 1615 1616
f 1215 1616 1216
f 1216 1616 1617
f 1216 1617 1217
f 1217 1617 1618
f 1217 1618 1218
f 1218 1618 1619
f 1218 1619 1219
f 1219 1619 1620
f 1219 1620 1220
f 1220 1620 1621
f 1220 1621 1221
f 1221 1621 1622
f 1221 1622 1222
f 1222 1622 1623
f 1222 1623 1223
f 1223 1623 1624
f 1223 1624 1224
f 1224 1624 1625
f 1224 1625 1225
f 1225 1625 1626
f 1225 1626 1226
f 1226 1626 1627
f 1226 1627 1227
f 1227 1627 1628
f 1227 1628 1228
f 1228 1628 1629
f 1228 1629 1229
f 1229 1629 1630
f 1229 1630 1230
f 1230 1630 1631
f 1230 1631 1231
f 1231 1631 1632
f 1231 1632 1232
f 1232 1632 1633
f 1232 1633 1233
f 1233 1633 1634
f 1233 1634 1234
f 1234 1634 1635
f 1234 1635 1235
f 1235 1635 1636
f 1235 1636 1236
f 1236 1636 1637
f 1236 1637 1237
f 1237 1637 1638
f 1237 1638 1238
f 1238 1638 1639
f 1238 1639 1239
f 1239 1639 1640
f 1239 1640 1240
f 1240 1640 1641
f 1240 1641 1241
f 1241 1641 1642
f 1241 1642 1242
f 1242 1642 1643
f 1242 1643 1243
f 1243 1643 1644
f 1243 1644 1244
f 1244 1644 1645
f 1244 1645 1245
f 1245 1645 1646
f 1245 1646 1246
f 1246 1646 1647
f 1246 1647 1247
f 1247 1647 1648
f 1247 1648 1248
f 1248 1648 1649
f 1248 1649 1249
f 1249 1649 1650
f 1249 1650 1250
f 1250 1650 1651
f 1250 1651 1251
f 1251 1651 1652
f 1251 1652 1252
f 1252 1652 1653
f 1252 1653 1253
f 1253 1653 1654
f 1253 1654 1254
f 1254 1654 1655
f 1254 1655 1255
f 1255 1655 1656
f 1255 1656 1256
f 1256 1656 1657
f 1256 1657 1257
f 1257 1657 1658
f 1257 1658 1258
f 1258 1658 1659
f 1258 1659 1259
f 1259 1659 1660
f 1259 1660 1260
f 1260 1660 1661
f 1260 1661 1261
f 1261 1661 1662
f 1261 1662 1262
f 1262 1662 1663
f 1262 1663 1263
f 1263 1663 1664
f 1263 1664 1264
f 1264 1664 1665
f 1264 1665 1265
f 1265 1665 1666
f 1265 1666 1266
f 1266 1666 1667
f 1266 1667 1267
f 1267 1667 1668
f 1267 1668 1268
f 1268 1668 1669
f 1268 1669 1269
f 1269 1669 1670
f 1269 1670 1270
f 1270 1670 1671
f 1270 1671 1271
f 1271 1671 1672
f 1271 1672 1272
f 1272 1672 1673
f 1272 1673 1273
f 1273 1673 1674
f 1273 1674 1274
f 1274 1674 1675
f 1274 1675 1275
f 1275 1675 1676
f 1275 1676 1276
f 1276 1676 1677
f 1276 1677 1277
f 1277 1677 1678
f 1277 1678 1278
f 1278 1678 1679
f 1278 1679 1279
f 1279 1679 1680
f 1279 1680 1280
f 1280 1680 1681
f 1280 1681 1281
f 1281 1681 1682
f 1281 1682 1282
f 1282 1682 1683
f 1282 1683 1283
f 1283 1683 1684
f 1283 1684 1284
f 1284 1684 1685
f 1284 1685 1285
f 1285 1685 1686
f 1285 1686 1286
f 1286 1686 1687
f 1286 1687 1287
f 1287 1687 1688
f 1287 1688 1288
f 1288 1688 1689
f 1288 1689 1289
f 1289 1689 1690
f 1289 1690 1290
f 1290 1690 1691
f 1290 1691 1291
f 1291 1691 1692
f 1291 1692 1292
f 1292 1692 1693
f 1292 1693 1293
f 1293 1693 1694
f 1293 1694 1294
f 1294 1694 1695
f 1294 1695 1295
f 1295 1695 1696
f 1295 1696 1296
f 1296 1696 1697
f 1296 1697 1297
f 1297 1697 1698
f 1297 1698 1298
f 1298 1698 1699
f 1298 1699 1299
f 1299 1699 1700
f 1299 1700 1300
f 1300 1700 1701
f 1300 1701 1301
f 1301 1701 1702
f 1301 1702 1302
f 1302 1702 1703
f 1302 1703 1303
f 1303 1703 1704
f 1303 1704 1304
f 1304 1704 1705
f 1304 1705 1305
f 1305 1705 1706
f 1305 1706 1306
f 1306 1706 1707
f 1306 1707 1307
f 1307 1707 1708
f 1307 1708 1308
f 1308 1708 1709
f 1308 1709 1309
f 1309 1709 1710
f 1309 1710 1310
f 1310 1710 1711
f 1310 1711 1311
f 1311 1711 1712
f 1311 1712 1312
f 1312 1712 1713
f 1312 1713 1313
f 1313 1713 1714
f 1313 1714 1314
f 1314 1714 1715
f 1314 1715 1315
f 1315 1715 1716
f 1315 1716 1316
f 1316 1716 1717
f 1316 1717 1317
f 1317 1717 1718
f 1317 1718 1318
f 1318 1718 1719
f 1318 1719 1319
f 1319 1719 1720
f 1319 1720 1320
f 1320 1720 1721
f 1320 1721 1321
f 1321 1721 1722
f 1321 1722 1322
f 1322 1722 1723
f 1322 1723 1323
f 1323 1723 1724
f 1323 1724 1324
f 1324 1724 1725
f 1324 1725 1325
f 1325 1725 1726
f 1325 1726 1326
f 1326 1726 1727
f 1326 1727 1327
f 1327 1727 1728
f 1327 1728 1328
f 1328 1728 1729
f 1328 1729 1329
f 1329 1729 1730
f 1329 1730 1330
f 1330 1730 1731
f 1330 1731 1331
f 1331 1731 1732
f 1331 1732 1332
f 1332 1732 1733
f 1332 1733 1333
f 1333 1733 1734
f 1333 1734 1334
f 1334 1734 1735
f 1334 1735 1335
f 1335 1735 1736
f 1335 1736 1336
f 1336 1736 1737
f 1336 1737 1337
f 1337 1737 1738
f 1337 1738 1338
f 1338 1738 1739
f 1338 1739 1339
f 1339 1739 1740
f 1339 1740 1340
f 1340 1740 1741
f 1340 1741 1341
f 1341 1741 1742
f 1341 1742 1342
f 1342 1742 1743
f 1342 1743 1343
f 1343 1743 1744
f 1343 1744 1344
f 1344 1744 1745
f 1344 1745 1345
f 1345 1745 1746
f 1345 1746 1346
f 1346 1746 1747
f 1346 1747 1347
f 1347 1747 1748
f 1347 1748 1348
f 1348 1748 1749
f 1348 1749 1349
f 1349 1749 1750
f 1349 1750 1350
f 1350 1750 1751
f 1350 1751 1351
f 1351 1751 1752
f 1351 1752 1352
f 1352 1752 1753
f 1352 1753 1353
f 1353 1753 1754
f 1353 1754 1354
f 1354 1754 1755
f 1354 1755 1355
f 1355 1755 1756
f 1355 1756 1356
f 1356 1756 1757
f 1356 1757 1357
f 1357 1757 1758
f 1357 1758 1358
f 1358 1758 1759
f 1358 1759 1359
f 1359 1759 1760
f 1359 1760 1360
f 1360 1760 1761
f 1360 1761 1361
f 1361 1761 1762
f 1361 1762 1362
f 1362 1762 1763
f 1362 1763 1363
f 1363 1763 1764
f 1363 1764 1364
f 1364 1764 1765
f 1364 1765 1365
f 1365 1765 1766
f 1365 1766 1366
f 1366 1766 1767
f 1366 1767 1367
f 1367 1767 1768
f 1367 1768 1368
f 1368 1768 1769
f 1368 1769 1369
f 1369 1769 1770
f 1369 1770 1370
f 1370 1770 1771
f 1370 1771 1371
f 1371 1771 1772
f 1371 1772 1372
f 1372 1772 1773
f 1372 1773 1373
f 1373 1773 1774
f 1373 1774 1374
f 1374 1774 1775
f 1374 1775 1375
f 1375 1775 1776
f 1375 1776 1376
f 1376 1776 1777
f 1376 1777 1377
f 1377 1777 1778
f 1377 1778 1378
f 1378 1778 1779
f 1378 1779 1379
f 1379 1779 1780
f 1379 1780 1380
f 1380 1780 1781
f 1380 1781 1381
f 1381 1781 1782
f 1381 1782 1382
f 1382 1782 1783
f 1382 1783 1383
f 1383 1783 1784
f 1383 1784 1384
f 1384 1784 1785
f 1384 1785 1385
f 1385 1785 1786
f 1385 1786 1386
f 1386 1786 1787
f 1386 1787 1387
f 1387 1787 1788
f 1387 1788 1388
f 1388 1788 1789
f 1388 1789 1389
f 1389 1789 1790
f 1389 1790 1390
f 1390 1790 1791
f 1390 1791 1391
f 1391 1791 1792
f 1391 1792 1392
f 1392 1792 1793
f 1392 1793 1393
f 1393 1793 1794
f 1393 1794 1394
f 1394 1794 1795
f 1394 1795 1395
f 1395 1795 1796
f 1395 1796 1396
f 1396 1796 1797
f 1396 1797 1397
f 1397 1797 1798
f 1397 1798 1398
f 1398 1798 1799
f 1398 1799 1399
f 1399 1799 1800
f 1399 1800 1400
f 1400 1800 1801
f 1400 1801 1401
f 1401 1801 1802
f 1401 1802 1402
f 1402 1802 1803
f 1402 1803 1403
f 1403 1803 1804
f 1403 1804 1404
f 1404 1804 1805
f 1404 1805 1405
f 1405 1805 1806
f 1405 1806 1406
f 1406 1806 1807
f 1406 1807 1407
f 1407 1807 1808
f 1407 1808 1408
f 1408 1808 1809
f 1408 1809 1409
f 1409 1809 1810
f 1409 1810 1410
f 1410 1810 1811
f 1410 1811 1411
f 1411 1811 1812
f 1411 1812 1412
f 1412 1812 1813
f 1412 1813 1413
f 1413 1813 1814
f 1413 1814 1414
f 1414 1814 1815
f 1414 1815 1415
f 1415 1815 1816
f 1415 1816 1416
f 1416 1816 1817
f 1416 1817 1417
f 1417 1817 1818
f 1417 1818 1418
f 1418 1818 1819
f 1418 1819 1419
f 1419 1819 1820
f 1419 1820 1420
f 1420 1820 1821
f 1420 1821 1421
f 1421 1821 1822
f 1421 1822 1422
f 1422 1822 1823
f 1422 1823 1423
f 1423 1823 1824
f 1423 1824 1424
f 1424 1824 1825
f 1424 1825 1425
f 1425 1825 1826
f 1425 1826 1426
f 1426 1826 1827
f 1426 1827 1427
f 1427 1827 1828
f 1427 1828 1428
f 1428 1828 1829
f 1428 1829 1429
f 1429 1829 1830
f 1429 1830 1430
f 1430 1830 1831
f 1430 1831 1431
f 1431 1831 1832
f 1431 1832 1432
f 1432 1832 1833
f 1432 1833 1433
f 1433 1833 1834
f 1433 1834 1434
f 1434 1834 1835
f 1434 1835 1435
f 1435 1835 1836
f 1435 1836 1436
f 1436 1836 1837
f 1436 1837 1437
f 1437 1837 1838
f 1437 1838 1438
f 1438 1838 1839
f 1438 1839 1439
f 1439 1839 1840
f 1439 1840 1440
f 1440 1840 1841
f 1440 1841 1441
f 1441 1841 1842
f 1441 1842 1442
f 1442 1842 1843
f 1442 1843 1443
f 1443 1843 1844
f 1443 1844 1444
f 1444 1844 1845
f 1444 1845 1445
f 1445 1845 1846
f 1445 1846 1446
f 1446 1846 1847
f 1446 1847 1447
f 1447 1847 1848
f 1447 1848 1448
f 1448 1848 1849
f 1448 1849 1449
f 1449 1849 1850
f 1449 1850 1450
f 1450 1850 1851
f 1450 1851 1451
f 1451 1851 1852
f 1451 1852 1452
f 1452 1852 1853
f 1452 1853 1453
f 1453 1853 1854
f 1453 1854 1454
f 1454 1854 1855
f 1454 1855 1455
f 1455 1855 1856
f 1455 1856 1456
f 1456 1856 1857
f 1456 1857 1457
f 1457 1857 1858
f 1457 1858 1458
f 1458 1858 1859
f 1458 1859 1459
f 1459 1859 1860
f 1459 1860 1460
f 1460 1860 1861
f 1460 1861 1461
f 1461 1861 1862
f 1461 1862 1462
f 1462 1862 1863
f 1462 1863 1463
f 1463 1863 1864
f 1463 1864 1464
f 1464 1864 1865
f 1464 1865 1465
f 1465 1865 1866
f 1465 1866 1466
f 1466 1866 1867
f 1466 1867 1467
f 1467 1867 1868
f 1467 1868 1468
f 1468 1868 1869
f 1468 1869 1469
f 1469 1869 1870
f 1469 1870 1470
f 1470 1870 1871
f 1470 1871 1471
f 1471 1871 1872
f 1471 1872 1472
f 1472 1872 1873
f 1472 1873 1473
f 1473 1873 1874
f 1473 1874 1474
f 1474 1874 1875
f 1474 1875 1475
f 1475 1875 1876
f 1475 1876 1476
f 1476 1876 1877
f 1476 1877 1477
f 1477 1877 1878
f 1477 1878 1478
f 1478 1878 1879
f 1478 1879 1479
f 1479 1879 1880
f 1479 1880 1480
f 1480 1880 1881
f 1480 1881 1481
f 1481 1881 1882
f 1481 1882 1482
f 1482 1882 1883
f 1482 1883 1483
f 1483 1883 1884
f 1483 1884 1484
f 1484 1884 1885
f 1484 1885 1485
f 1485 1885 1886
f 1485 1886 1486
f 1486 1886 1887
f 1486 1887 1487
f 1487 1887 1888
f 1487 1888 1488
f 1488 1888 1889
f 1488 1889 1489
f 1489 1889 1890
f 1489 1890 1490
f 1490 1890 1891
f 1490 1891 1491
f 1491 1891 1892
f 1491 1892 1492
f 1492 1892 1893
f 1492 1893 1493
f 1493 1893 1894
f 1493 1894 1494
f 1494 1894 1895
f 1494 1895 1495
f 1495 1895 1896
f 1495 1896 1496
f 1496 1896 1897
f 1496 1897 1497
f 1497 1897 1898
f 1497 1898 1498
f 1498 1898 1899
f 1498 1899 1499
f 1499 1899 1900
f 1499 1900 1500
f 1500 1900 1901
f 1500 1901 1501
f 1501 1901 1902
f 1501 1902 1502
f 1502 1902 1903
f 1502 1903 1503
f 1503 1903 1904
f 1503 1904 1504
f 1504 1904 1905
f 1504 1905 1505
f 1505 1905 1906
f 1505 1906 1506
f 1506 1906 1907
f 1506 1907 1507
f 1507 1907 1908
f 1507 1908 1508
f 1508 1908 1909
f 1508 1909 1509
f 1509 1909 1910
f 1509 1910 1510
f 1510 1910 1911
f 1510 1911 1511
f 1511 1911 1912
f 1511 1912 1512
f 1512 1912 1913
f 1512 1913 1513
f 1513 1913 1914
f 1513 1914 1514
f 1514 1914 1915
f 1514 1915 1515
f 1515 1915 1916
f 1515 1916 1516
f 1516 1916 1917
f 1516 1917 1517
f 1517 1917 1918
f 1517 1918 1518
f 1518 1918 1919
f 1518 1919 1519
f 1519 1919 1920
f 1519 1920 1520
f 1520 1920 1921
f 1520 1921 1521
f 1521 1921 1922
f 1521 1922 1522
f 1522 1922 1923
f 1522 1923 1523
f 1523 1923 1924
f 1523 1924 1524
f 1524 1924 1925
f 1524 1925 1525
f 1525 1925 1926
f 1525 1926 1526
f 1526 1926 1927
f 1526 1927 1527
f 1527 1927 1928
f 1527 1928 1528
f 1528 1928 1929
f 1528 1929 1529
f 1529 1929 1930
f 1529 1930 1530
f 1530 1930 1931
f 1530 1931 1531
f 1531 1931 1932
f 1531 1932 1532
f 1532 1932 1933
f 1532 1933 1533
f 1533 1933 1934
f 1533 1934 1534
f 1534 1934 1935
f 1534 1935 1535
f 1535 1935 1936
f 1535 1936 1536
f 1536 1936 1937
f 1536 1937 1537
f 1537 1937 1938
f 1537 1938 1538
f 1538 1938 1939
f 1538 1939 1539
f 1539 1939 1940
f 1539 1940 1540
f 1540 1940 1941
f 1540 1941 1541
f 1541 1941 1942
f 1541 1942 1542
f 1542 1942 1943
f 1542 1943 1543
f 1543 1943 1944
f 1543 1944 1544
f 1544 1944 1945
f 1544 1945 1545
f 1545 1945 1946
f 1545 1946 1546
f 1546 1946 1947
f 1546 1947 1547
f 1547 1947 1948
f 1547 1948 1548
f 1548 1948 1949
f 1548 1949 1549
f 1549 1949 1950
f 1549 1950 1550
f 1550 1950 1951
f 1550 1951 1551
f 1551 1951 1952
f 1551 1952 1552
f 1552 1952 1953
f 1552 1953 1553
f 1553 1953 1954
f 1553 1954 1554
f 1554 1954 1955
f 1554 1955 1555
f 1555 1955 1956
f 1555 1956 1556
f 1556 1956 1957
f 1556 1957 1557
f 1557 1957 1958
f 1557 1958 1558
f 1558 1958 1959
f 1558 1959 1559
f 1559 1959 1960
f 1559 1960 1560
f 1560 1960 1961
f 1560 1961 1561
f 1561 1961 1962
f 1561 1962 1562
f 1562 1962 1963
f 1562 1963 1563
f 1563 1963 1964
f 1563 1964 1564
f 1564 1964 1965
f 1564 1965 1565
f 1565 1965 1966
f 1565 1966 1566
f 1566 1966 1967
f 1566 1967 1567
f 1567 1967 1968
f 1567 1968 1568
f 1568 1968 1969
f 1568 1969 1569
f 1569 1969 1970
f 1569 1970 1570
f 1570 1970 1971
f 1570 1971 1571
f 1571 1971 1972
f 1571 1972 1572
f 1572 1972 1973
f 1572 1973 1573
f 1573 1973 1974
f 1573 1974 1574
f 1574 1974 1975
f 1574 1975 1575
f 1575 1975 1976
f 1575 1976 1576
f 1576 1976 1977
f 1576 1977 1577
f 1577 1977 1978
f 1577 1978 1578
f 1578 1978 1979
f 1578 1979 1579
f 1579 1979 1980
f 1579 1980 1580
f 1580 1980 1981
f 1580 1981 1581
f 1581 1981 1982
f 1581 1982 1582
f 1582 1982 1983
f 1582 1983 1583
f 1583 1983 1984
f 1583 1984 1584
f 1584 1984 1985
f 1584 1985 1585
f 1585 1985 1986
f 1585 1986 1586
f 1586 1986 1987
f 1586 1987 1587
f 1587 1987 1988
f 1587 1988 1588
f 1588 1988 1989
f 1588 1989 1589
f 1589 1989 1990
f 1589 1990 1590
f 1590 1990 1991
f 1590 1991 1591
f 1591 1991 1992
f 1591 1992 1592
f 1592 1992 1993
f 1592 1993 1593
f 1593 1993 1994
f 1593 1994 1594
f 1594 1994 1995
f 1594 1995 1595
f 1595 1995 1996
f 1595 1996 1596
f 1596 1996 1997
f 1596 1997 1597
f 1597 1997 1998
f 1597 1998 1598
f 1598 1998 1999
f 1598 1999 1599
f 1599 1999 2000
f 1599 2000 1600
f 1601 2001 2002
f 1601 2002 1602
f 1602 2002 2003
f 1602 2003 1603
f 1603 2003 2004
f 1603 2004 1604
f 1604 2004 2005
f 1604 2005 1605
f 1605 2005 2006
f 1605 2006 1606
f 1606 2006 2007
f 1606 2007 1607
f 1607 2007 2008
f 1607 2008 1608
f 1608 2008 2009
f 1608 2009 1609
f 1609 2009 2010
f 1609 2010 1610
f 1610 2010 2011
f 1610 2011 1611
f 1611 2011 2012
f 1611 2012 1612
f 1612 2012 2013
f 1612 2013 1613
f 1613 2013 2014
f 1613 2014 1614
f 1614 2014 2015
f 1614 2015 1615
f 1615 2015 2016
f 1615 2016 1616
f 1616 2016 2017
f 1616 2017 1617
f 1617 2017 2018
f 1617 2018 1618
f 1618 2018 2019
f 1618 2019 1619
f 1619 2019 2020
f 1619 2020 1620
f 1620 2020 2021
f 1620 2021 1621
f 1621 2021 2022
f 1621 2022 1622
f 1622 2022 2023
f 1622 2023 1623
f 1623 2023 2024
f 1623 2024 1624
f 1624 2024 2025
f 1624 2025 1625
f 1625 2025 2026
f 1625 2026 1626
f 1626 2026 2027
f 1626 2027 1627
f 1627 2027 2028
f 1627 2028 1628
f 1628 2028 2029
f 1628 2029 1629
f 1629 2029 2030
f 1629 2030 1630
f 1630 2030 2031
f 1630 2031 1631
f 1631 2031 2032
f 1631 2032 1632
f 1632 2032 2033
f 1632 2033 1633
f 1633 2033 2034
f 1633 2034 1634
f 1634 2034 2035
f 1634 2035 1635
f 1635 2035 2036
f 1635 2036 1636
f 1636 2036 2037
f 1636 2037 1637
f 1637 2037 2038
f 1637 2038 1638
f 1638 2038 2039
f 1638 2039 1639
f 1639 2039 2040
f 1639 2040 1640
f 1640 2040 2041
f 1640 2041 1641
f 1641 2041 2042
f 1641 2042 1642
f 1642 2042 2043
f 1642 2043 1643
f 1643 2043 2044
f 1643 2044 1644
f 1644 2044 2045
f 1644 2045 1645
f 1645 2045 2046
f 1645 2046 1646
f 1646 2046 2047
f 1646 2047 1647
f 1647 2047 2048
f 1647 2048 1648
f 1648 2048 2049
f 1648 2049 1649
f 1649 2049 2050
f 1649 2050 1650
f 1650 2050 2051
f 1650 2051 1651
f 1651 2051 2052
f 1651 2052 1652
f 1652 2052 2053
f 1652 2053 1653
f 1653 2053 2054
f 1653 2054 1654
f 1654 2054 2055
f 1654 2055 1655
f 1655 2055 2056
f 1655 2056 1656
f 1656 2056 2057
f 1656 2057 1657
f 1657 2057 2058
f 1657 2058 1658
f 1658 2058 2059
f 1658 2059 1659
f 1659 2059 2060
f 1659 2060 1660
f 1660 2060 2061
f 1660 2061 1661
f 1661 2061 2062
f 1661 2062 1662
f 1662 2062 2063
f 1662 2063 1663
f 1663 2063 2064
f 1663 2064 1664
f 1664 2064 2065
f 1664 2065 1665
f 1665 2065 2066
f 1665 2066 1666
f 1666 2066 2067
f 1666 2067 1667
f 1667 2067 2068
f 1667 2068 1668
f 1668 2068 2069
f 1668 2069 1669
f 1669 2069 2070
f 1669 2070 1670
f 1670 2070 2071
f 1670 2071 1671
f 1671 2071 2072
f 1671 2072 1672
f 1672 2072 2073
f 1672 2073 1673
f 1673 2073 2074
f 1673 2074 1674
f 1674 2074 2075
f 1674 2075 1675
f 1675 2075 2076
f 1675 2076 1676
f 1676 2076 2077
f 1676 2077 1677
f 1677 2077 2078
f 1677 2078 1678
f 1678 2078 2079
f 1678 2079 1679
f 1679 2079 2080
f 1679 2080 1680
f 1680 2080 2081
f 1680 2081 1681
f 1681 2081 2082
f 1681 2082 1682
f 1682 2082 2083
f 1682 2083 1683
f 1683 2083 2084
f 1683 2084 1684
f 1684 2084 2085
f 1684 2085 1685
f 1685 2085 2086
f 1685 2086 1686
f 1686 2086 2087
f 1686 2087 1687
f 1687 2087 2088
f 1687 2088 1688
f 1688 2088 2089
f 1688 2089 1689
f 1689 2089 2090
f 1689 2090 1690
f 1690 2090 2091
f 1690 2091 1691
f 1691 2091 2092
f 1691 2092 1692
f 1692 2092 2093
f 1692 2093 1693
f 1693 2093 2094
f 1693 2094 1694
f 1694 2094 2095
f 1694 2095 1695
f 1695 2095 2096
f 1695 2096 1696
f 1696 2096 2097
f 1696 2097 1697
f 1697 2097 2098
f 1697 2098 1698
f 1698 2098 2099
f 1698 2099 1699
f 1699 2099 2100
f 1699 2100 1700
f 1700 2100 2101
f 1700 2101 1701
f 1701 2101 2102
f 1701 2102 1702
f 1702 2102 2103
f 1702 2103 1703
f 1703 2103 2104
f 1703 2104 1704
f 1704 2104 2105
f 1704 2105 1705
f 1705 2105 2106
f 1705 2106 1706
f 1706 2106 2107
f 1706 2107 1707
f 1707 2107 2108
f 1707 2108 1708
f 1708 2108 2109
f 1708 2109 1709
f 1709 2109 2110
f 1709 2110 1710
f 1710 2110 2111
f 1710 2111 1711
f 1711 2111 2112
f 1711 2112 1712
f 1712 2112 2113
f 1712 2113 1713
f 1713 2113 2114
f 1713 2114 1714
f 1714 2114 2115
f 1714 2115 1715
f 1715 2115 2116
f 1715 2116 1716
f 1716 2116 2117
f 1716 2117 1717
f 1717 2117 2118
f 1717 2118 1718
f 1718 2118 2119
f 1718 2119 1719
f 1719 2119 2120
f 1719 2120 1720
f 1720 2120 2121
f 1720 2121 1721
f 1721 2121 2122
f 1721 2122 1722
f 1722 2122 2123
f 1722 2123 1723
f 1723 2123 2124
f 1723 2124 1724
f 1724 2124 2125
f 1724 2125 1725
f 1725 2125 2126
f 1725 2126 1726
f 1726 2126 2127
f 1726 2127 1727
f 1727 2127 2128
f 1727 2128 1728
f 1728 2128 2129
f 1728 2129 1729
f 1729 2129 2130
f 1729 2130 1730
f 1730 2130 2131
f 1730 2131 1731
f 1731 2131 2132
f 1731 2132 1732
f 1732 2132 2133
f 1732 2133 1733
f 1733 2133 2134
f 1733 2134 1734
f 1734 2134 2135
f 1734 2135 1735
f 1735 2135 2136
f 1735 2136 1736
f 1736 2136 2137
f 1736 2137 1737
f 1737 2137 2138
f 1737 2138 1738
f 1738 2138 2139
f 1738 2139 1739
f 1739 2139 2140
f 1739 2140 1740
f 1740 2140 2141
f 1740 2141 1741
f 1741 2141 2142
f 1741 2142 1742
f 1742 2142 2143
f 1742 2143 1743
f 1743 2143 2144
f 1743 2144 1744
f 1744 2144 2145
f 1744 2145 1745
f 1745 2145 2146
f 1745 2146 1746
f 1746 2146 2147
f 1746 2147 1747
f 1747 2147 2148
f 1747 2148 1748
f 1748 2148 2149
f 1748 2149 1749
f 1749 2149 2150
f 1749 2150 1750
f 1750 2150 2151
f 1750 2151 1751
f 1751 2151 2152
f 1751 2152 1752
f 1752 2152 2153
f 1752 2153 1753
f 1753 2153 2154
f 1753 2154 1754
f 1754 2154 2155
f 1754 2155 1755
f 1755 2155 2156
f 1755 2156 1756
f 1756 2156 2157
f 1756 2157 1757
f 1757 2157 2158
f 1757 2158 1758
f 1758 2158 2159
f 1758 2159 1759
f 1759 2159 2160
f 1759 2160 1760
f 1760 2160 2161
f 1760 2161 1761
f 1761 2161 2162
f 1761 2162 1762
f 1762 2162 2163
f 1762 2163 1763
f 1763 2163 2164
f 1763 2164 1764
f 1764 2164 2165
f 1764 2165 1765
f 1765 2165 2166
f 1765 2166 1766
f 1766 2166 2167
f 1766 2167 1767
f 1767 2167 2168
f 1767 2168 1768
f 1768 2168 2169
f 1768 2169 1769
f 1769 2169 2170
f 1769 2170 1770
f 1770 2170 2171
f 1770 2171 1771
f 1771 2171 2172
f 1771 2172 1772
f 1772 2172 2173
f 1772 2173 1773
f 1773 2173 2174
f 1773 2174 1774
f 1774 2174 2175
f 1774 2175 1775
f 1775 2175 2176
f 1775 2176 1776
f 1776 2176 2177
f 1776 2177 1777
f 1777 2177 2178
f 1777 2178 1778
f 1778 2178 2179
f 1778 2179 1779
f 1779 2179 2180
f 1779 2180 1780
f 1780 2180 2181
f 1780 2181 1781
f 1781 2181 2182
f 1781 2182 1782
f 1782 2182 2183
f 1782 2183 1783
f 1783 2183 2184
f 1783 2184 1784
f 1784 2184 2185
f 1784 2185 1785
f 1785 2185 2186
f 1785 2186 1786
f 1786 2186 2187
f 1786 2187 1787
f 1787 2187 2188
f 1787 2188 1788
f 1788 2188 2189
f 1788 2189 1789
f 1789 2189 2190
f 1789 2190 1790
f 1790 2190 2191
f 1790 2191 1791
f 1791 2191 2192
f 1791 2192 1792
f 1792 2192 2193
f 1792 2193 1793
f 1793 2193 2194
f 1793 2194 1794
f 1794 2194 2195
f 1794 2195 1795
f 1795 2195 2196
f 1795 2196 1796
f 1796 2196 2197
f 1796 2197 1797
f 1797 2197 2198
f 1797 2198 1798
f 1798 2198 2199
f 1798 2199 1799
f 1799 2199 2200
f 1799 2200 1800
f 1800 2200 2201
f 1800 2201 1801
f 1801 2201 2202
f 1801 2202 1802
f 1802 2202 2203
f 1802 2203 1803
f 1803 2203 2204
f 1803 2204 1804
f 1804 2204 2205
f 1804 2205 1805
f 1805 2205 2206
f 1805 2206 1806
f 1806 2206 2207
f 1806 2207 1807
f 1807 2207 2208
f 1807 2208 1808
f 1808 2208 2209
f 1808 2209 1809
f 1809 2209 2210
f 1809 2210 1810
f 1810 2210 2211
f 1810 2211 1811
f 1811 2211 2212
f 1811 2212 1812
f 1812 2212 2213
f 1812 2213 1813
f 1813 2213 2214
f 1813 2214 1814
f 1814 2214 2215
f 1814 2215 1815
f 1815 2215 2216
f 1815 2216 1816
f 1816 2216 2217
f 1816 2217 1817
f 1817 2217 2218
f 1817 2218 1818
f 1818 2218 2219
f 1818 2219 1819
f 1819 2219 2220
f 1819 2220 1820
f 1820 2220 2221
f 1820 2221 1821
f 1821 2221 2222
f 1821 2222 1822
f 1822 2222 2223
f 1822 2223 1823
f 1823 2223 2224
f 1823 2224 1824
f 1824 2224 2225
f 1824 2225 1825
f 1825 2225 2226
f 1825 2226 1826
f 1826 2226 2227
f 1826 2227 1827
f 1827 2227 2228
f 1827 2228 1828
f 1828 2228 2229
f 1828 2229 1829
f 1829 2229 2230
f 1829 2230 1830
f 1830 2230 2231
f 1830 2231 1831
f 1831 2231 2232
f 1831 2232 1832
f 1832 2232 2233
f 1832 2233 1833
f 1833 2233 2234
f 1833 2234 1834
f 1834 2234 2235
f 1834 2235 1835
f 1835 2235 2236
f 1835 2236 1836
f 1836 2236 2237
f 1836 2237 1837
f 1837 2237 2238
f 1837 2238 1838
f 1838 2238 2239
f 1838 2239 1839
f 1839 2239 2240
f 1839 2240 1840
f 1840 2240 2241
f 1840 2241 1841
f 1841 2241 2242
f 1841 2242 1842
f 1842 2242 2243
f 1842 2243 1843
f 1843 2243 2244
f 1843 2244 1844
f 1844 2244 2245
f 1844 2245 1845
f 1845 2245 2246
f 1845 2246 1846
f 1846 2246 2247
f 1846 2247 1847
f 1847 2247 2248
f 1847 2248 1848
f 1848 2248 2249
f 1848 2249 1849
f 1849 2249 2250
f 1849 2250 1850
f 1850 2250 2251
f 1850 2251 1851
f 1851 2251 2252
f 1851 2252 1852
f 1852 2252 2253
f 1852 2253 1853
f 1853 2253 2254
f 1853 2254 1854
f 1854 2254 2255
f 1854 2255 1855
f 1855 2255 2256
f 1855 2256 1856
f 1856 2256 2257
f 1856 2257 1857
f 1857 2257 2258
f 1857 2258 1858
f 1858 2258 2259
f 1858 2259 1859
f 1859 2259 2260
f 1859 2260 1860
f 1860 2260 2261
f 1860 2261 1861
f 1861 2261 2262
f 1861 2262 1862
f 1862 2262 2263
f 1862 2263 1863
f 1863 2263 2264
f 1863 2264 1864
f 1864 2264 2265
f 1864 2265 1865
f 1865 2265 2266
f 1865 2266 1866
f 1866 2266 2267
f 1866 2267 1867
f 1867 2267 2268
f 1867 2268 1868
f 1868 2268 2269
f 1868 2269 1869
f 1869 2269 2270
f 1869 2270 1870
f 1870 2270 2271
f 1870 2271 1871
f 1871 2271 2272
f 1871 2272 1872
f 1872 2272 2273
f 1872 2273 1873
f 1873 2273 2274
f 1873 2274 1874
f 1874 2274 2275
f 1874 2275 1875
f 1875 2275 2276
f 1875 2276 1876
f 1876 2276 2277
f 1876 2277 1877
f 1877 2277 2278
f 1877 2278 1878
f 1878 2278 2279
f 1878 2279 1879
f 1879 2279 2280
f 1879 2280 1880
f 1880 2280 2281
f 1880 2281 1881
f 1881 2281 2282
f 1881 2282 1882
f 1882 2282 2283
f 1882 2283 1883
f 1883 2283 2284
f 1883 2284 1884
f 1884 2284 2285
f 1884 2285 1885
f 1885 2285 2286
f 1885 2286 1886
f 1886 2286 2287
f 1886 2287 1887
f 1887 2287 2288
f 1887 2288 1888
f 1888 2288 2289
f 1888 2289 1889
f 1889 2289 2290
f 1889 2290 1890
f 1890 2290 2291
f 1890 2291 1891
f 1891 2291 2292
f 1891 2292 1892
f 1892 2292 2293
f 1892 2293 1893
f 1893 2293 2294
f 1893 2294 1894
f 1894 2294 2295
f 1894 2295 1895
f 1895 2295 2296
f 1895 2296 1896
f 1896 2296 2297
f 1896 2297 1897
f 1897 2297 2298
f 1897 2298 1898
f 1898 2298 2299
f 1898 2299 1899
f 1899 2299 2300
f 1899 2300 1900
f 1900 2300 2301
f 1900 2301 1901
f 1901 2301 2302
f 1901 2302 1902
f 1902 2302 2303
f 1902 2303 1903
f 1903 2303 2304
f 1903 2304 1904
f 1904 2304 2305
f 1904 2305 1905
f 1905 2305 2306
f 1905 2306 1906
f 1906 2306 2307
f 1906 2307 1907
f 1907 2307 2308
f 1907 2308 1908
f 1908 2308 2309
f 1908 2309 1909
f 1909 2309 2310
f 1909 2310 1910
f 1910 2310 2311
f 1910 2311 1911
f 1911 2311 2312
f 1911 2312 1912
f 1912 2312 2313
f 1912 2313 1913
f 1913 2313 2314
f 1913 2314 1914
f 1914 2314 2315
f 1914 2315 1915
f 1915 2315 2316
f 1915 2316 1916
f 1916 2316 2317
f 1916 2317 1917
f 1917 2317 2318
f 1917 2318 1918
f 1918 2318 2319
f 1918 2319 1919
f 1919 2319 2320
f 1919 2320 1920
f 1920 2320 2321
f 1920 2321 1921
f 1921 2321 2322
f 1921 2322 1922
f 1922 2322 2323
f 1922 2323 1923
f 1923 2323 2324
f 1923 2324 1924
f 1924 2324 2325
f 1924 2325 1925
f 1925 2325 2326
f 1925 2326 1926
f 1926 2326 2327
f 1926 2327 1927
f 1927 2327 2328
f 1927 2328 1928
f 1928 2328 2329
f 1928 2329 1929
f 1929 2329 2330
f 1929 2330 1930
f 1930 2330 2331
f 1930 2331 1931
f 1931 2331 2332
f 1931 2332 1932
f 1932 2332 2333
f 1932 2333 1933
f 1933 2333 2334
f 1933 2334 1934
f 1934 2334 2335
f 1934 2335 1935
f 1935 2335 2336
f 1935 2336 1936
f 1936 2336 2337
f 1936 2337 1937
f 1937 2337 2338
f 1937 2338 1938
f 1938 2338 2339
f 1938 2339 1939
f 1939 2339 2340
f 1939 2340 1940
f 1940 2340 2341
f 1940 2341 1941
f 1941 2341 2342
f 1941 2342 1942
f 1942 2342 2343
f 1942 2343 1943
f 1943 2343 2344
f 1943 2344 1944
f 1944 2344 2345
f 1944 2345 1945
f 1945 2345 2346
f 1945 2346 1946
f 1946 2346 2347
f 1946 2347 1947
f 1947 2347 2348
f 1947 2348 1948
f 1948 2348 2349
f 1948 2349 1949
f 1949 2349 2350
f 1949 2350 1950
f 1950 2350 2351
f 1950 2351 1951
f 1951 2351 2352
f 1951 2352 1952
f 1952 2352 2353
f 1952 2353 1953
f 1953 2353 2354
f 1953 2354 1954
f 1954 2354 2355
f 1954 2355 1955
f 1955 2355 2356
f 1955 2356 1956
f 1956 2356 2357
f 1956 2357 1957
f 1957 2357 2358
f 1957 2358 1958
f 1958 2358 2359
f 1958 2359 1959
f 1959 2359 2360
f 1959 2360 1960
f 1960 2360 2361
f 1960 2361 1961
f 1961 2361 2362
f 1961 2362 1962
f 1962 2362 2363
f 1962 2363 1963
f 1963 2363 2364
f 1963 2364 1964
f 1964 2364 2365
f 1964 2365 1965
f 1965 2365 2366
f 1965 2366 1966
f 1966 2366 2367
f 1966 2367 1967
f 1967 2367 2368
f 1967 2368 1968
f 1968 2368 2369
f 1968 2369 1969
f 1969 2369 2370
f 1969 2370 1970
f 1970 2370 2371
f 1970 2371 1971
f 1971 2371 2372
f 1971 2372 1972
f 1972 2372 2373
f 1972 2373 1973
f 1973 2373 2374
f 1973 2374 1974
f 1974 2374 2375
f 1974 2375 1975
f 1975 2375 2376
f 1975 2376 1976
f 1976 2376 2377
f 1976 2377 1977
f 1977 2377 2378
f 1977 2378 1978
f 1978 2378 2379
f 1978 2379 1979
f 1979 2379 2380
f 1979 2380 1980
f 1980 2380 2381
f 1980 2381 1981
f 1981 2381 2382
f 1981 2382 1982
f 1982 2382 2383
f 1982 2383 1983
f 1983 2383 2384
f 1983 2384 1984
f 1984 2384 2385
f 1984 2385 1985
f 1985 2385 2386
f 1985 2386 1986
f 1986 2386 2387
f 1986 2387 1987
f 1987 2387 2388
f 1987 2388 1988
f 1988 2388 2389
f 1988 2389 1989
f 1989 2389 2390
f 1989 2390 1990
f 1990 2390 2391
f 1990 2391 1991
f 1991 2391 2392
f 1991 2392 1992
f 1992 2392 2393
f 1992 2393 1993
f 1993 2393 2394
f 1993 2394 1994
f 1994 2394 2395
f 1994 2395 1995
f 1995 2395 2396
f 1995 2396 1996
f 1996 2396 2397
f 1996 2397 1997
f 1997 2397 2398
f 1997 2398 1998
f 1998 2398 2399
f 1998 2399 1999
f 1999 2399 2400
f 1999 2400 2000
f 2001 2401 2402
f 2001 2402 2002
f 2002 2402 2403
f 2002 2403 2003
f 2003 2403 2404
f 2003 2404 2004
f 2004 2404 2405
f 2004 2405 2005
f 2005 2405 2406
f 2005 2406 2006
f 2006 2406 2407
f 2006 2407 2007
f 2007 2407 2408
f 2007 2408 2008
f 2008 2408 2409
f 2008 2409 2009
f 2009 2409 2410
f 2009 2410 2010
f 2010 2410 2411
f 2010 2411 2011
f 2011 2411 2412
f 2011 2412 2012
f 2012 2412 2413
f 2012 2413 2013
f 2013 2413 2414
f 2013 2414 2014
f 2014 2414 2415
f 2014 2415 2015
f 2015 2415 2416
f 2015 2416 2016
f 2016 2416 2417
f 2016 2417 2017
f 2017 2417 2418
f 2017 2418 2018
f 2018 2418 2419
f 2018 2419 2019
f 2019 2419 2420
f 2019 2420 2020
f 2020 2420 2421
f 2020 2421 2021
f 2021 2421 2422
f 2021 2422 2022
f 2022 2422 2423
f 2022 2423 2023
f 2023 2423 2424
f 2023 2424 2024
f 2024 2424 2425
f 2024 2425 2025
f 2025 2425 2426
f 2025 2426 2026
f 2026 2426 2427
f 2026 2427 2027
f 2027 2427 2428
f 2027 2428 2028
f 2028 2428 2429
f 2028 2429 2029
f 2029 2429 2430
f 2029 2430 2030
f 2030 2430 2431
f 2030 2431 2031
f 2031 2431 2432
f 2031 2432 2032
f 2032 2432 2433
f 2032 2433 2033
f 2033 2433 2434
f 2033 2434 2034
f 2034 2434 2435
f 2034 2435 2035
f 2035 2435 2436
f 2035 2436 2036
f 2036 2436 2437
f 2036 2437 2037
f 2037 2437 2438
f 2037 2438 2038
f 2038 2438 2439
f 2038 2439 2039
f 2039 2439 2440
f 2039 2440 2040
f 2040 2440 2441
f 2040 2441 2041
f 2041 2441 2442
f 2041 2442 2042
f 2042 2442 2443
f 2042 2443 2043
f 2043 2443 2444
f 2043 2444 2044
f 2044 2444 2445
f 2044 2445 2045
f 2045 2445 2446
f 2045 2446 2046
f 2046 2446 2447
f 2046 2447 2047
f 2047 2447 2448
f 2047 2448 2048
f 2048 2448 2449
f 2048 2449 2049
f 2049 2449 2450
f 2049 2450 2050
f 2050 2450 2451
f 2050 2451 2051
f 2051 2451 2452
f 2051 2452 2052
f 2052 2452 2453
f 2052 2453 2053
f 2053 2453 2454
f 2053 2454 2054
f 2054 2454 2455
f 2054 2455 2055
f 2055 2455 2456
f 2055 2456 2056
f 2056 2456 2457
f 2056 2457 2057
f 2057 2457 2458
f 2057 2458 2058
f 2058 2458 2459
f 2058 2459 2059
f 2059 2459 2460
f 2059 2460 2060
f 2060 2460 2461
f 2060 2461 2061
f 2061 2461 2462
f 2061 2462 2062
f 2062 2462 2463
f 2062 2463 2063
f 2063 2463 2464
f 2063 2464 2064
f 2064 2464 2465
f 2064 2465 2065
f 2065 2465 2466
f 2065 2466 2066
f 2066 2466 2467
f 2066 2467 2067
f 2067 2467 2468
f 2067 2468 2068
f 2068 2468 2469
f 2068 2469 2069
f 2069 2469 2470
f 2069 2470 2070
f 2070 2470 2471
f 2070 2471 2071
f 2071 2471 2472
f 2071 2472 2072
f 2072 2472 2473
f 2072 2473 2073
f 2073 2473 2474
f 2073 2474 2074
f 2074 2474 2475
f 2074 2475 2075
f 2075 2475 2476
f 2075 2476 2076
f 2076 2476 2477
f 2076 2477 2077
f 2077 2477 2478
f 2077 2478 2078
f 2078 2478 2479
f 2078 2479 2079
f 2079 2479 2480
f 2079 2480 2080
f 2080 2480 2481
f 2080 2481 2081
f 2081 2481 2482
f 2081 2482 2082
f 2082 2482 2483
f 2082 2483 2083
f 2083 2483 2484
f 2083 2484 2084
f 2084 2484 2485
f 2084 2485 2085
f 2085 2485 2486
f 2085 2486 2086
f 2086 2486 2487
f 2086 2487 2087
f 2087 2487 2488
f 2087 2488 2088
f 2088 2488 2489
f 2088 2489 2089
f 2089 2489 2490
f 2089 2490 2090
f 2090 2490 2491
f 2090 2491 2091
f 2091 2491 2492
f 2091 2492 2092
f 2092 2492 2493
f 2092 2493 2093
f 2093 2493 2494
f 2093 2494 2094
f 2094 2494 2495
f 2094 2495 2095
f 2095 2495 2496
f 2095 2496 2096
f 2096 2496 2497
f 2096 2497 2097
f 2097 2497 2498
f 2097 2498 2098
f 2098 2498 2499
f 2098 2499 2099
f 2099 2499 2500
f 2099 2500 2100
f 2100 2500 2501
f 2100 2501 2101
f 2101 2501 2502
f 2101 2502 2102
f 2102 2502 2503
f 2102 2503 2103
f 2103 2503 2504
f 2103 2504 2104
f 2104 2504 2505
f 2104 2505 2105
f 2105 2505 2506
f 2105 2506 2106
f 2106 2506 2507
f 2106 2507 2107
f 2107 2507 2508
f 2107 2508 2108
f 2108 2508 2509
f 2108 2509 2109
f 2109 2509 2510
f 2109 2510 2110
f 2110 2510 2511
f 2110 2511 2111
f 2111 2511 2512
f 2111 2512 2112
f 2112 2512 2513
f 2112 2513 2113
f 2113 2513 2514
f 2113 2514 2114
f 2114 2514 2515
f 2114 2515 2115
f 2115 2515 2516
f 2115 2516 2116
f 2116 2516 2517
f 2116 2517 2117
f 2117 2517 2518
f 2117 2518 2118
f 2118 2518 2519
f 2118 2519 2119
f 2119 2519 2520
f 2119 2520 2120
f 2120 2520 2521
f 2120 2521 2121
f 2121 2521 2522
f 2121 2522 2122
f 2122 2522 2523
f 2122 2523 2123
f 2123 2523 2524
f 2123 2524 2124
f 2124 2524 2525
f 2124 2525 2125
f 2125 2525 2526
f 2125 2526 2126
f 2126 2526 2527
f 2126 2527 2127
f 2127 2527 2528
f 2127 2528 2128
f 2128 2528 2529
f 2128 2529 2129
f 2129 2529 2530
f 2129 2530 2130
f 2130 2530 2531
f 2130 2531 2131
f 2131 2531 2532
f 2131 2532 2132
f 2132 2532 2533
f 2132 2533 2133
f 2133 2533 2534
f 2133 2534 2134
f 2134 2534 2535
f 2134 2535 2135
f 2135 2535 2536
f 2135 2536 2136
f 2136 2536 2537
f 2136 2537 2137
f 2137 2537 2538
f 2137 2538 2138
f 2138 2538 2539
f 2138 2539 2139
f 2139 2539 2540
f 2139 2540 2140
f 2140 2540 2541
f 2140 2541 2141
f 2141 2541 2542
f 2141 2542 2142
f 2142 2542 2543
f 2142 2543 2143
f 2143 2543 2544
f 2143 2544 2144
f 2144 2544 2545
f 2144 2545 2145
f 2145 2545 2546
f 2145 2546 2146
f 2146 2546 2547
f 2146 2547 2147
f 2147 2547 2548
f 2147 2548 2148
f 2148 2548 2549
f 2148 2549 2149
f 2149 2549 2550
f 2149 2550 2150
f 2150 2550 2551
f 2150 2551 2151
f 2151 2551 2552
f 2151 2552 2152
f 2152 2552 2553
f 2152 2553 2153
f 2153 2553 2554
f 2153 2554 2154
f 2154 2554 2555
f 2154 2555 2155
f 2155 2555 2556
f 2155 2556 2156
f 2156 2556 2557
f 2156 2557 2157
f 2157 2557 2558
f 2157 2558 2158
f 2158 2558 2559
f 2158 2559 2159
f 2159 2559 2560
f 2159 2560 2160
f 2160 2560 2561
f 2160 2561 2161
f 2161 2561 2562
f 2161 2562 2162
f 2162 2562 2563
f 2162 2563 2163
f 2163 2563 2564
f 2163 2564 2164
f 2164 2564 2565
f 2164 2565 2165
f 2165 2565 2566
f 2165 2566 2166
f 2166 2566 2567
f 2166 2567 2167
f 2167 2567 2568
f 2167 2568 2168
f 2168 2568 2569
f 2168 2569 2169
f 2169 2569 2570
f 2169 2570 2170
f 2170 2570 2571
f 2170 2571 2171
f 2171 2571 2572
f 2171 2572 2172
f 2172 2572 2573
f 2172 2573 2173
f 2173 2573 2574
f 2173 2574 2174
f 2174 2574 2575
f 2174 2575 2175
f 2175 2575 2576
f 2175 2576 2176
f 2176 2576 2577
f 2176 2577 2177
f 2177 2577 2578
f 2177 2578 2178
f 2178 2578 2579
f 2178 2579 2179
f 2179 2579 2580
f 2179 2580 2180
f 2180 2580 2581
f 2180 2581 2181
f 2181 2581 2582
f 2181 2582 2182
f 2182 2582 2583
f 2182 2583 2183
f 2183 2583 2584
f 2183 2584 2184
f 2184 2584 2585
f 2184 2585 2185
f 2185 2585 2586
f 2185 2586 2186
f 2186 2586 2587
f 2186 2587 2187
f 2187 2587 2588
f 2187 2588 2188
f 2188 2588 2589
f 2188 2589 2189
f 2189 2589 2590
f 2189 2590 2190
f 2190 2590 2591
f 2190 2591 2191
f 2191 2591 2592
f 2191 2592 2192
f 2192 2592 2593
f 2192 2593 2193
f 2193 2593 2594
f 2193 2594 2194
f 2194 2594 2595
f 2194 2595 2195
f 2195 2595 2596
f 2195 2596 2196
f 2196 2596 2597
f 2196 2597 2197
f 2197 2597 2598
f 2197 2598 2198
f 2198 2598 2599
f 2198 2599 2199
f 2199 2599 2600
f 2199 2600 2200
f 2200 2600 2601
f 2200 2601 2201
f 2201 2601 2602
f 2201 2602 2202
f 2202 2602 2603
f 2202 2603 2203
f 2203 2603 2604
f 2203 2604 2204
f 2204 2604 2605
f 2204 2605 2205
f 2205 2605 2606
f 2205 2606 2206
f 2206 2606 2607
f 2206 2607 2207
f 2207 2607 2608
f 2207 2608 2208
f 2208 2608 2609
f 2208 2609 2209
f 2209 2609 2610
f 2209 2610 2210
f 2210 2610 2611
f 2210 2611 2211
f 2211 2611 2612
f 2211 2612 2212
f 2212 2612 2613
f 2212 2613 2213
f 2213 2613 2614
f 2213 2614 2214
f 2214 2614 2615
f 2214 2615 2215
f 2215 2615 2616
f 2215 2616 2216
f 2216 2616 2617
f 2216 2617 2217
f 2217 2617 2618
f 2217 2618 2218
f 2218 2618 2619
f 2218 2619 2219
f 2219 2619 2620
f 2219 2620 2220
f 2220 2620 2621
f 2220 2621 2221
f 2221 2621 2622
f 2221 2622 2222
f 2222 2622 2623
f 2222 2623 2223
f 2223 2623 2624
f 2223 2624 2224
f 2224 2624 2625
f 2224 2625 2225
f 2225 2625 2626
f 2225 2626 2226
f 2226 2626 2627
f 2226 2627 2227
f 2227 2627 2628
f 2227 2628 2228
f 2228 2628 2629
f 2228 2629 2229
f 2229 2629 2630
f 2229 2630 2230
f 2230 2630 2631
f 2230 2631 2231
f 2231 2631 2632
f 2231 2632 2232
f 2232 2632 2633
f 2232 2633 2233
f 2233 2633 2634
f 2233 2634 2234
f 2234 2634 2635
f 2234 2635 2235
f 2235 2635 2636
f 2235 2636 2236
f 2236 2636 2637
f 2236 2637 2237
f 2237 2637 2638
f 2237 2638 2238
f 2238 2638 2639
f 2238 2639 2239
f 2239 2639 2640
f 2239 2640 2240
f 2240 2640 2641
f 2240 2641 2241
f 2241 2641 2642
f 2241 2642 2242
f 2242 2642 2643
f 2242 2643 2243
f 2243 2643 2644
f 2243 2644 2244
f 2244 2644 2645
f 2244 2645 2245
f 2245 2645 2646
f 2245 2646 2246
f 2246 2646 2647
f 2246 2647 2247
f 2247 2647 2648
f 2247 2648 2248
f 2248 2648 2649
f 2248 2649 2249
f 2249 2649 2650
f 2249 2650 2250
f 2250 2650 2651
f 2250 2651 2251
f 2251 2651 2652
f 2251 2652 2252
f 2252 2652 2653
f 2252 2653 2253
f 2253 2653 2654
f 2253 2654 2254
f 2254 2654 2655
f 2254 2655 2255
f 2255 2655 2656
f 2255 2656 2256
f 2256 2656 2657
f 2256 2657 2257
f 2257 2657 2658
f 2257 2658 2258
f 2258 2658 2659
f 2258 2659 2259
f 2259 2659 2660
f 2259 2660 2260
f 2260 2660 2661
f 2260 2661 2261
f 2261 2661 2662
f 2261 2662 2262
f 2262 2662 2663
f 2262 2663 2263
f 2263 2663 2664
f 2263 2664 2264
f 2264 2664 2665
f 2264 2665 2265
f 2265 2665 2666
f 2265 2666 2266
f 2266 2666 2667
f 2266 2667 2267
f 2267 2667 2668
f 2267 2668 2268
f 2268 2668 2669
f 2268 2669 2269
f 2269 2669 2670
f 2269 2670 2270
f 2270 2670 2671
f 2270 2671 2271
f 2271 2671 2672
f 2271 2672 2272
f 2272 2672 2673
f 2272 2673 2273
f 2273 2673 2674
f 2273 2674 2274
f 2274 2674 2675
f 2274 2675 2275
f 2275 2675 2676
f 2275 2676 2276
f 2276 2676 2677
f 2276 2677 2277
f 2277 2677 2678
f 2277 2678 2278
f 2278 2678 2679
f 2278 2679 2279
f 2279 2679 2680
f 2279 2680 2280
f 2280 2680 2681
f 2280 2681 2281
f 2281 2681 2682
f 2281 2682 2282
f 2282 2682 2683
f 2282 2683 2283
f 2283 2683 2684
f 2283 2684 2284
f 2284 2684 2685
f 2284 2685 2285
f 2285 2685 2686
f 2285 2686 2286
f 2286 2686 2687
f 2286 2687 2287
f 2287 2687 2688
f 2287 2688 2288
f 2288 2688 2689
f 2288 2689 2289
f 2289 2689 2690
f 2289 2690 2290
f 2290 2690 2691
f 2290 2691 2291
f 2291 2691 2692
f 2291 2692 2292
f 2292 2692 2693
f 2292 2693 2293
f 2293 2693 2694
f 2293 2694 2294
f 2294 2694 2695
f 2294 2695 2295
f 2295 2695 2696
f 2295 2696 2296
f 2296 2696 2697
f 2296 2697 2297
f 2297 2697 2698
f 2297 2698 2298
f 2298 2698 2699
f 2298 2699 2299
f 2299 2699 2700
f 2299 2700 2300
f 2300 2700 2701
f 2300 2701 2301
f 2301 2701 2702
f 2301 2702 2302
f 2302 2702 2703
f 2302 2703 2303
f 2303 2703 2704
f 2303 2704 2304
f 2304 2704 2705
f 2304 2705 2305
f 2305 2705 2706
f 2305 2706 2306
f 2306 2706 2707
f 2306 2707 2307
f 2307 2707 2708
f 2307 2708 2308
f 2308 2708 2709
f 2308 2709 2309
f 2309 2709 2710
f 2309 2710 2310
f 2310 2710 2711
f 2310 2711 2311
f 2311 2711 2712
f 2311 2712 2312
f 2312 2712 2713
f 2312 2713 2313
f 2313 2713 2714
f 2313 2714 2314
f 2314 2714 2715
f 2314 2715 2315
f 2315 2715 2716
f 2315 2716 2316
f 2316 2716 2717
f 2316 2717 2317
f 2317 2717 2718
f 2317 2718 2318
f 2318 2718 2719
f 2318 2719 2319
f 2319 2719 2720
f 2319 2720 2320
f 2320 2720 2721
f 2320 2721 2321
f 2321 2721 2722
f 2321 2722 2322
f 2322 2722 2723
f 2322 2723 2323
f 2323 2723 2724
f 2323 2724 2324
f 2324 2724 2725
f 2324 2725 2325
f 2325 2725 2726
f 2325 2726 2326
f 2326 2726 2727
f 2326 2727 2327
f 2327 2727 2728
f 2327 2728 2328
f 2328 2728 2729
f 2328 2729 2329
f 2329 2729 2730
f 2329 2730 2330
f 2330 2730 2731
f 2330 2731 2331
f 2331 2731 2732
f 2331 2732 2332
f 2332 2732 2733
f 2332 2733 2333
f 2333 2733 2734
f 2333 2734 2334
f 2334 2734 2735
f 2334 2735 2335
f 2335 2735 2736
f 2335 2736 2336
f 2336 2736 2737
f 2336 2737 2337
f 2337 2737 2738
f 2337 2738 2338
f 2338 2738 2739
f 2338 2739 2339
f 2339 2739 2740
f 2339 2740 2340
f 2340 2740 2741
f 2340 2741 2341
f 2341 2741 2742
f 2341 2742 2342
f 2342 2742 2743
f 2342 2743 2343
f 2343 2743 2744
f 2343 2744 2344
f 2344 2744 2745
f 2344 2745 2345
f 2345 2745 2746
f 2345 2746 2346
f 2346 2746 2747
f 2346 2747 2347
f 2347 2747 2748
f 2347 2748 2348
f 2348 2748 2749
f 2348 2749 2349
f 2349 2749 2750
f 2349 2750 2350
f 2350 2750 2751
f 2350 2751 2351
f 2351 2751 2752
f 2351 2752 2352
f 2352 2752 2753
f 2352 2753 2353
f 2353 2753 2754
f 2353 2754 2354
f 2354 2754 2755
f 2354 2755 2355
f 2355 2755 2756
f 2355 2756 2356
f 2356 2756 2757
f 2356 2757 2357
f 2357 2757 2758
f 2357 2758 2358
f 2358 2758 2759
f 2358 2759 2359
f 2359 2759 2760
f 2359 2760 2360
f 2360 2760 2761
f 2360 2761 2361
f 2361 2761 2762
f 2361 2762 2362
f 2362 2762 2763
f 2362 2763 2363
f 2363 2763 2764
f 2363 2764 2364
f 2364 2764 2765
f 2364 2765 2365
f 2365 2765 2766
f 2365 2766 2366
f 2366 2766 2767
f 2366 2767 2367
f 2367 2767 2768
f 2367 2768 2368
f 2368 2768 2769
f 2368 2769 2369
f 2369 2769 2770
f 2369 2770 2370
f 2370 2770 2771
f 2370 2771 2371
f 2371 2771 2772
f 2371 2772 2372
f 2372 2772 2773
f 2372 2773 2373
f 2373 2773 2774
f 2373 2774 2374
f 2374 2774 2775
f 2374 2775 2375
f 2375 2775 2776
f 2375 2776 2376
f 2376 2776 2777
f 2376 2777 2377
f 2377 2777 2778
f 2377 2778 2378
f 2378 2778 2779
f 2378 2779 2379
f 2379 2779 2780
f 2379 2780 2380
f 2380 2780 2781
f 2380 2781 2381
f 2381 2781 2782
f 2381 2782 2382
f 2382 2782 2783
f 2382 2783 2383
f 2383 2783 2784
f 2383 2784 2384
f 2384 2784 2785
f 2384 2785 2385
f 2385 2785 2786
f 2385 2786 2386
f 2386 2786 2787
f 2386 2787 2387
f 2387 2787 2788
f 2387 2788 2388
f 2388 2788 2789
f 2388 2789 2389
f 2389 2789 2790
f 2389 2790 2390
f 2390 2790 2791
f 2390 2791 2391
f 2391 2791 2792
f 2391 2792 2392
f 2392 2792 2793
f 2392 2793 2393
f 2393 2793 2794
f 2393 2794 2394
f 2394 2794 2795
f 2394 2795 2395
f 2395 2795 2796
f 2395 2796 2396
f 2396 2796 2797
f 2396 2797 2397
f 2397 2797 2798
f 2397 2798 2398
f 2398 2798 2799
f 2398 2799 2399
f 2399 2799 2800
f 2399 2800 2400
f 2401 2801 2802
f 2401 2802 2402
f 2402 2802 2803
f 2402 2803 2403
f 2403 2803 2804
f 2403 2804 2404
f 2404 2804 2805
f 2404 2805 2405
f 2405 2805 2806
f 2405 2806 2406
f 2406 2806 2807
f 2406 2807 2407
f 2407 2807 2808
f 2407 2808 2408
f 2408 2808 2809
f 2408 2809 2409
f 2409 2809 2810
f 2409 2810 2410
f 2410 2810 2811
f 2410 2811 2411
f 2411 2811 2812
f 2411 2812 2412
f 2412 2812 2813
f 2412 2813 2413
f 2413 2813 2814
f 2413 2814 2414
f 2414 2814 2815
f 2414 2815 2415
f 2415 2815 2816
f 2415 2816 2416
f 2416 2816 2817
f 2416 2817 2417
f 2417 2817 2818
f 2417 2818 2418
f 2418 2818 2819
f 2418 2819 2419
f 2419 2819 2820
f 2419 2820 2420
f 2420 2820 2821
f 2420 2821 2421
f 2421 2821 2822
f 2421 2822 2422
f 2422 2822 2823
f 2422 2823 2423
f 2423 2823 2824
f 2423 2824 2424
f 2424 2824 2825
f 2424 2825 2425
f 2425 2825 2826
f 2425 2826 2426
f 2426 2826 2827
f 2426 2827 2427
f 2427 2827 2828
f 2427 2828 2428
f 2428 2828 2829
f 2428 2829 2429
f 2429 2829 2830
f 2429 2830 2430
f 2430 2830 2831
f 2430 2831 2431
f 2431 2831 2832
f 2431 2832 2432
f 2432 2832 2833
f 2432 2833 2433
f 2433 2833 2834
f 2433 2834 2434
f 2434 2834 2835
f 2434 2835 2435
f 2435 2835 2836
f 2435 2836 2436
f 2436 2836 2837
f 2436 2837 2437
f 2437 2837 2838
f 2437 2838 2438
f 2438 2838 2839
f 2438 2839 2439
f 2439 2839 2840
f 2439 2840 2440
f 2440 2840 2841
f 2440 2841 2441
f 2441 2841 2842
f 2441 2842 2442
f 2442 2842 2843
f 2442 2843 2443
f 2443 2843 2844
f 2443 2844 2444
f 2444 2844 2845
f 2444 2845 2445
f 2445 2845 2846
f 2445 2846 2446
f 2446 2846 2847
f 2446 2847 2447
f 2447 2847 2848
f 2447 2848 2448
f 2448 2848 2849
f 2448 2849 2449
f 2449 2849 2850
f 2449 2850 2450
f 2450 2850 2851
f 2450 2851 2451
f 2451 2851 2852
f 2451 2852 2452
f 2452 2852 2853
f 2452 2853 2453
f 2453 2853 2854
f 2453 2854 2454
f 2454 2854 2855
f 2454 2855 2455
f 2455 2855 2856
f 2455 2856 2456
f 2456 2856 2857
f 2456 2857 2457
f 2457 2857 2858
f 2457 2858 2458
f 2458 2858 2859
f 2458 2859 2459
f 2459 2859 2860
f 2459 2860 2460
f 2460 2860 2861
f 2460 2861 2461
f 2461 2861 2862
f 2461 2862 2462
f 2462 2862 2863
f 2462 2863 2463
f 2463 2863 2864
f 2463 2864 2464
f 2464 2864 2865
f 2464 2865 2465
f 2465 2865 2866
f 2465 2866 2466
f 2466 2866 2867
f 2466 2867 2467
f 2467 2867 2868
f 2467 2868 2468
f 2468 2868 2869
f 2468 2869 2469
f 2469 2869 2870
f 2469 2870 2470
f 2470 2870 2871
f 2470 2871 2471
f 2471 2871 2872
f 2471 2872 2472
f 2472 2872 2873
f 2472 2873 2473
f 2473 2873 2874
f 2473 2874 2474
f 2474 2874 2875
f 2474 2875 2475
f 2475 2875 2876
f 2475 2876 2476
f 2476 2876 2877
f 2476 2877 2477
f 2477 2877 2878
f 2477 2878 2478
f 2478 2878 2879
f 2478 2879 2479
f 2479 2879 2880
f 2479 2880 2480
f 2480 2880 2881
f 2480 2881 2481
f 2481 2881 2882
f 2481 2882 2482
f 2482 2882 2883
f 2482 2883 2483
f 2483 2883 2884
f 2483 2884 2484
f 2484 2884 2885
f 2484 2885 2485
f 2485 2885 2886
f 2485 2886 2486
f 2486 2886 2887
f 2486 2887 2487
f 2487 2887 2888
f 2487 2888 2488
f 2488 2888 2889
f 2488 2889 2489
f 2489 2889 2890
f 2489 2890 2490
f 2490 2890 2891
f 2490 2891 2491
f 2491 2891 2892
f 2491 2892 2492
f 2492 2892 2893
f 2492 2893 2493
f 2493 2893 2894
f 2493 2894 2494
f 2494 2894 2895
f 2494 2895 2495
f 2495 2895 2896
f 2495 2896 2496
f 2496 2896 2897
f 2496 2897 2497
f 2497 2897 2898
f 2497 2898 2498
f 2498 2898 2899
f 2498 2899 2499
f 2499 2899 2900
f 2499 2900 2500
f 2500 2900 2901
f 2500 2901 2501
f 2501 2901 2902
f 2501 2902 2502
f 2502 2902 2903
f 2502 2903 2503
f 2503 2903 2904
f 2503 2904 2504
f 2504 2904 2905
f 2504 2905 2505
f 2505 2905 2906
f 2505 2906 2506
f 2506 2906 2907
f 2506 2907 2507
f 2507 2907 2908
f 2507 2908 2508
f 2508 2908 2909
f 2508 2909 2509
f 2509 2909 2910
f 2509 2910 2510
f 2510 2910 2911
f 2510 2911 2511
f 2511 2911 2912
f 2511 2912 2512
f 2512 2912 2913
f 2512 2913 2513
f 2513 2913 2914
f 2513 2914 2514
f 2514 2914 2915
f 2514 2915 2515
f 2515 2915 2916
f 2515 2916 2516
f 2516 2916 2917
f 2516 2917 2517
f 2517 2917 2918
f 2517 2918 2518
f 2518 2918 2919
f 2518 2919 2519
f 2519 2919 2920
f 2519 2920 2520
f 2520 2920 2921
f 2520 2921 2521
f 2521 2921 2922
f 2521 2922 2522
f 2522 2922 2923
f 2522 2923 2523
f 2523 2923 2924
f 2523 2924 2524
f 2524 2924 2925
f 2524 2925 2525
f 2525 2925 2926
f 2525 2926 2526
f 2526 2926 2927
f 2526 2927 2527
f 2527 2927 2928
f 2527 2928 2528
f 2528 2928 2929
f 2528 2929 2529
f 2529 2929 2930
f 2529 2930 2530
f 2530 2930 2931
f 2530 2931 2531
f 2531 2931 2932
f 2531 2932 2532
f 2532 2932 2933
f 2532 2933 2533
f 2533 2933 2934
f 2533 2934 2534
f 2534 2934 2935
f 2534 2935 2535
f 2535 2935 2936
f 2535 2936 2536
f 2536 2936 2937
f 2536 2937 2537
f 2537 2937 2938
f 2537 2938 2538
f 2538 2938 2939
f 2538 2939 2539
f 2539 2939 2940
f 2539 2940 2540
f 2540 2940 2941
f 2540 2941 2541
f 2541 2941 2942
f 2541 2942 2542
f 2542 2942 2943
f 2542 2943 2543
f 2543 2943 2944
f 2543 2944 2544
f 2544 2944 2945
f 2544 2945 2545
f 2545 2945 2946
f 2545 2946 2546
f 2546 2946 2947
f 2546 2947 2547
f 2547 2947 2948
f 2547 2948 2548
f 2548 2948 2949
f 2548 2949 2549
f 2549 2949 2950
f 2549 2950 2550
f 2550 2950 2951
f 2550 2951 2551
f 2551 2951 2952
f 2551 2952 2552
f 2552 2952 2953
f 2552 2953 2553
f 2553 2953 2954
f 2553 2954 2554
f 2554 2954 2955
f 2554 2955 2555
f 2555 2955 2956
f 2555 2956 2556
f 2556 2956 2957
f 2556 2957 2557
f 2557 2957 2958
f 2557 2958 2558
f 2558 2958 2959
f 2558 2959 2559
f 2559 2959 2960
f 2559 2960 2560
f 2560 2960 2961
f 2560 2961 2561
f 2561 2961 2962
f 2561 2962 2562
f 2562 2962 2963
f 2562 2963 2563
f 2563 2963 2964
f 2563 2964 2564
f 2564 2964 2965
f 2564 2965 2565
f 2565 2965 2966
f 2565 2966 2566
f 2566 2966 2967
f 2566 2967 2567
f 2567 2967 2968
f 2567 2968 2568
f 2568 2968 2969
f 2568 2969 2569
f 2569 2969 2970
f 2569 2970 2570
f 2570 2970 2971
f 2570 2971 2571
f 2571 2971 2972
f 2571 2972 2572
f 2572 2972 2973
f 2572 2973 2573
f 2573 2973 2974
f 2573 2974 2574
f 2574 2974 2975
f 2574 2975 2575
f 2575 2975 2976
f 2575 2976 2576
f 2576 2976 2977
f 2576 2977 2577
f 2577 2977 2978
f 2577 2978 2578
f 2578 2978 2979
f 2578 2979 2579
f 2579 2979 2980
f 2579 2980 2580
f 2580 2980 2981
f 2580 2981 2581
f 2581 2981 2982
f 2581 2982 2582
f 2582 2982 2983
f 2582 2983 2583
f 2583 2983 2984
f 2583 2984 2584
f 2584 2984 2985
f 2584 2985 2585
f 2585 2985 2986
f 2585 2986 2586
f 2586 2986 2987
f 2586 2987 2587
f 2587 2987 2988
f 2587 2988 2588
f 2588 2988 2989
f 2588 2989 2589
f 2589 2989 2990
f 2589 2990 2590
f 2590 2990 2991
f 2590 2991 2591
f 2591 2991 2992
f 2591 2992 2592
f 2592 2992 2993
f 2592 2993 2593
f 2593 2993 2994
f 2593 2994 2594
f 2594 2994 2995
f 2594 2995 2595
f 2595 2995 2996
f 2595 2996 2596
f 2596 2996 2997
f 2596 2997 2597
f 2597 2997 2998
f 2597 2998 2598
f 2598 2998 2999
f 2598 2999 2599
f 2599 2999 3000
f 2599 3000 2600
f 2600 3000 3001
f 2600 3001 2601
f 2601 3001 3002
f 2601 3002 2602
f 2602 3002 3003
f 2602 3003 2603
f 2603 3003 3004
f 2603 3004 2604
f 2604 3004 3005
f 2604 3005 2605
f 2605 3005 3006
f 2605 3006 2606
f 2606 3006 3007
f 2606 3007 2607
f 2607 3007 3008
f 2607 3008 2608
f 2608 3008 3009
f 2608 3009 2609
f 2609 3009 3010
f 2609 3010 2610
f 2610 3010 3011
f 2610 3011 2611
f 2611 3011 3012
f 2611 3012 2612
f 2612 3012 3013
f 2612 3013 2613
f 2613 3013 3014
f 2613 3014 2614
f 2614 3014 3015
f 2614 3015 2615
f 2615 3015 3016
f 2615 3016 2616
f 2616 3016 3017
f 2616 3017 2617
f 2617 3017 3018
f 2617 3018 2618
f 2618 3018 3019
f 2618 3019 2619
f 2619 3019 3020
f 2619 3020 2620
f 2620 3020 3021
f 2620 3021 2621
f 2621 3021 3022
f 2621 3022 2622
f 2622 3022 3023
f 2622 3023 2623
f 2623 3023 3024
f 2623 3024 2624
f 2624 3024 3025
f 2624 3025 2625
f 2625 3025 3026
f 2625 3026 2626
f 2626 3026 3027
f 2626 3027 2627
f 2627 3027 3028
f 2627 3028 2628
f 2628 3028 3029
f 2628 3029 2629
f 2629 3029 3030
f 2629 3030 2630
f 2630 3030 3031
f 2630 3031 2631
f 2631 3031 3032
f 2631 3032 2632
f 2632 3032 3033
f 2632 3033 2633
f 2633 3033 3034
f 2633 3034 2634
f 2634 3034 3035
f 2634 3035 2635
f 2635 3035 3036
f 2635 3036 2636
f 2636 3036 3037
f 2636 3037 2637
f 2637 3037 3038
f 2637 3038 2638
f 2638 3038 3039
f 2638 3039 2639
f 2639 3039 3040
f 2639 3040 2640
f 2640 3040 3041
f 2640 3041 2641
f 2641 3041 3042
f 2641 3042 2642
f 2642 3042 3043
f 2642 3043 2643
f 2643 3043 3044
f 2643 3044 2644
f 2644 3044 3045
f 2644 3045 2645
f 2645 3045 3046
f 2645 3046 2646
f 2646 3046 3047
f 2646 3047 2647
f 2647 3047 3048
f 2647 3048 2648
f 2648 3048 3049
f 2648 3049 2649
f 2649 3049 3050
f 2649 3050 2650
f 2650 3050 3051
f 2650 3051 2651
f 2651 3051 3052
f 2651 3052 2652
f 2652 3052 3053
f 2652 3053 2653
f 2653 3053 3054
f 2653 3054 2654
f 2654 3054 3055
f 2654 3055 2655
f 2655 3055 3056
f 2655 3056 2656
f 2656 3056 3057
f 2656 3057 2657
f 2657 3057 3058
f 2657 3058 2658
f 2658 3058 3059
f 2658 3059 2659
f 2659 3059 3060
f 2659 3060 2660
f 2660 3060 3061
f 2660 3061 2661
f 2661 3061 3062
f 2661 3062 2662
f 2662 3062 3063
f 2662 3063 2663
f 2663 3063 3064
f 2663 3064 2664
f 2664 3064 3065
f 2664 3065 2665
f 2665 3065 3066
f 2665 3066 2666
f 2666 3066 3067
f 2666 3067 2667
f 2667 3067 3068
f 2667 3068 2668
f 2668 3068 3069
f 2668 3069 2669
f 2669 3069 3070
f 2669 3070 2670
f 2670 3070 3071
f 2670 3071 2671
f 2671 3071 3072
f 2671 3072 2672
f 2672 3072 3073
f 2672 3073 2673
f 2673 3073 3074
f 2673 3074 2674
f 2674 3074 3075
f 2674 3075 2675
f 2675 3075 3076
f 2675 3076 2676
f 2676 3076 3077
f 2676 3077 2677
f 2677 3077 3078
f 2677 3078 2678
f 2678 3078 3079
f 2678 3079 2679
f 2679 3079 3080
f 2679 3080 2680
f 2680 3080 3081
f 2680 3081 2681
f 2681 3081 3082
f 2681 3082 2682
f 2682 3082 3083
f 2682 3083 2683
f 2683 3083 3084
f 2683 3084 2684
f 2684 3084 3085
f 2684 3085 2685
f 2685 3085 3086
f 2685 3086 2686
f 2686 3086 3087
f 2686 3087 2687
f 2687 3087 3088
f 2687 3088 2688
f 2688 3088 3089
f 2688 3089 2689
f 2689 3089 3090
f 2689 3090 2690
f 2690 3090 3091
f 2690 3091 2691
f 2691 3091 3092
f 2691 3092 2692
f 2692 3092 3093
f 2692 3093 2693
f 2693 3093 3094
f 2693 3094 2694
f 2694 3094 3095
f 2694 3095 2695
f 2695 3095 3096
f 2695 3096 2696
f 2696 3096 3097
f 2696 3097 2697
f 2697 3097 3098
f 2697 3098 2698
f 2698 3098 3099
f 2698 3099 2699
f 2699 3099 3100
f 2699 3100 2700
f 2700 3100 3101
f 2700 3101 2701
f 2701 3101 3102
f 2701 3102 2702
f 2702 3102 3103
f 2702 3103 2703
f 2703 3103 3104
f 2703 3104 2704
f 2704 3104 3105
f 2704 3105 2705
f 2705 3105 3106
f 2705 3106 2706
f 2706 3106 3107
f 2706 3107 2707
f 2707 3107 3108
f 2707 3108 2708
f 2708 3108 3109
f 2708 3109 2709
f 2709 3109 3110
f 2709 3110 2710
f 2710 3110 3111
f 2710 3111 2711
f 2711 3111 3112
f 2711 3112 2712
f 2712 3112 3113
f 2712 3113 2713
f 2713 3113 3114
f 2713 3114 2714
f 2714 3114 3115
f 2714 3115 2715
f 2715 3115 3116
f 2715 3116 2716
f 2716 3116 3117
f 2716 3117 2717
f 2717 3117 3118
f 2717 3118 2718
f 2718 3118 3119
f 2718 3119 2719
f 2719 3119 3120
f 2719 3120 2720
f 2720 3120 3121
f 2720 3121 2721
f 2721 3121 3122
f 2721 3122 2722
f 2722 3122 3123
f 2722 3123 2723
f 2723 3123 3124
f 2723 3124 2724
f 2724 3124 3125
f 2724 3125 2725
f 2725 3125 3126
f 2725 3126 2726
f 2726 3126 3127
f 2726 3127 2727
f 2727 3127 3128
f 2727 3128 2728
f 2728 3128 3129
f 2728 3129 2729
f 2729 3129 3130
f 2729 3130 2730
f 2730 3130 3131
f 2730 3131 2731
f 2731 3131 3132
f 2731 3132 2732
f 2732 3132 3133
f 2732 3133 2733
f 2733 3133 3134
f 2733 3134 2734
f 2734 3134 3135
f 2734 3135 2735
f 2735 3135 3136
f 2735 3136 2736
f 2736 3136 3137
f 2736 3137 2737
f 2737 3137 3138
f 2737 3138 2738
f 2738 3138 3139
f 2738 3139 2739
f 2739 3139 3140
f 2739 3140 2740
f 2740 3140 3141
f 2740 3141 2741
f 2741 3141 3142
f 2741 3142 2742
f 2742 3142 3143
f 2742 3143 2743
f 2743 3143 3144
f 2743 3144 2744
f 2744 3144 3145
f 2744 3145 2745
f 2745 3145 3146
f 2745 3146 2746
f 2746 3146 3147
f 2746 3147 2747
f 2747 3147 3148
f 2747 3148 2748
f 2748 3148 3149
f 2748 3149 2749
f 2749 3149 3150
f 2749 3150 2750
f 2750 3150 3151
f 2750 3151 2751
f 2751 3151 3152
f 2751 3152 2752
f 2752 3152 3153
f 2752 3153 2753
f 2753 3153 3154
f 2753 3154 2754
f 2754 3154 3155
f 2754 3155 2755
f 2755 3155 3156
f 2755 3156 2756
f 2756 3156 3157
f 2756 3157 2757
f 2757 3157 3158
f 2757 3158 2758
f 2758 3158 3159
f 2758 3159 2759
f 2759 3159 3160
f 2759 3160 2760
f 2760 3160 3161
f 2760 3161 2761
f 2761 3161 3162
f 2761 3162 2762
f 2762 3162 3163
f 2762 3163 2763
f 2763 3163 3164
f 2763 3164 2764
f 2764 3164 3165
f 2764 3165 2765
f 2765 3165 3166
f 2765 3166 2766
f 2766 3166 3167
f 2766 3167 2767
f 2767 3167 3168
f 2767 3168 2768
f 2768 3168 3169
f 2768 3169 2769
f 2769 3169 3170
f 2769 3170 2770
f 2770 3170 3171
f 2770 3171 2771
f 2771 3171 3172
f 2771 3172 2772
f 2772 3172 3173
f 2772 3173 2773
f 2773 3173 3174
f 2773 3174 2774
f 2774 3174 3175
f 2774 3175 2775
f 2775 3175 3176
f 2775 3176 2776
f 2776 3176 3177
f 2776 3177 2777
f 2777 3177 3178
f 2777 3178 2778
f 2778 3178 3179
f 2778 3179 2779
f 2779 3179 3180
f 2779 3180 2780
f 2780 3180 3181
f 2780 3181 2781
f 2781 3181 3182
f 2781 3182 2782
f 2782 3182 3183
f 2782 3183 2783
f 2783 3183 3184
f 2783 3184 2784
f 2784 3184 3185
f 2784 3185 2785
f 2785 3185 3186
f 2785 3186 2786
f 2786 3186 3187
f 2786 3187 2787
f 2787 3187 3188
f 2787 3188 2788
f 2788 3188 3189
f 2788 3189 2789
f 2789 3189 3190
f 2789 3190 2790
f 2790 3190 3191
f 2790 3191 2791
f 2791 3191 3192
f 2791 3192 2792
f 2792 3192 3193
f 2792 3193 2793
f 2793 3193 3194
f 2793 3194 2794
f 2794 3194 3195
f 2794 3195 2795
f 2795 3195 3196
f 2795 3196 2796
f 2796 3196 3197
f 2796 3197 2797
f 2797 3197 3198
f 2797 3198 2798
f 2798 3198 3199
f 2798 3199 2799
f 2799 3199 3200
f 2799 3200 2800
f 2801 3201 3202
f 2801 3202 2802
f 2802 3202 3203
f 2802 3203 2803
f 2803 3203 3204
f 2803 3204 2804
f 2804 3204 3205
f 2804 3205 2805
f 2805 3205 3206
f 2805 3206 2806
f 2806 3206 3207
f 2806 3207 2807
f 2807 3207 3208
f 2807 3208 2808
f 2808 3208 3209
f 2808 3209 2809
f 2809 3209 3210
f 2809 3210 2810
f 2810 3210 3211
f 2810 3211 2811
f 2811 3211 3212
f 2811 3212 2812
f 2812 3212 3213
f 2812 3213 2813
f 2813 3213 3214
f 2813 3214 2814
f 2814 3214 3215
f 2814 3215 2815
f 2815 3215 3216
f 2815 3216 2816
f 2816 3216 3217
f 2816 3217 2817
f 2817 3217 3218
f 2817 3218 2818
f 2818 3218 3219
f 2818 3219 2819
f 2819 3219 3220
f 2819 3220 2820
f 2820 3220 3221
f 2820 3221 2821
f 2821 3221 3222
f 2821 3222 2822
f 2822 3222 3223
f 2822 3223 2823
f 2823 3223 3224
f 2823 3224 2824
f 2824 3224 3225
f 2824 3225 2825
f 2825 3225 3226
f 2825 3226 2826
f 2826 3226 3227
f 2826 3227 2827
f 2827 3227 3228
f 2827 3228 2828
f 2828 3228 3229
f 2828 3229 2829
f 2829 3229 3230
f 2829 3230 2830
f 2830 3230 3231
f 2830 3231 2831
f 2831 3231 3232
f 2831 3232 2832
f 2832 3232 3233
f 2832 3233 2833
f 2833 3233 3234
f 2833 3234 2834
f 2834 3234 3235
f 2834 3235 2835
f 2835 3235 3236
f 2835 3236 2836
f 2836 3236 3237
f 2836 3237 2837
f 2837 3237 3238
f 2837 3238 2838
f 2838 3238 3239
f 2838 3239 2839
f 2839 3239 3240
f 2839 3240 2840
f 2840 3240 3241
f 2840 3241 2841
f 2841 3241 3242
f 2841 3242 2842
f 2842 3242 3243
f 2842 3243 2843
f 2843 3243 3244
f 2843 3244 2844
f 2844 3244 3245
f 2844 3245 2845
f 2845 3245 3246
f 2845 3246 2846
f 2846 3246 3247
f 2846 3247 2847
f 2847 3247 3248
f 2847 3248 2848
f 2848 3248 3249
f 2848 3249 2849
f 2849 3249 3250
f 2849 3250 2850
f 2850 3250 3251
f 2850 3251 2851
f 2851 3251 3252
f 2851 3252 2852
f 2852 3252 3253
f 2852 3253 2853
f 2853 3253 3254
f 2853 3254 2854
f 2854 3254 3255
f 2854 3255 2855
f 2855 3255 3256
f 2855 3256 2856
f 2856 3256 3257
f 2856 3257 2857
f 2857 3257 3258
f 2857 3258 2858
f 2858 3258 3259
f 2858 3259 2859
f 2859 3259 3260
f 2859 3260 2860
f 2860 3260 3261
f 2860 3261 2861
f 2861 3261 3262
f 2861 3262 2862
f 2862 3262 3263
f 2862 3263 2863
f 2863 3263 3264
f 2863 3264 2864
f 2864 3264 3265
f 2864 3265 2865
f 2865 3265 3266
f 2865 3266 2866
f 2866 3266 3267
f 2866 3267 2867
f 2867 3267 3268
f 2867 3268 2868
f 2868 3268 3269
f 2868 3269 2869
f 2869 3269 3270
f 2869 3270 2870
f 2870 3270 3271
f 2870 3271 2871
f 2871 3271 3272
f 2871 3272 2872
f 2872 3272 3273
f 2872 3273 2873
f 2873 3273 3274
f 2873 3274 2874
f 2874 3274 3275
f 2874 3275 2875
f 2875 3275 3276
f 2875 3276 2876
f 2876 3276 3277
f 2876 3277 2877
f 2877 3277 3278
f 2877 3278 2878
f 2878 3278 3279
f 2878 3279 2879
f 2879 3279 3280
f 2879 3280 2880
f 2880 3280 3281
f 2880 3281 2881
f 2881 3281 3282
f 2881 3282 2882
f 2882 3282 3283
f 2882 3283 2883
f 2883 3283 3284
f 2883 3284 2884
f 2884 3284 3285
f 2884 3285 2885
f 2885 3285 3286
f 2885 3286 2886
f 2886 3286 3287
f 2886 3287 2887
f 2887 3287 3288
f 2887 3288 2888
f 2888 3288 3289
f 2888 3289 2889
f 2889 3289 3290
f 2889 3290 2890
f 2890 3290 3291
f 2890 3291 2891
f 2891 3291 3292
f 2891 3292 2892
f 2892 3292 3293
f 2892 3293 2893
f 2893 3293 3294
f 2893 3294 2894
f 2894 3294 3295
f 2894 3295 2895
f 2895 3295 3296
f 2895 3296 2896
f 2896 3296 3297
f 2896 3297 2897
f 2897 3297 3298
f 2897 3298 2898
f 2898 3298 3299
f 2898 3299 2899
f 2899 3299 3300
f 2899 3300 2900
f 2900 3300 3301
f 2900 3301 2901
f 2901 3301 3302
f 2901 3302 2902
f 2902 3302 3303
f 2902 3303 2903
f 2903 3303 3304
f 2903 3304 2904
f 2904 3304 3305
f 2904 3305 2905
f 2905 3305 3306
f 2905 3306 2906
f 2906 3306 3307
f 2906 3307 2907
f 2907 3307 3308
f 2907 3308 2908
f 2908 3308 3309
f 2908 3309 2909
f 2909 3309 3310
f 2909 3310 2910
f 2910 3310 3311
f 2910 3311 2911
f 2911 3311 3312
f 2911 3312 2912
f 2912 3312 3313
f 2912 3313 2913
f 2913 3313 3314
f 2913 3314 2914
f 2914 3314 3315
f 2914 3315 2915
f 2915 3315 3316
f 2915 3316 2916
f 2916 3316 3317
f 2916 3317 2917
f 2917 3317 3318
f 2917 3318 2918
f 2918 3318 3319
f 2918 3319 2919
f 2919 3319 3320
f 2919 3320 2920
f 2920 3320 3321
f 2920 3321 2921
f 2921 3321 3322
f 2921 3322 2922
f 2922 3322 3323
f 2922 3323 2923
f 2923 3323 3324
f 2923 3324 2924
f 2924 3324 3325
f 2924 3325 2925
f 2925 3325 3326
f 2925 3326 2926
f 2926 3326 3327
f 2926 3327 2927
f 2927 3327 3328
f 2927 3328 2928
f 2928 3328 3329
f 2928 3329 2929
f 2929 3329 3330
f 2929 3330 2930
f 2930 3330 3331
f 2930 3331 2931
f 2931 3331 3332
f 2931 3332 2932
f 2932 3332 3333
f 2932 3333 2933
f 2933 3333 3334
f 2933 3334 2934
f 2934 3334 3335
f 2934 3335 2935
f 2935 3335 3336
f 2935 3336 2936
f 2936 3336 3337
f 2936 3337 2937
f 2937 3337 3338
f 2937 3338 2938
f 2938 3338 3339
f 2938 3339 2939
f 2939 3339 3340
f 2939 3340 2940
f 2940 3340 3341
f 2940 3341 2941
f 2941 3341 3342
f 2941 3342 2942
f 2942 3342 3343
f 2942 3343 2943
f 2943 3343 3344
f 2943 3344 2944
f 2944 3344 3345
f 2944 3345 2945
f 2945 3345 3346
f 2945 3346 2946
f 2946 3346 3347
f 2946 3347 2947
f 2947 3347 3348
f 2947 3348 2948
f 2948 3348 3349
f 2948 3349 2949
f 2949 3349 3350
f 2949 3350 2950
f 2950 3350 3351
f 2950 3351 2951
f 2951 3351 3352
f 2951 3352 2952
f 2952 3352 3353
f 2952 3353 2953
f 2953 3353 3354
f 2953 3354 2954
f 2954 3354 3355
f 2954 3355 2955
f 2955 3355 3356
f 2955 3356 2956
f 2956 3356 3357
f 2956 3357 2957
f 2957 3357 3358
f 2957 3358 2958
f 2958 3358 3359
f 2958 3359 2959
f 2959 3359 3360
f 2959 3360 2960
f 2960 3360 3361
f 2960 3361 2961
f 2961 3361 3362
f 2961 3362 2962
f 2962 3362 3363
f 2962 3363 2963
f 2963 3363 3364
f 2963 3364 2964
f 2964 3364 3365
f 2964 3365 2965
f 2965 3365 3366
f 2965 3366 2966
f 2966 3366 3367
f 2966 3367 2967
f 2967 3367 3368
f 2967 3368 2968
f 2968 3368 3369
f 2968 3369 2969
f 2969 3369 3370
f 2969 3370 2970
f 2970 3370 3371
f 2970 3371 2971
f 2971 3371 3372
f 2971 3372 2972
f 2972 3372 3373
f 2972 3373 2973
f 2973 3373 3374
f 2973 3374 2974
f 2974 3374 3375
f 2974 3375 2975
f 2975 3375 3376
f 2975 3376 2976
f 2976 3376 3377
f 2976 3377 2977
f 2977 3377 3378
f 2977 3378 2978
f 2978 3378 3379
f 2978 3379 2979
f 2979 3379 3380
f 2979 3380 2980
f 2980 3380 3381
f 2980 3381 2981
f 2981 3381 3382
f 2981 3382 2982
f 2982 3382 3383
f 2982 3383 2983
f 2983 3383 3384
f 2983 3384 2984
f 2984 3384 3385
f 2984 3385 2985
f 2985 3385 3386
f 2985 3386 2986
f 2986 3386 3387
f 2986 3387 2987
f 2987 3387 3388
f 2987 3388 2988
f 2988 3388 3389
f 2988 3389 2989
f 2989 3389 3390
f 2989 3390 2990
f 2990 3390 3391
f 2990 3391 2991
f 2991 3391 3392
f 2991 3392 2992
f 2992 3392 3393
f 2992 3393 2993
f 2993 3393 3394
f 2993 3394 2994
f 2994 3394 3395
f 2994 3395 2995
f 2995 3395 3396
f 2995 3396 2996
f 2996 3396 3397
f 2996 3397 2997
f 2997 3397 3398
f 2997 3398 2998
f 2998 3398 3399
f 2998 3399 2999
f 2999 3399 3400
f 2999 3400 3000
f 3000 3400 3401
f 3000 3401 3001
f 3001 3401 3402
f 3001 3402 3002
f 3002 3402 3403
f 3002 3403 3003
f 3003 3403 3404
f 3003 3404 3004
f 3004 3404 3405
f 3004 3405 3005
f 3005 3405 3406
f 3005 3406 3006
f 3006 3406 3407
f 3006 3407 3007
f 3007 3407 3408
f 3007 3408 3008
f 3008 3408 3409
f 3008 3409 3009
f 3009 3409 3410
f 3009 3410 3010
f 3010 3410 3411
f 3010 3411 3011
f 3011 3411 3412
f 3011 3412 3012
f 3012 3412 3413
f 3012 3413 3013
f 3013 3413 3414
f 3013 3414 3014
f 3014 3414 3415
f 3014 3415 3015
f 3015 3415 3416
f 3015 3416 3016
f 3016 3416 3417
f 3016 3417 3017
f 3017 3417 3418
f 3017 3418 3018
f 3018 3418 3419
f 3018 3419 3019
f 3019 3419 3420
f 3019 3420 3020
f 3020 3420 3421
f 3020 3421 3021
f 3021 3421 3422
f 3021 3422 3022
f 3022 3422 3423
f 3022 3423 3023
f 3023 3423 3424
f 3023 3424 3024
f 3024 3424 3425
f 3024 3425 3025
f 3025 3425 3426
f 3025 3426 3026
f 3026 3426 3427
f 3026 3427 3027
f 3027 3427 3428
f 3027 3428 3028
f 3028 3428 3429
f 3028 3429 3029
f 3029 3429 3430
f 3029 3430 3030
f 3030 3430 3431
f 3030 3431 3031
f 3031 3431 3432
f 3031 3432 3032
f 3032 3432 3433
f 3032 3433 3033
f 3033 3433 3434
f 3033 3434 3034
f 3034 3434 3435
f 3034 3435 3035
f 3035 3435 3436
f 3035 3436 3036
f 3036 3436 3437
f 3036 3437 3037
f 3037 3437 3438
f 3037 3438 3038
f 3038 3438 3439
f 3038 3439 3039
f 3039 3439 3440
f 3039 3440 3040
f 3040 3440 3441
f 3040 3441 3041
f 3041 3441 3442
f 3041 3442 3042
f 3042 3442 3443
f 3042 3443 3043
f 3043 3443 3444
f 3043 3444 3044
f 3044 3444 3445
f 3044 3445 3045
f 3045 3445 3446
f 3045 3446 3046
f 3046 3446 3447
f 3046 3447 3047
f 3047 3447 3448
f 3047 3448 3048
f 3048 3448 3449
f 3048 3449 3049
f 3049 3449 3450
f 3049 3450 3050
f 3050 3450 3451
f 3050 3451 3051
f 3051 3451 3452
f 3051 3452 3052
f 3052 3452 3453
f 3052 3453 3053
f 3053 3453 3454
f 3053 3454 3054
f 3054 3454 3455
f 3054 3455 3055
f 3055 3455 3456
f 3055 3456 3056
f 3056 3456 3457
f 3056 3457 3057
f 3057 3457 3458
f 3057 3458 3058
f 3058 3458 3459
f 3058 3459 3059
f 3059 3459 3460
f 3059 3460 3060
f 3060 3460 3461
f 3060 3461 3061
f 3061 3461 3462
f 3061 3462 3062
f 3062 3462 3463
f 3062 3463 3063
f 3063 3463 3464
f 3063 3464 3064
f 3064 3464 3465
f 3064 3465 3065
f 3065 3465 3466
f 3065 3466 3066
f 3066 3466 3467
f 3066 3467 3067
f 3067 3467 3468
f 3067 3468 3068
f 3068 3468 3469
f 3068 3469 3069
f 3069 3469 3470
f 3069 3470 3070
f 3070 3470 3471
f 3070 3471 3071
f 3071 3471 3472
f 3071 3472 3072
f 3072 3472 3473
f 3072 3473 3073
f 3073 3473 3474
f 3073 3474 3074
f 3074 3474 3475
f 3074 3475 3075
f 3075 3475 3476
f 3075 3476 3076
f 3076 3476 3477
f 3076 3477 3077
f 3077 3477 3478
f 3077 3478 3078
f 3078 3478 3479
f 3078 3479 3079
f 3079 3479 3480
f 3079 3480 3080
f 3080 3480 3481
f 3080 3481 3081
f 3081 3481 3482
f 3081 3482 3082
f 3082 3482 3483
f 3082 3483 3083
f 3083 3483 3484
f 3083 3484 3084
f 3084 3484 3485
f 3084 3485 3085
f 3085 3485 3486
f 3085 3486 3086
f 3086 3486 3487
f 3086 3487 3087
f 3087 3487 3488
f 3087 3488 3088
f 3088 3488 3489
f 3088 3489 3089
f 3089 3489 3490
f 3089 3490 3090
f 3090 3490 3491
f 3090 3491 3091
f 3091 3491 3492
f 3091 3492 3092
f 3092 3492 3493
f 3092 3493 3093
f 3093 3493 3494
f 3093 3494 3094
f 3094 3494 3495
f 3094 3495 3095
f 3095 3495 3496
f 3095 3496 3096
f 3096 3496 3497
f 3096 3497 3097
f 3097 3497 3498
f 3097 3498 3098
f 3098 3498 3499
f 3098 3499 3099
f 3099 3499 3500
f 3099 3500 3100
f 3100 3500 3501
f 3100 3501 3101
f 3101 3501 3502
f 3101 3502 3102
f 3102 3502 3503
f 3102 3503 3103
f 3103 3503 3504
f 3103 3504 3104
f 3104 3504 3505
f 3104 3505 3105
f 3105 3505 3506
f 3105 3506 3106
f 3106 3506 3507
f 3106 3507 3107
f 3107 3507 3508
f 3107 3508 3108
f 3108 3508 3509
f 3108 3509 3109
f 3109 3509 3510
f 3109 3510 3110
f 3110 3510 3511
f 3110 3511 3111
f 3111 3511 3512
f 3111 3512 3112
f 3112 3512 3513
f 3112 3513 3113
f 3113 3513 3514
f 3113 3514 3114
f 3114 3514 3515
f 3114 3515 3115
f 3115 3515 3516
f 3115 3516 3116
f 3116 3516 3517
f 3116 3517 3117
f 3117 3517 3518
f 3117 3518 3118
f 3118 3518 3519
f 3118 3519 3119
f 3119 3519 3520
f 3119 3520 3120
f 3120 3520 3521
f 3120 3521 3121
f 3121 3521 3522
f 3121 3522 3122
f 3122 3522 3523
f 3122 3523 3123
f 3123 3523 3524
f 3123 3524 3124
f 3124 3524 3525
f 3124 3525 3125
f 3125 3525 3526
f 3125 3526 3126
f 3126 3526 3527
f 3126 3527 3127
f 3127 3527 3528
f 3127 3528 3128
f 3128 3528 3529
f 3128 3529 3129
f 3129 3529 3530
f 3129 3530 3130
f 3130 3530 3531
f 3130 3531 3131
f 3131 3531 3532
f 3131 3532 3132
f 3132 3532 3533
f 3132 3533 3133
f 3133 3533 3534
f 3133 3534 3134
f 3134 3534 3535
f 3134 3535 3135
f 3135 3535 3536
f 3135 3536 3136
f 3136 3536 3537
f 3136 3537 3137
f 3137 3537 3538
f 3137 3538 3138
f 3138 3538 3539
f 3138 3539 3139
f 3139 3539 3540
f 3139 3540 3140
f 3140 3540 3541
f 3140 3541 3141
f 3141 3541 3542
f 3141 3542 3142
f 3142 3542 3543
f 3142 3543 3143
f 3143 3543 3544
f 3143 3544 3144
f 3144 3544 3545
f 3144 3545 3145
f 3145 3545 3546
f 3145 3546 3146
f 3146 3546 3547
f 3146 3547 3147
f 3147 3547 3548
f 3147 3548 3148
f 3148 3548 3549
f 3148 3549 3149
f 3149 3549 3550
f 3149 3550 3150
f 3150 3550 3551
f 3150 3551 3151
f 3151 3551 3552
f 3151 3552 3152
f 3152 3552 3553
f 3152 3553 3153
f 3153 3553 3554
f 3153 3554 3154
f 3154 3554 3555
f 3154 3555 3155
f 3155 3555 3556
f 3155 3556 3156
f 3156 3556 3557
f 3156 3557 3157
f 3157 3557 3558
f 3157 3558 3158
f 3158 3558 3559
f 3158 3559 3159
f 3159 3559 3560
f 3159 3560 3160
f 3160 3560 3561
f 3160 3561 3161
f 3161 3561 3562
f 3161 3562 3162
f 3162 3562 3563
f 3162 3563 3163
f 3163 3563 3564
f 3163 3564 3164
f 3164 3564 3565
f 3164 3565 3165
f 3165 3565 3566
f 3165 3566 3166
f 3166 3566 3567
f 3166 3567 3167
f 3167 3567 3568
f 3167 3568 3168
f 3168 3568 3569
f 3168 3569 3169
f 3169 3569 3570
f 3169 3570 3170
f 3170 3570 3571
f 3170 3571 3171
f 3171 3571 3572
f 3171 3572 3172
f 3172 3572 3573
f 3172 3573 3173
f 3173 3573 3574
f 3173 3574 3174
f 3174 3574 3575
f 3174 3575 3175
f 3175 3575 3576
f 3175 3576 3176
f 3176 3576 3577
f 3176 3577 3177
f 3177 3577 3578
f 3177 3578 3178
f 3178 3578 3579
f 3178 3579 3179
f 3179 3579 3580
f 3179 3580 3180
f 3180 3580 3581
f 3180 3581 3181
f 3181 3581 3582
f 3181 3582 3182
f 3182 3582 3583
f 3182 3583 3183
f 3183 3583 3584
f 3183 3584 3184
f 3184 3584 3585
f 3184 3585 3185
f 3185 3585 3586
f 3185 3586 3186
f 3186 3586 3587
f 3186 3587 3187
f 3187 3587 3588
f 3187 3588 3188
f 3188 3588 3589
f 3188 3589 3189
f 3189 3589 3590
f 3189 3590 3190
f 3190 3590 3591
f 3190 3591 3191
f 3191 3591 3592
f 3191 3592 3192
f 3192 3592 3593
f 3192 3593 3193
f 3193 3593 3594
f 3193 3594 3194
f 3194 3594 3595
f 3194 3595 3195
f 3195 3595 3596
f 3195 3596 3196
f 3196 3596 3597
f 3196 3597 3197
f 3197 3597 3598
f 3197 3598 3198
f 3198 3598 3599
f 3198 3599 3199
f 3199 3599 3600
f 3199 3600 3200
f 3201 3601 3602
f 3201 3602 3202
f 3202 3602 3603
f 3202 3603 3203
f 3203 3603 3604
f 3203 3604 3204
f 3204 3604 3605
f 3204 3605 3205
f 3205 3605 3606
f 3205 3606 3206
f 3206 3606 3607
f 3206 3607 3207
f 3207 3607 3608
f 3207 3608 3208
f 3208 3608 3609
f 3208 3609 3209
f 3209 3609 3610
f 3209 3610 3210
f 3210 3610 3611
f 3210 3611 3211
f 3211 3611 3612
f 3211 3612 3212
f 3212 3612 3613
f 3212 3613 3213
f 3213 3613 3614
f 3213 3614 3214
f 3214 3614 3615
f 3214 3615 3215
f 3215 3615 3616
f 3215 3616 3216
f 3216 3616 3617
f 3216 3617 3217
f 3217 3617 3618
f 3217 3618 3218
f 3218 3618 3619
f 3218 3619 3219
f 3219 3619 3620
f 3219 3620 3220
f 3220 3620 3621
f 3220 3621 3221
f 3221 3621 3622
f 3221 3622 3222
f 3222 3622 3623
f 3222 3623 3223
f 3223 3623 3624
f 3223 3624 3224
f 3224 3624 3625
f 3224 3625 3225
f 3225 3625 3626
f 3225 3626 3226
f 3226 3626 3627
f 3226 3627 3227
f 3227 3627 3628
f 3227 3628 3228
f 3228 3628 3629
f 3228 3629 3229
f 3229 3629 3630
f 3229 3630 3230
f 3230 3630 3631
f 3230 3631 3231
f 3231 3631 3632
f 3231 3632 3232
f 3232 3632 3633
f 3232 3633 3233
f 3233 3633 3634
f 3233 3634 3234
f 3234 3634 3635
f 3234 3635 3235
f 3235 3635 3636
f 3235 3636 3236
f 3236 3636 3637
f 3236 3637 3237
f 3237 3637 3638
f 3237 3638 3238
f 3238 3638 3639
f 3238 3639 3239
f 3239 3639 3640
f 3239 3640 3240
f 3240 3640 3641
f 3240 3641 3241
f 3241 3641 3642
f 3241 3642 3242
f 3242 3642 3643
f 3242 3643 3243
f 3243 3643 3644
f 3243 3644 3244
f 3244 3644 3645
f 3244 3645 3245
f 3245 3645 3646
f 3245 3646 3246
f 3246 3646 3647
f 3246 3647 3247
f 3247 3647 3648
f 3247 3648 3248
f 3248 3648 3649
f 3248 3649 3249
f 3249 3649 3650
f 3249 3650 3250
f 3250 3650 3651
f 3250 3651 3251
f 3251 3651 3652
f 3251 3652 3252
f 3252 3652 3653
f 3252 3653 3253
f 3253 3653 3654
f 3253 3654 3254
f 3254 3654 3655
f 3254 3655 3255
f 3255 3655 3656
f 3255 3656 3256
f 3256 3656 3657
f 3256 3657 3257
f 3257 3657 3658
f 3257 3658 3258
f 3258 3658 3659
f 3258 3659 3259
f 3259 3659 3660
f 3259 3660 3260
f 3260 3660 3661
f 3260 3661 3261
f 3261 3661 3662
f 3261 3662 3262
f 3262 3662 3663
f 3262 3663 3263
f 3263 3663 3664
f 3263 3664 3264
f 3264 3664 3665
f 3264 3665 3265
f 3265 3665 3666
f 3265 3666 3266
f 3266 3666 3667
f 3266 3667 3267
f 3267 3667 3668
f 3267 3668 3268
f 3268 3668 3669
f 3268 3669 3269
f 3269 3669 3670
f 3269 3670 3270
f 3270 3670 3671
f 3270 3671 3271
f 3271 3671 3672
f 3271 3672 3272
f 3272 3672 3673
f 3272 3673 3273
f 3273 3673 3674
f 3273 3674 3274
f 3274 3674 3675
f 3274 3675 3275
f 3275 3675 3676
f 3275 3676 3276
f 3276 3676 3677
f 3276 3677 3277
f 3277 3677 3678
f 3277 3678 3278
f 3278 3678 3679
f 3278 3679 3279
f 3279 3679 3680
f 3279 3680 3280
f 3280 3680 3681
f 3280 3681 3281
f 3281 3681 3682
f 3281 3682 3282
f 3282 3682 3683
f 3282 3683 3283
f 3283 3683 3684
f 3283 3684 3284
f 3284 3684 3685
f 3284 3685 3285
f 3285 3685 3686
f 3285 3686 3286
f 3286 3686 3687
f 3286 3687 3287
f 3287 3687 3688
f 3287 3688 3288
f 3288 3688 3689
f 3288 3689 3289
f 3289 3689 3690
f 3289 3690 3290
f 3290 3690 3691
f 3290 3691 3291
f 3291 3691 3692
f 3291 3692 3292
f 3292 3692 3693
f 3292 3693 3293
f 3293 3693 3694
f 3293 3694 3294
f 3294 3694 3695
f 3294 3695 3295
f 3295 3695 3696
f 3295 3696 3296
f 3296 3696 3697
f 3296 3697 3297
f 3297 3697 3698
f 3297 3698 3298
f 3298 3698 3699
f 3298 3699 3299
f 3299 3699 3700
f 3299 3700 3300
f 3300 3700 3701
f 3300 3701 3301
f 3301 3701 3702
f 3301 3702 3302
f 3302 3702 3703
f 3302 3703 3303
f 3303 3703 3704
f 3303 3704 3304
f 3304 3704 3705
f 3304 3705 3305
f 3305 3705 3706
f 3305 3706 3306
f 3306 3706 3707
f 3306 3707 3307
f 3307 3707 3708
f 3307 3708 3308
f 3308 3708 3709
f 3308 3709 3309
f 3309 3709 3710
f 3309 3710 3310
f 3310 3710 3711
f 3310 3711 3311
f 3311 3711 3712
f 3311 3712 3312
f 3312 3712 3713
f 3312 3713 3313
f 3313 3713 3714
f 3313 3714 3314
f 3314 3714 3715
f 3314 3715 3315
f 3315 3715 3716
f 3315 3716 3316
f 3316 3716 3717
f 3316 3717 3317
f 3317 3717 3718
f 3317 3718 3318
f 3318 3718 3719
f 3318 3719 3319
f 3319 3719 3720
f 3319 3720 3320
f 3320 3720 3721
f 3320 3721 3321
f 3321 3721 3722
f 3321 3722 3322
f 3322 3722 3723
f 3322 3723 3323
f 3323 3723 3724
f 3323 3724 3324
f 3324 3724 3725
f 3324 3725 3325
f 3325 3725 3726
f 3325 3726 3326
f 3326 3726 3727
f 3326 3727 3327
f 3327 3727 3728
f 3327 3728 3328
f 3328 3728 3729
f 3328 3729 3329
f 3329 3729 3730
f 3329 3730 3330
f 3330 3730 3731
f 3330 3731 3331
f 3331 3731 3732
f 3331 3732 3332
f 3332 3732 3733
f 3332 3733 3333
f 3333 3733 3734
f 3333 3734 3334
f 3334 3734 3735
f 3334 3735 3335
f 3335 3735 3736
f 3335 3736 3336
f 3336 3736 3737
f 3336 3737 3337
f 3337 3737 3738
f 3337 3738 3338
f 3338 3738 3739
f 3338 3739 3339
f 3339 3739 3740
f 3339 3740 3340
f 3340 3740 3741
f 3340 3741 3341
f 3341 3741 3742
f 3341 3742 3342
f 3342 3742 3743
f 3342 3743 3343
f 3343 3743 3744
f 3343 3744 3344
f 3344 3744 3745
f 3344 3745 3345
f 3345 3745 3746
f 3345 3746 3346
f 3346 3746 3747
f 3346 3747 3347
f 3347 3747 3748
f 3347 3748 3348
f 3348 3748 3749
f 3348 3749 3349
f 3349 3749 3750
f 3349 3750 3350
f 3350 3750 3751
f 3350 3751 3351
f 3351 3751 3752
f 3351 3752 3352
f 3352 3752 3753
f 3352 3753 3353
f 3353 3753 3754
f 3353 3754 3354
f 3354 3754 3755
f 3354 3755 3355
f 3355 3755 3756
f 3355 3756 3356
f 3356 3756 3757
f 3356 3757 3357
f 3357 3757 3758
f 3357 3758 3358
f 3358 3758 3759
f 3358 3759 3359
f 3359 3759 3760
f 3359 3760 3360
f 3360 3760 3761
f 3360 3761 3361
f 3361 3761 3762
f 3361 3762 3362
f 3362 3762 3763
f 3362 3763 3363
f 3363 3763 3764
f 3363 3764 3364
f 3364 3764 3765
f 3364 3765 3365
f 3365 3765 3766
f 3365 3766 3366
f 3366 3766 3767
f 3366 3767 3367
f 3367 3767 3768
f 3367 3768 3368
f 3368 3768 3769
f 3368 3769 3369
f 3369 3769 3770
f 3369 3770 3370
f 3370 3770 3771
f 3370 3771 3371
f 3371 3771 3772
f 3371 3772 3372
f 3372 3772 3773
f 3372 3773 3373
f 3373 3773 3774
f 3373 3774 3374
f 3374 3774 3775
f 3374 3775 3375
f 3375 3775 3776
f 3375 3776 3376
f 3376 3776 3777
f 3376 3777 3377
f 3377 3777 3778
f 3377 3778 3378
f 3378 3778 3779
f 3378 3779 3379
f 3379 3779 3780
f 3379 3780 3380
f 3380 3780 3781
f 3380 3781 3381
f 3381 3781 3782
f 3381 3782 3382
f 3382 3782 3783
f 3382 3783 3383
f 3383 3783 3784
f 3383 3784 3384
f 3384 3784 3785
f 3384 3785 3385
f 3385 3785 3786
f 3385 3786 3386
f 3386 3786 3787
f 3386 3787 3387
f 3387 3787 3788
f 3387 3788 3388
f 3388 3788 3789
f 3388 3789 3389
f 3389 3789 3790
f 3389 3790 3390
f 3390 3790 3791
f 3390 3791 3391
f 3391 3791 3792
f 3391 3792 3392
f 3392 3792 3793
f 3392 3793 3393
f 3393 3793 3794
f 3393 3794 3394
f 3394 3794 3795
f 3394 3795 3395
f 3395 3795 3796
f 3395 3796 3396
f 3396 3796 3797
f 3396 3797 3397
f 3397 3797 3798
f 3397 3798 3398
f 3398 3798 3799
f 3398 3799 3399
f 3399 3799 3800
f 3399 3800 3400
f 3400 3800 3801
f 3400 3801 3401
f 3401 3801 3802
f 3401 3802 3402
f 3402 3802 3803
f 3402 3803 3403
f 3403 3803 3804
f 3403 3804 3404
f 3404 3804 3805
f 3404 3805 3405
f 3405 3805 3806
f 3405 3806 3406
f 3406 3806 3807
f 3406 3807 3407
f 3407 3807 3808
f 3407 3808 3408
f 3408 3808 3809
f 3408 3809 3409
f 3409 3809 3810
f 3409 3810 3410
f 3410 3810 3811
f 3410 3811 3411
f 3411 3811 3812
f 3411 3812 3412
f 3412 3812 3813
f 3412 3813 3413
f 3413 3813 3814
f 3413 3814 3414
f 3414 3814 3815
f 3414 3815 3415
f 3415 3815 3816
f 3415 3816 3416
f 3416 3816 3817
f 3416 3817 3417
f 3417 3817 3818
f 3417 3818 3418
f 3418 3818 3819
f 3418 3819 3419
f 3419 3819 3820
f 3419 3820 3420
f 3420 3820 3821
f 3420 3821 3421
f 3421 3821 3822
f 3421 3822 3422
f 3422 3822 3823
f 3422 3823 3423
f 3423 3823 3824
f 3423 3824 3424
f 3424 3824 3825
f 3424 3825 3425
f 3425 3825 3826
f 3425 3826 3426
f 3426 3826 3827
f 3426 3827 3427
f 3427 3827 3828
f 3427 3828 3428
f 3428 3828 3829
f 3428 3829 3429
f 3429 3829 3830
f 3429 3830 3430
f 3430 3830 3831
f 3430 3831 3431
f 3431 3831 3832
f 3431 3832 3432
f 3432 3832 3833
f 3432 3833 3433
f 3433 3833 3834
f 3433 3834 3434
f 3434 3834 3835
f 3434 3835 3435
f 3435 3835 3836
f 3435 3836 3436
f 3436 3836 3837
f 3436 3837 3437
f 3437 3837 3838
f 3437 3838 3438
f 3438 3838 3839
f 3438 3839 3439
f 3439 3839 3840
f 3439 3840 3440
f 3440 3840 3841
f 3440 3841 3441
f 3441 3841 3842
f 3441 3842 3442
f 3442 3842 3843
f 3442 3843 3443
f 3443 3843 3844
f 3443 3844 3444
f 3444 3844 3845
f 3444 3845 3445
f 3445 3845 3846
f 3445 3846 3446
f 3446 3846 3847
f 3446 3847 3447
f 3447 3847 3848
f 3447 3848 3448
f 3448 3848 3849
f 3448 3849 3449
f 3449 3849 3850
f 3449 3850 3450
f 3450 3850 3851
f 3450 3851 3451
f 3451 3851 3852
f 3451 3852 3452
f 3452 3852 3853
f 3452 3853 3453
f 3453 3853 3854
f 3453 3854 3454
f 3454 3854 3855
f 3454 3855 3455
f 3455 3855 3856
f 3455 3856 3456
f 3456 3856 3857
f 3456 3857 3457
f 3457 3857 3858
f 3457 3858 3458
f 3458 3858 3859
f 3458 3859 3459
f 3459 3859 3860
f 3459 3860 3460
f 3460 3860 3861
f 3460 3861 3461
f 3461 3861 3862
f 3461 3862 3462
f 3462 3862 3863
f 3462 3863 3463
f 3463 3863 3864
f 3463 3864 3464
f 3464 3864 3865
f 3464 3865 3465
f 3465 3865 3866
f 3465 3866 3466
f 3466 3866 3867
f 3466 3867 3467
f 3467 3867 3868
f 3467 3868 3468
f 3468 3868 3869
f 3468 3869 3469
f 3469 3869 3870
f 3469 3870 3470
f 3470 3870 3871
f 3470 3871 3471
f 3471 3871 3872
f 3471 3872 3472
f 3472 3872 3873
f 3472 3873 3473
f 3473 3873 3874
f 3473 3874 3474
f 3474 3874 3875
f 3474 3875 3475
f 3475 3875 3876
f 3475 3876 3476
f 3476 3876 3877
f 3476 3877 3477
f 3477 3877 3878
f 3477 3878 3478
f 3478 3878 3879
f 3478 3879 3479
f 3479 3879 3880
f 3479 3880 3480
f 3480 3880 3881
f 3480 3881 3481
f 3481 3881 3882
f 3481 3882 3482
f 3482 3882 3883
f 3482 3883 3483
f 3483 3883 3884
f 3483 3884 3484
f 3484 3884 3885
f 3484 3885 3485
f 3485 3885 3886
f 3485 3886 3486
f 3486 3886 3887
f 3486 3887 3487
f 3487 3887 3888
f 3487 3888 3488
f 3488 3888 3889
f 3488 3889 3489
f 3489 3889 3890
f 3489 3890 3490
f 3490 3890 3891
f 3490 3891 3491
f 3491 3891 3892
f 3491 3892 3492
f 3492 3892 3893
f 3492 3893 3493
f 3493 3893 3894
f 3493 3894 3494
f 3494 3894 3895
f 3494 3895 3495
f 3495 3895 3896
f 3495 3896 3496
f 3496 3896 3897
f 3496 3897 3497
f 3497 3897 3898
f 3497 3898 3498
f 3498 3898 3899
f 3498 3899 3499
f 3499 3899 3900
f 3499 3900 3500
f 3500 3900 3901
f 3500 3901 3501
f 3501 3901 3902
f 3501 3902 3502
f 3502 3902 3903
f 3502 3903 3503
f 3503 3903 3904
f 3503 3904 3504
f 3504 3904 3905
f 3504 3905 3505
f 3505 3905 3906
f 3505 3906 3506
f 3506 3906 3907
f 3506 3907 3507
f 3507 3907 3908
f 3507 3908 3508
f 3508 3908 3909
f 3508 3909 3509
f 3509 3909 3910
f 3509 3910 3510
f 3510 3910 3911
f 3510 3911 3511
f 3511 3911 3912
f 3511 3912 3512
f 3512 3912 3913
f 3512 3913 3513
f 3513 3913 3914
f 3513 3914 3514
f 3514 3914 3915
f 3514 3915 3515
f 3515 3915 3916
f 3515 3916 3516
f 3516 3916 3917
f 3516 3917 3517
f 3517 3917 3918
f 3517 3918 3518
f 3518 3918 3919
f 3518 3919 3519
f 3519 3919 3920
f 3519 3920 3520
f 3520 3920 3921
f 3520 3921 3521
f 3521 3921 3922
f 3521 3922 3522
f 3522 3922 3923
f 3522 3923 3523
f 3523 3923 3924
f 3523 3924 3524
f 3524 3924 3925
f 3524 3925 3525
f 3525 3925 3926
f 3525 3926 3526
f 3526 3926 3927
f 3526 3927 3527
f 3527 3927 3928
f 3527 3928 3528
f 3528 3928 3929
f 3528 3929 3529
f 3529 3929 3930
f 3529 3930 3530
f 3530 3930 3931
f 3530 3931 3531
f 3531 3931 3932
f 3531 3932 3532
f 3532 3932 3933
f 3532 3933 3533
f 3533 3933 3934
f 3533 3934 3534
f 3534 3934 3935
f 3534 3935 3535
f 3535 3935 3936
f 3535 3936 3536
f 3536 3936 3937
f 3536 3937 3537
f 3537 3937 3938
f 3537 3938 3538
f 3538 3938 3939
f 3538 3939 3539
f 3539 3939 3940
f 3539 3940 3540
f 3540 3940 3941
f 3540 3941 3541
f 3541 3941 3942
f 3541 3942 3542
f 3542 3942 3943
f 3542 3943 3543
f 3543 3943 3944
f 3543 3944 3544
f 3544 3944 3945
f 3544 3945 3545
f 3545 3945 3946
f 3545 3946 3546
f 3546 3946 3947
f 3546 3947 3547
f 3547 3947 3948
f 3547 3948 3548
f 3548 3948 3949
f 3548 3949 3549
f 3549 3949 3950
f 3549 3950 3550
f 3550 3950 3951
f 3550 3951 3551
f 3551 3951 3952
f 3551 3952 3552
f 3552 3952 3953
f 3552 3953 3553
f 3553 3953 3954
f 3553 3954 3554
f 3554 3954 3955
f 3554 3955 3555
f 3555 3955 3956
f 3555 3956 3556
f 3556 3956 3957
f 3556 3957 3557
f 3557 3957 3958
f 3557 3958 3558
f 3558 3958 3959
f 3558 3959 3559
f 3559 3959 3960
f 3559 3960 3560
f 3560 3960 3961
f 3560 3961 3561
f 3561 3961 3962
f 3561 3962 3562
f 3562 3962 3963
f 3562 3963 3563
f 3563 3963 3964
f 3563 3964 3564
f 3564 3964 3965
f 3564 3965 3565
f 3565 3965 3966
f 3565 3966 3566
f 3566 3966 3967
f 3566 3967 3567
f 3567 3967 3968
f 3567 3968 3568
f 3568 3968 3969
f 3568 3969 3569
f 3569 3969 3970
f 3569 3970 3570
f 3570 3970 3971
f 3570 3971 3571
f 3571 3971 3972
f 3571 3972 3572
f 3572 3972 3973
f 3572 3973 3573
f 3573 3973 3974
f 3573 3974 3574
f 3574 3974 3975
f 3574 3975 3575
f 3575 3975 3976
f 3575 3976 3576
f 3576 3976 3977
f 3576 3977 3577
f 3577 3977 3978
f 3577 3978 3578
f 3578 3978 3979
f 3578 3979 3579
f 3579 3979 3980
f 3579 3980 3580
f 3580 3980 3981
f 3580 3981 3581
f 3581 3981 3982
f 3581 3982 3582
f 3582 3982 3983
f 3582 3983 3583
f 3583 3983 3984
f 3583 3984 3584
f 3584 3984 3985
f 3584 3985 3585
f 3585 3985 3986
f 3585 3986 3586
f 3586 3986 3987
f 3586 3987 3587
f 3587 3987 3988
f 3587 3988 3588
f 3588 3988 3989
f 3588 3989 3589
f 3589 3989 3990
f 3589 3990 3590
f 3590 3990 3991
f 3590 3991 3591
f 3591 3991 3992
f 3591 3992 3592
f 3592 3992 3993
f 3592 3993 3593
f 3593 3993 3994
f 3593 3994 3594
f 3594 3994 3995
f 3594 3995 3595
f 3595 3995 3996
f 3595 3996 3596
f 3596 3996 3997
f 3596 3997 3597
f 3597 3997 3998
f 3597 3998 3598
f 3598 3998 3999
f 3598 3999 3599
f 3599 3999 4000
f 3599 4000 3600
f 3601 4001 4002
f 3601 4002 3602
f 3602 4002 4003
f 3602 4003 3603
f 3603 4003 4004
f 3603 4004 3604
f 3604 4004 4005
f 3604 4005 3605
f 3605 4005 4006
f 3605 4006 3606
f 3606 4006 4007
f 3606 4007 3607
f 3607 4007 4008
f 3607 4008 3608
f 3608 4008 4009
f 3608 4009 3609
f 3609 4009 4010
f 3609 4010 3610
f 3610 4010 4011
f 3610 4011 3611
f 3611 4011 4012
f 3611 4012 3612
f 3612 4012 4013
f 3612 4013 3613
f 3613 4013 4014
f 3613 4014 3614
f 3614 4014 4015
f 3614 4015 3615
f 3615 4015 4016
f 3615 4016 3616
f 3616 4016 4017
f 3616 4017 3617
f 3617 4017 4018
f 3617 4018 3618
f 3618 4018 4019
f 3618 4019 3619
f 3619 4019 4020
f 3619 4020 3620
f 3620 4020 4021
f 3620 4021 3621
f 3621 4021 4022
f 3621 4022 3622
f 3622 4022 4023
f 3622 4023 3623
f 3623 4023 4024
f 3623 4024 3624
f 3624 4024 4025
f 3624 4025 3625
f 3625 4025 4026
f 3625 4026 3626
f 3626 4026 4027
f 3626 4027 3627
f 3627 4027 4028
f 3627 4028 3628
f 3628 4028 4029
f 3628 4029 3629
f 3629 4029 4030
f 3629 4030 3630
f 3630 4030 4031
f 3630 4031 3631
f 3631 4031 4032
f 3631 4032 3632
f 3632 4032 4033
f 3632 4033 3633
f 3633 4033 4034
f 3633 4034 3634
f 3634 4034 4035
f 3634 4035 3635
f 3635 4035 4036
f 3635 4036 3636
f 3636 4036 4037
f 3636 4037 3637
f 3637 4037 4038
f 3637 4038 3638
f 3638 4038 4039
f 3638 4039 3639
f 3639 4039 4040
f 3639 4040 3640
f 3640 4040 4041
f 3640 4041 3641
f 3641 4041 4042
f 3641 4042 3642
f 3642 4042 4043
f 3642 4043 3643
f 3643 4043 4044
f 3643 4044 3644
f 3644 4044 4045
f 3644 4045 3645
f 3645 4045 4046
f 3645 4046 3646
f 3646 4046 4047
f 3646 4047 3647
f 3647 4047 4048
f 3647 4048 3648
f 3648 4048 4049
f 3648 4049 3649
f 3649 4049 4050
f 3649 4050 3650
f 3650 4050 4051
f 3650 4051 3651
f 3651 4051 4052
f 3651 4052 3652
f 3652 4052 4053
f 3652 4053 3653
f 3653 4053 4054
f 3653 4054 3654
f 3654 4054 4055
f 3654 4055 3655
f 3655 4055 4056
f 3655 4056 3656
f 3656 4056 4057
f 3656 4057 3657
f 3657 4057 4058
f 3657 4058 3658
f 3658 4058 4059
f 3658 4059 3659
f 3659 4059 4060
f 3659 4060 3660
f 3660 4060 4061
f 3660 4061 3661
f 3661 4061 4062
f 3661 4062 3662
f 3662 4062 4063
f 3662 4063 3663
f 3663 4063 4064
f 3663 4064 3664
f 3664 4064 4065
f 3664 4065 3665
f 3665 4065 4066
f 3665 4066 3666
f 3666 4066 4067
f 3666 4067 3667
f 3667 4067 4068
f 3667 4068 3668
f 3668 4068 4069
f 3668 4069 3669
f 3669 4069 4070
f 3669 4070 3670
f 3670 4070 4071
f 3670 4071 3671
f 3671 4071 4072
f 3671 4072 3672
f 3672 4072 4073
f 3672 4073 3673
f 3673 4073 4074
f 3673 4074 3674
f 3674 4074 4075
f 3674 4075 3675
f 3675 4075 4076
f 3675 4076 3676
f 3676 4076 4077
f 3676 4077 3677
f 3677 4077 4078
f 3677 4078 3678
f 3678 4078 4079
f 3678 4079 3679
f 3679 4079 4080
f 3679 4080 3680
f 3680 4080 4081
f 3680 4081 3681
f 3681 4081 4082
f 3681 4082 3682
f 3682 4082 4083
f 3682 4083 3683
f 3683 4083 4084
f 3683 4084 3684
f 3684 4084 4085
f 3684 4085 3685
f 3685 4085 4086
f 3685 4086 3686
f 3686 4086 4087
f 3686 4087 3687
f 3687 4087 4088
f 3687 4088 3688
f 3688 4088 4089
f 3688 4089 3689
f 3689 4089 4090
f 3689 4090 3690
f 3690 4090 4091
f 3690 4091 3691
f 3691 4091 4092
f 3691 4092 3692
f 3692 4092 4093
f 3692 4093 3693
f 3693 4093 4094
f 3693 4094 3694
f 3694 4094 4095
f 3694 4095 3695
f 3695 4095 4096
f 3695 4096 3696
f 3696 4096 4097
f 3696 4097 3697
f 3697 4097 4098
f 3697 4098 3698
f 3698 4098 4099
f 3698 4099 3699
f 3699 4099 4100
f 3699 4100 3700
f 3700 4100 4101
f 3700 4101 3701
f 3701 4101 4102
f 3701 4102 3702
f 3702 4102 4103
f 3702 4103 3703
f 3703 4103 4104
f 3703 4104 3704
f 3704 4104 4105
f 3704 4105 3705
f 3705 4105 4106
f 3705 4106 3706
f 3706 4106 4107
f 3706 4107 3707
f 3707 4107 4108
f 3707 4108 3708
f 3708 4108 4109
f 3708 4109 3709
f 3709 4109 4110
f 3709 4110 3710
f 3710 4110 4111
f 3710 4111 3711
f 3711 4111 4112
f 3711 4112 3712
f 3712 4112 4113
f 3712 4113 3713
f 3713 4113 4114
f 3713 4114 3714
f 3714 4114 4115
f 3714 4115 3715
f 3715 4115 4116
f 3715 4116 3716
f 3716 4116 4117
f 3716 4117 3717
f 3717 4117 4118
f 3717 4118 3718
f 3718 4118 4119
f 3718 4119 3719
f 3719 4119 4120
f 3719 4120 3720
f 3720 4120 4121
f 3720 4121 3721
f 3721 4121 4122
f 3721 4122 3722
f 3722 4122 4123
f 3722 4123 3723
f 3723 4123 4124
f 3723 4124 3724
f 3724 4124 4125
f 3724 4125 3725
f 3725 4125 4126
f 3725 4126 3726
f 3726 4126 4127
f 3726 4127 3727
f 3727 4127 4128
f 3727 4128 3728
f 3728 4128 4129
f 3728 4129 3729
f 3729 4129 4130
f 3729 4130 3730
f 3730 4130 4131
f 3730 4131 3731
f 3731 4131 4132
f 3731 4132 3732
f 3732 4132 4133
f 3732 4133 3733
f 3733 4133 4134
f 3733 4134 3734
f 3734 4134 4135
f 3734 4135 3735
f 3735 4135 4136
f 3735 4136 3736
f 3736 4136 4137
f 3736 4137 3737
f 3737 4137 4138
f 3737 4138 3738
f 3738 4138 4139
f 3738 4139 3739
f 3739 4139 4140
f 3739 4140 3740
f 3740 4140 4141
f 3740 4141 3741
f 3741 4141 4142
f 3741 4142 3742
f 3742 4142 4143
f 3742 4143 3743
f 3743 4143 4144
f 3743 4144 3744
f 3744 4144 4145
f 3744 4145 3745
f 3745 4145 4146
f 3745 4146 3746
f 3746 4146 4147
f 3746 4147 3747
f 3747 4147 4148
f 3747 4148 3748
f 3748 4148 4149
f 3748 4149 3749
f 3749 4149 4150
f 3749 4150 3750
f 3750 4150 4151
f 3750 4151 3751
f 3751 4151 4152
f 3751 4152 3752
f 3752 4152 4153
f 3752 4153 3753
f 3753 4153 4154
f 3753 4154 3754
f 3754 4154 4155
f 3754 4155 3755
f 3755 4155 4156
f 3755 4156 3756
f 3756 4156 4157
f 3756 4157 3757
f 3757 4157 4158
f 3757 4158 3758
f 3758 4158 4159
f 3758 4159 3759
f 3759 4159 4160
f 3759 4160 3760
f 3760 4160 4161
f 3760 4161 3761
f 3761 4161 4162
f 3761 4162 3762
f 3762 4162 4163
f 3762 4163 3763
f 3763 4163 4164
f 3763 4164 3764
f 3764 4164 4165
f 3764 4165 3765
f 3765 4165 4166
f 3765 4166 3766
f 3766 4166 4167
f 3766 4167 3767
f 3767 4167 4168
f 3767 4168 3768
f 3768 4168 4169
f 3768 4169 3769
f 3769 4169 4170
f 3769 4170 3770
f 3770 4170 4171
f 3770 4171 3771
f 3771 4171 4172
f 3771 4172 3772
f 3772 4172 4173
f 3772 4173 3773
f 3773 4173 4174
f 3773 4174 3774
f 3774 4174 4175
f 3774 4175 3775
f 3775 4175 4176
f 3775 4176 3776
f 3776 4176 4177
f 3776 4177 3777
f 3777 4177 4178
f 3777 4178 3778
f 3778 4178 4179
f 3778 4179 3779
f 3779 4179 4180
f 3779 4180 3780
f 3780 4180 4181
f 3780 4181 3781
f 3781 4181 4182
f 3781 4182 3782
f 3782 4182 4183
f 3782 4183 3783
f 3783 4183 4184
f 3783 4184 3784
f 3784 4184 4185
f 3784 4185 3785
f 3785 4185 4186
f 3785 4186 3786
f 3786 4186 4187
f 3786 4187 3787
f 3787 4187 4188
f 3787 4188 3788
f 3788 4188 4189
f 3788 4189 3789
f 3789 4189 4190
f 3789 4190 3790
f 3790 4190 4191
f 3790 4191 3791
f 3791 4191 4192
f 3791 4192 3792
f 3792 4192 4193
f 3792 4193 3793
f 3793 4193 4194
f 3793 4194 3794
f 3794 4194 4195
f 3794 4195 3795
f 3795 4195 4196
f 3795 4196 3796
f 3796 4196 4197
f 3796 4197 3797
f 3797 4197 4198
f 3797 4198 3798
f 3798 4198 4199
f 3798 4199 3799
f 3799 4199 4200
f 3799 4200 3800
f 3800 4200 4201
f 3800 4201 3801
f 3801 4201 4202
f 3801 4202 3802
f 3802 4202 4203
f 3802 4203 3803
f 3803 4203 4204
f 3803 4204 3804
f 3804 4204 4205
f 3804 4205 3805
f 3805 4205 4206
f 3805 4206 3806
f 3806 4206 4207
f 3806 4207 3807
f 3807 4207 4208
f 3807 4208 3808
f 3808 4208 4209
f 3808 4209 3809
f 3809 4209 4210
f 3809 4210 3810
f 3810 4210 4211
f 3810 4211 3811
f 3811 4211 4212
f 3811 4212 3812
f 3812 4212 4213
f 3812 4213 3813
f 3813 4213 4214
f 3813 4214 3814
f 3814 4214 4215
f 3814 4215 3815
f 3815 4215 4216
f 3815 4216 3816
f 3816 4216 4217
f 3816 4217 3817
f 3817 4217 4218
f 3817 4218 3818
f 3818 4218 4219
f 3818 4219 3819
f 3819 4219 4220
f 3819 4220 3820
f 3820 4220 4221
f 3820 4221 3821
f 3821 4221 4222
f 3821 4222 3822
f 3822 4222 4223
f 3822 4223 3823
f 3823 4223 4224
f 3823 4224 3824
f 3824 4224 4225
f 3824 4225 3825
f 3825 4225 4226
f 3825 4226 3826
f 3826 4226 4227
f 3826 4227 3827
f 3827 4227 4228
f 3827 4228 3828
f 3828 4228 4229
f 3828 4229 3829
f 3829 4229 4230
f 3829 4230 3830
f 3830 4230 4231
f 3830 4231 3831
f 3831 4231 4232
f 3831 4232 3832
f 3832 4232 4233
f 3832 4233 3833
f 3833 4233 4234
f 3833 4234 3834
f 3834 4234 4235
f 3834 4235 3835
f 3835 4235 4236
f 3835 4236 3836
f 3836 4236 4237
f 3836 4237 3837
f 3837 4237 4238
f 3837 4238 3838
f 3838 4238 4239
f 3838 4239 3839
f 3839 4239 4240
f 3839 4240 3840
f 3840 4240 4241
f 3840 4241 3841
f 3841 4241 4242
f 3841 4242 3842
f 3842 4242 4243
f 3842 4243 3843
f 3843 4243 4244
f 3843 4244 3844
f 3844 4244 4245
f 3844 4245 3845
f 3845 4245 4246
f 3845 4246 3846
f 3846 4246 4247
f 3846 4247 3847
f 3847 4247 4248
f 3847 4248 3848
f 3848 4248 4249
f 3848 4249 3849
f 3849 4249 4250
f 3849 4250 3850
f 3850 4250 4251
f 3850 4251 3851
f 3851 4251 4252
f 3851 4252 3852
f 3852 4252 4253
f 3852 4253 3853
f 3853 4253 4254
f 3853 4254 3854
f 3854 4254 4255
f 3854 4255 3855
f 3855 4255 4256
f 3855 4256 3856
f 3856 4256 4257
f 3856 4257 3857
f 3857 4257 4258
f 3857 4258 3858
f 3858 4258 4259
f 3858 4259 3859
f 3859 4259 4260
f 3859 4260 3860
f 3860 4260 4261
f 3860 4261 3861
f 3861 4261 4262
f 3861 4262 3862
f 3862 4262 4263
f 3862 4263 3863
f 3863 4263 4264
f 3863 4264 3864
f 3864 4264 4265
f 3864 4265 3865
f 3865 4265 4266
f 3865 4266 3866
f 3866 4266 4267
f 3866 4267 3867
f 3867 4267 4268
f 3867 4268 3868
f 3868 4268 4269
f 3868 4269 3869
f 3869 4269 4270
f 3869 4270 3870
f 3870 4270 4271
f 3870 4271 3871
f 3871 4271 4272
f 3871 4272 3872
f 3872 4272 4273
f 3872 4273 3873
f 3873 4273 4274
f 3873 4274 3874
f 3874 4274 4275
f 3874 4275 3875
f 3875 4275 4276
f 3875 4276 3876
f 3876 4276 4277
f 3876 4277 3877
f 3877 4277 4278
f 3877 4278 3878
f 3878 4278 4279
f 3878 4279 3879
f 3879 4279 4280
f 3879 4280 3880
f 3880 4280 4281
f 3880 4281 3881
f 3881 4281 4282
f 3881 4282 3882
f 3882 4282 4283
f 3882 4283 3883
f 3883 4283 4284
f 3883 4284 3884
f 3884 4284 4285
f 3884 4285 3885
f 3885 4285 4286
f 3885 4286 3886
f 3886 4286 4287
f 3886 4287 3887
f 3887 4287 4288
f 3887 4288 3888
f 3888 4288 4289
f 3888 4289 3889
f 3889 4289 4290
f 3889 4290 3890
f 3890 4290 4291
f 3890 4291 3891
f 3891 4291 4292
f 3891 4292 3892
f 3892 4292 4293
f 3892 4293 3893
f 3893 4293 4294
f 3893 4294 3894
f 3894 4294 4295
f 3894 4295 3895
f 3895 4295 4296
f 3895 4296 3896
f 3896 4296 4297
f 3896 4297 3897
f 3897 4297 4298
f 3897 4298 3898
f 3898 4298 4299
f 3898 4299 3899
f 3899 4299 4300
f 3899 4300 3900
f 3900 4300 4301
f 3900 4301 3901
f 3901 4301 4302
f 3901 4302 3902
f 3902 4302 4303
f 3902 4303 3903
f 3903 4303 4304
f 3903 4304 3904
f 3904 4304 4305
f 3904 4305 3905
f 3905 4305 4306
f 3905 4306 3906
f 3906 4306 4307
f 3906 4307 3907
f 3907 4307 4308
f 3907 4308 3908
f 3908 4308 4309
f 3908 4309 3909
f 3909 4309 4310
f 3909 4310 3910
f 3910 4310 4311
f 3910 4311 3911
f 3911 4311 4312
f 3911 4312 3912
f 3912 4312 4313
f 3912 4313 3913
f 3913 4313 4314
f 3913 4314 3914
f 3914 4314 4315
f 3914 4315 3915
f 3915 4315 4316
f 3915 4316 3916
f 3916 4316 4317
f 3916 4317 3917
f 3917 4317 4318
f 3917 4318 3918
f 3918 4318 4319
f 3918 4319 3919
f 3919 4319 4320
f 3919 4320 3920
f 3920 4320 4321
f 3920 4321 3921
f 3921 4321 4322
f 3921 4322 3922
f 3922 4322 4323
f 3922 4323 3923
f 3923 4323 4324
f 3923 4324 3924
f 3924 4324 4325
f 3924 4325 3925
f 3925 4325 4326
f 3925 4326 3926
f 3926 4326 4327
f 3926 4327 3927
f 3927 4327 4328
f 3927 4328 3928
f 3928 4328 4329
f 3928 4329 3929
f 3929 4329 4330
f 3929 4330 3930
f 3930 4330 4331
f 3930 4331 3931
f 3931 4331 4332
f 3931 4332 3932
f 3932 4332 4333
f 3932 4333 3933
f 3933 4333 4334
f 3933 4334 3934
f 3934 4334 4335
f 3934 4335 3935
f 3935 4335 4336
f 3935 4336 3936
f 3936 4336 4337
f 3936 4337 3937
f 3937 4337 4338
f 3937 4338 3938
f 3938 4338 4339
f 3938 4339 3939
f 3939 4339 4340
f 3939 4340 3940
f 3940 4340 4341
f 3940 4341 3941
f 3941 4341 4342
f 3941 4342 3942
f 3942 4342 4343
f 3942 4343 3943
f 3943 4343 4344
f 3943 4344 3944
f 3944 4344 4345
f 3944 4345 3945
f 3945 4345 4346
f 3945 4346 3946
f 3946 4346 4347
f 3946 4347 3947
f 3947 4347 4348
f 3947 4348 3948
f 3948 4348 4349
f 3948 4349 3949
f 3949 4349 4350
f 3949 4350 3950
f 3950 4350 4351
f 3950 4351 3951
f 3951 4351 4352
f 3951 4352 3952
f 3952 4352 4353
f 3952 4353 3953
f 3953 4353 4354
f 3953 4354 3954
f 3954 4354 4355
f 3954 4355 3955
f 3955 4355 4356
f 3955 4356 3956
f 3956 4356 4357
f 3956 4357 3957
f 3957 4357 4358
f 3957 4358 3958
f 3958 4358 4359
f 3958 4359 3959
f 3959 4359 4360
f 3959 4360 3960
f 3960 4360 4361
f 3960 4361 3961
f 3961 4361 4362
f 3961 4362 3962
f 3962 4362 4363
f 3962 4363 3963
f 3963 4363 4364
f 3963 4364 3964
f 3964 4364 4365
f 3964 4365 3965
f 3965 4365 4366
f 3965 4366 3966
f 3966 4366 4367
f 3966 4367 3967
f 3967 4367 4368
f 3967 4368 3968
f 3968 4368 4369
f 3968 4369 3969
f 3969 4369 4370
f 3969 4370 3970
f 3970 4370 4371
f 3970 4371 3971
f 3971 4371 4372
f 3971 4372 3972
f 3972 4372 4373
f 3972 4373 3973
f 3973 4373 4374
f 3973 4374 3974
f 3974 4374 4375
f 3974 4375 3975
f 3975 4375 4376
f 3975 4376 3976
f 3976 4376 4377
f 3976 4377 3977
f 3977 4377 4378
f 3977 4378 3978
f 3978 4378 4379
f 3978 4379 3979
f 3979 4379 4380
f 3979 4380 3980
f 3980 4380 4381
f 3980 4381 3981
f 3981 4381 4382
f 3981 4382 3982
f 3982 4382 4383
f 3982 4383 3983
f 3983 4383 4384
f 3983 4384 3984
f 3984 4384 4385
f 3984 4385 3985
f 3985 4385 4386
f 3985 4386 3986
f 3986 4386 4387
f 3986 4387 3987
f 3987 4387 4388
f 3987 4388 3988
f 3988 4388 4389
f 3988 4389 3989
f 3989 4389 4390
f 3989 4390 3990
f 3990 4390 4391
f 3990 4391 3991
f 3991 4391 4392
f 3991 4392 3992
f 3992 4392 4393
f 3992 4393 3993
f 3993 4393 4394
f 3993 4394 3994
f 3994 4394 4395
f 3994 4395 3995
f 3995 4395 4396
f 3995 4396 3996
f 3996 4396 4397
f 3996 4397 3997
f 3997 4397 4398
f 3997 4398 3998
f 3998 4398 4399
f 3998 4399 3999
f 3999 4399 4400
f 3999 4400 4000
f 4001 4401 4402
f 4001 4402 4002
f 4002 4402 4403
f 4002 4403 4003
f 4003 4403 4404
f 4003 4404 4004
f 4004 4404 4405
f 4004 4405 4005
f 4005 4405 4406
f 4005 4406 4006
f 4006 4406 4407
f 4006 4407 4007
f 4007 4407 4408
f 4007 4408 4008
f 4008 4408 4409
f 4008 4409 4009
f 4009 4409 4410
f 4009 4410 4010
f 4010 4410 4411
f 4010 4411 4011
f 4011 4411 4412
f 4011 4412 4012
f 4012 4412 4413
f 4012 4413 4013
f 4013 4413 4414
f 4013 4414 4014
f 4014 4414 4415
f 4014 4415 4015
f 4015 4415 4416
f 4015 4416 4016
f 4016 4416 4417
f 4016 4417 4017
f 4017 4417 4418
f 4017 4418 4018
f 4018 4418 4419
f 4018 4419 4019
f 4019 4419 4420
f 4019 4420 4020
f 4020 4420 4421
f 4020 4421 4021
f 4021 4421 4422
f 4021 4422 4022
f 4022 4422 4423
f 4022 4423 4023
f 4023 4423 4424
f 4023 4424 4024
f 4024 4424 4425
f 4024 4425 4025
f 4025 4425 4426
f 4025 4426 4026
f 4026 4426 4427
f 4026 4427 4027
f 4027 4427 4428
f 4027 4428 4028
f 4028 4428 4429
f 4028 4429 4029
f 4029 4429 4430
f 4029 4430 4030
f 4030 4430 4431
f 4030 4431 4031
f 4031 4431 4432
f 4031 4432 4032
f 4032 4432 4433
f 4032 4433 4033
f 4033 4433 4434
f 4033 4434 4034
f 4034 4434 4435
f 4034 4435 4035
f 4035 4435 4436
f 4035 4436 4036
f 4036 4436 4437
f 4036 4437 4037
f 4037 4437 4438
f 4037 4438 4038
f 4038 4438 4439
f 4038 4439 4039
f 4039 4439 4440
f 4039 4440 4040
f 4040 4440 4441
f 4040 4441 4041
f 4041 4441 4442
f 4041 4442 4042
f 4042 4442 4443
f 4042 4443 4043
f 4043 4443 4444
f 4043 4444 4044
f 4044 4444 4445
f 4044 4445 4045
f 4045 4445 4446
f 4045 4446 4046
f 4046 4446 4447
f 4046 4447 4047
f 4047 4447 4448
f 4047 4448 4048
f 4048 4448 4449
f 4048 4449 4049
f 4049 4449 4450
f 4049 4450 4050
f 4050 4450 4451
f 4050 4451 4051
f 4051 4451 4452
f 4051 4452 4052
f 4052 4452 4453
f 4052 4453 4053
f 4053 4453 4454
f 4053 4454 4054
f 4054 4454 4455
f 4054 4455 4055
f 4055 4455 4456
f 4055 4456 4056
f 4056 4456 4457
f 4056 4457 4057
f 4057 4457 4458
f 4057 4458 4058
f 4058 4458 4459
f 4058 4459 4059
f 4059 4459 4460
f 4059 4460 4060
f 4060 4460 4461
f 4060 4461 4061
f 4061 4461 4462
f 4061 4462 4062
f 4062 4462 4463
f 4062 4463 4063
f 4063 4463 4464
f 4063 4464 4064
f 4064 4464 4465
f 4064 4465 4065
f 4065 4465 4466
f 4065 4466 4066
f 4066 4466 4467
f 4066 4467 4067
f 4067 4467 4468
f 4067 4468 4068
f 4068 4468 4469
f 4068 4469 4069
f 4069 4469 4470
f 4069 4470 4070
f 4070 4470 4471
f 4070 4471 4071
f 4071 4471 4472
f 4071 4472 4072
f 4072 4472 4473
f 4072 4473 4073
f 4073 4473 4474
f 4073 4474 4074
f 4074 4474 4475
f 4074 4475 4075
f 4075 4475 4476
f 4075 4476 4076
f 4076 4476 4477
f 4076 4477 4077
f 4077 4477 4478
f 4077 4478 4078
f 4078 4478 4479
f 4078 4479 4079
f 4079 4479 4480
f 4079 4480 4080
f 4080 4480 4481
f 4080 4481 4081
f 4081 4481 4482
f 4081 4482 4082
f 4082 4482 4483
f 4082 4483 4083
f 4083 4483 4484
f 4083 4484 4084
f 4084 4484 4485
f 4084 4485 4085
f 4085 4485 4486
f 4085 4486 4086
f 4086 4486 4487
f 4086 4487 4087
f 4087 4487 4488
f 4087 4488 4088
f 4088 4488 4489
f 4088 4489 4089
f 4089 4489 4490
f 4089 4490 4090
f 4090 4490 4491
f 4090 4491 4091
f 4091 4491 4492
f 4091 4492 4092
f 4092 4492 4493
f 4092 4493 4093
f 4093 4493 4494
f 4093 4494 4094
f 4094 4494 4495
f 4094 4495 4095
f 4095 4495 4496
f 4095 4496 4096
f 4096 4496 4497
f 4096 4497 4097
f 4097 4497 4498
f 4097 4498 4098
f 4098 4498 4499
f 4098 4499 4099
f 4099 4499 4500
f 4099 4500 4100
f 4100 4500 4501
f 4100 4501 4101
f 4101 4501 4502
f 4101 4502 4102
f 4102 4502 4503
f 4102 4503 4103
f 4103 4503 4504
f 4103 4504 4104
f 4104 4504 4505
f 4104 4505 4105
f 4105 4505 4506
f 4105 4506 4106
f 4106 4506 4507
f 4106 4507 4107
f 4107 4507 4508
f 4107 4508 4108
f 4108 4508 4509
f 4108 4509 4109
f 4109 4509 4510
f 4109 4510 4110
f 4110 4510 4511
f 4110 4511 4111
f 4111 4511 4512
f 4111 4512 4112
f 4112 4512 4513
f 4112 4513 4113
f 4113 4513 4514
f 4113 4514 4114
f 4114 4514 4515
f 4114 4515 4115
f 4115 4515 4516
f 4115 4516 4116
f 4116 4516 4517
f 4116 4517 4117
f 4117 4517 4518
f 4117 4518 4118
f 4118 4518 4519
f 4118 4519 4119
f 4119 4519 4520
f 4119 4520 4120
f 4120 4520 4521
f 4120 4521 4121
f 4121 4521 4522
f 4121 4522 4122
f 4122 4522 4523
f 4122 4523 4123
f 4123 4523 4524
f 4123 4524 4124
f 4124 4524 4525
f 4124 4525 4125
f 4125 4525 4526
f 4125 4526 4126
f 4126 4526 4527
f 4126 4527 4127
f 4127 4527 4528
f 4127 4528 4128
f 4128 4528 4529
f 4128 4529 4129
f 4129 4529 4530
f 4129 4530 4130
f 4130 4530 4531
f 4130 4531 4131
f 4131 4531 4532
f 4131 4532 4132
f 4132 4532 4533
f 4132 4533 4133
f 4133 4533 4534
f 4133 4534 4134
f 4134 4534 4535
f 4134 4535 4135
f 4135 4535 4536
f 4135 4536 4136
f 4136 4536 4537
f 4136 4537 4137
f 4137 4537 4538
f 4137 4538 4138
f 4138 4538 4539
f 4138 4539 4139
f 4139 4539 4540
f 4139 4540 4140
f 4140 4540 4541
f 4140 4541 4141
f 4141 4541 4542
f 4141 4542 4142
f 4142 4542 4543
f 4142 4543 4143
f 4143 4543 4544
f 4143 4544 4144
f 4144 4544 4545
f 4144 4545 4145
f 4145 4545 4546
f 4145 4546 4146
f 4146 4546 4547
f 4146 4547 4147
f 4147 4547 4548
f 4147 4548 4148
f 4148 4548 4549
f 4148 4549 4149
f 4149 4549 4550
f 4149 4550 4150
f 4150 4550 4551
f 4150 4551 4151
f 4151 4551 4552
f 4151 4552 4152
f 4152 4552 4553
f 4152 4553 4153
f 4153 4553 4554
f 4153 4554 4154
f 4154 4554 4555
f 4154 4555 4155
f 4155 4555 4556
f 4155 4556 4156
f 4156 4556 4557
f 4156 4557 4157
f 4157 4557 4558
f 4157 4558 4158
f 4158 4558 4559
f 4158 4559 4159
f 4159 4559 4560
f 4159 4560 4160
f 4160 4560 4561
f 4160 4561 4161
f 4161 4561 4562
f 4161 4562 4162
f 4162 4562 4563
f 4162 4563 4163
f 4163 4563 4564
f 4163 4564 4164
f 4164 4564 4565
f 4164 4565 4165
f 4165 4565 4566
f 4165 4566 4166
f 4166 4566 4567
f 4166 4567 4167
f 4167 4567 4568
f 4167 4568 4168
f 4168 4568 4569
f 4168 4569 4169
f 4169 4569 4570
f 4169 4570 4170
f 4170 4570 4571
f 4170 4571 4171
f 4171 4571 4572
f 4171 4572 4172
f 4172 4572 4573
f 4172 4573 4173
f 4173 4573 4574
f 4173 4574 4174
f 4174 4574 4575
f 4174 4575 4175
f 4175 4575 4576
f 4175 4576 4176
f 4176 4576 4577
f 4176 4577 4177
f 4177 4577 4578
f 4177 4578 4178
f 4178 4578 4579
f 4178 4579 4179
f 4179 4579 4580
f 4179 4580 4180
f 4180 4580 4581
f 4180 4581 4181
f 4181 4581 4582
f 4181 4582 4182
f 4182 4582 4583
f 4182 4583 4183
f 4183 4583 4584
f 4183 4584 4184
f 4184 4584 4585
f 4184 4585 4185
f 4185 4585 4586
f 4185 4586 4186
f 4186 4586 4587
f 4186 4587 4187
f 4187 4587 4588
f 4187 4588 4188
f 4188 4588 4589
f 4188 4589 4189
f 4189 4589 4590
f 4189 4590 4190
f 4190 4590 4591
f 4190 4591 4191
f 4191 4591 4592
f 4191 4592 4192
f 4192 4592 4593
f 4192 4593 4193
f 4193 4593 4594
f 4193 4594 4194
f 4194 4594 4595
f 4194 4595 4195
f 4195 4595 4596
f 4195 4596 4196
f 4196 4596 4597
f 4196 4597 4197
f 4197 4597 4598
f 4197 4598 4198
f 4198 4598 4599
f 4198 4599 4199
f 4199 4599 4600
f 4199 4600 4200
f 4200 4600 4601
f 4200 4601 4201
f 4201 4601 4602
f 4201 4602 4202
f 4202 4602 4603
f 4202 4603 4203
f 4203 4603 4604
f 4203 4604 4204
f 4204 4604 4605
f 4204 4605 4205
f 4205 4605 4606
f 4205 4606 4206
f 4206 4606 4607
f 4206 4607 4207
f 4207 4607 4608
f 4207 4608 4208
f 4208 4608 4609
f 4208 4609 4209
f 4209 4609 4610
f 4209 4610 4210
f 4210 4610 4611
f 4210 4611 4211
f 4211 4611 4612
f 4211 4612 4212
f 4212 4612 4613
f 4212 4613 4213
f 4213 4613 4614
f 4213 4614 4214
f 4214 4614 4615
f 4214 4615 4215
f 4215 4615 4616
f 4215 4616 4216
f 4216 4616 4617
f 4216 4617 4217
f 4217 4617 4618
f 4217 4618 4218
f 4218 4618 4619
f 4218 4619 4219
f 4219 4619 4620
f 4219 4620 4220
f 4220 4620 4621
f 4220 4621 4221
f 4221 4621 4622
f 4221 4622 4222
f 4222 4622 4623
f 4222 4623 4223
f 4223 4623 4624
f 4223 4624 4224
f 4224 4624 4625
f 4224 4625 4225
f 4225 4625 4626
f 4225 4626 4226
f 4226 4626 4627
f 4226 4627 4227
f 4227 4627 4628
f 4227 4628 4228
f 4228 4628 4629
f 4228 4629 4229
f 4229 4629 4630
f 4229 4630 4230
f 4230 4630 4631
f 4230 4631 4231
f 4231 4631 4632
f 4231 4632 4232
f 4232 4632 4633
f 4232 4633 4233
f 4233 4633 4634
f 4233 4634 4234
f 4234 4634 4635
f 4234 4635 4235
f 4235 4635 4636
f 4235 4636 4236
f 4236 4636 4637
f 4236 4637 4237
f 4237 4637 4638
f 4237 4638 4238
f 4238 4638 4639
f 4238 4639 4239
f 4239 4639 4640
f 4239 4640 4240
f 4240 4640 4641
f 4240 4641 4241
f 4241 4641 4642
f 4241 4642 4242
f 4242 4642 4643
f 4242 4643 4243
f 4243 4643 4644
f 4243 4644 4244
f 4244 4644 4645
f 4244 4645 4245
f 4245 4645 4646
f 4245 4646 4246
f 4246 4646 4647
f 4246 4647 4247
f 4247 4647 4648
f 4247 4648 4248
f 4248 4648 4649
f 4248 4649 4249
f 4249 4649 4650
f 4249 4650 4250
f 4250 4650 4651
f 4250 4651 4251
f 4251 4651 4652
f 4251 4652 4252
f 4252 4652 4653
f 4252 4653 4253
f 4253 4653 4654
f 4253 4654 4254
f 4254 4654 4655
f 4254 4655 4255
f 4255 4655 4656
f 4255 4656 4256
f 4256 4656 4657
f 4256 4657 4257
f 4257 4657 4658
f 4257 4658 4258
f 4258 4658 4659
f 4258 4659 4259
f 4259 4659 4660
f 4259 4660 4260
f 4260 4660 4661
f 4260 4661 4261
f 4261 4661 4662
f 4261 4662 4262
f 4262 4662 4663
f 4262 4663 4263
f 4263 4663 4664
f 4263 4664 4264
f 4264 4664 4665
f 4264 4665 4265
f 4265 4665 4666
f 4265 4666 4266
f 4266 4666 4667
f 4266 4667 4267
f 4267 4667 4668
f 4267 4668 4268
f 4268 4668 4669
f 4268 4669 4269
f 4269 4669 4670
f 4269 4670 4270
f 4270 4670 4671
f 4270 4671 4271
f 4271 4671 4672
f 4271 4672 4272
f 4272 4672 4673
f 4272 4673 4273
f 4273 4673 4674
f 4273 4674 4274
f 4274 4674 4675
f 4274 4675 4275
f 4275 4675 4676
f 4275 4676 4276
f 4276 4676 4677
f 4276 4677 4277
f 4277 4677 4678
f 4277 4678 4278
f 4278 4678 4679
f 4278 4679 4279
f 4279 4679 4680
f 4279 4680 4280
f 4280 4680 4681
f 4280 4681 4281
f 4281 4681 4682
f 4281 4682 4282
f 4282 4682 4683
f 4282 4683 4283
f 4283 4683 4684
f 4283 4684 4284
f 4284 4684 4685
f 4284 4685 4285
f 4285 4685 4686
f 4285 4686 4286
f 4286 4686 4687
f 4286 4687 4287
f 4287 4687 4688
f 4287 4688 4288
f 4288 4688 4689
f 4288 4689 4289
f 4289 4689 4690
f 4289 4690 4290
f 4290 4690 4691
f 4290 4691 4291
f 4291 4691 4692
f 4291 4692 4292
f 4292 4692 4693
f 4292 4693 4293
f 4293 4693 4694
f 4293 4694 4294
f 4294 4694 4695
f 4294 4695 4295
f 4295 4695 4696
f 4295 4696 4296
f 4296 4696 4697
f 4296 4697 4297
f 4297 4697 4698
f 4297 4698 4298
f 4298 4698 4699
f 4298 4699 4299
f 4299 4699 4700
f 4299 4700 4300
f 4300 4700 4701
f 4300 4701 4301
f 4301 4701 4702
f 4301 4702 4302
f 4302 4702 4703
f 4302 4703 4303
f 4303 4703 4704
f 4303 4704 4304
f 4304 4704 4705
f 4304 4705 4305
f 4305 4705 4706
f 4305 4706 4306
f 4306 4706 4707
f 4306 4707 4307
f 4307 4707 4708
f 4307 4708 4308
f 4308 4708 4709
f 4308 4709 4309
f 4309 4709 4710
f 4309 4710 4310
f 4310 4710 4711
f 4310 4711 4311
f 4311 4711 4712
f 4311 4712 4312
f 4312 4712 4713
f 4312 4713 4313
f 4313 4713 4714
f 4313 4714 4314
f 4314 4714 4715
f 4314 4715 4315
f 4315 4715 4716
f 4315 4716 4316
f 4316 4716 4717
f 4316 4717 4317
f 4317 4717 4718
f 4317 4718 4318
f 4318 4718 4719
f 4318 4719 4319
f 4319 4719 4720
f 4319 4720 4320
f 4320 4720 4721
f 4320 4721 4321
f 4321 4721 4722
f 4321 4722 4322
f 4322 4722 4723
f 4322 4723 4323
f 4323 4723 4724
f 4323 4724 4324
f 4324 4724 4725
f 4324 4725 4325
f 4325 4725 4726
f 4325 4726 4326
f 4326 4726 4727
f 4326 4727 4327
f 4327 4727 4728
f 4327 4728 4328
f 4328 4728 4729
f 4328 4729 4329
f 4329 4729 4730
f 4329 4730 4330
f 4330 4730 4731
f 4330 4731 4331
f 4331 4731 4732
f 4331 4732 4332
f 4332 4732 4733
f 4332 4733 4333
f 4333 4733 4734
f 4333 4734 4334
f 4334 4734 4735
f 4334 4735 4335
f 4335 4735 4736
f 4335 4736 4336
f 4336 4736 4737
f 4336 4737 4337
f 4337 4737 4738
f 4337 4738 4338
f 4338 4738 4739
f 4338 4739 4339
f 4339 4739 4740
f 4339 4740 4340
f 4340 4740 4741
f 4340 4741 4341
f 4341 4741 4742
f 4341 4742 4342
f 4342 4742 4743
f 4342 4743 4343
f 4343 4743 4744
f 4343 4744 4344
f 4344 4744 4745
f 4344 4745 4345
f 4345 4745 4746
f 4345 4746 4346
f 4346 4746 4747
f 4346 4747 4347
f 4347 4747 4748
f 4347 4748 4348
f 4348 4748 4749
f 4348 4749 4349
f 4349 4749 4750
f 4349 4750 4350
f 4350 4750 4751
f 4350 4751 4351
f 4351 4751 4752
f 4351 4752 4352
f 4352 4752 4753
f 4352 4753 4353
f 4353 4753 4754
f 4353 4754 4354
f 4354 4754 4755
f 4354 4755 4355
f 4355 4755 4756
f 4355 4756 4356
f 4356 4756 4757
f 4356 4757 4357
f 4357 4757 4758
f 4357 4758 4358
f 4358 4758 4759
f 4358 4759 4359
f 4359 4759 4760
f 4359 4760 4360
f 4360 4760 4761
f 4360 4761 4361
f 4361 4761 4762
f 4361 4762 4362
f 4362 4762 4763
f 4362 4763 4363
f 4363 4763 4764
f 4363 4764 4364
f 4364 4764 4765
f 4364 4765 4365
f 4365 4765 4766
f 4365 4766 4366
f 4366 4766 4767
f 4366 4767 4367
f 4367 4767 4768
f 4367 4768 4368
f 4368 4768 4769
f 4368 4769 4369
f 4369 4769 4770
f 4369 4770 4370
f 4370 4770 4771
f 4370 4771 4371
f 4371 4771 4772
f 4371 4772 4372
f 4372 4772 4773
f 4372 4773 4373
f 4373 4773 4774
f 4373 4774 4374
f 4374 4774 4775
f 4374 4775 4375
f 4375 4775 4776
f 4375 4776 4376
f 4376 4776 4777
f 4376 4777 4377
f 4377 4777 4778
f 4377 4778 4378
f 4378 4778 4779
f 4378 4779 4379
f 4379 4779 4780
f 4379 4780 4380
f 4380 4780 4781
f 4380 4781 4381
f 4381 4781 4782
f 4381 4782 4382
f 4382 4782 4783
f 4382 4783 4383
f 4383 4783 4784
f 4383 4784 4384
f 4384 4784 4785
f 4384 4785 4385
f 4385 4785 4786
f 4385 4786 4386
f 4386 4786 4787
f 4386 4787 4387
f 4387 4787 4788
f 4387 4788 4388
f 4388 4788 4789
f 4388 4789 4389
f 4389 4789 4790
f 4389 4790 4390
f 4390 4790 4791
f 4390 4791 4391
f 4391 4791 4792
f 4391 4792 4392
f 4392 4792 4793
f 4392 4793 4393
f 4393 4793 4794
f 4393 4794 4394
f 4394 4794 4795
f 4394 4795 4395
f 4395 4795 4796
f 4395 4796 4396
f 4396 4796 4797
f 4396 4797 4397
f 4397 4797 4798
f 4397 4798 4398
f 4398 4798 4799
f 4398 4799 4399
f 4399 4799 4800
f 4399 4800 4400
f 4401 4801 4802
f 4401 4802 4402
f 4402 4802 4803
f 4402 4803 4403
f 4403 4803 4804
f 4403 4804 4404
f 4404 4804 4805
f 4404 4805 4405
f 4405 4805 4806
f 4405 4806 4406
f 4406 4806 4807
f 4406 4807 4407
f 4407 4807 4808
f 4407 4808 4408
f 4408 4808 4809
f 4408 4809 4409
f 4409 4809 4810
f 4409 4810 4410
f 4410 4810 4811
f 4410 4811 4411
f 4411 4811 4812
f 4411 4812 4412
f 4412 4812 4813
f 4412 4813 4413
f 4413 4813 4814
f 4413 4814 4414
f 4414 4814 4815
f 4414 4815 4415
f 4415 4815 4816
f 4415 4816 4416
f 4416 4816 4817
f 4416 4817 4417
f 4417 4817 4818
f 4417 4818 4418
f 4418 4818 4819
f 4418 4819 4419
f 4419 4819 4820
f 4419 4820 4420
f 4420 4820 4821
f 4420 4821 4421
f 4421 4821 4822
f 4421 4822 4422
f 4422 4822 4823
f 4422 4823 4423
f 4423 4823 4824
f 4423 4824 4424
f 4424 4824 4825
f 4424 4825 4425
f 4425 4825 4826
f 4425 4826 4426
f 4426 4826 4827
f 4426 4827 4427
f 4427 4827 4828
f 4427 4828 4428
f 4428 4828 4829
f 4428 4829 4429
f 4429 4829 4830
f 4429 4830 4430
f 4430 4830 4831
f 4430 4831 4431
f 4431 4831 4832
f 4431 4832 4432
f 4432 4832 4833
f 4432 4833 4433
f 4433 4833 4834
f 4433 4834 4434
f 4434 4834 4835
f 4434 4835 4435
f 4435 4835 4836
f 4435 4836 4436
f 4436 4836 4837
f 4436 4837 4437
f 4437 4837 4838
f 4437 4838 4438
f 4438 4838 4839
f 4438 4839 4439
f 4439 4839 4840
f 4439 4840 4440
f 4440 4840 4841
f 4440 4841 4441
f 4441 4841 4842
f 4441 4842 4442
f 4442 4842 4843
f 4442 4843 4443
f 4443 4843 4844
f 4443 4844 4444
f 4444 4844 4845
f 4444 4845 4445
f 4445 4845 4846
f 4445 4846 4446
f 4446 4846 4847
f 4446 4847 4447
f 4447 4847 4848
f 4447 4848 4448
f 4448 4848 4849
f 4448 4849 4449
f 4449 4849 4850
f 4449 4850 4450
f 4450 4850 4851
f 4450 4851 4451
f 4451 4851 4852
f 4451 4852 4452
f 4452 4852 4853
f 4452 4853 4453
f 4453 4853 4854
f 4453 4854 4454
f 4454 4854 4855
f 4454 4855 4455
f 4455 4855 4856
f 4455 4856 4456
f 4456 4856 4857
f 4456 4857 4457
f 4457 4857 4858
f 4457 4858 4458
f 4458 4858 4859
f 4458 4859 4459
f 4459 4859 4860
f 4459 4860 4460
f 4460 4860 4861
f 4460 4861 4461
f 4461 4861 4862
f 4461 4862 4462
f 4462 4862 4863
f 4462 4863 4463
f 4463 4863 4864
f 4463 4864 4464
f 4464 4864 4865
f 4464 4865 4465
f 4465 4865 4866
f 4465 4866 4466
f 4466 4866 4867
f 4466 4867 4467
f 4467 4867 4868
f 4467 4868 4468
f 4468 4868 4869
f 4468 4869 4469
f 4469 4869 4870
f 4469 4870 4470
f 4470 4870 4871
f 4470 4871 4471
f 4471 4871 4872
f 4471 4872 4472
f 4472 4872 4873
f 4472 4873 4473
f 4473 4873 4874
f 4473 4874 4474
f 4474 4874 4875
f 4474 4875 4475
f 4475 4875 4876
f 4475 4876 4476
f 4476 4876 4877
f 4476 4877 4477
f 4477 4877 4878
f 4477 4878 4478
f 4478 4878 4879
f 4478 4879 4479
f 4479 4879 4880
f 4479 4880 4480
f 4480 4880 4881
f 4480 4881 4481
f 4481 4881 4882
f 4481 4882 4482
f 4482 4882 4883
f 4482 4883 4483
f 4483 4883 4884
f 4483 4884 4484
f 4484 4884 4885
f 4484 4885 4485
f 4485 4885 4886
f 4485 4886 4486
f 4486 4886 4887
f 4486 4887 4487
f 4487 4887 4888
f 4487 4888 4488
f 4488 4888 4889
f 4488 4889 4489
f 4489 4889 4890
f 4489 4890 4490
f 4490 4890 4891
f 4490 4891 4491
f 4491 4891 4892
f 4491 4892 4492
f 4492 4892 4893
f 4492 4893 4493
f 4493 4893 4894
f 4493 4894 4494
f 4494 4894 4895
f 4494 4895 4495
f 4495 4895 4896
f 4495 4896 4496
f 4496 4896 4897
f 4496 4897 4497
f 4497 4897 4898
f 4497 4898 4498
f 4498 4898 4899
f 4498 4899 4499
f 4499 4899 4900
f 4499 4900 4500
f 4500 4900 4901
f 4500 4901 4501
f 4501 4901 4902
f 4501 4902 4502
f 4502 4902 4903
f 4502 4903 4503
f 4503 4903 4904
f 4503 4904 4504
f 4504 4904 4905
f 4504 4905 4505
f 4505 4905 4906
f 4505 4906 4506
f 4506 4906 4907
f 4506 4907 4507
f 4507 4907 4908
f 4507 4908 4508
f 4508 4908 4909
f 4508 4909 4509
f 4509 4909 4910
f 4509 4910 4510
f 4510 4910 4911
f 4510 4911 4511
f 4511 4911 4912
f 4511 4912 4512
f 4512 4912 4913
f 4512 4913 4513
f 4513 4913 4914
f 4513 4914 4514
f 4514 4914 4915
f 4514 4915 4515
f 4515 4915 4916
f 4515 4916 4516
f 4516 4916 4917
f 4516 4917 4517
f 4517 4917 4918
f 4517 4918 4518
f 4518 4918 4919
f 4518 4919 4519
f 4519 4919 4920
f 4519 4920 4520
f 4520 4920 4921
f 4520 4921 4521
f 4521 4921 4922
f 4521 4922 4522
f 4522 4922 4923
f 4522 4923 4523
f 4523 4923 4924
f 4523 4924 4524
f 4524 4924 4925
f 4524 4925 4525
f 4525 4925 4926
f 4525 4926 4526
f 4526 4926 4927
f 4526 4927 4527
f 4527 4927 4928
f 4527 4928 4528
f 4528 4928 4929
f 4528 4929 4529
f 4529 4929 4930
f 4529 4930 4530
f 4530 4930 4931
f 4530 4931 4531
f 4531 4931 4932
f 4531 4932 4532
f 4532 4932 4933
f 4532 4933 4533
f 4533 4933 4934
f 4533 4934 4534
f 4534 4934 4935
f 4534 4935 4535
f 4535 4935 4936
f 4535 4936 4536
f 4536 4936 4937
f 4536 4937 4537
f 4537 4937 4938
f 4537 4938 4538
f 4538 4938 4939
f 4538 4939 4539
f 4539 4939 4940
f 4539 4940 4540
f 4540 4940 4941
f 4540 4941 4541
f 4541 4941 4942
f 4541 4942 4542
f 4542 4942 4943
f 4542 4943 4543
f 4543 4943 4944
f 4543 4944 4544
f 4544 4944 4945
f 4544 4945 4545
f 4545 4945 4946
f 4545 4946 4546
f 4546 4946 4947
f 4546 4947 4547
f 4547 4947 4948
f 4547 4948 4548
f 4548 4948 4949
f 4548 4949 4549
f 4549 4949 4950
f 4549 4950 4550
f 4550 4950 4951
f 4550 4951 4551
f 4551 4951 4952
f 4551 4952 4552
f 4552 4952 4953
f 4552 4953 4553
f 4553 4953 4954
f 4553 4954 4554
f 4554 4954 4955
f 4554 4955 4555
f 4555 4955 4956
f 4555 4956 4556
f 4556 4956 4957
f 4556 4957 4557
f 4557 4957 4958
f 4557 4958 4558
f 4558 4958 4959
f 4558 4959 4559
f 4559 4959 4960
f 4559 4960 4560
f 4560 4960 4961
f 4560 4961 4561
f 4561 4961 4962
f 4561 4962 4562
f 4562 4962 4963
f 4562 4963 4563
f 4563 4963 4964
f 4563 4964 4564
f 4564 4964 4965
f 4564 4965 4565
f 4565 4965 4966
f 4565 4966 4566
f 4566 4966 4967
f 4566 4967 4567
f 4567 4967 4968
f 4567 4968 4568
f 4568 4968 4969
f 4568 4969 4569
f 4569 4969 4970
f 4569 4970 4570
f 4570 4970 4971
f 4570 4971 4571
f 4571 4971 4972
f 4571 4972 4572
f 4572 4972 4973
f 4572 4973 4573
f 4573 4973 4974
f 4573 4974 4574
f 4574 4974 4975
f 4574 4975 4575
f 4575 4975 4976
f 4575 4976 4576
f 4576 4976 4977
f 4576 4977 4577
f 4577 4977 4978
f 4577 4978 4578
f 4578 4978 4979
f 4578 4979 4579
f 4579 4979 4980
f 4579 4980 4580
f 4580 4980 4981
f 4580 4981 4581
f 4581 4981 4982
f 4581 4982 4582
f 4582 4982 4983
f 4582 4983 4583
f 4583 4983 4984
f 4583 4984 4584
f 4584 4984 4985
f 4584 4985 4585
f 4585 4985 4986
f 4585 4986 4586
f 4586 4986 4987
f 4586 4987 4587
f 4587 4987 4988
f 4587 4988 4588
f 4588 4988 4989
f 4588 4989 4589
f 4589 4989 4990
f 4589 4990 4590
f 4590 4990 4991
f 4590 4991 4591
f 4591 4991 4992
f 4591 4992 4592
f 4592 4992 4993
f 4592 4993 4593
f 4593 4993 4994
f 4593 4994 4594
f 4594 4994 4995
f 4594 4995 4595
f 4595 4995 4996
f 4595 4996 4596
f 4596 4996 4997
f 4596 4997 4597
f 4597 4997 4998
f 4597 4998 4598
f 4598 4998 4999
f 4598 4999 4599
f 4599 4999 5000
f 4599 5000 4600
f 4600 5000 5001
f 4600 5001 4601
f 4601 5001 5002
f 4601 5002 4602
f 4602 5002 5003
f 4602 5003 4603
f 4603 5003 5004
f 4603 5004 4604
f 4604 5004 5005
f 4604 5005 4605
f 4605 5005 5006
f 4605 5006 4606
f 4606 5006 5007
f 4606 5007 4607
f 4607 5007 5008
f 4607 5008 4608
f 4608 5008 5009
f 4608 5009 4609
f 4609 5009 5010
f 4609 5010 4610
f 4610 5010 5011
f 4610 5011 4611
f 4611 5011 5012
f 4611 5012 4612
f 4612 5012 5013
f 4612 5013 4613
f 4613 5013 5014
f 4613 5014 4614
f 4614 5014 5015
f 4614 5015 4615
f 4615 5015 5016
f 4615 5016 4616
f 4616 5016 5017
f 4616 5017 4617
f 4617 5017 5018
f 4617 5018 4618
f 4618 5018 5019
f 4618 5019 4619
f 4619 5019 5020
f 4619 5020 4620
f 4620 5020 5021
f 4620 5021 4621
f 4621 5021 5022
f 4621 5022 4622
f 4622 5022 5023
f 4622 5023 4623
f 4623 5023 5024
f 4623 5024 4624
f 4624 5024 5025
f 4624 5025 4625
f 4625 5025 5026
f 4625 5026 4626
f 4626 5026 5027
f 4626 5027 4627
f 4627 5027 5028
f 4627 5028 4628
f 4628 5028 5029
f 4628 5029 4629
f 4629 5029 5030
f 4629 5030 4630
f 4630 5030 5031
f 4630 5031 4631
f 4631 5031 5032
f 4631 5032 4632
f 4632 5032 5033
f 4632 5033 4633
f 4633 5033 5034
f 4633 5034 4634
f 4634 5034 5035
f 4634 5035 4635
f 4635 5035 5036
f 4635 5036 4636
f 4636 5036 5037
f 4636 5037 4637
f 4637 5037 5038
f 4637 5038 4638
f 4638 5038 5039
f 4638 5039 4639
f 4639 5039 5040
f 4639 5040 4640
f 4640 5040 5041
f 4640 5041 4641
f 4641 5041 5042
f 4641 5042 4642
f 4642 5042 5043
f 4642 5043 4643
f 4643 5043 5044
f 4643 5044 4644
f 4644 5044 5045
f 4644 5045 4645
f 4645 5045 5046
f 4645 5046 4646
f 4646 5046 5047
f 4646 5047 4647
f 4647 5047 5048
f 4647 5048 4648
f 4648 5048 5049
f 4648 5049 4649
f 4649 5049 5050
f 4649 5050 4650
f 4650 5050 5051
f 4650 5051 4651
f 4651 5051 5052
f 4651 5052 4652
f 4652 5052 5053
f 4652 5053 4653
f 4653 5053 5054
f 4653 5054 4654
f 4654 5054 5055
f 4654 5055 4655
f 4655 5055 5056
f 4655 5056 4656
f 4656 5056 5057
f 4656 5057 4657
f 4657 5057 5058
f 4657 5058 4658
f 4658 5058 5059
f 4658 5059 4659
f 4659 5059 5060
f 4659 5060 4660
f 4660 5060 5061
f 4660 5061 4661
f 4661 5061 5062
f 4661 5062 4662
f 4662 5062 5063
f 4662 5063 4663
f 4663 5063 5064
f 4663 5064 4664
f 4664 5064 5065
f 4664 5065 4665
f 4665 5065 5066
f 4665 5066 4666
f 4666 5066 5067
f 4666 5067 4667
f 4667 5067 5068
f 4667 5068 4668
f 4668 5068 5069
f 4668 5069 4669
f 4669 5069 5070
f 4669 5070 4670
f 4670 5070 5071
f 4670 5071 4671
f 4671 5071 5072
f 4671 5072 4672
f 4672 5072 5073
f 4672 5073 4673
f 4673 5073 5074
f 4673 5074 4674
f 4674 5074 5075
f 4674 5075 4675
f 4675 5075 5076
f 4675 5076 4676
f 4676 5076 5077
f 4676 5077 4677
f 4677 5077 5078
f 4677 5078 4678
f 4678 5078 5079
f 4678 5079 4679
f 4679 5079 5080
f 4679 5080 4680
f 4680 5080 5081
f 4680 5081 4681
f 4681 5081 5082
f 4681 5082 4682
f 4682 5082 5083
f 4682 5083 4683
f 4683 5083 5084
f 4683 5084 4684
f 4684 5084 5085
f 4684 5085 4685
f 4685 5085 5086
f 4685 5086 4686
f 4686 5086 5087
f 4686 5087 4687
f 4687 5087 5088
f 4687 5088 4688
f 4688 5088 5089
f 4688 5089 4689
f 4689 5089 5090
f 4689 5090 4690
f 4690 5090 5091
f 4690 5091 4691
f 4691 5091 5092
f 4691 5092 4692
f 4692 5092 5093
f 4692 5093 4693
f 4693 5093 5094
f 4693 5094 4694
f 4694 5094 5095
f 4694 5095 4695
f 4695 5095 5096
f 4695 5096 4696
f 4696 5096 5097
f 4696 5097 4697
f 4697 5097 5098
f 4697 5098 4698
f 4698 5098 5099
f 4698 5099 4699
f 4699 5099 5100
f 4699 5100 4700
f 4700 5100 5101
f 4700 5101 4701
f 4701 5101 5102
f 4701 5102 4702
f 4702 5102 5103
f 4702 5103 4703
f 4703 5103 5104
f 4703 5104 4704
f 4704 5104 5105
f 4704 5105 4705
f 4705 5105 5106
f 4705 5106 4706
f 4706 5106 5107
f 4706 5107 4707
f 4707 5107 5108
f 4707 5108 4708
f 4708 5108 5109
f 4708 5109 4709
f 4709 5109 5110
f 4709 5110 4710
f 4710 5110 5111
f 4710 5111 4711
f 4711 5111 5112
f 4711 5112 4712
f 4712 5112 5113
f 4712 5113 4713
f 4713 5113 5114
f 4713 5114 4714
f 4714 5114 5115
f 4714 5115 4715
f 4715 5115 5116
f 4715 5116 4716
f 4716 5116 5117
f 4716 5117 4717
f 4717 5117 5118
f 4717 5118 4718
f 4718 5118 5119
f 4718 5119 4719
f 4719 5119 5120
f 4719 5120 4720
f 4720 5120 5121
f 4720 5121 4721
f 4721 5121 5122
f 4721 5122 4722
f 4722 5122 5123
f 4722 5123 4723
f 4723 5123 5124
f 4723 5124 4724
f 4724 5124 5125
f 4724 5125 4725
f 4725 5125 5126
f 4725 5126 4726
f 4726 5126 5127
f 4726 5127 4727
f 4727 5127 5128
f 4727 5128 4728
f 4728 5128 5129
f 4728 5129 4729
f 4729 5129 5130
f 4729 5130 4730
f 4730 5130 5131
f 4730 5131 4731
f 4731 5131 5132
f 4731 5132 4732
f 4732 5132 5133
f 4732 5133 4733
f 4733 5133 5134
f 4733 5134 4734
f 4734 5134 5135
f 4734 5135 4735
f 4735 5135 5136
f 4735 5136 4736
f 4736 5136 5137
f 4736 5137 4737
f 4737 5137 5138
f 4737 5138 4738
f 4738 5138 5139
f 4738 5139 4739
f 4739 5139 5140
f 4739 5140 4740
f 4740 5140 5141
f 4740 5141 4741
f 4741 5141 5142
f 4741 5142 4742
f 4742 5142 5143
f 4742 5143 4743
f 4743 5143 5144
f 4743 5144 4744
f 4744 5144 5145
f 4744 5145 4745
f 4745 5145 5146
f 4745 5146 4746
f 4746 5146 5147
f 4746 5147 4747
f 4747 5147 5148
f 4747 5148 4748
f 4748 5148 5149
f 4748 5149 4749
f 4749 5149 5150
f 4749 5150 4750
f 4750 5150 5151
f 4750 5151 4751
f 4751 5151 5152
f 4751 5152 4752
f 4752 5152 5153
f 4752 5153 4753
f 4753 5153 5154
f 4753 5154 4754
f 4754 5154 5155
f 4754 5155 4755
f 4755 5155 5156
f 4755 5156 4756
f 4756 5156 5157
f 4756 5157 4757
f 4757 5157 5158
f 4757 5158 4758
f 4758 5158 5159
f 4758 5159 4759
f 4759 5159 5160
f 4759 5160 4760
f 4760 5160 5161
f 4760 5161 4761
f 4761 5161 5162
f 4761 5162 4762
f 4762 5162 5163
f 4762 5163 4763
f 4763 5163 5164
f 4763 5164 4764
f 4764 5164 5165
f 4764 5165 4765
f 4765 5165 5166
f 4765 5166 4766
f 4766 5166 5167
f 4766 5167 4767
f 4767 5167 5168
f 4767 5168 4768
f 4768 5168 5169
f 4768 5169 4769
f 4769 5169 5170
f 4769 5170 4770
f 4770 5170 5171
f 4770 5171 4771
f 4771 5171 5172
f 4771 5172 4772
f 4772 5172 5173
f 4772 5173 4773
f 4773 5173 5174
f 4773 5174 4774
f 4774 5174 5175
f 4774 5175 4775
f 4775 5175 5176
f 4775 5176 4776
f 4776 5176 5177
f 4776 5177 4777
f 4777 5177 5178
f 4777 5178 4778
f 4778 5178 5179
f 4778 5179 4779
f 4779 5179 5180
f 4779 5180 4780
f 4780 5180 5181
f 4780 5181 4781
f 4781 5181 5182
f 4781 5182 4782
f 4782 5182 5183
f 4782 5183 4783
f 4783 5183 5184
f 4783 5184 4784
f 4784 5184 5185
f 4784 5185 4785
f 4785 5185 5186
f 4785 5186 4786
f 4786 5186 5187
f 4786 5187 4787
f 4787 5187 5188
f 4787 5188 4788
f 4788 5188 5189
f 4788 5189 4789
f 4789 5189 5190
f 4789 5190 4790
f 4790 5190 5191
f 4790 5191 4791
f 4791 5191 5192
f 4791 5192 4792
f 4792 5192 5193
f 4792 5193 4793
f 4793 5193 5194
f 4793 5194 4794
f 4794 5194 5195
f 4794 5195 4795
f 4795 5195 5196
f 4795 5196 4796
f 4796 5196 5197
f 4796 5197 4797
f 4797 5197 5198
f 4797 5198 4798
f 4798 5198 5199
f 4798 5199 4799
f 4799 5199 5200
f 4799 5200 4800
f 4801 5201 5202
f 4801 5202 4802
f 4802 5202 5203
f 4802 5203 4803
f 4803 5203 5204
f 4803 5204 4804
f 4804 5204 5205
f 4804 5205 4805
f 4805 5205 5206
f 4805 5206 4806
f 4806 5206 5207
f 4806 5207 4807
f 4807 5207 5208
f 4807 5208 4808
f 4808 5208 5209
f 4808 5209 4809
f 4809 5209 5210
f 4809 5210 4810
f 4810 5210 5211
f 4810 5211 4811
f 4811 5211 5212
f 4811 5212 4812
f 4812 5212 5213
f 4812 5213 4813
f 4813 5213 5214
f 4813 5214 4814
f 4814 5214 5215
f 4814 5215 4815
f 4815 5215 5216
f 4815 5216 4816
f 4816 5216 5217
f 4816 5217 4817
f 4817 5217 5218
f 4817 5218 4818
f 4818 5218 5219
f 4818 5219 4819
f 4819 5219 5220
f 4819 5220 4820
f 4820 5220 5221
f 4820 5221 4821
f 4821 5221 5222
f 4821 5222 4822
f 4822 5222 5223
f 4822 5223 4823
f 4823 5223 5224
f 4823 5224 4824
f 4824 5224 5225
f 4824 5225 4825
f 4825 5225 5226
f 4825 5226 4826
f 4826 5226 5227
f 4826 5227 4827
f 4827 5227 5228
f 4827 5228 4828
f 4828 5228 5229
f 4828 5229 4829
f 4829 5229 5230
f 4829 5230 4830
f 4830 5230 5231
f 4830 5231 4831
f 4831 5231 5232
f 4831 5232 4832
f 4832 5232 5233
f 4832 5233 4833
f 4833 5233 5234
f 4833 5234 4834
f 4834 5234 5235
f 4834 5235 4835
f 4835 5235 5236
f 4835 5236 4836
f 4836 5236 5237
f 4836 5237 4837
f 4837 5237 5238
f 4837 5238 4838
f 4838 5238 5239
f 4838 5239 4839
f 4839 5239 5240
f 4839 5240 4840
f 4840 5240 5241
f 4840 5241 4841
f 4841 5241 5242
f 4841 5242 4842
f 4842 5242 5243
f 4842 5243 4843
f 4843 5243 5244
f 4843 5244 4844
f 4844 5244 5245
f 4844 5245 4845
f 4845 5245 5246
f 4845 5246 4846
f 4846 5246 5247
f 4846 5247 4847
f 4847 5247 5248
f 4847 5248 4848
f 4848 5248 5249
f 4848 5249 4849
f 4849 5249 5250
f 4849 5250 4850
f 4850 5250 5251
f 4850 5251 4851
f 4851 5251 5252
f 4851 5252 4852
f 4852 5252 5253
f 4852 5253 4853
f 4853 5253 5254
f 4853 5254 4854
f 4854 5254 5255
f 4854 5255 4855
f 4855 5255 5256
f 4855 5256 4856
f 4856 5256 5257
f 4856 5257 4857
f 4857 5257 5258
f 4857 5258 4858
f 4858 5258 5259
f 4858 5259 4859
f 4859 5259 5260
f 4859 5260 4860
f 4860 5260 5261
f 4860 5261 4861
f 4861 5261 5262
f 4861 5262 4862
f 4862 5262 5263
f 4862 5263 4863
f 4863 5263 5264
f 4863 5264 4864
f 4864 5264 5265
f 4864 5265 4865
f 4865 5265 5266
f 4865 5266 4866
f 4866 5266 5267
f 4866 5267 4867
f 4867 5267 5268
f 4867 5268 4868
f 4868 5268 5269
f 4868 5269 4869
f 4869 5269 5270
f 4869 5270 4870
f 4870 5270 5271
f 4870 5271 4871
f 4871 5271 5272
f 4871 5272 4872
f 4872 5272 5273
f 4872 5273 4873
f 4873 5273 5274
f 4873 5274 4874
f 4874 5274 5275
f 4874 5275 4875
f 4875 5275 5276
f 4875 5276 4876
f 4876 5276 5277
f 4876 5277 4877
f 4877 5277 5278
f 4877 5278 4878
f 4878 5278 5279
f 4878 5279 4879
f 4879 5279 5280
f 4879 5280 4880
f 4880 5280 5281
f 4880 5281 4881
f 4881 5281 5282
f 4881 5282 4882
f 4882 5282 5283
f 4882 5283 4883
f 4883 5283 5284
f 4883 5284 4884
f 4884 5284 5285
f 4884 5285 4885
f 4885 5285 5286
f 4885 5286 4886
f 4886 5286 5287
f 4886 5287 4887
f 4887 5287 5288
f 4887 5288 4888
f 4888 5288 5289
f 4888 5289 4889
f 4889 5289 5290
f 4889 5290 4890
f 4890 5290 5291
f 4890 5291 4891
f 4891 5291 5292
f 4891 5292 4892
f 4892 5292 5293
f 4892 5293 4893
f 4893 5293 5294
f 4893 5294 4894
f 4894 5294 5295
f 4894 5295 4895
f 4895 5295 5296
f 4895 5296 4896
f 4896 5296 5297
f 4896 5297 4897
f 4897 5297 5298
f 4897 5298 4898
f 4898 5298 5299
f 4898 5299 4899
f 4899 5299 5300
f 4899 5300 4900
f 4900 5300 5301
f 4900 5301 4901
f 4901 5301 5302
f 4901 5302 4902
f 4902 5302 5303
f 4902 5303 4903
f 4903 5303 5304
f 4903 5304 4904
f 4904 5304 5305
f 4904 5305 4905
f 4905 5305 5306
f 4905 5306 4906
f 4906 5306 5307
f 4906 5307 4907
f 4907 5307 5308
f 4907 5308 4908
f 4908 5308 5309
f 4908 5309 4909
f 4909 5309 5310
f 4909 5310 4910
f 4910 5310 5311
f 4910 5311 4911
f 4911 5311 5312
f 4911 5312 4912
f 4912 5312 5313
f 4912 5313 4913
f 4913 5313 5314
f 4913 5314 4914
f 4914 5314 5315
f 4914 5315 4915
f 4915 5315 5316
f 4915 5316 4916
f 4916 5316 5317
f 4916 5317 4917
f 4917 5317 5318
f 4917 5318 4918
f 4918 5318 5319
f 4918 5319 4919
f 4919 5319 5320
f 4919 5320 4920
f 4920 5320 5321
f 4920 5321 4921
f 4921 5321 5322
f 4921 5322 4922
f 4922 5322 5323
f 4922 5323 4923
f 4923 5323 5324
f 4923 5324 4924
f 4924 5324 5325
f 4924 5325 4925
f 4925 5325 5326
f 4925 5326 4926
f 4926 5326 5327
f 4926 5327 4927
f 4927 5327 5328
f 4927 5328 4928
f 4928 5328 5329
f 4928 5329 4929
f 4929 5329 5330
f 4929 5330 4930
f 4930 5330 5331
f 4930 5331 4931
f 4931 5331 5332
f 4931 5332 4932
f 4932 5332 5333
f 4932 5333 4933
f 4933 5333 5334
f 4933 5334 4934
f 4934 5334 5335
f 4934 5335 4935
f 4935 5335 5336
f 4935 5336 4936
f 4936 5336 5337
f 4936 5337 4937
f 4937 5337 5338
f 4937 5338 4938
f 4938 5338 5339
f 4938 5339 4939
f 4939 5339 5340
f 4939 5340 4940
f 4940 5340 5341
f 4940 5341 4941
f 4941 5341 5342
f 4941 5342 4942
f 4942 5342 5343
f 4942 5343 4943
f 4943 5343 5344
f 4943 5344 4944
f 4944 5344 5345
f 4944 5345 4945
f 4945 5345 5346
f 4945 5346 4946
f 4946 5346 5347
f 4946 5347 4947
f 4947 5347 5348
f 4947 5348 4948
f 4948 5348 5349
f 4948 5349 4949
f 4949 5349 5350
f 4949 5350 4950
f 4950 5350 5351
f 4950 5351 4951
f 4951 5351 5352
f 4951 5352 4952
f 4952 5352 5353
f 4952 5353 4953
f 4953 5353 5354
f 4953 5354 4954
f 4954 5354 5355
f 4954 5355 4955
f 4955 5355 5356
f 4955 5356 4956
f 4956 5356 5357
f 4956 5357 4957
f 4957 5357 5358
f 4957 5358 4958
f 4958 5358 5359
f 4958 5359 4959
f 4959 5359 5360
f 4959 5360 4960
f 4960 5360 5361
f 4960 5361 4961
f 4961 5361 5362
f 4961 5362 4962
f 4962 5362 5363
f 4962 5363 4963
f 4963 5363 5364
f 4963 5364 4964
f 4964 5364 5365
f 4964 5365 4965
f 4965 5365 5366
f 4965 5366 4966
f 4966 5366 5367
f 4966 5367 4967
f 4967 5367 5368
f 4967 5368 4968
f 4968 5368 5369
f 4968 5369 4969
f 4969 5369 5370
f 4969 5370 4970
f 4970 5370 5371
f 4970 5371 4971
f 4971 5371 5372
f 4971 5372 4972
f 4972 5372 5373
f 4972 5373 4973
f 4973 5373 5374
f 4973 5374 4974
f 4974 5374 5375
f 4974 5375 4975
f 4975 5375 5376
f 4975 5376 4976
f 4976 5376 5377
f 4976 5377 4977
f 4977 5377 5378
f 4977 5378 4978
f 4978 5378 5379
f 4978 5379 4979
f 4979 5379 5380
f 4979 5380 4980
f 4980 5380 5381
f 4980 5381 4981
f 4981 5381 5382
f 4981 5382 4982
f 4982 5382 5383
f 4982 5383 4983
f 4983 5383 5384
f 4983 5384 4984
f 4984 5384 5385
f 4984 5385 4985
f 4985 5385 5386
f 4985 5386 4986
f 4986 5386 5387
f 4986 5387 4987
f 4987 5387 5388
f 4987 5388 4988
f 4988 5388 5389
f 4988 5389 4989
f 4989 5389 5390
f 4989 5390 4990
f 4990 5390 5391
f 4990 5391 4991
f 4991 5391 5392
f 4991 5392 4992
f 4992 5392 5393
f 4992 5393 4993
f 4993 5393 5394
f 4993 5394 4994
f 4994 5394 5395
f 4994 5395 4995
f 4995 5395 5396
f 4995 5396 4996
f 4996 5396 5397
f 4996 5397 4997
f 4997 5397 5398
f 4997 5398 4998
f 4998 5398 5399
f 4998 5399 4999
f 4999 5399 5400
f 4999 5400 5000
f 5000 5400 5401
f 5000 5401 5001
f 5001 5401 5402
f 5001 5402 5002
f 5002 5402 5403
f 5002 5403 5003
f 5003 5403 5404
f 5003 5404 5004
f 5004 5404 5405
f 5004 5405 5005
f 5005 5405 5406
f 5005 5406 5006
f 5006 5406 5407
f 5006 5407 5007
f 5007 5407 5408
f 5007 5408 5008
f 5008 5408 5409
f 5008 5409 5009
f 5009 5409 5410
f 5009 5410 5010
f 5010 5410 5411
f 5010 5411 5011
f 5011 5411 5412
f 5011 5412 5012
f 5012 5412 5413
f 5012 5413 5013
f 5013 5413 5414
f 5013 5414 5014
f 5014 5414 5415
f 5014 5415 5015
f 5015 5415 5416
f 5015 5416 5016
f 5016 5416 5417
f 5016 5417 5017
f 5017 5417 5418
f 5017 5418 5018
f 5018 5418 5419
f 5018 5419 5019
f 5019 5419 5420
f 5019 5420 5020
f 5020 5420 5421
f 5020 5421 5021
f 5021 5421 5422
f 5021 5422 5022
f 5022 5422 5423
f 5022 5423 5023
f 5023 5423 5424
f 5023 5424 5024
f 5024 5424 5425
f 5024 5425 5025
f 5025 5425 5426
f 5025 5426 5026
f 5026 5426 5427
f 5026 5427 5027
f 5027 5427 5428
f 5027 5428 5028
f 5028 5428 5429
f 5028 5429 5029
f 5029 5429 5430
f 5029 5430 5030
f 5030 5430 5431
f 5030 5431 5031
f 5031 5431 5432
f 5031 5432 5032
f 5032 5432 5433
f 5032 5433 5033
f 5033 5433 5434
f 5033 5434 5034
f 5034 5434 5435
f 5034 5435 5035
f 5035 5435 5436
f 5035 5436 5036
f 5036 5436 5437
f 5036 5437 5037
f 5037 5437 5438
f 5037 5438 5038
f 5038 5438 5439
f 5038 5439 5039
f 5039 5439 5440
f 5039 5440 5040
f 5040 5440 5441
f 5040 5441 5041
f 5041 5441 5442
f 5041 5442 5042
f 5042 5442 5443
f 5042 5443 5043
f 5043 5443 5444
f 5043 5444 5044
f 5044 5444 5445
f 5044 5445 5045
f 5045 5445 5446
f 5045 5446 5046
f 5046 5446 5447
f 5046 5447 5047
f 5047 5447 5448
f 5047 5448 5048
f 5048 5448 5449
f 5048 5449 5049
f 5049 5449 5450
f 5049 5450 5050
f 5050 5450 5451
f 5050 5451 5051
f 5051 5451 5452
f 5051 5452 5052
f 5052 5452 5453
f 5052 5453 5053
f 5053 5453 5454
f 5053 5454 5054
f 5054 5454 5455
f 5054 5455 5055
f 5055 5455 5456
f 5055 5456 5056
f 5056 5456 5457
f 5056 5457 5057
f 5057 5457 5458
f 5057 5458 5058
f 5058 5458 5459
f 5058 5459 5059
f 5059 5459 5460
f 5059 5460 5060
f 5060 5460 5461
f 5060 5461 5061
f 5061 5461 5462
f 5061 5462 5062
f 5062 5462 5463
f 5062 5463 5063
f 5063 5463 5464
f 5063 5464 5064
f 5064 5464 5465
f 5064 5465 5065
f 5065 5465 5466
f 5065 5466 5066
f 5066 5466 5467
f 5066 5467 5067
f 5067 5467 5468
f 5067 5468 5068
f 5068 5468 5469
f 5068 5469 5069
f 5069 5469 5470
f 5069 5470 5070
f 5070 5470 5471
f 5070 5471 5071
f 5071 5471 5472
f 5071 5472 5072
f 5072 5472 5473
f 5072 5473 5073
f 5073 5473 5474
f 5073 5474 5074
f 5074 5474 5475
f 5074 5475 5075
f 5075 5475 5476
f 5075 5476 5076
f 5076 5476 5477
f 5076 5477 5077
f 5077 5477 5478
f 5077 5478 5078
f 5078 5478 5479
f 5078 5479 5079
f 5079 5479 5480
f 5079 5480 5080
f 5080 5480 5481
f 5080 5481 5081
f 5081 5481 5482
f 5081 5482 5082
f 5082 5482 5483
f 5082 5483 5083
f 5083 5483 5484
f 5083 5484 5084
f 5084 5484 5485
f 5084 5485 5085
f 5085 5485 5486
f 5085 5486 5086
f 5086 5486 5487
f 5086 5487 5087
f 5087 5487 5488
f 5087 5488 5088
f 5088 5488 5489
f 5088 5489 5089
f 5089 5489 5490
f 5089 5490 5090
f 5090 5490 5491
f 5090 5491 5091
f 5091 5491 5492
f 5091 5492 5092
f 5092 5492 5493
f 5092 5493 5093
f 5093 5493 5494
f 5093 5494 5094
f 5094 5494 5495
f 5094 5495 5095
f 5095 5495 5496
f 5095 5496 5096
f 5096 5496 5497
f 5096 5497 5097
f 5097 5497 5498
f 5097 5498 5098
f 5098 5498 5499
f 5098 5499 5099
f 5099 5499 5500
f 5099 5500 5100
f 5100 5500 5501
f 5100 5501 5101
f 5101 5501 5502
f 5101 5502 5102
f 5102 5502 5503
f 5102 5503 5103
f 5103 5503 5504
f 5103 5504 5104
f 5104 5504 5505
f 5104 5505 5105
f 5105 5505 5506
f 5105 5506 5106
f 5106 5506 5507
f 5106 5507 5107
f 5107 5507 5508
f 5107 5508 5108
f 5108 5508 5509
f 5108 5509 5109
f 5109 5509 5510
f 5109 5510 5110
f 5110 5510 5511
f 5110 5511 5111
f 5111 5511 5512
f 5111 5512 5112
f 5112 5512 5513
f 5112 5513 5113
f 5113 5513 5514
f 5113 5514 5114
f 5114 5514 5515
f 5114 5515 5115
f 5115 5515 5516
f 5115 5516 5116
f 5116 5516 5517
f 5116 5517 5117
f 5117 5517 5518
f 5117 5518 5118
f 5118 5518 5519
f 5118 5519 5119
f 5119 5519 5520
f 5119 5520 5120
f 5120 5520 5521
f 5120 5521 5121
f 5121 5521 5522
f 5121 5522 5122
f 5122 5522 5523
f 5122 5523 5123
f 5123 5523 5524
f 5123 5524 5124
f 5124 5524 5525
f 5124 5525 5125
f 5125 5525 5526
f 5125 5526 5126
f 5126 5526 5527
f 5126 5527 5127
f 5127 5527 5528
f 5127 5528 5128
f 5128 5528 5529
f 5128 5529 5129
f 5129 5529 5530
f 5129 5530 5130
f 5130 5530 5531
f 5130 5531 5131
f 5131 5531 5532
f 5131 5532 5132
f 5132 5532 5533
f 5132 5533 5133
f 5133 5533 5534
f 5133 5534 5134
f 5134 5534 5535
f 5134 5535 5135
f 5135 5535 5536
f 5135 5536 5136
f 5136 5536 5537
f 5136 5537 5137
f 5137 5537 5538
f 5137 5538 5138
f 5138 5538 5539
f 5138 5539 5139
f 5139 5539 5540
f 5139 5540 5140
f 5140 5540 5541
f 5140 5541 5141
f 5141 5541 5542
f 5141 5542 5142
f 5142 5542 5543
f 5142 5543 5143
f 5143 5543 5544
f 5143 5544 5144
f 5144 5544 5545
f 5144 5545 5145
f 5145 5545 5546
f 5145 5546 5146
f 5146 5546 5547
f 5146 5547 5147
f 5147 5547 5548
f 5147 5548 5148
f 5148 5548 5549
f 5148 5549 5149
f 5149 5549 5550
f 5149 5550 5150
f 5150 5550 5551
f 5150 5551 5151
f 5151 5551 5552
f 5151 5552 5152
f 5152 5552 5553
f 5152 5553 5153
f 5153 5553 5554
f 5153 5554 5154
f 5154 5554 5555
f 5154 5555 5155
f 5155 5555 5556
f 5155 5556 5156
f 5156 5556 5557
f 5156 5557 5157
f 5157 5557 5558
f 5157 5558 5158
f 5158 5558 5559
f 5158 5559 5159
f 5159 5559 5560
f 5159 5560 5160
f 5160 5560 5561
f 5160 5561 5161
f 5161 5561 5562
f 5161 5562 5162
f 5162 5562 5563
f 5162 5563 5163
f 5163 5563 5564
f 5163 5564 5164
f 5164 5564 5565
f 5164 5565 5165
f 5165 5565 5566
f 5165 5566 5166
f 5166 5566 5567
f 5166 5567 5167
f 5167 5567 5568
f 5167 5568 5168
f 5168 5568 5569
f 5168 5569 5169
f 5169 5569 5570
f 5169 5570 5170
f 5170 5570 5571
f 5170 5571 5171
f 5171 5571 5572
f 5171 5572 5172
f 5172 5572 5573
f 5172 5573 5173
f 5173 5573 5574
f 5173 5574 5174
f 5174 5574 5575
f 5174 5575 5175
f 5175 5575 5576
f 5175 5576 5176
f 5176 5576 5577
f 5176 5577 5177
f 5177 5577 5578
f 5177 5578 5178
f 5178 5578 5579
f 5178 5579 5179
f 5179 5579 5580
f 5179 5580 5180
f 5180 5580 5581
f 5180 5581 5181
f 5181 5581 5582
f 5181 5582 5182
f 5182 5582 5583
f 5182 5583 5183
f 5183 5583 5584
f 5183 5584 5184
f 5184 5584 5585
f 5184 5585 5185
f 5185 5585 5586
f 5185 5586 5186
f 5186 5586 5587
f 5186 5587 5187
f 5187 5587 5588
f 5187 5588 5188
f 5188 5588 5589
f 5188 5589 5189
f 5189 5589 5590
f 5189 5590 5190
f 5190 5590 5591
f 5190 5591 5191
f 5191 5591 5592
f 5191 5592 5192
f 5192 5592 5593
f 5192 5593 5193
f 5193 5593 5594
f 5193 5594 5194
f 5194 5594 5595
f 5194 5595 5195
f 5195 5595 5596
f 5195 5596 5196
f 5196 5596 5597
f 5196 5597 5197
f 5197 5597 5598
f 5197 5598 5198
f 5198 5598 5599
f 5198 5599 5199
f 5199 5599 5600
f 5199 5600 5200
f 5201 5601 5602
f 5201 5602 5202
f 5202 5602 5603
f 5202 5603 5203
f 5203 5603 5604
f 5203 5604 5204
f 5204 5604 5605
f 5204 5605 5205
f 5205 5605 5606
f 5205 5606 5206
f 5206 5606 5607
f 5206 5607 5207
f 5207 5607 5608
f 5207 5608 5208
f 5208 5608 5609
f 5208 5609 5209
f 5209 5609 5610
f 5209 5610 5210
f 5210 5610 5611
f 5210 5611 5211
f 5211 5611 5612
f 5211 5612 5212
f 5212 5612 5613
f 5212 5613 5213
f 5213 5613 5614
f 5213 5614 5214
f 5214 5614 5615
f 5214 5615 5215
f 5215 5615 5616
f 5215 5616 5216
f 5216 5616 5617
f 5216 5617 5217
f 5217 5617 5618
f 5217 5618 5218
f 5218 5618 5619
f 5218 5619 5219
f 5219 5619 5620
f 5219 5620 5220
f 5220 5620 5621
f 5220 5621 5221
f 5221 5621 5622
f 5221 5622 5222
f 5222 5622 5623
f 5222 5623 5223
f 5223 5623 5624
f 5223 5624 5224
f 5224 5624 5625
f 5224 5625 5225
f 5225 5625 5626
f 5225 5626 5226
f 5226 5626 5627
f 5226 5627 5227
f 5227 5627 5628
f 5227 5628 5228
f 5228 5628 5629
f 5228 5629 5229
f 5229 5629 5630
f 5229 5630 5230
f 5230 5630 5631
f 5230 5631 5231
f 5231 5631 5632
f 5231 5632 5232
f 5232 5632 5633
f 5232 5633 5233
f 5233 5633 5634
f 5233 5634 5234
f 5234 5634 5635
f 5234 5635 5235
f 5235 5635 5636
f 5235 5636 5236
f 5236 5636 5637
f 5236 5637 5237
f 5237 5637 5638
f 5237 5638 5238
f 5238 5638 5639
f 5238 5639 5239
f 5239 5639 5640
f 5239 5640 5240
f 5240 5640 5641
f 5240 5641 5241
f 5241 5641 5642
f 5241 5642 5242
f 5242 5642 5643
f 5242 5643 5243
f 5243 5643 5644
f 5243 5644 5244
f 5244 5644 5645
f 5244 5645 5245
f 5245 5645 5646
f 5245 5646 5246
f 5246 5646 5647
f 5246 5647 5247
f 5247 5647 5648
f 5247 5648 5248
f 5248 5648 5649
f 5248 5649 5249
f 5249 5649 5650
f 5249 5650 5250
f 5250 5650 5651
f 5250 5651 5251
f 5251 5651 5652
f 5251 5652 5252
f 5252 5652 5653
f 5252 5653 5253
f 5253 5653 5654
f 5253 5654 5254
f 5254 5654 5655
f 5254 5655 5255
f 5255 5655 5656
f 5255 5656 5256
f 5256 5656 5657
f 5256 5657 5257
f 5257 5657 5658
f 5257 5658 5258
f 5258 5658 5659
f 5258 5659 5259
f 5259 5659 5660
f 5259 5660 5260
f 5260 5660 5661
f 5260 5661 5261
f 5261 5661 5662
f 5261 5662 5262
f 5262 5662 5663
f 5262 5663 5263
f 5263 5663 5664
f 5263 5664 5264
f 5264 5664 5665
f 5264 5665 5265
f 5265 5665 5666
f 5265 5666 5266
f 5266 5666 5667
f 5266 5667 5267
f 5267 5667 5668
f 5267 5668 5268
f 5268 5668 5669
f 5268 5669 5269
f 5269 5669 5670
f 5269 5670 5270
f 5270 5670 5671
f 5270 5671 5271
f 5271 5671 5672
f 5271 5672 5272
f 5272 5672 5673
f 5272 5673 5273
f 5273 5673 5674
f 5273 5674 5274
f 5274 5674 5675
f 5274 5675 5275
f 5275 5675 5676
f 5275 5676 5276
f 5276 5676 5677
f 5276 5677 5277
f 5277 5677 5678
f 5277 5678 5278
f 5278 5678 5679
f 5278 5679 5279
f 5279 5679 5680
f 5279 5680 5280
f 5280 5680 5681
f 5280 5681 5281
f 5281 5681 5682
f 5281 5682 5282
f 5282 5682 5683
f 5282 5683 5283
f 5283 5683 5684
f 5283 5684 5284
f 5284 5684 5685
f 5284 5685 5285
f 5285 5685 5686
f 5285 5686 5286
f 5286 5686 5687
f 5286 5687 5287
f 5287 5687 5688
f 5287 5688 5288
f 5288 5688 5689
f 5288 5689 5289
f 5289 5689 5690
f 5289 5690 5290
f 5290 5690 5691
f 5290 5691 5291
f 5291 5691 5692
f 5291 5692 5292
f 5292 5692 5693
f 5292 5693 5293
f 5293 5693 5694
f 5293 5694 5294
f 5294 5694 5695
f 5294 5695 5295
f 5295 5695 5696
f 5295 5696 5296
f 5296 5696 5697
f 5296 5697 5297
f 5297 5697 5698
f 5297 5698 5298
f 5298 5698 5699
f 5298 5699 5299
f 5299 5699 5700
f 5299 5700 5300
f 5300 5700 5701
f 5300 5701 5301
f 5301 5701 5702
f 5301 5702 5302
f 5302 5702 5703
f 5302 5703 5303
f 5303 5703 5704
f 5303 5704 5304
f 5304 5704 5705
f 5304 5705 5305
f 5305 5705 5706
f 5305 5706 5306
f 5306 5706 5707
f 5306 5707 5307
f 5307 5707 5708
f 5307 5708 5308
f 5308 5708 5709
f 5308 5709 5309
f 5309 5709 5710
f 5309 5710 5310
f 5310 5710 5711
f 5310 5711 5311
f 5311 5711 5712
f 5311 5712 5312
f 5312 5712 5713
f 5312 5713 5313
f 5313 5713 5714
f 5313 5714 5314
f 5314 5714 5715
f 5314 5715 5315
f 5315 5715 5716
f 5315 5716 5316
f 5316 5716 5717
f 5316 5717 5317
f 5317 5717 5718
f 5317 5718 5318
f 5318 5718 5719
f 5318 5719 5319
f 5319 5719 5720
f 5319 5720 5320
f 5320 5720 5721
f 5320 5721 5321
f 5321 5721 5722
f 5321 5722 5322
f 5322 5722 5723
f 5322 5723 5323
f 5323 5723 5724
f 5323 5724 5324
f 5324 5724 5725
f 5324 5725 5325
f 5325 5725 5726
f 5325 5726 5326
f 5326 5726 5727
f 5326 5727 5327
f 5327 5727 5728
f 5327 5728 5328
f 5328 5728 5729
f 5328 5729 5329
f 5329 5729 5730
f 5329 5730 5330
f 5330 5730 5731
f 5330 5731 5331
f 5331 5731 5732
f 5331 5732 5332
f 5332 5732 5733
f 5332 5733 5333
f 5333 5733 5734
f 5333 5734 5334
f 5334 5734 5735
f 5334 5735 5335
f 5335 5735 5736
f 5335 5736 5336
f 5336 5736 5737
f 5336 5737 5337
f 5337 5737 5738
f 5337 5738 5338
f 5338 5738 5739
f 5338 5739 5339
f 5339 5739 5740
f 5339 5740 5340
f 5340 5740 5741
f 5340 5741 5341
f 5341 5741 5742
f 5341 5742 5342
f 5342 5742 5743
f 5342 5743 5343
f 5343 5743 5744
f 5343 5744 5344
f 5344 5744 5745
f 5344 5745 5345
f 5345 5745 5746
f 5345 5746 5346
f 5346 5746 5747
f 5346 5747 5347
f 5347 5747 5748
f 5347 5748 5348
f 5348 5748 5749
f 5348 5749 5349
f 5349 5749 5750
f 5349 5750 5350
f 5350 5750 5751
f 5350 5751 5351
f 5351 5751 5752
f 5351 5752 5352
f 5352 5752 5753
f 5352 5753 5353
f 5353 5753 5754
f 5353 5754 5354
f 5354 5754 5755
f 5354 5755 5355
f 5355 5755 5756
f 5355 5756 5356
f 5356 5756 5757
f 5356 5757 5357
f 5357 5757 5758
f 5357 5758 5358
f 5358 5758 5759
f 5358 5759 5359
f 5359 5759 5760
f 5359 5760 5360
f 5360 5760 5761
f 5360 5761 5361
f 5361 5761 5762
f 5361 5762 5362
f 5362 5762 5763
f 5362 5763 5363
f 5363 5763 5764
f 5363 5764 5364
f 5364 5764 5765
f 5364 5765 5365
f 5365 5765 5766
f 5365 5766 5366
f 5366 5766 5767
f 5366 5767 5367
f 5367 5767 5768
f 5367 5768 5368
f 5368 5768 5769
f 5368 5769 5369
f 5369 5769 5770
f 5369 5770 5370
f 5370 5770 5771
f 5370 5771 5371
f 5371 5771 5772
f 5371 5772 5372
f 5372 5772 5773
f 5372 5773 5373
f 5373 5773 5774
f 5373 5774 5374
f 5374 5774 5775
f 5374 5775 5375
f 5375 5775 5776
f 5375 5776 5376
f 5376 5776 5777
f 5376 5777 5377
f 5377 5777 5778
f 5377 5778 5378
f 5378 5778 5779
f 5378 5779 5379
f 5379 5779 5780
f 5379 5780 5380
f 5380 5780 5781
f 5380 5781 5381
f 5381 5781 5782
f 5381 5782 5382
f 5382 5782 5783
f 5382 5783 5383
f 5383 5783 5784
f 5383 5784 5384
f 5384 5784 5785
f 5384 5785 5385
f 5385 5785 5786
f 5385 5786 5386
f 5386 5786 5787
f 5386 5787 5387
f 5387 5787 5788
f 5387 5788 5388
f 5388 5788 5789
f 5388 5789 5389
f 5389 5789 5790
f 5389 5790 5390
f 5390 5790 5791
f 5390 5791 5391
f 5391 5791 5792
f 5391 5792 5392
f 5392 5792 5793
f 5392 5793 5393
f 5393 5793 5794
f 5393 5794 5394
f 5394 5794 5795
f 5394 5795 5395
f 5395 5795 5796
f 5395 5796 5396
f 5396 5796 5797
f 5396 5797 5397
f 5397 5797 5798
f 5397 5798 5398
f 5398 5798 5799
f 5398 5799 5399
f 5399 5799 5800
f 5399 5800 5400
f 5400 5800 5801
f 5400 5801 5401
f 5401 5801 5802
f 5401 5802 5402
f 5402 5802 5803
f 5402 5803 5403
f 5403 5803 5804
f 5403 5804 5404
f 5404 5804 5805
f 5404 5805 5405
f 5405 5805 5806
f 5405 5806 5406
f 5406 5806 5807
f 5406 5807 5407
f 5407 5807 5808
f 5407 5808 5408
f 5408 5808 5809
f 5408 5809 5409
f 5409 5809 5810
f 5409 5810 5410
f 5410 5810 5811
f 5410 5811 5411
f 5411 5811 5812
f 5411 5812 5412
f 5412 5812 5813
f 5412 5813 5413
f 5413 5813 5814
f 5413 5814 5414
f 5414 5814 5815
f 5414 5815 5415
f 5415 5815 5816
f 5415 5816 5416
f 5416 5816 5817
f 5416 5817 5417
f 5417 5817 5818
f 5417 5818 5418
f 5418 5818 5819
f 5418 5819 5419
f 5419 5819 5820
f 5419 5820 5420
f 5420 5820 5821
f 5420 5821 5421
f 5421 5821 5822
f 5421 5822 5422
f 5422 5822 5823
f 5422 5823 5423
f 5423 5823 5824
f 5423 5824 5424
f 5424 5824 5825
f 5424 5825 5425
f 5425 5825 5826
f 5425 5826 5426
f 5426 5826 5827
f 5426 5827 5427
f 5427 5827 5828
f 5427 5828 5428
f 5428 5828 5829
f 5428 5829 5429
f 5429 5829 5830
f 5429 5830 5430
f 5430 5830 5831
f 5430 5831 5431
f 5431 5831 5832
f 5431 5832 5432
f 5432 5832 5833
f 5432 5833 5433
f 5433 5833 5834
f 5433 5834 5434
f 5434 5834 5835
f 5434 5835 5435
f 5435 5835 5836
f 5435 5836 5436
f 5436 5836 5837
f 5436 5837 5437
f 5437 5837 5838
f 5437 5838 5438
f 5438 5838 5839
f 5438 5839 5439
f 5439 5839 5840
f 5439 5840 5440
f 5440 5840 5841
f 5440 5841 5441
f 5441 5841 5842
f 5441 5842 5442
f 5442 5842 5843
f 5442 5843 5443
f 5443 5843 5844
f 5443 5844 5444
f 5444 5844 5845
f 5444 5845 5445
f 5445 5845 5846
f 5445 5846 5446
f 5446 5846 5847
f 5446 5847 5447
f 5447 5847 5848
f 5447 5848 5448
f 5448 5848 5849
f 5448 5849 5449
f 5449 5849 5850
f 5449 5850 5450
f 5450 5850 5851
f 5450 5851 5451
f 5451 5851 5852
f 5451 5852 5452
f 5452 5852 5853
f 5452 5853 5453
f 5453 5853 5854
f 5453 5854 5454
f 5454 5854 5855
f 5454 5855 5455
f 5455 5855 5856
f 5455 5856 5456
f 5456 5856 5857
f 5456 5857 5457
f 5457 5857 5858
f 5457 5858 5458
f 5458 5858 5859
f 5458 5859 5459
f 5459 5859 5860
f 5459 5860 5460
f 5460 5860 5861
f 5460 5861 5461
f 5461 5861 5862
f 5461 5862 5462
f 5462 5862 5863
f 5462 5863 5463
f 5463 5863 5864
f 5463 5864 5464
f 5464 5864 5865
f 5464 5865 5465
f 5465 5865 5866
f 5465 5866 5466
f 5466 5866 5867
f 5466 5867 5467
f 5467 5867 5868
f 5467 5868 5468
f 5468 5868 5869
f 5468 5869 5469
f 5469 5869 5870
f 5469 5870 5470
f 5470 5870 5871
f 5470 5871 5471
f 5471 5871 5872
f 5471 5872 5472
f 5472 5872 5873
f 5472 5873 5473
f 5473 5873 5874
f 5473 5874 5474
f 5474 5874 5875
f 5474 5875 5475
f 5475 5875 5876
f 5475 5876 5476
f 5476 5876 5877
f 5476 5877 5477
f 5477 5877 5878
f 5477 5878 5478
f 5478 5878 5879
f 5478 5879 5479
f 5479 5879 5880
f 5479 5880 5480
f 5480 5880 5881
f 5480 5881 5481
f 5481 5881 5882
f 5481 5882 5482
f 5482 5882 5883
f 5482 5883 5483
f 5483 5883 5884
f 5483 5884 5484
f 5484 5884 5885
f 5484 5885 5485
f 5485 5885 5886
f 5485 5886 5486
f 5486 5886 5887
f 5486 5887 5487
f 5487 5887 5888
f 5487 5888 5488
f 5488 5888 5889
f 5488 5889 5489
f 5489 5889 5890
f 5489 5890 5490
f 5490 5890 5891
f 5490 5891 5491
f 5491 5891 5892
f 5491 5892 5492
f 5492 5892 5893
f 5492 5893 5493
f 5493 5893 5894
f 5493 5894 5494
f 5494 5894 5895
f 5494 5895 5495
f 5495 5895 5896
f 5495 5896 5496
f 5496 5896 5897
f 5496 5897 5497
f 5497 5897 5898
f 5497 5898 5498
f 5498 5898 5899
f 5498 5899 5499
f 5499 5899 5900
f 5499 5900 5500
f 5500 5900 5901
f 5500 5901 5501
f 5501 5901 5902
f 5501 5902 5502
f 5502 5902 5903
f 5502 5903 5503
f 5503 5903 5904
f 5503 5904 5504
f 5504 5904 5905
f 5504 5905 5505
f 5505 5905 5906
f 5505 5906 5506
f 5506 5906 5907
f 5506 5907 5507
f 5507 5907 5908
f 5507 5908 5508
f 5508 5908 5909
f 5508 5909 5509
f 5509 5909 5910
f 5509 5910 5510
f 5510 5910 5911
f 5510 5911 5511
f 5511 5911 5912
f 5511 5912 5512
f 5512 5912 5913
f 5512 5913 5513
f 5513 5913 5914
f 5513 5914 5514
f 5514 5914 5915
f 5514 5915 5515
f 5515 5915 5916
f 5515 5916 5516
f 5516 5916 5917
f 5516 5917 5517
f 5517 5917 5918
f 5517 5918 5518
f 5518 5918 5919
f 5518 5919 5519
f 5519 5919 5920
f 5519 5920 5520
f 5520 5920 5921
f 5520 5921 5521
f 5521 5921 5922
f 5521 5922 5522
f 5522 5922 5923
f 5522 5923 5523
f 5523 5923 5924
f 5523 5924 5524
f 5524 5924 5925
f 5524 5925 5525
f 5525 5925 5926
f 5525 5926 5526
f 5526 5926 5927
f 5526 5927 5527
f 5527 5927 5928
f 5527 5928 5528
f 5528 5928 5929
f 5528 5929 5529
f 5529 5929 5930
f 5529 5930 5530
f 5530 5930 5931
f 5530 5931 5531
f 5531 5931 5932
f 5531 5932 5532
f 5532 5932 5933
f 5532 5933 5533
f 5533 5933 5934
f 5533 5934 5534
f 5534 5934 5935
f 5534 5935 5535
f 5535 5935 5936
f 5535 5936 5536
f 5536 5936 5937
f 5536 5937 5537
f 5537 5937 5938
f 5537 5938 5538
f 5538 5938 5939
f 5538 5939 5539
f 5539 5939 5940
f 5539 5940 5540
f 5540 5940 5941
f 5540 5941 5541
f 5541 5941 5942
f 5541 5942 5542
f 5542 5942 5943
f 5542 5943 5543
f 5543 5943 5944
f 5543 5944 5544
f 5544 5944 5945
f 5544 5945 5545
f 5545 5945 5946
f 5545 5946 5546
f 5546 5946 5947
f 5546 5947 5547
f 5547 5947 5948
f 5547 5948 5548
f 5548 5948 5949
f 5548 5949 5549
f 5549 5949 5950
f 5549 5950 5550
f 5550 5950 5951
f 5550 5951 5551
f 5551 5951 5952
f 5551 5952 5552
f 5552 5952 5953
f 5552 5953 5553
f 5553 5953 5954
f 5553 5954 5554
f 5554 5954 5955
f 5554 5955 5555
f 5555 5955 5956
f 5555 5956 5556
f 5556 5956 5957
f 5556 5957 5557
f 5557 5957 5958
f 5557 5958 5558
f 5558 5958 5959
f 5558 5959 5559
f 5559 5959 5960
f 5559 5960 5560
f 5560 5960 5961
f 5560 5961 5561
f 5561 5961 5962
f 5561 5962 5562
f 5562 5962 5963
f 5562 5963 5563
f 5563 5963 5964
f 5563 5964 5564
f 5564 5964 5965
f 5564 5965 5565
f 5565 5965 5966
f 5565 5966 5566
f 5566 5966 5967
f 5566 5967 5567
f 5567 5967 5968
f 5567 5968 5568
f 5568 5968 5969
f 5568 5969 5569
f 5569 5969 5970
f 5569 5970 5570
f 5570 5970 5971
f 5570 5971 5571
f 5571 5971 5972
f 5571 5972 5572
f 5572 5972 5973
f 5572 5973 5573
f 5573 5973 5974
f 5573 5974 5574
f 5574 5974 5975
f 5574 5975 5575
f 5575 5975 5976
f 5575 5976 5576
f 5576 5976 5977
f 5576 5977 5577
f 5577 5977 5978
f 5577 5978 5578
f 5578 5978 5979
f 5578 5979 5579
f 5579 5979 5980
f 5579 5980 5580
f 5580 5980 5981
f 5580 5981 5581
f 5581 5981 5982
f 5581 5982 5582
f 5582 5982 5983
f 5582 5983 5583
f 5583 5983 5984
f 5583 5984 5584
f 5584 5984 5985
f 5584 5985 5585
f 5585 5985 5986
f 5585 5986 5586
f 5586 5986 5987
f 5586 5987 5587
f 5587 5987 5988
f 5587 5988 5588
f 5588 5988 5989
f 5588 5989 5589
f 5589 5989 5990
f 5589 5990 5590
f 5590 5990 5991
f 5590 5991 5591
f 5591 5991 5992
f 5591 5992 5592
f 5592 5992 5993
f 5592 5993 5593
f 5593 5993 5994
f 5593 5994 5594
f 5594 5994 5995
f 5594 5995 5595
f 5595 5995 5996
f 5595 5996 5596
f 5596 5996 5997
f 5596 5997 5597
f 5597 5997 5998
f 5597 5998 5598
f 5598 5998 5999
f 5598 5999 5599
f 5599 5999 6000
f 5599 6000 5600
