X_warped,Y_warped,Z_m,u,timestamp,clip_name
-13581929.508167489,4434053.492330163,1.9861953333333333,0.0,2024-01-11 18:00:46+00:00,walton_lighthouse-2024-01-11-180046Z
-13581928.06945628,4434051.659102895,1.9861953333333333,0.002506265664160401,2024-01-11 18:00:46+00:00,walton_lighthouse-2024-01-11-180046Z
-13581926.63074506,4434049.825875635,1.9861953333333333,0.005012531328320802,2024-01-11 18:00:46+00:00,walton_lighthouse-2024-01-11-180046Z
-13581925.192033818,4434047.992648379,1.9861953333333333,0.007518796992481203,2024-01-11 18:00:46+00:00,walton_lighthouse-2024-01-11-180046Z
-13581923.374446398,4434047.42380448,1.9861953333333333,0.010025062656641603,2024-01-11 18:00:46+00:00,walton_lighthouse-2024-01-11-180046Z
-13581921.540722707,4434046.90881055,1.9861953333333333,0.012531328320802004,2024-01-11 18:00:46+00:00,walton_lighthouse-2024-01-11-180046Z
-13581919.706998976,4434046.39381661,1.9861953333333333,0.015037593984962405,2024-01-11 18:00:46+00:00,walton_lighthouse-2024-01-11-180046Z
-13581917.87327524,4434045.878822665,1.9861953333333333,0.017543859649122806,2024-01-11 18:00:46+00:00,walton_lighthouse-2024-01-11-180046Z
-13581916.039551515,4434045.363828725,1.9861953333333333,0.020050125313283207,2024-01-11 18:00:46+00:00,walton_lighthouse-2024-01-11-180046Z
-13581914.205827815,4434044.848834792,1.9861953333333333,0.022556390977443608,2024-01-11 18:00:46+00:00,walton_lighthouse-2024-01-11-180046Z
-13581912.372104108,4434044.333840859,1.9861953333333333,0.02506265664160401,2024-01-11 18:00:46+00:00,walton_lighthouse-2024-01-11-180046Z
-13581910.763531968,4434043.06747232,1.9861953333333333,0.02756892230576441,2024-01-11 18:00:46+00:00,walton_lighthouse-2024-01-11-180046Z
-13581909.319966968,4434041.250443072,1.9861953333333333,0.03007518796992481,2024-01-11 18:00:46+00:00,walton_lighthouse-2024-01-11-180046Z
-13581907.876401989,4434039.433413814,1.9861953333333333,0.03258145363408521,2024-01-11 18:00:46+00:00,walton_lighthouse-2024-01-11-180046Z
-13581906.078036254,4434038.800423423,1.9861953333333333,0.03508771929824561,2024-01-11 18:00:46+00:00,walton_lighthouse-2024-01-11-180046Z
-13581904.241855904,4434038.293627703,1.9861953333333333,0.03759398496240601,2024-01-11 18:00:46+00:00,walton_lighthouse-2024-01-11-180046Z
-13581902.405675553,4434037.7868319815,1.9861953333333333,0.040100250626566414,2024-01-11 18:00:46+00:00,walton_lighthouse-2024-01-11-180046Z
-13581900.56949523,4434037.280036269,1.9861953333333333,0.042606516290726815,2024-01-11 18:00:46+00:00,walton_lighthouse-2024-01-11-180046Z
-13581898.733314889,4434036.773240552,1.9861953333333333,0.045112781954887216,2024-01-11 18:00:46+00:00,walton_lighthouse-2024-01-11-180046Z
-13581896.897134531,4434036.266444827,1.9861953333333333,0.047619047619047616,2024-01-11 18:00:46+00:00,walton_lighthouse-2024-01-11-180046Z
-13581895.060954202,4434035.759649113,1.9861953333333333,0.05012531328320802,2024-01-11 18:00:46+00:00,walton_lighthouse-2024-01-11-180046Z
-13581893.528142417,4434034.240453717,1.9861953333333333,0.05263157894736842,2024-01-11 18:00:46+00:00,walton_lighthouse-2024-01-11-180046Z
-13581892.079997797,4434032.438707539,1.9861953333333333,0.05513784461152882,2024-01-11 18:00:46+00:00,walton_lighthouse-2024-01-11-180046Z
-13581890.402382549,4434031.402749291,1.9861953333333333,0.05764411027568922,2024-01-11 18:00:46+00:00,walton_lighthouse-2024-01-11-180046Z
-13581888.56415252,4434030.902793777,1.9861953333333333,0.06015037593984962,2024-01-11 18:00:46+00:00,walton_lighthouse-2024-01-11-180046Z
-13581886.72592252,4434030.402838274,1.9861953333333333,0.06265664160401002,2024-01-11 18:00:46+00:00,walton_lighthouse-2024-01-11-180046Z
-13581884.88769248,4434029.902882759,1.9861953333333333,0.06516290726817042,2024-01-11 18:00:46+00:00,walton_lighthouse-2024-01-11-180046Z
-13581883.049462434,4434029.40292724,1.9861953333333333,0.06766917293233082,2024-01-11 18:00:46+00:00,walton_lighthouse-2024-01-11-180046Z
-13581881.211232403,4434028.902971728,1.9861953333333333,0.07017543859649122,2024-01-11 18:00:46+00:00,walton_lighthouse-2024-01-11-180046Z
-13581879.373002397,4434028.40301622,1.9861953333333333,0.07268170426065163,2024-01-11 18:00:46+00:00,walton_lighthouse-2024-01-11-180046Z
-13581877.809948158,4434026.98474576,1.9861953333333333,0.07518796992481203,2024-01-11 18:00:46+00:00,walton_lighthouse-2024-01-11-180046Z
-13581876.35747546,4434025.197443113,1.9861953333333333,0.07769423558897243,2024-01-11 18:00:46+00:00,walton_lighthouse-2024-01-11-180046Z
-13581874.704758076,4434024.078395999,1.9861953333333333,0.08020050125313283,2024-01-11 18:00:46+00:00,walton_lighthouse-2024-01-11-180046Z
-13581872.864441572,4434023.585403457,1.9861953333333333,0.08270676691729323,2024-01-11 18:00:46+00:00,walton_lighthouse-2024-01-11-180046Z
-13581871.024125054,4434023.092410908,1.9861953333333333,0.08521303258145363,2024-01-11 18:00:46+00:00,walton_lighthouse-2024-01-11-180046Z
-13581869.18380856,4434022.599418368,1.9861953333333333,0.08771929824561403,2024-01-11 18:00:46+00:00,walton_lighthouse-2024-01-11-180046Z
-13581867.343492065,4434022.106425827,1.9861953333333333,0.09022556390977443,2024-01-11 18:00:46+00:00,walton_lighthouse-2024-01-11-180046Z
-13581865.503175562,4434021.613433286,1.9861953333333333,0.09273182957393483,2024-01-11 18:00:46+00:00,walton_lighthouse-2024-01-11-180046Z
-13581863.66285904,4434021.120440736,1.9861953333333333,0.09523809523809523,2024-01-11 18:00:46+00:00,walton_lighthouse-2024-01-11-180046Z
-13581862.1594792,4434019.503025212,1.9861953333333333,0.09774436090225563,2024-01-11 18:00:46+00:00,walton_lighthouse-2024-01-11-180046Z
-13581860.702909924,4434017.729393841,1.9861953333333333,0.10025062656641603,2024-01-11 18:00:46+00:00,walton_lighthouse-2024-01-11-180046Z
-13581858.984565947,4434016.829355282,1.9861953333333333,0.10275689223057644,2024-01-11 18:00:46+00:00,walton_lighthouse-2024-01-11-180046Z
-13581857.14212517,4434016.343451798,1.9861953333333333,0.10526315789473684,2024-01-11 18:00:46+00:00,walton_lighthouse-2024-01-11-180046Z
-13581855.299684407,4434015.857548321,1.9861953333333333,0.10776942355889724,2024-01-11 18:00:46+00:00,walton_lighthouse-2024-01-11-180046Z
-13581853.457243662,4434015.371644849,1.9861953333333333,0.11027568922305764,2024-01-11 18:00:46+00:00,walton_lighthouse-2024-01-11-180046Z
-13581851.61480291,4434014.885741376,1.9861953333333333,0.11278195488721804,2024-01-11 18:00:46+00:00,walton_lighthouse-2024-01-11-180046Z
-13581849.77236212,4434014.399837891,1.9861953333333333,0.11528822055137844,2024-01-11 18:00:46+00:00,walton_lighthouse-2024-01-11-180046Z
-13581848.031898268,4434013.573617694,1.9861953333333333,0.11779448621553884,2024-01-11 18:00:46+00:00,walton_lighthouse-2024-01-11-180046Z
-13581846.460217146,4434012.184136838,1.9861953333333333,0.12030075187969924,2024-01-11 18:00:46+00:00,walton_lighthouse-2024-01-11-180046Z
-13581844.616819872,4434011.701425432,1.9861953333333333,0.12280701754385964,2024-01-11 18:00:46+00:00,walton_lighthouse-2024-01-11-180046Z
-13581842.77342259,4434011.218714023,1.9861953333333333,0.12531328320802004,2024-01-11 18:00:46+00:00,walton_lighthouse-2024-01-11-180046Z
-13581840.930025302,4434010.736002613,1.9861953333333333,0.12781954887218044,2024-01-11 18:00:46+00:00,walton_lighthouse-2024-01-11-180046Z
-13581839.086628044,4434010.253291211,1.9861953333333333,0.13032581453634084,2024-01-11 18:00:46+00:00,walton_lighthouse-2024-01-11-180046Z
-13581837.243230768,4434009.770579806,1.9861953333333333,0.13283208020050125,2024-01-11 18:00:46+00:00,walton_lighthouse-2024-01-11-180046Z
-13581835.433511011,4434009.175479933,1.9861953333333333,0.13533834586466165,2024-01-11 18:00:46+00:00,walton_lighthouse-2024-01-11-180046Z
-13581833.969372155,4434007.427109651,1.9861953333333333,0.13784461152882205,2024-01-11 18:00:46+00:00,walton_lighthouse-2024-01-11-180046Z
-13581832.266231246,4434006.476335574,1.9861953333333333,0.14035087719298245,2024-01-11 18:00:46+00:00,walton_lighthouse-2024-01-11-180046Z
-13581830.421384618,4434005.998460941,1.9861953333333333,0.14285714285714285,2024-01-11 18:00:46+00:00,walton_lighthouse-2024-01-11-180046Z
-13581828.576537972,4434005.520586301,1.9861953333333333,0.14536340852130325,2024-01-11 18:00:46+00:00,walton_lighthouse-2024-01-11-180046Z
-13581826.731691346,4434005.042711665,1.9861953333333333,0.14786967418546365,2024-01-11 18:00:46+00:00,walton_lighthouse-2024-01-11-180046Z
-13581824.88684474,4434004.564837039,1.9861953333333333,0.15037593984962405,2024-01-11 18:00:46+00:00,walton_lighthouse-2024-01-11-180046Z
-13581823.0419981,4434004.086962403,1.9861953333333333,0.15288220551378445,2024-01-11 18:00:46+00:00,walton_lighthouse-2024-01-11-180046Z
-13581821.4347136,4434002.816296825,1.9861953333333333,0.15538847117794485,2024-01-11 18:00:46+00:00,walton_lighthouse-2024-01-11-180046Z
-13581819.96707097,4434001.079619345,1.9861953333333333,0.15789473684210525,2024-01-11 18:00:46+00:00,walton_lighthouse-2024-01-11-180046Z
-13581818.332353665,4433999.90050241,1.9861953333333333,0.16040100250626566,2024-01-11 18:00:46+00:00,walton_lighthouse-2024-01-11-180046Z
-13581816.485299552,4433999.429994552,1.9861953333333333,0.16290726817042606,2024-01-11 18:00:46+00:00,walton_lighthouse-2024-01-11-180046Z
-13581814.638245435,4433998.959486694,1.9861953333333333,0.16541353383458646,2024-01-11 18:00:46+00:00,walton_lighthouse-2024-01-11-180046Z
-13581812.791191349,4433998.488978843,1.9861953333333333,0.16791979949874686,2024-01-11 18:00:46+00:00,walton_lighthouse-2024-01-11-180046Z
-13581810.94413724,4433998.01847099,1.9861953333333333,0.17042606516290726,2024-01-11 18:00:46+00:00,walton_lighthouse-2024-01-11-180046Z
-13581809.097083122,4433997.547963128,1.9861953333333333,0.17293233082706766,2024-01-11 18:00:46+00:00,walton_lighthouse-2024-01-11-180046Z
-13581807.491608584,4433996.271257429,1.9861953333333333,0.17543859649122806,2024-01-11 18:00:46+00:00,walton_lighthouse-2024-01-11-180046Z
-13581806.02063139,4433994.545708001,1.9861953333333333,0.17794486215538846,2024-01-11 18:00:46+00:00,walton_lighthouse-2024-01-11-180046Z
-13581804.28607893,4433993.699760342,1.9861953333333333,0.18045112781954886,2024-01-11 18:00:46+00:00,walton_lighthouse-2024-01-11-180046Z
-13581802.437028108,4433993.235915856,1.9861953333333333,0.18295739348370926,2024-01-11 18:00:46+00:00,walton_lighthouse-2024-01-11-180046Z
-13581800.587977303,4433992.772071376,1.9861953333333333,0.18546365914786966,2024-01-11 18:00:46+00:00,walton_lighthouse-2024-01-11-180046Z
-13581798.73892652,4433992.308226904,1.9861953333333333,0.18796992481203006,2024-01-11 18:00:46+00:00,walton_lighthouse-2024-01-11-180046Z
-13581796.889875704,4433991.844382423,1.9861953333333333,0.19047619047619047,2024-01-11 18:00:46+00:00,walton_lighthouse-2024-01-11-180046Z
-13581795.074410636,4433991.268455773,1.9861953333333333,0.19298245614035087,2024-01-11 18:00:46+00:00,walton_lighthouse-2024-01-11-180046Z
-13581793.600256149,4433989.553509576,1.9861953333333333,0.19548872180451127,2024-01-11 18:00:46+00:00,walton_lighthouse-2024-01-11-180046Z
-13581792.070854088,4433988.02293529,1.9861953333333333,0.19799498746867167,2024-01-11 18:00:46+00:00,walton_lighthouse-2024-01-11-180046Z
-13581790.219773274,4433987.56586537,1.9861953333333333,0.20050125313283207,2024-01-11 18:00:46+00:00,walton_lighthouse-2024-01-11-180046Z
-13581788.368692428,4433987.108795439,1.9861953333333333,0.20300751879699247,2024-01-11 18:00:46+00:00,walton_lighthouse-2024-01-11-180046Z
-13581786.517611608,4433986.651725515,1.9861953333333333,0.20551378446115287,2024-01-11 18:00:46+00:00,walton_lighthouse-2024-01-11-180046Z
-13581784.6665308,4433986.194655596,1.9861953333333333,0.20802005012531327,2024-01-11 18:00:46+00:00,walton_lighthouse-2024-01-11-180046Z
-13581782.81544998,4433985.737585673,1.9861953333333333,0.21052631578947367,2024-01-11 18:00:46+00:00,walton_lighthouse-2024-01-11-180046Z
-13581781.234264985,4433984.379821013,1.9861953333333333,0.21303258145363407,2024-01-11 18:00:46+00:00,walton_lighthouse-2024-01-11-180046Z
-13581779.656595226,4433983.01032531,1.9861953333333333,0.21553884711779447,2024-01-11 18:00:46+00:00,walton_lighthouse-2024-01-11-180046Z
-13581777.80396954,4433982.558410955,1.9861953333333333,0.21804511278195488,2024-01-11 18:00:46+00:00,walton_lighthouse-2024-01-11-180046Z
-13581775.951343836,4433982.106496596,1.9861953333333333,0.22055137844611528,2024-01-11 18:00:46+00:00,walton_lighthouse-2024-01-11-180046Z
-13581774.098718122,4433981.65458223,1.9861953333333333,0.22305764411027568,2024-01-11 18:00:46+00:00,walton_lighthouse-2024-01-11-180046Z
-13581772.24609243,4433981.202667872,1.9861953333333333,0.22556390977443608,2024-01-11 18:00:46+00:00,walton_lighthouse-2024-01-11-180046Z
-13581770.39906369,4433980.732075384,1.9861953333333333,0.22807017543859648,2024-01-11 18:00:46+00:00,walton_lighthouse-2024-01-11-180046Z
-13581768.91898391,4433979.036903032,1.9861953333333333,0.23057644110275688,2024-01-11 18:00:46+00:00,walton_lighthouse-2024-01-11-180046Z
-13581767.408724727,4433977.442445144,1.9861953333333333,0.23308270676691728,2024-01-11 18:00:46+00:00,walton_lighthouse-2024-01-11-180046Z
-13581765.554008683,4433976.997506714,1.9861953333333333,0.23558897243107768,2024-01-11 18:00:46+00:00,walton_lighthouse-2024-01-11-180046Z
-13581763.699292634,4433976.552568285,1.9861953333333333,0.23809523809523808,2024-01-11 18:00:46+00:00,walton_lighthouse-2024-01-11-180046Z
-13581761.844576553,4433976.107629844,1.9861953333333333,0.24060150375939848,2024-01-11 18:00:46+00:00,walton_lighthouse-2024-01-11-180046Z
-13581759.989860496,4433975.66269141,1.9861953333333333,0.24310776942355888,2024-01-11 18:00:46+00:00,walton_lighthouse-2024-01-11-180046Z
-13581758.224747911,4433974.918728853,1.9861953333333333,0.24561403508771928,2024-01-11 18:00:46+00:00,walton_lighthouse-2024-01-11-180046Z
-13581756.651062608,4433973.535936289,1.9861953333333333,0.24812030075187969,2024-01-11 18:00:46+00:00,walton_lighthouse-2024-01-11-180046Z
-13581754.963013727,4433972.53479711,1.9861953333333333,0.2506265664160401,2024-01-11 18:00:46+00:00,walton_lighthouse-2024-01-11-180046Z
-13581753.106706526,4433972.095168633,1.9861953333333333,0.2531328320802005,2024-01-11 18:00:46+00:00,walton_lighthouse-2024-01-11-180046Z
-13581751.250399344,4433971.655540166,1.9861953333333333,0.2556390977443609,2024-01-11 18:00:46+00:00,walton_lighthouse-2024-01-11-180046Z
-13581749.394092131,4433971.215911689,1.9861953333333333,0.2581453634085213,2024-01-11 18:00:46+00:00,walton_lighthouse-2024-01-11-180046Z
-13581747.537784915,4433970.776283208,1.9861953333333333,0.2606516290726817,2024-01-11 18:00:46+00:00,walton_lighthouse-2024-01-11-180046Z
-13581745.912933871,4433969.564240638,1.9861953333333333,0.2631578947368421,2024-01-11 18:00:46+00:00,walton_lighthouse-2024-01-11-180046Z
-13581744.427439537,4433967.887137763,1.9861953333333333,0.2656641604010025,2024-01-11 18:00:46+00:00,walton_lighthouse-2024-01-11-180046Z
-13581742.591283591,4433967.380260651,1.9861953333333333,0.2681704260651629,2024-01-11 18:00:46+00:00,walton_lighthouse-2024-01-11-180046Z
-13581740.73309414,4433966.946913533,1.9861953333333333,0.2706766917293233,2024-01-11 18:00:46+00:00,walton_lighthouse-2024-01-11-180046Z
-13581738.874904707,4433966.513566422,1.9861953333333333,0.2731829573934837,2024-01-11 18:00:46+00:00,walton_lighthouse-2024-01-11-180046Z
-13581737.016715286,4433966.080219317,1.9861953333333333,0.2756892230576441,2024-01-11 18:00:46+00:00,walton_lighthouse-2024-01-11-180046Z
-13581735.221372103,4433965.437142087,1.9861953333333333,0.2781954887218045,2024-01-11 18:00:46+00:00,walton_lighthouse-2024-01-11-180046Z
-13581733.733341776,4433963.768502235,1.9861953333333333,0.2807017543859649,2024-01-11 18:00:46+00:00,walton_lighthouse-2024-01-11-180046Z
-13581731.8843173,4433963.304569855,1.9861953333333333,0.2832080200501253,2024-01-11 18:00:46+00:00,walton_lighthouse-2024-01-11-180046Z
-13581730.024766026,4433962.875767523,1.9861953333333333,0.2857142857142857,2024-01-11 18:00:46+00:00,walton_lighthouse-2024-01-11-180046Z
-13581728.165214738,4433962.446965189,1.9861953333333333,0.2882205513784461,2024-01-11 18:00:46+00:00,walton_lighthouse-2024-01-11-180046Z
-13581726.30566344,4433962.018162848,1.9861953333333333,0.2907268170426065,2024-01-11 18:00:46+00:00,walton_lighthouse-2024-01-11-180046Z
-13581724.573491331,4433961.164271508,1.9861953333333333,0.2932330827067669,2024-01-11 18:00:46+00:00,walton_lighthouse-2024-01-11-180046Z
-13581723.026644168,4433959.691914877,1.9861953333333333,0.2957393483709273,2024-01-11 18:00:46+00:00,walton_lighthouse-2024-01-11-180046Z
-13581721.165716255,4433959.267706613,1.9861953333333333,0.2982456140350877,2024-01-11 18:00:46+00:00,walton_lighthouse-2024-01-11-180046Z
-13581719.304788329,4433958.843498343,1.9861953333333333,0.3007518796992481,2024-01-11 18:00:46+00:00,walton_lighthouse-2024-01-11-180046Z
-13581717.443860414,4433958.419290077,1.9861953333333333,0.3032581453634085,2024-01-11 18:00:46+00:00,walton_lighthouse-2024-01-11-180046Z
-13581715.58293252,4433957.99508182,1.9861953333333333,0.3057644110275689,2024-01-11 18:00:46+00:00,walton_lighthouse-2024-01-11-180046Z
-13581713.966639306,4433956.754480082,1.9861953333333333,0.3082706766917293,2024-01-11 18:00:46+00:00,walton_lighthouse-2024-01-11-180046Z
-13581712.473845,4433955.101738527,1.9861953333333333,0.3107769423558897,2024-01-11 18:00:46+00:00,walton_lighthouse-2024-01-11-180046Z
-13581710.698660228,4433954.39138881,1.9861953333333333,0.3132832080200501,2024-01-11 18:00:46+00:00,walton_lighthouse-2024-01-11-180046Z
-13581708.83549838,4433953.974635614,1.9861953333333333,0.3157894736842105,2024-01-11 18:00:46+00:00,walton_lighthouse-2024-01-11-180046Z
-13581706.972336529,4433953.557882416,1.9861953333333333,0.3182957393483709,2024-01-11 18:00:46+00:00,walton_lighthouse-2024-01-11-180046Z
-13581705.109174673,4433953.141129216,1.9861953333333333,0.3208020050125313,2024-01-11 18:00:46+00:00,walton_lighthouse-2024-01-11-180046Z
-13581703.398374202,4433952.215916603,1.9861953333333333,0.3233082706766917,2024-01-11 18:00:46+00:00,walton_lighthouse-2024-01-11-180046Z
-13581701.903339686,4433950.570651102,1.9861953333333333,0.3258145363408521,2024-01-11 18:00:46+00:00,walton_lighthouse-2024-01-11-180046Z
-13581700.3049146,4433949.270419942,1.9861953333333333,0.3283208020050125,2024-01-11 18:00:46+00:00,walton_lighthouse-2024-01-11-180046Z
-13581698.439192371,4433948.8622112535,1.9861953333333333,0.3308270676691729,2024-01-11 18:00:46+00:00,walton_lighthouse-2024-01-11-180046Z
-13581696.573470144,4433948.454002564,1.9861953333333333,0.3333333333333333,2024-01-11 18:00:46+00:00,walton_lighthouse-2024-01-11-180046Z
-13581694.70774791,4433948.045793873,1.9861953333333333,0.3358395989974937,2024-01-11 18:00:46+00:00,walton_lighthouse-2024-01-11-180046Z
-13581692.86644419,4433947.556095826,1.9861953333333333,0.3383458646616541,2024-01-11 18:00:46+00:00,walton_lighthouse-2024-01-11-180046Z
-13581691.369256608,4433945.918015527,1.9861953333333333,0.3408521303258145,2024-01-11 18:00:46+00:00,walton_lighthouse-2024-01-11-180046Z
-13581689.720033148,4433944.787308503,1.9861953333333333,0.3433583959899749,2024-01-11 18:00:46+00:00,walton_lighthouse-2024-01-11-180046Z
-13581687.85228401,4433944.385863955,1.9861953333333333,0.3458646616541353,2024-01-11 18:00:46+00:00,walton_lighthouse-2024-01-11-180046Z
-13581685.98453487,4433943.984419404,1.9861953333333333,0.3483709273182957,2024-01-11 18:00:46+00:00,walton_lighthouse-2024-01-11-180046Z
-13581684.11678574,4433943.582974856,1.9861953333333333,0.3508771929824561,2024-01-11 18:00:46+00:00,walton_lighthouse-2024-01-11-180046Z
-13581682.368769364,4433942.781958941,1.9861953333333333,0.3533834586466165,2024-01-11 18:00:46+00:00,walton_lighthouse-2024-01-11-180046Z
-13581680.869510887,4433941.15078964,1.9861953333333333,0.3558897243107769,2024-01-11 18:00:46+00:00,walton_lighthouse-2024-01-11-180046Z
-13581679.29530562,4433939.769732225,1.9861953333333333,0.3583959899749373,2024-01-11 18:00:46+00:00,walton_lighthouse-2024-01-11-180046Z
-13581677.424903575,4433939.37714097,1.9861953333333333,0.3609022556390977,2024-01-11 18:00:46+00:00,walton_lighthouse-2024-01-11-180046Z
-13581675.55450154,4433938.98454972,1.9861953333333333,0.3634085213032581,2024-01-11 18:00:46+00:00,walton_lighthouse-2024-01-11-180046Z
-13581673.684099495,4433938.591958467,1.9861953333333333,0.3659147869674185,2024-01-11 18:00:46+00:00,walton_lighthouse-2024-01-11-180046Z
-13581671.903425504,4433937.899927277,1.9861953333333333,0.3684210526315789,2024-01-11 18:00:46+00:00,walton_lighthouse-2024-01-11-180046Z
-13581670.402173664,4433936.275410176,1.9861953333333333,0.37092731829573933,2024-01-11 18:00:46+00:00,walton_lighthouse-2024-01-11-180046Z
-13581668.592133775,4433935.68137874,1.9861953333333333,0.37343358395989973,2024-01-11 18:00:46+00:00,walton_lighthouse-2024-01-11-180046Z
-13581666.719933074,4433935.294789953,1.9861953333333333,0.37593984962406013,2024-01-11 18:00:46+00:00,walton_lighthouse-2024-01-11-180046Z
-13581664.847732363,4433934.908201159,1.9861953333333333,0.37844611528822053,2024-01-11 18:00:46+00:00,walton_lighthouse-2024-01-11-180046Z
-13581662.975531667,4433934.521612373,1.9861953333333333,0.38095238095238093,2024-01-11 18:00:46+00:00,walton_lighthouse-2024-01-11-180046Z
-13581661.468629943,4433932.915950057,1.9861953333333333,0.38345864661654133,2024-01-11 18:00:46+00:00,walton_lighthouse-2024-01-11-180046Z
-13581659.661663778,4433932.311660978,1.9861953333333333,0.38596491228070173,2024-01-11 18:00:46+00:00,walton_lighthouse-2024-01-11-180046Z
-13581658.047708545,4433931.063256941,1.9861953333333333,0.38847117794486213,2024-01-11 18:00:46+00:00,walton_lighthouse-2024-01-11-180046Z
-13581656.17307127,4433930.6847995045,1.9861953333333333,0.39097744360902253,2024-01-11 18:00:46+00:00,walton_lighthouse-2024-01-11-180046Z
-13581654.298433991,4433930.306342068,1.9861953333333333,0.39348370927318294,2024-01-11 18:00:46+00:00,walton_lighthouse-2024-01-11-180046Z
-13581652.567751318,4433929.447480109,1.9861953333333333,0.39598997493734334,2024-01-11 18:00:46+00:00,walton_lighthouse-2024-01-11-180046Z
-13581651.062728642,4433927.835547049,1.9861953333333333,0.39849624060150374,2024-01-11 18:00:46+00:00,walton_lighthouse-2024-01-11-180046Z
-13581649.276775232,4433927.161134352,1.9861953333333333,0.40100250626566414,2024-01-11 18:00:46+00:00,walton_lighthouse-2024-01-11-180046Z
-13581647.399969094,4433926.7899148045,1.9861953333333333,0.40350877192982454,2024-01-11 18:00:46+00:00,walton_lighthouse-2024-01-11-180046Z
-13581645.52316295,4433926.418695254,1.9861953333333333,0.40601503759398494,2024-01-11 18:00:46+00:00,walton_lighthouse-2024-01-11-180046Z
-13581643.697800556,4433925.875797924,1.9861953333333333,0.40852130325814534,2024-01-11 18:00:46+00:00,walton_lighthouse-2024-01-11-180046Z
-13581642.190992745,4433924.269822244,1.9861953333333333,0.41102756892230574,2024-01-11 18:00:46+00:00,walton_lighthouse-2024-01-11-180046Z
-13581640.407311937,4433923.587825402,1.9861953333333333,0.41353383458646614,2024-01-11 18:00:46+00:00,walton_lighthouse-2024-01-11-180046Z
-13581638.528618729,4433923.222903325,1.9861953333333333,0.41604010025062654,2024-01-11 18:00:46+00:00,walton_lighthouse-2024-01-11-180046Z
-13581636.649925536,4433922.857981257,1.9861953333333333,0.41854636591478694,2024-01-11 18:00:46+00:00,walton_lighthouse-2024-01-11-180046Z
-13581634.857161436,4433922.206297132,1.9861953333333333,0.42105263157894735,2024-01-11 18:00:46+00:00,walton_lighthouse-2024-01-11-180046Z
-13581633.348630656,4433920.606071295,1.9861953333333333,0.42355889724310775,2024-01-11 18:00:46+00:00,walton_lighthouse-2024-01-11-180046Z
-13581631.698397378,4433919.478734124,1.9861953333333333,0.42606516290726815,2024-01-11 18:00:46+00:00,walton_lighthouse-2024-01-11-180046Z
-13581629.817146854,4433919.122346352,1.9861953333333333,0.42857142857142855,2024-01-11 18:00:46+00:00,walton_lighthouse-2024-01-11-180046Z
-13581627.935896344,4433918.765958586,1.9861953333333333,0.43107769423558895,2024-01-11 18:00:46+00:00,walton_lighthouse-2024-01-11-180046Z
-13581626.054645812,4433918.409570813,1.9861953333333333,0.43358395989974935,2024-01-11 18:00:46+00:00,walton_lighthouse-2024-01-11-180046Z
-13581624.534133648,4433916.849329137,1.9861953333333333,0.43609022556390975,2024-01-11 18:00:46+00:00,walton_lighthouse-2024-01-11-180046Z
-13581622.80428682,4433915.987677856,1.9861953333333333,0.43859649122807015,2024-01-11 18:00:46+00:00,walton_lighthouse-2024-01-11-180046Z
-13581620.921086645,4433915.6377964895,1.9861953333333333,0.44110275689223055,2024-01-11 18:00:46+00:00,walton_lighthouse-2024-01-11-180046Z
-13581619.03788646,4433915.287915123,1.9861953333333333,0.44360902255639095,2024-01-11 18:00:46+00:00,walton_lighthouse-2024-01-11-180046Z
-13581617.257897276,4433914.593598558,1.9861953333333333,0.44611528822055135,2024-01-11 18:00:46+00:00,walton_lighthouse-2024-01-11-180046Z
-13581615.746094598,4433913.004291678,1.9861953333333333,0.44862155388471175,2024-01-11 18:00:46+00:00,walton_lighthouse-2024-01-11-180046Z
-13581613.983472832,4433912.252016754,1.9861953333333333,0.45112781954887216,2024-01-11 18:00:46+00:00,walton_lighthouse-2024-01-11-180046Z
-13581612.183466312,4433911.6245019855,1.9861953333333333,0.45363408521303256,2024-01-11 18:00:46+00:00,walton_lighthouse-2024-01-11-180046Z
-13581610.29762324,4433911.283440416,1.9861953333333333,0.45614035087719296,2024-01-11 18:00:46+00:00,walton_lighthouse-2024-01-11-180046Z
-13581608.496556912,4433910.659462413,1.9861953333333333,0.45864661654135336,2024-01-11 18:00:46+00:00,walton_lighthouse-2024-01-11-180046Z
-13581606.951493949,4433909.181151584,1.9861953333333333,0.46115288220551376,2024-01-11 18:00:46+00:00,walton_lighthouse-2024-01-11-180046Z
-13581605.063973362,4433908.845688221,1.9861953333333333,0.46365914786967416,2024-01-11 18:00:46+00:00,walton_lighthouse-2024-01-11-180046Z
-13581603.176452767,4433908.510224853,1.9861953333333333,0.46616541353383456,2024-01-11 18:00:46+00:00,walton_lighthouse-2024-01-11-180046Z
-13581601.288932197,4433908.174761495,1.9861953333333333,0.46867167919799496,2024-01-11 18:00:46+00:00,walton_lighthouse-2024-01-11-180046Z
-13581599.759081518,4433906.645684263,1.9861953333333333,0.47117794486215536,2024-01-11 18:00:46+00:00,walton_lighthouse-2024-01-11-180046Z
-13581597.936086776,4433906.094885616,1.9861953333333333,0.47368421052631576,2024-01-11 18:00:46+00:00,walton_lighthouse-2024-01-11-180046Z
-13581596.046868458,4433905.765087909,1.9861953333333333,0.47619047619047616,2024-01-11 18:00:46+00:00,walton_lighthouse-2024-01-11-180046Z
-13581594.15765015,4433905.435290205,1.9861953333333333,0.47869674185463656,2024-01-11 18:00:46+00:00,walton_lighthouse-2024-01-11-180046Z
-13581592.560641192,4433904.13033322,1.9861953333333333,0.48120300751879697,2024-01-11 18:00:46+00:00,walton_lighthouse-2024-01-11-180046Z
-13581590.71515862,4433903.654580795,1.9861953333333333,0.48370927318295737,2024-01-11 18:00:46+00:00,walton_lighthouse-2024-01-11-180046Z
-13581588.824567322,4433903.329365,1.9861953333333333,0.48621553884711777,2024-01-11 18:00:46+00:00,walton_lighthouse-2024-01-11-180046Z
-13581586.933976028,4433903.004149211,1.9861953333333333,0.48872180451127817,2024-01-11 18:00:46+00:00,walton_lighthouse-2024-01-11-180046Z
-13581585.38666366,4433901.533345056,1.9861953333333333,0.49122807017543857,2024-01-11 18:00:46+00:00,walton_lighthouse-2024-01-11-180046Z
-13581583.654518528,4433900.67936365,1.9861953333333333,0.49373433583959897,2024-01-11 18:00:46+00:00,walton_lighthouse-2024-01-11-180046Z
-13581581.761842627,4433900.36110455,1.9861953333333333,0.49624060150375937,2024-01-11 18:00:46+00:00,walton_lighthouse-2024-01-11-180046Z
-13581579.86916674,4433900.042845456,1.9861953333333333,0.49874686716791977,2024-01-11 18:00:46+00:00,walton_lighthouse-2024-01-11-180046Z
-13581578.226955753,4433898.888736395,1.9861953333333333,0.5012531328320802,2024-01-11 18:00:46+00:00,walton_lighthouse-2024-01-11-180046Z
-13581576.33322607,4433898.573993959,1.9861953333333333,0.5037593984962405,2024-01-11 18:00:46+00:00,walton_lighthouse-2024-01-11-180046Z
-13581574.4394964,4433898.25925153,1.9861953333333333,0.506265664160401,2024-01-11 18:00:46+00:00,walton_lighthouse-2024-01-11-180046Z
-13581572.628026769,4433897.669991398,1.9861953333333333,0.5087719298245614,2024-01-11 18:00:46+00:00,walton_lighthouse-2024-01-11-180046Z
-13581570.90010209,4433896.801925538,1.9861953333333333,0.5112781954887218,2024-01-11 18:00:46+00:00,walton_lighthouse-2024-01-11-180046Z
-13581569.00531086,4433896.490725694,1.9861953333333333,0.5137844611528821,2024-01-11 18:00:46+00:00,walton_lighthouse-2024-01-11-180046Z
-13581567.110519638,4433896.179525854,1.9861953333333333,0.5162907268170426,2024-01-11 18:00:46+00:00,walton_lighthouse-2024-01-11-180046Z
-13581565.522159029,4433894.845707683,1.9861953333333333,0.518796992481203,2024-01-11 18:00:46+00:00,walton_lighthouse-2024-01-11-180046Z
-13581563.648838649,4433894.462855453,1.9861953333333333,0.5213032581453634,2024-01-11 18:00:46+00:00,walton_lighthouse-2024-01-11-180046Z
-13581561.752619788,4433894.156419889,1.9861953333333333,0.5238095238095237,2024-01-11 18:00:46+00:00,walton_lighthouse-2024-01-11-180046Z
-13581559.959504504,4433893.505907725,1.9861953333333333,0.5263157894736842,2024-01-11 18:00:46+00:00,walton_lighthouse-2024-01-11-180046Z
-13581558.4365558,4433891.953797326,1.9861953333333333,0.5288220551378446,2024-01-11 18:00:46+00:00,walton_lighthouse-2024-01-11-180046Z
-13581556.717987487,4433891.054507465,1.9861953333333333,0.531328320802005,2024-01-11 18:00:46+00:00,walton_lighthouse-2024-01-11-180046Z
-13581554.818870638,4433890.757743038,1.9861953333333333,0.5338345864661653,2024-01-11 18:00:46+00:00,walton_lighthouse-2024-01-11-180046Z
-13581552.919753809,4433890.460978621,1.9861953333333333,0.5363408521303258,2024-01-11 18:00:46+00:00,walton_lighthouse-2024-01-11-180046Z
-13581551.348154608,4433889.071224325,1.9861953333333333,0.5388471177944862,2024-01-11 18:00:46+00:00,walton_lighthouse-2024-01-11-180046Z
-13581549.44756698,4433888.77936819,1.9861953333333333,0.5413533834586466,2024-01-11 18:00:46+00:00,walton_lighthouse-2024-01-11-180046Z
-13581547.54697936,4433888.487512062,1.9861953333333333,0.5438596491228069,2024-01-11 18:00:46+00:00,walton_lighthouse-2024-01-11-180046Z
-13581545.847973114,4433887.5229398,1.9861953333333333,0.5463659147869674,2024-01-11 18:00:46+00:00,walton_lighthouse-2024-01-11-180046Z
-13581543.98915417,4433887.091693497,1.9861953333333333,0.5488721804511278,2024-01-11 18:00:46+00:00,walton_lighthouse-2024-01-11-180046Z
-13581542.087453736,4433886.803550999,1.9861953333333333,0.5513784461152882,2024-01-11 18:00:46+00:00,walton_lighthouse-2024-01-11-180046Z
-13581540.345649682,4433885.981803314,1.9861953333333333,0.5538847117794485,2024-01-11 18:00:46+00:00,walton_lighthouse-2024-01-11-180046Z
-13581538.819174234,4433884.441462353,1.9861953333333333,0.556390977443609,2024-01-11 18:00:46+00:00,walton_lighthouse-2024-01-11-180046Z
-13581536.94685767,4433884.055260198,1.9861953333333333,0.5588972431077694,2024-01-11 18:00:46+00:00,walton_lighthouse-2024-01-11-180046Z
-13581535.04252775,4433883.775892815,1.9861953333333333,0.5614035087719298,2024-01-11 18:00:46+00:00,walton_lighthouse-2024-01-11-180046Z
-13581533.334931346,4433882.839987559,1.9861953333333333,0.5639097744360901,2024-01-11 18:00:46+00:00,walton_lighthouse-2024-01-11-180046Z
-13581531.637545032,4433881.870009291,1.9861953333333333,0.5664160401002506,2024-01-11 18:00:46+00:00,walton_lighthouse-2024-01-11-180046Z
-13581529.73130813,4433881.597005921,1.9861953333333333,0.568922305764411,2024-01-11 18:00:46+00:00,walton_lighthouse-2024-01-11-180046Z
-13581527.869114315,4433881.17702216,1.9861953333333333,0.5714285714285714,2024-01-11 18:00:46+00:00,walton_lighthouse-2024-01-11-180046Z
-13581526.321905954,4433879.705870906,1.9861953333333333,0.5739348370927317,2024-01-11 18:00:46+00:00,walton_lighthouse-2024-01-11-180046Z
-13581524.413737549,4433879.439313357,1.9861953333333333,0.5764411027568922,2024-01-11 18:00:46+00:00,walton_lighthouse-2024-01-11-180046Z
-13581522.505569132,4433879.172755805,1.9861953333333333,0.5789473684210527,2024-01-11 18:00:46+00:00,walton_lighthouse-2024-01-11-180046Z
-13581520.89125616,4433877.925545634,1.9861953333333333,0.581453634085213,2024-01-11 18:00:46+00:00,walton_lighthouse-2024-01-11-180046Z
-13581519.361542204,4433876.396012139,1.9861953333333333,0.5839598997493733,2024-01-11 18:00:46+00:00,walton_lighthouse-2024-01-11-180046Z
-13581517.502102464,4433875.966837575,1.9861953333333333,0.5864661654135338,2024-01-11 18:00:46+00:00,walton_lighthouse-2024-01-11-180046Z
-13581515.590394031,4433875.712093739,1.9861953333333333,0.5889724310776943,2024-01-11 18:00:46+00:00,walton_lighthouse-2024-01-11-180046Z
-13581513.928315343,4433874.624287015,1.9861953333333333,0.5914786967418546,2024-01-11 18:00:46+00:00,walton_lighthouse-2024-01-11-180046Z
-13581512.168887036,4433873.861354899,1.9861953333333333,0.593984962406015,2024-01-11 18:00:46+00:00,walton_lighthouse-2024-01-11-180046Z
-13581510.255175892,4433873.613294513,1.9861953333333333,0.5964912280701754,2024-01-11 18:00:46+00:00,walton_lighthouse-2024-01-11-180046Z
-13581508.511428216,4433872.798033066,1.9861953333333333,0.5989974937343359,2024-01-11 18:00:46+00:00,walton_lighthouse-2024-01-11-180046Z
-13581506.82887184,4433871.7785643535,1.9861953333333333,0.6015037593984962,2024-01-11 18:00:46+00:00,walton_lighthouse-2024-01-11-180046Z
-13581504.913131593,4433871.537275484,1.9861953333333333,0.6040100250626566,2024-01-11 18:00:46+00:00,walton_lighthouse-2024-01-11-180046Z
-13581503.110239258,4433870.919391271,1.9861953333333333,0.606516290726817,2024-01-11 18:00:46+00:00,walton_lighthouse-2024-01-11-180046Z
-13581501.577541118,4433869.399816571,1.9861953333333333,0.6090225563909775,2024-01-11 18:00:46+00:00,walton_lighthouse-2024-01-11-180046Z
-13581499.724893969,4433868.947973767,1.9861953333333333,0.6115288220551378,2024-01-11 18:00:46+00:00,walton_lighthouse-2024-01-11-180046Z
-13581497.80626764,4433868.716316315,1.9861953333333333,0.6140350877192982,2024-01-11 18:00:46+00:00,walton_lighthouse-2024-01-11-180046Z
-13581496.19049861,4433867.473965321,1.9861953333333333,0.6165413533834586,2024-01-11 18:00:46+00:00,walton_lighthouse-2024-01-11-180046Z
-13581494.448942814,4433866.651389127,1.9861953333333333,0.6190476190476191,2024-01-11 18:00:46+00:00,walton_lighthouse-2024-01-11-180046Z
-13581492.527799582,4433866.428131038,1.9861953333333333,0.6215538847117794,2024-01-11 18:00:46+00:00,walton_lighthouse-2024-01-11-180046Z
-13581490.81799258,4433865.499603006,1.9861953333333333,0.6240601503759398,2024-01-11 18:00:46+00:00,walton_lighthouse-2024-01-11-180046Z
-13581489.004675774,4433864.916507243,1.9861953333333333,0.6265664160401002,2024-01-11 18:00:46+00:00,walton_lighthouse-2024-01-11-180046Z
-13581487.081831992,4433864.698924211,1.9861953333333333,0.6290726817042607,2024-01-11 18:00:46+00:00,walton_lighthouse-2024-01-11-180046Z
-13581485.459473846,4433863.478562374,1.9861953333333333,0.631578947368421,2024-01-11 18:00:46+00:00,walton_lighthouse-2024-01-11-180046Z
-13581483.924017016,4433861.968193982,1.9861953333333333,0.6340852130325814,2024-01-11 18:00:46+00:00,walton_lighthouse-2024-01-11-180046Z
-13581482.028577363,4433861.65915809,1.9861953333333333,0.6365914786967418,2024-01-11 18:00:46+00:00,walton_lighthouse-2024-01-11-180046Z
-13581480.114420542,4433861.412584977,1.9861953333333333,0.6390977443609023,2024-01-11 18:00:46+00:00,walton_lighthouse-2024-01-11-180046Z
-13581478.575710077,4433859.913074595,1.9861953333333333,0.6416040100250626,2024-01-11 18:00:46+00:00,walton_lighthouse-2024-01-11-180046Z
-13581476.646767223,4433859.715845407,1.9861953333333333,0.644110275689223,2024-01-11 18:00:46+00:00,walton_lighthouse-2024-01-11-180046Z
-13581474.782336464,4433859.303326801,1.9861953333333333,0.6466165413533834,2024-01-11 18:00:46+00:00,walton_lighthouse-2024-01-11-180046Z
-13581473.188324874,4433857.988366977,1.9861953333333333,0.6491228070175439,2024-01-11 18:00:46+00:00,walton_lighthouse-2024-01-11-180046Z
-13581471.257146517,4433857.798598065,1.9861953333333333,0.6516290726817042,2024-01-11 18:00:46+00:00,walton_lighthouse-2024-01-11-180046Z
-13581469.462749455,4433857.15236346,1.9861953333333333,0.6541353383458646,2024-01-11 18:00:46+00:00,walton_lighthouse-2024-01-11-180046Z
-13581467.873305036,4433855.822162137,1.9861953333333333,0.656641604010025,2024-01-11 18:00:46+00:00,walton_lighthouse-2024-01-11-180046Z
-13581466.01947683,4433855.374260726,1.9861953333333333,0.6591478696741855,2024-01-11 18:00:46+00:00,walton_lighthouse-2024-01-11-180046Z
-13581464.15521002,4433854.961195003,1.9861953333333333,0.6616541353383458,2024-01-11 18:00:46+00:00,walton_lighthouse-2024-01-11-180046Z
-13581462.549881676,4433853.684001421,1.9861953333333333,0.6641604010025062,2024-01-11 18:00:46+00:00,walton_lighthouse-2024-01-11-180046Z
-13581460.613209844,4433853.512565307,1.9861953333333333,0.6666666666666666,2024-01-11 18:00:46+00:00,walton_lighthouse-2024-01-11-180046Z
-13581458.859289989,4433852.731250383,1.9861953333333333,0.6691729323308271,2024-01-11 18:00:46+00:00,walton_lighthouse-2024-01-11-180046Z
-13581456.97784045,4433852.375526742,1.9861953333333333,0.6716791979949874,2024-01-11 18:00:46+00:00,walton_lighthouse-2024-01-11-180046Z
-13581455.114974027,4433851.957787677,1.9861953333333333,0.6741854636591478,2024-01-11 18:00:46+00:00,walton_lighthouse-2024-01-11-180046Z
-13581453.574581206,4433850.463891646,1.9861953333333333,0.6766917293233082,2024-01-11 18:00:46+00:00,walton_lighthouse-2024-01-11-180046Z
-13581451.716855405,4433850.028997289,1.9861953333333333,0.6791979949874687,2024-01-11 18:00:46+00:00,walton_lighthouse-2024-01-11-180046Z
-13581449.841843266,4433849.65179082,1.9861953333333333,0.681704260651629,2024-01-11 18:00:46+00:00,walton_lighthouse-2024-01-11-180046Z
-13581448.300694425,4433848.160417773,1.9861953333333333,0.6842105263157894,2024-01-11 18:00:46+00:00,walton_lighthouse-2024-01-11-180046Z
-13581446.367055325,4433847.978860845,1.9861953333333333,0.6867167919799498,2024-01-11 18:00:46+00:00,walton_lighthouse-2024-01-11-180046Z
-13581444.579145778,4433847.310976094,1.9861953333333333,0.6892230576441103,2024-01-11 18:00:46+00:00,walton_lighthouse-2024-01-11-180046Z
-13581443.037258225,4433845.822068302,1.9861953333333333,0.6917293233082706,2024-01-11 18:00:46+00:00,walton_lighthouse-2024-01-11-180046Z
-13581441.247984374,4433845.158736536,1.9861953333333333,0.694235588972431,2024-01-11 18:00:46+00:00,walton_lighthouse-2024-01-11-180046Z
-13581439.326527532,4433844.936525004,1.9861953333333333,0.6967418546365914,2024-01-11 18:00:46+00:00,walton_lighthouse-2024-01-11-180046Z
-13581437.78391796,4433843.450026699,1.9861953333333333,0.6992481203007519,2024-01-11 18:00:46+00:00,walton_lighthouse-2024-01-11-180046Z
-13581435.87906926,4433843.172390636,1.9861953333333333,0.7017543859649122,2024-01-11 18:00:46+00:00,walton_lighthouse-2024-01-11-180046Z
-13581434.08365033,4433842.529566186,1.9861953333333333,0.7042606516290726,2024-01-11 18:00:46+00:00,walton_lighthouse-2024-01-11-180046Z
-13581432.374641769,4433841.598373565,1.9861953333333333,0.706766917293233,2024-01-11 18:00:46+00:00,walton_lighthouse-2024-01-11-180046Z
-13581430.42031744,4433841.485847224,1.9861953333333333,0.7092731829573935,2024-01-11 18:00:46+00:00,walton_lighthouse-2024-01-11-180046Z
-13581428.85019092,4433840.091178342,1.9861953333333333,0.7117794486215538,2024-01-11 18:00:46+00:00,walton_lighthouse-2024-01-11-180046Z
-13581426.908914782,4433839.935107673,1.9861953333333333,0.7142857142857142,2024-01-11 18:00:46+00:00,walton_lighthouse-2024-01-11-180046Z
-13581425.170521025,4433839.101979143,1.9861953333333333,0.7167919799498746,2024-01-11 18:00:46+00:00,walton_lighthouse-2024-01-11-180046Z
-13581423.312935209,4433838.666617659,1.9861953333333333,0.7192982456140351,2024-01-11 18:00:46+00:00,walton_lighthouse-2024-01-11-180046Z
-13581421.500985196,4433838.078960641,1.9861953333333333,0.7218045112781954,2024-01-11 18:00:46+00:00,walton_lighthouse-2024-01-11-180046Z
-13581419.632587962,4433837.67967895,1.9861953333333333,0.7243107769423558,2024-01-11 18:00:46+00:00,walton_lighthouse-2024-01-11-180046Z
-13581417.841257932,4433837.023209025,1.9861953333333333,0.7268170426065163,2024-01-11 18:00:46+00:00,walton_lighthouse-2024-01-11-180046Z
-13581416.027342549,4433836.442110832,1.9861953333333333,0.7293233082706767,2024-01-11 18:00:46+00:00,walton_lighthouse-2024-01-11-180046Z
-13581414.143617157,4433836.093982196,1.9861953333333333,0.731829573934837,2024-01-11 18:00:46+00:00,walton_lighthouse-2024-01-11-180046Z
-13581412.180285435,4433836.011515285,1.9861953333333333,0.7343358395989974,2024-01-11 18:00:46+00:00,walton_lighthouse-2024-01-11-180046Z
-13581410.549995452,4433834.81762349,1.9861953333333333,0.7368421052631579,2024-01-11 18:00:46+00:00,walton_lighthouse-2024-01-11-180046Z
-13581408.644357216,4433834.542622237,1.9861953333333333,0.7393483709273183,2024-01-11 18:00:46+00:00,walton_lighthouse-2024-01-11-180046Z
-13581406.91395053,4433833.6828393405,1.9861953333333333,0.7418546365914787,2024-01-11 18:00:46+00:00,walton_lighthouse-2024-01-11-180046Z
-13581404.946216997,4433833.615062159,1.9861953333333333,0.744360902255639,2024-01-11 18:00:46+00:00,walton_lighthouse-2024-01-11-180046Z
-13581403.134569963,4433833.026393988,1.9861953333333333,0.7468671679197995,2024-01-11 18:00:46+00:00,walton_lighthouse-2024-01-11-180046Z
-13581401.228307214,4433832.75347687,1.9861953333333333,0.7493734335839599,2024-01-11 18:00:46+00:00,walton_lighthouse-2024-01-11-180046Z
-13581399.429434627,4433832.122177958,1.9861953333333333,0.7518796992481203,2024-01-11 18:00:46+00:00,walton_lighthouse-2024-01-11-180046Z
-13581397.62189081,4433831.5198166175,1.9861953333333333,0.7543859649122806,2024-01-11 18:00:46+00:00,walton_lighthouse-2024-01-11-180046Z
-13581395.719684826,4433831.233361247,1.9861953333333333,0.7568922305764411,2024-01-11 18:00:46+00:00,walton_lighthouse-2024-01-11-180046Z
-13581394.02334189,4433830.259900993,1.9861953333333333,0.7593984962406015,2024-01-11 18:00:46+00:00,walton_lighthouse-2024-01-11-180046Z
-13581392.082423387,4433830.102636858,1.9861953333333333,0.7619047619047619,2024-01-11 18:00:46+00:00,walton_lighthouse-2024-01-11-180046Z
-13581390.432427734,4433828.974506722,1.9861953333333333,0.7644110275689222,2024-01-11 18:00:46+00:00,walton_lighthouse-2024-01-11-180046Z
-13581388.517006291,4433828.732153913,1.9861953333333333,0.7669172932330827,2024-01-11 18:00:46+00:00,walton_lighthouse-2024-01-11-180046Z
-13581386.770904228,4433827.924749528,1.9861953333333333,0.7694235588972431,2024-01-11 18:00:46+00:00,walton_lighthouse-2024-01-11-180046Z
-13581384.824381689,4433827.786187131,1.9861953333333333,0.7719298245614035,2024-01-11 18:00:46+00:00,walton_lighthouse-2024-01-11-180046Z
-13581383.197000436,4433826.582588358,1.9861953333333333,0.7744360902255638,2024-01-11 18:00:46+00:00,walton_lighthouse-2024-01-11-180046Z
-13581381.25558079,4433826.426996587,1.9861953333333333,0.7769423558897243,2024-01-11 18:00:46+00:00,walton_lighthouse-2024-01-11-180046Z
-13581379.462635364,4433825.775917601,1.9861953333333333,0.7794486215538847,2024-01-11 18:00:46+00:00,walton_lighthouse-2024-01-11-180046Z
-13581377.6935605,4433825.045177893,1.9861953333333333,0.7819548872180451,2024-01-11 18:00:46+00:00,walton_lighthouse-2024-01-11-180046Z
-13581375.723201005,4433824.986164022,1.9861953333333333,0.7844611528822054,2024-01-11 18:00:46+00:00,walton_lighthouse-2024-01-11-180046Z
-13581373.96634022,4433824.214663562,1.9861953333333333,0.7869674185463659,2024-01-11 18:00:46+00:00,walton_lighthouse-2024-01-11-180046Z
-13581372.142877463,4433823.665426802,1.9861953333333333,0.7894736842105263,2024-01-11 18:00:46+00:00,walton_lighthouse-2024-01-11-180046Z
-13581370.218413314,4433823.453251286,1.9861953333333333,0.7919799498746867,2024-01-11 18:00:46+00:00,walton_lighthouse-2024-01-11-180046Z
-13581368.380482648,4433822.952296721,1.9861953333333333,0.794486215538847,2024-01-11 18:00:46+00:00,walton_lighthouse-2024-01-11-180046Z
-13581366.619012523,4433822.19617852,1.9861953333333333,0.7969924812030075,2024-01-11 18:00:46+00:00,walton_lighthouse-2024-01-11-180046Z
-13581364.852141071,4433821.458085635,1.9861953333333333,0.7994987468671679,2024-01-11 18:00:46+00:00,walton_lighthouse-2024-01-11-180046Z
-13581362.933267225,4433821.227254167,1.9861953333333333,0.8020050125313283,2024-01-11 18:00:46+00:00,walton_lighthouse-2024-01-11-180046Z
-13581361.088999595,4433820.747447274,1.9861953333333333,0.8045112781954886,2024-01-11 18:00:46+00:00,walton_lighthouse-2024-01-11-180046Z
-13581359.158409666,4433820.555714663,1.9861953333333333,0.8070175438596491,2024-01-11 18:00:46+00:00,walton_lighthouse-2024-01-11-180046Z
-13581357.245236866,4433820.30585774,1.9861953333333333,0.8095238095238095,2024-01-11 18:00:46+00:00,walton_lighthouse-2024-01-11-180046Z
-13581355.396460503,4433819.841097405,1.9861953333333333,0.8120300751879699,2024-01-11 18:00:46+00:00,walton_lighthouse-2024-01-11-180046Z
-13581353.546052694,4433819.38178147,1.9861953333333333,0.8145363408521302,2024-01-11 18:00:46+00:00,walton_lighthouse-2024-01-11-180046Z
-13581351.61963154,4433819.176136845,1.9861953333333333,0.8170426065162907,2024-01-11 18:00:46+00:00,walton_lighthouse-2024-01-11-180046Z
-13581349.813405251,4433818.569378668,1.9861953333333333,0.8195488721804511,2024-01-11 18:00:46+00:00,walton_lighthouse-2024-01-11-180046Z
-13581347.88071895,4433818.384642064,1.9861953333333333,0.8220551378446115,2024-01-11 18:00:46+00:00,walton_lighthouse-2024-01-11-180046Z
-13581346.053923026,4433817.846528714,1.9861953333333333,0.8245614035087718,2024-01-11 18:00:46+00:00,walton_lighthouse-2024-01-11-180046Z
-13581344.268957503,4433817.168819197,1.9861953333333333,0.8270676691729323,2024-01-11 18:00:46+00:00,walton_lighthouse-2024-01-11-180046Z
-13581342.472782155,4433816.528519089,1.9861953333333333,0.8295739348370927,2024-01-11 18:00:46+00:00,walton_lighthouse-2024-01-11-180046Z
-13581340.693463037,4433815.831966447,1.9861953333333333,0.8320802005012531,2024-01-11 18:00:46+00:00,walton_lighthouse-2024-01-11-180046Z
-13581338.977001794,4433814.925644854,1.9861953333333333,0.8345864661654134,2024-01-11 18:00:46+00:00,walton_lighthouse-2024-01-11-180046Z
-13581337.084309705,4433814.607439813,1.9861953333333333,0.8370927318295739,2024-01-11 18:00:46+00:00,walton_lighthouse-2024-01-11-180046Z
-13581335.177143866,4433814.337536472,1.9861953333333333,0.8395989974937343,2024-01-11 18:00:46+00:00,walton_lighthouse-2024-01-11-180046Z
-13581333.445355296,4433813.482365179,1.9861953333333333,0.8421052631578947,2024-01-11 18:00:46+00:00,walton_lighthouse-2024-01-11-180046Z
-13581331.646800715,4433812.850004968,1.9861953333333333,0.844611528822055,2024-01-11 18:00:46+00:00,walton_lighthouse-2024-01-11-180046Z
-13581329.816478975,4433812.323657988,1.9861953333333333,0.8471177944862155,2024-01-11 18:00:46+00:00,walton_lighthouse-2024-01-11-180046Z
-13581328.192135146,4433811.109922767,1.9861953333333333,0.849624060150376,2024-01-11 18:00:46+00:00,walton_lighthouse-2024-01-11-180046Z
-13581326.362032838,4433810.582843436,1.9861953333333333,0.8521303258145363,2024-01-11 18:00:46+00:00,walton_lighthouse-2024-01-11-180046Z
-13581324.580502976,4433809.893668476,1.9861953333333333,0.8546365914786966,2024-01-11 18:00:46+00:00,walton_lighthouse-2024-01-11-180046Z
-13581322.911431553,4433808.829197912,1.9861953333333333,0.8571428571428571,2024-01-11 18:00:46+00:00,walton_lighthouse-2024-01-11-180046Z
-13581321.18554826,4433807.954319556,1.9861953333333333,0.8596491228070176,2024-01-11 18:00:46+00:00,walton_lighthouse-2024-01-11-180046Z
-13581319.447790448,4433807.11906876,1.9861953333333333,0.8621553884711779,2024-01-11 18:00:46+00:00,walton_lighthouse-2024-01-11-180046Z
-13581317.583672743,4433806.705505424,1.9861953333333333,0.8646616541353382,2024-01-11 18:00:46+00:00,walton_lighthouse-2024-01-11-180046Z
-13581315.73802405,4433806.230307462,1.9861953333333333,0.8671679197994987,2024-01-11 18:00:46+00:00,walton_lighthouse-2024-01-11-180046Z
-13581313.993265737,4433805.418418708,1.9861953333333333,0.8696741854636592,2024-01-11 18:00:46+00:00,walton_lighthouse-2024-01-11-180046Z
-13581312.271575669,4433804.529546721,1.9861953333333333,0.8721804511278195,2024-01-11 18:00:46+00:00,walton_lighthouse-2024-01-11-180046Z
-13581310.40280708,4433804.131504315,1.9861953333333333,0.8746867167919798,2024-01-11 18:00:46+00:00,walton_lighthouse-2024-01-11-180046Z
-13581308.746105248,4433803.025754016,1.9861953333333333,0.8771929824561403,2024-01-11 18:00:46+00:00,walton_lighthouse-2024-01-11-180046Z
-13581306.97443062,4433802.303690224,1.9861953333333333,0.8796992481203008,2024-01-11 18:00:46+00:00,walton_lighthouse-2024-01-11-180046Z
-13581305.236754917,4433801.46816541,1.9861953333333333,0.8822055137844611,2024-01-11 18:00:46+00:00,walton_lighthouse-2024-01-11-180046Z
-13581303.549306422,4433800.465022676,1.9861953333333333,0.8847117794486214,2024-01-11 18:00:46+00:00,walton_lighthouse-2024-01-11-180046Z
-13581301.69157013,4433800.030163383,1.9861953333333333,0.8872180451127819,2024-01-11 18:00:46+00:00,walton_lighthouse-2024-01-11-180046Z
-13581299.837556172,4433799.582881887,1.9861953333333333,0.8897243107769424,2024-01-11 18:00:46+00:00,walton_lighthouse-2024-01-11-180046Z
-13581298.03219079,4433798.973250656,1.9861953333333333,0.8922305764411027,2024-01-11 18:00:46+00:00,walton_lighthouse-2024-01-11-180046Z
-13581296.18500242,4433798.503190867,1.9861953333333333,0.894736842105263,2024-01-11 18:00:46+00:00,walton_lighthouse-2024-01-11-180046Z
-13581294.2970416,4433798.169196674,1.9861953333333333,0.8972431077694235,2024-01-11 18:00:46+00:00,walton_lighthouse-2024-01-11-180046Z
-13581292.638500048,4433797.069585875,1.9861953333333333,0.899749373433584,2024-01-11 18:00:46+00:00,walton_lighthouse-2024-01-11-180046Z
-13581290.703680614,4433796.8919679085,1.9861953333333333,0.9022556390977443,2024-01-11 18:00:46+00:00,walton_lighthouse-2024-01-11-180046Z
-13581288.92278362,4433796.200680942,1.9861953333333333,0.9047619047619047,2024-01-11 18:00:46+00:00,walton_lighthouse-2024-01-11-180046Z
-13581286.981709355,4433796.043936599,1.9861953333333333,0.9072681704260651,2024-01-11 18:00:46+00:00,walton_lighthouse-2024-01-11-180046Z
-13581285.13010488,4433795.588614224,1.9861953333333333,0.9097744360902256,2024-01-11 18:00:46+00:00,walton_lighthouse-2024-01-11-180046Z
-13581283.306176938,4433795.04092986,1.9861953333333333,0.9122807017543859,2024-01-11 18:00:46+00:00,walton_lighthouse-2024-01-11-180046Z
-13581281.452471755,4433794.5926179215,1.9861953333333333,0.9147869674185463,2024-01-11 18:00:46+00:00,walton_lighthouse-2024-01-11-180046Z
-13581279.654956268,4433793.956790117,1.9861953333333333,0.9172932330827067,2024-01-11 18:00:46+00:00,walton_lighthouse-2024-01-11-180046Z
-13581277.852156851,4433793.338595774,1.9861953333333333,0.9197994987468672,2024-01-11 18:00:46+00:00,walton_lighthouse-2024-01-11-180046Z
-13581276.0398719,4433792.752056492,1.9861953333333333,0.9223057644110275,2024-01-11 18:00:46+00:00,walton_lighthouse-2024-01-11-180046Z
-13581274.230352096,4433792.156289422,1.9861953333333333,0.9248120300751879,2024-01-11 18:00:46+00:00,walton_lighthouse-2024-01-11-180046Z
-13581272.27182866,4433792.057776325,1.9861953333333333,0.9273182957393483,2024-01-11 18:00:46+00:00,walton_lighthouse-2024-01-11-180046Z
-13581270.386949947,4433791.713496506,1.9861953333333333,0.9298245614035088,2024-01-11 18:00:46+00:00,walton_lighthouse-2024-01-11-180046Z
-13581268.588192103,4433791.081814646,1.9861953333333333,0.9323308270676691,2024-01-11 18:00:46+00:00,walton_lighthouse-2024-01-11-180046Z
-13581266.733869528,4433790.635563113,1.9861953333333333,0.9348370927318295,2024-01-11 18:00:46+00:00,walton_lighthouse-2024-01-11-180046Z
-13581264.826882698,4433790.3650624,1.9861953333333333,0.9373433583959899,2024-01-11 18:00:46+00:00,walton_lighthouse-2024-01-11-180046Z
-13581264.826882698,4433790.3650624,1.9861953333333333,0.9398496240601504,2024-01-11 18:00:46+00:00,walton_lighthouse-2024-01-11-180046Z
-13581264.826882698,4433790.3650624,1.9861953333333333,0.9423558897243107,2024-01-11 18:00:46+00:00,walton_lighthouse-2024-01-11-180046Z
-13581264.826882698,4433790.3650624,1.9861953333333333,0.9448621553884711,2024-01-11 18:00:46+00:00,walton_lighthouse-2024-01-11-180046Z
-13581264.826882698,4433790.3650624,1.9861953333333333,0.9473684210526315,2024-01-11 18:00:46+00:00,walton_lighthouse-2024-01-11-180046Z
-13581264.826882698,4433790.3650624,1.9861953333333333,0.949874686716792,2024-01-11 18:00:46+00:00,walton_lighthouse-2024-01-11-180046Z
-13581264.826882698,4433790.3650624,1.9861953333333333,0.9523809523809523,2024-01-11 18:00:46+00:00,walton_lighthouse-2024-01-11-180046Z
-13581264.826882698,4433790.3650624,1.9861953333333333,0.9548872180451127,2024-01-11 18:00:46+00:00,walton_lighthouse-2024-01-11-180046Z
-13581264.826882698,4433790.3650624,1.9861953333333333,0.9573934837092731,2024-01-11 18:00:46+00:00,walton_lighthouse-2024-01-11-180046Z
-13581264.826882698,4433790.3650624,1.9861953333333333,0.9598997493734336,2024-01-11 18:00:46+00:00,walton_lighthouse-2024-01-11-180046Z
-13581264.826882698,4433790.3650624,1.9861953333333333,0.9624060150375939,2024-01-11 18:00:46+00:00,walton_lighthouse-2024-01-11-180046Z
-13581264.826882698,4433790.3650624,1.9861953333333333,0.9649122807017543,2024-01-11 18:00:46+00:00,walton_lighthouse-2024-01-11-180046Z
-13581264.826882698,4433790.3650624,1.9861953333333333,0.9674185463659147,2024-01-11 18:00:46+00:00,walton_lighthouse-2024-01-11-180046Z
-13581264.826882698,4433790.3650624,1.9861953333333333,0.9699248120300752,2024-01-11 18:00:46+00:00,walton_lighthouse-2024-01-11-180046Z
-13581264.826882698,4433790.3650624,1.9861953333333333,0.9724310776942355,2024-01-11 18:00:46+00:00,walton_lighthouse-2024-01-11-180046Z
-13581264.826882698,4433790.3650624,1.9861953333333333,0.9749373433583959,2024-01-11 18:00:46+00:00,walton_lighthouse-2024-01-11-180046Z
-13581264.826882698,4433790.3650624,1.9861953333333333,0.9774436090225563,2024-01-11 18:00:46+00:00,walton_lighthouse-2024-01-11-180046Z
-13581264.826882698,4433790.3650624,1.9861953333333333,0.9799498746867168,2024-01-11 18:00:46+00:00,walton_lighthouse-2024-01-11-180046Z
-13581264.826882698,4433790.3650624,1.9861953333333333,0.9824561403508771,2024-01-11 18:00:46+00:00,walton_lighthouse-2024-01-11-180046Z
-13581264.826882698,4433790.3650624,1.9861953333333333,0.9849624060150375,2024-01-11 18:00:46+00:00,walton_lighthouse-2024-01-11-180046Z
-13581264.826882698,4433790.3650624,1.9861953333333333,0.9874686716791979,2024-01-11 18:00:46+00:00,walton_lighthouse-2024-01-11-180046Z
-13581264.826882698,4433790.3650624,1.9861953333333333,0.9899749373433584,2024-01-11 18:00:46+00:00,walton_lighthouse-2024-01-11-180046Z
-13581264.826882698,4433790.3650624,1.9861953333333333,0.9924812030075187,2024-01-11 18:00:46+00:00,walton_lighthouse-2024-01-11-180046Z
-13581264.826882698,4433790.3650624,1.9861953333333333,0.9949874686716791,2024-01-11 18:00:46+00:00,walton_lighthouse-2024-01-11-180046Z
-13581264.826882698,4433790.3650624,1.9861953333333333,0.9974937343358395,2024-01-11 18:00:46+00:00,walton_lighthouse-2024-01-11-180046Z
-13581264.826882698,4433790.3650624,1.9861953333333333,1.0,2024-01-11 18:00:46+00:00,walton_lighthouse-2024-01-11-180046Z
-13581928.533612344,4434056.74460969,1.8893028,0.0,2024-01-11 18:30:46+00:00,walton_lighthouse-2024-01-11-183046Z
-13581926.704859652,4434056.213026488,1.8893028,0.002506265664160401,2024-01-11 18:30:46+00:00,walton_lighthouse-2024-01-11-183046Z
-13581924.876106955,4434055.681443286,1.8893028,0.005012531328320802,2024-01-11 18:30:46+00:00,walton_lighthouse-2024-01-11-183046Z
-13581923.047354236,4434055.149860076,1.8893028,0.007518796992481203,2024-01-11 18:30:46+00:00,walton_lighthouse-2024-01-11-183046Z
-13581921.21860154,4434054.618276871,1.8893028,0.010025062656641603,2024-01-11 18:30:46+00:00,walton_lighthouse-2024-01-11-183046Z
-13581919.424922014,4434053.969647808,1.8893028,0.012531328320802004,2024-01-11 18:30:46+00:00,walton_lighthouse-2024-01-11-183046Z
-13581917.981356995,4434052.152618567,1.8893028,0.015037593984962405,2024-01-11 18:30:46+00:00,walton_lighthouse-2024-01-11-183046Z
-13581916.537791971,4434050.335589326,1.8893028,0.017543859649122806,2024-01-11 18:30:46+00:00,walton_lighthouse-2024-01-11-183046Z
-13581914.913394578,4434049.12203284,1.8893028,0.020050125313283207,2024-01-11 18:30:46+00:00,walton_lighthouse-2024-01-11-183046Z
-13581913.082291784,4434048.598292437,1.8893028,0.022556390977443608,2024-01-11 18:30:46+00:00,walton_lighthouse-2024-01-11-183046Z
-13581911.25118898,4434048.074552035,1.8893028,0.02506265664160401,2024-01-11 18:30:46+00:00,walton_lighthouse-2024-01-11-183046Z
-13581909.420086132,4434047.550811617,1.8893028,0.02756892230576441,2024-01-11 18:30:46+00:00,walton_lighthouse-2024-01-11-183046Z
-13581907.58898332,4434047.027071209,1.8893028,0.03007518796992481,2024-01-11 18:30:46+00:00,walton_lighthouse-2024-01-11-183046Z
-13581905.757880524,4434046.503330806,1.8893028,0.03258145363408521,2024-01-11 18:30:46+00:00,walton_lighthouse-2024-01-11-183046Z
-13581903.926777711,4434045.9795904,1.8893028,0.03508771929824561,2024-01-11 18:30:46+00:00,walton_lighthouse-2024-01-11-183046Z
-13581902.217010116,4434045.050930798,1.8893028,0.03759398496240601,2024-01-11 18:30:46+00:00,walton_lighthouse-2024-01-11-183046Z
-13581900.768865485,4434043.249184624,1.8893028,0.040100250626566414,2024-01-11 18:30:46+00:00,walton_lighthouse-2024-01-11-183046Z
-13581899.320720889,4434041.447438438,1.8893028,0.042606516290726815,2024-01-11 18:30:46+00:00,walton_lighthouse-2024-01-11-183046Z
-13581897.872576268,4434039.645692261,1.8893028,0.045112781954887216,2024-01-11 18:30:46+00:00,walton_lighthouse-2024-01-11-183046Z
-13581896.333379028,4434038.14780628,1.8893028,0.047619047619047616,2024-01-11 18:30:46+00:00,walton_lighthouse-2024-01-11-183046Z
-13581894.498545196,4434037.636517037,1.8893028,0.05012531328320802,2024-01-11 18:30:46+00:00,walton_lighthouse-2024-01-11-183046Z
-13581892.663711362,4434037.125227792,1.8893028,0.05263157894736842,2024-01-11 18:30:46+00:00,walton_lighthouse-2024-01-11-183046Z
-13581890.82887752,4434036.613938546,1.8893028,0.05513784461152882,2024-01-11 18:30:46+00:00,walton_lighthouse-2024-01-11-183046Z
-13581888.99404366,4434036.102649293,1.8893028,0.05764411027568922,2024-01-11 18:30:46+00:00,walton_lighthouse-2024-01-11-183046Z
-13581887.15920982,4434035.591360046,1.8893028,0.06015037593984962,2024-01-11 18:30:46+00:00,walton_lighthouse-2024-01-11-183046Z
-13581885.324376006,4434035.0800708085,1.8893028,0.06265664160401002,2024-01-11 18:30:46+00:00,walton_lighthouse-2024-01-11-183046Z
-13581883.619838793,4434034.133956407,1.8893028,0.06516290726817042,2024-01-11 18:30:46+00:00,walton_lighthouse-2024-01-11-183046Z
-13581882.167366108,4434032.346653754,1.8893028,0.06766917293233082,2024-01-11 18:30:46+00:00,walton_lighthouse-2024-01-11-183046Z
-13581880.714893447,4434030.559351093,1.8893028,0.07017543859649122,2024-01-11 18:30:46+00:00,walton_lighthouse-2024-01-11-183046Z
-13581879.262420809,4434028.772048425,1.8893028,0.07268170426065163,2024-01-11 18:30:46+00:00,walton_lighthouse-2024-01-11-183046Z
-13581877.534772376,4434027.903060713,1.8893028,0.07518796992481203,2024-01-11 18:30:46+00:00,walton_lighthouse-2024-01-11-183046Z
-13581875.69654232,4434027.403105191,1.8893028,0.07769423558897243,2024-01-11 18:30:46+00:00,walton_lighthouse-2024-01-11-183046Z
-13581873.858312309,4434026.903149683,1.8893028,0.08020050125313283,2024-01-11 18:30:46+00:00,walton_lighthouse-2024-01-11-183046Z
-13581872.02008228,4434026.403194172,1.8893028,0.08270676691729323,2024-01-11 18:30:46+00:00,walton_lighthouse-2024-01-11-183046Z
-13581870.228274876,4434025.748317299,1.8893028,0.08521303258145363,2024-01-11 18:30:46+00:00,walton_lighthouse-2024-01-11-183046Z
-13581868.38992986,4434025.248745561,1.8893028,0.08771929824561403,2024-01-11 18:30:46+00:00,walton_lighthouse-2024-01-11-183046Z
-13581866.56348231,4434024.709469647,1.8893028,0.09022556390977443,2024-01-11 18:30:46+00:00,walton_lighthouse-2024-01-11-183046Z
-13581865.072617833,4434023.050287928,1.8893028,0.09273182957393483,2024-01-11 18:30:46+00:00,walton_lighthouse-2024-01-11-183046Z
-13581863.616048506,4434021.276656574,1.8893028,0.09523809523809523,2024-01-11 18:30:46+00:00,walton_lighthouse-2024-01-11-183046Z
-13581861.82254254,4434020.627448192,1.8893028,0.09774436090225563,2024-01-11 18:30:46+00:00,walton_lighthouse-2024-01-11-183046Z
-13581859.982226064,4434020.134455656,1.8893028,0.10025062656641603,2024-01-11 18:30:46+00:00,walton_lighthouse-2024-01-11-183046Z
-13581858.23479046,4434019.331501504,1.8893028,0.10275689223057644,2024-01-11 18:30:46+00:00,walton_lighthouse-2024-01-11-183046Z
-13581856.394239796,4434018.839290339,1.8893028,0.10526315789473684,2024-01-11 18:30:46+00:00,walton_lighthouse-2024-01-11-183046Z
-13581854.553689148,4434018.347079179,1.8893028,0.10776942355889724,2024-01-11 18:30:46+00:00,walton_lighthouse-2024-01-11-183046Z
-13581852.71313852,4434017.8548680255,1.8893028,0.11027568922305764,2024-01-11 18:30:46+00:00,walton_lighthouse-2024-01-11-183046Z
-13581850.952803554,4434017.094961616,1.8893028,0.11278195488721804,2024-01-11 18:30:46+00:00,walton_lighthouse-2024-01-11-183046Z
-13581849.492350891,4434015.33428966,1.8893028,0.11528822055137844,2024-01-11 18:30:46+00:00,walton_lighthouse-2024-01-11-183046Z
-13581848.031898266,4434013.573617696,1.8893028,0.11779448621553884,2024-01-11 18:30:46+00:00,walton_lighthouse-2024-01-11-183046Z
-13581846.273473114,4434012.807337894,1.8893028,0.12030075187969924,2024-01-11 18:30:46+00:00,walton_lighthouse-2024-01-11-183046Z
-13581844.43055506,4434012.3230272345,1.8893028,0.12280701754385964,2024-01-11 18:30:46+00:00,walton_lighthouse-2024-01-11-183046Z
-13581842.587636998,4434011.838716572,1.8893028,0.12531328320802004,2024-01-11 18:30:46+00:00,walton_lighthouse-2024-01-11-183046Z
-13581840.744718932,4434011.354405908,1.8893028,0.12781954887218044,2024-01-11 18:30:46+00:00,walton_lighthouse-2024-01-11-183046Z
-13581838.901800895,4434010.870095252,1.8893028,0.13032581453634084,2024-01-11 18:30:46+00:00,walton_lighthouse-2024-01-11-183046Z
-13581837.05888284,4434010.385784593,1.8893028,0.13283208020050125,2024-01-11 18:30:46+00:00,walton_lighthouse-2024-01-11-183046Z
-13581835.43351101,4434009.175479934,1.8893028,0.13533834586466165,2024-01-11 18:30:46+00:00,walton_lighthouse-2024-01-11-183046Z
-13581833.969372155,4434007.427109652,1.8893028,0.13784461152882205,2024-01-11 18:30:46+00:00,walton_lighthouse-2024-01-11-183046Z
-13581832.173564484,4434006.785582532,1.8893028,0.14035087719298245,2024-01-11 18:30:46+00:00,walton_lighthouse-2024-01-11-183046Z
-13581830.32896064,4434006.3068976775,1.8893028,0.14285714285714285,2024-01-11 18:30:46+00:00,walton_lighthouse-2024-01-11-183046Z
-13581828.48435678,4434005.828212816,1.8893028,0.14536340852130325,2024-01-11 18:30:46+00:00,walton_lighthouse-2024-01-11-183046Z
-13581826.63975294,4434005.349527959,1.8893028,0.14786967418546365,2024-01-11 18:30:46+00:00,walton_lighthouse-2024-01-11-183046Z
-13581824.79514912,4434004.870843112,1.8893028,0.15037593984962405,2024-01-11 18:30:46+00:00,walton_lighthouse-2024-01-11-183046Z
-13581822.950545266,4434004.392158254,1.8893028,0.15288220551378445,2024-01-11 18:30:46+00:00,walton_lighthouse-2024-01-11-183046Z
-13581821.4347136,4434002.816296824,1.8893028,0.15538847117794485,2024-01-11 18:30:46+00:00,walton_lighthouse-2024-01-11-183046Z
-13581819.96707097,4434001.079619344,1.8893028,0.15789473684210525,2024-01-11 18:30:46+00:00,walton_lighthouse-2024-01-11-183046Z
-13581818.499428324,4433999.342941877,1.8893028,0.16040100250626566,2024-01-11 18:30:46+00:00,walton_lighthouse-2024-01-11-183046Z
-13581816.670186056,4433998.812992437,1.8893028,0.16290726817042606,2024-01-11 18:30:46+00:00,walton_lighthouse-2024-01-11-183046Z
-13581814.822635842,4433998.344140149,1.8893028,0.16541353383458646,2024-01-11 18:30:46+00:00,walton_lighthouse-2024-01-11-183046Z
-13581812.975085655,4433997.875287869,1.8893028,0.16791979949874686,2024-01-11 18:30:46+00:00,walton_lighthouse-2024-01-11-183046Z
-13581811.127535451,4433997.4064355865,1.8893028,0.17042606516290726,2024-01-11 18:30:46+00:00,walton_lighthouse-2024-01-11-183046Z
-13581809.279985236,4433996.937583297,1.8893028,0.17293233082706766,2024-01-11 18:30:46+00:00,walton_lighthouse-2024-01-11-183046Z
-13581807.491608584,4433996.271257428,1.8893028,0.17543859649122806,2024-01-11 18:30:46+00:00,walton_lighthouse-2024-01-11-183046Z
-13581806.020631392,4433994.545708,1.8893028,0.17794486215538846,2024-01-11 18:30:46+00:00,walton_lighthouse-2024-01-11-183046Z
-13581804.549654191,4433992.820158574,1.8893028,0.18045112781954886,2024-01-11 18:30:46+00:00,walton_lighthouse-2024-01-11-183046Z
-13581802.805645945,4433992.005766651,1.8893028,0.18295739348370926,2024-01-11 18:30:46+00:00,walton_lighthouse-2024-01-11-183046Z
-13581801.0479638,4433991.237007228,1.8893028,0.18546365914786966,2024-01-11 18:30:46+00:00,walton_lighthouse-2024-01-11-183046Z
-13581799.197648214,4433990.777383648,1.8893028,0.18796992481203006,2024-01-11 18:30:46+00:00,walton_lighthouse-2024-01-11-183046Z
-13581797.347332597,4433990.317760058,1.8893028,0.19047619047619047,2024-01-11 18:30:46+00:00,walton_lighthouse-2024-01-11-183046Z
-13581795.497016974,4433989.858136464,1.8893028,0.19298245614035087,2024-01-11 18:30:46+00:00,walton_lighthouse-2024-01-11-183046Z
-13581793.646701364,4433989.398512876,1.8893028,0.19548872180451127,2024-01-11 18:30:46+00:00,walton_lighthouse-2024-01-11-183046Z
-13581792.126101676,4433987.8385633705,1.8893028,0.19799498746867167,2024-01-11 18:30:46+00:00,walton_lighthouse-2024-01-11-183046Z
-13581790.651947197,4433986.123617173,1.8893028,0.20050125313283207,2024-01-11 18:30:46+00:00,walton_lighthouse-2024-01-11-183046Z
-13581789.01223761,4433984.961160358,1.8893028,0.20300751879699247,2024-01-11 18:30:46+00:00,walton_lighthouse-2024-01-11-183046Z
-13581787.159352535,4433984.510111576,1.8893028,0.20551378446115287,2024-01-11 18:30:46+00:00,walton_lighthouse-2024-01-11-183046Z
-13581785.306467475,4433984.059062799,1.8893028,0.20802005012531327,2024-01-11 18:30:46+00:00,walton_lighthouse-2024-01-11-183046Z
-13581783.453582402,4433983.608014019,1.8893028,0.21052631578947367,2024-01-11 18:30:46+00:00,walton_lighthouse-2024-01-11-183046Z
-13581781.600697322,4433983.156965236,1.8893028,0.21303258145363407,2024-01-11 18:30:46+00:00,walton_lighthouse-2024-01-11-183046Z
-13581779.757079588,4433982.674989504,1.8893028,0.21553884711779447,2024-01-11 18:30:46+00:00,walton_lighthouse-2024-01-11-183046Z
-13581778.27989422,4433980.970157994,1.8893028,0.21804511278195488,2024-01-11 18:30:46+00:00,walton_lighthouse-2024-01-11-183046Z
-13581776.77454636,4433979.359310128,1.8893028,0.22055137844611528,2024-01-11 18:30:46+00:00,walton_lighthouse-2024-01-11-183046Z
-13581774.9195665,4433978.915251995,1.8893028,0.22305764411027568,2024-01-11 18:30:46+00:00,walton_lighthouse-2024-01-11-183046Z
-13581773.064586664,4433978.471193871,1.8893028,0.22556390977443608,2024-01-11 18:30:46+00:00,walton_lighthouse-2024-01-11-183046Z
-13581771.209606824,4433978.027135745,1.8893028,0.22807017543859648,2024-01-11 18:30:46+00:00,walton_lighthouse-2024-01-11-183046Z
-13581769.35462698,4433977.583077618,1.8893028,0.23057644110275688,2024-01-11 18:30:46+00:00,walton_lighthouse-2024-01-11-183046Z
-13581767.499647122,4433977.139019486,1.8893028,0.23308270676691728,2024-01-11 18:30:46+00:00,walton_lighthouse-2024-01-11-183046Z
-13581765.958824351,4433975.646558318,1.8893028,0.23558897243107768,2024-01-11 18:30:46+00:00,walton_lighthouse-2024-01-11-183046Z
-13581764.427854026,4433974.1212176215,1.8893028,0.23809523809523808,2024-01-11 18:30:46+00:00,walton_lighthouse-2024-01-11-183046Z
-13581762.571011892,4433973.683374236,1.8893028,0.24060150375939848,2024-01-11 18:30:46+00:00,walton_lighthouse-2024-01-11-183046Z
-13581760.71416978,4433973.245530859,1.8893028,0.24310776942355888,2024-01-11 18:30:46+00:00,walton_lighthouse-2024-01-11-183046Z
-13581758.85732768,4433972.807687487,1.8893028,0.24561403508771928,2024-01-11 18:30:46+00:00,walton_lighthouse-2024-01-11-183046Z
-13581757.000485566,4433972.369844111,1.8893028,0.24812030075187969,2024-01-11 18:30:46+00:00,walton_lighthouse-2024-01-11-183046Z
-13581755.168215906,4433971.849997643,1.8893028,0.2506265664160401,2024-01-11 18:30:46+00:00,walton_lighthouse-2024-01-11-183046Z
-13581753.685369218,4433970.164059002,1.8893028,0.2531328320802005,2024-01-11 18:30:46+00:00,walton_lighthouse-2024-01-11-183046Z
-13581751.97326805,4433969.243187089,1.8893028,0.2556390977443609,2024-01-11 18:30:46+00:00,walton_lighthouse-2024-01-11-183046Z
-13581750.11480741,4433968.810745029,1.8893028,0.2581453634085213,2024-01-11 18:30:46+00:00,walton_lighthouse-2024-01-11-183046Z
-13581748.256346764,4433968.3783029625,1.8893028,0.2606516290726817,2024-01-11 18:30:46+00:00,walton_lighthouse-2024-01-11-183046Z
-13581746.39788613,4433967.945860903,1.8893028,0.2631578947368421,2024-01-11 18:30:46+00:00,walton_lighthouse-2024-01-11-183046Z
-13581744.53942551,4433967.513418847,1.8893028,0.2656641604010025,2024-01-11 18:30:46+00:00,walton_lighthouse-2024-01-11-183046Z
-13581742.941945191,4433966.210034887,1.8893028,0.2681704260651629,2024-01-11 18:30:46+00:00,walton_lighthouse-2024-01-11-183046Z
-13581741.363024749,4433964.844712928,1.8893028,0.2706766917293233,2024-01-11 18:30:46+00:00,walton_lighthouse-2024-01-11-183046Z
-13581739.502924597,4433964.41774226,1.8893028,0.2731829573934837,2024-01-11 18:30:46+00:00,walton_lighthouse-2024-01-11-183046Z
-13581737.642824454,4433963.990771597,1.8893028,0.2756892230576441,2024-01-11 18:30:46+00:00,walton_lighthouse-2024-01-11-183046Z
-13581735.782724302,4433963.563800931,1.8893028,0.2781954887218045,2024-01-11 18:30:46+00:00,walton_lighthouse-2024-01-11-183046Z
-13581733.922624145,4433963.136830262,1.8893028,0.2807017543859649,2024-01-11 18:30:46+00:00,walton_lighthouse-2024-01-11-183046Z
-13581732.245311446,4433962.09986238,1.8893028,0.2832080200501253,2024-01-11 18:30:46+00:00,walton_lighthouse-2024-01-11-183046Z
-13581730.605001194,4433960.939410239,1.8893028,0.2857142857142857,2024-01-11 18:30:46+00:00,walton_lighthouse-2024-01-11-183046Z
-13581728.743657298,4433960.516590181,1.8893028,0.2882205513784461,2024-01-11 18:30:46+00:00,walton_lighthouse-2024-01-11-183046Z
-13581726.882313391,4433960.093770116,1.8893028,0.2907268170426065,2024-01-11 18:30:46+00:00,walton_lighthouse-2024-01-11-183046Z
-13581725.020969504,4433959.670950058,1.8893028,0.2932330827067669,2024-01-11 18:30:46+00:00,walton_lighthouse-2024-01-11-183046Z
-13581723.159625616,4433959.24813,1.8893028,0.2957393483709273,2024-01-11 18:30:46+00:00,walton_lighthouse-2024-01-11-183046Z
-13581721.592568312,4433957.843218517,1.8893028,0.2982456140350877,2024-01-11 18:30:46+00:00,walton_lighthouse-2024-01-11-183046Z
-13581720.014469454,4433956.475154793,1.8893028,0.3007518796992481,2024-01-11 18:30:46+00:00,walton_lighthouse-2024-01-11-183046Z
-13581718.151307607,4433956.058401594,1.8893028,0.3032581453634085,2024-01-11 18:30:46+00:00,walton_lighthouse-2024-01-11-183046Z
-13581716.28814578,4433955.641648404,1.8893028,0.3057644110275689,2024-01-11 18:30:46+00:00,walton_lighthouse-2024-01-11-183046Z
-13581714.424983922,4433955.224895205,1.8893028,0.3082706766917293,2024-01-11 18:30:46+00:00,walton_lighthouse-2024-01-11-183046Z
-13581712.561822064,4433954.808142003,1.8893028,0.3107769423558897,2024-01-11 18:30:46+00:00,walton_lighthouse-2024-01-11-183046Z
-13581710.981050722,4433953.44899696,1.8893028,0.3132832080200501,2024-01-11 18:30:46+00:00,walton_lighthouse-2024-01-11-183046Z
-13581709.454817604,4433951.907847256,1.8893028,0.3157894736842105,2024-01-11 18:30:46+00:00,walton_lighthouse-2024-01-11-183046Z
-13581707.58966873,4433951.497725129,1.8893028,0.3182957393483709,2024-01-11 18:30:46+00:00,walton_lighthouse-2024-01-11-183046Z
-13581705.724519854,4433951.087603001,1.8893028,0.3208020050125313,2024-01-11 18:30:46+00:00,walton_lighthouse-2024-01-11-183046Z
-13581703.859371,4433950.677480878,1.8893028,0.3233082706766917,2024-01-11 18:30:46+00:00,walton_lighthouse-2024-01-11-183046Z
-13581701.994222132,4433950.267358755,1.8893028,0.3258145363408521,2024-01-11 18:30:46+00:00,walton_lighthouse-2024-01-11-183046Z
-13581700.40830516,4433948.925385604,1.8893028,0.3283208020050125,2024-01-11 18:30:46+00:00,walton_lighthouse-2024-01-11-183046Z
-13581698.61523679,4433948.2747168895,1.8893028,0.3308270676691729,2024-01-11 18:30:46+00:00,walton_lighthouse-2024-01-11-183046Z
-13581696.748938655,4433947.868430111,1.8893028,0.3333333333333333,2024-01-11 18:30:46+00:00,walton_lighthouse-2024-01-11-183046Z
-13581694.882640516,4433947.46214333,1.8893028,0.3358395989974937,2024-01-11 18:30:46+00:00,walton_lighthouse-2024-01-11-183046Z
-13581693.016342364,4433947.0558565445,1.8893028,0.3383458646616541,2024-01-11 18:30:46+00:00,walton_lighthouse-2024-01-11-183046Z
-13581691.369256608,4433945.918015526,1.8893028,0.3408521303258145,2024-01-11 18:30:46+00:00,walton_lighthouse-2024-01-11-183046Z
-13581689.720033148,4433944.787308503,1.8893028,0.3433583959899749,2024-01-11 18:30:46+00:00,walton_lighthouse-2024-01-11-183046Z
-13581687.85228401,4433944.385863955,1.8893028,0.3458646616541353,2024-01-11 18:30:46+00:00,walton_lighthouse-2024-01-11-183046Z
-13581685.98453487,4433943.984419404,1.8893028,0.3483709273182957,2024-01-11 18:30:46+00:00,walton_lighthouse-2024-01-11-183046Z
-13581684.11678574,4433943.582974856,1.8893028,0.3508771929824561,2024-01-11 18:30:46+00:00,walton_lighthouse-2024-01-11-183046Z
-13581682.368769364,4433942.78195894,1.8893028,0.3533834586466165,2024-01-11 18:30:46+00:00,walton_lighthouse-2024-01-11-183046Z
-13581680.869510887,4433941.150789641,1.8893028,0.3558897243107769,2024-01-11 18:30:46+00:00,walton_lighthouse-2024-01-11-183046Z
-13581679.120214611,4433940.354044879,1.8893028,0.3583959899749373,2024-01-11 18:30:46+00:00,walton_lighthouse-2024-01-11-183046Z
-13581677.250406737,4433939.959470768,1.8893028,0.3609022556390977,2024-01-11 18:30:46+00:00,walton_lighthouse-2024-01-11-183046Z
-13581675.38059887,4433939.564896662,1.8893028,0.3634085213032581,2024-01-11 18:30:46+00:00,walton_lighthouse-2024-01-11-183046Z
-13581673.510790994,4433939.170322552,1.8893028,0.3659147869674185,2024-01-11 18:30:46+00:00,walton_lighthouse-2024-01-11-183046Z
-13581671.903425504,4433937.899927279,1.8893028,0.3684210526315789,2024-01-11 18:30:46+00:00,walton_lighthouse-2024-01-11-183046Z
-13581670.116191806,4433937.229787098,1.8893028,0.37092731829573933,2024-01-11 18:30:46+00:00,walton_lighthouse-2024-01-11-183046Z
-13581668.245192925,4433936.839187646,1.8893028,0.37343358395989973,2024-01-11 18:30:46+00:00,walton_lighthouse-2024-01-11-183046Z
-13581666.374194032,4433936.448588192,1.8893028,0.37593984962406013,2024-01-11 18:30:46+00:00,walton_lighthouse-2024-01-11-183046Z
-13581664.503195127,4433936.05798873,1.8893028,0.37844611528822053,2024-01-11 18:30:46+00:00,walton_lighthouse-2024-01-11-183046Z
-13581662.97180185,4433934.534059497,1.8893028,0.38095238095238093,2024-01-11 18:30:46+00:00,walton_lighthouse-2024-01-11-183046Z
-13581661.10333097,4433934.1350235855,1.8893028,0.38345864661654133,2024-01-11 18:30:46+00:00,walton_lighthouse-2024-01-11-183046Z
-13581659.231130268,4433933.748434797,1.8893028,0.38596491228070173,2024-01-11 18:30:46+00:00,walton_lighthouse-2024-01-11-183046Z
-13581657.444343569,4433933.076802881,1.8893028,0.38847117794486213,2024-01-11 18:30:46+00:00,walton_lighthouse-2024-01-11-183046Z
-13581655.57779669,4433932.671346231,1.8893028,0.39097744360902253,2024-01-11 18:30:46+00:00,walton_lighthouse-2024-01-11-183046Z
-13581654.0405087,4433931.167088798,1.8893028,0.39348370927318294,2024-01-11 18:30:46+00:00,walton_lighthouse-2024-01-11-183046Z
-13581652.252263729,4433930.500323386,1.8893028,0.39598997493734334,2024-01-11 18:30:46+00:00,walton_lighthouse-2024-01-11-183046Z
-13581650.378239758,4433930.119819199,1.8893028,0.39849624060150374,2024-01-11 18:30:46+00:00,walton_lighthouse-2024-01-11-183046Z
-13581648.504215796,4433929.739315016,1.8893028,0.40100250626566414,2024-01-11 18:30:46+00:00,walton_lighthouse-2024-01-11-183046Z
-13581646.71141622,4433929.087749279,1.8893028,0.40350877192982454,2024-01-11 18:30:46+00:00,walton_lighthouse-2024-01-11-183046Z
-13581645.204608388,4433927.481773603,1.8893028,0.40601503759398494,2024-01-11 18:30:46+00:00,walton_lighthouse-2024-01-11-183046Z
-13581643.646356802,4433926.047475703,1.8893028,0.40852130325814534,2024-01-11 18:30:46+00:00,walton_lighthouse-2024-01-11-183046Z
-13581641.769550676,4433925.676256159,1.8893028,0.41102756892230574,2024-01-11 18:30:46+00:00,walton_lighthouse-2024-01-11-183046Z
-13581639.892744534,4433925.305036613,1.8893028,0.41353383458646614,2024-01-11 18:30:46+00:00,walton_lighthouse-2024-01-11-183046Z
-13581638.015938384,4433924.93381706,1.8893028,0.41604010025062654,2024-01-11 18:30:46+00:00,walton_lighthouse-2024-01-11-183046Z
-13581636.365692211,4433923.806522977,1.8893028,0.41854636591478694,2024-01-11 18:30:46+00:00,walton_lighthouse-2024-01-11-183046Z
-13581634.685923189,4433922.777752376,1.8893028,0.42105263157894735,2024-01-11 18:30:46+00:00,walton_lighthouse-2024-01-11-183046Z
-13581632.807546323,4433922.411774647,1.8893028,0.42355889724310775,2024-01-11 18:30:46+00:00,walton_lighthouse-2024-01-11-183046Z
-13581630.929169448,4433922.045796911,1.8893028,0.42606516290726815,2024-01-11 18:30:46+00:00,walton_lighthouse-2024-01-11-183046Z
-13581629.064717868,4433921.633347803,1.8893028,0.42857142857142855,2024-01-11 18:30:46+00:00,walton_lighthouse-2024-01-11-183046Z
-13581627.554523148,4433920.03867491,1.8893028,0.43107769423558895,2024-01-11 18:30:46+00:00,walton_lighthouse-2024-01-11-183046Z
-13581625.88423974,4433918.978248928,1.8893028,0.43358395989974935,2024-01-11 18:30:46+00:00,walton_lighthouse-2024-01-11-183046Z
-13581624.00363302,4433918.61971262,1.8893028,0.43609022556390975,2024-01-11 18:30:46+00:00,walton_lighthouse-2024-01-11-183046Z
-13581622.123026306,4433918.261176317,1.8893028,0.43859649122807015,2024-01-11 18:30:46+00:00,walton_lighthouse-2024-01-11-183046Z
-13581620.281502653,4433917.772212316,1.8893028,0.44110275689223055,2024-01-11 18:30:46+00:00,walton_lighthouse-2024-01-11-183046Z
-13581618.769699976,4433916.182905437,1.8893028,0.44360902255639095,2024-01-11 18:30:46+00:00,walton_lighthouse-2024-01-11-183046Z
-13581616.900647242,4433915.785811208,1.8893028,0.44611528822055135,2024-01-11 18:30:46+00:00,walton_lighthouse-2024-01-11-183046Z
-13581615.018425323,4433915.432665165,1.8893028,0.44862155388471175,2024-01-11 18:30:46+00:00,walton_lighthouse-2024-01-11-183046Z
-13581613.136203416,4433915.079519127,1.8893028,0.45112781954887216,2024-01-11 18:30:46+00:00,walton_lighthouse-2024-01-11-183046Z
-13581611.523271693,4433913.827699479,1.8893028,0.45363408521303256,2024-01-11 18:30:46+00:00,walton_lighthouse-2024-01-11-183046Z
-13581609.873787632,4433912.697862045,1.8893028,0.45614035087719296,2024-01-11 18:30:46+00:00,walton_lighthouse-2024-01-11-183046Z
-13581607.989602225,4433912.351268526,1.8893028,0.45864661654135336,2024-01-11 18:30:46+00:00,walton_lighthouse-2024-01-11-183046Z
-13581606.10541683,4433912.004675013,1.8893028,0.46115288220551376,2024-01-11 18:30:46+00:00,walton_lighthouse-2024-01-11-183046Z
-13581604.303665876,4433911.382981757,1.8893028,0.46365914786967416,2024-01-11 18:30:46+00:00,walton_lighthouse-2024-01-11-183046Z
-13581602.75425097,4433909.919194135,1.8893028,0.46616541353383456,2024-01-11 18:30:46+00:00,walton_lighthouse-2024-01-11-183046Z
-13581600.868407916,4433909.578132574,1.8893028,0.46867167919799496,2024-01-11 18:30:46+00:00,walton_lighthouse-2024-01-11-183046Z
-13581598.982564842,4433909.237071007,1.8893028,0.47117794486215536,2024-01-11 18:30:46+00:00,walton_lighthouse-2024-01-11-183046Z
-13581597.109593133,4433908.853055187,1.8893028,0.47368421052631576,2024-01-11 18:30:46+00:00,walton_lighthouse-2024-01-11-183046Z
-13581595.459578002,4433907.724990054,1.8893028,0.47619047619047616,2024-01-11 18:30:46+00:00,walton_lighthouse-2024-01-11-183046Z
-13581593.57273084,4433907.387279385,1.8893028,0.47869674185463656,2024-01-11 18:30:46+00:00,walton_lighthouse-2024-01-11-183046Z
-13581591.685883673,4433907.049568716,1.8893028,0.48120300751879697,2024-01-11 18:30:46+00:00,walton_lighthouse-2024-01-11-183046Z
-13581589.939845445,4433906.241951233,1.8893028,0.48370927318295737,2024-01-11 18:30:46+00:00,walton_lighthouse-2024-01-11-183046Z
-13581588.158632634,4433905.551718199,1.8893028,0.48621553884711777,2024-01-11 18:30:46+00:00,walton_lighthouse-2024-01-11-183046Z
-13581586.27077414,4433905.217382535,1.8893028,0.48872180451127817,2024-01-11 18:30:46+00:00,walton_lighthouse-2024-01-11-183046Z
-13581584.382915638,4433904.883046868,1.8893028,0.49122807017543857,2024-01-11 18:30:46+00:00,walton_lighthouse-2024-01-11-183046Z
-13581582.79328978,4433903.55345101,1.8893028,0.49373433583959897,2024-01-11 18:30:46+00:00,walton_lighthouse-2024-01-11-183046Z
-13581580.933121927,4433903.126706247,1.8893028,0.49624060150375937,2024-01-11 18:30:46+00:00,walton_lighthouse-2024-01-11-183046Z
-13581579.04390362,4433902.796908542,1.8893028,0.49874686716791977,2024-01-11 18:30:46+00:00,walton_lighthouse-2024-01-11-183046Z
-13581577.189280229,4433902.351660868,1.8893028,0.5012531328320802,2024-01-11 18:30:46+00:00,walton_lighthouse-2024-01-11-183046Z
-13581575.50889318,4433901.3249526825,1.8893028,0.5037593984962405,2024-01-11 18:30:46+00:00,walton_lighthouse-2024-01-11-183046Z
-13581573.618646376,4433900.998587258,1.8893028,0.506265664160401,2024-01-11 18:30:46+00:00,walton_lighthouse-2024-01-11-183046Z
-13581571.72839957,4433900.672221833,1.8893028,0.5087719298245614,2024-01-11 18:30:46+00:00,walton_lighthouse-2024-01-11-183046Z
-13581570.08024367,4433899.53795209,1.8893028,0.5112781954887218,2024-01-11 18:30:46+00:00,walton_lighthouse-2024-01-11-183046Z
-13581568.188960869,4433899.215043936,1.8893028,0.5137844611528821,2024-01-11 18:30:46+00:00,walton_lighthouse-2024-01-11-183046Z
-13581566.297678076,4433898.892135785,1.8893028,0.5162907268170426,2024-01-11 18:30:46+00:00,walton_lighthouse-2024-01-11-183046Z
-13581564.52835067,4433898.1622389145,1.8893028,0.518796992481203,2024-01-11 18:30:46+00:00,walton_lighthouse-2024-01-11-183046Z
-13581562.835083684,4433897.178513587,1.8893028,0.5213032581453634,2024-01-11 18:30:46+00:00,walton_lighthouse-2024-01-11-183046Z
-13581560.942407783,4433896.860254484,1.8893028,0.5238095238095237,2024-01-11 18:30:46+00:00,walton_lighthouse-2024-01-11-183046Z
-13581559.049731888,4433896.541995385,1.8893028,0.5263157894736842,2024-01-11 18:30:46+00:00,walton_lighthouse-2024-01-11-183046Z
-13581557.39592933,4433895.426569673,1.8893028,0.5288220551378446,2024-01-11 18:30:46+00:00,walton_lighthouse-2024-01-11-183046Z
-13581555.50219966,4433895.111827246,1.8893028,0.531328320802005,2024-01-11 18:30:46+00:00,walton_lighthouse-2024-01-11-183046Z
-13581553.60846997,4433894.797084808,1.8893028,0.5338345864661653,2024-01-11 18:30:46+00:00,walton_lighthouse-2024-01-11-183046Z
-13581551.949308138,4433893.699544032,1.8893028,0.5363408521303258,2024-01-11 18:30:46+00:00,walton_lighthouse-2024-01-11-183046Z
-13581550.05739864,4433893.378727319,1.8893028,0.5388471177944862,2024-01-11 18:30:46+00:00,walton_lighthouse-2024-01-11-183046Z
-13581548.162607407,4433893.067527476,1.8893028,0.5413533834586466,2024-01-11 18:30:46+00:00,walton_lighthouse-2024-01-11-183046Z
-13581546.424954556,4433892.231926444,1.8893028,0.5438596491228069,2024-01-11 18:30:46+00:00,walton_lighthouse-2024-01-11-183046Z
-13581544.52945128,4433891.92310288,1.8893028,0.5463659147869674,2024-01-11 18:30:46+00:00,walton_lighthouse-2024-01-11-183046Z
-13581542.633948,4433891.614279316,1.8893028,0.5488721804511278,2024-01-11 18:30:46+00:00,walton_lighthouse-2024-01-11-183046Z
-13581540.972385094,4433890.524751314,1.8893028,0.5513784461152882,2024-01-11 18:30:46+00:00,walton_lighthouse-2024-01-11-183046Z
-13581539.07580713,4433890.219514182,1.8893028,0.5538847117794485,2024-01-11 18:30:46+00:00,walton_lighthouse-2024-01-11-183046Z
-13581537.17922918,4433889.914277057,1.8893028,0.556390977443609,2024-01-11 18:30:46+00:00,walton_lighthouse-2024-01-11-183046Z
-13581535.512435684,4433888.842204556,1.8893028,0.5588972431077694,2024-01-11 18:30:46+00:00,walton_lighthouse-2024-01-11-183046Z
-13581533.77261791,4433888.013828232,1.8893028,0.5614035087719298,2024-01-11 18:30:46+00:00,walton_lighthouse-2024-01-11-183046Z
-13581531.874230975,4433887.714627983,1.8893028,0.5639097744360901,2024-01-11 18:30:46+00:00,walton_lighthouse-2024-01-11-183046Z
-13581530.06953987,4433887.10274662,1.8893028,0.5664160401002506,2024-01-11 18:30:46+00:00,walton_lighthouse-2024-01-11-183046Z
-13581528.23123492,4433886.603041147,1.8893028,0.568922305764411,2024-01-11 18:30:46+00:00,walton_lighthouse-2024-01-11-183046Z
-13581526.332118068,4433886.306276719,1.8893028,0.5714285714285714,2024-01-11 18:30:46+00:00,walton_lighthouse-2024-01-11-183046Z
-13581524.64346325,4433885.307159725,1.8893028,0.5739348370927317,2024-01-11 18:30:46+00:00,walton_lighthouse-2024-01-11-183046Z
-13581522.916183362,4433884.436942104,1.8893028,0.5764411027568922,2024-01-11 18:30:46+00:00,walton_lighthouse-2024-01-11-183046Z
-13581521.01522574,4433884.146320745,1.8893028,0.5789473684210527,2024-01-11 18:30:46+00:00,walton_lighthouse-2024-01-11-183046Z
-13581519.233536728,4433883.457676876,1.8893028,0.581453634085213,2024-01-11 18:30:46+00:00,walton_lighthouse-2024-01-11-183046Z
-13581517.365348237,4433883.0576985385,1.8893028,0.5839598997493733,2024-01-11 18:30:46+00:00,walton_lighthouse-2024-01-11-183046Z
-13581515.463647824,4433882.769556047,1.8893028,0.5864661654135338,2024-01-11 18:30:46+00:00,walton_lighthouse-2024-01-11-183046Z
-13581513.713259028,4433881.976457302,1.8893028,0.5889724310776943,2024-01-11 18:30:46+00:00,walton_lighthouse-2024-01-11-183046Z
-13581511.81081205,4433881.69080617,1.8893028,0.5914786967418546,2024-01-11 18:30:46+00:00,walton_lighthouse-2024-01-11-183046Z
-13581509.993271723,4433881.121805129,1.8893028,0.593984962406015,2024-01-11 18:30:46+00:00,walton_lighthouse-2024-01-11-183046Z
-13581508.23094146,4433880.368557387,1.8893028,0.5964912280701754,2024-01-11 18:30:46+00:00,walton_lighthouse-2024-01-11-183046Z
-13581506.327367589,4433880.086666964,1.8893028,0.5989974937343359,2024-01-11 18:30:46+00:00,walton_lighthouse-2024-01-11-183046Z
-13581504.629039058,4433879.119832982,1.8893028,0.6015037593984962,2024-01-11 18:30:46+00:00,walton_lighthouse-2024-01-11-183046Z
-13581502.818375424,4433878.52788306,1.8893028,0.6040100250626566,2024-01-11 18:30:46+00:00,walton_lighthouse-2024-01-11-183046Z
-13581500.91328564,4433878.251051575,1.8893028,0.606516290726817,2024-01-11 18:30:46+00:00,walton_lighthouse-2024-01-11-183046Z
-13581499.278585328,4433877.071877907,1.8893028,0.6090225563909775,2024-01-11 18:30:46+00:00,walton_lighthouse-2024-01-11-183046Z
-13581497.399717756,4433876.707537728,1.8893028,0.6115288220551378,2024-01-11 18:30:46+00:00,walton_lighthouse-2024-01-11-183046Z
-13581495.49309653,4433876.435816934,1.8893028,0.6140350877192982,2024-01-11 18:30:46+00:00,walton_lighthouse-2024-01-11-183046Z
-13581493.883042902,4433875.174392526,1.8893028,0.6165413533834586,2024-01-11 18:30:46+00:00,walton_lighthouse-2024-01-11-183046Z
-13581491.974874483,4433874.907834966,1.8893028,0.6190476190476191,2024-01-11 18:30:46+00:00,walton_lighthouse-2024-01-11-183046Z
-13581490.154166508,4433874.349404947,1.8893028,0.6215538847117794,2024-01-11 18:30:46+00:00,walton_lighthouse-2024-01-11-183046Z
-13581488.305629358,4433873.88384633,1.8893028,0.6240601503759398,2024-01-11 18:30:46+00:00,walton_lighthouse-2024-01-11-183046Z
-13581486.396681368,4433873.6198903695,1.8893028,0.6265664160401002,2024-01-11 18:30:46+00:00,walton_lighthouse-2024-01-11-183046Z
-13581484.707444344,4433872.622716274,1.8893028,0.6290726817042607,2024-01-11 18:30:46+00:00,walton_lighthouse-2024-01-11-183046Z
-13581482.797319436,4433872.362687937,1.8893028,0.631578947368421,2024-01-11 18:30:46+00:00,walton_lighthouse-2024-01-11-183046Z
-13581481.03303907,4433871.615948065,1.8893028,0.6340852130325814,2024-01-11 18:30:46+00:00,walton_lighthouse-2024-01-11-183046Z
-13581479.122124456,4433871.358555118,1.8893028,0.6365914786967418,2024-01-11 18:30:46+00:00,walton_lighthouse-2024-01-11-183046Z
-13581477.334716644,4433870.688995978,1.8893028,0.6390977443609023,2024-01-11 18:30:46+00:00,walton_lighthouse-2024-01-11-183046Z
-13581475.516909605,4433870.120884994,1.8893028,0.6416040100250626,2024-01-11 18:30:46+00:00,walton_lighthouse-2024-01-11-183046Z
-13581473.604802731,4433869.867470889,1.8893028,0.644110275689223,2024-01-11 18:30:46+00:00,walton_lighthouse-2024-01-11-183046Z
-13581471.908606062,4433868.893522491,1.8893028,0.6466165413533834,2024-01-11 18:30:46+00:00,walton_lighthouse-2024-01-11-183046Z
-13581469.995297546,4433868.644118418,1.8893028,0.6491228070175439,2024-01-11 18:30:46+00:00,walton_lighthouse-2024-01-11-183046Z
-13581468.297177317,4433867.676589336,1.8893028,0.6516290726817042,2024-01-11 18:30:46+00:00,walton_lighthouse-2024-01-11-183046Z
-13581466.382657737,4433867.431226894,1.8893028,0.6541353383458646,2024-01-11 18:30:46+00:00,walton_lighthouse-2024-01-11-183046Z
-13581464.623684118,4433866.666777381,1.8893028,0.656641604010025,2024-01-11 18:30:46+00:00,walton_lighthouse-2024-01-11-183046Z
-13581462.838297024,4433865.990474686,1.8893028,0.6591478696741855,2024-01-11 18:30:46+00:00,walton_lighthouse-2024-01-11-183046Z
-13581460.923061552,4433865.747501276,1.8893028,0.6616541353383458,2024-01-11 18:30:46+00:00,walton_lighthouse-2024-01-11-183046Z
-13581459.290403698,4433864.5615115855,1.8893028,0.6641604010025062,2024-01-11 18:30:46+00:00,walton_lighthouse-2024-01-11-183046Z
-13581457.37260743,4433864.327084049,1.8893028,0.6666666666666666,2024-01-11 18:30:46+00:00,walton_lighthouse-2024-01-11-183046Z
-13581455.69006637,4433863.307564238,1.8893028,0.6691729323308271,2024-01-11 18:30:46+00:00,walton_lighthouse-2024-01-11-183046Z
-13581453.819460366,4433862.915653612,1.8893028,0.6716791979949874,2024-01-11 18:30:46+00:00,walton_lighthouse-2024-01-11-183046Z
-13581452.01027605,4433862.318766959,1.8893028,0.6741854636591478,2024-01-11 18:30:46+00:00,walton_lighthouse-2024-01-11-183046Z
-13581450.121216465,4433861.988439539,1.8893028,0.6766917293233082,2024-01-11 18:30:46+00:00,walton_lighthouse-2024-01-11-183046Z
-13581448.34073327,4433861.295771608,1.8893028,0.6791979949874687,2024-01-11 18:30:46+00:00,walton_lighthouse-2024-01-11-183046Z
-13581446.420362104,4433861.069937019,1.8893028,0.681704260651629,2024-01-11 18:30:46+00:00,walton_lighthouse-2024-01-11-183046Z
-13581444.68110538,4433860.239688409,1.8893028,0.6842105263157894,2024-01-11 18:30:46+00:00,walton_lighthouse-2024-01-11-183046Z
-13581442.926482145,4433859.460720813,1.8893028,0.6867167919799498,2024-01-11 18:30:46+00:00,walton_lighthouse-2024-01-11-183046Z
-13581441.0310739,4433859.151580061,1.8893028,0.6892230576441103,2024-01-11 18:30:46+00:00,walton_lighthouse-2024-01-11-183046Z
-13581439.358620496,4433858.09839584,1.8893028,0.6917293233082706,2024-01-11 18:30:46+00:00,walton_lighthouse-2024-01-11-183046Z
-13581437.503335066,4433857.655357523,1.8893028,0.694235588972431,2024-01-11 18:30:46+00:00,walton_lighthouse-2024-01-11-183046Z
-13581435.843713488,4433856.559350916,1.8893028,0.6967418546365914,2024-01-11 18:30:46+00:00,walton_lighthouse-2024-01-11-183046Z
-13581433.92972689,4433856.312209772,1.8893028,0.6992481203007519,2024-01-11 18:30:46+00:00,walton_lighthouse-2024-01-11-183046Z
-13581432.141434316,4433855.645603322,1.8893028,0.7017543859649122,2024-01-11 18:30:46+00:00,walton_lighthouse-2024-01-11-183046Z
-13581430.213377075,4433855.445418642,1.8893028,0.7042606516290726,2024-01-11 18:30:46+00:00,walton_lighthouse-2024-01-11-183046Z
-13581428.492418025,4433854.5541071175,1.8893028,0.706766917293233,2024-01-11 18:30:46+00:00,walton_lighthouse-2024-01-11-183046Z
-13581426.563030517,4433854.358361772,1.8893028,0.7092731829573935,2024-01-11 18:30:46+00:00,walton_lighthouse-2024-01-11-183046Z
-13581424.97256069,4433853.031582445,1.8893028,0.7117794486215538,2024-01-11 18:30:46+00:00,walton_lighthouse-2024-01-11-183046Z
-13581423.11554143,4433852.594330239,1.8893028,0.7142857142857142,2024-01-11 18:30:46+00:00,walton_lighthouse-2024-01-11-183046Z
-13581421.365601111,4433851.799734807,1.8893028,0.7167919799498746,2024-01-11 18:30:46+00:00,walton_lighthouse-2024-01-11-183046Z
-13581419.525752291,4433851.305181537,1.8893028,0.7192982456140351,2024-01-11 18:30:46+00:00,walton_lighthouse-2024-01-11-183046Z
-13581417.766599128,4433850.541331202,1.8893028,0.7218045112781954,2024-01-11 18:30:46+00:00,walton_lighthouse-2024-01-11-183046Z
-13581416.000640662,4433849.80019147,1.8893028,0.7243107769423558,2024-01-11 18:30:46+00:00,walton_lighthouse-2024-01-11-183046Z
-13581414.175316935,4433849.257165088,1.8893028,0.7268170426065163,2024-01-11 18:30:46+00:00,walton_lighthouse-2024-01-11-183046Z
-13581412.436611684,4433848.425076103,1.8893028,0.7293233082706767,2024-01-11 18:30:46+00:00,walton_lighthouse-2024-01-11-183046Z
-13581410.591526208,4433847.947998599,1.8893028,0.731829573934837,2024-01-11 18:30:46+00:00,walton_lighthouse-2024-01-11-183046Z
-13581409.006200189,4433846.604053344,1.8893028,0.7343358395989974,2024-01-11 18:30:46+00:00,walton_lighthouse-2024-01-11-183046Z
-13581407.06480676,4433846.448374063,1.8893028,0.7368421052631579,2024-01-11 18:30:46+00:00,walton_lighthouse-2024-01-11-183046Z
-13581405.463770283,4433845.156857668,1.8893028,0.7393483709273183,2024-01-11 18:30:46+00:00,walton_lighthouse-2024-01-11-183046Z
-13581403.523711847,4433844.996723333,1.8893028,0.7418546365914787,2024-01-11 18:30:46+00:00,walton_lighthouse-2024-01-11-183046Z
-13581401.854861358,4433843.93151547,1.8893028,0.744360902255639,2024-01-11 18:30:46+00:00,walton_lighthouse-2024-01-11-183046Z
-13581399.977845749,4433843.5609949045,1.8893028,0.7468671679197995,2024-01-11 18:30:46+00:00,walton_lighthouse-2024-01-11-183046Z
-13581398.330669235,4433842.42345676,1.8893028,0.7493734335839599,2024-01-11 18:30:46+00:00,walton_lighthouse-2024-01-11-183046Z
-13581396.565208023,4433841.680657623,1.8893028,0.7518796992481203,2024-01-11 18:30:46+00:00,walton_lighthouse-2024-01-11-183046Z
-13581394.774225565,4433841.02302782,1.8893028,0.7543859649122806,2024-01-11 18:30:46+00:00,walton_lighthouse-2024-01-11-183046Z
-13581392.94033147,4433840.508602415,1.8893028,0.7568922305764411,2024-01-11 18:30:46+00:00,walton_lighthouse-2024-01-11-183046Z
-13581391.224266477,4433839.600958491,1.8893028,0.7593984962406015,2024-01-11 18:30:46+00:00,walton_lighthouse-2024-01-11-183046Z
-13581389.414081443,4433839.007411435,1.8893028,0.7619047619047619,2024-01-11 18:30:46+00:00,walton_lighthouse-2024-01-11-183046Z
-13581387.680610895,4433838.157853206,1.8893028,0.7644110275689222,2024-01-11 18:30:46+00:00,walton_lighthouse-2024-01-11-183046Z
-13581385.951946266,4433837.292256678,1.8893028,0.7669172932330827,2024-01-11 18:30:46+00:00,walton_lighthouse-2024-01-11-183046Z
-13581384.143084353,4433836.694294098,1.8893028,0.7694235588972431,2024-01-11 18:30:46+00:00,walton_lighthouse-2024-01-11-183046Z
-13581382.242093692,4433836.40378299,1.8893028,0.7719298245614035,2024-01-11 18:30:46+00:00,walton_lighthouse-2024-01-11-183046Z
-13581380.48889402,4433835.620064666,1.8893028,0.7744360902255638,2024-01-11 18:30:46+00:00,walton_lighthouse-2024-01-11-183046Z
-13581378.640937047,4433835.152569833,1.8893028,0.7769423558897243,2024-01-11 18:30:46+00:00,walton_lighthouse-2024-01-11-183046Z
-13581377.085752254,4433833.708037515,1.8893028,0.7794486215538847,2024-01-11 18:30:46+00:00,walton_lighthouse-2024-01-11-183046Z
-13581375.15190638,4433833.527170624,1.8893028,0.7819548872180451,2024-01-11 18:30:46+00:00,walton_lighthouse-2024-01-11-183046Z
-13581373.462480407,4433832.530627087,1.8893028,0.7844611528822054,2024-01-11 18:30:46+00:00,walton_lighthouse-2024-01-11-183046Z
-13581371.607081069,4433832.087968911,1.8893028,0.7869674185463659,2024-01-11 18:30:46+00:00,walton_lighthouse-2024-01-11-183046Z
-13581369.940838233,4433831.014058785,1.8893028,0.7894736842105263,2024-01-11 18:30:46+00:00,walton_lighthouse-2024-01-11-183046Z
-13581368.098234285,4433830.528699897,1.8893028,0.7919799498746867,2024-01-11 18:30:46+00:00,walton_lighthouse-2024-01-11-183046Z
-13581366.274251437,4433829.981198748,1.8893028,0.794486215538847,2024-01-11 18:30:46+00:00,walton_lighthouse-2024-01-11-183046Z
-13581364.57764214,4433829.008627392,1.8893028,0.7969924812030075,2024-01-11 18:30:46+00:00,walton_lighthouse-2024-01-11-183046Z
-13581362.653377073,4433828.795787532,1.8893028,0.7994987468671679,2024-01-11 18:30:46+00:00,walton_lighthouse-2024-01-11-183046Z
-13581360.71793159,4433828.620258827,1.8893028,0.8020050125313283,2024-01-11 18:30:46+00:00,walton_lighthouse-2024-01-11-183046Z
-13581359.061723076,4433827.5128621925,1.8893028,0.8045112781954886,2024-01-11 18:30:46+00:00,walton_lighthouse-2024-01-11-183046Z
-13581357.22990518,4433826.991508152,1.8893028,0.8070175438596491,2024-01-11 18:30:46+00:00,walton_lighthouse-2024-01-11-183046Z
-13581355.445982104,4433826.310319833,1.8893028,0.8095238095238095,2024-01-11 18:30:46+00:00,walton_lighthouse-2024-01-11-183046Z
-13581353.746550592,4433825.347166765,1.8893028,0.8120300751879699,2024-01-11 18:30:46+00:00,walton_lighthouse-2024-01-11-183046Z
-13581351.892816529,4433824.898951176,1.8893028,0.8145363408521302,2024-01-11 18:30:46+00:00,walton_lighthouse-2024-01-11-183046Z
-13581350.044584995,4433824.432372621,1.8893028,0.8170426065162907,2024-01-11 18:30:46+00:00,walton_lighthouse-2024-01-11-183046Z
-13581348.263755783,4433823.740859478,1.8893028,0.8195488721804511,2024-01-11 18:30:46+00:00,walton_lighthouse-2024-01-11-183046Z
-13581346.44288996,4433823.182956254,1.8893028,0.8220551378446115,2024-01-11 18:30:46+00:00,walton_lighthouse-2024-01-11-183046Z
-13581344.558987476,4433822.835418569,1.8893028,0.8245614035087718,2024-01-11 18:30:46+00:00,walton_lighthouse-2024-01-11-183046Z
-13581342.841727052,4433821.931764008,1.8893028,0.8270676691729323,2024-01-11 18:30:46+00:00,walton_lighthouse-2024-01-11-183046Z
-13581340.984889232,4433821.493906334,1.8893028,0.8295739348370927,2024-01-11 18:30:46+00:00,walton_lighthouse-2024-01-11-183046Z
-13581339.181708312,4433820.876985147,1.8893028,0.8320802005012531,2024-01-11 18:30:46+00:00,walton_lighthouse-2024-01-11-183046Z
-13581337.29063701,4433820.553371189,1.8893028,0.8345864661654134,2024-01-11 18:30:46+00:00,walton_lighthouse-2024-01-11-183046Z
-13581335.54121952,4433819.757031028,1.8893028,0.8370927318295739,2024-01-11 18:30:46+00:00,walton_lighthouse-2024-01-11-183046Z
-13581333.842499398,4433818.791503909,1.8893028,0.8395989974937343,2024-01-11 18:30:46+00:00,walton_lighthouse-2024-01-11-183046Z
-13581332.017314697,4433818.248013617,1.8893028,0.8421052631578947,2024-01-11 18:30:46+00:00,walton_lighthouse-2024-01-11-183046Z
-13581330.2871487,4433817.387427433,1.8893028,0.844611528822055,2024-01-11 18:30:46+00:00,walton_lighthouse-2024-01-11-183046Z
-13581328.519552829,4433816.65175208,1.8893028,0.8471177944862155,2024-01-11 18:30:46+00:00,walton_lighthouse-2024-01-11-183046Z
-13581326.64524447,4433816.272196963,1.8893028,0.849624060150376,2024-01-11 18:30:46+00:00,walton_lighthouse-2024-01-11-183046Z
-13581325.08264011,4433814.85242509,1.8893028,0.8521303258145363,2024-01-11 18:30:46+00:00,walton_lighthouse-2024-01-11-183046Z
-13581323.212120363,4433814.460226625,1.8893028,0.8546365914786966,2024-01-11 18:30:46+00:00,walton_lighthouse-2024-01-11-183046Z
-13581321.345630849,4433814.054578537,1.8893028,0.8571428571428571,2024-01-11 18:30:46+00:00,walton_lighthouse-2024-01-11-183046Z
-13581319.78237031,4433812.636996509,1.8893028,0.8596491228070176,2024-01-11 18:30:46+00:00,walton_lighthouse-2024-01-11-183046Z
-13581317.91949902,4433812.2192736445,1.8893028,0.8621553884711779,2024-01-11 18:30:46+00:00,walton_lighthouse-2024-01-11-183046Z
-13581316.355917815,4433810.802761728,1.8893028,0.8646616541353382,2024-01-11 18:30:46+00:00,walton_lighthouse-2024-01-11-183046Z
-13581314.496585822,4433810.373227593,1.8893028,0.8671679197994987,2024-01-11 18:30:46+00:00,walton_lighthouse-2024-01-11-183046Z
-13581312.932688763,4433808.957769749,1.8893028,0.8696741854636592,2024-01-11 18:30:46+00:00,walton_lighthouse-2024-01-11-183046Z
-13581311.368791703,4433807.542311904,1.8893028,0.8721804511278195,2024-01-11 18:30:46+00:00,walton_lighthouse-2024-01-11-183046Z
-13581309.525821935,4433807.058173831,1.8893028,0.8746867167919798,2024-01-11 18:30:46+00:00,walton_lighthouse-2024-01-11-183046Z
-13581307.948402973,4433805.687841218,1.8893028,0.8771929824561403,2024-01-11 18:30:46+00:00,walton_lighthouse-2024-01-11-183046Z
-13581306.309603067,4433804.5223487085,1.8893028,0.8796992481203008,2024-01-11 18:30:46+00:00,walton_lighthouse-2024-01-11-183046Z
-13581304.53110048,4433803.823071116,1.8893028,0.8822055137844611,2024-01-11 18:30:46+00:00,walton_lighthouse-2024-01-11-183046Z
-13581302.865526706,4433802.746928201,1.8893028,0.8847117794486214,2024-01-11 18:30:46+00:00,walton_lighthouse-2024-01-11-183046Z
-13581301.116816385,4433801.9482281,1.8893028,0.8872180451127819,2024-01-11 18:30:46+00:00,walton_lighthouse-2024-01-11-183046Z
-13581299.270599252,4433801.474927083,1.8893028,0.8897243107769424,2024-01-11 18:30:46+00:00,walton_lighthouse-2024-01-11-183046Z
-13581297.427857338,4433800.990028594,1.8893028,0.8922305764411027,2024-01-11 18:30:46+00:00,walton_lighthouse-2024-01-11-183046Z
-13581295.645779902,4433800.302680985,1.8893028,0.894736842105263,2024-01-11 18:30:46+00:00,walton_lighthouse-2024-01-11-183046Z
-13581293.752502162,4433799.986430388,1.8893028,0.8972431077694235,2024-01-11 18:30:46+00:00,walton_lighthouse-2024-01-11-183046Z
-13581291.919745635,4433799.468208742,1.8893028,0.899749373433584,2024-01-11 18:30:46+00:00,walton_lighthouse-2024-01-11-183046Z
-13581290.090177655,4433798.939346253,1.8893028,0.9022556390977443,2024-01-11 18:30:46+00:00,walton_lighthouse-2024-01-11-183046Z
-13581288.263731549,4433798.400065522,1.8893028,0.9047619047619047,2024-01-11 18:30:46+00:00,walton_lighthouse-2024-01-11-183046Z
-13581286.440342445,4433797.850582984,1.8893028,0.9072681704260651,2024-01-11 18:30:46+00:00,walton_lighthouse-2024-01-11-183046Z
-13581284.424924737,4433797.941937124,1.8893028,0.9097744360902256,2024-01-11 18:30:46+00:00,walton_lighthouse-2024-01-11-183046Z
-13581282.707558485,4433797.038635735,1.8893028,0.9122807017543859,2024-01-11 18:30:46+00:00,walton_lighthouse-2024-01-11-183046Z
-13581280.835560275,4433796.651371169,1.8893028,0.9147869674185463,2024-01-11 18:30:46+00:00,walton_lighthouse-2024-01-11-183046Z
-13581278.960176716,4433796.275404225,1.8893028,0.9172932330827067,2024-01-11 18:30:46+00:00,walton_lighthouse-2024-01-11-183046Z
-13581277.081342813,4433795.910951719,1.8893028,0.9197994987468672,2024-01-11 18:30:46+00:00,walton_lighthouse-2024-01-11-183046Z
-13581275.094282309,4433795.907672348,1.8893028,0.9223057644110275,2024-01-11 18:30:46+00:00,walton_lighthouse-2024-01-11-183046Z
-13581273.16289462,4433795.718602044,1.8893028,0.9248120300751879,2024-01-11 18:30:46+00:00,walton_lighthouse-2024-01-11-183046Z
-13581271.199088829,4433795.637717192,1.8893028,0.9273182957393483,2024-01-11 18:30:46+00:00,walton_lighthouse-2024-01-11-183046Z
-13581269.306181952,4433795.320228908,1.8893028,0.9298245614035088,2024-01-11 18:30:46+00:00,walton_lighthouse-2024-01-11-183046Z
-13581267.33564819,4433795.261796611,1.8893028,0.9323308270676691,2024-01-11 18:30:46+00:00,walton_lighthouse-2024-01-11-183046Z
-13581265.282303547,4433795.479720308,1.8893028,0.9348370927318295,2024-01-11 18:30:46+00:00,walton_lighthouse-2024-01-11-183046Z
-13581263.505900318,4433794.773436796,1.8893028,0.9373433583959899,2024-01-11 18:30:46+00:00,walton_lighthouse-2024-01-11-183046Z
-13581261.622746276,4433794.423401381,1.8893028,0.9398496240601504,2024-01-11 18:30:46+00:00,walton_lighthouse-2024-01-11-183046Z
-13581261.622746276,4433794.423401381,1.8893028,0.9423558897243107,2024-01-11 18:30:46+00:00,walton_lighthouse-2024-01-11-183046Z
-13581261.622746276,4433794.423401381,1.8893028,0.9448621553884711,2024-01-11 18:30:46+00:00,walton_lighthouse-2024-01-11-183046Z
-13581261.622746276,4433794.423401381,1.8893028,0.9473684210526315,2024-01-11 18:30:46+00:00,walton_lighthouse-2024-01-11-183046Z
-13581261.622746276,4433794.423401381,1.8893028,0.949874686716792,2024-01-11 18:30:46+00:00,walton_lighthouse-2024-01-11-183046Z
-13581261.622746276,4433794.423401381,1.8893028,0.9523809523809523,2024-01-11 18:30:46+00:00,walton_lighthouse-2024-01-11-183046Z
-13581261.622746276,4433794.423401381,1.8893028,0.9548872180451127,2024-01-11 18:30:46+00:00,walton_lighthouse-2024-01-11-183046Z
-13581261.622746276,4433794.423401381,1.8893028,0.9573934837092731,2024-01-11 18:30:46+00:00,walton_lighthouse-2024-01-11-183046Z
-13581261.622746276,4433794.423401381,1.8893028,0.9598997493734336,2024-01-11 18:30:46+00:00,walton_lighthouse-2024-01-11-183046Z
-13581261.622746276,4433794.423401381,1.8893028,0.9624060150375939,2024-01-11 18:30:46+00:00,walton_lighthouse-2024-01-11-183046Z
-13581261.622746276,4433794.423401381,1.8893028,0.9649122807017543,2024-01-11 18:30:46+00:00,walton_lighthouse-2024-01-11-183046Z
-13581261.622746276,4433794.423401381,1.8893028,0.9674185463659147,2024-01-11 18:30:46+00:00,walton_lighthouse-2024-01-11-183046Z
-13581261.622746276,4433794.423401381,1.8893028,0.9699248120300752,2024-01-11 18:30:46+00:00,walton_lighthouse-2024-01-11-183046Z
-13581261.622746276,4433794.423401381,1.8893028,0.9724310776942355,2024-01-11 18:30:46+00:00,walton_lighthouse-2024-01-11-183046Z
-13581261.622746276,4433794.423401381,1.8893028,0.9749373433583959,2024-01-11 18:30:46+00:00,walton_lighthouse-2024-01-11-183046Z
-13581261.622746276,4433794.423401381,1.8893028,0.9774436090225563,2024-01-11 18:30:46+00:00,walton_lighthouse-2024-01-11-183046Z
-13581261.622746276,4433794.423401381,1.8893028,0.9799498746867168,2024-01-11 18:30:46+00:00,walton_lighthouse-2024-01-11-183046Z
-13581261.622746276,4433794.423401381,1.8893028,0.9824561403508771,2024-01-11 18:30:46+00:00,walton_lighthouse-2024-01-11-183046Z
-13581261.622746276,4433794.423401381,1.8893028,0.9849624060150375,2024-01-11 18:30:46+00:00,walton_lighthouse-2024-01-11-183046Z
-13581261.622746276,4433794.423401381,1.8893028,0.9874686716791979,2024-01-11 18:30:46+00:00,walton_lighthouse-2024-01-11-183046Z
-13581261.622746276,4433794.423401381,1.8893028,0.9899749373433584,2024-01-11 18:30:46+00:00,walton_lighthouse-2024-01-11-183046Z
-13581261.622746276,4433794.423401381,1.8893028,0.9924812030075187,2024-01-11 18:30:46+00:00,walton_lighthouse-2024-01-11-183046Z
-13581261.622746276,4433794.423401381,1.8893028,0.9949874686716791,2024-01-11 18:30:46+00:00,walton_lighthouse-2024-01-11-183046Z
-13581261.622746276,4433794.423401381,1.8893028,0.9974937343358395,2024-01-11 18:30:46+00:00,walton_lighthouse-2024-01-11-183046Z
-13581261.622746276,4433794.423401381,1.8893028,1.0,2024-01-11 18:30:46+00:00,walton_lighthouse-2024-01-11-183046Z
-13581929.508167489,4434053.492330167,1.7407297333333334,0.0,2024-01-11 19:00:46+00:00,walton_lighthouse-2024-01-11-190046Z
-13581928.014766255,4434051.841614105,1.7407297333333334,0.002506265664160401,2024-01-11 19:00:46+00:00,walton_lighthouse-2024-01-11-190046Z
-13581926.183013882,4434051.32004141,1.7407297333333334,0.005012531328320802,2024-01-11 19:00:46+00:00,walton_lighthouse-2024-01-11-190046Z
-13581924.351261484,4434050.798468708,1.7407297333333334,0.007518796992481203,2024-01-11 19:00:46+00:00,walton_lighthouse-2024-01-11-190046Z
-13581922.51950911,4434050.276896011,1.7407297333333334,0.010025062656641603,2024-01-11 19:00:46+00:00,walton_lighthouse-2024-01-11-190046Z
-13581920.687756766,4434049.755323324,1.7407297333333334,0.012531328320802004,2024-01-11 19:00:46+00:00,walton_lighthouse-2024-01-11-190046Z
-13581918.856004378,4434049.233750626,1.7407297333333334,0.015037593984962405,2024-01-11 19:00:46+00:00,walton_lighthouse-2024-01-11-190046Z
-13581917.024251984,4434048.712177924,1.7407297333333334,0.017543859649122806,2024-01-11 19:00:46+00:00,walton_lighthouse-2024-01-11-190046Z
-13581915.192499606,4434048.190605228,1.7407297333333334,0.020050125313283207,2024-01-11 19:00:46+00:00,walton_lighthouse-2024-01-11-190046Z
-13581913.650661996,4434046.701530813,1.7407297333333334,0.022556390977443608,2024-01-11 19:00:46+00:00,walton_lighthouse-2024-01-11-190046Z
-13581912.207097009,4434044.884501561,1.7407297333333334,0.02506265664160401,2024-01-11 19:00:46+00:00,walton_lighthouse-2024-01-11-190046Z
-13581910.763531968,4434043.067472323,1.7407297333333334,0.02756892230576441,2024-01-11 19:00:46+00:00,walton_lighthouse-2024-01-11-190046Z
-13581909.17721592,4434041.726831009,1.7407297333333334,0.03007518796992481,2024-01-11 19:00:46+00:00,walton_lighthouse-2024-01-11-190046Z
-13581907.342382094,4434041.215541767,1.7407297333333334,0.03258145363408521,2024-01-11 19:00:46+00:00,walton_lighthouse-2024-01-11-190046Z
-13581905.507548254,4434040.7042525215,1.7407297333333334,0.03508771929824561,2024-01-11 19:00:46+00:00,walton_lighthouse-2024-01-11-190046Z
-13581903.672714405,4434040.192963271,1.7407297333333334,0.03759398496240601,2024-01-11 19:00:46+00:00,walton_lighthouse-2024-01-11-190046Z
-13581901.93205185,4434039.367406131,1.7407297333333334,0.040100250626566414,2024-01-11 19:00:46+00:00,walton_lighthouse-2024-01-11-190046Z
-13581900.096994704,4434038.856862161,1.7407297333333334,0.042606516290726815,2024-01-11 19:00:46+00:00,walton_lighthouse-2024-01-11-190046Z
-13581898.26193754,4434038.346318188,1.7407297333333334,0.045112781954887216,2024-01-11 19:00:46+00:00,walton_lighthouse-2024-01-11-190046Z
-13581896.426880358,4434037.835774207,1.7407297333333334,0.047619047619047616,2024-01-11 19:00:46+00:00,walton_lighthouse-2024-01-11-190046Z
-13581894.976287024,4434036.0421999,1.7407297333333334,0.05012531328320802,2024-01-11 19:00:46+00:00,walton_lighthouse-2024-01-11-190046Z
-13581893.528142417,4434034.240453716,1.7407297333333334,0.05263157894736842,2024-01-11 19:00:46+00:00,walton_lighthouse-2024-01-11-190046Z
-13581892.079997798,4434032.438707537,1.7407297333333334,0.05513784461152882,2024-01-11 19:00:46+00:00,walton_lighthouse-2024-01-11-190046Z
-13581890.631853158,4434030.636961363,1.7407297333333334,0.05764411027568922,2024-01-11 19:00:46+00:00,walton_lighthouse-2024-01-11-190046Z
-13581889.137861472,4434028.988215741,1.7407297333333334,0.06015037593984962,2024-01-11 19:00:46+00:00,walton_lighthouse-2024-01-11-190046Z
-13581887.298244637,4434028.492888372,1.7407297333333334,0.06265664160401002,2024-01-11 19:00:46+00:00,walton_lighthouse-2024-01-11-190046Z
-13581885.458627762,4434027.997560993,1.7407297333333334,0.06516290726817042,2024-01-11 19:00:46+00:00,walton_lighthouse-2024-01-11-190046Z
-13581883.619010884,4434027.50223361,1.7407297333333334,0.06766917293233082,2024-01-11 19:00:46+00:00,walton_lighthouse-2024-01-11-190046Z
-13581881.77939402,4434027.006906232,1.7407297333333334,0.07017543859649122,2024-01-11 19:00:46+00:00,walton_lighthouse-2024-01-11-190046Z
-13581879.939777177,4434026.51157886,1.7407297333333334,0.07268170426065163,2024-01-11 19:00:46+00:00,walton_lighthouse-2024-01-11-190046Z
-13581878.10016032,4434026.016251488,1.7407297333333334,0.07518796992481203,2024-01-11 19:00:46+00:00,walton_lighthouse-2024-01-11-190046Z
-13581876.357475463,4434025.197443108,1.7407297333333334,0.07769423558897243,2024-01-11 19:00:46+00:00,walton_lighthouse-2024-01-11-190046Z
-13581874.905002823,4434023.4101404445,1.7407297333333334,0.08020050125313283,2024-01-11 19:00:46+00:00,walton_lighthouse-2024-01-11-190046Z
-13581873.45253016,4434021.622837788,1.7407297333333334,0.08270676691729323,2024-01-11 19:00:46+00:00,walton_lighthouse-2024-01-11-190046Z
-13581872.00005748,4434019.835535134,1.7407297333333334,0.08521303258145363,2024-01-11 19:00:46+00:00,walton_lighthouse-2024-01-11-190046Z
-13581870.23140782,4434019.103376466,1.7407297333333334,0.08771929824561403,2024-01-11 19:00:46+00:00,walton_lighthouse-2024-01-11-190046Z
-13581868.388489772,4434018.619065808,1.7407297333333334,0.09022556390977443,2024-01-11 19:00:46+00:00,walton_lighthouse-2024-01-11-190046Z
-13581866.545571718,4434018.1347551495,1.7407297333333334,0.09273182957393483,2024-01-11 19:00:46+00:00,walton_lighthouse-2024-01-11-190046Z
-13581864.702653646,4434017.650444484,1.7407297333333334,0.09523809523809523,2024-01-11 19:00:46+00:00,walton_lighthouse-2024-01-11-190046Z
-13581862.859735591,4434017.166133824,1.7407297333333334,0.09774436090225563,2024-01-11 19:00:46+00:00,walton_lighthouse-2024-01-11-190046Z
-13581861.016817562,4434016.681823173,1.7407297333333334,0.10025062656641603,2024-01-11 19:00:46+00:00,walton_lighthouse-2024-01-11-190046Z
-13581859.246340606,4434015.955762481,1.7407297333333334,0.10275689223057644,2024-01-11 19:00:46+00:00,walton_lighthouse-2024-01-11-190046Z
-13581857.78977128,4434014.182131129,1.7407297333333334,0.10526315789473684,2024-01-11 19:00:46+00:00,walton_lighthouse-2024-01-11-190046Z
-13581856.153414432,4434013.008485659,1.7407297333333334,0.10776942355889724,2024-01-11 19:00:46+00:00,walton_lighthouse-2024-01-11-190046Z
-13581854.308810608,4434012.529800807,1.7407297333333334,0.11027568922305764,2024-01-11 19:00:46+00:00,walton_lighthouse-2024-01-11-190046Z
-13581852.46420677,4434012.051115955,1.7407297333333334,0.11278195488721804,2024-01-11 19:00:46+00:00,walton_lighthouse-2024-01-11-190046Z
-13581850.619602902,4434011.57243109,1.7407297333333334,0.11528822055137844,2024-01-11 19:00:46+00:00,walton_lighthouse-2024-01-11-190046Z
-13581848.77499906,4434011.093746233,1.7407297333333334,0.11779448621553884,2024-01-11 19:00:46+00:00,walton_lighthouse-2024-01-11-190046Z
-13581846.93039523,4434010.615061381,1.7407297333333334,0.12030075187969924,2024-01-11 19:00:46+00:00,walton_lighthouse-2024-01-11-190046Z
-13581845.110993031,4434010.052273754,1.7407297333333334,0.12280701754385964,2024-01-11 19:00:46+00:00,walton_lighthouse-2024-01-11-190046Z
-13581843.650540397,4434008.29160179,1.7407297333333334,0.12531328320802004,2024-01-11 19:00:46+00:00,walton_lighthouse-2024-01-11-190046Z
-13581842.190087758,4434006.530929826,1.7407297333333334,0.12781954887218044,2024-01-11 19:00:46+00:00,walton_lighthouse-2024-01-11-190046Z
-13581840.688338695,4434004.908072129,1.7407297333333334,0.13032581453634084,2024-01-11 19:00:46+00:00,walton_lighthouse-2024-01-11-190046Z
-13581838.840788491,4434004.439219846,1.7407297333333334,0.13283208020050125,2024-01-11 19:00:46+00:00,walton_lighthouse-2024-01-11-190046Z
-13581836.993238276,4434003.970367556,1.7407297333333334,0.13533834586466165,2024-01-11 19:00:46+00:00,walton_lighthouse-2024-01-11-190046Z
-13581835.145688085,4434003.501515273,1.7407297333333334,0.13784461152882205,2024-01-11 19:00:46+00:00,walton_lighthouse-2024-01-11-190046Z
-13581833.298137885,4434003.03266299,1.7407297333333334,0.14035087719298245,2024-01-11 19:00:46+00:00,walton_lighthouse-2024-01-11-190046Z
-13581831.450587684,4434002.563810706,1.7407297333333334,0.14285714285714285,2024-01-11 19:00:46+00:00,walton_lighthouse-2024-01-11-190046Z
-13581829.603037464,4434002.094958415,1.7407297333333334,0.14536340852130325,2024-01-11 19:00:46+00:00,walton_lighthouse-2024-01-11-190046Z
-13581828.112816691,4434000.433628527,1.7407297333333334,0.14786967418546365,2024-01-11 19:00:46+00:00,walton_lighthouse-2024-01-11-190046Z
-13581826.648677856,4433998.685258241,1.7407297333333334,0.15037593984962405,2024-01-11 19:00:46+00:00,walton_lighthouse-2024-01-11-190046Z
-13581824.81561688,4433998.168052558,1.7407297333333334,0.15288220551378445,2024-01-11 19:00:46+00:00,walton_lighthouse-2024-01-11-190046Z
-13581822.966061711,4433997.705891183,1.7407297333333334,0.15538847117794485,2024-01-11 19:00:46+00:00,walton_lighthouse-2024-01-11-190046Z
-13581821.116506573,4433997.243729817,1.7407297333333334,0.15789473684210525,2024-01-11 19:00:46+00:00,walton_lighthouse-2024-01-11-190046Z
-13581819.26695142,4433996.781568448,1.7407297333333334,0.16040100250626566,2024-01-11 19:00:46+00:00,walton_lighthouse-2024-01-11-190046Z
-13581817.41739626,4433996.319407076,1.7407297333333334,0.16290726817042606,2024-01-11 19:00:46+00:00,walton_lighthouse-2024-01-11-190046Z
-13581815.567841094,4433995.857245701,1.7407297333333334,0.16541353383458646,2024-01-11 19:00:46+00:00,walton_lighthouse-2024-01-11-190046Z
-13581814.096500378,4433994.132909456,1.7407297333333334,0.16791979949874686,2024-01-11 19:00:46+00:00,walton_lighthouse-2024-01-11-190046Z
-13581812.628857728,4433992.396231987,1.7407297333333334,0.17042606516290726,2024-01-11 19:00:46+00:00,walton_lighthouse-2024-01-11-190046Z
-13581810.960580263,4433991.329111759,1.7407297333333334,0.17293233082706766,2024-01-11 19:00:46+00:00,walton_lighthouse-2024-01-11-190046Z
-13581809.108471686,4433990.875471681,1.7407297333333334,0.17543859649122806,2024-01-11 19:00:46+00:00,walton_lighthouse-2024-01-11-190046Z
-13581807.256363109,4433990.421831602,1.7407297333333334,0.17794486215538846,2024-01-11 19:00:46+00:00,walton_lighthouse-2024-01-11-190046Z
-13581805.404254524,4433989.968191523,1.7407297333333334,0.18045112781954886,2024-01-11 19:00:46+00:00,walton_lighthouse-2024-01-11-190046Z
-13581803.552145924,4433989.514551437,1.7407297333333334,0.18295739348370926,2024-01-11 19:00:46+00:00,walton_lighthouse-2024-01-11-190046Z
-13581801.700037342,4433989.0609113565,1.7407297333333334,0.18546365914786966,2024-01-11 19:00:46+00:00,walton_lighthouse-2024-01-11-190046Z
-13581800.136722604,4433987.643510279,1.7407297333333334,0.18796992481203006,2024-01-11 19:00:46+00:00,walton_lighthouse-2024-01-11-190046Z
-13581798.653885238,4433985.957540499,1.7407297333333334,0.19047619047619047,2024-01-11 19:00:46+00:00,walton_lighthouse-2024-01-11-190046Z
-13581796.799957186,4433985.509972288,1.7407297333333334,0.19298245614035087,2024-01-11 19:00:46+00:00,walton_lighthouse-2024-01-11-190046Z
-13581794.946029143,4433985.062404082,1.7407297333333334,0.19548872180451127,2024-01-11 19:00:46+00:00,walton_lighthouse-2024-01-11-190046Z
-13581793.09210112,4433984.614835881,1.7407297333333334,0.19799498746867167,2024-01-11 19:00:46+00:00,walton_lighthouse-2024-01-11-190046Z
-13581791.238173088,4433984.167267679,1.7407297333333334,0.20050125313283207,2024-01-11 19:00:46+00:00,walton_lighthouse-2024-01-11-190046Z
-13581789.384245029,4433983.719699466,1.7407297333333334,0.20300751879699247,2024-01-11 19:00:46+00:00,walton_lighthouse-2024-01-11-190046Z
-13581787.703638194,4433982.693724782,1.7407297333333334,0.20551378446115287,2024-01-11 19:00:46+00:00,walton_lighthouse-2024-01-11-190046Z
-13581786.22948372,4433980.978778582,1.7407297333333334,0.20802005012531327,2024-01-11 19:00:46+00:00,walton_lighthouse-2024-01-11-190046Z
-13581784.56963677,4433979.883524145,1.7407297333333334,0.21052631578947367,2024-01-11 19:00:46+00:00,walton_lighthouse-2024-01-11-190046Z
-13581782.71359616,4433979.443005968,1.7407297333333334,0.21303258145363407,2024-01-11 19:00:46+00:00,walton_lighthouse-2024-01-11-190046Z
-13581780.857555551,4433979.00248779,1.7407297333333334,0.21553884711779447,2024-01-11 19:00:46+00:00,walton_lighthouse-2024-01-11-190046Z
-13581779.001514964,4433978.561969619,1.7407297333333334,0.21804511278195488,2024-01-11 19:00:46+00:00,walton_lighthouse-2024-01-11-190046Z
-13581777.14547436,4433978.121451446,1.7407297333333334,0.22055137844611528,2024-01-11 19:00:46+00:00,walton_lighthouse-2024-01-11-190046Z
-13581775.325523434,4433977.560494981,1.7407297333333334,0.22305764411027568,2024-01-11 19:00:46+00:00,walton_lighthouse-2024-01-11-190046Z
-13581773.848338058,4433975.85566347,1.7407297333333334,0.22556390977443608,2024-01-11 19:00:46+00:00,walton_lighthouse-2024-01-11-190046Z
-13581772.041459767,4433975.251081137,1.7407297333333334,0.22807017543859648,2024-01-11 19:00:46+00:00,walton_lighthouse-2024-01-11-190046Z
-13581770.18408046,4433974.815030497,1.7407297333333334,0.23057644110275688,2024-01-11 19:00:46+00:00,walton_lighthouse-2024-01-11-190046Z
-13581768.326701133,4433974.378979851,1.7407297333333334,0.23308270676691728,2024-01-11 19:00:46+00:00,walton_lighthouse-2024-01-11-190046Z
-13581766.469321836,4433973.942929214,1.7407297333333334,0.23558897243107768,2024-01-11 19:00:46+00:00,walton_lighthouse-2024-01-11-190046Z
-13581764.61194253,4433973.506878577,1.7407297333333334,0.23809523809523808,2024-01-11 19:00:46+00:00,walton_lighthouse-2024-01-11-190046Z
-13581762.99866478,4433972.256213609,1.7407297333333334,0.24060150375939848,2024-01-11 19:00:46+00:00,walton_lighthouse-2024-01-11-190046Z
-13581761.484769782,4433970.673889202,1.7407297333333334,0.24310776942355888,2024-01-11 19:00:46+00:00,walton_lighthouse-2024-01-11-190046Z
-13581759.638308983,4433970.201401404,1.7407297333333334,0.24561403508771928,2024-01-11 19:00:46+00:00,walton_lighthouse-2024-01-11-190046Z
-13581757.77916772,4433969.771230742,1.7407297333333334,0.24812030075187969,2024-01-11 19:00:46+00:00,walton_lighthouse-2024-01-11-190046Z
-13581755.920026444,4433969.341060075,1.7407297333333334,0.2506265664160401,2024-01-11 19:00:46+00:00,walton_lighthouse-2024-01-11-190046Z
-13581754.06088518,4433968.910889412,1.7407297333333334,0.2531328320802005,2024-01-11 19:00:46+00:00,walton_lighthouse-2024-01-11-190046Z
-13581752.225039888,4433968.402975642,1.7407297333333334,0.2556390977443609,2024-01-11 19:00:46+00:00,walton_lighthouse-2024-01-11-190046Z
-13581750.719675858,4433966.79218171,1.7407297333333334,0.2581453634085213,2024-01-11 19:00:46+00:00,walton_lighthouse-2024-01-11-190046Z
-13581748.895295927,4433966.24600569,1.7407297333333334,0.2606516290726817,2024-01-11 19:00:46+00:00,walton_lighthouse-2024-01-11-190046Z
-13581747.03492045,4433965.819953831,1.7407297333333334,0.2631578947368421,2024-01-11 19:00:46+00:00,walton_lighthouse-2024-01-11-190046Z
-13581745.174544988,4433965.393901976,1.7407297333333334,0.2656641604010025,2024-01-11 19:00:46+00:00,walton_lighthouse-2024-01-11-190046Z
-13581743.31416952,4433964.967850122,1.7407297333333334,0.2681704260651629,2024-01-11 19:00:46+00:00,walton_lighthouse-2024-01-11-190046Z
-13581741.456450814,4433964.532932021,1.7407297333333334,0.2706766917293233,2024-01-11 19:00:46+00:00,walton_lighthouse-2024-01-11-190046Z
-13581739.866079558,4433963.20582372,1.7407297333333334,0.2731829573934837,2024-01-11 19:00:46+00:00,walton_lighthouse-2024-01-11-190046Z
-13581738.004874537,4433962.78254026,1.7407297333333334,0.2756892230576441,2024-01-11 19:00:46+00:00,walton_lighthouse-2024-01-11-190046Z
-13581736.143669505,4433962.359256797,1.7407297333333334,0.2781954887218045,2024-01-11 19:00:46+00:00,walton_lighthouse-2024-01-11-190046Z
-13581734.282464463,4433961.93597333,1.7407297333333334,0.2807017543859649,2024-01-11 19:00:46+00:00,walton_lighthouse-2024-01-11-190046Z
-13581732.421259422,4433961.512689863,1.7407297333333334,0.2832080200501253,2024-01-11 19:00:46+00:00,walton_lighthouse-2024-01-11-190046Z
-13581730.75728114,4433960.43122252,1.7407297333333334,0.2857142857142857,2024-01-11 19:00:46+00:00,walton_lighthouse-2024-01-11-190046Z
-13581729.148885492,4433959.164265108,1.7407297333333334,0.2882205513784461,2024-01-11 19:00:46+00:00,walton_lighthouse-2024-01-11-190046Z
-13581727.286285777,4433958.74563593,1.7407297333333334,0.2907268170426065,2024-01-11 19:00:46+00:00,walton_lighthouse-2024-01-11-190046Z
-13581725.423686076,4433958.32700676,1.7407297333333334,0.2932330827067669,2024-01-11 19:00:46+00:00,walton_lighthouse-2024-01-11-190046Z
-13581723.561086372,4433957.90837759,1.7407297333333334,0.2957393483709273,2024-01-11 19:00:46+00:00,walton_lighthouse-2024-01-11-190046Z
-13581721.698486667,4433957.489748417,1.7407297333333334,0.2982456140350877,2024-01-11 19:00:46+00:00,walton_lighthouse-2024-01-11-190046Z
-13581720.102106784,4433956.182692023,1.7407297333333334,0.3007518796992481,2024-01-11 19:00:46+00:00,walton_lighthouse-2024-01-11-190046Z
-13581718.419803845,4433955.162377583,1.7407297333333334,0.3032581453634085,2024-01-11 19:00:46+00:00,walton_lighthouse-2024-01-11-190046Z
-13581716.555794172,4433954.748453802,1.7407297333333334,0.3057644110275689,2024-01-11 19:00:46+00:00,walton_lighthouse-2024-01-11-190046Z
-13581714.691784477,4433954.334530015,1.7407297333333334,0.3082706766917293,2024-01-11 19:00:46+00:00,walton_lighthouse-2024-01-11-190046Z
-13581712.827774776,4433953.920606222,1.7407297333333334,0.3107769423558897,2024-01-11 19:00:46+00:00,walton_lighthouse-2024-01-11-190046Z
-13581710.981050724,4433953.448996957,1.7407297333333334,0.3132832080200501,2024-01-11 19:00:46+00:00,walton_lighthouse-2024-01-11-190046Z
-13581709.488256432,4433951.796255401,1.7407297333333334,0.3157894736842105,2024-01-11 19:00:46+00:00,walton_lighthouse-2024-01-11-190046Z
-13581707.767803544,4433950.903254707,1.7407297333333334,0.3182957393483709,2024-01-11 19:00:46+00:00,walton_lighthouse-2024-01-11-190046Z
-13581705.902081303,4433950.495046014,1.7407297333333334,0.3208020050125313,2024-01-11 19:00:46+00:00,walton_lighthouse-2024-01-11-190046Z
-13581704.03635908,4433950.086837327,1.7407297333333334,0.3233082706766917,2024-01-11 19:00:46+00:00,walton_lighthouse-2024-01-11-190046Z
-13581702.170636846,4433949.678628638,1.7407297333333334,0.3258145363408521,2024-01-11 19:00:46+00:00,walton_lighthouse-2024-01-11-190046Z
-13581700.40830516,4433948.925385601,1.7407297333333334,0.3283208020050125,2024-01-11 19:00:46+00:00,walton_lighthouse-2024-01-11-190046Z
-13581698.792062815,4433947.6846141545,1.7407297333333334,0.3308270676691729,2024-01-11 19:00:46+00:00,walton_lighthouse-2024-01-11-190046Z
-13581696.925186217,4433947.280257819,1.7407297333333334,0.3333333333333333,2024-01-11 19:00:46+00:00,walton_lighthouse-2024-01-11-190046Z
-13581695.058309617,4433946.875901483,1.7407297333333334,0.3358395989974937,2024-01-11 19:00:46+00:00,walton_lighthouse-2024-01-11-190046Z
-13581693.191432998,4433946.471545142,1.7407297333333334,0.3383458646616541,2024-01-11 19:00:46+00:00,walton_lighthouse-2024-01-11-190046Z
-13581691.36925661,4433945.918015524,1.7407297333333334,0.3408521303258145,2024-01-11 19:00:46+00:00,walton_lighthouse-2024-01-11-190046Z
-13581689.807874262,4433944.494165673,1.7407297333333334,0.3433583959899749,2024-01-11 19:00:46+00:00,walton_lighthouse-2024-01-11-190046Z
-13581687.939832984,4433944.093696052,1.7407297333333334,0.3458646616541353,2024-01-11 19:00:46+00:00,walton_lighthouse-2024-01-11-190046Z
-13581686.071791705,4433943.693226427,1.7407297333333334,0.3483709273182957,2024-01-11 19:00:46+00:00,walton_lighthouse-2024-01-11-190046Z
-13581684.203750435,4433943.292756806,1.7407297333333334,0.3508771929824561,2024-01-11 19:00:46+00:00,walton_lighthouse-2024-01-11-190046Z
-13581682.368769364,4433942.78195894,1.7407297333333334,0.3533834586466165,2024-01-11 19:00:46+00:00,walton_lighthouse-2024-01-11-190046Z
-13581680.869510887,4433941.15078964,1.7407297333333334,0.3558897243107769,2024-01-11 19:00:46+00:00,walton_lighthouse-2024-01-11-190046Z
-13581679.120214611,4433940.354044879,1.7407297333333334,0.3583959899749373,2024-01-11 19:00:46+00:00,walton_lighthouse-2024-01-11-190046Z
-13581677.250406737,4433939.959470768,1.7407297333333334,0.3609022556390977,2024-01-11 19:00:46+00:00,walton_lighthouse-2024-01-11-190046Z
-13581675.38059887,4433939.564896661,1.7407297333333334,0.3634085213032581,2024-01-11 19:00:46+00:00,walton_lighthouse-2024-01-11-190046Z
-13581673.510790994,4433939.170322552,1.7407297333333334,0.3659147869674185,2024-01-11 19:00:46+00:00,walton_lighthouse-2024-01-11-190046Z
-13581671.903425504,4433937.899927279,1.7407297333333334,0.3684210526315789,2024-01-11 19:00:46+00:00,walton_lighthouse-2024-01-11-190046Z
-13581670.116191806,4433937.229787098,1.7407297333333334,0.37092731829573933,2024-01-11 19:00:46+00:00,walton_lighthouse-2024-01-11-190046Z
-13581668.245192925,4433936.839187646,1.7407297333333334,0.37343358395989973,2024-01-11 19:00:46+00:00,walton_lighthouse-2024-01-11-190046Z
-13581666.374194032,4433936.448588192,1.7407297333333334,0.37593984962406013,2024-01-11 19:00:46+00:00,walton_lighthouse-2024-01-11-190046Z
-13581664.503195127,4433936.05798873,1.7407297333333334,0.37844611528822053,2024-01-11 19:00:46+00:00,walton_lighthouse-2024-01-11-190046Z
-13581662.8894065,4433934.809028761,1.7407297333333334,0.38095238095238093,2024-01-11 19:00:46+00:00,walton_lighthouse-2024-01-11-190046Z
-13581661.017507272,4433934.421433906,1.7407297333333334,0.38345864661654133,2024-01-11 19:00:46+00:00,walton_lighthouse-2024-01-11-190046Z
-13581659.145608043,4433934.033839049,1.7407297333333334,0.38596491228070173,2024-01-11 19:00:46+00:00,walton_lighthouse-2024-01-11-190046Z
-13581657.358929556,4433933.361846003,1.7407297333333334,0.38847117794486213,2024-01-11 19:00:46+00:00,walton_lighthouse-2024-01-11-190046Z
-13581655.577796688,4433932.671346233,1.7407297333333334,0.39097744360902253,2024-01-11 19:00:46+00:00,walton_lighthouse-2024-01-11-190046Z
-13581653.95492487,4433931.45269863,1.7407297333333334,0.39348370927318294,2024-01-11 19:00:46+00:00,walton_lighthouse-2024-01-11-190046Z
-13581652.081511404,4433931.070157006,1.7407297333333334,0.39598997493734334,2024-01-11 19:00:46+00:00,walton_lighthouse-2024-01-11-190046Z
-13581650.29307196,4433930.404040664,1.7407297333333334,0.39849624060150374,2024-01-11 19:00:46+00:00,walton_lighthouse-2024-01-11-190046Z
-13581648.419353608,4433930.022516604,1.7407297333333334,0.40100250626566414,2024-01-11 19:00:46+00:00,walton_lighthouse-2024-01-11-190046Z
-13581646.71141622,4433929.08774928,1.7407297333333334,0.40350877192982454,2024-01-11 19:00:46+00:00,walton_lighthouse-2024-01-11-190046Z
-13581645.180321472,4433927.562823753,1.7407297333333334,0.40601503759398494,2024-01-11 19:00:46+00:00,walton_lighthouse-2024-01-11-190046Z
-13581643.304758936,4433927.187454034,1.7407297333333334,0.40852130325814534,2024-01-11 19:00:46+00:00,walton_lighthouse-2024-01-11-190046Z
-13581641.42919642,4433926.812084321,1.7407297333333334,0.41102756892230574,2024-01-11 19:00:46+00:00,walton_lighthouse-2024-01-11-190046Z
-13581639.553633887,4433926.436714606,1.7407297333333334,0.41353383458646614,2024-01-11 19:00:46+00:00,walton_lighthouse-2024-01-11-190046Z
-13581637.874222988,4433925.40674882,1.7407297333333334,0.41604010025062654,2024-01-11 19:00:46+00:00,walton_lighthouse-2024-01-11-190046Z
-13581636.22377347,4433924.280133347,1.7407297333333334,0.41854636591478694,2024-01-11 19:00:46+00:00,walton_lighthouse-2024-01-11-190046Z
-13581634.34665464,4433923.909957329,1.7407297333333334,0.42105263157894735,2024-01-11 19:00:46+00:00,walton_lighthouse-2024-01-11-190046Z
-13581632.469535803,4433923.539781311,1.7407297333333334,0.42355889724310775,2024-01-11 19:00:46+00:00,walton_lighthouse-2024-01-11-190046Z
-13581630.592416955,4433923.169605287,1.7407297333333334,0.42606516290726815,2024-01-11 19:00:46+00:00,walton_lighthouse-2024-01-11-190046Z
-13581629.064717866,4433921.633347806,1.7407297333333334,0.42857142857142855,2024-01-11 19:00:46+00:00,walton_lighthouse-2024-01-11-190046Z
-13581627.425133605,4433920.470472913,1.7407297333333334,0.43107769423558895,2024-01-11 19:00:46+00:00,walton_lighthouse-2024-01-11-190046Z
-13581625.545805529,4433920.10766953,1.7407297333333334,0.43358395989974935,2024-01-11 19:00:46+00:00,walton_lighthouse-2024-01-11-190046Z
-13581623.66647745,4433919.744866143,1.7407297333333334,0.43609022556390975,2024-01-11 19:00:46+00:00,walton_lighthouse-2024-01-11-190046Z
-13581621.793305315,4433919.361519202,1.7407297333333334,0.43859649122807015,2024-01-11 19:00:46+00:00,walton_lighthouse-2024-01-11-190046Z
-13581620.242419606,4433917.902640018,1.7407297333333334,0.44110275689223055,2024-01-11 19:00:46+00:00,walton_lighthouse-2024-01-11-190046Z
-13581618.3618129,4433917.544103718,1.7407297333333334,0.44360902255639095,2024-01-11 19:00:46+00:00,walton_lighthouse-2024-01-11-190046Z
-13581616.481206171,4433917.185567408,1.7407297333333334,0.44611528822055135,2024-01-11 19:00:46+00:00,walton_lighthouse-2024-01-11-190046Z
-13581614.600599462,4433916.827031103,1.7407297333333334,0.44862155388471175,2024-01-11 19:00:46+00:00,walton_lighthouse-2024-01-11-190046Z
-13581613.036629075,4433915.411818013,1.7407297333333334,0.45112781954887216,2024-01-11 19:00:46+00:00,walton_lighthouse-2024-01-11-190046Z
-13581611.170673087,4433915.004389408,1.7407297333333334,0.45363408521303256,2024-01-11 19:00:46+00:00,walton_lighthouse-2024-01-11-190046Z
-13581609.288775722,4433914.65016025,1.7407297333333334,0.45614035087719296,2024-01-11 19:00:46+00:00,walton_lighthouse-2024-01-11-190046Z
-13581607.406878354,4433914.295931092,1.7407297333333334,0.45864661654135336,2024-01-11 19:00:46+00:00,walton_lighthouse-2024-01-11-190046Z
-13581605.818527328,4433912.962080924,1.7407297333333334,0.46115288220551376,2024-01-11 19:00:46+00:00,walton_lighthouse-2024-01-11-190046Z
-13581604.055071156,4433912.212590557,1.7407297333333334,0.46365914786967416,2024-01-11 19:00:46+00:00,walton_lighthouse-2024-01-11-190046Z
-13581602.171543328,4433911.863802544,1.7407297333333334,0.46616541353383456,2024-01-11 19:00:46+00:00,walton_lighthouse-2024-01-11-190046Z
-13581600.288015526,4433911.515014543,1.7407297333333334,0.46867167919799496,2024-01-11 19:00:46+00:00,walton_lighthouse-2024-01-11-190046Z
-13581598.625910465,4433910.427295841,1.7407297333333334,0.47117794486215536,2024-01-11 19:00:46+00:00,walton_lighthouse-2024-01-11-190046Z
-13581596.84879574,4433909.723386666,1.7407297333333334,0.47368421052631576,2024-01-11 19:00:46+00:00,walton_lighthouse-2024-01-11-190046Z
-13581594.96394963,4433909.378998052,1.7407297333333334,0.47619047619047616,2024-01-11 19:00:46+00:00,walton_lighthouse-2024-01-11-190046Z
-13581593.079103531,4433909.034609444,1.7407297333333334,0.47869674185463656,2024-01-11 19:00:46+00:00,walton_lighthouse-2024-01-11-190046Z
-13581591.439192582,4433907.87282473,1.7407297333333334,0.48120300751879697,2024-01-11 19:00:46+00:00,walton_lighthouse-2024-01-11-190046Z
-13581589.553349497,4433907.531763156,1.7407297333333334,0.48370927318295737,2024-01-11 19:00:46+00:00,walton_lighthouse-2024-01-11-190046Z
-13581587.667506432,4433907.190701587,1.7407297333333334,0.48621553884711777,2024-01-11 19:00:46+00:00,walton_lighthouse-2024-01-11-190046Z
-13581585.831476644,4433906.683403477,1.7407297333333334,0.48872180451127817,2024-01-11 19:00:46+00:00,walton_lighthouse-2024-01-11-190046Z
-13581584.138494976,4433905.698726021,1.7407297333333334,0.49122807017543857,2024-01-11 19:00:46+00:00,walton_lighthouse-2024-01-11-190046Z
-13581582.251647798,4433905.361015346,1.7407297333333334,0.49373433583959897,2024-01-11 19:00:46+00:00,walton_lighthouse-2024-01-11-190046Z
-13581580.36480062,4433905.02330467,1.7407297333333334,0.49624060150375937,2024-01-11 19:00:46+00:00,walton_lighthouse-2024-01-11-190046Z
-13581578.638685169,4433904.149201112,1.7407297333333334,0.49874686716791977,2024-01-11 19:00:46+00:00,walton_lighthouse-2024-01-11-190046Z
-13581576.751164582,4433903.813737747,1.7407297333333334,0.5012531328320802,2024-01-11 19:00:46+00:00,walton_lighthouse-2024-01-11-190046Z
-13581574.863643987,4433903.478274377,1.7407297333333334,0.5037593984962405,2024-01-11 19:00:46+00:00,walton_lighthouse-2024-01-11-190046Z
-13581573.130670637,4433902.62705694,1.7407297333333334,0.506265664160401,2024-01-11 19:00:46+00:00,walton_lighthouse-2024-01-11-190046Z
-13581571.247399827,4433902.277411253,1.7407297333333334,0.5087719298245614,2024-01-11 19:00:46+00:00,walton_lighthouse-2024-01-11-190046Z
-13581569.359202595,4433901.944205992,1.7407297333333334,0.5112781954887218,2024-01-11 19:00:46+00:00,walton_lighthouse-2024-01-11-190046Z
-13581567.574248085,4433901.266459716,1.7407297333333334,0.5137844611528821,2024-01-11 19:00:46+00:00,walton_lighthouse-2024-01-11-190046Z
-13581565.74032984,4433900.752114938,1.7407297333333334,0.5162907268170426,2024-01-11 19:00:46+00:00,walton_lighthouse-2024-01-11-190046Z
-13581563.85145272,4433900.421178652,1.7407297333333334,0.518796992481203,2024-01-11 19:00:46+00:00,walton_lighthouse-2024-01-11-190046Z
-13581562.039439082,4433899.833733935,1.7407297333333334,0.5213032581453634,2024-01-11 19:00:46+00:00,walton_lighthouse-2024-01-11-190046Z
-13581560.22993071,4433899.237928649,1.7407297333333334,0.5238095238095237,2024-01-11 19:00:46+00:00,walton_lighthouse-2024-01-11-190046Z
-13581558.34037039,4433898.909272274,1.7407297333333334,0.5263157894736842,2024-01-11 19:00:46+00:00,walton_lighthouse-2024-01-11-190046Z
-13581556.525309406,4433898.331997208,1.7407297333333334,0.5288220551378446,2024-01-11 19:00:46+00:00,walton_lighthouse-2024-01-11-190046Z
-13581554.638620466,4433897.993758503,1.7407297333333334,0.531328320802005,2024-01-11 19:00:46+00:00,walton_lighthouse-2024-01-11-190046Z
-13581552.7487173,4433897.666246212,1.7407297333333334,0.5338345864661653,2024-01-11 19:00:46+00:00,walton_lighthouse-2024-01-11-190046Z
-13581551.012741316,4433896.825049157,1.7407297333333334,0.5363408521303258,2024-01-11 19:00:46+00:00,walton_lighthouse-2024-01-11-190046Z
-13581549.122150011,4433896.49983337,1.7407297333333334,0.5388471177944862,2024-01-11 19:00:46+00:00,walton_lighthouse-2024-01-11-190046Z
-13581547.231558705,4433896.174617576,1.7407297333333334,0.5413533834586466,2024-01-11 19:00:46+00:00,walton_lighthouse-2024-01-11-190046Z
-13581545.555612903,4433895.133088139,1.7407297333333334,0.5438596491228069,2024-01-11 19:00:46+00:00,walton_lighthouse-2024-01-11-190046Z
-13581543.678515702,4433894.762839929,1.7407297333333334,0.5463659147869674,2024-01-11 19:00:46+00:00,walton_lighthouse-2024-01-11-190046Z
-13581541.786885906,4433894.441089804,1.7407297333333334,0.5488721804511278,2024-01-11 19:00:46+00:00,walton_lighthouse-2024-01-11-190046Z
-13581540.0468824,4433893.613333295,1.7407297333333334,0.5513784461152882,2024-01-11 19:00:46+00:00,walton_lighthouse-2024-01-11-190046Z
-13581538.154556056,4433893.293907686,1.7407297333333334,0.5538847117794485,2024-01-11 19:00:46+00:00,walton_lighthouse-2024-01-11-190046Z
-13581536.262229724,4433892.974482085,1.7407297333333334,0.556390977443609,2024-01-11 19:00:46+00:00,walton_lighthouse-2024-01-11-190046Z
-13581534.59557952,4433891.901931397,1.7407297333333334,0.5588972431077694,2024-01-11 19:00:46+00:00,walton_lighthouse-2024-01-11-190046Z
-13581532.702201957,4433891.586013873,1.7407297333333334,0.5614035087719298,2024-01-11 19:00:46+00:00,walton_lighthouse-2024-01-11-190046Z
-13581530.808824398,4433891.270096354,1.7407297333333334,0.5639097744360901,2024-01-11 19:00:46+00:00,walton_lighthouse-2024-01-11-190046Z
-13581529.139607703,4433890.206110605,1.7407297333333334,0.5664160401002506,2024-01-11 19:00:46+00:00,walton_lighthouse-2024-01-11-190046Z
-13581527.245171206,4433889.893727007,1.7407297333333334,0.568922305764411,2024-01-11 19:00:46+00:00,walton_lighthouse-2024-01-11-190046Z
-13581525.360455872,4433889.54890191,1.7407297333333334,0.5714285714285714,2024-01-11 19:00:46+00:00,walton_lighthouse-2024-01-11-190046Z
-13581523.530321514,4433889.021929573,1.7407297333333334,0.5739348370927317,2024-01-11 19:00:46+00:00,walton_lighthouse-2024-01-11-190046Z
-13581521.635530302,4433888.71072974,1.7407297333333334,0.5764411027568922,2024-01-11 19:00:46+00:00,walton_lighthouse-2024-01-11-190046Z
-13581519.851070998,4433888.031330892,1.7407297333333334,0.5789473684210527,2024-01-11 19:00:46+00:00,walton_lighthouse-2024-01-11-190046Z
-13581517.955745948,4433887.721912525,1.7407297333333334,0.581453634085213,2024-01-11 19:00:46+00:00,walton_lighthouse-2024-01-11-190046Z
-13581516.127837546,4433887.187511714,1.7407297333333334,0.5839598997493733,2024-01-11 19:00:46+00:00,walton_lighthouse-2024-01-11-190046Z
-13581514.274183782,4433886.7390282415,1.7407297333333334,0.5864661654135338,2024-01-11 19:00:46+00:00,walton_lighthouse-2024-01-11-190046Z
-13581512.378323156,4433886.431397208,1.7407297333333334,0.5889724310776943,2024-01-11 19:00:46+00:00,walton_lighthouse-2024-01-11-190046Z
-13581510.627137637,4433885.640957249,1.7407297333333334,0.5914786967418546,2024-01-11 19:00:46+00:00,walton_lighthouse-2024-01-11-190046Z
-13581508.730559677,4433885.335720124,1.7407297333333334,0.593984962406015,2024-01-11 19:00:46+00:00,walton_lighthouse-2024-01-11-190046Z
-13581506.955869485,4433884.623719869,1.7407297333333334,0.5964912280701754,2024-01-11 19:00:46+00:00,walton_lighthouse-2024-01-11-190046Z
-13581505.080633327,4433884.247260982,1.7407297333333334,0.5989974937343359,2024-01-11 19:00:46+00:00,walton_lighthouse-2024-01-11-190046Z
-13581503.183334451,4433883.944429625,1.7407297333333334,0.6015037593984962,2024-01-11 19:00:46+00:00,walton_lighthouse-2024-01-11-190046Z
-13581501.428527968,4433883.16607357,1.7407297333333334,0.6040100250626566,2024-01-11 19:00:46+00:00,walton_lighthouse-2024-01-11-190046Z
-13581499.530504642,4433882.865659947,1.7407297333333334,0.606516290726817,2024-01-11 19:00:46+00:00,walton_lighthouse-2024-01-11-190046Z
-13581497.703266164,4433882.329023478,1.7407297333333334,0.6090225563909775,2024-01-11 19:00:46+00:00,walton_lighthouse-2024-01-11-190046Z
-13581495.80487922,4433882.029823219,1.7407297333333334,0.6115288220551378,2024-01-11 19:00:46+00:00,walton_lighthouse-2024-01-11-190046Z
-13581493.976724489,4433881.496244533,1.7407297333333334,0.6140350877192982,2024-01-11 19:00:46+00:00,walton_lighthouse-2024-01-11-190046Z
-13581492.077973057,4433881.198260681,1.7407297333333334,0.6165413533834586,2024-01-11 19:00:46+00:00,walton_lighthouse-2024-01-11-190046Z
-13581490.248898154,4433880.667752718,1.7407297333333334,0.6190476190476191,2024-01-11 19:00:46+00:00,walton_lighthouse-2024-01-11-190046Z
-13581488.349781308,4433880.370988293,1.7407297333333334,0.6215538847117794,2024-01-11 19:00:46+00:00,walton_lighthouse-2024-01-11-190046Z
-13581486.519782368,4433879.843564087,1.7407297333333334,0.6240601503759398,2024-01-11 19:00:46+00:00,walton_lighthouse-2024-01-11-190046Z
-13581484.62029921,4433879.5480221445,1.7407297333333334,0.6265664160401002,2024-01-11 19:00:46+00:00,walton_lighthouse-2024-01-11-190046Z
-13581482.842044814,4433878.847916279,1.7407297333333334,0.6290726817042607,2024-01-11 19:00:46+00:00,walton_lighthouse-2024-01-11-190046Z
-13581480.957881572,4433878.501248832,1.7407297333333334,0.631578947368421,2024-01-11 19:00:46+00:00,walton_lighthouse-2024-01-11-190046Z
-13581479.123671267,4433877.987878728,1.7407297333333334,0.6340852130325814,2024-01-11 19:00:46+00:00,walton_lighthouse-2024-01-11-190046Z
-13581477.225237362,4433877.688835233,1.7407297333333334,0.6365914786967418,2024-01-11 19:00:46+00:00,walton_lighthouse-2024-01-11-190046Z
-13581475.416897042,4433877.089131924,1.7407297333333334,0.6390977443609023,2024-01-11 19:00:46+00:00,walton_lighthouse-2024-01-11-190046Z
-13581473.558677034,4433876.655886854,1.7407297333333334,0.6416040100250626,2024-01-11 19:00:46+00:00,walton_lighthouse-2024-01-11-190046Z
-13581471.721328584,4433876.15298941,1.7407297333333334,0.644110275689223,2024-01-11 19:00:46+00:00,walton_lighthouse-2024-01-11-190046Z
-13581469.889823733,4433875.63059065,1.7407297333333334,0.6466165413533834,2024-01-11 19:00:46+00:00,walton_lighthouse-2024-01-11-190046Z
-13581468.036589816,4433875.180705983,1.7407297333333334,0.6491228070175439,2024-01-11 19:00:46+00:00,walton_lighthouse-2024-01-11-190046Z
-13581466.285403632,4433874.390268276,1.7407297333333334,0.6516290726817042,2024-01-11 19:00:46+00:00,walton_lighthouse-2024-01-11-190046Z
-13581464.382206354,4433874.107121116,1.7407297333333334,0.6541353383458646,2024-01-11 19:00:46+00:00,walton_lighthouse-2024-01-11-190046Z
-13581462.545168474,4433873.603187199,1.7407297333333334,0.656641604010025,2024-01-11 19:00:46+00:00,walton_lighthouse-2024-01-11-190046Z
-13581460.698179798,4433873.132460919,1.7407297333333334,0.6591478696741855,2024-01-11 19:00:46+00:00,walton_lighthouse-2024-01-11-190046Z
-13581458.869331226,4433872.601197677,1.7407297333333334,0.6616541353383458,2024-01-11 19:00:46+00:00,walton_lighthouse-2024-01-11-190046Z
-13581457.043836145,4433872.058743218,1.7407297333333334,0.6641604010025062,2024-01-11 19:00:46+00:00,walton_lighthouse-2024-01-11-190046Z
-13581455.191130456,4433871.6070957845,1.7407297333333334,0.6666666666666666,2024-01-11 19:00:46+00:00,walton_lighthouse-2024-01-11-190046Z
-13581453.398975756,4433870.953377947,1.7407297333333334,0.6691729323308271,2024-01-11 19:00:46+00:00,walton_lighthouse-2024-01-11-190046Z
-13581451.51054803,4433870.620941866,1.7407297333333334,0.6716791979949874,2024-01-11 19:00:46+00:00,walton_lighthouse-2024-01-11-190046Z
-13581449.763297316,4433869.817370774,1.7407297333333334,0.6741854636591478,2024-01-11 19:00:46+00:00,walton_lighthouse-2024-01-11-190046Z
-13581447.89217536,4433869.427182005,1.7407297333333334,0.6766917293233082,2024-01-11 19:00:46+00:00,walton_lighthouse-2024-01-11-190046Z
-13581446.114112193,4433868.726437966,1.7407297333333334,0.6791979949874687,2024-01-11 19:00:46+00:00,walton_lighthouse-2024-01-11-190046Z
-13581444.206332069,4433868.45858463,1.7407297333333334,0.681704260651629,2024-01-11 19:00:46+00:00,walton_lighthouse-2024-01-11-190046Z
-13581442.490877638,4433867.548903152,1.7407297333333334,0.6842105263157894,2024-01-11 19:00:46+00:00,walton_lighthouse-2024-01-11-190046Z
-13581440.581929652,4433867.284947186,1.7407297333333334,0.6867167919799498,2024-01-11 19:00:46+00:00,walton_lighthouse-2024-01-11-190046Z
-13581438.80045992,4433866.595571504,1.7407297333333334,0.6892230576441103,2024-01-11 19:00:46+00:00,walton_lighthouse-2024-01-11-190046Z
-13581436.890728343,4433866.334230576,1.7407297333333334,0.6917293233082706,2024-01-11 19:00:46+00:00,walton_lighthouse-2024-01-11-190046Z
-13581435.107560268,4433865.650522672,1.7407297333333334,0.694235588972431,2024-01-11 19:00:46+00:00,walton_lighthouse-2024-01-11-190046Z
-13581433.262528593,4433865.173265502,1.7407297333333334,0.6967418546365914,2024-01-11 19:00:46+00:00,walton_lighthouse-2024-01-11-190046Z
-13581431.47522312,4433864.50336487,1.7407297333333334,0.6992481203007519,2024-01-11 19:00:46+00:00,walton_lighthouse-2024-01-11-190046Z
-13581429.67683622,4433863.870445158,1.7407297333333334,0.7017543859649122,2024-01-11 19:00:46+00:00,walton_lighthouse-2024-01-11-190046Z
-13581427.839588864,4433863.367210274,1.7407297333333334,0.7042606516290726,2024-01-11 19:00:46+00:00,walton_lighthouse-2024-01-11-190046Z
-13581426.098525016,4433862.542992358,1.7407297333333334,0.706766917293233,2024-01-11 19:00:46+00:00,walton_lighthouse-2024-01-11-190046Z
-13581424.231922626,4433862.137720885,1.7407297333333334,0.7092731829573935,2024-01-11 19:00:46+00:00,walton_lighthouse-2024-01-11-190046Z
-13581422.473605022,4433861.371082161,1.7407297333333334,0.7117794486215538,2024-01-11 19:00:46+00:00,walton_lighthouse-2024-01-11-190046Z
-13581420.558272729,4433861.12843186,1.7407297333333334,0.7142857142857142,2024-01-11 19:00:46+00:00,walton_lighthouse-2024-01-11-190046Z
-13581418.891442295,4433860.056482617,1.7407297333333334,0.7167919799498746,2024-01-11 19:00:46+00:00,walton_lighthouse-2024-01-11-190046Z
-13581416.974471703,4433859.819299659,1.7407297333333334,0.7192982456140351,2024-01-11 19:00:46+00:00,walton_lighthouse-2024-01-11-190046Z
-13581415.24312994,4433858.962637293,1.7407297333333334,0.7218045112781954,2024-01-11 19:00:46+00:00,walton_lighthouse-2024-01-11-190046Z
-13581413.40767836,4433858.45340956,1.7407297333333334,0.7243107769423558,2024-01-11 19:00:46+00:00,walton_lighthouse-2024-01-11-190046Z
-13581411.71522093,4433857.466982571,1.7407297333333334,0.7268170426065163,2024-01-11 19:00:46+00:00,walton_lighthouse-2024-01-11-190046Z
-13581409.856698137,4433857.03474795,1.7407297333333334,0.7293233082706767,2024-01-11 19:00:46+00:00,walton_lighthouse-2024-01-11-190046Z
-13581407.935977217,4433856.810080611,1.7407297333333334,0.731829573934837,2024-01-11 19:00:46+00:00,walton_lighthouse-2024-01-11-190046Z
-13581406.076354308,4433856.381517258,1.7407297333333334,0.7343358395989974,2024-01-11 19:00:46+00:00,walton_lighthouse-2024-01-11-190046Z
-13581404.21604972,4433855.955228796,1.7407297333333334,0.7368421052631579,2024-01-11 19:00:46+00:00,walton_lighthouse-2024-01-11-190046Z
-13581402.377639638,4433855.455874152,1.7407297333333334,0.7393483709273183,2024-01-11 19:00:46+00:00,walton_lighthouse-2024-01-11-190046Z
-13581400.49338452,4433855.109513329,1.7407297333333334,0.7418546365914787,2024-01-11 19:00:46+00:00,walton_lighthouse-2024-01-11-190046Z
-13581398.691231197,4433854.489162883,1.7407297333333334,0.744360902255639,2024-01-11 19:00:46+00:00,walton_lighthouse-2024-01-11-190046Z
-13581396.82790583,4433854.072955307,1.7407297333333334,0.7468671679197995,2024-01-11 19:00:46+00:00,walton_lighthouse-2024-01-11-190046Z
-13581394.948339926,4433853.710945634,1.7407297333333334,0.7493734335839599,2024-01-11 19:00:46+00:00,walton_lighthouse-2024-01-11-190046Z
-13581393.099160602,4433853.24753008,1.7407297333333334,0.7518796992481203,2024-01-11 19:00:46+00:00,walton_lighthouse-2024-01-11-190046Z
-13581391.293032924,4433852.640442807,1.7407297333333334,0.7543859649122806,2024-01-11 19:00:46+00:00,walton_lighthouse-2024-01-11-190046Z
-13581389.426627902,4433852.234512664,1.7407297333333334,0.7568922305764411,2024-01-11 19:00:46+00:00,walton_lighthouse-2024-01-11-190046Z
-13581387.559512516,4433851.8309532,1.7407297333333334,0.7593984962406015,2024-01-11 19:00:46+00:00,walton_lighthouse-2024-01-11-190046Z
-13581385.642563226,4433851.593699191,1.7407297333333334,0.7619047619047619,2024-01-11 19:00:46+00:00,walton_lighthouse-2024-01-11-190046Z
-13581383.76494598,4433851.225186436,1.7407297333333334,0.7644110275689222,2024-01-11 19:00:46+00:00,walton_lighthouse-2024-01-11-190046Z
-13581381.953874929,4433850.634596114,1.7407297333333334,0.7669172932330827,2024-01-11 19:00:46+00:00,walton_lighthouse-2024-01-11-190046Z
-13581380.141677031,4433850.04776636,1.7407297333333334,0.7694235588972431,2024-01-11 19:00:46+00:00,walton_lighthouse-2024-01-11-190046Z
-13581378.21317759,4433849.849057395,1.7407297333333334,0.7719298245614035,2024-01-11 19:00:46+00:00,walton_lighthouse-2024-01-11-190046Z
-13581376.341738308,4433849.459927583,1.7407297333333334,0.7744360902255638,2024-01-11 19:00:46+00:00,walton_lighthouse-2024-01-11-190046Z
-13581374.518630704,4433848.909505575,1.7407297333333334,0.7769423558897243,2024-01-11 19:00:46+00:00,walton_lighthouse-2024-01-11-190046Z
-13581372.620475177,4433848.609533127,1.7407297333333334,0.7794486215538847,2024-01-11 19:00:46+00:00,walton_lighthouse-2024-01-11-190046Z
-13581370.723021962,4433848.307216867,1.7407297333333334,0.7819548872180451,2024-01-11 19:00:46+00:00,walton_lighthouse-2024-01-11-190046Z
-13581368.783310087,4433848.145925917,1.7407297333333334,0.7844611528822054,2024-01-11 19:00:46+00:00,walton_lighthouse-2024-01-11-190046Z
-13581366.843315026,4433847.985580077,1.7407297333333334,0.7869674185463659,2024-01-11 19:00:46+00:00,walton_lighthouse-2024-01-11-190046Z
-13581364.889766518,4433847.870464709,1.7407297333333334,0.7894736842105263,2024-01-11 19:00:46+00:00,walton_lighthouse-2024-01-11-190046Z
-13581362.9474967,4433847.717710159,1.7407297333333334,0.7919799498746867,2024-01-11 19:00:46+00:00,walton_lighthouse-2024-01-11-190046Z
-13581360.990759378,4433847.613236416,1.7407297333333334,0.794486215538847,2024-01-11 19:00:46+00:00,walton_lighthouse-2024-01-11-190046Z
-13581359.087829957,4433847.329195332,1.7407297333333334,0.7969924812030075,2024-01-11 19:00:46+00:00,walton_lighthouse-2024-01-11-190046Z
-13581357.30062322,4433846.658965268,1.7407297333333334,0.7994987468671679,2024-01-11 19:00:46+00:00,walton_lighthouse-2024-01-11-190046Z
-13581355.439498004,4433846.235415407,1.7407297333333334,0.8020050125313283,2024-01-11 19:00:46+00:00,walton_lighthouse-2024-01-11-190046Z
-13581353.560616871,4433845.871120463,1.7407297333333334,0.8045112781954886,2024-01-11 19:00:46+00:00,walton_lighthouse-2024-01-11-190046Z
-13581351.73356405,4433845.333864446,1.7407297333333334,0.8070175438596491,2024-01-11 19:00:46+00:00,walton_lighthouse-2024-01-11-190046Z
-13581349.85285272,4433844.975677318,1.7407297333333334,0.8095238095238095,2024-01-11 19:00:46+00:00,walton_lighthouse-2024-01-11-190046Z
-13581347.960806737,4433844.655316119,1.7407297333333334,0.8120300751879699,2024-01-11 19:00:46+00:00,walton_lighthouse-2024-01-11-190046Z
-13581346.047277495,4433844.4066486,1.7407297333333334,0.8145363408521302,2024-01-11 19:00:46+00:00,walton_lighthouse-2024-01-11-190046Z
-13581344.154764906,4433844.087844531,1.7407297333333334,0.8170426065162907,2024-01-11 19:00:46+00:00,walton_lighthouse-2024-01-11-190046Z
-13581342.297946343,4433843.649922597,1.7407297333333334,0.8195488721804511,2024-01-11 19:00:46+00:00,walton_lighthouse-2024-01-11-190046Z
-13581340.437724464,4433843.223358166,1.7407297333333334,0.8220551378446115,2024-01-11 19:00:46+00:00,walton_lighthouse-2024-01-11-190046Z
-13581338.602884172,4433842.712090427,1.7407297333333334,0.8245614035087718,2024-01-11 19:00:46+00:00,walton_lighthouse-2024-01-11-190046Z
-13581336.766751116,4433842.2051368775,1.7407297333333334,0.8270676691729323,2024-01-11 19:00:46+00:00,walton_lighthouse-2024-01-11-190046Z
-13581334.929314349,4433841.702534151,1.7407297333333334,0.8295739348370927,2024-01-11 19:00:46+00:00,walton_lighthouse-2024-01-11-190046Z
-13581333.04059564,4433841.371069148,1.7407297333333334,0.8320802005012531,2024-01-11 19:00:46+00:00,walton_lighthouse-2024-01-11-190046Z
-13581331.15970492,4433841.013480593,1.7407297333333334,0.8345864661654134,2024-01-11 19:00:46+00:00,walton_lighthouse-2024-01-11-190046Z
-13581329.3560913,4433840.398003439,1.7407297333333334,0.8370927318295739,2024-01-11 19:00:46+00:00,walton_lighthouse-2024-01-11-190046Z
-13581327.467676582,4433840.065523984,1.7407297333333334,0.8395989974937343,2024-01-11 19:00:46+00:00,walton_lighthouse-2024-01-11-190046Z
-13581325.623952098,4433839.583904536,1.7407297333333334,0.8421052631578947,2024-01-11 19:00:46+00:00,walton_lighthouse-2024-01-11-190046Z
-13581323.778861592,4433839.106843722,1.7407297333333334,0.844611528822055,2024-01-11 19:00:46+00:00,walton_lighthouse-2024-01-11-190046Z
-13581321.946072366,4433838.588731246,1.7407297333333334,0.8471177944862155,2024-01-11 19:00:46+00:00,walton_lighthouse-2024-01-11-190046Z
-13581320.157823311,4433837.92197955,1.7407297333333334,0.849624060150376,2024-01-11 19:00:46+00:00,walton_lighthouse-2024-01-11-190046Z
-13581318.371923275,4433837.247388625,1.7407297333333334,0.8521303258145363,2024-01-11 19:00:46+00:00,walton_lighthouse-2024-01-11-190046Z
-13581316.588327264,4433836.565108819,1.7407297333333334,0.8546365914786966,2024-01-11 19:00:46+00:00,walton_lighthouse-2024-01-11-190046Z
-13581314.806991342,4433835.875286675,1.7407297333333334,0.8571428571428571,2024-01-11 19:00:46+00:00,walton_lighthouse-2024-01-11-190046Z
-13581313.014796596,4433835.221702499,1.7407297333333334,0.8596491228070176,2024-01-11 19:00:46+00:00,walton_lighthouse-2024-01-11-190046Z
-13581311.110045526,4433834.943740584,1.7407297333333334,0.8621553884711779,2024-01-11 19:00:46+00:00,walton_lighthouse-2024-01-11-190046Z
-13581309.287355646,4433834.391924549,1.7407297333333334,0.8646616541353382,2024-01-11 19:00:46+00:00,walton_lighthouse-2024-01-11-190046Z
-13581307.50411659,4433833.708453548,1.7407297333333334,0.8671679197994987,2024-01-11 19:00:46+00:00,walton_lighthouse-2024-01-11-190046Z
-13581305.73568898,4433832.97555383,1.7407297333333334,0.8696741854636592,2024-01-11 19:00:46+00:00,walton_lighthouse-2024-01-11-190046Z
-13581303.952827403,4433832.290823004,1.7407297333333334,0.8721804511278195,2024-01-11 19:00:46+00:00,walton_lighthouse-2024-01-11-190046Z
-13581302.014330052,4433832.125479024,1.7407297333333334,0.8746867167919798,2024-01-11 19:00:46+00:00,walton_lighthouse-2024-01-11-190046Z
-13581300.106721848,4433831.857051948,1.7407297333333334,0.8771929824561403,2024-01-11 19:00:46+00:00,walton_lighthouse-2024-01-11-190046Z
-13581298.16634215,4433831.697989703,1.7407297333333334,0.8796992481203008,2024-01-11 19:00:46+00:00,walton_lighthouse-2024-01-11-190046Z
-13581296.250853293,4433831.455861833,1.7407297333333334,0.8822055137844611,2024-01-11 19:00:46+00:00,walton_lighthouse-2024-01-11-190046Z
-13581294.288605358,4433831.36977813,1.7407297333333334,0.8847117794486214,2024-01-11 19:00:46+00:00,walton_lighthouse-2024-01-11-190046Z
-13581292.314614547,4433831.322882748,1.7407297333333334,0.8872180451127819,2024-01-11 19:00:46+00:00,walton_lighthouse-2024-01-11-190046Z
-13581290.275041506,4433831.494847893,1.7407297333333334,0.8897243107769424,2024-01-11 19:00:46+00:00,walton_lighthouse-2024-01-11-190046Z
-13581288.22662514,4433831.696324901,1.7407297333333334,0.8922305764411027,2024-01-11 19:00:46+00:00,walton_lighthouse-2024-01-11-190046Z
-13581286.178664558,4433831.89628092,1.7407297333333334,0.894736842105263,2024-01-11 19:00:46+00:00,walton_lighthouse-2024-01-11-190046Z
-13581284.072923644,4433832.28906116,1.7407297333333334,0.8972431077694235,2024-01-11 19:00:46+00:00,walton_lighthouse-2024-01-11-190046Z
-13581282.09638315,4433832.25067453,1.7407297333333334,0.899749373433584,2024-01-11 19:00:46+00:00,walton_lighthouse-2024-01-11-190046Z
-13581280.27205597,4433831.704322429,1.7407297333333334,0.9022556390977443,2024-01-11 19:00:46+00:00,walton_lighthouse-2024-01-11-190046Z
-13581278.414294422,4433831.26954739,1.7407297333333334,0.9047619047619047,2024-01-11 19:00:46+00:00,walton_lighthouse-2024-01-11-190046Z
-13581276.68400292,4433830.409380131,1.7407297333333334,0.9072681704260651,2024-01-11 19:00:46+00:00,walton_lighthouse-2024-01-11-190046Z
-13581274.84838047,4433829.900722622,1.7407297333333334,0.9097744360902256,2024-01-11 19:00:46+00:00,walton_lighthouse-2024-01-11-190046Z
-13581273.149174394,4433828.936817195,1.7407297333333334,0.9122807017543859,2024-01-11 19:00:46+00:00,walton_lighthouse-2024-01-11-190046Z
-13581271.426810583,4433828.05019361,1.7407297333333334,0.9147869674185463,2024-01-11 19:00:46+00:00,walton_lighthouse-2024-01-11-190046Z
-13581269.743888125,4433827.031946681,1.7407297333333334,0.9172932330827067,2024-01-11 19:00:46+00:00,walton_lighthouse-2024-01-11-190046Z
-13581268.01727075,4433826.159518087,1.7407297333333334,0.9197994987468672,2024-01-11 19:00:46+00:00,walton_lighthouse-2024-01-11-190046Z
-13581266.297943972,4433825.26275932,1.7407297333333334,0.9223057644110275,2024-01-11 19:00:46+00:00,walton_lighthouse-2024-01-11-190046Z
-13581264.590920238,4433824.324943031,1.7407297333333334,0.9248120300751879,2024-01-11 19:00:46+00:00,walton_lighthouse-2024-01-11-190046Z
-13581262.88488285,4433823.383835007,1.7407297333333334,0.9273182957393483,2024-01-11 19:00:46+00:00,walton_lighthouse-2024-01-11-190046Z
-13581261.179817503,4433822.439483086,1.7407297333333334,0.9298245614035088,2024-01-11 19:00:46+00:00,walton_lighthouse-2024-01-11-190046Z
-13581259.6011294,4433821.073385831,1.7407297333333334,0.9323308270676691,2024-01-11 19:00:46+00:00,walton_lighthouse-2024-01-11-190046Z
-13581257.896891735,4433820.126271856,1.7407297333333334,0.9348370927318295,2024-01-11 19:00:46+00:00,walton_lighthouse-2024-01-11-190046Z
-13581256.193599513,4433819.176002753,1.7407297333333334,0.9373433583959899,2024-01-11 19:00:46+00:00,walton_lighthouse-2024-01-11-190046Z
-13581254.491239153,4433818.222623725,1.7407297333333334,0.9398496240601504,2024-01-11 19:00:46+00:00,walton_lighthouse-2024-01-11-190046Z
-13581252.66858869,4433817.670676182,1.7407297333333334,0.9423558897243107,2024-01-11 19:00:46+00:00,walton_lighthouse-2024-01-11-190046Z
-13581250.743655955,4433817.460064457,1.7407297333333334,0.9448621553884711,2024-01-11 19:00:46+00:00,walton_lighthouse-2024-01-11-190046Z
-13581248.7430163,4433817.5021013785,1.7407297333333334,0.9473684210526315,2024-01-11 19:00:46+00:00,walton_lighthouse-2024-01-11-190046Z
-13581246.51554529,4433818.301118482,1.7407297333333334,0.949874686716792,2024-01-11 19:00:46+00:00,walton_lighthouse-2024-01-11-190046Z
-13581244.216744613,4433819.338176518,1.7407297333333334,0.9523809523809523,2024-01-11 19:00:46+00:00,walton_lighthouse-2024-01-11-190046Z
-13581244.216744613,4433819.338176518,1.7407297333333334,0.9548872180451127,2024-01-11 19:00:46+00:00,walton_lighthouse-2024-01-11-190046Z
-13581244.216744613,4433819.338176518,1.7407297333333334,0.9573934837092731,2024-01-11 19:00:46+00:00,walton_lighthouse-2024-01-11-190046Z
-13581244.216744613,4433819.338176518,1.7407297333333334,0.9598997493734336,2024-01-11 19:00:46+00:00,walton_lighthouse-2024-01-11-190046Z
-13581244.216744613,4433819.338176518,1.7407297333333334,0.9624060150375939,2024-01-11 19:00:46+00:00,walton_lighthouse-2024-01-11-190046Z
-13581244.216744613,4433819.338176518,1.7407297333333334,0.9649122807017543,2024-01-11 19:00:46+00:00,walton_lighthouse-2024-01-11-190046Z
-13581244.216744613,4433819.338176518,1.7407297333333334,0.9674185463659147,2024-01-11 19:00:46+00:00,walton_lighthouse-2024-01-11-190046Z
-13581244.216744613,4433819.338176518,1.7407297333333334,0.9699248120300752,2024-01-11 19:00:46+00:00,walton_lighthouse-2024-01-11-190046Z
-13581244.216744613,4433819.338176518,1.7407297333333334,0.9724310776942355,2024-01-11 19:00:46+00:00,walton_lighthouse-2024-01-11-190046Z
-13581244.216744613,4433819.338176518,1.7407297333333334,0.9749373433583959,2024-01-11 19:00:46+00:00,walton_lighthouse-2024-01-11-190046Z
-13581244.216744613,4433819.338176518,1.7407297333333334,0.9774436090225563,2024-01-11 19:00:46+00:00,walton_lighthouse-2024-01-11-190046Z
-13581244.216744613,4433819.338176518,1.7407297333333334,0.9799498746867168,2024-01-11 19:00:46+00:00,walton_lighthouse-2024-01-11-190046Z
-13581244.216744613,4433819.338176518,1.7407297333333334,0.9824561403508771,2024-01-11 19:00:46+00:00,walton_lighthouse-2024-01-11-190046Z
-13581244.216744613,4433819.338176518,1.7407297333333334,0.9849624060150375,2024-01-11 19:00:46+00:00,walton_lighthouse-2024-01-11-190046Z
-13581244.216744613,4433819.338176518,1.7407297333333334,0.9874686716791979,2024-01-11 19:00:46+00:00,walton_lighthouse-2024-01-11-190046Z
-13581244.216744613,4433819.338176518,1.7407297333333334,0.9899749373433584,2024-01-11 19:00:46+00:00,walton_lighthouse-2024-01-11-190046Z
-13581244.216744613,4433819.338176518,1.7407297333333334,0.9924812030075187,2024-01-11 19:00:46+00:00,walton_lighthouse-2024-01-11-190046Z
-13581244.216744613,4433819.338176518,1.7407297333333334,0.9949874686716791,2024-01-11 19:00:46+00:00,walton_lighthouse-2024-01-11-190046Z
-13581244.216744613,4433819.338176518,1.7407297333333334,0.9974937343358395,2024-01-11 19:00:46+00:00,walton_lighthouse-2024-01-11-190046Z
-13581244.216744613,4433819.338176518,1.7407297333333334,1.0,2024-01-11 19:00:46+00:00,walton_lighthouse-2024-01-11-190046Z
-13581930.22814628,4434051.0896213055,1.5702957333333334,0.0,2024-01-11 19:30:46+00:00,walton_lighthouse-2024-01-11-193046Z
-13581928.395521984,4434050.570958404,1.5702957333333334,0.002506265664160401,2024-01-11 19:30:46+00:00,walton_lighthouse-2024-01-11-193046Z
-13581926.63074506,4434049.825875632,1.5702957333333334,0.005012531328320802,2024-01-11 19:30:46+00:00,walton_lighthouse-2024-01-11-193046Z
-13581925.192033818,4434047.992648375,1.5702957333333334,0.007518796992481203,2024-01-11 19:30:46+00:00,walton_lighthouse-2024-01-11-193046Z
-13581923.7533226,4434046.159421112,1.5702957333333334,0.010025062656641603,2024-01-11 19:30:46+00:00,walton_lighthouse-2024-01-11-193046Z
-13581922.02105284,4434045.30585574,1.5702957333333334,0.012531328320802004,2024-01-11 19:30:46+00:00,walton_lighthouse-2024-01-11-193046Z
-13581920.186218986,4434044.794566493,1.5702957333333334,0.015037593984962405,2024-01-11 19:30:46+00:00,walton_lighthouse-2024-01-11-193046Z
-13581918.351385128,4434044.28327724,1.5702957333333334,0.017543859649122806,2024-01-11 19:30:46+00:00,walton_lighthouse-2024-01-11-193046Z
-13581916.516551286,4434043.771987993,1.5702957333333334,0.020050125313283207,2024-01-11 19:30:46+00:00,walton_lighthouse-2024-01-11-193046Z
-13581914.681717465,4434043.2606987525,1.5702957333333334,0.022556390977443608,2024-01-11 19:30:46+00:00,walton_lighthouse-2024-01-11-193046Z
-13581912.84688363,4434042.749409512,1.5702957333333334,0.02506265664160401,2024-01-11 19:30:46+00:00,walton_lighthouse-2024-01-11-193046Z
-13581911.01204976,4434042.238120256,1.5702957333333334,0.02756892230576441,2024-01-11 19:30:46+00:00,walton_lighthouse-2024-01-11-193046Z
-13581909.319966968,4434041.250443068,1.5702957333333334,0.03007518796992481,2024-01-11 19:30:46+00:00,walton_lighthouse-2024-01-11-193046Z
-13581907.876401989,4434039.433413808,1.5702957333333334,0.03258145363408521,2024-01-11 19:30:46+00:00,walton_lighthouse-2024-01-11-193046Z
-13581906.432836987,4434037.61638456,1.5702957333333334,0.03508771929824561,2024-01-11 19:30:46+00:00,walton_lighthouse-2024-01-11-193046Z
-13581904.98927198,4434035.79935531,1.5702957333333334,0.03759398496240601,2024-01-11 19:30:46+00:00,walton_lighthouse-2024-01-11-193046Z
-13581903.464155223,4434034.25448004,1.5702957333333334,0.040100250626566414,2024-01-11 19:30:46+00:00,walton_lighthouse-2024-01-11-193046Z
-13581901.625464767,4434033.756061134,1.5702957333333334,0.042606516290726815,2024-01-11 19:30:46+00:00,walton_lighthouse-2024-01-11-193046Z
-13581899.786774289,4434033.257642224,1.5702957333333334,0.045112781954887216,2024-01-11 19:30:46+00:00,walton_lighthouse-2024-01-11-193046Z
-13581897.948083796,4434032.759223308,1.5702957333333334,0.047619047619047616,2024-01-11 19:30:46+00:00,walton_lighthouse-2024-01-11-193046Z
-13581896.109393332,4434032.2608044,1.5702957333333334,0.05012531328320802,2024-01-11 19:30:46+00:00,walton_lighthouse-2024-01-11-193046Z
-13581894.27070286,4434031.762385491,1.5702957333333334,0.05263157894736842,2024-01-11 19:30:46+00:00,walton_lighthouse-2024-01-11-193046Z
-13581892.432012388,4434031.263966581,1.5702957333333334,0.05513784461152882,2024-01-11 19:30:46+00:00,walton_lighthouse-2024-01-11-193046Z
-13581890.63185316,4434030.63696136,1.5702957333333334,0.05764411027568922,2024-01-11 19:30:46+00:00,walton_lighthouse-2024-01-11-193046Z
-13581889.18370854,4434028.835215183,1.5702957333333334,0.06015037593984962,2024-01-11 19:30:46+00:00,walton_lighthouse-2024-01-11-193046Z
-13581887.735563954,4434027.033468993,1.5702957333333334,0.06265664160401002,2024-01-11 19:30:46+00:00,walton_lighthouse-2024-01-11-193046Z
-13581885.93963584,4434026.392343751,1.5702957333333334,0.06516290726817042,2024-01-11 19:30:46+00:00,walton_lighthouse-2024-01-11-193046Z
-13581884.098850563,4434025.9009155305,1.5702957333333334,0.06766917293233082,2024-01-11 19:30:46+00:00,walton_lighthouse-2024-01-11-193046Z
-13581882.354374006,4434025.088086507,1.5702957333333334,0.07017543859649122,2024-01-11 19:30:46+00:00,walton_lighthouse-2024-01-11-193046Z
-13581880.513353685,4434024.597442811,1.5702957333333334,0.07268170426065163,2024-01-11 19:30:46+00:00,walton_lighthouse-2024-01-11-193046Z
-13581878.672333352,4434024.106799115,1.5702957333333334,0.07518796992481203,2024-01-11 19:30:46+00:00,walton_lighthouse-2024-01-11-193046Z
-13581876.831312984,4434023.6161554055,1.5702957333333334,0.07769423558897243,2024-01-11 19:30:46+00:00,walton_lighthouse-2024-01-11-193046Z
-13581874.99029266,4434023.12551171,1.5702957333333334,0.08020050125313283,2024-01-11 19:30:46+00:00,walton_lighthouse-2024-01-11-193046Z
-13581873.45253016,4434021.622837785,1.5702957333333334,0.08270676691729323,2024-01-11 19:30:46+00:00,walton_lighthouse-2024-01-11-193046Z
-13581872.00005748,4434019.835535131,1.5702957333333334,0.08521303258145363,2024-01-11 19:30:46+00:00,walton_lighthouse-2024-01-11-193046Z
-13581870.42438173,4434018.459385109,1.5702957333333334,0.08771929824561403,2024-01-11 19:30:46+00:00,walton_lighthouse-2024-01-11-193046Z
-13581868.580984458,4434017.976673705,1.5702957333333334,0.09022556390977443,2024-01-11 19:30:46+00:00,walton_lighthouse-2024-01-11-193046Z
-13581866.737587184,4434017.4939623,1.5702957333333334,0.09273182957393483,2024-01-11 19:30:46+00:00,walton_lighthouse-2024-01-11-193046Z
-13581864.89418989,4434017.011250888,1.5702957333333334,0.09523809523809523,2024-01-11 19:30:46+00:00,walton_lighthouse-2024-01-11-193046Z
-13581863.050792616,4434016.528539482,1.5702957333333334,0.09774436090225563,2024-01-11 19:30:46+00:00,walton_lighthouse-2024-01-11-193046Z
-13581861.207395364,4434016.045828084,1.5702957333333334,0.10025062656641603,2024-01-11 19:30:46+00:00,walton_lighthouse-2024-01-11-193046Z
-13581859.363998078,4434015.563116676,1.5702957333333334,0.10275689223057644,2024-01-11 19:30:46+00:00,walton_lighthouse-2024-01-11-193046Z
-13581857.78977128,4434014.182131127,1.5702957333333334,0.10526315789473684,2024-01-11 19:30:46+00:00,walton_lighthouse-2024-01-11-193046Z
-13581856.333201976,4434012.408499766,1.5702957333333334,0.10776942355889724,2024-01-11 19:30:46+00:00,walton_lighthouse-2024-01-11-193046Z
-13581854.692300584,4434011.250020373,1.5702957333333334,0.11027568922305764,2024-01-11 19:30:46+00:00,walton_lighthouse-2024-01-11-193046Z
-13581852.84672264,4434010.774586315,1.5702957333333334,0.11278195488721804,2024-01-11 19:30:46+00:00,walton_lighthouse-2024-01-11-193046Z
-13581851.00114466,4434010.299152245,1.5702957333333334,0.11528822055137844,2024-01-11 19:30:46+00:00,walton_lighthouse-2024-01-11-193046Z
-13581849.15556671,4434009.823718182,1.5702957333333334,0.11779448621553884,2024-01-11 19:30:46+00:00,walton_lighthouse-2024-01-11-193046Z
-13581847.30998877,4434009.348284124,1.5702957333333334,0.12030075187969924,2024-01-11 19:30:46+00:00,walton_lighthouse-2024-01-11-193046Z
-13581845.464410815,4434008.872850063,1.5702957333333334,0.12280701754385964,2024-01-11 19:30:46+00:00,walton_lighthouse-2024-01-11-193046Z
-13581843.650540397,4434008.291601789,1.5702957333333334,0.12531328320802004,2024-01-11 19:30:46+00:00,walton_lighthouse-2024-01-11-193046Z
-13581842.190087758,4434006.530929824,1.5702957333333334,0.12781954887218044,2024-01-11 19:30:46+00:00,walton_lighthouse-2024-01-11-193046Z
-13581840.72963515,4434004.770257854,1.5702957333333334,0.13032581453634084,2024-01-11 19:30:46+00:00,walton_lighthouse-2024-01-11-193046Z
-13581838.93650285,4434004.119802474,1.5702957333333334,0.13283208020050125,2024-01-11 19:30:46+00:00,walton_lighthouse-2024-01-11-193046Z
-13581837.08870382,4434003.651780524,1.5702957333333334,0.13533834586466165,2024-01-11 19:30:46+00:00,walton_lighthouse-2024-01-11-193046Z
-13581835.240904812,4434003.183758584,1.5702957333333334,0.13784461152882205,2024-01-11 19:30:46+00:00,walton_lighthouse-2024-01-11-193046Z
-13581833.3931058,4434002.7157366425,1.5702957333333334,0.14035087719298245,2024-01-11 19:30:46+00:00,walton_lighthouse-2024-01-11-193046Z
-13581831.545306783,4434002.247714699,1.5702957333333334,0.14285714285714285,2024-01-11 19:30:46+00:00,walton_lighthouse-2024-01-11-193046Z
-13581829.697507752,4434001.77969275,1.5702957333333334,0.14536340852130325,2024-01-11 19:30:46+00:00,walton_lighthouse-2024-01-11-193046Z
-13581828.112816691,4434000.433628528,1.5702957333333334,0.14786967418546365,2024-01-11 19:30:46+00:00,walton_lighthouse-2024-01-11-193046Z
-13581826.648677856,4433998.685258241,1.5702957333333334,0.15037593984962405,2024-01-11 19:30:46+00:00,walton_lighthouse-2024-01-11-193046Z
-13581824.81561688,4433998.168052558,1.5702957333333334,0.15288220551378445,2024-01-11 19:30:46+00:00,walton_lighthouse-2024-01-11-193046Z
-13581822.966061711,4433997.705891183,1.5702957333333334,0.15538847117794485,2024-01-11 19:30:46+00:00,walton_lighthouse-2024-01-11-193046Z
-13581821.116506573,4433997.243729817,1.5702957333333334,0.15789473684210525,2024-01-11 19:30:46+00:00,walton_lighthouse-2024-01-11-193046Z
-13581819.26695142,4433996.781568448,1.5702957333333334,0.16040100250626566,2024-01-11 19:30:46+00:00,walton_lighthouse-2024-01-11-193046Z
-13581817.41739626,4433996.319407076,1.5702957333333334,0.16290726817042606,2024-01-11 19:30:46+00:00,walton_lighthouse-2024-01-11-193046Z
-13581815.567841094,4433995.857245701,1.5702957333333334,0.16541353383458646,2024-01-11 19:30:46+00:00,walton_lighthouse-2024-01-11-193046Z
-13581814.096500378,4433994.132909458,1.5702957333333334,0.16791979949874686,2024-01-11 19:30:46+00:00,walton_lighthouse-2024-01-11-193046Z
-13581812.527432088,4433992.734709021,1.5702957333333334,0.17042606516290726,2024-01-11 19:30:46+00:00,walton_lighthouse-2024-01-11-193046Z
-13581810.676095117,4433992.278493868,1.5702957333333334,0.17293233082706766,2024-01-11 19:30:46+00:00,walton_lighthouse-2024-01-11-193046Z
-13581808.824758166,4433991.822278724,1.5702957333333334,0.17543859649122806,2024-01-11 19:30:46+00:00,walton_lighthouse-2024-01-11-193046Z
-13581806.973421212,4433991.366063578,1.5702957333333334,0.17794486215538846,2024-01-11 19:30:46+00:00,walton_lighthouse-2024-01-11-193046Z
-13581805.122084256,4433990.909848432,1.5702957333333334,0.18045112781954886,2024-01-11 19:30:46+00:00,walton_lighthouse-2024-01-11-193046Z
-13581803.270747283,4433990.45363328,1.5702957333333334,0.18295739348370926,2024-01-11 19:30:46+00:00,walton_lighthouse-2024-01-11-193046Z
-13581801.607699778,4433989.369059717,1.5702957333333334,0.18546365914786966,2024-01-11 19:30:46+00:00,walton_lighthouse-2024-01-11-193046Z
-13581800.129548078,4433987.6674530655,1.5702957333333334,0.18796992481203006,2024-01-11 19:30:46+00:00,walton_lighthouse-2024-01-11-193046Z
-13581798.276662994,4433987.216404281,1.5702957333333334,0.19047619047619047,2024-01-11 19:30:46+00:00,walton_lighthouse-2024-01-11-193046Z
-13581796.423777908,4433986.765355491,1.5702957333333334,0.19298245614035087,2024-01-11 19:30:46+00:00,walton_lighthouse-2024-01-11-193046Z
-13581794.570892831,4433986.314306707,1.5702957333333334,0.19548872180451127,2024-01-11 19:30:46+00:00,walton_lighthouse-2024-01-11-193046Z
-13581792.718007777,4433985.863257928,1.5702957333333334,0.19799498746867167,2024-01-11 19:30:46+00:00,walton_lighthouse-2024-01-11-193046Z
-13581790.865122708,4433985.4122091485,1.5702957333333334,0.20050125313283207,2024-01-11 19:30:46+00:00,walton_lighthouse-2024-01-11-193046Z
-13581789.17779268,4433984.4086709805,1.5702957333333334,0.20300751879699247,2024-01-11 19:30:46+00:00,walton_lighthouse-2024-01-11-193046Z
-13581787.703638194,4433982.693724784,1.5702957333333334,0.20551378446115287,2024-01-11 19:30:46+00:00,walton_lighthouse-2024-01-11-193046Z
-13581786.14320428,4433981.266709807,1.5702957333333334,0.20802005012531327,2024-01-11 19:30:46+00:00,walton_lighthouse-2024-01-11-193046Z
-13581784.28796009,4433980.823533853,1.5702957333333334,0.21052631578947367,2024-01-11 19:30:46+00:00,walton_lighthouse-2024-01-11-193046Z
-13581782.432715897,4433980.380357896,1.5702957333333334,0.21303258145363407,2024-01-11 19:30:46+00:00,walton_lighthouse-2024-01-11-193046Z
-13581780.577471696,4433979.9371819375,1.5702957333333334,0.21553884711779447,2024-01-11 19:30:46+00:00,walton_lighthouse-2024-01-11-193046Z
-13581778.72222752,4433979.4940059865,1.5702957333333334,0.21804511278195488,2024-01-11 19:30:46+00:00,walton_lighthouse-2024-01-11-193046Z
-13581776.866983328,4433979.050830033,1.5702957333333334,0.22055137844611528,2024-01-11 19:30:46+00:00,walton_lighthouse-2024-01-11-193046Z
-13581775.325523434,4433977.560494982,1.5702957333333334,0.22305764411027568,2024-01-11 19:30:46+00:00,walton_lighthouse-2024-01-11-193046Z
-13581773.61897603,4433976.621089038,1.5702957333333334,0.22556390977443608,2024-01-11 19:30:46+00:00,walton_lighthouse-2024-01-11-193046Z
-13581771.76240166,4433976.182352164,1.5702957333333334,0.22807017543859648,2024-01-11 19:30:46+00:00,walton_lighthouse-2024-01-11-193046Z
-13581769.90582729,4433975.743615288,1.5702957333333334,0.23057644110275688,2024-01-11 19:30:46+00:00,walton_lighthouse-2024-01-11-193046Z
-13581768.0492529,4433975.304878406,1.5702957333333334,0.23308270676691728,2024-01-11 19:30:46+00:00,walton_lighthouse-2024-01-11-193046Z
-13581766.192678545,4433974.8661415335,1.5702957333333334,0.23558897243107768,2024-01-11 19:30:46+00:00,walton_lighthouse-2024-01-11-193046Z
-13581764.478744583,4433973.951385958,1.5702957333333334,0.23809523809523808,2024-01-11 19:30:46+00:00,walton_lighthouse-2024-01-11-193046Z
-13581762.99866478,4433972.256213612,1.5702957333333334,0.24060150375939848,2024-01-11 19:30:46+00:00,walton_lighthouse-2024-01-11-193046Z
-13581761.173177902,4433971.713731735,1.5702957333333334,0.24310776942355888,2024-01-11 19:30:46+00:00,walton_lighthouse-2024-01-11-193046Z
-13581759.31498848,4433971.28038463,1.5702957333333334,0.24561403508771928,2024-01-11 19:30:46+00:00,walton_lighthouse-2024-01-11-193046Z
-13581757.456799049,4433970.84703752,1.5702957333333334,0.24812030075187969,2024-01-11 19:30:46+00:00,walton_lighthouse-2024-01-11-193046Z
-13581755.598609604,4433970.413690405,1.5702957333333334,0.2506265664160401,2024-01-11 19:30:46+00:00,walton_lighthouse-2024-01-11-193046Z
-13581753.740420172,4433969.980343294,1.5702957333333334,0.2531328320802005,2024-01-11 19:30:46+00:00,walton_lighthouse-2024-01-11-193046Z
-13581752.202522555,4433968.478120348,1.5702957333333334,0.2556390977443609,2024-01-11 19:30:46+00:00,walton_lighthouse-2024-01-11-193046Z
-13581750.571578665,4433967.286410768,1.5702957333333334,0.2581453634085213,2024-01-11 19:30:46+00:00,walton_lighthouse-2024-01-11-193046Z
-13581748.711753229,4433966.858523272,1.5702957333333334,0.2606516290726817,2024-01-11 19:30:46+00:00,walton_lighthouse-2024-01-11-193046Z
-13581746.851927804,4433966.430635782,1.5702957333333334,0.2631578947368421,2024-01-11 19:30:46+00:00,walton_lighthouse-2024-01-11-193046Z
-13581744.992102394,4433966.002748296,1.5702957333333334,0.2656641604010025,2024-01-11 19:30:46+00:00,walton_lighthouse-2024-01-11-193046Z
-13581743.132276976,4433965.57486081,1.5702957333333334,0.2681704260651629,2024-01-11 19:30:46+00:00,walton_lighthouse-2024-01-11-193046Z
-13581741.456450813,4433964.532932024,1.5702957333333334,0.2706766917293233,2024-01-11 19:30:46+00:00,walton_lighthouse-2024-01-11-193046Z
-13581739.684108598,4433963.813096101,1.5702957333333334,0.2731829573934837,2024-01-11 19:30:46+00:00,walton_lighthouse-2024-01-11-193046Z
-13581737.823457217,4433963.387965045,1.5702957333333334,0.2756892230576441,2024-01-11 19:30:46+00:00,walton_lighthouse-2024-01-11-193046Z
-13581735.96280582,4433962.962833985,1.5702957333333334,0.2781954887218045,2024-01-11 19:30:46+00:00,walton_lighthouse-2024-01-11-193046Z
-13581734.102154415,4433962.537702922,1.5702957333333334,0.2807017543859649,2024-01-11 19:30:46+00:00,walton_lighthouse-2024-01-11-193046Z
-13581732.245311446,4433962.099862378,1.5702957333333334,0.2832080200501253,2024-01-11 19:30:46+00:00,walton_lighthouse-2024-01-11-193046Z
-13581730.740037216,4433960.488768844,1.5702957333333334,0.2857142857142857,2024-01-11 19:30:46+00:00,walton_lighthouse-2024-01-11-193046Z
-13581728.878276134,4433960.0673410185,1.5702957333333334,0.2882205513784461,2024-01-11 19:30:46+00:00,walton_lighthouse-2024-01-11-193046Z
-13581727.016515044,4433959.6459131865,1.5702957333333334,0.2907268170426065,2024-01-11 19:30:46+00:00,walton_lighthouse-2024-01-11-193046Z
-13581725.154753968,4433959.224485362,1.5702957333333334,0.2932330827067669,2024-01-11 19:30:46+00:00,walton_lighthouse-2024-01-11-193046Z
-13581723.29299289,4433958.8030575365,1.5702957333333334,0.2957393483709273,2024-01-11 19:30:46+00:00,walton_lighthouse-2024-01-11-193046Z
-13581721.592568312,4433957.843218517,1.5702957333333334,0.2982456140350877,2024-01-11 19:30:46+00:00,walton_lighthouse-2024-01-11-193046Z
-13581720.102106784,4433956.182692025,1.5702957333333334,0.3007518796992481,2024-01-11 19:30:46+00:00,walton_lighthouse-2024-01-11-193046Z
-13581718.240610285,4433955.76038124,1.5702957333333334,0.3032581453634085,2024-01-11 19:30:46+00:00,walton_lighthouse-2024-01-11-193046Z
-13581716.37716646,4433955.34456912,1.5702957333333334,0.3057644110275689,2024-01-11 19:30:46+00:00,walton_lighthouse-2024-01-11-193046Z
-13581714.51372261,4433954.928756992,1.5702957333333334,0.3082706766917293,2024-01-11 19:30:46+00:00,walton_lighthouse-2024-01-11-193046Z
-13581712.650278758,4433954.512944861,1.5702957333333334,0.3107769423558897,2024-01-11 19:30:46+00:00,walton_lighthouse-2024-01-11-193046Z
-13581710.981050722,4433953.44899696,1.5702957333333334,0.3132832080200501,2024-01-11 19:30:46+00:00,walton_lighthouse-2024-01-11-193046Z
-13581709.365758758,4433952.2050538985,1.5702957333333334,0.3157894736842105,2024-01-11 19:30:46+00:00,walton_lighthouse-2024-01-11-193046Z
-13581707.50089562,4433951.793978215,1.5702957333333334,0.3182957393483709,2024-01-11 19:30:46+00:00,walton_lighthouse-2024-01-11-193046Z
-13581705.63603248,4433951.382902532,1.5702957333333334,0.3208020050125313,2024-01-11 19:30:46+00:00,walton_lighthouse-2024-01-11-193046Z
-13581703.77116936,4433950.971826855,1.5702957333333334,0.3233082706766917,2024-01-11 19:30:46+00:00,walton_lighthouse-2024-01-11-193046Z
-13581701.906306228,4433950.560751176,1.5702957333333334,0.3258145363408521,2024-01-11 19:30:46+00:00,walton_lighthouse-2024-01-11-193046Z
-13581700.393127069,4433948.976037833,1.5702957333333334,0.3283208020050125,2024-01-11 19:30:46+00:00,walton_lighthouse-2024-01-11-193046Z
-13581698.527117206,4433948.568789036,1.5702957333333334,0.3308270676691729,2024-01-11 19:30:46+00:00,walton_lighthouse-2024-01-11-193046Z
-13581696.66110734,4433948.161540238,1.5702957333333334,0.3333333333333333,2024-01-11 19:30:46+00:00,walton_lighthouse-2024-01-11-193046Z
-13581694.795097474,4433947.754291439,1.5702957333333334,0.3358395989974937,2024-01-11 19:30:46+00:00,walton_lighthouse-2024-01-11-193046Z
-13581692.929087594,4433947.347042636,1.5702957333333334,0.3383458646616541,2024-01-11 19:30:46+00:00,walton_lighthouse-2024-01-11-193046Z
-13581691.369256608,4433945.918015527,1.5702957333333334,0.3408521303258145,2024-01-11 19:30:46+00:00,walton_lighthouse-2024-01-11-193046Z
-13581689.63238747,4433945.07979913,1.5702957333333334,0.3433583959899749,2024-01-11 19:30:46+00:00,walton_lighthouse-2024-01-11-193046Z
-13581687.764929822,4433944.677381827,1.5702957333333334,0.3458646616541353,2024-01-11 19:30:46+00:00,walton_lighthouse-2024-01-11-193046Z
-13581685.897472171,4433944.27496452,1.5702957333333334,0.3483709273182957,2024-01-11 19:30:46+00:00,walton_lighthouse-2024-01-11-193046Z
-13581684.030014528,4433943.872547218,1.5702957333333334,0.3508771929824561,2024-01-11 19:30:46+00:00,walton_lighthouse-2024-01-11-193046Z
-13581682.368769364,4433942.781958942,1.5702957333333334,0.3533834586466165,2024-01-11 19:30:46+00:00,walton_lighthouse-2024-01-11-193046Z
-13581680.641007874,4433941.913348508,1.5702957333333334,0.3558897243107769,2024-01-11 19:30:46+00:00,walton_lighthouse-2024-01-11-193046Z
-13581678.77238035,4433941.514835267,1.5702957333333334,0.3583959899749373,2024-01-11 19:30:46+00:00,walton_lighthouse-2024-01-11-193046Z
-13581676.903752845,4433941.116322032,1.5702957333333334,0.3609022556390977,2024-01-11 19:30:46+00:00,walton_lighthouse-2024-01-11-193046Z
-13581675.035125349,4433940.717808803,1.5702957333333334,0.3634085213032581,2024-01-11 19:30:46+00:00,walton_lighthouse-2024-01-11-193046Z
-13581673.404677344,4433939.52444438,1.5702957333333334,0.3659147869674185,2024-01-11 19:30:46+00:00,walton_lighthouse-2024-01-11-193046Z
-13581671.727243245,4433938.48788166,1.5702957333333334,0.3684210526315789,2024-01-11 19:30:46+00:00,walton_lighthouse-2024-01-11-193046Z
-13581669.857138608,4433938.09429786,1.5702957333333334,0.37092731829573933,2024-01-11 19:30:46+00:00,walton_lighthouse-2024-01-11-193046Z
-13581667.987033997,4433937.700714066,1.5702957333333334,0.37343358395989973,2024-01-11 19:30:46+00:00,walton_lighthouse-2024-01-11-193046Z
-13581666.116929367,4433937.30713027,1.5702957333333334,0.37593984962406013,2024-01-11 19:30:46+00:00,walton_lighthouse-2024-01-11-193046Z
-13581664.474973751,4433936.152168937,1.5702957333333334,0.37844611528822053,2024-01-11 19:30:46+00:00,walton_lighthouse-2024-01-11-193046Z
-13581662.63219624,4433935.667389276,1.5702957333333334,0.38095238095238093,2024-01-11 19:30:46+00:00,walton_lighthouse-2024-01-11-193046Z
-13581660.76119735,4433935.276789822,1.5702957333333334,0.38345864661654133,2024-01-11 19:30:46+00:00,walton_lighthouse-2024-01-11-193046Z
-13581658.89019846,4433934.886190367,1.5702957333333334,0.38596491228070173,2024-01-11 19:30:46+00:00,walton_lighthouse-2024-01-11-193046Z
-13581657.082819354,4433934.283279298,1.5702957333333334,0.38847117794486213,2024-01-11 19:30:46+00:00,walton_lighthouse-2024-01-11-193046Z
-13581655.401809584,4433933.258649332,1.5702957333333334,0.39097744360902253,2024-01-11 19:30:46+00:00,walton_lighthouse-2024-01-11-193046Z
-13581653.52991036,4433932.871054476,1.5702957333333334,0.39348370927318294,2024-01-11 19:30:46+00:00,walton_lighthouse-2024-01-11-193046Z
-13581651.658011112,4433932.483459609,1.5702957333333334,0.39598997493734334,2024-01-11 19:30:46+00:00,walton_lighthouse-2024-01-11-193046Z
-13581649.786111886,4433932.095864748,1.5702957333333334,0.39849624060150374,2024-01-11 19:30:46+00:00,walton_lighthouse-2024-01-11-193046Z
-13581648.218224045,4433930.693724959,1.5702957333333334,0.40100250626566414,2024-01-11 19:30:46+00:00,walton_lighthouse-2024-01-11-193046Z
-13581646.377098646,4433930.203431863,1.5702957333333334,0.40350877192982454,2024-01-11 19:30:46+00:00,walton_lighthouse-2024-01-11-193046Z
-13581644.503989412,4433929.819875002,1.5702957333333334,0.40601503759398494,2024-01-11 19:30:46+00:00,walton_lighthouse-2024-01-11-193046Z
-13581642.63088018,4433929.43631814,1.5702957333333334,0.40852130325814534,2024-01-11 19:30:46+00:00,walton_lighthouse-2024-01-11-193046Z
-13581640.891284565,4433928.607200499,1.5702957333333334,0.41102756892230574,2024-01-11 19:30:46+00:00,walton_lighthouse-2024-01-11-193046Z
-13581639.217620367,4433927.558056893,1.5702957333333334,0.41353383458646614,2024-01-11 19:30:46+00:00,walton_lighthouse-2024-01-11-193046Z
-13581637.34329008,4433927.178574906,1.5702957333333334,0.41604010025062654,2024-01-11 19:30:46+00:00,walton_lighthouse-2024-01-11-193046Z
-13581635.468959808,4433926.799092926,1.5702957333333334,0.41854636591478694,2024-01-11 19:30:46+00:00,walton_lighthouse-2024-01-11-193046Z
-13581633.5953021,4433926.41736647,1.5702957333333334,0.42105263157894735,2024-01-11 19:30:46+00:00,walton_lighthouse-2024-01-11-193046Z
-13581631.968328184,4433925.212408339,1.5702957333333334,0.42355889724310775,2024-01-11 19:30:46+00:00,walton_lighthouse-2024-01-11-193046Z
-13581630.093074763,4433924.836007018,1.5702957333333334,0.42606516290726815,2024-01-11 19:30:46+00:00,walton_lighthouse-2024-01-11-193046Z
-13581628.217821358,4433924.459605701,1.5702957333333334,0.42857142857142855,2024-01-11 19:30:46+00:00,walton_lighthouse-2024-01-11-193046Z
-13581626.342567967,4433924.083204392,1.5702957333333334,0.43107769423558895,2024-01-11 19:30:46+00:00,walton_lighthouse-2024-01-11-193046Z
-13581624.795720866,4433922.610847518,1.5702957333333334,0.43358395989974935,2024-01-11 19:30:46+00:00,walton_lighthouse-2024-01-11-193046Z
-13581622.919226691,4433922.238586839,1.5702957333333334,0.43609022556390975,2024-01-11 19:30:46+00:00,walton_lighthouse-2024-01-11-193046Z
-13581621.042732527,4433921.866326166,1.5702957333333334,0.43859649122807015,2024-01-11 19:30:46+00:00,walton_lighthouse-2024-01-11-193046Z
-13581619.166238377,4433921.494065496,1.5702957333333334,0.44110275689223055,2024-01-11 19:30:46+00:00,walton_lighthouse-2024-01-11-193046Z
-13581617.534287656,4433920.305715951,1.5702957333333334,0.44360902255639095,2024-01-11 19:30:46+00:00,walton_lighthouse-2024-01-11-193046Z
-13581615.656855384,4433919.936585858,1.5702957333333334,0.44611528822055135,2024-01-11 19:30:46+00:00,walton_lighthouse-2024-01-11-193046Z
-13581613.779423133,4433919.567455772,1.5702957333333334,0.44862155388471175,2024-01-11 19:30:46+00:00,walton_lighthouse-2024-01-11-193046Z
-13581611.901990889,4433919.198325691,1.5702957333333334,0.45112781954887216,2024-01-11 19:30:46+00:00,walton_lighthouse-2024-01-11-193046Z
-13581610.348220777,4433917.749072282,1.5702957333333334,0.45363408521303256,2024-01-11 19:30:46+00:00,walton_lighthouse-2024-01-11-193046Z
-13581608.46952757,4433917.384150212,1.5702957333333334,0.45614035087719296,2024-01-11 19:30:46+00:00,walton_lighthouse-2024-01-11-193046Z
-13581606.590834366,4433917.01922814,1.5702957333333334,0.45864661654135336,2024-01-11 19:30:46+00:00,walton_lighthouse-2024-01-11-193046Z
-13581604.71214118,4433916.654306076,1.5702957333333334,0.46115288220551376,2024-01-11 19:30:46+00:00,walton_lighthouse-2024-01-11-193046Z
-13581603.074359214,4433915.485416499,1.5702957333333334,0.46365914786967416,2024-01-11 19:30:46+00:00,walton_lighthouse-2024-01-11-193046Z
-13581601.194712592,4433915.123676156,1.5702957333333334,0.46616541353383456,2024-01-11 19:30:46+00:00,walton_lighthouse-2024-01-11-193046Z
-13581599.315065997,4433914.761935824,1.5702957333333334,0.46867167919799496,2024-01-11 19:30:46+00:00,walton_lighthouse-2024-01-11-193046Z
-13581597.52848178,4433914.089628188,1.5702957333333334,0.47117794486215536,2024-01-11 19:30:46+00:00,walton_lighthouse-2024-01-11-193046Z
-13581595.794532347,4433913.24166807,1.5702957333333334,0.47368421052631576,2024-01-11 19:30:46+00:00,walton_lighthouse-2024-01-11-193046Z
-13581593.913925637,4433912.883131768,1.5702957333333334,0.47619047619047616,2024-01-11 19:30:46+00:00,walton_lighthouse-2024-01-11-193046Z
-13581592.033318937,4433912.524595469,1.5702957333333334,0.47869674185463656,2024-01-11 19:30:46+00:00,walton_lighthouse-2024-01-11-193046Z
-13581590.38875694,4433911.378332188,1.5702957333333334,0.48120300751879697,2024-01-11 19:30:46+00:00,walton_lighthouse-2024-01-11-193046Z
-13581588.508677244,4433911.018037068,1.5702957333333334,0.48370927318295737,2024-01-11 19:30:46+00:00,walton_lighthouse-2024-01-11-193046Z
-13581586.62710368,4433910.662727338,1.5702957333333334,0.48621553884711777,2024-01-11 19:30:46+00:00,walton_lighthouse-2024-01-11-193046Z
-13581584.791369328,4433910.15444331,1.5702957333333334,0.48872180451127817,2024-01-11 19:30:46+00:00,walton_lighthouse-2024-01-11-193046Z
-13581582.942212673,4433909.690952083,1.5702957333333334,0.49122807017543857,2024-01-11 19:30:46+00:00,walton_lighthouse-2024-01-11-193046Z
-13581581.060315304,4433909.336722926,1.5702957333333334,0.49373433583959897,2024-01-11 19:30:46+00:00,walton_lighthouse-2024-01-11-193046Z
-13581579.217479924,4433908.852136339,1.5702957333333334,0.49624060150375937,2024-01-11 19:30:46+00:00,walton_lighthouse-2024-01-11-193046Z
-13581577.451635594,4433908.110615756,1.5702957333333334,0.49874686716791977,2024-01-11 19:30:46+00:00,walton_lighthouse-2024-01-11-193046Z
-13581575.569088353,4433907.758555381,1.5702957333333334,0.5012531328320802,2024-01-11 19:30:46+00:00,walton_lighthouse-2024-01-11-193046Z
-13581573.6865411,4433907.406494997,1.5702957333333334,0.5037593984962405,2024-01-11 19:30:46+00:00,walton_lighthouse-2024-01-11-193046Z
-13581572.035098258,4433906.283194436,1.5702957333333334,0.506265664160401,2024-01-11 19:30:46+00:00,walton_lighthouse-2024-01-11-193046Z
-13581570.151570445,4433905.9344064295,1.5702957333333334,0.5087719298245614,2024-01-11 19:30:46+00:00,walton_lighthouse-2024-01-11-193046Z
-13581568.26804263,4433905.585618424,1.5702957333333334,0.5112781954887218,2024-01-11 19:30:46+00:00,walton_lighthouse-2024-01-11-193046Z
-13581566.611915074,4433904.4779515965,1.5702957333333334,0.5137844611528821,2024-01-11 19:30:46+00:00,walton_lighthouse-2024-01-11-193046Z
-13581564.806411894,4433903.868780248,1.5702957333333334,0.5162907268170426,2024-01-11 19:30:46+00:00,walton_lighthouse-2024-01-11-193046Z
-13581562.921565805,4433903.524391642,1.5702957333333334,0.518796992481203,2024-01-11 19:30:46+00:00,walton_lighthouse-2024-01-11-193046Z
-13581561.10131067,4433902.9644503845,1.5702957333333334,0.5213032581453634,2024-01-11 19:30:46+00:00,walton_lighthouse-2024-01-11-193046Z
-13581559.303684063,4433902.32899334,1.5702957333333334,0.5238095238095237,2024-01-11 19:30:46+00:00,walton_lighthouse-2024-01-11-193046Z
-13581557.418174108,4433901.986820119,1.5702957333333334,0.5263157894736842,2024-01-11 19:30:46+00:00,walton_lighthouse-2024-01-11-193046Z
-13581555.610404326,4433901.385212897,1.5702957333333334,0.5288220551378446,2024-01-11 19:30:46+00:00,walton_lighthouse-2024-01-11-193046Z
-13581553.797687488,4433900.800114941,1.5702957333333334,0.531328320802005,2024-01-11 19:30:46+00:00,walton_lighthouse-2024-01-11-193046Z
-13581551.9115105,4433900.460167669,1.5702957333333334,0.5338345864661653,2024-01-11 19:30:46+00:00,walton_lighthouse-2024-01-11-193046Z
-13581550.13836849,4433899.743000857,1.5702957333333334,0.5363408521303258,2024-01-11 19:30:46+00:00,walton_lighthouse-2024-01-11-193046Z
-13581548.363287551,4433899.032304582,1.5702957333333334,0.5388471177944862,2024-01-11 19:30:46+00:00,walton_lighthouse-2024-01-11-193046Z
-13581546.476104066,4433898.69571621,1.5702957333333334,0.5413533834586466,2024-01-11 19:30:46+00:00,walton_lighthouse-2024-01-11-193046Z
-13581544.684421314,4433898.040423431,1.5702957333333334,0.5438596491228069,2024-01-11 19:30:46+00:00,walton_lighthouse-2024-01-11-193046Z
-13581542.924441352,4433897.279332283,1.5702957333333334,0.5463659147869674,2024-01-11 19:30:46+00:00,walton_lighthouse-2024-01-11-193046Z
-13581541.03624412,4433896.94612702,1.5702957333333334,0.5488721804511278,2024-01-11 19:30:46+00:00,walton_lighthouse-2024-01-11-193046Z
-13581539.22195946,4433896.366261135,1.5702957333333334,0.5513784461152882,2024-01-11 19:30:46+00:00,walton_lighthouse-2024-01-11-193046Z
-13581537.333422683,4433896.034188991,1.5702957333333334,0.5538847117794485,2024-01-11 19:30:46+00:00,walton_lighthouse-2024-01-11-193046Z
-13581535.444885926,4433895.702116855,1.5702957333333334,0.556390977443609,2024-01-11 19:30:46+00:00,walton_lighthouse-2024-01-11-193046Z
-13581533.70266403,4433894.881763557,1.5702957333333334,0.5588972431077694,2024-01-11 19:30:46+00:00,walton_lighthouse-2024-01-11-193046Z
-13581531.813445704,4433894.551965844,1.5702957333333334,0.5614035087719298,2024-01-11 19:30:46+00:00,walton_lighthouse-2024-01-11-193046Z
-13581529.955645235,4433894.117320686,1.5702957333333334,0.5639097744360901,2024-01-11 19:30:46+00:00,walton_lighthouse-2024-01-11-193046Z
-13581528.179976355,4433893.408586521,1.5702957333333334,0.5664160401002506,2024-01-11 19:30:46+00:00,walton_lighthouse-2024-01-11-193046Z
-13581526.290073214,4433893.08107424,1.5702957333333334,0.568922305764411,2024-01-11 19:30:46+00:00,walton_lighthouse-2024-01-11-193046Z
-13581524.544463092,4433892.272028063,1.5702957333333334,0.5714285714285714,2024-01-11 19:30:46+00:00,walton_lighthouse-2024-01-11-193046Z
-13581522.653871791,4433891.946812273,1.5702957333333334,0.5739348370927317,2024-01-11 19:30:46+00:00,walton_lighthouse-2024-01-11-193046Z
-13581520.763280502,4433891.621596487,1.5702957333333334,0.5764411027568922,2024-01-11 19:30:46+00:00,walton_lighthouse-2024-01-11-193046Z
-13581519.015608285,4433890.819432006,1.5702957333333334,0.5789473684210527,2024-01-11 19:30:46+00:00,walton_lighthouse-2024-01-11-193046Z
-13581517.124325486,4433890.496523851,1.5702957333333334,0.581453634085213,2024-01-11 19:30:46+00:00,walton_lighthouse-2024-01-11-193046Z
-13581515.370964102,4433889.713345186,1.5702957333333334,0.5839598997493733,2024-01-11 19:30:46+00:00,walton_lighthouse-2024-01-11-193046Z
-13581513.48328994,4433889.3783943765,1.5702957333333334,0.5864661654135338,2024-01-11 19:30:46+00:00,walton_lighthouse-2024-01-11-193046Z
-13581511.591312291,4433889.0578051,1.5702957333333334,0.5889724310776943,2024-01-11 19:30:46+00:00,walton_lighthouse-2024-01-11-193046Z
-13581509.840158615,4433888.267258863,1.5702957333333334,0.5914786967418546,2024-01-11 19:30:46+00:00,walton_lighthouse-2024-01-11-193046Z
-13581507.94748273,4433887.948999767,1.5702957333333334,0.593984962406015,2024-01-11 19:30:46+00:00,walton_lighthouse-2024-01-11-193046Z
-13581506.232041636,4433887.039273773,1.5702957333333334,0.5964912280701754,2024-01-11 19:30:46+00:00,walton_lighthouse-2024-01-11-193046Z
-13581504.371498436,4433886.613781647,1.5702957333333334,0.5989974937343359,2024-01-11 19:30:46+00:00,walton_lighthouse-2024-01-11-193046Z
-13581502.477768753,4433886.299039206,1.5702957333333334,0.6015037593984962,2024-01-11 19:30:46+00:00,walton_lighthouse-2024-01-11-193046Z
-13581500.653464409,4433885.752610986,1.5702957333333334,0.6040100250626566,2024-01-11 19:30:46+00:00,walton_lighthouse-2024-01-11-193046Z
-13581498.75938177,4433885.439046532,1.5702957333333334,0.606516290726817,2024-01-11 19:30:46+00:00,walton_lighthouse-2024-01-11-193046Z
-13581497.003244407,4433884.665131839,1.5702957333333334,0.6090225563909775,2024-01-11 19:30:46+00:00,walton_lighthouse-2024-01-11-193046Z
-13581495.108453177,4433884.353931999,1.5702957333333334,0.6115288220551378,2024-01-11 19:30:46+00:00,walton_lighthouse-2024-01-11-193046Z
-13581493.282177966,4433883.814080974,1.5702957333333334,0.6140350877192982,2024-01-11 19:30:46+00:00,walton_lighthouse-2024-01-11-193046Z
-13581491.387031153,4433883.504067813,1.5702957333333334,0.6165413533834586,2024-01-11 19:30:46+00:00,walton_lighthouse-2024-01-11-193046Z
-13581489.559856176,4433882.967219424,1.5702957333333334,0.6190476190476191,2024-01-11 19:30:46+00:00,walton_lighthouse-2024-01-11-193046Z
-13581487.66435289,4433882.658395858,1.5702957333333334,0.6215538847117794,2024-01-11 19:30:46+00:00,walton_lighthouse-2024-01-11-193046Z
-13581485.903865691,4433881.89899748,1.5702957333333334,0.6240601503759398,2024-01-11 19:30:46+00:00,walton_lighthouse-2024-01-11-193046Z
-13581484.00764684,4433881.59256192,1.5702957333333334,0.6265664160401002,2024-01-11 19:30:46+00:00,walton_lighthouse-2024-01-11-193046Z
-13581482.20596894,4433880.970624827,1.5702957333333334,0.6290726817042607,2024-01-11 19:30:46+00:00,walton_lighthouse-2024-01-11-193046Z
-13581480.348736305,4433880.534084726,1.5702957333333334,0.631578947368421,2024-01-11 19:30:46+00:00,walton_lighthouse-2024-01-11-193046Z
-13581478.500672182,4433880.066947505,1.5702957333333334,0.6340852130325814,2024-01-11 19:30:46+00:00,walton_lighthouse-2024-01-11-193046Z
-13581476.687604891,4433879.483019056,1.5702957333333334,0.6365914786967418,2024-01-11 19:30:46+00:00,walton_lighthouse-2024-01-11-193046Z
-13581474.806547709,4433879.125986027,1.5702957333333334,0.6390977443609023,2024-01-11 19:30:46+00:00,walton_lighthouse-2024-01-11-193046Z
-13581473.024236005,4433878.439420218,1.5702957333333334,0.6416040100250626,2024-01-11 19:30:46+00:00,walton_lighthouse-2024-01-11-193046Z
-13581471.125849089,4433878.140219976,1.5702957333333334,0.644110275689223,2024-01-11 19:30:46+00:00,walton_lighthouse-2024-01-11-193046Z
-13581469.424433956,4433877.183686591,1.5702957333333334,0.6466165413533834,2024-01-11 19:30:46+00:00,walton_lighthouse-2024-01-11-193046Z
-13581467.524950791,4433876.8881446365,1.5702957333333334,0.6491228070175439,2024-01-11 19:30:46+00:00,walton_lighthouse-2024-01-11-193046Z
-13581465.756133204,4433876.156546338,1.5702957333333334,0.6516290726817042,2024-01-11 19:30:46+00:00,walton_lighthouse-2024-01-11-193046Z
-13581463.855914673,4433875.863458533,1.5702957333333334,0.6541353383458646,2024-01-11 19:30:46+00:00,walton_lighthouse-2024-01-11-193046Z
-13581462.085539384,4433875.137058615,1.5702957333333334,0.656641604010025,2024-01-11 19:30:46+00:00,walton_lighthouse-2024-01-11-193046Z
-13581460.18458174,4433874.846437249,1.5702957333333334,0.6591478696741855,2024-01-11 19:30:46+00:00,walton_lighthouse-2024-01-11-193046Z
-13581458.412635123,4433874.12528114,1.5702957333333334,0.6616541353383458,2024-01-11 19:30:46+00:00,walton_lighthouse-2024-01-11-193046Z
-13581456.51093471,4433873.837138646,1.5702957333333334,0.6641604010025062,2024-01-11 19:30:46+00:00,walton_lighthouse-2024-01-11-193046Z
-13581454.737403003,4433873.121272289,1.5702957333333334,0.6666666666666666,2024-01-11 19:30:46+00:00,walton_lighthouse-2024-01-11-193046Z
-13581452.856538158,4433872.763597411,1.5702957333333334,0.6691729323308271,2024-01-11 19:30:46+00:00,walton_lighthouse-2024-01-11-193046Z
-13581451.059825314,4433872.125090974,1.5702957333333334,0.6716791979949874,2024-01-11 19:30:46+00:00,walton_lighthouse-2024-01-11-193046Z
-13581449.22015134,4433871.629954231,1.5702957333333334,0.6741854636591478,2024-01-11 19:30:46+00:00,walton_lighthouse-2024-01-11-193046Z
-13581447.316577464,4433871.348063809,1.5702957333333334,0.6766917293233082,2024-01-11 19:30:46+00:00,walton_lighthouse-2024-01-11-193046Z
-13581445.41300358,4433871.066173376,1.5702957333333334,0.6791979949874687,2024-01-11 19:30:46+00:00,walton_lighthouse-2024-01-11-193046Z
-13581443.553847378,4433870.636052588,1.5702957333333334,0.681704260651629,2024-01-11 19:30:46+00:00,walton_lighthouse-2024-01-11-193046Z
-13581441.66803002,4433870.294905237,1.5702957333333334,0.6842105263157894,2024-01-11 19:30:46+00:00,walton_lighthouse-2024-01-11-193046Z
-13581439.888143055,4433869.60024761,1.5702957333333334,0.6867167919799498,2024-01-11 19:30:46+00:00,walton_lighthouse-2024-01-11-193046Z
-13581437.983433671,4433869.322146557,1.5702957333333334,0.6892230576441103,2024-01-11 19:30:46+00:00,walton_lighthouse-2024-01-11-193046Z
-13581436.140232466,4433868.838780869,1.5702957333333334,0.6917293233082706,2024-01-11 19:30:46+00:00,walton_lighthouse-2024-01-11-193046Z
-13581434.327292006,4433868.254429183,1.5702957333333334,0.694235588972431,2024-01-11 19:30:46+00:00,walton_lighthouse-2024-01-11-193046Z
-13581432.452012405,4433867.878115216,1.5702957333333334,0.6967418546365914,2024-01-11 19:30:46+00:00,walton_lighthouse-2024-01-11-193046Z
-13581430.667974606,4433867.197309724,1.5702957333333334,0.6992481203007519,2024-01-11 19:30:46+00:00,walton_lighthouse-2024-01-11-193046Z
-13581428.761353385,4433866.925588932,1.5702957333333334,0.7017543859649122,2024-01-11 19:30:46+00:00,walton_lighthouse-2024-01-11-193046Z
-13581426.915103393,4433866.452397589,1.5702957333333334,0.7042606516290726,2024-01-11 19:30:46+00:00,walton_lighthouse-2024-01-11-193046Z
-13581425.0682366,4433865.981264611,1.5702957333333334,0.706766917293233,2024-01-11 19:30:46+00:00,walton_lighthouse-2024-01-11-193046Z
-13581423.167161522,4433865.691035191,1.5702957333333334,0.7092731829573935,2024-01-11 19:30:46+00:00,walton_lighthouse-2024-01-11-193046Z
-13581421.372643126,4433865.045205529,1.5702957333333334,0.7117794486215538,2024-01-11 19:30:46+00:00,walton_lighthouse-2024-01-11-193046Z
-13581419.58350178,4433864.381431557,1.5702957333333334,0.7142857142857142,2024-01-11 19:30:46+00:00,walton_lighthouse-2024-01-11-193046Z
-13581417.674553782,4433864.117475587,1.5702957333333334,0.7167919799498746,2024-01-11 19:30:46+00:00,walton_lighthouse-2024-01-11-193046Z
-13581415.883680845,4433863.459480304,1.5702957333333334,0.7192982456140351,2024-01-11 19:30:46+00:00,walton_lighthouse-2024-01-11-193046Z
-13581414.091848476,4433862.804686812,1.5702957333333334,0.7218045112781954,2024-01-11 19:30:46+00:00,walton_lighthouse-2024-01-11-193046Z
-13581412.181329224,4433862.545974462,1.5702957333333334,0.7243107769423558,2024-01-11 19:30:46+00:00,walton_lighthouse-2024-01-11-193046Z
-13581410.329198236,4433862.0924091,1.5702957333333334,0.7268170426065163,2024-01-11 19:30:46+00:00,walton_lighthouse-2024-01-11-193046Z
-13581408.476427175,4433861.640979829,1.5702957333333334,0.7293233082706767,2024-01-11 19:30:46+00:00,walton_lighthouse-2024-01-11-193046Z
-13581406.623013552,4433861.191694989,1.5702957333333334,0.731829573934837,2024-01-11 19:30:46+00:00,walton_lighthouse-2024-01-11-193046Z
-13581404.711305115,4433860.93695115,1.5702957333333334,0.7343358395989974,2024-01-11 19:30:46+00:00,walton_lighthouse-2024-01-11-193046Z
-13581402.856847914,4433860.491148821,1.5702957333333334,0.7368421052631579,2024-01-11 19:30:46+00:00,walton_lighthouse-2024-01-11-193046Z
-13581401.001742069,4433860.047511183,1.5702957333333334,0.7393483709273183,2024-01-11 19:30:46+00:00,walton_lighthouse-2024-01-11-193046Z
-13581399.14598504,4433859.606046713,1.5702957333333334,0.7418546365914787,2024-01-11 19:30:46+00:00,walton_lighthouse-2024-01-11-193046Z
-13581397.289574256,4433859.16676393,1.5702957333333334,0.744360902255639,2024-01-11 19:30:46+00:00,walton_lighthouse-2024-01-11-193046Z
-13581395.376265729,4433858.917359859,1.5702957333333334,0.7468671679197995,2024-01-11 19:30:46+00:00,walton_lighthouse-2024-01-11-193046Z
-13581393.462957222,4433858.667955788,1.5702957333333334,0.7493734335839599,2024-01-11 19:30:46+00:00,walton_lighthouse-2024-01-11-193046Z
-13581391.605084851,4433858.233550624,1.5702957333333334,0.7518796992481203,2024-01-11 19:30:46+00:00,walton_lighthouse-2024-01-11-193046Z
-13581389.801874056,4433857.616729145,1.5702957333333334,0.7543859649122806,2024-01-11 19:30:46+00:00,walton_lighthouse-2024-01-11-193046Z
-13581387.997623729,4433857.003376734,1.5702957333333334,0.7568922305764411,2024-01-11 19:30:46+00:00,walton_lighthouse-2024-01-11-193046Z
-13581386.12460442,4433856.619519791,1.5702957333333334,0.7593984962406015,2024-01-11 19:30:46+00:00,walton_lighthouse-2024-01-11-193046Z
-13581384.221495826,4433856.33607671,1.5702957333333334,0.7619047619047619,2024-01-11 19:30:46+00:00,walton_lighthouse-2024-01-11-193046Z
-13581382.305755569,4433856.094787838,1.5702957333333334,0.7644110275689222,2024-01-11 19:30:46+00:00,walton_lighthouse-2024-01-11-193046Z
-13581380.421169182,4433855.749532432,1.5702957333333334,0.7669172932330827,2024-01-11 19:30:46+00:00,walton_lighthouse-2024-01-11-193046Z
-13581378.529599736,4433855.42758095,1.5702957333333334,0.7694235588972431,2024-01-11 19:30:46+00:00,walton_lighthouse-2024-01-11-193046Z
-13581376.664763851,4433855.016414338,1.5702957333333334,0.7719298245614035,2024-01-11 19:30:46+00:00,walton_lighthouse-2024-01-11-193046Z
-13581374.74820445,4433854.777859118,1.5702957333333334,0.7744360902255638,2024-01-11 19:30:46+00:00,walton_lighthouse-2024-01-11-193046Z
-13581372.882027404,4433854.371168188,1.5702957333333334,0.7769423558897243,2024-01-11 19:30:46+00:00,walton_lighthouse-2024-01-11-193046Z
-13581370.967177369,4433854.126908551,1.5702957333333334,0.7794486215538847,2024-01-11 19:30:46+00:00,walton_lighthouse-2024-01-11-193046Z
-13581369.102024192,4433853.716800799,1.5702957333333334,0.7819548872180451,2024-01-11 19:30:46+00:00,walton_lighthouse-2024-01-11-193046Z
-13581367.236182796,4433853.308989735,1.5702957333333334,0.7844611528822054,2024-01-11 19:30:46+00:00,walton_lighthouse-2024-01-11-193046Z
-13581365.318386534,4433853.074562199,1.5702957333333334,0.7869674185463659,2024-01-11 19:30:46+00:00,walton_lighthouse-2024-01-11-193046Z
-13581363.502424411,4433852.500294383,1.5702957333333334,0.7894736842105263,2024-01-11 19:30:46+00:00,walton_lighthouse-2024-01-11-193046Z
-13581361.634501876,4433852.099428526,1.5702957333333334,0.7919799498746867,2024-01-11 19:30:46+00:00,walton_lighthouse-2024-01-11-193046Z
-13581359.765880058,4433851.700896262,1.5702957333333334,0.794486215538847,2024-01-11 19:30:46+00:00,walton_lighthouse-2024-01-11-193046Z
-13581357.896556184,4433851.304706944,1.5702957333333334,0.7969924812030075,2024-01-11 19:30:46+00:00,walton_lighthouse-2024-01-11-193046Z
-13581355.976676464,4433851.077232357,1.5702957333333334,0.7994987468671679,2024-01-11 19:30:46+00:00,walton_lighthouse-2024-01-11-193046Z
-13581354.10622766,4433850.684797124,1.5702957333333334,0.8020050125313283,2024-01-11 19:30:46+00:00,walton_lighthouse-2024-01-11-193046Z
-13581352.235070009,4433850.294727433,1.5702957333333334,0.8045112781954886,2024-01-11 19:30:46+00:00,walton_lighthouse-2024-01-11-193046Z
-13581350.363200672,4433849.907032803,1.5702957333333334,0.8070175438596491,2024-01-11 19:30:46+00:00,walton_lighthouse-2024-01-11-193046Z
-13581348.44205746,4433849.683774723,1.5702957333333334,0.8095238095238095,2024-01-11 19:30:46+00:00,walton_lighthouse-2024-01-11-193046Z
-13581346.569050146,4433849.299877774,1.5702957333333334,0.8120300751879699,2024-01-11 19:30:46+00:00,walton_lighthouse-2024-01-11-193046Z
-13581344.695324233,4433848.918378846,1.5702957333333334,0.8145363408521302,2024-01-11 19:30:46+00:00,walton_lighthouse-2024-01-11-193046Z
-13581342.773333017,4433848.6979506565,1.5702957333333334,0.8170426065162907,2024-01-11 19:30:46+00:00,walton_lighthouse-2024-01-11-193046Z
-13581340.851341814,4433848.477522472,1.5702957333333334,0.8195488721804511,2024-01-11 19:30:46+00:00,walton_lighthouse-2024-01-11-193046Z
-13581339.02286132,4433847.945030871,1.5702957333333334,0.8220551378446115,2024-01-11 19:30:46+00:00,walton_lighthouse-2024-01-11-193046Z
-13581337.1967118,4433847.404760343,1.5702957333333334,0.8245614035087718,2024-01-11 19:30:46+00:00,walton_lighthouse-2024-01-11-193046Z
-13581335.36227787,4433846.892136482,1.5702957333333334,0.8270676691729323,2024-01-11 19:30:46+00:00,walton_lighthouse-2024-01-11-193046Z
-13581333.530155247,4433846.371799418,1.5702957333333334,0.8295739348370927,2024-01-11 19:30:46+00:00,walton_lighthouse-2024-01-11-193046Z
-13581331.650699705,4433846.009421441,1.5702957333333334,0.8320802005012531,2024-01-11 19:30:46+00:00,walton_lighthouse-2024-01-11-193046Z
-13581329.792819446,4433845.575042512,1.5702957333333334,0.8345864661654134,2024-01-11 19:30:46+00:00,walton_lighthouse-2024-01-11-193046Z
-13581327.98062,4433844.988217929,1.5702957333333334,0.8370927318295739,2024-01-11 19:30:46+00:00,walton_lighthouse-2024-01-11-193046Z
-13581326.098286042,4433844.635445797,1.5702957333333334,0.8395989974937343,2024-01-11 19:30:46+00:00,walton_lighthouse-2024-01-11-193046Z
-13581324.215193128,4433844.285206439,1.5702957333333334,0.8421052631578947,2024-01-11 19:30:46+00:00,walton_lighthouse-2024-01-11-193046Z
-13581322.298095357,4433844.048447827,1.5702957333333334,0.844611528822055,2024-01-11 19:30:46+00:00,walton_lighthouse-2024-01-11-193046Z
-13581320.4467179,4433843.592367879,1.5702957333333334,0.8471177944862155,2024-01-11 19:30:46+00:00,walton_lighthouse-2024-01-11-193046Z
-13581318.56132929,4433843.249789732,1.5702957333333334,0.849624060150376,2024-01-11 19:30:46+00:00,walton_lighthouse-2024-01-11-193046Z
-13581316.718962912,4433842.763637936,1.5702957333333334,0.8521303258145363,2024-01-11 19:30:46+00:00,walton_lighthouse-2024-01-11-193046Z
-13581314.788234126,4433842.572368719,1.5702957333333334,0.8546365914786966,2024-01-11 19:30:46+00:00,walton_lighthouse-2024-01-11-193046Z
-13581312.85750535,4433842.381099517,1.5702957333333334,0.8571428571428571,2024-01-11 19:30:46+00:00,walton_lighthouse-2024-01-11-193046Z
-13581310.969342845,4433842.047778374,1.5702957333333334,0.8596491228070176,2024-01-11 19:30:46+00:00,walton_lighthouse-2024-01-11-193046Z
-13581309.080397869,4433841.717068452,1.5702957333333334,0.8621553884711779,2024-01-11 19:30:46+00:00,walton_lighthouse-2024-01-11-193046Z
-13581307.190667173,4433841.3889806215,1.5702957333333334,0.8646616541353382,2024-01-11 19:30:46+00:00,walton_lighthouse-2024-01-11-193046Z
-13581305.290873762,4433841.094474101,1.5702957333333334,0.8671679197994987,2024-01-11 19:30:46+00:00,walton_lighthouse-2024-01-11-193046Z
-13581303.377183126,4433840.846345268,1.5702957333333334,0.8696741854636592,2024-01-11 19:30:46+00:00,walton_lighthouse-2024-01-11-193046Z
-13581301.516727977,4433840.420559251,1.5702957333333334,0.8721804511278195,2024-01-11 19:30:46+00:00,walton_lighthouse-2024-01-11-193046Z
-13581299.583282994,4433840.23835453,1.5702957333333334,0.8746867167919798,2024-01-11 19:30:46+00:00,walton_lighthouse-2024-01-11-193046Z
-13581297.67663212,4433839.966732669,1.5702957333333334,0.8771929824561403,2024-01-11 19:30:46+00:00,walton_lighthouse-2024-01-11-193046Z
-13581295.691220244,4433839.957951528,1.5702957333333334,0.8796992481203008,2024-01-11 19:30:46+00:00,walton_lighthouse-2024-01-11-193046Z
-13581293.704940142,4433839.952067771,1.5702957333333334,0.8822055137844611,2024-01-11 19:30:46+00:00,walton_lighthouse-2024-01-11-193046Z
-13581291.810900686,4433839.638359139,1.5702957333333334,0.8847117794486214,2024-01-11 19:30:46+00:00,walton_lighthouse-2024-01-11-193046Z
-13581289.916058062,4433839.327330925,1.5702957333333334,0.8872180451127819,2024-01-11 19:30:46+00:00,walton_lighthouse-2024-01-11-193046Z
-13581288.096317625,4433838.765672035,1.5702957333333334,0.8897243107769424,2024-01-11 19:30:46+00:00,walton_lighthouse-2024-01-11-193046Z
-13581286.161497423,4433838.588056602,1.5702957333333334,0.8922305764411027,2024-01-11 19:30:46+00:00,walton_lighthouse-2024-01-11-193046Z
-13581284.301165449,4433838.161859577,1.5702957333333334,0.894736842105263,2024-01-11 19:30:46+00:00,walton_lighthouse-2024-01-11-193046Z
-13581282.476546686,4433837.616480679,1.5702957333333334,0.8972431077694235,2024-01-11 19:30:46+00:00,walton_lighthouse-2024-01-11-193046Z
-13581280.76112883,4433836.706677158,1.5702957333333334,0.899749373433584,2024-01-11 19:30:46+00:00,walton_lighthouse-2024-01-11-193046Z
-13581278.92425945,4433836.202180807,1.5702957333333334,0.9022556390977443,2024-01-11 19:30:46+00:00,walton_lighthouse-2024-01-11-193046Z
-13581277.091891402,4433835.682662733,1.5702957333333334,0.9047619047619047,2024-01-11 19:30:46+00:00,walton_lighthouse-2024-01-11-193046Z
-13581275.26939505,4433835.130200946,1.5702957333333334,0.9072681704260651,2024-01-11 19:30:46+00:00,walton_lighthouse-2024-01-11-193046Z
-13581273.440143336,4433834.600283054,1.5702957333333334,0.9097744360902256,2024-01-11 19:30:46+00:00,walton_lighthouse-2024-01-11-193046Z
-13581271.620517554,4433834.03824154,1.5702957333333334,0.9122807017543859,2024-01-11 19:30:46+00:00,walton_lighthouse-2024-01-11-193046Z
-13581269.804901129,4433833.462820022,1.5702957333333334,0.9147869674185463,2024-01-11 19:30:46+00:00,walton_lighthouse-2024-01-11-193046Z
-13581268.027639754,4433832.759400334,1.5702957333333334,0.9172932330827067,2024-01-11 19:30:46+00:00,walton_lighthouse-2024-01-11-193046Z
-13581266.185253784,4433832.273314003,1.5702957333333334,0.9197994987468672,2024-01-11 19:30:46+00:00,walton_lighthouse-2024-01-11-193046Z
-13581264.411205128,4433831.559172753,1.5702957333333334,0.9223057644110275,2024-01-11 19:30:46+00:00,walton_lighthouse-2024-01-11-193046Z
-13581262.635626083,4433830.850138833,1.5702957333333334,0.9248120300751879,2024-01-11 19:30:46+00:00,walton_lighthouse-2024-01-11-193046Z
-13581260.857480902,4433830.149668507,1.5702957333333334,0.9273182957393483,2024-01-11 19:30:46+00:00,walton_lighthouse-2024-01-11-193046Z
-13581259.09545955,4433829.395389811,1.5702957333333334,0.9298245614035088,2024-01-11 19:30:46+00:00,walton_lighthouse-2024-01-11-193046Z
-13581257.303246584,4433828.741866431,1.5702957333333334,0.9323308270676691,2024-01-11 19:30:46+00:00,walton_lighthouse-2024-01-11-193046Z
-13581255.514299626,4433828.077443815,1.5702957333333334,0.9348370927318295,2024-01-11 19:30:46+00:00,walton_lighthouse-2024-01-11-193046Z
-13581255.514299626,4433828.077443815,1.5702957333333334,0.9373433583959899,2024-01-11 19:30:46+00:00,walton_lighthouse-2024-01-11-193046Z
-13581255.514299626,4433828.077443815,1.5702957333333334,0.9398496240601504,2024-01-11 19:30:46+00:00,walton_lighthouse-2024-01-11-193046Z
-13581255.514299626,4433828.077443815,1.5702957333333334,0.9423558897243107,2024-01-11 19:30:46+00:00,walton_lighthouse-2024-01-11-193046Z
-13581255.514299626,4433828.077443815,1.5702957333333334,0.9448621553884711,2024-01-11 19:30:46+00:00,walton_lighthouse-2024-01-11-193046Z
-13581255.514299626,4433828.077443815,1.5702957333333334,0.9473684210526315,2024-01-11 19:30:46+00:00,walton_lighthouse-2024-01-11-193046Z
-13581255.514299626,4433828.077443815,1.5702957333333334,0.949874686716792,2024-01-11 19:30:46+00:00,walton_lighthouse-2024-01-11-193046Z
-13581255.514299626,4433828.077443815,1.5702957333333334,0.9523809523809523,2024-01-11 19:30:46+00:00,walton_lighthouse-2024-01-11-193046Z
-13581255.514299626,4433828.077443815,1.5702957333333334,0.9548872180451127,2024-01-11 19:30:46+00:00,walton_lighthouse-2024-01-11-193046Z
-13581255.514299626,4433828.077443815,1.5702957333333334,0.9573934837092731,2024-01-11 19:30:46+00:00,walton_lighthouse-2024-01-11-193046Z
-13581255.514299626,4433828.077443815,1.5702957333333334,0.9598997493734336,2024-01-11 19:30:46+00:00,walton_lighthouse-2024-01-11-193046Z
-13581255.514299626,4433828.077443815,1.5702957333333334,0.9624060150375939,2024-01-11 19:30:46+00:00,walton_lighthouse-2024-01-11-193046Z
-13581255.514299626,4433828.077443815,1.5702957333333334,0.9649122807017543,2024-01-11 19:30:46+00:00,walton_lighthouse-2024-01-11-193046Z
-13581255.514299626,4433828.077443815,1.5702957333333334,0.9674185463659147,2024-01-11 19:30:46+00:00,walton_lighthouse-2024-01-11-193046Z
-13581255.514299626,4433828.077443815,1.5702957333333334,0.9699248120300752,2024-01-11 19:30:46+00:00,walton_lighthouse-2024-01-11-193046Z
-13581255.514299626,4433828.077443815,1.5702957333333334,0.9724310776942355,2024-01-11 19:30:46+00:00,walton_lighthouse-2024-01-11-193046Z
-13581255.514299626,4433828.077443815,1.5702957333333334,0.9749373433583959,2024-01-11 19:30:46+00:00,walton_lighthouse-2024-01-11-193046Z
-13581255.514299626,4433828.077443815,1.5702957333333334,0.9774436090225563,2024-01-11 19:30:46+00:00,walton_lighthouse-2024-01-11-193046Z
-13581255.514299626,4433828.077443815,1.5702957333333334,0.9799498746867168,2024-01-11 19:30:46+00:00,walton_lighthouse-2024-01-11-193046Z
-13581255.514299626,4433828.077443815,1.5702957333333334,0.9824561403508771,2024-01-11 19:30:46+00:00,walton_lighthouse-2024-01-11-193046Z
-13581255.514299626,4433828.077443815,1.5702957333333334,0.9849624060150375,2024-01-11 19:30:46+00:00,walton_lighthouse-2024-01-11-193046Z
-13581255.514299626,4433828.077443815,1.5702957333333334,0.9874686716791979,2024-01-11 19:30:46+00:00,walton_lighthouse-2024-01-11-193046Z
-13581255.514299626,4433828.077443815,1.5702957333333334,0.9899749373433584,2024-01-11 19:30:46+00:00,walton_lighthouse-2024-01-11-193046Z
-13581255.514299626,4433828.077443815,1.5702957333333334,0.9924812030075187,2024-01-11 19:30:46+00:00,walton_lighthouse-2024-01-11-193046Z
-13581255.514299626,4433828.077443815,1.5702957333333334,0.9949874686716791,2024-01-11 19:30:46+00:00,walton_lighthouse-2024-01-11-193046Z
-13581255.514299626,4433828.077443815,1.5702957333333334,0.9974937343358395,2024-01-11 19:30:46+00:00,walton_lighthouse-2024-01-11-193046Z
-13581255.514299626,4433828.077443815,1.5702957333333334,1.0,2024-01-11 19:30:46+00:00,walton_lighthouse-2024-01-11-193046Z
-13581926.642746992,4434063.054794078,1.3416957333333333,0.0,2024-01-11 20:00:46+00:00,walton_lighthouse-2024-01-11-200046Z
-13581925.02633961,4434061.814573408,1.3416957333333333,0.002506265664160401,2024-01-11 20:00:46+00:00,walton_lighthouse-2024-01-11-200046Z
-13581923.201430712,4434061.270162697,1.3416957333333333,0.005012531328320802,2024-01-11 20:00:46+00:00,walton_lighthouse-2024-01-11-200046Z
-13581921.376521794,4434060.725751978,1.3416957333333333,0.007518796992481203,2024-01-11 20:00:46+00:00,walton_lighthouse-2024-01-11-200046Z
-13581919.551612897,4434060.181341264,1.3416957333333333,0.010025062656641603,2024-01-11 20:00:46+00:00,walton_lighthouse-2024-01-11-200046Z
-13581917.726704037,4434059.636930563,1.3416957333333333,0.012531328320802004,2024-01-11 20:00:46+00:00,walton_lighthouse-2024-01-11-200046Z
-13581915.99002463,4434058.7980808765,1.3416957333333333,0.015037593984962405,2024-01-11 20:00:46+00:00,walton_lighthouse-2024-01-11-200046Z
-13581914.164911328,4434058.25435223,1.3416957333333333,0.017543859649122806,2024-01-11 20:00:46+00:00,walton_lighthouse-2024-01-11-200046Z
-13581912.368885882,4434057.61355183,1.3416957333333333,0.020050125313283207,2024-01-11 20:00:46+00:00,walton_lighthouse-2024-01-11-200046Z
-13581910.905877836,4434055.861407875,1.3416957333333333,0.022556390977443608,2024-01-11 20:00:46+00:00,walton_lighthouse-2024-01-11-200046Z
-13581909.457733233,4434054.059661693,1.3416957333333333,0.02506265664160401,2024-01-11 20:00:46+00:00,walton_lighthouse-2024-01-11-200046Z
-13581907.9237782,4434052.544281382,1.3416957333333333,0.02756892230576441,2024-01-11 20:00:46+00:00,walton_lighthouse-2024-01-11-200046Z
-13581906.096182227,4434052.008837959,1.3416957333333333,0.03007518796992481,2024-01-11 20:00:46+00:00,walton_lighthouse-2024-01-11-200046Z
-13581904.3575273,4434051.176581101,1.3416957333333333,0.03258145363408521,2024-01-11 20:00:46+00:00,walton_lighthouse-2024-01-11-200046Z
-13581902.5297219,4434050.641836586,1.3416957333333333,0.03508771929824561,2024-01-11 20:00:46+00:00,walton_lighthouse-2024-01-11-200046Z
-13581900.70191649,4434050.107092068,1.3416957333333333,0.03759398496240601,2024-01-11 20:00:46+00:00,walton_lighthouse-2024-01-11-200046Z
-13581898.874111077,4434049.572347548,1.3416957333333333,0.040100250626566414,2024-01-11 20:00:46+00:00,walton_lighthouse-2024-01-11-200046Z
-13581897.046305696,4434049.037603037,1.3416957333333333,0.042606516290726815,2024-01-11 20:00:46+00:00,walton_lighthouse-2024-01-11-200046Z
-13581895.25105439,4434048.394219195,1.3416957333333333,0.045112781954887216,2024-01-11 20:00:46+00:00,walton_lighthouse-2024-01-11-200046Z
-13581893.7871474,4434046.6450750325,1.3416957333333333,0.047619047619047616,2024-01-11 20:00:46+00:00,walton_lighthouse-2024-01-11-200046Z
-13581892.334674751,4434044.857772368,1.3416957333333333,0.05012531328320802,2024-01-11 20:00:46+00:00,walton_lighthouse-2024-01-11-200046Z
-13581890.839948434,4434043.21147838,1.3416957333333333,0.05263157894736842,2024-01-11 20:00:46+00:00,walton_lighthouse-2024-01-11-200046Z
-13581889.00949146,4434042.685582683,1.3416957333333333,0.05513784461152882,2024-01-11 20:00:46+00:00,walton_lighthouse-2024-01-11-200046Z
-13581887.179034464,4434042.15968698,1.3416957333333333,0.05764411027568922,2024-01-11 20:00:46+00:00,walton_lighthouse-2024-01-11-200046Z
-13581885.348577488,4434041.633791282,1.3416957333333333,0.06015037593984962,2024-01-11 20:00:46+00:00,walton_lighthouse-2024-01-11-200046Z
-13581883.518120544,4434041.107895594,1.3416957333333333,0.06265664160401002,2024-01-11 20:00:46+00:00,walton_lighthouse-2024-01-11-200046Z
-13581881.687663555,4434040.581999894,1.3416957333333333,0.06516290726817042,2024-01-11 20:00:46+00:00,walton_lighthouse-2024-01-11-200046Z
-13581879.85720656,4434040.05610419,1.3416957333333333,0.06766917293233082,2024-01-11 20:00:46+00:00,walton_lighthouse-2024-01-11-200046Z
-13581878.181741567,4434039.012970189,1.3416957333333333,0.07017543859649122,2024-01-11 20:00:46+00:00,walton_lighthouse-2024-01-11-200046Z
-13581876.725172283,4434037.239338821,1.3416957333333333,0.07268170426065163,2024-01-11 20:00:46+00:00,walton_lighthouse-2024-01-11-200046Z
-13581875.268602991,4434035.465707458,1.3416957333333333,0.07518796992481203,2024-01-11 20:00:46+00:00,walton_lighthouse-2024-01-11-200046Z
-13581873.812033648,4434033.692076108,1.3416957333333333,0.07769423558897243,2024-01-11 20:00:46+00:00,walton_lighthouse-2024-01-11-200046Z
-13581872.299871136,4434032.103970124,1.3416957333333333,0.08020050125313283,2024-01-11 20:00:46+00:00,walton_lighthouse-2024-01-11-200046Z
-13581870.465482635,4434031.591194682,1.3416957333333333,0.08270676691729323,2024-01-11 20:00:46+00:00,walton_lighthouse-2024-01-11-200046Z
-13581868.63109412,4434031.078419232,1.3416957333333333,0.08521303258145363,2024-01-11 20:00:46+00:00,walton_lighthouse-2024-01-11-200046Z
-13581866.796705632,4434030.565643791,1.3416957333333333,0.08771929824561403,2024-01-11 20:00:46+00:00,walton_lighthouse-2024-01-11-200046Z
-13581866.413189314,4434025.211026524,1.3416957333333333,0.09022556390977443,2024-01-11 20:00:46+00:00,walton_lighthouse-2024-01-11-200046Z
-13581864.575188829,4434024.710304987,1.3416957333333333,0.09273182957393483,2024-01-11 20:00:46+00:00,walton_lighthouse-2024-01-11-200046Z
-13581862.737188324,4434024.209583443,1.3416957333333333,0.09523809523809523,2024-01-11 20:00:46+00:00,walton_lighthouse-2024-01-11-200046Z
-13581860.89918784,4434023.708861903,1.3416957333333333,0.09774436090225563,2024-01-11 20:00:46+00:00,walton_lighthouse-2024-01-11-200046Z
-13581859.06118738,4434023.208140374,1.3416957333333333,0.10025062656641603,2024-01-11 20:00:46+00:00,walton_lighthouse-2024-01-11-200046Z
-13581857.22318688,4434022.707418834,1.3416957333333333,0.10275689223057644,2024-01-11 20:00:46+00:00,walton_lighthouse-2024-01-11-200046Z
-13581855.385186378,4434022.206697289,1.3416957333333333,0.10526315789473684,2024-01-11 20:00:46+00:00,walton_lighthouse-2024-01-11-200046Z
-13581853.873708775,4434020.61630556,1.3416957333333333,0.10776942355889724,2024-01-11 20:00:46+00:00,walton_lighthouse-2024-01-11-200046Z
-13581852.413256168,4434018.8556335885,1.3416957333333333,0.11027568922305764,2024-01-11 20:00:46+00:00,walton_lighthouse-2024-01-11-200046Z
-13581850.734762968,4434017.822605335,1.3416957333333333,0.11278195488721804,2024-01-11 20:00:46+00:00,walton_lighthouse-2024-01-11-200046Z
-13581848.94032702,4434017.176500381,1.3416957333333333,0.11528822055137844,2024-01-11 20:00:46+00:00,walton_lighthouse-2024-01-11-200046Z
-13581847.283145389,4434016.0723512685,1.3416957333333333,0.11779448621553884,2024-01-11 20:00:46+00:00,walton_lighthouse-2024-01-11-200046Z
-13581845.442360144,4434015.580923061,1.3416957333333333,0.12030075187969924,2024-01-11 20:00:46+00:00,walton_lighthouse-2024-01-11-200046Z
-13581843.601574885,4434015.08949485,1.3416957333333333,0.12280701754385964,2024-01-11 20:00:46+00:00,walton_lighthouse-2024-01-11-200046Z
-13581841.76078962,4434014.598066634,1.3416957333333333,0.12531328320802004,2024-01-11 20:00:46+00:00,walton_lighthouse-2024-01-11-200046Z
-13581839.92000435,4434014.106638418,1.3416957333333333,0.12781954887218044,2024-01-11 20:00:46+00:00,walton_lighthouse-2024-01-11-200046Z
-13581838.361788755,4434012.672220486,1.3416957333333333,0.13032581453634084,2024-01-11 20:00:46+00:00,walton_lighthouse-2024-01-11-200046Z
-13581836.897649892,4434010.9238502085,1.3416957333333333,0.13283208020050125,2024-01-11 20:00:46+00:00,walton_lighthouse-2024-01-11-200046Z
-13581835.416672245,4434009.2316741645,1.3416957333333333,0.13533834586466165,2024-01-11 20:00:46+00:00,walton_lighthouse-2024-01-11-200046Z
-13581833.925447246,4434007.573695599,1.3416957333333333,0.13784461152882205,2024-01-11 20:00:46+00:00,walton_lighthouse-2024-01-11-200046Z
-13581832.0810857,4434007.094202169,1.3416957333333333,0.14035087719298245,2024-01-11 20:00:46+00:00,walton_lighthouse-2024-01-11-200046Z
-13581830.23672415,4434006.614708738,1.3416957333333333,0.14285714285714285,2024-01-11 20:00:46+00:00,walton_lighthouse-2024-01-11-200046Z
-13581828.392362582,4434006.1352153,1.3416957333333333,0.14536340852130325,2024-01-11 20:00:46+00:00,walton_lighthouse-2024-01-11-200046Z
-13581826.548001032,4434005.655721867,1.3416957333333333,0.14786967418546365,2024-01-11 20:00:46+00:00,walton_lighthouse-2024-01-11-200046Z
-13581824.703639504,4434005.176228443,1.3416957333333333,0.15037593984962405,2024-01-11 20:00:46+00:00,walton_lighthouse-2024-01-11-200046Z
-13581822.902356263,4434004.552974293,1.3416957333333333,0.15288220551378445,2024-01-11 20:00:46+00:00,walton_lighthouse-2024-01-11-200046Z
-13581821.4347136,4434002.816296827,1.3416957333333333,0.15538847117794485,2024-01-11 20:00:46+00:00,walton_lighthouse-2024-01-11-200046Z
-13581819.967070969,4434001.079619348,1.3416957333333333,0.15789473684210525,2024-01-11 20:00:46+00:00,walton_lighthouse-2024-01-11-200046Z
-13581818.239947297,4434000.208880383,1.3416957333333333,0.16040100250626566,2024-01-11 20:00:46+00:00,walton_lighthouse-2024-01-11-200046Z
-13581816.393140469,4433999.737547286,1.3416957333333333,0.16290726817042606,2024-01-11 20:00:46+00:00,walton_lighthouse-2024-01-11-200046Z
-13581814.54633364,4433999.266214187,1.3416957333333333,0.16541353383458646,2024-01-11 20:00:46+00:00,walton_lighthouse-2024-01-11-200046Z
-13581812.699526835,4433998.794881097,1.3416957333333333,0.16791979949874686,2024-01-11 20:00:46+00:00,walton_lighthouse-2024-01-11-200046Z
-13581810.852720017,4433998.323548003,1.3416957333333333,0.17042606516290726,2024-01-11 20:00:46+00:00,walton_lighthouse-2024-01-11-200046Z
-13581809.00591318,4433997.852214903,1.3416957333333333,0.17293233082706766,2024-01-11 20:00:46+00:00,walton_lighthouse-2024-01-11-200046Z
-13581807.491608584,4433996.27125743,1.3416957333333333,0.17543859649122806,2024-01-11 20:00:46+00:00,walton_lighthouse-2024-01-11-200046Z
-13581805.98579449,4433994.661965491,1.3416957333333333,0.17794486215538846,2024-01-11 20:00:46+00:00,walton_lighthouse-2024-01-11-200046Z
-13581804.148279082,4433994.159625156,1.3416957333333333,0.18045112781954886,2024-01-11 20:00:46+00:00,walton_lighthouse-2024-01-11-200046Z
-13581802.29960509,4433993.694523118,1.3416957333333333,0.18295739348370926,2024-01-11 20:00:46+00:00,walton_lighthouse-2024-01-11-200046Z
-13581800.450931115,4433993.229421085,1.3416957333333333,0.18546365914786966,2024-01-11 20:00:46+00:00,walton_lighthouse-2024-01-11-200046Z
-13581798.602257162,4433992.76431906,1.3416957333333333,0.18796992481203006,2024-01-11 20:00:46+00:00,walton_lighthouse-2024-01-11-200046Z
-13581796.753583176,4433992.299217026,1.3416957333333333,0.19047619047619047,2024-01-11 20:00:46+00:00,walton_lighthouse-2024-01-11-200046Z
-13581795.074410636,4433991.268455775,1.3416957333333333,0.19298245614035087,2024-01-11 20:00:46+00:00,walton_lighthouse-2024-01-11-200046Z
-13581793.600256149,4433989.553509577,1.3416957333333333,0.19548872180451127,2024-01-11 20:00:46+00:00,walton_lighthouse-2024-01-11-200046Z
-13581791.79638577,4433988.938889294,1.3416957333333333,0.19799498746867167,2024-01-11 20:00:46+00:00,walton_lighthouse-2024-01-11-200046Z
-13581789.94607017,4433988.479265713,1.3416957333333333,0.20050125313283207,2024-01-11 20:00:46+00:00,walton_lighthouse-2024-01-11-200046Z
-13581788.095754536,4433988.019642118,1.3416957333333333,0.20300751879699247,2024-01-11 20:00:46+00:00,walton_lighthouse-2024-01-11-200046Z
-13581786.245438928,4433987.560018532,1.3416957333333333,0.20551378446115287,2024-01-11 20:00:46+00:00,walton_lighthouse-2024-01-11-200046Z
-13581784.395123333,4433987.10039495,1.3416957333333333,0.20802005012531327,2024-01-11 20:00:46+00:00,walton_lighthouse-2024-01-11-200046Z
-13581782.711450376,4433986.084652518,1.3416957333333333,0.21052631578947367,2024-01-11 20:00:46+00:00,walton_lighthouse-2024-01-11-200046Z
-13581781.0547038,4433984.979051502,1.3416957333333333,0.21303258145363407,2024-01-11 20:00:46+00:00,walton_lighthouse-2024-01-11-200046Z
-13581779.203366837,4433984.522836351,1.3416957333333333,0.21553884711779447,2024-01-11 20:00:46+00:00,walton_lighthouse-2024-01-11-200046Z
-13581777.352029892,4433984.066621208,1.3416957333333333,0.21804511278195488,2024-01-11 20:00:46+00:00,walton_lighthouse-2024-01-11-200046Z
-13581775.500692934,4433983.610406061,1.3416957333333333,0.22055137844611528,2024-01-11 20:00:46+00:00,walton_lighthouse-2024-01-11-200046Z
-13581773.649355965,4433983.154190907,1.3416957333333333,0.22305764411027568,2024-01-11 20:00:46+00:00,walton_lighthouse-2024-01-11-200046Z
-13581771.879143462,4433982.427247742,1.3416957333333333,0.22556390977443608,2024-01-11 20:00:46+00:00,walton_lighthouse-2024-01-11-200046Z
-13581770.30373511,4433981.050205336,1.3416957333333333,0.22807017543859648,2024-01-11 20:00:46+00:00,walton_lighthouse-2024-01-11-200046Z
-13581768.45136824,4433980.597427212,1.3416957333333333,0.23057644110275688,2024-01-11 20:00:46+00:00,walton_lighthouse-2024-01-11-200046Z
-13581766.599001354,4433980.144649081,1.3416957333333333,0.23308270676691728,2024-01-11 20:00:46+00:00,walton_lighthouse-2024-01-11-200046Z
-13581764.746634498,4433979.69187096,1.3416957333333333,0.23558897243107768,2024-01-11 20:00:46+00:00,walton_lighthouse-2024-01-11-200046Z
-13581762.894267634,4433979.239092839,1.3416957333333333,0.23809523809523808,2024-01-11 20:00:46+00:00,walton_lighthouse-2024-01-11-200046Z
-13581761.099602653,4433978.593752225,1.3416957333333333,0.24060150375939848,2024-01-11 20:00:46+00:00,walton_lighthouse-2024-01-11-200046Z
-13581759.58005916,4433977.030277937,1.3416957333333333,0.24310776942355888,2024-01-11 20:00:46+00:00,walton_lighthouse-2024-01-11-200046Z
-13581757.734288009,4433976.555488671,1.3416957333333333,0.24561403508771928,2024-01-11 20:00:46+00:00,walton_lighthouse-2024-01-11-200046Z
-13581755.880752042,4433976.106612044,1.3416957333333333,0.24812030075187969,2024-01-11 20:00:46+00:00,walton_lighthouse-2024-01-11-200046Z
-13581754.02721606,4433975.657735411,1.3416957333333333,0.2506265664160401,2024-01-11 20:00:46+00:00,walton_lighthouse-2024-01-11-200046Z
-13581752.173680097,4433975.208858782,1.3416957333333333,0.2531328320802005,2024-01-11 20:00:46+00:00,walton_lighthouse-2024-01-11-200046Z
-13581750.369416958,4433974.595549248,1.3416957333333333,0.2556390977443609,2024-01-11 20:00:46+00:00,walton_lighthouse-2024-01-11-200046Z
-13581748.861564156,4433972.993060824,1.3416957333333333,0.2581453634085213,2024-01-11 20:00:46+00:00,walton_lighthouse-2024-01-11-200046Z
-13581747.006848084,4433972.548122385,1.3416957333333333,0.2606516290726817,2024-01-11 20:00:46+00:00,walton_lighthouse-2024-01-11-200046Z
-13581745.152132023,4433972.103183951,1.3416957333333333,0.2631578947368421,2024-01-11 20:00:46+00:00,walton_lighthouse-2024-01-11-200046Z
-13581743.29741598,4433971.658245522,1.3416957333333333,0.2656641604010025,2024-01-11 20:00:46+00:00,walton_lighthouse-2024-01-11-200046Z
-13581741.44269993,4433971.213307093,1.3416957333333333,0.2681704260651629,2024-01-11 20:00:46+00:00,walton_lighthouse-2024-01-11-200046Z
-13581739.685463049,4433970.443061661,1.3416957333333333,0.2706766917293233,2024-01-11 20:00:46+00:00,walton_lighthouse-2024-01-11-200046Z
-13581738.081180785,4433969.162377084,1.3416957333333333,0.2731829573934837,2024-01-11 20:00:46+00:00,walton_lighthouse-2024-01-11-200046Z
-13581736.225406231,4433968.720971102,1.3416957333333333,0.2756892230576441,2024-01-11 20:00:46+00:00,walton_lighthouse-2024-01-11-200046Z
-13581734.369631669,4433968.279565116,1.3416957333333333,0.2781954887218045,2024-01-11 20:00:46+00:00,walton_lighthouse-2024-01-11-200046Z
-13581732.513857093,4433967.838159128,1.3416957333333333,0.2807017543859649,2024-01-11 20:00:46+00:00,walton_lighthouse-2024-01-11-200046Z
-13581730.658082517,4433967.396753138,1.3416957333333333,0.2832080200501253,2024-01-11 20:00:46+00:00,walton_lighthouse-2024-01-11-200046Z
-13581729.044875875,4433966.145850995,1.3416957333333333,0.2857142857142857,2024-01-11 20:00:46+00:00,walton_lighthouse-2024-01-11-200046Z
-13581727.464356288,4433964.785865757,1.3416957333333333,0.2882205513784461,2024-01-11 20:00:46+00:00,walton_lighthouse-2024-01-11-200046Z
-13581725.606976964,4433964.349815112,1.3416957333333333,0.2907268170426065,2024-01-11 20:00:46+00:00,walton_lighthouse-2024-01-11-200046Z
-13581723.74959766,4433963.913764475,1.3416957333333333,0.2932330827067669,2024-01-11 20:00:46+00:00,walton_lighthouse-2024-01-11-200046Z
-13581721.892218351,4433963.477713836,1.3416957333333333,0.2957393483709273,2024-01-11 20:00:46+00:00,walton_lighthouse-2024-01-11-200046Z
-13581720.034839042,4433963.041663198,1.3416957333333333,0.2982456140350877,2024-01-11 20:00:46+00:00,walton_lighthouse-2024-01-11-200046Z
-13581718.391835451,4433961.890199143,1.3416957333333333,0.3007518796992481,2024-01-11 20:00:46+00:00,walton_lighthouse-2024-01-11-200046Z
-13581716.533781333,4433961.45640048,1.3416957333333333,0.3032581453634085,2024-01-11 20:00:46+00:00,walton_lighthouse-2024-01-11-200046Z
-13581714.675727228,4433961.022601824,1.3416957333333333,0.3057644110275689,2024-01-11 20:00:46+00:00,walton_lighthouse-2024-01-11-200046Z
-13581712.817673096,4433960.58880316,1.3416957333333333,0.3082706766917293,2024-01-11 20:00:46+00:00,walton_lighthouse-2024-01-11-200046Z
-13581710.95961896,4433960.155004491,1.3416957333333333,0.3107769423558897,2024-01-11 20:00:46+00:00,walton_lighthouse-2024-01-11-200046Z
-13581709.313655524,4433959.013418109,1.3416957333333333,0.3132832080200501,2024-01-11 20:00:46+00:00,walton_lighthouse-2024-01-11-200046Z
-13581707.53981576,4433958.298579801,1.3416957333333333,0.3157894736842105,2024-01-11 20:00:46+00:00,walton_lighthouse-2024-01-11-200046Z
-13581705.68081097,4433957.867953683,1.3416957333333333,0.3182957393483709,2024-01-11 20:00:46+00:00,walton_lighthouse-2024-01-11-200046Z
-13581703.821806174,4433957.437327564,1.3416957333333333,0.3208020050125313,2024-01-11 20:00:46+00:00,walton_lighthouse-2024-01-11-200046Z
-13581701.962801402,4433957.006701453,1.3416957333333333,0.3233082706766917,2024-01-11 20:00:46+00:00,walton_lighthouse-2024-01-11-200046Z
-13581700.312163765,4433955.88071375,1.3416957333333333,0.3258145363408521,2024-01-11 20:00:46+00:00,walton_lighthouse-2024-01-11-200046Z
-13581698.454430452,4433955.445844431,1.3416957333333333,0.3283208020050125,2024-01-11 20:00:46+00:00,walton_lighthouse-2024-01-11-200046Z
-13581696.594742104,4433955.017499521,1.3416957333333333,0.3308270676691729,2024-01-11 20:00:46+00:00,walton_lighthouse-2024-01-11-200046Z
-13581694.735053752,4433954.58915461,1.3416957333333333,0.3333333333333333,2024-01-11 20:00:46+00:00,walton_lighthouse-2024-01-11-200046Z
-13581692.890284631,4433954.111021316,1.3416957333333333,0.3358395989974937,2024-01-11 20:00:46+00:00,walton_lighthouse-2024-01-11-200046Z
-13581691.22365617,4433953.038398042,1.3416957333333333,0.3383458646616541,2024-01-11 20:00:46+00:00,walton_lighthouse-2024-01-11-200046Z
-13581689.363280697,4433952.612346182,1.3416957333333333,0.3408521303258145,2024-01-11 20:00:46+00:00,walton_lighthouse-2024-01-11-200046Z
-13581687.50290524,4433952.18629433,1.3416957333333333,0.3433583959899749,2024-01-11 20:00:46+00:00,walton_lighthouse-2024-01-11-200046Z
-13581685.642529756,4433951.760242469,1.3416957333333333,0.3458646616541353,2024-01-11 20:00:46+00:00,walton_lighthouse-2024-01-11-200046Z
-13581683.91344016,4433950.896064115,1.3416957333333333,0.3483709273182957,2024-01-11 20:00:46+00:00,walton_lighthouse-2024-01-11-200046Z
-13581682.251396334,4433949.808141077,1.3416957333333333,0.3508771929824561,2024-01-11 20:00:46+00:00,walton_lighthouse-2024-01-11-200046Z
-13581680.389913592,4433949.385784427,1.3416957333333333,0.3533834586466165,2024-01-11 20:00:46+00:00,walton_lighthouse-2024-01-11-200046Z
-13581678.528430846,4433948.9634277765,1.3416957333333333,0.3558897243107769,2024-01-11 20:00:46+00:00,walton_lighthouse-2024-01-11-200046Z
-13581676.666948069,4433948.541071113,1.3416957333333333,0.3583959899749373,2024-01-11 20:00:46+00:00,walton_lighthouse-2024-01-11-200046Z
-13581674.983149713,4433947.525747168,1.3416957333333333,0.3609022556390977,2024-01-11 20:00:46+00:00,walton_lighthouse-2024-01-11-200046Z
-13581673.147990646,4433947.015543299,1.3416957333333333,0.3634085213032581,2024-01-11 20:00:46+00:00,walton_lighthouse-2024-01-11-200046Z
-13581671.285810864,4433946.595512767,1.3416957333333333,0.3659147869674185,2024-01-11 20:00:46+00:00,walton_lighthouse-2024-01-11-200046Z
-13581669.423631072,4433946.175482232,1.3416957333333333,0.3684210526315789,2024-01-11 20:00:46+00:00,walton_lighthouse-2024-01-11-200046Z
-13581667.617978098,4433945.566810743,1.3416957333333333,0.37092731829573933,2024-01-11 20:00:46+00:00,walton_lighthouse-2024-01-11-200046Z
-13581666.06418272,4433944.117641683,1.3416957333333333,0.37343358395989973,2024-01-11 20:00:46+00:00,walton_lighthouse-2024-01-11-200046Z
-13581664.20073888,4433943.701829555,1.3416957333333333,0.37593984962406013,2024-01-11 20:00:46+00:00,walton_lighthouse-2024-01-11-200046Z
-13581662.337295026,4433943.286017422,1.3416957333333333,0.37844611528822053,2024-01-11 20:00:46+00:00,walton_lighthouse-2024-01-11-200046Z
-13581660.47385119,4433942.870205295,1.3416957333333333,0.38095238095238093,2024-01-11 20:00:46+00:00,walton_lighthouse-2024-01-11-200046Z
-13581658.765878826,4433941.93555471,1.3416957333333333,0.38345864661654133,2024-01-11 20:00:46+00:00,walton_lighthouse-2024-01-11-200046Z
-13581656.907484142,4433941.502892571,1.3416957333333333,0.38596491228070173,2024-01-11 20:00:46+00:00,walton_lighthouse-2024-01-11-200046Z
-13581655.04347444,4433941.088968777,1.3416957333333333,0.38847117794486213,2024-01-11 20:00:46+00:00,walton_lighthouse-2024-01-11-200046Z
-13581653.179464769,4433940.675044993,1.3416957333333333,0.39097744360902253,2024-01-11 20:00:46+00:00,walton_lighthouse-2024-01-11-200046Z
-13581651.451000046,4433939.8087813845,1.3416957333333333,0.39348370927318294,2024-01-11 20:00:46+00:00,walton_lighthouse-2024-01-11-200046Z
-13581649.730096174,4433938.917285655,1.3416957333333333,0.39598997493734334,2024-01-11 20:00:46+00:00,walton_lighthouse-2024-01-11-200046Z
-13581647.865090176,4433938.506686751,1.3416957333333333,0.39849624060150374,2024-01-11 20:00:46+00:00,walton_lighthouse-2024-01-11-200046Z
-13581646.000084188,4433938.096087853,1.3416957333333333,0.40100250626566414,2024-01-11 20:00:46+00:00,walton_lighthouse-2024-01-11-200046Z
-13581644.170636255,4433937.566824779,1.3416957333333333,0.40350877192982454,2024-01-11 20:00:46+00:00,walton_lighthouse-2024-01-11-200046Z
-13581642.427964984,4433936.7479711445,1.3416957333333333,0.40601503759398494,2024-01-11 20:00:46+00:00,walton_lighthouse-2024-01-11-200046Z
-13581640.56238624,4433936.339283565,1.3416957333333333,0.40852130325814534,2024-01-11 20:00:46+00:00,walton_lighthouse-2024-01-11-200046Z
-13581638.69680752,4433935.930595992,1.3416957333333333,0.41102756892230574,2024-01-11 20:00:46+00:00,walton_lighthouse-2024-01-11-200046Z
-13581636.911332132,4433935.254588017,1.3416957333333333,0.41353383458646614,2024-01-11 20:00:46+00:00,walton_lighthouse-2024-01-11-200046Z
-13581635.239592023,4433934.1990233,1.3416957333333333,0.41604010025062654,2024-01-11 20:00:46+00:00,walton_lighthouse-2024-01-11-200046Z
-13581633.373004982,4433933.793700673,1.3416957333333333,0.41854636591478694,2024-01-11 20:00:46+00:00,walton_lighthouse-2024-01-11-200046Z
-13581631.506417936,4433933.3883780455,1.3416957333333333,0.42105263157894735,2024-01-11 20:00:46+00:00,walton_lighthouse-2024-01-11-200046Z
-13581629.6835603,4433932.837121881,1.3416957333333333,0.42355889724310775,2024-01-11 20:00:46+00:00,walton_lighthouse-2024-01-11-200046Z
-13581627.928432172,4433932.059839156,1.3416957333333333,0.42606516290726815,2024-01-11 20:00:46+00:00,walton_lighthouse-2024-01-11-200046Z
-13581626.061265374,4433931.656451259,1.3416957333333333,0.42857142857142855,2024-01-11 20:00:46+00:00,walton_lighthouse-2024-01-11-200046Z
-13581624.194098594,4433931.2530633705,1.3416957333333333,0.43107769423558895,2024-01-11 20:00:46+00:00,walton_lighthouse-2024-01-11-200046Z
-13581622.481064456,4433930.335304854,1.3416957333333333,0.43358395989974935,2024-01-11 20:00:46+00:00,walton_lighthouse-2024-01-11-200046Z
-13581620.613315316,4433929.933860304,1.3416957333333333,0.43609022556390975,2024-01-11 20:00:46+00:00,walton_lighthouse-2024-01-11-200046Z
-13581618.745566186,4433929.532415758,1.3416957333333333,0.43859649122807015,2024-01-11 20:00:46+00:00,walton_lighthouse-2024-01-11-200046Z
-13581616.87781707,4433929.130971217,1.3416957333333333,0.44110275689223055,2024-01-11 20:00:46+00:00,walton_lighthouse-2024-01-11-200046Z
-13581615.162549036,4433928.220667705,1.3416957333333333,0.44360902255639095,2024-01-11 20:00:46+00:00,walton_lighthouse-2024-01-11-200046Z
-13581613.294214956,4433927.821175178,1.3416957333333333,0.44611528822055135,2024-01-11 20:00:46+00:00,walton_lighthouse-2024-01-11-200046Z
-13581611.425880896,4433927.421682658,1.3416957333333333,0.44862155388471175,2024-01-11 20:00:46+00:00,walton_lighthouse-2024-01-11-200046Z
-13581609.670299904,4433926.64591132,1.3416957333333333,0.45112781954887216,2024-01-11 20:00:46+00:00,walton_lighthouse-2024-01-11-200046Z
-13581607.877855944,4433925.993158819,1.3416957333333333,0.45363408521303256,2024-01-11 20:00:46+00:00,walton_lighthouse-2024-01-11-200046Z
-13581606.00878695,4433925.596118897,1.3416957333333333,0.45614035087719296,2024-01-11 20:00:46+00:00,walton_lighthouse-2024-01-11-200046Z
-13581604.139717951,4433925.199078973,1.3416957333333333,0.45864661654135336,2024-01-11 20:00:46+00:00,walton_lighthouse-2024-01-11-200046Z
-13581602.376811052,4433924.447755628,1.3416957333333333,0.46115288220551376,2024-01-11 20:00:46+00:00,walton_lighthouse-2024-01-11-200046Z
-13581600.493662488,4433924.09770198,1.3416957333333333,0.46365914786967416,2024-01-11 20:00:46+00:00,walton_lighthouse-2024-01-11-200046Z
-13581598.610513913,4433923.747648323,1.3416957333333333,0.46616541353383456,2024-01-11 20:00:46+00:00,walton_lighthouse-2024-01-11-200046Z
-13581596.774444764,4433923.240481605,1.3416957333333333,0.46867167919799496,2024-01-11 20:00:46+00:00,walton_lighthouse-2024-01-11-200046Z
-13581594.904932965,4433922.844919398,1.3416957333333333,0.47117794486215536,2024-01-11 20:00:46+00:00,walton_lighthouse-2024-01-11-200046Z
-13581593.035421165,4433922.449357188,1.3416957333333333,0.47368421052631576,2024-01-11 20:00:46+00:00,walton_lighthouse-2024-01-11-200046Z
-13581591.31274428,4433921.563778412,1.3416957333333333,0.47619047619047616,2024-01-11 20:00:46+00:00,walton_lighthouse-2024-01-11-200046Z
-13581589.442639668,4433921.170194621,1.3416957333333333,0.47869674185463656,2024-01-11 20:00:46+00:00,walton_lighthouse-2024-01-11-200046Z
-13581587.572535047,4433920.776610831,1.3416957333333333,0.48120300751879697,2024-01-11 20:00:46+00:00,walton_lighthouse-2024-01-11-200046Z
-13581585.849632677,4433919.891784484,1.3416957333333333,0.48370927318295737,2024-01-11 20:00:46+00:00,walton_lighthouse-2024-01-11-200046Z
-13581584.32668396,4433918.339674087,1.3416957333333333,0.48621553884711777,2024-01-11 20:00:46+00:00,walton_lighthouse-2024-01-11-200046Z
-13581582.470901512,4433917.89829444,1.3416957333333333,0.48872180451127817,2024-01-11 20:00:46+00:00,walton_lighthouse-2024-01-11-200046Z
-13581580.598700814,4433917.511705653,1.3416957333333333,0.49122807017543857,2024-01-11 20:00:46+00:00,walton_lighthouse-2024-01-11-200046Z
-13581578.79922359,4433916.882424488,1.3416957333333333,0.49373433583959897,2024-01-11 20:00:46+00:00,walton_lighthouse-2024-01-11-200046Z
-13581576.926720724,4433916.496844047,1.3416957333333333,0.49624060150375937,2024-01-11 20:00:46+00:00,walton_lighthouse-2024-01-11-200046Z
-13581575.054217882,4433916.111263612,1.3416957333333333,0.49874686716791977,2024-01-11 20:00:46+00:00,walton_lighthouse-2024-01-11-200046Z
-13581573.303980716,4433915.317658851,1.3416957333333333,0.5012531328320802,2024-01-11 20:00:46+00:00,walton_lighthouse-2024-01-11-200046Z
-13581571.45272952,4433914.86115746,1.3416957333333333,0.5037593984962405,2024-01-11 20:00:46+00:00,walton_lighthouse-2024-01-11-200046Z
-13581569.579620298,4433914.477600603,1.3416957333333333,0.506265664160401,2024-01-11 20:00:46+00:00,walton_lighthouse-2024-01-11-200046Z
-13581567.822208032,4433913.707940561,1.3416957333333333,0.5087719298245614,2024-01-11 20:00:46+00:00,walton_lighthouse-2024-01-11-200046Z
-13581566.082950328,4433912.877695214,1.3416957333333333,0.5112781954887218,2024-01-11 20:00:46+00:00,walton_lighthouse-2024-01-11-200046Z
-13581564.20877319,4433912.497702125,1.3416957333333333,0.5137844611528821,2024-01-11 20:00:46+00:00,walton_lighthouse-2024-01-11-200046Z
-13581562.36456451,4433912.017698538,1.3416957333333333,0.5162907268170426,2024-01-11 20:00:46+00:00,walton_lighthouse-2024-01-11-200046Z
-13581560.566569796,4433911.383470046,1.3416957333333333,0.518796992481203,2024-01-11 20:00:46+00:00,walton_lighthouse-2024-01-11-200046Z
-13581558.691932503,4433911.0050126,1.3416957333333333,0.5213032581453634,2024-01-11 20:00:46+00:00,walton_lighthouse-2024-01-11-200046Z
-13581556.91373548,4433910.304715265,1.3416957333333333,0.5238095238095237,2024-01-11 20:00:46+00:00,walton_lighthouse-2024-01-11-200046Z
-13581555.294568656,4433909.073703357,1.3416957333333333,0.5263157894736842,2024-01-11 20:00:46+00:00,walton_lighthouse-2024-01-11-200046Z
-13581553.418385765,4433908.70040396,1.3416957333333333,0.5288220551378446,2024-01-11 20:00:46+00:00,walton_lighthouse-2024-01-11-200046Z
-13581551.542202866,4433908.327104561,1.3416957333333333,0.531328320802005,2024-01-11 20:00:46+00:00,walton_lighthouse-2024-01-11-200046Z
-13581549.841178412,4433907.369267351,1.3416957333333333,0.5338345864661653,2024-01-11 20:00:46+00:00,walton_lighthouse-2024-01-11-200046Z
-13581547.96421594,4433906.998569571,1.3416957333333333,0.5363408521303258,2024-01-11 20:00:46+00:00,walton_lighthouse-2024-01-11-200046Z
-13581546.09791422,4433906.592294739,1.3416957333333333,0.5388471177944862,2024-01-11 20:00:46+00:00,walton_lighthouse-2024-01-11-200046Z
-13581544.384069638,4433905.677240818,1.3416957333333333,0.5413533834586466,2024-01-11 20:00:46+00:00,walton_lighthouse-2024-01-11-200046Z
-13581542.50632325,4433905.309159091,1.3416957333333333,0.5438596491228069,2024-01-11 20:00:46+00:00,walton_lighthouse-2024-01-11-200046Z
-13581540.677753763,4433904.776964493,1.3416957333333333,0.5463659147869674,2024-01-11 20:00:46+00:00,walton_lighthouse-2024-01-11-200046Z
-13581538.819686957,4433904.343208156,1.3416957333333333,0.5488721804511278,2024-01-11 20:00:46+00:00,walton_lighthouse-2024-01-11-200046Z
-13581536.941625675,4433903.976177204,1.3416957333333333,0.5513784461152882,2024-01-11 20:00:46+00:00,walton_lighthouse-2024-01-11-200046Z
-13581535.200492855,4433903.1521894885,1.3416957333333333,0.5538847117794485,2024-01-11 20:00:46+00:00,walton_lighthouse-2024-01-11-200046Z
-13581533.321799677,4433902.787267426,1.3416957333333333,0.556390977443609,2024-01-11 20:00:46+00:00,walton_lighthouse-2024-01-11-200046Z
-13581531.464252137,4433902.351778167,1.3416957333333333,0.5588972431077694,2024-01-11 20:00:46+00:00,walton_lighthouse-2024-01-11-200046Z
-13581529.700074011,4433901.604697038,1.3416957333333333,0.5614035087719298,2024-01-11 20:00:46+00:00,walton_lighthouse-2024-01-11-200046Z
-13581527.820745943,4433901.241893657,1.3416957333333333,0.5639097744360901,2024-01-11 20:00:46+00:00,walton_lighthouse-2024-01-11-200046Z
-13581526.11288916,4433900.306857388,1.3416957333333333,0.5664160401002506,2024-01-11 20:00:46+00:00,walton_lighthouse-2024-01-11-200046Z
-13581524.263894685,4433899.842824956,1.3416957333333333,0.568922305764411,2024-01-11 20:00:46+00:00,walton_lighthouse-2024-01-11-200046Z
-13581522.38360873,4433899.483218142,1.3416957333333333,0.5714285714285714,2024-01-11 20:00:46+00:00,walton_lighthouse-2024-01-11-200046Z
-13581520.570263889,4433898.900215943,1.3416957333333333,0.5739348370927317,2024-01-11 20:00:46+00:00,walton_lighthouse-2024-01-11-200046Z
-13581518.689657187,4433898.541679645,1.3416957333333333,0.5764411027568922,2024-01-11 20:00:46+00:00,walton_lighthouse-2024-01-11-200046Z
-13581516.809050478,4433898.18314334,1.3416957333333333,0.5789473684210527,2024-01-11 20:00:46+00:00,walton_lighthouse-2024-01-11-200046Z
-13581514.928443762,4433897.824607033,1.3416957333333333,0.581453634085213,2024-01-11 20:00:46+00:00,walton_lighthouse-2024-01-11-200046Z
-13581513.113648606,4433897.246444772,1.3416957333333333,0.5839598997493733,2024-01-11 20:00:46+00:00,walton_lighthouse-2024-01-11-200046Z
-13581511.23272038,4433896.888981481,1.3416957333333333,0.5864661654135338,2024-01-11 20:00:46+00:00,walton_lighthouse-2024-01-11-200046Z
-13581509.417113272,4433896.313528888,1.3416957333333333,0.5889724310776943,2024-01-11 20:00:46+00:00,walton_lighthouse-2024-01-11-200046Z
-13581507.535862736,4433895.957141111,1.3416957333333333,0.5914786967418546,2024-01-11 20:00:46+00:00,walton_lighthouse-2024-01-11-200046Z
-13581505.703522747,4433895.437529421,1.3416957333333333,0.593984962406015,2024-01-11 20:00:46+00:00,walton_lighthouse-2024-01-11-200046Z
-13581503.837866884,4433895.029099251,1.3416957333333333,0.5964912280701754,2024-01-11 20:00:46+00:00,walton_lighthouse-2024-01-11-200046Z
-13581501.968618874,4433894.632656767,1.3416957333333333,0.5989974937343359,2024-01-11 20:00:46+00:00,walton_lighthouse-2024-01-11-200046Z
-13581500.138728768,4433894.104869261,1.3416957333333333,0.6015037593984962,2024-01-11 20:00:46+00:00,walton_lighthouse-2024-01-11-200046Z
-13581498.256831408,4433893.750640108,1.3416957333333333,0.6040100250626566,2024-01-11 20:00:46+00:00,walton_lighthouse-2024-01-11-200046Z
-13581496.438444415,4433893.184464602,1.3416957333333333,0.606516290726817,2024-01-11 20:00:46+00:00,walton_lighthouse-2024-01-11-200046Z
-13581494.55622249,4433892.83131856,1.3416957333333333,0.6090225563909775,2024-01-11 20:00:46+00:00,walton_lighthouse-2024-01-11-200046Z
-13581492.80016731,4433892.057129598,1.3416957333333333,0.6115288220551378,2024-01-11 20:00:46+00:00,walton_lighthouse-2024-01-11-200046Z
-13581490.917293992,4433891.706157443,1.3416957333333333,0.6140350877192982,2024-01-11 20:00:46+00:00,walton_lighthouse-2024-01-11-200046Z
-13581489.09707351,4433891.146100582,1.3416957333333333,0.6165413533834586,2024-01-11 20:00:46+00:00,walton_lighthouse-2024-01-11-200046Z
-13581487.213873316,4433890.796219208,1.3416957333333333,0.6190476190476191,2024-01-11 20:00:46+00:00,walton_lighthouse-2024-01-11-200046Z
-13581485.39281866,4433890.238946111,1.3416957333333333,0.6215538847117794,2024-01-11 20:00:46+00:00,walton_lighthouse-2024-01-11-200046Z
-13581483.50929086,4433889.890158108,1.3416957333333333,0.6240601503759398,2024-01-11 20:00:46+00:00,walton_lighthouse-2024-01-11-200046Z
-13581481.687398702,4433889.335679948,1.3416957333333333,0.6265664160401002,2024-01-11 20:00:46+00:00,walton_lighthouse-2024-01-11-200046Z
-13581479.803542472,4433888.987987876,1.3416957333333333,0.6290726817042607,2024-01-11 20:00:46+00:00,walton_lighthouse-2024-01-11-200046Z
-13581477.980809448,4433888.436315877,1.3416957333333333,0.631578947368421,2024-01-11 20:00:46+00:00,walton_lighthouse-2024-01-11-200046Z
-13581476.144987976,4433887.928322559,1.3416957333333333,0.6340852130325814,2024-01-11 20:00:46+00:00,walton_lighthouse-2024-01-11-200046Z
-13581474.27304677,4433887.540867792,1.3416957333333333,0.6365914786967418,2024-01-11 20:00:46+00:00,walton_lighthouse-2024-01-11-200046Z
-13581472.44895257,4433886.993738225,1.3416957333333333,0.6390977443609023,2024-01-11 20:00:46+00:00,walton_lighthouse-2024-01-11-200046Z
-13581470.564106464,4433886.649349608,1.3416957333333333,0.6416040100250626,2024-01-11 20:00:46+00:00,walton_lighthouse-2024-01-11-200046Z
-13581468.82902961,4433885.805152019,1.3416957333333333,0.644110275689223,2024-01-11 20:00:46+00:00,walton_lighthouse-2024-01-11-200046Z
-13581466.92239514,4433885.533475366,1.3416957333333333,0.6466165413533834,2024-01-11 20:00:46+00:00,walton_lighthouse-2024-01-11-200046Z
-13581465.028186202,4433885.220332288,1.3416957333333333,0.6491228070175439,2024-01-11 20:00:46+00:00,walton_lighthouse-2024-01-11-200046Z
-13581463.142676244,4433884.878159067,1.3416957333333333,0.6516290726817042,2024-01-11 20:00:46+00:00,walton_lighthouse-2024-01-11-200046Z
-13581461.2571663,4433884.535985851,1.3416957333333333,0.6541353383458646,2024-01-11 20:00:46+00:00,walton_lighthouse-2024-01-11-200046Z
-13581459.430177884,4433883.998514922,1.3416957333333333,0.656641604010025,2024-01-11 20:00:46+00:00,walton_lighthouse-2024-01-11-200046Z
-13581457.544334795,4433883.657453345,1.3416957333333333,0.6591478696741855,2024-01-11 20:00:46+00:00,walton_lighthouse-2024-01-11-200046Z
-13581455.716484971,4433883.122857084,1.3416957333333333,0.6616541353383458,2024-01-11 20:00:46+00:00,walton_lighthouse-2024-01-11-200046Z
-13581453.888104971,4433882.590030155,1.3416957333333333,0.6641604010025062,2024-01-11 20:00:46+00:00,walton_lighthouse-2024-01-11-200046Z
-13581452.001593305,4433882.25119985,1.3416957333333333,0.6666666666666666,2024-01-11 20:00:46+00:00,walton_lighthouse-2024-01-11-200046Z
-13581450.1723457,4433881.72126822,1.3416957333333333,0.6691729323308271,2024-01-11 20:00:46+00:00,walton_lighthouse-2024-01-11-200046Z
-13581448.285498517,4433881.383557546,1.3416957333333333,0.6716791979949874,2024-01-11 20:00:46+00:00,walton_lighthouse-2024-01-11-200046Z
-13581446.45537983,4433880.856532961,1.3416957333333333,0.6741854636591478,2024-01-11 20:00:46+00:00,walton_lighthouse-2024-01-11-200046Z
-13581444.653055012,4433880.236754798,1.3416957333333333,0.6766917293233082,2024-01-11 20:00:46+00:00,walton_lighthouse-2024-01-11-200046Z
-13581442.765365455,4433879.901855276,1.3416957333333333,0.6791979949874687,2024-01-11 20:00:46+00:00,walton_lighthouse-2024-01-11-200046Z
-13581440.961790826,4433879.286248003,1.3416957333333333,0.681704260651629,2024-01-11 20:00:46+00:00,walton_lighthouse-2024-01-11-200046Z
-13581439.129510388,4433878.766437572,1.3416957333333333,0.6842105263157894,2024-01-11 20:00:46+00:00,walton_lighthouse-2024-01-11-200046Z
-13581437.240973614,4433878.434365429,1.3416957333333333,0.6867167919799498,2024-01-11 20:00:46+00:00,walton_lighthouse-2024-01-11-200046Z
-13581435.40780748,4433877.917510663,1.3416957333333333,0.6892230576441103,2024-01-11 20:00:46+00:00,walton_lighthouse-2024-01-11-200046Z
-13581433.593918888,4433877.336323111,1.3416957333333333,0.6917293233082706,2024-01-11 20:00:46+00:00,walton_lighthouse-2024-01-11-200046Z
-13581431.767372333,4433876.797377616,1.3416957333333333,0.694235588972431,2024-01-11 20:00:46+00:00,walton_lighthouse-2024-01-11-200046Z
-13581429.959888851,4433876.194814823,1.3416957333333333,0.6967418546365914,2024-01-11 20:00:46+00:00,walton_lighthouse-2024-01-11-200046Z
-13581428.078717794,4433875.838161861,1.3416957333333333,0.6992481203007519,2024-01-11 20:00:46+00:00,walton_lighthouse-2024-01-11-200046Z
-13581426.233715467,4433875.360806868,1.3416957333333333,0.7017543859649122,2024-01-11 20:00:46+00:00,walton_lighthouse-2024-01-11-200046Z
-13581424.397230756,4433874.855026897,1.3416957333333333,0.7042606516290726,2024-01-11 20:00:46+00:00,walton_lighthouse-2024-01-11-200046Z
-13581422.560185883,4433874.351116269,1.3416957333333333,0.706766917293233,2024-01-11 20:00:46+00:00,walton_lighthouse-2024-01-11-200046Z
-13581420.668903084,4433874.028208112,1.3416957333333333,0.7092731829573935,2024-01-11 20:00:46+00:00,walton_lighthouse-2024-01-11-200046Z
-13581418.777620304,4433873.705299966,1.3416957333333333,0.7117794486215538,2024-01-11 20:00:46+00:00,walton_lighthouse-2024-01-11-200046Z
-13581416.939319229,4433873.205581555,1.3416957333333333,0.7142857142857142,2024-01-11 20:00:46+00:00,walton_lighthouse-2024-01-11-200046Z
-13581415.047689416,4433872.883831423,1.3416957333333333,0.7167919799498746,2024-01-11 20:00:46+00:00,walton_lighthouse-2024-01-11-200046Z
-13581413.20847456,4433872.387162504,1.3416957333333333,0.7192982456140351,2024-01-11 20:00:46+00:00,walton_lighthouse-2024-01-11-200046Z
-13581411.316496916,4433872.066573221,1.3416957333333333,0.7218045112781954,2024-01-11 20:00:46+00:00,walton_lighthouse-2024-01-11-200046Z
-13581409.476364505,4433871.572966343,1.3416957333333333,0.7243107769423558,2024-01-11 20:00:46+00:00,walton_lighthouse-2024-01-11-200046Z
-13581407.635660289,4433871.081267613,1.3416957333333333,0.7268170426065163,2024-01-11 20:00:46+00:00,walton_lighthouse-2024-01-11-200046Z
-13581405.845905704,4433870.419540146,1.3416957333333333,0.7293233082706767,2024-01-11 20:00:46+00:00,walton_lighthouse-2024-01-11-200046Z
-13581403.975836389,4433870.025838592,1.3416957333333333,0.731829573934837,2024-01-11 20:00:46+00:00,walton_lighthouse-2024-01-11-200046Z
-13581402.110095998,4433869.617690455,1.3416957333333333,0.7343358395989974,2024-01-11 20:00:46+00:00,walton_lighthouse-2024-01-11-200046Z
-13581400.267083598,4433869.133694596,1.3416957333333333,0.7368421052631579,2024-01-11 20:00:46+00:00,walton_lighthouse-2024-01-11-200046Z
-13581398.474100815,4433868.482740244,1.3416957333333333,0.7393483709273183,2024-01-11 20:00:46+00:00,walton_lighthouse-2024-01-11-200046Z
-13581396.629690502,4433868.003409601,1.3416957333333333,0.7418546365914787,2024-01-11 20:00:46+00:00,walton_lighthouse-2024-01-11-200046Z
-13581394.784692224,4433867.526041077,1.3416957333333333,0.744360902255639,2024-01-11 20:00:46+00:00,walton_lighthouse-2024-01-11-200046Z
-13581392.89573427,4433867.195374409,1.3416957333333333,0.7468671679197995,2024-01-11 20:00:46+00:00,walton_lighthouse-2024-01-11-200046Z
-13581391.028454036,4433866.792365064,1.3416957333333333,0.7493734335839599,2024-01-11 20:00:46+00:00,walton_lighthouse-2024-01-11-200046Z
-13581389.147382548,4433866.435379857,1.3416957333333333,0.7518796992481203,2024-01-11 20:00:46+00:00,walton_lighthouse-2024-01-11-200046Z
-13581387.251521925,4433866.127748822,1.3416957333333333,0.7543859649122806,2024-01-11 20:00:46+00:00,walton_lighthouse-2024-01-11-200046Z
-13581385.365168829,4433865.788389268,1.3416957333333333,0.7568922305764411,2024-01-11 20:00:46+00:00,walton_lighthouse-2024-01-11-200046Z
-13581383.505830856,4433865.35887506,1.3416957333333333,0.7593984962406015,2024-01-11 20:00:46+00:00,walton_lighthouse-2024-01-11-200046Z
-13581381.62425672,4433865.003567324,1.3416957333333333,0.7619047619047619,2024-01-11 20:00:46+00:00,walton_lighthouse-2024-01-11-200046Z
-13581379.763257986,4433864.579595362,1.3416957333333333,0.7644110275689222,2024-01-11 20:00:46+00:00,walton_lighthouse-2024-01-11-200046Z
-13581377.914085992,4433864.116155261,1.3416957333333333,0.7669172932330827,2024-01-11 20:00:46+00:00,walton_lighthouse-2024-01-11-200046Z
-13581376.03844885,4433863.741034591,1.3416957333333333,0.7694235588972431,2024-01-11 20:00:46+00:00,walton_lighthouse-2024-01-11-200046Z
-13581374.16701176,4433863.351897484,1.3416957333333333,0.7719298245614035,2024-01-11 20:00:46+00:00,walton_lighthouse-2024-01-11-200046Z
-13581372.316268934,4433862.893699579,1.3416957333333333,0.7744360902255638,2024-01-11 20:00:46+00:00,walton_lighthouse-2024-01-11-200046Z
-13581370.459724223,4433862.45486368,1.3416957333333333,0.7769423558897243,2024-01-11 20:00:46+00:00,walton_lighthouse-2024-01-11-200046Z
-13581368.566893974,4433862.137119748,1.3416957333333333,0.7794486215538847,2024-01-11 20:00:46+00:00,walton_lighthouse-2024-01-11-200046Z
-13581366.691719158,4433861.760456158,1.3416957333333333,0.7819548872180451,2024-01-11 20:00:46+00:00,walton_lighthouse-2024-01-11-200046Z
-13581364.816180738,4433861.385005934,1.3416957333333333,0.7844611528822054,2024-01-11 20:00:46+00:00,walton_lighthouse-2024-01-11-200046Z
-13581362.918245437,4433861.084298523,1.3416957333333333,0.7869674185463659,2024-01-11 20:00:46+00:00,walton_lighthouse-2024-01-11-200046Z
-13581361.064124266,4433860.637374851,1.3416957333333333,0.7894736842105263,2024-01-11 20:00:46+00:00,walton_lighthouse-2024-01-11-200046Z
-13581359.203497175,4433860.212162682,1.3416957333333333,0.7919799498746867,2024-01-11 20:00:46+00:00,walton_lighthouse-2024-01-11-200046Z
-13581357.332823591,4433859.820477545,1.3416957333333333,0.794486215538847,2024-01-11 20:00:46+00:00,walton_lighthouse-2024-01-11-200046Z
-13581355.455444545,4433859.451169908,1.3416957333333333,0.7969924812030075,2024-01-11 20:00:46+00:00,walton_lighthouse-2024-01-11-200046Z
-13581353.599545684,4433859.010178801,1.3416957333333333,0.7994987468671679,2024-01-11 20:00:46+00:00,walton_lighthouse-2024-01-11-200046Z
-13581351.74302051,4433858.571277702,1.3416957333333333,0.8020050125313283,2024-01-11 20:00:46+00:00,walton_lighthouse-2024-01-11-200046Z
-13581349.885866692,4433858.134474489,1.3416957333333333,0.8045112781954886,2024-01-11 20:00:46+00:00,walton_lighthouse-2024-01-11-200046Z
-13581347.98527907,4433857.842618357,1.3416957333333333,0.8070175438596491,2024-01-11 20:00:46+00:00,walton_lighthouse-2024-01-11-200046Z
-13581346.148870433,4433857.336584572,1.3416957333333333,0.8095238095238095,2024-01-11 20:00:46+00:00,walton_lighthouse-2024-01-11-200046Z
-13581344.299875917,4433856.872552277,1.3416957333333333,0.8120300751879699,2024-01-11 20:00:46+00:00,walton_lighthouse-2024-01-11-200046Z
-13581342.408909312,4433856.548588852,1.3416957333333333,0.8145363408521302,2024-01-11 20:00:46+00:00,walton_lighthouse-2024-01-11-200046Z
-13581340.56242777,4433856.0761702405,1.3416957333333333,0.8170426065162907,2024-01-11 20:00:46+00:00,walton_lighthouse-2024-01-11-200046Z
-13581338.729609149,4433855.558155871,1.3416957333333333,0.8195488721804511,2024-01-11 20:00:46+00:00,walton_lighthouse-2024-01-11-200046Z
-13581336.909292724,4433854.998419187,1.3416957333333333,0.8220551378446115,2024-01-11 20:00:46+00:00,walton_lighthouse-2024-01-11-200046Z
-13581335.046750786,4433854.57959721,1.3416957333333333,0.8245614035087718,2024-01-11 20:00:46+00:00,walton_lighthouse-2024-01-11-200046Z
-13581333.224418135,4433854.026589026,1.3416957333333333,0.8270676691729323,2024-01-11 20:00:46+00:00,walton_lighthouse-2024-01-11-200046Z
-13581331.400981655,4433853.477264625,1.3416957333333333,0.8295739348370927,2024-01-11 20:00:46+00:00,walton_lighthouse-2024-01-11-200046Z
-13581329.576432848,4433852.931652228,1.3416957333333333,0.8320802005012531,2024-01-11 20:00:46+00:00,walton_lighthouse-2024-01-11-200046Z
-13581327.770982454,4433852.322304669,1.3416957333333333,0.8345864661654134,2024-01-11 20:00:46+00:00,walton_lighthouse-2024-01-11-200046Z
-13581325.974199591,4433851.684031957,1.3416957333333333,0.8370927318295739,2024-01-11 20:00:46+00:00,walton_lighthouse-2024-01-11-200046Z
-13581324.212567074,4433850.928455709,1.3416957333333333,0.8395989974937343,2024-01-11 20:00:46+00:00,walton_lighthouse-2024-01-11-200046Z
-13581322.346826818,4433850.520307168,1.3416957333333333,0.8421052631578947,2024-01-11 20:00:46+00:00,walton_lighthouse-2024-01-11-200046Z
-13581320.51621124,4433849.994940694,1.3416957333333333,0.844611528822055,2024-01-11 20:00:46+00:00,walton_lighthouse-2024-01-11-200046Z
-13581318.704285352,4433849.407203223,1.3416957333333333,0.8471177944862155,2024-01-11 20:00:46+00:00,walton_lighthouse-2024-01-11-200046Z
-13581316.81967542,4433849.062026473,1.3416957333333333,0.849624060150376,2024-01-11 20:00:46+00:00,walton_lighthouse-2024-01-11-200046Z
-13581314.95851766,4433848.638585154,1.3416957333333333,0.8521303258145363,2024-01-11 20:00:46+00:00,walton_lighthouse-2024-01-11-200046Z
-13581313.131758224,4433848.1003500605,1.3416957333333333,0.8546365914786966,2024-01-11 20:00:46+00:00,walton_lighthouse-2024-01-11-200046Z
-13581311.29589725,4433847.592488609,1.3416957333333333,0.8571428571428571,2024-01-11 20:00:46+00:00,walton_lighthouse-2024-01-11-200046Z
-13581309.430474889,4433847.183279185,1.3416957333333333,0.8596491228070176,2024-01-11 20:00:46+00:00,walton_lighthouse-2024-01-11-200046Z
-13581307.591885794,4433846.684521922,1.3416957333333333,0.8621553884711779,2024-01-11 20:00:46+00:00,walton_lighthouse-2024-01-11-200046Z
-13581305.714055734,4433846.316719356,1.3416957333333333,0.8646616541353382,2024-01-11 20:00:46+00:00,walton_lighthouse-2024-01-11-200046Z
-13581303.83550672,4433845.951316179,1.3416957333333333,0.8671679197994987,2024-01-11 20:00:46+00:00,walton_lighthouse-2024-01-11-200046Z
-13581301.91894732,4433845.712760965,1.3416957333333333,0.8696741854636592,2024-01-11 20:00:46+00:00,walton_lighthouse-2024-01-11-200046Z
-13581299.974330371,4433845.567839177,1.3416957333333333,0.8721804511278195,2024-01-11 20:00:46+00:00,walton_lighthouse-2024-01-11-200046Z
-13581298.028884666,4433845.42568321,1.3416957333333333,0.8746867167919798,2024-01-11 20:00:46+00:00,walton_lighthouse-2024-01-11-200046Z
-13581296.02096317,4433845.492021055,1.3416957333333333,0.8771929824561403,2024-01-11 20:00:46+00:00,walton_lighthouse-2024-01-11-200046Z
-13581294.058351984,4433845.407149595,1.3416957333333333,0.8796992481203008,2024-01-11 20:00:46+00:00,walton_lighthouse-2024-01-11-200046Z
-13581292.11346827,4433845.263118047,1.3416957333333333,0.8822055137844611,2024-01-11 20:00:46+00:00,walton_lighthouse-2024-01-11-200046Z
-13581290.160192426,4433845.147092743,1.3416957333333333,0.8847117794486214,2024-01-11 20:00:46+00:00,walton_lighthouse-2024-01-11-200046Z
-13581288.184662731,4433845.105332935,1.3416957333333333,0.8872180451127819,2024-01-11 20:00:46+00:00,walton_lighthouse-2024-01-11-200046Z
-13581286.251359127,4433844.922656341,1.3416957333333333,0.8897243107769424,2024-01-11 20:00:46+00:00,walton_lighthouse-2024-01-11-200046Z
-13581284.338852732,4433844.670575418,1.3416957333333333,0.8922305764411027,2024-01-11 20:00:46+00:00,walton_lighthouse-2024-01-11-200046Z
-13581282.426346349,4433844.418494503,1.3416957333333333,0.894736842105263,2024-01-11 20:00:46+00:00,walton_lighthouse-2024-01-11-200046Z
-13581280.605541496,4433843.860387862,1.3416957333333333,0.8972431077694235,2024-01-11 20:00:46+00:00,walton_lighthouse-2024-01-11-200046Z
-13581278.82569981,4433843.165579159,1.3416957333333333,0.899749373433584,2024-01-11 20:00:46+00:00,walton_lighthouse-2024-01-11-200046Z
-13581277.165293256,4433842.072192129,1.3416957333333333,0.9022556390977443,2024-01-11 20:00:46+00:00,walton_lighthouse-2024-01-11-200046Z
-13581275.454936478,4433841.145498783,1.3416957333333333,0.9047619047619047,2024-01-11 20:00:46+00:00,walton_lighthouse-2024-01-11-200046Z
-13581273.698433105,4433840.372805624,1.3416957333333333,0.9072681704260651,2024-01-11 20:00:46+00:00,walton_lighthouse-2024-01-11-200046Z
-13581272.0094639,4433839.374737802,1.3416957333333333,0.9097744360902256,2024-01-11 20:00:46+00:00,walton_lighthouse-2024-01-11-200046Z
-13581270.321241649,4433838.374177221,1.3416957333333333,0.9122807017543859,2024-01-11 20:00:46+00:00,walton_lighthouse-2024-01-11-200046Z
-13581268.650973275,4433837.313701046,1.3416957333333333,0.9147869674185463,2024-01-11 20:00:46+00:00,walton_lighthouse-2024-01-11-200046Z
-13581266.894255508,4433836.541723373,1.3416957333333333,0.9172932330827067,2024-01-11 20:00:46+00:00,walton_lighthouse-2024-01-11-200046Z
-13581265.104883652,4433835.878718662,1.3416957333333333,0.9197994987468672,2024-01-11 20:00:46+00:00,walton_lighthouse-2024-01-11-200046Z
-13581263.368370771,4433835.039313247,1.3416957333333333,0.9223057644110275,2024-01-11 20:00:46+00:00,walton_lighthouse-2024-01-11-200046Z
-13581261.52162326,4433834.567782315,1.3416957333333333,0.9248120300751879,2024-01-11 20:00:46+00:00,walton_lighthouse-2024-01-11-200046Z
-13581259.665718373,4433834.126811199,1.3416957333333333,0.9273182957393483,2024-01-11 20:00:46+00:00,walton_lighthouse-2024-01-11-200046Z
-13581257.86865614,4433833.4894707175,1.3416957333333333,0.9298245614035088,2024-01-11 20:00:46+00:00,walton_lighthouse-2024-01-11-200046Z
-13581255.923259232,4433833.347151858,1.3416957333333333,0.9323308270676691,2024-01-11 20:00:46+00:00,walton_lighthouse-2024-01-11-200046Z
-13581255.923259232,4433833.347151858,1.3416957333333333,0.9348370927318295,2024-01-11 20:00:46+00:00,walton_lighthouse-2024-01-11-200046Z
-13581255.923259232,4433833.347151858,1.3416957333333333,0.9373433583959899,2024-01-11 20:00:46+00:00,walton_lighthouse-2024-01-11-200046Z
-13581255.923259232,4433833.347151858,1.3416957333333333,0.9398496240601504,2024-01-11 20:00:46+00:00,walton_lighthouse-2024-01-11-200046Z
-13581255.923259232,4433833.347151858,1.3416957333333333,0.9423558897243107,2024-01-11 20:00:46+00:00,walton_lighthouse-2024-01-11-200046Z
-13581255.923259232,4433833.347151858,1.3416957333333333,0.9448621553884711,2024-01-11 20:00:46+00:00,walton_lighthouse-2024-01-11-200046Z
-13581255.923259232,4433833.347151858,1.3416957333333333,0.9473684210526315,2024-01-11 20:00:46+00:00,walton_lighthouse-2024-01-11-200046Z
-13581255.923259232,4433833.347151858,1.3416957333333333,0.949874686716792,2024-01-11 20:00:46+00:00,walton_lighthouse-2024-01-11-200046Z
-13581255.923259232,4433833.347151858,1.3416957333333333,0.9523809523809523,2024-01-11 20:00:46+00:00,walton_lighthouse-2024-01-11-200046Z
-13581255.923259232,4433833.347151858,1.3416957333333333,0.9548872180451127,2024-01-11 20:00:46+00:00,walton_lighthouse-2024-01-11-200046Z
-13581255.923259232,4433833.347151858,1.3416957333333333,0.9573934837092731,2024-01-11 20:00:46+00:00,walton_lighthouse-2024-01-11-200046Z
-13581255.923259232,4433833.347151858,1.3416957333333333,0.9598997493734336,2024-01-11 20:00:46+00:00,walton_lighthouse-2024-01-11-200046Z
-13581255.923259232,4433833.347151858,1.3416957333333333,0.9624060150375939,2024-01-11 20:00:46+00:00,walton_lighthouse-2024-01-11-200046Z
-13581255.923259232,4433833.347151858,1.3416957333333333,0.9649122807017543,2024-01-11 20:00:46+00:00,walton_lighthouse-2024-01-11-200046Z
-13581255.923259232,4433833.347151858,1.3416957333333333,0.9674185463659147,2024-01-11 20:00:46+00:00,walton_lighthouse-2024-01-11-200046Z
-13581255.923259232,4433833.347151858,1.3416957333333333,0.9699248120300752,2024-01-11 20:00:46+00:00,walton_lighthouse-2024-01-11-200046Z
-13581255.923259232,4433833.347151858,1.3416957333333333,0.9724310776942355,2024-01-11 20:00:46+00:00,walton_lighthouse-2024-01-11-200046Z
-13581255.923259232,4433833.347151858,1.3416957333333333,0.9749373433583959,2024-01-11 20:00:46+00:00,walton_lighthouse-2024-01-11-200046Z
-13581255.923259232,4433833.347151858,1.3416957333333333,0.9774436090225563,2024-01-11 20:00:46+00:00,walton_lighthouse-2024-01-11-200046Z
-13581255.923259232,4433833.347151858,1.3416957333333333,0.9799498746867168,2024-01-11 20:00:46+00:00,walton_lighthouse-2024-01-11-200046Z
-13581255.923259232,4433833.347151858,1.3416957333333333,0.9824561403508771,2024-01-11 20:00:46+00:00,walton_lighthouse-2024-01-11-200046Z
-13581255.923259232,4433833.347151858,1.3416957333333333,0.9849624060150375,2024-01-11 20:00:46+00:00,walton_lighthouse-2024-01-11-200046Z
-13581255.923259232,4433833.347151858,1.3416957333333333,0.9874686716791979,2024-01-11 20:00:46+00:00,walton_lighthouse-2024-01-11-200046Z
-13581255.923259232,4433833.347151858,1.3416957333333333,0.9899749373433584,2024-01-11 20:00:46+00:00,walton_lighthouse-2024-01-11-200046Z
-13581255.923259232,4433833.347151858,1.3416957333333333,0.9924812030075187,2024-01-11 20:00:46+00:00,walton_lighthouse-2024-01-11-200046Z
-13581255.923259232,4433833.347151858,1.3416957333333333,0.9949874686716791,2024-01-11 20:00:46+00:00,walton_lighthouse-2024-01-11-200046Z
-13581255.923259232,4433833.347151858,1.3416957333333333,0.9974937343358395,2024-01-11 20:00:46+00:00,walton_lighthouse-2024-01-11-200046Z
-13581255.923259232,4433833.347151858,1.3416957333333333,1.0,2024-01-11 20:00:46+00:00,walton_lighthouse-2024-01-11-200046Z
-13581924.45487732,4434070.356139489,1.0357104000000001,0.0,2024-01-11 20:37:48+00:00,walton_lighthouse-2024-01-11-203748Z
-13581922.63544357,4434069.793457184,1.0357104000000001,0.002506265664160401,2024-01-11 20:37:48+00:00,walton_lighthouse-2024-01-11-203748Z
-13581921.042890163,4434068.473631131,1.0357104000000001,0.005012531328320802,2024-01-11 20:37:48+00:00,walton_lighthouse-2024-01-11-203748Z
-13581919.59474552,4434066.671884962,1.0357104000000001,0.007518796992481203,2024-01-11 20:37:48+00:00,walton_lighthouse-2024-01-11-203748Z
-13581918.1466009,4434064.870138785,1.0357104000000001,0.010025062656641603,2024-01-11 20:37:48+00:00,walton_lighthouse-2024-01-11-203748Z
-13581916.376728805,4434064.142059727,1.0357104000000001,0.012531328320802004,2024-01-11 20:37:48+00:00,walton_lighthouse-2024-01-11-203748Z
-13581914.554939909,4434063.587236918,1.0357104000000001,0.015037593984962405,2024-01-11 20:37:48+00:00,walton_lighthouse-2024-01-11-203748Z
-13581912.733151004,4434063.032414104,1.0357104000000001,0.017543859649122806,2024-01-11 20:37:48+00:00,walton_lighthouse-2024-01-11-203748Z
-13581910.91136212,4434062.477591297,1.0357104000000001,0.020050125313283207,2024-01-11 20:37:48+00:00,walton_lighthouse-2024-01-11-203748Z
-13581909.089573262,4434061.922768496,1.0357104000000001,0.022556390977443608,2024-01-11 20:37:48+00:00,walton_lighthouse-2024-01-11-203748Z
-13581907.267784392,4434061.367945695,1.0357104000000001,0.02506265664160401,2024-01-11 20:37:48+00:00,walton_lighthouse-2024-01-11-203748Z
-13581905.445995472,4434060.813122878,1.0357104000000001,0.02756892230576441,2024-01-11 20:37:48+00:00,walton_lighthouse-2024-01-11-203748Z
-13581903.954456028,4434059.156193655,1.0357104000000001,0.03007518796992481,2024-01-11 20:37:48+00:00,walton_lighthouse-2024-01-11-203748Z
-13581902.481541106,4434057.43711086,1.0357104000000001,0.03258145363408521,2024-01-11 20:37:48+00:00,walton_lighthouse-2024-01-11-203748Z
-13581900.658153092,4434056.887624671,1.0357104000000001,0.03508771929824561,2024-01-11 20:37:48+00:00,walton_lighthouse-2024-01-11-203748Z
-13581899.59703806,4434053.794285672,1.0357104000000001,0.03759398496240601,2024-01-11 20:37:48+00:00,walton_lighthouse-2024-01-11-203748Z
-13581897.868451864,4434052.928427376,1.0357104000000001,0.040100250626566414,2024-01-11 20:37:48+00:00,walton_lighthouse-2024-01-11-203748Z
-13581896.043031355,4434052.385724082,1.0357104000000001,0.042606516290726815,2024-01-11 20:37:48+00:00,walton_lighthouse-2024-01-11-203748Z
-13581894.303788789,4434051.555428226,1.0357104000000001,0.045112781954887216,2024-01-11 20:37:48+00:00,walton_lighthouse-2024-01-11-203748Z
-13581892.478162898,4434051.013410179,1.0357104000000001,0.047619047619047616,2024-01-11 20:37:48+00:00,walton_lighthouse-2024-01-11-203748Z
-13581890.82455346,4434049.897339993,1.0357104000000001,0.05012531328320802,2024-01-11 20:37:48+00:00,walton_lighthouse-2024-01-11-203748Z
-13581888.998515764,4434049.356696331,1.0357104000000001,0.05263157894736842,2024-01-11 20:37:48+00:00,walton_lighthouse-2024-01-11-203748Z
-13581887.17247806,4434048.816052668,1.0357104000000001,0.05513784461152882,2024-01-11 20:37:48+00:00,walton_lighthouse-2024-01-11-203748Z
-13581885.464588098,4434047.881126998,1.0357104000000001,0.05764411027568922,2024-01-11 20:37:48+00:00,walton_lighthouse-2024-01-11-203748Z
-13581884.008018794,4434046.107495637,1.0357104000000001,0.06015037593984962,2024-01-11 20:37:48+00:00,walton_lighthouse-2024-01-11-203748Z
-13581882.551449526,4434044.333864263,1.0357104000000001,0.06265664160401002,2024-01-11 20:37:48+00:00,walton_lighthouse-2024-01-11-203748Z
-13581881.094880205,4434042.560232905,1.0357104000000001,0.06516290726817042,2024-01-11 20:37:48+00:00,walton_lighthouse-2024-01-11-203748Z
-13581879.638310874,4434040.786601555,1.0357104000000001,0.06766917293233082,2024-01-11 20:37:48+00:00,walton_lighthouse-2024-01-11-203748Z
-13581877.938889995,4434039.823412979,1.0357104000000001,0.07017543859649122,2024-01-11 20:37:48+00:00,walton_lighthouse-2024-01-11-203748Z
-13581876.1086475,4434039.2968016,1.0357104000000001,0.07268170426065163,2024-01-11 20:37:48+00:00,walton_lighthouse-2024-01-11-203748Z
-13581874.278404992,4434038.770190219,1.0357104000000001,0.07518796992481203,2024-01-11 20:37:48+00:00,walton_lighthouse-2024-01-11-203748Z
-13581872.710311878,4434037.368735314,1.0357104000000001,0.07769423558897243,2024-01-11 20:37:48+00:00,walton_lighthouse-2024-01-11-203748Z
-13581870.879424777,4434036.844275107,1.0357104000000001,0.08020050125313283,2024-01-11 20:37:48+00:00,walton_lighthouse-2024-01-11-203748Z
-13581869.048537651,4434036.319814895,1.0357104000000001,0.08270676691729323,2024-01-11 20:37:48+00:00,walton_lighthouse-2024-01-11-203748Z
-13581867.217650512,4434035.795354676,1.0357104000000001,0.08521303258145363,2024-01-11 20:37:48+00:00,walton_lighthouse-2024-01-11-203748Z
-13581865.557329806,4434034.701681294,1.0357104000000001,0.08771929824561403,2024-01-11 20:37:48+00:00,walton_lighthouse-2024-01-11-203748Z
-13581864.096877186,4434032.941009325,1.0357104000000001,0.09022556390977443,2024-01-11 20:37:48+00:00,walton_lighthouse-2024-01-11-203748Z
-13581862.63642456,4434031.180337359,1.0357104000000001,0.09273182957393483,2024-01-11 20:37:48+00:00,walton_lighthouse-2024-01-11-203748Z
-13581861.116234835,4434029.619019593,1.0357104000000001,0.09523809523809523,2024-01-11 20:37:48+00:00,walton_lighthouse-2024-01-11-203748Z
-13581859.370634932,4434028.809939394,1.0357104000000001,0.09774436090225563,2024-01-11 20:37:48+00:00,walton_lighthouse-2024-01-11-203748Z
-13581857.536468487,4434028.296423025,1.0357104000000001,0.10025062656641603,2024-01-11 20:37:48+00:00,walton_lighthouse-2024-01-11-203748Z
-13581855.702302,4434027.782906645,1.0357104000000001,0.10275689223057644,2024-01-11 20:37:48+00:00,walton_lighthouse-2024-01-11-203748Z
-13581853.955986137,4434026.976215676,1.0357104000000001,0.10526315789473684,2024-01-11 20:37:48+00:00,walton_lighthouse-2024-01-11-203748Z
-13581852.121597636,4434026.46344023,1.0357104000000001,0.10776942355889724,2024-01-11 20:37:48+00:00,walton_lighthouse-2024-01-11-203748Z
-13581850.28720916,4434025.95066479,1.0357104000000001,0.11027568922305764,2024-01-11 20:37:48+00:00,walton_lighthouse-2024-01-11-203748Z
-13581848.610760815,4434024.910812451,1.0357104000000001,0.11278195488721804,2024-01-11 20:37:48+00:00,walton_lighthouse-2024-01-11-203748Z
-13581847.146621916,4434023.16244218,1.0357104000000001,0.11528822055137844,2024-01-11 20:37:48+00:00,walton_lighthouse-2024-01-11-203748Z
-13581845.682483057,4434021.414071896,1.0357104000000001,0.11779448621553884,2024-01-11 20:37:48+00:00,walton_lighthouse-2024-01-11-203748Z
-13581844.218344212,4434019.665701609,1.0357104000000001,0.12030075187969924,2024-01-11 20:37:48+00:00,walton_lighthouse-2024-01-11-203748Z
-13581842.519182988,4434018.701646531,1.0357104000000001,0.12280701754385964,2024-01-11 20:37:48+00:00,walton_lighthouse-2024-01-11-203748Z
-13581840.681182494,4434018.200924991,1.0357104000000001,0.12531328320802004,2024-01-11 20:37:48+00:00,walton_lighthouse-2024-01-11-203748Z
-13581838.843181996,4434017.7002034485,1.0357104000000001,0.12781954887218044,2024-01-11 20:37:48+00:00,walton_lighthouse-2024-01-11-203748Z
-13581837.005181529,4434017.199481916,1.0357104000000001,0.13032581453634084,2024-01-11 20:37:48+00:00,walton_lighthouse-2024-01-11-203748Z
-13581835.16718104,4434016.698760379,1.0357104000000001,0.13283208020050125,2024-01-11 20:37:48+00:00,walton_lighthouse-2024-01-11-203748Z
-13581833.329180537,4434016.198038835,1.0357104000000001,0.13533834586466165,2024-01-11 20:37:48+00:00,walton_lighthouse-2024-01-11-203748Z
-13581831.708212148,4434014.973039127,1.0357104000000001,0.13784461152882205,2024-01-11 20:37:48+00:00,walton_lighthouse-2024-01-11-203748Z
-13581830.240569508,4434013.236361653,1.0357104000000001,0.14035087719298245,2024-01-11 20:37:48+00:00,walton_lighthouse-2024-01-11-203748Z
-13581828.51910849,4434012.346725311,1.0357104000000001,0.14285714285714285,2024-01-11 20:37:48+00:00,walton_lighthouse-2024-01-11-203748Z
-13581826.767805638,4434011.556676889,1.0357104000000001,0.14536340852130325,2024-01-11 20:37:48+00:00,walton_lighthouse-2024-01-11-203748Z
-13581824.927722814,4434011.062904516,1.0357104000000001,0.14786967418546365,2024-01-11 20:37:48+00:00,walton_lighthouse-2024-01-11-203748Z
-13581823.087640015,4434010.569132153,1.0357104000000001,0.15037593984962405,2024-01-11 20:37:48+00:00,walton_lighthouse-2024-01-11-203748Z
-13581821.24755718,4434010.0753597785,1.0357104000000001,0.15288220551378445,2024-01-11 20:37:48+00:00,walton_lighthouse-2024-01-11-203748Z
-13581819.40747434,4434009.5815874,1.0357104000000001,0.15538847117794485,2024-01-11 20:37:48+00:00,walton_lighthouse-2024-01-11-203748Z
-13581817.788448986,4434008.350103432,1.0357104000000001,0.15789473684210525,2024-01-11 20:37:48+00:00,walton_lighthouse-2024-01-11-203748Z
-13581816.317471787,4434006.624554006,1.0357104000000001,0.16040100250626566,2024-01-11 20:37:48+00:00,walton_lighthouse-2024-01-11-203748Z
-13581814.67731656,4434005.463584442,1.0357104000000001,0.16290726817042606,2024-01-11 20:37:48+00:00,walton_lighthouse-2024-01-11-203748Z
-13581812.835113714,4434004.976886952,1.0357104000000001,0.16541353383458646,2024-01-11 20:37:48+00:00,walton_lighthouse-2024-01-11-203748Z
-13581810.992910895,4434004.49018947,1.0357104000000001,0.16791979949874686,2024-01-11 20:37:48+00:00,walton_lighthouse-2024-01-11-203748Z
-13581809.15070806,4434004.003491986,1.0357104000000001,0.17042606516290726,2024-01-11 20:37:48+00:00,walton_lighthouse-2024-01-11-203748Z
-13581807.30850521,4434003.516794493,1.0357104000000001,0.17293233082706766,2024-01-11 20:37:48+00:00,walton_lighthouse-2024-01-11-203748Z
-13581805.466302384,4434003.030097011,1.0357104000000001,0.17543859649122806,2024-01-11 20:37:48+00:00,walton_lighthouse-2024-01-11-203748Z
-13581803.919337586,4434001.558132957,1.0357104000000001,0.17794486215538846,2024-01-11 20:37:48+00:00,walton_lighthouse-2024-01-11-203748Z
-13581802.39463478,4434000.011876295,1.0357104000000001,0.18045112781954886,2024-01-11 20:37:48+00:00,walton_lighthouse-2024-01-11-203748Z
-13581800.550756326,4433999.530770613,1.0357104000000001,0.18295739348370926,2024-01-11 20:37:48+00:00,walton_lighthouse-2024-01-11-203748Z
-13581798.706877893,4433999.049664935,1.0357104000000001,0.18546365914786966,2024-01-11 20:37:48+00:00,walton_lighthouse-2024-01-11-203748Z
-13581796.862999478,4433998.568559267,1.0357104000000001,0.18796992481203006,2024-01-11 20:37:48+00:00,walton_lighthouse-2024-01-11-203748Z
-13581795.01912103,4433998.087453588,1.0357104000000001,0.19047619047619047,2024-01-11 20:37:48+00:00,walton_lighthouse-2024-01-11-203748Z
-13581793.17524258,4433997.606347905,1.0357104000000001,0.19298245614035087,2024-01-11 20:37:48+00:00,walton_lighthouse-2024-01-11-203748Z
-13581791.574562669,4433996.313641572,1.0357104000000001,0.19548872180451127,2024-01-11 20:37:48+00:00,walton_lighthouse-2024-01-11-203748Z
-13581790.097072214,4433994.609828202,1.0357104000000001,0.19799498746867167,2024-01-11 20:37:48+00:00,walton_lighthouse-2024-01-11-203748Z
-13581788.339044215,4433993.84222299,1.0357104000000001,0.20050125313283207,2024-01-11 20:37:48+00:00,walton_lighthouse-2024-01-11-203748Z
-13581786.493221467,4433993.367605764,1.0357104000000001,0.20300751879699247,2024-01-11 20:37:48+00:00,walton_lighthouse-2024-01-11-203748Z
-13581784.647398744,4433992.892988547,1.0357104000000001,0.20551378446115287,2024-01-11 20:37:48+00:00,walton_lighthouse-2024-01-11-203748Z
-13581782.801576035,4433992.418371336,1.0357104000000001,0.20802005012531327,2024-01-11 20:37:48+00:00,walton_lighthouse-2024-01-11-203748Z
-13581780.955753312,4433991.94375412,1.0357104000000001,0.21052631578947367,2024-01-11 20:37:48+00:00,walton_lighthouse-2024-01-11-203748Z
-13581779.279542357,4433990.903109522,1.0357104000000001,0.21303258145363407,2024-01-11 20:37:48+00:00,walton_lighthouse-2024-01-11-203748Z
-13581777.784307985,4433989.258510939,1.0357104000000001,0.21553884711779447,2024-01-11 20:37:48+00:00,walton_lighthouse-2024-01-11-203748Z
-13581775.937006105,4433988.788830023,1.0357104000000001,0.21804511278195488,2024-01-11 20:37:48+00:00,walton_lighthouse-2024-01-11-203748Z
-13581774.089704202,4433988.319149106,1.0357104000000001,0.22055137844611528,2024-01-11 20:37:48+00:00,walton_lighthouse-2024-01-11-203748Z
-13581772.242402287,4433987.84946818,1.0357104000000001,0.22305764411027568,2024-01-11 20:37:48+00:00,walton_lighthouse-2024-01-11-203748Z
-13581770.395100398,4433987.379787263,1.0357104000000001,0.22556390977443608,2024-01-11 20:37:48+00:00,walton_lighthouse-2024-01-11-203748Z
-13581768.547798503,4433986.910106346,1.0357104000000001,0.22807017543859648,2024-01-11 20:37:48+00:00,walton_lighthouse-2024-01-11-203748Z
-13581767.030989422,4433985.337506801,1.0357104000000001,0.23057644110275688,2024-01-11 20:37:48+00:00,walton_lighthouse-2024-01-11-203748Z
-13581765.456011984,4433983.959026276,1.0357104000000001,0.23308270676691728,2024-01-11 20:37:48+00:00,walton_lighthouse-2024-01-11-203748Z
-13581763.606961194,4433983.495181803,1.0357104000000001,0.23558897243107768,2024-01-11 20:37:48+00:00,walton_lighthouse-2024-01-11-203748Z
-13581761.757910397,4433983.031337329,1.0357104000000001,0.23809523809523808,2024-01-11 20:37:48+00:00,walton_lighthouse-2024-01-11-203748Z
-13581759.908859564,4433982.567492842,1.0357104000000001,0.24060150375939848,2024-01-11 20:37:48+00:00,walton_lighthouse-2024-01-11-203748Z
-13581758.05980876,4433982.103648364,1.0357104000000001,0.24310776942355888,2024-01-11 20:37:48+00:00,walton_lighthouse-2024-01-11-203748Z
-13581756.311394358,4433981.303960739,1.0357104000000001,0.24561403508771928,2024-01-11 20:37:48+00:00,walton_lighthouse-2024-01-11-203748Z
-13581754.618193747,4433980.320013934,1.0357104000000001,0.24812030075187969,2024-01-11 20:37:48+00:00,walton_lighthouse-2024-01-11-203748Z
-13581752.76838562,4433979.85869673,1.0357104000000001,0.2506265664160401,2024-01-11 20:37:48+00:00,walton_lighthouse-2024-01-11-203748Z
-13581750.918577507,4433979.397379532,1.0357104000000001,0.2531328320802005,2024-01-11 20:37:48+00:00,walton_lighthouse-2024-01-11-203748Z
-13581749.068769416,4433978.936062342,1.0357104000000001,0.2556390977443609,2024-01-11 20:37:48+00:00,walton_lighthouse-2024-01-11-203748Z
-13581747.218961293,4433978.474745142,1.0357104000000001,0.2581453634085213,2024-01-11 20:37:48+00:00,walton_lighthouse-2024-01-11-203748Z
-13581745.623431051,4433977.164853318,1.0357104000000001,0.2606516290726817,2024-01-11 20:37:48+00:00,walton_lighthouse-2024-01-11-203748Z
-13581743.7728609,4433976.70607918,1.0357104000000001,0.2631578947368421,2024-01-11 20:37:48+00:00,walton_lighthouse-2024-01-11-203748Z
-13581741.922290768,4433976.247305048,1.0357104000000001,0.2656641604010025,2024-01-11 20:37:48+00:00,walton_lighthouse-2024-01-11-203748Z
-13581740.071720628,4433975.788530915,1.0357104000000001,0.2681704260651629,2024-01-11 20:37:48+00:00,walton_lighthouse-2024-01-11-203748Z
-13581738.221150454,4433975.329756769,1.0357104000000001,0.2706766917293233,2024-01-11 20:37:48+00:00,walton_lighthouse-2024-01-11-203748Z
-13581736.497183422,4433974.448483482,1.0357104000000001,0.2731829573934837,2024-01-11 20:37:48+00:00,walton_lighthouse-2024-01-11-203748Z
-13581734.939669168,4433973.011725042,1.0357104000000001,0.2756892230576441,2024-01-11 20:37:48+00:00,walton_lighthouse-2024-01-11-203748Z
-13581733.08781833,4433972.557224811,1.0357104000000001,0.2781954887218045,2024-01-11 20:37:48+00:00,walton_lighthouse-2024-01-11-203748Z
-13581731.235967487,4433972.102724577,1.0357104000000001,0.2807017543859649,2024-01-11 20:37:48+00:00,walton_lighthouse-2024-01-11-203748Z
-13581729.38411664,4433971.648224342,1.0357104000000001,0.2832080200501253,2024-01-11 20:37:48+00:00,walton_lighthouse-2024-01-11-203748Z
-13581727.53226582,4433971.1937241135,1.0357104000000001,0.2857142857142857,2024-01-11 20:37:48+00:00,walton_lighthouse-2024-01-11-203748Z
-13581725.84693019,4433970.18353033,1.0357104000000001,0.2882205513784461,2024-01-11 20:37:48+00:00,walton_lighthouse-2024-01-11-203748Z
-13581723.994563306,4433969.730752199,1.0357104000000001,0.2907268170426065,2024-01-11 20:37:48+00:00,walton_lighthouse-2024-01-11-203748Z
-13581722.142196445,4433969.277974077,1.0357104000000001,0.2932330827067669,2024-01-11 20:37:48+00:00,walton_lighthouse-2024-01-11-203748Z
-13581720.289829576,4433968.825195953,1.0357104000000001,0.2957393483709273,2024-01-11 20:37:48+00:00,walton_lighthouse-2024-01-11-203748Z
-13581718.437462706,4433968.372417829,1.0357104000000001,0.2982456140350877,2024-01-11 20:37:48+00:00,walton_lighthouse-2024-01-11-203748Z
-13581716.832291324,4433967.094700354,1.0357104000000001,0.3007518796992481,2024-01-11 20:37:48+00:00,walton_lighthouse-2024-01-11-203748Z
-13581714.979146332,4433966.644518969,1.0357104000000001,0.3032581453634085,2024-01-11 20:37:48+00:00,walton_lighthouse-2024-01-11-203748Z
-13581713.126001362,4433966.194337593,1.0357104000000001,0.3057644110275689,2024-01-11 20:37:48+00:00,walton_lighthouse-2024-01-11-203748Z
-13581711.27285636,4433965.744156207,1.0357104000000001,0.3082706766917293,2024-01-11 20:37:48+00:00,walton_lighthouse-2024-01-11-203748Z
-13581709.419711351,4433965.293974818,1.0357104000000001,0.3107769423558897,2024-01-11 20:37:48+00:00,walton_lighthouse-2024-01-11-203748Z
-13581707.811411282,4433964.0266985,1.0357104000000001,0.3132832080200501,2024-01-11 20:37:48+00:00,walton_lighthouse-2024-01-11-203748Z
-13581705.957483243,4433963.579130296,1.0357104000000001,0.3157894736842105,2024-01-11 20:37:48+00:00,walton_lighthouse-2024-01-11-203748Z
-13581704.103555197,4433963.131562089,1.0357104000000001,0.3182957393483709,2024-01-11 20:37:48+00:00,walton_lighthouse-2024-01-11-203748Z
-13581702.249627149,4433962.683993881,1.0357104000000001,0.3208020050125313,2024-01-11 20:37:48+00:00,walton_lighthouse-2024-01-11-203748Z
-13581700.395699125,4433962.23642568,1.0357104000000001,0.3233082706766917,2024-01-11 20:37:48+00:00,walton_lighthouse-2024-01-11-203748Z
-13581698.703239864,4433961.250004838,1.0357104000000001,0.3258145363408521,2024-01-11 20:37:48+00:00,walton_lighthouse-2024-01-11-203748Z
-13581696.84878702,4433960.804187955,1.0357104000000001,0.3283208020050125,2024-01-11 20:37:48+00:00,walton_lighthouse-2024-01-11-203748Z
-13581694.9943342,4433960.358371082,1.0357104000000001,0.3308270676691729,2024-01-11 20:37:48+00:00,walton_lighthouse-2024-01-11-203748Z
-13581693.139881372,4433959.912554207,1.0357104000000001,0.3333333333333333,2024-01-11 20:37:48+00:00,walton_lighthouse-2024-01-11-203748Z
-13581691.419699345,4433959.018649633,1.0357104000000001,0.3358395989974937,2024-01-11 20:37:48+00:00,walton_lighthouse-2024-01-11-203748Z
-13581689.590493644,4433958.488578129,1.0357104000000001,0.3383458646616541,2024-01-11 20:37:48+00:00,walton_lighthouse-2024-01-11-203748Z
-13581687.7355138,4433958.04452,1.0357104000000001,0.3408521303258145,2024-01-11 20:37:48+00:00,walton_lighthouse-2024-01-11-203748Z
-13581685.880533976,4433957.600461882,1.0357104000000001,0.3433583959899749,2024-01-11 20:37:48+00:00,walton_lighthouse-2024-01-11-203748Z
-13581684.025554122,4433957.156403752,1.0357104000000001,0.3458646616541353,2024-01-11 20:37:48+00:00,walton_lighthouse-2024-01-11-203748Z
-13581682.407943778,4433955.920197517,1.0357104000000001,0.3483709273182957,2024-01-11 20:37:48+00:00,walton_lighthouse-2024-01-11-203748Z
-13581680.552169211,4433955.478791532,1.0357104000000001,0.3508771929824561,2024-01-11 20:37:48+00:00,walton_lighthouse-2024-01-11-203748Z
-13581678.69639466,4433955.037385552,1.0357104000000001,0.3533834586466165,2024-01-11 20:37:48+00:00,walton_lighthouse-2024-01-11-203748Z
-13581676.8406201,4433954.595979572,1.0357104000000001,0.3558897243107769,2024-01-11 20:37:48+00:00,walton_lighthouse-2024-01-11-203748Z
-13581675.141803997,4433953.63077267,1.0357104000000001,0.3583959899749373,2024-01-11 20:37:48+00:00,walton_lighthouse-2024-01-11-203748Z
-13581673.285496794,4433953.191144193,1.0357104000000001,0.3609022556390977,2024-01-11 20:37:48+00:00,walton_lighthouse-2024-01-11-203748Z
-13581671.429189604,4433952.751515722,1.0357104000000001,0.3634085213032581,2024-01-11 20:37:48+00:00,walton_lighthouse-2024-01-11-203748Z
-13581669.572882405,4433952.311887247,1.0357104000000001,0.3659147869674185,2024-01-11 20:37:48+00:00,walton_lighthouse-2024-01-11-203748Z
-13581667.806725776,4433951.571408788,1.0357104000000001,0.3684210526315789,2024-01-11 20:37:48+00:00,walton_lighthouse-2024-01-11-203748Z
-13581666.170838987,4433950.39619461,1.0357104000000001,0.37092731829573933,2024-01-11 20:37:48+00:00,walton_lighthouse-2024-01-11-203748Z
-13581664.31345969,4433949.960143973,1.0357104000000001,0.37343358395989973,2024-01-11 20:37:48+00:00,walton_lighthouse-2024-01-11-203748Z
-13581662.456080375,4433949.524093335,1.0357104000000001,0.37593984962406013,2024-01-11 20:37:48+00:00,walton_lighthouse-2024-01-11-203748Z
-13581660.598701052,4433949.088042688,1.0357104000000001,0.37844611528822053,2024-01-11 20:37:48+00:00,walton_lighthouse-2024-01-11-203748Z
-13581658.895447934,4433948.137643082,1.0357104000000001,0.38095238095238093,2024-01-11 20:37:48+00:00,walton_lighthouse-2024-01-11-203748Z
-13581657.037529124,4433947.703392866,1.0357104000000001,0.38345864661654133,2024-01-11 20:37:48+00:00,walton_lighthouse-2024-01-11-203748Z
-13581655.179610312,4433947.269142648,1.0357104000000001,0.38596491228070173,2024-01-11 20:37:48+00:00,walton_lighthouse-2024-01-11-203748Z
-13581653.321691483,4433946.834892425,1.0357104000000001,0.38847117794486213,2024-01-11 20:37:48+00:00,walton_lighthouse-2024-01-11-203748Z
-13581651.692950582,4433945.63583112,1.0357104000000001,0.39097744360902253,2024-01-11 20:37:48+00:00,walton_lighthouse-2024-01-11-203748Z
-13581649.834218172,4433945.204296061,1.0357104000000001,0.39348370927318294,2024-01-11 20:37:48+00:00,walton_lighthouse-2024-01-11-203748Z
-13581647.97548573,4433944.772760988,1.0357104000000001,0.39598997493734334,2024-01-11 20:37:48+00:00,walton_lighthouse-2024-01-11-203748Z
-13581646.116753316,4433944.341225923,1.0357104000000001,0.39849624060150374,2024-01-11 20:37:48+00:00,walton_lighthouse-2024-01-11-203748Z
-13581644.409448128,4433943.404348873,1.0357104000000001,0.40100250626566414,2024-01-11 20:37:48+00:00,walton_lighthouse-2024-01-11-203748Z
-13581642.550170386,4433942.974633666,1.0357104000000001,0.40350877192982454,2024-01-11 20:37:48+00:00,walton_lighthouse-2024-01-11-203748Z
-13581640.690892637,4433942.544918456,1.0357104000000001,0.40601503759398494,2024-01-11 20:37:48+00:00,walton_lighthouse-2024-01-11-203748Z
-13581638.831614884,4433942.115203246,1.0357104000000001,0.40852130325814534,2024-01-11 20:37:48+00:00,walton_lighthouse-2024-01-11-203748Z
-13581637.197416216,4433940.934355569,1.0357104000000001,0.41102756892230574,2024-01-11 20:37:48+00:00,walton_lighthouse-2024-01-11-203748Z
-13581635.337316062,4433940.507384904,1.0357104000000001,0.41353383458646614,2024-01-11 20:37:48+00:00,walton_lighthouse-2024-01-11-203748Z
-13581633.477215895,4433940.080414231,1.0357104000000001,0.41604010025062654,2024-01-11 20:37:48+00:00,walton_lighthouse-2024-01-11-203748Z
-13581631.617115753,4433939.653443567,1.0357104000000001,0.41854636591478694,2024-01-11 20:37:48+00:00,walton_lighthouse-2024-01-11-203748Z
-13581629.98024844,4433938.481501637,1.0357104000000001,0.42105263157894735,2024-01-11 20:37:48+00:00,walton_lighthouse-2024-01-11-203748Z
-13581628.119320529,4433938.057293375,1.0357104000000001,0.42355889724310775,2024-01-11 20:37:48+00:00,walton_lighthouse-2024-01-11-203748Z
-13581626.258392597,4433937.633085106,1.0357104000000001,0.42606516290726815,2024-01-11 20:37:48+00:00,walton_lighthouse-2024-01-11-203748Z
-13581624.403304877,4433937.189386983,1.0357104000000001,0.42857142857142855,2024-01-11 20:37:48+00:00,walton_lighthouse-2024-01-11-203748Z
-13581622.757894509,4433936.0459549455,1.0357104000000001,0.43107769423558895,2024-01-11 20:37:48+00:00,walton_lighthouse-2024-01-11-203748Z
-13581620.896133415,4433935.624527118,1.0357104000000001,0.43358395989974935,2024-01-11 20:37:48+00:00,walton_lighthouse-2024-01-11-203748Z
-13581619.034372324,4433935.203099286,1.0357104000000001,0.43609022556390975,2024-01-11 20:37:48+00:00,walton_lighthouse-2024-01-11-203748Z
-13581617.258936215,4433934.493588283,1.0357104000000001,0.43859649122807015,2024-01-11 20:37:48+00:00,walton_lighthouse-2024-01-11-203748Z
-13581615.456992796,4433933.872537375,1.0357104000000001,0.44110275689223055,2024-01-11 20:37:48+00:00,walton_lighthouse-2024-01-11-203748Z
-13581613.594673248,4433933.452973287,1.0357104000000001,0.44360902255639095,2024-01-11 20:37:48+00:00,walton_lighthouse-2024-01-11-203748Z
-13581611.73235367,4433933.033409186,1.0357104000000001,0.44611528822055135,2024-01-11 20:37:48+00:00,walton_lighthouse-2024-01-11-203748Z
-13581610.015132912,4433932.129622276,1.0357104000000001,0.44862155388471175,2024-01-11 20:37:48+00:00,walton_lighthouse-2024-01-11-203748Z
-13581608.152252456,4433931.711930069,1.0357104000000001,0.45112781954887216,2024-01-11 20:37:48+00:00,walton_lighthouse-2024-01-11-203748Z
-13581606.289371988,4433931.294237859,1.0357104000000001,0.45363408521303256,2024-01-11 20:37:48+00:00,walton_lighthouse-2024-01-11-203748Z
-13581604.556800986,4433930.441677662,1.0357104000000001,0.45614035087719296,2024-01-11 20:37:48+00:00,walton_lighthouse-2024-01-11-203748Z
-13581602.707092082,4433929.980029344,1.0357104000000001,0.45864661654135336,2024-01-11 20:37:48+00:00,walton_lighthouse-2024-01-11-203748Z
-13581600.843648257,4433929.56421722,1.0357104000000001,0.46115288220551376,2024-01-11 20:37:48+00:00,walton_lighthouse-2024-01-11-203748Z
-13581598.999610148,4433929.083644391,1.0357104000000001,0.46365914786967416,2024-01-11 20:37:48+00:00,walton_lighthouse-2024-01-11-203748Z
-13581597.18788925,4433928.495222723,1.0357104000000001,0.46616541353383456,2024-01-11 20:37:48+00:00,walton_lighthouse-2024-01-11-203748Z
-13581595.324162817,4433928.08035374,1.0357104000000001,0.46867167919799496,2024-01-11 20:37:48+00:00,walton_lighthouse-2024-01-11-203748Z
-13581593.464376273,4433927.652336466,1.0357104000000001,0.47117794486215536,2024-01-11 20:37:48+00:00,walton_lighthouse-2024-01-11-203748Z
-13581591.73773501,4433926.779987548,1.0357104000000001,0.47368421052631576,2024-01-11 20:37:48+00:00,walton_lighthouse-2024-01-11-203748Z
-13581589.873441469,4433926.367011041,1.0357104000000001,0.47619047619047616,2024-01-11 20:37:48+00:00,walton_lighthouse-2024-01-11-203748Z
-13581588.009147936,4433925.95403454,1.0357104000000001,0.47869674185463656,2024-01-11 20:37:48+00:00,walton_lighthouse-2024-01-11-203748Z
-13581586.35499234,4433924.839786978,1.0357104000000001,0.48120300751879697,2024-01-11 20:37:48+00:00,walton_lighthouse-2024-01-11-203748Z
-13581584.48984345,4433924.429664843,1.0357104000000001,0.48370927318295737,2024-01-11 20:37:48+00:00,walton_lighthouse-2024-01-11-203748Z
-13581582.624694584,4433924.019542716,1.0357104000000001,0.48621553884711777,2024-01-11 20:37:48+00:00,walton_lighthouse-2024-01-11-203748Z
-13581580.898691634,4433923.145063725,1.0357104000000001,0.48872180451127817,2024-01-11 20:37:48+00:00,walton_lighthouse-2024-01-11-203748Z
-13581579.0329694,4433922.736855037,1.0357104000000001,0.49122807017543857,2024-01-11 20:37:48+00:00,walton_lighthouse-2024-01-11-203748Z
-13581577.16724716,4433922.328646345,1.0357104000000001,0.49373433583959897,2024-01-11 20:37:48+00:00,walton_lighthouse-2024-01-11-203748Z
-13581575.370465863,4433921.690368335,1.0357104000000001,0.49624060150375937,2024-01-11 20:37:48+00:00,walton_lighthouse-2024-01-11-203748Z
-13581573.504456012,4433921.283119543,1.0357104000000001,0.49874686716791977,2024-01-11 20:37:48+00:00,walton_lighthouse-2024-01-11-203748Z
-13581571.63844614,4433920.875870748,1.0357104000000001,0.5012531328320802,2024-01-11 20:37:48+00:00,walton_lighthouse-2024-01-11-203748Z
-13581569.977577155,4433919.784026984,1.0357104000000001,0.5037593984962405,2024-01-11 20:37:48+00:00,walton_lighthouse-2024-01-11-203748Z
-13581568.11070056,4433919.379670649,1.0357104000000001,0.506265664160401,2024-01-11 20:37:48+00:00,walton_lighthouse-2024-01-11-203748Z
-13581566.243823964,4433918.975314313,1.0357104000000001,0.5087719298245614,2024-01-11 20:37:48+00:00,walton_lighthouse-2024-01-11-203748Z
-13581564.444761006,4433918.344650689,1.0357104000000001,0.5112781954887218,2024-01-11 20:37:48+00:00,walton_lighthouse-2024-01-11-203748Z
-13581562.577594193,4433917.941262789,1.0357104000000001,0.5137844611528821,2024-01-11 20:37:48+00:00,walton_lighthouse-2024-01-11-203748Z
-13581560.710427394,4433917.537874893,1.0357104000000001,0.5162907268170426,2024-01-11 20:37:48+00:00,walton_lighthouse-2024-01-11-203748Z
-13581558.977594044,4433916.686190303,1.0357104000000001,0.518796992481203,2024-01-11 20:37:48+00:00,walton_lighthouse-2024-01-11-203748Z
-13581557.176944133,4433916.060822615,1.0357104000000001,0.5213032581453634,2024-01-11 20:37:48+00:00,walton_lighthouse-2024-01-11-203748Z
-13581555.308902852,4433915.66035299,1.0357104000000001,0.5238095238095237,2024-01-11 20:37:48+00:00,walton_lighthouse-2024-01-11-203748Z
-13581553.727436133,4433914.30352851,1.0357104000000001,0.5263157894736842,2024-01-11 20:37:48+00:00,walton_lighthouse-2024-01-11-203748Z
-13581552.04054713,4433913.298518696,1.0357104000000001,0.5288220551378446,2024-01-11 20:37:48+00:00,walton_lighthouse-2024-01-11-203748Z
-13581550.170442512,4433912.904934905,1.0357104000000001,0.531328320802005,2024-01-11 20:37:48+00:00,walton_lighthouse-2024-01-11-203748Z
-13581548.336402686,4433912.390995789,1.0357104000000001,0.5338345864661653,2024-01-11 20:37:48+00:00,walton_lighthouse-2024-01-11-203748Z
-13581546.496760445,4433911.895753167,1.0357104000000001,0.5363408521303258,2024-01-11 20:37:48+00:00,walton_lighthouse-2024-01-11-203748Z
-13581544.626358395,4433911.503161916,1.0357104000000001,0.5388471177944862,2024-01-11 20:37:48+00:00,walton_lighthouse-2024-01-11-203748Z
-13581542.888267072,4433910.669024079,1.0357104000000001,0.5413533834586466,2024-01-11 20:37:48+00:00,walton_lighthouse-2024-01-11-203748Z
-13581541.017268185,4433910.278424626,1.0357104000000001,0.5438596491228069,2024-01-11 20:37:48+00:00,walton_lighthouse-2024-01-11-203748Z
-13581539.146269295,4433909.887825171,1.0357104000000001,0.5463659147869674,2024-01-11 20:37:48+00:00,walton_lighthouse-2024-01-11-203748Z
-13581537.406380557,4433909.05968571,1.0357104000000001,0.5488721804511278,2024-01-11 20:37:48+00:00,walton_lighthouse-2024-01-11-203748Z
-13581535.534782104,4433908.67108705,1.0357104000000001,0.5513784461152882,2024-01-11 20:37:48+00:00,walton_lighthouse-2024-01-11-203748Z
-13581533.728359647,4433908.064983496,1.0357104000000001,0.5538847117794485,2024-01-11 20:37:48+00:00,walton_lighthouse-2024-01-11-203748Z
-13581531.85646044,4433907.677388646,1.0357104000000001,0.556390977443609,2024-01-11 20:37:48+00:00,walton_lighthouse-2024-01-11-203748Z
-13581529.987721952,4433907.279245755,1.0357104000000001,0.5588972431077694,2024-01-11 20:37:48+00:00,walton_lighthouse-2024-01-11-203748Z
-13581528.177081162,4433906.687219549,1.0357104000000001,0.5614035087719298,2024-01-11 20:37:48+00:00,walton_lighthouse-2024-01-11-203748Z
-13581526.30488046,4433906.300630761,1.0357104000000001,0.5639097744360901,2024-01-11 20:37:48+00:00,walton_lighthouse-2024-01-11-203748Z
-13581524.432679776,4433905.91404197,1.0357104000000001,0.5664160401002506,2024-01-11 20:37:48+00:00,walton_lighthouse-2024-01-11-203748Z
-13581522.560479082,4433905.527453184,1.0357104000000001,0.568922305764411,2024-01-11 20:37:48+00:00,walton_lighthouse-2024-01-11-203748Z
-13581520.751635024,4433904.929430904,1.0357104000000001,0.5714285714285714,2024-01-11 20:37:48+00:00,walton_lighthouse-2024-01-11-203748Z
-13581518.879132168,4433904.543850465,1.0357104000000001,0.5739348370927317,2024-01-11 20:37:48+00:00,walton_lighthouse-2024-01-11-203748Z
-13581517.069524148,4433903.9483778095,1.0357104000000001,0.5764411027568922,2024-01-11 20:37:48+00:00,walton_lighthouse-2024-01-11-203748Z
-13581515.19671845,4433903.563808013,1.0357104000000001,0.5789473684210527,2024-01-11 20:37:48+00:00,walton_lighthouse-2024-01-11-203748Z
-13581513.386343462,4433902.970894804,1.0357104000000001,0.581453634085213,2024-01-11 20:37:48+00:00,walton_lighthouse-2024-01-11-203748Z
-13581511.513234226,4433902.587337939,1.0357104000000001,0.5839598997493733,2024-01-11 20:37:48+00:00,walton_lighthouse-2024-01-11-203748Z
-13581509.666713316,4433902.115050761,1.0357104000000001,0.5864661654135338,2024-01-11 20:37:48+00:00,walton_lighthouse-2024-01-11-203748Z
-13581507.890476482,4433901.408211937,1.0357104000000001,0.5889724310776943,2024-01-11 20:37:48+00:00,walton_lighthouse-2024-01-11-203748Z
-13581506.016758109,4433901.026687869,1.0357104000000001,0.5914786967418546,2024-01-11 20:37:48+00:00,walton_lighthouse-2024-01-11-203748Z
-13581504.204370065,4433900.440492669,1.0357104000000001,0.593984962406015,2024-01-11 20:37:48+00:00,walton_lighthouse-2024-01-11-203748Z
-13581502.330346098,4433900.059988487,1.0357104000000001,0.5964912280701754,2024-01-11 20:37:48+00:00,walton_lighthouse-2024-01-11-203748Z
-13581500.517179858,4433899.47639025,1.0357104000000001,0.5989974937343359,2024-01-11 20:37:48+00:00,walton_lighthouse-2024-01-11-203748Z
-13581498.642849566,4433899.096908262,1.0357104000000001,0.6015037593984962,2024-01-11 20:37:48+00:00,walton_lighthouse-2024-01-11-203748Z
-13581496.828902122,4433898.515917064,1.0357104000000001,0.6040100250626566,2024-01-11 20:37:48+00:00,walton_lighthouse-2024-01-11-203748Z
-13581494.95426486,4433898.137459633,1.0357104000000001,0.606516290726817,2024-01-11 20:37:48+00:00,walton_lighthouse-2024-01-11-203748Z
-13581493.139533164,4433897.559085594,1.0357104000000001,0.6090225563909775,2024-01-11 20:37:48+00:00,walton_lighthouse-2024-01-11-203748Z
-13581491.264588157,4433897.181655034,1.0357104000000001,0.6115288220551378,2024-01-11 20:37:48+00:00,walton_lighthouse-2024-01-11-203748Z
-13581489.449069196,4433896.60590833,1.0357104000000001,0.6140350877192982,2024-01-11 20:37:48+00:00,walton_lighthouse-2024-01-11-203748Z
-13581487.573815793,4433896.229507011,1.0357104000000001,0.6165413533834586,2024-01-11 20:37:48+00:00,walton_lighthouse-2024-01-11-203748Z
-13581485.757506462,4433895.656397852,1.0357104000000001,0.6190476190476191,2024-01-11 20:37:48+00:00,walton_lighthouse-2024-01-11-203748Z
-13581483.881943922,4433895.281028135,1.0357104000000001,0.6215538847117794,2024-01-11 20:37:48+00:00,walton_lighthouse-2024-01-11-203748Z
-13581482.064841188,4433894.710566803,1.0357104000000001,0.6240601503759398,2024-01-11 20:37:48+00:00,walton_lighthouse-2024-01-11-203748Z
-13581480.223956324,4433894.219470985,1.0357104000000001,0.6265664160401002,2024-01-11 20:37:48+00:00,walton_lighthouse-2024-01-11-203748Z
-13581478.429176066,4433893.574515113,1.0357104000000001,0.6290726817042607,2024-01-11 20:37:48+00:00,walton_lighthouse-2024-01-11-203748Z
-13581476.55268191,4433893.202254443,1.0357104000000001,0.631578947368421,2024-01-11 20:37:48+00:00,walton_lighthouse-2024-01-11-203748Z
-13581474.676187752,4433892.829993774,1.0357104000000001,0.6340852130325814,2024-01-11 20:37:48+00:00,walton_lighthouse-2024-01-11-203748Z
-13581472.799693588,4433892.457733103,1.0357104000000001,0.6365914786967418,2024-01-11 20:37:48+00:00,walton_lighthouse-2024-01-11-203748Z
-13581470.92319941,4433892.085472425,1.0357104000000001,0.6390977443609023,2024-01-11 20:37:48+00:00,walton_lighthouse-2024-01-11-203748Z
-13581469.046705246,4433891.7132117525,1.0357104000000001,0.6416040100250626,2024-01-11 20:37:48+00:00,walton_lighthouse-2024-01-11-203748Z
-13581467.170211105,4433891.34095109,1.0357104000000001,0.644110275689223,2024-01-11 20:37:48+00:00,walton_lighthouse-2024-01-11-203748Z
-13581465.293716932,4433890.968690417,1.0357104000000001,0.6466165413533834,2024-01-11 20:37:48+00:00,walton_lighthouse-2024-01-11-203748Z
-13581463.472967368,4433890.410399155,1.0357104000000001,0.6491228070175439,2024-01-11 20:37:48+00:00,walton_lighthouse-2024-01-11-203748Z
-13581461.596161228,4433890.0391796045,1.0357104000000001,0.6516290726817042,2024-01-11 20:37:48+00:00,walton_lighthouse-2024-01-11-203748Z
-13581459.719355104,4433889.667960061,1.0357104000000001,0.6541353383458646,2024-01-11 20:37:48+00:00,walton_lighthouse-2024-01-11-203748Z
-13581457.897484098,4433889.113411343,1.0357104000000001,0.656641604010025,2024-01-11 20:37:48+00:00,walton_lighthouse-2024-01-11-203748Z
-13581456.02941896,4433888.713021288,1.0357104000000001,0.6591478696741855,2024-01-11 20:37:48+00:00,walton_lighthouse-2024-01-11-203748Z
-13581454.197681576,4433888.191398567,1.0357104000000001,0.6616541353383458,2024-01-11 20:37:48+00:00,walton_lighthouse-2024-01-11-203748Z
-13581452.374496236,4433887.64123606,1.0357104000000001,0.6641604010025062,2024-01-11 20:37:48+00:00,walton_lighthouse-2024-01-11-203748Z
-13581450.49674984,4433887.273154331,1.0357104000000001,0.6666666666666666,2024-01-11 20:37:48+00:00,walton_lighthouse-2024-01-11-203748Z
-13581448.61900344,4433886.905072598,1.0357104000000001,0.6691729323308271,2024-01-11 20:37:48+00:00,walton_lighthouse-2024-01-11-203748Z
-13581446.794684904,4433886.358691699,1.0357104000000001,0.6716791979949874,2024-01-11 20:37:48+00:00,walton_lighthouse-2024-01-11-203748Z
-13581444.916623654,4433885.991660755,1.0357104000000001,0.6741854636591478,2024-01-11 20:37:48+00:00,walton_lighthouse-2024-01-11-203748Z
-13581443.038562387,4433885.624629806,1.0357104000000001,0.6766917293233082,2024-01-11 20:37:48+00:00,walton_lighthouse-2024-01-11-203748Z
-13581441.213106008,4433885.082046098,1.0357104000000001,0.6791979949874687,2024-01-11 20:37:48+00:00,walton_lighthouse-2024-01-11-203748Z
-13581439.376106726,4433884.5779833775,1.0357104000000001,0.681704260651629,2024-01-11 20:37:48+00:00,walton_lighthouse-2024-01-11-203748Z
-13581437.508446587,4433884.176241867,1.0357104000000001,0.6842105263157894,2024-01-11 20:37:48+00:00,walton_lighthouse-2024-01-11-203748Z
-13581435.68165164,4433883.638125274,1.0357104000000001,0.6867167919799498,2024-01-11 20:37:48+00:00,walton_lighthouse-2024-01-11-203748Z
-13581433.802641362,4433883.274261306,1.0357104000000001,0.6892230576441103,2024-01-11 20:37:48+00:00,walton_lighthouse-2024-01-11-203748Z
-13581431.923631117,4433882.910397353,1.0357104000000001,0.6917293233082706,2024-01-11 20:37:48+00:00,walton_lighthouse-2024-01-11-203748Z
-13581430.11537353,4433882.310418014,1.0357104000000001,0.694235588972431,2024-01-11 20:37:48+00:00,walton_lighthouse-2024-01-11-203748Z
-13581428.246629331,4433881.912294106,1.0357104000000001,0.6967418546365914,2024-01-11 20:37:48+00:00,walton_lighthouse-2024-01-11-203748Z
-13581426.337030236,4433881.650511023,1.0357104000000001,0.6992481203007519,2024-01-11 20:37:48+00:00,walton_lighthouse-2024-01-11-203748Z
-13581424.45770218,4433881.287707645,1.0357104000000001,0.7017543859649122,2024-01-11 20:37:48+00:00,walton_lighthouse-2024-01-11-203748Z
-13581422.578374114,4433880.9249042645,1.0357104000000001,0.7042606516290726,2024-01-11 20:37:48+00:00,walton_lighthouse-2024-01-11-203748Z
-13581420.74863776,4433880.396603687,1.0357104000000001,0.706766917293233,2024-01-11 20:37:48+00:00,walton_lighthouse-2024-01-11-203748Z
-13581418.91837918,4433879.870045869,1.0357104000000001,0.7092731829573935,2024-01-11 20:37:48+00:00,walton_lighthouse-2024-01-11-203748Z
-13581417.038413296,4433879.509371056,1.0357104000000001,0.7117794486215538,2024-01-11 20:37:48+00:00,walton_lighthouse-2024-01-11-203748Z
-13581415.20731064,4433878.985630118,1.0357104000000001,0.7142857142857142,2024-01-11 20:37:48+00:00,walton_lighthouse-2024-01-11-203748Z
-13581413.327024696,4433878.6260233,1.0357104000000001,0.7167919799498746,2024-01-11 20:37:48+00:00,walton_lighthouse-2024-01-11-203748Z
-13581411.495074634,4433878.105110354,1.0357104000000001,0.7192982456140351,2024-01-11 20:37:48+00:00,walton_lighthouse-2024-01-11-203748Z
-13581409.662595332,4433877.585963569,1.0357104000000001,0.7218045112781954,2024-01-11 20:37:48+00:00,walton_lighthouse-2024-01-11-203748Z
-13581407.829584932,4433877.068589149,1.0357104000000001,0.7243107769423558,2024-01-11 20:37:48+00:00,walton_lighthouse-2024-01-11-203748Z
-13581405.996041551,4433876.552993323,1.0357104000000001,0.7268170426065163,2024-01-11 20:37:48+00:00,walton_lighthouse-2024-01-11-203748Z
-13581404.11446799,4433876.197683588,1.0357104000000001,0.7293233082706767,2024-01-11 20:37:48+00:00,walton_lighthouse-2024-01-11-203748Z
-13581402.26311247,4433875.741530474,1.0357104000000001,0.731829573934837,2024-01-11 20:37:48+00:00,walton_lighthouse-2024-01-11-203748Z
-13581400.49219489,4433875.016940234,1.0357104000000001,0.7343358395989974,2024-01-11 20:37:48+00:00,walton_lighthouse-2024-01-11-203748Z
-13581398.609647635,4433874.664879846,1.0357104000000001,0.7368421052631579,2024-01-11 20:37:48+00:00,walton_lighthouse-2024-01-11-203748Z
-13581396.69163052,4433874.431189312,1.0357104000000001,0.7393483709273183,2024-01-11 20:37:48+00:00,walton_lighthouse-2024-01-11-203748Z
-13581394.79846076,4433874.114578394,1.0357104000000001,0.7418546365914787,2024-01-11 20:37:48+00:00,walton_lighthouse-2024-01-11-203748Z
-13581392.91623885,4433873.761432359,1.0357104000000001,0.744360902255639,2024-01-11 20:37:48+00:00,walton_lighthouse-2024-01-11-203748Z
-13581391.079458669,4433873.256638335,1.0357104000000001,0.7468671679197995,2024-01-11 20:37:48+00:00,walton_lighthouse-2024-01-11-203748Z
-13581389.196911428,4433872.904577954,1.0357104000000001,0.7493734335839599,2024-01-11 20:37:48+00:00,walton_lighthouse-2024-01-11-203748Z
-13581387.35926084,4433872.402688786,1.0357104000000001,0.7518796992481203,2024-01-11 20:37:48+00:00,walton_lighthouse-2024-01-11-203748Z
-13581385.476387512,4433872.0517166285,1.0357104000000001,0.7543859649122806,2024-01-11 20:37:48+00:00,walton_lighthouse-2024-01-11-203748Z
-13581383.637862988,4433871.552743846,1.0357104000000001,0.7568922305764411,2024-01-11 20:37:48+00:00,walton_lighthouse-2024-01-11-203748Z
-13581381.7546628,4433871.202862475,1.0357104000000001,0.7593984962406015,2024-01-11 20:37:48+00:00,walton_lighthouse-2024-01-11-203748Z
-13581379.915260928,4433870.706817726,1.0357104000000001,0.7619047619047619,2024-01-11 20:37:48+00:00,walton_lighthouse-2024-01-11-203748Z
-13581378.02572675,4433870.37807407,1.0357104000000001,0.7644110275689222,2024-01-11 20:37:48+00:00,walton_lighthouse-2024-01-11-203748Z
-13581376.10506224,4433870.153218362,1.0357104000000001,0.7669172932330827,2024-01-11 20:37:48+00:00,walton_lighthouse-2024-01-11-203748Z
-13581374.264677469,4433869.6604537,1.0357104000000001,0.7694235588972431,2024-01-11 20:37:48+00:00,walton_lighthouse-2024-01-11-203748Z
-13581372.395627616,4433869.2633499205,1.0357104000000001,0.7719298245614035,2024-01-11 20:37:48+00:00,walton_lighthouse-2024-01-11-203748Z
-13581370.455461685,4433869.103574258,1.0357104000000001,0.7744360902255638,2024-01-11 20:37:48+00:00,walton_lighthouse-2024-01-11-203748Z
-13581368.530527525,4433868.8929672055,1.0357104000000001,0.7769423558897243,2024-01-11 20:37:48+00:00,walton_lighthouse-2024-01-11-203748Z
-13581366.647654211,4433868.541995053,1.0357104000000001,0.7794486215538847,2024-01-11 20:37:48+00:00,walton_lighthouse-2024-01-11-203748Z
-13581364.805861128,4433868.053930152,1.0357104000000001,0.7819548872180451,2024-01-11 20:37:48+00:00,walton_lighthouse-2024-01-11-203748Z
-13581362.922660924,4433867.704048773,1.0357104000000001,0.7844611528822054,2024-01-11 20:37:48+00:00,walton_lighthouse-2024-01-11-203748Z
-13581361.079982745,4433867.218937647,1.0357104000000001,0.7869674185463659,2024-01-11 20:37:48+00:00,walton_lighthouse-2024-01-11-203748Z
-13581359.206229191,4433866.837531035,1.0357104000000001,0.7894736842105263,2024-01-11 20:37:48+00:00,walton_lighthouse-2024-01-11-203748Z
-13581357.352888104,4433866.388004059,1.0357104000000001,0.7919799498746867,2024-01-11 20:37:48+00:00,walton_lighthouse-2024-01-11-203748Z
-13581355.469031869,4433866.040311993,1.0357104000000001,0.794486215538847,2024-01-11 20:37:48+00:00,walton_lighthouse-2024-01-11-203748Z
-13581353.585175648,4433865.692619934,1.0357104000000001,0.7969924812030075,2024-01-11 20:37:48+00:00,walton_lighthouse-2024-01-11-203748Z
-13581351.70131945,4433865.344927886,1.0357104000000001,0.7994987468671679,2024-01-11 20:37:48+00:00,walton_lighthouse-2024-01-11-203748Z
-13581349.856202072,4433864.867956753,1.0357104000000001,0.8020050125313283,2024-01-11 20:37:48+00:00,walton_lighthouse-2024-01-11-203748Z
-13581347.968097942,4433864.534440737,1.0357104000000001,0.8045112781954886,2024-01-11 20:37:48+00:00,walton_lighthouse-2024-01-11-203748Z
-13581346.049750762,4433864.301851698,1.0357104000000001,0.8070175438596491,2024-01-11 20:37:48+00:00,walton_lighthouse-2024-01-11-203748Z
-13581344.203645868,4433863.828176203,1.0357104000000001,0.8095238095238095,2024-01-11 20:37:48+00:00,walton_lighthouse-2024-01-11-203748Z
-13581342.319460474,4433863.48158269,1.0357104000000001,0.8120300751879699,2024-01-11 20:37:48+00:00,walton_lighthouse-2024-01-11-203748Z
-13581340.472455898,4433863.010909447,1.0357104000000001,0.8145363408521302,2024-01-11 20:37:48+00:00,walton_lighthouse-2024-01-11-203748Z
-13581338.62487886,4433862.542146721,1.0357104000000001,0.8170426065162907,2024-01-11 20:37:48+00:00,walton_lighthouse-2024-01-11-203748Z
-13581336.740032766,4433862.197758113,1.0357104000000001,0.8195488721804511,2024-01-11 20:37:48+00:00,walton_lighthouse-2024-01-11-203748Z
-13581334.85518666,4433861.8533695005,1.0357104000000001,0.8220551378446115,2024-01-11 20:37:48+00:00,walton_lighthouse-2024-01-11-203748Z
-13581332.970340544,4433861.508980883,1.0357104000000001,0.8245614035087718,2024-01-11 20:37:48+00:00,walton_lighthouse-2024-01-11-203748Z
-13581331.085494423,4433861.164592267,1.0357104000000001,0.8270676691729323,2024-01-11 20:37:48+00:00,walton_lighthouse-2024-01-11-203748Z
-13581329.200648334,4433860.82020366,1.0357104000000001,0.8295739348370927,2024-01-11 20:37:48+00:00,walton_lighthouse-2024-01-11-203748Z
-13581327.350839116,4433860.358890149,1.0357104000000001,0.8320802005012531,2024-01-11 20:37:48+00:00,walton_lighthouse-2024-01-11-203748Z
-13581325.465661462,4433860.0156079065,1.0357104000000001,0.8345864661654134,2024-01-11 20:37:48+00:00,walton_lighthouse-2024-01-11-203748Z
-13581323.64947704,4433859.4420819655,1.0357104000000001,0.8370927318295739,2024-01-11 20:37:48+00:00,walton_lighthouse-2024-01-11-203748Z
-13581321.776893249,4433859.056771642,1.0357104000000001,0.8395989974937343,2024-01-11 20:37:48+00:00,walton_lighthouse-2024-01-11-203748Z
-13581319.884666054,4433858.737015149,1.0357104000000001,0.8421052631578947,2024-01-11 20:37:48+00:00,walton_lighthouse-2024-01-11-203748Z
-13581318.02556608,4433858.306706633,1.0357104000000001,0.844611528822055,2024-01-11 20:37:48+00:00,walton_lighthouse-2024-01-11-203748Z
-13581316.139389126,4433857.966759374,1.0357104000000001,0.8471177944862155,2024-01-11 20:37:48+00:00,walton_lighthouse-2024-01-11-203748Z
-13581314.253212163,4433857.626812114,1.0357104000000001,0.849624060150376,2024-01-11 20:37:48+00:00,walton_lighthouse-2024-01-11-203748Z
-13581312.334418628,4433857.395712551,1.0357104000000001,0.8521303258145363,2024-01-11 20:37:48+00:00,walton_lighthouse-2024-01-11-203748Z
-13581310.416369705,4433857.162128168,1.0357104000000001,0.8546365914786966,2024-01-11 20:37:48+00:00,walton_lighthouse-2024-01-11-203748Z
-13581308.467341138,4433857.031928921,1.0357104000000001,0.8571428571428571,2024-01-11 20:37:48+00:00,walton_lighthouse-2024-01-11-203748Z
-13581306.55117936,4433856.792046774,1.0357104000000001,0.8596491228070176,2024-01-11 20:37:48+00:00,walton_lighthouse-2024-01-11-203748Z
-13581304.578367474,4433856.741216998,1.0357104000000001,0.8621553884711779,2024-01-11 20:37:48+00:00,walton_lighthouse-2024-01-11-203748Z
-13581302.629960973,4433856.608941695,1.0357104000000001,0.8646616541353382,2024-01-11 20:37:48+00:00,walton_lighthouse-2024-01-11-203748Z
-13581300.700285014,4433856.414159058,1.0357104000000001,0.8671679197994987,2024-01-11 20:37:48+00:00,walton_lighthouse-2024-01-11-203748Z
-13581298.805142868,4433856.1041303165,1.0357104000000001,0.8696741854636592,2024-01-11 20:37:48+00:00,walton_lighthouse-2024-01-11-203748Z
-13581296.864774851,4433855.945029016,1.0357104000000001,0.8721804511278195,2024-01-11 20:37:48+00:00,walton_lighthouse-2024-01-11-203748Z
-13581294.983201295,4433855.589719291,1.0357104000000001,0.8746867167919798,2024-01-11 20:37:48+00:00,walton_lighthouse-2024-01-11-203748Z
-13581293.13001906,4433855.139662223,1.0357104000000001,0.8771929824561403,2024-01-11 20:37:48+00:00,walton_lighthouse-2024-01-11-203748Z
-13581291.304454884,4433854.597438308,1.0357104000000001,0.8796992481203008,2024-01-11 20:37:48+00:00,walton_lighthouse-2024-01-11-203748Z
-13581289.477853604,4433854.058675338,1.0357104000000001,0.8822055137844611,2024-01-11 20:37:48+00:00,walton_lighthouse-2024-01-11-203748Z
-13581287.65585528,4433853.504551486,1.0357104000000001,0.8847117794486214,2024-01-11 20:37:48+00:00,walton_lighthouse-2024-01-11-203748Z
-13581285.904740289,4433852.713876308,1.0357104000000001,0.8872180451127819,2024-01-11 20:37:48+00:00,walton_lighthouse-2024-01-11-203748Z
-13581284.079094712,4433852.171923991,1.0357104000000001,0.8897243107769424,2024-01-11 20:37:48+00:00,walton_lighthouse-2024-01-11-203748Z
-13581282.297953244,4433851.481452813,1.0357104000000001,0.8922305764411027,2024-01-11 20:37:48+00:00,walton_lighthouse-2024-01-11-203748Z
-13581280.43769665,4433851.055004217,1.0357104000000001,0.894736842105263,2024-01-11 20:37:48+00:00,walton_lighthouse-2024-01-11-203748Z
-13581278.631005244,4433850.449798275,1.0357104000000001,0.8972431077694235,2024-01-11 20:37:48+00:00,walton_lighthouse-2024-01-11-203748Z
-13581276.795882711,4433849.93947249,1.0357104000000001,0.899749373433584,2024-01-11 20:37:48+00:00,walton_lighthouse-2024-01-11-203748Z
-13581275.00447231,4433849.283270692,1.0357104000000001,0.9022556390977443,2024-01-11 20:37:48+00:00,walton_lighthouse-2024-01-11-203748Z
-13581273.202128554,4433848.663555734,1.0357104000000001,0.9047619047619047,2024-01-11 20:37:48+00:00,walton_lighthouse-2024-01-11-203748Z
-13581271.391179444,4433848.072558564,1.0357104000000001,0.9072681704260651,2024-01-11 20:37:48+00:00,walton_lighthouse-2024-01-11-203748Z
-13581269.538819326,4433847.619757906,1.0357104000000001,0.9097744360902256,2024-01-11 20:37:48+00:00,walton_lighthouse-2024-01-11-203748Z
-13581267.707370017,4433847.097173793,1.0357104000000001,0.9122807017543859,2024-01-11 20:37:48+00:00,walton_lighthouse-2024-01-11-203748Z
-13581265.799670694,4433846.829050737,1.0357104000000001,0.9147869674185463,2024-01-11 20:37:48+00:00,walton_lighthouse-2024-01-11-203748Z
-13581263.538873209,4433847.739284856,1.0357104000000001,0.9172932330827067,2024-01-11 20:37:48+00:00,walton_lighthouse-2024-01-11-203748Z
-13581263.538873209,4433847.739284856,1.0357104000000001,0.9197994987468672,2024-01-11 20:37:48+00:00,walton_lighthouse-2024-01-11-203748Z
-13581263.538873209,4433847.739284856,1.0357104000000001,0.9223057644110275,2024-01-11 20:37:48+00:00,walton_lighthouse-2024-01-11-203748Z
-13581263.538873209,4433847.739284856,1.0357104000000001,0.9248120300751879,2024-01-11 20:37:48+00:00,walton_lighthouse-2024-01-11-203748Z
-13581263.538873209,4433847.739284856,1.0357104000000001,0.9273182957393483,2024-01-11 20:37:48+00:00,walton_lighthouse-2024-01-11-203748Z
-13581263.538873209,4433847.739284856,1.0357104000000001,0.9298245614035088,2024-01-11 20:37:48+00:00,walton_lighthouse-2024-01-11-203748Z
-13581263.538873209,4433847.739284856,1.0357104000000001,0.9323308270676691,2024-01-11 20:37:48+00:00,walton_lighthouse-2024-01-11-203748Z
-13581263.538873209,4433847.739284856,1.0357104000000001,0.9348370927318295,2024-01-11 20:37:48+00:00,walton_lighthouse-2024-01-11-203748Z
-13581263.538873209,4433847.739284856,1.0357104000000001,0.9373433583959899,2024-01-11 20:37:48+00:00,walton_lighthouse-2024-01-11-203748Z
-13581263.538873209,4433847.739284856,1.0357104000000001,0.9398496240601504,2024-01-11 20:37:48+00:00,walton_lighthouse-2024-01-11-203748Z
-13581263.538873209,4433847.739284856,1.0357104000000001,0.9423558897243107,2024-01-11 20:37:48+00:00,walton_lighthouse-2024-01-11-203748Z
-13581263.538873209,4433847.739284856,1.0357104000000001,0.9448621553884711,2024-01-11 20:37:48+00:00,walton_lighthouse-2024-01-11-203748Z
-13581263.538873209,4433847.739284856,1.0357104000000001,0.9473684210526315,2024-01-11 20:37:48+00:00,walton_lighthouse-2024-01-11-203748Z
-13581263.538873209,4433847.739284856,1.0357104000000001,0.949874686716792,2024-01-11 20:37:48+00:00,walton_lighthouse-2024-01-11-203748Z
-13581263.538873209,4433847.739284856,1.0357104000000001,0.9523809523809523,2024-01-11 20:37:48+00:00,walton_lighthouse-2024-01-11-203748Z
-13581263.538873209,4433847.739284856,1.0357104000000001,0.9548872180451127,2024-01-11 20:37:48+00:00,walton_lighthouse-2024-01-11-203748Z
-13581263.538873209,4433847.739284856,1.0357104000000001,0.9573934837092731,2024-01-11 20:37:48+00:00,walton_lighthouse-2024-01-11-203748Z
-13581263.538873209,4433847.739284856,1.0357104000000001,0.9598997493734336,2024-01-11 20:37:48+00:00,walton_lighthouse-2024-01-11-203748Z
-13581263.538873209,4433847.739284856,1.0357104000000001,0.9624060150375939,2024-01-11 20:37:48+00:00,walton_lighthouse-2024-01-11-203748Z
-13581263.538873209,4433847.739284856,1.0357104000000001,0.9649122807017543,2024-01-11 20:37:48+00:00,walton_lighthouse-2024-01-11-203748Z
-13581263.538873209,4433847.739284856,1.0357104000000001,0.9674185463659147,2024-01-11 20:37:48+00:00,walton_lighthouse-2024-01-11-203748Z
-13581263.538873209,4433847.739284856,1.0357104000000001,0.9699248120300752,2024-01-11 20:37:48+00:00,walton_lighthouse-2024-01-11-203748Z
-13581263.538873209,4433847.739284856,1.0357104000000001,0.9724310776942355,2024-01-11 20:37:48+00:00,walton_lighthouse-2024-01-11-203748Z
-13581263.538873209,4433847.739284856,1.0357104000000001,0.9749373433583959,2024-01-11 20:37:48+00:00,walton_lighthouse-2024-01-11-203748Z
-13581263.538873209,4433847.739284856,1.0357104000000001,0.9774436090225563,2024-01-11 20:37:48+00:00,walton_lighthouse-2024-01-11-203748Z
-13581263.538873209,4433847.739284856,1.0357104000000001,0.9799498746867168,2024-01-11 20:37:48+00:00,walton_lighthouse-2024-01-11-203748Z
-13581263.538873209,4433847.739284856,1.0357104000000001,0.9824561403508771,2024-01-11 20:37:48+00:00,walton_lighthouse-2024-01-11-203748Z
-13581263.538873209,4433847.739284856,1.0357104000000001,0.9849624060150375,2024-01-11 20:37:48+00:00,walton_lighthouse-2024-01-11-203748Z
-13581263.538873209,4433847.739284856,1.0357104000000001,0.9874686716791979,2024-01-11 20:37:48+00:00,walton_lighthouse-2024-01-11-203748Z
-13581263.538873209,4433847.739284856,1.0357104000000001,0.9899749373433584,2024-01-11 20:37:48+00:00,walton_lighthouse-2024-01-11-203748Z
-13581263.538873209,4433847.739284856,1.0357104000000001,0.9924812030075187,2024-01-11 20:37:48+00:00,walton_lighthouse-2024-01-11-203748Z
-13581263.538873209,4433847.739284856,1.0357104000000001,0.9949874686716791,2024-01-11 20:37:48+00:00,walton_lighthouse-2024-01-11-203748Z
-13581263.538873209,4433847.739284856,1.0357104000000001,0.9974937343358395,2024-01-11 20:37:48+00:00,walton_lighthouse-2024-01-11-203748Z
-13581263.538873209,4433847.739284856,1.0357104000000001,1.0,2024-01-11 20:37:48+00:00,walton_lighthouse-2024-01-11-203748Z
-13581923.939179389,4434072.077123498,0.7748016000000001,0.0,2024-01-11 21:07:48+00:00,walton_lighthouse-2024-01-11-210748Z
-13581922.46621251,4434070.35821405,0.7748016000000001,0.002506265664160401,2024-01-11 21:07:48+00:00,walton_lighthouse-2024-01-11-210748Z
-13581920.64716629,4434069.794238452,0.7748016000000001,0.005012531328320802,2024-01-11 21:07:48+00:00,walton_lighthouse-2024-01-11-210748Z
-13581918.828120044,4434069.230262846,0.7748016000000001,0.007518796992481203,2024-01-11 21:07:48+00:00,walton_lighthouse-2024-01-11-210748Z
-13581917.093031786,4434068.386103245,0.7748016000000001,0.010025062656641603,2024-01-11 21:07:48+00:00,walton_lighthouse-2024-01-11-210748Z
-13581915.27379201,4434067.822773716,0.7748016000000001,0.012531328320802004,2024-01-11 21:07:48+00:00,walton_lighthouse-2024-01-11-210748Z
-13581913.538274772,4434066.980045642,0.7748016000000001,0.015037593984962405,2024-01-11 21:07:48+00:00,walton_lighthouse-2024-01-11-210748Z
-13581911.718840992,4434066.417363326,0.7748016000000001,0.017543859649122806,2024-01-11 21:07:48+00:00,walton_lighthouse-2024-01-11-210748Z
-13581909.899407232,4434065.854681017,0.7748016000000001,0.020050125313283207,2024-01-11 21:07:48+00:00,walton_lighthouse-2024-01-11-210748Z
-13581908.31187404,4434064.518101621,0.7748016000000001,0.022556390977443608,2024-01-11 21:07:48+00:00,walton_lighthouse-2024-01-11-210748Z
-13581906.859401396,4434062.730798958,0.7748016000000001,0.02506265664160401,2024-01-11 21:07:48+00:00,walton_lighthouse-2024-01-11-210748Z
-13581905.406928688,4434060.943496315,0.7748016000000001,0.02756892230576441,2024-01-11 21:07:48+00:00,walton_lighthouse-2024-01-11-210748Z
-13581903.708749415,4434059.97616427,0.7748016000000001,0.03007518796992481,2024-01-11 21:07:48+00:00,walton_lighthouse-2024-01-11-210748Z
-13581902.140727503,4434058.574471945,0.7748016000000001,0.03258145363408521,2024-01-11 21:07:48+00:00,walton_lighthouse-2024-01-11-210748Z
-13581900.318142004,4434058.022307611,0.7748016000000001,0.03508771929824561,2024-01-11 21:07:48+00:00,walton_lighthouse-2024-01-11-210748Z
-13581899.59703806,4434053.794285672,0.7748016000000001,0.03759398496240601,2024-01-11 21:07:48+00:00,walton_lighthouse-2024-01-11-210748Z
-13581897.9550405,4434052.639464296,0.7748016000000001,0.040100250626566414,2024-01-11 21:07:48+00:00,walton_lighthouse-2024-01-11-210748Z
-13581896.129414655,4434052.097446263,0.7748016000000001,0.042606516290726815,2024-01-11 21:07:48+00:00,walton_lighthouse-2024-01-11-210748Z
-13581894.303788789,4434051.555428226,0.7748016000000001,0.045112781954887216,2024-01-11 21:07:48+00:00,walton_lighthouse-2024-01-11-210748Z
-13581892.478162898,4434051.013410179,0.7748016000000001,0.047619047619047616,2024-01-11 21:07:48+00:00,walton_lighthouse-2024-01-11-210748Z
-13581892.224232206,4434045.226340561,0.7748016000000001,0.05012531328320802,2024-01-11 21:07:48+00:00,walton_lighthouse-2024-01-11-210748Z
-13581890.39484345,4434044.696880037,0.7748016000000001,0.05263157894736842,2024-01-11 21:07:48+00:00,walton_lighthouse-2024-01-11-210748Z
-13581888.565454686,4434044.167419513,0.7748016000000001,0.05513784461152882,2024-01-11 21:07:48+00:00,walton_lighthouse-2024-01-11-210748Z
-13581886.736065902,4434043.63795898,0.7748016000000001,0.05764411027568922,2024-01-11 21:07:48+00:00,walton_lighthouse-2024-01-11-210748Z
-13581884.906677138,4434043.108498453,0.7748016000000001,0.06015037593984962,2024-01-11 21:07:48+00:00,walton_lighthouse-2024-01-11-210748Z
-13581883.077288406,4434042.579037937,0.7748016000000001,0.06265664160401002,2024-01-11 21:07:48+00:00,walton_lighthouse-2024-01-11-210748Z
-13581881.247899627,4434042.049577409,0.7748016000000001,0.06516290726817042,2024-01-11 21:07:48+00:00,walton_lighthouse-2024-01-11-210748Z
-13581879.638310874,4434040.786601551,0.7748016000000001,0.06766917293233082,2024-01-11 21:07:48+00:00,walton_lighthouse-2024-01-11-210748Z
-13581878.181741567,4434039.012970191,0.7748016000000001,0.07017543859649122,2024-01-11 21:07:48+00:00,walton_lighthouse-2024-01-11-210748Z
-13581876.725172283,4434037.239338824,0.7748016000000001,0.07268170426065163,2024-01-11 21:07:48+00:00,walton_lighthouse-2024-01-11-210748Z
-13581875.268602991,4434035.465707459,0.7748016000000001,0.07518796992481203,2024-01-11 21:07:48+00:00,walton_lighthouse-2024-01-11-210748Z
-13581873.812033648,4434033.692076108,0.7748016000000001,0.07769423558897243,2024-01-11 21:07:48+00:00,walton_lighthouse-2024-01-11-210748Z
-13581872.209800277,4434032.404554051,0.7748016000000001,0.08020050125313283,2024-01-11 21:07:48+00:00,walton_lighthouse-2024-01-11-210748Z
-13581870.3756338,4434031.891037675,0.7748016000000001,0.08270676691729323,2024-01-11 21:07:48+00:00,walton_lighthouse-2024-01-11-210748Z
-13581868.541467307,4434031.377521289,0.7748016000000001,0.08521303258145363,2024-01-11 21:07:48+00:00,walton_lighthouse-2024-01-11-210748Z
-13581866.707300844,4434030.864004913,0.7748016000000001,0.08771929824561403,2024-01-11 21:07:48+00:00,walton_lighthouse-2024-01-11-210748Z
-13581864.873134376,4434030.350488536,0.7748016000000001,0.09022556390977443,2024-01-11 21:07:48+00:00,walton_lighthouse-2024-01-11-210748Z
-13581863.038967902,4434029.836972158,0.7748016000000001,0.09273182957393483,2024-01-11 21:07:48+00:00,walton_lighthouse-2024-01-11-210748Z
-13581861.204801409,4434029.323455773,0.7748016000000001,0.09523809523809523,2024-01-11 21:07:48+00:00,walton_lighthouse-2024-01-11-210748Z
-13581859.715519285,4434027.658993432,0.7748016000000001,0.09774436090225563,2024-01-11 21:07:48+00:00,walton_lighthouse-2024-01-11-210748Z
-13581858.25506669,4434025.898321455,0.7748016000000001,0.10025062656641603,2024-01-11 21:07:48+00:00,walton_lighthouse-2024-01-11-210748Z
-13581856.794614049,4434024.137649491,0.7748016000000001,0.10275689223057644,2024-01-11 21:07:48+00:00,walton_lighthouse-2024-01-11-210748Z
-13581855.334161405,4434022.37697753,0.7748016000000001,0.10526315789473684,2024-01-11 21:07:48+00:00,walton_lighthouse-2024-01-11-210748Z
-13581853.54718589,4434021.70597575,0.7748016000000001,0.10776942355889724,2024-01-11 21:07:48+00:00,walton_lighthouse-2024-01-11-210748Z
-13581851.709185423,4434021.205254219,0.7748016000000001,0.11027568922305764,2024-01-11 21:07:48+00:00,walton_lighthouse-2024-01-11-210748Z
-13581849.871184943,4434020.704532686,0.7748016000000001,0.11278195488721804,2024-01-11 21:07:48+00:00,walton_lighthouse-2024-01-11-210748Z
-13581848.03318443,4434020.203811138,0.7748016000000001,0.11528822055137844,2024-01-11 21:07:48+00:00,walton_lighthouse-2024-01-11-210748Z
-13581846.195183944,4434019.7030896,0.7748016000000001,0.11779448621553884,2024-01-11 21:07:48+00:00,walton_lighthouse-2024-01-11-210748Z
-13581844.357183471,4434019.202368068,0.7748016000000001,0.12030075187969924,2024-01-11 21:07:48+00:00,walton_lighthouse-2024-01-11-210748Z
-13581842.75420535,4434017.9173313305,0.7748016000000001,0.12280701754385964,2024-01-11 21:07:48+00:00,walton_lighthouse-2024-01-11-210748Z
-13581841.217769546,4434016.410229929,0.7748016000000001,0.12531328320802004,2024-01-11 21:07:48+00:00,walton_lighthouse-2024-01-11-210748Z
-13581839.37838496,4434015.914127362,0.7748016000000001,0.12781954887218044,2024-01-11 21:07:48+00:00,walton_lighthouse-2024-01-11-210748Z
-13581837.5390004,4434015.418024804,0.7748016000000001,0.13032581453634084,2024-01-11 21:07:48+00:00,walton_lighthouse-2024-01-11-210748Z
-13581835.699615823,4434014.921922242,0.7748016000000001,0.13283208020050125,2024-01-11 21:07:48+00:00,walton_lighthouse-2024-01-11-210748Z
-13581833.860231232,4434014.425819672,0.7748016000000001,0.13533834586466165,2024-01-11 21:07:48+00:00,walton_lighthouse-2024-01-11-210748Z
-13581832.020846665,4434013.929717112,0.7748016000000001,0.13784461152882205,2024-01-11 21:07:48+00:00,walton_lighthouse-2024-01-11-210748Z
-13581830.240569508,4434013.236361651,0.7748016000000001,0.14035087719298245,2024-01-11 21:07:48+00:00,walton_lighthouse-2024-01-11-210748Z
-13581828.77292686,4434011.499684185,0.7748016000000001,0.14285714285714285,2024-01-11 21:07:48+00:00,walton_lighthouse-2024-01-11-210748Z
-13581827.213198757,4434010.070313676,0.7748016000000001,0.14536340852130325,2024-01-11 21:07:48+00:00,walton_lighthouse-2024-01-11-210748Z
-13581825.371942865,4434009.5804560585,0.7748016000000001,0.14786967418546365,2024-01-11 21:07:48+00:00,walton_lighthouse-2024-01-11-210748Z
-13581823.530686997,4434009.09059845,0.7748016000000001,0.15037593984962405,2024-01-11 21:07:48+00:00,walton_lighthouse-2024-01-11-210748Z
-13581821.689431094,4434008.600740831,0.7748016000000001,0.15288220551378445,2024-01-11 21:07:48+00:00,walton_lighthouse-2024-01-11-210748Z
-13581819.848175185,4434008.110883208,0.7748016000000001,0.15538847117794485,2024-01-11 21:07:48+00:00,walton_lighthouse-2024-01-11-210748Z
-13581818.006919308,4434007.621025596,0.7748016000000001,0.15789473684210525,2024-01-11 21:07:48+00:00,walton_lighthouse-2024-01-11-210748Z
-13581816.317471787,4434006.6245540045,0.7748016000000001,0.16040100250626566,2024-01-11 21:07:48+00:00,walton_lighthouse-2024-01-11-210748Z
-13581814.846494578,4434004.89900458,0.7748016000000001,0.16290726817042606,2024-01-11 21:07:48+00:00,walton_lighthouse-2024-01-11-210748Z
-13581813.100948108,4434004.089746017,0.7748016000000001,0.16541353383458646,2024-01-11 21:07:48+00:00,walton_lighthouse-2024-01-11-210748Z
-13581811.258030072,4434003.605435362,0.7748016000000001,0.16791979949874686,2024-01-11 21:07:48+00:00,walton_lighthouse-2024-01-11-210748Z
-13581809.415112017,4434003.121124703,0.7748016000000001,0.17042606516290726,2024-01-11 21:07:48+00:00,walton_lighthouse-2024-01-11-210748Z
-13581807.572193949,4434002.636814037,0.7748016000000001,0.17293233082706766,2024-01-11 21:07:48+00:00,walton_lighthouse-2024-01-11-210748Z
-13581805.7292759,4434002.15250338,0.7748016000000001,0.17543859649122806,2024-01-11 21:07:48+00:00,walton_lighthouse-2024-01-11-210748Z
-13581803.919337586,4434001.558132956,0.7748016000000001,0.17794486215538846,2024-01-11 21:07:48+00:00,walton_lighthouse-2024-01-11-210748Z
-13581802.445183096,4433999.843186763,0.7748016000000001,0.18045112781954886,2024-01-11 21:07:48+00:00,walton_lighthouse-2024-01-11-210748Z
-13581800.638758566,4433999.237090074,0.7748016000000001,0.18295739348370926,2024-01-11 21:07:48+00:00,walton_lighthouse-2024-01-11-210748Z
-13581798.794638816,4433998.756789703,0.7748016000000001,0.18546365914786966,2024-01-11 21:07:48+00:00,walton_lighthouse-2024-01-11-210748Z
-13581796.950519092,4433998.276489341,0.7748016000000001,0.18796992481203006,2024-01-11 21:07:48+00:00,walton_lighthouse-2024-01-11-210748Z
-13581795.106399331,4433997.796188968,0.7748016000000001,0.19047619047619047,2024-01-11 21:07:48+00:00,walton_lighthouse-2024-01-11-210748Z
-13581793.262279566,4433997.315888591,0.7748016000000001,0.19298245614035087,2024-01-11 21:07:48+00:00,walton_lighthouse-2024-01-11-210748Z
-13581791.574562669,4433996.313641572,0.7748016000000001,0.19548872180451127,2024-01-11 21:07:48+00:00,walton_lighthouse-2024-01-11-210748Z
-13581790.097377304,4433994.608810059,0.7748016000000001,0.19799498746867167,2024-01-11 21:07:48+00:00,walton_lighthouse-2024-01-11-210748Z
-13581788.426773034,4433993.5494549135,0.7748016000000001,0.20050125313283207,2024-01-11 21:07:48+00:00,walton_lighthouse-2024-01-11-210748Z
-13581786.580705011,4433993.075656204,0.7748016000000001,0.20300751879699247,2024-01-11 21:07:48+00:00,walton_lighthouse-2024-01-11-210748Z
-13581784.73463702,4433992.601857501,0.7748016000000001,0.20551378446115287,2024-01-11 21:07:48+00:00,walton_lighthouse-2024-01-11-210748Z
-13581782.888569042,4433992.128058805,0.7748016000000001,0.20802005012531327,2024-01-11 21:07:48+00:00,walton_lighthouse-2024-01-11-210748Z
-13581781.04250105,4433991.6542601045,0.7748016000000001,0.21052631578947367,2024-01-11 21:07:48+00:00,walton_lighthouse-2024-01-11-210748Z
-13581779.279542357,4433990.903109522,0.7748016000000001,0.21303258145363407,2024-01-11 21:07:48+00:00,walton_lighthouse-2024-01-11-210748Z
-13581777.784307985,4433989.258510939,0.7748016000000001,0.21553884711779447,2024-01-11 21:07:48+00:00,walton_lighthouse-2024-01-11-210748Z
-13581775.937006105,4433988.788830023,0.7748016000000001,0.21804511278195488,2024-01-11 21:07:48+00:00,walton_lighthouse-2024-01-11-210748Z
-13581774.089704202,4433988.319149106,0.7748016000000001,0.22055137844611528,2024-01-11 21:07:48+00:00,walton_lighthouse-2024-01-11-210748Z
-13581772.242402287,4433987.84946818,0.7748016000000001,0.22305764411027568,2024-01-11 21:07:48+00:00,walton_lighthouse-2024-01-11-210748Z
-13581770.395100398,4433987.379787263,0.7748016000000001,0.22556390977443608,2024-01-11 21:07:48+00:00,walton_lighthouse-2024-01-11-210748Z
-13581768.547798503,4433986.910106346,0.7748016000000001,0.22807017543859648,2024-01-11 21:07:48+00:00,walton_lighthouse-2024-01-11-210748Z
-13581767.030989422,4433985.337506803,0.7748016000000001,0.23057644110275688,2024-01-11 21:07:48+00:00,walton_lighthouse-2024-01-11-210748Z
-13581765.196596283,4433984.824746782,0.7748016000000001,0.23308270676691728,2024-01-11 21:07:48+00:00,walton_lighthouse-2024-01-11-210748Z
-13581763.348298116,4433984.358390661,0.7748016000000001,0.23558897243107768,2024-01-11 21:07:48+00:00,walton_lighthouse-2024-01-11-210748Z
-13581761.49999994,4433983.89203454,0.7748016000000001,0.23809523809523808,2024-01-11 21:07:48+00:00,walton_lighthouse-2024-01-11-210748Z
-13581759.651701732,4433983.425678405,0.7748016000000001,0.24060150375939848,2024-01-11 21:07:48+00:00,walton_lighthouse-2024-01-11-210748Z
-13581757.803403549,4433982.959322278,0.7748016000000001,0.24310776942355888,2024-01-11 21:07:48+00:00,walton_lighthouse-2024-01-11-210748Z
-13581756.296328388,4433981.3542388,0.7748016000000001,0.24561403508771928,2024-01-11 21:07:48+00:00,walton_lighthouse-2024-01-11-210748Z
-13581754.44702567,4433980.891235005,0.7748016000000001,0.24812030075187969,2024-01-11 21:07:48+00:00,walton_lighthouse-2024-01-11-210748Z
-13581752.597722936,4433980.428231203,0.7748016000000001,0.2506265664160401,2024-01-11 21:07:48+00:00,walton_lighthouse-2024-01-11-210748Z
-13581750.748420216,4433979.965227406,0.7748016000000001,0.2531328320802005,2024-01-11 21:07:48+00:00,walton_lighthouse-2024-01-11-210748Z
-13581748.899117522,4433979.502223618,0.7748016000000001,0.2556390977443609,2024-01-11 21:07:48+00:00,walton_lighthouse-2024-01-11-210748Z
-13581747.125614667,4433978.786260937,0.7748016000000001,0.2581453634085213,2024-01-11 21:07:48+00:00,walton_lighthouse-2024-01-11-210748Z
-13581745.45373642,4433977.73115722,0.7748016000000001,0.2606516290726817,2024-01-11 21:07:48+00:00,walton_lighthouse-2024-01-11-210748Z
-13581743.60367482,4433977.270685948,0.7748016000000001,0.2631578947368421,2024-01-11 21:07:48+00:00,walton_lighthouse-2024-01-11-210748Z
-13581741.75361324,4433976.810214681,0.7748016000000001,0.2656641604010025,2024-01-11 21:07:48+00:00,walton_lighthouse-2024-01-11-210748Z
-13581739.90355165,4433976.349743414,0.7748016000000001,0.2681704260651629,2024-01-11 21:07:48+00:00,walton_lighthouse-2024-01-11-210748Z
-13581738.053490026,4433975.889272133,0.7748016000000001,0.2706766917293233,2024-01-11 21:07:48+00:00,walton_lighthouse-2024-01-11-210748Z
-13581736.454417435,4433974.591201865,0.7748016000000001,0.2731829573934837,2024-01-11 21:07:48+00:00,walton_lighthouse-2024-01-11-210748Z
-13581734.603592232,4433974.133278954,0.7748016000000001,0.2756892230576441,2024-01-11 21:07:48+00:00,walton_lighthouse-2024-01-11-210748Z
-13581732.752767012,4433973.675356038,0.7748016000000001,0.2781954887218045,2024-01-11 21:07:48+00:00,walton_lighthouse-2024-01-11-210748Z
-13581730.901941787,4433973.217433118,0.7748016000000001,0.2807017543859649,2024-01-11 21:07:48+00:00,walton_lighthouse-2024-01-11-210748Z
-13581729.051116558,4433972.759510198,0.7748016000000001,0.2832080200501253,2024-01-11 21:07:48+00:00,walton_lighthouse-2024-01-11-210748Z
-13581727.401787931,4433971.62915413,0.7748016000000001,0.2857142857142857,2024-01-11 21:07:48+00:00,walton_lighthouse-2024-01-11-210748Z
-13581725.680414978,4433970.739223888,0.7748016000000001,0.2882205513784461,2024-01-11 21:07:48+00:00,walton_lighthouse-2024-01-11-210748Z
-13581723.828564128,4433970.284723651,0.7748016000000001,0.2907268170426065,2024-01-11 21:07:48+00:00,walton_lighthouse-2024-01-11-210748Z
-13581721.9767133,4433969.830223421,0.7748016000000001,0.2932330827067669,2024-01-11 21:07:48+00:00,walton_lighthouse-2024-01-11-210748Z
-13581720.124862466,4433969.375723191,0.7748016000000001,0.2957393483709273,2024-01-11 21:07:48+00:00,walton_lighthouse-2024-01-11-210748Z
-13581718.34871934,4433968.66857165,0.7748016000000001,0.2982456140350877,2024-01-11 21:07:48+00:00,walton_lighthouse-2024-01-11-210748Z
-13581716.50304246,4433968.193467664,0.7748016000000001,0.3007518796992481,2024-01-11 21:07:48+00:00,walton_lighthouse-2024-01-11-210748Z
-13581714.650933878,4433967.739827581,0.7748016000000001,0.3032581453634085,2024-01-11 21:07:48+00:00,walton_lighthouse-2024-01-11-210748Z
-13581712.798825318,4433967.286187508,0.7748016000000001,0.3057644110275689,2024-01-11 21:07:48+00:00,walton_lighthouse-2024-01-11-210748Z
-13581710.946716724,4433966.832547425,0.7748016000000001,0.3082706766917293,2024-01-11 21:07:48+00:00,walton_lighthouse-2024-01-11-210748Z
-13581709.216223456,4433965.973053398,0.7748016000000001,0.3107769423558897,2024-01-11 21:07:48+00:00,walton_lighthouse-2024-01-11-210748Z
-13581707.363727184,4433965.520707159,0.7748016000000001,0.3132832080200501,2024-01-11 21:07:48+00:00,walton_lighthouse-2024-01-11-210748Z
-13581705.511230895,4433965.068360916,0.7748016000000001,0.3157894736842105,2024-01-11 21:07:48+00:00,walton_lighthouse-2024-01-11-210748Z
-13581703.658734605,4433964.616014671,0.7748016000000001,0.3182957393483709,2024-01-11 21:07:48+00:00,walton_lighthouse-2024-01-11-210748Z
-13581701.859129615,4433963.987159873,0.7748016000000001,0.3208020050125313,2024-01-11 21:07:48+00:00,walton_lighthouse-2024-01-11-210748Z
-13581700.153986402,4433963.043067911,0.7748016000000001,0.3233082706766917,2024-01-11 21:07:48+00:00,walton_lighthouse-2024-01-11-210748Z
-13581698.300841408,4433962.59288653,0.7748016000000001,0.3258145363408521,2024-01-11 21:07:48+00:00,walton_lighthouse-2024-01-11-210748Z
-13581696.4476964,4433962.142705141,0.7748016000000001,0.3283208020050125,2024-01-11 21:07:48+00:00,walton_lighthouse-2024-01-11-210748Z
-13581694.594551416,4433961.692523761,0.7748016000000001,0.3308270676691729,2024-01-11 21:07:48+00:00,walton_lighthouse-2024-01-11-210748Z
-13581692.91062184,4433960.677637731,0.7748016000000001,0.3333333333333333,2024-01-11 21:07:48+00:00,walton_lighthouse-2024-01-11-210748Z
-13581691.086342478,4433960.131126144,0.7748016000000001,0.3358395989974937,2024-01-11 21:07:48+00:00,walton_lighthouse-2024-01-11-210748Z
-13581689.232545204,4433959.683121487,0.7748016000000001,0.3383458646616541,2024-01-11 21:07:48+00:00,walton_lighthouse-2024-01-11-210748Z
-13581687.37874795,4433959.235116833,0.7748016000000001,0.3408521303258145,2024-01-11 21:07:48+00:00,walton_lighthouse-2024-01-11-210748Z
-13581685.541827658,4433958.730790555,0.7748016000000001,0.3433583959899749,2024-01-11 21:07:48+00:00,walton_lighthouse-2024-01-11-210748Z
-13581683.828258086,4433957.814818894,0.7748016000000001,0.3458646616541353,2024-01-11 21:07:48+00:00,walton_lighthouse-2024-01-11-210748Z
-13581681.973936578,4433957.368563717,0.7748016000000001,0.3483709273182957,2024-01-11 21:07:48+00:00,walton_lighthouse-2024-01-11-210748Z
-13581680.119615082,4433956.922308547,0.7748016000000001,0.3508771929824561,2024-01-11 21:07:48+00:00,walton_lighthouse-2024-01-11-210748Z
-13581678.265293604,4433956.476053381,0.7748016000000001,0.3533834586466165,2024-01-11 21:07:48+00:00,walton_lighthouse-2024-01-11-210748Z
-13581676.605634756,4433955.380171244,0.7748016000000001,0.3558897243107769,2024-01-11 21:07:48+00:00,walton_lighthouse-2024-01-11-210748Z
-13581674.750654886,4433954.936113109,0.7748016000000001,0.3583959899749373,2024-01-11 21:07:48+00:00,walton_lighthouse-2024-01-11-210748Z
-13581672.89567504,4433954.492054981,0.7748016000000001,0.3609022556390977,2024-01-11 21:07:48+00:00,walton_lighthouse-2024-01-11-210748Z
-13581671.04069521,4433954.047996859,0.7748016000000001,0.3634085213032581,2024-01-11 21:07:48+00:00,walton_lighthouse-2024-01-11-210748Z
-13581669.31353361,4433953.177384464,0.7748016000000001,0.3659147869674185,2024-01-11 21:07:48+00:00,walton_lighthouse-2024-01-11-210748Z
-13581667.561747251,4433952.388949637,0.7748016000000001,0.3684210526315789,2024-01-11 21:07:48+00:00,walton_lighthouse-2024-01-11-210748Z
-13581665.705972675,4433951.947543649,0.7748016000000001,0.37092731829573933,2024-01-11 21:07:48+00:00,walton_lighthouse-2024-01-11-210748Z
-13581663.850198124,4433951.506137667,0.7748016000000001,0.37343358395989973,2024-01-11 21:07:48+00:00,walton_lighthouse-2024-01-11-210748Z
-13581662.010715509,4433951.010362276,0.7748016000000001,0.37593984962406013,2024-01-11 21:07:48+00:00,walton_lighthouse-2024-01-11-210748Z
-13581660.291346371,4433950.113744863,0.7748016000000001,0.37844611528822053,2024-01-11 21:07:48+00:00,walton_lighthouse-2024-01-11-210748Z
-13581658.435039178,4433949.674116391,0.7748016000000001,0.38095238095238093,2024-01-11 21:07:48+00:00,walton_lighthouse-2024-01-11-210748Z
-13581656.57873198,4433949.234487917,0.7748016000000001,0.38345864661654133,2024-01-11 21:07:48+00:00,walton_lighthouse-2024-01-11-210748Z
-13581654.73802846,4433948.742786925,0.7748016000000001,0.38596491228070173,2024-01-11 21:07:48+00:00,walton_lighthouse-2024-01-11-210748Z
-13581653.017327216,4433947.85061501,0.7748016000000001,0.38847117794486213,2024-01-11 21:07:48+00:00,walton_lighthouse-2024-01-11-210748Z
-13581651.16048512,4433947.412771639,0.7748016000000001,0.39097744360902253,2024-01-11 21:07:48+00:00,walton_lighthouse-2024-01-11-210748Z
-13581649.303643014,4433946.974928268,0.7748016000000001,0.39348370927318294,2024-01-11 21:07:48+00:00,walton_lighthouse-2024-01-11-210748Z
-13581647.493950874,4433946.379736196,0.7748016000000001,0.39598997493734334,2024-01-11 21:07:48+00:00,walton_lighthouse-2024-01-11-210748Z
-13581645.739666555,4433945.599637566,0.7748016000000001,0.39849624060150374,2024-01-11 21:07:48+00:00,walton_lighthouse-2024-01-11-210748Z
-13581643.88228726,4433945.1635869285,0.7748016000000001,0.40100250626566414,2024-01-11 21:07:48+00:00,walton_lighthouse-2024-01-11-210748Z
-13581642.02490795,4433944.727536287,0.7748016000000001,0.40350877192982454,2024-01-11 21:07:48+00:00,walton_lighthouse-2024-01-11-210748Z
-13581640.277061978,4433943.925951622,0.7748016000000001,0.40601503759398494,2024-01-11 21:07:48+00:00,walton_lighthouse-2024-01-11-210748Z
-13581638.458340976,4433943.360890679,0.7748016000000001,0.40852130325814534,2024-01-11 21:07:48+00:00,walton_lighthouse-2024-01-11-210748Z
-13581636.600422176,4433942.926640465,0.7748016000000001,0.41102756892230574,2024-01-11 21:07:48+00:00,walton_lighthouse-2024-01-11-210748Z
-13581634.742503362,4433942.492390249,0.7748016000000001,0.41353383458646614,2024-01-11 21:07:48+00:00,walton_lighthouse-2024-01-11-210748Z
-13581633.03178748,4433941.566895247,0.7748016000000001,0.41604010025062654,2024-01-11 21:07:48+00:00,walton_lighthouse-2024-01-11-210748Z
-13581631.173326854,4433941.13445319,0.7748016000000001,0.41854636591478694,2024-01-11 21:07:48+00:00,walton_lighthouse-2024-01-11-210748Z
-13581629.314866226,4433940.702011132,0.7748016000000001,0.42105263157894735,2024-01-11 21:07:48+00:00,walton_lighthouse-2024-01-11-210748Z
-13581627.456405591,4433940.269569072,0.7748016000000001,0.42355889724310775,2024-01-11 21:07:48+00:00,walton_lighthouse-2024-01-11-210748Z
-13581625.743605131,4433939.351030709,0.7748016000000001,0.42606516290726815,2024-01-11 21:07:48+00:00,walton_lighthouse-2024-01-11-210748Z
-13581623.884600349,4433938.920404591,0.7748016000000001,0.42857142857142855,2024-01-11 21:07:48+00:00,walton_lighthouse-2024-01-11-210748Z
-13581622.025595585,4433938.489778482,0.7748016000000001,0.43107769423558895,2024-01-11 21:07:48+00:00,walton_lighthouse-2024-01-11-210748Z
-13581620.294390762,4433937.632659063,0.7748016000000001,0.43358395989974935,2024-01-11 21:07:48+00:00,walton_lighthouse-2024-01-11-210748Z
-13581618.451688737,4433937.147627423,0.7748016000000001,0.43609022556390975,2024-01-11 21:07:48+00:00,walton_lighthouse-2024-01-11-210748Z
-13581616.592137448,4433936.718825087,0.7748016000000001,0.43859649122807015,2024-01-11 21:07:48+00:00,walton_lighthouse-2024-01-11-210748Z
-13581614.732586175,4433936.290022756,0.7748016000000001,0.44110275689223055,2024-01-11 21:07:48+00:00,walton_lighthouse-2024-01-11-210748Z
-13581612.944497306,4433935.622736503,0.7748016000000001,0.44360902255639095,2024-01-11 21:07:48+00:00,walton_lighthouse-2024-01-11-210748Z
-13581611.08467186,4433935.194849003,0.7748016000000001,0.44611528822055135,2024-01-11 21:07:48+00:00,walton_lighthouse-2024-01-11-210748Z
-13581609.224846436,4433934.766961511,0.7748016000000001,0.44862155388471175,2024-01-11 21:07:48+00:00,walton_lighthouse-2024-01-11-210748Z
-13581607.506759765,4433933.866064365,0.7748016000000001,0.45112781954887216,2024-01-11 21:07:48+00:00,walton_lighthouse-2024-01-11-210748Z
-13581605.646384291,4433933.440012506,0.7748016000000001,0.45363408521303256,2024-01-11 21:07:48+00:00,walton_lighthouse-2024-01-11-210748Z
-13581603.786008809,4433933.013960644,0.7748016000000001,0.45614035087719296,2024-01-11 21:07:48+00:00,walton_lighthouse-2024-01-11-210748Z
-13581602.04301478,4433932.196184096,0.7748016000000001,0.45864661654135336,2024-01-11 21:07:48+00:00,walton_lighthouse-2024-01-11-210748Z
-13581600.205401808,4433931.6941694,0.7748016000000001,0.46115288220551376,2024-01-11 21:07:48+00:00,walton_lighthouse-2024-01-11-210748Z
-13581598.344473893,4433931.269961137,0.7748016000000001,0.46365914786967416,2024-01-11 21:07:48+00:00,walton_lighthouse-2024-01-11-210748Z
-13581596.51027369,4433930.756557265,0.7748016000000001,0.46616541353383456,2024-01-11 21:07:48+00:00,walton_lighthouse-2024-01-11-210748Z
-13581594.69208695,4433930.189713491,0.7748016000000001,0.46867167919799496,2024-01-11 21:07:48+00:00,walton_lighthouse-2024-01-11-210748Z
-13581592.830881909,4433929.766430024,0.7748016000000001,0.47117794486215536,2024-01-11 21:07:48+00:00,walton_lighthouse-2024-01-11-210748Z
-13581590.99845377,4433929.247112427,0.7748016000000001,0.47368421052631576,2024-01-11 21:07:48+00:00,walton_lighthouse-2024-01-11-210748Z
-13581589.246195022,4433928.460254071,0.7748016000000001,0.47619047619047616,2024-01-11 21:07:48+00:00,walton_lighthouse-2024-01-11-210748Z
-13581587.384433957,4433928.038826248,0.7748016000000001,0.47869674185463656,2024-01-11 21:07:48+00:00,walton_lighthouse-2024-01-11-210748Z
-13581585.522672884,4433927.617398425,0.7748016000000001,0.48120300751879697,2024-01-11 21:07:48+00:00,walton_lighthouse-2024-01-11-210748Z
-13581583.729161631,4433926.968207592,0.7748016000000001,0.48370927318295737,2024-01-11 21:07:48+00:00,walton_lighthouse-2024-01-11-210748Z
-13581581.86712162,4433926.547710616,0.7748016000000001,0.48621553884711777,2024-01-11 21:07:48+00:00,walton_lighthouse-2024-01-11-210748Z
-13581580.03401174,4433926.030668225,0.7748016000000001,0.48872180451127817,2024-01-11 21:07:48+00:00,walton_lighthouse-2024-01-11-210748Z
-13581578.210601704,4433925.48125553,0.7748016000000001,0.49122807017543857,2024-01-11 21:07:48+00:00,walton_lighthouse-2024-01-11-210748Z
-13581576.348282143,4433925.061691436,0.7748016000000001,0.49373433583959897,2024-01-11 21:07:48+00:00,walton_lighthouse-2024-01-11-210748Z
-13581574.579731574,4433924.329202016,0.7748016000000001,0.49624060150375937,2024-01-11 21:07:48+00:00,walton_lighthouse-2024-01-11-210748Z
-13581572.757523537,4433923.775778068,0.7748016000000001,0.49874686716791977,2024-01-11 21:07:48+00:00,walton_lighthouse-2024-01-11-210748Z
-13581570.894643068,4433923.358085857,0.7748016000000001,0.5012531328320802,2024-01-11 21:07:48+00:00,walton_lighthouse-2024-01-11-210748Z
-13581569.143049655,4433922.569007096,0.7748016000000001,0.5037593984962405,2024-01-11 21:07:48+00:00,walton_lighthouse-2024-01-11-210748Z
-13581567.36826598,4433921.857318833,0.7748016000000001,0.506265664160401,2024-01-11 21:07:48+00:00,walton_lighthouse-2024-01-11-210748Z
-13581565.50453953,4433921.442449843,0.7748016000000001,0.5087719298245614,2024-01-11 21:07:48+00:00,walton_lighthouse-2024-01-11-210748Z
-13581563.723246789,4433920.752483571,0.7748016000000001,0.5112781954887218,2024-01-11 21:07:48+00:00,walton_lighthouse-2024-01-11-210748Z
-13581561.909038303,4433920.172363447,0.7748016000000001,0.5137844611528821,2024-01-11 21:07:48+00:00,walton_lighthouse-2024-01-11-210748Z
-13581560.044744762,4433919.75938694,0.7748016000000001,0.5162907268170426,2024-01-11 21:07:48+00:00,walton_lighthouse-2024-01-11-210748Z
-13581558.311845088,4433918.90792369,0.7748016000000001,0.518796992481203,2024-01-11 21:07:48+00:00,walton_lighthouse-2024-01-11-210748Z
-13581556.446981946,4433918.496848007,0.7748016000000001,0.5213032581453634,2024-01-11 21:07:48+00:00,walton_lighthouse-2024-01-11-210748Z
-13581554.5821188,4433918.085772319,0.7748016000000001,0.5238095238095237,2024-01-11 21:07:48+00:00,walton_lighthouse-2024-01-11-210748Z
-13581552.7823127,4433917.457588706,0.7748016000000001,0.5263157894736842,2024-01-11 21:07:48+00:00,walton_lighthouse-2024-01-11-210748Z
-13581550.917163849,4433917.047466586,0.7748016000000001,0.5288220551378446,2024-01-11 21:07:48+00:00,walton_lighthouse-2024-01-11-210748Z
-13581549.091183238,4433916.506632417,0.7748016000000001,0.531328320802005,2024-01-11 21:07:48+00:00,walton_lighthouse-2024-01-11-210748Z
-13581547.25120765,4433916.012502086,0.7748016000000001,0.5338345864661653,2024-01-11 21:07:48+00:00,walton_lighthouse-2024-01-11-210748Z
-13581545.38577243,4433915.603335628,0.7748016000000001,0.5363408521303258,2024-01-11 21:07:48+00:00,walton_lighthouse-2024-01-11-210748Z
-13581543.64829811,4433914.76713877,0.7748016000000001,0.5388471177944862,2024-01-11 21:07:48+00:00,walton_lighthouse-2024-01-11-210748Z
-13581541.782288233,4433914.359889964,0.7748016000000001,0.5413533834586466,2024-01-11 21:07:48+00:00,walton_lighthouse-2024-01-11-210748Z
-13581539.923935642,4433913.927087362,0.7748016000000001,0.5438596491228069,2024-01-11 21:07:48+00:00,walton_lighthouse-2024-01-11-210748Z
-13581538.113596724,4433913.334053827,0.7748016000000001,0.5463659147869674,2024-01-11 21:07:48+00:00,walton_lighthouse-2024-01-11-210748Z
-13581536.247298583,4433912.927767049,0.7748016000000001,0.5488721804511278,2024-01-11 21:07:48+00:00,walton_lighthouse-2024-01-11-210748Z
-13581534.38100043,4433912.521480262,0.7748016000000001,0.5513784461152882,2024-01-11 21:07:48+00:00,walton_lighthouse-2024-01-11-210748Z
-13581532.51470229,4433912.115193482,0.7748016000000001,0.5538847117794485,2024-01-11 21:07:48+00:00,walton_lighthouse-2024-01-11-210748Z
-13581530.648404172,4433911.708906709,0.7748016000000001,0.556390977443609,2024-01-11 21:07:48+00:00,walton_lighthouse-2024-01-11-210748Z
-13581528.782106023,4433911.302619926,0.7748016000000001,0.5588972431077694,2024-01-11 21:07:48+00:00,walton_lighthouse-2024-01-11-210748Z
-13581526.977543049,4433910.690310874,0.7748016000000001,0.5614035087719298,2024-01-11 21:07:48+00:00,walton_lighthouse-2024-01-11-210748Z
-13581525.110955996,4433910.284988245,0.7748016000000001,0.5639097744360901,2024-01-11 21:07:48+00:00,walton_lighthouse-2024-01-11-210748Z
-13581523.29326299,4433909.716496763,0.7748016000000001,0.5664160401002506,2024-01-11 21:07:48+00:00,walton_lighthouse-2024-01-11-210748Z
-13581521.438785486,4433909.270762258,0.7748016000000001,0.568922305764411,2024-01-11 21:07:48+00:00,walton_lighthouse-2024-01-11-210748Z
-13581519.571908858,4433908.866405913,0.7748016000000001,0.5714285714285714,2024-01-11 21:07:48+00:00,walton_lighthouse-2024-01-11-210748Z
-13581517.82628449,4433908.057407353,0.7748016000000001,0.5739348370927317,2024-01-11 21:07:48+00:00,walton_lighthouse-2024-01-11-210748Z
-13581515.958826864,4433907.654990056,0.7748016000000001,0.5764411027568922,2024-01-11 21:07:48+00:00,walton_lighthouse-2024-01-11-210748Z
-13581514.151614916,4433907.051521202,0.7748016000000001,0.5789473684210527,2024-01-11 21:07:48+00:00,walton_lighthouse-2024-01-11-210748Z
-13581512.283865778,4433906.650076654,0.7748016000000001,0.581453634085213,2024-01-11 21:07:48+00:00,walton_lighthouse-2024-01-11-210748Z
-13581510.475912388,4433906.049082096,0.7748016000000001,0.5839598997493733,2024-01-11 21:07:48+00:00,walton_lighthouse-2024-01-11-210748Z
-13581508.607871134,4433905.648612481,0.7748016000000001,0.5864661654135338,2024-01-11 21:07:48+00:00,walton_lighthouse-2024-01-11-210748Z
-13581506.739829862,4433905.248142861,0.7748016000000001,0.5889724310776943,2024-01-11 21:07:48+00:00,walton_lighthouse-2024-01-11-210748Z
-13581504.87178858,4433904.847673234,0.7748016000000001,0.5914786967418546,2024-01-11 21:07:48+00:00,walton_lighthouse-2024-01-11-210748Z
-13581503.062505385,4433904.251116558,0.7748016000000001,0.593984962406015,2024-01-11 21:07:48+00:00,walton_lighthouse-2024-01-11-210748Z
-13581501.194171328,4433903.851624041,0.7748016000000001,0.5964912280701754,2024-01-11 21:07:48+00:00,walton_lighthouse-2024-01-11-210748Z
-13581499.32583727,4433903.452131521,0.7748016000000001,0.5989974937343359,2024-01-11 21:07:48+00:00,walton_lighthouse-2024-01-11-210748Z
-13581497.457503194,4433903.0526389945,0.7748016000000001,0.6015037593984962,2024-01-11 21:07:48+00:00,walton_lighthouse-2024-01-11-210748Z
-13581495.704729447,4433902.267499291,0.7748016000000001,0.6040100250626566,2024-01-11 21:07:48+00:00,walton_lighthouse-2024-01-11-210748Z
-13581493.835807864,4433901.869967542,0.7748016000000001,0.606516290726817,2024-01-11 21:07:48+00:00,walton_lighthouse-2024-01-11-210748Z
-13581491.966886248,4433901.472435776,0.7748016000000001,0.6090225563909775,2024-01-11 21:07:48+00:00,walton_lighthouse-2024-01-11-210748Z
-13581490.097964626,4433901.0749040125,0.7748016000000001,0.6115288220551378,2024-01-11 21:07:48+00:00,walton_lighthouse-2024-01-11-210748Z
-13581488.285838269,4433900.487835535,0.7748016000000001,0.6140350877192982,2024-01-11 21:07:48+00:00,walton_lighthouse-2024-01-11-210748Z
-13581486.4166219,4433900.091287454,0.7748016000000001,0.6165413533834586,2024-01-11 21:07:48+00:00,walton_lighthouse-2024-01-11-210748Z
-13581484.603737272,4433899.506749401,0.7748016000000001,0.6190476190476191,2024-01-11 21:07:48+00:00,walton_lighthouse-2024-01-11-210748Z
-13581482.77274264,4433898.982647928,0.7748016000000001,0.6215538847117794,2024-01-11 21:07:48+00:00,walton_lighthouse-2024-01-11-210748Z
-13581480.92057973,4433898.5291892085,0.7748016000000001,0.6240601503759398,2024-01-11 21:07:48+00:00,walton_lighthouse-2024-01-11-210748Z
-13581479.050771851,4433898.134615101,0.7748016000000001,0.6265664160401002,2024-01-11 21:07:48+00:00,walton_lighthouse-2024-01-11-210748Z
-13581477.18096396,4433897.740040985,0.7748016000000001,0.6290726817042607,2024-01-11 21:07:48+00:00,walton_lighthouse-2024-01-11-210748Z
-13581475.311156092,4433897.345466879,0.7748016000000001,0.631578947368421,2024-01-11 21:07:48+00:00,walton_lighthouse-2024-01-11-210748Z
-13581473.44134822,4433896.950892771,0.7748016000000001,0.6340852130325814,2024-01-11 21:07:48+00:00,walton_lighthouse-2024-01-11-210748Z
-13581471.571540346,4433896.556318661,0.7748016000000001,0.6365914786967418,2024-01-11 21:07:48+00:00,walton_lighthouse-2024-01-11-210748Z
-13581469.701732457,4433896.161744542,0.7748016000000001,0.6390977443609023,2024-01-11 21:07:48+00:00,walton_lighthouse-2024-01-11-210748Z
-13581467.836279346,4433895.752637734,0.7748016000000001,0.6416040100250626,2024-01-11 21:07:48+00:00,walton_lighthouse-2024-01-11-210748Z
-13581466.015734306,4433895.19366407,0.7748016000000001,0.644110275689223,2024-01-11 21:07:48+00:00,walton_lighthouse-2024-01-11-210748Z
-13581464.199070465,4433894.621737977,0.7748016000000001,0.6466165413533834,2024-01-11 21:07:48+00:00,walton_lighthouse-2024-01-11-210748Z
-13581462.328668404,4433894.229146715,0.7748016000000001,0.6491228070175439,2024-01-11 21:07:48+00:00,walton_lighthouse-2024-01-11-210748Z
-13581460.511231348,4433893.659801019,0.7748016000000001,0.6516290726817042,2024-01-11 21:07:48+00:00,walton_lighthouse-2024-01-11-210748Z
-13581458.640531233,4433893.2682045465,0.7748016000000001,0.6541353383458646,2024-01-11 21:07:48+00:00,walton_lighthouse-2024-01-11-210748Z
-13581456.769831108,4433892.876608075,0.7748016000000001,0.656641604010025,2024-01-11 21:07:48+00:00,walton_lighthouse-2024-01-11-210748Z
-13581454.951319093,4433892.310849637,0.7748016000000001,0.6591478696741855,2024-01-11 21:07:48+00:00,walton_lighthouse-2024-01-11-210748Z
-13581453.10199758,4433891.847908554,0.7748016000000001,0.6616541353383458,2024-01-11 21:07:48+00:00,walton_lighthouse-2024-01-11-210748Z
-13581451.261028407,4433891.357094152,0.7748016000000001,0.6641604010025062,2024-01-11 21:07:48+00:00,walton_lighthouse-2024-01-11-210748Z
-13581449.441253915,4433890.795548933,0.7748016000000001,0.6666666666666666,2024-01-11 21:07:48+00:00,walton_lighthouse-2024-01-11-210748Z
-13581447.569655472,4433890.406950275,0.7748016000000001,0.6691729323308271,2024-01-11 21:07:48+00:00,walton_lighthouse-2024-01-11-210748Z
-13581445.698057022,4433890.018351616,0.7748016000000001,0.6716791979949874,2024-01-11 21:07:48+00:00,walton_lighthouse-2024-01-11-210748Z
-13581443.877196644,4433889.460430276,0.7748016000000001,0.6741854636591478,2024-01-11 21:07:48+00:00,walton_lighthouse-2024-01-11-210748Z
-13581442.055848915,4433888.904135251,0.7748016000000001,0.6766917293233082,2024-01-11 21:07:48+00:00,walton_lighthouse-2024-01-11-210748Z
-13581440.1836482,4433888.517546455,0.7748016000000001,0.6791979949874687,2024-01-11 21:07:48+00:00,walton_lighthouse-2024-01-11-210748Z
-13581438.311447509,4433888.130957669,0.7748016000000001,0.681704260651629,2024-01-11 21:07:48+00:00,walton_lighthouse-2024-01-11-210748Z
-13581436.439246813,4433887.744368881,0.7748016000000001,0.6842105263157894,2024-01-11 21:07:48+00:00,walton_lighthouse-2024-01-11-210748Z
-13581434.567046111,4433887.357780092,0.7748016000000001,0.6867167919799498,2024-01-11 21:07:48+00:00,walton_lighthouse-2024-01-11-210748Z
-13581432.694845391,4433886.971191296,0.7748016000000001,0.6892230576441103,2024-01-11 21:07:48+00:00,walton_lighthouse-2024-01-11-210748Z
-13581430.822644709,4433886.584602513,0.7748016000000001,0.6917293233082706,2024-01-11 21:07:48+00:00,walton_lighthouse-2024-01-11-210748Z
-13581428.950444017,4433886.1980137285,0.7748016000000001,0.694235588972431,2024-01-11 21:07:48+00:00,walton_lighthouse-2024-01-11-210748Z
-13581427.126492186,4433885.650409007,0.7748016000000001,0.6967418546365914,2024-01-11 21:07:48+00:00,walton_lighthouse-2024-01-11-210748Z
-13581425.302044924,4433885.104457729,0.7748016000000001,0.6992481203007519,2024-01-11 21:07:48+00:00,walton_lighthouse-2024-01-11-210748Z
-13581423.42923924,4433884.719887937,0.7748016000000001,0.7017543859649122,2024-01-11 21:07:48+00:00,walton_lighthouse-2024-01-11-210748Z
-13581421.556433544,4433884.33531814,0.7748016000000001,0.7042606516290726,2024-01-11 21:07:48+00:00,walton_lighthouse-2024-01-11-210748Z
-13581419.73088207,4433883.793051807,0.7748016000000001,0.706766917293233,2024-01-11 21:07:48+00:00,walton_lighthouse-2024-01-11-210748Z
-13581417.8813016,4433883.330974878,0.7748016000000001,0.7092731829573935,2024-01-11 21:07:48+00:00,walton_lighthouse-2024-01-11-210748Z
-13581416.031416938,4433882.869913203,0.7748016000000001,0.7117794486215538,2024-01-11 21:07:48+00:00,walton_lighthouse-2024-01-11-210748Z
-13581414.158003489,4433882.487371585,0.7748016000000001,0.7142857142857142,2024-01-11 21:07:48+00:00,walton_lighthouse-2024-01-11-210748Z
-13581412.284590026,4433882.1048299605,0.7748016000000001,0.7167919799498746,2024-01-11 21:07:48+00:00,walton_lighthouse-2024-01-11-210748Z
-13581410.411176588,4433881.722288346,0.7748016000000001,0.7192982456140351,2024-01-11 21:07:48+00:00,walton_lighthouse-2024-01-11-210748Z
-13581408.583403312,4433881.1874366375,0.7748016000000001,0.7218045112781954,2024-01-11 21:07:48+00:00,walton_lighthouse-2024-01-11-210748Z
-13581406.709684951,4433880.805912575,0.7748016000000001,0.7243107769423558,2024-01-11 21:07:48+00:00,walton_lighthouse-2024-01-11-210748Z
-13581404.835966574,4433880.424388507,0.7748016000000001,0.7268170426065163,2024-01-11 21:07:48+00:00,walton_lighthouse-2024-01-11-210748Z
-13581402.962248212,4433880.042864447,0.7748016000000001,0.7293233082706767,2024-01-11 21:07:48+00:00,walton_lighthouse-2024-01-11-210748Z
-13581401.053116592,4433879.779521387,0.7748016000000001,0.731829573934837,2024-01-11 21:07:48+00:00,walton_lighthouse-2024-01-11-210748Z
-13581399.170695905,4433879.427038647,0.7748016000000001,0.7343358395989974,2024-01-11 21:07:48+00:00,walton_lighthouse-2024-01-11-210748Z
-13581397.29728244,4433879.0444970215,0.7748016000000001,0.7368421052631579,2024-01-11 21:07:48+00:00,walton_lighthouse-2024-01-11-210748Z
-13581395.467374764,4433878.516768197,0.7748016000000001,0.7393483709273183,2024-01-11 21:07:48+00:00,walton_lighthouse-2024-01-11-210748Z
-13581393.59365642,4433878.135244138,0.7748016000000001,0.7418546365914787,2024-01-11 21:07:48+00:00,walton_lighthouse-2024-01-11-210748Z
-13581391.719938068,4433877.7537200805,0.7748016000000001,0.744360902255639,2024-01-11 21:07:48+00:00,walton_lighthouse-2024-01-11-210748Z
-13581389.84621968,4433877.372196008,0.7748016000000001,0.7468671679197995,2024-01-11 21:07:48+00:00,walton_lighthouse-2024-01-11-210748Z
-13581387.999747444,4433876.899746345,0.7748016000000001,0.7493734335839599,2024-01-11 21:07:48+00:00,walton_lighthouse-2024-01-11-210748Z
-13581386.140859926,4433876.468728936,0.7748016000000001,0.7518796992481203,2024-01-11 21:07:48+00:00,walton_lighthouse-2024-01-11-210748Z
-13581384.266835958,4433876.08822475,0.7748016000000001,0.7543859649122806,2024-01-11 21:07:48+00:00,walton_lighthouse-2024-01-11-210748Z
-13581382.392811969,4433875.707720558,0.7748016000000001,0.7568922305764411,2024-01-11 21:07:48+00:00,walton_lighthouse-2024-01-11-210748Z
-13581380.518788,4433875.327216371,0.7748016000000001,0.7593984962406015,2024-01-11 21:07:48+00:00,walton_lighthouse-2024-01-11-210748Z
-13581378.627493972,4433875.004345814,0.7748016000000001,0.7619047619047619,2024-01-11 21:07:48+00:00,walton_lighthouse-2024-01-11-210748Z
-13581376.730191166,4433874.701527579,0.7748016000000001,0.7644110275689222,2024-01-11 21:07:48+00:00,walton_lighthouse-2024-01-11-210748Z
-13581374.856472788,4433874.320003512,0.7748016000000001,0.7669172932330827,2024-01-11 21:07:48+00:00,walton_lighthouse-2024-01-11-210748Z
-13581372.98275444,4433873.938479456,0.7748016000000001,0.7694235588972431,2024-01-11 21:07:48+00:00,walton_lighthouse-2024-01-11-210748Z
-13581371.10903608,4433873.556955395,0.7748016000000001,0.7719298245614035,2024-01-11 21:07:48+00:00,walton_lighthouse-2024-01-11-210748Z
-13581369.196080726,4433873.306372761,0.7748016000000001,0.7744360902255638,2024-01-11 21:07:48+00:00,walton_lighthouse-2024-01-11-210748Z
-13581367.322667263,4433872.923831142,0.7748016000000001,0.7769423558897243,2024-01-11 21:07:48+00:00,walton_lighthouse-2024-01-11-210748Z
-13581365.449253837,4433872.541289531,0.7748016000000001,0.7794486215538847,2024-01-11 21:07:48+00:00,walton_lighthouse-2024-01-11-210748Z
-13581363.565205514,4433872.194238544,0.7748016000000001,0.7819548872180451,2024-01-11 21:07:48+00:00,walton_lighthouse-2024-01-11-210748Z
-13581361.664495995,4433871.902789141,0.7748016000000001,0.7844611528822054,2024-01-11 21:07:48+00:00,walton_lighthouse-2024-01-11-210748Z
-13581359.826264812,4433871.402837527,0.7748016000000001,0.7869674185463659,2024-01-11 21:07:48+00:00,walton_lighthouse-2024-01-11-210748Z
-13581357.918277558,4433871.135675428,0.7748016000000001,0.7894736842105263,2024-01-11 21:07:48+00:00,walton_lighthouse-2024-01-11-210748Z
-13581356.044659069,4433870.753818082,0.7748016000000001,0.7919799498746867,2024-01-11 21:07:48+00:00,walton_lighthouse-2024-01-11-210748Z
-13581354.135428395,4433870.490805417,0.7748016000000001,0.794486215538847,2024-01-11 21:07:48+00:00,walton_lighthouse-2024-01-11-210748Z
-13581352.262622695,4433870.106235621,0.7748016000000001,0.7969924812030075,2024-01-11 21:07:48+00:00,walton_lighthouse-2024-01-11-210748Z
-13581350.389817026,4433869.721665835,0.7748016000000001,0.7994987468671679,2024-01-11 21:07:48+00:00,walton_lighthouse-2024-01-11-210748Z
-13581348.517011316,4433869.337096035,0.7748016000000001,0.8020050125313283,2024-01-11 21:07:48+00:00,walton_lighthouse-2024-01-11-210748Z
-13581346.644205602,4433868.952526229,0.7748016000000001,0.8045112781954886,2024-01-11 21:07:48+00:00,walton_lighthouse-2024-01-11-210748Z
-13581344.771399904,4433868.567956432,0.7748016000000001,0.8070175438596491,2024-01-11 21:07:48+00:00,walton_lighthouse-2024-01-11-210748Z
-13581342.898594225,4433868.18338664,0.7748016000000001,0.8095238095238095,2024-01-11 21:07:48+00:00,walton_lighthouse-2024-01-11-210748Z
-13581341.025788536,4433867.798816848,0.7748016000000001,0.8120300751879699,2024-01-11 21:07:48+00:00,walton_lighthouse-2024-01-11-210748Z
-13581339.18718526,4433867.300106822,0.7748016000000001,0.8145363408521302,2024-01-11 21:07:48+00:00,walton_lighthouse-2024-01-11-210748Z
-13581337.297328493,4433866.972439755,0.7748016000000001,0.8170426065162907,2024-01-11 21:07:48+00:00,walton_lighthouse-2024-01-11-210748Z
-13581335.407371432,4433866.645107449,0.7748016000000001,0.8195488721804511,2024-01-11 21:07:48+00:00,walton_lighthouse-2024-01-11-210748Z
-13581333.567857595,4433866.149436248,0.7748016000000001,0.8220551378446115,2024-01-11 21:07:48+00:00,walton_lighthouse-2024-01-11-210748Z
-13581331.694748364,4433865.765879384,0.7748016000000001,0.8245614035087718,2024-01-11 21:07:48+00:00,walton_lighthouse-2024-01-11-210748Z
-13581329.8543983,4433865.272998792,0.7748016000000001,0.8270676691729323,2024-01-11 21:07:48+00:00,walton_lighthouse-2024-01-11-210748Z
-13581327.98098487,4433864.89045718,0.7748016000000001,0.8295739348370927,2024-01-11 21:07:48+00:00,walton_lighthouse-2024-01-11-210748Z
-13581326.10757142,4433864.507915564,0.7748016000000001,0.8320802005012531,2024-01-11 21:07:48+00:00,walton_lighthouse-2024-01-11-210748Z
-13581324.234157955,4433864.125373939,0.7748016000000001,0.8345864661654134,2024-01-11 21:07:48+00:00,walton_lighthouse-2024-01-11-210748Z
-13581322.329202222,4433863.848095086,0.7748016000000001,0.8370927318295739,2024-01-11 21:07:48+00:00,walton_lighthouse-2024-01-11-210748Z
-13581320.428010704,4433863.558254296,0.7748016000000001,0.8395989974937343,2024-01-11 21:07:48+00:00,walton_lighthouse-2024-01-11-210748Z
-13581318.47757038,4433863.432766302,0.7748016000000001,0.8421052631578947,2024-01-11 21:07:48+00:00,walton_lighthouse-2024-01-11-210748Z
-13581316.52404518,4433863.317573073,0.7748016000000001,0.844611528822055,2024-01-11 21:07:48+00:00,walton_lighthouse-2024-01-11-210748Z
-13581314.532471316,4433863.329355752,0.7748016000000001,0.8471177944862155,2024-01-11 21:07:48+00:00,walton_lighthouse-2024-01-11-210748Z
-13581312.542008571,4433863.337430375,0.7748016000000001,0.849624060150376,2024-01-11 21:07:48+00:00,walton_lighthouse-2024-01-11-210748Z
-13581310.526599074,4433863.428757001,0.7748016000000001,0.8521303258145363,2024-01-11 21:07:48+00:00,walton_lighthouse-2024-01-11-210748Z
-13581308.529662976,4433863.458434424,0.7748016000000001,0.8546365914786966,2024-01-11 21:07:48+00:00,walton_lighthouse-2024-01-11-210748Z
-13581306.534876814,4433863.480937155,0.7748016000000001,0.8571428571428571,2024-01-11 21:07:48+00:00,walton_lighthouse-2024-01-11-210748Z
-13581304.556239698,4433863.449547331,0.7748016000000001,0.8596491228070176,2024-01-11 21:07:48+00:00,walton_lighthouse-2024-01-11-210748Z
-13581302.692194672,4433863.035741438,0.7748016000000001,0.8621553884711779,2024-01-11 21:07:48+00:00,walton_lighthouse-2024-01-11-210748Z
-13581300.775406562,4433862.797949439,0.7748016000000001,0.8646616541353382,2024-01-11 21:07:48+00:00,walton_lighthouse-2024-01-11-210748Z
-13581298.862668522,4433862.546641683,0.7748016000000001,0.8671679197994987,2024-01-11 21:07:48+00:00,walton_lighthouse-2024-01-11-210748Z
-13581296.988793358,4433862.165640895,0.7748016000000001,0.8696741854636592,2024-01-11 21:07:48+00:00,walton_lighthouse-2024-01-11-210748Z
-13581295.1334258,4433861.722876576,0.7748016000000001,0.8721804511278195,2024-01-11 21:07:48+00:00,walton_lighthouse-2024-01-11-210748Z
-13581293.365278842,4433860.989040307,0.7748016000000001,0.8746867167919798,2024-01-11 21:07:48+00:00,walton_lighthouse-2024-01-11-210748Z
-13581291.58622214,4433860.29161195,0.7748016000000001,0.8771929824561403,2024-01-11 21:07:48+00:00,walton_lighthouse-2024-01-11-210748Z
-13581289.870955974,4433859.381302185,0.7748016000000001,0.8796992481203008,2024-01-11 21:07:48+00:00,walton_lighthouse-2024-01-11-210748Z
-13581288.104074672,4433858.643242064,0.7748016000000001,0.8822055137844611,2024-01-11 21:07:48+00:00,walton_lighthouse-2024-01-11-210748Z
-13581286.335754337,4433857.909984347,0.7748016000000001,0.8847117794486214,2024-01-11 21:07:48+00:00,walton_lighthouse-2024-01-11-210748Z
-13581284.591268089,4433857.097187772,0.7748016000000001,0.8872180451127819,2024-01-11 21:07:48+00:00,walton_lighthouse-2024-01-11-210748Z
-13581282.824901786,4433856.3574090265,0.7748016000000001,0.8897243107769424,2024-01-11 21:07:48+00:00,walton_lighthouse-2024-01-11-210748Z
-13581281.06622785,4433855.591959335,0.7748016000000001,0.8922305764411027,2024-01-11 21:07:48+00:00,walton_lighthouse-2024-01-11-210748Z
-13581279.272235196,4433854.94437512,0.7748016000000001,0.894736842105263,2024-01-11 21:07:48+00:00,walton_lighthouse-2024-01-11-210748Z
-13581277.423117995,4433854.480752278,0.7748016000000001,0.8972431077694235,2024-01-11 21:07:48+00:00,walton_lighthouse-2024-01-11-210748Z
-13581275.62170264,4433853.8579391055,0.7748016000000001,0.899749373433584,2024-01-11 21:07:48+00:00,walton_lighthouse-2024-01-11-210748Z
-13581273.747065326,4433853.479481653,0.7748016000000001,0.9022556390977443,2024-01-11 21:07:48+00:00,walton_lighthouse-2024-01-11-210748Z
-13581271.708755076,4433853.64723265,0.7748016000000001,0.9047619047619047,2024-01-11 21:07:48+00:00,walton_lighthouse-2024-01-11-210748Z
-13581269.265564334,4433855.166148429,0.7748016000000001,0.9072681704260651,2024-01-11 21:07:48+00:00,walton_lighthouse-2024-01-11-210748Z
-13581266.325762471,4433858.342351768,0.7748016000000001,0.9097744360902256,2024-01-11 21:07:48+00:00,walton_lighthouse-2024-01-11-210748Z
-13581266.325762471,4433858.342351768,0.7748016000000001,0.9122807017543859,2024-01-11 21:07:48+00:00,walton_lighthouse-2024-01-11-210748Z
-13581266.325762471,4433858.342351768,0.7748016000000001,0.9147869674185463,2024-01-11 21:07:48+00:00,walton_lighthouse-2024-01-11-210748Z
-13581266.325762471,4433858.342351768,0.7748016000000001,0.9172932330827067,2024-01-11 21:07:48+00:00,walton_lighthouse-2024-01-11-210748Z
-13581266.325762471,4433858.342351768,0.7748016000000001,0.9197994987468672,2024-01-11 21:07:48+00:00,walton_lighthouse-2024-01-11-210748Z
-13581266.325762471,4433858.342351768,0.7748016000000001,0.9223057644110275,2024-01-11 21:07:48+00:00,walton_lighthouse-2024-01-11-210748Z
-13581266.325762471,4433858.342351768,0.7748016000000001,0.9248120300751879,2024-01-11 21:07:48+00:00,walton_lighthouse-2024-01-11-210748Z
-13581266.325762471,4433858.342351768,0.7748016000000001,0.9273182957393483,2024-01-11 21:07:48+00:00,walton_lighthouse-2024-01-11-210748Z
-13581266.325762471,4433858.342351768,0.7748016000000001,0.9298245614035088,2024-01-11 21:07:48+00:00,walton_lighthouse-2024-01-11-210748Z
-13581266.325762471,4433858.342351768,0.7748016000000001,0.9323308270676691,2024-01-11 21:07:48+00:00,walton_lighthouse-2024-01-11-210748Z
-13581266.325762471,4433858.342351768,0.7748016000000001,0.9348370927318295,2024-01-11 21:07:48+00:00,walton_lighthouse-2024-01-11-210748Z
-13581266.325762471,4433858.342351768,0.7748016000000001,0.9373433583959899,2024-01-11 21:07:48+00:00,walton_lighthouse-2024-01-11-210748Z
-13581266.325762471,4433858.342351768,0.7748016000000001,0.9398496240601504,2024-01-11 21:07:48+00:00,walton_lighthouse-2024-01-11-210748Z
-13581266.325762471,4433858.342351768,0.7748016000000001,0.9423558897243107,2024-01-11 21:07:48+00:00,walton_lighthouse-2024-01-11-210748Z
-13581266.325762471,4433858.342351768,0.7748016000000001,0.9448621553884711,2024-01-11 21:07:48+00:00,walton_lighthouse-2024-01-11-210748Z
-13581266.325762471,4433858.342351768,0.7748016000000001,0.9473684210526315,2024-01-11 21:07:48+00:00,walton_lighthouse-2024-01-11-210748Z
-13581266.325762471,4433858.342351768,0.7748016000000001,0.949874686716792,2024-01-11 21:07:48+00:00,walton_lighthouse-2024-01-11-210748Z
-13581266.325762471,4433858.342351768,0.7748016000000001,0.9523809523809523,2024-01-11 21:07:48+00:00,walton_lighthouse-2024-01-11-210748Z
-13581266.325762471,4433858.342351768,0.7748016000000001,0.9548872180451127,2024-01-11 21:07:48+00:00,walton_lighthouse-2024-01-11-210748Z
-13581266.325762471,4433858.342351768,0.7748016000000001,0.9573934837092731,2024-01-11 21:07:48+00:00,walton_lighthouse-2024-01-11-210748Z
-13581266.325762471,4433858.342351768,0.7748016000000001,0.9598997493734336,2024-01-11 21:07:48+00:00,walton_lighthouse-2024-01-11-210748Z
-13581266.325762471,4433858.342351768,0.7748016000000001,0.9624060150375939,2024-01-11 21:07:48+00:00,walton_lighthouse-2024-01-11-210748Z
-13581266.325762471,4433858.342351768,0.7748016000000001,0.9649122807017543,2024-01-11 21:07:48+00:00,walton_lighthouse-2024-01-11-210748Z
-13581266.325762471,4433858.342351768,0.7748016000000001,0.9674185463659147,2024-01-11 21:07:48+00:00,walton_lighthouse-2024-01-11-210748Z
-13581266.325762471,4433858.342351768,0.7748016000000001,0.9699248120300752,2024-01-11 21:07:48+00:00,walton_lighthouse-2024-01-11-210748Z
-13581266.325762471,4433858.342351768,0.7748016000000001,0.9724310776942355,2024-01-11 21:07:48+00:00,walton_lighthouse-2024-01-11-210748Z
-13581266.325762471,4433858.342351768,0.7748016000000001,0.9749373433583959,2024-01-11 21:07:48+00:00,walton_lighthouse-2024-01-11-210748Z
-13581266.325762471,4433858.342351768,0.7748016000000001,0.9774436090225563,2024-01-11 21:07:48+00:00,walton_lighthouse-2024-01-11-210748Z
-13581266.325762471,4433858.342351768,0.7748016000000001,0.9799498746867168,2024-01-11 21:07:48+00:00,walton_lighthouse-2024-01-11-210748Z
-13581266.325762471,4433858.342351768,0.7748016000000001,0.9824561403508771,2024-01-11 21:07:48+00:00,walton_lighthouse-2024-01-11-210748Z
-13581266.325762471,4433858.342351768,0.7748016000000001,0.9849624060150375,2024-01-11 21:07:48+00:00,walton_lighthouse-2024-01-11-210748Z
-13581266.325762471,4433858.342351768,0.7748016000000001,0.9874686716791979,2024-01-11 21:07:48+00:00,walton_lighthouse-2024-01-11-210748Z
-13581266.325762471,4433858.342351768,0.7748016000000001,0.9899749373433584,2024-01-11 21:07:48+00:00,walton_lighthouse-2024-01-11-210748Z
-13581266.325762471,4433858.342351768,0.7748016000000001,0.9924812030075187,2024-01-11 21:07:48+00:00,walton_lighthouse-2024-01-11-210748Z
-13581266.325762471,4433858.342351768,0.7748016000000001,0.9949874686716791,2024-01-11 21:07:48+00:00,walton_lighthouse-2024-01-11-210748Z
-13581266.325762471,4433858.342351768,0.7748016000000001,0.9974937343358395,2024-01-11 21:07:48+00:00,walton_lighthouse-2024-01-11-210748Z
-13581266.325762471,4433858.342351768,0.7748016000000001,1.0,2024-01-11 21:07:48+00:00,walton_lighthouse-2024-01-11-210748Z
-13581920.313587552,4434084.176426606,0.5798312,0.0,2024-01-11 21:27:48+00:00,walton_lighthouse-2024-01-11-212748Z
-13581918.503615664,4434083.582168236,0.5798312,0.002506265664160401,2024-01-11 21:27:48+00:00,walton_lighthouse-2024-01-11-212748Z
-13581916.693643766,4434082.987909866,0.5798312,0.005012531328320802,2024-01-11 21:27:48+00:00,walton_lighthouse-2024-01-11-212748Z
-13581914.88367184,4434082.393651485,0.5798312,0.007518796992481203,2024-01-11 21:27:48+00:00,walton_lighthouse-2024-01-11-212748Z
-13581913.139404915,4434081.580122869,0.5798312,0.010025062656641603,2024-01-11 21:27:48+00:00,walton_lighthouse-2024-01-11-212748Z
-13581911.68283566,4434079.806491492,0.5798312,0.012531328320802004,2024-01-11 21:27:48+00:00,walton_lighthouse-2024-01-11-212748Z
-13581910.225887224,4434078.034125301,0.5798312,0.015037593984962405,2024-01-11 21:27:48+00:00,walton_lighthouse-2024-01-11-212748Z
-13581908.414126644,4434077.44583601,0.5798312,0.017543859649122806,2024-01-11 21:27:48+00:00,walton_lighthouse-2024-01-11-212748Z
-13581906.60236609,4434076.857546728,0.5798312,0.020050125313283207,2024-01-11 21:27:48+00:00,walton_lighthouse-2024-01-11-212748Z
-13581904.790605564,4434076.269257452,0.5798312,0.022556390977443608,2024-01-11 21:27:48+00:00,walton_lighthouse-2024-01-11-212748Z
-13581902.978845024,4434075.680968176,0.5798312,0.02506265664160401,2024-01-11 21:27:48+00:00,walton_lighthouse-2024-01-11-212748Z
-13581901.167084428,4434075.092678881,0.5798312,0.02756892230576441,2024-01-11 21:27:48+00:00,walton_lighthouse-2024-01-11-212748Z
-13581899.355323875,4434074.504389598,0.5798312,0.03007518796992481,2024-01-11 21:27:48+00:00,walton_lighthouse-2024-01-11-212748Z
-13581897.687287616,4434073.436464563,0.5798312,0.03258145363408521,2024-01-11 21:27:48+00:00,walton_lighthouse-2024-01-11-212748Z
-13581895.961744305,4434072.560451622,0.5798312,0.03508771929824561,2024-01-11 21:27:48+00:00,walton_lighthouse-2024-01-11-212748Z
-13581894.14944102,4434071.973973502,0.5798312,0.03759398496240601,2024-01-11 21:27:48+00:00,walton_lighthouse-2024-01-11-212748Z
-13581892.337137729,4434071.387495382,0.5798312,0.040100250626566414,2024-01-11 21:27:48+00:00,walton_lighthouse-2024-01-11-212748Z
-13581890.524834478,4434070.801017272,0.5798312,0.042606516290726815,2024-01-11 21:27:48+00:00,walton_lighthouse-2024-01-11-212748Z
-13581888.712531202,4434070.214539157,0.5798312,0.045112781954887216,2024-01-11 21:27:48+00:00,walton_lighthouse-2024-01-11-212748Z
-13581886.900227902,4434069.628061033,0.5798312,0.047619047619047616,2024-01-11 21:27:48+00:00,walton_lighthouse-2024-01-11-212748Z
-13581885.214232389,4434068.620069477,0.5798312,0.05012531328320802,2024-01-11 21:27:48+00:00,walton_lighthouse-2024-01-11-212748Z
-13581883.579004375,4434067.442656894,0.5798312,0.05263157894736842,2024-01-11 21:27:48+00:00,walton_lighthouse-2024-01-11-212748Z
-13581881.765973013,4434066.858608564,0.5798312,0.05513784461152882,2024-01-11 21:27:48+00:00,walton_lighthouse-2024-01-11-212748Z
-13581879.952941615,4434066.274560226,0.5798312,0.05764411027568922,2024-01-11 21:27:48+00:00,walton_lighthouse-2024-01-11-212748Z
-13581878.139910247,4434065.690511894,0.5798312,0.06015037593984962,2024-01-11 21:27:48+00:00,walton_lighthouse-2024-01-11-212748Z
-13581876.326878922,4434065.106463574,0.5798312,0.06265664160401002,2024-01-11 21:27:48+00:00,walton_lighthouse-2024-01-11-212748Z
-13581874.51384754,4434064.52241524,0.5798312,0.06516290726817042,2024-01-11 21:27:48+00:00,walton_lighthouse-2024-01-11-212748Z
-13581872.802206278,4434063.600008371,0.5798312,0.06766917293233082,2024-01-11 21:27:48+00:00,walton_lighthouse-2024-01-11-212748Z
-13581871.334563628,4434061.863330899,0.5798312,0.07017543859649122,2024-01-11 21:27:48+00:00,walton_lighthouse-2024-01-11-212748Z
-13581869.600558702,4434061.015556101,0.5798312,0.07268170426065163,2024-01-11 21:27:48+00:00,walton_lighthouse-2024-01-11-212748Z
-13581867.786240762,4434060.435801364,0.5798312,0.07518796992481203,2024-01-11 21:27:48+00:00,walton_lighthouse-2024-01-11-212748Z
-13581865.971922766,4434059.85604661,0.5798312,0.07769423558897243,2024-01-11 21:27:48+00:00,walton_lighthouse-2024-01-11-212748Z
-13581864.15760484,4434059.276291874,0.5798312,0.08020050125313283,2024-01-11 21:27:48+00:00,walton_lighthouse-2024-01-11-212748Z
-13581862.343286883,4434058.696537133,0.5798312,0.08270676691729323,2024-01-11 21:27:48+00:00,walton_lighthouse-2024-01-11-212748Z
-13581860.528968906,4434058.116782383,0.5798312,0.08521303258145363,2024-01-11 21:27:48+00:00,walton_lighthouse-2024-01-11-212748Z
-13581858.975810552,4434056.665487459,0.5798312,0.08771929824561403,2024-01-11 21:27:48+00:00,walton_lighthouse-2024-01-11-212748Z
-13581857.504833365,4434054.939938028,0.5798312,0.09022556390977443,2024-01-11 21:27:48+00:00,walton_lighthouse-2024-01-11-212748Z
-13581855.83366044,4434053.882480563,0.5798312,0.09273182957393483,2024-01-11 21:27:48+00:00,walton_lighthouse-2024-01-11-212748Z
-13581854.01747653,4434053.308952781,0.5798312,0.09523809523809523,2024-01-11 21:27:48+00:00,walton_lighthouse-2024-01-11-212748Z
-13581852.201292649,4434052.735425008,0.5798312,0.09774436090225563,2024-01-11 21:27:48+00:00,walton_lighthouse-2024-01-11-212748Z
-13581850.385108802,4434052.161897245,0.5798312,0.10025062656641603,2024-01-11 21:27:48+00:00,walton_lighthouse-2024-01-11-212748Z
-13581848.568924904,4434051.588369468,0.5798312,0.10275689223057644,2024-01-11 21:27:48+00:00,walton_lighthouse-2024-01-11-212748Z
-13581846.752740996,4434051.014841687,0.5798312,0.10526315789473684,2024-01-11 21:27:48+00:00,walton_lighthouse-2024-01-11-212748Z
-13581845.195663238,4434049.576626519,0.5798312,0.10776942355889724,2024-01-11 21:27:48+00:00,walton_lighthouse-2024-01-11-212748Z
-13581843.41789971,4434048.8748826645,0.5798312,0.11027568922305764,2024-01-11 21:27:48+00:00,walton_lighthouse-2024-01-11-212748Z
-13581841.600960083,4434048.303876992,0.5798312,0.11278195488721804,2024-01-11 21:27:48+00:00,walton_lighthouse-2024-01-11-212748Z
-13581839.784020407,4434047.732871302,0.5798312,0.11528822055137844,2024-01-11 21:27:48+00:00,walton_lighthouse-2024-01-11-212748Z
-13581837.967080774,4434047.161865624,0.5798312,0.11779448621553884,2024-01-11 21:27:48+00:00,walton_lighthouse-2024-01-11-212748Z
-13581836.15014116,4434046.590859951,0.5798312,0.12030075187969924,2024-01-11 21:27:48+00:00,walton_lighthouse-2024-01-11-212748Z
-13581834.412938865,4434045.753755311,0.5798312,0.12280701754385964,2024-01-11 21:27:48+00:00,walton_lighthouse-2024-01-11-212748Z
-13581832.935753465,4434044.048923806,0.5798312,0.12531328320802004,2024-01-11 21:27:48+00:00,walton_lighthouse-2024-01-11-212748Z
-13581831.45856806,4434042.344092304,0.5798312,0.12781954887218044,2024-01-11 21:27:48+00:00,walton_lighthouse-2024-01-11-212748Z
-13581829.769520711,4434041.346285346,0.5798312,0.13032581453634084,2024-01-11 21:27:48+00:00,walton_lighthouse-2024-01-11-212748Z
-13581827.950280895,4434040.7829558095,0.5798312,0.13283208020050125,2024-01-11 21:27:48+00:00,walton_lighthouse-2024-01-11-212748Z
-13581826.13104106,4434040.219626263,0.5798312,0.13533834586466165,2024-01-11 21:27:48+00:00,walton_lighthouse-2024-01-11-212748Z
-13581824.311801258,4434039.656296728,0.5798312,0.13784461152882205,2024-01-11 21:27:48+00:00,walton_lighthouse-2024-01-11-212748Z
-13581822.492561452,4434039.092967192,0.5798312,0.14035087719298245,2024-01-11 21:27:48+00:00,walton_lighthouse-2024-01-11-212748Z
-13581820.721776169,4434038.367935492,0.5798312,0.14285714285714285,2024-01-11 21:27:48+00:00,walton_lighthouse-2024-01-11-212748Z
-13581819.223611696,4434036.733115176,0.5798312,0.14536340852130325,2024-01-11 21:27:48+00:00,walton_lighthouse-2024-01-11-212748Z
-13581817.403398622,4434036.173033594,0.5798312,0.14786967418546365,2024-01-11 21:27:48+00:00,walton_lighthouse-2024-01-11-212748Z
-13581815.583185583,4434035.612952025,0.5798312,0.15037593984962405,2024-01-11 21:27:48+00:00,walton_lighthouse-2024-01-11-212748Z
-13581813.762972496,4434035.052870442,0.5798312,0.15288220551378445,2024-01-11 21:27:48+00:00,walton_lighthouse-2024-01-11-212748Z
-13581811.942759397,4434034.492788854,0.5798312,0.15538847117794485,2024-01-11 21:27:48+00:00,walton_lighthouse-2024-01-11-212748Z
-13581810.122546343,4434033.93270728,0.5798312,0.15789473684210525,2024-01-11 21:27:48+00:00,walton_lighthouse-2024-01-11-212748Z
-13581808.550696673,4434032.543788859,0.5798312,0.16040100250626566,2024-01-11 21:27:48+00:00,walton_lighthouse-2024-01-11-212748Z
-13581806.995514913,4434031.099246343,0.5798312,0.16290726817042606,2024-01-11 21:27:48+00:00,walton_lighthouse-2024-01-11-212748Z
-13581805.173924256,4434030.543761965,0.5798312,0.16541353383458646,2024-01-11 21:27:48+00:00,walton_lighthouse-2024-01-11-212748Z
-13581803.35233364,4434029.988277597,0.5798312,0.16791979949874686,2024-01-11 21:27:48+00:00,walton_lighthouse-2024-01-11-212748Z
-13581801.530742995,4434029.432793226,0.5798312,0.17042606516290726,2024-01-11 21:27:48+00:00,walton_lighthouse-2024-01-11-212748Z
-13581799.709152332,4434028.8773088455,0.5798312,0.17293233082706766,2024-01-11 21:27:48+00:00,walton_lighthouse-2024-01-11-212748Z
-13581797.96045142,4434028.078577356,0.5798312,0.17543859649122806,2024-01-11 21:27:48+00:00,walton_lighthouse-2024-01-11-212748Z
-13581796.419741884,4434026.585738289,0.5798312,0.17794486215538846,2024-01-11 21:27:48+00:00,walton_lighthouse-2024-01-11-212748Z
-13581794.828078477,4434025.262942145,0.5798312,0.18045112781954886,2024-01-11 21:27:48+00:00,walton_lighthouse-2024-01-11-212748Z
-13581793.004891625,4434024.712784554,0.5798312,0.18295739348370926,2024-01-11 21:27:48+00:00,walton_lighthouse-2024-01-11-212748Z
-13581791.181704797,4434024.16262697,0.5798312,0.18546365914786966,2024-01-11 21:27:48+00:00,walton_lighthouse-2024-01-11-212748Z
-13581789.358518,4434023.612469396,0.5798312,0.18796992481203006,2024-01-11 21:27:48+00:00,walton_lighthouse-2024-01-11-212748Z
-13581787.535331156,4434023.0623118095,0.5798312,0.19047619047619047,2024-01-11 21:27:48+00:00,walton_lighthouse-2024-01-11-212748Z
-13581785.814402971,4434022.170897209,0.5798312,0.19298245614035087,2024-01-11 21:27:48+00:00,walton_lighthouse-2024-01-11-212748Z
-13581784.325150974,4434020.506334336,0.5798312,0.19548872180451127,2024-01-11 21:27:48+00:00,walton_lighthouse-2024-01-11-212748Z
-13581782.573720343,4434019.716712474,0.5798312,0.19799498746867167,2024-01-11 21:27:48+00:00,walton_lighthouse-2024-01-11-212748Z
-13581780.749117373,4434019.171280879,0.5798312,0.20050125313283207,2024-01-11 21:27:48+00:00,walton_lighthouse-2024-01-11-212748Z
-13581778.924514351,4434018.625849267,0.5798312,0.20300751879699247,2024-01-11 21:27:48+00:00,walton_lighthouse-2024-01-11-212748Z
-13581777.172404712,4434017.83849332,0.5798312,0.20551378446115287,2024-01-11 21:27:48+00:00,walton_lighthouse-2024-01-11-212748Z
-13581775.347597934,4434017.293741894,0.5798312,0.20802005012531327,2024-01-11 21:27:48+00:00,walton_lighthouse-2024-01-11-212748Z
-13581773.75872126,4434015.961645879,0.5798312,0.21052631578947367,2024-01-11 21:27:48+00:00,walton_lighthouse-2024-01-11-212748Z
-13581772.268259736,4434014.301119386,0.5798312,0.21303258145363407,2024-01-11 21:27:48+00:00,walton_lighthouse-2024-01-11-212748Z
-13581770.777798207,4434012.640592895,0.5798312,0.21553884711779447,2024-01-11 21:27:48+00:00,walton_lighthouse-2024-01-11-212748Z
-13581769.136683868,4434011.482824182,0.5798312,0.21804511278195488,2024-01-11 21:27:48+00:00,walton_lighthouse-2024-01-11-212748Z
-13581767.382215131,4434010.703340991,0.5798312,0.22055137844611528,2024-01-11 21:27:48+00:00,walton_lighthouse-2024-01-11-212748Z
-13581765.700973898,4434009.67948335,0.5798312,0.22305764411027568,2024-01-11 21:27:48+00:00,walton_lighthouse-2024-01-11-212748Z
-13581763.945869569,4434008.902121298,0.5798312,0.22556390977443608,2024-01-11 21:27:48+00:00,walton_lighthouse-2024-01-11-212748Z
-13581762.411414094,4434007.388411216,0.5798312,0.22807017543859648,2024-01-11 21:27:48+00:00,walton_lighthouse-2024-01-11-212748Z
-13581760.655523945,4434006.61367156,0.5798312,0.23057644110275688,2024-01-11 21:27:48+00:00,walton_lighthouse-2024-01-11-212748Z
-13581758.825709095,4434006.085632885,0.5798312,0.23308270676691728,2024-01-11 21:27:48+00:00,walton_lighthouse-2024-01-11-212748Z
-13581757.257673765,4434004.683985341,0.5798312,0.23558897243107768,2024-01-11 21:27:48+00:00,walton_lighthouse-2024-01-11-212748Z
-13581755.764879486,4434003.03124378,0.5798312,0.23809523809523808,2024-01-11 21:27:48+00:00,walton_lighthouse-2024-01-11-212748Z
-13581754.272085156,4434001.378502227,0.5798312,0.24060150375939848,2024-01-11 21:27:48+00:00,walton_lighthouse-2024-01-11-212748Z
-13581752.779290866,4433999.725760667,0.5798312,0.24310776942355888,2024-01-11 21:27:48+00:00,walton_lighthouse-2024-01-11-212748Z
-13581751.286496596,4433998.073019099,0.5798312,0.24561403508771928,2024-01-11 21:27:48+00:00,walton_lighthouse-2024-01-11-212748Z
-13581749.793702306,4433996.420277541,0.5798312,0.24812030075187969,2024-01-11 21:27:48+00:00,walton_lighthouse-2024-01-11-212748Z
-13581748.242828531,4433994.961358405,0.5798312,0.2506265664160401,2024-01-11 21:27:48+00:00,walton_lighthouse-2024-01-11-212748Z
-13581746.635546908,4433993.690683284,0.5798312,0.2531328320802005,2024-01-11 21:27:48+00:00,walton_lighthouse-2024-01-11-212748Z
-13581744.798460102,4433993.186912719,0.5798312,0.2556390977443609,2024-01-11 21:27:48+00:00,walton_lighthouse-2024-01-11-212748Z
-13581743.037593376,4433992.428780817,0.5798312,0.2581453634085213,2024-01-11 21:27:48+00:00,walton_lighthouse-2024-01-11-212748Z
-13581741.200278789,4433991.925770246,0.5798312,0.2606516290726817,2024-01-11 21:27:48+00:00,walton_lighthouse-2024-01-11-212748Z
-13581739.362964213,4433991.422759682,0.5798312,0.2631578947368421,2024-01-11 21:27:48+00:00,walton_lighthouse-2024-01-11-212748Z
-13581737.784168024,4433990.057023197,0.5798312,0.2656641604010025,2024-01-11 21:27:48+00:00,walton_lighthouse-2024-01-11-212748Z
-13581736.289133525,4433988.411757693,0.5798312,0.2681704260651629,2024-01-11 21:27:48+00:00,walton_lighthouse-2024-01-11-212748Z
-13581734.610044982,4433987.38071606,0.5798312,0.2706766917293233,2024-01-11 21:27:48+00:00,walton_lighthouse-2024-01-11-212748Z
-13581732.77042812,4433986.885388682,0.5798312,0.2731829573934837,2024-01-11 21:27:48+00:00,walton_lighthouse-2024-01-11-212748Z
-13581730.930811277,4433986.390061309,0.5798312,0.2756892230576441,2024-01-11 21:27:48+00:00,walton_lighthouse-2024-01-11-212748Z
-13581729.091194414,4433985.894733932,0.5798312,0.2781954887218045,2024-01-11 21:27:48+00:00,walton_lighthouse-2024-01-11-212748Z
-13581727.301758563,4433985.231942747,0.5798312,0.2807017543859649,2024-01-11 21:27:48+00:00,walton_lighthouse-2024-01-11-212748Z
-13581725.804570973,4433983.593862451,0.5798312,0.2832080200501253,2024-01-11 21:27:48+00:00,walton_lighthouse-2024-01-11-212748Z
-13581724.179265646,4433982.383335973,0.5798312,0.2857142857142857,2024-01-11 21:27:48+00:00,walton_lighthouse-2024-01-11-212748Z
-13581722.33777373,4433981.894266016,0.5798312,0.2882205513784461,2024-01-11 21:27:48+00:00,walton_lighthouse-2024-01-11-212748Z
-13581720.496281795,4433981.405196049,0.5798312,0.2907268170426065,2024-01-11 21:27:48+00:00,walton_lighthouse-2024-01-11-212748Z
-13581718.65478989,4433980.916126094,0.5798312,0.2932330827067669,2024-01-11 21:27:48+00:00,walton_lighthouse-2024-01-11-212748Z
-13581716.851714462,4433980.298852882,0.5798312,0.2957393483709273,2024-01-11 21:27:48+00:00,walton_lighthouse-2024-01-11-212748Z
-13581715.350162262,4433978.675338162,0.5798312,0.2982456140350877,2024-01-11 21:27:48+00:00,walton_lighthouse-2024-01-11-212748Z
-13581713.507483076,4433978.190230287,0.5798312,0.3007518796992481,2024-01-11 21:27:48+00:00,walton_lighthouse-2024-01-11-212748Z
-13581711.66480391,4433977.705122416,0.5798312,0.3032581453634085,2024-01-11 21:27:48+00:00,walton_lighthouse-2024-01-11-212748Z
-13581709.822124766,4433977.220014555,0.5798312,0.3057644110275689,2024-01-11 21:27:48+00:00,walton_lighthouse-2024-01-11-212748Z
-13581707.979445588,4433976.734906684,0.5798312,0.3082706766917293,2024-01-11 21:27:48+00:00,walton_lighthouse-2024-01-11-212748Z
-13581706.432217656,4433975.263820678,0.5798312,0.3107769423558897,2024-01-11 21:27:48+00:00,walton_lighthouse-2024-01-11-212748Z
-13581704.59377618,4433974.764570863,0.5798312,0.3132832080200501,2024-01-11 21:27:48+00:00,walton_lighthouse-2024-01-11-212748Z
-13581702.750138568,4433974.282661511,0.5798312,0.3157894736842105,2024-01-11 21:27:48+00:00,walton_lighthouse-2024-01-11-212748Z
-13581700.906500949,4433973.800752156,0.5798312,0.3182957393483709,2024-01-11 21:27:48+00:00,walton_lighthouse-2024-01-11-212748Z
-13581699.062863322,4433973.318842799,0.5798312,0.3208020050125313,2024-01-11 21:27:48+00:00,walton_lighthouse-2024-01-11-212748Z
-13581697.54475577,4433971.750576568,0.5798312,0.3233082706766917,2024-01-11 21:27:48+00:00,walton_lighthouse-2024-01-11-212748Z
-13581695.822433406,4433970.863814694,0.5798312,0.3258145363408521,2024-01-11 21:27:48+00:00,walton_lighthouse-2024-01-11-212748Z
-13581693.977343485,4433970.386751921,0.5798312,0.3283208020050125,2024-01-11 21:27:48+00:00,walton_lighthouse-2024-01-11-212748Z
-13581692.132253584,4433969.909689158,0.5798312,0.3308270676691729,2024-01-11 21:27:48+00:00,walton_lighthouse-2024-01-11-212748Z
-13581690.287163684,4433969.432626395,0.5798312,0.3333333333333333,2024-01-11 21:27:48+00:00,walton_lighthouse-2024-01-11-212748Z
-13581688.688295608,4433968.133873627,0.5798312,0.3358395989974937,2024-01-11 21:27:48+00:00,walton_lighthouse-2024-01-11-212748Z
-13581686.893033348,4433967.490526272,0.5798312,0.3383458646616541,2024-01-11 21:27:48+00:00,walton_lighthouse-2024-01-11-212748Z
-13581685.046965357,4433967.0167275695,0.5798312,0.3408521303258145,2024-01-11 21:27:48+00:00,walton_lighthouse-2024-01-11-212748Z
-13581683.200897388,4433966.542928876,0.5798312,0.3433583959899749,2024-01-11 21:27:48+00:00,walton_lighthouse-2024-01-11-212748Z
-13581681.367996216,4433966.025189895,0.5798312,0.3458646616541353,2024-01-11 21:27:48+00:00,walton_lighthouse-2024-01-11-212748Z
-13581679.729435775,4433964.85889819,0.5798312,0.3483709273182957,2024-01-11 21:27:48+00:00,walton_lighthouse-2024-01-11-212748Z
-13581677.882628951,4433964.387565094,0.5798312,0.3508771929824561,2024-01-11 21:27:48+00:00,walton_lighthouse-2024-01-11-212748Z
-13581676.035822151,4433963.916232004,0.5798312,0.3533834586466165,2024-01-11 21:27:48+00:00,walton_lighthouse-2024-01-11-212748Z
-13581674.18901534,4433963.444898913,0.5798312,0.3558897243107769,2024-01-11 21:27:48+00:00,walton_lighthouse-2024-01-11-212748Z
-13581672.488099707,4433962.48669853,0.5798312,0.3583959899749373,2024-01-11 21:27:48+00:00,walton_lighthouse-2024-01-11-212748Z
-13581670.640797809,4433962.017017609,0.5798312,0.3609022556390977,2024-01-11 21:27:48+00:00,walton_lighthouse-2024-01-11-212748Z
-13581668.793495923,4433961.547336696,0.5798312,0.3634085213032581,2024-01-11 21:27:48+00:00,walton_lighthouse-2024-01-11-212748Z
-13581666.946194028,4433961.077655777,0.5798312,0.3659147869674185,2024-01-11 21:27:48+00:00,walton_lighthouse-2024-01-11-212748Z
-13581665.309391633,4433959.905497156,0.5798312,0.3684210526315789,2024-01-11 21:27:48+00:00,walton_lighthouse-2024-01-11-212748Z
-13581663.46782175,4433959.416687346,0.5798312,0.37092731829573933,2024-01-11 21:27:48+00:00,walton_lighthouse-2024-01-11-212748Z
-13581661.619773423,4433958.9494974585,0.5798312,0.37343358395989973,2024-01-11 21:27:48+00:00,walton_lighthouse-2024-01-11-212748Z
-13581659.77172508,4433958.482307567,0.5798312,0.37593984962406013,2024-01-11 21:27:48+00:00,walton_lighthouse-2024-01-11-212748Z
-13581658.067074372,4433957.536571901,0.5798312,0.37844611528822053,2024-01-11 21:27:48+00:00,walton_lighthouse-2024-01-11-212748Z
-13581656.21852584,4433957.071051267,0.5798312,0.38095238095238093,2024-01-11 21:27:48+00:00,walton_lighthouse-2024-01-11-212748Z
-13581654.369977308,4433956.605530631,0.5798312,0.38345864661654133,2024-01-11 21:27:48+00:00,walton_lighthouse-2024-01-11-212748Z
-13581652.521428768,4433956.140009994,0.5798312,0.38596491228070173,2024-01-11 21:27:48+00:00,walton_lighthouse-2024-01-11-212748Z
-13581650.870563654,4433955.01478136,0.5798312,0.38847117794486213,2024-01-11 21:27:48+00:00,walton_lighthouse-2024-01-11-212748Z
-13581649.107877215,4433954.2627223,0.5798312,0.39097744360902253,2024-01-11 21:27:48+00:00,walton_lighthouse-2024-01-11-212748Z
-13581647.25832207,4433953.800560934,0.5798312,0.39348370927318294,2024-01-11 21:27:48+00:00,walton_lighthouse-2024-01-11-212748Z
-13581645.408766888,4433953.338399552,0.5798312,0.39598997493734334,2024-01-11 21:27:48+00:00,walton_lighthouse-2024-01-11-212748Z
-13581643.690063616,4433952.439560075,0.5798312,0.39849624060150374,2024-01-11 21:27:48+00:00,walton_lighthouse-2024-01-11-212748Z
-13581641.99150272,4433951.473501634,0.5798312,0.40100250626566414,2024-01-11 21:27:48+00:00,walton_lighthouse-2024-01-11-212748Z
-13581640.140932571,4433951.014727499,0.5798312,0.40350877192982454,2024-01-11 21:27:48+00:00,walton_lighthouse-2024-01-11-212748Z
-13581638.290362416,4433950.555953361,0.5798312,0.40601503759398494,2024-01-11 21:27:48+00:00,walton_lighthouse-2024-01-11-212748Z
-13581636.533843426,4433949.78331223,0.5798312,0.40852130325814534,2024-01-11 21:27:48+00:00,walton_lighthouse-2024-01-11-212748Z
-13581634.799084151,4433948.938054808,0.5798312,0.41102756892230574,2024-01-11 21:27:48+00:00,walton_lighthouse-2024-01-11-212748Z
-13581632.947747191,4433948.4818396615,0.5798312,0.41353383458646614,2024-01-11 21:27:48+00:00,walton_lighthouse-2024-01-11-212748Z
-13581631.09641022,4433948.025624507,0.5798312,0.41604010025062654,2024-01-11 21:27:48+00:00,walton_lighthouse-2024-01-11-212748Z
-13581629.314549671,4433947.33755313,0.5798312,0.41854636591478694,2024-01-11 21:27:48+00:00,walton_lighthouse-2024-01-11-212748Z
-13581627.46295605,4433946.882194547,0.5798312,0.42105263157894735,2024-01-11 21:27:48+00:00,walton_lighthouse-2024-01-11-212748Z
-13581625.611362422,4433946.426835962,0.5798312,0.42355889724310775,2024-01-11 21:27:48+00:00,walton_lighthouse-2024-01-11-212748Z
-13581623.808812369,4433945.807809396,0.5798312,0.42606516290726815,2024-01-11 21:27:48+00:00,walton_lighthouse-2024-01-11-212748Z
-13581621.976768076,4433945.287210884,0.5798312,0.42857142857142855,2024-01-11 21:27:48+00:00,walton_lighthouse-2024-01-11-212748Z
-13581620.124917263,4433944.832710659,0.5798312,0.43107769423558895,2024-01-11 21:27:48+00:00,walton_lighthouse-2024-01-11-212748Z
-13581618.273066416,4433944.378210424,0.5798312,0.43358395989974935,2024-01-11 21:27:48+00:00,walton_lighthouse-2024-01-11-212748Z
-13581616.489178907,4433943.696903322,0.5798312,0.43609022556390975,2024-01-11 21:27:48+00:00,walton_lighthouse-2024-01-11-212748Z
-13581614.637070324,4433943.24326324,0.5798312,0.43859649122807015,2024-01-11 21:27:48+00:00,walton_lighthouse-2024-01-11-212748Z
-13581612.784961758,4433942.789623164,0.5798312,0.44110275689223055,2024-01-11 21:27:48+00:00,walton_lighthouse-2024-01-11-212748Z
-13581611.000184156,4433942.111286572,0.5798312,0.44360902255639095,2024-01-11 21:27:48+00:00,walton_lighthouse-2024-01-11-212748Z
-13581609.147817258,4433941.658508438,0.5798312,0.44611528822055135,2024-01-11 21:27:48+00:00,walton_lighthouse-2024-01-11-212748Z
-13581607.295450388,4433941.205730312,0.5798312,0.44862155388471175,2024-01-11 21:27:48+00:00,walton_lighthouse-2024-01-11-212748Z
-13581605.576615252,4433940.307330937,0.5798312,0.45112781954887216,2024-01-11 21:27:48+00:00,walton_lighthouse-2024-01-11-212748Z
-13581603.72373018,4433939.856282157,0.5798312,0.45363408521303256,2024-01-11 21:27:48+00:00,walton_lighthouse-2024-01-11-212748Z
-13581601.870845096,4433939.405233374,0.5798312,0.45614035087719296,2024-01-11 21:27:48+00:00,walton_lighthouse-2024-01-11-212748Z
-13581600.143405776,4433938.535547742,0.5798312,0.45864661654135336,2024-01-11 21:27:48+00:00,walton_lighthouse-2024-01-11-212748Z
-13581598.297087414,4433938.062584632,0.5798312,0.46115288220551376,2024-01-11 21:27:48+00:00,walton_lighthouse-2024-01-11-212748Z
-13581596.443681952,4433937.613272475,0.5798312,0.46365914786967416,2024-01-11 21:27:48+00:00,walton_lighthouse-2024-01-11-212748Z
-13581594.655969355,4433936.94473045,0.5798312,0.46616541353383456,2024-01-11 21:27:48+00:00,walton_lighthouse-2024-01-11-212748Z
-13581592.802302904,4433936.49628936,0.5798312,0.46867167919799496,2024-01-11 21:27:48+00:00,walton_lighthouse-2024-01-11-212748Z
-13581590.94863642,4433936.047848259,0.5798312,0.47117794486215536,2024-01-11 21:27:48+00:00,walton_lighthouse-2024-01-11-212748Z
-13581589.192864502,4433935.272713983,0.5798312,0.47368421052631576,2024-01-11 21:27:48+00:00,walton_lighthouse-2024-01-11-212748Z
-13581587.371010711,4433934.718107781,0.5798312,0.47619047619047616,2024-01-11 21:27:48+00:00,walton_lighthouse-2024-01-11-212748Z
-13581585.516820572,4433934.271414322,0.5798312,0.47869674185463656,2024-01-11 21:27:48+00:00,walton_lighthouse-2024-01-11-212748Z
-13581583.745242769,4433933.549027448,0.5798312,0.48120300751879697,2024-01-11 21:27:48+00:00,walton_lighthouse-2024-01-11-212748Z
-13581581.937118856,4433932.948601883,0.5798312,0.48370927318295737,2024-01-11 21:27:48+00:00,walton_lighthouse-2024-01-11-212748Z
-13581580.0824028,4433932.503663446,0.5798312,0.48621553884711777,2024-01-11 21:27:48+00:00,walton_lighthouse-2024-01-11-212748Z
-13581578.291702976,4433931.845090481,0.5798312,0.48872180451127817,2024-01-11 21:27:48+00:00,walton_lighthouse-2024-01-11-212748Z
-13581576.436723132,4433931.401032355,0.5798312,0.49122807017543857,2024-01-11 21:27:48+00:00,walton_lighthouse-2024-01-11-212748Z
-13581574.58174328,4433930.956974225,0.5798312,0.49373433583959897,2024-01-11 21:27:48+00:00,walton_lighthouse-2024-01-11-212748Z
-13581572.790122388,4433930.301474948,0.5798312,0.49624060150375937,2024-01-11 21:27:48+00:00,walton_lighthouse-2024-01-11-212748Z
-13581570.934878211,4433929.858298998,0.5798312,0.49874686716791977,2024-01-11 21:27:48+00:00,walton_lighthouse-2024-01-11-212748Z
-13581569.079634022,4433929.415123045,0.5798312,0.5012531328320802,2024-01-11 21:27:48+00:00,walton_lighthouse-2024-01-11-212748Z
-13581567.287088588,4433928.762709125,0.5798312,0.5037593984962405,2024-01-11 21:27:48+00:00,walton_lighthouse-2024-01-11-212748Z
-13581565.4315795,4433928.320417216,0.5798312,0.506265664160401,2024-01-11 21:27:48+00:00,walton_lighthouse-2024-01-11-212748Z
-13581563.65370058,4433927.619058372,0.5798312,0.5087719298245614,2024-01-11 21:27:48+00:00,walton_lighthouse-2024-01-11-212748Z
-13581561.907064626,4433926.8134356765,0.5798312,0.5112781954887218,2024-01-11 21:27:48+00:00,walton_lighthouse-2024-01-11-212748Z
-13581560.050757406,4433926.373807196,0.5798312,0.5137844611528821,2024-01-11 21:27:48+00:00,walton_lighthouse-2024-01-11-212748Z
-13581558.25634876,4433925.727611232,0.5798312,0.5162907268170426,2024-01-11 21:27:48+00:00,walton_lighthouse-2024-01-11-212748Z
-13581556.399774414,4433925.28887436,0.5798312,0.518796992481203,2024-01-11 21:27:48+00:00,walton_lighthouse-2024-01-11-212748Z
-13581554.543200027,4433924.850137481,0.5798312,0.5213032581453634,2024-01-11 21:27:48+00:00,walton_lighthouse-2024-01-11-212748Z
-13581552.870700968,4433923.797105532,0.5798312,0.5238095238095237,2024-01-11 21:27:48+00:00,walton_lighthouse-2024-01-11-212748Z
-13581551.013321657,4433923.361054892,0.5798312,0.5263157894736842,2024-01-11 21:27:48+00:00,walton_lighthouse-2024-01-11-212748Z
-13581549.155942362,4433922.925004255,0.5798312,0.5288220551378446,2024-01-11 21:27:48+00:00,walton_lighthouse-2024-01-11-212748Z
-13581547.35937591,4433922.286009341,0.5798312,0.531328320802005,2024-01-11 21:27:48+00:00,walton_lighthouse-2024-01-11-212748Z
-13581545.50172711,4433921.850857938,0.5798312,0.5338345864661653,2024-01-11 21:27:48+00:00,walton_lighthouse-2024-01-11-212748Z
-13581543.644078355,4433921.415706545,0.5798312,0.5363408521303258,2024-01-11 21:27:48+00:00,walton_lighthouse-2024-01-11-212748Z
-13581541.78642958,4433920.980555153,0.5798312,0.5388471177944862,2024-01-11 21:27:48+00:00,walton_lighthouse-2024-01-11-212748Z
-13581539.988643851,4433920.345629111,0.5798312,0.5413533834586466,2024-01-11 21:27:48+00:00,walton_lighthouse-2024-01-11-212748Z
-13581538.130725048,4433919.911378895,0.5798312,0.5438596491228069,2024-01-11 21:27:48+00:00,walton_lighthouse-2024-01-11-212748Z
-13581536.272806238,4433919.477128679,0.5798312,0.5463659147869674,2024-01-11 21:27:48+00:00,walton_lighthouse-2024-01-11-212748Z
-13581534.414887428,4433919.042878457,0.5798312,0.5488721804511278,2024-01-11 21:27:48+00:00,walton_lighthouse-2024-01-11-212748Z
-13581532.556968598,4433918.608628232,0.5798312,0.5513784461152882,2024-01-11 21:27:48+00:00,walton_lighthouse-2024-01-11-212748Z
-13581530.75768822,4433917.9786901865,0.5798312,0.5538847117794485,2024-01-11 21:27:48+00:00,walton_lighthouse-2024-01-11-212748Z
-13581528.899498813,4433917.545343088,0.5798312,0.556390977443609,2024-01-11 21:27:48+00:00,walton_lighthouse-2024-01-11-212748Z
-13581527.09953138,4433916.917697836,0.5798312,0.5588972431077694,2024-01-11 21:27:48+00:00,walton_lighthouse-2024-01-11-212748Z
-13581525.241070729,4433916.485255769,0.5798312,0.5614035087719298,2024-01-11 21:27:48+00:00,walton_lighthouse-2024-01-11-212748Z
-13581523.382610096,4433916.052813707,0.5798312,0.5639097744360901,2024-01-11 21:27:48+00:00,walton_lighthouse-2024-01-11-212748Z
-13581521.52414948,4433915.620371653,0.5798312,0.5664160401002506,2024-01-11 21:27:48+00:00,walton_lighthouse-2024-01-11-212748Z
-13581519.722948946,4433914.996841568,0.5798312,0.568922305764411,2024-01-11 21:27:48+00:00,walton_lighthouse-2024-01-11-212748Z
-13581517.8642165,4433914.565306494,0.5798312,0.5714285714285714,2024-01-11 21:27:48+00:00,walton_lighthouse-2024-01-11-212748Z
-13581516.005484086,4433914.133771429,0.5798312,0.5739348370927317,2024-01-11 21:27:48+00:00,walton_lighthouse-2024-01-11-212748Z
-13581514.146751683,4433913.70223637,0.5798312,0.5764411027568922,2024-01-11 21:27:48+00:00,walton_lighthouse-2024-01-11-212748Z
-13581512.33622338,4433913.109834833,0.5798312,0.5789473684210527,2024-01-11 21:27:48+00:00,walton_lighthouse-2024-01-11-212748Z
-13581510.444280332,4433912.789130055,0.5798312,0.581453634085213,2024-01-11 21:27:48+00:00,walton_lighthouse-2024-01-11-212748Z
-13581508.626303572,4433912.221585422,0.5798312,0.5839598997493733,2024-01-11 21:27:48+00:00,walton_lighthouse-2024-01-11-212748Z
-13581506.767298805,4433911.790959313,0.5798312,0.5864661654135338,2024-01-11 21:27:48+00:00,walton_lighthouse-2024-01-11-212748Z
-13581504.908294016,4433911.360333196,0.5798312,0.5889724310776943,2024-01-11 21:27:48+00:00,walton_lighthouse-2024-01-11-212748Z
-13581503.049289212,4433910.929707072,0.5798312,0.5914786967418546,2024-01-11 21:27:48+00:00,walton_lighthouse-2024-01-11-212748Z
-13581501.190284437,4433910.499080959,0.5798312,0.593984962406015,2024-01-11 21:27:48+00:00,walton_lighthouse-2024-01-11-212748Z
-13581499.331279656,4433910.068454846,0.5798312,0.5964912280701754,2024-01-11 21:27:48+00:00,walton_lighthouse-2024-01-11-212748Z
-13581497.526506448,4433909.456847437,0.5798312,0.5989974937343359,2024-01-11 21:27:48+00:00,walton_lighthouse-2024-01-11-212748Z
-13581495.667228688,4433909.0271322215,0.5798312,0.6015037593984962,2024-01-11 21:27:48+00:00,walton_lighthouse-2024-01-11-212748Z
-13581493.807950947,4433908.597417013,0.5798312,0.6040100250626566,2024-01-11 21:27:48+00:00,walton_lighthouse-2024-01-11-212748Z
-13581491.94867323,4433908.167701814,0.5798312,0.606516290726817,2024-01-11 21:27:48+00:00,walton_lighthouse-2024-01-11-212748Z
-13581490.089395477,4433907.737986604,0.5798312,0.6090225563909775,2024-01-11 21:27:48+00:00,walton_lighthouse-2024-01-11-212748Z
-13581488.230117718,4433907.308271391,0.5798312,0.6115288220551378,2024-01-11 21:27:48+00:00,walton_lighthouse-2024-01-11-212748Z
-13581486.370839989,4433906.87855619,0.5798312,0.6140350877192982,2024-01-11 21:27:48+00:00,walton_lighthouse-2024-01-11-212748Z
-13581484.511562249,4433906.448840983,0.5798312,0.6165413533834586,2024-01-11 21:27:48+00:00,walton_lighthouse-2024-01-11-212748Z
-13581482.652284496,4433906.019125773,0.5798312,0.6190476190476191,2024-01-11 21:27:48+00:00,walton_lighthouse-2024-01-11-212748Z
-13581480.793006744,4433905.589410561,0.5798312,0.6215538847117794,2024-01-11 21:27:48+00:00,walton_lighthouse-2024-01-11-212748Z
-13581478.93372902,4433905.159695358,0.5798312,0.6240601503759398,2024-01-11 21:27:48+00:00,walton_lighthouse-2024-01-11-212748Z
-13581477.074451275,4433904.72998015,0.5798312,0.6265664160401002,2024-01-11 21:27:48+00:00,walton_lighthouse-2024-01-11-212748Z
-13581475.215173518,4433904.300264934,0.5798312,0.6290726817042607,2024-01-11 21:27:48+00:00,walton_lighthouse-2024-01-11-212748Z
-13581473.355895784,4433903.870549729,0.5798312,0.631578947368421,2024-01-11 21:27:48+00:00,walton_lighthouse-2024-01-11-212748Z
-13581471.496618047,4433903.440834523,0.5798312,0.6340852130325814,2024-01-11 21:27:48+00:00,walton_lighthouse-2024-01-11-212748Z
-13581469.637340304,4433903.011119317,0.5798312,0.6365914786967418,2024-01-11 21:27:48+00:00,walton_lighthouse-2024-01-11-212748Z
-13581467.778062545,4433902.581404102,0.5798312,0.6390977443609023,2024-01-11 21:27:48+00:00,walton_lighthouse-2024-01-11-212748Z
-13581465.96201856,4433902.00740947,0.5798312,0.6416040100250626,2024-01-11 21:27:48+00:00,walton_lighthouse-2024-01-11-212748Z
-13581464.108931866,4433901.557033623,0.5798312,0.644110275689223,2024-01-11 21:27:48+00:00,walton_lighthouse-2024-01-11-212748Z
-13581462.249380566,4433901.128231285,0.5798312,0.6466165413533834,2024-01-11 21:27:48+00:00,walton_lighthouse-2024-01-11-212748Z
-13581460.42189995,4433900.592402843,0.5798312,0.6491228070175439,2024-01-11 21:27:48+00:00,walton_lighthouse-2024-01-11-212748Z
-13581458.578987105,4433900.108074803,0.5798312,0.6516290726817042,2024-01-11 21:27:48+00:00,walton_lighthouse-2024-01-11-212748Z
-13581456.719161697,4433899.680187318,0.5798312,0.6541353383458646,2024-01-11 21:27:48+00:00,walton_lighthouse-2024-01-11-212748Z
-13581454.907601276,4433899.091230186,0.5798312,0.656641604010025,2024-01-11 21:27:48+00:00,walton_lighthouse-2024-01-11-212748Z
-13581453.047501097,4433898.66425951,0.5798312,0.6591478696741855,2024-01-11 21:27:48+00:00,walton_lighthouse-2024-01-11-212748Z
-13581451.187400946,4433898.237288838,0.5798312,0.6616541353383458,2024-01-11 21:27:48+00:00,walton_lighthouse-2024-01-11-212748Z
-13581449.32730081,4433897.810318178,0.5798312,0.6641604010025062,2024-01-11 21:27:48+00:00,walton_lighthouse-2024-01-11-212748Z
-13581447.467200655,4433897.38334751,0.5798312,0.6666666666666666,2024-01-11 21:27:48+00:00,walton_lighthouse-2024-01-11-212748Z
-13581445.607100498,4433896.956376841,0.5798312,0.6691729323308271,2024-01-11 21:27:48+00:00,walton_lighthouse-2024-01-11-212748Z
-13581443.747000333,4433896.529406172,0.5798312,0.6716791979949874,2024-01-11 21:27:48+00:00,walton_lighthouse-2024-01-11-212748Z
-13581441.8869002,4433896.10243551,0.5798312,0.6741854636591478,2024-01-11 21:27:48+00:00,walton_lighthouse-2024-01-11-212748Z
-13581440.026800046,4433895.675464843,0.5798312,0.6766917293233082,2024-01-11 21:27:48+00:00,walton_lighthouse-2024-01-11-212748Z
-13581438.166699875,4433895.24849417,0.5798312,0.6791979949874687,2024-01-11 21:27:48+00:00,walton_lighthouse-2024-01-11-212748Z
-13581436.306599734,4433894.821523504,0.5798312,0.681704260651629,2024-01-11 21:27:48+00:00,walton_lighthouse-2024-01-11-212748Z
-13581434.446499588,4433894.394552839,0.5798312,0.6842105263157894,2024-01-11 21:27:48+00:00,walton_lighthouse-2024-01-11-212748Z
-13581432.616655998,4433893.866610159,0.5798312,0.6867167919799498,2024-01-11 21:27:48+00:00,walton_lighthouse-2024-01-11-212748Z
-13581430.726299267,4433893.540611499,0.5798312,0.6892230576441103,2024-01-11 21:27:48+00:00,walton_lighthouse-2024-01-11-212748Z
-13581428.866199132,4433893.11364084,0.5798312,0.6917293233082706,2024-01-11 21:27:48+00:00,walton_lighthouse-2024-01-11-212748Z
-13581427.006098988,4433892.686670179,0.5798312,0.694235588972431,2024-01-11 21:27:48+00:00,walton_lighthouse-2024-01-11-212748Z
-13581425.145998808,4433892.259699501,0.5798312,0.6967418546365914,2024-01-11 21:27:48+00:00,walton_lighthouse-2024-01-11-212748Z
-13581423.285898656,4433891.832728832,0.5798312,0.6992481203007519,2024-01-11 21:27:48+00:00,walton_lighthouse-2024-01-11-212748Z
-13581421.46921217,4433891.260878401,0.5798312,0.7017543859649122,2024-01-11 21:27:48+00:00,walton_lighthouse-2024-01-11-212748Z
-13581419.587213753,4433890.906986497,0.5798312,0.7042606516290726,2024-01-11 21:27:48+00:00,walton_lighthouse-2024-01-11-212748Z
-13581417.705598207,4433890.551816835,0.5798312,0.706766917293233,2024-01-11 21:27:48+00:00,walton_lighthouse-2024-01-11-212748Z
-13581415.888085725,4433889.982722816,0.5798312,0.7092731829573935,2024-01-11 21:27:48+00:00,walton_lighthouse-2024-01-11-212748Z
-13581414.070114316,4433889.415160433,0.5798312,0.7117794486215538,2024-01-11 21:27:48+00:00,walton_lighthouse-2024-01-11-212748Z
-13581412.209462918,4433888.990029373,0.5798312,0.7142857142857142,2024-01-11 21:27:48+00:00,walton_lighthouse-2024-01-11-212748Z
-13581410.348811503,4433888.564898306,0.5798312,0.7167919799498746,2024-01-11 21:27:48+00:00,walton_lighthouse-2024-01-11-212748Z
-13581408.488160118,4433888.139767248,0.5798312,0.7192982456140351,2024-01-11 21:27:48+00:00,walton_lighthouse-2024-01-11-212748Z
-13581406.62662418,4433887.717588104,0.5798312,0.7218045112781954,2024-01-11 21:27:48+00:00,walton_lighthouse-2024-01-11-212748Z
-13581404.725832889,4433887.426411662,0.5798312,0.7243107769423558,2024-01-11 21:27:48+00:00,walton_lighthouse-2024-01-11-212748Z
-13581402.865457391,4433887.000359796,0.5798312,0.7268170426065163,2024-01-11 21:27:48+00:00,walton_lighthouse-2024-01-11-212748Z
-13581401.00508192,4433886.574307936,0.5798312,0.7293233082706767,2024-01-11 21:27:48+00:00,walton_lighthouse-2024-01-11-212748Z
-13581399.14470647,4433886.148256088,0.5798312,0.731829573934837,2024-01-11 21:27:48+00:00,walton_lighthouse-2024-01-11-212748Z
-13581397.284330985,4433885.722204227,0.5798312,0.7343358395989974,2024-01-11 21:27:48+00:00,walton_lighthouse-2024-01-11-212748Z
-13581395.423955487,4433885.296152361,0.5798312,0.7368421052631579,2024-01-11 21:27:48+00:00,walton_lighthouse-2024-01-11-212748Z
-13581393.563580014,4433884.870100502,0.5798312,0.7393483709273183,2024-01-11 21:27:48+00:00,walton_lighthouse-2024-01-11-212748Z
-13581391.703204555,4433884.444048647,0.5798312,0.7418546365914787,2024-01-11 21:27:48+00:00,walton_lighthouse-2024-01-11-212748Z
-13581389.84282909,4433884.017996792,0.5798312,0.744360902255639,2024-01-11 21:27:48+00:00,walton_lighthouse-2024-01-11-212748Z
-13581387.943995755,4433883.720286153,0.5798312,0.7468671679197995,2024-01-11 21:27:48+00:00,walton_lighthouse-2024-01-11-212748Z
-13581386.083895603,4433883.293315488,0.5798312,0.7493734335839599,2024-01-11 21:27:48+00:00,walton_lighthouse-2024-01-11-212748Z
-13581384.22379547,4433882.866344827,0.5798312,0.7518796992481203,2024-01-11 21:27:48+00:00,walton_lighthouse-2024-01-11-212748Z
-13581382.335969947,4433882.531899097,0.5798312,0.7543859649122806,2024-01-11 21:27:48+00:00,walton_lighthouse-2024-01-11-212748Z
-13581380.4663193,4433882.136800213,0.5798312,0.7568922305764411,2024-01-11 21:27:48+00:00,walton_lighthouse-2024-01-11-212748Z
-13581378.643494995,4433881.585432817,0.5798312,0.7593984962406015,2024-01-11 21:27:48+00:00,walton_lighthouse-2024-01-11-212748Z
-13581376.82020076,4433881.035633771,0.5798312,0.7619047619047619,2024-01-11 21:27:48+00:00,walton_lighthouse-2024-01-11-212748Z
-13581374.959825272,4433880.609581909,0.5798312,0.7644110275689222,2024-01-11 21:27:48+00:00,walton_lighthouse-2024-01-11-212748Z
-13581373.09944978,4433880.183530043,0.5798312,0.7669172932330827,2024-01-11 21:27:48+00:00,walton_lighthouse-2024-01-11-212748Z
-13581371.237561516,4433879.762526711,0.5798312,0.7694235588972431,2024-01-11 21:27:48+00:00,walton_lighthouse-2024-01-11-212748Z
-13581369.34299425,4433879.45057949,0.5798312,0.7719298245614035,2024-01-11 21:27:48+00:00,walton_lighthouse-2024-01-11-212748Z
-13581367.48289409,4433879.0236088205,0.5798312,0.7744360902255638,2024-01-11 21:27:48+00:00,walton_lighthouse-2024-01-11-212748Z
-13581365.622793926,4433878.596638149,0.5798312,0.7769423558897243,2024-01-11 21:27:48+00:00,walton_lighthouse-2024-01-11-212748Z
-13581363.735645154,4433878.259934038,0.5798312,0.7794486215538847,2024-01-11 21:27:48+00:00,walton_lighthouse-2024-01-11-212748Z
-13581361.86806508,4433877.857925319,0.5798312,0.7819548872180451,2024-01-11 21:27:48+00:00,walton_lighthouse-2024-01-11-212748Z
-13581359.980469365,4433877.522712614,0.5798312,0.7844611528822054,2024-01-11 21:27:48+00:00,walton_lighthouse-2024-01-11-212748Z
-13581358.11450844,4433877.115300523,0.5798312,0.7869674185463659,2024-01-11 21:27:48+00:00,walton_lighthouse-2024-01-11-212748Z
-13581356.254957156,4433876.686498189,0.5798312,0.7894736842105263,2024-01-11 21:27:48+00:00,walton_lighthouse-2024-01-11-212748Z
-13581354.39540587,4433876.257695855,0.5798312,0.7919799498746867,2024-01-11 21:27:48+00:00,walton_lighthouse-2024-01-11-212748Z
-13581352.541828675,4433875.808956741,0.5798312,0.794486215538847,2024-01-11 21:27:48+00:00,walton_lighthouse-2024-01-11-212748Z
-13581350.619817257,4433875.588595979,0.5798312,0.7969924812030075,2024-01-11 21:27:48+00:00,walton_lighthouse-2024-01-11-212748Z
-13581348.719566531,4433875.295615665,0.5798312,0.7994987468671679,2024-01-11 21:27:48+00:00,walton_lighthouse-2024-01-11-212748Z
-13581346.8608341,4433874.8640806,0.5798312,0.8020050125313283,2024-01-11 21:27:48+00:00,walton_lighthouse-2024-01-11-212748Z
-13581344.970389267,4433874.538375958,0.5798312,0.8045112781954886,2024-01-11 21:27:48+00:00,walton_lighthouse-2024-01-11-212748Z
-13581343.111928632,4433874.105933897,0.5798312,0.8070175438596491,2024-01-11 21:27:48+00:00,walton_lighthouse-2024-01-11-212748Z
-13581341.222366078,4433873.777285052,0.5798312,0.8095238095238095,2024-01-11 21:27:48+00:00,walton_lighthouse-2024-01-11-212748Z
-13581339.364176655,4433873.343937951,0.5798312,0.8120300751879699,2024-01-11 21:27:48+00:00,walton_lighthouse-2024-01-11-212748Z
-13581337.475493165,4433873.012355313,0.5798312,0.8145363408521302,2024-01-11 21:27:48+00:00,walton_lighthouse-2024-01-11-212748Z
-13581335.576114554,4433872.71646448,0.5798312,0.8170426065162907,2024-01-11 21:27:48+00:00,walton_lighthouse-2024-01-11-212748Z
-13581333.724414185,4433872.261462173,0.5798312,0.8195488721804511,2024-01-11 21:27:48+00:00,walton_lighthouse-2024-01-11-212748Z
-13581331.83453408,4433871.933872987,0.5798312,0.8220551378446115,2024-01-11 21:27:48+00:00,walton_lighthouse-2024-01-11-212748Z
-13581329.94389471,4433871.608817576,0.5798312,0.8245614035087718,2024-01-11 21:27:48+00:00,walton_lighthouse-2024-01-11-212748Z
-13581328.05249304,4433871.286306101,0.5798312,0.8270676691729323,2024-01-11 21:27:48+00:00,walton_lighthouse-2024-01-11-212748Z
-13581326.124557994,4433871.085713705,0.5798312,0.8295739348370927,2024-01-11 21:27:48+00:00,walton_lighthouse-2024-01-11-212748Z
-13581324.215396894,4433870.822468935,0.5798312,0.8320802005012531,2024-01-11 21:27:48+00:00,walton_lighthouse-2024-01-11-212748Z
-13581322.33859109,4433870.451248197,0.5798312,0.8345864661654134,2024-01-11 21:27:48+00:00,walton_lighthouse-2024-01-11-212748Z
-13581320.43569792,4433870.167086172,0.5798312,0.8370927318295739,2024-01-11 21:27:48+00:00,walton_lighthouse-2024-01-11-212748Z
-13581318.515216758,4433869.941618662,0.5798312,0.8395989974937343,2024-01-11 21:27:48+00:00,walton_lighthouse-2024-01-11-212748Z
-13581316.619864888,4433869.632289818,0.5798312,0.8421052631578947,2024-01-11 21:27:48+00:00,walton_lighthouse-2024-01-11-212748Z
-13581314.699827785,4433869.405340307,0.5798312,0.844611528822055,2024-01-11 21:27:48+00:00,walton_lighthouse-2024-01-11-212748Z
-13581312.79491854,4433869.127906344,0.5798312,0.8471177944862155,2024-01-11 21:27:48+00:00,walton_lighthouse-2024-01-11-212748Z
-13581310.865827434,4433868.93117191,0.5798312,0.849624060150376,2024-01-11 21:27:48+00:00,walton_lighthouse-2024-01-11-212748Z
-13581308.965733102,4433868.637669458,0.5798312,0.8521303258145363,2024-01-11 21:27:48+00:00,walton_lighthouse-2024-01-11-212748Z
-13581307.03519086,4433868.445777712,0.5798312,0.8546365914786966,2024-01-11 21:27:48+00:00,walton_lighthouse-2024-01-11-212748Z
-13581305.13524003,4433868.151796552,0.5798312,0.8571428571428571,2024-01-11 21:27:48+00:00,walton_lighthouse-2024-01-11-212748Z
-13581303.205192348,4433867.958254359,0.5798312,0.8596491228070176,2024-01-11 21:27:48+00:00,walton_lighthouse-2024-01-11-212748Z
-13581301.297206149,4433867.691088687,0.5798312,0.8621553884711779,2024-01-11 21:27:48+00:00,walton_lighthouse-2024-01-11-212748Z
-13581299.40389336,4433867.374954978,0.5798312,0.8646616541353382,2024-01-11 21:27:48+00:00,walton_lighthouse-2024-01-11-212748Z
-13581297.502044229,4433867.087308834,0.5798312,0.8671679197994987,2024-01-11 21:27:48+00:00,walton_lighthouse-2024-01-11-212748Z
-13581295.616041686,4433866.74677946,0.5798312,0.8696741854636592,2024-01-11 21:27:48+00:00,walton_lighthouse-2024-01-11-212748Z
-13581293.725296646,4433866.422076653,0.5798312,0.8721804511278195,2024-01-11 21:27:48+00:00,walton_lighthouse-2024-01-11-212748Z
-13581291.820658298,4433866.143738621,0.5798312,0.8746867167919798,2024-01-11 21:27:48+00:00,walton_lighthouse-2024-01-11-212748Z
-13581289.924028492,4433865.838674516,0.5798312,0.8771929824561403,2024-01-11 21:27:48+00:00,walton_lighthouse-2024-01-11-212748Z
-13581288.015430668,4433865.573549995,0.5798312,0.8796992481203008,2024-01-11 21:27:48+00:00,walton_lighthouse-2024-01-11-212748Z
-13581286.129348474,4433865.233286365,0.5798312,0.8822055137844611,2024-01-11 21:27:48+00:00,walton_lighthouse-2024-01-11-212748Z
-13581284.216087123,4433864.98372492,0.5798312,0.8847117794486214,2024-01-11 21:27:48+00:00,walton_lighthouse-2024-01-11-212748Z
-13581282.2947602,4433864.761079989,0.5798312,0.8872180451127819,2024-01-11 21:27:48+00:00,walton_lighthouse-2024-01-11-212748Z
-13581280.295533136,4433864.798402756,0.5798312,0.8897243107769424,2024-01-11 21:27:48+00:00,walton_lighthouse-2024-01-11-212748Z
-13581278.263213852,4433864.946160655,0.5798312,0.8922305764411027,2024-01-11 21:27:48+00:00,walton_lighthouse-2024-01-11-212748Z
-13581276.198414266,4433865.202311693,0.5798312,0.894736842105263,2024-01-11 21:27:48+00:00,walton_lighthouse-2024-01-11-212748Z
-13581274.167157672,4433865.346523349,0.5798312,0.8972431077694235,2024-01-11 21:27:48+00:00,walton_lighthouse-2024-01-11-212748Z
-13581274.167157672,4433865.346523349,0.5798312,0.899749373433584,2024-01-11 21:27:48+00:00,walton_lighthouse-2024-01-11-212748Z
-13581274.167157672,4433865.346523349,0.5798312,0.9022556390977443,2024-01-11 21:27:48+00:00,walton_lighthouse-2024-01-11-212748Z
-13581274.167157672,4433865.346523349,0.5798312,0.9047619047619047,2024-01-11 21:27:48+00:00,walton_lighthouse-2024-01-11-212748Z
-13581274.167157672,4433865.346523349,0.5798312,0.9072681704260651,2024-01-11 21:27:48+00:00,walton_lighthouse-2024-01-11-212748Z
-13581274.167157672,4433865.346523349,0.5798312,0.9097744360902256,2024-01-11 21:27:48+00:00,walton_lighthouse-2024-01-11-212748Z
-13581274.167157672,4433865.346523349,0.5798312,0.9122807017543859,2024-01-11 21:27:48+00:00,walton_lighthouse-2024-01-11-212748Z
-13581274.167157672,4433865.346523349,0.5798312,0.9147869674185463,2024-01-11 21:27:48+00:00,walton_lighthouse-2024-01-11-212748Z
-13581274.167157672,4433865.346523349,0.5798312,0.9172932330827067,2024-01-11 21:27:48+00:00,walton_lighthouse-2024-01-11-212748Z
-13581274.167157672,4433865.346523349,0.5798312,0.9197994987468672,2024-01-11 21:27:48+00:00,walton_lighthouse-2024-01-11-212748Z
-13581274.167157672,4433865.346523349,0.5798312,0.9223057644110275,2024-01-11 21:27:48+00:00,walton_lighthouse-2024-01-11-212748Z
-13581274.167157672,4433865.346523349,0.5798312,0.9248120300751879,2024-01-11 21:27:48+00:00,walton_lighthouse-2024-01-11-212748Z
-13581274.167157672,4433865.346523349,0.5798312,0.9273182957393483,2024-01-11 21:27:48+00:00,walton_lighthouse-2024-01-11-212748Z
-13581274.167157672,4433865.346523349,0.5798312,0.9298245614035088,2024-01-11 21:27:48+00:00,walton_lighthouse-2024-01-11-212748Z
-13581274.167157672,4433865.346523349,0.5798312,0.9323308270676691,2024-01-11 21:27:48+00:00,walton_lighthouse-2024-01-11-212748Z
-13581274.167157672,4433865.346523349,0.5798312,0.9348370927318295,2024-01-11 21:27:48+00:00,walton_lighthouse-2024-01-11-212748Z
-13581274.167157672,4433865.346523349,0.5798312,0.9373433583959899,2024-01-11 21:27:48+00:00,walton_lighthouse-2024-01-11-212748Z
-13581274.167157672,4433865.346523349,0.5798312,0.9398496240601504,2024-01-11 21:27:48+00:00,walton_lighthouse-2024-01-11-212748Z
-13581274.167157672,4433865.346523349,0.5798312,0.9423558897243107,2024-01-11 21:27:48+00:00,walton_lighthouse-2024-01-11-212748Z
-13581274.167157672,4433865.346523349,0.5798312,0.9448621553884711,2024-01-11 21:27:48+00:00,walton_lighthouse-2024-01-11-212748Z
-13581274.167157672,4433865.346523349,0.5798312,0.9473684210526315,2024-01-11 21:27:48+00:00,walton_lighthouse-2024-01-11-212748Z
-13581274.167157672,4433865.346523349,0.5798312,0.949874686716792,2024-01-11 21:27:48+00:00,walton_lighthouse-2024-01-11-212748Z
-13581274.167157672,4433865.346523349,0.5798312,0.9523809523809523,2024-01-11 21:27:48+00:00,walton_lighthouse-2024-01-11-212748Z
-13581274.167157672,4433865.346523349,0.5798312,0.9548872180451127,2024-01-11 21:27:48+00:00,walton_lighthouse-2024-01-11-212748Z
-13581274.167157672,4433865.346523349,0.5798312,0.9573934837092731,2024-01-11 21:27:48+00:00,walton_lighthouse-2024-01-11-212748Z
-13581274.167157672,4433865.346523349,0.5798312,0.9598997493734336,2024-01-11 21:27:48+00:00,walton_lighthouse-2024-01-11-212748Z
-13581274.167157672,4433865.346523349,0.5798312,0.9624060150375939,2024-01-11 21:27:48+00:00,walton_lighthouse-2024-01-11-212748Z
-13581274.167157672,4433865.346523349,0.5798312,0.9649122807017543,2024-01-11 21:27:48+00:00,walton_lighthouse-2024-01-11-212748Z
-13581274.167157672,4433865.346523349,0.5798312,0.9674185463659147,2024-01-11 21:27:48+00:00,walton_lighthouse-2024-01-11-212748Z
-13581274.167157672,4433865.346523349,0.5798312,0.9699248120300752,2024-01-11 21:27:48+00:00,walton_lighthouse-2024-01-11-212748Z
-13581274.167157672,4433865.346523349,0.5798312,0.9724310776942355,2024-01-11 21:27:48+00:00,walton_lighthouse-2024-01-11-212748Z
-13581274.167157672,4433865.346523349,0.5798312,0.9749373433583959,2024-01-11 21:27:48+00:00,walton_lighthouse-2024-01-11-212748Z
-13581274.167157672,4433865.346523349,0.5798312,0.9774436090225563,2024-01-11 21:27:48+00:00,walton_lighthouse-2024-01-11-212748Z
-13581274.167157672,4433865.346523349,0.5798312,0.9799498746867168,2024-01-11 21:27:48+00:00,walton_lighthouse-2024-01-11-212748Z
-13581274.167157672,4433865.346523349,0.5798312,0.9824561403508771,2024-01-11 21:27:48+00:00,walton_lighthouse-2024-01-11-212748Z
-13581274.167157672,4433865.346523349,0.5798312,0.9849624060150375,2024-01-11 21:27:48+00:00,walton_lighthouse-2024-01-11-212748Z
-13581274.167157672,4433865.346523349,0.5798312,0.9874686716791979,2024-01-11 21:27:48+00:00,walton_lighthouse-2024-01-11-212748Z
-13581274.167157672,4433865.346523349,0.5798312,0.9899749373433584,2024-01-11 21:27:48+00:00,walton_lighthouse-2024-01-11-212748Z
-13581274.167157672,4433865.346523349,0.5798312,0.9924812030075187,2024-01-11 21:27:48+00:00,walton_lighthouse-2024-01-11-212748Z
-13581274.167157672,4433865.346523349,0.5798312,0.9949874686716791,2024-01-11 21:27:48+00:00,walton_lighthouse-2024-01-11-212748Z
-13581274.167157672,4433865.346523349,0.5798312,0.9974937343358395,2024-01-11 21:27:48+00:00,walton_lighthouse-2024-01-11-212748Z
-13581274.167157672,4433865.346523349,0.5798312,1.0,2024-01-11 21:27:48+00:00,walton_lighthouse-2024-01-11-212748Z
-13581921.01754778,4434081.827174801,0.3229864,0.0,2024-01-11 21:57:48+00:00,walton_lighthouse-2024-01-11-215748Z
-13581919.20596751,4434081.238283913,0.3229864,0.002506265664160401,2024-01-11 21:57:48+00:00,walton_lighthouse-2024-01-11-215748Z
-13581917.39438723,4434080.649393022,0.3229864,0.005012531328320802,2024-01-11 21:57:48+00:00,walton_lighthouse-2024-01-11-215748Z
-13581915.582806922,4434080.060502123,0.3229864,0.007518796992481203,2024-01-11 21:57:48+00:00,walton_lighthouse-2024-01-11-215748Z
-13581913.771226645,4434079.471611231,0.3229864,0.010025062656641603,2024-01-11 21:57:48+00:00,walton_lighthouse-2024-01-11-215748Z
-13581911.959646406,4434078.88272035,0.3229864,0.012531328320802004,2024-01-11 21:57:48+00:00,walton_lighthouse-2024-01-11-215748Z
-13581910.226266334,4434078.032860136,0.3229864,0.015037593984962405,2024-01-11 21:57:48+00:00,walton_lighthouse-2024-01-11-215748Z
-13581908.647867208,4434076.665798422,0.3229864,0.017543859649122806,2024-01-11 21:57:48+00:00,walton_lighthouse-2024-01-11-215748Z
-13581906.835563932,4434076.079320306,0.3229864,0.020050125313283207,2024-01-11 21:57:48+00:00,walton_lighthouse-2024-01-11-215748Z
-13581905.023260685,4434075.492842197,0.3229864,0.022556390977443608,2024-01-11 21:57:48+00:00,walton_lighthouse-2024-01-11-215748Z
-13581903.21095742,4434074.906364088,0.3229864,0.02506265664160401,2024-01-11 21:57:48+00:00,walton_lighthouse-2024-01-11-215748Z
-13581901.398654103,4434074.319885961,0.3229864,0.02756892230576441,2024-01-11 21:57:48+00:00,walton_lighthouse-2024-01-11-215748Z
-13581899.58635083,4434073.733407845,0.3229864,0.03007518796992481,2024-01-11 21:57:48+00:00,walton_lighthouse-2024-01-11-215748Z
-13581897.77404758,4434073.146929737,0.3229864,0.03258145363408521,2024-01-11 21:57:48+00:00,walton_lighthouse-2024-01-11-215748Z
-13581896.192900363,4434071.789039019,0.3229864,0.03508771929824561,2024-01-11 21:57:48+00:00,walton_lighthouse-2024-01-11-215748Z
-13581894.38005149,4434071.204381634,0.3229864,0.03759398496240601,2024-01-11 21:57:48+00:00,walton_lighthouse-2024-01-11-215748Z
-13581892.56720261,4434070.619724247,0.3229864,0.040100250626566414,2024-01-11 21:57:48+00:00,walton_lighthouse-2024-01-11-215748Z
-13581890.754353773,4434070.035066871,0.3229864,0.042606516290726815,2024-01-11 21:57:48+00:00,walton_lighthouse-2024-01-11-215748Z
-13581888.941504909,4434069.450409491,0.3229864,0.045112781954887216,2024-01-11 21:57:48+00:00,walton_lighthouse-2024-01-11-215748Z
-13581887.12865602,4434068.8657521,0.3229864,0.047619047619047616,2024-01-11 21:57:48+00:00,walton_lighthouse-2024-01-11-215748Z
-13581885.315807171,4434068.281094722,0.3229864,0.05012531328320802,2024-01-11 21:57:48+00:00,walton_lighthouse-2024-01-11-215748Z
-13581883.750093536,4434066.8716991935,0.3229864,0.05263157894736842,2024-01-11 21:57:48+00:00,walton_lighthouse-2024-01-11-215748Z
-13581882.070768837,4434065.841445787,0.3229864,0.05513784461152882,2024-01-11 21:57:48+00:00,walton_lighthouse-2024-01-11-215748Z
-13581880.257004198,4434065.25984442,0.3229864,0.05764411027568922,2024-01-11 21:57:48+00:00,walton_lighthouse-2024-01-11-215748Z
-13581878.44323959,4434064.678243059,0.3229864,0.06015037593984962,2024-01-11 21:57:48+00:00,walton_lighthouse-2024-01-11-215748Z
-13581876.62947502,4434064.09664171,0.3229864,0.06265664160401002,2024-01-11 21:57:48+00:00,walton_lighthouse-2024-01-11-215748Z
-13581874.815710394,4434063.515040347,0.3229864,0.06516290726817042,2024-01-11 21:57:48+00:00,walton_lighthouse-2024-01-11-215748Z
-13581873.00194576,4434062.933438979,0.3229864,0.06766917293233082,2024-01-11 21:57:48+00:00,walton_lighthouse-2024-01-11-215748Z
-13581871.33456363,4434061.863330896,0.3229864,0.07017543859649122,2024-01-11 21:57:48+00:00,walton_lighthouse-2024-01-11-215748Z
-13581869.866921011,4434060.126653417,0.3229864,0.07268170426065163,2024-01-11 21:57:48+00:00,walton_lighthouse-2024-01-11-215748Z
-13581868.241037618,4434058.918056049,0.3229864,0.07518796992481203,2024-01-11 21:57:48+00:00,walton_lighthouse-2024-01-11-215748Z
-13581866.425604058,4434058.342024158,0.3229864,0.07769423558897243,2024-01-11 21:57:48+00:00,walton_lighthouse-2024-01-11-215748Z
-13581864.610170564,4434057.765992284,0.3229864,0.08020050125313283,2024-01-11 21:57:48+00:00,walton_lighthouse-2024-01-11-215748Z
-13581862.79473704,4434057.189960405,0.3229864,0.08270676691729323,2024-01-11 21:57:48+00:00,walton_lighthouse-2024-01-11-215748Z
-13581860.979303498,4434056.613928516,0.3229864,0.08521303258145363,2024-01-11 21:57:48+00:00,walton_lighthouse-2024-01-11-215748Z
-13581859.16386999,4434056.037896641,0.3229864,0.08771929824561403,2024-01-11 21:57:48+00:00,walton_lighthouse-2024-01-11-215748Z
-13581857.504833365,4434054.9399380265,0.3229864,0.09022556390977443,2024-01-11 21:57:48+00:00,walton_lighthouse-2024-01-11-215748Z
-13581855.909161286,4434053.630519597,0.3229864,0.09273182957393483,2024-01-11 21:57:48+00:00,walton_lighthouse-2024-01-11-215748Z
-13581854.092788946,4434053.057620646,0.3229864,0.09523809523809523,2024-01-11 21:57:48+00:00,walton_lighthouse-2024-01-11-215748Z
-13581852.276416631,4434052.484721703,0.3229864,0.09774436090225563,2024-01-11 21:57:48+00:00,walton_lighthouse-2024-01-11-215748Z
-13581850.460044356,4434051.91182277,0.3229864,0.10025062656641603,2024-01-11 21:57:48+00:00,walton_lighthouse-2024-01-11-215748Z
-13581848.643672029,4434051.338923825,0.3229864,0.10275689223057644,2024-01-11 21:57:48+00:00,walton_lighthouse-2024-01-11-215748Z
-13581846.827299688,4434050.766024874,0.3229864,0.10526315789473684,2024-01-11 21:57:48+00:00,walton_lighthouse-2024-01-11-215748Z
-13581845.19566324,4434049.576626515,0.3229864,0.10776942355889724,2024-01-11 21:57:48+00:00,walton_lighthouse-2024-01-11-215748Z
-13581843.56746566,4434048.375752074,0.3229864,0.11027568922305764,2024-01-11 21:57:48+00:00,walton_lighthouse-2024-01-11-215748Z
-13581841.750146125,4434047.806014251,0.3229864,0.11278195488721804,2024-01-11 21:57:48+00:00,walton_lighthouse-2024-01-11-215748Z
-13581839.932826532,4434047.236276411,0.3229864,0.11528822055137844,2024-01-11 21:57:48+00:00,walton_lighthouse-2024-01-11-215748Z
-13581838.11550698,4434046.666538582,0.3229864,0.11779448621553884,2024-01-11 21:57:48+00:00,walton_lighthouse-2024-01-11-215748Z
-13581836.298187451,4434046.096800761,0.3229864,0.12030075187969924,2024-01-11 21:57:48+00:00,walton_lighthouse-2024-01-11-215748Z
-13581834.480867902,4434045.527062934,0.3229864,0.12280701754385964,2024-01-11 21:57:48+00:00,walton_lighthouse-2024-01-11-215748Z
-13581832.935753465,4434044.048923806,0.3229864,0.12531328320802004,2024-01-11 21:57:48+00:00,walton_lighthouse-2024-01-11-215748Z
-13581831.458568064,4434042.344092303,0.3229864,0.12781954887218044,2024-01-11 21:57:48+00:00,walton_lighthouse-2024-01-11-215748Z
-13581829.769520711,4434041.346285346,0.3229864,0.13032581453634084,2024-01-11 21:57:48+00:00,walton_lighthouse-2024-01-11-215748Z
-13581827.950280895,4434040.7829558095,0.3229864,0.13283208020050125,2024-01-11 21:57:48+00:00,walton_lighthouse-2024-01-11-215748Z
-13581826.13104106,4434040.219626263,0.3229864,0.13533834586466165,2024-01-11 21:57:48+00:00,walton_lighthouse-2024-01-11-215748Z
-13581824.311801258,4434039.656296728,0.3229864,0.13784461152882205,2024-01-11 21:57:48+00:00,walton_lighthouse-2024-01-11-215748Z
-13581822.492561452,4434039.092967192,0.3229864,0.14035087719298245,2024-01-11 21:57:48+00:00,walton_lighthouse-2024-01-11-215748Z
-13581820.721776169,4434038.367935492,0.3229864,0.14285714285714285,2024-01-11 21:57:48+00:00,walton_lighthouse-2024-01-11-215748Z
-13581819.24169636,4434036.672763147,0.3229864,0.14536340852130325,2024-01-11 21:57:48+00:00,walton_lighthouse-2024-01-11-215748Z
-13581817.4775135,4434035.92569787,0.3229864,0.14786967418546365,2024-01-11 21:57:48+00:00,walton_lighthouse-2024-01-11-215748Z
-13581815.657104746,4434035.366269447,0.3229864,0.15037593984962405,2024-01-11 21:57:48+00:00,walton_lighthouse-2024-01-11-215748Z
-13581813.836695936,4434034.806841011,0.3229864,0.15288220551378445,2024-01-11 21:57:48+00:00,walton_lighthouse-2024-01-11-215748Z
-13581812.016287124,4434034.247412571,0.3229864,0.15538847117794485,2024-01-11 21:57:48+00:00,walton_lighthouse-2024-01-11-215748Z
-13581810.195878351,4434033.687984143,0.3229864,0.15789473684210525,2024-01-11 21:57:48+00:00,walton_lighthouse-2024-01-11-215748Z
-13581808.550696673,4434032.543788859,0.3229864,0.16040100250626566,2024-01-11 21:57:48+00:00,walton_lighthouse-2024-01-11-215748Z
-13581807.067849971,4434030.857850217,0.3229864,0.16290726817042606,2024-01-11 21:57:48+00:00,walton_lighthouse-2024-01-11-215748Z
-13581805.284516005,4434030.1746958615,0.3229864,0.16541353383458646,2024-01-11 21:57:48+00:00,walton_lighthouse-2024-01-11-215748Z
-13581803.573192596,4434029.251228428,0.3229864,0.16791979949874686,2024-01-11 21:57:48+00:00,walton_lighthouse-2024-01-11-215748Z
-13581801.751006136,4434028.697732413,0.3229864,0.17042606516290726,2024-01-11 21:57:48+00:00,walton_lighthouse-2024-01-11-215748Z
-13581799.928819656,4434028.144236389,0.3229864,0.17293233082706766,2024-01-11 21:57:48+00:00,walton_lighthouse-2024-01-11-215748Z
-13581798.179926025,4434027.346148039,0.3229864,0.17543859649122806,2024-01-11 21:57:48+00:00,walton_lighthouse-2024-01-11-215748Z
-13581796.419741884,4434026.585738288,0.3229864,0.17794486215538846,2024-01-11 21:57:48+00:00,walton_lighthouse-2024-01-11-215748Z
-13581794.934247533,4434024.908635421,0.3229864,0.18045112781954886,2024-01-11 21:57:48+00:00,walton_lighthouse-2024-01-11-215748Z
-13581793.299182644,4434023.730678349,0.3229864,0.18295739348370926,2024-01-11 21:57:48+00:00,walton_lighthouse-2024-01-11-215748Z
-13581791.548900492,4434022.937223715,0.3229864,0.18546365914786966,2024-01-11 21:57:48+00:00,walton_lighthouse-2024-01-11-215748Z
-13581789.872132296,4434021.898438884,0.3229864,0.18796992481203006,2024-01-11 21:57:48+00:00,walton_lighthouse-2024-01-11-215748Z
-13581788.047529295,4434021.35300728,0.3229864,0.19047619047619047,2024-01-11 21:57:48+00:00,walton_lighthouse-2024-01-11-215748Z
-13581786.296438709,4434020.562250482,0.3229864,0.19298245614035087,2024-01-11 21:57:48+00:00,walton_lighthouse-2024-01-11-215748Z
-13581784.471631909,4434020.017499049,0.3229864,0.19548872180451127,2024-01-11 21:57:48+00:00,walton_lighthouse-2024-01-11-215748Z
-13581782.83834236,4434018.833617486,0.3229864,0.19799498746867167,2024-01-11 21:57:48+00:00,walton_lighthouse-2024-01-11-215748Z
-13581781.350312054,4434017.16497763,0.3229864,0.20050125313283207,2024-01-11 21:57:48+00:00,walton_lighthouse-2024-01-11-215748Z
-13581779.76880365,4434015.808292139,0.3229864,0.20300751879699247,2024-01-11 21:57:48+00:00,walton_lighthouse-2024-01-11-215748Z
-13581778.27623492,4434014.154797837,0.3229864,0.20551378446115287,2024-01-11 21:57:48+00:00,walton_lighthouse-2024-01-11-215748Z
-13581776.448324729,4434013.620403111,0.3229864,0.20802005012531327,2024-01-11 21:57:48+00:00,walton_lighthouse-2024-01-11-215748Z
-13581774.84368131,4434012.340923775,0.3229864,0.21052631578947367,2024-01-11 21:57:48+00:00,walton_lighthouse-2024-01-11-215748Z
-13581773.539575208,4434010.058493097,0.3229864,0.21303258145363407,2024-01-11 21:57:48+00:00,walton_lighthouse-2024-01-11-215748Z
-13581771.860244991,4434009.02825805,0.3229864,0.21553884711779447,2024-01-11 21:57:48+00:00,walton_lighthouse-2024-01-11-215748Z
-13581770.142885724,4434008.124933446,0.3229864,0.21804511278195488,2024-01-11 21:57:48+00:00,walton_lighthouse-2024-01-11-215748Z
-13581768.387457674,4434007.348651665,0.3229864,0.22055137844611528,2024-01-11 21:57:48+00:00,walton_lighthouse-2024-01-11-215748Z
-13581766.556462688,4434006.824551347,0.3229864,0.22305764411027568,2024-01-11 21:57:48+00:00,walton_lighthouse-2024-01-11-215748Z
-13581764.815952174,4434005.998486903,0.3229864,0.22556390977443608,2024-01-11 21:57:48+00:00,walton_lighthouse-2024-01-11-215748Z
-13581763.32549067,4434004.337960405,0.3229864,0.22807017543859648,2024-01-11 21:57:48+00:00,walton_lighthouse-2024-01-11-215748Z
-13581761.835029157,4434002.677433911,0.3229864,0.23057644110275688,2024-01-11 21:57:48+00:00,walton_lighthouse-2024-01-11-215748Z
-13581760.34456762,4434001.016907421,0.3229864,0.23308270676691728,2024-01-11 21:57:48+00:00,walton_lighthouse-2024-01-11-215748Z
-13581758.854106132,4433999.356380918,0.3229864,0.23558897243107768,2024-01-11 21:57:48+00:00,walton_lighthouse-2024-01-11-215748Z
-13581757.193020033,4433998.265261798,0.3229864,0.23809523809523808,2024-01-11 21:57:48+00:00,walton_lighthouse-2024-01-11-215748Z
-13581755.35729025,4433997.756962372,0.3229864,0.24060150375939848,2024-01-11 21:57:48+00:00,walton_lighthouse-2024-01-11-215748Z
-13581753.521560498,4433997.248662954,0.3229864,0.24310776942355888,2024-01-11 21:57:48+00:00,walton_lighthouse-2024-01-11-215748Z
-13581751.685830764,4433996.740363543,0.3229864,0.24561403508771928,2024-01-11 21:57:48+00:00,walton_lighthouse-2024-01-11-215748Z
-13581749.85010101,4433996.232064127,0.3229864,0.24812030075187969,2024-01-11 21:57:48+00:00,walton_lighthouse-2024-01-11-215748Z
-13581748.300907992,4433994.767535983,0.3229864,0.2506265664160401,2024-01-11 21:57:48+00:00,walton_lighthouse-2024-01-11-215748Z
-13581746.808113702,4433993.114794424,0.3229864,0.2531328320802005,2024-01-11 21:57:48+00:00,walton_lighthouse-2024-01-11-215748Z
-13581745.028256062,4433992.420039031,0.3229864,0.2556390977443609,2024-01-11 21:57:48+00:00,walton_lighthouse-2024-01-11-215748Z
-13581743.190484652,4433991.918552977,0.3229864,0.2581453634085213,2024-01-11 21:57:48+00:00,walton_lighthouse-2024-01-11-215748Z
-13581741.352713237,4433991.41706692,0.3229864,0.2606516290726817,2024-01-11 21:57:48+00:00,walton_lighthouse-2024-01-11-215748Z
-13581739.514941838,4433990.915580869,0.3229864,0.2631578947368421,2024-01-11 21:57:48+00:00,walton_lighthouse-2024-01-11-215748Z
-13581737.784168024,4433990.0570231965,0.3229864,0.2656641604010025,2024-01-11 21:57:48+00:00,walton_lighthouse-2024-01-11-215748Z
-13581736.289133525,4433988.411757694,0.3229864,0.2681704260651629,2024-01-11 21:57:48+00:00,walton_lighthouse-2024-01-11-215748Z
-13581734.53346412,4433987.636281257,0.3229864,0.2706766917293233,2024-01-11 21:57:48+00:00,walton_lighthouse-2024-01-11-215748Z
-13581732.694079544,4433987.1401786925,0.3229864,0.2731829573934837,2024-01-11 21:57:48+00:00,walton_lighthouse-2024-01-11-215748Z
-13581730.854694985,4433986.644076135,0.3229864,0.2756892230576441,2024-01-11 21:57:48+00:00,walton_lighthouse-2024-01-11-215748Z
-13581729.015310409,4433986.147973573,0.3229864,0.2781954887218045,2024-01-11 21:57:48+00:00,walton_lighthouse-2024-01-11-215748Z
-13581727.301758563,4433985.231942751,0.3229864,0.2807017543859649,2024-01-11 21:57:48+00:00,walton_lighthouse-2024-01-11-215748Z
-13581725.487530198,4433984.651888998,0.3229864,0.2832080200501253,2024-01-11 21:57:48+00:00,walton_lighthouse-2024-01-11-215748Z
-13581723.647680605,4433984.157338354,0.3229864,0.2857142857142857,2024-01-11 21:57:48+00:00,walton_lighthouse-2024-01-11-215748Z
-13581721.807830991,4433983.662787707,0.3229864,0.2882205513784461,2024-01-11 21:57:48+00:00,walton_lighthouse-2024-01-11-215748Z
-13581719.967981365,4433983.16823705,0.3229864,0.2907268170426065,2024-01-11 21:57:48+00:00,walton_lighthouse-2024-01-11-215748Z
-13581718.350972936,4433981.930022188,0.3229864,0.2932330827067669,2024-01-11 21:57:48+00:00,walton_lighthouse-2024-01-11-215748Z
-13581716.737845223,4433980.678856605,0.3229864,0.2957393483709273,2024-01-11 21:57:48+00:00,walton_lighthouse-2024-01-11-215748Z
-13581714.896589337,4433980.188998989,0.3229864,0.2982456140350877,2024-01-11 21:57:48+00:00,walton_lighthouse-2024-01-11-215748Z
-13581713.055333422,4433979.699141366,0.3229864,0.3007518796992481,2024-01-11 21:57:48+00:00,walton_lighthouse-2024-01-11-215748Z
-13581711.214077532,4433979.209283749,0.3229864,0.3032581453634085,2024-01-11 21:57:48+00:00,walton_lighthouse-2024-01-11-215748Z
-13581709.434721354,4433978.512854876,0.3229864,0.3057644110275689,2024-01-11 21:57:48+00:00,walton_lighthouse-2024-01-11-215748Z
-13581707.754831117,4433977.484488741,0.3229864,0.3082706766917293,2024-01-11 21:57:48+00:00,walton_lighthouse-2024-01-11-215748Z
-13581705.912865711,4433976.996998836,0.3229864,0.3107769423558897,2024-01-11 21:57:48+00:00,walton_lighthouse-2024-01-11-215748Z
-13581704.07090034,4433976.509508944,0.3229864,0.3132832080200501,2024-01-11 21:57:48+00:00,walton_lighthouse-2024-01-11-215748Z
-13581702.228934957,4433976.022019047,0.3229864,0.3157894736842105,2024-01-11 21:57:48+00:00,walton_lighthouse-2024-01-11-215748Z
-13581700.55109958,4433974.986795446,0.3229864,0.3182957393483709,2024-01-11 21:57:48+00:00,walton_lighthouse-2024-01-11-215748Z
-13581698.914156998,4433973.815104643,0.3229864,0.3208020050125313,2024-01-11 21:57:48+00:00,walton_lighthouse-2024-01-11-215748Z
-13581697.070999593,4433973.3315928085,0.3229864,0.3233082706766917,2024-01-11 21:57:48+00:00,walton_lighthouse-2024-01-11-215748Z
-13581695.227842169,4433972.84808097,0.3229864,0.3258145363408521,2024-01-11 21:57:48+00:00,walton_lighthouse-2024-01-11-215748Z
-13581693.384684728,4433972.364569125,0.3229864,0.3283208020050125,2024-01-11 21:57:48+00:00,walton_lighthouse-2024-01-11-215748Z
-13581691.698340956,4433971.357739753,0.3229864,0.3308270676691729,2024-01-11 21:57:48+00:00,walton_lighthouse-2024-01-11-215748Z
-13581689.918050095,4433970.664430017,0.3229864,0.3333333333333333,2024-01-11 21:57:48+00:00,walton_lighthouse-2024-01-11-215748Z
-13581688.074171662,4433970.18332434,0.3229864,0.3358395989974937,2024-01-11 21:57:48+00:00,walton_lighthouse-2024-01-11-215748Z
-13581686.230293209,4433969.702218656,0.3229864,0.3383458646616541,2024-01-11 21:57:48+00:00,walton_lighthouse-2024-01-11-215748Z
-13581684.38641477,4433969.221112979,0.3229864,0.3408521303258145,2024-01-11 21:57:48+00:00,walton_lighthouse-2024-01-11-215748Z
-13581682.687800083,4433968.255234086,0.3229864,0.3433583959899749,2024-01-11 21:57:48+00:00,walton_lighthouse-2024-01-11-215748Z
-13581680.843438525,4433967.7757406505,0.3229864,0.3458646616541353,2024-01-11 21:57:48+00:00,walton_lighthouse-2024-01-11-215748Z
-13581678.999076957,4433967.29624721,0.3229864,0.3483709273182957,2024-01-11 21:57:48+00:00,walton_lighthouse-2024-01-11-215748Z
-13581677.154715406,4433966.816753777,0.3229864,0.3508771929824561,2024-01-11 21:57:48+00:00,walton_lighthouse-2024-01-11-215748Z
-13581675.490356129,4433965.736557913,0.3229864,0.3533834586466165,2024-01-11 21:57:48+00:00,walton_lighthouse-2024-01-11-215748Z
-13581673.64538787,4433965.259089218,0.3229864,0.3558897243107769,2024-01-11 21:57:48+00:00,walton_lighthouse-2024-01-11-215748Z
-13581671.800419573,4433964.781620509,0.3229864,0.3583959899749373,2024-01-11 21:57:48+00:00,walton_lighthouse-2024-01-11-215748Z
-13581669.955451306,4433964.304151808,0.3229864,0.3609022556390977,2024-01-11 21:57:48+00:00,walton_lighthouse-2024-01-11-215748Z
-13581668.32978112,4433963.094842931,0.3229864,0.3634085213032581,2024-01-11 21:57:48+00:00,walton_lighthouse-2024-01-11-215748Z
-13581666.51474445,4433962.517486693,0.3229864,0.3659147869674185,2024-01-11 21:57:48+00:00,walton_lighthouse-2024-01-11-215748Z
-13581664.668921718,4433962.042869476,0.3229864,0.3684210526315789,2024-01-11 21:57:48+00:00,walton_lighthouse-2024-01-11-215748Z
-13581662.823098984,4433961.568252257,0.3229864,0.37092731829573933,2024-01-11 21:57:48+00:00,walton_lighthouse-2024-01-11-215748Z
-13581661.048081454,4433960.857344443,0.3229864,0.37343358395989973,2024-01-11 21:57:48+00:00,walton_lighthouse-2024-01-11-215748Z
-13581659.20201346,4433960.383545742,0.3229864,0.37593984962406013,2024-01-11 21:57:48+00:00,walton_lighthouse-2024-01-11-215748Z
-13581657.35594545,4433959.909747033,0.3229864,0.37844611528822053,2024-01-11 21:57:48+00:00,walton_lighthouse-2024-01-11-215748Z
-13581655.509877464,4433959.435948335,0.3229864,0.38095238095238093,2024-01-11 21:57:48+00:00,walton_lighthouse-2024-01-11-215748Z
-13581653.73377637,4433958.728656539,0.3229864,0.38345864661654133,2024-01-11 21:57:48+00:00,walton_lighthouse-2024-01-11-215748Z
-13581651.887462609,4433958.255678026,0.3229864,0.38596491228070173,2024-01-11 21:57:48+00:00,walton_lighthouse-2024-01-11-215748Z
-13581650.041148825,4433957.782699506,0.3229864,0.38847117794486213,2024-01-11 21:57:48+00:00,walton_lighthouse-2024-01-11-215748Z
-13581648.234647991,4433957.176857568,0.3229864,0.39097744360902253,2024-01-11 21:57:48+00:00,walton_lighthouse-2024-01-11-215748Z
-13581646.486913038,4433956.3749024775,0.3229864,0.39348370927318294,2024-01-11 21:57:48+00:00,walton_lighthouse-2024-01-11-215748Z
-13581644.640106192,4433955.903569371,0.3229864,0.39598997493734334,2024-01-11 21:57:48+00:00,walton_lighthouse-2024-01-11-215748Z
-13581642.793299371,4433955.432236275,0.3229864,0.39849624060150374,2024-01-11 21:57:48+00:00,walton_lighthouse-2024-01-11-215748Z
-13581641.082795402,4433954.506034193,0.3229864,0.40100250626566414,2024-01-11 21:57:48+00:00,walton_lighthouse-2024-01-11-215748Z
-13581639.236665532,4433954.032441988,0.3229864,0.40350877192982454,2024-01-11 21:57:48+00:00,walton_lighthouse-2024-01-11-215748Z
-13581637.389363626,4433953.5627610665,0.3229864,0.40601503759398494,2024-01-11 21:57:48+00:00,walton_lighthouse-2024-01-11-215748Z
-13581635.542061714,4433953.093080143,0.3229864,0.40852130325814534,2024-01-11 21:57:48+00:00,walton_lighthouse-2024-01-11-215748Z
-13581633.830812003,4433952.169366745,0.3229864,0.41102756892230574,2024-01-11 21:57:48+00:00,walton_lighthouse-2024-01-11-215748Z
-13581631.983012987,4433951.701344803,0.3229864,0.41353383458646614,2024-01-11 21:57:48+00:00,walton_lighthouse-2024-01-11-215748Z
-13581630.135213956,4433951.233322852,0.3229864,0.41604010025062654,2024-01-11 21:57:48+00:00,walton_lighthouse-2024-01-11-215748Z
-13581628.354903242,4433950.540079391,0.3229864,0.41854636591478694,2024-01-11 21:57:48+00:00,walton_lighthouse-2024-01-11-215748Z
-13581626.506854905,4433950.072889499,0.3229864,0.42105263157894735,2024-01-11 21:57:48+00:00,walton_lighthouse-2024-01-11-215748Z
-13581624.658806562,4433949.605699607,0.3229864,0.42355889724310775,2024-01-11 21:57:48+00:00,walton_lighthouse-2024-01-11-215748Z
-13581622.8107582,4433949.138509708,0.3229864,0.42606516290726815,2024-01-11 21:57:48+00:00,walton_lighthouse-2024-01-11-215748Z
-13581620.96270986,4433948.6713198135,0.3229864,0.42857142857142855,2024-01-11 21:57:48+00:00,walton_lighthouse-2024-01-11-215748Z
-13581619.114661545,4433948.20412993,0.3229864,0.43107769423558895,2024-01-11 21:57:48+00:00,walton_lighthouse-2024-01-11-215748Z
-13581617.26661319,4433947.736940036,0.3229864,0.43358395989974935,2024-01-11 21:57:48+00:00,walton_lighthouse-2024-01-11-215748Z
-13581615.484443398,4433947.049900576,0.3229864,0.43609022556390975,2024-01-11 21:57:48+00:00,walton_lighthouse-2024-01-11-215748Z
-13581613.636145215,4433946.583544449,0.3229864,0.43859649122807015,2024-01-11 21:57:48+00:00,walton_lighthouse-2024-01-11-215748Z
-13581611.78784705,4433946.117188328,0.3229864,0.44110275689223055,2024-01-11 21:57:48+00:00,walton_lighthouse-2024-01-11-215748Z
-13581609.939548874,4433945.650832207,0.3229864,0.44360902255639095,2024-01-11 21:57:48+00:00,walton_lighthouse-2024-01-11-215748Z
-13581608.091250664,4433945.184476071,0.3229864,0.44611528822055135,2024-01-11 21:57:48+00:00,walton_lighthouse-2024-01-11-215748Z
-13581606.24295248,4433944.718119944,0.3229864,0.44862155388471175,2024-01-11 21:57:48+00:00,walton_lighthouse-2024-01-11-215748Z
-13581604.523812436,4433943.820738116,0.3229864,0.45112781954887216,2024-01-11 21:57:48+00:00,walton_lighthouse-2024-01-11-215748Z
-13581602.675013024,4433943.356054693,0.3229864,0.45363408521303256,2024-01-11 21:57:48+00:00,walton_lighthouse-2024-01-11-215748Z
-13581600.826213602,4433942.891371266,0.3229864,0.45614035087719296,2024-01-11 21:57:48+00:00,walton_lighthouse-2024-01-11-215748Z
-13581599.105597235,4433941.998916112,0.3229864,0.45864661654135336,2024-01-11 21:57:48+00:00,walton_lighthouse-2024-01-11-215748Z
-13581597.256294535,4433941.53591232,0.3229864,0.46115288220551376,2024-01-11 21:57:48+00:00,walton_lighthouse-2024-01-11-215748Z
-13581595.406991815,4433941.072908525,0.3229864,0.46365914786967416,2024-01-11 21:57:48+00:00,walton_lighthouse-2024-01-11-215748Z
-13581593.621222569,4433940.39788116,0.3229864,0.46616541353383456,2024-01-11 21:57:48+00:00,walton_lighthouse-2024-01-11-215748Z
-13581591.771667438,4433939.935719799,0.3229864,0.46867167919799496,2024-01-11 21:57:48+00:00,walton_lighthouse-2024-01-11-215748Z
-13581589.922112271,4433939.473558427,0.3229864,0.47117794486215536,2024-01-11 21:57:48+00:00,walton_lighthouse-2024-01-11-215748Z
-13581588.135463532,4433938.801466092,0.3229864,0.47368421052631576,2024-01-11 21:57:48+00:00,walton_lighthouse-2024-01-11-215748Z
-13581586.285655418,4433938.340148891,0.3229864,0.47619047619047616,2024-01-11 21:57:48+00:00,walton_lighthouse-2024-01-11-215748Z
-13581584.435847323,4433937.878831697,0.3229864,0.47869674185463656,2024-01-11 21:57:48+00:00,walton_lighthouse-2024-01-11-215748Z
-13581582.648315849,4433937.20968531,0.3229864,0.48120300751879697,2024-01-11 21:57:48+00:00,walton_lighthouse-2024-01-11-215748Z
-13581580.798254224,4433936.749214028,0.3229864,0.48370927318295737,2024-01-11 21:57:48+00:00,walton_lighthouse-2024-01-11-215748Z
-13581578.948192628,4433936.288742754,0.3229864,0.48621553884711777,2024-01-11 21:57:48+00:00,walton_lighthouse-2024-01-11-215748Z
-13581577.098131048,4433935.828271488,0.3229864,0.48872180451127817,2024-01-11 21:57:48+00:00,walton_lighthouse-2024-01-11-215748Z
-13581575.24806945,4433935.367800216,0.3229864,0.49122807017543857,2024-01-11 21:57:48+00:00,walton_lighthouse-2024-01-11-215748Z
-13581573.398007846,4433934.907328941,0.3229864,0.49373433583959897,2024-01-11 21:57:48+00:00,walton_lighthouse-2024-01-11-215748Z
-13581571.547946235,4433934.446857666,0.3229864,0.49624060150375937,2024-01-11 21:57:48+00:00,walton_lighthouse-2024-01-11-215748Z
-13581569.758512693,4433933.784058889,0.3229864,0.49874686716791977,2024-01-11 21:57:48+00:00,walton_lighthouse-2024-01-11-215748Z
-13581567.908197084,4433933.324435306,0.3229864,0.5012531328320802,2024-01-11 21:57:48+00:00,walton_lighthouse-2024-01-11-215748Z
-13581566.057881456,4433932.864811715,0.3229864,0.5037593984962405,2024-01-11 21:57:48+00:00,walton_lighthouse-2024-01-11-215748Z
-13581564.267556457,4433932.204987866,0.3229864,0.506265664160401,2024-01-11 21:57:48+00:00,walton_lighthouse-2024-01-11-215748Z
-13581562.416986316,4433931.74621373,0.3229864,0.5087719298245614,2024-01-11 21:57:48+00:00,walton_lighthouse-2024-01-11-215748Z
-13581560.603439834,4433931.163884436,0.3229864,0.5112781954887218,2024-01-11 21:57:48+00:00,walton_lighthouse-2024-01-11-215748Z
-13581558.775196375,4433930.630601736,0.3229864,0.5137844611528821,2024-01-11 21:57:48+00:00,walton_lighthouse-2024-01-11-215748Z
-13581556.924371157,4433930.172678818,0.3229864,0.5162907268170426,2024-01-11 21:57:48+00:00,walton_lighthouse-2024-01-11-215748Z
-13581555.073545964,4433929.714755906,0.3229864,0.518796992481203,2024-01-11 21:57:48+00:00,walton_lighthouse-2024-01-11-215748Z
-13581553.222720737,4433929.256832986,0.3229864,0.5213032581453634,2024-01-11 21:57:48+00:00,walton_lighthouse-2024-01-11-215748Z
-13581551.3718955,4433928.798910061,0.3229864,0.5238095238095237,2024-01-11 21:57:48+00:00,walton_lighthouse-2024-01-11-215748Z
-13581549.52107028,4433928.340987141,0.3229864,0.5263157894736842,2024-01-11 21:57:48+00:00,walton_lighthouse-2024-01-11-215748Z
-13581547.670245076,4433927.883064232,0.3229864,0.5288220551378446,2024-01-11 21:57:48+00:00,walton_lighthouse-2024-01-11-215748Z
-13581545.819419866,4433927.425141318,0.3229864,0.531328320802005,2024-01-11 21:57:48+00:00,walton_lighthouse-2024-01-11-215748Z
-13581543.96859462,4433926.967218388,0.3229864,0.5338345864661653,2024-01-11 21:57:48+00:00,walton_lighthouse-2024-01-11-215748Z
-13581542.117769418,4433926.509295478,0.3229864,0.5363408521303258,2024-01-11 21:57:48+00:00,walton_lighthouse-2024-01-11-215748Z
-13581540.266944198,4433926.051372562,0.3229864,0.5388471177944862,2024-01-11 21:57:48+00:00,walton_lighthouse-2024-01-11-215748Z
-13581538.391957091,4433925.67408249,0.3229864,0.5413533834586466,2024-01-11 21:57:48+00:00,walton_lighthouse-2024-01-11-215748Z
-13581536.511756208,4433925.314191896,0.3229864,0.5438596491228069,2024-01-11 21:57:48+00:00,walton_lighthouse-2024-01-11-215748Z
-13581534.69289118,4433924.749611638,0.3229864,0.5463659147869674,2024-01-11 21:57:48+00:00,walton_lighthouse-2024-01-11-215748Z
-13581532.812377144,4433924.39076607,0.3229864,0.5488721804511278,2024-01-11 21:57:48+00:00,walton_lighthouse-2024-01-11-215748Z
-13581531.012818083,4433923.761757965,0.3229864,0.5513784461152882,2024-01-11 21:57:48+00:00,walton_lighthouse-2024-01-11-215748Z
-13581529.161992868,4433923.303835047,0.3229864,0.5538847117794485,2024-01-11 21:57:48+00:00,walton_lighthouse-2024-01-11-215748Z
-13581527.311167672,4433922.845912139,0.3229864,0.556390977443609,2024-01-11 21:57:48+00:00,walton_lighthouse-2024-01-11-215748Z
-13581525.460342444,4433922.387989219,0.3229864,0.5588972431077694,2024-01-11 21:57:48+00:00,walton_lighthouse-2024-01-11-215748Z
-13581523.588994648,4433921.998554055,0.3229864,0.5614035087719298,2024-01-11 21:57:48+00:00,walton_lighthouse-2024-01-11-215748Z
-13581521.707536863,4433921.642857936,0.3229864,0.5639097744360901,2024-01-11 21:57:48+00:00,walton_lighthouse-2024-01-11-215748Z
-13581519.853872888,4433921.194408571,0.3229864,0.5664160401002506,2024-01-11 21:57:48+00:00,walton_lighthouse-2024-01-11-215748Z
-13581518.00330275,4433920.73563444,0.3229864,0.568922305764411,2024-01-11 21:57:48+00:00,walton_lighthouse-2024-01-11-215748Z
-13581516.15273257,4433920.276860294,0.3229864,0.5714285714285714,2024-01-11 21:57:48+00:00,walton_lighthouse-2024-01-11-215748Z
-13581514.302162422,4433919.818086157,0.3229864,0.5739348370927317,2024-01-11 21:57:48+00:00,walton_lighthouse-2024-01-11-215748Z
-13581512.45159229,4433919.359312025,0.3229864,0.5764411027568922,2024-01-11 21:57:48+00:00,walton_lighthouse-2024-01-11-215748Z
-13581510.601022145,4433918.900537889,0.3229864,0.5789473684210527,2024-01-11 21:57:48+00:00,walton_lighthouse-2024-01-11-215748Z
-13581508.750451986,4433918.441763749,0.3229864,0.581453634085213,2024-01-11 21:57:48+00:00,walton_lighthouse-2024-01-11-215748Z
-13581506.899881825,4433917.982989608,0.3229864,0.5839598997493733,2024-01-11 21:57:48+00:00,walton_lighthouse-2024-01-11-215748Z
-13581505.049311696,4433917.524215476,0.3229864,0.5864661654135338,2024-01-11 21:57:48+00:00,walton_lighthouse-2024-01-11-215748Z
-13581503.198741544,4433917.06544134,0.3229864,0.5889724310776943,2024-01-11 21:57:48+00:00,walton_lighthouse-2024-01-11-215748Z
-13581501.34817138,4433916.606667196,0.3229864,0.5914786967418546,2024-01-11 21:57:48+00:00,walton_lighthouse-2024-01-11-215748Z
-13581499.46734499,4433916.248864036,0.3229864,0.593984962406015,2024-01-11 21:57:48+00:00,walton_lighthouse-2024-01-11-215748Z
-13581497.59620394,4433915.858739012,0.3229864,0.5964912280701754,2024-01-11 21:57:48+00:00,walton_lighthouse-2024-01-11-215748Z
-13581495.745888332,4433915.399115426,0.3229864,0.5989974937343359,2024-01-11 21:57:48+00:00,walton_lighthouse-2024-01-11-215748Z
-13581493.872960253,4433915.014953967,0.3229864,0.6015037593984962,2024-01-11 21:57:48+00:00,walton_lighthouse-2024-01-11-215748Z
-13581491.99529754,4433914.6465929765,0.3229864,0.6040100250626566,2024-01-11 21:57:48+00:00,walton_lighthouse-2024-01-11-215748Z
-13581490.145235969,4433914.186121714,0.3229864,0.606516290726817,2024-01-11 21:57:48+00:00,walton_lighthouse-2024-01-11-215748Z
-13581488.295174358,4433913.725650443,0.3229864,0.6090225563909775,2024-01-11 21:57:48+00:00,walton_lighthouse-2024-01-11-215748Z
-13581486.445112744,4433913.265179165,0.3229864,0.6115288220551378,2024-01-11 21:57:48+00:00,walton_lighthouse-2024-01-11-215748Z
-13581484.595051164,4433912.804707898,0.3229864,0.6140350877192982,2024-01-11 21:57:48+00:00,walton_lighthouse-2024-01-11-215748Z
-13581482.7329582,4433912.384387638,0.3229864,0.6165413533834586,2024-01-11 21:57:48+00:00,walton_lighthouse-2024-01-11-215748Z
-13581480.848307244,4433912.039347729,0.3229864,0.6190476190476191,2024-01-11 21:57:48+00:00,walton_lighthouse-2024-01-11-215748Z
-13581478.996784844,4433911.5837514,0.3229864,0.6215538847117794,2024-01-11 21:57:48+00:00,walton_lighthouse-2024-01-11-215748Z
-13581477.132322283,4433911.171339004,0.3229864,0.6240601503759398,2024-01-11 21:57:48+00:00,walton_lighthouse-2024-01-11-215748Z
-13581475.2496927,4433910.819553411,0.3229864,0.6265664160401002,2024-01-11 21:57:48+00:00,walton_lighthouse-2024-01-11-215748Z
-13581473.400137529,4433910.357392033,0.3229864,0.6290726817042607,2024-01-11 21:57:48+00:00,walton_lighthouse-2024-01-11-215748Z
-13581471.550582385,4433909.895230667,0.3229864,0.631578947368421,2024-01-11 21:57:48+00:00,walton_lighthouse-2024-01-11-215748Z
-13581469.696834406,4433909.44706159,0.3229864,0.6340852130325814,2024-01-11 21:57:48+00:00,walton_lighthouse-2024-01-11-215748Z
-13581467.811211038,4433909.10526684,0.3229864,0.6365914786967418,2024-01-11 21:57:48+00:00,walton_lighthouse-2024-01-11-215748Z
-13581465.955801452,4433908.66264278,0.3229864,0.6390977443609023,2024-01-11 21:57:48+00:00,walton_lighthouse-2024-01-11-215748Z
-13581464.09137428,4433908.250112214,0.3229864,0.6416040100250626,2024-01-11 21:57:48+00:00,walton_lighthouse-2024-01-11-215748Z
-13581462.211679796,4433907.888531741,0.3229864,0.644110275689223,2024-01-11 21:57:48+00:00,walton_lighthouse-2024-01-11-215748Z
-13581460.362628978,4433907.424687259,0.3229864,0.6466165413533834,2024-01-11 21:57:48+00:00,walton_lighthouse-2024-01-11-215748Z
-13581458.513578154,4433906.960842775,0.3229864,0.6491228070175439,2024-01-11 21:57:48+00:00,walton_lighthouse-2024-01-11-215748Z
-13581456.648143608,4433906.551674008,0.3229864,0.6516290726817042,2024-01-11 21:57:48+00:00,walton_lighthouse-2024-01-11-215748Z
-13581454.766300485,4433906.197263929,0.3229864,0.6541353383458646,2024-01-11 21:57:48+00:00,walton_lighthouse-2024-01-11-215748Z
-13581452.878186451,4433905.863781045,0.3229864,0.656641604010025,2024-01-11 21:57:48+00:00,walton_lighthouse-2024-01-11-215748Z
-13581451.029637882,4433905.398260396,0.3229864,0.6591478696741855,2024-01-11 21:57:48+00:00,walton_lighthouse-2024-01-11-215748Z
-13581449.181089342,4433904.932739759,0.3229864,0.6616541353383458,2024-01-11 21:57:48+00:00,walton_lighthouse-2024-01-11-215748Z
-13581447.312883088,4433904.53282079,0.3229864,0.6641604010025062,2024-01-11 21:57:48+00:00,walton_lighthouse-2024-01-11-215748Z
-13581445.441010512,4433904.145136989,0.3229864,0.6666666666666666,2024-01-11 21:57:48+00:00,walton_lighthouse-2024-01-11-215748Z
-13581443.5867535,4433903.698666603,0.3229864,0.6691729323308271,2024-01-11 21:57:48+00:00,walton_lighthouse-2024-01-11-215748Z
-13581441.699164793,4433903.363430521,0.3229864,0.6716791979949874,2024-01-11 21:57:48+00:00,walton_lighthouse-2024-01-11-215748Z
-13581439.81191526,4433903.027062676,0.3229864,0.6741854636591478,2024-01-11 21:57:48+00:00,walton_lighthouse-2024-01-11-215748Z
-13581437.964116242,4433902.559040735,0.3229864,0.6766917293233082,2024-01-11 21:57:48+00:00,walton_lighthouse-2024-01-11-215748Z
-13581436.083580004,4433902.200269186,0.3229864,0.6791979949874687,2024-01-11 21:57:48+00:00,walton_lighthouse-2024-01-11-215748Z
-13581434.19566108,4433901.866135189,0.3229864,0.681704260651629,2024-01-11 21:57:48+00:00,walton_lighthouse-2024-01-11-215748Z
-13581432.307742154,4433901.532001192,0.3229864,0.6842105263157894,2024-01-11 21:57:48+00:00,walton_lighthouse-2024-01-11-215748Z
-13581430.450991418,4433901.093852871,0.3229864,0.6867167919799498,2024-01-11 21:57:48+00:00,walton_lighthouse-2024-01-11-215748Z
-13581428.57787218,4433900.710329347,0.3229864,0.6892230576441103,2024-01-11 21:57:48+00:00,walton_lighthouse-2024-01-11-215748Z
-13581426.689622251,4433900.377300016,0.3229864,0.6917293233082706,2024-01-11 21:57:48+00:00,walton_lighthouse-2024-01-11-215748Z
-13581424.830441494,4433899.947261188,0.3229864,0.694235588972431,2024-01-11 21:57:48+00:00,walton_lighthouse-2024-01-11-215748Z
-13581422.958202831,4433899.560798971,0.3229864,0.6967418546365914,2024-01-11 21:57:48+00:00,walton_lighthouse-2024-01-11-215748Z
-13581421.098241894,4433899.133363721,0.3229864,0.6992481203007519,2024-01-11 21:57:48+00:00,walton_lighthouse-2024-01-11-215748Z
-13581419.251928143,4433898.660385215,0.3229864,0.7017543859649122,2024-01-11 21:57:48+00:00,walton_lighthouse-2024-01-11-215748Z
-13581417.38093923,4433898.269752467,0.3229864,0.7042606516290726,2024-01-11 21:57:48+00:00,walton_lighthouse-2024-01-11-215748Z
-13581415.521038271,4433897.842117014,0.3229864,0.706766917293233,2024-01-11 21:57:48+00:00,walton_lighthouse-2024-01-11-215748Z
-13581413.6461728,4433897.464421036,0.3229864,0.7092731829573935,2024-01-11 21:57:48+00:00,walton_lighthouse-2024-01-11-215748Z
-13581411.756591007,4433897.135836392,0.3229864,0.7117794486215538,2024-01-11 21:57:48+00:00,walton_lighthouse-2024-01-11-215748Z
-13581409.889365803,4433896.732643404,0.3229864,0.7142857142857142,2024-01-11 21:57:48+00:00,walton_lighthouse-2024-01-11-215748Z
-13581408.020254698,4433896.335743967,0.3229864,0.7167919799498746,2024-01-11 21:57:48+00:00,walton_lighthouse-2024-01-11-215748Z
-13581406.143317929,4433895.964960405,0.3229864,0.7192982456140351,2024-01-11 21:57:48+00:00,walton_lighthouse-2024-01-11-215748Z
-13581404.282678306,4433895.5397900725,0.3229864,0.7218045112781954,2024-01-11 21:57:48+00:00,walton_lighthouse-2024-01-11-215748Z
-13581402.416966816,4433895.131545528,0.3229864,0.7243107769423558,2024-01-11 21:57:48+00:00,walton_lighthouse-2024-01-11-215748Z
-13581400.572120167,4433894.653670887,0.3229864,0.7268170426065163,2024-01-11 21:57:48+00:00,walton_lighthouse-2024-01-11-215748Z
-13581398.693187516,4433894.289547925,0.3229864,0.7293233082706767,2024-01-11 21:57:48+00:00,walton_lighthouse-2024-01-11-215748Z
-13581396.811759692,4433893.933751946,0.3229864,0.731829573934837,2024-01-11 21:57:48+00:00,walton_lighthouse-2024-01-11-215748Z
-13581394.95372865,4433893.49987621,0.3229864,0.7343358395989974,2024-01-11 21:57:48+00:00,walton_lighthouse-2024-01-11-215748Z
-13581393.062464228,4433893.176906685,0.3229864,0.7368421052631579,2024-01-11 21:57:48+00:00,walton_lighthouse-2024-01-11-215748Z
-13581391.209743218,4433892.725310383,0.3229864,0.7393483709273183,2024-01-11 21:57:48+00:00,walton_lighthouse-2024-01-11-215748Z
-13581389.319883147,4433892.397654411,0.3229864,0.7418546365914787,2024-01-11 21:57:48+00:00,walton_lighthouse-2024-01-11-215748Z
-13581387.428279838,4433892.075815929,0.3229864,0.744360902255639,2024-01-11 21:57:48+00:00,walton_lighthouse-2024-01-11-215748Z
-13581385.576039694,4433891.622614768,0.3229864,0.7468671679197995,2024-01-11 21:57:48+00:00,walton_lighthouse-2024-01-11-215748Z
-13581383.684096657,4433891.301909991,0.3229864,0.7493734335839599,2024-01-11 21:57:48+00:00,walton_lighthouse-2024-01-11-215748Z
-13581381.792281074,4433890.980779932,0.3229864,0.7518796992481203,2024-01-11 21:57:48+00:00,walton_lighthouse-2024-01-11-215748Z
-13581379.917447364,4433890.602978007,0.3229864,0.7543859649122806,2024-01-11 21:57:48+00:00,walton_lighthouse-2024-01-11-215748Z
-13581378.075244509,4433890.116280518,0.3229864,0.7568922305764411,2024-01-11 21:57:48+00:00,walton_lighthouse-2024-01-11-215748Z
-13581376.201061487,4433889.736307108,0.3229864,0.7593984962406015,2024-01-11 21:57:48+00:00,walton_lighthouse-2024-01-11-215748Z
-13581374.336890291,4433889.322922416,0.3229864,0.7619047619047619,2024-01-11 21:57:48+00:00,walton_lighthouse-2024-01-11-215748Z
-13581372.443923218,4433889.005634998,0.3229864,0.7644110275689222,2024-01-11 21:57:48+00:00,walton_lighthouse-2024-01-11-215748Z
-13581370.58173743,4433888.585624432,0.3229864,0.7669172932330827,2024-01-11 21:57:48+00:00,walton_lighthouse-2024-01-11-215748Z
-13581368.694642227,4433888.248741554,0.3229864,0.7694235588972431,2024-01-11 21:57:48+00:00,walton_lighthouse-2024-01-11-215748Z
-13581366.801332194,4433887.932598702,0.3229864,0.7719298245614035,2024-01-11 21:57:48+00:00,walton_lighthouse-2024-01-11-215748Z
-13581364.937086845,4433887.519461333,0.3229864,0.7744360902255638,2024-01-11 21:57:48+00:00,walton_lighthouse-2024-01-11-215748Z
-13581363.050421497,4433887.181143821,0.3229864,0.7769423558897243,2024-01-11 21:57:48+00:00,walton_lighthouse-2024-01-11-215748Z
-13581361.192217948,4433886.747843901,0.3229864,0.7794486215538847,2024-01-11 21:57:48+00:00,walton_lighthouse-2024-01-11-215748Z
-13581359.299010605,4433886.431358354,0.3229864,0.7819548872180451,2024-01-11 21:57:48+00:00,walton_lighthouse-2024-01-11-215748Z
-13581357.439065384,4433886.00387057,0.3229864,0.7844611528822054,2024-01-11 21:57:48+00:00,walton_lighthouse-2024-01-11-215748Z
-13581355.562952723,4433885.630336785,0.3229864,0.7869674185463659,2024-01-11 21:57:48+00:00,walton_lighthouse-2024-01-11-215748Z
-13581353.684613047,4433885.264234979,0.3229864,0.7894736842105263,2024-01-11 21:57:48+00:00,walton_lighthouse-2024-01-11-215748Z
-13581351.823893446,4433884.839331536,0.3229864,0.7919799498746867,2024-01-11 21:57:48+00:00,walton_lighthouse-2024-01-11-215748Z
-13581349.928856175,4433884.528952724,0.3229864,0.794486215538847,2024-01-11 21:57:48+00:00,walton_lighthouse-2024-01-11-215748Z
-13581348.03381893,4433884.21857392,0.3229864,0.7969924812030075,2024-01-11 21:57:48+00:00,walton_lighthouse-2024-01-11-215748Z
-13581346.156607255,4433883.848707841,0.3229864,0.7994987468671679,2024-01-11 21:57:48+00:00,walton_lighthouse-2024-01-11-215748Z
-13581344.27640496,4433883.488821872,0.3229864,0.8020050125313283,2024-01-11 21:57:48+00:00,walton_lighthouse-2024-01-11-215748Z
-13581342.381019758,4433883.179604188,0.3229864,0.8045112781954886,2024-01-11 21:57:48+00:00,walton_lighthouse-2024-01-11-215748Z
-13581340.517676186,4433882.763457436,0.3229864,0.8070175438596491,2024-01-11 21:57:48+00:00,walton_lighthouse-2024-01-11-215748Z
-13581338.62194225,4433882.455403694,0.3229864,0.8095238095238095,2024-01-11 21:57:48+00:00,walton_lighthouse-2024-01-11-215748Z
-13581336.734445224,4433882.11986175,0.3229864,0.8120300751879699,2024-01-11 21:57:48+00:00,walton_lighthouse-2024-01-11-215748Z
-13581334.861544335,4433881.735609498,0.3229864,0.8145363408521302,2024-01-11 21:57:48+00:00,walton_lighthouse-2024-01-11-215748Z
-13581332.965460766,4433881.428722477,0.3229864,0.8170426065162907,2024-01-11 21:57:48+00:00,walton_lighthouse-2024-01-11-215748Z
-13581331.09982132,4433881.020237579,0.3229864,0.8195488721804511,2024-01-11 21:57:48+00:00,walton_lighthouse-2024-01-11-215748Z
-13581329.203387292,4433880.714520107,0.3229864,0.8220551378446115,2024-01-11 21:57:48+00:00,walton_lighthouse-2024-01-11-215748Z
-13581327.306953251,4433880.408802632,0.3229864,0.8245614035087718,2024-01-11 21:57:48+00:00,walton_lighthouse-2024-01-11-215748Z
-13581325.438585302,4433880.009423161,0.3229864,0.8270676691729323,2024-01-11 21:57:48+00:00,walton_lighthouse-2024-01-11-215748Z
-13581323.572380574,4433879.602824725,0.3229864,0.8295739348370927,2024-01-11 21:57:48+00:00,walton_lighthouse-2024-01-11-215748Z
-13581321.675243082,4433879.299454842,0.3229864,0.8320802005012531,2024-01-11 21:57:48+00:00,walton_lighthouse-2024-01-11-215748Z
-13581319.782400804,4433878.981750927,0.3229864,0.8345864661654134,2024-01-11 21:57:48+00:00,walton_lighthouse-2024-01-11-215748Z
-13581317.909162678,4433878.598624266,0.3229864,0.8370927318295739,2024-01-11 21:57:48+00:00,walton_lighthouse-2024-01-11-215748Z
-13581316.010520777,4433878.300274914,0.3229864,0.8395989974937343,2024-01-11 21:57:48+00:00,walton_lighthouse-2024-01-11-215748Z
-13581314.141736934,4433877.902283415,0.3229864,0.8421052631578947,2024-01-11 21:57:48+00:00,walton_lighthouse-2024-01-11-215748Z
-13581312.271159988,4433877.510275753,0.3229864,0.844611528822055,2024-01-11 21:57:48+00:00,walton_lighthouse-2024-01-11-215748Z
-13581310.39993908,4433877.120417294,0.3229864,0.8471177944862155,2024-01-11 21:57:48+00:00,walton_lighthouse-2024-01-11-215748Z
-13581308.513672534,4433876.780768993,0.3229864,0.849624060150376,2024-01-11 21:57:48+00:00,walton_lighthouse-2024-01-11-215748Z
-13581306.655555744,4433876.347179333,0.3229864,0.8521303258145363,2024-01-11 21:57:48+00:00,walton_lighthouse-2024-01-11-215748Z
-13581304.766649084,4433876.016341573,0.3229864,0.8546365914786966,2024-01-11 21:57:48+00:00,walton_lighthouse-2024-01-11-215748Z
-13581302.899798388,4433875.6118988525,0.3229864,0.8571428571428571,2024-01-11 21:57:48+00:00,walton_lighthouse-2024-01-11-215748Z
-13581301.014375066,4433875.269436516,0.3229864,0.8596491228070176,2024-01-11 21:57:48+00:00,walton_lighthouse-2024-01-11-215748Z
-13581299.133745898,4433874.910975128,0.3229864,0.8621553884711779,2024-01-11 21:57:48+00:00,walton_lighthouse-2024-01-11-215748Z
-13581297.258250276,4433874.535382072,0.3229864,0.8646616541353382,2024-01-11 21:57:48+00:00,walton_lighthouse-2024-01-11-215748Z
-13581295.37438124,4433874.187732861,0.3229864,0.8671679197994987,2024-01-11 21:57:48+00:00,walton_lighthouse-2024-01-11-215748Z
-13581293.502797566,4433873.799084928,0.3229864,0.8696741854636592,2024-01-11 21:57:48+00:00,walton_lighthouse-2024-01-11-215748Z
-13581291.579956677,4433873.581492203,0.3229864,0.8721804511278195,2024-01-11 21:57:48+00:00,walton_lighthouse-2024-01-11-215748Z
-13581289.678888489,4433873.291239858,0.3229864,0.8746867167919798,2024-01-11 21:57:48+00:00,walton_lighthouse-2024-01-11-215748Z
-13581287.777820297,4433873.000987509,0.3229864,0.8771929824561403,2024-01-11 21:57:48+00:00,walton_lighthouse-2024-01-11-215748Z
-13581285.80869666,4433872.937849359,0.3229864,0.8796992481203008,2024-01-11 21:57:48+00:00,walton_lighthouse-2024-01-11-215748Z
-13581283.820173608,4433872.939450725,0.3229864,0.8822055137844611,2024-01-11 21:57:48+00:00,walton_lighthouse-2024-01-11-215748Z
-13581281.858608862,4433872.851087086,0.3229864,0.8847117794486214,2024-01-11 21:57:48+00:00,walton_lighthouse-2024-01-11-215748Z
-13581279.89610252,4433872.765865869,0.3229864,0.8872180451127819,2024-01-11 21:57:48+00:00,walton_lighthouse-2024-01-11-215748Z
-13581277.897007128,4433872.802749215,0.3229864,0.8897243107769424,2024-01-11 21:57:48+00:00,walton_lighthouse-2024-01-11-215748Z
-13581277.897007128,4433872.802749215,0.3229864,0.8922305764411027,2024-01-11 21:57:48+00:00,walton_lighthouse-2024-01-11-215748Z
-13581277.897007128,4433872.802749215,0.3229864,0.894736842105263,2024-01-11 21:57:48+00:00,walton_lighthouse-2024-01-11-215748Z
-13581277.897007128,4433872.802749215,0.3229864,0.8972431077694235,2024-01-11 21:57:48+00:00,walton_lighthouse-2024-01-11-215748Z
-13581277.897007128,4433872.802749215,0.3229864,0.899749373433584,2024-01-11 21:57:48+00:00,walton_lighthouse-2024-01-11-215748Z
-13581277.897007128,4433872.802749215,0.3229864,0.9022556390977443,2024-01-11 21:57:48+00:00,walton_lighthouse-2024-01-11-215748Z
-13581277.897007128,4433872.802749215,0.3229864,0.9047619047619047,2024-01-11 21:57:48+00:00,walton_lighthouse-2024-01-11-215748Z
-13581277.897007128,4433872.802749215,0.3229864,0.9072681704260651,2024-01-11 21:57:48+00:00,walton_lighthouse-2024-01-11-215748Z
-13581277.897007128,4433872.802749215,0.3229864,0.9097744360902256,2024-01-11 21:57:48+00:00,walton_lighthouse-2024-01-11-215748Z
-13581277.897007128,4433872.802749215,0.3229864,0.9122807017543859,2024-01-11 21:57:48+00:00,walton_lighthouse-2024-01-11-215748Z
-13581277.897007128,4433872.802749215,0.3229864,0.9147869674185463,2024-01-11 21:57:48+00:00,walton_lighthouse-2024-01-11-215748Z
-13581277.897007128,4433872.802749215,0.3229864,0.9172932330827067,2024-01-11 21:57:48+00:00,walton_lighthouse-2024-01-11-215748Z
-13581277.897007128,4433872.802749215,0.3229864,0.9197994987468672,2024-01-11 21:57:48+00:00,walton_lighthouse-2024-01-11-215748Z
-13581277.897007128,4433872.802749215,0.3229864,0.9223057644110275,2024-01-11 21:57:48+00:00,walton_lighthouse-2024-01-11-215748Z
-13581277.897007128,4433872.802749215,0.3229864,0.9248120300751879,2024-01-11 21:57:48+00:00,walton_lighthouse-2024-01-11-215748Z
-13581277.897007128,4433872.802749215,0.3229864,0.9273182957393483,2024-01-11 21:57:48+00:00,walton_lighthouse-2024-01-11-215748Z
-13581277.897007128,4433872.802749215,0.3229864,0.9298245614035088,2024-01-11 21:57:48+00:00,walton_lighthouse-2024-01-11-215748Z
-13581277.897007128,4433872.802749215,0.3229864,0.9323308270676691,2024-01-11 21:57:48+00:00,walton_lighthouse-2024-01-11-215748Z
-13581277.897007128,4433872.802749215,0.3229864,0.9348370927318295,2024-01-11 21:57:48+00:00,walton_lighthouse-2024-01-11-215748Z
-13581277.897007128,4433872.802749215,0.3229864,0.9373433583959899,2024-01-11 21:57:48+00:00,walton_lighthouse-2024-01-11-215748Z
-13581277.897007128,4433872.802749215,0.3229864,0.9398496240601504,2024-01-11 21:57:48+00:00,walton_lighthouse-2024-01-11-215748Z
-13581277.897007128,4433872.802749215,0.3229864,0.9423558897243107,2024-01-11 21:57:48+00:00,walton_lighthouse-2024-01-11-215748Z
-13581277.897007128,4433872.802749215,0.3229864,0.9448621553884711,2024-01-11 21:57:48+00:00,walton_lighthouse-2024-01-11-215748Z
-13581277.897007128,4433872.802749215,0.3229864,0.9473684210526315,2024-01-11 21:57:48+00:00,walton_lighthouse-2024-01-11-215748Z
-13581277.897007128,4433872.802749215,0.3229864,0.949874686716792,2024-01-11 21:57:48+00:00,walton_lighthouse-2024-01-11-215748Z
-13581277.897007128,4433872.802749215,0.3229864,0.9523809523809523,2024-01-11 21:57:48+00:00,walton_lighthouse-2024-01-11-215748Z
-13581277.897007128,4433872.802749215,0.3229864,0.9548872180451127,2024-01-11 21:57:48+00:00,walton_lighthouse-2024-01-11-215748Z
-13581277.897007128,4433872.802749215,0.3229864,0.9573934837092731,2024-01-11 21:57:48+00:00,walton_lighthouse-2024-01-11-215748Z
-13581277.897007128,4433872.802749215,0.3229864,0.9598997493734336,2024-01-11 21:57:48+00:00,walton_lighthouse-2024-01-11-215748Z
-13581277.897007128,4433872.802749215,0.3229864,0.9624060150375939,2024-01-11 21:57:48+00:00,walton_lighthouse-2024-01-11-215748Z
-13581277.897007128,4433872.802749215,0.3229864,0.9649122807017543,2024-01-11 21:57:48+00:00,walton_lighthouse-2024-01-11-215748Z
-13581277.897007128,4433872.802749215,0.3229864,0.9674185463659147,2024-01-11 21:57:48+00:00,walton_lighthouse-2024-01-11-215748Z
-13581277.897007128,4433872.802749215,0.3229864,0.9699248120300752,2024-01-11 21:57:48+00:00,walton_lighthouse-2024-01-11-215748Z
-13581277.897007128,4433872.802749215,0.3229864,0.9724310776942355,2024-01-11 21:57:48+00:00,walton_lighthouse-2024-01-11-215748Z
-13581277.897007128,4433872.802749215,0.3229864,0.9749373433583959,2024-01-11 21:57:48+00:00,walton_lighthouse-2024-01-11-215748Z
-13581277.897007128,4433872.802749215,0.3229864,0.9774436090225563,2024-01-11 21:57:48+00:00,walton_lighthouse-2024-01-11-215748Z
-13581277.897007128,4433872.802749215,0.3229864,0.9799498746867168,2024-01-11 21:57:48+00:00,walton_lighthouse-2024-01-11-215748Z
-13581277.897007128,4433872.802749215,0.3229864,0.9824561403508771,2024-01-11 21:57:48+00:00,walton_lighthouse-2024-01-11-215748Z
-13581277.897007128,4433872.802749215,0.3229864,0.9849624060150375,2024-01-11 21:57:48+00:00,walton_lighthouse-2024-01-11-215748Z
-13581277.897007128,4433872.802749215,0.3229864,0.9874686716791979,2024-01-11 21:57:48+00:00,walton_lighthouse-2024-01-11-215748Z
-13581277.897007128,4433872.802749215,0.3229864,0.9899749373433584,2024-01-11 21:57:48+00:00,walton_lighthouse-2024-01-11-215748Z
-13581277.897007128,4433872.802749215,0.3229864,0.9924812030075187,2024-01-11 21:57:48+00:00,walton_lighthouse-2024-01-11-215748Z
-13581277.897007128,4433872.802749215,0.3229864,0.9949874686716791,2024-01-11 21:57:48+00:00,walton_lighthouse-2024-01-11-215748Z
-13581277.897007128,4433872.802749215,0.3229864,0.9974937343358395,2024-01-11 21:57:48+00:00,walton_lighthouse-2024-01-11-215748Z
-13581277.897007128,4433872.802749215,0.3229864,1.0,2024-01-11 21:57:48+00:00,walton_lighthouse-2024-01-11-215748Z
-13581919.544199709,4434086.744023062,0.023342600000000005,0.0,2024-01-11 22:34:23+00:00,walton_lighthouse-2024-01-11-223423Z
-13581917.735985683,4434086.143898346,0.023342600000000005,0.002506265664160401,2024-01-11 22:34:23+00:00,walton_lighthouse-2024-01-11-223423Z
-13581916.05254356,4434085.127385586,0.023342600000000005,0.005012531328320802,2024-01-11 22:34:23+00:00,walton_lighthouse-2024-01-11-223423Z
-13581914.59597422,4434083.353754236,0.023342600000000005,0.007518796992481203,2024-01-11 22:34:23+00:00,walton_lighthouse-2024-01-11-223423Z
-13581912.920171617,4434082.311746912,0.023342600000000005,0.010025062656641603,2024-01-11 22:34:23+00:00,walton_lighthouse-2024-01-11-223423Z
-13581911.110553771,4434081.716307148,0.023342600000000005,0.012531328320802004,2024-01-11 22:34:23+00:00,walton_lighthouse-2024-01-11-223423Z
-13581909.300935866,4434081.12086737,0.023342600000000005,0.015037593984962405,2024-01-11 22:34:23+00:00,walton_lighthouse-2024-01-11-223423Z
-13581907.491317952,4434080.525427586,0.023342600000000005,0.017543859649122806,2024-01-11 22:34:23+00:00,walton_lighthouse-2024-01-11-223423Z
-13581905.681700064,4434079.929987812,0.023342600000000005,0.020050125313283207,2024-01-11 22:34:23+00:00,walton_lighthouse-2024-01-11-223423Z
-13581903.872082204,4434079.334548042,0.023342600000000005,0.022556390977443608,2024-01-11 22:34:23+00:00,walton_lighthouse-2024-01-11-223423Z
-13581902.068645516,4434078.718480458,0.023342600000000005,0.02506265664160401,2024-01-11 22:34:23+00:00,walton_lighthouse-2024-01-11-223423Z
-13581900.479618637,4434077.386885554,0.023342600000000005,0.02756892230576441,2024-01-11 22:34:23+00:00,walton_lighthouse-2024-01-11-223423Z
-13581898.669469273,4434076.79321942,0.023342600000000005,0.03007518796992481,2024-01-11 22:34:23+00:00,walton_lighthouse-2024-01-11-223423Z
-13581896.859319933,4434076.199553295,0.023342600000000005,0.03258145363408521,2024-01-11 22:34:23+00:00,walton_lighthouse-2024-01-11-223423Z
-13581895.049170569,4434075.605887164,0.023342600000000005,0.03508771929824561,2024-01-11 22:34:23+00:00,walton_lighthouse-2024-01-11-223423Z
-13581893.239021191,4434075.012221029,0.023342600000000005,0.03759398496240601,2024-01-11 22:34:23+00:00,walton_lighthouse-2024-01-11-223423Z
-13581891.42887181,4434074.418554892,0.023342600000000005,0.040100250626566414,2024-01-11 22:34:23+00:00,walton_lighthouse-2024-01-11-223423Z
-13581889.618722472,4434073.824888767,0.023342600000000005,0.042606516290726815,2024-01-11 22:34:23+00:00,walton_lighthouse-2024-01-11-223423Z
-13581888.142510127,4434072.116810038,0.023342600000000005,0.045112781954887216,2024-01-11 22:34:23+00:00,walton_lighthouse-2024-01-11-223423Z
-13581886.371880164,4434071.391259901,0.023342600000000005,0.047619047619047616,2024-01-11 22:34:23+00:00,walton_lighthouse-2024-01-11-223423Z
-13581884.560838832,4434070.800570486,0.023342600000000005,0.05012531328320802,2024-01-11 22:34:23+00:00,walton_lighthouse-2024-01-11-223423Z
-13581882.749797495,4434070.209881069,0.023342600000000005,0.05263157894736842,2024-01-11 22:34:23+00:00,walton_lighthouse-2024-01-11-223423Z
-13581880.938756151,4434069.61919165,0.023342600000000005,0.05513784461152882,2024-01-11 22:34:23+00:00,walton_lighthouse-2024-01-11-223423Z
-13581879.12771478,4434069.028502223,0.023342600000000005,0.05764411027568922,2024-01-11 22:34:23+00:00,walton_lighthouse-2024-01-11-223423Z
-13581877.316673435,4434068.437812803,0.023342600000000005,0.06015037593984962,2024-01-11 22:34:23+00:00,walton_lighthouse-2024-01-11-223423Z
-13581875.732766213,4434067.089132914,0.023342600000000005,0.06265664160401002,2024-01-11 22:34:23+00:00,walton_lighthouse-2024-01-11-223423Z
-13581873.990676142,4434066.268339656,0.023342600000000005,0.06516290726817042,2024-01-11 22:34:23+00:00,walton_lighthouse-2024-01-11-223423Z
-13581872.178915562,4434065.680050367,0.023342600000000005,0.06766917293233082,2024-01-11 22:34:23+00:00,walton_lighthouse-2024-01-11-223423Z
-13581870.367155008,4434065.091761085,0.023342600000000005,0.07017543859649122,2024-01-11 22:34:23+00:00,walton_lighthouse-2024-01-11-223423Z
-13581868.55539448,4434064.50347181,0.023342600000000005,0.07268170426065163,2024-01-11 22:34:23+00:00,walton_lighthouse-2024-01-11-223423Z
-13581866.74363394,4434063.915182536,0.023342600000000005,0.07518796992481203,2024-01-11 22:34:23+00:00,walton_lighthouse-2024-01-11-223423Z
-13581864.931873344,4434063.326893242,0.023342600000000005,0.07769423558897243,2024-01-11 22:34:23+00:00,walton_lighthouse-2024-01-11-223423Z
-13581863.340285344,4434062.003845544,0.023342600000000005,0.08020050125313283,2024-01-11 22:34:23+00:00,walton_lighthouse-2024-01-11-223423Z
-13581861.527982067,4434061.4173674295,0.023342600000000005,0.08270676691729323,2024-01-11 22:34:23+00:00,walton_lighthouse-2024-01-11-223423Z
-13581859.715678766,4434060.830889306,0.023342600000000005,0.08521303258145363,2024-01-11 22:34:23+00:00,walton_lighthouse-2024-01-11-223423Z
-13581857.903375506,4434060.244411194,0.023342600000000005,0.08771929824561403,2024-01-11 22:34:23+00:00,walton_lighthouse-2024-01-11-223423Z
-13581856.09107224,4434059.657933081,0.023342600000000005,0.09022556390977443,2024-01-11 22:34:23+00:00,walton_lighthouse-2024-01-11-223423Z
-13581854.278768966,4434059.0714549655,0.023342600000000005,0.09273182957393483,2024-01-11 22:34:23+00:00,walton_lighthouse-2024-01-11-223423Z
-13581852.566435682,4434058.151357508,0.023342600000000005,0.09523809523809523,2024-01-11 22:34:23+00:00,walton_lighthouse-2024-01-11-223423Z
-13581850.871678747,4434057.172604455,0.023342600000000005,0.09774436090225563,2024-01-11 22:34:23+00:00,walton_lighthouse-2024-01-11-223423Z
-13581849.058829924,4434056.587947085,0.023342600000000005,0.10025062656641603,2024-01-11 22:34:23+00:00,walton_lighthouse-2024-01-11-223423Z
-13581847.245981043,4434056.003289701,0.023342600000000005,0.10275689223057644,2024-01-11 22:34:23+00:00,walton_lighthouse-2024-01-11-223423Z
-13581845.433132157,4434055.418632313,0.023342600000000005,0.10526315789473684,2024-01-11 22:34:23+00:00,walton_lighthouse-2024-01-11-223423Z
-13581843.65629878,4434054.71378426,0.023342600000000005,0.10776942355889724,2024-01-11 22:34:23+00:00,walton_lighthouse-2024-01-11-223423Z
-13581841.843358692,4434054.12943141,0.023342600000000005,0.11027568922305764,2024-01-11 22:34:23+00:00,walton_lighthouse-2024-01-11-223423Z
-13581840.282009238,4434052.705471767,0.023342600000000005,0.11278195488721804,2024-01-11 22:34:23+00:00,walton_lighthouse-2024-01-11-223423Z
-13581838.468428385,4434052.12325703,0.023342600000000005,0.11528822055137844,2024-01-11 22:34:23+00:00,walton_lighthouse-2024-01-11-223423Z
-13581836.654847572,4434051.541042305,0.023342600000000005,0.11779448621553884,2024-01-11 22:34:23+00:00,walton_lighthouse-2024-01-11-223423Z
-13581834.841266785,4434050.958827586,0.023342600000000005,0.12030075187969924,2024-01-11 22:34:23+00:00,walton_lighthouse-2024-01-11-223423Z
-13581833.027685972,4434050.376612862,0.023342600000000005,0.12280701754385964,2024-01-11 22:34:23+00:00,walton_lighthouse-2024-01-11-223423Z
-13581831.214105148,4434049.794398134,0.023342600000000005,0.12531328320802004,2024-01-11 22:34:23+00:00,walton_lighthouse-2024-01-11-223423Z
-13581829.60225481,4434048.538969638,0.023342600000000005,0.12781954887218044,2024-01-11 22:34:23+00:00,walton_lighthouse-2024-01-11-223423Z
-13581828.085799253,4434046.965190401,0.023342600000000005,0.13032581453634084,2024-01-11 22:34:23+00:00,walton_lighthouse-2024-01-11-223423Z
-13581826.270925002,4434046.387292126,0.023342600000000005,0.13283208020050125,2024-01-11 22:34:23+00:00,walton_lighthouse-2024-01-11-223423Z
-13581824.527450902,4434045.571117617,0.023342600000000005,0.13533834586466165,2024-01-11 22:34:23+00:00,walton_lighthouse-2024-01-11-223423Z
-13581822.712390574,4434044.993840369,0.023342600000000005,0.13784461152882205,2024-01-11 22:34:23+00:00,walton_lighthouse-2024-01-11-223423Z
-13581820.89733024,4434044.416563121,0.023342600000000005,0.14035087719298245,2024-01-11 22:34:23+00:00,walton_lighthouse-2024-01-11-223423Z
-13581819.0822699,4434043.83928587,0.023342600000000005,0.14285714285714285,2024-01-11 22:34:23+00:00,walton_lighthouse-2024-01-11-223423Z
-13581817.408899006,4434042.789163369,0.023342600000000005,0.14536340852130325,2024-01-11 22:34:23+00:00,walton_lighthouse-2024-01-11-223423Z
-13581815.664312735,4434041.976700472,0.023342600000000005,0.14786967418546365,2024-01-11 22:34:23+00:00,walton_lighthouse-2024-01-11-223423Z
-13581813.990391385,4434040.928415177,0.023342600000000005,0.15037593984962405,2024-01-11 22:34:23+00:00,walton_lighthouse-2024-01-11-223423Z
-13581812.174395578,4434040.354259698,0.023342600000000005,0.15288220551378445,2024-01-11 22:34:23+00:00,walton_lighthouse-2024-01-11-223423Z
-13581810.393731538,4434039.66219523,0.023342600000000005,0.15538847117794485,2024-01-11 22:34:23+00:00,walton_lighthouse-2024-01-11-223423Z
-13581808.612879451,4434038.970758482,0.023342600000000005,0.15789473684210525,2024-01-11 22:34:23+00:00,walton_lighthouse-2024-01-11-223423Z
-13581806.972981175,4434037.808931455,0.023342600000000005,0.16040100250626566,2024-01-11 22:34:23+00:00,walton_lighthouse-2024-01-11-223423Z
-13581805.867469711,4434034.863751953,0.023342600000000005,0.16290726817042606,2024-01-11 22:34:23+00:00,walton_lighthouse-2024-01-11-223423Z
-13581804.084688462,4434034.178753054,0.023342600000000005,0.16541353383458646,2024-01-11 22:34:23+00:00,walton_lighthouse-2024-01-11-223423Z
-13581802.660915,4434032.295675692,0.023342600000000005,0.16791979949874686,2024-01-11 22:34:23+00:00,walton_lighthouse-2024-01-11-223423Z
-13581801.275313564,4434030.285210783,0.023342600000000005,0.17042606516290726,2024-01-11 22:34:23+00:00,walton_lighthouse-2024-01-11-223423Z
-13581801.13646321,4434024.114095638,0.023342600000000005,0.17293233082706766,2024-01-11 22:34:23+00:00,walton_lighthouse-2024-01-11-223423Z
-13581801.226559754,4434017.178940418,0.023342600000000005,0.17543859649122806,2024-01-11 22:34:23+00:00,walton_lighthouse-2024-01-11-223423Z
-13581799.395887917,4434016.653761779,0.023342600000000005,0.17794486215538846,2024-01-11 22:34:23+00:00,walton_lighthouse-2024-01-11-223423Z
-13581797.565216076,4434016.128583139,0.023342600000000005,0.18045112781954886,2024-01-11 22:34:23+00:00,walton_lighthouse-2024-01-11-223423Z
-13581795.73454421,4434015.60340449,0.023342600000000005,0.18295739348370926,2024-01-11 22:34:23+00:00,walton_lighthouse-2024-01-11-223423Z
-13581793.903872369,4434015.078225848,0.023342600000000005,0.18546365914786966,2024-01-11 22:34:23+00:00,walton_lighthouse-2024-01-11-223423Z
-13581792.239383124,4434013.998463758,0.023342600000000005,0.18796992481203006,2024-01-11 22:34:23+00:00,walton_lighthouse-2024-01-11-223423Z
-13581790.75653642,4434012.312525121,0.023342600000000005,0.19047619047619047,2024-01-11 22:34:23+00:00,walton_lighthouse-2024-01-11-223423Z
-13581789.273689711,4434010.626586481,0.023342600000000005,0.19298245614035087,2024-01-11 22:34:23+00:00,walton_lighthouse-2024-01-11-223423Z
-13581787.790843025,4434008.940647836,0.023342600000000005,0.19548872180451127,2024-01-11 22:34:23+00:00,walton_lighthouse-2024-01-11-223423Z
-13581786.30799636,4434007.254709183,0.023342600000000005,0.19799498746867167,2024-01-11 22:34:23+00:00,walton_lighthouse-2024-01-11-223423Z
-13581784.568427864,4434006.425501041,0.023342600000000005,0.20050125313283207,2024-01-11 22:34:23+00:00,walton_lighthouse-2024-01-11-223423Z
-13581782.73314691,4434005.915703781,0.023342600000000005,0.20300751879699247,2024-01-11 22:34:23+00:00,walton_lighthouse-2024-01-11-223423Z
-13581780.897865988,4434005.40590653,0.023342600000000005,0.20551378446115287,2024-01-11 22:34:23+00:00,walton_lighthouse-2024-01-11-223423Z
-13581779.062585084,4434004.896109286,0.023342600000000005,0.20802005012531327,2024-01-11 22:34:23+00:00,walton_lighthouse-2024-01-11-223423Z
-13581777.227304162,4434004.386312037,0.023342600000000005,0.21052631578947367,2024-01-11 22:34:23+00:00,walton_lighthouse-2024-01-11-223423Z
-13581775.622820936,4434003.10629808,0.023342600000000005,0.21303258145363407,2024-01-11 22:34:23+00:00,walton_lighthouse-2024-01-11-223423Z
-13581774.13732657,4434001.429195211,0.023342600000000005,0.21553884711779447,2024-01-11 22:34:23+00:00,walton_lighthouse-2024-01-11-223423Z
-13581772.55473744,4434000.076116513,0.023342600000000005,0.21804511278195488,2024-01-11 22:34:23+00:00,walton_lighthouse-2024-01-11-223423Z
-13581770.717080358,4433999.574248958,0.023342600000000005,0.22055137844611528,2024-01-11 22:34:23+00:00,walton_lighthouse-2024-01-11-223423Z
-13581768.879423264,4433999.072381396,0.023342600000000005,0.22305764411027568,2024-01-11 22:34:23+00:00,walton_lighthouse-2024-01-11-223423Z
-13581767.041766196,4433998.570513843,0.023342600000000005,0.22556390977443608,2024-01-11 22:34:23+00:00,walton_lighthouse-2024-01-11-223423Z
-13581765.20410912,4433998.0686462885,0.023342600000000005,0.22807017543859648,2024-01-11 22:34:23+00:00,walton_lighthouse-2024-01-11-223423Z
-13581763.493948191,4433997.141299356,0.023342600000000005,0.23057644110275688,2024-01-11 22:34:23+00:00,walton_lighthouse-2024-01-11-223423Z
-13581762.00591785,4433995.472659507,0.023342600000000005,0.23308270676691728,2024-01-11 22:34:23+00:00,walton_lighthouse-2024-01-11-223423Z
-13581760.205173733,4433994.84760631,0.023342600000000005,0.23558897243107768,2024-01-11 22:34:23+00:00,walton_lighthouse-2024-01-11-223423Z
-13581758.366020992,4433994.350730103,0.023342600000000005,0.23809523809523808,2024-01-11 22:34:23+00:00,walton_lighthouse-2024-01-11-223423Z
-13581756.526868211,4433993.853853883,0.023342600000000005,0.24060150375939848,2024-01-11 22:34:23+00:00,walton_lighthouse-2024-01-11-223423Z
-13581754.687715463,4433993.35697767,0.023342600000000005,0.24310776942355888,2024-01-11 22:34:23+00:00,walton_lighthouse-2024-01-11-223423Z
-13581752.89226008,4433992.714274931,0.023342600000000005,0.24561403508771928,2024-01-11 22:34:23+00:00,walton_lighthouse-2024-01-11-223423Z
-13581751.32440984,4433991.312009636,0.023342600000000005,0.24812030075187969,2024-01-11 22:34:23+00:00,walton_lighthouse-2024-01-11-223423Z
-13581749.484326996,4433990.818237258,0.023342600000000005,0.2506265664160401,2024-01-11 22:34:23+00:00,walton_lighthouse-2024-01-11-223423Z
-13581747.644244172,4433990.3244648855,0.023342600000000005,0.2531328320802005,2024-01-11 22:34:23+00:00,walton_lighthouse-2024-01-11-223423Z
-13581745.804161375,4433989.830692522,0.023342600000000005,0.2556390977443609,2024-01-11 22:34:23+00:00,walton_lighthouse-2024-01-11-223423Z
-13581743.964078538,4433989.336920149,0.023342600000000005,0.2581453634085213,2024-01-11 22:34:23+00:00,walton_lighthouse-2024-01-11-223423Z
-13581742.329730827,4433988.156569743,0.023342600000000005,0.2606516290726817,2024-01-11 22:34:23+00:00,walton_lighthouse-2024-01-11-223423Z
-13581740.595807796,4433987.308521548,0.023342600000000005,0.2631578947368421,2024-01-11 22:34:23+00:00,walton_lighthouse-2024-01-11-223423Z
-13581738.754787471,4433986.817877853,0.023342600000000005,0.2656641604010025,2024-01-11 22:34:23+00:00,walton_lighthouse-2024-01-11-223423Z
-13581736.913767142,4433986.327234159,0.023342600000000005,0.2681704260651629,2024-01-11 22:34:23+00:00,walton_lighthouse-2024-01-11-223423Z
-13581735.072746772,4433985.83659045,0.023342600000000005,0.2706766917293233,2024-01-11 22:34:23+00:00,walton_lighthouse-2024-01-11-223423Z
-13581733.29906446,4433985.121226691,0.023342600000000005,0.2731829573934837,2024-01-11 22:34:23+00:00,walton_lighthouse-2024-01-11-223423Z
-13581731.778188964,4433983.562197623,0.023342600000000005,0.2756892230576441,2024-01-11 22:34:23+00:00,walton_lighthouse-2024-01-11-223423Z
-13581729.93598613,4433983.075500139,0.023342600000000005,0.2781954887218045,2024-01-11 22:34:23+00:00,walton_lighthouse-2024-01-11-223423Z
-13581728.093783284,4433982.588802652,0.023342600000000005,0.2807017543859649,2024-01-11 22:34:23+00:00,walton_lighthouse-2024-01-11-223423Z
-13581726.25158044,4433982.102105162,0.023342600000000005,0.2832080200501253,2024-01-11 22:34:23+00:00,walton_lighthouse-2024-01-11-223423Z
-13581724.40937762,4433981.615407682,0.023342600000000005,0.2857142857142857,2024-01-11 22:34:23+00:00,walton_lighthouse-2024-01-11-223423Z
-13581722.720878934,4433980.615769647,0.023342600000000005,0.2882205513784461,2024-01-11 22:34:23+00:00,walton_lighthouse-2024-01-11-223423Z
-13581720.87819975,4433980.130661769,0.023342600000000005,0.2907268170426065,2024-01-11 22:34:23+00:00,walton_lighthouse-2024-01-11-223423Z
-13581719.03552059,4433979.645553902,0.023342600000000005,0.2932330827067669,2024-01-11 22:34:23+00:00,walton_lighthouse-2024-01-11-223423Z
-13581717.19284143,4433979.160446032,0.023342600000000005,0.2957393483709273,2024-01-11 22:34:23+00:00,walton_lighthouse-2024-01-11-223423Z
-13581715.35245598,4433978.667683584,0.023342600000000005,0.2982456140350877,2024-01-11 22:34:23+00:00,walton_lighthouse-2024-01-11-223423Z
-13581713.73561326,4433977.428915619,0.023342600000000005,0.3007518796992481,2024-01-11 22:34:23+00:00,walton_lighthouse-2024-01-11-223423Z
-13581711.892215986,4433976.946204213,0.023342600000000005,0.3032581453634085,2024-01-11 22:34:23+00:00,walton_lighthouse-2024-01-11-223423Z
-13581710.048818735,4433976.463492817,0.023342600000000005,0.3057644110275689,2024-01-11 22:34:23+00:00,walton_lighthouse-2024-01-11-223423Z
-13581708.205421448,4433975.980781411,0.023342600000000005,0.3082706766917293,2024-01-11 22:34:23+00:00,walton_lighthouse-2024-01-11-223423Z
-13581706.432217656,4433975.263820677,0.023342600000000005,0.3107769423558897,2024-01-11 22:34:23+00:00,walton_lighthouse-2024-01-11-223423Z
-13581704.706804603,4433974.387373091,0.023342600000000005,0.3132832080200501,2024-01-11 22:34:23+00:00,walton_lighthouse-2024-01-11-223423Z
-13581702.862805512,4433973.9066700665,0.023342600000000005,0.3157894736842105,2024-01-11 22:34:23+00:00,walton_lighthouse-2024-01-11-223423Z
-13581701.018806413,4433973.42596704,0.023342600000000005,0.3182957393483709,2024-01-11 22:34:23+00:00,walton_lighthouse-2024-01-11-223423Z
-13581699.174807306,4433972.945264012,0.023342600000000005,0.3208020050125313,2024-01-11 22:34:23+00:00,walton_lighthouse-2024-01-11-223423Z
-13581697.517483914,4433971.841588038,0.023342600000000005,0.3233082706766917,2024-01-11 22:34:23+00:00,walton_lighthouse-2024-01-11-223423Z
-13581695.67288007,4433971.362903183,0.023342600000000005,0.3258145363408521,2024-01-11 22:34:23+00:00,walton_lighthouse-2024-01-11-223423Z
-13581693.82827621,4433970.884218321,0.023342600000000005,0.3283208020050125,2024-01-11 22:34:23+00:00,walton_lighthouse-2024-01-11-223423Z
-13581691.983672377,4433970.405533468,0.023342600000000005,0.3308270676691729,2024-01-11 22:34:23+00:00,walton_lighthouse-2024-01-11-223423Z
-13581690.193318289,4433969.745806685,0.023342600000000005,0.3333333333333333,2024-01-11 22:34:23+00:00,walton_lighthouse-2024-01-11-223423Z
-13581688.442073775,4433968.955563629,0.023342600000000005,0.3358395989974937,2024-01-11 22:34:23+00:00,walton_lighthouse-2024-01-11-223423Z
-13581686.596983852,4433968.478500857,0.023342600000000005,0.3383458646616541,2024-01-11 22:34:23+00:00,walton_lighthouse-2024-01-11-223423Z
-13581684.751893943,4433968.001438091,0.023342600000000005,0.3408521303258145,2024-01-11 22:34:23+00:00,walton_lighthouse-2024-01-11-223423Z
-13581682.906804064,4433967.524375333,0.023342600000000005,0.3433583959899749,2024-01-11 22:34:23+00:00,walton_lighthouse-2024-01-11-223423Z
-13581681.207972951,4433966.559218561,0.023342600000000005,0.3458646616541353,2024-01-11 22:34:23+00:00,walton_lighthouse-2024-01-11-223423Z
-13581679.362394985,4433966.083784491,0.023342600000000005,0.3483709273182957,2024-01-11 22:34:23+00:00,walton_lighthouse-2024-01-11-223423Z
-13581677.51681703,4433965.608350428,0.023342600000000005,0.3508771929824561,2024-01-11 22:34:23+00:00,walton_lighthouse-2024-01-11-223423Z
-13581675.671239097,4433965.1329163695,0.023342600000000005,0.3533834586466165,2024-01-11 22:34:23+00:00,walton_lighthouse-2024-01-11-223423Z
-13581673.97055742,4433964.173935361,0.023342600000000005,0.3558897243107769,2024-01-11 22:34:23+00:00,walton_lighthouse-2024-01-11-223423Z
-13581672.1244894,4433963.70013665,0.023342600000000005,0.3583959899749373,2024-01-11 22:34:23+00:00,walton_lighthouse-2024-01-11-223423Z
-13581670.278421406,4433963.226337948,0.023342600000000005,0.3609022556390977,2024-01-11 22:34:23+00:00,walton_lighthouse-2024-01-11-223423Z
-13581668.432353428,4433962.752539253,0.023342600000000005,0.3634085213032581,2024-01-11 22:34:23+00:00,walton_lighthouse-2024-01-11-223423Z
-13581666.65797273,4433962.039506144,0.023342600000000005,0.3659147869674185,2024-01-11 22:34:23+00:00,walton_lighthouse-2024-01-11-223423Z
-13581664.811658956,4433961.566527627,0.023342600000000005,0.3684210526315789,2024-01-11 22:34:23+00:00,walton_lighthouse-2024-01-11-223423Z
-13581662.96534518,4433961.09354911,0.023342600000000005,0.37092731829573933,2024-01-11 22:34:23+00:00,walton_lighthouse-2024-01-11-223423Z
-13581661.119031431,4433960.620570602,0.023342600000000005,0.37343358395989973,2024-01-11 22:34:23+00:00,walton_lighthouse-2024-01-11-223423Z
-13581659.272717668,4433960.1475920845,0.023342600000000005,0.37593984962406013,2024-01-11 22:34:23+00:00,walton_lighthouse-2024-01-11-223423Z
-13581657.426403886,4433959.674613563,0.023342600000000005,0.37844611528822053,2024-01-11 22:34:23+00:00,walton_lighthouse-2024-01-11-223423Z
-13581655.58009013,4433959.201635052,0.023342600000000005,0.38095238095238093,2024-01-11 22:34:23+00:00,walton_lighthouse-2024-01-11-223423Z
-13581653.73377637,4433958.728656539,0.023342600000000005,0.38345864661654133,2024-01-11 22:34:23+00:00,walton_lighthouse-2024-01-11-223423Z
-13581651.887462609,4433958.255678026,0.023342600000000005,0.38596491228070173,2024-01-11 22:34:23+00:00,walton_lighthouse-2024-01-11-223423Z
-13581650.041148825,4433957.782699506,0.023342600000000005,0.38847117794486213,2024-01-11 22:34:23+00:00,walton_lighthouse-2024-01-11-223423Z
-13581648.234647991,4433957.176857568,0.023342600000000005,0.39097744360902253,2024-01-11 22:34:23+00:00,walton_lighthouse-2024-01-11-223423Z
-13581646.486913038,4433956.3749024775,0.023342600000000005,0.39348370927318294,2024-01-11 22:34:23+00:00,walton_lighthouse-2024-01-11-223423Z
-13581644.640106192,4433955.903569371,0.023342600000000005,0.39598997493734334,2024-01-11 22:34:23+00:00,walton_lighthouse-2024-01-11-223423Z
-13581642.793299371,4433955.432236275,0.023342600000000005,0.39849624060150374,2024-01-11 22:34:23+00:00,walton_lighthouse-2024-01-11-223423Z
-13581641.015159495,4433954.731748334,0.023342600000000005,0.40100250626566414,2024-01-11 22:34:23+00:00,walton_lighthouse-2024-01-11-223423Z
-13581639.16810539,4433954.26124048,0.023342600000000005,0.40350877192982454,2024-01-11 22:34:23+00:00,walton_lighthouse-2024-01-11-223423Z
-13581637.321051275,4433953.79073262,0.023342600000000005,0.40601503759398494,2024-01-11 22:34:23+00:00,walton_lighthouse-2024-01-11-223423Z
-13581635.47399716,4433953.320224761,0.023342600000000005,0.40852130325814534,2024-01-11 22:34:23+00:00,walton_lighthouse-2024-01-11-223423Z
-13581633.694759833,4433952.623399229,0.023342600000000005,0.41102756892230574,2024-01-11 22:34:23+00:00,walton_lighthouse-2024-01-11-223423Z
-13581631.847457932,4433952.15371831,0.023342600000000005,0.41353383458646614,2024-01-11 22:34:23+00:00,walton_lighthouse-2024-01-11-223423Z
-13581630.000156015,4433951.684037385,0.023342600000000005,0.41604010025062654,2024-01-11 22:34:23+00:00,walton_lighthouse-2024-01-11-223423Z
-13581628.152854128,4433951.214356468,0.023342600000000005,0.41854636591478694,2024-01-11 22:34:23+00:00,walton_lighthouse-2024-01-11-223423Z
-13581626.305552231,4433950.744675552,0.023342600000000005,0.42105263157894735,2024-01-11 22:34:23+00:00,walton_lighthouse-2024-01-11-223423Z
-13581624.458250334,4433950.274994633,0.023342600000000005,0.42355889724310775,2024-01-11 22:34:23+00:00,walton_lighthouse-2024-01-11-223423Z
-13581622.610948415,4433949.805313707,0.023342600000000005,0.42606516290726815,2024-01-11 22:34:23+00:00,walton_lighthouse-2024-01-11-223423Z
-13581620.76364652,4433949.335632787,0.023342600000000005,0.42857142857142855,2024-01-11 22:34:23+00:00,walton_lighthouse-2024-01-11-223423Z
-13581618.916344646,4433948.865951877,0.023342600000000005,0.43107769423558895,2024-01-11 22:34:23+00:00,walton_lighthouse-2024-01-11-223423Z
-13581617.069042737,4433948.396270956,0.023342600000000005,0.43358395989974935,2024-01-11 22:34:23+00:00,walton_lighthouse-2024-01-11-223423Z
-13581615.22174082,4433947.926590029,0.023342600000000005,0.43609022556390975,2024-01-11 22:34:23+00:00,walton_lighthouse-2024-01-11-223423Z
-13581613.37443892,4433947.45690911,0.023342600000000005,0.43859649122807015,2024-01-11 22:34:23+00:00,walton_lighthouse-2024-01-11-223423Z
-13581611.59211357,4433946.770388911,0.023342600000000005,0.44110275689223055,2024-01-11 22:34:23+00:00,walton_lighthouse-2024-01-11-223423Z
-13581609.744563377,4433946.301536632,0.023342600000000005,0.44360902255639095,2024-01-11 22:34:23+00:00,walton_lighthouse-2024-01-11-223423Z
-13581607.897013145,4433945.832684339,0.023342600000000005,0.44611528822055135,2024-01-11 22:34:23+00:00,walton_lighthouse-2024-01-11-223423Z
-13581606.049462944,4433945.363832051,0.023342600000000005,0.44862155388471175,2024-01-11 22:34:23+00:00,walton_lighthouse-2024-01-11-223423Z
-13581604.20191276,4433944.894979773,0.023342600000000005,0.45112781954887216,2024-01-11 22:34:23+00:00,walton_lighthouse-2024-01-11-223423Z
-13581602.354362557,4433944.426127489,0.023342600000000005,0.45363408521303256,2024-01-11 22:34:23+00:00,walton_lighthouse-2024-01-11-223423Z
-13581600.5704297,4433943.744971761,0.023342600000000005,0.45614035087719296,2024-01-11 22:34:23+00:00,walton_lighthouse-2024-01-11-223423Z
-13581598.72263067,4433943.276949814,0.023342600000000005,0.45864661654135336,2024-01-11 22:34:23+00:00,walton_lighthouse-2024-01-11-223423Z
-13581596.874831673,4433942.808927875,0.023342600000000005,0.46115288220551376,2024-01-11 22:34:23+00:00,walton_lighthouse-2024-01-11-223423Z
-13581595.090033071,4433942.130661326,0.023342600000000005,0.46365914786967416,2024-01-11 22:34:23+00:00,walton_lighthouse-2024-01-11-223423Z
-13581593.241984712,4433941.663471428,0.023342600000000005,0.46616541353383456,2024-01-11 22:34:23+00:00,walton_lighthouse-2024-01-11-223423Z
-13581591.393936396,4433941.196281545,0.023342600000000005,0.46867167919799496,2024-01-11 22:34:23+00:00,walton_lighthouse-2024-01-11-223423Z
-13581589.57707844,4433940.6250032345,0.023342600000000005,0.47117794486215536,2024-01-11 22:34:23+00:00,walton_lighthouse-2024-01-11-223423Z
-13581587.728905162,4433940.158230218,0.023342600000000005,0.47368421052631576,2024-01-11 22:34:23+00:00,walton_lighthouse-2024-01-11-223423Z
-13581585.91167246,4433939.588202555,0.023342600000000005,0.47619047619047616,2024-01-11 22:34:23+00:00,walton_lighthouse-2024-01-11-223423Z
-13581584.063374294,4433939.121846434,0.023342600000000005,0.47869674185463656,2024-01-11 22:34:23+00:00,walton_lighthouse-2024-01-11-223423Z
-13581582.21507612,4433938.655490314,0.023342600000000005,0.48120300751879697,2024-01-11 22:34:23+00:00,walton_lighthouse-2024-01-11-223423Z
-13581580.428035688,4433937.984705087,0.023342600000000005,0.48370927318295737,2024-01-11 22:34:23+00:00,walton_lighthouse-2024-01-11-223423Z
-13581578.579487149,4433937.519184447,0.023342600000000005,0.48621553884711777,2024-01-11 22:34:23+00:00,walton_lighthouse-2024-01-11-223423Z
-13581576.730938625,4433937.053663814,0.023342600000000005,0.48872180451127817,2024-01-11 22:34:23+00:00,walton_lighthouse-2024-01-11-223423Z
-13581574.882390086,4433936.588143176,0.023342600000000005,0.49122807017543857,2024-01-11 22:34:23+00:00,walton_lighthouse-2024-01-11-223423Z
-13581573.03384154,4433936.122622535,0.023342600000000005,0.49373433583959897,2024-01-11 22:34:23+00:00,walton_lighthouse-2024-01-11-223423Z
-13581571.185292987,4433935.657101892,0.023342600000000005,0.49624060150375937,2024-01-11 22:34:23+00:00,walton_lighthouse-2024-01-11-223423Z
-13581569.336744469,4433935.191581259,0.023342600000000005,0.49874686716791977,2024-01-11 22:34:23+00:00,walton_lighthouse-2024-01-11-223423Z
-13581567.488195924,4433934.726060621,0.023342600000000005,0.5012531328320802,2024-01-11 22:34:23+00:00,walton_lighthouse-2024-01-11-223423Z
-13581565.699024731,4433934.062386198,0.023342600000000005,0.5037593984962405,2024-01-11 22:34:23+00:00,walton_lighthouse-2024-01-11-223423Z
-13581563.85022533,4433933.597702777,0.023342600000000005,0.506265664160401,2024-01-11 22:34:23+00:00,walton_lighthouse-2024-01-11-223423Z
-13581562.001425922,4433933.133019352,0.023342600000000005,0.5087719298245614,2024-01-11 22:34:23+00:00,walton_lighthouse-2024-01-11-223423Z
-13581560.152626509,4433932.6683359295,0.023342600000000005,0.5112781954887218,2024-01-11 22:34:23+00:00,walton_lighthouse-2024-01-11-223423Z
-13581558.303827075,4433932.203652498,0.023342600000000005,0.5137844611528821,2024-01-11 22:34:23+00:00,walton_lighthouse-2024-01-11-223423Z
-13581556.455027664,4433931.738969073,0.023342600000000005,0.5162907268170426,2024-01-11 22:34:23+00:00,walton_lighthouse-2024-01-11-223423Z
-13581554.60622828,4433931.274285658,0.023342600000000005,0.518796992481203,2024-01-11 22:34:23+00:00,walton_lighthouse-2024-01-11-223423Z
-13581552.757428853,4433930.809602235,0.023342600000000005,0.5213032581453634,2024-01-11 22:34:23+00:00,walton_lighthouse-2024-01-11-223423Z
-13581550.90862942,4433930.344918804,0.023342600000000005,0.5238095238095237,2024-01-11 22:34:23+00:00,walton_lighthouse-2024-01-11-223423Z
-13581549.04266455,4433929.937519837,0.023342600000000005,0.5263157894736842,2024-01-11 22:34:23+00:00,walton_lighthouse-2024-01-11-223423Z
-13581547.165556334,4433929.567308449,0.023342600000000005,0.5288220551378446,2024-01-11 22:34:23+00:00,walton_lighthouse-2024-01-11-223423Z
-13581545.305613454,4433929.139812966,0.023342600000000005,0.531328320802005,2024-01-11 22:34:23+00:00,walton_lighthouse-2024-01-11-223423Z
-13581543.457064886,4433928.674292318,0.023342600000000005,0.5338345864661653,2024-01-11 22:34:23+00:00,walton_lighthouse-2024-01-11-223423Z
-13581541.608516363,4433928.208771684,0.023342600000000005,0.5363408521303258,2024-01-11 22:34:23+00:00,walton_lighthouse-2024-01-11-223423Z
-13581539.759967824,4433927.743251048,0.023342600000000005,0.5388471177944862,2024-01-11 22:34:23+00:00,walton_lighthouse-2024-01-11-223423Z
-13581537.911419269,4433927.277730404,0.023342600000000005,0.5413533834586466,2024-01-11 22:34:23+00:00,walton_lighthouse-2024-01-11-223423Z
-13581536.062870735,4433926.812209768,0.023342600000000005,0.5438596491228069,2024-01-11 22:34:23+00:00,walton_lighthouse-2024-01-11-223423Z
-13581534.214322202,4433926.346689132,0.023342600000000005,0.5463659147869674,2024-01-11 22:34:23+00:00,walton_lighthouse-2024-01-11-223423Z
-13581532.365773665,4433925.881168495,0.023342600000000005,0.5488721804511278,2024-01-11 22:34:23+00:00,walton_lighthouse-2024-01-11-223423Z
-13581530.50978205,4433925.440486767,0.023342600000000005,0.5513784461152882,2024-01-11 22:34:23+00:00,walton_lighthouse-2024-01-11-223423Z
-13581528.631445153,4433925.074375659,0.023342600000000005,0.5538847117794485,2024-01-11 22:34:23+00:00,walton_lighthouse-2024-01-11-223423Z
-13581526.766130608,4433924.664806533,0.023342600000000005,0.556390977443609,2024-01-11 22:34:23+00:00,walton_lighthouse-2024-01-11-223423Z
-13581524.917832412,4433924.198450404,0.023342600000000005,0.5588972431077694,2024-01-11 22:34:23+00:00,walton_lighthouse-2024-01-11-223423Z
-13581523.06953421,4433923.732094273,0.023342600000000005,0.5614035087719298,2024-01-11 22:34:23+00:00,walton_lighthouse-2024-01-11-223423Z
-13581521.221236026,4433923.265738149,0.023342600000000005,0.5639097744360901,2024-01-11 22:34:23+00:00,walton_lighthouse-2024-01-11-223423Z
-13581519.372937862,4433922.799382029,0.023342600000000005,0.5664160401002506,2024-01-11 22:34:23+00:00,walton_lighthouse-2024-01-11-223423Z
-13581517.524639688,4433922.333025908,0.023342600000000005,0.568922305764411,2024-01-11 22:34:23+00:00,walton_lighthouse-2024-01-11-223423Z
-13581515.655726416,4433921.935466218,0.023342600000000005,0.5714285714285714,2024-01-11 22:34:23+00:00,walton_lighthouse-2024-01-11-223423Z
-13581513.7764607,4433921.572454762,0.023342600000000005,0.5739348370927317,2024-01-11 22:34:23+00:00,walton_lighthouse-2024-01-11-223423Z
-13581511.927857632,4433921.1071161525,0.023342600000000005,0.5764411027568922,2024-01-11 22:34:23+00:00,walton_lighthouse-2024-01-11-223423Z
-13581510.07980929,4433920.639926265,0.023342600000000005,0.5789473684210527,2024-01-11 22:34:23+00:00,walton_lighthouse-2024-01-11-223423Z
-13581508.231760938,4433920.172736369,0.023342600000000005,0.581453634085213,2024-01-11 22:34:23+00:00,walton_lighthouse-2024-01-11-223423Z
-13581506.372032192,4433919.744526204,0.023342600000000005,0.5839598997493733,2024-01-11 22:34:23+00:00,walton_lighthouse-2024-01-11-223423Z
-13581504.492143752,4433919.38359296,0.023342600000000005,0.5864661654135338,2024-01-11 22:34:23+00:00,walton_lighthouse-2024-01-11-223423Z
-13581502.637081824,4433918.939808758,0.023342600000000005,0.5889724310776943,2024-01-11 22:34:23+00:00,walton_lighthouse-2024-01-11-223423Z
-13581500.787939234,4433918.476270518,0.023342600000000005,0.5914786967418546,2024-01-11 22:34:23+00:00,walton_lighthouse-2024-01-11-223423Z
-13581498.90773835,4433918.116379925,0.023342600000000005,0.593984962406015,2024-01-11 22:34:23+00:00,walton_lighthouse-2024-01-11-223423Z
-13581497.027537463,4433917.756489328,0.023342600000000005,0.5964912280701754,2024-01-11 22:34:23+00:00,walton_lighthouse-2024-01-11-223423Z
-13581495.147336572,4433917.396598731,0.023342600000000005,0.5989974937343359,2024-01-11 22:34:23+00:00,walton_lighthouse-2024-01-11-223423Z
-13581493.26713566,4433917.036708123,0.023342600000000005,0.6015037593984962,2024-01-11 22:34:23+00:00,walton_lighthouse-2024-01-11-223423Z
-13581491.4037769,4433916.620612073,0.023342600000000005,0.6040100250626566,2024-01-11 22:34:23+00:00,walton_lighthouse-2024-01-11-223423Z
-13581489.556722822,4433916.150104228,0.023342600000000005,0.606516290726817,2024-01-11 22:34:23+00:00,walton_lighthouse-2024-01-11-223423Z
-13581487.709668702,4433915.679596373,0.023342600000000005,0.6090225563909775,2024-01-11 22:34:23+00:00,walton_lighthouse-2024-01-11-223423Z
-13581485.852841696,4433915.241702519,0.023342600000000005,0.6115288220551378,2024-01-11 22:34:23+00:00,walton_lighthouse-2024-01-11-223423Z
-13581483.97201381,4433914.883904379,0.023342600000000005,0.6140350877192982,2024-01-11 22:34:23+00:00,walton_lighthouse-2024-01-11-223423Z
-13581482.121106043,4433914.426256944,0.023342600000000005,0.6165413533834586,2024-01-11 22:34:23+00:00,walton_lighthouse-2024-01-11-223423Z
-13581480.26285175,4433913.993126255,0.023342600000000005,0.6190476190476191,2024-01-11 22:34:23+00:00,walton_lighthouse-2024-01-11-223423Z
-13581478.38170926,4433913.636377914,0.023342600000000005,0.6215538847117794,2024-01-11 22:34:23+00:00,walton_lighthouse-2024-01-11-223423Z
-13581476.534122618,4433913.167647303,0.023342600000000005,0.6240601503759398,2024-01-11 22:34:23+00:00,walton_lighthouse-2024-01-11-223423Z
-13581474.67109235,4433912.750454998,0.023342600000000005,0.6265664160401002,2024-01-11 22:34:23+00:00,walton_lighthouse-2024-01-11-223423Z
-13581472.795027329,4433912.376762128,0.023342600000000005,0.6290726817042607,2024-01-11 22:34:23+00:00,walton_lighthouse-2024-01-11-223423Z
-13581470.948713576,4433911.903783615,0.023342600000000005,0.631578947368421,2024-01-11 22:34:23+00:00,walton_lighthouse-2024-01-11-223423Z
-13581469.077557407,4433911.513709036,0.023342600000000005,0.6340852130325814,2024-01-11 22:34:23+00:00,walton_lighthouse-2024-01-11-223423Z
-13581467.195783604,4433911.159067548,0.023342600000000005,0.6365914786967418,2024-01-11 22:34:23+00:00,walton_lighthouse-2024-01-11-223423Z
-13581465.314009782,4433910.80442605,0.023342600000000005,0.6390977443609023,2024-01-11 22:34:23+00:00,walton_lighthouse-2024-01-11-223423Z
-13581463.43223598,4433910.44978456,0.023342600000000005,0.6416040100250626,2024-01-11 22:34:23+00:00,walton_lighthouse-2024-01-11-223423Z
-13581461.584196497,4433909.982565208,0.023342600000000005,0.644110275689223,2024-01-11 22:34:23+00:00,walton_lighthouse-2024-01-11-223423Z
-13581459.718059711,4433909.575739905,0.023342600000000005,0.6466165413533834,2024-01-11 22:34:23+00:00,walton_lighthouse-2024-01-11-223423Z
-13581457.835969144,4433909.222155456,0.023342600000000005,0.6491228070175439,2024-01-11 22:34:23+00:00,walton_lighthouse-2024-01-11-223423Z
-13581455.960745417,4433908.845655086,0.023342600000000005,0.6516290726817042,2024-01-11 22:34:23+00:00,walton_lighthouse-2024-01-11-223423Z
-13581454.115655528,4433908.368592325,0.023342600000000005,0.6541353383458646,2024-01-11 22:34:23+00:00,walton_lighthouse-2024-01-11-223423Z
-13581452.237912368,4433908.000499838,0.023342600000000005,0.656641604010025,2024-01-11 22:34:23+00:00,walton_lighthouse-2024-01-11-223423Z
-13581450.382979136,4433907.556286043,0.023342600000000005,0.6591478696741855,2024-01-11 22:34:23+00:00,walton_lighthouse-2024-01-11-223423Z
-13581448.53813251,4433907.078411407,0.023342600000000005,0.6616541353383458,2024-01-11 22:34:23+00:00,walton_lighthouse-2024-01-11-223423Z
-13581446.685539622,4433906.626387602,0.023342600000000005,0.6641604010025062,2024-01-11 22:34:23+00:00,walton_lighthouse-2024-01-11-223423Z
-13581444.802494451,4433906.275988915,0.023342600000000005,0.6666666666666666,2024-01-11 22:34:23+00:00,walton_lighthouse-2024-01-11-223423Z
-13581442.919449272,4433905.9255902255,0.023342600000000005,0.6691729323308271,2024-01-11 22:34:23+00:00,walton_lighthouse-2024-01-11-223423Z
-13581441.036404086,4433905.575191534,0.023342600000000005,0.6716791979949874,2024-01-11 22:34:23+00:00,walton_lighthouse-2024-01-11-223423Z
-13581439.153358934,4433905.224792854,0.023342600000000005,0.6741854636591478,2024-01-11 22:34:23+00:00,walton_lighthouse-2024-01-11-223423Z
-13581437.306704173,4433904.75295231,0.023342600000000005,0.6766917293233082,2024-01-11 22:34:23+00:00,walton_lighthouse-2024-01-11-223423Z
-13581435.432940204,4433904.371580381,0.023342600000000005,0.6791979949874687,2024-01-11 22:34:23+00:00,walton_lighthouse-2024-01-11-223423Z
-13581433.579046998,4433903.923895965,0.023342600000000005,0.681704260651629,2024-01-11 22:34:23+00:00,walton_lighthouse-2024-01-11-223423Z
-13581431.711346751,4433903.522288311,0.023342600000000005,0.6842105263157894,2024-01-11 22:34:23+00:00,walton_lighthouse-2024-01-11-223423Z
-13581429.852432774,4433903.091359153,0.023342600000000005,0.6867167919799498,2024-01-11 22:34:23+00:00,walton_lighthouse-2024-01-11-223423Z
-13581427.988574432,4433902.676930222,0.023342600000000005,0.6892230576441103,2024-01-11 22:34:23+00:00,walton_lighthouse-2024-01-11-223423Z
-13581426.104568042,4433902.32973938,0.023342600000000005,0.6917293233082706,2024-01-11 22:34:23+00:00,walton_lighthouse-2024-01-11-223423Z
-13581424.220561642,4433901.982548534,0.023342600000000005,0.694235588972431,2024-01-11 22:34:23+00:00,walton_lighthouse-2024-01-11-223423Z
-13581422.364174493,4433901.543186743,0.023342600000000005,0.6967418546365914,2024-01-11 22:34:23+00:00,walton_lighthouse-2024-01-11-223423Z
-13581420.495962605,4433901.14328652,0.023342600000000005,0.6992481203007519,2024-01-11 22:34:23+00:00,walton_lighthouse-2024-01-11-223423Z
-13581418.611634316,4433900.797169905,0.023342600000000005,0.7017543859649122,2024-01-11 22:34:23+00:00,walton_lighthouse-2024-01-11-223423Z
-13581416.761504076,4433900.336927707,0.023342600000000005,0.7042606516290726,2024-01-11 22:34:23+00:00,walton_lighthouse-2024-01-11-223423Z
-13581414.885524131,4433899.962950951,0.023342600000000005,0.706766917293233,2024-01-11 22:34:23+00:00,walton_lighthouse-2024-01-11-223423Z
-13581413.003713744,4433899.608431507,0.023342600000000005,0.7092731829573935,2024-01-11 22:34:23+00:00,walton_lighthouse-2024-01-11-223423Z
-13581411.158220563,4433899.132714615,0.023342600000000005,0.7117794486215538,2024-01-11 22:34:23+00:00,walton_lighthouse-2024-01-11-223423Z
-13581409.273246229,4433898.788753919,0.023342600000000005,0.7142857142857142,2024-01-11 22:34:23+00:00,walton_lighthouse-2024-01-11-223423Z
-13581407.388271876,4433898.444793211,0.023342600000000005,0.7167919799498746,2024-01-11 22:34:23+00:00,walton_lighthouse-2024-01-11-223423Z
-13581405.503297552,4433898.100832518,0.023342600000000005,0.7192982456140351,2024-01-11 22:34:23+00:00,walton_lighthouse-2024-01-11-223423Z
-13581403.618780678,4433897.755345209,0.023342600000000005,0.7218045112781954,2024-01-11 22:34:23+00:00,walton_lighthouse-2024-01-11-223423Z
-13581401.773824004,4433897.277837829,0.023342600000000005,0.7243107769423558,2024-01-11 22:34:23+00:00,walton_lighthouse-2024-01-11-223423Z
-13581399.888525508,4433896.934958837,0.023342600000000005,0.7268170426065163,2024-01-11 22:34:23+00:00,walton_lighthouse-2024-01-11-223423Z
-13581398.028507458,4433896.507714181,0.023342600000000005,0.7293233082706767,2024-01-11 22:34:23+00:00,walton_lighthouse-2024-01-11-223423Z
-13581396.157523096,4433896.117066343,0.023342600000000005,0.731829573934837,2024-01-11 22:34:23+00:00,walton_lighthouse-2024-01-11-223423Z
-13581394.280925358,4433895.745151282,0.023342600000000005,0.7343358395989974,2024-01-11 22:34:23+00:00,walton_lighthouse-2024-01-11-223423Z
-13581392.425311672,4433895.303208335,0.023342600000000005,0.7368421052631579,2024-01-11 22:34:23+00:00,walton_lighthouse-2024-01-11-223423Z
-13581390.539362654,4433894.9625003375,0.023342600000000005,0.7393483709273183,2024-01-11 22:34:23+00:00,walton_lighthouse-2024-01-11-223423Z
-13581388.69188712,4433894.493398952,0.023342600000000005,0.7418546365914787,2024-01-11 22:34:23+00:00,walton_lighthouse-2024-01-11-223423Z
-13581386.805611707,4433894.153780247,0.023342600000000005,0.744360902255639,2024-01-11 22:34:23+00:00,walton_lighthouse-2024-01-11-223423Z
-13581384.92125106,4433893.807771429,0.023342600000000005,0.7468671679197995,2024-01-11 22:34:23+00:00,walton_lighthouse-2024-01-11-223423Z
-13581383.070642512,4433893.349125444,0.023342600000000005,0.7493734335839599,2024-01-11 22:34:23+00:00,walton_lighthouse-2024-01-11-223423Z
-13581381.18403994,4433893.010598566,0.023342600000000005,0.7518796992481203,2024-01-11 22:34:23+00:00,walton_lighthouse-2024-01-11-223423Z
-13581379.297437347,4433892.67207168,0.023342600000000005,0.7543859649122806,2024-01-11 22:34:23+00:00,walton_lighthouse-2024-01-11-223423Z
-13581377.41199336,4433892.329678227,0.023342600000000005,0.7568922305764411,2024-01-11 22:34:23+00:00,walton_lighthouse-2024-01-11-223423Z
-13581375.560589852,4433891.8736851765,0.023342600000000005,0.7593984962406015,2024-01-11 22:34:23+00:00,walton_lighthouse-2024-01-11-223423Z
-13581373.673659358,4433891.536252677,0.023342600000000005,0.7619047619047619,2024-01-11 22:34:23+00:00,walton_lighthouse-2024-01-11-223423Z
-13581371.803443871,4433891.143038791,0.023342600000000005,0.7644110275689222,2024-01-11 22:34:23+00:00,walton_lighthouse-2024-01-11-223423Z
-13581369.93525488,4433890.743062083,0.023342600000000005,0.7669172932330827,2024-01-11 22:34:23+00:00,walton_lighthouse-2024-01-11-223423Z
-13581368.047995672,4433890.406726512,0.023342600000000005,0.7694235588972431,2024-01-11 22:34:23+00:00,walton_lighthouse-2024-01-11-223423Z
-13581366.16073645,4433890.070390935,0.023342600000000005,0.7719298245614035,2024-01-11 22:34:23+00:00,walton_lighthouse-2024-01-11-223423Z
-13581364.27347722,4433889.734055352,0.023342600000000005,0.7744360902255638,2024-01-11 22:34:23+00:00,walton_lighthouse-2024-01-11-223423Z
-13581362.386217982,4433889.397719768,0.023342600000000005,0.7769423558897243,2024-01-11 22:34:23+00:00,walton_lighthouse-2024-01-11-223423Z
-13581360.532851024,4433888.9482792,0.023342600000000005,0.7794486215538847,2024-01-11 22:34:23+00:00,walton_lighthouse-2024-01-11-223423Z
-13581358.64526233,4433888.613043124,0.023342600000000005,0.7819548872180451,2024-01-11 22:34:23+00:00,walton_lighthouse-2024-01-11-223423Z
-13581356.75767362,4433888.277807036,0.023342600000000005,0.7844611528822054,2024-01-11 22:34:23+00:00,walton_lighthouse-2024-01-11-223423Z
-13581354.870084938,4433887.942570964,0.023342600000000005,0.7869674185463659,2024-01-11 22:34:23+00:00,walton_lighthouse-2024-01-11-223423Z
-13581353.005285757,4433887.531281905,0.023342600000000005,0.7894736842105263,2024-01-11 22:34:23+00:00,walton_lighthouse-2024-01-11-223423Z
-13581351.12722802,4433887.164239175,0.023342600000000005,0.7919799498746867,2024-01-11 22:34:23+00:00,walton_lighthouse-2024-01-11-223423Z
-13581349.239309063,4433886.830105164,0.023342600000000005,0.794486215538847,2024-01-11 22:34:23+00:00,walton_lighthouse-2024-01-11-223423Z
-13581347.349263169,4433886.503069262,0.023342600000000005,0.7969924812030075,2024-01-11 22:34:23+00:00,walton_lighthouse-2024-01-11-223423Z
-13581345.463471232,4433886.161837177,0.023342600000000005,0.7994987468671679,2024-01-11 22:34:23+00:00,walton_lighthouse-2024-01-11-223423Z
-13581343.575552285,4433885.827703172,0.023342600000000005,0.8020050125313283,2024-01-11 22:34:23+00:00,walton_lighthouse-2024-01-11-223423Z
-13581341.687633332,4433885.493569163,0.023342600000000005,0.8045112781954886,2024-01-11 22:34:23+00:00,walton_lighthouse-2024-01-11-223423Z
-13581339.799714398,4433885.159435162,0.023342600000000005,0.8070175438596491,2024-01-11 22:34:23+00:00,walton_lighthouse-2024-01-11-223423Z
-13581337.911795488,4433884.825301171,0.023342600000000005,0.8095238095238095,2024-01-11 22:34:23+00:00,walton_lighthouse-2024-01-11-223423Z
-13581336.023876565,4433884.491167177,0.023342600000000005,0.8120300751879699,2024-01-11 22:34:23+00:00,walton_lighthouse-2024-01-11-223423Z
-13581334.135957597,4433884.157033161,0.023342600000000005,0.8145363408521302,2024-01-11 22:34:23+00:00,walton_lighthouse-2024-01-11-223423Z
-13581332.248038666,4433883.822899161,0.023342600000000005,0.8170426065162907,2024-01-11 22:34:23+00:00,walton_lighthouse-2024-01-11-223423Z
-13581330.345901435,4433883.536214446,0.023342600000000005,0.8195488721804511,2024-01-11 22:34:23+00:00,walton_lighthouse-2024-01-11-223423Z
-13581328.44384325,4433883.249265884,0.023342600000000005,0.8220551378446115,2024-01-11 22:34:23+00:00,walton_lighthouse-2024-01-11-223423Z
-13581326.56770263,4433882.875825326,0.023342600000000005,0.8245614035087718,2024-01-11 22:34:23+00:00,walton_lighthouse-2024-01-11-223423Z
-13581324.68117856,4433882.537036351,0.023342600000000005,0.8270676691729323,2024-01-11 22:34:23+00:00,walton_lighthouse-2024-01-11-223423Z
-13581322.80844402,4433882.152229167,0.023342600000000005,0.8295739348370927,2024-01-11 22:34:23+00:00,walton_lighthouse-2024-01-11-223423Z
-13581320.893488476,4433881.908321575,0.023342600000000005,0.8320802005012531,2024-01-11 22:34:23+00:00,walton_lighthouse-2024-01-11-223423Z
-13581319.005899765,4433881.573085488,0.023342600000000005,0.8345864661654134,2024-01-11 22:34:23+00:00,walton_lighthouse-2024-01-11-223423Z
-13581317.09410175,4433881.318640659,0.023342600000000005,0.8370927318295739,2024-01-11 22:34:23+00:00,walton_lighthouse-2024-01-11-223423Z
-13581315.2047374,4433880.989330326,0.023342600000000005,0.8395989974937343,2024-01-11 22:34:23+00:00,walton_lighthouse-2024-01-11-223423Z
-13581313.317478174,4433880.652994749,0.023342600000000005,0.8421052631578947,2024-01-11 22:34:23+00:00,walton_lighthouse-2024-01-11-223423Z
-13581311.40687516,4433880.394561839,0.023342600000000005,0.844611528822055,2024-01-11 22:34:23+00:00,walton_lighthouse-2024-01-11-223423Z
-13581309.518021502,4433880.063547288,0.023342600000000005,0.8471177944862155,2024-01-11 22:34:23+00:00,walton_lighthouse-2024-01-11-223423Z
-13581307.617564283,4433879.771256015,0.023342600000000005,0.849624060150376,2024-01-11 22:34:23+00:00,walton_lighthouse-2024-01-11-223423Z
-13581305.71993623,4433879.469523107,0.023342600000000005,0.8521303258145363,2024-01-11 22:34:23+00:00,walton_lighthouse-2024-01-11-223423Z
-13581303.809493044,4433879.210556914,0.023342600000000005,0.8546365914786966,2024-01-11 22:34:23+00:00,walton_lighthouse-2024-01-11-223423Z
-13581301.899758922,4433878.949224499,0.023342600000000005,0.8571428571428571,2024-01-11 22:34:23+00:00,walton_lighthouse-2024-01-11-223423Z
-13581299.954000847,4433878.808110935,0.023342600000000005,0.8596491228070176,2024-01-11 22:34:23+00:00,walton_lighthouse-2024-01-11-223423Z
-13581298.014622765,4433878.645706069,0.023342600000000005,0.8621553884711779,2024-01-11 22:34:23+00:00,walton_lighthouse-2024-01-11-223423Z
-13581296.086008146,4433878.4473814005,0.023342600000000005,0.8646616541353382,2024-01-11 22:34:23+00:00,walton_lighthouse-2024-01-11-223423Z
-13581294.137234475,4433878.316331545,0.023342600000000005,0.8671679197994987,2024-01-11 22:34:23+00:00,walton_lighthouse-2024-01-11-223423Z
-13581292.21200058,4433878.10672482,0.023342600000000005,0.8696741854636592,2024-01-11 22:34:23+00:00,walton_lighthouse-2024-01-11-223423Z
-13581290.267461129,4433877.96154439,0.023342600000000005,0.8721804511278195,2024-01-11 22:34:23+00:00,walton_lighthouse-2024-01-11-223423Z
-13581288.326209951,4433877.805390471,0.023342600000000005,0.8746867167919798,2024-01-11 22:34:23+00:00,walton_lighthouse-2024-01-11-223423Z
-13581286.405172912,4433877.581778041,0.023342600000000005,0.8771929824561403,2024-01-11 22:34:23+00:00,walton_lighthouse-2024-01-11-223423Z
-13581284.488950672,4433877.342097663,0.023342600000000005,0.8796992481203008,2024-01-11 22:34:23+00:00,walton_lighthouse-2024-01-11-223423Z
-13581282.58842323,4433877.050040624,0.023342600000000005,0.8822055137844611,2024-01-11 22:34:23+00:00,walton_lighthouse-2024-01-11-223423Z
-13581282.58842323,4433877.050040624,0.023342600000000005,0.8847117794486214,2024-01-11 22:34:23+00:00,walton_lighthouse-2024-01-11-223423Z
-13581282.58842323,4433877.050040624,0.023342600000000005,0.8872180451127819,2024-01-11 22:34:23+00:00,walton_lighthouse-2024-01-11-223423Z
-13581282.58842323,4433877.050040624,0.023342600000000005,0.8897243107769424,2024-01-11 22:34:23+00:00,walton_lighthouse-2024-01-11-223423Z
-13581282.58842323,4433877.050040624,0.023342600000000005,0.8922305764411027,2024-01-11 22:34:23+00:00,walton_lighthouse-2024-01-11-223423Z
-13581282.58842323,4433877.050040624,0.023342600000000005,0.894736842105263,2024-01-11 22:34:23+00:00,walton_lighthouse-2024-01-11-223423Z
-13581282.58842323,4433877.050040624,0.023342600000000005,0.8972431077694235,2024-01-11 22:34:23+00:00,walton_lighthouse-2024-01-11-223423Z
-13581282.58842323,4433877.050040624,0.023342600000000005,0.899749373433584,2024-01-11 22:34:23+00:00,walton_lighthouse-2024-01-11-223423Z
-13581282.58842323,4433877.050040624,0.023342600000000005,0.9022556390977443,2024-01-11 22:34:23+00:00,walton_lighthouse-2024-01-11-223423Z
-13581282.58842323,4433877.050040624,0.023342600000000005,0.9047619047619047,2024-01-11 22:34:23+00:00,walton_lighthouse-2024-01-11-223423Z
-13581282.58842323,4433877.050040624,0.023342600000000005,0.9072681704260651,2024-01-11 22:34:23+00:00,walton_lighthouse-2024-01-11-223423Z
-13581282.58842323,4433877.050040624,0.023342600000000005,0.9097744360902256,2024-01-11 22:34:23+00:00,walton_lighthouse-2024-01-11-223423Z
-13581282.58842323,4433877.050040624,0.023342600000000005,0.9122807017543859,2024-01-11 22:34:23+00:00,walton_lighthouse-2024-01-11-223423Z
-13581282.58842323,4433877.050040624,0.023342600000000005,0.9147869674185463,2024-01-11 22:34:23+00:00,walton_lighthouse-2024-01-11-223423Z
-13581282.58842323,4433877.050040624,0.023342600000000005,0.9172932330827067,2024-01-11 22:34:23+00:00,walton_lighthouse-2024-01-11-223423Z
-13581282.58842323,4433877.050040624,0.023342600000000005,0.9197994987468672,2024-01-11 22:34:23+00:00,walton_lighthouse-2024-01-11-223423Z
-13581282.58842323,4433877.050040624,0.023342600000000005,0.9223057644110275,2024-01-11 22:34:23+00:00,walton_lighthouse-2024-01-11-223423Z
-13581282.58842323,4433877.050040624,0.023342600000000005,0.9248120300751879,2024-01-11 22:34:23+00:00,walton_lighthouse-2024-01-11-223423Z
-13581282.58842323,4433877.050040624,0.023342600000000005,0.9273182957393483,2024-01-11 22:34:23+00:00,walton_lighthouse-2024-01-11-223423Z
-13581282.58842323,4433877.050040624,0.023342600000000005,0.9298245614035088,2024-01-11 22:34:23+00:00,walton_lighthouse-2024-01-11-223423Z
-13581282.58842323,4433877.050040624,0.023342600000000005,0.9323308270676691,2024-01-11 22:34:23+00:00,walton_lighthouse-2024-01-11-223423Z
-13581282.58842323,4433877.050040624,0.023342600000000005,0.9348370927318295,2024-01-11 22:34:23+00:00,walton_lighthouse-2024-01-11-223423Z
-13581282.58842323,4433877.050040624,0.023342600000000005,0.9373433583959899,2024-01-11 22:34:23+00:00,walton_lighthouse-2024-01-11-223423Z
-13581282.58842323,4433877.050040624,0.023342600000000005,0.9398496240601504,2024-01-11 22:34:23+00:00,walton_lighthouse-2024-01-11-223423Z
-13581282.58842323,4433877.050040624,0.023342600000000005,0.9423558897243107,2024-01-11 22:34:23+00:00,walton_lighthouse-2024-01-11-223423Z
-13581282.58842323,4433877.050040624,0.023342600000000005,0.9448621553884711,2024-01-11 22:34:23+00:00,walton_lighthouse-2024-01-11-223423Z
-13581282.58842323,4433877.050040624,0.023342600000000005,0.9473684210526315,2024-01-11 22:34:23+00:00,walton_lighthouse-2024-01-11-223423Z
-13581282.58842323,4433877.050040624,0.023342600000000005,0.949874686716792,2024-01-11 22:34:23+00:00,walton_lighthouse-2024-01-11-223423Z
-13581282.58842323,4433877.050040624,0.023342600000000005,0.9523809523809523,2024-01-11 22:34:23+00:00,walton_lighthouse-2024-01-11-223423Z
-13581282.58842323,4433877.050040624,0.023342600000000005,0.9548872180451127,2024-01-11 22:34:23+00:00,walton_lighthouse-2024-01-11-223423Z
-13581282.58842323,4433877.050040624,0.023342600000000005,0.9573934837092731,2024-01-11 22:34:23+00:00,walton_lighthouse-2024-01-11-223423Z
-13581282.58842323,4433877.050040624,0.023342600000000005,0.9598997493734336,2024-01-11 22:34:23+00:00,walton_lighthouse-2024-01-11-223423Z
-13581282.58842323,4433877.050040624,0.023342600000000005,0.9624060150375939,2024-01-11 22:34:23+00:00,walton_lighthouse-2024-01-11-223423Z
-13581282.58842323,4433877.050040624,0.023342600000000005,0.9649122807017543,2024-01-11 22:34:23+00:00,walton_lighthouse-2024-01-11-223423Z
-13581282.58842323,4433877.050040624,0.023342600000000005,0.9674185463659147,2024-01-11 22:34:23+00:00,walton_lighthouse-2024-01-11-223423Z
-13581282.58842323,4433877.050040624,0.023342600000000005,0.9699248120300752,2024-01-11 22:34:23+00:00,walton_lighthouse-2024-01-11-223423Z
-13581282.58842323,4433877.050040624,0.023342600000000005,0.9724310776942355,2024-01-11 22:34:23+00:00,walton_lighthouse-2024-01-11-223423Z
-13581282.58842323,4433877.050040624,0.023342600000000005,0.9749373433583959,2024-01-11 22:34:23+00:00,walton_lighthouse-2024-01-11-223423Z
-13581282.58842323,4433877.050040624,0.023342600000000005,0.9774436090225563,2024-01-11 22:34:23+00:00,walton_lighthouse-2024-01-11-223423Z
-13581282.58842323,4433877.050040624,0.023342600000000005,0.9799498746867168,2024-01-11 22:34:23+00:00,walton_lighthouse-2024-01-11-223423Z
-13581282.58842323,4433877.050040624,0.023342600000000005,0.9824561403508771,2024-01-11 22:34:23+00:00,walton_lighthouse-2024-01-11-223423Z
-13581282.58842323,4433877.050040624,0.023342600000000005,0.9849624060150375,2024-01-11 22:34:23+00:00,walton_lighthouse-2024-01-11-223423Z
-13581282.58842323,4433877.050040624,0.023342600000000005,0.9874686716791979,2024-01-11 22:34:23+00:00,walton_lighthouse-2024-01-11-223423Z
-13581282.58842323,4433877.050040624,0.023342600000000005,0.9899749373433584,2024-01-11 22:34:23+00:00,walton_lighthouse-2024-01-11-223423Z
-13581282.58842323,4433877.050040624,0.023342600000000005,0.9924812030075187,2024-01-11 22:34:23+00:00,walton_lighthouse-2024-01-11-223423Z
-13581282.58842323,4433877.050040624,0.023342600000000005,0.9949874686716791,2024-01-11 22:34:23+00:00,walton_lighthouse-2024-01-11-223423Z
-13581282.58842323,4433877.050040624,0.023342600000000005,0.9974937343358395,2024-01-11 22:34:23+00:00,walton_lighthouse-2024-01-11-223423Z
-13581282.58842323,4433877.050040624,0.023342600000000005,1.0,2024-01-11 22:34:23+00:00,walton_lighthouse-2024-01-11-223423Z
-13581918.118260805,4434091.502657722,-0.16106986666666667,0.0,2024-01-11 23:04:23+00:00,walton_lighthouse-2024-01-11-230423Z
-13581916.313304717,4434090.891660659,-0.16106986666666667,0.002506265664160401,2024-01-11 23:04:23+00:00,walton_lighthouse-2024-01-11-230423Z
-13581914.508348618,4434090.280663594,-0.16106986666666667,0.005012531328320802,2024-01-11 23:04:23+00:00,walton_lighthouse-2024-01-11-230423Z
-13581912.703392489,4434089.66966652,-0.16106986666666667,0.007518796992481203,2024-01-11 23:04:23+00:00,walton_lighthouse-2024-01-11-230423Z
-13581910.89843639,4434089.0586694535,-0.16106986666666667,0.010025062656641603,2024-01-11 23:04:23+00:00,walton_lighthouse-2024-01-11-230423Z
-13581909.370908655,4434087.521840292,-0.16106986666666667,0.012531328320802004,2024-01-11 23:04:23+00:00,walton_lighthouse-2024-01-11-230423Z
-13581907.580833044,4434086.861184087,-0.16106986666666667,0.015037593984962405,2024-01-11 23:04:23+00:00,walton_lighthouse-2024-01-11-230423Z
-13581905.775199777,4434086.252446756,-0.16106986666666667,0.017543859649122806,2024-01-11 23:04:23+00:00,walton_lighthouse-2024-01-11-230423Z
-13581903.969566535,4434085.643709433,-0.16106986666666667,0.020050125313283207,2024-01-11 23:04:23+00:00,walton_lighthouse-2024-01-11-230423Z
-13581902.16393333,4434085.034972117,-0.16106986666666667,0.022556390977443608,2024-01-11 23:04:23+00:00,walton_lighthouse-2024-01-11-230423Z
-13581900.358300108,4434084.426234801,-0.16106986666666667,0.02506265664160401,2024-01-11 23:04:23+00:00,walton_lighthouse-2024-01-11-230423Z
-13581898.552666822,4434083.817497467,-0.16106986666666667,0.02756892230576441,2024-01-11 23:04:23+00:00,walton_lighthouse-2024-01-11-230423Z
-13581896.927343275,4434082.607031731,-0.16106986666666667,0.03007518796992481,2024-01-11 23:04:23+00:00,walton_lighthouse-2024-01-11-230423Z
-13581895.23093059,4434081.6338043455,-0.16106986666666667,0.03258145363408521,2024-01-11 23:04:23+00:00,walton_lighthouse-2024-01-11-230423Z
-13581893.424615595,4434081.02734218,-0.16106986666666667,0.03508771929824561,2024-01-11 23:04:23+00:00,walton_lighthouse-2024-01-11-230423Z
-13581891.618300589,4434080.420880009,-0.16106986666666667,0.03759398496240601,2024-01-11 23:04:23+00:00,walton_lighthouse-2024-01-11-230423Z
-13581889.811985577,4434079.814417838,-0.16106986666666667,0.040100250626566414,2024-01-11 23:04:23+00:00,walton_lighthouse-2024-01-11-230423Z
-13581888.005670607,4434079.207955678,-0.16106986666666667,0.042606516290726815,2024-01-11 23:04:23+00:00,walton_lighthouse-2024-01-11-230423Z
-13581886.199355612,4434078.601493512,-0.16106986666666667,0.045112781954887216,2024-01-11 23:04:23+00:00,walton_lighthouse-2024-01-11-230423Z
-13581884.54334746,4434077.493428157,-0.16106986666666667,0.047619047619047616,2024-01-11 23:04:23+00:00,walton_lighthouse-2024-01-11-230423Z
-13581882.87343236,4434076.431773145,-0.16106986666666667,0.05012531328320802,2024-01-11 23:04:23+00:00,walton_lighthouse-2024-01-11-230423Z
-13581881.06643095,4434075.827601708,-0.16106986666666667,0.05263157894736842,2024-01-11 23:04:23+00:00,walton_lighthouse-2024-01-11-230423Z
-13581879.259429531,4434075.223430269,-0.16106986666666667,0.05513784461152882,2024-01-11 23:04:23+00:00,walton_lighthouse-2024-01-11-230423Z
-13581877.452428086,4434074.619258822,-0.16106986666666667,0.05764411027568922,2024-01-11 23:04:23+00:00,walton_lighthouse-2024-01-11-230423Z
-13581875.645426668,4434074.015087381,-0.16106986666666667,0.06015037593984962,2024-01-11 23:04:23+00:00,walton_lighthouse-2024-01-11-230423Z
-13581873.838425294,4434073.410915953,-0.16106986666666667,0.06265664160401002,2024-01-11 23:04:23+00:00,walton_lighthouse-2024-01-11-230423Z
-13581872.214605356,4434072.195432322,-0.16106986666666667,0.06516290726817042,2024-01-11 23:04:23+00:00,walton_lighthouse-2024-01-11-230423Z
-13581870.743628124,4434070.469882905,-0.16106986666666667,0.06766917293233082,2024-01-11 23:04:23+00:00,walton_lighthouse-2024-01-11-230423Z
-13581868.985665282,4434069.702060219,-0.16106986666666667,0.07017543859649122,2024-01-11 23:04:23+00:00,walton_lighthouse-2024-01-11-230423Z
-13581867.177276855,4434069.102517593,-0.16106986666666667,0.07268170426065163,2024-01-11 23:04:23+00:00,walton_lighthouse-2024-01-11-230423Z
-13581865.368888415,4434068.502974966,-0.16106986666666667,0.07518796992481203,2024-01-11 23:04:23+00:00,walton_lighthouse-2024-01-11-230423Z
-13581863.56049992,4434067.90343232,-0.16106986666666667,0.07769423558897243,2024-01-11 23:04:23+00:00,walton_lighthouse-2024-01-11-230423Z
-13581861.752111493,4434067.303889694,-0.16106986666666667,0.08020050125313283,2024-01-11 23:04:23+00:00,walton_lighthouse-2024-01-11-230423Z
-13581859.943723038,4434066.704347062,-0.16106986666666667,0.08270676691729323,2024-01-11 23:04:23+00:00,walton_lighthouse-2024-01-11-230423Z
-13581858.463053634,4434065.011142304,-0.16106986666666667,0.08521303258145363,2024-01-11 23:04:23+00:00,walton_lighthouse-2024-01-11-230423Z
-13581856.67995642,4434064.32719795,-0.16106986666666667,0.08771929824561403,2024-01-11 23:04:23+00:00,walton_lighthouse-2024-01-11-230423Z
-13581854.87069133,4434063.730580863,-0.16106986666666667,0.09022556390977443,2024-01-11 23:04:23+00:00,walton_lighthouse-2024-01-11-230423Z
-13581853.061426228,4434063.133963774,-0.16106986666666667,0.09273182957393483,2024-01-11 23:04:23+00:00,walton_lighthouse-2024-01-11-230423Z
-13581851.2521611,4434062.537346677,-0.16106986666666667,0.09523809523809523,2024-01-11 23:04:23+00:00,walton_lighthouse-2024-01-11-230423Z
-13581849.442895995,4434061.940729586,-0.16106986666666667,0.09774436090225563,2024-01-11 23:04:23+00:00,walton_lighthouse-2024-01-11-230423Z
-13581847.707607348,4434061.097238883,-0.16106986666666667,0.10025062656641603,2024-01-11 23:04:23+00:00,walton_lighthouse-2024-01-11-230423Z
-13581846.034463856,4434060.046357521,-0.16106986666666667,0.10275689223057644,2024-01-11 23:04:23+00:00,walton_lighthouse-2024-01-11-230423Z
-13581844.22466909,4434059.451507928,-0.16106986666666667,0.10526315789473684,2024-01-11 23:04:23+00:00,walton_lighthouse-2024-01-11-230423Z
-13581842.41487435,4434058.856658341,-0.16106986666666667,0.10776942355889724,2024-01-11 23:04:23+00:00,walton_lighthouse-2024-01-11-230423Z
-13581840.605079638,4434058.261808762,-0.16106986666666667,0.11027568922305764,2024-01-11 23:04:23+00:00,walton_lighthouse-2024-01-11-230423Z
-13581838.795284912,4434057.666959183,-0.16106986666666667,0.11278195488721804,2024-01-11 23:04:23+00:00,walton_lighthouse-2024-01-11-230423Z
-13581837.0026537,4434057.01483142,-0.16106986666666667,0.11528822055137844,2024-01-11 23:04:23+00:00,walton_lighthouse-2024-01-11-230423Z
-13581835.314241476,4434056.01490484,-0.16106986666666667,0.11779448621553884,2024-01-11 23:04:23+00:00,walton_lighthouse-2024-01-11-230423Z
-13581833.573368128,4434055.190051301,-0.16106986666666667,0.12030075187969924,2024-01-11 23:04:23+00:00,walton_lighthouse-2024-01-11-230423Z
-13581831.763040988,4434054.596978443,-0.16106986666666667,0.12280701754385964,2024-01-11 23:04:23+00:00,walton_lighthouse-2024-01-11-230423Z
-13581829.952713836,4434054.00390558,-0.16106986666666667,0.12531328320802004,2024-01-11 23:04:23+00:00,walton_lighthouse-2024-01-11-230423Z
-13581828.14238668,4434053.410832716,-0.16106986666666667,0.12781954887218044,2024-01-11 23:04:23+00:00,walton_lighthouse-2024-01-11-230423Z
-13581826.344856923,4434052.775052593,-0.16106986666666667,0.13032581453634084,2024-01-11 23:04:23+00:00,walton_lighthouse-2024-01-11-230423Z
-13581824.862010237,4434051.089113951,-0.16106986666666667,0.13283208020050125,2024-01-11 23:04:23+00:00,walton_lighthouse-2024-01-11-230423Z
-13581823.192212638,4434050.027066657,-0.16106986666666667,0.13533834586466165,2024-01-11 23:04:23+00:00,walton_lighthouse-2024-01-11-230423Z
-13581821.380632373,4434049.43817577,-0.16106986666666667,0.13784461152882205,2024-01-11 23:04:23+00:00,walton_lighthouse-2024-01-11-230423Z
-13581819.569052102,4434048.849284883,-0.16106986666666667,0.14035087719298245,2024-01-11 23:04:23+00:00,walton_lighthouse-2024-01-11-230423Z
-13581817.757471822,4434048.260393994,-0.16106986666666667,0.14285714285714285,2024-01-11 23:04:23+00:00,walton_lighthouse-2024-01-11-230423Z
-13581815.945891514,4434047.671503096,-0.16106986666666667,0.14536340852130325,2024-01-11 23:04:23+00:00,walton_lighthouse-2024-01-11-230423Z
-13581814.245674089,4434046.710972765,-0.16106986666666667,0.14786967418546365,2024-01-11 23:04:23+00:00,walton_lighthouse-2024-01-11-230423Z
-13581812.760179784,4434045.033869879,-0.16106986666666667,0.15037593984962405,2024-01-11 23:04:23+00:00,walton_lighthouse-2024-01-11-230423Z
-13581810.989003768,4434044.310142062,-0.16106986666666667,0.15288220551378445,2024-01-11 23:04:23+00:00,walton_lighthouse-2024-01-11-230423Z
-13581809.176154882,4434043.725484672,-0.16106986666666667,0.15538847117794485,2024-01-11 23:04:23+00:00,walton_lighthouse-2024-01-11-230423Z
-13581807.363306042,4434043.140827297,-0.16106986666666667,0.15789473684210525,2024-01-11 23:04:23+00:00,walton_lighthouse-2024-01-11-230423Z
-13581805.61865558,4434042.328578624,-0.16106986666666667,0.16040100250626566,2024-01-11 23:04:23+00:00,walton_lighthouse-2024-01-11-230423Z
-13581804.078890618,4434040.832587266,-0.16106986666666667,0.16290726817042606,2024-01-11 23:04:23+00:00,walton_lighthouse-2024-01-11-230423Z
-13581802.470794382,4434039.564630599,-0.16106986666666667,0.16541353383458646,2024-01-11 23:04:23+00:00,walton_lighthouse-2024-01-11-230423Z
-13581800.694706203,4434038.857295764,-0.16106986666666667,0.16791979949874686,2024-01-11 23:04:23+00:00,walton_lighthouse-2024-01-11-230423Z
-13581799.185523557,4434037.259245329,-0.16106986666666667,0.17042606516290726,2024-01-11 23:04:23+00:00,walton_lighthouse-2024-01-11-230423Z
-13581797.43913028,4434036.452812679,-0.16106986666666667,0.17293233082706766,2024-01-11 23:04:23+00:00,walton_lighthouse-2024-01-11-230423Z
-13581795.968874888,4434034.724854488,-0.16106986666666667,0.17543859649122806,2024-01-11 23:04:23+00:00,walton_lighthouse-2024-01-11-230423Z
-13581794.152502583,4434034.151955547,-0.16106986666666667,0.17794486215538846,2024-01-11 23:04:23+00:00,walton_lighthouse-2024-01-11-230423Z
-13581793.254554603,4434030.514096486,-0.16106986666666667,0.18045112781954886,2024-01-11 23:04:23+00:00,walton_lighthouse-2024-01-11-230423Z
-13581791.766524252,4434028.845456635,-0.16106986666666667,0.18295739348370926,2024-01-11 23:04:23+00:00,walton_lighthouse-2024-01-11-230423Z
-13581790.278493935,4434027.176816777,-0.16106986666666667,0.18546365914786966,2024-01-11 23:04:23+00:00,walton_lighthouse-2024-01-11-230423Z
-13581790.39247976,4434020.1619384745,-0.16106986666666667,0.18796992481203006,2024-01-11 23:04:23+00:00,walton_lighthouse-2024-01-11-230423Z
-13581788.715954632,4434019.122342293,-0.16106986666666667,0.19047619047619047,2024-01-11 23:04:23+00:00,walton_lighthouse-2024-01-11-230423Z
-13581787.506775742,4434016.523121065,-0.16106986666666667,0.19298245614035087,2024-01-11 23:04:23+00:00,walton_lighthouse-2024-01-11-230423Z
-13581785.890901923,4434015.28111975,-0.16106986666666667,0.19548872180451127,2024-01-11 23:04:23+00:00,walton_lighthouse-2024-01-11-230423Z
-13581784.535787065,4434013.168915315,-0.16106986666666667,0.19799498746867167,2024-01-11 23:04:23+00:00,walton_lighthouse-2024-01-11-230423Z
-13581782.766279098,4434012.439620989,-0.16106986666666667,0.20050125313283207,2024-01-11 23:04:23+00:00,walton_lighthouse-2024-01-11-230423Z
-13581780.936036546,4434011.913009595,-0.16106986666666667,0.20300751879699247,2024-01-11 23:04:23+00:00,walton_lighthouse-2024-01-11-230423Z
-13581779.182072897,4434011.13184084,-0.16106986666666667,0.20551378446115287,2024-01-11 23:04:23+00:00,walton_lighthouse-2024-01-11-230423Z
-13581777.35161594,4434010.6059451485,-0.16106986666666667,0.20802005012531327,2024-01-11 23:04:23+00:00,walton_lighthouse-2024-01-11-230423Z
-13581775.521158963,4434010.080049451,-0.16106986666666667,0.21052631578947367,2024-01-11 23:04:23+00:00,walton_lighthouse-2024-01-11-230423Z
-13581773.910160426,4434008.821778355,-0.16106986666666667,0.21303258145363407,2024-01-11 23:04:23+00:00,walton_lighthouse-2024-01-11-230423Z
-13581772.422130091,4434007.153138503,-0.16106986666666667,0.21553884711779447,2024-01-11 23:04:23+00:00,walton_lighthouse-2024-01-11-230423Z
-13581770.934099795,4434005.484498641,-0.16106986666666667,0.21804511278195488,2024-01-11 23:04:23+00:00,walton_lighthouse-2024-01-11-230423Z
-13581769.341653945,4434004.164313658,-0.16106986666666667,0.22055137844611528,2024-01-11 23:04:23+00:00,walton_lighthouse-2024-01-11-230423Z
-13581767.507930206,4434003.649319711,-0.16106986666666667,0.22305764411027568,2024-01-11 23:04:23+00:00,walton_lighthouse-2024-01-11-230423Z
-13581765.674206495,4434003.134325775,-0.16106986666666667,0.22556390977443608,2024-01-11 23:04:23+00:00,walton_lighthouse-2024-01-11-230423Z
-13581763.840482784,4434002.619331838,-0.16106986666666667,0.22807017543859648,2024-01-11 23:04:23+00:00,walton_lighthouse-2024-01-11-230423Z
-13581762.006759066,4434002.104337899,-0.16106986666666667,0.23057644110275688,2024-01-11 23:04:23+00:00,walton_lighthouse-2024-01-11-230423Z
-13581760.34456762,4434001.016907419,-0.16106986666666667,0.23308270676691728,2024-01-11 23:04:23+00:00,walton_lighthouse-2024-01-11-230423Z
-13581758.854106134,4433999.356380916,-0.16106986666666667,0.23558897243107768,2024-01-11 23:04:23+00:00,walton_lighthouse-2024-01-11-230423Z
-13581757.347428655,4433997.749970281,-0.16106986666666667,0.23809523809523808,2024-01-11 23:04:23+00:00,walton_lighthouse-2024-01-11-230423Z
-13581755.511248283,4433997.243174554,-0.16106986666666667,0.24060150375939848,2024-01-11 23:04:23+00:00,walton_lighthouse-2024-01-11-230423Z
-13581753.675067944,4433996.736378836,-0.16106986666666667,0.24310776942355888,2024-01-11 23:04:23+00:00,walton_lighthouse-2024-01-11-230423Z
-13581751.83888762,4433996.229583126,-0.16106986666666667,0.24561403508771928,2024-01-11 23:04:23+00:00,walton_lighthouse-2024-01-11-230423Z
-13581750.00270728,4433995.72278741,-0.16106986666666667,0.24812030075187969,2024-01-11 23:04:23+00:00,walton_lighthouse-2024-01-11-230423Z
-13581748.300907992,4433994.767535982,-0.16106986666666667,0.2506265664160401,2024-01-11 23:04:23+00:00,walton_lighthouse-2024-01-11-230423Z
-13581746.808113702,4433993.114794423,-0.16106986666666667,0.2531328320802005,2024-01-11 23:04:23+00:00,walton_lighthouse-2024-01-11-230423Z
-13581745.028256062,4433992.420039031,-0.16106986666666667,0.2556390977443609,2024-01-11 23:04:23+00:00,walton_lighthouse-2024-01-11-230423Z
-13581743.190484652,4433991.918552977,-0.16106986666666667,0.2581453634085213,2024-01-11 23:04:23+00:00,walton_lighthouse-2024-01-11-230423Z
-13581741.352713237,4433991.41706692,-0.16106986666666667,0.2606516290726817,2024-01-11 23:04:23+00:00,walton_lighthouse-2024-01-11-230423Z
-13581739.514941838,4433990.915580869,-0.16106986666666667,0.2631578947368421,2024-01-11 23:04:23+00:00,walton_lighthouse-2024-01-11-230423Z
-13581737.784168024,4433990.0570231965,-0.16106986666666667,0.2656641604010025,2024-01-11 23:04:23+00:00,walton_lighthouse-2024-01-11-230423Z
-13581736.219679216,4433988.64354018,-0.16106986666666667,0.2681704260651629,2024-01-11 23:04:23+00:00,walton_lighthouse-2024-01-11-230423Z
-13581734.380757803,4433988.145891845,-0.16106986666666667,0.2706766917293233,2024-01-11 23:04:23+00:00,walton_lighthouse-2024-01-11-230423Z
-13581732.54183642,4433987.64824352,-0.16106986666666667,0.2731829573934837,2024-01-11 23:04:23+00:00,walton_lighthouse-2024-01-11-230423Z
-13581730.702915054,4433987.150595199,-0.16106986666666667,0.2756892230576441,2024-01-11 23:04:23+00:00,walton_lighthouse-2024-01-11-230423Z
-13581728.86399367,4433986.6529468745,-0.16106986666666667,0.2781954887218045,2024-01-11 23:04:23+00:00,walton_lighthouse-2024-01-11-230423Z
-13581727.251577543,4433985.399406551,-0.16106986666666667,0.2807017543859649,2024-01-11 23:04:23+00:00,walton_lighthouse-2024-01-11-230423Z
-13581725.411960669,4433984.904079171,-0.16106986666666667,0.2832080200501253,2024-01-11 23:04:23+00:00,walton_lighthouse-2024-01-11-230423Z
-13581723.572343824,4433984.408751799,-0.16106986666666667,0.2857142857142857,2024-01-11 23:04:23+00:00,walton_lighthouse-2024-01-11-230423Z
-13581721.73272696,4433983.913424424,-0.16106986666666667,0.2882205513784461,2024-01-11 23:04:23+00:00,walton_lighthouse-2024-01-11-230423Z
-13581719.893110082,4433983.418097041,-0.16106986666666667,0.2907268170426065,2024-01-11 23:04:23+00:00,walton_lighthouse-2024-01-11-230423Z
-13581718.350972936,4433981.93002219,-0.16106986666666667,0.2932330827067669,2024-01-11 23:04:23+00:00,walton_lighthouse-2024-01-11-230423Z
-13581716.512390647,4433981.431242253,-0.16106986666666667,0.2957393483709273,2024-01-11 23:04:23+00:00,walton_lighthouse-2024-01-11-230423Z
-13581714.671840005,4433980.939031095,-0.16106986666666667,0.2982456140350877,2024-01-11 23:04:23+00:00,walton_lighthouse-2024-01-11-230423Z
-13581712.831289338,4433980.44681993,-0.16106986666666667,0.3007518796992481,2024-01-11 23:04:23+00:00,walton_lighthouse-2024-01-11-230423Z
-13581710.990738692,4433979.95460877,-0.16106986666666667,0.3032581453634085,2024-01-11 23:04:23+00:00,walton_lighthouse-2024-01-11-230423Z
-13581709.372821666,4433978.71942614,-0.16106986666666667,0.3057644110275689,2024-01-11 23:04:23+00:00,walton_lighthouse-2024-01-11-230423Z
-13581707.531565765,4433978.22956852,-0.16106986666666667,0.3082706766917293,2024-01-11 23:04:23+00:00,walton_lighthouse-2024-01-11-230423Z
-13581705.690309854,4433977.739710894,-0.16106986666666667,0.3107769423558897,2024-01-11 23:04:23+00:00,walton_lighthouse-2024-01-11-230423Z
-13581703.84905398,4433977.24985328,-0.16106986666666667,0.3132832080200501,2024-01-11 23:04:23+00:00,walton_lighthouse-2024-01-11-230423Z
-13581702.054271497,4433976.604904883,-0.16106986666666667,0.3157894736842105,2024-01-11 23:04:23+00:00,walton_lighthouse-2024-01-11-230423Z
-13581700.313346367,4433975.780224023,-0.16106986666666667,0.3182957393483709,2024-01-11 23:04:23+00:00,walton_lighthouse-2024-01-11-230423Z
-13581698.471617945,4433975.2919433,-0.16106986666666667,0.3208020050125313,2024-01-11 23:04:23+00:00,walton_lighthouse-2024-01-11-230423Z
-13581696.629889546,4433974.803662584,-0.16106986666666667,0.3233082706766917,2024-01-11 23:04:23+00:00,walton_lighthouse-2024-01-11-230423Z
-13581694.78816113,4433974.315381865,-0.16106986666666667,0.3258145363408521,2024-01-11 23:04:23+00:00,walton_lighthouse-2024-01-11-230423Z
-13581693.203363622,4433972.9696728205,-0.16106986666666667,0.3283208020050125,2024-01-11 23:04:23+00:00,walton_lighthouse-2024-01-11-230423Z
-13581691.395333068,4433972.368935842,-0.16106986666666667,0.3308270676691729,2024-01-11 23:04:23+00:00,walton_lighthouse-2024-01-11-230423Z
-13581689.552653909,4433971.883827974,-0.16106986666666667,0.3333333333333333,2024-01-11 23:04:23+00:00,walton_lighthouse-2024-01-11-230423Z
-13581687.709974738,4433971.398720104,-0.16106986666666667,0.3358395989974937,2024-01-11 23:04:23+00:00,walton_lighthouse-2024-01-11-230423Z
-13581685.888419677,4433970.843116936,-0.16106986666666667,0.3383458646616541,2024-01-11 23:04:23+00:00,walton_lighthouse-2024-01-11-230423Z
-13581684.16889761,4433969.947009927,-0.16106986666666667,0.3408521303258145,2024-01-11 23:04:23+00:00,walton_lighthouse-2024-01-11-230423Z
-13581682.325740214,4433969.463498095,-0.16106986666666667,0.3433583959899749,2024-01-11 23:04:23+00:00,walton_lighthouse-2024-01-11-230423Z
-13581680.48258278,4433968.979986253,-0.16106986666666667,0.3458646616541353,2024-01-11 23:04:23+00:00,walton_lighthouse-2024-01-11-230423Z
-13581678.63942534,4433968.496474406,-0.16106986666666667,0.3483709273182957,2024-01-11 23:04:23+00:00,walton_lighthouse-2024-01-11-230423Z
-13581676.939211965,4433967.535930559,-0.16106986666666667,0.3508771929824561,2024-01-11 23:04:23+00:00,walton_lighthouse-2024-01-11-230423Z
-13581675.095574368,4433967.054021212,-0.16106986666666667,0.3533834586466165,2024-01-11 23:04:23+00:00,walton_lighthouse-2024-01-11-230423Z
-13581673.251936764,4433966.5721118655,-0.16106986666666667,0.3558897243107769,2024-01-11 23:04:23+00:00,walton_lighthouse-2024-01-11-230423Z
-13581671.40829912,4433966.090202504,-0.16106986666666667,0.3583959899749373,2024-01-11 23:04:23+00:00,walton_lighthouse-2024-01-11-230423Z
-13581669.706256356,4433965.135763684,-0.16106986666666667,0.3609022556390977,2024-01-11 23:04:23+00:00,walton_lighthouse-2024-01-11-230423Z
-13581667.862136625,4433964.655463318,-0.16106986666666667,0.3634085213032581,2024-01-11 23:04:23+00:00,walton_lighthouse-2024-01-11-230423Z
-13581666.018016877,4433964.175162948,-0.16106986666666667,0.3659147869674185,2024-01-11 23:04:23+00:00,walton_lighthouse-2024-01-11-230423Z
-13581664.173897116,4433963.694862573,-0.16106986666666667,0.3684210526315789,2024-01-11 23:04:23+00:00,walton_lighthouse-2024-01-11-230423Z
-13581662.399822997,4433962.980806315,-0.16106986666666667,0.37092731829573933,2024-01-11 23:04:23+00:00,walton_lighthouse-2024-01-11-230423Z
-13581660.555461464,4433962.501312886,-0.16106986666666667,0.37343358395989973,2024-01-11 23:04:23+00:00,walton_lighthouse-2024-01-11-230423Z
-13581658.711099911,4433962.021819453,-0.16106986666666667,0.37593984962406013,2024-01-11 23:04:23+00:00,walton_lighthouse-2024-01-11-230423Z
-13581656.92399319,4433961.351255492,-0.16106986666666667,0.37844611528822053,2024-01-11 23:04:23+00:00,walton_lighthouse-2024-01-11-230423Z
-13581655.230455436,4433960.368433836,-0.16106986666666667,0.38095238095238093,2024-01-11 23:04:23+00:00,walton_lighthouse-2024-01-11-230423Z
-13581653.385365536,4433959.89137107,-0.16106986666666667,0.38345864661654133,2024-01-11 23:04:23+00:00,walton_lighthouse-2024-01-11-230423Z
-13581651.540275628,4433959.414308305,-0.16106986666666667,0.38596491228070173,2024-01-11 23:04:23+00:00,walton_lighthouse-2024-01-11-230423Z
-13581649.749509424,4433958.75595674,-0.16106986666666667,0.38847117794486213,2024-01-11 23:04:23+00:00,walton_lighthouse-2024-01-11-230423Z
-13581647.9187628,4433958.231027719,-0.16106986666666667,0.39097744360902253,2024-01-11 23:04:23+00:00,walton_lighthouse-2024-01-11-230423Z
-13581646.073429128,4433957.75477848,-0.16106986666666667,0.39348370927318294,2024-01-11 23:04:23+00:00,walton_lighthouse-2024-01-11-230423Z
-13581644.228095418,4433957.278529228,-0.16106986666666667,0.39598997493734334,2024-01-11 23:04:23+00:00,walton_lighthouse-2024-01-11-230423Z
-13581642.450835912,4433956.575103257,-0.16106986666666667,0.39849624060150374,2024-01-11 23:04:23+00:00,walton_lighthouse-2024-01-11-230423Z
-13581640.605257977,4433956.0996692,-0.16106986666666667,0.40100250626566414,2024-01-11 23:04:23+00:00,walton_lighthouse-2024-01-11-230423Z
-13581638.759680023,4433955.624235139,-0.16106986666666667,0.40350877192982454,2024-01-11 23:04:23+00:00,walton_lighthouse-2024-01-11-230423Z
-13581636.914102064,4433955.1488010725,-0.16106986666666667,0.40601503759398494,2024-01-11 23:04:23+00:00,walton_lighthouse-2024-01-11-230423Z
-13581635.068524098,4433954.673367007,-0.16106986666666667,0.40852130325814534,2024-01-11 23:04:23+00:00,walton_lighthouse-2024-01-11-230423Z
-13581633.222946163,4433954.19793295,-0.16106986666666667,0.41102756892230574,2024-01-11 23:04:23+00:00,walton_lighthouse-2024-01-11-230423Z
-13581631.377368208,4433953.72249889,-0.16106986666666667,0.41353383458646614,2024-01-11 23:04:23+00:00,walton_lighthouse-2024-01-11-230423Z
-13581629.53179024,4433953.247064821,-0.16106986666666667,0.41604010025062654,2024-01-11 23:04:23+00:00,walton_lighthouse-2024-01-11-230423Z
-13581627.686212296,4433952.771630763,-0.16106986666666667,0.41854636591478694,2024-01-11 23:04:23+00:00,walton_lighthouse-2024-01-11-230423Z
-13581625.842650471,4433952.289468504,-0.16106986666666667,0.42105263157894735,2024-01-11 23:04:23+00:00,walton_lighthouse-2024-01-11-230423Z
-13581624.060821803,4433951.601290715,-0.16106986666666667,0.42355889724310775,2024-01-11 23:04:23+00:00,walton_lighthouse-2024-01-11-230423Z
-13581622.214999065,4433951.126673492,-0.16106986666666667,0.42606516290726815,2024-01-11 23:04:23+00:00,walton_lighthouse-2024-01-11-230423Z
-13581620.36917634,4433950.652056275,-0.16106986666666667,0.42857142857142855,2024-01-11 23:04:23+00:00,walton_lighthouse-2024-01-11-230423Z
-13581618.523353646,4433950.177439068,-0.16106986666666667,0.43107769423558895,2024-01-11 23:04:23+00:00,walton_lighthouse-2024-01-11-230423Z
-13581616.677530907,4433949.702821849,-0.16106986666666667,0.43358395989974935,2024-01-11 23:04:23+00:00,walton_lighthouse-2024-01-11-230423Z
-13581614.83170817,4433949.228204626,-0.16106986666666667,0.43609022556390975,2024-01-11 23:04:23+00:00,walton_lighthouse-2024-01-11-230423Z
-13581613.050313596,4433948.538578176,-0.16106986666666667,0.43859649122807015,2024-01-11 23:04:23+00:00,walton_lighthouse-2024-01-11-230423Z
-13581611.20424562,4433948.064779479,-0.16106986666666667,0.44110275689223055,2024-01-11 23:04:23+00:00,walton_lighthouse-2024-01-11-230423Z
-13581609.358177636,4433947.590980782,-0.16106986666666667,0.44360902255639095,2024-01-11 23:04:23+00:00,walton_lighthouse-2024-01-11-230423Z
-13581607.575932214,4433946.904193676,-0.16106986666666667,0.44611528822055135,2024-01-11 23:04:23+00:00,walton_lighthouse-2024-01-11-230423Z
-13581605.729618449,4433946.431215161,-0.16106986666666667,0.44862155388471175,2024-01-11 23:04:23+00:00,walton_lighthouse-2024-01-11-230423Z
-13581603.8833047,4433945.958236653,-0.16106986666666667,0.45112781954887216,2024-01-11 23:04:23+00:00,walton_lighthouse-2024-01-11-230423Z
-13581602.100205367,4433945.274299319,-0.16106986666666667,0.45363408521303256,2024-01-11 23:04:23+00:00,walton_lighthouse-2024-01-11-230423Z
-13581600.25364532,4433944.802142669,-0.16106986666666667,0.45614035087719296,2024-01-11 23:04:23+00:00,walton_lighthouse-2024-01-11-230423Z
-13581598.407085268,4433944.329986018,-0.16106986666666667,0.45864661654135336,2024-01-11 23:04:23+00:00,walton_lighthouse-2024-01-11-230423Z
-13581596.560525246,4433943.857829375,-0.16106986666666667,0.46115288220551376,2024-01-11 23:04:23+00:00,walton_lighthouse-2024-01-11-230423Z
-13581594.713965204,4433943.3856727285,-0.16106986666666667,0.46365914786967416,2024-01-11 23:04:23+00:00,walton_lighthouse-2024-01-11-230423Z
-13581592.9107539,4433942.768852888,-0.16106986666666667,0.46616541353383456,2024-01-11 23:04:23+00:00,walton_lighthouse-2024-01-11-230423Z
-13581591.082708435,4433942.234909602,-0.16106986666666667,0.46867167919799496,2024-01-11 23:04:23+00:00,walton_lighthouse-2024-01-11-230423Z
-13581589.235901607,4433941.763576501,-0.16106986666666667,0.47117794486215536,2024-01-11 23:04:23+00:00,walton_lighthouse-2024-01-11-230423Z
-13581587.450590407,4433941.087020534,-0.16106986666666667,0.47368421052631576,2024-01-11 23:04:23+00:00,walton_lighthouse-2024-01-11-230423Z
-13581585.6035363,4433940.616512679,-0.16106986666666667,0.47619047619047616,2024-01-11 23:04:23+00:00,walton_lighthouse-2024-01-11-230423Z
-13581583.756482214,4433940.146004828,-0.16106986666666667,0.47869674185463656,2024-01-11 23:04:23+00:00,walton_lighthouse-2024-01-11-230423Z
-13581581.909428116,4433939.675496978,-0.16106986666666667,0.48120300751879697,2024-01-11 23:04:23+00:00,walton_lighthouse-2024-01-11-230423Z
-13581580.062373985,4433939.204989112,-0.16106986666666667,0.48370927318295737,2024-01-11 23:04:23+00:00,walton_lighthouse-2024-01-11-230423Z
-13581578.219202774,4433938.721523278,-0.16106986666666667,0.48621553884711777,2024-01-11 23:04:23+00:00,walton_lighthouse-2024-01-11-230423Z
-13581576.428400945,4433938.0632907245,-0.16106986666666667,0.48872180451127817,2024-01-11 23:04:23+00:00,walton_lighthouse-2024-01-11-230423Z
-13581574.581099046,4433937.593609806,-0.16106986666666667,0.49122807017543857,2024-01-11 23:04:23+00:00,walton_lighthouse-2024-01-11-230423Z
-13581572.793559307,4433936.924490944,-0.16106986666666667,0.49373433583959897,2024-01-11 23:04:23+00:00,walton_lighthouse-2024-01-11-230423Z
-13581570.946009092,4433936.455638655,-0.16106986666666667,0.49624060150375937,2024-01-11 23:04:23+00:00,walton_lighthouse-2024-01-11-230423Z
-13581569.098458908,4433935.986786377,-0.16106986666666667,0.49874686716791977,2024-01-11 23:04:23+00:00,walton_lighthouse-2024-01-11-230423Z
-13581567.250908704,4433935.517934094,-0.16106986666666667,0.5012531328320802,2024-01-11 23:04:23+00:00,walton_lighthouse-2024-01-11-230423Z
-13581565.403358486,4433935.049081803,-0.16106986666666667,0.5037593984962405,2024-01-11 23:04:23+00:00,walton_lighthouse-2024-01-11-230423Z
-13581563.555808296,4433934.580229521,-0.16106986666666667,0.506265664160401,2024-01-11 23:04:23+00:00,walton_lighthouse-2024-01-11-230423Z
-13581561.708258098,4433934.111377239,-0.16106986666666667,0.5087719298245614,2024-01-11 23:04:23+00:00,walton_lighthouse-2024-01-11-230423Z
-13581559.860707896,4433933.642524957,-0.16106986666666667,0.5112781954887218,2024-01-11 23:04:23+00:00,walton_lighthouse-2024-01-11-230423Z
-13581558.013157677,4433933.173672667,-0.16106986666666667,0.5137844611528821,2024-01-11 23:04:23+00:00,walton_lighthouse-2024-01-11-230423Z
-13581556.165607473,4433932.704820382,-0.16106986666666667,0.5162907268170426,2024-01-11 23:04:23+00:00,walton_lighthouse-2024-01-11-230423Z
-13581554.318057297,4433932.235968108,-0.16106986666666667,0.518796992481203,2024-01-11 23:04:23+00:00,walton_lighthouse-2024-01-11-230423Z
-13581552.470507083,4433931.767115822,-0.16106986666666667,0.5213032581453634,2024-01-11 23:04:23+00:00,walton_lighthouse-2024-01-11-230423Z
-13581550.608301634,4433931.347170876,-0.16106986666666667,0.5238095238095237,2024-01-11 23:04:23+00:00,walton_lighthouse-2024-01-11-230423Z
-13581548.732713737,4433930.971885816,-0.16106986666666667,0.5263157894736842,2024-01-11 23:04:23+00:00,walton_lighthouse-2024-01-11-230423Z
-13581546.927856475,4433930.36055897,-0.16106986666666667,0.5288220551378446,2024-01-11 23:04:23+00:00,walton_lighthouse-2024-01-11-230423Z
-13581545.080306284,4433929.891706691,-0.16106986666666667,0.531328320802005,2024-01-11 23:04:23+00:00,walton_lighthouse-2024-01-11-230423Z
-13581543.232756052,4433929.422854396,-0.16106986666666667,0.5338345864661653,2024-01-11 23:04:23+00:00,walton_lighthouse-2024-01-11-230423Z
-13581541.385205869,4433928.954002118,-0.16106986666666667,0.5363408521303258,2024-01-11 23:04:23+00:00,walton_lighthouse-2024-01-11-230423Z
-13581539.537655665,4433928.485149835,-0.16106986666666667,0.5388471177944862,2024-01-11 23:04:23+00:00,walton_lighthouse-2024-01-11-230423Z
-13581537.690105446,4433928.016297543,-0.16106986666666667,0.5413533834586466,2024-01-11 23:04:23+00:00,walton_lighthouse-2024-01-11-230423Z
-13581535.842555253,4433927.547445264,-0.16106986666666667,0.5438596491228069,2024-01-11 23:04:23+00:00,walton_lighthouse-2024-01-11-230423Z
-13581533.995005056,4433927.078592982,-0.16106986666666667,0.5463659147869674,2024-01-11 23:04:23+00:00,walton_lighthouse-2024-01-11-230423Z
-13581532.147454856,4433926.609740699,-0.16106986666666667,0.5488721804511278,2024-01-11 23:04:23+00:00,walton_lighthouse-2024-01-11-230423Z
-13581530.271582177,4433926.235405939,-0.16106986666666667,0.5513784461152882,2024-01-11 23:04:23+00:00,walton_lighthouse-2024-01-11-230423Z
-13581528.39855154,4433925.851586812,-0.16106986666666667,0.5538847117794485,2024-01-11 23:04:23+00:00,walton_lighthouse-2024-01-11-230423Z
-13581526.551249668,4433925.381905902,-0.16106986666666667,0.556390977443609,2024-01-11 23:04:23+00:00,walton_lighthouse-2024-01-11-230423Z
-13581524.703947756,4433924.912224981,-0.16106986666666667,0.5588972431077694,2024-01-11 23:04:23+00:00,walton_lighthouse-2024-01-11-230423Z
-13581522.85664584,4433924.442544055,-0.16106986666666667,0.5614035087719298,2024-01-11 23:04:23+00:00,walton_lighthouse-2024-01-11-230423Z
-13581521.00934394,4433923.972863139,-0.16106986666666667,0.5639097744360901,2024-01-11 23:04:23+00:00,walton_lighthouse-2024-01-11-230423Z
-13581519.16204206,4433923.503182224,-0.16106986666666667,0.5664160401002506,2024-01-11 23:04:23+00:00,walton_lighthouse-2024-01-11-230423Z
-13581517.31474017,4433923.033501309,-0.16106986666666667,0.568922305764411,2024-01-11 23:04:23+00:00,walton_lighthouse-2024-01-11-230423Z
-13581515.46743824,4433922.563820379,-0.16106986666666667,0.5714285714285714,2024-01-11 23:04:23+00:00,walton_lighthouse-2024-01-11-230423Z
-13581513.604749965,4433922.145486788,-0.16106986666666667,0.5739348370927317,2024-01-11 23:04:23+00:00,walton_lighthouse-2024-01-11-230423Z
-13581511.72641308,4433921.779375687,-0.16106986666666667,0.5764411027568922,2024-01-11 23:04:23+00:00,walton_lighthouse-2024-01-11-230423Z
-13581509.874317976,4433921.32569063,-0.16106986666666667,0.5789473684210527,2024-01-11 23:04:23+00:00,walton_lighthouse-2024-01-11-230423Z
-13581508.025919762,4433920.859668298,-0.16106986666666667,0.581453634085213,2024-01-11 23:04:23+00:00,walton_lighthouse-2024-01-11-230423Z
-13581506.147273948,4433920.494588061,-0.16106986666666667,0.5839598997493733,2024-01-11 23:04:23+00:00,walton_lighthouse-2024-01-11-230423Z
-13581504.282787884,4433920.082254092,-0.16106986666666667,0.5864661654135338,2024-01-11 23:04:23+00:00,walton_lighthouse-2024-01-11-230423Z
-13581502.435981063,4433919.610921,-0.16106986666666667,0.5889724310776943,2024-01-11 23:04:23+00:00,walton_lighthouse-2024-01-11-230423Z
-13581500.566406053,4433919.215569709,-0.16106986666666667,0.5914786967418546,2024-01-11 23:04:23+00:00,walton_lighthouse-2024-01-11-230423Z
-13581498.687450651,4433918.851522698,-0.16106986666666667,0.593984962406015,2024-01-11 23:04:23+00:00,walton_lighthouse-2024-01-11-230423Z
-13581496.808495248,4433918.487475688,-0.16106986666666667,0.5964912280701754,2024-01-11 23:04:23+00:00,walton_lighthouse-2024-01-11-230423Z
-13581494.950792534,4433918.052504305,-0.16106986666666667,0.5989974937343359,2024-01-11 23:04:23+00:00,walton_lighthouse-2024-01-11-230423Z
-13581493.104478749,4433917.579525783,-0.16106986666666667,0.6015037593984962,2024-01-11 23:04:23+00:00,walton_lighthouse-2024-01-11-230423Z
-13581491.225272052,4433917.216317364,-0.16106986666666667,0.6040100250626566,2024-01-11 23:04:23+00:00,walton_lighthouse-2024-01-11-230423Z
-13581489.363758042,4433916.794065119,-0.16106986666666667,0.606516290726817,2024-01-11 23:04:23+00:00,walton_lighthouse-2024-01-11-230423Z
-13581487.517690036,4433916.320266413,-0.16106986666666667,0.6090225563909775,2024-01-11 23:04:23+00:00,walton_lighthouse-2024-01-11-230423Z
-13581485.64030688,4433915.950972418,-0.16106986666666667,0.6115288220551378,2024-01-11 23:04:23+00:00,walton_lighthouse-2024-01-11-230423Z
-13581483.778294813,4433915.530382254,-0.16106986666666667,0.6140350877192982,2024-01-11 23:04:23+00:00,walton_lighthouse-2024-01-11-230423Z
-13581481.932472087,4433915.0557650365,-0.16106986666666667,0.6165413533834586,2024-01-11 23:04:23+00:00,walton_lighthouse-2024-01-11-230423Z
-13581480.053593775,4433914.691460697,-0.16106986666666667,0.6190476190476191,2024-01-11 23:04:23+00:00,walton_lighthouse-2024-01-11-230423Z
-13581478.194398047,4433914.261471754,-0.16106986666666667,0.6215538847117794,2024-01-11 23:04:23+00:00,walton_lighthouse-2024-01-11-230423Z
-13581476.345327644,4433913.797692744,-0.16106986666666667,0.6240601503759398,2024-01-11 23:04:23+00:00,walton_lighthouse-2024-01-11-230423Z
-13581474.465126753,4433913.437802147,-0.16106986666666667,0.6265664160401002,2024-01-11 23:04:23+00:00,walton_lighthouse-2024-01-11-230423Z
-13581472.612062993,4433912.987349599,-0.16106986666666667,0.6290726817042607,2024-01-11 23:04:23+00:00,walton_lighthouse-2024-01-11-230423Z
-13581470.75541383,4433912.548862345,-0.16106986666666667,0.631578947368421,2024-01-11 23:04:23+00:00,walton_lighthouse-2024-01-11-230423Z
-13581468.8748998,4433912.190016779,-0.16106986666666667,0.6340852130325814,2024-01-11 23:04:23+00:00,walton_lighthouse-2024-01-11-230423Z
-13581466.99438576,4433911.831171214,-0.16106986666666667,0.6365914786967418,2024-01-11 23:04:23+00:00,walton_lighthouse-2024-01-11-230423Z
-13581465.141752165,4433911.379283128,-0.16106986666666667,0.6390977443609023,2024-01-11 23:04:23+00:00,walton_lighthouse-2024-01-11-230423Z
-13581463.282906877,4433910.948124736,-0.16106986666666667,0.6416040100250626,2024-01-11 23:04:23+00:00,walton_lighthouse-2024-01-11-230423Z
-13581461.402079005,4433910.590326595,-0.16106986666666667,0.644110275689223,2024-01-11 23:04:23+00:00,walton_lighthouse-2024-01-11-230423Z
-13581459.521251092,4433910.232528443,-0.16106986666666667,0.6466165413533834,2024-01-11 23:04:23+00:00,walton_lighthouse-2024-01-11-230423Z
-13581457.675690845,4433909.757035229,-0.16106986666666667,0.6491228070175439,2024-01-11 23:04:23+00:00,walton_lighthouse-2024-01-11-230423Z
-13581455.807999482,4433909.355397892,-0.16106986666666667,0.6516290726817042,2024-01-11 23:04:23+00:00,walton_lighthouse-2024-01-11-230423Z
-13581453.92685702,4433908.998649565,-0.16106986666666667,0.6541353383458646,2024-01-11 23:04:23+00:00,walton_lighthouse-2024-01-11-230423Z
-13581452.057731684,4433908.601797729,-0.16106986666666667,0.656641604010025,2024-01-11 23:04:23+00:00,walton_lighthouse-2024-01-11-230423Z
-13581450.212141171,4433908.126405457,-0.16106986666666667,0.6591478696741855,2024-01-11 23:04:23+00:00,walton_lighthouse-2024-01-11-230423Z
-13581448.330683392,4433907.77070934,-0.16106986666666667,0.6616541353383458,2024-01-11 23:04:23+00:00,walton_lighthouse-2024-01-11-230423Z
-13581446.4845103,4433907.29726144,-0.16106986666666667,0.6641604010025062,2024-01-11 23:04:23+00:00,walton_lighthouse-2024-01-11-230423Z
-13581444.614497956,4433906.903369685,-0.16106986666666667,0.6666666666666666,2024-01-11 23:04:23+00:00,walton_lighthouse-2024-01-11-230423Z
-13581442.732724143,4433906.548728191,-0.16106986666666667,0.6691729323308271,2024-01-11 23:04:23+00:00,walton_lighthouse-2024-01-11-230423Z
-13581440.850950329,4433906.194086696,-0.16106986666666667,0.6716791979949874,2024-01-11 23:04:23+00:00,walton_lighthouse-2024-01-11-230423Z
-13581438.988582993,4433905.774682133,-0.16106986666666667,0.6741854636591478,2024-01-11 23:04:23+00:00,walton_lighthouse-2024-01-11-230423Z
-13581437.132973088,4433905.332726635,-0.16106986666666667,0.6766917293233082,2024-01-11 23:04:23+00:00,walton_lighthouse-2024-01-11-230423Z
-13581435.250882518,4433904.979142186,-0.16106986666666667,0.6791979949874687,2024-01-11 23:04:23+00:00,walton_lighthouse-2024-01-11-230423Z
-13581433.38074985,4433904.585652009,-0.16106986666666667,0.681704260651629,2024-01-11 23:04:23+00:00,walton_lighthouse-2024-01-11-230423Z
-13581431.531424051,4433904.122725261,-0.16106986666666667,0.6842105263157894,2024-01-11 23:04:23+00:00,walton_lighthouse-2024-01-11-230423Z
-13581429.649016025,4433903.7702003,-0.16106986666666667,0.6867167919799498,2024-01-11 23:04:23+00:00,walton_lighthouse-2024-01-11-230423Z
-13581427.766607976,4433903.41767533,-0.16106986666666667,0.6892230576441103,2024-01-11 23:04:23+00:00,walton_lighthouse-2024-01-11-230423Z
-13581425.895812664,4433903.0263965605,-0.16106986666666667,0.6917293233082706,2024-01-11 23:04:23+00:00,walton_lighthouse-2024-01-11-230423Z
-13581424.045344612,4433902.567281744,-0.16106986666666667,0.694235588972431,2024-01-11 23:04:23+00:00,walton_lighthouse-2024-01-11-230423Z
-13581422.162618348,4433902.215818685,-0.16106986666666667,0.6967418546365914,2024-01-11 23:04:23+00:00,walton_lighthouse-2024-01-11-230423Z
-13581420.295646526,4433901.811780116,-0.16106986666666667,0.6992481203007519,2024-01-11 23:04:23+00:00,walton_lighthouse-2024-01-11-230423Z
-13581418.439862035,4433901.37040731,-0.16106986666666667,0.7017543859649122,2024-01-11 23:04:23+00:00,walton_lighthouse-2024-01-11-230423Z
-13581416.556816868,4433901.0200086245,-0.16106986666666667,0.7042606516290726,2024-01-11 23:04:23+00:00,walton_lighthouse-2024-01-11-230423Z
-13581414.673771683,4433900.669609935,-0.16106986666666667,0.706766917293233,2024-01-11 23:04:23+00:00,walton_lighthouse-2024-01-11-230423Z
-13581412.7907265,4433900.319211244,-0.16106986666666667,0.7092731829573935,2024-01-11 23:04:23+00:00,walton_lighthouse-2024-01-11-230423Z
-13581410.944999415,4433899.844274937,-0.16106986666666667,0.7117794486215538,2024-01-11 23:04:23+00:00,walton_lighthouse-2024-01-11-230423Z
-13581409.065832373,4433899.480934179,-0.16106986666666667,0.7142857142857142,2024-01-11 23:04:23+00:00,walton_lighthouse-2024-01-11-230423Z
-13581407.182467507,4433899.131602298,-0.16106986666666667,0.7167919799498746,2024-01-11 23:04:23+00:00,walton_lighthouse-2024-01-11-230423Z
-13581405.299102671,4433898.782270431,-0.16106986666666667,0.7192982456140351,2024-01-11 23:04:23+00:00,walton_lighthouse-2024-01-11-230423Z
-13581403.44424043,4433898.337819872,-0.16106986666666667,0.7218045112781954,2024-01-11 23:04:23+00:00,walton_lighthouse-2024-01-11-230423Z
-13581401.572382623,4433897.95008678,-0.16106986666666667,0.7243107769423558,2024-01-11 23:04:23+00:00,walton_lighthouse-2024-01-11-230423Z
-13581399.688697346,4433897.601824175,-0.16106986666666667,0.7268170426065163,2024-01-11 23:04:23+00:00,walton_lighthouse-2024-01-11-230423Z
-13581397.824274383,4433897.18927956,-0.16106986666666667,0.7293233082706767,2024-01-11 23:04:23+00:00,walton_lighthouse-2024-01-11-230423Z
-13581395.960465487,4433896.774685804,-0.16106986666666667,0.731829573934837,2024-01-11 23:04:23+00:00,walton_lighthouse-2024-01-11-230423Z
-13581394.076459069,4433896.427494947,-0.16106986666666667,0.7343358395989974,2024-01-11 23:04:23+00:00,walton_lighthouse-2024-01-11-230423Z
-13581392.209063698,4433896.0248697605,-0.16106986666666667,0.7368421052631579,2024-01-11 23:04:23+00:00,walton_lighthouse-2024-01-11-230423Z
-13581390.346709715,4433895.605420562,-0.16106986666666667,0.7393483709273183,2024-01-11 23:04:23+00:00,walton_lighthouse-2024-01-11-230423Z
-13581388.46238143,4433895.259303946,-0.16106986666666667,0.7418546365914787,2024-01-11 23:04:23+00:00,walton_lighthouse-2024-01-11-230423Z
-13581386.598566256,4433894.844731066,-0.16106986666666667,0.744360902255639,2024-01-11 23:04:23+00:00,walton_lighthouse-2024-01-11-230423Z
-13581384.731108982,4433894.442312419,-0.16106986666666667,0.7468671679197995,2024-01-11 23:04:23+00:00,walton_lighthouse-2024-01-11-230423Z
-13581382.846458038,4433894.097272508,-0.16106986666666667,0.7493734335839599,2024-01-11 23:04:23+00:00,walton_lighthouse-2024-01-11-230423Z
-13581380.961807111,4433893.752232607,-0.16106986666666667,0.7518796992481203,2024-01-11 23:04:23+00:00,walton_lighthouse-2024-01-11-230423Z
-13581379.094278423,4433893.35005241,-0.16106986666666667,0.7543859649122806,2024-01-11 23:04:23+00:00,walton_lighthouse-2024-01-11-230423Z
-13581377.228682516,4433892.941422062,-0.16106986666666667,0.7568922305764411,2024-01-11 23:04:23+00:00,walton_lighthouse-2024-01-11-230423Z
-13581375.343708184,4433892.597461363,-0.16106986666666667,0.7593984962406015,2024-01-11 23:04:23+00:00,walton_lighthouse-2024-01-11-230423Z
-13581373.4943469,4433892.134653126,-0.16106986666666667,0.7619047619047619,2024-01-11 23:04:23+00:00,walton_lighthouse-2024-01-11-230423Z
-13581371.609048411,4433891.79177414,-0.16106986666666667,0.7644110275689222,2024-01-11 23:04:23+00:00,walton_lighthouse-2024-01-11-230423Z
-13581369.72374992,4433891.448895148,-0.16106986666666667,0.7669172932330827,2024-01-11 23:04:23+00:00,walton_lighthouse-2024-01-11-230423Z
-13581367.838451466,4433891.106016176,-0.16106986666666667,0.7694235588972431,2024-01-11 23:04:23+00:00,walton_lighthouse-2024-01-11-230423Z
-13581365.953152992,4433890.763137196,-0.16106986666666667,0.7719298245614035,2024-01-11 23:04:23+00:00,walton_lighthouse-2024-01-11-230423Z
-13581364.067854509,4433890.420258213,-0.16106986666666667,0.7744360902255638,2024-01-11 23:04:23+00:00,walton_lighthouse-2024-01-11-230423Z
-13581362.182556022,4433890.077379226,-0.16106986666666667,0.7769423558897243,2024-01-11 23:04:23+00:00,walton_lighthouse-2024-01-11-230423Z
-13581360.309735544,4433889.69285883,-0.16106986666666667,0.7794486215538847,2024-01-11 23:04:23+00:00,walton_lighthouse-2024-01-11-230423Z
-13581358.445055744,4433889.281171337,-0.16106986666666667,0.7819548872180451,2024-01-11 23:04:23+00:00,walton_lighthouse-2024-01-11-230423Z
-13581356.562277457,4433888.929881932,-0.16106986666666667,0.7844611528822054,2024-01-11 23:04:23+00:00,walton_lighthouse-2024-01-11-230423Z
-13581354.703155449,4433888.499647048,-0.16106986666666667,0.7869674185463659,2024-01-11 23:04:23+00:00,walton_lighthouse-2024-01-11-230423Z
-13581352.820382353,4433888.148340412,-0.16106986666666667,0.7894736842105263,2024-01-11 23:04:23+00:00,walton_lighthouse-2024-01-11-230423Z
-13581350.93443334,4433887.8076324165,-0.16106986666666667,0.7919799498746867,2024-01-11 23:04:23+00:00,walton_lighthouse-2024-01-11-230423Z
-13581349.016938888,4433887.572197578,-0.16106986666666667,0.794486215538847,2024-01-11 23:04:23+00:00,walton_lighthouse-2024-01-11-230423Z
-13581347.13131552,4433887.230402826,-0.16106986666666667,0.7969924812030075,2024-01-11 23:04:23+00:00,walton_lighthouse-2024-01-11-230423Z
-13581345.245692186,4433886.888608091,-0.16106986666666667,0.7994987468671679,2024-01-11 23:04:23+00:00,walton_lighthouse-2024-01-11-230423Z
-13581343.360068806,4433886.546813336,-0.16106986666666667,0.8020050125313283,2024-01-11 23:04:23+00:00,walton_lighthouse-2024-01-11-230423Z
-13581341.47444542,4433886.205018577,-0.16106986666666667,0.8045112781954886,2024-01-11 23:04:23+00:00,walton_lighthouse-2024-01-11-230423Z
-13581339.58882205,4433885.863223827,-0.16106986666666667,0.8070175438596491,2024-01-11 23:04:23+00:00,walton_lighthouse-2024-01-11-230423Z
-13581337.703198705,4433885.521429085,-0.16106986666666667,0.8095238095238095,2024-01-11 23:04:23+00:00,walton_lighthouse-2024-01-11-230423Z
-13581335.788377415,4433885.277073513,-0.16106986666666667,0.8120300751879699,2024-01-11 23:04:23+00:00,walton_lighthouse-2024-01-11-230423Z
-13581333.903078906,4433884.934194518,-0.16106986666666667,0.8145363408521302,2024-01-11 23:04:23+00:00,walton_lighthouse-2024-01-11-230423Z
-13581332.017780434,4433884.591315537,-0.16106986666666667,0.8170426065162907,2024-01-11 23:04:23+00:00,walton_lighthouse-2024-01-11-230423Z
-13581330.13248198,4433884.2484365655,-0.16106986666666667,0.8195488721804511,2024-01-11 23:04:23+00:00,walton_lighthouse-2024-01-11-230423Z
-13581328.219349831,4433883.998443948,-0.16106986666666667,0.8220551378446115,2024-01-11 23:04:23+00:00,walton_lighthouse-2024-01-11-230423Z
-13581326.361885022,4433883.562678602,-0.16106986666666667,0.8245614035087718,2024-01-11 23:04:23+00:00,walton_lighthouse-2024-01-11-230423Z
-13581324.45533107,4433883.290733224,-0.16106986666666667,0.8270676691729323,2024-01-11 23:04:23+00:00,walton_lighthouse-2024-01-11-230423Z
-13581322.564426828,4433882.966561857,-0.16106986666666667,0.8295739348370927,2024-01-11 23:04:23+00:00,walton_lighthouse-2024-01-11-230423Z
-13581320.679452492,4433882.622601163,-0.16106986666666667,0.8320802005012531,2024-01-11 23:04:23+00:00,walton_lighthouse-2024-01-11-230423Z
-13581318.768325873,4433882.365915635,-0.16106986666666667,0.8345864661654134,2024-01-11 23:04:23+00:00,walton_lighthouse-2024-01-11-230423Z
-13581316.845460488,4433882.148404768,-0.16106986666666667,0.8370927318295739,2024-01-11 23:04:23+00:00,walton_lighthouse-2024-01-11-230423Z
-13581314.948189836,4433881.8454792965,-0.16106986666666667,0.8395989974937343,2024-01-11 23:04:23+00:00,walton_lighthouse-2024-01-11-230423Z
-13581313.026352031,4433881.624539145,-0.16106986666666667,0.8421052631578947,2024-01-11 23:04:23+00:00,walton_lighthouse-2024-01-11-230423Z
-13581311.150471788,4433881.250229623,-0.16106986666666667,0.844611528822055,2024-01-11 23:04:23+00:00,walton_lighthouse-2024-01-11-230423Z
-13581309.163820423,4433881.245584973,-0.16106986666666667,0.8471177944862155,2024-01-11 23:04:23+00:00,walton_lighthouse-2024-01-11-230423Z
-13581307.245010268,4433881.014541023,-0.16106986666666667,0.849624060150376,2024-01-11 23:04:23+00:00,walton_lighthouse-2024-01-11-230423Z
-13581305.32571265,4433880.785123647,-0.16106986666666667,0.8521303258145363,2024-01-11 23:04:23+00:00,walton_lighthouse-2024-01-11-230423Z
-13581303.366845485,4433880.687757663,-0.16106986666666667,0.8546365914786966,2024-01-11 23:04:23+00:00,walton_lighthouse-2024-01-11-230423Z
-13581301.352680426,4433880.774931542,-0.16106986666666667,0.8571428571428571,2024-01-11 23:04:23+00:00,walton_lighthouse-2024-01-11-230423Z
-13581299.387269003,4433880.699405013,-0.16106986666666667,0.8596491228070176,2024-01-11 23:04:23+00:00,walton_lighthouse-2024-01-11-230423Z
-13581297.401967544,4433880.69025535,-0.16106986666666667,0.8621553884711779,2024-01-11 23:04:23+00:00,walton_lighthouse-2024-01-11-230423Z
-13581295.445424506,4433880.58513324,-0.16106986666666667,0.8646616541353382,2024-01-11 23:04:23+00:00,walton_lighthouse-2024-01-11-230423Z
-13581293.409770954,4433880.744018407,-0.16106986666666667,0.8671679197994987,2024-01-11 23:04:23+00:00,walton_lighthouse-2024-01-11-230423Z
-13581291.442318926,4433880.675301768,-0.16106986666666667,0.8696741854636592,2024-01-11 23:04:23+00:00,walton_lighthouse-2024-01-11-230423Z
-13581289.491859488,4433880.549877475,-0.16106986666666667,0.8721804511278195,2024-01-11 23:04:23+00:00,walton_lighthouse-2024-01-11-230423Z
-13581287.549001362,4433880.399086264,-0.16106986666666667,0.8746867167919798,2024-01-11 23:04:23+00:00,walton_lighthouse-2024-01-11-230423Z
-13581285.607988684,4433880.242136423,-0.16106986666666667,0.8771929824561403,2024-01-11 23:04:23+00:00,walton_lighthouse-2024-01-11-230423Z
-13581285.607988684,4433880.242136423,-0.16106986666666667,0.8796992481203008,2024-01-11 23:04:23+00:00,walton_lighthouse-2024-01-11-230423Z
-13581285.607988684,4433880.242136423,-0.16106986666666667,0.8822055137844611,2024-01-11 23:04:23+00:00,walton_lighthouse-2024-01-11-230423Z
-13581285.607988684,4433880.242136423,-0.16106986666666667,0.8847117794486214,2024-01-11 23:04:23+00:00,walton_lighthouse-2024-01-11-230423Z
-13581285.607988684,4433880.242136423,-0.16106986666666667,0.8872180451127819,2024-01-11 23:04:23+00:00,walton_lighthouse-2024-01-11-230423Z
-13581285.607988684,4433880.242136423,-0.16106986666666667,0.8897243107769424,2024-01-11 23:04:23+00:00,walton_lighthouse-2024-01-11-230423Z
-13581285.607988684,4433880.242136423,-0.16106986666666667,0.8922305764411027,2024-01-11 23:04:23+00:00,walton_lighthouse-2024-01-11-230423Z
-13581285.607988684,4433880.242136423,-0.16106986666666667,0.894736842105263,2024-01-11 23:04:23+00:00,walton_lighthouse-2024-01-11-230423Z
-13581285.607988684,4433880.242136423,-0.16106986666666667,0.8972431077694235,2024-01-11 23:04:23+00:00,walton_lighthouse-2024-01-11-230423Z
-13581285.607988684,4433880.242136423,-0.16106986666666667,0.899749373433584,2024-01-11 23:04:23+00:00,walton_lighthouse-2024-01-11-230423Z
-13581285.607988684,4433880.242136423,-0.16106986666666667,0.9022556390977443,2024-01-11 23:04:23+00:00,walton_lighthouse-2024-01-11-230423Z
-13581285.607988684,4433880.242136423,-0.16106986666666667,0.9047619047619047,2024-01-11 23:04:23+00:00,walton_lighthouse-2024-01-11-230423Z
-13581285.607988684,4433880.242136423,-0.16106986666666667,0.9072681704260651,2024-01-11 23:04:23+00:00,walton_lighthouse-2024-01-11-230423Z
-13581285.607988684,4433880.242136423,-0.16106986666666667,0.9097744360902256,2024-01-11 23:04:23+00:00,walton_lighthouse-2024-01-11-230423Z
-13581285.607988684,4433880.242136423,-0.16106986666666667,0.9122807017543859,2024-01-11 23:04:23+00:00,walton_lighthouse-2024-01-11-230423Z
-13581285.607988684,4433880.242136423,-0.16106986666666667,0.9147869674185463,2024-01-11 23:04:23+00:00,walton_lighthouse-2024-01-11-230423Z
-13581285.607988684,4433880.242136423,-0.16106986666666667,0.9172932330827067,2024-01-11 23:04:23+00:00,walton_lighthouse-2024-01-11-230423Z
-13581285.607988684,4433880.242136423,-0.16106986666666667,0.9197994987468672,2024-01-11 23:04:23+00:00,walton_lighthouse-2024-01-11-230423Z
-13581285.607988684,4433880.242136423,-0.16106986666666667,0.9223057644110275,2024-01-11 23:04:23+00:00,walton_lighthouse-2024-01-11-230423Z
-13581285.607988684,4433880.242136423,-0.16106986666666667,0.9248120300751879,2024-01-11 23:04:23+00:00,walton_lighthouse-2024-01-11-230423Z
-13581285.607988684,4433880.242136423,-0.16106986666666667,0.9273182957393483,2024-01-11 23:04:23+00:00,walton_lighthouse-2024-01-11-230423Z
-13581285.607988684,4433880.242136423,-0.16106986666666667,0.9298245614035088,2024-01-11 23:04:23+00:00,walton_lighthouse-2024-01-11-230423Z
-13581285.607988684,4433880.242136423,-0.16106986666666667,0.9323308270676691,2024-01-11 23:04:23+00:00,walton_lighthouse-2024-01-11-230423Z
-13581285.607988684,4433880.242136423,-0.16106986666666667,0.9348370927318295,2024-01-11 23:04:23+00:00,walton_lighthouse-2024-01-11-230423Z
-13581285.607988684,4433880.242136423,-0.16106986666666667,0.9373433583959899,2024-01-11 23:04:23+00:00,walton_lighthouse-2024-01-11-230423Z
-13581285.607988684,4433880.242136423,-0.16106986666666667,0.9398496240601504,2024-01-11 23:04:23+00:00,walton_lighthouse-2024-01-11-230423Z
-13581285.607988684,4433880.242136423,-0.16106986666666667,0.9423558897243107,2024-01-11 23:04:23+00:00,walton_lighthouse-2024-01-11-230423Z
-13581285.607988684,4433880.242136423,-0.16106986666666667,0.9448621553884711,2024-01-11 23:04:23+00:00,walton_lighthouse-2024-01-11-230423Z
-13581285.607988684,4433880.242136423,-0.16106986666666667,0.9473684210526315,2024-01-11 23:04:23+00:00,walton_lighthouse-2024-01-11-230423Z
-13581285.607988684,4433880.242136423,-0.16106986666666667,0.949874686716792,2024-01-11 23:04:23+00:00,walton_lighthouse-2024-01-11-230423Z
-13581285.607988684,4433880.242136423,-0.16106986666666667,0.9523809523809523,2024-01-11 23:04:23+00:00,walton_lighthouse-2024-01-11-230423Z
-13581285.607988684,4433880.242136423,-0.16106986666666667,0.9548872180451127,2024-01-11 23:04:23+00:00,walton_lighthouse-2024-01-11-230423Z
-13581285.607988684,4433880.242136423,-0.16106986666666667,0.9573934837092731,2024-01-11 23:04:23+00:00,walton_lighthouse-2024-01-11-230423Z
-13581285.607988684,4433880.242136423,-0.16106986666666667,0.9598997493734336,2024-01-11 23:04:23+00:00,walton_lighthouse-2024-01-11-230423Z
-13581285.607988684,4433880.242136423,-0.16106986666666667,0.9624060150375939,2024-01-11 23:04:23+00:00,walton_lighthouse-2024-01-11-230423Z
-13581285.607988684,4433880.242136423,-0.16106986666666667,0.9649122807017543,2024-01-11 23:04:23+00:00,walton_lighthouse-2024-01-11-230423Z
-13581285.607988684,4433880.242136423,-0.16106986666666667,0.9674185463659147,2024-01-11 23:04:23+00:00,walton_lighthouse-2024-01-11-230423Z
-13581285.607988684,4433880.242136423,-0.16106986666666667,0.9699248120300752,2024-01-11 23:04:23+00:00,walton_lighthouse-2024-01-11-230423Z
-13581285.607988684,4433880.242136423,-0.16106986666666667,0.9724310776942355,2024-01-11 23:04:23+00:00,walton_lighthouse-2024-01-11-230423Z
-13581285.607988684,4433880.242136423,-0.16106986666666667,0.9749373433583959,2024-01-11 23:04:23+00:00,walton_lighthouse-2024-01-11-230423Z
-13581285.607988684,4433880.242136423,-0.16106986666666667,0.9774436090225563,2024-01-11 23:04:23+00:00,walton_lighthouse-2024-01-11-230423Z
-13581285.607988684,4433880.242136423,-0.16106986666666667,0.9799498746867168,2024-01-11 23:04:23+00:00,walton_lighthouse-2024-01-11-230423Z
-13581285.607988684,4433880.242136423,-0.16106986666666667,0.9824561403508771,2024-01-11 23:04:23+00:00,walton_lighthouse-2024-01-11-230423Z
-13581285.607988684,4433880.242136423,-0.16106986666666667,0.9849624060150375,2024-01-11 23:04:23+00:00,walton_lighthouse-2024-01-11-230423Z
-13581285.607988684,4433880.242136423,-0.16106986666666667,0.9874686716791979,2024-01-11 23:04:23+00:00,walton_lighthouse-2024-01-11-230423Z
-13581285.607988684,4433880.242136423,-0.16106986666666667,0.9899749373433584,2024-01-11 23:04:23+00:00,walton_lighthouse-2024-01-11-230423Z
-13581285.607988684,4433880.242136423,-0.16106986666666667,0.9924812030075187,2024-01-11 23:04:23+00:00,walton_lighthouse-2024-01-11-230423Z
-13581285.607988684,4433880.242136423,-0.16106986666666667,0.9949874686716791,2024-01-11 23:04:23+00:00,walton_lighthouse-2024-01-11-230423Z
-13581285.607988684,4433880.242136423,-0.16106986666666667,0.9974937343358395,2024-01-11 23:04:23+00:00,walton_lighthouse-2024-01-11-230423Z
-13581285.607988684,4433880.242136423,-0.16106986666666667,1.0,2024-01-11 23:04:23+00:00,walton_lighthouse-2024-01-11-230423Z
-13581921.893145803,4434078.905134382,-0.3516884,0.0,2024-01-11 23:34:23+00:00,walton_lighthouse-2024-01-11-233423Z
-13581920.079565,4434078.322919658,-0.3516884,0.002506265664160401,2024-01-11 23:34:23+00:00,walton_lighthouse-2024-01-11-233423Z
-13581918.479182672,4434077.029220247,-0.3516884,0.005012531328320802,2024-01-11 23:34:23+00:00,walton_lighthouse-2024-01-11-233423Z
-13581916.692507075,4434076.357217504,-0.3516884,0.007518796992481203,2024-01-11 23:34:23+00:00,walton_lighthouse-2024-01-11-233423Z
-13581914.878373897,4434075.776846129,-0.3516884,0.010025062656641603,2024-01-11 23:34:23+00:00,walton_lighthouse-2024-01-11-233423Z
-13581913.064240756,4434075.196474768,-0.3516884,0.012531328320802004,2024-01-11 23:34:23+00:00,walton_lighthouse-2024-01-11-233423Z
-13581911.250107562,4434074.616103392,-0.3516884,0.015037593984962405,2024-01-11 23:34:23+00:00,walton_lighthouse-2024-01-11-233423Z
-13581909.43597436,4434074.035732011,-0.3516884,0.017543859649122806,2024-01-11 23:34:23+00:00,walton_lighthouse-2024-01-11-233423Z
-13581907.62184118,4434073.455360638,-0.3516884,0.020050125313283207,2024-01-11 23:34:23+00:00,walton_lighthouse-2024-01-11-233423Z
-13581905.856558416,4434072.711966049,-0.3516884,0.022556390977443608,2024-01-11 23:34:23+00:00,walton_lighthouse-2024-01-11-233423Z
-13581904.399989126,4434070.938334684,-0.3516884,0.02506265664160401,2024-01-11 23:34:23+00:00,walton_lighthouse-2024-01-11-233423Z
-13581902.894072054,4434069.329386241,-0.3516884,0.02756892230576441,2024-01-11 23:34:23+00:00,walton_lighthouse-2024-01-11-233423Z
-13581901.486850468,4434067.391071977,-0.3516884,0.03007518796992481,2024-01-11 23:34:23+00:00,walton_lighthouse-2024-01-11-233423Z
-13581899.904371768,4434066.037624763,-0.3516884,0.03258145363408521,2024-01-11 23:34:23+00:00,walton_lighthouse-2024-01-11-233423Z
-13581898.087052217,4434065.467886936,-0.3516884,0.03508771929824561,2024-01-11 23:34:23+00:00,walton_lighthouse-2024-01-11-233423Z
-13581896.269732654,4434064.898149104,-0.3516884,0.03759398496240601,2024-01-11 23:34:23+00:00,walton_lighthouse-2024-01-11-233423Z
-13581894.452413088,4434064.328411271,-0.3516884,0.040100250626566414,2024-01-11 23:34:23+00:00,walton_lighthouse-2024-01-11-233423Z
-13581894.09980447,4434058.870649077,-0.3516884,0.042606516290726815,2024-01-11 23:34:23+00:00,walton_lighthouse-2024-01-11-233423Z
-13581892.279003168,4434058.312530526,-0.3516884,0.045112781954887216,2024-01-11 23:34:23+00:00,walton_lighthouse-2024-01-11-233423Z
-13581890.458201842,4434057.754411966,-0.3516884,0.047619047619047616,2024-01-11 23:34:23+00:00,walton_lighthouse-2024-01-11-233423Z
-13581888.637400554,4434057.196293416,-0.3516884,0.05012531328320802,2024-01-11 23:34:23+00:00,walton_lighthouse-2024-01-11-233423Z
-13581886.81659926,4434056.638174865,-0.3516884,0.05263157894736842,2024-01-11 23:34:23+00:00,walton_lighthouse-2024-01-11-233423Z
-13581885.077601437,4434055.807062247,-0.3516884,0.05513784461152882,2024-01-11 23:34:23+00:00,walton_lighthouse-2024-01-11-233423Z
-13581883.256603315,4434055.249600423,-0.3516884,0.05764411027568922,2024-01-11 23:34:23+00:00,walton_lighthouse-2024-01-11-233423Z
-13581881.622308688,4434054.069072933,-0.3516884,0.06015037593984962,2024-01-11 23:34:23+00:00,walton_lighthouse-2024-01-11-233423Z
-13581880.161856104,4434052.308400952,-0.3516884,0.06265664160401002,2024-01-11 23:34:23+00:00,walton_lighthouse-2024-01-11-233423Z
-13581878.70140346,4434050.547728992,-0.3516884,0.06516290726817042,2024-01-11 23:34:23+00:00,walton_lighthouse-2024-01-11-233423Z
-13581877.240950808,4434048.787057034,-0.3516884,0.06766917293233082,2024-01-11 23:34:23+00:00,walton_lighthouse-2024-01-11-233423Z
-13581875.78049818,4434047.026385066,-0.3516884,0.07017543859649122,2024-01-11 23:34:23+00:00,walton_lighthouse-2024-01-11-233423Z
-13581874.320045575,4434045.265713095,-0.3516884,0.07268170426065163,2024-01-11 23:34:23+00:00,walton_lighthouse-2024-01-11-233423Z
-13581872.859592965,4434043.505041125,-0.3516884,0.07518796992481203,2024-01-11 23:34:23+00:00,walton_lighthouse-2024-01-11-233423Z
-13581871.075000215,4434042.826087481,-0.3516884,0.07769423558897243,2024-01-11 23:34:23+00:00,walton_lighthouse-2024-01-11-233423Z
-13581869.248134218,4434042.288208074,-0.3516884,0.08020050125313283,2024-01-11 23:34:23+00:00,walton_lighthouse-2024-01-11-233423Z
-13581867.421268197,4434041.750328663,-0.3516884,0.08270676691729323,2024-01-11 23:34:23+00:00,walton_lighthouse-2024-01-11-233423Z
-13581865.59440216,4434041.212449242,-0.3516884,0.08521303258145363,2024-01-11 23:34:23+00:00,walton_lighthouse-2024-01-11-233423Z
-13581863.76753615,4434040.674569833,-0.3516884,0.08771929824561403,2024-01-11 23:34:23+00:00,walton_lighthouse-2024-01-11-233423Z
-13581861.940670138,4434040.136690422,-0.3516884,0.09022556390977443,2024-01-11 23:34:23+00:00,walton_lighthouse-2024-01-11-233423Z
-13581860.323871717,4434038.8977747,-0.3516884,0.09273182957393483,2024-01-11 23:34:23+00:00,walton_lighthouse-2024-01-11-233423Z
-13581858.859732823,4434037.149404427,-0.3516884,0.09523809523809523,2024-01-11 23:34:23+00:00,walton_lighthouse-2024-01-11-233423Z
-13581857.395593962,4434035.401034148,-0.3516884,0.09774436090225563,2024-01-11 23:34:23+00:00,walton_lighthouse-2024-01-11-233423Z
-13581855.805895004,4434034.071682366,-0.3516884,0.10025062656641603,2024-01-11 23:34:23+00:00,walton_lighthouse-2024-01-11-233423Z
-13581853.976080164,4434033.543643694,-0.3516884,0.10275689223057644,2024-01-11 23:34:23+00:00,walton_lighthouse-2024-01-11-233423Z
-13581852.146265317,4434033.015605018,-0.3516884,0.10526315789473684,2024-01-11 23:34:23+00:00,walton_lighthouse-2024-01-11-233423Z
-13581850.31645049,4434032.487566348,-0.3516884,0.10776942355889724,2024-01-11 23:34:23+00:00,walton_lighthouse-2024-01-11-233423Z
-13581848.486635683,4434031.959527684,-0.3516884,0.11027568922305764,2024-01-11 23:34:23+00:00,walton_lighthouse-2024-01-11-233423Z
-13581846.656820863,4434031.431489021,-0.3516884,0.11278195488721804,2024-01-11 23:34:23+00:00,walton_lighthouse-2024-01-11-233423Z
-13581844.916995963,4434030.603136389,-0.3516884,0.11528822055137844,2024-01-11 23:34:23+00:00,walton_lighthouse-2024-01-11-233423Z
-13581843.44935332,4434028.866458918,-0.3516884,0.11779448621553884,2024-01-11 23:34:23+00:00,walton_lighthouse-2024-01-11-233423Z
-13581841.922404602,4434027.327697368,-0.3516884,0.12030075187969924,2024-01-11 23:34:23+00:00,walton_lighthouse-2024-01-11-233423Z
-13581840.090652227,4434026.806124672,-0.3516884,0.12280701754385964,2024-01-11 23:34:23+00:00,walton_lighthouse-2024-01-11-233423Z
-13581838.258899843,4434026.284551973,-0.3516884,0.12531328320802004,2024-01-11 23:34:23+00:00,walton_lighthouse-2024-01-11-233423Z
-13581836.427147456,4434025.762979272,-0.3516884,0.12781954887218044,2024-01-11 23:34:23+00:00,walton_lighthouse-2024-01-11-233423Z
-13581834.5953951,4434025.24140658,-0.3516884,0.13032581453634084,2024-01-11 23:34:23+00:00,walton_lighthouse-2024-01-11-233423Z
-13581832.763642725,4434024.719833885,-0.3516884,0.13283208020050125,2024-01-11 23:34:23+00:00,walton_lighthouse-2024-01-11-233423Z
-13581831.027243756,4434023.880048307,-0.3516884,0.13533834586466165,2024-01-11 23:34:23+00:00,walton_lighthouse-2024-01-11-233423Z
-13581829.556266569,4434022.154498873,-0.3516884,0.13784461152882205,2024-01-11 23:34:23+00:00,walton_lighthouse-2024-01-11-233423Z
-13581828.085289378,4434020.428949444,-0.3516884,0.14035087719298245,2024-01-11 23:34:23+00:00,walton_lighthouse-2024-01-11-233423Z
-13581826.271282084,4434019.848157974,-0.3516884,0.14285714285714285,2024-01-11 23:34:23+00:00,walton_lighthouse-2024-01-11-233423Z
-13581824.43733718,4434019.333902092,-0.3516884,0.14536340852130325,2024-01-11 23:34:23+00:00,walton_lighthouse-2024-01-11-233423Z
-13581822.6033923,4434018.819646216,-0.3516884,0.14786967418546365,2024-01-11 23:34:23+00:00,walton_lighthouse-2024-01-11-233423Z
-13581820.769447448,4434018.30539035,-0.3516884,0.15037593984962405,2024-01-11 23:34:23+00:00,walton_lighthouse-2024-01-11-233423Z
-13581818.935502551,4434017.791134472,-0.3516884,0.15288220551378445,2024-01-11 23:34:23+00:00,walton_lighthouse-2024-01-11-233423Z
-13581817.186727962,4434016.99264875,-0.3516884,0.15538847117794485,2024-01-11 23:34:23+00:00,walton_lighthouse-2024-01-11-233423Z
-13581815.712573497,4434015.277702545,-0.3516884,0.15789473684210525,2024-01-11 23:34:23+00:00,walton_lighthouse-2024-01-11-233423Z
-13581814.238419006,4434013.56275635,-0.3516884,0.16040100250626566,2024-01-11 23:34:23+00:00,walton_lighthouse-2024-01-11-233423Z
-13581812.432838865,4434012.953841805,-0.3516884,0.16290726817042606,2024-01-11 23:34:23+00:00,walton_lighthouse-2024-01-11-233423Z
-13581810.596658511,4434012.447046085,-0.3516884,0.16541353383458646,2024-01-11 23:34:23+00:00,walton_lighthouse-2024-01-11-233423Z
-13581808.76047819,4434011.940250374,-0.3516884,0.16791979949874686,2024-01-11 23:34:23+00:00,walton_lighthouse-2024-01-11-233423Z
-13581806.924297849,4434011.43345466,-0.3516884,0.17042606516290726,2024-01-11 23:34:23+00:00,walton_lighthouse-2024-01-11-233423Z
-13581805.088117488,4434010.926658937,-0.3516884,0.17293233082706766,2024-01-11 23:34:23+00:00,walton_lighthouse-2024-01-11-233423Z
-13581803.392045762,4434009.952293634,-0.3516884,0.17543859649122806,2024-01-11 23:34:23+00:00,walton_lighthouse-2024-01-11-233423Z
-13581801.914860385,4434008.2474621255,-0.3516884,0.17794486215538846,2024-01-11 23:34:23+00:00,walton_lighthouse-2024-01-11-233423Z
-13581800.161397986,4434007.464620592,-0.3516884,0.18045112781954886,2024-01-11 23:34:23+00:00,walton_lighthouse-2024-01-11-233423Z
-13581798.32362657,4434006.963134535,-0.3516884,0.18295739348370926,2024-01-11 23:34:23+00:00,walton_lighthouse-2024-01-11-233423Z
-13581796.485855171,4434006.461648483,-0.3516884,0.18546365914786966,2024-01-11 23:34:23+00:00,walton_lighthouse-2024-01-11-233423Z
-13581794.648083804,4434005.96016244,-0.3516884,0.18796992481203006,2024-01-11 23:34:23+00:00,walton_lighthouse-2024-01-11-233423Z
-13581792.810312394,4434005.458676388,-0.3516884,0.19047619047619047,2024-01-11 23:34:23+00:00,walton_lighthouse-2024-01-11-233423Z
-13581791.120180571,4434004.464488375,-0.3516884,0.19298245614035087,2024-01-11 23:34:23+00:00,walton_lighthouse-2024-01-11-233423Z
-13581789.548399322,4434003.07534161,-0.3516884,0.19548872180451127,2024-01-11 23:34:23+00:00,walton_lighthouse-2024-01-11-233423Z
-13581787.709477955,4434002.57769329,-0.3516884,0.19799498746867167,2024-01-11 23:34:23+00:00,walton_lighthouse-2024-01-11-233423Z
-13581785.870556582,4434002.080044969,-0.3516884,0.20050125313283207,2024-01-11 23:34:23+00:00,walton_lighthouse-2024-01-11-233423Z
-13581784.031635167,4434001.582396634,-0.3516884,0.20300751879699247,2024-01-11 23:34:23+00:00,walton_lighthouse-2024-01-11-233423Z
-13581782.192713786,4434001.084748307,-0.3516884,0.20551378446115287,2024-01-11 23:34:23+00:00,walton_lighthouse-2024-01-11-233423Z
-13581780.37660961,4434000.5109546,-0.3516884,0.20802005012531327,2024-01-11 23:34:23+00:00,walton_lighthouse-2024-01-11-233423Z
-13581778.893762922,4433998.82501596,-0.3516884,0.21052631578947367,2024-01-11 23:34:23+00:00,walton_lighthouse-2024-01-11-233423Z
-13581777.085569378,4433998.2248228425,-0.3516884,0.21303258145363407,2024-01-11 23:34:23+00:00,walton_lighthouse-2024-01-11-233423Z
-13581775.245486544,4433997.731050468,-0.3516884,0.21553884711779447,2024-01-11 23:34:23+00:00,walton_lighthouse-2024-01-11-233423Z
-13581773.405403735,4433997.237278102,-0.3516884,0.21804511278195488,2024-01-11 23:34:23+00:00,walton_lighthouse-2024-01-11-233423Z
-13581771.56532091,4433996.743505732,-0.3516884,0.22055137844611528,2024-01-11 23:34:23+00:00,walton_lighthouse-2024-01-11-233423Z
-13581769.725238068,4433996.249733354,-0.3516884,0.22305764411027568,2024-01-11 23:34:23+00:00,walton_lighthouse-2024-01-11-233423Z
-13581768.195349172,4433994.720783721,-0.3516884,0.22556390977443608,2024-01-11 23:34:23+00:00,walton_lighthouse-2024-01-11-233423Z
-13581766.370092576,4433994.177533368,-0.3516884,0.22807017543859648,2024-01-11 23:34:23+00:00,walton_lighthouse-2024-01-11-233423Z
-13581764.529072238,4433993.686889667,-0.3516884,0.23057644110275688,2024-01-11 23:34:23+00:00,walton_lighthouse-2024-01-11-233423Z
-13581762.68805188,4433993.196245959,-0.3516884,0.23308270676691728,2024-01-11 23:34:23+00:00,walton_lighthouse-2024-01-11-233423Z
-13581760.847031558,4433992.705602262,-0.3516884,0.23558897243107768,2024-01-11 23:34:23+00:00,walton_lighthouse-2024-01-11-233423Z
-13581759.029857244,4433992.135379784,-0.3516884,0.23809523809523808,2024-01-11 23:34:23+00:00,walton_lighthouse-2024-01-11-233423Z
-13581757.406927194,4433990.916926382,-0.3516884,0.24060150375939848,2024-01-11 23:34:23+00:00,walton_lighthouse-2024-01-11-233423Z
-13581755.56519878,4433990.428645659,-0.3516884,0.24310776942355888,2024-01-11 23:34:23+00:00,walton_lighthouse-2024-01-11-233423Z
-13581753.723470384,4433989.940364942,-0.3516884,0.24561403508771928,2024-01-11 23:34:23+00:00,walton_lighthouse-2024-01-11-233423Z
-13581751.88174197,4433989.452084221,-0.3516884,0.24812030075187969,2024-01-11 23:34:23+00:00,walton_lighthouse-2024-01-11-233423Z
-13581750.04001354,4433988.9638034925,-0.3516884,0.2506265664160401,2024-01-11 23:34:23+00:00,walton_lighthouse-2024-01-11-233423Z
-13581748.420875523,4433987.732695451,-0.3516884,0.2531328320802005,2024-01-11 23:34:23+00:00,walton_lighthouse-2024-01-11-233423Z
-13581746.675708132,4433986.922171962,-0.3516884,0.2556390977443609,2024-01-11 23:34:23+00:00,walton_lighthouse-2024-01-11-233423Z
-13581744.833028954,4433986.437064091,-0.3516884,0.2581453634085213,2024-01-11 23:34:23+00:00,walton_lighthouse-2024-01-11-233423Z
-13581742.990349768,4433985.951956215,-0.3516884,0.2606516290726817,2024-01-11 23:34:23+00:00,walton_lighthouse-2024-01-11-233423Z
-13581741.1476706,4433985.4668483455,-0.3516884,0.2631578947368421,2024-01-11 23:34:23+00:00,walton_lighthouse-2024-01-11-233423Z
-13581739.344142266,4433984.851086614,-0.3516884,0.2656641604010025,2024-01-11 23:34:23+00:00,walton_lighthouse-2024-01-11-233423Z
-13581737.541307889,4433984.233008984,-0.3516884,0.2681704260651629,2024-01-11 23:34:23+00:00,walton_lighthouse-2024-01-11-233423Z
-13581735.698389806,4433983.7486983165,-0.3516884,0.2706766917293233,2024-01-11 23:34:23+00:00,walton_lighthouse-2024-01-11-233423Z
-13581733.85547175,4433983.264387657,-0.3516884,0.2731829573934837,2024-01-11 23:34:23+00:00,walton_lighthouse-2024-01-11-233423Z
-13581732.012553712,4433982.780077005,-0.3516884,0.2756892230576441,2024-01-11 23:34:23+00:00,walton_lighthouse-2024-01-11-233423Z
-13581730.308995454,4433981.830695681,-0.3516884,0.2781954887218045,2024-01-11 23:34:23+00:00,walton_lighthouse-2024-01-11-233423Z
-13581728.561065149,4433981.029392454,-0.3516884,0.2807017543859649,2024-01-11 23:34:23+00:00,walton_lighthouse-2024-01-11-233423Z
-13581726.717427524,4433980.547483096,-0.3516884,0.2832080200501253,2024-01-11 23:34:23+00:00,walton_lighthouse-2024-01-11-233423Z
-13581724.873789929,4433980.065573746,-0.3516884,0.2857142857142857,2024-01-11 23:34:23+00:00,walton_lighthouse-2024-01-11-233423Z
-13581723.030152315,4433979.583664394,-0.3516884,0.2882205513784461,2024-01-11 23:34:23+00:00,walton_lighthouse-2024-01-11-233423Z
-13581721.288495874,4433978.76142403,-0.3516884,0.2907268170426065,2024-01-11 23:34:23+00:00,walton_lighthouse-2024-01-11-233423Z
-13581719.458797343,4433978.2329972815,-0.3516884,0.2932330827067669,2024-01-11 23:34:23+00:00,walton_lighthouse-2024-01-11-233423Z
-13581717.61479826,4433977.752294258,-0.3516884,0.2957393483709273,2024-01-11 23:34:23+00:00,walton_lighthouse-2024-01-11-233423Z
-13581715.770799166,4433977.271591235,-0.3516884,0.2982456140350877,2024-01-11 23:34:23+00:00,walton_lighthouse-2024-01-11-233423Z
-13581713.926800055,4433976.790888204,-0.3516884,0.3007518796992481,2024-01-11 23:34:23+00:00,walton_lighthouse-2024-01-11-233423Z
-13581712.197584877,4433975.927129006,-0.3516884,0.3032581453634085,2024-01-11 23:34:23+00:00,walton_lighthouse-2024-01-11-233423Z
-13581710.35322335,4433975.447635583,-0.3516884,0.3057644110275689,2024-01-11 23:34:23+00:00,walton_lighthouse-2024-01-11-233423Z
-13581708.508861788,4433974.968142149,-0.3516884,0.3082706766917293,2024-01-11 23:34:23+00:00,walton_lighthouse-2024-01-11-233423Z
-13581706.66450022,4433974.488648711,-0.3516884,0.3107769423558897,2024-01-11 23:34:23+00:00,walton_lighthouse-2024-01-11-233423Z
-13581704.930965845,4433973.639303567,-0.3516884,0.3132832080200501,2024-01-11 23:34:23+00:00,walton_lighthouse-2024-01-11-233423Z
-13581703.202793038,4433972.772065759,-0.3516884,0.3157894736842105,2024-01-11 23:34:23+00:00,walton_lighthouse-2024-01-11-233423Z
-13581701.357703123,4433972.29500299,-0.3516884,0.3182957393483709,2024-01-11 23:34:23+00:00,walton_lighthouse-2024-01-11-233423Z
-13581699.512613203,4433971.81794022,-0.3516884,0.3208020050125313,2024-01-11 23:34:23+00:00,walton_lighthouse-2024-01-11-233423Z
-13581697.667523315,4433971.340877458,-0.3516884,0.3233082706766917,2024-01-11 23:34:23+00:00,walton_lighthouse-2024-01-11-233423Z
-13581695.972596582,4433970.362691055,-0.3516884,0.3258145363408521,2024-01-11 23:34:23+00:00,walton_lighthouse-2024-01-11-233423Z
-13581694.127018612,4433969.887256986,-0.3516884,0.3283208020050125,2024-01-11 23:34:23+00:00,walton_lighthouse-2024-01-11-233423Z
-13581692.281440668,4433969.411822927,-0.3516884,0.3308270676691729,2024-01-11 23:34:23+00:00,walton_lighthouse-2024-01-11-233423Z
-13581690.435862722,4433968.936388868,-0.3516884,0.3333333333333333,2024-01-11 23:34:23+00:00,walton_lighthouse-2024-01-11-233423Z
-13581688.688295608,4433968.133873625,-0.3516884,0.3358395989974937,2024-01-11 23:34:23+00:00,walton_lighthouse-2024-01-11-233423Z
-13581686.967424134,4433967.242269797,-0.3516884,0.3383458646616541,2024-01-11 23:34:23+00:00,walton_lighthouse-2024-01-11-233423Z
-13581685.121110369,4433966.769291281,-0.3516884,0.3408521303258145,2024-01-11 23:34:23+00:00,walton_lighthouse-2024-01-11-233423Z
-13581683.27479663,4433966.296312775,-0.3516884,0.3433583959899749,2024-01-11 23:34:23+00:00,walton_lighthouse-2024-01-11-233423Z
-13581681.428482853,4433965.823334257,-0.3516884,0.3458646616541353,2024-01-11 23:34:23+00:00,walton_lighthouse-2024-01-11-233423Z
-13581679.729435775,4433964.85889819,-0.3516884,0.3483709273182957,2024-01-11 23:34:23+00:00,walton_lighthouse-2024-01-11-233423Z
-13581677.882628951,4433964.387565094,-0.3516884,0.3508771929824561,2024-01-11 23:34:23+00:00,walton_lighthouse-2024-01-11-233423Z
-13581676.035822151,4433963.916232004,-0.3516884,0.3533834586466165,2024-01-11 23:34:23+00:00,walton_lighthouse-2024-01-11-233423Z
-13581674.18901534,4433963.444898913,-0.3516884,0.3558897243107769,2024-01-11 23:34:23+00:00,walton_lighthouse-2024-01-11-233423Z
-13581672.488099707,4433962.48669853,-0.3516884,0.3583959899749373,2024-01-11 23:34:23+00:00,walton_lighthouse-2024-01-11-233423Z
-13581670.640797809,4433962.017017609,-0.3516884,0.3609022556390977,2024-01-11 23:34:23+00:00,walton_lighthouse-2024-01-11-233423Z
-13581668.793495923,4433961.547336696,-0.3516884,0.3634085213032581,2024-01-11 23:34:23+00:00,walton_lighthouse-2024-01-11-233423Z
-13581666.946194028,4433961.077655777,-0.3516884,0.3659147869674185,2024-01-11 23:34:23+00:00,walton_lighthouse-2024-01-11-233423Z
-13581665.243395282,4433960.125739781,-0.3516884,0.3684210526315789,2024-01-11 23:34:23+00:00,walton_lighthouse-2024-01-11-233423Z
-13581663.395596253,4433959.657717836,-0.3516884,0.37092731829573933,2024-01-11 23:34:23+00:00,walton_lighthouse-2024-01-11-233423Z
-13581661.547797255,4433959.189695898,-0.3516884,0.37343358395989973,2024-01-11 23:34:23+00:00,walton_lighthouse-2024-01-11-233423Z
-13581659.699998235,4433958.721673958,-0.3516884,0.37593984962406013,2024-01-11 23:34:23+00:00,walton_lighthouse-2024-01-11-233423Z
-13581657.995301625,4433957.776091477,-0.3516884,0.37844611528822053,2024-01-11 23:34:23+00:00,walton_lighthouse-2024-01-11-233423Z
-13581656.147003451,4433957.309735352,-0.3516884,0.38095238095238093,2024-01-11 23:34:23+00:00,walton_lighthouse-2024-01-11-233423Z
-13581654.298705274,4433956.843379227,-0.3516884,0.38345864661654133,2024-01-11 23:34:23+00:00,walton_lighthouse-2024-01-11-233423Z
-13581652.450407092,4433956.377023101,-0.3516884,0.38596491228070173,2024-01-11 23:34:23+00:00,walton_lighthouse-2024-01-11-233423Z
-13581650.67288021,4433955.674489349,-0.3516884,0.38847117794486213,2024-01-11 23:34:23+00:00,walton_lighthouse-2024-01-11-233423Z
-13581648.824331688,4433955.208968714,-0.3516884,0.39097744360902253,2024-01-11 23:34:23+00:00,walton_lighthouse-2024-01-11-233423Z
-13581646.975783158,4433954.74344808,-0.3516884,0.39348370927318294,2024-01-11 23:34:23+00:00,walton_lighthouse-2024-01-11-233423Z
-13581645.19739952,4433954.043773451,-0.3516884,0.39598997493734334,2024-01-11 23:34:23+00:00,walton_lighthouse-2024-01-11-233423Z
-13581643.348600108,4433953.579090025,-0.3516884,0.39849624060150374,2024-01-11 23:34:23+00:00,walton_lighthouse-2024-01-11-233423Z
-13581641.49980071,4433953.114406606,-0.3516884,0.40100250626566414,2024-01-11 23:34:23+00:00,walton_lighthouse-2024-01-11-233423Z
-13581639.651001295,4433952.649723183,-0.3516884,0.40350877192982454,2024-01-11 23:34:23+00:00,walton_lighthouse-2024-01-11-233423Z
-13581637.871506363,4433951.953757237,-0.3516884,0.40601503759398494,2024-01-11 23:34:23+00:00,walton_lighthouse-2024-01-11-233423Z
-13581636.022455549,4433951.489912752,-0.3516884,0.40852130325814534,2024-01-11 23:34:23+00:00,walton_lighthouse-2024-01-11-233423Z
-13581634.17340476,4433951.026068277,-0.3516884,0.41102756892230574,2024-01-11 23:34:23+00:00,walton_lighthouse-2024-01-11-233423Z
-13581632.3930462,4433950.33298445,-0.3516884,0.41353383458646614,2024-01-11 23:34:23+00:00,walton_lighthouse-2024-01-11-233423Z
-13581630.543743469,4433949.869980647,-0.3516884,0.41604010025062654,2024-01-11 23:34:23+00:00,walton_lighthouse-2024-01-11-233423Z
-13581628.694440756,4433949.406976854,-0.3516884,0.41854636591478694,2024-01-11 23:34:23+00:00,walton_lighthouse-2024-01-11-233423Z
-13581626.846999245,4433948.937761864,-0.3516884,0.42105263157894735,2024-01-11 23:34:23+00:00,walton_lighthouse-2024-01-11-233423Z
-13581625.063660206,4433948.254624478,-0.3516884,0.42355889724310775,2024-01-11 23:34:23+00:00,walton_lighthouse-2024-01-11-233423Z
-13581623.214105034,4433947.7924631005,-0.3516884,0.42606516290726815,2024-01-11 23:34:23+00:00,walton_lighthouse-2024-01-11-233423Z
-13581621.364549885,4433947.330301729,-0.3516884,0.42857142857142855,2024-01-11 23:34:23+00:00,walton_lighthouse-2024-01-11-233423Z
-13581619.514994754,4433946.868140366,-0.3516884,0.43107769423558895,2024-01-11 23:34:23+00:00,walton_lighthouse-2024-01-11-233423Z
-13581617.665439587,4433946.405978993,-0.3516884,0.43358395989974935,2024-01-11 23:34:23+00:00,walton_lighthouse-2024-01-11-233423Z
-13581615.81588442,4433945.943817615,-0.3516884,0.43609022556390975,2024-01-11 23:34:23+00:00,walton_lighthouse-2024-01-11-233423Z
-13581613.966329264,4433945.481656244,-0.3516884,0.43859649122807015,2024-01-11 23:34:23+00:00,walton_lighthouse-2024-01-11-233423Z
-13581612.116774129,4433945.019494878,-0.3516884,0.44110275689223055,2024-01-11 23:34:23+00:00,walton_lighthouse-2024-01-11-233423Z
-13581610.26721898,4433944.557333512,-0.3516884,0.44360902255639095,2024-01-11 23:34:23+00:00,walton_lighthouse-2024-01-11-233423Z
-13581608.4176638,4433944.095172129,-0.3516884,0.44611528822055135,2024-01-11 23:34:23+00:00,walton_lighthouse-2024-01-11-233423Z
-13581606.568108646,4433943.633010757,-0.3516884,0.44862155388471175,2024-01-11 23:34:23+00:00,walton_lighthouse-2024-01-11-233423Z
-13581604.718553508,4433943.170849391,-0.3516884,0.45112781954887216,2024-01-11 23:34:23+00:00,walton_lighthouse-2024-01-11-233423Z
-13581602.933928456,4433942.492003685,-0.3516884,0.45363408521303256,2024-01-11 23:34:23+00:00,walton_lighthouse-2024-01-11-233423Z
-13581601.084120337,4433942.030686484,-0.3516884,0.45614035087719296,2024-01-11 23:34:23+00:00,walton_lighthouse-2024-01-11-233423Z
-13581599.234312212,4433941.569369278,-0.3516884,0.45864661654135336,2024-01-11 23:34:23+00:00,walton_lighthouse-2024-01-11-233423Z
-13581597.384504115,4433941.108052086,-0.3516884,0.46115288220551376,2024-01-11 23:34:23+00:00,walton_lighthouse-2024-01-11-233423Z
-13581595.534696002,4433940.64673489,-0.3516884,0.46365914786967416,2024-01-11 23:34:23+00:00,walton_lighthouse-2024-01-11-233423Z
-13581593.74868541,4433939.972512929,-0.3516884,0.46616541353383456,2024-01-11 23:34:23+00:00,walton_lighthouse-2024-01-11-233423Z
-13581591.89862384,4433939.512041667,-0.3516884,0.46867167919799496,2024-01-11 23:34:23+00:00,walton_lighthouse-2024-01-11-233423Z
-13581590.04856223,4433939.051570393,-0.3516884,0.47117794486215536,2024-01-11 23:34:23+00:00,walton_lighthouse-2024-01-11-233423Z
-13581588.198500618,4433938.591099111,-0.3516884,0.47368421052631576,2024-01-11 23:34:23+00:00,walton_lighthouse-2024-01-11-233423Z
-13581586.34843902,4433938.130627838,-0.3516884,0.47619047619047616,2024-01-11 23:34:23+00:00,walton_lighthouse-2024-01-11-233423Z
-13581584.49837744,4433937.67015657,-0.3516884,0.47869674185463656,2024-01-11 23:34:23+00:00,walton_lighthouse-2024-01-11-233423Z
-13581582.710721962,4433937.001424008,-0.3516884,0.48120300751879697,2024-01-11 23:34:23+00:00,walton_lighthouse-2024-01-11-233423Z
-13581580.860406326,4433936.541800411,-0.3516884,0.48370927318295737,2024-01-11 23:34:23+00:00,walton_lighthouse-2024-01-11-233423Z
-13581579.010090718,4433936.082176823,-0.3516884,0.48621553884711777,2024-01-11 23:34:23+00:00,walton_lighthouse-2024-01-11-233423Z
-13581577.159775125,4433935.622553242,-0.3516884,0.48872180451127817,2024-01-11 23:34:23+00:00,walton_lighthouse-2024-01-11-233423Z
-13581575.30945952,4433935.162929657,-0.3516884,0.49122807017543857,2024-01-11 23:34:23+00:00,walton_lighthouse-2024-01-11-233423Z
-13581573.4591439,4433934.703306068,-0.3516884,0.49373433583959897,2024-01-11 23:34:23+00:00,walton_lighthouse-2024-01-11-233423Z
-13581571.608828282,4433934.243682478,-0.3516884,0.49624060150375937,2024-01-11 23:34:23+00:00,walton_lighthouse-2024-01-11-233423Z
-13581569.75851269,4433933.784058897,-0.3516884,0.49874686716791977,2024-01-11 23:34:23+00:00,walton_lighthouse-2024-01-11-233423Z
-13581567.90819708,4433933.324435312,-0.3516884,0.5012531328320802,2024-01-11 23:34:23+00:00,walton_lighthouse-2024-01-11-233423Z
-13581566.057881456,4433932.864811718,-0.3516884,0.5037593984962405,2024-01-11 23:34:23+00:00,walton_lighthouse-2024-01-11-233423Z
-13581564.207565855,4433932.405188136,-0.3516884,0.506265664160401,2024-01-11 23:34:23+00:00,walton_lighthouse-2024-01-11-233423Z
-13581562.357250253,4433931.945564551,-0.3516884,0.5087719298245614,2024-01-11 23:34:23+00:00,walton_lighthouse-2024-01-11-233423Z
-13581560.498489194,4433931.514125071,-0.3516884,0.5112781954887218,2024-01-11 23:34:23+00:00,walton_lighthouse-2024-01-11-233423Z
-13581558.620460486,4433931.146985407,-0.3516884,0.5137844611528821,2024-01-11 23:34:23+00:00,walton_lighthouse-2024-01-11-233423Z
-13581556.747453457,4433930.763087491,-0.3516884,0.5162907268170426,2024-01-11 23:34:23+00:00,walton_lighthouse-2024-01-11-233423Z
-13581554.897391886,4433930.302616229,-0.3516884,0.518796992481203,2024-01-11 23:34:23+00:00,walton_lighthouse-2024-01-11-233423Z
-13581553.047330275,4433929.842144956,-0.3516884,0.5213032581453634,2024-01-11 23:34:23+00:00,walton_lighthouse-2024-01-11-233423Z
-13581551.197268665,4433929.381673679,-0.3516884,0.5238095238095237,2024-01-11 23:34:23+00:00,walton_lighthouse-2024-01-11-233423Z
-13581549.347207064,4433928.921202406,-0.3516884,0.5263157894736842,2024-01-11 23:34:23+00:00,walton_lighthouse-2024-01-11-233423Z
-13581547.497145483,4433928.46073114,-0.3516884,0.5288220551378446,2024-01-11 23:34:23+00:00,walton_lighthouse-2024-01-11-233423Z
-13581545.647083895,4433928.0002598725,-0.3516884,0.531328320802005,2024-01-11 23:34:23+00:00,walton_lighthouse-2024-01-11-233423Z
-13581543.7823805,4433927.588651028,-0.3516884,0.5338345864661653,2024-01-11 23:34:23+00:00,walton_lighthouse-2024-01-11-233423Z
-13581541.903425109,4433927.224604019,-0.3516884,0.5363408521303258,2024-01-11 23:34:23+00:00,walton_lighthouse-2024-01-11-233423Z
-13581540.024469694,4433926.860557006,-0.3516884,0.5388471177944862,2024-01-11 23:34:23+00:00,walton_lighthouse-2024-01-11-233423Z
-13581538.145514268,4433926.496509984,-0.3516884,0.5413533834586466,2024-01-11 23:34:23+00:00,walton_lighthouse-2024-01-11-233423Z
-13581536.28501279,4433926.0708786575,-0.3516884,0.5438596491228069,2024-01-11 23:34:23+00:00,walton_lighthouse-2024-01-11-233423Z
-13581534.43545764,4433925.608717286,-0.3516884,0.5463659147869674,2024-01-11 23:34:23+00:00,walton_lighthouse-2024-01-11-233423Z
-13581532.56911792,4433925.202569275,-0.3516884,0.5488721804511278,2024-01-11 23:34:23+00:00,walton_lighthouse-2024-01-11-233423Z
-13581530.689852182,4433924.839557818,-0.3516884,0.5513784461152882,2024-01-11 23:34:23+00:00,walton_lighthouse-2024-01-11-233423Z
-13581528.832093908,4433924.404771851,-0.3516884,0.5538847117794485,2024-01-11 23:34:23+00:00,walton_lighthouse-2024-01-11-233423Z
-13581526.982791215,4433923.941768067,-0.3516884,0.556390977443609,2024-01-11 23:34:23+00:00,walton_lighthouse-2024-01-11-233423Z
-13581525.111418346,4433923.552416601,-0.3516884,0.5588972431077694,2024-01-11 23:34:23+00:00,walton_lighthouse-2024-01-11-233423Z
-13581523.231841594,4433923.19044306,-0.3516884,0.5614035087719298,2024-01-11 23:34:23+00:00,walton_lighthouse-2024-01-11-233423Z
-13581521.381305564,4433922.731555059,-0.3516884,0.5639097744360901,2024-01-11 23:34:23+00:00,walton_lighthouse-2024-01-11-233423Z
-13581519.531251425,4433922.271058968,-0.3516884,0.5664160401002506,2024-01-11 23:34:23+00:00,walton_lighthouse-2024-01-11-233423Z
-13581517.651362974,4433921.910125721,-0.3516884,0.568922305764411,2024-01-11 23:34:23+00:00,walton_lighthouse-2024-01-11-233423Z
-13581515.781440562,4433921.515933733,-0.3516884,0.5714285714285714,2024-01-11 23:34:23+00:00,walton_lighthouse-2024-01-11-233423Z
-13581513.93264115,4433921.051250307,-0.3516884,0.5739348370927317,2024-01-11 23:34:23+00:00,walton_lighthouse-2024-01-11-233423Z
-13581512.069144608,4433920.635614118,-0.3516884,0.5764411027568922,2024-01-11 23:34:23+00:00,walton_lighthouse-2024-01-11-233423Z
-13581510.188943716,4433920.275723519,-0.3516884,0.5789473684210527,2024-01-11 23:34:23+00:00,walton_lighthouse-2024-01-11-233423Z
-13581508.308742816,4433919.915832916,-0.3516884,0.581453634085213,2024-01-11 23:34:23+00:00,walton_lighthouse-2024-01-11-233423Z
-13581506.434850557,4433919.53488914,-0.3516884,0.5839598997493733,2024-01-11 23:34:23+00:00,walton_lighthouse-2024-01-11-233423Z
-13581504.586552393,4433919.068533017,-0.3516884,0.5864661654135338,2024-01-11 23:34:23+00:00,walton_lighthouse-2024-01-11-233423Z
-13581502.72415251,4433918.649236993,-0.3516884,0.5889724310776943,2024-01-11 23:34:23+00:00,walton_lighthouse-2024-01-11-233423Z
-13581500.843638454,4433918.290391417,-0.3516884,0.5914786967418546,2024-01-11 23:34:23+00:00,walton_lighthouse-2024-01-11-233423Z
-13581498.963124424,4433917.931545855,-0.3516884,0.593984962406015,2024-01-11 23:34:23+00:00,walton_lighthouse-2024-01-11-233423Z
-13581497.093684774,4433917.535742925,-0.3516884,0.5964912280701754,2024-01-11 23:34:23+00:00,walton_lighthouse-2024-01-11-233423Z
-13581495.245885758,4433917.067720982,-0.3516884,0.5989974937343359,2024-01-11 23:34:23+00:00,walton_lighthouse-2024-01-11-233423Z
-13581493.3761533,4433916.67289512,-0.3516884,0.6015037593984962,2024-01-11 23:34:23+00:00,walton_lighthouse-2024-01-11-233423Z
-13581491.4953254,4433916.315096971,-0.3516884,0.6040100250626566,2024-01-11 23:34:23+00:00,walton_lighthouse-2024-01-11-233423Z
-13581489.614497526,4433915.957298833,-0.3516884,0.606516290726817,2024-01-11 23:34:23+00:00,walton_lighthouse-2024-01-11-233423Z
-13581487.757909764,4433915.518606595,-0.3516884,0.6090225563909775,2024-01-11 23:34:23+00:00,walton_lighthouse-2024-01-11-233423Z
-13581485.906279186,4433915.063371253,-0.3516884,0.6115288220551378,2024-01-11 23:34:23+00:00,walton_lighthouse-2024-01-11-233423Z
-13581484.02513672,4433914.706622926,-0.3516884,0.6140350877192982,2024-01-11 23:34:23+00:00,walton_lighthouse-2024-01-11-233423Z
-13581482.168506386,4433914.268072807,-0.3516884,0.6165413533834586,2024-01-11 23:34:23+00:00,walton_lighthouse-2024-01-11-233423Z
-13581480.315465689,4433913.817543347,-0.3516884,0.6190476190476191,2024-01-11 23:34:23+00:00,walton_lighthouse-2024-01-11-233423Z
-13581478.434007894,4433913.461847224,-0.3516884,0.6215538847117794,2024-01-11 23:34:23+00:00,walton_lighthouse-2024-01-11-233423Z
-13581476.552550131,4433913.106151112,-0.3516884,0.6240601503759398,2024-01-11 23:34:23+00:00,walton_lighthouse-2024-01-11-233423Z
-13581474.687562576,4433912.695490659,-0.3516884,0.6265664160401002,2024-01-11 23:34:23+00:00,walton_lighthouse-2024-01-11-233423Z
-13581472.841002518,4433912.223334003,-0.3516884,0.6290726817042607,2024-01-11 23:34:23+00:00,walton_lighthouse-2024-01-11-233423Z
-13581470.959331203,4433911.868350522,-0.3516884,0.631578947368421,2024-01-11 23:34:23+00:00,walton_lighthouse-2024-01-11-233423Z
-13581469.077557407,4433911.513709035,-0.3516884,0.6340852130325814,2024-01-11 23:34:23+00:00,walton_lighthouse-2024-01-11-233423Z
-13581467.210942106,4433911.108480687,-0.3516884,0.6365914786967418,2024-01-11 23:34:23+00:00,walton_lighthouse-2024-01-11-233423Z
-13581465.36433135,4433910.636493217,-0.3516884,0.6390977443609023,2024-01-11 23:34:23+00:00,walton_lighthouse-2024-01-11-233423Z
-13581463.4822408,4433910.282908776,-0.3516884,0.6416040100250626,2024-01-11 23:34:23+00:00,walton_lighthouse-2024-01-11-233423Z
-13581461.600150276,4433909.929324346,-0.3516884,0.644110275689223,2024-01-11 23:34:23+00:00,walton_lighthouse-2024-01-11-233423Z
-13581459.73861853,4433909.507131144,-0.3516884,0.6466165413533834,2024-01-11 23:34:23+00:00,walton_lighthouse-2024-01-11-233423Z
-13581457.885136424,4433909.058074708,-0.3516884,0.6491228070175439,2024-01-11 23:34:23+00:00,walton_lighthouse-2024-01-11-233423Z
-13581456.002728395,4433908.705549746,-0.3516884,0.6516290726817042,2024-01-11 23:34:23+00:00,walton_lighthouse-2024-01-11-233423Z
-13581454.120320383,4433908.353024793,-0.3516884,0.6541353383458646,2024-01-11 23:34:23+00:00,walton_lighthouse-2024-01-11-233423Z
-13581452.27056563,4433907.891529568,-0.3516884,0.656641604010025,2024-01-11 23:34:23+00:00,walton_lighthouse-2024-01-11-233423Z
-13581450.403511854,4433907.487764381,-0.3516884,0.6591478696741855,2024-01-11 23:34:23+00:00,walton_lighthouse-2024-01-11-233423Z
-13581448.53813251,4433907.078411407,-0.3516884,0.6616541353383458,2024-01-11 23:34:23+00:00,walton_lighthouse-2024-01-11-233423Z
-13581446.685539622,4433906.626387602,-0.3516884,0.6641604010025062,2024-01-11 23:34:23+00:00,walton_lighthouse-2024-01-11-233423Z
-13581444.802494451,4433906.275988915,-0.3516884,0.6666666666666666,2024-01-11 23:34:23+00:00,walton_lighthouse-2024-01-11-233423Z
-13581442.919449272,4433905.9255902255,-0.3516884,0.6691729323308271,2024-01-11 23:34:23+00:00,walton_lighthouse-2024-01-11-233423Z
-13581441.036404086,4433905.575191534,-0.3516884,0.6716791979949874,2024-01-11 23:34:23+00:00,walton_lighthouse-2024-01-11-233423Z
-13581439.153358934,4433905.224792854,-0.3516884,0.6741854636591478,2024-01-11 23:34:23+00:00,walton_lighthouse-2024-01-11-233423Z
-13581437.306704173,4433904.752952312,-0.3516884,0.6766917293233082,2024-01-11 23:34:23+00:00,walton_lighthouse-2024-01-11-233423Z
-13581435.432940204,4433904.371580382,-0.3516884,0.6791979949874687,2024-01-11 23:34:23+00:00,walton_lighthouse-2024-01-11-233423Z
-13581433.549575368,4433904.022248514,-0.3516884,0.681704260651629,2024-01-11 23:34:23+00:00,walton_lighthouse-2024-01-11-233423Z
-13581431.666210528,4433903.672916644,-0.3516884,0.6842105263157894,2024-01-11 23:34:23+00:00,walton_lighthouse-2024-01-11-233423Z
-13581429.782845683,4433903.323584772,-0.3516884,0.6867167919799498,2024-01-11 23:34:23+00:00,walton_lighthouse-2024-01-11-233423Z
-13581427.931074642,4433902.868818172,-0.3516884,0.6892230576441103,2024-01-11 23:34:23+00:00,walton_lighthouse-2024-01-11-233423Z
-13581426.06029098,4433902.477500527,-0.3516884,0.6917293233082706,2024-01-11 23:34:23+00:00,walton_lighthouse-2024-01-11-233423Z
-13581424.176605731,4433902.129237935,-0.3516884,0.694235588972431,2024-01-11 23:34:23+00:00,walton_lighthouse-2024-01-11-233423Z
-13581422.292920442,4433901.780975324,-0.3516884,0.6967418546365914,2024-01-11 23:34:23+00:00,walton_lighthouse-2024-01-11-233423Z
-13581420.409235189,4433901.432712726,-0.3516884,0.6992481203007519,2024-01-11 23:34:23+00:00,walton_lighthouse-2024-01-11-233423Z
-13581418.566265402,4433900.948574767,-0.3516884,0.7017543859649122,2024-01-11 23:34:23+00:00,walton_lighthouse-2024-01-11-233423Z
-13581416.684535991,4433900.593785134,-0.3516884,0.7042606516290726,2024-01-11 23:34:23+00:00,walton_lighthouse-2024-01-11-233423Z
-13581414.800529571,4433900.246594282,-0.3516884,0.706766917293233,2024-01-11 23:34:23+00:00,walton_lighthouse-2024-01-11-233423Z
-13581412.930622954,4433899.8523496445,-0.3516884,0.7092731829573935,2024-01-11 23:34:23+00:00,walton_lighthouse-2024-01-11-233423Z
-13581411.074321091,4433899.412703418,-0.3516884,0.7117794486215538,2024-01-11 23:34:23+00:00,walton_lighthouse-2024-01-11-233423Z
-13581409.189992787,4433899.066586796,-0.3516884,0.7142857142857142,2024-01-11 23:34:23+00:00,walton_lighthouse-2024-01-11-233423Z
-13581407.305664465,4433898.720470164,-0.3516884,0.7167919799498746,2024-01-11 23:34:23+00:00,walton_lighthouse-2024-01-11-233423Z
-13581405.4240499,4433898.3652973,-0.3516884,0.7192982456140351,2024-01-11 23:34:23+00:00,walton_lighthouse-2024-01-11-233423Z
-13581403.577618465,4433897.892711504,-0.3516884,0.7218045112781954,2024-01-11 23:34:23+00:00,walton_lighthouse-2024-01-11-233423Z
-13581401.69296752,4433897.547671597,-0.3516884,0.7243107769423558,2024-01-11 23:34:23+00:00,walton_lighthouse-2024-01-11-233423Z
-13581399.808316551,4433897.202631681,-0.3516884,0.7268170426065163,2024-01-11 23:34:23+00:00,walton_lighthouse-2024-01-11-233423Z
-13581397.960159063,4433896.735806031,-0.3516884,0.7293233082706767,2024-01-11 23:34:23+00:00,walton_lighthouse-2024-01-11-233423Z
-13581396.078425895,4433896.381029043,-0.3516884,0.731829573934837,2024-01-11 23:34:23+00:00,walton_lighthouse-2024-01-11-233423Z
-13581394.19345155,4433896.03706834,-0.3516884,0.7343358395989974,2024-01-11 23:34:23+00:00,walton_lighthouse-2024-01-11-233423Z
-13581392.308477197,4433895.693107634,-0.3516884,0.7368421052631579,2024-01-11 23:34:23+00:00,walton_lighthouse-2024-01-11-233423Z
-13581390.462033136,4433895.220563936,-0.3516884,0.7393483709273183,2024-01-11 23:34:23+00:00,walton_lighthouse-2024-01-11-233423Z
-13581388.576734684,4433894.877684963,-0.3516884,0.7418546365914787,2024-01-11 23:34:23+00:00,walton_lighthouse-2024-01-11-233423Z
-13581386.69143622,4433894.534805988,-0.3516884,0.744360902255639,2024-01-11 23:34:23+00:00,walton_lighthouse-2024-01-11-233423Z
-13581384.806137716,4433894.1919269925,-0.3516884,0.7468671679197995,2024-01-11 23:34:23+00:00,walton_lighthouse-2024-01-11-233423Z
-13581382.95558266,4433893.733102487,-0.3516884,0.7493734335839599,2024-01-11 23:34:23+00:00,walton_lighthouse-2024-01-11-233423Z
-13581381.07253615,4433893.382708335,-0.3516884,0.7518796992481203,2024-01-11 23:34:23+00:00,walton_lighthouse-2024-01-11-233423Z
-13581379.186912782,4433893.040913586,-0.3516884,0.7543859649122806,2024-01-11 23:34:23+00:00,walton_lighthouse-2024-01-11-233423Z
-13581377.31947494,4433892.638430143,-0.3516884,0.7568922305764411,2024-01-11 23:34:23+00:00,walton_lighthouse-2024-01-11-233423Z
-13581375.451770527,4433892.236836365,-0.3516884,0.7593984962406015,2024-01-11 23:34:23+00:00,walton_lighthouse-2024-01-11-233423Z
-13581373.565821543,4433891.896128382,-0.3516884,0.7619047619047619,2024-01-11 23:34:23+00:00,walton_lighthouse-2024-01-11-233423Z
-13581371.679872517,4433891.555420378,-0.3516884,0.7644110275689222,2024-01-11 23:34:23+00:00,walton_lighthouse-2024-01-11-233423Z
-13581369.824461836,4433891.112799951,-0.3516884,0.7669172932330827,2024-01-11 23:34:23+00:00,walton_lighthouse-2024-01-11-233423Z
-13581367.94285746,4433890.757593124,-0.3516884,0.7694235588972431,2024-01-11 23:34:23+00:00,walton_lighthouse-2024-01-11-233423Z
-13581366.056582035,4433890.417974412,-0.3516884,0.7719298245614035,2024-01-11 23:34:23+00:00,walton_lighthouse-2024-01-11-233423Z
-13581364.170306606,4433890.078355697,-0.3516884,0.7744360902255638,2024-01-11 23:34:23+00:00,walton_lighthouse-2024-01-11-233423Z
-13581362.28403117,4433889.73873698,-0.3516884,0.7769423558897243,2024-01-11 23:34:23+00:00,walton_lighthouse-2024-01-11-233423Z
-13581360.397755768,4433889.399118274,-0.3516884,0.7794486215538847,2024-01-11 23:34:23+00:00,walton_lighthouse-2024-01-11-233423Z
-13581358.544808833,4433888.948275931,-0.3516884,0.7819548872180451,2024-01-11 23:34:23+00:00,walton_lighthouse-2024-01-11-233423Z
-13581356.65820622,4433888.609749035,-0.3516884,0.7844611528822054,2024-01-11 23:34:23+00:00,walton_lighthouse-2024-01-11-233423Z
-13581354.77160364,4433888.271222154,-0.3516884,0.7869674185463659,2024-01-11 23:34:23+00:00,walton_lighthouse-2024-01-11-233423Z
-13581352.91742357,4433887.82449505,-0.3516884,0.7894736842105263,2024-01-11 23:34:23+00:00,walton_lighthouse-2024-01-11-233423Z
-13581351.030493047,4433887.487062538,-0.3516884,0.7919799498746867,2024-01-11 23:34:23+00:00,walton_lighthouse-2024-01-11-233423Z
-13581349.1435625,4433887.1496300185,-0.3516884,0.794486215538847,2024-01-11 23:34:23+00:00,walton_lighthouse-2024-01-11-233423Z
-13581347.271522127,4433886.762506191,-0.3516884,0.7969924812030075,2024-01-11 23:34:23+00:00,walton_lighthouse-2024-01-11-233423Z
-13581345.400884995,4433886.37069958,-0.3516884,0.7994987468671679,2024-01-11 23:34:23+00:00,walton_lighthouse-2024-01-11-233423Z
-13581343.544552788,4433885.931154505,-0.3516884,0.8020050125313283,2024-01-11 23:34:23+00:00,walton_lighthouse-2024-01-11-233423Z
-13581341.656964077,4433885.595918417,-0.3516884,0.8045112781954886,2024-01-11 23:34:23+00:00,walton_lighthouse-2024-01-11-233423Z
-13581339.773446033,4433885.247097796,-0.3516884,0.8070175438596491,2024-01-11 23:34:23+00:00,walton_lighthouse-2024-01-11-233423Z
-13581337.911795488,4433884.82530117,-0.3516884,0.8095238095238095,2024-01-11 23:34:23+00:00,walton_lighthouse-2024-01-11-233423Z
-13581336.023876565,4433884.4911671765,-0.3516884,0.8120300751879699,2024-01-11 23:34:23+00:00,walton_lighthouse-2024-01-11-233423Z
-13581334.1359576,4433884.157033161,-0.3516884,0.8145363408521302,2024-01-11 23:34:23+00:00,walton_lighthouse-2024-01-11-233423Z
-13581332.248038666,4433883.82289916,-0.3516884,0.8170426065162907,2024-01-11 23:34:23+00:00,walton_lighthouse-2024-01-11-233423Z
-13581330.360119753,4433883.488765168,-0.3516884,0.8195488721804511,2024-01-11 23:34:23+00:00,walton_lighthouse-2024-01-11-233423Z
-13581328.47220082,4433883.1546311695,-0.3516884,0.8220551378446115,2024-01-11 23:34:23+00:00,walton_lighthouse-2024-01-11-233423Z
-13581326.584281877,4433882.820497165,-0.3516884,0.8245614035087718,2024-01-11 23:34:23+00:00,walton_lighthouse-2024-01-11-233423Z
-13581324.696362931,4433882.48636316,-0.3516884,0.8270676691729323,2024-01-11 23:34:23+00:00,walton_lighthouse-2024-01-11-233423Z
-13581322.80844402,4433882.152229167,-0.3516884,0.8295739348370927,2024-01-11 23:34:23+00:00,walton_lighthouse-2024-01-11-233423Z
-13581320.920525083,4433881.818095167,-0.3516884,0.8320802005012531,2024-01-11 23:34:23+00:00,walton_lighthouse-2024-01-11-233423Z
-13581319.032606132,4433881.483961157,-0.3516884,0.8345864661654134,2024-01-11 23:34:23+00:00,walton_lighthouse-2024-01-11-233423Z
-13581317.153128983,4433881.121655321,-0.3516884,0.8370927318295739,2024-01-11 23:34:23+00:00,walton_lighthouse-2024-01-11-233423Z
-13581315.288740238,4433880.708996555,-0.3516884,0.8395989974937343,2024-01-11 23:34:23+00:00,walton_lighthouse-2024-01-11-233423Z
-13581313.425304284,4433880.293158113,-0.3516884,0.8421052631578947,2024-01-11 23:34:23+00:00,walton_lighthouse-2024-01-11-233423Z
-13581311.557444775,4433879.8920818325,-0.3516884,0.844611528822055,2024-01-11 23:34:23+00:00,walton_lighthouse-2024-01-11-233423Z
-13581309.681544883,4433879.51783804,-0.3516884,0.8471177944862155,2024-01-11 23:34:23+00:00,walton_lighthouse-2024-01-11-233423Z
-13581307.804574352,4433879.147167154,-0.3516884,0.849624060150376,2024-01-11 23:34:23+00:00,walton_lighthouse-2024-01-11-233423Z
-13581305.890701832,4433878.899645172,-0.3516884,0.8521303258145363,2024-01-11 23:34:23+00:00,walton_lighthouse-2024-01-11-233423Z
-13581304.00178752,4433878.568832951,-0.3516884,0.8546365914786966,2024-01-11 23:34:23+00:00,walton_lighthouse-2024-01-11-233423Z
-13581302.07277834,4433878.37182515,-0.3516884,0.8571428571428571,2024-01-11 23:34:23+00:00,walton_lighthouse-2024-01-11-233423Z
-13581300.130012857,4433878.220724724,-0.3516884,0.8596491228070176,2024-01-11 23:34:23+00:00,walton_lighthouse-2024-01-11-233423Z
-13581298.173525875,4433878.115415567,-0.3516884,0.8621553884711779,2024-01-11 23:34:23+00:00,walton_lighthouse-2024-01-11-233423Z
-13581296.079582496,4433878.468825043,-0.3516884,0.8646616541353382,2024-01-11 23:34:23+00:00,walton_lighthouse-2024-01-11-233423Z
-13581293.82567365,4433879.356070449,-0.3516884,0.8671679197994987,2024-01-11 23:34:23+00:00,walton_lighthouse-2024-01-11-233423Z
-13581291.500187008,4433880.482184753,-0.3516884,0.8696741854636592,2024-01-11 23:34:23+00:00,walton_lighthouse-2024-01-11-233423Z
-13581289.492950289,4433880.54623726,-0.3516884,0.8721804511278195,2024-01-11 23:34:23+00:00,walton_lighthouse-2024-01-11-233423Z
-13581287.586202284,4433880.274939572,-0.3516884,0.8746867167919798,2024-01-11 23:34:23+00:00,walton_lighthouse-2024-01-11-233423Z
-13581285.694513906,4433879.953384973,-0.3516884,0.8771929824561403,2024-01-11 23:34:23+00:00,walton_lighthouse-2024-01-11-233423Z
-13581283.796786103,4433879.651985069,-0.3516884,0.8796992481203008,2024-01-11 23:34:23+00:00,walton_lighthouse-2024-01-11-233423Z
-13581283.796786103,4433879.651985069,-0.3516884,0.8822055137844611,2024-01-11 23:34:23+00:00,walton_lighthouse-2024-01-11-233423Z
-13581283.796786103,4433879.651985069,-0.3516884,0.8847117794486214,2024-01-11 23:34:23+00:00,walton_lighthouse-2024-01-11-233423Z
-13581283.796786103,4433879.651985069,-0.3516884,0.8872180451127819,2024-01-11 23:34:23+00:00,walton_lighthouse-2024-01-11-233423Z
-13581283.796786103,4433879.651985069,-0.3516884,0.8897243107769424,2024-01-11 23:34:23+00:00,walton_lighthouse-2024-01-11-233423Z
-13581283.796786103,4433879.651985069,-0.3516884,0.8922305764411027,2024-01-11 23:34:23+00:00,walton_lighthouse-2024-01-11-233423Z
-13581283.796786103,4433879.651985069,-0.3516884,0.894736842105263,2024-01-11 23:34:23+00:00,walton_lighthouse-2024-01-11-233423Z
-13581283.796786103,4433879.651985069,-0.3516884,0.8972431077694235,2024-01-11 23:34:23+00:00,walton_lighthouse-2024-01-11-233423Z
-13581283.796786103,4433879.651985069,-0.3516884,0.899749373433584,2024-01-11 23:34:23+00:00,walton_lighthouse-2024-01-11-233423Z
-13581283.796786103,4433879.651985069,-0.3516884,0.9022556390977443,2024-01-11 23:34:23+00:00,walton_lighthouse-2024-01-11-233423Z
-13581283.796786103,4433879.651985069,-0.3516884,0.9047619047619047,2024-01-11 23:34:23+00:00,walton_lighthouse-2024-01-11-233423Z
-13581283.796786103,4433879.651985069,-0.3516884,0.9072681704260651,2024-01-11 23:34:23+00:00,walton_lighthouse-2024-01-11-233423Z
-13581283.796786103,4433879.651985069,-0.3516884,0.9097744360902256,2024-01-11 23:34:23+00:00,walton_lighthouse-2024-01-11-233423Z
-13581283.796786103,4433879.651985069,-0.3516884,0.9122807017543859,2024-01-11 23:34:23+00:00,walton_lighthouse-2024-01-11-233423Z
-13581283.796786103,4433879.651985069,-0.3516884,0.9147869674185463,2024-01-11 23:34:23+00:00,walton_lighthouse-2024-01-11-233423Z
-13581283.796786103,4433879.651985069,-0.3516884,0.9172932330827067,2024-01-11 23:34:23+00:00,walton_lighthouse-2024-01-11-233423Z
-13581283.796786103,4433879.651985069,-0.3516884,0.9197994987468672,2024-01-11 23:34:23+00:00,walton_lighthouse-2024-01-11-233423Z
-13581283.796786103,4433879.651985069,-0.3516884,0.9223057644110275,2024-01-11 23:34:23+00:00,walton_lighthouse-2024-01-11-233423Z
-13581283.796786103,4433879.651985069,-0.3516884,0.9248120300751879,2024-01-11 23:34:23+00:00,walton_lighthouse-2024-01-11-233423Z
-13581283.796786103,4433879.651985069,-0.3516884,0.9273182957393483,2024-01-11 23:34:23+00:00,walton_lighthouse-2024-01-11-233423Z
-13581283.796786103,4433879.651985069,-0.3516884,0.9298245614035088,2024-01-11 23:34:23+00:00,walton_lighthouse-2024-01-11-233423Z
-13581283.796786103,4433879.651985069,-0.3516884,0.9323308270676691,2024-01-11 23:34:23+00:00,walton_lighthouse-2024-01-11-233423Z
-13581283.796786103,4433879.651985069,-0.3516884,0.9348370927318295,2024-01-11 23:34:23+00:00,walton_lighthouse-2024-01-11-233423Z
-13581283.796786103,4433879.651985069,-0.3516884,0.9373433583959899,2024-01-11 23:34:23+00:00,walton_lighthouse-2024-01-11-233423Z
-13581283.796786103,4433879.651985069,-0.3516884,0.9398496240601504,2024-01-11 23:34:23+00:00,walton_lighthouse-2024-01-11-233423Z
-13581283.796786103,4433879.651985069,-0.3516884,0.9423558897243107,2024-01-11 23:34:23+00:00,walton_lighthouse-2024-01-11-233423Z
-13581283.796786103,4433879.651985069,-0.3516884,0.9448621553884711,2024-01-11 23:34:23+00:00,walton_lighthouse-2024-01-11-233423Z
-13581283.796786103,4433879.651985069,-0.3516884,0.9473684210526315,2024-01-11 23:34:23+00:00,walton_lighthouse-2024-01-11-233423Z
-13581283.796786103,4433879.651985069,-0.3516884,0.949874686716792,2024-01-11 23:34:23+00:00,walton_lighthouse-2024-01-11-233423Z
-13581283.796786103,4433879.651985069,-0.3516884,0.9523809523809523,2024-01-11 23:34:23+00:00,walton_lighthouse-2024-01-11-233423Z
-13581283.796786103,4433879.651985069,-0.3516884,0.9548872180451127,2024-01-11 23:34:23+00:00,walton_lighthouse-2024-01-11-233423Z
-13581283.796786103,4433879.651985069,-0.3516884,0.9573934837092731,2024-01-11 23:34:23+00:00,walton_lighthouse-2024-01-11-233423Z
-13581283.796786103,4433879.651985069,-0.3516884,0.9598997493734336,2024-01-11 23:34:23+00:00,walton_lighthouse-2024-01-11-233423Z
-13581283.796786103,4433879.651985069,-0.3516884,0.9624060150375939,2024-01-11 23:34:23+00:00,walton_lighthouse-2024-01-11-233423Z
-13581283.796786103,4433879.651985069,-0.3516884,0.9649122807017543,2024-01-11 23:34:23+00:00,walton_lighthouse-2024-01-11-233423Z
-13581283.796786103,4433879.651985069,-0.3516884,0.9674185463659147,2024-01-11 23:34:23+00:00,walton_lighthouse-2024-01-11-233423Z
-13581283.796786103,4433879.651985069,-0.3516884,0.9699248120300752,2024-01-11 23:34:23+00:00,walton_lighthouse-2024-01-11-233423Z
-13581283.796786103,4433879.651985069,-0.3516884,0.9724310776942355,2024-01-11 23:34:23+00:00,walton_lighthouse-2024-01-11-233423Z
-13581283.796786103,4433879.651985069,-0.3516884,0.9749373433583959,2024-01-11 23:34:23+00:00,walton_lighthouse-2024-01-11-233423Z
-13581283.796786103,4433879.651985069,-0.3516884,0.9774436090225563,2024-01-11 23:34:23+00:00,walton_lighthouse-2024-01-11-233423Z
-13581283.796786103,4433879.651985069,-0.3516884,0.9799498746867168,2024-01-11 23:34:23+00:00,walton_lighthouse-2024-01-11-233423Z
-13581283.796786103,4433879.651985069,-0.3516884,0.9824561403508771,2024-01-11 23:34:23+00:00,walton_lighthouse-2024-01-11-233423Z
-13581283.796786103,4433879.651985069,-0.3516884,0.9849624060150375,2024-01-11 23:34:23+00:00,walton_lighthouse-2024-01-11-233423Z
-13581283.796786103,4433879.651985069,-0.3516884,0.9874686716791979,2024-01-11 23:34:23+00:00,walton_lighthouse-2024-01-11-233423Z
-13581283.796786103,4433879.651985069,-0.3516884,0.9899749373433584,2024-01-11 23:34:23+00:00,walton_lighthouse-2024-01-11-233423Z
-13581283.796786103,4433879.651985069,-0.3516884,0.9924812030075187,2024-01-11 23:34:23+00:00,walton_lighthouse-2024-01-11-233423Z
-13581283.796786103,4433879.651985069,-0.3516884,0.9949874686716791,2024-01-11 23:34:23+00:00,walton_lighthouse-2024-01-11-233423Z
-13581283.796786103,4433879.651985069,-0.3516884,0.9974937343358395,2024-01-11 23:34:23+00:00,walton_lighthouse-2024-01-11-233423Z
-13581283.796786103,4433879.651985069,-0.3516884,1.0,2024-01-11 23:34:23+00:00,walton_lighthouse-2024-01-11-233423Z
