ply
format ascii 1.0
element vertex 4800
property float x
property float y
property float z
element face 8778
property list uchar int vertex_indices
end_header
-13581929.508167489 4434053.492330163 1.9861953333333333
-13581928.06945628 4434051.659102895 1.9861953333333333
-13581926.63074506 4434049.825875635 1.9861953333333333
-13581925.192033818 4434047.992648379 1.9861953333333333
-13581923.374446398 4434047.42380448 1.9861953333333333
-13581921.540722707 4434046.90881055 1.9861953333333333
-13581919.706998976 4434046.39381661 1.9861953333333333
-13581917.87327524 4434045.878822665 1.9861953333333333
-13581916.039551515 4434045.363828725 1.9861953333333333
-13581914.205827815 4434044.848834792 1.9861953333333333
-13581912.372104108 4434044.333840859 1.9861953333333333
-13581910.763531968 4434043.06747232 1.9861953333333333
-13581909.319966968 4434041.250443072 1.9861953333333333
-13581907.876401989 4434039.433413814 1.9861953333333333
-13581906.078036254 4434038.800423423 1.9861953333333333
-13581904.241855904 4434038.293627703 1.9861953333333333
-13581902.405675553 4434037.7868319815 1.9861953333333333
-13581900.56949523 4434037.280036269 1.9861953333333333
-13581898.733314889 4434036.773240552 1.9861953333333333
-13581896.897134531 4434036.266444827 1.9861953333333333
-13581895.060954202 4434035.759649113 1.9861953333333333
-13581893.528142417 4434034.240453717 1.9861953333333333
-13581892.079997797 4434032.438707539 1.9861953333333333
-13581890.402382549 4434031.402749291 1.9861953333333333
-13581888.56415252 4434030.902793777 1.9861953333333333
-13581886.72592252 4434030.402838274 1.9861953333333333
-13581884.88769248 4434029.902882759 1.9861953333333333
-13581883.049462434 4434029.40292724 1.9861953333333333
-13581881.211232403 4434028.902971728 1.9861953333333333
-13581879.373002397 4434028.40301622 1.9861953333333333
-13581877.809948158 4434026.98474576 1.9861953333333333
-13581876.35747546 4434025.197443113 1.9861953333333333
-13581874.704758076 4434024.078395999 1.9861953333333333
-13581872.864441572 4434023.585403457 1.9861953333333333
-13581871.024125054 4434023.092410908 1.9861953333333333
-13581869.18380856 4434022.599418368 1.9861953333333333
-13581867.343492065 4434022.106425827 1.9861953333333333
-13581865.503175562 4434021.613433286 1.9861953333333333
-13581863.66285904 4434021.120440736 1.9861953333333333
-13581862.1594792 4434019.503025212 1.9861953333333333
-13581860.702909924 4434017.729393841 1.9861953333333333
-13581858.984565947 4434016.829355282 1.9861953333333333
-13581857.14212517 4434016.343451798 1.9861953333333333
-13581855.299684407 4434015.857548321 1.9861953333333333
-13581853.457243662 4434015.371644849 1.9861953333333333
-13581851.61480291 4434014.885741376 1.9861953333333333
-13581849.77236212 4434014.399837891 1.9861953333333333
-13581848.031898268 4434013.573617694 1.9861953333333333
-13581846.460217146 4434012.184136838 1.9861953333333333
-13581844.616819872 4434011.701425432 1.9861953333333333
-13581842.77342259 4434011.218714023 1.9861953333333333
-13581840.930025302 4434010.736002613 1.9861953333333333
-13581839.086628044 4434010.253291211 1.9861953333333333
-13581837.243230768 4434009.770579806 1.9861953333333333
-13581835.433511011 4434009.175479933 1.9861953333333333
-13581833.969372155 4434007.427109651 1.9861953333333333
-13581832.266231246 4434006.476335574 1.9861953333333333
-13581830.421384618 4434005.998460941 1.9861953333333333
-13581828.576537972 4434005.520586301 1.9861953333333333
-13581826.731691346 4434005.042711665 1.9861953333333333
-13581824.88684474 4434004.564837039 1.9861953333333333
-13581823.0419981 4434004.086962403 1.9861953333333333
-13581821.4347136 4434002.816296825 1.9861953333333333
-13581819.96707097 4434001.079619345 1.9861953333333333
-13581818.332353665 4433999.90050241 1.9861953333333333
-13581816.485299552 4433999.429994552 1.9861953333333333
-13581814.638245435 4433998.959486694 1.9861953333333333
-13581812.791191349 4433998.488978843 1.9861953333333333
-13581810.94413724 4433998.01847099 1.9861953333333333
-13581809.097083122 4433997.547963128 1.9861953333333333
-13581807.491608584 4433996.271257429 1.9861953333333333
-13581806.02063139 4433994.545708001 1.9861953333333333
-13581804.28607893 4433993.699760342 1.9861953333333333
-13581802.437028108 4433993.235915856 1.9861953333333333
-13581800.587977303 4433992.772071376 1.9861953333333333
-13581798.73892652 4433992.308226904 1.9861953333333333
-13581796.889875704 4433991.844382423 1.9861953333333333
-13581795.074410636 4433991.268455773 1.9861953333333333
-13581793.600256149 4433989.553509576 1.9861953333333333
-13581792.070854088 4433988.02293529 1.9861953333333333
-13581790.219773274 4433987.56586537 1.9861953333333333
-13581788.368692428 4433987.108795439 1.9861953333333333
-13581786.517611608 4433986.651725515 1.9861953333333333
-13581784.6665308 4433986.194655596 1.9861953333333333
-13581782.81544998 4433985.737585673 1.9861953333333333
-13581781.234264985 4433984.379821013 1.9861953333333333
-13581779.656595226 4433983.01032531 1.9861953333333333
-13581777.80396954 4433982.558410955 1.9861953333333333
-13581775.951343836 4433982.106496596 1.9861953333333333
-13581774.098718122 4433981.65458223 1.9861953333333333
-13581772.24609243 4433981.202667872 1.9861953333333333
-13581770.39906369 4433980.732075384 1.9861953333333333
-13581768.91898391 4433979.036903032 1.9861953333333333
-13581767.408724727 4433977.442445144 1.9861953333333333
-13581765.554008683 4433976.997506714 1.9861953333333333
-13581763.699292634 4433976.552568285 1.9861953333333333
-13581761.844576553 4433976.107629844 1.9861953333333333
-13581759.989860496 4433975.66269141 1.9861953333333333
-13581758.224747911 4433974.918728853 1.9861953333333333
-13581756.651062608 4433973.535936289 1.9861953333333333
-13581754.963013727 4433972.53479711 1.9861953333333333
-13581753.106706526 4433972.095168633 1.9861953333333333
-13581751.250399344 4433971.655540166 1.9861953333333333
-13581749.394092131 4433971.215911689 1.9861953333333333
-13581747.537784915 4433970.776283208 1.9861953333333333
-13581745.912933871 4433969.564240638 1.9861953333333333
-13581744.427439537 4433967.887137763 1.9861953333333333
-13581742.591283591 4433967.380260651 1.9861953333333333
-13581740.73309414 4433966.946913533 1.9861953333333333
-13581738.874904707 4433966.513566422 1.9861953333333333
-13581737.016715286 4433966.080219317 1.9861953333333333
-13581735.221372103 4433965.437142087 1.9861953333333333
-13581733.733341776 4433963.768502235 1.9861953333333333
-13581731.8843173 4433963.304569855 1.9861953333333333
-13581730.024766026 4433962.875767523 1.9861953333333333
-13581728.165214738 4433962.446965189 1.9861953333333333
-13581726.30566344 4433962.018162848 1.9861953333333333
-13581724.573491331 4433961.164271508 1.9861953333333333
-13581723.026644168 4433959.691914877 1.9861953333333333
-13581721.165716255 4433959.267706613 1.9861953333333333
-13581719.304788329 4433958.843498343 1.9861953333333333
-13581717.443860414 4433958.419290077 1.9861953333333333
-13581715.58293252 4433957.99508182 1.9861953333333333
-13581713.966639306 4433956.754480082 1.9861953333333333
-13581712.473845 4433955.101738527 1.9861953333333333
-13581710.698660228 4433954.39138881 1.9861953333333333
-13581708.83549838 4433953.974635614 1.9861953333333333
-13581706.972336529 4433953.557882416 1.9861953333333333
-13581705.109174673 4433953.141129216 1.9861953333333333
-13581703.398374202 4433952.215916603 1.9861953333333333
-13581701.903339686 4433950.570651102 1.9861953333333333
-13581700.3049146 4433949.270419942 1.9861953333333333
-13581698.439192371 4433948.8622112535 1.9861953333333333
-13581696.573470144 4433948.454002564 1.9861953333333333
-13581694.70774791 4433948.045793873 1.9861953333333333
-13581692.86644419 4433947.556095826 1.9861953333333333
-13581691.369256608 4433945.918015527 1.9861953333333333
-13581689.720033148 4433944.787308503 1.9861953333333333
-13581687.85228401 4433944.385863955 1.9861953333333333
-13581685.98453487 4433943.984419404 1.9861953333333333
-13581684.11678574 4433943.582974856 1.9861953333333333
-13581682.368769364 4433942.781958941 1.9861953333333333
-13581680.869510887 4433941.15078964 1.9861953333333333
-13581679.29530562 4433939.769732225 1.9861953333333333
-13581677.424903575 4433939.37714097 1.9861953333333333
-13581675.55450154 4433938.98454972 1.9861953333333333
-13581673.684099495 4433938.591958467 1.9861953333333333
-13581671.903425504 4433937.899927277 1.9861953333333333
-13581670.402173664 4433936.275410176 1.9861953333333333
-13581668.592133775 4433935.68137874 1.9861953333333333
-13581666.719933074 4433935.294789953 1.9861953333333333
-13581664.847732363 4433934.908201159 1.9861953333333333
-13581662.975531667 4433934.521612373 1.9861953333333333
-13581661.468629943 4433932.915950057 1.9861953333333333
-13581659.661663778 4433932.311660978 1.9861953333333333
-13581658.047708545 4433931.063256941 1.9861953333333333
-13581656.17307127 4433930.6847995045 1.9861953333333333
-13581654.298433991 4433930.306342068 1.9861953333333333
-13581652.567751318 4433929.447480109 1.9861953333333333
-13581651.062728642 4433927.835547049 1.9861953333333333
-13581649.276775232 4433927.161134352 1.9861953333333333
-13581647.399969094 4433926.7899148045 1.9861953333333333
-13581645.52316295 4433926.418695254 1.9861953333333333
-13581643.697800556 4433925.875797924 1.9861953333333333
-13581642.190992745 4433924.269822244 1.9861953333333333
-13581640.407311937 4433923.587825402 1.9861953333333333
-13581638.528618729 4433923.222903325 1.9861953333333333
-13581636.649925536 4433922.857981257 1.9861953333333333
-13581634.857161436 4433922.206297132 1.9861953333333333
-13581633.348630656 4433920.606071295 1.9861953333333333
-13581631.698397378 4433919.478734124 1.9861953333333333
-13581629.817146854 4433919.122346352 1.9861953333333333
-13581627.935896344 4433918.765958586 1.9861953333333333
-13581626.054645812 4433918.409570813 1.9861953333333333
-13581624.534133648 4433916.849329137 1.9861953333333333
-13581622.80428682 4433915.987677856 1.9861953333333333
-13581620.921086645 4433915.6377964895 1.9861953333333333
-13581619.03788646 4433915.287915123 1.9861953333333333
-13581617.257897276 4433914.593598558 1.9861953333333333
-13581615.746094598 4433913.004291678 1.9861953333333333
-13581613.983472832 4433912.252016754 1.9861953333333333
-13581612.183466312 4433911.6245019855 1.9861953333333333
-13581610.29762324 4433911.283440416 1.9861953333333333
-13581608.496556912 4433910.659462413 1.9861953333333333
-13581606.951493949 4433909.181151584 1.9861953333333333
-13581605.063973362 4433908.845688221 1.9861953333333333
-13581603.176452767 4433908.510224853 1.9861953333333333
-13581601.288932197 4433908.174761495 1.9861953333333333
-13581599.759081518 4433906.645684263 1.9861953333333333
-13581597.936086776 4433906.094885616 1.9861953333333333
-13581596.046868458 4433905.765087909 1.9861953333333333
-13581594.15765015 4433905.435290205 1.9861953333333333
-13581592.560641192 4433904.13033322 1.9861953333333333
-13581590.71515862 4433903.654580795 1.9861953333333333
-13581588.824567322 4433903.329365 1.9861953333333333
-13581586.933976028 4433903.004149211 1.9861953333333333
-13581585.38666366 4433901.533345056 1.9861953333333333
-13581583.654518528 4433900.67936365 1.9861953333333333
-13581581.761842627 4433900.36110455 1.9861953333333333
-13581579.86916674 4433900.042845456 1.9861953333333333
-13581578.226955753 4433898.888736395 1.9861953333333333
-13581576.33322607 4433898.573993959 1.9861953333333333
-13581574.4394964 4433898.25925153 1.9861953333333333
-13581572.628026769 4433897.669991398 1.9861953333333333
-13581570.90010209 4433896.801925538 1.9861953333333333
-13581569.00531086 4433896.490725694 1.9861953333333333
-13581567.110519638 4433896.179525854 1.9861953333333333
-13581565.522159029 4433894.845707683 1.9861953333333333
-13581563.648838649 4433894.462855453 1.9861953333333333
-13581561.752619788 4433894.156419889 1.9861953333333333
-13581559.959504504 4433893.505907725 1.9861953333333333
-13581558.4365558 4433891.953797326 1.9861953333333333
-13581556.717987487 4433891.054507465 1.9861953333333333
-13581554.818870638 4433890.757743038 1.9861953333333333
-13581552.919753809 4433890.460978621 1.9861953333333333
-13581551.348154608 4433889.071224325 1.9861953333333333
-13581549.44756698 4433888.77936819 1.9861953333333333
-13581547.54697936 4433888.487512062 1.9861953333333333
-13581545.847973114 4433887.5229398 1.9861953333333333
-13581543.98915417 4433887.091693497 1.9861953333333333
-13581542.087453736 4433886.803550999 1.9861953333333333
-13581540.345649682 4433885.981803314 1.9861953333333333
-13581538.819174234 4433884.441462353 1.9861953333333333
-13581536.94685767 4433884.055260198 1.9861953333333333
-13581535.04252775 4433883.775892815 1.9861953333333333
-13581533.334931346 4433882.839987559 1.9861953333333333
-13581531.637545032 4433881.870009291 1.9861953333333333
-13581529.73130813 4433881.597005921 1.9861953333333333
-13581527.869114315 4433881.17702216 1.9861953333333333
-13581526.321905954 4433879.705870906 1.9861953333333333
-13581524.413737549 4433879.439313357 1.9861953333333333
-13581522.505569132 4433879.172755805 1.9861953333333333
-13581520.89125616 4433877.925545634 1.9861953333333333
-13581519.361542204 4433876.396012139 1.9861953333333333
-13581517.502102464 4433875.966837575 1.9861953333333333
-13581515.590394031 4433875.712093739 1.9861953333333333
-13581513.928315343 4433874.624287015 1.9861953333333333
-13581512.168887036 4433873.861354899 1.9861953333333333
-13581510.255175892 4433873.613294513 1.9861953333333333
-13581508.511428216 4433872.798033066 1.9861953333333333
-13581506.82887184 4433871.7785643535 1.9861953333333333
-13581504.913131593 4433871.537275484 1.9861953333333333
-13581503.110239258 4433870.919391271 1.9861953333333333
-13581501.577541118 4433869.399816571 1.9861953333333333
-13581499.724893969 4433868.947973767 1.9861953333333333
-13581497.80626764 4433868.716316315 1.9861953333333333
-13581496.19049861 4433867.473965321 1.9861953333333333
-13581494.448942814 4433866.651389127 1.9861953333333333
-13581492.527799582 4433866.428131038 1.9861953333333333
-13581490.81799258 4433865.499603006 1.9861953333333333
-13581489.004675774 4433864.916507243 1.9861953333333333
-13581487.081831992 4433864.698924211 1.9861953333333333
-13581485.459473846 4433863.478562374 1.9861953333333333
-13581483.924017016 4433861.968193982 1.9861953333333333
-13581482.028577363 4433861.65915809 1.9861953333333333
-13581480.114420542 4433861.412584977 1.9861953333333333
-13581478.575710077 4433859.913074595 1.9861953333333333
-13581476.646767223 4433859.715845407 1.9861953333333333
-13581474.782336464 4433859.303326801 1.9861953333333333
-13581473.188324874 4433857.988366977 1.9861953333333333
-13581471.257146517 4433857.798598065 1.9861953333333333
-13581469.462749455 4433857.15236346 1.9861953333333333
-13581467.873305036 4433855.822162137 1.9861953333333333
-13581466.01947683 4433855.374260726 1.9861953333333333
-13581464.15521002 4433854.961195003 1.9861953333333333
-13581462.549881676 4433853.684001421 1.9861953333333333
-13581460.613209844 4433853.512565307 1.9861953333333333
-13581458.859289989 4433852.731250383 1.9861953333333333
-13581456.97784045 4433852.375526742 1.9861953333333333
-13581455.114974027 4433851.957787677 1.9861953333333333
-13581453.574581206 4433850.463891646 1.9861953333333333
-13581451.716855405 4433850.028997289 1.9861953333333333
-13581449.841843266 4433849.65179082 1.9861953333333333
-13581448.300694425 4433848.160417773 1.9861953333333333
-13581446.367055325 4433847.978860845 1.9861953333333333
-13581444.579145778 4433847.310976094 1.9861953333333333
-13581443.037258225 4433845.822068302 1.9861953333333333
-13581441.247984374 4433845.158736536 1.9861953333333333
-13581439.326527532 4433844.936525004 1.9861953333333333
-13581437.78391796 4433843.450026699 1.9861953333333333
-13581435.87906926 4433843.172390636 1.9861953333333333
-13581434.08365033 4433842.529566186 1.9861953333333333
-13581432.374641769 4433841.598373565 1.9861953333333333
-13581430.42031744 4433841.485847224 1.9861953333333333
-13581428.85019092 4433840.091178342 1.9861953333333333
-13581426.908914782 4433839.935107673 1.9861953333333333
-13581425.170521025 4433839.101979143 1.9861953333333333
-13581423.312935209 4433838.666617659 1.9861953333333333
-13581421.500985196 4433838.078960641 1.9861953333333333
-13581419.632587962 4433837.67967895 1.9861953333333333
-13581417.841257932 4433837.023209025 1.9861953333333333
-13581416.027342549 4433836.442110832 1.9861953333333333
-13581414.143617157 4433836.093982196 1.9861953333333333
-13581412.180285435 4433836.011515285 1.9861953333333333
-13581410.549995452 4433834.81762349 1.9861953333333333
-13581408.644357216 4433834.542622237 1.9861953333333333
-13581406.91395053 4433833.6828393405 1.9861953333333333
-13581404.946216997 4433833.615062159 1.9861953333333333
-13581403.134569963 4433833.026393988 1.9861953333333333
-13581401.228307214 4433832.75347687 1.9861953333333333
-13581399.429434627 4433832.122177958 1.9861953333333333
-13581397.62189081 4433831.5198166175 1.9861953333333333
-13581395.719684826 4433831.233361247 1.9861953333333333
-13581394.02334189 4433830.259900993 1.9861953333333333
-13581392.082423387 4433830.102636858 1.9861953333333333
-13581390.432427734 4433828.974506722 1.9861953333333333
-13581388.517006291 4433828.732153913 1.9861953333333333
-13581386.770904228 4433827.924749528 1.9861953333333333
-13581384.824381689 4433827.786187131 1.9861953333333333
-13581383.197000436 4433826.582588358 1.9861953333333333
-13581381.25558079 4433826.426996587 1.9861953333333333
-13581379.462635364 4433825.775917601 1.9861953333333333
-13581377.6935605 4433825.045177893 1.9861953333333333
-13581375.723201005 4433824.986164022 1.9861953333333333
-13581373.96634022 4433824.214663562 1.9861953333333333
-13581372.142877463 4433823.665426802 1.9861953333333333
-13581370.218413314 4433823.453251286 1.9861953333333333
-13581368.380482648 4433822.952296721 1.9861953333333333
-13581366.619012523 4433822.19617852 1.9861953333333333
-13581364.852141071 4433821.458085635 1.9861953333333333
-13581362.933267225 4433821.227254167 1.9861953333333333
-13581361.088999595 4433820.747447274 1.9861953333333333
-13581359.158409666 4433820.555714663 1.9861953333333333
-13581357.245236866 4433820.30585774 1.9861953333333333
-13581355.396460503 4433819.841097405 1.9861953333333333
-13581353.546052694 4433819.38178147 1.9861953333333333
-13581351.61963154 4433819.176136845 1.9861953333333333
-13581349.813405251 4433818.569378668 1.9861953333333333
-13581347.88071895 4433818.384642064 1.9861953333333333
-13581346.053923026 4433817.846528714 1.9861953333333333
-13581344.268957503 4433817.168819197 1.9861953333333333
-13581342.472782155 4433816.528519089 1.9861953333333333
-13581340.693463037 4433815.831966447 1.9861953333333333
-13581338.977001794 4433814.925644854 1.9861953333333333
-13581337.084309705 4433814.607439813 1.9861953333333333
-13581335.177143866 4433814.337536472 1.9861953333333333
-13581333.445355296 4433813.482365179 1.9861953333333333
-13581331.646800715 4433812.850004968 1.9861953333333333
-13581329.816478975 4433812.323657988 1.9861953333333333
-13581328.192135146 4433811.109922767 1.9861953333333333
-13581326.362032838 4433810.582843436 1.9861953333333333
-13581324.580502976 4433809.893668476 1.9861953333333333
-13581322.911431553 4433808.829197912 1.9861953333333333
-13581321.18554826 4433807.954319556 1.9861953333333333
-13581319.447790448 4433807.11906876 1.9861953333333333
-13581317.583672743 4433806.705505424 1.9861953333333333
-13581315.73802405 4433806.230307462 1.9861953333333333
-13581313.993265737 4433805.418418708 1.9861953333333333
-13581312.271575669 4433804.529546721 1.9861953333333333
-13581310.40280708 4433804.131504315 1.9861953333333333
-13581308.746105248 4433803.025754016 1.9861953333333333
-13581306.97443062 4433802.303690224 1.9861953333333333
-13581305.236754917 4433801.46816541 1.9861953333333333
-13581303.549306422 4433800.465022676 1.9861953333333333
-13581301.69157013 4433800.030163383 1.9861953333333333
-13581299.837556172 4433799.582881887 1.9861953333333333
-13581298.03219079 4433798.973250656 1.9861953333333333
-13581296.18500242 4433798.503190867 1.9861953333333333
-13581294.2970416 4433798.169196674 1.9861953333333333
-13581292.638500048 4433797.069585875 1.9861953333333333
-13581290.703680614 4433796.8919679085 1.9861953333333333
-13581288.92278362 4433796.200680942 1.9861953333333333
-13581286.981709355 4433796.043936599 1.9861953333333333
-13581285.13010488 4433795.588614224 1.9861953333333333
-13581283.306176938 4433795.04092986 1.9861953333333333
-13581281.452471755 4433794.5926179215 1.9861953333333333
-13581279.654956268 4433793.956790117 1.9861953333333333
-13581277.852156851 4433793.338595774 1.9861953333333333
-13581276.0398719 4433792.752056492 1.9861953333333333
-13581274.230352096 4433792.156289422 1.9861953333333333
-13581272.27182866 4433792.057776325 1.9861953333333333
-13581270.386949947 4433791.713496506 1.9861953333333333
-13581268.588192103 4433791.081814646 1.9861953333333333
-13581266.733869528 4433790.635563113 1.9861953333333333
-13581264.826882698 4433790.3650624 1.9861953333333333
-13581264.826882698 4433790.3650624 1.9861953333333333
-13581264.826882698 4433790.3650624 1.9861953333333333
-13581264.826882698 4433790.3650624 1.9861953333333333
-13581264.826882698 4433790.3650624 1.9861953333333333
-13581264.826882698 4433790.3650624 1.9861953333333333
-13581264.826882698 4433790.3650624 1.9861953333333333
-13581264.826882698 4433790.3650624 1.9861953333333333
-13581264.826882698 4433790.3650624 1.9861953333333333
-13581264.826882698 4433790.3650624 1.9861953333333333
-13581264.826882698 4433790.3650624 1.9861953333333333
-13581264.826882698 4433790.3650624 1.9861953333333333
-13581264.826882698 4433790.3650624 1.9861953333333333
-13581264.826882698 4433790.3650624 1.9861953333333333
-13581264.826882698 4433790.3650624 1.9861953333333333
-13581264.826882698 4433790.3650624 1.9861953333333333
-13581264.826882698 4433790.3650624 1.9861953333333333
-13581264.826882698 4433790.3650624 1.9861953333333333
-13581264.826882698 4433790.3650624 1.9861953333333333
-13581264.826882698 4433790.3650624 1.9861953333333333
-13581264.826882698 4433790.3650624 1.9861953333333333
-13581264.826882698 4433790.3650624 1.9861953333333333
-13581264.826882698 4433790.3650624 1.9861953333333333
-13581264.826882698 4433790.3650624 1.9861953333333333
-13581264.826882698 4433790.3650624 1.9861953333333333
-13581264.826882698 4433790.3650624 1.9861953333333333
-13581928.533612344 4434056.74460969 1.8893028
-13581926.704859652 4434056.213026488 1.8893028
-13581924.876106955 4434055.681443286 1.8893028
-13581923.047354236 4434055.149860076 1.8893028
-13581921.21860154 4434054.618276871 1.8893028
-13581919.424922014 4434053.969647808 1.8893028
-13581917.981356995 4434052.152618567 1.8893028
-13581916.537791971 4434050.335589326 1.8893028
-13581914.913394578 4434049.12203284 1.8893028
-13581913.082291784 4434048.598292437 1.8893028
-13581911.25118898 4434048.074552035 1.8893028
-13581909.420086132 4434047.550811617 1.8893028
-13581907.58898332 4434047.027071209 1.8893028
-13581905.757880524 4434046.503330806 1.8893028
-13581903.926777711 4434045.9795904 1.8893028
-13581902.217010116 4434045.050930798 1.8893028
-13581900.768865485 4434043.249184624 1.8893028
-13581899.320720889 4434041.447438438 1.8893028
-13581897.872576268 4434039.645692261 1.8893028
-13581896.333379028 4434038.14780628 1.8893028
-13581894.498545196 4434037.636517037 1.8893028
-13581892.663711362 4434037.125227792 1.8893028
-13581890.82887752 4434036.613938546 1.8893028
-13581888.99404366 4434036.102649293 1.8893028
-13581887.15920982 4434035.591360046 1.8893028
-13581885.324376006 4434035.0800708085 1.8893028
-13581883.619838793 4434034.133956407 1.8893028
-13581882.167366108 4434032.346653754 1.8893028
-13581880.714893447 4434030.559351093 1.8893028
-13581879.262420809 4434028.772048425 1.8893028
-13581877.534772376 4434027.903060713 1.8893028
-13581875.69654232 4434027.403105191 1.8893028
-13581873.858312309 4434026.903149683 1.8893028
-13581872.02008228 4434026.403194172 1.8893028
-13581870.228274876 4434025.748317299 1.8893028
-13581868.38992986 4434025.248745561 1.8893028
-13581866.56348231 4434024.709469647 1.8893028
-13581865.072617833 4434023.050287928 1.8893028
-13581863.616048506 4434021.276656574 1.8893028
-13581861.82254254 4434020.627448192 1.8893028
-13581859.982226064 4434020.134455656 1.8893028
-13581858.23479046 4434019.331501504 1.8893028
-13581856.394239796 4434018.839290339 1.8893028
-13581854.553689148 4434018.347079179 1.8893028
-13581852.71313852 4434017.8548680255 1.8893028
-13581850.952803554 4434017.094961616 1.8893028
-13581849.492350891 4434015.33428966 1.8893028
-13581848.031898266 4434013.573617696 1.8893028
-13581846.273473114 4434012.807337894 1.8893028
-13581844.43055506 4434012.3230272345 1.8893028
-13581842.587636998 4434011.838716572 1.8893028
-13581840.744718932 4434011.354405908 1.8893028
-13581838.901800895 4434010.870095252 1.8893028
-13581837.05888284 4434010.385784593 1.8893028
-13581835.43351101 4434009.175479934 1.8893028
-13581833.969372155 4434007.427109652 1.8893028
-13581832.173564484 4434006.785582532 1.8893028
-13581830.32896064 4434006.3068976775 1.8893028
-13581828.48435678 4434005.828212816 1.8893028
-13581826.63975294 4434005.349527959 1.8893028
-13581824.79514912 4434004.870843112 1.8893028
-13581822.950545266 4434004.392158254 1.8893028
-13581821.4347136 4434002.816296824 1.8893028
-13581819.96707097 4434001.079619344 1.8893028
-13581818.499428324 4433999.342941877 1.8893028
-13581816.670186056 4433998.812992437 1.8893028
-13581814.822635842 4433998.344140149 1.8893028
-13581812.975085655 4433997.875287869 1.8893028
-13581811.127535451 4433997.4064355865 1.8893028
-13581809.279985236 4433996.937583297 1.8893028
-13581807.491608584 4433996.271257428 1.8893028
-13581806.020631392 4433994.545708 1.8893028
-13581804.549654191 4433992.820158574 1.8893028
-13581802.805645945 4433992.005766651 1.8893028
-13581801.0479638 4433991.237007228 1.8893028
-13581799.197648214 4433990.777383648 1.8893028
-13581797.347332597 4433990.317760058 1.8893028
-13581795.497016974 4433989.858136464 1.8893028
-13581793.646701364 4433989.398512876 1.8893028
-13581792.126101676 4433987.8385633705 1.8893028
-13581790.651947197 4433986.123617173 1.8893028
-13581789.01223761 4433984.961160358 1.8893028
-13581787.159352535 4433984.510111576 1.8893028
-13581785.306467475 4433984.059062799 1.8893028
-13581783.453582402 4433983.608014019 1.8893028
-13581781.600697322 4433983.156965236 1.8893028
-13581779.757079588 4433982.674989504 1.8893028
-13581778.27989422 4433980.970157994 1.8893028
-13581776.77454636 4433979.359310128 1.8893028
-13581774.9195665 4433978.915251995 1.8893028
-13581773.064586664 4433978.471193871 1.8893028
-13581771.209606824 4433978.027135745 1.8893028
-13581769.35462698 4433977.583077618 1.8893028
-13581767.499647122 4433977.139019486 1.8893028
-13581765.958824351 4433975.646558318 1.8893028
-13581764.427854026 4433974.1212176215 1.8893028
-13581762.571011892 4433973.683374236 1.8893028
-13581760.71416978 4433973.245530859 1.8893028
-13581758.85732768 4433972.807687487 1.8893028
-13581757.000485566 4433972.369844111 1.8893028
-13581755.168215906 4433971.849997643 1.8893028
-13581753.685369218 4433970.164059002 1.8893028
-13581751.97326805 4433969.243187089 1.8893028
-13581750.11480741 4433968.810745029 1.8893028
-13581748.256346764 4433968.3783029625 1.8893028
-13581746.39788613 4433967.945860903 1.8893028
-13581744.53942551 4433967.513418847 1.8893028
-13581742.941945191 4433966.210034887 1.8893028
-13581741.363024749 4433964.844712928 1.8893028
-13581739.502924597 4433964.41774226 1.8893028
-13581737.642824454 4433963.990771597 1.8893028
-13581735.782724302 4433963.563800931 1.8893028
-13581733.922624145 4433963.136830262 1.8893028
-13581732.245311446 4433962.09986238 1.8893028
-13581730.605001194 4433960.939410239 1.8893028
-13581728.743657298 4433960.516590181 1.8893028
-13581726.882313391 4433960.093770116 1.8893028
-13581725.020969504 4433959.670950058 1.8893028
-13581723.159625616 4433959.24813 1.8893028
-13581721.592568312 4433957.843218517 1.8893028
-13581720.014469454 4433956.475154793 1.8893028
-13581718.151307607 4433956.058401594 1.8893028
-13581716.28814578 4433955.641648404 1.8893028
-13581714.424983922 4433955.224895205 1.8893028
-13581712.561822064 4433954.808142003 1.8893028
-13581710.981050722 4433953.44899696 1.8893028
-13581709.454817604 4433951.907847256 1.8893028
-13581707.58966873 4433951.497725129 1.8893028
-13581705.724519854 4433951.087603001 1.8893028
-13581703.859371 4433950.677480878 1.8893028
-13581701.994222132 4433950.267358755 1.8893028
-13581700.40830516 4433948.925385604 1.8893028
-13581698.61523679 4433948.2747168895 1.8893028
-13581696.748938655 4433947.868430111 1.8893028
-13581694.882640516 4433947.46214333 1.8893028
-13581693.016342364 4433947.0558565445 1.8893028
-13581691.369256608 4433945.918015526 1.8893028
-13581689.720033148 4433944.787308503 1.8893028
-13581687.85228401 4433944.385863955 1.8893028
-13581685.98453487 4433943.984419404 1.8893028
-13581684.11678574 4433943.582974856 1.8893028
-13581682.368769364 4433942.78195894 1.8893028
-13581680.869510887 4433941.150789641 1.8893028
-13581679.120214611 4433940.354044879 1.8893028
-13581677.250406737 4433939.959470768 1.8893028
-13581675.38059887 4433939.564896662 1.8893028
-13581673.510790994 4433939.170322552 1.8893028
-13581671.903425504 4433937.899927279 1.8893028
-13581670.116191806 4433937.229787098 1.8893028
-13581668.245192925 4433936.839187646 1.8893028
-13581666.374194032 4433936.448588192 1.8893028
-13581664.503195127 4433936.05798873 1.8893028
-13581662.97180185 4433934.534059497 1.8893028
-13581661.10333097 4433934.1350235855 1.8893028
-13581659.231130268 4433933.748434797 1.8893028
-13581657.444343569 4433933.076802881 1.8893028
-13581655.57779669 4433932.671346231 1.8893028
-13581654.0405087 4433931.167088798 1.8893028
-13581652.252263729 4433930.500323386 1.8893028
-13581650.378239758 4433930.119819199 1.8893028
-13581648.504215796 4433929.739315016 1.8893028
-13581646.71141622 4433929.087749279 1.8893028
-13581645.204608388 4433927.481773603 1.8893028
-13581643.646356802 4433926.047475703 1.8893028
-13581641.769550676 4433925.676256159 1.8893028
-13581639.892744534 4433925.305036613 1.8893028
-13581638.015938384 4433924.93381706 1.8893028
-13581636.365692211 4433923.806522977 1.8893028
-13581634.685923189 4433922.777752376 1.8893028
-13581632.807546323 4433922.411774647 1.8893028
-13581630.929169448 4433922.045796911 1.8893028
-13581629.064717868 4433921.633347803 1.8893028
-13581627.554523148 4433920.03867491 1.8893028
-13581625.88423974 4433918.978248928 1.8893028
-13581624.00363302 4433918.61971262 1.8893028
-13581622.123026306 4433918.261176317 1.8893028
-13581620.281502653 4433917.772212316 1.8893028
-13581618.769699976 4433916.182905437 1.8893028
-13581616.900647242 4433915.785811208 1.8893028
-13581615.018425323 4433915.432665165 1.8893028
-13581613.136203416 4433915.079519127 1.8893028
-13581611.523271693 4433913.827699479 1.8893028
-13581609.873787632 4433912.697862045 1.8893028
-13581607.989602225 4433912.351268526 1.8893028
-13581606.10541683 4433912.004675013 1.8893028
-13581604.303665876 4433911.382981757 1.8893028
-13581602.75425097 4433909.919194135 1.8893028
-13581600.868407916 4433909.578132574 1.8893028
-13581598.982564842 4433909.237071007 1.8893028
-13581597.109593133 4433908.853055187 1.8893028
-13581595.459578002 4433907.724990054 1.8893028
-13581593.57273084 4433907.387279385 1.8893028
-13581591.685883673 4433907.049568716 1.8893028
-13581589.939845445 4433906.241951233 1.8893028
-13581588.158632634 4433905.551718199 1.8893028
-13581586.27077414 4433905.217382535 1.8893028
-13581584.382915638 4433904.883046868 1.8893028
-13581582.79328978 4433903.55345101 1.8893028
-13581580.933121927 4433903.126706247 1.8893028
-13581579.04390362 4433902.796908542 1.8893028
-13581577.189280229 4433902.351660868 1.8893028
-13581575.50889318 4433901.3249526825 1.8893028
-13581573.618646376 4433900.998587258 1.8893028
-13581571.72839957 4433900.672221833 1.8893028
-13581570.08024367 4433899.53795209 1.8893028
-13581568.188960869 4433899.215043936 1.8893028
-13581566.297678076 4433898.892135785 1.8893028
-13581564.52835067 4433898.1622389145 1.8893028
-13581562.835083684 4433897.178513587 1.8893028
-13581560.942407783 4433896.860254484 1.8893028
-13581559.049731888 4433896.541995385 1.8893028
-13581557.39592933 4433895.426569673 1.8893028
-13581555.50219966 4433895.111827246 1.8893028
-13581553.60846997 4433894.797084808 1.8893028
-13581551.949308138 4433893.699544032 1.8893028
-13581550.05739864 4433893.378727319 1.8893028
-13581548.162607407 4433893.067527476 1.8893028
-13581546.424954556 4433892.231926444 1.8893028
-13581544.52945128 4433891.92310288 1.8893028
-13581542.633948 4433891.614279316 1.8893028
-13581540.972385094 4433890.524751314 1.8893028
-13581539.07580713 4433890.219514182 1.8893028
-13581537.17922918 4433889.914277057 1.8893028
-13581535.512435684 4433888.842204556 1.8893028
-13581533.77261791 4433888.013828232 1.8893028
-13581531.874230975 4433887.714627983 1.8893028
-13581530.06953987 4433887.10274662 1.8893028
-13581528.23123492 4433886.603041147 1.8893028
-13581526.332118068 4433886.306276719 1.8893028
-13581524.64346325 4433885.307159725 1.8893028
-13581522.916183362 4433884.436942104 1.8893028
-13581521.01522574 4433884.146320745 1.8893028
-13581519.233536728 4433883.457676876 1.8893028
-13581517.365348237 4433883.0576985385 1.8893028
-13581515.463647824 4433882.769556047 1.8893028
-13581513.713259028 4433881.976457302 1.8893028
-13581511.81081205 4433881.69080617 1.8893028
-13581509.993271723 4433881.121805129 1.8893028
-13581508.23094146 4433880.368557387 1.8893028
-13581506.327367589 4433880.086666964 1.8893028
-13581504.629039058 4433879.119832982 1.8893028
-13581502.818375424 4433878.52788306 1.8893028
-13581500.91328564 4433878.251051575 1.8893028
-13581499.278585328 4433877.071877907 1.8893028
-13581497.399717756 4433876.707537728 1.8893028
-13581495.49309653 4433876.435816934 1.8893028
-13581493.883042902 4433875.174392526 1.8893028
-13581491.974874483 4433874.907834966 1.8893028
-13581490.154166508 4433874.349404947 1.8893028
-13581488.305629358 4433873.88384633 1.8893028
-13581486.396681368 4433873.6198903695 1.8893028
-13581484.707444344 4433872.622716274 1.8893028
-13581482.797319436 4433872.362687937 1.8893028
-13581481.03303907 4433871.615948065 1.8893028
-13581479.122124456 4433871.358555118 1.8893028
-13581477.334716644 4433870.688995978 1.8893028
-13581475.516909605 4433870.120884994 1.8893028
-13581473.604802731 4433869.867470889 1.8893028
-13581471.908606062 4433868.893522491 1.8893028
-13581469.995297546 4433868.644118418 1.8893028
-13581468.297177317 4433867.676589336 1.8893028
-13581466.382657737 4433867.431226894 1.8893028
-13581464.623684118 4433866.666777381 1.8893028
-13581462.838297024 4433865.990474686 1.8893028
-13581460.923061552 4433865.747501276 1.8893028
-13581459.290403698 4433864.5615115855 1.8893028
-13581457.37260743 4433864.327084049 1.8893028
-13581455.69006637 4433863.307564238 1.8893028
-13581453.819460366 4433862.915653612 1.8893028
-13581452.01027605 4433862.318766959 1.8893028
-13581450.121216465 4433861.988439539 1.8893028
-13581448.34073327 4433861.295771608 1.8893028
-13581446.420362104 4433861.069937019 1.8893028
-13581444.68110538 4433860.239688409 1.8893028
-13581442.926482145 4433859.460720813 1.8893028
-13581441.0310739 4433859.151580061 1.8893028
-13581439.358620496 4433858.09839584 1.8893028
-13581437.503335066 4433857.655357523 1.8893028
-13581435.843713488 4433856.559350916 1.8893028
-13581433.92972689 4433856.312209772 1.8893028
-13581432.141434316 4433855.645603322 1.8893028
-13581430.213377075 4433855.445418642 1.8893028
-13581428.492418025 4433854.5541071175 1.8893028
-13581426.563030517 4433854.358361772 1.8893028
-13581424.97256069 4433853.031582445 1.8893028
-13581423.11554143 4433852.594330239 1.8893028
-13581421.365601111 4433851.799734807 1.8893028
-13581419.525752291 4433851.305181537 1.8893028
-13581417.766599128 4433850.541331202 1.8893028
-13581416.000640662 4433849.80019147 1.8893028
-13581414.175316935 4433849.257165088 1.8893028
-13581412.436611684 4433848.425076103 1.8893028
-13581410.591526208 4433847.947998599 1.8893028
-13581409.006200189 4433846.604053344 1.8893028
-13581407.06480676 4433846.448374063 1.8893028
-13581405.463770283 4433845.156857668 1.8893028
-13581403.523711847 4433844.996723333 1.8893028
-13581401.854861358 4433843.93151547 1.8893028
-13581399.977845749 4433843.5609949045 1.8893028
-13581398.330669235 4433842.42345676 1.8893028
-13581396.565208023 4433841.680657623 1.8893028
-13581394.774225565 4433841.02302782 1.8893028
-13581392.94033147 4433840.508602415 1.8893028
-13581391.224266477 4433839.600958491 1.8893028
-13581389.414081443 4433839.007411435 1.8893028
-13581387.680610895 4433838.157853206 1.8893028
-13581385.951946266 4433837.292256678 1.8893028
-13581384.143084353 4433836.694294098 1.8893028
-13581382.242093692 4433836.40378299 1.8893028
-13581380.48889402 4433835.620064666 1.8893028
-13581378.640937047 4433835.152569833 1.8893028
-13581377.085752254 4433833.708037515 1.8893028
-13581375.15190638 4433833.527170624 1.8893028
-13581373.462480407 4433832.530627087 1.8893028
-13581371.607081069 4433832.087968911 1.8893028
-13581369.940838233 4433831.014058785 1.8893028
-13581368.098234285 4433830.528699897 1.8893028
-13581366.274251437 4433829.981198748 1.8893028
-13581364.57764214 4433829.008627392 1.8893028
-13581362.653377073 4433828.795787532 1.8893028
-13581360.71793159 4433828.620258827 1.8893028
-13581359.061723076 4433827.5128621925 1.8893028
-13581357.22990518 4433826.991508152 1.8893028
-13581355.445982104 4433826.310319833 1.8893028
-13581353.746550592 4433825.347166765 1.8893028
-13581351.892816529 4433824.898951176 1.8893028
-13581350.044584995 4433824.432372621 1.8893028
-13581348.263755783 4433823.740859478 1.8893028
-13581346.44288996 4433823.182956254 1.8893028
-13581344.558987476 4433822.835418569 1.8893028
-13581342.841727052 4433821.931764008 1.8893028
-13581340.984889232 4433821.493906334 1.8893028
-13581339.181708312 4433820.876985147 1.8893028
-13581337.29063701 4433820.553371189 1.8893028
-13581335.54121952 4433819.757031028 1.8893028
-13581333.842499398 4433818.791503909 1.8893028
-13581332.017314697 4433818.248013617 1.8893028
-13581330.2871487 4433817.387427433 1.8893028
-13581328.519552829 4433816.65175208 1.8893028
-13581326.64524447 4433816.272196963 1.8893028
-13581325.08264011 4433814.85242509 1.8893028
-13581323.212120363 4433814.460226625 1.8893028
-13581321.345630849 4433814.054578537 1.8893028
-13581319.78237031 4433812.636996509 1.8893028
-13581317.91949902 4433812.2192736445 1.8893028
-13581316.355917815 4433810.802761728 1.8893028
-13581314.496585822 4433810.373227593 1.8893028
-13581312.932688763 4433808.957769749 1.8893028
-13581311.368791703 4433807.542311904 1.8893028
-13581309.525821935 4433807.058173831 1.8893028
-13581307.948402973 4433805.687841218 1.8893028
-13581306.309603067 4433804.5223487085 1.8893028
-13581304.53110048 4433803.823071116 1.8893028
-13581302.865526706 4433802.746928201 1.8893028
-13581301.116816385 4433801.9482281 1.8893028
-13581299.270599252 4433801.474927083 1.8893028
-13581297.427857338 4433800.990028594 1.8893028
-13581295.645779902 4433800.302680985 1.8893028
-13581293.752502162 4433799.986430388 1.8893028
-13581291.919745635 4433799.468208742 1.8893028
-13581290.090177655 4433798.939346253 1.8893028
-13581288.263731549 4433798.400065522 1.8893028
-13581286.440342445 4433797.850582984 1.8893028
-13581284.424924737 4433797.941937124 1.8893028
-13581282.707558485 4433797.038635735 1.8893028
-13581280.835560275 4433796.651371169 1.8893028
-13581278.960176716 4433796.275404225 1.8893028
-13581277.081342813 4433795.910951719 1.8893028
-13581275.094282309 4433795.907672348 1.8893028
-13581273.16289462 4433795.718602044 1.8893028
-13581271.199088829 4433795.637717192 1.8893028
-13581269.306181952 4433795.320228908 1.8893028
-13581267.33564819 4433795.261796611 1.8893028
-13581265.282303547 4433795.479720308 1.8893028
-13581263.505900318 4433794.773436796 1.8893028
-13581261.622746276 4433794.423401381 1.8893028
-13581261.622746276 4433794.423401381 1.8893028
-13581261.622746276 4433794.423401381 1.8893028
-13581261.622746276 4433794.423401381 1.8893028
-13581261.622746276 4433794.423401381 1.8893028
-13581261.622746276 4433794.423401381 1.8893028
-13581261.622746276 4433794.423401381 1.8893028
-13581261.622746276 4433794.423401381 1.8893028
-13581261.622746276 4433794.423401381 1.8893028
-13581261.622746276 4433794.423401381 1.8893028
-13581261.622746276 4433794.423401381 1.8893028
-13581261.622746276 4433794.423401381 1.8893028
-13581261.622746276 4433794.423401381 1.8893028
-13581261.622746276 4433794.423401381 1.8893028
-13581261.622746276 4433794.423401381 1.8893028
-13581261.622746276 4433794.423401381 1.8893028
-13581261.622746276 4433794.423401381 1.8893028
-13581261.622746276 4433794.423401381 1.8893028
-13581261.622746276 4433794.423401381 1.8893028
-13581261.622746276 4433794.423401381 1.8893028
-13581261.622746276 4433794.423401381 1.8893028
-13581261.622746276 4433794.423401381 1.8893028
-13581261.622746276 4433794.423401381 1.8893028
-13581261.622746276 4433794.423401381 1.8893028
-13581261.622746276 4433794.423401381 1.8893028
-13581929.508167489 4434053.492330167 1.7407297333333334
-13581928.014766255 4434051.841614105 1.7407297333333334
-13581926.183013882 4434051.32004141 1.7407297333333334
-13581924.351261484 4434050.798468708 1.7407297333333334
-13581922.51950911 4434050.276896011 1.7407297333333334
-13581920.687756766 4434049.755323324 1.7407297333333334
-13581918.856004378 4434049.233750626 1.7407297333333334
-13581917.024251984 4434048.712177924 1.7407297333333334
-13581915.192499606 4434048.190605228 1.7407297333333334
-13581913.650661996 4434046.701530813 1.7407297333333334
-13581912.207097009 4434044.884501561 1.7407297333333334
-13581910.763531968 4434043.067472323 1.7407297333333334
-13581909.17721592 4434041.726831009 1.7407297333333334
-13581907.342382094 4434041.215541767 1.7407297333333334
-13581905.507548254 4434040.7042525215 1.7407297333333334
-13581903.672714405 4434040.192963271 1.7407297333333334
-13581901.93205185 4434039.367406131 1.7407297333333334
-13581900.096994704 4434038.856862161 1.7407297333333334
-13581898.26193754 4434038.346318188 1.7407297333333334
-13581896.426880358 4434037.835774207 1.7407297333333334
-13581894.976287024 4434036.0421999 1.7407297333333334
-13581893.528142417 4434034.240453716 1.7407297333333334
-13581892.079997798 4434032.438707537 1.7407297333333334
-13581890.631853158 4434030.636961363 1.7407297333333334
-13581889.137861472 4434028.988215741 1.7407297333333334
-13581887.298244637 4434028.492888372 1.7407297333333334
-13581885.458627762 4434027.997560993 1.7407297333333334
-13581883.619010884 4434027.50223361 1.7407297333333334
-13581881.77939402 4434027.006906232 1.7407297333333334
-13581879.939777177 4434026.51157886 1.7407297333333334
-13581878.10016032 4434026.016251488 1.7407297333333334
-13581876.357475463 4434025.197443108 1.7407297333333334
-13581874.905002823 4434023.4101404445 1.7407297333333334
-13581873.45253016 4434021.622837788 1.7407297333333334
-13581872.00005748 4434019.835535134 1.7407297333333334
-13581870.23140782 4434019.103376466 1.7407297333333334
-13581868.388489772 4434018.619065808 1.7407297333333334
-13581866.545571718 4434018.1347551495 1.7407297333333334
-13581864.702653646 4434017.650444484 1.7407297333333334
-13581862.859735591 4434017.166133824 1.7407297333333334
-13581861.016817562 4434016.681823173 1.7407297333333334
-13581859.246340606 4434015.955762481 1.7407297333333334
-13581857.78977128 4434014.182131129 1.7407297333333334
-13581856.153414432 4434013.008485659 1.7407297333333334
-13581854.308810608 4434012.529800807 1.7407297333333334
-13581852.46420677 4434012.051115955 1.7407297333333334
-13581850.619602902 4434011.57243109 1.7407297333333334
-13581848.77499906 4434011.093746233 1.7407297333333334
-13581846.93039523 4434010.615061381 1.7407297333333334
-13581845.110993031 4434010.052273754 1.7407297333333334
-13581843.650540397 4434008.29160179 1.7407297333333334
-13581842.190087758 4434006.530929826 1.7407297333333334
-13581840.688338695 4434004.908072129 1.7407297333333334
-13581838.840788491 4434004.439219846 1.7407297333333334
-13581836.993238276 4434003.970367556 1.7407297333333334
-13581835.145688085 4434003.501515273 1.7407297333333334
-13581833.298137885 4434003.03266299 1.7407297333333334
-13581831.450587684 4434002.563810706 1.7407297333333334
-13581829.603037464 4434002.094958415 1.7407297333333334
-13581828.112816691 4434000.433628527 1.7407297333333334
-13581826.648677856 4433998.685258241 1.7407297333333334
-13581824.81561688 4433998.168052558 1.7407297333333334
-13581822.966061711 4433997.705891183 1.7407297333333334
-13581821.116506573 4433997.243729817 1.7407297333333334
-13581819.26695142 4433996.781568448 1.7407297333333334
-13581817.41739626 4433996.319407076 1.7407297333333334
-13581815.567841094 4433995.857245701 1.7407297333333334
-13581814.096500378 4433994.132909456 1.7407297333333334
-13581812.628857728 4433992.396231987 1.7407297333333334
-13581810.960580263 4433991.329111759 1.7407297333333334
-13581809.108471686 4433990.875471681 1.7407297333333334
-13581807.256363109 4433990.421831602 1.7407297333333334
-13581805.404254524 4433989.968191523 1.7407297333333334
-13581803.552145924 4433989.514551437 1.7407297333333334
-13581801.700037342 4433989.0609113565 1.7407297333333334
-13581800.136722604 4433987.643510279 1.7407297333333334
-13581798.653885238 4433985.957540499 1.7407297333333334
-13581796.799957186 4433985.509972288 1.7407297333333334
-13581794.946029143 4433985.062404082 1.7407297333333334
-13581793.09210112 4433984.614835881 1.7407297333333334
-13581791.238173088 4433984.167267679 1.7407297333333334
-13581789.384245029 4433983.719699466 1.7407297333333334
-13581787.703638194 4433982.693724782 1.7407297333333334
-13581786.22948372 4433980.978778582 1.7407297333333334
-13581784.56963677 4433979.883524145 1.7407297333333334
-13581782.71359616 4433979.443005968 1.7407297333333334
-13581780.857555551 4433979.00248779 1.7407297333333334
-13581779.001514964 4433978.561969619 1.7407297333333334
-13581777.14547436 4433978.121451446 1.7407297333333334
-13581775.325523434 4433977.560494981 1.7407297333333334
-13581773.848338058 4433975.85566347 1.7407297333333334
-13581772.041459767 4433975.251081137 1.7407297333333334
-13581770.18408046 4433974.815030497 1.7407297333333334
-13581768.326701133 4433974.378979851 1.7407297333333334
-13581766.469321836 4433973.942929214 1.7407297333333334
-13581764.61194253 4433973.506878577 1.7407297333333334
-13581762.99866478 4433972.256213609 1.7407297333333334
-13581761.484769782 4433970.673889202 1.7407297333333334
-13581759.638308983 4433970.201401404 1.7407297333333334
-13581757.77916772 4433969.771230742 1.7407297333333334
-13581755.920026444 4433969.341060075 1.7407297333333334
-13581754.06088518 4433968.910889412 1.7407297333333334
-13581752.225039888 4433968.402975642 1.7407297333333334
-13581750.719675858 4433966.79218171 1.7407297333333334
-13581748.895295927 4433966.24600569 1.7407297333333334
-13581747.03492045 4433965.819953831 1.7407297333333334
-13581745.174544988 4433965.393901976 1.7407297333333334
-13581743.31416952 4433964.967850122 1.7407297333333334
-13581741.456450814 4433964.532932021 1.7407297333333334
-13581739.866079558 4433963.20582372 1.7407297333333334
-13581738.004874537 4433962.78254026 1.7407297333333334
-13581736.143669505 4433962.359256797 1.7407297333333334
-13581734.282464463 4433961.93597333 1.7407297333333334
-13581732.421259422 4433961.512689863 1.7407297333333334
-13581730.75728114 4433960.43122252 1.7407297333333334
-13581729.148885492 4433959.164265108 1.7407297333333334
-13581727.286285777 4433958.74563593 1.7407297333333334
-13581725.423686076 4433958.32700676 1.7407297333333334
-13581723.561086372 4433957.90837759 1.7407297333333334
-13581721.698486667 4433957.489748417 1.7407297333333334
-13581720.102106784 4433956.182692023 1.7407297333333334
-13581718.419803845 4433955.162377583 1.7407297333333334
-13581716.555794172 4433954.748453802 1.7407297333333334
-13581714.691784477 4433954.334530015 1.7407297333333334
-13581712.827774776 4433953.920606222 1.7407297333333334
-13581710.981050724 4433953.448996957 1.7407297333333334
-13581709.488256432 4433951.796255401 1.7407297333333334
-13581707.767803544 4433950.903254707 1.7407297333333334
-13581705.902081303 4433950.495046014 1.7407297333333334
-13581704.03635908 4433950.086837327 1.7407297333333334
-13581702.170636846 4433949.678628638 1.7407297333333334
-13581700.40830516 4433948.925385601 1.7407297333333334
-13581698.792062815 4433947.6846141545 1.7407297333333334
-13581696.925186217 4433947.280257819 1.7407297333333334
-13581695.058309617 4433946.875901483 1.7407297333333334
-13581693.191432998 4433946.471545142 1.7407297333333334
-13581691.36925661 4433945.918015524 1.7407297333333334
-13581689.807874262 4433944.494165673 1.7407297333333334
-13581687.939832984 4433944.093696052 1.7407297333333334
-13581686.071791705 4433943.693226427 1.7407297333333334
-13581684.203750435 4433943.292756806 1.7407297333333334
-13581682.368769364 4433942.78195894 1.7407297333333334
-13581680.869510887 4433941.15078964 1.7407297333333334
-13581679.120214611 4433940.354044879 1.7407297333333334
-13581677.250406737 4433939.959470768 1.7407297333333334
-13581675.38059887 4433939.564896661 1.7407297333333334
-13581673.510790994 4433939.170322552 1.7407297333333334
-13581671.903425504 4433937.899927279 1.7407297333333334
-13581670.116191806 4433937.229787098 1.7407297333333334
-13581668.245192925 4433936.839187646 1.7407297333333334
-13581666.374194032 4433936.448588192 1.7407297333333334
-13581664.503195127 4433936.05798873 1.7407297333333334
-13581662.8894065 4433934.809028761 1.7407297333333334
-13581661.017507272 4433934.421433906 1.7407297333333334
-13581659.145608043 4433934.033839049 1.7407297333333334
-13581657.358929556 4433933.361846003 1.7407297333333334
-13581655.577796688 4433932.671346233 1.7407297333333334
-13581653.95492487 4433931.45269863 1.7407297333333334
-13581652.081511404 4433931.070157006 1.7407297333333334
-13581650.29307196 4433930.404040664 1.7407297333333334
-13581648.419353608 4433930.022516604 1.7407297333333334
-13581646.71141622 4433929.08774928 1.7407297333333334
-13581645.180321472 4433927.562823753 1.7407297333333334
-13581643.304758936 4433927.187454034 1.7407297333333334
-13581641.42919642 4433926.812084321 1.7407297333333334
-13581639.553633887 4433926.436714606 1.7407297333333334
-13581637.874222988 4433925.40674882 1.7407297333333334
-13581636.22377347 4433924.280133347 1.7407297333333334
-13581634.34665464 4433923.909957329 1.7407297333333334
-13581632.469535803 4433923.539781311 1.7407297333333334
-13581630.592416955 4433923.169605287 1.7407297333333334
-13581629.064717866 4433921.633347806 1.7407297333333334
-13581627.425133605 4433920.470472913 1.7407297333333334
-13581625.545805529 4433920.10766953 1.7407297333333334
-13581623.66647745 4433919.744866143 1.7407297333333334
-13581621.793305315 4433919.361519202 1.7407297333333334
-13581620.242419606 4433917.902640018 1.7407297333333334
-13581618.3618129 4433917.544103718 1.7407297333333334
-13581616.481206171 4433917.185567408 1.7407297333333334
-13581614.600599462 4433916.827031103 1.7407297333333334
-13581613.036629075 4433915.411818013 1.7407297333333334
-13581611.170673087 4433915.004389408 1.7407297333333334
-13581609.288775722 4433914.65016025 1.7407297333333334
-13581607.406878354 4433914.295931092 1.7407297333333334
-13581605.818527328 4433912.962080924 1.7407297333333334
-13581604.055071156 4433912.212590557 1.7407297333333334
-13581602.171543328 4433911.863802544 1.7407297333333334
-13581600.288015526 4433911.515014543 1.7407297333333334
-13581598.625910465 4433910.427295841 1.7407297333333334
-13581596.84879574 4433909.723386666 1.7407297333333334
-13581594.96394963 4433909.378998052 1.7407297333333334
-13581593.079103531 4433909.034609444 1.7407297333333334
-13581591.439192582 4433907.87282473 1.7407297333333334
-13581589.553349497 4433907.531763156 1.7407297333333334
-13581587.667506432 4433907.190701587 1.7407297333333334
-13581585.831476644 4433906.683403477 1.7407297333333334
-13581584.138494976 4433905.698726021 1.7407297333333334
-13581582.251647798 4433905.361015346 1.7407297333333334
-13581580.36480062 4433905.02330467 1.7407297333333334
-13581578.638685169 4433904.149201112 1.7407297333333334
-13581576.751164582 4433903.813737747 1.7407297333333334
-13581574.863643987 4433903.478274377 1.7407297333333334
-13581573.130670637 4433902.62705694 1.7407297333333334
-13581571.247399827 4433902.277411253 1.7407297333333334
-13581569.359202595 4433901.944205992 1.7407297333333334
-13581567.574248085 4433901.266459716 1.7407297333333334
-13581565.74032984 4433900.752114938 1.7407297333333334
-13581563.85145272 4433900.421178652 1.7407297333333334
-13581562.039439082 4433899.833733935 1.7407297333333334
-13581560.22993071 4433899.237928649 1.7407297333333334
-13581558.34037039 4433898.909272274 1.7407297333333334
-13581556.525309406 4433898.331997208 1.7407297333333334
-13581554.638620466 4433897.993758503 1.7407297333333334
-13581552.7487173 4433897.666246212 1.7407297333333334
-13581551.012741316 4433896.825049157 1.7407297333333334
-13581549.122150011 4433896.49983337 1.7407297333333334
-13581547.231558705 4433896.174617576 1.7407297333333334
-13581545.555612903 4433895.133088139 1.7407297333333334
-13581543.678515702 4433894.762839929 1.7407297333333334
-13581541.786885906 4433894.441089804 1.7407297333333334
-13581540.0468824 4433893.613333295 1.7407297333333334
-13581538.154556056 4433893.293907686 1.7407297333333334
-13581536.262229724 4433892.974482085 1.7407297333333334
-13581534.59557952 4433891.901931397 1.7407297333333334
-13581532.702201957 4433891.586013873 1.7407297333333334
-13581530.808824398 4433891.270096354 1.7407297333333334
-13581529.139607703 4433890.206110605 1.7407297333333334
-13581527.245171206 4433889.893727007 1.7407297333333334
-13581525.360455872 4433889.54890191 1.7407297333333334
-13581523.530321514 4433889.021929573 1.7407297333333334
-13581521.635530302 4433888.71072974 1.7407297333333334
-13581519.851070998 4433888.031330892 1.7407297333333334
-13581517.955745948 4433887.721912525 1.7407297333333334
-13581516.127837546 4433887.187511714 1.7407297333333334
-13581514.274183782 4433886.7390282415 1.7407297333333334
-13581512.378323156 4433886.431397208 1.7407297333333334
-13581510.627137637 4433885.640957249 1.7407297333333334
-13581508.730559677 4433885.335720124 1.7407297333333334
-13581506.955869485 4433884.623719869 1.7407297333333334
-13581505.080633327 4433884.247260982 1.7407297333333334
-13581503.183334451 4433883.944429625 1.7407297333333334
-13581501.428527968 4433883.16607357 1.7407297333333334
-13581499.530504642 4433882.865659947 1.7407297333333334
-13581497.703266164 4433882.329023478 1.7407297333333334
-13581495.80487922 4433882.029823219 1.7407297333333334
-13581493.976724489 4433881.496244533 1.7407297333333334
-13581492.077973057 4433881.198260681 1.7407297333333334
-13581490.248898154 4433880.667752718 1.7407297333333334
-13581488.349781308 4433880.370988293 1.7407297333333334
-13581486.519782368 4433879.843564087 1.7407297333333334
-13581484.62029921 4433879.5480221445 1.7407297333333334
-13581482.842044814 4433878.847916279 1.7407297333333334
-13581480.957881572 4433878.501248832 1.7407297333333334
-13581479.123671267 4433877.987878728 1.7407297333333334
-13581477.225237362 4433877.688835233 1.7407297333333334
-13581475.416897042 4433877.089131924 1.7407297333333334
-13581473.558677034 4433876.655886854 1.7407297333333334
-13581471.721328584 4433876.15298941 1.7407297333333334
-13581469.889823733 4433875.63059065 1.7407297333333334
-13581468.036589816 4433875.180705983 1.7407297333333334
-13581466.285403632 4433874.390268276 1.7407297333333334
-13581464.382206354 4433874.107121116 1.7407297333333334
-13581462.545168474 4433873.603187199 1.7407297333333334
-13581460.698179798 4433873.132460919 1.7407297333333334
-13581458.869331226 4433872.601197677 1.7407297333333334
-13581457.043836145 4433872.058743218 1.7407297333333334
-13581455.191130456 4433871.6070957845 1.7407297333333334
-13581453.398975756 4433870.953377947 1.7407297333333334
-13581451.51054803 4433870.620941866 1.7407297333333334
-13581449.763297316 4433869.817370774 1.7407297333333334
-13581447.89217536 4433869.427182005 1.7407297333333334
-13581446.114112193 4433868.726437966 1.7407297333333334
-13581444.206332069 4433868.45858463 1.7407297333333334
-13581442.490877638 4433867.548903152 1.7407297333333334
-13581440.581929652 4433867.284947186 1.7407297333333334
-13581438.80045992 4433866.595571504 1.7407297333333334
-13581436.890728343 4433866.334230576 1.7407297333333334
-13581435.107560268 4433865.650522672 1.7407297333333334
-13581433.262528593 4433865.173265502 1.7407297333333334
-13581431.47522312 4433864.50336487 1.7407297333333334
-13581429.67683622 4433863.870445158 1.7407297333333334
-13581427.839588864 4433863.367210274 1.7407297333333334
-13581426.098525016 4433862.542992358 1.7407297333333334
-13581424.231922626 4433862.137720885 1.7407297333333334
-13581422.473605022 4433861.371082161 1.7407297333333334
-13581420.558272729 4433861.12843186 1.7407297333333334
-13581418.891442295 4433860.056482617 1.7407297333333334
-13581416.974471703 4433859.819299659 1.7407297333333334
-13581415.24312994 4433858.962637293 1.7407297333333334
-13581413.40767836 4433858.45340956 1.7407297333333334
-13581411.71522093 4433857.466982571 1.7407297333333334
-13581409.856698137 4433857.03474795 1.7407297333333334
-13581407.935977217 4433856.810080611 1.7407297333333334
-13581406.076354308 4433856.381517258 1.7407297333333334
-13581404.21604972 4433855.955228796 1.7407297333333334
-13581402.377639638 4433855.455874152 1.7407297333333334
-13581400.49338452 4433855.109513329 1.7407297333333334
-13581398.691231197 4433854.489162883 1.7407297333333334
-13581396.82790583 4433854.072955307 1.7407297333333334
-13581394.948339926 4433853.710945634 1.7407297333333334
-13581393.099160602 4433853.24753008 1.7407297333333334
-13581391.293032924 4433852.640442807 1.7407297333333334
-13581389.426627902 4433852.234512664 1.7407297333333334
-13581387.559512516 4433851.8309532 1.7407297333333334
-13581385.642563226 4433851.593699191 1.7407297333333334
-13581383.76494598 4433851.225186436 1.7407297333333334
-13581381.953874929 4433850.634596114 1.7407297333333334
-13581380.141677031 4433850.04776636 1.7407297333333334
-13581378.21317759 4433849.849057395 1.7407297333333334
-13581376.341738308 4433849.459927583 1.7407297333333334
-13581374.518630704 4433848.909505575 1.7407297333333334
-13581372.620475177 4433848.609533127 1.7407297333333334
-13581370.723021962 4433848.307216867 1.7407297333333334
-13581368.783310087 4433848.145925917 1.7407297333333334
-13581366.843315026 4433847.985580077 1.7407297333333334
-13581364.889766518 4433847.870464709 1.7407297333333334
-13581362.9474967 4433847.717710159 1.7407297333333334
-13581360.990759378 4433847.613236416 1.7407297333333334
-13581359.087829957 4433847.329195332 1.7407297333333334
-13581357.30062322 4433846.658965268 1.7407297333333334
-13581355.439498004 4433846.235415407 1.7407297333333334
-13581353.560616871 4433845.871120463 1.7407297333333334
-13581351.73356405 4433845.333864446 1.7407297333333334
-13581349.85285272 4433844.975677318 1.7407297333333334
-13581347.960806737 4433844.655316119 1.7407297333333334
-13581346.047277495 4433844.4066486 1.7407297333333334
-13581344.154764906 4433844.087844531 1.7407297333333334
-13581342.297946343 4433843.649922597 1.7407297333333334
-13581340.437724464 4433843.223358166 1.7407297333333334
-13581338.602884172 4433842.712090427 1.7407297333333334
-13581336.766751116 4433842.2051368775 1.7407297333333334
-13581334.929314349 4433841.702534151 1.7407297333333334
-13581333.04059564 4433841.371069148 1.7407297333333334
-13581331.15970492 4433841.013480593 1.7407297333333334
-13581329.3560913 4433840.398003439 1.7407297333333334
-13581327.467676582 4433840.065523984 1.7407297333333334
-13581325.623952098 4433839.583904536 1.7407297333333334
-13581323.778861592 4433839.106843722 1.7407297333333334
-13581321.946072366 4433838.588731246 1.7407297333333334
-13581320.157823311 4433837.92197955 1.7407297333333334
-13581318.371923275 4433837.247388625 1.7407297333333334
-13581316.588327264 4433836.565108819 1.7407297333333334
-13581314.806991342 4433835.875286675 1.7407297333333334
-13581313.014796596 4433835.221702499 1.7407297333333334
-13581311.110045526 4433834.943740584 1.7407297333333334
-13581309.287355646 4433834.391924549 1.7407297333333334
-13581307.50411659 4433833.708453548 1.7407297333333334
-13581305.73568898 4433832.97555383 1.7407297333333334
-13581303.952827403 4433832.290823004 1.7407297333333334
-13581302.014330052 4433832.125479024 1.7407297333333334
-13581300.106721848 4433831.857051948 1.7407297333333334
-13581298.16634215 4433831.697989703 1.7407297333333334
-13581296.250853293 4433831.455861833 1.7407297333333334
-13581294.288605358 4433831.36977813 1.7407297333333334
-13581292.314614547 4433831.322882748 1.7407297333333334
-13581290.275041506 4433831.494847893 1.7407297333333334
-13581288.22662514 4433831.696324901 1.7407297333333334
-13581286.178664558 4433831.89628092 1.7407297333333334
-13581284.072923644 4433832.28906116 1.7407297333333334
-13581282.09638315 4433832.25067453 1.7407297333333334
-13581280.27205597 4433831.704322429 1.7407297333333334
-13581278.414294422 4433831.26954739 1.7407297333333334
-13581276.68400292 4433830.409380131 1.7407297333333334
-13581274.84838047 4433829.900722622 1.7407297333333334
-13581273.149174394 4433828.936817195 1.7407297333333334
-13581271.426810583 4433828.05019361 1.7407297333333334
-13581269.743888125 4433827.031946681 1.7407297333333334
-13581268.01727075 4433826.159518087 1.7407297333333334
-13581266.297943972 4433825.26275932 1.7407297333333334
-13581264.590920238 4433824.324943031 1.7407297333333334
-13581262.88488285 4433823.383835007 1.7407297333333334
-13581261.179817503 4433822.439483086 1.7407297333333334
-13581259.6011294 4433821.073385831 1.7407297333333334
-13581257.896891735 4433820.126271856 1.7407297333333334
-13581256.193599513 4433819.176002753 1.7407297333333334
-13581254.491239153 4433818.222623725 1.7407297333333334
-13581252.66858869 4433817.670676182 1.7407297333333334
-13581250.743655955 4433817.460064457 1.7407297333333334
-13581248.7430163 4433817.5021013785 1.7407297333333334
-13581246.51554529 4433818.301118482 1.7407297333333334
-13581244.216744613 4433819.338176518 1.7407297333333334
-13581244.216744613 4433819.338176518 1.7407297333333334
-13581244.216744613 4433819.338176518 1.7407297333333334
-13581244.216744613 4433819.338176518 1.7407297333333334
-13581244.216744613 4433819.338176518 1.7407297333333334
-13581244.216744613 4433819.338176518 1.7407297333333334
-13581244.216744613 4433819.338176518 1.7407297333333334
-13581244.216744613 4433819.338176518 1.7407297333333334
-13581244.216744613 4433819.338176518 1.7407297333333334
-13581244.216744613 4433819.338176518 1.7407297333333334
-13581244.216744613 4433819.338176518 1.7407297333333334
-13581244.216744613 4433819.338176518 1.7407297333333334
-13581244.216744613 4433819.338176518 1.7407297333333334
-13581244.216744613 4433819.338176518 1.7407297333333334
-13581244.216744613 4433819.338176518 1.7407297333333334
-13581244.216744613 4433819.338176518 1.7407297333333334
-13581244.216744613 4433819.338176518 1.7407297333333334
-13581244.216744613 4433819.338176518 1.7407297333333334
-13581244.216744613 4433819.338176518 1.7407297333333334
-13581244.216744613 4433819.338176518 1.7407297333333334
-13581930.22814628 4434051.0896213055 1.5702957333333334
-13581928.395521984 4434050.570958404 1.5702957333333334
-13581926.63074506 4434049.825875632 1.5702957333333334
-13581925.192033818 4434047.992648375 1.5702957333333334
-13581923.7533226 4434046.159421112 1.5702957333333334
-13581922.02105284 4434045.30585574 1.5702957333333334
-13581920.186218986 4434044.794566493 1.5702957333333334
-13581918.351385128 4434044.28327724 1.5702957333333334
-13581916.516551286 4434043.771987993 1.5702957333333334
-13581914.681717465 4434043.2606987525 1.5702957333333334
-13581912.84688363 4434042.749409512 1.5702957333333334
-13581911.01204976 4434042.238120256 1.5702957333333334
-13581909.319966968 4434041.250443068 1.5702957333333334
-13581907.876401989 4434039.433413808 1.5702957333333334
-13581906.432836987 4434037.61638456 1.5702957333333334
-13581904.98927198 4434035.79935531 1.5702957333333334
-13581903.464155223 4434034.25448004 1.5702957333333334
-13581901.625464767 4434033.756061134 1.5702957333333334
-13581899.786774289 4434033.257642224 1.5702957333333334
-13581897.948083796 4434032.759223308 1.5702957333333334
-13581896.109393332 4434032.2608044 1.5702957333333334
-13581894.27070286 4434031.762385491 1.5702957333333334
-13581892.432012388 4434031.263966581 1.5702957333333334
-13581890.63185316 4434030.63696136 1.5702957333333334
-13581889.18370854 4434028.835215183 1.5702957333333334
-13581887.735563954 4434027.033468993 1.5702957333333334
-13581885.93963584 4434026.392343751 1.5702957333333334
-13581884.098850563 4434025.9009155305 1.5702957333333334
-13581882.354374006 4434025.088086507 1.5702957333333334
-13581880.513353685 4434024.597442811 1.5702957333333334
-13581878.672333352 4434024.106799115 1.5702957333333334
-13581876.831312984 4434023.6161554055 1.5702957333333334
-13581874.99029266 4434023.12551171 1.5702957333333334
-13581873.45253016 4434021.622837785 1.5702957333333334
-13581872.00005748 4434019.835535131 1.5702957333333334
-13581870.42438173 4434018.459385109 1.5702957333333334
-13581868.580984458 4434017.976673705 1.5702957333333334
-13581866.737587184 4434017.4939623 1.5702957333333334
-13581864.89418989 4434017.011250888 1.5702957333333334
-13581863.050792616 4434016.528539482 1.5702957333333334
-13581861.207395364 4434016.045828084 1.5702957333333334
-13581859.363998078 4434015.563116676 1.5702957333333334
-13581857.78977128 4434014.182131127 1.5702957333333334
-13581856.333201976 4434012.408499766 1.5702957333333334
-13581854.692300584 4434011.250020373 1.5702957333333334
-13581852.84672264 4434010.774586315 1.5702957333333334
-13581851.00114466 4434010.299152245 1.5702957333333334
-13581849.15556671 4434009.823718182 1.5702957333333334
-13581847.30998877 4434009.348284124 1.5702957333333334
-13581845.464410815 4434008.872850063 1.5702957333333334
-13581843.650540397 4434008.291601789 1.5702957333333334
-13581842.190087758 4434006.530929824 1.5702957333333334
-13581840.72963515 4434004.770257854 1.5702957333333334
-13581838.93650285 4434004.119802474 1.5702957333333334
-13581837.08870382 4434003.651780524 1.5702957333333334
-13581835.240904812 4434003.183758584 1.5702957333333334
-13581833.3931058 4434002.7157366425 1.5702957333333334
-13581831.545306783 4434002.247714699 1.5702957333333334
-13581829.697507752 4434001.77969275 1.5702957333333334
-13581828.112816691 4434000.433628528 1.5702957333333334
-13581826.648677856 4433998.685258241 1.5702957333333334
-13581824.81561688 4433998.168052558 1.5702957333333334
-13581822.966061711 4433997.705891183 1.5702957333333334
-13581821.116506573 4433997.243729817 1.5702957333333334
-13581819.26695142 4433996.781568448 1.5702957333333334
-13581817.41739626 4433996.319407076 1.5702957333333334
-13581815.567841094 4433995.857245701 1.5702957333333334
-13581814.096500378 4433994.132909458 1.5702957333333334
-13581812.527432088 4433992.734709021 1.5702957333333334
-13581810.676095117 4433992.278493868 1.5702957333333334
-13581808.824758166 4433991.822278724 1.5702957333333334
-13581806.973421212 4433991.366063578 1.5702957333333334
-13581805.122084256 4433990.909848432 1.5702957333333334
-13581803.270747283 4433990.45363328 1.5702957333333334
-13581801.607699778 4433989.369059717 1.5702957333333334
-13581800.129548078 4433987.6674530655 1.5702957333333334
-13581798.276662994 4433987.216404281 1.5702957333333334
-13581796.423777908 4433986.765355491 1.5702957333333334
-13581794.570892831 4433986.314306707 1.5702957333333334
-13581792.718007777 4433985.863257928 1.5702957333333334
-13581790.865122708 4433985.4122091485 1.5702957333333334
-13581789.17779268 4433984.4086709805 1.5702957333333334
-13581787.703638194 4433982.693724784 1.5702957333333334
-13581786.14320428 4433981.266709807 1.5702957333333334
-13581784.28796009 4433980.823533853 1.5702957333333334
-13581782.432715897 4433980.380357896 1.5702957333333334
-13581780.577471696 4433979.9371819375 1.5702957333333334
-13581778.72222752 4433979.4940059865 1.5702957333333334
-13581776.866983328 4433979.050830033 1.5702957333333334
-13581775.325523434 4433977.560494982 1.5702957333333334
-13581773.61897603 4433976.621089038 1.5702957333333334
-13581771.76240166 4433976.182352164 1.5702957333333334
-13581769.90582729 4433975.743615288 1.5702957333333334
-13581768.0492529 4433975.304878406 1.5702957333333334
-13581766.192678545 4433974.8661415335 1.5702957333333334
-13581764.478744583 4433973.951385958 1.5702957333333334
-13581762.99866478 4433972.256213612 1.5702957333333334
-13581761.173177902 4433971.713731735 1.5702957333333334
-13581759.31498848 4433971.28038463 1.5702957333333334
-13581757.456799049 4433970.84703752 1.5702957333333334
-13581755.598609604 4433970.413690405 1.5702957333333334
-13581753.740420172 4433969.980343294 1.5702957333333334
-13581752.202522555 4433968.478120348 1.5702957333333334
-13581750.571578665 4433967.286410768 1.5702957333333334
-13581748.711753229 4433966.858523272 1.5702957333333334
-13581746.851927804 4433966.430635782 1.5702957333333334
-13581744.992102394 4433966.002748296 1.5702957333333334
-13581743.132276976 4433965.57486081 1.5702957333333334
-13581741.456450813 4433964.532932024 1.5702957333333334
-13581739.684108598 4433963.813096101 1.5702957333333334
-13581737.823457217 4433963.387965045 1.5702957333333334
-13581735.96280582 4433962.962833985 1.5702957333333334
-13581734.102154415 4433962.537702922 1.5702957333333334
-13581732.245311446 4433962.099862378 1.5702957333333334
-13581730.740037216 4433960.488768844 1.5702957333333334
-13581728.878276134 4433960.0673410185 1.5702957333333334
-13581727.016515044 4433959.6459131865 1.5702957333333334
-13581725.154753968 4433959.224485362 1.5702957333333334
-13581723.29299289 4433958.8030575365 1.5702957333333334
-13581721.592568312 4433957.843218517 1.5702957333333334
-13581720.102106784 4433956.182692025 1.5702957333333334
-13581718.240610285 4433955.76038124 1.5702957333333334
-13581716.37716646 4433955.34456912 1.5702957333333334
-13581714.51372261 4433954.928756992 1.5702957333333334
-13581712.650278758 4433954.512944861 1.5702957333333334
-13581710.981050722 4433953.44899696 1.5702957333333334
-13581709.365758758 4433952.2050538985 1.5702957333333334
-13581707.50089562 4433951.793978215 1.5702957333333334
-13581705.63603248 4433951.382902532 1.5702957333333334
-13581703.77116936 4433950.971826855 1.5702957333333334
-13581701.906306228 4433950.560751176 1.5702957333333334
-13581700.393127069 4433948.976037833 1.5702957333333334
-13581698.527117206 4433948.568789036 1.5702957333333334
-13581696.66110734 4433948.161540238 1.5702957333333334
-13581694.795097474 4433947.754291439 1.5702957333333334
-13581692.929087594 4433947.347042636 1.5702957333333334
-13581691.369256608 4433945.918015527 1.5702957333333334
-13581689.63238747 4433945.07979913 1.5702957333333334
-13581687.764929822 4433944.677381827 1.5702957333333334
-13581685.897472171 4433944.27496452 1.5702957333333334
-13581684.030014528 4433943.872547218 1.5702957333333334
-13581682.368769364 4433942.781958942 1.5702957333333334
-13581680.641007874 4433941.913348508 1.5702957333333334
-13581678.77238035 4433941.514835267 1.5702957333333334
-13581676.903752845 4433941.116322032 1.5702957333333334
-13581675.035125349 4433940.717808803 1.5702957333333334
-13581673.404677344 4433939.52444438 1.5702957333333334
-13581671.727243245 4433938.48788166 1.5702957333333334
-13581669.857138608 4433938.09429786 1.5702957333333334
-13581667.987033997 4433937.700714066 1.5702957333333334
-13581666.116929367 4433937.30713027 1.5702957333333334
-13581664.474973751 4433936.152168937 1.5702957333333334
-13581662.63219624 4433935.667389276 1.5702957333333334
-13581660.76119735 4433935.276789822 1.5702957333333334
-13581658.89019846 4433934.886190367 1.5702957333333334
-13581657.082819354 4433934.283279298 1.5702957333333334
-13581655.401809584 4433933.258649332 1.5702957333333334
-13581653.52991036 4433932.871054476 1.5702957333333334
-13581651.658011112 4433932.483459609 1.5702957333333334
-13581649.786111886 4433932.095864748 1.5702957333333334
-13581648.218224045 4433930.693724959 1.5702957333333334
-13581646.377098646 4433930.203431863 1.5702957333333334
-13581644.503989412 4433929.819875002 1.5702957333333334
-13581642.63088018 4433929.43631814 1.5702957333333334
-13581640.891284565 4433928.607200499 1.5702957333333334
-13581639.217620367 4433927.558056893 1.5702957333333334
-13581637.34329008 4433927.178574906 1.5702957333333334
-13581635.468959808 4433926.799092926 1.5702957333333334
-13581633.5953021 4433926.41736647 1.5702957333333334
-13581631.968328184 4433925.212408339 1.5702957333333334
-13581630.093074763 4433924.836007018 1.5702957333333334
-13581628.217821358 4433924.459605701 1.5702957333333334
-13581626.342567967 4433924.083204392 1.5702957333333334
-13581624.795720866 4433922.610847518 1.5702957333333334
-13581622.919226691 4433922.238586839 1.5702957333333334
-13581621.042732527 4433921.866326166 1.5702957333333334
-13581619.166238377 4433921.494065496 1.5702957333333334
-13581617.534287656 4433920.305715951 1.5702957333333334
-13581615.656855384 4433919.936585858 1.5702957333333334
-13581613.779423133 4433919.567455772 1.5702957333333334
-13581611.901990889 4433919.198325691 1.5702957333333334
-13581610.348220777 4433917.749072282 1.5702957333333334
-13581608.46952757 4433917.384150212 1.5702957333333334
-13581606.590834366 4433917.01922814 1.5702957333333334
-13581604.71214118 4433916.654306076 1.5702957333333334
-13581603.074359214 4433915.485416499 1.5702957333333334
-13581601.194712592 4433915.123676156 1.5702957333333334
-13581599.315065997 4433914.761935824 1.5702957333333334
-13581597.52848178 4433914.089628188 1.5702957333333334
-13581595.794532347 4433913.24166807 1.5702957333333334
-13581593.913925637 4433912.883131768 1.5702957333333334
-13581592.033318937 4433912.524595469 1.5702957333333334
-13581590.38875694 4433911.378332188 1.5702957333333334
-13581588.508677244 4433911.018037068 1.5702957333333334
-13581586.62710368 4433910.662727338 1.5702957333333334
-13581584.791369328 4433910.15444331 1.5702957333333334
-13581582.942212673 4433909.690952083 1.5702957333333334
-13581581.060315304 4433909.336722926 1.5702957333333334
-13581579.217479924 4433908.852136339 1.5702957333333334
-13581577.451635594 4433908.110615756 1.5702957333333334
-13581575.569088353 4433907.758555381 1.5702957333333334
-13581573.6865411 4433907.406494997 1.5702957333333334
-13581572.035098258 4433906.283194436 1.5702957333333334
-13581570.151570445 4433905.9344064295 1.5702957333333334
-13581568.26804263 4433905.585618424 1.5702957333333334
-13581566.611915074 4433904.4779515965 1.5702957333333334
-13581564.806411894 4433903.868780248 1.5702957333333334
-13581562.921565805 4433903.524391642 1.5702957333333334
-13581561.10131067 4433902.9644503845 1.5702957333333334
-13581559.303684063 4433902.32899334 1.5702957333333334
-13581557.418174108 4433901.986820119 1.5702957333333334
-13581555.610404326 4433901.385212897 1.5702957333333334
-13581553.797687488 4433900.800114941 1.5702957333333334
-13581551.9115105 4433900.460167669 1.5702957333333334
-13581550.13836849 4433899.743000857 1.5702957333333334
-13581548.363287551 4433899.032304582 1.5702957333333334
-13581546.476104066 4433898.69571621 1.5702957333333334
-13581544.684421314 4433898.040423431 1.5702957333333334
-13581542.924441352 4433897.279332283 1.5702957333333334
-13581541.03624412 4433896.94612702 1.5702957333333334
-13581539.22195946 4433896.366261135 1.5702957333333334
-13581537.333422683 4433896.034188991 1.5702957333333334
-13581535.444885926 4433895.702116855 1.5702957333333334
-13581533.70266403 4433894.881763557 1.5702957333333334
-13581531.813445704 4433894.551965844 1.5702957333333334
-13581529.955645235 4433894.117320686 1.5702957333333334
-13581528.179976355 4433893.408586521 1.5702957333333334
-13581526.290073214 4433893.08107424 1.5702957333333334
-13581524.544463092 4433892.272028063 1.5702957333333334
-13581522.653871791 4433891.946812273 1.5702957333333334
-13581520.763280502 4433891.621596487 1.5702957333333334
-13581519.015608285 4433890.819432006 1.5702957333333334
-13581517.124325486 4433890.496523851 1.5702957333333334
-13581515.370964102 4433889.713345186 1.5702957333333334
-13581513.48328994 4433889.3783943765 1.5702957333333334
-13581511.591312291 4433889.0578051 1.5702957333333334
-13581509.840158615 4433888.267258863 1.5702957333333334
-13581507.94748273 4433887.948999767 1.5702957333333334
-13581506.232041636 4433887.039273773 1.5702957333333334
-13581504.371498436 4433886.613781647 1.5702957333333334
-13581502.477768753 4433886.299039206 1.5702957333333334
-13581500.653464409 4433885.752610986 1.5702957333333334
-13581498.75938177 4433885.439046532 1.5702957333333334
-13581497.003244407 4433884.665131839 1.5702957333333334
-13581495.108453177 4433884.353931999 1.5702957333333334
-13581493.282177966 4433883.814080974 1.5702957333333334
-13581491.387031153 4433883.504067813 1.5702957333333334
-13581489.559856176 4433882.967219424 1.5702957333333334
-13581487.66435289 4433882.658395858 1.5702957333333334
-13581485.903865691 4433881.89899748 1.5702957333333334
-13581484.00764684 4433881.59256192 1.5702957333333334
-13581482.20596894 4433880.970624827 1.5702957333333334
-13581480.348736305 4433880.534084726 1.5702957333333334
-13581478.500672182 4433880.066947505 1.5702957333333334
-13581476.687604891 4433879.483019056 1.5702957333333334
-13581474.806547709 4433879.125986027 1.5702957333333334
-13581473.024236005 4433878.439420218 1.5702957333333334
-13581471.125849089 4433878.140219976 1.5702957333333334
-13581469.424433956 4433877.183686591 1.5702957333333334
-13581467.524950791 4433876.8881446365 1.5702957333333334
-13581465.756133204 4433876.156546338 1.5702957333333334
-13581463.855914673 4433875.863458533 1.5702957333333334
-13581462.085539384 4433875.137058615 1.5702957333333334
-13581460.18458174 4433874.846437249 1.5702957333333334
-13581458.412635123 4433874.12528114 1.5702957333333334
-13581456.51093471 4433873.837138646 1.5702957333333334
-13581454.737403003 4433873.121272289 1.5702957333333334
-13581452.856538158 4433872.763597411 1.5702957333333334
-13581451.059825314 4433872.125090974 1.5702957333333334
-13581449.22015134 4433871.629954231 1.5702957333333334
-13581447.316577464 4433871.348063809 1.5702957333333334
-13581445.41300358 4433871.066173376 1.5702957333333334
-13581443.553847378 4433870.636052588 1.5702957333333334
-13581441.66803002 4433870.294905237 1.5702957333333334
-13581439.888143055 4433869.60024761 1.5702957333333334
-13581437.983433671 4433869.322146557 1.5702957333333334
-13581436.140232466 4433868.838780869 1.5702957333333334
-13581434.327292006 4433868.254429183 1.5702957333333334
-13581432.452012405 4433867.878115216 1.5702957333333334
-13581430.667974606 4433867.197309724 1.5702957333333334
-13581428.761353385 4433866.925588932 1.5702957333333334
-13581426.915103393 4433866.452397589 1.5702957333333334
-13581425.0682366 4433865.981264611 1.5702957333333334
-13581423.167161522 4433865.691035191 1.5702957333333334
-13581421.372643126 4433865.045205529 1.5702957333333334
-13581419.58350178 4433864.381431557 1.5702957333333334
-13581417.674553782 4433864.117475587 1.5702957333333334
-13581415.883680845 4433863.459480304 1.5702957333333334
-13581414.091848476 4433862.804686812 1.5702957333333334
-13581412.181329224 4433862.545974462 1.5702957333333334
-13581410.329198236 4433862.0924091 1.5702957333333334
-13581408.476427175 4433861.640979829 1.5702957333333334
-13581406.623013552 4433861.191694989 1.5702957333333334
-13581404.711305115 4433860.93695115 1.5702957333333334
-13581402.856847914 4433860.491148821 1.5702957333333334
-13581401.001742069 4433860.047511183 1.5702957333333334
-13581399.14598504 4433859.606046713 1.5702957333333334
-13581397.289574256 4433859.16676393 1.5702957333333334
-13581395.376265729 4433858.917359859 1.5702957333333334
-13581393.462957222 4433858.667955788 1.5702957333333334
-13581391.605084851 4433858.233550624 1.5702957333333334
-13581389.801874056 4433857.616729145 1.5702957333333334
-13581387.997623729 4433857.003376734 1.5702957333333334
-13581386.12460442 4433856.619519791 1.5702957333333334
-13581384.221495826 4433856.33607671 1.5702957333333334
-13581382.305755569 4433856.094787838 1.5702957333333334
-13581380.421169182 4433855.749532432 1.5702957333333334
-13581378.529599736 4433855.42758095 1.5702957333333334
-13581376.664763851 4433855.016414338 1.5702957333333334
-13581374.74820445 4433854.777859118 1.5702957333333334
-13581372.882027404 4433854.371168188 1.5702957333333334
-13581370.967177369 4433854.126908551 1.5702957333333334
-13581369.102024192 4433853.716800799 1.5702957333333334
-13581367.236182796 4433853.308989735 1.5702957333333334
-13581365.318386534 4433853.074562199 1.5702957333333334
-13581363.502424411 4433852.500294383 1.5702957333333334
-13581361.634501876 4433852.099428526 1.5702957333333334
-13581359.765880058 4433851.700896262 1.5702957333333334
-13581357.896556184 4433851.304706944 1.5702957333333334
-13581355.976676464 4433851.077232357 1.5702957333333334
-13581354.10622766 4433850.684797124 1.5702957333333334
-13581352.235070009 4433850.294727433 1.5702957333333334
-13581350.363200672 4433849.907032803 1.5702957333333334
-13581348.44205746 4433849.683774723 1.5702957333333334
-13581346.569050146 4433849.299877774 1.5702957333333334
-13581344.695324233 4433848.918378846 1.5702957333333334
-13581342.773333017 4433848.6979506565 1.5702957333333334
-13581340.851341814 4433848.477522472 1.5702957333333334
-13581339.02286132 4433847.945030871 1.5702957333333334
-13581337.1967118 4433847.404760343 1.5702957333333334
-13581335.36227787 4433846.892136482 1.5702957333333334
-13581333.530155247 4433846.371799418 1.5702957333333334
-13581331.650699705 4433846.009421441 1.5702957333333334
-13581329.792819446 4433845.575042512 1.5702957333333334
-13581327.98062 4433844.988217929 1.5702957333333334
-13581326.098286042 4433844.635445797 1.5702957333333334
-13581324.215193128 4433844.285206439 1.5702957333333334
-13581322.298095357 4433844.048447827 1.5702957333333334
-13581320.4467179 4433843.592367879 1.5702957333333334
-13581318.56132929 4433843.249789732 1.5702957333333334
-13581316.718962912 4433842.763637936 1.5702957333333334
-13581314.788234126 4433842.572368719 1.5702957333333334
-13581312.85750535 4433842.381099517 1.5702957333333334
-13581310.969342845 4433842.047778374 1.5702957333333334
-13581309.080397869 4433841.717068452 1.5702957333333334
-13581307.190667173 4433841.3889806215 1.5702957333333334
-13581305.290873762 4433841.094474101 1.5702957333333334
-13581303.377183126 4433840.846345268 1.5702957333333334
-13581301.516727977 4433840.420559251 1.5702957333333334
-13581299.583282994 4433840.23835453 1.5702957333333334
-13581297.67663212 4433839.966732669 1.5702957333333334
-13581295.691220244 4433839.957951528 1.5702957333333334
-13581293.704940142 4433839.952067771 1.5702957333333334
-13581291.810900686 4433839.638359139 1.5702957333333334
-13581289.916058062 4433839.327330925 1.5702957333333334
-13581288.096317625 4433838.765672035 1.5702957333333334
-13581286.161497423 4433838.588056602 1.5702957333333334
-13581284.301165449 4433838.161859577 1.5702957333333334
-13581282.476546686 4433837.616480679 1.5702957333333334
-13581280.76112883 4433836.706677158 1.5702957333333334
-13581278.92425945 4433836.202180807 1.5702957333333334
-13581277.091891402 4433835.682662733 1.5702957333333334
-13581275.26939505 4433835.130200946 1.5702957333333334
-13581273.440143336 4433834.600283054 1.5702957333333334
-13581271.620517554 4433834.03824154 1.5702957333333334
-13581269.804901129 4433833.462820022 1.5702957333333334
-13581268.027639754 4433832.759400334 1.5702957333333334
-13581266.185253784 4433832.273314003 1.5702957333333334
-13581264.411205128 4433831.559172753 1.5702957333333334
-13581262.635626083 4433830.850138833 1.5702957333333334
-13581260.857480902 4433830.149668507 1.5702957333333334
-13581259.09545955 4433829.395389811 1.5702957333333334
-13581257.303246584 4433828.741866431 1.5702957333333334
-13581255.514299626 4433828.077443815 1.5702957333333334
-13581255.514299626 4433828.077443815 1.5702957333333334
-13581255.514299626 4433828.077443815 1.5702957333333334
-13581255.514299626 4433828.077443815 1.5702957333333334
-13581255.514299626 4433828.077443815 1.5702957333333334
-13581255.514299626 4433828.077443815 1.5702957333333334
-13581255.514299626 4433828.077443815 1.5702957333333334
-13581255.514299626 4433828.077443815 1.5702957333333334
-13581255.514299626 4433828.077443815 1.5702957333333334
-13581255.514299626 4433828.077443815 1.5702957333333334
-13581255.514299626 4433828.077443815 1.5702957333333334
-13581255.514299626 4433828.077443815 1.5702957333333334
-13581255.514299626 4433828.077443815 1.5702957333333334
-13581255.514299626 4433828.077443815 1.5702957333333334
-13581255.514299626 4433828.077443815 1.5702957333333334
-13581255.514299626 4433828.077443815 1.5702957333333334
-13581255.514299626 4433828.077443815 1.5702957333333334
-13581255.514299626 4433828.077443815 1.5702957333333334
-13581255.514299626 4433828.077443815 1.5702957333333334
-13581255.514299626 4433828.077443815 1.5702957333333334
-13581255.514299626 4433828.077443815 1.5702957333333334
-13581255.514299626 4433828.077443815 1.5702957333333334
-13581255.514299626 4433828.077443815 1.5702957333333334
-13581255.514299626 4433828.077443815 1.5702957333333334
-13581255.514299626 4433828.077443815 1.5702957333333334
-13581255.514299626 4433828.077443815 1.5702957333333334
-13581255.514299626 4433828.077443815 1.5702957333333334
-13581926.642746992 4434063.054794078 1.3416957333333333
-13581925.02633961 4434061.814573408 1.3416957333333333
-13581923.201430712 4434061.270162697 1.3416957333333333
-13581921.376521794 4434060.725751978 1.3416957333333333
-13581919.551612897 4434060.181341264 1.3416957333333333
-13581917.726704037 4434059.636930563 1.3416957333333333
-13581915.99002463 4434058.7980808765 1.3416957333333333
-13581914.164911328 4434058.25435223 1.3416957333333333
-13581912.368885882 4434057.61355183 1.3416957333333333
-13581910.905877836 4434055.861407875 1.3416957333333333
-13581909.457733233 4434054.059661693 1.3416957333333333
-13581907.9237782 4434052.544281382 1.3416957333333333
-13581906.096182227 4434052.008837959 1.3416957333333333
-13581904.3575273 4434051.176581101 1.3416957333333333
-13581902.5297219 4434050.641836586 1.3416957333333333
-13581900.70191649 4434050.107092068 1.3416957333333333
-13581898.874111077 4434049.572347548 1.3416957333333333
-13581897.046305696 4434049.037603037 1.3416957333333333
-13581895.25105439 4434048.394219195 1.3416957333333333
-13581893.7871474 4434046.6450750325 1.3416957333333333
-13581892.334674751 4434044.857772368 1.3416957333333333
-13581890.839948434 4434043.21147838 1.3416957333333333
-13581889.00949146 4434042.685582683 1.3416957333333333
-13581887.179034464 4434042.15968698 1.3416957333333333
-13581885.348577488 4434041.633791282 1.3416957333333333
-13581883.518120544 4434041.107895594 1.3416957333333333
-13581881.687663555 4434040.581999894 1.3416957333333333
-13581879.85720656 4434040.05610419 1.3416957333333333
-13581878.181741567 4434039.012970189 1.3416957333333333
-13581876.725172283 4434037.239338821 1.3416957333333333
-13581875.268602991 4434035.465707458 1.3416957333333333
-13581873.812033648 4434033.692076108 1.3416957333333333
-13581872.299871136 4434032.103970124 1.3416957333333333
-13581870.465482635 4434031.591194682 1.3416957333333333
-13581868.63109412 4434031.078419232 1.3416957333333333
-13581866.796705632 4434030.565643791 1.3416957333333333
-13581866.413189314 4434025.211026524 1.3416957333333333
-13581864.575188829 4434024.710304987 1.3416957333333333
-13581862.737188324 4434024.209583443 1.3416957333333333
-13581860.89918784 4434023.708861903 1.3416957333333333
-13581859.06118738 4434023.208140374 1.3416957333333333
-13581857.22318688 4434022.707418834 1.3416957333333333
-13581855.385186378 4434022.206697289 1.3416957333333333
-13581853.873708775 4434020.61630556 1.3416957333333333
-13581852.413256168 4434018.8556335885 1.3416957333333333
-13581850.734762968 4434017.822605335 1.3416957333333333
-13581848.94032702 4434017.176500381 1.3416957333333333
-13581847.283145389 4434016.0723512685 1.3416957333333333
-13581845.442360144 4434015.580923061 1.3416957333333333
-13581843.601574885 4434015.08949485 1.3416957333333333
-13581841.76078962 4434014.598066634 1.3416957333333333
-13581839.92000435 4434014.106638418 1.3416957333333333
-13581838.361788755 4434012.672220486 1.3416957333333333
-13581836.897649892 4434010.9238502085 1.3416957333333333
-13581835.416672245 4434009.2316741645 1.3416957333333333
-13581833.925447246 4434007.573695599 1.3416957333333333
-13581832.0810857 4434007.094202169 1.3416957333333333
-13581830.23672415 4434006.614708738 1.3416957333333333
-13581828.392362582 4434006.1352153 1.3416957333333333
-13581826.548001032 4434005.655721867 1.3416957333333333
-13581824.703639504 4434005.176228443 1.3416957333333333
-13581822.902356263 4434004.552974293 1.3416957333333333
-13581821.4347136 4434002.816296827 1.3416957333333333
-13581819.967070969 4434001.079619348 1.3416957333333333
-13581818.239947297 4434000.208880383 1.3416957333333333
-13581816.393140469 4433999.737547286 1.3416957333333333
-13581814.54633364 4433999.266214187 1.3416957333333333
-13581812.699526835 4433998.794881097 1.3416957333333333
-13581810.852720017 4433998.323548003 1.3416957333333333
-13581809.00591318 4433997.852214903 1.3416957333333333
-13581807.491608584 4433996.27125743 1.3416957333333333
-13581805.98579449 4433994.661965491 1.3416957333333333
-13581804.148279082 4433994.159625156 1.3416957333333333
-13581802.29960509 4433993.694523118 1.3416957333333333
-13581800.450931115 4433993.229421085 1.3416957333333333
-13581798.602257162 4433992.76431906 1.3416957333333333
-13581796.753583176 4433992.299217026 1.3416957333333333
-13581795.074410636 4433991.268455775 1.3416957333333333
-13581793.600256149 4433989.553509577 1.3416957333333333
-13581791.79638577 4433988.938889294 1.3416957333333333
-13581789.94607017 4433988.479265713 1.3416957333333333
-13581788.095754536 4433988.019642118 1.3416957333333333
-13581786.245438928 4433987.560018532 1.3416957333333333
-13581784.395123333 4433987.10039495 1.3416957333333333
-13581782.711450376 4433986.084652518 1.3416957333333333
-13581781.0547038 4433984.979051502 1.3416957333333333
-13581779.203366837 4433984.522836351 1.3416957333333333
-13581777.352029892 4433984.066621208 1.3416957333333333
-13581775.500692934 4433983.610406061 1.3416957333333333
-13581773.649355965 4433983.154190907 1.3416957333333333
-13581771.879143462 4433982.427247742 1.3416957333333333
-13581770.30373511 4433981.050205336 1.3416957333333333
-13581768.45136824 4433980.597427212 1.3416957333333333
-13581766.599001354 4433980.144649081 1.3416957333333333
-13581764.746634498 4433979.69187096 1.3416957333333333
-13581762.894267634 4433979.239092839 1.3416957333333333
-13581761.099602653 4433978.593752225 1.3416957333333333
-13581759.58005916 4433977.030277937 1.3416957333333333
-13581757.734288009 4433976.555488671 1.3416957333333333
-13581755.880752042 4433976.106612044 1.3416957333333333
-13581754.02721606 4433975.657735411 1.3416957333333333
-13581752.173680097 4433975.208858782 1.3416957333333333
-13581750.369416958 4433974.595549248 1.3416957333333333
-13581748.861564156 4433972.993060824 1.3416957333333333
-13581747.006848084 4433972.548122385 1.3416957333333333
-13581745.152132023 4433972.103183951 1.3416957333333333
-13581743.29741598 4433971.658245522 1.3416957333333333
-13581741.44269993 4433971.213307093 1.3416957333333333
-13581739.685463049 4433970.443061661 1.3416957333333333
-13581738.081180785 4433969.162377084 1.3416957333333333
-13581736.225406231 4433968.720971102 1.3416957333333333
-13581734.369631669 4433968.279565116 1.3416957333333333
-13581732.513857093 4433967.838159128 1.3416957333333333
-13581730.658082517 4433967.396753138 1.3416957333333333
-13581729.044875875 4433966.145850995 1.3416957333333333
-13581727.464356288 4433964.785865757 1.3416957333333333
-13581725.606976964 4433964.349815112 1.3416957333333333
-13581723.74959766 4433963.913764475 1.3416957333333333
-13581721.892218351 4433963.477713836 1.3416957333333333
-13581720.034839042 4433963.041663198 1.3416957333333333
-13581718.391835451 4433961.890199143 1.3416957333333333
-13581716.533781333 4433961.45640048 1.3416957333333333
-13581714.675727228 4433961.022601824 1.3416957333333333
-13581712.817673096 4433960.58880316 1.3416957333333333
-13581710.95961896 4433960.155004491 1.3416957333333333
-13581709.313655524 4433959.013418109 1.3416957333333333
-13581707.53981576 4433958.298579801 1.3416957333333333
-13581705.68081097 4433957.867953683 1.3416957333333333
-13581703.821806174 4433957.437327564 1.3416957333333333
-13581701.962801402 4433957.006701453 1.3416957333333333
-13581700.312163765 4433955.88071375 1.3416957333333333
-13581698.454430452 4433955.445844431 1.3416957333333333
-13581696.594742104 4433955.017499521 1.3416957333333333
-13581694.735053752 4433954.58915461 1.3416957333333333
-13581692.890284631 4433954.111021316 1.3416957333333333
-13581691.22365617 4433953.038398042 1.3416957333333333
-13581689.363280697 4433952.612346182 1.3416957333333333
-13581687.50290524 4433952.18629433 1.3416957333333333
-13581685.642529756 4433951.760242469 1.3416957333333333
-13581683.91344016 4433950.896064115 1.3416957333333333
-13581682.251396334 4433949.808141077 1.3416957333333333
-13581680.389913592 4433949.385784427 1.3416957333333333
-13581678.528430846 4433948.9634277765 1.3416957333333333
-13581676.666948069 4433948.541071113 1.3416957333333333
-13581674.983149713 4433947.525747168 1.3416957333333333
-13581673.147990646 4433947.015543299 1.3416957333333333
-13581671.285810864 4433946.595512767 1.3416957333333333
-13581669.423631072 4433946.175482232 1.3416957333333333
-13581667.617978098 4433945.566810743 1.3416957333333333
-13581666.06418272 4433944.117641683 1.3416957333333333
-13581664.20073888 4433943.701829555 1.3416957333333333
-13581662.337295026 4433943.286017422 1.3416957333333333
-13581660.47385119 4433942.870205295 1.3416957333333333
-13581658.765878826 4433941.93555471 1.3416957333333333
-13581656.907484142 4433941.502892571 1.3416957333333333
-13581655.04347444 4433941.088968777 1.3416957333333333
-13581653.179464769 4433940.675044993 1.3416957333333333
-13581651.451000046 4433939.8087813845 1.3416957333333333
-13581649.730096174 4433938.917285655 1.3416957333333333
-13581647.865090176 4433938.506686751 1.3416957333333333
-13581646.000084188 4433938.096087853 1.3416957333333333
-13581644.170636255 4433937.566824779 1.3416957333333333
-13581642.427964984 4433936.7479711445 1.3416957333333333
-13581640.56238624 4433936.339283565 1.3416957333333333
-13581638.69680752 4433935.930595992 1.3416957333333333
-13581636.911332132 4433935.254588017 1.3416957333333333
-13581635.239592023 4433934.1990233 1.3416957333333333
-13581633.373004982 4433933.793700673 1.3416957333333333
-13581631.506417936 4433933.3883780455 1.3416957333333333
-13581629.6835603 4433932.837121881 1.3416957333333333
-13581627.928432172 4433932.059839156 1.3416957333333333
-13581626.061265374 4433931.656451259 1.3416957333333333
-13581624.194098594 4433931.2530633705 1.3416957333333333
-13581622.481064456 4433930.335304854 1.3416957333333333
-13581620.613315316 4433929.933860304 1.3416957333333333
-13581618.745566186 4433929.532415758 1.3416957333333333
-13581616.87781707 4433929.130971217 1.3416957333333333
-13581615.162549036 4433928.220667705 1.3416957333333333
-13581613.294214956 4433927.821175178 1.3416957333333333
-13581611.425880896 4433927.421682658 1.3416957333333333
-13581609.670299904 4433926.64591132 1.3416957333333333
-13581607.877855944 4433925.993158819 1.3416957333333333
-13581606.00878695 4433925.596118897 1.3416957333333333
-13581604.139717951 4433925.199078973 1.3416957333333333
-13581602.376811052 4433924.447755628 1.3416957333333333
-13581600.493662488 4433924.09770198 1.3416957333333333
-13581598.610513913 4433923.747648323 1.3416957333333333
-13581596.774444764 4433923.240481605 1.3416957333333333
-13581594.904932965 4433922.844919398 1.3416957333333333
-13581593.035421165 4433922.449357188 1.3416957333333333
-13581591.31274428 4433921.563778412 1.3416957333333333
-13581589.442639668 4433921.170194621 1.3416957333333333
-13581587.572535047 4433920.776610831 1.3416957333333333
-13581585.849632677 4433919.891784484 1.3416957333333333
-13581584.32668396 4433918.339674087 1.3416957333333333
-13581582.470901512 4433917.89829444 1.3416957333333333
-13581580.598700814 4433917.511705653 1.3416957333333333
-13581578.79922359 4433916.882424488 1.3416957333333333
-13581576.926720724 4433916.496844047 1.3416957333333333
-13581575.054217882 4433916.111263612 1.3416957333333333
-13581573.303980716 4433915.317658851 1.3416957333333333
-13581571.45272952 4433914.86115746 1.3416957333333333
-13581569.579620298 4433914.477600603 1.3416957333333333
-13581567.822208032 4433913.707940561 1.3416957333333333
-13581566.082950328 4433912.877695214 1.3416957333333333
-13581564.20877319 4433912.497702125 1.3416957333333333
-13581562.36456451 4433912.017698538 1.3416957333333333
-13581560.566569796 4433911.383470046 1.3416957333333333
-13581558.691932503 4433911.0050126 1.3416957333333333
-13581556.91373548 4433910.304715265 1.3416957333333333
-13581555.294568656 4433909.073703357 1.3416957333333333
-13581553.418385765 4433908.70040396 1.3416957333333333
-13581551.542202866 4433908.327104561 1.3416957333333333
-13581549.841178412 4433907.369267351 1.3416957333333333
-13581547.96421594 4433906.998569571 1.3416957333333333
-13581546.09791422 4433906.592294739 1.3416957333333333
-13581544.384069638 4433905.677240818 1.3416957333333333
-13581542.50632325 4433905.309159091 1.3416957333333333
-13581540.677753763 4433904.776964493 1.3416957333333333
-13581538.819686957 4433904.343208156 1.3416957333333333
-13581536.941625675 4433903.976177204 1.3416957333333333
-13581535.200492855 4433903.1521894885 1.3416957333333333
-13581533.321799677 4433902.787267426 1.3416957333333333
-13581531.464252137 4433902.351778167 1.3416957333333333
-13581529.700074011 4433901.604697038 1.3416957333333333
-13581527.820745943 4433901.241893657 1.3416957333333333
-13581526.11288916 4433900.306857388 1.3416957333333333
-13581524.263894685 4433899.842824956 1.3416957333333333
-13581522.38360873 4433899.483218142 1.3416957333333333
-13581520.570263889 4433898.900215943 1.3416957333333333
-13581518.689657187 4433898.541679645 1.3416957333333333
-13581516.809050478 4433898.18314334 1.3416957333333333
-13581514.928443762 4433897.824607033 1.3416957333333333
-13581513.113648606 4433897.246444772 1.3416957333333333
-13581511.23272038 4433896.888981481 1.3416957333333333
-13581509.417113272 4433896.313528888 1.3416957333333333
-13581507.535862736 4433895.957141111 1.3416957333333333
-13581505.703522747 4433895.437529421 1.3416957333333333
-13581503.837866884 4433895.029099251 1.3416957333333333
-13581501.968618874 4433894.632656767 1.3416957333333333
-13581500.138728768 4433894.104869261 1.3416957333333333
-13581498.256831408 4433893.750640108 1.3416957333333333
-13581496.438444415 4433893.184464602 1.3416957333333333
-13581494.55622249 4433892.83131856 1.3416957333333333
-13581492.80016731 4433892.057129598 1.3416957333333333
-13581490.917293992 4433891.706157443 1.3416957333333333
-13581489.09707351 4433891.146100582 1.3416957333333333
-13581487.213873316 4433890.796219208 1.3416957333333333
-13581485.39281866 4433890.238946111 1.3416957333333333
-13581483.50929086 4433889.890158108 1.3416957333333333
-13581481.687398702 4433889.335679948 1.3416957333333333
-13581479.803542472 4433888.987987876 1.3416957333333333
-13581477.980809448 4433888.436315877 1.3416957333333333
-13581476.144987976 4433887.928322559 1.3416957333333333
-13581474.27304677 4433887.540867792 1.3416957333333333
-13581472.44895257 4433886.993738225 1.3416957333333333
-13581470.564106464 4433886.649349608 1.3416957333333333
-13581468.82902961 4433885.805152019 1.3416957333333333
-13581466.92239514 4433885.533475366 1.3416957333333333
-13581465.028186202 4433885.220332288 1.3416957333333333
-13581463.142676244 4433884.878159067 1.3416957333333333
-13581461.2571663 4433884.535985851 1.3416957333333333
-13581459.430177884 4433883.998514922 1.3416957333333333
-13581457.544334795 4433883.657453345 1.3416957333333333
-13581455.716484971 4433883.122857084 1.3416957333333333
-13581453.888104971 4433882.590030155 1.3416957333333333
-13581452.001593305 4433882.25119985 1.3416957333333333
-13581450.1723457 4433881.72126822 1.3416957333333333
-13581448.285498517 4433881.383557546 1.3416957333333333
-13581446.45537983 4433880.856532961 1.3416957333333333
-13581444.653055012 4433880.236754798 1.3416957333333333
-13581442.765365455 4433879.901855276 1.3416957333333333
-13581440.961790826 4433879.286248003 1.3416957333333333
-13581439.129510388 4433878.766437572 1.3416957333333333
-13581437.240973614 4433878.434365429 1.3416957333333333
-13581435.40780748 4433877.917510663 1.3416957333333333
-13581433.593918888 4433877.336323111 1.3416957333333333
-13581431.767372333 4433876.797377616 1.3416957333333333
-13581429.959888851 4433876.194814823 1.3416957333333333
-13581428.078717794 4433875.838161861 1.3416957333333333
-13581426.233715467 4433875.360806868 1.3416957333333333
-13581424.397230756 4433874.855026897 1.3416957333333333
-13581422.560185883 4433874.351116269 1.3416957333333333
-13581420.668903084 4433874.028208112 1.3416957333333333
-13581418.777620304 4433873.705299966 1.3416957333333333
-13581416.939319229 4433873.205581555 1.3416957333333333
-13581415.047689416 4433872.883831423 1.3416957333333333
-13581413.20847456 4433872.387162504 1.3416957333333333
-13581411.316496916 4433872.066573221 1.3416957333333333
-13581409.476364505 4433871.572966343 1.3416957333333333
-13581407.635660289 4433871.081267613 1.3416957333333333
-13581405.845905704 4433870.419540146 1.3416957333333333
-13581403.975836389 4433870.025838592 1.3416957333333333
-13581402.110095998 4433869.617690455 1.3416957333333333
-13581400.267083598 4433869.133694596 1.3416957333333333
-13581398.474100815 4433868.482740244 1.3416957333333333
-13581396.629690502 4433868.003409601 1.3416957333333333
-13581394.784692224 4433867.526041077 1.3416957333333333
-13581392.89573427 4433867.195374409 1.3416957333333333
-13581391.028454036 4433866.792365064 1.3416957333333333
-13581389.147382548 4433866.435379857 1.3416957333333333
-13581387.251521925 4433866.127748822 1.3416957333333333
-13581385.365168829 4433865.788389268 1.3416957333333333
-13581383.505830856 4433865.35887506 1.3416957333333333
-13581381.62425672 4433865.003567324 1.3416957333333333
-13581379.763257986 4433864.579595362 1.3416957333333333
-13581377.914085992 4433864.116155261 1.3416957333333333
-13581376.03844885 4433863.741034591 1.3416957333333333
-13581374.16701176 4433863.351897484 1.3416957333333333
-13581372.316268934 4433862.893699579 1.3416957333333333
-13581370.459724223 4433862.45486368 1.3416957333333333
-13581368.566893974 4433862.137119748 1.3416957333333333
-13581366.691719158 4433861.760456158 1.3416957333333333
-13581364.816180738 4433861.385005934 1.3416957333333333
-13581362.918245437 4433861.084298523 1.3416957333333333
-13581361.064124266 4433860.637374851 1.3416957333333333
-13581359.203497175 4433860.212162682 1.3416957333333333
-13581357.332823591 4433859.820477545 1.3416957333333333
-13581355.455444545 4433859.451169908 1.3416957333333333
-13581353.599545684 4433859.010178801 1.3416957333333333
-13581351.74302051 4433858.571277702 1.3416957333333333
-13581349.885866692 4433858.134474489 1.3416957333333333
-13581347.98527907 4433857.842618357 1.3416957333333333
-13581346.148870433 4433857.336584572 1.3416957333333333
-13581344.299875917 4433856.872552277 1.3416957333333333
-13581342.408909312 4433856.548588852 1.3416957333333333
-13581340.56242777 4433856.0761702405 1.3416957333333333
-13581338.729609149 4433855.558155871 1.3416957333333333
-13581336.909292724 4433854.998419187 1.3416957333333333
-13581335.046750786 4433854.57959721 1.3416957333333333
-13581333.224418135 4433854.026589026 1.3416957333333333
-13581331.400981655 4433853.477264625 1.3416957333333333
-13581329.576432848 4433852.931652228 1.3416957333333333
-13581327.770982454 4433852.322304669 1.3416957333333333
-13581325.974199591 4433851.684031957 1.3416957333333333
-13581324.212567074 4433850.928455709 1.3416957333333333
-13581322.346826818 4433850.520307168 1.3416957333333333
-13581320.51621124 4433849.994940694 1.3416957333333333
-13581318.704285352 4433849.407203223 1.3416957333333333
-13581316.81967542 4433849.062026473 1.3416957333333333
-13581314.95851766 4433848.638585154 1.3416957333333333
-13581313.131758224 4433848.1003500605 1.3416957333333333
-13581311.29589725 4433847.592488609 1.3416957333333333
-13581309.430474889 4433847.183279185 1.3416957333333333
-13581307.591885794 4433846.684521922 1.3416957333333333
-13581305.714055734 4433846.316719356 1.3416957333333333
-13581303.83550672 4433845.951316179 1.3416957333333333
-13581301.91894732 4433845.712760965 1.3416957333333333
-13581299.974330371 4433845.567839177 1.3416957333333333
-13581298.028884666 4433845.42568321 1.3416957333333333
-13581296.02096317 4433845.492021055 1.3416957333333333
-13581294.058351984 4433845.407149595 1.3416957333333333
-13581292.11346827 4433845.263118047 1.3416957333333333
-13581290.160192426 4433845.147092743 1.3416957333333333
-13581288.184662731 4433845.105332935 1.3416957333333333
-13581286.251359127 4433844.922656341 1.3416957333333333
-13581284.338852732 4433844.670575418 1.3416957333333333
-13581282.426346349 4433844.418494503 1.3416957333333333
-13581280.605541496 4433843.860387862 1.3416957333333333
-13581278.82569981 4433843.165579159 1.3416957333333333
-13581277.165293256 4433842.072192129 1.3416957333333333
-13581275.454936478 4433841.145498783 1.3416957333333333
-13581273.698433105 4433840.372805624 1.3416957333333333
-13581272.0094639 4433839.374737802 1.3416957333333333
-13581270.321241649 4433838.374177221 1.3416957333333333
-13581268.650973275 4433837.313701046 1.3416957333333333
-13581266.894255508 4433836.541723373 1.3416957333333333
-13581265.104883652 4433835.878718662 1.3416957333333333
-13581263.368370771 4433835.039313247 1.3416957333333333
-13581261.52162326 4433834.567782315 1.3416957333333333
-13581259.665718373 4433834.126811199 1.3416957333333333
-13581257.86865614 4433833.4894707175 1.3416957333333333
-13581255.923259232 4433833.347151858 1.3416957333333333
-13581255.923259232 4433833.347151858 1.3416957333333333
-13581255.923259232 4433833.347151858 1.3416957333333333
-13581255.923259232 4433833.347151858 1.3416957333333333
-13581255.923259232 4433833.347151858 1.3416957333333333
-13581255.923259232 4433833.347151858 1.3416957333333333
-13581255.923259232 4433833.347151858 1.3416957333333333
-13581255.923259232 4433833.347151858 1.3416957333333333
-13581255.923259232 4433833.347151858 1.3416957333333333
-13581255.923259232 4433833.347151858 1.3416957333333333
-13581255.923259232 4433833.347151858 1.3416957333333333
-13581255.923259232 4433833.347151858 1.3416957333333333
-13581255.923259232 4433833.347151858 1.3416957333333333
-13581255.923259232 4433833.347151858 1.3416957333333333
-13581255.923259232 4433833.347151858 1.3416957333333333
-13581255.923259232 4433833.347151858 1.3416957333333333
-13581255.923259232 4433833.347151858 1.3416957333333333
-13581255.923259232 4433833.347151858 1.3416957333333333
-13581255.923259232 4433833.347151858 1.3416957333333333
-13581255.923259232 4433833.347151858 1.3416957333333333
-13581255.923259232 4433833.347151858 1.3416957333333333
-13581255.923259232 4433833.347151858 1.3416957333333333
-13581255.923259232 4433833.347151858 1.3416957333333333
-13581255.923259232 4433833.347151858 1.3416957333333333
-13581255.923259232 4433833.347151858 1.3416957333333333
-13581255.923259232 4433833.347151858 1.3416957333333333
-13581255.923259232 4433833.347151858 1.3416957333333333
-13581255.923259232 4433833.347151858 1.3416957333333333
-13581924.45487732 4434070.356139489 1.0357104000000001
-13581922.63544357 4434069.793457184 1.0357104000000001
-13581921.042890163 4434068.473631131 1.0357104000000001
-13581919.59474552 4434066.671884962 1.0357104000000001
-13581918.1466009 4434064.870138785 1.0357104000000001
-13581916.376728805 4434064.142059727 1.0357104000000001
-13581914.554939909 4434063.587236918 1.0357104000000001
-13581912.733151004 4434063.032414104 1.0357104000000001
-13581910.91136212 4434062.477591297 1.0357104000000001
-13581909.089573262 4434061.922768496 1.0357104000000001
-13581907.267784392 4434061.367945695 1.0357104000000001
-13581905.445995472 4434060.813122878 1.0357104000000001
-13581903.954456028 4434059.156193655 1.0357104000000001
-13581902.481541106 4434057.43711086 1.0357104000000001
-13581900.658153092 4434056.887624671 1.0357104000000001
-13581899.59703806 4434053.794285672 1.0357104000000001
-13581897.868451864 4434052.928427376 1.0357104000000001
-13581896.043031355 4434052.385724082 1.0357104000000001
-13581894.303788789 4434051.555428226 1.0357104000000001
-13581892.478162898 4434051.013410179 1.0357104000000001
-13581890.82455346 4434049.897339993 1.0357104000000001
-13581888.998515764 4434049.356696331 1.0357104000000001
-13581887.17247806 4434048.816052668 1.0357104000000001
-13581885.464588098 4434047.881126998 1.0357104000000001
-13581884.008018794 4434046.107495637 1.0357104000000001
-13581882.551449526 4434044.333864263 1.0357104000000001
-13581881.094880205 4434042.560232905 1.0357104000000001
-13581879.638310874 4434040.786601555 1.0357104000000001
-13581877.938889995 4434039.823412979 1.0357104000000001
-13581876.1086475 4434039.2968016 1.0357104000000001
-13581874.278404992 4434038.770190219 1.0357104000000001
-13581872.710311878 4434037.368735314 1.0357104000000001
-13581870.879424777 4434036.844275107 1.0357104000000001
-13581869.048537651 4434036.319814895 1.0357104000000001
-13581867.217650512 4434035.795354676 1.0357104000000001
-13581865.557329806 4434034.701681294 1.0357104000000001
-13581864.096877186 4434032.941009325 1.0357104000000001
-13581862.63642456 4434031.180337359 1.0357104000000001
-13581861.116234835 4434029.619019593 1.0357104000000001
-13581859.370634932 4434028.809939394 1.0357104000000001
-13581857.536468487 4434028.296423025 1.0357104000000001
-13581855.702302 4434027.782906645 1.0357104000000001
-13581853.955986137 4434026.976215676 1.0357104000000001
-13581852.121597636 4434026.46344023 1.0357104000000001
-13581850.28720916 4434025.95066479 1.0357104000000001
-13581848.610760815 4434024.910812451 1.0357104000000001
-13581847.146621916 4434023.16244218 1.0357104000000001
-13581845.682483057 4434021.414071896 1.0357104000000001
-13581844.218344212 4434019.665701609 1.0357104000000001
-13581842.519182988 4434018.701646531 1.0357104000000001
-13581840.681182494 4434018.200924991 1.0357104000000001
-13581838.843181996 4434017.7002034485 1.0357104000000001
-13581837.005181529 4434017.199481916 1.0357104000000001
-13581835.16718104 4434016.698760379 1.0357104000000001
-13581833.329180537 4434016.198038835 1.0357104000000001
-13581831.708212148 4434014.973039127 1.0357104000000001
-13581830.240569508 4434013.236361653 1.0357104000000001
-13581828.51910849 4434012.346725311 1.0357104000000001
-13581826.767805638 4434011.556676889 1.0357104000000001
-13581824.927722814 4434011.062904516 1.0357104000000001
-13581823.087640015 4434010.569132153 1.0357104000000001
-13581821.24755718 4434010.0753597785 1.0357104000000001
-13581819.40747434 4434009.5815874 1.0357104000000001
-13581817.788448986 4434008.350103432 1.0357104000000001
-13581816.317471787 4434006.624554006 1.0357104000000001
-13581814.67731656 4434005.463584442 1.0357104000000001
-13581812.835113714 4434004.976886952 1.0357104000000001
-13581810.992910895 4434004.49018947 1.0357104000000001
-13581809.15070806 4434004.003491986 1.0357104000000001
-13581807.30850521 4434003.516794493 1.0357104000000001
-13581805.466302384 4434003.030097011 1.0357104000000001
-13581803.919337586 4434001.558132957 1.0357104000000001
-13581802.39463478 4434000.011876295 1.0357104000000001
-13581800.550756326 4433999.530770613 1.0357104000000001
-13581798.706877893 4433999.049664935 1.0357104000000001
-13581796.862999478 4433998.568559267 1.0357104000000001
-13581795.01912103 4433998.087453588 1.0357104000000001
-13581793.17524258 4433997.606347905 1.0357104000000001
-13581791.574562669 4433996.313641572 1.0357104000000001
-13581790.097072214 4433994.609828202 1.0357104000000001
-13581788.339044215 4433993.84222299 1.0357104000000001
-13581786.493221467 4433993.367605764 1.0357104000000001
-13581784.647398744 4433992.892988547 1.0357104000000001
-13581782.801576035 4433992.418371336 1.0357104000000001
-13581780.955753312 4433991.94375412 1.0357104000000001
-13581779.279542357 4433990.903109522 1.0357104000000001
-13581777.784307985 4433989.258510939 1.0357104000000001
-13581775.937006105 4433988.788830023 1.0357104000000001
-13581774.089704202 4433988.319149106 1.0357104000000001
-13581772.242402287 4433987.84946818 1.0357104000000001
-13581770.395100398 4433987.379787263 1.0357104000000001
-13581768.547798503 4433986.910106346 1.0357104000000001
-13581767.030989422 4433985.337506801 1.0357104000000001
-13581765.456011984 4433983.959026276 1.0357104000000001
-13581763.606961194 4433983.495181803 1.0357104000000001
-13581761.757910397 4433983.031337329 1.0357104000000001
-13581759.908859564 4433982.567492842 1.0357104000000001
-13581758.05980876 4433982.103648364 1.0357104000000001
-13581756.311394358 4433981.303960739 1.0357104000000001
-13581754.618193747 4433980.320013934 1.0357104000000001
-13581752.76838562 4433979.85869673 1.0357104000000001
-13581750.918577507 4433979.397379532 1.0357104000000001
-13581749.068769416 4433978.936062342 1.0357104000000001
-13581747.218961293 4433978.474745142 1.0357104000000001
-13581745.623431051 4433977.164853318 1.0357104000000001
-13581743.7728609 4433976.70607918 1.0357104000000001
-13581741.922290768 4433976.247305048 1.0357104000000001
-13581740.071720628 4433975.788530915 1.0357104000000001
-13581738.221150454 4433975.329756769 1.0357104000000001
-13581736.497183422 4433974.448483482 1.0357104000000001
-13581734.939669168 4433973.011725042 1.0357104000000001
-13581733.08781833 4433972.557224811 1.0357104000000001
-13581731.235967487 4433972.102724577 1.0357104000000001
-13581729.38411664 4433971.648224342 1.0357104000000001
-13581727.53226582 4433971.1937241135 1.0357104000000001
-13581725.84693019 4433970.18353033 1.0357104000000001
-13581723.994563306 4433969.730752199 1.0357104000000001
-13581722.142196445 4433969.277974077 1.0357104000000001
-13581720.289829576 4433968.825195953 1.0357104000000001
-13581718.437462706 4433968.372417829 1.0357104000000001
-13581716.832291324 4433967.094700354 1.0357104000000001
-13581714.979146332 4433966.644518969 1.0357104000000001
-13581713.126001362 4433966.194337593 1.0357104000000001
-13581711.27285636 4433965.744156207 1.0357104000000001
-13581709.419711351 4433965.293974818 1.0357104000000001
-13581707.811411282 4433964.0266985 1.0357104000000001
-13581705.957483243 4433963.579130296 1.0357104000000001
-13581704.103555197 4433963.131562089 1.0357104000000001
-13581702.249627149 4433962.683993881 1.0357104000000001
-13581700.395699125 4433962.23642568 1.0357104000000001
-13581698.703239864 4433961.250004838 1.0357104000000001
-13581696.84878702 4433960.804187955 1.0357104000000001
-13581694.9943342 4433960.358371082 1.0357104000000001
-13581693.139881372 4433959.912554207 1.0357104000000001
-13581691.419699345 4433959.018649633 1.0357104000000001
-13581689.590493644 4433958.488578129 1.0357104000000001
-13581687.7355138 4433958.04452 1.0357104000000001
-13581685.880533976 4433957.600461882 1.0357104000000001
-13581684.025554122 4433957.156403752 1.0357104000000001
-13581682.407943778 4433955.920197517 1.0357104000000001
-13581680.552169211 4433955.478791532 1.0357104000000001
-13581678.69639466 4433955.037385552 1.0357104000000001
-13581676.8406201 4433954.595979572 1.0357104000000001
-13581675.141803997 4433953.63077267 1.0357104000000001
-13581673.285496794 4433953.191144193 1.0357104000000001
-13581671.429189604 4433952.751515722 1.0357104000000001
-13581669.572882405 4433952.311887247 1.0357104000000001
-13581667.806725776 4433951.571408788 1.0357104000000001
-13581666.170838987 4433950.39619461 1.0357104000000001
-13581664.31345969 4433949.960143973 1.0357104000000001
-13581662.456080375 4433949.524093335 1.0357104000000001
-13581660.598701052 4433949.088042688 1.0357104000000001
-13581658.895447934 4433948.137643082 1.0357104000000001
-13581657.037529124 4433947.703392866 1.0357104000000001
-13581655.179610312 4433947.269142648 1.0357104000000001
-13581653.321691483 4433946.834892425 1.0357104000000001
-13581651.692950582 4433945.63583112 1.0357104000000001
-13581649.834218172 4433945.204296061 1.0357104000000001
-13581647.97548573 4433944.772760988 1.0357104000000001
-13581646.116753316 4433944.341225923 1.0357104000000001
-13581644.409448128 4433943.404348873 1.0357104000000001
-13581642.550170386 4433942.974633666 1.0357104000000001
-13581640.690892637 4433942.544918456 1.0357104000000001
-13581638.831614884 4433942.115203246 1.0357104000000001
-13581637.197416216 4433940.934355569 1.0357104000000001
-13581635.337316062 4433940.507384904 1.0357104000000001
-13581633.477215895 4433940.080414231 1.0357104000000001
-13581631.617115753 4433939.653443567 1.0357104000000001
-13581629.98024844 4433938.481501637 1.0357104000000001
-13581628.119320529 4433938.057293375 1.0357104000000001
-13581626.258392597 4433937.633085106 1.0357104000000001
-13581624.403304877 4433937.189386983 1.0357104000000001
-13581622.757894509 4433936.0459549455 1.0357104000000001
-13581620.896133415 4433935.624527118 1.0357104000000001
-13581619.034372324 4433935.203099286 1.0357104000000001
-13581617.258936215 4433934.493588283 1.0357104000000001
-13581615.456992796 4433933.872537375 1.0357104000000001
-13581613.594673248 4433933.452973287 1.0357104000000001
-13581611.73235367 4433933.033409186 1.0357104000000001
-13581610.015132912 4433932.129622276 1.0357104000000001
-13581608.152252456 4433931.711930069 1.0357104000000001
-13581606.289371988 4433931.294237859 1.0357104000000001
-13581604.556800986 4433930.441677662 1.0357104000000001
-13581602.707092082 4433929.980029344 1.0357104000000001
-13581600.843648257 4433929.56421722 1.0357104000000001
-13581598.999610148 4433929.083644391 1.0357104000000001
-13581597.18788925 4433928.495222723 1.0357104000000001
-13581595.324162817 4433928.08035374 1.0357104000000001
-13581593.464376273 4433927.652336466 1.0357104000000001
-13581591.73773501 4433926.779987548 1.0357104000000001
-13581589.873441469 4433926.367011041 1.0357104000000001
-13581588.009147936 4433925.95403454 1.0357104000000001
-13581586.35499234 4433924.839786978 1.0357104000000001
-13581584.48984345 4433924.429664843 1.0357104000000001
-13581582.624694584 4433924.019542716 1.0357104000000001
-13581580.898691634 4433923.145063725 1.0357104000000001
-13581579.0329694 4433922.736855037 1.0357104000000001
-13581577.16724716 4433922.328646345 1.0357104000000001
-13581575.370465863 4433921.690368335 1.0357104000000001
-13581573.504456012 4433921.283119543 1.0357104000000001
-13581571.63844614 4433920.875870748 1.0357104000000001
-13581569.977577155 4433919.784026984 1.0357104000000001
-13581568.11070056 4433919.379670649 1.0357104000000001
-13581566.243823964 4433918.975314313 1.0357104000000001
-13581564.444761006 4433918.344650689 1.0357104000000001
-13581562.577594193 4433917.941262789 1.0357104000000001
-13581560.710427394 4433917.537874893 1.0357104000000001
-13581558.977594044 4433916.686190303 1.0357104000000001
-13581557.176944133 4433916.060822615 1.0357104000000001
-13581555.308902852 4433915.66035299 1.0357104000000001
-13581553.727436133 4433914.30352851 1.0357104000000001
-13581552.04054713 4433913.298518696 1.0357104000000001
-13581550.170442512 4433912.904934905 1.0357104000000001
-13581548.336402686 4433912.390995789 1.0357104000000001
-13581546.496760445 4433911.895753167 1.0357104000000001
-13581544.626358395 4433911.503161916 1.0357104000000001
-13581542.888267072 4433910.669024079 1.0357104000000001
-13581541.017268185 4433910.278424626 1.0357104000000001
-13581539.146269295 4433909.887825171 1.0357104000000001
-13581537.406380557 4433909.05968571 1.0357104000000001
-13581535.534782104 4433908.67108705 1.0357104000000001
-13581533.728359647 4433908.064983496 1.0357104000000001
-13581531.85646044 4433907.677388646 1.0357104000000001
-13581529.987721952 4433907.279245755 1.0357104000000001
-13581528.177081162 4433906.687219549 1.0357104000000001
-13581526.30488046 4433906.300630761 1.0357104000000001
-13581524.432679776 4433905.91404197 1.0357104000000001
-13581522.560479082 4433905.527453184 1.0357104000000001
-13581520.751635024 4433904.929430904 1.0357104000000001
-13581518.879132168 4433904.543850465 1.0357104000000001
-13581517.069524148 4433903.9483778095 1.0357104000000001
-13581515.19671845 4433903.563808013 1.0357104000000001
-13581513.386343462 4433902.970894804 1.0357104000000001
-13581511.513234226 4433902.587337939 1.0357104000000001
-13581509.666713316 4433902.115050761 1.0357104000000001
-13581507.890476482 4433901.408211937 1.0357104000000001
-13581506.016758109 4433901.026687869 1.0357104000000001
-13581504.204370065 4433900.440492669 1.0357104000000001
-13581502.330346098 4433900.059988487 1.0357104000000001
-13581500.517179858 4433899.47639025 1.0357104000000001
-13581498.642849566 4433899.096908262 1.0357104000000001
-13581496.828902122 4433898.515917064 1.0357104000000001
-13581494.95426486 4433898.137459633 1.0357104000000001
-13581493.139533164 4433897.559085594 1.0357104000000001
-13581491.264588157 4433897.181655034 1.0357104000000001
-13581489.449069196 4433896.60590833 1.0357104000000001
-13581487.573815793 4433896.229507011 1.0357104000000001
-13581485.757506462 4433895.656397852 1.0357104000000001
-13581483.881943922 4433895.281028135 1.0357104000000001
-13581482.064841188 4433894.710566803 1.0357104000000001
-13581480.223956324 4433894.219470985 1.0357104000000001
-13581478.429176066 4433893.574515113 1.0357104000000001
-13581476.55268191 4433893.202254443 1.0357104000000001
-13581474.676187752 4433892.829993774 1.0357104000000001
-13581472.799693588 4433892.457733103 1.0357104000000001
-13581470.92319941 4433892.085472425 1.0357104000000001
-13581469.046705246 4433891.7132117525 1.0357104000000001
-13581467.170211105 4433891.34095109 1.0357104000000001
-13581465.293716932 4433890.968690417 1.0357104000000001
-13581463.472967368 4433890.410399155 1.0357104000000001
-13581461.596161228 4433890.0391796045 1.0357104000000001
-13581459.719355104 4433889.667960061 1.0357104000000001
-13581457.897484098 4433889.113411343 1.0357104000000001
-13581456.02941896 4433888.713021288 1.0357104000000001
-13581454.197681576 4433888.191398567 1.0357104000000001
-13581452.374496236 4433887.64123606 1.0357104000000001
-13581450.49674984 4433887.273154331 1.0357104000000001
-13581448.61900344 4433886.905072598 1.0357104000000001
-13581446.794684904 4433886.358691699 1.0357104000000001
-13581444.916623654 4433885.991660755 1.0357104000000001
-13581443.038562387 4433885.624629806 1.0357104000000001
-13581441.213106008 4433885.082046098 1.0357104000000001
-13581439.376106726 4433884.5779833775 1.0357104000000001
-13581437.508446587 4433884.176241867 1.0357104000000001
-13581435.68165164 4433883.638125274 1.0357104000000001
-13581433.802641362 4433883.274261306 1.0357104000000001
-13581431.923631117 4433882.910397353 1.0357104000000001
-13581430.11537353 4433882.310418014 1.0357104000000001
-13581428.246629331 4433881.912294106 1.0357104000000001
-13581426.337030236 4433881.650511023 1.0357104000000001
-13581424.45770218 4433881.287707645 1.0357104000000001
-13581422.578374114 4433880.9249042645 1.0357104000000001
-13581420.74863776 4433880.396603687 1.0357104000000001
-13581418.91837918 4433879.870045869 1.0357104000000001
-13581417.038413296 4433879.509371056 1.0357104000000001
-13581415.20731064 4433878.985630118 1.0357104000000001
-13581413.327024696 4433878.6260233 1.0357104000000001
-13581411.495074634 4433878.105110354 1.0357104000000001
-13581409.662595332 4433877.585963569 1.0357104000000001
-13581407.829584932 4433877.068589149 1.0357104000000001
-13581405.996041551 4433876.552993323 1.0357104000000001
-13581404.11446799 4433876.197683588 1.0357104000000001
-13581402.26311247 4433875.741530474 1.0357104000000001
-13581400.49219489 4433875.016940234 1.0357104000000001
-13581398.609647635 4433874.664879846 1.0357104000000001
-13581396.69163052 4433874.431189312 1.0357104000000001
-13581394.79846076 4433874.114578394 1.0357104000000001
-13581392.91623885 4433873.761432359 1.0357104000000001
-13581391.079458669 4433873.256638335 1.0357104000000001
-13581389.196911428 4433872.904577954 1.0357104000000001
-13581387.35926084 4433872.402688786 1.0357104000000001
-13581385.476387512 4433872.0517166285 1.0357104000000001
-13581383.637862988 4433871.552743846 1.0357104000000001
-13581381.7546628 4433871.202862475 1.0357104000000001
-13581379.915260928 4433870.706817726 1.0357104000000001
-13581378.02572675 4433870.37807407 1.0357104000000001
-13581376.10506224 4433870.153218362 1.0357104000000001
-13581374.264677469 4433869.6604537 1.0357104000000001
-13581372.395627616 4433869.2633499205 1.0357104000000001
-13581370.455461685 4433869.103574258 1.0357104000000001
-13581368.530527525 4433868.8929672055 1.0357104000000001
-13581366.647654211 4433868.541995053 1.0357104000000001
-13581364.805861128 4433868.053930152 1.0357104000000001
-13581362.922660924 4433867.704048773 1.0357104000000001
-13581361.079982745 4433867.218937647 1.0357104000000001
-13581359.206229191 4433866.837531035 1.0357104000000001
-13581357.352888104 4433866.388004059 1.0357104000000001
-13581355.469031869 4433866.040311993 1.0357104000000001
-13581353.585175648 4433865.692619934 1.0357104000000001
-13581351.70131945 4433865.344927886 1.0357104000000001
-13581349.856202072 4433864.867956753 1.0357104000000001
-13581347.968097942 4433864.534440737 1.0357104000000001
-13581346.049750762 4433864.301851698 1.0357104000000001
-13581344.203645868 4433863.828176203 1.0357104000000001
-13581342.319460474 4433863.48158269 1.0357104000000001
-13581340.472455898 4433863.010909447 1.0357104000000001
-13581338.62487886 4433862.542146721 1.0357104000000001
-13581336.740032766 4433862.197758113 1.0357104000000001
-13581334.85518666 4433861.8533695005 1.0357104000000001
-13581332.970340544 4433861.508980883 1.0357104000000001
-13581331.085494423 4433861.164592267 1.0357104000000001
-13581329.200648334 4433860.82020366 1.0357104000000001
-13581327.350839116 4433860.358890149 1.0357104000000001
-13581325.465661462 4433860.0156079065 1.0357104000000001
-13581323.64947704 4433859.4420819655 1.0357104000000001
-13581321.776893249 4433859.056771642 1.0357104000000001
-13581319.884666054 4433858.737015149 1.0357104000000001
-13581318.02556608 4433858.306706633 1.0357104000000001
-13581316.139389126 4433857.966759374 1.0357104000000001
-13581314.253212163 4433857.626812114 1.0357104000000001
-13581312.334418628 4433857.395712551 1.0357104000000001
-13581310.416369705 4433857.162128168 1.0357104000000001
-13581308.467341138 4433857.031928921 1.0357104000000001
-13581306.55117936 4433856.792046774 1.0357104000000001
-13581304.578367474 4433856.741216998 1.0357104000000001
-13581302.629960973 4433856.608941695 1.0357104000000001
-13581300.700285014 4433856.414159058 1.0357104000000001
-13581298.805142868 4433856.1041303165 1.0357104000000001
-13581296.864774851 4433855.945029016 1.0357104000000001
-13581294.983201295 4433855.589719291 1.0357104000000001
-13581293.13001906 4433855.139662223 1.0357104000000001
-13581291.304454884 4433854.597438308 1.0357104000000001
-13581289.477853604 4433854.058675338 1.0357104000000001
-13581287.65585528 4433853.504551486 1.0357104000000001
-13581285.904740289 4433852.713876308 1.0357104000000001
-13581284.079094712 4433852.171923991 1.0357104000000001
-13581282.297953244 4433851.481452813 1.0357104000000001
-13581280.43769665 4433851.055004217 1.0357104000000001
-13581278.631005244 4433850.449798275 1.0357104000000001
-13581276.795882711 4433849.93947249 1.0357104000000001
-13581275.00447231 4433849.283270692 1.0357104000000001
-13581273.202128554 4433848.663555734 1.0357104000000001
-13581271.391179444 4433848.072558564 1.0357104000000001
-13581269.538819326 4433847.619757906 1.0357104000000001
-13581267.707370017 4433847.097173793 1.0357104000000001
-13581265.799670694 4433846.829050737 1.0357104000000001
-13581263.538873209 4433847.739284856 1.0357104000000001
-13581263.538873209 4433847.739284856 1.0357104000000001
-13581263.538873209 4433847.739284856 1.0357104000000001
-13581263.538873209 4433847.739284856 1.0357104000000001
-13581263.538873209 4433847.739284856 1.0357104000000001
-13581263.538873209 4433847.739284856 1.0357104000000001
-13581263.538873209 4433847.739284856 1.0357104000000001
-13581263.538873209 4433847.739284856 1.0357104000000001
-13581263.538873209 4433847.739284856 1.0357104000000001
-13581263.538873209 4433847.739284856 1.0357104000000001
-13581263.538873209 4433847.739284856 1.0357104000000001
-13581263.538873209 4433847.739284856 1.0357104000000001
-13581263.538873209 4433847.739284856 1.0357104000000001
-13581263.538873209 4433847.739284856 1.0357104000000001
-13581263.538873209 4433847.739284856 1.0357104000000001
-13581263.538873209 4433847.739284856 1.0357104000000001
-13581263.538873209 4433847.739284856 1.0357104000000001
-13581263.538873209 4433847.739284856 1.0357104000000001
-13581263.538873209 4433847.739284856 1.0357104000000001
-13581263.538873209 4433847.739284856 1.0357104000000001
-13581263.538873209 4433847.739284856 1.0357104000000001
-13581263.538873209 4433847.739284856 1.0357104000000001
-13581263.538873209 4433847.739284856 1.0357104000000001
-13581263.538873209 4433847.739284856 1.0357104000000001
-13581263.538873209 4433847.739284856 1.0357104000000001
-13581263.538873209 4433847.739284856 1.0357104000000001
-13581263.538873209 4433847.739284856 1.0357104000000001
-13581263.538873209 4433847.739284856 1.0357104000000001
-13581263.538873209 4433847.739284856 1.0357104000000001
-13581263.538873209 4433847.739284856 1.0357104000000001
-13581263.538873209 4433847.739284856 1.0357104000000001
-13581263.538873209 4433847.739284856 1.0357104000000001
-13581263.538873209 4433847.739284856 1.0357104000000001
-13581263.538873209 4433847.739284856 1.0357104000000001
-13581923.939179389 4434072.077123498 0.7748016000000001
-13581922.46621251 4434070.35821405 0.7748016000000001
-13581920.64716629 4434069.794238452 0.7748016000000001
-13581918.828120044 4434069.230262846 0.7748016000000001
-13581917.093031786 4434068.386103245 0.7748016000000001
-13581915.27379201 4434067.822773716 0.7748016000000001
-13581913.538274772 4434066.980045642 0.7748016000000001
-13581911.718840992 4434066.417363326 0.7748016000000001
-13581909.899407232 4434065.854681017 0.7748016000000001
-13581908.31187404 4434064.518101621 0.7748016000000001
-13581906.859401396 4434062.730798958 0.7748016000000001
-13581905.406928688 4434060.943496315 0.7748016000000001
-13581903.708749415 4434059.97616427 0.7748016000000001
-13581902.140727503 4434058.574471945 0.7748016000000001
-13581900.318142004 4434058.022307611 0.7748016000000001
-13581899.59703806 4434053.794285672 0.7748016000000001
-13581897.9550405 4434052.639464296 0.7748016000000001
-13581896.129414655 4434052.097446263 0.7748016000000001
-13581894.303788789 4434051.555428226 0.7748016000000001
-13581892.478162898 4434051.013410179 0.7748016000000001
-13581892.224232206 4434045.226340561 0.7748016000000001
-13581890.39484345 4434044.696880037 0.7748016000000001
-13581888.565454686 4434044.167419513 0.7748016000000001
-13581886.736065902 4434043.63795898 0.7748016000000001
-13581884.906677138 4434043.108498453 0.7748016000000001
-13581883.077288406 4434042.579037937 0.7748016000000001
-13581881.247899627 4434042.049577409 0.7748016000000001
-13581879.638310874 4434040.786601551 0.7748016000000001
-13581878.181741567 4434039.012970191 0.7748016000000001
-13581876.725172283 4434037.239338824 0.7748016000000001
-13581875.268602991 4434035.465707459 0.7748016000000001
-13581873.812033648 4434033.692076108 0.7748016000000001
-13581872.209800277 4434032.404554051 0.7748016000000001
-13581870.3756338 4434031.891037675 0.7748016000000001
-13581868.541467307 4434031.377521289 0.7748016000000001
-13581866.707300844 4434030.864004913 0.7748016000000001
-13581864.873134376 4434030.350488536 0.7748016000000001
-13581863.038967902 4434029.836972158 0.7748016000000001
-13581861.204801409 4434029.323455773 0.7748016000000001
-13581859.715519285 4434027.658993432 0.7748016000000001
-13581858.25506669 4434025.898321455 0.7748016000000001
-13581856.794614049 4434024.137649491 0.7748016000000001
-13581855.334161405 4434022.37697753 0.7748016000000001
-13581853.54718589 4434021.70597575 0.7748016000000001
-13581851.709185423 4434021.205254219 0.7748016000000001
-13581849.871184943 4434020.704532686 0.7748016000000001
-13581848.03318443 4434020.203811138 0.7748016000000001
-13581846.195183944 4434019.7030896 0.7748016000000001
-13581844.357183471 4434019.202368068 0.7748016000000001
-13581842.75420535 4434017.9173313305 0.7748016000000001
-13581841.217769546 4434016.410229929 0.7748016000000001
-13581839.37838496 4434015.914127362 0.7748016000000001
-13581837.5390004 4434015.418024804 0.7748016000000001
-13581835.699615823 4434014.921922242 0.7748016000000001
-13581833.860231232 4434014.425819672 0.7748016000000001
-13581832.020846665 4434013.929717112 0.7748016000000001
-13581830.240569508 4434013.236361651 0.7748016000000001
-13581828.77292686 4434011.499684185 0.7748016000000001
-13581827.213198757 4434010.070313676 0.7748016000000001
-13581825.371942865 4434009.5804560585 0.7748016000000001
-13581823.530686997 4434009.09059845 0.7748016000000001
-13581821.689431094 4434008.600740831 0.7748016000000001
-13581819.848175185 4434008.110883208 0.7748016000000001
-13581818.006919308 4434007.621025596 0.7748016000000001
-13581816.317471787 4434006.6245540045 0.7748016000000001
-13581814.846494578 4434004.89900458 0.7748016000000001
-13581813.100948108 4434004.089746017 0.7748016000000001
-13581811.258030072 4434003.605435362 0.7748016000000001
-13581809.415112017 4434003.121124703 0.7748016000000001
-13581807.572193949 4434002.636814037 0.7748016000000001
-13581805.7292759 4434002.15250338 0.7748016000000001
-13581803.919337586 4434001.558132956 0.7748016000000001
-13581802.445183096 4433999.843186763 0.7748016000000001
-13581800.638758566 4433999.237090074 0.7748016000000001
-13581798.794638816 4433998.756789703 0.7748016000000001
-13581796.950519092 4433998.276489341 0.7748016000000001
-13581795.106399331 4433997.796188968 0.7748016000000001
-13581793.262279566 4433997.315888591 0.7748016000000001
-13581791.574562669 4433996.313641572 0.7748016000000001
-13581790.097377304 4433994.608810059 0.7748016000000001
-13581788.426773034 4433993.5494549135 0.7748016000000001
-13581786.580705011 4433993.075656204 0.7748016000000001
-13581784.73463702 4433992.601857501 0.7748016000000001
-13581782.888569042 4433992.128058805 0.7748016000000001
-13581781.04250105 4433991.6542601045 0.7748016000000001
-13581779.279542357 4433990.903109522 0.7748016000000001
-13581777.784307985 4433989.258510939 0.7748016000000001
-13581775.937006105 4433988.788830023 0.7748016000000001
-13581774.089704202 4433988.319149106 0.7748016000000001
-13581772.242402287 4433987.84946818 0.7748016000000001
-13581770.395100398 4433987.379787263 0.7748016000000001
-13581768.547798503 4433986.910106346 0.7748016000000001
-13581767.030989422 4433985.337506803 0.7748016000000001
-13581765.196596283 4433984.824746782 0.7748016000000001
-13581763.348298116 4433984.358390661 0.7748016000000001
-13581761.49999994 4433983.89203454 0.7748016000000001
-13581759.651701732 4433983.425678405 0.7748016000000001
-13581757.803403549 4433982.959322278 0.7748016000000001
-13581756.296328388 4433981.3542388 0.7748016000000001
-13581754.44702567 4433980.891235005 0.7748016000000001
-13581752.597722936 4433980.428231203 0.7748016000000001
-13581750.748420216 4433979.965227406 0.7748016000000001
-13581748.899117522 4433979.502223618 0.7748016000000001
-13581747.125614667 4433978.786260937 0.7748016000000001
-13581745.45373642 4433977.73115722 0.7748016000000001
-13581743.60367482 4433977.270685948 0.7748016000000001
-13581741.75361324 4433976.810214681 0.7748016000000001
-13581739.90355165 4433976.349743414 0.7748016000000001
-13581738.053490026 4433975.889272133 0.7748016000000001
-13581736.454417435 4433974.591201865 0.7748016000000001
-13581734.603592232 4433974.133278954 0.7748016000000001
-13581732.752767012 4433973.675356038 0.7748016000000001
-13581730.901941787 4433973.217433118 0.7748016000000001
-13581729.051116558 4433972.759510198 0.7748016000000001
-13581727.401787931 4433971.62915413 0.7748016000000001
-13581725.680414978 4433970.739223888 0.7748016000000001
-13581723.828564128 4433970.284723651 0.7748016000000001
-13581721.9767133 4433969.830223421 0.7748016000000001
-13581720.124862466 4433969.375723191 0.7748016000000001
-13581718.34871934 4433968.66857165 0.7748016000000001
-13581716.50304246 4433968.193467664 0.7748016000000001
-13581714.650933878 4433967.739827581 0.7748016000000001
-13581712.798825318 4433967.286187508 0.7748016000000001
-13581710.946716724 4433966.832547425 0.7748016000000001
-13581709.216223456 4433965.973053398 0.7748016000000001
-13581707.363727184 4433965.520707159 0.7748016000000001
-13581705.511230895 4433965.068360916 0.7748016000000001
-13581703.658734605 4433964.616014671 0.7748016000000001
-13581701.859129615 4433963.987159873 0.7748016000000001
-13581700.153986402 4433963.043067911 0.7748016000000001
-13581698.300841408 4433962.59288653 0.7748016000000001
-13581696.4476964 4433962.142705141 0.7748016000000001
-13581694.594551416 4433961.692523761 0.7748016000000001
-13581692.91062184 4433960.677637731 0.7748016000000001
-13581691.086342478 4433960.131126144 0.7748016000000001
-13581689.232545204 4433959.683121487 0.7748016000000001
-13581687.37874795 4433959.235116833 0.7748016000000001
-13581685.541827658 4433958.730790555 0.7748016000000001
-13581683.828258086 4433957.814818894 0.7748016000000001
-13581681.973936578 4433957.368563717 0.7748016000000001
-13581680.119615082 4433956.922308547 0.7748016000000001
-13581678.265293604 4433956.476053381 0.7748016000000001
-13581676.605634756 4433955.380171244 0.7748016000000001
-13581674.750654886 4433954.936113109 0.7748016000000001
-13581672.89567504 4433954.492054981 0.7748016000000001
-13581671.04069521 4433954.047996859 0.7748016000000001
-13581669.31353361 4433953.177384464 0.7748016000000001
-13581667.561747251 4433952.388949637 0.7748016000000001
-13581665.705972675 4433951.947543649 0.7748016000000001
-13581663.850198124 4433951.506137667 0.7748016000000001
-13581662.010715509 4433951.010362276 0.7748016000000001
-13581660.291346371 4433950.113744863 0.7748016000000001
-13581658.435039178 4433949.674116391 0.7748016000000001
-13581656.57873198 4433949.234487917 0.7748016000000001
-13581654.73802846 4433948.742786925 0.7748016000000001
-13581653.017327216 4433947.85061501 0.7748016000000001
-13581651.16048512 4433947.412771639 0.7748016000000001
-13581649.303643014 4433946.974928268 0.7748016000000001
-13581647.493950874 4433946.379736196 0.7748016000000001
-13581645.739666555 4433945.599637566 0.7748016000000001
-13581643.88228726 4433945.1635869285 0.7748016000000001
-13581642.02490795 4433944.727536287 0.7748016000000001
-13581640.277061978 4433943.925951622 0.7748016000000001
-13581638.458340976 4433943.360890679 0.7748016000000001
-13581636.600422176 4433942.926640465 0.7748016000000001
-13581634.742503362 4433942.492390249 0.7748016000000001
-13581633.03178748 4433941.566895247 0.7748016000000001
-13581631.173326854 4433941.13445319 0.7748016000000001
-13581629.314866226 4433940.702011132 0.7748016000000001
-13581627.456405591 4433940.269569072 0.7748016000000001
-13581625.743605131 4433939.351030709 0.7748016000000001
-13581623.884600349 4433938.920404591 0.7748016000000001
-13581622.025595585 4433938.489778482 0.7748016000000001
-13581620.294390762 4433937.632659063 0.7748016000000001
-13581618.451688737 4433937.147627423 0.7748016000000001
-13581616.592137448 4433936.718825087 0.7748016000000001
-13581614.732586175 4433936.290022756 0.7748016000000001
-13581612.944497306 4433935.622736503 0.7748016000000001
-13581611.08467186 4433935.194849003 0.7748016000000001
-13581609.224846436 4433934.766961511 0.7748016000000001
-13581607.506759765 4433933.866064365 0.7748016000000001
-13581605.646384291 4433933.440012506 0.7748016000000001
-13581603.786008809 4433933.013960644 0.7748016000000001
-13581602.04301478 4433932.196184096 0.7748016000000001
-13581600.205401808 4433931.6941694 0.7748016000000001
-13581598.344473893 4433931.269961137 0.7748016000000001
-13581596.51027369 4433930.756557265 0.7748016000000001
-13581594.69208695 4433930.189713491 0.7748016000000001
-13581592.830881909 4433929.766430024 0.7748016000000001
-13581590.99845377 4433929.247112427 0.7748016000000001
-13581589.246195022 4433928.460254071 0.7748016000000001
-13581587.384433957 4433928.038826248 0.7748016000000001
-13581585.522672884 4433927.617398425 0.7748016000000001
-13581583.729161631 4433926.968207592 0.7748016000000001
-13581581.86712162 4433926.547710616 0.7748016000000001
-13581580.03401174 4433926.030668225 0.7748016000000001
-13581578.210601704 4433925.48125553 0.7748016000000001
-13581576.348282143 4433925.061691436 0.7748016000000001
-13581574.579731574 4433924.329202016 0.7748016000000001
-13581572.757523537 4433923.775778068 0.7748016000000001
-13581570.894643068 4433923.358085857 0.7748016000000001
-13581569.143049655 4433922.569007096 0.7748016000000001
-13581567.36826598 4433921.857318833 0.7748016000000001
-13581565.50453953 4433921.442449843 0.7748016000000001
-13581563.723246789 4433920.752483571 0.7748016000000001
-13581561.909038303 4433920.172363447 0.7748016000000001
-13581560.044744762 4433919.75938694 0.7748016000000001
-13581558.311845088 4433918.90792369 0.7748016000000001
-13581556.446981946 4433918.496848007 0.7748016000000001
-13581554.5821188 4433918.085772319 0.7748016000000001
-13581552.7823127 4433917.457588706 0.7748016000000001
-13581550.917163849 4433917.047466586 0.7748016000000001
-13581549.091183238 4433916.506632417 0.7748016000000001
-13581547.25120765 4433916.012502086 0.7748016000000001
-13581545.38577243 4433915.603335628 0.7748016000000001
-13581543.64829811 4433914.76713877 0.7748016000000001
-13581541.782288233 4433914.359889964 0.7748016000000001
-13581539.923935642 4433913.927087362 0.7748016000000001
-13581538.113596724 4433913.334053827 0.7748016000000001
-13581536.247298583 4433912.927767049 0.7748016000000001
-13581534.38100043 4433912.521480262 0.7748016000000001
-13581532.51470229 4433912.115193482 0.7748016000000001
-13581530.648404172 4433911.708906709 0.7748016000000001
-13581528.782106023 4433911.302619926 0.7748016000000001
-13581526.977543049 4433910.690310874 0.7748016000000001
-13581525.110955996 4433910.284988245 0.7748016000000001
-13581523.29326299 4433909.716496763 0.7748016000000001
-13581521.438785486 4433909.270762258 0.7748016000000001
-13581519.571908858 4433908.866405913 0.7748016000000001
-13581517.82628449 4433908.057407353 0.7748016000000001
-13581515.958826864 4433907.654990056 0.7748016000000001
-13581514.151614916 4433907.051521202 0.7748016000000001
-13581512.283865778 4433906.650076654 0.7748016000000001
-13581510.475912388 4433906.049082096 0.7748016000000001
-13581508.607871134 4433905.648612481 0.7748016000000001
-13581506.739829862 4433905.248142861 0.7748016000000001
-13581504.87178858 4433904.847673234 0.7748016000000001
-13581503.062505385 4433904.251116558 0.7748016000000001
-13581501.194171328 4433903.851624041 0.7748016000000001
-13581499.32583727 4433903.452131521 0.7748016000000001
-13581497.457503194 4433903.0526389945 0.7748016000000001
-13581495.704729447 4433902.267499291 0.7748016000000001
-13581493.835807864 4433901.869967542 0.7748016000000001
-13581491.966886248 4433901.472435776 0.7748016000000001
-13581490.097964626 4433901.0749040125 0.7748016000000001
-13581488.285838269 4433900.487835535 0.7748016000000001
-13581486.4166219 4433900.091287454 0.7748016000000001
-13581484.603737272 4433899.506749401 0.7748016000000001
-13581482.77274264 4433898.982647928 0.7748016000000001
-13581480.92057973 4433898.5291892085 0.7748016000000001
-13581479.050771851 4433898.134615101 0.7748016000000001
-13581477.18096396 4433897.740040985 0.7748016000000001
-13581475.311156092 4433897.345466879 0.7748016000000001
-13581473.44134822 4433896.950892771 0.7748016000000001
-13581471.571540346 4433896.556318661 0.7748016000000001
-13581469.701732457 4433896.161744542 0.7748016000000001
-13581467.836279346 4433895.752637734 0.7748016000000001
-13581466.015734306 4433895.19366407 0.7748016000000001
-13581464.199070465 4433894.621737977 0.7748016000000001
-13581462.328668404 4433894.229146715 0.7748016000000001
-13581460.511231348 4433893.659801019 0.7748016000000001
-13581458.640531233 4433893.2682045465 0.7748016000000001
-13581456.769831108 4433892.876608075 0.7748016000000001
-13581454.951319093 4433892.310849637 0.7748016000000001
-13581453.10199758 4433891.847908554 0.7748016000000001
-13581451.261028407 4433891.357094152 0.7748016000000001
-13581449.441253915 4433890.795548933 0.7748016000000001
-13581447.569655472 4433890.406950275 0.7748016000000001
-13581445.698057022 4433890.018351616 0.7748016000000001
-13581443.877196644 4433889.460430276 0.7748016000000001
-13581442.055848915 4433888.904135251 0.7748016000000001
-13581440.1836482 4433888.517546455 0.7748016000000001
-13581438.311447509 4433888.130957669 0.7748016000000001
-13581436.439246813 4433887.744368881 0.7748016000000001
-13581434.567046111 4433887.357780092 0.7748016000000001
-13581432.694845391 4433886.971191296 0.7748016000000001
-13581430.822644709 4433886.584602513 0.7748016000000001
-13581428.950444017 4433886.1980137285 0.7748016000000001
-13581427.126492186 4433885.650409007 0.7748016000000001
-13581425.302044924 4433885.104457729 0.7748016000000001
-13581423.42923924 4433884.719887937 0.7748016000000001
-13581421.556433544 4433884.33531814 0.7748016000000001
-13581419.73088207 4433883.793051807 0.7748016000000001
-13581417.8813016 4433883.330974878 0.7748016000000001
-13581416.031416938 4433882.869913203 0.7748016000000001
-13581414.158003489 4433882.487371585 0.7748016000000001
-13581412.284590026 4433882.1048299605 0.7748016000000001
-13581410.411176588 4433881.722288346 0.7748016000000001
-13581408.583403312 4433881.1874366375 0.7748016000000001
-13581406.709684951 4433880.805912575 0.7748016000000001
-13581404.835966574 4433880.424388507 0.7748016000000001
-13581402.962248212 4433880.042864447 0.7748016000000001
-13581401.053116592 4433879.779521387 0.7748016000000001
-13581399.170695905 4433879.427038647 0.7748016000000001
-13581397.29728244 4433879.0444970215 0.7748016000000001
-13581395.467374764 4433878.516768197 0.7748016000000001
-13581393.59365642 4433878.135244138 0.7748016000000001
-13581391.719938068 4433877.7537200805 0.7748016000000001
-13581389.84621968 4433877.372196008 0.7748016000000001
-13581387.999747444 4433876.899746345 0.7748016000000001
-13581386.140859926 4433876.468728936 0.7748016000000001
-13581384.266835958 4433876.08822475 0.7748016000000001
-13581382.392811969 4433875.707720558 0.7748016000000001
-13581380.518788 4433875.327216371 0.7748016000000001
-13581378.627493972 4433875.004345814 0.7748016000000001
-13581376.730191166 4433874.701527579 0.7748016000000001
-13581374.856472788 4433874.320003512 0.7748016000000001
-13581372.98275444 4433873.938479456 0.7748016000000001
-13581371.10903608 4433873.556955395 0.7748016000000001
-13581369.196080726 4433873.306372761 0.7748016000000001
-13581367.322667263 4433872.923831142 0.7748016000000001
-13581365.449253837 4433872.541289531 0.7748016000000001
-13581363.565205514 4433872.194238544 0.7748016000000001
-13581361.664495995 4433871.902789141 0.7748016000000001
-13581359.826264812 4433871.402837527 0.7748016000000001
-13581357.918277558 4433871.135675428 0.7748016000000001
-13581356.044659069 4433870.753818082 0.7748016000000001
-13581354.135428395 4433870.490805417 0.7748016000000001
-13581352.262622695 4433870.106235621 0.7748016000000001
-13581350.389817026 4433869.721665835 0.7748016000000001
-13581348.517011316 4433869.337096035 0.7748016000000001
-13581346.644205602 4433868.952526229 0.7748016000000001
-13581344.771399904 4433868.567956432 0.7748016000000001
-13581342.898594225 4433868.18338664 0.7748016000000001
-13581341.025788536 4433867.798816848 0.7748016000000001
-13581339.18718526 4433867.300106822 0.7748016000000001
-13581337.297328493 4433866.972439755 0.7748016000000001
-13581335.407371432 4433866.645107449 0.7748016000000001
-13581333.567857595 4433866.149436248 0.7748016000000001
-13581331.694748364 4433865.765879384 0.7748016000000001
-13581329.8543983 4433865.272998792 0.7748016000000001
-13581327.98098487 4433864.89045718 0.7748016000000001
-13581326.10757142 4433864.507915564 0.7748016000000001
-13581324.234157955 4433864.125373939 0.7748016000000001
-13581322.329202222 4433863.848095086 0.7748016000000001
-13581320.428010704 4433863.558254296 0.7748016000000001
-13581318.47757038 4433863.432766302 0.7748016000000001
-13581316.52404518 4433863.317573073 0.7748016000000001
-13581314.532471316 4433863.329355752 0.7748016000000001
-13581312.542008571 4433863.337430375 0.7748016000000001
-13581310.526599074 4433863.428757001 0.7748016000000001
-13581308.529662976 4433863.458434424 0.7748016000000001
-13581306.534876814 4433863.480937155 0.7748016000000001
-13581304.556239698 4433863.449547331 0.7748016000000001
-13581302.692194672 4433863.035741438 0.7748016000000001
-13581300.775406562 4433862.797949439 0.7748016000000001
-13581298.862668522 4433862.546641683 0.7748016000000001
-13581296.988793358 4433862.165640895 0.7748016000000001
-13581295.1334258 4433861.722876576 0.7748016000000001
-13581293.365278842 4433860.989040307 0.7748016000000001
-13581291.58622214 4433860.29161195 0.7748016000000001
-13581289.870955974 4433859.381302185 0.7748016000000001
-13581288.104074672 4433858.643242064 0.7748016000000001
-13581286.335754337 4433857.909984347 0.7748016000000001
-13581284.591268089 4433857.097187772 0.7748016000000001
-13581282.824901786 4433856.3574090265 0.7748016000000001
-13581281.06622785 4433855.591959335 0.7748016000000001
-13581279.272235196 4433854.94437512 0.7748016000000001
-13581277.423117995 4433854.480752278 0.7748016000000001
-13581275.62170264 4433853.8579391055 0.7748016000000001
-13581273.747065326 4433853.479481653 0.7748016000000001
-13581271.708755076 4433853.64723265 0.7748016000000001
-13581269.265564334 4433855.166148429 0.7748016000000001
-13581266.325762471 4433858.342351768 0.7748016000000001
-13581266.325762471 4433858.342351768 0.7748016000000001
-13581266.325762471 4433858.342351768 0.7748016000000001
-13581266.325762471 4433858.342351768 0.7748016000000001
-13581266.325762471 4433858.342351768 0.7748016000000001
-13581266.325762471 4433858.342351768 0.7748016000000001
-13581266.325762471 4433858.342351768 0.7748016000000001
-13581266.325762471 4433858.342351768 0.7748016000000001
-13581266.325762471 4433858.342351768 0.7748016000000001
-13581266.325762471 4433858.342351768 0.7748016000000001
-13581266.325762471 4433858.342351768 0.7748016000000001
-13581266.325762471 4433858.342351768 0.7748016000000001
-13581266.325762471 4433858.342351768 0.7748016000000001
-13581266.325762471 4433858.342351768 0.7748016000000001
-13581266.325762471 4433858.342351768 0.7748016000000001
-13581266.325762471 4433858.342351768 0.7748016000000001
-13581266.325762471 4433858.342351768 0.7748016000000001
-13581266.325762471 4433858.342351768 0.7748016000000001
-13581266.325762471 4433858.342351768 0.7748016000000001
-13581266.325762471 4433858.342351768 0.7748016000000001
-13581266.325762471 4433858.342351768 0.7748016000000001
-13581266.325762471 4433858.342351768 0.7748016000000001
-13581266.325762471 4433858.342351768 0.7748016000000001
-13581266.325762471 4433858.342351768 0.7748016000000001
-13581266.325762471 4433858.342351768 0.7748016000000001
-13581266.325762471 4433858.342351768 0.7748016000000001
-13581266.325762471 4433858.342351768 0.7748016000000001
-13581266.325762471 4433858.342351768 0.7748016000000001
-13581266.325762471 4433858.342351768 0.7748016000000001
-13581266.325762471 4433858.342351768 0.7748016000000001
-13581266.325762471 4433858.342351768 0.7748016000000001
-13581266.325762471 4433858.342351768 0.7748016000000001
-13581266.325762471 4433858.342351768 0.7748016000000001
-13581266.325762471 4433858.342351768 0.7748016000000001
-13581266.325762471 4433858.342351768 0.7748016000000001
-13581266.325762471 4433858.342351768 0.7748016000000001
-13581266.325762471 4433858.342351768 0.7748016000000001
-13581920.313587552 4434084.176426606 0.5798312
-13581918.503615664 4434083.582168236 0.5798312
-13581916.693643766 4434082.987909866 0.5798312
-13581914.88367184 4434082.393651485 0.5798312
-13581913.139404915 4434081.580122869 0.5798312
-13581911.68283566 4434079.806491492 0.5798312
-13581910.225887224 4434078.034125301 0.5798312
-13581908.414126644 4434077.44583601 0.5798312
-13581906.60236609 4434076.857546728 0.5798312
-13581904.790605564 4434076.269257452 0.5798312
-13581902.978845024 4434075.680968176 0.5798312
-13581901.167084428 4434075.092678881 0.5798312
-13581899.355323875 4434074.504389598 0.5798312
-13581897.687287616 4434073.436464563 0.5798312
-13581895.961744305 4434072.560451622 0.5798312
-13581894.14944102 4434071.973973502 0.5798312
-13581892.337137729 4434071.387495382 0.5798312
-13581890.524834478 4434070.801017272 0.5798312
-13581888.712531202 4434070.214539157 0.5798312
-13581886.900227902 4434069.628061033 0.5798312
-13581885.214232389 4434068.620069477 0.5798312
-13581883.579004375 4434067.442656894 0.5798312
-13581881.765973013 4434066.858608564 0.5798312
-13581879.952941615 4434066.274560226 0.5798312
-13581878.139910247 4434065.690511894 0.5798312
-13581876.326878922 4434065.106463574 0.5798312
-13581874.51384754 4434064.52241524 0.5798312
-13581872.802206278 4434063.600008371 0.5798312
-13581871.334563628 4434061.863330899 0.5798312
-13581869.600558702 4434061.015556101 0.5798312
-13581867.786240762 4434060.435801364 0.5798312
-13581865.971922766 4434059.85604661 0.5798312
-13581864.15760484 4434059.276291874 0.5798312
-13581862.343286883 4434058.696537133 0.5798312
-13581860.528968906 4434058.116782383 0.5798312
-13581858.975810552 4434056.665487459 0.5798312
-13581857.504833365 4434054.939938028 0.5798312
-13581855.83366044 4434053.882480563 0.5798312
-13581854.01747653 4434053.308952781 0.5798312
-13581852.201292649 4434052.735425008 0.5798312
-13581850.385108802 4434052.161897245 0.5798312
-13581848.568924904 4434051.588369468 0.5798312
-13581846.752740996 4434051.014841687 0.5798312
-13581845.195663238 4434049.576626519 0.5798312
-13581843.41789971 4434048.8748826645 0.5798312
-13581841.600960083 4434048.303876992 0.5798312
-13581839.784020407 4434047.732871302 0.5798312
-13581837.967080774 4434047.161865624 0.5798312
-13581836.15014116 4434046.590859951 0.5798312
-13581834.412938865 4434045.753755311 0.5798312
-13581832.935753465 4434044.048923806 0.5798312
-13581831.45856806 4434042.344092304 0.5798312
-13581829.769520711 4434041.346285346 0.5798312
-13581827.950280895 4434040.7829558095 0.5798312
-13581826.13104106 4434040.219626263 0.5798312
-13581824.311801258 4434039.656296728 0.5798312
-13581822.492561452 4434039.092967192 0.5798312
-13581820.721776169 4434038.367935492 0.5798312
-13581819.223611696 4434036.733115176 0.5798312
-13581817.403398622 4434036.173033594 0.5798312
-13581815.583185583 4434035.612952025 0.5798312
-13581813.762972496 4434035.052870442 0.5798312
-13581811.942759397 4434034.492788854 0.5798312
-13581810.122546343 4434033.93270728 0.5798312
-13581808.550696673 4434032.543788859 0.5798312
-13581806.995514913 4434031.099246343 0.5798312
-13581805.173924256 4434030.543761965 0.5798312
-13581803.35233364 4434029.988277597 0.5798312
-13581801.530742995 4434029.432793226 0.5798312
-13581799.709152332 4434028.8773088455 0.5798312
-13581797.96045142 4434028.078577356 0.5798312
-13581796.419741884 4434026.585738289 0.5798312
-13581794.828078477 4434025.262942145 0.5798312
-13581793.004891625 4434024.712784554 0.5798312
-13581791.181704797 4434024.16262697 0.5798312
-13581789.358518 4434023.612469396 0.5798312
-13581787.535331156 4434023.0623118095 0.5798312
-13581785.814402971 4434022.170897209 0.5798312
-13581784.325150974 4434020.506334336 0.5798312
-13581782.573720343 4434019.716712474 0.5798312
-13581780.749117373 4434019.171280879 0.5798312
-13581778.924514351 4434018.625849267 0.5798312
-13581777.172404712 4434017.83849332 0.5798312
-13581775.347597934 4434017.293741894 0.5798312
-13581773.75872126 4434015.961645879 0.5798312
-13581772.268259736 4434014.301119386 0.5798312
-13581770.777798207 4434012.640592895 0.5798312
-13581769.136683868 4434011.482824182 0.5798312
-13581767.382215131 4434010.703340991 0.5798312
-13581765.700973898 4434009.67948335 0.5798312
-13581763.945869569 4434008.902121298 0.5798312
-13581762.411414094 4434007.388411216 0.5798312
-13581760.655523945 4434006.61367156 0.5798312
-13581758.825709095 4434006.085632885 0.5798312
-13581757.257673765 4434004.683985341 0.5798312
-13581755.764879486 4434003.03124378 0.5798312
-13581754.272085156 4434001.378502227 0.5798312
-13581752.779290866 4433999.725760667 0.5798312
-13581751.286496596 4433998.073019099 0.5798312
-13581749.793702306 4433996.420277541 0.5798312
-13581748.242828531 4433994.961358405 0.5798312
-13581746.635546908 4433993.690683284 0.5798312
-13581744.798460102 4433993.186912719 0.5798312
-13581743.037593376 4433992.428780817 0.5798312
-13581741.200278789 4433991.925770246 0.5798312
-13581739.362964213 4433991.422759682 0.5798312
-13581737.784168024 4433990.057023197 0.5798312
-13581736.289133525 4433988.411757693 0.5798312
-13581734.610044982 4433987.38071606 0.5798312
-13581732.77042812 4433986.885388682 0.5798312
-13581730.930811277 4433986.390061309 0.5798312
-13581729.091194414 4433985.894733932 0.5798312
-13581727.301758563 4433985.231942747 0.5798312
-13581725.804570973 4433983.593862451 0.5798312
-13581724.179265646 4433982.383335973 0.5798312
-13581722.33777373 4433981.894266016 0.5798312
-13581720.496281795 4433981.405196049 0.5798312
-13581718.65478989 4433980.916126094 0.5798312
-13581716.851714462 4433980.298852882 0.5798312
-13581715.350162262 4433978.675338162 0.5798312
-13581713.507483076 4433978.190230287 0.5798312
-13581711.66480391 4433977.705122416 0.5798312
-13581709.822124766 4433977.220014555 0.5798312
-13581707.979445588 4433976.734906684 0.5798312
-13581706.432217656 4433975.263820678 0.5798312
-13581704.59377618 4433974.764570863 0.5798312
-13581702.750138568 4433974.282661511 0.5798312
-13581700.906500949 4433973.800752156 0.5798312
-13581699.062863322 4433973.318842799 0.5798312
-13581697.54475577 4433971.750576568 0.5798312
-13581695.822433406 4433970.863814694 0.5798312
-13581693.977343485 4433970.386751921 0.5798312
-13581692.132253584 4433969.909689158 0.5798312
-13581690.287163684 4433969.432626395 0.5798312
-13581688.688295608 4433968.133873627 0.5798312
-13581686.893033348 4433967.490526272 0.5798312
-13581685.046965357 4433967.0167275695 0.5798312
-13581683.200897388 4433966.542928876 0.5798312
-13581681.367996216 4433966.025189895 0.5798312
-13581679.729435775 4433964.85889819 0.5798312
-13581677.882628951 4433964.387565094 0.5798312
-13581676.035822151 4433963.916232004 0.5798312
-13581674.18901534 4433963.444898913 0.5798312
-13581672.488099707 4433962.48669853 0.5798312
-13581670.640797809 4433962.017017609 0.5798312
-13581668.793495923 4433961.547336696 0.5798312
-13581666.946194028 4433961.077655777 0.5798312
-13581665.309391633 4433959.905497156 0.5798312
-13581663.46782175 4433959.416687346 0.5798312
-13581661.619773423 4433958.9494974585 0.5798312
-13581659.77172508 4433958.482307567 0.5798312
-13581658.067074372 4433957.536571901 0.5798312
-13581656.21852584 4433957.071051267 0.5798312
-13581654.369977308 4433956.605530631 0.5798312
-13581652.521428768 4433956.140009994 0.5798312
-13581650.870563654 4433955.01478136 0.5798312
-13581649.107877215 4433954.2627223 0.5798312
-13581647.25832207 4433953.800560934 0.5798312
-13581645.408766888 4433953.338399552 0.5798312
-13581643.690063616 4433952.439560075 0.5798312
-13581641.99150272 4433951.473501634 0.5798312
-13581640.140932571 4433951.014727499 0.5798312
-13581638.290362416 4433950.555953361 0.5798312
-13581636.533843426 4433949.78331223 0.5798312
-13581634.799084151 4433948.938054808 0.5798312
-13581632.947747191 4433948.4818396615 0.5798312
-13581631.09641022 4433948.025624507 0.5798312
-13581629.314549671 4433947.33755313 0.5798312
-13581627.46295605 4433946.882194547 0.5798312
-13581625.611362422 4433946.426835962 0.5798312
-13581623.808812369 4433945.807809396 0.5798312
-13581621.976768076 4433945.287210884 0.5798312
-13581620.124917263 4433944.832710659 0.5798312
-13581618.273066416 4433944.378210424 0.5798312
-13581616.489178907 4433943.696903322 0.5798312
-13581614.637070324 4433943.24326324 0.5798312
-13581612.784961758 4433942.789623164 0.5798312
-13581611.000184156 4433942.111286572 0.5798312
-13581609.147817258 4433941.658508438 0.5798312
-13581607.295450388 4433941.205730312 0.5798312
-13581605.576615252 4433940.307330937 0.5798312
-13581603.72373018 4433939.856282157 0.5798312
-13581601.870845096 4433939.405233374 0.5798312
-13581600.143405776 4433938.535547742 0.5798312
-13581598.297087414 4433938.062584632 0.5798312
-13581596.443681952 4433937.613272475 0.5798312
-13581594.655969355 4433936.94473045 0.5798312
-13581592.802302904 4433936.49628936 0.5798312
-13581590.94863642 4433936.047848259 0.5798312
-13581589.192864502 4433935.272713983 0.5798312
-13581587.371010711 4433934.718107781 0.5798312
-13581585.516820572 4433934.271414322 0.5798312
-13581583.745242769 4433933.549027448 0.5798312
-13581581.937118856 4433932.948601883 0.5798312
-13581580.0824028 4433932.503663446 0.5798312
-13581578.291702976 4433931.845090481 0.5798312
-13581576.436723132 4433931.401032355 0.5798312
-13581574.58174328 4433930.956974225 0.5798312
-13581572.790122388 4433930.301474948 0.5798312
-13581570.934878211 4433929.858298998 0.5798312
-13581569.079634022 4433929.415123045 0.5798312
-13581567.287088588 4433928.762709125 0.5798312
-13581565.4315795 4433928.320417216 0.5798312
-13581563.65370058 4433927.619058372 0.5798312
-13581561.907064626 4433926.8134356765 0.5798312
-13581560.050757406 4433926.373807196 0.5798312
-13581558.25634876 4433925.727611232 0.5798312
-13581556.399774414 4433925.28887436 0.5798312
-13581554.543200027 4433924.850137481 0.5798312
-13581552.870700968 4433923.797105532 0.5798312
-13581551.013321657 4433923.361054892 0.5798312
-13581549.155942362 4433922.925004255 0.5798312
-13581547.35937591 4433922.286009341 0.5798312
-13581545.50172711 4433921.850857938 0.5798312
-13581543.644078355 4433921.415706545 0.5798312
-13581541.78642958 4433920.980555153 0.5798312
-13581539.988643851 4433920.345629111 0.5798312
-13581538.130725048 4433919.911378895 0.5798312
-13581536.272806238 4433919.477128679 0.5798312
-13581534.414887428 4433919.042878457 0.5798312
-13581532.556968598 4433918.608628232 0.5798312
-13581530.75768822 4433917.9786901865 0.5798312
-13581528.899498813 4433917.545343088 0.5798312
-13581527.09953138 4433916.917697836 0.5798312
-13581525.241070729 4433916.485255769 0.5798312
-13581523.382610096 4433916.052813707 0.5798312
-13581521.52414948 4433915.620371653 0.5798312
-13581519.722948946 4433914.996841568 0.5798312
-13581517.8642165 4433914.565306494 0.5798312
-13581516.005484086 4433914.133771429 0.5798312
-13581514.146751683 4433913.70223637 0.5798312
-13581512.33622338 4433913.109834833 0.5798312
-13581510.444280332 4433912.789130055 0.5798312
-13581508.626303572 4433912.221585422 0.5798312
-13581506.767298805 4433911.790959313 0.5798312
-13581504.908294016 4433911.360333196 0.5798312
-13581503.049289212 4433910.929707072 0.5798312
-13581501.190284437 4433910.499080959 0.5798312
-13581499.331279656 4433910.068454846 0.5798312
-13581497.526506448 4433909.456847437 0.5798312
-13581495.667228688 4433909.0271322215 0.5798312
-13581493.807950947 4433908.597417013 0.5798312
-13581491.94867323 4433908.167701814 0.5798312
-13581490.089395477 4433907.737986604 0.5798312
-13581488.230117718 4433907.308271391 0.5798312
-13581486.370839989 4433906.87855619 0.5798312
-13581484.511562249 4433906.448840983 0.5798312
-13581482.652284496 4433906.019125773 0.5798312
-13581480.793006744 4433905.589410561 0.5798312
-13581478.93372902 4433905.159695358 0.5798312
-13581477.074451275 4433904.72998015 0.5798312
-13581475.215173518 4433904.300264934 0.5798312
-13581473.355895784 4433903.870549729 0.5798312
-13581471.496618047 4433903.440834523 0.5798312
-13581469.637340304 4433903.011119317 0.5798312
-13581467.778062545 4433902.581404102 0.5798312
-13581465.96201856 4433902.00740947 0.5798312
-13581464.108931866 4433901.557033623 0.5798312
-13581462.249380566 4433901.128231285 0.5798312
-13581460.42189995 4433900.592402843 0.5798312
-13581458.578987105 4433900.108074803 0.5798312
-13581456.719161697 4433899.680187318 0.5798312
-13581454.907601276 4433899.091230186 0.5798312
-13581453.047501097 4433898.66425951 0.5798312
-13581451.187400946 4433898.237288838 0.5798312
-13581449.32730081 4433897.810318178 0.5798312
-13581447.467200655 4433897.38334751 0.5798312
-13581445.607100498 4433896.956376841 0.5798312
-13581443.747000333 4433896.529406172 0.5798312
-13581441.8869002 4433896.10243551 0.5798312
-13581440.026800046 4433895.675464843 0.5798312
-13581438.166699875 4433895.24849417 0.5798312
-13581436.306599734 4433894.821523504 0.5798312
-13581434.446499588 4433894.394552839 0.5798312
-13581432.616655998 4433893.866610159 0.5798312
-13581430.726299267 4433893.540611499 0.5798312
-13581428.866199132 4433893.11364084 0.5798312
-13581427.006098988 4433892.686670179 0.5798312
-13581425.145998808 4433892.259699501 0.5798312
-13581423.285898656 4433891.832728832 0.5798312
-13581421.46921217 4433891.260878401 0.5798312
-13581419.587213753 4433890.906986497 0.5798312
-13581417.705598207 4433890.551816835 0.5798312
-13581415.888085725 4433889.982722816 0.5798312
-13581414.070114316 4433889.415160433 0.5798312
-13581412.209462918 4433888.990029373 0.5798312
-13581410.348811503 4433888.564898306 0.5798312
-13581408.488160118 4433888.139767248 0.5798312
-13581406.62662418 4433887.717588104 0.5798312
-13581404.725832889 4433887.426411662 0.5798312
-13581402.865457391 4433887.000359796 0.5798312
-13581401.00508192 4433886.574307936 0.5798312
-13581399.14470647 4433886.148256088 0.5798312
-13581397.284330985 4433885.722204227 0.5798312
-13581395.423955487 4433885.296152361 0.5798312
-13581393.563580014 4433884.870100502 0.5798312
-13581391.703204555 4433884.444048647 0.5798312
-13581389.84282909 4433884.017996792 0.5798312
-13581387.943995755 4433883.720286153 0.5798312
-13581386.083895603 4433883.293315488 0.5798312
-13581384.22379547 4433882.866344827 0.5798312
-13581382.335969947 4433882.531899097 0.5798312
-13581380.4663193 4433882.136800213 0.5798312
-13581378.643494995 4433881.585432817 0.5798312
-13581376.82020076 4433881.035633771 0.5798312
-13581374.959825272 4433880.609581909 0.5798312
-13581373.09944978 4433880.183530043 0.5798312
-13581371.237561516 4433879.762526711 0.5798312
-13581369.34299425 4433879.45057949 0.5798312
-13581367.48289409 4433879.0236088205 0.5798312
-13581365.622793926 4433878.596638149 0.5798312
-13581363.735645154 4433878.259934038 0.5798312
-13581361.86806508 4433877.857925319 0.5798312
-13581359.980469365 4433877.522712614 0.5798312
-13581358.11450844 4433877.115300523 0.5798312
-13581356.254957156 4433876.686498189 0.5798312
-13581354.39540587 4433876.257695855 0.5798312
-13581352.541828675 4433875.808956741 0.5798312
-13581350.619817257 4433875.588595979 0.5798312
-13581348.719566531 4433875.295615665 0.5798312
-13581346.8608341 4433874.8640806 0.5798312
-13581344.970389267 4433874.538375958 0.5798312
-13581343.111928632 4433874.105933897 0.5798312
-13581341.222366078 4433873.777285052 0.5798312
-13581339.364176655 4433873.343937951 0.5798312
-13581337.475493165 4433873.012355313 0.5798312
-13581335.576114554 4433872.71646448 0.5798312
-13581333.724414185 4433872.261462173 0.5798312
-13581331.83453408 4433871.933872987 0.5798312
-13581329.94389471 4433871.608817576 0.5798312
-13581328.05249304 4433871.286306101 0.5798312
-13581326.124557994 4433871.085713705 0.5798312
-13581324.215396894 4433870.822468935 0.5798312
-13581322.33859109 4433870.451248197 0.5798312
-13581320.43569792 4433870.167086172 0.5798312
-13581318.515216758 4433869.941618662 0.5798312
-13581316.619864888 4433869.632289818 0.5798312
-13581314.699827785 4433869.405340307 0.5798312
-13581312.79491854 4433869.127906344 0.5798312
-13581310.865827434 4433868.93117191 0.5798312
-13581308.965733102 4433868.637669458 0.5798312
-13581307.03519086 4433868.445777712 0.5798312
-13581305.13524003 4433868.151796552 0.5798312
-13581303.205192348 4433867.958254359 0.5798312
-13581301.297206149 4433867.691088687 0.5798312
-13581299.40389336 4433867.374954978 0.5798312
-13581297.502044229 4433867.087308834 0.5798312
-13581295.616041686 4433866.74677946 0.5798312
-13581293.725296646 4433866.422076653 0.5798312
-13581291.820658298 4433866.143738621 0.5798312
-13581289.924028492 4433865.838674516 0.5798312
-13581288.015430668 4433865.573549995 0.5798312
-13581286.129348474 4433865.233286365 0.5798312
-13581284.216087123 4433864.98372492 0.5798312
-13581282.2947602 4433864.761079989 0.5798312
-13581280.295533136 4433864.798402756 0.5798312
-13581278.263213852 4433864.946160655 0.5798312
-13581276.198414266 4433865.202311693 0.5798312
-13581274.167157672 4433865.346523349 0.5798312
-13581274.167157672 4433865.346523349 0.5798312
-13581274.167157672 4433865.346523349 0.5798312
-13581274.167157672 4433865.346523349 0.5798312
-13581274.167157672 4433865.346523349 0.5798312
-13581274.167157672 4433865.346523349 0.5798312
-13581274.167157672 4433865.346523349 0.5798312
-13581274.167157672 4433865.346523349 0.5798312
-13581274.167157672 4433865.346523349 0.5798312
-13581274.167157672 4433865.346523349 0.5798312
-13581274.167157672 4433865.346523349 0.5798312
-13581274.167157672 4433865.346523349 0.5798312
-13581274.167157672 4433865.346523349 0.5798312
-13581274.167157672 4433865.346523349 0.5798312
-13581274.167157672 4433865.346523349 0.5798312
-13581274.167157672 4433865.346523349 0.5798312
-13581274.167157672 4433865.346523349 0.5798312
-13581274.167157672 4433865.346523349 0.5798312
-13581274.167157672 4433865.346523349 0.5798312
-13581274.167157672 4433865.346523349 0.5798312
-13581274.167157672 4433865.346523349 0.5798312
-13581274.167157672 4433865.346523349 0.5798312
-13581274.167157672 4433865.346523349 0.5798312
-13581274.167157672 4433865.346523349 0.5798312
-13581274.167157672 4433865.346523349 0.5798312
-13581274.167157672 4433865.346523349 0.5798312
-13581274.167157672 4433865.346523349 0.5798312
-13581274.167157672 4433865.346523349 0.5798312
-13581274.167157672 4433865.346523349 0.5798312
-13581274.167157672 4433865.346523349 0.5798312
-13581274.167157672 4433865.346523349 0.5798312
-13581274.167157672 4433865.346523349 0.5798312
-13581274.167157672 4433865.346523349 0.5798312
-13581274.167157672 4433865.346523349 0.5798312
-13581274.167157672 4433865.346523349 0.5798312
-13581274.167157672 4433865.346523349 0.5798312
-13581274.167157672 4433865.346523349 0.5798312
-13581274.167157672 4433865.346523349 0.5798312
-13581274.167157672 4433865.346523349 0.5798312
-13581274.167157672 4433865.346523349 0.5798312
-13581274.167157672 4433865.346523349 0.5798312
-13581274.167157672 4433865.346523349 0.5798312
-13581921.01754778 4434081.827174801 0.3229864
-13581919.20596751 4434081.238283913 0.3229864
-13581917.39438723 4434080.649393022 0.3229864
-13581915.582806922 4434080.060502123 0.3229864
-13581913.771226645 4434079.471611231 0.3229864
-13581911.959646406 4434078.88272035 0.3229864
-13581910.226266334 4434078.032860136 0.3229864
-13581908.647867208 4434076.665798422 0.3229864
-13581906.835563932 4434076.079320306 0.3229864
-13581905.023260685 4434075.492842197 0.3229864
-13581903.21095742 4434074.906364088 0.3229864
-13581901.398654103 4434074.319885961 0.3229864
-13581899.58635083 4434073.733407845 0.3229864
-13581897.77404758 4434073.146929737 0.3229864
-13581896.192900363 4434071.789039019 0.3229864
-13581894.38005149 4434071.204381634 0.3229864
-13581892.56720261 4434070.619724247 0.3229864
-13581890.754353773 4434070.035066871 0.3229864
-13581888.941504909 4434069.450409491 0.3229864
-13581887.12865602 4434068.8657521 0.3229864
-13581885.315807171 4434068.281094722 0.3229864
-13581883.750093536 4434066.8716991935 0.3229864
-13581882.070768837 4434065.841445787 0.3229864
-13581880.257004198 4434065.25984442 0.3229864
-13581878.44323959 4434064.678243059 0.3229864
-13581876.62947502 4434064.09664171 0.3229864
-13581874.815710394 4434063.515040347 0.3229864
-13581873.00194576 4434062.933438979 0.3229864
-13581871.33456363 4434061.863330896 0.3229864
-13581869.866921011 4434060.126653417 0.3229864
-13581868.241037618 4434058.918056049 0.3229864
-13581866.425604058 4434058.342024158 0.3229864
-13581864.610170564 4434057.765992284 0.3229864
-13581862.79473704 4434057.189960405 0.3229864
-13581860.979303498 4434056.613928516 0.3229864
-13581859.16386999 4434056.037896641 0.3229864
-13581857.504833365 4434054.9399380265 0.3229864
-13581855.909161286 4434053.630519597 0.3229864
-13581854.092788946 4434053.057620646 0.3229864
-13581852.276416631 4434052.484721703 0.3229864
-13581850.460044356 4434051.91182277 0.3229864
-13581848.643672029 4434051.338923825 0.3229864
-13581846.827299688 4434050.766024874 0.3229864
-13581845.19566324 4434049.576626515 0.3229864
-13581843.56746566 4434048.375752074 0.3229864
-13581841.750146125 4434047.806014251 0.3229864
-13581839.932826532 4434047.236276411 0.3229864
-13581838.11550698 4434046.666538582 0.3229864
-13581836.298187451 4434046.096800761 0.3229864
-13581834.480867902 4434045.527062934 0.3229864
-13581832.935753465 4434044.048923806 0.3229864
-13581831.458568064 4434042.344092303 0.3229864
-13581829.769520711 4434041.346285346 0.3229864
-13581827.950280895 4434040.7829558095 0.3229864
-13581826.13104106 4434040.219626263 0.3229864
-13581824.311801258 4434039.656296728 0.3229864
-13581822.492561452 4434039.092967192 0.3229864
-13581820.721776169 4434038.367935492 0.3229864
-13581819.24169636 4434036.672763147 0.3229864
-13581817.4775135 4434035.92569787 0.3229864
-13581815.657104746 4434035.366269447 0.3229864
-13581813.836695936 4434034.806841011 0.3229864
-13581812.016287124 4434034.247412571 0.3229864
-13581810.195878351 4434033.687984143 0.3229864
-13581808.550696673 4434032.543788859 0.3229864
-13581807.067849971 4434030.857850217 0.3229864
-13581805.284516005 4434030.1746958615 0.3229864
-13581803.573192596 4434029.251228428 0.3229864
-13581801.751006136 4434028.697732413 0.3229864
-13581799.928819656 4434028.144236389 0.3229864
-13581798.179926025 4434027.346148039 0.3229864
-13581796.419741884 4434026.585738288 0.3229864
-13581794.934247533 4434024.908635421 0.3229864
-13581793.299182644 4434023.730678349 0.3229864
-13581791.548900492 4434022.937223715 0.3229864
-13581789.872132296 4434021.898438884 0.3229864
-13581788.047529295 4434021.35300728 0.3229864
-13581786.296438709 4434020.562250482 0.3229864
-13581784.471631909 4434020.017499049 0.3229864
-13581782.83834236 4434018.833617486 0.3229864
-13581781.350312054 4434017.16497763 0.3229864
-13581779.76880365 4434015.808292139 0.3229864
-13581778.27623492 4434014.154797837 0.3229864
-13581776.448324729 4434013.620403111 0.3229864
-13581774.84368131 4434012.340923775 0.3229864
-13581773.539575208 4434010.058493097 0.3229864
-13581771.860244991 4434009.02825805 0.3229864
-13581770.142885724 4434008.124933446 0.3229864
-13581768.387457674 4434007.348651665 0.3229864
-13581766.556462688 4434006.824551347 0.3229864
-13581764.815952174 4434005.998486903 0.3229864
-13581763.32549067 4434004.337960405 0.3229864
-13581761.835029157 4434002.677433911 0.3229864
-13581760.34456762 4434001.016907421 0.3229864
-13581758.854106132 4433999.356380918 0.3229864
-13581757.193020033 4433998.265261798 0.3229864
-13581755.35729025 4433997.756962372 0.3229864
-13581753.521560498 4433997.248662954 0.3229864
-13581751.685830764 4433996.740363543 0.3229864
-13581749.85010101 4433996.232064127 0.3229864
-13581748.300907992 4433994.767535983 0.3229864
-13581746.808113702 4433993.114794424 0.3229864
-13581745.028256062 4433992.420039031 0.3229864
-13581743.190484652 4433991.918552977 0.3229864
-13581741.352713237 4433991.41706692 0.3229864
-13581739.514941838 4433990.915580869 0.3229864
-13581737.784168024 4433990.0570231965 0.3229864
-13581736.289133525 4433988.411757694 0.3229864
-13581734.53346412 4433987.636281257 0.3229864
-13581732.694079544 4433987.1401786925 0.3229864
-13581730.854694985 4433986.644076135 0.3229864
-13581729.015310409 4433986.147973573 0.3229864
-13581727.301758563 4433985.231942751 0.3229864
-13581725.487530198 4433984.651888998 0.3229864
-13581723.647680605 4433984.157338354 0.3229864
-13581721.807830991 4433983.662787707 0.3229864
-13581719.967981365 4433983.16823705 0.3229864
-13581718.350972936 4433981.930022188 0.3229864
-13581716.737845223 4433980.678856605 0.3229864
-13581714.896589337 4433980.188998989 0.3229864
-13581713.055333422 4433979.699141366 0.3229864
-13581711.214077532 4433979.209283749 0.3229864
-13581709.434721354 4433978.512854876 0.3229864
-13581707.754831117 4433977.484488741 0.3229864
-13581705.912865711 4433976.996998836 0.3229864
-13581704.07090034 4433976.509508944 0.3229864
-13581702.228934957 4433976.022019047 0.3229864
-13581700.55109958 4433974.986795446 0.3229864
-13581698.914156998 4433973.815104643 0.3229864
-13581697.070999593 4433973.3315928085 0.3229864
-13581695.227842169 4433972.84808097 0.3229864
-13581693.384684728 4433972.364569125 0.3229864
-13581691.698340956 4433971.357739753 0.3229864
-13581689.918050095 4433970.664430017 0.3229864
-13581688.074171662 4433970.18332434 0.3229864
-13581686.230293209 4433969.702218656 0.3229864
-13581684.38641477 4433969.221112979 0.3229864
-13581682.687800083 4433968.255234086 0.3229864
-13581680.843438525 4433967.7757406505 0.3229864
-13581678.999076957 4433967.29624721 0.3229864
-13581677.154715406 4433966.816753777 0.3229864
-13581675.490356129 4433965.736557913 0.3229864
-13581673.64538787 4433965.259089218 0.3229864
-13581671.800419573 4433964.781620509 0.3229864
-13581669.955451306 4433964.304151808 0.3229864
-13581668.32978112 4433963.094842931 0.3229864
-13581666.51474445 4433962.517486693 0.3229864
-13581664.668921718 4433962.042869476 0.3229864
-13581662.823098984 4433961.568252257 0.3229864
-13581661.048081454 4433960.857344443 0.3229864
-13581659.20201346 4433960.383545742 0.3229864
-13581657.35594545 4433959.909747033 0.3229864
-13581655.509877464 4433959.435948335 0.3229864
-13581653.73377637 4433958.728656539 0.3229864
-13581651.887462609 4433958.255678026 0.3229864
-13581650.041148825 4433957.782699506 0.3229864
-13581648.234647991 4433957.176857568 0.3229864
-13581646.486913038 4433956.3749024775 0.3229864
-13581644.640106192 4433955.903569371 0.3229864
-13581642.793299371 4433955.432236275 0.3229864
-13581641.082795402 4433954.506034193 0.3229864
-13581639.236665532 4433954.032441988 0.3229864
-13581637.389363626 4433953.5627610665 0.3229864
-13581635.542061714 4433953.093080143 0.3229864
-13581633.830812003 4433952.169366745 0.3229864
-13581631.983012987 4433951.701344803 0.3229864
-13581630.135213956 4433951.233322852 0.3229864
-13581628.354903242 4433950.540079391 0.3229864
-13581626.506854905 4433950.072889499 0.3229864
-13581624.658806562 4433949.605699607 0.3229864
-13581622.8107582 4433949.138509708 0.3229864
-13581620.96270986 4433948.6713198135 0.3229864
-13581619.114661545 4433948.20412993 0.3229864
-13581617.26661319 4433947.736940036 0.3229864
-13581615.484443398 4433947.049900576 0.3229864
-13581613.636145215 4433946.583544449 0.3229864
-13581611.78784705 4433946.117188328 0.3229864
-13581609.939548874 4433945.650832207 0.3229864
-13581608.091250664 4433945.184476071 0.3229864
-13581606.24295248 4433944.718119944 0.3229864
-13581604.523812436 4433943.820738116 0.3229864
-13581602.675013024 4433943.356054693 0.3229864
-13581600.826213602 4433942.891371266 0.3229864
-13581599.105597235 4433941.998916112 0.3229864
-13581597.256294535 4433941.53591232 0.3229864
-13581595.406991815 4433941.072908525 0.3229864
-13581593.621222569 4433940.39788116 0.3229864
-13581591.771667438 4433939.935719799 0.3229864
-13581589.922112271 4433939.473558427 0.3229864
-13581588.135463532 4433938.801466092 0.3229864
-13581586.285655418 4433938.340148891 0.3229864
-13581584.435847323 4433937.878831697 0.3229864
-13581582.648315849 4433937.20968531 0.3229864
-13581580.798254224 4433936.749214028 0.3229864
-13581578.948192628 4433936.288742754 0.3229864
-13581577.098131048 4433935.828271488 0.3229864
-13581575.24806945 4433935.367800216 0.3229864
-13581573.398007846 4433934.907328941 0.3229864
-13581571.547946235 4433934.446857666 0.3229864
-13581569.758512693 4433933.784058889 0.3229864
-13581567.908197084 4433933.324435306 0.3229864
-13581566.057881456 4433932.864811715 0.3229864
-13581564.267556457 4433932.204987866 0.3229864
-13581562.416986316 4433931.74621373 0.3229864
-13581560.603439834 4433931.163884436 0.3229864
-13581558.775196375 4433930.630601736 0.3229864
-13581556.924371157 4433930.172678818 0.3229864
-13581555.073545964 4433929.714755906 0.3229864
-13581553.222720737 4433929.256832986 0.3229864
-13581551.3718955 4433928.798910061 0.3229864
-13581549.52107028 4433928.340987141 0.3229864
-13581547.670245076 4433927.883064232 0.3229864
-13581545.819419866 4433927.425141318 0.3229864
-13581543.96859462 4433926.967218388 0.3229864
-13581542.117769418 4433926.509295478 0.3229864
-13581540.266944198 4433926.051372562 0.3229864
-13581538.391957091 4433925.67408249 0.3229864
-13581536.511756208 4433925.314191896 0.3229864
-13581534.69289118 4433924.749611638 0.3229864
-13581532.812377144 4433924.39076607 0.3229864
-13581531.012818083 4433923.761757965 0.3229864
-13581529.161992868 4433923.303835047 0.3229864
-13581527.311167672 4433922.845912139 0.3229864
-13581525.460342444 4433922.387989219 0.3229864
-13581523.588994648 4433921.998554055 0.3229864
-13581521.707536863 4433921.642857936 0.3229864
-13581519.853872888 4433921.194408571 0.3229864
-13581518.00330275 4433920.73563444 0.3229864
-13581516.15273257 4433920.276860294 0.3229864
-13581514.302162422 4433919.818086157 0.3229864
-13581512.45159229 4433919.359312025 0.3229864
-13581510.601022145 4433918.900537889 0.3229864
-13581508.750451986 4433918.441763749 0.3229864
-13581506.899881825 4433917.982989608 0.3229864
-13581505.049311696 4433917.524215476 0.3229864
-13581503.198741544 4433917.06544134 0.3229864
-13581501.34817138 4433916.606667196 0.3229864
-13581499.46734499 4433916.248864036 0.3229864
-13581497.59620394 4433915.858739012 0.3229864
-13581495.745888332 4433915.399115426 0.3229864
-13581493.872960253 4433915.014953967 0.3229864
-13581491.99529754 4433914.6465929765 0.3229864
-13581490.145235969 4433914.186121714 0.3229864
-13581488.295174358 4433913.725650443 0.3229864
-13581486.445112744 4433913.265179165 0.3229864
-13581484.595051164 4433912.804707898 0.3229864
-13581482.7329582 4433912.384387638 0.3229864
-13581480.848307244 4433912.039347729 0.3229864
-13581478.996784844 4433911.5837514 0.3229864
-13581477.132322283 4433911.171339004 0.3229864
-13581475.2496927 4433910.819553411 0.3229864
-13581473.400137529 4433910.357392033 0.3229864
-13581471.550582385 4433909.895230667 0.3229864
-13581469.696834406 4433909.44706159 0.3229864
-13581467.811211038 4433909.10526684 0.3229864
-13581465.955801452 4433908.66264278 0.3229864
-13581464.09137428 4433908.250112214 0.3229864
-13581462.211679796 4433907.888531741 0.3229864
-13581460.362628978 4433907.424687259 0.3229864
-13581458.513578154 4433906.960842775 0.3229864
-13581456.648143608 4433906.551674008 0.3229864
-13581454.766300485 4433906.197263929 0.3229864
-13581452.878186451 4433905.863781045 0.3229864
-13581451.029637882 4433905.398260396 0.3229864
-13581449.181089342 4433904.932739759 0.3229864
-13581447.312883088 4433904.53282079 0.3229864
-13581445.441010512 4433904.145136989 0.3229864
-13581443.5867535 4433903.698666603 0.3229864
-13581441.699164793 4433903.363430521 0.3229864
-13581439.81191526 4433903.027062676 0.3229864
-13581437.964116242 4433902.559040735 0.3229864
-13581436.083580004 4433902.200269186 0.3229864
-13581434.19566108 4433901.866135189 0.3229864
-13581432.307742154 4433901.532001192 0.3229864
-13581430.450991418 4433901.093852871 0.3229864
-13581428.57787218 4433900.710329347 0.3229864
-13581426.689622251 4433900.377300016 0.3229864
-13581424.830441494 4433899.947261188 0.3229864
-13581422.958202831 4433899.560798971 0.3229864
-13581421.098241894 4433899.133363721 0.3229864
-13581419.251928143 4433898.660385215 0.3229864
-13581417.38093923 4433898.269752467 0.3229864
-13581415.521038271 4433897.842117014 0.3229864
-13581413.6461728 4433897.464421036 0.3229864
-13581411.756591007 4433897.135836392 0.3229864
-13581409.889365803 4433896.732643404 0.3229864
-13581408.020254698 4433896.335743967 0.3229864
-13581406.143317929 4433895.964960405 0.3229864
-13581404.282678306 4433895.5397900725 0.3229864
-13581402.416966816 4433895.131545528 0.3229864
-13581400.572120167 4433894.653670887 0.3229864
-13581398.693187516 4433894.289547925 0.3229864
-13581396.811759692 4433893.933751946 0.3229864
-13581394.95372865 4433893.49987621 0.3229864
-13581393.062464228 4433893.176906685 0.3229864
-13581391.209743218 4433892.725310383 0.3229864
-13581389.319883147 4433892.397654411 0.3229864
-13581387.428279838 4433892.075815929 0.3229864
-13581385.576039694 4433891.622614768 0.3229864
-13581383.684096657 4433891.301909991 0.3229864
-13581381.792281074 4433890.980779932 0.3229864
-13581379.917447364 4433890.602978007 0.3229864
-13581378.075244509 4433890.116280518 0.3229864
-13581376.201061487 4433889.736307108 0.3229864
-13581374.336890291 4433889.322922416 0.3229864
-13581372.443923218 4433889.005634998 0.3229864
-13581370.58173743 4433888.585624432 0.3229864
-13581368.694642227 4433888.248741554 0.3229864
-13581366.801332194 4433887.932598702 0.3229864
-13581364.937086845 4433887.519461333 0.3229864
-13581363.050421497 4433887.181143821 0.3229864
-13581361.192217948 4433886.747843901 0.3229864
-13581359.299010605 4433886.431358354 0.3229864
-13581357.439065384 4433886.00387057 0.3229864
-13581355.562952723 4433885.630336785 0.3229864
-13581353.684613047 4433885.264234979 0.3229864
-13581351.823893446 4433884.839331536 0.3229864
-13581349.928856175 4433884.528952724 0.3229864
-13581348.03381893 4433884.21857392 0.3229864
-13581346.156607255 4433883.848707841 0.3229864
-13581344.27640496 4433883.488821872 0.3229864
-13581342.381019758 4433883.179604188 0.3229864
-13581340.517676186 4433882.763457436 0.3229864
-13581338.62194225 4433882.455403694 0.3229864
-13581336.734445224 4433882.11986175 0.3229864
-13581334.861544335 4433881.735609498 0.3229864
-13581332.965460766 4433881.428722477 0.3229864
-13581331.09982132 4433881.020237579 0.3229864
-13581329.203387292 4433880.714520107 0.3229864
-13581327.306953251 4433880.408802632 0.3229864
-13581325.438585302 4433880.009423161 0.3229864
-13581323.572380574 4433879.602824725 0.3229864
-13581321.675243082 4433879.299454842 0.3229864
-13581319.782400804 4433878.981750927 0.3229864
-13581317.909162678 4433878.598624266 0.3229864
-13581316.010520777 4433878.300274914 0.3229864
-13581314.141736934 4433877.902283415 0.3229864
-13581312.271159988 4433877.510275753 0.3229864
-13581310.39993908 4433877.120417294 0.3229864
-13581308.513672534 4433876.780768993 0.3229864
-13581306.655555744 4433876.347179333 0.3229864
-13581304.766649084 4433876.016341573 0.3229864
-13581302.899798388 4433875.6118988525 0.3229864
-13581301.014375066 4433875.269436516 0.3229864
-13581299.133745898 4433874.910975128 0.3229864
-13581297.258250276 4433874.535382072 0.3229864
-13581295.37438124 4433874.187732861 0.3229864
-13581293.502797566 4433873.799084928 0.3229864
-13581291.579956677 4433873.581492203 0.3229864
-13581289.678888489 4433873.291239858 0.3229864
-13581287.777820297 4433873.000987509 0.3229864
-13581285.80869666 4433872.937849359 0.3229864
-13581283.820173608 4433872.939450725 0.3229864
-13581281.858608862 4433872.851087086 0.3229864
-13581279.89610252 4433872.765865869 0.3229864
-13581277.897007128 4433872.802749215 0.3229864
-13581277.897007128 4433872.802749215 0.3229864
-13581277.897007128 4433872.802749215 0.3229864
-13581277.897007128 4433872.802749215 0.3229864
-13581277.897007128 4433872.802749215 0.3229864
-13581277.897007128 4433872.802749215 0.3229864
-13581277.897007128 4433872.802749215 0.3229864
-13581277.897007128 4433872.802749215 0.3229864
-13581277.897007128 4433872.802749215 0.3229864
-13581277.897007128 4433872.802749215 0.3229864
-13581277.897007128 4433872.802749215 0.3229864
-13581277.897007128 4433872.802749215 0.3229864
-13581277.897007128 4433872.802749215 0.3229864
-13581277.897007128 4433872.802749215 0.3229864
-13581277.897007128 4433872.802749215 0.3229864
-13581277.897007128 4433872.802749215 0.3229864
-13581277.897007128 4433872.802749215 0.3229864
-13581277.897007128 4433872.802749215 0.3229864
-13581277.897007128 4433872.802749215 0.3229864
-13581277.897007128 4433872.802749215 0.3229864
-13581277.897007128 4433872.802749215 0.3229864
-13581277.897007128 4433872.802749215 0.3229864
-13581277.897007128 4433872.802749215 0.3229864
-13581277.897007128 4433872.802749215 0.3229864
-13581277.897007128 4433872.802749215 0.3229864
-13581277.897007128 4433872.802749215 0.3229864
-13581277.897007128 4433872.802749215 0.3229864
-13581277.897007128 4433872.802749215 0.3229864
-13581277.897007128 4433872.802749215 0.3229864
-13581277.897007128 4433872.802749215 0.3229864
-13581277.897007128 4433872.802749215 0.3229864
-13581277.897007128 4433872.802749215 0.3229864
-13581277.897007128 4433872.802749215 0.3229864
-13581277.897007128 4433872.802749215 0.3229864
-13581277.897007128 4433872.802749215 0.3229864
-13581277.897007128 4433872.802749215 0.3229864
-13581277.897007128 4433872.802749215 0.3229864
-13581277.897007128 4433872.802749215 0.3229864
-13581277.897007128 4433872.802749215 0.3229864
-13581277.897007128 4433872.802749215 0.3229864
-13581277.897007128 4433872.802749215 0.3229864
-13581277.897007128 4433872.802749215 0.3229864
-13581277.897007128 4433872.802749215 0.3229864
-13581277.897007128 4433872.802749215 0.3229864
-13581277.897007128 4433872.802749215 0.3229864
-13581919.544199709 4434086.744023062 0.023342600000000005
-13581917.735985683 4434086.143898346 0.023342600000000005
-13581916.05254356 4434085.127385586 0.023342600000000005
-13581914.59597422 4434083.353754236 0.023342600000000005
-13581912.920171617 4434082.311746912 0.023342600000000005
-13581911.110553771 4434081.716307148 0.023342600000000005
-13581909.300935866 4434081.12086737 0.023342600000000005
-13581907.491317952 4434080.525427586 0.023342600000000005
-13581905.681700064 4434079.929987812 0.023342600000000005
-13581903.872082204 4434079.334548042 0.023342600000000005
-13581902.068645516 4434078.718480458 0.023342600000000005
-13581900.479618637 4434077.386885554 0.023342600000000005
-13581898.669469273 4434076.79321942 0.023342600000000005
-13581896.859319933 4434076.199553295 0.023342600000000005
-13581895.049170569 4434075.605887164 0.023342600000000005
-13581893.239021191 4434075.012221029 0.023342600000000005
-13581891.42887181 4434074.418554892 0.023342600000000005
-13581889.618722472 4434073.824888767 0.023342600000000005
-13581888.142510127 4434072.116810038 0.023342600000000005
-13581886.371880164 4434071.391259901 0.023342600000000005
-13581884.560838832 4434070.800570486 0.023342600000000005
-13581882.749797495 4434070.209881069 0.023342600000000005
-13581880.938756151 4434069.61919165 0.023342600000000005
-13581879.12771478 4434069.028502223 0.023342600000000005
-13581877.316673435 4434068.437812803 0.023342600000000005
-13581875.732766213 4434067.089132914 0.023342600000000005
-13581873.990676142 4434066.268339656 0.023342600000000005
-13581872.178915562 4434065.680050367 0.023342600000000005
-13581870.367155008 4434065.091761085 0.023342600000000005
-13581868.55539448 4434064.50347181 0.023342600000000005
-13581866.74363394 4434063.915182536 0.023342600000000005
-13581864.931873344 4434063.326893242 0.023342600000000005
-13581863.340285344 4434062.003845544 0.023342600000000005
-13581861.527982067 4434061.4173674295 0.023342600000000005
-13581859.715678766 4434060.830889306 0.023342600000000005
-13581857.903375506 4434060.244411194 0.023342600000000005
-13581856.09107224 4434059.657933081 0.023342600000000005
-13581854.278768966 4434059.0714549655 0.023342600000000005
-13581852.566435682 4434058.151357508 0.023342600000000005
-13581850.871678747 4434057.172604455 0.023342600000000005
-13581849.058829924 4434056.587947085 0.023342600000000005
-13581847.245981043 4434056.003289701 0.023342600000000005
-13581845.433132157 4434055.418632313 0.023342600000000005
-13581843.65629878 4434054.71378426 0.023342600000000005
-13581841.843358692 4434054.12943141 0.023342600000000005
-13581840.282009238 4434052.705471767 0.023342600000000005
-13581838.468428385 4434052.12325703 0.023342600000000005
-13581836.654847572 4434051.541042305 0.023342600000000005
-13581834.841266785 4434050.958827586 0.023342600000000005
-13581833.027685972 4434050.376612862 0.023342600000000005
-13581831.214105148 4434049.794398134 0.023342600000000005
-13581829.60225481 4434048.538969638 0.023342600000000005
-13581828.085799253 4434046.965190401 0.023342600000000005
-13581826.270925002 4434046.387292126 0.023342600000000005
-13581824.527450902 4434045.571117617 0.023342600000000005
-13581822.712390574 4434044.993840369 0.023342600000000005
-13581820.89733024 4434044.416563121 0.023342600000000005
-13581819.0822699 4434043.83928587 0.023342600000000005
-13581817.408899006 4434042.789163369 0.023342600000000005
-13581815.664312735 4434041.976700472 0.023342600000000005
-13581813.990391385 4434040.928415177 0.023342600000000005
-13581812.174395578 4434040.354259698 0.023342600000000005
-13581810.393731538 4434039.66219523 0.023342600000000005
-13581808.612879451 4434038.970758482 0.023342600000000005
-13581806.972981175 4434037.808931455 0.023342600000000005
-13581805.867469711 4434034.863751953 0.023342600000000005
-13581804.084688462 4434034.178753054 0.023342600000000005
-13581802.660915 4434032.295675692 0.023342600000000005
-13581801.275313564 4434030.285210783 0.023342600000000005
-13581801.13646321 4434024.114095638 0.023342600000000005
-13581801.226559754 4434017.178940418 0.023342600000000005
-13581799.395887917 4434016.653761779 0.023342600000000005
-13581797.565216076 4434016.128583139 0.023342600000000005
-13581795.73454421 4434015.60340449 0.023342600000000005
-13581793.903872369 4434015.078225848 0.023342600000000005
-13581792.239383124 4434013.998463758 0.023342600000000005
-13581790.75653642 4434012.312525121 0.023342600000000005
-13581789.273689711 4434010.626586481 0.023342600000000005
-13581787.790843025 4434008.940647836 0.023342600000000005
-13581786.30799636 4434007.254709183 0.023342600000000005
-13581784.568427864 4434006.425501041 0.023342600000000005
-13581782.73314691 4434005.915703781 0.023342600000000005
-13581780.897865988 4434005.40590653 0.023342600000000005
-13581779.062585084 4434004.896109286 0.023342600000000005
-13581777.227304162 4434004.386312037 0.023342600000000005
-13581775.622820936 4434003.10629808 0.023342600000000005
-13581774.13732657 4434001.429195211 0.023342600000000005
-13581772.55473744 4434000.076116513 0.023342600000000005
-13581770.717080358 4433999.574248958 0.023342600000000005
-13581768.879423264 4433999.072381396 0.023342600000000005
-13581767.041766196 4433998.570513843 0.023342600000000005
-13581765.20410912 4433998.0686462885 0.023342600000000005
-13581763.493948191 4433997.141299356 0.023342600000000005
-13581762.00591785 4433995.472659507 0.023342600000000005
-13581760.205173733 4433994.84760631 0.023342600000000005
-13581758.366020992 4433994.350730103 0.023342600000000005
-13581756.526868211 4433993.853853883 0.023342600000000005
-13581754.687715463 4433993.35697767 0.023342600000000005
-13581752.89226008 4433992.714274931 0.023342600000000005
-13581751.32440984 4433991.312009636 0.023342600000000005
-13581749.484326996 4433990.818237258 0.023342600000000005
-13581747.644244172 4433990.3244648855 0.023342600000000005
-13581745.804161375 4433989.830692522 0.023342600000000005
-13581743.964078538 4433989.336920149 0.023342600000000005
-13581742.329730827 4433988.156569743 0.023342600000000005
-13581740.595807796 4433987.308521548 0.023342600000000005
-13581738.754787471 4433986.817877853 0.023342600000000005
-13581736.913767142 4433986.327234159 0.023342600000000005
-13581735.072746772 4433985.83659045 0.023342600000000005
-13581733.29906446 4433985.121226691 0.023342600000000005
-13581731.778188964 4433983.562197623 0.023342600000000005
-13581729.93598613 4433983.075500139 0.023342600000000005
-13581728.093783284 4433982.588802652 0.023342600000000005
-13581726.25158044 4433982.102105162 0.023342600000000005
-13581724.40937762 4433981.615407682 0.023342600000000005
-13581722.720878934 4433980.615769647 0.023342600000000005
-13581720.87819975 4433980.130661769 0.023342600000000005
-13581719.03552059 4433979.645553902 0.023342600000000005
-13581717.19284143 4433979.160446032 0.023342600000000005
-13581715.35245598 4433978.667683584 0.023342600000000005
-13581713.73561326 4433977.428915619 0.023342600000000005
-13581711.892215986 4433976.946204213 0.023342600000000005
-13581710.048818735 4433976.463492817 0.023342600000000005
-13581708.205421448 4433975.980781411 0.023342600000000005
-13581706.432217656 4433975.263820677 0.023342600000000005
-13581704.706804603 4433974.387373091 0.023342600000000005
-13581702.862805512 4433973.9066700665 0.023342600000000005
-13581701.018806413 4433973.42596704 0.023342600000000005
-13581699.174807306 4433972.945264012 0.023342600000000005
-13581697.517483914 4433971.841588038 0.023342600000000005
-13581695.67288007 4433971.362903183 0.023342600000000005
-13581693.82827621 4433970.884218321 0.023342600000000005
-13581691.983672377 4433970.405533468 0.023342600000000005
-13581690.193318289 4433969.745806685 0.023342600000000005
-13581688.442073775 4433968.955563629 0.023342600000000005
-13581686.596983852 4433968.478500857 0.023342600000000005
-13581684.751893943 4433968.001438091 0.023342600000000005
-13581682.906804064 4433967.524375333 0.023342600000000005
-13581681.207972951 4433966.559218561 0.023342600000000005
-13581679.362394985 4433966.083784491 0.023342600000000005
-13581677.51681703 4433965.608350428 0.023342600000000005
-13581675.671239097 4433965.1329163695 0.023342600000000005
-13581673.97055742 4433964.173935361 0.023342600000000005
-13581672.1244894 4433963.70013665 0.023342600000000005
-13581670.278421406 4433963.226337948 0.023342600000000005
-13581668.432353428 4433962.752539253 0.023342600000000005
-13581666.65797273 4433962.039506144 0.023342600000000005
-13581664.811658956 4433961.566527627 0.023342600000000005
-13581662.96534518 4433961.09354911 0.023342600000000005
-13581661.119031431 4433960.620570602 0.023342600000000005
-13581659.272717668 4433960.1475920845 0.023342600000000005
-13581657.426403886 4433959.674613563 0.023342600000000005
-13581655.58009013 4433959.201635052 0.023342600000000005
-13581653.73377637 4433958.728656539 0.023342600000000005
-13581651.887462609 4433958.255678026 0.023342600000000005
-13581650.041148825 4433957.782699506 0.023342600000000005
-13581648.234647991 4433957.176857568 0.023342600000000005
-13581646.486913038 4433956.3749024775 0.023342600000000005
-13581644.640106192 4433955.903569371 0.023342600000000005
-13581642.793299371 4433955.432236275 0.023342600000000005
-13581641.015159495 4433954.731748334 0.023342600000000005
-13581639.16810539 4433954.26124048 0.023342600000000005
-13581637.321051275 4433953.79073262 0.023342600000000005
-13581635.47399716 4433953.320224761 0.023342600000000005
-13581633.694759833 4433952.623399229 0.023342600000000005
-13581631.847457932 4433952.15371831 0.023342600000000005
-13581630.000156015 4433951.684037385 0.023342600000000005
-13581628.152854128 4433951.214356468 0.023342600000000005
-13581626.305552231 4433950.744675552 0.023342600000000005
-13581624.458250334 4433950.274994633 0.023342600000000005
-13581622.610948415 4433949.805313707 0.023342600000000005
-13581620.76364652 4433949.335632787 0.023342600000000005
-13581618.916344646 4433948.865951877 0.023342600000000005
-13581617.069042737 4433948.396270956 0.023342600000000005
-13581615.22174082 4433947.926590029 0.023342600000000005
-13581613.37443892 4433947.45690911 0.023342600000000005
-13581611.59211357 4433946.770388911 0.023342600000000005
-13581609.744563377 4433946.301536632 0.023342600000000005
-13581607.897013145 4433945.832684339 0.023342600000000005
-13581606.049462944 4433945.363832051 0.023342600000000005
-13581604.20191276 4433944.894979773 0.023342600000000005
-13581602.354362557 4433944.426127489 0.023342600000000005
-13581600.5704297 4433943.744971761 0.023342600000000005
-13581598.72263067 4433943.276949814 0.023342600000000005
-13581596.874831673 4433942.808927875 0.023342600000000005
-13581595.090033071 4433942.130661326 0.023342600000000005
-13581593.241984712 4433941.663471428 0.023342600000000005
-13581591.393936396 4433941.196281545 0.023342600000000005
-13581589.57707844 4433940.6250032345 0.023342600000000005
-13581587.728905162 4433940.158230218 0.023342600000000005
-13581585.91167246 4433939.588202555 0.023342600000000005
-13581584.063374294 4433939.121846434 0.023342600000000005
-13581582.21507612 4433938.655490314 0.023342600000000005
-13581580.428035688 4433937.984705087 0.023342600000000005
-13581578.579487149 4433937.519184447 0.023342600000000005
-13581576.730938625 4433937.053663814 0.023342600000000005
-13581574.882390086 4433936.588143176 0.023342600000000005
-13581573.03384154 4433936.122622535 0.023342600000000005
-13581571.185292987 4433935.657101892 0.023342600000000005
-13581569.336744469 4433935.191581259 0.023342600000000005
-13581567.488195924 4433934.726060621 0.023342600000000005
-13581565.699024731 4433934.062386198 0.023342600000000005
-13581563.85022533 4433933.597702777 0.023342600000000005
-13581562.001425922 4433933.133019352 0.023342600000000005
-13581560.152626509 4433932.6683359295 0.023342600000000005
-13581558.303827075 4433932.203652498 0.023342600000000005
-13581556.455027664 4433931.738969073 0.023342600000000005
-13581554.60622828 4433931.274285658 0.023342600000000005
-13581552.757428853 4433930.809602235 0.023342600000000005
-13581550.90862942 4433930.344918804 0.023342600000000005
-13581549.04266455 4433929.937519837 0.023342600000000005
-13581547.165556334 4433929.567308449 0.023342600000000005
-13581545.305613454 4433929.139812966 0.023342600000000005
-13581543.457064886 4433928.674292318 0.023342600000000005
-13581541.608516363 4433928.208771684 0.023342600000000005
-13581539.759967824 4433927.743251048 0.023342600000000005
-13581537.911419269 4433927.277730404 0.023342600000000005
-13581536.062870735 4433926.812209768 0.023342600000000005
-13581534.214322202 4433926.346689132 0.023342600000000005
-13581532.365773665 4433925.881168495 0.023342600000000005
-13581530.50978205 4433925.440486767 0.023342600000000005
-13581528.631445153 4433925.074375659 0.023342600000000005
-13581526.766130608 4433924.664806533 0.023342600000000005
-13581524.917832412 4433924.198450404 0.023342600000000005
-13581523.06953421 4433923.732094273 0.023342600000000005
-13581521.221236026 4433923.265738149 0.023342600000000005
-13581519.372937862 4433922.799382029 0.023342600000000005
-13581517.524639688 4433922.333025908 0.023342600000000005
-13581515.655726416 4433921.935466218 0.023342600000000005
-13581513.7764607 4433921.572454762 0.023342600000000005
-13581511.927857632 4433921.1071161525 0.023342600000000005
-13581510.07980929 4433920.639926265 0.023342600000000005
-13581508.231760938 4433920.172736369 0.023342600000000005
-13581506.372032192 4433919.744526204 0.023342600000000005
-13581504.492143752 4433919.38359296 0.023342600000000005
-13581502.637081824 4433918.939808758 0.023342600000000005
-13581500.787939234 4433918.476270518 0.023342600000000005
-13581498.90773835 4433918.116379925 0.023342600000000005
-13581497.027537463 4433917.756489328 0.023342600000000005
-13581495.147336572 4433917.396598731 0.023342600000000005
-13581493.26713566 4433917.036708123 0.023342600000000005
-13581491.4037769 4433916.620612073 0.023342600000000005
-13581489.556722822 4433916.150104228 0.023342600000000005
-13581487.709668702 4433915.679596373 0.023342600000000005
-13581485.852841696 4433915.241702519 0.023342600000000005
-13581483.97201381 4433914.883904379 0.023342600000000005
-13581482.121106043 4433914.426256944 0.023342600000000005
-13581480.26285175 4433913.993126255 0.023342600000000005
-13581478.38170926 4433913.636377914 0.023342600000000005
-13581476.534122618 4433913.167647303 0.023342600000000005
-13581474.67109235 4433912.750454998 0.023342600000000005
-13581472.795027329 4433912.376762128 0.023342600000000005
-13581470.948713576 4433911.903783615 0.023342600000000005
-13581469.077557407 4433911.513709036 0.023342600000000005
-13581467.195783604 4433911.159067548 0.023342600000000005
-13581465.314009782 4433910.80442605 0.023342600000000005
-13581463.43223598 4433910.44978456 0.023342600000000005
-13581461.584196497 4433909.982565208 0.023342600000000005
-13581459.718059711 4433909.575739905 0.023342600000000005
-13581457.835969144 4433909.222155456 0.023342600000000005
-13581455.960745417 4433908.845655086 0.023342600000000005
-13581454.115655528 4433908.368592325 0.023342600000000005
-13581452.237912368 4433908.000499838 0.023342600000000005
-13581450.382979136 4433907.556286043 0.023342600000000005
-13581448.53813251 4433907.078411407 0.023342600000000005
-13581446.685539622 4433906.626387602 0.023342600000000005
-13581444.802494451 4433906.275988915 0.023342600000000005
-13581442.919449272 4433905.9255902255 0.023342600000000005
-13581441.036404086 4433905.575191534 0.023342600000000005
-13581439.153358934 4433905.224792854 0.023342600000000005
-13581437.306704173 4433904.75295231 0.023342600000000005
-13581435.432940204 4433904.371580381 0.023342600000000005
-13581433.579046998 4433903.923895965 0.023342600000000005
-13581431.711346751 4433903.522288311 0.023342600000000005
-13581429.852432774 4433903.091359153 0.023342600000000005
-13581427.988574432 4433902.676930222 0.023342600000000005
-13581426.104568042 4433902.32973938 0.023342600000000005
-13581424.220561642 4433901.982548534 0.023342600000000005
-13581422.364174493 4433901.543186743 0.023342600000000005
-13581420.495962605 4433901.14328652 0.023342600000000005
-13581418.611634316 4433900.797169905 0.023342600000000005
-13581416.761504076 4433900.336927707 0.023342600000000005
-13581414.885524131 4433899.962950951 0.023342600000000005
-13581413.003713744 4433899.608431507 0.023342600000000005
-13581411.158220563 4433899.132714615 0.023342600000000005
-13581409.273246229 4433898.788753919 0.023342600000000005
-13581407.388271876 4433898.444793211 0.023342600000000005
-13581405.503297552 4433898.100832518 0.023342600000000005
-13581403.618780678 4433897.755345209 0.023342600000000005
-13581401.773824004 4433897.277837829 0.023342600000000005
-13581399.888525508 4433896.934958837 0.023342600000000005
-13581398.028507458 4433896.507714181 0.023342600000000005
-13581396.157523096 4433896.117066343 0.023342600000000005
-13581394.280925358 4433895.745151282 0.023342600000000005
-13581392.425311672 4433895.303208335 0.023342600000000005
-13581390.539362654 4433894.9625003375 0.023342600000000005
-13581388.69188712 4433894.493398952 0.023342600000000005
-13581386.805611707 4433894.153780247 0.023342600000000005
-13581384.92125106 4433893.807771429 0.023342600000000005
-13581383.070642512 4433893.349125444 0.023342600000000005
-13581381.18403994 4433893.010598566 0.023342600000000005
-13581379.297437347 4433892.67207168 0.023342600000000005
-13581377.41199336 4433892.329678227 0.023342600000000005
-13581375.560589852 4433891.8736851765 0.023342600000000005
-13581373.673659358 4433891.536252677 0.023342600000000005
-13581371.803443871 4433891.143038791 0.023342600000000005
-13581369.93525488 4433890.743062083 0.023342600000000005
-13581368.047995672 4433890.406726512 0.023342600000000005
-13581366.16073645 4433890.070390935 0.023342600000000005
-13581364.27347722 4433889.734055352 0.023342600000000005
-13581362.386217982 4433889.397719768 0.023342600000000005
-13581360.532851024 4433888.9482792 0.023342600000000005
-13581358.64526233 4433888.613043124 0.023342600000000005
-13581356.75767362 4433888.277807036 0.023342600000000005
-13581354.870084938 4433887.942570964 0.023342600000000005
-13581353.005285757 4433887.531281905 0.023342600000000005
-13581351.12722802 4433887.164239175 0.023342600000000005
-13581349.239309063 4433886.830105164 0.023342600000000005
-13581347.349263169 4433886.503069262 0.023342600000000005
-13581345.463471232 4433886.161837177 0.023342600000000005
-13581343.575552285 4433885.827703172 0.023342600000000005
-13581341.687633332 4433885.493569163 0.023342600000000005
-13581339.799714398 4433885.159435162 0.023342600000000005
-13581337.911795488 4433884.825301171 0.023342600000000005
-13581336.023876565 4433884.491167177 0.023342600000000005
-13581334.135957597 4433884.157033161 0.023342600000000005
-13581332.248038666 4433883.822899161 0.023342600000000005
-13581330.345901435 4433883.536214446 0.023342600000000005
-13581328.44384325 4433883.249265884 0.023342600000000005
-13581326.56770263 4433882.875825326 0.023342600000000005
-13581324.68117856 4433882.537036351 0.023342600000000005
-13581322.80844402 4433882.152229167 0.023342600000000005
-13581320.893488476 4433881.908321575 0.023342600000000005
-13581319.005899765 4433881.573085488 0.023342600000000005
-13581317.09410175 4433881.318640659 0.023342600000000005
-13581315.2047374 4433880.989330326 0.023342600000000005
-13581313.317478174 4433880.652994749 0.023342600000000005
-13581311.40687516 4433880.394561839 0.023342600000000005
-13581309.518021502 4433880.063547288 0.023342600000000005
-13581307.617564283 4433879.771256015 0.023342600000000005
-13581305.71993623 4433879.469523107 0.023342600000000005
-13581303.809493044 4433879.210556914 0.023342600000000005
-13581301.899758922 4433878.949224499 0.023342600000000005
-13581299.954000847 4433878.808110935 0.023342600000000005
-13581298.014622765 4433878.645706069 0.023342600000000005
-13581296.086008146 4433878.4473814005 0.023342600000000005
-13581294.137234475 4433878.316331545 0.023342600000000005
-13581292.21200058 4433878.10672482 0.023342600000000005
-13581290.267461129 4433877.96154439 0.023342600000000005
-13581288.326209951 4433877.805390471 0.023342600000000005
-13581286.405172912 4433877.581778041 0.023342600000000005
-13581284.488950672 4433877.342097663 0.023342600000000005
-13581282.58842323 4433877.050040624 0.023342600000000005
-13581282.58842323 4433877.050040624 0.023342600000000005
-13581282.58842323 4433877.050040624 0.023342600000000005
-13581282.58842323 4433877.050040624 0.023342600000000005
-13581282.58842323 4433877.050040624 0.023342600000000005
-13581282.58842323 4433877.050040624 0.023342600000000005
-13581282.58842323 4433877.050040624 0.023342600000000005
-13581282.58842323 4433877.050040624 0.023342600000000005
-13581282.58842323 4433877.050040624 0.023342600000000005
-13581282.58842323 4433877.050040624 0.023342600000000005
-13581282.58842323 4433877.050040624 0.023342600000000005
-13581282.58842323 4433877.050040624 0.023342600000000005
-13581282.58842323 4433877.050040624 0.023342600000000005
-13581282.58842323 4433877.050040624 0.023342600000000005
-13581282.58842323 4433877.050040624 0.023342600000000005
-13581282.58842323 4433877.050040624 0.023342600000000005
-13581282.58842323 4433877.050040624 0.023342600000000005
-13581282.58842323 4433877.050040624 0.023342600000000005
-13581282.58842323 4433877.050040624 0.023342600000000005
-13581282.58842323 4433877.050040624 0.023342600000000005
-13581282.58842323 4433877.050040624 0.023342600000000005
-13581282.58842323 4433877.050040624 0.023342600000000005
-13581282.58842323 4433877.050040624 0.023342600000000005
-13581282.58842323 4433877.050040624 0.023342600000000005
-13581282.58842323 4433877.050040624 0.023342600000000005
-13581282.58842323 4433877.050040624 0.023342600000000005
-13581282.58842323 4433877.050040624 0.023342600000000005
-13581282.58842323 4433877.050040624 0.023342600000000005
-13581282.58842323 4433877.050040624 0.023342600000000005
-13581282.58842323 4433877.050040624 0.023342600000000005
-13581282.58842323 4433877.050040624 0.023342600000000005
-13581282.58842323 4433877.050040624 0.023342600000000005
-13581282.58842323 4433877.050040624 0.023342600000000005
-13581282.58842323 4433877.050040624 0.023342600000000005
-13581282.58842323 4433877.050040624 0.023342600000000005
-13581282.58842323 4433877.050040624 0.023342600000000005
-13581282.58842323 4433877.050040624 0.023342600000000005
-13581282.58842323 4433877.050040624 0.023342600000000005
-13581282.58842323 4433877.050040624 0.023342600000000005
-13581282.58842323 4433877.050040624 0.023342600000000005
-13581282.58842323 4433877.050040624 0.023342600000000005
-13581282.58842323 4433877.050040624 0.023342600000000005
-13581282.58842323 4433877.050040624 0.023342600000000005
-13581282.58842323 4433877.050040624 0.023342600000000005
-13581282.58842323 4433877.050040624 0.023342600000000005
-13581282.58842323 4433877.050040624 0.023342600000000005
-13581282.58842323 4433877.050040624 0.023342600000000005
-13581282.58842323 4433877.050040624 0.023342600000000005
-13581918.118260805 4434091.502657722 -0.16106986666666667
-13581916.313304717 4434090.891660659 -0.16106986666666667
-13581914.508348618 4434090.280663594 -0.16106986666666667
-13581912.703392489 4434089.66966652 -0.16106986666666667
-13581910.89843639 4434089.0586694535 -0.16106986666666667
-13581909.370908655 4434087.521840292 -0.16106986666666667
-13581907.580833044 4434086.861184087 -0.16106986666666667
-13581905.775199777 4434086.252446756 -0.16106986666666667
-13581903.969566535 4434085.643709433 -0.16106986666666667
-13581902.16393333 4434085.034972117 -0.16106986666666667
-13581900.358300108 4434084.426234801 -0.16106986666666667
-13581898.552666822 4434083.817497467 -0.16106986666666667
-13581896.927343275 4434082.607031731 -0.16106986666666667
-13581895.23093059 4434081.6338043455 -0.16106986666666667
-13581893.424615595 4434081.02734218 -0.16106986666666667
-13581891.618300589 4434080.420880009 -0.16106986666666667
-13581889.811985577 4434079.814417838 -0.16106986666666667
-13581888.005670607 4434079.207955678 -0.16106986666666667
-13581886.199355612 4434078.601493512 -0.16106986666666667
-13581884.54334746 4434077.493428157 -0.16106986666666667
-13581882.87343236 4434076.431773145 -0.16106986666666667
-13581881.06643095 4434075.827601708 -0.16106986666666667
-13581879.259429531 4434075.223430269 -0.16106986666666667
-13581877.452428086 4434074.619258822 -0.16106986666666667
-13581875.645426668 4434074.015087381 -0.16106986666666667
-13581873.838425294 4434073.410915953 -0.16106986666666667
-13581872.214605356 4434072.195432322 -0.16106986666666667
-13581870.743628124 4434070.469882905 -0.16106986666666667
-13581868.985665282 4434069.702060219 -0.16106986666666667
-13581867.177276855 4434069.102517593 -0.16106986666666667
-13581865.368888415 4434068.502974966 -0.16106986666666667
-13581863.56049992 4434067.90343232 -0.16106986666666667
-13581861.752111493 4434067.303889694 -0.16106986666666667
-13581859.943723038 4434066.704347062 -0.16106986666666667
-13581858.463053634 4434065.011142304 -0.16106986666666667
-13581856.67995642 4434064.32719795 -0.16106986666666667
-13581854.87069133 4434063.730580863 -0.16106986666666667
-13581853.061426228 4434063.133963774 -0.16106986666666667
-13581851.2521611 4434062.537346677 -0.16106986666666667
-13581849.442895995 4434061.940729586 -0.16106986666666667
-13581847.707607348 4434061.097238883 -0.16106986666666667
-13581846.034463856 4434060.046357521 -0.16106986666666667
-13581844.22466909 4434059.451507928 -0.16106986666666667
-13581842.41487435 4434058.856658341 -0.16106986666666667
-13581840.605079638 4434058.261808762 -0.16106986666666667
-13581838.795284912 4434057.666959183 -0.16106986666666667
-13581837.0026537 4434057.01483142 -0.16106986666666667
-13581835.314241476 4434056.01490484 -0.16106986666666667
-13581833.573368128 4434055.190051301 -0.16106986666666667
-13581831.763040988 4434054.596978443 -0.16106986666666667
-13581829.952713836 4434054.00390558 -0.16106986666666667
-13581828.14238668 4434053.410832716 -0.16106986666666667
-13581826.344856923 4434052.775052593 -0.16106986666666667
-13581824.862010237 4434051.089113951 -0.16106986666666667
-13581823.192212638 4434050.027066657 -0.16106986666666667
-13581821.380632373 4434049.43817577 -0.16106986666666667
-13581819.569052102 4434048.849284883 -0.16106986666666667
-13581817.757471822 4434048.260393994 -0.16106986666666667
-13581815.945891514 4434047.671503096 -0.16106986666666667
-13581814.245674089 4434046.710972765 -0.16106986666666667
-13581812.760179784 4434045.033869879 -0.16106986666666667
-13581810.989003768 4434044.310142062 -0.16106986666666667
-13581809.176154882 4434043.725484672 -0.16106986666666667
-13581807.363306042 4434043.140827297 -0.16106986666666667
-13581805.61865558 4434042.328578624 -0.16106986666666667
-13581804.078890618 4434040.832587266 -0.16106986666666667
-13581802.470794382 4434039.564630599 -0.16106986666666667
-13581800.694706203 4434038.857295764 -0.16106986666666667
-13581799.185523557 4434037.259245329 -0.16106986666666667
-13581797.43913028 4434036.452812679 -0.16106986666666667
-13581795.968874888 4434034.724854488 -0.16106986666666667
-13581794.152502583 4434034.151955547 -0.16106986666666667
-13581793.254554603 4434030.514096486 -0.16106986666666667
-13581791.766524252 4434028.845456635 -0.16106986666666667
-13581790.278493935 4434027.176816777 -0.16106986666666667
-13581790.39247976 4434020.1619384745 -0.16106986666666667
-13581788.715954632 4434019.122342293 -0.16106986666666667
-13581787.506775742 4434016.523121065 -0.16106986666666667
-13581785.890901923 4434015.28111975 -0.16106986666666667
-13581784.535787065 4434013.168915315 -0.16106986666666667
-13581782.766279098 4434012.439620989 -0.16106986666666667
-13581780.936036546 4434011.913009595 -0.16106986666666667
-13581779.182072897 4434011.13184084 -0.16106986666666667
-13581777.35161594 4434010.6059451485 -0.16106986666666667
-13581775.521158963 4434010.080049451 -0.16106986666666667
-13581773.910160426 4434008.821778355 -0.16106986666666667
-13581772.422130091 4434007.153138503 -0.16106986666666667
-13581770.934099795 4434005.484498641 -0.16106986666666667
-13581769.341653945 4434004.164313658 -0.16106986666666667
-13581767.507930206 4434003.649319711 -0.16106986666666667
-13581765.674206495 4434003.134325775 -0.16106986666666667
-13581763.840482784 4434002.619331838 -0.16106986666666667
-13581762.006759066 4434002.104337899 -0.16106986666666667
-13581760.34456762 4434001.016907419 -0.16106986666666667
-13581758.854106134 4433999.356380916 -0.16106986666666667
-13581757.347428655 4433997.749970281 -0.16106986666666667
-13581755.511248283 4433997.243174554 -0.16106986666666667
-13581753.675067944 4433996.736378836 -0.16106986666666667
-13581751.83888762 4433996.229583126 -0.16106986666666667
-13581750.00270728 4433995.72278741 -0.16106986666666667
-13581748.300907992 4433994.767535982 -0.16106986666666667
-13581746.808113702 4433993.114794423 -0.16106986666666667
-13581745.028256062 4433992.420039031 -0.16106986666666667
-13581743.190484652 4433991.918552977 -0.16106986666666667
-13581741.352713237 4433991.41706692 -0.16106986666666667
-13581739.514941838 4433990.915580869 -0.16106986666666667
-13581737.784168024 4433990.0570231965 -0.16106986666666667
-13581736.219679216 4433988.64354018 -0.16106986666666667
-13581734.380757803 4433988.145891845 -0.16106986666666667
-13581732.54183642 4433987.64824352 -0.16106986666666667
-13581730.702915054 4433987.150595199 -0.16106986666666667
-13581728.86399367 4433986.6529468745 -0.16106986666666667
-13581727.251577543 4433985.399406551 -0.16106986666666667
-13581725.411960669 4433984.904079171 -0.16106986666666667
-13581723.572343824 4433984.408751799 -0.16106986666666667
-13581721.73272696 4433983.913424424 -0.16106986666666667
-13581719.893110082 4433983.418097041 -0.16106986666666667
-13581718.350972936 4433981.93002219 -0.16106986666666667
-13581716.512390647 4433981.431242253 -0.16106986666666667
-13581714.671840005 4433980.939031095 -0.16106986666666667
-13581712.831289338 4433980.44681993 -0.16106986666666667
-13581710.990738692 4433979.95460877 -0.16106986666666667
-13581709.372821666 4433978.71942614 -0.16106986666666667
-13581707.531565765 4433978.22956852 -0.16106986666666667
-13581705.690309854 4433977.739710894 -0.16106986666666667
-13581703.84905398 4433977.24985328 -0.16106986666666667
-13581702.054271497 4433976.604904883 -0.16106986666666667
-13581700.313346367 4433975.780224023 -0.16106986666666667
-13581698.471617945 4433975.2919433 -0.16106986666666667
-13581696.629889546 4433974.803662584 -0.16106986666666667
-13581694.78816113 4433974.315381865 -0.16106986666666667
-13581693.203363622 4433972.9696728205 -0.16106986666666667
-13581691.395333068 4433972.368935842 -0.16106986666666667
-13581689.552653909 4433971.883827974 -0.16106986666666667
-13581687.709974738 4433971.398720104 -0.16106986666666667
-13581685.888419677 4433970.843116936 -0.16106986666666667
-13581684.16889761 4433969.947009927 -0.16106986666666667
-13581682.325740214 4433969.463498095 -0.16106986666666667
-13581680.48258278 4433968.979986253 -0.16106986666666667
-13581678.63942534 4433968.496474406 -0.16106986666666667
-13581676.939211965 4433967.535930559 -0.16106986666666667
-13581675.095574368 4433967.054021212 -0.16106986666666667
-13581673.251936764 4433966.5721118655 -0.16106986666666667
-13581671.40829912 4433966.090202504 -0.16106986666666667
-13581669.706256356 4433965.135763684 -0.16106986666666667
-13581667.862136625 4433964.655463318 -0.16106986666666667
-13581666.018016877 4433964.175162948 -0.16106986666666667
-13581664.173897116 4433963.694862573 -0.16106986666666667
-13581662.399822997 4433962.980806315 -0.16106986666666667
-13581660.555461464 4433962.501312886 -0.16106986666666667
-13581658.711099911 4433962.021819453 -0.16106986666666667
-13581656.92399319 4433961.351255492 -0.16106986666666667
-13581655.230455436 4433960.368433836 -0.16106986666666667
-13581653.385365536 4433959.89137107 -0.16106986666666667
-13581651.540275628 4433959.414308305 -0.16106986666666667
-13581649.749509424 4433958.75595674 -0.16106986666666667
-13581647.9187628 4433958.231027719 -0.16106986666666667
-13581646.073429128 4433957.75477848 -0.16106986666666667
-13581644.228095418 4433957.278529228 -0.16106986666666667
-13581642.450835912 4433956.575103257 -0.16106986666666667
-13581640.605257977 4433956.0996692 -0.16106986666666667
-13581638.759680023 4433955.624235139 -0.16106986666666667
-13581636.914102064 4433955.1488010725 -0.16106986666666667
-13581635.068524098 4433954.673367007 -0.16106986666666667
-13581633.222946163 4433954.19793295 -0.16106986666666667
-13581631.377368208 4433953.72249889 -0.16106986666666667
-13581629.53179024 4433953.247064821 -0.16106986666666667
-13581627.686212296 4433952.771630763 -0.16106986666666667
-13581625.842650471 4433952.289468504 -0.16106986666666667
-13581624.060821803 4433951.601290715 -0.16106986666666667
-13581622.214999065 4433951.126673492 -0.16106986666666667
-13581620.36917634 4433950.652056275 -0.16106986666666667
-13581618.523353646 4433950.177439068 -0.16106986666666667
-13581616.677530907 4433949.702821849 -0.16106986666666667
-13581614.83170817 4433949.228204626 -0.16106986666666667
-13581613.050313596 4433948.538578176 -0.16106986666666667
-13581611.20424562 4433948.064779479 -0.16106986666666667
-13581609.358177636 4433947.590980782 -0.16106986666666667
-13581607.575932214 4433946.904193676 -0.16106986666666667
-13581605.729618449 4433946.431215161 -0.16106986666666667
-13581603.8833047 4433945.958236653 -0.16106986666666667
-13581602.100205367 4433945.274299319 -0.16106986666666667
-13581600.25364532 4433944.802142669 -0.16106986666666667
-13581598.407085268 4433944.329986018 -0.16106986666666667
-13581596.560525246 4433943.857829375 -0.16106986666666667
-13581594.713965204 4433943.3856727285 -0.16106986666666667
-13581592.9107539 4433942.768852888 -0.16106986666666667
-13581591.082708435 4433942.234909602 -0.16106986666666667
-13581589.235901607 4433941.763576501 -0.16106986666666667
-13581587.450590407 4433941.087020534 -0.16106986666666667
-13581585.6035363 4433940.616512679 -0.16106986666666667
-13581583.756482214 4433940.146004828 -0.16106986666666667
-13581581.909428116 4433939.675496978 -0.16106986666666667
-13581580.062373985 4433939.204989112 -0.16106986666666667
-13581578.219202774 4433938.721523278 -0.16106986666666667
-13581576.428400945 4433938.0632907245 -0.16106986666666667
-13581574.581099046 4433937.593609806 -0.16106986666666667
-13581572.793559307 4433936.924490944 -0.16106986666666667
-13581570.946009092 4433936.455638655 -0.16106986666666667
-13581569.098458908 4433935.986786377 -0.16106986666666667
-13581567.250908704 4433935.517934094 -0.16106986666666667
-13581565.403358486 4433935.049081803 -0.16106986666666667
-13581563.555808296 4433934.580229521 -0.16106986666666667
-13581561.708258098 4433934.111377239 -0.16106986666666667
-13581559.860707896 4433933.642524957 -0.16106986666666667
-13581558.013157677 4433933.173672667 -0.16106986666666667
-13581556.165607473 4433932.704820382 -0.16106986666666667
-13581554.318057297 4433932.235968108 -0.16106986666666667
-13581552.470507083 4433931.767115822 -0.16106986666666667
-13581550.608301634 4433931.347170876 -0.16106986666666667
-13581548.732713737 4433930.971885816 -0.16106986666666667
-13581546.927856475 4433930.36055897 -0.16106986666666667
-13581545.080306284 4433929.891706691 -0.16106986666666667
-13581543.232756052 4433929.422854396 -0.16106986666666667
-13581541.385205869 4433928.954002118 -0.16106986666666667
-13581539.537655665 4433928.485149835 -0.16106986666666667
-13581537.690105446 4433928.016297543 -0.16106986666666667
-13581535.842555253 4433927.547445264 -0.16106986666666667
-13581533.995005056 4433927.078592982 -0.16106986666666667
-13581532.147454856 4433926.609740699 -0.16106986666666667
-13581530.271582177 4433926.235405939 -0.16106986666666667
-13581528.39855154 4433925.851586812 -0.16106986666666667
-13581526.551249668 4433925.381905902 -0.16106986666666667
-13581524.703947756 4433924.912224981 -0.16106986666666667
-13581522.85664584 4433924.442544055 -0.16106986666666667
-13581521.00934394 4433923.972863139 -0.16106986666666667
-13581519.16204206 4433923.503182224 -0.16106986666666667
-13581517.31474017 4433923.033501309 -0.16106986666666667
-13581515.46743824 4433922.563820379 -0.16106986666666667
-13581513.604749965 4433922.145486788 -0.16106986666666667
-13581511.72641308 4433921.779375687 -0.16106986666666667
-13581509.874317976 4433921.32569063 -0.16106986666666667
-13581508.025919762 4433920.859668298 -0.16106986666666667
-13581506.147273948 4433920.494588061 -0.16106986666666667
-13581504.282787884 4433920.082254092 -0.16106986666666667
-13581502.435981063 4433919.610921 -0.16106986666666667
-13581500.566406053 4433919.215569709 -0.16106986666666667
-13581498.687450651 4433918.851522698 -0.16106986666666667
-13581496.808495248 4433918.487475688 -0.16106986666666667
-13581494.950792534 4433918.052504305 -0.16106986666666667
-13581493.104478749 4433917.579525783 -0.16106986666666667
-13581491.225272052 4433917.216317364 -0.16106986666666667
-13581489.363758042 4433916.794065119 -0.16106986666666667
-13581487.517690036 4433916.320266413 -0.16106986666666667
-13581485.64030688 4433915.950972418 -0.16106986666666667
-13581483.778294813 4433915.530382254 -0.16106986666666667
-13581481.932472087 4433915.0557650365 -0.16106986666666667
-13581480.053593775 4433914.691460697 -0.16106986666666667
-13581478.194398047 4433914.261471754 -0.16106986666666667
-13581476.345327644 4433913.797692744 -0.16106986666666667
-13581474.465126753 4433913.437802147 -0.16106986666666667
-13581472.612062993 4433912.987349599 -0.16106986666666667
-13581470.75541383 4433912.548862345 -0.16106986666666667
-13581468.8748998 4433912.190016779 -0.16106986666666667
-13581466.99438576 4433911.831171214 -0.16106986666666667
-13581465.141752165 4433911.379283128 -0.16106986666666667
-13581463.282906877 4433910.948124736 -0.16106986666666667
-13581461.402079005 4433910.590326595 -0.16106986666666667
-13581459.521251092 4433910.232528443 -0.16106986666666667
-13581457.675690845 4433909.757035229 -0.16106986666666667
-13581455.807999482 4433909.355397892 -0.16106986666666667
-13581453.92685702 4433908.998649565 -0.16106986666666667
-13581452.057731684 4433908.601797729 -0.16106986666666667
-13581450.212141171 4433908.126405457 -0.16106986666666667
-13581448.330683392 4433907.77070934 -0.16106986666666667
-13581446.4845103 4433907.29726144 -0.16106986666666667
-13581444.614497956 4433906.903369685 -0.16106986666666667
-13581442.732724143 4433906.548728191 -0.16106986666666667
-13581440.850950329 4433906.194086696 -0.16106986666666667
-13581438.988582993 4433905.774682133 -0.16106986666666667
-13581437.132973088 4433905.332726635 -0.16106986666666667
-13581435.250882518 4433904.979142186 -0.16106986666666667
-13581433.38074985 4433904.585652009 -0.16106986666666667
-13581431.531424051 4433904.122725261 -0.16106986666666667
-13581429.649016025 4433903.7702003 -0.16106986666666667
-13581427.766607976 4433903.41767533 -0.16106986666666667
-13581425.895812664 4433903.0263965605 -0.16106986666666667
-13581424.045344612 4433902.567281744 -0.16106986666666667
-13581422.162618348 4433902.215818685 -0.16106986666666667
-13581420.295646526 4433901.811780116 -0.16106986666666667
-13581418.439862035 4433901.37040731 -0.16106986666666667
-13581416.556816868 4433901.0200086245 -0.16106986666666667
-13581414.673771683 4433900.669609935 -0.16106986666666667
-13581412.7907265 4433900.319211244 -0.16106986666666667
-13581410.944999415 4433899.844274937 -0.16106986666666667
-13581409.065832373 4433899.480934179 -0.16106986666666667
-13581407.182467507 4433899.131602298 -0.16106986666666667
-13581405.299102671 4433898.782270431 -0.16106986666666667
-13581403.44424043 4433898.337819872 -0.16106986666666667
-13581401.572382623 4433897.95008678 -0.16106986666666667
-13581399.688697346 4433897.601824175 -0.16106986666666667
-13581397.824274383 4433897.18927956 -0.16106986666666667
-13581395.960465487 4433896.774685804 -0.16106986666666667
-13581394.076459069 4433896.427494947 -0.16106986666666667
-13581392.209063698 4433896.0248697605 -0.16106986666666667
-13581390.346709715 4433895.605420562 -0.16106986666666667
-13581388.46238143 4433895.259303946 -0.16106986666666667
-13581386.598566256 4433894.844731066 -0.16106986666666667
-13581384.731108982 4433894.442312419 -0.16106986666666667
-13581382.846458038 4433894.097272508 -0.16106986666666667
-13581380.961807111 4433893.752232607 -0.16106986666666667
-13581379.094278423 4433893.35005241 -0.16106986666666667
-13581377.228682516 4433892.941422062 -0.16106986666666667
-13581375.343708184 4433892.597461363 -0.16106986666666667
-13581373.4943469 4433892.134653126 -0.16106986666666667
-13581371.609048411 4433891.79177414 -0.16106986666666667
-13581369.72374992 4433891.448895148 -0.16106986666666667
-13581367.838451466 4433891.106016176 -0.16106986666666667
-13581365.953152992 4433890.763137196 -0.16106986666666667
-13581364.067854509 4433890.420258213 -0.16106986666666667
-13581362.182556022 4433890.077379226 -0.16106986666666667
-13581360.309735544 4433889.69285883 -0.16106986666666667
-13581358.445055744 4433889.281171337 -0.16106986666666667
-13581356.562277457 4433888.929881932 -0.16106986666666667
-13581354.703155449 4433888.499647048 -0.16106986666666667
-13581352.820382353 4433888.148340412 -0.16106986666666667
-13581350.93443334 4433887.8076324165 -0.16106986666666667
-13581349.016938888 4433887.572197578 -0.16106986666666667
-13581347.13131552 4433887.230402826 -0.16106986666666667
-13581345.245692186 4433886.888608091 -0.16106986666666667
-13581343.360068806 4433886.546813336 -0.16106986666666667
-13581341.47444542 4433886.205018577 -0.16106986666666667
-13581339.58882205 4433885.863223827 -0.16106986666666667
-13581337.703198705 4433885.521429085 -0.16106986666666667
-13581335.788377415 4433885.277073513 -0.16106986666666667
-13581333.903078906 4433884.934194518 -0.16106986666666667
-13581332.017780434 4433884.591315537 -0.16106986666666667
-13581330.13248198 4433884.2484365655 -0.16106986666666667
-13581328.219349831 4433883.998443948 -0.16106986666666667
-13581326.361885022 4433883.562678602 -0.16106986666666667
-13581324.45533107 4433883.290733224 -0.16106986666666667
-13581322.564426828 4433882.966561857 -0.16106986666666667
-13581320.679452492 4433882.622601163 -0.16106986666666667
-13581318.768325873 4433882.365915635 -0.16106986666666667
-13581316.845460488 4433882.148404768 -0.16106986666666667
-13581314.948189836 4433881.8454792965 -0.16106986666666667
-13581313.026352031 4433881.624539145 -0.16106986666666667
-13581311.150471788 4433881.250229623 -0.16106986666666667
-13581309.163820423 4433881.245584973 -0.16106986666666667
-13581307.245010268 4433881.014541023 -0.16106986666666667
-13581305.32571265 4433880.785123647 -0.16106986666666667
-13581303.366845485 4433880.687757663 -0.16106986666666667
-13581301.352680426 4433880.774931542 -0.16106986666666667
-13581299.387269003 4433880.699405013 -0.16106986666666667
-13581297.401967544 4433880.69025535 -0.16106986666666667
-13581295.445424506 4433880.58513324 -0.16106986666666667
-13581293.409770954 4433880.744018407 -0.16106986666666667
-13581291.442318926 4433880.675301768 -0.16106986666666667
-13581289.491859488 4433880.549877475 -0.16106986666666667
-13581287.549001362 4433880.399086264 -0.16106986666666667
-13581285.607988684 4433880.242136423 -0.16106986666666667
-13581285.607988684 4433880.242136423 -0.16106986666666667
-13581285.607988684 4433880.242136423 -0.16106986666666667
-13581285.607988684 4433880.242136423 -0.16106986666666667
-13581285.607988684 4433880.242136423 -0.16106986666666667
-13581285.607988684 4433880.242136423 -0.16106986666666667
-13581285.607988684 4433880.242136423 -0.16106986666666667
-13581285.607988684 4433880.242136423 -0.16106986666666667
-13581285.607988684 4433880.242136423 -0.16106986666666667
-13581285.607988684 4433880.242136423 -0.16106986666666667
-13581285.607988684 4433880.242136423 -0.16106986666666667
-13581285.607988684 4433880.242136423 -0.16106986666666667
-13581285.607988684 4433880.242136423 -0.16106986666666667
-13581285.607988684 4433880.242136423 -0.16106986666666667
-13581285.607988684 4433880.242136423 -0.16106986666666667
-13581285.607988684 4433880.242136423 -0.16106986666666667
-13581285.607988684 4433880.242136423 -0.16106986666666667
-13581285.607988684 4433880.242136423 -0.16106986666666667
-13581285.607988684 4433880.242136423 -0.16106986666666667
-13581285.607988684 4433880.242136423 -0.16106986666666667
-13581285.607988684 4433880.242136423 -0.16106986666666667
-13581285.607988684 4433880.242136423 -0.16106986666666667
-13581285.607988684 4433880.242136423 -0.16106986666666667
-13581285.607988684 4433880.242136423 -0.16106986666666667
-13581285.607988684 4433880.242136423 -0.16106986666666667
-13581285.607988684 4433880.242136423 -0.16106986666666667
-13581285.607988684 4433880.242136423 -0.16106986666666667
-13581285.607988684 4433880.242136423 -0.16106986666666667
-13581285.607988684 4433880.242136423 -0.16106986666666667
-13581285.607988684 4433880.242136423 -0.16106986666666667
-13581285.607988684 4433880.242136423 -0.16106986666666667
-13581285.607988684 4433880.242136423 -0.16106986666666667
-13581285.607988684 4433880.242136423 -0.16106986666666667
-13581285.607988684 4433880.242136423 -0.16106986666666667
-13581285.607988684 4433880.242136423 -0.16106986666666667
-13581285.607988684 4433880.242136423 -0.16106986666666667
-13581285.607988684 4433880.242136423 -0.16106986666666667
-13581285.607988684 4433880.242136423 -0.16106986666666667
-13581285.607988684 4433880.242136423 -0.16106986666666667
-13581285.607988684 4433880.242136423 -0.16106986666666667
-13581285.607988684 4433880.242136423 -0.16106986666666667
-13581285.607988684 4433880.242136423 -0.16106986666666667
-13581285.607988684 4433880.242136423 -0.16106986666666667
-13581285.607988684 4433880.242136423 -0.16106986666666667
-13581285.607988684 4433880.242136423 -0.16106986666666667
-13581285.607988684 4433880.242136423 -0.16106986666666667
-13581285.607988684 4433880.242136423 -0.16106986666666667
-13581285.607988684 4433880.242136423 -0.16106986666666667
-13581285.607988684 4433880.242136423 -0.16106986666666667
-13581285.607988684 4433880.242136423 -0.16106986666666667
-13581921.893145803 4434078.905134382 -0.3516884
-13581920.079565 4434078.322919658 -0.3516884
-13581918.479182672 4434077.029220247 -0.3516884
-13581916.692507075 4434076.357217504 -0.3516884
-13581914.878373897 4434075.776846129 -0.3516884
-13581913.064240756 4434075.196474768 -0.3516884
-13581911.250107562 4434074.616103392 -0.3516884
-13581909.43597436 4434074.035732011 -0.3516884
-13581907.62184118 4434073.455360638 -0.3516884
-13581905.856558416 4434072.711966049 -0.3516884
-13581904.399989126 4434070.938334684 -0.3516884
-13581902.894072054 4434069.329386241 -0.3516884
-13581901.486850468 4434067.391071977 -0.3516884
-13581899.904371768 4434066.037624763 -0.3516884
-13581898.087052217 4434065.467886936 -0.3516884
-13581896.269732654 4434064.898149104 -0.3516884
-13581894.452413088 4434064.328411271 -0.3516884
-13581894.09980447 4434058.870649077 -0.3516884
-13581892.279003168 4434058.312530526 -0.3516884
-13581890.458201842 4434057.754411966 -0.3516884
-13581888.637400554 4434057.196293416 -0.3516884
-13581886.81659926 4434056.638174865 -0.3516884
-13581885.077601437 4434055.807062247 -0.3516884
-13581883.256603315 4434055.249600423 -0.3516884
-13581881.622308688 4434054.069072933 -0.3516884
-13581880.161856104 4434052.308400952 -0.3516884
-13581878.70140346 4434050.547728992 -0.3516884
-13581877.240950808 4434048.787057034 -0.3516884
-13581875.78049818 4434047.026385066 -0.3516884
-13581874.320045575 4434045.265713095 -0.3516884
-13581872.859592965 4434043.505041125 -0.3516884
-13581871.075000215 4434042.826087481 -0.3516884
-13581869.248134218 4434042.288208074 -0.3516884
-13581867.421268197 4434041.750328663 -0.3516884
-13581865.59440216 4434041.212449242 -0.3516884
-13581863.76753615 4434040.674569833 -0.3516884
-13581861.940670138 4434040.136690422 -0.3516884
-13581860.323871717 4434038.8977747 -0.3516884
-13581858.859732823 4434037.149404427 -0.3516884
-13581857.395593962 4434035.401034148 -0.3516884
-13581855.805895004 4434034.071682366 -0.3516884
-13581853.976080164 4434033.543643694 -0.3516884
-13581852.146265317 4434033.015605018 -0.3516884
-13581850.31645049 4434032.487566348 -0.3516884
-13581848.486635683 4434031.959527684 -0.3516884
-13581846.656820863 4434031.431489021 -0.3516884
-13581844.916995963 4434030.603136389 -0.3516884
-13581843.44935332 4434028.866458918 -0.3516884
-13581841.922404602 4434027.327697368 -0.3516884
-13581840.090652227 4434026.806124672 -0.3516884
-13581838.258899843 4434026.284551973 -0.3516884
-13581836.427147456 4434025.762979272 -0.3516884
-13581834.5953951 4434025.24140658 -0.3516884
-13581832.763642725 4434024.719833885 -0.3516884
-13581831.027243756 4434023.880048307 -0.3516884
-13581829.556266569 4434022.154498873 -0.3516884
-13581828.085289378 4434020.428949444 -0.3516884
-13581826.271282084 4434019.848157974 -0.3516884
-13581824.43733718 4434019.333902092 -0.3516884
-13581822.6033923 4434018.819646216 -0.3516884
-13581820.769447448 4434018.30539035 -0.3516884
-13581818.935502551 4434017.791134472 -0.3516884
-13581817.186727962 4434016.99264875 -0.3516884
-13581815.712573497 4434015.277702545 -0.3516884
-13581814.238419006 4434013.56275635 -0.3516884
-13581812.432838865 4434012.953841805 -0.3516884
-13581810.596658511 4434012.447046085 -0.3516884
-13581808.76047819 4434011.940250374 -0.3516884
-13581806.924297849 4434011.43345466 -0.3516884
-13581805.088117488 4434010.926658937 -0.3516884
-13581803.392045762 4434009.952293634 -0.3516884
-13581801.914860385 4434008.2474621255 -0.3516884
-13581800.161397986 4434007.464620592 -0.3516884
-13581798.32362657 4434006.963134535 -0.3516884
-13581796.485855171 4434006.461648483 -0.3516884
-13581794.648083804 4434005.96016244 -0.3516884
-13581792.810312394 4434005.458676388 -0.3516884
-13581791.120180571 4434004.464488375 -0.3516884
-13581789.548399322 4434003.07534161 -0.3516884
-13581787.709477955 4434002.57769329 -0.3516884
-13581785.870556582 4434002.080044969 -0.3516884
-13581784.031635167 4434001.582396634 -0.3516884
-13581782.192713786 4434001.084748307 -0.3516884
-13581780.37660961 4434000.5109546 -0.3516884
-13581778.893762922 4433998.82501596 -0.3516884
-13581777.085569378 4433998.2248228425 -0.3516884
-13581775.245486544 4433997.731050468 -0.3516884
-13581773.405403735 4433997.237278102 -0.3516884
-13581771.56532091 4433996.743505732 -0.3516884
-13581769.725238068 4433996.249733354 -0.3516884
-13581768.195349172 4433994.720783721 -0.3516884
-13581766.370092576 4433994.177533368 -0.3516884
-13581764.529072238 4433993.686889667 -0.3516884
-13581762.68805188 4433993.196245959 -0.3516884
-13581760.847031558 4433992.705602262 -0.3516884
-13581759.029857244 4433992.135379784 -0.3516884
-13581757.406927194 4433990.916926382 -0.3516884
-13581755.56519878 4433990.428645659 -0.3516884
-13581753.723470384 4433989.940364942 -0.3516884
-13581751.88174197 4433989.452084221 -0.3516884
-13581750.04001354 4433988.9638034925 -0.3516884
-13581748.420875523 4433987.732695451 -0.3516884
-13581746.675708132 4433986.922171962 -0.3516884
-13581744.833028954 4433986.437064091 -0.3516884
-13581742.990349768 4433985.951956215 -0.3516884
-13581741.1476706 4433985.4668483455 -0.3516884
-13581739.344142266 4433984.851086614 -0.3516884
-13581737.541307889 4433984.233008984 -0.3516884
-13581735.698389806 4433983.7486983165 -0.3516884
-13581733.85547175 4433983.264387657 -0.3516884
-13581732.012553712 4433982.780077005 -0.3516884
-13581730.308995454 4433981.830695681 -0.3516884
-13581728.561065149 4433981.029392454 -0.3516884
-13581726.717427524 4433980.547483096 -0.3516884
-13581724.873789929 4433980.065573746 -0.3516884
-13581723.030152315 4433979.583664394 -0.3516884
-13581721.288495874 4433978.76142403 -0.3516884
-13581719.458797343 4433978.2329972815 -0.3516884
-13581717.61479826 4433977.752294258 -0.3516884
-13581715.770799166 4433977.271591235 -0.3516884
-13581713.926800055 4433976.790888204 -0.3516884
-13581712.197584877 4433975.927129006 -0.3516884
-13581710.35322335 4433975.447635583 -0.3516884
-13581708.508861788 4433974.968142149 -0.3516884
-13581706.66450022 4433974.488648711 -0.3516884
-13581704.930965845 4433973.639303567 -0.3516884
-13581703.202793038 4433972.772065759 -0.3516884
-13581701.357703123 4433972.29500299 -0.3516884
-13581699.512613203 4433971.81794022 -0.3516884
-13581697.667523315 4433971.340877458 -0.3516884
-13581695.972596582 4433970.362691055 -0.3516884
-13581694.127018612 4433969.887256986 -0.3516884
-13581692.281440668 4433969.411822927 -0.3516884
-13581690.435862722 4433968.936388868 -0.3516884
-13581688.688295608 4433968.133873625 -0.3516884
-13581686.967424134 4433967.242269797 -0.3516884
-13581685.121110369 4433966.769291281 -0.3516884
-13581683.27479663 4433966.296312775 -0.3516884
-13581681.428482853 4433965.823334257 -0.3516884
-13581679.729435775 4433964.85889819 -0.3516884
-13581677.882628951 4433964.387565094 -0.3516884
-13581676.035822151 4433963.916232004 -0.3516884
-13581674.18901534 4433963.444898913 -0.3516884
-13581672.488099707 4433962.48669853 -0.3516884
-13581670.640797809 4433962.017017609 -0.3516884
-13581668.793495923 4433961.547336696 -0.3516884
-13581666.946194028 4433961.077655777 -0.3516884
-13581665.243395282 4433960.125739781 -0.3516884
-13581663.395596253 4433959.657717836 -0.3516884
-13581661.547797255 4433959.189695898 -0.3516884
-13581659.699998235 4433958.721673958 -0.3516884
-13581657.995301625 4433957.776091477 -0.3516884
-13581656.147003451 4433957.309735352 -0.3516884
-13581654.298705274 4433956.843379227 -0.3516884
-13581652.450407092 4433956.377023101 -0.3516884
-13581650.67288021 4433955.674489349 -0.3516884
-13581648.824331688 4433955.208968714 -0.3516884
-13581646.975783158 4433954.74344808 -0.3516884
-13581645.19739952 4433954.043773451 -0.3516884
-13581643.348600108 4433953.579090025 -0.3516884
-13581641.49980071 4433953.114406606 -0.3516884
-13581639.651001295 4433952.649723183 -0.3516884
-13581637.871506363 4433951.953757237 -0.3516884
-13581636.022455549 4433951.489912752 -0.3516884
-13581634.17340476 4433951.026068277 -0.3516884
-13581632.3930462 4433950.33298445 -0.3516884
-13581630.543743469 4433949.869980647 -0.3516884
-13581628.694440756 4433949.406976854 -0.3516884
-13581626.846999245 4433948.937761864 -0.3516884
-13581625.063660206 4433948.254624478 -0.3516884
-13581623.214105034 4433947.7924631005 -0.3516884
-13581621.364549885 4433947.330301729 -0.3516884
-13581619.514994754 4433946.868140366 -0.3516884
-13581617.665439587 4433946.405978993 -0.3516884
-13581615.81588442 4433945.943817615 -0.3516884
-13581613.966329264 4433945.481656244 -0.3516884
-13581612.116774129 4433945.019494878 -0.3516884
-13581610.26721898 4433944.557333512 -0.3516884
-13581608.4176638 4433944.095172129 -0.3516884
-13581606.568108646 4433943.633010757 -0.3516884
-13581604.718553508 4433943.170849391 -0.3516884
-13581602.933928456 4433942.492003685 -0.3516884
-13581601.084120337 4433942.030686484 -0.3516884
-13581599.234312212 4433941.569369278 -0.3516884
-13581597.384504115 4433941.108052086 -0.3516884
-13581595.534696002 4433940.64673489 -0.3516884
-13581593.74868541 4433939.972512929 -0.3516884
-13581591.89862384 4433939.512041667 -0.3516884
-13581590.04856223 4433939.051570393 -0.3516884
-13581588.198500618 4433938.591099111 -0.3516884
-13581586.34843902 4433938.130627838 -0.3516884
-13581584.49837744 4433937.67015657 -0.3516884
-13581582.710721962 4433937.001424008 -0.3516884
-13581580.860406326 4433936.541800411 -0.3516884
-13581579.010090718 4433936.082176823 -0.3516884
-13581577.159775125 4433935.622553242 -0.3516884
-13581575.30945952 4433935.162929657 -0.3516884
-13581573.4591439 4433934.703306068 -0.3516884
-13581571.608828282 4433934.243682478 -0.3516884
-13581569.75851269 4433933.784058897 -0.3516884
-13581567.90819708 4433933.324435312 -0.3516884
-13581566.057881456 4433932.864811718 -0.3516884
-13581564.207565855 4433932.405188136 -0.3516884
-13581562.357250253 4433931.945564551 -0.3516884
-13581560.498489194 4433931.514125071 -0.3516884
-13581558.620460486 4433931.146985407 -0.3516884
-13581556.747453457 4433930.763087491 -0.3516884
-13581554.897391886 4433930.302616229 -0.3516884
-13581553.047330275 4433929.842144956 -0.3516884
-13581551.197268665 4433929.381673679 -0.3516884
-13581549.347207064 4433928.921202406 -0.3516884
-13581547.497145483 4433928.46073114 -0.3516884
-13581545.647083895 4433928.0002598725 -0.3516884
-13581543.7823805 4433927.588651028 -0.3516884
-13581541.903425109 4433927.224604019 -0.3516884
-13581540.024469694 4433926.860557006 -0.3516884
-13581538.145514268 4433926.496509984 -0.3516884
-13581536.28501279 4433926.0708786575 -0.3516884
-13581534.43545764 4433925.608717286 -0.3516884
-13581532.56911792 4433925.202569275 -0.3516884
-13581530.689852182 4433924.839557818 -0.3516884
-13581528.832093908 4433924.404771851 -0.3516884
-13581526.982791215 4433923.941768067 -0.3516884
-13581525.111418346 4433923.552416601 -0.3516884
-13581523.231841594 4433923.19044306 -0.3516884
-13581521.381305564 4433922.731555059 -0.3516884
-13581519.531251425 4433922.271058968 -0.3516884
-13581517.651362974 4433921.910125721 -0.3516884
-13581515.781440562 4433921.515933733 -0.3516884
-13581513.93264115 4433921.051250307 -0.3516884
-13581512.069144608 4433920.635614118 -0.3516884
-13581510.188943716 4433920.275723519 -0.3516884
-13581508.308742816 4433919.915832916 -0.3516884
-13581506.434850557 4433919.53488914 -0.3516884
-13581504.586552393 4433919.068533017 -0.3516884
-13581502.72415251 4433918.649236993 -0.3516884
-13581500.843638454 4433918.290391417 -0.3516884
-13581498.963124424 4433917.931545855 -0.3516884
-13581497.093684774 4433917.535742925 -0.3516884
-13581495.245885758 4433917.067720982 -0.3516884
-13581493.3761533 4433916.67289512 -0.3516884
-13581491.4953254 4433916.315096971 -0.3516884
-13581489.614497526 4433915.957298833 -0.3516884
-13581487.757909764 4433915.518606595 -0.3516884
-13581485.906279186 4433915.063371253 -0.3516884
-13581484.02513672 4433914.706622926 -0.3516884
-13581482.168506386 4433914.268072807 -0.3516884
-13581480.315465689 4433913.817543347 -0.3516884
-13581478.434007894 4433913.461847224 -0.3516884
-13581476.552550131 4433913.106151112 -0.3516884
-13581474.687562576 4433912.695490659 -0.3516884
-13581472.841002518 4433912.223334003 -0.3516884
-13581470.959331203 4433911.868350522 -0.3516884
-13581469.077557407 4433911.513709035 -0.3516884
-13581467.210942106 4433911.108480687 -0.3516884
-13581465.36433135 4433910.636493217 -0.3516884
-13581463.4822408 4433910.282908776 -0.3516884
-13581461.600150276 4433909.929324346 -0.3516884
-13581459.73861853 4433909.507131144 -0.3516884
-13581457.885136424 4433909.058074708 -0.3516884
-13581456.002728395 4433908.705549746 -0.3516884
-13581454.120320383 4433908.353024793 -0.3516884
-13581452.27056563 4433907.891529568 -0.3516884
-13581450.403511854 4433907.487764381 -0.3516884
-13581448.53813251 4433907.078411407 -0.3516884
-13581446.685539622 4433906.626387602 -0.3516884
-13581444.802494451 4433906.275988915 -0.3516884
-13581442.919449272 4433905.9255902255 -0.3516884
-13581441.036404086 4433905.575191534 -0.3516884
-13581439.153358934 4433905.224792854 -0.3516884
-13581437.306704173 4433904.752952312 -0.3516884
-13581435.432940204 4433904.371580382 -0.3516884
-13581433.549575368 4433904.022248514 -0.3516884
-13581431.666210528 4433903.672916644 -0.3516884
-13581429.782845683 4433903.323584772 -0.3516884
-13581427.931074642 4433902.868818172 -0.3516884
-13581426.06029098 4433902.477500527 -0.3516884
-13581424.176605731 4433902.129237935 -0.3516884
-13581422.292920442 4433901.780975324 -0.3516884
-13581420.409235189 4433901.432712726 -0.3516884
-13581418.566265402 4433900.948574767 -0.3516884
-13581416.684535991 4433900.593785134 -0.3516884
-13581414.800529571 4433900.246594282 -0.3516884
-13581412.930622954 4433899.8523496445 -0.3516884
-13581411.074321091 4433899.412703418 -0.3516884
-13581409.189992787 4433899.066586796 -0.3516884
-13581407.305664465 4433898.720470164 -0.3516884
-13581405.4240499 4433898.3652973 -0.3516884
-13581403.577618465 4433897.892711504 -0.3516884
-13581401.69296752 4433897.547671597 -0.3516884
-13581399.808316551 4433897.202631681 -0.3516884
-13581397.960159063 4433896.735806031 -0.3516884
-13581396.078425895 4433896.381029043 -0.3516884
-13581394.19345155 4433896.03706834 -0.3516884
-13581392.308477197 4433895.693107634 -0.3516884
-13581390.462033136 4433895.220563936 -0.3516884
-13581388.576734684 4433894.877684963 -0.3516884
-13581386.69143622 4433894.534805988 -0.3516884
-13581384.806137716 4433894.1919269925 -0.3516884
-13581382.95558266 4433893.733102487 -0.3516884
-13581381.07253615 4433893.382708335 -0.3516884
-13581379.186912782 4433893.040913586 -0.3516884
-13581377.31947494 4433892.638430143 -0.3516884
-13581375.451770527 4433892.236836365 -0.3516884
-13581373.565821543 4433891.896128382 -0.3516884
-13581371.679872517 4433891.555420378 -0.3516884
-13581369.824461836 4433891.112799951 -0.3516884
-13581367.94285746 4433890.757593124 -0.3516884
-13581366.056582035 4433890.417974412 -0.3516884
-13581364.170306606 4433890.078355697 -0.3516884
-13581362.28403117 4433889.73873698 -0.3516884
-13581360.397755768 4433889.399118274 -0.3516884
-13581358.544808833 4433888.948275931 -0.3516884
-13581356.65820622 4433888.609749035 -0.3516884
-13581354.77160364 4433888.271222154 -0.3516884
-13581352.91742357 4433887.82449505 -0.3516884
-13581351.030493047 4433887.487062538 -0.3516884
-13581349.1435625 4433887.1496300185 -0.3516884
-13581347.271522127 4433886.762506191 -0.3516884
-13581345.400884995 4433886.37069958 -0.3516884
-13581343.544552788 4433885.931154505 -0.3516884
-13581341.656964077 4433885.595918417 -0.3516884
-13581339.773446033 4433885.247097796 -0.3516884
-13581337.911795488 4433884.82530117 -0.3516884
-13581336.023876565 4433884.4911671765 -0.3516884
-13581334.1359576 4433884.157033161 -0.3516884
-13581332.248038666 4433883.82289916 -0.3516884
-13581330.360119753 4433883.488765168 -0.3516884
-13581328.47220082 4433883.1546311695 -0.3516884
-13581326.584281877 4433882.820497165 -0.3516884
-13581324.696362931 4433882.48636316 -0.3516884
-13581322.80844402 4433882.152229167 -0.3516884
-13581320.920525083 4433881.818095167 -0.3516884
-13581319.032606132 4433881.483961157 -0.3516884
-13581317.153128983 4433881.121655321 -0.3516884
-13581315.288740238 4433880.708996555 -0.3516884
-13581313.425304284 4433880.293158113 -0.3516884
-13581311.557444775 4433879.8920818325 -0.3516884
-13581309.681544883 4433879.51783804 -0.3516884
-13581307.804574352 4433879.147167154 -0.3516884
-13581305.890701832 4433878.899645172 -0.3516884
-13581304.00178752 4433878.568832951 -0.3516884
-13581302.07277834 4433878.37182515 -0.3516884
-13581300.130012857 4433878.220724724 -0.3516884
-13581298.173525875 4433878.115415567 -0.3516884
-13581296.079582496 4433878.468825043 -0.3516884
-13581293.82567365 4433879.356070449 -0.3516884
-13581291.500187008 4433880.482184753 -0.3516884
-13581289.492950289 4433880.54623726 -0.3516884
-13581287.586202284 4433880.274939572 -0.3516884
-13581285.694513906 4433879.953384973 -0.3516884
-13581283.796786103 4433879.651985069 -0.3516884
-13581283.796786103 4433879.651985069 -0.3516884
-13581283.796786103 4433879.651985069 -0.3516884
-13581283.796786103 4433879.651985069 -0.3516884
-13581283.796786103 4433879.651985069 -0.3516884
-13581283.796786103 4433879.651985069 -0.3516884
-13581283.796786103 4433879.651985069 -0.3516884
-13581283.796786103 4433879.651985069 -0.3516884
-13581283.796786103 4433879.651985069 -0.3516884
-13581283.796786103 4433879.651985069 -0.3516884
-13581283.796786103 4433879.651985069 -0.3516884
-13581283.796786103 4433879.651985069 -0.3516884
-13581283.796786103 4433879.651985069 -0.3516884
-13581283.796786103 4433879.651985069 -0.3516884
-13581283.796786103 4433879.651985069 -0.3516884
-13581283.796786103 4433879.651985069 -0.3516884
-13581283.796786103 4433879.651985069 -0.3516884
-13581283.796786103 4433879.651985069 -0.3516884
-13581283.796786103 4433879.651985069 -0.3516884
-13581283.796786103 4433879.651985069 -0.3516884
-13581283.796786103 4433879.651985069 -0.3516884
-13581283.796786103 4433879.651985069 -0.3516884
-13581283.796786103 4433879.651985069 -0.3516884
-13581283.796786103 4433879.651985069 -0.3516884
-13581283.796786103 4433879.651985069 -0.3516884
-13581283.796786103 4433879.651985069 -0.3516884
-13581283.796786103 4433879.651985069 -0.3516884
-13581283.796786103 4433879.651985069 -0.3516884
-13581283.796786103 4433879.651985069 -0.3516884
-13581283.796786103 4433879.651985069 -0.3516884
-13581283.796786103 4433879.651985069 -0.3516884
-13581283.796786103 4433879.651985069 -0.3516884
-13581283.796786103 4433879.651985069 -0.3516884
-13581283.796786103 4433879.651985069 -0.3516884
-13581283.796786103 4433879.651985069 -0.3516884
-13581283.796786103 4433879.651985069 -0.3516884
-13581283.796786103 4433879.651985069 -0.3516884
-13581283.796786103 4433879.651985069 -0.3516884
-13581283.796786103 4433879.651985069 -0.3516884
-13581283.796786103 4433879.651985069 -0.3516884
-13581283.796786103 4433879.651985069 -0.3516884
-13581283.796786103 4433879.651985069 -0.3516884
-13581283.796786103 4433879.651985069 -0.3516884
-13581283.796786103 4433879.651985069 -0.3516884
-13581283.796786103 4433879.651985069 -0.3516884
-13581283.796786103 4433879.651985069 -0.3516884
-13581283.796786103 4433879.651985069 -0.3516884
-13581283.796786103 4433879.651985069 -0.3516884
-13581283.796786103 4433879.651985069 -0.3516884
3 0 400 401
3 0 401 1
3 1 401 402
3 1 402 2
3 2 402 403
3 2 403 3
3 3 403 404
3 3 404 4
3 4 404 405
3 4 405 5
3 5 405 406
3 5 406 6
3 6 406 407
3 6 407 7
3 7 407 408
3 7 408 8
3 8 408 409
3 8 409 9
3 9 409 410
3 9 410 10
3 10 410 411
3 10 411 11
3 11 411 412
3 11 412 12
3 12 412 413
3 12 413 13
3 13 413 414
3 13 414 14
3 14 414 415
3 14 415 15
3 15 415 416
3 15 416 16
3 16 416 417
3 16 417 17
3 17 417 418
3 17 418 18
3 18 418 419
3 18 419 19
3 19 419 420
3 19 420 20
3 20 420 421
3 20 421 21
3 21 421 422
3 21 422 22
3 22 422 423
3 22 423 23
3 23 423 424
3 23 424 24
3 24 424 425
3 24 425 25
3 25 425 426
3 25 426 26
3 26 426 427
3 26 427 27
3 27 427 428
3 27 428 28
3 28 428 429
3 28 429 29
3 29 429 430
3 29 430 30
3 30 430 431
3 30 431 31
3 31 431 432
3 31 432 32
3 32 432 433
3 32 433 33
3 33 433 434
3 33 434 34
3 34 434 435
3 34 435 35
3 35 435 436
3 35 436 36
3 36 436 437
3 36 437 37
3 37 437 438
3 37 438 38
3 38 438 439
3 38 439 39
3 39 439 440
3 39 440 40
3 40 440 441
3 40 441 41
3 41 441 442
3 41 442 42
3 42 442 443
3 42 443 43
3 43 443 444
3 43 444 44
3 44 444 445
3 44 445 45
3 45 445 446
3 45 446 46
3 46 446 447
3 46 447 47
3 47 447 448
3 47 448 48
3 48 448 449
3 48 449 49
3 49 449 450
3 49 450 50
3 50 450 451
3 50 451 51
3 51 451 452
3 51 452 52
3 52 452 453
3 52 453 53
3 53 453 454
3 53 454 54
3 54 454 455
3 54 455 55
3 55 455 456
3 55 456 56
3 56 456 457
3 56 457 57
3 57 457 458
3 57 458 58
3 58 458 459
3 58 459 59
3 59 459 460
3 59 460 60
3 60 460 461
3 60 461 61
3 61 461 462
3 61 462 62
3 62 462 463
3 62 463 63
3 63 463 464
3 63 464 64
3 64 464 465
3 64 465 65
3 65 465 466
3 65 466 66
3 66 466 467
3 66 467 67
3 67 467 468
3 67 468 68
3 68 468 469
3 68 469 69
3 69 469 470
3 69 470 70
3 70 470 471
3 70 471 71
3 71 471 472
3 71 472 72
3 72 472 473
3 72 473 73
3 73 473 474
3 73 474 74
3 74 474 475
3 74 475 75
3 75 475 476
3 75 476 76
3 76 476 477
3 76 477 77
3 77 477 478
3 77 478 78
3 78 478 479
3 78 479 79
3 79 479 480
3 79 480 80
3 80 480 481
3 80 481 81
3 81 481 482
3 81 482 82
3 82 482 483
3 82 483 83
3 83 483 484
3 83 484 84
3 84 484 485
3 84 485 85
3 85 485 486
3 85 486 86
3 86 486 487
3 86 487 87
3 87 487 488
3 87 488 88
3 88 488 489
3 88 489 89
3 89 489 490
3 89 490 90
3 90 490 491
3 90 491 91
3 91 491 492
3 91 492 92
3 92 492 493
3 92 493 93
3 93 493 494
3 93 494 94
3 94 494 495
3 94 495 95
3 95 495 496
3 95 496 96
3 96 496 497
3 96 497 97
3 97 497 498
3 97 498 98
3 98 498 499
3 98 499 99
3 99 499 500
3 99 500 100
3 100 500 501
3 100 501 101
3 101 501 502
3 101 502 102
3 102 502 503
3 102 503 103
3 103 503 504
3 103 504 104
3 104 504 505
3 104 505 105
3 105 505 506
3 105 506 106
3 106 506 507
3 106 507 107
3 107 507 508
3 107 508 108
3 108 508 509
3 108 509 109
3 109 509 510
3 109 510 110
3 110 510 511
3 110 511 111
3 111 511 512
3 111 512 112
3 112 512 513
3 112 513 113
3 113 513 514
3 113 514 114
3 114 514 515
3 114 515 115
3 115 515 516
3 115 516 116
3 116 516 517
3 116 517 117
3 117 517 518
3 117 518 118
3 118 518 519
3 118 519 119
3 119 519 520
3 119 520 120
3 120 520 521
3 120 521 121
3 121 521 522
3 121 522 122
3 122 522 523
3 122 523 123
3 123 523 524
3 123 524 124
3 124 524 525
3 124 525 125
3 125 525 526
3 125 526 126
3 126 526 527
3 126 527 127
3 127 527 528
3 127 528 128
3 128 528 529
3 128 529 129
3 129 529 530
3 129 530 130
3 130 530 531
3 130 531 131
3 131 531 532
3 131 532 132
3 132 532 533
3 132 533 133
3 133 533 534
3 133 534 134
3 134 534 535
3 134 535 135
3 135 535 536
3 135 536 136
3 136 536 537
3 136 537 137
3 137 537 538
3 137 538 138
3 138 538 539
3 138 539 139
3 139 539 540
3 139 540 140
3 140 540 541
3 140 541 141
3 141 541 542
3 141 542 142
3 142 542 543
3 142 543 143
3 143 543 544
3 143 544 144
3 144 544 545
3 144 545 145
3 145 545 546
3 145 546 146
3 146 546 547
3 146 547 147
3 147 547 548
3 147 548 148
3 148 548 549
3 148 549 149
3 149 549 550
3 149 550 150
3 150 550 551
3 150 551 151
3 151 551 552
3 151 552 152
3 152 552 553
3 152 553 153
3 153 553 554
3 153 554 154
3 154 554 555
3 154 555 155
3 155 555 556
3 155 556 156
3 156 556 557
3 156 557 157
3 157 557 558
3 157 558 158
3 158 558 559
3 158 559 159
3 159 559 560
3 159 560 160
3 160 560 561
3 160 561 161
3 161 561 562
3 161 562 162
3 162 562 563
3 162 563 163
3 163 563 564
3 163 564 164
3 164 564 565
3 164 565 165
3 165 565 566
3 165 566 166
3 166 566 567
3 166 567 167
3 167 567 568
3 167 568 168
3 168 568 569
3 168 569 169
3 169 569 570
3 169 570 170
3 170 570 571
3 170 571 171
3 171 571 572
3 171 572 172
3 172 572 573
3 172 573 173
3 173 573 574
3 173 574 174
3 174 574 575
3 174 575 175
3 175 575 576
3 175 576 176
3 176 576 577
3 176 577 177
3 177 577 578
3 177 578 178
3 178 578 579
3 178 579 179
3 179 579 580
3 179 580 180
3 180 580 581
3 180 581 181
3 181 581 582
3 181 582 182
3 182 582 583
3 182 583 183
3 183 583 584
3 183 584 184
3 184 584 585
3 184 585 185
3 185 585 586
3 185 586 186
3 186 586 587
3 186 587 187
3 187 587 588
3 187 588 188
3 188 588 589
3 188 589 189
3 189 589 590
3 189 590 190
3 190 590 591
3 190 591 191
3 191 591 592
3 191 592 192
3 192 592 593
3 192 593 193
3 193 593 594
3 193 594 194
3 194 594 595
3 194 595 195
3 195 595 596
3 195 596 196
3 196 596 597
3 196 597 197
3 197 597 598
3 197 598 198
3 198 598 599
3 198 599 199
3 199 599 600
3 199 600 200
3 200 600 601
3 200 601 201
3 201 601 602
3 201 602 202
3 202 602 603
3 202 603 203
3 203 603 604
3 203 604 204
3 204 604 605
3 204 605 205
3 205 605 606
3 205 606 206
3 206 606 607
3 206 607 207
3 207 607 608
3 207 608 208
3 208 608 609
3 208 609 209
3 209 609 610
3 209 610 210
3 210 610 611
3 210 611 211
3 211 611 612
3 211 612 212
3 212 612 613
3 212 613 213
3 213 613 614
3 213 614 214
3 214 614 615
3 214 615 215
3 215 615 616
3 215 616 216
3 216 616 617
3 216 617 217
3 217 617 618
3 217 618 218
3 218 618 619
3 218 619 219
3 219 619 620
3 219 620 220
3 220 620 621
3 220 621 221
3 221 621 622
3 221 622 222
3 222 622 623
3 222 623 223
3 223 623 624
3 223 624 224
3 224 624 625
3 224 625 225
3 225 625 626
3 225 626 226
3 226 626 627
3 226 627 227
3 227 627 628
3 227 628 228
3 228 628 629
3 228 629 229
3 229 629 630
3 229 630 230
3 230 630 631
3 230 631 231
3 231 631 632
3 231 632 232
3 232 632 633
3 232 633 233
3 233 633 634
3 233 634 234
3 234 634 635
3 234 635 235
3 235 635 636
3 235 636 236
3 236 636 637
3 236 637 237
3 237 637 638
3 237 638 238
3 238 638 639
3 238 639 239
3 239 639 640
3 239 640 240
3 240 640 641
3 240 641 241
3 241 641 642
3 241 642 242
3 242 642 643
3 242 643 243
3 243 643 644
3 243 644 244
3 244 644 645
3 244 645 245
3 245 645 646
3 245 646 246
3 246 646 647
3 246 647 247
3 247 647 648
3 247 648 248
3 248 648 649
3 248 649 249
3 249 649 650
3 249 650 250
3 250 650 651
3 250 651 251
3 251 651 652
3 251 652 252
3 252 652 653
3 252 653 253
3 253 653 654
3 253 654 254
3 254 654 655
3 254 655 255
3 255 655 656
3 255 656 256
3 256 656 657
3 256 657 257
3 257 657 658
3 257 658 258
3 258 658 659
3 258 659 259
3 259 659 660
3 259 660 260
3 260 660 661
3 260 661 261
3 261 661 662
3 261 662 262
3 262 662 663
3 262 663 263
3 263 663 664
3 263 664 264
3 264 664 665
3 264 665 265
3 265 665 666
3 265 666 266
3 266 666 667
3 266 667 267
3 267 667 668
3 267 668 268
3 268 668 669
3 268 669 269
3 269 669 670
3 269 670 270
3 270 670 671
3 270 671 271
3 271 671 672
3 271 672 272
3 272 672 673
3 272 673 273
3 273 673 674
3 273 674 274
3 274 674 675
3 274 675 275
3 275 675 676
3 275 676 276
3 276 676 677
3 276 677 277
3 277 677 678
3 277 678 278
3 278 678 679
3 278 679 279
3 279 679 680
3 279 680 280
3 280 680 681
3 280 681 281
3 281 681 682
3 281 682 282
3 282 682 683
3 282 683 283
3 283 683 684
3 283 684 284
3 284 684 685
3 284 685 285
3 285 685 686
3 285 686 286
3 286 686 687
3 286 687 287
3 287 687 688
3 287 688 288
3 288 688 689
3 288 689 289
3 289 689 690
3 289 690 290
3 290 690 691
3 290 691 291
3 291 691 692
3 291 692 292
3 292 692 693
3 292 693 293
3 293 693 694
3 293 694 294
3 294 694 695
3 294 695 295
3 295 695 696
3 295 696 296
3 296 696 697
3 296 697 297
3 297 697 698
3 297 698 298
3 298 698 699
3 298 699 299
3 299 699 700
3 299 700 300
3 300 700 701
3 300 701 301
3 301 701 702
3 301 702 302
3 302 702 703
3 302 703 303
3 303 703 704
3 303 704 304
3 304 704 705
3 304 705 305
3 305 705 706
3 305 706 306
3 306 706 707
3 306 707 307
3 307 707 708
3 307 708 308
3 308 708 709
3 308 709 309
3 309 709 710
3 309 710 310
3 310 710 711
3 310 711 311
3 311 711 712
3 311 712 312
3 312 712 713
3 312 713 313
3 313 713 714
3 313 714 314
3 314 714 715
3 314 715 315
3 315 715 716
3 315 716 316
3 316 716 717
3 316 717 317
3 317 717 718
3 317 718 318
3 318 718 719
3 318 719 319
3 319 719 720
3 319 720 320
3 320 720 721
3 320 721 321
3 321 721 722
3 321 722 322
3 322 722 723
3 322 723 323
3 323 723 724
3 323 724 324
3 324 724 725
3 324 725 325
3 325 725 726
3 325 726 326
3 326 726 727
3 326 727 327
3 327 727 728
3 327 728 328
3 328 728 729
3 328 729 329
3 329 729 730
3 329 730 330
3 330 730 731
3 330 731 331
3 331 731 732
3 331 732 332
3 332 732 733
3 332 733 333
3 333 733 734
3 333 734 334
3 334 734 735
3 334 735 335
3 335 735 736
3 335 736 336
3 336 736 737
3 336 737 337
3 337 737 738
3 337 738 338
3 338 738 739
3 338 739 339
3 339 739 740
3 339 740 340
3 340 740 741
3 340 741 341
3 341 741 742
3 341 742 342
3 342 742 743
3 342 743 343
3 343 743 744
3 343 744 344
3 344 744 745
3 344 745 345
3 345 745 746
3 345 746 346
3 346 746 747
3 346 747 347
3 347 747 748
3 347 748 348
3 348 748 749
3 348 749 349
3 349 749 750
3 349 750 350
3 350 750 751
3 350 751 351
3 351 751 752
3 351 752 352
3 352 752 753
3 352 753 353
3 353 753 754
3 353 754 354
3 354 754 755
3 354 755 355
3 355 755 756
3 355 756 356
3 356 756 757
3 356 757 357
3 357 757 758
3 357 758 358
3 358 758 759
3 358 759 359
3 359 759 760
3 359 760 360
3 360 760 761
3 360 761 361
3 361 761 762
3 361 762 362
3 362 762 763
3 362 763 363
3 363 763 764
3 363 764 364
3 364 764 765
3 364 765 365
3 365 765 766
3 365 766 366
3 366 766 767
3 366 767 367
3 367 767 768
3 367 768 368
3 368 768 769
3 368 769 369
3 369 769 770
3 369 770 370
3 370 770 771
3 370 771 371
3 371 771 772
3 371 772 372
3 372 772 773
3 372 773 373
3 373 773 774
3 373 774 374
3 374 774 775
3 374 775 375
3 375 775 776
3 375 776 376
3 376 776 777
3 376 777 377
3 377 777 778
3 377 778 378
3 378 778 779
3 378 779 379
3 379 779 780
3 379 780 380
3 380 780 781
3 380 781 381
3 381 781 782
3 381 782 382
3 382 782 783
3 382 783 383
3 383 783 784
3 383 784 384
3 384 784 785
3 384 785 385
3 385 785 786
3 385 786 386
3 386 786 787
3 386 787 387
3 387 787 788
3 387 788 388
3 388 788 789
3 388 789 389
3 389 789 790
3 389 790 390
3 390 790 791
3 390 791 391
3 391 791 792
3 391 792 392
3 392 792 793
3 392 793 393
3 393 793 794
3 393 794 394
3 394 794 795
3 394 795 395
3 395 795 796
3 395 796 396
3 396 796 797
3 396 797 397
3 397 797 798
3 397 798 398
3 398 798 799
3 398 799 399
3 400 800 801
3 400 801 401
3 401 801 802
3 401 802 402
3 402 802 803
3 402 803 403
3 403 803 804
3 403 804 404
3 404 804 805
3 404 805 405
3 405 805 806
3 405 806 406
3 406 806 807
3 406 807 407
3 407 807 808
3 407 808 408
3 408 808 809
3 408 809 409
3 409 809 810
3 409 810 410
3 410 810 811
3 410 811 411
3 411 811 812
3 411 812 412
3 412 812 813
3 412 813 413
3 413 813 814
3 413 814 414
3 414 814 815
3 414 815 415
3 415 815 816
3 415 816 416
3 416 816 817
3 416 817 417
3 417 817 818
3 417 818 418
3 418 818 819
3 418 819 419
3 419 819 820
3 419 820 420
3 420 820 821
3 420 821 421
3 421 821 822
3 421 822 422
3 422 822 823
3 422 823 423
3 423 823 824
3 423 824 424
3 424 824 825
3 424 825 425
3 425 825 826
3 425 826 426
3 426 826 827
3 426 827 427
3 427 827 828
3 427 828 428
3 428 828 829
3 428 829 429
3 429 829 830
3 429 830 430
3 430 830 831
3 430 831 431
3 431 831 832
3 431 832 432
3 432 832 833
3 432 833 433
3 433 833 834
3 433 834 434
3 434 834 835
3 434 835 435
3 435 835 836
3 435 836 436
3 436 836 837
3 436 837 437
3 437 837 838
3 437 838 438
3 438 838 839
3 438 839 439
3 439 839 840
3 439 840 440
3 440 840 841
3 440 841 441
3 441 841 842
3 441 842 442
3 442 842 843
3 442 843 443
3 443 843 844
3 443 844 444
3 444 844 845
3 444 845 445
3 445 845 846
3 445 846 446
3 446 846 847
3 446 847 447
3 447 847 848
3 447 848 448
3 448 848 849
3 448 849 449
3 449 849 850
3 449 850 450
3 450 850 851
3 450 851 451
3 451 851 852
3 451 852 452
3 452 852 853
3 452 853 453
3 453 853 854
3 453 854 454
3 454 854 855
3 454 855 455
3 455 855 856
3 455 856 456
3 456 856 857
3 456 857 457
3 457 857 858
3 457 858 458
3 458 858 859
3 458 859 459
3 459 859 860
3 459 860 460
3 460 860 861
3 460 861 461
3 461 861 862
3 461 862 462
3 462 862 863
3 462 863 463
3 463 863 864
3 463 864 464
3 464 864 865
3 464 865 465
3 465 865 866
3 465 866 466
3 466 866 867
3 466 867 467
3 467 867 868
3 467 868 468
3 468 868 869
3 468 869 469
3 469 869 870
3 469 870 470
3 470 870 871
3 470 871 471
3 471 871 872
3 471 872 472
3 472 872 873
3 472 873 473
3 473 873 874
3 473 874 474
3 474 874 875
3 474 875 475
3 475 875 876
3 475 876 476
3 476 876 877
3 476 877 477
3 477 877 878
3 477 878 478
3 478 878 879
3 478 879 479
3 479 879 880
3 479 880 480
3 480 880 881
3 480 881 481
3 481 881 882
3 481 882 482
3 482 882 883
3 482 883 483
3 483 883 884
3 483 884 484
3 484 884 885
3 484 885 485
3 485 885 886
3 485 886 486
3 486 886 887
3 486 887 487
3 487 887 888
3 487 888 488
3 488 888 889
3 488 889 489
3 489 889 890
3 489 890 490
3 490 890 891
3 490 891 491
3 491 891 892
3 491 892 492
3 492 892 893
3 492 893 493
3 493 893 894
3 493 894 494
3 494 894 895
3 494 895 495
3 495 895 896
3 495 896 496
3 496 896 897
3 496 897 497
3 497 897 898
3 497 898 498
3 498 898 899
3 498 899 499
3 499 899 900
3 499 900 500
3 500 900 901
3 500 901 501
3 501 901 902
3 501 902 502
3 502 902 903
3 502 903 503
3 503 903 904
3 503 904 504
3 504 904 905
3 504 905 505
3 505 905 906
3 505 906 506
3 506 906 907
3 506 907 507
3 507 907 908
3 507 908 508
3 508 908 909
3 508 909 509
3 509 909 910
3 509 910 510
3 510 910 911
3 510 911 511
3 511 911 912
3 511 912 512
3 512 912 913
3 512 913 513
3 513 913 914
3 513 914 514
3 514 914 915
3 514 915 515
3 515 915 916
3 515 916 516
3 516 916 917
3 516 917 517
3 517 917 918
3 517 918 518
3 518 918 919
3 518 919 519
3 519 919 920
3 519 920 520
3 520 920 921
3 520 921 521
3 521 921 922
3 521 922 522
3 522 922 923
3 522 923 523
3 523 923 924
3 523 924 524
3 524 924 925
3 524 925 525
3 525 925 926
3 525 926 526
3 526 926 927
3 526 927 527
3 527 927 928
3 527 928 528
3 528 928 929
3 528 929 529
3 529 929 930
3 529 930 530
3 530 930 931
3 530 931 531
3 531 931 932
3 531 932 532
3 532 932 933
3 532 933 533
3 533 933 934
3 533 934 534
3 534 934 935
3 534 935 535
3 535 935 936
3 535 936 536
3 536 936 937
3 536 937 537
3 537 937 938
3 537 938 538
3 538 938 939
3 538 939 539
3 539 939 940
3 539 940 540
3 540 940 941
3 540 941 541
3 541 941 942
3 541 942 542
3 542 942 943
3 542 943 543
3 543 943 944
3 543 944 544
3 544 944 945
3 544 945 545
3 545 945 946
3 545 946 546
3 546 946 947
3 546 947 547
3 547 947 948
3 547 948 548
3 548 948 949
3 548 949 549
3 549 949 950
3 549 950 550
3 550 950 951
3 550 951 551
3 551 951 952
3 551 952 552
3 552 952 953
3 552 953 553
3 553 953 954
3 553 954 554
3 554 954 955
3 554 955 555
3 555 955 956
3 555 956 556
3 556 956 957
3 556 957 557
3 557 957 958
3 557 958 558
3 558 958 959
3 558 959 559
3 559 959 960
3 559 960 560
3 560 960 961
3 560 961 561
3 561 961 962
3 561 962 562
3 562 962 963
3 562 963 563
3 563 963 964
3 563 964 564
3 564 964 965
3 564 965 565
3 565 965 966
3 565 966 566
3 566 966 967
3 566 967 567
3 567 967 968
3 567 968 568
3 568 968 969
3 568 969 569
3 569 969 970
3 569 970 570
3 570 970 971
3 570 971 571
3 571 971 972
3 571 972 572
3 572 972 973
3 572 973 573
3 573 973 974
3 573 974 574
3 574 974 975
3 574 975 575
3 575 975 976
3 575 976 576
3 576 976 977
3 576 977 577
3 577 977 978
3 577 978 578
3 578 978 979
3 578 979 579
3 579 979 980
3 579 980 580
3 580 980 981
3 580 981 581
3 581 981 982
3 581 982 582
3 582 982 983
3 582 983 583
3 583 983 984
3 583 984 584
3 584 984 985
3 584 985 585
3 585 985 986
3 585 986 586
3 586 986 987
3 586 987 587
3 587 987 988
3 587 988 588
3 588 988 989
3 588 989 589
3 589 989 990
3 589 990 590
3 590 990 991
3 590 991 591
3 591 991 992
3 591 992 592
3 592 992 993
3 592 993 593
3 593 993 994
3 593 994 594
3 594 994 995
3 594 995 595
3 595 995 996
3 595 996 596
3 596 996 997
3 596 997 597
3 597 997 998
3 597 998 598
3 598 998 999
3 598 999 599
3 599 999 1000
3 599 1000 600
3 600 1000 1001
3 600 1001 601
3 601 1001 1002
3 601 1002 602
3 602 1002 1003
3 602 1003 603
3 603 1003 1004
3 603 1004 604
3 604 1004 1005
3 604 1005 605
3 605 1005 1006
3 605 1006 606
3 606 1006 1007
3 606 1007 607
3 607 1007 1008
3 607 1008 608
3 608 1008 1009
3 608 1009 609
3 609 1009 1010
3 609 1010 610
3 610 1010 1011
3 610 1011 611
3 611 1011 1012
3 611 1012 612
3 612 1012 1013
3 612 1013 613
3 613 1013 1014
3 613 1014 614
3 614 1014 1015
3 614 1015 615
3 615 1015 1016
3 615 1016 616
3 616 1016 1017
3 616 1017 617
3 617 1017 1018
3 617 1018 618
3 618 1018 1019
3 618 1019 619
3 619 1019 1020
3 619 1020 620
3 620 1020 1021
3 620 1021 621
3 621 1021 1022
3 621 1022 622
3 622 1022 1023
3 622 1023 623
3 623 1023 1024
3 623 1024 624
3 624 1024 1025
3 624 1025 625
3 625 1025 1026
3 625 1026 626
3 626 1026 1027
3 626 1027 627
3 627 1027 1028
3 627 1028 628
3 628 1028 1029
3 628 1029 629
3 629 1029 1030
3 629 1030 630
3 630 1030 1031
3 630 1031 631
3 631 1031 1032
3 631 1032 632
3 632 1032 1033
3 632 1033 633
3 633 1033 1034
3 633 1034 634
3 634 1034 1035
3 634 1035 635
3 635 1035 1036
3 635 1036 636
3 636 1036 1037
3 636 1037 637
3 637 1037 1038
3 637 1038 638
3 638 1038 1039
3 638 1039 639
3 639 1039 1040
3 639 1040 640
3 640 1040 1041
3 640 1041 641
3 641 1041 1042
3 641 1042 642
3 642 1042 1043
3 642 1043 643
3 643 1043 1044
3 643 1044 644
3 644 1044 1045
3 644 1045 645
3 645 1045 1046
3 645 1046 646
3 646 1046 1047
3 646 1047 647
3 647 1047 1048
3 647 1048 648
3 648 1048 1049
3 648 1049 649
3 649 1049 1050
3 649 1050 650
3 650 1050 1051
3 650 1051 651
3 651 1051 1052
3 651 1052 652
3 652 1052 1053
3 652 1053 653
3 653 1053 1054
3 653 1054 654
3 654 1054 1055
3 654 1055 655
3 655 1055 1056
3 655 1056 656
3 656 1056 1057
3 656 1057 657
3 657 1057 1058
3 657 1058 658
3 658 1058 1059
3 658 1059 659
3 659 1059 1060
3 659 1060 660
3 660 1060 1061
3 660 1061 661
3 661 1061 1062
3 661 1062 662
3 662 1062 1063
3 662 1063 663
3 663 1063 1064
3 663 1064 664
3 664 1064 1065
3 664 1065 665
3 665 1065 1066
3 665 1066 666
3 666 1066 1067
3 666 1067 667
3 667 1067 1068
3 667 1068 668
3 668 1068 1069
3 668 1069 669
3 669 1069 1070
3 669 1070 670
3 670 1070 1071
3 670 1071 671
3 671 1071 1072
3 671 1072 672
3 672 1072 1073
3 672 1073 673
3 673 1073 1074
3 673 1074 674
3 674 1074 1075
3 674 1075 675
3 675 1075 1076
3 675 1076 676
3 676 1076 1077
3 676 1077 677
3 677 1077 1078
3 677 1078 678
3 678 1078 1079
3 678 1079 679
3 679 1079 1080
3 679 1080 680
3 680 1080 1081
3 680 1081 681
3 681 1081 1082
3 681 1082 682
3 682 1082 1083
3 682 1083 683
3 683 1083 1084
3 683 1084 684
3 684 1084 1085
3 684 1085 685
3 685 1085 1086
3 685 1086 686
3 686 1086 1087
3 686 1087 687
3 687 1087 1088
3 687 1088 688
3 688 1088 1089
3 688 1089 689
3 689 1089 1090
3 689 1090 690
3 690 1090 1091
3 690 1091 691
3 691 1091 1092
3 691 1092 692
3 692 1092 1093
3 692 1093 693
3 693 1093 1094
3 693 1094 694
3 694 1094 1095
3 694 1095 695
3 695 1095 1096
3 695 1096 696
3 696 1096 1097
3 696 1097 697
3 697 1097 1098
3 697 1098 698
3 698 1098 1099
3 698 1099 699
3 699 1099 1100
3 699 1100 700
3 700 1100 1101
3 700 1101 701
3 701 1101 1102
3 701 1102 702
3 702 1102 1103
3 702 1103 703
3 703 1103 1104
3 703 1104 704
3 704 1104 1105
3 704 1105 705
3 705 1105 1106
3 705 1106 706
3 706 1106 1107
3 706 1107 707
3 707 1107 1108
3 707 1108 708
3 708 1108 1109
3 708 1109 709
3 709 1109 1110
3 709 1110 710
3 710 1110 1111
3 710 1111 711
3 711 1111 1112
3 711 1112 712
3 712 1112 1113
3 712 1113 713
3 713 1113 1114
3 713 1114 714
3 714 1114 1115
3 714 1115 715
3 715 1115 1116
3 715 1116 716
3 716 1116 1117
3 716 1117 717
3 717 1117 1118
3 717 1118 718
3 718 1118 1119
3 718 1119 719
3 719 1119 1120
3 719 1120 720
3 720 1120 1121
3 720 1121 721
3 721 1121 1122
3 721 1122 722
3 722 1122 1123
3 722 1123 723
3 723 1123 1124
3 723 1124 724
3 724 1124 1125
3 724 1125 725
3 725 1125 1126
3 725 1126 726
3 726 1126 1127
3 726 1127 727
3 727 1127 1128
3 727 1128 728
3 728 1128 1129
3 728 1129 729
3 729 1129 1130
3 729 1130 730
3 730 1130 1131
3 730 1131 731
3 731 1131 1132
3 731 1132 732
3 732 1132 1133
3 732 1133 733
3 733 1133 1134
3 733 1134 734
3 734 1134 1135
3 734 1135 735
3 735 1135 1136
3 735 1136 736
3 736 1136 1137
3 736 1137 737
3 737 1137 1138
3 737 1138 738
3 738 1138 1139
3 738 1139 739
3 739 1139 1140
3 739 1140 740
3 740 1140 1141
3 740 1141 741
3 741 1141 1142
3 741 1142 742
3 742 1142 1143
3 742 1143 743
3 743 1143 1144
3 743 1144 744
3 744 1144 1145
3 744 1145 745
3 745 1145 1146
3 745 1146 746
3 746 1146 1147
3 746 1147 747
3 747 1147 1148
3 747 1148 748
3 748 1148 1149
3 748 1149 749
3 749 1149 1150
3 749 1150 750
3 750 1150 1151
3 750 1151 751
3 751 1151 1152
3 751 1152 752
3 752 1152 1153
3 752 1153 753
3 753 1153 1154
3 753 1154 754
3 754 1154 1155
3 754 1155 755
3 755 1155 1156
3 755 1156 756
3 756 1156 1157
3 756 1157 757
3 757 1157 1158
3 757 1158 758
3 758 1158 1159
3 758 1159 759
3 759 1159 1160
3 759 1160 760
3 760 1160 1161
3 760 1161 761
3 761 1161 1162
3 761 1162 762
3 762 1162 1163
3 762 1163 763
3 763 1163 1164
3 763 1164 764
3 764 1164 1165
3 764 1165 765
3 765 1165 1166
3 765 1166 766
3 766 1166 1167
3 766 1167 767
3 767 1167 1168
3 767 1168 768
3 768 1168 1169
3 768 1169 769
3 769 1169 1170
3 769 1170 770
3 770 1170 1171
3 770 1171 771
3 771 1171 1172
3 771 1172 772
3 772 1172 1173
3 772 1173 773
3 773 1173 1174
3 773 1174 774
3 774 1174 1175
3 774 1175 775
3 775 1175 1176
3 775 1176 776
3 776 1176 1177
3 776 1177 777
3 777 1177 1178
3 777 1178 778
3 778 1178 1179
3 778 1179 779
3 779 1179 1180
3 779 1180 780
3 780 1180 1181
3 780 1181 781
3 781 1181 1182
3 781 1182 782
3 782 1182 1183
3 782 1183 783
3 783 1183 1184
3 783 1184 784
3 784 1184 1185
3 784 1185 785
3 785 1185 1186
3 785 1186 786
3 786 1186 1187
3 786 1187 787
3 787 1187 1188
3 787 1188 788
3 788 1188 1189
3 788 1189 789
3 789 1189 1190
3 789 1190 790
3 790 1190 1191
3 790 1191 791
3 791 1191 1192
3 791 1192 792
3 792 1192 1193
3 792 1193 793
3 793 1193 1194
3 793 1194 794
3 794 1194 1195
3 794 1195 795
3 795 1195 1196
3 795 1196 796
3 796 1196 1197
3 796 1197 797
3 797 1197 1198
3 797 1198 798
3 798 1198 1199
3 798 1199 799
3 800 1200 1201
3 800 1201 801
3 801 1201 1202
3 801 1202 802
3 802 1202 1203
3 802 1203 803
3 803 1203 1204
3 803 1204 804
3 804 1204 1205
3 804 1205 805
3 805 1205 1206
3 805 1206 806
3 806 1206 1207
3 806 1207 807
3 807 1207 1208
3 807 1208 808
3 808 1208 1209
3 808 1209 809
3 809 1209 1210
3 809 1210 810
3 810 1210 1211
3 810 1211 811
3 811 1211 1212
3 811 1212 812
3 812 1212 1213
3 812 1213 813
3 813 1213 1214
3 813 1214 814
3 814 1214 1215
3 814 1215 815
3 815 1215 1216
3 815 1216 816
3 816 1216 1217
3 816 1217 817
3 817 1217 1218
3 817 1218 818
3 818 1218 1219
3 818 1219 819
3 819 1219 1220
3 819 1220 820
3 820 1220 1221
3 820 1221 821
3 821 1221 1222
3 821 1222 822
3 822 1222 1223
3 822 1223 823
3 823 1223 1224
3 823 1224 824
3 824 1224 1225
3 824 1225 825
3 825 1225 1226
3 825 1226 826
3 826 1226 1227
3 826 1227 827
3 827 1227 1228
3 827 1228 828
3 828 1228 1229
3 828 1229 829
3 829 1229 1230
3 829 1230 830
3 830 1230 1231
3 830 1231 831
3 831 1231 1232
3 831 1232 832
3 832 1232 1233
3 832 1233 833
3 833 1233 1234
3 833 1234 834
3 834 1234 1235
3 834 1235 835
3 835 1235 1236
3 835 1236 836
3 836 1236 1237
3 836 1237 837
3 837 1237 1238
3 837 1238 838
3 838 1238 1239
3 838 1239 839
3 839 1239 1240
3 839 1240 840
3 840 1240 1241
3 840 1241 841
3 841 1241 1242
3 841 1242 842
3 842 1242 1243
3 842 1243 843
3 843 1243 1244
3 843 1244 844
3 844 1244 1245
3 844 1245 845
3 845 1245 1246
3 845 1246 846
3 846 1246 1247
3 846 1247 847
3 847 1247 1248
3 847 1248 848
3 848 1248 1249
3 848 1249 849
3 849 1249 1250
3 849 1250 850
3 850 1250 1251
3 850 1251 851
3 851 1251 1252
3 851 1252 852
3 852 1252 1253
3 852 1253 853
3 853 1253 1254
3 853 1254 854
3 854 1254 1255
3 854 1255 855
3 855 1255 1256
3 855 1256 856
3 856 1256 1257
3 856 1257 857
3 857 1257 1258
3 857 1258 858
3 858 1258 1259
3 858 1259 859
3 859 1259 1260
3 859 1260 860
3 860 1260 1261
3 860 1261 861
3 861 1261 1262
3 861 1262 862
3 862 1262 1263
3 862 1263 863
3 863 1263 1264
3 863 1264 864
3 864 1264 1265
3 864 1265 865
3 865 1265 1266
3 865 1266 866
3 866 1266 1267
3 866 1267 867
3 867 1267 1268
3 867 1268 868
3 868 1268 1269
3 868 1269 869
3 869 1269 1270
3 869 1270 870
3 870 1270 1271
3 870 1271 871
3 871 1271 1272
3 871 1272 872
3 872 1272 1273
3 872 1273 873
3 873 1273 1274
3 873 1274 874
3 874 1274 1275
3 874 1275 875
3 875 1275 1276
3 875 1276 876
3 876 1276 1277
3 876 1277 877
3 877 1277 1278
3 877 1278 878
3 878 1278 1279
3 878 1279 879
3 879 1279 1280
3 879 1280 880
3 880 1280 1281
3 880 1281 881
3 881 1281 1282
3 881 1282 882
3 882 1282 1283
3 882 1283 883
3 883 1283 1284
3 883 1284 884
3 884 1284 1285
3 884 1285 885
3 885 1285 1286
3 885 1286 886
3 886 1286 1287
3 886 1287 887
3 887 1287 1288
3 887 1288 888
3 888 1288 1289
3 888 1289 889
3 889 1289 1290
3 889 1290 890
3 890 1290 1291
3 890 1291 891
3 891 1291 1292
3 891 1292 892
3 892 1292 1293
3 892 1293 893
3 893 1293 1294
3 893 1294 894
3 894 1294 1295
3 894 1295 895
3 895 1295 1296
3 895 1296 896
3 896 1296 1297
3 896 1297 897
3 897 1297 1298
3 897 1298 898
3 898 1298 1299
3 898 1299 899
3 899 1299 1300
3 899 1300 900
3 900 1300 1301
3 900 1301 901
3 901 1301 1302
3 901 1302 902
3 902 1302 1303
3 902 1303 903
3 903 1303 1304
3 903 1304 904
3 904 1304 1305
3 904 1305 905
3 905 1305 1306
3 905 1306 906
3 906 1306 1307
3 906 1307 907
3 907 1307 1308
3 907 1308 908
3 908 1308 1309
3 908 1309 909
3 909 1309 1310
3 909 1310 910
3 910 1310 1311
3 910 1311 911
3 911 1311 1312
3 911 1312 912
3 912 1312 1313
3 912 1313 913
3 913 1313 1314
3 913 1314 914
3 914 1314 1315
3 914 1315 915
3 915 1315 1316
3 915 1316 916
3 916 1316 1317
3 916 1317 917
3 917 1317 1318
3 917 1318 918
3 918 1318 1319
3 918 1319 919
3 919 1319 1320
3 919 1320 920
3 920 1320 1321
3 920 1321 921
3 921 1321 1322
3 921 1322 922
3 922 1322 1323
3 922 1323 923
3 923 1323 1324
3 923 1324 924
3 924 1324 1325
3 924 1325 925
3 925 1325 1326
3 925 1326 926
3 926 1326 1327
3 926 1327 927
3 927 1327 1328
3 927 1328 928
3 928 1328 1329
3 928 1329 929
3 929 1329 1330
3 929 1330 930
3 930 1330 1331
3 930 1331 931
3 931 1331 1332
3 931 1332 932
3 932 1332 1333
3 932 1333 933
3 933 1333 1334
3 933 1334 934
3 934 1334 1335
3 934 1335 935
3 935 1335 1336
3 935 1336 936
3 936 1336 1337
3 936 1337 937
3 937 1337 1338
3 937 1338 938
3 938 1338 1339
3 938 1339 939
3 939 1339 1340
3 939 1340 940
3 940 1340 1341
3 940 1341 941
3 941 1341 1342
3 941 1342 942
3 942 1342 1343
3 942 1343 943
3 943 1343 1344
3 943 1344 944
3 944 1344 1345
3 944 1345 945
3 945 1345 1346
3 945 1346 946
3 946 1346 1347
3 946 1347 947
3 947 1347 1348
3 947 1348 948
3 948 1348 1349
3 948 1349 949
3 949 1349 1350
3 949 1350 950
3 950 1350 1351
3 950 1351 951
3 951 1351 1352
3 951 1352 952
3 952 1352 1353
3 952 1353 953
3 953 1353 1354
3 953 1354 954
3 954 1354 1355
3 954 1355 955
3 955 1355 1356
3 955 1356 956
3 956 1356 1357
3 956 1357 957
3 957 1357 1358
3 957 1358 958
3 958 1358 1359
3 958 1359 959
3 959 1359 1360
3 959 1360 960
3 960 1360 1361
3 960 1361 961
3 961 1361 1362
3 961 1362 962
3 962 1362 1363
3 962 1363 963
3 963 1363 1364
3 963 1364 964
3 964 1364 1365
3 964 1365 965
3 965 1365 1366
3 965 1366 966
3 966 1366 1367
3 966 1367 967
3 967 1367 1368
3 967 1368 968
3 968 1368 1369
3 968 1369 969
3 969 1369 1370
3 969 1370 970
3 970 1370 1371
3 970 1371 971
3 971 1371 1372
3 971 1372 972
3 972 1372 1373
3 972 1373 973
3 973 1373 1374
3 973 1374 974
3 974 1374 1375
3 974 1375 975
3 975 1375 1376
3 975 1376 976
3 976 1376 1377
3 976 1377 977
3 977 1377 1378
3 977 1378 978
3 978 1378 1379
3 978 1379 979
3 979 1379 1380
3 979 1380 980
3 980 1380 1381
3 980 1381 981
3 981 1381 1382
3 981 1382 982
3 982 1382 1383
3 982 1383 983
3 983 1383 1384
3 983 1384 984
3 984 1384 1385
3 984 1385 985
3 985 1385 1386
3 985 1386 986
3 986 1386 1387
3 986 1387 987
3 987 1387 1388
3 987 1388 988
3 988 1388 1389
3 988 1389 989
3 989 1389 1390
3 989 1390 990
3 990 1390 1391
3 990 1391 991
3 991 1391 1392
3 991 1392 992
3 992 1392 1393
3 992 1393 993
3 993 1393 1394
3 993 1394 994
3 994 1394 1395
3 994 1395 995
3 995 1395 1396
3 995 1396 996
3 996 1396 1397
3 996 1397 997
3 997 1397 1398
3 997 1398 998
3 998 1398 1399
3 998 1399 999
3 999 1399 1400
3 999 1400 1000
3 1000 1400 1401
3 1000 1401 1001
3 1001 1401 1402
3 1001 1402 1002
3 1002 1402 1403
3 1002 1403 1003
3 1003 1403 1404
3 1003 1404 1004
3 1004 1404 1405
3 1004 1405 1005
3 1005 1405 1406
3 1005 1406 1006
3 1006 1406 1407
3 1006 1407 1007
3 1007 1407 1408
3 1007 1408 1008
3 1008 1408 1409
3 1008 1409 1009
3 1009 1409 1410
3 1009 1410 1010
3 1010 1410 1411
3 1010 1411 1011
3 1011 1411 1412
3 1011 1412 1012
3 1012 1412 1413
3 1012 1413 1013
3 1013 1413 1414
3 1013 1414 1014
3 1014 1414 1415
3 1014 1415 1015
3 1015 1415 1416
3 1015 1416 1016
3 1016 1416 1417
3 1016 1417 1017
3 1017 1417 1418
3 1017 1418 1018
3 1018 1418 1419
3 1018 1419 1019
3 1019 1419 1420
3 1019 1420 1020
3 1020 1420 1421
3 1020 1421 1021
3 1021 1421 1422
3 1021 1422 1022
3 1022 1422 1423
3 1022 1423 1023
3 1023 1423 1424
3 1023 1424 1024
3 1024 1424 1425
3 1024 1425 1025
3 1025 1425 1426
3 1025 1426 1026
3 1026 1426 1427
3 1026 1427 1027
3 1027 1427 1428
3 1027 1428 1028
3 1028 1428 1429
3 1028 1429 1029
3 1029 1429 1430
3 1029 1430 1030
3 1030 1430 1431
3 1030 1431 1031
3 1031 1431 1432
3 1031 1432 1032
3 1032 1432 1433
3 1032 1433 1033
3 1033 1433 1434
3 1033 1434 1034
3 1034 1434 1435
3 1034 1435 1035
3 1035 1435 1436
3 1035 1436 1036
3 1036 1436 1437
3 1036 1437 1037
3 1037 1437 1438
3 1037 1438 1038
3 1038 1438 1439
3 1038 1439 1039
3 1039 1439 1440
3 1039 1440 1040
3 1040 1440 1441
3 1040 1441 1041
3 1041 1441 1442
3 1041 1442 1042
3 1042 1442 1443
3 1042 1443 1043
3 1043 1443 1444
3 1043 1444 1044
3 1044 1444 1445
3 1044 1445 1045
3 1045 1445 1446
3 1045 1446 1046
3 1046 1446 1447
3 1046 1447 1047
3 1047 1447 1448
3 1047 1448 1048
3 1048 1448 1449
3 1048 1449 1049
3 1049 1449 1450
3 1049 1450 1050
3 1050 1450 1451
3 1050 1451 1051
3 1051 1451 1452
3 1051 1452 1052
3 1052 1452 1453
3 1052 1453 1053
3 1053 1453 1454
3 1053 1454 1054
3 1054 1454 1455
3 1054 1455 1055
3 1055 1455 1456
3 1055 1456 1056
3 1056 1456 1457
3 1056 1457 1057
3 1057 1457 1458
3 1057 1458 1058
3 1058 1458 1459
3 1058 1459 1059
3 1059 1459 1460
3 1059 1460 1060
3 1060 1460 1461
3 1060 1461 1061
3 1061 1461 1462
3 1061 1462 1062
3 1062 1462 1463
3 1062 1463 1063
3 1063 1463 1464
3 1063 1464 1064
3 1064 1464 1465
3 1064 1465 1065
3 1065 1465 1466
3 1065 1466 1066
3 1066 1466 1467
3 1066 1467 1067
3 1067 1467 1468
3 1067 1468 1068
3 1068 1468 1469
3 1068 1469 1069
3 1069 1469 1470
3 1069 1470 1070
3 1070 1470 1471
3 1070 1471 1071
3 1071 1471 1472
3 1071 1472 1072
3 1072 1472 1473
3 1072 1473 1073
3 1073 1473 1474
3 1073 1474 1074
3 1074 1474 1475
3 1074 1475 1075
3 1075 1475 1476
3 1075 1476 1076
3 1076 1476 1477
3 1076 1477 1077
3 1077 1477 1478
3 1077 1478 1078
3 1078 1478 1479
3 1078 1479 1079
3 1079 1479 1480
3 1079 1480 1080
3 1080 1480 1481
3 1080 1481 1081
3 1081 1481 1482
3 1081 1482 1082
3 1082 1482 1483
3 1082 1483 1083
3 1083 1483 1484
3 1083 1484 1084
3 1084 1484 1485
3 1084 1485 1085
3 1085 1485 1486
3 1085 1486 1086
3 1086 1486 1487
3 1086 1487 1087
3 1087 1487 1488
3 1087 1488 1088
3 1088 1488 1489
3 1088 1489 1089
3 1089 1489 1490
3 1089 1490 1090
3 1090 1490 1491
3 1090 1491 1091
3 1091 1491 1492
3 1091 1492 1092
3 1092 1492 1493
3 1092 1493 1093
3 1093 1493 1494
3 1093 1494 1094
3 1094 1494 1495
3 1094 1495 1095
3 1095 1495 1496
3 1095 1496 1096
3 1096 1496 1497
3 1096 1497 1097
3 1097 1497 1498
3 1097 1498 1098
3 1098 1498 1499
3 1098 1499 1099
3 1099 1499 1500
3 1099 1500 1100
3 1100 1500 1501
3 1100 1501 1101
3 1101 1501 1502
3 1101 1502 1102
3 1102 1502 1503
3 1102 1503 1103
3 1103 1503 1504
3 1103 1504 1104
3 1104 1504 1505
3 1104 1505 1105
3 1105 1505 1506
3 1105 1506 1106
3 1106 1506 1507
3 1106 1507 1107
3 1107 1507 1508
3 1107 1508 1108
3 1108 1508 1509
3 1108 1509 1109
3 1109 1509 1510
3 1109 1510 1110
3 1110 1510 1511
3 1110 1511 1111
3 1111 1511 1512
3 1111 1512 1112
3 1112 1512 1513
3 1112 1513 1113
3 1113 1513 1514
3 1113 1514 1114
3 1114 1514 1515
3 1114 1515 1115
3 1115 1515 1516
3 1115 1516 1116
3 1116 1516 1517
3 1116 1517 1117
3 1117 1517 1518
3 1117 1518 1118
3 1118 1518 1519
3 1118 1519 1119
3 1119 1519 1520
3 1119 1520 1120
3 1120 1520 1521
3 1120 1521 1121
3 1121 1521 1522
3 1121 1522 1122
3 1122 1522 1523
3 1122 1523 1123
3 1123 1523 1524
3 1123 1524 1124
3 1124 1524 1525
3 1124 1525 1125
3 1125 1525 1526
3 1125 1526 1126
3 1126 1526 1527
3 1126 1527 1127
3 1127 1527 1528
3 1127 1528 1128
3 1128 1528 1529
3 1128 1529 1129
3 1129 1529 1530
3 1129 1530 1130
3 1130 1530 1531
3 1130 1531 1131
3 1131 1531 1532
3 1131 1532 1132
3 1132 1532 1533
3 1132 1533 1133
3 1133 1533 1534
3 1133 1534 1134
3 1134 1534 1535
3 1134 1535 1135
3 1135 1535 1536
3 1135 1536 1136
3 1136 1536 1537
3 1136 1537 1137
3 1137 1537 1538
3 1137 1538 1138
3 1138 1538 1539
3 1138 1539 1139
3 1139 1539 1540
3 1139 1540 1140
3 1140 1540 1541
3 1140 1541 1141
3 1141 1541 1542
3 1141 1542 1142
3 1142 1542 1543
3 1142 1543 1143
3 1143 1543 1544
3 1143 1544 1144
3 1144 1544 1545
3 1144 1545 1145
3 1145 1545 1546
3 1145 1546 1146
3 1146 1546 1547
3 1146 1547 1147
3 1147 1547 1548
3 1147 1548 1148
3 1148 1548 1549
3 1148 1549 1149
3 1149 1549 1550
3 1149 1550 1150
3 1150 1550 1551
3 1150 1551 1151
3 1151 1551 1552
3 1151 1552 1152
3 1152 1552 1553
3 1152 1553 1153
3 1153 1553 1554
3 1153 1554 1154
3 1154 1554 1555
3 1154 1555 1155
3 1155 1555 1556
3 1155 1556 1156
3 1156 1556 1557
3 1156 1557 1157
3 1157 1557 1558
3 1157 1558 1158
3 1158 1558 1559
3 1158 1559 1159
3 1159 1559 1560
3 1159 1560 1160
3 1160 1560 1561
3 1160 1561 1161
3 1161 1561 1562
3 1161 1562 1162
3 1162 1562 1563
3 1162 1563 1163
3 1163 1563 1564
3 1163 1564 1164
3 1164 1564 1565
3 1164 1565 1165
3 1165 1565 1566
3 1165 1566 1166
3 1166 1566 1567
3 1166 1567 1167
3 1167 1567 1568
3 1167 1568 1168
3 1168 1568 1569
3 1168 1569 1169
3 1169 1569 1570
3 1169 1570 1170
3 1170 1570 1571
3 1170 1571 1171
3 1171 1571 1572
3 1171 1572 1172
3 1172 1572 1573
3 1172 1573 1173
3 1173 1573 1574
3 1173 1574 1174
3 1174 1574 1575
3 1174 1575 1175
3 1175 1575 1576
3 1175 1576 1176
3 1176 1576 1577
3 1176 1577 1177
3 1177 1577 1578
3 1177 1578 1178
3 1178 1578 1579
3 1178 1579 1179
3 1179 1579 1580
3 1179 1580 1180
3 1180 1580 1581
3 1180 1581 1181
3 1181 1581 1582
3 1181 1582 1182
3 1182 1582 1583
3 1182 1583 1183
3 1183 1583 1584
3 1183 1584 1184
3 1184 1584 1585
3 1184 1585 1185
3 1185 1585 1586
3 1185 1586 1186
3 1186 1586 1587
3 1186 1587 1187
3 1187 1587 1588
3 1187 1588 1188
3 1188 1588 1589
3 1188 1589 1189
3 1189 1589 1590
3 1189 1590 1190
3 1190 1590 1591
3 1190 1591 1191
3 1191 1591 1592
3 1191 1592 1192
3 1192 1592 1593
3 1192 1593 1193
3 1193 1593 1594
3 1193 1594 1194
3 1194 1594 1595
3 1194 1595 1195
3 1195 1595 1596
3 1195 1596 1196
3 1196 1596 1597
3 1196 1597 1197
3 1197 1597 1598
3 1197 1598 1198
3 1198 1598 1599
3 1198 1599 1199
3 1200 1600 1601
3 1200 1601 1201
3 1201 1601 1602
3 1201 1602 1202
3 1202 1602 1603
3 1202 1603 1203
3 1203 1603 1604
3 1203 1604 1204
3 1204 1604 1605
3 1204 1605 1205
3 1205 1605 1606
3 1205 1606 1206
3 1206 1606 1607
3 1206 1607 1207
3 1207 1607 1608
3 1207 1608 1208
3 1208 1608 1609
3 1208 1609 1209
3 1209 1609 1610
3 1209 1610 1210
3 1210 1610 1611
3 1210 1611 1211
3 1211 1611 1612
3 1211 1612 1212
3 1212 1612 1613
3 1212 1613 1213
3 1213 1613 1614
3 1213 1614 1214
3 1214 1614 1615
3 1214 1615 1215
3 1215 1615 1616
3 1215 1616 1216
3 1216 1616 1617
3 1216 1617 1217
3 1217 1617 1618
3 1217 1618 1218
3 1218 1618 1619
3 1218 1619 1219
3 1219 1619 1620
3 1219 1620 1220
3 1220 1620 1621
3 1220 1621 1221
3 1221 1621 1622
3 1221 1622 1222
3 1222 1622 1623
3 1222 1623 1223
3 1223 1623 1624
3 1223 1624 1224
3 1224 1624 1625
3 1224 1625 1225
3 1225 1625 1626
3 1225 1626 1226
3 1226 1626 1627
3 1226 1627 1227
3 1227 1627 1628
3 1227 1628 1228
3 1228 1628 1629
3 1228 1629 1229
3 1229 1629 1630
3 1229 1630 1230
3 1230 1630 1631
3 1230 1631 1231
3 1231 1631 1632
3 1231 1632 1232
3 1232 1632 1633
3 1232 1633 1233
3 1233 1633 1634
3 1233 1634 1234
3 1234 1634 1635
3 1234 1635 1235
3 1235 1635 1636
3 1235 1636 1236
3 1236 1636 1637
3 1236 1637 1237
3 1237 1637 1638
3 1237 1638 1238
3 1238 1638 1639
3 1238 1639 1239
3 1239 1639 1640
3 1239 1640 1240
3 1240 1640 1641
3 1240 1641 1241
3 1241 1641 1642
3 1241 1642 1242
3 1242 1642 1643
3 1242 1643 1243
3 1243 1643 1644
3 1243 1644 1244
3 1244 1644 1645
3 1244 1645 1245
3 1245 1645 1646
3 1245 1646 1246
3 1246 1646 1647
3 1246 1647 1247
3 1247 1647 1648
3 1247 1648 1248
3 1248 1648 1649
3 1248 1649 1249
3 1249 1649 1650
3 1249 1650 1250
3 1250 1650 1651
3 1250 1651 1251
3 1251 1651 1652
3 1251 1652 1252
3 1252 1652 1653
3 1252 1653 1253
3 1253 1653 1654
3 1253 1654 1254
3 1254 1654 1655
3 1254 1655 1255
3 1255 1655 1656
3 1255 1656 1256
3 1256 1656 1657
3 1256 1657 1257
3 1257 1657 1658
3 1257 1658 1258
3 1258 1658 1659
3 1258 1659 1259
3 1259 1659 1660
3 1259 1660 1260
3 1260 1660 1661
3 1260 1661 1261
3 1261 1661 1662
3 1261 1662 1262
3 1262 1662 1663
3 1262 1663 1263
3 1263 1663 1664
3 1263 1664 1264
3 1264 1664 1665
3 1264 1665 1265
3 1265 1665 1666
3 1265 1666 1266
3 1266 1666 1667
3 1266 1667 1267
3 1267 1667 1668
3 1267 1668 1268
3 1268 1668 1669
3 1268 1669 1269
3 1269 1669 1670
3 1269 1670 1270
3 1270 1670 1671
3 1270 1671 1271
3 1271 1671 1672
3 1271 1672 1272
3 1272 1672 1673
3 1272 1673 1273
3 1273 1673 1674
3 1273 1674 1274
3 1274 1674 1675
3 1274 1675 1275
3 1275 1675 1676
3 1275 1676 1276
3 1276 1676 1677
3 1276 1677 1277
3 1277 1677 1678
3 1277 1678 1278
3 1278 1678 1679
3 1278 1679 1279
3 1279 1679 1680
3 1279 1680 1280
3 1280 1680 1681
3 1280 1681 1281
3 1281 1681 1682
3 1281 1682 1282
3 1282 1682 1683
3 1282 1683 1283
3 1283 1683 1684
3 1283 1684 1284
3 1284 1684 1685
3 1284 1685 1285
3 1285 1685 1686
3 1285 1686 1286
3 1286 1686 1687
3 1286 1687 1287
3 1287 1687 1688
3 1287 1688 1288
3 1288 1688 1689
3 1288 1689 1289
3 1289 1689 1690
3 1289 1690 1290
3 1290 1690 1691
3 1290 1691 1291
3 1291 1691 1692
3 1291 1692 1292
3 1292 1692 1693
3 1292 1693 1293
3 1293 1693 1694
3 1293 1694 1294
3 1294 1694 1695
3 1294 1695 1295
3 1295 1695 1696
3 1295 1696 1296
3 1296 1696 1697
3 1296 1697 1297
3 1297 1697 1698
3 1297 1698 1298
3 1298 1698 1699
3 1298 1699 1299
3 1299 1699 1700
3 1299 1700 1300
3 1300 1700 1701
3 1300 1701 1301
3 1301 1701 1702
3 1301 1702 1302
3 1302 1702 1703
3 1302 1703 1303
3 1303 1703 1704
3 1303 1704 1304
3 1304 1704 1705
3 1304 1705 1305
3 1305 1705 1706
3 1305 1706 1306
3 1306 1706 1707
3 1306 1707 1307
3 1307 1707 1708
3 1307 1708 1308
3 1308 1708 1709
3 1308 1709 1309
3 1309 1709 1710
3 1309 1710 1310
3 1310 1710 1711
3 1310 1711 1311
3 1311 1711 1712
3 1311 1712 1312
3 1312 1712 1713
3 1312 1713 1313
3 1313 1713 1714
3 1313 1714 1314
3 1314 1714 1715
3 1314 1715 1315
3 1315 1715 1716
3 1315 1716 1316
3 1316 1716 1717
3 1316 1717 1317
3 1317 1717 1718
3 1317 1718 1318
3 1318 1718 1719
3 1318 1719 1319
3 1319 1719 1720
3 1319 1720 1320
3 1320 1720 1721
3 1320 1721 1321
3 1321 1721 1722
3 1321 1722 1322
3 1322 1722 1723
3 1322 1723 1323
3 1323 1723 1724
3 1323 1724 1324
3 1324 1724 1725
3 1324 1725 1325
3 1325 1725 1726
3 1325 1726 1326
3 1326 1726 1727
3 1326 1727 1327
3 1327 1727 1728
3 1327 1728 1328
3 1328 1728 1729
3 1328 1729 1329
3 1329 1729 1730
3 1329 1730 1330
3 1330 1730 1731
3 1330 1731 1331
3 1331 1731 1732
3 1331 1732 1332
3 1332 1732 1733
3 1332 1733 1333
3 1333 1733 1734
3 1333 1734 1334
3 1334 1734 1735
3 1334 1735 1335
3 1335 1735 1736
3 1335 1736 1336
3 1336 1736 1737
3 1336 1737 1337
3 1337 1737 1738
3 1337 1738 1338
3 1338 1738 1739
3 1338 1739 1339
3 1339 1739 1740
3 1339 1740 1340
3 1340 1740 1741
3 1340 1741 1341
3 1341 1741 1742
3 1341 1742 1342
3 1342 1742 1743
3 1342 1743 1343
3 1343 1743 1744
3 1343 1744 1344
3 1344 1744 1745
3 1344 1745 1345
3 1345 1745 1746
3 1345 1746 1346
3 1346 1746 1747
3 1346 1747 1347
3 1347 1747 1748
3 1347 1748 1348
3 1348 1748 1749
3 1348 1749 1349
3 1349 1749 1750
3 1349 1750 1350
3 1350 1750 1751
3 1350 1751 1351
3 1351 1751 1752
3 1351 1752 1352
3 1352 1752 1753
3 1352 1753 1353
3 1353 1753 1754
3 1353 1754 1354
3 1354 1754 1755
3 1354 1755 1355
3 1355 1755 1756
3 1355 1756 1356
3 1356 1756 1757
3 1356 1757 1357
3 1357 1757 1758
3 1357 1758 1358
3 1358 1758 1759
3 1358 1759 1359
3 1359 1759 1760
3 1359 1760 1360
3 1360 1760 1761
3 1360 1761 1361
3 1361 1761 1762
3 1361 1762 1362
3 1362 1762 1763
3 1362 1763 1363
3 1363 1763 1764
3 1363 1764 1364
3 1364 1764 1765
3 1364 1765 1365
3 1365 1765 1766
3 1365 1766 1366
3 1366 1766 1767
3 1366 1767 1367
3 1367 1767 1768
3 1367 1768 1368
3 1368 1768 1769
3 1368 1769 1369
3 1369 1769 1770
3 1369 1770 1370
3 1370 1770 1771
3 1370 1771 1371
3 1371 1771 1772
3 1371 1772 1372
3 1372 1772 1773
3 1372 1773 1373
3 1373 1773 1774
3 1373 1774 1374
3 1374 1774 1775
3 1374 1775 1375
3 1375 1775 1776
3 1375 1776 1376
3 1376 1776 1777
3 1376 1777 1377
3 1377 1777 1778
3 1377 1778 1378
3 1378 1778 1779
3 1378 1779 1379
3 1379 1779 1780
3 1379 1780 1380
3 1380 1780 1781
3 1380 1781 1381
3 1381 1781 1782
3 1381 1782 1382
3 1382 1782 1783
3 1382 1783 1383
3 1383 1783 1784
3 1383 1784 1384
3 1384 1784 1785
3 1384 1785 1385
3 1385 1785 1786
3 1385 1786 1386
3 1386 1786 1787
3 1386 1787 1387
3 1387 1787 1788
3 1387 1788 1388
3 1388 1788 1789
3 1388 1789 1389
3 1389 1789 1790
3 1389 1790 1390
3 1390 1790 1791
3 1390 1791 1391
3 1391 1791 1792
3 1391 1792 1392
3 1392 1792 1793
3 1392 1793 1393
3 1393 1793 1794
3 1393 1794 1394
3 1394 1794 1795
3 1394 1795 1395
3 1395 1795 1796
3 1395 1796 1396
3 1396 1796 1797
3 1396 1797 1397
3 1397 1797 1798
3 1397 1798 1398
3 1398 1798 1799
3 1398 1799 1399
3 1399 1799 1800
3 1399 1800 1400
3 1400 1800 1801
3 1400 1801 1401
3 1401 1801 1802
3 1401 1802 1402
3 1402 1802 1803
3 1402 1803 1403
3 1403 1803 1804
3 1403 1804 1404
3 1404 1804 1805
3 1404 1805 1405
3 1405 1805 1806
3 1405 1806 1406
3 1406 1806 1807
3 1406 1807 1407
3 1407 1807 1808
3 1407 1808 1408
3 1408 1808 1809
3 1408 1809 1409
3 1409 1809 1810
3 1409 1810 1410
3 1410 1810 1811
3 1410 1811 1411
3 1411 1811 1812
3 1411 1812 1412
3 1412 1812 1813
3 1412 1813 1413
3 1413 1813 1814
3 1413 1814 1414
3 1414 1814 1815
3 1414 1815 1415
3 1415 1815 1816
3 1415 1816 1416
3 1416 1816 1817
3 1416 1817 1417
3 1417 1817 1818
3 1417 1818 1418
3 1418 1818 1819
3 1418 1819 1419
3 1419 1819 1820
3 1419 1820 1420
3 1420 1820 1821
3 1420 1821 1421
3 1421 1821 1822
3 1421 1822 1422
3 1422 1822 1823
3 1422 1823 1423
3 1423 1823 1824
3 1423 1824 1424
3 1424 1824 1825
3 1424 1825 1425
3 1425 1825 1826
3 1425 1826 1426
3 1426 1826 1827
3 1426 1827 1427
3 1427 1827 1828
3 1427 1828 1428
3 1428 1828 1829
3 1428 1829 1429
3 1429 1829 1830
3 1429 1830 1430
3 1430 1830 1831
3 1430 1831 1431
3 1431 1831 1832
3 1431 1832 1432
3 1432 1832 1833
3 1432 1833 1433
3 1433 1833 1834
3 1433 1834 1434
3 1434 1834 1835
3 1434 1835 1435
3 1435 1835 1836
3 1435 1836 1436
3 1436 1836 1837
3 1436 1837 1437
3 1437 1837 1838
3 1437 1838 1438
3 1438 1838 1839
3 1438 1839 1439
3 1439 1839 1840
3 1439 1840 1440
3 1440 1840 1841
3 1440 1841 1441
3 1441 1841 1842
3 1441 1842 1442
3 1442 1842 1843
3 1442 1843 1443
3 1443 1843 1844
3 1443 1844 1444
3 1444 1844 1845
3 1444 1845 1445
3 1445 1845 1846
3 1445 1846 1446
3 1446 1846 1847
3 1446 1847 1447
3 1447 1847 1848
3 1447 1848 1448
3 1448 1848 1849
3 1448 1849 1449
3 1449 1849 1850
3 1449 1850 1450
3 1450 1850 1851
3 1450 1851 1451
3 1451 1851 1852
3 1451 1852 1452
3 1452 1852 1853
3 1452 1853 1453
3 1453 1853 1854
3 1453 1854 1454
3 1454 1854 1855
3 1454 1855 1455
3 1455 1855 1856
3 1455 1856 1456
3 1456 1856 1857
3 1456 1857 1457
3 1457 1857 1858
3 1457 1858 1458
3 1458 1858 1859
3 1458 1859 1459
3 1459 1859 1860
3 1459 1860 1460
3 1460 1860 1861
3 1460 1861 1461
3 1461 1861 1862
3 1461 1862 1462
3 1462 1862 1863
3 1462 1863 1463
3 1463 1863 1864
3 1463 1864 1464
3 1464 1864 1865
3 1464 1865 1465
3 1465 1865 1866
3 1465 1866 1466
3 1466 1866 1867
3 1466 1867 1467
3 1467 1867 1868
3 1467 1868 1468
3 1468 1868 1869
3 1468 1869 1469
3 1469 1869 1870
3 1469 1870 1470
3 1470 1870 1871
3 1470 1871 1471
3 1471 1871 1872
3 1471 1872 1472
3 1472 1872 1873
3 1472 1873 1473
3 1473 1873 1874
3 1473 1874 1474
3 1474 1874 1875
3 1474 1875 1475
3 1475 1875 1876
3 1475 1876 1476
3 1476 1876 1877
3 1476 1877 1477
3 1477 1877 1878
3 1477 1878 1478
3 1478 1878 1879
3 1478 1879 1479
3 1479 1879 1880
3 1479 1880 1480
3 1480 1880 1881
3 1480 1881 1481
3 1481 1881 1882
3 1481 1882 1482
3 1482 1882 1883
3 1482 1883 1483
3 1483 1883 1884
3 1483 1884 1484
3 1484 1884 1885
3 1484 1885 1485
3 1485 1885 1886
3 1485 1886 1486
3 1486 1886 1887
3 1486 1887 1487
3 1487 1887 1888
3 1487 1888 1488
3 1488 1888 1889
3 1488 1889 1489
3 1489 1889 1890
3 1489 1890 1490
3 1490 1890 1891
3 1490 1891 1491
3 1491 1891 1892
3 1491 1892 1492
3 1492 1892 1893
3 1492 1893 1493
3 1493 1893 1894
3 1493 1894 1494
3 1494 1894 1895
3 1494 1895 1495
3 1495 1895 1896
3 1495 1896 1496
3 1496 1896 1897
3 1496 1897 1497
3 1497 1897 1898
3 1497 1898 1498
3 1498 1898 1899
3 1498 1899 1499
3 1499 1899 1900
3 1499 1900 1500
3 1500 1900 1901
3 1500 1901 1501
3 1501 1901 1902
3 1501 1902 1502
3 1502 1902 1903
3 1502 1903 1503
3 1503 1903 1904
3 1503 1904 1504
3 1504 1904 1905
3 1504 1905 1505
3 1505 1905 1906
3 1505 1906 1506
3 1506 1906 1907
3 1506 1907 1507
3 1507 1907 1908
3 1507 1908 1508
3 1508 1908 1909
3 1508 1909 1509
3 1509 1909 1910
3 1509 1910 1510
3 1510 1910 1911
3 1510 1911 1511
3 1511 1911 1912
3 1511 1912 1512
3 1512 1912 1913
3 1512 1913 1513
3 1513 1913 1914
3 1513 1914 1514
3 1514 1914 1915
3 1514 1915 1515
3 1515 1915 1916
3 1515 1916 1516
3 1516 1916 1917
3 1516 1917 1517
3 1517 1917 1918
3 1517 1918 1518
3 1518 1918 1919
3 1518 1919 1519
3 1519 1919 1920
3 1519 1920 1520
3 1520 1920 1921
3 1520 1921 1521
3 1521 1921 1922
3 1521 1922 1522
3 1522 1922 1923
3 1522 1923 1523
3 1523 1923 1924
3 1523 1924 1524
3 1524 1924 1925
3 1524 1925 1525
3 1525 1925 1926
3 1525 1926 1526
3 1526 1926 1927
3 1526 1927 1527
3 1527 1927 1928
3 1527 1928 1528
3 1528 1928 1929
3 1528 1929 1529
3 1529 1929 1930
3 1529 1930 1530
3 1530 1930 1931
3 1530 1931 1531
3 1531 1931 1932
3 1531 1932 1532
3 1532 1932 1933
3 1532 1933 1533
3 1533 1933 1934
3 1533 1934 1534
3 1534 1934 1935
3 1534 1935 1535
3 1535 1935 1936
3 1535 1936 1536
3 1536 1936 1937
3 1536 1937 1537
3 1537 1937 1938
3 1537 1938 1538
3 1538 1938 1939
3 1538 1939 1539
3 1539 1939 1940
3 1539 1940 1540
3 1540 1940 1941
3 1540 1941 1541
3 1541 1941 1942
3 1541 1942 1542
3 1542 1942 1943
3 1542 1943 1543
3 1543 1943 1944
3 1543 1944 1544
3 1544 1944 1945
3 1544 1945 1545
3 1545 1945 1946
3 1545 1946 1546
3 1546 1946 1947
3 1546 1947 1547
3 1547 1947 1948
3 1547 1948 1548
3 1548 1948 1949
3 1548 1949 1549
3 1549 1949 1950
3 1549 1950 1550
3 1550 1950 1951
3 1550 1951 1551
3 1551 1951 1952
3 1551 1952 1552
3 1552 1952 1953
3 1552 1953 1553
3 1553 1953 1954
3 1553 1954 1554
3 1554 1954 1955
3 1554 1955 1555
3 1555 1955 1956
3 1555 1956 1556
3 1556 1956 1957
3 1556 1957 1557
3 1557 1957 1958
3 1557 1958 1558
3 1558 1958 1959
3 1558 1959 1559
3 1559 1959 1960
3 1559 1960 1560
3 1560 1960 1961
3 1560 1961 1561
3 1561 1961 1962
3 1561 1962 1562
3 1562 1962 1963
3 1562 1963 1563
3 1563 1963 1964
3 1563 1964 1564
3 1564 1964 1965
3 1564 1965 1565
3 1565 1965 1966
3 1565 1966 1566
3 1566 1966 1967
3 1566 1967 1567
3 1567 1967 1968
3 1567 1968 1568
3 1568 1968 1969
3 1568 1969 1569
3 1569 1969 1970
3 1569 1970 1570
3 1570 1970 1971
3 1570 1971 1571
3 1571 1971 1972
3 1571 1972 1572
3 1572 1972 1973
3 1572 1973 1573
3 1573 1973 1974
3 1573 1974 1574
3 1574 1974 1975
3 1574 1975 1575
3 1575 1975 1976
3 1575 1976 1576
3 1576 1976 1977
3 1576 1977 1577
3 1577 1977 1978
3 1577 1978 1578
3 1578 1978 1979
3 1578 1979 1579
3 1579 1979 1980
3 1579 1980 1580
3 1580 1980 1981
3 1580 1981 1581
3 1581 1981 1982
3 1581 1982 1582
3 1582 1982 1983
3 1582 1983 1583
3 1583 1983 1984
3 1583 1984 1584
3 1584 1984 1985
3 1584 1985 1585
3 1585 1985 1986
3 1585 1986 1586
3 1586 1986 1987
3 1586 1987 1587
3 1587 1987 1988
3 1587 1988 1588
3 1588 1988 1989
3 1588 1989 1589
3 1589 1989 1990
3 1589 1990 1590
3 1590 1990 1991
3 1590 1991 1591
3 1591 1991 1992
3 1591 1992 1592
3 1592 1992 1993
3 1592 1993 1593
3 1593 1993 1994
3 1593 1994 1594
3 1594 1994 1995
3 1594 1995 1595
3 1595 1995 1996
3 1595 1996 1596
3 1596 1996 1997
3 1596 1997 1597
3 1597 1997 1998
3 1597 1998 1598
3 1598 1998 1999
3 1598 1999 1599
3 1600 2000 2001
3 1600 2001 1601
3 1601 2001 2002
3 1601 2002 1602
3 1602 2002 2003
3 1602 2003 1603
3 1603 2003 2004
3 1603 2004 1604
3 1604 2004 2005
3 1604 2005 1605
3 1605 2005 2006
3 1605 2006 1606
3 1606 2006 2007
3 1606 2007 1607
3 1607 2007 2008
3 1607 2008 1608
3 1608 2008 2009
3 1608 2009 1609
3 1609 2009 2010
3 1609 2010 1610
3 1610 2010 2011
3 1610 2011 1611
3 1611 2011 2012
3 1611 2012 1612
3 1612 2012 2013
3 1612 2013 1613
3 1613 2013 2014
3 1613 2014 1614
3 1614 2014 2015
3 1614 2015 1615
3 1615 2015 2016
3 1615 2016 1616
3 1616 2016 2017
3 1616 2017 1617
3 1617 2017 2018
3 1617 2018 1618
3 1618 2018 2019
3 1618 2019 1619
3 1619 2019 2020
3 1619 2020 1620
3 1620 2020 2021
3 1620 2021 1621
3 1621 2021 2022
3 1621 2022 1622
3 1622 2022 2023
3 1622 2023 1623
3 1623 2023 2024
3 1623 2024 1624
3 1624 2024 2025
3 1624 2025 1625
3 1625 2025 2026
3 1625 2026 1626
3 1626 2026 2027
3 1626 2027 1627
3 1627 2027 2028
3 1627 2028 1628
3 1628 2028 2029
3 1628 2029 1629
3 1629 2029 2030
3 1629 2030 1630
3 1630 2030 2031
3 1630 2031 1631
3 1631 2031 2032
3 1631 2032 1632
3 1632 2032 2033
3 1632 2033 1633
3 1633 2033 2034
3 1633 2034 1634
3 1634 2034 2035
3 1634 2035 1635
3 1635 2035 2036
3 1635 2036 1636
3 1636 2036 2037
3 1636 2037 1637
3 1637 2037 2038
3 1637 2038 1638
3 1638 2038 2039
3 1638 2039 1639
3 1639 2039 2040
3 1639 2040 1640
3 1640 2040 2041
3 1640 2041 1641
3 1641 2041 2042
3 1641 2042 1642
3 1642 2042 2043
3 1642 2043 1643
3 1643 2043 2044
3 1643 2044 1644
3 1644 2044 2045
3 1644 2045 1645
3 1645 2045 2046
3 1645 2046 1646
3 1646 2046 2047
3 1646 2047 1647
3 1647 2047 2048
3 1647 2048 1648
3 1648 2048 2049
3 1648 2049 1649
3 1649 2049 2050
3 1649 2050 1650
3 1650 2050 2051
3 1650 2051 1651
3 1651 2051 2052
3 1651 2052 1652
3 1652 2052 2053
3 1652 2053 1653
3 1653 2053 2054
3 1653 2054 1654
3 1654 2054 2055
3 1654 2055 1655
3 1655 2055 2056
3 1655 2056 1656
3 1656 2056 2057
3 1656 2057 1657
3 1657 2057 2058
3 1657 2058 1658
3 1658 2058 2059
3 1658 2059 1659
3 1659 2059 2060
3 1659 2060 1660
3 1660 2060 2061
3 1660 2061 1661
3 1661 2061 2062
3 1661 2062 1662
3 1662 2062 2063
3 1662 2063 1663
3 1663 2063 2064
3 1663 2064 1664
3 1664 2064 2065
3 1664 2065 1665
3 1665 2065 2066
3 1665 2066 1666
3 1666 2066 2067
3 1666 2067 1667
3 1667 2067 2068
3 1667 2068 1668
3 1668 2068 2069
3 1668 2069 1669
3 1669 2069 2070
3 1669 2070 1670
3 1670 2070 2071
3 1670 2071 1671
3 1671 2071 2072
3 1671 2072 1672
3 1672 2072 2073
3 1672 2073 1673
3 1673 2073 2074
3 1673 2074 1674
3 1674 2074 2075
3 1674 2075 1675
3 1675 2075 2076
3 1675 2076 1676
3 1676 2076 2077
3 1676 2077 1677
3 1677 2077 2078
3 1677 2078 1678
3 1678 2078 2079
3 1678 2079 1679
3 1679 2079 2080
3 1679 2080 1680
3 1680 2080 2081
3 1680 2081 1681
3 1681 2081 2082
3 1681 2082 1682
3 1682 2082 2083
3 1682 2083 1683
3 1683 2083 2084
3 1683 2084 1684
3 1684 2084 2085
3 1684 2085 1685
3 1685 2085 2086
3 1685 2086 1686
3 1686 2086 2087
3 1686 2087 1687
3 1687 2087 2088
3 1687 2088 1688
3 1688 2088 2089
3 1688 2089 1689
3 1689 2089 2090
3 1689 2090 1690
3 1690 2090 2091
3 1690 2091 1691
3 1691 2091 2092
3 1691 2092 1692
3 1692 2092 2093
3 1692 2093 1693
3 1693 2093 2094
3 1693 2094 1694
3 1694 2094 2095
3 1694 2095 1695
3 1695 2095 2096
3 1695 2096 1696
3 1696 2096 2097
3 1696 2097 1697
3 1697 2097 2098
3 1697 2098 1698
3 1698 2098 2099
3 1698 2099 1699
3 1699 2099 2100
3 1699 2100 1700
3 1700 2100 2101
3 1700 2101 1701
3 1701 2101 2102
3 1701 2102 1702
3 1702 2102 2103
3 1702 2103 1703
3 1703 2103 2104
3 1703 2104 1704
3 1704 2104 2105
3 1704 2105 1705
3 1705 2105 2106
3 1705 2106 1706
3 1706 2106 2107
3 1706 2107 1707
3 1707 2107 2108
3 1707 2108 1708
3 1708 2108 2109
3 1708 2109 1709
3 1709 2109 2110
3 1709 2110 1710
3 1710 2110 2111
3 1710 2111 1711
3 1711 2111 2112
3 1711 2112 1712
3 1712 2112 2113
3 1712 2113 1713
3 1713 2113 2114
3 1713 2114 1714
3 1714 2114 2115
3 1714 2115 1715
3 1715 2115 2116
3 1715 2116 1716
3 1716 2116 2117
3 1716 2117 1717
3 1717 2117 2118
3 1717 2118 1718
3 1718 2118 2119
3 1718 2119 1719
3 1719 2119 2120
3 1719 2120 1720
3 1720 2120 2121
3 1720 2121 1721
3 1721 2121 2122
3 1721 2122 1722
3 1722 2122 2123
3 1722 2123 1723
3 1723 2123 2124
3 1723 2124 1724
3 1724 2124 2125
3 1724 2125 1725
3 1725 2125 2126
3 1725 2126 1726
3 1726 2126 2127
3 1726 2127 1727
3 1727 2127 2128
3 1727 2128 1728
3 1728 2128 2129
3 1728 2129 1729
3 1729 2129 2130
3 1729 2130 1730
3 1730 2130 2131
3 1730 2131 1731
3 1731 2131 2132
3 1731 2132 1732
3 1732 2132 2133
3 1732 2133 1733
3 1733 2133 2134
3 1733 2134 1734
3 1734 2134 2135
3 1734 2135 1735
3 1735 2135 2136
3 1735 2136 1736
3 1736 2136 2137
3 1736 2137 1737
3 1737 2137 2138
3 1737 2138 1738
3 1738 2138 2139
3 1738 2139 1739
3 1739 2139 2140
3 1739 2140 1740
3 1740 2140 2141
3 1740 2141 1741
3 1741 2141 2142
3 1741 2142 1742
3 1742 2142 2143
3 1742 2143 1743
3 1743 2143 2144
3 1743 2144 1744
3 1744 2144 2145
3 1744 2145 1745
3 1745 2145 2146
3 1745 2146 1746
3 1746 2146 2147
3 1746 2147 1747
3 1747 2147 2148
3 1747 2148 1748
3 1748 2148 2149
3 1748 2149 1749
3 1749 2149 2150
3 1749 2150 1750
3 1750 2150 2151
3 1750 2151 1751
3 1751 2151 2152
3 1751 2152 1752
3 1752 2152 2153
3 1752 2153 1753
3 1753 2153 2154
3 1753 2154 1754
3 1754 2154 2155
3 1754 2155 1755
3 1755 2155 2156
3 1755 2156 1756
3 1756 2156 2157
3 1756 2157 1757
3 1757 2157 2158
3 1757 2158 1758
3 1758 2158 2159
3 1758 2159 1759
3 1759 2159 2160
3 1759 2160 1760
3 1760 2160 2161
3 1760 2161 1761
3 1761 2161 2162
3 1761 2162 1762
3 1762 2162 2163
3 1762 2163 1763
3 1763 2163 2164
3 1763 2164 1764
3 1764 2164 2165
3 1764 2165 1765
3 1765 2165 2166
3 1765 2166 1766
3 1766 2166 2167
3 1766 2167 1767
3 1767 2167 2168
3 1767 2168 1768
3 1768 2168 2169
3 1768 2169 1769
3 1769 2169 2170
3 1769 2170 1770
3 1770 2170 2171
3 1770 2171 1771
3 1771 2171 2172
3 1771 2172 1772
3 1772 2172 2173
3 1772 2173 1773
3 1773 2173 2174
3 1773 2174 1774
3 1774 2174 2175
3 1774 2175 1775
3 1775 2175 2176
3 1775 2176 1776
3 1776 2176 2177
3 1776 2177 1777
3 1777 2177 2178
3 1777 2178 1778
3 1778 2178 2179
3 1778 2179 1779
3 1779 2179 2180
3 1779 2180 1780
3 1780 2180 2181
3 1780 2181 1781
3 1781 2181 2182
3 1781 2182 1782
3 1782 2182 2183
3 1782 2183 1783
3 1783 2183 2184
3 1783 2184 1784
3 1784 2184 2185
3 1784 2185 1785
3 1785 2185 2186
3 1785 2186 1786
3 1786 2186 2187
3 1786 2187 1787
3 1787 2187 2188
3 1787 2188 1788
3 1788 2188 2189
3 1788 2189 1789
3 1789 2189 2190
3 1789 2190 1790
3 1790 2190 2191
3 1790 2191 1791
3 1791 2191 2192
3 1791 2192 1792
3 1792 2192 2193
3 1792 2193 1793
3 1793 2193 2194
3 1793 2194 1794
3 1794 2194 2195
3 1794 2195 1795
3 1795 2195 2196
3 1795 2196 1796
3 1796 2196 2197
3 1796 2197 1797
3 1797 2197 2198
3 1797 2198 1798
3 1798 2198 2199
3 1798 2199 1799
3 1799 2199 2200
3 1799 2200 1800
3 1800 2200 2201
3 1800 2201 1801
3 1801 2201 2202
3 1801 2202 1802
3 1802 2202 2203
3 1802 2203 1803
3 1803 2203 2204
3 1803 2204 1804
3 1804 2204 2205
3 1804 2205 1805
3 1805 2205 2206
3 1805 2206 1806
3 1806 2206 2207
3 1806 2207 1807
3 1807 2207 2208
3 1807 2208 1808
3 1808 2208 2209
3 1808 2209 1809
3 1809 2209 2210
3 1809 2210 1810
3 1810 2210 2211
3 1810 2211 1811
3 1811 2211 2212
3 1811 2212 1812
3 1812 2212 2213
3 1812 2213 1813
3 1813 2213 2214
3 1813 2214 1814
3 1814 2214 2215
3 1814 2215 1815
3 1815 2215 2216
3 1815 2216 1816
3 1816 2216 2217
3 1816 2217 1817
3 1817 2217 2218
3 1817 2218 1818
3 1818 2218 2219
3 1818 2219 1819
3 1819 2219 2220
3 1819 2220 1820
3 1820 2220 2221
3 1820 2221 1821
3 1821 2221 2222
3 1821 2222 1822
3 1822 2222 2223
3 1822 2223 1823
3 1823 2223 2224
3 1823 2224 1824
3 1824 2224 2225
3 1824 2225 1825
3 1825 2225 2226
3 1825 2226 1826
3 1826 2226 2227
3 1826 2227 1827
3 1827 2227 2228
3 1827 2228 1828
3 1828 2228 2229
3 1828 2229 1829
3 1829 2229 2230
3 1829 2230 1830
3 1830 2230 2231
3 1830 2231 1831
3 1831 2231 2232
3 1831 2232 1832
3 1832 2232 2233
3 1832 2233 1833
3 1833 2233 2234
3 1833 2234 1834
3 1834 2234 2235
3 1834 2235 1835
3 1835 2235 2236
3 1835 2236 1836
3 1836 2236 2237
3 1836 2237 1837
3 1837 2237 2238
3 1837 2238 1838
3 1838 2238 2239
3 1838 2239 1839
3 1839 2239 2240
3 1839 2240 1840
3 1840 2240 2241
3 1840 2241 1841
3 1841 2241 2242
3 1841 2242 1842
3 1842 2242 2243
3 1842 2243 1843
3 1843 2243 2244
3 1843 2244 1844
3 1844 2244 2245
3 1844 2245 1845
3 1845 2245 2246
3 1845 2246 1846
3 1846 2246 2247
3 1846 2247 1847
3 1847 2247 2248
3 1847 2248 1848
3 1848 2248 2249
3 1848 2249 1849
3 1849 2249 2250
3 1849 2250 1850
3 1850 2250 2251
3 1850 2251 1851
3 1851 2251 2252
3 1851 2252 1852
3 1852 2252 2253
3 1852 2253 1853
3 1853 2253 2254
3 1853 2254 1854
3 1854 2254 2255
3 1854 2255 1855
3 1855 2255 2256
3 1855 2256 1856
3 1856 2256 2257
3 1856 2257 1857
3 1857 2257 2258
3 1857 2258 1858
3 1858 2258 2259
3 1858 2259 1859
3 1859 2259 2260
3 1859 2260 1860
3 1860 2260 2261
3 1860 2261 1861
3 1861 2261 2262
3 1861 2262 1862
3 1862 2262 2263
3 1862 2263 1863
3 1863 2263 2264
3 1863 2264 1864
3 1864 2264 2265
3 1864 2265 1865
3 1865 2265 2266
3 1865 2266 1866
3 1866 2266 2267
3 1866 2267 1867
3 1867 2267 2268
3 1867 2268 1868
3 1868 2268 2269
3 1868 2269 1869
3 1869 2269 2270
3 1869 2270 1870
3 1870 2270 2271
3 1870 2271 1871
3 1871 2271 2272
3 1871 2272 1872
3 1872 2272 2273
3 1872 2273 1873
3 1873 2273 2274
3 1873 2274 1874
3 1874 2274 2275
3 1874 2275 1875
3 1875 2275 2276
3 1875 2276 1876
3 1876 2276 2277
3 1876 2277 1877
3 1877 2277 2278
3 1877 2278 1878
3 1878 2278 2279
3 1878 2279 1879
3 1879 2279 2280
3 1879 2280 1880
3 1880 2280 2281
3 1880 2281 1881
3 1881 2281 2282
3 1881 2282 1882
3 1882 2282 2283
3 1882 2283 1883
3 1883 2283 2284
3 1883 2284 1884
3 1884 2284 2285
3 1884 2285 1885
3 1885 2285 2286
3 1885 2286 1886
3 1886 2286 2287
3 1886 2287 1887
3 1887 2287 2288
3 1887 2288 1888
3 1888 2288 2289
3 1888 2289 1889
3 1889 2289 2290
3 1889 2290 1890
3 1890 2290 2291
3 1890 2291 1891
3 1891 2291 2292
3 1891 2292 1892
3 1892 2292 2293
3 1892 2293 1893
3 1893 2293 2294
3 1893 2294 1894
3 1894 2294 2295
3 1894 2295 1895
3 1895 2295 2296
3 1895 2296 1896
3 1896 2296 2297
3 1896 2297 1897
3 1897 2297 2298
3 1897 2298 1898
3 1898 2298 2299
3 1898 2299 1899
3 1899 2299 2300
3 1899 2300 1900
3 1900 2300 2301
3 1900 2301 1901
3 1901 2301 2302
3 1901 2302 1902
3 1902 2302 2303
3 1902 2303 1903
3 1903 2303 2304
3 1903 2304 1904
3 1904 2304 2305
3 1904 2305 1905
3 1905 2305 2306
3 1905 2306 1906
3 1906 2306 2307
3 1906 2307 1907
3 1907 2307 2308
3 1907 2308 1908
3 1908 2308 2309
3 1908 2309 1909
3 1909 2309 2310
3 1909 2310 1910
3 1910 2310 2311
3 1910 2311 1911
3 1911 2311 2312
3 1911 2312 1912
3 1912 2312 2313
3 1912 2313 1913
3 1913 2313 2314
3 1913 2314 1914
3 1914 2314 2315
3 1914 2315 1915
3 1915 2315 2316
3 1915 2316 1916
3 1916 2316 2317
3 1916 2317 1917
3 1917 2317 2318
3 1917 2318 1918
3 1918 2318 2319
3 1918 2319 1919
3 1919 2319 2320
3 1919 2320 1920
3 1920 2320 2321
3 1920 2321 1921
3 1921 2321 2322
3 1921 2322 1922
3 1922 2322 2323
3 1922 2323 1923
3 1923 2323 2324
3 1923 2324 1924
3 1924 2324 2325
3 1924 2325 1925
3 1925 2325 2326
3 1925 2326 1926
3 1926 2326 2327
3 1926 2327 1927
3 1927 2327 2328
3 1927 2328 1928
3 1928 2328 2329
3 1928 2329 1929
3 1929 2329 2330
3 1929 2330 1930
3 1930 2330 2331
3 1930 2331 1931
3 1931 2331 2332
3 1931 2332 1932
3 1932 2332 2333
3 1932 2333 1933
3 1933 2333 2334
3 1933 2334 1934
3 1934 2334 2335
3 1934 2335 1935
3 1935 2335 2336
3 1935 2336 1936
3 1936 2336 2337
3 1936 2337 1937
3 1937 2337 2338
3 1937 2338 1938
3 1938 2338 2339
3 1938 2339 1939
3 1939 2339 2340
3 1939 2340 1940
3 1940 2340 2341
3 1940 2341 1941
3 1941 2341 2342
3 1941 2342 1942
3 1942 2342 2343
3 1942 2343 1943
3 1943 2343 2344
3 1943 2344 1944
3 1944 2344 2345
3 1944 2345 1945
3 1945 2345 2346
3 1945 2346 1946
3 1946 2346 2347
3 1946 2347 1947
3 1947 2347 2348
3 1947 2348 1948
3 1948 2348 2349
3 1948 2349 1949
3 1949 2349 2350
3 1949 2350 1950
3 1950 2350 2351
3 1950 2351 1951
3 1951 2351 2352
3 1951 2352 1952
3 1952 2352 2353
3 1952 2353 1953
3 1953 2353 2354
3 1953 2354 1954
3 1954 2354 2355
3 1954 2355 1955
3 1955 2355 2356
3 1955 2356 1956
3 1956 2356 2357
3 1956 2357 1957
3 1957 2357 2358
3 1957 2358 1958
3 1958 2358 2359
3 1958 2359 1959
3 1959 2359 2360
3 1959 2360 1960
3 1960 2360 2361
3 1960 2361 1961
3 1961 2361 2362
3 1961 2362 1962
3 1962 2362 2363
3 1962 2363 1963
3 1963 2363 2364
3 1963 2364 1964
3 1964 2364 2365
3 1964 2365 1965
3 1965 2365 2366
3 1965 2366 1966
3 1966 2366 2367
3 1966 2367 1967
3 1967 2367 2368
3 1967 2368 1968
3 1968 2368 2369
3 1968 2369 1969
3 1969 2369 2370
3 1969 2370 1970
3 1970 2370 2371
3 1970 2371 1971
3 1971 2371 2372
3 1971 2372 1972
3 1972 2372 2373
3 1972 2373 1973
3 1973 2373 2374
3 1973 2374 1974
3 1974 2374 2375
3 1974 2375 1975
3 1975 2375 2376
3 1975 2376 1976
3 1976 2376 2377
3 1976 2377 1977
3 1977 2377 2378
3 1977 2378 1978
3 1978 2378 2379
3 1978 2379 1979
3 1979 2379 2380
3 1979 2380 1980
3 1980 2380 2381
3 1980 2381 1981
3 1981 2381 2382
3 1981 2382 1982
3 1982 2382 2383
3 1982 2383 1983
3 1983 2383 2384
3 1983 2384 1984
3 1984 2384 2385
3 1984 2385 1985
3 1985 2385 2386
3 1985 2386 1986
3 1986 2386 2387
3 1986 2387 1987
3 1987 2387 2388
3 1987 2388 1988
3 1988 2388 2389
3 1988 2389 1989
3 1989 2389 2390
3 1989 2390 1990
3 1990 2390 2391
3 1990 2391 1991
3 1991 2391 2392
3 1991 2392 1992
3 1992 2392 2393
3 1992 2393 1993
3 1993 2393 2394
3 1993 2394 1994
3 1994 2394 2395
3 1994 2395 1995
3 1995 2395 2396
3 1995 2396 1996
3 1996 2396 2397
3 1996 2397 1997
3 1997 2397 2398
3 1997 2398 1998
3 1998 2398 2399
3 1998 2399 1999
3 2000 2400 2401
3 2000 2401 2001
3 2001 2401 2402
3 2001 2402 2002
3 2002 2402 2403
3 2002 2403 2003
3 2003 2403 2404
3 2003 2404 2004
3 2004 2404 2405
3 2004 2405 2005
3 2005 2405 2406
3 2005 2406 2006
3 2006 2406 2407
3 2006 2407 2007
3 2007 2407 2408
3 2007 2408 2008
3 2008 2408 2409
3 2008 2409 2009
3 2009 2409 2410
3 2009 2410 2010
3 2010 2410 2411
3 2010 2411 2011
3 2011 2411 2412
3 2011 2412 2012
3 2012 2412 2413
3 2012 2413 2013
3 2013 2413 2414
3 2013 2414 2014
3 2014 2414 2415
3 2014 2415 2015
3 2015 2415 2416
3 2015 2416 2016
3 2016 2416 2417
3 2016 2417 2017
3 2017 2417 2418
3 2017 2418 2018
3 2018 2418 2419
3 2018 2419 2019
3 2019 2419 2420
3 2019 2420 2020
3 2020 2420 2421
3 2020 2421 2021
3 2021 2421 2422
3 2021 2422 2022
3 2022 2422 2423
3 2022 2423 2023
3 2023 2423 2424
3 2023 2424 2024
3 2024 2424 2425
3 2024 2425 2025
3 2025 2425 2426
3 2025 2426 2026
3 2026 2426 2427
3 2026 2427 2027
3 2027 2427 2428
3 2027 2428 2028
3 2028 2428 2429
3 2028 2429 2029
3 2029 2429 2430
3 2029 2430 2030
3 2030 2430 2431
3 2030 2431 2031
3 2031 2431 2432
3 2031 2432 2032
3 2032 2432 2433
3 2032 2433 2033
3 2033 2433 2434
3 2033 2434 2034
3 2034 2434 2435
3 2034 2435 2035
3 2035 2435 2436
3 2035 2436 2036
3 2036 2436 2437
3 2036 2437 2037
3 2037 2437 2438
3 2037 2438 2038
3 2038 2438 2439
3 2038 2439 2039
3 2039 2439 2440
3 2039 2440 2040
3 2040 2440 2441
3 2040 2441 2041
3 2041 2441 2442
3 2041 2442 2042
3 2042 2442 2443
3 2042 2443 2043
3 2043 2443 2444
3 2043 2444 2044
3 2044 2444 2445
3 2044 2445 2045
3 2045 2445 2446
3 2045 2446 2046
3 2046 2446 2447
3 2046 2447 2047
3 2047 2447 2448
3 2047 2448 2048
3 2048 2448 2449
3 2048 2449 2049
3 2049 2449 2450
3 2049 2450 2050
3 2050 2450 2451
3 2050 2451 2051
3 2051 2451 2452
3 2051 2452 2052
3 2052 2452 2453
3 2052 2453 2053
3 2053 2453 2454
3 2053 2454 2054
3 2054 2454 2455
3 2054 2455 2055
3 2055 2455 2456
3 2055 2456 2056
3 2056 2456 2457
3 2056 2457 2057
3 2057 2457 2458
3 2057 2458 2058
3 2058 2458 2459
3 2058 2459 2059
3 2059 2459 2460
3 2059 2460 2060
3 2060 2460 2461
3 2060 2461 2061
3 2061 2461 2462
3 2061 2462 2062
3 2062 2462 2463
3 2062 2463 2063
3 2063 2463 2464
3 2063 2464 2064
3 2064 2464 2465
3 2064 2465 2065
3 2065 2465 2466
3 2065 2466 2066
3 2066 2466 2467
3 2066 2467 2067
3 2067 2467 2468
3 2067 2468 2068
3 2068 2468 2469
3 2068 2469 2069
3 2069 2469 2470
3 2069 2470 2070
3 2070 2470 2471
3 2070 2471 2071
3 2071 2471 2472
3 2071 2472 2072
3 2072 2472 2473
3 2072 2473 2073
3 2073 2473 2474
3 2073 2474 2074
3 2074 2474 2475
3 2074 2475 2075
3 2075 2475 2476
3 2075 2476 2076
3 2076 2476 2477
3 2076 2477 2077
3 2077 2477 2478
3 2077 2478 2078
3 2078 2478 2479
3 2078 2479 2079
3 2079 2479 2480
3 2079 2480 2080
3 2080 2480 2481
3 2080 2481 2081
3 2081 2481 2482
3 2081 2482 2082
3 2082 2482 2483
3 2082 2483 2083
3 2083 2483 2484
3 2083 2484 2084
3 2084 2484 2485
3 2084 2485 2085
3 2085 2485 2486
3 2085 2486 2086
3 2086 2486 2487
3 2086 2487 2087
3 2087 2487 2488
3 2087 2488 2088
3 2088 2488 2489
3 2088 2489 2089
3 2089 2489 2490
3 2089 2490 2090
3 2090 2490 2491
3 2090 2491 2091
3 2091 2491 2492
3 2091 2492 2092
3 2092 2492 2493
3 2092 2493 2093
3 2093 2493 2494
3 2093 2494 2094
3 2094 2494 2495
3 2094 2495 2095
3 2095 2495 2496
3 2095 2496 2096
3 2096 2496 2497
3 2096 2497 2097
3 2097 2497 2498
3 2097 2498 2098
3 2098 2498 2499
3 2098 2499 2099
3 2099 2499 2500
3 2099 2500 2100
3 2100 2500 2501
3 2100 2501 2101
3 2101 2501 2502
3 2101 2502 2102
3 2102 2502 2503
3 2102 2503 2103
3 2103 2503 2504
3 2103 2504 2104
3 2104 2504 2505
3 2104 2505 2105
3 2105 2505 2506
3 2105 2506 2106
3 2106 2506 2507
3 2106 2507 2107
3 2107 2507 2508
3 2107 2508 2108
3 2108 2508 2509
3 2108 2509 2109
3 2109 2509 2510
3 2109 2510 2110
3 2110 2510 2511
3 2110 2511 2111
3 2111 2511 2512
3 2111 2512 2112
3 2112 2512 2513
3 2112 2513 2113
3 2113 2513 2514
3 2113 2514 2114
3 2114 2514 2515
3 2114 2515 2115
3 2115 2515 2516
3 2115 2516 2116
3 2116 2516 2517
3 2116 2517 2117
3 2117 2517 2518
3 2117 2518 2118
3 2118 2518 2519
3 2118 2519 2119
3 2119 2519 2520
3 2119 2520 2120
3 2120 2520 2521
3 2120 2521 2121
3 2121 2521 2522
3 2121 2522 2122
3 2122 2522 2523
3 2122 2523 2123
3 2123 2523 2524
3 2123 2524 2124
3 2124 2524 2525
3 2124 2525 2125
3 2125 2525 2526
3 2125 2526 2126
3 2126 2526 2527
3 2126 2527 2127
3 2127 2527 2528
3 2127 2528 2128
3 2128 2528 2529
3 2128 2529 2129
3 2129 2529 2530
3 2129 2530 2130
3 2130 2530 2531
3 2130 2531 2131
3 2131 2531 2532
3 2131 2532 2132
3 2132 2532 2533
3 2132 2533 2133
3 2133 2533 2534
3 2133 2534 2134
3 2134 2534 2535
3 2134 2535 2135
3 2135 2535 2536
3 2135 2536 2136
3 2136 2536 2537
3 2136 2537 2137
3 2137 2537 2538
3 2137 2538 2138
3 2138 2538 2539
3 2138 2539 2139
3 2139 2539 2540
3 2139 2540 2140
3 2140 2540 2541
3 2140 2541 2141
3 2141 2541 2542
3 2141 2542 2142
3 2142 2542 2543
3 2142 2543 2143
3 2143 2543 2544
3 2143 2544 2144
3 2144 2544 2545
3 2144 2545 2145
3 2145 2545 2546
3 2145 2546 2146
3 2146 2546 2547
3 2146 2547 2147
3 2147 2547 2548
3 2147 2548 2148
3 2148 2548 2549
3 2148 2549 2149
3 2149 2549 2550
3 2149 2550 2150
3 2150 2550 2551
3 2150 2551 2151
3 2151 2551 2552
3 2151 2552 2152
3 2152 2552 2553
3 2152 2553 2153
3 2153 2553 2554
3 2153 2554 2154
3 2154 2554 2555
3 2154 2555 2155
3 2155 2555 2556
3 2155 2556 2156
3 2156 2556 2557
3 2156 2557 2157
3 2157 2557 2558
3 2157 2558 2158
3 2158 2558 2559
3 2158 2559 2159
3 2159 2559 2560
3 2159 2560 2160
3 2160 2560 2561
3 2160 2561 2161
3 2161 2561 2562
3 2161 2562 2162
3 2162 2562 2563
3 2162 2563 2163
3 2163 2563 2564
3 2163 2564 2164
3 2164 2564 2565
3 2164 2565 2165
3 2165 2565 2566
3 2165 2566 2166
3 2166 2566 2567
3 2166 2567 2167
3 2167 2567 2568
3 2167 2568 2168
3 2168 2568 2569
3 2168 2569 2169
3 2169 2569 2570
3 2169 2570 2170
3 2170 2570 2571
3 2170 2571 2171
3 2171 2571 2572
3 2171 2572 2172
3 2172 2572 2573
3 2172 2573 2173
3 2173 2573 2574
3 2173 2574 2174
3 2174 2574 2575
3 2174 2575 2175
3 2175 2575 2576
3 2175 2576 2176
3 2176 2576 2577
3 2176 2577 2177
3 2177 2577 2578
3 2177 2578 2178
3 2178 2578 2579
3 2178 2579 2179
3 2179 2579 2580
3 2179 2580 2180
3 2180 2580 2581
3 2180 2581 2181
3 2181 2581 2582
3 2181 2582 2182
3 2182 2582 2583
3 2182 2583 2183
3 2183 2583 2584
3 2183 2584 2184
3 2184 2584 2585
3 2184 2585 2185
3 2185 2585 2586
3 2185 2586 2186
3 2186 2586 2587
3 2186 2587 2187
3 2187 2587 2588
3 2187 2588 2188
3 2188 2588 2589
3 2188 2589 2189
3 2189 2589 2590
3 2189 2590 2190
3 2190 2590 2591
3 2190 2591 2191
3 2191 2591 2592
3 2191 2592 2192
3 2192 2592 2593
3 2192 2593 2193
3 2193 2593 2594
3 2193 2594 2194
3 2194 2594 2595
3 2194 2595 2195
3 2195 2595 2596
3 2195 2596 2196
3 2196 2596 2597
3 2196 2597 2197
3 2197 2597 2598
3 2197 2598 2198
3 2198 2598 2599
3 2198 2599 2199
3 2199 2599 2600
3 2199 2600 2200
3 2200 2600 2601
3 2200 2601 2201
3 2201 2601 2602
3 2201 2602 2202
3 2202 2602 2603
3 2202 2603 2203
3 2203 2603 2604
3 2203 2604 2204
3 2204 2604 2605
3 2204 2605 2205
3 2205 2605 2606
3 2205 2606 2206
3 2206 2606 2607
3 2206 2607 2207
3 2207 2607 2608
3 2207 2608 2208
3 2208 2608 2609
3 2208 2609 2209
3 2209 2609 2610
3 2209 2610 2210
3 2210 2610 2611
3 2210 2611 2211
3 2211 2611 2612
3 2211 2612 2212
3 2212 2612 2613
3 2212 2613 2213
3 2213 2613 2614
3 2213 2614 2214
3 2214 2614 2615
3 2214 2615 2215
3 2215 2615 2616
3 2215 2616 2216
3 2216 2616 2617
3 2216 2617 2217
3 2217 2617 2618
3 2217 2618 2218
3 2218 2618 2619
3 2218 2619 2219
3 2219 2619 2620
3 2219 2620 2220
3 2220 2620 2621
3 2220 2621 2221
3 2221 2621 2622
3 2221 2622 2222
3 2222 2622 2623
3 2222 2623 2223
3 2223 2623 2624
3 2223 2624 2224
3 2224 2624 2625
3 2224 2625 2225
3 2225 2625 2626
3 2225 2626 2226
3 2226 2626 2627
3 2226 2627 2227
3 2227 2627 2628
3 2227 2628 2228
3 2228 2628 2629
3 2228 2629 2229
3 2229 2629 2630
3 2229 2630 2230
3 2230 2630 2631
3 2230 2631 2231
3 2231 2631 2632
3 2231 2632 2232
3 2232 2632 2633
3 2232 2633 2233
3 2233 2633 2634
3 2233 2634 2234
3 2234 2634 2635
3 2234 2635 2235
3 2235 2635 2636
3 2235 2636 2236
3 2236 2636 2637
3 2236 2637 2237
3 2237 2637 2638
3 2237 2638 2238
3 2238 2638 2639
3 2238 2639 2239
3 2239 2639 2640
3 2239 2640 2240
3 2240 2640 2641
3 2240 2641 2241
3 2241 2641 2642
3 2241 2642 2242
3 2242 2642 2643
3 2242 2643 2243
3 2243 2643 2644
3 2243 2644 2244
3 2244 2644 2645
3 2244 2645 2245
3 2245 2645 2646
3 2245 2646 2246
3 2246 2646 2647
3 2246 2647 2247
3 2247 2647 2648
3 2247 2648 2248
3 2248 2648 2649
3 2248 2649 2249
3 2249 2649 2650
3 2249 2650 2250
3 2250 2650 2651
3 2250 2651 2251
3 2251 2651 2652
3 2251 2652 2252
3 2252 2652 2653
3 2252 2653 2253
3 2253 2653 2654
3 2253 2654 2254
3 2254 2654 2655
3 2254 2655 2255
3 2255 2655 2656
3 2255 2656 2256
3 2256 2656 2657
3 2256 2657 2257
3 2257 2657 2658
3 2257 2658 2258
3 2258 2658 2659
3 2258 2659 2259
3 2259 2659 2660
3 2259 2660 2260
3 2260 2660 2661
3 2260 2661 2261
3 2261 2661 2662
3 2261 2662 2262
3 2262 2662 2663
3 2262 2663 2263
3 2263 2663 2664
3 2263 2664 2264
3 2264 2664 2665
3 2264 2665 2265
3 2265 2665 2666
3 2265 2666 2266
3 2266 2666 2667
3 2266 2667 2267
3 2267 2667 2668
3 2267 2668 2268
3 2268 2668 2669
3 2268 2669 2269
3 2269 2669 2670
3 2269 2670 2270
3 2270 2670 2671
3 2270 2671 2271
3 2271 2671 2672
3 2271 2672 2272
3 2272 2672 2673
3 2272 2673 2273
3 2273 2673 2674
3 2273 2674 2274
3 2274 2674 2675
3 2274 2675 2275
3 2275 2675 2676
3 2275 2676 2276
3 2276 2676 2677
3 2276 2677 2277
3 2277 2677 2678
3 2277 2678 2278
3 2278 2678 2679
3 2278 2679 2279
3 2279 2679 2680
3 2279 2680 2280
3 2280 2680 2681
3 2280 2681 2281
3 2281 2681 2682
3 2281 2682 2282
3 2282 2682 2683
3 2282 2683 2283
3 2283 2683 2684
3 2283 2684 2284
3 2284 2684 2685
3 2284 2685 2285
3 2285 2685 2686
3 2285 2686 2286
3 2286 2686 2687
3 2286 2687 2287
3 2287 2687 2688
3 2287 2688 2288
3 2288 2688 2689
3 2288 2689 2289
3 2289 2689 2690
3 2289 2690 2290
3 2290 2690 2691
3 2290 2691 2291
3 2291 2691 2692
3 2291 2692 2292
3 2292 2692 2693
3 2292 2693 2293
3 2293 2693 2694
3 2293 2694 2294
3 2294 2694 2695
3 2294 2695 2295
3 2295 2695 2696
3 2295 2696 2296
3 2296 2696 2697
3 2296 2697 2297
3 2297 2697 2698
3 2297 2698 2298
3 2298 2698 2699
3 2298 2699 2299
3 2299 2699 2700
3 2299 2700 2300
3 2300 2700 2701
3 2300 2701 2301
3 2301 2701 2702
3 2301 2702 2302
3 2302 2702 2703
3 2302 2703 2303
3 2303 2703 2704
3 2303 2704 2304
3 2304 2704 2705
3 2304 2705 2305
3 2305 2705 2706
3 2305 2706 2306
3 2306 2706 2707
3 2306 2707 2307
3 2307 2707 2708
3 2307 2708 2308
3 2308 2708 2709
3 2308 2709 2309
3 2309 2709 2710
3 2309 2710 2310
3 2310 2710 2711
3 2310 2711 2311
3 2311 2711 2712
3 2311 2712 2312
3 2312 2712 2713
3 2312 2713 2313
3 2313 2713 2714
3 2313 2714 2314
3 2314 2714 2715
3 2314 2715 2315
3 2315 2715 2716
3 2315 2716 2316
3 2316 2716 2717
3 2316 2717 2317
3 2317 2717 2718
3 2317 2718 2318
3 2318 2718 2719
3 2318 2719 2319
3 2319 2719 2720
3 2319 2720 2320
3 2320 2720 2721
3 2320 2721 2321
3 2321 2721 2722
3 2321 2722 2322
3 2322 2722 2723
3 2322 2723 2323
3 2323 2723 2724
3 2323 2724 2324
3 2324 2724 2725
3 2324 2725 2325
3 2325 2725 2726
3 2325 2726 2326
3 2326 2726 2727
3 2326 2727 2327
3 2327 2727 2728
3 2327 2728 2328
3 2328 2728 2729
3 2328 2729 2329
3 2329 2729 2730
3 2329 2730 2330
3 2330 2730 2731
3 2330 2731 2331
3 2331 2731 2732
3 2331 2732 2332
3 2332 2732 2733
3 2332 2733 2333
3 2333 2733 2734
3 2333 2734 2334
3 2334 2734 2735
3 2334 2735 2335
3 2335 2735 2736
3 2335 2736 2336
3 2336 2736 2737
3 2336 2737 2337
3 2337 2737 2738
3 2337 2738 2338
3 2338 2738 2739
3 2338 2739 2339
3 2339 2739 2740
3 2339 2740 2340
3 2340 2740 2741
3 2340 2741 2341
3 2341 2741 2742
3 2341 2742 2342
3 2342 2742 2743
3 2342 2743 2343
3 2343 2743 2744
3 2343 2744 2344
3 2344 2744 2745
3 2344 2745 2345
3 2345 2745 2746
3 2345 2746 2346
3 2346 2746 2747
3 2346 2747 2347
3 2347 2747 2748
3 2347 2748 2348
3 2348 2748 2749
3 2348 2749 2349
3 2349 2749 2750
3 2349 2750 2350
3 2350 2750 2751
3 2350 2751 2351
3 2351 2751 2752
3 2351 2752 2352
3 2352 2752 2753
3 2352 2753 2353
3 2353 2753 2754
3 2353 2754 2354
3 2354 2754 2755
3 2354 2755 2355
3 2355 2755 2756
3 2355 2756 2356
3 2356 2756 2757
3 2356 2757 2357
3 2357 2757 2758
3 2357 2758 2358
3 2358 2758 2759
3 2358 2759 2359
3 2359 2759 2760
3 2359 2760 2360
3 2360 2760 2761
3 2360 2761 2361
3 2361 2761 2762
3 2361 2762 2362
3 2362 2762 2763
3 2362 2763 2363
3 2363 2763 2764
3 2363 2764 2364
3 2364 2764 2765
3 2364 2765 2365
3 2365 2765 2766
3 2365 2766 2366
3 2366 2766 2767
3 2366 2767 2367
3 2367 2767 2768
3 2367 2768 2368
3 2368 2768 2769
3 2368 2769 2369
3 2369 2769 2770
3 2369 2770 2370
3 2370 2770 2771
3 2370 2771 2371
3 2371 2771 2772
3 2371 2772 2372
3 2372 2772 2773
3 2372 2773 2373
3 2373 2773 2774
3 2373 2774 2374
3 2374 2774 2775
3 2374 2775 2375
3 2375 2775 2776
3 2375 2776 2376
3 2376 2776 2777
3 2376 2777 2377
3 2377 2777 2778
3 2377 2778 2378
3 2378 2778 2779
3 2378 2779 2379
3 2379 2779 2780
3 2379 2780 2380
3 2380 2780 2781
3 2380 2781 2381
3 2381 2781 2782
3 2381 2782 2382
3 2382 2782 2783
3 2382 2783 2383
3 2383 2783 2784
3 2383 2784 2384
3 2384 2784 2785
3 2384 2785 2385
3 2385 2785 2786
3 2385 2786 2386
3 2386 2786 2787
3 2386 2787 2387
3 2387 2787 2788
3 2387 2788 2388
3 2388 2788 2789
3 2388 2789 2389
3 2389 2789 2790
3 2389 2790 2390
3 2390 2790 2791
3 2390 2791 2391
3 2391 2791 2792
3 2391 2792 2392
3 2392 2792 2793
3 2392 2793 2393
3 2393 2793 2794
3 2393 2794 2394
3 2394 2794 2795
3 2394 2795 2395
3 2395 2795 2796
3 2395 2796 2396
3 2396 2796 2797
3 2396 2797 2397
3 2397 2797 2798
3 2397 2798 2398
3 2398 2798 2799
3 2398 2799 2399
3 2400 2800 2801
3 2400 2801 2401
3 2401 2801 2802
3 2401 2802 2402
3 2402 2802 2803
3 2402 2803 2403
3 2403 2803 2804
3 2403 2804 2404
3 2404 2804 2805
3 2404 2805 2405
3 2405 2805 2806
3 2405 2806 2406
3 2406 2806 2807
3 2406 2807 2407
3 2407 2807 2808
3 2407 2808 2408
3 2408 2808 2809
3 2408 2809 2409
3 2409 2809 2810
3 2409 2810 2410
3 2410 2810 2811
3 2410 2811 2411
3 2411 2811 2812
3 2411 2812 2412
3 2412 2812 2813
3 2412 2813 2413
3 2413 2813 2814
3 2413 2814 2414
3 2414 2814 2815
3 2414 2815 2415
3 2415 2815 2816
3 2415 2816 2416
3 2416 2816 2817
3 2416 2817 2417
3 2417 2817 2818
3 2417 2818 2418
3 2418 2818 2819
3 2418 2819 2419
3 2419 2819 2820
3 2419 2820 2420
3 2420 2820 2821
3 2420 2821 2421
3 2421 2821 2822
3 2421 2822 2422
3 2422 2822 2823
3 2422 2823 2423
3 2423 2823 2824
3 2423 2824 2424
3 2424 2824 2825
3 2424 2825 2425
3 2425 2825 2826
3 2425 2826 2426
3 2426 2826 2827
3 2426 2827 2427
3 2427 2827 2828
3 2427 2828 2428
3 2428 2828 2829
3 2428 2829 2429
3 2429 2829 2830
3 2429 2830 2430
3 2430 2830 2831
3 2430 2831 2431
3 2431 2831 2832
3 2431 2832 2432
3 2432 2832 2833
3 2432 2833 2433
3 2433 2833 2834
3 2433 2834 2434
3 2434 2834 2835
3 2434 2835 2435
3 2435 2835 2836
3 2435 2836 2436
3 2436 2836 2837
3 2436 2837 2437
3 2437 2837 2838
3 2437 2838 2438
3 2438 2838 2839
3 2438 2839 2439
3 2439 2839 2840
3 2439 2840 2440
3 2440 2840 2841
3 2440 2841 2441
3 2441 2841 2842
3 2441 2842 2442
3 2442 2842 2843
3 2442 2843 2443
3 2443 2843 2844
3 2443 2844 2444
3 2444 2844 2845
3 2444 2845 2445
3 2445 2845 2846
3 2445 2846 2446
3 2446 2846 2847
3 2446 2847 2447
3 2447 2847 2848
3 2447 2848 2448
3 2448 2848 2849
3 2448 2849 2449
3 2449 2849 2850
3 2449 2850 2450
3 2450 2850 2851
3 2450 2851 2451
3 2451 2851 2852
3 2451 2852 2452
3 2452 2852 2853
3 2452 2853 2453
3 2453 2853 2854
3 2453 2854 2454
3 2454 2854 2855
3 2454 2855 2455
3 2455 2855 2856
3 2455 2856 2456
3 2456 2856 2857
3 2456 2857 2457
3 2457 2857 2858
3 2457 2858 2458
3 2458 2858 2859
3 2458 2859 2459
3 2459 2859 2860
3 2459 2860 2460
3 2460 2860 2861
3 2460 2861 2461
3 2461 2861 2862
3 2461 2862 2462
3 2462 2862 2863
3 2462 2863 2463
3 2463 2863 2864
3 2463 2864 2464
3 2464 2864 2865
3 2464 2865 2465
3 2465 2865 2866
3 2465 2866 2466
3 2466 2866 2867
3 2466 2867 2467
3 2467 2867 2868
3 2467 2868 2468
3 2468 2868 2869
3 2468 2869 2469
3 2469 2869 2870
3 2469 2870 2470
3 2470 2870 2871
3 2470 2871 2471
3 2471 2871 2872
3 2471 2872 2472
3 2472 2872 2873
3 2472 2873 2473
3 2473 2873 2874
3 2473 2874 2474
3 2474 2874 2875
3 2474 2875 2475
3 2475 2875 2876
3 2475 2876 2476
3 2476 2876 2877
3 2476 2877 2477
3 2477 2877 2878
3 2477 2878 2478
3 2478 2878 2879
3 2478 2879 2479
3 2479 2879 2880
3 2479 2880 2480
3 2480 2880 2881
3 2480 2881 2481
3 2481 2881 2882
3 2481 2882 2482
3 2482 2882 2883
3 2482 2883 2483
3 2483 2883 2884
3 2483 2884 2484
3 2484 2884 2885
3 2484 2885 2485
3 2485 2885 2886
3 2485 2886 2486
3 2486 2886 2887
3 2486 2887 2487
3 2487 2887 2888
3 2487 2888 2488
3 2488 2888 2889
3 2488 2889 2489
3 2489 2889 2890
3 2489 2890 2490
3 2490 2890 2891
3 2490 2891 2491
3 2491 2891 2892
3 2491 2892 2492
3 2492 2892 2893
3 2492 2893 2493
3 2493 2893 2894
3 2493 2894 2494
3 2494 2894 2895
3 2494 2895 2495
3 2495 2895 2896
3 2495 2896 2496
3 2496 2896 2897
3 2496 2897 2497
3 2497 2897 2898
3 2497 2898 2498
3 2498 2898 2899
3 2498 2899 2499
3 2499 2899 2900
3 2499 2900 2500
3 2500 2900 2901
3 2500 2901 2501
3 2501 2901 2902
3 2501 2902 2502
3 2502 2902 2903
3 2502 2903 2503
3 2503 2903 2904
3 2503 2904 2504
3 2504 2904 2905
3 2504 2905 2505
3 2505 2905 2906
3 2505 2906 2506
3 2506 2906 2907
3 2506 2907 2507
3 2507 2907 2908
3 2507 2908 2508
3 2508 2908 2909
3 2508 2909 2509
3 2509 2909 2910
3 2509 2910 2510
3 2510 2910 2911
3 2510 2911 2511
3 2511 2911 2912
3 2511 2912 2512
3 2512 2912 2913
3 2512 2913 2513
3 2513 2913 2914
3 2513 2914 2514
3 2514 2914 2915
3 2514 2915 2515
3 2515 2915 2916
3 2515 2916 2516
3 2516 2916 2917
3 2516 2917 2517
3 2517 2917 2918
3 2517 2918 2518
3 2518 2918 2919
3 2518 2919 2519
3 2519 2919 2920
3 2519 2920 2520
3 2520 2920 2921
3 2520 2921 2521
3 2521 2921 2922
3 2521 2922 2522
3 2522 2922 2923
3 2522 2923 2523
3 2523 2923 2924
3 2523 2924 2524
3 2524 2924 2925
3 2524 2925 2525
3 2525 2925 2926
3 2525 2926 2526
3 2526 2926 2927
3 2526 2927 2527
3 2527 2927 2928
3 2527 2928 2528
3 2528 2928 2929
3 2528 2929 2529
3 2529 2929 2930
3 2529 2930 2530
3 2530 2930 2931
3 2530 2931 2531
3 2531 2931 2932
3 2531 2932 2532
3 2532 2932 2933
3 2532 2933 2533
3 2533 2933 2934
3 2533 2934 2534
3 2534 2934 2935
3 2534 2935 2535
3 2535 2935 2936
3 2535 2936 2536
3 2536 2936 2937
3 2536 2937 2537
3 2537 2937 2938
3 2537 2938 2538
3 2538 2938 2939
3 2538 2939 2539
3 2539 2939 2940
3 2539 2940 2540
3 2540 2940 2941
3 2540 2941 2541
3 2541 2941 2942
3 2541 2942 2542
3 2542 2942 2943
3 2542 2943 2543
3 2543 2943 2944
3 2543 2944 2544
3 2544 2944 2945
3 2544 2945 2545
3 2545 2945 2946
3 2545 2946 2546
3 2546 2946 2947
3 2546 2947 2547
3 2547 2947 2948
3 2547 2948 2548
3 2548 2948 2949
3 2548 2949 2549
3 2549 2949 2950
3 2549 2950 2550
3 2550 2950 2951
3 2550 2951 2551
3 2551 2951 2952
3 2551 2952 2552
3 2552 2952 2953
3 2552 2953 2553
3 2553 2953 2954
3 2553 2954 2554
3 2554 2954 2955
3 2554 2955 2555
3 2555 2955 2956
3 2555 2956 2556
3 2556 2956 2957
3 2556 2957 2557
3 2557 2957 2958
3 2557 2958 2558
3 2558 2958 2959
3 2558 2959 2559
3 2559 2959 2960
3 2559 2960 2560
3 2560 2960 2961
3 2560 2961 2561
3 2561 2961 2962
3 2561 2962 2562
3 2562 2962 2963
3 2562 2963 2563
3 2563 2963 2964
3 2563 2964 2564
3 2564 2964 2965
3 2564 2965 2565
3 2565 2965 2966
3 2565 2966 2566
3 2566 2966 2967
3 2566 2967 2567
3 2567 2967 2968
3 2567 2968 2568
3 2568 2968 2969
3 2568 2969 2569
3 2569 2969 2970
3 2569 2970 2570
3 2570 2970 2971
3 2570 2971 2571
3 2571 2971 2972
3 2571 2972 2572
3 2572 2972 2973
3 2572 2973 2573
3 2573 2973 2974
3 2573 2974 2574
3 2574 2974 2975
3 2574 2975 2575
3 2575 2975 2976
3 2575 2976 2576
3 2576 2976 2977
3 2576 2977 2577
3 2577 2977 2978
3 2577 2978 2578
3 2578 2978 2979
3 2578 2979 2579
3 2579 2979 2980
3 2579 2980 2580
3 2580 2980 2981
3 2580 2981 2581
3 2581 2981 2982
3 2581 2982 2582
3 2582 2982 2983
3 2582 2983 2583
3 2583 2983 2984
3 2583 2984 2584
3 2584 2984 2985
3 2584 2985 2585
3 2585 2985 2986
3 2585 2986 2586
3 2586 2986 2987
3 2586 2987 2587
3 2587 2987 2988
3 2587 2988 2588
3 2588 2988 2989
3 2588 2989 2589
3 2589 2989 2990
3 2589 2990 2590
3 2590 2990 2991
3 2590 2991 2591
3 2591 2991 2992
3 2591 2992 2592
3 2592 2992 2993
3 2592 2993 2593
3 2593 2993 2994
3 2593 2994 2594
3 2594 2994 2995
3 2594 2995 2595
3 2595 2995 2996
3 2595 2996 2596
3 2596 2996 2997
3 2596 2997 2597
3 2597 2997 2998
3 2597 2998 2598
3 2598 2998 2999
3 2598 2999 2599
3 2599 2999 3000
3 2599 3000 2600
3 2600 3000 3001
3 2600 3001 2601
3 2601 3001 3002
3 2601 3002 2602
3 2602 3002 3003
3 2602 3003 2603
3 2603 3003 3004
3 2603 3004 2604
3 2604 3004 3005
3 2604 3005 2605
3 2605 3005 3006
3 2605 3006 2606
3 2606 3006 3007
3 2606 3007 2607
3 2607 3007 3008
3 2607 3008 2608
3 2608 3008 3009
3 2608 3009 2609
3 2609 3009 3010
3 2609 3010 2610
3 2610 3010 3011
3 2610 3011 2611
3 2611 3011 3012
3 2611 3012 2612
3 2612 3012 3013
3 2612 3013 2613
3 2613 3013 3014
3 2613 3014 2614
3 2614 3014 3015
3 2614 3015 2615
3 2615 3015 3016
3 2615 3016 2616
3 2616 3016 3017
3 2616 3017 2617
3 2617 3017 3018
3 2617 3018 2618
3 2618 3018 3019
3 2618 3019 2619
3 2619 3019 3020
3 2619 3020 2620
3 2620 3020 3021
3 2620 3021 2621
3 2621 3021 3022
3 2621 3022 2622
3 2622 3022 3023
3 2622 3023 2623
3 2623 3023 3024
3 2623 3024 2624
3 2624 3024 3025
3 2624 3025 2625
3 2625 3025 3026
3 2625 3026 2626
3 2626 3026 3027
3 2626 3027 2627
3 2627 3027 3028
3 2627 3028 2628
3 2628 3028 3029
3 2628 3029 2629
3 2629 3029 3030
3 2629 3030 2630
3 2630 3030 3031
3 2630 3031 2631
3 2631 3031 3032
3 2631 3032 2632
3 2632 3032 3033
3 2632 3033 2633
3 2633 3033 3034
3 2633 3034 2634
3 2634 3034 3035
3 2634 3035 2635
3 2635 3035 3036
3 2635 3036 2636
3 2636 3036 3037
3 2636 3037 2637
3 2637 3037 3038
3 2637 3038 2638
3 2638 3038 3039
3 2638 3039 2639
3 2639 3039 3040
3 2639 3040 2640
3 2640 3040 3041
3 2640 3041 2641
3 2641 3041 3042
3 2641 3042 2642
3 2642 3042 3043
3 2642 3043 2643
3 2643 3043 3044
3 2643 3044 2644
3 2644 3044 3045
3 2644 3045 2645
3 2645 3045 3046
3 2645 3046 2646
3 2646 3046 3047
3 2646 3047 2647
3 2647 3047 3048
3 2647 3048 2648
3 2648 3048 3049
3 2648 3049 2649
3 2649 3049 3050
3 2649 3050 2650
3 2650 3050 3051
3 2650 3051 2651
3 2651 3051 3052
3 2651 3052 2652
3 2652 3052 3053
3 2652 3053 2653
3 2653 3053 3054
3 2653 3054 2654
3 2654 3054 3055
3 2654 3055 2655
3 2655 3055 3056
3 2655 3056 2656
3 2656 3056 3057
3 2656 3057 2657
3 2657 3057 3058
3 2657 3058 2658
3 2658 3058 3059
3 2658 3059 2659
3 2659 3059 3060
3 2659 3060 2660
3 2660 3060 3061
3 2660 3061 2661
3 2661 3061 3062
3 2661 3062 2662
3 2662 3062 3063
3 2662 3063 2663
3 2663 3063 3064
3 2663 3064 2664
3 2664 3064 3065
3 2664 3065 2665
3 2665 3065 3066
3 2665 3066 2666
3 2666 3066 3067
3 2666 3067 2667
3 2667 3067 3068
3 2667 3068 2668
3 2668 3068 3069
3 2668 3069 2669
3 2669 3069 3070
3 2669 3070 2670
3 2670 3070 3071
3 2670 3071 2671
3 2671 3071 3072
3 2671 3072 2672
3 2672 3072 3073
3 2672 3073 2673
3 2673 3073 3074
3 2673 3074 2674
3 2674 3074 3075
3 2674 3075 2675
3 2675 3075 3076
3 2675 3076 2676
3 2676 3076 3077
3 2676 3077 2677
3 2677 3077 3078
3 2677 3078 2678
3 2678 3078 3079
3 2678 3079 2679
3 2679 3079 3080
3 2679 3080 2680
3 2680 3080 3081
3 2680 3081 2681
3 2681 3081 3082
3 2681 3082 2682
3 2682 3082 3083
3 2682 3083 2683
3 2683 3083 3084
3 2683 3084 2684
3 2684 3084 3085
3 2684 3085 2685
3 2685 3085 3086
3 2685 3086 2686
3 2686 3086 3087
3 2686 3087 2687
3 2687 3087 3088
3 2687 3088 2688
3 2688 3088 3089
3 2688 3089 2689
3 2689 3089 3090
3 2689 3090 2690
3 2690 3090 3091
3 2690 3091 2691
3 2691 3091 3092
3 2691 3092 2692
3 2692 3092 3093
3 2692 3093 2693
3 2693 3093 3094
3 2693 3094 2694
3 2694 3094 3095
3 2694 3095 2695
3 2695 3095 3096
3 2695 3096 2696
3 2696 3096 3097
3 2696 3097 2697
3 2697 3097 3098
3 2697 3098 2698
3 2698 3098 3099
3 2698 3099 2699
3 2699 3099 3100
3 2699 3100 2700
3 2700 3100 3101
3 2700 3101 2701
3 2701 3101 3102
3 2701 3102 2702
3 2702 3102 3103
3 2702 3103 2703
3 2703 3103 3104
3 2703 3104 2704
3 2704 3104 3105
3 2704 3105 2705
3 2705 3105 3106
3 2705 3106 2706
3 2706 3106 3107
3 2706 3107 2707
3 2707 3107 3108
3 2707 3108 2708
3 2708 3108 3109
3 2708 3109 2709
3 2709 3109 3110
3 2709 3110 2710
3 2710 3110 3111
3 2710 3111 2711
3 2711 3111 3112
3 2711 3112 2712
3 2712 3112 3113
3 2712 3113 2713
3 2713 3113 3114
3 2713 3114 2714
3 2714 3114 3115
3 2714 3115 2715
3 2715 3115 3116
3 2715 3116 2716
3 2716 3116 3117
3 2716 3117 2717
3 2717 3117 3118
3 2717 3118 2718
3 2718 3118 3119
3 2718 3119 2719
3 2719 3119 3120
3 2719 3120 2720
3 2720 3120 3121
3 2720 3121 2721
3 2721 3121 3122
3 2721 3122 2722
3 2722 3122 3123
3 2722 3123 2723
3 2723 3123 3124
3 2723 3124 2724
3 2724 3124 3125
3 2724 3125 2725
3 2725 3125 3126
3 2725 3126 2726
3 2726 3126 3127
3 2726 3127 2727
3 2727 3127 3128
3 2727 3128 2728
3 2728 3128 3129
3 2728 3129 2729
3 2729 3129 3130
3 2729 3130 2730
3 2730 3130 3131
3 2730 3131 2731
3 2731 3131 3132
3 2731 3132 2732
3 2732 3132 3133
3 2732 3133 2733
3 2733 3133 3134
3 2733 3134 2734
3 2734 3134 3135
3 2734 3135 2735
3 2735 3135 3136
3 2735 3136 2736
3 2736 3136 3137
3 2736 3137 2737
3 2737 3137 3138
3 2737 3138 2738
3 2738 3138 3139
3 2738 3139 2739
3 2739 3139 3140
3 2739 3140 2740
3 2740 3140 3141
3 2740 3141 2741
3 2741 3141 3142
3 2741 3142 2742
3 2742 3142 3143
3 2742 3143 2743
3 2743 3143 3144
3 2743 3144 2744
3 2744 3144 3145
3 2744 3145 2745
3 2745 3145 3146
3 2745 3146 2746
3 2746 3146 3147
3 2746 3147 2747
3 2747 3147 3148
3 2747 3148 2748
3 2748 3148 3149
3 2748 3149 2749
3 2749 3149 3150
3 2749 3150 2750
3 2750 3150 3151
3 2750 3151 2751
3 2751 3151 3152
3 2751 3152 2752
3 2752 3152 3153
3 2752 3153 2753
3 2753 3153 3154
3 2753 3154 2754
3 2754 3154 3155
3 2754 3155 2755
3 2755 3155 3156
3 2755 3156 2756
3 2756 3156 3157
3 2756 3157 2757
3 2757 3157 3158
3 2757 3158 2758
3 2758 3158 3159
3 2758 3159 2759
3 2759 3159 3160
3 2759 3160 2760
3 2760 3160 3161
3 2760 3161 2761
3 2761 3161 3162
3 2761 3162 2762
3 2762 3162 3163
3 2762 3163 2763
3 2763 3163 3164
3 2763 3164 2764
3 2764 3164 3165
3 2764 3165 2765
3 2765 3165 3166
3 2765 3166 2766
3 2766 3166 3167
3 2766 3167 2767
3 2767 3167 3168
3 2767 3168 2768
3 2768 3168 3169
3 2768 3169 2769
3 2769 3169 3170
3 2769 3170 2770
3 2770 3170 3171
3 2770 3171 2771
3 2771 3171 3172
3 2771 3172 2772
3 2772 3172 3173
3 2772 3173 2773
3 2773 3173 3174
3 2773 3174 2774
3 2774 3174 3175
3 2774 3175 2775
3 2775 3175 3176
3 2775 3176 2776
3 2776 3176 3177
3 2776 3177 2777
3 2777 3177 3178
3 2777 3178 2778
3 2778 3178 3179
3 2778 3179 2779
3 2779 3179 3180
3 2779 3180 2780
3 2780 3180 3181
3 2780 3181 2781
3 2781 3181 3182
3 2781 3182 2782
3 2782 3182 3183
3 2782 3183 2783
3 2783 3183 3184
3 2783 3184 2784
3 2784 3184 3185
3 2784 3185 2785
3 2785 3185 3186
3 2785 3186 2786
3 2786 3186 3187
3 2786 3187 2787
3 2787 3187 3188
3 2787 3188 2788
3 2788 3188 3189
3 2788 3189 2789
3 2789 3189 3190
3 2789 3190 2790
3 2790 3190 3191
3 2790 3191 2791
3 2791 3191 3192
3 2791 3192 2792
3 2792 3192 3193
3 2792 3193 2793
3 2793 3193 3194
3 2793 3194 2794
3 2794 3194 3195
3 2794 3195 2795
3 2795 3195 3196
3 2795 3196 2796
3 2796 3196 3197
3 2796 3197 2797
3 2797 3197 3198
3 2797 3198 2798
3 2798 3198 3199
3 2798 3199 2799
3 2800 3200 3201
3 2800 3201 2801
3 2801 3201 3202
3 2801 3202 2802
3 2802 3202 3203
3 2802 3203 2803
3 2803 3203 3204
3 2803 3204 2804
3 2804 3204 3205
3 2804 3205 2805
3 2805 3205 3206
3 2805 3206 2806
3 2806 3206 3207
3 2806 3207 2807
3 2807 3207 3208
3 2807 3208 2808
3 2808 3208 3209
3 2808 3209 2809
3 2809 3209 3210
3 2809 3210 2810
3 2810 3210 3211
3 2810 3211 2811
3 2811 3211 3212
3 2811 3212 2812
3 2812 3212 3213
3 2812 3213 2813
3 2813 3213 3214
3 2813 3214 2814
3 2814 3214 3215
3 2814 3215 2815
3 2815 3215 3216
3 2815 3216 2816
3 2816 3216 3217
3 2816 3217 2817
3 2817 3217 3218
3 2817 3218 2818
3 2818 3218 3219
3 2818 3219 2819
3 2819 3219 3220
3 2819 3220 2820
3 2820 3220 3221
3 2820 3221 2821
3 2821 3221 3222
3 2821 3222 2822
3 2822 3222 3223
3 2822 3223 2823
3 2823 3223 3224
3 2823 3224 2824
3 2824 3224 3225
3 2824 3225 2825
3 2825 3225 3226
3 2825 3226 2826
3 2826 3226 3227
3 2826 3227 2827
3 2827 3227 3228
3 2827 3228 2828
3 2828 3228 3229
3 2828 3229 2829
3 2829 3229 3230
3 2829 3230 2830
3 2830 3230 3231
3 2830 3231 2831
3 2831 3231 3232
3 2831 3232 2832
3 2832 3232 3233
3 2832 3233 2833
3 2833 3233 3234
3 2833 3234 2834
3 2834 3234 3235
3 2834 3235 2835
3 2835 3235 3236
3 2835 3236 2836
3 2836 3236 3237
3 2836 3237 2837
3 2837 3237 3238
3 2837 3238 2838
3 2838 3238 3239
3 2838 3239 2839
3 2839 3239 3240
3 2839 3240 2840
3 2840 3240 3241
3 2840 3241 2841
3 2841 3241 3242
3 2841 3242 2842
3 2842 3242 3243
3 2842 3243 2843
3 2843 3243 3244
3 2843 3244 2844
3 2844 3244 3245
3 2844 3245 2845
3 2845 3245 3246
3 2845 3246 2846
3 2846 3246 3247
3 2846 3247 2847
3 2847 3247 3248
3 2847 3248 2848
3 2848 3248 3249
3 2848 3249 2849
3 2849 3249 3250
3 2849 3250 2850
3 2850 3250 3251
3 2850 3251 2851
3 2851 3251 3252
3 2851 3252 2852
3 2852 3252 3253
3 2852 3253 2853
3 2853 3253 3254
3 2853 3254 2854
3 2854 3254 3255
3 2854 3255 2855
3 2855 3255 3256
3 2855 3256 2856
3 2856 3256 3257
3 2856 3257 2857
3 2857 3257 3258
3 2857 3258 2858
3 2858 3258 3259
3 2858 3259 2859
3 2859 3259 3260
3 2859 3260 2860
3 2860 3260 3261
3 2860 3261 2861
3 2861 3261 3262
3 2861 3262 2862
3 2862 3262 3263
3 2862 3263 2863
3 2863 3263 3264
3 2863 3264 2864
3 2864 3264 3265
3 2864 3265 2865
3 2865 3265 3266
3 2865 3266 2866
3 2866 3266 3267
3 2866 3267 2867
3 2867 3267 3268
3 2867 3268 2868
3 2868 3268 3269
3 2868 3269 2869
3 2869 3269 3270
3 2869 3270 2870
3 2870 3270 3271
3 2870 3271 2871
3 2871 3271 3272
3 2871 3272 2872
3 2872 3272 3273
3 2872 3273 2873
3 2873 3273 3274
3 2873 3274 2874
3 2874 3274 3275
3 2874 3275 2875
3 2875 3275 3276
3 2875 3276 2876
3 2876 3276 3277
3 2876 3277 2877
3 2877 3277 3278
3 2877 3278 2878
3 2878 3278 3279
3 2878 3279 2879
3 2879 3279 3280
3 2879 3280 2880
3 2880 3280 3281
3 2880 3281 2881
3 2881 3281 3282
3 2881 3282 2882
3 2882 3282 3283
3 2882 3283 2883
3 2883 3283 3284
3 2883 3284 2884
3 2884 3284 3285
3 2884 3285 2885
3 2885 3285 3286
3 2885 3286 2886
3 2886 3286 3287
3 2886 3287 2887
3 2887 3287 3288
3 2887 3288 2888
3 2888 3288 3289
3 2888 3289 2889
3 2889 3289 3290
3 2889 3290 2890
3 2890 3290 3291
3 2890 3291 2891
3 2891 3291 3292
3 2891 3292 2892
3 2892 3292 3293
3 2892 3293 2893
3 2893 3293 3294
3 2893 3294 2894
3 2894 3294 3295
3 2894 3295 2895
3 2895 3295 3296
3 2895 3296 2896
3 2896 3296 3297
3 2896 3297 2897
3 2897 3297 3298
3 2897 3298 2898
3 2898 3298 3299
3 2898 3299 2899
3 2899 3299 3300
3 2899 3300 2900
3 2900 3300 3301
3 2900 3301 2901
3 2901 3301 3302
3 2901 3302 2902
3 2902 3302 3303
3 2902 3303 2903
3 2903 3303 3304
3 2903 3304 2904
3 2904 3304 3305
3 2904 3305 2905
3 2905 3305 3306
3 2905 3306 2906
3 2906 3306 3307
3 2906 3307 2907
3 2907 3307 3308
3 2907 3308 2908
3 2908 3308 3309
3 2908 3309 2909
3 2909 3309 3310
3 2909 3310 2910
3 2910 3310 3311
3 2910 3311 2911
3 2911 3311 3312
3 2911 3312 2912
3 2912 3312 3313
3 2912 3313 2913
3 2913 3313 3314
3 2913 3314 2914
3 2914 3314 3315
3 2914 3315 2915
3 2915 3315 3316
3 2915 3316 2916
3 2916 3316 3317
3 2916 3317 2917
3 2917 3317 3318
3 2917 3318 2918
3 2918 3318 3319
3 2918 3319 2919
3 2919 3319 3320
3 2919 3320 2920
3 2920 3320 3321
3 2920 3321 2921
3 2921 3321 3322
3 2921 3322 2922
3 2922 3322 3323
3 2922 3323 2923
3 2923 3323 3324
3 2923 3324 2924
3 2924 3324 3325
3 2924 3325 2925
3 2925 3325 3326
3 2925 3326 2926
3 2926 3326 3327
3 2926 3327 2927
3 2927 3327 3328
3 2927 3328 2928
3 2928 3328 3329
3 2928 3329 2929
3 2929 3329 3330
3 2929 3330 2930
3 2930 3330 3331
3 2930 3331 2931
3 2931 3331 3332
3 2931 3332 2932
3 2932 3332 3333
3 2932 3333 2933
3 2933 3333 3334
3 2933 3334 2934
3 2934 3334 3335
3 2934 3335 2935
3 2935 3335 3336
3 2935 3336 2936
3 2936 3336 3337
3 2936 3337 2937
3 2937 3337 3338
3 2937 3338 2938
3 2938 3338 3339
3 2938 3339 2939
3 2939 3339 3340
3 2939 3340 2940
3 2940 3340 3341
3 2940 3341 2941
3 2941 3341 3342
3 2941 3342 2942
3 2942 3342 3343
3 2942 3343 2943
3 2943 3343 3344
3 2943 3344 2944
3 2944 3344 3345
3 2944 3345 2945
3 2945 3345 3346
3 2945 3346 2946
3 2946 3346 3347
3 2946 3347 2947
3 2947 3347 3348
3 2947 3348 2948
3 2948 3348 3349
3 2948 3349 2949
3 2949 3349 3350
3 2949 3350 2950
3 2950 3350 3351
3 2950 3351 2951
3 2951 3351 3352
3 2951 3352 2952
3 2952 3352 3353
3 2952 3353 2953
3 2953 3353 3354
3 2953 3354 2954
3 2954 3354 3355
3 2954 3355 2955
3 2955 3355 3356
3 2955 3356 2956
3 2956 3356 3357
3 2956 3357 2957
3 2957 3357 3358
3 2957 3358 2958
3 2958 3358 3359
3 2958 3359 2959
3 2959 3359 3360
3 2959 3360 2960
3 2960 3360 3361
3 2960 3361 2961
3 2961 3361 3362
3 2961 3362 2962
3 2962 3362 3363
3 2962 3363 2963
3 2963 3363 3364
3 2963 3364 2964
3 2964 3364 3365
3 2964 3365 2965
3 2965 3365 3366
3 2965 3366 2966
3 2966 3366 3367
3 2966 3367 2967
3 2967 3367 3368
3 2967 3368 2968
3 2968 3368 3369
3 2968 3369 2969
3 2969 3369 3370
3 2969 3370 2970
3 2970 3370 3371
3 2970 3371 2971
3 2971 3371 3372
3 2971 3372 2972
3 2972 3372 3373
3 2972 3373 2973
3 2973 3373 3374
3 2973 3374 2974
3 2974 3374 3375
3 2974 3375 2975
3 2975 3375 3376
3 2975 3376 2976
3 2976 3376 3377
3 2976 3377 2977
3 2977 3377 3378
3 2977 3378 2978
3 2978 3378 3379
3 2978 3379 2979
3 2979 3379 3380
3 2979 3380 2980
3 2980 3380 3381
3 2980 3381 2981
3 2981 3381 3382
3 2981 3382 2982
3 2982 3382 3383
3 2982 3383 2983
3 2983 3383 3384
3 2983 3384 2984
3 2984 3384 3385
3 2984 3385 2985
3 2985 3385 3386
3 2985 3386 2986
3 2986 3386 3387
3 2986 3387 2987
3 2987 3387 3388
3 2987 3388 2988
3 2988 3388 3389
3 2988 3389 2989
3 2989 3389 3390
3 2989 3390 2990
3 2990 3390 3391
3 2990 3391 2991
3 2991 3391 3392
3 2991 3392 2992
3 2992 3392 3393
3 2992 3393 2993
3 2993 3393 3394
3 2993 3394 2994
3 2994 3394 3395
3 2994 3395 2995
3 2995 3395 3396
3 2995 3396 2996
3 2996 3396 3397
3 2996 3397 2997
3 2997 3397 3398
3 2997 3398 2998
3 2998 3398 3399
3 2998 3399 2999
3 2999 3399 3400
3 2999 3400 3000
3 3000 3400 3401
3 3000 3401 3001
3 3001 3401 3402
3 3001 3402 3002
3 3002 3402 3403
3 3002 3403 3003
3 3003 3403 3404
3 3003 3404 3004
3 3004 3404 3405
3 3004 3405 3005
3 3005 3405 3406
3 3005 3406 3006
3 3006 3406 3407
3 3006 3407 3007
3 3007 3407 3408
3 3007 3408 3008
3 3008 3408 3409
3 3008 3409 3009
3 3009 3409 3410
3 3009 3410 3010
3 3010 3410 3411
3 3010 3411 3011
3 3011 3411 3412
3 3011 3412 3012
3 3012 3412 3413
3 3012 3413 3013
3 3013 3413 3414
3 3013 3414 3014
3 3014 3414 3415
3 3014 3415 3015
3 3015 3415 3416
3 3015 3416 3016
3 3016 3416 3417
3 3016 3417 3017
3 3017 3417 3418
3 3017 3418 3018
3 3018 3418 3419
3 3018 3419 3019
3 3019 3419 3420
3 3019 3420 3020
3 3020 3420 3421
3 3020 3421 3021
3 3021 3421 3422
3 3021 3422 3022
3 3022 3422 3423
3 3022 3423 3023
3 3023 3423 3424
3 3023 3424 3024
3 3024 3424 3425
3 3024 3425 3025
3 3025 3425 3426
3 3025 3426 3026
3 3026 3426 3427
3 3026 3427 3027
3 3027 3427 3428
3 3027 3428 3028
3 3028 3428 3429
3 3028 3429 3029
3 3029 3429 3430
3 3029 3430 3030
3 3030 3430 3431
3 3030 3431 3031
3 3031 3431 3432
3 3031 3432 3032
3 3032 3432 3433
3 3032 3433 3033
3 3033 3433 3434
3 3033 3434 3034
3 3034 3434 3435
3 3034 3435 3035
3 3035 3435 3436
3 3035 3436 3036
3 3036 3436 3437
3 3036 3437 3037
3 3037 3437 3438
3 3037 3438 3038
3 3038 3438 3439
3 3038 3439 3039
3 3039 3439 3440
3 3039 3440 3040
3 3040 3440 3441
3 3040 3441 3041
3 3041 3441 3442
3 3041 3442 3042
3 3042 3442 3443
3 3042 3443 3043
3 3043 3443 3444
3 3043 3444 3044
3 3044 3444 3445
3 3044 3445 3045
3 3045 3445 3446
3 3045 3446 3046
3 3046 3446 3447
3 3046 3447 3047
3 3047 3447 3448
3 3047 3448 3048
3 3048 3448 3449
3 3048 3449 3049
3 3049 3449 3450
3 3049 3450 3050
3 3050 3450 3451
3 3050 3451 3051
3 3051 3451 3452
3 3051 3452 3052
3 3052 3452 3453
3 3052 3453 3053
3 3053 3453 3454
3 3053 3454 3054
3 3054 3454 3455
3 3054 3455 3055
3 3055 3455 3456
3 3055 3456 3056
3 3056 3456 3457
3 3056 3457 3057
3 3057 3457 3458
3 3057 3458 3058
3 3058 3458 3459
3 3058 3459 3059
3 3059 3459 3460
3 3059 3460 3060
3 3060 3460 3461
3 3060 3461 3061
3 3061 3461 3462
3 3061 3462 3062
3 3062 3462 3463
3 3062 3463 3063
3 3063 3463 3464
3 3063 3464 3064
3 3064 3464 3465
3 3064 3465 3065
3 3065 3465 3466
3 3065 3466 3066
3 3066 3466 3467
3 3066 3467 3067
3 3067 3467 3468
3 3067 3468 3068
3 3068 3468 3469
3 3068 3469 3069
3 3069 3469 3470
3 3069 3470 3070
3 3070 3470 3471
3 3070 3471 3071
3 3071 3471 3472
3 3071 3472 3072
3 3072 3472 3473
3 3072 3473 3073
3 3073 3473 3474
3 3073 3474 3074
3 3074 3474 3475
3 3074 3475 3075
3 3075 3475 3476
3 3075 3476 3076
3 3076 3476 3477
3 3076 3477 3077
3 3077 3477 3478
3 3077 3478 3078
3 3078 3478 3479
3 3078 3479 3079
3 3079 3479 3480
3 3079 3480 3080
3 3080 3480 3481
3 3080 3481 3081
3 3081 3481 3482
3 3081 3482 3082
3 3082 3482 3483
3 3082 3483 3083
3 3083 3483 3484
3 3083 3484 3084
3 3084 3484 3485
3 3084 3485 3085
3 3085 3485 3486
3 3085 3486 3086
3 3086 3486 3487
3 3086 3487 3087
3 3087 3487 3488
3 3087 3488 3088
3 3088 3488 3489
3 3088 3489 3089
3 3089 3489 3490
3 3089 3490 3090
3 3090 3490 3491
3 3090 3491 3091
3 3091 3491 3492
3 3091 3492 3092
3 3092 3492 3493
3 3092 3493 3093
3 3093 3493 3494
3 3093 3494 3094
3 3094 3494 3495
3 3094 3495 3095
3 3095 3495 3496
3 3095 3496 3096
3 3096 3496 3497
3 3096 3497 3097
3 3097 3497 3498
3 3097 3498 3098
3 3098 3498 3499
3 3098 3499 3099
3 3099 3499 3500
3 3099 3500 3100
3 3100 3500 3501
3 3100 3501 3101
3 3101 3501 3502
3 3101 3502 3102
3 3102 3502 3503
3 3102 3503 3103
3 3103 3503 3504
3 3103 3504 3104
3 3104 3504 3505
3 3104 3505 3105
3 3105 3505 3506
3 3105 3506 3106
3 3106 3506 3507
3 3106 3507 3107
3 3107 3507 3508
3 3107 3508 3108
3 3108 3508 3509
3 3108 3509 3109
3 3109 3509 3510
3 3109 3510 3110
3 3110 3510 3511
3 3110 3511 3111
3 3111 3511 3512
3 3111 3512 3112
3 3112 3512 3513
3 3112 3513 3113
3 3113 3513 3514
3 3113 3514 3114
3 3114 3514 3515
3 3114 3515 3115
3 3115 3515 3516
3 3115 3516 3116
3 3116 3516 3517
3 3116 3517 3117
3 3117 3517 3518
3 3117 3518 3118
3 3118 3518 3519
3 3118 3519 3119
3 3119 3519 3520
3 3119 3520 3120
3 3120 3520 3521
3 3120 3521 3121
3 3121 3521 3522
3 3121 3522 3122
3 3122 3522 3523
3 3122 3523 3123
3 3123 3523 3524
3 3123 3524 3124
3 3124 3524 3525
3 3124 3525 3125
3 3125 3525 3526
3 3125 3526 3126
3 3126 3526 3527
3 3126 3527 3127
3 3127 3527 3528
3 3127 3528 3128
3 3128 3528 3529
3 3128 3529 3129
3 3129 3529 3530
3 3129 3530 3130
3 3130 3530 3531
3 3130 3531 3131
3 3131 3531 3532
3 3131 3532 3132
3 3132 3532 3533
3 3132 3533 3133
3 3133 3533 3534
3 3133 3534 3134
3 3134 3534 3535
3 3134 3535 3135
3 3135 3535 3536
3 3135 3536 3136
3 3136 3536 3537
3 3136 3537 3137
3 3137 3537 3538
3 3137 3538 3138
3 3138 3538 3539
3 3138 3539 3139
3 3139 3539 3540
3 3139 3540 3140
3 3140 3540 3541
3 3140 3541 3141
3 3141 3541 3542
3 3141 3542 3142
3 3142 3542 3543
3 3142 3543 3143
3 3143 3543 3544
3 3143 3544 3144
3 3144 3544 3545
3 3144 3545 3145
3 3145 3545 3546
3 3145 3546 3146
3 3146 3546 3547
3 3146 3547 3147
3 3147 3547 3548
3 3147 3548 3148
3 3148 3548 3549
3 3148 3549 3149
3 3149 3549 3550
3 3149 3550 3150
3 3150 3550 3551
3 3150 3551 3151
3 3151 3551 3552
3 3151 3552 3152
3 3152 3552 3553
3 3152 3553 3153
3 3153 3553 3554
3 3153 3554 3154
3 3154 3554 3555
3 3154 3555 3155
3 3155 3555 3556
3 3155 3556 3156
3 3156 3556 3557
3 3156 3557 3157
3 3157 3557 3558
3 3157 3558 3158
3 3158 3558 3559
3 3158 3559 3159
3 3159 3559 3560
3 3159 3560 3160
3 3160 3560 3561
3 3160 3561 3161
3 3161 3561 3562
3 3161 3562 3162
3 3162 3562 3563
3 3162 3563 3163
3 3163 3563 3564
3 3163 3564 3164
3 3164 3564 3565
3 3164 3565 3165
3 3165 3565 3566
3 3165 3566 3166
3 3166 3566 3567
3 3166 3567 3167
3 3167 3567 3568
3 3167 3568 3168
3 3168 3568 3569
3 3168 3569 3169
3 3169 3569 3570
3 3169 3570 3170
3 3170 3570 3571
3 3170 3571 3171
3 3171 3571 3572
3 3171 3572 3172
3 3172 3572 3573
3 3172 3573 3173
3 3173 3573 3574
3 3173 3574 3174
3 3174 3574 3575
3 3174 3575 3175
3 3175 3575 3576
3 3175 3576 3176
3 3176 3576 3577
3 3176 3577 3177
3 3177 3577 3578
3 3177 3578 3178
3 3178 3578 3579
3 3178 3579 3179
3 3179 3579 3580
3 3179 3580 3180
3 3180 3580 3581
3 3180 3581 3181
3 3181 3581 3582
3 3181 3582 3182
3 3182 3582 3583
3 3182 3583 3183
3 3183 3583 3584
3 3183 3584 3184
3 3184 3584 3585
3 3184 3585 3185
3 3185 3585 3586
3 3185 3586 3186
3 3186 3586 3587
3 3186 3587 3187
3 3187 3587 3588
3 3187 3588 3188
3 3188 3588 3589
3 3188 3589 3189
3 3189 3589 3590
3 3189 3590 3190
3 3190 3590 3591
3 3190 3591 3191
3 3191 3591 3592
3 3191 3592 3192
3 3192 3592 3593
3 3192 3593 3193
3 3193 3593 3594
3 3193 3594 3194
3 3194 3594 3595
3 3194 3595 3195
3 3195 3595 3596
3 3195 3596 3196
3 3196 3596 3597
3 3196 3597 3197
3 3197 3597 3598
3 3197 3598 3198
3 3198 3598 3599
3 3198 3599 3199
3 3200 3600 3601
3 3200 3601 3201
3 3201 3601 3602
3 3201 3602 3202
3 3202 3602 3603
3 3202 3603 3203
3 3203 3603 3604
3 3203 3604 3204
3 3204 3604 3605
3 3204 3605 3205
3 3205 3605 3606
3 3205 3606 3206
3 3206 3606 3607
3 3206 3607 3207
3 3207 3607 3608
3 3207 3608 3208
3 3208 3608 3609
3 3208 3609 3209
3 3209 3609 3610
3 3209 3610 3210
3 3210 3610 3611
3 3210 3611 3211
3 3211 3611 3612
3 3211 3612 3212
3 3212 3612 3613
3 3212 3613 3213
3 3213 3613 3614
3 3213 3614 3214
3 3214 3614 3615
3 3214 3615 3215
3 3215 3615 3616
3 3215 3616 3216
3 3216 3616 3617
3 3216 3617 3217
3 3217 3617 3618
3 3217 3618 3218
3 3218 3618 3619
3 3218 3619 3219
3 3219 3619 3620
3 3219 3620 3220
3 3220 3620 3621
3 3220 3621 3221
3 3221 3621 3622
3 3221 3622 3222
3 3222 3622 3623
3 3222 3623 3223
3 3223 3623 3624
3 3223 3624 3224
3 3224 3624 3625
3 3224 3625 3225
3 3225 3625 3626
3 3225 3626 3226
3 3226 3626 3627
3 3226 3627 3227
3 3227 3627 3628
3 3227 3628 3228
3 3228 3628 3629
3 3228 3629 3229
3 3229 3629 3630
3 3229 3630 3230
3 3230 3630 3631
3 3230 3631 3231
3 3231 3631 3632
3 3231 3632 3232
3 3232 3632 3633
3 3232 3633 3233
3 3233 3633 3634
3 3233 3634 3234
3 3234 3634 3635
3 3234 3635 3235
3 3235 3635 3636
3 3235 3636 3236
3 3236 3636 3637
3 3236 3637 3237
3 3237 3637 3638
3 3237 3638 3238
3 3238 3638 3639
3 3238 3639 3239
3 3239 3639 3640
3 3239 3640 3240
3 3240 3640 3641
3 3240 3641 3241
3 3241 3641 3642
3 3241 3642 3242
3 3242 3642 3643
3 3242 3643 3243
3 3243 3643 3644
3 3243 3644 3244
3 3244 3644 3645
3 3244 3645 3245
3 3245 3645 3646
3 3245 3646 3246
3 3246 3646 3647
3 3246 3647 3247
3 3247 3647 3648
3 3247 3648 3248
3 3248 3648 3649
3 3248 3649 3249
3 3249 3649 3650
3 3249 3650 3250
3 3250 3650 3651
3 3250 3651 3251
3 3251 3651 3652
3 3251 3652 3252
3 3252 3652 3653
3 3252 3653 3253
3 3253 3653 3654
3 3253 3654 3254
3 3254 3654 3655
3 3254 3655 3255
3 3255 3655 3656
3 3255 3656 3256
3 3256 3656 3657
3 3256 3657 3257
3 3257 3657 3658
3 3257 3658 3258
3 3258 3658 3659
3 3258 3659 3259
3 3259 3659 3660
3 3259 3660 3260
3 3260 3660 3661
3 3260 3661 3261
3 3261 3661 3662
3 3261 3662 3262
3 3262 3662 3663
3 3262 3663 3263
3 3263 3663 3664
3 3263 3664 3264
3 3264 3664 3665
3 3264 3665 3265
3 3265 3665 3666
3 3265 3666 3266
3 3266 3666 3667
3 3266 3667 3267
3 3267 3667 3668
3 3267 3668 3268
3 3268 3668 3669
3 3268 3669 3269
3 3269 3669 3670
3 3269 3670 3270
3 3270 3670 3671
3 3270 3671 3271
3 3271 3671 3672
3 3271 3672 3272
3 3272 3672 3673
3 3272 3673 3273
3 3273 3673 3674
3 3273 3674 3274
3 3274 3674 3675
3 3274 3675 3275
3 3275 3675 3676
3 3275 3676 3276
3 3276 3676 3677
3 3276 3677 3277
3 3277 3677 3678
3 3277 3678 3278
3 3278 3678 3679
3 3278 3679 3279
3 3279 3679 3680
3 3279 3680 3280
3 3280 3680 3681
3 3280 3681 3281
3 3281 3681 3682
3 3281 3682 3282
3 3282 3682 3683
3 3282 3683 3283
3 3283 3683 3684
3 3283 3684 3284
3 3284 3684 3685
3 3284 3685 3285
3 3285 3685 3686
3 3285 3686 3286
3 3286 3686 3687
3 3286 3687 3287
3 3287 3687 3688
3 3287 3688 3288
3 3288 3688 3689
3 3288 3689 3289
3 3289 3689 3690
3 3289 3690 3290
3 3290 3690 3691
3 3290 3691 3291
3 3291 3691 3692
3 3291 3692 3292
3 3292 3692 3693
3 3292 3693 3293
3 3293 3693 3694
3 3293 3694 3294
3 3294 3694 3695
3 3294 3695 3295
3 3295 3695 3696
3 3295 3696 3296
3 3296 3696 3697
3 3296 3697 3297
3 3297 3697 3698
3 3297 3698 3298
3 3298 3698 3699
3 3298 3699 3299
3 3299 3699 3700
3 3299 3700 3300
3 3300 3700 3701
3 3300 3701 3301
3 3301 3701 3702
3 3301 3702 3302
3 3302 3702 3703
3 3302 3703 3303
3 3303 3703 3704
3 3303 3704 3304
3 3304 3704 3705
3 3304 3705 3305
3 3305 3705 3706
3 3305 3706 3306
3 3306 3706 3707
3 3306 3707 3307
3 3307 3707 3708
3 3307 3708 3308
3 3308 3708 3709
3 3308 3709 3309
3 3309 3709 3710
3 3309 3710 3310
3 3310 3710 3711
3 3310 3711 3311
3 3311 3711 3712
3 3311 3712 3312
3 3312 3712 3713
3 3312 3713 3313
3 3313 3713 3714
3 3313 3714 3314
3 3314 3714 3715
3 3314 3715 3315
3 3315 3715 3716
3 3315 3716 3316
3 3316 3716 3717
3 3316 3717 3317
3 3317 3717 3718
3 3317 3718 3318
3 3318 3718 3719
3 3318 3719 3319
3 3319 3719 3720
3 3319 3720 3320
3 3320 3720 3721
3 3320 3721 3321
3 3321 3721 3722
3 3321 3722 3322
3 3322 3722 3723
3 3322 3723 3323
3 3323 3723 3724
3 3323 3724 3324
3 3324 3724 3725
3 3324 3725 3325
3 3325 3725 3726
3 3325 3726 3326
3 3326 3726 3727
3 3326 3727 3327
3 3327 3727 3728
3 3327 3728 3328
3 3328 3728 3729
3 3328 3729 3329
3 3329 3729 3730
3 3329 3730 3330
3 3330 3730 3731
3 3330 3731 3331
3 3331 3731 3732
3 3331 3732 3332
3 3332 3732 3733
3 3332 3733 3333
3 3333 3733 3734
3 3333 3734 3334
3 3334 3734 3735
3 3334 3735 3335
3 3335 3735 3736
3 3335 3736 3336
3 3336 3736 3737
3 3336 3737 3337
3 3337 3737 3738
3 3337 3738 3338
3 3338 3738 3739
3 3338 3739 3339
3 3339 3739 3740
3 3339 3740 3340
3 3340 3740 3741
3 3340 3741 3341
3 3341 3741 3742
3 3341 3742 3342
3 3342 3742 3743
3 3342 3743 3343
3 3343 3743 3744
3 3343 3744 3344
3 3344 3744 3745
3 3344 3745 3345
3 3345 3745 3746
3 3345 3746 3346
3 3346 3746 3747
3 3346 3747 3347
3 3347 3747 3748
3 3347 3748 3348
3 3348 3748 3749
3 3348 3749 3349
3 3349 3749 3750
3 3349 3750 3350
3 3350 3750 3751
3 3350 3751 3351
3 3351 3751 3752
3 3351 3752 3352
3 3352 3752 3753
3 3352 3753 3353
3 3353 3753 3754
3 3353 3754 3354
3 3354 3754 3755
3 3354 3755 3355
3 3355 3755 3756
3 3355 3756 3356
3 3356 3756 3757
3 3356 3757 3357
3 3357 3757 3758
3 3357 3758 3358
3 3358 3758 3759
3 3358 3759 3359
3 3359 3759 3760
3 3359 3760 3360
3 3360 3760 3761
3 3360 3761 3361
3 3361 3761 3762
3 3361 3762 3362
3 3362 3762 3763
3 3362 3763 3363
3 3363 3763 3764
3 3363 3764 3364
3 3364 3764 3765
3 3364 3765 3365
3 3365 3765 3766
3 3365 3766 3366
3 3366 3766 3767
3 3366 3767 3367
3 3367 3767 3768
3 3367 3768 3368
3 3368 3768 3769
3 3368 3769 3369
3 3369 3769 3770
3 3369 3770 3370
3 3370 3770 3771
3 3370 3771 3371
3 3371 3771 3772
3 3371 3772 3372
3 3372 3772 3773
3 3372 3773 3373
3 3373 3773 3774
3 3373 3774 3374
3 3374 3774 3775
3 3374 3775 3375
3 3375 3775 3776
3 3375 3776 3376
3 3376 3776 3777
3 3376 3777 3377
3 3377 3777 3778
3 3377 3778 3378
3 3378 3778 3779
3 3378 3779 3379
3 3379 3779 3780
3 3379 3780 3380
3 3380 3780 3781
3 3380 3781 3381
3 3381 3781 3782
3 3381 3782 3382
3 3382 3782 3783
3 3382 3783 3383
3 3383 3783 3784
3 3383 3784 3384
3 3384 3784 3785
3 3384 3785 3385
3 3385 3785 3786
3 3385 3786 3386
3 3386 3786 3787
3 3386 3787 3387
3 3387 3787 3788
3 3387 3788 3388
3 3388 3788 3789
3 3388 3789 3389
3 3389 3789 3790
3 3389 3790 3390
3 3390 3790 3791
3 3390 3791 3391
3 3391 3791 3792
3 3391 3792 3392
3 3392 3792 3793
3 3392 3793 3393
3 3393 3793 3794
3 3393 3794 3394
3 3394 3794 3795
3 3394 3795 3395
3 3395 3795 3796
3 3395 3796 3396
3 3396 3796 3797
3 3396 3797 3397
3 3397 3797 3798
3 3397 3798 3398
3 3398 3798 3799
3 3398 3799 3399
3 3399 3799 3800
3 3399 3800 3400
3 3400 3800 3801
3 3400 3801 3401
3 3401 3801 3802
3 3401 3802 3402
3 3402 3802 3803
3 3402 3803 3403
3 3403 3803 3804
3 3403 3804 3404
3 3404 3804 3805
3 3404 3805 3405
3 3405 3805 3806
3 3405 3806 3406
3 3406 3806 3807
3 3406 3807 3407
3 3407 3807 3808
3 3407 3808 3408
3 3408 3808 3809
3 3408 3809 3409
3 3409 3809 3810
3 3409 3810 3410
3 3410 3810 3811
3 3410 3811 3411
3 3411 3811 3812
3 3411 3812 3412
3 3412 3812 3813
3 3412 3813 3413
3 3413 3813 3814
3 3413 3814 3414
3 3414 3814 3815
3 3414 3815 3415
3 3415 3815 3816
3 3415 3816 3416
3 3416 3816 3817
3 3416 3817 3417
3 3417 3817 3818
3 3417 3818 3418
3 3418 3818 3819
3 3418 3819 3419
3 3419 3819 3820
3 3419 3820 3420
3 3420 3820 3821
3 3420 3821 3421
3 3421 3821 3822
3 3421 3822 3422
3 3422 3822 3823
3 3422 3823 3423
3 3423 3823 3824
3 3423 3824 3424
3 3424 3824 3825
3 3424 3825 3425
3 3425 3825 3826
3 3425 3826 3426
3 3426 3826 3827
3 3426 3827 3427
3 3427 3827 3828
3 3427 3828 3428
3 3428 3828 3829
3 3428 3829 3429
3 3429 3829 3830
3 3429 3830 3430
3 3430 3830 3831
3 3430 3831 3431
3 3431 3831 3832
3 3431 3832 3432
3 3432 3832 3833
3 3432 3833 3433
3 3433 3833 3834
3 3433 3834 3434
3 3434 3834 3835
3 3434 3835 3435
3 3435 3835 3836
3 3435 3836 3436
3 3436 3836 3837
3 3436 3837 3437
3 3437 3837 3838
3 3437 3838 3438
3 3438 3838 3839
3 3438 3839 3439
3 3439 3839 3840
3 3439 3840 3440
3 3440 3840 3841
3 3440 3841 3441
3 3441 3841 3842
3 3441 3842 3442
3 3442 3842 3843
3 3442 3843 3443
3 3443 3843 3844
3 3443 3844 3444
3 3444 3844 3845
3 3444 3845 3445
3 3445 3845 3846
3 3445 3846 3446
3 3446 3846 3847
3 3446 3847 3447
3 3447 3847 3848
3 3447 3848 3448
3 3448 3848 3849
3 3448 3849 3449
3 3449 3849 3850
3 3449 3850 3450
3 3450 3850 3851
3 3450 3851 3451
3 3451 3851 3852
3 3451 3852 3452
3 3452 3852 3853
3 3452 3853 3453
3 3453 3853 3854
3 3453 3854 3454
3 3454 3854 3855
3 3454 3855 3455
3 3455 3855 3856
3 3455 3856 3456
3 3456 3856 3857
3 3456 3857 3457
3 3457 3857 3858
3 3457 3858 3458
3 3458 3858 3859
3 3458 3859 3459
3 3459 3859 3860
3 3459 3860 3460
3 3460 3860 3861
3 3460 3861 3461
3 3461 3861 3862
3 3461 3862 3462
3 3462 3862 3863
3 3462 3863 3463
3 3463 3863 3864
3 3463 3864 3464
3 3464 3864 3865
3 3464 3865 3465
3 3465 3865 3866
3 3465 3866 3466
3 3466 3866 3867
3 3466 3867 3467
3 3467 3867 3868
3 3467 3868 3468
3 3468 3868 3869
3 3468 3869 3469
3 3469 3869 3870
3 3469 3870 3470
3 3470 3870 3871
3 3470 3871 3471
3 3471 3871 3872
3 3471 3872 3472
3 3472 3872 3873
3 3472 3873 3473
3 3473 3873 3874
3 3473 3874 3474
3 3474 3874 3875
3 3474 3875 3475
3 3475 3875 3876
3 3475 3876 3476
3 3476 3876 3877
3 3476 3877 3477
3 3477 3877 3878
3 3477 3878 3478
3 3478 3878 3879
3 3478 3879 3479
3 3479 3879 3880
3 3479 3880 3480
3 3480 3880 3881
3 3480 3881 3481
3 3481 3881 3882
3 3481 3882 3482
3 3482 3882 3883
3 3482 3883 3483
3 3483 3883 3884
3 3483 3884 3484
3 3484 3884 3885
3 3484 3885 3485
3 3485 3885 3886
3 3485 3886 3486
3 3486 3886 3887
3 3486 3887 3487
3 3487 3887 3888
3 3487 3888 3488
3 3488 3888 3889
3 3488 3889 3489
3 3489 3889 3890
3 3489 3890 3490
3 3490 3890 3891
3 3490 3891 3491
3 3491 3891 3892
3 3491 3892 3492
3 3492 3892 3893
3 3492 3893 3493
3 3493 3893 3894
3 3493 3894 3494
3 3494 3894 3895
3 3494 3895 3495
3 3495 3895 3896
3 3495 3896 3496
3 3496 3896 3897
3 3496 3897 3497
3 3497 3897 3898
3 3497 3898 3498
3 3498 3898 3899
3 3498 3899 3499
3 3499 3899 3900
3 3499 3900 3500
3 3500 3900 3901
3 3500 3901 3501
3 3501 3901 3902
3 3501 3902 3502
3 3502 3902 3903
3 3502 3903 3503
3 3503 3903 3904
3 3503 3904 3504
3 3504 3904 3905
3 3504 3905 3505
3 3505 3905 3906
3 3505 3906 3506
3 3506 3906 3907
3 3506 3907 3507
3 3507 3907 3908
3 3507 3908 3508
3 3508 3908 3909
3 3508 3909 3509
3 3509 3909 3910
3 3509 3910 3510
3 3510 3910 3911
3 3510 3911 3511
3 3511 3911 3912
3 3511 3912 3512
3 3512 3912 3913
3 3512 3913 3513
3 3513 3913 3914
3 3513 3914 3514
3 3514 3914 3915
3 3514 3915 3515
3 3515 3915 3916
3 3515 3916 3516
3 3516 3916 3917
3 3516 3917 3517
3 3517 3917 3918
3 3517 3918 3518
3 3518 3918 3919
3 3518 3919 3519
3 3519 3919 3920
3 3519 3920 3520
3 3520 3920 3921
3 3520 3921 3521
3 3521 3921 3922
3 3521 3922 3522
3 3522 3922 3923
3 3522 3923 3523
3 3523 3923 3924
3 3523 3924 3524
3 3524 3924 3925
3 3524 3925 3525
3 3525 3925 3926
3 3525 3926 3526
3 3526 3926 3927
3 3526 3927 3527
3 3527 3927 3928
3 3527 3928 3528
3 3528 3928 3929
3 3528 3929 3529
3 3529 3929 3930
3 3529 3930 3530
3 3530 3930 3931
3 3530 3931 3531
3 3531 3931 3932
3 3531 3932 3532
3 3532 3932 3933
3 3532 3933 3533
3 3533 3933 3934
3 3533 3934 3534
3 3534 3934 3935
3 3534 3935 3535
3 3535 3935 3936
3 3535 3936 3536
3 3536 3936 3937
3 3536 3937 3537
3 3537 3937 3938
3 3537 3938 3538
3 3538 3938 3939
3 3538 3939 3539
3 3539 3939 3940
3 3539 3940 3540
3 3540 3940 3941
3 3540 3941 3541
3 3541 3941 3942
3 3541 3942 3542
3 3542 3942 3943
3 3542 3943 3543
3 3543 3943 3944
3 3543 3944 3544
3 3544 3944 3945
3 3544 3945 3545
3 3545 3945 3946
3 3545 3946 3546
3 3546 3946 3947
3 3546 3947 3547
3 3547 3947 3948
3 3547 3948 3548
3 3548 3948 3949
3 3548 3949 3549
3 3549 3949 3950
3 3549 3950 3550
3 3550 3950 3951
3 3550 3951 3551
3 3551 3951 3952
3 3551 3952 3552
3 3552 3952 3953
3 3552 3953 3553
3 3553 3953 3954
3 3553 3954 3554
3 3554 3954 3955
3 3554 3955 3555
3 3555 3955 3956
3 3555 3956 3556
3 3556 3956 3957
3 3556 3957 3557
3 3557 3957 3958
3 3557 3958 3558
3 3558 3958 3959
3 3558 3959 3559
3 3559 3959 3960
3 3559 3960 3560
3 3560 3960 3961
3 3560 3961 3561
3 3561 3961 3962
3 3561 3962 3562
3 3562 3962 3963
3 3562 3963 3563
3 3563 3963 3964
3 3563 3964 3564
3 3564 3964 3965
3 3564 3965 3565
3 3565 3965 3966
3 3565 3966 3566
3 3566 3966 3967
3 3566 3967 3567
3 3567 3967 3968
3 3567 3968 3568
3 3568 3968 3969
3 3568 3969 3569
3 3569 3969 3970
3 3569 3970 3570
3 3570 3970 3971
3 3570 3971 3571
3 3571 3971 3972
3 3571 3972 3572
3 3572 3972 3973
3 3572 3973 3573
3 3573 3973 3974
3 3573 3974 3574
3 3574 3974 3975
3 3574 3975 3575
3 3575 3975 3976
3 3575 3976 3576
3 3576 3976 3977
3 3576 3977 3577
3 3577 3977 3978
3 3577 3978 3578
3 3578 3978 3979
3 3578 3979 3579
3 3579 3979 3980
3 3579 3980 3580
3 3580 3980 3981
3 3580 3981 3581
3 3581 3981 3982
3 3581 3982 3582
3 3582 3982 3983
3 3582 3983 3583
3 3583 3983 3984
3 3583 3984 3584
3 3584 3984 3985
3 3584 3985 3585
3 3585 3985 3986
3 3585 3986 3586
3 3586 3986 3987
3 3586 3987 3587
3 3587 3987 3988
3 3587 3988 3588
3 3588 3988 3989
3 3588 3989 3589
3 3589 3989 3990
3 3589 3990 3590
3 3590 3990 3991
3 3590 3991 3591
3 3591 3991 3992
3 3591 3992 3592
3 3592 3992 3993
3 3592 3993 3593
3 3593 3993 3994
3 3593 3994 3594
3 3594 3994 3995
3 3594 3995 3595
3 3595 3995 3996
3 3595 3996 3596
3 3596 3996 3997
3 3596 3997 3597
3 3597 3997 3998
3 3597 3998 3598
3 3598 3998 3999
3 3598 3999 3599
3 3600 4000 4001
3 3600 4001 3601
3 3601 4001 4002
3 3601 4002 3602
3 3602 4002 4003
3 3602 4003 3603
3 3603 4003 4004
3 3603 4004 3604
3 3604 4004 4005
3 3604 4005 3605
3 3605 4005 4006
3 3605 4006 3606
3 3606 4006 4007
3 3606 4007 3607
3 3607 4007 4008
3 3607 4008 3608
3 3608 4008 4009
3 3608 4009 3609
3 3609 4009 4010
3 3609 4010 3610
3 3610 4010 4011
3 3610 4011 3611
3 3611 4011 4012
3 3611 4012 3612
3 3612 4012 4013
3 3612 4013 3613
3 3613 4013 4014
3 3613 4014 3614
3 3614 4014 4015
3 3614 4015 3615
3 3615 4015 4016
3 3615 4016 3616
3 3616 4016 4017
3 3616 4017 3617
3 3617 4017 4018
3 3617 4018 3618
3 3618 4018 4019
3 3618 4019 3619
3 3619 4019 4020
3 3619 4020 3620
3 3620 4020 4021
3 3620 4021 3621
3 3621 4021 4022
3 3621 4022 3622
3 3622 4022 4023
3 3622 4023 3623
3 3623 4023 4024
3 3623 4024 3624
3 3624 4024 4025
3 3624 4025 3625
3 3625 4025 4026
3 3625 4026 3626
3 3626 4026 4027
3 3626 4027 3627
3 3627 4027 4028
3 3627 4028 3628
3 3628 4028 4029
3 3628 4029 3629
3 3629 4029 4030
3 3629 4030 3630
3 3630 4030 4031
3 3630 4031 3631
3 3631 4031 4032
3 3631 4032 3632
3 3632 4032 4033
3 3632 4033 3633
3 3633 4033 4034
3 3633 4034 3634
3 3634 4034 4035
3 3634 4035 3635
3 3635 4035 4036
3 3635 4036 3636
3 3636 4036 4037
3 3636 4037 3637
3 3637 4037 4038
3 3637 4038 3638
3 3638 4038 4039
3 3638 4039 3639
3 3639 4039 4040
3 3639 4040 3640
3 3640 4040 4041
3 3640 4041 3641
3 3641 4041 4042
3 3641 4042 3642
3 3642 4042 4043
3 3642 4043 3643
3 3643 4043 4044
3 3643 4044 3644
3 3644 4044 4045
3 3644 4045 3645
3 3645 4045 4046
3 3645 4046 3646
3 3646 4046 4047
3 3646 4047 3647
3 3647 4047 4048
3 3647 4048 3648
3 3648 4048 4049
3 3648 4049 3649
3 3649 4049 4050
3 3649 4050 3650
3 3650 4050 4051
3 3650 4051 3651
3 3651 4051 4052
3 3651 4052 3652
3 3652 4052 4053
3 3652 4053 3653
3 3653 4053 4054
3 3653 4054 3654
3 3654 4054 4055
3 3654 4055 3655
3 3655 4055 4056
3 3655 4056 3656
3 3656 4056 4057
3 3656 4057 3657
3 3657 4057 4058
3 3657 4058 3658
3 3658 4058 4059
3 3658 4059 3659
3 3659 4059 4060
3 3659 4060 3660
3 3660 4060 4061
3 3660 4061 3661
3 3661 4061 4062
3 3661 4062 3662
3 3662 4062 4063
3 3662 4063 3663
3 3663 4063 4064
3 3663 4064 3664
3 3664 4064 4065
3 3664 4065 3665
3 3665 4065 4066
3 3665 4066 3666
3 3666 4066 4067
3 3666 4067 3667
3 3667 4067 4068
3 3667 4068 3668
3 3668 4068 4069
3 3668 4069 3669
3 3669 4069 4070
3 3669 4070 3670
3 3670 4070 4071
3 3670 4071 3671
3 3671 4071 4072
3 3671 4072 3672
3 3672 4072 4073
3 3672 4073 3673
3 3673 4073 4074
3 3673 4074 3674
3 3674 4074 4075
3 3674 4075 3675
3 3675 4075 4076
3 3675 4076 3676
3 3676 4076 4077
3 3676 4077 3677
3 3677 4077 4078
3 3677 4078 3678
3 3678 4078 4079
3 3678 4079 3679
3 3679 4079 4080
3 3679 4080 3680
3 3680 4080 4081
3 3680 4081 3681
3 3681 4081 4082
3 3681 4082 3682
3 3682 4082 4083
3 3682 4083 3683
3 3683 4083 4084
3 3683 4084 3684
3 3684 4084 4085
3 3684 4085 3685
3 3685 4085 4086
3 3685 4086 3686
3 3686 4086 4087
3 3686 4087 3687
3 3687 4087 4088
3 3687 4088 3688
3 3688 4088 4089
3 3688 4089 3689
3 3689 4089 4090
3 3689 4090 3690
3 3690 4090 4091
3 3690 4091 3691
3 3691 4091 4092
3 3691 4092 3692
3 3692 4092 4093
3 3692 4093 3693
3 3693 4093 4094
3 3693 4094 3694
3 3694 4094 4095
3 3694 4095 3695
3 3695 4095 4096
3 3695 4096 3696
3 3696 4096 4097
3 3696 4097 3697
3 3697 4097 4098
3 3697 4098 3698
3 3698 4098 4099
3 3698 4099 3699
3 3699 4099 4100
3 3699 4100 3700
3 3700 4100 4101
3 3700 4101 3701
3 3701 4101 4102
3 3701 4102 3702
3 3702 4102 4103
3 3702 4103 3703
3 3703 4103 4104
3 3703 4104 3704
3 3704 4104 4105
3 3704 4105 3705
3 3705 4105 4106
3 3705 4106 3706
3 3706 4106 4107
3 3706 4107 3707
3 3707 4107 4108
3 3707 4108 3708
3 3708 4108 4109
3 3708 4109 3709
3 3709 4109 4110
3 3709 4110 3710
3 3710 4110 4111
3 3710 4111 3711
3 3711 4111 4112
3 3711 4112 3712
3 3712 4112 4113
3 3712 4113 3713
3 3713 4113 4114
3 3713 4114 3714
3 3714 4114 4115
3 3714 4115 3715
3 3715 4115 4116
3 3715 4116 3716
3 3716 4116 4117
3 3716 4117 3717
3 3717 4117 4118
3 3717 4118 3718
3 3718 4118 4119
3 3718 4119 3719
3 3719 4119 4120
3 3719 4120 3720
3 3720 4120 4121
3 3720 4121 3721
3 3721 4121 4122
3 3721 4122 3722
3 3722 4122 4123
3 3722 4123 3723
3 3723 4123 4124
3 3723 4124 3724
3 3724 4124 4125
3 3724 4125 3725
3 3725 4125 4126
3 3725 4126 3726
3 3726 4126 4127
3 3726 4127 3727
3 3727 4127 4128
3 3727 4128 3728
3 3728 4128 4129
3 3728 4129 3729
3 3729 4129 4130
3 3729 4130 3730
3 3730 4130 4131
3 3730 4131 3731
3 3731 4131 4132
3 3731 4132 3732
3 3732 4132 4133
3 3732 4133 3733
3 3733 4133 4134
3 3733 4134 3734
3 3734 4134 4135
3 3734 4135 3735
3 3735 4135 4136
3 3735 4136 3736
3 3736 4136 4137
3 3736 4137 3737
3 3737 4137 4138
3 3737 4138 3738
3 3738 4138 4139
3 3738 4139 3739
3 3739 4139 4140
3 3739 4140 3740
3 3740 4140 4141
3 3740 4141 3741
3 3741 4141 4142
3 3741 4142 3742
3 3742 4142 4143
3 3742 4143 3743
3 3743 4143 4144
3 3743 4144 3744
3 3744 4144 4145
3 3744 4145 3745
3 3745 4145 4146
3 3745 4146 3746
3 3746 4146 4147
3 3746 4147 3747
3 3747 4147 4148
3 3747 4148 3748
3 3748 4148 4149
3 3748 4149 3749
3 3749 4149 4150
3 3749 4150 3750
3 3750 4150 4151
3 3750 4151 3751
3 3751 4151 4152
3 3751 4152 3752
3 3752 4152 4153
3 3752 4153 3753
3 3753 4153 4154
3 3753 4154 3754
3 3754 4154 4155
3 3754 4155 3755
3 3755 4155 4156
3 3755 4156 3756
3 3756 4156 4157
3 3756 4157 3757
3 3757 4157 4158
3 3757 4158 3758
3 3758 4158 4159
3 3758 4159 3759
3 3759 4159 4160
3 3759 4160 3760
3 3760 4160 4161
3 3760 4161 3761
3 3761 4161 4162
3 3761 4162 3762
3 3762 4162 4163
3 3762 4163 3763
3 3763 4163 4164
3 3763 4164 3764
3 3764 4164 4165
3 3764 4165 3765
3 3765 4165 4166
3 3765 4166 3766
3 3766 4166 4167
3 3766 4167 3767
3 3767 4167 4168
3 3767 4168 3768
3 3768 4168 4169
3 3768 4169 3769
3 3769 4169 4170
3 3769 4170 3770
3 3770 4170 4171
3 3770 4171 3771
3 3771 4171 4172
3 3771 4172 3772
3 3772 4172 4173
3 3772 4173 3773
3 3773 4173 4174
3 3773 4174 3774
3 3774 4174 4175
3 3774 4175 3775
3 3775 4175 4176
3 3775 4176 3776
3 3776 4176 4177
3 3776 4177 3777
3 3777 4177 4178
3 3777 4178 3778
3 3778 4178 4179
3 3778 4179 3779
3 3779 4179 4180
3 3779 4180 3780
3 3780 4180 4181
3 3780 4181 3781
3 3781 4181 4182
3 3781 4182 3782
3 3782 4182 4183
3 3782 4183 3783
3 3783 4183 4184
3 3783 4184 3784
3 3784 4184 4185
3 3784 4185 3785
3 3785 4185 4186
3 3785 4186 3786
3 3786 4186 4187
3 3786 4187 3787
3 3787 4187 4188
3 3787 4188 3788
3 3788 4188 4189
3 3788 4189 3789
3 3789 4189 4190
3 3789 4190 3790
3 3790 4190 4191
3 3790 4191 3791
3 3791 4191 4192
3 3791 4192 3792
3 3792 4192 4193
3 3792 4193 3793
3 3793 4193 4194
3 3793 4194 3794
3 3794 4194 4195
3 3794 4195 3795
3 3795 4195 4196
3 3795 4196 3796
3 3796 4196 4197
3 3796 4197 3797
3 3797 4197 4198
3 3797 4198 3798
3 3798 4198 4199
3 3798 4199 3799
3 3799 4199 4200
3 3799 4200 3800
3 3800 4200 4201
3 3800 4201 3801
3 3801 4201 4202
3 3801 4202 3802
3 3802 4202 4203
3 3802 4203 3803
3 3803 4203 4204
3 3803 4204 3804
3 3804 4204 4205
3 3804 4205 3805
3 3805 4205 4206
3 3805 4206 3806
3 3806 4206 4207
3 3806 4207 3807
3 3807 4207 4208
3 3807 4208 3808
3 3808 4208 4209
3 3808 4209 3809
3 3809 4209 4210
3 3809 4210 3810
3 3810 4210 4211
3 3810 4211 3811
3 3811 4211 4212
3 3811 4212 3812
3 3812 4212 4213
3 3812 4213 3813
3 3813 4213 4214
3 3813 4214 3814
3 3814 4214 4215
3 3814 4215 3815
3 3815 4215 4216
3 3815 4216 3816
3 3816 4216 4217
3 3816 4217 3817
3 3817 4217 4218
3 3817 4218 3818
3 3818 4218 4219
3 3818 4219 3819
3 3819 4219 4220
3 3819 4220 3820
3 3820 4220 4221
3 3820 4221 3821
3 3821 4221 4222
3 3821 4222 3822
3 3822 4222 4223
3 3822 4223 3823
3 3823 4223 4224
3 3823 4224 3824
3 3824 4224 4225
3 3824 4225 3825
3 3825 4225 4226
3 3825 4226 3826
3 3826 4226 4227
3 3826 4227 3827
3 3827 4227 4228
3 3827 4228 3828
3 3828 4228 4229
3 3828 4229 3829
3 3829 4229 4230
3 3829 4230 3830
3 3830 4230 4231
3 3830 4231 3831
3 3831 4231 4232
3 3831 4232 3832
3 3832 4232 4233
3 3832 4233 3833
3 3833 4233 4234
3 3833 4234 3834
3 3834 4234 4235
3 3834 4235 3835
3 3835 4235 4236
3 3835 4236 3836
3 3836 4236 4237
3 3836 4237 3837
3 3837 4237 4238
3 3837 4238 3838
3 3838 4238 4239
3 3838 4239 3839
3 3839 4239 4240
3 3839 4240 3840
3 3840 4240 4241
3 3840 4241 3841
3 3841 4241 4242
3 3841 4242 3842
3 3842 4242 4243
3 3842 4243 3843
3 3843 4243 4244
3 3843 4244 3844
3 3844 4244 4245
3 3844 4245 3845
3 3845 4245 4246
3 3845 4246 3846
3 3846 4246 4247
3 3846 4247 3847
3 3847 4247 4248
3 3847 4248 3848
3 3848 4248 4249
3 3848 4249 3849
3 3849 4249 4250
3 3849 4250 3850
3 3850 4250 4251
3 3850 4251 3851
3 3851 4251 4252
3 3851 4252 3852
3 3852 4252 4253
3 3852 4253 3853
3 3853 4253 4254
3 3853 4254 3854
3 3854 4254 4255
3 3854 4255 3855
3 3855 4255 4256
3 3855 4256 3856
3 3856 4256 4257
3 3856 4257 3857
3 3857 4257 4258
3 3857 4258 3858
3 3858 4258 4259
3 3858 4259 3859
3 3859 4259 4260
3 3859 4260 3860
3 3860 4260 4261
3 3860 4261 3861
3 3861 4261 4262
3 3861 4262 3862
3 3862 4262 4263
3 3862 4263 3863
3 3863 4263 4264
3 3863 4264 3864
3 3864 4264 4265
3 3864 4265 3865
3 3865 4265 4266
3 3865 4266 3866
3 3866 4266 4267
3 3866 4267 3867
3 3867 4267 4268
3 3867 4268 3868
3 3868 4268 4269
3 3868 4269 3869
3 3869 4269 4270
3 3869 4270 3870
3 3870 4270 4271
3 3870 4271 3871
3 3871 4271 4272
3 3871 4272 3872
3 3872 4272 4273
3 3872 4273 3873
3 3873 4273 4274
3 3873 4274 3874
3 3874 4274 4275
3 3874 4275 3875
3 3875 4275 4276
3 3875 4276 3876
3 3876 4276 4277
3 3876 4277 3877
3 3877 4277 4278
3 3877 4278 3878
3 3878 4278 4279
3 3878 4279 3879
3 3879 4279 4280
3 3879 4280 3880
3 3880 4280 4281
3 3880 4281 3881
3 3881 4281 4282
3 3881 4282 3882
3 3882 4282 4283
3 3882 4283 3883
3 3883 4283 4284
3 3883 4284 3884
3 3884 4284 4285
3 3884 4285 3885
3 3885 4285 4286
3 3885 4286 3886
3 3886 4286 4287
3 3886 4287 3887
3 3887 4287 4288
3 3887 4288 3888
3 3888 4288 4289
3 3888 4289 3889
3 3889 4289 4290
3 3889 4290 3890
3 3890 4290 4291
3 3890 4291 3891
3 3891 4291 4292
3 3891 4292 3892
3 3892 4292 4293
3 3892 4293 3893
3 3893 4293 4294
3 3893 4294 3894
3 3894 4294 4295
3 3894 4295 3895
3 3895 4295 4296
3 3895 4296 3896
3 3896 4296 4297
3 3896 4297 3897
3 3897 4297 4298
3 3897 4298 3898
3 3898 4298 4299
3 3898 4299 3899
3 3899 4299 4300
3 3899 4300 3900
3 3900 4300 4301
3 3900 4301 3901
3 3901 4301 4302
3 3901 4302 3902
3 3902 4302 4303
3 3902 4303 3903
3 3903 4303 4304
3 3903 4304 3904
3 3904 4304 4305
3 3904 4305 3905
3 3905 4305 4306
3 3905 4306 3906
3 3906 4306 4307
3 3906 4307 3907
3 3907 4307 4308
3 3907 4308 3908
3 3908 4308 4309
3 3908 4309 3909
3 3909 4309 4310
3 3909 4310 3910
3 3910 4310 4311
3 3910 4311 3911
3 3911 4311 4312
3 3911 4312 3912
3 3912 4312 4313
3 3912 4313 3913
3 3913 4313 4314
3 3913 4314 3914
3 3914 4314 4315
3 3914 4315 3915
3 3915 4315 4316
3 3915 4316 3916
3 3916 4316 4317
3 3916 4317 3917
3 3917 4317 4318
3 3917 4318 3918
3 3918 4318 4319
3 3918 4319 3919
3 3919 4319 4320
3 3919 4320 3920
3 3920 4320 4321
3 3920 4321 3921
3 3921 4321 4322
3 3921 4322 3922
3 3922 4322 4323
3 3922 4323 3923
3 3923 4323 4324
3 3923 4324 3924
3 3924 4324 4325
3 3924 4325 3925
3 3925 4325 4326
3 3925 4326 3926
3 3926 4326 4327
3 3926 4327 3927
3 3927 4327 4328
3 3927 4328 3928
3 3928 4328 4329
3 3928 4329 3929
3 3929 4329 4330
3 3929 4330 3930
3 3930 4330 4331
3 3930 4331 3931
3 3931 4331 4332
3 3931 4332 3932
3 3932 4332 4333
3 3932 4333 3933
3 3933 4333 4334
3 3933 4334 3934
3 3934 4334 4335
3 3934 4335 3935
3 3935 4335 4336
3 3935 4336 3936
3 3936 4336 4337
3 3936 4337 3937
3 3937 4337 4338
3 3937 4338 3938
3 3938 4338 4339
3 3938 4339 3939
3 3939 4339 4340
3 3939 4340 3940
3 3940 4340 4341
3 3940 4341 3941
3 3941 4341 4342
3 3941 4342 3942
3 3942 4342 4343
3 3942 4343 3943
3 3943 4343 4344
3 3943 4344 3944
3 3944 4344 4345
3 3944 4345 3945
3 3945 4345 4346
3 3945 4346 3946
3 3946 4346 4347
3 3946 4347 3947
3 3947 4347 4348
3 3947 4348 3948
3 3948 4348 4349
3 3948 4349 3949
3 3949 4349 4350
3 3949 4350 3950
3 3950 4350 4351
3 3950 4351 3951
3 3951 4351 4352
3 3951 4352 3952
3 3952 4352 4353
3 3952 4353 3953
3 3953 4353 4354
3 3953 4354 3954
3 3954 4354 4355
3 3954 4355 3955
3 3955 4355 4356
3 3955 4356 3956
3 3956 4356 4357
3 3956 4357 3957
3 3957 4357 4358
3 3957 4358 3958
3 3958 4358 4359
3 3958 4359 3959
3 3959 4359 4360
3 3959 4360 3960
3 3960 4360 4361
3 3960 4361 3961
3 3961 4361 4362
3 3961 4362 3962
3 3962 4362 4363
3 3962 4363 3963
3 3963 4363 4364
3 3963 4364 3964
3 3964 4364 4365
3 3964 4365 3965
3 3965 4365 4366
3 3965 4366 3966
3 3966 4366 4367
3 3966 4367 3967
3 3967 4367 4368
3 3967 4368 3968
3 3968 4368 4369
3 3968 4369 3969
3 3969 4369 4370
3 3969 4370 3970
3 3970 4370 4371
3 3970 4371 3971
3 3971 4371 4372
3 3971 4372 3972
3 3972 4372 4373
3 3972 4373 3973
3 3973 4373 4374
3 3973 4374 3974
3 3974 4374 4375
3 3974 4375 3975
3 3975 4375 4376
3 3975 4376 3976
3 3976 4376 4377
3 3976 4377 3977
3 3977 4377 4378
3 3977 4378 3978
3 3978 4378 4379
3 3978 4379 3979
3 3979 4379 4380
3 3979 4380 3980
3 3980 4380 4381
3 3980 4381 3981
3 3981 4381 4382
3 3981 4382 3982
3 3982 4382 4383
3 3982 4383 3983
3 3983 4383 4384
3 3983 4384 3984
3 3984 4384 4385
3 3984 4385 3985
3 3985 4385 4386
3 3985 4386 3986
3 3986 4386 4387
3 3986 4387 3987
3 3987 4387 4388
3 3987 4388 3988
3 3988 4388 4389
3 3988 4389 3989
3 3989 4389 4390
3 3989 4390 3990
3 3990 4390 4391
3 3990 4391 3991
3 3991 4391 4392
3 3991 4392 3992
3 3992 4392 4393
3 3992 4393 3993
3 3993 4393 4394
3 3993 4394 3994
3 3994 4394 4395
3 3994 4395 3995
3 3995 4395 4396
3 3995 4396 3996
3 3996 4396 4397
3 3996 4397 3997
3 3997 4397 4398
3 3997 4398 3998
3 3998 4398 4399
3 3998 4399 3999
3 4000 4400 4401
3 4000 4401 4001
3 4001 4401 4402
3 4001 4402 4002
3 4002 4402 4403
3 4002 4403 4003
3 4003 4403 4404
3 4003 4404 4004
3 4004 4404 4405
3 4004 4405 4005
3 4005 4405 4406
3 4005 4406 4006
3 4006 4406 4407
3 4006 4407 4007
3 4007 4407 4408
3 4007 4408 4008
3 4008 4408 4409
3 4008 4409 4009
3 4009 4409 4410
3 4009 4410 4010
3 4010 4410 4411
3 4010 4411 4011
3 4011 4411 4412
3 4011 4412 4012
3 4012 4412 4413
3 4012 4413 4013
3 4013 4413 4414
3 4013 4414 4014
3 4014 4414 4415
3 4014 4415 4015
3 4015 4415 4416
3 4015 4416 4016
3 4016 4416 4417
3 4016 4417 4017
3 4017 4417 4418
3 4017 4418 4018
3 4018 4418 4419
3 4018 4419 4019
3 4019 4419 4420
3 4019 4420 4020
3 4020 4420 4421
3 4020 4421 4021
3 4021 4421 4422
3 4021 4422 4022
3 4022 4422 4423
3 4022 4423 4023
3 4023 4423 4424
3 4023 4424 4024
3 4024 4424 4425
3 4024 4425 4025
3 4025 4425 4426
3 4025 4426 4026
3 4026 4426 4427
3 4026 4427 4027
3 4027 4427 4428
3 4027 4428 4028
3 4028 4428 4429
3 4028 4429 4029
3 4029 4429 4430
3 4029 4430 4030
3 4030 4430 4431
3 4030 4431 4031
3 4031 4431 4432
3 4031 4432 4032
3 4032 4432 4433
3 4032 4433 4033
3 4033 4433 4434
3 4033 4434 4034
3 4034 4434 4435
3 4034 4435 4035
3 4035 4435 4436
3 4035 4436 4036
3 4036 4436 4437
3 4036 4437 4037
3 4037 4437 4438
3 4037 4438 4038
3 4038 4438 4439
3 4038 4439 4039
3 4039 4439 4440
3 4039 4440 4040
3 4040 4440 4441
3 4040 4441 4041
3 4041 4441 4442
3 4041 4442 4042
3 4042 4442 4443
3 4042 4443 4043
3 4043 4443 4444
3 4043 4444 4044
3 4044 4444 4445
3 4044 4445 4045
3 4045 4445 4446
3 4045 4446 4046
3 4046 4446 4447
3 4046 4447 4047
3 4047 4447 4448
3 4047 4448 4048
3 4048 4448 4449
3 4048 4449 4049
3 4049 4449 4450
3 4049 4450 4050
3 4050 4450 4451
3 4050 4451 4051
3 4051 4451 4452
3 4051 4452 4052
3 4052 4452 4453
3 4052 4453 4053
3 4053 4453 4454
3 4053 4454 4054
3 4054 4454 4455
3 4054 4455 4055
3 4055 4455 4456
3 4055 4456 4056
3 4056 4456 4457
3 4056 4457 4057
3 4057 4457 4458
3 4057 4458 4058
3 4058 4458 4459
3 4058 4459 4059
3 4059 4459 4460
3 4059 4460 4060
3 4060 4460 4461
3 4060 4461 4061
3 4061 4461 4462
3 4061 4462 4062
3 4062 4462 4463
3 4062 4463 4063
3 4063 4463 4464
3 4063 4464 4064
3 4064 4464 4465
3 4064 4465 4065
3 4065 4465 4466
3 4065 4466 4066
3 4066 4466 4467
3 4066 4467 4067
3 4067 4467 4468
3 4067 4468 4068
3 4068 4468 4469
3 4068 4469 4069
3 4069 4469 4470
3 4069 4470 4070
3 4070 4470 4471
3 4070 4471 4071
3 4071 4471 4472
3 4071 4472 4072
3 4072 4472 4473
3 4072 4473 4073
3 4073 4473 4474
3 4073 4474 4074
3 4074 4474 4475
3 4074 4475 4075
3 4075 4475 4476
3 4075 4476 4076
3 4076 4476 4477
3 4076 4477 4077
3 4077 4477 4478
3 4077 4478 4078
3 4078 4478 4479
3 4078 4479 4079
3 4079 4479 4480
3 4079 4480 4080
3 4080 4480 4481
3 4080 4481 4081
3 4081 4481 4482
3 4081 4482 4082
3 4082 4482 4483
3 4082 4483 4083
3 4083 4483 4484
3 4083 4484 4084
3 4084 4484 4485
3 4084 4485 4085
3 4085 4485 4486
3 4085 4486 4086
3 4086 4486 4487
3 4086 4487 4087
3 4087 4487 4488
3 4087 4488 4088
3 4088 4488 4489
3 4088 4489 4089
3 4089 4489 4490
3 4089 4490 4090
3 4090 4490 4491
3 4090 4491 4091
3 4091 4491 4492
3 4091 4492 4092
3 4092 4492 4493
3 4092 4493 4093
3 4093 4493 4494
3 4093 4494 4094
3 4094 4494 4495
3 4094 4495 4095
3 4095 4495 4496
3 4095 4496 4096
3 4096 4496 4497
3 4096 4497 4097
3 4097 4497 4498
3 4097 4498 4098
3 4098 4498 4499
3 4098 4499 4099
3 4099 4499 4500
3 4099 4500 4100
3 4100 4500 4501
3 4100 4501 4101
3 4101 4501 4502
3 4101 4502 4102
3 4102 4502 4503
3 4102 4503 4103
3 4103 4503 4504
3 4103 4504 4104
3 4104 4504 4505
3 4104 4505 4105
3 4105 4505 4506
3 4105 4506 4106
3 4106 4506 4507
3 4106 4507 4107
3 4107 4507 4508
3 4107 4508 4108
3 4108 4508 4509
3 4108 4509 4109
3 4109 4509 4510
3 4109 4510 4110
3 4110 4510 4511
3 4110 4511 4111
3 4111 4511 4512
3 4111 4512 4112
3 4112 4512 4513
3 4112 4513 4113
3 4113 4513 4514
3 4113 4514 4114
3 4114 4514 4515
3 4114 4515 4115
3 4115 4515 4516
3 4115 4516 4116
3 4116 4516 4517
3 4116 4517 4117
3 4117 4517 4518
3 4117 4518 4118
3 4118 4518 4519
3 4118 4519 4119
3 4119 4519 4520
3 4119 4520 4120
3 4120 4520 4521
3 4120 4521 4121
3 4121 4521 4522
3 4121 4522 4122
3 4122 4522 4523
3 4122 4523 4123
3 4123 4523 4524
3 4123 4524 4124
3 4124 4524 4525
3 4124 4525 4125
3 4125 4525 4526
3 4125 4526 4126
3 4126 4526 4527
3 4126 4527 4127
3 4127 4527 4528
3 4127 4528 4128
3 4128 4528 4529
3 4128 4529 4129
3 4129 4529 4530
3 4129 4530 4130
3 4130 4530 4531
3 4130 4531 4131
3 4131 4531 4532
3 4131 4532 4132
3 4132 4532 4533
3 4132 4533 4133
3 4133 4533 4534
3 4133 4534 4134
3 4134 4534 4535
3 4134 4535 4135
3 4135 4535 4536
3 4135 4536 4136
3 4136 4536 4537
3 4136 4537 4137
3 4137 4537 4538
3 4137 4538 4138
3 4138 4538 4539
3 4138 4539 4139
3 4139 4539 4540
3 4139 4540 4140
3 4140 4540 4541
3 4140 4541 4141
3 4141 4541 4542
3 4141 4542 4142
3 4142 4542 4543
3 4142 4543 4143
3 4143 4543 4544
3 4143 4544 4144
3 4144 4544 4545
3 4144 4545 4145
3 4145 4545 4546
3 4145 4546 4146
3 4146 4546 4547
3 4146 4547 4147
3 4147 4547 4548
3 4147 4548 4148
3 4148 4548 4549
3 4148 4549 4149
3 4149 4549 4550
3 4149 4550 4150
3 4150 4550 4551
3 4150 4551 4151
3 4151 4551 4552
3 4151 4552 4152
3 4152 4552 4553
3 4152 4553 4153
3 4153 4553 4554
3 4153 4554 4154
3 4154 4554 4555
3 4154 4555 4155
3 4155 4555 4556
3 4155 4556 4156
3 4156 4556 4557
3 4156 4557 4157
3 4157 4557 4558
3 4157 4558 4158
3 4158 4558 4559
3 4158 4559 4159
3 4159 4559 4560
3 4159 4560 4160
3 4160 4560 4561
3 4160 4561 4161
3 4161 4561 4562
3 4161 4562 4162
3 4162 4562 4563
3 4162 4563 4163
3 4163 4563 4564
3 4163 4564 4164
3 4164 4564 4565
3 4164 4565 4165
3 4165 4565 4566
3 4165 4566 4166
3 4166 4566 4567
3 4166 4567 4167
3 4167 4567 4568
3 4167 4568 4168
3 4168 4568 4569
3 4168 4569 4169
3 4169 4569 4570
3 4169 4570 4170
3 4170 4570 4571
3 4170 4571 4171
3 4171 4571 4572
3 4171 4572 4172
3 4172 4572 4573
3 4172 4573 4173
3 4173 4573 4574
3 4173 4574 4174
3 4174 4574 4575
3 4174 4575 4175
3 4175 4575 4576
3 4175 4576 4176
3 4176 4576 4577
3 4176 4577 4177
3 4177 4577 4578
3 4177 4578 4178
3 4178 4578 4579
3 4178 4579 4179
3 4179 4579 4580
3 4179 4580 4180
3 4180 4580 4581
3 4180 4581 4181
3 4181 4581 4582
3 4181 4582 4182
3 4182 4582 4583
3 4182 4583 4183
3 4183 4583 4584
3 4183 4584 4184
3 4184 4584 4585
3 4184 4585 4185
3 4185 4585 4586
3 4185 4586 4186
3 4186 4586 4587
3 4186 4587 4187
3 4187 4587 4588
3 4187 4588 4188
3 4188 4588 4589
3 4188 4589 4189
3 4189 4589 4590
3 4189 4590 4190
3 4190 4590 4591
3 4190 4591 4191
3 4191 4591 4592
3 4191 4592 4192
3 4192 4592 4593
3 4192 4593 4193
3 4193 4593 4594
3 4193 4594 4194
3 4194 4594 4595
3 4194 4595 4195
3 4195 4595 4596
3 4195 4596 4196
3 4196 4596 4597
3 4196 4597 4197
3 4197 4597 4598
3 4197 4598 4198
3 4198 4598 4599
3 4198 4599 4199
3 4199 4599 4600
3 4199 4600 4200
3 4200 4600 4601
3 4200 4601 4201
3 4201 4601 4602
3 4201 4602 4202
3 4202 4602 4603
3 4202 4603 4203
3 4203 4603 4604
3 4203 4604 4204
3 4204 4604 4605
3 4204 4605 4205
3 4205 4605 4606
3 4205 4606 4206
3 4206 4606 4607
3 4206 4607 4207
3 4207 4607 4608
3 4207 4608 4208
3 4208 4608 4609
3 4208 4609 4209
3 4209 4609 4610
3 4209 4610 4210
3 4210 4610 4611
3 4210 4611 4211
3 4211 4611 4612
3 4211 4612 4212
3 4212 4612 4613
3 4212 4613 4213
3 4213 4613 4614
3 4213 4614 4214
3 4214 4614 4615
3 4214 4615 4215
3 4215 4615 4616
3 4215 4616 4216
3 4216 4616 4617
3 4216 4617 4217
3 4217 4617 4618
3 4217 4618 4218
3 4218 4618 4619
3 4218 4619 4219
3 4219 4619 4620
3 4219 4620 4220
3 4220 4620 4621
3 4220 4621 4221
3 4221 4621 4622
3 4221 4622 4222
3 4222 4622 4623
3 4222 4623 4223
3 4223 4623 4624
3 4223 4624 4224
3 4224 4624 4625
3 4224 4625 4225
3 4225 4625 4626
3 4225 4626 4226
3 4226 4626 4627
3 4226 4627 4227
3 4227 4627 4628
3 4227 4628 4228
3 4228 4628 4629
3 4228 4629 4229
3 4229 4629 4630
3 4229 4630 4230
3 4230 4630 4631
3 4230 4631 4231
3 4231 4631 4632
3 4231 4632 4232
3 4232 4632 4633
3 4232 4633 4233
3 4233 4633 4634
3 4233 4634 4234
3 4234 4634 4635
3 4234 4635 4235
3 4235 4635 4636
3 4235 4636 4236
3 4236 4636 4637
3 4236 4637 4237
3 4237 4637 4638
3 4237 4638 4238
3 4238 4638 4639
3 4238 4639 4239
3 4239 4639 4640
3 4239 4640 4240
3 4240 4640 4641
3 4240 4641 4241
3 4241 4641 4642
3 4241 4642 4242
3 4242 4642 4643
3 4242 4643 4243
3 4243 4643 4644
3 4243 4644 4244
3 4244 4644 4645
3 4244 4645 4245
3 4245 4645 4646
3 4245 4646 4246
3 4246 4646 4647
3 4246 4647 4247
3 4247 4647 4648
3 4247 4648 4248
3 4248 4648 4649
3 4248 4649 4249
3 4249 4649 4650
3 4249 4650 4250
3 4250 4650 4651
3 4250 4651 4251
3 4251 4651 4652
3 4251 4652 4252
3 4252 4652 4653
3 4252 4653 4253
3 4253 4653 4654
3 4253 4654 4254
3 4254 4654 4655
3 4254 4655 4255
3 4255 4655 4656
3 4255 4656 4256
3 4256 4656 4657
3 4256 4657 4257
3 4257 4657 4658
3 4257 4658 4258
3 4258 4658 4659
3 4258 4659 4259
3 4259 4659 4660
3 4259 4660 4260
3 4260 4660 4661
3 4260 4661 4261
3 4261 4661 4662
3 4261 4662 4262
3 4262 4662 4663
3 4262 4663 4263
3 4263 4663 4664
3 4263 4664 4264
3 4264 4664 4665
3 4264 4665 4265
3 4265 4665 4666
3 4265 4666 4266
3 4266 4666 4667
3 4266 4667 4267
3 4267 4667 4668
3 4267 4668 4268
3 4268 4668 4669
3 4268 4669 4269
3 4269 4669 4670
3 4269 4670 4270
3 4270 4670 4671
3 4270 4671 4271
3 4271 4671 4672
3 4271 4672 4272
3 4272 4672 4673
3 4272 4673 4273
3 4273 4673 4674
3 4273 4674 4274
3 4274 4674 4675
3 4274 4675 4275
3 4275 4675 4676
3 4275 4676 4276
3 4276 4676 4677
3 4276 4677 4277
3 4277 4677 4678
3 4277 4678 4278
3 4278 4678 4679
3 4278 4679 4279
3 4279 4679 4680
3 4279 4680 4280
3 4280 4680 4681
3 4280 4681 4281
3 4281 4681 4682
3 4281 4682 4282
3 4282 4682 4683
3 4282 4683 4283
3 4283 4683 4684
3 4283 4684 4284
3 4284 4684 4685
3 4284 4685 4285
3 4285 4685 4686
3 4285 4686 4286
3 4286 4686 4687
3 4286 4687 4287
3 4287 4687 4688
3 4287 4688 4288
3 4288 4688 4689
3 4288 4689 4289
3 4289 4689 4690
3 4289 4690 4290
3 4290 4690 4691
3 4290 4691 4291
3 4291 4691 4692
3 4291 4692 4292
3 4292 4692 4693
3 4292 4693 4293
3 4293 4693 4694
3 4293 4694 4294
3 4294 4694 4695
3 4294 4695 4295
3 4295 4695 4696
3 4295 4696 4296
3 4296 4696 4697
3 4296 4697 4297
3 4297 4697 4698
3 4297 4698 4298
3 4298 4698 4699
3 4298 4699 4299
3 4299 4699 4700
3 4299 4700 4300
3 4300 4700 4701
3 4300 4701 4301
3 4301 4701 4702
3 4301 4702 4302
3 4302 4702 4703
3 4302 4703 4303
3 4303 4703 4704
3 4303 4704 4304
3 4304 4704 4705
3 4304 4705 4305
3 4305 4705 4706
3 4305 4706 4306
3 4306 4706 4707
3 4306 4707 4307
3 4307 4707 4708
3 4307 4708 4308
3 4308 4708 4709
3 4308 4709 4309
3 4309 4709 4710
3 4309 4710 4310
3 4310 4710 4711
3 4310 4711 4311
3 4311 4711 4712
3 4311 4712 4312
3 4312 4712 4713
3 4312 4713 4313
3 4313 4713 4714
3 4313 4714 4314
3 4314 4714 4715
3 4314 4715 4315
3 4315 4715 4716
3 4315 4716 4316
3 4316 4716 4717
3 4316 4717 4317
3 4317 4717 4718
3 4317 4718 4318
3 4318 4718 4719
3 4318 4719 4319
3 4319 4719 4720
3 4319 4720 4320
3 4320 4720 4721
3 4320 4721 4321
3 4321 4721 4722
3 4321 4722 4322
3 4322 4722 4723
3 4322 4723 4323
3 4323 4723 4724
3 4323 4724 4324
3 4324 4724 4725
3 4324 4725 4325
3 4325 4725 4726
3 4325 4726 4326
3 4326 4726 4727
3 4326 4727 4327
3 4327 4727 4728
3 4327 4728 4328
3 4328 4728 4729
3 4328 4729 4329
3 4329 4729 4730
3 4329 4730 4330
3 4330 4730 4731
3 4330 4731 4331
3 4331 4731 4732
3 4331 4732 4332
3 4332 4732 4733
3 4332 4733 4333
3 4333 4733 4734
3 4333 4734 4334
3 4334 4734 4735
3 4334 4735 4335
3 4335 4735 4736
3 4335 4736 4336
3 4336 4736 4737
3 4336 4737 4337
3 4337 4737 4738
3 4337 4738 4338
3 4338 4738 4739
3 4338 4739 4339
3 4339 4739 4740
3 4339 4740 4340
3 4340 4740 4741
3 4340 4741 4341
3 4341 4741 4742
3 4341 4742 4342
3 4342 4742 4743
3 4342 4743 4343
3 4343 4743 4744
3 4343 4744 4344
3 4344 4744 4745
3 4344 4745 4345
3 4345 4745 4746
3 4345 4746 4346
3 4346 4746 4747
3 4346 4747 4347
3 4347 4747 4748
3 4347 4748 4348
3 4348 4748 4749
3 4348 4749 4349
3 4349 4749 4750
3 4349 4750 4350
3 4350 4750 4751
3 4350 4751 4351
3 4351 4751 4752
3 4351 4752 4352
3 4352 4752 4753
3 4352 4753 4353
3 4353 4753 4754
3 4353 4754 4354
3 4354 4754 4755
3 4354 4755 4355
3 4355 4755 4756
3 4355 4756 4356
3 4356 4756 4757
3 4356 4757 4357
3 4357 4757 4758
3 4357 4758 4358
3 4358 4758 4759
3 4358 4759 4359
3 4359 4759 4760
3 4359 4760 4360
3 4360 4760 4761
3 4360 4761 4361
3 4361 4761 4762
3 4361 4762 4362
3 4362 4762 4763
3 4362 4763 4363
3 4363 4763 4764
3 4363 4764 4364
3 4364 4764 4765
3 4364 4765 4365
3 4365 4765 4766
3 4365 4766 4366
3 4366 4766 4767
3 4366 4767 4367
3 4367 4767 4768
3 4367 4768 4368
3 4368 4768 4769
3 4368 4769 4369
3 4369 4769 4770
3 4369 4770 4370
3 4370 4770 4771
3 4370 4771 4371
3 4371 4771 4772
3 4371 4772 4372
3 4372 4772 4773
3 4372 4773 4373
3 4373 4773 4774
3 4373 4774 4374
3 4374 4774 4775
3 4374 4775 4375
3 4375 4775 4776
3 4375 4776 4376
3 4376 4776 4777
3 4376 4777 4377
3 4377 4777 4778
3 4377 4778 4378
3 4378 4778 4779
3 4378 4779 4379
3 4379 4779 4780
3 4379 4780 4380
3 4380 4780 4781
3 4380 4781 4381
3 4381 4781 4782
3 4381 4782 4382
3 4382 4782 4783
3 4382 4783 4383
3 4383 4783 4784
3 4383 4784 4384
3 4384 4784 4785
3 4384 4785 4385
3 4385 4785 4786
3 4385 4786 4386
3 4386 4786 4787
3 4386 4787 4387
3 4387 4787 4788
3 4387 4788 4388
3 4388 4788 4789
3 4388 4789 4389
3 4389 4789 4790
3 4389 4790 4390
3 4390 4790 4791
3 4390 4791 4391
3 4391 4791 4792
3 4391 4792 4392
3 4392 4792 4793
3 4392 4793 4393
3 4393 4793 4794
3 4393 4794 4394
3 4394 4794 4795
3 4394 4795 4395
3 4395 4795 4796
3 4395 4796 4396
3 4396 4796 4797
3 4396 4797 4397
3 4397 4797 4798
3 4397 4798 4398
3 4398 4798 4799
3 4398 4799 4399
