X_warped,Y_warped,Z_m,u,timestamp,clip_name
-13581930.022142485,4434051.777095926,1.9861953333333333,0.0,2024-01-11 18:00:46+00:00,walton_lighthouse-2024-01-11-180046Z
-13581928.2926742,4434050.914181397,1.9861953333333333,0.002506265664160401,2024-01-11 18:00:46+00:00,walton_lighthouse-2024-01-11-180046Z
-13581926.538354702,4434050.134200178,1.9861953333333333,0.005012531328320802,2024-01-11 18:00:46+00:00,walton_lighthouse-2024-01-11-180046Z
-13581924.811330345,4434049.263129707,1.9861953333333333,0.007518796992481203,2024-01-11 18:00:46+00:00,walton_lighthouse-2024-01-11-180046Z
-13581923.101849005,4434048.333514848,1.9861953333333333,0.010025062656641603,2024-01-11 18:00:46+00:00,walton_lighthouse-2024-01-11-180046Z
-13581921.364929508,4434047.495466556,1.9861953333333333,0.012531328320802004,2024-01-11 18:00:46+00:00,walton_lighthouse-2024-01-11-180046Z
-13581919.633311912,4434046.639724631,1.9861953333333333,0.015037593984962405,2024-01-11 18:00:46+00:00,walton_lighthouse-2024-01-11-180046Z
-13581917.898319343,4434045.795245623,1.9861953333333333,0.017543859649122806,2024-01-11 18:00:46+00:00,walton_lighthouse-2024-01-11-180046Z
-13581916.16543804,4434044.943720989,1.9861953333333333,0.020050125313283207,2024-01-11 18:00:46+00:00,walton_lighthouse-2024-01-11-180046Z
-13581914.446006555,4434044.047311759,1.9861953333333333,0.022556390977443608,2024-01-11 18:00:46+00:00,walton_lighthouse-2024-01-11-180046Z
-13581912.717071544,4434043.182617627,1.9861953333333333,0.02506265664160401,2024-01-11 18:00:46+00:00,walton_lighthouse-2024-01-11-180046Z
-13581910.99971757,4434042.279275159,1.9861953333333333,0.02756892230576441,2024-01-11 18:00:46+00:00,walton_lighthouse-2024-01-11-180046Z
-13581909.273064096,4434041.406967048,1.9861953333333333,0.03007518796992481,2024-01-11 18:00:46+00:00,walton_lighthouse-2024-01-11-180046Z
-13581907.532840371,4434040.579945561,1.9861953333333333,0.03258145363408521,2024-01-11 18:00:46+00:00,walton_lighthouse-2024-01-11-180046Z
-13581905.814826628,4434039.678804991,1.9861953333333333,0.03508771929824561,2024-01-11 18:00:46+00:00,walton_lighthouse-2024-01-11-180046Z
-13581904.052831182,4434038.924439862,1.9861953333333333,0.03759398496240601,2024-01-11 18:00:46+00:00,walton_lighthouse-2024-01-11-180046Z
-13581902.30268343,4434038.130536668,1.9861953333333333,0.040100250626566414,2024-01-11 18:00:46+00:00,walton_lighthouse-2024-01-11-180046Z
-13581900.564654725,4434037.296189986,1.9861953333333333,0.042606516290726815,2024-01-11 18:00:46+00:00,walton_lighthouse-2024-01-11-180046Z
-13581898.829859884,4434036.451051179,1.9861953333333333,0.045112781954887216,2024-01-11 18:00:46+00:00,walton_lighthouse-2024-01-11-180046Z
-13581897.100008857,4434035.589413862,1.9861953333333333,0.047619047619047616,2024-01-11 18:00:46+00:00,walton_lighthouse-2024-01-11-180046Z
-13581895.36414428,4434034.747845026,1.9861953333333333,0.05012531328320802,2024-01-11 18:00:46+00:00,walton_lighthouse-2024-01-11-180046Z
-13581893.63644063,4434033.879041573,1.9861953333333333,0.05263157894736842,2024-01-11 18:00:46+00:00,walton_lighthouse-2024-01-11-180046Z
-13581891.913653243,4434032.993831568,1.9861953333333333,0.05513784461152882,2024-01-11 18:00:46+00:00,walton_lighthouse-2024-01-11-180046Z
-13581890.192220625,4434032.104100397,1.9861953333333333,0.05764411027568922,2024-01-11 18:00:46+00:00,walton_lighthouse-2024-01-11-180046Z
-13581888.452892693,4434031.2740894,1.9861953333333333,0.06015037593984962,2024-01-11 18:00:46+00:00,walton_lighthouse-2024-01-11-180046Z
-13581886.70360833,4434030.477305048,1.9861953333333333,0.06265664160401002,2024-01-11 18:00:46+00:00,walton_lighthouse-2024-01-11-180046Z
-13581884.940372145,4434029.727080507,1.9861953333333333,0.06516290726817042,2024-01-11 18:00:46+00:00,walton_lighthouse-2024-01-11-180046Z
-13581883.175755847,4434028.981461632,1.9861953333333333,0.06766917293233082,2024-01-11 18:00:46+00:00,walton_lighthouse-2024-01-11-180046Z
-13581881.417518768,4434028.21455413,1.9861953333333333,0.07017543859649122,2024-01-11 18:00:46+00:00,walton_lighthouse-2024-01-11-180046Z
-13581879.678203648,4434027.384500449,1.9861953333333333,0.07268170426065163,2024-01-11 18:00:46+00:00,walton_lighthouse-2024-01-11-180046Z
-13581877.940699551,4434026.548403001,1.9861953333333333,0.07518796992481203,2024-01-11 18:00:46+00:00,walton_lighthouse-2024-01-11-180046Z
-13581876.205509976,4434025.7045814125,1.9861953333333333,0.07769423558897243,2024-01-11 18:00:46+00:00,walton_lighthouse-2024-01-11-180046Z
-13581874.477396728,4434024.837144913,1.9861953333333333,0.08020050125313283,2024-01-11 18:00:46+00:00,walton_lighthouse-2024-01-11-180046Z
-13581872.7195363,4434024.068980459,1.9861953333333333,0.08270676691729323,2024-01-11 18:00:46+00:00,walton_lighthouse-2024-01-11-180046Z
-13581870.952685494,4434023.330818578,1.9861953333333333,0.08521303258145363,2024-01-11 18:00:46+00:00,walton_lighthouse-2024-01-11-180046Z
-13581869.184479564,4434022.597179104,1.9861953333333333,0.08771929824561403,2024-01-11 18:00:46+00:00,walton_lighthouse-2024-01-11-180046Z
-13581867.407846782,4434021.891661648,1.9861953333333333,0.09022556390977443,2024-01-11 18:00:46+00:00,walton_lighthouse-2024-01-11-180046Z
-13581865.628528493,4434021.195106243,1.9861953333333333,0.09273182957393483,2024-01-11 18:00:46+00:00,walton_lighthouse-2024-01-11-180046Z
-13581863.878968004,4434020.399243216,1.9861953333333333,0.09523809523809523,2024-01-11 18:00:46+00:00,walton_lighthouse-2024-01-11-180046Z
-13581862.129093958,4434019.604426654,1.9861953333333333,0.09774436090225563,2024-01-11 18:00:46+00:00,walton_lighthouse-2024-01-11-180046Z
-13581860.367462004,4434018.848848603,1.9861953333333333,0.10025062656641603,2024-01-11 18:00:46+00:00,walton_lighthouse-2024-01-11-180046Z
-13581858.61282206,4434018.069936735,1.9861953333333333,0.10275689223057644,2024-01-11 18:00:46+00:00,walton_lighthouse-2024-01-11-180046Z
-13581856.855879411,4434017.298709411,1.9861953333333333,0.10526315789473684,2024-01-11 18:00:46+00:00,walton_lighthouse-2024-01-11-180046Z
-13581855.07646276,4434016.602482249,1.9861953333333333,0.10776942355889724,2024-01-11 18:00:46+00:00,walton_lighthouse-2024-01-11-180046Z
-13581853.301394312,4434015.891744363,1.9861953333333333,0.11027568922305764,2024-01-11 18:00:46+00:00,walton_lighthouse-2024-01-11-180046Z
-13581851.551235829,4434015.097877059,1.9861953333333333,0.11278195488721804,2024-01-11 18:00:46+00:00,walton_lighthouse-2024-01-11-180046Z
-13581849.78739416,4434014.349673056,1.9861953333333333,0.11528822055137844,2024-01-11 18:00:46+00:00,walton_lighthouse-2024-01-11-180046Z
-13581848.02385825,4434013.6004487965,1.9861953333333333,0.11779448621553884,2024-01-11 18:00:46+00:00,walton_lighthouse-2024-01-11-180046Z
-13581846.255788956,4434012.866353354,1.9861953333333333,0.12030075187969924,2024-01-11 18:00:46+00:00,walton_lighthouse-2024-01-11-180046Z
-13581844.494147126,4434012.110808175,1.9861953333333333,0.12280701754385964,2024-01-11 18:00:46+00:00,walton_lighthouse-2024-01-11-180046Z
-13581842.70664168,4434011.441574865,1.9861953333333333,0.12531328320802004,2024-01-11 18:00:46+00:00,walton_lighthouse-2024-01-11-180046Z
-13581840.934586843,4434010.720779871,1.9861953333333333,0.12781954887218044,2024-01-11 18:00:46+00:00,walton_lighthouse-2024-01-11-180046Z
-13581839.13175808,4434010.102683528,1.9861953333333333,0.13032581453634084,2024-01-11 18:00:46+00:00,walton_lighthouse-2024-01-11-180046Z
-13581837.352370027,4434009.406360931,1.9861953333333333,0.13283208020050125,2024-01-11 18:00:46+00:00,walton_lighthouse-2024-01-11-180046Z
-13581835.60952868,4434008.588074833,1.9861953333333333,0.13533834586466165,2024-01-11 18:00:46+00:00,walton_lighthouse-2024-01-11-180046Z
-13581833.859128416,4434007.795014392,1.9861953333333333,0.13784461152882205,2024-01-11 18:00:46+00:00,walton_lighthouse-2024-01-11-180046Z
-13581832.130665198,4434006.928745766,1.9861953333333333,0.14035087719298245,2024-01-11 18:00:46+00:00,walton_lighthouse-2024-01-11-180046Z
-13581830.361938495,4434006.196844176,1.9861953333333333,0.14285714285714285,2024-01-11 18:00:46+00:00,walton_lighthouse-2024-01-11-180046Z
-13581828.581779825,4434005.503093232,1.9861953333333333,0.14536340852130325,2024-01-11 18:00:46+00:00,walton_lighthouse-2024-01-11-180046Z
-13581826.80442707,4434004.799978447,1.9861953333333333,0.14786967418546365,2024-01-11 18:00:46+00:00,walton_lighthouse-2024-01-11-180046Z
-13581825.021057582,4434004.11694276,1.9861953333333333,0.15037593984962405,2024-01-11 18:00:46+00:00,walton_lighthouse-2024-01-11-180046Z
-13581823.25823521,4434003.365337238,1.9861953333333333,0.15288220551378445,2024-01-11 18:00:46+00:00,walton_lighthouse-2024-01-11-180046Z
-13581821.521093449,4434002.528030523,1.9861953333333333,0.15538847117794485,2024-01-11 18:00:46+00:00,walton_lighthouse-2024-01-11-180046Z
-13581819.784059418,4434001.690364389,1.9861953333333333,0.15789473684210525,2024-01-11 18:00:46+00:00,walton_lighthouse-2024-01-11-180046Z
-13581818.055930125,4434000.82298138,1.9861953333333333,0.16040100250626566,2024-01-11 18:00:46+00:00,walton_lighthouse-2024-01-11-180046Z
-13581816.299657108,4434000.049519391,1.9861953333333333,0.16290726817042606,2024-01-11 18:00:46+00:00,walton_lighthouse-2024-01-11-180046Z
-13581814.536634091,4433999.298583452,1.9861953333333333,0.16541353383458646,2024-01-11 18:00:46+00:00,walton_lighthouse-2024-01-11-180046Z
-13581812.771262491,4433998.555485295,1.9861953333333333,0.16791979949874686,2024-01-11 18:00:46+00:00,walton_lighthouse-2024-01-11-180046Z
-13581811.008938046,4433997.802218133,1.9861953333333333,0.17042606516290726,2024-01-11 18:00:46+00:00,walton_lighthouse-2024-01-11-180046Z
-13581809.266350036,4433996.983086603,1.9861953333333333,0.17293233082706766,2024-01-11 18:00:46+00:00,walton_lighthouse-2024-01-11-180046Z
-13581807.532375654,4433996.135209807,1.9861953333333333,0.17543859649122806,2024-01-11 18:00:46+00:00,walton_lighthouse-2024-01-11-180046Z
-13581805.802393813,4433995.274009122,1.9861953333333333,0.17794486215538846,2024-01-11 18:00:46+00:00,walton_lighthouse-2024-01-11-180046Z
-13581804.070333034,4433994.419746238,1.9861953333333333,0.18045112781954886,2024-01-11 18:00:46+00:00,walton_lighthouse-2024-01-11-180046Z
-13581802.302175757,4433993.685944305,1.9861953333333333,0.18295739348370926,2024-01-11 18:00:46+00:00,walton_lighthouse-2024-01-11-180046Z
-13581800.532803196,4433992.95619808,1.9861953333333333,0.18546365914786966,2024-01-11 18:00:46+00:00,walton_lighthouse-2024-01-11-180046Z
-13581798.77339528,4433992.193197972,1.9861953333333333,0.18796992481203006,2024-01-11 18:00:46+00:00,walton_lighthouse-2024-01-11-180046Z
-13581797.00322451,4433991.466115476,1.9861953333333333,0.19047619047619047,2024-01-11 18:00:46+00:00,walton_lighthouse-2024-01-11-180046Z
-13581795.27933597,4433990.584580189,1.9861953333333333,0.19298245614035087,2024-01-11 18:00:46+00:00,walton_lighthouse-2024-01-11-180046Z
-13581793.542712804,4433989.745542871,1.9861953333333333,0.19548872180451127,2024-01-11 18:00:46+00:00,walton_lighthouse-2024-01-11-180046Z
-13581791.801424315,4433988.922074688,1.9861953333333333,0.19799498746867167,2024-01-11 18:00:46+00:00,walton_lighthouse-2024-01-11-180046Z
-13581790.042066695,4433988.158906684,1.9861953333333333,0.20050125313283207,2024-01-11 18:00:46+00:00,walton_lighthouse-2024-01-11-180046Z
-13581788.264179856,4433987.457574163,1.9861953333333333,0.20300751879699247,2024-01-11 18:00:46+00:00,walton_lighthouse-2024-01-11-180046Z
-13581786.483965063,4433986.764010558,1.9861953333333333,0.20551378446115287,2024-01-11 18:00:46+00:00,walton_lighthouse-2024-01-11-180046Z
-13581784.70611866,4433986.062543231,1.9861953333333333,0.20802005012531327,2024-01-11 18:00:46+00:00,walton_lighthouse-2024-01-11-180046Z
-13581782.96831781,4433985.227436073,1.9861953333333333,0.21052631578947367,2024-01-11 18:00:46+00:00,walton_lighthouse-2024-01-11-180046Z
-13581781.227484504,4433984.402448787,1.9861953333333333,0.21303258145363407,2024-01-11 18:00:46+00:00,walton_lighthouse-2024-01-11-180046Z
-13581779.499654,4433983.534068613,1.9861953333333333,0.21553884711779447,2024-01-11 18:00:46+00:00,walton_lighthouse-2024-01-11-180046Z
-13581777.742360314,4433982.764012884,1.9861953333333333,0.21804511278195488,2024-01-11 18:00:46+00:00,walton_lighthouse-2024-01-11-180046Z
-13581775.983189078,4433982.000222851,1.9861953333333333,0.22055137844611528,2024-01-11 18:00:46+00:00,walton_lighthouse-2024-01-11-180046Z
-13581774.215169497,4433981.265961413,1.9861953333333333,0.22305764411027568,2024-01-11 18:00:46+00:00,walton_lighthouse-2024-01-11-180046Z
-13581772.453955624,4433980.508988078,1.9861953333333333,0.22556390977443608,2024-01-11 18:00:46+00:00,walton_lighthouse-2024-01-11-180046Z
-13581770.693502244,4433979.749476819,1.9861953333333333,0.22807017543859648,2024-01-11 18:00:46+00:00,walton_lighthouse-2024-01-11-180046Z
-13581768.9459028,4433978.9470694745,1.9861953333333333,0.23057644110275688,2024-01-11 18:00:46+00:00,walton_lighthouse-2024-01-11-180046Z
-13581767.19578874,4433978.153053836,1.9861953333333333,0.23308270676691728,2024-01-11 18:00:46+00:00,walton_lighthouse-2024-01-11-180046Z
-13581765.423704198,4433977.432358057,1.9861953333333333,0.23558897243107768,2024-01-11 18:00:46+00:00,walton_lighthouse-2024-01-11-180046Z
-13581763.630296696,4433976.782821113,1.9861953333333333,0.23809523809523808,2024-01-11 18:00:46+00:00,walton_lighthouse-2024-01-11-180046Z
-13581761.84645861,4433976.10134905,1.9861953333333333,0.24060150375939848,2024-01-11 18:00:46+00:00,walton_lighthouse-2024-01-11-180046Z
-13581760.04508348,4433975.478401603,1.9861953333333333,0.24310776942355888,2024-01-11 18:00:46+00:00,walton_lighthouse-2024-01-11-180046Z
-13581758.292533107,4433974.692516502,1.9861953333333333,0.24561403508771928,2024-01-11 18:00:46+00:00,walton_lighthouse-2024-01-11-180046Z
-13581756.544082586,4433973.8929493725,1.9861953333333333,0.24812030075187969,2024-01-11 18:00:46+00:00,walton_lighthouse-2024-01-11-180046Z
-13581754.79630409,4433973.091139501,1.9861953333333333,0.2506265664160401,2024-01-11 18:00:46+00:00,walton_lighthouse-2024-01-11-180046Z
-13581753.03074666,4433972.348661437,1.9861953333333333,0.2531328320802005,2024-01-11 18:00:46+00:00,walton_lighthouse-2024-01-11-180046Z
-13581751.232592832,4433971.714963947,1.9861953333333333,0.2556390977443609,2024-01-11 18:00:46+00:00,walton_lighthouse-2024-01-11-180046Z
-13581749.46459798,4433970.980619993,1.9861953333333333,0.2581453634085213,2024-01-11 18:00:46+00:00,walton_lighthouse-2024-01-11-180046Z
-13581747.70868525,4433970.2059556525,1.9861953333333333,0.2606516290726817,2024-01-11 18:00:46+00:00,walton_lighthouse-2024-01-11-180046Z
-13581745.94657588,4433969.451970735,1.9861953333333333,0.2631578947368421,2024-01-11 18:00:46+00:00,walton_lighthouse-2024-01-11-180046Z
-13581744.192225724,4433968.672091871,1.9861953333333333,0.2656641604010025,2024-01-11 18:00:46+00:00,walton_lighthouse-2024-01-11-180046Z
-13581742.423992353,4433967.938543965,1.9861953333333333,0.2681704260651629,2024-01-11 18:00:46+00:00,walton_lighthouse-2024-01-11-180046Z
-13581740.626358472,4433967.303111156,1.9861953333333333,0.2706766917293233,2024-01-11 18:00:46+00:00,walton_lighthouse-2024-01-11-180046Z
-13581738.848191269,4433966.602714346,1.9861953333333333,0.2731829573934837,2024-01-11 18:00:46+00:00,walton_lighthouse-2024-01-11-180046Z
-13581737.071482014,4433965.897452124,1.9861953333333333,0.2756892230576441,2024-01-11 18:00:46+00:00,walton_lighthouse-2024-01-11-180046Z
-13581735.342455544,4433965.033063168,1.9861953333333333,0.2781954887218045,2024-01-11 18:00:46+00:00,walton_lighthouse-2024-01-11-180046Z
-13581733.575152338,4433964.29641107,1.9861953333333333,0.2807017543859649,2024-01-11 18:00:46+00:00,walton_lighthouse-2024-01-11-180046Z
-13581731.805531714,4433963.567492634,1.9861953333333333,0.2832080200501253,2024-01-11 18:00:46+00:00,walton_lighthouse-2024-01-11-180046Z
-13581730.011704242,4433962.919357235,1.9861953333333333,0.2857142857142857,2024-01-11 18:00:46+00:00,walton_lighthouse-2024-01-11-180046Z
-13581728.200221302,4433962.330141498,1.9861953333333333,0.2882205513784461,2024-01-11 18:00:46+00:00,walton_lighthouse-2024-01-11-180046Z
-13581726.414795987,4433961.653966367,1.9861953333333333,0.2907268170426065,2024-01-11 18:00:46+00:00,walton_lighthouse-2024-01-11-180046Z
-13581724.651290964,4433960.904639048,1.9861953333333333,0.2932330827067669,2024-01-11 18:00:46+00:00,walton_lighthouse-2024-01-11-180046Z
-13581722.887112122,4433960.157560376,1.9861953333333333,0.2957393483709273,2024-01-11 18:00:46+00:00,walton_lighthouse-2024-01-11-180046Z
-13581721.14249508,4433959.345200181,1.9861953333333333,0.2982456140350877,2024-01-11 18:00:46+00:00,walton_lighthouse-2024-01-11-180046Z
-13581719.36065337,4433958.657065858,1.9861953333333333,0.3007518796992481,2024-01-11 18:00:46+00:00,walton_lighthouse-2024-01-11-180046Z
-13581717.576854257,4433957.975463838,1.9861953333333333,0.3032581453634085,2024-01-11 18:00:46+00:00,walton_lighthouse-2024-01-11-180046Z
-13581715.791460456,4433957.299183652,1.9861953333333333,0.3057644110275689,2024-01-11 18:00:46+00:00,walton_lighthouse-2024-01-11-180046Z
-13581714.054168828,4433956.46237709,1.9861953333333333,0.3082706766917293,2024-01-11 18:00:46+00:00,walton_lighthouse-2024-01-11-180046Z
-13581712.310054796,4433955.648338202,1.9861953333333333,0.3107769423558897,2024-01-11 18:00:46+00:00,walton_lighthouse-2024-01-11-180046Z
-13581710.560518889,4433954.852393251,1.9861953333333333,0.3132832080200501,2024-01-11 18:00:46+00:00,walton_lighthouse-2024-01-11-180046Z
-13581708.802778063,4433954.08382966,1.9861953333333333,0.3157894736842105,2024-01-11 18:00:46+00:00,walton_lighthouse-2024-01-11-180046Z
-13581707.031506924,4433953.360419326,1.9861953333333333,0.3182957393483709,2024-01-11 18:00:46+00:00,walton_lighthouse-2024-01-11-180046Z
-13581705.254378626,4433952.656555463,1.9861953333333333,0.3208020050125313,2024-01-11 18:00:46+00:00,walton_lighthouse-2024-01-11-180046Z
-13581703.521230526,4433951.805921223,1.9861953333333333,0.3233082706766917,2024-01-11 18:00:46+00:00,walton_lighthouse-2024-01-11-180046Z
-13581701.792182948,4433950.941602695,1.9861953333333333,0.3258145363408521,2024-01-11 18:00:46+00:00,walton_lighthouse-2024-01-11-180046Z
-13581700.065481683,4433950.069454029,1.9861953333333333,0.3283208020050125,2024-01-11 18:00:46+00:00,walton_lighthouse-2024-01-11-180046Z
-13581698.29923415,4433949.3292789925,1.9861953333333333,0.3308270676691729,2024-01-11 18:00:46+00:00,walton_lighthouse-2024-01-11-180046Z
-13581696.5322479,4433948.591569193,1.9861953333333333,0.3333333333333333,2024-01-11 18:00:46+00:00,walton_lighthouse-2024-01-11-180046Z
-13581694.78001469,4433947.804625619,1.9861953333333333,0.3358395989974937,2024-01-11 18:00:46+00:00,walton_lighthouse-2024-01-11-180046Z
-13581693.041735591,4433946.971114414,1.9861953333333333,0.3383458646616541,2024-01-11 18:00:46+00:00,walton_lighthouse-2024-01-11-180046Z
-13581691.31054386,4433946.113951358,1.9861953333333333,0.3408521303258145,2024-01-11 18:00:46+00:00,walton_lighthouse-2024-01-11-180046Z
-13581689.570067806,4433945.287771935,1.9861953333333333,0.3433583959899749,2024-01-11 18:00:46+00:00,walton_lighthouse-2024-01-11-180046Z
-13581687.815057777,4433944.510095121,1.9861953333333333,0.3458646616541353,2024-01-11 18:00:46+00:00,walton_lighthouse-2024-01-11-180046Z
-13581686.04800152,4433943.772618884,1.9861953333333333,0.3483709273182957,2024-01-11 18:00:46+00:00,walton_lighthouse-2024-01-11-180046Z
-13581684.284369616,4433943.023714965,1.9861953333333333,0.3508771929824561,2024-01-11 18:00:46+00:00,walton_lighthouse-2024-01-11-180046Z
-13581682.539442291,4433942.212390277,1.9861953333333333,0.3533834586466165,2024-01-11 18:00:46+00:00,walton_lighthouse-2024-01-11-180046Z
-13581680.8090171,4433941.35266914,1.9861953333333333,0.3558897243107769,2024-01-11 18:00:46+00:00,walton_lighthouse-2024-01-11-180046Z
-13581679.072529145,4433940.513180526,1.9861953333333333,0.3583959899749373,2024-01-11 18:00:46+00:00,walton_lighthouse-2024-01-11-180046Z
-13581677.286105083,4433939.840338458,1.9861953333333333,0.3609022556390977,2024-01-11 18:00:46+00:00,walton_lighthouse-2024-01-11-180046Z
-13581675.49686968,4433939.176878421,1.9861953333333333,0.3634085213032581,2024-01-11 18:00:46+00:00,walton_lighthouse-2024-01-11-180046Z
-13581673.710984858,4433938.502236808,1.9861953333333333,0.3659147869674185,2024-01-11 18:00:46+00:00,walton_lighthouse-2024-01-11-180046Z
-13581671.95552612,4433937.72605742,1.9861953333333333,0.3684210526315789,2024-01-11 18:00:46+00:00,walton_lighthouse-2024-01-11-180046Z
-13581670.210584974,4433936.914778789,1.9861953333333333,0.37092731829573933,2024-01-11 18:00:46+00:00,walton_lighthouse-2024-01-11-180046Z
-13581668.445661085,4433936.170186516,1.9861953333333333,0.37343358395989973,2024-01-11 18:00:46+00:00,walton_lighthouse-2024-01-11-180046Z
-13581666.666425342,4433935.4733556295,1.9861953333333333,0.37593984962406013,2024-01-11 18:00:46+00:00,walton_lighthouse-2024-01-11-180046Z
-13581664.914968736,4433934.683820345,1.9861953333333333,0.37844611528822053,2024-01-11 18:00:46+00:00,walton_lighthouse-2024-01-11-180046Z
-13581663.152762042,4433933.93016024,1.9861953333333333,0.38095238095238093,2024-01-11 18:00:46+00:00,walton_lighthouse-2024-01-11-180046Z
-13581661.40413262,4433933.13119014,1.9861953333333333,0.38345864661654133,2024-01-11 18:00:46+00:00,walton_lighthouse-2024-01-11-180046Z
-13581659.648926437,4433932.354167961,1.9861953333333333,0.38596491228070173,2024-01-11 18:00:46+00:00,walton_lighthouse-2024-01-11-180046Z
-13581657.902105069,4433931.549163974,1.9861953333333333,0.38847117794486213,2024-01-11 18:00:46+00:00,walton_lighthouse-2024-01-11-180046Z
-13581656.118333995,4433930.867468412,1.9861953333333333,0.39097744360902253,2024-01-11 18:00:46+00:00,walton_lighthouse-2024-01-11-180046Z
-13581654.34377846,4433930.155018782,1.9861953333333333,0.39348370927318294,2024-01-11 18:00:46+00:00,walton_lighthouse-2024-01-11-180046Z
-13581652.573297955,4433929.428969906,1.9861953333333333,0.39598997493734334,2024-01-11 18:00:46+00:00,walton_lighthouse-2024-01-11-180046Z
-13581650.829004228,4433928.61553074,1.9861953333333333,0.39849624060150374,2024-01-11 18:00:46+00:00,walton_lighthouse-2024-01-11-180046Z
-13581649.068573143,4433927.855945094,1.9861953333333333,0.40100250626566414,2024-01-11 18:00:46+00:00,walton_lighthouse-2024-01-11-180046Z
-13581647.285318036,4433927.172527618,1.9861953333333333,0.40350877192982454,2024-01-11 18:00:46+00:00,walton_lighthouse-2024-01-11-180046Z
-13581645.510395115,4433926.461303996,1.9861953333333333,0.40601503759398494,2024-01-11 18:00:46+00:00,walton_lighthouse-2024-01-11-180046Z
-13581643.786598995,4433925.579460299,1.9861953333333333,0.40852130325814534,2024-01-11 18:00:46+00:00,walton_lighthouse-2024-01-11-180046Z
-13581642.05515817,4433924.723128559,1.9861953333333333,0.41102756892230574,2024-01-11 18:00:46+00:00,walton_lighthouse-2024-01-11-180046Z
-13581640.300389234,4433923.944647187,1.9861953333333333,0.41353383458646614,2024-01-11 18:00:46+00:00,walton_lighthouse-2024-01-11-180046Z
-13581638.526827874,4433923.228879755,1.9861953333333333,0.41604010025062654,2024-01-11 18:00:46+00:00,walton_lighthouse-2024-01-11-180046Z
-13581636.745555373,4433922.538845942,1.9861953333333333,0.41854636591478694,2024-01-11 18:00:46+00:00,walton_lighthouse-2024-01-11-180046Z
-13581635.016942749,4433921.673075911,1.9861953333333333,0.42105263157894735,2024-01-11 18:00:46+00:00,walton_lighthouse-2024-01-11-180046Z
-13581633.280342111,4433920.833963412,1.9861953333333333,0.42355889724310775,2024-01-11 18:00:46+00:00,walton_lighthouse-2024-01-11-180046Z
-13581631.544673268,4433919.991741294,1.9861953333333333,0.42606516290726815,2024-01-11 18:00:46+00:00,walton_lighthouse-2024-01-11-180046Z
-13581629.77241741,4433919.271617183,1.9861953333333333,0.42857142857142855,2024-01-11 18:00:46+00:00,walton_lighthouse-2024-01-11-180046Z
-13581627.999399316,4433918.554036849,1.9861953333333333,0.43107769423558895,2024-01-11 18:00:46+00:00,walton_lighthouse-2024-01-11-180046Z
-13581626.22463752,4433917.842275511,1.9861953333333333,0.43358395989974935,2024-01-11 18:00:46+00:00,walton_lighthouse-2024-01-11-180046Z
-13581624.476322932,4433917.042254707,1.9861953333333333,0.43609022556390975,2024-01-11 18:00:46+00:00,walton_lighthouse-2024-01-11-180046Z
-13581622.73374879,4433916.223076948,1.9861953333333333,0.43859649122807015,2024-01-11 18:00:46+00:00,walton_lighthouse-2024-01-11-180046Z
-13581620.934062283,4433915.594494266,1.9861953333333333,0.44110275689223055,2024-01-11 18:00:46+00:00,walton_lighthouse-2024-01-11-180046Z
-13581619.155931428,4433914.893976178,1.9861953333333333,0.44360902255639095,2024-01-11 18:00:46+00:00,walton_lighthouse-2024-01-11-180046Z
-13581617.41587137,4433914.0664083725,1.9861953333333333,0.44611528822055135,2024-01-11 18:00:46+00:00,walton_lighthouse-2024-01-11-180046Z
-13581615.644648602,4433913.34283664,1.9861953333333333,0.44862155388471175,2024-01-11 18:00:46+00:00,walton_lighthouse-2024-01-11-180046Z
-13581613.88430622,4433912.582954978,1.9861953333333333,0.45112781954887216,2024-01-11 18:00:46+00:00,walton_lighthouse-2024-01-11-180046Z
-13581612.073533084,4433911.991370493,1.9861953333333333,0.45363408521303256,2024-01-11 18:00:46+00:00,walton_lighthouse-2024-01-11-180046Z
-13581610.285344336,4433911.324417509,1.9861953333333333,0.45614035087719296,2024-01-11 18:00:46+00:00,walton_lighthouse-2024-01-11-180046Z
-13581608.528266013,4433910.553642991,1.9861953333333333,0.45864661654135336,2024-01-11 18:00:46+00:00,walton_lighthouse-2024-01-11-180046Z
-13581606.759547954,4433909.82171259,1.9861953333333333,0.46115288220551376,2024-01-11 18:00:46+00:00,walton_lighthouse-2024-01-11-180046Z
-13581604.94277755,4433909.250142148,1.9861953333333333,0.46365914786967416,2024-01-11 18:00:46+00:00,walton_lighthouse-2024-01-11-180046Z
-13581603.14498465,4433908.615240068,1.9861953333333333,0.46616541353383456,2024-01-11 18:00:46+00:00,walton_lighthouse-2024-01-11-180046Z
-13581601.36049716,4433907.935935332,1.9861953333333333,0.46867167919799496,2024-01-11 18:00:46+00:00,walton_lighthouse-2024-01-11-180046Z
-13581599.606729452,4433907.154112655,1.9861953333333333,0.47117794486215536,2024-01-11 18:00:46+00:00,walton_lighthouse-2024-01-11-180046Z
-13581597.835323865,4433906.43115099,1.9861953333333333,0.47368421052631576,2024-01-11 18:00:46+00:00,walton_lighthouse-2024-01-11-180046Z
-13581596.04370159,4433905.775656363,1.9861953333333333,0.47619047619047616,2024-01-11 18:00:46+00:00,walton_lighthouse-2024-01-11-180046Z
-13581594.24325952,4433905.149595138,1.9861953333333333,0.47869674185463656,2024-01-11 18:00:46+00:00,walton_lighthouse-2024-01-11-180046Z
-13581592.471172566,4433904.428907376,1.9861953333333333,0.48120300751879697,2024-01-11 18:00:46+00:00,walton_lighthouse-2024-01-11-180046Z
-13581590.693096956,4433903.728204844,1.9861953333333333,0.48370927318295737,2024-01-11 18:00:46+00:00,walton_lighthouse-2024-01-11-180046Z
-13581588.91138061,4433903.039652219,1.9861953333333333,0.48621553884711777,2024-01-11 18:00:46+00:00,walton_lighthouse-2024-01-11-180046Z
-13581587.111413952,4433902.412004447,1.9861953333333333,0.48872180451127817,2024-01-11 18:00:46+00:00,walton_lighthouse-2024-01-11-180046Z
-13581585.342306908,4433901.681372132,1.9861953333333333,0.49122807017543857,2024-01-11 18:00:46+00:00,walton_lighthouse-2024-01-11-180046Z
-13581583.538183575,4433901.067595939,1.9861953333333333,0.49373433583959897,2024-01-11 18:00:46+00:00,walton_lighthouse-2024-01-11-180046Z
-13581581.716270626,4433900.513187154,1.9861953333333333,0.49624060150375937,2024-01-11 18:00:46+00:00,walton_lighthouse-2024-01-11-180046Z
-13581579.890271554,4433899.972414608,1.9861953333333333,0.49874686716791977,2024-01-11 18:00:46+00:00,walton_lighthouse-2024-01-11-180046Z
-13581578.09447606,4433899.330846825,1.9861953333333333,0.5012531328320802,2024-01-11 18:00:46+00:00,walton_lighthouse-2024-01-11-180046Z
-13581576.263564412,4433898.80646842,1.9861953333333333,0.5037593984962405,2024-01-11 18:00:46+00:00,walton_lighthouse-2024-01-11-180046Z
-13581574.431021906,4433898.287532557,1.9861953333333333,0.506265664160401,2024-01-11 18:00:46+00:00,walton_lighthouse-2024-01-11-180046Z
-13581572.6440505,4433897.616517089,1.9861953333333333,0.5087719298245614,2024-01-11 18:00:46+00:00,walton_lighthouse-2024-01-11-180046Z
-13581570.827430377,4433897.044445148,1.9861953333333333,0.5112781954887218,2024-01-11 18:00:46+00:00,walton_lighthouse-2024-01-11-180046Z
-13581568.99949712,4433896.510127261,1.9861953333333333,0.5137844611528821,2024-01-11 18:00:46+00:00,walton_lighthouse-2024-01-11-180046Z
-13581567.197196612,4433895.890267981,1.9861953333333333,0.5162907268170426,2024-01-11 18:00:46+00:00,walton_lighthouse-2024-01-11-180046Z
-13581565.40874893,4433895.224179169,1.9861953333333333,0.518796992481203,2024-01-11 18:00:46+00:00,walton_lighthouse-2024-01-11-180046Z
-13581563.621950202,4433894.552587414,1.9861953333333333,0.5213032581453634,2024-01-11 18:00:46+00:00,walton_lighthouse-2024-01-11-180046Z
-13581561.836227678,4433893.877404148,1.9861953333333333,0.5238095238095237,2024-01-11 18:00:46+00:00,walton_lighthouse-2024-01-11-180046Z
-13581560.06575708,4433893.151322269,1.9861953333333333,0.5263157894736842,2024-01-11 18:00:46+00:00,walton_lighthouse-2024-01-11-180046Z
-13581558.30297341,4433892.399587661,1.9861953333333333,0.5288220551378446,2024-01-11 18:00:46+00:00,walton_lighthouse-2024-01-11-180046Z
-13581556.5244135,4433891.700501411,1.9861953333333333,0.531328320802005,2024-01-11 18:00:46+00:00,walton_lighthouse-2024-01-11-180046Z
-13581554.72418162,4433891.073738649,1.9861953333333333,0.5338345864661653,2024-01-11 18:00:46+00:00,walton_lighthouse-2024-01-11-180046Z
-13581552.964196395,4433890.312665084,1.9861953333333333,0.5363408521303258,2024-01-11 18:00:46+00:00,walton_lighthouse-2024-01-11-180046Z
-13581551.20080826,4433889.56294767,1.9861953333333333,0.5388471177944862,2024-01-11 18:00:46+00:00,walton_lighthouse-2024-01-11-180046Z
-13581549.375250496,4433889.020702316,1.9861953333333333,0.5413533834586466,2024-01-11 18:00:46+00:00,walton_lighthouse-2024-01-11-180046Z
-13581547.55554571,4433888.4589244975,1.9861953333333333,0.5438596491228069,2024-01-11 18:00:46+00:00,walton_lighthouse-2024-01-11-180046Z
-13581545.781754673,4433887.743923583,1.9861953333333333,0.5463659147869674,2024-01-11 18:00:46+00:00,walton_lighthouse-2024-01-11-180046Z
-13581543.992385622,4433887.080909515,1.9861953333333333,0.5488721804511278,2024-01-11 18:00:46+00:00,walton_lighthouse-2024-01-11-180046Z
-13581542.171123791,4433886.52432779,1.9861953333333333,0.5513784461152882,2024-01-11 18:00:46+00:00,walton_lighthouse-2024-01-11-180046Z
-13581540.383675808,4433885.854902758,1.9861953333333333,0.5538847117794485,2024-01-11 18:00:46+00:00,walton_lighthouse-2024-01-11-180046Z
-13581538.57606236,4433885.252773829,1.9861953333333333,0.556390977443609,2024-01-11 18:00:46+00:00,walton_lighthouse-2024-01-11-180046Z
-13581536.808125926,4433884.51823493,1.9861953333333333,0.5588972431077694,2024-01-11 18:00:46+00:00,walton_lighthouse-2024-01-11-180046Z
-13581535.053314123,4433883.739896588,1.9861953333333333,0.5614035087719298,2024-01-11 18:00:46+00:00,walton_lighthouse-2024-01-11-180046Z
-13581533.254084192,4433883.10979019,1.9861953333333333,0.5639097744360901,2024-01-11 18:00:46+00:00,walton_lighthouse-2024-01-11-180046Z
-13581531.486430574,4433882.374307543,1.9861953333333333,0.5664160401002506,2024-01-11 18:00:46+00:00,walton_lighthouse-2024-01-11-180046Z
-13581529.717022918,4433881.6446784455,1.9861953333333333,0.568922305764411,2024-01-11 18:00:46+00:00,walton_lighthouse-2024-01-11-180046Z
-13581527.942556994,4433880.931929695,1.9861953333333333,0.5714285714285714,2024-01-11 18:00:46+00:00,walton_lighthouse-2024-01-11-180046Z
-13581526.207041608,4433880.089195502,1.9861953333333333,0.5739348370927317,2024-01-11 18:00:46+00:00,walton_lighthouse-2024-01-11-180046Z
-13581524.445375742,4433879.333730557,1.9861953333333333,0.5764411027568922,2024-01-11 18:00:46+00:00,walton_lighthouse-2024-01-11-180046Z
-13581522.685589973,4433878.571991354,1.9861953333333333,0.5789473684210527,2024-01-11 18:00:46+00:00,walton_lighthouse-2024-01-11-180046Z
-13581520.94159607,4433877.75755159,1.9861953333333333,0.581453634085213,2024-01-11 18:00:46+00:00,walton_lighthouse-2024-01-11-180046Z
-13581519.194769165,4433876.952566109,1.9861953333333333,0.5839598997493733,2024-01-11 18:00:46+00:00,walton_lighthouse-2024-01-11-180046Z
-13581517.38245109,4433876.366137414,1.9861953333333333,0.5864661654135338,2024-01-11 18:00:46+00:00,walton_lighthouse-2024-01-11-180046Z
-13581515.594325429,4433875.698973911,1.9861953333333333,0.5889724310776943,2024-01-11 18:00:46+00:00,walton_lighthouse-2024-01-11-180046Z
-13581513.853712415,4433874.873251458,1.9861953333333333,0.5914786967418546,2024-01-11 18:00:46+00:00,walton_lighthouse-2024-01-11-180046Z
-13581512.079190984,4433874.160688016,1.9861953333333333,0.593984962406015,2024-01-11 18:00:46+00:00,walton_lighthouse-2024-01-11-180046Z
-13581510.27408512,4433873.550190754,1.9861953333333333,0.5964912280701754,2024-01-11 18:00:46+00:00,walton_lighthouse-2024-01-11-180046Z
-13581508.513492567,4433872.791143927,1.9861953333333333,0.5989974937343359,2024-01-11 18:00:46+00:00,walton_lighthouse-2024-01-11-180046Z
-13581506.769277938,4433871.977440767,1.9861953333333333,0.6015037593984962,2024-01-11 18:00:46+00:00,walton_lighthouse-2024-01-11-180046Z
-13581504.959773714,4433871.381621678,1.9861953333333333,0.6040100250626566,2024-01-11 18:00:46+00:00,walton_lighthouse-2024-01-11-180046Z
-13581503.186436713,4433870.665105586,1.9861953333333333,0.606516290726817,2024-01-11 18:00:46+00:00,walton_lighthouse-2024-01-11-180046Z
-13581501.43794914,4433869.8656620765,1.9861953333333333,0.6090225563909775,2024-01-11 18:00:46+00:00,walton_lighthouse-2024-01-11-180046Z
-13581499.63889129,4433869.234981382,1.9861953333333333,0.6115288220551378,2024-01-11 18:00:46+00:00,walton_lighthouse-2024-01-11-180046Z
-13581497.849785192,4433868.571089813,1.9861953333333333,0.6140350877192982,2024-01-11 18:00:46+00:00,walton_lighthouse-2024-01-11-180046Z
-13581496.100457149,4433867.774451146,1.9861953333333333,0.6165413533834586,2024-01-11 18:00:46+00:00,walton_lighthouse-2024-01-11-180046Z
-13581494.328740353,4433867.052528052,1.9861953333333333,0.6190476190476191,2024-01-11 18:00:46+00:00,walton_lighthouse-2024-01-11-180046Z
-13581492.540432643,4433866.385972062,1.9861953333333333,0.6215538847117794,2024-01-11 18:00:46+00:00,walton_lighthouse-2024-01-11-180046Z
-13581490.783691917,4433865.614070982,1.9861953333333333,0.6240601503759398,2024-01-11 18:00:46+00:00,walton_lighthouse-2024-01-11-180046Z
-13581489.016828911,4433864.875949857,1.9861953333333333,0.6265664160401002,2024-01-11 18:00:46+00:00,walton_lighthouse-2024-01-11-180046Z
-13581487.226009406,4433864.217776217,1.9861953333333333,0.6290726817042607,2024-01-11 18:00:46+00:00,walton_lighthouse-2024-01-11-180046Z
-13581485.480624428,4433863.407978777,1.9861953333333333,0.631578947368421,2024-01-11 18:00:46+00:00,walton_lighthouse-2024-01-11-180046Z
-13581483.731485743,4433862.610708184,1.9861953333333333,0.6340852130325814,2024-01-11 18:00:46+00:00,walton_lighthouse-2024-01-11-180046Z
-13581481.94392877,4433861.941646854,1.9861953333333333,0.6365914786967418,2024-01-11 18:00:46+00:00,walton_lighthouse-2024-01-11-180046Z
-13581480.160691775,4433861.258168894,1.9861953333333333,0.6390977443609023,2024-01-11 18:00:46+00:00,walton_lighthouse-2024-01-11-180046Z
-13581478.413377564,4433860.454809681,1.9861953333333333,0.6416040100250626,2024-01-11 18:00:46+00:00,walton_lighthouse-2024-01-11-180046Z
-13581476.599508742,4433859.873556132,1.9861953333333333,0.644110275689223,2024-01-11 18:00:46+00:00,walton_lighthouse-2024-01-11-180046Z
-13581474.811694833,4433859.205352235,1.9861953333333333,0.6466165413533834,2024-01-11 18:00:46+00:00,walton_lighthouse-2024-01-11-180046Z
-13581473.052730951,4433858.440870184,1.9861953333333333,0.6491228070175439,2024-01-11 18:00:46+00:00,walton_lighthouse-2024-01-11-180046Z
-13581471.273228088,4433857.744930743,1.9861953333333333,0.6516290726817042,2024-01-11 18:00:46+00:00,walton_lighthouse-2024-01-11-180046Z
-13581469.508645006,4433856.999201111,1.9861953333333333,0.6541353383458646,2024-01-11 18:00:46+00:00,walton_lighthouse-2024-01-11-180046Z
-13581467.749942891,4433856.233845533,1.9861953333333333,0.656641604010025,2024-01-11 18:00:46+00:00,walton_lighthouse-2024-01-11-180046Z
-13581465.953186551,4433855.595484234,1.9861953333333333,0.6591478696741855,2024-01-11 18:00:46+00:00,walton_lighthouse-2024-01-11-180046Z
-13581464.187057557,4433854.854913603,1.9861953333333333,0.6616541353383458,2024-01-11 18:00:46+00:00,walton_lighthouse-2024-01-11-180046Z
-13581462.423163865,4433854.10688334,1.9861953333333333,0.6641604010025062,2024-01-11 18:00:46+00:00,walton_lighthouse-2024-01-11-180046Z
-13581460.599263916,4433853.559105575,1.9861953333333333,0.6666666666666666,2024-01-11 18:00:46+00:00,walton_lighthouse-2024-01-11-180046Z
-13581458.818202715,4433852.868366582,1.9861953333333333,0.6691729323308271,2024-01-11 18:00:46+00:00,walton_lighthouse-2024-01-11-180046Z
-13581457.014589569,4433852.252887804,1.9861953333333333,0.6716791979949874,2024-01-11 18:00:46+00:00,walton_lighthouse-2024-01-11-180046Z
-13581455.207285982,4433851.649724787,1.9861953333333333,0.6741854636591478,2024-01-11 18:00:46+00:00,walton_lighthouse-2024-01-11-180046Z
-13581453.44753749,4433850.8878611615,1.9861953333333333,0.6766917293233082,2024-01-11 18:00:46+00:00,walton_lighthouse-2024-01-11-180046Z
-13581451.6430443,4433850.275319259,1.9861953333333333,0.6791979949874687,2024-01-11 18:00:46+00:00,walton_lighthouse-2024-01-11-180046Z
-13581449.88142264,4433849.519706766,1.9861953333333333,0.681704260651629,2024-01-11 18:00:46+00:00,walton_lighthouse-2024-01-11-180046Z
-13581448.152077626,4433848.656380855,1.9861953333333333,0.6842105263157894,2024-01-11 18:00:46+00:00,walton_lighthouse-2024-01-11-180046Z
-13581446.383339137,4433847.924518602,1.9861953333333333,0.6867167919799498,2024-01-11 18:00:46+00:00,walton_lighthouse-2024-01-11-180046Z
-13581444.619502475,4433847.176297969,1.9861953333333333,0.6892230576441103,2024-01-11 18:00:46+00:00,walton_lighthouse-2024-01-11-180046Z
-13581442.905886626,4433846.2604808025,1.9861953333333333,0.6917293233082706,2024-01-11 18:00:46+00:00,walton_lighthouse-2024-01-11-180046Z
-13581441.134763708,4433845.536575855,1.9861953333333333,0.694235588972431,2024-01-11 18:00:46+00:00,walton_lighthouse-2024-01-11-180046Z
-13581439.374060456,4433844.777898416,1.9861953333333333,0.6967418546365914,2024-01-11 18:00:46+00:00,walton_lighthouse-2024-01-11-180046Z
-13581437.643293608,4433843.919317435,1.9861953333333333,0.6992481203007519,2024-01-11 18:00:46+00:00,walton_lighthouse-2024-01-11-180046Z
-13581435.87539776,4433843.184643137,1.9861953333333333,0.7017543859649122,2024-01-11 18:00:46+00:00,walton_lighthouse-2024-01-11-180046Z
-13581434.101371553,4433842.47042703,1.9861953333333333,0.7042606516290726,2024-01-11 18:00:46+00:00,walton_lighthouse-2024-01-11-180046Z
-13581432.336340152,4433841.726193486,1.9861953333333333,0.706766917293233,2024-01-11 18:00:46+00:00,walton_lighthouse-2024-01-11-180046Z
-13581430.526200728,4433841.132494168,1.9861953333333333,0.7092731829573935,2024-01-11 18:00:46+00:00,walton_lighthouse-2024-01-11-180046Z
-13581428.762186237,4433840.384867032,1.9861953333333333,0.7117794486215538,2024-01-11 18:00:46+00:00,walton_lighthouse-2024-01-11-180046Z
-13581426.923563687,4433839.886221432,1.9861953333333333,0.7142857142857142,2024-01-11 18:00:46+00:00,walton_lighthouse-2024-01-11-180046Z
-13581425.11372083,4433839.29153241,1.9861953333333333,0.7167919799498746,2024-01-11 18:00:46+00:00,walton_lighthouse-2024-01-11-180046Z
-13581423.28826588,4433838.748943994,1.9861953333333333,0.7192982456140351,2024-01-11 18:00:46+00:00,walton_lighthouse-2024-01-11-180046Z
-13581421.468997153,4433838.185710947,1.9861953333333333,0.7218045112781954,2024-01-11 18:00:46+00:00,walton_lighthouse-2024-01-11-180046Z
-13581419.641965749,4433837.648383461,1.9861953333333333,0.7243107769423558,2024-01-11 18:00:46+00:00,walton_lighthouse-2024-01-11-180046Z
-13581417.81134369,4433837.12303865,1.9861953333333333,0.7268170426065163,2024-01-11 18:00:46+00:00,walton_lighthouse-2024-01-11-180046Z
-13581415.97185576,4433836.627281004,1.9861953333333333,0.7293233082706767,2024-01-11 18:00:46+00:00,walton_lighthouse-2024-01-11-180046Z
-13581414.137455927,4433836.114543416,1.9861953333333333,0.731829573934837,2024-01-11 18:00:46+00:00,walton_lighthouse-2024-01-11-180046Z
-13581412.291349288,4433835.640873663,1.9861953333333333,0.7343358395989974,2024-01-11 18:00:46+00:00,walton_lighthouse-2024-01-11-180046Z
-13581410.470767546,4433835.082022379,1.9861953333333333,0.7368421052631579,2024-01-11 18:00:46+00:00,walton_lighthouse-2024-01-11-180046Z
-13581408.61333928,4433834.646135107,1.9861953333333333,0.7393483709273183,2024-01-11 18:00:46+00:00,walton_lighthouse-2024-01-11-180046Z
-13581406.805834012,4433834.043645136,1.9861953333333333,0.7418546365914787,2024-01-11 18:00:46+00:00,walton_lighthouse-2024-01-11-180046Z
-13581404.9442641,4433833.621579356,1.9861953333333333,0.744360902255639,2024-01-11 18:00:46+00:00,walton_lighthouse-2024-01-11-180046Z
-13581403.11328001,4433833.097442701,1.9861953333333333,0.7468671679197995,2024-01-11 18:00:46+00:00,walton_lighthouse-2024-01-11-180046Z
-13581401.25984244,4433832.648237701,1.9861953333333333,0.7493734335839599,2024-01-11 18:00:46+00:00,walton_lighthouse-2024-01-11-180046Z
-13581399.421185212,4433832.14970786,1.9861953333333333,0.7518796992481203,2024-01-11 18:00:46+00:00,walton_lighthouse-2024-01-11-180046Z
-13581397.589416036,4433831.628191236,1.9861953333333333,0.7543859649122806,2024-01-11 18:00:46+00:00,walton_lighthouse-2024-01-11-180046Z
-13581395.748029478,4433831.138769648,1.9861953333333333,0.7568922305764411,2024-01-11 18:00:46+00:00,walton_lighthouse-2024-01-11-180046Z
-13581393.95243064,4433830.4965455895,1.9861953333333333,0.7593984962406015,2024-01-11 18:00:46+00:00,walton_lighthouse-2024-01-11-180046Z
-13581392.127562536,4433829.95199877,1.9861953333333333,0.7619047619047619,2024-01-11 18:00:46+00:00,walton_lighthouse-2024-01-11-180046Z
-13581390.345168749,4433829.265706884,1.9861953333333333,0.7644110275689222,2024-01-11 18:00:46+00:00,walton_lighthouse-2024-01-11-180046Z
-13581388.52618866,4433828.701510563,1.9861953333333333,0.7669172932330827,2024-01-11 18:00:46+00:00,walton_lighthouse-2024-01-11-180046Z
-13581386.74104631,4433828.024391192,1.9861953333333333,0.7694235588972431,2024-01-11 18:00:46+00:00,walton_lighthouse-2024-01-11-180046Z
-13581384.918679358,4433827.471497521,1.9861953333333333,0.7719298245614035,2024-01-11 18:00:46+00:00,walton_lighthouse-2024-01-11-180046Z
-13581383.116706036,4433826.850546338,1.9861953333333333,0.7744360902255638,2024-01-11 18:00:46+00:00,walton_lighthouse-2024-01-11-180046Z
-13581381.283449244,4433826.333994152,1.9861953333333333,0.7769423558897243,2024-01-11 18:00:46+00:00,walton_lighthouse-2024-01-11-180046Z
-13581379.447087238,4433825.827804714,1.9861953333333333,0.7794486215538847,2024-01-11 18:00:46+00:00,walton_lighthouse-2024-01-11-180046Z
-13581377.632599892,4433825.24861526,1.9861953333333333,0.7819548872180451,2024-01-11 18:00:46+00:00,walton_lighthouse-2024-01-11-180046Z
-13581375.776793215,4433824.807316409,1.9861953333333333,0.7844611528822054,2024-01-11 18:00:46+00:00,walton_lighthouse-2024-01-11-180046Z
-13581373.94944565,4433824.271044023,1.9861953333333333,0.7869674185463659,2024-01-11 18:00:46+00:00,walton_lighthouse-2024-01-11-180046Z
-13581372.097531645,4433823.8167546,1.9861953333333333,0.7894736842105263,2024-01-11 18:00:46+00:00,walton_lighthouse-2024-01-11-180046Z
-13581370.25016543,4433823.347288315,1.9861953333333333,0.7919799498746867,2024-01-11 18:00:46+00:00,walton_lighthouse-2024-01-11-180046Z
-13581368.447199913,4433822.729648263,1.9861953333333333,0.794486215538847,2024-01-11 18:00:46+00:00,walton_lighthouse-2024-01-11-180046Z
-13581366.621571574,4433822.187638473,1.9861953333333333,0.7969924812030075,2024-01-11 18:00:46+00:00,walton_lighthouse-2024-01-11-180046Z
-13581364.775847591,4433821.712691768,1.9861953333333333,0.7994987468671679,2024-01-11 18:00:46+00:00,walton_lighthouse-2024-01-11-180046Z
-13581362.933316402,4433821.227090052,1.9861953333333333,0.8020050125313283,2024-01-11 18:00:46+00:00,walton_lighthouse-2024-01-11-180046Z
-13581361.065824617,4433820.824786687,1.9861953333333333,0.8045112781954886,2024-01-11 18:00:46+00:00,walton_lighthouse-2024-01-11-180046Z
-13581359.16211413,4433820.543352151,1.9861953333333333,0.8070175438596491,2024-01-11 18:00:46+00:00,walton_lighthouse-2024-01-11-180046Z
-13581357.275552915,4433820.204687201,1.9861953333333333,0.8095238095238095,2024-01-11 18:00:46+00:00,walton_lighthouse-2024-01-11-180046Z
-13581355.38825715,4433819.8684735885,1.9861953333333333,0.8120300751879699,2024-01-11 18:00:46+00:00,walton_lighthouse-2024-01-11-180046Z
-13581353.512002032,4433819.4954151325,1.9861953333333333,0.8145363408521302,2024-01-11 18:00:46+00:00,walton_lighthouse-2024-01-11-180046Z
-13581351.633168362,4433819.130961848,1.9861953333333333,0.8170426065162907,2024-01-11 18:00:46+00:00,walton_lighthouse-2024-01-11-180046Z
-13581349.76608353,4433818.727300432,1.9861953333333333,0.8195488721804511,2024-01-11 18:00:46+00:00,walton_lighthouse-2024-01-11-180046Z
-13581347.909269378,4433818.289363747,1.9861953333333333,0.8220551378446115,2024-01-11 18:00:46+00:00,walton_lighthouse-2024-01-11-180046Z
-13581346.08336842,4433817.748263721,1.9861953333333333,0.8245614035087718,2024-01-11 18:00:46+00:00,walton_lighthouse-2024-01-11-180046Z
-13581344.283358175,4433817.1207613535,1.9861953333333333,0.8270676691729323,2024-01-11 18:00:46+00:00,walton_lighthouse-2024-01-11-180046Z
-13581342.4781057,4433816.51075339,1.9861953333333333,0.8295739348370927,2024-01-11 18:00:46+00:00,walton_lighthouse-2024-01-11-180046Z
-13581340.676223902,4433815.889496777,1.9861953333333333,0.8320802005012531,2024-01-11 18:00:46+00:00,walton_lighthouse-2024-01-11-180046Z
-13581338.8751366,4433815.265588759,1.9861953333333333,0.8345864661654134,2024-01-11 18:00:46+00:00,walton_lighthouse-2024-01-11-180046Z
-13581337.07641603,4433814.633782535,1.9861953333333333,0.8370927318295739,2024-01-11 18:00:46+00:00,walton_lighthouse-2024-01-11-180046Z
-13581335.24784962,4433814.101577665,1.9861953333333333,0.8395989974937343,2024-01-11 18:00:46+00:00,walton_lighthouse-2024-01-11-180046Z
-13581333.431842104,4433813.527461313,1.9861953333333333,0.8421052631578947,2024-01-11 18:00:46+00:00,walton_lighthouse-2024-01-11-180046Z
-13581331.63429891,4433812.891725926,1.9861953333333333,0.844611528822055,2024-01-11 18:00:46+00:00,walton_lighthouse-2024-01-11-180046Z
-13581329.853897678,4433812.198784526,1.9861953333333333,0.8471177944862155,2024-01-11 18:00:46+00:00,walton_lighthouse-2024-01-11-180046Z
-13581328.119203528,4433811.353309717,1.9861953333333333,0.849624060150376,2024-01-11 18:00:46+00:00,walton_lighthouse-2024-01-11-180046Z
-13581326.368537333,4433810.561136678,1.9861953333333333,0.8521303258145363,2024-01-11 18:00:46+00:00,walton_lighthouse-2024-01-11-180046Z
-13581324.620739836,4433809.759390264,1.9861953333333333,0.8546365914786966,2024-01-11 18:00:46+00:00,walton_lighthouse-2024-01-11-180046Z
-13581322.869539527,4433808.968999719,1.9861953333333333,0.8571428571428571,2024-01-11 18:00:46+00:00,walton_lighthouse-2024-01-11-180046Z
-13581321.125137828,4433808.155920881,1.9861953333333333,0.8596491228070176,2024-01-11 18:00:46+00:00,walton_lighthouse-2024-01-11-180046Z
-13581319.371109003,4433807.374969602,1.9861953333333333,0.8621553884711779,2024-01-11 18:00:46+00:00,walton_lighthouse-2024-01-11-180046Z
-13581317.568718323,4433806.755411226,1.9861953333333333,0.8646616541353382,2024-01-11 18:00:46+00:00,walton_lighthouse-2024-01-11-180046Z
-13581315.75561615,4433806.17159921,1.9861953333333333,0.8671679197994987,2024-01-11 18:00:46+00:00,walton_lighthouse-2024-01-11-180046Z
-13581313.970210856,4433805.495357311,1.9861953333333333,0.8696741854636592,2024-01-11 18:00:46+00:00,walton_lighthouse-2024-01-11-180046Z
-13581312.200068465,4433804.768180134,1.9861953333333333,0.8721804511278195,2024-01-11 18:00:46+00:00,walton_lighthouse-2024-01-11-180046Z
-13581310.430646688,4433804.038598146,1.9861953333333333,0.8746867167919798,2024-01-11 18:00:46+00:00,walton_lighthouse-2024-01-11-180046Z
-13581308.707286973,4433803.155298132,1.9861953333333333,0.8771929824561403,2024-01-11 18:00:46+00:00,walton_lighthouse-2024-01-11-180046Z
-13581306.973116525,4433802.308075619,1.9861953333333333,0.8796992481203008,2024-01-11 18:00:46+00:00,walton_lighthouse-2024-01-11-180046Z
-13581305.22537908,4433801.506128773,1.9861953333333333,0.8822055137844611,2024-01-11 18:00:46+00:00,walton_lighthouse-2024-01-11-180046Z
-13581303.4760061,4433800.709640066,1.9861953333333333,0.8847117794486214,2024-01-11 18:00:46+00:00,walton_lighthouse-2024-01-11-180046Z
-13581301.68148563,4433800.063817312,1.9861953333333333,0.8872180451127819,2024-01-11 18:00:46+00:00,walton_lighthouse-2024-01-11-180046Z
-13581299.86927715,4433799.47702283,1.9861953333333333,0.8897243107769424,2024-01-11 18:00:46+00:00,walton_lighthouse-2024-01-11-180046Z
-13581298.0343455,4433798.96605997,1.9861953333333333,0.8922305764411027,2024-01-11 18:00:46+00:00,walton_lighthouse-2024-01-11-180046Z
-13581296.19297363,4433798.47658939,1.9861953333333333,0.894736842105263,2024-01-11 18:00:46+00:00,walton_lighthouse-2024-01-11-180046Z
-13581294.355371376,4433797.9745389,1.9861953333333333,0.8972431077694235,2024-01-11 18:00:46+00:00,walton_lighthouse-2024-01-11-180046Z
-13581292.544320377,4433797.383881705,1.9861953333333333,0.899749373433584,2024-01-11 18:00:46+00:00,walton_lighthouse-2024-01-11-180046Z
-13581290.743144255,4433796.760270077,1.9861953333333333,0.9022556390977443,2024-01-11 18:00:46+00:00,walton_lighthouse-2024-01-11-180046Z
-13581288.897156624,4433796.286203199,1.9861953333333333,0.9047619047619047,2024-01-11 18:00:46+00:00,walton_lighthouse-2024-01-11-180046Z
-13581287.019158522,4433795.918961479,1.9861953333333333,0.9072681704260651,2024-01-11 18:00:46+00:00,walton_lighthouse-2024-01-11-180046Z
-13581285.156126432,4433795.501775259,1.9861953333333333,0.9097744360902256,2024-01-11 18:00:46+00:00,walton_lighthouse-2024-01-11-180046Z
-13581283.273476182,4433795.150058628,1.9861953333333333,0.9122807017543859,2024-01-11 18:00:46+00:00,walton_lighthouse-2024-01-11-180046Z
-13581281.416600969,4433794.712325696,1.9861953333333333,0.9147869674185463,2024-01-11 18:00:46+00:00,walton_lighthouse-2024-01-11-180046Z
-13581279.565403,4433794.255646741,1.9861953333333333,0.9172932330827067,2024-01-11 18:00:46+00:00,walton_lighthouse-2024-01-11-180046Z
-13581277.764482828,4433793.631181,1.9861953333333333,0.9197994987468672,2024-01-11 18:00:46+00:00,walton_lighthouse-2024-01-11-180046Z
-13581275.960662782,4433793.016392681,1.9861953333333333,0.9223057644110275,2024-01-11 18:00:46+00:00,walton_lighthouse-2024-01-11-180046Z
-13581274.150829716,4433792.42167103,1.9861953333333333,0.9248120300751879,2024-01-11 18:00:46+00:00,walton_lighthouse-2024-01-11-180046Z
-13581272.288511712,4433792.002101747,1.9861953333333333,0.9273182957393483,2024-01-11 18:00:46+00:00,walton_lighthouse-2024-01-11-180046Z
-13581270.397569628,4433791.678056576,1.9861953333333333,0.9298245614035088,2024-01-11 18:00:46+00:00,walton_lighthouse-2024-01-11-180046Z
-13581268.544114787,4433791.2289092,1.9861953333333333,0.9323308270676691,2024-01-11 18:00:46+00:00,walton_lighthouse-2024-01-11-180046Z
-13581266.67986203,4433790.815796613,1.9861953333333333,0.9348370927318295,2024-01-11 18:00:46+00:00,walton_lighthouse-2024-01-11-180046Z
-13581264.841193303,4433790.317305125,1.9861953333333333,0.9373433583959899,2024-01-11 18:00:46+00:00,walton_lighthouse-2024-01-11-180046Z
-13581264.841193303,4433790.317305125,1.9861953333333333,0.9398496240601504,2024-01-11 18:00:46+00:00,walton_lighthouse-2024-01-11-180046Z
-13581264.841193303,4433790.317305125,1.9861953333333333,0.9423558897243107,2024-01-11 18:00:46+00:00,walton_lighthouse-2024-01-11-180046Z
-13581264.841193303,4433790.317305125,1.9861953333333333,0.9448621553884711,2024-01-11 18:00:46+00:00,walton_lighthouse-2024-01-11-180046Z
-13581264.841193303,4433790.317305125,1.9861953333333333,0.9473684210526315,2024-01-11 18:00:46+00:00,walton_lighthouse-2024-01-11-180046Z
-13581264.841193303,4433790.317305125,1.9861953333333333,0.949874686716792,2024-01-11 18:00:46+00:00,walton_lighthouse-2024-01-11-180046Z
-13581264.841193303,4433790.317305125,1.9861953333333333,0.9523809523809523,2024-01-11 18:00:46+00:00,walton_lighthouse-2024-01-11-180046Z
-13581264.841193303,4433790.317305125,1.9861953333333333,0.9548872180451127,2024-01-11 18:00:46+00:00,walton_lighthouse-2024-01-11-180046Z
-13581264.841193303,4433790.317305125,1.9861953333333333,0.9573934837092731,2024-01-11 18:00:46+00:00,walton_lighthouse-2024-01-11-180046Z
-13581264.841193303,4433790.317305125,1.9861953333333333,0.9598997493734336,2024-01-11 18:00:46+00:00,walton_lighthouse-2024-01-11-180046Z
-13581264.841193303,4433790.317305125,1.9861953333333333,0.9624060150375939,2024-01-11 18:00:46+00:00,walton_lighthouse-2024-01-11-180046Z
-13581264.841193303,4433790.317305125,1.9861953333333333,0.9649122807017543,2024-01-11 18:00:46+00:00,walton_lighthouse-2024-01-11-180046Z
-13581264.841193303,4433790.317305125,1.9861953333333333,0.9674185463659147,2024-01-11 18:00:46+00:00,walton_lighthouse-2024-01-11-180046Z
-13581264.841193303,4433790.317305125,1.9861953333333333,0.9699248120300752,2024-01-11 18:00:46+00:00,walton_lighthouse-2024-01-11-180046Z
-13581264.841193303,4433790.317305125,1.9861953333333333,0.9724310776942355,2024-01-11 18:00:46+00:00,walton_lighthouse-2024-01-11-180046Z
-13581264.841193303,4433790.317305125,1.9861953333333333,0.9749373433583959,2024-01-11 18:00:46+00:00,walton_lighthouse-2024-01-11-180046Z
-13581264.841193303,4433790.317305125,1.9861953333333333,0.9774436090225563,2024-01-11 18:00:46+00:00,walton_lighthouse-2024-01-11-180046Z
-13581264.841193303,4433790.317305125,1.9861953333333333,0.9799498746867168,2024-01-11 18:00:46+00:00,walton_lighthouse-2024-01-11-180046Z
-13581264.841193303,4433790.317305125,1.9861953333333333,0.9824561403508771,2024-01-11 18:00:46+00:00,walton_lighthouse-2024-01-11-180046Z
-13581264.841193303,4433790.317305125,1.9861953333333333,0.9849624060150375,2024-01-11 18:00:46+00:00,walton_lighthouse-2024-01-11-180046Z
-13581264.841193303,4433790.317305125,1.9861953333333333,0.9874686716791979,2024-01-11 18:00:46+00:00,walton_lighthouse-2024-01-11-180046Z
-13581264.841193303,4433790.317305125,1.9861953333333333,0.9899749373433584,2024-01-11 18:00:46+00:00,walton_lighthouse-2024-01-11-180046Z
-13581264.841193303,4433790.317305125,1.9861953333333333,0.9924812030075187,2024-01-11 18:00:46+00:00,walton_lighthouse-2024-01-11-180046Z
-13581264.841193303,4433790.317305125,1.9861953333333333,0.9949874686716791,2024-01-11 18:00:46+00:00,walton_lighthouse-2024-01-11-180046Z
-13581264.841193303,4433790.317305125,1.9861953333333333,0.9974937343358395,2024-01-11 18:00:46+00:00,walton_lighthouse-2024-01-11-180046Z
-13581264.841193303,4433790.317305125,1.9861953333333333,1.0,2024-01-11 18:00:46+00:00,walton_lighthouse-2024-01-11-180046Z
-13581928.039841823,4434058.392417674,1.8893028,0.0,2024-01-11 18:30:46+00:00,walton_lighthouse-2024-01-11-183046Z
-13581926.349350868,4434057.399428251,1.8893028,0.002506265664160401,2024-01-11 18:30:46+00:00,walton_lighthouse-2024-01-11-183046Z
-13581924.663285492,4434056.391669782,1.8893028,0.005012531328320802,2024-01-11 18:30:46+00:00,walton_lighthouse-2024-01-11-183046Z
-13581922.97551969,4434055.389585891,1.8893028,0.007518796992481203,2024-01-11 18:30:46+00:00,walton_lighthouse-2024-01-11-183046Z
-13581921.293808164,4434054.367297782,1.8893028,0.010025062656641603,2024-01-11 18:30:46+00:00,walton_lighthouse-2024-01-11-183046Z
-13581919.628989937,4434053.28863357,1.8893028,0.012531328320802004,2024-01-11 18:30:46+00:00,walton_lighthouse-2024-01-11-183046Z
-13581917.948062127,4434052.263730004,1.8893028,0.015037593984962405,2024-01-11 18:30:46+00:00,walton_lighthouse-2024-01-11-183046Z
-13581916.272636477,4434051.220464638,1.8893028,0.017543859649122806,2024-01-11 18:30:46+00:00,walton_lighthouse-2024-01-11-183046Z
-13581914.592736691,4434050.192130394,1.8893028,0.020050125313283207,2024-01-11 18:30:46+00:00,walton_lighthouse-2024-01-11-183046Z
-13581912.91284807,4434049.163758972,1.8893028,0.022556390977443608,2024-01-11 18:30:46+00:00,walton_lighthouse-2024-01-11-183046Z
-13581911.210885083,4434048.209053946,1.8893028,0.02506265664160401,2024-01-11 18:30:46+00:00,walton_lighthouse-2024-01-11-183046Z
-13581909.512611698,4434047.242035863,1.8893028,0.02756892230576441,2024-01-11 18:30:46+00:00,walton_lighthouse-2024-01-11-183046Z
-13581907.807982108,4434046.296229784,1.8893028,0.03007518796992481,2024-01-11 18:30:46+00:00,walton_lighthouse-2024-01-11-183046Z
-13581906.10598835,4434045.341627482,1.8893028,0.03258145363408521,2024-01-11 18:30:46+00:00,walton_lighthouse-2024-01-11-183046Z
-13581904.391889146,4434044.42742334,1.8893028,0.03508771929824561,2024-01-11 18:30:46+00:00,walton_lighthouse-2024-01-11-183046Z
-13581902.688192395,4434043.478504152,1.8893028,0.03759398496240601,2024-01-11 18:30:46+00:00,walton_lighthouse-2024-01-11-183046Z
-13581900.99617331,4434042.490614324,1.8893028,0.040100250626566414,2024-01-11 18:30:46+00:00,walton_lighthouse-2024-01-11-183046Z
-13581899.31287239,4434041.473630403,1.8893028,0.042606516290726815,2024-01-11 18:30:46+00:00,walton_lighthouse-2024-01-11-183046Z
-13581897.631231494,4434040.451106581,1.8893028,0.045112781954887216,2024-01-11 18:30:46+00:00,walton_lighthouse-2024-01-11-183046Z
-13581895.928638356,4434039.498504397,1.8893028,0.047619047619047616,2024-01-11 18:30:46+00:00,walton_lighthouse-2024-01-11-183046Z
-13581894.23978419,4434038.500052697,1.8893028,0.05012531328320802,2024-01-11 18:30:46+00:00,walton_lighthouse-2024-01-11-183046Z
-13581892.526275992,4434037.583876271,1.8893028,0.05263157894736842,2024-01-11 18:30:46+00:00,walton_lighthouse-2024-01-11-183046Z
-13581890.799732557,4434036.711200945,1.8893028,0.05513784461152882,2024-01-11 18:30:46+00:00,walton_lighthouse-2024-01-11-183046Z
-13581889.079675913,4434035.816877857,1.8893028,0.05764411027568922,2024-01-11 18:30:46+00:00,walton_lighthouse-2024-01-11-183046Z
-13581887.36785365,4434034.895075114,1.8893028,0.06015037593984962,2024-01-11 18:30:46+00:00,walton_lighthouse-2024-01-11-183046Z
-13581885.655230084,4434033.975946588,1.8893028,0.06265664160401002,2024-01-11 18:30:46+00:00,walton_lighthouse-2024-01-11-183046Z
-13581883.964561284,4434032.983550586,1.8893028,0.06516290726817042,2024-01-11 18:30:46+00:00,walton_lighthouse-2024-01-11-183046Z
-13581882.274027642,4434031.990703529,1.8893028,0.06766917293233082,2024-01-11 18:30:46+00:00,walton_lighthouse-2024-01-11-183046Z
-13581880.586509995,4434030.987791563,1.8893028,0.07017543859649122,2024-01-11 18:30:46+00:00,walton_lighthouse-2024-01-11-183046Z
-13581878.89798489,4434029.988241759,1.8893028,0.07268170426065163,2024-01-11 18:30:46+00:00,walton_lighthouse-2024-01-11-183046Z
-13581877.194184303,4434029.039669168,1.8893028,0.07518796992481203,2024-01-11 18:30:46+00:00,walton_lighthouse-2024-01-11-183046Z
-13581875.463373212,4434028.181235719,1.8893028,0.07769423558897243,2024-01-11 18:30:46+00:00,walton_lighthouse-2024-01-11-183046Z
-13581873.727284366,4434027.340415339,1.8893028,0.08020050125313283,2024-01-11 18:30:46+00:00,walton_lighthouse-2024-01-11-183046Z
-13581871.98795668,4434026.510403526,1.8893028,0.08270676691729323,2024-01-11 18:30:46+00:00,walton_lighthouse-2024-01-11-183046Z
-13581870.25680372,4434025.65311101,1.8893028,0.08521303258145363,2024-01-11 18:30:46+00:00,walton_lighthouse-2024-01-11-183046Z
-13581868.529117456,4434024.784249557,1.8893028,0.08771929824561403,2024-01-11 18:30:46+00:00,walton_lighthouse-2024-01-11-183046Z
-13581866.817402262,4434023.862089526,1.8893028,0.09022556390977443,2024-01-11 18:30:46+00:00,walton_lighthouse-2024-01-11-183046Z
-13581865.11310679,4434022.915168422,1.8893028,0.09273182957393483,2024-01-11 18:30:46+00:00,walton_lighthouse-2024-01-11-183046Z
-13581863.399022091,4434022.000915802,1.8893028,0.09523809523809523,2024-01-11 18:30:46+00:00,walton_lighthouse-2024-01-11-183046Z
-13581861.69624002,4434021.048944198,1.8893028,0.09774436090225563,2024-01-11 18:30:46+00:00,walton_lighthouse-2024-01-11-183046Z
-13581859.948892858,4434020.245695028,1.8893028,0.10025062656641603,2024-01-11 18:30:46+00:00,walton_lighthouse-2024-01-11-183046Z
-13581858.195295883,4434019.463302552,1.8893028,0.10275689223057644,2024-01-11 18:30:46+00:00,walton_lighthouse-2024-01-11-183046Z
-13581856.450849136,4434018.650373992,1.8893028,0.10526315789473684,2024-01-11 18:30:46+00:00,walton_lighthouse-2024-01-11-183046Z
-13581854.696071886,4434017.871920372,1.8893028,0.10776942355889724,2024-01-11 18:30:46+00:00,walton_lighthouse-2024-01-11-183046Z
-13581852.933473848,4434017.119566304,1.8893028,0.11027568922305764,2024-01-11 18:30:46+00:00,walton_lighthouse-2024-01-11-183046Z
-13581851.206430929,4434016.248557875,1.8893028,0.11278195488721804,2024-01-11 18:30:46+00:00,walton_lighthouse-2024-01-11-183046Z
-13581849.478539849,4434015.380379798,1.8893028,0.11528822055137844,2024-01-11 18:30:46+00:00,walton_lighthouse-2024-01-11-183046Z
-13581847.759135831,4434014.483878843,1.8893028,0.11779448621553884,2024-01-11 18:30:46+00:00,walton_lighthouse-2024-01-11-183046Z
-13581846.030026808,4434013.619765432,1.8893028,0.12030075187969924,2024-01-11 18:30:46+00:00,walton_lighthouse-2024-01-11-183046Z
-13581844.259607714,4434012.893511683,1.8893028,0.12280701754385964,2024-01-11 18:30:46+00:00,walton_lighthouse-2024-01-11-183046Z
-13581842.496537073,4434012.142734691,1.8893028,0.12531328320802004,2024-01-11 18:30:46+00:00,walton_lighthouse-2024-01-11-183046Z
-13581840.727334635,4434011.412420672,1.8893028,0.12781954887218044,2024-01-11 18:30:46+00:00,walton_lighthouse-2024-01-11-183046Z
-13581838.956580838,4434010.68728396,1.8893028,0.13032581453634084,2024-01-11 18:30:46+00:00,walton_lighthouse-2024-01-11-183046Z
-13581837.21954642,4434009.849619071,1.8893028,0.13283208020050125,2024-01-11 18:30:46+00:00,walton_lighthouse-2024-01-11-183046Z
-13581835.493843008,4434008.974140359,1.8893028,0.13533834586466165,2024-01-11 18:30:46+00:00,walton_lighthouse-2024-01-11-183046Z
-13581833.773987086,4434008.079147524,1.8893028,0.13784461152882205,2024-01-11 18:30:46+00:00,walton_lighthouse-2024-01-11-183046Z
-13581832.058971236,4434007.168002427,1.8893028,0.14035087719298245,2024-01-11 18:30:46+00:00,walton_lighthouse-2024-01-11-183046Z
-13581830.30620428,4434006.382840069,1.8893028,0.14285714285714285,2024-01-11 18:30:46+00:00,walton_lighthouse-2024-01-11-183046Z
-13581828.544574844,4434005.627253464,1.8893028,0.14536340852130325,2024-01-11 18:30:46+00:00,walton_lighthouse-2024-01-11-183046Z
-13581826.788057745,4434004.854606061,1.8893028,0.14786967418546365,2024-01-11 18:30:46+00:00,walton_lighthouse-2024-01-11-183046Z
-13581825.021216769,4434004.116411523,1.8893028,0.15037593984962405,2024-01-11 18:30:46+00:00,walton_lighthouse-2024-01-11-183046Z
-13581823.274893608,4434003.30974493,1.8893028,0.15288220551378445,2024-01-11 18:30:46+00:00,walton_lighthouse-2024-01-11-183046Z
-13581821.555574335,4434002.412961111,1.8893028,0.15538847117794485,2024-01-11 18:30:46+00:00,walton_lighthouse-2024-01-11-183046Z
-13581819.838438982,4434001.508889238,1.8893028,0.15789473684210525,2024-01-11 18:30:46+00:00,walton_lighthouse-2024-01-11-183046Z
-13581818.129695231,4434000.5768129,1.8893028,0.16040100250626566,2024-01-11 18:30:46+00:00,walton_lighthouse-2024-01-11-183046Z
-13581816.38788548,4433999.755084207,1.8893028,0.16290726817042606,2024-01-11 18:30:46+00:00,walton_lighthouse-2024-01-11-183046Z
-13581814.642105972,4433998.946603339,1.8893028,0.16541353383458646,2024-01-11 18:30:46+00:00,walton_lighthouse-2024-01-11-183046Z
-13581812.883980554,4433998.179323267,1.8893028,0.16791979949874686,2024-01-11 18:30:46+00:00,walton_lighthouse-2024-01-11-183046Z
-13581811.13704962,4433997.37468496,1.8893028,0.17042606516290726,2024-01-11 18:30:46+00:00,walton_lighthouse-2024-01-11-183046Z
-13581809.395077407,4433996.553498399,1.8893028,0.17293233082706766,2024-01-11 18:30:46+00:00,walton_lighthouse-2024-01-11-183046Z
-13581807.68667736,4433995.620275094,1.8893028,0.17543859649122806,2024-01-11 18:30:46+00:00,walton_lighthouse-2024-01-11-183046Z
-13581805.976024237,4433994.6945707295,1.8893028,0.17794486215538846,2024-01-11 18:30:46+00:00,walton_lighthouse-2024-01-11-183046Z
-13581804.264098903,4433993.773111945,1.8893028,0.18045112781954886,2024-01-11 18:30:46+00:00,walton_lighthouse-2024-01-11-183046Z
-13581802.54248628,4433992.883981488,1.8893028,0.18295739348370926,2024-01-11 18:30:46+00:00,walton_lighthouse-2024-01-11-183046Z
-13581800.810090784,4433992.030835619,1.8893028,0.18546365914786966,2024-01-11 18:30:46+00:00,walton_lighthouse-2024-01-11-183046Z
-13581799.062297229,4433991.229076139,1.8893028,0.18796992481203006,2024-01-11 18:30:46+00:00,walton_lighthouse-2024-01-11-183046Z
-13581797.316446817,4433990.4208319,1.8893028,0.19047619047619047,2024-01-11 18:30:46+00:00,walton_lighthouse-2024-01-11-183046Z
-13581795.591191402,4433989.543858133,1.8893028,0.19298245614035087,2024-01-11 18:30:46+00:00,walton_lighthouse-2024-01-11-183046Z
-13581793.872289697,4433988.645680864,1.8893028,0.19548872180451127,2024-01-11 18:30:46+00:00,walton_lighthouse-2024-01-11-183046Z
-13581792.160762567,4433987.722893254,1.8893028,0.19799498746867167,2024-01-11 18:30:46+00:00,walton_lighthouse-2024-01-11-183046Z
-13581790.448282115,4433986.803287045,1.8893028,0.20050125313283207,2024-01-11 18:30:46+00:00,walton_lighthouse-2024-01-11-183046Z
-13581788.74411364,4433985.855942044,1.8893028,0.20300751879699247,2024-01-11 18:30:46+00:00,walton_lighthouse-2024-01-11-183046Z
-13581787.002649143,4433985.033061194,1.8893028,0.20551378446115287,2024-01-11 18:30:46+00:00,walton_lighthouse-2024-01-11-183046Z
-13581785.243180364,4433984.270264172,1.8893028,0.20802005012531327,2024-01-11 18:30:46+00:00,walton_lighthouse-2024-01-11-183046Z
-13581783.483641002,4433983.507702643,1.8893028,0.21052631578947367,2024-01-11 18:30:46+00:00,walton_lighthouse-2024-01-11-183046Z
-13581781.72459598,4433982.743491378,1.8893028,0.21303258145363407,2024-01-11 18:30:46+00:00,walton_lighthouse-2024-01-11-183046Z
-13581779.991494518,4433981.892701423,1.8893028,0.21553884711779447,2024-01-11 18:30:46+00:00,walton_lighthouse-2024-01-11-183046Z
-13581778.25748302,4433981.044948521,1.8893028,0.21804511278195488,2024-01-11 18:30:46+00:00,walton_lighthouse-2024-01-11-183046Z
-13581776.524592057,4433980.193456108,1.8893028,0.22055137844611528,2024-01-11 18:30:46+00:00,walton_lighthouse-2024-01-11-183046Z
-13581774.77159107,4433979.40907471,1.8893028,0.22305764411027568,2024-01-11 18:30:46+00:00,walton_lighthouse-2024-01-11-183046Z
-13581773.001127047,4433978.682970921,1.8893028,0.22556390977443608,2024-01-11 18:30:46+00:00,walton_lighthouse-2024-01-11-183046Z
-13581771.22949648,4433977.960760109,1.8893028,0.22807017543859648,2024-01-11 18:30:46+00:00,walton_lighthouse-2024-01-11-183046Z
-13581769.4492271,4433977.26737867,1.8893028,0.23057644110275688,2024-01-11 18:30:46+00:00,walton_lighthouse-2024-01-11-183046Z
-13581767.701610994,4433976.465026876,1.8893028,0.23308270676691728,2024-01-11 18:30:46+00:00,walton_lighthouse-2024-01-11-183046Z
-13581765.967285149,4433975.618323004,1.8893028,0.23558897243107768,2024-01-11 18:30:46+00:00,walton_lighthouse-2024-01-11-183046Z
-13581764.208584905,4433974.852961204,1.8893028,0.23809523809523808,2024-01-11 18:30:46+00:00,walton_lighthouse-2024-01-11-183046Z
-13581762.439414363,4433974.122540701,1.8893028,0.24060150375939848,2024-01-11 18:30:46+00:00,walton_lighthouse-2024-01-11-183046Z
-13581760.66345447,4433973.41477768,1.8893028,0.24310776942355888,2024-01-11 18:30:46+00:00,walton_lighthouse-2024-01-11-183046Z
-13581758.874474902,4433972.750463875,1.8893028,0.24561403508771928,2024-01-11 18:30:46+00:00,walton_lighthouse-2024-01-11-183046Z
-13581757.08551628,4433972.086080125,1.8893028,0.24812030075187969,2024-01-11 18:30:46+00:00,walton_lighthouse-2024-01-11-183046Z
-13581755.329913758,4433971.310380551,1.8893028,0.2506265664160401,2024-01-11 18:30:46+00:00,walton_lighthouse-2024-01-11-183046Z
-13581753.582909802,4433970.505985946,1.8893028,0.2531328320802005,2024-01-11 18:30:46+00:00,walton_lighthouse-2024-01-11-183046Z
-13581751.83797093,4433969.694699829,1.8893028,0.2556390977443609,2024-01-11 18:30:46+00:00,walton_lighthouse-2024-01-11-183046Z
-13581750.056667048,4433969.004770696,1.8893028,0.2581453634085213,2024-01-11 18:30:46+00:00,walton_lighthouse-2024-01-11-183046Z
-13581748.269090155,4433968.335775788,1.8893028,0.2606516290726817,2024-01-11 18:30:46+00:00,walton_lighthouse-2024-01-11-183046Z
-13581746.463386685,4433967.727272854,1.8893028,0.2631578947368421,2024-01-11 18:30:46+00:00,walton_lighthouse-2024-01-11-183046Z
-13581744.685893942,4433967.024625287,1.8893028,0.2656641604010025,2024-01-11 18:30:46+00:00,walton_lighthouse-2024-01-11-183046Z
-13581742.930294722,4433966.248914764,1.8893028,0.2681704260651629,2024-01-11 18:30:46+00:00,walton_lighthouse-2024-01-11-183046Z
-13581741.16415938,4433965.50836522,1.8893028,0.2706766917293233,2024-01-11 18:30:46+00:00,walton_lighthouse-2024-01-11-183046Z
-13581739.374390297,4433964.846686149,1.8893028,0.2731829573934837,2024-01-11 18:30:46+00:00,walton_lighthouse-2024-01-11-183046Z
-13581737.557065943,4433964.276964377,1.8893028,0.2756892230576441,2024-01-11 18:30:46+00:00,walton_lighthouse-2024-01-11-183046Z
-13581735.770334756,4433963.605147249,1.8893028,0.2781954887218045,2024-01-11 18:30:46+00:00,walton_lighthouse-2024-01-11-183046Z
-13581733.994691877,4433962.896326264,1.8893028,0.2807017543859649,2024-01-11 18:30:46+00:00,walton_lighthouse-2024-01-11-183046Z
-13581732.221595189,4433962.179008136,1.8893028,0.2832080200501253,2024-01-11 18:30:46+00:00,walton_lighthouse-2024-01-11-183046Z
-13581730.45657981,4433961.434721184,1.8893028,0.2857142857142857,2024-01-11 18:30:46+00:00,walton_lighthouse-2024-01-11-183046Z
-13581728.66909813,4433960.7654085895,1.8893028,0.2882205513784461,2024-01-11 18:30:46+00:00,walton_lighthouse-2024-01-11-183046Z
-13581726.88641919,4433960.080068276,1.8893028,0.2907268170426065,2024-01-11 18:30:46+00:00,walton_lighthouse-2024-01-11-183046Z
-13581725.104387432,4433959.392568259,1.8893028,0.2932330827067669,2024-01-11 18:30:46+00:00,walton_lighthouse-2024-01-11-183046Z
-13581723.33763916,4433958.654064276,1.8893028,0.2957393483709273,2024-01-11 18:30:46+00:00,walton_lighthouse-2024-01-11-183046Z
-13581721.592644991,4433957.842962619,1.8893028,0.2982456140350877,2024-01-11 18:30:46+00:00,walton_lighthouse-2024-01-11-183046Z
-13581719.8528345,4433957.014561976,1.8893028,0.3007518796992481,2024-01-11 18:30:46+00:00,walton_lighthouse-2024-01-11-183046Z
-13581718.09589758,4433956.243315603,1.8893028,0.3032581453634085,2024-01-11 18:30:46+00:00,walton_lighthouse-2024-01-11-183046Z
-13581716.305219552,4433955.584669911,1.8893028,0.3057644110275689,2024-01-11 18:30:46+00:00,walton_lighthouse-2024-01-11-183046Z
-13581714.518167576,4433954.913923279,1.8893028,0.3082706766917293,2024-01-11 18:30:46+00:00,walton_lighthouse-2024-01-11-183046Z
-13581712.73933426,4433954.215749377,1.8893028,0.3107769423558897,2024-01-11 18:30:46+00:00,walton_lighthouse-2024-01-11-183046Z
-13581710.979533631,4433953.454059783,1.8893028,0.3132832080200501,2024-01-11 18:30:46+00:00,walton_lighthouse-2024-01-11-183046Z
-13581709.220855957,4433952.688622652,1.8893028,0.3157894736842105,2024-01-11 18:30:46+00:00,walton_lighthouse-2024-01-11-183046Z
-13581707.445639765,4433951.978377723,1.8893028,0.3182957393483709,2024-01-11 18:30:46+00:00,walton_lighthouse-2024-01-11-183046Z
-13581705.653905803,4433951.323255783,1.8893028,0.3208020050125313,2024-01-11 18:30:46+00:00,walton_lighthouse-2024-01-11-183046Z
-13581703.858289314,4433950.681090676,1.8893028,0.3233082706766917,2024-01-11 18:30:46+00:00,walton_lighthouse-2024-01-11-183046Z
-13581702.090382945,4433949.946451471,1.8893028,0.3258145363408521,2024-01-11 18:30:46+00:00,walton_lighthouse-2024-01-11-183046Z
-13581700.320844645,4433949.217258304,1.8893028,0.3283208020050125,2024-01-11 18:30:46+00:00,walton_lighthouse-2024-01-11-183046Z
-13581698.552641451,4433948.483609677,1.8893028,0.3308270676691729,2024-01-11 18:30:46+00:00,walton_lighthouse-2024-01-11-183046Z
-13581696.767858464,4433947.805291042,1.8893028,0.3333333333333333,2024-01-11 18:30:46+00:00,walton_lighthouse-2024-01-11-183046Z
-13581694.9676335,4433947.178505266,1.8893028,0.3358395989974937,2024-01-11 18:30:46+00:00,walton_lighthouse-2024-01-11-183046Z
-13581693.1661165,4433946.556031203,1.8893028,0.3383458646616541,2024-01-11 18:30:46+00:00,walton_lighthouse-2024-01-11-183046Z
-13581691.41344476,4433945.7705510985,1.8893028,0.3408521303258145,2024-01-11 18:30:46+00:00,walton_lighthouse-2024-01-11-183046Z
-13581689.649548654,4433945.022528932,1.8893028,0.3433583959899749,2024-01-11 18:30:46+00:00,walton_lighthouse-2024-01-11-183046Z
-13581687.849827465,4433944.394061934,1.8893028,0.3458646616541353,2024-01-11 18:30:46+00:00,walton_lighthouse-2024-01-11-183046Z
-13581686.046682945,4433943.777019229,1.8893028,0.3483709273182957,2024-01-11 18:30:46+00:00,walton_lighthouse-2024-01-11-183046Z
-13581684.24928831,4433943.140788089,1.8893028,0.3508771929824561,2024-01-11 18:30:46+00:00,walton_lighthouse-2024-01-11-183046Z
-13581682.48283677,4433942.401293881,1.8893028,0.3533834586466165,2024-01-11 18:30:46+00:00,walton_lighthouse-2024-01-11-183046Z
-13581680.72541046,4433941.631680706,1.8893028,0.3558897243107769,2024-01-11 18:30:46+00:00,walton_lighthouse-2024-01-11-183046Z
-13581678.94593611,4433940.935646036,1.8893028,0.3583959899749373,2024-01-11 18:30:46+00:00,walton_lighthouse-2024-01-11-183046Z
-13581677.150861356,4433940.291673005,1.8893028,0.3609022556390977,2024-01-11 18:30:46+00:00,walton_lighthouse-2024-01-11-183046Z
-13581675.357800037,4433939.640980798,1.8893028,0.3634085213032581,2024-01-11 18:30:46+00:00,walton_lighthouse-2024-01-11-183046Z
-13581673.58075232,4433938.93684804,1.8893028,0.3659147869674185,2024-01-11 18:30:46+00:00,walton_lighthouse-2024-01-11-183046Z
-13581671.814337336,4433938.197231772,1.8893028,0.3684210526315789,2024-01-11 18:30:46+00:00,walton_lighthouse-2024-01-11-183046Z
-13581670.024954343,4433937.534264203,1.8893028,0.37092731829573933,2024-01-11 18:30:46+00:00,walton_lighthouse-2024-01-11-183046Z
-13581668.20902341,4433936.959892332,1.8893028,0.37343358395989973,2024-01-11 18:30:46+00:00,walton_lighthouse-2024-01-11-183046Z
-13581666.404375482,4433936.347866832,1.8893028,0.37593984962406013,2024-01-11 18:30:46+00:00,walton_lighthouse-2024-01-11-183046Z
-13581664.633127635,4433935.624378753,1.8893028,0.37844611528822053,2024-01-11 18:30:46+00:00,walton_lighthouse-2024-01-11-183046Z
-13581662.880836071,4433934.837629937,1.8893028,0.38095238095238093,2024-01-11 18:30:46+00:00,walton_lighthouse-2024-01-11-183046Z
-13581661.116317697,4433934.09168436,1.8893028,0.38345864661654133,2024-01-11 18:30:46+00:00,walton_lighthouse-2024-01-11-183046Z
-13581659.317958713,4433933.458671442,1.8893028,0.38596491228070173,2024-01-11 18:30:46+00:00,walton_lighthouse-2024-01-11-183046Z
-13581657.52624254,4433932.803490128,1.8893028,0.38847117794486213,2024-01-11 18:30:46+00:00,walton_lighthouse-2024-01-11-183046Z
-13581655.749258615,4433932.099144523,1.8893028,0.39097744360902253,2024-01-11 18:30:46+00:00,walton_lighthouse-2024-01-11-183046Z
-13581653.983013077,4433931.358962846,1.8893028,0.39348370927318294,2024-01-11 18:30:46+00:00,walton_lighthouse-2024-01-11-183046Z
-13581652.20873718,4433930.645579911,1.8893028,0.39598997493734334,2024-01-11 18:30:46+00:00,walton_lighthouse-2024-01-11-183046Z
-13581650.423271108,4433929.969540847,1.8893028,0.39849624060150374,2024-01-11 18:30:46+00:00,walton_lighthouse-2024-01-11-183046Z
-13581648.63597819,4433929.299598361,1.8893028,0.40100250626566414,2024-01-11 18:30:46+00:00,walton_lighthouse-2024-01-11-183046Z
-13581646.8763225,4433928.537425049,1.8893028,0.40350877192982454,2024-01-11 18:30:46+00:00,walton_lighthouse-2024-01-11-183046Z
-13581645.133125557,4433927.720325686,1.8893028,0.40601503759398494,2024-01-11 18:30:46+00:00,walton_lighthouse-2024-01-11-183046Z
-13581643.392890658,4433926.893341383,1.8893028,0.40852130325814534,2024-01-11 18:30:46+00:00,walton_lighthouse-2024-01-11-183046Z
-13581641.620419309,4433926.173936449,1.8893028,0.41102756892230574,2024-01-11 18:30:46+00:00,walton_lighthouse-2024-01-11-183046Z
-13581639.837439096,4433925.489601584,1.8893028,0.41353383458646614,2024-01-11 18:30:46+00:00,walton_lighthouse-2024-01-11-183046Z
-13581638.086887935,4433924.697044649,1.8893028,0.41604010025062654,2024-01-11 18:30:46+00:00,walton_lighthouse-2024-01-11-183046Z
-13581636.340984812,4433923.88897637,1.8893028,0.41854636591478694,2024-01-11 18:30:46+00:00,walton_lighthouse-2024-01-11-183046Z
-13581634.60171049,4433923.058786485,1.8893028,0.42105263157894735,2024-01-11 18:30:46+00:00,walton_lighthouse-2024-01-11-183046Z
-13581632.831152985,4433922.332994647,1.8893028,0.42355889724310775,2024-01-11 18:30:46+00:00,walton_lighthouse-2024-01-11-183046Z
-13581631.037470125,4433921.684376553,1.8893028,0.42606516290726815,2024-01-11 18:30:46+00:00,walton_lighthouse-2024-01-11-183046Z
-13581629.271457523,4433920.943417471,1.8893028,0.42857142857142855,2024-01-11 18:30:46+00:00,walton_lighthouse-2024-01-11-183046Z
-13581627.519536128,4433920.155433377,1.8893028,0.43107769423558895,2024-01-11 18:30:46+00:00,walton_lighthouse-2024-01-11-183046Z
-13581625.770735122,4433919.357035849,1.8893028,0.43358395989974935,2024-01-11 18:30:46+00:00,walton_lighthouse-2024-01-11-183046Z
-13581623.96952924,4433918.733523544,1.8893028,0.43609022556390975,2024-01-11 18:30:46+00:00,walton_lighthouse-2024-01-11-183046Z
-13581622.178300217,4433918.076716556,1.8893028,0.43859649122807015,2024-01-11 18:30:46+00:00,walton_lighthouse-2024-01-11-183046Z
-13581620.414659332,4433917.327842644,1.8893028,0.44110275689223055,2024-01-11 18:30:46+00:00,walton_lighthouse-2024-01-11-183046Z
-13581618.657262838,4433916.5581299765,1.8893028,0.44360902255639095,2024-01-11 18:30:46+00:00,walton_lighthouse-2024-01-11-183046Z
-13581616.881574962,4433915.849459106,1.8893028,0.44611528822055135,2024-01-11 18:30:46+00:00,walton_lighthouse-2024-01-11-183046Z
-13581615.095769173,4433915.1745537445,1.8893028,0.44862155388471175,2024-01-11 18:30:46+00:00,walton_lighthouse-2024-01-11-183046Z
-13581613.307442589,4433914.508060796,1.8893028,0.45112781954887216,2024-01-11 18:30:46+00:00,walton_lighthouse-2024-01-11-183046Z
-13581611.54262129,4433913.763126117,1.8893028,0.45363408521303256,2024-01-11 18:30:46+00:00,walton_lighthouse-2024-01-11-183046Z
-13581609.776061077,4433913.023994518,1.8893028,0.45614035087719296,2024-01-11 18:30:46+00:00,walton_lighthouse-2024-01-11-183046Z
-13581607.973529268,4433912.404907092,1.8893028,0.45864661654135336,2024-01-11 18:30:46+00:00,walton_lighthouse-2024-01-11-183046Z
-13581606.168582171,4433911.793880024,1.8893028,0.46115288220551376,2024-01-11 18:30:46+00:00,walton_lighthouse-2024-01-11-183046Z
-13581604.377516003,4433911.13652956,1.8893028,0.46365914786967416,2024-01-11 18:30:46+00:00,walton_lighthouse-2024-01-11-183046Z
-13581602.603883808,4433910.420998517,1.8893028,0.46616541353383456,2024-01-11 18:30:46+00:00,walton_lighthouse-2024-01-11-183046Z
-13581600.80307469,4433909.796162226,1.8893028,0.46867167919799496,2024-01-11 18:30:46+00:00,walton_lighthouse-2024-01-11-183046Z
-13581598.99296625,4433909.20235949,1.8893028,0.47117794486215536,2024-01-11 18:30:46+00:00,walton_lighthouse-2024-01-11-183046Z
-13581597.181141756,4433908.614283554,1.8893028,0.47368421052631576,2024-01-11 18:30:46+00:00,walton_lighthouse-2024-01-11-183046Z
-13581595.380170813,4433907.9899872495,1.8893028,0.47619047619047616,2024-01-11 18:30:46+00:00,walton_lighthouse-2024-01-11-183046Z
-13581593.559071863,4433907.432862039,1.8893028,0.47869674185463656,2024-01-11 18:30:46+00:00,walton_lighthouse-2024-01-11-183046Z
-13581591.727725787,4433906.909933462,1.8893028,0.48120300751879697,2024-01-11 18:30:46+00:00,walton_lighthouse-2024-01-11-183046Z
-13581589.931023195,4433906.271392772,1.8893028,0.48370927318295737,2024-01-11 18:30:46+00:00,walton_lighthouse-2024-01-11-183046Z
-13581588.131066091,4433905.643713101,1.8893028,0.48621553884711777,2024-01-11 18:30:46+00:00,walton_lighthouse-2024-01-11-183046Z
-13581586.304869687,4433905.103599083,1.8893028,0.48872180451127817,2024-01-11 18:30:46+00:00,walton_lighthouse-2024-01-11-183046Z
-13581584.486548824,4433904.537202825,1.8893028,0.49122807017543857,2024-01-11 18:30:46+00:00,walton_lighthouse-2024-01-11-183046Z
-13581582.700863838,4433903.861894297,1.8893028,0.49373433583959897,2024-01-11 18:30:46+00:00,walton_lighthouse-2024-01-11-183046Z
-13581580.887789425,4433903.2779896045,1.8893028,0.49624060150375937,2024-01-11 18:30:46+00:00,walton_lighthouse-2024-01-11-183046Z
-13581579.060523525,4433902.741444708,1.8893028,0.49874686716791977,2024-01-11 18:30:46+00:00,walton_lighthouse-2024-01-11-183046Z
-13581577.250872388,4433902.146115884,1.8893028,0.5012531328320802,2024-01-11 18:30:46+00:00,walton_lighthouse-2024-01-11-183046Z
-13581575.461134711,4433901.48433195,1.8893028,0.5037593984962405,2024-01-11 18:30:46+00:00,walton_lighthouse-2024-01-11-183046Z
-13581573.628359493,4433900.9661727045,1.8893028,0.506265664160401,2024-01-11 18:30:46+00:00,walton_lighthouse-2024-01-11-183046Z
-13581571.807384932,4433900.408632359,1.8893028,0.5087719298245614,2024-01-11 18:30:46+00:00,walton_lighthouse-2024-01-11-183046Z
-13581570.02016457,4433899.738447698,1.8893028,0.5112781954887218,2024-01-11 18:30:46+00:00,walton_lighthouse-2024-01-11-183046Z
-13581568.204645526,4433899.162701189,1.8893028,0.5137844611528821,2024-01-11 18:30:46+00:00,walton_lighthouse-2024-01-11-183046Z
-13581566.374612762,4433898.635389818,1.8893028,0.5162907268170426,2024-01-11 18:30:46+00:00,walton_lighthouse-2024-01-11-183046Z
-13581564.567659017,4433898.031059344,1.8893028,0.518796992481203,2024-01-11 18:30:46+00:00,walton_lighthouse-2024-01-11-183046Z
-13581562.778978078,4433897.36574888,1.8893028,0.5213032581453634,2024-01-11 18:30:46+00:00,walton_lighthouse-2024-01-11-183046Z
-13581560.947564855,4433896.843044333,1.8893028,0.5238095238095237,2024-01-11 18:30:46+00:00,walton_lighthouse-2024-01-11-183046Z
-13581559.12431187,4433896.293107515,1.8893028,0.5263157894736842,2024-01-11 18:30:46+00:00,walton_lighthouse-2024-01-11-183046Z
-13581557.325362174,4433895.66206596,1.8893028,0.5288220551378446,2024-01-11 18:30:46+00:00,walton_lighthouse-2024-01-11-183046Z
-13581555.4787972,4433895.189925788,1.8893028,0.531328320802005,2024-01-11 18:30:46+00:00,walton_lighthouse-2024-01-11-183046Z
-13581553.651205927,4433894.654466622,1.8893028,0.5338345864661653,2024-01-11 18:30:46+00:00,walton_lighthouse-2024-01-11-183046Z
-13581551.85082036,4433894.028216856,1.8893028,0.5363408521303258,2024-01-11 18:30:46+00:00,walton_lighthouse-2024-01-11-183046Z
-13581550.022969782,4433893.4936230965,1.8893028,0.5388471177944862,2024-01-11 18:30:46+00:00,walton_lighthouse-2024-01-11-183046Z
-13581548.179359645,4433893.011622024,1.8893028,0.5413533834586466,2024-01-11 18:30:46+00:00,walton_lighthouse-2024-01-11-183046Z
-13581546.37632959,4433892.394197388,1.8893028,0.5438596491228069,2024-01-11 18:30:46+00:00,walton_lighthouse-2024-01-11-183046Z
-13581544.556623248,4433891.832424747,1.8893028,0.5463659147869674,2024-01-11 18:30:46+00:00,walton_lighthouse-2024-01-11-183046Z
-13581542.724180397,4433891.313156317,1.8893028,0.5488721804511278,2024-01-11 18:30:46+00:00,walton_lighthouse-2024-01-11-183046Z
-13581540.923866097,4433890.686668616,1.8893028,0.5513784461152882,2024-01-11 18:30:46+00:00,walton_lighthouse-2024-01-11-183046Z
-13581539.10815926,4433890.111548847,1.8893028,0.5538847117794485,2024-01-11 18:30:46+00:00,walton_lighthouse-2024-01-11-183046Z
-13581537.27872423,4433889.582242773,1.8893028,0.556390977443609,2024-01-11 18:30:46+00:00,walton_lighthouse-2024-01-11-183046Z
-13581535.487989686,4433888.923785595,1.8893028,0.5588972431077694,2024-01-11 18:30:46+00:00,walton_lighthouse-2024-01-11-183046Z
-13581533.688959612,4433888.293012203,1.8893028,0.5614035087719298,2024-01-11 18:30:46+00:00,walton_lighthouse-2024-01-11-183046Z
-13581531.863650767,4433887.749936187,1.8893028,0.5639097744360901,2024-01-11 18:30:46+00:00,walton_lighthouse-2024-01-11-183046Z
-13581530.067341682,4433887.1100824,1.8893028,0.5664160401002506,2024-01-11 18:30:46+00:00,walton_lighthouse-2024-01-11-183046Z
-13581528.25492796,4433886.523972879,1.8893028,0.568922305764411,2024-01-11 18:30:46+00:00,walton_lighthouse-2024-01-11-183046Z
-13581526.440019837,4433885.946187592,1.8893028,0.5714285714285714,2024-01-11 18:30:46+00:00,walton_lighthouse-2024-01-11-183046Z
-13581524.636225602,4433885.331313158,1.8893028,0.5739348370927317,2024-01-11 18:30:46+00:00,walton_lighthouse-2024-01-11-183046Z
-13581522.843242826,4433884.68035882,1.8893028,0.5764411027568922,2024-01-11 18:30:46+00:00,walton_lighthouse-2024-01-11-183046Z
-13581521.012146346,4433884.156597275,1.8893028,0.5789473684210527,2024-01-11 18:30:46+00:00,walton_lighthouse-2024-01-11-183046Z
-13581519.186932782,4433883.61320328,1.8893028,0.581453634085213,2024-01-11 18:30:46+00:00,walton_lighthouse-2024-01-11-183046Z
-13581517.359691262,4433883.076576961,1.8893028,0.5839598997493733,2024-01-11 18:30:46+00:00,walton_lighthouse-2024-01-11-183046Z
-13581515.51313532,4433882.60440667,1.8893028,0.5864661654135338,2024-01-11 18:30:46+00:00,walton_lighthouse-2024-01-11-183046Z
-13581513.694561442,4433882.038854773,1.8893028,0.5889724310776943,2024-01-11 18:30:46+00:00,walton_lighthouse-2024-01-11-183046Z
-13581511.846807469,4433881.570682478,1.8893028,0.5914786967418546,2024-01-11 18:30:46+00:00,walton_lighthouse-2024-01-11-183046Z
-13581510.027163994,4433881.008700054,1.8893028,0.593984962406015,2024-01-11 18:30:46+00:00,walton_lighthouse-2024-01-11-183046Z
-13581508.2191232,4433880.407997221,1.8893028,0.5964912280701754,2024-01-11 18:30:46+00:00,walton_lighthouse-2024-01-11-183046Z
-13581506.401138805,4433879.840478112,1.8893028,0.5989974937343359,2024-01-11 18:30:46+00:00,walton_lighthouse-2024-01-11-183046Z
-13581504.61167304,4433879.177786748,1.8893028,0.6015037593984962,2024-01-11 18:30:46+00:00,walton_lighthouse-2024-01-11-183046Z
-13581502.821107004,4433878.518767254,1.8893028,0.6040100250626566,2024-01-11 18:30:46+00:00,walton_lighthouse-2024-01-11-183046Z
-13581500.996049363,4433877.974852976,1.8893028,0.606516290726817,2024-01-11 18:30:46+00:00,walton_lighthouse-2024-01-11-183046Z
-13581499.20910213,4433877.303756814,1.8893028,0.6090225563909775,2024-01-11 18:30:46+00:00,walton_lighthouse-2024-01-11-183046Z
-13581497.38959877,4433876.741306743,1.8893028,0.6115288220551378,2024-01-11 18:30:46+00:00,walton_lighthouse-2024-01-11-183046Z
-13581495.569226028,4433876.181758036,1.8893028,0.6140350877192982,2024-01-11 18:30:46+00:00,walton_lighthouse-2024-01-11-183046Z
-13581493.786291383,4433875.497271109,1.8893028,0.6165413533834586,2024-01-11 18:30:46+00:00,walton_lighthouse-2024-01-11-183046Z
-13581491.959777717,4433874.958215812,1.8893028,0.6190476190476191,2024-01-11 18:30:46+00:00,walton_lighthouse-2024-01-11-183046Z
-13581490.11798066,4433874.470164141,1.8893028,0.6215538847117794,2024-01-11 18:30:46+00:00,walton_lighthouse-2024-01-11-183046Z
-13581488.30203059,4433873.895856121,1.8893028,0.6240601503759398,2024-01-11 18:30:46+00:00,walton_lighthouse-2024-01-11-183046Z
-13581486.46309612,4433873.398251455,1.8893028,0.6265664160401002,2024-01-11 18:30:46+00:00,walton_lighthouse-2024-01-11-183046Z
-13581484.659381684,4433872.783110695,1.8893028,0.6290726817042607,2024-01-11 18:30:46+00:00,walton_lighthouse-2024-01-11-183046Z
-13581482.814269876,4433872.306121028,1.8893028,0.631578947368421,2024-01-11 18:30:46+00:00,walton_lighthouse-2024-01-11-183046Z
-13581480.9985036,4433871.731199623,1.8893028,0.6340852130325814,2024-01-11 18:30:46+00:00,walton_lighthouse-2024-01-11-183046Z
-13581479.156545704,4433871.243684736,1.8893028,0.6365914786967418,2024-01-11 18:30:46+00:00,walton_lighthouse-2024-01-11-183046Z
-13581477.339837885,4433870.67190541,1.8893028,0.6390977443609023,2024-01-11 18:30:46+00:00,walton_lighthouse-2024-01-11-183046Z
-13581475.525241362,4433870.093080303,1.8893028,0.6416040100250626,2024-01-11 18:30:46+00:00,walton_lighthouse-2024-01-11-183046Z
-13581473.698371494,4433869.555213784,1.8893028,0.644110275689223,2024-01-11 18:30:46+00:00,walton_lighthouse-2024-01-11-183046Z
-13581471.889607385,4433868.956924768,1.8893028,0.6466165413533834,2024-01-11 18:30:46+00:00,walton_lighthouse-2024-01-11-183046Z
-13581470.041679174,4433868.489333934,1.8893028,0.6491228070175439,2024-01-11 18:30:46+00:00,walton_lighthouse-2024-01-11-183046Z
-13581468.226091826,4433867.913815396,1.8893028,0.6516290726817042,2024-01-11 18:30:46+00:00,walton_lighthouse-2024-01-11-183046Z
-13581466.408507328,4433867.344961783,1.8893028,0.6541353383458646,2024-01-11 18:30:46+00:00,walton_lighthouse-2024-01-11-183046Z
-13581464.614348684,4433866.697931527,1.8893028,0.656641604010025,2024-01-11 18:30:46+00:00,walton_lighthouse-2024-01-11-183046Z
-13581462.823231386,4433866.040751646,1.8893028,0.6591478696741855,2024-01-11 18:30:46+00:00,walton_lighthouse-2024-01-11-183046Z
-13581461.008403407,4433865.462698959,1.8893028,0.6616541353383458,2024-01-11 18:30:46+00:00,walton_lighthouse-2024-01-11-183046Z
-13581459.232305372,4433864.755396964,1.8893028,0.6641604010025062,2024-01-11 18:30:46+00:00,walton_lighthouse-2024-01-11-183046Z
-13581457.413675936,4433864.190030478,1.8893028,0.6666666666666666,2024-01-11 18:30:46+00:00,walton_lighthouse-2024-01-11-183046Z
-13581455.603702536,4433863.595777098,1.8893028,0.6691729323308271,2024-01-11 18:30:46+00:00,walton_lighthouse-2024-01-11-183046Z
-13581453.767481329,4433863.089117745,1.8893028,0.6716791979949874,2024-01-11 18:30:46+00:00,walton_lighthouse-2024-01-11-183046Z
-13581451.94812682,4433862.526170997,1.8893028,0.6741854636591478,2024-01-11 18:30:46+00:00,walton_lighthouse-2024-01-11-183046Z
-13581450.126129957,4433861.972042263,1.8893028,0.6766917293233082,2024-01-11 18:30:46+00:00,walton_lighthouse-2024-01-11-183046Z
-13581448.302167382,4433861.424473454,1.8893028,0.6791979949874687,2024-01-11 18:30:46+00:00,walton_lighthouse-2024-01-11-183046Z
-13581446.46996647,4433860.904397632,1.8893028,0.681704260651629,2024-01-11 18:30:46+00:00,walton_lighthouse-2024-01-11-183046Z
-13581444.689217713,4433860.212615977,1.8893028,0.6842105263157894,2024-01-11 18:30:46+00:00,walton_lighthouse-2024-01-11-183046Z
-13581442.913150148,4433859.505212266,1.8893028,0.6867167919799498,2024-01-11 18:30:46+00:00,walton_lighthouse-2024-01-11-183046Z
-13581441.11489832,4433858.871841714,1.8893028,0.6892230576441103,2024-01-11 18:30:46+00:00,walton_lighthouse-2024-01-11-183046Z
-13581439.338518156,4433858.165481245,1.8893028,0.6917293233082706,2024-01-11 18:30:46+00:00,walton_lighthouse-2024-01-11-183046Z
-13581437.52423271,4433857.585618038,1.8893028,0.694235588972431,2024-01-11 18:30:46+00:00,walton_lighthouse-2024-01-11-183046Z
-13581435.748628546,4433856.87666781,1.8893028,0.6967418546365914,2024-01-11 18:30:46+00:00,walton_lighthouse-2024-01-11-183046Z
-13581433.926534325,4433856.322863982,1.8893028,0.6992481203007519,2024-01-11 18:30:46+00:00,walton_lighthouse-2024-01-11-183046Z
-13581432.098875236,4433855.787631224,1.8893028,0.7017543859649122,2024-01-11 18:30:46+00:00,walton_lighthouse-2024-01-11-183046Z
-13581430.262313545,4433855.282108159,1.8893028,0.7042606516290726,2024-01-11 18:30:46+00:00,walton_lighthouse-2024-01-11-183046Z
-13581428.450988626,4433854.69236505,1.8893028,0.706766917293233,2024-01-11 18:30:46+00:00,walton_lighthouse-2024-01-11-183046Z
-13581426.648757055,4433854.072275683,1.8893028,0.7092731829573935,2024-01-11 18:30:46+00:00,walton_lighthouse-2024-01-11-183046Z
-13581424.898750097,4433853.277902716,1.8893028,0.7117794486215538,2024-01-11 18:30:46+00:00,walton_lighthouse-2024-01-11-183046Z
-13581423.11891187,4433852.58308243,1.8893028,0.7142857142857142,2024-01-11 18:30:46+00:00,walton_lighthouse-2024-01-11-183046Z
-13581421.356245665,4433851.83095576,1.8893028,0.7167919799498746,2024-01-11 18:30:46+00:00,walton_lighthouse-2024-01-11-183046Z
-13581419.578454169,4433851.12930516,1.8893028,0.7192982456140351,2024-01-11 18:30:46+00:00,walton_lighthouse-2024-01-11-183046Z
-13581417.770831175,4433850.527208035,1.8893028,0.7218045112781954,2024-01-11 18:30:46+00:00,walton_lighthouse-2024-01-11-183046Z
-13581415.989452068,4433849.837529983,1.8893028,0.7243107769423558,2024-01-11 18:30:46+00:00,walton_lighthouse-2024-01-11-183046Z
-13581414.201851666,4433849.16861355,1.8893028,0.7268170426065163,2024-01-11 18:30:46+00:00,walton_lighthouse-2024-01-11-183046Z
-13581412.445382696,4433848.395805537,1.8893028,0.7293233082706767,2024-01-11 18:30:46+00:00,walton_lighthouse-2024-01-11-183046Z
-13581410.66124803,4433847.715323352,1.8893028,0.731829573934837,2024-01-11 18:30:46+00:00,walton_lighthouse-2024-01-11-183046Z
-13581408.920059487,4433846.891521561,1.8893028,0.7343358395989974,2024-01-11 18:30:46+00:00,walton_lighthouse-2024-01-11-183046Z
-13581407.142748903,4433846.188266018,1.8893028,0.7368421052631579,2024-01-11 18:30:46+00:00,walton_lighthouse-2024-01-11-183046Z
-13581405.373453034,4433845.458263845,1.8893028,0.7393483709273183,2024-01-11 18:30:46+00:00,walton_lighthouse-2024-01-11-183046Z
-13581403.576625822,4433844.820139141,1.8893028,0.7418546365914787,2024-01-11 18:30:46+00:00,walton_lighthouse-2024-01-11-183046Z
-13581401.817217086,4433844.057141706,1.8893028,0.744360902255639,2024-01-11 18:30:46+00:00,walton_lighthouse-2024-01-11-183046Z
-13581400.051433034,4433843.315419861,1.8893028,0.7468671679197995,2024-01-11 18:30:46+00:00,walton_lighthouse-2024-01-11-183046Z
-13581398.291032253,4433842.555733073,1.8893028,0.7493734335839599,2024-01-11 18:30:46+00:00,walton_lighthouse-2024-01-11-183046Z
-13581396.512664603,4433841.856005214,1.8893028,0.7518796992481203,2024-01-11 18:30:46+00:00,walton_lighthouse-2024-01-11-183046Z
-13581394.74843196,4433841.109106074,1.8893028,0.7543859649122806,2024-01-11 18:30:46+00:00,walton_lighthouse-2024-01-11-183046Z
-13581392.982894316,4433840.366561945,1.8893028,0.7568922305764411,2024-01-11 18:30:46+00:00,walton_lighthouse-2024-01-11-183046Z
-13581391.219076524,4433839.618278377,1.8893028,0.7593984962406015,2024-01-11 18:30:46+00:00,walton_lighthouse-2024-01-11-183046Z
-13581389.44144268,4433838.916101686,1.8893028,0.7619047619047619,2024-01-11 18:30:46+00:00,walton_lighthouse-2024-01-11-183046Z
-13581387.671175005,4433838.189342608,1.8893028,0.7644110275689222,2024-01-11 18:30:46+00:00,walton_lighthouse-2024-01-11-183046Z
-13581385.888307735,4433837.504630794,1.8893028,0.7669172932330827,2024-01-11 18:30:46+00:00,walton_lighthouse-2024-01-11-183046Z
-13581384.110094042,4433836.804389159,1.8893028,0.7694235588972431,2024-01-11 18:30:46+00:00,walton_lighthouse-2024-01-11-183046Z
-13581382.276579078,4433836.288698563,1.8893028,0.7719298245614035,2024-01-11 18:30:46+00:00,walton_lighthouse-2024-01-11-183046Z
-13581380.513663786,4433835.53740316,1.8893028,0.7744360902255638,2024-01-11 18:30:46+00:00,walton_lighthouse-2024-01-11-183046Z
-13581378.71740322,4433834.897387391,1.8893028,0.7769423558897243,2024-01-11 18:30:46+00:00,walton_lighthouse-2024-01-11-183046Z
-13581376.969860546,4433834.09479062,1.8893028,0.7794486215538847,2024-01-11 18:30:46+00:00,walton_lighthouse-2024-01-11-183046Z
-13581375.186381476,4433833.412120536,1.8893028,0.7819548872180451,2024-01-11 18:30:46+00:00,walton_lighthouse-2024-01-11-183046Z
-13581373.401970835,4433832.732559266,1.8893028,0.7844611528822054,2024-01-11 18:30:46+00:00,walton_lighthouse-2024-01-11-183046Z
-13581371.667283272,4433831.887062475,1.8893028,0.7869674185463659,2024-01-11 18:30:46+00:00,walton_lighthouse-2024-01-11-183046Z
-13581369.90283533,4433831.140881841,1.8893028,0.7894736842105263,2024-01-11 18:30:46+00:00,walton_lighthouse-2024-01-11-183046Z
-13581368.10956014,4433830.490903324,1.8893028,0.7919799498746867,2024-01-11 18:30:46+00:00,walton_lighthouse-2024-01-11-183046Z
-13581366.30101849,4433829.891871899,1.8893028,0.794486215538847,2024-01-11 18:30:46+00:00,walton_lighthouse-2024-01-11-183046Z
-13581364.488038724,4433829.307651366,1.8893028,0.7969924812030075,2024-01-11 18:30:46+00:00,walton_lighthouse-2024-01-11-183046Z
-13581362.64314201,4433828.829943921,1.8893028,0.7994987468671679,2024-01-11 18:30:46+00:00,walton_lighthouse-2024-01-11-183046Z
-13581360.816196678,4433828.292329167,1.8893028,0.8020050125313283,2024-01-11 18:30:46+00:00,walton_lighthouse-2024-01-11-183046Z
-13581359.023005508,4433827.642070225,1.8893028,0.8045112781954886,2024-01-11 18:30:46+00:00,walton_lighthouse-2024-01-11-183046Z
-13581357.238019723,4433826.964428335,1.8893028,0.8070175438596491,2024-01-11 18:30:46+00:00,walton_lighthouse-2024-01-11-183046Z
-13581355.466107046,4433826.243158999,1.8893028,0.8095238095238095,2024-01-11 18:30:46+00:00,walton_lighthouse-2024-01-11-183046Z
-13581353.693618389,4433825.523811792,1.8893028,0.8120300751879699,2024-01-11 18:30:46+00:00,walton_lighthouse-2024-01-11-183046Z
-13581351.886814516,4433824.9189810585,1.8893028,0.8145363408521302,2024-01-11 18:30:46+00:00,walton_lighthouse-2024-01-11-183046Z
-13581350.082762191,4433824.304967924,1.8893028,0.8170426065162907,2024-01-11 18:30:46+00:00,walton_lighthouse-2024-01-11-183046Z
-13581348.272461884,4433823.711805541,1.8893028,0.8195488721804511,2024-01-11 18:30:46+00:00,walton_lighthouse-2024-01-11-183046Z
-13581346.447369352,4433823.16800766,1.8893028,0.8220551378446115,2024-01-11 18:30:46+00:00,walton_lighthouse-2024-01-11-183046Z
-13581344.626392849,4433822.610473778,1.8893028,0.8245614035087718,2024-01-11 18:30:46+00:00,walton_lighthouse-2024-01-11-183046Z
-13581342.815739851,4433822.018488334,1.8893028,0.8270676691729323,2024-01-11 18:30:46+00:00,walton_lighthouse-2024-01-11-183046Z
-13581340.972846957,4433821.534093741,1.8893028,0.8295739348370927,2024-01-11 18:30:46+00:00,walton_lighthouse-2024-01-11-183046Z
-13581339.12592438,4433821.063146951,1.8893028,0.8320802005012531,2024-01-11 18:30:46+00:00,walton_lighthouse-2024-01-11-183046Z
-13581337.322068036,4433820.448479764,1.8893028,0.8345864661654134,2024-01-11 18:30:46+00:00,walton_lighthouse-2024-01-11-183046Z
-13581335.558236554,4433819.700241882,1.8893028,0.8370927318295739,2024-01-11 18:30:46+00:00,walton_lighthouse-2024-01-11-183046Z
-13581333.80319221,4433818.922679615,1.8893028,0.8395989974937343,2024-01-11 18:30:46+00:00,walton_lighthouse-2024-01-11-183046Z
-13581332.02261168,4433818.23033655,1.8893028,0.8421052631578947,2024-01-11 18:30:46+00:00,walton_lighthouse-2024-01-11-183046Z
-13581330.260305917,4433817.477007011,1.8893028,0.844611528822055,2024-01-11 18:30:46+00:00,walton_lighthouse-2024-01-11-183046Z
-13581328.495551605,4433816.731848815,1.8893028,0.8471177944862155,2024-01-11 18:30:46+00:00,walton_lighthouse-2024-01-11-183046Z
-13581326.717901727,4433816.029725597,1.8893028,0.849624060150376,2024-01-11 18:30:46+00:00,walton_lighthouse-2024-01-11-183046Z
-13581324.97214601,4433815.221165333,1.8893028,0.8521303258145363,2024-01-11 18:30:46+00:00,walton_lighthouse-2024-01-11-183046Z
-13581323.20523487,4433814.483204856,1.8893028,0.8546365914786966,2024-01-11 18:30:46+00:00,walton_lighthouse-2024-01-11-183046Z
-13581321.445424102,4433813.721549087,1.8893028,0.8571428571428571,2024-01-11 18:30:46+00:00,walton_lighthouse-2024-01-11-183046Z
-13581319.738771802,4433812.782493186,1.8893028,0.8596491228070176,2024-01-11 18:30:46+00:00,walton_lighthouse-2024-01-11-183046Z
-13581318.00034612,4433811.949471199,1.8893028,0.8621553884711779,2024-01-11 18:30:46+00:00,walton_lighthouse-2024-01-11-183046Z
-13581316.302780611,4433810.980090876,1.8893028,0.8646616541353382,2024-01-11 18:30:46+00:00,walton_lighthouse-2024-01-11-183046Z
-13581314.621094754,4433809.957717139,1.8893028,0.8671679197994987,2024-01-11 18:30:46+00:00,walton_lighthouse-2024-01-11-183046Z
-13581312.93857419,4433808.938128944,1.8893028,0.8696741854636592,2024-01-11 18:30:46+00:00,walton_lighthouse-2024-01-11-183046Z
-13581311.278106311,4433807.844946642,1.8893028,0.8721804511278195,2024-01-11 18:30:46+00:00,walton_lighthouse-2024-01-11-183046Z
-13581309.597613,4433806.818593122,1.8893028,0.8746867167919798,2024-01-11 18:30:46+00:00,walton_lighthouse-2024-01-11-183046Z
-13581307.932789952,4433805.739944887,1.8893028,0.8771929824561403,2024-01-11 18:30:46+00:00,walton_lighthouse-2024-01-11-183046Z
-13581306.232936315,4433804.778200521,1.8893028,0.8796992481203008,2024-01-11 18:30:46+00:00,walton_lighthouse-2024-01-11-183046Z
-13581304.528047722,4433803.833258765,1.8893028,0.8822055137844611,2024-01-11 18:30:46+00:00,walton_lighthouse-2024-01-11-183046Z
-13581302.80768606,4433802.93995366,1.8893028,0.8847117794486214,2024-01-11 18:30:46+00:00,walton_lighthouse-2024-01-11-183046Z
-13581301.072390148,4433802.096487071,1.8893028,0.8872180451127819,2024-01-11 18:30:46+00:00,walton_lighthouse-2024-01-11-183046Z
-13581299.282110011,4433801.43651344,1.8893028,0.8897243107769424,2024-01-11 18:30:46+00:00,walton_lighthouse-2024-01-11-183046Z
-13581297.472550156,4433800.840879987,1.8893028,0.8922305764411027,2024-01-11 18:30:46+00:00,walton_lighthouse-2024-01-11-183046Z
-13581295.64348196,4433800.310349665,1.8893028,0.894736842105263,2024-01-11 18:30:46+00:00,walton_lighthouse-2024-01-11-183046Z
-13581293.78700279,4433799.871295097,1.8893028,0.8972431077694235,2024-01-11 18:30:46+00:00,walton_lighthouse-2024-01-11-183046Z
-13581291.9384547,4433799.405772973,1.8893028,0.899749373433584,2024-01-11 18:30:46+00:00,walton_lighthouse-2024-01-11-183046Z
-13581290.117630314,4433798.847731412,1.8893028,0.9022556390977443,2024-01-11 18:30:46+00:00,walton_lighthouse-2024-01-11-183046Z
-13581288.283812732,4433798.333050713,1.8893028,0.9047619047619047,2024-01-11 18:30:46+00:00,walton_lighthouse-2024-01-11-183046Z
-13581286.405665897,4433797.9663053565,1.8893028,0.9072681704260651,2024-01-11 18:30:46+00:00,walton_lighthouse-2024-01-11-183046Z
-13581284.511536654,4433797.65289636,1.8893028,0.9097744360902256,2024-01-11 18:30:46+00:00,walton_lighthouse-2024-01-11-183046Z
-13581282.670946505,4433797.160817014,1.8893028,0.9122807017543859,2024-01-11 18:30:46+00:00,walton_lighthouse-2024-01-11-183046Z
-13581280.83905446,4433796.639710407,1.8893028,0.9147869674185463,2024-01-11 18:30:46+00:00,walton_lighthouse-2024-01-11-183046Z
-13581278.97068051,4433796.240351026,1.8893028,0.9172932330827067,2024-01-11 18:30:46+00:00,walton_lighthouse-2024-01-11-183046Z
-13581277.04978874,4433796.016253771,1.8893028,0.9197994987468672,2024-01-11 18:30:46+00:00,walton_lighthouse-2024-01-11-183046Z
-13581275.089008993,4433795.925270428,1.8893028,0.9223057644110275,2024-01-11 18:30:46+00:00,walton_lighthouse-2024-01-11-183046Z
-13581273.151284492,4433795.757347296,1.8893028,0.9248120300751879,2024-01-11 18:30:46+00:00,walton_lighthouse-2024-01-11-183046Z
-13581271.22296129,4433795.558050165,1.8893028,0.9273182957393483,2024-01-11 18:30:46+00:00,walton_lighthouse-2024-01-11-183046Z
-13581269.289420716,4433795.376164408,1.8893028,0.9298245614035088,2024-01-11 18:30:46+00:00,walton_lighthouse-2024-01-11-183046Z
-13581267.325278305,4433795.296402935,1.8893028,0.9323308270676691,2024-01-11 18:30:46+00:00,walton_lighthouse-2024-01-11-183046Z
-13581265.329639936,4433795.321749605,1.8893028,0.9348370927318295,2024-01-11 18:30:46+00:00,walton_lighthouse-2024-01-11-183046Z
-13581263.46369281,4433794.914291433,1.8893028,0.9373433583959899,2024-01-11 18:30:46+00:00,walton_lighthouse-2024-01-11-183046Z
-13581261.647860393,4433794.339590712,1.8893028,0.9398496240601504,2024-01-11 18:30:46+00:00,walton_lighthouse-2024-01-11-183046Z
-13581261.647860393,4433794.339590712,1.8893028,0.9423558897243107,2024-01-11 18:30:46+00:00,walton_lighthouse-2024-01-11-183046Z
-13581261.647860393,4433794.339590712,1.8893028,0.9448621553884711,2024-01-11 18:30:46+00:00,walton_lighthouse-2024-01-11-183046Z
-13581261.647860393,4433794.339590712,1.8893028,0.9473684210526315,2024-01-11 18:30:46+00:00,walton_lighthouse-2024-01-11-183046Z
-13581261.647860393,4433794.339590712,1.8893028,0.949874686716792,2024-01-11 18:30:46+00:00,walton_lighthouse-2024-01-11-183046Z
-13581261.647860393,4433794.339590712,1.8893028,0.9523809523809523,2024-01-11 18:30:46+00:00,walton_lighthouse-2024-01-11-183046Z
-13581261.647860393,4433794.339590712,1.8893028,0.9548872180451127,2024-01-11 18:30:46+00:00,walton_lighthouse-2024-01-11-183046Z
-13581261.647860393,4433794.339590712,1.8893028,0.9573934837092731,2024-01-11 18:30:46+00:00,walton_lighthouse-2024-01-11-183046Z
-13581261.647860393,4433794.339590712,1.8893028,0.9598997493734336,2024-01-11 18:30:46+00:00,walton_lighthouse-2024-01-11-183046Z
-13581261.647860393,4433794.339590712,1.8893028,0.9624060150375939,2024-01-11 18:30:46+00:00,walton_lighthouse-2024-01-11-183046Z
-13581261.647860393,4433794.339590712,1.8893028,0.9649122807017543,2024-01-11 18:30:46+00:00,walton_lighthouse-2024-01-11-183046Z
-13581261.647860393,4433794.339590712,1.8893028,0.9674185463659147,2024-01-11 18:30:46+00:00,walton_lighthouse-2024-01-11-183046Z
-13581261.647860393,4433794.339590712,1.8893028,0.9699248120300752,2024-01-11 18:30:46+00:00,walton_lighthouse-2024-01-11-183046Z
-13581261.647860393,4433794.339590712,1.8893028,0.9724310776942355,2024-01-11 18:30:46+00:00,walton_lighthouse-2024-01-11-183046Z
-13581261.647860393,4433794.339590712,1.8893028,0.9749373433583959,2024-01-11 18:30:46+00:00,walton_lighthouse-2024-01-11-183046Z
-13581261.647860393,4433794.339590712,1.8893028,0.9774436090225563,2024-01-11 18:30:46+00:00,walton_lighthouse-2024-01-11-183046Z
-13581261.647860393,4433794.339590712,1.8893028,0.9799498746867168,2024-01-11 18:30:46+00:00,walton_lighthouse-2024-01-11-183046Z
-13581261.647860393,4433794.339590712,1.8893028,0.9824561403508771,2024-01-11 18:30:46+00:00,walton_lighthouse-2024-01-11-183046Z
-13581261.647860393,4433794.339590712,1.8893028,0.9849624060150375,2024-01-11 18:30:46+00:00,walton_lighthouse-2024-01-11-183046Z
-13581261.647860393,4433794.339590712,1.8893028,0.9874686716791979,2024-01-11 18:30:46+00:00,walton_lighthouse-2024-01-11-183046Z
-13581261.647860393,4433794.339590712,1.8893028,0.9899749373433584,2024-01-11 18:30:46+00:00,walton_lighthouse-2024-01-11-183046Z
-13581261.647860393,4433794.339590712,1.8893028,0.9924812030075187,2024-01-11 18:30:46+00:00,walton_lighthouse-2024-01-11-183046Z
-13581261.647860393,4433794.339590712,1.8893028,0.9949874686716791,2024-01-11 18:30:46+00:00,walton_lighthouse-2024-01-11-183046Z
-13581261.647860393,4433794.339590712,1.8893028,0.9974937343358395,2024-01-11 18:30:46+00:00,walton_lighthouse-2024-01-11-183046Z
-13581261.647860393,4433794.339590712,1.8893028,1.0,2024-01-11 18:30:46+00:00,walton_lighthouse-2024-01-11-183046Z
-13581929.493538588,4434053.541149641,1.7407297333333334,0.0,2024-01-11 19:00:46+00:00,walton_lighthouse-2024-01-11-190046Z
-13581927.79869858,4434052.562673846,1.7407297333333334,0.002506265664160401,2024-01-11 19:00:46+00:00,walton_lighthouse-2024-01-11-190046Z
-13581926.086166516,4434051.643239855,1.7407297333333334,0.005012531328320802,2024-01-11 19:00:46+00:00,walton_lighthouse-2024-01-11-190046Z
-13581924.378553478,4434050.707390038,1.7407297333333334,0.007518796992481203,2024-01-11 19:00:46+00:00,walton_lighthouse-2024-01-11-190046Z
-13581922.649895912,4434049.841769973,1.7407297333333334,0.010025062656641603,2024-01-11 19:00:46+00:00,walton_lighthouse-2024-01-11-190046Z
-13581920.93713726,4434048.923092255,1.7407297333333334,0.012531328320802004,2024-01-11 19:00:46+00:00,walton_lighthouse-2024-01-11-190046Z
-13581919.20909562,4434048.055416667,1.7407297333333334,0.015037593984962405,2024-01-11 19:00:46+00:00,walton_lighthouse-2024-01-11-190046Z
-13581917.492766377,4434047.148654531,1.7407297333333334,0.017543859649122806,2024-01-11 19:00:46+00:00,walton_lighthouse-2024-01-11-190046Z
-13581915.784229215,4434046.215888757,1.7407297333333334,0.020050125313283207,2024-01-11 19:00:46+00:00,walton_lighthouse-2024-01-11-190046Z
-13581914.06135398,4434045.330972006,1.7407297333333334,0.022556390977443608,2024-01-11 19:00:46+00:00,walton_lighthouse-2024-01-11-190046Z
-13581912.362546347,4434044.365736957,1.7407297333333334,0.02506265664160401,2024-01-11 19:00:46+00:00,walton_lighthouse-2024-01-11-190046Z
-13581910.655335153,4434043.428546079,1.7407297333333334,0.02756892230576441,2024-01-11 19:00:46+00:00,walton_lighthouse-2024-01-11-190046Z
-13581908.951739078,4434042.479290955,1.7407297333333334,0.03007518796992481,2024-01-11 19:00:46+00:00,walton_lighthouse-2024-01-11-190046Z
-13581907.220837606,4434041.621159298,1.7407297333333334,0.03258145363408521,2024-01-11 19:00:46+00:00,walton_lighthouse-2024-01-11-190046Z
-13581905.517169258,4434040.672145368,1.7407297333333334,0.03508771929824561,2024-01-11 19:00:46+00:00,walton_lighthouse-2024-01-11-190046Z
-13581903.80363584,4434039.756053043,1.7407297333333334,0.03759398496240601,2024-01-11 19:00:46+00:00,walton_lighthouse-2024-01-11-190046Z
-13581902.081605764,4434038.868315714,1.7407297333333334,0.040100250626566414,2024-01-11 19:00:46+00:00,walton_lighthouse-2024-01-11-190046Z
-13581900.354064092,4434037.998971763,1.7407297333333334,0.042606516290726815,2024-01-11 19:00:46+00:00,walton_lighthouse-2024-01-11-190046Z
-13581898.632223887,4434037.110600832,1.7407297333333334,0.045112781954887216,2024-01-11 19:00:46+00:00,walton_lighthouse-2024-01-11-190046Z
-13581896.926255982,4434036.169260898,1.7407297333333334,0.047619047619047616,2024-01-11 19:00:46+00:00,walton_lighthouse-2024-01-11-190046Z
-13581895.243055224,4434035.151942686,1.7407297333333334,0.05012531328320802,2024-01-11 19:00:46+00:00,walton_lighthouse-2024-01-11-190046Z
-13581893.560573056,4434034.132226378,1.7407297333333334,0.05263157894736842,2024-01-11 19:00:46+00:00,walton_lighthouse-2024-01-11-190046Z
-13581891.865242254,4434033.155388436,1.7407297333333334,0.05513784461152882,2024-01-11 19:00:46+00:00,walton_lighthouse-2024-01-11-190046Z
-13581890.182882195,4434032.135264535,1.7407297333333334,0.05764411027568922,2024-01-11 19:00:46+00:00,walton_lighthouse-2024-01-11-190046Z
-13581888.486284526,4434031.162654376,1.7407297333333334,0.06015037593984962,2024-01-11 19:00:46+00:00,walton_lighthouse-2024-01-11-190046Z
-13581886.792820012,4434030.179588363,1.7407297333333334,0.06265664160401002,2024-01-11 19:00:46+00:00,walton_lighthouse-2024-01-11-190046Z
-13581885.082959369,4434029.251239285,1.7407297333333334,0.06516290726817042,2024-01-11 19:00:46+00:00,walton_lighthouse-2024-01-11-190046Z
-13581883.388732135,4434028.270718453,1.7407297333333334,0.06766917293233082,2024-01-11 19:00:46+00:00,walton_lighthouse-2024-01-11-190046Z
-13581881.69462053,4434027.28981181,1.7407297333333334,0.07017543859649122,2024-01-11 19:00:46+00:00,walton_lighthouse-2024-01-11-190046Z
-13581879.9934028,4434026.332619744,1.7407297333333334,0.07268170426065163,2024-01-11 19:00:46+00:00,walton_lighthouse-2024-01-11-190046Z
-13581878.29372052,4434025.370303569,1.7407297333333334,0.07518796992481203,2024-01-11 19:00:46+00:00,walton_lighthouse-2024-01-11-190046Z
-13581876.599035587,4434024.39131013,1.7407297333333334,0.07769423558897243,2024-01-11 19:00:46+00:00,walton_lighthouse-2024-01-11-190046Z
-13581874.922214368,4434023.35270218,1.7407297333333334,0.08020050125313283,2024-01-11 19:00:46+00:00,walton_lighthouse-2024-01-11-190046Z
-13581873.22486169,4434022.382611624,1.7407297333333334,0.08270676691729323,2024-01-11 19:00:46+00:00,walton_lighthouse-2024-01-11-190046Z
-13581871.524357015,4434021.423039831,1.7407297333333334,0.08521303258145363,2024-01-11 19:00:46+00:00,walton_lighthouse-2024-01-11-190046Z
-13581869.820901774,4434020.473314757,1.7407297333333334,0.08771929824561403,2024-01-11 19:00:46+00:00,walton_lighthouse-2024-01-11-190046Z
-13581868.082602847,4434019.639869795,1.7407297333333334,0.09022556390977443,2024-01-11 19:00:46+00:00,walton_lighthouse-2024-01-11-190046Z
-13581866.35132864,4434018.782981974,1.7407297333333334,0.09273182957393483,2024-01-11 19:00:46+00:00,walton_lighthouse-2024-01-11-190046Z
-13581864.6128422,4434017.950162694,1.7407297333333334,0.09523809523809523,2024-01-11 19:00:46+00:00,walton_lighthouse-2024-01-11-190046Z
-13581862.871170502,4434017.127973313,1.7407297333333334,0.09774436090225563,2024-01-11 19:00:46+00:00,walton_lighthouse-2024-01-11-190046Z
-13581861.145052215,4434016.253879262,1.7407297333333334,0.10025062656641603,2024-01-11 19:00:46+00:00,walton_lighthouse-2024-01-11-190046Z
-13581859.444573522,4434015.294220796,1.7407297333333334,0.10275689223057644,2024-01-11 19:00:46+00:00,walton_lighthouse-2024-01-11-190046Z
-13581857.74270458,4434014.33920183,1.7407297333333334,0.10526315789473684,2024-01-11 19:00:46+00:00,walton_lighthouse-2024-01-11-190046Z
-13581856.02997569,4434013.420424679,1.7407297333333334,0.10776942355889724,2024-01-11 19:00:46+00:00,walton_lighthouse-2024-01-11-190046Z
-13581854.29983468,4434012.559755215,1.7407297333333334,0.11027568922305764,2024-01-11 19:00:46+00:00,walton_lighthouse-2024-01-11-190046Z
-13581852.5254553,4434011.846717738,1.7407297333333334,0.11278195488721804,2024-01-11 19:00:46+00:00,walton_lighthouse-2024-01-11-190046Z
-13581850.757614356,4434011.111860095,1.7407297333333334,0.11528822055137844,2024-01-11 19:00:46+00:00,walton_lighthouse-2024-01-11-190046Z
-13581848.978333045,4434010.415181294,1.7407297333333334,0.11779448621553884,2024-01-11 19:00:46+00:00,walton_lighthouse-2024-01-11-190046Z
-13581847.22083862,4434009.645795463,1.7407297333333334,0.12030075187969924,2024-01-11 19:00:46+00:00,walton_lighthouse-2024-01-11-190046Z
-13581845.47752001,4434008.829102148,1.7407297333333334,0.12280701754385964,2024-01-11 19:00:46+00:00,walton_lighthouse-2024-01-11-190046Z
-13581843.756632676,4434007.937551276,1.7407297333333334,0.12531328320802004,2024-01-11 19:00:46+00:00,walton_lighthouse-2024-01-11-190046Z
-13581842.037210444,4434007.041111069,1.7407297333333334,0.12781954887218044,2024-01-11 19:00:46+00:00,walton_lighthouse-2024-01-11-190046Z
-13581840.332857516,4434006.094381774,1.7407297333333334,0.13032581453634084,2024-01-11 19:00:46+00:00,walton_lighthouse-2024-01-11-190046Z
-13581838.585179266,4434005.292237408,1.7407297333333334,0.13283208020050125,2024-01-11 19:00:46+00:00,walton_lighthouse-2024-01-11-190046Z
-13581836.824315203,4434004.534096603,1.7407297333333334,0.13533834586466165,2024-01-11 19:00:46+00:00,walton_lighthouse-2024-01-11-190046Z
-13581835.08061602,4434003.718673364,1.7407297333333334,0.13784461152882205,2024-01-11 19:00:46+00:00,walton_lighthouse-2024-01-11-190046Z
-13581833.319243908,4434002.962228096,1.7407297333333334,0.14035087719298245,2024-01-11 19:00:46+00:00,walton_lighthouse-2024-01-11-190046Z
-13581831.575635672,4434002.146501316,1.7407297333333334,0.14285714285714285,2024-01-11 19:00:46+00:00,walton_lighthouse-2024-01-11-190046Z
-13581829.853058131,4434001.26059096,1.7407297333333334,0.14536340852130325,2024-01-11 19:00:46+00:00,walton_lighthouse-2024-01-11-190046Z
-13581828.132357763,4434000.36841619,1.7407297333333334,0.14786967418546365,2024-01-11 19:00:46+00:00,walton_lighthouse-2024-01-11-190046Z
-13581826.407673946,4433999.489535032,1.7407297333333334,0.15037593984962405,2024-01-11 19:00:46+00:00,walton_lighthouse-2024-01-11-190046Z
-13581824.675999189,4433998.633983879,1.7407297333333334,0.15288220551378445,2024-01-11 19:00:46+00:00,walton_lighthouse-2024-01-11-190046Z
-13581822.923269706,4433997.8486964125,1.7407297333333334,0.15538847117794485,2024-01-11 19:00:46+00:00,walton_lighthouse-2024-01-11-190046Z
-13581821.158387791,4433997.103964062,1.7407297333333334,0.15789473684210525,2024-01-11 19:00:46+00:00,walton_lighthouse-2024-01-11-190046Z
-13581819.397652471,4433996.345393689,1.7407297333333334,0.16040100250626566,2024-01-11 19:00:46+00:00,walton_lighthouse-2024-01-11-190046Z
-13581817.64004335,4433995.57639055,1.7407297333333334,0.16290726817042606,2024-01-11 19:00:46+00:00,walton_lighthouse-2024-01-11-190046Z
-13581815.920148512,4433994.68152752,1.7407297333333334,0.16541353383458646,2024-01-11 19:00:46+00:00,walton_lighthouse-2024-01-11-190046Z
-13581814.174908647,4433993.871245855,1.7407297333333334,0.16791979949874686,2024-01-11 19:00:46+00:00,walton_lighthouse-2024-01-11-190046Z
-13581812.429594675,4433993.061211441,1.7407297333333334,0.17042606516290726,2024-01-11 19:00:46+00:00,walton_lighthouse-2024-01-11-190046Z
-13581810.693652298,4433992.219902147,1.7407297333333334,0.17293233082706766,2024-01-11 19:00:46+00:00,walton_lighthouse-2024-01-11-190046Z
-13581808.918958314,4433991.507914564,1.7407297333333334,0.17543859649122806,2024-01-11 19:00:46+00:00,walton_lighthouse-2024-01-11-190046Z
-13581807.153718324,4433990.764377159,1.7407297333333334,0.17794486215538846,2024-01-11 19:00:46+00:00,walton_lighthouse-2024-01-11-190046Z
-13581805.392286174,4433990.008132228,1.7407297333333334,0.18045112781954886,2024-01-11 19:00:46+00:00,walton_lighthouse-2024-01-11-190046Z
-13581803.620140132,4433989.287641578,1.7407297333333334,0.18295739348370926,2024-01-11 19:00:46+00:00,walton_lighthouse-2024-01-11-190046Z
-13581801.884045582,4433988.446840171,1.7407297333333334,0.18546365914786966,2024-01-11 19:00:46+00:00,walton_lighthouse-2024-01-11-190046Z
-13581800.14130851,4433987.628206221,1.7407297333333334,0.18796992481203006,2024-01-11 19:00:46+00:00,walton_lighthouse-2024-01-11-190046Z
-13581798.414560732,4433986.756212781,1.7407297333333334,0.19047619047619047,2024-01-11 19:00:46+00:00,walton_lighthouse-2024-01-11-190046Z
-13581796.653582714,4433985.998452288,1.7407297333333334,0.19298245614035087,2024-01-11 19:00:46+00:00,walton_lighthouse-2024-01-11-190046Z
-13581794.861067109,4433985.345938878,1.7407297333333334,0.19548872180451127,2024-01-11 19:00:46+00:00,walton_lighthouse-2024-01-11-190046Z
-13581793.092129871,4433984.614739927,1.7407297333333334,0.19799498746867167,2024-01-11 19:00:46+00:00,walton_lighthouse-2024-01-11-190046Z
-13581791.312955128,4433983.91770551,1.7407297333333334,0.20050125313283207,2024-01-11 19:00:46+00:00,walton_lighthouse-2024-01-11-190046Z
-13581789.566758277,4433983.110617356,1.7407297333333334,0.20300751879699247,2024-01-11 19:00:46+00:00,walton_lighthouse-2024-01-11-190046Z
-13581787.823956762,4433982.292198389,1.7407297333333334,0.20551378446115287,2024-01-11 19:00:46+00:00,walton_lighthouse-2024-01-11-190046Z
-13581786.08346089,4433981.466085087,1.7407297333333334,0.20802005012531327,2024-01-11 19:00:46+00:00,walton_lighthouse-2024-01-11-190046Z
-13581784.359271787,4433980.585552882,1.7407297333333334,0.21052631578947367,2024-01-11 19:00:46+00:00,walton_lighthouse-2024-01-11-190046Z
-13581782.589309318,4433979.857775274,1.7407297333333334,0.21303258145363407,2024-01-11 19:00:46+00:00,walton_lighthouse-2024-01-11-190046Z
-13581780.79306163,4433979.217716511,1.7407297333333334,0.21553884711779447,2024-01-11 19:00:46+00:00,walton_lighthouse-2024-01-11-190046Z
-13581779.018434215,4433978.5055067865,1.7407297333333334,0.21804511278195488,2024-01-11 19:00:46+00:00,walton_lighthouse-2024-01-11-190046Z
-13581777.230692787,4433977.837061029,1.7407297333333334,0.22055137844611528,2024-01-11 19:00:46+00:00,walton_lighthouse-2024-01-11-190046Z
-13581775.475445002,4433977.060177634,1.7407297333333334,0.22305764411027568,2024-01-11 19:00:46+00:00,walton_lighthouse-2024-01-11-190046Z
-13581773.707632722,4433976.325224465,1.7407297333333334,0.22556390977443608,2024-01-11 19:00:46+00:00,walton_lighthouse-2024-01-11-190046Z
-13581771.95559342,4433975.537633794,1.7407297333333334,0.22807017543859648,2024-01-11 19:00:46+00:00,walton_lighthouse-2024-01-11-190046Z
-13581770.16149892,4433974.890389473,1.7407297333333334,0.23057644110275688,2024-01-11 19:00:46+00:00,walton_lighthouse-2024-01-11-190046Z
-13581768.38006852,4433974.200882531,1.7407297333333334,0.23308270676691728,2024-01-11 19:00:46+00:00,walton_lighthouse-2024-01-11-190046Z
-13581766.592851622,4433973.53068636,1.7407297333333334,0.23558897243107768,2024-01-11 19:00:46+00:00,walton_lighthouse-2024-01-11-190046Z
-13581764.814891253,4433972.829599329,1.7407297333333334,0.23809523809523808,2024-01-11 19:00:46+00:00,walton_lighthouse-2024-01-11-190046Z
-13581763.052256083,4433972.077369037,1.7407297333333334,0.24060150375939848,2024-01-11 19:00:46+00:00,walton_lighthouse-2024-01-11-190046Z
-13581761.310243873,4433971.25631601,1.7407297333333334,0.24310776942355888,2024-01-11 19:00:46+00:00,walton_lighthouse-2024-01-11-190046Z
-13581759.535880627,4433970.543224692,1.7407297333333334,0.24561403508771928,2024-01-11 19:00:46+00:00,walton_lighthouse-2024-01-11-190046Z
-13581757.728680449,4433969.939716571,1.7407297333333334,0.24812030075187969,2024-01-11 19:00:46+00:00,walton_lighthouse-2024-01-11-190046Z
-13581755.91726202,4433969.350285495,1.7407297333333334,0.2506265664160401,2024-01-11 19:00:46+00:00,walton_lighthouse-2024-01-11-190046Z
-13581754.10773939,4433968.754527822,1.7407297333333334,0.2531328320802005,2024-01-11 19:00:46+00:00,walton_lighthouse-2024-01-11-190046Z
-13581752.34016838,4433968.01876954,1.7407297333333334,0.2556390977443609,2024-01-11 19:00:46+00:00,walton_lighthouse-2024-01-11-190046Z
-13581750.575466976,4433967.27343471,1.7407297333333334,0.2581453634085213,2024-01-11 19:00:46+00:00,walton_lighthouse-2024-01-11-190046Z
-13581748.790763397,4433966.594851015,1.7407297333333334,0.2606516290726817,2024-01-11 19:00:46+00:00,walton_lighthouse-2024-01-11-190046Z
-13581746.97187798,4433966.030338779,1.7407297333333334,0.2631578947368421,2024-01-11 19:00:46+00:00,walton_lighthouse-2024-01-11-190046Z
-13581745.164454436,4433965.427576104,1.7407297333333334,0.2656641604010025,2024-01-11 19:00:46+00:00,walton_lighthouse-2024-01-11-190046Z
-13581743.348759435,4433964.852416852,1.7407297333333334,0.2681704260651629,2024-01-11 19:00:46+00:00,walton_lighthouse-2024-01-11-190046Z
-13581741.566124825,4433964.166928579,1.7407297333333334,0.2706766917293233,2024-01-11 19:00:46+00:00,walton_lighthouse-2024-01-11-190046Z
-13581739.785882035,4433963.473458407,1.7407297333333334,0.2731829573934837,2024-01-11 19:00:46+00:00,walton_lighthouse-2024-01-11-190046Z
-13581737.988170063,4433962.838286319,1.7407297333333334,0.2756892230576441,2024-01-11 19:00:46+00:00,walton_lighthouse-2024-01-11-190046Z
-13581736.171016824,4433962.267993485,1.7407297333333334,0.2781954887218045,2024-01-11 19:00:46+00:00,walton_lighthouse-2024-01-11-190046Z
-13581734.368063573,4433961.650312503,1.7407297333333334,0.2807017543859649,2024-01-11 19:00:46+00:00,walton_lighthouse-2024-01-11-190046Z
-13581732.55912258,4433961.052613765,1.7407297333333334,0.2832080200501253,2024-01-11 19:00:46+00:00,walton_lighthouse-2024-01-11-190046Z
-13581730.80110612,4433960.284970064,1.7407297333333334,0.2857142857142857,2024-01-11 19:00:46+00:00,walton_lighthouse-2024-01-11-190046Z
-13581729.035918191,4433959.5412589,1.7407297333333334,0.2882205513784461,2024-01-11 19:00:46+00:00,walton_lighthouse-2024-01-11-190046Z
-13581727.249038504,4433958.869937303,1.7407297333333334,0.2907268170426065,2024-01-11 19:00:46+00:00,walton_lighthouse-2024-01-11-190046Z
-13581725.448042164,4433958.245725767,1.7407297333333334,0.2932330827067669,2024-01-11 19:00:46+00:00,walton_lighthouse-2024-01-11-190046Z
-13581723.648742124,4433957.615853349,1.7407297333333334,0.2957393483709273,2024-01-11 19:00:46+00:00,walton_lighthouse-2024-01-11-190046Z
-13581721.869729346,4433956.918278392,1.7407297333333334,0.2982456140350877,2024-01-11 19:00:46+00:00,walton_lighthouse-2024-01-11-190046Z
-13581720.098988296,4433956.193099018,1.7407297333333334,0.3007518796992481,2024-01-11 19:00:46+00:00,walton_lighthouse-2024-01-11-190046Z
-13581718.331616456,4433955.456675995,1.7407297333333334,0.3032581453634085,2024-01-11 19:00:46+00:00,walton_lighthouse-2024-01-11-190046Z
-13581716.552548708,4433954.759284545,1.7407297333333334,0.3057644110275689,2024-01-11 19:00:46+00:00,walton_lighthouse-2024-01-11-190046Z
-13581714.75171958,4433954.134514952,1.7407297333333334,0.3082706766917293,2024-01-11 19:00:46+00:00,walton_lighthouse-2024-01-11-190046Z
-13581712.952010492,4433953.506007546,1.7407297333333334,0.3107769423558897,2024-01-11 19:00:46+00:00,walton_lighthouse-2024-01-11-190046Z
-13581711.164031817,4433952.838353568,1.7407297333333334,0.3132832080200501,2024-01-11 19:00:46+00:00,walton_lighthouse-2024-01-11-190046Z
-13581709.396056194,4433952.103945475,1.7407297333333334,0.3157894736842105,2024-01-11 19:00:46+00:00,walton_lighthouse-2024-01-11-190046Z
-13581707.61996671,4433951.396614893,1.7407297333333334,0.3182957393483709,2024-01-11 19:00:46+00:00,walton_lighthouse-2024-01-11-190046Z
-13581705.816304203,4433950.781300822,1.7407297333333334,0.3208020050125313,2024-01-11 19:00:46+00:00,walton_lighthouse-2024-01-11-190046Z
-13581704.01325387,4433950.163943902,1.7407297333333334,0.3233082706766917,2024-01-11 19:00:46+00:00,walton_lighthouse-2024-01-11-190046Z
-13581702.209730754,4433949.548164686,1.7407297333333334,0.3258145363408521,2024-01-11 19:00:46+00:00,walton_lighthouse-2024-01-11-190046Z
-13581700.432479896,4433948.844709817,1.7407297333333334,0.3283208020050125,2024-01-11 19:00:46+00:00,walton_lighthouse-2024-01-11-190046Z
-13581698.668526275,4433948.096879544,1.7407297333333334,0.3308270676691729,2024-01-11 19:00:46+00:00,walton_lighthouse-2024-01-11-190046Z
-13581696.866573373,4433947.475860254,1.7407297333333334,0.3333333333333333,2024-01-11 19:00:46+00:00,walton_lighthouse-2024-01-11-190046Z
-13581695.060704738,4433946.867908489,1.7407297333333334,0.3358395989974937,2024-01-11 19:00:46+00:00,walton_lighthouse-2024-01-11-190046Z
-13581693.244750198,4433946.293615306,1.7407297333333334,0.3383458646616541,2024-01-11 19:00:46+00:00,walton_lighthouse-2024-01-11-190046Z
-13581691.460981954,4433945.611910259,1.7407297333333334,0.3408521303258145,2024-01-11 19:00:46+00:00,walton_lighthouse-2024-01-11-190046Z
-13581689.682161028,4433944.913695117,1.7407297333333334,0.3433583959899749,2024-01-11 19:00:46+00:00,walton_lighthouse-2024-01-11-190046Z
-13581687.908029726,4433944.199829695,1.7407297333333334,0.3458646616541353,2024-01-11 19:00:46+00:00,walton_lighthouse-2024-01-11-190046Z
-13581686.10397741,4433943.585816485,1.7407297333333334,0.3483709273182957,2024-01-11 19:00:46+00:00,walton_lighthouse-2024-01-11-190046Z
-13581684.30057755,4433942.969625946,1.7407297333333334,0.3508771929824561,2024-01-11 19:00:46+00:00,walton_lighthouse-2024-01-11-190046Z
-13581682.52353526,4433942.265475122,1.7407297333333334,0.3533834586466165,2024-01-11 19:00:46+00:00,walton_lighthouse-2024-01-11-190046Z
-13581680.746640695,4433941.560831294,1.7407297333333334,0.3558897243107769,2024-01-11 19:00:46+00:00,walton_lighthouse-2024-01-11-190046Z
-13581678.955726985,4433940.902971987,1.7407297333333334,0.3583959899749373,2024-01-11 19:00:46+00:00,walton_lighthouse-2024-01-11-190046Z
-13581677.155407032,4433940.276503204,1.7407297333333334,0.3609022556390977,2024-01-11 19:00:46+00:00,walton_lighthouse-2024-01-11-190046Z
-13581675.36654379,4433939.611801186,1.7407297333333334,0.3634085213032581,2024-01-11 19:00:46+00:00,walton_lighthouse-2024-01-11-190046Z
-13581673.575238064,4433938.95525018,1.7407297333333334,0.3659147869674185,2024-01-11 19:00:46+00:00,walton_lighthouse-2024-01-11-190046Z
-13581671.802208714,4433938.237707338,1.7407297333333334,0.3684210526315789,2024-01-11 19:00:46+00:00,walton_lighthouse-2024-01-11-190046Z
-13581670.0123703,4433937.5762596,1.7407297333333334,0.37092731829573933,2024-01-11 19:00:46+00:00,walton_lighthouse-2024-01-11-190046Z
-13581668.194768485,4433937.007463789,1.7407297333333334,0.37343358395989973,2024-01-11 19:00:46+00:00,walton_lighthouse-2024-01-11-190046Z
-13581666.382662514,4433936.420327219,1.7407297333333334,0.37593984962406013,2024-01-11 19:00:46+00:00,walton_lighthouse-2024-01-11-190046Z
-13581664.5806572,4433935.79948277,1.7407297333333334,0.37844611528822053,2024-01-11 19:00:46+00:00,walton_lighthouse-2024-01-11-190046Z
-13581662.807862831,4433935.081155788,1.7407297333333334,0.38095238095238093,2024-01-11 19:00:46+00:00,walton_lighthouse-2024-01-11-190046Z
-13581660.998802168,4433934.483856467,1.7407297333333334,0.38345864661654133,2024-01-11 19:00:46+00:00,walton_lighthouse-2024-01-11-190046Z
-13581659.187495468,4433933.894052587,1.7407297333333334,0.38596491228070173,2024-01-11 19:00:46+00:00,walton_lighthouse-2024-01-11-190046Z
-13581657.389553009,4433933.259649609,1.7407297333333334,0.38847117794486213,2024-01-11 19:00:46+00:00,walton_lighthouse-2024-01-11-190046Z
-13581655.620956143,4433932.527314754,1.7407297333333334,0.39097744360902253,2024-01-11 19:00:46+00:00,walton_lighthouse-2024-01-11-190046Z
-13581653.856904536,4433931.779811491,1.7407297333333334,0.39348370927318294,2024-01-11 19:00:46+00:00,walton_lighthouse-2024-01-11-190046Z
-13581652.085620975,4433931.056442563,1.7407297333333334,0.39598997493734334,2024-01-11 19:00:46+00:00,walton_lighthouse-2024-01-11-190046Z
-13581650.281925654,4433930.441238045,1.7407297333333334,0.39849624060150374,2024-01-11 19:00:46+00:00,walton_lighthouse-2024-01-11-190046Z
-13581648.491328992,4433929.782320785,1.7407297333333334,0.40100250626566414,2024-01-11 19:00:46+00:00,walton_lighthouse-2024-01-11-190046Z
-13581646.725703208,4433929.040070832,1.7407297333333334,0.40350877192982454,2024-01-11 19:00:46+00:00,walton_lighthouse-2024-01-11-190046Z
-13581644.961924158,4433928.291657948,1.7407297333333334,0.40601503759398494,2024-01-11 19:00:46+00:00,walton_lighthouse-2024-01-11-190046Z
-13581643.17138389,4433927.632552432,1.7407297333333334,0.40852130325814534,2024-01-11 19:00:46+00:00,walton_lighthouse-2024-01-11-190046Z
-13581641.387225792,4433926.952148442,1.7407297333333334,0.41102756892230574,2024-01-11 19:00:46+00:00,walton_lighthouse-2024-01-11-190046Z
-13581639.604005735,4433926.268613975,1.7407297333333334,0.41353383458646614,2024-01-11 19:00:46+00:00,walton_lighthouse-2024-01-11-190046Z
-13581637.841397995,4433925.516292186,1.7407297333333334,0.41604010025062654,2024-01-11 19:00:46+00:00,walton_lighthouse-2024-01-11-190046Z
-13581636.102286683,4433924.685558315,1.7407297333333334,0.41854636591478694,2024-01-11 19:00:46+00:00,walton_lighthouse-2024-01-11-190046Z
-13581634.30944646,4433924.03412823,1.7407297333333334,0.42105263157894735,2024-01-11 19:00:46+00:00,walton_lighthouse-2024-01-11-190046Z
-13581632.541015215,4433923.301240641,1.7407297333333334,0.42355889724310775,2024-01-11 19:00:46+00:00,walton_lighthouse-2024-01-11-190046Z
-13581630.74962892,4433922.64495847,1.7407297333333334,0.42606516290726815,2024-01-11 19:00:46+00:00,walton_lighthouse-2024-01-11-190046Z
-13581628.995409545,4433921.864643123,1.7407297333333334,0.42857142857142855,2024-01-11 19:00:46+00:00,walton_lighthouse-2024-01-11-190046Z
-13581627.225240668,4433921.137554403,1.7407297333333334,0.43107769423558895,2024-01-11 19:00:46+00:00,walton_lighthouse-2024-01-11-190046Z
-13581625.43656588,4433920.472223421,1.7407297333333334,0.43358395989974935,2024-01-11 19:00:46+00:00,walton_lighthouse-2024-01-11-190046Z
-13581623.63607078,4433919.846339102,1.7407297333333334,0.43609022556390975,2024-01-11 19:00:46+00:00,walton_lighthouse-2024-01-11-190046Z
-13581621.853220752,4433919.161569779,1.7407297333333334,0.43859649122807015,2024-01-11 19:00:46+00:00,walton_lighthouse-2024-01-11-190046Z
-13581620.087395504,4433918.419985514,1.7407297333333334,0.44110275689223055,2024-01-11 19:00:46+00:00,walton_lighthouse-2024-01-11-190046Z
-13581618.27179538,4433917.844509646,1.7407297333333334,0.44360902255639095,2024-01-11 19:00:46+00:00,walton_lighthouse-2024-01-11-190046Z
-13581616.468125273,4433917.229220904,1.7407297333333334,0.44611528822055135,2024-01-11 19:00:46+00:00,walton_lighthouse-2024-01-11-190046Z
-13581614.670168389,4433916.594866107,1.7407297333333334,0.44862155388471175,2024-01-11 19:00:46+00:00,walton_lighthouse-2024-01-11-190046Z
-13581612.904443938,4433915.852945451,1.7407297333333334,0.45112781954887216,2024-01-11 19:00:46+00:00,walton_lighthouse-2024-01-11-190046Z
-13581611.124710497,4433915.157775489,1.7407297333333334,0.45363408521303256,2024-01-11 19:00:46+00:00,walton_lighthouse-2024-01-11-190046Z
-13581609.314025609,4433914.565896476,1.7407297333333334,0.45614035087719296,2024-01-11 19:00:46+00:00,walton_lighthouse-2024-01-11-190046Z
-13581607.508181438,4433913.957863053,1.7407297333333334,0.45864661654135336,2024-01-11 19:00:46+00:00,walton_lighthouse-2024-01-11-190046Z
-13581605.727659903,4433913.265323144,1.7407297333333334,0.46115288220551376,2024-01-11 19:00:46+00:00,walton_lighthouse-2024-01-11-190046Z
-13581603.940772884,4433912.594026048,1.7407297333333334,0.46365914786967416,2024-01-11 19:00:46+00:00,walton_lighthouse-2024-01-11-190046Z
-13581602.128937691,4433912.005985818,1.7407297333333334,0.46616541353383456,2024-01-11 19:00:46+00:00,walton_lighthouse-2024-01-11-190046Z
-13581600.318282008,4433911.414009423,1.7407297333333334,0.46867167919799496,2024-01-11 19:00:46+00:00,walton_lighthouse-2024-01-11-190046Z
-13581598.534760397,4433910.731481295,1.7407297333333334,0.47117794486215536,2024-01-11 19:00:46+00:00,walton_lighthouse-2024-01-11-190046Z
-13581596.745616864,4433910.067714588,1.7407297333333334,0.47368421052631576,2024-01-11 19:00:46+00:00,walton_lighthouse-2024-01-11-190046Z
-13581594.93224151,4433909.484814199,1.7407297333333334,0.47619047619047616,2024-01-11 19:00:46+00:00,walton_lighthouse-2024-01-11-190046Z
-13581593.118161382,4433908.904265826,1.7407297333333334,0.47869674185463656,2024-01-11 19:00:46+00:00,walton_lighthouse-2024-01-11-190046Z
-13581591.322576102,4433908.261996543,1.7407297333333334,0.48120300751879697,2024-01-11 19:00:46+00:00,walton_lighthouse-2024-01-11-190046Z
-13581589.499124674,4433907.712721909,1.7407297333333334,0.48370927318295737,2024-01-11 19:00:46+00:00,walton_lighthouse-2024-01-11-190046Z
-13581587.66639341,4433907.194415951,1.7407297333333334,0.48621553884711777,2024-01-11 19:00:46+00:00,walton_lighthouse-2024-01-11-190046Z
-13581585.857683046,4433906.5959476335,1.7407297333333334,0.48872180451127817,2024-01-11 19:00:46+00:00,walton_lighthouse-2024-01-11-190046Z
-13581584.053428816,4433905.982608297,1.7407297333333334,0.49122807017543857,2024-01-11 19:00:46+00:00,walton_lighthouse-2024-01-11-190046Z
-13581582.21613008,4433905.479544861,1.7407297333333334,0.49373433583959897,2024-01-11 19:00:46+00:00,walton_lighthouse-2024-01-11-190046Z
-13581580.37744974,4433904.981092101,1.7407297333333334,0.49624060150375937,2024-01-11 19:00:46+00:00,walton_lighthouse-2024-01-11-190046Z
-13581578.55708849,4433904.421505049,1.7407297333333334,0.49874686716791977,2024-01-11 19:00:46+00:00,walton_lighthouse-2024-01-11-190046Z
-13581576.730445858,4433903.882880148,1.7407297333333334,0.5012531328320802,2024-01-11 19:00:46+00:00,walton_lighthouse-2024-01-11-190046Z
-13581574.88488799,4433903.407379023,1.7407297333333334,0.5037593984962405,2024-01-11 19:00:46+00:00,walton_lighthouse-2024-01-11-190046Z
-13581573.063909264,4433902.8498525815,1.7407297333333334,0.506265664160401,2024-01-11 19:00:46+00:00,walton_lighthouse-2024-01-11-190046Z
-13581571.230243484,4433902.334665302,1.7407297333333334,0.5087719298245614,2024-01-11 19:00:46+00:00,walton_lighthouse-2024-01-11-190046Z
-13581569.38279636,4433901.865469029,1.7407297333333334,0.5112781954887218,2024-01-11 19:00:46+00:00,walton_lighthouse-2024-01-11-190046Z
-13581567.552285708,4433901.339752415,1.7407297333333334,0.5137844611528821,2024-01-11 19:00:46+00:00,walton_lighthouse-2024-01-11-190046Z
-13581565.71903382,4433900.823183895,1.7407297333333334,0.5162907268170426,2024-01-11 19:00:46+00:00,walton_lighthouse-2024-01-11-190046Z
-13581563.8699133,4433900.359572123,1.7407297333333334,0.518796992481203,2024-01-11 19:00:46+00:00,walton_lighthouse-2024-01-11-190046Z
-13581562.03302125,4433899.855151485,1.7407297333333334,0.5213032581453634,2024-01-11 19:00:46+00:00,walton_lighthouse-2024-01-11-190046Z
-13581560.192695731,4433899.362188992,1.7407297333333334,0.5238095238095237,2024-01-11 19:00:46+00:00,walton_lighthouse-2024-01-11-190046Z
-13581558.33007134,4433898.9436421925,1.7407297333333334,0.5263157894736842,2024-01-11 19:00:46+00:00,walton_lighthouse-2024-01-11-190046Z
-13581556.484955916,4433898.466664628,1.7407297333333334,0.5288220551378446,2024-01-11 19:00:46+00:00,walton_lighthouse-2024-01-11-190046Z
-13581554.648216948,4433897.961733178,1.7407297333333334,0.531328320802005,2024-01-11 19:00:46+00:00,walton_lighthouse-2024-01-11-190046Z
-13581552.795684217,4433897.509508499,1.7407297333333334,0.5338345864661653,2024-01-11 19:00:46+00:00,walton_lighthouse-2024-01-11-190046Z
-13581550.965267517,4433896.9834784325,1.7407297333333334,0.5363408521303258,2024-01-11 19:00:46+00:00,walton_lighthouse-2024-01-11-190046Z
-13581549.12995042,4433896.473801903,1.7407297333333334,0.5388471177944862,2024-01-11 19:00:46+00:00,walton_lighthouse-2024-01-11-190046Z
-13581547.282143503,4433896.005806279,1.7407297333333334,0.5413533834586466,2024-01-11 19:00:46+00:00,walton_lighthouse-2024-01-11-190046Z
-13581545.46639816,4433895.430815034,1.7407297333333334,0.5438596491228069,2024-01-11 19:00:46+00:00,walton_lighthouse-2024-01-11-190046Z
-13581543.642903136,4433894.881685969,1.7407297333333334,0.5463659147869674,2024-01-11 19:00:46+00:00,walton_lighthouse-2024-01-11-190046Z
-13581541.806088677,4433894.377006434,1.7407297333333334,0.5488721804511278,2024-01-11 19:00:46+00:00,walton_lighthouse-2024-01-11-190046Z
-13581540.00664764,4433893.747604495,1.7407297333333334,0.5513784461152882,2024-01-11 19:00:46+00:00,walton_lighthouse-2024-01-11-190046Z
-13581538.171143811,4433893.238551121,1.7407297333333334,0.5538847117794485,2024-01-11 19:00:46+00:00,walton_lighthouse-2024-01-11-190046Z
-13581536.35165925,4433892.676038411,1.7407297333333334,0.556390977443609,2024-01-11 19:00:46+00:00,walton_lighthouse-2024-01-11-190046Z
-13581534.537327176,4433892.096330766,1.7407297333333334,0.5588972431077694,2024-01-11 19:00:46+00:00,walton_lighthouse-2024-01-11-190046Z
-13581532.707010577,4433891.569966569,1.7407297333333334,0.5614035087719298,2024-01-11 19:00:46+00:00,walton_lighthouse-2024-01-11-190046Z
-13581530.875505988,4433891.047566957,1.7407297333333334,0.5639097744360901,2024-01-11 19:00:46+00:00,walton_lighthouse-2024-01-11-190046Z
-13581529.065964986,4433890.45187064,1.7407297333333334,0.5664160401002506,2024-01-11 19:00:46+00:00,walton_lighthouse-2024-01-11-190046Z
-13581527.22477514,4433889.961792636,1.7407297333333334,0.568922305764411,2024-01-11 19:00:46+00:00,walton_lighthouse-2024-01-11-190046Z
-13581525.386778034,4433889.461059746,1.7407297333333334,0.5714285714285714,2024-01-11 19:00:46+00:00,walton_lighthouse-2024-01-11-190046Z
-13581523.527028522,4433889.032918929,1.7407297333333334,0.5739348370927317,2024-01-11 19:00:46+00:00,walton_lighthouse-2024-01-11-190046Z
-13581521.670728903,4433888.59326517,1.7407297333333334,0.5764411027568922,2024-01-11 19:00:46+00:00,walton_lighthouse-2024-01-11-190046Z
-13581519.821100917,4433888.131346866,1.7407297333333334,0.5789473684210527,2024-01-11 19:00:46+00:00,walton_lighthouse-2024-01-11-190046Z
-13581517.95414004,4433887.727271753,1.7407297333333334,0.581453634085213,2024-01-11 19:00:46+00:00,walton_lighthouse-2024-01-11-190046Z
-13581516.107814845,4433887.25433135,1.7407297333333334,0.5839598997493733,2024-01-11 19:00:46+00:00,walton_lighthouse-2024-01-11-190046Z
-13581514.270041715,4433886.752851113,1.7407297333333334,0.5864661654135338,2024-01-11 19:00:46+00:00,walton_lighthouse-2024-01-11-190046Z
-13581512.401338171,4433886.354591641,1.7407297333333334,0.5889724310776943,2024-01-11 19:00:46+00:00,walton_lighthouse-2024-01-11-190046Z
-13581510.559331506,4433885.86723946,1.7407297333333334,0.5914786967418546,2024-01-11 19:00:46+00:00,walton_lighthouse-2024-01-11-190046Z
-13581508.71180526,4433885.398307245,1.7407297333333334,0.593984962406015,2024-01-11 19:00:46+00:00,walton_lighthouse-2024-01-11-190046Z
-13581506.884947544,4433884.860400137,1.7407297333333334,0.5964912280701754,2024-01-11 19:00:46+00:00,walton_lighthouse-2024-01-11-190046Z
-13581505.055611588,4433884.330763383,1.7407297333333334,0.5989974937343359,2024-01-11 19:00:46+00:00,walton_lighthouse-2024-01-11-190046Z
-13581503.20936314,4433883.857566851,1.7407297333333334,0.6015037593984962,2024-01-11 19:00:46+00:00,walton_lighthouse-2024-01-11-190046Z
-13581501.39156649,4433883.289421191,1.7407297333333334,0.6040100250626566,2024-01-11 19:00:46+00:00,walton_lighthouse-2024-01-11-190046Z
-13581499.535291811,4433882.849684234,1.7407297333333334,0.606516290726817,2024-01-11 19:00:46+00:00,walton_lighthouse-2024-01-11-190046Z
-13581497.686468208,4433882.385081514,1.7407297333333334,0.6090225563909775,2024-01-11 19:00:46+00:00,walton_lighthouse-2024-01-11-190046Z
-13581495.81586517,4433881.993160977,1.7407297333333334,0.6115288220551378,2024-01-11 19:00:46+00:00,walton_lighthouse-2024-01-11-190046Z
-13581493.955343217,4433881.567597982,1.7407297333333334,0.6140350877192982,2024-01-11 19:00:46+00:00,walton_lighthouse-2024-01-11-190046Z
-13581492.095272014,4433881.140530704,1.7407297333333334,0.6165413533834586,2024-01-11 19:00:46+00:00,walton_lighthouse-2024-01-11-190046Z
-13581490.235897236,4433880.711139299,1.7407297333333334,0.6190476190476191,2024-01-11 19:00:46+00:00,walton_lighthouse-2024-01-11-190046Z
-13581488.370543756,4433880.301699979,1.7407297333333334,0.6215538847117794,2024-01-11 19:00:46+00:00,walton_lighthouse-2024-01-11-190046Z
-13581486.517581616,4433879.850908421,1.7407297333333334,0.6240601503759398,2024-01-11 19:00:46+00:00,walton_lighthouse-2024-01-11-190046Z
-13581484.656362534,4433879.427671838,1.7407297333333334,0.6265664160401002,2024-01-11 19:00:46+00:00,walton_lighthouse-2024-01-11-190046Z
-13581482.802177554,4433878.980961056,1.7407297333333334,0.6290726817042607,2024-01-11 19:00:46+00:00,walton_lighthouse-2024-01-11-190046Z
-13581480.951861626,4433878.521338561,1.7407297333333334,0.631578947368421,2024-01-11 19:00:46+00:00,walton_lighthouse-2024-01-11-190046Z
-13581479.105491878,4433878.048546877,1.7407297333333334,0.6340852130325814,2024-01-11 19:00:46+00:00,walton_lighthouse-2024-01-11-190046Z
-13581477.259529663,4433877.5743951695,1.7407297333333334,0.6365914786967418,2024-01-11 19:00:46+00:00,walton_lighthouse-2024-01-11-190046Z
-13581475.41673272,4433877.089680306,1.7407297333333334,0.6390977443609023,2024-01-11 19:00:46+00:00,walton_lighthouse-2024-01-11-190046Z
-13581473.574358538,4433876.603554636,1.7407297333333334,0.6416040100250626,2024-01-11 19:00:46+00:00,walton_lighthouse-2024-01-11-190046Z
-13581471.753983345,4433876.044014133,1.7407297333333334,0.644110275689223,2024-01-11 19:00:46+00:00,walton_lighthouse-2024-01-11-190046Z
-13581469.919593267,4433875.531243932,1.7407297333333334,0.6466165413533834,2024-01-11 19:00:46+00:00,walton_lighthouse-2024-01-11-190046Z
-13581468.081958896,4433875.029300557,1.7407297333333334,0.6491228070175439,2024-01-11 19:00:46+00:00,walton_lighthouse-2024-01-11-190046Z
-13581466.253156766,4433874.497882319,1.7407297333333334,0.6516290726817042,2024-01-11 19:00:46+00:00,walton_lighthouse-2024-01-11-190046Z
-13581464.401596382,4433874.042412836,1.7407297333333334,0.6541353383458646,2024-01-11 19:00:46+00:00,walton_lighthouse-2024-01-11-190046Z
-13581462.547259118,4433873.596210312,1.7407297333333334,0.656641604010025,2024-01-11 19:00:46+00:00,walton_lighthouse-2024-01-11-190046Z
-13581460.70754916,4433873.101193545,1.7407297333333334,0.6591478696741855,2024-01-11 19:00:46+00:00,walton_lighthouse-2024-01-11-190046Z
-13581458.857148914,4433872.641852414,1.7407297333333334,0.6616541353383458,2024-01-11 19:00:46+00:00,walton_lighthouse-2024-01-11-190046Z
-13581457.024501992,4433872.123265027,1.7407297333333334,0.6641604010025062,2024-01-11 19:00:46+00:00,walton_lighthouse-2024-01-11-190046Z
-13581455.198814856,4433871.581451454,1.7407297333333334,0.6666666666666666,2024-01-11 19:00:46+00:00,walton_lighthouse-2024-01-11-190046Z
-13581453.37162812,4433871.044642317,1.7407297333333334,0.6691729323308271,2024-01-11 19:00:46+00:00,walton_lighthouse-2024-01-11-190046Z
-13581451.551774452,4433870.483361295,1.7407297333333334,0.6716791979949874,2024-01-11 19:00:46+00:00,walton_lighthouse-2024-01-11-190046Z
-13581449.72116513,4433869.957974051,1.7407297333333334,0.6741854636591478,2024-01-11 19:00:46+00:00,walton_lighthouse-2024-01-11-190046Z
-13581447.901320646,4433869.396662409,1.7407297333333334,0.6766917293233082,2024-01-11 19:00:46+00:00,walton_lighthouse-2024-01-11-190046Z
-13581446.074505305,4433868.858613833,1.7407297333333334,0.6791979949874687,2024-01-11 19:00:46+00:00,walton_lighthouse-2024-01-11-190046Z
-13581444.234514376,4433868.364534806,1.7407297333333334,0.681704260651629,2024-01-11 19:00:46+00:00,walton_lighthouse-2024-01-11-190046Z
-13581442.40781919,4433867.826085308,1.7407297333333334,0.6842105263157894,2024-01-11 19:00:46+00:00,walton_lighthouse-2024-01-11-190046Z
-13581440.582820838,4433867.281973122,1.7407297333333334,0.6867167919799498,2024-01-11 19:00:46+00:00,walton_lighthouse-2024-01-11-190046Z
-13581438.753399568,4433866.752621031,1.7407297333333334,0.6892230576441103,2024-01-11 19:00:46+00:00,walton_lighthouse-2024-01-11-190046Z
-13581436.924131803,4433866.222756749,1.7407297333333334,0.6917293233082706,2024-01-11 19:00:46+00:00,walton_lighthouse-2024-01-11-190046Z
-13581435.10170358,4433865.670067571,1.7407297333333334,0.694235588972431,2024-01-11 19:00:46+00:00,walton_lighthouse-2024-01-11-190046Z
-13581433.28345245,4433865.103438533,1.7407297333333334,0.6967418546365914,2024-01-11 19:00:46+00:00,walton_lighthouse-2024-01-11-190046Z
-13581431.472760048,4433864.511584622,1.7407297333333334,0.6992481203007519,2024-01-11 19:00:46+00:00,walton_lighthouse-2024-01-11-190046Z
-13581429.6736232,4433863.881167629,1.7407297333333334,0.7017543859649122,2024-01-11 19:00:46+00:00,walton_lighthouse-2024-01-11-190046Z
-13581427.863102527,4433863.28874062,1.7407297333333334,0.7042606516290726,2024-01-11 19:00:46+00:00,walton_lighthouse-2024-01-11-190046Z
-13581426.060379488,4433862.670291386,1.7407297333333334,0.706766917293233,2024-01-11 19:00:46+00:00,walton_lighthouse-2024-01-11-190046Z
-13581424.232851291,4433862.134621748,1.7407297333333334,0.7092731829573935,2024-01-11 19:00:46+00:00,walton_lighthouse-2024-01-11-190046Z
-13581422.440247394,4433861.482403036,1.7407297333333334,0.7117794486215538,2024-01-11 19:00:46+00:00,walton_lighthouse-2024-01-11-190046Z
-13581420.623119917,4433860.91202422,1.7407297333333334,0.7142857142857142,2024-01-11 19:00:46+00:00,walton_lighthouse-2024-01-11-190046Z
-13581418.839765526,4433860.228938016,1.7407297333333334,0.7167919799498746,2024-01-11 19:00:46+00:00,walton_lighthouse-2024-01-11-190046Z
-13581417.033956166,4433859.620788466,1.7407297333333334,0.7192982456140351,2024-01-11 19:00:46+00:00,walton_lighthouse-2024-01-11-190046Z
-13581415.253573265,4433858.927785885,1.7407297333333334,0.7218045112781954,2024-01-11 19:00:46+00:00,walton_lighthouse-2024-01-11-190046Z
-13581413.45197981,4433858.305567023,1.7407297333333334,0.7243107769423558,2024-01-11 19:00:46+00:00,walton_lighthouse-2024-01-11-190046Z
-13581411.633100431,4433857.741034595,1.7407297333333334,0.7268170426065163,2024-01-11 19:00:46+00:00,walton_lighthouse-2024-01-11-190046Z
-13581409.781518783,4433857.285636027,1.7407297333333334,0.7293233082706767,2024-01-11 19:00:46+00:00,walton_lighthouse-2024-01-11-190046Z
-13581407.90650186,4433856.908445588,1.7407297333333334,0.731829573934837,2024-01-11 19:00:46+00:00,walton_lighthouse-2024-01-11-190046Z
-13581406.052100198,4433856.462457921,1.7407297333333334,0.7343358395989974,2024-01-11 19:00:46+00:00,walton_lighthouse-2024-01-11-190046Z
-13581404.207983715,4433855.982146614,1.7407297333333334,0.7368421052631579,2024-01-11 19:00:46+00:00,walton_lighthouse-2024-01-11-190046Z
-13581402.361518174,4433855.509674602,1.7407297333333334,0.7393483709273183,2024-01-11 19:00:46+00:00,walton_lighthouse-2024-01-11-190046Z
-13581400.504513748,4433855.0723729385,1.7407297333333334,0.7418546365914787,2024-01-11 19:00:46+00:00,walton_lighthouse-2024-01-11-190046Z
-13581398.645991648,4433854.640136028,1.7407297333333334,0.744360902255639,2024-01-11 19:00:46+00:00,walton_lighthouse-2024-01-11-190046Z
-13581396.80985873,4433854.133181983,1.7407297333333334,0.7468671679197995,2024-01-11 19:00:46+00:00,walton_lighthouse-2024-01-11-190046Z
-13581394.967705064,4433853.64632041,1.7407297333333334,0.7493734335839599,2024-01-11 19:00:46+00:00,walton_lighthouse-2024-01-11-190046Z
-13581393.110868253,4433853.208459383,1.7407297333333334,0.7518796992481203,2024-01-11 19:00:46+00:00,walton_lighthouse-2024-01-11-190046Z
-13581391.264722353,4433852.734920679,1.7407297333333334,0.7543859649122806,2024-01-11 19:00:46+00:00,walton_lighthouse-2024-01-11-190046Z
-13581389.39816698,4433852.3294922775,1.7407297333333334,0.7568922305764411,2024-01-11 19:00:46+00:00,walton_lighthouse-2024-01-11-190046Z
-13581387.534648769,4433851.913928348,1.7407297333333334,0.7593984962406015,2024-01-11 19:00:46+00:00,walton_lighthouse-2024-01-11-190046Z
-13581385.65715347,4433851.545008711,1.7407297333333334,0.7619047619047619,2024-01-11 19:00:46+00:00,walton_lighthouse-2024-01-11-190046Z
-13581383.789596375,4433851.142923276,1.7407297333333334,0.7644110275689222,2024-01-11 19:00:46+00:00,walton_lighthouse-2024-01-11-190046Z
-13581381.936106851,4433850.693891625,1.7407297333333334,0.7669172932330827,2024-01-11 19:00:46+00:00,walton_lighthouse-2024-01-11-190046Z
-13581380.076002682,4433850.266934408,1.7407297333333334,0.7694235588972431,2024-01-11 19:00:46+00:00,walton_lighthouse-2024-01-11-190046Z
-13581378.21049004,4433849.858026275,1.7407297333333334,0.7719298245614035,2024-01-11 19:00:46+00:00,walton_lighthouse-2024-01-11-190046Z
-13581376.349855734,4433849.432838156,1.7407297333333334,0.7744360902255638,2024-01-11 19:00:46+00:00,walton_lighthouse-2024-01-11-190046Z
-13581374.479956508,4433849.038568873,1.7407297333333334,0.7769423558897243,2024-01-11 19:00:46+00:00,walton_lighthouse-2024-01-11-190046Z
-13581372.602932869,4433848.668075213,1.7407297333333334,0.7794486215538847,2024-01-11 19:00:46+00:00,walton_lighthouse-2024-01-11-190046Z
-13581370.678695172,4433848.4551439565,1.7407297333333334,0.7819548872180451,2024-01-11 19:00:46+00:00,walton_lighthouse-2024-01-11-190046Z
-13581368.758287266,4433848.229431924,1.7407297333333334,0.7844611528822054,2024-01-11 19:00:46+00:00,walton_lighthouse-2024-01-11-190046Z
-13581366.83932196,4433847.998905712,1.7407297333333334,0.7869674185463659,2024-01-11 19:00:46+00:00,walton_lighthouse-2024-01-11-190046Z
-13581364.896435108,4433847.84821033,1.7407297333333334,0.7894736842105263,2024-01-11 19:00:46+00:00,walton_lighthouse-2024-01-11-190046Z
-13581362.949360002,4433847.711491957,1.7407297333333334,0.7919799498746867,2024-01-11 19:00:46+00:00,walton_lighthouse-2024-01-11-190046Z
-13581360.997276075,4433847.59148893,1.7407297333333334,0.794486215538847,2024-01-11 19:00:46+00:00,walton_lighthouse-2024-01-11-190046Z
-13581359.087405443,4433847.330612013,1.7407297333333334,0.7969924812030075,2024-01-11 19:00:46+00:00,walton_lighthouse-2024-01-11-190046Z
-13581357.233390596,4433846.883333572,1.7407297333333334,0.7994987468671679,2024-01-11 19:00:46+00:00,walton_lighthouse-2024-01-11-190046Z
-13581355.380707502,4433846.431610708,1.7407297333333334,0.8020050125313283,2024-01-11 19:00:46+00:00,walton_lighthouse-2024-01-11-190046Z
-13581353.546964737,4433845.916680289,1.7407297333333334,0.8045112781954886,2024-01-11 19:00:46+00:00,walton_lighthouse-2024-01-11-190046Z
-13581351.674447415,4433845.53114812,1.7407297333333334,0.8070175438596491,2024-01-11 19:00:46+00:00,walton_lighthouse-2024-01-11-190046Z
-13581349.791146308,4433845.181603585,1.7407297333333334,0.8095238095238095,2024-01-11 19:00:46+00:00,walton_lighthouse-2024-01-11-190046Z
-13581347.901070962,4433844.854665982,1.7407297333333334,0.8120300751879699,2024-01-11 19:00:46+00:00,walton_lighthouse-2024-01-11-190046Z
-13581346.01800657,4433844.504331357,1.7407297333333334,0.8145363408521302,2024-01-11 19:00:46+00:00,walton_lighthouse-2024-01-11-190046Z
-13581344.12794061,4433844.177362406,1.7407297333333334,0.8170426065162907,2024-01-11 19:00:46+00:00,walton_lighthouse-2024-01-11-190046Z
-13581342.24534274,4433843.825471026,1.7407297333333334,0.8195488721804511,2024-01-11 19:00:46+00:00,walton_lighthouse-2024-01-11-190046Z
-13581340.392616946,4433843.373890696,1.7407297333333334,0.8220551378446115,2024-01-11 19:00:46+00:00,walton_lighthouse-2024-01-11-190046Z
-13581338.549774429,4433842.889327938,1.7407297333333334,0.8245614035087718,2024-01-11 19:00:46+00:00,walton_lighthouse-2024-01-11-190046Z
-13581336.7170521,4433842.370992129,1.7407297333333334,0.8270676691729323,2024-01-11 19:00:46+00:00,walton_lighthouse-2024-01-11-190046Z
-13581334.881576505,4433841.861844591,1.7407297333333334,0.8295739348370927,2024-01-11 19:00:46+00:00,walton_lighthouse-2024-01-11-190046Z
-13581333.02025448,4433841.438951545,1.7407297333333334,0.8320802005012531,2024-01-11 19:00:46+00:00,walton_lighthouse-2024-01-11-190046Z
-13581331.156059591,4433841.025645758,1.7407297333333334,0.8345864661654134,2024-01-11 19:00:46+00:00,walton_lighthouse-2024-01-11-190046Z
-13581329.29627859,4433840.597610049,1.7407297333333334,0.8370927318295739,2024-01-11 19:00:46+00:00,walton_lighthouse-2024-01-11-190046Z
-13581327.434124012,4433840.177495414,1.7407297333333334,0.8395989974937343,2024-01-11 19:00:46+00:00,walton_lighthouse-2024-01-11-190046Z
-13581325.584848346,4433839.714401341,1.7407297333333334,0.8421052631578947,2024-01-11 19:00:46+00:00,walton_lighthouse-2024-01-11-190046Z
-13581323.73201377,4433839.263183988,1.7407297333333334,0.844611528822055,2024-01-11 19:00:46+00:00,walton_lighthouse-2024-01-11-190046Z
-13581321.91008716,4433838.708820856,1.7407297333333334,0.8471177944862155,2024-01-11 19:00:46+00:00,walton_lighthouse-2024-01-11-190046Z
-13581320.100836547,4433838.1121554375,1.7407297333333334,0.849624060150376,2024-01-11 19:00:46+00:00,walton_lighthouse-2024-01-11-190046Z
-13581318.314743591,4433837.438208322,1.7407297333333334,0.8521303258145363,2024-01-11 19:00:46+00:00,walton_lighthouse-2024-01-11-190046Z
-13581316.561293911,4433836.655324351,1.7407297333333334,0.8546365914786966,2024-01-11 19:00:46+00:00,walton_lighthouse-2024-01-11-190046Z
-13581314.765699798,4433836.013084562,1.7407297333333334,0.8571428571428571,2024-01-11 19:00:46+00:00,walton_lighthouse-2024-01-11-190046Z
-13581312.946783116,4433835.448676673,1.7407297333333334,0.8596491228070176,2024-01-11 19:00:46+00:00,walton_lighthouse-2024-01-11-190046Z
-13581311.083031569,4433835.0338913975,1.7407297333333334,0.8621553884711779,2024-01-11 19:00:46+00:00,walton_lighthouse-2024-01-11-190046Z
-13581309.261776311,4433834.477287747,1.7407297333333334,0.8646616541353382,2024-01-11 19:00:46+00:00,walton_lighthouse-2024-01-11-190046Z
-13581307.4647375,4433833.839869204,1.7407297333333334,0.8671679197994987,2024-01-11 19:00:46+00:00,walton_lighthouse-2024-01-11-190046Z
-13581305.688054897,4433833.134517996,1.7407297333333334,0.8696741854636592,2024-01-11 19:00:46+00:00,walton_lighthouse-2024-01-11-190046Z
-13581303.850805042,4433832.631291416,1.7407297333333334,0.8721804511278195,2024-01-11 19:00:46+00:00,walton_lighthouse-2024-01-11-190046Z
-13581301.966195423,4433832.286113611,1.7407297333333334,0.8746867167919798,2024-01-11 19:00:46+00:00,walton_lighthouse-2024-01-11-190046Z
-13581300.08278749,4433831.936925546,1.7407297333333334,0.8771929824561403,2024-01-11 19:00:46+00:00,walton_lighthouse-2024-01-11-190046Z
-13581298.146120649,4433831.765472781,1.7407297333333334,0.8796992481203008,2024-01-11 19:00:46+00:00,walton_lighthouse-2024-01-11-190046Z
-13581296.224743294,4433831.542995969,1.7407297333333334,0.8822055137844611,2024-01-11 19:00:46+00:00,walton_lighthouse-2024-01-11-190046Z
-13581294.262824632,4433831.455813415,1.7407297333333334,0.8847117794486214,2024-01-11 19:00:46+00:00,walton_lighthouse-2024-01-11-190046Z
-13581292.236098886,4433831.58490474,1.7407297333333334,0.8872180451127819,2024-01-11 19:00:46+00:00,walton_lighthouse-2024-01-11-190046Z
-13581290.176968506,4433831.822136512,1.7407297333333334,0.8897243107769424,2024-01-11 19:00:46+00:00,walton_lighthouse-2024-01-11-190046Z
-13581288.154351452,4433831.937516219,1.7407297333333334,0.8922305764411027,2024-01-11 19:00:46+00:00,walton_lighthouse-2024-01-11-190046Z
-13581286.076491237,4433832.237253113,1.7407297333333334,0.894736842105263,2024-01-11 19:00:46+00:00,walton_lighthouse-2024-01-11-190046Z
-13581284.05429168,4433832.351239649,1.7407297333333334,0.8972431077694235,2024-01-11 19:00:46+00:00,walton_lighthouse-2024-01-11-190046Z
-13581282.073484136,4433832.327092984,1.7407297333333334,0.899749373433584,2024-01-11 19:00:46+00:00,walton_lighthouse-2024-01-11-190046Z
-13581280.171593389,4433832.039585551,1.7407297333333334,0.9022556390977443,2024-01-11 19:00:46+00:00,walton_lighthouse-2024-01-11-190046Z
-13581278.348167058,4433831.490227232,1.7407297333333334,0.9047619047619047,2024-01-11 19:00:46+00:00,walton_lighthouse-2024-01-11-190046Z
-13581276.559368776,4433830.8253084365,1.7407297333333334,0.9072681704260651,2024-01-11 19:00:46+00:00,walton_lighthouse-2024-01-11-190046Z
-13581274.80945415,4433830.030627307,1.7407297333333334,0.9097744360902256,2024-01-11 19:00:46+00:00,walton_lighthouse-2024-01-11-190046Z
-13581273.127063015,4433829.010607149,1.7407297333333334,0.9122807017543859,2024-01-11 19:00:46+00:00,walton_lighthouse-2024-01-11-190046Z
-13581271.44418718,4433827.992204536,1.7407297333333334,0.9147869674185463,2024-01-11 19:00:46+00:00,walton_lighthouse-2024-01-11-190046Z
-13581269.730286036,4433827.077339484,1.7407297333333334,0.9172932330827067,2024-01-11 19:00:46+00:00,walton_lighthouse-2024-01-11-190046Z
-13581268.004926262,4433826.200714039,1.7407297333333334,0.9197994987468672,2024-01-11 19:00:46+00:00,walton_lighthouse-2024-01-11-190046Z
-13581266.281631414,4433825.31719749,1.7407297333333334,0.9223057644110275,2024-01-11 19:00:46+00:00,walton_lighthouse-2024-01-11-190046Z
-13581264.54840028,4433824.466840375,1.7407297333333334,0.9248120300751879,2024-01-11 19:00:46+00:00,walton_lighthouse-2024-01-11-190046Z
-13581262.856545351,4433823.478402736,1.7407297333333334,0.9273182957393483,2024-01-11 19:00:46+00:00,walton_lighthouse-2024-01-11-190046Z
-13581261.214329705,4433822.3243091805,1.7407297333333334,0.9298245614035088,2024-01-11 19:00:46+00:00,walton_lighthouse-2024-01-11-190046Z
-13581259.567268282,4433821.186386947,1.7407297333333334,0.9323308270676691,2024-01-11 19:00:46+00:00,walton_lighthouse-2024-01-11-190046Z
-13581257.904255267,4433820.101698328,1.7407297333333334,0.9348370927318295,2024-01-11 19:00:46+00:00,walton_lighthouse-2024-01-11-190046Z
-13581256.18858731,4433819.1927294405,1.7407297333333334,0.9373433583959899,2024-01-11 19:00:46+00:00,walton_lighthouse-2024-01-11-190046Z
-13581254.44614863,4433818.373099543,1.7407297333333334,0.9398496240601504,2024-01-11 19:00:46+00:00,walton_lighthouse-2024-01-11-190046Z
-13581252.63464045,4433817.783968043,1.7407297333333334,0.9423558897243107,2024-01-11 19:00:46+00:00,walton_lighthouse-2024-01-11-190046Z
-13581250.719710471,4433817.539975179,1.7407297333333334,0.9448621553884711,2024-01-11 19:00:46+00:00,walton_lighthouse-2024-01-11-190046Z
-13581248.685139451,4433817.695247644,1.7407297333333334,0.9473684210526315,2024-01-11 19:00:46+00:00,walton_lighthouse-2024-01-11-190046Z
-13581246.488411086,4433818.391670587,1.7407297333333334,0.949874686716792,2024-01-11 19:00:46+00:00,walton_lighthouse-2024-01-11-190046Z
-13581244.104722656,4433819.712015512,1.7407297333333334,0.9523809523809523,2024-01-11 19:00:46+00:00,walton_lighthouse-2024-01-11-190046Z
-13581244.104722656,4433819.712015512,1.7407297333333334,0.9548872180451127,2024-01-11 19:00:46+00:00,walton_lighthouse-2024-01-11-190046Z
-13581244.104722656,4433819.712015512,1.7407297333333334,0.9573934837092731,2024-01-11 19:00:46+00:00,walton_lighthouse-2024-01-11-190046Z
-13581244.104722656,4433819.712015512,1.7407297333333334,0.9598997493734336,2024-01-11 19:00:46+00:00,walton_lighthouse-2024-01-11-190046Z
-13581244.104722656,4433819.712015512,1.7407297333333334,0.9624060150375939,2024-01-11 19:00:46+00:00,walton_lighthouse-2024-01-11-190046Z
-13581244.104722656,4433819.712015512,1.7407297333333334,0.9649122807017543,2024-01-11 19:00:46+00:00,walton_lighthouse-2024-01-11-190046Z
-13581244.104722656,4433819.712015512,1.7407297333333334,0.9674185463659147,2024-01-11 19:00:46+00:00,walton_lighthouse-2024-01-11-190046Z
-13581244.104722656,4433819.712015512,1.7407297333333334,0.9699248120300752,2024-01-11 19:00:46+00:00,walton_lighthouse-2024-01-11-190046Z
-13581244.104722656,4433819.712015512,1.7407297333333334,0.9724310776942355,2024-01-11 19:00:46+00:00,walton_lighthouse-2024-01-11-190046Z
-13581244.104722656,4433819.712015512,1.7407297333333334,0.9749373433583959,2024-01-11 19:00:46+00:00,walton_lighthouse-2024-01-11-190046Z
-13581244.104722656,4433819.712015512,1.7407297333333334,0.9774436090225563,2024-01-11 19:00:46+00:00,walton_lighthouse-2024-01-11-190046Z
-13581244.104722656,4433819.712015512,1.7407297333333334,0.9799498746867168,2024-01-11 19:00:46+00:00,walton_lighthouse-2024-01-11-190046Z
-13581244.104722656,4433819.712015512,1.7407297333333334,0.9824561403508771,2024-01-11 19:00:46+00:00,walton_lighthouse-2024-01-11-190046Z
-13581244.104722656,4433819.712015512,1.7407297333333334,0.9849624060150375,2024-01-11 19:00:46+00:00,walton_lighthouse-2024-01-11-190046Z
-13581244.104722656,4433819.712015512,1.7407297333333334,0.9874686716791979,2024-01-11 19:00:46+00:00,walton_lighthouse-2024-01-11-190046Z
-13581244.104722656,4433819.712015512,1.7407297333333334,0.9899749373433584,2024-01-11 19:00:46+00:00,walton_lighthouse-2024-01-11-190046Z
-13581244.104722656,4433819.712015512,1.7407297333333334,0.9924812030075187,2024-01-11 19:00:46+00:00,walton_lighthouse-2024-01-11-190046Z
-13581244.104722656,4433819.712015512,1.7407297333333334,0.9949874686716791,2024-01-11 19:00:46+00:00,walton_lighthouse-2024-01-11-190046Z
-13581244.104722656,4433819.712015512,1.7407297333333334,0.9974937343358395,2024-01-11 19:00:46+00:00,walton_lighthouse-2024-01-11-190046Z
-13581244.104722656,4433819.712015512,1.7407297333333334,1.0,2024-01-11 19:00:46+00:00,walton_lighthouse-2024-01-11-190046Z
-13581930.646400046,4434049.693827374,1.5702957333333334,0.0,2024-01-11 19:30:46+00:00,walton_lighthouse-2024-01-11-193046Z
-13581928.905121304,4434048.870326633,1.5702957333333334,0.002506265664160401,2024-01-11 19:30:46+00:00,walton_lighthouse-2024-01-11-193046Z
-13581927.173190214,4434048.015630955,1.5702957333333334,0.005012531328320802,2024-01-11 19:30:46+00:00,walton_lighthouse-2024-01-11-193046Z
-13581925.446548412,4434047.143283811,1.5702957333333334,0.007518796992481203,2024-01-11 19:30:46+00:00,walton_lighthouse-2024-01-11-193046Z
-13581923.709839208,4434046.304533628,1.5702957333333334,0.010025062656641603,2024-01-11 19:30:46+00:00,walton_lighthouse-2024-01-11-193046Z
-13581921.974407844,4434045.461519141,1.5702957333333334,0.012531328320802004,2024-01-11 19:30:46+00:00,walton_lighthouse-2024-01-11-193046Z
-13581920.248156508,4434044.587868976,1.5702957333333334,0.015037593984962405,2024-01-11 19:30:46+00:00,walton_lighthouse-2024-01-11-193046Z
-13581918.5109199,4434043.750878768,1.5702957333333334,0.017543859649122806,2024-01-11 19:30:46+00:00,walton_lighthouse-2024-01-11-193046Z
-13581916.776655495,4434042.903969796,1.5702957333333334,0.020050125313283207,2024-01-11 19:30:46+00:00,walton_lighthouse-2024-01-11-193046Z
-13581915.02485222,4434042.115591522,1.5702957333333334,0.022556390977443608,2024-01-11 19:30:46+00:00,walton_lighthouse-2024-01-11-193046Z
-13581913.282873098,4434041.2944281055,1.5702957333333334,0.02506265664160401,2024-01-11 19:30:46+00:00,walton_lighthouse-2024-01-11-193046Z
-13581911.534491716,4434040.494630126,1.5702957333333334,0.02756892230576441,2024-01-11 19:30:46+00:00,walton_lighthouse-2024-01-11-193046Z
-13581909.810983429,4434039.611825917,1.5702957333333334,0.03007518796992481,2024-01-11 19:30:46+00:00,walton_lighthouse-2024-01-11-193046Z
-13581908.099684255,4434038.688277578,1.5702957333333334,0.03258145363408521,2024-01-11 19:30:46+00:00,walton_lighthouse-2024-01-11-193046Z
-13581906.3711052,4434037.822395514,1.5702957333333334,0.03508771929824561,2024-01-11 19:30:46+00:00,walton_lighthouse-2024-01-11-193046Z
-13581904.647902576,4434036.938571215,1.5702957333333334,0.03759398496240601,2024-01-11 19:30:46+00:00,walton_lighthouse-2024-01-11-193046Z
-13581902.944176309,4434035.989750531,1.5702957333333334,0.040100250626566414,2024-01-11 19:30:46+00:00,walton_lighthouse-2024-01-11-193046Z
-13581901.213055102,4434035.132352165,1.5702957333333334,0.042606516290726815,2024-01-11 19:30:46+00:00,walton_lighthouse-2024-01-11-193046Z
-13581899.493370494,4434034.236787595,1.5702957333333334,0.045112781954887216,2024-01-11 19:30:46+00:00,walton_lighthouse-2024-01-11-193046Z
-13581897.778608324,4434033.32479583,1.5702957333333334,0.047619047619047616,2024-01-11 19:30:46+00:00,walton_lighthouse-2024-01-11-193046Z
-13581896.042754466,4434032.48319122,1.5702957333333334,0.05012531328320802,2024-01-11 19:30:46+00:00,walton_lighthouse-2024-01-11-193046Z
-13581894.322366718,4434031.589973182,1.5702957333333334,0.05263157894736842,2024-01-11 19:30:46+00:00,walton_lighthouse-2024-01-11-193046Z
-13581892.603536628,4434030.691556925,1.5702957333333334,0.05513784461152882,2024-01-11 19:30:46+00:00,walton_lighthouse-2024-01-11-193046Z
-13581890.8842521,4434029.794657145,1.5702957333333334,0.05764411027568922,2024-01-11 19:30:46+00:00,walton_lighthouse-2024-01-11-193046Z
-13581889.167003077,4434028.890964567,1.5702957333333334,0.06015037593984962,2024-01-11 19:30:46+00:00,walton_lighthouse-2024-01-11-193046Z
-13581887.445124788,4434028.002720822,1.5702957333333334,0.06265664160401002,2024-01-11 19:30:46+00:00,walton_lighthouse-2024-01-11-193046Z
-13581885.73479685,4434027.075931187,1.5702957333333334,0.06516290726817042,2024-01-11 19:30:46+00:00,walton_lighthouse-2024-01-11-193046Z
-13581883.989800695,4434026.2648360925,1.5702957333333334,0.06766917293233082,2024-01-11 19:30:46+00:00,walton_lighthouse-2024-01-11-193046Z
-13581882.244213223,4434025.455714397,1.5702957333333334,0.07017543859649122,2024-01-11 19:30:46+00:00,walton_lighthouse-2024-01-11-193046Z
-13581880.524772786,4434024.559335055,1.5702957333333334,0.07268170426065163,2024-01-11 19:30:46+00:00,walton_lighthouse-2024-01-11-193046Z
-13581878.772502694,4434023.772514596,1.5702957333333334,0.07518796992481203,2024-01-11 19:30:46+00:00,walton_lighthouse-2024-01-11-193046Z
-13581877.017540902,4434022.994676732,1.5702957333333334,0.07769423558897243,2024-01-11 19:30:46+00:00,walton_lighthouse-2024-01-11-193046Z
-13581875.30755563,4434022.066743652,1.5702957333333334,0.08020050125313283,2024-01-11 19:30:46+00:00,walton_lighthouse-2024-01-11-193046Z
-13581873.593552629,4434021.15221846,1.5702957333333334,0.08270676691729323,2024-01-11 19:30:46+00:00,walton_lighthouse-2024-01-11-193046Z
-13581871.868037004,4434020.276113061,1.5702957333333334,0.08521303258145363,2024-01-11 19:30:46+00:00,walton_lighthouse-2024-01-11-193046Z
-13581870.155543609,4434019.356550052,1.5702957333333334,0.08771929824561403,2024-01-11 19:30:46+00:00,walton_lighthouse-2024-01-11-193046Z
-13581868.42572536,4434018.494803431,1.5702957333333334,0.09022556390977443,2024-01-11 19:30:46+00:00,walton_lighthouse-2024-01-11-193046Z
-13581866.673829945,4434017.706732568,1.5702957333333334,0.09273182957393483,2024-01-11 19:30:46+00:00,walton_lighthouse-2024-01-11-193046Z
-13581864.923204027,4434016.914425091,1.5702957333333334,0.09523809523809523,2024-01-11 19:30:46+00:00,walton_lighthouse-2024-01-11-193046Z
-13581863.191455336,4434016.059120704,1.5702957333333334,0.09774436090225563,2024-01-11 19:30:46+00:00,walton_lighthouse-2024-01-11-193046Z
-13581861.429432506,4434015.30484708,1.5702957333333334,0.10025062656641603,2024-01-11 19:30:46+00:00,walton_lighthouse-2024-01-11-193046Z
-13581859.68155827,4434014.503356729,1.5702957333333334,0.10275689223057644,2024-01-11 19:30:46+00:00,walton_lighthouse-2024-01-11-193046Z
-13581857.973515926,4434013.568939611,1.5702957333333334,0.10526315789473684,2024-01-11 19:30:46+00:00,walton_lighthouse-2024-01-11-193046Z
-13581856.261138538,4434012.648989428,1.5702957333333334,0.10776942355889724,2024-01-11 19:30:46+00:00,walton_lighthouse-2024-01-11-193046Z
-13581854.52931281,4434011.793942186,1.5702957333333334,0.11027568922305764,2024-01-11 19:30:46+00:00,walton_lighthouse-2024-01-11-193046Z
-13581852.776023258,4434011.010523867,1.5702957333333334,0.11278195488721804,2024-01-11 19:30:46+00:00,walton_lighthouse-2024-01-11-193046Z
-13581850.991606446,4434010.330983119,1.5702957333333334,0.11528822055137844,2024-01-11 19:30:46+00:00,walton_lighthouse-2024-01-11-193046Z
-13581849.208976064,4434009.645480803,1.5702957333333334,0.11779448621553884,2024-01-11 19:30:46+00:00,walton_lighthouse-2024-01-11-193046Z
-13581847.447375016,4434008.889799577,1.5702957333333334,0.12030075187969924,2024-01-11 19:30:46+00:00,walton_lighthouse-2024-01-11-193046Z
-13581845.679236997,4434008.155933439,1.5702957333333334,0.12280701754385964,2024-01-11 19:30:46+00:00,walton_lighthouse-2024-01-11-193046Z
-13581843.940993505,4434007.322303446,1.5702957333333334,0.12531328320802004,2024-01-11 19:30:46+00:00,walton_lighthouse-2024-01-11-193046Z
-13581842.211093647,4434006.460829101,1.5702957333333334,0.12781954887218044,2024-01-11 19:30:46+00:00,walton_lighthouse-2024-01-11-193046Z
-13581840.48415742,4434005.589464642,1.5702957333333334,0.13032581453634084,2024-01-11 19:30:46+00:00,walton_lighthouse-2024-01-11-193046Z
-13581838.752027638,4434004.7354320325,1.5702957333333334,0.13283208020050125,2024-01-11 19:30:46+00:00,walton_lighthouse-2024-01-11-193046Z
-13581836.975131318,4434004.030793987,1.5702957333333334,0.13533834586466165,2024-01-11 19:30:46+00:00,walton_lighthouse-2024-01-11-193046Z
-13581835.194245305,4434003.339470404,1.5702957333333334,0.13784461152882205,2024-01-11 19:30:46+00:00,walton_lighthouse-2024-01-11-193046Z
-13581833.4246264,4434002.610546283,1.5702957333333334,0.14035087719298245,2024-01-11 19:30:46+00:00,walton_lighthouse-2024-01-11-193046Z
-13581831.652607944,4434001.889629916,1.5702957333333334,0.14285714285714285,2024-01-11 19:30:46+00:00,walton_lighthouse-2024-01-11-193046Z
-13581829.90377452,4434001.091340547,1.5702957333333334,0.14536340852130325,2024-01-11 19:30:46+00:00,walton_lighthouse-2024-01-11-193046Z
-13581828.173638478,4434000.230654437,1.5702957333333334,0.14786967418546365,2024-01-11 19:30:46+00:00,walton_lighthouse-2024-01-11-193046Z
-13581826.42442348,4433999.433638589,1.5702957333333334,0.15037593984962405,2024-01-11 19:30:46+00:00,walton_lighthouse-2024-01-11-193046Z
-13581824.692622464,4433998.578508787,1.5702957333333334,0.15288220551378445,2024-01-11 19:30:46+00:00,walton_lighthouse-2024-01-11-193046Z
-13581822.920099713,4433997.859275293,1.5702957333333334,0.15538847117794485,2024-01-11 19:30:46+00:00,walton_lighthouse-2024-01-11-193046Z
-13581821.14173951,4433997.159522612,1.5702957333333334,0.15789473684210525,2024-01-11 19:30:46+00:00,walton_lighthouse-2024-01-11-193046Z
-13581819.35979115,4433996.471744261,1.5702957333333334,0.16040100250626566,2024-01-11 19:30:46+00:00,walton_lighthouse-2024-01-11-193046Z
-13581817.572009211,4433995.80343366,1.5702957333333334,0.16290726817042606,2024-01-11 19:30:46+00:00,walton_lighthouse-2024-01-11-193046Z
-13581815.82131744,4433995.011345975,1.5702957333333334,0.16541353383458646,2024-01-11 19:30:46+00:00,walton_lighthouse-2024-01-11-193046Z
-13581814.07678214,4433994.198713045,1.5702957333333334,0.16791979949874686,2024-01-11 19:30:46+00:00,walton_lighthouse-2024-01-11-193046Z
-13581812.32388097,4433993.413998577,1.5702957333333334,0.17042606516290726,2024-01-11 19:30:46+00:00,walton_lighthouse-2024-01-11-193046Z
-13581810.574503085,4433992.61752618,1.5702957333333334,0.17293233082706766,2024-01-11 19:30:46+00:00,walton_lighthouse-2024-01-11-193046Z
-13581808.798196904,4433991.910918806,1.5702957333333334,0.17543859649122806,2024-01-11 19:30:46+00:00,walton_lighthouse-2024-01-11-193046Z
-13581806.98922607,4433991.313319707,1.5702957333333334,0.17794486215538846,2024-01-11 19:30:46+00:00,walton_lighthouse-2024-01-11-193046Z
-13581805.217181388,4433990.592490857,1.5702957333333334,0.18045112781954886,2024-01-11 19:30:46+00:00,walton_lighthouse-2024-01-11-193046Z
-13581803.467333602,4433989.797586611,1.5702957333333334,0.18295739348370926,2024-01-11 19:30:46+00:00,walton_lighthouse-2024-01-11-193046Z
-13581801.710240092,4433989.026862803,1.5702957333333334,0.18546365914786966,2024-01-11 19:30:46+00:00,walton_lighthouse-2024-01-11-193046Z
-13581799.95856693,4433988.238050318,1.5702957333333334,0.18796992481203006,2024-01-11 19:30:46+00:00,walton_lighthouse-2024-01-11-193046Z
-13581798.20731187,4433987.447842434,1.5702957333333334,0.19047619047619047,2024-01-11 19:30:46+00:00,walton_lighthouse-2024-01-11-193046Z
-13581796.420578068,4433986.776033977,1.5702957333333334,0.19298245614035087,2024-01-11 19:30:46+00:00,walton_lighthouse-2024-01-11-193046Z
-13581794.654288482,4433986.035999258,1.5702957333333334,0.19548872180451127,2024-01-11 19:30:46+00:00,walton_lighthouse-2024-01-11-193046Z
-13581792.874554023,4433985.340832729,1.5702957333333334,0.19799498746867167,2024-01-11 19:30:46+00:00,walton_lighthouse-2024-01-11-193046Z
-13581791.100518389,4433984.626648112,1.5702957333333334,0.20050125313283207,2024-01-11 19:30:46+00:00,walton_lighthouse-2024-01-11-193046Z
-13581789.367362091,4433983.776041091,1.5702957333333334,0.20300751879699247,2024-01-11 19:30:46+00:00,walton_lighthouse-2024-01-11-193046Z
-13581787.641786477,4433982.900135965,1.5702957333333334,0.20551378446115287,2024-01-11 19:30:46+00:00,walton_lighthouse-2024-01-11-193046Z
-13581785.899677092,4433982.079407262,1.5702957333333334,0.20802005012531327,2024-01-11 19:30:46+00:00,walton_lighthouse-2024-01-11-193046Z
-13581784.13445907,4433981.335796528,1.5702957333333334,0.21052631578947367,2024-01-11 19:30:46+00:00,walton_lighthouse-2024-01-11-193046Z
-13581782.351930927,4433980.649952999,1.5702957333333334,0.21303258145363407,2024-01-11 19:30:46+00:00,walton_lighthouse-2024-01-11-193046Z
-13581780.570125705,4433979.961696942,1.5702957333333334,0.21553884711779447,2024-01-11 19:30:46+00:00,walton_lighthouse-2024-01-11-193046Z
-13581778.764013024,4433979.354559651,1.5702957333333334,0.21804511278195488,2024-01-11 19:30:46+00:00,walton_lighthouse-2024-01-11-193046Z
-13581777.030861704,4433978.503936113,1.5702957333333334,0.22055137844611528,2024-01-11 19:30:46+00:00,walton_lighthouse-2024-01-11-193046Z
-13581775.273597673,4433977.733781314,1.5702957333333334,0.22305764411027568,2024-01-11 19:30:46+00:00,walton_lighthouse-2024-01-11-193046Z
-13581773.53025667,4433976.917162752,1.5702957333333334,0.22556390977443608,2024-01-11 19:30:46+00:00,walton_lighthouse-2024-01-11-193046Z
-13581771.74286506,4433976.247549591,1.5702957333333334,0.22807017543859648,2024-01-11 19:30:46+00:00,walton_lighthouse-2024-01-11-193046Z
-13581769.957017552,4433975.572783454,1.5702957333333334,0.23057644110275688,2024-01-11 19:30:46+00:00,walton_lighthouse-2024-01-11-193046Z
-13581768.165960675,4433974.915401932,1.5702957333333334,0.23308270676691728,2024-01-11 19:30:46+00:00,walton_lighthouse-2024-01-11-193046Z
-13581766.38587175,4433974.221418336,1.5702957333333334,0.23558897243107768,2024-01-11 19:30:46+00:00,walton_lighthouse-2024-01-11-193046Z
-13581764.617634883,4433973.487882095,1.5702957333333334,0.23809523809523808,2024-01-11 19:30:46+00:00,walton_lighthouse-2024-01-11-193046Z
-13581762.855435971,4433972.734195915,1.5702957333333334,0.24060150375939848,2024-01-11 19:30:46+00:00,walton_lighthouse-2024-01-11-193046Z
-13581761.098560335,4433971.962745022,1.5702957333333334,0.24310776942355888,2024-01-11 19:30:46+00:00,walton_lighthouse-2024-01-11-193046Z
-13581759.303514935,4433971.31867408,1.5702957333333334,0.24561403508771928,2024-01-11 19:30:46+00:00,walton_lighthouse-2024-01-11-193046Z
-13581757.505740557,4433970.683710225,1.5702957333333334,0.24812030075187969,2024-01-11 19:30:46+00:00,walton_lighthouse-2024-01-11-193046Z
-13581755.722763218,4433969.9993657125,1.5702957333333334,0.2506265664160401,2024-01-11 19:30:46+00:00,walton_lighthouse-2024-01-11-193046Z
-13581753.935683712,4433969.32871099,1.5702957333333334,0.2531328320802005,2024-01-11 19:30:46+00:00,walton_lighthouse-2024-01-11-193046Z
-13581752.175696887,4433968.567642802,1.5702957333333334,0.2556390977443609,2024-01-11 19:30:46+00:00,walton_lighthouse-2024-01-11-193046Z
-13581750.399344336,4433967.861190122,1.5702957333333334,0.2581453634085213,2024-01-11 19:30:46+00:00,walton_lighthouse-2024-01-11-193046Z
-13581748.612622151,4433967.189342905,1.5702957333333334,0.2606516290726817,2024-01-11 19:30:46+00:00,walton_lighthouse-2024-01-11-193046Z
-13581746.804897346,4433966.587585544,1.5702957333333334,0.2631578947368421,2024-01-11 19:30:46+00:00,walton_lighthouse-2024-01-11-193046Z
-13581744.993892698,4433965.996773704,1.5702957333333334,0.2656641604010025,2024-01-11 19:30:46+00:00,walton_lighthouse-2024-01-11-193046Z
-13581743.193645034,4433965.370063699,1.5702957333333334,0.2681704260651629,2024-01-11 19:30:46+00:00,walton_lighthouse-2024-01-11-193046Z
-13581741.419176051,4433964.657325135,1.5702957333333334,0.2706766917293233,2024-01-11 19:30:46+00:00,walton_lighthouse-2024-01-11-193046Z
-13581739.627402611,4433964.002334978,1.5702957333333334,0.2731829573934837,2024-01-11 19:30:46+00:00,walton_lighthouse-2024-01-11-193046Z
-13581737.816689828,4433963.410549129,1.5702957333333334,0.2756892230576441,2024-01-11 19:30:46+00:00,walton_lighthouse-2024-01-11-193046Z
-13581736.004635455,4433962.823240371,1.5702957333333334,0.2781954887218045,2024-01-11 19:30:46+00:00,walton_lighthouse-2024-01-11-193046Z
-13581734.193859536,4433962.231665154,1.5702957333333334,0.2807017543859649,2024-01-11 19:30:46+00:00,walton_lighthouse-2024-01-11-193046Z
-13581732.393443158,4433961.60551813,1.5702957333333334,0.2832080200501253,2024-01-11 19:30:46+00:00,walton_lighthouse-2024-01-11-193046Z
-13581730.620662272,4433960.887146181,1.5702957333333334,0.2857142857142857,2024-01-11 19:30:46+00:00,walton_lighthouse-2024-01-11-193046Z
-13581728.84965522,4433960.162854556,1.5702957333333334,0.2882205513784461,2024-01-11 19:30:46+00:00,walton_lighthouse-2024-01-11-193046Z
-13581727.041854382,4433959.561350898,1.5702957333333334,0.2907268170426065,2024-01-11 19:30:46+00:00,walton_lighthouse-2024-01-11-193046Z
-13581725.234905737,4433958.9570033625,1.5702957333333334,0.2932330827067669,2024-01-11 19:30:46+00:00,walton_lighthouse-2024-01-11-193046Z
-13581723.43224462,4433958.338347502,1.5702957333333334,0.2957393483709273,2024-01-11 19:30:46+00:00,walton_lighthouse-2024-01-11-193046Z
-13581721.662891729,4433957.608535641,1.5702957333333334,0.2982456140350877,2024-01-11 19:30:46+00:00,walton_lighthouse-2024-01-11-193046Z
-13581719.895080598,4433956.873578553,1.5702957333333334,0.3007518796992481,2024-01-11 19:30:46+00:00,walton_lighthouse-2024-01-11-193046Z
-13581718.1145819,4433956.180962401,1.5702957333333334,0.3032581453634085,2024-01-11 19:30:46+00:00,walton_lighthouse-2024-01-11-193046Z
-13581716.318835864,4433955.539229636,1.5702957333333334,0.3057644110275689,2024-01-11 19:30:46+00:00,walton_lighthouse-2024-01-11-193046Z
-13581714.527937306,4433954.881319798,1.5702957333333334,0.3082706766917293,2024-01-11 19:30:46+00:00,walton_lighthouse-2024-01-11-193046Z
-13581712.739104835,4433954.216515007,1.5702957333333334,0.3107769423558897,2024-01-11 19:30:46+00:00,walton_lighthouse-2024-01-11-193046Z
-13581710.965264585,4433953.501678364,1.5702957333333334,0.3132832080200501,2024-01-11 19:30:46+00:00,walton_lighthouse-2024-01-11-193046Z
-13581709.187285043,4433952.800655298,1.5702957333333334,0.3157894736842105,2024-01-11 19:30:46+00:00,walton_lighthouse-2024-01-11-193046Z
-13581707.393935729,4433952.150924117,1.5702957333333334,0.3182957393483709,2024-01-11 19:30:46+00:00,walton_lighthouse-2024-01-11-193046Z
-13581705.603305709,4433951.492118114,1.5702957333333334,0.3208020050125313,2024-01-11 19:30:46+00:00,walton_lighthouse-2024-01-11-193046Z
-13581703.819658618,4433950.810008802,1.5702957333333334,0.3233082706766917,2024-01-11 19:30:46+00:00,walton_lighthouse-2024-01-11-193046Z
-13581702.028658995,4433950.152436256,1.5702957333333334,0.3258145363408521,2024-01-11 19:30:46+00:00,walton_lighthouse-2024-01-11-193046Z
-13581700.235836098,4433949.500948303,1.5702957333333334,0.3283208020050125,2024-01-11 19:30:46+00:00,walton_lighthouse-2024-01-11-193046Z
-13581698.45835267,4433948.798269628,1.5702957333333334,0.3308270676691729,2024-01-11 19:30:46+00:00,walton_lighthouse-2024-01-11-193046Z
-13581696.661088124,4433948.16160437,1.5702957333333334,0.3333333333333333,2024-01-11 19:30:46+00:00,walton_lighthouse-2024-01-11-193046Z
-13581694.864554614,4433947.522499495,1.5702957333333334,0.3358395989974937,2024-01-11 19:30:46+00:00,walton_lighthouse-2024-01-11-193046Z
-13581693.084082974,4433946.8297929885,1.5702957333333334,0.3383458646616541,2024-01-11 19:30:46+00:00,walton_lighthouse-2024-01-11-193046Z
-13581691.318301812,4433946.088061562,1.5702957333333334,0.3408521303258145,2024-01-11 19:30:46+00:00,walton_lighthouse-2024-01-11-193046Z
-13581689.54421017,4433945.374063886,1.5702957333333334,0.3433583959899749,2024-01-11 19:30:46+00:00,walton_lighthouse-2024-01-11-193046Z
-13581687.746840172,4433944.737750501,1.5702957333333334,0.3458646616541353,2024-01-11 19:30:46+00:00,walton_lighthouse-2024-01-11-193046Z
-13581685.940176671,4433944.132451314,1.5702957333333334,0.3483709273182957,2024-01-11 19:30:46+00:00,walton_lighthouse-2024-01-11-193046Z
-13581684.133616371,4433943.526807777,1.5702957333333334,0.3508771929824561,2024-01-11 19:30:46+00:00,walton_lighthouse-2024-01-11-193046Z
-13581682.358408058,4433942.816536623,1.5702957333333334,0.3533834586466165,2024-01-11 19:30:46+00:00,walton_lighthouse-2024-01-11-193046Z
-13581680.570012312,4433942.150274471,1.5702957333333334,0.3558897243107769,2024-01-11 19:30:46+00:00,walton_lighthouse-2024-01-11-193046Z
-13581678.78295459,4433941.479546972,1.5702957333333334,0.3583959899749373,2024-01-11 19:30:46+00:00,walton_lighthouse-2024-01-11-193046Z
-13581676.9775476,4433940.870054619,1.5702957333333334,0.3609022556390977,2024-01-11 19:30:46+00:00,walton_lighthouse-2024-01-11-193046Z
-13581675.174542263,4433940.252547518,1.5702957333333334,0.3634085213032581,2024-01-11 19:30:46+00:00,walton_lighthouse-2024-01-11-193046Z
-13581673.389930137,4433939.573658674,1.5702957333333334,0.3659147869674185,2024-01-11 19:30:46+00:00,walton_lighthouse-2024-01-11-193046Z
-13581671.603982303,4433938.899227317,1.5702957333333334,0.3684210526315789,2024-01-11 19:30:46+00:00,walton_lighthouse-2024-01-11-193046Z
-13581669.79272288,4433938.309265633,1.5702957333333334,0.37092731829573933,2024-01-11 19:30:46+00:00,walton_lighthouse-2024-01-11-193046Z
-13581667.982784586,4433937.714895165,1.5702957333333334,0.37343358395989973,2024-01-11 19:30:46+00:00,walton_lighthouse-2024-01-11-193046Z
-13581666.177931529,4433937.103554234,1.5702957333333334,0.37593984962406013,2024-01-11 19:30:46+00:00,walton_lighthouse-2024-01-11-193046Z
-13581664.380129827,4433936.468681507,1.5702957333333334,0.37844611528822053,2024-01-11 19:30:46+00:00,walton_lighthouse-2024-01-11-193046Z
-13581662.566972064,4433935.885055003,1.5702957333333334,0.38095238095238093,2024-01-11 19:30:46+00:00,walton_lighthouse-2024-01-11-193046Z
-13581660.741162077,4433935.343651427,1.5702957333333334,0.38345864661654133,2024-01-11 19:30:46+00:00,walton_lighthouse-2024-01-11-193046Z
-13581658.914748156,4433934.80426327,1.5702957333333334,0.38596491228070173,2024-01-11 19:30:46+00:00,walton_lighthouse-2024-01-11-193046Z
-13581657.126304155,4433934.1381620765,1.5702957333333334,0.38847117794486213,2024-01-11 19:30:46+00:00,walton_lighthouse-2024-01-11-193046Z
-13581655.336787753,4433933.475639797,1.5702957333333334,0.39097744360902253,2024-01-11 19:30:46+00:00,walton_lighthouse-2024-01-11-193046Z
-13581653.525960743,4433932.884235108,1.5702957333333334,0.39348370927318294,2024-01-11 19:30:46+00:00,walton_lighthouse-2024-01-11-193046Z
-13581651.712662922,4433932.30107592,1.5702957333333334,0.39598997493734334,2024-01-11 19:30:46+00:00,walton_lighthouse-2024-01-11-193046Z
-13581649.904901603,4433931.699440417,1.5702957333333334,0.39849624060150374,2024-01-11 19:30:46+00:00,walton_lighthouse-2024-01-11-193046Z
-13581648.117228292,4433931.030767376,1.5702957333333334,0.40100250626566414,2024-01-11 19:30:46+00:00,walton_lighthouse-2024-01-11-193046Z
-13581646.327490872,4433930.368982632,1.5702957333333334,0.40350877192982454,2024-01-11 19:30:46+00:00,walton_lighthouse-2024-01-11-193046Z
-13581644.51199416,4433929.793161614,1.5702957333333334,0.40601503759398494,2024-01-11 19:30:46+00:00,walton_lighthouse-2024-01-11-193046Z
-13581642.708145458,4433929.178468914,1.5702957333333334,0.40852130325814534,2024-01-11 19:30:46+00:00,walton_lighthouse-2024-01-11-193046Z
-13581640.91085957,4433928.541874913,1.5702957333333334,0.41102756892230574,2024-01-11 19:30:46+00:00,walton_lighthouse-2024-01-11-193046Z
-13581639.12454265,4433927.868675286,1.5702957333333334,0.41353383458646614,2024-01-11 19:30:46+00:00,walton_lighthouse-2024-01-11-193046Z
-13581637.309150722,4433927.292504567,1.5702957333333334,0.41604010025062654,2024-01-11 19:30:46+00:00,walton_lighthouse-2024-01-11-193046Z
-13581635.48596914,4433926.7423294885,1.5702957333333334,0.41854636591478694,2024-01-11 19:30:46+00:00,walton_lighthouse-2024-01-11-193046Z
-13581633.684611833,4433926.119322566,1.5702957333333334,0.42105263157894735,2024-01-11 19:30:46+00:00,walton_lighthouse-2024-01-11-193046Z
-13581631.896560408,4433925.451911326,1.5702957333333334,0.42355889724310775,2024-01-11 19:30:46+00:00,walton_lighthouse-2024-01-11-193046Z
-13581630.07932498,4433924.881892717,1.5702957333333334,0.42606516290726815,2024-01-11 19:30:46+00:00,walton_lighthouse-2024-01-11-193046Z
-13581628.262095112,4433924.311855596,1.5702957333333334,0.42857142857142855,2024-01-11 19:30:46+00:00,walton_lighthouse-2024-01-11-193046Z
-13581626.452089468,4433923.717709907,1.5702957333333334,0.43107769423558895,2024-01-11 19:30:46+00:00,walton_lighthouse-2024-01-11-193046Z
-13581624.679017782,4433923.00030834,1.5702957333333334,0.43358395989974935,2024-01-11 19:30:46+00:00,walton_lighthouse-2024-01-11-193046Z
-13581622.874234848,4433922.388733347,1.5702957333333334,0.43609022556390975,2024-01-11 19:30:46+00:00,walton_lighthouse-2024-01-11-193046Z
-13581621.05516029,4433921.824852313,1.5702957333333334,0.43859649122807015,2024-01-11 19:30:46+00:00,walton_lighthouse-2024-01-11-193046Z
-13581619.249065528,4433921.217655227,1.5702957333333334,0.44110275689223055,2024-01-11 19:30:46+00:00,walton_lighthouse-2024-01-11-193046Z
-13581617.47937676,4433920.4889642615,1.5702957333333334,0.44360902255639095,2024-01-11 19:30:46+00:00,walton_lighthouse-2024-01-11-193046Z
-13581615.657635093,4433919.93398382,1.5702957333333334,0.44611528822055135,2024-01-11 19:30:46+00:00,walton_lighthouse-2024-01-11-193046Z
-13581613.85245213,4433919.323743847,1.5702957333333334,0.44862155388471175,2024-01-11 19:30:46+00:00,walton_lighthouse-2024-01-11-193046Z
-13581612.04822385,4433918.710317938,1.5702957333333334,0.45112781954887216,2024-01-11 19:30:46+00:00,walton_lighthouse-2024-01-11-193046Z
-13581610.262755008,4433918.034288119,1.5702957333333334,0.45363408521303256,2024-01-11 19:30:46+00:00,walton_lighthouse-2024-01-11-193046Z
-13581608.447272103,4433917.458421024,1.5702957333333334,0.45614035087719296,2024-01-11 19:30:46+00:00,walton_lighthouse-2024-01-11-193046Z
-13581606.616904104,4433916.932228366,1.5702957333333334,0.45864661654135336,2024-01-11 19:30:46+00:00,walton_lighthouse-2024-01-11-193046Z
-13581604.811024738,4433916.324312462,1.5702957333333334,0.46115288220551376,2024-01-11 19:30:46+00:00,walton_lighthouse-2024-01-11-193046Z
-13581603.007063473,4433915.709995438,1.5702957333333334,0.46365914786967416,2024-01-11 19:30:46+00:00,walton_lighthouse-2024-01-11-193046Z
-13581601.189396515,4433915.141416932,1.5702957333333334,0.46616541353383456,2024-01-11 19:30:46+00:00,walton_lighthouse-2024-01-11-193046Z
-13581599.359392254,4433914.614010503,1.5702957333333334,0.46867167919799496,2024-01-11 19:30:46+00:00,walton_lighthouse-2024-01-11-193046Z
-13581597.547033235,4433914.027718383,1.5702957333333334,0.47117794486215536,2024-01-11 19:30:46+00:00,walton_lighthouse-2024-01-11-193046Z
-13581595.754678875,4433913.374666828,1.5702957333333334,0.47368421052631576,2024-01-11 19:30:46+00:00,walton_lighthouse-2024-01-11-193046Z
-13581593.927166898,4433912.838943107,1.5702957333333334,0.47619047619047616,2024-01-11 19:30:46+00:00,walton_lighthouse-2024-01-11-193046Z
-13581592.092111845,4433912.328392135,1.5702957333333334,0.47869674185463656,2024-01-11 19:30:46+00:00,walton_lighthouse-2024-01-11-193046Z
-13581590.282296091,4433911.73361269,1.5702957333333334,0.48120300751879697,2024-01-11 19:30:46+00:00,walton_lighthouse-2024-01-11-193046Z
-13581588.445021518,4433911.230468574,1.5702957333333334,0.48370927318295737,2024-01-11 19:30:46+00:00,walton_lighthouse-2024-01-11-193046Z
-13581586.602642355,4433910.744359529,1.5702957333333334,0.48621553884711777,2024-01-11 19:30:46+00:00,walton_lighthouse-2024-01-11-193046Z
-13581584.761839475,4433910.252990153,1.5702957333333334,0.48872180451127817,2024-01-11 19:30:46+00:00,walton_lighthouse-2024-01-11-193046Z
-13581582.93409144,4433909.7180542,1.5702957333333334,0.49122807017543857,2024-01-11 19:30:46+00:00,walton_lighthouse-2024-01-11-193046Z
-13581581.087770617,4433909.24509923,1.5702957333333334,0.49373433583959897,2024-01-11 19:30:46+00:00,walton_lighthouse-2024-01-11-193046Z
-13581579.272984484,4433908.666906857,1.5702957333333334,0.49624060150375937,2024-01-11 19:30:46+00:00,walton_lighthouse-2024-01-11-193046Z
-13581577.460422724,4433908.081291398,1.5702957333333334,0.49874686716791977,2024-01-11 19:30:46+00:00,walton_lighthouse-2024-01-11-193046Z
-13581575.62770207,4433907.562950029,1.5702957333333334,0.5012531328320802,2024-01-11 19:30:46+00:00,walton_lighthouse-2024-01-11-193046Z
-13581573.809848038,4433906.994995827,1.5702957333333334,0.5037593984962405,2024-01-11 19:30:46+00:00,walton_lighthouse-2024-01-11-193046Z
-13581572.008060684,4433906.373424065,1.5702957333333334,0.506265664160401,2024-01-11 19:30:46+00:00,walton_lighthouse-2024-01-11-193046Z
-13581570.169866046,4433905.873350466,1.5702957333333334,0.5087719298245614,2024-01-11 19:30:46+00:00,walton_lighthouse-2024-01-11-193046Z
-13581568.340685803,4433905.343194064,1.5702957333333334,0.5112781954887218,2024-01-11 19:30:46+00:00,walton_lighthouse-2024-01-11-193046Z
-13581566.5217808,4433904.77874715,1.5702957333333334,0.5137844611528821,2024-01-11 19:30:46+00:00,walton_lighthouse-2024-01-11-193046Z
-13581564.70921437,4433904.193147235,1.5702957333333334,0.5162907268170426,2024-01-11 19:30:46+00:00,walton_lighthouse-2024-01-11-193046Z
-13581562.87214486,4433903.689318912,1.5702957333333334,0.518796992481203,2024-01-11 19:30:46+00:00,walton_lighthouse-2024-01-11-193046Z
-13581561.073384674,4433903.057644853,1.5702957333333334,0.5213032581453634,2024-01-11 19:30:46+00:00,walton_lighthouse-2024-01-11-193046Z
-13581559.260951554,4433902.471600014,1.5702957333333334,0.5238095238095237,2024-01-11 19:30:46+00:00,walton_lighthouse-2024-01-11-193046Z
-13581557.426043827,4433901.960557334,1.5702957333333334,0.5263157894736842,2024-01-11 19:30:46+00:00,walton_lighthouse-2024-01-11-193046Z
-13581555.606798043,4433901.3972477615,1.5702957333333334,0.5288220551378446,2024-01-11 19:30:46+00:00,walton_lighthouse-2024-01-11-193046Z
-13581553.786715144,4433900.836731781,1.5702957333333334,0.531328320802005,2024-01-11 19:30:46+00:00,walton_lighthouse-2024-01-11-193046Z
-13581551.944677614,4433900.34948257,1.5702957333333334,0.5338345864661653,2024-01-11 19:30:46+00:00,walton_lighthouse-2024-01-11-193046Z
-13581550.133671792,4433899.758674644,1.5702957333333334,0.5363408521303258,2024-01-11 19:30:46+00:00,walton_lighthouse-2024-01-11-193046Z
-13581548.324671876,4433899.161172576,1.5702957333333334,0.5388471177944862,2024-01-11 19:30:46+00:00,walton_lighthouse-2024-01-11-193046Z
-13581546.4925134,4433898.6409550775,1.5702957333333334,0.5413533834586466,2024-01-11 19:30:46+00:00,walton_lighthouse-2024-01-11-193046Z
-13581544.672368797,4433898.080645017,1.5702957333333334,0.5438596491228069,2024-01-11 19:30:46+00:00,walton_lighthouse-2024-01-11-193046Z
-13581542.857915966,4433897.501340395,1.5702957333333334,0.5463659147869674,2024-01-11 19:30:46+00:00,walton_lighthouse-2024-01-11-193046Z
-13581541.014437117,4433897.018901228,1.5702957333333334,0.5488721804511278,2024-01-11 19:30:46+00:00,walton_lighthouse-2024-01-11-193046Z
-13581539.189165937,4433896.475699479,1.5702957333333334,0.5513784461152882,2024-01-11 19:30:46+00:00,walton_lighthouse-2024-01-11-193046Z
-13581537.348334674,4433895.984424787,1.5702957333333334,0.5538847117794485,2024-01-11 19:30:46+00:00,walton_lighthouse-2024-01-11-193046Z
-13581535.498694465,4433895.522547328,1.5702957333333334,0.556390977443609,2024-01-11 19:30:46+00:00,walton_lighthouse-2024-01-11-193046Z
-13581533.67282962,4433894.981326765,1.5702957333333334,0.5588972431077694,2024-01-11 19:30:46+00:00,walton_lighthouse-2024-01-11-193046Z
-13581531.822626049,4433894.521329259,1.5702957333333334,0.5614035087719298,2024-01-11 19:30:46+00:00,walton_lighthouse-2024-01-11-193046Z
-13581529.98479369,4433894.02004664,1.5702957333333334,0.5639097744360901,2024-01-11 19:30:46+00:00,walton_lighthouse-2024-01-11-193046Z
-13581528.158277296,4433893.481000496,1.5702957333333334,0.5664160401002506,2024-01-11 19:30:46+00:00,walton_lighthouse-2024-01-11-193046Z
-13581526.31617144,4433892.993979393,1.5702957333333334,0.568922305764411,2024-01-11 19:30:46+00:00,walton_lighthouse-2024-01-11-193046Z
-13581524.495795222,4433892.43444219,1.5702957333333334,0.5714285714285714,2024-01-11 19:30:46+00:00,walton_lighthouse-2024-01-11-193046Z
-13581522.65638551,4433891.938423515,1.5702957333333334,0.5739348370927317,2024-01-11 19:30:46+00:00,walton_lighthouse-2024-01-11-193046Z
-13581520.820157848,4433891.431785748,1.5702957333333334,0.5764411027568922,2024-01-11 19:30:46+00:00,walton_lighthouse-2024-01-11-193046Z
-13581518.994907184,4433890.888515587,1.5702957333333334,0.5789473684210527,2024-01-11 19:30:46+00:00,walton_lighthouse-2024-01-11-193046Z
-13581517.161732703,4433890.371688713,1.5702957333333334,0.581453634085213,2024-01-11 19:30:46+00:00,walton_lighthouse-2024-01-11-193046Z
-13581515.335216522,4433889.832641794,1.5702957333333334,0.5839598997493733,2024-01-11 19:30:46+00:00,walton_lighthouse-2024-01-11-193046Z
-13581513.500102203,4433889.322288588,1.5702957333333334,0.5864661654135338,2024-01-11 19:30:46+00:00,walton_lighthouse-2024-01-11-193046Z
-13581511.664604494,4433888.813214798,1.5702957333333334,0.5889724310776943,2024-01-11 19:30:46+00:00,walton_lighthouse-2024-01-11-193046Z
-13581509.844001528,4433888.254434325,1.5702957333333334,0.5914786967418546,2024-01-11 19:30:46+00:00,walton_lighthouse-2024-01-11-193046Z
-13581508.00523164,4433887.756280455,1.5702957333333334,0.593984962406015,2024-01-11 19:30:46+00:00,walton_lighthouse-2024-01-11-193046Z
-13581506.173802834,4433887.233627951,1.5702957333333334,0.5964912280701754,2024-01-11 19:30:46+00:00,walton_lighthouse-2024-01-11-193046Z
-13581504.334000433,4433886.738919756,1.5702957333333334,0.5989974937343359,2024-01-11 19:30:46+00:00,walton_lighthouse-2024-01-11-193046Z
-13581502.496522062,4433886.236455776,1.5702957333333334,0.6015037593984962,2024-01-11 19:30:46+00:00,walton_lighthouse-2024-01-11-193046Z
-13581500.661369672,4433885.7262295885,1.5702957333333334,0.6040100250626566,2024-01-11 19:30:46+00:00,walton_lighthouse-2024-01-11-193046Z
-13581498.8120259,4433885.263362853,1.5702957333333334,0.606516290726817,2024-01-11 19:30:46+00:00,walton_lighthouse-2024-01-11-193046Z
-13581496.97967868,4433884.743775247,1.5702957333333334,0.6090225563909775,2024-01-11 19:30:46+00:00,walton_lighthouse-2024-01-11-193046Z
-13581495.11099794,4433884.345439623,1.5702957333333334,0.6115288220551378,2024-01-11 19:30:46+00:00,walton_lighthouse-2024-01-11-193046Z
-13581493.265408324,4433883.87004452,1.5702957333333334,0.6140350877192982,2024-01-11 19:30:46+00:00,walton_lighthouse-2024-01-11-193046Z
-13581491.397719216,4433883.46839967,1.5702957333333334,0.6165413533834586,2024-01-11 19:30:46+00:00,walton_lighthouse-2024-01-11-193046Z
-13581489.552844051,4433882.990620246,1.5702957333333334,0.6190476190476191,2024-01-11 19:30:46+00:00,walton_lighthouse-2024-01-11-193046Z
-13581487.696784196,4433882.550166304,1.5702957333333334,0.6215538847117794,2024-01-11 19:30:46+00:00,walton_lighthouse-2024-01-11-193046Z
-13581485.863147467,4433882.034882099,1.5702957333333334,0.6240601503759398,2024-01-11 19:30:46+00:00,walton_lighthouse-2024-01-11-193046Z
-13581484.017538486,4433881.55955158,1.5702957333333334,0.6265664160401002,2024-01-11 19:30:46+00:00,walton_lighthouse-2024-01-11-193046Z
-13581482.18838092,4433881.029319465,1.5702957333333334,0.6290726817042607,2024-01-11 19:30:46+00:00,walton_lighthouse-2024-01-11-193046Z
-13581480.348506128,4433880.534852871,1.5702957333333334,0.631578947368421,2024-01-11 19:30:46+00:00,walton_lighthouse-2024-01-11-193046Z
-13581478.521887448,4433879.996148049,1.5702957333333334,0.6340852130325814,2024-01-11 19:30:46+00:00,walton_lighthouse-2024-01-11-193046Z
-13581476.696109254,4433879.454638353,1.5702957333333334,0.6365914786967418,2024-01-11 19:30:46+00:00,walton_lighthouse-2024-01-11-193046Z
-13581474.864583854,4433878.9323081495,1.5702957333333334,0.6390977443609023,2024-01-11 19:30:46+00:00,walton_lighthouse-2024-01-11-193046Z
-13581473.041473452,4433878.381895514,1.5702957333333334,0.6416040100250626,2024-01-11 19:30:46+00:00,walton_lighthouse-2024-01-11-193046Z
-13581471.206000147,4433877.872740346,1.5702957333333334,0.644110275689223,2024-01-11 19:30:46+00:00,walton_lighthouse-2024-01-11-193046Z
-13581469.38812716,4433877.304849412,1.5702957333333334,0.6466165413533834,2024-01-11 19:30:46+00:00,walton_lighthouse-2024-01-11-193046Z
-13581467.551640123,4433876.799077155,1.5702957333333334,0.6491228070175439,2024-01-11 19:30:46+00:00,walton_lighthouse-2024-01-11-193046Z
-13581465.733328909,4433876.232648697,1.5702957333333334,0.6516290726817042,2024-01-11 19:30:46+00:00,walton_lighthouse-2024-01-11-193046Z
-13581463.88534758,4433875.765235208,1.5702957333333334,0.6541353383458646,2024-01-11 19:30:46+00:00,walton_lighthouse-2024-01-11-193046Z
-13581462.066095011,4433875.201948247,1.5702957333333334,0.656641604010025,2024-01-11 19:30:46+00:00,walton_lighthouse-2024-01-11-193046Z
-13581460.223321334,4433874.717155709,1.5702957333333334,0.6591478696741855,2024-01-11 19:30:46+00:00,walton_lighthouse-2024-01-11-193046Z
-13581458.40964942,4433874.135245007,1.5702957333333334,0.6616541353383458,2024-01-11 19:30:46+00:00,walton_lighthouse-2024-01-11-193046Z
-13581456.564975478,4433873.656794127,1.5702957333333334,0.6641604010025062,2024-01-11 19:30:46+00:00,walton_lighthouse-2024-01-11-193046Z
-13581454.71916447,4433873.182137817,1.5702957333333334,0.6666666666666666,2024-01-11 19:30:46+00:00,walton_lighthouse-2024-01-11-193046Z
-13581452.860763058,4433872.749498103,1.5702957333333334,0.6691729323308271,2024-01-11 19:30:46+00:00,walton_lighthouse-2024-01-11-193046Z
-13581451.014191857,4433872.277378681,1.5702957333333334,0.6716791979949874,2024-01-11 19:30:46+00:00,walton_lighthouse-2024-01-11-193046Z
-13581449.160877625,4433871.827762123,1.5702957333333334,0.6741854636591478,2024-01-11 19:30:46+00:00,walton_lighthouse-2024-01-11-193046Z
-13581447.30251431,4433871.3949952815,1.5702957333333334,0.6766917293233082,2024-01-11 19:30:46+00:00,walton_lighthouse-2024-01-11-193046Z
-13581445.427398823,4433871.018133652,1.5702957333333334,0.6791979949874687,2024-01-11 19:30:46+00:00,walton_lighthouse-2024-01-11-193046Z
-13581443.559992984,4433870.61554351,1.5702957333333334,0.681704260651629,2024-01-11 19:30:46+00:00,walton_lighthouse-2024-01-11-193046Z
-13581441.694973314,4433870.204990242,1.5702957333333334,0.6842105263157894,2024-01-11 19:30:46+00:00,walton_lighthouse-2024-01-11-193046Z
-13581439.846464522,4433869.739336957,1.5702957333333334,0.6867167919799498,2024-01-11 19:30:46+00:00,walton_lighthouse-2024-01-11-193046Z
-13581437.985306043,4433869.315898087,1.5702957333333334,0.6892230576441103,2024-01-11 19:30:46+00:00,walton_lighthouse-2024-01-11-193046Z
-13581436.138031453,4433868.846126081,1.5702957333333334,0.6917293233082706,2024-01-11 19:30:46+00:00,walton_lighthouse-2024-01-11-193046Z
-13581434.306476029,4433868.3238961445,1.5702957333333334,0.694235588972431,2024-01-11 19:30:46+00:00,walton_lighthouse-2024-01-11-193046Z
-13581432.461506352,4433867.8464320665,1.5702957333333334,0.6967418546365914,2024-01-11 19:30:46+00:00,walton_lighthouse-2024-01-11-193046Z
-13581430.624402314,4433867.342718907,1.5702957333333334,0.6992481203007519,2024-01-11 19:30:46+00:00,walton_lighthouse-2024-01-11-193046Z
-13581428.76833084,4433866.902303807,1.5702957333333334,0.7017543859649122,2024-01-11 19:30:46+00:00,walton_lighthouse-2024-01-11-193046Z
-13581426.91837924,4433866.441465452,1.5702957333333334,0.7042606516290726,2024-01-11 19:30:46+00:00,walton_lighthouse-2024-01-11-193046Z
-13581425.077102758,4433865.951676528,1.5702957333333334,0.706766917293233,2024-01-11 19:30:46+00:00,walton_lighthouse-2024-01-11-193046Z
-13581423.2271456,4433865.4908566885,1.5702957333333334,0.7092731829573935,2024-01-11 19:30:46+00:00,walton_lighthouse-2024-01-11-193046Z
-13581421.388223322,4433864.993211396,1.5702957333333334,0.7117794486215538,2024-01-11 19:30:46+00:00,walton_lighthouse-2024-01-11-193046Z
-13581419.556384891,4433864.471925875,1.5702957333333334,0.7142857142857142,2024-01-11 19:30:46+00:00,walton_lighthouse-2024-01-11-193046Z
-13581417.717141414,4433863.975352399,1.5702957333333334,0.7167919799498746,2024-01-11 19:30:46+00:00,walton_lighthouse-2024-01-11-193046Z
-13581415.87888012,4433863.475501245,1.5702957333333334,0.7192982456140351,2024-01-11 19:30:46+00:00,walton_lighthouse-2024-01-11-193046Z
-13581414.03915578,4433862.9805325605,1.5702957333333334,0.7218045112781954,2024-01-11 19:30:46+00:00,walton_lighthouse-2024-01-11-193046Z
-13581412.193570567,4433862.505122725,1.5702957333333334,0.7243107769423558,2024-01-11 19:30:46+00:00,walton_lighthouse-2024-01-11-193046Z
-13581410.336502042,4433862.068034887,1.5702957333333334,0.7268170426065163,2024-01-11 19:30:46+00:00,walton_lighthouse-2024-01-11-193046Z
-13581408.488006895,4433861.60233606,1.5702957333333334,0.7293233082706767,2024-01-11 19:30:46+00:00,walton_lighthouse-2024-01-11-193046Z
-13581406.627953457,4433861.1752095735,1.5702957333333334,0.731829573934837,2024-01-11 19:30:46+00:00,walton_lighthouse-2024-01-11-193046Z
-13581404.756336378,4433860.786673092,1.5702957333333334,0.7343358395989974,2024-01-11 19:30:46+00:00,walton_lighthouse-2024-01-11-193046Z
-13581402.895845668,4433860.361005757,1.5702957333333334,0.7368421052631579,2024-01-11 19:30:46+00:00,walton_lighthouse-2024-01-11-193046Z
-13581401.03389898,4433859.9401973225,1.5702957333333334,0.7393483709273183,2024-01-11 19:30:46+00:00,walton_lighthouse-2024-01-11-193046Z
-13581399.14723709,4433859.601868377,1.5702957333333334,0.7418546365914787,2024-01-11 19:30:46+00:00,walton_lighthouse-2024-01-11-193046Z
-13581397.270368744,4433859.230856454,1.5702957333333334,0.744360902255639,2024-01-11 19:30:46+00:00,walton_lighthouse-2024-01-11-193046Z
-13581395.39310914,4433858.8611501325,1.5702957333333334,0.7468671679197995,2024-01-11 19:30:46+00:00,walton_lighthouse-2024-01-11-193046Z
-13581393.523196558,4433858.466925442,1.5702957333333334,0.7493734335839599,2024-01-11 19:30:46+00:00,walton_lighthouse-2024-01-11-193046Z
-13581391.656926803,4433858.060543978,1.5702957333333334,0.7518796992481203,2024-01-11 19:30:46+00:00,walton_lighthouse-2024-01-11-193046Z
-13581389.803571476,4433857.611064526,1.5702957333333334,0.7543859649122806,2024-01-11 19:30:46+00:00,walton_lighthouse-2024-01-11-193046Z
-13581387.957153464,4433857.138433855,1.5702957333333334,0.7568922305764411,2024-01-11 19:30:46+00:00,walton_lighthouse-2024-01-11-193046Z
-13581386.08975635,4433856.735814565,1.5702957333333334,0.7593984962406015,2024-01-11 19:30:46+00:00,walton_lighthouse-2024-01-11-193046Z
-13581384.207565192,4433856.382565931,1.5702957333333334,0.7619047619047619,2024-01-11 19:30:46+00:00,walton_lighthouse-2024-01-11-193046Z
-13581382.314404065,4433856.065926123,1.5702957333333334,0.7644110275689222,2024-01-11 19:30:46+00:00,walton_lighthouse-2024-01-11-193046Z
-13581380.427478977,4433855.72847543,1.5702957333333334,0.7669172932330827,2024-01-11 19:30:46+00:00,walton_lighthouse-2024-01-11-193046Z
-13581378.533273686,4433855.415320264,1.5702957333333334,0.7694235588972431,2024-01-11 19:30:46+00:00,walton_lighthouse-2024-01-11-193046Z
-13581376.641913682,4433855.092669786,1.5702957333333334,0.7719298245614035,2024-01-11 19:30:46+00:00,walton_lighthouse-2024-01-11-193046Z
-13581374.752239063,4433854.764394819,1.5702957333333334,0.7744360902255638,2024-01-11 19:30:46+00:00,walton_lighthouse-2024-01-11-193046Z
-13581372.87664769,4433854.389121335,1.5702957333333334,0.7769423558897243,2024-01-11 19:30:46+00:00,walton_lighthouse-2024-01-11-193046Z
-13581370.995894628,4433854.031073486,1.5702957333333334,0.7794486215538847,2024-01-11 19:30:46+00:00,walton_lighthouse-2024-01-11-193046Z
-13581369.09857878,4433853.728298814,1.5702957333333334,0.7819548872180451,2024-01-11 19:30:46+00:00,walton_lighthouse-2024-01-11-193046Z
-13581367.20709765,4433853.40605251,1.5702957333333334,0.7844611528822054,2024-01-11 19:30:46+00:00,walton_lighthouse-2024-01-11-193046Z
-13581365.333716348,4433853.023403637,1.5702957333333334,0.7869674185463659,2024-01-11 19:30:46+00:00,walton_lighthouse-2024-01-11-193046Z
-13581363.47712911,4433852.5847097095,1.5702957333333334,0.7894736842105263,2024-01-11 19:30:46+00:00,walton_lighthouse-2024-01-11-193046Z
-13581361.61859737,4433852.152504949,1.5702957333333334,0.7919799498746867,2024-01-11 19:30:46+00:00,walton_lighthouse-2024-01-11-193046Z
-13581359.753163738,4433851.743333085,1.5702957333333334,0.794486215538847,2024-01-11 19:30:46+00:00,walton_lighthouse-2024-01-11-193046Z
-13581357.875160769,4433851.376107593,1.5702957333333334,0.7969924812030075,2024-01-11 19:30:46+00:00,walton_lighthouse-2024-01-11-193046Z
-13581356.00035557,4433850.998210593,1.5702957333333334,0.7994987468671679,2024-01-11 19:30:46+00:00,walton_lighthouse-2024-01-11-193046Z
-13581354.134522164,4433850.590372868,1.5702957333333334,0.8020050125313283,2024-01-11 19:30:46+00:00,walton_lighthouse-2024-01-11-193046Z
-13581352.253375445,4433850.2336386405,1.5702957333333334,0.8045112781954886,2024-01-11 19:30:46+00:00,walton_lighthouse-2024-01-11-193046Z
-13581350.366013557,4433849.897645661,1.5702957333333334,0.8070175438596491,2024-01-11 19:30:46+00:00,walton_lighthouse-2024-01-11-193046Z
-13581348.480915835,4433849.55409678,1.5702957333333334,0.8095238095238095,2024-01-11 19:30:46+00:00,walton_lighthouse-2024-01-11-193046Z
-13581346.57805368,4433849.269831235,1.5702957333333334,0.8120300751879699,2024-01-11 19:30:46+00:00,walton_lighthouse-2024-01-11-193046Z
-13581344.684276767,4433848.955246368,1.5702957333333334,0.8145363408521302,2024-01-11 19:30:46+00:00,walton_lighthouse-2024-01-11-193046Z
-13581342.783681655,4433848.663415239,1.5702957333333334,0.8170426065162907,2024-01-11 19:30:46+00:00,walton_lighthouse-2024-01-11-193046Z
-13581340.905768037,4433848.295891616,1.5702957333333334,0.8195488721804511,2024-01-11 19:30:46+00:00,walton_lighthouse-2024-01-11-193046Z
-13581339.039355176,4433847.889987673,1.5702957333333334,0.8220551378446115,2024-01-11 19:30:46+00:00,walton_lighthouse-2024-01-11-193046Z
-13581337.19112389,4433847.423408284,1.5702957333333334,0.8245614035087718,2024-01-11 19:30:46+00:00,walton_lighthouse-2024-01-11-193046Z
-13581335.357207006,4433846.909058938,1.5702957333333334,0.8270676691729323,2024-01-11 19:30:46+00:00,walton_lighthouse-2024-01-11-193046Z
-13581333.512063555,4433846.432174906,1.5702957333333334,0.8295739348370927,2024-01-11 19:30:46+00:00,walton_lighthouse-2024-01-11-193046Z
-13581331.6513052,4433846.007400793,1.5702957333333334,0.8320802005012531,2024-01-11 19:30:46+00:00,walton_lighthouse-2024-01-11-193046Z
-13581329.820342615,4433845.4831923535,1.5702957333333334,0.8345864661654134,2024-01-11 19:30:46+00:00,walton_lighthouse-2024-01-11-193046Z
-13581327.966062495,4433845.036799138,1.5702957333333334,0.8370927318295739,2024-01-11 19:30:46+00:00,walton_lighthouse-2024-01-11-193046Z
-13581326.092243582,4433844.655610655,1.5702957333333334,0.8395989974937343,2024-01-11 19:30:46+00:00,walton_lighthouse-2024-01-11-193046Z
-13581324.207231537,4433844.311775816,1.5702957333333334,0.8421052631578947,2024-01-11 19:30:46+00:00,walton_lighthouse-2024-01-11-193046Z
-13581322.319777513,4433843.976090263,1.5702957333333334,0.844611528822055,2024-01-11 19:30:46+00:00,walton_lighthouse-2024-01-11-193046Z
-13581320.439456044,4433843.616602103,1.5702957333333334,0.8471177944862155,2024-01-11 19:30:46+00:00,walton_lighthouse-2024-01-11-193046Z
-13581318.571225174,4433843.216765246,1.5702957333333334,0.849624060150376,2024-01-11 19:30:46+00:00,walton_lighthouse-2024-01-11-193046Z
-13581316.691044692,4433842.856806454,1.5702957333333334,0.8521303258145363,2024-01-11 19:30:46+00:00,walton_lighthouse-2024-01-11-193046Z
-13581314.784823382,4433842.583751035,1.5702957333333334,0.8546365914786966,2024-01-11 19:30:46+00:00,walton_lighthouse-2024-01-11-193046Z
-13581312.879060298,4433842.309166475,1.5702957333333334,0.8571428571428571,2024-01-11 19:30:46+00:00,walton_lighthouse-2024-01-11-193046Z
-13581310.973329457,4433842.034474273,1.5702957333333334,0.8596491228070176,2024-01-11 19:30:46+00:00,walton_lighthouse-2024-01-11-193046Z
-13581309.079712749,4433841.719354821,1.5702957333333334,0.8621553884711779,2024-01-11 19:30:46+00:00,walton_lighthouse-2024-01-11-193046Z
-13581307.188829403,4433841.395113599,1.5702957333333334,0.8646616541353382,2024-01-11 19:30:46+00:00,walton_lighthouse-2024-01-11-193046Z
-13581305.279924864,4433841.131012701,1.5702957333333334,0.8671679197994987,2024-01-11 19:30:46+00:00,walton_lighthouse-2024-01-11-193046Z
-13581303.39978578,4433840.770915831,1.5702957333333334,0.8696741854636592,2024-01-11 19:30:46+00:00,walton_lighthouse-2024-01-11-193046Z
-13581301.50284861,4433840.466877386,1.5702957333333334,0.8721804511278195,2024-01-11 19:30:46+00:00,walton_lighthouse-2024-01-11-193046Z
-13581299.5857161,4433840.230234788,1.5702957333333334,0.8746867167919798,2024-01-11 19:30:46+00:00,walton_lighthouse-2024-01-11-193046Z
-13581297.647965658,4433840.06239821,1.5702957333333334,0.8771929824561403,2024-01-11 19:30:46+00:00,walton_lighthouse-2024-01-11-193046Z
-13581295.698778316,4433839.932728785,1.5702957333333334,0.8796992481203008,2024-01-11 19:30:46+00:00,walton_lighthouse-2024-01-11-193046Z
-13581293.75096805,4433839.798463711,1.5702957333333334,0.8822055137844611,2024-01-11 19:30:46+00:00,walton_lighthouse-2024-01-11-193046Z
-13581291.814228063,4433839.627255033,1.5702957333333334,0.8847117794486214,2024-01-11 19:30:46+00:00,walton_lighthouse-2024-01-11-193046Z
-13581289.949546715,4433839.21557279,1.5702957333333334,0.8872180451127819,2024-01-11 19:30:46+00:00,walton_lighthouse-2024-01-11-193046Z
-13581288.063321251,4433838.875787314,1.5702957333333334,0.8897243107769424,2024-01-11 19:30:46+00:00,walton_lighthouse-2024-01-11-193046Z
-13581286.175329776,4433838.541895364,1.5702957333333334,0.8922305764411027,2024-01-11 19:30:46+00:00,walton_lighthouse-2024-01-11-193046Z
-13581284.293274583,4433838.188192912,1.5702957333333334,0.894736842105263,2024-01-11 19:30:46+00:00,walton_lighthouse-2024-01-11-193046Z
-13581282.482876062,4433837.595358323,1.5702957333333334,0.8972431077694235,2024-01-11 19:30:46+00:00,walton_lighthouse-2024-01-11-193046Z
-13581280.718060307,4433836.850405169,1.5702957333333334,0.899749373433584,2024-01-11 19:30:46+00:00,walton_lighthouse-2024-01-11-193046Z
-13581278.91910285,4433836.2193893865,1.5702957333333334,0.9022556390977443,2024-01-11 19:30:46+00:00,walton_lighthouse-2024-01-11-193046Z
-13581277.08501461,4433835.705611922,1.5702957333333334,0.9047619047619047,2024-01-11 19:30:46+00:00,walton_lighthouse-2024-01-11-193046Z
-13581275.257474868,4433835.169980904,1.5702957333333334,0.9072681704260651,2024-01-11 19:30:46+00:00,walton_lighthouse-2024-01-11-193046Z
-13581273.435911791,4433834.614404538,1.5702957333333334,0.9097744360902256,2024-01-11 19:30:46+00:00,walton_lighthouse-2024-01-11-193046Z
-13581271.59860768,4433834.11135904,1.5702957333333334,0.9122807017543859,2024-01-11 19:30:46+00:00,walton_lighthouse-2024-01-11-193046Z
-13581269.789960776,4433833.512678871,1.5702957333333334,0.9147869674185463,2024-01-11 19:30:46+00:00,walton_lighthouse-2024-01-11-193046Z
-13581268.00763284,4433832.826167292,1.5702957333333334,0.9172932330827067,2024-01-11 19:30:46+00:00,walton_lighthouse-2024-01-11-193046Z
-13581266.20343182,4433832.212650379,1.5702957333333334,0.9197994987468672,2024-01-11 19:30:46+00:00,walton_lighthouse-2024-01-11-193046Z
-13581264.39696356,4433831.606699632,1.5702957333333334,0.9223057644110275,2024-01-11 19:30:46+00:00,walton_lighthouse-2024-01-11-193046Z
-13581262.616223697,4433830.914888371,1.5702957333333334,0.9248120300751879,2024-01-11 19:30:46+00:00,walton_lighthouse-2024-01-11-193046Z
-13581260.851302156,4433830.170288179,1.5702957333333334,0.9273182957393483,2024-01-11 19:30:46+00:00,walton_lighthouse-2024-01-11-193046Z
-13581259.091761572,4433829.407730677,1.5702957333333334,0.9298245614035088,2024-01-11 19:30:46+00:00,walton_lighthouse-2024-01-11-193046Z
-13581257.352559112,4433828.577300964,1.5702957333333334,0.9323308270676691,2024-01-11 19:30:46+00:00,walton_lighthouse-2024-01-11-193046Z
-13581255.541527385,4433827.986579509,1.5702957333333334,0.9348370927318295,2024-01-11 19:30:46+00:00,walton_lighthouse-2024-01-11-193046Z
-13581255.541527385,4433827.986579509,1.5702957333333334,0.9373433583959899,2024-01-11 19:30:46+00:00,walton_lighthouse-2024-01-11-193046Z
-13581255.541527385,4433827.986579509,1.5702957333333334,0.9398496240601504,2024-01-11 19:30:46+00:00,walton_lighthouse-2024-01-11-193046Z
-13581255.541527385,4433827.986579509,1.5702957333333334,0.9423558897243107,2024-01-11 19:30:46+00:00,walton_lighthouse-2024-01-11-193046Z
-13581255.541527385,4433827.986579509,1.5702957333333334,0.9448621553884711,2024-01-11 19:30:46+00:00,walton_lighthouse-2024-01-11-193046Z
-13581255.541527385,4433827.986579509,1.5702957333333334,0.9473684210526315,2024-01-11 19:30:46+00:00,walton_lighthouse-2024-01-11-193046Z
-13581255.541527385,4433827.986579509,1.5702957333333334,0.949874686716792,2024-01-11 19:30:46+00:00,walton_lighthouse-2024-01-11-193046Z
-13581255.541527385,4433827.986579509,1.5702957333333334,0.9523809523809523,2024-01-11 19:30:46+00:00,walton_lighthouse-2024-01-11-193046Z
-13581255.541527385,4433827.986579509,1.5702957333333334,0.9548872180451127,2024-01-11 19:30:46+00:00,walton_lighthouse-2024-01-11-193046Z
-13581255.541527385,4433827.986579509,1.5702957333333334,0.9573934837092731,2024-01-11 19:30:46+00:00,walton_lighthouse-2024-01-11-193046Z
-13581255.541527385,4433827.986579509,1.5702957333333334,0.9598997493734336,2024-01-11 19:30:46+00:00,walton_lighthouse-2024-01-11-193046Z
-13581255.541527385,4433827.986579509,1.5702957333333334,0.9624060150375939,2024-01-11 19:30:46+00:00,walton_lighthouse-2024-01-11-193046Z
-13581255.541527385,4433827.986579509,1.5702957333333334,0.9649122807017543,2024-01-11 19:30:46+00:00,walton_lighthouse-2024-01-11-193046Z
-13581255.541527385,4433827.986579509,1.5702957333333334,0.9674185463659147,2024-01-11 19:30:46+00:00,walton_lighthouse-2024-01-11-193046Z
-13581255.541527385,4433827.986579509,1.5702957333333334,0.9699248120300752,2024-01-11 19:30:46+00:00,walton_lighthouse-2024-01-11-193046Z
-13581255.541527385,4433827.986579509,1.5702957333333334,0.9724310776942355,2024-01-11 19:30:46+00:00,walton_lighthouse-2024-01-11-193046Z
-13581255.541527385,4433827.986579509,1.5702957333333334,0.9749373433583959,2024-01-11 19:30:46+00:00,walton_lighthouse-2024-01-11-193046Z
-13581255.541527385,4433827.986579509,1.5702957333333334,0.9774436090225563,2024-01-11 19:30:46+00:00,walton_lighthouse-2024-01-11-193046Z
-13581255.541527385,4433827.986579509,1.5702957333333334,0.9799498746867168,2024-01-11 19:30:46+00:00,walton_lighthouse-2024-01-11-193046Z
-13581255.541527385,4433827.986579509,1.5702957333333334,0.9824561403508771,2024-01-11 19:30:46+00:00,walton_lighthouse-2024-01-11-193046Z
-13581255.541527385,4433827.986579509,1.5702957333333334,0.9849624060150375,2024-01-11 19:30:46+00:00,walton_lighthouse-2024-01-11-193046Z
-13581255.541527385,4433827.986579509,1.5702957333333334,0.9874686716791979,2024-01-11 19:30:46+00:00,walton_lighthouse-2024-01-11-193046Z
-13581255.541527385,4433827.986579509,1.5702957333333334,0.9899749373433584,2024-01-11 19:30:46+00:00,walton_lighthouse-2024-01-11-193046Z
-13581255.541527385,4433827.986579509,1.5702957333333334,0.9924812030075187,2024-01-11 19:30:46+00:00,walton_lighthouse-2024-01-11-193046Z
-13581255.541527385,4433827.986579509,1.5702957333333334,0.9949874686716791,2024-01-11 19:30:46+00:00,walton_lighthouse-2024-01-11-193046Z
-13581255.541527385,4433827.986579509,1.5702957333333334,0.9974937343358395,2024-01-11 19:30:46+00:00,walton_lighthouse-2024-01-11-193046Z
-13581255.541527385,4433827.986579509,1.5702957333333334,1.0,2024-01-11 19:30:46+00:00,walton_lighthouse-2024-01-11-193046Z
-13581926.358420577,4434064.003646474,1.3416957333333333,0.0,2024-01-11 20:00:46+00:00,walton_lighthouse-2024-01-11-200046Z
-13581924.652554132,4434063.061968033,1.3416957333333333,0.002506265664160401,2024-01-11 20:00:46+00:00,walton_lighthouse-2024-01-11-200046Z
-13581922.956029631,4434062.089113693,1.3416957333333333,0.005012531328320802,2024-01-11 20:00:46+00:00,walton_lighthouse-2024-01-11-200046Z
-13581921.235375067,4434061.196785974,1.3416957333333333,0.007518796992481203,2024-01-11 20:00:46+00:00,walton_lighthouse-2024-01-11-200046Z
-13581919.506997272,4434060.330232262,1.3416957333333333,0.010025062656641603,2024-01-11 20:00:46+00:00,walton_lighthouse-2024-01-11-200046Z
-13581917.77217246,4434059.48519361,1.3416957333333333,0.012531328320802004,2024-01-11 20:00:46+00:00,walton_lighthouse-2024-01-11-200046Z
-13581916.035034208,4434058.647875184,1.3416957333333333,0.015037593984962405,2024-01-11 20:00:46+00:00,walton_lighthouse-2024-01-11-200046Z
-13581914.326672964,4434057.714522273,1.3416957333333333,0.017543859649122806,2024-01-11 20:00:46+00:00,walton_lighthouse-2024-01-11-200046Z
-13581912.595570495,4434056.857061313,1.3416957333333333,0.020050125313283207,2024-01-11 20:00:46+00:00,walton_lighthouse-2024-01-11-200046Z
-13581910.888975518,4434055.91781419,1.3416957333333333,0.022556390977443608,2024-01-11 20:00:46+00:00,walton_lighthouse-2024-01-11-200046Z
-13581909.1820231,4434054.979759872,1.3416957333333333,0.02506265664160401,2024-01-11 20:00:46+00:00,walton_lighthouse-2024-01-11-200046Z
-13581907.503171517,4434053.947927464,1.3416957333333333,0.02756892230576441,2024-01-11 20:00:46+00:00,walton_lighthouse-2024-01-11-200046Z
-13581905.791878222,4434053.024359446,1.3416957333333333,0.03007518796992481,2024-01-11 20:00:46+00:00,walton_lighthouse-2024-01-11-200046Z
-13581904.100135706,4434052.035546769,1.3416957333333333,0.03258145363408521,2024-01-11 20:00:46+00:00,walton_lighthouse-2024-01-11-200046Z
-13581902.440253967,4434050.940408432,1.3416957333333333,0.03508771929824561,2024-01-11 20:00:46+00:00,walton_lighthouse-2024-01-11-200046Z
-13581900.74031724,4434049.978941317,1.3416957333333333,0.03759398496240601,2024-01-11 20:00:46+00:00,walton_lighthouse-2024-01-11-200046Z
-13581899.04038051,4434049.017474201,1.3416957333333333,0.040100250626566414,2024-01-11 20:00:46+00:00,walton_lighthouse-2024-01-11-200046Z
-13581897.34383796,4434048.044680168,1.3416957333333333,0.042606516290726815,2024-01-11 20:00:46+00:00,walton_lighthouse-2024-01-11-200046Z
-13581895.619142013,4434047.165839408,1.3416957333333333,0.045112781954887216,2024-01-11 20:00:46+00:00,walton_lighthouse-2024-01-11-200046Z
-13581893.908788629,4434046.239134657,1.3416957333333333,0.047619047619047616,2024-01-11 20:00:46+00:00,walton_lighthouse-2024-01-11-200046Z
-13581892.21854608,4434045.2453162735,1.3416957333333333,0.05012531328320802,2024-01-11 20:00:46+00:00,walton_lighthouse-2024-01-11-200046Z
-13581890.5048322,4434044.329826242,1.3416957333333333,0.05263157894736842,2024-01-11 20:00:46+00:00,walton_lighthouse-2024-01-11-200046Z
-13581888.77463289,4434043.4693512805,1.3416957333333333,0.05513784461152882,2024-01-11 20:00:46+00:00,walton_lighthouse-2024-01-11-200046Z
-13581887.044433556,4434042.608876316,1.3416957333333333,0.05764411027568922,2024-01-11 20:00:46+00:00,walton_lighthouse-2024-01-11-200046Z
-13581885.36361797,4434041.583598281,1.3416957333333333,0.06015037593984962,2024-01-11 20:00:46+00:00,walton_lighthouse-2024-01-11-200046Z
-13581883.71662438,4434040.4454497965,1.3416957333333333,0.06265664160401002,2024-01-11 20:00:46+00:00,walton_lighthouse-2024-01-11-200046Z
-13581881.953588914,4434039.694555402,1.3416957333333333,0.06516290726817042,2024-01-11 20:00:46+00:00,walton_lighthouse-2024-01-11-200046Z
-13581880.18328638,4434038.967912596,1.3416957333333333,0.06766917293233082,2024-01-11 20:00:46+00:00,walton_lighthouse-2024-01-11-200046Z
-13581878.564330272,4434037.736197483,1.3416957333333333,0.07017543859649122,2024-01-11 20:00:46+00:00,walton_lighthouse-2024-01-11-200046Z
-13581876.90100168,4434036.652562029,1.3416957333333333,0.07268170426065163,2024-01-11 20:00:46+00:00,walton_lighthouse-2024-01-11-200046Z
-13581875.152980484,4434035.851562188,1.3416957333333333,0.07518796992481203,2024-01-11 20:00:46+00:00,walton_lighthouse-2024-01-11-200046Z
-13581873.47871733,4434034.804417297,1.3416957333333333,0.07769423558897243,2024-01-11 20:00:46+00:00,walton_lighthouse-2024-01-11-200046Z
-13581871.883753102,4434033.492636708,1.3416957333333333,0.08020050125313283,2024-01-11 20:00:46+00:00,walton_lighthouse-2024-01-11-200046Z
-13581870.241591152,4434032.338363986,1.3416957333333333,0.08270676691729323,2024-01-11 20:00:46+00:00,walton_lighthouse-2024-01-11-200046Z
-13581868.541963913,4434031.375864022,1.3416957333333333,0.08521303258145363,2024-01-11 20:00:46+00:00,walton_lighthouse-2024-01-11-200046Z
-13581866.971402468,4434029.982646573,1.3416957333333333,0.08771929824561403,2024-01-11 20:00:46+00:00,walton_lighthouse-2024-01-11-200046Z
-13581865.315824302,4434028.873146397,1.3416957333333333,0.09022556390977443,2024-01-11 20:00:46+00:00,walton_lighthouse-2024-01-11-200046Z
-13581863.588126255,4434028.004324224,1.3416957333333333,0.09273182957393483,2024-01-11 20:00:46+00:00,walton_lighthouse-2024-01-11-200046Z
-13581861.9466387,4434026.84780085,1.3416957333333333,0.09523809523809523,2024-01-11 20:00:46+00:00,walton_lighthouse-2024-01-11-200046Z
-13581860.366199808,4434025.487546328,1.3416957333333333,0.09774436090225563,2024-01-11 20:00:46+00:00,walton_lighthouse-2024-01-11-200046Z
-13581858.84828528,4434023.918635967,1.3416957333333333,0.10025062656641603,2024-01-11 20:00:46+00:00,walton_lighthouse-2024-01-11-200046Z
-13581857.149546538,4434022.953170939,1.3416957333333333,0.10275689223057644,2024-01-11 20:00:46+00:00,walton_lighthouse-2024-01-11-200046Z
-13581855.320326986,4434022.423145657,1.3416957333333333,0.10526315789473684,2024-01-11 20:00:46+00:00,walton_lighthouse-2024-01-11-200046Z
-13581853.54408273,4434021.716331604,1.3416957333333333,0.10776942355889724,2024-01-11 20:00:46+00:00,walton_lighthouse-2024-01-11-200046Z
-13581851.889070855,4434020.604941641,1.3416957333333333,0.11027568922305764,2024-01-11 20:00:46+00:00,walton_lighthouse-2024-01-11-200046Z
-13581850.20798529,4434019.580564618,1.3416957333333333,0.11278195488721804,2024-01-11 20:00:46+00:00,walton_lighthouse-2024-01-11-200046Z
-13581848.57266189,4434018.403470226,1.3416957333333333,0.11528822055137844,2024-01-11 20:00:46+00:00,walton_lighthouse-2024-01-11-200046Z
-13581846.876053786,4434017.430894889,1.3416957333333333,0.11779448621553884,2024-01-11 20:00:46+00:00,walton_lighthouse-2024-01-11-200046Z
-13581845.2158381,4434016.336871056,1.3416957333333333,0.12030075187969924,2024-01-11 20:00:46+00:00,walton_lighthouse-2024-01-11-200046Z
-13581843.522907823,4434015.352022093,1.3416957333333333,0.12280701754385964,2024-01-11 20:00:46+00:00,walton_lighthouse-2024-01-11-200046Z
-13581841.821591856,4434014.395157778,1.3416957333333333,0.12531328320802004,2024-01-11 20:00:46+00:00,walton_lighthouse-2024-01-11-200046Z
-13581840.129583595,4434013.407231818,1.3416957333333333,0.12781954887218044,2024-01-11 20:00:46+00:00,walton_lighthouse-2024-01-11-200046Z
-13581838.35900788,4434012.681500816,1.3416957333333333,0.13032581453634084,2024-01-11 20:00:46+00:00,walton_lighthouse-2024-01-11-200046Z
-13581836.599919546,4434011.917434119,1.3416957333333333,0.13283208020050125,2024-01-11 20:00:46+00:00,walton_lighthouse-2024-01-11-200046Z
-13581834.88358049,4434011.010704735,1.3416957333333333,0.13533834586466165,2024-01-11 20:00:46+00:00,walton_lighthouse-2024-01-11-200046Z
-13581833.100648409,4434010.326209277,1.3416957333333333,0.13784461152882205,2024-01-11 20:00:46+00:00,walton_lighthouse-2024-01-11-200046Z
-13581831.3985078,4434009.372097003,1.3416957333333333,0.14035087719298245,2024-01-11 20:00:46+00:00,walton_lighthouse-2024-01-11-200046Z
-13581829.707411887,4434008.381126405,1.3416957333333333,0.14285714285714285,2024-01-11 20:00:46+00:00,walton_lighthouse-2024-01-11-200046Z
-13581827.969739424,4434007.54559074,1.3416957333333333,0.14536340852130325,2024-01-11 20:00:46+00:00,walton_lighthouse-2024-01-11-200046Z
-13581826.224735072,4434006.734523066,1.3416957333333333,0.14786967418546365,2024-01-11 20:00:46+00:00,walton_lighthouse-2024-01-11-200046Z
-13581824.565994965,4434005.635574975,1.3416957333333333,0.15037593984962405,2024-01-11 20:00:46+00:00,walton_lighthouse-2024-01-11-200046Z
-13581822.852249151,4434004.720191455,1.3416957333333333,0.15288220551378445,2024-01-11 20:00:46+00:00,walton_lighthouse-2024-01-11-200046Z
-13581821.12895009,4434003.83668896,1.3416957333333333,0.15538847117794485,2024-01-11 20:00:46+00:00,walton_lighthouse-2024-01-11-200046Z
-13581819.4339106,4434002.8588788975,1.3416957333333333,0.15789473684210525,2024-01-11 20:00:46+00:00,walton_lighthouse-2024-01-11-200046Z
-13581817.754188731,4434001.829950927,1.3416957333333333,0.16040100250626566,2024-01-11 20:00:46+00:00,walton_lighthouse-2024-01-11-200046Z
-13581816.003127372,4434001.03909663,1.3416957333333333,0.16290726817042606,2024-01-11 20:00:46+00:00,walton_lighthouse-2024-01-11-200046Z
-13581814.271408413,4434000.18369299,1.3416957333333333,0.16541353383458646,2024-01-11 20:00:46+00:00,walton_lighthouse-2024-01-11-200046Z
-13581812.61046248,4433999.092106125,1.3416957333333333,0.16791979949874686,2024-01-11 20:00:46+00:00,walton_lighthouse-2024-01-11-200046Z
-13581810.853614746,4433998.320562111,1.3416957333333333,0.17042606516290726,2024-01-11 20:00:46+00:00,walton_lighthouse-2024-01-11-200046Z
-13581809.090647612,4433997.569439668,1.3416957333333333,0.17293233082706766,2024-01-11 20:00:46+00:00,walton_lighthouse-2024-01-11-200046Z
-13581807.345175968,4433996.759931469,1.3416957333333333,0.17543859649122806,2024-01-11 20:00:46+00:00,walton_lighthouse-2024-01-11-200046Z
-13581805.630016183,4433995.849266697,1.3416957333333333,0.17794486215538846,2024-01-11 20:00:46+00:00,walton_lighthouse-2024-01-11-200046Z
-13581803.919326983,4433994.92368271,1.3416957333333333,0.18045112781954886,2024-01-11 20:00:46+00:00,walton_lighthouse-2024-01-11-200046Z
-13581802.208817856,4433993.997497723,1.3416957333333333,0.18295739348370926,2024-01-11 20:00:46+00:00,walton_lighthouse-2024-01-11-200046Z
-13581800.452386595,4433993.22456386,1.3416957333333333,0.18546365914786966,2024-01-11 20:00:46+00:00,walton_lighthouse-2024-01-11-200046Z
-13581798.651048506,4433992.601492881,1.3416957333333333,0.18796992481203006,2024-01-11 20:00:46+00:00,walton_lighthouse-2024-01-11-200046Z
-13581796.874691565,4433991.895054849,1.3416957333333333,0.19047619047619047,2024-01-11 20:00:46+00:00,walton_lighthouse-2024-01-11-200046Z
-13581795.134601615,4433991.067586801,1.3416957333333333,0.19298245614035087,2024-01-11 20:00:46+00:00,walton_lighthouse-2024-01-11-200046Z
-13581793.422995163,4433990.145063846,1.3416957333333333,0.19548872180451127,2024-01-11 20:00:46+00:00,walton_lighthouse-2024-01-11-200046Z
-13581791.669533614,4433989.362219542,1.3416957333333333,0.19799498746867167,2024-01-11 20:00:46+00:00,walton_lighthouse-2024-01-11-200046Z
-13581789.86275486,4433988.757305062,1.3416957333333333,0.20050125313283207,2024-01-11 20:00:46+00:00,walton_lighthouse-2024-01-11-200046Z
-13581788.073832491,4433988.0928002335,1.3416957333333333,0.20300751879699247,2024-01-11 20:00:46+00:00,walton_lighthouse-2024-01-11-200046Z
-13581786.287036758,4433987.421198506,1.3416957333333333,0.20551378446115287,2024-01-11 20:00:46+00:00,walton_lighthouse-2024-01-11-200046Z
-13581784.519409392,4433986.685628267,1.3416957333333333,0.20802005012531327,2024-01-11 20:00:46+00:00,walton_lighthouse-2024-01-11-200046Z
-13581782.747435365,4433985.964563638,1.3416957333333333,0.21052631578947367,2024-01-11 20:00:46+00:00,walton_lighthouse-2024-01-11-200046Z
-13581780.95549716,4433985.310123309,1.3416957333333333,0.21303258145363407,2024-01-11 20:00:46+00:00,walton_lighthouse-2024-01-11-200046Z
-13581779.154663645,4433984.685368338,1.3416957333333333,0.21553884711779447,2024-01-11 20:00:46+00:00,walton_lighthouse-2024-01-11-200046Z
-13581777.335656287,4433984.121263104,1.3416957333333333,0.21804511278195488,2024-01-11 20:00:46+00:00,walton_lighthouse-2024-01-11-200046Z
-13581775.523593504,4433983.533982415,1.3416957333333333,0.22055137844611528,2024-01-11 20:00:46+00:00,walton_lighthouse-2024-01-11-200046Z
-13581773.722446714,4433982.910272894,1.3416957333333333,0.22305764411027568,2024-01-11 20:00:46+00:00,walton_lighthouse-2024-01-11-200046Z
-13581771.950693289,4433982.1884721,1.3416957333333333,0.22556390977443608,2024-01-11 20:00:46+00:00,walton_lighthouse-2024-01-11-200046Z
-13581770.178939857,4433981.466671304,1.3416957333333333,0.22807017543859648,2024-01-11 20:00:46+00:00,walton_lighthouse-2024-01-11-200046Z
-13581768.383630317,4433980.823481807,1.3416957333333333,0.23057644110275688,2024-01-11 20:00:46+00:00,walton_lighthouse-2024-01-11-200046Z
-13581766.57596144,4433980.221537744,1.3416957333333333,0.23308270676691728,2024-01-11 20:00:46+00:00,walton_lighthouse-2024-01-11-200046Z
-13581764.768632414,4433979.618459646,1.3416957333333333,0.23558897243107768,2024-01-11 20:00:46+00:00,walton_lighthouse-2024-01-11-200046Z
-13581762.96296476,4433979.009837203,1.3416957333333333,0.23809523809523808,2024-01-11 20:00:46+00:00,walton_lighthouse-2024-01-11-200046Z
-13581761.2064892,4433978.237051087,1.3416957333333333,0.24060150375939848,2024-01-11 20:00:46+00:00,walton_lighthouse-2024-01-11-200046Z
-13581759.439465394,4433977.499466604,1.3416957333333333,0.24310776942355888,2024-01-11 20:00:46+00:00,walton_lighthouse-2024-01-11-200046Z
-13581757.672468206,4433976.7617933415,1.3416957333333333,0.24561403508771928,2024-01-11 20:00:46+00:00,walton_lighthouse-2024-01-11-200046Z
-13581755.867284818,4433976.151554782,1.3416957333333333,0.24812030075187969,2024-01-11 20:00:46+00:00,walton_lighthouse-2024-01-11-200046Z
-13581754.062101414,4433975.541316218,1.3416957333333333,0.2506265664160401,2024-01-11 20:00:46+00:00,walton_lighthouse-2024-01-11-200046Z
-13581752.256918028,4433974.931077656,1.3416957333333333,0.2531328320802005,2024-01-11 20:00:46+00:00,walton_lighthouse-2024-01-11-200046Z
-13581750.48335296,4433974.215322712,1.3416957333333333,0.2556390977443609,2024-01-11 20:00:46+00:00,walton_lighthouse-2024-01-11-200046Z
-13581748.706566328,4433973.510318633,1.3416957333333333,0.2581453634085213,2024-01-11 20:00:46+00:00,walton_lighthouse-2024-01-11-200046Z
-13581746.923430914,4433972.82650166,1.3416957333333333,0.2606516290726817,2024-01-11 20:00:46+00:00,walton_lighthouse-2024-01-11-200046Z
-13581745.123914927,4433972.197349876,1.3416957333333333,0.2631578947368421,2024-01-11 20:00:46+00:00,walton_lighthouse-2024-01-11-200046Z
-13581743.324398955,4433971.568198095,1.3416957333333333,0.2656641604010025,2024-01-11 20:00:46+00:00,walton_lighthouse-2024-01-11-200046Z
-13581741.527342867,4433970.93083719,1.3416957333333333,0.2681704260651629,2024-01-11 20:00:46+00:00,walton_lighthouse-2024-01-11-200046Z
-13581739.763717372,4433970.181911805,1.3416957333333333,0.2706766917293233,2024-01-11 20:00:46+00:00,walton_lighthouse-2024-01-11-200046Z
-13581738.004003894,4433969.419931339,1.3416957333333333,0.2731829573934837,2024-01-11 20:00:46+00:00,walton_lighthouse-2024-01-11-200046Z
-13581736.229654549,4433968.706793645,1.3416957333333333,0.2756892230576441,2024-01-11 20:00:46+00:00,walton_lighthouse-2024-01-11-200046Z
-13581734.43446106,4433968.06321686,1.3416957333333333,0.2781954887218045,2024-01-11 20:00:46+00:00,walton_lighthouse-2024-01-11-200046Z
-13581732.639267562,4433967.419640073,1.3416957333333333,0.2807017543859649,2024-01-11 20:00:46+00:00,walton_lighthouse-2024-01-11-200046Z
-13581730.848388985,4433966.761663549,1.3416957333333333,0.2832080200501253,2024-01-11 20:00:46+00:00,walton_lighthouse-2024-01-11-200046Z
-13581729.05790135,4433966.102382458,1.3416957333333333,0.2857142857142857,2024-01-11 20:00:46+00:00,walton_lighthouse-2024-01-11-200046Z
-13581727.284669338,4433965.3855159655,1.3416957333333333,0.2882205513784461,2024-01-11 20:00:46+00:00,walton_lighthouse-2024-01-11-200046Z
-13581725.487521492,4433964.748461195,1.3416957333333333,0.2907268170426065,2024-01-11 20:00:46+00:00,walton_lighthouse-2024-01-11-200046Z
-13581723.683196612,4433964.135357655,1.3416957333333333,0.2932330827067669,2024-01-11 20:00:46+00:00,walton_lighthouse-2024-01-11-200046Z
-13581721.885077162,4433963.501545376,1.3416957333333333,0.2957393483709273,2024-01-11 20:00:46+00:00,walton_lighthouse-2024-01-11-200046Z
-13581720.086555373,4433962.869075778,1.3416957333333333,0.2982456140350877,2024-01-11 20:00:46+00:00,walton_lighthouse-2024-01-11-200046Z
-13581718.295482334,4433962.211748186,1.3416957333333333,0.3007518796992481,2024-01-11 20:00:46+00:00,walton_lighthouse-2024-01-11-200046Z
-13581716.495110247,4433961.585453383,1.3416957333333333,0.3032581453634085,2024-01-11 20:00:46+00:00,walton_lighthouse-2024-01-11-200046Z
-13581714.681414414,4433961.003622577,1.3416957333333333,0.3057644110275689,2024-01-11 20:00:46+00:00,walton_lighthouse-2024-01-11-200046Z
-13581712.874226222,4433960.400074409,1.3416957333333333,0.3082706766917293,2024-01-11 20:00:46+00:00,walton_lighthouse-2024-01-11-200046Z
-13581711.054346329,4433959.838880897,1.3416957333333333,0.3107769423558897,2024-01-11 20:00:46+00:00,walton_lighthouse-2024-01-11-200046Z
-13581709.263096884,4433959.182142104,1.3416957333333333,0.3132832080200501,2024-01-11 20:00:46+00:00,walton_lighthouse-2024-01-11-200046Z
-13581707.440632563,4433958.629573371,1.3416957333333333,0.3157894736842105,2024-01-11 20:00:46+00:00,walton_lighthouse-2024-01-11-200046Z
-13581705.605030036,4433958.120849351,1.3416957333333333,0.3182957393483709,2024-01-11 20:00:46+00:00,walton_lighthouse-2024-01-11-200046Z
-13581703.777200293,4433957.5861860365,1.3416957333333333,0.3208020050125313,2024-01-11 20:00:46+00:00,walton_lighthouse-2024-01-11-200046Z
-13581702.002273591,4433956.874975091,1.3416957333333333,0.3233082706766917,2024-01-11 20:00:46+00:00,walton_lighthouse-2024-01-11-200046Z
-13581700.215272116,4433956.204059972,1.3416957333333333,0.3258145363408521,2024-01-11 20:00:46+00:00,walton_lighthouse-2024-01-11-200046Z
-13581698.404396731,4433955.612816657,1.3416957333333333,0.3283208020050125,2024-01-11 20:00:46+00:00,walton_lighthouse-2024-01-11-200046Z
-13581696.580712007,4433955.064320669,1.3416957333333333,0.3308270676691729,2024-01-11 20:00:46+00:00,walton_lighthouse-2024-01-11-200046Z
-13581694.75702728,4433954.51582468,1.3416957333333333,0.3333333333333333,2024-01-11 20:00:46+00:00,walton_lighthouse-2024-01-11-200046Z
-13581692.969944596,4433953.845180567,1.3416957333333333,0.3358395989974937,2024-01-11 20:00:46+00:00,walton_lighthouse-2024-01-11-200046Z
-13581691.178359624,4433953.189561404,1.3416957333333333,0.3383458646616541,2024-01-11 20:00:46+00:00,walton_lighthouse-2024-01-11-200046Z
-13581689.360613355,4433952.621247617,1.3416957333333333,0.3408521303258145,2024-01-11 20:00:46+00:00,walton_lighthouse-2024-01-11-200046Z
-13581687.542524053,4433952.054078666,1.3416957333333333,0.3433583959899749,2024-01-11 20:00:46+00:00,walton_lighthouse-2024-01-11-200046Z
-13581685.72381924,4433951.488963694,1.3416957333333333,0.3458646616541353,2024-01-11 20:00:46+00:00,walton_lighthouse-2024-01-11-200046Z
-13581683.93997835,4433950.807501031,1.3416957333333333,0.3483709273182957,2024-01-11 20:00:46+00:00,walton_lighthouse-2024-01-11-200046Z
-13581682.152331896,4433950.138738318,1.3416957333333333,0.3508771929824561,2024-01-11 20:00:46+00:00,walton_lighthouse-2024-01-11-200046Z
-13581680.329173196,4433949.588486908,1.3416957333333333,0.3533834586466165,2024-01-11 20:00:46+00:00,walton_lighthouse-2024-01-11-200046Z
-13581678.523923105,4433948.978470983,1.3416957333333333,0.3558897243107769,2024-01-11 20:00:46+00:00,walton_lighthouse-2024-01-11-200046Z
-13581676.7272814,4433948.339727087,1.3416957333333333,0.3583959899749373,2024-01-11 20:00:46+00:00,walton_lighthouse-2024-01-11-200046Z
-13581674.930401418,4433947.701778451,1.3416957333333333,0.3609022556390977,2024-01-11 20:00:46+00:00,walton_lighthouse-2024-01-11-200046Z
-13581673.109451702,4433947.144155231,1.3416957333333333,0.3634085213032581,2024-01-11 20:00:46+00:00,walton_lighthouse-2024-01-11-200046Z
-13581671.2939271,4433946.568427311,1.3416957333333333,0.3659147869674185,2024-01-11 20:00:46+00:00,walton_lighthouse-2024-01-11-200046Z
-13581669.489462849,4433945.955788833,1.3416957333333333,0.3684210526315789,2024-01-11 20:00:46+00:00,walton_lighthouse-2024-01-11-200046Z
-13581667.72193989,4433945.219870081,1.3416957333333333,0.37092731829573933,2024-01-11 20:00:46+00:00,walton_lighthouse-2024-01-11-200046Z
-13581665.943767477,4433944.51949071,1.3416957333333333,0.37343358395989973,2024-01-11 20:00:46+00:00,walton_lighthouse-2024-01-11-200046Z
-13581664.13499328,4433943.9212353695,1.3416957333333333,0.37593984962406013,2024-01-11 20:00:46+00:00,walton_lighthouse-2024-01-11-200046Z
-13581662.317601528,4433943.351738442,1.3416957333333333,0.37844611528822053,2024-01-11 20:00:46+00:00,walton_lighthouse-2024-01-11-200046Z
-13581660.500792108,4433942.780298239,1.3416957333333333,0.38095238095238093,2024-01-11 20:00:46+00:00,walton_lighthouse-2024-01-11-200046Z
-13581658.704522165,4433942.140313795,1.3416957333333333,0.38345864661654133,2024-01-11 20:00:46+00:00,walton_lighthouse-2024-01-11-200046Z
-13581656.907089278,4433941.504210313,1.3416957333333333,0.38596491228070173,2024-01-11 20:00:46+00:00,walton_lighthouse-2024-01-11-200046Z
-13581655.080706423,4433940.964718423,1.3416957333333333,0.38847117794486213,2024-01-11 20:00:46+00:00,walton_lighthouse-2024-01-11-200046Z
-13581653.250430552,4433940.4382184,1.3416957333333333,0.39097744360902253,2024-01-11 20:00:46+00:00,walton_lighthouse-2024-01-11-200046Z
-13581651.439744182,4433939.846344391,1.3416957333333333,0.39348370927318294,2024-01-11 20:00:46+00:00,walton_lighthouse-2024-01-11-200046Z
-13581649.63465033,4433939.235806949,1.3416957333333333,0.39598997493734334,2024-01-11 20:00:46+00:00,walton_lighthouse-2024-01-11-200046Z
-13581647.84800876,4433938.563690754,1.3416957333333333,0.39849624060150374,2024-01-11 20:00:46+00:00,walton_lighthouse-2024-01-11-200046Z
-13581646.035273602,4433937.978653955,1.3416957333333333,0.40100250626566414,2024-01-11 20:00:46+00:00,walton_lighthouse-2024-01-11-200046Z
-13581644.22266626,4433937.393190568,1.3416957333333333,0.40350877192982454,2024-01-11 20:00:46+00:00,walton_lighthouse-2024-01-11-200046Z
-13581642.417544328,4433936.782746898,1.3416957333333333,0.40601503759398494,2024-01-11 20:00:46+00:00,walton_lighthouse-2024-01-11-200046Z
-13581640.597161766,4433936.223230895,1.3416957333333333,0.40852130325814534,2024-01-11 20:00:46+00:00,walton_lighthouse-2024-01-11-200046Z
-13581638.785192464,4433935.635638295,1.3416957333333333,0.41102756892230574,2024-01-11 20:00:46+00:00,walton_lighthouse-2024-01-11-200046Z
-13581636.98368557,4433935.013130559,1.3416957333333333,0.41353383458646614,2024-01-11 20:00:46+00:00,walton_lighthouse-2024-01-11-200046Z
-13581635.172544776,4433934.422772971,1.3416957333333333,0.41604010025062654,2024-01-11 20:00:46+00:00,walton_lighthouse-2024-01-11-200046Z
-13581633.338833282,4433933.907738262,1.3416957333333333,0.41854636591478694,2024-01-11 20:00:46+00:00,walton_lighthouse-2024-01-11-200046Z
-13581631.510440506,4433933.374953948,1.3416957333333333,0.42105263157894735,2024-01-11 20:00:46+00:00,walton_lighthouse-2024-01-11-200046Z
-13581629.691866944,4433932.809401001,1.3416957333333333,0.42355889724310775,2024-01-11 20:00:46+00:00,walton_lighthouse-2024-01-11-200046Z
-13581627.86924282,4433932.257365499,1.3416957333333333,0.42606516290726815,2024-01-11 20:00:46+00:00,walton_lighthouse-2024-01-11-200046Z
-13581626.04246526,4433931.719190884,1.3416957333333333,0.42857142857142855,2024-01-11 20:00:46+00:00,walton_lighthouse-2024-01-11-200046Z
-13581624.21667589,4433931.177718554,1.3416957333333333,0.43107769423558895,2024-01-11 20:00:46+00:00,walton_lighthouse-2024-01-11-200046Z
-13581622.390741628,4433930.636729659,1.3416957333333333,0.43358395989974935,2024-01-11 20:00:46+00:00,walton_lighthouse-2024-01-11-200046Z
-13581620.556841437,4433930.122324594,1.3416957333333333,0.43609022556390975,2024-01-11 20:00:46+00:00,walton_lighthouse-2024-01-11-200046Z
-13581618.713479778,4433929.639494324,1.3416957333333333,0.43859649122807015,2024-01-11 20:00:46+00:00,walton_lighthouse-2024-01-11-200046Z
-13581616.896545185,4433929.068471867,1.3416957333333333,0.44110275689223055,2024-01-11 20:00:46+00:00,walton_lighthouse-2024-01-11-200046Z
-13581615.090708844,4433928.460412359,1.3416957333333333,0.44360902255639095,2024-01-11 20:00:46+00:00,walton_lighthouse-2024-01-11-200046Z
-13581613.29472886,4433927.819460177,1.3416957333333333,0.44611528822055135,2024-01-11 20:00:46+00:00,walton_lighthouse-2024-01-11-200046Z
-13581611.467021905,4433927.284387136,1.3416957333333333,0.44862155388471175,2024-01-11 20:00:46+00:00,walton_lighthouse-2024-01-11-200046Z
-13581609.642985106,4433926.737066105,1.3416957333333333,0.45112781954887216,2024-01-11 20:00:46+00:00,walton_lighthouse-2024-01-11-200046Z
-13581607.826977892,4433926.16294875,1.3416957333333333,0.45363408521303256,2024-01-11 20:00:46+00:00,walton_lighthouse-2024-01-11-200046Z
-13581605.984166477,4433925.678282191,1.3416957333333333,0.45614035087719296,2024-01-11 20:00:46+00:00,walton_lighthouse-2024-01-11-200046Z
-13581604.138079597,4433925.2045464935,1.3416957333333333,0.45864661654135336,2024-01-11 20:00:46+00:00,walton_lighthouse-2024-01-11-200046Z
-13581602.303177152,4433924.693486234,1.3416957333333333,0.46115288220551376,2024-01-11 20:00:46+00:00,walton_lighthouse-2024-01-11-200046Z
-13581600.46071465,4433924.207655301,1.3416957333333333,0.46365914786967416,2024-01-11 20:00:46+00:00,walton_lighthouse-2024-01-11-200046Z
-13581598.61530317,4433923.731665644,1.3416957333333333,0.46616541353383456,2024-01-11 20:00:46+00:00,walton_lighthouse-2024-01-11-200046Z
-13581596.784371149,4433923.207355334,1.3416957333333333,0.46867167919799496,2024-01-11 20:00:46+00:00,walton_lighthouse-2024-01-11-200046Z
-13581594.946317049,4433922.706812686,1.3416957333333333,0.47117794486215536,2024-01-11 20:00:46+00:00,walton_lighthouse-2024-01-11-200046Z
-13581593.117517715,4433922.175385066,1.3416957333333333,0.47368421052631576,2024-01-11 20:00:46+00:00,walton_lighthouse-2024-01-11-200046Z
-13581591.327223985,4433921.515456838,1.3416957333333333,0.47619047619047616,2024-01-11 20:00:46+00:00,walton_lighthouse-2024-01-11-200046Z
-13581589.50414312,4433920.964945674,1.3416957333333333,0.47869674185463656,2024-01-11 20:00:46+00:00,walton_lighthouse-2024-01-11-200046Z
-13581587.693872042,4433920.371685748,1.3416957333333333,0.48120300751879697,2024-01-11 20:00:46+00:00,walton_lighthouse-2024-01-11-200046Z
-13581585.906648366,4433919.7015120685,1.3416957333333333,0.48370927318295737,2024-01-11 20:00:46+00:00,walton_lighthouse-2024-01-11-200046Z
-13581584.116800582,4433919.0400956245,1.3416957333333333,0.48621553884711777,2024-01-11 20:00:46+00:00,walton_lighthouse-2024-01-11-200046Z
-13581582.322317917,4433918.394146724,1.3416957333333333,0.48872180451127817,2024-01-11 20:00:46+00:00,walton_lighthouse-2024-01-11-200046Z
-13581580.502862029,4433917.831538262,1.3416957333333333,0.49122807017543857,2024-01-11 20:00:46+00:00,walton_lighthouse-2024-01-11-200046Z
-13581578.692204025,4433917.239569544,1.3416957333333333,0.49373433583959897,2024-01-11 20:00:46+00:00,walton_lighthouse-2024-01-11-200046Z
-13581576.878479367,4433916.657834814,1.3416957333333333,0.49624060150375937,2024-01-11 20:00:46+00:00,walton_lighthouse-2024-01-11-200046Z
-13581575.085943008,4433916.005390722,1.3416957333333333,0.49874686716791977,2024-01-11 20:00:46+00:00,walton_lighthouse-2024-01-11-200046Z
-13581573.292971956,4433915.3543972215,1.3416957333333333,0.5012531328320802,2024-01-11 20:00:46+00:00,walton_lighthouse-2024-01-11-200046Z
-13581571.467658425,4433914.811336809,1.3416957333333333,0.5037593984962405,2024-01-11 20:00:46+00:00,walton_lighthouse-2024-01-11-200046Z
-13581569.61479639,4433914.360211162,1.3416957333333333,0.506265664160401,2024-01-11 20:00:46+00:00,walton_lighthouse-2024-01-11-200046Z
-13581567.80856342,4433913.753475281,1.3416957333333333,0.5087719298245614,2024-01-11 20:00:46+00:00,walton_lighthouse-2024-01-11-200046Z
-13581566.005602287,4433913.135820627,1.3416957333333333,0.5112781954887218,2024-01-11 20:00:46+00:00,walton_lighthouse-2024-01-11-200046Z
-13581564.181825722,4433912.587631055,1.3416957333333333,0.5137844611528821,2024-01-11 20:00:46+00:00,walton_lighthouse-2024-01-11-200046Z
-13581562.374461262,4433911.984671157,1.3416957333333333,0.5162907268170426,2024-01-11 20:00:46+00:00,walton_lighthouse-2024-01-11-200046Z
-13581560.575885912,4433911.352380358,1.3416957333333333,0.518796992481203,2024-01-11 20:00:46+00:00,walton_lighthouse-2024-01-11-200046Z
-13581558.767568592,4433910.752600308,1.3416957333333333,0.5213032581453634,2024-01-11 20:00:46+00:00,walton_lighthouse-2024-01-11-200046Z
-13581556.98017316,4433910.082999851,1.3416957333333333,0.5238095238095237,2024-01-11 20:00:46+00:00,walton_lighthouse-2024-01-11-200046Z
-13581555.208951408,4433909.35942472,1.3416957333333333,0.5263157894736842,2024-01-11 20:00:46+00:00,walton_lighthouse-2024-01-11-200046Z
-13581553.410096431,4433908.728067067,1.3416957333333333,0.5288220551378446,2024-01-11 20:00:46+00:00,walton_lighthouse-2024-01-11-200046Z
-13581551.60435431,4433908.119693132,1.3416957333333333,0.531328320802005,2024-01-11 20:00:46+00:00,walton_lighthouse-2024-01-11-200046Z
-13581549.805207392,4433907.489309624,1.3416957333333333,0.5338345864661653,2024-01-11 20:00:46+00:00,walton_lighthouse-2024-01-11-200046Z
-13581547.971377276,4433906.974670805,1.3416957333333333,0.5363408521303258,2024-01-11 20:00:46+00:00,walton_lighthouse-2024-01-11-200046Z
-13581546.145473246,4433906.433581042,1.3416957333333333,0.5388471177944862,2024-01-11 20:00:46+00:00,walton_lighthouse-2024-01-11-200046Z
-13581544.335398566,4433905.83966563,1.3416957333333333,0.5413533834586466,2024-01-11 20:00:46+00:00,walton_lighthouse-2024-01-11-200046Z
-13581542.496626064,4433905.34152048,1.3416957333333333,0.5438596491228069,2024-01-11 20:00:46+00:00,walton_lighthouse-2024-01-11-200046Z
-13581540.67009143,4433904.802535183,1.3416957333333333,0.5463659147869674,2024-01-11 20:00:46+00:00,walton_lighthouse-2024-01-11-200046Z
-13581538.83773401,4433904.282981638,1.3416957333333333,0.5488721804511278,2024-01-11 20:00:46+00:00,walton_lighthouse-2024-01-11-200046Z
-13581536.989046443,4433903.8179249065,1.3416957333333333,0.5513784461152882,2024-01-11 20:00:46+00:00,walton_lighthouse-2024-01-11-200046Z
-13581535.17753175,4433903.228815147,1.3416957333333333,0.5538847117794485,2024-01-11 20:00:46+00:00,walton_lighthouse-2024-01-11-200046Z
-13581533.343718044,4433902.714121579,1.3416957333333333,0.556390977443609,2024-01-11 20:00:46+00:00,walton_lighthouse-2024-01-11-200046Z
-13581531.523169812,4433902.155158456,1.3416957333333333,0.5588972431077694,2024-01-11 20:00:46+00:00,walton_lighthouse-2024-01-11-200046Z
-13581529.710082924,4433901.571295363,1.3416957333333333,0.5614035087719298,2024-01-11 20:00:46+00:00,walton_lighthouse-2024-01-11-200046Z
-13581527.880180556,4433901.043548829,1.3416957333333333,0.5639097744360901,2024-01-11 20:00:46+00:00,walton_lighthouse-2024-01-11-200046Z
-13581526.053514168,4433900.505003255,1.3416957333333333,0.5664160401002506,2024-01-11 20:00:46+00:00,walton_lighthouse-2024-01-11-200046Z
-13581524.215696016,4433900.003673258,1.3416957333333333,0.568922305764411,2024-01-11 20:00:46+00:00,walton_lighthouse-2024-01-11-200046Z
-13581522.36840528,4433899.533955005,1.3416957333333333,0.5714285714285714,2024-01-11 20:00:46+00:00,walton_lighthouse-2024-01-11-200046Z
-13581520.528009867,4433899.041225805,1.3416957333333333,0.5739348370927317,2024-01-11 20:00:46+00:00,walton_lighthouse-2024-01-11-200046Z
-13581518.681700911,4433898.56823128,1.3416957333333333,0.5764411027568922,2024-01-11 20:00:46+00:00,walton_lighthouse-2024-01-11-200046Z
-13581516.82415464,4433898.132737827,1.3416957333333333,0.5789473684210527,2024-01-11 20:00:46+00:00,walton_lighthouse-2024-01-11-200046Z
-13581514.970590932,4433897.68395375,1.3416957333333333,0.581453634085213,2024-01-11 20:00:46+00:00,walton_lighthouse-2024-01-11-200046Z
-13581513.101570915,4433897.286750364,1.3416957333333333,0.5839598997493733,2024-01-11 20:00:46+00:00,walton_lighthouse-2024-01-11-200046Z
-13581511.24408752,4433896.851047131,1.3416957333333333,0.5864661654135338,2024-01-11 20:00:46+00:00,walton_lighthouse-2024-01-11-200046Z
-13581509.392422304,4433896.395927432,1.3416957333333333,0.5889724310776943,2024-01-11 20:00:46+00:00,walton_lighthouse-2024-01-11-200046Z
-13581507.536088515,4433895.9563876325,1.3416957333333333,0.5914786967418546,2024-01-11 20:00:46+00:00,walton_lighthouse-2024-01-11-200046Z
-13581505.686193775,4433895.495359553,1.3416957333333333,0.593984962406015,2024-01-11 20:00:46+00:00,walton_lighthouse-2024-01-11-200046Z
-13581503.833901646,4433895.042332019,1.3416957333333333,0.5964912280701754,2024-01-11 20:00:46+00:00,walton_lighthouse-2024-01-11-200046Z
-13581501.979772218,4433894.595435891,1.3416957333333333,0.5989974937343359,2024-01-11 20:00:46+00:00,walton_lighthouse-2024-01-11-200046Z
-13581500.135381551,4433894.11603957,1.3416957333333333,0.6015037593984962,2024-01-11 20:00:46+00:00,walton_lighthouse-2024-01-11-200046Z
-13581498.289095744,4433893.642967763,1.3416957333333333,0.6040100250626566,2024-01-11 20:00:46+00:00,walton_lighthouse-2024-01-11-200046Z
-13581496.450623602,4433893.143820302,1.3416957333333333,0.606516290726817,2024-01-11 20:00:46+00:00,walton_lighthouse-2024-01-11-200046Z
-13581494.60802827,4433892.658432619,1.3416957333333333,0.6090225563909775,2024-01-11 20:00:46+00:00,walton_lighthouse-2024-01-11-200046Z
-13581492.77149118,4433892.152827403,1.3416957333333333,0.6115288220551378,2024-01-11 20:00:46+00:00,walton_lighthouse-2024-01-11-200046Z
-13581490.925126432,4433891.680019067,1.3416957333333333,0.6140350877192982,2024-01-11 20:00:46+00:00,walton_lighthouse-2024-01-11-200046Z
-13581489.088433355,4433891.174934453,1.3416957333333333,0.6165413533834586,2024-01-11 20:00:46+00:00,walton_lighthouse-2024-01-11-200046Z
-13581487.235400395,4433890.724379171,1.3416957333333333,0.6190476190476191,2024-01-11 20:00:46+00:00,walton_lighthouse-2024-01-11-200046Z
-13581485.390298257,4433890.247357203,1.3416957333333333,0.6215538847117794,2024-01-11 20:00:46+00:00,walton_lighthouse-2024-01-11-200046Z
-13581483.532515122,4433889.812654244,1.3416957333333333,0.6240601503759398,2024-01-11 20:00:46+00:00,walton_lighthouse-2024-01-11-200046Z
-13581481.683567656,4433889.348464891,1.3416957333333333,0.6265664160401002,2024-01-11 20:00:46+00:00,walton_lighthouse-2024-01-11-200046Z
-13581479.832298065,4433888.892024892,1.3416957333333333,0.6290726817042607,2024-01-11 20:00:46+00:00,walton_lighthouse-2024-01-11-200046Z
-13581477.98024111,4433888.438212529,1.3416957333333333,0.631578947368421,2024-01-11 20:00:46+00:00,walton_lighthouse-2024-01-11-200046Z
-13581476.13823777,4433887.95084931,1.3416957333333333,0.6340852130325814,2024-01-11 20:00:46+00:00,walton_lighthouse-2024-01-11-200046Z
-13581474.300373085,4433887.449674588,1.3416957333333333,0.6365914786967418,2024-01-11 20:00:46+00:00,walton_lighthouse-2024-01-11-200046Z
-13581472.462932078,4433886.947085899,1.3416957333333333,0.6390977443609023,2024-01-11 20:00:46+00:00,walton_lighthouse-2024-01-11-200046Z
-13581470.608459512,4433886.501334886,1.3416957333333333,0.6416040100250626,2024-01-11 20:00:46+00:00,walton_lighthouse-2024-01-11-200046Z
-13581468.749472858,4433886.070648329,1.3416957333333333,0.644110275689223,2024-01-11 20:00:46+00:00,walton_lighthouse-2024-01-11-200046Z
-13581466.893124092,4433885.631158527,1.3416957333333333,0.6466165413533834,2024-01-11 20:00:46+00:00,walton_lighthouse-2024-01-11-200046Z
-13581465.032236127,4433885.206816897,1.3416957333333333,0.6491228070175439,2024-01-11 20:00:46+00:00,walton_lighthouse-2024-01-11-200046Z
-13581463.166927036,4433884.797229466,1.3416957333333333,0.6516290726817042,2024-01-11 20:00:46+00:00,walton_lighthouse-2024-01-11-200046Z
-13581461.298570286,4433884.397812717,1.3416957333333333,0.6541353383458646,2024-01-11 20:00:46+00:00,walton_lighthouse-2024-01-11-200046Z
-13581459.434447091,4433883.98426775,1.3416957333333333,0.656641604010025,2024-01-11 20:00:46+00:00,walton_lighthouse-2024-01-11-200046Z
-13581457.575343974,4433883.553969706,1.3416957333333333,0.6591478696741855,2024-01-11 20:00:46+00:00,walton_lighthouse-2024-01-11-200046Z
-13581455.7133995,4433883.133153897,1.3416957333333333,0.6616541353383458,2024-01-11 20:00:46+00:00,walton_lighthouse-2024-01-11-200046Z
-13581453.859415416,4433882.68577277,1.3416957333333333,0.6641604010025062,2024-01-11 20:00:46+00:00,walton_lighthouse-2024-01-11-200046Z
-13581452.00498662,4433882.23987569,1.3416957333333333,0.6666666666666666,2024-01-11 20:00:46+00:00,walton_lighthouse-2024-01-11-200046Z
-13581450.16124888,4433881.75830046,1.3416957333333333,0.6691729323308271,2024-01-11 20:00:46+00:00,walton_lighthouse-2024-01-11-200046Z
-13581448.3039449,4433881.321998386,1.3416957333333333,0.6716791979949874,2024-01-11 20:00:46+00:00,walton_lighthouse-2024-01-11-200046Z
-13581446.459162723,4433880.843908709,1.3416957333333333,0.6741854636591478,2024-01-11 20:00:46+00:00,walton_lighthouse-2024-01-11-200046Z
-13581444.62654128,4433880.325236271,1.3416957333333333,0.6766917293233082,2024-01-11 20:00:46+00:00,walton_lighthouse-2024-01-11-200046Z
-13581442.781074185,4433879.849432204,1.3416957333333333,0.6791979949874687,2024-01-11 20:00:46+00:00,walton_lighthouse-2024-01-11-200046Z
-13581440.946133325,4433879.338500124,1.3416957333333333,0.681704260651629,2024-01-11 20:00:46+00:00,walton_lighthouse-2024-01-11-200046Z
-13581439.100537913,4433878.863124341,1.3416957333333333,0.6842105263157894,2024-01-11 20:00:46+00:00,walton_lighthouse-2024-01-11-200046Z
-13581437.256965416,4433878.380997681,1.3416957333333333,0.6867167919799498,2024-01-11 20:00:46+00:00,walton_lighthouse-2024-01-11-200046Z
-13581435.418929547,4433877.880394175,1.3416957333333333,0.6892230576441103,2024-01-11 20:00:46+00:00,walton_lighthouse-2024-01-11-200046Z
-13581433.585080504,4433877.3658185145,1.3416957333333333,0.6917293233082706,2024-01-11 20:00:46+00:00,walton_lighthouse-2024-01-11-200046Z
-13581431.763985796,4433876.808679143,1.3416957333333333,0.694235588972431,2024-01-11 20:00:46+00:00,walton_lighthouse-2024-01-11-200046Z
-13581429.947842086,4433876.23501722,1.3416957333333333,0.6967418546365914,2024-01-11 20:00:46+00:00,walton_lighthouse-2024-01-11-200046Z
-13581428.10281771,4433875.757735762,1.3416957333333333,0.6992481203007519,2024-01-11 20:00:46+00:00,walton_lighthouse-2024-01-11-200046Z
-13581426.257061517,4433875.282896575,1.3416957333333333,0.7017543859649122,2024-01-11 20:00:46+00:00,walton_lighthouse-2024-01-11-200046Z
-13581424.39869749,4433874.850132118,1.3416957333333333,0.7042606516290726,2024-01-11 20:00:46+00:00,walton_lighthouse-2024-01-11-200046Z
-13581422.536026644,4433874.431740325,1.3416957333333333,0.706766917293233,2024-01-11 20:00:46+00:00,walton_lighthouse-2024-01-11-200046Z
-13581420.671418373,4433874.019814098,1.3416957333333333,0.7092731829573935,2024-01-11 20:00:46+00:00,walton_lighthouse-2024-01-11-200046Z
-13581418.80414511,4433873.616781544,1.3416957333333333,0.7117794486215538,2024-01-11 20:00:46+00:00,walton_lighthouse-2024-01-11-200046Z
-13581416.935333386,4433873.218883079,1.3416957333333333,0.7142857142857142,2024-01-11 20:00:46+00:00,walton_lighthouse-2024-01-11-200046Z
-13581415.06269572,4433872.833752482,1.3416957333333333,0.7167919799498746,2024-01-11 20:00:46+00:00,walton_lighthouse-2024-01-11-200046Z
-13581413.203722823,4433872.403019959,1.3416957333333333,0.7192982456140351,2024-01-11 20:00:46+00:00,walton_lighthouse-2024-01-11-200046Z
-13581411.337799618,4433871.995481978,1.3416957333333333,0.7218045112781954,2024-01-11 20:00:46+00:00,walton_lighthouse-2024-01-11-200046Z
-13581409.485068629,4433871.543918995,1.3416957333333333,0.7243107769423558,2024-01-11 20:00:46+00:00,walton_lighthouse-2024-01-11-200046Z
-13581407.64138752,4433871.06215473,1.3416957333333333,0.7268170426065163,2024-01-11 20:00:46+00:00,walton_lighthouse-2024-01-11-200046Z
-13581405.808560451,4433870.544168496,1.3416957333333333,0.7293233082706767,2024-01-11 20:00:46+00:00,walton_lighthouse-2024-01-11-200046Z
-13581403.97011361,4433870.0449366085,1.3416957333333333,0.731829573934837,2024-01-11 20:00:46+00:00,walton_lighthouse-2024-01-11-200046Z
-13581402.128888838,4433869.554975102,1.3416957333333333,0.7343358395989974,2024-01-11 20:00:46+00:00,walton_lighthouse-2024-01-11-200046Z
-13581400.289821817,4433869.057812761,1.3416957333333333,0.7368421052631579,2024-01-11 20:00:46+00:00,walton_lighthouse-2024-01-11-200046Z
-13581398.454127563,4433868.549394865,1.3416957333333333,0.7393483709273183,2024-01-11 20:00:46+00:00,walton_lighthouse-2024-01-11-200046Z
-13581396.61822842,4433868.04166079,1.3416957333333333,0.7418546365914787,2024-01-11 20:00:46+00:00,walton_lighthouse-2024-01-11-200046Z
-13581394.76673114,4433867.585980694,1.3416957333333333,0.744360902255639,2024-01-11 20:00:46+00:00,walton_lighthouse-2024-01-11-200046Z
-13581392.891938498,4433867.208041632,1.3416957333333333,0.7468671679197995,2024-01-11 20:00:46+00:00,walton_lighthouse-2024-01-11-200046Z
-13581391.012227926,4433866.846514741,1.3416957333333333,0.7493734335839599,2024-01-11 20:00:46+00:00,walton_lighthouse-2024-01-11-200046Z
-13581389.136200087,4433866.472697899,1.3416957333333333,0.7518796992481203,2024-01-11 20:00:46+00:00,walton_lighthouse-2024-01-11-200046Z
-13581387.255340682,4433866.115004889,1.3416957333333333,0.7543859649122806,2024-01-11 20:00:46+00:00,walton_lighthouse-2024-01-11-200046Z
-13581385.37858381,4433865.74362087,1.3416957333333333,0.7568922305764411,2024-01-11 20:00:46+00:00,walton_lighthouse-2024-01-11-200046Z
-13581383.50228401,4433865.370711572,1.3416957333333333,0.7593984962406015,2024-01-11 20:00:46+00:00,walton_lighthouse-2024-01-11-200046Z
-13581381.621302642,4433865.013425655,1.3416957333333333,0.7619047619047619,2024-01-11 20:00:46+00:00,walton_lighthouse-2024-01-11-200046Z
-13581379.749061923,4433864.62697037,1.3416957333333333,0.7644110275689222,2024-01-11 20:00:46+00:00,walton_lighthouse-2024-01-11-200046Z
-13581377.889285307,4433864.198919954,1.3416957333333333,0.7669172932330827,2024-01-11 20:00:46+00:00,walton_lighthouse-2024-01-11-200046Z
-13581376.03236587,4433863.761334671,1.3416957333333333,0.7694235588972431,2024-01-11 20:00:46+00:00,walton_lighthouse-2024-01-11-200046Z
-13581374.171769802,4433863.336018978,1.3416957333333333,0.7719298245614035,2024-01-11 20:00:46+00:00,walton_lighthouse-2024-01-11-200046Z
-13581372.308358932,4433862.920096792,1.3416957333333333,0.7744360902255638,2024-01-11 20:00:46+00:00,walton_lighthouse-2024-01-11-200046Z
-13581370.438646486,4433862.525204177,1.3416957333333333,0.7769423558897243,2024-01-11 20:00:46+00:00,walton_lighthouse-2024-01-11-200046Z
-13581368.56929745,4433862.129098886,1.3416957333333333,0.7794486215538847,2024-01-11 20:00:46+00:00,walton_lighthouse-2024-01-11-200046Z
-13581366.695055962,4433861.749320595,1.3416957333333333,0.7819548872180451,2024-01-11 20:00:46+00:00,walton_lighthouse-2024-01-11-200046Z
-13581364.81604026,4433861.385474732,1.3416957333333333,0.7844611528822054,2024-01-11 20:00:46+00:00,walton_lighthouse-2024-01-11-200046Z
-13581362.941031478,4433861.008257081,1.3416957333333333,0.7869674185463659,2024-01-11 20:00:46+00:00,walton_lighthouse-2024-01-11-200046Z
-13581361.069115989,4433860.620716509,1.3416957333333333,0.7894736842105263,2024-01-11 20:00:46+00:00,walton_lighthouse-2024-01-11-200046Z
-13581359.196651006,4433860.23500968,1.3416957333333333,0.7919799498746867,2024-01-11 20:00:46+00:00,walton_lighthouse-2024-01-11-200046Z
-13581357.342490451,4433859.788217356,1.3416957333333333,0.794486215538847,2024-01-11 20:00:46+00:00,walton_lighthouse-2024-01-11-200046Z
-13581355.465915382,4433859.416226693,1.3416957333333333,0.7969924812030075,2024-01-11 20:00:46+00:00,walton_lighthouse-2024-01-11-200046Z
-13581353.59757338,4433859.016760757,1.3416957333333333,0.7994987468671679,2024-01-11 20:00:46+00:00,walton_lighthouse-2024-01-11-200046Z
-13581351.7362853,4433858.593754399,1.3416957333333333,0.8020050125313283,2024-01-11 20:00:46+00:00,walton_lighthouse-2024-01-11-200046Z
-13581349.875128169,4433858.170311033,1.3416957333333333,0.8045112781954886,2024-01-11 20:00:46+00:00,walton_lighthouse-2024-01-11-200046Z
-13581348.00775018,4433857.767627906,1.3416957333333333,0.8070175438596491,2024-01-11 20:00:46+00:00,walton_lighthouse-2024-01-11-200046Z
-13581346.145857835,4433857.346638186,1.3416957333333333,0.8095238095238095,2024-01-11 20:00:46+00:00,walton_lighthouse-2024-01-11-200046Z
-13581344.278836314,4433856.942765505,1.3416957333333333,0.8120300751879699,2024-01-11 20:00:46+00:00,walton_lighthouse-2024-01-11-200046Z
-13581342.418914087,4433856.515200972,1.3416957333333333,0.8145363408521302,2024-01-11 20:00:46+00:00,walton_lighthouse-2024-01-11-200046Z
-13581340.569831304,4433856.051463214,1.3416957333333333,0.8170426065162907,2024-01-11 20:00:46+00:00,walton_lighthouse-2024-01-11-200046Z
-13581338.73003292,4433855.556741662,1.3416957333333333,0.8195488721804511,2024-01-11 20:00:46+00:00,walton_lighthouse-2024-01-11-200046Z
-13581336.896522652,4433855.041035396,1.3416957333333333,0.8220551378446115,2024-01-11 20:00:46+00:00,walton_lighthouse-2024-01-11-200046Z
-13581335.05451724,4433854.553679047,1.3416957333333333,0.8245614035087718,2024-01-11 20:00:46+00:00,walton_lighthouse-2024-01-11-200046Z
-13581333.21349608,4433854.063038046,1.3416957333333333,0.8270676691729323,2024-01-11 20:00:46+00:00,walton_lighthouse-2024-01-11-200046Z
-13581331.390777608,4433853.511317517,1.3416957333333333,0.8295739348370927,2024-01-11 20:00:46+00:00,walton_lighthouse-2024-01-11-200046Z
-13581329.601995988,4433852.846343071,1.3416957333333333,0.8320802005012531,2024-01-11 20:00:46+00:00,walton_lighthouse-2024-01-11-200046Z
-13581327.787404556,4433852.2675009305,1.3416957333333333,0.8345864661654134,2024-01-11 20:00:46+00:00,walton_lighthouse-2024-01-11-200046Z
-13581325.991583187,4433851.626019519,1.3416957333333333,0.8370927318295739,2024-01-11 20:00:46+00:00,walton_lighthouse-2024-01-11-200046Z
-13581324.183735428,4433851.024672502,1.3416957333333333,0.8395989974937343,2024-01-11 20:00:46+00:00,walton_lighthouse-2024-01-11-200046Z
-13581322.350430503,4433850.508280962,1.3416957333333333,0.8421052631578947,2024-01-11 20:00:46+00:00,walton_lighthouse-2024-01-11-200046Z
-13581320.517536305,4433849.990518699,1.3416957333333333,0.844611528822055,2024-01-11 20:00:46+00:00,walton_lighthouse-2024-01-11-200046Z
-13581318.697311502,4433849.430476313,1.3416957333333333,0.8471177944862155,2024-01-11 20:00:46+00:00,walton_lighthouse-2024-01-11-200046Z
-13581316.823868005,4433849.04803501,1.3416957333333333,0.849624060150376,2024-01-11 20:00:46+00:00,walton_lighthouse-2024-01-11-200046Z
-13581314.96335583,4433848.622439247,1.3416957333333333,0.8521303258145363,2024-01-11 20:00:46+00:00,walton_lighthouse-2024-01-11-200046Z
-13581313.129936168,4433848.1064306125,1.3416957333333333,0.8546365914786966,2024-01-11 20:00:46+00:00,walton_lighthouse-2024-01-11-200046Z
-13581311.278740188,4433847.649745048,1.3416957333333333,0.8571428571428571,2024-01-11 20:00:46+00:00,walton_lighthouse-2024-01-11-200046Z
-13581309.431459485,4433847.179993396,1.3416957333333333,0.8596491228070176,2024-01-11 20:00:46+00:00,walton_lighthouse-2024-01-11-200046Z
-13581307.569216006,4433846.7601754,1.3416957333333333,0.8621553884711779,2024-01-11 20:00:46+00:00,walton_lighthouse-2024-01-11-200046Z
-13581305.720606573,4433846.294857935,1.3416957333333333,0.8646616541353382,2024-01-11 20:00:46+00:00,walton_lighthouse-2024-01-11-200046Z
-13581303.825246789,4433845.985555566,1.3416957333333333,0.8671679197994987,2024-01-11 20:00:46+00:00,walton_lighthouse-2024-01-11-200046Z
-13581301.915502174,4433845.7242580885,1.3416957333333333,0.8696741854636592,2024-01-11 20:00:46+00:00,walton_lighthouse-2024-01-11-200046Z
-13581299.97325571,4433845.571425539,1.3416957333333333,0.8721804511278195,2024-01-11 20:00:46+00:00,walton_lighthouse-2024-01-11-200046Z
-13581298.009708032,4433845.489679357,1.3416957333333333,0.8746867167919798,2024-01-11 20:00:46+00:00,walton_lighthouse-2024-01-11-200046Z
-13581296.023547228,4433845.4833975565,1.3416957333333333,0.8771929824561403,2024-01-11 20:00:46+00:00,walton_lighthouse-2024-01-11-200046Z
-13581294.057703272,4433845.409314471,1.3416957333333333,0.8796992481203008,2024-01-11 20:00:46+00:00,walton_lighthouse-2024-01-11-200046Z
-13581292.123131337,4433845.230870524,1.3416957333333333,0.8822055137844611,2024-01-11 20:00:46+00:00,walton_lighthouse-2024-01-11-200046Z
-13581290.160942238,4433845.144590474,1.3416957333333333,0.8847117794486214,2024-01-11 20:00:46+00:00,walton_lighthouse-2024-01-11-200046Z
-13581288.198915437,4433845.057768889,1.3416957333333333,0.8872180451127819,2024-01-11 20:00:46+00:00,walton_lighthouse-2024-01-11-200046Z
-13581286.246349338,4433844.939374981,1.3416957333333333,0.8897243107769424,2024-01-11 20:00:46+00:00,walton_lighthouse-2024-01-11-200046Z
-13581284.329345629,4433844.702302465,1.3416957333333333,0.8922305764411027,2024-01-11 20:00:46+00:00,walton_lighthouse-2024-01-11-200046Z
-13581282.446406882,4433844.351548611,1.3416957333333333,0.894736842105263,2024-01-11 20:00:46+00:00,walton_lighthouse-2024-01-11-200046Z
-13581280.573840251,4433843.966181063,1.3416957333333333,0.8972431077694235,2024-01-11 20:00:46+00:00,walton_lighthouse-2024-01-11-200046Z
-13581278.827322984,4433843.160162315,1.3416957333333333,0.899749373433584,2024-01-11 20:00:46+00:00,walton_lighthouse-2024-01-11-200046Z
-13581277.135250252,4433842.172451463,1.3416957333333333,0.9022556390977443,2024-01-11 20:00:46+00:00,walton_lighthouse-2024-01-11-200046Z
-13581275.36688088,4433841.439357397,1.3416957333333333,0.9047619047619047,2024-01-11 20:00:46+00:00,walton_lighthouse-2024-01-11-200046Z
-13581273.654380685,4433840.519817102,1.3416957333333333,0.9072681704260651,2024-01-11 20:00:46+00:00,walton_lighthouse-2024-01-11-200046Z
-13581271.956438055,4433839.551695322,1.3416957333333333,0.9097744360902256,2024-01-11 20:00:46+00:00,walton_lighthouse-2024-01-11-200046Z
-13581270.23106276,4433838.675121657,1.3416957333333333,0.9122807017543859,2024-01-11 20:00:46+00:00,walton_lighthouse-2024-01-11-200046Z
-13581268.267416865,4433838.593703185,1.3416957333333333,0.9147869674185463,2024-01-11 20:00:46+00:00,walton_lighthouse-2024-01-11-200046Z
-13581266.607858775,4433837.497484819,1.3416957333333333,0.9172932330827067,2024-01-11 20:00:46+00:00,walton_lighthouse-2024-01-11-200046Z
-13581265.24053311,4433835.426030112,1.3416957333333333,0.9197994987468672,2024-01-11 20:00:46+00:00,walton_lighthouse-2024-01-11-200046Z
-13581262.691473007,4433837.298252366,1.3416957333333333,0.9223057644110275,2024-01-11 20:00:46+00:00,walton_lighthouse-2024-01-11-200046Z
-13581260.345058031,4433838.494208666,1.3416957333333333,0.9248120300751879,2024-01-11 20:00:46+00:00,walton_lighthouse-2024-01-11-200046Z
-13581258.27584242,4433838.765096801,1.3416957333333333,0.9273182957393483,2024-01-11 20:00:46+00:00,walton_lighthouse-2024-01-11-200046Z
-13581256.939719994,4433836.589510793,1.3416957333333333,0.9298245614035088,2024-01-11 20:00:46+00:00,walton_lighthouse-2024-01-11-200046Z
-13581254.804177338,4433837.081745174,1.3416957333333333,0.9323308270676691,2024-01-11 20:00:46+00:00,walton_lighthouse-2024-01-11-200046Z
-13581254.804177338,4433837.081745174,1.3416957333333333,0.9348370927318295,2024-01-11 20:00:46+00:00,walton_lighthouse-2024-01-11-200046Z
-13581254.804177338,4433837.081745174,1.3416957333333333,0.9373433583959899,2024-01-11 20:00:46+00:00,walton_lighthouse-2024-01-11-200046Z
-13581254.804177338,4433837.081745174,1.3416957333333333,0.9398496240601504,2024-01-11 20:00:46+00:00,walton_lighthouse-2024-01-11-200046Z
-13581254.804177338,4433837.081745174,1.3416957333333333,0.9423558897243107,2024-01-11 20:00:46+00:00,walton_lighthouse-2024-01-11-200046Z
-13581254.804177338,4433837.081745174,1.3416957333333333,0.9448621553884711,2024-01-11 20:00:46+00:00,walton_lighthouse-2024-01-11-200046Z
-13581254.804177338,4433837.081745174,1.3416957333333333,0.9473684210526315,2024-01-11 20:00:46+00:00,walton_lighthouse-2024-01-11-200046Z
-13581254.804177338,4433837.081745174,1.3416957333333333,0.949874686716792,2024-01-11 20:00:46+00:00,walton_lighthouse-2024-01-11-200046Z
-13581254.804177338,4433837.081745174,1.3416957333333333,0.9523809523809523,2024-01-11 20:00:46+00:00,walton_lighthouse-2024-01-11-200046Z
-13581254.804177338,4433837.081745174,1.3416957333333333,0.9548872180451127,2024-01-11 20:00:46+00:00,walton_lighthouse-2024-01-11-200046Z
-13581254.804177338,4433837.081745174,1.3416957333333333,0.9573934837092731,2024-01-11 20:00:46+00:00,walton_lighthouse-2024-01-11-200046Z
-13581254.804177338,4433837.081745174,1.3416957333333333,0.9598997493734336,2024-01-11 20:00:46+00:00,walton_lighthouse-2024-01-11-200046Z
-13581254.804177338,4433837.081745174,1.3416957333333333,0.9624060150375939,2024-01-11 20:00:46+00:00,walton_lighthouse-2024-01-11-200046Z
-13581254.804177338,4433837.081745174,1.3416957333333333,0.9649122807017543,2024-01-11 20:00:46+00:00,walton_lighthouse-2024-01-11-200046Z
-13581254.804177338,4433837.081745174,1.3416957333333333,0.9674185463659147,2024-01-11 20:00:46+00:00,walton_lighthouse-2024-01-11-200046Z
-13581254.804177338,4433837.081745174,1.3416957333333333,0.9699248120300752,2024-01-11 20:00:46+00:00,walton_lighthouse-2024-01-11-200046Z
-13581254.804177338,4433837.081745174,1.3416957333333333,0.9724310776942355,2024-01-11 20:00:46+00:00,walton_lighthouse-2024-01-11-200046Z
-13581254.804177338,4433837.081745174,1.3416957333333333,0.9749373433583959,2024-01-11 20:00:46+00:00,walton_lighthouse-2024-01-11-200046Z
-13581254.804177338,4433837.081745174,1.3416957333333333,0.9774436090225563,2024-01-11 20:00:46+00:00,walton_lighthouse-2024-01-11-200046Z
-13581254.804177338,4433837.081745174,1.3416957333333333,0.9799498746867168,2024-01-11 20:00:46+00:00,walton_lighthouse-2024-01-11-200046Z
-13581254.804177338,4433837.081745174,1.3416957333333333,0.9824561403508771,2024-01-11 20:00:46+00:00,walton_lighthouse-2024-01-11-200046Z
-13581254.804177338,4433837.081745174,1.3416957333333333,0.9849624060150375,2024-01-11 20:00:46+00:00,walton_lighthouse-2024-01-11-200046Z
-13581254.804177338,4433837.081745174,1.3416957333333333,0.9874686716791979,2024-01-11 20:00:46+00:00,walton_lighthouse-2024-01-11-200046Z
-13581254.804177338,4433837.081745174,1.3416957333333333,0.9899749373433584,2024-01-11 20:00:46+00:00,walton_lighthouse-2024-01-11-200046Z
-13581254.804177338,4433837.081745174,1.3416957333333333,0.9924812030075187,2024-01-11 20:00:46+00:00,walton_lighthouse-2024-01-11-200046Z
-13581254.804177338,4433837.081745174,1.3416957333333333,0.9949874686716791,2024-01-11 20:00:46+00:00,walton_lighthouse-2024-01-11-200046Z
-13581254.804177338,4433837.081745174,1.3416957333333333,0.9974937343358395,2024-01-11 20:00:46+00:00,walton_lighthouse-2024-01-11-200046Z
-13581254.804177338,4433837.081745174,1.3416957333333333,1.0,2024-01-11 20:00:46+00:00,walton_lighthouse-2024-01-11-200046Z
-13581924.654427543,4434069.690201693,1.0357104000000001,0.0,2024-01-11 20:37:48+00:00,walton_lighthouse-2024-01-11-203748Z
-13581922.940045252,4434068.776942293,1.0357104000000001,0.002506265664160401,2024-01-11 20:37:48+00:00,walton_lighthouse-2024-01-11-203748Z
-13581921.24857118,4434067.787233698,1.0357104000000001,0.005012531328320802,2024-01-11 20:37:48+00:00,walton_lighthouse-2024-01-11-203748Z
-13581919.541197035,4434066.850586635,1.0357104000000001,0.007518796992481203,2024-01-11 20:37:48+00:00,walton_lighthouse-2024-01-11-203748Z
-13581917.832982603,4434065.916743866,1.0357104000000001,0.010025062656641603,2024-01-11 20:37:48+00:00,walton_lighthouse-2024-01-11-203748Z
-13581916.115638986,4434065.013367083,1.0357104000000001,0.012531328320802004,2024-01-11 20:37:48+00:00,walton_lighthouse-2024-01-11-203748Z
-13581914.407199536,4434064.080275182,1.0357104000000001,0.015037593984962405,2024-01-11 20:37:48+00:00,walton_lighthouse-2024-01-11-203748Z
-13581912.676419193,4434063.221739162,1.0357104000000001,0.017543859649122806,2024-01-11 20:37:48+00:00,walton_lighthouse-2024-01-11-203748Z
-13581910.932891931,4434062.40574214,1.0357104000000001,0.020050125313283207,2024-01-11 20:37:48+00:00,walton_lighthouse-2024-01-11-203748Z
-13581909.225029549,4434061.470724606,1.0357104000000001,0.022556390977443608,2024-01-11 20:37:48+00:00,walton_lighthouse-2024-01-11-203748Z
-13581907.58291982,4434060.316277657,1.0357104000000001,0.02506265664160401,2024-01-11 20:37:48+00:00,walton_lighthouse-2024-01-11-203748Z
-13581905.90702858,4434059.27456599,1.0357104000000001,0.02756892230576441,2024-01-11 20:37:48+00:00,walton_lighthouse-2024-01-11-203748Z
-13581904.22227258,4434058.26243788,1.0357104000000001,0.03007518796992481,2024-01-11 20:37:48+00:00,walton_lighthouse-2024-01-11-203748Z
-13581902.507174157,4434057.351568407,1.0357104000000001,0.03258145363408521,2024-01-11 20:37:48+00:00,walton_lighthouse-2024-01-11-203748Z
-13581900.79791814,4434056.421201604,1.0357104000000001,0.03508771929824561,2024-01-11 20:37:48+00:00,walton_lighthouse-2024-01-11-203748Z
-13581899.0565169,4434055.598109605,1.0357104000000001,0.03759398496240601,2024-01-11 20:37:48+00:00,walton_lighthouse-2024-01-11-203748Z
-13581897.317493282,4434054.7670830125,1.0357104000000001,0.040100250626566414,2024-01-11 20:37:48+00:00,walton_lighthouse-2024-01-11-203748Z
-13581895.62338884,4434053.786152551,1.0357104000000001,0.042606516290726815,2024-01-11 20:37:48+00:00,walton_lighthouse-2024-01-11-203748Z
-13581893.940974277,4434052.76621061,1.0357104000000001,0.045112781954887216,2024-01-11 20:37:48+00:00,walton_lighthouse-2024-01-11-203748Z
-13581892.269925606,4434051.708338409,1.0357104000000001,0.047619047619047616,2024-01-11 20:37:48+00:00,walton_lighthouse-2024-01-11-203748Z
-13581890.689905545,4434050.346686203,1.0357104000000001,0.05012531328320802,2024-01-11 20:37:48+00:00,walton_lighthouse-2024-01-11-203748Z
-13581889.070288116,4434049.117178072,1.0357104000000001,0.05263157894736842,2024-01-11 20:37:48+00:00,walton_lighthouse-2024-01-11-203748Z
-13581887.356924452,4434048.200519292,1.0357104000000001,0.05513784461152882,2024-01-11 20:37:48+00:00,walton_lighthouse-2024-01-11-203748Z
-13581885.704014668,4434047.082114098,1.0357104000000001,0.05764411027568922,2024-01-11 20:37:48+00:00,walton_lighthouse-2024-01-11-203748Z
-13581884.01842357,4434046.072772878,1.0357104000000001,0.06015037593984962,2024-01-11 20:37:48+00:00,walton_lighthouse-2024-01-11-203748Z
-13581882.323693626,4434045.09392987,1.0357104000000001,0.06265664160401002,2024-01-11 20:37:48+00:00,walton_lighthouse-2024-01-11-203748Z
-13581880.674669135,4434043.9625587305,1.0357104000000001,0.06516290726817042,2024-01-11 20:37:48+00:00,walton_lighthouse-2024-01-11-203748Z
-13581879.059671074,4434042.717634785,1.0357104000000001,0.06766917293233082,2024-01-11 20:37:48+00:00,walton_lighthouse-2024-01-11-203748Z
-13581877.375757528,4434041.702695234,1.0357104000000001,0.07017543859649122,2024-01-11 20:37:48+00:00,walton_lighthouse-2024-01-11-203748Z
-13581875.654954584,4434040.810862846,1.0357104000000001,0.07268170426065163,2024-01-11 20:37:48+00:00,walton_lighthouse-2024-01-11-203748Z
-13581874.033843908,4434039.58633799,1.0357104000000001,0.07518796992481203,2024-01-11 20:37:48+00:00,walton_lighthouse-2024-01-11-203748Z
-13581872.385621471,4434038.452290175,1.0357104000000001,0.07769423558897243,2024-01-11 20:37:48+00:00,walton_lighthouse-2024-01-11-203748Z
-13581870.6857126,4434037.490730209,1.0357104000000001,0.08020050125313283,2024-01-11 20:37:48+00:00,walton_lighthouse-2024-01-11-203748Z
-13581868.997317258,4434036.490747286,1.0357104000000001,0.08270676691729323,2024-01-11 20:37:48+00:00,walton_lighthouse-2024-01-11-203748Z
-13581867.281326847,4434035.582854386,1.0357104000000001,0.08521303258145363,2024-01-11 20:37:48+00:00,walton_lighthouse-2024-01-11-203748Z
-13581865.609669656,4434034.527013063,1.0357104000000001,0.08771929824561403,2024-01-11 20:37:48+00:00,walton_lighthouse-2024-01-11-203748Z
-13581863.901615122,4434033.592636702,1.0357104000000001,0.09022556390977443,2024-01-11 20:37:48+00:00,walton_lighthouse-2024-01-11-203748Z
-13581862.232999288,4434032.526645733,1.0357104000000001,0.09273182957393483,2024-01-11 20:37:48+00:00,walton_lighthouse-2024-01-11-203748Z
-13581860.60631873,4434031.320708528,1.0357104000000001,0.09523809523809523,2024-01-11 20:37:48+00:00,walton_lighthouse-2024-01-11-203748Z
-13581858.941321837,4434030.242640461,1.0357104000000001,0.09774436090225563,2024-01-11 20:37:48+00:00,walton_lighthouse-2024-01-11-203748Z
-13581857.28183861,4434029.1461723065,1.0357104000000001,0.10025062656641603,2024-01-11 20:37:48+00:00,walton_lighthouse-2024-01-11-203748Z
-13581855.623466264,4434028.045996788,1.0357104000000001,0.10275689223057644,2024-01-11 20:37:48+00:00,walton_lighthouse-2024-01-11-203748Z
-13581853.989701044,4434026.863702484,1.0357104000000001,0.10526315789473684,2024-01-11 20:37:48+00:00,walton_lighthouse-2024-01-11-203748Z
-13581852.284137769,4434025.921012292,1.0357104000000001,0.10776942355889724,2024-01-11 20:37:48+00:00,walton_lighthouse-2024-01-11-203748Z
-13581850.58227584,4434024.965970051,1.0357104000000001,0.11027568922305764,2024-01-11 20:37:48+00:00,walton_lighthouse-2024-01-11-203748Z
-13581848.846452633,4434024.12426315,1.0357104000000001,0.11278195488721804,2024-01-11 20:37:48+00:00,walton_lighthouse-2024-01-11-203748Z
-13581847.137879075,4434023.191618734,1.0357104000000001,0.11528822055137844,2024-01-11 20:37:48+00:00,walton_lighthouse-2024-01-11-203748Z
-13581845.419331783,4434022.292258719,1.0357104000000001,0.11779448621553884,2024-01-11 20:37:48+00:00,walton_lighthouse-2024-01-11-203748Z
-13581843.704940973,4434021.379027792,1.0357104000000001,0.12030075187969924,2024-01-11 20:37:48+00:00,walton_lighthouse-2024-01-11-203748Z
-13581842.048380475,4434020.272805825,1.0357104000000001,0.12280701754385964,2024-01-11 20:37:48+00:00,walton_lighthouse-2024-01-11-203748Z
-13581840.326556675,4434019.384380124,1.0357104000000001,0.12531328320802004,2024-01-11 20:37:48+00:00,walton_lighthouse-2024-01-11-203748Z
-13581838.651053522,4434018.341373429,1.0357104000000001,0.12781954887218044,2024-01-11 20:37:48+00:00,walton_lighthouse-2024-01-11-203748Z
-13581836.969911013,4434017.317186468,1.0357104000000001,0.13032581453634084,2024-01-11 20:37:48+00:00,walton_lighthouse-2024-01-11-203748Z
-13581835.26109525,4434016.385350444,1.0357104000000001,0.13283208020050125,2024-01-11 20:37:48+00:00,walton_lighthouse-2024-01-11-203748Z
-13581833.509257078,4434015.5970884925,1.0357104000000001,0.13533834586466165,2024-01-11 20:37:48+00:00,walton_lighthouse-2024-01-11-203748Z
-13581831.799738929,4434014.6675965125,1.0357104000000001,0.13784461152882205,2024-01-11 20:37:48+00:00,walton_lighthouse-2024-01-11-203748Z
-13581830.100624029,4434013.703386865,1.0357104000000001,0.14035087719298245,2024-01-11 20:37:48+00:00,walton_lighthouse-2024-01-11-203748Z
-13581828.41690028,4434012.687813934,1.0357104000000001,0.14285714285714285,2024-01-11 20:37:48+00:00,walton_lighthouse-2024-01-11-203748Z
-13581826.67046291,4434011.881528448,1.0357104000000001,0.14536340852130325,2024-01-11 20:37:48+00:00,walton_lighthouse-2024-01-11-203748Z
-13581824.934833243,4434011.039175628,1.0357104000000001,0.14786967418546365,2024-01-11 20:37:48+00:00,walton_lighthouse-2024-01-11-203748Z
-13581823.168358767,4434010.299758024,1.0357104000000001,0.15037593984962405,2024-01-11 20:37:48+00:00,walton_lighthouse-2024-01-11-203748Z
-13581821.434648767,4434009.450998866,1.0357104000000001,0.15288220551378445,2024-01-11 20:37:48+00:00,walton_lighthouse-2024-01-11-203748Z
-13581819.674156131,4434008.691618537,1.0357104000000001,0.15538847117794485,2024-01-11 20:37:48+00:00,walton_lighthouse-2024-01-11-203748Z
-13581817.933911117,4434007.86466809,1.0357104000000001,0.15789473684210525,2024-01-11 20:37:48+00:00,walton_lighthouse-2024-01-11-203748Z
-13581816.193922408,4434007.036862246,1.0357104000000001,0.16040100250626566,2024-01-11 20:37:48+00:00,walton_lighthouse-2024-01-11-203748Z
-13581814.450708332,4434006.219820042,1.0357104000000001,0.16290726817042606,2024-01-11 20:37:48+00:00,walton_lighthouse-2024-01-11-203748Z
-13581812.721988251,4434005.354408558,1.0357104000000001,0.16541353383458646,2024-01-11 20:37:48+00:00,walton_lighthouse-2024-01-11-203748Z
-13581810.948305434,4434004.639046549,1.0357104000000001,0.16791979949874686,2024-01-11 20:37:48+00:00,walton_lighthouse-2024-01-11-203748Z
-13581809.193670047,4434003.860119499,1.0357104000000001,0.17042606516290726,2024-01-11 20:37:48+00:00,walton_lighthouse-2024-01-11-203748Z
-13581807.454885934,4434003.0282936245,1.0357104000000001,0.17293233082706766,2024-01-11 20:37:48+00:00,walton_lighthouse-2024-01-11-203748Z
-13581805.726450928,4434002.161930862,1.0357104000000001,0.17543859649122806,2024-01-11 20:37:48+00:00,walton_lighthouse-2024-01-11-203748Z
-13581803.991871713,4434001.316072505,1.0357104000000001,0.17794486215538846,2024-01-11 20:37:48+00:00,walton_lighthouse-2024-01-11-203748Z
-13581802.263655556,4434000.448979379,1.0357104000000001,0.18045112781954886,2024-01-11 20:37:48+00:00,walton_lighthouse-2024-01-11-203748Z
-13581800.511447929,4433999.661950359,1.0357104000000001,0.18295739348370926,2024-01-11 20:37:48+00:00,walton_lighthouse-2024-01-11-203748Z
-13581798.70347325,4433999.061026882,1.0357104000000001,0.18546365914786966,2024-01-11 20:37:48+00:00,walton_lighthouse-2024-01-11-203748Z
-13581796.898830283,4433998.4489849135,1.0357104000000001,0.18796992481203006,2024-01-11 20:37:48+00:00,walton_lighthouse-2024-01-11-203748Z
-13581795.124347148,4433997.736293628,1.0357104000000001,0.19047619047619047,2024-01-11 20:37:48+00:00,walton_lighthouse-2024-01-11-203748Z
-13581793.415473444,4433996.804650913,1.0357104000000001,0.19298245614035087,2024-01-11 20:37:48+00:00,walton_lighthouse-2024-01-11-203748Z
-13581791.646008063,4433996.075214433,1.0357104000000001,0.19548872180451127,2024-01-11 20:37:48+00:00,walton_lighthouse-2024-01-11-203748Z
-13581789.915767657,4433995.214876674,1.0357104000000001,0.19799498746867167,2024-01-11 20:37:48+00:00,walton_lighthouse-2024-01-11-203748Z
-13581788.17593723,4433994.386542636,1.0357104000000001,0.20050125313283207,2024-01-11 20:37:48+00:00,walton_lighthouse-2024-01-11-203748Z
-13581786.41171526,4433993.639607783,1.0357104000000001,0.20300751879699247,2024-01-11 20:37:48+00:00,walton_lighthouse-2024-01-11-203748Z
-13581784.640661974,4433992.91547046,1.0357104000000001,0.20551378446115287,2024-01-11 20:37:48+00:00,walton_lighthouse-2024-01-11-203748Z
-13581782.862243218,4433992.21591318,1.0357104000000001,0.20802005012531327,2024-01-11 20:37:48+00:00,walton_lighthouse-2024-01-11-203748Z
-13581781.103452276,4433991.450854043,1.0357104000000001,0.21052631578947367,2024-01-11 20:37:48+00:00,walton_lighthouse-2024-01-11-203748Z
-13581779.363563644,4433990.622714189,1.0357104000000001,0.21303258145363407,2024-01-11 20:37:48+00:00,walton_lighthouse-2024-01-11-203748Z
-13581777.623319993,4433989.79575909,1.0357104000000001,0.21553884711779447,2024-01-11 20:37:48+00:00,walton_lighthouse-2024-01-11-203748Z
-13581775.874658763,4433988.9968951885,1.0357104000000001,0.21804511278195488,2024-01-11 20:37:48+00:00,walton_lighthouse-2024-01-11-203748Z
-13581774.091483852,4433988.31321007,1.0357104000000001,0.22055137844611528,2024-01-11 20:37:48+00:00,walton_lighthouse-2024-01-11-203748Z
-13581772.297163991,4433987.666717756,1.0357104000000001,0.22305764411027568,2024-01-11 20:37:48+00:00,walton_lighthouse-2024-01-11-203748Z
-13581770.528408416,4433986.934912546,1.0357104000000001,0.22556390977443608,2024-01-11 20:37:48+00:00,walton_lighthouse-2024-01-11-203748Z
-13581768.73154122,4433986.296921262,1.0357104000000001,0.22807017543859648,2024-01-11 20:37:48+00:00,walton_lighthouse-2024-01-11-203748Z
-13581766.952080691,4433985.600840531,1.0357104000000001,0.23057644110275688,2024-01-11 20:37:48+00:00,walton_lighthouse-2024-01-11-203748Z
-13581765.225561485,4433984.728084288,1.0357104000000001,0.23308270676691728,2024-01-11 20:37:48+00:00,walton_lighthouse-2024-01-11-203748Z
-13581763.440717582,4433984.049968981,1.0357104000000001,0.23558897243107768,2024-01-11 20:37:48+00:00,walton_lighthouse-2024-01-11-203748Z
-13581761.67059418,4433983.322728475,1.0357104000000001,0.23809523809523808,2024-01-11 20:37:48+00:00,walton_lighthouse-2024-01-11-203748Z
-13581759.87859447,4433982.668493335,1.0357104000000001,0.24060150375939848,2024-01-11 20:37:48+00:00,walton_lighthouse-2024-01-11-203748Z
-13581758.098221073,4433981.975459033,1.0357104000000001,0.24310776942355888,2024-01-11 20:37:48+00:00,walton_lighthouse-2024-01-11-203748Z
-13581756.32774912,4433981.249381725,1.0357104000000001,0.24561403508771928,2024-01-11 20:37:48+00:00,walton_lighthouse-2024-01-11-203748Z
-13581754.541975183,4433980.574370064,1.0357104000000001,0.24812030075187969,2024-01-11 20:37:48+00:00,walton_lighthouse-2024-01-11-203748Z
-13581752.752255168,4433979.912527173,1.0357104000000001,0.2506265664160401,2024-01-11 20:37:48+00:00,walton_lighthouse-2024-01-11-203748Z
-13581750.94695338,4433979.302683745,1.0357104000000001,0.2531328320802005,2024-01-11 20:37:48+00:00,walton_lighthouse-2024-01-11-203748Z
-13581749.140904048,4433978.695335087,1.0357104000000001,0.2556390977443609,2024-01-11 20:37:48+00:00,walton_lighthouse-2024-01-11-203748Z
-13581747.35162867,4433978.032008376,1.0357104000000001,0.2581453634085213,2024-01-11 20:37:48+00:00,walton_lighthouse-2024-01-11-203748Z
-13581745.57681856,4433977.320408241,1.0357104000000001,0.2606516290726817,2024-01-11 20:37:48+00:00,walton_lighthouse-2024-01-11-203748Z
-13581743.788859555,4433976.652688566,1.0357104000000001,0.2631578947368421,2024-01-11 20:37:48+00:00,walton_lighthouse-2024-01-11-203748Z
-13581741.9857138,4433976.035650101,1.0357104000000001,0.2656641604010025,2024-01-11 20:37:48+00:00,walton_lighthouse-2024-01-11-203748Z
-13581740.172414504,4433975.452495924,1.0357104000000001,0.2681704260651629,2024-01-11 20:37:48+00:00,walton_lighthouse-2024-01-11-203748Z
-13581738.358412309,4433974.871687343,1.0357104000000001,0.2706766917293233,2024-01-11 20:37:48+00:00,walton_lighthouse-2024-01-11-203748Z
-13581736.564231357,4433974.224731519,1.0357104000000001,0.2731829573934837,2024-01-11 20:37:48+00:00,walton_lighthouse-2024-01-11-203748Z
-13581734.771130295,4433973.574171942,1.0357104000000001,0.2756892230576441,2024-01-11 20:37:48+00:00,walton_lighthouse-2024-01-11-203748Z
-13581732.974536156,4433972.935269399,1.0357104000000001,0.2781954887218045,2024-01-11 20:37:48+00:00,walton_lighthouse-2024-01-11-203748Z
-13581731.161028525,4433972.3528104285,1.0357104000000001,0.2807017543859649,2024-01-11 20:37:48+00:00,walton_lighthouse-2024-01-11-203748Z
-13581729.358156048,4433971.734859874,1.0357104000000001,0.2832080200501253,2024-01-11 20:37:48+00:00,walton_lighthouse-2024-01-11-203748Z
-13581727.563308328,4433971.090129242,1.0357104000000001,0.2857142857142857,2024-01-11 20:37:48+00:00,walton_lighthouse-2024-01-11-203748Z
-13581725.78664652,4433970.38470863,1.0357104000000001,0.2882205513784461,2024-01-11 20:37:48+00:00,walton_lighthouse-2024-01-11-203748Z
-13581724.00263699,4433969.703808753,1.0357104000000001,0.2907268170426065,2024-01-11 20:37:48+00:00,walton_lighthouse-2024-01-11-203748Z
-13581722.180318125,4433969.15075464,1.0357104000000001,0.2932330827067669,2024-01-11 20:37:48+00:00,walton_lighthouse-2024-01-11-203748Z
-13581720.34959832,4433968.625736065,1.0357104000000001,0.2957393483709273,2024-01-11 20:37:48+00:00,walton_lighthouse-2024-01-11-203748Z
-13581718.538022531,4433968.036830179,1.0357104000000001,0.2982456140350877,2024-01-11 20:37:48+00:00,walton_lighthouse-2024-01-11-203748Z
-13581716.74340315,4433967.391337429,1.0357104000000001,0.3007518796992481,2024-01-11 20:37:48+00:00,walton_lighthouse-2024-01-11-203748Z
-13581714.954615774,4433966.726382201,1.0357104000000001,0.3032581453634085,2024-01-11 20:37:48+00:00,walton_lighthouse-2024-01-11-203748Z
-13581713.138529733,4433966.152527997,1.0357104000000001,0.3057644110275689,2024-01-11 20:37:48+00:00,walton_lighthouse-2024-01-11-203748Z
-13581711.320586355,4433965.584871952,1.0357104000000001,0.3082706766917293,2024-01-11 20:37:48+00:00,walton_lighthouse-2024-01-11-203748Z
-13581709.50985712,4433964.993140912,1.0357104000000001,0.3107769423558897,2024-01-11 20:37:48+00:00,walton_lighthouse-2024-01-11-203748Z
-13581707.700186234,4433964.397878053,1.0357104000000001,0.3132832080200501,2024-01-11 20:37:48+00:00,walton_lighthouse-2024-01-11-203748Z
-13581705.89576437,4433963.785098144,1.0357104000000001,0.3157894736842105,2024-01-11 20:37:48+00:00,walton_lighthouse-2024-01-11-203748Z
-13581704.077643087,4433963.218035819,1.0357104000000001,0.3182957393483709,2024-01-11 20:37:48+00:00,walton_lighthouse-2024-01-11-203748Z
-13581702.256518668,4433962.660995539,1.0357104000000001,0.3208020050125313,2024-01-11 20:37:48+00:00,walton_lighthouse-2024-01-11-203748Z
-13581700.449165056,4433962.057999493,1.0357104000000001,0.3233082706766917,2024-01-11 20:37:48+00:00,walton_lighthouse-2024-01-11-203748Z
-13581698.64651537,4433961.43930548,1.0357104000000001,0.3258145363408521,2024-01-11 20:37:48+00:00,walton_lighthouse-2024-01-11-203748Z
-13581696.829574134,4433960.868305081,1.0357104000000001,0.3283208020050125,2024-01-11 20:37:48+00:00,walton_lighthouse-2024-01-11-203748Z
-13581695.004418878,4433960.324716547,1.0357104000000001,0.3308270676691729,2024-01-11 20:37:48+00:00,walton_lighthouse-2024-01-11-203748Z
-13581693.184537744,4433959.763527237,1.0357104000000001,0.3333333333333333,2024-01-11 20:37:48+00:00,walton_lighthouse-2024-01-11-203748Z
-13581691.385347882,4433959.133287122,1.0357104000000001,0.3358395989974937,2024-01-11 20:37:48+00:00,walton_lighthouse-2024-01-11-203748Z
-13581689.582666164,4433958.514699942,1.0357104000000001,0.3383458646616541,2024-01-11 20:37:48+00:00,walton_lighthouse-2024-01-11-203748Z
-13581687.755977012,4433957.9762302935,1.0357104000000001,0.3408521303258145,2024-01-11 20:37:48+00:00,walton_lighthouse-2024-01-11-203748Z
-13581685.92928788,4433957.437760652,1.0357104000000001,0.3433583959899749,2024-01-11 20:37:48+00:00,walton_lighthouse-2024-01-11-203748Z
-13581684.125149488,4433956.8240347095,1.0357104000000001,0.3458646616541353,2024-01-11 20:37:48+00:00,walton_lighthouse-2024-01-11-203748Z
-13581682.328096008,4433956.18666501,1.0357104000000001,0.3483709273182957,2024-01-11 20:37:48+00:00,walton_lighthouse-2024-01-11-203748Z
-13581680.512028877,4433955.612747611,1.0357104000000001,0.3508771929824561,2024-01-11 20:37:48+00:00,walton_lighthouse-2024-01-11-203748Z
-13581678.682794577,4433955.082771669,1.0357104000000001,0.3533834586466165,2024-01-11 20:37:48+00:00,walton_lighthouse-2024-01-11-203748Z
-13581676.862672225,4433954.522387357,1.0357104000000001,0.3558897243107769,2024-01-11 20:37:48+00:00,walton_lighthouse-2024-01-11-203748Z
-13581675.069282928,4433953.872789542,1.0357104000000001,0.3583959899749373,2024-01-11 20:37:48+00:00,walton_lighthouse-2024-01-11-203748Z
-13581673.2730147,4433953.23279936,1.0357104000000001,0.3609022556390977,2024-01-11 20:37:48+00:00,walton_lighthouse-2024-01-11-203748Z
-13581671.456216132,4433952.661322953,1.0357104000000001,0.3634085213032581,2024-01-11 20:37:48+00:00,walton_lighthouse-2024-01-11-203748Z
-13581669.648808124,4433952.058508386,1.0357104000000001,0.3659147869674185,2024-01-11 20:37:48+00:00,walton_lighthouse-2024-01-11-203748Z
-13581667.857055765,4433951.403447865,1.0357104000000001,0.3684210526315789,2024-01-11 20:37:48+00:00,walton_lighthouse-2024-01-11-203748Z
-13581666.06626655,4433950.7451731125,1.0357104000000001,0.37092731829573933,2024-01-11 20:37:48+00:00,walton_lighthouse-2024-01-11-203748Z
-13581664.267019909,4433950.115122541,1.0357104000000001,0.37343358395989973,2024-01-11 20:37:48+00:00,walton_lighthouse-2024-01-11-203748Z
-13581662.446946075,4433949.554576277,1.0357104000000001,0.37593984962406013,2024-01-11 20:37:48+00:00,walton_lighthouse-2024-01-11-203748Z
-13581660.638102284,4433948.956553142,1.0357104000000001,0.37844611528822053,2024-01-11 20:37:48+00:00,walton_lighthouse-2024-01-11-203748Z
-13581658.837755328,4433948.330174493,1.0357104000000001,0.38095238095238093,2024-01-11 20:37:48+00:00,walton_lighthouse-2024-01-11-203748Z
-13581657.027053574,4433947.738351812,1.0357104000000001,0.38345864661654133,2024-01-11 20:37:48+00:00,walton_lighthouse-2024-01-11-203748Z
-13581655.209250994,4433947.170225942,1.0357104000000001,0.38596491228070173,2024-01-11 20:37:48+00:00,walton_lighthouse-2024-01-11-203748Z
-13581653.392677171,4433946.597999417,1.0357104000000001,0.38847117794486213,2024-01-11 20:37:48+00:00,walton_lighthouse-2024-01-11-203748Z
-13581651.592848305,4433945.969891843,1.0357104000000001,0.39097744360902253,2024-01-11 20:37:48+00:00,walton_lighthouse-2024-01-11-203748Z
-13581649.790321708,4433945.350787077,1.0357104000000001,0.39348370927318294,2024-01-11 20:37:48+00:00,walton_lighthouse-2024-01-11-203748Z
-13581647.964333422,4433944.809978404,1.0357104000000001,0.39598997493734334,2024-01-11 20:37:48+00:00,walton_lighthouse-2024-01-11-203748Z
-13581646.150607144,4433944.228249134,1.0357104000000001,0.39849624060150374,2024-01-11 20:37:48+00:00,walton_lighthouse-2024-01-11-203748Z
-13581644.35503358,4433943.585940773,1.0357104000000001,0.40100250626566414,2024-01-11 20:37:48+00:00,walton_lighthouse-2024-01-11-203748Z
-13581642.547922077,4433942.982136711,1.0357104000000001,0.40350877192982454,2024-01-11 20:37:48+00:00,walton_lighthouse-2024-01-11-203748Z
-13581640.732069856,4433942.407502084,1.0357104000000001,0.40601503759398494,2024-01-11 20:37:48+00:00,walton_lighthouse-2024-01-11-203748Z
-13581638.920547146,4433941.81841904,1.0357104000000001,0.40852130325814534,2024-01-11 20:37:48+00:00,walton_lighthouse-2024-01-11-203748Z
-13581637.134549156,4433941.144155142,1.0357104000000001,0.41102756892230574,2024-01-11 20:37:48+00:00,walton_lighthouse-2024-01-11-203748Z
-13581635.329459542,4433940.533603637,1.0357104000000001,0.41353383458646614,2024-01-11 20:37:48+00:00,walton_lighthouse-2024-01-11-203748Z
-13581633.517009836,4433939.947614144,1.0357104000000001,0.41604010025062654,2024-01-11 20:37:48+00:00,walton_lighthouse-2024-01-11-203748Z
-13581631.712115835,4433939.336409862,1.0357104000000001,0.41854636591478694,2024-01-11 20:37:48+00:00,walton_lighthouse-2024-01-11-203748Z
-13581629.927577028,4433938.657276354,1.0357104000000001,0.42105263157894735,2024-01-11 20:37:48+00:00,walton_lighthouse-2024-01-11-203748Z
-13581628.120046552,4433938.054870487,1.0357104000000001,0.42355889724310775,2024-01-11 20:37:48+00:00,walton_lighthouse-2024-01-11-203748Z
-13581626.3003967,4433937.492909258,1.0357104000000001,0.42606516290726815,2024-01-11 20:37:48+00:00,walton_lighthouse-2024-01-11-203748Z
-13581624.487611402,4433936.908039759,1.0357104000000001,0.42857142857142855,2024-01-11 20:37:48+00:00,walton_lighthouse-2024-01-11-203748Z
-13581622.694255443,4433936.258330841,1.0357104000000001,0.43107769423558895,2024-01-11 20:37:48+00:00,walton_lighthouse-2024-01-11-203748Z
-13581620.8815675,4433935.673136418,1.0357104000000001,0.43358395989974935,2024-01-11 20:37:48+00:00,walton_lighthouse-2024-01-11-203748Z
-13581619.073214144,4433935.073476596,1.0357104000000001,0.43609022556390975,2024-01-11 20:37:48+00:00,walton_lighthouse-2024-01-11-203748Z
-13581617.26468204,4433934.4744133465,1.0357104000000001,0.43859649122807015,2024-01-11 20:37:48+00:00,walton_lighthouse-2024-01-11-203748Z
-13581615.463939125,4433933.849356128,1.0357104000000001,0.44110275689223055,2024-01-11 20:37:48+00:00,walton_lighthouse-2024-01-11-203748Z
-13581613.628714329,4433933.339371604,1.0357104000000001,0.44360902255639095,2024-01-11 20:37:48+00:00,walton_lighthouse-2024-01-11-203748Z
-13581611.800131015,4433932.807223034,1.0357104000000001,0.44611528822055135,2024-01-11 20:37:48+00:00,walton_lighthouse-2024-01-11-203748Z
-13581609.987024007,4433932.223427142,1.0357104000000001,0.44862155388471175,2024-01-11 20:37:48+00:00,walton_lighthouse-2024-01-11-203748Z
-13581608.156243533,4433931.698611072,1.0357104000000001,0.45112781954887216,2024-01-11 20:37:48+00:00,walton_lighthouse-2024-01-11-203748Z
-13581606.320486628,4433931.190402268,1.0357104000000001,0.45363408521303256,2024-01-11 20:37:48+00:00,walton_lighthouse-2024-01-11-203748Z
-13581604.506599136,4433930.609210966,1.0357104000000001,0.45614035087719296,2024-01-11 20:37:48+00:00,walton_lighthouse-2024-01-11-203748Z
-13581602.680512013,4433930.068732196,1.0357104000000001,0.45864661654135336,2024-01-11 20:37:48+00:00,walton_lighthouse-2024-01-11-203748Z
-13581600.834006172,4433929.596394727,1.0357104000000001,0.46115288220551376,2024-01-11 20:37:48+00:00,walton_lighthouse-2024-01-11-203748Z
-13581599.017207569,4433929.0249183895,1.0357104000000001,0.46365914786967416,2024-01-11 20:37:48+00:00,walton_lighthouse-2024-01-11-203748Z
-13581597.191491837,4433928.483200196,1.0357104000000001,0.46616541353383456,2024-01-11 20:37:48+00:00,walton_lighthouse-2024-01-11-203748Z
-13581595.359417189,4433927.962703059,1.0357104000000001,0.46867167919799496,2024-01-11 20:37:48+00:00,walton_lighthouse-2024-01-11-203748Z
-13581593.543997947,4433927.386623498,1.0357104000000001,0.47117794486215536,2024-01-11 20:37:48+00:00,walton_lighthouse-2024-01-11-203748Z
-13581591.74175041,4433926.766587386,1.0357104000000001,0.47368421052631576,2024-01-11 20:37:48+00:00,walton_lighthouse-2024-01-11-203748Z
-13581589.92454922,4433926.196454553,1.0357104000000001,0.47619047619047616,2024-01-11 20:37:48+00:00,walton_lighthouse-2024-01-11-203748Z
-13581588.095820012,4433925.664793012,1.0357104000000001,0.47869674185463656,2024-01-11 20:37:48+00:00,walton_lighthouse-2024-01-11-203748Z
-13581586.297322098,4433925.032243763,1.0357104000000001,0.48120300751879697,2024-01-11 20:37:48+00:00,walton_lighthouse-2024-01-11-203748Z
-13581584.475894982,4433924.476213587,1.0357104000000001,0.48370927318295737,2024-01-11 20:37:48+00:00,walton_lighthouse-2024-01-11-203748Z
-13581582.63132156,4433923.997427215,1.0357104000000001,0.48621553884711777,2024-01-11 20:37:48+00:00,walton_lighthouse-2024-01-11-203748Z
-13581580.802579224,4433923.465809478,1.0357104000000001,0.48872180451127817,2024-01-11 20:37:48+00:00,walton_lighthouse-2024-01-11-203748Z
-13581578.98071684,4433922.911231966,1.0357104000000001,0.49122807017543857,2024-01-11 20:37:48+00:00,walton_lighthouse-2024-01-11-203748Z
-13581577.165047267,4433922.335987815,1.0357104000000001,0.49373433583959897,2024-01-11 20:37:48+00:00,walton_lighthouse-2024-01-11-203748Z
-13581575.359302748,4433921.727621824,1.0357104000000001,0.49624060150375937,2024-01-11 20:37:48+00:00,walton_lighthouse-2024-01-11-203748Z
-13581573.538007734,4433921.171150933,1.0357104000000001,0.49874686716791977,2024-01-11 20:37:48+00:00,walton_lighthouse-2024-01-11-203748Z
-13581571.70936646,4433920.639195886,1.0357104000000001,0.5012531328320802,2024-01-11 20:37:48+00:00,walton_lighthouse-2024-01-11-203748Z
-13581569.892324172,4433920.068532731,1.0357104000000001,0.5037593984962405,2024-01-11 20:37:48+00:00,walton_lighthouse-2024-01-11-203748Z
-13581568.06897086,4433919.518930754,1.0357104000000001,0.506265664160401,2024-01-11 20:37:48+00:00,walton_lighthouse-2024-01-11-203748Z
-13581566.234335368,4433919.006979597,1.0357104000000001,0.5087719298245614,2024-01-11 20:37:48+00:00,walton_lighthouse-2024-01-11-203748Z
-13581564.441408198,4433918.355839659,1.0357104000000001,0.5112781954887218,2024-01-11 20:37:48+00:00,walton_lighthouse-2024-01-11-203748Z
-13581562.638830155,4433917.736906497,1.0357104000000001,0.5137844611528821,2024-01-11 20:37:48+00:00,walton_lighthouse-2024-01-11-203748Z
-13581560.818293655,4433917.177904258,1.0357104000000001,0.5162907268170426,2024-01-11 20:37:48+00:00,walton_lighthouse-2024-01-11-203748Z
-13581559.036497306,4433916.489618691,1.0357104000000001,0.518796992481203,2024-01-11 20:37:48+00:00,walton_lighthouse-2024-01-11-203748Z
-13581557.247876372,4433915.82410798,1.0357104000000001,0.5213032581453634,2024-01-11 20:37:48+00:00,walton_lighthouse-2024-01-11-203748Z
-13581555.44679935,4433915.20016563,1.0357104000000001,0.5238095238095237,2024-01-11 20:37:48+00:00,walton_lighthouse-2024-01-11-203748Z
-13581553.65857804,4433914.533321325,1.0357104000000001,0.5263157894736842,2024-01-11 20:37:48+00:00,walton_lighthouse-2024-01-11-203748Z
-13581551.85920108,4433913.903705644,1.0357104000000001,0.5288220551378446,2024-01-11 20:37:48+00:00,walton_lighthouse-2024-01-11-203748Z
-13581550.086417489,4433913.185342699,1.0357104000000001,0.531328320802005,2024-01-11 20:37:48+00:00,walton_lighthouse-2024-01-11-203748Z
-13581548.294838265,4433912.52970433,1.0357104000000001,0.5338345864661653,2024-01-11 20:37:48+00:00,walton_lighthouse-2024-01-11-203748Z
-13581546.48903362,4433911.921539067,1.0357104000000001,0.5363408521303258,2024-01-11 20:37:48+00:00,walton_lighthouse-2024-01-11-203748Z
-13581544.665075788,4433911.373954465,1.0357104000000001,0.5388471177944862,2024-01-11 20:37:48+00:00,walton_lighthouse-2024-01-11-203748Z
-13581542.860740269,4433910.760886357,1.0357104000000001,0.5413533834586466,2024-01-11 20:37:48+00:00,walton_lighthouse-2024-01-11-203748Z
-13581541.030994724,4433910.232616512,1.0357104000000001,0.5438596491228069,2024-01-11 20:37:48+00:00,walton_lighthouse-2024-01-11-203748Z
-13581539.20696558,4433909.685269906,1.0357104000000001,0.5463659147869674,2024-01-11 20:37:48+00:00,walton_lighthouse-2024-01-11-203748Z
-13581537.384168629,4433909.133811234,1.0357104000000001,0.5488721804511278,2024-01-11 20:37:48+00:00,walton_lighthouse-2024-01-11-203748Z
-13581535.541437758,4433908.648875838,1.0357104000000001,0.5513784461152882,2024-01-11 20:37:48+00:00,walton_lighthouse-2024-01-11-203748Z
-13581533.691269664,4433908.188759971,1.0357104000000001,0.5538847117794485,2024-01-11 20:37:48+00:00,walton_lighthouse-2024-01-11-203748Z
-13581531.847008752,4433907.708930765,1.0357104000000001,0.556390977443609,2024-01-11 20:37:48+00:00,walton_lighthouse-2024-01-11-203748Z
-13581530.007857049,4433907.212051036,1.0357104000000001,0.5588972431077694,2024-01-11 20:37:48+00:00,walton_lighthouse-2024-01-11-203748Z
-13581528.170895487,4433906.707862344,1.0357104000000001,0.5614035087719298,2024-01-11 20:37:48+00:00,walton_lighthouse-2024-01-11-203748Z
-13581526.3145141,4433906.268481436,1.0357104000000001,0.5639097744360901,2024-01-11 20:37:48+00:00,walton_lighthouse-2024-01-11-203748Z
-13581524.47279466,4433905.780170824,1.0357104000000001,0.5664160401002506,2024-01-11 20:37:48+00:00,walton_lighthouse-2024-01-11-203748Z
-13581522.615164213,4433905.344958295,1.0357104000000001,0.568922305764411,2024-01-11 20:37:48+00:00,walton_lighthouse-2024-01-11-203748Z
-13581520.759867484,4433904.901957586,1.0357104000000001,0.5714285714285714,2024-01-11 20:37:48+00:00,walton_lighthouse-2024-01-11-203748Z
-13581518.905466529,4433904.455967606,1.0357104000000001,0.5739348370927317,2024-01-11 20:37:48+00:00,walton_lighthouse-2024-01-11-203748Z
-13581517.068213545,4433903.952751548,1.0357104000000001,0.5764411027568922,2024-01-11 20:37:48+00:00,walton_lighthouse-2024-01-11-203748Z
-13581515.222056068,4433903.479251471,1.0357104000000001,0.5789473684210527,2024-01-11 20:37:48+00:00,walton_lighthouse-2024-01-11-203748Z
-13581513.38127213,4433902.987818826,1.0357104000000001,0.581453634085213,2024-01-11 20:37:48+00:00,walton_lighthouse-2024-01-11-203748Z
-13581511.543394895,4433902.486685936,1.0357104000000001,0.5839598997493733,2024-01-11 20:37:48+00:00,walton_lighthouse-2024-01-11-203748Z
-13581509.70511212,4433901.986906504,1.0357104000000001,0.5864661654135338,2024-01-11 20:37:48+00:00,walton_lighthouse-2024-01-11-203748Z
-13581507.873381449,4433901.465261376,1.0357104000000001,0.5889724310776943,2024-01-11 20:37:48+00:00,walton_lighthouse-2024-01-11-203748Z
-13581506.026614182,4433900.993796235,1.0357104000000001,0.5914786967418546,2024-01-11 20:37:48+00:00,walton_lighthouse-2024-01-11-203748Z
-13581504.188633658,4433900.493008109,1.0357104000000001,0.593984962406015,2024-01-11 20:37:48+00:00,walton_lighthouse-2024-01-11-203748Z
-13581502.338951964,4433900.031269043,1.0357104000000001,0.5964912280701754,2024-01-11 20:37:48+00:00,walton_lighthouse-2024-01-11-203748Z
-13581500.506538171,4433899.51190362,1.0357104000000001,0.5989974937343359,2024-01-11 20:37:48+00:00,walton_lighthouse-2024-01-11-203748Z
-13581498.659193166,4433899.042366505,1.0357104000000001,0.6015037593984962,2024-01-11 20:37:48+00:00,walton_lighthouse-2024-01-11-203748Z
-13581496.819654657,4433898.546777649,1.0357104000000001,0.6040100250626566,2024-01-11 20:37:48+00:00,walton_lighthouse-2024-01-11-203748Z
-13581494.969724404,4433898.085868131,1.0357104000000001,0.606516290726817,2024-01-11 20:37:48+00:00,walton_lighthouse-2024-01-11-203748Z
-13581493.131254196,4433897.586714115,1.0357104000000001,0.6090225563909775,2024-01-11 20:37:48+00:00,walton_lighthouse-2024-01-11-203748Z
-13581491.281941988,4433897.123741937,1.0357104000000001,0.6115288220551378,2024-01-11 20:37:48+00:00,walton_lighthouse-2024-01-11-203748Z
-13581489.44032619,4433896.635085444,1.0357104000000001,0.6140350877192982,2024-01-11 20:37:48+00:00,walton_lighthouse-2024-01-11-203748Z
-13581487.59539,4433896.157509687,1.0357104000000001,0.6165413533834586,2024-01-11 20:37:48+00:00,walton_lighthouse-2024-01-11-203748Z
-13581485.756690038,4433895.659122418,1.0357104000000001,0.6190476190476191,2024-01-11 20:37:48+00:00,walton_lighthouse-2024-01-11-203748Z
-13581483.92300178,4433895.144010105,1.0357104000000001,0.6215538847117794,2024-01-11 20:37:48+00:00,walton_lighthouse-2024-01-11-203748Z
-13581482.097802682,4433894.600567902,1.0357104000000001,0.6240601503759398,2024-01-11 20:37:48+00:00,walton_lighthouse-2024-01-11-203748Z
-13581480.24614288,4433894.145430145,1.0357104000000001,0.6265664160401002,2024-01-11 20:37:48+00:00,walton_lighthouse-2024-01-11-203748Z
-13581478.39197195,4433893.698672463,1.0357104000000001,0.6290726817042607,2024-01-11 20:37:48+00:00,walton_lighthouse-2024-01-11-203748Z
-13581476.53568444,4433893.258978295,1.0357104000000001,0.631578947368421,2024-01-11 20:37:48+00:00,walton_lighthouse-2024-01-11-203748Z
-13581474.671313295,4433892.846260774,1.0357104000000001,0.6340852130325814,2024-01-11 20:37:48+00:00,walton_lighthouse-2024-01-11-203748Z
-13581472.807431277,4433892.431910934,1.0357104000000001,0.6365914786967418,2024-01-11 20:37:48+00:00,walton_lighthouse-2024-01-11-203748Z
-13581470.9440628,4433892.015847249,1.0357104000000001,0.6390977443609023,2024-01-11 20:37:48+00:00,walton_lighthouse-2024-01-11-203748Z
-13581469.076964073,4433891.61223218,1.0357104000000001,0.6416040100250626,2024-01-11 20:37:48+00:00,walton_lighthouse-2024-01-11-203748Z
-13581467.21138556,4433891.203543951,1.0357104000000001,0.644110275689223,2024-01-11 20:37:48+00:00,walton_lighthouse-2024-01-11-203748Z
-13581465.34560064,4433890.795544418,1.0357104000000001,0.6466165413533834,2024-01-11 20:37:48+00:00,walton_lighthouse-2024-01-11-203748Z
-13581463.47715976,4433890.396408328,1.0357104000000001,0.6491228070175439,2024-01-11 20:37:48+00:00,walton_lighthouse-2024-01-11-203748Z
-13581461.61442677,4433889.978223948,1.0357104000000001,0.6516290726817042,2024-01-11 20:37:48+00:00,walton_lighthouse-2024-01-11-203748Z
-13581459.770701809,4433889.496606147,1.0357104000000001,0.6541353383458646,2024-01-11 20:37:48+00:00,walton_lighthouse-2024-01-11-203748Z
-13581457.909517394,4433889.073253898,1.0357104000000001,0.656641604010025,2024-01-11 20:37:48+00:00,walton_lighthouse-2024-01-11-203748Z
-13581456.046175487,4433888.657101506,1.0357104000000001,0.6591478696741855,2024-01-11 20:37:48+00:00,walton_lighthouse-2024-01-11-203748Z
-13581454.199186504,4433888.18637633,1.0357104000000001,0.6616541353383458,2024-01-11 20:37:48+00:00,walton_lighthouse-2024-01-11-203748Z
-13581452.356141295,4433887.702490056,1.0357104000000001,0.6641604010025062,2024-01-11 20:37:48+00:00,walton_lighthouse-2024-01-11-203748Z
-13581450.489710744,4433887.2966451645,1.0357104000000001,0.6666666666666666,2024-01-11 20:37:48+00:00,walton_lighthouse-2024-01-11-203748Z
-13581448.637536095,4433886.84322552,1.0357104000000001,0.6691729323308271,2024-01-11 20:37:48+00:00,walton_lighthouse-2024-01-11-203748Z
-13581446.79131958,4433886.369922438,1.0357104000000001,0.6716791979949874,2024-01-11 20:37:48+00:00,walton_lighthouse-2024-01-11-203748Z
-13581444.931426764,4433885.942259904,1.0357104000000001,0.6741854636591478,2024-01-11 20:37:48+00:00,walton_lighthouse-2024-01-11-203748Z
-13581443.082991147,4433885.476362414,1.0357104000000001,0.6766917293233082,2024-01-11 20:37:48+00:00,walton_lighthouse-2024-01-11-203748Z
-13581441.225577386,4433885.040426691,1.0357104000000001,0.6791979949874687,2024-01-11 20:37:48+00:00,walton_lighthouse-2024-01-11-203748Z
-13581439.37889695,4433884.568671858,1.0357104000000001,0.681704260651629,2024-01-11 20:37:48+00:00,walton_lighthouse-2024-01-11-203748Z
-13581437.532228893,4433884.096875698,1.0357104000000001,0.6842105263157894,2024-01-11 20:37:48+00:00,walton_lighthouse-2024-01-11-203748Z
-13581435.677021593,4433883.65357664,1.0357104000000001,0.6867167919799498,2024-01-11 20:37:48+00:00,walton_lighthouse-2024-01-11-203748Z
-13581433.824482216,4433883.201374144,1.0357104000000001,0.6892230576441103,2024-01-11 20:37:48+00:00,walton_lighthouse-2024-01-11-203748Z
-13581431.976838976,4433882.732832401,1.0357104000000001,0.6917293233082706,2024-01-11 20:37:48+00:00,walton_lighthouse-2024-01-11-203748Z
-13581430.115946772,4433882.308504988,1.0357104000000001,0.694235588972431,2024-01-11 20:37:48+00:00,walton_lighthouse-2024-01-11-203748Z
-13581428.247462925,4433881.909512256,1.0357104000000001,0.6967418546365914,2024-01-11 20:37:48+00:00,walton_lighthouse-2024-01-11-203748Z
-13581426.36776724,4433881.547935681,1.0357104000000001,0.6992481203007519,2024-01-11 20:37:48+00:00,walton_lighthouse-2024-01-11-203748Z
-13581424.504499212,4433881.131536878,1.0357104000000001,0.7017543859649122,2024-01-11 20:37:48+00:00,walton_lighthouse-2024-01-11-203748Z
-13581422.629494363,4433880.754306066,1.0357104000000001,0.7042606516290726,2024-01-11 20:37:48+00:00,walton_lighthouse-2024-01-11-203748Z
-13581420.769081084,4433880.328380349,1.0357104000000001,0.706766917293233,2024-01-11 20:37:48+00:00,walton_lighthouse-2024-01-11-203748Z
-13581418.910883171,4433879.895061496,1.0357104000000001,0.7092731829573935,2024-01-11 20:37:48+00:00,walton_lighthouse-2024-01-11-203748Z
-13581417.053159604,4433879.460159767,1.0357104000000001,0.7117794486215538,2024-01-11 20:37:48+00:00,walton_lighthouse-2024-01-11-203748Z
-13581415.207483117,4433878.985054535,1.0357104000000001,0.7142857142857142,2024-01-11 20:37:48+00:00,walton_lighthouse-2024-01-11-203748Z
-13581413.370293483,4433878.481626966,1.0357104000000001,0.7167919799498746,2024-01-11 20:37:48+00:00,walton_lighthouse-2024-01-11-203748Z
-13581411.52678602,4433877.999283303,1.0357104000000001,0.7192982456140351,2024-01-11 20:37:48+00:00,walton_lighthouse-2024-01-11-203748Z
-13581409.68166041,4433877.522339709,1.0357104000000001,0.7218045112781954,2024-01-11 20:37:48+00:00,walton_lighthouse-2024-01-11-203748Z
-13581407.85306308,4433876.99023801,1.0357104000000001,0.7243107769423558,2024-01-11 20:37:48+00:00,walton_lighthouse-2024-01-11-203748Z
-13581406.009282151,4433876.508806867,1.0357104000000001,0.7268170426065163,2024-01-11 20:37:48+00:00,walton_lighthouse-2024-01-11-203748Z
-13581404.155246694,4433876.061597147,1.0357104000000001,0.7293233082706767,2024-01-11 20:37:48+00:00,walton_lighthouse-2024-01-11-203748Z
-13581402.308750669,4433875.589226956,1.0357104000000001,0.731829573934837,2024-01-11 20:37:48+00:00,walton_lighthouse-2024-01-11-203748Z
-13581400.458532415,4433875.12927843,1.0357104000000001,0.7343358395989974,2024-01-11 20:37:48+00:00,walton_lighthouse-2024-01-11-203748Z
-13581398.595258685,4433874.712898561,1.0357104000000001,0.7368421052631579,2024-01-11 20:37:48+00:00,walton_lighthouse-2024-01-11-203748Z
-13581396.73104427,4433874.299657983,1.0357104000000001,0.7393483709273183,2024-01-11 20:37:48+00:00,walton_lighthouse-2024-01-11-203748Z
-13581394.858410276,4433873.914515242,1.0357104000000001,0.7418546365914787,2024-01-11 20:37:48+00:00,walton_lighthouse-2024-01-11-203748Z
-13581392.989104092,4433873.5182669135,1.0357104000000001,0.744360902255639,2024-01-11 20:37:48+00:00,walton_lighthouse-2024-01-11-203748Z
-13581391.103579603,4433873.176142087,1.0357104000000001,0.7468671679197995,2024-01-11 20:37:48+00:00,walton_lighthouse-2024-01-11-203748Z
-13581389.228742858,4433872.798350296,1.0357104000000001,0.7493734335839599,2024-01-11 20:37:48+00:00,walton_lighthouse-2024-01-11-203748Z
-13581387.365891824,4433872.380559905,1.0357104000000001,0.7518796992481203,2024-01-11 20:37:48+00:00,walton_lighthouse-2024-01-11-203748Z
-13581385.504370203,4433871.958332958,1.0357104000000001,0.7543859649122806,2024-01-11 20:37:48+00:00,walton_lighthouse-2024-01-11-203748Z
-13581383.64131333,4433871.541229386,1.0357104000000001,0.7568922305764411,2024-01-11 20:37:48+00:00,walton_lighthouse-2024-01-11-203748Z
-13581381.7712328,4433871.147565176,1.0357104000000001,0.7593984962406015,2024-01-11 20:37:48+00:00,walton_lighthouse-2024-01-11-203748Z
-13581379.905091286,4433870.740755796,1.0357104000000001,0.7619047619047619,2024-01-11 20:37:48+00:00,walton_lighthouse-2024-01-11-203748Z
-13581378.034472188,4433870.348888851,1.0357104000000001,0.7644110275689222,2024-01-11 20:37:48+00:00,walton_lighthouse-2024-01-11-203748Z
-13581376.159379536,4433869.971951007,1.0357104000000001,0.7669172932330827,2024-01-11 20:37:48+00:00,walton_lighthouse-2024-01-11-203748Z
-13581374.259450393,4433869.6778974645,1.0357104000000001,0.7694235588972431,2024-01-11 20:37:48+00:00,walton_lighthouse-2024-01-11-203748Z
-13581372.376999076,4433869.325516968,1.0357104000000001,0.7719298245614035,2024-01-11 20:37:48+00:00,walton_lighthouse-2024-01-11-203748Z
-13581370.469139608,4433869.057928378,1.0357104000000001,0.7744360902255638,2024-01-11 20:37:48+00:00,walton_lighthouse-2024-01-11-203748Z
-13581368.5801274,4433868.727442798,1.0357104000000001,0.7769423558897243,2024-01-11 20:37:48+00:00,walton_lighthouse-2024-01-11-203748Z
-13581366.70443087,4433868.352520332,1.0357104000000001,0.7794486215538847,2024-01-11 20:37:48+00:00,walton_lighthouse-2024-01-11-203748Z
-13581364.825017331,4433867.990002175,1.0357104000000001,0.7819548872180451,2024-01-11 20:37:48+00:00,walton_lighthouse-2024-01-11-203748Z
-13581362.955161383,4433867.595588434,1.0357104000000001,0.7844611528822054,2024-01-11 20:37:48+00:00,walton_lighthouse-2024-01-11-203748Z
-13581361.10068228,4433867.1498592775,1.0357104000000001,0.7869674185463659,2024-01-11 20:37:48+00:00,walton_lighthouse-2024-01-11-203748Z
-13581359.246411422,4433866.703435141,1.0357104000000001,0.7894736842105263,2024-01-11 20:37:48+00:00,walton_lighthouse-2024-01-11-203748Z
-13581357.36353497,4433866.352473407,1.0357104000000001,0.7919799498746867,2024-01-11 20:37:48+00:00,walton_lighthouse-2024-01-11-203748Z
-13581355.491782293,4433865.96438941,1.0357104000000001,0.794486215538847,2024-01-11 20:37:48+00:00,walton_lighthouse-2024-01-11-203748Z
-13581353.60570188,4433865.624119913,1.0357104000000001,0.7969924812030075,2024-01-11 20:37:48+00:00,walton_lighthouse-2024-01-11-203748Z
-13581351.731460003,4433865.244343017,1.0357104000000001,0.7994987468671679,2024-01-11 20:37:48+00:00,walton_lighthouse-2024-01-11-203748Z
-13581349.8606411,4433864.853142858,1.0357104000000001,0.8020050125313283,2024-01-11 20:37:48+00:00,walton_lighthouse-2024-01-11-203748Z
-13581347.981577745,4433864.489456029,1.0357104000000001,0.8045112781954886,2024-01-11 20:37:48+00:00,walton_lighthouse-2024-01-11-203748Z
-13581346.109117595,4433864.1037330525,1.0357104000000001,0.8070175438596491,2024-01-11 20:37:48+00:00,walton_lighthouse-2024-01-11-203748Z
-13581344.229740066,4433863.741094799,1.0357104000000001,0.8095238095238095,2024-01-11 20:37:48+00:00,walton_lighthouse-2024-01-11-203748Z
-13581342.350905096,4433863.376645885,1.0357104000000001,0.8120300751879699,2024-01-11 20:37:48+00:00,walton_lighthouse-2024-01-11-203748Z
-13581340.471010303,4433863.015733675,1.0357104000000001,0.8145363408521302,2024-01-11 20:37:48+00:00,walton_lighthouse-2024-01-11-203748Z
-13581338.60007106,4433862.624935163,1.0357104000000001,0.8170426065162907,2024-01-11 20:37:48+00:00,walton_lighthouse-2024-01-11-203748Z
-13581336.738092331,4433862.204233718,1.0357104000000001,0.8195488721804511,2024-01-11 20:37:48+00:00,walton_lighthouse-2024-01-11-203748Z
-13581334.871523269,4433861.798851075,1.0357104000000001,0.8220551378446115,2024-01-11 20:37:48+00:00,walton_lighthouse-2024-01-11-203748Z
-13581332.982149042,4433861.469573635,1.0357104000000001,0.8245614035087718,2024-01-11 20:37:48+00:00,walton_lighthouse-2024-01-11-203748Z
-13581331.102062788,4433861.109300425,1.0357104000000001,0.8270676691729323,2024-01-11 20:37:48+00:00,walton_lighthouse-2024-01-11-203748Z
-13581329.223318957,4433860.744547396,1.0357104000000001,0.8295739348370927,2024-01-11 20:37:48+00:00,walton_lighthouse-2024-01-11-203748Z
-13581327.352742976,4433860.352536596,1.0357104000000001,0.8320802005012531,2024-01-11 20:37:48+00:00,walton_lighthouse-2024-01-11-203748Z
-13581325.488904163,4433859.938042499,1.0357104000000001,0.8345864661654134,2024-01-11 20:37:48+00:00,walton_lighthouse-2024-01-11-203748Z
-13581323.644147065,4433859.459869131,1.0357104000000001,0.8370927318295739,2024-01-11 20:37:48+00:00,walton_lighthouse-2024-01-11-203748Z
-13581321.774279702,4433859.065493555,1.0357104000000001,0.8395989974937343,2024-01-11 20:37:48+00:00,walton_lighthouse-2024-01-11-203748Z
-13581319.893159484,4433858.708670924,1.0357104000000001,0.8421052631578947,2024-01-11 20:37:48+00:00,walton_lighthouse-2024-01-11-203748Z
-13581318.010529852,4433858.356885433,1.0357104000000001,0.844611528822055,2024-01-11 20:37:48+00:00,walton_lighthouse-2024-01-11-203748Z
-13581316.123216543,4433858.020730411,1.0357104000000001,0.8471177944862155,2024-01-11 20:37:48+00:00,walton_lighthouse-2024-01-11-203748Z
-13581314.232214317,4433857.696886004,1.0357104000000001,0.849624060150376,2024-01-11 20:37:48+00:00,walton_lighthouse-2024-01-11-203748Z
-13581312.333920635,4433857.39737444,1.0357104000000001,0.8521303258145363,2024-01-11 20:37:48+00:00,walton_lighthouse-2024-01-11-203748Z
-13581310.414477885,4433857.168441537,1.0357104000000001,0.8546365914786966,2024-01-11 20:37:48+00:00,walton_lighthouse-2024-01-11-203748Z
-13581308.477074165,4433856.999447925,1.0357104000000001,0.8571428571428571,2024-01-11 20:37:48+00:00,walton_lighthouse-2024-01-11-203748Z
-13581306.544239735,4433856.815205649,1.0357104000000001,0.8596491228070176,2024-01-11 20:37:48+00:00,walton_lighthouse-2024-01-11-203748Z
-13581304.598883975,4433856.672749449,1.0357104000000001,0.8621553884711779,2024-01-11 20:37:48+00:00,walton_lighthouse-2024-01-11-203748Z
-13581302.651732497,4433856.536285898,1.0357104000000001,0.8646616541353382,2024-01-11 20:37:48+00:00,walton_lighthouse-2024-01-11-203748Z
-13581300.714862986,4433856.36550954,1.0357104000000001,0.8671679197994987,2024-01-11 20:37:48+00:00,walton_lighthouse-2024-01-11-203748Z
-13581298.807121916,4433856.097525849,1.0357104000000001,0.8696741854636592,2024-01-11 20:37:48+00:00,walton_lighthouse-2024-01-11-203748Z
-13581296.883346396,4433855.883052167,1.0357104000000001,0.8721804511278195,2024-01-11 20:37:48+00:00,walton_lighthouse-2024-01-11-203748Z
-13581295.000504443,4433855.531975338,1.0357104000000001,0.8746867167919798,2024-01-11 20:37:48+00:00,walton_lighthouse-2024-01-11-203748Z
-13581293.148069223,4433855.079425328,1.0357104000000001,0.8771929824561403,2024-01-11 20:37:48+00:00,walton_lighthouse-2024-01-11-203748Z
-13581291.307337468,4433854.587818569,1.0357104000000001,0.8796992481203008,2024-01-11 20:37:48+00:00,walton_lighthouse-2024-01-11-203748Z
-13581289.4775518,4433854.059682516,1.0357104000000001,0.8822055137844611,2024-01-11 20:37:48+00:00,walton_lighthouse-2024-01-11-203748Z
-13581287.688508363,4433853.395581806,1.0357104000000001,0.8847117794486214,2024-01-11 20:37:48+00:00,walton_lighthouse-2024-01-11-203748Z
-13581285.908323126,4433852.701919674,1.0357104000000001,0.8872180451127819,2024-01-11 20:37:48+00:00,walton_lighthouse-2024-01-11-203748Z
-13581284.10128601,4433852.09786732,1.0357104000000001,0.8897243107769424,2024-01-11 20:37:48+00:00,walton_lighthouse-2024-01-11-203748Z
-13581282.307406854,4433851.44990429,1.0357104000000001,0.8922305764411027,2024-01-11 20:37:48+00:00,walton_lighthouse-2024-01-11-203748Z
-13581280.452194797,4433851.006621102,1.0357104000000001,0.894736842105263,2024-01-11 20:37:48+00:00,walton_lighthouse-2024-01-11-203748Z
-13581278.602065887,4433850.546374526,1.0357104000000001,0.8972431077694235,2024-01-11 20:37:48+00:00,walton_lighthouse-2024-01-11-203748Z
-13581276.805168308,4433849.908484651,1.0357104000000001,0.899749373433584,2024-01-11 20:37:48+00:00,walton_lighthouse-2024-01-11-203748Z
-13581275.025476566,4433849.213175419,1.0357104000000001,0.9022556390977443,2024-01-11 20:37:48+00:00,walton_lighthouse-2024-01-11-203748Z
-13581273.22762614,4433848.578465334,1.0357104000000001,0.9047619047619047,2024-01-11 20:37:48+00:00,walton_lighthouse-2024-01-11-203748Z
-13581271.378143264,4433848.116062823,1.0357104000000001,0.9072681704260651,2024-01-11 20:37:48+00:00,walton_lighthouse-2024-01-11-203748Z
-13581269.375247125,4433848.16563007,1.0357104000000001,0.9097744360902256,2024-01-11 20:37:48+00:00,walton_lighthouse-2024-01-11-203748Z
-13581267.296529714,4433848.468227559,1.0357104000000001,0.9122807017543859,2024-01-11 20:37:48+00:00,walton_lighthouse-2024-01-11-203748Z
-13581265.275167365,4433848.57942008,1.0357104000000001,0.9147869674185463,2024-01-11 20:37:48+00:00,walton_lighthouse-2024-01-11-203748Z
-13581263.304612342,4433848.521058795,1.0357104000000001,0.9172932330827067,2024-01-11 20:37:48+00:00,walton_lighthouse-2024-01-11-203748Z
-13581263.304612342,4433848.521058795,1.0357104000000001,0.9197994987468672,2024-01-11 20:37:48+00:00,walton_lighthouse-2024-01-11-203748Z
-13581263.304612342,4433848.521058795,1.0357104000000001,0.9223057644110275,2024-01-11 20:37:48+00:00,walton_lighthouse-2024-01-11-203748Z
-13581263.304612342,4433848.521058795,1.0357104000000001,0.9248120300751879,2024-01-11 20:37:48+00:00,walton_lighthouse-2024-01-11-203748Z
-13581263.304612342,4433848.521058795,1.0357104000000001,0.9273182957393483,2024-01-11 20:37:48+00:00,walton_lighthouse-2024-01-11-203748Z
-13581263.304612342,4433848.521058795,1.0357104000000001,0.9298245614035088,2024-01-11 20:37:48+00:00,walton_lighthouse-2024-01-11-203748Z
-13581263.304612342,4433848.521058795,1.0357104000000001,0.9323308270676691,2024-01-11 20:37:48+00:00,walton_lighthouse-2024-01-11-203748Z
-13581263.304612342,4433848.521058795,1.0357104000000001,0.9348370927318295,2024-01-11 20:37:48+00:00,walton_lighthouse-2024-01-11-203748Z
-13581263.304612342,4433848.521058795,1.0357104000000001,0.9373433583959899,2024-01-11 20:37:48+00:00,walton_lighthouse-2024-01-11-203748Z
-13581263.304612342,4433848.521058795,1.0357104000000001,0.9398496240601504,2024-01-11 20:37:48+00:00,walton_lighthouse-2024-01-11-203748Z
-13581263.304612342,4433848.521058795,1.0357104000000001,0.9423558897243107,2024-01-11 20:37:48+00:00,walton_lighthouse-2024-01-11-203748Z
-13581263.304612342,4433848.521058795,1.0357104000000001,0.9448621553884711,2024-01-11 20:37:48+00:00,walton_lighthouse-2024-01-11-203748Z
-13581263.304612342,4433848.521058795,1.0357104000000001,0.9473684210526315,2024-01-11 20:37:48+00:00,walton_lighthouse-2024-01-11-203748Z
-13581263.304612342,4433848.521058795,1.0357104000000001,0.949874686716792,2024-01-11 20:37:48+00:00,walton_lighthouse-2024-01-11-203748Z
-13581263.304612342,4433848.521058795,1.0357104000000001,0.9523809523809523,2024-01-11 20:37:48+00:00,walton_lighthouse-2024-01-11-203748Z
-13581263.304612342,4433848.521058795,1.0357104000000001,0.9548872180451127,2024-01-11 20:37:48+00:00,walton_lighthouse-2024-01-11-203748Z
-13581263.304612342,4433848.521058795,1.0357104000000001,0.9573934837092731,2024-01-11 20:37:48+00:00,walton_lighthouse-2024-01-11-203748Z
-13581263.304612342,4433848.521058795,1.0357104000000001,0.9598997493734336,2024-01-11 20:37:48+00:00,walton_lighthouse-2024-01-11-203748Z
-13581263.304612342,4433848.521058795,1.0357104000000001,0.9624060150375939,2024-01-11 20:37:48+00:00,walton_lighthouse-2024-01-11-203748Z
-13581263.304612342,4433848.521058795,1.0357104000000001,0.9649122807017543,2024-01-11 20:37:48+00:00,walton_lighthouse-2024-01-11-203748Z
-13581263.304612342,4433848.521058795,1.0357104000000001,0.9674185463659147,2024-01-11 20:37:48+00:00,walton_lighthouse-2024-01-11-203748Z
-13581263.304612342,4433848.521058795,1.0357104000000001,0.9699248120300752,2024-01-11 20:37:48+00:00,walton_lighthouse-2024-01-11-203748Z
-13581263.304612342,4433848.521058795,1.0357104000000001,0.9724310776942355,2024-01-11 20:37:48+00:00,walton_lighthouse-2024-01-11-203748Z
-13581263.304612342,4433848.521058795,1.0357104000000001,0.9749373433583959,2024-01-11 20:37:48+00:00,walton_lighthouse-2024-01-11-203748Z
-13581263.304612342,4433848.521058795,1.0357104000000001,0.9774436090225563,2024-01-11 20:37:48+00:00,walton_lighthouse-2024-01-11-203748Z
-13581263.304612342,4433848.521058795,1.0357104000000001,0.9799498746867168,2024-01-11 20:37:48+00:00,walton_lighthouse-2024-01-11-203748Z
-13581263.304612342,4433848.521058795,1.0357104000000001,0.9824561403508771,2024-01-11 20:37:48+00:00,walton_lighthouse-2024-01-11-203748Z
-13581263.304612342,4433848.521058795,1.0357104000000001,0.9849624060150375,2024-01-11 20:37:48+00:00,walton_lighthouse-2024-01-11-203748Z
-13581263.304612342,4433848.521058795,1.0357104000000001,0.9874686716791979,2024-01-11 20:37:48+00:00,walton_lighthouse-2024-01-11-203748Z
-13581263.304612342,4433848.521058795,1.0357104000000001,0.9899749373433584,2024-01-11 20:37:48+00:00,walton_lighthouse-2024-01-11-203748Z
-13581263.304612342,4433848.521058795,1.0357104000000001,0.9924812030075187,2024-01-11 20:37:48+00:00,walton_lighthouse-2024-01-11-203748Z
-13581263.304612342,4433848.521058795,1.0357104000000001,0.9949874686716791,2024-01-11 20:37:48+00:00,walton_lighthouse-2024-01-11-203748Z
-13581263.304612342,4433848.521058795,1.0357104000000001,0.9974937343358395,2024-01-11 20:37:48+00:00,walton_lighthouse-2024-01-11-203748Z
-13581263.304612342,4433848.521058795,1.0357104000000001,1.0,2024-01-11 20:37:48+00:00,walton_lighthouse-2024-01-11-203748Z
-13581924.072189497,4434071.633242971,0.7748016000000001,0.0,2024-01-11 21:07:48+00:00,walton_lighthouse-2024-01-11-210748Z
-13581922.384985045,4434070.629285859,0.7748016000000001,0.002506265664160401,2024-01-11 21:07:48+00:00,walton_lighthouse-2024-01-11-210748Z
-13581920.678492406,4434069.689697128,0.7748016000000001,0.005012531328320802,2024-01-11 21:07:48+00:00,walton_lighthouse-2024-01-11-210748Z
-13581918.976948544,4434068.733593281,0.7748016000000001,0.007518796992481203,2024-01-11 21:07:48+00:00,walton_lighthouse-2024-01-11-210748Z
-13581917.290536128,4434067.7269929545,0.7748016000000001,0.010025062656641603,2024-01-11 21:07:48+00:00,walton_lighthouse-2024-01-11-210748Z
-13581915.57782386,4434066.808160461,0.7748016000000001,0.012531328320802004,2024-01-11 21:07:48+00:00,walton_lighthouse-2024-01-11-210748Z
-13581913.848971136,4434065.943191624,0.7748016000000001,0.015037593984962405,2024-01-11 21:07:48+00:00,walton_lighthouse-2024-01-11-210748Z
-13581912.175985605,4434064.891783102,0.7748016000000001,0.017543859649122806,2024-01-11 21:07:48+00:00,walton_lighthouse-2024-01-11-210748Z
-13581910.4994012,4434063.852384788,0.7748016000000001,0.020050125313283207,2024-01-11 21:07:48+00:00,walton_lighthouse-2024-01-11-210748Z
-13581908.849419797,4434062.724207186,0.7748016000000001,0.022556390977443608,2024-01-11 21:07:48+00:00,walton_lighthouse-2024-01-11-210748Z
-13581907.225249335,4434061.509893429,0.7748016000000001,0.02506265664160401,2024-01-11 21:07:48+00:00,walton_lighthouse-2024-01-11-210748Z
-13581905.559297156,4434060.435013186,0.7748016000000001,0.02756892230576441,2024-01-11 21:07:48+00:00,walton_lighthouse-2024-01-11-210748Z
-13581903.8853996,4434059.386648346,0.7748016000000001,0.03007518796992481,2024-01-11 21:07:48+00:00,walton_lighthouse-2024-01-11-210748Z
-13581902.250150962,4434058.20930465,0.7748016000000001,0.03258145363408521,2024-01-11 21:07:48+00:00,walton_lighthouse-2024-01-11-210748Z
-13581900.618033571,4434057.021511294,0.7748016000000001,0.03508771929824561,2024-01-11 21:07:48+00:00,walton_lighthouse-2024-01-11-210748Z
-13581898.931409655,4434056.015616739,0.7748016000000001,0.03759398496240601,2024-01-11 21:07:48+00:00,walton_lighthouse-2024-01-11-210748Z
-13581897.27725892,4434054.901352881,0.7748016000000001,0.040100250626566414,2024-01-11 21:07:48+00:00,walton_lighthouse-2024-01-11-210748Z
-13581895.593635803,4434053.885444204,0.7748016000000001,0.042606516290726815,2024-01-11 21:07:48+00:00,walton_lighthouse-2024-01-11-210748Z
-13581893.93350257,4434052.791145143,0.7748016000000001,0.045112781954887216,2024-01-11 21:07:48+00:00,walton_lighthouse-2024-01-11-210748Z
-13581892.258161718,4434051.747596781,0.7748016000000001,0.047619047619047616,2024-01-11 21:07:48+00:00,walton_lighthouse-2024-01-11-210748Z
-13581890.68401776,4434050.366334881,0.7748016000000001,0.05012531328320802,2024-01-11 21:07:48+00:00,walton_lighthouse-2024-01-11-210748Z
-13581889.067771628,4434049.125576088,0.7748016000000001,0.05263157894736842,2024-01-11 21:07:48+00:00,walton_lighthouse-2024-01-11-210748Z
-13581887.332301794,4434048.282689878,0.7748016000000001,0.05513784461152882,2024-01-11 21:07:48+00:00,walton_lighthouse-2024-01-11-210748Z
-13581885.67702224,4434047.17219307,0.7748016000000001,0.05764411027568922,2024-01-11 21:07:48+00:00,walton_lighthouse-2024-01-11-210748Z
-13581884.01926211,4434046.069974503,0.7748016000000001,0.06015037593984962,2024-01-11 21:07:48+00:00,walton_lighthouse-2024-01-11-210748Z
-13581882.239733431,4434045.374121324,0.7748016000000001,0.06265664160401002,2024-01-11 21:07:48+00:00,walton_lighthouse-2024-01-11-210748Z
-13581880.577616036,4434044.286443754,0.7748016000000001,0.06516290726817042,2024-01-11 21:07:48+00:00,walton_lighthouse-2024-01-11-210748Z
-13581878.98534458,4434042.965676709,0.7748016000000001,0.06766917293233082,2024-01-11 21:07:48+00:00,walton_lighthouse-2024-01-11-210748Z
-13581877.425651202,4434041.53619037,0.7748016000000001,0.07017543859649122,2024-01-11 21:07:48+00:00,walton_lighthouse-2024-01-11-210748Z
-13581875.848631876,4434040.164524164,0.7748016000000001,0.07268170426065163,2024-01-11 21:07:48+00:00,walton_lighthouse-2024-01-11-210748Z
-13581874.230394732,4434038.9304097695,0.7748016000000001,0.07518796992481203,2024-01-11 21:07:48+00:00,walton_lighthouse-2024-01-11-210748Z
-13581872.610498864,4434037.701830701,0.7748016000000001,0.07769423558897243,2024-01-11 21:07:48+00:00,walton_lighthouse-2024-01-11-210748Z
-13581871.060049322,4434036.241495973,0.7748016000000001,0.08020050125313283,2024-01-11 21:07:48+00:00,walton_lighthouse-2024-01-11-210748Z
-13581869.419251308,4434035.082671536,0.7748016000000001,0.08270676691729323,2024-01-11 21:07:48+00:00,walton_lighthouse-2024-01-11-210748Z
-13581867.790511811,4434033.883605416,0.7748016000000001,0.08521303258145363,2024-01-11 21:07:48+00:00,walton_lighthouse-2024-01-11-210748Z
-13581866.174275585,4434032.642813586,0.7748016000000001,0.08771929824561403,2024-01-11 21:07:48+00:00,walton_lighthouse-2024-01-11-210748Z
-13581864.587446798,4434031.303883391,0.7748016000000001,0.09022556390977443,2024-01-11 21:07:48+00:00,walton_lighthouse-2024-01-11-210748Z
-13581862.93390616,4434030.187583562,0.7748016000000001,0.09273182957393483,2024-01-11 21:07:48+00:00,walton_lighthouse-2024-01-11-210748Z
-13581861.288424902,4434029.044387956,0.7748016000000001,0.09523809523809523,2024-01-11 21:07:48+00:00,walton_lighthouse-2024-01-11-210748Z
-13581859.613774257,4434027.998536314,0.7748016000000001,0.09774436090225563,2024-01-11 21:07:48+00:00,walton_lighthouse-2024-01-11-210748Z
-13581857.935996171,4434026.96312166,0.7748016000000001,0.10025062656641603,2024-01-11 21:07:48+00:00,walton_lighthouse-2024-01-11-210748Z
-13581856.28322186,4434025.844264399,0.7748016000000001,0.10275689223057644,2024-01-11 21:07:48+00:00,walton_lighthouse-2024-01-11-210748Z
-13581854.644064026,4434024.679966309,0.7748016000000001,0.10526315789473684,2024-01-11 21:07:48+00:00,walton_lighthouse-2024-01-11-210748Z
-13581853.00331752,4434023.520969982,0.7748016000000001,0.10776942355889724,2024-01-11 21:07:48+00:00,walton_lighthouse-2024-01-11-210748Z
-13581851.28127908,4434022.633260668,0.7748016000000001,0.11027568922305764,2024-01-11 21:07:48+00:00,walton_lighthouse-2024-01-11-210748Z
-13581849.559928058,4434021.743257287,0.7748016000000001,0.11278195488721804,2024-01-11 21:07:48+00:00,walton_lighthouse-2024-01-11-210748Z
-13581847.83387911,4434020.868931644,0.7748016000000001,0.11528822055137844,2024-01-11 21:07:48+00:00,walton_lighthouse-2024-01-11-210748Z
-13581846.091735166,4434020.048318238,0.7748016000000001,0.11779448621553884,2024-01-11 21:07:48+00:00,walton_lighthouse-2024-01-11-210748Z
-13581844.393448686,4434019.081344019,0.7748016000000001,0.12030075187969924,2024-01-11 21:07:48+00:00,walton_lighthouse-2024-01-11-210748Z
-13581842.675454007,4434018.1801398285,0.7748016000000001,0.12280701754385964,2024-01-11 21:07:48+00:00,walton_lighthouse-2024-01-11-210748Z
-13581840.966936065,4434017.247309906,0.7748016000000001,0.12531328320802004,2024-01-11 21:07:48+00:00,walton_lighthouse-2024-01-11-210748Z
-13581839.20315932,4434016.498889308,0.7748016000000001,0.12781954887218044,2024-01-11 21:07:48+00:00,walton_lighthouse-2024-01-11-210748Z
-13581837.416898152,4434015.825503694,0.7748016000000001,0.13032581453634084,2024-01-11 21:07:48+00:00,walton_lighthouse-2024-01-11-210748Z
-13581835.68164933,4434014.981879923,0.7748016000000001,0.13283208020050125,2024-01-11 21:07:48+00:00,walton_lighthouse-2024-01-11-210748Z
-13581833.923635388,4434014.214227711,0.7748016000000001,0.13533834586466165,2024-01-11 21:07:48+00:00,walton_lighthouse-2024-01-11-210748Z
-13581832.166486904,4434013.443687392,0.7748016000000001,0.13784461152882205,2024-01-11 21:07:48+00:00,walton_lighthouse-2024-01-11-210748Z
-13581830.430060258,4434012.603994273,0.7748016000000001,0.14035087719298245,2024-01-11 21:07:48+00:00,walton_lighthouse-2024-01-11-210748Z
-13581828.690633856,4434011.7743119,0.7748016000000001,0.14285714285714285,2024-01-11 21:07:48+00:00,walton_lighthouse-2024-01-11-210748Z
-13581826.95373268,4434010.936202285,0.7748016000000001,0.14536340852130325,2024-01-11 21:07:48+00:00,walton_lighthouse-2024-01-11-210748Z
-13581825.204740155,4434010.138443921,0.7748016000000001,0.14786967418546365,2024-01-11 21:07:48+00:00,walton_lighthouse-2024-01-11-210748Z
-13581823.454532264,4434009.344741563,0.7748016000000001,0.15037593984962405,2024-01-11 21:07:48+00:00,walton_lighthouse-2024-01-11-210748Z
-13581821.665398676,4434008.680941669,0.7748016000000001,0.15288220551378445,2024-01-11 21:07:48+00:00,walton_lighthouse-2024-01-11-210748Z
-13581819.909043878,4434007.907752575,0.7748016000000001,0.15538847117794485,2024-01-11 21:07:48+00:00,walton_lighthouse-2024-01-11-210748Z
-13581818.14741747,4434007.152155979,0.7748016000000001,0.15789473684210525,2024-01-11 21:07:48+00:00,walton_lighthouse-2024-01-11-210748Z
-13581816.380176768,4434006.415295325,0.7748016000000001,0.16040100250626566,2024-01-11 21:07:48+00:00,walton_lighthouse-2024-01-11-210748Z
-13581814.653173003,4434005.5441561695,0.7748016000000001,0.16290726817042606,2024-01-11 21:07:48+00:00,walton_lighthouse-2024-01-11-210748Z
-13581812.907564634,4434004.735104174,0.7748016000000001,0.16541353383458646,2024-01-11 21:07:48+00:00,walton_lighthouse-2024-01-11-210748Z
-13581811.133222371,4434004.021942865,0.7748016000000001,0.16791979949874686,2024-01-11 21:07:48+00:00,walton_lighthouse-2024-01-11-210748Z
-13581809.365851255,4434003.285517412,0.7748016000000001,0.17042606516290726,2024-01-11 21:07:48+00:00,walton_lighthouse-2024-01-11-210748Z
-13581807.604449702,4434002.52917032,0.7748016000000001,0.17293233082706766,2024-01-11 21:07:48+00:00,walton_lighthouse-2024-01-11-210748Z
-13581805.823463004,4434001.838182753,0.7748016000000001,0.17543859649122806,2024-01-11 21:07:48+00:00,walton_lighthouse-2024-01-11-210748Z
-13581804.076189844,4434001.03468655,0.7748016000000001,0.17794486215538846,2024-01-11 21:07:48+00:00,walton_lighthouse-2024-01-11-210748Z
-13581802.331249395,4434000.223405612,0.7748016000000001,0.18045112781954886,2024-01-11 21:07:48+00:00,walton_lighthouse-2024-01-11-210748Z
-13581800.582157526,4433999.425978722,0.7748016000000001,0.18295739348370926,2024-01-11 21:07:48+00:00,walton_lighthouse-2024-01-11-210748Z
-13581798.80374238,4433998.726409353,0.7748016000000001,0.18546365914786966,2024-01-11 21:07:48+00:00,walton_lighthouse-2024-01-11-210748Z
-13581797.039661735,4433997.979003054,0.7748016000000001,0.18796992481203006,2024-01-11 21:07:48+00:00,walton_lighthouse-2024-01-11-210748Z
-13581795.253331408,4433997.305848137,0.7748016000000001,0.19047619047619047,2024-01-11 21:07:48+00:00,walton_lighthouse-2024-01-11-210748Z
-13581793.491045889,4433996.552451009,0.7748016000000001,0.19298245614035087,2024-01-11 21:07:48+00:00,walton_lighthouse-2024-01-11-210748Z
-13581791.739953237,4433995.761701168,0.7748016000000001,0.19548872180451127,2024-01-11 21:07:48+00:00,walton_lighthouse-2024-01-11-210748Z
-13581789.990958285,4433994.963950971,0.7748016000000001,0.19799498746867167,2024-01-11 21:07:48+00:00,walton_lighthouse-2024-01-11-210748Z
-13581788.244560368,4433994.157533917,0.7748016000000001,0.20050125313283207,2024-01-11 21:07:48+00:00,walton_lighthouse-2024-01-11-210748Z
-13581786.47223084,4433993.437655556,0.7748016000000001,0.20300751879699247,2024-01-11 21:07:48+00:00,walton_lighthouse-2024-01-11-210748Z
-13581784.685455794,4433992.76598479,0.7748016000000001,0.20551378446115287,2024-01-11 21:07:48+00:00,walton_lighthouse-2024-01-11-210748Z
-13581782.903559906,4433992.07803138,0.7748016000000001,0.20802005012531327,2024-01-11 21:07:48+00:00,walton_lighthouse-2024-01-11-210748Z
-13581781.123563996,4433991.383737325,0.7748016000000001,0.21052631578947367,2024-01-11 21:07:48+00:00,walton_lighthouse-2024-01-11-210748Z
-13581779.370291442,4433990.60026222,0.7748016000000001,0.21303258145363407,2024-01-11 21:07:48+00:00,walton_lighthouse-2024-01-11-210748Z
-13581777.619690642,4433989.807870938,0.7748016000000001,0.21553884711779447,2024-01-11 21:07:48+00:00,walton_lighthouse-2024-01-11-210748Z
-13581775.857921882,4433989.052749408,0.7748016000000001,0.21804511278195488,2024-01-11 21:07:48+00:00,walton_lighthouse-2024-01-11-210748Z
-13581774.066948896,4433988.395087975,0.7748016000000001,0.22055137844611528,2024-01-11 21:07:48+00:00,walton_lighthouse-2024-01-11-210748Z
-13581772.281362,4433987.719452064,0.7748016000000001,0.22305764411027568,2024-01-11 21:07:48+00:00,walton_lighthouse-2024-01-11-210748Z
-13581770.491436638,4433987.058294541,0.7748016000000001,0.22556390977443608,2024-01-11 21:07:48+00:00,walton_lighthouse-2024-01-11-210748Z
-13581768.711724294,4433986.363054189,0.7748016000000001,0.22807017543859648,2024-01-11 21:07:48+00:00,walton_lighthouse-2024-01-11-210748Z
-13581766.93297198,4433985.664610019,0.7748016000000001,0.23057644110275688,2024-01-11 21:07:48+00:00,walton_lighthouse-2024-01-11-210748Z
-13581765.16425362,4433984.932680529,0.7748016000000001,0.23308270676691728,2024-01-11 21:07:48+00:00,walton_lighthouse-2024-01-11-210748Z
-13581763.35579591,4433984.333369064,0.7748016000000001,0.23558897243107768,2024-01-11 21:07:48+00:00,walton_lighthouse-2024-01-11-210748Z
-13581761.54563254,4433983.739749708,0.7748016000000001,0.23809523809523808,2024-01-11 21:07:48+00:00,walton_lighthouse-2024-01-11-210748Z
-13581759.73320084,4433983.153700069,0.7748016000000001,0.24060150375939848,2024-01-11 21:07:48+00:00,walton_lighthouse-2024-01-11-210748Z
-13581757.953188254,4433982.45946167,0.7748016000000001,0.24310776942355888,2024-01-11 21:07:48+00:00,walton_lighthouse-2024-01-11-210748Z
-13581756.176791796,4433981.753155588,0.7748016000000001,0.24561403508771928,2024-01-11 21:07:48+00:00,walton_lighthouse-2024-01-11-210748Z
-13581754.386528568,4433981.093125563,0.7748016000000001,0.24812030075187969,2024-01-11 21:07:48+00:00,walton_lighthouse-2024-01-11-210748Z
-13581752.57791308,4433980.494340532,0.7748016000000001,0.2506265664160401,2024-01-11 21:07:48+00:00,walton_lighthouse-2024-01-11-210748Z
-13581750.763550377,4433979.914735135,0.7748016000000001,0.2531328320802005,2024-01-11 21:07:48+00:00,walton_lighthouse-2024-01-11-210748Z
-13581748.9666765,4433979.276766205,0.7748016000000001,0.2556390977443609,2024-01-11 21:07:48+00:00,walton_lighthouse-2024-01-11-210748Z
-13581747.19448799,4433978.556417299,0.7748016000000001,0.2581453634085213,2024-01-11 21:07:48+00:00,walton_lighthouse-2024-01-11-210748Z
-13581745.407581177,4433977.885186216,0.7748016000000001,0.2606516290726817,2024-01-11 21:07:48+00:00,walton_lighthouse-2024-01-11-210748Z
-13581743.608257474,4433977.25539274,0.7748016000000001,0.2631578947368421,2024-01-11 21:07:48+00:00,walton_lighthouse-2024-01-11-210748Z
-13581741.794351034,4433976.674264756,0.7748016000000001,0.2656641604010025,2024-01-11 21:07:48+00:00,walton_lighthouse-2024-01-11-210748Z
-13581739.97646241,4433976.106426064,0.7748016000000001,0.2681704260651629,2024-01-11 21:07:48+00:00,walton_lighthouse-2024-01-11-210748Z
-13581738.156073771,4433975.546930275,0.7748016000000001,0.2706766917293233,2024-01-11 21:07:48+00:00,walton_lighthouse-2024-01-11-210748Z
-13581736.36249166,4433974.897976013,0.7748016000000001,0.2731829573934837,2024-01-11 21:07:48+00:00,walton_lighthouse-2024-01-11-210748Z
-13581734.566104729,4433974.258382031,0.7748016000000001,0.2756892230576441,2024-01-11 21:07:48+00:00,walton_lighthouse-2024-01-11-210748Z
-13581732.742689269,4433973.708987434,0.7748016000000001,0.2781954887218045,2024-01-11 21:07:48+00:00,walton_lighthouse-2024-01-11-210748Z
-13581730.922089169,4433973.150197407,0.7748016000000001,0.2807017543859649,2024-01-11 21:07:48+00:00,walton_lighthouse-2024-01-11-210748Z
-13581729.117380574,4433972.538374324,0.7748016000000001,0.2832080200501253,2024-01-11 21:07:48+00:00,walton_lighthouse-2024-01-11-210748Z
-13581727.32561087,4433971.883371753,0.7748016000000001,0.2857142857142857,2024-01-11 21:07:48+00:00,walton_lighthouse-2024-01-11-210748Z
-13581725.529760383,4433971.24198749,0.7748016000000001,0.2882205513784461,2024-01-11 21:07:48+00:00,walton_lighthouse-2024-01-11-210748Z
-13581723.723932784,4433970.633898737,0.7748016000000001,0.2907268170426065,2024-01-11 21:07:48+00:00,walton_lighthouse-2024-01-11-210748Z
-13581721.915697772,4433970.03384407,0.7748016000000001,0.2932330827067669,2024-01-11 21:07:48+00:00,walton_lighthouse-2024-01-11-210748Z
-13581720.104990482,4433969.442039857,0.7748016000000001,0.2957393483709273,2024-01-11 21:07:48+00:00,walton_lighthouse-2024-01-11-210748Z
-13581718.300752768,4433968.828645404,0.7748016000000001,0.2982456140350877,2024-01-11 21:07:48+00:00,walton_lighthouse-2024-01-11-210748Z
-13581716.488543889,4433968.241852214,0.7748016000000001,0.3007518796992481,2024-01-11 21:07:48+00:00,walton_lighthouse-2024-01-11-210748Z
-13581714.65274918,4433967.733769574,0.7748016000000001,0.3032581453634085,2024-01-11 21:07:48+00:00,walton_lighthouse-2024-01-11-210748Z
-13581712.830689495,4433967.179850568,0.7748016000000001,0.3057644110275689,2024-01-11 21:07:48+00:00,walton_lighthouse-2024-01-11-210748Z
-13581711.017220322,4433966.597263244,0.7748016000000001,0.3082706766917293,2024-01-11 21:07:48+00:00,walton_lighthouse-2024-01-11-210748Z
-13581709.206736784,4433966.004712258,0.7748016000000001,0.3107769423558897,2024-01-11 21:07:48+00:00,walton_lighthouse-2024-01-11-210748Z
-13581707.39865486,4433965.404146729,0.7748016000000001,0.3132832080200501,2024-01-11 21:07:48+00:00,walton_lighthouse-2024-01-11-210748Z
-13581705.576703835,4433964.84986502,0.7748016000000001,0.3157894736842105,2024-01-11 21:07:48+00:00,walton_lighthouse-2024-01-11-210748Z
-13581703.749095889,4433964.314461549,0.7748016000000001,0.3182957393483709,2024-01-11 21:07:48+00:00,walton_lighthouse-2024-01-11-210748Z
-13581701.932009654,4433963.743945052,0.7748016000000001,0.3208020050125313,2024-01-11 21:07:48+00:00,walton_lighthouse-2024-01-11-210748Z
-13581700.134827849,4433963.107003717,0.7748016000000001,0.3233082706766917,2024-01-11 21:07:48+00:00,walton_lighthouse-2024-01-11-210748Z
-13581698.308225852,4433962.568243205,0.7748016000000001,0.3258145363408521,2024-01-11 21:07:48+00:00,walton_lighthouse-2024-01-11-210748Z
-13581696.481286392,4433962.030608819,0.7748016000000001,0.3283208020050125,2024-01-11 21:07:48+00:00,walton_lighthouse-2024-01-11-210748Z
-13581694.648231244,4433961.513383766,0.7748016000000001,0.3308270676691729,2024-01-11 21:07:48+00:00,walton_lighthouse-2024-01-11-210748Z
-13581692.846244724,4433960.892476648,0.7748016000000001,0.3333333333333333,2024-01-11 21:07:48+00:00,walton_lighthouse-2024-01-11-210748Z
-13581691.02932373,4433960.32140876,0.7748016000000001,0.3358395989974937,2024-01-11 21:07:48+00:00,walton_lighthouse-2024-01-11-210748Z
-13581689.205206197,4433959.774357063,0.7748016000000001,0.3383458646616541,2024-01-11 21:07:48+00:00,walton_lighthouse-2024-01-11-210748Z
-13581687.398387607,4433959.169575486,0.7748016000000001,0.3408521303258145,2024-01-11 21:07:48+00:00,walton_lighthouse-2024-01-11-210748Z
-13581685.6148308,4433958.48716491,0.7748016000000001,0.3433583959899749,2024-01-11 21:07:48+00:00,walton_lighthouse-2024-01-11-210748Z
-13581683.828918844,4433957.81261382,0.7748016000000001,0.3458646616541353,2024-01-11 21:07:48+00:00,walton_lighthouse-2024-01-11-210748Z
-13581682.011270702,4433957.243972503,0.7748016000000001,0.3483709273182957,2024-01-11 21:07:48+00:00,walton_lighthouse-2024-01-11-210748Z
-13581680.19112069,4433956.683680465,0.7748016000000001,0.3508771929824561,2024-01-11 21:07:48+00:00,walton_lighthouse-2024-01-11-210748Z
-13581678.3668057,4433956.137287835,0.7748016000000001,0.3533834586466165,2024-01-11 21:07:48+00:00,walton_lighthouse-2024-01-11-210748Z
-13581676.559399268,4433955.534468027,0.7748016000000001,0.3558897243107769,2024-01-11 21:07:48+00:00,walton_lighthouse-2024-01-11-210748Z
-13581674.74318922,4433954.961027484,0.7748016000000001,0.3583959899749373,2024-01-11 21:07:48+00:00,walton_lighthouse-2024-01-11-210748Z
-13581672.925631396,4433954.392084822,0.7748016000000001,0.3609022556390977,2024-01-11 21:07:48+00:00,walton_lighthouse-2024-01-11-210748Z
-13581671.097313834,4433953.859049529,0.7748016000000001,0.3634085213032581,2024-01-11 21:07:48+00:00,walton_lighthouse-2024-01-11-210748Z
-13581669.298717832,4433953.226827592,0.7748016000000001,0.3659147869674185,2024-01-11 21:07:48+00:00,walton_lighthouse-2024-01-11-210748Z
-13581667.4903268,4433952.627293533,0.7748016000000001,0.3684210526315789,2024-01-11 21:07:48+00:00,walton_lighthouse-2024-01-11-210748Z
-13581665.676841617,4433952.044759642,0.7748016000000001,0.37092731829573933,2024-01-11 21:07:48+00:00,walton_lighthouse-2024-01-11-210748Z
-13581663.864635782,4433951.457956402,0.7748016000000001,0.37343358395989973,2024-01-11 21:07:48+00:00,walton_lighthouse-2024-01-11-210748Z
-13581662.063865922,4433950.83298904,0.7748016000000001,0.37593984962406013,2024-01-11 21:07:48+00:00,walton_lighthouse-2024-01-11-210748Z
-13581660.260465924,4433950.216798914,0.7748016000000001,0.37844611528822053,2024-01-11 21:07:48+00:00,walton_lighthouse-2024-01-11-210748Z
-13581658.429075597,4433949.694018023,0.7748016000000001,0.38095238095238093,2024-01-11 21:07:48+00:00,walton_lighthouse-2024-01-11-210748Z
-13581656.609918196,4433949.130413468,0.7748016000000001,0.38345864661654133,2024-01-11 21:07:48+00:00,walton_lighthouse-2024-01-11-210748Z
-13581654.79706702,4433948.545763805,0.7748016000000001,0.38596491228070173,2024-01-11 21:07:48+00:00,walton_lighthouse-2024-01-11-210748Z
-13581652.98385902,4433947.962304879,0.7748016000000001,0.38847117794486213,2024-01-11 21:07:48+00:00,walton_lighthouse-2024-01-11-210748Z
-13581651.156945318,4433947.424584645,0.7748016000000001,0.39097744360902253,2024-01-11 21:07:48+00:00,walton_lighthouse-2024-01-11-210748Z
-13581649.327911455,4433946.893939773,0.7748016000000001,0.39348370927318294,2024-01-11 21:07:48+00:00,walton_lighthouse-2024-01-11-210748Z
-13581647.51747323,4433946.301237535,0.7748016000000001,0.39598997493734334,2024-01-11 21:07:48+00:00,walton_lighthouse-2024-01-11-210748Z
-13581645.6981362,4433945.73823242,0.7748016000000001,0.39849624060150374,2024-01-11 21:07:48+00:00,walton_lighthouse-2024-01-11-210748Z
-13581643.877118478,4433945.180836158,0.7748016000000001,0.40100250626566414,2024-01-11 21:07:48+00:00,walton_lighthouse-2024-01-11-210748Z
-13581642.05215653,4433944.63660249,0.7748016000000001,0.40350877192982454,2024-01-11 21:07:48+00:00,walton_lighthouse-2024-01-11-210748Z
-13581640.239469703,4433944.051404336,0.7748016000000001,0.40601503759398494,2024-01-11 21:07:48+00:00,walton_lighthouse-2024-01-11-210748Z
-13581638.431466443,4433943.450576196,0.7748016000000001,0.40852130325814534,2024-01-11 21:07:48+00:00,walton_lighthouse-2024-01-11-210748Z
-13581636.60364758,4433942.915876668,0.7748016000000001,0.41102756892230574,2024-01-11 21:07:48+00:00,walton_lighthouse-2024-01-11-210748Z
-13581634.782585744,4433942.358627564,0.7748016000000001,0.41353383458646614,2024-01-11 21:07:48+00:00,walton_lighthouse-2024-01-11-210748Z
-13581632.985581182,4433941.721094622,0.7748016000000001,0.41604010025062654,2024-01-11 21:07:48+00:00,walton_lighthouse-2024-01-11-210748Z
-13581631.174318625,4433941.131143467,0.7748016000000001,0.41854636591478694,2024-01-11 21:07:48+00:00,walton_lighthouse-2024-01-11-210748Z
-13581629.3510667,4433940.581203123,0.7748016000000001,0.42105263157894735,2024-01-11 21:07:48+00:00,walton_lighthouse-2024-01-11-210748Z
-13581627.525773436,4433940.038075129,0.7748016000000001,0.42355889724310775,2024-01-11 21:07:48+00:00,walton_lighthouse-2024-01-11-210748Z
-13581625.721755505,4433939.42394716,0.7748016000000001,0.42606516290726815,2024-01-11 21:07:48+00:00,walton_lighthouse-2024-01-11-210748Z
-13581623.893277513,4433938.891447217,0.7748016000000001,0.42857142857142855,2024-01-11 21:07:48+00:00,walton_lighthouse-2024-01-11-210748Z
-13581622.06257804,4433938.366360853,0.7748016000000001,0.43107769423558895,2024-01-11 21:07:48+00:00,walton_lighthouse-2024-01-11-210748Z
-13581620.248520589,4433937.78573673,0.7748016000000001,0.43358395989974935,2024-01-11 21:07:48+00:00,walton_lighthouse-2024-01-11-210748Z
-13581618.43224469,4433937.212515978,0.7748016000000001,0.43609022556390975,2024-01-11 21:07:48+00:00,walton_lighthouse-2024-01-11-210748Z
-13581616.603503209,4433936.680895343,0.7748016000000001,0.43859649122807015,2024-01-11 21:07:48+00:00,walton_lighthouse-2024-01-11-210748Z
-13581614.776196614,4433936.144486265,0.7748016000000001,0.44110275689223055,2024-01-11 21:07:48+00:00,walton_lighthouse-2024-01-11-210748Z
-13581612.961902564,4433935.564651785,0.7748016000000001,0.44360902255639095,2024-01-11 21:07:48+00:00,walton_lighthouse-2024-01-11-210748Z
-13581611.129349347,4433935.045751557,0.7748016000000001,0.44611528822055135,2024-01-11 21:07:48+00:00,walton_lighthouse-2024-01-11-210748Z
-13581609.29769232,4433934.523860671,0.7748016000000001,0.44862155388471175,2024-01-11 21:07:48+00:00,walton_lighthouse-2024-01-11-210748Z
-13581607.485496735,4433933.937023223,0.7748016000000001,0.45112781954887216,2024-01-11 21:07:48+00:00,walton_lighthouse-2024-01-11-210748Z
-13581605.657611704,4433933.402544446,0.7748016000000001,0.45363408521303256,2024-01-11 21:07:48+00:00,walton_lighthouse-2024-01-11-210748Z
-13581603.826566398,4433932.878612101,0.7748016000000001,0.45614035087719296,2024-01-11 21:07:48+00:00,walton_lighthouse-2024-01-11-210748Z
-13581601.99920946,4433932.342370943,0.7748016000000001,0.45864661654135336,2024-01-11 21:07:48+00:00,walton_lighthouse-2024-01-11-210748Z
-13581600.179180164,4433931.781676113,0.7748016000000001,0.46115288220551376,2024-01-11 21:07:48+00:00,walton_lighthouse-2024-01-11-210748Z
-13581598.352542276,4433931.243035379,0.7748016000000001,0.46365914786967416,2024-01-11 21:07:48+00:00,walton_lighthouse-2024-01-11-210748Z
-13581596.52750102,4433930.699066323,0.7748016000000001,0.46616541353383456,2024-01-11 21:07:48+00:00,walton_lighthouse-2024-01-11-210748Z
-13581594.693957794,4433930.183470119,0.7748016000000001,0.46867167919799496,2024-01-11 21:07:48+00:00,walton_lighthouse-2024-01-11-210748Z
-13581592.857072076,4433929.679028352,0.7748016000000001,0.47117794486215536,2024-01-11 21:07:48+00:00,walton_lighthouse-2024-01-11-210748Z
-13581591.03651746,4433929.120086506,0.7748016000000001,0.47368421052631576,2024-01-11 21:07:48+00:00,walton_lighthouse-2024-01-11-210748Z
-13581589.221969437,4433928.541099554,0.7748016000000001,0.47619047619047616,2024-01-11 21:07:48+00:00,walton_lighthouse-2024-01-11-210748Z
-13581587.378051875,4433928.060124491,0.7748016000000001,0.47869674185463656,2024-01-11 21:07:48+00:00,walton_lighthouse-2024-01-11-210748Z
-13581585.546833431,4433927.536769986,0.7748016000000001,0.48120300751879697,2024-01-11 21:07:48+00:00,walton_lighthouse-2024-01-11-210748Z
-13581583.711099982,4433927.028482825,0.7748016000000001,0.48370927318295737,2024-01-11 21:07:48+00:00,walton_lighthouse-2024-01-11-210748Z
-13581581.871352896,4433926.53359003,0.7748016000000001,0.48621553884711777,2024-01-11 21:07:48+00:00,walton_lighthouse-2024-01-11-210748Z
-13581580.04227866,4433926.003079919,0.7748016000000001,0.48872180451127817,2024-01-11 21:07:48+00:00,walton_lighthouse-2024-01-11-210748Z
-13581578.22270022,4433925.440880438,0.7748016000000001,0.49122807017543857,2024-01-11 21:07:48+00:00,walton_lighthouse-2024-01-11-210748Z
-13581576.396133415,4433924.902002459,0.7748016000000001,0.49373433583959897,2024-01-11 21:07:48+00:00,walton_lighthouse-2024-01-11-210748Z
-13581574.581095705,4433924.32464965,0.7748016000000001,0.49624060150375937,2024-01-11 21:07:48+00:00,walton_lighthouse-2024-01-11-210748Z
-13581572.770032562,4433923.734033028,0.7748016000000001,0.49874686716791977,2024-01-11 21:07:48+00:00,walton_lighthouse-2024-01-11-210748Z
-13581570.946354236,4433923.185515663,0.7748016000000001,0.5012531328320802,2024-01-11 21:07:48+00:00,walton_lighthouse-2024-01-11-210748Z
-13581569.138212888,4433922.585148335,0.7748016000000001,0.5037593984962405,2024-01-11 21:07:48+00:00,walton_lighthouse-2024-01-11-210748Z
-13581567.334449727,4433921.970170228,0.7748016000000001,0.506265664160401,2024-01-11 21:07:48+00:00,walton_lighthouse-2024-01-11-210748Z
-13581565.51055807,4433921.4223648105,0.7748016000000001,0.5087719298245614,2024-01-11 21:07:48+00:00,walton_lighthouse-2024-01-11-210748Z
-13581563.702890277,4433920.820417195,0.7748016000000001,0.5112781954887218,2024-01-11 21:07:48+00:00,walton_lighthouse-2024-01-11-210748Z
-13581561.890668906,4433920.23366569,0.7748016000000001,0.5137844611528821,2024-01-11 21:07:48+00:00,walton_lighthouse-2024-01-11-210748Z
-13581560.06190452,4433919.702121495,0.7748016000000001,0.5162907268170426,2024-01-11 21:07:48+00:00,walton_lighthouse-2024-01-11-210748Z
-13581558.25976225,4433919.0817342205,0.7748016000000001,0.518796992481203,2024-01-11 21:07:48+00:00,walton_lighthouse-2024-01-11-210748Z
-13581556.43584058,4433918.534028901,0.7748016000000001,0.5213032581453634,2024-01-11 21:07:48+00:00,walton_lighthouse-2024-01-11-210748Z
-13581554.60361417,4433918.0140381,0.7748016000000001,0.5238095238095237,2024-01-11 21:07:48+00:00,walton_lighthouse-2024-01-11-210748Z
-13581552.783324292,4433917.454212825,0.7748016000000001,0.5263157894736842,2024-01-11 21:07:48+00:00,walton_lighthouse-2024-01-11-210748Z
-13581550.94624886,4433916.950404256,0.7748016000000001,0.5288220551378446,2024-01-11 21:07:48+00:00,walton_lighthouse-2024-01-11-210748Z
-13581549.11832236,4433916.416063895,0.7748016000000001,0.531328320802005,2024-01-11 21:07:48+00:00,walton_lighthouse-2024-01-11-210748Z
-13581547.28122737,4433915.912320454,0.7748016000000001,0.5338345864661653,2024-01-11 21:07:48+00:00,walton_lighthouse-2024-01-11-210748Z
-13581545.440736936,4433915.419908418,0.7748016000000001,0.5363408521303258,2024-01-11 21:07:48+00:00,walton_lighthouse-2024-01-11-210748Z
-13581543.613599729,4433914.882934003,0.7748016000000001,0.5388471177944862,2024-01-11 21:07:48+00:00,walton_lighthouse-2024-01-11-210748Z
-13581541.764554529,4433914.419070773,0.7748016000000001,0.5413533834586466,2024-01-11 21:07:48+00:00,walton_lighthouse-2024-01-11-210748Z
-13581539.915093422,4433913.956595567,0.7748016000000001,0.5438596491228069,2024-01-11 21:07:48+00:00,walton_lighthouse-2024-01-11-210748Z
-13581538.07188494,4433913.473254131,0.7748016000000001,0.5463659147869674,2024-01-11 21:07:48+00:00,walton_lighthouse-2024-01-11-210748Z
-13581536.218976488,4433913.022283374,0.7748016000000001,0.5488721804511278,2024-01-11 21:07:48+00:00,walton_lighthouse-2024-01-11-210748Z
-13581534.373431394,4433912.546739602,0.7748016000000001,0.5513784461152882,2024-01-11 21:07:48+00:00,walton_lighthouse-2024-01-11-210748Z
-13581532.524904948,4433912.081145231,0.7748016000000001,0.5538847117794485,2024-01-11 21:07:48+00:00,walton_lighthouse-2024-01-11-210748Z
-13581530.684697893,4433911.587787523,0.7748016000000001,0.556390977443609,2024-01-11 21:07:48+00:00,walton_lighthouse-2024-01-11-210748Z
-13581528.833500871,4433911.131105346,0.7748016000000001,0.5588972431077694,2024-01-11 21:07:48+00:00,walton_lighthouse-2024-01-11-210748Z
-13581526.991610453,4433910.643365218,0.7748016000000001,0.5614035087719298,2024-01-11 21:07:48+00:00,walton_lighthouse-2024-01-11-210748Z
-13581525.149128595,4433910.157598869,0.7748016000000001,0.5639097744360901,2024-01-11 21:07:48+00:00,walton_lighthouse-2024-01-11-210748Z
-13581523.304310666,4433909.679628528,0.7748016000000001,0.5664160401002506,2024-01-11 21:07:48+00:00,walton_lighthouse-2024-01-11-210748Z
-13581521.465950344,4433909.180107858,0.7748016000000001,0.568922305764411,2024-01-11 21:07:48+00:00,walton_lighthouse-2024-01-11-210748Z
-13581519.623327509,4433908.694811903,0.7748016000000001,0.5714285714285714,2024-01-11 21:07:48+00:00,walton_lighthouse-2024-01-11-210748Z
-13581517.79302186,4433908.168411199,0.7748016000000001,0.5739348370927317,2024-01-11 21:07:48+00:00,walton_lighthouse-2024-01-11-210748Z
-13581515.95141984,4433907.679708726,0.7748016000000001,0.5764411027568922,2024-01-11 21:07:48+00:00,walton_lighthouse-2024-01-11-210748Z
-13581514.122491317,4433907.148712299,0.7748016000000001,0.5789473684210527,2024-01-11 21:07:48+00:00,walton_lighthouse-2024-01-11-210748Z
-13581512.278381446,4433906.668378929,0.7748016000000001,0.581453634085213,2024-01-11 21:07:48+00:00,walton_lighthouse-2024-01-11-210748Z
-13581510.440395173,4433906.167609929,0.7748016000000001,0.5839598997493733,2024-01-11 21:07:48+00:00,walton_lighthouse-2024-01-11-210748Z
-13581508.596188448,4433905.68759987,0.7748016000000001,0.5864661654135338,2024-01-11 21:07:48+00:00,walton_lighthouse-2024-01-11-210748Z
-13581506.745719513,4433905.22848796,0.7748016000000001,0.5889724310776943,2024-01-11 21:07:48+00:00,walton_lighthouse-2024-01-11-210748Z
-13581504.891619686,4433904.781492988,0.7748016000000001,0.5914786967418546,2024-01-11 21:07:48+00:00,walton_lighthouse-2024-01-11-210748Z
-13581503.049013268,4433904.296142364,0.7748016000000001,0.593984962406015,2024-01-11 21:07:48+00:00,walton_lighthouse-2024-01-11-210748Z
-13581501.201969404,4433903.825600351,0.7748016000000001,0.5964912280701754,2024-01-11 21:07:48+00:00,walton_lighthouse-2024-01-11-210748Z
-13581499.358880898,4433903.341858527,0.7748016000000001,0.5989974937343359,2024-01-11 21:07:48+00:00,walton_lighthouse-2024-01-11-210748Z
-13581497.51531367,4433902.859714223,0.7748016000000001,0.6015037593984962,2024-01-11 21:07:48+00:00,walton_lighthouse-2024-01-11-210748Z
-13581495.67359471,4433902.37140196,0.7748016000000001,0.6040100250626566,2024-01-11 21:07:48+00:00,walton_lighthouse-2024-01-11-210748Z
-13581493.82795328,4433901.896179806,0.7748016000000001,0.606516290726817,2024-01-11 21:07:48+00:00,walton_lighthouse-2024-01-11-210748Z
-13581491.978349278,4433901.434181419,0.7748016000000001,0.6090225563909775,2024-01-11 21:07:48+00:00,walton_lighthouse-2024-01-11-210748Z
-13581490.14219349,4433900.92730371,0.7748016000000001,0.6115288220551378,2024-01-11 21:07:48+00:00,walton_lighthouse-2024-01-11-210748Z
-13581488.298383914,4433900.445968282,0.7748016000000001,0.6140350877192982,2024-01-11 21:07:48+00:00,walton_lighthouse-2024-01-11-210748Z
-13581486.460239096,4433899.945728407,0.7748016000000001,0.6165413533834586,2024-01-11 21:07:48+00:00,walton_lighthouse-2024-01-11-210748Z
-13581484.609170666,4433899.488617111,0.7748016000000001,0.6190476190476191,2024-01-11 21:07:48+00:00,walton_lighthouse-2024-01-11-210748Z
-13581482.748362912,4433899.064007811,0.7748016000000001,0.6215538847117794,2024-01-11 21:07:48+00:00,walton_lighthouse-2024-01-11-210748Z
-13581480.88699482,4433898.6412685625,0.7748016000000001,0.6240601503759398,2024-01-11 21:07:48+00:00,walton_lighthouse-2024-01-11-210748Z
-13581479.029910618,4433898.20423308,0.7748016000000001,0.6265664160401002,2024-01-11 21:07:48+00:00,walton_lighthouse-2024-01-11-210748Z
-13581477.178995814,4433897.746609074,0.7748016000000001,0.6290726817042607,2024-01-11 21:07:48+00:00,walton_lighthouse-2024-01-11-210748Z
-13581475.325880026,4433897.296330255,0.7748016000000001,0.631578947368421,2024-01-11 21:07:48+00:00,walton_lighthouse-2024-01-11-210748Z
-13581473.467374204,4433896.864039022,0.7748016000000001,0.6340852130325814,2024-01-11 21:07:48+00:00,walton_lighthouse-2024-01-11-210748Z
-13581471.605819384,4433896.441922857,0.7748016000000001,0.6365914786967418,2024-01-11 21:07:48+00:00,walton_lighthouse-2024-01-11-210748Z
-13581469.74633356,4433896.012902002,0.7748016000000001,0.6390977443609023,2024-01-11 21:07:48+00:00,walton_lighthouse-2024-01-11-210748Z
-13581467.885721248,4433895.587640516,0.7748016000000001,0.6416040100250626,2024-01-11 21:07:48+00:00,walton_lighthouse-2024-01-11-210748Z
-13581466.026337134,4433895.15828038,0.7748016000000001,0.644110275689223,2024-01-11 21:07:48+00:00,walton_lighthouse-2024-01-11-210748Z
-13581464.179857086,4433894.685856742,0.7748016000000001,0.6466165413533834,2024-01-11 21:07:48+00:00,walton_lighthouse-2024-01-11-210748Z
-13581462.33048239,4433894.223093093,0.7748016000000001,0.6491228070175439,2024-01-11 21:07:48+00:00,walton_lighthouse-2024-01-11-210748Z
-13581460.490132911,4433893.730210593,0.7748016000000001,0.6516290726817042,2024-01-11 21:07:48+00:00,walton_lighthouse-2024-01-11-210748Z
-13581458.640669003,4433893.267744774,0.7748016000000001,0.6541353383458646,2024-01-11 21:07:48+00:00,walton_lighthouse-2024-01-11-210748Z
-13581456.790108208,4433892.808939457,0.7748016000000001,0.656641604010025,2024-01-11 21:07:48+00:00,walton_lighthouse-2024-01-11-210748Z
-13581454.94910727,4433892.318230913,0.7748016000000001,0.6591478696741855,2024-01-11 21:07:48+00:00,walton_lighthouse-2024-01-11-210748Z
-13581453.104852311,4433891.838381757,0.7748016000000001,0.6616541353383458,2024-01-11 21:07:48+00:00,walton_lighthouse-2024-01-11-210748Z
-13581451.263729112,4433891.348081378,0.7748016000000001,0.6641604010025062,2024-01-11 21:07:48+00:00,walton_lighthouse-2024-01-11-210748Z
-13581449.429569604,4433890.834541754,0.7748016000000001,0.6666666666666666,2024-01-11 21:07:48+00:00,walton_lighthouse-2024-01-11-210748Z
-13581447.575765464,4433890.386560047,0.7748016000000001,0.6691729323308271,2024-01-11 21:07:48+00:00,walton_lighthouse-2024-01-11-210748Z
-13581445.730711756,4433889.909376434,0.7748016000000001,0.6716791979949874,2024-01-11 21:07:48+00:00,walton_lighthouse-2024-01-11-210748Z
-13581443.87783725,4433889.458292445,0.7748016000000001,0.6741854636591478,2024-01-11 21:07:48+00:00,walton_lighthouse-2024-01-11-210748Z
-13581442.020109529,4433889.023404518,0.7748016000000001,0.6766917293233082,2024-01-11 21:07:48+00:00,walton_lighthouse-2024-01-11-210748Z
-13581440.156948786,4433888.606647576,0.7748016000000001,0.6791979949874687,2024-01-11 21:07:48+00:00,walton_lighthouse-2024-01-11-210748Z
-13581438.303693475,4433888.156834372,0.7748016000000001,0.681704260651629,2024-01-11 21:07:48+00:00,walton_lighthouse-2024-01-11-210748Z
-13581436.438871829,4433887.745620276,0.7748016000000001,0.6842105263157894,2024-01-11 21:07:48+00:00,walton_lighthouse-2024-01-11-210748Z
-13581434.57657053,4433887.325995264,0.7748016000000001,0.6867167919799498,2024-01-11 21:07:48+00:00,walton_lighthouse-2024-01-11-210748Z
-13581432.719140248,4433886.89011466,0.7748016000000001,0.6892230576441103,2024-01-11 21:07:48+00:00,walton_lighthouse-2024-01-11-210748Z
-13581430.85264307,4433886.484492161,0.7748016000000001,0.6917293233082706,2024-01-11 21:07:48+00:00,walton_lighthouse-2024-01-11-210748Z
-13581428.991254926,4433886.06181981,0.7748016000000001,0.694235588972431,2024-01-11 21:07:48+00:00,walton_lighthouse-2024-01-11-210748Z
-13581427.129644116,4433885.639890403,0.7748016000000001,0.6967418546365914,2024-01-11 21:07:48+00:00,walton_lighthouse-2024-01-11-210748Z
-13581425.27431418,4433885.197000602,0.7748016000000001,0.6992481203007519,2024-01-11 21:07:48+00:00,walton_lighthouse-2024-01-11-210748Z
-13581423.42051899,4433884.748989103,0.7748016000000001,0.7017543859649122,2024-01-11 21:07:48+00:00,walton_lighthouse-2024-01-11-210748Z
-13581421.566399476,4433884.302059894,0.7748016000000001,0.7042606516290726,2024-01-11 21:07:48+00:00,walton_lighthouse-2024-01-11-210748Z
-13581419.716560606,4433883.840845309,0.7748016000000001,0.706766917293233,2024-01-11 21:07:48+00:00,walton_lighthouse-2024-01-11-210748Z
-13581417.861839356,4433883.395924166,0.7748016000000001,0.7092731829573935,2024-01-11 21:07:48+00:00,walton_lighthouse-2024-01-11-210748Z
-13581416.01417566,4433882.927450694,0.7748016000000001,0.7117794486215538,2024-01-11 21:07:48+00:00,walton_lighthouse-2024-01-11-210748Z
-13581414.15412467,4433882.500315958,0.7748016000000001,0.7142857142857142,2024-01-11 21:07:48+00:00,walton_lighthouse-2024-01-11-210748Z
-13581412.289861614,4433882.087237652,0.7748016000000001,0.7167919799498746,2024-01-11 21:07:48+00:00,walton_lighthouse-2024-01-11-210748Z
-13581410.430782052,4433881.65686111,0.7748016000000001,0.7192982456140351,2024-01-11 21:07:48+00:00,walton_lighthouse-2024-01-11-210748Z
-13581408.559889195,4433881.265907803,0.7748016000000001,0.7218045112781954,2024-01-11 21:07:48+00:00,walton_lighthouse-2024-01-11-210748Z
-13581406.68788809,4433880.878652933,0.7748016000000001,0.7243107769423558,2024-01-11 21:07:48+00:00,walton_lighthouse-2024-01-11-210748Z
-13581404.81869567,4433880.482024863,0.7748016000000001,0.7268170426065163,2024-01-11 21:07:48+00:00,walton_lighthouse-2024-01-11-210748Z
-13581402.946771575,4433880.094512987,0.7748016000000001,0.7293233082706767,2024-01-11 21:07:48+00:00,walton_lighthouse-2024-01-11-210748Z
-13581401.07557323,4433879.704579235,0.7748016000000001,0.731829573934837,2024-01-11 21:07:48+00:00,walton_lighthouse-2024-01-11-210748Z
-13581399.20099267,4433879.325932454,0.7748016000000001,0.7343358395989974,2024-01-11 21:07:48+00:00,walton_lighthouse-2024-01-11-210748Z
-13581397.328217627,4433878.9412603,0.7748016000000001,0.7368421052631579,2024-01-11 21:07:48+00:00,walton_lighthouse-2024-01-11-210748Z
-13581395.460704016,4433878.539029782,0.7748016000000001,0.7393483709273183,2024-01-11 21:07:48+00:00,walton_lighthouse-2024-01-11-210748Z
-13581393.594798956,4433878.131431278,0.7748016000000001,0.7418546365914787,2024-01-11 21:07:48+00:00,walton_lighthouse-2024-01-11-210748Z
-13581391.72978014,4433877.720875179,0.7748016000000001,0.744360902255639,2024-01-11 21:07:48+00:00,walton_lighthouse-2024-01-11-210748Z
-13581389.864221787,4433877.312119481,0.7748016000000001,0.7468671679197995,2024-01-11 21:07:48+00:00,walton_lighthouse-2024-01-11-210748Z
-13581387.992895138,4433876.922613821,0.7748016000000001,0.7493734335839599,2024-01-11 21:07:48+00:00,walton_lighthouse-2024-01-11-210748Z
-13581386.119728344,4433876.539249126,0.7748016000000001,0.7518796992481203,2024-01-11 21:07:48+00:00,walton_lighthouse-2024-01-11-210748Z
-13581384.246598816,4433876.155760011,0.7748016000000001,0.7543859649122806,2024-01-11 21:07:48+00:00,walton_lighthouse-2024-01-11-210748Z
-13581382.377328891,4433875.759390584,0.7748016000000001,0.7568922305764411,2024-01-11 21:07:48+00:00,walton_lighthouse-2024-01-11-210748Z
-13581380.498895932,4433875.393600058,0.7748016000000001,0.7593984962406015,2024-01-11 21:07:48+00:00,walton_lighthouse-2024-01-11-210748Z
-13581378.62292013,4433875.019609609,0.7748016000000001,0.7619047619047619,2024-01-11 21:07:48+00:00,walton_lighthouse-2024-01-11-210748Z
-13581376.744831352,4433874.6526704375,0.7748016000000001,0.7644110275689222,2024-01-11 21:07:48+00:00,walton_lighthouse-2024-01-11-210748Z
-13581374.864858942,4433874.292017288,0.7748016000000001,0.7669172932330827,2024-01-11 21:07:48+00:00,walton_lighthouse-2024-01-11-210748Z
-13581372.980525907,4433873.945916497,0.7748016000000001,0.7694235588972431,2024-01-11 21:07:48+00:00,walton_lighthouse-2024-01-11-210748Z
-13581371.101269571,4433873.582873735,0.7748016000000001,0.7719298245614035,2024-01-11 21:07:48+00:00,walton_lighthouse-2024-01-11-210748Z
-13581369.21601413,4433873.239851126,0.7748016000000001,0.7744360902255638,2024-01-11 21:07:48+00:00,walton_lighthouse-2024-01-11-210748Z
-13581367.333900694,4433872.886343012,0.7748016000000001,0.7769423558897243,2024-01-11 21:07:48+00:00,walton_lighthouse-2024-01-11-210748Z
-13581365.446799984,4433872.54947851,0.7748016000000001,0.7794486215538847,2024-01-11 21:07:48+00:00,walton_lighthouse-2024-01-11-210748Z
-13581363.562072909,4433872.204692664,0.7748016000000001,0.7819548872180451,2024-01-11 21:07:48+00:00,walton_lighthouse-2024-01-11-210748Z
-13581361.677024044,4433871.860980624,0.7748016000000001,0.7844611528822054,2024-01-11 21:07:48+00:00,walton_lighthouse-2024-01-11-210748Z
-13581359.79555528,4433871.505321189,0.7748016000000001,0.7869674185463659,2024-01-11 21:07:48+00:00,walton_lighthouse-2024-01-11-210748Z
-13581357.916902844,4433871.140263113,0.7748016000000001,0.7894736842105263,2024-01-11 21:07:48+00:00,walton_lighthouse-2024-01-11-210748Z
-13581356.035278164,4433870.78512397,0.7748016000000001,0.7919799498746867,2024-01-11 21:07:48+00:00,walton_lighthouse-2024-01-11-210748Z
-13581354.157785118,4433870.416196699,0.7748016000000001,0.794486215538847,2024-01-11 21:07:48+00:00,walton_lighthouse-2024-01-11-210748Z
-13581352.280526783,4433870.046486213,0.7748016000000001,0.7969924812030075,2024-01-11 21:07:48+00:00,walton_lighthouse-2024-01-11-210748Z
-13581350.40369884,4433869.675339528,0.7748016000000001,0.7994987468671679,2024-01-11 21:07:48+00:00,walton_lighthouse-2024-01-11-210748Z
-13581348.52187092,4433869.320878603,0.7748016000000001,0.8020050125313283,2024-01-11 21:07:48+00:00,walton_lighthouse-2024-01-11-210748Z
-13581346.639150929,4433868.969394658,0.7748016000000001,0.8045112781954886,2024-01-11 21:07:48+00:00,walton_lighthouse-2024-01-11-210748Z
-13581344.780860806,4433868.536383565,0.7748016000000001,0.8070175438596491,2024-01-11 21:07:48+00:00,walton_lighthouse-2024-01-11-210748Z
-13581342.905382864,4433868.160731632,0.7748016000000001,0.8095238095238095,2024-01-11 21:07:48+00:00,walton_lighthouse-2024-01-11-210748Z
-13581341.038162433,4433867.757522753,0.7748016000000001,0.8120300751879699,2024-01-11 21:07:48+00:00,walton_lighthouse-2024-01-11-210748Z
-13581339.172257528,4433867.349923564,0.7748016000000001,0.8145363408521302,2024-01-11 21:07:48+00:00,walton_lighthouse-2024-01-11-210748Z
-13581337.307592047,4433866.938188285,0.7748016000000001,0.8170426065162907,2024-01-11 21:07:48+00:00,walton_lighthouse-2024-01-11-210748Z
-13581335.440861136,4433866.533345809,0.7748016000000001,0.8195488721804511,2024-01-11 21:07:48+00:00,walton_lighthouse-2024-01-11-210748Z
-13581333.57271494,4433866.133226355,0.7748016000000001,0.8220551378446115,2024-01-11 21:07:48+00:00,walton_lighthouse-2024-01-11-210748Z
-13581331.70764817,4433865.722830224,0.7748016000000001,0.8245614035087718,2024-01-11 21:07:48+00:00,walton_lighthouse-2024-01-11-210748Z
-13581329.843992967,4433865.307723409,0.7748016000000001,0.8270676691729323,2024-01-11 21:07:48+00:00,walton_lighthouse-2024-01-11-210748Z
-13581327.982708989,4433864.884703467,0.7748016000000001,0.8295739348370927,2024-01-11 21:07:48+00:00,walton_lighthouse-2024-01-11-210748Z
-13581326.103189336,4433864.522539434,0.7748016000000001,0.8320802005012531,2024-01-11 21:07:48+00:00,walton_lighthouse-2024-01-11-210748Z
-13581324.21862824,4433864.177199615,0.7748016000000001,0.8345864661654134,2024-01-11 21:07:48+00:00,walton_lighthouse-2024-01-11-210748Z
-13581322.315731796,4433863.89304851,0.7748016000000001,0.8370927318295739,2024-01-11 21:07:48+00:00,walton_lighthouse-2024-01-11-210748Z
-13581320.384095632,4433863.704807403,0.7748016000000001,0.8395989974937343,2024-01-11 21:07:48+00:00,walton_lighthouse-2024-01-11-210748Z
-13581318.426040707,4433863.60473082,0.7748016000000001,0.8421052631578947,2024-01-11 21:07:48+00:00,walton_lighthouse-2024-01-11-210748Z
-13581316.456048466,4433863.544491291,0.7748016000000001,0.844611528822055,2024-01-11 21:07:48+00:00,walton_lighthouse-2024-01-11-210748Z
-13581314.50217985,4433863.430444243,0.7748016000000001,0.8471177944862155,2024-01-11 21:07:48+00:00,walton_lighthouse-2024-01-11-210748Z
-13581312.523831747,4433863.398089962,0.7748016000000001,0.849624060150376,2024-01-11 21:07:48+00:00,walton_lighthouse-2024-01-11-210748Z
-13581310.529356487,4433863.419554972,0.7748016000000001,0.8521303258145363,2024-01-11 21:07:48+00:00,walton_lighthouse-2024-01-11-210748Z
-13581308.545594975,4433863.405266248,0.7748016000000001,0.8546365914786966,2024-01-11 21:07:48+00:00,walton_lighthouse-2024-01-11-210748Z
-13581306.537192088,4433863.47321064,0.7748016000000001,0.8571428571428571,2024-01-11 21:07:48+00:00,walton_lighthouse-2024-01-11-210748Z
-13581304.583456377,4433863.358719999,0.7748016000000001,0.8596491228070176,2024-01-11 21:07:48+00:00,walton_lighthouse-2024-01-11-210748Z
-13581302.680047588,4433863.076278617,0.7748016000000001,0.8621553884711779,2024-01-11 21:07:48+00:00,walton_lighthouse-2024-01-11-210748Z
-13581300.766464664,4433862.827790287,0.7748016000000001,0.8646616541353382,2024-01-11 21:07:48+00:00,walton_lighthouse-2024-01-11-210748Z
-13581298.869277831,4433862.524585135,0.7748016000000001,0.8671679197994987,2024-01-11 21:07:48+00:00,walton_lighthouse-2024-01-11-210748Z
-13581296.99691742,4433862.138529321,0.7748016000000001,0.8696741854636592,2024-01-11 21:07:48+00:00,walton_lighthouse-2024-01-11-210748Z
-13581295.12752834,4433861.742557539,0.7748016000000001,0.8721804511278195,2024-01-11 21:07:48+00:00,walton_lighthouse-2024-01-11-210748Z
-13581293.345826743,4433861.053955732,0.7748016000000001,0.8746867167919798,2024-01-11 21:07:48+00:00,walton_lighthouse-2024-01-11-210748Z
-13581291.598105026,4433860.251956452,0.7748016000000001,0.8771929824561403,2024-01-11 21:07:48+00:00,walton_lighthouse-2024-01-11-210748Z
-13581289.845312672,4433859.466878859,0.7748016000000001,0.8796992481203008,2024-01-11 21:07:48+00:00,walton_lighthouse-2024-01-11-210748Z
-13581288.078747189,4433858.727764789,0.7748016000000001,0.8822055137844611,2024-01-11 21:07:48+00:00,walton_lighthouse-2024-01-11-210748Z
-13581286.327338977,4433857.938068046,0.7748016000000001,0.8847117794486214,2024-01-11 21:07:48+00:00,walton_lighthouse-2024-01-11-210748Z
-13581284.588781614,4433857.105485616,0.7748016000000001,0.8872180451127819,2024-01-11 21:07:48+00:00,walton_lighthouse-2024-01-11-210748Z
-13581282.818593264,4433856.378461784,0.7748016000000001,0.8897243107769424,2024-01-11 21:07:48+00:00,walton_lighthouse-2024-01-11-210748Z
-13581280.963181008,4433855.93584663,0.7748016000000001,0.8922305764411027,2024-01-11 21:07:48+00:00,walton_lighthouse-2024-01-11-210748Z
-13581279.013348851,4433855.808329058,0.7748016000000001,0.894736842105263,2024-01-11 21:07:48+00:00,walton_lighthouse-2024-01-11-210748Z
-13581277.081738632,4433855.620001432,0.7748016000000001,0.8972431077694235,2024-01-11 21:07:48+00:00,walton_lighthouse-2024-01-11-210748Z
-13581275.119025571,4433855.535469972,0.7748016000000001,0.899749373433584,2024-01-11 21:07:48+00:00,walton_lighthouse-2024-01-11-210748Z
-13581272.965076432,4433856.089130254,0.7748016000000001,0.9022556390977443,2024-01-11 21:07:48+00:00,walton_lighthouse-2024-01-11-210748Z
-13581270.707592083,4433856.988307718,0.7748016000000001,0.9047619047619047,2024-01-11 21:07:48+00:00,walton_lighthouse-2024-01-11-210748Z
-13581268.515590008,4433857.668958204,0.7748016000000001,0.9072681704260651,2024-01-11 21:07:48+00:00,walton_lighthouse-2024-01-11-210748Z
-13581266.272081148,4433858.5214967625,0.7748016000000001,0.9097744360902256,2024-01-11 21:07:48+00:00,walton_lighthouse-2024-01-11-210748Z
-13581266.272081148,4433858.5214967625,0.7748016000000001,0.9122807017543859,2024-01-11 21:07:48+00:00,walton_lighthouse-2024-01-11-210748Z
-13581266.272081148,4433858.5214967625,0.7748016000000001,0.9147869674185463,2024-01-11 21:07:48+00:00,walton_lighthouse-2024-01-11-210748Z
-13581266.272081148,4433858.5214967625,0.7748016000000001,0.9172932330827067,2024-01-11 21:07:48+00:00,walton_lighthouse-2024-01-11-210748Z
-13581266.272081148,4433858.5214967625,0.7748016000000001,0.9197994987468672,2024-01-11 21:07:48+00:00,walton_lighthouse-2024-01-11-210748Z
-13581266.272081148,4433858.5214967625,0.7748016000000001,0.9223057644110275,2024-01-11 21:07:48+00:00,walton_lighthouse-2024-01-11-210748Z
-13581266.272081148,4433858.5214967625,0.7748016000000001,0.9248120300751879,2024-01-11 21:07:48+00:00,walton_lighthouse-2024-01-11-210748Z
-13581266.272081148,4433858.5214967625,0.7748016000000001,0.9273182957393483,2024-01-11 21:07:48+00:00,walton_lighthouse-2024-01-11-210748Z
-13581266.272081148,4433858.5214967625,0.7748016000000001,0.9298245614035088,2024-01-11 21:07:48+00:00,walton_lighthouse-2024-01-11-210748Z
-13581266.272081148,4433858.5214967625,0.7748016000000001,0.9323308270676691,2024-01-11 21:07:48+00:00,walton_lighthouse-2024-01-11-210748Z
-13581266.272081148,4433858.5214967625,0.7748016000000001,0.9348370927318295,2024-01-11 21:07:48+00:00,walton_lighthouse-2024-01-11-210748Z
-13581266.272081148,4433858.5214967625,0.7748016000000001,0.9373433583959899,2024-01-11 21:07:48+00:00,walton_lighthouse-2024-01-11-210748Z
-13581266.272081148,4433858.5214967625,0.7748016000000001,0.9398496240601504,2024-01-11 21:07:48+00:00,walton_lighthouse-2024-01-11-210748Z
-13581266.272081148,4433858.5214967625,0.7748016000000001,0.9423558897243107,2024-01-11 21:07:48+00:00,walton_lighthouse-2024-01-11-210748Z
-13581266.272081148,4433858.5214967625,0.7748016000000001,0.9448621553884711,2024-01-11 21:07:48+00:00,walton_lighthouse-2024-01-11-210748Z
-13581266.272081148,4433858.5214967625,0.7748016000000001,0.9473684210526315,2024-01-11 21:07:48+00:00,walton_lighthouse-2024-01-11-210748Z
-13581266.272081148,4433858.5214967625,0.7748016000000001,0.949874686716792,2024-01-11 21:07:48+00:00,walton_lighthouse-2024-01-11-210748Z
-13581266.272081148,4433858.5214967625,0.7748016000000001,0.9523809523809523,2024-01-11 21:07:48+00:00,walton_lighthouse-2024-01-11-210748Z
-13581266.272081148,4433858.5214967625,0.7748016000000001,0.9548872180451127,2024-01-11 21:07:48+00:00,walton_lighthouse-2024-01-11-210748Z
-13581266.272081148,4433858.5214967625,0.7748016000000001,0.9573934837092731,2024-01-11 21:07:48+00:00,walton_lighthouse-2024-01-11-210748Z
-13581266.272081148,4433858.5214967625,0.7748016000000001,0.9598997493734336,2024-01-11 21:07:48+00:00,walton_lighthouse-2024-01-11-210748Z
-13581266.272081148,4433858.5214967625,0.7748016000000001,0.9624060150375939,2024-01-11 21:07:48+00:00,walton_lighthouse-2024-01-11-210748Z
-13581266.272081148,4433858.5214967625,0.7748016000000001,0.9649122807017543,2024-01-11 21:07:48+00:00,walton_lighthouse-2024-01-11-210748Z
-13581266.272081148,4433858.5214967625,0.7748016000000001,0.9674185463659147,2024-01-11 21:07:48+00:00,walton_lighthouse-2024-01-11-210748Z
-13581266.272081148,4433858.5214967625,0.7748016000000001,0.9699248120300752,2024-01-11 21:07:48+00:00,walton_lighthouse-2024-01-11-210748Z
-13581266.272081148,4433858.5214967625,0.7748016000000001,0.9724310776942355,2024-01-11 21:07:48+00:00,walton_lighthouse-2024-01-11-210748Z
-13581266.272081148,4433858.5214967625,0.7748016000000001,0.9749373433583959,2024-01-11 21:07:48+00:00,walton_lighthouse-2024-01-11-210748Z
-13581266.272081148,4433858.5214967625,0.7748016000000001,0.9774436090225563,2024-01-11 21:07:48+00:00,walton_lighthouse-2024-01-11-210748Z
-13581266.272081148,4433858.5214967625,0.7748016000000001,0.9799498746867168,2024-01-11 21:07:48+00:00,walton_lighthouse-2024-01-11-210748Z
-13581266.272081148,4433858.5214967625,0.7748016000000001,0.9824561403508771,2024-01-11 21:07:48+00:00,walton_lighthouse-2024-01-11-210748Z
-13581266.272081148,4433858.5214967625,0.7748016000000001,0.9849624060150375,2024-01-11 21:07:48+00:00,walton_lighthouse-2024-01-11-210748Z
-13581266.272081148,4433858.5214967625,0.7748016000000001,0.9874686716791979,2024-01-11 21:07:48+00:00,walton_lighthouse-2024-01-11-210748Z
-13581266.272081148,4433858.5214967625,0.7748016000000001,0.9899749373433584,2024-01-11 21:07:48+00:00,walton_lighthouse-2024-01-11-210748Z
-13581266.272081148,4433858.5214967625,0.7748016000000001,0.9924812030075187,2024-01-11 21:07:48+00:00,walton_lighthouse-2024-01-11-210748Z
-13581266.272081148,4433858.5214967625,0.7748016000000001,0.9949874686716791,2024-01-11 21:07:48+00:00,walton_lighthouse-2024-01-11-210748Z
-13581266.272081148,4433858.5214967625,0.7748016000000001,0.9974937343358395,2024-01-11 21:07:48+00:00,walton_lighthouse-2024-01-11-210748Z
-13581266.272081148,4433858.5214967625,0.7748016000000001,1.0,2024-01-11 21:07:48+00:00,walton_lighthouse-2024-01-11-210748Z
-13581920.05814442,4434085.028889884,0.5798312,0.0,2024-01-11 21:27:48+00:00,walton_lighthouse-2024-01-11-212748Z
-13581918.351619452,4434084.089409074,0.5798312,0.002506265664160401,2024-01-11 21:27:48+00:00,walton_lighthouse-2024-01-11-212748Z
-13581916.685338922,4434083.01562474,0.5798312,0.005012531328320802,2024-01-11 21:27:48+00:00,walton_lighthouse-2024-01-11-212748Z
-13581914.956967557,4434082.149049466,0.5798312,0.007518796992481203,2024-01-11 21:27:48+00:00,walton_lighthouse-2024-01-11-212748Z
-13581913.204747736,4434081.362061211,0.5798312,0.010025062656641603,2024-01-11 21:27:48+00:00,walton_lighthouse-2024-01-11-212748Z
-13581911.457897227,4434080.557154669,0.5798312,0.012531328320802004,2024-01-11 21:27:48+00:00,walton_lighthouse-2024-01-11-212748Z
-13581909.727701666,4434079.69666713,0.5798312,0.015037593984962405,2024-01-11 21:27:48+00:00,walton_lighthouse-2024-01-11-212748Z
-13581907.997731617,4434078.835426973,0.5798312,0.017543859649122806,2024-01-11 21:27:48+00:00,walton_lighthouse-2024-01-11-212748Z
-13581906.268804245,4434077.970707301,0.5798312,0.020050125313283207,2024-01-11 21:27:48+00:00,walton_lighthouse-2024-01-11-212748Z
-13581904.539460268,4434077.10737801,0.5798312,0.022556390977443608,2024-01-11 21:27:48+00:00,walton_lighthouse-2024-01-11-212748Z
-13581902.79990276,4434076.278133221,0.5798312,0.02506265664160401,2024-01-11 21:27:48+00:00,walton_lighthouse-2024-01-11-212748Z
-13581901.059146635,4434075.452888226,0.5798312,0.02756892230576441,2024-01-11 21:27:48+00:00,walton_lighthouse-2024-01-11-212748Z
-13581899.339159038,4434074.558334794,0.5798312,0.03007518796992481,2024-01-11 21:27:48+00:00,walton_lighthouse-2024-01-11-212748Z
-13581897.61997272,4434073.6611074265,0.5798312,0.03258145363408521,2024-01-11 21:27:48+00:00,walton_lighthouse-2024-01-11-212748Z
-13581895.898216557,4434072.77245604,0.5798312,0.03508771929824561,2024-01-11 21:27:48+00:00,walton_lighthouse-2024-01-11-212748Z
-13581894.136956325,4434072.015637352,0.5798312,0.03759398496240601,2024-01-11 21:27:48+00:00,walton_lighthouse-2024-01-11-212748Z
-13581892.371466348,4434071.272934115,0.5798312,0.040100250626566414,2024-01-11 21:27:48+00:00,walton_lighthouse-2024-01-11-212748Z
-13581890.598545128,4434070.555030537,0.5798312,0.042606516290726815,2024-01-11 21:27:48+00:00,walton_lighthouse-2024-01-11-212748Z
-13581888.821953962,4434069.849374186,0.5798312,0.045112781954887216,2024-01-11 21:27:48+00:00,walton_lighthouse-2024-01-11-212748Z
-13581887.052613763,4434069.119519856,0.5798312,0.047619047619047616,2024-01-11 21:27:48+00:00,walton_lighthouse-2024-01-11-212748Z
-13581885.297231974,4434068.343083762,0.5798312,0.05012531328320802,2024-01-11 21:27:48+00:00,walton_lighthouse-2024-01-11-212748Z
-13581883.536513343,4434067.584457709,0.5798312,0.05263157894736842,2024-01-11 21:27:48+00:00,walton_lighthouse-2024-01-11-212748Z
-13581881.7751146,4434066.828101301,0.5798312,0.05513784461152882,2024-01-11 21:27:48+00:00,walton_lighthouse-2024-01-11-212748Z
-13581880.009293253,4434066.0865038885,0.5798312,0.05764411027568922,2024-01-11 21:27:48+00:00,walton_lighthouse-2024-01-11-212748Z
-13581878.243072204,4434065.346240445,0.5798312,0.06015037593984962,2024-01-11 21:27:48+00:00,walton_lighthouse-2024-01-11-212748Z
-13581876.47560772,4434064.610126734,0.5798312,0.06265664160401002,2024-01-11 21:27:48+00:00,walton_lighthouse-2024-01-11-212748Z
-13581874.707380963,4434063.876556669,0.5798312,0.06516290726817042,2024-01-11 21:27:48+00:00,walton_lighthouse-2024-01-11-212748Z
-13581872.972081823,4434063.033100726,0.5798312,0.06766917293233082,2024-01-11 21:27:48+00:00,walton_lighthouse-2024-01-11-212748Z
-13581871.23595054,4434062.192421895,0.5798312,0.07017543859649122,2024-01-11 21:27:48+00:00,walton_lighthouse-2024-01-11-212748Z
-13581869.499108944,4434061.354113619,0.5798312,0.07268170426065163,2024-01-11 21:27:48+00:00,walton_lighthouse-2024-01-11-212748Z
-13581867.747685334,4434060.56446831,0.5798312,0.07518796992481203,2024-01-11 21:27:48+00:00,walton_lighthouse-2024-01-11-212748Z
-13581865.987473171,4434059.804151899,0.5798312,0.07769423558897243,2024-01-11 21:27:48+00:00,walton_lighthouse-2024-01-11-212748Z
-13581864.22838832,4434059.040073672,0.5798312,0.08020050125313283,2024-01-11 21:27:48+00:00,walton_lighthouse-2024-01-11-212748Z
-13581862.470193995,4434058.273023495,0.5798312,0.08270676691729323,2024-01-11 21:27:48+00:00,walton_lighthouse-2024-01-11-212748Z
-13581860.734673629,4434057.430305831,0.5798312,0.08521303258145363,2024-01-11 21:27:48+00:00,walton_lighthouse-2024-01-11-212748Z
-13581859.016776629,4434056.528775715,0.5798312,0.08771929824561403,2024-01-11 21:27:48+00:00,walton_lighthouse-2024-01-11-212748Z
-13581857.290838988,4434055.654078763,0.5798312,0.09022556390977443,2024-01-11 21:27:48+00:00,walton_lighthouse-2024-01-11-212748Z
-13581855.566771602,4434054.773140375,0.5798312,0.09273182957393483,2024-01-11 21:27:48+00:00,walton_lighthouse-2024-01-11-212748Z
-13581853.814334376,4434053.986877548,0.5798312,0.09523809523809523,2024-01-11 21:27:48+00:00,walton_lighthouse-2024-01-11-212748Z
-13581852.076878443,4434053.150619339,0.5798312,0.09774436090225563,2024-01-11 21:27:48+00:00,walton_lighthouse-2024-01-11-212748Z
-13581850.322684688,4434052.370218622,0.5798312,0.10025062656641603,2024-01-11 21:27:48+00:00,walton_lighthouse-2024-01-11-212748Z
-13581848.576270916,4434051.563854404,0.5798312,0.10275689223057644,2024-01-11 21:27:48+00:00,walton_lighthouse-2024-01-11-212748Z
-13581846.851366416,4434050.685709527,0.5798312,0.10526315789473684,2024-01-11 21:27:48+00:00,walton_lighthouse-2024-01-11-212748Z
-13581845.131113471,4434049.792041607,0.5798312,0.10776942355889724,2024-01-11 21:27:48+00:00,walton_lighthouse-2024-01-11-212748Z
-13581843.409331618,4434048.903476043,0.5798312,0.11027568922305764,2024-01-11 21:27:48+00:00,walton_lighthouse-2024-01-11-212748Z
-13581841.665250348,4434048.0893279165,0.5798312,0.11278195488721804,2024-01-11 21:27:48+00:00,walton_lighthouse-2024-01-11-212748Z
-13581839.921543349,4434047.27393058,0.5798312,0.11528822055137844,2024-01-11 21:27:48+00:00,walton_lighthouse-2024-01-11-212748Z
-13581838.179634016,4434046.4525342295,0.5798312,0.11779448621553884,2024-01-11 21:27:48+00:00,walton_lighthouse-2024-01-11-212748Z
-13581836.424395967,4434045.675618471,0.5798312,0.12030075187969924,2024-01-11 21:27:48+00:00,walton_lighthouse-2024-01-11-212748Z
-13581834.701006977,4434044.792416148,0.5798312,0.12280701754385964,2024-01-11 21:27:48+00:00,walton_lighthouse-2024-01-11-212748Z
-13581832.964334646,4434043.953542858,0.5798312,0.12531328320802004,2024-01-11 21:27:48+00:00,walton_lighthouse-2024-01-11-212748Z
-13581831.227416648,4434043.115489404,0.5798312,0.12781954887218044,2024-01-11 21:27:48+00:00,walton_lighthouse-2024-01-11-212748Z
-13581829.474748269,4434042.32999816,0.5798312,0.13032581453634084,2024-01-11 21:27:48+00:00,walton_lighthouse-2024-01-11-212748Z
-13581827.735387914,4434041.500095367,0.5798312,0.13283208020050125,2024-01-11 21:27:48+00:00,walton_lighthouse-2024-01-11-212748Z
-13581825.977750083,4434040.731187978,0.5798312,0.13533834586466165,2024-01-11 21:27:48+00:00,walton_lighthouse-2024-01-11-212748Z
-13581824.22283836,4434039.9531831695,0.5798312,0.13784461152882205,2024-01-11 21:27:48+00:00,walton_lighthouse-2024-01-11-212748Z
-13581822.489058772,4434039.104656315,0.5798312,0.14035087719298245,2024-01-11 21:27:48+00:00,walton_lighthouse-2024-01-11-212748Z
-13581820.763875876,4434038.227440598,0.5798312,0.14285714285714285,2024-01-11 21:27:48+00:00,walton_lighthouse-2024-01-11-212748Z
-13581819.027688738,4434037.386948082,0.5798312,0.14536340852130325,2024-01-11 21:27:48+00:00,walton_lighthouse-2024-01-11-212748Z
-13581817.313560707,4434036.472840138,0.5798312,0.14786967418546365,2024-01-11 21:27:48+00:00,walton_lighthouse-2024-01-11-212748Z
-13581815.558720673,4434035.694596177,0.5798312,0.15037593984962405,2024-01-11 21:27:48+00:00,walton_lighthouse-2024-01-11-212748Z
-13581813.80497442,4434034.912701868,0.5798312,0.15288220551378445,2024-01-11 21:27:48+00:00,walton_lighthouse-2024-01-11-212748Z
-13581812.059775949,4434034.102281931,0.5798312,0.15538847117794485,2024-01-11 21:27:48+00:00,walton_lighthouse-2024-01-11-212748Z
-13581810.317020802,4434033.283708295,0.5798312,0.15789473684210525,2024-01-11 21:27:48+00:00,walton_lighthouse-2024-01-11-212748Z
-13581808.580236992,4434032.445207081,0.5798312,0.16040100250626566,2024-01-11 21:27:48+00:00,walton_lighthouse-2024-01-11-212748Z
-13581806.84948854,4434031.586564671,0.5798312,0.16290726817042606,2024-01-11 21:27:48+00:00,walton_lighthouse-2024-01-11-212748Z
-13581805.11825185,4434030.729551582,0.5798312,0.16541353383458646,2024-01-11 21:27:48+00:00,walton_lighthouse-2024-01-11-212748Z
-13581803.358123764,4434029.968954823,0.5798312,0.16791979949874686,2024-01-11 21:27:48+00:00,walton_lighthouse-2024-01-11-212748Z
-13581801.613567106,4434029.156393107,0.5798312,0.17042606516290726,2024-01-11 21:27:48+00:00,walton_lighthouse-2024-01-11-212748Z
-13581799.8676849,4434028.348254927,0.5798312,0.17293233082706766,2024-01-11 21:27:48+00:00,walton_lighthouse-2024-01-11-212748Z
-13581798.12673658,4434027.523651524,0.5798312,0.17543859649122806,2024-01-11 21:27:48+00:00,walton_lighthouse-2024-01-11-212748Z
-13581796.416417332,4434026.596832962,0.5798312,0.17794486215538846,2024-01-11 21:27:48+00:00,walton_lighthouse-2024-01-11-212748Z
-13581794.696446674,4434025.702223,0.5798312,0.18045112781954886,2024-01-11 21:27:48+00:00,walton_lighthouse-2024-01-11-212748Z
-13581792.962272763,4434024.855011955,0.5798312,0.18295739348370926,2024-01-11 21:27:48+00:00,walton_lighthouse-2024-01-11-212748Z
-13581791.180067372,4434024.168091363,0.5798312,0.18546365914786966,2024-01-11 21:27:48+00:00,walton_lighthouse-2024-01-11-212748Z
-13581789.41806788,4434023.413739898,0.5798312,0.18796992481203006,2024-01-11 21:27:48+00:00,walton_lighthouse-2024-01-11-212748Z
-13581787.659304008,4434022.648590362,0.5798312,0.19047619047619047,2024-01-11 21:27:48+00:00,walton_lighthouse-2024-01-11-212748Z
-13581785.953690857,4434021.706066539,0.5798312,0.19298245614035087,2024-01-11 21:27:48+00:00,walton_lighthouse-2024-01-11-212748Z
-13581784.23626412,4434020.802967005,0.5798312,0.19548872180451127,2024-01-11 21:27:48+00:00,walton_lighthouse-2024-01-11-212748Z
-13581782.535043756,4434019.845783747,0.5798312,0.19799498746867167,2024-01-11 21:27:48+00:00,walton_lighthouse-2024-01-11-212748Z
-13581780.826500474,4434018.913038462,0.5798312,0.20050125313283207,2024-01-11 21:27:48+00:00,walton_lighthouse-2024-01-11-212748Z
-13581779.09908902,4434018.043259746,0.5798312,0.20300751879699247,2024-01-11 21:27:48+00:00,walton_lighthouse-2024-01-11-212748Z
-13581777.387011778,4434017.12230792,0.5798312,0.20551378446115287,2024-01-11 21:27:48+00:00,walton_lighthouse-2024-01-11-212748Z
-13581775.655453624,4434016.26636775,0.5798312,0.20802005012531327,2024-01-11 21:27:48+00:00,walton_lighthouse-2024-01-11-212748Z
-13581773.990060916,4434015.189620582,0.5798312,0.21052631578947367,2024-01-11 21:27:48+00:00,walton_lighthouse-2024-01-11-212748Z
-13581772.296393763,4434014.207230682,0.5798312,0.21303258145363407,2024-01-11 21:27:48+00:00,walton_lighthouse-2024-01-11-212748Z
-13581770.646076854,4434013.0801725965,0.5798312,0.21553884711779447,2024-01-11 21:27:48+00:00,walton_lighthouse-2024-01-11-212748Z
-13581768.97156705,4434012.033851029,0.5798312,0.21804511278195488,2024-01-11 21:27:48+00:00,walton_lighthouse-2024-01-11-212748Z
-13581767.311955675,4434010.937810418,0.5798312,0.22055137844611528,2024-01-11 21:27:48+00:00,walton_lighthouse-2024-01-11-212748Z
-13581765.662800422,4434009.8068756405,0.5798312,0.22305764411027568,2024-01-11 21:27:48+00:00,walton_lighthouse-2024-01-11-212748Z
-13581763.981695613,4434008.782562846,0.5798312,0.22556390977443608,2024-01-11 21:27:48+00:00,walton_lighthouse-2024-01-11-212748Z
-13581762.341467489,4434007.621836603,0.5798312,0.22807017543859648,2024-01-11 21:27:48+00:00,walton_lighthouse-2024-01-11-212748Z
-13581760.673834018,4434006.552567291,0.5798312,0.23057644110275688,2024-01-11 21:27:48+00:00,walton_lighthouse-2024-01-11-212748Z
-13581759.008619357,4434005.475225875,0.5798312,0.23308270676691728,2024-01-11 21:27:48+00:00,walton_lighthouse-2024-01-11-212748Z
-13581757.367061203,4434004.318938245,0.5798312,0.23558897243107768,2024-01-11 21:27:48+00:00,walton_lighthouse-2024-01-11-212748Z
-13581755.746855631,4434003.0913928775,0.5798312,0.23809523809523808,2024-01-11 21:27:48+00:00,walton_lighthouse-2024-01-11-212748Z
-13581754.126970775,4434001.862777055,0.5798312,0.24060150375939848,2024-01-11 21:27:48+00:00,walton_lighthouse-2024-01-11-212748Z
-13581752.464585137,4434000.775994723,0.5798312,0.24310776942355888,2024-01-11 21:27:48+00:00,walton_lighthouse-2024-01-11-212748Z
-13581750.770059949,4433999.79646835,0.5798312,0.24561403508771928,2024-01-11 21:27:48+00:00,walton_lighthouse-2024-01-11-212748Z
-13581749.129061157,4433998.638313957,0.5798312,0.24812030075187969,2024-01-11 21:27:48+00:00,walton_lighthouse-2024-01-11-212748Z
-13581747.499669354,4433997.441424709,0.5798312,0.2506265664160401,2024-01-11 21:27:48+00:00,walton_lighthouse-2024-01-11-212748Z
-13581745.869447948,4433996.24730409,0.5798312,0.2531328320802005,2024-01-11 21:27:48+00:00,walton_lighthouse-2024-01-11-212748Z
-13581744.225573812,4433995.09874538,0.5798312,0.2556390977443609,2024-01-11 21:27:48+00:00,walton_lighthouse-2024-01-11-212748Z
-13581742.601475935,4433993.884189301,0.5798312,0.2581453634085213,2024-01-11 21:27:48+00:00,walton_lighthouse-2024-01-11-212748Z
-13581740.95950609,4433992.729275423,0.5798312,0.2606516290726817,2024-01-11 21:27:48+00:00,walton_lighthouse-2024-01-11-212748Z
-13581739.26980422,4433991.733652642,0.5798312,0.2631578947368421,2024-01-11 21:27:48+00:00,walton_lighthouse-2024-01-11-212748Z
-13581737.598394938,4433990.676984017,0.5798312,0.2656641604010025,2024-01-11 21:27:48+00:00,walton_lighthouse-2024-01-11-212748Z
-13581735.92370851,4433989.631251833,0.5798312,0.2681704260651629,2024-01-11 21:27:48+00:00,walton_lighthouse-2024-01-11-212748Z
-13581734.214326303,4433988.701306032,0.5798312,0.2706766917293233,2024-01-11 21:27:48+00:00,walton_lighthouse-2024-01-11-212748Z
-13581732.526486304,4433987.699469835,0.5798312,0.2731829573934837,2024-01-11 21:27:48+00:00,walton_lighthouse-2024-01-11-212748Z
-13581730.833752325,4433986.7139658565,0.5798312,0.2756892230576441,2024-01-11 21:27:48+00:00,walton_lighthouse-2024-01-11-212748Z
-13581729.113360394,4433985.820761758,0.5798312,0.2781954887218045,2024-01-11 21:27:48+00:00,walton_lighthouse-2024-01-11-212748Z
-13581727.406718517,4433984.881671041,0.5798312,0.2807017543859649,2024-01-11 21:27:48+00:00,walton_lighthouse-2024-01-11-212748Z
-13581725.68652753,4433983.987796305,0.5798312,0.2832080200501253,2024-01-11 21:27:48+00:00,walton_lighthouse-2024-01-11-212748Z
-13581723.962929666,4433983.105291095,0.5798312,0.2857142857142857,2024-01-11 21:27:48+00:00,walton_lighthouse-2024-01-11-212748Z
-13581722.220433127,4433982.285854353,0.5798312,0.2882205513784461,2024-01-11 21:27:48+00:00,walton_lighthouse-2024-01-11-212748Z
-13581720.45367862,4433981.54737111,0.5798312,0.2907268170426065,2024-01-11 21:27:48+00:00,walton_lighthouse-2024-01-11-212748Z
-13581718.68866874,4433980.803065797,0.5798312,0.2932330827067669,2024-01-11 21:27:48+00:00,walton_lighthouse-2024-01-11-212748Z
-13581716.923560305,4433980.059089372,0.5798312,0.2957393483709273,2024-01-11 21:27:48+00:00,walton_lighthouse-2024-01-11-212748Z
-13581715.176254746,4433979.255701274,0.5798312,0.2982456140350877,2024-01-11 21:27:48+00:00,walton_lighthouse-2024-01-11-212748Z
-13581713.409139598,4433978.518421544,0.5798312,0.3007518796992481,2024-01-11 21:27:48+00:00,walton_lighthouse-2024-01-11-212748Z
-13581711.63098863,4433977.81797056,0.5798312,0.3032581453634085,2024-01-11 21:27:48+00:00,walton_lighthouse-2024-01-11-212748Z
-13581709.8442809,4433977.14607524,0.5798312,0.3057644110275689,2024-01-11 21:27:48+00:00,walton_lighthouse-2024-01-11-212748Z
-13581708.08149389,4433976.394351708,0.5798312,0.3082706766917293,2024-01-11 21:27:48+00:00,walton_lighthouse-2024-01-11-212748Z
-13581706.325342009,4433975.620485446,0.5798312,0.3107769423558897,2024-01-11 21:27:48+00:00,walton_lighthouse-2024-01-11-212748Z
-13581704.559875373,4433974.877704431,0.5798312,0.3132832080200501,2024-01-11 21:27:48+00:00,walton_lighthouse-2024-01-11-212748Z
-13581702.77256634,4433974.207815691,0.5798312,0.3157894736842105,2024-01-11 21:27:48+00:00,walton_lighthouse-2024-01-11-212748Z
-13581700.99280289,4433973.512745832,0.5798312,0.3182957393483709,2024-01-11 21:27:48+00:00,walton_lighthouse-2024-01-11-212748Z
-13581699.212864729,4433972.818259022,0.5798312,0.3208020050125313,2024-01-11 21:27:48+00:00,walton_lighthouse-2024-01-11-212748Z
-13581697.464074774,4433972.019824697,0.5798312,0.3233082706766917,2024-01-11 21:27:48+00:00,walton_lighthouse-2024-01-11-212748Z
-13581695.711028444,4433971.235594661,0.5798312,0.3258145363408521,2024-01-11 21:27:48+00:00,walton_lighthouse-2024-01-11-212748Z
-13581693.93365739,4433970.532540888,0.5798312,0.3283208020050125,2024-01-11 21:27:48+00:00,walton_lighthouse-2024-01-11-212748Z
-13581692.14795494,4433969.857290694,0.5798312,0.3308270676691729,2024-01-11 21:27:48+00:00,walton_lighthouse-2024-01-11-212748Z
-13581690.369848097,4433969.156692474,0.5798312,0.3333333333333333,2024-01-11 21:27:48+00:00,walton_lighthouse-2024-01-11-212748Z
-13581688.607482506,4433968.403562619,0.5798312,0.3358395989974937,2024-01-11 21:27:48+00:00,walton_lighthouse-2024-01-11-212748Z
-13581686.824824331,4433967.718152991,0.5798312,0.3383458646616541,2024-01-11 21:27:48+00:00,walton_lighthouse-2024-01-11-212748Z
-13581685.008706637,4433967.144404337,0.5798312,0.3408521303258145,2024-01-11 21:27:48+00:00,walton_lighthouse-2024-01-11-212748Z
-13581683.229552284,4433966.44730193,0.5798312,0.3433583959899749,2024-01-11 21:27:48+00:00,walton_lighthouse-2024-01-11-212748Z
-13581681.424420943,4433965.836889639,0.5798312,0.3458646616541353,2024-01-11 21:27:48+00:00,walton_lighthouse-2024-01-11-212748Z
-13581679.634302976,4433965.176374789,0.5798312,0.3483709273182957,2024-01-11 21:27:48+00:00,walton_lighthouse-2024-01-11-212748Z
-13581677.839910196,4433964.530125872,0.5798312,0.3508771929824561,2024-01-11 21:27:48+00:00,walton_lighthouse-2024-01-11-212748Z
-13581676.040159024,4433963.901759018,0.5798312,0.3533834586466165,2024-01-11 21:27:48+00:00,walton_lighthouse-2024-01-11-212748Z
-13581674.227920284,4433963.315065569,0.5798312,0.3558897243107769,2024-01-11 21:27:48+00:00,walton_lighthouse-2024-01-11-212748Z
-13581672.44717857,4433962.623260299,0.5798312,0.3583959899749373,2024-01-11 21:27:48+00:00,walton_lighthouse-2024-01-11-212748Z
-13581670.64170319,4433962.013996178,0.5798312,0.3609022556390977,2024-01-11 21:27:48+00:00,walton_lighthouse-2024-01-11-212748Z
-13581668.823676595,4433961.446617946,0.5798312,0.3634085213032581,2024-01-11 21:27:48+00:00,walton_lighthouse-2024-01-11-212748Z
-13581667.01231469,4433960.856998299,0.5798312,0.3659147869674185,2024-01-11 21:27:48+00:00,walton_lighthouse-2024-01-11-212748Z
-13581665.226795789,4433960.181135515,0.5798312,0.3684210526315789,2024-01-11 21:27:48+00:00,walton_lighthouse-2024-01-11-212748Z
-13581663.43865576,4433959.514019912,0.5798312,0.37092731829573933,2024-01-11 21:27:48+00:00,walton_lighthouse-2024-01-11-212748Z
-13581661.609236524,4433958.984661139,0.5798312,0.37343358395989973,2024-01-11 21:27:48+00:00,walton_lighthouse-2024-01-11-212748Z
-13581659.809081988,4433958.357640322,0.5798312,0.37593984962406013,2024-01-11 21:27:48+00:00,walton_lighthouse-2024-01-11-212748Z
-13581658.018517235,4433957.698616483,0.5798312,0.37844611528822053,2024-01-11 21:27:48+00:00,walton_lighthouse-2024-01-11-212748Z
-13581656.221144756,4433957.062311436,0.5798312,0.38095238095238093,2024-01-11 21:27:48+00:00,walton_lighthouse-2024-01-11-212748Z
-13581654.416004283,4433956.451929682,0.5798312,0.38345864661654133,2024-01-11 21:27:48+00:00,walton_lighthouse-2024-01-11-212748Z
-13581652.605396155,4433955.859794533,0.5798312,0.38596491228070173,2024-01-11 21:27:48+00:00,walton_lighthouse-2024-01-11-212748Z
-13581650.830751782,4433955.147641295,0.5798312,0.38847117794486213,2024-01-11 21:27:48+00:00,walton_lighthouse-2024-01-11-212748Z
-13581649.058163792,4433954.428625637,0.5798312,0.39097744360902253,2024-01-11 21:27:48+00:00,walton_lighthouse-2024-01-11-212748Z
-13581647.268735647,4433953.765808806,0.5798312,0.39348370927318294,2024-01-11 21:27:48+00:00,walton_lighthouse-2024-01-11-212748Z
-13581645.475652073,4433953.11519072,0.5798312,0.39598997493734334,2024-01-11 21:27:48+00:00,walton_lighthouse-2024-01-11-212748Z
-13581643.704793192,4433952.390404625,0.5798312,0.39849624060150374,2024-01-11 21:27:48+00:00,walton_lighthouse-2024-01-11-212748Z
-13581641.91637048,4433951.724232489,0.5798312,0.40100250626566414,2024-01-11 21:27:48+00:00,walton_lighthouse-2024-01-11-212748Z
-13581640.120421456,4433951.083177076,0.5798312,0.40350877192982454,2024-01-11 21:27:48+00:00,walton_lighthouse-2024-01-11-212748Z
-13581638.312094117,4433950.48343046,0.5798312,0.40601503759398494,2024-01-11 21:27:48+00:00,walton_lighthouse-2024-01-11-212748Z
-13581636.522998994,4433949.819502202,0.5798312,0.40852130325814534,2024-01-11 21:27:48+00:00,walton_lighthouse-2024-01-11-212748Z
-13581634.720615365,4433949.199920364,0.5798312,0.41102756892230574,2024-01-11 21:27:48+00:00,walton_lighthouse-2024-01-11-212748Z
-13581632.898174094,4433948.647274702,0.5798312,0.41353383458646614,2024-01-11 21:27:48+00:00,walton_lighthouse-2024-01-11-212748Z
-13581631.081041364,4433948.076913356,0.5798312,0.41604010025062654,2024-01-11 21:27:48+00:00,walton_lighthouse-2024-01-11-212748Z
-13581629.265641896,4433947.500767868,0.5798312,0.41854636591478694,2024-01-11 21:27:48+00:00,walton_lighthouse-2024-01-11-212748Z
-13581627.449767888,4433946.926206007,0.5798312,0.42105263157894735,2024-01-11 21:27:48+00:00,walton_lighthouse-2024-01-11-212748Z
-13581625.622664504,4433946.389118727,0.5798312,0.42355889724310775,2024-01-11 21:27:48+00:00,walton_lighthouse-2024-01-11-212748Z
-13581623.80045456,4433945.835701016,0.5798312,0.42606516290726815,2024-01-11 21:27:48+00:00,walton_lighthouse-2024-01-11-212748Z
-13581621.97963097,4433945.277656853,0.5798312,0.42857142857142855,2024-01-11 21:27:48+00:00,walton_lighthouse-2024-01-11-212748Z
-13581620.14417654,4433944.768438713,0.5798312,0.43107769423558895,2024-01-11 21:27:48+00:00,walton_lighthouse-2024-01-11-212748Z
-13581618.315751912,4433944.235760647,0.5798312,0.43358395989974935,2024-01-11 21:27:48+00:00,walton_lighthouse-2024-01-11-212748Z
-13581616.496775014,4433943.671553645,0.5798312,0.43609022556390975,2024-01-11 21:27:48+00:00,walton_lighthouse-2024-01-11-212748Z
-13581614.661803648,4433943.160723346,0.5798312,0.43859649122807015,2024-01-11 21:27:48+00:00,walton_lighthouse-2024-01-11-212748Z
-13581612.828560377,4433942.64412612,0.5798312,0.44110275689223055,2024-01-11 21:27:48+00:00,walton_lighthouse-2024-01-11-212748Z
-13581611.00679171,4433942.089235877,0.5798312,0.44360902255639095,2024-01-11 21:27:48+00:00,walton_lighthouse-2024-01-11-212748Z
-13581609.17043806,4433941.583018434,0.5798312,0.44611528822055135,2024-01-11 21:27:48+00:00,walton_lighthouse-2024-01-11-212748Z
-13581607.347062267,4433941.033491454,0.5798312,0.44862155388471175,2024-01-11 21:27:48+00:00,walton_lighthouse-2024-01-11-212748Z
-13581605.55296398,4433940.386259816,0.5798312,0.45112781954887216,2024-01-11 21:27:48+00:00,walton_lighthouse-2024-01-11-212748Z
-13581603.73453932,4433939.820209962,0.5798312,0.45363408521303256,2024-01-11 21:27:48+00:00,walton_lighthouse-2024-01-11-212748Z
-13581601.905177567,4433939.290659256,0.5798312,0.45614035087719296,2024-01-11 21:27:48+00:00,walton_lighthouse-2024-01-11-212748Z
-13581600.093326831,4433938.702670894,0.5798312,0.45864661654135336,2024-01-11 21:27:48+00:00,walton_lighthouse-2024-01-11-212748Z
-13581598.283985334,4433938.106308814,0.5798312,0.46115288220551376,2024-01-11 21:27:48+00:00,walton_lighthouse-2024-01-11-212748Z
-13581596.456024457,4433937.572083158,0.5798312,0.46365914786967416,2024-01-11 21:27:48+00:00,walton_lighthouse-2024-01-11-212748Z
-13581594.632283822,4433937.023773667,0.5798312,0.46616541353383456,2024-01-11 21:27:48+00:00,walton_lighthouse-2024-01-11-212748Z
-13581592.809622254,4433936.471863269,0.5798312,0.46867167919799496,2024-01-11 21:27:48+00:00,walton_lighthouse-2024-01-11-212748Z
-13581590.98975669,4433935.910621944,0.5798312,0.47117794486215536,2024-01-11 21:27:48+00:00,walton_lighthouse-2024-01-11-212748Z
-13581589.177962253,4433935.322445681,0.5798312,0.47368421052631576,2024-01-11 21:27:48+00:00,walton_lighthouse-2024-01-11-212748Z
-13581587.375037732,4433934.704668831,0.5798312,0.47619047619047616,2024-01-11 21:27:48+00:00,walton_lighthouse-2024-01-11-212748Z
-13581585.552232193,4433934.153238882,0.5798312,0.47869674185463656,2024-01-11 21:27:48+00:00,walton_lighthouse-2024-01-11-212748Z
-13581583.734171543,4433933.585974259,0.5798312,0.48120300751879697,2024-01-11 21:27:48+00:00,walton_lighthouse-2024-01-11-212748Z
-13581581.9112305,4433933.034996352,0.5798312,0.48370927318295737,2024-01-11 21:27:48+00:00,walton_lighthouse-2024-01-11-212748Z
-13581580.087426862,4433932.486897175,0.5798312,0.48621553884711777,2024-01-11 21:27:48+00:00,walton_lighthouse-2024-01-11-212748Z
-13581578.263814334,4433931.938160285,0.5798312,0.48872180451127817,2024-01-11 21:27:48+00:00,walton_lighthouse-2024-01-11-212748Z
-13581576.432611538,4433931.414753537,0.5798312,0.49122807017543857,2024-01-11 21:27:48+00:00,walton_lighthouse-2024-01-11-212748Z
-13581574.595604995,4433930.910714983,0.5798312,0.49373433583959897,2024-01-11 21:27:48+00:00,walton_lighthouse-2024-01-11-212748Z
-13581572.77444042,4433930.353808714,0.5798312,0.49624060150375937,2024-01-11 21:27:48+00:00,walton_lighthouse-2024-01-11-212748Z
-13581570.941701503,4433929.835528356,0.5798312,0.49874686716791977,2024-01-11 21:27:48+00:00,walton_lighthouse-2024-01-11-212748Z
-13581569.11888243,4433929.284143497,0.5798312,0.5012531328320802,2024-01-11 21:27:48+00:00,walton_lighthouse-2024-01-11-212748Z
-13581567.304835906,4433928.703482881,0.5798312,0.5037593984962405,2024-01-11 21:27:48+00:00,walton_lighthouse-2024-01-11-212748Z
-13581565.48469044,4433928.143175708,0.5798312,0.506265664160401,2024-01-11 21:27:48+00:00,walton_lighthouse-2024-01-11-212748Z
-13581563.672264231,4433927.557107864,0.5798312,0.5087719298245614,2024-01-11 21:27:48+00:00,walton_lighthouse-2024-01-11-212748Z
-13581561.867393743,4433926.945825106,0.5798312,0.5112781954887218,2024-01-11 21:27:48+00:00,walton_lighthouse-2024-01-11-212748Z
-13581560.052300137,4433926.368658807,0.5798312,0.5137844611528821,2024-01-11 21:27:48+00:00,walton_lighthouse-2024-01-11-212748Z
-13581558.243736466,4433925.769700905,0.5798312,0.5162907268170426,2024-01-11 21:27:48+00:00,walton_lighthouse-2024-01-11-212748Z
-13581556.430574942,4433925.186087019,0.5798312,0.518796992481203,2024-01-11 21:27:48+00:00,walton_lighthouse-2024-01-11-212748Z
-13581554.61130297,4433924.62286476,0.5798312,0.5213032581453634,2024-01-11 21:27:48+00:00,walton_lighthouse-2024-01-11-212748Z
-13581552.80209943,4433924.026042176,0.5798312,0.5238095238095237,2024-01-11 21:27:48+00:00,walton_lighthouse-2024-01-11-212748Z
-13581550.977147402,4433923.481775396,0.5798312,0.5263157894736842,2024-01-11 21:27:48+00:00,walton_lighthouse-2024-01-11-212748Z
-13581549.151373813,4433922.940250398,0.5798312,0.5288220551378446,2024-01-11 21:27:48+00:00,walton_lighthouse-2024-01-11-212748Z
-13581547.312960746,4433922.440905747,0.5798312,0.531328320802005,2024-01-11 21:27:48+00:00,walton_lighthouse-2024-01-11-212748Z
-13581545.46881405,4433921.9606952,0.5798312,0.5338345864661653,2024-01-11 21:27:48+00:00,walton_lighthouse-2024-01-11-212748Z
-13581543.635958605,4433921.44280373,0.5798312,0.5363408521303258,2024-01-11 21:27:48+00:00,walton_lighthouse-2024-01-11-212748Z
-13581541.802589128,4433920.926627609,0.5798312,0.5388471177944862,2024-01-11 21:27:48+00:00,walton_lighthouse-2024-01-11-212748Z
-13581539.968582414,4433920.412578016,0.5798312,0.5413533834586466,2024-01-11 21:27:48+00:00,walton_lighthouse-2024-01-11-212748Z
-13581538.127277732,4433919.922883254,0.5798312,0.5438596491228069,2024-01-11 21:27:48+00:00,walton_lighthouse-2024-01-11-212748Z
-13581536.277967224,4433919.459905468,0.5798312,0.5463659147869674,2024-01-11 21:27:48+00:00,walton_lighthouse-2024-01-11-212748Z
-13581534.435952432,4433918.972580451,0.5798312,0.5488721804511278,2024-01-11 21:27:48+00:00,walton_lighthouse-2024-01-11-212748Z
-13581532.593369955,4433918.487149837,0.5798312,0.5513784461152882,2024-01-11 21:27:48+00:00,walton_lighthouse-2024-01-11-212748Z
-13581530.754811356,4433917.988290834,0.5798312,0.5538847117794485,2024-01-11 21:27:48+00:00,walton_lighthouse-2024-01-11-212748Z
-13581528.911806492,4433917.504269971,0.5798312,0.556390977443609,2024-01-11 21:27:48+00:00,walton_lighthouse-2024-01-11-212748Z
-13581527.078527397,4433916.9877922,0.5798312,0.5588972431077694,2024-01-11 21:27:48+00:00,walton_lighthouse-2024-01-11-212748Z
-13581525.236031989,4433916.502071031,0.5798312,0.5614035087719298,2024-01-11 21:27:48+00:00,walton_lighthouse-2024-01-11-212748Z
-13581523.387197338,4433916.037505187,0.5798312,0.5639097744360901,2024-01-11 21:27:48+00:00,walton_lighthouse-2024-01-11-212748Z
-13581521.53290326,4433915.591158582,0.5798312,0.5664160401002506,2024-01-11 21:27:48+00:00,walton_lighthouse-2024-01-11-212748Z
-13581519.6929871,4433915.096830052,0.5798312,0.568922305764411,2024-01-11 21:27:48+00:00,walton_lighthouse-2024-01-11-212748Z
-13581517.845717564,4433914.627041036,0.5798312,0.5714285714285714,2024-01-11 21:27:48+00:00,walton_lighthouse-2024-01-11-212748Z
-13581515.998682294,4433914.156470323,0.5798312,0.5739348370927317,2024-01-11 21:27:48+00:00,walton_lighthouse-2024-01-11-212748Z
-13581514.151593696,4433913.686077636,0.5798312,0.5764411027568922,2024-01-11 21:27:48+00:00,walton_lighthouse-2024-01-11-212748Z
-13581512.298930274,4433913.234289159,0.5798312,0.5789473684210527,2024-01-11 21:27:48+00:00,walton_lighthouse-2024-01-11-212748Z
-13581510.458653923,4433912.741162596,0.5798312,0.581453634085213,2024-01-11 21:27:48+00:00,walton_lighthouse-2024-01-11-212748Z
-13581508.604770448,4433912.293445629,0.5798312,0.5839598997493733,2024-01-11 21:27:48+00:00,walton_lighthouse-2024-01-11-212748Z
-13581506.759634571,4433911.816536329,0.5798312,0.5864661654135338,2024-01-11 21:27:48+00:00,walton_lighthouse-2024-01-11-212748Z
-13581504.9090584,4433911.357782287,0.5798312,0.5889724310776943,2024-01-11 21:27:48+00:00,walton_lighthouse-2024-01-11-212748Z
-13581503.055797407,4433910.907987969,0.5798312,0.5914786967418546,2024-01-11 21:27:48+00:00,walton_lighthouse-2024-01-11-212748Z
-13581501.209757095,4433910.434096911,0.5798312,0.593984962406015,2024-01-11 21:27:48+00:00,walton_lighthouse-2024-01-11-212748Z
-13581499.357081551,4433909.982348911,0.5798312,0.5964912280701754,2024-01-11 21:27:48+00:00,walton_lighthouse-2024-01-11-212748Z
-13581497.506809829,4433909.522578878,0.5798312,0.5989974937343359,2024-01-11 21:27:48+00:00,walton_lighthouse-2024-01-11-212748Z
-13581495.65729142,4433909.060294814,0.5798312,0.6015037593984962,2024-01-11 21:27:48+00:00,walton_lighthouse-2024-01-11-212748Z
-13581493.80653896,4433908.602129088,0.5798312,0.6040100250626566,2024-01-11 21:27:48+00:00,walton_lighthouse-2024-01-11-212748Z
-13581491.948080782,4433908.169678928,0.5798312,0.606516290726817,2024-01-11 21:27:48+00:00,walton_lighthouse-2024-01-11-212748Z
-13581490.089621313,4433907.73723294,0.5798312,0.6090225563909775,2024-01-11 21:27:48+00:00,walton_lighthouse-2024-01-11-212748Z
-13581488.23004276,4433907.308521537,0.5798312,0.6115288220551378,2024-01-11 21:27:48+00:00,walton_lighthouse-2024-01-11-212748Z
-13581486.369096655,4433906.884374027,0.5798312,0.6140350877192982,2024-01-11 21:27:48+00:00,walton_lighthouse-2024-01-11-212748Z
-13581484.50994688,4433906.454231785,0.5798312,0.6165413533834586,2024-01-11 21:27:48+00:00,walton_lighthouse-2024-01-11-212748Z
-13581482.64911008,4433906.02971942,0.5798312,0.6190476190476191,2024-01-11 21:27:48+00:00,walton_lighthouse-2024-01-11-212748Z
-13581480.792135395,4433905.592318419,0.5798312,0.6215538847117794,2024-01-11 21:27:48+00:00,walton_lighthouse-2024-01-11-212748Z
-13581478.937898768,4433905.145780095,0.5798312,0.6240601503759398,2024-01-11 21:27:48+00:00,walton_lighthouse-2024-01-11-212748Z
-13581477.084755886,4433904.695591667,0.5798312,0.6265664160401002,2024-01-11 21:27:48+00:00,walton_lighthouse-2024-01-11-212748Z
-13581475.230363324,4433904.249573606,0.5798312,0.6290726817042607,2024-01-11 21:27:48+00:00,walton_lighthouse-2024-01-11-212748Z
-13581473.38116649,4433903.786216485,0.5798312,0.631578947368421,2024-01-11 21:27:48+00:00,walton_lighthouse-2024-01-11-212748Z
-13581471.526248757,4433903.341951102,0.5798312,0.6340852130325814,2024-01-11 21:27:48+00:00,walton_lighthouse-2024-01-11-212748Z
-13581469.67464473,4433902.886627222,0.5798312,0.6365914786967418,2024-01-11 21:27:48+00:00,walton_lighthouse-2024-01-11-212748Z
-13581467.823922029,4433902.428362114,0.5798312,0.6390977443609023,2024-01-11 21:27:48+00:00,walton_lighthouse-2024-01-11-212748Z
-13581465.97271498,4433901.971713433,0.5798312,0.6416040100250626,2024-01-11 21:27:48+00:00,walton_lighthouse-2024-01-11-212748Z
-13581464.130089335,4433901.486427045,0.5798312,0.644110275689223,2024-01-11 21:27:48+00:00,walton_lighthouse-2024-01-11-212748Z
-13581462.287170883,4433901.0021176655,0.5798312,0.6466165413533834,2024-01-11 21:27:48+00:00,walton_lighthouse-2024-01-11-212748Z
-13581460.440295368,4433900.531013764,0.5798312,0.6491228070175439,2024-01-11 21:27:48+00:00,walton_lighthouse-2024-01-11-212748Z
-13581458.605063872,4433900.021051561,0.5798312,0.6516290726817042,2024-01-11 21:27:48+00:00,walton_lighthouse-2024-01-11-212748Z
-13581456.754370527,4433899.5626886245,0.5798312,0.6541353383458646,2024-01-11 21:27:48+00:00,walton_lighthouse-2024-01-11-212748Z
-13581454.898226105,4433899.122516952,0.5798312,0.656641604010025,2024-01-11 21:27:48+00:00,walton_lighthouse-2024-01-11-212748Z
-13581453.041482868,4433898.684343508,0.5798312,0.6591478696741855,2024-01-11 21:27:48+00:00,walton_lighthouse-2024-01-11-212748Z
-13581451.18392129,4433898.248901121,0.5798312,0.6616541353383458,2024-01-11 21:27:48+00:00,walton_lighthouse-2024-01-11-212748Z
-13581449.316786908,4433897.845405107,0.5798312,0.6641604010025062,2024-01-11 21:27:48+00:00,walton_lighthouse-2024-01-11-212748Z
-13581447.462294033,4433897.399721872,0.5798312,0.6666666666666666,2024-01-11 21:27:48+00:00,walton_lighthouse-2024-01-11-212748Z
-13581445.601603009,4433896.974723035,0.5798312,0.6691729323308271,2024-01-11 21:27:48+00:00,walton_lighthouse-2024-01-11-212748Z
-13581443.738595666,4433896.557454174,0.5798312,0.6716791979949874,2024-01-11 21:27:48+00:00,walton_lighthouse-2024-01-11-212748Z
-13581441.886544006,4433896.103624196,0.5798312,0.6741854636591478,2024-01-11 21:27:48+00:00,walton_lighthouse-2024-01-11-212748Z
-13581440.02688726,4433895.675173797,0.5798312,0.6766917293233082,2024-01-11 21:27:48+00:00,walton_lighthouse-2024-01-11-212748Z
-13581438.168105114,4433895.243804623,0.5798312,0.6791979949874687,2024-01-11 21:27:48+00:00,walton_lighthouse-2024-01-11-212748Z
-13581436.304572403,4433894.828289104,0.5798312,0.681704260651629,2024-01-11 21:27:48+00:00,walton_lighthouse-2024-01-11-212748Z
-13581434.450799806,4433894.380202179,0.5798312,0.6842105263157894,2024-01-11 21:27:48+00:00,walton_lighthouse-2024-01-11-212748Z
-13581432.596683726,4433893.933261504,0.5798312,0.6867167919799498,2024-01-11 21:27:48+00:00,walton_lighthouse-2024-01-11-212748Z
-13581430.738895789,4433893.498574464,0.5798312,0.6892230576441103,2024-01-11 21:27:48+00:00,walton_lighthouse-2024-01-11-212748Z
-13581428.880975692,4433893.064328593,0.5798312,0.6917293233082706,2024-01-11 21:27:48+00:00,walton_lighthouse-2024-01-11-212748Z
-13581427.023813624,4433892.627553002,0.5798312,0.694235588972431,2024-01-11 21:27:48+00:00,walton_lighthouse-2024-01-11-212748Z
-13581425.169403233,4433892.181594393,0.5798312,0.6967418546365914,2024-01-11 21:27:48+00:00,walton_lighthouse-2024-01-11-212748Z
-13581423.30759749,4433891.760315614,0.5798312,0.6992481203007519,2024-01-11 21:27:48+00:00,walton_lighthouse-2024-01-11-212748Z
-13581421.44909298,4433891.328020045,0.5798312,0.7017543859649122,2024-01-11 21:27:48+00:00,walton_lighthouse-2024-01-11-212748Z
-13581419.589278316,4433890.900096645,0.5798312,0.7042606516290726,2024-01-11 21:27:48+00:00,walton_lighthouse-2024-01-11-212748Z
-13581417.740192072,4433890.436370402,0.5798312,0.706766917293233,2024-01-11 21:27:48+00:00,walton_lighthouse-2024-01-11-212748Z
-13581415.89427219,4433889.96207738,0.5798312,0.7092731829573935,2024-01-11 21:27:48+00:00,walton_lighthouse-2024-01-11-212748Z
-13581414.04831171,4433889.487919949,0.5798312,0.7117794486215538,2024-01-11 21:27:48+00:00,walton_lighthouse-2024-01-11-212748Z
-13581412.202263458,4433889.0140553685,0.5798312,0.7142857142857142,2024-01-11 21:27:48+00:00,walton_lighthouse-2024-01-11-212748Z
-13581410.345600491,4433888.575614078,0.5798312,0.7167919799498746,2024-01-11 21:27:48+00:00,walton_lighthouse-2024-01-11-212748Z
-13581408.48640939,4433888.145609772,0.5798312,0.7192982456140351,2024-01-11 21:27:48+00:00,walton_lighthouse-2024-01-11-212748Z
-13581406.620090244,4433887.739393112,0.5798312,0.7218045112781954,2024-01-11 21:27:48+00:00,walton_lighthouse-2024-01-11-212748Z
-13581404.74958847,4433887.347134675,0.5798312,0.7243107769423558,2024-01-11 21:27:48+00:00,walton_lighthouse-2024-01-11-212748Z
-13581402.880948491,4433886.948662997,0.5798312,0.7268170426065163,2024-01-11 21:27:48+00:00,walton_lighthouse-2024-01-11-212748Z
-13581401.013499524,4433886.546216757,0.5798312,0.7293233082706767,2024-01-11 21:27:48+00:00,walton_lighthouse-2024-01-11-212748Z
-13581399.150852982,4433886.127743987,0.5798312,0.731829573934837,2024-01-11 21:27:48+00:00,walton_lighthouse-2024-01-11-212748Z
-13581397.287766628,4433885.71073881,0.5798312,0.7343358395989974,2024-01-11 21:27:48+00:00,walton_lighthouse-2024-01-11-212748Z
-13581395.424964448,4433885.292785276,0.5798312,0.7368421052631579,2024-01-11 21:27:48+00:00,walton_lighthouse-2024-01-11-212748Z
-13581393.56104222,4433884.878569608,0.5798312,0.7393483709273183,2024-01-11 21:27:48+00:00,walton_lighthouse-2024-01-11-212748Z
-13581391.692752557,4433884.478929,0.5798312,0.7418546365914787,2024-01-11 21:27:48+00:00,walton_lighthouse-2024-01-11-212748Z
-13581389.823169611,4433884.083604279,0.5798312,0.744360902255639,2024-01-11 21:27:48+00:00,walton_lighthouse-2024-01-11-212748Z
-13581387.958854277,4433883.670700391,0.5798312,0.7468671679197995,2024-01-11 21:27:48+00:00,walton_lighthouse-2024-01-11-212748Z
-13581386.09062528,4433883.270857254,0.5798312,0.7493734335839599,2024-01-11 21:27:48+00:00,walton_lighthouse-2024-01-11-212748Z
-13581384.222397435,4433882.871010335,0.5798312,0.7518796992481203,2024-01-11 21:27:48+00:00,walton_lighthouse-2024-01-11-212748Z
-13581382.36482493,4433882.435604424,0.5798312,0.7543859649122806,2024-01-11 21:27:48+00:00,walton_lighthouse-2024-01-11-212748Z
-13581380.516553406,4433881.96915926,0.5798312,0.7568922305764411,2024-01-11 21:27:48+00:00,walton_lighthouse-2024-01-11-212748Z
-13581378.65733288,4433881.539253119,0.5798312,0.7593984962406015,2024-01-11 21:27:48+00:00,walton_lighthouse-2024-01-11-212748Z
-13581376.796823915,4433881.113646836,0.5798312,0.7619047619047619,2024-01-11 21:27:48+00:00,walton_lighthouse-2024-01-11-212748Z
-13581374.94068579,4433880.673454073,0.5798312,0.7644110275689222,2024-01-11 21:27:48+00:00,walton_lighthouse-2024-01-11-212748Z
-13581373.085016632,4433880.231696254,0.5798312,0.7669172932330827,2024-01-11 21:27:48+00:00,walton_lighthouse-2024-01-11-212748Z
-13581371.219901796,4433879.821460625,0.5798312,0.7694235588972431,2024-01-11 21:27:48+00:00,walton_lighthouse-2024-01-11-212748Z
-13581369.351204552,4433879.423180123,0.5798312,0.7719298245614035,2024-01-11 21:27:48+00:00,walton_lighthouse-2024-01-11-212748Z
-13581367.483078295,4433879.022994093,0.5798312,0.7744360902255638,2024-01-11 21:27:48+00:00,walton_lighthouse-2024-01-11-212748Z
-13581365.615280371,4433878.621712335,0.5798312,0.7769423558897243,2024-01-11 21:27:48+00:00,walton_lighthouse-2024-01-11-212748Z
-13581363.743781202,4433878.23278247,0.5798312,0.7794486215538847,2024-01-11 21:27:48+00:00,walton_lighthouse-2024-01-11-212748Z
-13581361.871482924,4433877.846519311,0.5798312,0.7819548872180451,2024-01-11 21:27:48+00:00,walton_lighthouse-2024-01-11-212748Z
-13581360.000409136,4433877.456169725,0.5798312,0.7844611528822054,2024-01-11 21:27:48+00:00,walton_lighthouse-2024-01-11-212748Z
-13581358.130526025,4433877.061846733,0.5798312,0.7869674185463659,2024-01-11 21:27:48+00:00,walton_lighthouse-2024-01-11-212748Z
-13581356.261291549,4433876.665359102,0.5798312,0.7894736842105263,2024-01-11 21:27:48+00:00,walton_lighthouse-2024-01-11-212748Z
-13581354.3885081,4433876.280715055,0.5798312,0.7919799498746867,2024-01-11 21:27:48+00:00,walton_lighthouse-2024-01-11-212748Z
-13581352.506982604,4433875.925244843,0.5798312,0.794486215538847,2024-01-11 21:27:48+00:00,walton_lighthouse-2024-01-11-212748Z
-13581350.626340732,4433875.566825876,0.5798312,0.7969924812030075,2024-01-11 21:27:48+00:00,walton_lighthouse-2024-01-11-212748Z
-13581348.737538828,4433875.235638632,0.5798312,0.7994987468671679,2024-01-11 21:27:48+00:00,walton_lighthouse-2024-01-11-212748Z
-13581346.86029652,4433874.865874614,0.5798312,0.8020050125313283,2024-01-11 21:27:48+00:00,walton_lighthouse-2024-01-11-212748Z
-13581344.981503109,4433874.501286915,0.5798312,0.8045112781954886,2024-01-11 21:27:48+00:00,walton_lighthouse-2024-01-11-212748Z
-13581343.106774326,4433874.123134817,0.5798312,0.8070175438596491,2024-01-11 21:27:48+00:00,walton_lighthouse-2024-01-11-212748Z
-13581341.226865271,4433873.762270373,0.5798312,0.8095238095238095,2024-01-11 21:27:48+00:00,walton_lighthouse-2024-01-11-212748Z
-13581339.352135267,4433873.3841224,0.5798312,0.8120300751879699,2024-01-11 21:27:48+00:00,walton_lighthouse-2024-01-11-212748Z
-13581337.474532831,4433873.015560121,0.5798312,0.8145363408521302,2024-01-11 21:27:48+00:00,walton_lighthouse-2024-01-11-212748Z
-13581335.592639817,4433872.661316477,0.5798312,0.8170426065162907,2024-01-11 21:27:48+00:00,walton_lighthouse-2024-01-11-212748Z
-13581333.715311736,4433872.291838808,0.5798312,0.8195488721804511,2024-01-11 21:27:48+00:00,walton_lighthouse-2024-01-11-212748Z
-13581331.83698766,4433871.925684914,0.5798312,0.8220551378446115,2024-01-11 21:27:48+00:00,walton_lighthouse-2024-01-11-212748Z
-13581329.94024378,4433871.621001442,0.5798312,0.8245614035087718,2024-01-11 21:27:48+00:00,walton_lighthouse-2024-01-11-212748Z
-13581328.040148357,4433871.327502707,0.5798312,0.8270676691729323,2024-01-11 21:27:48+00:00,walton_lighthouse-2024-01-11-212748Z
-13581326.131435528,4433871.062762041,0.5798312,0.8295739348370927,2024-01-11 21:27:48+00:00,walton_lighthouse-2024-01-11-212748Z
-13581324.238329688,4433870.745937748,0.5798312,0.8320802005012531,2024-01-11 21:27:48+00:00,walton_lighthouse-2024-01-11-212748Z
-13581322.338986652,4433870.44992813,0.5798312,0.8345864661654134,2024-01-11 21:27:48+00:00,walton_lighthouse-2024-01-11-212748Z
-13581320.438947678,4433870.156241096,0.5798312,0.8370927318295739,2024-01-11 21:27:48+00:00,walton_lighthouse-2024-01-11-212748Z
-13581318.530426826,4433869.890859715,0.5798312,0.8395989974937343,2024-01-11 21:27:48+00:00,walton_lighthouse-2024-01-11-212748Z
-13581316.617699206,4433869.639517121,0.5798312,0.8421052631578947,2024-01-11 21:27:48+00:00,walton_lighthouse-2024-01-11-212748Z
-13581314.709035303,4433869.374613026,0.5798312,0.844611528822055,2024-01-11 21:27:48+00:00,walton_lighthouse-2024-01-11-212748Z
-13581312.808903089,4433869.081237203,0.5798312,0.8471177944862155,2024-01-11 21:27:48+00:00,walton_lighthouse-2024-01-11-212748Z
-13581310.884376748,4433868.869269252,0.5798312,0.849624060150376,2024-01-11 21:27:48+00:00,walton_lighthouse-2024-01-11-212748Z
-13581308.978633782,4433868.594617386,0.5798312,0.8521303258145363,2024-01-11 21:27:48+00:00,walton_lighthouse-2024-01-11-212748Z
-13581307.039893536,4433868.43008397,0.5798312,0.8546365914786966,2024-01-11 21:27:48+00:00,walton_lighthouse-2024-01-11-212748Z
-13581305.124789637,4433868.186671546,0.5798312,0.8571428571428571,2024-01-11 21:27:48+00:00,walton_lighthouse-2024-01-11-212748Z
-13581303.210178364,4433867.941615058,0.5798312,0.8596491228070176,2024-01-11 21:27:48+00:00,walton_lighthouse-2024-01-11-212748Z
-13581301.296159595,4433867.694581239,0.5798312,0.8621553884711779,2024-01-11 21:27:48+00:00,walton_lighthouse-2024-01-11-212748Z
-13581299.396513453,4433867.399583159,0.5798312,0.8646616541353382,2024-01-11 21:27:48+00:00,walton_lighthouse-2024-01-11-212748Z
-13581297.501203254,4433867.090115326,0.5798312,0.8671679197994987,2024-01-11 21:27:48+00:00,walton_lighthouse-2024-01-11-212748Z
-13581295.618542757,4433866.738432897,0.5798312,0.8696741854636592,2024-01-11 21:27:48+00:00,walton_lighthouse-2024-01-11-212748Z
-13581293.717652416,4433866.447586933,0.5798312,0.8721804511278195,2024-01-11 21:27:48+00:00,walton_lighthouse-2024-01-11-212748Z
-13581291.831387475,4433866.107933278,0.5798312,0.8746867167919798,2024-01-11 21:27:48+00:00,walton_lighthouse-2024-01-11-212748Z
-13581289.926128829,4433865.831665288,0.5798312,0.8771929824561403,2024-01-11 21:27:48+00:00,walton_lighthouse-2024-01-11-212748Z
-13581288.015023349,4433865.5749093,0.5798312,0.8796992481203008,2024-01-11 21:27:48+00:00,walton_lighthouse-2024-01-11-212748Z
-13581286.124522654,4433865.249391059,0.5798312,0.8822055137844611,2024-01-11 21:27:48+00:00,walton_lighthouse-2024-01-11-212748Z
-13581284.218204835,4433864.976657705,0.5798312,0.8847117794486214,2024-01-11 21:27:48+00:00,walton_lighthouse-2024-01-11-212748Z
-13581282.260744462,4433864.874597099,0.5798312,0.8872180451127819,2024-01-11 21:27:48+00:00,walton_lighthouse-2024-01-11-212748Z
-13581280.264097065,4433864.903311024,0.5798312,0.8897243107769424,2024-01-11 21:27:48+00:00,walton_lighthouse-2024-01-11-212748Z
-13581278.226348689,4433865.069186865,0.5798312,0.8922305764411027,2024-01-11 21:27:48+00:00,walton_lighthouse-2024-01-11-212748Z
-13581276.19109471,4433865.226738478,0.5798312,0.894736842105263,2024-01-11 21:27:48+00:00,walton_lighthouse-2024-01-11-212748Z
-13581274.112988036,4433865.527297927,0.5798312,0.8972431077694235,2024-01-11 21:27:48+00:00,walton_lighthouse-2024-01-11-212748Z
-13581274.112988036,4433865.527297927,0.5798312,0.899749373433584,2024-01-11 21:27:48+00:00,walton_lighthouse-2024-01-11-212748Z
-13581274.112988036,4433865.527297927,0.5798312,0.9022556390977443,2024-01-11 21:27:48+00:00,walton_lighthouse-2024-01-11-212748Z
-13581274.112988036,4433865.527297927,0.5798312,0.9047619047619047,2024-01-11 21:27:48+00:00,walton_lighthouse-2024-01-11-212748Z
-13581274.112988036,4433865.527297927,0.5798312,0.9072681704260651,2024-01-11 21:27:48+00:00,walton_lighthouse-2024-01-11-212748Z
-13581274.112988036,4433865.527297927,0.5798312,0.9097744360902256,2024-01-11 21:27:48+00:00,walton_lighthouse-2024-01-11-212748Z
-13581274.112988036,4433865.527297927,0.5798312,0.9122807017543859,2024-01-11 21:27:48+00:00,walton_lighthouse-2024-01-11-212748Z
-13581274.112988036,4433865.527297927,0.5798312,0.9147869674185463,2024-01-11 21:27:48+00:00,walton_lighthouse-2024-01-11-212748Z
-13581274.112988036,4433865.527297927,0.5798312,0.9172932330827067,2024-01-11 21:27:48+00:00,walton_lighthouse-2024-01-11-212748Z
-13581274.112988036,4433865.527297927,0.5798312,0.9197994987468672,2024-01-11 21:27:48+00:00,walton_lighthouse-2024-01-11-212748Z
-13581274.112988036,4433865.527297927,0.5798312,0.9223057644110275,2024-01-11 21:27:48+00:00,walton_lighthouse-2024-01-11-212748Z
-13581274.112988036,4433865.527297927,0.5798312,0.9248120300751879,2024-01-11 21:27:48+00:00,walton_lighthouse-2024-01-11-212748Z
-13581274.112988036,4433865.527297927,0.5798312,0.9273182957393483,2024-01-11 21:27:48+00:00,walton_lighthouse-2024-01-11-212748Z
-13581274.112988036,4433865.527297927,0.5798312,0.9298245614035088,2024-01-11 21:27:48+00:00,walton_lighthouse-2024-01-11-212748Z
-13581274.112988036,4433865.527297927,0.5798312,0.9323308270676691,2024-01-11 21:27:48+00:00,walton_lighthouse-2024-01-11-212748Z
-13581274.112988036,4433865.527297927,0.5798312,0.9348370927318295,2024-01-11 21:27:48+00:00,walton_lighthouse-2024-01-11-212748Z
-13581274.112988036,4433865.527297927,0.5798312,0.9373433583959899,2024-01-11 21:27:48+00:00,walton_lighthouse-2024-01-11-212748Z
-13581274.112988036,4433865.527297927,0.5798312,0.9398496240601504,2024-01-11 21:27:48+00:00,walton_lighthouse-2024-01-11-212748Z
-13581274.112988036,4433865.527297927,0.5798312,0.9423558897243107,2024-01-11 21:27:48+00:00,walton_lighthouse-2024-01-11-212748Z
-13581274.112988036,4433865.527297927,0.5798312,0.9448621553884711,2024-01-11 21:27:48+00:00,walton_lighthouse-2024-01-11-212748Z
-13581274.112988036,4433865.527297927,0.5798312,0.9473684210526315,2024-01-11 21:27:48+00:00,walton_lighthouse-2024-01-11-212748Z
-13581274.112988036,4433865.527297927,0.5798312,0.949874686716792,2024-01-11 21:27:48+00:00,walton_lighthouse-2024-01-11-212748Z
-13581274.112988036,4433865.527297927,0.5798312,0.9523809523809523,2024-01-11 21:27:48+00:00,walton_lighthouse-2024-01-11-212748Z
-13581274.112988036,4433865.527297927,0.5798312,0.9548872180451127,2024-01-11 21:27:48+00:00,walton_lighthouse-2024-01-11-212748Z
-13581274.112988036,4433865.527297927,0.5798312,0.9573934837092731,2024-01-11 21:27:48+00:00,walton_lighthouse-2024-01-11-212748Z
-13581274.112988036,4433865.527297927,0.5798312,0.9598997493734336,2024-01-11 21:27:48+00:00,walton_lighthouse-2024-01-11-212748Z
-13581274.112988036,4433865.527297927,0.5798312,0.9624060150375939,2024-01-11 21:27:48+00:00,walton_lighthouse-2024-01-11-212748Z
-13581274.112988036,4433865.527297927,0.5798312,0.9649122807017543,2024-01-11 21:27:48+00:00,walton_lighthouse-2024-01-11-212748Z
-13581274.112988036,4433865.527297927,0.5798312,0.9674185463659147,2024-01-11 21:27:48+00:00,walton_lighthouse-2024-01-11-212748Z
-13581274.112988036,4433865.527297927,0.5798312,0.9699248120300752,2024-01-11 21:27:48+00:00,walton_lighthouse-2024-01-11-212748Z
-13581274.112988036,4433865.527297927,0.5798312,0.9724310776942355,2024-01-11 21:27:48+00:00,walton_lighthouse-2024-01-11-212748Z
-13581274.112988036,4433865.527297927,0.5798312,0.9749373433583959,2024-01-11 21:27:48+00:00,walton_lighthouse-2024-01-11-212748Z
-13581274.112988036,4433865.527297927,0.5798312,0.9774436090225563,2024-01-11 21:27:48+00:00,walton_lighthouse-2024-01-11-212748Z
-13581274.112988036,4433865.527297927,0.5798312,0.9799498746867168,2024-01-11 21:27:48+00:00,walton_lighthouse-2024-01-11-212748Z
-13581274.112988036,4433865.527297927,0.5798312,0.9824561403508771,2024-01-11 21:27:48+00:00,walton_lighthouse-2024-01-11-212748Z
-13581274.112988036,4433865.527297927,0.5798312,0.9849624060150375,2024-01-11 21:27:48+00:00,walton_lighthouse-2024-01-11-212748Z
-13581274.112988036,4433865.527297927,0.5798312,0.9874686716791979,2024-01-11 21:27:48+00:00,walton_lighthouse-2024-01-11-212748Z
-13581274.112988036,4433865.527297927,0.5798312,0.9899749373433584,2024-01-11 21:27:48+00:00,walton_lighthouse-2024-01-11-212748Z
-13581274.112988036,4433865.527297927,0.5798312,0.9924812030075187,2024-01-11 21:27:48+00:00,walton_lighthouse-2024-01-11-212748Z
-13581274.112988036,4433865.527297927,0.5798312,0.9949874686716791,2024-01-11 21:27:48+00:00,walton_lighthouse-2024-01-11-212748Z
-13581274.112988036,4433865.527297927,0.5798312,0.9974937343358395,2024-01-11 21:27:48+00:00,walton_lighthouse-2024-01-11-212748Z
-13581274.112988036,4433865.527297927,0.5798312,1.0,2024-01-11 21:27:48+00:00,walton_lighthouse-2024-01-11-212748Z
-13581920.63367455,4434083.108234211,0.3229864,0.0,2024-01-11 21:57:48+00:00,walton_lighthouse-2024-01-11-215748Z
-13581918.899561789,4434082.260819228,0.3229864,0.002506265664160401,2024-01-11 21:57:48+00:00,walton_lighthouse-2024-01-11-215748Z
-13581917.159667086,4434081.432699666,0.3229864,0.005012531328320802,2024-01-11 21:57:48+00:00,walton_lighthouse-2024-01-11-215748Z
-13581915.42255726,4434080.595286323,0.3229864,0.007518796992481203,2024-01-11 21:57:48+00:00,walton_lighthouse-2024-01-11-215748Z
-13581913.684893887,4434079.759720382,0.3229864,0.010025062656641603,2024-01-11 21:57:48+00:00,walton_lighthouse-2024-01-11-215748Z
-13581911.949632697,4434078.916138042,0.3229864,0.012531328320802004,2024-01-11 21:57:48+00:00,walton_lighthouse-2024-01-11-215748Z
-13581910.21608887,4434078.066824305,0.3229864,0.015037593984962405,2024-01-11 21:57:48+00:00,walton_lighthouse-2024-01-11-215748Z
-13581908.490804076,4434077.1899485495,0.3229864,0.017543859649122806,2024-01-11 21:57:48+00:00,walton_lighthouse-2024-01-11-215748Z
-13581906.757501053,4434076.33983127,0.3229864,0.020050125313283207,2024-01-11 21:57:48+00:00,walton_lighthouse-2024-01-11-215748Z
-13581904.974891989,4434075.654257913,0.3229864,0.022556390977443608,2024-01-11 21:57:48+00:00,walton_lighthouse-2024-01-11-215748Z
-13581903.193223452,4434074.965545782,0.3229864,0.02506265664160401,2024-01-11 21:57:48+00:00,walton_lighthouse-2024-01-11-215748Z
-13581901.41714252,4434074.258186532,0.3229864,0.02756892230576441,2024-01-11 21:57:48+00:00,walton_lighthouse-2024-01-11-215748Z
-13581899.649741476,4434073.521860967,0.3229864,0.03007518796992481,2024-01-11 21:57:48+00:00,walton_lighthouse-2024-01-11-215748Z
-13581897.893533625,4434072.748181628,0.3229864,0.03258145363408521,2024-01-11 21:57:48+00:00,walton_lighthouse-2024-01-11-215748Z
-13581896.137380702,4434071.974318902,0.3229864,0.03508771929824561,2024-01-11 21:57:48+00:00,walton_lighthouse-2024-01-11-215748Z
-13581894.380355991,4434071.2033654535,0.3229864,0.03759398496240601,2024-01-11 21:57:48+00:00,walton_lighthouse-2024-01-11-215748Z
-13581892.609429035,4434070.478806473,0.3229864,0.040100250626566414,2024-01-11 21:57:48+00:00,walton_lighthouse-2024-01-11-215748Z
-13581890.830860691,4434069.779748445,0.3229864,0.042606516290726815,2024-01-11 21:57:48+00:00,walton_lighthouse-2024-01-11-215748Z
-13581889.051436622,4434069.0835460415,0.3229864,0.045112781954887216,2024-01-11 21:57:48+00:00,walton_lighthouse-2024-01-11-215748Z
-13581887.260749131,4434068.424931774,0.3229864,0.047619047619047616,2024-01-11 21:57:48+00:00,walton_lighthouse-2024-01-11-215748Z
-13581885.502786629,4434067.657108018,0.3229864,0.05012531328320802,2024-01-11 21:57:48+00:00,walton_lighthouse-2024-01-11-215748Z
-13581883.749363368,4434066.874135906,0.3229864,0.05263157894736842,2024-01-11 21:57:48+00:00,walton_lighthouse-2024-01-11-215748Z
-13581881.991335558,4434066.106530036,0.3229864,0.05513784461152882,2024-01-11 21:57:48+00:00,walton_lighthouse-2024-01-11-215748Z
-13581880.237152375,4434065.326093802,0.3229864,0.05764411027568922,2024-01-11 21:57:48+00:00,walton_lighthouse-2024-01-11-215748Z
-13581878.474379802,4434064.574322133,0.3229864,0.06015037593984962,2024-01-11 21:57:48+00:00,walton_lighthouse-2024-01-11-215748Z
-13581876.708351446,4434063.833415776,0.3229864,0.06265664160401002,2024-01-11 21:57:48+00:00,walton_lighthouse-2024-01-11-215748Z
-13581874.942323036,4434063.092509409,0.3229864,0.06516290726817042,2024-01-11 21:57:48+00:00,walton_lighthouse-2024-01-11-215748Z
-13581873.194656163,4434062.290326992,0.3229864,0.06766917293233082,2024-01-11 21:57:48+00:00,walton_lighthouse-2024-01-11-215748Z
-13581871.45630616,4434061.457052453,0.3229864,0.07017543859649122,2024-01-11 21:57:48+00:00,walton_lighthouse-2024-01-11-215748Z
-13581869.71815351,4434060.623119423,0.3229864,0.07268170426065163,2024-01-11 21:57:48+00:00,walton_lighthouse-2024-01-11-215748Z
-13581867.983080115,4434059.778910271,0.3229864,0.07518796992481203,2024-01-11 21:57:48+00:00,walton_lighthouse-2024-01-11-215748Z
-13581866.229984457,4434058.994844702,0.3229864,0.07769423558897243,2024-01-11 21:57:48+00:00,walton_lighthouse-2024-01-11-215748Z
-13581864.476097556,4434058.21341991,0.3229864,0.08020050125313283,2024-01-11 21:57:48+00:00,walton_lighthouse-2024-01-11-215748Z
-13581862.728142386,4434057.412199687,0.3229864,0.08270676691729323,2024-01-11 21:57:48+00:00,walton_lighthouse-2024-01-11-215748Z
-13581860.977022022,4434056.62154224,0.3229864,0.08521303258145363,2024-01-11 21:57:48+00:00,walton_lighthouse-2024-01-11-215748Z
-13581859.23772224,4434055.791437369,0.3229864,0.08771929824561403,2024-01-11 21:57:48+00:00,walton_lighthouse-2024-01-11-215748Z
-13581857.499240264,4434054.958603284,0.3229864,0.09022556390977443,2024-01-11 21:57:48+00:00,walton_lighthouse-2024-01-11-215748Z
-13581855.75572969,4434054.142550585,0.3229864,0.09273182957393483,2024-01-11 21:57:48+00:00,walton_lighthouse-2024-01-11-215748Z
-13581854.000132876,4434053.366831921,0.3229864,0.09523809523809523,2024-01-11 21:57:48+00:00,walton_lighthouse-2024-01-11-215748Z
-13581852.226777537,4434052.650377,0.3229864,0.09774436090225563,2024-01-11 21:57:48+00:00,walton_lighthouse-2024-01-11-215748Z
-13581850.452141162,4434051.938197264,0.3229864,0.10025062656641603,2024-01-11 21:57:48+00:00,walton_lighthouse-2024-01-11-215748Z
-13581848.690236522,4434051.183529072,0.3229864,0.10275689223057644,2024-01-11 21:57:48+00:00,walton_lighthouse-2024-01-11-215748Z
-13581846.9446911,4434050.374266968,0.3229864,0.10526315789473684,2024-01-11 21:57:48+00:00,walton_lighthouse-2024-01-11-215748Z
-13581845.205895651,4434049.542478973,0.3229864,0.10776942355889724,2024-01-11 21:57:48+00:00,walton_lighthouse-2024-01-11-215748Z
-13581843.469615554,4434048.702296858,0.3229864,0.11027568922305764,2024-01-11 21:57:48+00:00,walton_lighthouse-2024-01-11-215748Z
-13581841.744139848,4434047.826058356,0.3229864,0.11278195488721804,2024-01-11 21:57:48+00:00,walton_lighthouse-2024-01-11-215748Z
-13581839.992394373,4434047.037486974,0.3229864,0.11528822055137844,2024-01-11 21:57:48+00:00,walton_lighthouse-2024-01-11-215748Z
-13581838.236583306,4434046.262483404,0.3229864,0.11779448621553884,2024-01-11 21:57:48+00:00,walton_lighthouse-2024-01-11-215748Z
-13581836.485743055,4434045.47089134,0.3229864,0.12030075187969924,2024-01-11 21:57:48+00:00,walton_lighthouse-2024-01-11-215748Z
-13581834.743335504,4434044.651157637,0.3229864,0.12280701754385964,2024-01-11 21:57:48+00:00,walton_lighthouse-2024-01-11-215748Z
-13581833.024820035,4434043.751691383,0.3229864,0.12531328320802004,2024-01-11 21:57:48+00:00,walton_lighthouse-2024-01-11-215748Z
-13581831.296093484,4434042.886301484,0.3229864,0.12781954887218044,2024-01-11 21:57:48+00:00,walton_lighthouse-2024-01-11-215748Z
-13581829.574451655,4434041.997268618,0.3229864,0.13032581453634084,2024-01-11 21:57:48+00:00,walton_lighthouse-2024-01-11-215748Z
-13581827.808931418,4434041.254666436,0.3229864,0.13283208020050125,2024-01-11 21:57:48+00:00,walton_lighthouse-2024-01-11-215748Z
-13581826.051693892,4434040.484423149,0.3229864,0.13533834586466165,2024-01-11 21:57:48+00:00,walton_lighthouse-2024-01-11-215748Z
-13581824.30188878,4434039.689376586,0.3229864,0.13784461152882205,2024-01-11 21:57:48+00:00,walton_lighthouse-2024-01-11-215748Z
-13581822.55681778,4434038.878531367,0.3229864,0.14035087719298245,2024-01-11 21:57:48+00:00,walton_lighthouse-2024-01-11-215748Z
-13581820.82304377,4434038.0299858665,0.3229864,0.14285714285714285,2024-01-11 21:57:48+00:00,walton_lighthouse-2024-01-11-215748Z
-13581819.102076504,4434037.138701686,0.3229864,0.14536340852130325,2024-01-11 21:57:48+00:00,walton_lighthouse-2024-01-11-215748Z
-13581817.385614922,4434036.232381248,0.3229864,0.14786967418546365,2024-01-11 21:57:48+00:00,walton_lighthouse-2024-01-11-215748Z
-13581815.636846894,4434035.433873825,0.3229864,0.15037593984962405,2024-01-11 21:57:48+00:00,walton_lighthouse-2024-01-11-215748Z
-13581813.893213691,4434034.618230309,0.3229864,0.15288220551378445,2024-01-11 21:57:48+00:00,walton_lighthouse-2024-01-11-215748Z
-13581812.132727848,4434033.858827298,0.3229864,0.15538847117794485,2024-01-11 21:57:48+00:00,walton_lighthouse-2024-01-11-215748Z
-13581810.381384777,4434033.068913232,0.3229864,0.15789473684210525,2024-01-11 21:57:48+00:00,walton_lighthouse-2024-01-11-215748Z
-13581808.643926622,4434032.2326624375,0.3229864,0.16040100250626566,2024-01-11 21:57:48+00:00,walton_lighthouse-2024-01-11-215748Z
-13581806.95367816,4434031.238863701,0.3229864,0.16290726817042606,2024-01-11 21:57:48+00:00,walton_lighthouse-2024-01-11-215748Z
-13581805.28082035,4434030.18702897,0.3229864,0.16541353383458646,2024-01-11 21:57:48+00:00,walton_lighthouse-2024-01-11-215748Z
-13581803.55704416,4434029.305118886,0.3229864,0.16791979949874686,2024-01-11 21:57:48+00:00,walton_lighthouse-2024-01-11-215748Z
-13581801.8226687,4434028.458580538,0.3229864,0.17042606516290726,2024-01-11 21:57:48+00:00,walton_lighthouse-2024-01-11-215748Z
-13581800.081733568,4434027.633933006,0.3229864,0.17293233082706766,2024-01-11 21:57:48+00:00,walton_lighthouse-2024-01-11-215748Z
-13581798.33752683,4434026.8202035865,0.3229864,0.17543859649122806,2024-01-11 21:57:48+00:00,walton_lighthouse-2024-01-11-215748Z
-13581796.63959824,4434025.852034987,0.3229864,0.17794486215538846,2024-01-11 21:57:48+00:00,walton_lighthouse-2024-01-11-215748Z
-13581794.948976276,4434024.859482747,0.3229864,0.18045112781954886,2024-01-11 21:57:48+00:00,walton_lighthouse-2024-01-11-215748Z
-13581793.262069603,4434023.85453176,0.3229864,0.18295739348370926,2024-01-11 21:57:48+00:00,walton_lighthouse-2024-01-11-215748Z
-13581791.565676674,4434022.881238343,0.3229864,0.18546365914786966,2024-01-11 21:57:48+00:00,walton_lighthouse-2024-01-11-215748Z
-13581789.826528972,4434022.05062602,0.3229864,0.18796992481203006,2024-01-11 21:57:48+00:00,walton_lighthouse-2024-01-11-215748Z
-13581788.129482226,4434021.079514461,0.3229864,0.19047619047619047,2024-01-11 21:57:48+00:00,walton_lighthouse-2024-01-11-215748Z
-13581786.351443138,4434020.378690028,0.3229864,0.19298245614035087,2024-01-11 21:57:48+00:00,walton_lighthouse-2024-01-11-215748Z
-13581784.646964967,4434019.432378627,0.3229864,0.19548872180451127,2024-01-11 21:57:48+00:00,walton_lighthouse-2024-01-11-215748Z
-13581782.973859103,4434018.38137183,0.3229864,0.19799498746867167,2024-01-11 21:57:48+00:00,walton_lighthouse-2024-01-11-215748Z
-13581781.282214245,4434017.392233226,0.3229864,0.20050125313283207,2024-01-11 21:57:48+00:00,walton_lighthouse-2024-01-11-215748Z
-13581779.565615917,4434016.48636902,0.3229864,0.20300751879699247,2024-01-11 21:57:48+00:00,walton_lighthouse-2024-01-11-215748Z
-13581777.871222056,4434015.506404323,0.3229864,0.20551378446115287,2024-01-11 21:57:48+00:00,walton_lighthouse-2024-01-11-215748Z
-13581776.258351436,4434014.254380828,0.3229864,0.20802005012531327,2024-01-11 21:57:48+00:00,walton_lighthouse-2024-01-11-215748Z
-13581774.584121466,4434013.207125318,0.3229864,0.21052631578947367,2024-01-11 21:57:48+00:00,walton_lighthouse-2024-01-11-215748Z
-13581772.989409467,4434011.894502867,0.3229864,0.21303258145363407,2024-01-11 21:57:48+00:00,walton_lighthouse-2024-01-11-215748Z
-13581771.293604834,4434010.919246148,0.3229864,0.21553884711779447,2024-01-11 21:57:48+00:00,walton_lighthouse-2024-01-11-215748Z
-13581769.57412433,4434010.023000517,0.3229864,0.21804511278195488,2024-01-11 21:57:48+00:00,walton_lighthouse-2024-01-11-215748Z
-13581767.973660218,4434008.72957403,0.3229864,0.22055137844611528,2024-01-11 21:57:48+00:00,walton_lighthouse-2024-01-11-215748Z
-13581766.3492985,4434007.51589841,0.3229864,0.22305764411027568,2024-01-11 21:57:48+00:00,walton_lighthouse-2024-01-11-215748Z
-13581764.71597684,4434006.332123984,0.3229864,0.22556390977443608,2024-01-11 21:57:48+00:00,walton_lighthouse-2024-01-11-215748Z
-13581763.08832253,4434005.129436483,0.3229864,0.22807017543859648,2024-01-11 21:57:48+00:00,walton_lighthouse-2024-01-11-215748Z
-13581761.409865413,4434004.096287784,0.3229864,0.23057644110275688,2024-01-11 21:57:48+00:00,walton_lighthouse-2024-01-11-215748Z
-13581759.717207065,4434003.11053127,0.3229864,0.23308270676691728,2024-01-11 21:57:48+00:00,walton_lighthouse-2024-01-11-215748Z
-13581758.053260524,4434002.02895803,0.3229864,0.23558897243107768,2024-01-11 21:57:48+00:00,walton_lighthouse-2024-01-11-215748Z
-13581756.37786943,4434000.98557745,0.3229864,0.23809523809523808,2024-01-11 21:57:48+00:00,walton_lighthouse-2024-01-11-215748Z
-13581754.73080296,4433999.847671956,0.3229864,0.24060150375939848,2024-01-11 21:57:48+00:00,walton_lighthouse-2024-01-11-215748Z
-13581753.056810308,4433998.799624465,0.3229864,0.24310776942355888,2024-01-11 21:57:48+00:00,walton_lighthouse-2024-01-11-215748Z
-13581751.420328144,4433997.626397271,0.3229864,0.24561403508771928,2024-01-11 21:57:48+00:00,walton_lighthouse-2024-01-11-215748Z
-13581749.790156148,4433996.432111763,0.3229864,0.24812030075187969,2024-01-11 21:57:48+00:00,walton_lighthouse-2024-01-11-215748Z
-13581748.122013953,4433995.364540087,0.3229864,0.2506265664160401,2024-01-11 21:57:48+00:00,walton_lighthouse-2024-01-11-215748Z
-13581746.447367389,4433994.318674841,0.3229864,0.2531328320802005,2024-01-11 21:57:48+00:00,walton_lighthouse-2024-01-11-215748Z
-13581744.71326177,4433993.471236073,0.3229864,0.2556390977443609,2024-01-11 21:57:48+00:00,walton_lighthouse-2024-01-11-215748Z
-13581743.03608611,4433992.433810858,0.3229864,0.2581453634085213,2024-01-11 21:57:48+00:00,walton_lighthouse-2024-01-11-215748Z
-13581741.33864798,4433991.464005411,0.3229864,0.2606516290726817,2024-01-11 21:57:48+00:00,walton_lighthouse-2024-01-11-215748Z
-13581739.577567684,4433990.706586279,0.3229864,0.2631578947368421,2024-01-11 21:57:48+00:00,walton_lighthouse-2024-01-11-215748Z
-13581737.845514458,4433989.85229825,0.3229864,0.2656641604010025,2024-01-11 21:57:48+00:00,walton_lighthouse-2024-01-11-215748Z
-13581736.065850042,4433989.156897971,0.3229864,0.2681704260651629,2024-01-11 21:57:48+00:00,walton_lighthouse-2024-01-11-215748Z
-13581734.319510814,4433988.350284929,0.3229864,0.2706766917293233,2024-01-11 21:57:48+00:00,walton_lighthouse-2024-01-11-215748Z
-13581732.550074754,4433987.620750604,0.3229864,0.2731829573934837,2024-01-11 21:57:48+00:00,walton_lighthouse-2024-01-11-215748Z
-13581730.806363389,4433986.805368046,0.3229864,0.2756892230576441,2024-01-11 21:57:48+00:00,walton_lighthouse-2024-01-11-215748Z
-13581729.03440145,4433986.084263068,0.3229864,0.2781954887218045,2024-01-11 21:57:48+00:00,walton_lighthouse-2024-01-11-215748Z
-13581727.262275187,4433985.363706438,0.3229864,0.2807017543859649,2024-01-11 21:57:48+00:00,walton_lighthouse-2024-01-11-215748Z
-13581725.498309588,4433984.615916078,0.3229864,0.2832080200501253,2024-01-11 21:57:48+00:00,walton_lighthouse-2024-01-11-215748Z
-13581723.714099824,4433983.935684544,0.3229864,0.2857142857142857,2024-01-11 21:57:48+00:00,walton_lighthouse-2024-01-11-215748Z
-13581721.939341364,4433983.223912089,0.3229864,0.2882205513784461,2024-01-11 21:57:48+00:00,walton_lighthouse-2024-01-11-215748Z
-13581720.151768671,4433982.554903155,0.3229864,0.2907268170426065,2024-01-11 21:57:48+00:00,walton_lighthouse-2024-01-11-215748Z
-13581718.366424285,4433981.878458046,0.3229864,0.2932330827067669,2024-01-11 21:57:48+00:00,walton_lighthouse-2024-01-11-215748Z
-13581716.596236307,4433981.151433027,0.3229864,0.2957393483709273,2024-01-11 21:57:48+00:00,walton_lighthouse-2024-01-11-215748Z
-13581714.812295644,4433980.470303382,0.3229864,0.2982456140350877,2024-01-11 21:57:48+00:00,walton_lighthouse-2024-01-11-215748Z
-13581713.021749264,4433979.811218223,0.3229864,0.3007518796992481,2024-01-11 21:57:48+00:00,walton_lighthouse-2024-01-11-215748Z
-13581711.23132568,4433979.151723329,0.3229864,0.3032581453634085,2024-01-11 21:57:48+00:00,walton_lighthouse-2024-01-11-215748Z
-13581709.471141152,4433978.391314946,0.3229864,0.3057644110275689,2024-01-11 21:57:48+00:00,walton_lighthouse-2024-01-11-215748Z
-13581707.707717204,4433977.641717004,0.3229864,0.3082706766917293,2024-01-11 21:57:48+00:00,walton_lighthouse-2024-01-11-215748Z
-13581705.923911372,4433976.960137323,0.3229864,0.3107769423558897,2024-01-11 21:57:48+00:00,walton_lighthouse-2024-01-11-215748Z
-13581704.126691597,4433976.323322713,0.3229864,0.3132832080200501,2024-01-11 21:57:48+00:00,walton_lighthouse-2024-01-11-215748Z
-13581702.340159576,4433975.650840915,0.3229864,0.3157894736842105,2024-01-11 21:57:48+00:00,walton_lighthouse-2024-01-11-215748Z
-13581700.58073224,4433974.887905511,0.3229864,0.3182957393483709,2024-01-11 21:57:48+00:00,walton_lighthouse-2024-01-11-215748Z
-13581698.820755348,4433974.126804067,0.3229864,0.3208020050125313,2024-01-11 21:57:48+00:00,walton_lighthouse-2024-01-11-215748Z
-13581697.025289914,4433973.484134873,0.3229864,0.3233082706766917,2024-01-11 21:57:48+00:00,walton_lighthouse-2024-01-11-215748Z
-13581695.224845996,4433972.858079776,0.3229864,0.3258145363408521,2024-01-11 21:57:48+00:00,walton_lighthouse-2024-01-11-215748Z
-13581693.429347027,4433972.215522364,0.3229864,0.3283208020050125,2024-01-11 21:57:48+00:00,walton_lighthouse-2024-01-11-215748Z
-13581691.646897305,4433971.529417199,0.3229864,0.3308270676691729,2024-01-11 21:57:48+00:00,walton_lighthouse-2024-01-11-215748Z
-13581689.865184702,4433970.840852098,0.3229864,0.3333333333333333,2024-01-11 21:57:48+00:00,walton_lighthouse-2024-01-11-215748Z
-13581688.055190992,4433970.24666651,0.3229864,0.3358395989974937,2024-01-11 21:57:48+00:00,walton_lighthouse-2024-01-11-215748Z
-13581686.233446907,4433969.691694147,0.3229864,0.3383458646616541,2024-01-11 21:57:48+00:00,walton_lighthouse-2024-01-11-215748Z
-13581684.44275363,4433969.033099282,0.3229864,0.3408521303258145,2024-01-11 21:57:48+00:00,walton_lighthouse-2024-01-11-215748Z
-13581682.649511583,4433968.3830102375,0.3229864,0.3433583959899749,2024-01-11 21:57:48+00:00,walton_lighthouse-2024-01-11-215748Z
-13581680.846189251,4433967.76656093,0.3229864,0.3458646616541353,2024-01-11 21:57:48+00:00,walton_lighthouse-2024-01-11-215748Z
-13581679.036531558,4433967.171253939,0.3229864,0.3483709273182957,2024-01-11 21:57:48+00:00,walton_lighthouse-2024-01-11-215748Z
-13581677.244881283,4433966.515852753,0.3229864,0.3508771929824561,2024-01-11 21:57:48+00:00,walton_lighthouse-2024-01-11-215748Z
-13581675.460550968,4433965.836023511,0.3229864,0.3533834586466165,2024-01-11 21:57:48+00:00,walton_lighthouse-2024-01-11-215748Z
-13581673.652686143,4433965.234733452,0.3229864,0.3558897243107769,2024-01-11 21:57:48+00:00,walton_lighthouse-2024-01-11-215748Z
-13581671.835896866,4433964.6632259,0.3229864,0.3583959899749373,2024-01-11 21:57:48+00:00,walton_lighthouse-2024-01-11-215748Z
-13581670.042330364,4433964.01421954,0.3229864,0.3609022556390977,2024-01-11 21:57:48+00:00,walton_lighthouse-2024-01-11-215748Z
-13581668.242015593,4433963.38773352,0.3229864,0.3634085213032581,2024-01-11 21:57:48+00:00,walton_lighthouse-2024-01-11-215748Z
-13581666.43798988,4433962.773631575,0.3229864,0.3659147869674185,2024-01-11 21:57:48+00:00,walton_lighthouse-2024-01-11-215748Z
-13581664.622245062,4433962.198638529,0.3229864,0.3684210526315789,2024-01-11 21:57:48+00:00,walton_lighthouse-2024-01-11-215748Z
-13581662.805107718,4433961.628292594,0.3229864,0.37092731829573933,2024-01-11 21:57:48+00:00,walton_lighthouse-2024-01-11-215748Z
-13581660.998638624,4433961.022344752,0.3229864,0.37343358395989973,2024-01-11 21:57:48+00:00,walton_lighthouse-2024-01-11-215748Z
-13581659.185224682,4433960.439573144,0.3229864,0.37593984962406013,2024-01-11 21:57:48+00:00,walton_lighthouse-2024-01-11-215748Z
-13581657.364192488,4433959.882225067,0.3229864,0.37844611528822053,2024-01-11 21:57:48+00:00,walton_lighthouse-2024-01-11-215748Z
-13581655.544206789,4433959.321384723,0.3229864,0.38095238095238093,2024-01-11 21:57:48+00:00,walton_lighthouse-2024-01-11-215748Z
-13581653.727059808,4433958.7510710135,0.3229864,0.38345864661654133,2024-01-11 21:57:48+00:00,walton_lighthouse-2024-01-11-215748Z
-13581651.906051788,4433958.193642322,0.3229864,0.38596491228070173,2024-01-11 21:57:48+00:00,walton_lighthouse-2024-01-11-215748Z
-13581650.085209811,4433957.63565944,0.3229864,0.38847117794486213,2024-01-11 21:57:48+00:00,walton_lighthouse-2024-01-11-215748Z
-13581648.267361157,4433957.067687398,0.3229864,0.39097744360902253,2024-01-11 21:57:48+00:00,walton_lighthouse-2024-01-11-215748Z
-13581646.475063674,4433956.414446105,0.3229864,0.39348370927318294,2024-01-11 21:57:48+00:00,walton_lighthouse-2024-01-11-215748Z
-13581644.65959948,4433955.8385164905,0.3229864,0.39598997493734334,2024-01-11 21:57:48+00:00,walton_lighthouse-2024-01-11-215748Z
-13581642.834653502,4433955.294229525,0.3229864,0.39849624060150374,2024-01-11 21:57:48+00:00,walton_lighthouse-2024-01-11-215748Z
-13581641.037246414,4433954.65804,0.3229864,0.40100250626566414,2024-01-11 21:57:48+00:00,walton_lighthouse-2024-01-11-215748Z
-13581639.231201673,4433954.0506759565,0.3229864,0.40350877192982454,2024-01-11 21:57:48+00:00,walton_lighthouse-2024-01-11-215748Z
-13581637.40418776,4433953.51329005,0.3229864,0.40601503759398494,2024-01-11 21:57:48+00:00,walton_lighthouse-2024-01-11-215748Z
-13581635.585347353,4433952.948627573,0.3229864,0.40852130325814534,2024-01-11 21:57:48+00:00,walton_lighthouse-2024-01-11-215748Z
-13581633.773184074,4433952.36168233,0.3229864,0.41102756892230574,2024-01-11 21:57:48+00:00,walton_lighthouse-2024-01-11-215748Z
-13581631.955878774,4433951.791896937,0.3229864,0.41353383458646614,2024-01-11 21:57:48+00:00,walton_lighthouse-2024-01-11-215748Z
-13581630.129457723,4433951.25253251,0.3229864,0.41604010025062654,2024-01-11 21:57:48+00:00,walton_lighthouse-2024-01-11-215748Z
-13581628.304615991,4433950.7078976985,0.3229864,0.41854636591478694,2024-01-11 21:57:48+00:00,walton_lighthouse-2024-01-11-215748Z
-13581626.482177917,4433950.155241398,0.3229864,0.42105263157894735,2024-01-11 21:57:48+00:00,walton_lighthouse-2024-01-11-215748Z
-13581624.648857318,4433949.638902168,0.3229864,0.42355889724310775,2024-01-11 21:57:48+00:00,walton_lighthouse-2024-01-11-215748Z
-13581622.814880555,4433949.124752608,0.3229864,0.42606516290726815,2024-01-11 21:57:48+00:00,walton_lighthouse-2024-01-11-215748Z
-13581620.986221338,4433948.592857451,0.3229864,0.42857142857142855,2024-01-11 21:57:48+00:00,walton_lighthouse-2024-01-11-215748Z
-13581619.151377078,4433948.081603067,0.3229864,0.43107769423558895,2024-01-11 21:57:48+00:00,walton_lighthouse-2024-01-11-215748Z
-13581617.31603956,4433947.57199465,0.3229864,0.43358395989974935,2024-01-11 21:57:48+00:00,walton_lighthouse-2024-01-11-215748Z
-13581615.484620571,4433947.049309313,0.3229864,0.43609022556390975,2024-01-11 21:57:48+00:00,walton_lighthouse-2024-01-11-215748Z
-13581613.650834093,4433946.534524813,0.3229864,0.43859649122807015,2024-01-11 21:57:48+00:00,walton_lighthouse-2024-01-11-215748Z
-13581611.823315172,4433945.998824325,0.3229864,0.44110275689223055,2024-01-11 21:57:48+00:00,walton_lighthouse-2024-01-11-215748Z
-13581609.99640009,4433945.461108672,0.3229864,0.44360902255639095,2024-01-11 21:57:48+00:00,walton_lighthouse-2024-01-11-215748Z
-13581608.165186737,4433944.937737055,0.3229864,0.44611528822055135,2024-01-11 21:57:48+00:00,walton_lighthouse-2024-01-11-215748Z
-13581606.33183446,4433944.421503544,0.3229864,0.44862155388471175,2024-01-11 21:57:48+00:00,walton_lighthouse-2024-01-11-215748Z
-13581604.507863272,4433943.873963571,0.3229864,0.45112781954887216,2024-01-11 21:57:48+00:00,walton_lighthouse-2024-01-11-215748Z
-13581602.681771357,4433943.333500825,0.3229864,0.45363408521303256,2024-01-11 21:57:48+00:00,walton_lighthouse-2024-01-11-215748Z
-13581600.855713034,4433942.792925945,0.3229864,0.45614035087719296,2024-01-11 21:57:48+00:00,walton_lighthouse-2024-01-11-215748Z
-13581599.041867375,4433942.2115950165,0.3229864,0.45864661654135336,2024-01-11 21:57:48+00:00,walton_lighthouse-2024-01-11-215748Z
-13581597.223485636,4433941.645401985,0.3229864,0.46115288220551376,2024-01-11 21:57:48+00:00,walton_lighthouse-2024-01-11-215748Z
-13581595.41320651,4433941.0521688815,0.3229864,0.46365914786967416,2024-01-11 21:57:48+00:00,walton_lighthouse-2024-01-11-215748Z
-13581593.592538211,4433940.493606408,0.3229864,0.46616541353383456,2024-01-11 21:57:48+00:00,walton_lighthouse-2024-01-11-215748Z
-13581591.757128296,4433939.984239736,0.3229864,0.46867167919799496,2024-01-11 21:57:48+00:00,walton_lighthouse-2024-01-11-215748Z
-13581589.936091788,4433939.426906072,0.3229864,0.47117794486215536,2024-01-11 21:57:48+00:00,walton_lighthouse-2024-01-11-215748Z
-13581588.11478032,4433938.87048998,0.3229864,0.47368421052631576,2024-01-11 21:57:48+00:00,walton_lighthouse-2024-01-11-215748Z
-13581586.279999437,4433938.359024006,0.3229864,0.47619047619047616,2024-01-11 21:57:48+00:00,walton_lighthouse-2024-01-11-215748Z
-13581584.453816583,4433937.818864783,0.3229864,0.47869674185463656,2024-01-11 21:57:48+00:00,walton_lighthouse-2024-01-11-215748Z
-13581582.6152104,4433937.320164617,0.3229864,0.48120300751879697,2024-01-11 21:57:48+00:00,walton_lighthouse-2024-01-11-215748Z
-13581580.772862677,4433936.833950549,0.3229864,0.48370927318295737,2024-01-11 21:57:48+00:00,walton_lighthouse-2024-01-11-215748Z
-13581578.93229722,4433936.341788819,0.3229864,0.48621553884711777,2024-01-11 21:57:48+00:00,walton_lighthouse-2024-01-11-215748Z
-13581577.100118132,4433935.821640197,0.3229864,0.48872180451127817,2024-01-11 21:57:48+00:00,walton_lighthouse-2024-01-11-215748Z
-13581575.266388016,4433935.30666761,0.3229864,0.49122807017543857,2024-01-11 21:57:48+00:00,walton_lighthouse-2024-01-11-215748Z
-13581573.432213314,4433934.793178661,0.3229864,0.49373433583959897,2024-01-11 21:57:48+00:00,walton_lighthouse-2024-01-11-215748Z
-13581571.6068483,4433934.250290061,0.3229864,0.49624060150375937,2024-01-11 21:57:48+00:00,walton_lighthouse-2024-01-11-215748Z
-13581569.767937254,4433933.752607296,0.3229864,0.49874686716791977,2024-01-11 21:57:48+00:00,walton_lighthouse-2024-01-11-215748Z
-13581567.930876223,4433933.248750611,0.3229864,0.5012531328320802,2024-01-11 21:57:48+00:00,walton_lighthouse-2024-01-11-215748Z
-13581566.09308114,4433932.747343546,0.3229864,0.5037593984962405,2024-01-11 21:57:48+00:00,walton_lighthouse-2024-01-11-215748Z
-13581564.26046605,4433932.228649927,0.3229864,0.506265664160401,2024-01-11 21:57:48+00:00,walton_lighthouse-2024-01-11-215748Z
-13581562.41952638,4433931.737737029,0.3229864,0.5087719298245614,2024-01-11 21:57:48+00:00,walton_lighthouse-2024-01-11-215748Z
-13581560.57696852,4433931.252224336,0.3229864,0.5112781954887218,2024-01-11 21:57:48+00:00,walton_lighthouse-2024-01-11-215748Z
-13581558.735084118,4433930.764464113,0.3229864,0.5137844611528821,2024-01-11 21:57:48+00:00,walton_lighthouse-2024-01-11-215748Z
-13581556.90791233,4433930.227605109,0.3229864,0.5162907268170426,2024-01-11 21:57:48+00:00,walton_lighthouse-2024-01-11-215748Z
-13581555.068933796,4433929.730147606,0.3229864,0.518796992481203,2024-01-11 21:57:48+00:00,walton_lighthouse-2024-01-11-215748Z
-13581553.221645452,4433929.260421408,0.3229864,0.5213032581453634,2024-01-11 21:57:48+00:00,walton_lighthouse-2024-01-11-215748Z
-13581551.373654429,4433928.793040173,0.3229864,0.5238095238095237,2024-01-11 21:57:48+00:00,walton_lighthouse-2024-01-11-215748Z
-13581549.52464212,4433928.329067215,0.3229864,0.5263157894736842,2024-01-11 21:57:48+00:00,walton_lighthouse-2024-01-11-215748Z
-13581547.673095688,4433927.873551189,0.3229864,0.5288220551378446,2024-01-11 21:57:48+00:00,walton_lighthouse-2024-01-11-215748Z
-13581545.818661967,4433927.4276705785,0.3229864,0.531328320802005,2024-01-11 21:57:48+00:00,walton_lighthouse-2024-01-11-215748Z
-13581543.965486849,4433926.977589629,0.3229864,0.5338345864661653,2024-01-11 21:57:48+00:00,walton_lighthouse-2024-01-11-215748Z
-13581542.111604571,4433926.529868763,0.3229864,0.5363408521303258,2024-01-11 21:57:48+00:00,walton_lighthouse-2024-01-11-215748Z
-13581540.252425335,4433926.099824814,0.3229864,0.5388471177944862,2024-01-11 21:57:48+00:00,walton_lighthouse-2024-01-11-215748Z
-13581538.40367036,4433925.63499304,0.3229864,0.5413533834586466,2024-01-11 21:57:48+00:00,walton_lighthouse-2024-01-11-215748Z
-13581536.550447252,4433925.185072375,0.3229864,0.5438596491228069,2024-01-11 21:57:48+00:00,walton_lighthouse-2024-01-11-215748Z
-13581534.695276745,4433924.741650554,0.3229864,0.5463659147869674,2024-01-11 21:57:48+00:00,walton_lighthouse-2024-01-11-215748Z
-13581532.845289556,4433924.2809309615,0.3229864,0.5488721804511278,2024-01-11 21:57:48+00:00,walton_lighthouse-2024-01-11-215748Z
-13581530.990914896,4433923.834853152,0.3229864,0.5513784461152882,2024-01-11 21:57:48+00:00,walton_lighthouse-2024-01-11-215748Z
-13581529.13701153,4433923.387202608,0.3229864,0.5538847117794485,2024-01-11 21:57:48+00:00,walton_lighthouse-2024-01-11-215748Z
-13581527.282614026,4433922.941201197,0.3229864,0.556390977443609,2024-01-11 21:57:48+00:00,walton_lighthouse-2024-01-11-215748Z
-13581525.42976464,4433922.490033269,0.3229864,0.5588972431077694,2024-01-11 21:57:48+00:00,walton_lighthouse-2024-01-11-215748Z
-13581523.575188134,4433922.044629067,0.3229864,0.5614035087719298,2024-01-11 21:57:48+00:00,walton_lighthouse-2024-01-11-215748Z
-13581521.718907475,4433921.604912001,0.3229864,0.5639097744360901,2024-01-11 21:57:48+00:00,walton_lighthouse-2024-01-11-215748Z
-13581519.864221226,4433921.159874159,0.3229864,0.5664160401002506,2024-01-11 21:57:48+00:00,walton_lighthouse-2024-01-11-215748Z
-13581518.01275304,4433920.704096977,0.3229864,0.568922305764411,2024-01-11 21:57:48+00:00,walton_lighthouse-2024-01-11-215748Z
-13581516.157850554,4433920.25978059,0.3229864,0.5714285714285714,2024-01-11 21:57:48+00:00,walton_lighthouse-2024-01-11-215748Z
-13581514.305117302,4433919.80822515,0.3229864,0.5739348370927317,2024-01-11 21:57:48+00:00,walton_lighthouse-2024-01-11-215748Z
-13581512.452384066,4433919.356669717,0.3229864,0.5764411027568922,2024-01-11 21:57:48+00:00,walton_lighthouse-2024-01-11-215748Z
-13581510.599432305,4433918.90584349,0.3229864,0.5789473684210527,2024-01-11 21:57:48+00:00,walton_lighthouse-2024-01-11-215748Z
-13581508.746853951,4433918.4537710855,0.3229864,0.581453634085213,2024-01-11 21:57:48+00:00,walton_lighthouse-2024-01-11-215748Z
-13581506.888410715,4433918.021270927,0.3229864,0.5839598997493733,2024-01-11 21:57:48+00:00,walton_lighthouse-2024-01-11-215748Z
-13581505.03227221,4433917.581079538,0.3229864,0.5864661654135338,2024-01-11 21:57:48+00:00,walton_lighthouse-2024-01-11-215748Z
-13581503.171844007,4433917.15520364,0.3229864,0.5889724310776943,2024-01-11 21:57:48+00:00,walton_lighthouse-2024-01-11-215748Z
-13581501.31525771,4433916.716506496,0.3229864,0.5914786967418546,2024-01-11 21:57:48+00:00,walton_lighthouse-2024-01-11-215748Z
-13581499.456330178,4433916.2856226005,0.3229864,0.593984962406015,2024-01-11 21:57:48+00:00,walton_lighthouse-2024-01-11-215748Z
-13581497.60125458,4433915.841884044,0.3229864,0.5964912280701754,2024-01-11 21:57:48+00:00,walton_lighthouse-2024-01-11-215748Z
-13581495.741854498,4433915.412577111,0.3229864,0.5989974937343359,2024-01-11 21:57:48+00:00,walton_lighthouse-2024-01-11-215748Z
-13581493.884474283,4433914.97652941,0.3229864,0.6015037593984962,2024-01-11 21:57:48+00:00,walton_lighthouse-2024-01-11-215748Z
-13581492.024833098,4433914.548027091,0.3229864,0.6040100250626566,2024-01-11 21:57:48+00:00,walton_lighthouse-2024-01-11-215748Z
-13581490.165590826,4433914.118193611,0.3229864,0.606516290726817,2024-01-11 21:57:48+00:00,walton_lighthouse-2024-01-11-215748Z
-13581488.305501262,4433913.691187567,0.3229864,0.6090225563909775,2024-01-11 21:57:48+00:00,walton_lighthouse-2024-01-11-215748Z
-13581486.445511818,4433913.263847378,0.3229864,0.6115288220551378,2024-01-11 21:57:48+00:00,walton_lighthouse-2024-01-11-215748Z
-13581484.585523026,4433912.836505141,0.3229864,0.6140350877192982,2024-01-11 21:57:48+00:00,walton_lighthouse-2024-01-11-215748Z
-13581482.727185616,4433912.403651866,0.3229864,0.6165413533834586,2024-01-11 21:57:48+00:00,walton_lighthouse-2024-01-11-215748Z
-13581480.862766366,4433911.991094835,0.3229864,0.6190476190476191,2024-01-11 21:57:48+00:00,walton_lighthouse-2024-01-11-215748Z
-13581479.001594037,4433911.567702188,0.3229864,0.6215538847117794,2024-01-11 21:57:48+00:00,walton_lighthouse-2024-01-11-215748Z
-13581477.13930979,4433911.148020335,0.3229864,0.6240601503759398,2024-01-11 21:57:48+00:00,walton_lighthouse-2024-01-11-215748Z
-13581475.267256953,4433910.760938095,0.3229864,0.6265664160401002,2024-01-11 21:57:48+00:00,walton_lighthouse-2024-01-11-215748Z
-13581473.409519808,4433910.326081552,0.3229864,0.6290726817042607,2024-01-11 21:57:48+00:00,walton_lighthouse-2024-01-11-215748Z
-13581471.54513308,4433909.91341605,0.3229864,0.631578947368421,2024-01-11 21:57:48+00:00,walton_lighthouse-2024-01-11-215748Z
-13581469.681090642,4433909.499601584,0.3229864,0.6340852130325814,2024-01-11 21:57:48+00:00,walton_lighthouse-2024-01-11-215748Z
-13581467.81046101,4433909.107769833,0.3229864,0.6365914786967418,2024-01-11 21:57:48+00:00,walton_lighthouse-2024-01-11-215748Z
-13581465.948918097,4433908.685613875,0.3229864,0.6390977443609023,2024-01-11 21:57:48+00:00,walton_lighthouse-2024-01-11-215748Z
-13581464.087817913,4433908.261980503,0.3229864,0.6416040100250626,2024-01-11 21:57:48+00:00,walton_lighthouse-2024-01-11-215748Z
-13581462.219414638,4433907.862719071,0.3229864,0.644110275689223,2024-01-11 21:57:48+00:00,walton_lighthouse-2024-01-11-215748Z
-13581460.360595929,4433907.431471942,0.3229864,0.6466165413533834,2024-01-11 21:57:48+00:00,walton_lighthouse-2024-01-11-215748Z
-13581458.495551163,4433907.021002336,0.3229864,0.6491228070175439,2024-01-11 21:57:48+00:00,walton_lighthouse-2024-01-11-215748Z
-13581456.628319694,4433906.617830256,0.3229864,0.6516290726817042,2024-01-11 21:57:48+00:00,walton_lighthouse-2024-01-11-215748Z
-13581454.766204042,4433906.19758577,0.3229864,0.6541353383458646,2024-01-11 21:57:48+00:00,walton_lighthouse-2024-01-11-215748Z
-13581452.9046721,4433905.775393298,0.3229864,0.656641604010025,2024-01-11 21:57:48+00:00,walton_lighthouse-2024-01-11-215748Z
-13581451.038502334,4433905.368678004,0.3229864,0.6591478696741855,2024-01-11 21:57:48+00:00,walton_lighthouse-2024-01-11-215748Z
-13581449.17839908,4433904.941717692,0.3229864,0.6616541353383458,2024-01-11 21:57:48+00:00,walton_lighthouse-2024-01-11-215748Z
-13581447.308098176,4433904.548788977,0.3229864,0.6641604010025062,2024-01-11 21:57:48+00:00,walton_lighthouse-2024-01-11-215748Z
-13581445.43917389,4433904.151266153,0.3229864,0.6666666666666666,2024-01-11 21:57:48+00:00,walton_lighthouse-2024-01-11-215748Z
-13581443.566284278,4433903.766976359,0.3229864,0.6691729323308271,2024-01-11 21:57:48+00:00,walton_lighthouse-2024-01-11-215748Z
-13581441.695648516,4433903.375165026,0.3229864,0.6716791979949874,2024-01-11 21:57:48+00:00,walton_lighthouse-2024-01-11-215748Z
-13581439.821649136,4433902.994578846,0.3229864,0.6741854636591478,2024-01-11 21:57:48+00:00,walton_lighthouse-2024-01-11-215748Z
-13581437.953797195,4433902.593477392,0.3229864,0.6766917293233082,2024-01-11 21:57:48+00:00,walton_lighthouse-2024-01-11-215748Z
-13581436.07775204,4433902.2197182365,0.3229864,0.6791979949874687,2024-01-11 21:57:48+00:00,walton_lighthouse-2024-01-11-215748Z
-13581434.200847788,4433901.848826143,0.3229864,0.681704260651629,2024-01-11 21:57:48+00:00,walton_lighthouse-2024-01-11-215748Z
-13581432.325244436,4433901.473592683,0.3229864,0.6842105263157894,2024-01-11 21:57:48+00:00,walton_lighthouse-2024-01-11-215748Z
-13581430.454521924,4433901.082070894,0.3229864,0.6867167919799498,2024-01-11 21:57:48+00:00,walton_lighthouse-2024-01-11-215748Z
-13581428.581805998,4433900.697201434,0.3229864,0.6892230576441103,2024-01-11 21:57:48+00:00,walton_lighthouse-2024-01-11-215748Z
-13581426.704327453,4433900.328225914,0.3229864,0.6917293233082706,2024-01-11 21:57:48+00:00,walton_lighthouse-2024-01-11-215748Z
-13581424.836342644,4433899.927567909,0.3229864,0.694235588972431,2024-01-11 21:57:48+00:00,walton_lighthouse-2024-01-11-215748Z
-13581422.97039861,4433899.5200992925,0.3229864,0.6967418546365914,2024-01-11 21:57:48+00:00,walton_lighthouse-2024-01-11-215748Z
-13581421.104600044,4433899.112145339,0.3229864,0.6992481203007519,2024-01-11 21:57:48+00:00,walton_lighthouse-2024-01-11-215748Z
-13581419.23829894,4433898.705868513,0.3229864,0.7017543859649122,2024-01-11 21:57:48+00:00,walton_lighthouse-2024-01-11-215748Z
-13581417.373853847,4433898.293397758,0.3229864,0.7042606516290726,2024-01-11 21:57:48+00:00,walton_lighthouse-2024-01-11-215748Z
-13581415.500252126,4433897.911484415,0.3229864,0.706766917293233,2024-01-11 21:57:48+00:00,walton_lighthouse-2024-01-11-215748Z
-13581413.633651054,4433897.506208536,0.3229864,0.7092731829573935,2024-01-11 21:57:48+00:00,walton_lighthouse-2024-01-11-215748Z
-13581411.764078071,4433897.110850614,0.3229864,0.7117794486215538,2024-01-11 21:57:48+00:00,walton_lighthouse-2024-01-11-215748Z
-13581409.897896364,4433896.704175271,0.3229864,0.7142857142857142,2024-01-11 21:57:48+00:00,walton_lighthouse-2024-01-11-215748Z
-13581408.02657529,4433896.314650926,0.3229864,0.7167919799498746,2024-01-11 21:57:48+00:00,walton_lighthouse-2024-01-11-215748Z
-13581406.160691574,4433895.906981174,0.3229864,0.7192982456140351,2024-01-11 21:57:48+00:00,walton_lighthouse-2024-01-11-215748Z
-13581404.293466397,4433895.503788121,0.3229864,0.7218045112781954,2024-01-11 21:57:48+00:00,walton_lighthouse-2024-01-11-215748Z
-13581402.421530344,4433895.116316149,0.3229864,0.7243107769423558,2024-01-11 21:57:48+00:00,walton_lighthouse-2024-01-11-215748Z
-13581400.55950686,4433894.695763942,0.3229864,0.7268170426065163,2024-01-11 21:57:48+00:00,walton_lighthouse-2024-01-11-215748Z
-13581398.686806262,4433894.310843411,0.3229864,0.7293233082706767,2024-01-11 21:57:48+00:00,walton_lighthouse-2024-01-11-215748Z
-13581396.810256038,4433893.938769931,0.3229864,0.731829573934837,2024-01-11 21:57:48+00:00,walton_lighthouse-2024-01-11-215748Z
-13581394.940759905,4433893.543155424,0.3229864,0.7343358395989974,2024-01-11 21:57:48+00:00,walton_lighthouse-2024-01-11-215748Z
-13581393.067338586,4433893.160640009,0.3229864,0.7368421052631579,2024-01-11 21:57:48+00:00,walton_lighthouse-2024-01-11-215748Z
-13581391.19198352,4433892.784577946,0.3229864,0.7393483709273183,2024-01-11 21:57:48+00:00,walton_lighthouse-2024-01-11-215748Z
-13581389.317247435,4433892.406450285,0.3229864,0.7418546365914787,2024-01-11 21:57:48+00:00,walton_lighthouse-2024-01-11-215748Z
-13581387.438974014,4433892.040127391,0.3229864,0.744360902255639,2024-01-11 21:57:48+00:00,walton_lighthouse-2024-01-11-215748Z
-13581385.564308856,4433891.661762854,0.3229864,0.7468671679197995,2024-01-11 21:57:48+00:00,walton_lighthouse-2024-01-11-215748Z
-13581383.685638256,4433891.296765376,0.3229864,0.7493734335839599,2024-01-11 21:57:48+00:00,walton_lighthouse-2024-01-11-215748Z
-13581381.812138882,4433890.91451058,0.3229864,0.7518796992481203,2024-01-11 21:57:48+00:00,walton_lighthouse-2024-01-11-215748Z
-13581379.938272487,4433890.533480534,0.3229864,0.7543859649122806,2024-01-11 21:57:48+00:00,walton_lighthouse-2024-01-11-215748Z
-13581378.061011571,4433890.16377858,0.3229864,0.7568922305764411,2024-01-11 21:57:48+00:00,walton_lighthouse-2024-01-11-215748Z
-13581376.19782713,4433889.747100794,0.3229864,0.7593984962406015,2024-01-11 21:57:48+00:00,walton_lighthouse-2024-01-11-215748Z
-13581374.32635415,4433889.358083574,0.3229864,0.7619047619047619,2024-01-11 21:57:48+00:00,walton_lighthouse-2024-01-11-215748Z
-13581372.447264386,4433888.994484873,0.3229864,0.7644110275689222,2024-01-11 21:57:48+00:00,walton_lighthouse-2024-01-11-215748Z
-13581370.571812551,4433888.6187456725,0.3229864,0.7669172932330827,2024-01-11 21:57:48+00:00,walton_lighthouse-2024-01-11-215748Z
-13581368.694754954,4433888.248365364,0.3229864,0.7694235588972431,2024-01-11 21:57:48+00:00,walton_lighthouse-2024-01-11-215748Z
-13581366.808688097,4433887.908050635,0.3229864,0.7719298245614035,2024-01-11 21:57:48+00:00,walton_lighthouse-2024-01-11-215748Z
-13581364.935570952,4433887.52452015,0.3229864,0.7744360902255638,2024-01-11 21:57:48+00:00,walton_lighthouse-2024-01-11-215748Z
-13581363.06231382,4433887.14145684,0.3229864,0.7769423558897243,2024-01-11 21:57:48+00:00,walton_lighthouse-2024-01-11-215748Z
-13581361.187957983,4433886.762060221,0.3229864,0.7794486215538847,2024-01-11 21:57:48+00:00,walton_lighthouse-2024-01-11-215748Z
-13581359.318434997,4433886.366535382,0.3229864,0.7819548872180451,2024-01-11 21:57:48+00:00,walton_lighthouse-2024-01-11-215748Z
-13581357.445017984,4433885.98400559,0.3229864,0.7844611528822054,2024-01-11 21:57:48+00:00,walton_lighthouse-2024-01-11-215748Z
-13581355.57244468,4433885.598660287,0.3229864,0.7869674185463659,2024-01-11 21:57:48+00:00,walton_lighthouse-2024-01-11-215748Z
-13581353.690310828,4433885.245220383,0.3229864,0.7894736842105263,2024-01-11 21:57:48+00:00,walton_lighthouse-2024-01-11-215748Z
-13581351.807785848,4433884.893085714,0.3229864,0.7919799498746867,2024-01-11 21:57:48+00:00,walton_lighthouse-2024-01-11-215748Z
-13581349.925305406,4433884.54080234,0.3229864,0.794486215538847,2024-01-11 21:57:48+00:00,walton_lighthouse-2024-01-11-215748Z
-13581348.039538186,4433884.199487653,0.3229864,0.7969924812030075,2024-01-11 21:57:48+00:00,walton_lighthouse-2024-01-11-215748Z
-13581346.157755746,4433883.844875107,0.3229864,0.7994987468671679,2024-01-11 21:57:48+00:00,walton_lighthouse-2024-01-11-215748Z
-13581344.278815689,4433883.480776805,0.3229864,0.8020050125313283,2024-01-11 21:57:48+00:00,walton_lighthouse-2024-01-11-215748Z
-13581342.389139676,4433883.152506452,0.3229864,0.8045112781954886,2024-01-11 21:57:48+00:00,walton_lighthouse-2024-01-11-215748Z
-13581340.504146889,4433882.808607323,0.3229864,0.8070175438596491,2024-01-11 21:57:48+00:00,walton_lighthouse-2024-01-11-215748Z
-13581338.627455294,4433882.437005597,0.3229864,0.8095238095238095,2024-01-11 21:57:48+00:00,walton_lighthouse-2024-01-11-215748Z
-13581336.74260375,4433882.092635164,0.3229864,0.8120300751879699,2024-01-11 21:57:48+00:00,walton_lighthouse-2024-01-11-215748Z
-13581334.861824015,4433881.7346761525,0.3229864,0.8145363408521302,2024-01-11 21:57:48+00:00,walton_lighthouse-2024-01-11-215748Z
-13581332.970628286,4433881.4114774605,0.3229864,0.8170426065162907,2024-01-11 21:57:48+00:00,walton_lighthouse-2024-01-11-215748Z
-13581331.097783577,4433881.027037931,0.3229864,0.8195488721804511,2024-01-11 21:57:48+00:00,walton_lighthouse-2024-01-11-215748Z
-13581329.213027228,4433880.682349773,0.3229864,0.8220551378446115,2024-01-11 21:57:48+00:00,walton_lighthouse-2024-01-11-215748Z
-13581327.324162103,4433880.351373356,0.3229864,0.8245614035087718,2024-01-11 21:57:48+00:00,walton_lighthouse-2024-01-11-215748Z
-13581325.436962092,4433880.014840123,0.3229864,0.8270676691729323,2024-01-11 21:57:48+00:00,walton_lighthouse-2024-01-11-215748Z
-13581323.551668763,4433879.671944052,0.3229864,0.8295739348370927,2024-01-11 21:57:48+00:00,walton_lighthouse-2024-01-11-215748Z
-13581321.66605822,4433879.330106506,0.3229864,0.8320802005012531,2024-01-11 21:57:48+00:00,walton_lighthouse-2024-01-11-215748Z
-13581319.786160031,4433878.969205654,0.3229864,0.8345864661654134,2024-01-11 21:57:48+00:00,walton_lighthouse-2024-01-11-215748Z
-13581317.891798353,4433878.65657239,0.3229864,0.8370927318295739,2024-01-11 21:57:48+00:00,walton_lighthouse-2024-01-11-215748Z
-13581316.020459335,4433878.2671080185,0.3229864,0.8395989974937343,2024-01-11 21:57:48+00:00,walton_lighthouse-2024-01-11-215748Z
-13581314.142589888,4433877.899436939,0.3229864,0.8421052631578947,2024-01-11 21:57:48+00:00,walton_lighthouse-2024-01-11-215748Z
-13581312.27420224,4433877.500123167,0.3229864,0.844611528822055,2024-01-11 21:57:48+00:00,walton_lighthouse-2024-01-11-215748Z
-13581310.399812168,4433877.120840819,0.3229864,0.8471177944862155,2024-01-11 21:57:48+00:00,walton_lighthouse-2024-01-11-215748Z
-13581308.526286297,4433876.738674428,0.3229864,0.849624060150376,2024-01-11 21:57:48+00:00,walton_lighthouse-2024-01-11-215748Z
-13581306.652179938,4433876.358445055,0.3229864,0.8521303258145363,2024-01-11 21:57:48+00:00,walton_lighthouse-2024-01-11-215748Z
-13581304.77498246,4433875.988531481,0.3229864,0.8546365914786966,2024-01-11 21:57:48+00:00,walton_lighthouse-2024-01-11-215748Z
-13581302.894431002,4433875.629810862,0.3229864,0.8571428571428571,2024-01-11 21:57:48+00:00,walton_lighthouse-2024-01-11-215748Z
-13581301.018773649,4433875.254757599,0.3229864,0.8596491228070176,2024-01-11 21:57:48+00:00,walton_lighthouse-2024-01-11-215748Z
-13581299.136524038,4433874.901703928,0.3229864,0.8621553884711779,2024-01-11 21:57:48+00:00,walton_lighthouse-2024-01-11-215748Z
-13581297.255369842,4433874.54499464,0.3229864,0.8646616541353382,2024-01-11 21:57:48+00:00,walton_lighthouse-2024-01-11-215748Z
-13581295.371822707,4433874.196271181,0.3229864,0.8671679197994987,2024-01-11 21:57:48+00:00,walton_lighthouse-2024-01-11-215748Z
-13581293.484536843,4433873.860024501,0.3229864,0.8696741854636592,2024-01-11 21:57:48+00:00,walton_lighthouse-2024-01-11-215748Z
-13581291.583627528,4433873.569241854,0.3229864,0.8721804511278195,2024-01-11 21:57:48+00:00,walton_lighthouse-2024-01-11-215748Z
-13581289.683701675,4433873.2751773065,0.3229864,0.8746867167919798,2024-01-11 21:57:48+00:00,walton_lighthouse-2024-01-11-215748Z
-13581287.759169891,4433873.063227518,0.3229864,0.8771929824561403,2024-01-11 21:57:48+00:00,walton_lighthouse-2024-01-11-215748Z
-13581285.804347135,4433872.952364563,0.3229864,0.8796992481203008,2024-01-11 21:57:48+00:00,walton_lighthouse-2024-01-11-215748Z
-13581283.834244467,4433872.892493541,0.3229864,0.8822055137844611,2024-01-11 21:57:48+00:00,walton_lighthouse-2024-01-11-215748Z
-13581281.863454051,4433872.834917747,0.3229864,0.8847117794486214,2024-01-11 21:57:48+00:00,walton_lighthouse-2024-01-11-215748Z
-13581279.876177378,4433872.832359929,0.3229864,0.8872180451127819,2024-01-11 21:57:48+00:00,walton_lighthouse-2024-01-11-215748Z
-13581277.89068823,4433872.823836609,0.3229864,0.8897243107769424,2024-01-11 21:57:48+00:00,walton_lighthouse-2024-01-11-215748Z
-13581277.89068823,4433872.823836609,0.3229864,0.8922305764411027,2024-01-11 21:57:48+00:00,walton_lighthouse-2024-01-11-215748Z
-13581277.89068823,4433872.823836609,0.3229864,0.894736842105263,2024-01-11 21:57:48+00:00,walton_lighthouse-2024-01-11-215748Z
-13581277.89068823,4433872.823836609,0.3229864,0.8972431077694235,2024-01-11 21:57:48+00:00,walton_lighthouse-2024-01-11-215748Z
-13581277.89068823,4433872.823836609,0.3229864,0.899749373433584,2024-01-11 21:57:48+00:00,walton_lighthouse-2024-01-11-215748Z
-13581277.89068823,4433872.823836609,0.3229864,0.9022556390977443,2024-01-11 21:57:48+00:00,walton_lighthouse-2024-01-11-215748Z
-13581277.89068823,4433872.823836609,0.3229864,0.9047619047619047,2024-01-11 21:57:48+00:00,walton_lighthouse-2024-01-11-215748Z
-13581277.89068823,4433872.823836609,0.3229864,0.9072681704260651,2024-01-11 21:57:48+00:00,walton_lighthouse-2024-01-11-215748Z
-13581277.89068823,4433872.823836609,0.3229864,0.9097744360902256,2024-01-11 21:57:48+00:00,walton_lighthouse-2024-01-11-215748Z
-13581277.89068823,4433872.823836609,0.3229864,0.9122807017543859,2024-01-11 21:57:48+00:00,walton_lighthouse-2024-01-11-215748Z
-13581277.89068823,4433872.823836609,0.3229864,0.9147869674185463,2024-01-11 21:57:48+00:00,walton_lighthouse-2024-01-11-215748Z
-13581277.89068823,4433872.823836609,0.3229864,0.9172932330827067,2024-01-11 21:57:48+00:00,walton_lighthouse-2024-01-11-215748Z
-13581277.89068823,4433872.823836609,0.3229864,0.9197994987468672,2024-01-11 21:57:48+00:00,walton_lighthouse-2024-01-11-215748Z
-13581277.89068823,4433872.823836609,0.3229864,0.9223057644110275,2024-01-11 21:57:48+00:00,walton_lighthouse-2024-01-11-215748Z
-13581277.89068823,4433872.823836609,0.3229864,0.9248120300751879,2024-01-11 21:57:48+00:00,walton_lighthouse-2024-01-11-215748Z
-13581277.89068823,4433872.823836609,0.3229864,0.9273182957393483,2024-01-11 21:57:48+00:00,walton_lighthouse-2024-01-11-215748Z
-13581277.89068823,4433872.823836609,0.3229864,0.9298245614035088,2024-01-11 21:57:48+00:00,walton_lighthouse-2024-01-11-215748Z
-13581277.89068823,4433872.823836609,0.3229864,0.9323308270676691,2024-01-11 21:57:48+00:00,walton_lighthouse-2024-01-11-215748Z
-13581277.89068823,4433872.823836609,0.3229864,0.9348370927318295,2024-01-11 21:57:48+00:00,walton_lighthouse-2024-01-11-215748Z
-13581277.89068823,4433872.823836609,0.3229864,0.9373433583959899,2024-01-11 21:57:48+00:00,walton_lighthouse-2024-01-11-215748Z
-13581277.89068823,4433872.823836609,0.3229864,0.9398496240601504,2024-01-11 21:57:48+00:00,walton_lighthouse-2024-01-11-215748Z
-13581277.89068823,4433872.823836609,0.3229864,0.9423558897243107,2024-01-11 21:57:48+00:00,walton_lighthouse-2024-01-11-215748Z
-13581277.89068823,4433872.823836609,0.3229864,0.9448621553884711,2024-01-11 21:57:48+00:00,walton_lighthouse-2024-01-11-215748Z
-13581277.89068823,4433872.823836609,0.3229864,0.9473684210526315,2024-01-11 21:57:48+00:00,walton_lighthouse-2024-01-11-215748Z
-13581277.89068823,4433872.823836609,0.3229864,0.949874686716792,2024-01-11 21:57:48+00:00,walton_lighthouse-2024-01-11-215748Z
-13581277.89068823,4433872.823836609,0.3229864,0.9523809523809523,2024-01-11 21:57:48+00:00,walton_lighthouse-2024-01-11-215748Z
-13581277.89068823,4433872.823836609,0.3229864,0.9548872180451127,2024-01-11 21:57:48+00:00,walton_lighthouse-2024-01-11-215748Z
-13581277.89068823,4433872.823836609,0.3229864,0.9573934837092731,2024-01-11 21:57:48+00:00,walton_lighthouse-2024-01-11-215748Z
-13581277.89068823,4433872.823836609,0.3229864,0.9598997493734336,2024-01-11 21:57:48+00:00,walton_lighthouse-2024-01-11-215748Z
-13581277.89068823,4433872.823836609,0.3229864,0.9624060150375939,2024-01-11 21:57:48+00:00,walton_lighthouse-2024-01-11-215748Z
-13581277.89068823,4433872.823836609,0.3229864,0.9649122807017543,2024-01-11 21:57:48+00:00,walton_lighthouse-2024-01-11-215748Z
-13581277.89068823,4433872.823836609,0.3229864,0.9674185463659147,2024-01-11 21:57:48+00:00,walton_lighthouse-2024-01-11-215748Z
-13581277.89068823,4433872.823836609,0.3229864,0.9699248120300752,2024-01-11 21:57:48+00:00,walton_lighthouse-2024-01-11-215748Z
-13581277.89068823,4433872.823836609,0.3229864,0.9724310776942355,2024-01-11 21:57:48+00:00,walton_lighthouse-2024-01-11-215748Z
-13581277.89068823,4433872.823836609,0.3229864,0.9749373433583959,2024-01-11 21:57:48+00:00,walton_lighthouse-2024-01-11-215748Z
-13581277.89068823,4433872.823836609,0.3229864,0.9774436090225563,2024-01-11 21:57:48+00:00,walton_lighthouse-2024-01-11-215748Z
-13581277.89068823,4433872.823836609,0.3229864,0.9799498746867168,2024-01-11 21:57:48+00:00,walton_lighthouse-2024-01-11-215748Z
-13581277.89068823,4433872.823836609,0.3229864,0.9824561403508771,2024-01-11 21:57:48+00:00,walton_lighthouse-2024-01-11-215748Z
-13581277.89068823,4433872.823836609,0.3229864,0.9849624060150375,2024-01-11 21:57:48+00:00,walton_lighthouse-2024-01-11-215748Z
-13581277.89068823,4433872.823836609,0.3229864,0.9874686716791979,2024-01-11 21:57:48+00:00,walton_lighthouse-2024-01-11-215748Z
-13581277.89068823,4433872.823836609,0.3229864,0.9899749373433584,2024-01-11 21:57:48+00:00,walton_lighthouse-2024-01-11-215748Z
-13581277.89068823,4433872.823836609,0.3229864,0.9924812030075187,2024-01-11 21:57:48+00:00,walton_lighthouse-2024-01-11-215748Z
-13581277.89068823,4433872.823836609,0.3229864,0.9949874686716791,2024-01-11 21:57:48+00:00,walton_lighthouse-2024-01-11-215748Z
-13581277.89068823,4433872.823836609,0.3229864,0.9974937343358395,2024-01-11 21:57:48+00:00,walton_lighthouse-2024-01-11-215748Z
-13581277.89068823,4433872.823836609,0.3229864,1.0,2024-01-11 21:57:48+00:00,walton_lighthouse-2024-01-11-215748Z
-13581919.59293677,4434086.581378033,0.023342600000000005,0.0,2024-01-11 22:34:23+00:00,walton_lighthouse-2024-01-11-223423Z
-13581917.853766466,4434085.750841043,0.023342600000000005,0.002506265664160401,2024-01-11 22:34:23+00:00,walton_lighthouse-2024-01-11-223423Z
-13581916.120664353,4434084.900053289,0.023342600000000005,0.005012531328320802,2024-01-11 22:34:23+00:00,walton_lighthouse-2024-01-11-223423Z
-13581914.377433231,4434084.083067895,0.023342600000000005,0.007518796992481203,2024-01-11 22:34:23+00:00,walton_lighthouse-2024-01-11-223423Z
-13581912.639204103,4434083.249389987,0.023342600000000005,0.010025062656641603,2024-01-11 22:34:23+00:00,walton_lighthouse-2024-01-11-223423Z
-13581910.869918471,4434082.519353808,0.023342600000000005,0.012531328320802004,2024-01-11 22:34:23+00:00,walton_lighthouse-2024-01-11-223423Z
-13581909.103512457,4434081.779707576,0.023342600000000005,0.015037593984962405,2024-01-11 22:34:23+00:00,walton_lighthouse-2024-01-11-223423Z
-13581907.338678136,4434081.034816251,0.023342600000000005,0.017543859649122806,2024-01-11 22:34:23+00:00,walton_lighthouse-2024-01-11-223423Z
-13581905.604560068,4434080.187418934,0.023342600000000005,0.020050125313283207,2024-01-11 22:34:23+00:00,walton_lighthouse-2024-01-11-223423Z
-13581903.840673866,4434079.439363756,0.023342600000000005,0.022556390977443608,2024-01-11 22:34:23+00:00,walton_lighthouse-2024-01-11-223423Z
-13581902.099194558,4434078.616532383,0.023342600000000005,0.02506265664160401,2024-01-11 22:34:23+00:00,walton_lighthouse-2024-01-11-223423Z
-13581900.355822958,4434077.800015741,0.023342600000000005,0.02756892230576441,2024-01-11 22:34:23+00:00,walton_lighthouse-2024-01-11-223423Z
-13581898.592495762,4434077.050094954,0.023342600000000005,0.03007518796992481,2024-01-11 22:34:23+00:00,walton_lighthouse-2024-01-11-223423Z
-13581896.82147404,4434076.32585238,0.023342600000000005,0.03258145363408521,2024-01-11 22:34:23+00:00,walton_lighthouse-2024-01-11-223423Z
-13581895.043939618,4434075.623343857,0.023342600000000005,0.03508771929824561,2024-01-11 22:34:23+00:00,walton_lighthouse-2024-01-11-223423Z
-13581893.28243804,4434074.867330588,0.023342600000000005,0.03759398496240601,2024-01-11 22:34:23+00:00,walton_lighthouse-2024-01-11-223423Z
-13581891.505997209,4434074.161172481,0.023342600000000005,0.040100250626566414,2024-01-11 22:34:23+00:00,walton_lighthouse-2024-01-11-223423Z
-13581889.766221585,4434073.332655633,0.023342600000000005,0.042606516290726815,2024-01-11 22:34:23+00:00,walton_lighthouse-2024-01-11-223423Z
-13581888.022993658,4434072.51565967,0.023342600000000005,0.045112781954887216,2024-01-11 22:34:23+00:00,walton_lighthouse-2024-01-11-223423Z
-13581886.270110833,4434071.730883899,0.023342600000000005,0.047619047619047616,2024-01-11 22:34:23+00:00,walton_lighthouse-2024-01-11-223423Z
-13581884.487182302,4434071.046376618,0.023342600000000005,0.05012531328320802,2024-01-11 22:34:23+00:00,walton_lighthouse-2024-01-11-223423Z
-13581882.704205789,4434070.362029445,0.023342600000000005,0.05263157894736842,2024-01-11 22:34:23+00:00,walton_lighthouse-2024-01-11-223423Z
-13581880.929734193,4434069.649299677,0.023342600000000005,0.05513784461152882,2024-01-11 22:34:23+00:00,walton_lighthouse-2024-01-11-223423Z
-13581879.164254302,4434068.90656275,0.023342600000000005,0.05764411027568922,2024-01-11 22:34:23+00:00,walton_lighthouse-2024-01-11-223423Z
-13581877.407838786,4434068.133576348,0.023342600000000005,0.06015037593984962,2024-01-11 22:34:23+00:00,walton_lighthouse-2024-01-11-223423Z
-13581875.646935623,4434067.375566236,0.023342600000000005,0.06265664160401002,2024-01-11 22:34:23+00:00,walton_lighthouse-2024-01-11-223423Z
-13581873.88626358,4434066.6167846285,0.023342600000000005,0.06516290726817042,2024-01-11 22:34:23+00:00,walton_lighthouse-2024-01-11-223423Z
-13581872.13170782,4434065.837591752,0.023342600000000005,0.06766917293233082,2024-01-11 22:34:23+00:00,walton_lighthouse-2024-01-11-223423Z
-13581870.35058251,4434065.1470667245,0.023342600000000005,0.07017543859649122,2024-01-11 22:34:23+00:00,walton_lighthouse-2024-01-11-223423Z
-13581868.56642181,4434064.466671472,0.023342600000000005,0.07268170426065163,2024-01-11 22:34:23+00:00,walton_lighthouse-2024-01-11-223423Z
-13581866.783394167,4434063.78249494,0.023342600000000005,0.07518796992481203,2024-01-11 22:34:23+00:00,walton_lighthouse-2024-01-11-223423Z
-13581864.996422429,4434063.1114804335,0.023342600000000005,0.07769423558897243,2024-01-11 22:34:23+00:00,walton_lighthouse-2024-01-11-223423Z
-13581863.222888038,4434062.395623122,0.023342600000000005,0.08020050125313283,2024-01-11 22:34:23+00:00,walton_lighthouse-2024-01-11-223423Z
-13581861.448396552,4434061.682959726,0.023342600000000005,0.08270676691729323,2024-01-11 22:34:23+00:00,walton_lighthouse-2024-01-11-223423Z
-13581859.645077,4434061.066501098,0.023342600000000005,0.08521303258145363,2024-01-11 22:34:23+00:00,walton_lighthouse-2024-01-11-223423Z
-13581857.857344346,4434060.398026103,0.023342600000000005,0.08771929824561403,2024-01-11 22:34:23+00:00,walton_lighthouse-2024-01-11-223423Z
-13581856.088020928,4434059.6681159,0.023342600000000005,0.09022556390977443,2024-01-11 22:34:23+00:00,walton_lighthouse-2024-01-11-223423Z
-13581854.318266837,4434058.939642915,0.023342600000000005,0.09273182957393483,2024-01-11 22:34:23+00:00,walton_lighthouse-2024-01-11-223423Z
-13581852.574376144,4434058.124858642,0.023342600000000005,0.09523809523809523,2024-01-11 22:34:23+00:00,walton_lighthouse-2024-01-11-223423Z
-13581850.792071562,4434057.43826907,0.023342600000000005,0.09774436090225563,2024-01-11 22:34:23+00:00,walton_lighthouse-2024-01-11-223423Z
-13581849.004378345,4434056.769662566,0.023342600000000005,0.10025062656641603,2024-01-11 22:34:23+00:00,walton_lighthouse-2024-01-11-223423Z
-13581847.208839534,4434056.127238122,0.023342600000000005,0.10275689223057644,2024-01-11 22:34:23+00:00,walton_lighthouse-2024-01-11-223423Z
-13581845.449484617,4434055.36406098,0.023342600000000005,0.10526315789473684,2024-01-11 22:34:23+00:00,walton_lighthouse-2024-01-11-223423Z
-13581843.71431517,4434054.52017231,0.023342600000000005,0.10776942355889724,2024-01-11 22:34:23+00:00,walton_lighthouse-2024-01-11-223423Z
-13581841.957754804,4434053.747669396,0.023342600000000005,0.11027568922305764,2024-01-11 22:34:23+00:00,walton_lighthouse-2024-01-11-223423Z
-13581840.241499957,4434052.840659098,0.023342600000000005,0.11278195488721804,2024-01-11 22:34:23+00:00,walton_lighthouse-2024-01-11-223423Z
-13581838.521107305,4434051.947457266,0.023342600000000005,0.11528822055137844,2024-01-11 22:34:23+00:00,walton_lighthouse-2024-01-11-223423Z
-13581836.752582792,4434051.214880922,0.023342600000000005,0.11779448621553884,2024-01-11 22:34:23+00:00,walton_lighthouse-2024-01-11-223423Z
-13581835.008562654,4434050.400528823,0.023342600000000005,0.12030075187969924,2024-01-11 22:34:23+00:00,walton_lighthouse-2024-01-11-223423Z
-13581833.27642545,4434049.546520989,0.023342600000000005,0.12280701754385964,2024-01-11 22:34:23+00:00,walton_lighthouse-2024-01-11-223423Z
-13581831.551850488,4434048.667276436,0.023342600000000005,0.12531328320802004,2024-01-11 22:34:23+00:00,walton_lighthouse-2024-01-11-223423Z
-13581829.792844404,4434047.902935194,0.023342600000000005,0.12781954887218044,2024-01-11 22:34:23+00:00,walton_lighthouse-2024-01-11-223423Z
-13581828.057452038,4434047.059790553,0.023342600000000005,0.13032581453634084,2024-01-11 22:34:23+00:00,walton_lighthouse-2024-01-11-223423Z
-13581826.33174668,4434046.184318397,0.023342600000000005,0.13283208020050125,2024-01-11 22:34:23+00:00,walton_lighthouse-2024-01-11-223423Z
-13581824.577271976,4434045.404855029,0.023342600000000005,0.13533834586466165,2024-01-11 22:34:23+00:00,walton_lighthouse-2024-01-11-223423Z
-13581822.7947925,4434044.718849164,0.023342600000000005,0.13784461152882205,2024-01-11 22:34:23+00:00,walton_lighthouse-2024-01-11-223423Z
-13581821.02407272,4434043.99359889,0.023342600000000005,0.14035087719298245,2024-01-11 22:34:23+00:00,walton_lighthouse-2024-01-11-223423Z
-13581819.277323516,4434043.18835413,0.023342600000000005,0.14285714285714285,2024-01-11 22:34:23+00:00,walton_lighthouse-2024-01-11-223423Z
-13581817.516920695,4434042.428674033,0.023342600000000005,0.14536340852130325,2024-01-11 22:34:23+00:00,walton_lighthouse-2024-01-11-223423Z
-13581815.868499788,4434041.295288681,0.023342600000000005,0.14786967418546365,2024-01-11 22:34:23+00:00,walton_lighthouse-2024-01-11-223423Z
-13581814.218627095,4434040.166748339,0.023342600000000005,0.15037593984962405,2024-01-11 22:34:23+00:00,walton_lighthouse-2024-01-11-223423Z
-13581812.57276545,4434039.024822174,0.023342600000000005,0.15288220551378445,2024-01-11 22:34:23+00:00,walton_lighthouse-2024-01-11-223423Z
-13581810.893370591,4434037.994802818,0.023342600000000005,0.15538847117794485,2024-01-11 22:34:23+00:00,walton_lighthouse-2024-01-11-223423Z
-13581809.227837753,4434036.918523371,0.023342600000000005,0.15789473684210525,2024-01-11 22:34:23+00:00,walton_lighthouse-2024-01-11-223423Z
-13581807.541266115,4434035.912454391,0.023342600000000005,0.16040100250626566,2024-01-11 22:34:23+00:00,walton_lighthouse-2024-01-11-223423Z
-13581806.007261423,4434034.3972399,0.023342600000000005,0.16290726817042606,2024-01-11 22:34:23+00:00,walton_lighthouse-2024-01-11-223423Z
-13581804.408144291,4434033.099318215,0.023342600000000005,0.16541353383458646,2024-01-11 22:34:23+00:00,walton_lighthouse-2024-01-11-223423Z
-13581802.824591665,4434031.749454916,0.023342600000000005,0.16791979949874686,2024-01-11 22:34:23+00:00,walton_lighthouse-2024-01-11-223423Z
-13581801.156641746,4434030.681241653,0.023342600000000005,0.17042606516290726,2024-01-11 22:34:23+00:00,walton_lighthouse-2024-01-11-223423Z
-13581799.587850353,4434029.282117075,0.023342600000000005,0.17293233082706766,2024-01-11 22:34:23+00:00,walton_lighthouse-2024-01-11-223423Z
-13581797.862711512,4434028.404754379,0.023342600000000005,0.17543859649122806,2024-01-11 22:34:23+00:00,walton_lighthouse-2024-01-11-223423Z
-13581796.25514603,4434027.135026577,0.023342600000000005,0.17794486215538846,2024-01-11 22:34:23+00:00,walton_lighthouse-2024-01-11-223423Z
-13581794.463578738,4434026.479348468,0.023342600000000005,0.18045112781954886,2024-01-11 22:34:23+00:00,walton_lighthouse-2024-01-11-223423Z
-13581792.799357437,4434025.398692004,0.023342600000000005,0.18295739348370926,2024-01-11 22:34:23+00:00,walton_lighthouse-2024-01-11-223423Z
-13581791.134454085,4434024.320311755,0.023342600000000005,0.18546365914786966,2024-01-11 22:34:23+00:00,walton_lighthouse-2024-01-11-223423Z
-13581789.425165167,4434023.390054878,0.023342600000000005,0.18796992481203006,2024-01-11 22:34:23+00:00,walton_lighthouse-2024-01-11-223423Z
-13581787.73209064,4434022.405687249,0.023342600000000005,0.19047619047619047,2024-01-11 22:34:23+00:00,walton_lighthouse-2024-01-11-223423Z
-13581786.106333992,4434021.196666781,0.023342600000000005,0.19298245614035087,2024-01-11 22:34:23+00:00,walton_lighthouse-2024-01-11-223423Z
-13581784.51547131,4434019.871198462,0.023342600000000005,0.19548872180451127,2024-01-11 22:34:23+00:00,walton_lighthouse-2024-01-11-223423Z
-13581782.921780542,4434018.555168092,0.023342600000000005,0.19799498746867167,2024-01-11 22:34:23+00:00,walton_lighthouse-2024-01-11-223423Z
-13581781.308840442,4434017.303376441,0.023342600000000005,0.20050125313283207,2024-01-11 22:34:23+00:00,walton_lighthouse-2024-01-11-223423Z
-13581779.708365088,4434016.009987341,0.023342600000000005,0.20300751879699247,2024-01-11 22:34:23+00:00,walton_lighthouse-2024-01-11-223423Z
-13581778.035621095,4434014.957772838,0.023342600000000005,0.20551378446115287,2024-01-11 22:34:23+00:00,walton_lighthouse-2024-01-11-223423Z
-13581776.577774191,4434013.188405143,0.023342600000000005,0.20802005012531327,2024-01-11 22:34:23+00:00,walton_lighthouse-2024-01-11-223423Z
-13581775.18220321,4434011.21121054,0.023342600000000005,0.21052631578947367,2024-01-11 22:34:23+00:00,walton_lighthouse-2024-01-11-223423Z
-13581773.636513662,4434009.734990678,0.023342600000000005,0.21303258145363407,2024-01-11 22:34:23+00:00,walton_lighthouse-2024-01-11-223423Z
-13581772.037428752,4434008.436961472,0.023342600000000005,0.21553884711779447,2024-01-11 22:34:23+00:00,walton_lighthouse-2024-01-11-223423Z
-13581770.548783276,4434006.770374593,0.023342600000000005,0.21804511278195488,2024-01-11 22:34:23+00:00,walton_lighthouse-2024-01-11-223423Z
-13581769.063452655,4434005.09272531,0.023342600000000005,0.22055137844611528,2024-01-11 22:34:23+00:00,walton_lighthouse-2024-01-11-223423Z
-13581767.529965196,4434003.575784676,0.023342600000000005,0.22305764411027568,2024-01-11 22:34:23+00:00,walton_lighthouse-2024-01-11-223423Z
-13581765.983636113,4434002.101699139,0.023342600000000005,0.22556390977443608,2024-01-11 22:34:23+00:00,walton_lighthouse-2024-01-11-223423Z
-13581764.420103123,4434000.685026353,0.023342600000000005,0.22807017543859648,2024-01-11 22:34:23+00:00,walton_lighthouse-2024-01-11-223423Z
-13581762.87544392,4433999.20536807,0.023342600000000005,0.23057644110275688,2024-01-11 22:34:23+00:00,walton_lighthouse-2024-01-11-223423Z
-13581761.261378571,4433997.9573314665,0.023342600000000005,0.23308270676691728,2024-01-11 22:34:23+00:00,walton_lighthouse-2024-01-11-223423Z
-13581759.704833943,4433996.517337214,0.023342600000000005,0.23558897243107768,2024-01-11 22:34:23+00:00,walton_lighthouse-2024-01-11-223423Z
-13581758.098801348,4433995.242493877,0.023342600000000005,0.23809523809523808,2024-01-11 22:34:23+00:00,walton_lighthouse-2024-01-11-223423Z
-13581756.421208344,4433994.206461353,0.023342600000000005,0.24060150375939848,2024-01-11 22:34:23+00:00,walton_lighthouse-2024-01-11-223423Z
-13581754.665331168,4433993.431678407,0.023342600000000005,0.24310776942355888,2024-01-11 22:34:23+00:00,walton_lighthouse-2024-01-11-223423Z
-13581752.9578639,4433992.495342266,0.023342600000000005,0.24561403508771928,2024-01-11 22:34:23+00:00,walton_lighthouse-2024-01-11-223423Z
-13581751.224979777,4433991.643827041,0.023342600000000005,0.24812030075187969,2024-01-11 22:34:23+00:00,walton_lighthouse-2024-01-11-223423Z
-13581749.490210444,4433990.798603049,0.023342600000000005,0.2506265664160401,2024-01-11 22:34:23+00:00,walton_lighthouse-2024-01-11-223423Z
-13581747.749026494,4433989.974785958,0.023342600000000005,0.2531328320802005,2024-01-11 22:34:23+00:00,walton_lighthouse-2024-01-11-223423Z
-13581745.978855474,4433989.247704431,0.023342600000000005,0.2556390977443609,2024-01-11 22:34:23+00:00,walton_lighthouse-2024-01-11-223423Z
-13581744.143393148,4433988.738512524,0.023342600000000005,0.2581453634085213,2024-01-11 22:34:23+00:00,walton_lighthouse-2024-01-11-223423Z
-13581742.385469517,4433987.970558925,0.023342600000000005,0.2606516290726817,2024-01-11 22:34:23+00:00,walton_lighthouse-2024-01-11-223423Z
-13581740.60113405,4433987.290746804,0.023342600000000005,0.2631578947368421,2024-01-11 22:34:23+00:00,walton_lighthouse-2024-01-11-223423Z
-13581738.806068052,4433986.646744612,0.023342600000000005,0.2656641604010025,2024-01-11 22:34:23+00:00,walton_lighthouse-2024-01-11-223423Z
-13581737.002644869,4433986.030631952,0.023342600000000005,0.2681704260651629,2024-01-11 22:34:23+00:00,walton_lighthouse-2024-01-11-223423Z
-13581735.192013746,4433985.43857343,0.023342600000000005,0.2706766917293233,2024-01-11 22:34:23+00:00,walton_lighthouse-2024-01-11-223423Z
-13581733.403408716,4433984.773009671,0.023342600000000005,0.2731829573934837,2024-01-11 22:34:23+00:00,walton_lighthouse-2024-01-11-223423Z
-13581731.612160088,4433984.116268185,0.023342600000000005,0.2756892230576441,2024-01-11 22:34:23+00:00,walton_lighthouse-2024-01-11-223423Z
-13581729.817862935,4433983.469700139,0.023342600000000005,0.2781954887218045,2024-01-11 22:34:23+00:00,walton_lighthouse-2024-01-11-223423Z
-13581728.015232109,4433982.85094317,0.023342600000000005,0.2807017543859649,2024-01-11 22:34:23+00:00,walton_lighthouse-2024-01-11-223423Z
-13581726.191226851,4433982.303516789,0.023342600000000005,0.2832080200501253,2024-01-11 22:34:23+00:00,walton_lighthouse-2024-01-11-223423Z
-13581724.409892868,4433981.613688208,0.023342600000000005,0.2857142857142857,2024-01-11 22:34:23+00:00,walton_lighthouse-2024-01-11-223423Z
-13581722.62077478,4433980.949836622,0.023342600000000005,0.2882205513784461,2024-01-11 22:34:23+00:00,walton_lighthouse-2024-01-11-223423Z
-13581720.82513177,4433980.307759907,0.023342600000000005,0.2907268170426065,2024-01-11 22:34:23+00:00,walton_lighthouse-2024-01-11-223423Z
-13581719.016766926,4433979.708138517,0.023342600000000005,0.2932330827067669,2024-01-11 22:34:23+00:00,walton_lighthouse-2024-01-11-223423Z
-13581717.201364145,4433979.132004084,0.023342600000000005,0.2957393483709273,2024-01-11 22:34:23+00:00,walton_lighthouse-2024-01-11-223423Z
-13581715.40477275,4433978.493092376,0.023342600000000005,0.2982456140350877,2024-01-11 22:34:23+00:00,walton_lighthouse-2024-01-11-223423Z
-13581713.618573394,4433977.8195003485,0.023342600000000005,0.3007518796992481,2024-01-11 22:34:23+00:00,walton_lighthouse-2024-01-11-223423Z
-13581711.810587524,4433977.218614215,0.023342600000000005,0.3032581453634085,2024-01-11 22:34:23+00:00,walton_lighthouse-2024-01-11-223423Z
-13581709.99785459,4433976.633570056,0.023342600000000005,0.3057644110275689,2024-01-11 22:34:23+00:00,walton_lighthouse-2024-01-11-223423Z
-13581708.189437125,4433976.034124197,0.023342600000000005,0.3082706766917293,2024-01-11 22:34:23+00:00,walton_lighthouse-2024-01-11-223423Z
-13581706.408492606,4433975.342995767,0.023342600000000005,0.3107769423558897,2024-01-11 22:34:23+00:00,walton_lighthouse-2024-01-11-223423Z
-13581704.62225034,4433974.669547069,0.023342600000000005,0.3132832080200501,2024-01-11 22:34:23+00:00,walton_lighthouse-2024-01-11-223423Z
-13581702.817864902,4433974.056645596,0.023342600000000005,0.3157894736842105,2024-01-11 22:34:23+00:00,walton_lighthouse-2024-01-11-223423Z
-13581701.01104434,4433973.451870579,0.023342600000000005,0.3182957393483709,2024-01-11 22:34:23+00:00,walton_lighthouse-2024-01-11-223423Z
-13581699.213704556,4433972.81545635,0.023342600000000005,0.3208020050125313,2024-01-11 22:34:23+00:00,walton_lighthouse-2024-01-11-223423Z
-13581697.425174914,4433972.14964107,0.023342600000000005,0.3233082706766917,2024-01-11 22:34:23+00:00,walton_lighthouse-2024-01-11-223423Z
-13581695.627777882,4433971.513417929,0.023342600000000005,0.3258145363408521,2024-01-11 22:34:23+00:00,walton_lighthouse-2024-01-11-223423Z
-13581693.81416263,4433970.931318073,0.023342600000000005,0.3283208020050125,2024-01-11 22:34:23+00:00,walton_lighthouse-2024-01-11-223423Z
-13581691.999664476,4433970.352164729,0.023342600000000005,0.3308270676691729,2024-01-11 22:34:23+00:00,walton_lighthouse-2024-01-11-223423Z
-13581690.202913336,4433969.713786144,0.023342600000000005,0.3333333333333333,2024-01-11 22:34:23+00:00,walton_lighthouse-2024-01-11-223423Z
-13581688.40763694,4433969.07048604,0.023342600000000005,0.3358395989974937,2024-01-11 22:34:23+00:00,walton_lighthouse-2024-01-11-223423Z
-13581686.597876005,4433968.475523574,0.023342600000000005,0.3383458646616541,2024-01-11 22:34:23+00:00,walton_lighthouse-2024-01-11-223423Z
-13581684.782312278,4433967.899926217,0.023342600000000005,0.3408521303258145,2024-01-11 22:34:23+00:00,walton_lighthouse-2024-01-11-223423Z
-13581682.979551291,4433967.281603721,0.023342600000000005,0.3433583959899749,2024-01-11 22:34:23+00:00,walton_lighthouse-2024-01-11-223423Z
-13581681.174079746,4433966.672326767,0.023342600000000005,0.3458646616541353,2024-01-11 22:34:23+00:00,walton_lighthouse-2024-01-11-223423Z
-13581679.35404304,4433966.111656557,0.023342600000000005,0.3483709273182957,2024-01-11 22:34:23+00:00,walton_lighthouse-2024-01-11-223423Z
-13581677.529149124,4433965.567195843,0.023342600000000005,0.3508771929824561,2024-01-11 22:34:23+00:00,walton_lighthouse-2024-01-11-223423Z
-13581675.704255229,4433965.022735133,0.023342600000000005,0.3533834586466165,2024-01-11 22:34:23+00:00,walton_lighthouse-2024-01-11-223423Z
-13581673.882740788,4433964.466996492,0.023342600000000005,0.3558897243107769,2024-01-11 22:34:23+00:00,walton_lighthouse-2024-01-11-223423Z
-13581672.063665012,4433963.903119423,0.023342600000000005,0.3583959899749373,2024-01-11 22:34:23+00:00,walton_lighthouse-2024-01-11-223423Z
-13581670.241338214,4433963.3500917535,0.023342600000000005,0.3609022556390977,2024-01-11 22:34:23+00:00,walton_lighthouse-2024-01-11-223423Z
-13581668.409465935,4433962.828919247,0.023342600000000005,0.3634085213032581,2024-01-11 22:34:23+00:00,walton_lighthouse-2024-01-11-223423Z
-13581666.590542804,4433962.264532881,0.023342600000000005,0.3659147869674185,2024-01-11 22:34:23+00:00,walton_lighthouse-2024-01-11-223423Z
-13581664.766379835,4433961.717632836,0.023342600000000005,0.3684210526315789,2024-01-11 22:34:23+00:00,walton_lighthouse-2024-01-11-223423Z
-13581662.927370865,4433961.220276764,0.023342600000000005,0.37092731829573933,2024-01-11 22:34:23+00:00,walton_lighthouse-2024-01-11-223423Z
-13581661.106093392,4433960.663747354,0.023342600000000005,0.37343358395989973,2024-01-11 22:34:23+00:00,walton_lighthouse-2024-01-11-223423Z
-13581659.281324577,4433960.118869158,0.023342600000000005,0.37593984962406013,2024-01-11 22:34:23+00:00,walton_lighthouse-2024-01-11-223423Z
-13581657.44900766,4433959.599180384,0.023342600000000005,0.37844611528822053,2024-01-11 22:34:23+00:00,walton_lighthouse-2024-01-11-223423Z
-13581655.617784744,4433959.075840817,0.023342600000000005,0.38095238095238093,2024-01-11 22:34:23+00:00,walton_lighthouse-2024-01-11-223423Z
-13581653.78876154,4433958.545160364,0.023342600000000005,0.38345864661654133,2024-01-11 22:34:23+00:00,walton_lighthouse-2024-01-11-223423Z
-13581651.95738412,4433958.022336368,0.023342600000000005,0.38596491228070173,2024-01-11 22:34:23+00:00,walton_lighthouse-2024-01-11-223423Z
-13581650.122469166,4433957.511317746,0.023342600000000005,0.38847117794486213,2024-01-11 22:34:23+00:00,walton_lighthouse-2024-01-11-223423Z
-13581648.29653412,4433956.970331557,0.023342600000000005,0.39097744360902253,2024-01-11 22:34:23+00:00,walton_lighthouse-2024-01-11-223423Z
-13581646.46508598,4433956.447743606,0.023342600000000005,0.39348370927318294,2024-01-11 22:34:23+00:00,walton_lighthouse-2024-01-11-223423Z
-13581644.641281838,4433955.899646014,0.023342600000000005,0.39598997493734334,2024-01-11 22:34:23+00:00,walton_lighthouse-2024-01-11-223423Z
-13581642.804500742,4433955.3948551295,0.023342600000000005,0.39849624060150374,2024-01-11 22:34:23+00:00,walton_lighthouse-2024-01-11-223423Z
-13581640.980240384,4433954.848280176,0.023342600000000005,0.40100250626566414,2024-01-11 22:34:23+00:00,walton_lighthouse-2024-01-11-223423Z
-13581639.154739514,4433954.305844999,0.023342600000000005,0.40350877192982454,2024-01-11 22:34:23+00:00,walton_lighthouse-2024-01-11-223423Z
-13581637.323917609,4433953.781167123,0.023342600000000005,0.40601503759398494,2024-01-11 22:34:23+00:00,walton_lighthouse-2024-01-11-223423Z
-13581635.48329828,4433953.289185117,0.023342600000000005,0.40852130325814534,2024-01-11 22:34:23+00:00,walton_lighthouse-2024-01-11-223423Z
-13581633.65292646,4433952.763005309,0.023342600000000005,0.41102756892230574,2024-01-11 22:34:23+00:00,walton_lighthouse-2024-01-11-223423Z
-13581631.807364026,4433952.287519456,0.023342600000000005,0.41353383458646614,2024-01-11 22:34:23+00:00,walton_lighthouse-2024-01-11-223423Z
-13581629.977667823,4433951.759084845,0.023342600000000005,0.41604010025062654,2024-01-11 22:34:23+00:00,walton_lighthouse-2024-01-11-223423Z
-13581628.139942164,4433951.2574461885,0.023342600000000005,0.41854636591478694,2024-01-11 22:34:23+00:00,walton_lighthouse-2024-01-11-223423Z
-13581626.293788532,4433950.783933306,0.023342600000000005,0.42105263157894735,2024-01-11 22:34:23+00:00,walton_lighthouse-2024-01-11-223423Z
-13581624.459251184,4433950.271654605,0.023342600000000005,0.42355889724310775,2024-01-11 22:34:23+00:00,walton_lighthouse-2024-01-11-223423Z
-13581622.620013166,4433949.775062882,0.023342600000000005,0.42606516290726815,2024-01-11 22:34:23+00:00,walton_lighthouse-2024-01-11-223423Z
-13581620.7793338,4433949.28328129,0.023342600000000005,0.42857142857142855,2024-01-11 22:34:23+00:00,walton_lighthouse-2024-01-11-223423Z
-13581618.94375508,4433948.774477943,0.023342600000000005,0.43107769423558895,2024-01-11 22:34:23+00:00,walton_lighthouse-2024-01-11-223423Z
-13581617.106230456,4433948.272168318,0.023342600000000005,0.43358395989974935,2024-01-11 22:34:23+00:00,walton_lighthouse-2024-01-11-223423Z
-13581615.262353033,4433947.791059197,0.023342600000000005,0.43609022556390975,2024-01-11 22:34:23+00:00,walton_lighthouse-2024-01-11-223423Z
-13581613.42128752,4433947.300566247,0.023342600000000005,0.43859649122807015,2024-01-11 22:34:23+00:00,walton_lighthouse-2024-01-11-223423Z
-13581611.58237254,4433946.802896613,0.023342600000000005,0.44110275689223055,2024-01-11 22:34:23+00:00,walton_lighthouse-2024-01-11-223423Z
-13581609.74476348,4433946.300868853,0.023342600000000005,0.44360902255639095,2024-01-11 22:34:23+00:00,walton_lighthouse-2024-01-11-223423Z
-13581607.905357148,4433945.804838783,0.023342600000000005,0.44611528822055135,2024-01-11 22:34:23+00:00,walton_lighthouse-2024-01-11-223423Z
-13581606.065942349,4433945.308837081,0.023342600000000005,0.44862155388471175,2024-01-11 22:34:23+00:00,walton_lighthouse-2024-01-11-223423Z
-13581604.225373857,4433944.816685537,0.023342600000000005,0.45112781954887216,2024-01-11 22:34:23+00:00,walton_lighthouse-2024-01-11-223423Z
-13581602.390861183,4433944.304324494,0.023342600000000005,0.45363408521303256,2024-01-11 22:34:23+00:00,walton_lighthouse-2024-01-11-223423Z
-13581600.556762088,4433943.790583231,0.023342600000000005,0.45614035087719296,2024-01-11 22:34:23+00:00,walton_lighthouse-2024-01-11-223423Z
-13581598.722159185,4433943.278523254,0.023342600000000005,0.45864661654135336,2024-01-11 22:34:23+00:00,walton_lighthouse-2024-01-11-223423Z
-13581596.89263384,4433942.749518585,0.023342600000000005,0.46115288220551376,2024-01-11 22:34:23+00:00,walton_lighthouse-2024-01-11-223423Z
-13581595.062760746,4433942.221674367,0.023342600000000005,0.46365914786967416,2024-01-11 22:34:23+00:00,walton_lighthouse-2024-01-11-223423Z
-13581593.229031945,4433941.706697322,0.023342600000000005,0.46616541353383456,2024-01-11 22:34:23+00:00,walton_lighthouse-2024-01-11-223423Z
-13581591.394873438,4433941.193154449,0.023342600000000005,0.46867167919799496,2024-01-11 22:34:23+00:00,walton_lighthouse-2024-01-11-223423Z
-13581589.566526985,4433940.660215495,0.023342600000000005,0.47117794486215536,2024-01-11 22:34:23+00:00,walton_lighthouse-2024-01-11-223423Z
-13581587.731107429,4433940.150880831,0.023342600000000005,0.47368421052631576,2024-01-11 22:34:23+00:00,walton_lighthouse-2024-01-11-223423Z
-13581585.89619719,4433939.639846527,0.023342600000000005,0.47619047619047616,2024-01-11 22:34:23+00:00,walton_lighthouse-2024-01-11-223423Z
-13581584.062224604,4433939.125683172,0.023342600000000005,0.47869674185463656,2024-01-11 22:34:23+00:00,walton_lighthouse-2024-01-11-223423Z
-13581582.222255295,4433938.631532008,0.023342600000000005,0.48120300751879697,2024-01-11 22:34:23+00:00,walton_lighthouse-2024-01-11-223423Z
-13581580.376138853,4433938.157894893,0.023342600000000005,0.48370927318295737,2024-01-11 22:34:23+00:00,walton_lighthouse-2024-01-11-223423Z
-13581578.540180806,4433937.650357336,0.023342600000000005,0.48621553884711777,2024-01-11 22:34:23+00:00,walton_lighthouse-2024-01-11-223423Z
-13581576.704581592,4433937.141622341,0.023342600000000005,0.48872180451127817,2024-01-11 22:34:23+00:00,walton_lighthouse-2024-01-11-223423Z
-13581574.868488744,4433936.634534652,0.023342600000000005,0.49122807017543857,2024-01-11 22:34:23+00:00,walton_lighthouse-2024-01-11-223423Z
-13581573.029115165,4433936.138395368,0.023342600000000005,0.49373433583959897,2024-01-11 22:34:23+00:00,walton_lighthouse-2024-01-11-223423Z
-13581571.185156511,4433935.657557339,0.023342600000000005,0.49624060150375937,2024-01-11 22:34:23+00:00,walton_lighthouse-2024-01-11-223423Z
-13581569.342464805,4433935.172491386,0.023342600000000005,0.49874686716791977,2024-01-11 22:34:23+00:00,walton_lighthouse-2024-01-11-223423Z
-13581567.49880734,4433934.69064827,0.023342600000000005,0.5012531328320802,2024-01-11 22:34:23+00:00,walton_lighthouse-2024-01-11-223423Z
-13581565.653945874,4433934.212823088,0.023342600000000005,0.5037593984962405,2024-01-11 22:34:23+00:00,walton_lighthouse-2024-01-11-223423Z
-13581563.80735901,4433933.740755997,0.023342600000000005,0.506265664160401,2024-01-11 22:34:23+00:00,walton_lighthouse-2024-01-11-223423Z
-13581561.957483226,4433933.279664648,0.023342600000000005,0.5087719298245614,2024-01-11 22:34:23+00:00,walton_lighthouse-2024-01-11-223423Z
-13581560.108696746,4433932.814938067,0.023342600000000005,0.5112781954887218,2024-01-11 22:34:23+00:00,walton_lighthouse-2024-01-11-223423Z
-13581558.259610172,4433932.351212887,0.023342600000000005,0.5137844611528821,2024-01-11 22:34:23+00:00,walton_lighthouse-2024-01-11-223423Z
-13581556.411254063,4433931.885050069,0.023342600000000005,0.5162907268170426,2024-01-11 22:34:23+00:00,walton_lighthouse-2024-01-11-223423Z
-13581554.561790904,4433931.422581796,0.023342600000000005,0.518796992481203,2024-01-11 22:34:23+00:00,walton_lighthouse-2024-01-11-223423Z
-13581552.714333378,4433930.953420193,0.023342600000000005,0.5213032581453634,2024-01-11 22:34:23+00:00,walton_lighthouse-2024-01-11-223423Z
-13581550.865219388,4433930.4897865085,0.023342600000000005,0.5238095238095237,2024-01-11 22:34:23+00:00,walton_lighthouse-2024-01-11-223423Z
-13581549.015432734,4433930.028397691,0.023342600000000005,0.5263157894736842,2024-01-11 22:34:23+00:00,walton_lighthouse-2024-01-11-223423Z
-13581547.164529324,4433929.5707357805,0.023342600000000005,0.5288220551378446,2024-01-11 22:34:23+00:00,walton_lighthouse-2024-01-11-223423Z
-13581545.314284869,4433929.110874783,0.023342600000000005,0.531328320802005,2024-01-11 22:34:23+00:00,walton_lighthouse-2024-01-11-223423Z
-13581543.463772012,4433928.651909335,0.023342600000000005,0.5338345864661653,2024-01-11 22:34:23+00:00,walton_lighthouse-2024-01-11-223423Z
-13581541.610789808,4433928.201184762,0.023342600000000005,0.5363408521303258,2024-01-11 22:34:23+00:00,walton_lighthouse-2024-01-11-223423Z
-13581539.758123258,4433927.7494067205,0.023342600000000005,0.5388471177944862,2024-01-11 22:34:23+00:00,walton_lighthouse-2024-01-11-223423Z
-13581537.9033151,4433927.304775577,0.023342600000000005,0.5413533834586466,2024-01-11 22:34:23+00:00,walton_lighthouse-2024-01-11-223423Z
-13581536.048928898,4433926.858736386,0.023342600000000005,0.5438596491228069,2024-01-11 22:34:23+00:00,walton_lighthouse-2024-01-11-223423Z
-13581534.197113965,4433926.404116359,0.023342600000000005,0.5463659147869674,2024-01-11 22:34:23+00:00,walton_lighthouse-2024-01-11-223423Z
-13581532.34465564,4433925.951643441,0.023342600000000005,0.5488721804511278,2024-01-11 22:34:23+00:00,walton_lighthouse-2024-01-11-223423Z
-13581530.490426444,4433925.505080184,0.023342600000000005,0.5513784461152882,2024-01-11 22:34:23+00:00,walton_lighthouse-2024-01-11-223423Z
-13581528.636585522,4433925.057221248,0.023342600000000005,0.5538847117794485,2024-01-11 22:34:23+00:00,walton_lighthouse-2024-01-11-223423Z
-13581526.780892754,4433924.615542386,0.023342600000000005,0.556390977443609,2024-01-11 22:34:23+00:00,walton_lighthouse-2024-01-11-223423Z
-13581524.925682109,4433924.172254444,0.023342600000000005,0.5588972431077694,2024-01-11 22:34:23+00:00,walton_lighthouse-2024-01-11-223423Z
-13581523.070065876,4433923.730320011,0.023342600000000005,0.5614035087719298,2024-01-11 22:34:23+00:00,walton_lighthouse-2024-01-11-223423Z
-13581521.215186192,4433923.285927622,0.023342600000000005,0.5639097744360901,2024-01-11 22:34:23+00:00,walton_lighthouse-2024-01-11-223423Z
-13581519.356445624,4433922.854419822,0.023342600000000005,0.5664160401002506,2024-01-11 22:34:23+00:00,walton_lighthouse-2024-01-11-223423Z
-13581517.49968072,4433922.416318821,0.023342600000000005,0.568922305764411,2024-01-11 22:34:23+00:00,walton_lighthouse-2024-01-11-223423Z
-13581515.641289856,4433921.9836438205,0.023342600000000005,0.5714285714285714,2024-01-11 22:34:23+00:00,walton_lighthouse-2024-01-11-223423Z
-13581513.783637118,4433921.548505664,0.023342600000000005,0.5739348370927317,2024-01-11 22:34:23+00:00,walton_lighthouse-2024-01-11-223423Z
-13581511.926256873,4433921.112458198,0.023342600000000005,0.5764411027568922,2024-01-11 22:34:23+00:00,walton_lighthouse-2024-01-11-223423Z
-13581510.066116776,4433920.685620834,0.023342600000000005,0.5789473684210527,2024-01-11 22:34:23+00:00,walton_lighthouse-2024-01-11-223423Z
-13581508.204670925,4433920.263140998,0.023342600000000005,0.581453634085213,2024-01-11 22:34:23+00:00,walton_lighthouse-2024-01-11-223423Z
-13581506.342646468,4433919.842592064,0.023342600000000005,0.5839598997493733,2024-01-11 22:34:23+00:00,walton_lighthouse-2024-01-11-223423Z
-13581504.48084004,4433919.421315635,0.023342600000000005,0.5864661654135338,2024-01-11 22:34:23+00:00,walton_lighthouse-2024-01-11-223423Z
-13581502.615611486,4433919.011459439,0.023342600000000005,0.5889724310776943,2024-01-11 22:34:23+00:00,walton_lighthouse-2024-01-11-223423Z
-13581500.75116326,4433918.598999071,0.023342600000000005,0.5914786967418546,2024-01-11 22:34:23+00:00,walton_lighthouse-2024-01-11-223423Z
-13581498.891138092,4433918.171778206,0.023342600000000005,0.593984962406015,2024-01-11 22:34:23+00:00,walton_lighthouse-2024-01-11-223423Z
-13581497.027181,4433917.75767891,0.023342600000000005,0.5964912280701754,2024-01-11 22:34:23+00:00,walton_lighthouse-2024-01-11-223423Z
-13581495.162620142,4433917.345594492,0.023342600000000005,0.5989974937343359,2024-01-11 22:34:23+00:00,walton_lighthouse-2024-01-11-223423Z
-13581493.300457591,4433916.9255063785,0.023342600000000005,0.6015037593984962,2024-01-11 22:34:23+00:00,walton_lighthouse-2024-01-11-223423Z
-13581491.435825275,4433916.513660423,0.023342600000000005,0.6040100250626566,2024-01-11 22:34:23+00:00,walton_lighthouse-2024-01-11-223423Z
-13581489.569290234,4433916.108164335,0.023342600000000005,0.606516290726817,2024-01-11 22:34:23+00:00,walton_lighthouse-2024-01-11-223423Z
-13581487.708031451,4433915.685060189,0.023342600000000005,0.6090225563909775,2024-01-11 22:34:23+00:00,walton_lighthouse-2024-01-11-223423Z
-13581485.842632204,4433915.275773571,0.023342600000000005,0.6115288220551378,2024-01-11 22:34:23+00:00,walton_lighthouse-2024-01-11-223423Z
-13581483.978105173,4433914.863576326,0.023342600000000005,0.6140350877192982,2024-01-11 22:34:23+00:00,walton_lighthouse-2024-01-11-223423Z
-13581482.116958592,4433914.440097796,0.023342600000000005,0.6165413533834586,2024-01-11 22:34:23+00:00,walton_lighthouse-2024-01-11-223423Z
-13581480.25486861,4433914.019767543,0.023342600000000005,0.6190476190476191,2024-01-11 22:34:23+00:00,walton_lighthouse-2024-01-11-223423Z
-13581478.389561094,4433913.610174816,0.023342600000000005,0.6215538847117794,2024-01-11 22:34:23+00:00,walton_lighthouse-2024-01-11-223423Z
-13581476.525009075,4433913.198060954,0.023342600000000005,0.6240601503759398,2024-01-11 22:34:23+00:00,walton_lighthouse-2024-01-11-223423Z
-13581474.66046573,4433912.785918087,0.023342600000000005,0.6265664160401002,2024-01-11 22:34:23+00:00,walton_lighthouse-2024-01-11-223423Z
-13581472.793650094,4433912.381358225,0.023342600000000005,0.6290726817042607,2024-01-11 22:34:23+00:00,walton_lighthouse-2024-01-11-223423Z
-13581470.924777688,4433911.983662306,0.023342600000000005,0.631578947368421,2024-01-11 22:34:23+00:00,walton_lighthouse-2024-01-11-223423Z
-13581469.058819326,4433911.576241647,0.023342600000000005,0.6340852130325814,2024-01-11 22:34:23+00:00,walton_lighthouse-2024-01-11-223423Z
-13581467.195096616,4433911.161360161,0.023342600000000005,0.6365914786967418,2024-01-11 22:34:23+00:00,walton_lighthouse-2024-01-11-223423Z
-13581465.32305822,4433910.774229652,0.023342600000000005,0.6390977443609023,2024-01-11 22:34:23+00:00,walton_lighthouse-2024-01-11-223423Z
-13581463.457324443,4433910.366059479,0.023342600000000005,0.6416040100250626,2024-01-11 22:34:23+00:00,walton_lighthouse-2024-01-11-223423Z
-13581461.589105818,4433909.9661818445,0.023342600000000005,0.644110275689223,2024-01-11 22:34:23+00:00,walton_lighthouse-2024-01-11-223423Z
-13581459.71703285,4433909.579166745,0.023342600000000005,0.6466165413533834,2024-01-11 22:34:23+00:00,walton_lighthouse-2024-01-11-223423Z
-13581457.849036008,4433909.178548791,0.023342600000000005,0.6491228070175439,2024-01-11 22:34:23+00:00,walton_lighthouse-2024-01-11-223423Z
-13581455.983599707,4433908.769385884,0.023342600000000005,0.6516290726817042,2024-01-11 22:34:23+00:00,walton_lighthouse-2024-01-11-223423Z
-13581454.117114918,4433908.363722059,0.023342600000000005,0.6541353383458646,2024-01-11 22:34:23+00:00,walton_lighthouse-2024-01-11-223423Z
-13581452.25210293,4433907.9531431785,0.023342600000000005,0.656641604010025,2024-01-11 22:34:23+00:00,walton_lighthouse-2024-01-11-223423Z
-13581450.383655028,4433907.554030457,0.023342600000000005,0.6591478696741855,2024-01-11 22:34:23+00:00,walton_lighthouse-2024-01-11-223423Z
-13581448.517799018,4433907.14626821,0.023342600000000005,0.6616541353383458,2024-01-11 22:34:23+00:00,walton_lighthouse-2024-01-11-223423Z
-13581446.656413555,4433906.72358693,0.023342600000000005,0.6641604010025062,2024-01-11 22:34:23+00:00,walton_lighthouse-2024-01-11-223423Z
-13581444.791006694,4433906.314325792,0.023342600000000005,0.6666666666666666,2024-01-11 22:34:23+00:00,walton_lighthouse-2024-01-11-223423Z
-13581442.9204274,4433905.922326022,0.023342600000000005,0.6691729323308271,2024-01-11 22:34:23+00:00,walton_lighthouse-2024-01-11-223423Z
-13581441.049923977,4433905.530073049,0.023342600000000005,0.6716791979949874,2024-01-11 22:34:23+00:00,walton_lighthouse-2024-01-11-223423Z
-13581439.185457924,4433905.117672308,0.023342600000000005,0.6741854636591478,2024-01-11 22:34:23+00:00,walton_lighthouse-2024-01-11-223423Z
-13581437.318161018,4433904.714718592,0.023342600000000005,0.6766917293233082,2024-01-11 22:34:23+00:00,walton_lighthouse-2024-01-11-223423Z
-13581435.44455993,4433904.332803104,0.023342600000000005,0.6791979949874687,2024-01-11 22:34:23+00:00,walton_lighthouse-2024-01-11-223423Z
-13581433.577185364,4433903.930108609,0.023342600000000005,0.681704260651629,2024-01-11 22:34:23+00:00,walton_lighthouse-2024-01-11-223423Z
-13581431.711912077,4433903.520401714,0.023342600000000005,0.6842105263157894,2024-01-11 22:34:23+00:00,walton_lighthouse-2024-01-11-223423Z
-13581429.846594203,4433903.110843597,0.023342600000000005,0.6867167919799498,2024-01-11 22:34:23+00:00,walton_lighthouse-2024-01-11-223423Z
-13581427.980794542,4433902.702893222,0.023342600000000005,0.6892230576441103,2024-01-11 22:34:23+00:00,walton_lighthouse-2024-01-11-223423Z
-13581426.109144296,4433902.314467534,0.023342600000000005,0.6917293233082706,2024-01-11 22:34:23+00:00,walton_lighthouse-2024-01-11-223423Z
-13581424.241062336,4433901.914133747,0.023342600000000005,0.694235588972431,2024-01-11 22:34:23+00:00,walton_lighthouse-2024-01-11-223423Z
-13581422.372807756,4433901.514375869,0.023342600000000005,0.6967418546365914,2024-01-11 22:34:23+00:00,walton_lighthouse-2024-01-11-223423Z
-13581420.499261148,4433901.132278629,0.023342600000000005,0.6992481203007519,2024-01-11 22:34:23+00:00,walton_lighthouse-2024-01-11-223423Z
-13581418.626487996,4433900.747600291,0.023342600000000005,0.7017543859649122,2024-01-11 22:34:23+00:00,walton_lighthouse-2024-01-11-223423Z
-13581416.756884146,4433900.352345308,0.023342600000000005,0.7042606516290726,2024-01-11 22:34:23+00:00,walton_lighthouse-2024-01-11-223423Z
-13581414.88434093,4433899.966899523,0.023342600000000005,0.706766917293233,2024-01-11 22:34:23+00:00,walton_lighthouse-2024-01-11-223423Z
-13581413.0076853,4433899.595177652,0.023342600000000005,0.7092731829573935,2024-01-11 22:34:23+00:00,walton_lighthouse-2024-01-11-223423Z
-13581411.137333987,4433899.20241717,0.023342600000000005,0.7117794486215538,2024-01-11 22:34:23+00:00,walton_lighthouse-2024-01-11-223423Z
-13581409.264605662,4433898.817589167,0.023342600000000005,0.7142857142857142,2024-01-11 22:34:23+00:00,walton_lighthouse-2024-01-11-223423Z
-13581407.387194956,4433898.448387103,0.023342600000000005,0.7167919799498746,2024-01-11 22:34:23+00:00,walton_lighthouse-2024-01-11-223423Z
-13581405.51281828,4433898.069060008,0.023342600000000005,0.7192982456140351,2024-01-11 22:34:23+00:00,walton_lighthouse-2024-01-11-223423Z
-13581403.649538225,4433897.652701316,0.023342600000000005,0.7218045112781954,2024-01-11 22:34:23+00:00,walton_lighthouse-2024-01-11-223423Z
-13581401.770215798,4433897.289879105,0.023342600000000005,0.7243107769423558,2024-01-11 22:34:23+00:00,walton_lighthouse-2024-01-11-223423Z
-13581399.898226611,4433896.902584374,0.023342600000000005,0.7268170426065163,2024-01-11 22:34:23+00:00,walton_lighthouse-2024-01-11-223423Z
-13581398.028278727,4433896.508477498,0.023342600000000005,0.7293233082706767,2024-01-11 22:34:23+00:00,walton_lighthouse-2024-01-11-223423Z
-13581396.153848756,4433896.129328336,0.023342600000000005,0.731829573934837,2024-01-11 22:34:23+00:00,walton_lighthouse-2024-01-11-223423Z
-13581394.284698274,4433895.732560327,0.023342600000000005,0.7343358395989974,2024-01-11 22:34:23+00:00,walton_lighthouse-2024-01-11-223423Z
-13581392.416322846,4433895.333205788,0.023342600000000005,0.7368421052631579,2024-01-11 22:34:23+00:00,walton_lighthouse-2024-01-11-223423Z
-13581390.545471074,4433894.942115357,0.023342600000000005,0.7393483709273183,2024-01-11 22:34:23+00:00,walton_lighthouse-2024-01-11-223423Z
-13581388.679878728,4433894.533473279,0.023342600000000005,0.7418546365914787,2024-01-11 22:34:23+00:00,walton_lighthouse-2024-01-11-223423Z
-13581386.80615735,4433894.151959325,0.023342600000000005,0.744360902255639,2024-01-11 22:34:23+00:00,walton_lighthouse-2024-01-11-223423Z
-13581384.92753975,4433893.786784858,0.023342600000000005,0.7468671679197995,2024-01-11 22:34:23+00:00,walton_lighthouse-2024-01-11-223423Z
-13581383.052130971,4433893.41090204,0.023342600000000005,0.7493734335839599,2024-01-11 22:34:23+00:00,walton_lighthouse-2024-01-11-223423Z
-13581381.180417323,4433893.022687937,0.023342600000000005,0.7518796992481203,2024-01-11 22:34:23+00:00,walton_lighthouse-2024-01-11-223423Z
-13581379.30722678,4433892.6394024445,0.023342600000000005,0.7543859649122806,2024-01-11 22:34:23+00:00,walton_lighthouse-2024-01-11-223423Z
-13581377.433329402,4433892.258475721,0.023342600000000005,0.7568922305764411,2024-01-11 22:34:23+00:00,walton_lighthouse-2024-01-11-223423Z
-13581375.556804003,4433891.886319278,0.023342600000000005,0.7593984962406015,2024-01-11 22:34:23+00:00,walton_lighthouse-2024-01-11-223423Z
-13581373.674655763,4433891.532927472,0.023342600000000005,0.7619047619047619,2024-01-11 22:34:23+00:00,walton_lighthouse-2024-01-11-223423Z
-13581371.793889131,4433891.17492481,0.023342600000000005,0.7644110275689222,2024-01-11 22:34:23+00:00,walton_lighthouse-2024-01-11-223423Z
-13581369.916501658,4433890.805645216,0.023342600000000005,0.7669172932330827,2024-01-11 22:34:23+00:00,walton_lighthouse-2024-01-11-223423Z
-13581368.04179493,4433890.427419603,0.023342600000000005,0.7694235588972431,2024-01-11 22:34:23+00:00,walton_lighthouse-2024-01-11-223423Z
-13581366.16087127,4433890.069941022,0.023342600000000005,0.7719298245614035,2024-01-11 22:34:23+00:00,walton_lighthouse-2024-01-11-223423Z
-13581364.28237736,4433889.70435386,0.023342600000000005,0.7744360902255638,2024-01-11 22:34:23+00:00,walton_lighthouse-2024-01-11-223423Z
-13581362.403078193,4433889.341453975,0.023342600000000005,0.7769423558897243,2024-01-11 22:34:23+00:00,walton_lighthouse-2024-01-11-223423Z
-13581360.52573467,4433888.972027857,0.023342600000000005,0.7794486215538847,2024-01-11 22:34:23+00:00,walton_lighthouse-2024-01-11-223423Z
-13581358.64490294,4433888.614242479,0.023342600000000005,0.7819548872180451,2024-01-11 22:34:23+00:00,walton_lighthouse-2024-01-11-223423Z
-13581356.761157608,4433888.266180296,0.023342600000000005,0.7844611528822054,2024-01-11 22:34:23+00:00,walton_lighthouse-2024-01-11-223423Z
-13581354.87789415,4433887.916510108,0.023342600000000005,0.7869674185463659,2024-01-11 22:34:23+00:00,walton_lighthouse-2024-01-11-223423Z
-13581352.995838884,4433887.56280794,0.023342600000000005,0.7894736842105263,2024-01-11 22:34:23+00:00,walton_lighthouse-2024-01-11-223423Z
-13581351.109861355,4433887.222195105,0.023342600000000005,0.7919799498746867,2024-01-11 22:34:23+00:00,walton_lighthouse-2024-01-11-223423Z
-13581349.22795006,4433886.868012371,0.023342600000000005,0.794486215538847,2024-01-11 22:34:23+00:00,walton_lighthouse-2024-01-11-223423Z
-13581347.340615042,4433886.531929737,0.023342600000000005,0.7969924812030075,2024-01-11 22:34:23+00:00,walton_lighthouse-2024-01-11-223423Z
-13581345.455524538,4433886.188356839,0.023342600000000005,0.7994987468671679,2024-01-11 22:34:23+00:00,walton_lighthouse-2024-01-11-223423Z
-13581343.570630394,4433885.844128478,0.023342600000000005,0.8020050125313283,2024-01-11 22:34:23+00:00,walton_lighthouse-2024-01-11-223423Z
-13581341.685521783,4433885.500615812,0.023342600000000005,0.8045112781954886,2024-01-11 22:34:23+00:00,walton_lighthouse-2024-01-11-223423Z
-13581339.798294928,4433885.16417221,0.023342600000000005,0.8070175438596491,2024-01-11 22:34:23+00:00,walton_lighthouse-2024-01-11-223423Z
-13581337.907538338,4433884.839508102,0.023342600000000005,0.8095238095238095,2024-01-11 22:34:23+00:00,walton_lighthouse-2024-01-11-223423Z
-13581336.015059233,4433884.520592324,0.023342600000000005,0.8120300751879699,2024-01-11 22:34:23+00:00,walton_lighthouse-2024-01-11-223423Z
-13581334.124196278,4433884.196282969,0.023342600000000005,0.8145363408521302,2024-01-11 22:34:23+00:00,walton_lighthouse-2024-01-11-223423Z
-13581332.234241204,4433883.868943966,0.023342600000000005,0.8170426065162907,2024-01-11 22:34:23+00:00,walton_lighthouse-2024-01-11-223423Z
-13581330.34601586,4433883.535832595,0.023342600000000005,0.8195488721804511,2024-01-11 22:34:23+00:00,walton_lighthouse-2024-01-11-223423Z
-13581328.45896724,4433883.19879419,0.023342600000000005,0.8220551378446115,2024-01-11 22:34:23+00:00,walton_lighthouse-2024-01-11-223423Z
-13581326.56999711,4433882.868168209,0.023342600000000005,0.8245614035087718,2024-01-11 22:34:23+00:00,walton_lighthouse-2024-01-11-223423Z
-13581324.681503316,4433882.535952571,0.023342600000000005,0.8270676691729323,2024-01-11 22:34:23+00:00,walton_lighthouse-2024-01-11-223423Z
-13581322.78926647,4433882.216228368,0.023342600000000005,0.8295739348370927,2024-01-11 22:34:23+00:00,walton_lighthouse-2024-01-11-223423Z
-13581320.893994791,4433881.9066319065,0.023342600000000005,0.8320802005012531,2024-01-11 22:34:23+00:00,walton_lighthouse-2024-01-11-223423Z
-13581319.001070656,4433881.58920116,0.023342600000000005,0.8345864661654134,2024-01-11 22:34:23+00:00,walton_lighthouse-2024-01-11-223423Z
-13581317.106423734,4433881.277519808,0.023342600000000005,0.8370927318295739,2024-01-11 22:34:23+00:00,walton_lighthouse-2024-01-11-223423Z
-13581315.208711697,4433880.976067328,0.023342600000000005,0.8395989974937343,2024-01-11 22:34:23+00:00,walton_lighthouse-2024-01-11-223423Z
-13581313.312615514,4433880.669222394,0.023342600000000005,0.8421052631578947,2024-01-11 22:34:23+00:00,walton_lighthouse-2024-01-11-223423Z
-13581311.41459701,4433880.368792533,0.023342600000000005,0.844611528822055,2024-01-11 22:34:23+00:00,walton_lighthouse-2024-01-11-223423Z
-13581309.51760856,4433880.064925354,0.023342600000000005,0.8471177944862155,2024-01-11 22:34:23+00:00,walton_lighthouse-2024-01-11-223423Z
-13581307.618731316,4433879.767361407,0.023342600000000005,0.849624060150376,2024-01-11 22:34:23+00:00,walton_lighthouse-2024-01-11-223423Z
-13581305.719112448,4433879.472272228,0.023342600000000005,0.8521303258145363,2024-01-11 22:34:23+00:00,walton_lighthouse-2024-01-11-223423Z
-13581303.81664856,4433879.186677566,0.023342600000000005,0.8546365914786966,2024-01-11 22:34:23+00:00,walton_lighthouse-2024-01-11-223423Z
-13581301.896421174,4433878.960363217,0.023342600000000005,0.8571428571428571,2024-01-11 22:34:23+00:00,walton_lighthouse-2024-01-11-223423Z
-13581299.962496951,4433878.779757789,0.023342600000000005,0.8596491228070176,2024-01-11 22:34:23+00:00,walton_lighthouse-2024-01-11-223423Z
-13581298.013915151,4433878.648067505,0.023342600000000005,0.8621553884711779,2024-01-11 22:34:23+00:00,walton_lighthouse-2024-01-11-223423Z
-13581296.084276808,4433878.45315922,0.023342600000000005,0.8646616541353382,2024-01-11 22:34:23+00:00,walton_lighthouse-2024-01-11-223423Z
-13581294.147363393,4433878.282529387,0.023342600000000005,0.8671679197994987,2024-01-11 22:34:23+00:00,walton_lighthouse-2024-01-11-223423Z
-13581292.20963535,4433878.11461804,0.023342600000000005,0.8696741854636592,2024-01-11 22:34:23+00:00,walton_lighthouse-2024-01-11-223423Z
-13581290.269017871,4433877.956349226,0.023342600000000005,0.8721804511278195,2024-01-11 22:34:23+00:00,walton_lighthouse-2024-01-11-223423Z
-13581288.322546154,4433877.817617271,0.023342600000000005,0.8746867167919798,2024-01-11 22:34:23+00:00,walton_lighthouse-2024-01-11-223423Z
-13581286.40193511,4433877.592583214,0.023342600000000005,0.8771929824561403,2024-01-11 22:34:23+00:00,walton_lighthouse-2024-01-11-223423Z
-13581284.490253542,4433877.337749742,0.023342600000000005,0.8796992481203008,2024-01-11 22:34:23+00:00,walton_lighthouse-2024-01-11-223423Z
-13581282.587709203,4433877.052423469,0.023342600000000005,0.8822055137844611,2024-01-11 22:34:23+00:00,walton_lighthouse-2024-01-11-223423Z
-13581282.587709203,4433877.052423469,0.023342600000000005,0.8847117794486214,2024-01-11 22:34:23+00:00,walton_lighthouse-2024-01-11-223423Z
-13581282.587709203,4433877.052423469,0.023342600000000005,0.8872180451127819,2024-01-11 22:34:23+00:00,walton_lighthouse-2024-01-11-223423Z
-13581282.587709203,4433877.052423469,0.023342600000000005,0.8897243107769424,2024-01-11 22:34:23+00:00,walton_lighthouse-2024-01-11-223423Z
-13581282.587709203,4433877.052423469,0.023342600000000005,0.8922305764411027,2024-01-11 22:34:23+00:00,walton_lighthouse-2024-01-11-223423Z
-13581282.587709203,4433877.052423469,0.023342600000000005,0.894736842105263,2024-01-11 22:34:23+00:00,walton_lighthouse-2024-01-11-223423Z
-13581282.587709203,4433877.052423469,0.023342600000000005,0.8972431077694235,2024-01-11 22:34:23+00:00,walton_lighthouse-2024-01-11-223423Z
-13581282.587709203,4433877.052423469,0.023342600000000005,0.899749373433584,2024-01-11 22:34:23+00:00,walton_lighthouse-2024-01-11-223423Z
-13581282.587709203,4433877.052423469,0.023342600000000005,0.9022556390977443,2024-01-11 22:34:23+00:00,walton_lighthouse-2024-01-11-223423Z
-13581282.587709203,4433877.052423469,0.023342600000000005,0.9047619047619047,2024-01-11 22:34:23+00:00,walton_lighthouse-2024-01-11-223423Z
-13581282.587709203,4433877.052423469,0.023342600000000005,0.9072681704260651,2024-01-11 22:34:23+00:00,walton_lighthouse-2024-01-11-223423Z
-13581282.587709203,4433877.052423469,0.023342600000000005,0.9097744360902256,2024-01-11 22:34:23+00:00,walton_lighthouse-2024-01-11-223423Z
-13581282.587709203,4433877.052423469,0.023342600000000005,0.9122807017543859,2024-01-11 22:34:23+00:00,walton_lighthouse-2024-01-11-223423Z
-13581282.587709203,4433877.052423469,0.023342600000000005,0.9147869674185463,2024-01-11 22:34:23+00:00,walton_lighthouse-2024-01-11-223423Z
-13581282.587709203,4433877.052423469,0.023342600000000005,0.9172932330827067,2024-01-11 22:34:23+00:00,walton_lighthouse-2024-01-11-223423Z
-13581282.587709203,4433877.052423469,0.023342600000000005,0.9197994987468672,2024-01-11 22:34:23+00:00,walton_lighthouse-2024-01-11-223423Z
-13581282.587709203,4433877.052423469,0.023342600000000005,0.9223057644110275,2024-01-11 22:34:23+00:00,walton_lighthouse-2024-01-11-223423Z
-13581282.587709203,4433877.052423469,0.023342600000000005,0.9248120300751879,2024-01-11 22:34:23+00:00,walton_lighthouse-2024-01-11-223423Z
-13581282.587709203,4433877.052423469,0.023342600000000005,0.9273182957393483,2024-01-11 22:34:23+00:00,walton_lighthouse-2024-01-11-223423Z
-13581282.587709203,4433877.052423469,0.023342600000000005,0.9298245614035088,2024-01-11 22:34:23+00:00,walton_lighthouse-2024-01-11-223423Z
-13581282.587709203,4433877.052423469,0.023342600000000005,0.9323308270676691,2024-01-11 22:34:23+00:00,walton_lighthouse-2024-01-11-223423Z
-13581282.587709203,4433877.052423469,0.023342600000000005,0.9348370927318295,2024-01-11 22:34:23+00:00,walton_lighthouse-2024-01-11-223423Z
-13581282.587709203,4433877.052423469,0.023342600000000005,0.9373433583959899,2024-01-11 22:34:23+00:00,walton_lighthouse-2024-01-11-223423Z
-13581282.587709203,4433877.052423469,0.023342600000000005,0.9398496240601504,2024-01-11 22:34:23+00:00,walton_lighthouse-2024-01-11-223423Z
-13581282.587709203,4433877.052423469,0.023342600000000005,0.9423558897243107,2024-01-11 22:34:23+00:00,walton_lighthouse-2024-01-11-223423Z
-13581282.587709203,4433877.052423469,0.023342600000000005,0.9448621553884711,2024-01-11 22:34:23+00:00,walton_lighthouse-2024-01-11-223423Z
-13581282.587709203,4433877.052423469,0.023342600000000005,0.9473684210526315,2024-01-11 22:34:23+00:00,walton_lighthouse-2024-01-11-223423Z
-13581282.587709203,4433877.052423469,0.023342600000000005,0.949874686716792,2024-01-11 22:34:23+00:00,walton_lighthouse-2024-01-11-223423Z
-13581282.587709203,4433877.052423469,0.023342600000000005,0.9523809523809523,2024-01-11 22:34:23+00:00,walton_lighthouse-2024-01-11-223423Z
-13581282.587709203,4433877.052423469,0.023342600000000005,0.9548872180451127,2024-01-11 22:34:23+00:00,walton_lighthouse-2024-01-11-223423Z
-13581282.587709203,4433877.052423469,0.023342600000000005,0.9573934837092731,2024-01-11 22:34:23+00:00,walton_lighthouse-2024-01-11-223423Z
-13581282.587709203,4433877.052423469,0.023342600000000005,0.9598997493734336,2024-01-11 22:34:23+00:00,walton_lighthouse-2024-01-11-223423Z
-13581282.587709203,4433877.052423469,0.023342600000000005,0.9624060150375939,2024-01-11 22:34:23+00:00,walton_lighthouse-2024-01-11-223423Z
-13581282.587709203,4433877.052423469,0.023342600000000005,0.9649122807017543,2024-01-11 22:34:23+00:00,walton_lighthouse-2024-01-11-223423Z
-13581282.587709203,4433877.052423469,0.023342600000000005,0.9674185463659147,2024-01-11 22:34:23+00:00,walton_lighthouse-2024-01-11-223423Z
-13581282.587709203,4433877.052423469,0.023342600000000005,0.9699248120300752,2024-01-11 22:34:23+00:00,walton_lighthouse-2024-01-11-223423Z
-13581282.587709203,4433877.052423469,0.023342600000000005,0.9724310776942355,2024-01-11 22:34:23+00:00,walton_lighthouse-2024-01-11-223423Z
-13581282.587709203,4433877.052423469,0.023342600000000005,0.9749373433583959,2024-01-11 22:34:23+00:00,walton_lighthouse-2024-01-11-223423Z
-13581282.587709203,4433877.052423469,0.023342600000000005,0.9774436090225563,2024-01-11 22:34:23+00:00,walton_lighthouse-2024-01-11-223423Z
-13581282.587709203,4433877.052423469,0.023342600000000005,0.9799498746867168,2024-01-11 22:34:23+00:00,walton_lighthouse-2024-01-11-223423Z
-13581282.587709203,4433877.052423469,0.023342600000000005,0.9824561403508771,2024-01-11 22:34:23+00:00,walton_lighthouse-2024-01-11-223423Z
-13581282.587709203,4433877.052423469,0.023342600000000005,0.9849624060150375,2024-01-11 22:34:23+00:00,walton_lighthouse-2024-01-11-223423Z
-13581282.587709203,4433877.052423469,0.023342600000000005,0.9874686716791979,2024-01-11 22:34:23+00:00,walton_lighthouse-2024-01-11-223423Z
-13581282.587709203,4433877.052423469,0.023342600000000005,0.9899749373433584,2024-01-11 22:34:23+00:00,walton_lighthouse-2024-01-11-223423Z
-13581282.587709203,4433877.052423469,0.023342600000000005,0.9924812030075187,2024-01-11 22:34:23+00:00,walton_lighthouse-2024-01-11-223423Z
-13581282.587709203,4433877.052423469,0.023342600000000005,0.9949874686716791,2024-01-11 22:34:23+00:00,walton_lighthouse-2024-01-11-223423Z
-13581282.587709203,4433877.052423469,0.023342600000000005,0.9974937343358395,2024-01-11 22:34:23+00:00,walton_lighthouse-2024-01-11-223423Z
-13581282.587709203,4433877.052423469,0.023342600000000005,1.0,2024-01-11 22:34:23+00:00,walton_lighthouse-2024-01-11-223423Z
-13581917.99100313,4434091.927341267,-0.16106986666666667,0.0,2024-01-11 23:04:23+00:00,walton_lighthouse-2024-01-11-230423Z
-13581916.238894884,4434091.139980695,-0.16106986666666667,0.002506265664160401,2024-01-11 23:04:23+00:00,walton_lighthouse-2024-01-11-230423Z
-13581914.478811065,4434090.379236141,-0.16106986666666667,0.005012531328320802,2024-01-11 23:04:23+00:00,walton_lighthouse-2024-01-11-230423Z
-13581912.721050551,4434089.610738133,-0.16106986666666667,0.007518796992481203,2024-01-11 23:04:23+00:00,walton_lighthouse-2024-01-11-230423Z
-13581910.98514863,4434088.769293894,-0.16106986666666667,0.010025062656641603,2024-01-11 23:04:23+00:00,walton_lighthouse-2024-01-11-230423Z
-13581909.25627548,4434087.904393424,-0.16106986666666667,0.012531328320802004,2024-01-11 23:04:23+00:00,walton_lighthouse-2024-01-11-230423Z
-13581907.524966428,4434087.047621816,-0.16106986666666667,0.015037593984962405,2024-01-11 23:04:23+00:00,walton_lighthouse-2024-01-11-230423Z
-13581905.768157532,4434086.2759480905,-0.16106986666666667,0.017543859649122806,2024-01-11 23:04:23+00:00,walton_lighthouse-2024-01-11-230423Z
-13581903.980285795,4434085.607937188,-0.16106986666666667,0.020050125313283207,2024-01-11 23:04:23+00:00,walton_lighthouse-2024-01-11-230423Z
-13581902.2011688,4434084.910710131,-0.16106986666666667,0.022556390977443608,2024-01-11 23:04:23+00:00,walton_lighthouse-2024-01-11-230423Z
-13581900.436907906,4434084.163905332,-0.16106986666666667,0.02506265664160401,2024-01-11 23:04:23+00:00,walton_lighthouse-2024-01-11-230423Z
-13581898.67308832,4434083.415627576,-0.16106986666666667,0.02756892230576441,2024-01-11 23:04:23+00:00,walton_lighthouse-2024-01-11-230423Z
-13581896.919477718,4434082.633280626,-0.16106986666666667,0.03007518796992481,2024-01-11 23:04:23+00:00,walton_lighthouse-2024-01-11-230423Z
-13581895.154748948,4434081.888037254,-0.16106986666666667,0.03258145363408521,2024-01-11 23:04:23+00:00,walton_lighthouse-2024-01-11-230423Z
-13581893.38360517,4434081.164201926,-0.16106986666666667,0.03508771929824561,2024-01-11 23:04:23+00:00,walton_lighthouse-2024-01-11-230423Z
-13581891.602425331,4434080.473858812,-0.16106986666666667,0.03759398496240601,2024-01-11 23:04:23+00:00,walton_lighthouse-2024-01-11-230423Z
-13581889.837179769,4434079.730339924,-0.16106986666666667,0.040100250626566414,2024-01-11 23:04:23+00:00,walton_lighthouse-2024-01-11-230423Z
-13581888.060535202,4434079.024861886,-0.16106986666666667,0.042606516290726815,2024-01-11 23:04:23+00:00,walton_lighthouse-2024-01-11-230423Z
-13581886.303844444,4434078.252794008,-0.16106986666666667,0.045112781954887216,2024-01-11 23:04:23+00:00,walton_lighthouse-2024-01-11-230423Z
-13581884.566918405,4434077.414767343,-0.16106986666666667,0.047619047619047616,2024-01-11 23:04:23+00:00,walton_lighthouse-2024-01-11-230423Z
-13581882.83192776,4434076.570282042,-0.16106986666666667,0.05012531328320802,2024-01-11 23:04:23+00:00,walton_lighthouse-2024-01-11-230423Z
-13581881.101581717,4434075.710296787,-0.16106986666666667,0.05263157894736842,2024-01-11 23:04:23+00:00,walton_lighthouse-2024-01-11-230423Z
-13581879.35542641,4434074.90307007,-0.16106986666666667,0.05513784461152882,2024-01-11 23:04:23+00:00,walton_lighthouse-2024-01-11-230423Z
-13581877.598000228,4434074.133456352,-0.16106986666666667,0.05764411027568922,2024-01-11 23:04:23+00:00,walton_lighthouse-2024-01-11-230423Z
-13581875.830761213,4434073.39659006,-0.16106986666666667,0.06015037593984962,2024-01-11 23:04:23+00:00,walton_lighthouse-2024-01-11-230423Z
-13581874.075838156,4434072.618623184,-0.16106986666666667,0.06265664160401002,2024-01-11 23:04:23+00:00,walton_lighthouse-2024-01-11-230423Z
-13581872.324587394,4434071.828400931,-0.16106986666666667,0.06516290726817042,2024-01-11 23:04:23+00:00,walton_lighthouse-2024-01-11-230423Z
-13581870.57673924,4434071.026823474,-0.16106986666666667,0.06766917293233082,2024-01-11 23:04:23+00:00,walton_lighthouse-2024-01-11-230423Z
-13581868.831574162,4434070.216292175,-0.16106986666666667,0.07017543859649122,2024-01-11 23:04:23+00:00,walton_lighthouse-2024-01-11-230423Z
-13581867.075940868,4434069.440695441,-0.16106986666666667,0.07268170426065163,2024-01-11 23:04:23+00:00,walton_lighthouse-2024-01-11-230423Z
-13581865.3191665,4434068.6689066505,-0.16106986666666667,0.07518796992481203,2024-01-11 23:04:23+00:00,walton_lighthouse-2024-01-11-230423Z
-13581863.565902293,4434067.885403552,-0.16106986666666667,0.07769423558897243,2024-01-11 23:04:23+00:00,walton_lighthouse-2024-01-11-230423Z
-13581861.799194513,4434067.146764527,-0.16106986666666667,0.08020050125313283,2024-01-11 23:04:23+00:00,walton_lighthouse-2024-01-11-230423Z
-13581860.045780584,4434066.363761236,-0.16106986666666667,0.08270676691729323,2024-01-11 23:04:23+00:00,walton_lighthouse-2024-01-11-230423Z
-13581858.305319656,4434065.53753118,-0.16106986666666667,0.08521303258145363,2024-01-11 23:04:23+00:00,walton_lighthouse-2024-01-11-230423Z
-13581856.548602276,4434064.7655522125,-0.16106986666666667,0.08771929824561403,2024-01-11 23:04:23+00:00,walton_lighthouse-2024-01-11-230423Z
-13581854.78348913,4434064.021591516,-0.16106986666666667,0.09022556390977443,2024-01-11 23:04:23+00:00,walton_lighthouse-2024-01-11-230423Z
-13581853.00401074,4434063.325570402,-0.16106986666666667,0.09273182957393483,2024-01-11 23:04:23+00:00,walton_lighthouse-2024-01-11-230423Z
-13581851.226327756,4434062.623557549,-0.16106986666666667,0.09523809523809523,2024-01-11 23:04:23+00:00,walton_lighthouse-2024-01-11-230423Z
-13581849.460783953,4434061.881034017,-0.16106986666666667,0.09774436090225563,2024-01-11 23:04:23+00:00,walton_lighthouse-2024-01-11-230423Z
-13581847.71440807,4434061.074543552,-0.16106986666666667,0.10025062656641603,2024-01-11 23:04:23+00:00,walton_lighthouse-2024-01-11-230423Z
-13581845.9573879,4434060.303574936,-0.16106986666666667,0.10275689223057644,2024-01-11 23:04:23+00:00,walton_lighthouse-2024-01-11-230423Z
-13581844.183218958,4434059.589835055,-0.16106986666666667,0.10526315789473684,2024-01-11 23:04:23+00:00,walton_lighthouse-2024-01-11-230423Z
-13581842.39575252,4434058.920471596,-0.16106986666666667,0.10776942355889724,2024-01-11 23:04:23+00:00,walton_lighthouse-2024-01-11-230423Z
-13581840.607932914,4434058.252286829,-0.16106986666666667,0.11027568922305764,2024-01-11 23:04:23+00:00,walton_lighthouse-2024-01-11-230423Z
-13581838.82566795,4434057.565565095,-0.16106986666666667,0.11278195488721804,2024-01-11 23:04:23+00:00,walton_lighthouse-2024-01-11-230423Z
-13581837.05959564,4434056.824805122,-0.16106986666666667,0.11528822055137844,2024-01-11 23:04:23+00:00,walton_lighthouse-2024-01-11-230423Z
-13581835.306632146,4434056.040298651,-0.16106986666666667,0.11779448621553884,2024-01-11 23:04:23+00:00,walton_lighthouse-2024-01-11-230423Z
-13581833.540355004,4434055.3002224965,-0.16106986666666667,0.12030075187969924,2024-01-11 23:04:23+00:00,walton_lighthouse-2024-01-11-230423Z
-13581831.772138167,4434054.566619389,-0.16106986666666667,0.12280701754385964,2024-01-11 23:04:23+00:00,walton_lighthouse-2024-01-11-230423Z
-13581830.003588904,4434053.83412561,-0.16106986666666667,0.12531328320802004,2024-01-11 23:04:23+00:00,walton_lighthouse-2024-01-11-230423Z
-13581828.22488635,4434053.135515305,-0.16106986666666667,0.12781954887218044,2024-01-11 23:04:23+00:00,walton_lighthouse-2024-01-11-230423Z
-13581826.483867714,4434052.311146623,-0.16106986666666667,0.13032581453634084,2024-01-11 23:04:23+00:00,walton_lighthouse-2024-01-11-230423Z
-13581824.74819069,4434051.468951845,-0.16106986666666667,0.13283208020050125,2024-01-11 23:04:23+00:00,walton_lighthouse-2024-01-11-230423Z
-13581823.030211616,4434050.567695484,-0.16106986666666667,0.13533834586466165,2024-01-11 23:04:23+00:00,walton_lighthouse-2024-01-11-230423Z
-13581821.272717232,4434049.798309521,-0.16106986666666667,0.13784461152882205,2024-01-11 23:04:23+00:00,walton_lighthouse-2024-01-11-230423Z
-13581819.562031856,4434048.872712806,-0.16106986666666667,0.14035087719298245,2024-01-11 23:04:23+00:00,walton_lighthouse-2024-01-11-230423Z
-13581817.823569268,4434048.039813999,-0.16106986666666667,0.14285714285714285,2024-01-11 23:04:23+00:00,walton_lighthouse-2024-01-11-230423Z
-13581816.095781883,4434047.171289859,-0.16106986666666667,0.14536340852130325,2024-01-11 23:04:23+00:00,walton_lighthouse-2024-01-11-230423Z
-13581814.426546128,4434046.107367698,-0.16106986666666667,0.14786967418546365,2024-01-11 23:04:23+00:00,walton_lighthouse-2024-01-11-230423Z
-13581812.737291152,4434045.110253681,-0.16106986666666667,0.15037593984962405,2024-01-11 23:04:23+00:00,walton_lighthouse-2024-01-11-230423Z
-13581811.07387814,4434044.02689982,-0.16106986666666667,0.15288220551378445,2024-01-11 23:04:23+00:00,walton_lighthouse-2024-01-11-230423Z
-13581809.399320718,4434042.980736997,-0.16106986666666667,0.15538847117794485,2024-01-11 23:04:23+00:00,walton_lighthouse-2024-01-11-230423Z
-13581807.637841634,4434042.224648784,-0.16106986666666667,0.15789473684210525,2024-01-11 23:04:23+00:00,walton_lighthouse-2024-01-11-230423Z
-13581805.907649796,4434041.36414888,-0.16106986666666667,0.16040100250626566,2024-01-11 23:04:23+00:00,walton_lighthouse-2024-01-11-230423Z
-13581804.241873236,4434040.288682655,-0.16106986666666667,0.16290726817042606,2024-01-11 23:04:23+00:00,walton_lighthouse-2024-01-11-230423Z
-13581802.526298434,4434039.3794028135,-0.16106986666666667,0.16541353383458646,2024-01-11 23:04:23+00:00,walton_lighthouse-2024-01-11-230423Z
-13581800.860038292,4434038.305550532,-0.16106986666666667,0.16791979949874686,2024-01-11 23:04:23+00:00,walton_lighthouse-2024-01-11-230423Z
-13581799.278825892,4434036.947877342,-0.16106986666666667,0.17042606516290726,2024-01-11 23:04:23+00:00,walton_lighthouse-2024-01-11-230423Z
-13581797.70457589,4434035.566969199,-0.16106986666666667,0.17293233082706766,2024-01-11 23:04:23+00:00,walton_lighthouse-2024-01-11-230423Z
-13581796.10002776,4434034.287171924,-0.16106986666666667,0.17543859649122806,2024-01-11 23:04:23+00:00,walton_lighthouse-2024-01-11-230423Z
-13581794.416065644,4434033.272394493,-0.16106986666666667,0.17794486215538846,2024-01-11 23:04:23+00:00,walton_lighthouse-2024-01-11-230423Z
-13581792.817846978,4434031.9714745255,-0.16106986666666667,0.18045112781954886,2024-01-11 23:04:23+00:00,walton_lighthouse-2024-01-11-230423Z
-13581791.177597445,4434030.810819615,-0.16106986666666667,0.18295739348370926,2024-01-11 23:04:23+00:00,walton_lighthouse-2024-01-11-230423Z
-13581789.57544232,4434029.523036366,-0.16106986666666667,0.18546365914786966,2024-01-11 23:04:23+00:00,walton_lighthouse-2024-01-11-230423Z
-13581787.9531575,4434028.3024299415,-0.16106986666666667,0.18796992481203006,2024-01-11 23:04:23+00:00,walton_lighthouse-2024-01-11-230423Z
-13581786.379035292,4434026.921095359,-0.16106986666666667,0.19047619047619047,2024-01-11 23:04:23+00:00,walton_lighthouse-2024-01-11-230423Z
-13581784.77978015,4434025.623634227,-0.16106986666666667,0.19298245614035087,2024-01-11 23:04:23+00:00,walton_lighthouse-2024-01-11-230423Z
-13581783.140491746,4434024.459771925,-0.16106986666666667,0.19548872180451127,2024-01-11 23:04:23+00:00,walton_lighthouse-2024-01-11-230423Z
-13581781.554025164,4434023.119633052,-0.16106986666666667,0.19799498746867167,2024-01-11 23:04:23+00:00,walton_lighthouse-2024-01-11-230423Z
-13581779.869693777,4434022.106087979,-0.16106986666666667,0.20050125313283207,2024-01-11 23:04:23+00:00,walton_lighthouse-2024-01-11-230423Z
-13581778.25177624,4434020.870906811,-0.16106986666666667,0.20300751879699247,2024-01-11 23:04:23+00:00,walton_lighthouse-2024-01-11-230423Z
-13581776.698469548,4434019.420106877,-0.16106986666666667,0.20551378446115287,2024-01-11 23:04:23+00:00,walton_lighthouse-2024-01-11-230423Z
-13581775.249800602,4434017.620110559,-0.16106986666666667,0.20802005012531327,2024-01-11 23:04:23+00:00,walton_lighthouse-2024-01-11-230423Z
-13581773.743747896,4434016.011614901,-0.16106986666666667,0.21052631578947367,2024-01-11 23:04:23+00:00,walton_lighthouse-2024-01-11-230423Z
-13581772.169608248,4434014.630338539,-0.16106986666666667,0.21303258145363407,2024-01-11 23:04:23+00:00,walton_lighthouse-2024-01-11-230423Z
-13581770.629731206,4434013.1347211925,-0.16106986666666667,0.21553884711779447,2024-01-11 23:04:23+00:00,walton_lighthouse-2024-01-11-230423Z
-13581769.05319835,4434011.761431546,-0.16106986666666667,0.21804511278195488,2024-01-11 23:04:23+00:00,walton_lighthouse-2024-01-11-230423Z
-13581767.538860688,4434010.180584389,-0.16106986666666667,0.22055137844611528,2024-01-11 23:04:23+00:00,walton_lighthouse-2024-01-11-230423Z
-13581765.958799977,4434008.819067731,-0.16106986666666667,0.22305764411027568,2024-01-11 23:04:23+00:00,walton_lighthouse-2024-01-11-230423Z
-13581764.460050672,4434007.186199236,-0.16106986666666667,0.22556390977443608,2024-01-11 23:04:23+00:00,walton_lighthouse-2024-01-11-230423Z
-13581762.928289508,4434005.663497712,-0.16106986666666667,0.22807017543859648,2024-01-11 23:04:23+00:00,walton_lighthouse-2024-01-11-230423Z
-13581761.350433689,4434004.294622971,-0.16106986666666667,0.23057644110275688,2024-01-11 23:04:23+00:00,walton_lighthouse-2024-01-11-230423Z
-13581759.760008257,4434002.967695388,-0.16106986666666667,0.23308270676691728,2024-01-11 23:04:23+00:00,walton_lighthouse-2024-01-11-230423Z
-13581758.172079643,4434001.632435584,-0.16106986666666667,0.23558897243107768,2024-01-11 23:04:23+00:00,walton_lighthouse-2024-01-11-230423Z
-13581756.54825766,4434000.416958882,-0.16106986666666667,0.23809523809523808,2024-01-11 23:04:23+00:00,walton_lighthouse-2024-01-11-230423Z
-13581754.9497248,4433999.117087316,-0.16106986666666667,0.24060150375939848,2024-01-11 23:04:23+00:00,walton_lighthouse-2024-01-11-230423Z
-13581753.324062724,4433997.907751328,-0.16106986666666667,0.24310776942355888,2024-01-11 23:04:23+00:00,walton_lighthouse-2024-01-11-230423Z
-13581751.65010695,4433996.859580835,-0.16106986666666667,0.24561403508771928,2024-01-11 23:04:23+00:00,walton_lighthouse-2024-01-11-230423Z
-13581749.98017914,4433995.797968178,-0.16106986666666667,0.24812030075187969,2024-01-11 23:04:23+00:00,walton_lighthouse-2024-01-11-230423Z
-13581748.287693722,4433994.811634567,-0.16106986666666667,0.2506265664160401,2024-01-11 23:04:23+00:00,walton_lighthouse-2024-01-11-230423Z
-13581746.59476545,4433993.82677891,-0.16106986666666667,0.2531328320802005,2024-01-11 23:04:23+00:00,walton_lighthouse-2024-01-11-230423Z
-13581744.852097124,4433993.007915572,-0.16106986666666667,0.2556390977443609,2024-01-11 23:04:23+00:00,walton_lighthouse-2024-01-11-230423Z
-13581743.14854889,4433992.058500752,-0.16106986666666667,0.2581453634085213,2024-01-11 23:04:23+00:00,walton_lighthouse-2024-01-11-230423Z
-13581741.414040642,4433991.212405477,-0.16106986666666667,0.2606516290726817,2024-01-11 23:04:23+00:00,walton_lighthouse-2024-01-11-230423Z
-13581739.62465915,4433990.549432919,-0.16106986666666667,0.2631578947368421,2024-01-11 23:04:23+00:00,walton_lighthouse-2024-01-11-230423Z
-13581737.88068006,4433989.73494382,-0.16106986666666667,0.2656641604010025,2024-01-11 23:04:23+00:00,walton_lighthouse-2024-01-11-230423Z
-13581736.10961541,4433989.010844452,-0.16106986666666667,0.2681704260651629,2024-01-11 23:04:23+00:00,walton_lighthouse-2024-01-11-230423Z
-13581734.314660516,4433988.36647131,-0.16106986666666667,0.2706766917293233,2024-01-11 23:04:23+00:00,walton_lighthouse-2024-01-11-230423Z
-13581732.517372165,4433987.729885491,-0.16106986666666667,0.2731829573934837,2024-01-11 23:04:23+00:00,walton_lighthouse-2024-01-11-230423Z
-13581730.702766018,4433987.151092563,-0.16106986666666667,0.2756892230576441,2024-01-11 23:04:23+00:00,walton_lighthouse-2024-01-11-230423Z
-13581728.918024477,4433986.472635597,-0.16106986666666667,0.2781954887218045,2024-01-11 23:04:23+00:00,walton_lighthouse-2024-01-11-230423Z
-13581727.148023233,4433985.744987368,-0.16106986666666667,0.2807017543859649,2024-01-11 23:04:23+00:00,walton_lighthouse-2024-01-11-230423Z
-13581725.375592642,4433985.025446332,-0.16106986666666667,0.2832080200501253,2024-01-11 23:04:23+00:00,walton_lighthouse-2024-01-11-230423Z
-13581723.56929888,4433984.418913372,-0.16106986666666667,0.2857142857142857,2024-01-11 23:04:23+00:00,walton_lighthouse-2024-01-11-230423Z
-13581721.771301994,4433983.7846920565,-0.16106986666666667,0.2882205513784461,2024-01-11 23:04:23+00:00,walton_lighthouse-2024-01-11-230423Z
-13581719.984729605,4433983.112344924,-0.16106986666666667,0.2907268170426065,2024-01-11 23:04:23+00:00,walton_lighthouse-2024-01-11-230423Z
-13581718.189480944,4433982.468952287,-0.16106986666666667,0.2932330827067669,2024-01-11 23:04:23+00:00,walton_lighthouse-2024-01-11-230423Z
-13581716.406704323,4433981.783938018,-0.16106986666666667,0.2957393483709273,2024-01-11 23:04:23+00:00,walton_lighthouse-2024-01-11-230423Z
-13581714.604957426,4433981.162231228,-0.16106986666666667,0.2982456140350877,2024-01-11 23:04:23+00:00,walton_lighthouse-2024-01-11-230423Z
-13581712.805850023,4433980.531715851,-0.16106986666666667,0.3007518796992481,2024-01-11 23:04:23+00:00,walton_lighthouse-2024-01-11-230423Z
-13581711.025695927,4433979.837949697,-0.16106986666666667,0.3032581453634085,2024-01-11 23:04:23+00:00,walton_lighthouse-2024-01-11-230423Z
-13581709.253964525,4433979.116075474,-0.16106986666666667,0.3057644110275689,2024-01-11 23:04:23+00:00,walton_lighthouse-2024-01-11-230423Z
-13581707.460333472,4433978.467284491,-0.16106986666666667,0.3082706766917293,2024-01-11 23:04:23+00:00,walton_lighthouse-2024-01-11-230423Z
-13581705.66961706,4433977.808766758,-0.16106986666666667,0.3107769423558897,2024-01-11 23:04:23+00:00,walton_lighthouse-2024-01-11-230423Z
-13581703.86575493,4433977.194118967,-0.16106986666666667,0.3132832080200501,2024-01-11 23:04:23+00:00,walton_lighthouse-2024-01-11-230423Z
-13581702.084404947,4433976.504343715,-0.16106986666666667,0.3157894736842105,2024-01-11 23:04:23+00:00,walton_lighthouse-2024-01-11-230423Z
-13581700.30288908,4433975.815122025,-0.16106986666666667,0.3182957393483709,2024-01-11 23:04:23+00:00,walton_lighthouse-2024-01-11-230423Z
-13581698.503995229,4433975.1838940205,-0.16106986666666667,0.3208020050125313,2024-01-11 23:04:23+00:00,walton_lighthouse-2024-01-11-230423Z
-13581696.699695377,4433974.570706992,-0.16106986666666667,0.3233082706766917,2024-01-11 23:04:23+00:00,walton_lighthouse-2024-01-11-230423Z
-13581694.900301743,4433973.941146887,-0.16106986666666667,0.3258145363408521,2024-01-11 23:04:23+00:00,walton_lighthouse-2024-01-11-230423Z
-13581693.1154356,4433973.263105684,-0.16106986666666667,0.3283208020050125,2024-01-11 23:04:23+00:00,walton_lighthouse-2024-01-11-230423Z
-13581691.323975904,4433972.607068538,-0.16106986666666667,0.3308270676691729,2024-01-11 23:04:23+00:00,walton_lighthouse-2024-01-11-230423Z
-13581689.51542919,4433972.00805407,-0.16106986666666667,0.3333333333333333,2024-01-11 23:04:23+00:00,walton_lighthouse-2024-01-11-230423Z
-13581687.710177748,4433971.398042622,-0.16106986666666667,0.3358395989974937,2024-01-11 23:04:23+00:00,walton_lighthouse-2024-01-11-230423Z
-13581685.93962257,4433970.672242945,-0.16106986666666667,0.3383458646616541,2024-01-11 23:04:23+00:00,walton_lighthouse-2024-01-11-230423Z
-13581684.129089557,4433970.079857123,-0.16106986666666667,0.3408521303258145,2024-01-11 23:04:23+00:00,walton_lighthouse-2024-01-11-230423Z
-13581682.361371946,4433969.344588099,-0.16106986666666667,0.3433583959899749,2024-01-11 23:04:23+00:00,walton_lighthouse-2024-01-11-230423Z
-13581680.533779165,4433968.8091339925,-0.16106986666666667,0.3458646616541353,2024-01-11 23:04:23+00:00,walton_lighthouse-2024-01-11-230423Z
-13581678.73711991,4433968.170448682,-0.16106986666666667,0.3483709273182957,2024-01-11 23:04:23+00:00,walton_lighthouse-2024-01-11-230423Z
-13581676.930320228,4433967.565604005,-0.16106986666666667,0.3508771929824561,2024-01-11 23:04:23+00:00,walton_lighthouse-2024-01-11-230423Z
-13581675.113227496,4433966.995109296,-0.16106986666666667,0.3533834586466165,2024-01-11 23:04:23+00:00,walton_lighthouse-2024-01-11-230423Z
-13581673.283068622,4433966.468218814,-0.16106986666666667,0.3558897243107769,2024-01-11 23:04:23+00:00,walton_lighthouse-2024-01-11-230423Z
-13581671.466412496,4433965.896266899,-0.16106986666666667,0.3583959899749373,2024-01-11 23:04:23+00:00,walton_lighthouse-2024-01-11-230423Z
-13581669.675478144,4433965.238476545,-0.16106986666666667,0.3609022556390977,2024-01-11 23:04:23+00:00,walton_lighthouse-2024-01-11-230423Z
-13581667.858740596,4433964.666796519,-0.16106986666666667,0.3634085213032581,2024-01-11 23:04:23+00:00,walton_lighthouse-2024-01-11-230423Z
-13581666.0334249,4433964.123743378,-0.16106986666666667,0.3659147869674185,2024-01-11 23:04:23+00:00,walton_lighthouse-2024-01-11-230423Z
-13581664.223159432,4433963.530464673,-0.16106986666666667,0.3684210526315789,2024-01-11 23:04:23+00:00,walton_lighthouse-2024-01-11-230423Z
-13581662.414636515,4433962.931370727,-0.16106986666666667,0.37092731829573933,2024-01-11 23:04:23+00:00,walton_lighthouse-2024-01-11-230423Z
-13581660.595464062,4433962.367816459,-0.16106986666666667,0.37343358395989973,2024-01-11 23:04:23+00:00,walton_lighthouse-2024-01-11-230423Z
-13581658.778958628,4433961.795361756,-0.16106986666666667,0.37593984962406013,2024-01-11 23:04:23+00:00,walton_lighthouse-2024-01-11-230423Z
-13581656.969517766,4433961.199331152,-0.16106986666666667,0.37844611528822053,2024-01-11 23:04:23+00:00,walton_lighthouse-2024-01-11-230423Z
-13581655.162379688,4433960.595615808,-0.16106986666666667,0.38095238095238093,2024-01-11 23:04:23+00:00,walton_lighthouse-2024-01-11-230423Z
-13581653.344055723,4433960.029229922,-0.16106986666666667,0.38345864661654133,2024-01-11 23:04:23+00:00,walton_lighthouse-2024-01-11-230423Z
-13581651.52276962,4433959.472729255,-0.16106986666666667,0.38596491228070173,2024-01-11 23:04:23+00:00,walton_lighthouse-2024-01-11-230423Z
-13581649.704358209,4433958.906635102,-0.16106986666666667,0.38847117794486213,2024-01-11 23:04:23+00:00,walton_lighthouse-2024-01-11-230423Z
-13581647.885194644,4433958.343051164,-0.16106986666666667,0.39097744360902253,2024-01-11 23:04:23+00:00,walton_lighthouse-2024-01-11-230423Z
-13581646.05855711,4433957.804409287,-0.16106986666666667,0.39348370927318294,2024-01-11 23:04:23+00:00,walton_lighthouse-2024-01-11-230423Z
-13581644.226458894,4433957.283990626,-0.16106986666666667,0.39598997493734334,2024-01-11 23:04:23+00:00,walton_lighthouse-2024-01-11-230423Z
-13581642.400604391,4433956.7427355815,-0.16106986666666667,0.39849624060150374,2024-01-11 23:04:23+00:00,walton_lighthouse-2024-01-11-230423Z
-13581640.57062314,4433956.215252361,-0.16106986666666667,0.40100250626566414,2024-01-11 23:04:23+00:00,walton_lighthouse-2024-01-11-230423Z
-13581638.743075067,4433955.679649096,-0.16106986666666667,0.40350877192982454,2024-01-11 23:04:23+00:00,walton_lighthouse-2024-01-11-230423Z
-13581636.907423632,4433955.171088294,-0.16106986666666667,0.40601503759398494,2024-01-11 23:04:23+00:00,walton_lighthouse-2024-01-11-230423Z
-13581635.073468322,4433954.6568671735,-0.16106986666666667,0.40852130325814534,2024-01-11 23:04:23+00:00,walton_lighthouse-2024-01-11-230423Z
-13581633.23571894,4433954.155307715,-0.16106986666666667,0.41102756892230574,2024-01-11 23:04:23+00:00,walton_lighthouse-2024-01-11-230423Z
-13581631.399880735,4433953.647370225,-0.16106986666666667,0.41353383458646614,2024-01-11 23:04:23+00:00,walton_lighthouse-2024-01-11-230423Z
-13581629.561104096,4433953.149238795,-0.16106986666666667,0.41604010025062654,2024-01-11 23:04:23+00:00,walton_lighthouse-2024-01-11-230423Z
-13581627.720567008,4433952.656982425,-0.16106986666666667,0.41854636591478694,2024-01-11 23:04:23+00:00,walton_lighthouse-2024-01-11-230423Z
-13581625.88538899,4433952.146841782,-0.16106986666666667,0.42105263157894735,2024-01-11 23:04:23+00:00,walton_lighthouse-2024-01-11-230423Z
-13581624.050265923,4433951.636517741,-0.16106986666666667,0.42355889724310775,2024-01-11 23:04:23+00:00,walton_lighthouse-2024-01-11-230423Z
-13581622.213902798,4433951.130331948,-0.16106986666666667,0.42606516290726815,2024-01-11 23:04:23+00:00,walton_lighthouse-2024-01-11-230423Z
-13581620.376449492,4433950.627784363,-0.16106986666666667,0.42857142857142855,2024-01-11 23:04:23+00:00,walton_lighthouse-2024-01-11-230423Z
-13581618.542570945,4433950.113307208,-0.16106986666666667,0.43107769423558895,2024-01-11 23:04:23+00:00,walton_lighthouse-2024-01-11-230423Z
-13581616.7091528,4433949.597293468,-0.16106986666666667,0.43358395989974935,2024-01-11 23:04:23+00:00,walton_lighthouse-2024-01-11-230423Z
-13581614.87910101,4433949.070045524,-0.16106986666666667,0.43609022556390975,2024-01-11 23:04:23+00:00,walton_lighthouse-2024-01-11-230423Z
-13581613.043741137,4433948.560511744,-0.16106986666666667,0.43859649122807015,2024-01-11 23:04:23+00:00,walton_lighthouse-2024-01-11-230423Z
-13581611.208579095,4433948.050317835,-0.16106986666666667,0.44110275689223055,2024-01-11 23:04:23+00:00,walton_lighthouse-2024-01-11-230423Z
-13581609.376210945,4433947.530800134,-0.16106986666666667,0.44360902255639095,2024-01-11 23:04:23+00:00,walton_lighthouse-2024-01-11-230423Z
-13581607.545352831,4433947.006243004,-0.16106986666666667,0.44611528822055135,2024-01-11 23:04:23+00:00,walton_lighthouse-2024-01-11-230423Z
-13581605.71868376,4433946.467706343,-0.16106986666666667,0.44862155388471175,2024-01-11 23:04:23+00:00,walton_lighthouse-2024-01-11-230423Z
-13581603.891203202,4433945.93187782,-0.16106986666666667,0.45112781954887216,2024-01-11 23:04:23+00:00,walton_lighthouse-2024-01-11-230423Z
-13581602.063421275,4433945.397054961,-0.16106986666666667,0.45363408521303256,2024-01-11 23:04:23+00:00,walton_lighthouse-2024-01-11-230423Z
-13581600.23731242,4433944.856648727,-0.16106986666666667,0.45614035087719296,2024-01-11 23:04:23+00:00,walton_lighthouse-2024-01-11-230423Z
-13581598.40499414,4433944.336964512,-0.16106986666666667,0.45864661654135336,2024-01-11 23:04:23+00:00,walton_lighthouse-2024-01-11-230423Z
-13581596.572117062,4433943.819145242,-0.16106986666666667,0.46115288220551376,2024-01-11 23:04:23+00:00,walton_lighthouse-2024-01-11-230423Z
-13581594.743080476,4433943.288509424,-0.16106986666666667,0.46365914786967416,2024-01-11 23:04:23+00:00,walton_lighthouse-2024-01-11-230423Z
-13581592.91369434,4433942.759040071,-0.16106986666666667,0.46616541353383456,2024-01-11 23:04:23+00:00,walton_lighthouse-2024-01-11-230423Z
-13581591.080272036,4433942.243040346,-0.16106986666666667,0.46867167919799496,2024-01-11 23:04:23+00:00,walton_lighthouse-2024-01-11-230423Z
-13581589.2487605,4433941.72066388,-0.16106986666666667,0.47117794486215536,2024-01-11 23:04:23+00:00,walton_lighthouse-2024-01-11-230423Z
-13581587.418390185,4433941.194478928,-0.16106986666666667,0.47368421052631576,2024-01-11 23:04:23+00:00,walton_lighthouse-2024-01-11-230423Z
-13581585.594780518,4433940.645732422,-0.16106986666666667,0.47619047619047616,2024-01-11 23:04:23+00:00,walton_lighthouse-2024-01-11-230423Z
-13581583.76101574,4433940.130875572,-0.16106986666666667,0.47869674185463656,2024-01-11 23:04:23+00:00,walton_lighthouse-2024-01-11-230423Z
-13581581.92612535,4433939.61977507,-0.16106986666666667,0.48120300751879697,2024-01-11 23:04:23+00:00,walton_lighthouse-2024-01-11-230423Z
-13581580.09228458,4433939.105171649,-0.16106986666666667,0.48370927318295737,2024-01-11 23:04:23+00:00,walton_lighthouse-2024-01-11-230423Z
-13581578.257372323,4433938.594144085,-0.16106986666666667,0.48621553884711777,2024-01-11 23:04:23+00:00,walton_lighthouse-2024-01-11-230423Z
-13581576.420577858,4433938.089397884,-0.16106986666666667,0.48872180451127817,2024-01-11 23:04:23+00:00,walton_lighthouse-2024-01-11-230423Z
-13581574.582661573,4433937.588395363,-0.16106986666666667,0.49122807017543857,2024-01-11 23:04:23+00:00,walton_lighthouse-2024-01-11-230423Z
-13581572.74097328,4433937.099980709,-0.16106986666666667,0.49373433583959897,2024-01-11 23:04:23+00:00,walton_lighthouse-2024-01-11-230423Z
-13581570.899864,4433936.609633772,-0.16106986666666667,0.49624060150375937,2024-01-11 23:04:23+00:00,walton_lighthouse-2024-01-11-230423Z
-13581569.057157855,4433936.124615992,-0.16106986666666667,0.49874686716791977,2024-01-11 23:04:23+00:00,walton_lighthouse-2024-01-11-230423Z
-13581567.215664694,4433935.635550197,-0.16106986666666667,0.5012531328320802,2024-01-11 23:04:23+00:00,walton_lighthouse-2024-01-11-230423Z
-13581565.372910336,4433935.150693185,-0.16106986666666667,0.5037593984962405,2024-01-11 23:04:23+00:00,walton_lighthouse-2024-01-11-230423Z
-13581563.527400983,4433934.675030219,-0.16106986666666667,0.506265664160401,2024-01-11 23:04:23+00:00,walton_lighthouse-2024-01-11-230423Z
-13581561.683710989,4433934.193295711,-0.16106986666666667,0.5087719298245614,2024-01-11 23:04:23+00:00,walton_lighthouse-2024-01-11-230423Z
-13581559.837988136,4433933.718345197,-0.16106986666666667,0.5112781954887218,2024-01-11 23:04:23+00:00,walton_lighthouse-2024-01-11-230423Z
-13581557.993860252,4433933.238071909,-0.16106986666666667,0.5137844611528821,2024-01-11 23:04:23+00:00,walton_lighthouse-2024-01-11-230423Z
-13581556.147470629,4433932.765346551,-0.16106986666666667,0.5162907268170426,2024-01-11 23:04:23+00:00,walton_lighthouse-2024-01-11-230423Z
-13581554.3011019,4433932.29255156,-0.16106986666666667,0.518796992481203,2024-01-11 23:04:23+00:00,walton_lighthouse-2024-01-11-230423Z
-13581552.457603576,4433931.810177333,-0.16106986666666667,0.5213032581453634,2024-01-11 23:04:23+00:00,walton_lighthouse-2024-01-11-230423Z
-13581550.609311571,4433931.343800522,-0.16106986666666667,0.5238095238095237,2024-01-11 23:04:23+00:00,walton_lighthouse-2024-01-11-230423Z
-13581548.762596795,4433930.872160255,-0.16106986666666667,0.5263157894736842,2024-01-11 23:04:23+00:00,walton_lighthouse-2024-01-11-230423Z
-13581546.91219228,4433930.412833426,-0.16106986666666667,0.5288220551378446,2024-01-11 23:04:23+00:00,walton_lighthouse-2024-01-11-230423Z
-13581545.062760616,4433929.950259991,-0.16106986666666667,0.531328320802005,2024-01-11 23:04:23+00:00,walton_lighthouse-2024-01-11-230423Z
-13581543.21392549,4433929.485695634,-0.16106986666666667,0.5338345864661653,2024-01-11 23:04:23+00:00,walton_lighthouse-2024-01-11-230423Z
-13581541.364004465,4433929.024755316,-0.16106986666666667,0.5363408521303258,2024-01-11 23:04:23+00:00,walton_lighthouse-2024-01-11-230423Z
-13581539.51502034,4433928.560688305,-0.16106986666666667,0.5388471177944862,2024-01-11 23:04:23+00:00,walton_lighthouse-2024-01-11-230423Z
-13581537.665596165,4433928.098089775,-0.16106986666666667,0.5413533834586466,2024-01-11 23:04:23+00:00,walton_lighthouse-2024-01-11-230423Z
-13581535.815465365,4433927.637849476,-0.16106986666666667,0.5438596491228069,2024-01-11 23:04:23+00:00,walton_lighthouse-2024-01-11-230423Z
-13581533.96580893,4433927.176026121,-0.16106986666666667,0.5463659147869674,2024-01-11 23:04:23+00:00,walton_lighthouse-2024-01-11-230423Z
-13581532.114307242,4433926.720360715,-0.16106986666666667,0.5488721804511278,2024-01-11 23:04:23+00:00,walton_lighthouse-2024-01-11-230423Z
-13581530.262272008,4433926.266475781,-0.16106986666666667,0.5513784461152882,2024-01-11 23:04:23+00:00,walton_lighthouse-2024-01-11-230423Z
-13581528.410867944,4433925.810484582,-0.16106986666666667,0.5538847117794485,2024-01-11 23:04:23+00:00,walton_lighthouse-2024-01-11-230423Z
-13581526.55803944,4433925.3592471145,-0.16106986666666667,0.556390977443609,2024-01-11 23:04:23+00:00,walton_lighthouse-2024-01-11-230423Z
-13581524.705544809,4433924.906895305,-0.16106986666666667,0.5588972431077694,2024-01-11 23:04:23+00:00,walton_lighthouse-2024-01-11-230423Z
-13581522.852600634,4433924.45604369,-0.16106986666666667,0.5614035087719298,2024-01-11 23:04:23+00:00,walton_lighthouse-2024-01-11-230423Z
-13581520.997975731,4433924.010801051,-0.16106986666666667,0.5639097744360901,2024-01-11 23:04:23+00:00,walton_lighthouse-2024-01-11-230423Z
-13581519.143366756,4433923.56550533,-0.16106986666666667,0.5664160401002506,2024-01-11 23:04:23+00:00,walton_lighthouse-2024-01-11-230423Z
-13581517.287065014,4433923.125858666,-0.16106986666666667,0.568922305764411,2024-01-11 23:04:23+00:00,walton_lighthouse-2024-01-11-230423Z
-13581515.43372552,4433922.676326263,-0.16106986666666667,0.5714285714285714,2024-01-11 23:04:23+00:00,walton_lighthouse-2024-01-11-230423Z
-13581513.578009453,4433922.23472506,-0.16106986666666667,0.5739348370927317,2024-01-11 23:04:23+00:00,walton_lighthouse-2024-01-11-230423Z
-13581511.725182945,4433921.78348089,-0.16106986666666667,0.5764411027568922,2024-01-11 23:04:23+00:00,walton_lighthouse-2024-01-11-230423Z
-13581509.868079912,4433921.346508262,-0.16106986666666667,0.5789473684210527,2024-01-11 23:04:23+00:00,walton_lighthouse-2024-01-11-230423Z
-13581508.010650178,4433920.910625856,-0.16106986666666667,0.581453634085213,2024-01-11 23:04:23+00:00,walton_lighthouse-2024-01-11-230423Z
-13581506.14943409,4433920.4873792445,-0.16106986666666667,0.5839598997493733,2024-01-11 23:04:23+00:00,walton_lighthouse-2024-01-11-230423Z
-13581504.287703335,4433920.065850275,-0.16106986666666667,0.5864661654135338,2024-01-11 23:04:23+00:00,walton_lighthouse-2024-01-11-230423Z
-13581502.428014474,4433919.637507052,-0.16106986666666667,0.5889724310776943,2024-01-11 23:04:23+00:00,walton_lighthouse-2024-01-11-230423Z
-13581500.563566258,4433919.225046652,-0.16106986666666667,0.5914786967418546,2024-01-11 23:04:23+00:00,walton_lighthouse-2024-01-11-230423Z
-13581498.699145982,4433918.81249311,-0.16106986666666667,0.593984962406015,2024-01-11 23:04:23+00:00,walton_lighthouse-2024-01-11-230423Z
-13581496.829784248,4433918.41643016,-0.16106986666666667,0.5964912280701754,2024-01-11 23:04:23+00:00,walton_lighthouse-2024-01-11-230423Z
-13581494.969668124,4433917.9895128,-0.16106986666666667,0.5989974937343359,2024-01-11 23:04:23+00:00,walton_lighthouse-2024-01-11-230423Z
-13581493.103124185,4433917.58404623,-0.16106986666666667,0.6015037593984962,2024-01-11 23:04:23+00:00,walton_lighthouse-2024-01-11-230423Z
-13581491.239003468,4433917.170492964,-0.16106986666666667,0.6040100250626566,2024-01-11 23:04:23+00:00,walton_lighthouse-2024-01-11-230423Z
-13581489.37603631,4433916.753090156,-0.16106986666666667,0.606516290726817,2024-01-11 23:04:23+00:00,walton_lighthouse-2024-01-11-230423Z
-13581487.514021052,4433916.332510527,-0.16106986666666667,0.6090225563909775,2024-01-11 23:04:23+00:00,walton_lighthouse-2024-01-11-230423Z
-13581485.650717191,4433915.916231192,-0.16106986666666667,0.6115288220551378,2024-01-11 23:04:23+00:00,walton_lighthouse-2024-01-11-230423Z
-13581483.78746372,4433915.499783823,-0.16106986666666667,0.6140350877192982,2024-01-11 23:04:23+00:00,walton_lighthouse-2024-01-11-230423Z
-13581481.929511748,4433915.065644266,-0.16106986666666667,0.6165413533834586,2024-01-11 23:04:23+00:00,walton_lighthouse-2024-01-11-230423Z
-13581480.064347334,4433914.655573991,-0.16106986666666667,0.6190476190476191,2024-01-11 23:04:23+00:00,walton_lighthouse-2024-01-11-230423Z
-13581478.19937193,4433914.244872939,-0.16106986666666667,0.6215538847117794,2024-01-11 23:04:23+00:00,walton_lighthouse-2024-01-11-230423Z
-13581476.339760596,4433913.816271063,-0.16106986666666667,0.6240601503759398,2024-01-11 23:04:23+00:00,walton_lighthouse-2024-01-11-230423Z
-13581474.472790888,4433913.412225432,-0.16106986666666667,0.6265664160401002,2024-01-11 23:04:23+00:00,walton_lighthouse-2024-01-11-230423Z
-13581472.607771438,4433913.001671351,-0.16106986666666667,0.6290726817042607,2024-01-11 23:04:23+00:00,walton_lighthouse-2024-01-11-230423Z
-13581470.744653462,4433912.584771787,-0.16106986666666667,0.631578947368421,2024-01-11 23:04:23+00:00,walton_lighthouse-2024-01-11-230423Z
-13581468.87554315,4433912.187869796,-0.16106986666666667,0.6340852130325814,2024-01-11 23:04:23+00:00,walton_lighthouse-2024-01-11-230423Z
-13581467.005433748,4433911.794301938,-0.16106986666666667,0.6365914786967418,2024-01-11 23:04:23+00:00,walton_lighthouse-2024-01-11-230423Z
-13581465.140287466,4433911.384171109,-0.16106986666666667,0.6390977443609023,2024-01-11 23:04:23+00:00,walton_lighthouse-2024-01-11-230423Z
-13581463.274604363,4433910.975831831,-0.16106986666666667,0.6416040100250626,2024-01-11 23:04:23+00:00,walton_lighthouse-2024-01-11-230423Z
-13581461.404621515,4433910.581841746,-0.16106986666666667,0.644110275689223,2024-01-11 23:04:23+00:00,walton_lighthouse-2024-01-11-230423Z
-13581459.53577457,4433910.184060774,-0.16106986666666667,0.6466165413533834,2024-01-11 23:04:23+00:00,walton_lighthouse-2024-01-11-230423Z
-13581457.672103148,4433909.769008061,-0.16106986666666667,0.6491228070175439,2024-01-11 23:04:23+00:00,walton_lighthouse-2024-01-11-230423Z
-13581455.805641474,4433909.363267022,-0.16106986666666667,0.6516290726817042,2024-01-11 23:04:23+00:00,walton_lighthouse-2024-01-11-230423Z
-13581453.935872272,4433908.968563925,-0.16106986666666667,0.6541353383458646,2024-01-11 23:04:23+00:00,walton_lighthouse-2024-01-11-230423Z
-13581452.06983483,4433908.561407181,-0.16106986666666667,0.656641604010025,2024-01-11 23:04:23+00:00,walton_lighthouse-2024-01-11-230423Z
-13581450.20377902,4433908.154311586,-0.16106986666666667,0.6591478696741855,2024-01-11 23:04:23+00:00,walton_lighthouse-2024-01-11-230423Z
-13581448.333759565,4433907.7604435645,-0.16106986666666667,0.6616541353383458,2024-01-11 23:04:23+00:00,walton_lighthouse-2024-01-11-230423Z
-13581446.468073038,4433907.352115773,-0.16106986666666667,0.6641604010025062,2024-01-11 23:04:23+00:00,walton_lighthouse-2024-01-11-230423Z
-13581444.605573818,4433906.93315126,-0.16106986666666667,0.6666666666666666,2024-01-11 23:04:23+00:00,walton_lighthouse-2024-01-11-230423Z
-13581442.734783627,4433906.541855286,-0.16106986666666667,0.6691729323308271,2024-01-11 23:04:23+00:00,walton_lighthouse-2024-01-11-230423Z
-13581440.864921056,4433906.147463667,-0.16106986666666667,0.6716791979949874,2024-01-11 23:04:23+00:00,walton_lighthouse-2024-01-11-230423Z
-13581438.997708958,4433905.744227015,-0.16106986666666667,0.6741854636591478,2024-01-11 23:04:23+00:00,walton_lighthouse-2024-01-11-230423Z
-13581437.128455048,4433905.347804216,-0.16106986666666667,0.6766917293233082,2024-01-11 23:04:23+00:00,walton_lighthouse-2024-01-11-230423Z
-13581435.255500542,4433904.963730945,-0.16106986666666667,0.6791979949874687,2024-01-11 23:04:23+00:00,walton_lighthouse-2024-01-11-230423Z
-13581433.38652752,4433904.566370806,-0.16106986666666667,0.681704260651629,2024-01-11 23:04:23+00:00,walton_lighthouse-2024-01-11-230423Z
-13581431.518446798,4433904.16603287,-0.16106986666666667,0.6842105263157894,2024-01-11 23:04:23+00:00,walton_lighthouse-2024-01-11-230423Z
-13581429.647500103,4433903.775259223,-0.16106986666666667,0.6867167919799498,2024-01-11 23:04:23+00:00,walton_lighthouse-2024-01-11-230423Z
-13581427.775461791,4433903.388128435,-0.16106986666666667,0.6892230576441103,2024-01-11 23:04:23+00:00,walton_lighthouse-2024-01-11-230423Z
-13581425.908080893,4433902.985455106,-0.16106986666666667,0.6917293233082706,2024-01-11 23:04:23+00:00,walton_lighthouse-2024-01-11-230423Z
-13581424.039508617,4433902.586757602,-0.16106986666666667,0.694235588972431,2024-01-11 23:04:23+00:00,walton_lighthouse-2024-01-11-230423Z
-13581422.166170232,4433902.2039653575,-0.16106986666666667,0.6967418546365914,2024-01-11 23:04:23+00:00,walton_lighthouse-2024-01-11-230423Z
-13581420.293886598,4433901.8176533375,-0.16106986666666667,0.6992481203007519,2024-01-11 23:04:23+00:00,walton_lighthouse-2024-01-11-230423Z
-13581418.424516354,4433901.421618831,-0.16106986666666667,0.7017543859649122,2024-01-11 23:04:23+00:00,walton_lighthouse-2024-01-11-230423Z
-13581416.55267969,4433901.033815185,-0.16106986666666667,0.7042606516290726,2024-01-11 23:04:23+00:00,walton_lighthouse-2024-01-11-230423Z
-13581414.677788887,4433900.656203755,-0.16106986666666667,0.706766917293233,2024-01-11 23:04:23+00:00,walton_lighthouse-2024-01-11-230423Z
-13581412.80515947,4433900.271045628,-0.16106986666666667,0.7092731829573935,2024-01-11 23:04:23+00:00,walton_lighthouse-2024-01-11-230423Z
-13581410.934305549,4433899.879962451,-0.16106986666666667,0.7117794486215538,2024-01-11 23:04:23+00:00,walton_lighthouse-2024-01-11-230423Z
-13581409.061009042,4433899.497030571,-0.16106986666666667,0.7142857142857142,2024-01-11 23:04:23+00:00,walton_lighthouse-2024-01-11-230423Z
-13581407.186527746,4433899.118052497,-0.16106986666666667,0.7167919799498746,2024-01-11 23:04:23+00:00,walton_lighthouse-2024-01-11-230423Z
-13581405.313527243,4433898.734132844,-0.16106986666666667,0.7192982456140351,2024-01-11 23:04:23+00:00,walton_lighthouse-2024-01-11-230423Z
-13581403.442079095,4433898.345032663,-0.16106986666666667,0.7218045112781954,2024-01-11 23:04:23+00:00,walton_lighthouse-2024-01-11-230423Z
-13581401.56876846,4433897.962147946,-0.16106986666666667,0.7243107769423558,2024-01-11 23:04:23+00:00,walton_lighthouse-2024-01-11-230423Z
-13581399.695893187,4433897.57781025,-0.16106986666666667,0.7268170426065163,2024-01-11 23:04:23+00:00,walton_lighthouse-2024-01-11-230423Z
-13581397.825797034,4433897.184198184,-0.16106986666666667,0.7293233082706767,2024-01-11 23:04:23+00:00,walton_lighthouse-2024-01-11-230423Z
-13581395.95647824,4433896.787992025,-0.16106986666666667,0.731829573934837,2024-01-11 23:04:23+00:00,walton_lighthouse-2024-01-11-230423Z
-13581394.083510436,4433896.403963158,-0.16106986666666667,0.7343358395989974,2024-01-11 23:04:23+00:00,walton_lighthouse-2024-01-11-230423Z
-13581392.21193063,4433896.015302251,-0.16106986666666667,0.7368421052631579,2024-01-11 23:04:23+00:00,walton_lighthouse-2024-01-11-230423Z
-13581390.34179124,4433895.621834464,-0.16106986666666667,0.7393483709273183,2024-01-11 23:04:23+00:00,walton_lighthouse-2024-01-11-230423Z
-13581388.466476012,4433895.245639531,-0.16106986666666667,0.7418546365914787,2024-01-11 23:04:23+00:00,walton_lighthouse-2024-01-11-230423Z
-13581386.59386355,4433894.860424907,-0.16106986666666667,0.744360902255639,2024-01-11 23:04:23+00:00,walton_lighthouse-2024-01-11-230423Z
-13581384.724059736,4433894.465837118,-0.16106986666666667,0.7468671679197995,2024-01-11 23:04:23+00:00,walton_lighthouse-2024-01-11-230423Z
-13581382.849144973,4433894.088305693,-0.16106986666666667,0.7493734335839599,2024-01-11 23:04:23+00:00,walton_lighthouse-2024-01-11-230423Z
-13581380.974859448,4433893.708674428,-0.16106986666666667,0.7518796992481203,2024-01-11 23:04:23+00:00,walton_lighthouse-2024-01-11-230423Z
-13581379.099920113,4433893.331225002,-0.16106986666666667,0.7543859649122806,2024-01-11 23:04:23+00:00,walton_lighthouse-2024-01-11-230423Z
-13581377.22610014,4433892.950039949,-0.16106986666666667,0.7568922305764411,2024-01-11 23:04:23+00:00,walton_lighthouse-2024-01-11-230423Z
-13581375.348083848,4433892.582858921,-0.16106986666666667,0.7593984962406015,2024-01-11 23:04:23+00:00,walton_lighthouse-2024-01-11-230423Z
-13581373.470411863,4433892.214528983,-0.16106986666666667,0.7619047619047619,2024-01-11 23:04:23+00:00,walton_lighthouse-2024-01-11-230423Z
-13581371.591855455,4433891.849150368,-0.16106986666666667,0.7644110275689222,2024-01-11 23:04:23+00:00,walton_lighthouse-2024-01-11-230423Z
-13581369.715490364,4433891.476458884,-0.16106986666666667,0.7669172932330827,2024-01-11 23:04:23+00:00,walton_lighthouse-2024-01-11-230423Z
-13581367.835759657,4433891.114999264,-0.16106986666666667,0.7694235588972431,2024-01-11 23:04:23+00:00,walton_lighthouse-2024-01-11-230423Z
-13581365.957836805,4433890.747506413,-0.16106986666666667,0.7719298245614035,2024-01-11 23:04:23+00:00,walton_lighthouse-2024-01-11-230423Z
-13581364.079855263,4433890.380209364,-0.16106986666666667,0.7744360902255638,2024-01-11 23:04:23+00:00,walton_lighthouse-2024-01-11-230423Z
-13581362.204353197,4433890.004637835,-0.16106986666666667,0.7769423558897243,2024-01-11 23:04:23+00:00,walton_lighthouse-2024-01-11-230423Z
-13581360.325423278,4433889.64050582,-0.16106986666666667,0.7794486215538847,2024-01-11 23:04:23+00:00,walton_lighthouse-2024-01-11-230423Z
-13581358.443938602,4433889.284899453,-0.16106986666666667,0.7819548872180451,2024-01-11 23:04:23+00:00,walton_lighthouse-2024-01-11-230423Z
-13581356.56246298,4433888.9292628,-0.16106986666666667,0.7844611528822054,2024-01-11 23:04:23+00:00,walton_lighthouse-2024-01-11-230423Z
-13581354.682524957,4433888.568495001,-0.16106986666666667,0.7869674185463659,2024-01-11 23:04:23+00:00,walton_lighthouse-2024-01-11-230423Z
-13581352.800143288,4433888.215882103,-0.16106986666666667,0.7894736842105263,2024-01-11 23:04:23+00:00,walton_lighthouse-2024-01-11-230423Z
-13581350.912322031,4433887.881422131,-0.16106986666666667,0.7919799498746867,2024-01-11 23:04:23+00:00,walton_lighthouse-2024-01-11-230423Z
-13581349.02655106,4433887.540119896,-0.16106986666666667,0.794486215538847,2024-01-11 23:04:23+00:00,walton_lighthouse-2024-01-11-230423Z
-13581347.139064807,4433887.204541951,-0.16106986666666667,0.7969924812030075,2024-01-11 23:04:23+00:00,walton_lighthouse-2024-01-11-230423Z
-13581345.249939645,4433886.874433503,-0.16106986666666667,0.7994987468671679,2024-01-11 23:04:23+00:00,walton_lighthouse-2024-01-11-230423Z
-13581343.36158183,4433886.5417640805,-0.16106986666666667,0.8020050125313283,2024-01-11 23:04:23+00:00,walton_lighthouse-2024-01-11-230423Z
-13581341.474041091,4433886.206367895,-0.16106986666666667,0.8045112781954886,2024-01-11 23:04:23+00:00,walton_lighthouse-2024-01-11-230423Z
-13581339.583543615,4433885.880838988,-0.16106986666666667,0.8070175438596491,2024-01-11 23:04:23+00:00,walton_lighthouse-2024-01-11-230423Z
-13581337.691050466,4433885.561970116,-0.16106986666666667,0.8095238095238095,2024-01-11 23:04:23+00:00,walton_lighthouse-2024-01-11-230423Z
-13581335.799689438,4433885.239323101,-0.16106986666666667,0.8120300751879699,2024-01-11 23:04:23+00:00,walton_lighthouse-2024-01-11-230423Z
-13581333.906113436,4433884.92406771,-0.16106986666666667,0.8145363408521302,2024-01-11 23:04:23+00:00,walton_lighthouse-2024-01-11-230423Z
-13581332.015216514,4433884.599871834,-0.16106986666666667,0.8170426065162907,2024-01-11 23:04:23+00:00,walton_lighthouse-2024-01-11-230423Z
-13581330.125723924,4433884.270989503,-0.16106986666666667,0.8195488721804511,2024-01-11 23:04:23+00:00,walton_lighthouse-2024-01-11-230423Z
-13581328.236948356,4433883.939714266,-0.16106986666666667,0.8220551378446115,2024-01-11 23:04:23+00:00,walton_lighthouse-2024-01-11-230423Z
-13581326.349020896,4433883.605608693,-0.16106986666666667,0.8245614035087718,2024-01-11 23:04:23+00:00,walton_lighthouse-2024-01-11-230423Z
-13581324.460233605,4433883.2743725125,-0.16106986666666667,0.8270676691729323,2024-01-11 23:04:23+00:00,walton_lighthouse-2024-01-11-230423Z
-13581322.567078795,4433882.95771173,-0.16106986666666667,0.8295739348370927,2024-01-11 23:04:23+00:00,walton_lighthouse-2024-01-11-230423Z
-13581320.67053654,4433882.652355429,-0.16106986666666667,0.8320802005012531,2024-01-11 23:04:23+00:00,walton_lighthouse-2024-01-11-230423Z
-13581318.76487224,4433882.37744108,-0.16106986666666667,0.8345864661654134,2024-01-11 23:04:23+00:00,walton_lighthouse-2024-01-11-230423Z
-13581316.854743663,4433882.117425006,-0.16106986666666667,0.8370927318295739,2024-01-11 23:04:23+00:00,walton_lighthouse-2024-01-11-230423Z
-13581314.93926241,4433881.875271844,-0.16106986666666667,0.8395989974937343,2024-01-11 23:04:23+00:00,walton_lighthouse-2024-01-11-230423Z
-13581313.033221804,4433881.601613389,-0.16106986666666667,0.8421052631578947,2024-01-11 23:04:23+00:00,walton_lighthouse-2024-01-11-230423Z
-13581311.108707698,4433881.389604492,-0.16106986666666667,0.844611528822055,2024-01-11 23:04:23+00:00,walton_lighthouse-2024-01-11-230423Z
-13581309.178143276,4433881.19778684,-0.16106986666666667,0.8471177944862155,2024-01-11 23:04:23+00:00,walton_lighthouse-2024-01-11-230423Z
-13581307.243860306,4433881.018378668,-0.16106986666666667,0.849624060150376,2024-01-11 23:04:23+00:00,walton_lighthouse-2024-01-11-230423Z
-13581305.320145264,4433880.803703091,-0.16106986666666667,0.8521303258145363,2024-01-11 23:04:23+00:00,walton_lighthouse-2024-01-11-230423Z
-13581303.3546013,4433880.728618883,-0.16106986666666667,0.8546365914786966,2024-01-11 23:04:23+00:00,walton_lighthouse-2024-01-11-230423Z
-13581301.369068382,4433880.720241758,-0.16106986666666667,0.8571428571428571,2024-01-11 23:04:23+00:00,walton_lighthouse-2024-01-11-230423Z
-13581299.388639558,4433880.694831204,-0.16106986666666667,0.8596491228070176,2024-01-11 23:04:23+00:00,walton_lighthouse-2024-01-11-230423Z
-13581297.410471084,4433880.661877385,-0.16106986666666667,0.8621553884711779,2024-01-11 23:04:23+00:00,walton_lighthouse-2024-01-11-230423Z
-13581295.4153373,4433880.685540086,-0.16106986666666667,0.8646616541353382,2024-01-11 23:04:23+00:00,walton_lighthouse-2024-01-11-230423Z
-13581293.401704185,4433880.77093878,-0.16106986666666667,0.8671679197994987,2024-01-11 23:04:23+00:00,walton_lighthouse-2024-01-11-230423Z
-13581291.4336089,4433880.704368814,-0.16106986666666667,0.8696741854636592,2024-01-11 23:04:23+00:00,walton_lighthouse-2024-01-11-230423Z
-13581289.48622545,4433880.568679353,-0.16106986666666667,0.8721804511278195,2024-01-11 23:04:23+00:00,walton_lighthouse-2024-01-11-230423Z
-13581287.538948763,4433880.432633733,-0.16106986666666667,0.8746867167919798,2024-01-11 23:04:23+00:00,walton_lighthouse-2024-01-11-230423Z
-13581285.59834869,4433880.274306949,-0.16106986666666667,0.8771929824561403,2024-01-11 23:04:23+00:00,walton_lighthouse-2024-01-11-230423Z
-13581285.59834869,4433880.274306949,-0.16106986666666667,0.8796992481203008,2024-01-11 23:04:23+00:00,walton_lighthouse-2024-01-11-230423Z
-13581285.59834869,4433880.274306949,-0.16106986666666667,0.8822055137844611,2024-01-11 23:04:23+00:00,walton_lighthouse-2024-01-11-230423Z
-13581285.59834869,4433880.274306949,-0.16106986666666667,0.8847117794486214,2024-01-11 23:04:23+00:00,walton_lighthouse-2024-01-11-230423Z
-13581285.59834869,4433880.274306949,-0.16106986666666667,0.8872180451127819,2024-01-11 23:04:23+00:00,walton_lighthouse-2024-01-11-230423Z
-13581285.59834869,4433880.274306949,-0.16106986666666667,0.8897243107769424,2024-01-11 23:04:23+00:00,walton_lighthouse-2024-01-11-230423Z
-13581285.59834869,4433880.274306949,-0.16106986666666667,0.8922305764411027,2024-01-11 23:04:23+00:00,walton_lighthouse-2024-01-11-230423Z
-13581285.59834869,4433880.274306949,-0.16106986666666667,0.894736842105263,2024-01-11 23:04:23+00:00,walton_lighthouse-2024-01-11-230423Z
-13581285.59834869,4433880.274306949,-0.16106986666666667,0.8972431077694235,2024-01-11 23:04:23+00:00,walton_lighthouse-2024-01-11-230423Z
-13581285.59834869,4433880.274306949,-0.16106986666666667,0.899749373433584,2024-01-11 23:04:23+00:00,walton_lighthouse-2024-01-11-230423Z
-13581285.59834869,4433880.274306949,-0.16106986666666667,0.9022556390977443,2024-01-11 23:04:23+00:00,walton_lighthouse-2024-01-11-230423Z
-13581285.59834869,4433880.274306949,-0.16106986666666667,0.9047619047619047,2024-01-11 23:04:23+00:00,walton_lighthouse-2024-01-11-230423Z
-13581285.59834869,4433880.274306949,-0.16106986666666667,0.9072681704260651,2024-01-11 23:04:23+00:00,walton_lighthouse-2024-01-11-230423Z
-13581285.59834869,4433880.274306949,-0.16106986666666667,0.9097744360902256,2024-01-11 23:04:23+00:00,walton_lighthouse-2024-01-11-230423Z
-13581285.59834869,4433880.274306949,-0.16106986666666667,0.9122807017543859,2024-01-11 23:04:23+00:00,walton_lighthouse-2024-01-11-230423Z
-13581285.59834869,4433880.274306949,-0.16106986666666667,0.9147869674185463,2024-01-11 23:04:23+00:00,walton_lighthouse-2024-01-11-230423Z
-13581285.59834869,4433880.274306949,-0.16106986666666667,0.9172932330827067,2024-01-11 23:04:23+00:00,walton_lighthouse-2024-01-11-230423Z
-13581285.59834869,4433880.274306949,-0.16106986666666667,0.9197994987468672,2024-01-11 23:04:23+00:00,walton_lighthouse-2024-01-11-230423Z
-13581285.59834869,4433880.274306949,-0.16106986666666667,0.9223057644110275,2024-01-11 23:04:23+00:00,walton_lighthouse-2024-01-11-230423Z
-13581285.59834869,4433880.274306949,-0.16106986666666667,0.9248120300751879,2024-01-11 23:04:23+00:00,walton_lighthouse-2024-01-11-230423Z
-13581285.59834869,4433880.274306949,-0.16106986666666667,0.9273182957393483,2024-01-11 23:04:23+00:00,walton_lighthouse-2024-01-11-230423Z
-13581285.59834869,4433880.274306949,-0.16106986666666667,0.9298245614035088,2024-01-11 23:04:23+00:00,walton_lighthouse-2024-01-11-230423Z
-13581285.59834869,4433880.274306949,-0.16106986666666667,0.9323308270676691,2024-01-11 23:04:23+00:00,walton_lighthouse-2024-01-11-230423Z
-13581285.59834869,4433880.274306949,-0.16106986666666667,0.9348370927318295,2024-01-11 23:04:23+00:00,walton_lighthouse-2024-01-11-230423Z
-13581285.59834869,4433880.274306949,-0.16106986666666667,0.9373433583959899,2024-01-11 23:04:23+00:00,walton_lighthouse-2024-01-11-230423Z
-13581285.59834869,4433880.274306949,-0.16106986666666667,0.9398496240601504,2024-01-11 23:04:23+00:00,walton_lighthouse-2024-01-11-230423Z
-13581285.59834869,4433880.274306949,-0.16106986666666667,0.9423558897243107,2024-01-11 23:04:23+00:00,walton_lighthouse-2024-01-11-230423Z
-13581285.59834869,4433880.274306949,-0.16106986666666667,0.9448621553884711,2024-01-11 23:04:23+00:00,walton_lighthouse-2024-01-11-230423Z
-13581285.59834869,4433880.274306949,-0.16106986666666667,0.9473684210526315,2024-01-11 23:04:23+00:00,walton_lighthouse-2024-01-11-230423Z
-13581285.59834869,4433880.274306949,-0.16106986666666667,0.949874686716792,2024-01-11 23:04:23+00:00,walton_lighthouse-2024-01-11-230423Z
-13581285.59834869,4433880.274306949,-0.16106986666666667,0.9523809523809523,2024-01-11 23:04:23+00:00,walton_lighthouse-2024-01-11-230423Z
-13581285.59834869,4433880.274306949,-0.16106986666666667,0.9548872180451127,2024-01-11 23:04:23+00:00,walton_lighthouse-2024-01-11-230423Z
-13581285.59834869,4433880.274306949,-0.16106986666666667,0.9573934837092731,2024-01-11 23:04:23+00:00,walton_lighthouse-2024-01-11-230423Z
-13581285.59834869,4433880.274306949,-0.16106986666666667,0.9598997493734336,2024-01-11 23:04:23+00:00,walton_lighthouse-2024-01-11-230423Z
-13581285.59834869,4433880.274306949,-0.16106986666666667,0.9624060150375939,2024-01-11 23:04:23+00:00,walton_lighthouse-2024-01-11-230423Z
-13581285.59834869,4433880.274306949,-0.16106986666666667,0.9649122807017543,2024-01-11 23:04:23+00:00,walton_lighthouse-2024-01-11-230423Z
-13581285.59834869,4433880.274306949,-0.16106986666666667,0.9674185463659147,2024-01-11 23:04:23+00:00,walton_lighthouse-2024-01-11-230423Z
-13581285.59834869,4433880.274306949,-0.16106986666666667,0.9699248120300752,2024-01-11 23:04:23+00:00,walton_lighthouse-2024-01-11-230423Z
-13581285.59834869,4433880.274306949,-0.16106986666666667,0.9724310776942355,2024-01-11 23:04:23+00:00,walton_lighthouse-2024-01-11-230423Z
-13581285.59834869,4433880.274306949,-0.16106986666666667,0.9749373433583959,2024-01-11 23:04:23+00:00,walton_lighthouse-2024-01-11-230423Z
-13581285.59834869,4433880.274306949,-0.16106986666666667,0.9774436090225563,2024-01-11 23:04:23+00:00,walton_lighthouse-2024-01-11-230423Z
-13581285.59834869,4433880.274306949,-0.16106986666666667,0.9799498746867168,2024-01-11 23:04:23+00:00,walton_lighthouse-2024-01-11-230423Z
-13581285.59834869,4433880.274306949,-0.16106986666666667,0.9824561403508771,2024-01-11 23:04:23+00:00,walton_lighthouse-2024-01-11-230423Z
-13581285.59834869,4433880.274306949,-0.16106986666666667,0.9849624060150375,2024-01-11 23:04:23+00:00,walton_lighthouse-2024-01-11-230423Z
-13581285.59834869,4433880.274306949,-0.16106986666666667,0.9874686716791979,2024-01-11 23:04:23+00:00,walton_lighthouse-2024-01-11-230423Z
-13581285.59834869,4433880.274306949,-0.16106986666666667,0.9899749373433584,2024-01-11 23:04:23+00:00,walton_lighthouse-2024-01-11-230423Z
-13581285.59834869,4433880.274306949,-0.16106986666666667,0.9924812030075187,2024-01-11 23:04:23+00:00,walton_lighthouse-2024-01-11-230423Z
-13581285.59834869,4433880.274306949,-0.16106986666666667,0.9949874686716791,2024-01-11 23:04:23+00:00,walton_lighthouse-2024-01-11-230423Z
-13581285.59834869,4433880.274306949,-0.16106986666666667,0.9974937343358395,2024-01-11 23:04:23+00:00,walton_lighthouse-2024-01-11-230423Z
-13581285.59834869,4433880.274306949,-0.16106986666666667,1.0,2024-01-11 23:04:23+00:00,walton_lighthouse-2024-01-11-230423Z
-13581921.924374452,4434078.800918329,-0.3516884,0.0,2024-01-11 23:34:23+00:00,walton_lighthouse-2024-01-11-233423Z
-13581920.174717952,4434078.005375808,-0.3516884,0.002506265664160401,2024-01-11 23:34:23+00:00,walton_lighthouse-2024-01-11-233423Z
-13581918.429423232,4434077.195277151,-0.3516884,0.005012531328320802,2024-01-11 23:34:23+00:00,walton_lighthouse-2024-01-11-233423Z
-13581916.694729025,4434076.349802432,-0.3516884,0.007518796992481203,2024-01-11 23:34:23+00:00,walton_lighthouse-2024-01-11-233423Z
-13581914.951484408,4434075.532862172,-0.3516884,0.010025062656641603,2024-01-11 23:34:23+00:00,walton_lighthouse-2024-01-11-233423Z
-13581913.20998462,4434074.710099232,-0.3516884,0.012531328320802004,2024-01-11 23:34:23+00:00,walton_lighthouse-2024-01-11-233423Z
-13581911.491349855,4434073.811031075,-0.3516884,0.015037593984962405,2024-01-11 23:34:23+00:00,walton_lighthouse-2024-01-11-233423Z
-13581909.795887522,4434072.834631984,-0.3516884,0.017543859649122806,2024-01-11 23:34:23+00:00,walton_lighthouse-2024-01-11-233423Z
-13581908.104305152,4434071.845284796,-0.3516884,0.020050125313283207,2024-01-11 23:34:23+00:00,walton_lighthouse-2024-01-11-233423Z
-13581906.45052678,4434070.729778426,-0.3516884,0.022556390977443608,2024-01-11 23:34:23+00:00,walton_lighthouse-2024-01-11-233423Z
-13581904.74759451,4434069.778308105,-0.3516884,0.02506265664160401,2024-01-11 23:34:23+00:00,walton_lighthouse-2024-01-11-233423Z
-13581903.05602947,4434068.788902933,-0.3516884,0.02756892230576441,2024-01-11 23:34:23+00:00,walton_lighthouse-2024-01-11-233423Z
-13581901.376540994,4434067.759196081,-0.3516884,0.03007518796992481,2024-01-11 23:34:23+00:00,walton_lighthouse-2024-01-11-233423Z
-13581899.74922661,4434066.555374248,-0.3516884,0.03258145363408521,2024-01-11 23:34:23+00:00,walton_lighthouse-2024-01-11-233423Z
-13581898.079086125,4434065.494471327,-0.3516884,0.03508771929824561,2024-01-11 23:34:23+00:00,walton_lighthouse-2024-01-11-233423Z
-13581896.389939798,4434064.496994551,-0.3516884,0.03759398496240601,2024-01-11 23:34:23+00:00,walton_lighthouse-2024-01-11-233423Z
-13581894.733007023,4434063.392014882,-0.3516884,0.040100250626566414,2024-01-11 23:34:23+00:00,walton_lighthouse-2024-01-11-233423Z
-13581893.099837106,4434062.207734107,-0.3516884,0.042606516290726815,2024-01-11 23:34:23+00:00,walton_lighthouse-2024-01-11-233423Z
-13581891.465768864,4434061.026451116,-0.3516884,0.045112781954887216,2024-01-11 23:34:23+00:00,walton_lighthouse-2024-01-11-233423Z
-13581889.873904416,4434059.704325795,-0.3516884,0.047619047619047616,2024-01-11 23:34:23+00:00,walton_lighthouse-2024-01-11-233423Z
-13581888.254215894,4434058.475054942,-0.3516884,0.05012531328320802,2024-01-11 23:34:23+00:00,walton_lighthouse-2024-01-11-233423Z
-13581886.64225104,4434057.220008696,-0.3516884,0.05263157894736842,2024-01-11 23:34:23+00:00,walton_lighthouse-2024-01-11-233423Z
-13581884.99446958,4434056.08448937,-0.3516884,0.05513784461152882,2024-01-11 23:34:23+00:00,walton_lighthouse-2024-01-11-233423Z
-13581883.356963374,4434054.91467945,-0.3516884,0.05764411027568922,2024-01-11 23:34:23+00:00,walton_lighthouse-2024-01-11-233423Z
-13581881.688858865,4434053.846982097,-0.3516884,0.06015037593984962,2024-01-11 23:34:23+00:00,walton_lighthouse-2024-01-11-233423Z
-13581880.039075471,4434052.718143731,-0.3516884,0.06265664160401002,2024-01-11 23:34:23+00:00,walton_lighthouse-2024-01-11-233423Z
-13581878.368358323,4434051.659165197,-0.3516884,0.06516290726817042,2024-01-11 23:34:23+00:00,walton_lighthouse-2024-01-11-233423Z
-13581876.722745966,4434050.516407088,-0.3516884,0.06766917293233082,2024-01-11 23:34:23+00:00,walton_lighthouse-2024-01-11-233423Z
-13581875.11588648,4434049.244323196,-0.3516884,0.07017543859649122,2024-01-11 23:34:23+00:00,walton_lighthouse-2024-01-11-233423Z
-13581873.506955232,4434047.979153271,-0.3516884,0.07268170426065163,2024-01-11 23:34:23+00:00,walton_lighthouse-2024-01-11-233423Z
-13581871.87732311,4434046.783066135,-0.3516884,0.07518796992481203,2024-01-11 23:34:23+00:00,walton_lighthouse-2024-01-11-233423Z
-13581870.24235572,4434045.604783647,-0.3516884,0.07769423558897243,2024-01-11 23:34:23+00:00,walton_lighthouse-2024-01-11-233423Z
-13581868.593760597,4434044.471979759,-0.3516884,0.08020050125313283,2024-01-11 23:34:23+00:00,walton_lighthouse-2024-01-11-233423Z
-13581866.938775113,4434043.360501668,-0.3516884,0.08270676691729323,2024-01-11 23:34:23+00:00,walton_lighthouse-2024-01-11-233423Z
-13581865.27619958,4434042.27435296,-0.3516884,0.08521303258145363,2024-01-11 23:34:23+00:00,walton_lighthouse-2024-01-11-233423Z
-13581863.62379834,4434041.154250782,-0.3516884,0.08771929824561403,2024-01-11 23:34:23+00:00,walton_lighthouse-2024-01-11-233423Z
-13581861.974993488,4434040.022146746,-0.3516884,0.09022556390977443,2024-01-11 23:34:23+00:00,walton_lighthouse-2024-01-11-233423Z
-13581860.307094358,4434038.953763996,-0.3516884,0.09273182957393483,2024-01-11 23:34:23+00:00,walton_lighthouse-2024-01-11-233423Z
-13581858.659332924,4434037.818177766,-0.3516884,0.09523809523809523,2024-01-11 23:34:23+00:00,walton_lighthouse-2024-01-11-233423Z
-13581857.015825236,4434036.668396042,-0.3516884,0.09774436090225563,2024-01-11 23:34:23+00:00,walton_lighthouse-2024-01-11-233423Z
-13581855.330817848,4434035.657106979,-0.3516884,0.10025062656641603,2024-01-11 23:34:23+00:00,walton_lighthouse-2024-01-11-233423Z
-13581853.641841505,4434034.65906293,-0.3516884,0.10275689223057644,2024-01-11 23:34:23+00:00,walton_lighthouse-2024-01-11-233423Z
-13581851.924896613,4434033.754355319,-0.3516884,0.10526315789473684,2024-01-11 23:34:23+00:00,walton_lighthouse-2024-01-11-233423Z
-13581850.218615286,4434032.814061395,-0.3516884,0.10776942355889724,2024-01-11 23:34:23+00:00,walton_lighthouse-2024-01-11-233423Z
-13581848.50679246,4434031.892260608,-0.3516884,0.11027568922305764,2024-01-11 23:34:23+00:00,walton_lighthouse-2024-01-11-233423Z
-13581846.793057008,4434030.9768425925,-0.3516884,0.11278195488721804,2024-01-11 23:34:23+00:00,walton_lighthouse-2024-01-11-233423Z
-13581845.084713096,4434030.043431803,-0.3516884,0.11528822055137844,2024-01-11 23:34:23+00:00,walton_lighthouse-2024-01-11-233423Z
-13581843.396934291,4434029.041391371,-0.3516884,0.11779448621553884,2024-01-11 23:34:23+00:00,walton_lighthouse-2024-01-11-233423Z
-13581841.711714264,4434028.030811887,-0.3516884,0.12030075187969924,2024-01-11 23:34:23+00:00,walton_lighthouse-2024-01-11-233423Z
-13581839.996899784,4434027.118994755,-0.3516884,0.12280701754385964,2024-01-11 23:34:23+00:00,walton_lighthouse-2024-01-11-233423Z
-13581838.265854208,4434026.261343909,-0.3516884,0.12531328320802004,2024-01-11 23:34:23+00:00,walton_lighthouse-2024-01-11-233423Z
-13581836.523522465,4434025.441357179,-0.3516884,0.12781954887218044,2024-01-11 23:34:23+00:00,walton_lighthouse-2024-01-11-233423Z
-13581834.790005254,4434024.5919547565,-0.3516884,0.13032581453634084,2024-01-11 23:34:23+00:00,walton_lighthouse-2024-01-11-233423Z
-13581833.046030313,4434023.777451734,-0.3516884,0.13283208020050125,2024-01-11 23:34:23+00:00,walton_lighthouse-2024-01-11-233423Z
-13581831.310747106,4434022.933942647,-0.3516884,0.13533834586466165,2024-01-11 23:34:23+00:00,walton_lighthouse-2024-01-11-233423Z
-13581829.58757679,4434022.050010597,-0.3516884,0.13784461152882205,2024-01-11 23:34:23+00:00,walton_lighthouse-2024-01-11-233423Z
-13581827.87152595,4434021.14231946,-0.3516884,0.14035087719298245,2024-01-11 23:34:23+00:00,walton_lighthouse-2024-01-11-233423Z
-13581826.151279008,4434020.248631508,-0.3516884,0.14285714285714285,2024-01-11 23:34:23+00:00,walton_lighthouse-2024-01-11-233423Z
-13581824.395545073,4434019.473370464,-0.3516884,0.14536340852130325,2024-01-11 23:34:23+00:00,walton_lighthouse-2024-01-11-233423Z
-13581822.650541663,4434018.662299638,-0.3516884,0.14786967418546365,2024-01-11 23:34:23+00:00,walton_lighthouse-2024-01-11-233423Z
-13581820.91012856,4434017.835910194,-0.3516884,0.15037593984962405,2024-01-11 23:34:23+00:00,walton_lighthouse-2024-01-11-233423Z
-13581819.163991775,4434017.02862162,-0.3516884,0.15288220551378445,2024-01-11 23:34:23+00:00,walton_lighthouse-2024-01-11-233423Z
-13581817.436145054,4434016.1602955405,-0.3516884,0.15538847117794485,2024-01-11 23:34:23+00:00,walton_lighthouse-2024-01-11-233423Z
-13581815.719874192,4434015.253338697,-0.3516884,0.15789473684210525,2024-01-11 23:34:23+00:00,walton_lighthouse-2024-01-11-233423Z
-13581814.002181178,4434014.351127798,-0.3516884,0.16040100250626566,2024-01-11 23:34:23+00:00,walton_lighthouse-2024-01-11-233423Z
-13581812.269567383,4434013.4987104,-0.3516884,0.16290726817042606,2024-01-11 23:34:23+00:00,walton_lighthouse-2024-01-11-233423Z
-13581810.510224592,4434012.735492831,-0.3516884,0.16541353383458646,2024-01-11 23:34:23+00:00,walton_lighthouse-2024-01-11-233423Z
-13581808.742331993,4434012.000807758,-0.3516884,0.16791979949874686,2024-01-11 23:34:23+00:00,walton_lighthouse-2024-01-11-233423Z
-13581806.98369951,4434011.235219785,-0.3516884,0.17042606516290726,2024-01-11 23:34:23+00:00,walton_lighthouse-2024-01-11-233423Z
-13581805.22905792,4434010.456313374,-0.3516884,0.17293233082706766,2024-01-11 23:34:23+00:00,walton_lighthouse-2024-01-11-233423Z
-13581803.493672865,4434009.613144291,-0.3516884,0.17543859649122806,2024-01-11 23:34:23+00:00,walton_lighthouse-2024-01-11-233423Z
-13581801.756203208,4434008.776931892,-0.3516884,0.17794486215538846,2024-01-11 23:34:23+00:00,walton_lighthouse-2024-01-11-233423Z
-13581800.023827536,4434007.923719867,-0.3516884,0.18045112781954886,2024-01-11 23:34:23+00:00,walton_lighthouse-2024-01-11-233423Z
-13581798.248599224,4434007.213515341,-0.3516884,0.18295739348370926,2024-01-11 23:34:23+00:00,walton_lighthouse-2024-01-11-233423Z
-13581796.46837316,4434006.519989356,-0.3516884,0.18546365914786966,2024-01-11 23:34:23+00:00,walton_lighthouse-2024-01-11-233423Z
-13581794.696380386,4434005.798987379,-0.3516884,0.18796992481203006,2024-01-11 23:34:23+00:00,walton_lighthouse-2024-01-11-233423Z
-13581792.929010997,4434005.062556136,-0.3516884,0.19047619047619047,2024-01-11 23:34:23+00:00,walton_lighthouse-2024-01-11-233423Z
-13581791.182863712,4434004.255302578,-0.3516884,0.19298245614035087,2024-01-11 23:34:23+00:00,walton_lighthouse-2024-01-11-233423Z
-13581789.43390626,4434003.457427166,-0.3516884,0.19548872180451127,2024-01-11 23:34:23+00:00,walton_lighthouse-2024-01-11-233423Z
-13581787.67401176,4434002.696050867,-0.3516884,0.19799498746867167,2024-01-11 23:34:23+00:00,walton_lighthouse-2024-01-11-233423Z
-13581785.883296844,4434002.037528248,-0.3516884,0.20050125313283207,2024-01-11 23:34:23+00:00,walton_lighthouse-2024-01-11-233423Z
-13581784.098238762,4434001.360127529,-0.3516884,0.20300751879699247,2024-01-11 23:34:23+00:00,walton_lighthouse-2024-01-11-233423Z
-13581782.31512614,4434000.676234547,-0.3516884,0.20551378446115287,2024-01-11 23:34:23+00:00,walton_lighthouse-2024-01-11-233423Z
-13581780.546162184,4433999.945124776,-0.3516884,0.20802005012531327,2024-01-11 23:34:23+00:00,walton_lighthouse-2024-01-11-233423Z
-13581778.78466986,4433999.189080666,-0.3516884,0.21052631578947367,2024-01-11 23:34:23+00:00,walton_lighthouse-2024-01-11-233423Z
-13581777.01918769,4433998.446351409,-0.3516884,0.21303258145363407,2024-01-11 23:34:23+00:00,walton_lighthouse-2024-01-11-233423Z
-13581775.222532231,4433997.807653452,-0.3516884,0.21553884711779447,2024-01-11 23:34:23+00:00,walton_lighthouse-2024-01-11-233423Z
-13581773.426076436,4433997.168289299,-0.3516884,0.21804511278195488,2024-01-11 23:34:23+00:00,walton_lighthouse-2024-01-11-233423Z
-13581771.630530763,4433996.525887805,-0.3516884,0.22055137844611528,2024-01-11 23:34:23+00:00,walton_lighthouse-2024-01-11-233423Z
-13581769.852663122,4433995.824491241,-0.3516884,0.22305764411027568,2024-01-11 23:34:23+00:00,walton_lighthouse-2024-01-11-233423Z
-13581768.07909492,4433995.108746704,-0.3516884,0.22556390977443608,2024-01-11 23:34:23+00:00,walton_lighthouse-2024-01-11-233423Z
-13581766.302421764,4433994.403363992,-0.3516884,0.22807017543859648,2024-01-11 23:34:23+00:00,walton_lighthouse-2024-01-11-233423Z
-13581764.502387434,4433993.775942033,-0.3516884,0.23057644110275688,2024-01-11 23:34:23+00:00,walton_lighthouse-2024-01-11-233423Z
-13581762.700678024,4433993.154110072,-0.3516884,0.23308270676691728,2024-01-11 23:34:23+00:00,walton_lighthouse-2024-01-11-233423Z
-13581760.902768774,4433992.5195963625,-0.3516884,0.23558897243107768,2024-01-11 23:34:23+00:00,walton_lighthouse-2024-01-11-233423Z
-13581759.119615825,4433991.83583799,-0.3516884,0.23809523809523808,2024-01-11 23:34:23+00:00,walton_lighthouse-2024-01-11-233423Z
-13581757.337671451,4433991.148046222,-0.3516884,0.24060150375939848,2024-01-11 23:34:23+00:00,walton_lighthouse-2024-01-11-233423Z
-13581755.544731988,4433990.496947322,-0.3516884,0.24310776942355888,2024-01-11 23:34:23+00:00,walton_lighthouse-2024-01-11-233423Z
-13581753.736273408,4433989.897638768,-0.3516884,0.24561403508771928,2024-01-11 23:34:23+00:00,walton_lighthouse-2024-01-11-233423Z
-13581751.931896962,4433989.284707287,-0.3516884,0.24812030075187969,2024-01-11 23:34:23+00:00,walton_lighthouse-2024-01-11-233423Z
-13581750.132734304,4433988.6543763215,-0.3516884,0.2506265664160401,2024-01-11 23:34:23+00:00,walton_lighthouse-2024-01-11-233423Z
-13581748.335710106,4433988.016908962,-0.3516884,0.2531328320802005,2024-01-11 23:34:23+00:00,walton_lighthouse-2024-01-11-233423Z
-13581746.543952685,4433987.361865451,-0.3516884,0.2556390977443609,2024-01-11 23:34:23+00:00,walton_lighthouse-2024-01-11-233423Z
-13581744.732407955,4433986.772855869,-0.3516884,0.2581453634085213,2024-01-11 23:34:23+00:00,walton_lighthouse-2024-01-11-233423Z
-13581742.925965736,4433986.166818219,-0.3516884,0.2606516290726817,2024-01-11 23:34:23+00:00,walton_lighthouse-2024-01-11-233423Z
-13581741.126692668,4433985.536855773,-0.3516884,0.2631578947368421,2024-01-11 23:34:23+00:00,walton_lighthouse-2024-01-11-233423Z
-13581739.33468078,4433984.882661428,-0.3516884,0.2656641604010025,2024-01-11 23:34:23+00:00,walton_lighthouse-2024-01-11-233423Z
-13581737.540630538,4433984.235269435,-0.3516884,0.2681704260651629,2024-01-11 23:34:23+00:00,walton_lighthouse-2024-01-11-233423Z
-13581735.72311517,4433983.666184979,-0.3516884,0.2706766917293233,2024-01-11 23:34:23+00:00,walton_lighthouse-2024-01-11-233423Z
-13581733.907310136,4433983.091392914,-0.3516884,0.2731829573934837,2024-01-11 23:34:23+00:00,walton_lighthouse-2024-01-11-233423Z
-13581732.097363262,4433982.497051087,-0.3516884,0.2756892230576441,2024-01-11 23:34:23+00:00,walton_lighthouse-2024-01-11-233423Z
-13581730.294882994,4433981.877791694,-0.3516884,0.2781954887218045,2024-01-11 23:34:23+00:00,walton_lighthouse-2024-01-11-233423Z
-13581728.490142385,4433981.266075475,-0.3516884,0.2807017543859649,2024-01-11 23:34:23+00:00,walton_lighthouse-2024-01-11-233423Z
-13581726.666375415,4433980.717853875,-0.3516884,0.2832080200501253,2024-01-11 23:34:23+00:00,walton_lighthouse-2024-01-11-233423Z
-13581724.842887623,4433980.1687007295,-0.3516884,0.2857142857142857,2024-01-11 23:34:23+00:00,walton_lighthouse-2024-01-11-233423Z
-13581723.028281074,4433979.589909087,-0.3516884,0.2882205513784461,2024-01-11 23:34:23+00:00,walton_lighthouse-2024-01-11-233423Z
-13581721.222359687,4433978.982133311,-0.3516884,0.2907268170426065,2024-01-11 23:34:23+00:00,walton_lighthouse-2024-01-11-233423Z
-13581719.41472618,4433978.380071305,-0.3516884,0.2932330827067669,2024-01-11 23:34:23+00:00,walton_lighthouse-2024-01-11-233423Z
-13581717.595905114,4433977.815344348,-0.3516884,0.2957393483709273,2024-01-11 23:34:23+00:00,walton_lighthouse-2024-01-11-233423Z
-13581715.77708404,4433977.250617391,-0.3516884,0.2982456140350877,2024-01-11 23:34:23+00:00,walton_lighthouse-2024-01-11-233423Z
-13581713.972548444,4433976.638216958,-0.3516884,0.3007518796992481,2024-01-11 23:34:23+00:00,walton_lighthouse-2024-01-11-233423Z
-13581712.169865854,4433976.019632755,-0.3516884,0.3032581453634085,2024-01-11 23:34:23+00:00,walton_lighthouse-2024-01-11-233423Z
-13581710.359317591,4433975.427297907,-0.3516884,0.3057644110275689,2024-01-11 23:34:23+00:00,walton_lighthouse-2024-01-11-233423Z
-13581708.541350642,4433974.85972054,-0.3516884,0.3082706766917293,2024-01-11 23:34:23+00:00,walton_lighthouse-2024-01-11-233423Z
-13581706.729774928,4433974.270814352,-0.3516884,0.3107769423558897,2024-01-11 23:34:23+00:00,walton_lighthouse-2024-01-11-233423Z
-13581704.93761011,4433973.617130355,-0.3516884,0.3132832080200501,2024-01-11 23:34:23+00:00,walton_lighthouse-2024-01-11-233423Z
-13581703.144641344,4433972.966129233,-0.3516884,0.3157894736842105,2024-01-11 23:34:23+00:00,walton_lighthouse-2024-01-11-233423Z
-13581701.328751676,4433972.391619583,-0.3516884,0.3182957393483709,2024-01-11 23:34:23+00:00,walton_lighthouse-2024-01-11-233423Z
-13581699.512743885,4433971.817504115,-0.3516884,0.3208020050125313,2024-01-11 23:34:23+00:00,walton_lighthouse-2024-01-11-233423Z
-13581697.706607778,4433971.210445024,-0.3516884,0.3233082706766917,2024-01-11 23:34:23+00:00,walton_lighthouse-2024-01-11-233423Z
-13581695.91088494,4433970.568634769,-0.3516884,0.3258145363408521,2024-01-11 23:34:23+00:00,walton_lighthouse-2024-01-11-233423Z
-13581694.106720176,4433969.954996802,-0.3516884,0.3283208020050125,2024-01-11 23:34:23+00:00,walton_lighthouse-2024-01-11-233423Z
-13581692.29250681,4433969.374893064,-0.3516884,0.3308270676691729,2024-01-11 23:34:23+00:00,walton_lighthouse-2024-01-11-233423Z
-13581690.485698665,4433968.770076657,-0.3516884,0.3333333333333333,2024-01-11 23:34:23+00:00,walton_lighthouse-2024-01-11-233423Z
-13581688.70174885,4433968.088977547,-0.3516884,0.3358395989974937,2024-01-11 23:34:23+00:00,walton_lighthouse-2024-01-11-233423Z
-13581686.909311453,4433967.436203081,-0.3516884,0.3383458646616541,2024-01-11 23:34:23+00:00,walton_lighthouse-2024-01-11-233423Z
-13581685.093227234,4433966.862342711,-0.3516884,0.3408521303258145,2024-01-11 23:34:23+00:00,walton_lighthouse-2024-01-11-233423Z
-13581683.2747327,4433966.296526115,-0.3516884,0.3433583959899749,2024-01-11 23:34:23+00:00,walton_lighthouse-2024-01-11-233423Z
-13581681.469230384,4433965.687351843,-0.3516884,0.3458646616541353,2024-01-11 23:34:23+00:00,walton_lighthouse-2024-01-11-233423Z
-13581679.670940546,4433965.054108113,-0.3516884,0.3483709273182957,2024-01-11 23:34:23+00:00,walton_lighthouse-2024-01-11-233423Z
-13581677.853837509,4433964.483647734,-0.3516884,0.3508771929824561,2024-01-11 23:34:23+00:00,walton_lighthouse-2024-01-11-233423Z
-13581676.033734018,4433963.923200511,-0.3516884,0.3533834586466165,2024-01-11 23:34:23+00:00,walton_lighthouse-2024-01-11-233423Z
-13581674.22242421,4433963.333407041,-0.3516884,0.3558897243107769,2024-01-11 23:34:23+00:00,walton_lighthouse-2024-01-11-233423Z
-13581672.416022357,4433962.72723463,-0.3516884,0.3583959899749373,2024-01-11 23:34:23+00:00,walton_lighthouse-2024-01-11-233423Z
-13581670.606409213,4433962.131779025,-0.3516884,0.3609022556390977,2024-01-11 23:34:23+00:00,walton_lighthouse-2024-01-11-233423Z
-13581668.789728614,4433961.559908946,-0.3516884,0.3634085213032581,2024-01-11 23:34:23+00:00,walton_lighthouse-2024-01-11-233423Z
-13581666.983105185,4433960.954476087,-0.3516884,0.3659147869674185,2024-01-11 23:34:23+00:00,walton_lighthouse-2024-01-11-233423Z
-13581665.179461429,4433960.339099452,-0.3516884,0.3684210526315789,2024-01-11 23:34:23+00:00,walton_lighthouse-2024-01-11-233423Z
-13581663.364435632,4433959.761706871,-0.3516884,0.37092731829573933,2024-01-11 23:34:23+00:00,walton_lighthouse-2024-01-11-233423Z
-13581661.539740823,4433959.216581763,-0.3516884,0.37343358395989973,2024-01-11 23:34:23+00:00,walton_lighthouse-2024-01-11-233423Z
-13581659.72373079,4433958.642473822,-0.3516884,0.37593984962406013,2024-01-11 23:34:23+00:00,walton_lighthouse-2024-01-11-233423Z
-13581657.917183325,4433958.036787404,-0.3516884,0.37844611528822053,2024-01-11 23:34:23+00:00,walton_lighthouse-2024-01-11-233423Z
-13581656.096231356,4433957.479171678,-0.3516884,0.38095238095238093,2024-01-11 23:34:23+00:00,walton_lighthouse-2024-01-11-233423Z
-13581654.27416209,4433956.925284591,-0.3516884,0.38345864661654133,2024-01-11 23:34:23+00:00,walton_lighthouse-2024-01-11-233423Z
-13581652.461253157,4433956.340827678,-0.3516884,0.38596491228070173,2024-01-11 23:34:23+00:00,walton_lighthouse-2024-01-11-233423Z
-13581650.65382847,4433955.738068704,-0.3516884,0.38847117794486213,2024-01-11 23:34:23+00:00,walton_lighthouse-2024-01-11-233423Z
-13581648.82614042,4433955.202932629,-0.3516884,0.39097744360902253,2024-01-11 23:34:23+00:00,walton_lighthouse-2024-01-11-233423Z
-13581646.991867442,4433954.689771703,-0.3516884,0.39348370927318294,2024-01-11 23:34:23+00:00,walton_lighthouse-2024-01-11-233423Z
-13581645.175690878,4433954.116219404,-0.3516884,0.39598997493734334,2024-01-11 23:34:23+00:00,walton_lighthouse-2024-01-11-233423Z
-13581643.349640196,4433953.575619048,-0.3516884,0.39849624060150374,2024-01-11 23:34:23+00:00,walton_lighthouse-2024-01-11-233423Z
-13581641.518216934,4433953.052948096,-0.3516884,0.40100250626566414,2024-01-11 23:34:23+00:00,walton_lighthouse-2024-01-11-233423Z
-13581639.687954022,4433952.526404778,-0.3516884,0.40350877192982454,2024-01-11 23:34:23+00:00,walton_lighthouse-2024-01-11-233423Z
-13581637.85998866,4433951.992194056,-0.3516884,0.40601503759398494,2024-01-11 23:34:23+00:00,walton_lighthouse-2024-01-11-233423Z
-13581636.025236974,4433951.480630602,-0.3516884,0.40852130325814534,2024-01-11 23:34:23+00:00,walton_lighthouse-2024-01-11-233423Z
-13581634.19249257,4433950.9623685535,-0.3516884,0.41102756892230574,2024-01-11 23:34:23+00:00,walton_lighthouse-2024-01-11-233423Z
-13581632.367349606,4433950.41873897,-0.3516884,0.41353383458646614,2024-01-11 23:34:23+00:00,walton_lighthouse-2024-01-11-233423Z
-13581630.532271534,4433949.908264711,-0.3516884,0.41604010025062654,2024-01-11 23:34:23+00:00,walton_lighthouse-2024-01-11-233423Z
-13581628.695334636,4433949.403993805,-0.3516884,0.41854636591478694,2024-01-11 23:34:23+00:00,walton_lighthouse-2024-01-11-233423Z
-13581626.857931102,4433948.901280141,-0.3516884,0.42105263157894735,2024-01-11 23:34:23+00:00,walton_lighthouse-2024-01-11-233423Z
-13581625.02081886,4433948.397594354,-0.3516884,0.42355889724310775,2024-01-11 23:34:23+00:00,walton_lighthouse-2024-01-11-233423Z
-13581623.17721182,4433947.915582916,-0.3516884,0.42606516290726815,2024-01-11 23:34:23+00:00,walton_lighthouse-2024-01-11-233423Z
-13581621.337407168,4433947.42088223,-0.3516884,0.42857142857142855,2024-01-11 23:34:23+00:00,walton_lighthouse-2024-01-11-233423Z
-13581619.501607306,4433946.912816874,-0.3516884,0.43107769423558895,2024-01-11 23:34:23+00:00,walton_lighthouse-2024-01-11-233423Z
-13581617.661801606,4433946.418119641,-0.3516884,0.43358395989974935,2024-01-11 23:34:23+00:00,walton_lighthouse-2024-01-11-233423Z
-13581615.822285395,4433945.922456311,-0.3516884,0.43609022556390975,2024-01-11 23:34:23+00:00,walton_lighthouse-2024-01-11-233423Z
-13581613.98191396,4433945.4296470815,-0.3516884,0.43859649122807015,2024-01-11 23:34:23+00:00,walton_lighthouse-2024-01-11-233423Z
-13581612.140327482,4433944.940892766,-0.3516884,0.44110275689223055,2024-01-11 23:34:23+00:00,walton_lighthouse-2024-01-11-233423Z
-13581610.299500445,4433944.449604005,-0.3516884,0.44360902255639095,2024-01-11 23:34:23+00:00,walton_lighthouse-2024-01-11-233423Z
-13581608.458569316,4433943.958662491,-0.3516884,0.44611528822055135,2024-01-11 23:34:23+00:00,walton_lighthouse-2024-01-11-233423Z
-13581606.617312372,4433943.468808384,-0.3516884,0.44862155388471175,2024-01-11 23:34:23+00:00,walton_lighthouse-2024-01-11-233423Z
-13581604.773177098,4433942.988559878,-0.3516884,0.45112781954887216,2024-01-11 23:34:23+00:00,walton_lighthouse-2024-01-11-233423Z
-13581602.927740443,4433942.51265428,-0.3516884,0.45363408521303256,2024-01-11 23:34:23+00:00,walton_lighthouse-2024-01-11-233423Z
-13581601.082121022,4433942.037358575,-0.3516884,0.45614035087719296,2024-01-11 23:34:23+00:00,walton_lighthouse-2024-01-11-233423Z
-13581599.23844272,4433941.555584973,-0.3516884,0.45864661654135336,2024-01-11 23:34:23+00:00,walton_lighthouse-2024-01-11-233423Z
-13581597.397987066,4433941.0630568685,-0.3516884,0.46115288220551376,2024-01-11 23:34:23+00:00,walton_lighthouse-2024-01-11-233423Z
-13581595.557501497,4433940.570628533,-0.3516884,0.46365914786967416,2024-01-11 23:34:23+00:00,walton_lighthouse-2024-01-11-233423Z
-13581593.72049494,4433940.066589995,-0.3516884,0.46616541353383456,2024-01-11 23:34:23+00:00,walton_lighthouse-2024-01-11-233423Z
-13581591.877175916,4433939.583617543,-0.3516884,0.46867167919799496,2024-01-11 23:34:23+00:00,walton_lighthouse-2024-01-11-233423Z
-13581590.033158492,4433939.102975654,-0.3516884,0.47117794486215536,2024-01-11 23:34:23+00:00,walton_lighthouse-2024-01-11-233423Z
-13581588.187727109,4433938.627052403,-0.3516884,0.47368421052631576,2024-01-11 23:34:23+00:00,walton_lighthouse-2024-01-11-233423Z
-13581586.341702225,4433938.153109829,-0.3516884,0.47619047619047616,2024-01-11 23:34:23+00:00,walton_lighthouse-2024-01-11-233423Z
-13581584.495667094,4433937.679201521,-0.3516884,0.47869674185463656,2024-01-11 23:34:23+00:00,walton_lighthouse-2024-01-11-233423Z
-13581582.649326174,4433937.206313664,-0.3516884,0.48120300751879697,2024-01-11 23:34:23+00:00,walton_lighthouse-2024-01-11-233423Z
-13581580.800475445,4433936.741801385,-0.3516884,0.48370927318295737,2024-01-11 23:34:23+00:00,walton_lighthouse-2024-01-11-233423Z
-13581578.952615725,4433936.273982028,-0.3516884,0.48621553884711777,2024-01-11 23:34:23+00:00,walton_lighthouse-2024-01-11-233423Z
-13581577.103889888,4433935.809053119,-0.3516884,0.48872180451127817,2024-01-11 23:34:23+00:00,walton_lighthouse-2024-01-11-233423Z
-13581575.255126204,4433935.34425046,-0.3516884,0.49122807017543857,2024-01-11 23:34:23+00:00,walton_lighthouse-2024-01-11-233423Z
-13581573.406490408,4433934.879020985,-0.3516884,0.49373433583959897,2024-01-11 23:34:23+00:00,walton_lighthouse-2024-01-11-233423Z
-13581571.55788648,4433934.413685151,-0.3516884,0.49624060150375937,2024-01-11 23:34:23+00:00,walton_lighthouse-2024-01-11-233423Z
-13581569.707941797,4433933.952823784,-0.3516884,0.49874686716791977,2024-01-11 23:34:23+00:00,walton_lighthouse-2024-01-11-233423Z
-13581567.857553702,4433933.493442085,-0.3516884,0.5012531328320802,2024-01-11 23:34:23+00:00,walton_lighthouse-2024-01-11-233423Z
-13581566.005162328,4433933.040745672,-0.3516884,0.5037593984962405,2024-01-11 23:34:23+00:00,walton_lighthouse-2024-01-11-233423Z
-13581564.153449278,4433932.585785652,-0.3516884,0.506265664160401,2024-01-11 23:34:23+00:00,walton_lighthouse-2024-01-11-233423Z
-13581562.301425911,4433932.131861198,-0.3516884,0.5087719298245614,2024-01-11 23:34:23+00:00,walton_lighthouse-2024-01-11-233423Z
-13581560.4489201,4433931.679546754,-0.3516884,0.5112781954887218,2024-01-11 23:34:23+00:00,walton_lighthouse-2024-01-11-233423Z
-13581558.5950499,4433931.231785455,-0.3516884,0.5137844611528821,2024-01-11 23:34:23+00:00,walton_lighthouse-2024-01-11-233423Z
-13581556.740604352,4433930.785944281,-0.3516884,0.5162907268170426,2024-01-11 23:34:23+00:00,walton_lighthouse-2024-01-11-233423Z
-13581554.886830484,4433930.337861677,-0.3516884,0.518796992481203,2024-01-11 23:34:23+00:00,walton_lighthouse-2024-01-11-233423Z
-13581553.032118045,4433929.892911123,-0.3516884,0.5213032581453634,2024-01-11 23:34:23+00:00,walton_lighthouse-2024-01-11-233423Z
-13581551.177608684,4433929.447282844,-0.3516884,0.5238095238095237,2024-01-11 23:34:23+00:00,walton_lighthouse-2024-01-11-233423Z
-13581549.322198613,4433929.004660459,-0.3516884,0.5263157894736842,2024-01-11 23:34:23+00:00,walton_lighthouse-2024-01-11-233423Z
-13581547.465348125,4433928.566845103,-0.3516884,0.5288220551378446,2024-01-11 23:34:23+00:00,walton_lighthouse-2024-01-11-233423Z
-13581545.607223216,4433928.133282693,-0.3516884,0.531328320802005,2024-01-11 23:34:23+00:00,walton_lighthouse-2024-01-11-233423Z
-13581543.748144835,4433927.702902069,-0.3516884,0.5338345864661653,2024-01-11 23:34:23+00:00,walton_lighthouse-2024-01-11-233423Z
-13581541.887603054,4433927.277405279,-0.3516884,0.5363408521303258,2024-01-11 23:34:23+00:00,walton_lighthouse-2024-01-11-233423Z
-13581540.02834274,4433926.847631902,-0.3516884,0.5388471177944862,2024-01-11 23:34:23+00:00,walton_lighthouse-2024-01-11-233423Z
-13581538.168958124,4433926.418273293,-0.3516884,0.5413533834586466,2024-01-11 23:34:23+00:00,walton_lighthouse-2024-01-11-233423Z
-13581536.310076658,4433925.987235667,-0.3516884,0.5438596491228069,2024-01-11 23:34:23+00:00,walton_lighthouse-2024-01-11-233423Z
-13581534.450946156,4433925.557029109,-0.3516884,0.5463659147869674,2024-01-11 23:34:23+00:00,walton_lighthouse-2024-01-11-233423Z
-13581532.588817235,4433925.136828839,-0.3516884,0.5488721804511278,2024-01-11 23:34:23+00:00,walton_lighthouse-2024-01-11-233423Z
-13581530.725407211,4433924.720903787,-0.3516884,0.5513784461152882,2024-01-11 23:34:23+00:00,walton_lighthouse-2024-01-11-233423Z
-13581528.859611314,4433924.312940927,-0.3516884,0.5538847117794485,2024-01-11 23:34:23+00:00,walton_lighthouse-2024-01-11-233423Z
-13581526.99154135,4433923.912567166,-0.3516884,0.556390977443609,2024-01-11 23:34:23+00:00,walton_lighthouse-2024-01-11-233423Z
-13581525.121123713,4433923.520027911,-0.3516884,0.5588972431077694,2024-01-11 23:34:23+00:00,walton_lighthouse-2024-01-11-233423Z
-13581523.25239244,4433923.121860903,-0.3516884,0.5614035087719298,2024-01-11 23:34:23+00:00,walton_lighthouse-2024-01-11-233423Z
-13581521.386706542,4433922.713530946,-0.3516884,0.5639097744360901,2024-01-11 23:34:23+00:00,walton_lighthouse-2024-01-11-233423Z
-13581519.522539925,4433922.3001309335,-0.3516884,0.5664160401002506,2024-01-11 23:34:23+00:00,walton_lighthouse-2024-01-11-233423Z
-13581517.653389486,4433921.903362863,-0.3516884,0.568922305764411,2024-01-11 23:34:23+00:00,walton_lighthouse-2024-01-11-233423Z
-13581515.785355965,4433921.502867282,-0.3516884,0.5714285714285714,2024-01-11 23:34:23+00:00,walton_lighthouse-2024-01-11-233423Z
-13581513.919868411,4433921.093875404,-0.3516884,0.5739348370927317,2024-01-11 23:34:23+00:00,walton_lighthouse-2024-01-11-233423Z
-13581512.055480272,4433920.681214652,-0.3516884,0.5764411027568922,2024-01-11 23:34:23+00:00,walton_lighthouse-2024-01-11-233423Z
-13581510.186296651,4433920.284557284,-0.3516884,0.5789473684210527,2024-01-11 23:34:23+00:00,walton_lighthouse-2024-01-11-233423Z
-13581508.316598509,4433919.889616949,-0.3516884,0.581453634085213,2024-01-11 23:34:23+00:00,walton_lighthouse-2024-01-11-233423Z
-13581506.447911631,4433919.491301792,-0.3516884,0.5839598997493733,2024-01-11 23:34:23+00:00,walton_lighthouse-2024-01-11-233423Z
-13581504.581033893,4433919.086949322,-0.3516884,0.5864661654135338,2024-01-11 23:34:23+00:00,walton_lighthouse-2024-01-11-233423Z
-13581502.713276757,4433918.68553149,-0.3516884,0.5889724310776943,2024-01-11 23:34:23+00:00,walton_lighthouse-2024-01-11-233423Z
-13581500.842922388,4433918.292781068,-0.3516884,0.5914786967418546,2024-01-11 23:34:23+00:00,walton_lighthouse-2024-01-11-233423Z
-13581498.971818564,4433917.902531824,-0.3516884,0.593984962406015,2024-01-11 23:34:23+00:00,walton_lighthouse-2024-01-11-233423Z
-13581497.103931457,4433917.50154776,-0.3516884,0.5964912280701754,2024-01-11 23:34:23+00:00,walton_lighthouse-2024-01-11-233423Z
-13581495.238044515,4433917.093888726,-0.3516884,0.5989974937343359,2024-01-11 23:34:23+00:00,walton_lighthouse-2024-01-11-233423Z
-13581493.370403072,4433916.692084743,-0.3516884,0.6015037593984962,2024-01-11 23:34:23+00:00,walton_lighthouse-2024-01-11-233423Z
-13581491.500265883,4433916.298609618,-0.3516884,0.6040100250626566,2024-01-11 23:34:23+00:00,walton_lighthouse-2024-01-11-233423Z
-13581489.631440252,4433915.9007576695,-0.3516884,0.606516290726817,2024-01-11 23:34:23+00:00,walton_lighthouse-2024-01-11-233423Z
-13581487.76663619,4433915.489484823,-0.3516884,0.6090225563909775,2024-01-11 23:34:23+00:00,walton_lighthouse-2024-01-11-233423Z
-13581485.900170503,4433915.083757104,-0.3516884,0.6115288220551378,2024-01-11 23:34:23+00:00,walton_lighthouse-2024-01-11-233423Z
-13581484.031170247,4433914.686487877,-0.3516884,0.6140350877192982,2024-01-11 23:34:23+00:00,walton_lighthouse-2024-01-11-233423Z
-13581482.16323878,4433914.285651828,-0.3516884,0.6165413533834586,2024-01-11 23:34:23+00:00,walton_lighthouse-2024-01-11-233423Z
-13581480.299509691,4433913.870791598,-0.3516884,0.6190476190476191,2024-01-11 23:34:23+00:00,walton_lighthouse-2024-01-11-233423Z
-13581478.43115162,4433913.471379168,-0.3516884,0.6215538847117794,2024-01-11 23:34:23+00:00,walton_lighthouse-2024-01-11-233423Z
-13581476.561277991,4433913.077024551,-0.3516884,0.6240601503759398,2024-01-11 23:34:23+00:00,walton_lighthouse-2024-01-11-233423Z
-13581474.693599,4433912.675345939,-0.3516884,0.6265664160401002,2024-01-11 23:34:23+00:00,walton_lighthouse-2024-01-11-233423Z
-13581472.827470222,4433912.268493897,-0.3516884,0.6290726817042607,2024-01-11 23:34:23+00:00,walton_lighthouse-2024-01-11-233423Z
-13581470.957221104,4433911.875392337,-0.3516884,0.631578947368421,2024-01-11 23:34:23+00:00,walton_lighthouse-2024-01-11-233423Z
-13581469.086095303,4433911.485216413,-0.3516884,0.6340852130325814,2024-01-11 23:34:23+00:00,walton_lighthouse-2024-01-11-233423Z
-13581467.217434686,4433911.086813689,-0.3516884,0.6365914786967418,2024-01-11 23:34:23+00:00,walton_lighthouse-2024-01-11-233423Z
-13581465.350864654,4433910.681434189,-0.3516884,0.6390977443609023,2024-01-11 23:34:23+00:00,walton_lighthouse-2024-01-11-233423Z
-13581463.480721278,4433910.287979713,-0.3516884,0.6416040100250626,2024-01-11 23:34:23+00:00,walton_lighthouse-2024-01-11-233423Z
-13581461.60931678,4433909.898733945,-0.3516884,0.644110275689223,2024-01-11 23:34:23+00:00,walton_lighthouse-2024-01-11-233423Z
-13581459.742755195,4433909.493326289,-0.3516884,0.6466165413533834,2024-01-11 23:34:23+00:00,walton_lighthouse-2024-01-11-233423Z
-13581457.878264775,4433909.081006728,-0.3516884,0.6491228070175439,2024-01-11 23:34:23+00:00,walton_lighthouse-2024-01-11-233423Z
-13581456.007925816,4433908.688204943,-0.3516884,0.6516290726817042,2024-01-11 23:34:23+00:00,walton_lighthouse-2024-01-11-233423Z
-13581454.140056014,4433908.287163174,-0.3516884,0.6541353383458646,2024-01-11 23:34:23+00:00,walton_lighthouse-2024-01-11-233423Z
-13581452.276666377,4433907.871170203,-0.3516884,0.656641604010025,2024-01-11 23:34:23+00:00,walton_lighthouse-2024-01-11-233423Z
-13581450.404156774,4433907.485612154,-0.3516884,0.6591478696741855,2024-01-11 23:34:23+00:00,walton_lighthouse-2024-01-11-233423Z
-13581448.532269636,4433907.097976951,-0.3516884,0.6616541353383458,2024-01-11 23:34:23+00:00,walton_lighthouse-2024-01-11-233423Z
-13581446.66311496,4433906.701223047,-0.3516884,0.6641604010025062,2024-01-11 23:34:23+00:00,walton_lighthouse-2024-01-11-233423Z
-13581444.792486232,4433906.309388284,-0.3516884,0.6666666666666666,2024-01-11 23:34:23+00:00,walton_lighthouse-2024-01-11-233423Z
-13581442.917920524,4433905.930691952,-0.3516884,0.6691729323308271,2024-01-11 23:34:23+00:00,walton_lighthouse-2024-01-11-233423Z
-13581441.04336255,4433905.551969791,-0.3516884,0.6716791979949874,2024-01-11 23:34:23+00:00,walton_lighthouse-2024-01-11-233423Z
-13581439.170521514,4433905.167517997,-0.3516884,0.6741854636591478,2024-01-11 23:34:23+00:00,walton_lighthouse-2024-01-11-233423Z
-13581437.298851153,4433904.779159369,-0.3516884,0.6766917293233082,2024-01-11 23:34:23+00:00,walton_lighthouse-2024-01-11-233423Z
-13581435.42580773,4433904.395382833,-0.3516884,0.6791979949874687,2024-01-11 23:34:23+00:00,walton_lighthouse-2024-01-11-233423Z
-13581433.549842913,4433904.021355663,-0.3516884,0.681704260651629,2024-01-11 23:34:23+00:00,walton_lighthouse-2024-01-11-233423Z
-13581431.674344758,4433903.645771147,-0.3516884,0.6842105263157894,2024-01-11 23:34:23+00:00,walton_lighthouse-2024-01-11-233423Z
-13581429.801413756,4433903.261619515,-0.3516884,0.6867167919799498,2024-01-11 23:34:23+00:00,walton_lighthouse-2024-01-11-233423Z
-13581427.928872531,4433902.876167045,-0.3516884,0.6892230576441103,2024-01-11 23:34:23+00:00,walton_lighthouse-2024-01-11-233423Z
-13581426.054574154,4433902.496578677,-0.3516884,0.6917293233082706,2024-01-11 23:34:23+00:00,walton_lighthouse-2024-01-11-233423Z
-13581424.179353615,4433902.120067711,-0.3516884,0.694235588972431,2024-01-11 23:34:23+00:00,walton_lighthouse-2024-01-11-233423Z
-13581422.30362432,4433901.74525441,-0.3516884,0.6967418546365914,2024-01-11 23:34:23+00:00,walton_lighthouse-2024-01-11-233423Z
-13581420.431110471,4433901.359710649,-0.3516884,0.6992481203007519,2024-01-11 23:34:23+00:00,walton_lighthouse-2024-01-11-233423Z
-13581418.557814645,4433900.976776582,-0.3516884,0.7017543859649122,2024-01-11 23:34:23+00:00,walton_lighthouse-2024-01-11-233423Z
-13581416.682138426,4433900.601786275,-0.3516884,0.7042606516290726,2024-01-11 23:34:23+00:00,walton_lighthouse-2024-01-11-233423Z
-13581414.805876128,4433900.228751785,-0.3516884,0.706766917293233,2024-01-11 23:34:23+00:00,walton_lighthouse-2024-01-11-233423Z
-13581412.931859152,4433899.848224215,-0.3516884,0.7092731829573935,2024-01-11 23:34:23+00:00,walton_lighthouse-2024-01-11-233423Z
-13581411.060835091,4433899.457708823,-0.3516884,0.7117794486215538,2024-01-11 23:34:23+00:00,walton_lighthouse-2024-01-11-233423Z
-13581409.187106447,4433899.076219072,-0.3516884,0.7142857142857142,2024-01-11 23:34:23+00:00,walton_lighthouse-2024-01-11-233423Z
-13581407.31178969,4433898.700029097,-0.3516884,0.7167919799498746,2024-01-11 23:34:23+00:00,walton_lighthouse-2024-01-11-233423Z
-13581405.440604962,4433898.3100498505,-0.3516884,0.7192982456140351,2024-01-11 23:34:23+00:00,walton_lighthouse-2024-01-11-233423Z
-13581403.570575576,4433897.916214985,-0.3516884,0.7218045112781954,2024-01-11 23:34:23+00:00,walton_lighthouse-2024-01-11-233423Z
-13581401.694443036,4433897.542747512,-0.3516884,0.7243107769423558,2024-01-11 23:34:23+00:00,walton_lighthouse-2024-01-11-233423Z
-13581399.81840601,4433897.168961205,-0.3516884,0.7268170426065163,2024-01-11 23:34:23+00:00,walton_lighthouse-2024-01-11-233423Z
-13581397.947315224,4433896.77866841,-0.3516884,0.7293233082706767,2024-01-11 23:34:23+00:00,walton_lighthouse-2024-01-11-233423Z
-13581396.072845075,4433896.399653328,-0.3516884,0.731829573934837,2024-01-11 23:34:23+00:00,walton_lighthouse-2024-01-11-233423Z
-13581394.196018605,4433896.028501588,-0.3516884,0.7343358395989974,2024-01-11 23:34:23+00:00,walton_lighthouse-2024-01-11-233423Z
-13581392.320802052,4433895.651977206,-0.3516884,0.7368421052631579,2024-01-11 23:34:23+00:00,walton_lighthouse-2024-01-11-233423Z
-13581390.4486948,4433895.265076557,-0.3516884,0.7393483709273183,2024-01-11 23:34:23+00:00,walton_lighthouse-2024-01-11-233423Z
-13581388.57345314,4433894.888636112,-0.3516884,0.7418546365914787,2024-01-11 23:34:23+00:00,walton_lighthouse-2024-01-11-233423Z
-13581386.695745109,4433894.520426396,-0.3516884,0.744360902255639,2024-01-11 23:34:23+00:00,walton_lighthouse-2024-01-11-233423Z
-13581384.82115952,4433894.141796316,-0.3516884,0.7468671679197995,2024-01-11 23:34:23+00:00,walton_lighthouse-2024-01-11-233423Z
-13581382.948239744,4433893.757607222,-0.3516884,0.7493734335839599,2024-01-11 23:34:23+00:00,walton_lighthouse-2024-01-11-233423Z
-13581381.071534667,4433893.386050471,-0.3516884,0.7518796992481203,2024-01-11 23:34:23+00:00,walton_lighthouse-2024-01-11-233423Z
-13581379.194099257,4433893.016930938,-0.3516884,0.7543859649122806,2024-01-11 23:34:23+00:00,walton_lighthouse-2024-01-11-233423Z
-13581377.31875086,4433892.64084653,-0.3516884,0.7568922305764411,2024-01-11 23:34:23+00:00,walton_lighthouse-2024-01-11-233423Z
-13581375.443670344,4433892.263868244,-0.3516884,0.7593984962406015,2024-01-11 23:34:23+00:00,walton_lighthouse-2024-01-11-233423Z
-13581373.56569391,4433891.896554319,-0.3516884,0.7619047619047619,2024-01-11 23:34:23+00:00,walton_lighthouse-2024-01-11-233423Z
-13581371.68566716,4433891.536082527,-0.3516884,0.7644110275689222,2024-01-11 23:34:23+00:00,walton_lighthouse-2024-01-11-233423Z
-13581369.807610946,4433891.169034646,-0.3516884,0.7669172932330827,2024-01-11 23:34:23+00:00,walton_lighthouse-2024-01-11-233423Z
-13581367.931910412,4433890.794125548,-0.3516884,0.7694235588972431,2024-01-11 23:34:23+00:00,walton_lighthouse-2024-01-11-233423Z
-13581366.05342664,4433890.428504588,-0.3516884,0.7719298245614035,2024-01-11 23:34:23+00:00,walton_lighthouse-2024-01-11-233423Z
-13581364.173950875,4433890.066194062,-0.3516884,0.7744360902255638,2024-01-11 23:34:23+00:00,walton_lighthouse-2024-01-11-233423Z
-13581362.295472777,4433889.700554118,-0.3516884,0.7769423558897243,2024-01-11 23:34:23+00:00,walton_lighthouse-2024-01-11-233423Z
-13581360.417636087,4433889.332773793,-0.3516884,0.7794486215538847,2024-01-11 23:34:23+00:00,walton_lighthouse-2024-01-11-233423Z
-13581358.539320994,4433888.966589911,-0.3516884,0.7819548872180451,2024-01-11 23:34:23+00:00,walton_lighthouse-2024-01-11-233423Z
-13581356.65914012,4433888.606632437,-0.3516884,0.7844611528822054,2024-01-11 23:34:23+00:00,walton_lighthouse-2024-01-11-233423Z
-13581354.779228404,4433888.245776837,-0.3516884,0.7869674185463659,2024-01-11 23:34:23+00:00,walton_lighthouse-2024-01-11-233423Z
-13581352.905525671,4433887.864200643,-0.3516884,0.7894736842105263,2024-01-11 23:34:23+00:00,walton_lighthouse-2024-01-11-233423Z
-13581351.028809937,4433887.49267941,-0.3516884,0.7919799498746867,2024-01-11 23:34:23+00:00,walton_lighthouse-2024-01-11-233423Z
-13581349.15194788,4433887.121646382,-0.3516884,0.794486215538847,2024-01-11 23:34:23+00:00,walton_lighthouse-2024-01-11-233423Z
-13581347.283487013,4433886.722577046,-0.3516884,0.7969924812030075,2024-01-11 23:34:23+00:00,walton_lighthouse-2024-01-11-233423Z
-13581345.40707711,4433886.350035303,-0.3516884,0.7994987468671679,2024-01-11 23:34:23+00:00,walton_lighthouse-2024-01-11-233423Z
-13581343.532834437,4433885.970260917,-0.3516884,0.8020050125313283,2024-01-11 23:34:23+00:00,walton_lighthouse-2024-01-11-233423Z
-13581341.654897638,4433885.602814525,-0.3516884,0.8045112781954886,2024-01-11 23:34:23+00:00,walton_lighthouse-2024-01-11-233423Z
-13581339.773046557,4433885.248430926,-0.3516884,0.8070175438596491,2024-01-11 23:34:23+00:00,walton_lighthouse-2024-01-11-233423Z
-13581337.8899379,4433884.898244177,-0.3516884,0.8095238095238095,2024-01-11 23:34:23+00:00,walton_lighthouse-2024-01-11-233423Z
-13581336.007021803,4433884.547414781,-0.3516884,0.8120300751879699,2024-01-11 23:34:23+00:00,walton_lighthouse-2024-01-11-233423Z
-13581334.122788385,4433884.20098138,-0.3516884,0.8145363408521302,2024-01-11 23:34:23+00:00,walton_lighthouse-2024-01-11-233423Z
-13581332.23867227,4433883.854156642,-0.3516884,0.8170426065162907,2024-01-11 23:34:23+00:00,walton_lighthouse-2024-01-11-233423Z
-13581330.35672283,4433883.500101356,-0.3516884,0.8195488721804511,2024-01-11 23:34:23+00:00,walton_lighthouse-2024-01-11-233423Z
-13581328.470666762,4433883.159750619,-0.3516884,0.8220551378446115,2024-01-11 23:34:23+00:00,walton_lighthouse-2024-01-11-233423Z
-13581326.58484961,4433882.818602529,-0.3516884,0.8245614035087718,2024-01-11 23:34:23+00:00,walton_lighthouse-2024-01-11-233423Z
-13581324.701321548,4433882.46981529,-0.3516884,0.8270676691729323,2024-01-11 23:34:23+00:00,walton_lighthouse-2024-01-11-233423Z
-13581322.81748132,4433882.122069941,-0.3516884,0.8295739348370927,2024-01-11 23:34:23+00:00,walton_lighthouse-2024-01-11-233423Z
-13581320.931725666,4433881.780716657,-0.3516884,0.8320802005012531,2024-01-11 23:34:23+00:00,walton_lighthouse-2024-01-11-233423Z
-13581319.048753716,4433881.430073536,-0.3516884,0.8345864661654134,2024-01-11 23:34:23+00:00,walton_lighthouse-2024-01-11-233423Z
-13581317.16842999,4433881.070592902,-0.3516884,0.8370927318295739,2024-01-11 23:34:23+00:00,walton_lighthouse-2024-01-11-233423Z
-13581315.291670913,4433880.699216332,-0.3516884,0.8395989974937343,2024-01-11 23:34:23+00:00,walton_lighthouse-2024-01-11-233423Z
-13581313.423159547,4433880.300315505,-0.3516884,0.8421052631578947,2024-01-11 23:34:23+00:00,walton_lighthouse-2024-01-11-233423Z
-13581311.557840765,4433879.890760343,-0.3516884,0.844611528822055,2024-01-11 23:34:23+00:00,walton_lighthouse-2024-01-11-233423Z
-13581309.679175436,4433879.525745357,-0.3516884,0.8471177944862155,2024-01-11 23:34:23+00:00,walton_lighthouse-2024-01-11-233423Z
-13581307.792396083,4433879.18780839,-0.3516884,0.849624060150376,2024-01-11 23:34:23+00:00,walton_lighthouse-2024-01-11-233423Z
-13581305.89766574,4433878.876405266,-0.3516884,0.8521303258145363,2024-01-11 23:34:23+00:00,walton_lighthouse-2024-01-11-233423Z
-13581303.99147215,4433878.603257338,-0.3516884,0.8546365914786966,2024-01-11 23:34:23+00:00,walton_lighthouse-2024-01-11-233423Z
-13581302.075544246,4433878.362594781,-0.3516884,0.8571428571428571,2024-01-11 23:34:23+00:00,walton_lighthouse-2024-01-11-233423Z
-13581300.128893232,4433878.22446113,-0.3516884,0.8596491228070176,2024-01-11 23:34:23+00:00,walton_lighthouse-2024-01-11-233423Z
-13581298.120740866,4433878.291569378,-0.3516884,0.8621553884711779,2024-01-11 23:34:23+00:00,walton_lighthouse-2024-01-11-233423Z
-13581296.045438746,4433878.582769361,-0.3516884,0.8646616541353382,2024-01-11 23:34:23+00:00,walton_lighthouse-2024-01-11-233423Z
-13581293.784346083,4433879.493988554,-0.3516884,0.8671679197994987,2024-01-11 23:34:23+00:00,walton_lighthouse-2024-01-11-233423Z
-13581291.546322318,4433880.328222274,-0.3516884,0.8696741854636592,2024-01-11 23:34:23+00:00,walton_lighthouse-2024-01-11-233423Z
-13581289.475402957,4433880.604796117,-0.3516884,0.8721804511278195,2024-01-11 23:34:23+00:00,walton_lighthouse-2024-01-11-233423Z
-13581287.563399363,4433880.351037344,-0.3516884,0.8746867167919798,2024-01-11 23:34:23+00:00,walton_lighthouse-2024-01-11-233423Z
-13581285.668334438,4433880.040750933,-0.3516884,0.8771929824561403,2024-01-11 23:34:23+00:00,walton_lighthouse-2024-01-11-233423Z
-13581283.783555506,4433879.696138145,-0.3516884,0.8796992481203008,2024-01-11 23:34:23+00:00,walton_lighthouse-2024-01-11-233423Z
-13581283.783555506,4433879.696138145,-0.3516884,0.8822055137844611,2024-01-11 23:34:23+00:00,walton_lighthouse-2024-01-11-233423Z
-13581283.783555506,4433879.696138145,-0.3516884,0.8847117794486214,2024-01-11 23:34:23+00:00,walton_lighthouse-2024-01-11-233423Z
-13581283.783555506,4433879.696138145,-0.3516884,0.8872180451127819,2024-01-11 23:34:23+00:00,walton_lighthouse-2024-01-11-233423Z
-13581283.783555506,4433879.696138145,-0.3516884,0.8897243107769424,2024-01-11 23:34:23+00:00,walton_lighthouse-2024-01-11-233423Z
-13581283.783555506,4433879.696138145,-0.3516884,0.8922305764411027,2024-01-11 23:34:23+00:00,walton_lighthouse-2024-01-11-233423Z
-13581283.783555506,4433879.696138145,-0.3516884,0.894736842105263,2024-01-11 23:34:23+00:00,walton_lighthouse-2024-01-11-233423Z
-13581283.783555506,4433879.696138145,-0.3516884,0.8972431077694235,2024-01-11 23:34:23+00:00,walton_lighthouse-2024-01-11-233423Z
-13581283.783555506,4433879.696138145,-0.3516884,0.899749373433584,2024-01-11 23:34:23+00:00,walton_lighthouse-2024-01-11-233423Z
-13581283.783555506,4433879.696138145,-0.3516884,0.9022556390977443,2024-01-11 23:34:23+00:00,walton_lighthouse-2024-01-11-233423Z
-13581283.783555506,4433879.696138145,-0.3516884,0.9047619047619047,2024-01-11 23:34:23+00:00,walton_lighthouse-2024-01-11-233423Z
-13581283.783555506,4433879.696138145,-0.3516884,0.9072681704260651,2024-01-11 23:34:23+00:00,walton_lighthouse-2024-01-11-233423Z
-13581283.783555506,4433879.696138145,-0.3516884,0.9097744360902256,2024-01-11 23:34:23+00:00,walton_lighthouse-2024-01-11-233423Z
-13581283.783555506,4433879.696138145,-0.3516884,0.9122807017543859,2024-01-11 23:34:23+00:00,walton_lighthouse-2024-01-11-233423Z
-13581283.783555506,4433879.696138145,-0.3516884,0.9147869674185463,2024-01-11 23:34:23+00:00,walton_lighthouse-2024-01-11-233423Z
-13581283.783555506,4433879.696138145,-0.3516884,0.9172932330827067,2024-01-11 23:34:23+00:00,walton_lighthouse-2024-01-11-233423Z
-13581283.783555506,4433879.696138145,-0.3516884,0.9197994987468672,2024-01-11 23:34:23+00:00,walton_lighthouse-2024-01-11-233423Z
-13581283.783555506,4433879.696138145,-0.3516884,0.9223057644110275,2024-01-11 23:34:23+00:00,walton_lighthouse-2024-01-11-233423Z
-13581283.783555506,4433879.696138145,-0.3516884,0.9248120300751879,2024-01-11 23:34:23+00:00,walton_lighthouse-2024-01-11-233423Z
-13581283.783555506,4433879.696138145,-0.3516884,0.9273182957393483,2024-01-11 23:34:23+00:00,walton_lighthouse-2024-01-11-233423Z
-13581283.783555506,4433879.696138145,-0.3516884,0.9298245614035088,2024-01-11 23:34:23+00:00,walton_lighthouse-2024-01-11-233423Z
-13581283.783555506,4433879.696138145,-0.3516884,0.9323308270676691,2024-01-11 23:34:23+00:00,walton_lighthouse-2024-01-11-233423Z
-13581283.783555506,4433879.696138145,-0.3516884,0.9348370927318295,2024-01-11 23:34:23+00:00,walton_lighthouse-2024-01-11-233423Z
-13581283.783555506,4433879.696138145,-0.3516884,0.9373433583959899,2024-01-11 23:34:23+00:00,walton_lighthouse-2024-01-11-233423Z
-13581283.783555506,4433879.696138145,-0.3516884,0.9398496240601504,2024-01-11 23:34:23+00:00,walton_lighthouse-2024-01-11-233423Z
-13581283.783555506,4433879.696138145,-0.3516884,0.9423558897243107,2024-01-11 23:34:23+00:00,walton_lighthouse-2024-01-11-233423Z
-13581283.783555506,4433879.696138145,-0.3516884,0.9448621553884711,2024-01-11 23:34:23+00:00,walton_lighthouse-2024-01-11-233423Z
-13581283.783555506,4433879.696138145,-0.3516884,0.9473684210526315,2024-01-11 23:34:23+00:00,walton_lighthouse-2024-01-11-233423Z
-13581283.783555506,4433879.696138145,-0.3516884,0.949874686716792,2024-01-11 23:34:23+00:00,walton_lighthouse-2024-01-11-233423Z
-13581283.783555506,4433879.696138145,-0.3516884,0.9523809523809523,2024-01-11 23:34:23+00:00,walton_lighthouse-2024-01-11-233423Z
-13581283.783555506,4433879.696138145,-0.3516884,0.9548872180451127,2024-01-11 23:34:23+00:00,walton_lighthouse-2024-01-11-233423Z
-13581283.783555506,4433879.696138145,-0.3516884,0.9573934837092731,2024-01-11 23:34:23+00:00,walton_lighthouse-2024-01-11-233423Z
-13581283.783555506,4433879.696138145,-0.3516884,0.9598997493734336,2024-01-11 23:34:23+00:00,walton_lighthouse-2024-01-11-233423Z
-13581283.783555506,4433879.696138145,-0.3516884,0.9624060150375939,2024-01-11 23:34:23+00:00,walton_lighthouse-2024-01-11-233423Z
-13581283.783555506,4433879.696138145,-0.3516884,0.9649122807017543,2024-01-11 23:34:23+00:00,walton_lighthouse-2024-01-11-233423Z
-13581283.783555506,4433879.696138145,-0.3516884,0.9674185463659147,2024-01-11 23:34:23+00:00,walton_lighthouse-2024-01-11-233423Z
-13581283.783555506,4433879.696138145,-0.3516884,0.9699248120300752,2024-01-11 23:34:23+00:00,walton_lighthouse-2024-01-11-233423Z
-13581283.783555506,4433879.696138145,-0.3516884,0.9724310776942355,2024-01-11 23:34:23+00:00,walton_lighthouse-2024-01-11-233423Z
-13581283.783555506,4433879.696138145,-0.3516884,0.9749373433583959,2024-01-11 23:34:23+00:00,walton_lighthouse-2024-01-11-233423Z
-13581283.783555506,4433879.696138145,-0.3516884,0.9774436090225563,2024-01-11 23:34:23+00:00,walton_lighthouse-2024-01-11-233423Z
-13581283.783555506,4433879.696138145,-0.3516884,0.9799498746867168,2024-01-11 23:34:23+00:00,walton_lighthouse-2024-01-11-233423Z
-13581283.783555506,4433879.696138145,-0.3516884,0.9824561403508771,2024-01-11 23:34:23+00:00,walton_lighthouse-2024-01-11-233423Z
-13581283.783555506,4433879.696138145,-0.3516884,0.9849624060150375,2024-01-11 23:34:23+00:00,walton_lighthouse-2024-01-11-233423Z
-13581283.783555506,4433879.696138145,-0.3516884,0.9874686716791979,2024-01-11 23:34:23+00:00,walton_lighthouse-2024-01-11-233423Z
-13581283.783555506,4433879.696138145,-0.3516884,0.9899749373433584,2024-01-11 23:34:23+00:00,walton_lighthouse-2024-01-11-233423Z
-13581283.783555506,4433879.696138145,-0.3516884,0.9924812030075187,2024-01-11 23:34:23+00:00,walton_lighthouse-2024-01-11-233423Z
-13581283.783555506,4433879.696138145,-0.3516884,0.9949874686716791,2024-01-11 23:34:23+00:00,walton_lighthouse-2024-01-11-233423Z
-13581283.783555506,4433879.696138145,-0.3516884,0.9974937343358395,2024-01-11 23:34:23+00:00,walton_lighthouse-2024-01-11-233423Z
-13581283.783555506,4433879.696138145,-0.3516884,1.0,2024-01-11 23:34:23+00:00,walton_lighthouse-2024-01-11-233423Z
