ply
format ascii 1.0
element vertex 4800
property float x
property float y
property float z
element face 8778
property list uchar int vertex_indices
end_header
-13581930.022142485 4434051.777095926 1.9861953333333333
-13581928.2926742 4434050.914181397 1.9861953333333333
-13581926.538354702 4434050.134200178 1.9861953333333333
-13581924.811330345 4434049.263129707 1.9861953333333333
-13581923.101849005 4434048.333514848 1.9861953333333333
-13581921.364929508 4434047.495466556 1.9861953333333333
-13581919.633311912 4434046.639724631 1.9861953333333333
-13581917.898319343 4434045.795245623 1.9861953333333333
-13581916.16543804 4434044.943720989 1.9861953333333333
-13581914.446006555 4434044.047311759 1.9861953333333333
-13581912.717071544 4434043.182617627 1.9861953333333333
-13581910.99971757 4434042.279275159 1.9861953333333333
-13581909.273064096 4434041.406967048 1.9861953333333333
-13581907.532840371 4434040.579945561 1.9861953333333333
-13581905.814826628 4434039.678804991 1.9861953333333333
-13581904.052831182 4434038.924439862 1.9861953333333333
-13581902.30268343 4434038.130536668 1.9861953333333333
-13581900.564654725 4434037.296189986 1.9861953333333333
-13581898.829859884 4434036.451051179 1.9861953333333333
-13581897.100008857 4434035.589413862 1.9861953333333333
-13581895.36414428 4434034.747845026 1.9861953333333333
-13581893.63644063 4434033.879041573 1.9861953333333333
-13581891.913653243 4434032.993831568 1.9861953333333333
-13581890.192220625 4434032.104100397 1.9861953333333333
-13581888.452892693 4434031.2740894 1.9861953333333333
-13581886.70360833 4434030.477305048 1.9861953333333333
-13581884.940372145 4434029.727080507 1.9861953333333333
-13581883.175755847 4434028.981461632 1.9861953333333333
-13581881.417518768 4434028.21455413 1.9861953333333333
-13581879.678203648 4434027.384500449 1.9861953333333333
-13581877.940699551 4434026.548403001 1.9861953333333333
-13581876.205509976 4434025.7045814125 1.9861953333333333
-13581874.477396728 4434024.837144913 1.9861953333333333
-13581872.7195363 4434024.068980459 1.9861953333333333
-13581870.952685494 4434023.330818578 1.9861953333333333
-13581869.184479564 4434022.597179104 1.9861953333333333
-13581867.407846782 4434021.891661648 1.9861953333333333
-13581865.628528493 4434021.195106243 1.9861953333333333
-13581863.878968004 4434020.399243216 1.9861953333333333
-13581862.129093958 4434019.604426654 1.9861953333333333
-13581860.367462004 4434018.848848603 1.9861953333333333
-13581858.61282206 4434018.069936735 1.9861953333333333
-13581856.855879411 4434017.298709411 1.9861953333333333
-13581855.07646276 4434016.602482249 1.9861953333333333
-13581853.301394312 4434015.891744363 1.9861953333333333
-13581851.551235829 4434015.097877059 1.9861953333333333
-13581849.78739416 4434014.349673056 1.9861953333333333
-13581848.02385825 4434013.6004487965 1.9861953333333333
-13581846.255788956 4434012.866353354 1.9861953333333333
-13581844.494147126 4434012.110808175 1.9861953333333333
-13581842.70664168 4434011.441574865 1.9861953333333333
-13581840.934586843 4434010.720779871 1.9861953333333333
-13581839.13175808 4434010.102683528 1.9861953333333333
-13581837.352370027 4434009.406360931 1.9861953333333333
-13581835.60952868 4434008.588074833 1.9861953333333333
-13581833.859128416 4434007.795014392 1.9861953333333333
-13581832.130665198 4434006.928745766 1.9861953333333333
-13581830.361938495 4434006.196844176 1.9861953333333333
-13581828.581779825 4434005.503093232 1.9861953333333333
-13581826.80442707 4434004.799978447 1.9861953333333333
-13581825.021057582 4434004.11694276 1.9861953333333333
-13581823.25823521 4434003.365337238 1.9861953333333333
-13581821.521093449 4434002.528030523 1.9861953333333333
-13581819.784059418 4434001.690364389 1.9861953333333333
-13581818.055930125 4434000.82298138 1.9861953333333333
-13581816.299657108 4434000.049519391 1.9861953333333333
-13581814.536634091 4433999.298583452 1.9861953333333333
-13581812.771262491 4433998.555485295 1.9861953333333333
-13581811.008938046 4433997.802218133 1.9861953333333333
-13581809.266350036 4433996.983086603 1.9861953333333333
-13581807.532375654 4433996.135209807 1.9861953333333333
-13581805.802393813 4433995.274009122 1.9861953333333333
-13581804.070333034 4433994.419746238 1.9861953333333333
-13581802.302175757 4433993.685944305 1.9861953333333333
-13581800.532803196 4433992.95619808 1.9861953333333333
-13581798.77339528 4433992.193197972 1.9861953333333333
-13581797.00322451 4433991.466115476 1.9861953333333333
-13581795.27933597 4433990.584580189 1.9861953333333333
-13581793.542712804 4433989.745542871 1.9861953333333333
-13581791.801424315 4433988.922074688 1.9861953333333333
-13581790.042066695 4433988.158906684 1.9861953333333333
-13581788.264179856 4433987.457574163 1.9861953333333333
-13581786.483965063 4433986.764010558 1.9861953333333333
-13581784.70611866 4433986.062543231 1.9861953333333333
-13581782.96831781 4433985.227436073 1.9861953333333333
-13581781.227484504 4433984.402448787 1.9861953333333333
-13581779.499654 4433983.534068613 1.9861953333333333
-13581777.742360314 4433982.764012884 1.9861953333333333
-13581775.983189078 4433982.000222851 1.9861953333333333
-13581774.215169497 4433981.265961413 1.9861953333333333
-13581772.453955624 4433980.508988078 1.9861953333333333
-13581770.693502244 4433979.749476819 1.9861953333333333
-13581768.9459028 4433978.9470694745 1.9861953333333333
-13581767.19578874 4433978.153053836 1.9861953333333333
-13581765.423704198 4433977.432358057 1.9861953333333333
-13581763.630296696 4433976.782821113 1.9861953333333333
-13581761.84645861 4433976.10134905 1.9861953333333333
-13581760.04508348 4433975.478401603 1.9861953333333333
-13581758.292533107 4433974.692516502 1.9861953333333333
-13581756.544082586 4433973.8929493725 1.9861953333333333
-13581754.79630409 4433973.091139501 1.9861953333333333
-13581753.03074666 4433972.348661437 1.9861953333333333
-13581751.232592832 4433971.714963947 1.9861953333333333
-13581749.46459798 4433970.980619993 1.9861953333333333
-13581747.70868525 4433970.2059556525 1.9861953333333333
-13581745.94657588 4433969.451970735 1.9861953333333333
-13581744.192225724 4433968.672091871 1.9861953333333333
-13581742.423992353 4433967.938543965 1.9861953333333333
-13581740.626358472 4433967.303111156 1.9861953333333333
-13581738.848191269 4433966.602714346 1.9861953333333333
-13581737.071482014 4433965.897452124 1.9861953333333333
-13581735.342455544 4433965.033063168 1.9861953333333333
-13581733.575152338 4433964.29641107 1.9861953333333333
-13581731.805531714 4433963.567492634 1.9861953333333333
-13581730.011704242 4433962.919357235 1.9861953333333333
-13581728.200221302 4433962.330141498 1.9861953333333333
-13581726.414795987 4433961.653966367 1.9861953333333333
-13581724.651290964 4433960.904639048 1.9861953333333333
-13581722.887112122 4433960.157560376 1.9861953333333333
-13581721.14249508 4433959.345200181 1.9861953333333333
-13581719.36065337 4433958.657065858 1.9861953333333333
-13581717.576854257 4433957.975463838 1.9861953333333333
-13581715.791460456 4433957.299183652 1.9861953333333333
-13581714.054168828 4433956.46237709 1.9861953333333333
-13581712.310054796 4433955.648338202 1.9861953333333333
-13581710.560518889 4433954.852393251 1.9861953333333333
-13581708.802778063 4433954.08382966 1.9861953333333333
-13581707.031506924 4433953.360419326 1.9861953333333333
-13581705.254378626 4433952.656555463 1.9861953333333333
-13581703.521230526 4433951.805921223 1.9861953333333333
-13581701.792182948 4433950.941602695 1.9861953333333333
-13581700.065481683 4433950.069454029 1.9861953333333333
-13581698.29923415 4433949.3292789925 1.9861953333333333
-13581696.5322479 4433948.591569193 1.9861953333333333
-13581694.78001469 4433947.804625619 1.9861953333333333
-13581693.041735591 4433946.971114414 1.9861953333333333
-13581691.31054386 4433946.113951358 1.9861953333333333
-13581689.570067806 4433945.287771935 1.9861953333333333
-13581687.815057777 4433944.510095121 1.9861953333333333
-13581686.04800152 4433943.772618884 1.9861953333333333
-13581684.284369616 4433943.023714965 1.9861953333333333
-13581682.539442291 4433942.212390277 1.9861953333333333
-13581680.8090171 4433941.35266914 1.9861953333333333
-13581679.072529145 4433940.513180526 1.9861953333333333
-13581677.286105083 4433939.840338458 1.9861953333333333
-13581675.49686968 4433939.176878421 1.9861953333333333
-13581673.710984858 4433938.502236808 1.9861953333333333
-13581671.95552612 4433937.72605742 1.9861953333333333
-13581670.210584974 4433936.914778789 1.9861953333333333
-13581668.445661085 4433936.170186516 1.9861953333333333
-13581666.666425342 4433935.4733556295 1.9861953333333333
-13581664.914968736 4433934.683820345 1.9861953333333333
-13581663.152762042 4433933.93016024 1.9861953333333333
-13581661.40413262 4433933.13119014 1.9861953333333333
-13581659.648926437 4433932.354167961 1.9861953333333333
-13581657.902105069 4433931.549163974 1.9861953333333333
-13581656.118333995 4433930.867468412 1.9861953333333333
-13581654.34377846 4433930.155018782 1.9861953333333333
-13581652.573297955 4433929.428969906 1.9861953333333333
-13581650.829004228 4433928.61553074 1.9861953333333333
-13581649.068573143 4433927.855945094 1.9861953333333333
-13581647.285318036 4433927.172527618 1.9861953333333333
-13581645.510395115 4433926.461303996 1.9861953333333333
-13581643.786598995 4433925.579460299 1.9861953333333333
-13581642.05515817 4433924.723128559 1.9861953333333333
-13581640.300389234 4433923.944647187 1.9861953333333333
-13581638.526827874 4433923.228879755 1.9861953333333333
-13581636.745555373 4433922.538845942 1.9861953333333333
-13581635.016942749 4433921.673075911 1.9861953333333333
-13581633.280342111 4433920.833963412 1.9861953333333333
-13581631.544673268 4433919.991741294 1.9861953333333333
-13581629.77241741 4433919.271617183 1.9861953333333333
-13581627.999399316 4433918.554036849 1.9861953333333333
-13581626.22463752 4433917.842275511 1.9861953333333333
-13581624.476322932 4433917.042254707 1.9861953333333333
-13581622.73374879 4433916.223076948 1.9861953333333333
-13581620.934062283 4433915.594494266 1.9861953333333333
-13581619.155931428 4433914.893976178 1.9861953333333333
-13581617.41587137 4433914.0664083725 1.9861953333333333
-13581615.644648602 4433913.34283664 1.9861953333333333
-13581613.88430622 4433912.582954978 1.9861953333333333
-13581612.073533084 4433911.991370493 1.9861953333333333
-13581610.285344336 4433911.324417509 1.9861953333333333
-13581608.528266013 4433910.553642991 1.9861953333333333
-13581606.759547954 4433909.82171259 1.9861953333333333
-13581604.94277755 4433909.250142148 1.9861953333333333
-13581603.14498465 4433908.615240068 1.9861953333333333
-13581601.36049716 4433907.935935332 1.9861953333333333
-13581599.606729452 4433907.154112655 1.9861953333333333
-13581597.835323865 4433906.43115099 1.9861953333333333
-13581596.04370159 4433905.775656363 1.9861953333333333
-13581594.24325952 4433905.149595138 1.9861953333333333
-13581592.471172566 4433904.428907376 1.9861953333333333
-13581590.693096956 4433903.728204844 1.9861953333333333
-13581588.91138061 4433903.039652219 1.9861953333333333
-13581587.111413952 4433902.412004447 1.9861953333333333
-13581585.342306908 4433901.681372132 1.9861953333333333
-13581583.538183575 4433901.067595939 1.9861953333333333
-13581581.716270626 4433900.513187154 1.9861953333333333
-13581579.890271554 4433899.972414608 1.9861953333333333
-13581578.09447606 4433899.330846825 1.9861953333333333
-13581576.263564412 4433898.80646842 1.9861953333333333
-13581574.431021906 4433898.287532557 1.9861953333333333
-13581572.6440505 4433897.616517089 1.9861953333333333
-13581570.827430377 4433897.044445148 1.9861953333333333
-13581568.99949712 4433896.510127261 1.9861953333333333
-13581567.197196612 4433895.890267981 1.9861953333333333
-13581565.40874893 4433895.224179169 1.9861953333333333
-13581563.621950202 4433894.552587414 1.9861953333333333
-13581561.836227678 4433893.877404148 1.9861953333333333
-13581560.06575708 4433893.151322269 1.9861953333333333
-13581558.30297341 4433892.399587661 1.9861953333333333
-13581556.5244135 4433891.700501411 1.9861953333333333
-13581554.72418162 4433891.073738649 1.9861953333333333
-13581552.964196395 4433890.312665084 1.9861953333333333
-13581551.20080826 4433889.56294767 1.9861953333333333
-13581549.375250496 4433889.020702316 1.9861953333333333
-13581547.55554571 4433888.4589244975 1.9861953333333333
-13581545.781754673 4433887.743923583 1.9861953333333333
-13581543.992385622 4433887.080909515 1.9861953333333333
-13581542.171123791 4433886.52432779 1.9861953333333333
-13581540.383675808 4433885.854902758 1.9861953333333333
-13581538.57606236 4433885.252773829 1.9861953333333333
-13581536.808125926 4433884.51823493 1.9861953333333333
-13581535.053314123 4433883.739896588 1.9861953333333333
-13581533.254084192 4433883.10979019 1.9861953333333333
-13581531.486430574 4433882.374307543 1.9861953333333333
-13581529.717022918 4433881.6446784455 1.9861953333333333
-13581527.942556994 4433880.931929695 1.9861953333333333
-13581526.207041608 4433880.089195502 1.9861953333333333
-13581524.445375742 4433879.333730557 1.9861953333333333
-13581522.685589973 4433878.571991354 1.9861953333333333
-13581520.94159607 4433877.75755159 1.9861953333333333
-13581519.194769165 4433876.952566109 1.9861953333333333
-13581517.38245109 4433876.366137414 1.9861953333333333
-13581515.594325429 4433875.698973911 1.9861953333333333
-13581513.853712415 4433874.873251458 1.9861953333333333
-13581512.079190984 4433874.160688016 1.9861953333333333
-13581510.27408512 4433873.550190754 1.9861953333333333
-13581508.513492567 4433872.791143927 1.9861953333333333
-13581506.769277938 4433871.977440767 1.9861953333333333
-13581504.959773714 4433871.381621678 1.9861953333333333
-13581503.186436713 4433870.665105586 1.9861953333333333
-13581501.43794914 4433869.8656620765 1.9861953333333333
-13581499.63889129 4433869.234981382 1.9861953333333333
-13581497.849785192 4433868.571089813 1.9861953333333333
-13581496.100457149 4433867.774451146 1.9861953333333333
-13581494.328740353 4433867.052528052 1.9861953333333333
-13581492.540432643 4433866.385972062 1.9861953333333333
-13581490.783691917 4433865.614070982 1.9861953333333333
-13581489.016828911 4433864.875949857 1.9861953333333333
-13581487.226009406 4433864.217776217 1.9861953333333333
-13581485.480624428 4433863.407978777 1.9861953333333333
-13581483.731485743 4433862.610708184 1.9861953333333333
-13581481.94392877 4433861.941646854 1.9861953333333333
-13581480.160691775 4433861.258168894 1.9861953333333333
-13581478.413377564 4433860.454809681 1.9861953333333333
-13581476.599508742 4433859.873556132 1.9861953333333333
-13581474.811694833 4433859.205352235 1.9861953333333333
-13581473.052730951 4433858.440870184 1.9861953333333333
-13581471.273228088 4433857.744930743 1.9861953333333333
-13581469.508645006 4433856.999201111 1.9861953333333333
-13581467.749942891 4433856.233845533 1.9861953333333333
-13581465.953186551 4433855.595484234 1.9861953333333333
-13581464.187057557 4433854.854913603 1.9861953333333333
-13581462.423163865 4433854.10688334 1.9861953333333333
-13581460.599263916 4433853.559105575 1.9861953333333333
-13581458.818202715 4433852.868366582 1.9861953333333333
-13581457.014589569 4433852.252887804 1.9861953333333333
-13581455.207285982 4433851.649724787 1.9861953333333333
-13581453.44753749 4433850.8878611615 1.9861953333333333
-13581451.6430443 4433850.275319259 1.9861953333333333
-13581449.88142264 4433849.519706766 1.9861953333333333
-13581448.152077626 4433848.656380855 1.9861953333333333
-13581446.383339137 4433847.924518602 1.9861953333333333
-13581444.619502475 4433847.176297969 1.9861953333333333
-13581442.905886626 4433846.2604808025 1.9861953333333333
-13581441.134763708 4433845.536575855 1.9861953333333333
-13581439.374060456 4433844.777898416 1.9861953333333333
-13581437.643293608 4433843.919317435 1.9861953333333333
-13581435.87539776 4433843.184643137 1.9861953333333333
-13581434.101371553 4433842.47042703 1.9861953333333333
-13581432.336340152 4433841.726193486 1.9861953333333333
-13581430.526200728 4433841.132494168 1.9861953333333333
-13581428.762186237 4433840.384867032 1.9861953333333333
-13581426.923563687 4433839.886221432 1.9861953333333333
-13581425.11372083 4433839.29153241 1.9861953333333333
-13581423.28826588 4433838.748943994 1.9861953333333333
-13581421.468997153 4433838.185710947 1.9861953333333333
-13581419.641965749 4433837.648383461 1.9861953333333333
-13581417.81134369 4433837.12303865 1.9861953333333333
-13581415.97185576 4433836.627281004 1.9861953333333333
-13581414.137455927 4433836.114543416 1.9861953333333333
-13581412.291349288 4433835.640873663 1.9861953333333333
-13581410.470767546 4433835.082022379 1.9861953333333333
-13581408.61333928 4433834.646135107 1.9861953333333333
-13581406.805834012 4433834.043645136 1.9861953333333333
-13581404.9442641 4433833.621579356 1.9861953333333333
-13581403.11328001 4433833.097442701 1.9861953333333333
-13581401.25984244 4433832.648237701 1.9861953333333333
-13581399.421185212 4433832.14970786 1.9861953333333333
-13581397.589416036 4433831.628191236 1.9861953333333333
-13581395.748029478 4433831.138769648 1.9861953333333333
-13581393.95243064 4433830.4965455895 1.9861953333333333
-13581392.127562536 4433829.95199877 1.9861953333333333
-13581390.345168749 4433829.265706884 1.9861953333333333
-13581388.52618866 4433828.701510563 1.9861953333333333
-13581386.74104631 4433828.024391192 1.9861953333333333
-13581384.918679358 4433827.471497521 1.9861953333333333
-13581383.116706036 4433826.850546338 1.9861953333333333
-13581381.283449244 4433826.333994152 1.9861953333333333
-13581379.447087238 4433825.827804714 1.9861953333333333
-13581377.632599892 4433825.24861526 1.9861953333333333
-13581375.776793215 4433824.807316409 1.9861953333333333
-13581373.94944565 4433824.271044023 1.9861953333333333
-13581372.097531645 4433823.8167546 1.9861953333333333
-13581370.25016543 4433823.347288315 1.9861953333333333
-13581368.447199913 4433822.729648263 1.9861953333333333
-13581366.621571574 4433822.187638473 1.9861953333333333
-13581364.775847591 4433821.712691768 1.9861953333333333
-13581362.933316402 4433821.227090052 1.9861953333333333
-13581361.065824617 4433820.824786687 1.9861953333333333
-13581359.16211413 4433820.543352151 1.9861953333333333
-13581357.275552915 4433820.204687201 1.9861953333333333
-13581355.38825715 4433819.8684735885 1.9861953333333333
-13581353.512002032 4433819.4954151325 1.9861953333333333
-13581351.633168362 4433819.130961848 1.9861953333333333
-13581349.76608353 4433818.727300432 1.9861953333333333
-13581347.909269378 4433818.289363747 1.9861953333333333
-13581346.08336842 4433817.748263721 1.9861953333333333
-13581344.283358175 4433817.1207613535 1.9861953333333333
-13581342.4781057 4433816.51075339 1.9861953333333333
-13581340.676223902 4433815.889496777 1.9861953333333333
-13581338.8751366 4433815.265588759 1.9861953333333333
-13581337.07641603 4433814.633782535 1.9861953333333333
-13581335.24784962 4433814.101577665 1.9861953333333333
-13581333.431842104 4433813.527461313 1.9861953333333333
-13581331.63429891 4433812.891725926 1.9861953333333333
-13581329.853897678 4433812.198784526 1.9861953333333333
-13581328.119203528 4433811.353309717 1.9861953333333333
-13581326.368537333 4433810.561136678 1.9861953333333333
-13581324.620739836 4433809.759390264 1.9861953333333333
-13581322.869539527 4433808.968999719 1.9861953333333333
-13581321.125137828 4433808.155920881 1.9861953333333333
-13581319.371109003 4433807.374969602 1.9861953333333333
-13581317.568718323 4433806.755411226 1.9861953333333333
-13581315.75561615 4433806.17159921 1.9861953333333333
-13581313.970210856 4433805.495357311 1.9861953333333333
-13581312.200068465 4433804.768180134 1.9861953333333333
-13581310.430646688 4433804.038598146 1.9861953333333333
-13581308.707286973 4433803.155298132 1.9861953333333333
-13581306.973116525 4433802.308075619 1.9861953333333333
-13581305.22537908 4433801.506128773 1.9861953333333333
-13581303.4760061 4433800.709640066 1.9861953333333333
-13581301.68148563 4433800.063817312 1.9861953333333333
-13581299.86927715 4433799.47702283 1.9861953333333333
-13581298.0343455 4433798.96605997 1.9861953333333333
-13581296.19297363 4433798.47658939 1.9861953333333333
-13581294.355371376 4433797.9745389 1.9861953333333333
-13581292.544320377 4433797.383881705 1.9861953333333333
-13581290.743144255 4433796.760270077 1.9861953333333333
-13581288.897156624 4433796.286203199 1.9861953333333333
-13581287.019158522 4433795.918961479 1.9861953333333333
-13581285.156126432 4433795.501775259 1.9861953333333333
-13581283.273476182 4433795.150058628 1.9861953333333333
-13581281.416600969 4433794.712325696 1.9861953333333333
-13581279.565403 4433794.255646741 1.9861953333333333
-13581277.764482828 4433793.631181 1.9861953333333333
-13581275.960662782 4433793.016392681 1.9861953333333333
-13581274.150829716 4433792.42167103 1.9861953333333333
-13581272.288511712 4433792.002101747 1.9861953333333333
-13581270.397569628 4433791.678056576 1.9861953333333333
-13581268.544114787 4433791.2289092 1.9861953333333333
-13581266.67986203 4433790.815796613 1.9861953333333333
-13581264.841193303 4433790.317305125 1.9861953333333333
-13581264.841193303 4433790.317305125 1.9861953333333333
-13581264.841193303 4433790.317305125 1.9861953333333333
-13581264.841193303 4433790.317305125 1.9861953333333333
-13581264.841193303 4433790.317305125 1.9861953333333333
-13581264.841193303 4433790.317305125 1.9861953333333333
-13581264.841193303 4433790.317305125 1.9861953333333333
-13581264.841193303 4433790.317305125 1.9861953333333333
-13581264.841193303 4433790.317305125 1.9861953333333333
-13581264.841193303 4433790.317305125 1.9861953333333333
-13581264.841193303 4433790.317305125 1.9861953333333333
-13581264.841193303 4433790.317305125 1.9861953333333333
-13581264.841193303 4433790.317305125 1.9861953333333333
-13581264.841193303 4433790.317305125 1.9861953333333333
-13581264.841193303 4433790.317305125 1.9861953333333333
-13581264.841193303 4433790.317305125 1.9861953333333333
-13581264.841193303 4433790.317305125 1.9861953333333333
-13581264.841193303 4433790.317305125 1.9861953333333333
-13581264.841193303 4433790.317305125 1.9861953333333333
-13581264.841193303 4433790.317305125 1.9861953333333333
-13581264.841193303 4433790.317305125 1.9861953333333333
-13581264.841193303 4433790.317305125 1.9861953333333333
-13581264.841193303 4433790.317305125 1.9861953333333333
-13581264.841193303 4433790.317305125 1.9861953333333333
-13581264.841193303 4433790.317305125 1.9861953333333333
-13581264.841193303 4433790.317305125 1.9861953333333333
-13581928.039841823 4434058.392417674 1.8893028
-13581926.349350868 4434057.399428251 1.8893028
-13581924.663285492 4434056.391669782 1.8893028
-13581922.97551969 4434055.389585891 1.8893028
-13581921.293808164 4434054.367297782 1.8893028
-13581919.628989937 4434053.28863357 1.8893028
-13581917.948062127 4434052.263730004 1.8893028
-13581916.272636477 4434051.220464638 1.8893028
-13581914.592736691 4434050.192130394 1.8893028
-13581912.91284807 4434049.163758972 1.8893028
-13581911.210885083 4434048.209053946 1.8893028
-13581909.512611698 4434047.242035863 1.8893028
-13581907.807982108 4434046.296229784 1.8893028
-13581906.10598835 4434045.341627482 1.8893028
-13581904.391889146 4434044.42742334 1.8893028
-13581902.688192395 4434043.478504152 1.8893028
-13581900.99617331 4434042.490614324 1.8893028
-13581899.31287239 4434041.473630403 1.8893028
-13581897.631231494 4434040.451106581 1.8893028
-13581895.928638356 4434039.498504397 1.8893028
-13581894.23978419 4434038.500052697 1.8893028
-13581892.526275992 4434037.583876271 1.8893028
-13581890.799732557 4434036.711200945 1.8893028
-13581889.079675913 4434035.816877857 1.8893028
-13581887.36785365 4434034.895075114 1.8893028
-13581885.655230084 4434033.975946588 1.8893028
-13581883.964561284 4434032.983550586 1.8893028
-13581882.274027642 4434031.990703529 1.8893028
-13581880.586509995 4434030.987791563 1.8893028
-13581878.89798489 4434029.988241759 1.8893028
-13581877.194184303 4434029.039669168 1.8893028
-13581875.463373212 4434028.181235719 1.8893028
-13581873.727284366 4434027.340415339 1.8893028
-13581871.98795668 4434026.510403526 1.8893028
-13581870.25680372 4434025.65311101 1.8893028
-13581868.529117456 4434024.784249557 1.8893028
-13581866.817402262 4434023.862089526 1.8893028
-13581865.11310679 4434022.915168422 1.8893028
-13581863.399022091 4434022.000915802 1.8893028
-13581861.69624002 4434021.048944198 1.8893028
-13581859.948892858 4434020.245695028 1.8893028
-13581858.195295883 4434019.463302552 1.8893028
-13581856.450849136 4434018.650373992 1.8893028
-13581854.696071886 4434017.871920372 1.8893028
-13581852.933473848 4434017.119566304 1.8893028
-13581851.206430929 4434016.248557875 1.8893028
-13581849.478539849 4434015.380379798 1.8893028
-13581847.759135831 4434014.483878843 1.8893028
-13581846.030026808 4434013.619765432 1.8893028
-13581844.259607714 4434012.893511683 1.8893028
-13581842.496537073 4434012.142734691 1.8893028
-13581840.727334635 4434011.412420672 1.8893028
-13581838.956580838 4434010.68728396 1.8893028
-13581837.21954642 4434009.849619071 1.8893028
-13581835.493843008 4434008.974140359 1.8893028
-13581833.773987086 4434008.079147524 1.8893028
-13581832.058971236 4434007.168002427 1.8893028
-13581830.30620428 4434006.382840069 1.8893028
-13581828.544574844 4434005.627253464 1.8893028
-13581826.788057745 4434004.854606061 1.8893028
-13581825.021216769 4434004.116411523 1.8893028
-13581823.274893608 4434003.30974493 1.8893028
-13581821.555574335 4434002.412961111 1.8893028
-13581819.838438982 4434001.508889238 1.8893028
-13581818.129695231 4434000.5768129 1.8893028
-13581816.38788548 4433999.755084207 1.8893028
-13581814.642105972 4433998.946603339 1.8893028
-13581812.883980554 4433998.179323267 1.8893028
-13581811.13704962 4433997.37468496 1.8893028
-13581809.395077407 4433996.553498399 1.8893028
-13581807.68667736 4433995.620275094 1.8893028
-13581805.976024237 4433994.6945707295 1.8893028
-13581804.264098903 4433993.773111945 1.8893028
-13581802.54248628 4433992.883981488 1.8893028
-13581800.810090784 4433992.030835619 1.8893028
-13581799.062297229 4433991.229076139 1.8893028
-13581797.316446817 4433990.4208319 1.8893028
-13581795.591191402 4433989.543858133 1.8893028
-13581793.872289697 4433988.645680864 1.8893028
-13581792.160762567 4433987.722893254 1.8893028
-13581790.448282115 4433986.803287045 1.8893028
-13581788.74411364 4433985.855942044 1.8893028
-13581787.002649143 4433985.033061194 1.8893028
-13581785.243180364 4433984.270264172 1.8893028
-13581783.483641002 4433983.507702643 1.8893028
-13581781.72459598 4433982.743491378 1.8893028
-13581779.991494518 4433981.892701423 1.8893028
-13581778.25748302 4433981.044948521 1.8893028
-13581776.524592057 4433980.193456108 1.8893028
-13581774.77159107 4433979.40907471 1.8893028
-13581773.001127047 4433978.682970921 1.8893028
-13581771.22949648 4433977.960760109 1.8893028
-13581769.4492271 4433977.26737867 1.8893028
-13581767.701610994 4433976.465026876 1.8893028
-13581765.967285149 4433975.618323004 1.8893028
-13581764.208584905 4433974.852961204 1.8893028
-13581762.439414363 4433974.122540701 1.8893028
-13581760.66345447 4433973.41477768 1.8893028
-13581758.874474902 4433972.750463875 1.8893028
-13581757.08551628 4433972.086080125 1.8893028
-13581755.329913758 4433971.310380551 1.8893028
-13581753.582909802 4433970.505985946 1.8893028
-13581751.83797093 4433969.694699829 1.8893028
-13581750.056667048 4433969.004770696 1.8893028
-13581748.269090155 4433968.335775788 1.8893028
-13581746.463386685 4433967.727272854 1.8893028
-13581744.685893942 4433967.024625287 1.8893028
-13581742.930294722 4433966.248914764 1.8893028
-13581741.16415938 4433965.50836522 1.8893028
-13581739.374390297 4433964.846686149 1.8893028
-13581737.557065943 4433964.276964377 1.8893028
-13581735.770334756 4433963.605147249 1.8893028
-13581733.994691877 4433962.896326264 1.8893028
-13581732.221595189 4433962.179008136 1.8893028
-13581730.45657981 4433961.434721184 1.8893028
-13581728.66909813 4433960.7654085895 1.8893028
-13581726.88641919 4433960.080068276 1.8893028
-13581725.104387432 4433959.392568259 1.8893028
-13581723.33763916 4433958.654064276 1.8893028
-13581721.592644991 4433957.842962619 1.8893028
-13581719.8528345 4433957.014561976 1.8893028
-13581718.09589758 4433956.243315603 1.8893028
-13581716.305219552 4433955.584669911 1.8893028
-13581714.518167576 4433954.913923279 1.8893028
-13581712.73933426 4433954.215749377 1.8893028
-13581710.979533631 4433953.454059783 1.8893028
-13581709.220855957 4433952.688622652 1.8893028
-13581707.445639765 4433951.978377723 1.8893028
-13581705.653905803 4433951.323255783 1.8893028
-13581703.858289314 4433950.681090676 1.8893028
-13581702.090382945 4433949.946451471 1.8893028
-13581700.320844645 4433949.217258304 1.8893028
-13581698.552641451 4433948.483609677 1.8893028
-13581696.767858464 4433947.805291042 1.8893028
-13581694.9676335 4433947.178505266 1.8893028
-13581693.1661165 4433946.556031203 1.8893028
-13581691.41344476 4433945.7705510985 1.8893028
-13581689.649548654 4433945.022528932 1.8893028
-13581687.849827465 4433944.394061934 1.8893028
-13581686.046682945 4433943.777019229 1.8893028
-13581684.24928831 4433943.140788089 1.8893028
-13581682.48283677 4433942.401293881 1.8893028
-13581680.72541046 4433941.631680706 1.8893028
-13581678.94593611 4433940.935646036 1.8893028
-13581677.150861356 4433940.291673005 1.8893028
-13581675.357800037 4433939.640980798 1.8893028
-13581673.58075232 4433938.93684804 1.8893028
-13581671.814337336 4433938.197231772 1.8893028
-13581670.024954343 4433937.534264203 1.8893028
-13581668.20902341 4433936.959892332 1.8893028
-13581666.404375482 4433936.347866832 1.8893028
-13581664.633127635 4433935.624378753 1.8893028
-13581662.880836071 4433934.837629937 1.8893028
-13581661.116317697 4433934.09168436 1.8893028
-13581659.317958713 4433933.458671442 1.8893028
-13581657.52624254 4433932.803490128 1.8893028
-13581655.749258615 4433932.099144523 1.8893028
-13581653.983013077 4433931.358962846 1.8893028
-13581652.20873718 4433930.645579911 1.8893028
-13581650.423271108 4433929.969540847 1.8893028
-13581648.63597819 4433929.299598361 1.8893028
-13581646.8763225 4433928.537425049 1.8893028
-13581645.133125557 4433927.720325686 1.8893028
-13581643.392890658 4433926.893341383 1.8893028
-13581641.620419309 4433926.173936449 1.8893028
-13581639.837439096 4433925.489601584 1.8893028
-13581638.086887935 4433924.697044649 1.8893028
-13581636.340984812 4433923.88897637 1.8893028
-13581634.60171049 4433923.058786485 1.8893028
-13581632.831152985 4433922.332994647 1.8893028
-13581631.037470125 4433921.684376553 1.8893028
-13581629.271457523 4433920.943417471 1.8893028
-13581627.519536128 4433920.155433377 1.8893028
-13581625.770735122 4433919.357035849 1.8893028
-13581623.96952924 4433918.733523544 1.8893028
-13581622.178300217 4433918.076716556 1.8893028
-13581620.414659332 4433917.327842644 1.8893028
-13581618.657262838 4433916.5581299765 1.8893028
-13581616.881574962 4433915.849459106 1.8893028
-13581615.095769173 4433915.1745537445 1.8893028
-13581613.307442589 4433914.508060796 1.8893028
-13581611.54262129 4433913.763126117 1.8893028
-13581609.776061077 4433913.023994518 1.8893028
-13581607.973529268 4433912.404907092 1.8893028
-13581606.168582171 4433911.793880024 1.8893028
-13581604.377516003 4433911.13652956 1.8893028
-13581602.603883808 4433910.420998517 1.8893028
-13581600.80307469 4433909.796162226 1.8893028
-13581598.99296625 4433909.20235949 1.8893028
-13581597.181141756 4433908.614283554 1.8893028
-13581595.380170813 4433907.9899872495 1.8893028
-13581593.559071863 4433907.432862039 1.8893028
-13581591.727725787 4433906.909933462 1.8893028
-13581589.931023195 4433906.271392772 1.8893028
-13581588.131066091 4433905.643713101 1.8893028
-13581586.304869687 4433905.103599083 1.8893028
-13581584.486548824 4433904.537202825 1.8893028
-13581582.700863838 4433903.861894297 1.8893028
-13581580.887789425 4433903.2779896045 1.8893028
-13581579.060523525 4433902.741444708 1.8893028
-13581577.250872388 4433902.146115884 1.8893028
-13581575.461134711 4433901.48433195 1.8893028
-13581573.628359493 4433900.9661727045 1.8893028
-13581571.807384932 4433900.408632359 1.8893028
-13581570.02016457 4433899.738447698 1.8893028
-13581568.204645526 4433899.162701189 1.8893028
-13581566.374612762 4433898.635389818 1.8893028
-13581564.567659017 4433898.031059344 1.8893028
-13581562.778978078 4433897.36574888 1.8893028
-13581560.947564855 4433896.843044333 1.8893028
-13581559.12431187 4433896.293107515 1.8893028
-13581557.325362174 4433895.66206596 1.8893028
-13581555.4787972 4433895.189925788 1.8893028
-13581553.651205927 4433894.654466622 1.8893028
-13581551.85082036 4433894.028216856 1.8893028
-13581550.022969782 4433893.4936230965 1.8893028
-13581548.179359645 4433893.011622024 1.8893028
-13581546.37632959 4433892.394197388 1.8893028
-13581544.556623248 4433891.832424747 1.8893028
-13581542.724180397 4433891.313156317 1.8893028
-13581540.923866097 4433890.686668616 1.8893028
-13581539.10815926 4433890.111548847 1.8893028
-13581537.27872423 4433889.582242773 1.8893028
-13581535.487989686 4433888.923785595 1.8893028
-13581533.688959612 4433888.293012203 1.8893028
-13581531.863650767 4433887.749936187 1.8893028
-13581530.067341682 4433887.1100824 1.8893028
-13581528.25492796 4433886.523972879 1.8893028
-13581526.440019837 4433885.946187592 1.8893028
-13581524.636225602 4433885.331313158 1.8893028
-13581522.843242826 4433884.68035882 1.8893028
-13581521.012146346 4433884.156597275 1.8893028
-13581519.186932782 4433883.61320328 1.8893028
-13581517.359691262 4433883.076576961 1.8893028
-13581515.51313532 4433882.60440667 1.8893028
-13581513.694561442 4433882.038854773 1.8893028
-13581511.846807469 4433881.570682478 1.8893028
-13581510.027163994 4433881.008700054 1.8893028
-13581508.2191232 4433880.407997221 1.8893028
-13581506.401138805 4433879.840478112 1.8893028
-13581504.61167304 4433879.177786748 1.8893028
-13581502.821107004 4433878.518767254 1.8893028
-13581500.996049363 4433877.974852976 1.8893028
-13581499.20910213 4433877.303756814 1.8893028
-13581497.38959877 4433876.741306743 1.8893028
-13581495.569226028 4433876.181758036 1.8893028
-13581493.786291383 4433875.497271109 1.8893028
-13581491.959777717 4433874.958215812 1.8893028
-13581490.11798066 4433874.470164141 1.8893028
-13581488.30203059 4433873.895856121 1.8893028
-13581486.46309612 4433873.398251455 1.8893028
-13581484.659381684 4433872.783110695 1.8893028
-13581482.814269876 4433872.306121028 1.8893028
-13581480.9985036 4433871.731199623 1.8893028
-13581479.156545704 4433871.243684736 1.8893028
-13581477.339837885 4433870.67190541 1.8893028
-13581475.525241362 4433870.093080303 1.8893028
-13581473.698371494 4433869.555213784 1.8893028
-13581471.889607385 4433868.956924768 1.8893028
-13581470.041679174 4433868.489333934 1.8893028
-13581468.226091826 4433867.913815396 1.8893028
-13581466.408507328 4433867.344961783 1.8893028
-13581464.614348684 4433866.697931527 1.8893028
-13581462.823231386 4433866.040751646 1.8893028
-13581461.008403407 4433865.462698959 1.8893028
-13581459.232305372 4433864.755396964 1.8893028
-13581457.413675936 4433864.190030478 1.8893028
-13581455.603702536 4433863.595777098 1.8893028
-13581453.767481329 4433863.089117745 1.8893028
-13581451.94812682 4433862.526170997 1.8893028
-13581450.126129957 4433861.972042263 1.8893028
-13581448.302167382 4433861.424473454 1.8893028
-13581446.46996647 4433860.904397632 1.8893028
-13581444.689217713 4433860.212615977 1.8893028
-13581442.913150148 4433859.505212266 1.8893028
-13581441.11489832 4433858.871841714 1.8893028
-13581439.338518156 4433858.165481245 1.8893028
-13581437.52423271 4433857.585618038 1.8893028
-13581435.748628546 4433856.87666781 1.8893028
-13581433.926534325 4433856.322863982 1.8893028
-13581432.098875236 4433855.787631224 1.8893028
-13581430.262313545 4433855.282108159 1.8893028
-13581428.450988626 4433854.69236505 1.8893028
-13581426.648757055 4433854.072275683 1.8893028
-13581424.898750097 4433853.277902716 1.8893028
-13581423.11891187 4433852.58308243 1.8893028
-13581421.356245665 4433851.83095576 1.8893028
-13581419.578454169 4433851.12930516 1.8893028
-13581417.770831175 4433850.527208035 1.8893028
-13581415.989452068 4433849.837529983 1.8893028
-13581414.201851666 4433849.16861355 1.8893028
-13581412.445382696 4433848.395805537 1.8893028
-13581410.66124803 4433847.715323352 1.8893028
-13581408.920059487 4433846.891521561 1.8893028
-13581407.142748903 4433846.188266018 1.8893028
-13581405.373453034 4433845.458263845 1.8893028
-13581403.576625822 4433844.820139141 1.8893028
-13581401.817217086 4433844.057141706 1.8893028
-13581400.051433034 4433843.315419861 1.8893028
-13581398.291032253 4433842.555733073 1.8893028
-13581396.512664603 4433841.856005214 1.8893028
-13581394.74843196 4433841.109106074 1.8893028
-13581392.982894316 4433840.366561945 1.8893028
-13581391.219076524 4433839.618278377 1.8893028
-13581389.44144268 4433838.916101686 1.8893028
-13581387.671175005 4433838.189342608 1.8893028
-13581385.888307735 4433837.504630794 1.8893028
-13581384.110094042 4433836.804389159 1.8893028
-13581382.276579078 4433836.288698563 1.8893028
-13581380.513663786 4433835.53740316 1.8893028
-13581378.71740322 4433834.897387391 1.8893028
-13581376.969860546 4433834.09479062 1.8893028
-13581375.186381476 4433833.412120536 1.8893028
-13581373.401970835 4433832.732559266 1.8893028
-13581371.667283272 4433831.887062475 1.8893028
-13581369.90283533 4433831.140881841 1.8893028
-13581368.10956014 4433830.490903324 1.8893028
-13581366.30101849 4433829.891871899 1.8893028
-13581364.488038724 4433829.307651366 1.8893028
-13581362.64314201 4433828.829943921 1.8893028
-13581360.816196678 4433828.292329167 1.8893028
-13581359.023005508 4433827.642070225 1.8893028
-13581357.238019723 4433826.964428335 1.8893028
-13581355.466107046 4433826.243158999 1.8893028
-13581353.693618389 4433825.523811792 1.8893028
-13581351.886814516 4433824.9189810585 1.8893028
-13581350.082762191 4433824.304967924 1.8893028
-13581348.272461884 4433823.711805541 1.8893028
-13581346.447369352 4433823.16800766 1.8893028
-13581344.626392849 4433822.610473778 1.8893028
-13581342.815739851 4433822.018488334 1.8893028
-13581340.972846957 4433821.534093741 1.8893028
-13581339.12592438 4433821.063146951 1.8893028
-13581337.322068036 4433820.448479764 1.8893028
-13581335.558236554 4433819.700241882 1.8893028
-13581333.80319221 4433818.922679615 1.8893028
-13581332.02261168 4433818.23033655 1.8893028
-13581330.260305917 4433817.477007011 1.8893028
-13581328.495551605 4433816.731848815 1.8893028
-13581326.717901727 4433816.029725597 1.8893028
-13581324.97214601 4433815.221165333 1.8893028
-13581323.20523487 4433814.483204856 1.8893028
-13581321.445424102 4433813.721549087 1.8893028
-13581319.738771802 4433812.782493186 1.8893028
-13581318.00034612 4433811.949471199 1.8893028
-13581316.302780611 4433810.980090876 1.8893028
-13581314.621094754 4433809.957717139 1.8893028
-13581312.93857419 4433808.938128944 1.8893028
-13581311.278106311 4433807.844946642 1.8893028
-13581309.597613 4433806.818593122 1.8893028
-13581307.932789952 4433805.739944887 1.8893028
-13581306.232936315 4433804.778200521 1.8893028
-13581304.528047722 4433803.833258765 1.8893028
-13581302.80768606 4433802.93995366 1.8893028
-13581301.072390148 4433802.096487071 1.8893028
-13581299.282110011 4433801.43651344 1.8893028
-13581297.472550156 4433800.840879987 1.8893028
-13581295.64348196 4433800.310349665 1.8893028
-13581293.78700279 4433799.871295097 1.8893028
-13581291.9384547 4433799.405772973 1.8893028
-13581290.117630314 4433798.847731412 1.8893028
-13581288.283812732 4433798.333050713 1.8893028
-13581286.405665897 4433797.9663053565 1.8893028
-13581284.511536654 4433797.65289636 1.8893028
-13581282.670946505 4433797.160817014 1.8893028
-13581280.83905446 4433796.639710407 1.8893028
-13581278.97068051 4433796.240351026 1.8893028
-13581277.04978874 4433796.016253771 1.8893028
-13581275.089008993 4433795.925270428 1.8893028
-13581273.151284492 4433795.757347296 1.8893028
-13581271.22296129 4433795.558050165 1.8893028
-13581269.289420716 4433795.376164408 1.8893028
-13581267.325278305 4433795.296402935 1.8893028
-13581265.329639936 4433795.321749605 1.8893028
-13581263.46369281 4433794.914291433 1.8893028
-13581261.647860393 4433794.339590712 1.8893028
-13581261.647860393 4433794.339590712 1.8893028
-13581261.647860393 4433794.339590712 1.8893028
-13581261.647860393 4433794.339590712 1.8893028
-13581261.647860393 4433794.339590712 1.8893028
-13581261.647860393 4433794.339590712 1.8893028
-13581261.647860393 4433794.339590712 1.8893028
-13581261.647860393 4433794.339590712 1.8893028
-13581261.647860393 4433794.339590712 1.8893028
-13581261.647860393 4433794.339590712 1.8893028
-13581261.647860393 4433794.339590712 1.8893028
-13581261.647860393 4433794.339590712 1.8893028
-13581261.647860393 4433794.339590712 1.8893028
-13581261.647860393 4433794.339590712 1.8893028
-13581261.647860393 4433794.339590712 1.8893028
-13581261.647860393 4433794.339590712 1.8893028
-13581261.647860393 4433794.339590712 1.8893028
-13581261.647860393 4433794.339590712 1.8893028
-13581261.647860393 4433794.339590712 1.8893028
-13581261.647860393 4433794.339590712 1.8893028
-13581261.647860393 4433794.339590712 1.8893028
-13581261.647860393 4433794.339590712 1.8893028
-13581261.647860393 4433794.339590712 1.8893028
-13581261.647860393 4433794.339590712 1.8893028
-13581261.647860393 4433794.339590712 1.8893028
-13581929.493538588 4434053.541149641 1.7407297333333334
-13581927.79869858 4434052.562673846 1.7407297333333334
-13581926.086166516 4434051.643239855 1.7407297333333334
-13581924.378553478 4434050.707390038 1.7407297333333334
-13581922.649895912 4434049.841769973 1.7407297333333334
-13581920.93713726 4434048.923092255 1.7407297333333334
-13581919.20909562 4434048.055416667 1.7407297333333334
-13581917.492766377 4434047.148654531 1.7407297333333334
-13581915.784229215 4434046.215888757 1.7407297333333334
-13581914.06135398 4434045.330972006 1.7407297333333334
-13581912.362546347 4434044.365736957 1.7407297333333334
-13581910.655335153 4434043.428546079 1.7407297333333334
-13581908.951739078 4434042.479290955 1.7407297333333334
-13581907.220837606 4434041.621159298 1.7407297333333334
-13581905.517169258 4434040.672145368 1.7407297333333334
-13581903.80363584 4434039.756053043 1.7407297333333334
-13581902.081605764 4434038.868315714 1.7407297333333334
-13581900.354064092 4434037.998971763 1.7407297333333334
-13581898.632223887 4434037.110600832 1.7407297333333334
-13581896.926255982 4434036.169260898 1.7407297333333334
-13581895.243055224 4434035.151942686 1.7407297333333334
-13581893.560573056 4434034.132226378 1.7407297333333334
-13581891.865242254 4434033.155388436 1.7407297333333334
-13581890.182882195 4434032.135264535 1.7407297333333334
-13581888.486284526 4434031.162654376 1.7407297333333334
-13581886.792820012 4434030.179588363 1.7407297333333334
-13581885.082959369 4434029.251239285 1.7407297333333334
-13581883.388732135 4434028.270718453 1.7407297333333334
-13581881.69462053 4434027.28981181 1.7407297333333334
-13581879.9934028 4434026.332619744 1.7407297333333334
-13581878.29372052 4434025.370303569 1.7407297333333334
-13581876.599035587 4434024.39131013 1.7407297333333334
-13581874.922214368 4434023.35270218 1.7407297333333334
-13581873.22486169 4434022.382611624 1.7407297333333334
-13581871.524357015 4434021.423039831 1.7407297333333334
-13581869.820901774 4434020.473314757 1.7407297333333334
-13581868.082602847 4434019.639869795 1.7407297333333334
-13581866.35132864 4434018.782981974 1.7407297333333334
-13581864.6128422 4434017.950162694 1.7407297333333334
-13581862.871170502 4434017.127973313 1.7407297333333334
-13581861.145052215 4434016.253879262 1.7407297333333334
-13581859.444573522 4434015.294220796 1.7407297333333334
-13581857.74270458 4434014.33920183 1.7407297333333334
-13581856.02997569 4434013.420424679 1.7407297333333334
-13581854.29983468 4434012.559755215 1.7407297333333334
-13581852.5254553 4434011.846717738 1.7407297333333334
-13581850.757614356 4434011.111860095 1.7407297333333334
-13581848.978333045 4434010.415181294 1.7407297333333334
-13581847.22083862 4434009.645795463 1.7407297333333334
-13581845.47752001 4434008.829102148 1.7407297333333334
-13581843.756632676 4434007.937551276 1.7407297333333334
-13581842.037210444 4434007.041111069 1.7407297333333334
-13581840.332857516 4434006.094381774 1.7407297333333334
-13581838.585179266 4434005.292237408 1.7407297333333334
-13581836.824315203 4434004.534096603 1.7407297333333334
-13581835.08061602 4434003.718673364 1.7407297333333334
-13581833.319243908 4434002.962228096 1.7407297333333334
-13581831.575635672 4434002.146501316 1.7407297333333334
-13581829.853058131 4434001.26059096 1.7407297333333334
-13581828.132357763 4434000.36841619 1.7407297333333334
-13581826.407673946 4433999.489535032 1.7407297333333334
-13581824.675999189 4433998.633983879 1.7407297333333334
-13581822.923269706 4433997.8486964125 1.7407297333333334
-13581821.158387791 4433997.103964062 1.7407297333333334
-13581819.397652471 4433996.345393689 1.7407297333333334
-13581817.64004335 4433995.57639055 1.7407297333333334
-13581815.920148512 4433994.68152752 1.7407297333333334
-13581814.174908647 4433993.871245855 1.7407297333333334
-13581812.429594675 4433993.061211441 1.7407297333333334
-13581810.693652298 4433992.219902147 1.7407297333333334
-13581808.918958314 4433991.507914564 1.7407297333333334
-13581807.153718324 4433990.764377159 1.7407297333333334
-13581805.392286174 4433990.008132228 1.7407297333333334
-13581803.620140132 4433989.287641578 1.7407297333333334
-13581801.884045582 4433988.446840171 1.7407297333333334
-13581800.14130851 4433987.628206221 1.7407297333333334
-13581798.414560732 4433986.756212781 1.7407297333333334
-13581796.653582714 4433985.998452288 1.7407297333333334
-13581794.861067109 4433985.345938878 1.7407297333333334
-13581793.092129871 4433984.614739927 1.7407297333333334
-13581791.312955128 4433983.91770551 1.7407297333333334
-13581789.566758277 4433983.110617356 1.7407297333333334
-13581787.823956762 4433982.292198389 1.7407297333333334
-13581786.08346089 4433981.466085087 1.7407297333333334
-13581784.359271787 4433980.585552882 1.7407297333333334
-13581782.589309318 4433979.857775274 1.7407297333333334
-13581780.79306163 4433979.217716511 1.7407297333333334
-13581779.018434215 4433978.5055067865 1.7407297333333334
-13581777.230692787 4433977.837061029 1.7407297333333334
-13581775.475445002 4433977.060177634 1.7407297333333334
-13581773.707632722 4433976.325224465 1.7407297333333334
-13581771.95559342 4433975.537633794 1.7407297333333334
-13581770.16149892 4433974.890389473 1.7407297333333334
-13581768.38006852 4433974.200882531 1.7407297333333334
-13581766.592851622 4433973.53068636 1.7407297333333334
-13581764.814891253 4433972.829599329 1.7407297333333334
-13581763.052256083 4433972.077369037 1.7407297333333334
-13581761.310243873 4433971.25631601 1.7407297333333334
-13581759.535880627 4433970.543224692 1.7407297333333334
-13581757.728680449 4433969.939716571 1.7407297333333334
-13581755.91726202 4433969.350285495 1.7407297333333334
-13581754.10773939 4433968.754527822 1.7407297333333334
-13581752.34016838 4433968.01876954 1.7407297333333334
-13581750.575466976 4433967.27343471 1.7407297333333334
-13581748.790763397 4433966.594851015 1.7407297333333334
-13581746.97187798 4433966.030338779 1.7407297333333334
-13581745.164454436 4433965.427576104 1.7407297333333334
-13581743.348759435 4433964.852416852 1.7407297333333334
-13581741.566124825 4433964.166928579 1.7407297333333334
-13581739.785882035 4433963.473458407 1.7407297333333334
-13581737.988170063 4433962.838286319 1.7407297333333334
-13581736.171016824 4433962.267993485 1.7407297333333334
-13581734.368063573 4433961.650312503 1.7407297333333334
-13581732.55912258 4433961.052613765 1.7407297333333334
-13581730.80110612 4433960.284970064 1.7407297333333334
-13581729.035918191 4433959.5412589 1.7407297333333334
-13581727.249038504 4433958.869937303 1.7407297333333334
-13581725.448042164 4433958.245725767 1.7407297333333334
-13581723.648742124 4433957.615853349 1.7407297333333334
-13581721.869729346 4433956.918278392 1.7407297333333334
-13581720.098988296 4433956.193099018 1.7407297333333334
-13581718.331616456 4433955.456675995 1.7407297333333334
-13581716.552548708 4433954.759284545 1.7407297333333334
-13581714.75171958 4433954.134514952 1.7407297333333334
-13581712.952010492 4433953.506007546 1.7407297333333334
-13581711.164031817 4433952.838353568 1.7407297333333334
-13581709.396056194 4433952.103945475 1.7407297333333334
-13581707.61996671 4433951.396614893 1.7407297333333334
-13581705.816304203 4433950.781300822 1.7407297333333334
-13581704.01325387 4433950.163943902 1.7407297333333334
-13581702.209730754 4433949.548164686 1.7407297333333334
-13581700.432479896 4433948.844709817 1.7407297333333334
-13581698.668526275 4433948.096879544 1.7407297333333334
-13581696.866573373 4433947.475860254 1.7407297333333334
-13581695.060704738 4433946.867908489 1.7407297333333334
-13581693.244750198 4433946.293615306 1.7407297333333334
-13581691.460981954 4433945.611910259 1.7407297333333334
-13581689.682161028 4433944.913695117 1.7407297333333334
-13581687.908029726 4433944.199829695 1.7407297333333334
-13581686.10397741 4433943.585816485 1.7407297333333334
-13581684.30057755 4433942.969625946 1.7407297333333334
-13581682.52353526 4433942.265475122 1.7407297333333334
-13581680.746640695 4433941.560831294 1.7407297333333334
-13581678.955726985 4433940.902971987 1.7407297333333334
-13581677.155407032 4433940.276503204 1.7407297333333334
-13581675.36654379 4433939.611801186 1.7407297333333334
-13581673.575238064 4433938.95525018 1.7407297333333334
-13581671.802208714 4433938.237707338 1.7407297333333334
-13581670.0123703 4433937.5762596 1.7407297333333334
-13581668.194768485 4433937.007463789 1.7407297333333334
-13581666.382662514 4433936.420327219 1.7407297333333334
-13581664.5806572 4433935.79948277 1.7407297333333334
-13581662.807862831 4433935.081155788 1.7407297333333334
-13581660.998802168 4433934.483856467 1.7407297333333334
-13581659.187495468 4433933.894052587 1.7407297333333334
-13581657.389553009 4433933.259649609 1.7407297333333334
-13581655.620956143 4433932.527314754 1.7407297333333334
-13581653.856904536 4433931.779811491 1.7407297333333334
-13581652.085620975 4433931.056442563 1.7407297333333334
-13581650.281925654 4433930.441238045 1.7407297333333334
-13581648.491328992 4433929.782320785 1.7407297333333334
-13581646.725703208 4433929.040070832 1.7407297333333334
-13581644.961924158 4433928.291657948 1.7407297333333334
-13581643.17138389 4433927.632552432 1.7407297333333334
-13581641.387225792 4433926.952148442 1.7407297333333334
-13581639.604005735 4433926.268613975 1.7407297333333334
-13581637.841397995 4433925.516292186 1.7407297333333334
-13581636.102286683 4433924.685558315 1.7407297333333334
-13581634.30944646 4433924.03412823 1.7407297333333334
-13581632.541015215 4433923.301240641 1.7407297333333334
-13581630.74962892 4433922.64495847 1.7407297333333334
-13581628.995409545 4433921.864643123 1.7407297333333334
-13581627.225240668 4433921.137554403 1.7407297333333334
-13581625.43656588 4433920.472223421 1.7407297333333334
-13581623.63607078 4433919.846339102 1.7407297333333334
-13581621.853220752 4433919.161569779 1.7407297333333334
-13581620.087395504 4433918.419985514 1.7407297333333334
-13581618.27179538 4433917.844509646 1.7407297333333334
-13581616.468125273 4433917.229220904 1.7407297333333334
-13581614.670168389 4433916.594866107 1.7407297333333334
-13581612.904443938 4433915.852945451 1.7407297333333334
-13581611.124710497 4433915.157775489 1.7407297333333334
-13581609.314025609 4433914.565896476 1.7407297333333334
-13581607.508181438 4433913.957863053 1.7407297333333334
-13581605.727659903 4433913.265323144 1.7407297333333334
-13581603.940772884 4433912.594026048 1.7407297333333334
-13581602.128937691 4433912.005985818 1.7407297333333334
-13581600.318282008 4433911.414009423 1.7407297333333334
-13581598.534760397 4433910.731481295 1.7407297333333334
-13581596.745616864 4433910.067714588 1.7407297333333334
-13581594.93224151 4433909.484814199 1.7407297333333334
-13581593.118161382 4433908.904265826 1.7407297333333334
-13581591.322576102 4433908.261996543 1.7407297333333334
-13581589.499124674 4433907.712721909 1.7407297333333334
-13581587.66639341 4433907.194415951 1.7407297333333334
-13581585.857683046 4433906.5959476335 1.7407297333333334
-13581584.053428816 4433905.982608297 1.7407297333333334
-13581582.21613008 4433905.479544861 1.7407297333333334
-13581580.37744974 4433904.981092101 1.7407297333333334
-13581578.55708849 4433904.421505049 1.7407297333333334
-13581576.730445858 4433903.882880148 1.7407297333333334
-13581574.88488799 4433903.407379023 1.7407297333333334
-13581573.063909264 4433902.8498525815 1.7407297333333334
-13581571.230243484 4433902.334665302 1.7407297333333334
-13581569.38279636 4433901.865469029 1.7407297333333334
-13581567.552285708 4433901.339752415 1.7407297333333334
-13581565.71903382 4433900.823183895 1.7407297333333334
-13581563.8699133 4433900.359572123 1.7407297333333334
-13581562.03302125 4433899.855151485 1.7407297333333334
-13581560.192695731 4433899.362188992 1.7407297333333334
-13581558.33007134 4433898.9436421925 1.7407297333333334
-13581556.484955916 4433898.466664628 1.7407297333333334
-13581554.648216948 4433897.961733178 1.7407297333333334
-13581552.795684217 4433897.509508499 1.7407297333333334
-13581550.965267517 4433896.9834784325 1.7407297333333334
-13581549.12995042 4433896.473801903 1.7407297333333334
-13581547.282143503 4433896.005806279 1.7407297333333334
-13581545.46639816 4433895.430815034 1.7407297333333334
-13581543.642903136 4433894.881685969 1.7407297333333334
-13581541.806088677 4433894.377006434 1.7407297333333334
-13581540.00664764 4433893.747604495 1.7407297333333334
-13581538.171143811 4433893.238551121 1.7407297333333334
-13581536.35165925 4433892.676038411 1.7407297333333334
-13581534.537327176 4433892.096330766 1.7407297333333334
-13581532.707010577 4433891.569966569 1.7407297333333334
-13581530.875505988 4433891.047566957 1.7407297333333334
-13581529.065964986 4433890.45187064 1.7407297333333334
-13581527.22477514 4433889.961792636 1.7407297333333334
-13581525.386778034 4433889.461059746 1.7407297333333334
-13581523.527028522 4433889.032918929 1.7407297333333334
-13581521.670728903 4433888.59326517 1.7407297333333334
-13581519.821100917 4433888.131346866 1.7407297333333334
-13581517.95414004 4433887.727271753 1.7407297333333334
-13581516.107814845 4433887.25433135 1.7407297333333334
-13581514.270041715 4433886.752851113 1.7407297333333334
-13581512.401338171 4433886.354591641 1.7407297333333334
-13581510.559331506 4433885.86723946 1.7407297333333334
-13581508.71180526 4433885.398307245 1.7407297333333334
-13581506.884947544 4433884.860400137 1.7407297333333334
-13581505.055611588 4433884.330763383 1.7407297333333334
-13581503.20936314 4433883.857566851 1.7407297333333334
-13581501.39156649 4433883.289421191 1.7407297333333334
-13581499.535291811 4433882.849684234 1.7407297333333334
-13581497.686468208 4433882.385081514 1.7407297333333334
-13581495.81586517 4433881.993160977 1.7407297333333334
-13581493.955343217 4433881.567597982 1.7407297333333334
-13581492.095272014 4433881.140530704 1.7407297333333334
-13581490.235897236 4433880.711139299 1.7407297333333334
-13581488.370543756 4433880.301699979 1.7407297333333334
-13581486.517581616 4433879.850908421 1.7407297333333334
-13581484.656362534 4433879.427671838 1.7407297333333334
-13581482.802177554 4433878.980961056 1.7407297333333334
-13581480.951861626 4433878.521338561 1.7407297333333334
-13581479.105491878 4433878.048546877 1.7407297333333334
-13581477.259529663 4433877.5743951695 1.7407297333333334
-13581475.41673272 4433877.089680306 1.7407297333333334
-13581473.574358538 4433876.603554636 1.7407297333333334
-13581471.753983345 4433876.044014133 1.7407297333333334
-13581469.919593267 4433875.531243932 1.7407297333333334
-13581468.081958896 4433875.029300557 1.7407297333333334
-13581466.253156766 4433874.497882319 1.7407297333333334
-13581464.401596382 4433874.042412836 1.7407297333333334
-13581462.547259118 4433873.596210312 1.7407297333333334
-13581460.70754916 4433873.101193545 1.7407297333333334
-13581458.857148914 4433872.641852414 1.7407297333333334
-13581457.024501992 4433872.123265027 1.7407297333333334
-13581455.198814856 4433871.581451454 1.7407297333333334
-13581453.37162812 4433871.044642317 1.7407297333333334
-13581451.551774452 4433870.483361295 1.7407297333333334
-13581449.72116513 4433869.957974051 1.7407297333333334
-13581447.901320646 4433869.396662409 1.7407297333333334
-13581446.074505305 4433868.858613833 1.7407297333333334
-13581444.234514376 4433868.364534806 1.7407297333333334
-13581442.40781919 4433867.826085308 1.7407297333333334
-13581440.582820838 4433867.281973122 1.7407297333333334
-13581438.753399568 4433866.752621031 1.7407297333333334
-13581436.924131803 4433866.222756749 1.7407297333333334
-13581435.10170358 4433865.670067571 1.7407297333333334
-13581433.28345245 4433865.103438533 1.7407297333333334
-13581431.472760048 4433864.511584622 1.7407297333333334
-13581429.6736232 4433863.881167629 1.7407297333333334
-13581427.863102527 4433863.28874062 1.7407297333333334
-13581426.060379488 4433862.670291386 1.7407297333333334
-13581424.232851291 4433862.134621748 1.7407297333333334
-13581422.440247394 4433861.482403036 1.7407297333333334
-13581420.623119917 4433860.91202422 1.7407297333333334
-13581418.839765526 4433860.228938016 1.7407297333333334
-13581417.033956166 4433859.620788466 1.7407297333333334
-13581415.253573265 4433858.927785885 1.7407297333333334
-13581413.45197981 4433858.305567023 1.7407297333333334
-13581411.633100431 4433857.741034595 1.7407297333333334
-13581409.781518783 4433857.285636027 1.7407297333333334
-13581407.90650186 4433856.908445588 1.7407297333333334
-13581406.052100198 4433856.462457921 1.7407297333333334
-13581404.207983715 4433855.982146614 1.7407297333333334
-13581402.361518174 4433855.509674602 1.7407297333333334
-13581400.504513748 4433855.0723729385 1.7407297333333334
-13581398.645991648 4433854.640136028 1.7407297333333334
-13581396.80985873 4433854.133181983 1.7407297333333334
-13581394.967705064 4433853.64632041 1.7407297333333334
-13581393.110868253 4433853.208459383 1.7407297333333334
-13581391.264722353 4433852.734920679 1.7407297333333334
-13581389.39816698 4433852.3294922775 1.7407297333333334
-13581387.534648769 4433851.913928348 1.7407297333333334
-13581385.65715347 4433851.545008711 1.7407297333333334
-13581383.789596375 4433851.142923276 1.7407297333333334
-13581381.936106851 4433850.693891625 1.7407297333333334
-13581380.076002682 4433850.266934408 1.7407297333333334
-13581378.21049004 4433849.858026275 1.7407297333333334
-13581376.349855734 4433849.432838156 1.7407297333333334
-13581374.479956508 4433849.038568873 1.7407297333333334
-13581372.602932869 4433848.668075213 1.7407297333333334
-13581370.678695172 4433848.4551439565 1.7407297333333334
-13581368.758287266 4433848.229431924 1.7407297333333334
-13581366.83932196 4433847.998905712 1.7407297333333334
-13581364.896435108 4433847.84821033 1.7407297333333334
-13581362.949360002 4433847.711491957 1.7407297333333334
-13581360.997276075 4433847.59148893 1.7407297333333334
-13581359.087405443 4433847.330612013 1.7407297333333334
-13581357.233390596 4433846.883333572 1.7407297333333334
-13581355.380707502 4433846.431610708 1.7407297333333334
-13581353.546964737 4433845.916680289 1.7407297333333334
-13581351.674447415 4433845.53114812 1.7407297333333334
-13581349.791146308 4433845.181603585 1.7407297333333334
-13581347.901070962 4433844.854665982 1.7407297333333334
-13581346.01800657 4433844.504331357 1.7407297333333334
-13581344.12794061 4433844.177362406 1.7407297333333334
-13581342.24534274 4433843.825471026 1.7407297333333334
-13581340.392616946 4433843.373890696 1.7407297333333334
-13581338.549774429 4433842.889327938 1.7407297333333334
-13581336.7170521 4433842.370992129 1.7407297333333334
-13581334.881576505 4433841.861844591 1.7407297333333334
-13581333.02025448 4433841.438951545 1.7407297333333334
-13581331.156059591 4433841.025645758 1.7407297333333334
-13581329.29627859 4433840.597610049 1.7407297333333334
-13581327.434124012 4433840.177495414 1.7407297333333334
-13581325.584848346 4433839.714401341 1.7407297333333334
-13581323.73201377 4433839.263183988 1.7407297333333334
-13581321.91008716 4433838.708820856 1.7407297333333334
-13581320.100836547 4433838.1121554375 1.7407297333333334
-13581318.314743591 4433837.438208322 1.7407297333333334
-13581316.561293911 4433836.655324351 1.7407297333333334
-13581314.765699798 4433836.013084562 1.7407297333333334
-13581312.946783116 4433835.448676673 1.7407297333333334
-13581311.083031569 4433835.0338913975 1.7407297333333334
-13581309.261776311 4433834.477287747 1.7407297333333334
-13581307.4647375 4433833.839869204 1.7407297333333334
-13581305.688054897 4433833.134517996 1.7407297333333334
-13581303.850805042 4433832.631291416 1.7407297333333334
-13581301.966195423 4433832.286113611 1.7407297333333334
-13581300.08278749 4433831.936925546 1.7407297333333334
-13581298.146120649 4433831.765472781 1.7407297333333334
-13581296.224743294 4433831.542995969 1.7407297333333334
-13581294.262824632 4433831.455813415 1.7407297333333334
-13581292.236098886 4433831.58490474 1.7407297333333334
-13581290.176968506 4433831.822136512 1.7407297333333334
-13581288.154351452 4433831.937516219 1.7407297333333334
-13581286.076491237 4433832.237253113 1.7407297333333334
-13581284.05429168 4433832.351239649 1.7407297333333334
-13581282.073484136 4433832.327092984 1.7407297333333334
-13581280.171593389 4433832.039585551 1.7407297333333334
-13581278.348167058 4433831.490227232 1.7407297333333334
-13581276.559368776 4433830.8253084365 1.7407297333333334
-13581274.80945415 4433830.030627307 1.7407297333333334
-13581273.127063015 4433829.010607149 1.7407297333333334
-13581271.44418718 4433827.992204536 1.7407297333333334
-13581269.730286036 4433827.077339484 1.7407297333333334
-13581268.004926262 4433826.200714039 1.7407297333333334
-13581266.281631414 4433825.31719749 1.7407297333333334
-13581264.54840028 4433824.466840375 1.7407297333333334
-13581262.856545351 4433823.478402736 1.7407297333333334
-13581261.214329705 4433822.3243091805 1.7407297333333334
-13581259.567268282 4433821.186386947 1.7407297333333334
-13581257.904255267 4433820.101698328 1.7407297333333334
-13581256.18858731 4433819.1927294405 1.7407297333333334
-13581254.44614863 4433818.373099543 1.7407297333333334
-13581252.63464045 4433817.783968043 1.7407297333333334
-13581250.719710471 4433817.539975179 1.7407297333333334
-13581248.685139451 4433817.695247644 1.7407297333333334
-13581246.488411086 4433818.391670587 1.7407297333333334
-13581244.104722656 4433819.712015512 1.7407297333333334
-13581244.104722656 4433819.712015512 1.7407297333333334
-13581244.104722656 4433819.712015512 1.7407297333333334
-13581244.104722656 4433819.712015512 1.7407297333333334
-13581244.104722656 4433819.712015512 1.7407297333333334
-13581244.104722656 4433819.712015512 1.7407297333333334
-13581244.104722656 4433819.712015512 1.7407297333333334
-13581244.104722656 4433819.712015512 1.7407297333333334
-13581244.104722656 4433819.712015512 1.7407297333333334
-13581244.104722656 4433819.712015512 1.7407297333333334
-13581244.104722656 4433819.712015512 1.7407297333333334
-13581244.104722656 4433819.712015512 1.7407297333333334
-13581244.104722656 4433819.712015512 1.7407297333333334
-13581244.104722656 4433819.712015512 1.7407297333333334
-13581244.104722656 4433819.712015512 1.7407297333333334
-13581244.104722656 4433819.712015512 1.7407297333333334
-13581244.104722656 4433819.712015512 1.7407297333333334
-13581244.104722656 4433819.712015512 1.7407297333333334
-13581244.104722656 4433819.712015512 1.7407297333333334
-13581244.104722656 4433819.712015512 1.7407297333333334
-13581930.646400046 4434049.693827374 1.5702957333333334
-13581928.905121304 4434048.870326633 1.5702957333333334
-13581927.173190214 4434048.015630955 1.5702957333333334
-13581925.446548412 4434047.143283811 1.5702957333333334
-13581923.709839208 4434046.304533628 1.5702957333333334
-13581921.974407844 4434045.461519141 1.5702957333333334
-13581920.248156508 4434044.587868976 1.5702957333333334
-13581918.5109199 4434043.750878768 1.5702957333333334
-13581916.776655495 4434042.903969796 1.5702957333333334
-13581915.02485222 4434042.115591522 1.5702957333333334
-13581913.282873098 4434041.2944281055 1.5702957333333334
-13581911.534491716 4434040.494630126 1.5702957333333334
-13581909.810983429 4434039.611825917 1.5702957333333334
-13581908.099684255 4434038.688277578 1.5702957333333334
-13581906.3711052 4434037.822395514 1.5702957333333334
-13581904.647902576 4434036.938571215 1.5702957333333334
-13581902.944176309 4434035.989750531 1.5702957333333334
-13581901.213055102 4434035.132352165 1.5702957333333334
-13581899.493370494 4434034.236787595 1.5702957333333334
-13581897.778608324 4434033.32479583 1.5702957333333334
-13581896.042754466 4434032.48319122 1.5702957333333334
-13581894.322366718 4434031.589973182 1.5702957333333334
-13581892.603536628 4434030.691556925 1.5702957333333334
-13581890.8842521 4434029.794657145 1.5702957333333334
-13581889.167003077 4434028.890964567 1.5702957333333334
-13581887.445124788 4434028.002720822 1.5702957333333334
-13581885.73479685 4434027.075931187 1.5702957333333334
-13581883.989800695 4434026.2648360925 1.5702957333333334
-13581882.244213223 4434025.455714397 1.5702957333333334
-13581880.524772786 4434024.559335055 1.5702957333333334
-13581878.772502694 4434023.772514596 1.5702957333333334
-13581877.017540902 4434022.994676732 1.5702957333333334
-13581875.30755563 4434022.066743652 1.5702957333333334
-13581873.593552629 4434021.15221846 1.5702957333333334
-13581871.868037004 4434020.276113061 1.5702957333333334
-13581870.155543609 4434019.356550052 1.5702957333333334
-13581868.42572536 4434018.494803431 1.5702957333333334
-13581866.673829945 4434017.706732568 1.5702957333333334
-13581864.923204027 4434016.914425091 1.5702957333333334
-13581863.191455336 4434016.059120704 1.5702957333333334
-13581861.429432506 4434015.30484708 1.5702957333333334
-13581859.68155827 4434014.503356729 1.5702957333333334
-13581857.973515926 4434013.568939611 1.5702957333333334
-13581856.261138538 4434012.648989428 1.5702957333333334
-13581854.52931281 4434011.793942186 1.5702957333333334
-13581852.776023258 4434011.010523867 1.5702957333333334
-13581850.991606446 4434010.330983119 1.5702957333333334
-13581849.208976064 4434009.645480803 1.5702957333333334
-13581847.447375016 4434008.889799577 1.5702957333333334
-13581845.679236997 4434008.155933439 1.5702957333333334
-13581843.940993505 4434007.322303446 1.5702957333333334
-13581842.211093647 4434006.460829101 1.5702957333333334
-13581840.48415742 4434005.589464642 1.5702957333333334
-13581838.752027638 4434004.7354320325 1.5702957333333334
-13581836.975131318 4434004.030793987 1.5702957333333334
-13581835.194245305 4434003.339470404 1.5702957333333334
-13581833.4246264 4434002.610546283 1.5702957333333334
-13581831.652607944 4434001.889629916 1.5702957333333334
-13581829.90377452 4434001.091340547 1.5702957333333334
-13581828.173638478 4434000.230654437 1.5702957333333334
-13581826.42442348 4433999.433638589 1.5702957333333334
-13581824.692622464 4433998.578508787 1.5702957333333334
-13581822.920099713 4433997.859275293 1.5702957333333334
-13581821.14173951 4433997.159522612 1.5702957333333334
-13581819.35979115 4433996.471744261 1.5702957333333334
-13581817.572009211 4433995.80343366 1.5702957333333334
-13581815.82131744 4433995.011345975 1.5702957333333334
-13581814.07678214 4433994.198713045 1.5702957333333334
-13581812.32388097 4433993.413998577 1.5702957333333334
-13581810.574503085 4433992.61752618 1.5702957333333334
-13581808.798196904 4433991.910918806 1.5702957333333334
-13581806.98922607 4433991.313319707 1.5702957333333334
-13581805.217181388 4433990.592490857 1.5702957333333334
-13581803.467333602 4433989.797586611 1.5702957333333334
-13581801.710240092 4433989.026862803 1.5702957333333334
-13581799.95856693 4433988.238050318 1.5702957333333334
-13581798.20731187 4433987.447842434 1.5702957333333334
-13581796.420578068 4433986.776033977 1.5702957333333334
-13581794.654288482 4433986.035999258 1.5702957333333334
-13581792.874554023 4433985.340832729 1.5702957333333334
-13581791.100518389 4433984.626648112 1.5702957333333334
-13581789.367362091 4433983.776041091 1.5702957333333334
-13581787.641786477 4433982.900135965 1.5702957333333334
-13581785.899677092 4433982.079407262 1.5702957333333334
-13581784.13445907 4433981.335796528 1.5702957333333334
-13581782.351930927 4433980.649952999 1.5702957333333334
-13581780.570125705 4433979.961696942 1.5702957333333334
-13581778.764013024 4433979.354559651 1.5702957333333334
-13581777.030861704 4433978.503936113 1.5702957333333334
-13581775.273597673 4433977.733781314 1.5702957333333334
-13581773.53025667 4433976.917162752 1.5702957333333334
-13581771.74286506 4433976.247549591 1.5702957333333334
-13581769.957017552 4433975.572783454 1.5702957333333334
-13581768.165960675 4433974.915401932 1.5702957333333334
-13581766.38587175 4433974.221418336 1.5702957333333334
-13581764.617634883 4433973.487882095 1.5702957333333334
-13581762.855435971 4433972.734195915 1.5702957333333334
-13581761.098560335 4433971.962745022 1.5702957333333334
-13581759.303514935 4433971.31867408 1.5702957333333334
-13581757.505740557 4433970.683710225 1.5702957333333334
-13581755.722763218 4433969.9993657125 1.5702957333333334
-13581753.935683712 4433969.32871099 1.5702957333333334
-13581752.175696887 4433968.567642802 1.5702957333333334
-13581750.399344336 4433967.861190122 1.5702957333333334
-13581748.612622151 4433967.189342905 1.5702957333333334
-13581746.804897346 4433966.587585544 1.5702957333333334
-13581744.993892698 4433965.996773704 1.5702957333333334
-13581743.193645034 4433965.370063699 1.5702957333333334
-13581741.419176051 4433964.657325135 1.5702957333333334
-13581739.627402611 4433964.002334978 1.5702957333333334
-13581737.816689828 4433963.410549129 1.5702957333333334
-13581736.004635455 4433962.823240371 1.5702957333333334
-13581734.193859536 4433962.231665154 1.5702957333333334
-13581732.393443158 4433961.60551813 1.5702957333333334
-13581730.620662272 4433960.887146181 1.5702957333333334
-13581728.84965522 4433960.162854556 1.5702957333333334
-13581727.041854382 4433959.561350898 1.5702957333333334
-13581725.234905737 4433958.9570033625 1.5702957333333334
-13581723.43224462 4433958.338347502 1.5702957333333334
-13581721.662891729 4433957.608535641 1.5702957333333334
-13581719.895080598 4433956.873578553 1.5702957333333334
-13581718.1145819 4433956.180962401 1.5702957333333334
-13581716.318835864 4433955.539229636 1.5702957333333334
-13581714.527937306 4433954.881319798 1.5702957333333334
-13581712.739104835 4433954.216515007 1.5702957333333334
-13581710.965264585 4433953.501678364 1.5702957333333334
-13581709.187285043 4433952.800655298 1.5702957333333334
-13581707.393935729 4433952.150924117 1.5702957333333334
-13581705.603305709 4433951.492118114 1.5702957333333334
-13581703.819658618 4433950.810008802 1.5702957333333334
-13581702.028658995 4433950.152436256 1.5702957333333334
-13581700.235836098 4433949.500948303 1.5702957333333334
-13581698.45835267 4433948.798269628 1.5702957333333334
-13581696.661088124 4433948.16160437 1.5702957333333334
-13581694.864554614 4433947.522499495 1.5702957333333334
-13581693.084082974 4433946.8297929885 1.5702957333333334
-13581691.318301812 4433946.088061562 1.5702957333333334
-13581689.54421017 4433945.374063886 1.5702957333333334
-13581687.746840172 4433944.737750501 1.5702957333333334
-13581685.940176671 4433944.132451314 1.5702957333333334
-13581684.133616371 4433943.526807777 1.5702957333333334
-13581682.358408058 4433942.816536623 1.5702957333333334
-13581680.570012312 4433942.150274471 1.5702957333333334
-13581678.78295459 4433941.479546972 1.5702957333333334
-13581676.9775476 4433940.870054619 1.5702957333333334
-13581675.174542263 4433940.252547518 1.5702957333333334
-13581673.389930137 4433939.573658674 1.5702957333333334
-13581671.603982303 4433938.899227317 1.5702957333333334
-13581669.79272288 4433938.309265633 1.5702957333333334
-13581667.982784586 4433937.714895165 1.5702957333333334
-13581666.177931529 4433937.103554234 1.5702957333333334
-13581664.380129827 4433936.468681507 1.5702957333333334
-13581662.566972064 4433935.885055003 1.5702957333333334
-13581660.741162077 4433935.343651427 1.5702957333333334
-13581658.914748156 4433934.80426327 1.5702957333333334
-13581657.126304155 4433934.1381620765 1.5702957333333334
-13581655.336787753 4433933.475639797 1.5702957333333334
-13581653.525960743 4433932.884235108 1.5702957333333334
-13581651.712662922 4433932.30107592 1.5702957333333334
-13581649.904901603 4433931.699440417 1.5702957333333334
-13581648.117228292 4433931.030767376 1.5702957333333334
-13581646.327490872 4433930.368982632 1.5702957333333334
-13581644.51199416 4433929.793161614 1.5702957333333334
-13581642.708145458 4433929.178468914 1.5702957333333334
-13581640.91085957 4433928.541874913 1.5702957333333334
-13581639.12454265 4433927.868675286 1.5702957333333334
-13581637.309150722 4433927.292504567 1.5702957333333334
-13581635.48596914 4433926.7423294885 1.5702957333333334
-13581633.684611833 4433926.119322566 1.5702957333333334
-13581631.896560408 4433925.451911326 1.5702957333333334
-13581630.07932498 4433924.881892717 1.5702957333333334
-13581628.262095112 4433924.311855596 1.5702957333333334
-13581626.452089468 4433923.717709907 1.5702957333333334
-13581624.679017782 4433923.00030834 1.5702957333333334
-13581622.874234848 4433922.388733347 1.5702957333333334
-13581621.05516029 4433921.824852313 1.5702957333333334
-13581619.249065528 4433921.217655227 1.5702957333333334
-13581617.47937676 4433920.4889642615 1.5702957333333334
-13581615.657635093 4433919.93398382 1.5702957333333334
-13581613.85245213 4433919.323743847 1.5702957333333334
-13581612.04822385 4433918.710317938 1.5702957333333334
-13581610.262755008 4433918.034288119 1.5702957333333334
-13581608.447272103 4433917.458421024 1.5702957333333334
-13581606.616904104 4433916.932228366 1.5702957333333334
-13581604.811024738 4433916.324312462 1.5702957333333334
-13581603.007063473 4433915.709995438 1.5702957333333334
-13581601.189396515 4433915.141416932 1.5702957333333334
-13581599.359392254 4433914.614010503 1.5702957333333334
-13581597.547033235 4433914.027718383 1.5702957333333334
-13581595.754678875 4433913.374666828 1.5702957333333334
-13581593.927166898 4433912.838943107 1.5702957333333334
-13581592.092111845 4433912.328392135 1.5702957333333334
-13581590.282296091 4433911.73361269 1.5702957333333334
-13581588.445021518 4433911.230468574 1.5702957333333334
-13581586.602642355 4433910.744359529 1.5702957333333334
-13581584.761839475 4433910.252990153 1.5702957333333334
-13581582.93409144 4433909.7180542 1.5702957333333334
-13581581.087770617 4433909.24509923 1.5702957333333334
-13581579.272984484 4433908.666906857 1.5702957333333334
-13581577.460422724 4433908.081291398 1.5702957333333334
-13581575.62770207 4433907.562950029 1.5702957333333334
-13581573.809848038 4433906.994995827 1.5702957333333334
-13581572.008060684 4433906.373424065 1.5702957333333334
-13581570.169866046 4433905.873350466 1.5702957333333334
-13581568.340685803 4433905.343194064 1.5702957333333334
-13581566.5217808 4433904.77874715 1.5702957333333334
-13581564.70921437 4433904.193147235 1.5702957333333334
-13581562.87214486 4433903.689318912 1.5702957333333334
-13581561.073384674 4433903.057644853 1.5702957333333334
-13581559.260951554 4433902.471600014 1.5702957333333334
-13581557.426043827 4433901.960557334 1.5702957333333334
-13581555.606798043 4433901.3972477615 1.5702957333333334
-13581553.786715144 4433900.836731781 1.5702957333333334
-13581551.944677614 4433900.34948257 1.5702957333333334
-13581550.133671792 4433899.758674644 1.5702957333333334
-13581548.324671876 4433899.161172576 1.5702957333333334
-13581546.4925134 4433898.6409550775 1.5702957333333334
-13581544.672368797 4433898.080645017 1.5702957333333334
-13581542.857915966 4433897.501340395 1.5702957333333334
-13581541.014437117 4433897.018901228 1.5702957333333334
-13581539.189165937 4433896.475699479 1.5702957333333334
-13581537.348334674 4433895.984424787 1.5702957333333334
-13581535.498694465 4433895.522547328 1.5702957333333334
-13581533.67282962 4433894.981326765 1.5702957333333334
-13581531.822626049 4433894.521329259 1.5702957333333334
-13581529.98479369 4433894.02004664 1.5702957333333334
-13581528.158277296 4433893.481000496 1.5702957333333334
-13581526.31617144 4433892.993979393 1.5702957333333334
-13581524.495795222 4433892.43444219 1.5702957333333334
-13581522.65638551 4433891.938423515 1.5702957333333334
-13581520.820157848 4433891.431785748 1.5702957333333334
-13581518.994907184 4433890.888515587 1.5702957333333334
-13581517.161732703 4433890.371688713 1.5702957333333334
-13581515.335216522 4433889.832641794 1.5702957333333334
-13581513.500102203 4433889.322288588 1.5702957333333334
-13581511.664604494 4433888.813214798 1.5702957333333334
-13581509.844001528 4433888.254434325 1.5702957333333334
-13581508.00523164 4433887.756280455 1.5702957333333334
-13581506.173802834 4433887.233627951 1.5702957333333334
-13581504.334000433 4433886.738919756 1.5702957333333334
-13581502.496522062 4433886.236455776 1.5702957333333334
-13581500.661369672 4433885.7262295885 1.5702957333333334
-13581498.8120259 4433885.263362853 1.5702957333333334
-13581496.97967868 4433884.743775247 1.5702957333333334
-13581495.11099794 4433884.345439623 1.5702957333333334
-13581493.265408324 4433883.87004452 1.5702957333333334
-13581491.397719216 4433883.46839967 1.5702957333333334
-13581489.552844051 4433882.990620246 1.5702957333333334
-13581487.696784196 4433882.550166304 1.5702957333333334
-13581485.863147467 4433882.034882099 1.5702957333333334
-13581484.017538486 4433881.55955158 1.5702957333333334
-13581482.18838092 4433881.029319465 1.5702957333333334
-13581480.348506128 4433880.534852871 1.5702957333333334
-13581478.521887448 4433879.996148049 1.5702957333333334
-13581476.696109254 4433879.454638353 1.5702957333333334
-13581474.864583854 4433878.9323081495 1.5702957333333334
-13581473.041473452 4433878.381895514 1.5702957333333334
-13581471.206000147 4433877.872740346 1.5702957333333334
-13581469.38812716 4433877.304849412 1.5702957333333334
-13581467.551640123 4433876.799077155 1.5702957333333334
-13581465.733328909 4433876.232648697 1.5702957333333334
-13581463.88534758 4433875.765235208 1.5702957333333334
-13581462.066095011 4433875.201948247 1.5702957333333334
-13581460.223321334 4433874.717155709 1.5702957333333334
-13581458.40964942 4433874.135245007 1.5702957333333334
-13581456.564975478 4433873.656794127 1.5702957333333334
-13581454.71916447 4433873.182137817 1.5702957333333334
-13581452.860763058 4433872.749498103 1.5702957333333334
-13581451.014191857 4433872.277378681 1.5702957333333334
-13581449.160877625 4433871.827762123 1.5702957333333334
-13581447.30251431 4433871.3949952815 1.5702957333333334
-13581445.427398823 4433871.018133652 1.5702957333333334
-13581443.559992984 4433870.61554351 1.5702957333333334
-13581441.694973314 4433870.204990242 1.5702957333333334
-13581439.846464522 4433869.739336957 1.5702957333333334
-13581437.985306043 4433869.315898087 1.5702957333333334
-13581436.138031453 4433868.846126081 1.5702957333333334
-13581434.306476029 4433868.3238961445 1.5702957333333334
-13581432.461506352 4433867.8464320665 1.5702957333333334
-13581430.624402314 4433867.342718907 1.5702957333333334
-13581428.76833084 4433866.902303807 1.5702957333333334
-13581426.91837924 4433866.441465452 1.5702957333333334
-13581425.077102758 4433865.951676528 1.5702957333333334
-13581423.2271456 4433865.4908566885 1.5702957333333334
-13581421.388223322 4433864.993211396 1.5702957333333334
-13581419.556384891 4433864.471925875 1.5702957333333334
-13581417.717141414 4433863.975352399 1.5702957333333334
-13581415.87888012 4433863.475501245 1.5702957333333334
-13581414.03915578 4433862.9805325605 1.5702957333333334
-13581412.193570567 4433862.505122725 1.5702957333333334
-13581410.336502042 4433862.068034887 1.5702957333333334
-13581408.488006895 4433861.60233606 1.5702957333333334
-13581406.627953457 4433861.1752095735 1.5702957333333334
-13581404.756336378 4433860.786673092 1.5702957333333334
-13581402.895845668 4433860.361005757 1.5702957333333334
-13581401.03389898 4433859.9401973225 1.5702957333333334
-13581399.14723709 4433859.601868377 1.5702957333333334
-13581397.270368744 4433859.230856454 1.5702957333333334
-13581395.39310914 4433858.8611501325 1.5702957333333334
-13581393.523196558 4433858.466925442 1.5702957333333334
-13581391.656926803 4433858.060543978 1.5702957333333334
-13581389.803571476 4433857.611064526 1.5702957333333334
-13581387.957153464 4433857.138433855 1.5702957333333334
-13581386.08975635 4433856.735814565 1.5702957333333334
-13581384.207565192 4433856.382565931 1.5702957333333334
-13581382.314404065 4433856.065926123 1.5702957333333334
-13581380.427478977 4433855.72847543 1.5702957333333334
-13581378.533273686 4433855.415320264 1.5702957333333334
-13581376.641913682 4433855.092669786 1.5702957333333334
-13581374.752239063 4433854.764394819 1.5702957333333334
-13581372.87664769 4433854.389121335 1.5702957333333334
-13581370.995894628 4433854.031073486 1.5702957333333334
-13581369.09857878 4433853.728298814 1.5702957333333334
-13581367.20709765 4433853.40605251 1.5702957333333334
-13581365.333716348 4433853.023403637 1.5702957333333334
-13581363.47712911 4433852.5847097095 1.5702957333333334
-13581361.61859737 4433852.152504949 1.5702957333333334
-13581359.753163738 4433851.743333085 1.5702957333333334
-13581357.875160769 4433851.376107593 1.5702957333333334
-13581356.00035557 4433850.998210593 1.5702957333333334
-13581354.134522164 4433850.590372868 1.5702957333333334
-13581352.253375445 4433850.2336386405 1.5702957333333334
-13581350.366013557 4433849.897645661 1.5702957333333334
-13581348.480915835 4433849.55409678 1.5702957333333334
-13581346.57805368 4433849.269831235 1.5702957333333334
-13581344.684276767 4433848.955246368 1.5702957333333334
-13581342.783681655 4433848.663415239 1.5702957333333334
-13581340.905768037 4433848.295891616 1.5702957333333334
-13581339.039355176 4433847.889987673 1.5702957333333334
-13581337.19112389 4433847.423408284 1.5702957333333334
-13581335.357207006 4433846.909058938 1.5702957333333334
-13581333.512063555 4433846.432174906 1.5702957333333334
-13581331.6513052 4433846.007400793 1.5702957333333334
-13581329.820342615 4433845.4831923535 1.5702957333333334
-13581327.966062495 4433845.036799138 1.5702957333333334
-13581326.092243582 4433844.655610655 1.5702957333333334
-13581324.207231537 4433844.311775816 1.5702957333333334
-13581322.319777513 4433843.976090263 1.5702957333333334
-13581320.439456044 4433843.616602103 1.5702957333333334
-13581318.571225174 4433843.216765246 1.5702957333333334
-13581316.691044692 4433842.856806454 1.5702957333333334
-13581314.784823382 4433842.583751035 1.5702957333333334
-13581312.879060298 4433842.309166475 1.5702957333333334
-13581310.973329457 4433842.034474273 1.5702957333333334
-13581309.079712749 4433841.719354821 1.5702957333333334
-13581307.188829403 4433841.395113599 1.5702957333333334
-13581305.279924864 4433841.131012701 1.5702957333333334
-13581303.39978578 4433840.770915831 1.5702957333333334
-13581301.50284861 4433840.466877386 1.5702957333333334
-13581299.5857161 4433840.230234788 1.5702957333333334
-13581297.647965658 4433840.06239821 1.5702957333333334
-13581295.698778316 4433839.932728785 1.5702957333333334
-13581293.75096805 4433839.798463711 1.5702957333333334
-13581291.814228063 4433839.627255033 1.5702957333333334
-13581289.949546715 4433839.21557279 1.5702957333333334
-13581288.063321251 4433838.875787314 1.5702957333333334
-13581286.175329776 4433838.541895364 1.5702957333333334
-13581284.293274583 4433838.188192912 1.5702957333333334
-13581282.482876062 4433837.595358323 1.5702957333333334
-13581280.718060307 4433836.850405169 1.5702957333333334
-13581278.91910285 4433836.2193893865 1.5702957333333334
-13581277.08501461 4433835.705611922 1.5702957333333334
-13581275.257474868 4433835.169980904 1.5702957333333334
-13581273.435911791 4433834.614404538 1.5702957333333334
-13581271.59860768 4433834.11135904 1.5702957333333334
-13581269.789960776 4433833.512678871 1.5702957333333334
-13581268.00763284 4433832.826167292 1.5702957333333334
-13581266.20343182 4433832.212650379 1.5702957333333334
-13581264.39696356 4433831.606699632 1.5702957333333334
-13581262.616223697 4433830.914888371 1.5702957333333334
-13581260.851302156 4433830.170288179 1.5702957333333334
-13581259.091761572 4433829.407730677 1.5702957333333334
-13581257.352559112 4433828.577300964 1.5702957333333334
-13581255.541527385 4433827.986579509 1.5702957333333334
-13581255.541527385 4433827.986579509 1.5702957333333334
-13581255.541527385 4433827.986579509 1.5702957333333334
-13581255.541527385 4433827.986579509 1.5702957333333334
-13581255.541527385 4433827.986579509 1.5702957333333334
-13581255.541527385 4433827.986579509 1.5702957333333334
-13581255.541527385 4433827.986579509 1.5702957333333334
-13581255.541527385 4433827.986579509 1.5702957333333334
-13581255.541527385 4433827.986579509 1.5702957333333334
-13581255.541527385 4433827.986579509 1.5702957333333334
-13581255.541527385 4433827.986579509 1.5702957333333334
-13581255.541527385 4433827.986579509 1.5702957333333334
-13581255.541527385 4433827.986579509 1.5702957333333334
-13581255.541527385 4433827.986579509 1.5702957333333334
-13581255.541527385 4433827.986579509 1.5702957333333334
-13581255.541527385 4433827.986579509 1.5702957333333334
-13581255.541527385 4433827.986579509 1.5702957333333334
-13581255.541527385 4433827.986579509 1.5702957333333334
-13581255.541527385 4433827.986579509 1.5702957333333334
-13581255.541527385 4433827.986579509 1.5702957333333334
-13581255.541527385 4433827.986579509 1.5702957333333334
-13581255.541527385 4433827.986579509 1.5702957333333334
-13581255.541527385 4433827.986579509 1.5702957333333334
-13581255.541527385 4433827.986579509 1.5702957333333334
-13581255.541527385 4433827.986579509 1.5702957333333334
-13581255.541527385 4433827.986579509 1.5702957333333334
-13581255.541527385 4433827.986579509 1.5702957333333334
-13581926.358420577 4434064.003646474 1.3416957333333333
-13581924.652554132 4434063.061968033 1.3416957333333333
-13581922.956029631 4434062.089113693 1.3416957333333333
-13581921.235375067 4434061.196785974 1.3416957333333333
-13581919.506997272 4434060.330232262 1.3416957333333333
-13581917.77217246 4434059.48519361 1.3416957333333333
-13581916.035034208 4434058.647875184 1.3416957333333333
-13581914.326672964 4434057.714522273 1.3416957333333333
-13581912.595570495 4434056.857061313 1.3416957333333333
-13581910.888975518 4434055.91781419 1.3416957333333333
-13581909.1820231 4434054.979759872 1.3416957333333333
-13581907.503171517 4434053.947927464 1.3416957333333333
-13581905.791878222 4434053.024359446 1.3416957333333333
-13581904.100135706 4434052.035546769 1.3416957333333333
-13581902.440253967 4434050.940408432 1.3416957333333333
-13581900.74031724 4434049.978941317 1.3416957333333333
-13581899.04038051 4434049.017474201 1.3416957333333333
-13581897.34383796 4434048.044680168 1.3416957333333333
-13581895.619142013 4434047.165839408 1.3416957333333333
-13581893.908788629 4434046.239134657 1.3416957333333333
-13581892.21854608 4434045.2453162735 1.3416957333333333
-13581890.5048322 4434044.329826242 1.3416957333333333
-13581888.77463289 4434043.4693512805 1.3416957333333333
-13581887.044433556 4434042.608876316 1.3416957333333333
-13581885.36361797 4434041.583598281 1.3416957333333333
-13581883.71662438 4434040.4454497965 1.3416957333333333
-13581881.953588914 4434039.694555402 1.3416957333333333
-13581880.18328638 4434038.967912596 1.3416957333333333
-13581878.564330272 4434037.736197483 1.3416957333333333
-13581876.90100168 4434036.652562029 1.3416957333333333
-13581875.152980484 4434035.851562188 1.3416957333333333
-13581873.47871733 4434034.804417297 1.3416957333333333
-13581871.883753102 4434033.492636708 1.3416957333333333
-13581870.241591152 4434032.338363986 1.3416957333333333
-13581868.541963913 4434031.375864022 1.3416957333333333
-13581866.971402468 4434029.982646573 1.3416957333333333
-13581865.315824302 4434028.873146397 1.3416957333333333
-13581863.588126255 4434028.004324224 1.3416957333333333
-13581861.9466387 4434026.84780085 1.3416957333333333
-13581860.366199808 4434025.487546328 1.3416957333333333
-13581858.84828528 4434023.918635967 1.3416957333333333
-13581857.149546538 4434022.953170939 1.3416957333333333
-13581855.320326986 4434022.423145657 1.3416957333333333
-13581853.54408273 4434021.716331604 1.3416957333333333
-13581851.889070855 4434020.604941641 1.3416957333333333
-13581850.20798529 4434019.580564618 1.3416957333333333
-13581848.57266189 4434018.403470226 1.3416957333333333
-13581846.876053786 4434017.430894889 1.3416957333333333
-13581845.2158381 4434016.336871056 1.3416957333333333
-13581843.522907823 4434015.352022093 1.3416957333333333
-13581841.821591856 4434014.395157778 1.3416957333333333
-13581840.129583595 4434013.407231818 1.3416957333333333
-13581838.35900788 4434012.681500816 1.3416957333333333
-13581836.599919546 4434011.917434119 1.3416957333333333
-13581834.88358049 4434011.010704735 1.3416957333333333
-13581833.100648409 4434010.326209277 1.3416957333333333
-13581831.3985078 4434009.372097003 1.3416957333333333
-13581829.707411887 4434008.381126405 1.3416957333333333
-13581827.969739424 4434007.54559074 1.3416957333333333
-13581826.224735072 4434006.734523066 1.3416957333333333
-13581824.565994965 4434005.635574975 1.3416957333333333
-13581822.852249151 4434004.720191455 1.3416957333333333
-13581821.12895009 4434003.83668896 1.3416957333333333
-13581819.4339106 4434002.8588788975 1.3416957333333333
-13581817.754188731 4434001.829950927 1.3416957333333333
-13581816.003127372 4434001.03909663 1.3416957333333333
-13581814.271408413 4434000.18369299 1.3416957333333333
-13581812.61046248 4433999.092106125 1.3416957333333333
-13581810.853614746 4433998.320562111 1.3416957333333333
-13581809.090647612 4433997.569439668 1.3416957333333333
-13581807.345175968 4433996.759931469 1.3416957333333333
-13581805.630016183 4433995.849266697 1.3416957333333333
-13581803.919326983 4433994.92368271 1.3416957333333333
-13581802.208817856 4433993.997497723 1.3416957333333333
-13581800.452386595 4433993.22456386 1.3416957333333333
-13581798.651048506 4433992.601492881 1.3416957333333333
-13581796.874691565 4433991.895054849 1.3416957333333333
-13581795.134601615 4433991.067586801 1.3416957333333333
-13581793.422995163 4433990.145063846 1.3416957333333333
-13581791.669533614 4433989.362219542 1.3416957333333333
-13581789.86275486 4433988.757305062 1.3416957333333333
-13581788.073832491 4433988.0928002335 1.3416957333333333
-13581786.287036758 4433987.421198506 1.3416957333333333
-13581784.519409392 4433986.685628267 1.3416957333333333
-13581782.747435365 4433985.964563638 1.3416957333333333
-13581780.95549716 4433985.310123309 1.3416957333333333
-13581779.154663645 4433984.685368338 1.3416957333333333
-13581777.335656287 4433984.121263104 1.3416957333333333
-13581775.523593504 4433983.533982415 1.3416957333333333
-13581773.722446714 4433982.910272894 1.3416957333333333
-13581771.950693289 4433982.1884721 1.3416957333333333
-13581770.178939857 4433981.466671304 1.3416957333333333
-13581768.383630317 4433980.823481807 1.3416957333333333
-13581766.57596144 4433980.221537744 1.3416957333333333
-13581764.768632414 4433979.618459646 1.3416957333333333
-13581762.96296476 4433979.009837203 1.3416957333333333
-13581761.2064892 4433978.237051087 1.3416957333333333
-13581759.439465394 4433977.499466604 1.3416957333333333
-13581757.672468206 4433976.7617933415 1.3416957333333333
-13581755.867284818 4433976.151554782 1.3416957333333333
-13581754.062101414 4433975.541316218 1.3416957333333333
-13581752.256918028 4433974.931077656 1.3416957333333333
-13581750.48335296 4433974.215322712 1.3416957333333333
-13581748.706566328 4433973.510318633 1.3416957333333333
-13581746.923430914 4433972.82650166 1.3416957333333333
-13581745.123914927 4433972.197349876 1.3416957333333333
-13581743.324398955 4433971.568198095 1.3416957333333333
-13581741.527342867 4433970.93083719 1.3416957333333333
-13581739.763717372 4433970.181911805 1.3416957333333333
-13581738.004003894 4433969.419931339 1.3416957333333333
-13581736.229654549 4433968.706793645 1.3416957333333333
-13581734.43446106 4433968.06321686 1.3416957333333333
-13581732.639267562 4433967.419640073 1.3416957333333333
-13581730.848388985 4433966.761663549 1.3416957333333333
-13581729.05790135 4433966.102382458 1.3416957333333333
-13581727.284669338 4433965.3855159655 1.3416957333333333
-13581725.487521492 4433964.748461195 1.3416957333333333
-13581723.683196612 4433964.135357655 1.3416957333333333
-13581721.885077162 4433963.501545376 1.3416957333333333
-13581720.086555373 4433962.869075778 1.3416957333333333
-13581718.295482334 4433962.211748186 1.3416957333333333
-13581716.495110247 4433961.585453383 1.3416957333333333
-13581714.681414414 4433961.003622577 1.3416957333333333
-13581712.874226222 4433960.400074409 1.3416957333333333
-13581711.054346329 4433959.838880897 1.3416957333333333
-13581709.263096884 4433959.182142104 1.3416957333333333
-13581707.440632563 4433958.629573371 1.3416957333333333
-13581705.605030036 4433958.120849351 1.3416957333333333
-13581703.777200293 4433957.5861860365 1.3416957333333333
-13581702.002273591 4433956.874975091 1.3416957333333333
-13581700.215272116 4433956.204059972 1.3416957333333333
-13581698.404396731 4433955.612816657 1.3416957333333333
-13581696.580712007 4433955.064320669 1.3416957333333333
-13581694.75702728 4433954.51582468 1.3416957333333333
-13581692.969944596 4433953.845180567 1.3416957333333333
-13581691.178359624 4433953.189561404 1.3416957333333333
-13581689.360613355 4433952.621247617 1.3416957333333333
-13581687.542524053 4433952.054078666 1.3416957333333333
-13581685.72381924 4433951.488963694 1.3416957333333333
-13581683.93997835 4433950.807501031 1.3416957333333333
-13581682.152331896 4433950.138738318 1.3416957333333333
-13581680.329173196 4433949.588486908 1.3416957333333333
-13581678.523923105 4433948.978470983 1.3416957333333333
-13581676.7272814 4433948.339727087 1.3416957333333333
-13581674.930401418 4433947.701778451 1.3416957333333333
-13581673.109451702 4433947.144155231 1.3416957333333333
-13581671.2939271 4433946.568427311 1.3416957333333333
-13581669.489462849 4433945.955788833 1.3416957333333333
-13581667.72193989 4433945.219870081 1.3416957333333333
-13581665.943767477 4433944.51949071 1.3416957333333333
-13581664.13499328 4433943.9212353695 1.3416957333333333
-13581662.317601528 4433943.351738442 1.3416957333333333
-13581660.500792108 4433942.780298239 1.3416957333333333
-13581658.704522165 4433942.140313795 1.3416957333333333
-13581656.907089278 4433941.504210313 1.3416957333333333
-13581655.080706423 4433940.964718423 1.3416957333333333
-13581653.250430552 4433940.4382184 1.3416957333333333
-13581651.439744182 4433939.846344391 1.3416957333333333
-13581649.63465033 4433939.235806949 1.3416957333333333
-13581647.84800876 4433938.563690754 1.3416957333333333
-13581646.035273602 4433937.978653955 1.3416957333333333
-13581644.22266626 4433937.393190568 1.3416957333333333
-13581642.417544328 4433936.782746898 1.3416957333333333
-13581640.597161766 4433936.223230895 1.3416957333333333
-13581638.785192464 4433935.635638295 1.3416957333333333
-13581636.98368557 4433935.013130559 1.3416957333333333
-13581635.172544776 4433934.422772971 1.3416957333333333
-13581633.338833282 4433933.907738262 1.3416957333333333
-13581631.510440506 4433933.374953948 1.3416957333333333
-13581629.691866944 4433932.809401001 1.3416957333333333
-13581627.86924282 4433932.257365499 1.3416957333333333
-13581626.04246526 4433931.719190884 1.3416957333333333
-13581624.21667589 4433931.177718554 1.3416957333333333
-13581622.390741628 4433930.636729659 1.3416957333333333
-13581620.556841437 4433930.122324594 1.3416957333333333
-13581618.713479778 4433929.639494324 1.3416957333333333
-13581616.896545185 4433929.068471867 1.3416957333333333
-13581615.090708844 4433928.460412359 1.3416957333333333
-13581613.29472886 4433927.819460177 1.3416957333333333
-13581611.467021905 4433927.284387136 1.3416957333333333
-13581609.642985106 4433926.737066105 1.3416957333333333
-13581607.826977892 4433926.16294875 1.3416957333333333
-13581605.984166477 4433925.678282191 1.3416957333333333
-13581604.138079597 4433925.2045464935 1.3416957333333333
-13581602.303177152 4433924.693486234 1.3416957333333333
-13581600.46071465 4433924.207655301 1.3416957333333333
-13581598.61530317 4433923.731665644 1.3416957333333333
-13581596.784371149 4433923.207355334 1.3416957333333333
-13581594.946317049 4433922.706812686 1.3416957333333333
-13581593.117517715 4433922.175385066 1.3416957333333333
-13581591.327223985 4433921.515456838 1.3416957333333333
-13581589.50414312 4433920.964945674 1.3416957333333333
-13581587.693872042 4433920.371685748 1.3416957333333333
-13581585.906648366 4433919.7015120685 1.3416957333333333
-13581584.116800582 4433919.0400956245 1.3416957333333333
-13581582.322317917 4433918.394146724 1.3416957333333333
-13581580.502862029 4433917.831538262 1.3416957333333333
-13581578.692204025 4433917.239569544 1.3416957333333333
-13581576.878479367 4433916.657834814 1.3416957333333333
-13581575.085943008 4433916.005390722 1.3416957333333333
-13581573.292971956 4433915.3543972215 1.3416957333333333
-13581571.467658425 4433914.811336809 1.3416957333333333
-13581569.61479639 4433914.360211162 1.3416957333333333
-13581567.80856342 4433913.753475281 1.3416957333333333
-13581566.005602287 4433913.135820627 1.3416957333333333
-13581564.181825722 4433912.587631055 1.3416957333333333
-13581562.374461262 4433911.984671157 1.3416957333333333
-13581560.575885912 4433911.352380358 1.3416957333333333
-13581558.767568592 4433910.752600308 1.3416957333333333
-13581556.98017316 4433910.082999851 1.3416957333333333
-13581555.208951408 4433909.35942472 1.3416957333333333
-13581553.410096431 4433908.728067067 1.3416957333333333
-13581551.60435431 4433908.119693132 1.3416957333333333
-13581549.805207392 4433907.489309624 1.3416957333333333
-13581547.971377276 4433906.974670805 1.3416957333333333
-13581546.145473246 4433906.433581042 1.3416957333333333
-13581544.335398566 4433905.83966563 1.3416957333333333
-13581542.496626064 4433905.34152048 1.3416957333333333
-13581540.67009143 4433904.802535183 1.3416957333333333
-13581538.83773401 4433904.282981638 1.3416957333333333
-13581536.989046443 4433903.8179249065 1.3416957333333333
-13581535.17753175 4433903.228815147 1.3416957333333333
-13581533.343718044 4433902.714121579 1.3416957333333333
-13581531.523169812 4433902.155158456 1.3416957333333333
-13581529.710082924 4433901.571295363 1.3416957333333333
-13581527.880180556 4433901.043548829 1.3416957333333333
-13581526.053514168 4433900.505003255 1.3416957333333333
-13581524.215696016 4433900.003673258 1.3416957333333333
-13581522.36840528 4433899.533955005 1.3416957333333333
-13581520.528009867 4433899.041225805 1.3416957333333333
-13581518.681700911 4433898.56823128 1.3416957333333333
-13581516.82415464 4433898.132737827 1.3416957333333333
-13581514.970590932 4433897.68395375 1.3416957333333333
-13581513.101570915 4433897.286750364 1.3416957333333333
-13581511.24408752 4433896.851047131 1.3416957333333333
-13581509.392422304 4433896.395927432 1.3416957333333333
-13581507.536088515 4433895.9563876325 1.3416957333333333
-13581505.686193775 4433895.495359553 1.3416957333333333
-13581503.833901646 4433895.042332019 1.3416957333333333
-13581501.979772218 4433894.595435891 1.3416957333333333
-13581500.135381551 4433894.11603957 1.3416957333333333
-13581498.289095744 4433893.642967763 1.3416957333333333
-13581496.450623602 4433893.143820302 1.3416957333333333
-13581494.60802827 4433892.658432619 1.3416957333333333
-13581492.77149118 4433892.152827403 1.3416957333333333
-13581490.925126432 4433891.680019067 1.3416957333333333
-13581489.088433355 4433891.174934453 1.3416957333333333
-13581487.235400395 4433890.724379171 1.3416957333333333
-13581485.390298257 4433890.247357203 1.3416957333333333
-13581483.532515122 4433889.812654244 1.3416957333333333
-13581481.683567656 4433889.348464891 1.3416957333333333
-13581479.832298065 4433888.892024892 1.3416957333333333
-13581477.98024111 4433888.438212529 1.3416957333333333
-13581476.13823777 4433887.95084931 1.3416957333333333
-13581474.300373085 4433887.449674588 1.3416957333333333
-13581472.462932078 4433886.947085899 1.3416957333333333
-13581470.608459512 4433886.501334886 1.3416957333333333
-13581468.749472858 4433886.070648329 1.3416957333333333
-13581466.893124092 4433885.631158527 1.3416957333333333
-13581465.032236127 4433885.206816897 1.3416957333333333
-13581463.166927036 4433884.797229466 1.3416957333333333
-13581461.298570286 4433884.397812717 1.3416957333333333
-13581459.434447091 4433883.98426775 1.3416957333333333
-13581457.575343974 4433883.553969706 1.3416957333333333
-13581455.7133995 4433883.133153897 1.3416957333333333
-13581453.859415416 4433882.68577277 1.3416957333333333
-13581452.00498662 4433882.23987569 1.3416957333333333
-13581450.16124888 4433881.75830046 1.3416957333333333
-13581448.3039449 4433881.321998386 1.3416957333333333
-13581446.459162723 4433880.843908709 1.3416957333333333
-13581444.62654128 4433880.325236271 1.3416957333333333
-13581442.781074185 4433879.849432204 1.3416957333333333
-13581440.946133325 4433879.338500124 1.3416957333333333
-13581439.100537913 4433878.863124341 1.3416957333333333
-13581437.256965416 4433878.380997681 1.3416957333333333
-13581435.418929547 4433877.880394175 1.3416957333333333
-13581433.585080504 4433877.3658185145 1.3416957333333333
-13581431.763985796 4433876.808679143 1.3416957333333333
-13581429.947842086 4433876.23501722 1.3416957333333333
-13581428.10281771 4433875.757735762 1.3416957333333333
-13581426.257061517 4433875.282896575 1.3416957333333333
-13581424.39869749 4433874.850132118 1.3416957333333333
-13581422.536026644 4433874.431740325 1.3416957333333333
-13581420.671418373 4433874.019814098 1.3416957333333333
-13581418.80414511 4433873.616781544 1.3416957333333333
-13581416.935333386 4433873.218883079 1.3416957333333333
-13581415.06269572 4433872.833752482 1.3416957333333333
-13581413.203722823 4433872.403019959 1.3416957333333333
-13581411.337799618 4433871.995481978 1.3416957333333333
-13581409.485068629 4433871.543918995 1.3416957333333333
-13581407.64138752 4433871.06215473 1.3416957333333333
-13581405.808560451 4433870.544168496 1.3416957333333333
-13581403.97011361 4433870.0449366085 1.3416957333333333
-13581402.128888838 4433869.554975102 1.3416957333333333
-13581400.289821817 4433869.057812761 1.3416957333333333
-13581398.454127563 4433868.549394865 1.3416957333333333
-13581396.61822842 4433868.04166079 1.3416957333333333
-13581394.76673114 4433867.585980694 1.3416957333333333
-13581392.891938498 4433867.208041632 1.3416957333333333
-13581391.012227926 4433866.846514741 1.3416957333333333
-13581389.136200087 4433866.472697899 1.3416957333333333
-13581387.255340682 4433866.115004889 1.3416957333333333
-13581385.37858381 4433865.74362087 1.3416957333333333
-13581383.50228401 4433865.370711572 1.3416957333333333
-13581381.621302642 4433865.013425655 1.3416957333333333
-13581379.749061923 4433864.62697037 1.3416957333333333
-13581377.889285307 4433864.198919954 1.3416957333333333
-13581376.03236587 4433863.761334671 1.3416957333333333
-13581374.171769802 4433863.336018978 1.3416957333333333
-13581372.308358932 4433862.920096792 1.3416957333333333
-13581370.438646486 4433862.525204177 1.3416957333333333
-13581368.56929745 4433862.129098886 1.3416957333333333
-13581366.695055962 4433861.749320595 1.3416957333333333
-13581364.81604026 4433861.385474732 1.3416957333333333
-13581362.941031478 4433861.008257081 1.3416957333333333
-13581361.069115989 4433860.620716509 1.3416957333333333
-13581359.196651006 4433860.23500968 1.3416957333333333
-13581357.342490451 4433859.788217356 1.3416957333333333
-13581355.465915382 4433859.416226693 1.3416957333333333
-13581353.59757338 4433859.016760757 1.3416957333333333
-13581351.7362853 4433858.593754399 1.3416957333333333
-13581349.875128169 4433858.170311033 1.3416957333333333
-13581348.00775018 4433857.767627906 1.3416957333333333
-13581346.145857835 4433857.346638186 1.3416957333333333
-13581344.278836314 4433856.942765505 1.3416957333333333
-13581342.418914087 4433856.515200972 1.3416957333333333
-13581340.569831304 4433856.051463214 1.3416957333333333
-13581338.73003292 4433855.556741662 1.3416957333333333
-13581336.896522652 4433855.041035396 1.3416957333333333
-13581335.05451724 4433854.553679047 1.3416957333333333
-13581333.21349608 4433854.063038046 1.3416957333333333
-13581331.390777608 4433853.511317517 1.3416957333333333
-13581329.601995988 4433852.846343071 1.3416957333333333
-13581327.787404556 4433852.2675009305 1.3416957333333333
-13581325.991583187 4433851.626019519 1.3416957333333333
-13581324.183735428 4433851.024672502 1.3416957333333333
-13581322.350430503 4433850.508280962 1.3416957333333333
-13581320.517536305 4433849.990518699 1.3416957333333333
-13581318.697311502 4433849.430476313 1.3416957333333333
-13581316.823868005 4433849.04803501 1.3416957333333333
-13581314.96335583 4433848.622439247 1.3416957333333333
-13581313.129936168 4433848.1064306125 1.3416957333333333
-13581311.278740188 4433847.649745048 1.3416957333333333
-13581309.431459485 4433847.179993396 1.3416957333333333
-13581307.569216006 4433846.7601754 1.3416957333333333
-13581305.720606573 4433846.294857935 1.3416957333333333
-13581303.825246789 4433845.985555566 1.3416957333333333
-13581301.915502174 4433845.7242580885 1.3416957333333333
-13581299.97325571 4433845.571425539 1.3416957333333333
-13581298.009708032 4433845.489679357 1.3416957333333333
-13581296.023547228 4433845.4833975565 1.3416957333333333
-13581294.057703272 4433845.409314471 1.3416957333333333
-13581292.123131337 4433845.230870524 1.3416957333333333
-13581290.160942238 4433845.144590474 1.3416957333333333
-13581288.198915437 4433845.057768889 1.3416957333333333
-13581286.246349338 4433844.939374981 1.3416957333333333
-13581284.329345629 4433844.702302465 1.3416957333333333
-13581282.446406882 4433844.351548611 1.3416957333333333
-13581280.573840251 4433843.966181063 1.3416957333333333
-13581278.827322984 4433843.160162315 1.3416957333333333
-13581277.135250252 4433842.172451463 1.3416957333333333
-13581275.36688088 4433841.439357397 1.3416957333333333
-13581273.654380685 4433840.519817102 1.3416957333333333
-13581271.956438055 4433839.551695322 1.3416957333333333
-13581270.23106276 4433838.675121657 1.3416957333333333
-13581268.267416865 4433838.593703185 1.3416957333333333
-13581266.607858775 4433837.497484819 1.3416957333333333
-13581265.24053311 4433835.426030112 1.3416957333333333
-13581262.691473007 4433837.298252366 1.3416957333333333
-13581260.345058031 4433838.494208666 1.3416957333333333
-13581258.27584242 4433838.765096801 1.3416957333333333
-13581256.939719994 4433836.589510793 1.3416957333333333
-13581254.804177338 4433837.081745174 1.3416957333333333
-13581254.804177338 4433837.081745174 1.3416957333333333
-13581254.804177338 4433837.081745174 1.3416957333333333
-13581254.804177338 4433837.081745174 1.3416957333333333
-13581254.804177338 4433837.081745174 1.3416957333333333
-13581254.804177338 4433837.081745174 1.3416957333333333
-13581254.804177338 4433837.081745174 1.3416957333333333
-13581254.804177338 4433837.081745174 1.3416957333333333
-13581254.804177338 4433837.081745174 1.3416957333333333
-13581254.804177338 4433837.081745174 1.3416957333333333
-13581254.804177338 4433837.081745174 1.3416957333333333
-13581254.804177338 4433837.081745174 1.3416957333333333
-13581254.804177338 4433837.081745174 1.3416957333333333
-13581254.804177338 4433837.081745174 1.3416957333333333
-13581254.804177338 4433837.081745174 1.3416957333333333
-13581254.804177338 4433837.081745174 1.3416957333333333
-13581254.804177338 4433837.081745174 1.3416957333333333
-13581254.804177338 4433837.081745174 1.3416957333333333
-13581254.804177338 4433837.081745174 1.3416957333333333
-13581254.804177338 4433837.081745174 1.3416957333333333
-13581254.804177338 4433837.081745174 1.3416957333333333
-13581254.804177338 4433837.081745174 1.3416957333333333
-13581254.804177338 4433837.081745174 1.3416957333333333
-13581254.804177338 4433837.081745174 1.3416957333333333
-13581254.804177338 4433837.081745174 1.3416957333333333
-13581254.804177338 4433837.081745174 1.3416957333333333
-13581254.804177338 4433837.081745174 1.3416957333333333
-13581254.804177338 4433837.081745174 1.3416957333333333
-13581924.654427543 4434069.690201693 1.0357104000000001
-13581922.940045252 4434068.776942293 1.0357104000000001
-13581921.24857118 4434067.787233698 1.0357104000000001
-13581919.541197035 4434066.850586635 1.0357104000000001
-13581917.832982603 4434065.916743866 1.0357104000000001
-13581916.115638986 4434065.013367083 1.0357104000000001
-13581914.407199536 4434064.080275182 1.0357104000000001
-13581912.676419193 4434063.221739162 1.0357104000000001
-13581910.932891931 4434062.40574214 1.0357104000000001
-13581909.225029549 4434061.470724606 1.0357104000000001
-13581907.58291982 4434060.316277657 1.0357104000000001
-13581905.90702858 4434059.27456599 1.0357104000000001
-13581904.22227258 4434058.26243788 1.0357104000000001
-13581902.507174157 4434057.351568407 1.0357104000000001
-13581900.79791814 4434056.421201604 1.0357104000000001
-13581899.0565169 4434055.598109605 1.0357104000000001
-13581897.317493282 4434054.7670830125 1.0357104000000001
-13581895.62338884 4434053.786152551 1.0357104000000001
-13581893.940974277 4434052.76621061 1.0357104000000001
-13581892.269925606 4434051.708338409 1.0357104000000001
-13581890.689905545 4434050.346686203 1.0357104000000001
-13581889.070288116 4434049.117178072 1.0357104000000001
-13581887.356924452 4434048.200519292 1.0357104000000001
-13581885.704014668 4434047.082114098 1.0357104000000001
-13581884.01842357 4434046.072772878 1.0357104000000001
-13581882.323693626 4434045.09392987 1.0357104000000001
-13581880.674669135 4434043.9625587305 1.0357104000000001
-13581879.059671074 4434042.717634785 1.0357104000000001
-13581877.375757528 4434041.702695234 1.0357104000000001
-13581875.654954584 4434040.810862846 1.0357104000000001
-13581874.033843908 4434039.58633799 1.0357104000000001
-13581872.385621471 4434038.452290175 1.0357104000000001
-13581870.6857126 4434037.490730209 1.0357104000000001
-13581868.997317258 4434036.490747286 1.0357104000000001
-13581867.281326847 4434035.582854386 1.0357104000000001
-13581865.609669656 4434034.527013063 1.0357104000000001
-13581863.901615122 4434033.592636702 1.0357104000000001
-13581862.232999288 4434032.526645733 1.0357104000000001
-13581860.60631873 4434031.320708528 1.0357104000000001
-13581858.941321837 4434030.242640461 1.0357104000000001
-13581857.28183861 4434029.1461723065 1.0357104000000001
-13581855.623466264 4434028.045996788 1.0357104000000001
-13581853.989701044 4434026.863702484 1.0357104000000001
-13581852.284137769 4434025.921012292 1.0357104000000001
-13581850.58227584 4434024.965970051 1.0357104000000001
-13581848.846452633 4434024.12426315 1.0357104000000001
-13581847.137879075 4434023.191618734 1.0357104000000001
-13581845.419331783 4434022.292258719 1.0357104000000001
-13581843.704940973 4434021.379027792 1.0357104000000001
-13581842.048380475 4434020.272805825 1.0357104000000001
-13581840.326556675 4434019.384380124 1.0357104000000001
-13581838.651053522 4434018.341373429 1.0357104000000001
-13581836.969911013 4434017.317186468 1.0357104000000001
-13581835.26109525 4434016.385350444 1.0357104000000001
-13581833.509257078 4434015.5970884925 1.0357104000000001
-13581831.799738929 4434014.6675965125 1.0357104000000001
-13581830.100624029 4434013.703386865 1.0357104000000001
-13581828.41690028 4434012.687813934 1.0357104000000001
-13581826.67046291 4434011.881528448 1.0357104000000001
-13581824.934833243 4434011.039175628 1.0357104000000001
-13581823.168358767 4434010.299758024 1.0357104000000001
-13581821.434648767 4434009.450998866 1.0357104000000001
-13581819.674156131 4434008.691618537 1.0357104000000001
-13581817.933911117 4434007.86466809 1.0357104000000001
-13581816.193922408 4434007.036862246 1.0357104000000001
-13581814.450708332 4434006.219820042 1.0357104000000001
-13581812.721988251 4434005.354408558 1.0357104000000001
-13581810.948305434 4434004.639046549 1.0357104000000001
-13581809.193670047 4434003.860119499 1.0357104000000001
-13581807.454885934 4434003.0282936245 1.0357104000000001
-13581805.726450928 4434002.161930862 1.0357104000000001
-13581803.991871713 4434001.316072505 1.0357104000000001
-13581802.263655556 4434000.448979379 1.0357104000000001
-13581800.511447929 4433999.661950359 1.0357104000000001
-13581798.70347325 4433999.061026882 1.0357104000000001
-13581796.898830283 4433998.4489849135 1.0357104000000001
-13581795.124347148 4433997.736293628 1.0357104000000001
-13581793.415473444 4433996.804650913 1.0357104000000001
-13581791.646008063 4433996.075214433 1.0357104000000001
-13581789.915767657 4433995.214876674 1.0357104000000001
-13581788.17593723 4433994.386542636 1.0357104000000001
-13581786.41171526 4433993.639607783 1.0357104000000001
-13581784.640661974 4433992.91547046 1.0357104000000001
-13581782.862243218 4433992.21591318 1.0357104000000001
-13581781.103452276 4433991.450854043 1.0357104000000001
-13581779.363563644 4433990.622714189 1.0357104000000001
-13581777.623319993 4433989.79575909 1.0357104000000001
-13581775.874658763 4433988.9968951885 1.0357104000000001
-13581774.091483852 4433988.31321007 1.0357104000000001
-13581772.297163991 4433987.666717756 1.0357104000000001
-13581770.528408416 4433986.934912546 1.0357104000000001
-13581768.73154122 4433986.296921262 1.0357104000000001
-13581766.952080691 4433985.600840531 1.0357104000000001
-13581765.225561485 4433984.728084288 1.0357104000000001
-13581763.440717582 4433984.049968981 1.0357104000000001
-13581761.67059418 4433983.322728475 1.0357104000000001
-13581759.87859447 4433982.668493335 1.0357104000000001
-13581758.098221073 4433981.975459033 1.0357104000000001
-13581756.32774912 4433981.249381725 1.0357104000000001
-13581754.541975183 4433980.574370064 1.0357104000000001
-13581752.752255168 4433979.912527173 1.0357104000000001
-13581750.94695338 4433979.302683745 1.0357104000000001
-13581749.140904048 4433978.695335087 1.0357104000000001
-13581747.35162867 4433978.032008376 1.0357104000000001
-13581745.57681856 4433977.320408241 1.0357104000000001
-13581743.788859555 4433976.652688566 1.0357104000000001
-13581741.9857138 4433976.035650101 1.0357104000000001
-13581740.172414504 4433975.452495924 1.0357104000000001
-13581738.358412309 4433974.871687343 1.0357104000000001
-13581736.564231357 4433974.224731519 1.0357104000000001
-13581734.771130295 4433973.574171942 1.0357104000000001
-13581732.974536156 4433972.935269399 1.0357104000000001
-13581731.161028525 4433972.3528104285 1.0357104000000001
-13581729.358156048 4433971.734859874 1.0357104000000001
-13581727.563308328 4433971.090129242 1.0357104000000001
-13581725.78664652 4433970.38470863 1.0357104000000001
-13581724.00263699 4433969.703808753 1.0357104000000001
-13581722.180318125 4433969.15075464 1.0357104000000001
-13581720.34959832 4433968.625736065 1.0357104000000001
-13581718.538022531 4433968.036830179 1.0357104000000001
-13581716.74340315 4433967.391337429 1.0357104000000001
-13581714.954615774 4433966.726382201 1.0357104000000001
-13581713.138529733 4433966.152527997 1.0357104000000001
-13581711.320586355 4433965.584871952 1.0357104000000001
-13581709.50985712 4433964.993140912 1.0357104000000001
-13581707.700186234 4433964.397878053 1.0357104000000001
-13581705.89576437 4433963.785098144 1.0357104000000001
-13581704.077643087 4433963.218035819 1.0357104000000001
-13581702.256518668 4433962.660995539 1.0357104000000001
-13581700.449165056 4433962.057999493 1.0357104000000001
-13581698.64651537 4433961.43930548 1.0357104000000001
-13581696.829574134 4433960.868305081 1.0357104000000001
-13581695.004418878 4433960.324716547 1.0357104000000001
-13581693.184537744 4433959.763527237 1.0357104000000001
-13581691.385347882 4433959.133287122 1.0357104000000001
-13581689.582666164 4433958.514699942 1.0357104000000001
-13581687.755977012 4433957.9762302935 1.0357104000000001
-13581685.92928788 4433957.437760652 1.0357104000000001
-13581684.125149488 4433956.8240347095 1.0357104000000001
-13581682.328096008 4433956.18666501 1.0357104000000001
-13581680.512028877 4433955.612747611 1.0357104000000001
-13581678.682794577 4433955.082771669 1.0357104000000001
-13581676.862672225 4433954.522387357 1.0357104000000001
-13581675.069282928 4433953.872789542 1.0357104000000001
-13581673.2730147 4433953.23279936 1.0357104000000001
-13581671.456216132 4433952.661322953 1.0357104000000001
-13581669.648808124 4433952.058508386 1.0357104000000001
-13581667.857055765 4433951.403447865 1.0357104000000001
-13581666.06626655 4433950.7451731125 1.0357104000000001
-13581664.267019909 4433950.115122541 1.0357104000000001
-13581662.446946075 4433949.554576277 1.0357104000000001
-13581660.638102284 4433948.956553142 1.0357104000000001
-13581658.837755328 4433948.330174493 1.0357104000000001
-13581657.027053574 4433947.738351812 1.0357104000000001
-13581655.209250994 4433947.170225942 1.0357104000000001
-13581653.392677171 4433946.597999417 1.0357104000000001
-13581651.592848305 4433945.969891843 1.0357104000000001
-13581649.790321708 4433945.350787077 1.0357104000000001
-13581647.964333422 4433944.809978404 1.0357104000000001
-13581646.150607144 4433944.228249134 1.0357104000000001
-13581644.35503358 4433943.585940773 1.0357104000000001
-13581642.547922077 4433942.982136711 1.0357104000000001
-13581640.732069856 4433942.407502084 1.0357104000000001
-13581638.920547146 4433941.81841904 1.0357104000000001
-13581637.134549156 4433941.144155142 1.0357104000000001
-13581635.329459542 4433940.533603637 1.0357104000000001
-13581633.517009836 4433939.947614144 1.0357104000000001
-13581631.712115835 4433939.336409862 1.0357104000000001
-13581629.927577028 4433938.657276354 1.0357104000000001
-13581628.120046552 4433938.054870487 1.0357104000000001
-13581626.3003967 4433937.492909258 1.0357104000000001
-13581624.487611402 4433936.908039759 1.0357104000000001
-13581622.694255443 4433936.258330841 1.0357104000000001
-13581620.8815675 4433935.673136418 1.0357104000000001
-13581619.073214144 4433935.073476596 1.0357104000000001
-13581617.26468204 4433934.4744133465 1.0357104000000001
-13581615.463939125 4433933.849356128 1.0357104000000001
-13581613.628714329 4433933.339371604 1.0357104000000001
-13581611.800131015 4433932.807223034 1.0357104000000001
-13581609.987024007 4433932.223427142 1.0357104000000001
-13581608.156243533 4433931.698611072 1.0357104000000001
-13581606.320486628 4433931.190402268 1.0357104000000001
-13581604.506599136 4433930.609210966 1.0357104000000001
-13581602.680512013 4433930.068732196 1.0357104000000001
-13581600.834006172 4433929.596394727 1.0357104000000001
-13581599.017207569 4433929.0249183895 1.0357104000000001
-13581597.191491837 4433928.483200196 1.0357104000000001
-13581595.359417189 4433927.962703059 1.0357104000000001
-13581593.543997947 4433927.386623498 1.0357104000000001
-13581591.74175041 4433926.766587386 1.0357104000000001
-13581589.92454922 4433926.196454553 1.0357104000000001
-13581588.095820012 4433925.664793012 1.0357104000000001
-13581586.297322098 4433925.032243763 1.0357104000000001
-13581584.475894982 4433924.476213587 1.0357104000000001
-13581582.63132156 4433923.997427215 1.0357104000000001
-13581580.802579224 4433923.465809478 1.0357104000000001
-13581578.98071684 4433922.911231966 1.0357104000000001
-13581577.165047267 4433922.335987815 1.0357104000000001
-13581575.359302748 4433921.727621824 1.0357104000000001
-13581573.538007734 4433921.171150933 1.0357104000000001
-13581571.70936646 4433920.639195886 1.0357104000000001
-13581569.892324172 4433920.068532731 1.0357104000000001
-13581568.06897086 4433919.518930754 1.0357104000000001
-13581566.234335368 4433919.006979597 1.0357104000000001
-13581564.441408198 4433918.355839659 1.0357104000000001
-13581562.638830155 4433917.736906497 1.0357104000000001
-13581560.818293655 4433917.177904258 1.0357104000000001
-13581559.036497306 4433916.489618691 1.0357104000000001
-13581557.247876372 4433915.82410798 1.0357104000000001
-13581555.44679935 4433915.20016563 1.0357104000000001
-13581553.65857804 4433914.533321325 1.0357104000000001
-13581551.85920108 4433913.903705644 1.0357104000000001
-13581550.086417489 4433913.185342699 1.0357104000000001
-13581548.294838265 4433912.52970433 1.0357104000000001
-13581546.48903362 4433911.921539067 1.0357104000000001
-13581544.665075788 4433911.373954465 1.0357104000000001
-13581542.860740269 4433910.760886357 1.0357104000000001
-13581541.030994724 4433910.232616512 1.0357104000000001
-13581539.20696558 4433909.685269906 1.0357104000000001
-13581537.384168629 4433909.133811234 1.0357104000000001
-13581535.541437758 4433908.648875838 1.0357104000000001
-13581533.691269664 4433908.188759971 1.0357104000000001
-13581531.847008752 4433907.708930765 1.0357104000000001
-13581530.007857049 4433907.212051036 1.0357104000000001
-13581528.170895487 4433906.707862344 1.0357104000000001
-13581526.3145141 4433906.268481436 1.0357104000000001
-13581524.47279466 4433905.780170824 1.0357104000000001
-13581522.615164213 4433905.344958295 1.0357104000000001
-13581520.759867484 4433904.901957586 1.0357104000000001
-13581518.905466529 4433904.455967606 1.0357104000000001
-13581517.068213545 4433903.952751548 1.0357104000000001
-13581515.222056068 4433903.479251471 1.0357104000000001
-13581513.38127213 4433902.987818826 1.0357104000000001
-13581511.543394895 4433902.486685936 1.0357104000000001
-13581509.70511212 4433901.986906504 1.0357104000000001
-13581507.873381449 4433901.465261376 1.0357104000000001
-13581506.026614182 4433900.993796235 1.0357104000000001
-13581504.188633658 4433900.493008109 1.0357104000000001
-13581502.338951964 4433900.031269043 1.0357104000000001
-13581500.506538171 4433899.51190362 1.0357104000000001
-13581498.659193166 4433899.042366505 1.0357104000000001
-13581496.819654657 4433898.546777649 1.0357104000000001
-13581494.969724404 4433898.085868131 1.0357104000000001
-13581493.131254196 4433897.586714115 1.0357104000000001
-13581491.281941988 4433897.123741937 1.0357104000000001
-13581489.44032619 4433896.635085444 1.0357104000000001
-13581487.59539 4433896.157509687 1.0357104000000001
-13581485.756690038 4433895.659122418 1.0357104000000001
-13581483.92300178 4433895.144010105 1.0357104000000001
-13581482.097802682 4433894.600567902 1.0357104000000001
-13581480.24614288 4433894.145430145 1.0357104000000001
-13581478.39197195 4433893.698672463 1.0357104000000001
-13581476.53568444 4433893.258978295 1.0357104000000001
-13581474.671313295 4433892.846260774 1.0357104000000001
-13581472.807431277 4433892.431910934 1.0357104000000001
-13581470.9440628 4433892.015847249 1.0357104000000001
-13581469.076964073 4433891.61223218 1.0357104000000001
-13581467.21138556 4433891.203543951 1.0357104000000001
-13581465.34560064 4433890.795544418 1.0357104000000001
-13581463.47715976 4433890.396408328 1.0357104000000001
-13581461.61442677 4433889.978223948 1.0357104000000001
-13581459.770701809 4433889.496606147 1.0357104000000001
-13581457.909517394 4433889.073253898 1.0357104000000001
-13581456.046175487 4433888.657101506 1.0357104000000001
-13581454.199186504 4433888.18637633 1.0357104000000001
-13581452.356141295 4433887.702490056 1.0357104000000001
-13581450.489710744 4433887.2966451645 1.0357104000000001
-13581448.637536095 4433886.84322552 1.0357104000000001
-13581446.79131958 4433886.369922438 1.0357104000000001
-13581444.931426764 4433885.942259904 1.0357104000000001
-13581443.082991147 4433885.476362414 1.0357104000000001
-13581441.225577386 4433885.040426691 1.0357104000000001
-13581439.37889695 4433884.568671858 1.0357104000000001
-13581437.532228893 4433884.096875698 1.0357104000000001
-13581435.677021593 4433883.65357664 1.0357104000000001
-13581433.824482216 4433883.201374144 1.0357104000000001
-13581431.976838976 4433882.732832401 1.0357104000000001
-13581430.115946772 4433882.308504988 1.0357104000000001
-13581428.247462925 4433881.909512256 1.0357104000000001
-13581426.36776724 4433881.547935681 1.0357104000000001
-13581424.504499212 4433881.131536878 1.0357104000000001
-13581422.629494363 4433880.754306066 1.0357104000000001
-13581420.769081084 4433880.328380349 1.0357104000000001
-13581418.910883171 4433879.895061496 1.0357104000000001
-13581417.053159604 4433879.460159767 1.0357104000000001
-13581415.207483117 4433878.985054535 1.0357104000000001
-13581413.370293483 4433878.481626966 1.0357104000000001
-13581411.52678602 4433877.999283303 1.0357104000000001
-13581409.68166041 4433877.522339709 1.0357104000000001
-13581407.85306308 4433876.99023801 1.0357104000000001
-13581406.009282151 4433876.508806867 1.0357104000000001
-13581404.155246694 4433876.061597147 1.0357104000000001
-13581402.308750669 4433875.589226956 1.0357104000000001
-13581400.458532415 4433875.12927843 1.0357104000000001
-13581398.595258685 4433874.712898561 1.0357104000000001
-13581396.73104427 4433874.299657983 1.0357104000000001
-13581394.858410276 4433873.914515242 1.0357104000000001
-13581392.989104092 4433873.5182669135 1.0357104000000001
-13581391.103579603 4433873.176142087 1.0357104000000001
-13581389.228742858 4433872.798350296 1.0357104000000001
-13581387.365891824 4433872.380559905 1.0357104000000001
-13581385.504370203 4433871.958332958 1.0357104000000001
-13581383.64131333 4433871.541229386 1.0357104000000001
-13581381.7712328 4433871.147565176 1.0357104000000001
-13581379.905091286 4433870.740755796 1.0357104000000001
-13581378.034472188 4433870.348888851 1.0357104000000001
-13581376.159379536 4433869.971951007 1.0357104000000001
-13581374.259450393 4433869.6778974645 1.0357104000000001
-13581372.376999076 4433869.325516968 1.0357104000000001
-13581370.469139608 4433869.057928378 1.0357104000000001
-13581368.5801274 4433868.727442798 1.0357104000000001
-13581366.70443087 4433868.352520332 1.0357104000000001
-13581364.825017331 4433867.990002175 1.0357104000000001
-13581362.955161383 4433867.595588434 1.0357104000000001
-13581361.10068228 4433867.1498592775 1.0357104000000001
-13581359.246411422 4433866.703435141 1.0357104000000001
-13581357.36353497 4433866.352473407 1.0357104000000001
-13581355.491782293 4433865.96438941 1.0357104000000001
-13581353.60570188 4433865.624119913 1.0357104000000001
-13581351.731460003 4433865.244343017 1.0357104000000001
-13581349.8606411 4433864.853142858 1.0357104000000001
-13581347.981577745 4433864.489456029 1.0357104000000001
-13581346.109117595 4433864.1037330525 1.0357104000000001
-13581344.229740066 4433863.741094799 1.0357104000000001
-13581342.350905096 4433863.376645885 1.0357104000000001
-13581340.471010303 4433863.015733675 1.0357104000000001
-13581338.60007106 4433862.624935163 1.0357104000000001
-13581336.738092331 4433862.204233718 1.0357104000000001
-13581334.871523269 4433861.798851075 1.0357104000000001
-13581332.982149042 4433861.469573635 1.0357104000000001
-13581331.102062788 4433861.109300425 1.0357104000000001
-13581329.223318957 4433860.744547396 1.0357104000000001
-13581327.352742976 4433860.352536596 1.0357104000000001
-13581325.488904163 4433859.938042499 1.0357104000000001
-13581323.644147065 4433859.459869131 1.0357104000000001
-13581321.774279702 4433859.065493555 1.0357104000000001
-13581319.893159484 4433858.708670924 1.0357104000000001
-13581318.010529852 4433858.356885433 1.0357104000000001
-13581316.123216543 4433858.020730411 1.0357104000000001
-13581314.232214317 4433857.696886004 1.0357104000000001
-13581312.333920635 4433857.39737444 1.0357104000000001
-13581310.414477885 4433857.168441537 1.0357104000000001
-13581308.477074165 4433856.999447925 1.0357104000000001
-13581306.544239735 4433856.815205649 1.0357104000000001
-13581304.598883975 4433856.672749449 1.0357104000000001
-13581302.651732497 4433856.536285898 1.0357104000000001
-13581300.714862986 4433856.36550954 1.0357104000000001
-13581298.807121916 4433856.097525849 1.0357104000000001
-13581296.883346396 4433855.883052167 1.0357104000000001
-13581295.000504443 4433855.531975338 1.0357104000000001
-13581293.148069223 4433855.079425328 1.0357104000000001
-13581291.307337468 4433854.587818569 1.0357104000000001
-13581289.4775518 4433854.059682516 1.0357104000000001
-13581287.688508363 4433853.395581806 1.0357104000000001
-13581285.908323126 4433852.701919674 1.0357104000000001
-13581284.10128601 4433852.09786732 1.0357104000000001
-13581282.307406854 4433851.44990429 1.0357104000000001
-13581280.452194797 4433851.006621102 1.0357104000000001
-13581278.602065887 4433850.546374526 1.0357104000000001
-13581276.805168308 4433849.908484651 1.0357104000000001
-13581275.025476566 4433849.213175419 1.0357104000000001
-13581273.22762614 4433848.578465334 1.0357104000000001
-13581271.378143264 4433848.116062823 1.0357104000000001
-13581269.375247125 4433848.16563007 1.0357104000000001
-13581267.296529714 4433848.468227559 1.0357104000000001
-13581265.275167365 4433848.57942008 1.0357104000000001
-13581263.304612342 4433848.521058795 1.0357104000000001
-13581263.304612342 4433848.521058795 1.0357104000000001
-13581263.304612342 4433848.521058795 1.0357104000000001
-13581263.304612342 4433848.521058795 1.0357104000000001
-13581263.304612342 4433848.521058795 1.0357104000000001
-13581263.304612342 4433848.521058795 1.0357104000000001
-13581263.304612342 4433848.521058795 1.0357104000000001
-13581263.304612342 4433848.521058795 1.0357104000000001
-13581263.304612342 4433848.521058795 1.0357104000000001
-13581263.304612342 4433848.521058795 1.0357104000000001
-13581263.304612342 4433848.521058795 1.0357104000000001
-13581263.304612342 4433848.521058795 1.0357104000000001
-13581263.304612342 4433848.521058795 1.0357104000000001
-13581263.304612342 4433848.521058795 1.0357104000000001
-13581263.304612342 4433848.521058795 1.0357104000000001
-13581263.304612342 4433848.521058795 1.0357104000000001
-13581263.304612342 4433848.521058795 1.0357104000000001
-13581263.304612342 4433848.521058795 1.0357104000000001
-13581263.304612342 4433848.521058795 1.0357104000000001
-13581263.304612342 4433848.521058795 1.0357104000000001
-13581263.304612342 4433848.521058795 1.0357104000000001
-13581263.304612342 4433848.521058795 1.0357104000000001
-13581263.304612342 4433848.521058795 1.0357104000000001
-13581263.304612342 4433848.521058795 1.0357104000000001
-13581263.304612342 4433848.521058795 1.0357104000000001
-13581263.304612342 4433848.521058795 1.0357104000000001
-13581263.304612342 4433848.521058795 1.0357104000000001
-13581263.304612342 4433848.521058795 1.0357104000000001
-13581263.304612342 4433848.521058795 1.0357104000000001
-13581263.304612342 4433848.521058795 1.0357104000000001
-13581263.304612342 4433848.521058795 1.0357104000000001
-13581263.304612342 4433848.521058795 1.0357104000000001
-13581263.304612342 4433848.521058795 1.0357104000000001
-13581263.304612342 4433848.521058795 1.0357104000000001
-13581924.072189497 4434071.633242971 0.7748016000000001
-13581922.384985045 4434070.629285859 0.7748016000000001
-13581920.678492406 4434069.689697128 0.7748016000000001
-13581918.976948544 4434068.733593281 0.7748016000000001
-13581917.290536128 4434067.7269929545 0.7748016000000001
-13581915.57782386 4434066.808160461 0.7748016000000001
-13581913.848971136 4434065.943191624 0.7748016000000001
-13581912.175985605 4434064.891783102 0.7748016000000001
-13581910.4994012 4434063.852384788 0.7748016000000001
-13581908.849419797 4434062.724207186 0.7748016000000001
-13581907.225249335 4434061.509893429 0.7748016000000001
-13581905.559297156 4434060.435013186 0.7748016000000001
-13581903.8853996 4434059.386648346 0.7748016000000001
-13581902.250150962 4434058.20930465 0.7748016000000001
-13581900.618033571 4434057.021511294 0.7748016000000001
-13581898.931409655 4434056.015616739 0.7748016000000001
-13581897.27725892 4434054.901352881 0.7748016000000001
-13581895.593635803 4434053.885444204 0.7748016000000001
-13581893.93350257 4434052.791145143 0.7748016000000001
-13581892.258161718 4434051.747596781 0.7748016000000001
-13581890.68401776 4434050.366334881 0.7748016000000001
-13581889.067771628 4434049.125576088 0.7748016000000001
-13581887.332301794 4434048.282689878 0.7748016000000001
-13581885.67702224 4434047.17219307 0.7748016000000001
-13581884.01926211 4434046.069974503 0.7748016000000001
-13581882.239733431 4434045.374121324 0.7748016000000001
-13581880.577616036 4434044.286443754 0.7748016000000001
-13581878.98534458 4434042.965676709 0.7748016000000001
-13581877.425651202 4434041.53619037 0.7748016000000001
-13581875.848631876 4434040.164524164 0.7748016000000001
-13581874.230394732 4434038.9304097695 0.7748016000000001
-13581872.610498864 4434037.701830701 0.7748016000000001
-13581871.060049322 4434036.241495973 0.7748016000000001
-13581869.419251308 4434035.082671536 0.7748016000000001
-13581867.790511811 4434033.883605416 0.7748016000000001
-13581866.174275585 4434032.642813586 0.7748016000000001
-13581864.587446798 4434031.303883391 0.7748016000000001
-13581862.93390616 4434030.187583562 0.7748016000000001
-13581861.288424902 4434029.044387956 0.7748016000000001
-13581859.613774257 4434027.998536314 0.7748016000000001
-13581857.935996171 4434026.96312166 0.7748016000000001
-13581856.28322186 4434025.844264399 0.7748016000000001
-13581854.644064026 4434024.679966309 0.7748016000000001
-13581853.00331752 4434023.520969982 0.7748016000000001
-13581851.28127908 4434022.633260668 0.7748016000000001
-13581849.559928058 4434021.743257287 0.7748016000000001
-13581847.83387911 4434020.868931644 0.7748016000000001
-13581846.091735166 4434020.048318238 0.7748016000000001
-13581844.393448686 4434019.081344019 0.7748016000000001
-13581842.675454007 4434018.1801398285 0.7748016000000001
-13581840.966936065 4434017.247309906 0.7748016000000001
-13581839.20315932 4434016.498889308 0.7748016000000001
-13581837.416898152 4434015.825503694 0.7748016000000001
-13581835.68164933 4434014.981879923 0.7748016000000001
-13581833.923635388 4434014.214227711 0.7748016000000001
-13581832.166486904 4434013.443687392 0.7748016000000001
-13581830.430060258 4434012.603994273 0.7748016000000001
-13581828.690633856 4434011.7743119 0.7748016000000001
-13581826.95373268 4434010.936202285 0.7748016000000001
-13581825.204740155 4434010.138443921 0.7748016000000001
-13581823.454532264 4434009.344741563 0.7748016000000001
-13581821.665398676 4434008.680941669 0.7748016000000001
-13581819.909043878 4434007.907752575 0.7748016000000001
-13581818.14741747 4434007.152155979 0.7748016000000001
-13581816.380176768 4434006.415295325 0.7748016000000001
-13581814.653173003 4434005.5441561695 0.7748016000000001
-13581812.907564634 4434004.735104174 0.7748016000000001
-13581811.133222371 4434004.021942865 0.7748016000000001
-13581809.365851255 4434003.285517412 0.7748016000000001
-13581807.604449702 4434002.52917032 0.7748016000000001
-13581805.823463004 4434001.838182753 0.7748016000000001
-13581804.076189844 4434001.03468655 0.7748016000000001
-13581802.331249395 4434000.223405612 0.7748016000000001
-13581800.582157526 4433999.425978722 0.7748016000000001
-13581798.80374238 4433998.726409353 0.7748016000000001
-13581797.039661735 4433997.979003054 0.7748016000000001
-13581795.253331408 4433997.305848137 0.7748016000000001
-13581793.491045889 4433996.552451009 0.7748016000000001
-13581791.739953237 4433995.761701168 0.7748016000000001
-13581789.990958285 4433994.963950971 0.7748016000000001
-13581788.244560368 4433994.157533917 0.7748016000000001
-13581786.47223084 4433993.437655556 0.7748016000000001
-13581784.685455794 4433992.76598479 0.7748016000000001
-13581782.903559906 4433992.07803138 0.7748016000000001
-13581781.123563996 4433991.383737325 0.7748016000000001
-13581779.370291442 4433990.60026222 0.7748016000000001
-13581777.619690642 4433989.807870938 0.7748016000000001
-13581775.857921882 4433989.052749408 0.7748016000000001
-13581774.066948896 4433988.395087975 0.7748016000000001
-13581772.281362 4433987.719452064 0.7748016000000001
-13581770.491436638 4433987.058294541 0.7748016000000001
-13581768.711724294 4433986.363054189 0.7748016000000001
-13581766.93297198 4433985.664610019 0.7748016000000001
-13581765.16425362 4433984.932680529 0.7748016000000001
-13581763.35579591 4433984.333369064 0.7748016000000001
-13581761.54563254 4433983.739749708 0.7748016000000001
-13581759.73320084 4433983.153700069 0.7748016000000001
-13581757.953188254 4433982.45946167 0.7748016000000001
-13581756.176791796 4433981.753155588 0.7748016000000001
-13581754.386528568 4433981.093125563 0.7748016000000001
-13581752.57791308 4433980.494340532 0.7748016000000001
-13581750.763550377 4433979.914735135 0.7748016000000001
-13581748.9666765 4433979.276766205 0.7748016000000001
-13581747.19448799 4433978.556417299 0.7748016000000001
-13581745.407581177 4433977.885186216 0.7748016000000001
-13581743.608257474 4433977.25539274 0.7748016000000001
-13581741.794351034 4433976.674264756 0.7748016000000001
-13581739.97646241 4433976.106426064 0.7748016000000001
-13581738.156073771 4433975.546930275 0.7748016000000001
-13581736.36249166 4433974.897976013 0.7748016000000001
-13581734.566104729 4433974.258382031 0.7748016000000001
-13581732.742689269 4433973.708987434 0.7748016000000001
-13581730.922089169 4433973.150197407 0.7748016000000001
-13581729.117380574 4433972.538374324 0.7748016000000001
-13581727.32561087 4433971.883371753 0.7748016000000001
-13581725.529760383 4433971.24198749 0.7748016000000001
-13581723.723932784 4433970.633898737 0.7748016000000001
-13581721.915697772 4433970.03384407 0.7748016000000001
-13581720.104990482 4433969.442039857 0.7748016000000001
-13581718.300752768 4433968.828645404 0.7748016000000001
-13581716.488543889 4433968.241852214 0.7748016000000001
-13581714.65274918 4433967.733769574 0.7748016000000001
-13581712.830689495 4433967.179850568 0.7748016000000001
-13581711.017220322 4433966.597263244 0.7748016000000001
-13581709.206736784 4433966.004712258 0.7748016000000001
-13581707.39865486 4433965.404146729 0.7748016000000001
-13581705.576703835 4433964.84986502 0.7748016000000001
-13581703.749095889 4433964.314461549 0.7748016000000001
-13581701.932009654 4433963.743945052 0.7748016000000001
-13581700.134827849 4433963.107003717 0.7748016000000001
-13581698.308225852 4433962.568243205 0.7748016000000001
-13581696.481286392 4433962.030608819 0.7748016000000001
-13581694.648231244 4433961.513383766 0.7748016000000001
-13581692.846244724 4433960.892476648 0.7748016000000001
-13581691.02932373 4433960.32140876 0.7748016000000001
-13581689.205206197 4433959.774357063 0.7748016000000001
-13581687.398387607 4433959.169575486 0.7748016000000001
-13581685.6148308 4433958.48716491 0.7748016000000001
-13581683.828918844 4433957.81261382 0.7748016000000001
-13581682.011270702 4433957.243972503 0.7748016000000001
-13581680.19112069 4433956.683680465 0.7748016000000001
-13581678.3668057 4433956.137287835 0.7748016000000001
-13581676.559399268 4433955.534468027 0.7748016000000001
-13581674.74318922 4433954.961027484 0.7748016000000001
-13581672.925631396 4433954.392084822 0.7748016000000001
-13581671.097313834 4433953.859049529 0.7748016000000001
-13581669.298717832 4433953.226827592 0.7748016000000001
-13581667.4903268 4433952.627293533 0.7748016000000001
-13581665.676841617 4433952.044759642 0.7748016000000001
-13581663.864635782 4433951.457956402 0.7748016000000001
-13581662.063865922 4433950.83298904 0.7748016000000001
-13581660.260465924 4433950.216798914 0.7748016000000001
-13581658.429075597 4433949.694018023 0.7748016000000001
-13581656.609918196 4433949.130413468 0.7748016000000001
-13581654.79706702 4433948.545763805 0.7748016000000001
-13581652.98385902 4433947.962304879 0.7748016000000001
-13581651.156945318 4433947.424584645 0.7748016000000001
-13581649.327911455 4433946.893939773 0.7748016000000001
-13581647.51747323 4433946.301237535 0.7748016000000001
-13581645.6981362 4433945.73823242 0.7748016000000001
-13581643.877118478 4433945.180836158 0.7748016000000001
-13581642.05215653 4433944.63660249 0.7748016000000001
-13581640.239469703 4433944.051404336 0.7748016000000001
-13581638.431466443 4433943.450576196 0.7748016000000001
-13581636.60364758 4433942.915876668 0.7748016000000001
-13581634.782585744 4433942.358627564 0.7748016000000001
-13581632.985581182 4433941.721094622 0.7748016000000001
-13581631.174318625 4433941.131143467 0.7748016000000001
-13581629.3510667 4433940.581203123 0.7748016000000001
-13581627.525773436 4433940.038075129 0.7748016000000001
-13581625.721755505 4433939.42394716 0.7748016000000001
-13581623.893277513 4433938.891447217 0.7748016000000001
-13581622.06257804 4433938.366360853 0.7748016000000001
-13581620.248520589 4433937.78573673 0.7748016000000001
-13581618.43224469 4433937.212515978 0.7748016000000001
-13581616.603503209 4433936.680895343 0.7748016000000001
-13581614.776196614 4433936.144486265 0.7748016000000001
-13581612.961902564 4433935.564651785 0.7748016000000001
-13581611.129349347 4433935.045751557 0.7748016000000001
-13581609.29769232 4433934.523860671 0.7748016000000001
-13581607.485496735 4433933.937023223 0.7748016000000001
-13581605.657611704 4433933.402544446 0.7748016000000001
-13581603.826566398 4433932.878612101 0.7748016000000001
-13581601.99920946 4433932.342370943 0.7748016000000001
-13581600.179180164 4433931.781676113 0.7748016000000001
-13581598.352542276 4433931.243035379 0.7748016000000001
-13581596.52750102 4433930.699066323 0.7748016000000001
-13581594.693957794 4433930.183470119 0.7748016000000001
-13581592.857072076 4433929.679028352 0.7748016000000001
-13581591.03651746 4433929.120086506 0.7748016000000001
-13581589.221969437 4433928.541099554 0.7748016000000001
-13581587.378051875 4433928.060124491 0.7748016000000001
-13581585.546833431 4433927.536769986 0.7748016000000001
-13581583.711099982 4433927.028482825 0.7748016000000001
-13581581.871352896 4433926.53359003 0.7748016000000001
-13581580.04227866 4433926.003079919 0.7748016000000001
-13581578.22270022 4433925.440880438 0.7748016000000001
-13581576.396133415 4433924.902002459 0.7748016000000001
-13581574.581095705 4433924.32464965 0.7748016000000001
-13581572.770032562 4433923.734033028 0.7748016000000001
-13581570.946354236 4433923.185515663 0.7748016000000001
-13581569.138212888 4433922.585148335 0.7748016000000001
-13581567.334449727 4433921.970170228 0.7748016000000001
-13581565.51055807 4433921.4223648105 0.7748016000000001
-13581563.702890277 4433920.820417195 0.7748016000000001
-13581561.890668906 4433920.23366569 0.7748016000000001
-13581560.06190452 4433919.702121495 0.7748016000000001
-13581558.25976225 4433919.0817342205 0.7748016000000001
-13581556.43584058 4433918.534028901 0.7748016000000001
-13581554.60361417 4433918.0140381 0.7748016000000001
-13581552.783324292 4433917.454212825 0.7748016000000001
-13581550.94624886 4433916.950404256 0.7748016000000001
-13581549.11832236 4433916.416063895 0.7748016000000001
-13581547.28122737 4433915.912320454 0.7748016000000001
-13581545.440736936 4433915.419908418 0.7748016000000001
-13581543.613599729 4433914.882934003 0.7748016000000001
-13581541.764554529 4433914.419070773 0.7748016000000001
-13581539.915093422 4433913.956595567 0.7748016000000001
-13581538.07188494 4433913.473254131 0.7748016000000001
-13581536.218976488 4433913.022283374 0.7748016000000001
-13581534.373431394 4433912.546739602 0.7748016000000001
-13581532.524904948 4433912.081145231 0.7748016000000001
-13581530.684697893 4433911.587787523 0.7748016000000001
-13581528.833500871 4433911.131105346 0.7748016000000001
-13581526.991610453 4433910.643365218 0.7748016000000001
-13581525.149128595 4433910.157598869 0.7748016000000001
-13581523.304310666 4433909.679628528 0.7748016000000001
-13581521.465950344 4433909.180107858 0.7748016000000001
-13581519.623327509 4433908.694811903 0.7748016000000001
-13581517.79302186 4433908.168411199 0.7748016000000001
-13581515.95141984 4433907.679708726 0.7748016000000001
-13581514.122491317 4433907.148712299 0.7748016000000001
-13581512.278381446 4433906.668378929 0.7748016000000001
-13581510.440395173 4433906.167609929 0.7748016000000001
-13581508.596188448 4433905.68759987 0.7748016000000001
-13581506.745719513 4433905.22848796 0.7748016000000001
-13581504.891619686 4433904.781492988 0.7748016000000001
-13581503.049013268 4433904.296142364 0.7748016000000001
-13581501.201969404 4433903.825600351 0.7748016000000001
-13581499.358880898 4433903.341858527 0.7748016000000001
-13581497.51531367 4433902.859714223 0.7748016000000001
-13581495.67359471 4433902.37140196 0.7748016000000001
-13581493.82795328 4433901.896179806 0.7748016000000001
-13581491.978349278 4433901.434181419 0.7748016000000001
-13581490.14219349 4433900.92730371 0.7748016000000001
-13581488.298383914 4433900.445968282 0.7748016000000001
-13581486.460239096 4433899.945728407 0.7748016000000001
-13581484.609170666 4433899.488617111 0.7748016000000001
-13581482.748362912 4433899.064007811 0.7748016000000001
-13581480.88699482 4433898.6412685625 0.7748016000000001
-13581479.029910618 4433898.20423308 0.7748016000000001
-13581477.178995814 4433897.746609074 0.7748016000000001
-13581475.325880026 4433897.296330255 0.7748016000000001
-13581473.467374204 4433896.864039022 0.7748016000000001
-13581471.605819384 4433896.441922857 0.7748016000000001
-13581469.74633356 4433896.012902002 0.7748016000000001
-13581467.885721248 4433895.587640516 0.7748016000000001
-13581466.026337134 4433895.15828038 0.7748016000000001
-13581464.179857086 4433894.685856742 0.7748016000000001
-13581462.33048239 4433894.223093093 0.7748016000000001
-13581460.490132911 4433893.730210593 0.7748016000000001
-13581458.640669003 4433893.267744774 0.7748016000000001
-13581456.790108208 4433892.808939457 0.7748016000000001
-13581454.94910727 4433892.318230913 0.7748016000000001
-13581453.104852311 4433891.838381757 0.7748016000000001
-13581451.263729112 4433891.348081378 0.7748016000000001
-13581449.429569604 4433890.834541754 0.7748016000000001
-13581447.575765464 4433890.386560047 0.7748016000000001
-13581445.730711756 4433889.909376434 0.7748016000000001
-13581443.87783725 4433889.458292445 0.7748016000000001
-13581442.020109529 4433889.023404518 0.7748016000000001
-13581440.156948786 4433888.606647576 0.7748016000000001
-13581438.303693475 4433888.156834372 0.7748016000000001
-13581436.438871829 4433887.745620276 0.7748016000000001
-13581434.57657053 4433887.325995264 0.7748016000000001
-13581432.719140248 4433886.89011466 0.7748016000000001
-13581430.85264307 4433886.484492161 0.7748016000000001
-13581428.991254926 4433886.06181981 0.7748016000000001
-13581427.129644116 4433885.639890403 0.7748016000000001
-13581425.27431418 4433885.197000602 0.7748016000000001
-13581423.42051899 4433884.748989103 0.7748016000000001
-13581421.566399476 4433884.302059894 0.7748016000000001
-13581419.716560606 4433883.840845309 0.7748016000000001
-13581417.861839356 4433883.395924166 0.7748016000000001
-13581416.01417566 4433882.927450694 0.7748016000000001
-13581414.15412467 4433882.500315958 0.7748016000000001
-13581412.289861614 4433882.087237652 0.7748016000000001
-13581410.430782052 4433881.65686111 0.7748016000000001
-13581408.559889195 4433881.265907803 0.7748016000000001
-13581406.68788809 4433880.878652933 0.7748016000000001
-13581404.81869567 4433880.482024863 0.7748016000000001
-13581402.946771575 4433880.094512987 0.7748016000000001
-13581401.07557323 4433879.704579235 0.7748016000000001
-13581399.20099267 4433879.325932454 0.7748016000000001
-13581397.328217627 4433878.9412603 0.7748016000000001
-13581395.460704016 4433878.539029782 0.7748016000000001
-13581393.594798956 4433878.131431278 0.7748016000000001
-13581391.72978014 4433877.720875179 0.7748016000000001
-13581389.864221787 4433877.312119481 0.7748016000000001
-13581387.992895138 4433876.922613821 0.7748016000000001
-13581386.119728344 4433876.539249126 0.7748016000000001
-13581384.246598816 4433876.155760011 0.7748016000000001
-13581382.377328891 4433875.759390584 0.7748016000000001
-13581380.498895932 4433875.393600058 0.7748016000000001
-13581378.62292013 4433875.019609609 0.7748016000000001
-13581376.744831352 4433874.6526704375 0.7748016000000001
-13581374.864858942 4433874.292017288 0.7748016000000001
-13581372.980525907 4433873.945916497 0.7748016000000001
-13581371.101269571 4433873.582873735 0.7748016000000001
-13581369.21601413 4433873.239851126 0.7748016000000001
-13581367.333900694 4433872.886343012 0.7748016000000001
-13581365.446799984 4433872.54947851 0.7748016000000001
-13581363.562072909 4433872.204692664 0.7748016000000001
-13581361.677024044 4433871.860980624 0.7748016000000001
-13581359.79555528 4433871.505321189 0.7748016000000001
-13581357.916902844 4433871.140263113 0.7748016000000001
-13581356.035278164 4433870.78512397 0.7748016000000001
-13581354.157785118 4433870.416196699 0.7748016000000001
-13581352.280526783 4433870.046486213 0.7748016000000001
-13581350.40369884 4433869.675339528 0.7748016000000001
-13581348.52187092 4433869.320878603 0.7748016000000001
-13581346.639150929 4433868.969394658 0.7748016000000001
-13581344.780860806 4433868.536383565 0.7748016000000001
-13581342.905382864 4433868.160731632 0.7748016000000001
-13581341.038162433 4433867.757522753 0.7748016000000001
-13581339.172257528 4433867.349923564 0.7748016000000001
-13581337.307592047 4433866.938188285 0.7748016000000001
-13581335.440861136 4433866.533345809 0.7748016000000001
-13581333.57271494 4433866.133226355 0.7748016000000001
-13581331.70764817 4433865.722830224 0.7748016000000001
-13581329.843992967 4433865.307723409 0.7748016000000001
-13581327.982708989 4433864.884703467 0.7748016000000001
-13581326.103189336 4433864.522539434 0.7748016000000001
-13581324.21862824 4433864.177199615 0.7748016000000001
-13581322.315731796 4433863.89304851 0.7748016000000001
-13581320.384095632 4433863.704807403 0.7748016000000001
-13581318.426040707 4433863.60473082 0.7748016000000001
-13581316.456048466 4433863.544491291 0.7748016000000001
-13581314.50217985 4433863.430444243 0.7748016000000001
-13581312.523831747 4433863.398089962 0.7748016000000001
-13581310.529356487 4433863.419554972 0.7748016000000001
-13581308.545594975 4433863.405266248 0.7748016000000001
-13581306.537192088 4433863.47321064 0.7748016000000001
-13581304.583456377 4433863.358719999 0.7748016000000001
-13581302.680047588 4433863.076278617 0.7748016000000001
-13581300.766464664 4433862.827790287 0.7748016000000001
-13581298.869277831 4433862.524585135 0.7748016000000001
-13581296.99691742 4433862.138529321 0.7748016000000001
-13581295.12752834 4433861.742557539 0.7748016000000001
-13581293.345826743 4433861.053955732 0.7748016000000001
-13581291.598105026 4433860.251956452 0.7748016000000001
-13581289.845312672 4433859.466878859 0.7748016000000001
-13581288.078747189 4433858.727764789 0.7748016000000001
-13581286.327338977 4433857.938068046 0.7748016000000001
-13581284.588781614 4433857.105485616 0.7748016000000001
-13581282.818593264 4433856.378461784 0.7748016000000001
-13581280.963181008 4433855.93584663 0.7748016000000001
-13581279.013348851 4433855.808329058 0.7748016000000001
-13581277.081738632 4433855.620001432 0.7748016000000001
-13581275.119025571 4433855.535469972 0.7748016000000001
-13581272.965076432 4433856.089130254 0.7748016000000001
-13581270.707592083 4433856.988307718 0.7748016000000001
-13581268.515590008 4433857.668958204 0.7748016000000001
-13581266.272081148 4433858.5214967625 0.7748016000000001
-13581266.272081148 4433858.5214967625 0.7748016000000001
-13581266.272081148 4433858.5214967625 0.7748016000000001
-13581266.272081148 4433858.5214967625 0.7748016000000001
-13581266.272081148 4433858.5214967625 0.7748016000000001
-13581266.272081148 4433858.5214967625 0.7748016000000001
-13581266.272081148 4433858.5214967625 0.7748016000000001
-13581266.272081148 4433858.5214967625 0.7748016000000001
-13581266.272081148 4433858.5214967625 0.7748016000000001
-13581266.272081148 4433858.5214967625 0.7748016000000001
-13581266.272081148 4433858.5214967625 0.7748016000000001
-13581266.272081148 4433858.5214967625 0.7748016000000001
-13581266.272081148 4433858.5214967625 0.7748016000000001
-13581266.272081148 4433858.5214967625 0.7748016000000001
-13581266.272081148 4433858.5214967625 0.7748016000000001
-13581266.272081148 4433858.5214967625 0.7748016000000001
-13581266.272081148 4433858.5214967625 0.7748016000000001
-13581266.272081148 4433858.5214967625 0.7748016000000001
-13581266.272081148 4433858.5214967625 0.7748016000000001
-13581266.272081148 4433858.5214967625 0.7748016000000001
-13581266.272081148 4433858.5214967625 0.7748016000000001
-13581266.272081148 4433858.5214967625 0.7748016000000001
-13581266.272081148 4433858.5214967625 0.7748016000000001
-13581266.272081148 4433858.5214967625 0.7748016000000001
-13581266.272081148 4433858.5214967625 0.7748016000000001
-13581266.272081148 4433858.5214967625 0.7748016000000001
-13581266.272081148 4433858.5214967625 0.7748016000000001
-13581266.272081148 4433858.5214967625 0.7748016000000001
-13581266.272081148 4433858.5214967625 0.7748016000000001
-13581266.272081148 4433858.5214967625 0.7748016000000001
-13581266.272081148 4433858.5214967625 0.7748016000000001
-13581266.272081148 4433858.5214967625 0.7748016000000001
-13581266.272081148 4433858.5214967625 0.7748016000000001
-13581266.272081148 4433858.5214967625 0.7748016000000001
-13581266.272081148 4433858.5214967625 0.7748016000000001
-13581266.272081148 4433858.5214967625 0.7748016000000001
-13581266.272081148 4433858.5214967625 0.7748016000000001
-13581920.05814442 4434085.028889884 0.5798312
-13581918.351619452 4434084.089409074 0.5798312
-13581916.685338922 4434083.01562474 0.5798312
-13581914.956967557 4434082.149049466 0.5798312
-13581913.204747736 4434081.362061211 0.5798312
-13581911.457897227 4434080.557154669 0.5798312
-13581909.727701666 4434079.69666713 0.5798312
-13581907.997731617 4434078.835426973 0.5798312
-13581906.268804245 4434077.970707301 0.5798312
-13581904.539460268 4434077.10737801 0.5798312
-13581902.79990276 4434076.278133221 0.5798312
-13581901.059146635 4434075.452888226 0.5798312
-13581899.339159038 4434074.558334794 0.5798312
-13581897.61997272 4434073.6611074265 0.5798312
-13581895.898216557 4434072.77245604 0.5798312
-13581894.136956325 4434072.015637352 0.5798312
-13581892.371466348 4434071.272934115 0.5798312
-13581890.598545128 4434070.555030537 0.5798312
-13581888.821953962 4434069.849374186 0.5798312
-13581887.052613763 4434069.119519856 0.5798312
-13581885.297231974 4434068.343083762 0.5798312
-13581883.536513343 4434067.584457709 0.5798312
-13581881.7751146 4434066.828101301 0.5798312
-13581880.009293253 4434066.0865038885 0.5798312
-13581878.243072204 4434065.346240445 0.5798312
-13581876.47560772 4434064.610126734 0.5798312
-13581874.707380963 4434063.876556669 0.5798312
-13581872.972081823 4434063.033100726 0.5798312
-13581871.23595054 4434062.192421895 0.5798312
-13581869.499108944 4434061.354113619 0.5798312
-13581867.747685334 4434060.56446831 0.5798312
-13581865.987473171 4434059.804151899 0.5798312
-13581864.22838832 4434059.040073672 0.5798312
-13581862.470193995 4434058.273023495 0.5798312
-13581860.734673629 4434057.430305831 0.5798312
-13581859.016776629 4434056.528775715 0.5798312
-13581857.290838988 4434055.654078763 0.5798312
-13581855.566771602 4434054.773140375 0.5798312
-13581853.814334376 4434053.986877548 0.5798312
-13581852.076878443 4434053.150619339 0.5798312
-13581850.322684688 4434052.370218622 0.5798312
-13581848.576270916 4434051.563854404 0.5798312
-13581846.851366416 4434050.685709527 0.5798312
-13581845.131113471 4434049.792041607 0.5798312
-13581843.409331618 4434048.903476043 0.5798312
-13581841.665250348 4434048.0893279165 0.5798312
-13581839.921543349 4434047.27393058 0.5798312
-13581838.179634016 4434046.4525342295 0.5798312
-13581836.424395967 4434045.675618471 0.5798312
-13581834.701006977 4434044.792416148 0.5798312
-13581832.964334646 4434043.953542858 0.5798312
-13581831.227416648 4434043.115489404 0.5798312
-13581829.474748269 4434042.32999816 0.5798312
-13581827.735387914 4434041.500095367 0.5798312
-13581825.977750083 4434040.731187978 0.5798312
-13581824.22283836 4434039.9531831695 0.5798312
-13581822.489058772 4434039.104656315 0.5798312
-13581820.763875876 4434038.227440598 0.5798312
-13581819.027688738 4434037.386948082 0.5798312
-13581817.313560707 4434036.472840138 0.5798312
-13581815.558720673 4434035.694596177 0.5798312
-13581813.80497442 4434034.912701868 0.5798312
-13581812.059775949 4434034.102281931 0.5798312
-13581810.317020802 4434033.283708295 0.5798312
-13581808.580236992 4434032.445207081 0.5798312
-13581806.84948854 4434031.586564671 0.5798312
-13581805.11825185 4434030.729551582 0.5798312
-13581803.358123764 4434029.968954823 0.5798312
-13581801.613567106 4434029.156393107 0.5798312
-13581799.8676849 4434028.348254927 0.5798312
-13581798.12673658 4434027.523651524 0.5798312
-13581796.416417332 4434026.596832962 0.5798312
-13581794.696446674 4434025.702223 0.5798312
-13581792.962272763 4434024.855011955 0.5798312
-13581791.180067372 4434024.168091363 0.5798312
-13581789.41806788 4434023.413739898 0.5798312
-13581787.659304008 4434022.648590362 0.5798312
-13581785.953690857 4434021.706066539 0.5798312
-13581784.23626412 4434020.802967005 0.5798312
-13581782.535043756 4434019.845783747 0.5798312
-13581780.826500474 4434018.913038462 0.5798312
-13581779.09908902 4434018.043259746 0.5798312
-13581777.387011778 4434017.12230792 0.5798312
-13581775.655453624 4434016.26636775 0.5798312
-13581773.990060916 4434015.189620582 0.5798312
-13581772.296393763 4434014.207230682 0.5798312
-13581770.646076854 4434013.0801725965 0.5798312
-13581768.97156705 4434012.033851029 0.5798312
-13581767.311955675 4434010.937810418 0.5798312
-13581765.662800422 4434009.8068756405 0.5798312
-13581763.981695613 4434008.782562846 0.5798312
-13581762.341467489 4434007.621836603 0.5798312
-13581760.673834018 4434006.552567291 0.5798312
-13581759.008619357 4434005.475225875 0.5798312
-13581757.367061203 4434004.318938245 0.5798312
-13581755.746855631 4434003.0913928775 0.5798312
-13581754.126970775 4434001.862777055 0.5798312
-13581752.464585137 4434000.775994723 0.5798312
-13581750.770059949 4433999.79646835 0.5798312
-13581749.129061157 4433998.638313957 0.5798312
-13581747.499669354 4433997.441424709 0.5798312
-13581745.869447948 4433996.24730409 0.5798312
-13581744.225573812 4433995.09874538 0.5798312
-13581742.601475935 4433993.884189301 0.5798312
-13581740.95950609 4433992.729275423 0.5798312
-13581739.26980422 4433991.733652642 0.5798312
-13581737.598394938 4433990.676984017 0.5798312
-13581735.92370851 4433989.631251833 0.5798312
-13581734.214326303 4433988.701306032 0.5798312
-13581732.526486304 4433987.699469835 0.5798312
-13581730.833752325 4433986.7139658565 0.5798312
-13581729.113360394 4433985.820761758 0.5798312
-13581727.406718517 4433984.881671041 0.5798312
-13581725.68652753 4433983.987796305 0.5798312
-13581723.962929666 4433983.105291095 0.5798312
-13581722.220433127 4433982.285854353 0.5798312
-13581720.45367862 4433981.54737111 0.5798312
-13581718.68866874 4433980.803065797 0.5798312
-13581716.923560305 4433980.059089372 0.5798312
-13581715.176254746 4433979.255701274 0.5798312
-13581713.409139598 4433978.518421544 0.5798312
-13581711.63098863 4433977.81797056 0.5798312
-13581709.8442809 4433977.14607524 0.5798312
-13581708.08149389 4433976.394351708 0.5798312
-13581706.325342009 4433975.620485446 0.5798312
-13581704.559875373 4433974.877704431 0.5798312
-13581702.77256634 4433974.207815691 0.5798312
-13581700.99280289 4433973.512745832 0.5798312
-13581699.212864729 4433972.818259022 0.5798312
-13581697.464074774 4433972.019824697 0.5798312
-13581695.711028444 4433971.235594661 0.5798312
-13581693.93365739 4433970.532540888 0.5798312
-13581692.14795494 4433969.857290694 0.5798312
-13581690.369848097 4433969.156692474 0.5798312
-13581688.607482506 4433968.403562619 0.5798312
-13581686.824824331 4433967.718152991 0.5798312
-13581685.008706637 4433967.144404337 0.5798312
-13581683.229552284 4433966.44730193 0.5798312
-13581681.424420943 4433965.836889639 0.5798312
-13581679.634302976 4433965.176374789 0.5798312
-13581677.839910196 4433964.530125872 0.5798312
-13581676.040159024 4433963.901759018 0.5798312
-13581674.227920284 4433963.315065569 0.5798312
-13581672.44717857 4433962.623260299 0.5798312
-13581670.64170319 4433962.013996178 0.5798312
-13581668.823676595 4433961.446617946 0.5798312
-13581667.01231469 4433960.856998299 0.5798312
-13581665.226795789 4433960.181135515 0.5798312
-13581663.43865576 4433959.514019912 0.5798312
-13581661.609236524 4433958.984661139 0.5798312
-13581659.809081988 4433958.357640322 0.5798312
-13581658.018517235 4433957.698616483 0.5798312
-13581656.221144756 4433957.062311436 0.5798312
-13581654.416004283 4433956.451929682 0.5798312
-13581652.605396155 4433955.859794533 0.5798312
-13581650.830751782 4433955.147641295 0.5798312
-13581649.058163792 4433954.428625637 0.5798312
-13581647.268735647 4433953.765808806 0.5798312
-13581645.475652073 4433953.11519072 0.5798312
-13581643.704793192 4433952.390404625 0.5798312
-13581641.91637048 4433951.724232489 0.5798312
-13581640.120421456 4433951.083177076 0.5798312
-13581638.312094117 4433950.48343046 0.5798312
-13581636.522998994 4433949.819502202 0.5798312
-13581634.720615365 4433949.199920364 0.5798312
-13581632.898174094 4433948.647274702 0.5798312
-13581631.081041364 4433948.076913356 0.5798312
-13581629.265641896 4433947.500767868 0.5798312
-13581627.449767888 4433946.926206007 0.5798312
-13581625.622664504 4433946.389118727 0.5798312
-13581623.80045456 4433945.835701016 0.5798312
-13581621.97963097 4433945.277656853 0.5798312
-13581620.14417654 4433944.768438713 0.5798312
-13581618.315751912 4433944.235760647 0.5798312
-13581616.496775014 4433943.671553645 0.5798312
-13581614.661803648 4433943.160723346 0.5798312
-13581612.828560377 4433942.64412612 0.5798312
-13581611.00679171 4433942.089235877 0.5798312
-13581609.17043806 4433941.583018434 0.5798312
-13581607.347062267 4433941.033491454 0.5798312
-13581605.55296398 4433940.386259816 0.5798312
-13581603.73453932 4433939.820209962 0.5798312
-13581601.905177567 4433939.290659256 0.5798312
-13581600.093326831 4433938.702670894 0.5798312
-13581598.283985334 4433938.106308814 0.5798312
-13581596.456024457 4433937.572083158 0.5798312
-13581594.632283822 4433937.023773667 0.5798312
-13581592.809622254 4433936.471863269 0.5798312
-13581590.98975669 4433935.910621944 0.5798312
-13581589.177962253 4433935.322445681 0.5798312
-13581587.375037732 4433934.704668831 0.5798312
-13581585.552232193 4433934.153238882 0.5798312
-13581583.734171543 4433933.585974259 0.5798312
-13581581.9112305 4433933.034996352 0.5798312
-13581580.087426862 4433932.486897175 0.5798312
-13581578.263814334 4433931.938160285 0.5798312
-13581576.432611538 4433931.414753537 0.5798312
-13581574.595604995 4433930.910714983 0.5798312
-13581572.77444042 4433930.353808714 0.5798312
-13581570.941701503 4433929.835528356 0.5798312
-13581569.11888243 4433929.284143497 0.5798312
-13581567.304835906 4433928.703482881 0.5798312
-13581565.48469044 4433928.143175708 0.5798312
-13581563.672264231 4433927.557107864 0.5798312
-13581561.867393743 4433926.945825106 0.5798312
-13581560.052300137 4433926.368658807 0.5798312
-13581558.243736466 4433925.769700905 0.5798312
-13581556.430574942 4433925.186087019 0.5798312
-13581554.61130297 4433924.62286476 0.5798312
-13581552.80209943 4433924.026042176 0.5798312
-13581550.977147402 4433923.481775396 0.5798312
-13581549.151373813 4433922.940250398 0.5798312
-13581547.312960746 4433922.440905747 0.5798312
-13581545.46881405 4433921.9606952 0.5798312
-13581543.635958605 4433921.44280373 0.5798312
-13581541.802589128 4433920.926627609 0.5798312
-13581539.968582414 4433920.412578016 0.5798312
-13581538.127277732 4433919.922883254 0.5798312
-13581536.277967224 4433919.459905468 0.5798312
-13581534.435952432 4433918.972580451 0.5798312
-13581532.593369955 4433918.487149837 0.5798312
-13581530.754811356 4433917.988290834 0.5798312
-13581528.911806492 4433917.504269971 0.5798312
-13581527.078527397 4433916.9877922 0.5798312
-13581525.236031989 4433916.502071031 0.5798312
-13581523.387197338 4433916.037505187 0.5798312
-13581521.53290326 4433915.591158582 0.5798312
-13581519.6929871 4433915.096830052 0.5798312
-13581517.845717564 4433914.627041036 0.5798312
-13581515.998682294 4433914.156470323 0.5798312
-13581514.151593696 4433913.686077636 0.5798312
-13581512.298930274 4433913.234289159 0.5798312
-13581510.458653923 4433912.741162596 0.5798312
-13581508.604770448 4433912.293445629 0.5798312
-13581506.759634571 4433911.816536329 0.5798312
-13581504.9090584 4433911.357782287 0.5798312
-13581503.055797407 4433910.907987969 0.5798312
-13581501.209757095 4433910.434096911 0.5798312
-13581499.357081551 4433909.982348911 0.5798312
-13581497.506809829 4433909.522578878 0.5798312
-13581495.65729142 4433909.060294814 0.5798312
-13581493.80653896 4433908.602129088 0.5798312
-13581491.948080782 4433908.169678928 0.5798312
-13581490.089621313 4433907.73723294 0.5798312
-13581488.23004276 4433907.308521537 0.5798312
-13581486.369096655 4433906.884374027 0.5798312
-13581484.50994688 4433906.454231785 0.5798312
-13581482.64911008 4433906.02971942 0.5798312
-13581480.792135395 4433905.592318419 0.5798312
-13581478.937898768 4433905.145780095 0.5798312
-13581477.084755886 4433904.695591667 0.5798312
-13581475.230363324 4433904.249573606 0.5798312
-13581473.38116649 4433903.786216485 0.5798312
-13581471.526248757 4433903.341951102 0.5798312
-13581469.67464473 4433902.886627222 0.5798312
-13581467.823922029 4433902.428362114 0.5798312
-13581465.97271498 4433901.971713433 0.5798312
-13581464.130089335 4433901.486427045 0.5798312
-13581462.287170883 4433901.0021176655 0.5798312
-13581460.440295368 4433900.531013764 0.5798312
-13581458.605063872 4433900.021051561 0.5798312
-13581456.754370527 4433899.5626886245 0.5798312
-13581454.898226105 4433899.122516952 0.5798312
-13581453.041482868 4433898.684343508 0.5798312
-13581451.18392129 4433898.248901121 0.5798312
-13581449.316786908 4433897.845405107 0.5798312
-13581447.462294033 4433897.399721872 0.5798312
-13581445.601603009 4433896.974723035 0.5798312
-13581443.738595666 4433896.557454174 0.5798312
-13581441.886544006 4433896.103624196 0.5798312
-13581440.02688726 4433895.675173797 0.5798312
-13581438.168105114 4433895.243804623 0.5798312
-13581436.304572403 4433894.828289104 0.5798312
-13581434.450799806 4433894.380202179 0.5798312
-13581432.596683726 4433893.933261504 0.5798312
-13581430.738895789 4433893.498574464 0.5798312
-13581428.880975692 4433893.064328593 0.5798312
-13581427.023813624 4433892.627553002 0.5798312
-13581425.169403233 4433892.181594393 0.5798312
-13581423.30759749 4433891.760315614 0.5798312
-13581421.44909298 4433891.328020045 0.5798312
-13581419.589278316 4433890.900096645 0.5798312
-13581417.740192072 4433890.436370402 0.5798312
-13581415.89427219 4433889.96207738 0.5798312
-13581414.04831171 4433889.487919949 0.5798312
-13581412.202263458 4433889.0140553685 0.5798312
-13581410.345600491 4433888.575614078 0.5798312
-13581408.48640939 4433888.145609772 0.5798312
-13581406.620090244 4433887.739393112 0.5798312
-13581404.74958847 4433887.347134675 0.5798312
-13581402.880948491 4433886.948662997 0.5798312
-13581401.013499524 4433886.546216757 0.5798312
-13581399.150852982 4433886.127743987 0.5798312
-13581397.287766628 4433885.71073881 0.5798312
-13581395.424964448 4433885.292785276 0.5798312
-13581393.56104222 4433884.878569608 0.5798312
-13581391.692752557 4433884.478929 0.5798312
-13581389.823169611 4433884.083604279 0.5798312
-13581387.958854277 4433883.670700391 0.5798312
-13581386.09062528 4433883.270857254 0.5798312
-13581384.222397435 4433882.871010335 0.5798312
-13581382.36482493 4433882.435604424 0.5798312
-13581380.516553406 4433881.96915926 0.5798312
-13581378.65733288 4433881.539253119 0.5798312
-13581376.796823915 4433881.113646836 0.5798312
-13581374.94068579 4433880.673454073 0.5798312
-13581373.085016632 4433880.231696254 0.5798312
-13581371.219901796 4433879.821460625 0.5798312
-13581369.351204552 4433879.423180123 0.5798312
-13581367.483078295 4433879.022994093 0.5798312
-13581365.615280371 4433878.621712335 0.5798312
-13581363.743781202 4433878.23278247 0.5798312
-13581361.871482924 4433877.846519311 0.5798312
-13581360.000409136 4433877.456169725 0.5798312
-13581358.130526025 4433877.061846733 0.5798312
-13581356.261291549 4433876.665359102 0.5798312
-13581354.3885081 4433876.280715055 0.5798312
-13581352.506982604 4433875.925244843 0.5798312
-13581350.626340732 4433875.566825876 0.5798312
-13581348.737538828 4433875.235638632 0.5798312
-13581346.86029652 4433874.865874614 0.5798312
-13581344.981503109 4433874.501286915 0.5798312
-13581343.106774326 4433874.123134817 0.5798312
-13581341.226865271 4433873.762270373 0.5798312
-13581339.352135267 4433873.3841224 0.5798312
-13581337.474532831 4433873.015560121 0.5798312
-13581335.592639817 4433872.661316477 0.5798312
-13581333.715311736 4433872.291838808 0.5798312
-13581331.83698766 4433871.925684914 0.5798312
-13581329.94024378 4433871.621001442 0.5798312
-13581328.040148357 4433871.327502707 0.5798312
-13581326.131435528 4433871.062762041 0.5798312
-13581324.238329688 4433870.745937748 0.5798312
-13581322.338986652 4433870.44992813 0.5798312
-13581320.438947678 4433870.156241096 0.5798312
-13581318.530426826 4433869.890859715 0.5798312
-13581316.617699206 4433869.639517121 0.5798312
-13581314.709035303 4433869.374613026 0.5798312
-13581312.808903089 4433869.081237203 0.5798312
-13581310.884376748 4433868.869269252 0.5798312
-13581308.978633782 4433868.594617386 0.5798312
-13581307.039893536 4433868.43008397 0.5798312
-13581305.124789637 4433868.186671546 0.5798312
-13581303.210178364 4433867.941615058 0.5798312
-13581301.296159595 4433867.694581239 0.5798312
-13581299.396513453 4433867.399583159 0.5798312
-13581297.501203254 4433867.090115326 0.5798312
-13581295.618542757 4433866.738432897 0.5798312
-13581293.717652416 4433866.447586933 0.5798312
-13581291.831387475 4433866.107933278 0.5798312
-13581289.926128829 4433865.831665288 0.5798312
-13581288.015023349 4433865.5749093 0.5798312
-13581286.124522654 4433865.249391059 0.5798312
-13581284.218204835 4433864.976657705 0.5798312
-13581282.260744462 4433864.874597099 0.5798312
-13581280.264097065 4433864.903311024 0.5798312
-13581278.226348689 4433865.069186865 0.5798312
-13581276.19109471 4433865.226738478 0.5798312
-13581274.112988036 4433865.527297927 0.5798312
-13581274.112988036 4433865.527297927 0.5798312
-13581274.112988036 4433865.527297927 0.5798312
-13581274.112988036 4433865.527297927 0.5798312
-13581274.112988036 4433865.527297927 0.5798312
-13581274.112988036 4433865.527297927 0.5798312
-13581274.112988036 4433865.527297927 0.5798312
-13581274.112988036 4433865.527297927 0.5798312
-13581274.112988036 4433865.527297927 0.5798312
-13581274.112988036 4433865.527297927 0.5798312
-13581274.112988036 4433865.527297927 0.5798312
-13581274.112988036 4433865.527297927 0.5798312
-13581274.112988036 4433865.527297927 0.5798312
-13581274.112988036 4433865.527297927 0.5798312
-13581274.112988036 4433865.527297927 0.5798312
-13581274.112988036 4433865.527297927 0.5798312
-13581274.112988036 4433865.527297927 0.5798312
-13581274.112988036 4433865.527297927 0.5798312
-13581274.112988036 4433865.527297927 0.5798312
-13581274.112988036 4433865.527297927 0.5798312
-13581274.112988036 4433865.527297927 0.5798312
-13581274.112988036 4433865.527297927 0.5798312
-13581274.112988036 4433865.527297927 0.5798312
-13581274.112988036 4433865.527297927 0.5798312
-13581274.112988036 4433865.527297927 0.5798312
-13581274.112988036 4433865.527297927 0.5798312
-13581274.112988036 4433865.527297927 0.5798312
-13581274.112988036 4433865.527297927 0.5798312
-13581274.112988036 4433865.527297927 0.5798312
-13581274.112988036 4433865.527297927 0.5798312
-13581274.112988036 4433865.527297927 0.5798312
-13581274.112988036 4433865.527297927 0.5798312
-13581274.112988036 4433865.527297927 0.5798312
-13581274.112988036 4433865.527297927 0.5798312
-13581274.112988036 4433865.527297927 0.5798312
-13581274.112988036 4433865.527297927 0.5798312
-13581274.112988036 4433865.527297927 0.5798312
-13581274.112988036 4433865.527297927 0.5798312
-13581274.112988036 4433865.527297927 0.5798312
-13581274.112988036 4433865.527297927 0.5798312
-13581274.112988036 4433865.527297927 0.5798312
-13581274.112988036 4433865.527297927 0.5798312
-13581920.63367455 4434083.108234211 0.3229864
-13581918.899561789 4434082.260819228 0.3229864
-13581917.159667086 4434081.432699666 0.3229864
-13581915.42255726 4434080.595286323 0.3229864
-13581913.684893887 4434079.759720382 0.3229864
-13581911.949632697 4434078.916138042 0.3229864
-13581910.21608887 4434078.066824305 0.3229864
-13581908.490804076 4434077.1899485495 0.3229864
-13581906.757501053 4434076.33983127 0.3229864
-13581904.974891989 4434075.654257913 0.3229864
-13581903.193223452 4434074.965545782 0.3229864
-13581901.41714252 4434074.258186532 0.3229864
-13581899.649741476 4434073.521860967 0.3229864
-13581897.893533625 4434072.748181628 0.3229864
-13581896.137380702 4434071.974318902 0.3229864
-13581894.380355991 4434071.2033654535 0.3229864
-13581892.609429035 4434070.478806473 0.3229864
-13581890.830860691 4434069.779748445 0.3229864
-13581889.051436622 4434069.0835460415 0.3229864
-13581887.260749131 4434068.424931774 0.3229864
-13581885.502786629 4434067.657108018 0.3229864
-13581883.749363368 4434066.874135906 0.3229864
-13581881.991335558 4434066.106530036 0.3229864
-13581880.237152375 4434065.326093802 0.3229864
-13581878.474379802 4434064.574322133 0.3229864
-13581876.708351446 4434063.833415776 0.3229864
-13581874.942323036 4434063.092509409 0.3229864
-13581873.194656163 4434062.290326992 0.3229864
-13581871.45630616 4434061.457052453 0.3229864
-13581869.71815351 4434060.623119423 0.3229864
-13581867.983080115 4434059.778910271 0.3229864
-13581866.229984457 4434058.994844702 0.3229864
-13581864.476097556 4434058.21341991 0.3229864
-13581862.728142386 4434057.412199687 0.3229864
-13581860.977022022 4434056.62154224 0.3229864
-13581859.23772224 4434055.791437369 0.3229864
-13581857.499240264 4434054.958603284 0.3229864
-13581855.75572969 4434054.142550585 0.3229864
-13581854.000132876 4434053.366831921 0.3229864
-13581852.226777537 4434052.650377 0.3229864
-13581850.452141162 4434051.938197264 0.3229864
-13581848.690236522 4434051.183529072 0.3229864
-13581846.9446911 4434050.374266968 0.3229864
-13581845.205895651 4434049.542478973 0.3229864
-13581843.469615554 4434048.702296858 0.3229864
-13581841.744139848 4434047.826058356 0.3229864
-13581839.992394373 4434047.037486974 0.3229864
-13581838.236583306 4434046.262483404 0.3229864
-13581836.485743055 4434045.47089134 0.3229864
-13581834.743335504 4434044.651157637 0.3229864
-13581833.024820035 4434043.751691383 0.3229864
-13581831.296093484 4434042.886301484 0.3229864
-13581829.574451655 4434041.997268618 0.3229864
-13581827.808931418 4434041.254666436 0.3229864
-13581826.051693892 4434040.484423149 0.3229864
-13581824.30188878 4434039.689376586 0.3229864
-13581822.55681778 4434038.878531367 0.3229864
-13581820.82304377 4434038.0299858665 0.3229864
-13581819.102076504 4434037.138701686 0.3229864
-13581817.385614922 4434036.232381248 0.3229864
-13581815.636846894 4434035.433873825 0.3229864
-13581813.893213691 4434034.618230309 0.3229864
-13581812.132727848 4434033.858827298 0.3229864
-13581810.381384777 4434033.068913232 0.3229864
-13581808.643926622 4434032.2326624375 0.3229864
-13581806.95367816 4434031.238863701 0.3229864
-13581805.28082035 4434030.18702897 0.3229864
-13581803.55704416 4434029.305118886 0.3229864
-13581801.8226687 4434028.458580538 0.3229864
-13581800.081733568 4434027.633933006 0.3229864
-13581798.33752683 4434026.8202035865 0.3229864
-13581796.63959824 4434025.852034987 0.3229864
-13581794.948976276 4434024.859482747 0.3229864
-13581793.262069603 4434023.85453176 0.3229864
-13581791.565676674 4434022.881238343 0.3229864
-13581789.826528972 4434022.05062602 0.3229864
-13581788.129482226 4434021.079514461 0.3229864
-13581786.351443138 4434020.378690028 0.3229864
-13581784.646964967 4434019.432378627 0.3229864
-13581782.973859103 4434018.38137183 0.3229864
-13581781.282214245 4434017.392233226 0.3229864
-13581779.565615917 4434016.48636902 0.3229864
-13581777.871222056 4434015.506404323 0.3229864
-13581776.258351436 4434014.254380828 0.3229864
-13581774.584121466 4434013.207125318 0.3229864
-13581772.989409467 4434011.894502867 0.3229864
-13581771.293604834 4434010.919246148 0.3229864
-13581769.57412433 4434010.023000517 0.3229864
-13581767.973660218 4434008.72957403 0.3229864
-13581766.3492985 4434007.51589841 0.3229864
-13581764.71597684 4434006.332123984 0.3229864
-13581763.08832253 4434005.129436483 0.3229864
-13581761.409865413 4434004.096287784 0.3229864
-13581759.717207065 4434003.11053127 0.3229864
-13581758.053260524 4434002.02895803 0.3229864
-13581756.37786943 4434000.98557745 0.3229864
-13581754.73080296 4433999.847671956 0.3229864
-13581753.056810308 4433998.799624465 0.3229864
-13581751.420328144 4433997.626397271 0.3229864
-13581749.790156148 4433996.432111763 0.3229864
-13581748.122013953 4433995.364540087 0.3229864
-13581746.447367389 4433994.318674841 0.3229864
-13581744.71326177 4433993.471236073 0.3229864
-13581743.03608611 4433992.433810858 0.3229864
-13581741.33864798 4433991.464005411 0.3229864
-13581739.577567684 4433990.706586279 0.3229864
-13581737.845514458 4433989.85229825 0.3229864
-13581736.065850042 4433989.156897971 0.3229864
-13581734.319510814 4433988.350284929 0.3229864
-13581732.550074754 4433987.620750604 0.3229864
-13581730.806363389 4433986.805368046 0.3229864
-13581729.03440145 4433986.084263068 0.3229864
-13581727.262275187 4433985.363706438 0.3229864
-13581725.498309588 4433984.615916078 0.3229864
-13581723.714099824 4433983.935684544 0.3229864
-13581721.939341364 4433983.223912089 0.3229864
-13581720.151768671 4433982.554903155 0.3229864
-13581718.366424285 4433981.878458046 0.3229864
-13581716.596236307 4433981.151433027 0.3229864
-13581714.812295644 4433980.470303382 0.3229864
-13581713.021749264 4433979.811218223 0.3229864
-13581711.23132568 4433979.151723329 0.3229864
-13581709.471141152 4433978.391314946 0.3229864
-13581707.707717204 4433977.641717004 0.3229864
-13581705.923911372 4433976.960137323 0.3229864
-13581704.126691597 4433976.323322713 0.3229864
-13581702.340159576 4433975.650840915 0.3229864
-13581700.58073224 4433974.887905511 0.3229864
-13581698.820755348 4433974.126804067 0.3229864
-13581697.025289914 4433973.484134873 0.3229864
-13581695.224845996 4433972.858079776 0.3229864
-13581693.429347027 4433972.215522364 0.3229864
-13581691.646897305 4433971.529417199 0.3229864
-13581689.865184702 4433970.840852098 0.3229864
-13581688.055190992 4433970.24666651 0.3229864
-13581686.233446907 4433969.691694147 0.3229864
-13581684.44275363 4433969.033099282 0.3229864
-13581682.649511583 4433968.3830102375 0.3229864
-13581680.846189251 4433967.76656093 0.3229864
-13581679.036531558 4433967.171253939 0.3229864
-13581677.244881283 4433966.515852753 0.3229864
-13581675.460550968 4433965.836023511 0.3229864
-13581673.652686143 4433965.234733452 0.3229864
-13581671.835896866 4433964.6632259 0.3229864
-13581670.042330364 4433964.01421954 0.3229864
-13581668.242015593 4433963.38773352 0.3229864
-13581666.43798988 4433962.773631575 0.3229864
-13581664.622245062 4433962.198638529 0.3229864
-13581662.805107718 4433961.628292594 0.3229864
-13581660.998638624 4433961.022344752 0.3229864
-13581659.185224682 4433960.439573144 0.3229864
-13581657.364192488 4433959.882225067 0.3229864
-13581655.544206789 4433959.321384723 0.3229864
-13581653.727059808 4433958.7510710135 0.3229864
-13581651.906051788 4433958.193642322 0.3229864
-13581650.085209811 4433957.63565944 0.3229864
-13581648.267361157 4433957.067687398 0.3229864
-13581646.475063674 4433956.414446105 0.3229864
-13581644.65959948 4433955.8385164905 0.3229864
-13581642.834653502 4433955.294229525 0.3229864
-13581641.037246414 4433954.65804 0.3229864
-13581639.231201673 4433954.0506759565 0.3229864
-13581637.40418776 4433953.51329005 0.3229864
-13581635.585347353 4433952.948627573 0.3229864
-13581633.773184074 4433952.36168233 0.3229864
-13581631.955878774 4433951.791896937 0.3229864
-13581630.129457723 4433951.25253251 0.3229864
-13581628.304615991 4433950.7078976985 0.3229864
-13581626.482177917 4433950.155241398 0.3229864
-13581624.648857318 4433949.638902168 0.3229864
-13581622.814880555 4433949.124752608 0.3229864
-13581620.986221338 4433948.592857451 0.3229864
-13581619.151377078 4433948.081603067 0.3229864
-13581617.31603956 4433947.57199465 0.3229864
-13581615.484620571 4433947.049309313 0.3229864
-13581613.650834093 4433946.534524813 0.3229864
-13581611.823315172 4433945.998824325 0.3229864
-13581609.99640009 4433945.461108672 0.3229864
-13581608.165186737 4433944.937737055 0.3229864
-13581606.33183446 4433944.421503544 0.3229864
-13581604.507863272 4433943.873963571 0.3229864
-13581602.681771357 4433943.333500825 0.3229864
-13581600.855713034 4433942.792925945 0.3229864
-13581599.041867375 4433942.2115950165 0.3229864
-13581597.223485636 4433941.645401985 0.3229864
-13581595.41320651 4433941.0521688815 0.3229864
-13581593.592538211 4433940.493606408 0.3229864
-13581591.757128296 4433939.984239736 0.3229864
-13581589.936091788 4433939.426906072 0.3229864
-13581588.11478032 4433938.87048998 0.3229864
-13581586.279999437 4433938.359024006 0.3229864
-13581584.453816583 4433937.818864783 0.3229864
-13581582.6152104 4433937.320164617 0.3229864
-13581580.772862677 4433936.833950549 0.3229864
-13581578.93229722 4433936.341788819 0.3229864
-13581577.100118132 4433935.821640197 0.3229864
-13581575.266388016 4433935.30666761 0.3229864
-13581573.432213314 4433934.793178661 0.3229864
-13581571.6068483 4433934.250290061 0.3229864
-13581569.767937254 4433933.752607296 0.3229864
-13581567.930876223 4433933.248750611 0.3229864
-13581566.09308114 4433932.747343546 0.3229864
-13581564.26046605 4433932.228649927 0.3229864
-13581562.41952638 4433931.737737029 0.3229864
-13581560.57696852 4433931.252224336 0.3229864
-13581558.735084118 4433930.764464113 0.3229864
-13581556.90791233 4433930.227605109 0.3229864
-13581555.068933796 4433929.730147606 0.3229864
-13581553.221645452 4433929.260421408 0.3229864
-13581551.373654429 4433928.793040173 0.3229864
-13581549.52464212 4433928.329067215 0.3229864
-13581547.673095688 4433927.873551189 0.3229864
-13581545.818661967 4433927.4276705785 0.3229864
-13581543.965486849 4433926.977589629 0.3229864
-13581542.111604571 4433926.529868763 0.3229864
-13581540.252425335 4433926.099824814 0.3229864
-13581538.40367036 4433925.63499304 0.3229864
-13581536.550447252 4433925.185072375 0.3229864
-13581534.695276745 4433924.741650554 0.3229864
-13581532.845289556 4433924.2809309615 0.3229864
-13581530.990914896 4433923.834853152 0.3229864
-13581529.13701153 4433923.387202608 0.3229864
-13581527.282614026 4433922.941201197 0.3229864
-13581525.42976464 4433922.490033269 0.3229864
-13581523.575188134 4433922.044629067 0.3229864
-13581521.718907475 4433921.604912001 0.3229864
-13581519.864221226 4433921.159874159 0.3229864
-13581518.01275304 4433920.704096977 0.3229864
-13581516.157850554 4433920.25978059 0.3229864
-13581514.305117302 4433919.80822515 0.3229864
-13581512.452384066 4433919.356669717 0.3229864
-13581510.599432305 4433918.90584349 0.3229864
-13581508.746853951 4433918.4537710855 0.3229864
-13581506.888410715 4433918.021270927 0.3229864
-13581505.03227221 4433917.581079538 0.3229864
-13581503.171844007 4433917.15520364 0.3229864
-13581501.31525771 4433916.716506496 0.3229864
-13581499.456330178 4433916.2856226005 0.3229864
-13581497.60125458 4433915.841884044 0.3229864
-13581495.741854498 4433915.412577111 0.3229864
-13581493.884474283 4433914.97652941 0.3229864
-13581492.024833098 4433914.548027091 0.3229864
-13581490.165590826 4433914.118193611 0.3229864
-13581488.305501262 4433913.691187567 0.3229864
-13581486.445511818 4433913.263847378 0.3229864
-13581484.585523026 4433912.836505141 0.3229864
-13581482.727185616 4433912.403651866 0.3229864
-13581480.862766366 4433911.991094835 0.3229864
-13581479.001594037 4433911.567702188 0.3229864
-13581477.13930979 4433911.148020335 0.3229864
-13581475.267256953 4433910.760938095 0.3229864
-13581473.409519808 4433910.326081552 0.3229864
-13581471.54513308 4433909.91341605 0.3229864
-13581469.681090642 4433909.499601584 0.3229864
-13581467.81046101 4433909.107769833 0.3229864
-13581465.948918097 4433908.685613875 0.3229864
-13581464.087817913 4433908.261980503 0.3229864
-13581462.219414638 4433907.862719071 0.3229864
-13581460.360595929 4433907.431471942 0.3229864
-13581458.495551163 4433907.021002336 0.3229864
-13581456.628319694 4433906.617830256 0.3229864
-13581454.766204042 4433906.19758577 0.3229864
-13581452.9046721 4433905.775393298 0.3229864
-13581451.038502334 4433905.368678004 0.3229864
-13581449.17839908 4433904.941717692 0.3229864
-13581447.308098176 4433904.548788977 0.3229864
-13581445.43917389 4433904.151266153 0.3229864
-13581443.566284278 4433903.766976359 0.3229864
-13581441.695648516 4433903.375165026 0.3229864
-13581439.821649136 4433902.994578846 0.3229864
-13581437.953797195 4433902.593477392 0.3229864
-13581436.07775204 4433902.2197182365 0.3229864
-13581434.200847788 4433901.848826143 0.3229864
-13581432.325244436 4433901.473592683 0.3229864
-13581430.454521924 4433901.082070894 0.3229864
-13581428.581805998 4433900.697201434 0.3229864
-13581426.704327453 4433900.328225914 0.3229864
-13581424.836342644 4433899.927567909 0.3229864
-13581422.97039861 4433899.5200992925 0.3229864
-13581421.104600044 4433899.112145339 0.3229864
-13581419.23829894 4433898.705868513 0.3229864
-13581417.373853847 4433898.293397758 0.3229864
-13581415.500252126 4433897.911484415 0.3229864
-13581413.633651054 4433897.506208536 0.3229864
-13581411.764078071 4433897.110850614 0.3229864
-13581409.897896364 4433896.704175271 0.3229864
-13581408.02657529 4433896.314650926 0.3229864
-13581406.160691574 4433895.906981174 0.3229864
-13581404.293466397 4433895.503788121 0.3229864
-13581402.421530344 4433895.116316149 0.3229864
-13581400.55950686 4433894.695763942 0.3229864
-13581398.686806262 4433894.310843411 0.3229864
-13581396.810256038 4433893.938769931 0.3229864
-13581394.940759905 4433893.543155424 0.3229864
-13581393.067338586 4433893.160640009 0.3229864
-13581391.19198352 4433892.784577946 0.3229864
-13581389.317247435 4433892.406450285 0.3229864
-13581387.438974014 4433892.040127391 0.3229864
-13581385.564308856 4433891.661762854 0.3229864
-13581383.685638256 4433891.296765376 0.3229864
-13581381.812138882 4433890.91451058 0.3229864
-13581379.938272487 4433890.533480534 0.3229864
-13581378.061011571 4433890.16377858 0.3229864
-13581376.19782713 4433889.747100794 0.3229864
-13581374.32635415 4433889.358083574 0.3229864
-13581372.447264386 4433888.994484873 0.3229864
-13581370.571812551 4433888.6187456725 0.3229864
-13581368.694754954 4433888.248365364 0.3229864
-13581366.808688097 4433887.908050635 0.3229864
-13581364.935570952 4433887.52452015 0.3229864
-13581363.06231382 4433887.14145684 0.3229864
-13581361.187957983 4433886.762060221 0.3229864
-13581359.318434997 4433886.366535382 0.3229864
-13581357.445017984 4433885.98400559 0.3229864
-13581355.57244468 4433885.598660287 0.3229864
-13581353.690310828 4433885.245220383 0.3229864
-13581351.807785848 4433884.893085714 0.3229864
-13581349.925305406 4433884.54080234 0.3229864
-13581348.039538186 4433884.199487653 0.3229864
-13581346.157755746 4433883.844875107 0.3229864
-13581344.278815689 4433883.480776805 0.3229864
-13581342.389139676 4433883.152506452 0.3229864
-13581340.504146889 4433882.808607323 0.3229864
-13581338.627455294 4433882.437005597 0.3229864
-13581336.74260375 4433882.092635164 0.3229864
-13581334.861824015 4433881.7346761525 0.3229864
-13581332.970628286 4433881.4114774605 0.3229864
-13581331.097783577 4433881.027037931 0.3229864
-13581329.213027228 4433880.682349773 0.3229864
-13581327.324162103 4433880.351373356 0.3229864
-13581325.436962092 4433880.014840123 0.3229864
-13581323.551668763 4433879.671944052 0.3229864
-13581321.66605822 4433879.330106506 0.3229864
-13581319.786160031 4433878.969205654 0.3229864
-13581317.891798353 4433878.65657239 0.3229864
-13581316.020459335 4433878.2671080185 0.3229864
-13581314.142589888 4433877.899436939 0.3229864
-13581312.27420224 4433877.500123167 0.3229864
-13581310.399812168 4433877.120840819 0.3229864
-13581308.526286297 4433876.738674428 0.3229864
-13581306.652179938 4433876.358445055 0.3229864
-13581304.77498246 4433875.988531481 0.3229864
-13581302.894431002 4433875.629810862 0.3229864
-13581301.018773649 4433875.254757599 0.3229864
-13581299.136524038 4433874.901703928 0.3229864
-13581297.255369842 4433874.54499464 0.3229864
-13581295.371822707 4433874.196271181 0.3229864
-13581293.484536843 4433873.860024501 0.3229864
-13581291.583627528 4433873.569241854 0.3229864
-13581289.683701675 4433873.2751773065 0.3229864
-13581287.759169891 4433873.063227518 0.3229864
-13581285.804347135 4433872.952364563 0.3229864
-13581283.834244467 4433872.892493541 0.3229864
-13581281.863454051 4433872.834917747 0.3229864
-13581279.876177378 4433872.832359929 0.3229864
-13581277.89068823 4433872.823836609 0.3229864
-13581277.89068823 4433872.823836609 0.3229864
-13581277.89068823 4433872.823836609 0.3229864
-13581277.89068823 4433872.823836609 0.3229864
-13581277.89068823 4433872.823836609 0.3229864
-13581277.89068823 4433872.823836609 0.3229864
-13581277.89068823 4433872.823836609 0.3229864
-13581277.89068823 4433872.823836609 0.3229864
-13581277.89068823 4433872.823836609 0.3229864
-13581277.89068823 4433872.823836609 0.3229864
-13581277.89068823 4433872.823836609 0.3229864
-13581277.89068823 4433872.823836609 0.3229864
-13581277.89068823 4433872.823836609 0.3229864
-13581277.89068823 4433872.823836609 0.3229864
-13581277.89068823 4433872.823836609 0.3229864
-13581277.89068823 4433872.823836609 0.3229864
-13581277.89068823 4433872.823836609 0.3229864
-13581277.89068823 4433872.823836609 0.3229864
-13581277.89068823 4433872.823836609 0.3229864
-13581277.89068823 4433872.823836609 0.3229864
-13581277.89068823 4433872.823836609 0.3229864
-13581277.89068823 4433872.823836609 0.3229864
-13581277.89068823 4433872.823836609 0.3229864
-13581277.89068823 4433872.823836609 0.3229864
-13581277.89068823 4433872.823836609 0.3229864
-13581277.89068823 4433872.823836609 0.3229864
-13581277.89068823 4433872.823836609 0.3229864
-13581277.89068823 4433872.823836609 0.3229864
-13581277.89068823 4433872.823836609 0.3229864
-13581277.89068823 4433872.823836609 0.3229864
-13581277.89068823 4433872.823836609 0.3229864
-13581277.89068823 4433872.823836609 0.3229864
-13581277.89068823 4433872.823836609 0.3229864
-13581277.89068823 4433872.823836609 0.3229864
-13581277.89068823 4433872.823836609 0.3229864
-13581277.89068823 4433872.823836609 0.3229864
-13581277.89068823 4433872.823836609 0.3229864
-13581277.89068823 4433872.823836609 0.3229864
-13581277.89068823 4433872.823836609 0.3229864
-13581277.89068823 4433872.823836609 0.3229864
-13581277.89068823 4433872.823836609 0.3229864
-13581277.89068823 4433872.823836609 0.3229864
-13581277.89068823 4433872.823836609 0.3229864
-13581277.89068823 4433872.823836609 0.3229864
-13581277.89068823 4433872.823836609 0.3229864
-13581919.59293677 4434086.581378033 0.023342600000000005
-13581917.853766466 4434085.750841043 0.023342600000000005
-13581916.120664353 4434084.900053289 0.023342600000000005
-13581914.377433231 4434084.083067895 0.023342600000000005
-13581912.639204103 4434083.249389987 0.023342600000000005
-13581910.869918471 4434082.519353808 0.023342600000000005
-13581909.103512457 4434081.779707576 0.023342600000000005
-13581907.338678136 4434081.034816251 0.023342600000000005
-13581905.604560068 4434080.187418934 0.023342600000000005
-13581903.840673866 4434079.439363756 0.023342600000000005
-13581902.099194558 4434078.616532383 0.023342600000000005
-13581900.355822958 4434077.800015741 0.023342600000000005
-13581898.592495762 4434077.050094954 0.023342600000000005
-13581896.82147404 4434076.32585238 0.023342600000000005
-13581895.043939618 4434075.623343857 0.023342600000000005
-13581893.28243804 4434074.867330588 0.023342600000000005
-13581891.505997209 4434074.161172481 0.023342600000000005
-13581889.766221585 4434073.332655633 0.023342600000000005
-13581888.022993658 4434072.51565967 0.023342600000000005
-13581886.270110833 4434071.730883899 0.023342600000000005
-13581884.487182302 4434071.046376618 0.023342600000000005
-13581882.704205789 4434070.362029445 0.023342600000000005
-13581880.929734193 4434069.649299677 0.023342600000000005
-13581879.164254302 4434068.90656275 0.023342600000000005
-13581877.407838786 4434068.133576348 0.023342600000000005
-13581875.646935623 4434067.375566236 0.023342600000000005
-13581873.88626358 4434066.6167846285 0.023342600000000005
-13581872.13170782 4434065.837591752 0.023342600000000005
-13581870.35058251 4434065.1470667245 0.023342600000000005
-13581868.56642181 4434064.466671472 0.023342600000000005
-13581866.783394167 4434063.78249494 0.023342600000000005
-13581864.996422429 4434063.1114804335 0.023342600000000005
-13581863.222888038 4434062.395623122 0.023342600000000005
-13581861.448396552 4434061.682959726 0.023342600000000005
-13581859.645077 4434061.066501098 0.023342600000000005
-13581857.857344346 4434060.398026103 0.023342600000000005
-13581856.088020928 4434059.6681159 0.023342600000000005
-13581854.318266837 4434058.939642915 0.023342600000000005
-13581852.574376144 4434058.124858642 0.023342600000000005
-13581850.792071562 4434057.43826907 0.023342600000000005
-13581849.004378345 4434056.769662566 0.023342600000000005
-13581847.208839534 4434056.127238122 0.023342600000000005
-13581845.449484617 4434055.36406098 0.023342600000000005
-13581843.71431517 4434054.52017231 0.023342600000000005
-13581841.957754804 4434053.747669396 0.023342600000000005
-13581840.241499957 4434052.840659098 0.023342600000000005
-13581838.521107305 4434051.947457266 0.023342600000000005
-13581836.752582792 4434051.214880922 0.023342600000000005
-13581835.008562654 4434050.400528823 0.023342600000000005
-13581833.27642545 4434049.546520989 0.023342600000000005
-13581831.551850488 4434048.667276436 0.023342600000000005
-13581829.792844404 4434047.902935194 0.023342600000000005
-13581828.057452038 4434047.059790553 0.023342600000000005
-13581826.33174668 4434046.184318397 0.023342600000000005
-13581824.577271976 4434045.404855029 0.023342600000000005
-13581822.7947925 4434044.718849164 0.023342600000000005
-13581821.02407272 4434043.99359889 0.023342600000000005
-13581819.277323516 4434043.18835413 0.023342600000000005
-13581817.516920695 4434042.428674033 0.023342600000000005
-13581815.868499788 4434041.295288681 0.023342600000000005
-13581814.218627095 4434040.166748339 0.023342600000000005
-13581812.57276545 4434039.024822174 0.023342600000000005
-13581810.893370591 4434037.994802818 0.023342600000000005
-13581809.227837753 4434036.918523371 0.023342600000000005
-13581807.541266115 4434035.912454391 0.023342600000000005
-13581806.007261423 4434034.3972399 0.023342600000000005
-13581804.408144291 4434033.099318215 0.023342600000000005
-13581802.824591665 4434031.749454916 0.023342600000000005
-13581801.156641746 4434030.681241653 0.023342600000000005
-13581799.587850353 4434029.282117075 0.023342600000000005
-13581797.862711512 4434028.404754379 0.023342600000000005
-13581796.25514603 4434027.135026577 0.023342600000000005
-13581794.463578738 4434026.479348468 0.023342600000000005
-13581792.799357437 4434025.398692004 0.023342600000000005
-13581791.134454085 4434024.320311755 0.023342600000000005
-13581789.425165167 4434023.390054878 0.023342600000000005
-13581787.73209064 4434022.405687249 0.023342600000000005
-13581786.106333992 4434021.196666781 0.023342600000000005
-13581784.51547131 4434019.871198462 0.023342600000000005
-13581782.921780542 4434018.555168092 0.023342600000000005
-13581781.308840442 4434017.303376441 0.023342600000000005
-13581779.708365088 4434016.009987341 0.023342600000000005
-13581778.035621095 4434014.957772838 0.023342600000000005
-13581776.577774191 4434013.188405143 0.023342600000000005
-13581775.18220321 4434011.21121054 0.023342600000000005
-13581773.636513662 4434009.734990678 0.023342600000000005
-13581772.037428752 4434008.436961472 0.023342600000000005
-13581770.548783276 4434006.770374593 0.023342600000000005
-13581769.063452655 4434005.09272531 0.023342600000000005
-13581767.529965196 4434003.575784676 0.023342600000000005
-13581765.983636113 4434002.101699139 0.023342600000000005
-13581764.420103123 4434000.685026353 0.023342600000000005
-13581762.87544392 4433999.20536807 0.023342600000000005
-13581761.261378571 4433997.9573314665 0.023342600000000005
-13581759.704833943 4433996.517337214 0.023342600000000005
-13581758.098801348 4433995.242493877 0.023342600000000005
-13581756.421208344 4433994.206461353 0.023342600000000005
-13581754.665331168 4433993.431678407 0.023342600000000005
-13581752.9578639 4433992.495342266 0.023342600000000005
-13581751.224979777 4433991.643827041 0.023342600000000005
-13581749.490210444 4433990.798603049 0.023342600000000005
-13581747.749026494 4433989.974785958 0.023342600000000005
-13581745.978855474 4433989.247704431 0.023342600000000005
-13581744.143393148 4433988.738512524 0.023342600000000005
-13581742.385469517 4433987.970558925 0.023342600000000005
-13581740.60113405 4433987.290746804 0.023342600000000005
-13581738.806068052 4433986.646744612 0.023342600000000005
-13581737.002644869 4433986.030631952 0.023342600000000005
-13581735.192013746 4433985.43857343 0.023342600000000005
-13581733.403408716 4433984.773009671 0.023342600000000005
-13581731.612160088 4433984.116268185 0.023342600000000005
-13581729.817862935 4433983.469700139 0.023342600000000005
-13581728.015232109 4433982.85094317 0.023342600000000005
-13581726.191226851 4433982.303516789 0.023342600000000005
-13581724.409892868 4433981.613688208 0.023342600000000005
-13581722.62077478 4433980.949836622 0.023342600000000005
-13581720.82513177 4433980.307759907 0.023342600000000005
-13581719.016766926 4433979.708138517 0.023342600000000005
-13581717.201364145 4433979.132004084 0.023342600000000005
-13581715.40477275 4433978.493092376 0.023342600000000005
-13581713.618573394 4433977.8195003485 0.023342600000000005
-13581711.810587524 4433977.218614215 0.023342600000000005
-13581709.99785459 4433976.633570056 0.023342600000000005
-13581708.189437125 4433976.034124197 0.023342600000000005
-13581706.408492606 4433975.342995767 0.023342600000000005
-13581704.62225034 4433974.669547069 0.023342600000000005
-13581702.817864902 4433974.056645596 0.023342600000000005
-13581701.01104434 4433973.451870579 0.023342600000000005
-13581699.213704556 4433972.81545635 0.023342600000000005
-13581697.425174914 4433972.14964107 0.023342600000000005
-13581695.627777882 4433971.513417929 0.023342600000000005
-13581693.81416263 4433970.931318073 0.023342600000000005
-13581691.999664476 4433970.352164729 0.023342600000000005
-13581690.202913336 4433969.713786144 0.023342600000000005
-13581688.40763694 4433969.07048604 0.023342600000000005
-13581686.597876005 4433968.475523574 0.023342600000000005
-13581684.782312278 4433967.899926217 0.023342600000000005
-13581682.979551291 4433967.281603721 0.023342600000000005
-13581681.174079746 4433966.672326767 0.023342600000000005
-13581679.35404304 4433966.111656557 0.023342600000000005
-13581677.529149124 4433965.567195843 0.023342600000000005
-13581675.704255229 4433965.022735133 0.023342600000000005
-13581673.882740788 4433964.466996492 0.023342600000000005
-13581672.063665012 4433963.903119423 0.023342600000000005
-13581670.241338214 4433963.3500917535 0.023342600000000005
-13581668.409465935 4433962.828919247 0.023342600000000005
-13581666.590542804 4433962.264532881 0.023342600000000005
-13581664.766379835 4433961.717632836 0.023342600000000005
-13581662.927370865 4433961.220276764 0.023342600000000005
-13581661.106093392 4433960.663747354 0.023342600000000005
-13581659.281324577 4433960.118869158 0.023342600000000005
-13581657.44900766 4433959.599180384 0.023342600000000005
-13581655.617784744 4433959.075840817 0.023342600000000005
-13581653.78876154 4433958.545160364 0.023342600000000005
-13581651.95738412 4433958.022336368 0.023342600000000005
-13581650.122469166 4433957.511317746 0.023342600000000005
-13581648.29653412 4433956.970331557 0.023342600000000005
-13581646.46508598 4433956.447743606 0.023342600000000005
-13581644.641281838 4433955.899646014 0.023342600000000005
-13581642.804500742 4433955.3948551295 0.023342600000000005
-13581640.980240384 4433954.848280176 0.023342600000000005
-13581639.154739514 4433954.305844999 0.023342600000000005
-13581637.323917609 4433953.781167123 0.023342600000000005
-13581635.48329828 4433953.289185117 0.023342600000000005
-13581633.65292646 4433952.763005309 0.023342600000000005
-13581631.807364026 4433952.287519456 0.023342600000000005
-13581629.977667823 4433951.759084845 0.023342600000000005
-13581628.139942164 4433951.2574461885 0.023342600000000005
-13581626.293788532 4433950.783933306 0.023342600000000005
-13581624.459251184 4433950.271654605 0.023342600000000005
-13581622.620013166 4433949.775062882 0.023342600000000005
-13581620.7793338 4433949.28328129 0.023342600000000005
-13581618.94375508 4433948.774477943 0.023342600000000005
-13581617.106230456 4433948.272168318 0.023342600000000005
-13581615.262353033 4433947.791059197 0.023342600000000005
-13581613.42128752 4433947.300566247 0.023342600000000005
-13581611.58237254 4433946.802896613 0.023342600000000005
-13581609.74476348 4433946.300868853 0.023342600000000005
-13581607.905357148 4433945.804838783 0.023342600000000005
-13581606.065942349 4433945.308837081 0.023342600000000005
-13581604.225373857 4433944.816685537 0.023342600000000005
-13581602.390861183 4433944.304324494 0.023342600000000005
-13581600.556762088 4433943.790583231 0.023342600000000005
-13581598.722159185 4433943.278523254 0.023342600000000005
-13581596.89263384 4433942.749518585 0.023342600000000005
-13581595.062760746 4433942.221674367 0.023342600000000005
-13581593.229031945 4433941.706697322 0.023342600000000005
-13581591.394873438 4433941.193154449 0.023342600000000005
-13581589.566526985 4433940.660215495 0.023342600000000005
-13581587.731107429 4433940.150880831 0.023342600000000005
-13581585.89619719 4433939.639846527 0.023342600000000005
-13581584.062224604 4433939.125683172 0.023342600000000005
-13581582.222255295 4433938.631532008 0.023342600000000005
-13581580.376138853 4433938.157894893 0.023342600000000005
-13581578.540180806 4433937.650357336 0.023342600000000005
-13581576.704581592 4433937.141622341 0.023342600000000005
-13581574.868488744 4433936.634534652 0.023342600000000005
-13581573.029115165 4433936.138395368 0.023342600000000005
-13581571.185156511 4433935.657557339 0.023342600000000005
-13581569.342464805 4433935.172491386 0.023342600000000005
-13581567.49880734 4433934.69064827 0.023342600000000005
-13581565.653945874 4433934.212823088 0.023342600000000005
-13581563.80735901 4433933.740755997 0.023342600000000005
-13581561.957483226 4433933.279664648 0.023342600000000005
-13581560.108696746 4433932.814938067 0.023342600000000005
-13581558.259610172 4433932.351212887 0.023342600000000005
-13581556.411254063 4433931.885050069 0.023342600000000005
-13581554.561790904 4433931.422581796 0.023342600000000005
-13581552.714333378 4433930.953420193 0.023342600000000005
-13581550.865219388 4433930.4897865085 0.023342600000000005
-13581549.015432734 4433930.028397691 0.023342600000000005
-13581547.164529324 4433929.5707357805 0.023342600000000005
-13581545.314284869 4433929.110874783 0.023342600000000005
-13581543.463772012 4433928.651909335 0.023342600000000005
-13581541.610789808 4433928.201184762 0.023342600000000005
-13581539.758123258 4433927.7494067205 0.023342600000000005
-13581537.9033151 4433927.304775577 0.023342600000000005
-13581536.048928898 4433926.858736386 0.023342600000000005
-13581534.197113965 4433926.404116359 0.023342600000000005
-13581532.34465564 4433925.951643441 0.023342600000000005
-13581530.490426444 4433925.505080184 0.023342600000000005
-13581528.636585522 4433925.057221248 0.023342600000000005
-13581526.780892754 4433924.615542386 0.023342600000000005
-13581524.925682109 4433924.172254444 0.023342600000000005
-13581523.070065876 4433923.730320011 0.023342600000000005
-13581521.215186192 4433923.285927622 0.023342600000000005
-13581519.356445624 4433922.854419822 0.023342600000000005
-13581517.49968072 4433922.416318821 0.023342600000000005
-13581515.641289856 4433921.9836438205 0.023342600000000005
-13581513.783637118 4433921.548505664 0.023342600000000005
-13581511.926256873 4433921.112458198 0.023342600000000005
-13581510.066116776 4433920.685620834 0.023342600000000005
-13581508.204670925 4433920.263140998 0.023342600000000005
-13581506.342646468 4433919.842592064 0.023342600000000005
-13581504.48084004 4433919.421315635 0.023342600000000005
-13581502.615611486 4433919.011459439 0.023342600000000005
-13581500.75116326 4433918.598999071 0.023342600000000005
-13581498.891138092 4433918.171778206 0.023342600000000005
-13581497.027181 4433917.75767891 0.023342600000000005
-13581495.162620142 4433917.345594492 0.023342600000000005
-13581493.300457591 4433916.9255063785 0.023342600000000005
-13581491.435825275 4433916.513660423 0.023342600000000005
-13581489.569290234 4433916.108164335 0.023342600000000005
-13581487.708031451 4433915.685060189 0.023342600000000005
-13581485.842632204 4433915.275773571 0.023342600000000005
-13581483.978105173 4433914.863576326 0.023342600000000005
-13581482.116958592 4433914.440097796 0.023342600000000005
-13581480.25486861 4433914.019767543 0.023342600000000005
-13581478.389561094 4433913.610174816 0.023342600000000005
-13581476.525009075 4433913.198060954 0.023342600000000005
-13581474.66046573 4433912.785918087 0.023342600000000005
-13581472.793650094 4433912.381358225 0.023342600000000005
-13581470.924777688 4433911.983662306 0.023342600000000005
-13581469.058819326 4433911.576241647 0.023342600000000005
-13581467.195096616 4433911.161360161 0.023342600000000005
-13581465.32305822 4433910.774229652 0.023342600000000005
-13581463.457324443 4433910.366059479 0.023342600000000005
-13581461.589105818 4433909.9661818445 0.023342600000000005
-13581459.71703285 4433909.579166745 0.023342600000000005
-13581457.849036008 4433909.178548791 0.023342600000000005
-13581455.983599707 4433908.769385884 0.023342600000000005
-13581454.117114918 4433908.363722059 0.023342600000000005
-13581452.25210293 4433907.9531431785 0.023342600000000005
-13581450.383655028 4433907.554030457 0.023342600000000005
-13581448.517799018 4433907.14626821 0.023342600000000005
-13581446.656413555 4433906.72358693 0.023342600000000005
-13581444.791006694 4433906.314325792 0.023342600000000005
-13581442.9204274 4433905.922326022 0.023342600000000005
-13581441.049923977 4433905.530073049 0.023342600000000005
-13581439.185457924 4433905.117672308 0.023342600000000005
-13581437.318161018 4433904.714718592 0.023342600000000005
-13581435.44455993 4433904.332803104 0.023342600000000005
-13581433.577185364 4433903.930108609 0.023342600000000005
-13581431.711912077 4433903.520401714 0.023342600000000005
-13581429.846594203 4433903.110843597 0.023342600000000005
-13581427.980794542 4433902.702893222 0.023342600000000005
-13581426.109144296 4433902.314467534 0.023342600000000005
-13581424.241062336 4433901.914133747 0.023342600000000005
-13581422.372807756 4433901.514375869 0.023342600000000005
-13581420.499261148 4433901.132278629 0.023342600000000005
-13581418.626487996 4433900.747600291 0.023342600000000005
-13581416.756884146 4433900.352345308 0.023342600000000005
-13581414.88434093 4433899.966899523 0.023342600000000005
-13581413.0076853 4433899.595177652 0.023342600000000005
-13581411.137333987 4433899.20241717 0.023342600000000005
-13581409.264605662 4433898.817589167 0.023342600000000005
-13581407.387194956 4433898.448387103 0.023342600000000005
-13581405.51281828 4433898.069060008 0.023342600000000005
-13581403.649538225 4433897.652701316 0.023342600000000005
-13581401.770215798 4433897.289879105 0.023342600000000005
-13581399.898226611 4433896.902584374 0.023342600000000005
-13581398.028278727 4433896.508477498 0.023342600000000005
-13581396.153848756 4433896.129328336 0.023342600000000005
-13581394.284698274 4433895.732560327 0.023342600000000005
-13581392.416322846 4433895.333205788 0.023342600000000005
-13581390.545471074 4433894.942115357 0.023342600000000005
-13581388.679878728 4433894.533473279 0.023342600000000005
-13581386.80615735 4433894.151959325 0.023342600000000005
-13581384.92753975 4433893.786784858 0.023342600000000005
-13581383.052130971 4433893.41090204 0.023342600000000005
-13581381.180417323 4433893.022687937 0.023342600000000005
-13581379.30722678 4433892.6394024445 0.023342600000000005
-13581377.433329402 4433892.258475721 0.023342600000000005
-13581375.556804003 4433891.886319278 0.023342600000000005
-13581373.674655763 4433891.532927472 0.023342600000000005
-13581371.793889131 4433891.17492481 0.023342600000000005
-13581369.916501658 4433890.805645216 0.023342600000000005
-13581368.04179493 4433890.427419603 0.023342600000000005
-13581366.16087127 4433890.069941022 0.023342600000000005
-13581364.28237736 4433889.70435386 0.023342600000000005
-13581362.403078193 4433889.341453975 0.023342600000000005
-13581360.52573467 4433888.972027857 0.023342600000000005
-13581358.64490294 4433888.614242479 0.023342600000000005
-13581356.761157608 4433888.266180296 0.023342600000000005
-13581354.87789415 4433887.916510108 0.023342600000000005
-13581352.995838884 4433887.56280794 0.023342600000000005
-13581351.109861355 4433887.222195105 0.023342600000000005
-13581349.22795006 4433886.868012371 0.023342600000000005
-13581347.340615042 4433886.531929737 0.023342600000000005
-13581345.455524538 4433886.188356839 0.023342600000000005
-13581343.570630394 4433885.844128478 0.023342600000000005
-13581341.685521783 4433885.500615812 0.023342600000000005
-13581339.798294928 4433885.16417221 0.023342600000000005
-13581337.907538338 4433884.839508102 0.023342600000000005
-13581336.015059233 4433884.520592324 0.023342600000000005
-13581334.124196278 4433884.196282969 0.023342600000000005
-13581332.234241204 4433883.868943966 0.023342600000000005
-13581330.34601586 4433883.535832595 0.023342600000000005
-13581328.45896724 4433883.19879419 0.023342600000000005
-13581326.56999711 4433882.868168209 0.023342600000000005
-13581324.681503316 4433882.535952571 0.023342600000000005
-13581322.78926647 4433882.216228368 0.023342600000000005
-13581320.893994791 4433881.9066319065 0.023342600000000005
-13581319.001070656 4433881.58920116 0.023342600000000005
-13581317.106423734 4433881.277519808 0.023342600000000005
-13581315.208711697 4433880.976067328 0.023342600000000005
-13581313.312615514 4433880.669222394 0.023342600000000005
-13581311.41459701 4433880.368792533 0.023342600000000005
-13581309.51760856 4433880.064925354 0.023342600000000005
-13581307.618731316 4433879.767361407 0.023342600000000005
-13581305.719112448 4433879.472272228 0.023342600000000005
-13581303.81664856 4433879.186677566 0.023342600000000005
-13581301.896421174 4433878.960363217 0.023342600000000005
-13581299.962496951 4433878.779757789 0.023342600000000005
-13581298.013915151 4433878.648067505 0.023342600000000005
-13581296.084276808 4433878.45315922 0.023342600000000005
-13581294.147363393 4433878.282529387 0.023342600000000005
-13581292.20963535 4433878.11461804 0.023342600000000005
-13581290.269017871 4433877.956349226 0.023342600000000005
-13581288.322546154 4433877.817617271 0.023342600000000005
-13581286.40193511 4433877.592583214 0.023342600000000005
-13581284.490253542 4433877.337749742 0.023342600000000005
-13581282.587709203 4433877.052423469 0.023342600000000005
-13581282.587709203 4433877.052423469 0.023342600000000005
-13581282.587709203 4433877.052423469 0.023342600000000005
-13581282.587709203 4433877.052423469 0.023342600000000005
-13581282.587709203 4433877.052423469 0.023342600000000005
-13581282.587709203 4433877.052423469 0.023342600000000005
-13581282.587709203 4433877.052423469 0.023342600000000005
-13581282.587709203 4433877.052423469 0.023342600000000005
-13581282.587709203 4433877.052423469 0.023342600000000005
-13581282.587709203 4433877.052423469 0.023342600000000005
-13581282.587709203 4433877.052423469 0.023342600000000005
-13581282.587709203 4433877.052423469 0.023342600000000005
-13581282.587709203 4433877.052423469 0.023342600000000005
-13581282.587709203 4433877.052423469 0.023342600000000005
-13581282.587709203 4433877.052423469 0.023342600000000005
-13581282.587709203 4433877.052423469 0.023342600000000005
-13581282.587709203 4433877.052423469 0.023342600000000005
-13581282.587709203 4433877.052423469 0.023342600000000005
-13581282.587709203 4433877.052423469 0.023342600000000005
-13581282.587709203 4433877.052423469 0.023342600000000005
-13581282.587709203 4433877.052423469 0.023342600000000005
-13581282.587709203 4433877.052423469 0.023342600000000005
-13581282.587709203 4433877.052423469 0.023342600000000005
-13581282.587709203 4433877.052423469 0.023342600000000005
-13581282.587709203 4433877.052423469 0.023342600000000005
-13581282.587709203 4433877.052423469 0.023342600000000005
-13581282.587709203 4433877.052423469 0.023342600000000005
-13581282.587709203 4433877.052423469 0.023342600000000005
-13581282.587709203 4433877.052423469 0.023342600000000005
-13581282.587709203 4433877.052423469 0.023342600000000005
-13581282.587709203 4433877.052423469 0.023342600000000005
-13581282.587709203 4433877.052423469 0.023342600000000005
-13581282.587709203 4433877.052423469 0.023342600000000005
-13581282.587709203 4433877.052423469 0.023342600000000005
-13581282.587709203 4433877.052423469 0.023342600000000005
-13581282.587709203 4433877.052423469 0.023342600000000005
-13581282.587709203 4433877.052423469 0.023342600000000005
-13581282.587709203 4433877.052423469 0.023342600000000005
-13581282.587709203 4433877.052423469 0.023342600000000005
-13581282.587709203 4433877.052423469 0.023342600000000005
-13581282.587709203 4433877.052423469 0.023342600000000005
-13581282.587709203 4433877.052423469 0.023342600000000005
-13581282.587709203 4433877.052423469 0.023342600000000005
-13581282.587709203 4433877.052423469 0.023342600000000005
-13581282.587709203 4433877.052423469 0.023342600000000005
-13581282.587709203 4433877.052423469 0.023342600000000005
-13581282.587709203 4433877.052423469 0.023342600000000005
-13581282.587709203 4433877.052423469 0.023342600000000005
-13581917.99100313 4434091.927341267 -0.16106986666666667
-13581916.238894884 4434091.139980695 -0.16106986666666667
-13581914.478811065 4434090.379236141 -0.16106986666666667
-13581912.721050551 4434089.610738133 -0.16106986666666667
-13581910.98514863 4434088.769293894 -0.16106986666666667
-13581909.25627548 4434087.904393424 -0.16106986666666667
-13581907.524966428 4434087.047621816 -0.16106986666666667
-13581905.768157532 4434086.2759480905 -0.16106986666666667
-13581903.980285795 4434085.607937188 -0.16106986666666667
-13581902.2011688 4434084.910710131 -0.16106986666666667
-13581900.436907906 4434084.163905332 -0.16106986666666667
-13581898.67308832 4434083.415627576 -0.16106986666666667
-13581896.919477718 4434082.633280626 -0.16106986666666667
-13581895.154748948 4434081.888037254 -0.16106986666666667
-13581893.38360517 4434081.164201926 -0.16106986666666667
-13581891.602425331 4434080.473858812 -0.16106986666666667
-13581889.837179769 4434079.730339924 -0.16106986666666667
-13581888.060535202 4434079.024861886 -0.16106986666666667
-13581886.303844444 4434078.252794008 -0.16106986666666667
-13581884.566918405 4434077.414767343 -0.16106986666666667
-13581882.83192776 4434076.570282042 -0.16106986666666667
-13581881.101581717 4434075.710296787 -0.16106986666666667
-13581879.35542641 4434074.90307007 -0.16106986666666667
-13581877.598000228 4434074.133456352 -0.16106986666666667
-13581875.830761213 4434073.39659006 -0.16106986666666667
-13581874.075838156 4434072.618623184 -0.16106986666666667
-13581872.324587394 4434071.828400931 -0.16106986666666667
-13581870.57673924 4434071.026823474 -0.16106986666666667
-13581868.831574162 4434070.216292175 -0.16106986666666667
-13581867.075940868 4434069.440695441 -0.16106986666666667
-13581865.3191665 4434068.6689066505 -0.16106986666666667
-13581863.565902293 4434067.885403552 -0.16106986666666667
-13581861.799194513 4434067.146764527 -0.16106986666666667
-13581860.045780584 4434066.363761236 -0.16106986666666667
-13581858.305319656 4434065.53753118 -0.16106986666666667
-13581856.548602276 4434064.7655522125 -0.16106986666666667
-13581854.78348913 4434064.021591516 -0.16106986666666667
-13581853.00401074 4434063.325570402 -0.16106986666666667
-13581851.226327756 4434062.623557549 -0.16106986666666667
-13581849.460783953 4434061.881034017 -0.16106986666666667
-13581847.71440807 4434061.074543552 -0.16106986666666667
-13581845.9573879 4434060.303574936 -0.16106986666666667
-13581844.183218958 4434059.589835055 -0.16106986666666667
-13581842.39575252 4434058.920471596 -0.16106986666666667
-13581840.607932914 4434058.252286829 -0.16106986666666667
-13581838.82566795 4434057.565565095 -0.16106986666666667
-13581837.05959564 4434056.824805122 -0.16106986666666667
-13581835.306632146 4434056.040298651 -0.16106986666666667
-13581833.540355004 4434055.3002224965 -0.16106986666666667
-13581831.772138167 4434054.566619389 -0.16106986666666667
-13581830.003588904 4434053.83412561 -0.16106986666666667
-13581828.22488635 4434053.135515305 -0.16106986666666667
-13581826.483867714 4434052.311146623 -0.16106986666666667
-13581824.74819069 4434051.468951845 -0.16106986666666667
-13581823.030211616 4434050.567695484 -0.16106986666666667
-13581821.272717232 4434049.798309521 -0.16106986666666667
-13581819.562031856 4434048.872712806 -0.16106986666666667
-13581817.823569268 4434048.039813999 -0.16106986666666667
-13581816.095781883 4434047.171289859 -0.16106986666666667
-13581814.426546128 4434046.107367698 -0.16106986666666667
-13581812.737291152 4434045.110253681 -0.16106986666666667
-13581811.07387814 4434044.02689982 -0.16106986666666667
-13581809.399320718 4434042.980736997 -0.16106986666666667
-13581807.637841634 4434042.224648784 -0.16106986666666667
-13581805.907649796 4434041.36414888 -0.16106986666666667
-13581804.241873236 4434040.288682655 -0.16106986666666667
-13581802.526298434 4434039.3794028135 -0.16106986666666667
-13581800.860038292 4434038.305550532 -0.16106986666666667
-13581799.278825892 4434036.947877342 -0.16106986666666667
-13581797.70457589 4434035.566969199 -0.16106986666666667
-13581796.10002776 4434034.287171924 -0.16106986666666667
-13581794.416065644 4434033.272394493 -0.16106986666666667
-13581792.817846978 4434031.9714745255 -0.16106986666666667
-13581791.177597445 4434030.810819615 -0.16106986666666667
-13581789.57544232 4434029.523036366 -0.16106986666666667
-13581787.9531575 4434028.3024299415 -0.16106986666666667
-13581786.379035292 4434026.921095359 -0.16106986666666667
-13581784.77978015 4434025.623634227 -0.16106986666666667
-13581783.140491746 4434024.459771925 -0.16106986666666667
-13581781.554025164 4434023.119633052 -0.16106986666666667
-13581779.869693777 4434022.106087979 -0.16106986666666667
-13581778.25177624 4434020.870906811 -0.16106986666666667
-13581776.698469548 4434019.420106877 -0.16106986666666667
-13581775.249800602 4434017.620110559 -0.16106986666666667
-13581773.743747896 4434016.011614901 -0.16106986666666667
-13581772.169608248 4434014.630338539 -0.16106986666666667
-13581770.629731206 4434013.1347211925 -0.16106986666666667
-13581769.05319835 4434011.761431546 -0.16106986666666667
-13581767.538860688 4434010.180584389 -0.16106986666666667
-13581765.958799977 4434008.819067731 -0.16106986666666667
-13581764.460050672 4434007.186199236 -0.16106986666666667
-13581762.928289508 4434005.663497712 -0.16106986666666667
-13581761.350433689 4434004.294622971 -0.16106986666666667
-13581759.760008257 4434002.967695388 -0.16106986666666667
-13581758.172079643 4434001.632435584 -0.16106986666666667
-13581756.54825766 4434000.416958882 -0.16106986666666667
-13581754.9497248 4433999.117087316 -0.16106986666666667
-13581753.324062724 4433997.907751328 -0.16106986666666667
-13581751.65010695 4433996.859580835 -0.16106986666666667
-13581749.98017914 4433995.797968178 -0.16106986666666667
-13581748.287693722 4433994.811634567 -0.16106986666666667
-13581746.59476545 4433993.82677891 -0.16106986666666667
-13581744.852097124 4433993.007915572 -0.16106986666666667
-13581743.14854889 4433992.058500752 -0.16106986666666667
-13581741.414040642 4433991.212405477 -0.16106986666666667
-13581739.62465915 4433990.549432919 -0.16106986666666667
-13581737.88068006 4433989.73494382 -0.16106986666666667
-13581736.10961541 4433989.010844452 -0.16106986666666667
-13581734.314660516 4433988.36647131 -0.16106986666666667
-13581732.517372165 4433987.729885491 -0.16106986666666667
-13581730.702766018 4433987.151092563 -0.16106986666666667
-13581728.918024477 4433986.472635597 -0.16106986666666667
-13581727.148023233 4433985.744987368 -0.16106986666666667
-13581725.375592642 4433985.025446332 -0.16106986666666667
-13581723.56929888 4433984.418913372 -0.16106986666666667
-13581721.771301994 4433983.7846920565 -0.16106986666666667
-13581719.984729605 4433983.112344924 -0.16106986666666667
-13581718.189480944 4433982.468952287 -0.16106986666666667
-13581716.406704323 4433981.783938018 -0.16106986666666667
-13581714.604957426 4433981.162231228 -0.16106986666666667
-13581712.805850023 4433980.531715851 -0.16106986666666667
-13581711.025695927 4433979.837949697 -0.16106986666666667
-13581709.253964525 4433979.116075474 -0.16106986666666667
-13581707.460333472 4433978.467284491 -0.16106986666666667
-13581705.66961706 4433977.808766758 -0.16106986666666667
-13581703.86575493 4433977.194118967 -0.16106986666666667
-13581702.084404947 4433976.504343715 -0.16106986666666667
-13581700.30288908 4433975.815122025 -0.16106986666666667
-13581698.503995229 4433975.1838940205 -0.16106986666666667
-13581696.699695377 4433974.570706992 -0.16106986666666667
-13581694.900301743 4433973.941146887 -0.16106986666666667
-13581693.1154356 4433973.263105684 -0.16106986666666667
-13581691.323975904 4433972.607068538 -0.16106986666666667
-13581689.51542919 4433972.00805407 -0.16106986666666667
-13581687.710177748 4433971.398042622 -0.16106986666666667
-13581685.93962257 4433970.672242945 -0.16106986666666667
-13581684.129089557 4433970.079857123 -0.16106986666666667
-13581682.361371946 4433969.344588099 -0.16106986666666667
-13581680.533779165 4433968.8091339925 -0.16106986666666667
-13581678.73711991 4433968.170448682 -0.16106986666666667
-13581676.930320228 4433967.565604005 -0.16106986666666667
-13581675.113227496 4433966.995109296 -0.16106986666666667
-13581673.283068622 4433966.468218814 -0.16106986666666667
-13581671.466412496 4433965.896266899 -0.16106986666666667
-13581669.675478144 4433965.238476545 -0.16106986666666667
-13581667.858740596 4433964.666796519 -0.16106986666666667
-13581666.0334249 4433964.123743378 -0.16106986666666667
-13581664.223159432 4433963.530464673 -0.16106986666666667
-13581662.414636515 4433962.931370727 -0.16106986666666667
-13581660.595464062 4433962.367816459 -0.16106986666666667
-13581658.778958628 4433961.795361756 -0.16106986666666667
-13581656.969517766 4433961.199331152 -0.16106986666666667
-13581655.162379688 4433960.595615808 -0.16106986666666667
-13581653.344055723 4433960.029229922 -0.16106986666666667
-13581651.52276962 4433959.472729255 -0.16106986666666667
-13581649.704358209 4433958.906635102 -0.16106986666666667
-13581647.885194644 4433958.343051164 -0.16106986666666667
-13581646.05855711 4433957.804409287 -0.16106986666666667
-13581644.226458894 4433957.283990626 -0.16106986666666667
-13581642.400604391 4433956.7427355815 -0.16106986666666667
-13581640.57062314 4433956.215252361 -0.16106986666666667
-13581638.743075067 4433955.679649096 -0.16106986666666667
-13581636.907423632 4433955.171088294 -0.16106986666666667
-13581635.073468322 4433954.6568671735 -0.16106986666666667
-13581633.23571894 4433954.155307715 -0.16106986666666667
-13581631.399880735 4433953.647370225 -0.16106986666666667
-13581629.561104096 4433953.149238795 -0.16106986666666667
-13581627.720567008 4433952.656982425 -0.16106986666666667
-13581625.88538899 4433952.146841782 -0.16106986666666667
-13581624.050265923 4433951.636517741 -0.16106986666666667
-13581622.213902798 4433951.130331948 -0.16106986666666667
-13581620.376449492 4433950.627784363 -0.16106986666666667
-13581618.542570945 4433950.113307208 -0.16106986666666667
-13581616.7091528 4433949.597293468 -0.16106986666666667
-13581614.87910101 4433949.070045524 -0.16106986666666667
-13581613.043741137 4433948.560511744 -0.16106986666666667
-13581611.208579095 4433948.050317835 -0.16106986666666667
-13581609.376210945 4433947.530800134 -0.16106986666666667
-13581607.545352831 4433947.006243004 -0.16106986666666667
-13581605.71868376 4433946.467706343 -0.16106986666666667
-13581603.891203202 4433945.93187782 -0.16106986666666667
-13581602.063421275 4433945.397054961 -0.16106986666666667
-13581600.23731242 4433944.856648727 -0.16106986666666667
-13581598.40499414 4433944.336964512 -0.16106986666666667
-13581596.572117062 4433943.819145242 -0.16106986666666667
-13581594.743080476 4433943.288509424 -0.16106986666666667
-13581592.91369434 4433942.759040071 -0.16106986666666667
-13581591.080272036 4433942.243040346 -0.16106986666666667
-13581589.2487605 4433941.72066388 -0.16106986666666667
-13581587.418390185 4433941.194478928 -0.16106986666666667
-13581585.594780518 4433940.645732422 -0.16106986666666667
-13581583.76101574 4433940.130875572 -0.16106986666666667
-13581581.92612535 4433939.61977507 -0.16106986666666667
-13581580.09228458 4433939.105171649 -0.16106986666666667
-13581578.257372323 4433938.594144085 -0.16106986666666667
-13581576.420577858 4433938.089397884 -0.16106986666666667
-13581574.582661573 4433937.588395363 -0.16106986666666667
-13581572.74097328 4433937.099980709 -0.16106986666666667
-13581570.899864 4433936.609633772 -0.16106986666666667
-13581569.057157855 4433936.124615992 -0.16106986666666667
-13581567.215664694 4433935.635550197 -0.16106986666666667
-13581565.372910336 4433935.150693185 -0.16106986666666667
-13581563.527400983 4433934.675030219 -0.16106986666666667
-13581561.683710989 4433934.193295711 -0.16106986666666667
-13581559.837988136 4433933.718345197 -0.16106986666666667
-13581557.993860252 4433933.238071909 -0.16106986666666667
-13581556.147470629 4433932.765346551 -0.16106986666666667
-13581554.3011019 4433932.29255156 -0.16106986666666667
-13581552.457603576 4433931.810177333 -0.16106986666666667
-13581550.609311571 4433931.343800522 -0.16106986666666667
-13581548.762596795 4433930.872160255 -0.16106986666666667
-13581546.91219228 4433930.412833426 -0.16106986666666667
-13581545.062760616 4433929.950259991 -0.16106986666666667
-13581543.21392549 4433929.485695634 -0.16106986666666667
-13581541.364004465 4433929.024755316 -0.16106986666666667
-13581539.51502034 4433928.560688305 -0.16106986666666667
-13581537.665596165 4433928.098089775 -0.16106986666666667
-13581535.815465365 4433927.637849476 -0.16106986666666667
-13581533.96580893 4433927.176026121 -0.16106986666666667
-13581532.114307242 4433926.720360715 -0.16106986666666667
-13581530.262272008 4433926.266475781 -0.16106986666666667
-13581528.410867944 4433925.810484582 -0.16106986666666667
-13581526.55803944 4433925.3592471145 -0.16106986666666667
-13581524.705544809 4433924.906895305 -0.16106986666666667
-13581522.852600634 4433924.45604369 -0.16106986666666667
-13581520.997975731 4433924.010801051 -0.16106986666666667
-13581519.143366756 4433923.56550533 -0.16106986666666667
-13581517.287065014 4433923.125858666 -0.16106986666666667
-13581515.43372552 4433922.676326263 -0.16106986666666667
-13581513.578009453 4433922.23472506 -0.16106986666666667
-13581511.725182945 4433921.78348089 -0.16106986666666667
-13581509.868079912 4433921.346508262 -0.16106986666666667
-13581508.010650178 4433920.910625856 -0.16106986666666667
-13581506.14943409 4433920.4873792445 -0.16106986666666667
-13581504.287703335 4433920.065850275 -0.16106986666666667
-13581502.428014474 4433919.637507052 -0.16106986666666667
-13581500.563566258 4433919.225046652 -0.16106986666666667
-13581498.699145982 4433918.81249311 -0.16106986666666667
-13581496.829784248 4433918.41643016 -0.16106986666666667
-13581494.969668124 4433917.9895128 -0.16106986666666667
-13581493.103124185 4433917.58404623 -0.16106986666666667
-13581491.239003468 4433917.170492964 -0.16106986666666667
-13581489.37603631 4433916.753090156 -0.16106986666666667
-13581487.514021052 4433916.332510527 -0.16106986666666667
-13581485.650717191 4433915.916231192 -0.16106986666666667
-13581483.78746372 4433915.499783823 -0.16106986666666667
-13581481.929511748 4433915.065644266 -0.16106986666666667
-13581480.064347334 4433914.655573991 -0.16106986666666667
-13581478.19937193 4433914.244872939 -0.16106986666666667
-13581476.339760596 4433913.816271063 -0.16106986666666667
-13581474.472790888 4433913.412225432 -0.16106986666666667
-13581472.607771438 4433913.001671351 -0.16106986666666667
-13581470.744653462 4433912.584771787 -0.16106986666666667
-13581468.87554315 4433912.187869796 -0.16106986666666667
-13581467.005433748 4433911.794301938 -0.16106986666666667
-13581465.140287466 4433911.384171109 -0.16106986666666667
-13581463.274604363 4433910.975831831 -0.16106986666666667
-13581461.404621515 4433910.581841746 -0.16106986666666667
-13581459.53577457 4433910.184060774 -0.16106986666666667
-13581457.672103148 4433909.769008061 -0.16106986666666667
-13581455.805641474 4433909.363267022 -0.16106986666666667
-13581453.935872272 4433908.968563925 -0.16106986666666667
-13581452.06983483 4433908.561407181 -0.16106986666666667
-13581450.20377902 4433908.154311586 -0.16106986666666667
-13581448.333759565 4433907.7604435645 -0.16106986666666667
-13581446.468073038 4433907.352115773 -0.16106986666666667
-13581444.605573818 4433906.93315126 -0.16106986666666667
-13581442.734783627 4433906.541855286 -0.16106986666666667
-13581440.864921056 4433906.147463667 -0.16106986666666667
-13581438.997708958 4433905.744227015 -0.16106986666666667
-13581437.128455048 4433905.347804216 -0.16106986666666667
-13581435.255500542 4433904.963730945 -0.16106986666666667
-13581433.38652752 4433904.566370806 -0.16106986666666667
-13581431.518446798 4433904.16603287 -0.16106986666666667
-13581429.647500103 4433903.775259223 -0.16106986666666667
-13581427.775461791 4433903.388128435 -0.16106986666666667
-13581425.908080893 4433902.985455106 -0.16106986666666667
-13581424.039508617 4433902.586757602 -0.16106986666666667
-13581422.166170232 4433902.2039653575 -0.16106986666666667
-13581420.293886598 4433901.8176533375 -0.16106986666666667
-13581418.424516354 4433901.421618831 -0.16106986666666667
-13581416.55267969 4433901.033815185 -0.16106986666666667
-13581414.677788887 4433900.656203755 -0.16106986666666667
-13581412.80515947 4433900.271045628 -0.16106986666666667
-13581410.934305549 4433899.879962451 -0.16106986666666667
-13581409.061009042 4433899.497030571 -0.16106986666666667
-13581407.186527746 4433899.118052497 -0.16106986666666667
-13581405.313527243 4433898.734132844 -0.16106986666666667
-13581403.442079095 4433898.345032663 -0.16106986666666667
-13581401.56876846 4433897.962147946 -0.16106986666666667
-13581399.695893187 4433897.57781025 -0.16106986666666667
-13581397.825797034 4433897.184198184 -0.16106986666666667
-13581395.95647824 4433896.787992025 -0.16106986666666667
-13581394.083510436 4433896.403963158 -0.16106986666666667
-13581392.21193063 4433896.015302251 -0.16106986666666667
-13581390.34179124 4433895.621834464 -0.16106986666666667
-13581388.466476012 4433895.245639531 -0.16106986666666667
-13581386.59386355 4433894.860424907 -0.16106986666666667
-13581384.724059736 4433894.465837118 -0.16106986666666667
-13581382.849144973 4433894.088305693 -0.16106986666666667
-13581380.974859448 4433893.708674428 -0.16106986666666667
-13581379.099920113 4433893.331225002 -0.16106986666666667
-13581377.22610014 4433892.950039949 -0.16106986666666667
-13581375.348083848 4433892.582858921 -0.16106986666666667
-13581373.470411863 4433892.214528983 -0.16106986666666667
-13581371.591855455 4433891.849150368 -0.16106986666666667
-13581369.715490364 4433891.476458884 -0.16106986666666667
-13581367.835759657 4433891.114999264 -0.16106986666666667
-13581365.957836805 4433890.747506413 -0.16106986666666667
-13581364.079855263 4433890.380209364 -0.16106986666666667
-13581362.204353197 4433890.004637835 -0.16106986666666667
-13581360.325423278 4433889.64050582 -0.16106986666666667
-13581358.443938602 4433889.284899453 -0.16106986666666667
-13581356.56246298 4433888.9292628 -0.16106986666666667
-13581354.682524957 4433888.568495001 -0.16106986666666667
-13581352.800143288 4433888.215882103 -0.16106986666666667
-13581350.912322031 4433887.881422131 -0.16106986666666667
-13581349.02655106 4433887.540119896 -0.16106986666666667
-13581347.139064807 4433887.204541951 -0.16106986666666667
-13581345.249939645 4433886.874433503 -0.16106986666666667
-13581343.36158183 4433886.5417640805 -0.16106986666666667
-13581341.474041091 4433886.206367895 -0.16106986666666667
-13581339.583543615 4433885.880838988 -0.16106986666666667
-13581337.691050466 4433885.561970116 -0.16106986666666667
-13581335.799689438 4433885.239323101 -0.16106986666666667
-13581333.906113436 4433884.92406771 -0.16106986666666667
-13581332.015216514 4433884.599871834 -0.16106986666666667
-13581330.125723924 4433884.270989503 -0.16106986666666667
-13581328.236948356 4433883.939714266 -0.16106986666666667
-13581326.349020896 4433883.605608693 -0.16106986666666667
-13581324.460233605 4433883.2743725125 -0.16106986666666667
-13581322.567078795 4433882.95771173 -0.16106986666666667
-13581320.67053654 4433882.652355429 -0.16106986666666667
-13581318.76487224 4433882.37744108 -0.16106986666666667
-13581316.854743663 4433882.117425006 -0.16106986666666667
-13581314.93926241 4433881.875271844 -0.16106986666666667
-13581313.033221804 4433881.601613389 -0.16106986666666667
-13581311.108707698 4433881.389604492 -0.16106986666666667
-13581309.178143276 4433881.19778684 -0.16106986666666667
-13581307.243860306 4433881.018378668 -0.16106986666666667
-13581305.320145264 4433880.803703091 -0.16106986666666667
-13581303.3546013 4433880.728618883 -0.16106986666666667
-13581301.369068382 4433880.720241758 -0.16106986666666667
-13581299.388639558 4433880.694831204 -0.16106986666666667
-13581297.410471084 4433880.661877385 -0.16106986666666667
-13581295.4153373 4433880.685540086 -0.16106986666666667
-13581293.401704185 4433880.77093878 -0.16106986666666667
-13581291.4336089 4433880.704368814 -0.16106986666666667
-13581289.48622545 4433880.568679353 -0.16106986666666667
-13581287.538948763 4433880.432633733 -0.16106986666666667
-13581285.59834869 4433880.274306949 -0.16106986666666667
-13581285.59834869 4433880.274306949 -0.16106986666666667
-13581285.59834869 4433880.274306949 -0.16106986666666667
-13581285.59834869 4433880.274306949 -0.16106986666666667
-13581285.59834869 4433880.274306949 -0.16106986666666667
-13581285.59834869 4433880.274306949 -0.16106986666666667
-13581285.59834869 4433880.274306949 -0.16106986666666667
-13581285.59834869 4433880.274306949 -0.16106986666666667
-13581285.59834869 4433880.274306949 -0.16106986666666667
-13581285.59834869 4433880.274306949 -0.16106986666666667
-13581285.59834869 4433880.274306949 -0.16106986666666667
-13581285.59834869 4433880.274306949 -0.16106986666666667
-13581285.59834869 4433880.274306949 -0.16106986666666667
-13581285.59834869 4433880.274306949 -0.16106986666666667
-13581285.59834869 4433880.274306949 -0.16106986666666667
-13581285.59834869 4433880.274306949 -0.16106986666666667
-13581285.59834869 4433880.274306949 -0.16106986666666667
-13581285.59834869 4433880.274306949 -0.16106986666666667
-13581285.59834869 4433880.274306949 -0.16106986666666667
-13581285.59834869 4433880.274306949 -0.16106986666666667
-13581285.59834869 4433880.274306949 -0.16106986666666667
-13581285.59834869 4433880.274306949 -0.16106986666666667
-13581285.59834869 4433880.274306949 -0.16106986666666667
-13581285.59834869 4433880.274306949 -0.16106986666666667
-13581285.59834869 4433880.274306949 -0.16106986666666667
-13581285.59834869 4433880.274306949 -0.16106986666666667
-13581285.59834869 4433880.274306949 -0.16106986666666667
-13581285.59834869 4433880.274306949 -0.16106986666666667
-13581285.59834869 4433880.274306949 -0.16106986666666667
-13581285.59834869 4433880.274306949 -0.16106986666666667
-13581285.59834869 4433880.274306949 -0.16106986666666667
-13581285.59834869 4433880.274306949 -0.16106986666666667
-13581285.59834869 4433880.274306949 -0.16106986666666667
-13581285.59834869 4433880.274306949 -0.16106986666666667
-13581285.59834869 4433880.274306949 -0.16106986666666667
-13581285.59834869 4433880.274306949 -0.16106986666666667
-13581285.59834869 4433880.274306949 -0.16106986666666667
-13581285.59834869 4433880.274306949 -0.16106986666666667
-13581285.59834869 4433880.274306949 -0.16106986666666667
-13581285.59834869 4433880.274306949 -0.16106986666666667
-13581285.59834869 4433880.274306949 -0.16106986666666667
-13581285.59834869 4433880.274306949 -0.16106986666666667
-13581285.59834869 4433880.274306949 -0.16106986666666667
-13581285.59834869 4433880.274306949 -0.16106986666666667
-13581285.59834869 4433880.274306949 -0.16106986666666667
-13581285.59834869 4433880.274306949 -0.16106986666666667
-13581285.59834869 4433880.274306949 -0.16106986666666667
-13581285.59834869 4433880.274306949 -0.16106986666666667
-13581285.59834869 4433880.274306949 -0.16106986666666667
-13581285.59834869 4433880.274306949 -0.16106986666666667
-13581921.924374452 4434078.800918329 -0.3516884
-13581920.174717952 4434078.005375808 -0.3516884
-13581918.429423232 4434077.195277151 -0.3516884
-13581916.694729025 4434076.349802432 -0.3516884
-13581914.951484408 4434075.532862172 -0.3516884
-13581913.20998462 4434074.710099232 -0.3516884
-13581911.491349855 4434073.811031075 -0.3516884
-13581909.795887522 4434072.834631984 -0.3516884
-13581908.104305152 4434071.845284796 -0.3516884
-13581906.45052678 4434070.729778426 -0.3516884
-13581904.74759451 4434069.778308105 -0.3516884
-13581903.05602947 4434068.788902933 -0.3516884
-13581901.376540994 4434067.759196081 -0.3516884
-13581899.74922661 4434066.555374248 -0.3516884
-13581898.079086125 4434065.494471327 -0.3516884
-13581896.389939798 4434064.496994551 -0.3516884
-13581894.733007023 4434063.392014882 -0.3516884
-13581893.099837106 4434062.207734107 -0.3516884
-13581891.465768864 4434061.026451116 -0.3516884
-13581889.873904416 4434059.704325795 -0.3516884
-13581888.254215894 4434058.475054942 -0.3516884
-13581886.64225104 4434057.220008696 -0.3516884
-13581884.99446958 4434056.08448937 -0.3516884
-13581883.356963374 4434054.91467945 -0.3516884
-13581881.688858865 4434053.846982097 -0.3516884
-13581880.039075471 4434052.718143731 -0.3516884
-13581878.368358323 4434051.659165197 -0.3516884
-13581876.722745966 4434050.516407088 -0.3516884
-13581875.11588648 4434049.244323196 -0.3516884
-13581873.506955232 4434047.979153271 -0.3516884
-13581871.87732311 4434046.783066135 -0.3516884
-13581870.24235572 4434045.604783647 -0.3516884
-13581868.593760597 4434044.471979759 -0.3516884
-13581866.938775113 4434043.360501668 -0.3516884
-13581865.27619958 4434042.27435296 -0.3516884
-13581863.62379834 4434041.154250782 -0.3516884
-13581861.974993488 4434040.022146746 -0.3516884
-13581860.307094358 4434038.953763996 -0.3516884
-13581858.659332924 4434037.818177766 -0.3516884
-13581857.015825236 4434036.668396042 -0.3516884
-13581855.330817848 4434035.657106979 -0.3516884
-13581853.641841505 4434034.65906293 -0.3516884
-13581851.924896613 4434033.754355319 -0.3516884
-13581850.218615286 4434032.814061395 -0.3516884
-13581848.50679246 4434031.892260608 -0.3516884
-13581846.793057008 4434030.9768425925 -0.3516884
-13581845.084713096 4434030.043431803 -0.3516884
-13581843.396934291 4434029.041391371 -0.3516884
-13581841.711714264 4434028.030811887 -0.3516884
-13581839.996899784 4434027.118994755 -0.3516884
-13581838.265854208 4434026.261343909 -0.3516884
-13581836.523522465 4434025.441357179 -0.3516884
-13581834.790005254 4434024.5919547565 -0.3516884
-13581833.046030313 4434023.777451734 -0.3516884
-13581831.310747106 4434022.933942647 -0.3516884
-13581829.58757679 4434022.050010597 -0.3516884
-13581827.87152595 4434021.14231946 -0.3516884
-13581826.151279008 4434020.248631508 -0.3516884
-13581824.395545073 4434019.473370464 -0.3516884
-13581822.650541663 4434018.662299638 -0.3516884
-13581820.91012856 4434017.835910194 -0.3516884
-13581819.163991775 4434017.02862162 -0.3516884
-13581817.436145054 4434016.1602955405 -0.3516884
-13581815.719874192 4434015.253338697 -0.3516884
-13581814.002181178 4434014.351127798 -0.3516884
-13581812.269567383 4434013.4987104 -0.3516884
-13581810.510224592 4434012.735492831 -0.3516884
-13581808.742331993 4434012.000807758 -0.3516884
-13581806.98369951 4434011.235219785 -0.3516884
-13581805.22905792 4434010.456313374 -0.3516884
-13581803.493672865 4434009.613144291 -0.3516884
-13581801.756203208 4434008.776931892 -0.3516884
-13581800.023827536 4434007.923719867 -0.3516884
-13581798.248599224 4434007.213515341 -0.3516884
-13581796.46837316 4434006.519989356 -0.3516884
-13581794.696380386 4434005.798987379 -0.3516884
-13581792.929010997 4434005.062556136 -0.3516884
-13581791.182863712 4434004.255302578 -0.3516884
-13581789.43390626 4434003.457427166 -0.3516884
-13581787.67401176 4434002.696050867 -0.3516884
-13581785.883296844 4434002.037528248 -0.3516884
-13581784.098238762 4434001.360127529 -0.3516884
-13581782.31512614 4434000.676234547 -0.3516884
-13581780.546162184 4433999.945124776 -0.3516884
-13581778.78466986 4433999.189080666 -0.3516884
-13581777.01918769 4433998.446351409 -0.3516884
-13581775.222532231 4433997.807653452 -0.3516884
-13581773.426076436 4433997.168289299 -0.3516884
-13581771.630530763 4433996.525887805 -0.3516884
-13581769.852663122 4433995.824491241 -0.3516884
-13581768.07909492 4433995.108746704 -0.3516884
-13581766.302421764 4433994.403363992 -0.3516884
-13581764.502387434 4433993.775942033 -0.3516884
-13581762.700678024 4433993.154110072 -0.3516884
-13581760.902768774 4433992.5195963625 -0.3516884
-13581759.119615825 4433991.83583799 -0.3516884
-13581757.337671451 4433991.148046222 -0.3516884
-13581755.544731988 4433990.496947322 -0.3516884
-13581753.736273408 4433989.897638768 -0.3516884
-13581751.931896962 4433989.284707287 -0.3516884
-13581750.132734304 4433988.6543763215 -0.3516884
-13581748.335710106 4433988.016908962 -0.3516884
-13581746.543952685 4433987.361865451 -0.3516884
-13581744.732407955 4433986.772855869 -0.3516884
-13581742.925965736 4433986.166818219 -0.3516884
-13581741.126692668 4433985.536855773 -0.3516884
-13581739.33468078 4433984.882661428 -0.3516884
-13581737.540630538 4433984.235269435 -0.3516884
-13581735.72311517 4433983.666184979 -0.3516884
-13581733.907310136 4433983.091392914 -0.3516884
-13581732.097363262 4433982.497051087 -0.3516884
-13581730.294882994 4433981.877791694 -0.3516884
-13581728.490142385 4433981.266075475 -0.3516884
-13581726.666375415 4433980.717853875 -0.3516884
-13581724.842887623 4433980.1687007295 -0.3516884
-13581723.028281074 4433979.589909087 -0.3516884
-13581721.222359687 4433978.982133311 -0.3516884
-13581719.41472618 4433978.380071305 -0.3516884
-13581717.595905114 4433977.815344348 -0.3516884
-13581715.77708404 4433977.250617391 -0.3516884
-13581713.972548444 4433976.638216958 -0.3516884
-13581712.169865854 4433976.019632755 -0.3516884
-13581710.359317591 4433975.427297907 -0.3516884
-13581708.541350642 4433974.85972054 -0.3516884
-13581706.729774928 4433974.270814352 -0.3516884
-13581704.93761011 4433973.617130355 -0.3516884
-13581703.144641344 4433972.966129233 -0.3516884
-13581701.328751676 4433972.391619583 -0.3516884
-13581699.512743885 4433971.817504115 -0.3516884
-13581697.706607778 4433971.210445024 -0.3516884
-13581695.91088494 4433970.568634769 -0.3516884
-13581694.106720176 4433969.954996802 -0.3516884
-13581692.29250681 4433969.374893064 -0.3516884
-13581690.485698665 4433968.770076657 -0.3516884
-13581688.70174885 4433968.088977547 -0.3516884
-13581686.909311453 4433967.436203081 -0.3516884
-13581685.093227234 4433966.862342711 -0.3516884
-13581683.2747327 4433966.296526115 -0.3516884
-13581681.469230384 4433965.687351843 -0.3516884
-13581679.670940546 4433965.054108113 -0.3516884
-13581677.853837509 4433964.483647734 -0.3516884
-13581676.033734018 4433963.923200511 -0.3516884
-13581674.22242421 4433963.333407041 -0.3516884
-13581672.416022357 4433962.72723463 -0.3516884
-13581670.606409213 4433962.131779025 -0.3516884
-13581668.789728614 4433961.559908946 -0.3516884
-13581666.983105185 4433960.954476087 -0.3516884
-13581665.179461429 4433960.339099452 -0.3516884
-13581663.364435632 4433959.761706871 -0.3516884
-13581661.539740823 4433959.216581763 -0.3516884
-13581659.72373079 4433958.642473822 -0.3516884
-13581657.917183325 4433958.036787404 -0.3516884
-13581656.096231356 4433957.479171678 -0.3516884
-13581654.27416209 4433956.925284591 -0.3516884
-13581652.461253157 4433956.340827678 -0.3516884
-13581650.65382847 4433955.738068704 -0.3516884
-13581648.82614042 4433955.202932629 -0.3516884
-13581646.991867442 4433954.689771703 -0.3516884
-13581645.175690878 4433954.116219404 -0.3516884
-13581643.349640196 4433953.575619048 -0.3516884
-13581641.518216934 4433953.052948096 -0.3516884
-13581639.687954022 4433952.526404778 -0.3516884
-13581637.85998866 4433951.992194056 -0.3516884
-13581636.025236974 4433951.480630602 -0.3516884
-13581634.19249257 4433950.9623685535 -0.3516884
-13581632.367349606 4433950.41873897 -0.3516884
-13581630.532271534 4433949.908264711 -0.3516884
-13581628.695334636 4433949.403993805 -0.3516884
-13581626.857931102 4433948.901280141 -0.3516884
-13581625.02081886 4433948.397594354 -0.3516884
-13581623.17721182 4433947.915582916 -0.3516884
-13581621.337407168 4433947.42088223 -0.3516884
-13581619.501607306 4433946.912816874 -0.3516884
-13581617.661801606 4433946.418119641 -0.3516884
-13581615.822285395 4433945.922456311 -0.3516884
-13581613.98191396 4433945.4296470815 -0.3516884
-13581612.140327482 4433944.940892766 -0.3516884
-13581610.299500445 4433944.449604005 -0.3516884
-13581608.458569316 4433943.958662491 -0.3516884
-13581606.617312372 4433943.468808384 -0.3516884
-13581604.773177098 4433942.988559878 -0.3516884
-13581602.927740443 4433942.51265428 -0.3516884
-13581601.082121022 4433942.037358575 -0.3516884
-13581599.23844272 4433941.555584973 -0.3516884
-13581597.397987066 4433941.0630568685 -0.3516884
-13581595.557501497 4433940.570628533 -0.3516884
-13581593.72049494 4433940.066589995 -0.3516884
-13581591.877175916 4433939.583617543 -0.3516884
-13581590.033158492 4433939.102975654 -0.3516884
-13581588.187727109 4433938.627052403 -0.3516884
-13581586.341702225 4433938.153109829 -0.3516884
-13581584.495667094 4433937.679201521 -0.3516884
-13581582.649326174 4433937.206313664 -0.3516884
-13581580.800475445 4433936.741801385 -0.3516884
-13581578.952615725 4433936.273982028 -0.3516884
-13581577.103889888 4433935.809053119 -0.3516884
-13581575.255126204 4433935.34425046 -0.3516884
-13581573.406490408 4433934.879020985 -0.3516884
-13581571.55788648 4433934.413685151 -0.3516884
-13581569.707941797 4433933.952823784 -0.3516884
-13581567.857553702 4433933.493442085 -0.3516884
-13581566.005162328 4433933.040745672 -0.3516884
-13581564.153449278 4433932.585785652 -0.3516884
-13581562.301425911 4433932.131861198 -0.3516884
-13581560.4489201 4433931.679546754 -0.3516884
-13581558.5950499 4433931.231785455 -0.3516884
-13581556.740604352 4433930.785944281 -0.3516884
-13581554.886830484 4433930.337861677 -0.3516884
-13581553.032118045 4433929.892911123 -0.3516884
-13581551.177608684 4433929.447282844 -0.3516884
-13581549.322198613 4433929.004660459 -0.3516884
-13581547.465348125 4433928.566845103 -0.3516884
-13581545.607223216 4433928.133282693 -0.3516884
-13581543.748144835 4433927.702902069 -0.3516884
-13581541.887603054 4433927.277405279 -0.3516884
-13581540.02834274 4433926.847631902 -0.3516884
-13581538.168958124 4433926.418273293 -0.3516884
-13581536.310076658 4433925.987235667 -0.3516884
-13581534.450946156 4433925.557029109 -0.3516884
-13581532.588817235 4433925.136828839 -0.3516884
-13581530.725407211 4433924.720903787 -0.3516884
-13581528.859611314 4433924.312940927 -0.3516884
-13581526.99154135 4433923.912567166 -0.3516884
-13581525.121123713 4433923.520027911 -0.3516884
-13581523.25239244 4433923.121860903 -0.3516884
-13581521.386706542 4433922.713530946 -0.3516884
-13581519.522539925 4433922.3001309335 -0.3516884
-13581517.653389486 4433921.903362863 -0.3516884
-13581515.785355965 4433921.502867282 -0.3516884
-13581513.919868411 4433921.093875404 -0.3516884
-13581512.055480272 4433920.681214652 -0.3516884
-13581510.186296651 4433920.284557284 -0.3516884
-13581508.316598509 4433919.889616949 -0.3516884
-13581506.447911631 4433919.491301792 -0.3516884
-13581504.581033893 4433919.086949322 -0.3516884
-13581502.713276757 4433918.68553149 -0.3516884
-13581500.842922388 4433918.292781068 -0.3516884
-13581498.971818564 4433917.902531824 -0.3516884
-13581497.103931457 4433917.50154776 -0.3516884
-13581495.238044515 4433917.093888726 -0.3516884
-13581493.370403072 4433916.692084743 -0.3516884
-13581491.500265883 4433916.298609618 -0.3516884
-13581489.631440252 4433915.9007576695 -0.3516884
-13581487.76663619 4433915.489484823 -0.3516884
-13581485.900170503 4433915.083757104 -0.3516884
-13581484.031170247 4433914.686487877 -0.3516884
-13581482.16323878 4433914.285651828 -0.3516884
-13581480.299509691 4433913.870791598 -0.3516884
-13581478.43115162 4433913.471379168 -0.3516884
-13581476.561277991 4433913.077024551 -0.3516884
-13581474.693599 4433912.675345939 -0.3516884
-13581472.827470222 4433912.268493897 -0.3516884
-13581470.957221104 4433911.875392337 -0.3516884
-13581469.086095303 4433911.485216413 -0.3516884
-13581467.217434686 4433911.086813689 -0.3516884
-13581465.350864654 4433910.681434189 -0.3516884
-13581463.480721278 4433910.287979713 -0.3516884
-13581461.60931678 4433909.898733945 -0.3516884
-13581459.742755195 4433909.493326289 -0.3516884
-13581457.878264775 4433909.081006728 -0.3516884
-13581456.007925816 4433908.688204943 -0.3516884
-13581454.140056014 4433908.287163174 -0.3516884
-13581452.276666377 4433907.871170203 -0.3516884
-13581450.404156774 4433907.485612154 -0.3516884
-13581448.532269636 4433907.097976951 -0.3516884
-13581446.66311496 4433906.701223047 -0.3516884
-13581444.792486232 4433906.309388284 -0.3516884
-13581442.917920524 4433905.930691952 -0.3516884
-13581441.04336255 4433905.551969791 -0.3516884
-13581439.170521514 4433905.167517997 -0.3516884
-13581437.298851153 4433904.779159369 -0.3516884
-13581435.42580773 4433904.395382833 -0.3516884
-13581433.549842913 4433904.021355663 -0.3516884
-13581431.674344758 4433903.645771147 -0.3516884
-13581429.801413756 4433903.261619515 -0.3516884
-13581427.928872531 4433902.876167045 -0.3516884
-13581426.054574154 4433902.496578677 -0.3516884
-13581424.179353615 4433902.120067711 -0.3516884
-13581422.30362432 4433901.74525441 -0.3516884
-13581420.431110471 4433901.359710649 -0.3516884
-13581418.557814645 4433900.976776582 -0.3516884
-13581416.682138426 4433900.601786275 -0.3516884
-13581414.805876128 4433900.228751785 -0.3516884
-13581412.931859152 4433899.848224215 -0.3516884
-13581411.060835091 4433899.457708823 -0.3516884
-13581409.187106447 4433899.076219072 -0.3516884
-13581407.31178969 4433898.700029097 -0.3516884
-13581405.440604962 4433898.3100498505 -0.3516884
-13581403.570575576 4433897.916214985 -0.3516884
-13581401.694443036 4433897.542747512 -0.3516884
-13581399.81840601 4433897.168961205 -0.3516884
-13581397.947315224 4433896.77866841 -0.3516884
-13581396.072845075 4433896.399653328 -0.3516884
-13581394.196018605 4433896.028501588 -0.3516884
-13581392.320802052 4433895.651977206 -0.3516884
-13581390.4486948 4433895.265076557 -0.3516884
-13581388.57345314 4433894.888636112 -0.3516884
-13581386.695745109 4433894.520426396 -0.3516884
-13581384.82115952 4433894.141796316 -0.3516884
-13581382.948239744 4433893.757607222 -0.3516884
-13581381.071534667 4433893.386050471 -0.3516884
-13581379.194099257 4433893.016930938 -0.3516884
-13581377.31875086 4433892.64084653 -0.3516884
-13581375.443670344 4433892.263868244 -0.3516884
-13581373.56569391 4433891.896554319 -0.3516884
-13581371.68566716 4433891.536082527 -0.3516884
-13581369.807610946 4433891.169034646 -0.3516884
-13581367.931910412 4433890.794125548 -0.3516884
-13581366.05342664 4433890.428504588 -0.3516884
-13581364.173950875 4433890.066194062 -0.3516884
-13581362.295472777 4433889.700554118 -0.3516884
-13581360.417636087 4433889.332773793 -0.3516884
-13581358.539320994 4433888.966589911 -0.3516884
-13581356.65914012 4433888.606632437 -0.3516884
-13581354.779228404 4433888.245776837 -0.3516884
-13581352.905525671 4433887.864200643 -0.3516884
-13581351.028809937 4433887.49267941 -0.3516884
-13581349.15194788 4433887.121646382 -0.3516884
-13581347.283487013 4433886.722577046 -0.3516884
-13581345.40707711 4433886.350035303 -0.3516884
-13581343.532834437 4433885.970260917 -0.3516884
-13581341.654897638 4433885.602814525 -0.3516884
-13581339.773046557 4433885.248430926 -0.3516884
-13581337.8899379 4433884.898244177 -0.3516884
-13581336.007021803 4433884.547414781 -0.3516884
-13581334.122788385 4433884.20098138 -0.3516884
-13581332.23867227 4433883.854156642 -0.3516884
-13581330.35672283 4433883.500101356 -0.3516884
-13581328.470666762 4433883.159750619 -0.3516884
-13581326.58484961 4433882.818602529 -0.3516884
-13581324.701321548 4433882.46981529 -0.3516884
-13581322.81748132 4433882.122069941 -0.3516884
-13581320.931725666 4433881.780716657 -0.3516884
-13581319.048753716 4433881.430073536 -0.3516884
-13581317.16842999 4433881.070592902 -0.3516884
-13581315.291670913 4433880.699216332 -0.3516884
-13581313.423159547 4433880.300315505 -0.3516884
-13581311.557840765 4433879.890760343 -0.3516884
-13581309.679175436 4433879.525745357 -0.3516884
-13581307.792396083 4433879.18780839 -0.3516884
-13581305.89766574 4433878.876405266 -0.3516884
-13581303.99147215 4433878.603257338 -0.3516884
-13581302.075544246 4433878.362594781 -0.3516884
-13581300.128893232 4433878.22446113 -0.3516884
-13581298.120740866 4433878.291569378 -0.3516884
-13581296.045438746 4433878.582769361 -0.3516884
-13581293.784346083 4433879.493988554 -0.3516884
-13581291.546322318 4433880.328222274 -0.3516884
-13581289.475402957 4433880.604796117 -0.3516884
-13581287.563399363 4433880.351037344 -0.3516884
-13581285.668334438 4433880.040750933 -0.3516884
-13581283.783555506 4433879.696138145 -0.3516884
-13581283.783555506 4433879.696138145 -0.3516884
-13581283.783555506 4433879.696138145 -0.3516884
-13581283.783555506 4433879.696138145 -0.3516884
-13581283.783555506 4433879.696138145 -0.3516884
-13581283.783555506 4433879.696138145 -0.3516884
-13581283.783555506 4433879.696138145 -0.3516884
-13581283.783555506 4433879.696138145 -0.3516884
-13581283.783555506 4433879.696138145 -0.3516884
-13581283.783555506 4433879.696138145 -0.3516884
-13581283.783555506 4433879.696138145 -0.3516884
-13581283.783555506 4433879.696138145 -0.3516884
-13581283.783555506 4433879.696138145 -0.3516884
-13581283.783555506 4433879.696138145 -0.3516884
-13581283.783555506 4433879.696138145 -0.3516884
-13581283.783555506 4433879.696138145 -0.3516884
-13581283.783555506 4433879.696138145 -0.3516884
-13581283.783555506 4433879.696138145 -0.3516884
-13581283.783555506 4433879.696138145 -0.3516884
-13581283.783555506 4433879.696138145 -0.3516884
-13581283.783555506 4433879.696138145 -0.3516884
-13581283.783555506 4433879.696138145 -0.3516884
-13581283.783555506 4433879.696138145 -0.3516884
-13581283.783555506 4433879.696138145 -0.3516884
-13581283.783555506 4433879.696138145 -0.3516884
-13581283.783555506 4433879.696138145 -0.3516884
-13581283.783555506 4433879.696138145 -0.3516884
-13581283.783555506 4433879.696138145 -0.3516884
-13581283.783555506 4433879.696138145 -0.3516884
-13581283.783555506 4433879.696138145 -0.3516884
-13581283.783555506 4433879.696138145 -0.3516884
-13581283.783555506 4433879.696138145 -0.3516884
-13581283.783555506 4433879.696138145 -0.3516884
-13581283.783555506 4433879.696138145 -0.3516884
-13581283.783555506 4433879.696138145 -0.3516884
-13581283.783555506 4433879.696138145 -0.3516884
-13581283.783555506 4433879.696138145 -0.3516884
-13581283.783555506 4433879.696138145 -0.3516884
-13581283.783555506 4433879.696138145 -0.3516884
-13581283.783555506 4433879.696138145 -0.3516884
-13581283.783555506 4433879.696138145 -0.3516884
-13581283.783555506 4433879.696138145 -0.3516884
-13581283.783555506 4433879.696138145 -0.3516884
-13581283.783555506 4433879.696138145 -0.3516884
-13581283.783555506 4433879.696138145 -0.3516884
-13581283.783555506 4433879.696138145 -0.3516884
-13581283.783555506 4433879.696138145 -0.3516884
-13581283.783555506 4433879.696138145 -0.3516884
-13581283.783555506 4433879.696138145 -0.3516884
3 0 400 401
3 0 401 1
3 1 401 402
3 1 402 2
3 2 402 403
3 2 403 3
3 3 403 404
3 3 404 4
3 4 404 405
3 4 405 5
3 5 405 406
3 5 406 6
3 6 406 407
3 6 407 7
3 7 407 408
3 7 408 8
3 8 408 409
3 8 409 9
3 9 409 410
3 9 410 10
3 10 410 411
3 10 411 11
3 11 411 412
3 11 412 12
3 12 412 413
3 12 413 13
3 13 413 414
3 13 414 14
3 14 414 415
3 14 415 15
3 15 415 416
3 15 416 16
3 16 416 417
3 16 417 17
3 17 417 418
3 17 418 18
3 18 418 419
3 18 419 19
3 19 419 420
3 19 420 20
3 20 420 421
3 20 421 21
3 21 421 422
3 21 422 22
3 22 422 423
3 22 423 23
3 23 423 424
3 23 424 24
3 24 424 425
3 24 425 25
3 25 425 426
3 25 426 26
3 26 426 427
3 26 427 27
3 27 427 428
3 27 428 28
3 28 428 429
3 28 429 29
3 29 429 430
3 29 430 30
3 30 430 431
3 30 431 31
3 31 431 432
3 31 432 32
3 32 432 433
3 32 433 33
3 33 433 434
3 33 434 34
3 34 434 435
3 34 435 35
3 35 435 436
3 35 436 36
3 36 436 437
3 36 437 37
3 37 437 438
3 37 438 38
3 38 438 439
3 38 439 39
3 39 439 440
3 39 440 40
3 40 440 441
3 40 441 41
3 41 441 442
3 41 442 42
3 42 442 443
3 42 443 43
3 43 443 444
3 43 444 44
3 44 444 445
3 44 445 45
3 45 445 446
3 45 446 46
3 46 446 447
3 46 447 47
3 47 447 448
3 47 448 48
3 48 448 449
3 48 449 49
3 49 449 450
3 49 450 50
3 50 450 451
3 50 451 51
3 51 451 452
3 51 452 52
3 52 452 453
3 52 453 53
3 53 453 454
3 53 454 54
3 54 454 455
3 54 455 55
3 55 455 456
3 55 456 56
3 56 456 457
3 56 457 57
3 57 457 458
3 57 458 58
3 58 458 459
3 58 459 59
3 59 459 460
3 59 460 60
3 60 460 461
3 60 461 61
3 61 461 462
3 61 462 62
3 62 462 463
3 62 463 63
3 63 463 464
3 63 464 64
3 64 464 465
3 64 465 65
3 65 465 466
3 65 466 66
3 66 466 467
3 66 467 67
3 67 467 468
3 67 468 68
3 68 468 469
3 68 469 69
3 69 469 470
3 69 470 70
3 70 470 471
3 70 471 71
3 71 471 472
3 71 472 72
3 72 472 473
3 72 473 73
3 73 473 474
3 73 474 74
3 74 474 475
3 74 475 75
3 75 475 476
3 75 476 76
3 76 476 477
3 76 477 77
3 77 477 478
3 77 478 78
3 78 478 479
3 78 479 79
3 79 479 480
3 79 480 80
3 80 480 481
3 80 481 81
3 81 481 482
3 81 482 82
3 82 482 483
3 82 483 83
3 83 483 484
3 83 484 84
3 84 484 485
3 84 485 85
3 85 485 486
3 85 486 86
3 86 486 487
3 86 487 87
3 87 487 488
3 87 488 88
3 88 488 489
3 88 489 89
3 89 489 490
3 89 490 90
3 90 490 491
3 90 491 91
3 91 491 492
3 91 492 92
3 92 492 493
3 92 493 93
3 93 493 494
3 93 494 94
3 94 494 495
3 94 495 95
3 95 495 496
3 95 496 96
3 96 496 497
3 96 497 97
3 97 497 498
3 97 498 98
3 98 498 499
3 98 499 99
3 99 499 500
3 99 500 100
3 100 500 501
3 100 501 101
3 101 501 502
3 101 502 102
3 102 502 503
3 102 503 103
3 103 503 504
3 103 504 104
3 104 504 505
3 104 505 105
3 105 505 506
3 105 506 106
3 106 506 507
3 106 507 107
3 107 507 508
3 107 508 108
3 108 508 509
3 108 509 109
3 109 509 510
3 109 510 110
3 110 510 511
3 110 511 111
3 111 511 512
3 111 512 112
3 112 512 513
3 112 513 113
3 113 513 514
3 113 514 114
3 114 514 515
3 114 515 115
3 115 515 516
3 115 516 116
3 116 516 517
3 116 517 117
3 117 517 518
3 117 518 118
3 118 518 519
3 118 519 119
3 119 519 520
3 119 520 120
3 120 520 521
3 120 521 121
3 121 521 522
3 121 522 122
3 122 522 523
3 122 523 123
3 123 523 524
3 123 524 124
3 124 524 525
3 124 525 125
3 125 525 526
3 125 526 126
3 126 526 527
3 126 527 127
3 127 527 528
3 127 528 128
3 128 528 529
3 128 529 129
3 129 529 530
3 129 530 130
3 130 530 531
3 130 531 131
3 131 531 532
3 131 532 132
3 132 532 533
3 132 533 133
3 133 533 534
3 133 534 134
3 134 534 535
3 134 535 135
3 135 535 536
3 135 536 136
3 136 536 537
3 136 537 137
3 137 537 538
3 137 538 138
3 138 538 539
3 138 539 139
3 139 539 540
3 139 540 140
3 140 540 541
3 140 541 141
3 141 541 542
3 141 542 142
3 142 542 543
3 142 543 143
3 143 543 544
3 143 544 144
3 144 544 545
3 144 545 145
3 145 545 546
3 145 546 146
3 146 546 547
3 146 547 147
3 147 547 548
3 147 548 148
3 148 548 549
3 148 549 149
3 149 549 550
3 149 550 150
3 150 550 551
3 150 551 151
3 151 551 552
3 151 552 152
3 152 552 553
3 152 553 153
3 153 553 554
3 153 554 154
3 154 554 555
3 154 555 155
3 155 555 556
3 155 556 156
3 156 556 557
3 156 557 157
3 157 557 558
3 157 558 158
3 158 558 559
3 158 559 159
3 159 559 560
3 159 560 160
3 160 560 561
3 160 561 161
3 161 561 562
3 161 562 162
3 162 562 563
3 162 563 163
3 163 563 564
3 163 564 164
3 164 564 565
3 164 565 165
3 165 565 566
3 165 566 166
3 166 566 567
3 166 567 167
3 167 567 568
3 167 568 168
3 168 568 569
3 168 569 169
3 169 569 570
3 169 570 170
3 170 570 571
3 170 571 171
3 171 571 572
3 171 572 172
3 172 572 573
3 172 573 173
3 173 573 574
3 173 574 174
3 174 574 575
3 174 575 175
3 175 575 576
3 175 576 176
3 176 576 577
3 176 577 177
3 177 577 578
3 177 578 178
3 178 578 579
3 178 579 179
3 179 579 580
3 179 580 180
3 180 580 581
3 180 581 181
3 181 581 582
3 181 582 182
3 182 582 583
3 182 583 183
3 183 583 584
3 183 584 184
3 184 584 585
3 184 585 185
3 185 585 586
3 185 586 186
3 186 586 587
3 186 587 187
3 187 587 588
3 187 588 188
3 188 588 589
3 188 589 189
3 189 589 590
3 189 590 190
3 190 590 591
3 190 591 191
3 191 591 592
3 191 592 192
3 192 592 593
3 192 593 193
3 193 593 594
3 193 594 194
3 194 594 595
3 194 595 195
3 195 595 596
3 195 596 196
3 196 596 597
3 196 597 197
3 197 597 598
3 197 598 198
3 198 598 599
3 198 599 199
3 199 599 600
3 199 600 200
3 200 600 601
3 200 601 201
3 201 601 602
3 201 602 202
3 202 602 603
3 202 603 203
3 203 603 604
3 203 604 204
3 204 604 605
3 204 605 205
3 205 605 606
3 205 606 206
3 206 606 607
3 206 607 207
3 207 607 608
3 207 608 208
3 208 608 609
3 208 609 209
3 209 609 610
3 209 610 210
3 210 610 611
3 210 611 211
3 211 611 612
3 211 612 212
3 212 612 613
3 212 613 213
3 213 613 614
3 213 614 214
3 214 614 615
3 214 615 215
3 215 615 616
3 215 616 216
3 216 616 617
3 216 617 217
3 217 617 618
3 217 618 218
3 218 618 619
3 218 619 219
3 219 619 620
3 219 620 220
3 220 620 621
3 220 621 221
3 221 621 622
3 221 622 222
3 222 622 623
3 222 623 223
3 223 623 624
3 223 624 224
3 224 624 625
3 224 625 225
3 225 625 626
3 225 626 226
3 226 626 627
3 226 627 227
3 227 627 628
3 227 628 228
3 228 628 629
3 228 629 229
3 229 629 630
3 229 630 230
3 230 630 631
3 230 631 231
3 231 631 632
3 231 632 232
3 232 632 633
3 232 633 233
3 233 633 634
3 233 634 234
3 234 634 635
3 234 635 235
3 235 635 636
3 235 636 236
3 236 636 637
3 236 637 237
3 237 637 638
3 237 638 238
3 238 638 639
3 238 639 239
3 239 639 640
3 239 640 240
3 240 640 641
3 240 641 241
3 241 641 642
3 241 642 242
3 242 642 643
3 242 643 243
3 243 643 644
3 243 644 244
3 244 644 645
3 244 645 245
3 245 645 646
3 245 646 246
3 246 646 647
3 246 647 247
3 247 647 648
3 247 648 248
3 248 648 649
3 248 649 249
3 249 649 650
3 249 650 250
3 250 650 651
3 250 651 251
3 251 651 652
3 251 652 252
3 252 652 653
3 252 653 253
3 253 653 654
3 253 654 254
3 254 654 655
3 254 655 255
3 255 655 656
3 255 656 256
3 256 656 657
3 256 657 257
3 257 657 658
3 257 658 258
3 258 658 659
3 258 659 259
3 259 659 660
3 259 660 260
3 260 660 661
3 260 661 261
3 261 661 662
3 261 662 262
3 262 662 663
3 262 663 263
3 263 663 664
3 263 664 264
3 264 664 665
3 264 665 265
3 265 665 666
3 265 666 266
3 266 666 667
3 266 667 267
3 267 667 668
3 267 668 268
3 268 668 669
3 268 669 269
3 269 669 670
3 269 670 270
3 270 670 671
3 270 671 271
3 271 671 672
3 271 672 272
3 272 672 673
3 272 673 273
3 273 673 674
3 273 674 274
3 274 674 675
3 274 675 275
3 275 675 676
3 275 676 276
3 276 676 677
3 276 677 277
3 277 677 678
3 277 678 278
3 278 678 679
3 278 679 279
3 279 679 680
3 279 680 280
3 280 680 681
3 280 681 281
3 281 681 682
3 281 682 282
3 282 682 683
3 282 683 283
3 283 683 684
3 283 684 284
3 284 684 685
3 284 685 285
3 285 685 686
3 285 686 286
3 286 686 687
3 286 687 287
3 287 687 688
3 287 688 288
3 288 688 689
3 288 689 289
3 289 689 690
3 289 690 290
3 290 690 691
3 290 691 291
3 291 691 692
3 291 692 292
3 292 692 693
3 292 693 293
3 293 693 694
3 293 694 294
3 294 694 695
3 294 695 295
3 295 695 696
3 295 696 296
3 296 696 697
3 296 697 297
3 297 697 698
3 297 698 298
3 298 698 699
3 298 699 299
3 299 699 700
3 299 700 300
3 300 700 701
3 300 701 301
3 301 701 702
3 301 702 302
3 302 702 703
3 302 703 303
3 303 703 704
3 303 704 304
3 304 704 705
3 304 705 305
3 305 705 706
3 305 706 306
3 306 706 707
3 306 707 307
3 307 707 708
3 307 708 308
3 308 708 709
3 308 709 309
3 309 709 710
3 309 710 310
3 310 710 711
3 310 711 311
3 311 711 712
3 311 712 312
3 312 712 713
3 312 713 313
3 313 713 714
3 313 714 314
3 314 714 715
3 314 715 315
3 315 715 716
3 315 716 316
3 316 716 717
3 316 717 317
3 317 717 718
3 317 718 318
3 318 718 719
3 318 719 319
3 319 719 720
3 319 720 320
3 320 720 721
3 320 721 321
3 321 721 722
3 321 722 322
3 322 722 723
3 322 723 323
3 323 723 724
3 323 724 324
3 324 724 725
3 324 725 325
3 325 725 726
3 325 726 326
3 326 726 727
3 326 727 327
3 327 727 728
3 327 728 328
3 328 728 729
3 328 729 329
3 329 729 730
3 329 730 330
3 330 730 731
3 330 731 331
3 331 731 732
3 331 732 332
3 332 732 733
3 332 733 333
3 333 733 734
3 333 734 334
3 334 734 735
3 334 735 335
3 335 735 736
3 335 736 336
3 336 736 737
3 336 737 337
3 337 737 738
3 337 738 338
3 338 738 739
3 338 739 339
3 339 739 740
3 339 740 340
3 340 740 741
3 340 741 341
3 341 741 742
3 341 742 342
3 342 742 743
3 342 743 343
3 343 743 744
3 343 744 344
3 344 744 745
3 344 745 345
3 345 745 746
3 345 746 346
3 346 746 747
3 346 747 347
3 347 747 748
3 347 748 348
3 348 748 749
3 348 749 349
3 349 749 750
3 349 750 350
3 350 750 751
3 350 751 351
3 351 751 752
3 351 752 352
3 352 752 753
3 352 753 353
3 353 753 754
3 353 754 354
3 354 754 755
3 354 755 355
3 355 755 756
3 355 756 356
3 356 756 757
3 356 757 357
3 357 757 758
3 357 758 358
3 358 758 759
3 358 759 359
3 359 759 760
3 359 760 360
3 360 760 761
3 360 761 361
3 361 761 762
3 361 762 362
3 362 762 763
3 362 763 363
3 363 763 764
3 363 764 364
3 364 764 765
3 364 765 365
3 365 765 766
3 365 766 366
3 366 766 767
3 366 767 367
3 367 767 768
3 367 768 368
3 368 768 769
3 368 769 369
3 369 769 770
3 369 770 370
3 370 770 771
3 370 771 371
3 371 771 772
3 371 772 372
3 372 772 773
3 372 773 373
3 373 773 774
3 373 774 374
3 374 774 775
3 374 775 375
3 375 775 776
3 375 776 376
3 376 776 777
3 376 777 377
3 377 777 778
3 377 778 378
3 378 778 779
3 378 779 379
3 379 779 780
3 379 780 380
3 380 780 781
3 380 781 381
3 381 781 782
3 381 782 382
3 382 782 783
3 382 783 383
3 383 783 784
3 383 784 384
3 384 784 785
3 384 785 385
3 385 785 786
3 385 786 386
3 386 786 787
3 386 787 387
3 387 787 788
3 387 788 388
3 388 788 789
3 388 789 389
3 389 789 790
3 389 790 390
3 390 790 791
3 390 791 391
3 391 791 792
3 391 792 392
3 392 792 793
3 392 793 393
3 393 793 794
3 393 794 394
3 394 794 795
3 394 795 395
3 395 795 796
3 395 796 396
3 396 796 797
3 396 797 397
3 397 797 798
3 397 798 398
3 398 798 799
3 398 799 399
3 400 800 801
3 400 801 401
3 401 801 802
3 401 802 402
3 402 802 803
3 402 803 403
3 403 803 804
3 403 804 404
3 404 804 805
3 404 805 405
3 405 805 806
3 405 806 406
3 406 806 807
3 406 807 407
3 407 807 808
3 407 808 408
3 408 808 809
3 408 809 409
3 409 809 810
3 409 810 410
3 410 810 811
3 410 811 411
3 411 811 812
3 411 812 412
3 412 812 813
3 412 813 413
3 413 813 814
3 413 814 414
3 414 814 815
3 414 815 415
3 415 815 816
3 415 816 416
3 416 816 817
3 416 817 417
3 417 817 818
3 417 818 418
3 418 818 819
3 418 819 419
3 419 819 820
3 419 820 420
3 420 820 821
3 420 821 421
3 421 821 822
3 421 822 422
3 422 822 823
3 422 823 423
3 423 823 824
3 423 824 424
3 424 824 825
3 424 825 425
3 425 825 826
3 425 826 426
3 426 826 827
3 426 827 427
3 427 827 828
3 427 828 428
3 428 828 829
3 428 829 429
3 429 829 830
3 429 830 430
3 430 830 831
3 430 831 431
3 431 831 832
3 431 832 432
3 432 832 833
3 432 833 433
3 433 833 834
3 433 834 434
3 434 834 835
3 434 835 435
3 435 835 836
3 435 836 436
3 436 836 837
3 436 837 437
3 437 837 838
3 437 838 438
3 438 838 839
3 438 839 439
3 439 839 840
3 439 840 440
3 440 840 841
3 440 841 441
3 441 841 842
3 441 842 442
3 442 842 843
3 442 843 443
3 443 843 844
3 443 844 444
3 444 844 845
3 444 845 445
3 445 845 846
3 445 846 446
3 446 846 847
3 446 847 447
3 447 847 848
3 447 848 448
3 448 848 849
3 448 849 449
3 449 849 850
3 449 850 450
3 450 850 851
3 450 851 451
3 451 851 852
3 451 852 452
3 452 852 853
3 452 853 453
3 453 853 854
3 453 854 454
3 454 854 855
3 454 855 455
3 455 855 856
3 455 856 456
3 456 856 857
3 456 857 457
3 457 857 858
3 457 858 458
3 458 858 859
3 458 859 459
3 459 859 860
3 459 860 460
3 460 860 861
3 460 861 461
3 461 861 862
3 461 862 462
3 462 862 863
3 462 863 463
3 463 863 864
3 463 864 464
3 464 864 865
3 464 865 465
3 465 865 866
3 465 866 466
3 466 866 867
3 466 867 467
3 467 867 868
3 467 868 468
3 468 868 869
3 468 869 469
3 469 869 870
3 469 870 470
3 470 870 871
3 470 871 471
3 471 871 872
3 471 872 472
3 472 872 873
3 472 873 473
3 473 873 874
3 473 874 474
3 474 874 875
3 474 875 475
3 475 875 876
3 475 876 476
3 476 876 877
3 476 877 477
3 477 877 878
3 477 878 478
3 478 878 879
3 478 879 479
3 479 879 880
3 479 880 480
3 480 880 881
3 480 881 481
3 481 881 882
3 481 882 482
3 482 882 883
3 482 883 483
3 483 883 884
3 483 884 484
3 484 884 885
3 484 885 485
3 485 885 886
3 485 886 486
3 486 886 887
3 486 887 487
3 487 887 888
3 487 888 488
3 488 888 889
3 488 889 489
3 489 889 890
3 489 890 490
3 490 890 891
3 490 891 491
3 491 891 892
3 491 892 492
3 492 892 893
3 492 893 493
3 493 893 894
3 493 894 494
3 494 894 895
3 494 895 495
3 495 895 896
3 495 896 496
3 496 896 897
3 496 897 497
3 497 897 898
3 497 898 498
3 498 898 899
3 498 899 499
3 499 899 900
3 499 900 500
3 500 900 901
3 500 901 501
3 501 901 902
3 501 902 502
3 502 902 903
3 502 903 503
3 503 903 904
3 503 904 504
3 504 904 905
3 504 905 505
3 505 905 906
3 505 906 506
3 506 906 907
3 506 907 507
3 507 907 908
3 507 908 508
3 508 908 909
3 508 909 509
3 509 909 910
3 509 910 510
3 510 910 911
3 510 911 511
3 511 911 912
3 511 912 512
3 512 912 913
3 512 913 513
3 513 913 914
3 513 914 514
3 514 914 915
3 514 915 515
3 515 915 916
3 515 916 516
3 516 916 917
3 516 917 517
3 517 917 918
3 517 918 518
3 518 918 919
3 518 919 519
3 519 919 920
3 519 920 520
3 520 920 921
3 520 921 521
3 521 921 922
3 521 922 522
3 522 922 923
3 522 923 523
3 523 923 924
3 523 924 524
3 524 924 925
3 524 925 525
3 525 925 926
3 525 926 526
3 526 926 927
3 526 927 527
3 527 927 928
3 527 928 528
3 528 928 929
3 528 929 529
3 529 929 930
3 529 930 530
3 530 930 931
3 530 931 531
3 531 931 932
3 531 932 532
3 532 932 933
3 532 933 533
3 533 933 934
3 533 934 534
3 534 934 935
3 534 935 535
3 535 935 936
3 535 936 536
3 536 936 937
3 536 937 537
3 537 937 938
3 537 938 538
3 538 938 939
3 538 939 539
3 539 939 940
3 539 940 540
3 540 940 941
3 540 941 541
3 541 941 942
3 541 942 542
3 542 942 943
3 542 943 543
3 543 943 944
3 543 944 544
3 544 944 945
3 544 945 545
3 545 945 946
3 545 946 546
3 546 946 947
3 546 947 547
3 547 947 948
3 547 948 548
3 548 948 949
3 548 949 549
3 549 949 950
3 549 950 550
3 550 950 951
3 550 951 551
3 551 951 952
3 551 952 552
3 552 952 953
3 552 953 553
3 553 953 954
3 553 954 554
3 554 954 955
3 554 955 555
3 555 955 956
3 555 956 556
3 556 956 957
3 556 957 557
3 557 957 958
3 557 958 558
3 558 958 959
3 558 959 559
3 559 959 960
3 559 960 560
3 560 960 961
3 560 961 561
3 561 961 962
3 561 962 562
3 562 962 963
3 562 963 563
3 563 963 964
3 563 964 564
3 564 964 965
3 564 965 565
3 565 965 966
3 565 966 566
3 566 966 967
3 566 967 567
3 567 967 968
3 567 968 568
3 568 968 969
3 568 969 569
3 569 969 970
3 569 970 570
3 570 970 971
3 570 971 571
3 571 971 972
3 571 972 572
3 572 972 973
3 572 973 573
3 573 973 974
3 573 974 574
3 574 974 975
3 574 975 575
3 575 975 976
3 575 976 576
3 576 976 977
3 576 977 577
3 577 977 978
3 577 978 578
3 578 978 979
3 578 979 579
3 579 979 980
3 579 980 580
3 580 980 981
3 580 981 581
3 581 981 982
3 581 982 582
3 582 982 983
3 582 983 583
3 583 983 984
3 583 984 584
3 584 984 985
3 584 985 585
3 585 985 986
3 585 986 586
3 586 986 987
3 586 987 587
3 587 987 988
3 587 988 588
3 588 988 989
3 588 989 589
3 589 989 990
3 589 990 590
3 590 990 991
3 590 991 591
3 591 991 992
3 591 992 592
3 592 992 993
3 592 993 593
3 593 993 994
3 593 994 594
3 594 994 995
3 594 995 595
3 595 995 996
3 595 996 596
3 596 996 997
3 596 997 597
3 597 997 998
3 597 998 598
3 598 998 999
3 598 999 599
3 599 999 1000
3 599 1000 600
3 600 1000 1001
3 600 1001 601
3 601 1001 1002
3 601 1002 602
3 602 1002 1003
3 602 1003 603
3 603 1003 1004
3 603 1004 604
3 604 1004 1005
3 604 1005 605
3 605 1005 1006
3 605 1006 606
3 606 1006 1007
3 606 1007 607
3 607 1007 1008
3 607 1008 608
3 608 1008 1009
3 608 1009 609
3 609 1009 1010
3 609 1010 610
3 610 1010 1011
3 610 1011 611
3 611 1011 1012
3 611 1012 612
3 612 1012 1013
3 612 1013 613
3 613 1013 1014
3 613 1014 614
3 614 1014 1015
3 614 1015 615
3 615 1015 1016
3 615 1016 616
3 616 1016 1017
3 616 1017 617
3 617 1017 1018
3 617 1018 618
3 618 1018 1019
3 618 1019 619
3 619 1019 1020
3 619 1020 620
3 620 1020 1021
3 620 1021 621
3 621 1021 1022
3 621 1022 622
3 622 1022 1023
3 622 1023 623
3 623 1023 1024
3 623 1024 624
3 624 1024 1025
3 624 1025 625
3 625 1025 1026
3 625 1026 626
3 626 1026 1027
3 626 1027 627
3 627 1027 1028
3 627 1028 628
3 628 1028 1029
3 628 1029 629
3 629 1029 1030
3 629 1030 630
3 630 1030 1031
3 630 1031 631
3 631 1031 1032
3 631 1032 632
3 632 1032 1033
3 632 1033 633
3 633 1033 1034
3 633 1034 634
3 634 1034 1035
3 634 1035 635
3 635 1035 1036
3 635 1036 636
3 636 1036 1037
3 636 1037 637
3 637 1037 1038
3 637 1038 638
3 638 1038 1039
3 638 1039 639
3 639 1039 1040
3 639 1040 640
3 640 1040 1041
3 640 1041 641
3 641 1041 1042
3 641 1042 642
3 642 1042 1043
3 642 1043 643
3 643 1043 1044
3 643 1044 644
3 644 1044 1045
3 644 1045 645
3 645 1045 1046
3 645 1046 646
3 646 1046 1047
3 646 1047 647
3 647 1047 1048
3 647 1048 648
3 648 1048 1049
3 648 1049 649
3 649 1049 1050
3 649 1050 650
3 650 1050 1051
3 650 1051 651
3 651 1051 1052
3 651 1052 652
3 652 1052 1053
3 652 1053 653
3 653 1053 1054
3 653 1054 654
3 654 1054 1055
3 654 1055 655
3 655 1055 1056
3 655 1056 656
3 656 1056 1057
3 656 1057 657
3 657 1057 1058
3 657 1058 658
3 658 1058 1059
3 658 1059 659
3 659 1059 1060
3 659 1060 660
3 660 1060 1061
3 660 1061 661
3 661 1061 1062
3 661 1062 662
3 662 1062 1063
3 662 1063 663
3 663 1063 1064
3 663 1064 664
3 664 1064 1065
3 664 1065 665
3 665 1065 1066
3 665 1066 666
3 666 1066 1067
3 666 1067 667
3 667 1067 1068
3 667 1068 668
3 668 1068 1069
3 668 1069 669
3 669 1069 1070
3 669 1070 670
3 670 1070 1071
3 670 1071 671
3 671 1071 1072
3 671 1072 672
3 672 1072 1073
3 672 1073 673
3 673 1073 1074
3 673 1074 674
3 674 1074 1075
3 674 1075 675
3 675 1075 1076
3 675 1076 676
3 676 1076 1077
3 676 1077 677
3 677 1077 1078
3 677 1078 678
3 678 1078 1079
3 678 1079 679
3 679 1079 1080
3 679 1080 680
3 680 1080 1081
3 680 1081 681
3 681 1081 1082
3 681 1082 682
3 682 1082 1083
3 682 1083 683
3 683 1083 1084
3 683 1084 684
3 684 1084 1085
3 684 1085 685
3 685 1085 1086
3 685 1086 686
3 686 1086 1087
3 686 1087 687
3 687 1087 1088
3 687 1088 688
3 688 1088 1089
3 688 1089 689
3 689 1089 1090
3 689 1090 690
3 690 1090 1091
3 690 1091 691
3 691 1091 1092
3 691 1092 692
3 692 1092 1093
3 692 1093 693
3 693 1093 1094
3 693 1094 694
3 694 1094 1095
3 694 1095 695
3 695 1095 1096
3 695 1096 696
3 696 1096 1097
3 696 1097 697
3 697 1097 1098
3 697 1098 698
3 698 1098 1099
3 698 1099 699
3 699 1099 1100
3 699 1100 700
3 700 1100 1101
3 700 1101 701
3 701 1101 1102
3 701 1102 702
3 702 1102 1103
3 702 1103 703
3 703 1103 1104
3 703 1104 704
3 704 1104 1105
3 704 1105 705
3 705 1105 1106
3 705 1106 706
3 706 1106 1107
3 706 1107 707
3 707 1107 1108
3 707 1108 708
3 708 1108 1109
3 708 1109 709
3 709 1109 1110
3 709 1110 710
3 710 1110 1111
3 710 1111 711
3 711 1111 1112
3 711 1112 712
3 712 1112 1113
3 712 1113 713
3 713 1113 1114
3 713 1114 714
3 714 1114 1115
3 714 1115 715
3 715 1115 1116
3 715 1116 716
3 716 1116 1117
3 716 1117 717
3 717 1117 1118
3 717 1118 718
3 718 1118 1119
3 718 1119 719
3 719 1119 1120
3 719 1120 720
3 720 1120 1121
3 720 1121 721
3 721 1121 1122
3 721 1122 722
3 722 1122 1123
3 722 1123 723
3 723 1123 1124
3 723 1124 724
3 724 1124 1125
3 724 1125 725
3 725 1125 1126
3 725 1126 726
3 726 1126 1127
3 726 1127 727
3 727 1127 1128
3 727 1128 728
3 728 1128 1129
3 728 1129 729
3 729 1129 1130
3 729 1130 730
3 730 1130 1131
3 730 1131 731
3 731 1131 1132
3 731 1132 732
3 732 1132 1133
3 732 1133 733
3 733 1133 1134
3 733 1134 734
3 734 1134 1135
3 734 1135 735
3 735 1135 1136
3 735 1136 736
3 736 1136 1137
3 736 1137 737
3 737 1137 1138
3 737 1138 738
3 738 1138 1139
3 738 1139 739
3 739 1139 1140
3 739 1140 740
3 740 1140 1141
3 740 1141 741
3 741 1141 1142
3 741 1142 742
3 742 1142 1143
3 742 1143 743
3 743 1143 1144
3 743 1144 744
3 744 1144 1145
3 744 1145 745
3 745 1145 1146
3 745 1146 746
3 746 1146 1147
3 746 1147 747
3 747 1147 1148
3 747 1148 748
3 748 1148 1149
3 748 1149 749
3 749 1149 1150
3 749 1150 750
3 750 1150 1151
3 750 1151 751
3 751 1151 1152
3 751 1152 752
3 752 1152 1153
3 752 1153 753
3 753 1153 1154
3 753 1154 754
3 754 1154 1155
3 754 1155 755
3 755 1155 1156
3 755 1156 756
3 756 1156 1157
3 756 1157 757
3 757 1157 1158
3 757 1158 758
3 758 1158 1159
3 758 1159 759
3 759 1159 1160
3 759 1160 760
3 760 1160 1161
3 760 1161 761
3 761 1161 1162
3 761 1162 762
3 762 1162 1163
3 762 1163 763
3 763 1163 1164
3 763 1164 764
3 764 1164 1165
3 764 1165 765
3 765 1165 1166
3 765 1166 766
3 766 1166 1167
3 766 1167 767
3 767 1167 1168
3 767 1168 768
3 768 1168 1169
3 768 1169 769
3 769 1169 1170
3 769 1170 770
3 770 1170 1171
3 770 1171 771
3 771 1171 1172
3 771 1172 772
3 772 1172 1173
3 772 1173 773
3 773 1173 1174
3 773 1174 774
3 774 1174 1175
3 774 1175 775
3 775 1175 1176
3 775 1176 776
3 776 1176 1177
3 776 1177 777
3 777 1177 1178
3 777 1178 778
3 778 1178 1179
3 778 1179 779
3 779 1179 1180
3 779 1180 780
3 780 1180 1181
3 780 1181 781
3 781 1181 1182
3 781 1182 782
3 782 1182 1183
3 782 1183 783
3 783 1183 1184
3 783 1184 784
3 784 1184 1185
3 784 1185 785
3 785 1185 1186
3 785 1186 786
3 786 1186 1187
3 786 1187 787
3 787 1187 1188
3 787 1188 788
3 788 1188 1189
3 788 1189 789
3 789 1189 1190
3 789 1190 790
3 790 1190 1191
3 790 1191 791
3 791 1191 1192
3 791 1192 792
3 792 1192 1193
3 792 1193 793
3 793 1193 1194
3 793 1194 794
3 794 1194 1195
3 794 1195 795
3 795 1195 1196
3 795 1196 796
3 796 1196 1197
3 796 1197 797
3 797 1197 1198
3 797 1198 798
3 798 1198 1199
3 798 1199 799
3 800 1200 1201
3 800 1201 801
3 801 1201 1202
3 801 1202 802
3 802 1202 1203
3 802 1203 803
3 803 1203 1204
3 803 1204 804
3 804 1204 1205
3 804 1205 805
3 805 1205 1206
3 805 1206 806
3 806 1206 1207
3 806 1207 807
3 807 1207 1208
3 807 1208 808
3 808 1208 1209
3 808 1209 809
3 809 1209 1210
3 809 1210 810
3 810 1210 1211
3 810 1211 811
3 811 1211 1212
3 811 1212 812
3 812 1212 1213
3 812 1213 813
3 813 1213 1214
3 813 1214 814
3 814 1214 1215
3 814 1215 815
3 815 1215 1216
3 815 1216 816
3 816 1216 1217
3 816 1217 817
3 817 1217 1218
3 817 1218 818
3 818 1218 1219
3 818 1219 819
3 819 1219 1220
3 819 1220 820
3 820 1220 1221
3 820 1221 821
3 821 1221 1222
3 821 1222 822
3 822 1222 1223
3 822 1223 823
3 823 1223 1224
3 823 1224 824
3 824 1224 1225
3 824 1225 825
3 825 1225 1226
3 825 1226 826
3 826 1226 1227
3 826 1227 827
3 827 1227 1228
3 827 1228 828
3 828 1228 1229
3 828 1229 829
3 829 1229 1230
3 829 1230 830
3 830 1230 1231
3 830 1231 831
3 831 1231 1232
3 831 1232 832
3 832 1232 1233
3 832 1233 833
3 833 1233 1234
3 833 1234 834
3 834 1234 1235
3 834 1235 835
3 835 1235 1236
3 835 1236 836
3 836 1236 1237
3 836 1237 837
3 837 1237 1238
3 837 1238 838
3 838 1238 1239
3 838 1239 839
3 839 1239 1240
3 839 1240 840
3 840 1240 1241
3 840 1241 841
3 841 1241 1242
3 841 1242 842
3 842 1242 1243
3 842 1243 843
3 843 1243 1244
3 843 1244 844
3 844 1244 1245
3 844 1245 845
3 845 1245 1246
3 845 1246 846
3 846 1246 1247
3 846 1247 847
3 847 1247 1248
3 847 1248 848
3 848 1248 1249
3 848 1249 849
3 849 1249 1250
3 849 1250 850
3 850 1250 1251
3 850 1251 851
3 851 1251 1252
3 851 1252 852
3 852 1252 1253
3 852 1253 853
3 853 1253 1254
3 853 1254 854
3 854 1254 1255
3 854 1255 855
3 855 1255 1256
3 855 1256 856
3 856 1256 1257
3 856 1257 857
3 857 1257 1258
3 857 1258 858
3 858 1258 1259
3 858 1259 859
3 859 1259 1260
3 859 1260 860
3 860 1260 1261
3 860 1261 861
3 861 1261 1262
3 861 1262 862
3 862 1262 1263
3 862 1263 863
3 863 1263 1264
3 863 1264 864
3 864 1264 1265
3 864 1265 865
3 865 1265 1266
3 865 1266 866
3 866 1266 1267
3 866 1267 867
3 867 1267 1268
3 867 1268 868
3 868 1268 1269
3 868 1269 869
3 869 1269 1270
3 869 1270 870
3 870 1270 1271
3 870 1271 871
3 871 1271 1272
3 871 1272 872
3 872 1272 1273
3 872 1273 873
3 873 1273 1274
3 873 1274 874
3 874 1274 1275
3 874 1275 875
3 875 1275 1276
3 875 1276 876
3 876 1276 1277
3 876 1277 877
3 877 1277 1278
3 877 1278 878
3 878 1278 1279
3 878 1279 879
3 879 1279 1280
3 879 1280 880
3 880 1280 1281
3 880 1281 881
3 881 1281 1282
3 881 1282 882
3 882 1282 1283
3 882 1283 883
3 883 1283 1284
3 883 1284 884
3 884 1284 1285
3 884 1285 885
3 885 1285 1286
3 885 1286 886
3 886 1286 1287
3 886 1287 887
3 887 1287 1288
3 887 1288 888
3 888 1288 1289
3 888 1289 889
3 889 1289 1290
3 889 1290 890
3 890 1290 1291
3 890 1291 891
3 891 1291 1292
3 891 1292 892
3 892 1292 1293
3 892 1293 893
3 893 1293 1294
3 893 1294 894
3 894 1294 1295
3 894 1295 895
3 895 1295 1296
3 895 1296 896
3 896 1296 1297
3 896 1297 897
3 897 1297 1298
3 897 1298 898
3 898 1298 1299
3 898 1299 899
3 899 1299 1300
3 899 1300 900
3 900 1300 1301
3 900 1301 901
3 901 1301 1302
3 901 1302 902
3 902 1302 1303
3 902 1303 903
3 903 1303 1304
3 903 1304 904
3 904 1304 1305
3 904 1305 905
3 905 1305 1306
3 905 1306 906
3 906 1306 1307
3 906 1307 907
3 907 1307 1308
3 907 1308 908
3 908 1308 1309
3 908 1309 909
3 909 1309 1310
3 909 1310 910
3 910 1310 1311
3 910 1311 911
3 911 1311 1312
3 911 1312 912
3 912 1312 1313
3 912 1313 913
3 913 1313 1314
3 913 1314 914
3 914 1314 1315
3 914 1315 915
3 915 1315 1316
3 915 1316 916
3 916 1316 1317
3 916 1317 917
3 917 1317 1318
3 917 1318 918
3 918 1318 1319
3 918 1319 919
3 919 1319 1320
3 919 1320 920
3 920 1320 1321
3 920 1321 921
3 921 1321 1322
3 921 1322 922
3 922 1322 1323
3 922 1323 923
3 923 1323 1324
3 923 1324 924
3 924 1324 1325
3 924 1325 925
3 925 1325 1326
3 925 1326 926
3 926 1326 1327
3 926 1327 927
3 927 1327 1328
3 927 1328 928
3 928 1328 1329
3 928 1329 929
3 929 1329 1330
3 929 1330 930
3 930 1330 1331
3 930 1331 931
3 931 1331 1332
3 931 1332 932
3 932 1332 1333
3 932 1333 933
3 933 1333 1334
3 933 1334 934
3 934 1334 1335
3 934 1335 935
3 935 1335 1336
3 935 1336 936
3 936 1336 1337
3 936 1337 937
3 937 1337 1338
3 937 1338 938
3 938 1338 1339
3 938 1339 939
3 939 1339 1340
3 939 1340 940
3 940 1340 1341
3 940 1341 941
3 941 1341 1342
3 941 1342 942
3 942 1342 1343
3 942 1343 943
3 943 1343 1344
3 943 1344 944
3 944 1344 1345
3 944 1345 945
3 945 1345 1346
3 945 1346 946
3 946 1346 1347
3 946 1347 947
3 947 1347 1348
3 947 1348 948
3 948 1348 1349
3 948 1349 949
3 949 1349 1350
3 949 1350 950
3 950 1350 1351
3 950 1351 951
3 951 1351 1352
3 951 1352 952
3 952 1352 1353
3 952 1353 953
3 953 1353 1354
3 953 1354 954
3 954 1354 1355
3 954 1355 955
3 955 1355 1356
3 955 1356 956
3 956 1356 1357
3 956 1357 957
3 957 1357 1358
3 957 1358 958
3 958 1358 1359
3 958 1359 959
3 959 1359 1360
3 959 1360 960
3 960 1360 1361
3 960 1361 961
3 961 1361 1362
3 961 1362 962
3 962 1362 1363
3 962 1363 963
3 963 1363 1364
3 963 1364 964
3 964 1364 1365
3 964 1365 965
3 965 1365 1366
3 965 1366 966
3 966 1366 1367
3 966 1367 967
3 967 1367 1368
3 967 1368 968
3 968 1368 1369
3 968 1369 969
3 969 1369 1370
3 969 1370 970
3 970 1370 1371
3 970 1371 971
3 971 1371 1372
3 971 1372 972
3 972 1372 1373
3 972 1373 973
3 973 1373 1374
3 973 1374 974
3 974 1374 1375
3 974 1375 975
3 975 1375 1376
3 975 1376 976
3 976 1376 1377
3 976 1377 977
3 977 1377 1378
3 977 1378 978
3 978 1378 1379
3 978 1379 979
3 979 1379 1380
3 979 1380 980
3 980 1380 1381
3 980 1381 981
3 981 1381 1382
3 981 1382 982
3 982 1382 1383
3 982 1383 983
3 983 1383 1384
3 983 1384 984
3 984 1384 1385
3 984 1385 985
3 985 1385 1386
3 985 1386 986
3 986 1386 1387
3 986 1387 987
3 987 1387 1388
3 987 1388 988
3 988 1388 1389
3 988 1389 989
3 989 1389 1390
3 989 1390 990
3 990 1390 1391
3 990 1391 991
3 991 1391 1392
3 991 1392 992
3 992 1392 1393
3 992 1393 993
3 993 1393 1394
3 993 1394 994
3 994 1394 1395
3 994 1395 995
3 995 1395 1396
3 995 1396 996
3 996 1396 1397
3 996 1397 997
3 997 1397 1398
3 997 1398 998
3 998 1398 1399
3 998 1399 999
3 999 1399 1400
3 999 1400 1000
3 1000 1400 1401
3 1000 1401 1001
3 1001 1401 1402
3 1001 1402 1002
3 1002 1402 1403
3 1002 1403 1003
3 1003 1403 1404
3 1003 1404 1004
3 1004 1404 1405
3 1004 1405 1005
3 1005 1405 1406
3 1005 1406 1006
3 1006 1406 1407
3 1006 1407 1007
3 1007 1407 1408
3 1007 1408 1008
3 1008 1408 1409
3 1008 1409 1009
3 1009 1409 1410
3 1009 1410 1010
3 1010 1410 1411
3 1010 1411 1011
3 1011 1411 1412
3 1011 1412 1012
3 1012 1412 1413
3 1012 1413 1013
3 1013 1413 1414
3 1013 1414 1014
3 1014 1414 1415
3 1014 1415 1015
3 1015 1415 1416
3 1015 1416 1016
3 1016 1416 1417
3 1016 1417 1017
3 1017 1417 1418
3 1017 1418 1018
3 1018 1418 1419
3 1018 1419 1019
3 1019 1419 1420
3 1019 1420 1020
3 1020 1420 1421
3 1020 1421 1021
3 1021 1421 1422
3 1021 1422 1022
3 1022 1422 1423
3 1022 1423 1023
3 1023 1423 1424
3 1023 1424 1024
3 1024 1424 1425
3 1024 1425 1025
3 1025 1425 1426
3 1025 1426 1026
3 1026 1426 1427
3 1026 1427 1027
3 1027 1427 1428
3 1027 1428 1028
3 1028 1428 1429
3 1028 1429 1029
3 1029 1429 1430
3 1029 1430 1030
3 1030 1430 1431
3 1030 1431 1031
3 1031 1431 1432
3 1031 1432 1032
3 1032 1432 1433
3 1032 1433 1033
3 1033 1433 1434
3 1033 1434 1034
3 1034 1434 1435
3 1034 1435 1035
3 1035 1435 1436
3 1035 1436 1036
3 1036 1436 1437
3 1036 1437 1037
3 1037 1437 1438
3 1037 1438 1038
3 1038 1438 1439
3 1038 1439 1039
3 1039 1439 1440
3 1039 1440 1040
3 1040 1440 1441
3 1040 1441 1041
3 1041 1441 1442
3 1041 1442 1042
3 1042 1442 1443
3 1042 1443 1043
3 1043 1443 1444
3 1043 1444 1044
3 1044 1444 1445
3 1044 1445 1045
3 1045 1445 1446
3 1045 1446 1046
3 1046 1446 1447
3 1046 1447 1047
3 1047 1447 1448
3 1047 1448 1048
3 1048 1448 1449
3 1048 1449 1049
3 1049 1449 1450
3 1049 1450 1050
3 1050 1450 1451
3 1050 1451 1051
3 1051 1451 1452
3 1051 1452 1052
3 1052 1452 1453
3 1052 1453 1053
3 1053 1453 1454
3 1053 1454 1054
3 1054 1454 1455
3 1054 1455 1055
3 1055 1455 1456
3 1055 1456 1056
3 1056 1456 1457
3 1056 1457 1057
3 1057 1457 1458
3 1057 1458 1058
3 1058 1458 1459
3 1058 1459 1059
3 1059 1459 1460
3 1059 1460 1060
3 1060 1460 1461
3 1060 1461 1061
3 1061 1461 1462
3 1061 1462 1062
3 1062 1462 1463
3 1062 1463 1063
3 1063 1463 1464
3 1063 1464 1064
3 1064 1464 1465
3 1064 1465 1065
3 1065 1465 1466
3 1065 1466 1066
3 1066 1466 1467
3 1066 1467 1067
3 1067 1467 1468
3 1067 1468 1068
3 1068 1468 1469
3 1068 1469 1069
3 1069 1469 1470
3 1069 1470 1070
3 1070 1470 1471
3 1070 1471 1071
3 1071 1471 1472
3 1071 1472 1072
3 1072 1472 1473
3 1072 1473 1073
3 1073 1473 1474
3 1073 1474 1074
3 1074 1474 1475
3 1074 1475 1075
3 1075 1475 1476
3 1075 1476 1076
3 1076 1476 1477
3 1076 1477 1077
3 1077 1477 1478
3 1077 1478 1078
3 1078 1478 1479
3 1078 1479 1079
3 1079 1479 1480
3 1079 1480 1080
3 1080 1480 1481
3 1080 1481 1081
3 1081 1481 1482
3 1081 1482 1082
3 1082 1482 1483
3 1082 1483 1083
3 1083 1483 1484
3 1083 1484 1084
3 1084 1484 1485
3 1084 1485 1085
3 1085 1485 1486
3 1085 1486 1086
3 1086 1486 1487
3 1086 1487 1087
3 1087 1487 1488
3 1087 1488 1088
3 1088 1488 1489
3 1088 1489 1089
3 1089 1489 1490
3 1089 1490 1090
3 1090 1490 1491
3 1090 1491 1091
3 1091 1491 1492
3 1091 1492 1092
3 1092 1492 1493
3 1092 1493 1093
3 1093 1493 1494
3 1093 1494 1094
3 1094 1494 1495
3 1094 1495 1095
3 1095 1495 1496
3 1095 1496 1096
3 1096 1496 1497
3 1096 1497 1097
3 1097 1497 1498
3 1097 1498 1098
3 1098 1498 1499
3 1098 1499 1099
3 1099 1499 1500
3 1099 1500 1100
3 1100 1500 1501
3 1100 1501 1101
3 1101 1501 1502
3 1101 1502 1102
3 1102 1502 1503
3 1102 1503 1103
3 1103 1503 1504
3 1103 1504 1104
3 1104 1504 1505
3 1104 1505 1105
3 1105 1505 1506
3 1105 1506 1106
3 1106 1506 1507
3 1106 1507 1107
3 1107 1507 1508
3 1107 1508 1108
3 1108 1508 1509
3 1108 1509 1109
3 1109 1509 1510
3 1109 1510 1110
3 1110 1510 1511
3 1110 1511 1111
3 1111 1511 1512
3 1111 1512 1112
3 1112 1512 1513
3 1112 1513 1113
3 1113 1513 1514
3 1113 1514 1114
3 1114 1514 1515
3 1114 1515 1115
3 1115 1515 1516
3 1115 1516 1116
3 1116 1516 1517
3 1116 1517 1117
3 1117 1517 1518
3 1117 1518 1118
3 1118 1518 1519
3 1118 1519 1119
3 1119 1519 1520
3 1119 1520 1120
3 1120 1520 1521
3 1120 1521 1121
3 1121 1521 1522
3 1121 1522 1122
3 1122 1522 1523
3 1122 1523 1123
3 1123 1523 1524
3 1123 1524 1124
3 1124 1524 1525
3 1124 1525 1125
3 1125 1525 1526
3 1125 1526 1126
3 1126 1526 1527
3 1126 1527 1127
3 1127 1527 1528
3 1127 1528 1128
3 1128 1528 1529
3 1128 1529 1129
3 1129 1529 1530
3 1129 1530 1130
3 1130 1530 1531
3 1130 1531 1131
3 1131 1531 1532
3 1131 1532 1132
3 1132 1532 1533
3 1132 1533 1133
3 1133 1533 1534
3 1133 1534 1134
3 1134 1534 1535
3 1134 1535 1135
3 1135 1535 1536
3 1135 1536 1136
3 1136 1536 1537
3 1136 1537 1137
3 1137 1537 1538
3 1137 1538 1138
3 1138 1538 1539
3 1138 1539 1139
3 1139 1539 1540
3 1139 1540 1140
3 1140 1540 1541
3 1140 1541 1141
3 1141 1541 1542
3 1141 1542 1142
3 1142 1542 1543
3 1142 1543 1143
3 1143 1543 1544
3 1143 1544 1144
3 1144 1544 1545
3 1144 1545 1145
3 1145 1545 1546
3 1145 1546 1146
3 1146 1546 1547
3 1146 1547 1147
3 1147 1547 1548
3 1147 1548 1148
3 1148 1548 1549
3 1148 1549 1149
3 1149 1549 1550
3 1149 1550 1150
3 1150 1550 1551
3 1150 1551 1151
3 1151 1551 1552
3 1151 1552 1152
3 1152 1552 1553
3 1152 1553 1153
3 1153 1553 1554
3 1153 1554 1154
3 1154 1554 1555
3 1154 1555 1155
3 1155 1555 1556
3 1155 1556 1156
3 1156 1556 1557
3 1156 1557 1157
3 1157 1557 1558
3 1157 1558 1158
3 1158 1558 1559
3 1158 1559 1159
3 1159 1559 1560
3 1159 1560 1160
3 1160 1560 1561
3 1160 1561 1161
3 1161 1561 1562
3 1161 1562 1162
3 1162 1562 1563
3 1162 1563 1163
3 1163 1563 1564
3 1163 1564 1164
3 1164 1564 1565
3 1164 1565 1165
3 1165 1565 1566
3 1165 1566 1166
3 1166 1566 1567
3 1166 1567 1167
3 1167 1567 1568
3 1167 1568 1168
3 1168 1568 1569
3 1168 1569 1169
3 1169 1569 1570
3 1169 1570 1170
3 1170 1570 1571
3 1170 1571 1171
3 1171 1571 1572
3 1171 1572 1172
3 1172 1572 1573
3 1172 1573 1173
3 1173 1573 1574
3 1173 1574 1174
3 1174 1574 1575
3 1174 1575 1175
3 1175 1575 1576
3 1175 1576 1176
3 1176 1576 1577
3 1176 1577 1177
3 1177 1577 1578
3 1177 1578 1178
3 1178 1578 1579
3 1178 1579 1179
3 1179 1579 1580
3 1179 1580 1180
3 1180 1580 1581
3 1180 1581 1181
3 1181 1581 1582
3 1181 1582 1182
3 1182 1582 1583
3 1182 1583 1183
3 1183 1583 1584
3 1183 1584 1184
3 1184 1584 1585
3 1184 1585 1185
3 1185 1585 1586
3 1185 1586 1186
3 1186 1586 1587
3 1186 1587 1187
3 1187 1587 1588
3 1187 1588 1188
3 1188 1588 1589
3 1188 1589 1189
3 1189 1589 1590
3 1189 1590 1190
3 1190 1590 1591
3 1190 1591 1191
3 1191 1591 1592
3 1191 1592 1192
3 1192 1592 1593
3 1192 1593 1193
3 1193 1593 1594
3 1193 1594 1194
3 1194 1594 1595
3 1194 1595 1195
3 1195 1595 1596
3 1195 1596 1196
3 1196 1596 1597
3 1196 1597 1197
3 1197 1597 1598
3 1197 1598 1198
3 1198 1598 1599
3 1198 1599 1199
3 1200 1600 1601
3 1200 1601 1201
3 1201 1601 1602
3 1201 1602 1202
3 1202 1602 1603
3 1202 1603 1203
3 1203 1603 1604
3 1203 1604 1204
3 1204 1604 1605
3 1204 1605 1205
3 1205 1605 1606
3 1205 1606 1206
3 1206 1606 1607
3 1206 1607 1207
3 1207 1607 1608
3 1207 1608 1208
3 1208 1608 1609
3 1208 1609 1209
3 1209 1609 1610
3 1209 1610 1210
3 1210 1610 1611
3 1210 1611 1211
3 1211 1611 1612
3 1211 1612 1212
3 1212 1612 1613
3 1212 1613 1213
3 1213 1613 1614
3 1213 1614 1214
3 1214 1614 1615
3 1214 1615 1215
3 1215 1615 1616
3 1215 1616 1216
3 1216 1616 1617
3 1216 1617 1217
3 1217 1617 1618
3 1217 1618 1218
3 1218 1618 1619
3 1218 1619 1219
3 1219 1619 1620
3 1219 1620 1220
3 1220 1620 1621
3 1220 1621 1221
3 1221 1621 1622
3 1221 1622 1222
3 1222 1622 1623
3 1222 1623 1223
3 1223 1623 1624
3 1223 1624 1224
3 1224 1624 1625
3 1224 1625 1225
3 1225 1625 1626
3 1225 1626 1226
3 1226 1626 1627
3 1226 1627 1227
3 1227 1627 1628
3 1227 1628 1228
3 1228 1628 1629
3 1228 1629 1229
3 1229 1629 1630
3 1229 1630 1230
3 1230 1630 1631
3 1230 1631 1231
3 1231 1631 1632
3 1231 1632 1232
3 1232 1632 1633
3 1232 1633 1233
3 1233 1633 1634
3 1233 1634 1234
3 1234 1634 1635
3 1234 1635 1235
3 1235 1635 1636
3 1235 1636 1236
3 1236 1636 1637
3 1236 1637 1237
3 1237 1637 1638
3 1237 1638 1238
3 1238 1638 1639
3 1238 1639 1239
3 1239 1639 1640
3 1239 1640 1240
3 1240 1640 1641
3 1240 1641 1241
3 1241 1641 1642
3 1241 1642 1242
3 1242 1642 1643
3 1242 1643 1243
3 1243 1643 1644
3 1243 1644 1244
3 1244 1644 1645
3 1244 1645 1245
3 1245 1645 1646
3 1245 1646 1246
3 1246 1646 1647
3 1246 1647 1247
3 1247 1647 1648
3 1247 1648 1248
3 1248 1648 1649
3 1248 1649 1249
3 1249 1649 1650
3 1249 1650 1250
3 1250 1650 1651
3 1250 1651 1251
3 1251 1651 1652
3 1251 1652 1252
3 1252 1652 1653
3 1252 1653 1253
3 1253 1653 1654
3 1253 1654 1254
3 1254 1654 1655
3 1254 1655 1255
3 1255 1655 1656
3 1255 1656 1256
3 1256 1656 1657
3 1256 1657 1257
3 1257 1657 1658
3 1257 1658 1258
3 1258 1658 1659
3 1258 1659 1259
3 1259 1659 1660
3 1259 1660 1260
3 1260 1660 1661
3 1260 1661 1261
3 1261 1661 1662
3 1261 1662 1262
3 1262 1662 1663
3 1262 1663 1263
3 1263 1663 1664
3 1263 1664 1264
3 1264 1664 1665
3 1264 1665 1265
3 1265 1665 1666
3 1265 1666 1266
3 1266 1666 1667
3 1266 1667 1267
3 1267 1667 1668
3 1267 1668 1268
3 1268 1668 1669
3 1268 1669 1269
3 1269 1669 1670
3 1269 1670 1270
3 1270 1670 1671
3 1270 1671 1271
3 1271 1671 1672
3 1271 1672 1272
3 1272 1672 1673
3 1272 1673 1273
3 1273 1673 1674
3 1273 1674 1274
3 1274 1674 1675
3 1274 1675 1275
3 1275 1675 1676
3 1275 1676 1276
3 1276 1676 1677
3 1276 1677 1277
3 1277 1677 1678
3 1277 1678 1278
3 1278 1678 1679
3 1278 1679 1279
3 1279 1679 1680
3 1279 1680 1280
3 1280 1680 1681
3 1280 1681 1281
3 1281 1681 1682
3 1281 1682 1282
3 1282 1682 1683
3 1282 1683 1283
3 1283 1683 1684
3 1283 1684 1284
3 1284 1684 1685
3 1284 1685 1285
3 1285 1685 1686
3 1285 1686 1286
3 1286 1686 1687
3 1286 1687 1287
3 1287 1687 1688
3 1287 1688 1288
3 1288 1688 1689
3 1288 1689 1289
3 1289 1689 1690
3 1289 1690 1290
3 1290 1690 1691
3 1290 1691 1291
3 1291 1691 1692
3 1291 1692 1292
3 1292 1692 1693
3 1292 1693 1293
3 1293 1693 1694
3 1293 1694 1294
3 1294 1694 1695
3 1294 1695 1295
3 1295 1695 1696
3 1295 1696 1296
3 1296 1696 1697
3 1296 1697 1297
3 1297 1697 1698
3 1297 1698 1298
3 1298 1698 1699
3 1298 1699 1299
3 1299 1699 1700
3 1299 1700 1300
3 1300 1700 1701
3 1300 1701 1301
3 1301 1701 1702
3 1301 1702 1302
3 1302 1702 1703
3 1302 1703 1303
3 1303 1703 1704
3 1303 1704 1304
3 1304 1704 1705
3 1304 1705 1305
3 1305 1705 1706
3 1305 1706 1306
3 1306 1706 1707
3 1306 1707 1307
3 1307 1707 1708
3 1307 1708 1308
3 1308 1708 1709
3 1308 1709 1309
3 1309 1709 1710
3 1309 1710 1310
3 1310 1710 1711
3 1310 1711 1311
3 1311 1711 1712
3 1311 1712 1312
3 1312 1712 1713
3 1312 1713 1313
3 1313 1713 1714
3 1313 1714 1314
3 1314 1714 1715
3 1314 1715 1315
3 1315 1715 1716
3 1315 1716 1316
3 1316 1716 1717
3 1316 1717 1317
3 1317 1717 1718
3 1317 1718 1318
3 1318 1718 1719
3 1318 1719 1319
3 1319 1719 1720
3 1319 1720 1320
3 1320 1720 1721
3 1320 1721 1321
3 1321 1721 1722
3 1321 1722 1322
3 1322 1722 1723
3 1322 1723 1323
3 1323 1723 1724
3 1323 1724 1324
3 1324 1724 1725
3 1324 1725 1325
3 1325 1725 1726
3 1325 1726 1326
3 1326 1726 1727
3 1326 1727 1327
3 1327 1727 1728
3 1327 1728 1328
3 1328 1728 1729
3 1328 1729 1329
3 1329 1729 1730
3 1329 1730 1330
3 1330 1730 1731
3 1330 1731 1331
3 1331 1731 1732
3 1331 1732 1332
3 1332 1732 1733
3 1332 1733 1333
3 1333 1733 1734
3 1333 1734 1334
3 1334 1734 1735
3 1334 1735 1335
3 1335 1735 1736
3 1335 1736 1336
3 1336 1736 1737
3 1336 1737 1337
3 1337 1737 1738
3 1337 1738 1338
3 1338 1738 1739
3 1338 1739 1339
3 1339 1739 1740
3 1339 1740 1340
3 1340 1740 1741
3 1340 1741 1341
3 1341 1741 1742
3 1341 1742 1342
3 1342 1742 1743
3 1342 1743 1343
3 1343 1743 1744
3 1343 1744 1344
3 1344 1744 1745
3 1344 1745 1345
3 1345 1745 1746
3 1345 1746 1346
3 1346 1746 1747
3 1346 1747 1347
3 1347 1747 1748
3 1347 1748 1348
3 1348 1748 1749
3 1348 1749 1349
3 1349 1749 1750
3 1349 1750 1350
3 1350 1750 1751
3 1350 1751 1351
3 1351 1751 1752
3 1351 1752 1352
3 1352 1752 1753
3 1352 1753 1353
3 1353 1753 1754
3 1353 1754 1354
3 1354 1754 1755
3 1354 1755 1355
3 1355 1755 1756
3 1355 1756 1356
3 1356 1756 1757
3 1356 1757 1357
3 1357 1757 1758
3 1357 1758 1358
3 1358 1758 1759
3 1358 1759 1359
3 1359 1759 1760
3 1359 1760 1360
3 1360 1760 1761
3 1360 1761 1361
3 1361 1761 1762
3 1361 1762 1362
3 1362 1762 1763
3 1362 1763 1363
3 1363 1763 1764
3 1363 1764 1364
3 1364 1764 1765
3 1364 1765 1365
3 1365 1765 1766
3 1365 1766 1366
3 1366 1766 1767
3 1366 1767 1367
3 1367 1767 1768
3 1367 1768 1368
3 1368 1768 1769
3 1368 1769 1369
3 1369 1769 1770
3 1369 1770 1370
3 1370 1770 1771
3 1370 1771 1371
3 1371 1771 1772
3 1371 1772 1372
3 1372 1772 1773
3 1372 1773 1373
3 1373 1773 1774
3 1373 1774 1374
3 1374 1774 1775
3 1374 1775 1375
3 1375 1775 1776
3 1375 1776 1376
3 1376 1776 1777
3 1376 1777 1377
3 1377 1777 1778
3 1377 1778 1378
3 1378 1778 1779
3 1378 1779 1379
3 1379 1779 1780
3 1379 1780 1380
3 1380 1780 1781
3 1380 1781 1381
3 1381 1781 1782
3 1381 1782 1382
3 1382 1782 1783
3 1382 1783 1383
3 1383 1783 1784
3 1383 1784 1384
3 1384 1784 1785
3 1384 1785 1385
3 1385 1785 1786
3 1385 1786 1386
3 1386 1786 1787
3 1386 1787 1387
3 1387 1787 1788
3 1387 1788 1388
3 1388 1788 1789
3 1388 1789 1389
3 1389 1789 1790
3 1389 1790 1390
3 1390 1790 1791
3 1390 1791 1391
3 1391 1791 1792
3 1391 1792 1392
3 1392 1792 1793
3 1392 1793 1393
3 1393 1793 1794
3 1393 1794 1394
3 1394 1794 1795
3 1394 1795 1395
3 1395 1795 1796
3 1395 1796 1396
3 1396 1796 1797
3 1396 1797 1397
3 1397 1797 1798
3 1397 1798 1398
3 1398 1798 1799
3 1398 1799 1399
3 1399 1799 1800
3 1399 1800 1400
3 1400 1800 1801
3 1400 1801 1401
3 1401 1801 1802
3 1401 1802 1402
3 1402 1802 1803
3 1402 1803 1403
3 1403 1803 1804
3 1403 1804 1404
3 1404 1804 1805
3 1404 1805 1405
3 1405 1805 1806
3 1405 1806 1406
3 1406 1806 1807
3 1406 1807 1407
3 1407 1807 1808
3 1407 1808 1408
3 1408 1808 1809
3 1408 1809 1409
3 1409 1809 1810
3 1409 1810 1410
3 1410 1810 1811
3 1410 1811 1411
3 1411 1811 1812
3 1411 1812 1412
3 1412 1812 1813
3 1412 1813 1413
3 1413 1813 1814
3 1413 1814 1414
3 1414 1814 1815
3 1414 1815 1415
3 1415 1815 1816
3 1415 1816 1416
3 1416 1816 1817
3 1416 1817 1417
3 1417 1817 1818
3 1417 1818 1418
3 1418 1818 1819
3 1418 1819 1419
3 1419 1819 1820
3 1419 1820 1420
3 1420 1820 1821
3 1420 1821 1421
3 1421 1821 1822
3 1421 1822 1422
3 1422 1822 1823
3 1422 1823 1423
3 1423 1823 1824
3 1423 1824 1424
3 1424 1824 1825
3 1424 1825 1425
3 1425 1825 1826
3 1425 1826 1426
3 1426 1826 1827
3 1426 1827 1427
3 1427 1827 1828
3 1427 1828 1428
3 1428 1828 1829
3 1428 1829 1429
3 1429 1829 1830
3 1429 1830 1430
3 1430 1830 1831
3 1430 1831 1431
3 1431 1831 1832
3 1431 1832 1432
3 1432 1832 1833
3 1432 1833 1433
3 1433 1833 1834
3 1433 1834 1434
3 1434 1834 1835
3 1434 1835 1435
3 1435 1835 1836
3 1435 1836 1436
3 1436 1836 1837
3 1436 1837 1437
3 1437 1837 1838
3 1437 1838 1438
3 1438 1838 1839
3 1438 1839 1439
3 1439 1839 1840
3 1439 1840 1440
3 1440 1840 1841
3 1440 1841 1441
3 1441 1841 1842
3 1441 1842 1442
3 1442 1842 1843
3 1442 1843 1443
3 1443 1843 1844
3 1443 1844 1444
3 1444 1844 1845
3 1444 1845 1445
3 1445 1845 1846
3 1445 1846 1446
3 1446 1846 1847
3 1446 1847 1447
3 1447 1847 1848
3 1447 1848 1448
3 1448 1848 1849
3 1448 1849 1449
3 1449 1849 1850
3 1449 1850 1450
3 1450 1850 1851
3 1450 1851 1451
3 1451 1851 1852
3 1451 1852 1452
3 1452 1852 1853
3 1452 1853 1453
3 1453 1853 1854
3 1453 1854 1454
3 1454 1854 1855
3 1454 1855 1455
3 1455 1855 1856
3 1455 1856 1456
3 1456 1856 1857
3 1456 1857 1457
3 1457 1857 1858
3 1457 1858 1458
3 1458 1858 1859
3 1458 1859 1459
3 1459 1859 1860
3 1459 1860 1460
3 1460 1860 1861
3 1460 1861 1461
3 1461 1861 1862
3 1461 1862 1462
3 1462 1862 1863
3 1462 1863 1463
3 1463 1863 1864
3 1463 1864 1464
3 1464 1864 1865
3 1464 1865 1465
3 1465 1865 1866
3 1465 1866 1466
3 1466 1866 1867
3 1466 1867 1467
3 1467 1867 1868
3 1467 1868 1468
3 1468 1868 1869
3 1468 1869 1469
3 1469 1869 1870
3 1469 1870 1470
3 1470 1870 1871
3 1470 1871 1471
3 1471 1871 1872
3 1471 1872 1472
3 1472 1872 1873
3 1472 1873 1473
3 1473 1873 1874
3 1473 1874 1474
3 1474 1874 1875
3 1474 1875 1475
3 1475 1875 1876
3 1475 1876 1476
3 1476 1876 1877
3 1476 1877 1477
3 1477 1877 1878
3 1477 1878 1478
3 1478 1878 1879
3 1478 1879 1479
3 1479 1879 1880
3 1479 1880 1480
3 1480 1880 1881
3 1480 1881 1481
3 1481 1881 1882
3 1481 1882 1482
3 1482 1882 1883
3 1482 1883 1483
3 1483 1883 1884
3 1483 1884 1484
3 1484 1884 1885
3 1484 1885 1485
3 1485 1885 1886
3 1485 1886 1486
3 1486 1886 1887
3 1486 1887 1487
3 1487 1887 1888
3 1487 1888 1488
3 1488 1888 1889
3 1488 1889 1489
3 1489 1889 1890
3 1489 1890 1490
3 1490 1890 1891
3 1490 1891 1491
3 1491 1891 1892
3 1491 1892 1492
3 1492 1892 1893
3 1492 1893 1493
3 1493 1893 1894
3 1493 1894 1494
3 1494 1894 1895
3 1494 1895 1495
3 1495 1895 1896
3 1495 1896 1496
3 1496 1896 1897
3 1496 1897 1497
3 1497 1897 1898
3 1497 1898 1498
3 1498 1898 1899
3 1498 1899 1499
3 1499 1899 1900
3 1499 1900 1500
3 1500 1900 1901
3 1500 1901 1501
3 1501 1901 1902
3 1501 1902 1502
3 1502 1902 1903
3 1502 1903 1503
3 1503 1903 1904
3 1503 1904 1504
3 1504 1904 1905
3 1504 1905 1505
3 1505 1905 1906
3 1505 1906 1506
3 1506 1906 1907
3 1506 1907 1507
3 1507 1907 1908
3 1507 1908 1508
3 1508 1908 1909
3 1508 1909 1509
3 1509 1909 1910
3 1509 1910 1510
3 1510 1910 1911
3 1510 1911 1511
3 1511 1911 1912
3 1511 1912 1512
3 1512 1912 1913
3 1512 1913 1513
3 1513 1913 1914
3 1513 1914 1514
3 1514 1914 1915
3 1514 1915 1515
3 1515 1915 1916
3 1515 1916 1516
3 1516 1916 1917
3 1516 1917 1517
3 1517 1917 1918
3 1517 1918 1518
3 1518 1918 1919
3 1518 1919 1519
3 1519 1919 1920
3 1519 1920 1520
3 1520 1920 1921
3 1520 1921 1521
3 1521 1921 1922
3 1521 1922 1522
3 1522 1922 1923
3 1522 1923 1523
3 1523 1923 1924
3 1523 1924 1524
3 1524 1924 1925
3 1524 1925 1525
3 1525 1925 1926
3 1525 1926 1526
3 1526 1926 1927
3 1526 1927 1527
3 1527 1927 1928
3 1527 1928 1528
3 1528 1928 1929
3 1528 1929 1529
3 1529 1929 1930
3 1529 1930 1530
3 1530 1930 1931
3 1530 1931 1531
3 1531 1931 1932
3 1531 1932 1532
3 1532 1932 1933
3 1532 1933 1533
3 1533 1933 1934
3 1533 1934 1534
3 1534 1934 1935
3 1534 1935 1535
3 1535 1935 1936
3 1535 1936 1536
3 1536 1936 1937
3 1536 1937 1537
3 1537 1937 1938
3 1537 1938 1538
3 1538 1938 1939
3 1538 1939 1539
3 1539 1939 1940
3 1539 1940 1540
3 1540 1940 1941
3 1540 1941 1541
3 1541 1941 1942
3 1541 1942 1542
3 1542 1942 1943
3 1542 1943 1543
3 1543 1943 1944
3 1543 1944 1544
3 1544 1944 1945
3 1544 1945 1545
3 1545 1945 1946
3 1545 1946 1546
3 1546 1946 1947
3 1546 1947 1547
3 1547 1947 1948
3 1547 1948 1548
3 1548 1948 1949
3 1548 1949 1549
3 1549 1949 1950
3 1549 1950 1550
3 1550 1950 1951
3 1550 1951 1551
3 1551 1951 1952
3 1551 1952 1552
3 1552 1952 1953
3 1552 1953 1553
3 1553 1953 1954
3 1553 1954 1554
3 1554 1954 1955
3 1554 1955 1555
3 1555 1955 1956
3 1555 1956 1556
3 1556 1956 1957
3 1556 1957 1557
3 1557 1957 1958
3 1557 1958 1558
3 1558 1958 1959
3 1558 1959 1559
3 1559 1959 1960
3 1559 1960 1560
3 1560 1960 1961
3 1560 1961 1561
3 1561 1961 1962
3 1561 1962 1562
3 1562 1962 1963
3 1562 1963 1563
3 1563 1963 1964
3 1563 1964 1564
3 1564 1964 1965
3 1564 1965 1565
3 1565 1965 1966
3 1565 1966 1566
3 1566 1966 1967
3 1566 1967 1567
3 1567 1967 1968
3 1567 1968 1568
3 1568 1968 1969
3 1568 1969 1569
3 1569 1969 1970
3 1569 1970 1570
3 1570 1970 1971
3 1570 1971 1571
3 1571 1971 1972
3 1571 1972 1572
3 1572 1972 1973
3 1572 1973 1573
3 1573 1973 1974
3 1573 1974 1574
3 1574 1974 1975
3 1574 1975 1575
3 1575 1975 1976
3 1575 1976 1576
3 1576 1976 1977
3 1576 1977 1577
3 1577 1977 1978
3 1577 1978 1578
3 1578 1978 1979
3 1578 1979 1579
3 1579 1979 1980
3 1579 1980 1580
3 1580 1980 1981
3 1580 1981 1581
3 1581 1981 1982
3 1581 1982 1582
3 1582 1982 1983
3 1582 1983 1583
3 1583 1983 1984
3 1583 1984 1584
3 1584 1984 1985
3 1584 1985 1585
3 1585 1985 1986
3 1585 1986 1586
3 1586 1986 1987
3 1586 1987 1587
3 1587 1987 1988
3 1587 1988 1588
3 1588 1988 1989
3 1588 1989 1589
3 1589 1989 1990
3 1589 1990 1590
3 1590 1990 1991
3 1590 1991 1591
3 1591 1991 1992
3 1591 1992 1592
3 1592 1992 1993
3 1592 1993 1593
3 1593 1993 1994
3 1593 1994 1594
3 1594 1994 1995
3 1594 1995 1595
3 1595 1995 1996
3 1595 1996 1596
3 1596 1996 1997
3 1596 1997 1597
3 1597 1997 1998
3 1597 1998 1598
3 1598 1998 1999
3 1598 1999 1599
3 1600 2000 2001
3 1600 2001 1601
3 1601 2001 2002
3 1601 2002 1602
3 1602 2002 2003
3 1602 2003 1603
3 1603 2003 2004
3 1603 2004 1604
3 1604 2004 2005
3 1604 2005 1605
3 1605 2005 2006
3 1605 2006 1606
3 1606 2006 2007
3 1606 2007 1607
3 1607 2007 2008
3 1607 2008 1608
3 1608 2008 2009
3 1608 2009 1609
3 1609 2009 2010
3 1609 2010 1610
3 1610 2010 2011
3 1610 2011 1611
3 1611 2011 2012
3 1611 2012 1612
3 1612 2012 2013
3 1612 2013 1613
3 1613 2013 2014
3 1613 2014 1614
3 1614 2014 2015
3 1614 2015 1615
3 1615 2015 2016
3 1615 2016 1616
3 1616 2016 2017
3 1616 2017 1617
3 1617 2017 2018
3 1617 2018 1618
3 1618 2018 2019
3 1618 2019 1619
3 1619 2019 2020
3 1619 2020 1620
3 1620 2020 2021
3 1620 2021 1621
3 1621 2021 2022
3 1621 2022 1622
3 1622 2022 2023
3 1622 2023 1623
3 1623 2023 2024
3 1623 2024 1624
3 1624 2024 2025
3 1624 2025 1625
3 1625 2025 2026
3 1625 2026 1626
3 1626 2026 2027
3 1626 2027 1627
3 1627 2027 2028
3 1627 2028 1628
3 1628 2028 2029
3 1628 2029 1629
3 1629 2029 2030
3 1629 2030 1630
3 1630 2030 2031
3 1630 2031 1631
3 1631 2031 2032
3 1631 2032 1632
3 1632 2032 2033
3 1632 2033 1633
3 1633 2033 2034
3 1633 2034 1634
3 1634 2034 2035
3 1634 2035 1635
3 1635 2035 2036
3 1635 2036 1636
3 1636 2036 2037
3 1636 2037 1637
3 1637 2037 2038
3 1637 2038 1638
3 1638 2038 2039
3 1638 2039 1639
3 1639 2039 2040
3 1639 2040 1640
3 1640 2040 2041
3 1640 2041 1641
3 1641 2041 2042
3 1641 2042 1642
3 1642 2042 2043
3 1642 2043 1643
3 1643 2043 2044
3 1643 2044 1644
3 1644 2044 2045
3 1644 2045 1645
3 1645 2045 2046
3 1645 2046 1646
3 1646 2046 2047
3 1646 2047 1647
3 1647 2047 2048
3 1647 2048 1648
3 1648 2048 2049
3 1648 2049 1649
3 1649 2049 2050
3 1649 2050 1650
3 1650 2050 2051
3 1650 2051 1651
3 1651 2051 2052
3 1651 2052 1652
3 1652 2052 2053
3 1652 2053 1653
3 1653 2053 2054
3 1653 2054 1654
3 1654 2054 2055
3 1654 2055 1655
3 1655 2055 2056
3 1655 2056 1656
3 1656 2056 2057
3 1656 2057 1657
3 1657 2057 2058
3 1657 2058 1658
3 1658 2058 2059
3 1658 2059 1659
3 1659 2059 2060
3 1659 2060 1660
3 1660 2060 2061
3 1660 2061 1661
3 1661 2061 2062
3 1661 2062 1662
3 1662 2062 2063
3 1662 2063 1663
3 1663 2063 2064
3 1663 2064 1664
3 1664 2064 2065
3 1664 2065 1665
3 1665 2065 2066
3 1665 2066 1666
3 1666 2066 2067
3 1666 2067 1667
3 1667 2067 2068
3 1667 2068 1668
3 1668 2068 2069
3 1668 2069 1669
3 1669 2069 2070
3 1669 2070 1670
3 1670 2070 2071
3 1670 2071 1671
3 1671 2071 2072
3 1671 2072 1672
3 1672 2072 2073
3 1672 2073 1673
3 1673 2073 2074
3 1673 2074 1674
3 1674 2074 2075
3 1674 2075 1675
3 1675 2075 2076
3 1675 2076 1676
3 1676 2076 2077
3 1676 2077 1677
3 1677 2077 2078
3 1677 2078 1678
3 1678 2078 2079
3 1678 2079 1679
3 1679 2079 2080
3 1679 2080 1680
3 1680 2080 2081
3 1680 2081 1681
3 1681 2081 2082
3 1681 2082 1682
3 1682 2082 2083
3 1682 2083 1683
3 1683 2083 2084
3 1683 2084 1684
3 1684 2084 2085
3 1684 2085 1685
3 1685 2085 2086
3 1685 2086 1686
3 1686 2086 2087
3 1686 2087 1687
3 1687 2087 2088
3 1687 2088 1688
3 1688 2088 2089
3 1688 2089 1689
3 1689 2089 2090
3 1689 2090 1690
3 1690 2090 2091
3 1690 2091 1691
3 1691 2091 2092
3 1691 2092 1692
3 1692 2092 2093
3 1692 2093 1693
3 1693 2093 2094
3 1693 2094 1694
3 1694 2094 2095
3 1694 2095 1695
3 1695 2095 2096
3 1695 2096 1696
3 1696 2096 2097
3 1696 2097 1697
3 1697 2097 2098
3 1697 2098 1698
3 1698 2098 2099
3 1698 2099 1699
3 1699 2099 2100
3 1699 2100 1700
3 1700 2100 2101
3 1700 2101 1701
3 1701 2101 2102
3 1701 2102 1702
3 1702 2102 2103
3 1702 2103 1703
3 1703 2103 2104
3 1703 2104 1704
3 1704 2104 2105
3 1704 2105 1705
3 1705 2105 2106
3 1705 2106 1706
3 1706 2106 2107
3 1706 2107 1707
3 1707 2107 2108
3 1707 2108 1708
3 1708 2108 2109
3 1708 2109 1709
3 1709 2109 2110
3 1709 2110 1710
3 1710 2110 2111
3 1710 2111 1711
3 1711 2111 2112
3 1711 2112 1712
3 1712 2112 2113
3 1712 2113 1713
3 1713 2113 2114
3 1713 2114 1714
3 1714 2114 2115
3 1714 2115 1715
3 1715 2115 2116
3 1715 2116 1716
3 1716 2116 2117
3 1716 2117 1717
3 1717 2117 2118
3 1717 2118 1718
3 1718 2118 2119
3 1718 2119 1719
3 1719 2119 2120
3 1719 2120 1720
3 1720 2120 2121
3 1720 2121 1721
3 1721 2121 2122
3 1721 2122 1722
3 1722 2122 2123
3 1722 2123 1723
3 1723 2123 2124
3 1723 2124 1724
3 1724 2124 2125
3 1724 2125 1725
3 1725 2125 2126
3 1725 2126 1726
3 1726 2126 2127
3 1726 2127 1727
3 1727 2127 2128
3 1727 2128 1728
3 1728 2128 2129
3 1728 2129 1729
3 1729 2129 2130
3 1729 2130 1730
3 1730 2130 2131
3 1730 2131 1731
3 1731 2131 2132
3 1731 2132 1732
3 1732 2132 2133
3 1732 2133 1733
3 1733 2133 2134
3 1733 2134 1734
3 1734 2134 2135
3 1734 2135 1735
3 1735 2135 2136
3 1735 2136 1736
3 1736 2136 2137
3 1736 2137 1737
3 1737 2137 2138
3 1737 2138 1738
3 1738 2138 2139
3 1738 2139 1739
3 1739 2139 2140
3 1739 2140 1740
3 1740 2140 2141
3 1740 2141 1741
3 1741 2141 2142
3 1741 2142 1742
3 1742 2142 2143
3 1742 2143 1743
3 1743 2143 2144
3 1743 2144 1744
3 1744 2144 2145
3 1744 2145 1745
3 1745 2145 2146
3 1745 2146 1746
3 1746 2146 2147
3 1746 2147 1747
3 1747 2147 2148
3 1747 2148 1748
3 1748 2148 2149
3 1748 2149 1749
3 1749 2149 2150
3 1749 2150 1750
3 1750 2150 2151
3 1750 2151 1751
3 1751 2151 2152
3 1751 2152 1752
3 1752 2152 2153
3 1752 2153 1753
3 1753 2153 2154
3 1753 2154 1754
3 1754 2154 2155
3 1754 2155 1755
3 1755 2155 2156
3 1755 2156 1756
3 1756 2156 2157
3 1756 2157 1757
3 1757 2157 2158
3 1757 2158 1758
3 1758 2158 2159
3 1758 2159 1759
3 1759 2159 2160
3 1759 2160 1760
3 1760 2160 2161
3 1760 2161 1761
3 1761 2161 2162
3 1761 2162 1762
3 1762 2162 2163
3 1762 2163 1763
3 1763 2163 2164
3 1763 2164 1764
3 1764 2164 2165
3 1764 2165 1765
3 1765 2165 2166
3 1765 2166 1766
3 1766 2166 2167
3 1766 2167 1767
3 1767 2167 2168
3 1767 2168 1768
3 1768 2168 2169
3 1768 2169 1769
3 1769 2169 2170
3 1769 2170 1770
3 1770 2170 2171
3 1770 2171 1771
3 1771 2171 2172
3 1771 2172 1772
3 1772 2172 2173
3 1772 2173 1773
3 1773 2173 2174
3 1773 2174 1774
3 1774 2174 2175
3 1774 2175 1775
3 1775 2175 2176
3 1775 2176 1776
3 1776 2176 2177
3 1776 2177 1777
3 1777 2177 2178
3 1777 2178 1778
3 1778 2178 2179
3 1778 2179 1779
3 1779 2179 2180
3 1779 2180 1780
3 1780 2180 2181
3 1780 2181 1781
3 1781 2181 2182
3 1781 2182 1782
3 1782 2182 2183
3 1782 2183 1783
3 1783 2183 2184
3 1783 2184 1784
3 1784 2184 2185
3 1784 2185 1785
3 1785 2185 2186
3 1785 2186 1786
3 1786 2186 2187
3 1786 2187 1787
3 1787 2187 2188
3 1787 2188 1788
3 1788 2188 2189
3 1788 2189 1789
3 1789 2189 2190
3 1789 2190 1790
3 1790 2190 2191
3 1790 2191 1791
3 1791 2191 2192
3 1791 2192 1792
3 1792 2192 2193
3 1792 2193 1793
3 1793 2193 2194
3 1793 2194 1794
3 1794 2194 2195
3 1794 2195 1795
3 1795 2195 2196
3 1795 2196 1796
3 1796 2196 2197
3 1796 2197 1797
3 1797 2197 2198
3 1797 2198 1798
3 1798 2198 2199
3 1798 2199 1799
3 1799 2199 2200
3 1799 2200 1800
3 1800 2200 2201
3 1800 2201 1801
3 1801 2201 2202
3 1801 2202 1802
3 1802 2202 2203
3 1802 2203 1803
3 1803 2203 2204
3 1803 2204 1804
3 1804 2204 2205
3 1804 2205 1805
3 1805 2205 2206
3 1805 2206 1806
3 1806 2206 2207
3 1806 2207 1807
3 1807 2207 2208
3 1807 2208 1808
3 1808 2208 2209
3 1808 2209 1809
3 1809 2209 2210
3 1809 2210 1810
3 1810 2210 2211
3 1810 2211 1811
3 1811 2211 2212
3 1811 2212 1812
3 1812 2212 2213
3 1812 2213 1813
3 1813 2213 2214
3 1813 2214 1814
3 1814 2214 2215
3 1814 2215 1815
3 1815 2215 2216
3 1815 2216 1816
3 1816 2216 2217
3 1816 2217 1817
3 1817 2217 2218
3 1817 2218 1818
3 1818 2218 2219
3 1818 2219 1819
3 1819 2219 2220
3 1819 2220 1820
3 1820 2220 2221
3 1820 2221 1821
3 1821 2221 2222
3 1821 2222 1822
3 1822 2222 2223
3 1822 2223 1823
3 1823 2223 2224
3 1823 2224 1824
3 1824 2224 2225
3 1824 2225 1825
3 1825 2225 2226
3 1825 2226 1826
3 1826 2226 2227
3 1826 2227 1827
3 1827 2227 2228
3 1827 2228 1828
3 1828 2228 2229
3 1828 2229 1829
3 1829 2229 2230
3 1829 2230 1830
3 1830 2230 2231
3 1830 2231 1831
3 1831 2231 2232
3 1831 2232 1832
3 1832 2232 2233
3 1832 2233 1833
3 1833 2233 2234
3 1833 2234 1834
3 1834 2234 2235
3 1834 2235 1835
3 1835 2235 2236
3 1835 2236 1836
3 1836 2236 2237
3 1836 2237 1837
3 1837 2237 2238
3 1837 2238 1838
3 1838 2238 2239
3 1838 2239 1839
3 1839 2239 2240
3 1839 2240 1840
3 1840 2240 2241
3 1840 2241 1841
3 1841 2241 2242
3 1841 2242 1842
3 1842 2242 2243
3 1842 2243 1843
3 1843 2243 2244
3 1843 2244 1844
3 1844 2244 2245
3 1844 2245 1845
3 1845 2245 2246
3 1845 2246 1846
3 1846 2246 2247
3 1846 2247 1847
3 1847 2247 2248
3 1847 2248 1848
3 1848 2248 2249
3 1848 2249 1849
3 1849 2249 2250
3 1849 2250 1850
3 1850 2250 2251
3 1850 2251 1851
3 1851 2251 2252
3 1851 2252 1852
3 1852 2252 2253
3 1852 2253 1853
3 1853 2253 2254
3 1853 2254 1854
3 1854 2254 2255
3 1854 2255 1855
3 1855 2255 2256
3 1855 2256 1856
3 1856 2256 2257
3 1856 2257 1857
3 1857 2257 2258
3 1857 2258 1858
3 1858 2258 2259
3 1858 2259 1859
3 1859 2259 2260
3 1859 2260 1860
3 1860 2260 2261
3 1860 2261 1861
3 1861 2261 2262
3 1861 2262 1862
3 1862 2262 2263
3 1862 2263 1863
3 1863 2263 2264
3 1863 2264 1864
3 1864 2264 2265
3 1864 2265 1865
3 1865 2265 2266
3 1865 2266 1866
3 1866 2266 2267
3 1866 2267 1867
3 1867 2267 2268
3 1867 2268 1868
3 1868 2268 2269
3 1868 2269 1869
3 1869 2269 2270
3 1869 2270 1870
3 1870 2270 2271
3 1870 2271 1871
3 1871 2271 2272
3 1871 2272 1872
3 1872 2272 2273
3 1872 2273 1873
3 1873 2273 2274
3 1873 2274 1874
3 1874 2274 2275
3 1874 2275 1875
3 1875 2275 2276
3 1875 2276 1876
3 1876 2276 2277
3 1876 2277 1877
3 1877 2277 2278
3 1877 2278 1878
3 1878 2278 2279
3 1878 2279 1879
3 1879 2279 2280
3 1879 2280 1880
3 1880 2280 2281
3 1880 2281 1881
3 1881 2281 2282
3 1881 2282 1882
3 1882 2282 2283
3 1882 2283 1883
3 1883 2283 2284
3 1883 2284 1884
3 1884 2284 2285
3 1884 2285 1885
3 1885 2285 2286
3 1885 2286 1886
3 1886 2286 2287
3 1886 2287 1887
3 1887 2287 2288
3 1887 2288 1888
3 1888 2288 2289
3 1888 2289 1889
3 1889 2289 2290
3 1889 2290 1890
3 1890 2290 2291
3 1890 2291 1891
3 1891 2291 2292
3 1891 2292 1892
3 1892 2292 2293
3 1892 2293 1893
3 1893 2293 2294
3 1893 2294 1894
3 1894 2294 2295
3 1894 2295 1895
3 1895 2295 2296
3 1895 2296 1896
3 1896 2296 2297
3 1896 2297 1897
3 1897 2297 2298
3 1897 2298 1898
3 1898 2298 2299
3 1898 2299 1899
3 1899 2299 2300
3 1899 2300 1900
3 1900 2300 2301
3 1900 2301 1901
3 1901 2301 2302
3 1901 2302 1902
3 1902 2302 2303
3 1902 2303 1903
3 1903 2303 2304
3 1903 2304 1904
3 1904 2304 2305
3 1904 2305 1905
3 1905 2305 2306
3 1905 2306 1906
3 1906 2306 2307
3 1906 2307 1907
3 1907 2307 2308
3 1907 2308 1908
3 1908 2308 2309
3 1908 2309 1909
3 1909 2309 2310
3 1909 2310 1910
3 1910 2310 2311
3 1910 2311 1911
3 1911 2311 2312
3 1911 2312 1912
3 1912 2312 2313
3 1912 2313 1913
3 1913 2313 2314
3 1913 2314 1914
3 1914 2314 2315
3 1914 2315 1915
3 1915 2315 2316
3 1915 2316 1916
3 1916 2316 2317
3 1916 2317 1917
3 1917 2317 2318
3 1917 2318 1918
3 1918 2318 2319
3 1918 2319 1919
3 1919 2319 2320
3 1919 2320 1920
3 1920 2320 2321
3 1920 2321 1921
3 1921 2321 2322
3 1921 2322 1922
3 1922 2322 2323
3 1922 2323 1923
3 1923 2323 2324
3 1923 2324 1924
3 1924 2324 2325
3 1924 2325 1925
3 1925 2325 2326
3 1925 2326 1926
3 1926 2326 2327
3 1926 2327 1927
3 1927 2327 2328
3 1927 2328 1928
3 1928 2328 2329
3 1928 2329 1929
3 1929 2329 2330
3 1929 2330 1930
3 1930 2330 2331
3 1930 2331 1931
3 1931 2331 2332
3 1931 2332 1932
3 1932 2332 2333
3 1932 2333 1933
3 1933 2333 2334
3 1933 2334 1934
3 1934 2334 2335
3 1934 2335 1935
3 1935 2335 2336
3 1935 2336 1936
3 1936 2336 2337
3 1936 2337 1937
3 1937 2337 2338
3 1937 2338 1938
3 1938 2338 2339
3 1938 2339 1939
3 1939 2339 2340
3 1939 2340 1940
3 1940 2340 2341
3 1940 2341 1941
3 1941 2341 2342
3 1941 2342 1942
3 1942 2342 2343
3 1942 2343 1943
3 1943 2343 2344
3 1943 2344 1944
3 1944 2344 2345
3 1944 2345 1945
3 1945 2345 2346
3 1945 2346 1946
3 1946 2346 2347
3 1946 2347 1947
3 1947 2347 2348
3 1947 2348 1948
3 1948 2348 2349
3 1948 2349 1949
3 1949 2349 2350
3 1949 2350 1950
3 1950 2350 2351
3 1950 2351 1951
3 1951 2351 2352
3 1951 2352 1952
3 1952 2352 2353
3 1952 2353 1953
3 1953 2353 2354
3 1953 2354 1954
3 1954 2354 2355
3 1954 2355 1955
3 1955 2355 2356
3 1955 2356 1956
3 1956 2356 2357
3 1956 2357 1957
3 1957 2357 2358
3 1957 2358 1958
3 1958 2358 2359
3 1958 2359 1959
3 1959 2359 2360
3 1959 2360 1960
3 1960 2360 2361
3 1960 2361 1961
3 1961 2361 2362
3 1961 2362 1962
3 1962 2362 2363
3 1962 2363 1963
3 1963 2363 2364
3 1963 2364 1964
3 1964 2364 2365
3 1964 2365 1965
3 1965 2365 2366
3 1965 2366 1966
3 1966 2366 2367
3 1966 2367 1967
3 1967 2367 2368
3 1967 2368 1968
3 1968 2368 2369
3 1968 2369 1969
3 1969 2369 2370
3 1969 2370 1970
3 1970 2370 2371
3 1970 2371 1971
3 1971 2371 2372
3 1971 2372 1972
3 1972 2372 2373
3 1972 2373 1973
3 1973 2373 2374
3 1973 2374 1974
3 1974 2374 2375
3 1974 2375 1975
3 1975 2375 2376
3 1975 2376 1976
3 1976 2376 2377
3 1976 2377 1977
3 1977 2377 2378
3 1977 2378 1978
3 1978 2378 2379
3 1978 2379 1979
3 1979 2379 2380
3 1979 2380 1980
3 1980 2380 2381
3 1980 2381 1981
3 1981 2381 2382
3 1981 2382 1982
3 1982 2382 2383
3 1982 2383 1983
3 1983 2383 2384
3 1983 2384 1984
3 1984 2384 2385
3 1984 2385 1985
3 1985 2385 2386
3 1985 2386 1986
3 1986 2386 2387
3 1986 2387 1987
3 1987 2387 2388
3 1987 2388 1988
3 1988 2388 2389
3 1988 2389 1989
3 1989 2389 2390
3 1989 2390 1990
3 1990 2390 2391
3 1990 2391 1991
3 1991 2391 2392
3 1991 2392 1992
3 1992 2392 2393
3 1992 2393 1993
3 1993 2393 2394
3 1993 2394 1994
3 1994 2394 2395
3 1994 2395 1995
3 1995 2395 2396
3 1995 2396 1996
3 1996 2396 2397
3 1996 2397 1997
3 1997 2397 2398
3 1997 2398 1998
3 1998 2398 2399
3 1998 2399 1999
3 2000 2400 2401
3 2000 2401 2001
3 2001 2401 2402
3 2001 2402 2002
3 2002 2402 2403
3 2002 2403 2003
3 2003 2403 2404
3 2003 2404 2004
3 2004 2404 2405
3 2004 2405 2005
3 2005 2405 2406
3 2005 2406 2006
3 2006 2406 2407
3 2006 2407 2007
3 2007 2407 2408
3 2007 2408 2008
3 2008 2408 2409
3 2008 2409 2009
3 2009 2409 2410
3 2009 2410 2010
3 2010 2410 2411
3 2010 2411 2011
3 2011 2411 2412
3 2011 2412 2012
3 2012 2412 2413
3 2012 2413 2013
3 2013 2413 2414
3 2013 2414 2014
3 2014 2414 2415
3 2014 2415 2015
3 2015 2415 2416
3 2015 2416 2016
3 2016 2416 2417
3 2016 2417 2017
3 2017 2417 2418
3 2017 2418 2018
3 2018 2418 2419
3 2018 2419 2019
3 2019 2419 2420
3 2019 2420 2020
3 2020 2420 2421
3 2020 2421 2021
3 2021 2421 2422
3 2021 2422 2022
3 2022 2422 2423
3 2022 2423 2023
3 2023 2423 2424
3 2023 2424 2024
3 2024 2424 2425
3 2024 2425 2025
3 2025 2425 2426
3 2025 2426 2026
3 2026 2426 2427
3 2026 2427 2027
3 2027 2427 2428
3 2027 2428 2028
3 2028 2428 2429
3 2028 2429 2029
3 2029 2429 2430
3 2029 2430 2030
3 2030 2430 2431
3 2030 2431 2031
3 2031 2431 2432
3 2031 2432 2032
3 2032 2432 2433
3 2032 2433 2033
3 2033 2433 2434
3 2033 2434 2034
3 2034 2434 2435
3 2034 2435 2035
3 2035 2435 2436
3 2035 2436 2036
3 2036 2436 2437
3 2036 2437 2037
3 2037 2437 2438
3 2037 2438 2038
3 2038 2438 2439
3 2038 2439 2039
3 2039 2439 2440
3 2039 2440 2040
3 2040 2440 2441
3 2040 2441 2041
3 2041 2441 2442
3 2041 2442 2042
3 2042 2442 2443
3 2042 2443 2043
3 2043 2443 2444
3 2043 2444 2044
3 2044 2444 2445
3 2044 2445 2045
3 2045 2445 2446
3 2045 2446 2046
3 2046 2446 2447
3 2046 2447 2047
3 2047 2447 2448
3 2047 2448 2048
3 2048 2448 2449
3 2048 2449 2049
3 2049 2449 2450
3 2049 2450 2050
3 2050 2450 2451
3 2050 2451 2051
3 2051 2451 2452
3 2051 2452 2052
3 2052 2452 2453
3 2052 2453 2053
3 2053 2453 2454
3 2053 2454 2054
3 2054 2454 2455
3 2054 2455 2055
3 2055 2455 2456
3 2055 2456 2056
3 2056 2456 2457
3 2056 2457 2057
3 2057 2457 2458
3 2057 2458 2058
3 2058 2458 2459
3 2058 2459 2059
3 2059 2459 2460
3 2059 2460 2060
3 2060 2460 2461
3 2060 2461 2061
3 2061 2461 2462
3 2061 2462 2062
3 2062 2462 2463
3 2062 2463 2063
3 2063 2463 2464
3 2063 2464 2064
3 2064 2464 2465
3 2064 2465 2065
3 2065 2465 2466
3 2065 2466 2066
3 2066 2466 2467
3 2066 2467 2067
3 2067 2467 2468
3 2067 2468 2068
3 2068 2468 2469
3 2068 2469 2069
3 2069 2469 2470
3 2069 2470 2070
3 2070 2470 2471
3 2070 2471 2071
3 2071 2471 2472
3 2071 2472 2072
3 2072 2472 2473
3 2072 2473 2073
3 2073 2473 2474
3 2073 2474 2074
3 2074 2474 2475
3 2074 2475 2075
3 2075 2475 2476
3 2075 2476 2076
3 2076 2476 2477
3 2076 2477 2077
3 2077 2477 2478
3 2077 2478 2078
3 2078 2478 2479
3 2078 2479 2079
3 2079 2479 2480
3 2079 2480 2080
3 2080 2480 2481
3 2080 2481 2081
3 2081 2481 2482
3 2081 2482 2082
3 2082 2482 2483
3 2082 2483 2083
3 2083 2483 2484
3 2083 2484 2084
3 2084 2484 2485
3 2084 2485 2085
3 2085 2485 2486
3 2085 2486 2086
3 2086 2486 2487
3 2086 2487 2087
3 2087 2487 2488
3 2087 2488 2088
3 2088 2488 2489
3 2088 2489 2089
3 2089 2489 2490
3 2089 2490 2090
3 2090 2490 2491
3 2090 2491 2091
3 2091 2491 2492
3 2091 2492 2092
3 2092 2492 2493
3 2092 2493 2093
3 2093 2493 2494
3 2093 2494 2094
3 2094 2494 2495
3 2094 2495 2095
3 2095 2495 2496
3 2095 2496 2096
3 2096 2496 2497
3 2096 2497 2097
3 2097 2497 2498
3 2097 2498 2098
3 2098 2498 2499
3 2098 2499 2099
3 2099 2499 2500
3 2099 2500 2100
3 2100 2500 2501
3 2100 2501 2101
3 2101 2501 2502
3 2101 2502 2102
3 2102 2502 2503
3 2102 2503 2103
3 2103 2503 2504
3 2103 2504 2104
3 2104 2504 2505
3 2104 2505 2105
3 2105 2505 2506
3 2105 2506 2106
3 2106 2506 2507
3 2106 2507 2107
3 2107 2507 2508
3 2107 2508 2108
3 2108 2508 2509
3 2108 2509 2109
3 2109 2509 2510
3 2109 2510 2110
3 2110 2510 2511
3 2110 2511 2111
3 2111 2511 2512
3 2111 2512 2112
3 2112 2512 2513
3 2112 2513 2113
3 2113 2513 2514
3 2113 2514 2114
3 2114 2514 2515
3 2114 2515 2115
3 2115 2515 2516
3 2115 2516 2116
3 2116 2516 2517
3 2116 2517 2117
3 2117 2517 2518
3 2117 2518 2118
3 2118 2518 2519
3 2118 2519 2119
3 2119 2519 2520
3 2119 2520 2120
3 2120 2520 2521
3 2120 2521 2121
3 2121 2521 2522
3 2121 2522 2122
3 2122 2522 2523
3 2122 2523 2123
3 2123 2523 2524
3 2123 2524 2124
3 2124 2524 2525
3 2124 2525 2125
3 2125 2525 2526
3 2125 2526 2126
3 2126 2526 2527
3 2126 2527 2127
3 2127 2527 2528
3 2127 2528 2128
3 2128 2528 2529
3 2128 2529 2129
3 2129 2529 2530
3 2129 2530 2130
3 2130 2530 2531
3 2130 2531 2131
3 2131 2531 2532
3 2131 2532 2132
3 2132 2532 2533
3 2132 2533 2133
3 2133 2533 2534
3 2133 2534 2134
3 2134 2534 2535
3 2134 2535 2135
3 2135 2535 2536
3 2135 2536 2136
3 2136 2536 2537
3 2136 2537 2137
3 2137 2537 2538
3 2137 2538 2138
3 2138 2538 2539
3 2138 2539 2139
3 2139 2539 2540
3 2139 2540 2140
3 2140 2540 2541
3 2140 2541 2141
3 2141 2541 2542
3 2141 2542 2142
3 2142 2542 2543
3 2142 2543 2143
3 2143 2543 2544
3 2143 2544 2144
3 2144 2544 2545
3 2144 2545 2145
3 2145 2545 2546
3 2145 2546 2146
3 2146 2546 2547
3 2146 2547 2147
3 2147 2547 2548
3 2147 2548 2148
3 2148 2548 2549
3 2148 2549 2149
3 2149 2549 2550
3 2149 2550 2150
3 2150 2550 2551
3 2150 2551 2151
3 2151 2551 2552
3 2151 2552 2152
3 2152 2552 2553
3 2152 2553 2153
3 2153 2553 2554
3 2153 2554 2154
3 2154 2554 2555
3 2154 2555 2155
3 2155 2555 2556
3 2155 2556 2156
3 2156 2556 2557
3 2156 2557 2157
3 2157 2557 2558
3 2157 2558 2158
3 2158 2558 2559
3 2158 2559 2159
3 2159 2559 2560
3 2159 2560 2160
3 2160 2560 2561
3 2160 2561 2161
3 2161 2561 2562
3 2161 2562 2162
3 2162 2562 2563
3 2162 2563 2163
3 2163 2563 2564
3 2163 2564 2164
3 2164 2564 2565
3 2164 2565 2165
3 2165 2565 2566
3 2165 2566 2166
3 2166 2566 2567
3 2166 2567 2167
3 2167 2567 2568
3 2167 2568 2168
3 2168 2568 2569
3 2168 2569 2169
3 2169 2569 2570
3 2169 2570 2170
3 2170 2570 2571
3 2170 2571 2171
3 2171 2571 2572
3 2171 2572 2172
3 2172 2572 2573
3 2172 2573 2173
3 2173 2573 2574
3 2173 2574 2174
3 2174 2574 2575
3 2174 2575 2175
3 2175 2575 2576
3 2175 2576 2176
3 2176 2576 2577
3 2176 2577 2177
3 2177 2577 2578
3 2177 2578 2178
3 2178 2578 2579
3 2178 2579 2179
3 2179 2579 2580
3 2179 2580 2180
3 2180 2580 2581
3 2180 2581 2181
3 2181 2581 2582
3 2181 2582 2182
3 2182 2582 2583
3 2182 2583 2183
3 2183 2583 2584
3 2183 2584 2184
3 2184 2584 2585
3 2184 2585 2185
3 2185 2585 2586
3 2185 2586 2186
3 2186 2586 2587
3 2186 2587 2187
3 2187 2587 2588
3 2187 2588 2188
3 2188 2588 2589
3 2188 2589 2189
3 2189 2589 2590
3 2189 2590 2190
3 2190 2590 2591
3 2190 2591 2191
3 2191 2591 2592
3 2191 2592 2192
3 2192 2592 2593
3 2192 2593 2193
3 2193 2593 2594
3 2193 2594 2194
3 2194 2594 2595
3 2194 2595 2195
3 2195 2595 2596
3 2195 2596 2196
3 2196 2596 2597
3 2196 2597 2197
3 2197 2597 2598
3 2197 2598 2198
3 2198 2598 2599
3 2198 2599 2199
3 2199 2599 2600
3 2199 2600 2200
3 2200 2600 2601
3 2200 2601 2201
3 2201 2601 2602
3 2201 2602 2202
3 2202 2602 2603
3 2202 2603 2203
3 2203 2603 2604
3 2203 2604 2204
3 2204 2604 2605
3 2204 2605 2205
3 2205 2605 2606
3 2205 2606 2206
3 2206 2606 2607
3 2206 2607 2207
3 2207 2607 2608
3 2207 2608 2208
3 2208 2608 2609
3 2208 2609 2209
3 2209 2609 2610
3 2209 2610 2210
3 2210 2610 2611
3 2210 2611 2211
3 2211 2611 2612
3 2211 2612 2212
3 2212 2612 2613
3 2212 2613 2213
3 2213 2613 2614
3 2213 2614 2214
3 2214 2614 2615
3 2214 2615 2215
3 2215 2615 2616
3 2215 2616 2216
3 2216 2616 2617
3 2216 2617 2217
3 2217 2617 2618
3 2217 2618 2218
3 2218 2618 2619
3 2218 2619 2219
3 2219 2619 2620
3 2219 2620 2220
3 2220 2620 2621
3 2220 2621 2221
3 2221 2621 2622
3 2221 2622 2222
3 2222 2622 2623
3 2222 2623 2223
3 2223 2623 2624
3 2223 2624 2224
3 2224 2624 2625
3 2224 2625 2225
3 2225 2625 2626
3 2225 2626 2226
3 2226 2626 2627
3 2226 2627 2227
3 2227 2627 2628
3 2227 2628 2228
3 2228 2628 2629
3 2228 2629 2229
3 2229 2629 2630
3 2229 2630 2230
3 2230 2630 2631
3 2230 2631 2231
3 2231 2631 2632
3 2231 2632 2232
3 2232 2632 2633
3 2232 2633 2233
3 2233 2633 2634
3 2233 2634 2234
3 2234 2634 2635
3 2234 2635 2235
3 2235 2635 2636
3 2235 2636 2236
3 2236 2636 2637
3 2236 2637 2237
3 2237 2637 2638
3 2237 2638 2238
3 2238 2638 2639
3 2238 2639 2239
3 2239 2639 2640
3 2239 2640 2240
3 2240 2640 2641
3 2240 2641 2241
3 2241 2641 2642
3 2241 2642 2242
3 2242 2642 2643
3 2242 2643 2243
3 2243 2643 2644
3 2243 2644 2244
3 2244 2644 2645
3 2244 2645 2245
3 2245 2645 2646
3 2245 2646 2246
3 2246 2646 2647
3 2246 2647 2247
3 2247 2647 2648
3 2247 2648 2248
3 2248 2648 2649
3 2248 2649 2249
3 2249 2649 2650
3 2249 2650 2250
3 2250 2650 2651
3 2250 2651 2251
3 2251 2651 2652
3 2251 2652 2252
3 2252 2652 2653
3 2252 2653 2253
3 2253 2653 2654
3 2253 2654 2254
3 2254 2654 2655
3 2254 2655 2255
3 2255 2655 2656
3 2255 2656 2256
3 2256 2656 2657
3 2256 2657 2257
3 2257 2657 2658
3 2257 2658 2258
3 2258 2658 2659
3 2258 2659 2259
3 2259 2659 2660
3 2259 2660 2260
3 2260 2660 2661
3 2260 2661 2261
3 2261 2661 2662
3 2261 2662 2262
3 2262 2662 2663
3 2262 2663 2263
3 2263 2663 2664
3 2263 2664 2264
3 2264 2664 2665
3 2264 2665 2265
3 2265 2665 2666
3 2265 2666 2266
3 2266 2666 2667
3 2266 2667 2267
3 2267 2667 2668
3 2267 2668 2268
3 2268 2668 2669
3 2268 2669 2269
3 2269 2669 2670
3 2269 2670 2270
3 2270 2670 2671
3 2270 2671 2271
3 2271 2671 2672
3 2271 2672 2272
3 2272 2672 2673
3 2272 2673 2273
3 2273 2673 2674
3 2273 2674 2274
3 2274 2674 2675
3 2274 2675 2275
3 2275 2675 2676
3 2275 2676 2276
3 2276 2676 2677
3 2276 2677 2277
3 2277 2677 2678
3 2277 2678 2278
3 2278 2678 2679
3 2278 2679 2279
3 2279 2679 2680
3 2279 2680 2280
3 2280 2680 2681
3 2280 2681 2281
3 2281 2681 2682
3 2281 2682 2282
3 2282 2682 2683
3 2282 2683 2283
3 2283 2683 2684
3 2283 2684 2284
3 2284 2684 2685
3 2284 2685 2285
3 2285 2685 2686
3 2285 2686 2286
3 2286 2686 2687
3 2286 2687 2287
3 2287 2687 2688
3 2287 2688 2288
3 2288 2688 2689
3 2288 2689 2289
3 2289 2689 2690
3 2289 2690 2290
3 2290 2690 2691
3 2290 2691 2291
3 2291 2691 2692
3 2291 2692 2292
3 2292 2692 2693
3 2292 2693 2293
3 2293 2693 2694
3 2293 2694 2294
3 2294 2694 2695
3 2294 2695 2295
3 2295 2695 2696
3 2295 2696 2296
3 2296 2696 2697
3 2296 2697 2297
3 2297 2697 2698
3 2297 2698 2298
3 2298 2698 2699
3 2298 2699 2299
3 2299 2699 2700
3 2299 2700 2300
3 2300 2700 2701
3 2300 2701 2301
3 2301 2701 2702
3 2301 2702 2302
3 2302 2702 2703
3 2302 2703 2303
3 2303 2703 2704
3 2303 2704 2304
3 2304 2704 2705
3 2304 2705 2305
3 2305 2705 2706
3 2305 2706 2306
3 2306 2706 2707
3 2306 2707 2307
3 2307 2707 2708
3 2307 2708 2308
3 2308 2708 2709
3 2308 2709 2309
3 2309 2709 2710
3 2309 2710 2310
3 2310 2710 2711
3 2310 2711 2311
3 2311 2711 2712
3 2311 2712 2312
3 2312 2712 2713
3 2312 2713 2313
3 2313 2713 2714
3 2313 2714 2314
3 2314 2714 2715
3 2314 2715 2315
3 2315 2715 2716
3 2315 2716 2316
3 2316 2716 2717
3 2316 2717 2317
3 2317 2717 2718
3 2317 2718 2318
3 2318 2718 2719
3 2318 2719 2319
3 2319 2719 2720
3 2319 2720 2320
3 2320 2720 2721
3 2320 2721 2321
3 2321 2721 2722
3 2321 2722 2322
3 2322 2722 2723
3 2322 2723 2323
3 2323 2723 2724
3 2323 2724 2324
3 2324 2724 2725
3 2324 2725 2325
3 2325 2725 2726
3 2325 2726 2326
3 2326 2726 2727
3 2326 2727 2327
3 2327 2727 2728
3 2327 2728 2328
3 2328 2728 2729
3 2328 2729 2329
3 2329 2729 2730
3 2329 2730 2330
3 2330 2730 2731
3 2330 2731 2331
3 2331 2731 2732
3 2331 2732 2332
3 2332 2732 2733
3 2332 2733 2333
3 2333 2733 2734
3 2333 2734 2334
3 2334 2734 2735
3 2334 2735 2335
3 2335 2735 2736
3 2335 2736 2336
3 2336 2736 2737
3 2336 2737 2337
3 2337 2737 2738
3 2337 2738 2338
3 2338 2738 2739
3 2338 2739 2339
3 2339 2739 2740
3 2339 2740 2340
3 2340 2740 2741
3 2340 2741 2341
3 2341 2741 2742
3 2341 2742 2342
3 2342 2742 2743
3 2342 2743 2343
3 2343 2743 2744
3 2343 2744 2344
3 2344 2744 2745
3 2344 2745 2345
3 2345 2745 2746
3 2345 2746 2346
3 2346 2746 2747
3 2346 2747 2347
3 2347 2747 2748
3 2347 2748 2348
3 2348 2748 2749
3 2348 2749 2349
3 2349 2749 2750
3 2349 2750 2350
3 2350 2750 2751
3 2350 2751 2351
3 2351 2751 2752
3 2351 2752 2352
3 2352 2752 2753
3 2352 2753 2353
3 2353 2753 2754
3 2353 2754 2354
3 2354 2754 2755
3 2354 2755 2355
3 2355 2755 2756
3 2355 2756 2356
3 2356 2756 2757
3 2356 2757 2357
3 2357 2757 2758
3 2357 2758 2358
3 2358 2758 2759
3 2358 2759 2359
3 2359 2759 2760
3 2359 2760 2360
3 2360 2760 2761
3 2360 2761 2361
3 2361 2761 2762
3 2361 2762 2362
3 2362 2762 2763
3 2362 2763 2363
3 2363 2763 2764
3 2363 2764 2364
3 2364 2764 2765
3 2364 2765 2365
3 2365 2765 2766
3 2365 2766 2366
3 2366 2766 2767
3 2366 2767 2367
3 2367 2767 2768
3 2367 2768 2368
3 2368 2768 2769
3 2368 2769 2369
3 2369 2769 2770
3 2369 2770 2370
3 2370 2770 2771
3 2370 2771 2371
3 2371 2771 2772
3 2371 2772 2372
3 2372 2772 2773
3 2372 2773 2373
3 2373 2773 2774
3 2373 2774 2374
3 2374 2774 2775
3 2374 2775 2375
3 2375 2775 2776
3 2375 2776 2376
3 2376 2776 2777
3 2376 2777 2377
3 2377 2777 2778
3 2377 2778 2378
3 2378 2778 2779
3 2378 2779 2379
3 2379 2779 2780
3 2379 2780 2380
3 2380 2780 2781
3 2380 2781 2381
3 2381 2781 2782
3 2381 2782 2382
3 2382 2782 2783
3 2382 2783 2383
3 2383 2783 2784
3 2383 2784 2384
3 2384 2784 2785
3 2384 2785 2385
3 2385 2785 2786
3 2385 2786 2386
3 2386 2786 2787
3 2386 2787 2387
3 2387 2787 2788
3 2387 2788 2388
3 2388 2788 2789
3 2388 2789 2389
3 2389 2789 2790
3 2389 2790 2390
3 2390 2790 2791
3 2390 2791 2391
3 2391 2791 2792
3 2391 2792 2392
3 2392 2792 2793
3 2392 2793 2393
3 2393 2793 2794
3 2393 2794 2394
3 2394 2794 2795
3 2394 2795 2395
3 2395 2795 2796
3 2395 2796 2396
3 2396 2796 2797
3 2396 2797 2397
3 2397 2797 2798
3 2397 2798 2398
3 2398 2798 2799
3 2398 2799 2399
3 2400 2800 2801
3 2400 2801 2401
3 2401 2801 2802
3 2401 2802 2402
3 2402 2802 2803
3 2402 2803 2403
3 2403 2803 2804
3 2403 2804 2404
3 2404 2804 2805
3 2404 2805 2405
3 2405 2805 2806
3 2405 2806 2406
3 2406 2806 2807
3 2406 2807 2407
3 2407 2807 2808
3 2407 2808 2408
3 2408 2808 2809
3 2408 2809 2409
3 2409 2809 2810
3 2409 2810 2410
3 2410 2810 2811
3 2410 2811 2411
3 2411 2811 2812
3 2411 2812 2412
3 2412 2812 2813
3 2412 2813 2413
3 2413 2813 2814
3 2413 2814 2414
3 2414 2814 2815
3 2414 2815 2415
3 2415 2815 2816
3 2415 2816 2416
3 2416 2816 2817
3 2416 2817 2417
3 2417 2817 2818
3 2417 2818 2418
3 2418 2818 2819
3 2418 2819 2419
3 2419 2819 2820
3 2419 2820 2420
3 2420 2820 2821
3 2420 2821 2421
3 2421 2821 2822
3 2421 2822 2422
3 2422 2822 2823
3 2422 2823 2423
3 2423 2823 2824
3 2423 2824 2424
3 2424 2824 2825
3 2424 2825 2425
3 2425 2825 2826
3 2425 2826 2426
3 2426 2826 2827
3 2426 2827 2427
3 2427 2827 2828
3 2427 2828 2428
3 2428 2828 2829
3 2428 2829 2429
3 2429 2829 2830
3 2429 2830 2430
3 2430 2830 2831
3 2430 2831 2431
3 2431 2831 2832
3 2431 2832 2432
3 2432 2832 2833
3 2432 2833 2433
3 2433 2833 2834
3 2433 2834 2434
3 2434 2834 2835
3 2434 2835 2435
3 2435 2835 2836
3 2435 2836 2436
3 2436 2836 2837
3 2436 2837 2437
3 2437 2837 2838
3 2437 2838 2438
3 2438 2838 2839
3 2438 2839 2439
3 2439 2839 2840
3 2439 2840 2440
3 2440 2840 2841
3 2440 2841 2441
3 2441 2841 2842
3 2441 2842 2442
3 2442 2842 2843
3 2442 2843 2443
3 2443 2843 2844
3 2443 2844 2444
3 2444 2844 2845
3 2444 2845 2445
3 2445 2845 2846
3 2445 2846 2446
3 2446 2846 2847
3 2446 2847 2447
3 2447 2847 2848
3 2447 2848 2448
3 2448 2848 2849
3 2448 2849 2449
3 2449 2849 2850
3 2449 2850 2450
3 2450 2850 2851
3 2450 2851 2451
3 2451 2851 2852
3 2451 2852 2452
3 2452 2852 2853
3 2452 2853 2453
3 2453 2853 2854
3 2453 2854 2454
3 2454 2854 2855
3 2454 2855 2455
3 2455 2855 2856
3 2455 2856 2456
3 2456 2856 2857
3 2456 2857 2457
3 2457 2857 2858
3 2457 2858 2458
3 2458 2858 2859
3 2458 2859 2459
3 2459 2859 2860
3 2459 2860 2460
3 2460 2860 2861
3 2460 2861 2461
3 2461 2861 2862
3 2461 2862 2462
3 2462 2862 2863
3 2462 2863 2463
3 2463 2863 2864
3 2463 2864 2464
3 2464 2864 2865
3 2464 2865 2465
3 2465 2865 2866
3 2465 2866 2466
3 2466 2866 2867
3 2466 2867 2467
3 2467 2867 2868
3 2467 2868 2468
3 2468 2868 2869
3 2468 2869 2469
3 2469 2869 2870
3 2469 2870 2470
3 2470 2870 2871
3 2470 2871 2471
3 2471 2871 2872
3 2471 2872 2472
3 2472 2872 2873
3 2472 2873 2473
3 2473 2873 2874
3 2473 2874 2474
3 2474 2874 2875
3 2474 2875 2475
3 2475 2875 2876
3 2475 2876 2476
3 2476 2876 2877
3 2476 2877 2477
3 2477 2877 2878
3 2477 2878 2478
3 2478 2878 2879
3 2478 2879 2479
3 2479 2879 2880
3 2479 2880 2480
3 2480 2880 2881
3 2480 2881 2481
3 2481 2881 2882
3 2481 2882 2482
3 2482 2882 2883
3 2482 2883 2483
3 2483 2883 2884
3 2483 2884 2484
3 2484 2884 2885
3 2484 2885 2485
3 2485 2885 2886
3 2485 2886 2486
3 2486 2886 2887
3 2486 2887 2487
3 2487 2887 2888
3 2487 2888 2488
3 2488 2888 2889
3 2488 2889 2489
3 2489 2889 2890
3 2489 2890 2490
3 2490 2890 2891
3 2490 2891 2491
3 2491 2891 2892
3 2491 2892 2492
3 2492 2892 2893
3 2492 2893 2493
3 2493 2893 2894
3 2493 2894 2494
3 2494 2894 2895
3 2494 2895 2495
3 2495 2895 2896
3 2495 2896 2496
3 2496 2896 2897
3 2496 2897 2497
3 2497 2897 2898
3 2497 2898 2498
3 2498 2898 2899
3 2498 2899 2499
3 2499 2899 2900
3 2499 2900 2500
3 2500 2900 2901
3 2500 2901 2501
3 2501 2901 2902
3 2501 2902 2502
3 2502 2902 2903
3 2502 2903 2503
3 2503 2903 2904
3 2503 2904 2504
3 2504 2904 2905
3 2504 2905 2505
3 2505 2905 2906
3 2505 2906 2506
3 2506 2906 2907
3 2506 2907 2507
3 2507 2907 2908
3 2507 2908 2508
3 2508 2908 2909
3 2508 2909 2509
3 2509 2909 2910
3 2509 2910 2510
3 2510 2910 2911
3 2510 2911 2511
3 2511 2911 2912
3 2511 2912 2512
3 2512 2912 2913
3 2512 2913 2513
3 2513 2913 2914
3 2513 2914 2514
3 2514 2914 2915
3 2514 2915 2515
3 2515 2915 2916
3 2515 2916 2516
3 2516 2916 2917
3 2516 2917 2517
3 2517 2917 2918
3 2517 2918 2518
3 2518 2918 2919
3 2518 2919 2519
3 2519 2919 2920
3 2519 2920 2520
3 2520 2920 2921
3 2520 2921 2521
3 2521 2921 2922
3 2521 2922 2522
3 2522 2922 2923
3 2522 2923 2523
3 2523 2923 2924
3 2523 2924 2524
3 2524 2924 2925
3 2524 2925 2525
3 2525 2925 2926
3 2525 2926 2526
3 2526 2926 2927
3 2526 2927 2527
3 2527 2927 2928
3 2527 2928 2528
3 2528 2928 2929
3 2528 2929 2529
3 2529 2929 2930
3 2529 2930 2530
3 2530 2930 2931
3 2530 2931 2531
3 2531 2931 2932
3 2531 2932 2532
3 2532 2932 2933
3 2532 2933 2533
3 2533 2933 2934
3 2533 2934 2534
3 2534 2934 2935
3 2534 2935 2535
3 2535 2935 2936
3 2535 2936 2536
3 2536 2936 2937
3 2536 2937 2537
3 2537 2937 2938
3 2537 2938 2538
3 2538 2938 2939
3 2538 2939 2539
3 2539 2939 2940
3 2539 2940 2540
3 2540 2940 2941
3 2540 2941 2541
3 2541 2941 2942
3 2541 2942 2542
3 2542 2942 2943
3 2542 2943 2543
3 2543 2943 2944
3 2543 2944 2544
3 2544 2944 2945
3 2544 2945 2545
3 2545 2945 2946
3 2545 2946 2546
3 2546 2946 2947
3 2546 2947 2547
3 2547 2947 2948
3 2547 2948 2548
3 2548 2948 2949
3 2548 2949 2549
3 2549 2949 2950
3 2549 2950 2550
3 2550 2950 2951
3 2550 2951 2551
3 2551 2951 2952
3 2551 2952 2552
3 2552 2952 2953
3 2552 2953 2553
3 2553 2953 2954
3 2553 2954 2554
3 2554 2954 2955
3 2554 2955 2555
3 2555 2955 2956
3 2555 2956 2556
3 2556 2956 2957
3 2556 2957 2557
3 2557 2957 2958
3 2557 2958 2558
3 2558 2958 2959
3 2558 2959 2559
3 2559 2959 2960
3 2559 2960 2560
3 2560 2960 2961
3 2560 2961 2561
3 2561 2961 2962
3 2561 2962 2562
3 2562 2962 2963
3 2562 2963 2563
3 2563 2963 2964
3 2563 2964 2564
3 2564 2964 2965
3 2564 2965 2565
3 2565 2965 2966
3 2565 2966 2566
3 2566 2966 2967
3 2566 2967 2567
3 2567 2967 2968
3 2567 2968 2568
3 2568 2968 2969
3 2568 2969 2569
3 2569 2969 2970
3 2569 2970 2570
3 2570 2970 2971
3 2570 2971 2571
3 2571 2971 2972
3 2571 2972 2572
3 2572 2972 2973
3 2572 2973 2573
3 2573 2973 2974
3 2573 2974 2574
3 2574 2974 2975
3 2574 2975 2575
3 2575 2975 2976
3 2575 2976 2576
3 2576 2976 2977
3 2576 2977 2577
3 2577 2977 2978
3 2577 2978 2578
3 2578 2978 2979
3 2578 2979 2579
3 2579 2979 2980
3 2579 2980 2580
3 2580 2980 2981
3 2580 2981 2581
3 2581 2981 2982
3 2581 2982 2582
3 2582 2982 2983
3 2582 2983 2583
3 2583 2983 2984
3 2583 2984 2584
3 2584 2984 2985
3 2584 2985 2585
3 2585 2985 2986
3 2585 2986 2586
3 2586 2986 2987
3 2586 2987 2587
3 2587 2987 2988
3 2587 2988 2588
3 2588 2988 2989
3 2588 2989 2589
3 2589 2989 2990
3 2589 2990 2590
3 2590 2990 2991
3 2590 2991 2591
3 2591 2991 2992
3 2591 2992 2592
3 2592 2992 2993
3 2592 2993 2593
3 2593 2993 2994
3 2593 2994 2594
3 2594 2994 2995
3 2594 2995 2595
3 2595 2995 2996
3 2595 2996 2596
3 2596 2996 2997
3 2596 2997 2597
3 2597 2997 2998
3 2597 2998 2598
3 2598 2998 2999
3 2598 2999 2599
3 2599 2999 3000
3 2599 3000 2600
3 2600 3000 3001
3 2600 3001 2601
3 2601 3001 3002
3 2601 3002 2602
3 2602 3002 3003
3 2602 3003 2603
3 2603 3003 3004
3 2603 3004 2604
3 2604 3004 3005
3 2604 3005 2605
3 2605 3005 3006
3 2605 3006 2606
3 2606 3006 3007
3 2606 3007 2607
3 2607 3007 3008
3 2607 3008 2608
3 2608 3008 3009
3 2608 3009 2609
3 2609 3009 3010
3 2609 3010 2610
3 2610 3010 3011
3 2610 3011 2611
3 2611 3011 3012
3 2611 3012 2612
3 2612 3012 3013
3 2612 3013 2613
3 2613 3013 3014
3 2613 3014 2614
3 2614 3014 3015
3 2614 3015 2615
3 2615 3015 3016
3 2615 3016 2616
3 2616 3016 3017
3 2616 3017 2617
3 2617 3017 3018
3 2617 3018 2618
3 2618 3018 3019
3 2618 3019 2619
3 2619 3019 3020
3 2619 3020 2620
3 2620 3020 3021
3 2620 3021 2621
3 2621 3021 3022
3 2621 3022 2622
3 2622 3022 3023
3 2622 3023 2623
3 2623 3023 3024
3 2623 3024 2624
3 2624 3024 3025
3 2624 3025 2625
3 2625 3025 3026
3 2625 3026 2626
3 2626 3026 3027
3 2626 3027 2627
3 2627 3027 3028
3 2627 3028 2628
3 2628 3028 3029
3 2628 3029 2629
3 2629 3029 3030
3 2629 3030 2630
3 2630 3030 3031
3 2630 3031 2631
3 2631 3031 3032
3 2631 3032 2632
3 2632 3032 3033
3 2632 3033 2633
3 2633 3033 3034
3 2633 3034 2634
3 2634 3034 3035
3 2634 3035 2635
3 2635 3035 3036
3 2635 3036 2636
3 2636 3036 3037
3 2636 3037 2637
3 2637 3037 3038
3 2637 3038 2638
3 2638 3038 3039
3 2638 3039 2639
3 2639 3039 3040
3 2639 3040 2640
3 2640 3040 3041
3 2640 3041 2641
3 2641 3041 3042
3 2641 3042 2642
3 2642 3042 3043
3 2642 3043 2643
3 2643 3043 3044
3 2643 3044 2644
3 2644 3044 3045
3 2644 3045 2645
3 2645 3045 3046
3 2645 3046 2646
3 2646 3046 3047
3 2646 3047 2647
3 2647 3047 3048
3 2647 3048 2648
3 2648 3048 3049
3 2648 3049 2649
3 2649 3049 3050
3 2649 3050 2650
3 2650 3050 3051
3 2650 3051 2651
3 2651 3051 3052
3 2651 3052 2652
3 2652 3052 3053
3 2652 3053 2653
3 2653 3053 3054
3 2653 3054 2654
3 2654 3054 3055
3 2654 3055 2655
3 2655 3055 3056
3 2655 3056 2656
3 2656 3056 3057
3 2656 3057 2657
3 2657 3057 3058
3 2657 3058 2658
3 2658 3058 3059
3 2658 3059 2659
3 2659 3059 3060
3 2659 3060 2660
3 2660 3060 3061
3 2660 3061 2661
3 2661 3061 3062
3 2661 3062 2662
3 2662 3062 3063
3 2662 3063 2663
3 2663 3063 3064
3 2663 3064 2664
3 2664 3064 3065
3 2664 3065 2665
3 2665 3065 3066
3 2665 3066 2666
3 2666 3066 3067
3 2666 3067 2667
3 2667 3067 3068
3 2667 3068 2668
3 2668 3068 3069
3 2668 3069 2669
3 2669 3069 3070
3 2669 3070 2670
3 2670 3070 3071
3 2670 3071 2671
3 2671 3071 3072
3 2671 3072 2672
3 2672 3072 3073
3 2672 3073 2673
3 2673 3073 3074
3 2673 3074 2674
3 2674 3074 3075
3 2674 3075 2675
3 2675 3075 3076
3 2675 3076 2676
3 2676 3076 3077
3 2676 3077 2677
3 2677 3077 3078
3 2677 3078 2678
3 2678 3078 3079
3 2678 3079 2679
3 2679 3079 3080
3 2679 3080 2680
3 2680 3080 3081
3 2680 3081 2681
3 2681 3081 3082
3 2681 3082 2682
3 2682 3082 3083
3 2682 3083 2683
3 2683 3083 3084
3 2683 3084 2684
3 2684 3084 3085
3 2684 3085 2685
3 2685 3085 3086
3 2685 3086 2686
3 2686 3086 3087
3 2686 3087 2687
3 2687 3087 3088
3 2687 3088 2688
3 2688 3088 3089
3 2688 3089 2689
3 2689 3089 3090
3 2689 3090 2690
3 2690 3090 3091
3 2690 3091 2691
3 2691 3091 3092
3 2691 3092 2692
3 2692 3092 3093
3 2692 3093 2693
3 2693 3093 3094
3 2693 3094 2694
3 2694 3094 3095
3 2694 3095 2695
3 2695 3095 3096
3 2695 3096 2696
3 2696 3096 3097
3 2696 3097 2697
3 2697 3097 3098
3 2697 3098 2698
3 2698 3098 3099
3 2698 3099 2699
3 2699 3099 3100
3 2699 3100 2700
3 2700 3100 3101
3 2700 3101 2701
3 2701 3101 3102
3 2701 3102 2702
3 2702 3102 3103
3 2702 3103 2703
3 2703 3103 3104
3 2703 3104 2704
3 2704 3104 3105
3 2704 3105 2705
3 2705 3105 3106
3 2705 3106 2706
3 2706 3106 3107
3 2706 3107 2707
3 2707 3107 3108
3 2707 3108 2708
3 2708 3108 3109
3 2708 3109 2709
3 2709 3109 3110
3 2709 3110 2710
3 2710 3110 3111
3 2710 3111 2711
3 2711 3111 3112
3 2711 3112 2712
3 2712 3112 3113
3 2712 3113 2713
3 2713 3113 3114
3 2713 3114 2714
3 2714 3114 3115
3 2714 3115 2715
3 2715 3115 3116
3 2715 3116 2716
3 2716 3116 3117
3 2716 3117 2717
3 2717 3117 3118
3 2717 3118 2718
3 2718 3118 3119
3 2718 3119 2719
3 2719 3119 3120
3 2719 3120 2720
3 2720 3120 3121
3 2720 3121 2721
3 2721 3121 3122
3 2721 3122 2722
3 2722 3122 3123
3 2722 3123 2723
3 2723 3123 3124
3 2723 3124 2724
3 2724 3124 3125
3 2724 3125 2725
3 2725 3125 3126
3 2725 3126 2726
3 2726 3126 3127
3 2726 3127 2727
3 2727 3127 3128
3 2727 3128 2728
3 2728 3128 3129
3 2728 3129 2729
3 2729 3129 3130
3 2729 3130 2730
3 2730 3130 3131
3 2730 3131 2731
3 2731 3131 3132
3 2731 3132 2732
3 2732 3132 3133
3 2732 3133 2733
3 2733 3133 3134
3 2733 3134 2734
3 2734 3134 3135
3 2734 3135 2735
3 2735 3135 3136
3 2735 3136 2736
3 2736 3136 3137
3 2736 3137 2737
3 2737 3137 3138
3 2737 3138 2738
3 2738 3138 3139
3 2738 3139 2739
3 2739 3139 3140
3 2739 3140 2740
3 2740 3140 3141
3 2740 3141 2741
3 2741 3141 3142
3 2741 3142 2742
3 2742 3142 3143
3 2742 3143 2743
3 2743 3143 3144
3 2743 3144 2744
3 2744 3144 3145
3 2744 3145 2745
3 2745 3145 3146
3 2745 3146 2746
3 2746 3146 3147
3 2746 3147 2747
3 2747 3147 3148
3 2747 3148 2748
3 2748 3148 3149
3 2748 3149 2749
3 2749 3149 3150
3 2749 3150 2750
3 2750 3150 3151
3 2750 3151 2751
3 2751 3151 3152
3 2751 3152 2752
3 2752 3152 3153
3 2752 3153 2753
3 2753 3153 3154
3 2753 3154 2754
3 2754 3154 3155
3 2754 3155 2755
3 2755 3155 3156
3 2755 3156 2756
3 2756 3156 3157
3 2756 3157 2757
3 2757 3157 3158
3 2757 3158 2758
3 2758 3158 3159
3 2758 3159 2759
3 2759 3159 3160
3 2759 3160 2760
3 2760 3160 3161
3 2760 3161 2761
3 2761 3161 3162
3 2761 3162 2762
3 2762 3162 3163
3 2762 3163 2763
3 2763 3163 3164
3 2763 3164 2764
3 2764 3164 3165
3 2764 3165 2765
3 2765 3165 3166
3 2765 3166 2766
3 2766 3166 3167
3 2766 3167 2767
3 2767 3167 3168
3 2767 3168 2768
3 2768 3168 3169
3 2768 3169 2769
3 2769 3169 3170
3 2769 3170 2770
3 2770 3170 3171
3 2770 3171 2771
3 2771 3171 3172
3 2771 3172 2772
3 2772 3172 3173
3 2772 3173 2773
3 2773 3173 3174
3 2773 3174 2774
3 2774 3174 3175
3 2774 3175 2775
3 2775 3175 3176
3 2775 3176 2776
3 2776 3176 3177
3 2776 3177 2777
3 2777 3177 3178
3 2777 3178 2778
3 2778 3178 3179
3 2778 3179 2779
3 2779 3179 3180
3 2779 3180 2780
3 2780 3180 3181
3 2780 3181 2781
3 2781 3181 3182
3 2781 3182 2782
3 2782 3182 3183
3 2782 3183 2783
3 2783 3183 3184
3 2783 3184 2784
3 2784 3184 3185
3 2784 3185 2785
3 2785 3185 3186
3 2785 3186 2786
3 2786 3186 3187
3 2786 3187 2787
3 2787 3187 3188
3 2787 3188 2788
3 2788 3188 3189
3 2788 3189 2789
3 2789 3189 3190
3 2789 3190 2790
3 2790 3190 3191
3 2790 3191 2791
3 2791 3191 3192
3 2791 3192 2792
3 2792 3192 3193
3 2792 3193 2793
3 2793 3193 3194
3 2793 3194 2794
3 2794 3194 3195
3 2794 3195 2795
3 2795 3195 3196
3 2795 3196 2796
3 2796 3196 3197
3 2796 3197 2797
3 2797 3197 3198
3 2797 3198 2798
3 2798 3198 3199
3 2798 3199 2799
3 2800 3200 3201
3 2800 3201 2801
3 2801 3201 3202
3 2801 3202 2802
3 2802 3202 3203
3 2802 3203 2803
3 2803 3203 3204
3 2803 3204 2804
3 2804 3204 3205
3 2804 3205 2805
3 2805 3205 3206
3 2805 3206 2806
3 2806 3206 3207
3 2806 3207 2807
3 2807 3207 3208
3 2807 3208 2808
3 2808 3208 3209
3 2808 3209 2809
3 2809 3209 3210
3 2809 3210 2810
3 2810 3210 3211
3 2810 3211 2811
3 2811 3211 3212
3 2811 3212 2812
3 2812 3212 3213
3 2812 3213 2813
3 2813 3213 3214
3 2813 3214 2814
3 2814 3214 3215
3 2814 3215 2815
3 2815 3215 3216
3 2815 3216 2816
3 2816 3216 3217
3 2816 3217 2817
3 2817 3217 3218
3 2817 3218 2818
3 2818 3218 3219
3 2818 3219 2819
3 2819 3219 3220
3 2819 3220 2820
3 2820 3220 3221
3 2820 3221 2821
3 2821 3221 3222
3 2821 3222 2822
3 2822 3222 3223
3 2822 3223 2823
3 2823 3223 3224
3 2823 3224 2824
3 2824 3224 3225
3 2824 3225 2825
3 2825 3225 3226
3 2825 3226 2826
3 2826 3226 3227
3 2826 3227 2827
3 2827 3227 3228
3 2827 3228 2828
3 2828 3228 3229
3 2828 3229 2829
3 2829 3229 3230
3 2829 3230 2830
3 2830 3230 3231
3 2830 3231 2831
3 2831 3231 3232
3 2831 3232 2832
3 2832 3232 3233
3 2832 3233 2833
3 2833 3233 3234
3 2833 3234 2834
3 2834 3234 3235
3 2834 3235 2835
3 2835 3235 3236
3 2835 3236 2836
3 2836 3236 3237
3 2836 3237 2837
3 2837 3237 3238
3 2837 3238 2838
3 2838 3238 3239
3 2838 3239 2839
3 2839 3239 3240
3 2839 3240 2840
3 2840 3240 3241
3 2840 3241 2841
3 2841 3241 3242
3 2841 3242 2842
3 2842 3242 3243
3 2842 3243 2843
3 2843 3243 3244
3 2843 3244 2844
3 2844 3244 3245
3 2844 3245 2845
3 2845 3245 3246
3 2845 3246 2846
3 2846 3246 3247
3 2846 3247 2847
3 2847 3247 3248
3 2847 3248 2848
3 2848 3248 3249
3 2848 3249 2849
3 2849 3249 3250
3 2849 3250 2850
3 2850 3250 3251
3 2850 3251 2851
3 2851 3251 3252
3 2851 3252 2852
3 2852 3252 3253
3 2852 3253 2853
3 2853 3253 3254
3 2853 3254 2854
3 2854 3254 3255
3 2854 3255 2855
3 2855 3255 3256
3 2855 3256 2856
3 2856 3256 3257
3 2856 3257 2857
3 2857 3257 3258
3 2857 3258 2858
3 2858 3258 3259
3 2858 3259 2859
3 2859 3259 3260
3 2859 3260 2860
3 2860 3260 3261
3 2860 3261 2861
3 2861 3261 3262
3 2861 3262 2862
3 2862 3262 3263
3 2862 3263 2863
3 2863 3263 3264
3 2863 3264 2864
3 2864 3264 3265
3 2864 3265 2865
3 2865 3265 3266
3 2865 3266 2866
3 2866 3266 3267
3 2866 3267 2867
3 2867 3267 3268
3 2867 3268 2868
3 2868 3268 3269
3 2868 3269 2869
3 2869 3269 3270
3 2869 3270 2870
3 2870 3270 3271
3 2870 3271 2871
3 2871 3271 3272
3 2871 3272 2872
3 2872 3272 3273
3 2872 3273 2873
3 2873 3273 3274
3 2873 3274 2874
3 2874 3274 3275
3 2874 3275 2875
3 2875 3275 3276
3 2875 3276 2876
3 2876 3276 3277
3 2876 3277 2877
3 2877 3277 3278
3 2877 3278 2878
3 2878 3278 3279
3 2878 3279 2879
3 2879 3279 3280
3 2879 3280 2880
3 2880 3280 3281
3 2880 3281 2881
3 2881 3281 3282
3 2881 3282 2882
3 2882 3282 3283
3 2882 3283 2883
3 2883 3283 3284
3 2883 3284 2884
3 2884 3284 3285
3 2884 3285 2885
3 2885 3285 3286
3 2885 3286 2886
3 2886 3286 3287
3 2886 3287 2887
3 2887 3287 3288
3 2887 3288 2888
3 2888 3288 3289
3 2888 3289 2889
3 2889 3289 3290
3 2889 3290 2890
3 2890 3290 3291
3 2890 3291 2891
3 2891 3291 3292
3 2891 3292 2892
3 2892 3292 3293
3 2892 3293 2893
3 2893 3293 3294
3 2893 3294 2894
3 2894 3294 3295
3 2894 3295 2895
3 2895 3295 3296
3 2895 3296 2896
3 2896 3296 3297
3 2896 3297 2897
3 2897 3297 3298
3 2897 3298 2898
3 2898 3298 3299
3 2898 3299 2899
3 2899 3299 3300
3 2899 3300 2900
3 2900 3300 3301
3 2900 3301 2901
3 2901 3301 3302
3 2901 3302 2902
3 2902 3302 3303
3 2902 3303 2903
3 2903 3303 3304
3 2903 3304 2904
3 2904 3304 3305
3 2904 3305 2905
3 2905 3305 3306
3 2905 3306 2906
3 2906 3306 3307
3 2906 3307 2907
3 2907 3307 3308
3 2907 3308 2908
3 2908 3308 3309
3 2908 3309 2909
3 2909 3309 3310
3 2909 3310 2910
3 2910 3310 3311
3 2910 3311 2911
3 2911 3311 3312
3 2911 3312 2912
3 2912 3312 3313
3 2912 3313 2913
3 2913 3313 3314
3 2913 3314 2914
3 2914 3314 3315
3 2914 3315 2915
3 2915 3315 3316
3 2915 3316 2916
3 2916 3316 3317
3 2916 3317 2917
3 2917 3317 3318
3 2917 3318 2918
3 2918 3318 3319
3 2918 3319 2919
3 2919 3319 3320
3 2919 3320 2920
3 2920 3320 3321
3 2920 3321 2921
3 2921 3321 3322
3 2921 3322 2922
3 2922 3322 3323
3 2922 3323 2923
3 2923 3323 3324
3 2923 3324 2924
3 2924 3324 3325
3 2924 3325 2925
3 2925 3325 3326
3 2925 3326 2926
3 2926 3326 3327
3 2926 3327 2927
3 2927 3327 3328
3 2927 3328 2928
3 2928 3328 3329
3 2928 3329 2929
3 2929 3329 3330
3 2929 3330 2930
3 2930 3330 3331
3 2930 3331 2931
3 2931 3331 3332
3 2931 3332 2932
3 2932 3332 3333
3 2932 3333 2933
3 2933 3333 3334
3 2933 3334 2934
3 2934 3334 3335
3 2934 3335 2935
3 2935 3335 3336
3 2935 3336 2936
3 2936 3336 3337
3 2936 3337 2937
3 2937 3337 3338
3 2937 3338 2938
3 2938 3338 3339
3 2938 3339 2939
3 2939 3339 3340
3 2939 3340 2940
3 2940 3340 3341
3 2940 3341 2941
3 2941 3341 3342
3 2941 3342 2942
3 2942 3342 3343
3 2942 3343 2943
3 2943 3343 3344
3 2943 3344 2944
3 2944 3344 3345
3 2944 3345 2945
3 2945 3345 3346
3 2945 3346 2946
3 2946 3346 3347
3 2946 3347 2947
3 2947 3347 3348
3 2947 3348 2948
3 2948 3348 3349
3 2948 3349 2949
3 2949 3349 3350
3 2949 3350 2950
3 2950 3350 3351
3 2950 3351 2951
3 2951 3351 3352
3 2951 3352 2952
3 2952 3352 3353
3 2952 3353 2953
3 2953 3353 3354
3 2953 3354 2954
3 2954 3354 3355
3 2954 3355 2955
3 2955 3355 3356
3 2955 3356 2956
3 2956 3356 3357
3 2956 3357 2957
3 2957 3357 3358
3 2957 3358 2958
3 2958 3358 3359
3 2958 3359 2959
3 2959 3359 3360
3 2959 3360 2960
3 2960 3360 3361
3 2960 3361 2961
3 2961 3361 3362
3 2961 3362 2962
3 2962 3362 3363
3 2962 3363 2963
3 2963 3363 3364
3 2963 3364 2964
3 2964 3364 3365
3 2964 3365 2965
3 2965 3365 3366
3 2965 3366 2966
3 2966 3366 3367
3 2966 3367 2967
3 2967 3367 3368
3 2967 3368 2968
3 2968 3368 3369
3 2968 3369 2969
3 2969 3369 3370
3 2969 3370 2970
3 2970 3370 3371
3 2970 3371 2971
3 2971 3371 3372
3 2971 3372 2972
3 2972 3372 3373
3 2972 3373 2973
3 2973 3373 3374
3 2973 3374 2974
3 2974 3374 3375
3 2974 3375 2975
3 2975 3375 3376
3 2975 3376 2976
3 2976 3376 3377
3 2976 3377 2977
3 2977 3377 3378
3 2977 3378 2978
3 2978 3378 3379
3 2978 3379 2979
3 2979 3379 3380
3 2979 3380 2980
3 2980 3380 3381
3 2980 3381 2981
3 2981 3381 3382
3 2981 3382 2982
3 2982 3382 3383
3 2982 3383 2983
3 2983 3383 3384
3 2983 3384 2984
3 2984 3384 3385
3 2984 3385 2985
3 2985 3385 3386
3 2985 3386 2986
3 2986 3386 3387
3 2986 3387 2987
3 2987 3387 3388
3 2987 3388 2988
3 2988 3388 3389
3 2988 3389 2989
3 2989 3389 3390
3 2989 3390 2990
3 2990 3390 3391
3 2990 3391 2991
3 2991 3391 3392
3 2991 3392 2992
3 2992 3392 3393
3 2992 3393 2993
3 2993 3393 3394
3 2993 3394 2994
3 2994 3394 3395
3 2994 3395 2995
3 2995 3395 3396
3 2995 3396 2996
3 2996 3396 3397
3 2996 3397 2997
3 2997 3397 3398
3 2997 3398 2998
3 2998 3398 3399
3 2998 3399 2999
3 2999 3399 3400
3 2999 3400 3000
3 3000 3400 3401
3 3000 3401 3001
3 3001 3401 3402
3 3001 3402 3002
3 3002 3402 3403
3 3002 3403 3003
3 3003 3403 3404
3 3003 3404 3004
3 3004 3404 3405
3 3004 3405 3005
3 3005 3405 3406
3 3005 3406 3006
3 3006 3406 3407
3 3006 3407 3007
3 3007 3407 3408
3 3007 3408 3008
3 3008 3408 3409
3 3008 3409 3009
3 3009 3409 3410
3 3009 3410 3010
3 3010 3410 3411
3 3010 3411 3011
3 3011 3411 3412
3 3011 3412 3012
3 3012 3412 3413
3 3012 3413 3013
3 3013 3413 3414
3 3013 3414 3014
3 3014 3414 3415
3 3014 3415 3015
3 3015 3415 3416
3 3015 3416 3016
3 3016 3416 3417
3 3016 3417 3017
3 3017 3417 3418
3 3017 3418 3018
3 3018 3418 3419
3 3018 3419 3019
3 3019 3419 3420
3 3019 3420 3020
3 3020 3420 3421
3 3020 3421 3021
3 3021 3421 3422
3 3021 3422 3022
3 3022 3422 3423
3 3022 3423 3023
3 3023 3423 3424
3 3023 3424 3024
3 3024 3424 3425
3 3024 3425 3025
3 3025 3425 3426
3 3025 3426 3026
3 3026 3426 3427
3 3026 3427 3027
3 3027 3427 3428
3 3027 3428 3028
3 3028 3428 3429
3 3028 3429 3029
3 3029 3429 3430
3 3029 3430 3030
3 3030 3430 3431
3 3030 3431 3031
3 3031 3431 3432
3 3031 3432 3032
3 3032 3432 3433
3 3032 3433 3033
3 3033 3433 3434
3 3033 3434 3034
3 3034 3434 3435
3 3034 3435 3035
3 3035 3435 3436
3 3035 3436 3036
3 3036 3436 3437
3 3036 3437 3037
3 3037 3437 3438
3 3037 3438 3038
3 3038 3438 3439
3 3038 3439 3039
3 3039 3439 3440
3 3039 3440 3040
3 3040 3440 3441
3 3040 3441 3041
3 3041 3441 3442
3 3041 3442 3042
3 3042 3442 3443
3 3042 3443 3043
3 3043 3443 3444
3 3043 3444 3044
3 3044 3444 3445
3 3044 3445 3045
3 3045 3445 3446
3 3045 3446 3046
3 3046 3446 3447
3 3046 3447 3047
3 3047 3447 3448
3 3047 3448 3048
3 3048 3448 3449
3 3048 3449 3049
3 3049 3449 3450
3 3049 3450 3050
3 3050 3450 3451
3 3050 3451 3051
3 3051 3451 3452
3 3051 3452 3052
3 3052 3452 3453
3 3052 3453 3053
3 3053 3453 3454
3 3053 3454 3054
3 3054 3454 3455
3 3054 3455 3055
3 3055 3455 3456
3 3055 3456 3056
3 3056 3456 3457
3 3056 3457 3057
3 3057 3457 3458
3 3057 3458 3058
3 3058 3458 3459
3 3058 3459 3059
3 3059 3459 3460
3 3059 3460 3060
3 3060 3460 3461
3 3060 3461 3061
3 3061 3461 3462
3 3061 3462 3062
3 3062 3462 3463
3 3062 3463 3063
3 3063 3463 3464
3 3063 3464 3064
3 3064 3464 3465
3 3064 3465 3065
3 3065 3465 3466
3 3065 3466 3066
3 3066 3466 3467
3 3066 3467 3067
3 3067 3467 3468
3 3067 3468 3068
3 3068 3468 3469
3 3068 3469 3069
3 3069 3469 3470
3 3069 3470 3070
3 3070 3470 3471
3 3070 3471 3071
3 3071 3471 3472
3 3071 3472 3072
3 3072 3472 3473
3 3072 3473 3073
3 3073 3473 3474
3 3073 3474 3074
3 3074 3474 3475
3 3074 3475 3075
3 3075 3475 3476
3 3075 3476 3076
3 3076 3476 3477
3 3076 3477 3077
3 3077 3477 3478
3 3077 3478 3078
3 3078 3478 3479
3 3078 3479 3079
3 3079 3479 3480
3 3079 3480 3080
3 3080 3480 3481
3 3080 3481 3081
3 3081 3481 3482
3 3081 3482 3082
3 3082 3482 3483
3 3082 3483 3083
3 3083 3483 3484
3 3083 3484 3084
3 3084 3484 3485
3 3084 3485 3085
3 3085 3485 3486
3 3085 3486 3086
3 3086 3486 3487
3 3086 3487 3087
3 3087 3487 3488
3 3087 3488 3088
3 3088 3488 3489
3 3088 3489 3089
3 3089 3489 3490
3 3089 3490 3090
3 3090 3490 3491
3 3090 3491 3091
3 3091 3491 3492
3 3091 3492 3092
3 3092 3492 3493
3 3092 3493 3093
3 3093 3493 3494
3 3093 3494 3094
3 3094 3494 3495
3 3094 3495 3095
3 3095 3495 3496
3 3095 3496 3096
3 3096 3496 3497
3 3096 3497 3097
3 3097 3497 3498
3 3097 3498 3098
3 3098 3498 3499
3 3098 3499 3099
3 3099 3499 3500
3 3099 3500 3100
3 3100 3500 3501
3 3100 3501 3101
3 3101 3501 3502
3 3101 3502 3102
3 3102 3502 3503
3 3102 3503 3103
3 3103 3503 3504
3 3103 3504 3104
3 3104 3504 3505
3 3104 3505 3105
3 3105 3505 3506
3 3105 3506 3106
3 3106 3506 3507
3 3106 3507 3107
3 3107 3507 3508
3 3107 3508 3108
3 3108 3508 3509
3 3108 3509 3109
3 3109 3509 3510
3 3109 3510 3110
3 3110 3510 3511
3 3110 3511 3111
3 3111 3511 3512
3 3111 3512 3112
3 3112 3512 3513
3 3112 3513 3113
3 3113 3513 3514
3 3113 3514 3114
3 3114 3514 3515
3 3114 3515 3115
3 3115 3515 3516
3 3115 3516 3116
3 3116 3516 3517
3 3116 3517 3117
3 3117 3517 3518
3 3117 3518 3118
3 3118 3518 3519
3 3118 3519 3119
3 3119 3519 3520
3 3119 3520 3120
3 3120 3520 3521
3 3120 3521 3121
3 3121 3521 3522
3 3121 3522 3122
3 3122 3522 3523
3 3122 3523 3123
3 3123 3523 3524
3 3123 3524 3124
3 3124 3524 3525
3 3124 3525 3125
3 3125 3525 3526
3 3125 3526 3126
3 3126 3526 3527
3 3126 3527 3127
3 3127 3527 3528
3 3127 3528 3128
3 3128 3528 3529
3 3128 3529 3129
3 3129 3529 3530
3 3129 3530 3130
3 3130 3530 3531
3 3130 3531 3131
3 3131 3531 3532
3 3131 3532 3132
3 3132 3532 3533
3 3132 3533 3133
3 3133 3533 3534
3 3133 3534 3134
3 3134 3534 3535
3 3134 3535 3135
3 3135 3535 3536
3 3135 3536 3136
3 3136 3536 3537
3 3136 3537 3137
3 3137 3537 3538
3 3137 3538 3138
3 3138 3538 3539
3 3138 3539 3139
3 3139 3539 3540
3 3139 3540 3140
3 3140 3540 3541
3 3140 3541 3141
3 3141 3541 3542
3 3141 3542 3142
3 3142 3542 3543
3 3142 3543 3143
3 3143 3543 3544
3 3143 3544 3144
3 3144 3544 3545
3 3144 3545 3145
3 3145 3545 3546
3 3145 3546 3146
3 3146 3546 3547
3 3146 3547 3147
3 3147 3547 3548
3 3147 3548 3148
3 3148 3548 3549
3 3148 3549 3149
3 3149 3549 3550
3 3149 3550 3150
3 3150 3550 3551
3 3150 3551 3151
3 3151 3551 3552
3 3151 3552 3152
3 3152 3552 3553
3 3152 3553 3153
3 3153 3553 3554
3 3153 3554 3154
3 3154 3554 3555
3 3154 3555 3155
3 3155 3555 3556
3 3155 3556 3156
3 3156 3556 3557
3 3156 3557 3157
3 3157 3557 3558
3 3157 3558 3158
3 3158 3558 3559
3 3158 3559 3159
3 3159 3559 3560
3 3159 3560 3160
3 3160 3560 3561
3 3160 3561 3161
3 3161 3561 3562
3 3161 3562 3162
3 3162 3562 3563
3 3162 3563 3163
3 3163 3563 3564
3 3163 3564 3164
3 3164 3564 3565
3 3164 3565 3165
3 3165 3565 3566
3 3165 3566 3166
3 3166 3566 3567
3 3166 3567 3167
3 3167 3567 3568
3 3167 3568 3168
3 3168 3568 3569
3 3168 3569 3169
3 3169 3569 3570
3 3169 3570 3170
3 3170 3570 3571
3 3170 3571 3171
3 3171 3571 3572
3 3171 3572 3172
3 3172 3572 3573
3 3172 3573 3173
3 3173 3573 3574
3 3173 3574 3174
3 3174 3574 3575
3 3174 3575 3175
3 3175 3575 3576
3 3175 3576 3176
3 3176 3576 3577
3 3176 3577 3177
3 3177 3577 3578
3 3177 3578 3178
3 3178 3578 3579
3 3178 3579 3179
3 3179 3579 3580
3 3179 3580 3180
3 3180 3580 3581
3 3180 3581 3181
3 3181 3581 3582
3 3181 3582 3182
3 3182 3582 3583
3 3182 3583 3183
3 3183 3583 3584
3 3183 3584 3184
3 3184 3584 3585
3 3184 3585 3185
3 3185 3585 3586
3 3185 3586 3186
3 3186 3586 3587
3 3186 3587 3187
3 3187 3587 3588
3 3187 3588 3188
3 3188 3588 3589
3 3188 3589 3189
3 3189 3589 3590
3 3189 3590 3190
3 3190 3590 3591
3 3190 3591 3191
3 3191 3591 3592
3 3191 3592 3192
3 3192 3592 3593
3 3192 3593 3193
3 3193 3593 3594
3 3193 3594 3194
3 3194 3594 3595
3 3194 3595 3195
3 3195 3595 3596
3 3195 3596 3196
3 3196 3596 3597
3 3196 3597 3197
3 3197 3597 3598
3 3197 3598 3198
3 3198 3598 3599
3 3198 3599 3199
3 3200 3600 3601
3 3200 3601 3201
3 3201 3601 3602
3 3201 3602 3202
3 3202 3602 3603
3 3202 3603 3203
3 3203 3603 3604
3 3203 3604 3204
3 3204 3604 3605
3 3204 3605 3205
3 3205 3605 3606
3 3205 3606 3206
3 3206 3606 3607
3 3206 3607 3207
3 3207 3607 3608
3 3207 3608 3208
3 3208 3608 3609
3 3208 3609 3209
3 3209 3609 3610
3 3209 3610 3210
3 3210 3610 3611
3 3210 3611 3211
3 3211 3611 3612
3 3211 3612 3212
3 3212 3612 3613
3 3212 3613 3213
3 3213 3613 3614
3 3213 3614 3214
3 3214 3614 3615
3 3214 3615 3215
3 3215 3615 3616
3 3215 3616 3216
3 3216 3616 3617
3 3216 3617 3217
3 3217 3617 3618
3 3217 3618 3218
3 3218 3618 3619
3 3218 3619 3219
3 3219 3619 3620
3 3219 3620 3220
3 3220 3620 3621
3 3220 3621 3221
3 3221 3621 3622
3 3221 3622 3222
3 3222 3622 3623
3 3222 3623 3223
3 3223 3623 3624
3 3223 3624 3224
3 3224 3624 3625
3 3224 3625 3225
3 3225 3625 3626
3 3225 3626 3226
3 3226 3626 3627
3 3226 3627 3227
3 3227 3627 3628
3 3227 3628 3228
3 3228 3628 3629
3 3228 3629 3229
3 3229 3629 3630
3 3229 3630 3230
3 3230 3630 3631
3 3230 3631 3231
3 3231 3631 3632
3 3231 3632 3232
3 3232 3632 3633
3 3232 3633 3233
3 3233 3633 3634
3 3233 3634 3234
3 3234 3634 3635
3 3234 3635 3235
3 3235 3635 3636
3 3235 3636 3236
3 3236 3636 3637
3 3236 3637 3237
3 3237 3637 3638
3 3237 3638 3238
3 3238 3638 3639
3 3238 3639 3239
3 3239 3639 3640
3 3239 3640 3240
3 3240 3640 3641
3 3240 3641 3241
3 3241 3641 3642
3 3241 3642 3242
3 3242 3642 3643
3 3242 3643 3243
3 3243 3643 3644
3 3243 3644 3244
3 3244 3644 3645
3 3244 3645 3245
3 3245 3645 3646
3 3245 3646 3246
3 3246 3646 3647
3 3246 3647 3247
3 3247 3647 3648
3 3247 3648 3248
3 3248 3648 3649
3 3248 3649 3249
3 3249 3649 3650
3 3249 3650 3250
3 3250 3650 3651
3 3250 3651 3251
3 3251 3651 3652
3 3251 3652 3252
3 3252 3652 3653
3 3252 3653 3253
3 3253 3653 3654
3 3253 3654 3254
3 3254 3654 3655
3 3254 3655 3255
3 3255 3655 3656
3 3255 3656 3256
3 3256 3656 3657
3 3256 3657 3257
3 3257 3657 3658
3 3257 3658 3258
3 3258 3658 3659
3 3258 3659 3259
3 3259 3659 3660
3 3259 3660 3260
3 3260 3660 3661
3 3260 3661 3261
3 3261 3661 3662
3 3261 3662 3262
3 3262 3662 3663
3 3262 3663 3263
3 3263 3663 3664
3 3263 3664 3264
3 3264 3664 3665
3 3264 3665 3265
3 3265 3665 3666
3 3265 3666 3266
3 3266 3666 3667
3 3266 3667 3267
3 3267 3667 3668
3 3267 3668 3268
3 3268 3668 3669
3 3268 3669 3269
3 3269 3669 3670
3 3269 3670 3270
3 3270 3670 3671
3 3270 3671 3271
3 3271 3671 3672
3 3271 3672 3272
3 3272 3672 3673
3 3272 3673 3273
3 3273 3673 3674
3 3273 3674 3274
3 3274 3674 3675
3 3274 3675 3275
3 3275 3675 3676
3 3275 3676 3276
3 3276 3676 3677
3 3276 3677 3277
3 3277 3677 3678
3 3277 3678 3278
3 3278 3678 3679
3 3278 3679 3279
3 3279 3679 3680
3 3279 3680 3280
3 3280 3680 3681
3 3280 3681 3281
3 3281 3681 3682
3 3281 3682 3282
3 3282 3682 3683
3 3282 3683 3283
3 3283 3683 3684
3 3283 3684 3284
3 3284 3684 3685
3 3284 3685 3285
3 3285 3685 3686
3 3285 3686 3286
3 3286 3686 3687
3 3286 3687 3287
3 3287 3687 3688
3 3287 3688 3288
3 3288 3688 3689
3 3288 3689 3289
3 3289 3689 3690
3 3289 3690 3290
3 3290 3690 3691
3 3290 3691 3291
3 3291 3691 3692
3 3291 3692 3292
3 3292 3692 3693
3 3292 3693 3293
3 3293 3693 3694
3 3293 3694 3294
3 3294 3694 3695
3 3294 3695 3295
3 3295 3695 3696
3 3295 3696 3296
3 3296 3696 3697
3 3296 3697 3297
3 3297 3697 3698
3 3297 3698 3298
3 3298 3698 3699
3 3298 3699 3299
3 3299 3699 3700
3 3299 3700 3300
3 3300 3700 3701
3 3300 3701 3301
3 3301 3701 3702
3 3301 3702 3302
3 3302 3702 3703
3 3302 3703 3303
3 3303 3703 3704
3 3303 3704 3304
3 3304 3704 3705
3 3304 3705 3305
3 3305 3705 3706
3 3305 3706 3306
3 3306 3706 3707
3 3306 3707 3307
3 3307 3707 3708
3 3307 3708 3308
3 3308 3708 3709
3 3308 3709 3309
3 3309 3709 3710
3 3309 3710 3310
3 3310 3710 3711
3 3310 3711 3311
3 3311 3711 3712
3 3311 3712 3312
3 3312 3712 3713
3 3312 3713 3313
3 3313 3713 3714
3 3313 3714 3314
3 3314 3714 3715
3 3314 3715 3315
3 3315 3715 3716
3 3315 3716 3316
3 3316 3716 3717
3 3316 3717 3317
3 3317 3717 3718
3 3317 3718 3318
3 3318 3718 3719
3 3318 3719 3319
3 3319 3719 3720
3 3319 3720 3320
3 3320 3720 3721
3 3320 3721 3321
3 3321 3721 3722
3 3321 3722 3322
3 3322 3722 3723
3 3322 3723 3323
3 3323 3723 3724
3 3323 3724 3324
3 3324 3724 3725
3 3324 3725 3325
3 3325 3725 3726
3 3325 3726 3326
3 3326 3726 3727
3 3326 3727 3327
3 3327 3727 3728
3 3327 3728 3328
3 3328 3728 3729
3 3328 3729 3329
3 3329 3729 3730
3 3329 3730 3330
3 3330 3730 3731
3 3330 3731 3331
3 3331 3731 3732
3 3331 3732 3332
3 3332 3732 3733
3 3332 3733 3333
3 3333 3733 3734
3 3333 3734 3334
3 3334 3734 3735
3 3334 3735 3335
3 3335 3735 3736
3 3335 3736 3336
3 3336 3736 3737
3 3336 3737 3337
3 3337 3737 3738
3 3337 3738 3338
3 3338 3738 3739
3 3338 3739 3339
3 3339 3739 3740
3 3339 3740 3340
3 3340 3740 3741
3 3340 3741 3341
3 3341 3741 3742
3 3341 3742 3342
3 3342 3742 3743
3 3342 3743 3343
3 3343 3743 3744
3 3343 3744 3344
3 3344 3744 3745
3 3344 3745 3345
3 3345 3745 3746
3 3345 3746 3346
3 3346 3746 3747
3 3346 3747 3347
3 3347 3747 3748
3 3347 3748 3348
3 3348 3748 3749
3 3348 3749 3349
3 3349 3749 3750
3 3349 3750 3350
3 3350 3750 3751
3 3350 3751 3351
3 3351 3751 3752
3 3351 3752 3352
3 3352 3752 3753
3 3352 3753 3353
3 3353 3753 3754
3 3353 3754 3354
3 3354 3754 3755
3 3354 3755 3355
3 3355 3755 3756
3 3355 3756 3356
3 3356 3756 3757
3 3356 3757 3357
3 3357 3757 3758
3 3357 3758 3358
3 3358 3758 3759
3 3358 3759 3359
3 3359 3759 3760
3 3359 3760 3360
3 3360 3760 3761
3 3360 3761 3361
3 3361 3761 3762
3 3361 3762 3362
3 3362 3762 3763
3 3362 3763 3363
3 3363 3763 3764
3 3363 3764 3364
3 3364 3764 3765
3 3364 3765 3365
3 3365 3765 3766
3 3365 3766 3366
3 3366 3766 3767
3 3366 3767 3367
3 3367 3767 3768
3 3367 3768 3368
3 3368 3768 3769
3 3368 3769 3369
3 3369 3769 3770
3 3369 3770 3370
3 3370 3770 3771
3 3370 3771 3371
3 3371 3771 3772
3 3371 3772 3372
3 3372 3772 3773
3 3372 3773 3373
3 3373 3773 3774
3 3373 3774 3374
3 3374 3774 3775
3 3374 3775 3375
3 3375 3775 3776
3 3375 3776 3376
3 3376 3776 3777
3 3376 3777 3377
3 3377 3777 3778
3 3377 3778 3378
3 3378 3778 3779
3 3378 3779 3379
3 3379 3779 3780
3 3379 3780 3380
3 3380 3780 3781
3 3380 3781 3381
3 3381 3781 3782
3 3381 3782 3382
3 3382 3782 3783
3 3382 3783 3383
3 3383 3783 3784
3 3383 3784 3384
3 3384 3784 3785
3 3384 3785 3385
3 3385 3785 3786
3 3385 3786 3386
3 3386 3786 3787
3 3386 3787 3387
3 3387 3787 3788
3 3387 3788 3388
3 3388 3788 3789
3 3388 3789 3389
3 3389 3789 3790
3 3389 3790 3390
3 3390 3790 3791
3 3390 3791 3391
3 3391 3791 3792
3 3391 3792 3392
3 3392 3792 3793
3 3392 3793 3393
3 3393 3793 3794
3 3393 3794 3394
3 3394 3794 3795
3 3394 3795 3395
3 3395 3795 3796
3 3395 3796 3396
3 3396 3796 3797
3 3396 3797 3397
3 3397 3797 3798
3 3397 3798 3398
3 3398 3798 3799
3 3398 3799 3399
3 3399 3799 3800
3 3399 3800 3400
3 3400 3800 3801
3 3400 3801 3401
3 3401 3801 3802
3 3401 3802 3402
3 3402 3802 3803
3 3402 3803 3403
3 3403 3803 3804
3 3403 3804 3404
3 3404 3804 3805
3 3404 3805 3405
3 3405 3805 3806
3 3405 3806 3406
3 3406 3806 3807
3 3406 3807 3407
3 3407 3807 3808
3 3407 3808 3408
3 3408 3808 3809
3 3408 3809 3409
3 3409 3809 3810
3 3409 3810 3410
3 3410 3810 3811
3 3410 3811 3411
3 3411 3811 3812
3 3411 3812 3412
3 3412 3812 3813
3 3412 3813 3413
3 3413 3813 3814
3 3413 3814 3414
3 3414 3814 3815
3 3414 3815 3415
3 3415 3815 3816
3 3415 3816 3416
3 3416 3816 3817
3 3416 3817 3417
3 3417 3817 3818
3 3417 3818 3418
3 3418 3818 3819
3 3418 3819 3419
3 3419 3819 3820
3 3419 3820 3420
3 3420 3820 3821
3 3420 3821 3421
3 3421 3821 3822
3 3421 3822 3422
3 3422 3822 3823
3 3422 3823 3423
3 3423 3823 3824
3 3423 3824 3424
3 3424 3824 3825
3 3424 3825 3425
3 3425 3825 3826
3 3425 3826 3426
3 3426 3826 3827
3 3426 3827 3427
3 3427 3827 3828
3 3427 3828 3428
3 3428 3828 3829
3 3428 3829 3429
3 3429 3829 3830
3 3429 3830 3430
3 3430 3830 3831
3 3430 3831 3431
3 3431 3831 3832
3 3431 3832 3432
3 3432 3832 3833
3 3432 3833 3433
3 3433 3833 3834
3 3433 3834 3434
3 3434 3834 3835
3 3434 3835 3435
3 3435 3835 3836
3 3435 3836 3436
3 3436 3836 3837
3 3436 3837 3437
3 3437 3837 3838
3 3437 3838 3438
3 3438 3838 3839
3 3438 3839 3439
3 3439 3839 3840
3 3439 3840 3440
3 3440 3840 3841
3 3440 3841 3441
3 3441 3841 3842
3 3441 3842 3442
3 3442 3842 3843
3 3442 3843 3443
3 3443 3843 3844
3 3443 3844 3444
3 3444 3844 3845
3 3444 3845 3445
3 3445 3845 3846
3 3445 3846 3446
3 3446 3846 3847
3 3446 3847 3447
3 3447 3847 3848
3 3447 3848 3448
3 3448 3848 3849
3 3448 3849 3449
3 3449 3849 3850
3 3449 3850 3450
3 3450 3850 3851
3 3450 3851 3451
3 3451 3851 3852
3 3451 3852 3452
3 3452 3852 3853
3 3452 3853 3453
3 3453 3853 3854
3 3453 3854 3454
3 3454 3854 3855
3 3454 3855 3455
3 3455 3855 3856
3 3455 3856 3456
3 3456 3856 3857
3 3456 3857 3457
3 3457 3857 3858
3 3457 3858 3458
3 3458 3858 3859
3 3458 3859 3459
3 3459 3859 3860
3 3459 3860 3460
3 3460 3860 3861
3 3460 3861 3461
3 3461 3861 3862
3 3461 3862 3462
3 3462 3862 3863
3 3462 3863 3463
3 3463 3863 3864
3 3463 3864 3464
3 3464 3864 3865
3 3464 3865 3465
3 3465 3865 3866
3 3465 3866 3466
3 3466 3866 3867
3 3466 3867 3467
3 3467 3867 3868
3 3467 3868 3468
3 3468 3868 3869
3 3468 3869 3469
3 3469 3869 3870
3 3469 3870 3470
3 3470 3870 3871
3 3470 3871 3471
3 3471 3871 3872
3 3471 3872 3472
3 3472 3872 3873
3 3472 3873 3473
3 3473 3873 3874
3 3473 3874 3474
3 3474 3874 3875
3 3474 3875 3475
3 3475 3875 3876
3 3475 3876 3476
3 3476 3876 3877
3 3476 3877 3477
3 3477 3877 3878
3 3477 3878 3478
3 3478 3878 3879
3 3478 3879 3479
3 3479 3879 3880
3 3479 3880 3480
3 3480 3880 3881
3 3480 3881 3481
3 3481 3881 3882
3 3481 3882 3482
3 3482 3882 3883
3 3482 3883 3483
3 3483 3883 3884
3 3483 3884 3484
3 3484 3884 3885
3 3484 3885 3485
3 3485 3885 3886
3 3485 3886 3486
3 3486 3886 3887
3 3486 3887 3487
3 3487 3887 3888
3 3487 3888 3488
3 3488 3888 3889
3 3488 3889 3489
3 3489 3889 3890
3 3489 3890 3490
3 3490 3890 3891
3 3490 3891 3491
3 3491 3891 3892
3 3491 3892 3492
3 3492 3892 3893
3 3492 3893 3493
3 3493 3893 3894
3 3493 3894 3494
3 3494 3894 3895
3 3494 3895 3495
3 3495 3895 3896
3 3495 3896 3496
3 3496 3896 3897
3 3496 3897 3497
3 3497 3897 3898
3 3497 3898 3498
3 3498 3898 3899
3 3498 3899 3499
3 3499 3899 3900
3 3499 3900 3500
3 3500 3900 3901
3 3500 3901 3501
3 3501 3901 3902
3 3501 3902 3502
3 3502 3902 3903
3 3502 3903 3503
3 3503 3903 3904
3 3503 3904 3504
3 3504 3904 3905
3 3504 3905 3505
3 3505 3905 3906
3 3505 3906 3506
3 3506 3906 3907
3 3506 3907 3507
3 3507 3907 3908
3 3507 3908 3508
3 3508 3908 3909
3 3508 3909 3509
3 3509 3909 3910
3 3509 3910 3510
3 3510 3910 3911
3 3510 3911 3511
3 3511 3911 3912
3 3511 3912 3512
3 3512 3912 3913
3 3512 3913 3513
3 3513 3913 3914
3 3513 3914 3514
3 3514 3914 3915
3 3514 3915 3515
3 3515 3915 3916
3 3515 3916 3516
3 3516 3916 3917
3 3516 3917 3517
3 3517 3917 3918
3 3517 3918 3518
3 3518 3918 3919
3 3518 3919 3519
3 3519 3919 3920
3 3519 3920 3520
3 3520 3920 3921
3 3520 3921 3521
3 3521 3921 3922
3 3521 3922 3522
3 3522 3922 3923
3 3522 3923 3523
3 3523 3923 3924
3 3523 3924 3524
3 3524 3924 3925
3 3524 3925 3525
3 3525 3925 3926
3 3525 3926 3526
3 3526 3926 3927
3 3526 3927 3527
3 3527 3927 3928
3 3527 3928 3528
3 3528 3928 3929
3 3528 3929 3529
3 3529 3929 3930
3 3529 3930 3530
3 3530 3930 3931
3 3530 3931 3531
3 3531 3931 3932
3 3531 3932 3532
3 3532 3932 3933
3 3532 3933 3533
3 3533 3933 3934
3 3533 3934 3534
3 3534 3934 3935
3 3534 3935 3535
3 3535 3935 3936
3 3535 3936 3536
3 3536 3936 3937
3 3536 3937 3537
3 3537 3937 3938
3 3537 3938 3538
3 3538 3938 3939
3 3538 3939 3539
3 3539 3939 3940
3 3539 3940 3540
3 3540 3940 3941
3 3540 3941 3541
3 3541 3941 3942
3 3541 3942 3542
3 3542 3942 3943
3 3542 3943 3543
3 3543 3943 3944
3 3543 3944 3544
3 3544 3944 3945
3 3544 3945 3545
3 3545 3945 3946
3 3545 3946 3546
3 3546 3946 3947
3 3546 3947 3547
3 3547 3947 3948
3 3547 3948 3548
3 3548 3948 3949
3 3548 3949 3549
3 3549 3949 3950
3 3549 3950 3550
3 3550 3950 3951
3 3550 3951 3551
3 3551 3951 3952
3 3551 3952 3552
3 3552 3952 3953
3 3552 3953 3553
3 3553 3953 3954
3 3553 3954 3554
3 3554 3954 3955
3 3554 3955 3555
3 3555 3955 3956
3 3555 3956 3556
3 3556 3956 3957
3 3556 3957 3557
3 3557 3957 3958
3 3557 3958 3558
3 3558 3958 3959
3 3558 3959 3559
3 3559 3959 3960
3 3559 3960 3560
3 3560 3960 3961
3 3560 3961 3561
3 3561 3961 3962
3 3561 3962 3562
3 3562 3962 3963
3 3562 3963 3563
3 3563 3963 3964
3 3563 3964 3564
3 3564 3964 3965
3 3564 3965 3565
3 3565 3965 3966
3 3565 3966 3566
3 3566 3966 3967
3 3566 3967 3567
3 3567 3967 3968
3 3567 3968 3568
3 3568 3968 3969
3 3568 3969 3569
3 3569 3969 3970
3 3569 3970 3570
3 3570 3970 3971
3 3570 3971 3571
3 3571 3971 3972
3 3571 3972 3572
3 3572 3972 3973
3 3572 3973 3573
3 3573 3973 3974
3 3573 3974 3574
3 3574 3974 3975
3 3574 3975 3575
3 3575 3975 3976
3 3575 3976 3576
3 3576 3976 3977
3 3576 3977 3577
3 3577 3977 3978
3 3577 3978 3578
3 3578 3978 3979
3 3578 3979 3579
3 3579 3979 3980
3 3579 3980 3580
3 3580 3980 3981
3 3580 3981 3581
3 3581 3981 3982
3 3581 3982 3582
3 3582 3982 3983
3 3582 3983 3583
3 3583 3983 3984
3 3583 3984 3584
3 3584 3984 3985
3 3584 3985 3585
3 3585 3985 3986
3 3585 3986 3586
3 3586 3986 3987
3 3586 3987 3587
3 3587 3987 3988
3 3587 3988 3588
3 3588 3988 3989
3 3588 3989 3589
3 3589 3989 3990
3 3589 3990 3590
3 3590 3990 3991
3 3590 3991 3591
3 3591 3991 3992
3 3591 3992 3592
3 3592 3992 3993
3 3592 3993 3593
3 3593 3993 3994
3 3593 3994 3594
3 3594 3994 3995
3 3594 3995 3595
3 3595 3995 3996
3 3595 3996 3596
3 3596 3996 3997
3 3596 3997 3597
3 3597 3997 3998
3 3597 3998 3598
3 3598 3998 3999
3 3598 3999 3599
3 3600 4000 4001
3 3600 4001 3601
3 3601 4001 4002
3 3601 4002 3602
3 3602 4002 4003
3 3602 4003 3603
3 3603 4003 4004
3 3603 4004 3604
3 3604 4004 4005
3 3604 4005 3605
3 3605 4005 4006
3 3605 4006 3606
3 3606 4006 4007
3 3606 4007 3607
3 3607 4007 4008
3 3607 4008 3608
3 3608 4008 4009
3 3608 4009 3609
3 3609 4009 4010
3 3609 4010 3610
3 3610 4010 4011
3 3610 4011 3611
3 3611 4011 4012
3 3611 4012 3612
3 3612 4012 4013
3 3612 4013 3613
3 3613 4013 4014
3 3613 4014 3614
3 3614 4014 4015
3 3614 4015 3615
3 3615 4015 4016
3 3615 4016 3616
3 3616 4016 4017
3 3616 4017 3617
3 3617 4017 4018
3 3617 4018 3618
3 3618 4018 4019
3 3618 4019 3619
3 3619 4019 4020
3 3619 4020 3620
3 3620 4020 4021
3 3620 4021 3621
3 3621 4021 4022
3 3621 4022 3622
3 3622 4022 4023
3 3622 4023 3623
3 3623 4023 4024
3 3623 4024 3624
3 3624 4024 4025
3 3624 4025 3625
3 3625 4025 4026
3 3625 4026 3626
3 3626 4026 4027
3 3626 4027 3627
3 3627 4027 4028
3 3627 4028 3628
3 3628 4028 4029
3 3628 4029 3629
3 3629 4029 4030
3 3629 4030 3630
3 3630 4030 4031
3 3630 4031 3631
3 3631 4031 4032
3 3631 4032 3632
3 3632 4032 4033
3 3632 4033 3633
3 3633 4033 4034
3 3633 4034 3634
3 3634 4034 4035
3 3634 4035 3635
3 3635 4035 4036
3 3635 4036 3636
3 3636 4036 4037
3 3636 4037 3637
3 3637 4037 4038
3 3637 4038 3638
3 3638 4038 4039
3 3638 4039 3639
3 3639 4039 4040
3 3639 4040 3640
3 3640 4040 4041
3 3640 4041 3641
3 3641 4041 4042
3 3641 4042 3642
3 3642 4042 4043
3 3642 4043 3643
3 3643 4043 4044
3 3643 4044 3644
3 3644 4044 4045
3 3644 4045 3645
3 3645 4045 4046
3 3645 4046 3646
3 3646 4046 4047
3 3646 4047 3647
3 3647 4047 4048
3 3647 4048 3648
3 3648 4048 4049
3 3648 4049 3649
3 3649 4049 4050
3 3649 4050 3650
3 3650 4050 4051
3 3650 4051 3651
3 3651 4051 4052
3 3651 4052 3652
3 3652 4052 4053
3 3652 4053 3653
3 3653 4053 4054
3 3653 4054 3654
3 3654 4054 4055
3 3654 4055 3655
3 3655 4055 4056
3 3655 4056 3656
3 3656 4056 4057
3 3656 4057 3657
3 3657 4057 4058
3 3657 4058 3658
3 3658 4058 4059
3 3658 4059 3659
3 3659 4059 4060
3 3659 4060 3660
3 3660 4060 4061
3 3660 4061 3661
3 3661 4061 4062
3 3661 4062 3662
3 3662 4062 4063
3 3662 4063 3663
3 3663 4063 4064
3 3663 4064 3664
3 3664 4064 4065
3 3664 4065 3665
3 3665 4065 4066
3 3665 4066 3666
3 3666 4066 4067
3 3666 4067 3667
3 3667 4067 4068
3 3667 4068 3668
3 3668 4068 4069
3 3668 4069 3669
3 3669 4069 4070
3 3669 4070 3670
3 3670 4070 4071
3 3670 4071 3671
3 3671 4071 4072
3 3671 4072 3672
3 3672 4072 4073
3 3672 4073 3673
3 3673 4073 4074
3 3673 4074 3674
3 3674 4074 4075
3 3674 4075 3675
3 3675 4075 4076
3 3675 4076 3676
3 3676 4076 4077
3 3676 4077 3677
3 3677 4077 4078
3 3677 4078 3678
3 3678 4078 4079
3 3678 4079 3679
3 3679 4079 4080
3 3679 4080 3680
3 3680 4080 4081
3 3680 4081 3681
3 3681 4081 4082
3 3681 4082 3682
3 3682 4082 4083
3 3682 4083 3683
3 3683 4083 4084
3 3683 4084 3684
3 3684 4084 4085
3 3684 4085 3685
3 3685 4085 4086
3 3685 4086 3686
3 3686 4086 4087
3 3686 4087 3687
3 3687 4087 4088
3 3687 4088 3688
3 3688 4088 4089
3 3688 4089 3689
3 3689 4089 4090
3 3689 4090 3690
3 3690 4090 4091
3 3690 4091 3691
3 3691 4091 4092
3 3691 4092 3692
3 3692 4092 4093
3 3692 4093 3693
3 3693 4093 4094
3 3693 4094 3694
3 3694 4094 4095
3 3694 4095 3695
3 3695 4095 4096
3 3695 4096 3696
3 3696 4096 4097
3 3696 4097 3697
3 3697 4097 4098
3 3697 4098 3698
3 3698 4098 4099
3 3698 4099 3699
3 3699 4099 4100
3 3699 4100 3700
3 3700 4100 4101
3 3700 4101 3701
3 3701 4101 4102
3 3701 4102 3702
3 3702 4102 4103
3 3702 4103 3703
3 3703 4103 4104
3 3703 4104 3704
3 3704 4104 4105
3 3704 4105 3705
3 3705 4105 4106
3 3705 4106 3706
3 3706 4106 4107
3 3706 4107 3707
3 3707 4107 4108
3 3707 4108 3708
3 3708 4108 4109
3 3708 4109 3709
3 3709 4109 4110
3 3709 4110 3710
3 3710 4110 4111
3 3710 4111 3711
3 3711 4111 4112
3 3711 4112 3712
3 3712 4112 4113
3 3712 4113 3713
3 3713 4113 4114
3 3713 4114 3714
3 3714 4114 4115
3 3714 4115 3715
3 3715 4115 4116
3 3715 4116 3716
3 3716 4116 4117
3 3716 4117 3717
3 3717 4117 4118
3 3717 4118 3718
3 3718 4118 4119
3 3718 4119 3719
3 3719 4119 4120
3 3719 4120 3720
3 3720 4120 4121
3 3720 4121 3721
3 3721 4121 4122
3 3721 4122 3722
3 3722 4122 4123
3 3722 4123 3723
3 3723 4123 4124
3 3723 4124 3724
3 3724 4124 4125
3 3724 4125 3725
3 3725 4125 4126
3 3725 4126 3726
3 3726 4126 4127
3 3726 4127 3727
3 3727 4127 4128
3 3727 4128 3728
3 3728 4128 4129
3 3728 4129 3729
3 3729 4129 4130
3 3729 4130 3730
3 3730 4130 4131
3 3730 4131 3731
3 3731 4131 4132
3 3731 4132 3732
3 3732 4132 4133
3 3732 4133 3733
3 3733 4133 4134
3 3733 4134 3734
3 3734 4134 4135
3 3734 4135 3735
3 3735 4135 4136
3 3735 4136 3736
3 3736 4136 4137
3 3736 4137 3737
3 3737 4137 4138
3 3737 4138 3738
3 3738 4138 4139
3 3738 4139 3739
3 3739 4139 4140
3 3739 4140 3740
3 3740 4140 4141
3 3740 4141 3741
3 3741 4141 4142
3 3741 4142 3742
3 3742 4142 4143
3 3742 4143 3743
3 3743 4143 4144
3 3743 4144 3744
3 3744 4144 4145
3 3744 4145 3745
3 3745 4145 4146
3 3745 4146 3746
3 3746 4146 4147
3 3746 4147 3747
3 3747 4147 4148
3 3747 4148 3748
3 3748 4148 4149
3 3748 4149 3749
3 3749 4149 4150
3 3749 4150 3750
3 3750 4150 4151
3 3750 4151 3751
3 3751 4151 4152
3 3751 4152 3752
3 3752 4152 4153
3 3752 4153 3753
3 3753 4153 4154
3 3753 4154 3754
3 3754 4154 4155
3 3754 4155 3755
3 3755 4155 4156
3 3755 4156 3756
3 3756 4156 4157
3 3756 4157 3757
3 3757 4157 4158
3 3757 4158 3758
3 3758 4158 4159
3 3758 4159 3759
3 3759 4159 4160
3 3759 4160 3760
3 3760 4160 4161
3 3760 4161 3761
3 3761 4161 4162
3 3761 4162 3762
3 3762 4162 4163
3 3762 4163 3763
3 3763 4163 4164
3 3763 4164 3764
3 3764 4164 4165
3 3764 4165 3765
3 3765 4165 4166
3 3765 4166 3766
3 3766 4166 4167
3 3766 4167 3767
3 3767 4167 4168
3 3767 4168 3768
3 3768 4168 4169
3 3768 4169 3769
3 3769 4169 4170
3 3769 4170 3770
3 3770 4170 4171
3 3770 4171 3771
3 3771 4171 4172
3 3771 4172 3772
3 3772 4172 4173
3 3772 4173 3773
3 3773 4173 4174
3 3773 4174 3774
3 3774 4174 4175
3 3774 4175 3775
3 3775 4175 4176
3 3775 4176 3776
3 3776 4176 4177
3 3776 4177 3777
3 3777 4177 4178
3 3777 4178 3778
3 3778 4178 4179
3 3778 4179 3779
3 3779 4179 4180
3 3779 4180 3780
3 3780 4180 4181
3 3780 4181 3781
3 3781 4181 4182
3 3781 4182 3782
3 3782 4182 4183
3 3782 4183 3783
3 3783 4183 4184
3 3783 4184 3784
3 3784 4184 4185
3 3784 4185 3785
3 3785 4185 4186
3 3785 4186 3786
3 3786 4186 4187
3 3786 4187 3787
3 3787 4187 4188
3 3787 4188 3788
3 3788 4188 4189
3 3788 4189 3789
3 3789 4189 4190
3 3789 4190 3790
3 3790 4190 4191
3 3790 4191 3791
3 3791 4191 4192
3 3791 4192 3792
3 3792 4192 4193
3 3792 4193 3793
3 3793 4193 4194
3 3793 4194 3794
3 3794 4194 4195
3 3794 4195 3795
3 3795 4195 4196
3 3795 4196 3796
3 3796 4196 4197
3 3796 4197 3797
3 3797 4197 4198
3 3797 4198 3798
3 3798 4198 4199
3 3798 4199 3799
3 3799 4199 4200
3 3799 4200 3800
3 3800 4200 4201
3 3800 4201 3801
3 3801 4201 4202
3 3801 4202 3802
3 3802 4202 4203
3 3802 4203 3803
3 3803 4203 4204
3 3803 4204 3804
3 3804 4204 4205
3 3804 4205 3805
3 3805 4205 4206
3 3805 4206 3806
3 3806 4206 4207
3 3806 4207 3807
3 3807 4207 4208
3 3807 4208 3808
3 3808 4208 4209
3 3808 4209 3809
3 3809 4209 4210
3 3809 4210 3810
3 3810 4210 4211
3 3810 4211 3811
3 3811 4211 4212
3 3811 4212 3812
3 3812 4212 4213
3 3812 4213 3813
3 3813 4213 4214
3 3813 4214 3814
3 3814 4214 4215
3 3814 4215 3815
3 3815 4215 4216
3 3815 4216 3816
3 3816 4216 4217
3 3816 4217 3817
3 3817 4217 4218
3 3817 4218 3818
3 3818 4218 4219
3 3818 4219 3819
3 3819 4219 4220
3 3819 4220 3820
3 3820 4220 4221
3 3820 4221 3821
3 3821 4221 4222
3 3821 4222 3822
3 3822 4222 4223
3 3822 4223 3823
3 3823 4223 4224
3 3823 4224 3824
3 3824 4224 4225
3 3824 4225 3825
3 3825 4225 4226
3 3825 4226 3826
3 3826 4226 4227
3 3826 4227 3827
3 3827 4227 4228
3 3827 4228 3828
3 3828 4228 4229
3 3828 4229 3829
3 3829 4229 4230
3 3829 4230 3830
3 3830 4230 4231
3 3830 4231 3831
3 3831 4231 4232
3 3831 4232 3832
3 3832 4232 4233
3 3832 4233 3833
3 3833 4233 4234
3 3833 4234 3834
3 3834 4234 4235
3 3834 4235 3835
3 3835 4235 4236
3 3835 4236 3836
3 3836 4236 4237
3 3836 4237 3837
3 3837 4237 4238
3 3837 4238 3838
3 3838 4238 4239
3 3838 4239 3839
3 3839 4239 4240
3 3839 4240 3840
3 3840 4240 4241
3 3840 4241 3841
3 3841 4241 4242
3 3841 4242 3842
3 3842 4242 4243
3 3842 4243 3843
3 3843 4243 4244
3 3843 4244 3844
3 3844 4244 4245
3 3844 4245 3845
3 3845 4245 4246
3 3845 4246 3846
3 3846 4246 4247
3 3846 4247 3847
3 3847 4247 4248
3 3847 4248 3848
3 3848 4248 4249
3 3848 4249 3849
3 3849 4249 4250
3 3849 4250 3850
3 3850 4250 4251
3 3850 4251 3851
3 3851 4251 4252
3 3851 4252 3852
3 3852 4252 4253
3 3852 4253 3853
3 3853 4253 4254
3 3853 4254 3854
3 3854 4254 4255
3 3854 4255 3855
3 3855 4255 4256
3 3855 4256 3856
3 3856 4256 4257
3 3856 4257 3857
3 3857 4257 4258
3 3857 4258 3858
3 3858 4258 4259
3 3858 4259 3859
3 3859 4259 4260
3 3859 4260 3860
3 3860 4260 4261
3 3860 4261 3861
3 3861 4261 4262
3 3861 4262 3862
3 3862 4262 4263
3 3862 4263 3863
3 3863 4263 4264
3 3863 4264 3864
3 3864 4264 4265
3 3864 4265 3865
3 3865 4265 4266
3 3865 4266 3866
3 3866 4266 4267
3 3866 4267 3867
3 3867 4267 4268
3 3867 4268 3868
3 3868 4268 4269
3 3868 4269 3869
3 3869 4269 4270
3 3869 4270 3870
3 3870 4270 4271
3 3870 4271 3871
3 3871 4271 4272
3 3871 4272 3872
3 3872 4272 4273
3 3872 4273 3873
3 3873 4273 4274
3 3873 4274 3874
3 3874 4274 4275
3 3874 4275 3875
3 3875 4275 4276
3 3875 4276 3876
3 3876 4276 4277
3 3876 4277 3877
3 3877 4277 4278
3 3877 4278 3878
3 3878 4278 4279
3 3878 4279 3879
3 3879 4279 4280
3 3879 4280 3880
3 3880 4280 4281
3 3880 4281 3881
3 3881 4281 4282
3 3881 4282 3882
3 3882 4282 4283
3 3882 4283 3883
3 3883 4283 4284
3 3883 4284 3884
3 3884 4284 4285
3 3884 4285 3885
3 3885 4285 4286
3 3885 4286 3886
3 3886 4286 4287
3 3886 4287 3887
3 3887 4287 4288
3 3887 4288 3888
3 3888 4288 4289
3 3888 4289 3889
3 3889 4289 4290
3 3889 4290 3890
3 3890 4290 4291
3 3890 4291 3891
3 3891 4291 4292
3 3891 4292 3892
3 3892 4292 4293
3 3892 4293 3893
3 3893 4293 4294
3 3893 4294 3894
3 3894 4294 4295
3 3894 4295 3895
3 3895 4295 4296
3 3895 4296 3896
3 3896 4296 4297
3 3896 4297 3897
3 3897 4297 4298
3 3897 4298 3898
3 3898 4298 4299
3 3898 4299 3899
3 3899 4299 4300
3 3899 4300 3900
3 3900 4300 4301
3 3900 4301 3901
3 3901 4301 4302
3 3901 4302 3902
3 3902 4302 4303
3 3902 4303 3903
3 3903 4303 4304
3 3903 4304 3904
3 3904 4304 4305
3 3904 4305 3905
3 3905 4305 4306
3 3905 4306 3906
3 3906 4306 4307
3 3906 4307 3907
3 3907 4307 4308
3 3907 4308 3908
3 3908 4308 4309
3 3908 4309 3909
3 3909 4309 4310
3 3909 4310 3910
3 3910 4310 4311
3 3910 4311 3911
3 3911 4311 4312
3 3911 4312 3912
3 3912 4312 4313
3 3912 4313 3913
3 3913 4313 4314
3 3913 4314 3914
3 3914 4314 4315
3 3914 4315 3915
3 3915 4315 4316
3 3915 4316 3916
3 3916 4316 4317
3 3916 4317 3917
3 3917 4317 4318
3 3917 4318 3918
3 3918 4318 4319
3 3918 4319 3919
3 3919 4319 4320
3 3919 4320 3920
3 3920 4320 4321
3 3920 4321 3921
3 3921 4321 4322
3 3921 4322 3922
3 3922 4322 4323
3 3922 4323 3923
3 3923 4323 4324
3 3923 4324 3924
3 3924 4324 4325
3 3924 4325 3925
3 3925 4325 4326
3 3925 4326 3926
3 3926 4326 4327
3 3926 4327 3927
3 3927 4327 4328
3 3927 4328 3928
3 3928 4328 4329
3 3928 4329 3929
3 3929 4329 4330
3 3929 4330 3930
3 3930 4330 4331
3 3930 4331 3931
3 3931 4331 4332
3 3931 4332 3932
3 3932 4332 4333
3 3932 4333 3933
3 3933 4333 4334
3 3933 4334 3934
3 3934 4334 4335
3 3934 4335 3935
3 3935 4335 4336
3 3935 4336 3936
3 3936 4336 4337
3 3936 4337 3937
3 3937 4337 4338
3 3937 4338 3938
3 3938 4338 4339
3 3938 4339 3939
3 3939 4339 4340
3 3939 4340 3940
3 3940 4340 4341
3 3940 4341 3941
3 3941 4341 4342
3 3941 4342 3942
3 3942 4342 4343
3 3942 4343 3943
3 3943 4343 4344
3 3943 4344 3944
3 3944 4344 4345
3 3944 4345 3945
3 3945 4345 4346
3 3945 4346 3946
3 3946 4346 4347
3 3946 4347 3947
3 3947 4347 4348
3 3947 4348 3948
3 3948 4348 4349
3 3948 4349 3949
3 3949 4349 4350
3 3949 4350 3950
3 3950 4350 4351
3 3950 4351 3951
3 3951 4351 4352
3 3951 4352 3952
3 3952 4352 4353
3 3952 4353 3953
3 3953 4353 4354
3 3953 4354 3954
3 3954 4354 4355
3 3954 4355 3955
3 3955 4355 4356
3 3955 4356 3956
3 3956 4356 4357
3 3956 4357 3957
3 3957 4357 4358
3 3957 4358 3958
3 3958 4358 4359
3 3958 4359 3959
3 3959 4359 4360
3 3959 4360 3960
3 3960 4360 4361
3 3960 4361 3961
3 3961 4361 4362
3 3961 4362 3962
3 3962 4362 4363
3 3962 4363 3963
3 3963 4363 4364
3 3963 4364 3964
3 3964 4364 4365
3 3964 4365 3965
3 3965 4365 4366
3 3965 4366 3966
3 3966 4366 4367
3 3966 4367 3967
3 3967 4367 4368
3 3967 4368 3968
3 3968 4368 4369
3 3968 4369 3969
3 3969 4369 4370
3 3969 4370 3970
3 3970 4370 4371
3 3970 4371 3971
3 3971 4371 4372
3 3971 4372 3972
3 3972 4372 4373
3 3972 4373 3973
3 3973 4373 4374
3 3973 4374 3974
3 3974 4374 4375
3 3974 4375 3975
3 3975 4375 4376
3 3975 4376 3976
3 3976 4376 4377
3 3976 4377 3977
3 3977 4377 4378
3 3977 4378 3978
3 3978 4378 4379
3 3978 4379 3979
3 3979 4379 4380
3 3979 4380 3980
3 3980 4380 4381
3 3980 4381 3981
3 3981 4381 4382
3 3981 4382 3982
3 3982 4382 4383
3 3982 4383 3983
3 3983 4383 4384
3 3983 4384 3984
3 3984 4384 4385
3 3984 4385 3985
3 3985 4385 4386
3 3985 4386 3986
3 3986 4386 4387
3 3986 4387 3987
3 3987 4387 4388
3 3987 4388 3988
3 3988 4388 4389
3 3988 4389 3989
3 3989 4389 4390
3 3989 4390 3990
3 3990 4390 4391
3 3990 4391 3991
3 3991 4391 4392
3 3991 4392 3992
3 3992 4392 4393
3 3992 4393 3993
3 3993 4393 4394
3 3993 4394 3994
3 3994 4394 4395
3 3994 4395 3995
3 3995 4395 4396
3 3995 4396 3996
3 3996 4396 4397
3 3996 4397 3997
3 3997 4397 4398
3 3997 4398 3998
3 3998 4398 4399
3 3998 4399 3999
3 4000 4400 4401
3 4000 4401 4001
3 4001 4401 4402
3 4001 4402 4002
3 4002 4402 4403
3 4002 4403 4003
3 4003 4403 4404
3 4003 4404 4004
3 4004 4404 4405
3 4004 4405 4005
3 4005 4405 4406
3 4005 4406 4006
3 4006 4406 4407
3 4006 4407 4007
3 4007 4407 4408
3 4007 4408 4008
3 4008 4408 4409
3 4008 4409 4009
3 4009 4409 4410
3 4009 4410 4010
3 4010 4410 4411
3 4010 4411 4011
3 4011 4411 4412
3 4011 4412 4012
3 4012 4412 4413
3 4012 4413 4013
3 4013 4413 4414
3 4013 4414 4014
3 4014 4414 4415
3 4014 4415 4015
3 4015 4415 4416
3 4015 4416 4016
3 4016 4416 4417
3 4016 4417 4017
3 4017 4417 4418
3 4017 4418 4018
3 4018 4418 4419
3 4018 4419 4019
3 4019 4419 4420
3 4019 4420 4020
3 4020 4420 4421
3 4020 4421 4021
3 4021 4421 4422
3 4021 4422 4022
3 4022 4422 4423
3 4022 4423 4023
3 4023 4423 4424
3 4023 4424 4024
3 4024 4424 4425
3 4024 4425 4025
3 4025 4425 4426
3 4025 4426 4026
3 4026 4426 4427
3 4026 4427 4027
3 4027 4427 4428
3 4027 4428 4028
3 4028 4428 4429
3 4028 4429 4029
3 4029 4429 4430
3 4029 4430 4030
3 4030 4430 4431
3 4030 4431 4031
3 4031 4431 4432
3 4031 4432 4032
3 4032 4432 4433
3 4032 4433 4033
3 4033 4433 4434
3 4033 4434 4034
3 4034 4434 4435
3 4034 4435 4035
3 4035 4435 4436
3 4035 4436 4036
3 4036 4436 4437
3 4036 4437 4037
3 4037 4437 4438
3 4037 4438 4038
3 4038 4438 4439
3 4038 4439 4039
3 4039 4439 4440
3 4039 4440 4040
3 4040 4440 4441
3 4040 4441 4041
3 4041 4441 4442
3 4041 4442 4042
3 4042 4442 4443
3 4042 4443 4043
3 4043 4443 4444
3 4043 4444 4044
3 4044 4444 4445
3 4044 4445 4045
3 4045 4445 4446
3 4045 4446 4046
3 4046 4446 4447
3 4046 4447 4047
3 4047 4447 4448
3 4047 4448 4048
3 4048 4448 4449
3 4048 4449 4049
3 4049 4449 4450
3 4049 4450 4050
3 4050 4450 4451
3 4050 4451 4051
3 4051 4451 4452
3 4051 4452 4052
3 4052 4452 4453
3 4052 4453 4053
3 4053 4453 4454
3 4053 4454 4054
3 4054 4454 4455
3 4054 4455 4055
3 4055 4455 4456
3 4055 4456 4056
3 4056 4456 4457
3 4056 4457 4057
3 4057 4457 4458
3 4057 4458 4058
3 4058 4458 4459
3 4058 4459 4059
3 4059 4459 4460
3 4059 4460 4060
3 4060 4460 4461
3 4060 4461 4061
3 4061 4461 4462
3 4061 4462 4062
3 4062 4462 4463
3 4062 4463 4063
3 4063 4463 4464
3 4063 4464 4064
3 4064 4464 4465
3 4064 4465 4065
3 4065 4465 4466
3 4065 4466 4066
3 4066 4466 4467
3 4066 4467 4067
3 4067 4467 4468
3 4067 4468 4068
3 4068 4468 4469
3 4068 4469 4069
3 4069 4469 4470
3 4069 4470 4070
3 4070 4470 4471
3 4070 4471 4071
3 4071 4471 4472
3 4071 4472 4072
3 4072 4472 4473
3 4072 4473 4073
3 4073 4473 4474
3 4073 4474 4074
3 4074 4474 4475
3 4074 4475 4075
3 4075 4475 4476
3 4075 4476 4076
3 4076 4476 4477
3 4076 4477 4077
3 4077 4477 4478
3 4077 4478 4078
3 4078 4478 4479
3 4078 4479 4079
3 4079 4479 4480
3 4079 4480 4080
3 4080 4480 4481
3 4080 4481 4081
3 4081 4481 4482
3 4081 4482 4082
3 4082 4482 4483
3 4082 4483 4083
3 4083 4483 4484
3 4083 4484 4084
3 4084 4484 4485
3 4084 4485 4085
3 4085 4485 4486
3 4085 4486 4086
3 4086 4486 4487
3 4086 4487 4087
3 4087 4487 4488
3 4087 4488 4088
3 4088 4488 4489
3 4088 4489 4089
3 4089 4489 4490
3 4089 4490 4090
3 4090 4490 4491
3 4090 4491 4091
3 4091 4491 4492
3 4091 4492 4092
3 4092 4492 4493
3 4092 4493 4093
3 4093 4493 4494
3 4093 4494 4094
3 4094 4494 4495
3 4094 4495 4095
3 4095 4495 4496
3 4095 4496 4096
3 4096 4496 4497
3 4096 4497 4097
3 4097 4497 4498
3 4097 4498 4098
3 4098 4498 4499
3 4098 4499 4099
3 4099 4499 4500
3 4099 4500 4100
3 4100 4500 4501
3 4100 4501 4101
3 4101 4501 4502
3 4101 4502 4102
3 4102 4502 4503
3 4102 4503 4103
3 4103 4503 4504
3 4103 4504 4104
3 4104 4504 4505
3 4104 4505 4105
3 4105 4505 4506
3 4105 4506 4106
3 4106 4506 4507
3 4106 4507 4107
3 4107 4507 4508
3 4107 4508 4108
3 4108 4508 4509
3 4108 4509 4109
3 4109 4509 4510
3 4109 4510 4110
3 4110 4510 4511
3 4110 4511 4111
3 4111 4511 4512
3 4111 4512 4112
3 4112 4512 4513
3 4112 4513 4113
3 4113 4513 4514
3 4113 4514 4114
3 4114 4514 4515
3 4114 4515 4115
3 4115 4515 4516
3 4115 4516 4116
3 4116 4516 4517
3 4116 4517 4117
3 4117 4517 4518
3 4117 4518 4118
3 4118 4518 4519
3 4118 4519 4119
3 4119 4519 4520
3 4119 4520 4120
3 4120 4520 4521
3 4120 4521 4121
3 4121 4521 4522
3 4121 4522 4122
3 4122 4522 4523
3 4122 4523 4123
3 4123 4523 4524
3 4123 4524 4124
3 4124 4524 4525
3 4124 4525 4125
3 4125 4525 4526
3 4125 4526 4126
3 4126 4526 4527
3 4126 4527 4127
3 4127 4527 4528
3 4127 4528 4128
3 4128 4528 4529
3 4128 4529 4129
3 4129 4529 4530
3 4129 4530 4130
3 4130 4530 4531
3 4130 4531 4131
3 4131 4531 4532
3 4131 4532 4132
3 4132 4532 4533
3 4132 4533 4133
3 4133 4533 4534
3 4133 4534 4134
3 4134 4534 4535
3 4134 4535 4135
3 4135 4535 4536
3 4135 4536 4136
3 4136 4536 4537
3 4136 4537 4137
3 4137 4537 4538
3 4137 4538 4138
3 4138 4538 4539
3 4138 4539 4139
3 4139 4539 4540
3 4139 4540 4140
3 4140 4540 4541
3 4140 4541 4141
3 4141 4541 4542
3 4141 4542 4142
3 4142 4542 4543
3 4142 4543 4143
3 4143 4543 4544
3 4143 4544 4144
3 4144 4544 4545
3 4144 4545 4145
3 4145 4545 4546
3 4145 4546 4146
3 4146 4546 4547
3 4146 4547 4147
3 4147 4547 4548
3 4147 4548 4148
3 4148 4548 4549
3 4148 4549 4149
3 4149 4549 4550
3 4149 4550 4150
3 4150 4550 4551
3 4150 4551 4151
3 4151 4551 4552
3 4151 4552 4152
3 4152 4552 4553
3 4152 4553 4153
3 4153 4553 4554
3 4153 4554 4154
3 4154 4554 4555
3 4154 4555 4155
3 4155 4555 4556
3 4155 4556 4156
3 4156 4556 4557
3 4156 4557 4157
3 4157 4557 4558
3 4157 4558 4158
3 4158 4558 4559
3 4158 4559 4159
3 4159 4559 4560
3 4159 4560 4160
3 4160 4560 4561
3 4160 4561 4161
3 4161 4561 4562
3 4161 4562 4162
3 4162 4562 4563
3 4162 4563 4163
3 4163 4563 4564
3 4163 4564 4164
3 4164 4564 4565
3 4164 4565 4165
3 4165 4565 4566
3 4165 4566 4166
3 4166 4566 4567
3 4166 4567 4167
3 4167 4567 4568
3 4167 4568 4168
3 4168 4568 4569
3 4168 4569 4169
3 4169 4569 4570
3 4169 4570 4170
3 4170 4570 4571
3 4170 4571 4171
3 4171 4571 4572
3 4171 4572 4172
3 4172 4572 4573
3 4172 4573 4173
3 4173 4573 4574
3 4173 4574 4174
3 4174 4574 4575
3 4174 4575 4175
3 4175 4575 4576
3 4175 4576 4176
3 4176 4576 4577
3 4176 4577 4177
3 4177 4577 4578
3 4177 4578 4178
3 4178 4578 4579
3 4178 4579 4179
3 4179 4579 4580
3 4179 4580 4180
3 4180 4580 4581
3 4180 4581 4181
3 4181 4581 4582
3 4181 4582 4182
3 4182 4582 4583
3 4182 4583 4183
3 4183 4583 4584
3 4183 4584 4184
3 4184 4584 4585
3 4184 4585 4185
3 4185 4585 4586
3 4185 4586 4186
3 4186 4586 4587
3 4186 4587 4187
3 4187 4587 4588
3 4187 4588 4188
3 4188 4588 4589
3 4188 4589 4189
3 4189 4589 4590
3 4189 4590 4190
3 4190 4590 4591
3 4190 4591 4191
3 4191 4591 4592
3 4191 4592 4192
3 4192 4592 4593
3 4192 4593 4193
3 4193 4593 4594
3 4193 4594 4194
3 4194 4594 4595
3 4194 4595 4195
3 4195 4595 4596
3 4195 4596 4196
3 4196 4596 4597
3 4196 4597 4197
3 4197 4597 4598
3 4197 4598 4198
3 4198 4598 4599
3 4198 4599 4199
3 4199 4599 4600
3 4199 4600 4200
3 4200 4600 4601
3 4200 4601 4201
3 4201 4601 4602
3 4201 4602 4202
3 4202 4602 4603
3 4202 4603 4203
3 4203 4603 4604
3 4203 4604 4204
3 4204 4604 4605
3 4204 4605 4205
3 4205 4605 4606
3 4205 4606 4206
3 4206 4606 4607
3 4206 4607 4207
3 4207 4607 4608
3 4207 4608 4208
3 4208 4608 4609
3 4208 4609 4209
3 4209 4609 4610
3 4209 4610 4210
3 4210 4610 4611
3 4210 4611 4211
3 4211 4611 4612
3 4211 4612 4212
3 4212 4612 4613
3 4212 4613 4213
3 4213 4613 4614
3 4213 4614 4214
3 4214 4614 4615
3 4214 4615 4215
3 4215 4615 4616
3 4215 4616 4216
3 4216 4616 4617
3 4216 4617 4217
3 4217 4617 4618
3 4217 4618 4218
3 4218 4618 4619
3 4218 4619 4219
3 4219 4619 4620
3 4219 4620 4220
3 4220 4620 4621
3 4220 4621 4221
3 4221 4621 4622
3 4221 4622 4222
3 4222 4622 4623
3 4222 4623 4223
3 4223 4623 4624
3 4223 4624 4224
3 4224 4624 4625
3 4224 4625 4225
3 4225 4625 4626
3 4225 4626 4226
3 4226 4626 4627
3 4226 4627 4227
3 4227 4627 4628
3 4227 4628 4228
3 4228 4628 4629
3 4228 4629 4229
3 4229 4629 4630
3 4229 4630 4230
3 4230 4630 4631
3 4230 4631 4231
3 4231 4631 4632
3 4231 4632 4232
3 4232 4632 4633
3 4232 4633 4233
3 4233 4633 4634
3 4233 4634 4234
3 4234 4634 4635
3 4234 4635 4235
3 4235 4635 4636
3 4235 4636 4236
3 4236 4636 4637
3 4236 4637 4237
3 4237 4637 4638
3 4237 4638 4238
3 4238 4638 4639
3 4238 4639 4239
3 4239 4639 4640
3 4239 4640 4240
3 4240 4640 4641
3 4240 4641 4241
3 4241 4641 4642
3 4241 4642 4242
3 4242 4642 4643
3 4242 4643 4243
3 4243 4643 4644
3 4243 4644 4244
3 4244 4644 4645
3 4244 4645 4245
3 4245 4645 4646
3 4245 4646 4246
3 4246 4646 4647
3 4246 4647 4247
3 4247 4647 4648
3 4247 4648 4248
3 4248 4648 4649
3 4248 4649 4249
3 4249 4649 4650
3 4249 4650 4250
3 4250 4650 4651
3 4250 4651 4251
3 4251 4651 4652
3 4251 4652 4252
3 4252 4652 4653
3 4252 4653 4253
3 4253 4653 4654
3 4253 4654 4254
3 4254 4654 4655
3 4254 4655 4255
3 4255 4655 4656
3 4255 4656 4256
3 4256 4656 4657
3 4256 4657 4257
3 4257 4657 4658
3 4257 4658 4258
3 4258 4658 4659
3 4258 4659 4259
3 4259 4659 4660
3 4259 4660 4260
3 4260 4660 4661
3 4260 4661 4261
3 4261 4661 4662
3 4261 4662 4262
3 4262 4662 4663
3 4262 4663 4263
3 4263 4663 4664
3 4263 4664 4264
3 4264 4664 4665
3 4264 4665 4265
3 4265 4665 4666
3 4265 4666 4266
3 4266 4666 4667
3 4266 4667 4267
3 4267 4667 4668
3 4267 4668 4268
3 4268 4668 4669
3 4268 4669 4269
3 4269 4669 4670
3 4269 4670 4270
3 4270 4670 4671
3 4270 4671 4271
3 4271 4671 4672
3 4271 4672 4272
3 4272 4672 4673
3 4272 4673 4273
3 4273 4673 4674
3 4273 4674 4274
3 4274 4674 4675
3 4274 4675 4275
3 4275 4675 4676
3 4275 4676 4276
3 4276 4676 4677
3 4276 4677 4277
3 4277 4677 4678
3 4277 4678 4278
3 4278 4678 4679
3 4278 4679 4279
3 4279 4679 4680
3 4279 4680 4280
3 4280 4680 4681
3 4280 4681 4281
3 4281 4681 4682
3 4281 4682 4282
3 4282 4682 4683
3 4282 4683 4283
3 4283 4683 4684
3 4283 4684 4284
3 4284 4684 4685
3 4284 4685 4285
3 4285 4685 4686
3 4285 4686 4286
3 4286 4686 4687
3 4286 4687 4287
3 4287 4687 4688
3 4287 4688 4288
3 4288 4688 4689
3 4288 4689 4289
3 4289 4689 4690
3 4289 4690 4290
3 4290 4690 4691
3 4290 4691 4291
3 4291 4691 4692
3 4291 4692 4292
3 4292 4692 4693
3 4292 4693 4293
3 4293 4693 4694
3 4293 4694 4294
3 4294 4694 4695
3 4294 4695 4295
3 4295 4695 4696
3 4295 4696 4296
3 4296 4696 4697
3 4296 4697 4297
3 4297 4697 4698
3 4297 4698 4298
3 4298 4698 4699
3 4298 4699 4299
3 4299 4699 4700
3 4299 4700 4300
3 4300 4700 4701
3 4300 4701 4301
3 4301 4701 4702
3 4301 4702 4302
3 4302 4702 4703
3 4302 4703 4303
3 4303 4703 4704
3 4303 4704 4304
3 4304 4704 4705
3 4304 4705 4305
3 4305 4705 4706
3 4305 4706 4306
3 4306 4706 4707
3 4306 4707 4307
3 4307 4707 4708
3 4307 4708 4308
3 4308 4708 4709
3 4308 4709 4309
3 4309 4709 4710
3 4309 4710 4310
3 4310 4710 4711
3 4310 4711 4311
3 4311 4711 4712
3 4311 4712 4312
3 4312 4712 4713
3 4312 4713 4313
3 4313 4713 4714
3 4313 4714 4314
3 4314 4714 4715
3 4314 4715 4315
3 4315 4715 4716
3 4315 4716 4316
3 4316 4716 4717
3 4316 4717 4317
3 4317 4717 4718
3 4317 4718 4318
3 4318 4718 4719
3 4318 4719 4319
3 4319 4719 4720
3 4319 4720 4320
3 4320 4720 4721
3 4320 4721 4321
3 4321 4721 4722
3 4321 4722 4322
3 4322 4722 4723
3 4322 4723 4323
3 4323 4723 4724
3 4323 4724 4324
3 4324 4724 4725
3 4324 4725 4325
3 4325 4725 4726
3 4325 4726 4326
3 4326 4726 4727
3 4326 4727 4327
3 4327 4727 4728
3 4327 4728 4328
3 4328 4728 4729
3 4328 4729 4329
3 4329 4729 4730
3 4329 4730 4330
3 4330 4730 4731
3 4330 4731 4331
3 4331 4731 4732
3 4331 4732 4332
3 4332 4732 4733
3 4332 4733 4333
3 4333 4733 4734
3 4333 4734 4334
3 4334 4734 4735
3 4334 4735 4335
3 4335 4735 4736
3 4335 4736 4336
3 4336 4736 4737
3 4336 4737 4337
3 4337 4737 4738
3 4337 4738 4338
3 4338 4738 4739
3 4338 4739 4339
3 4339 4739 4740
3 4339 4740 4340
3 4340 4740 4741
3 4340 4741 4341
3 4341 4741 4742
3 4341 4742 4342
3 4342 4742 4743
3 4342 4743 4343
3 4343 4743 4744
3 4343 4744 4344
3 4344 4744 4745
3 4344 4745 4345
3 4345 4745 4746
3 4345 4746 4346
3 4346 4746 4747
3 4346 4747 4347
3 4347 4747 4748
3 4347 4748 4348
3 4348 4748 4749
3 4348 4749 4349
3 4349 4749 4750
3 4349 4750 4350
3 4350 4750 4751
3 4350 4751 4351
3 4351 4751 4752
3 4351 4752 4352
3 4352 4752 4753
3 4352 4753 4353
3 4353 4753 4754
3 4353 4754 4354
3 4354 4754 4755
3 4354 4755 4355
3 4355 4755 4756
3 4355 4756 4356
3 4356 4756 4757
3 4356 4757 4357
3 4357 4757 4758
3 4357 4758 4358
3 4358 4758 4759
3 4358 4759 4359
3 4359 4759 4760
3 4359 4760 4360
3 4360 4760 4761
3 4360 4761 4361
3 4361 4761 4762
3 4361 4762 4362
3 4362 4762 4763
3 4362 4763 4363
3 4363 4763 4764
3 4363 4764 4364
3 4364 4764 4765
3 4364 4765 4365
3 4365 4765 4766
3 4365 4766 4366
3 4366 4766 4767
3 4366 4767 4367
3 4367 4767 4768
3 4367 4768 4368
3 4368 4768 4769
3 4368 4769 4369
3 4369 4769 4770
3 4369 4770 4370
3 4370 4770 4771
3 4370 4771 4371
3 4371 4771 4772
3 4371 4772 4372
3 4372 4772 4773
3 4372 4773 4373
3 4373 4773 4774
3 4373 4774 4374
3 4374 4774 4775
3 4374 4775 4375
3 4375 4775 4776
3 4375 4776 4376
3 4376 4776 4777
3 4376 4777 4377
3 4377 4777 4778
3 4377 4778 4378
3 4378 4778 4779
3 4378 4779 4379
3 4379 4779 4780
3 4379 4780 4380
3 4380 4780 4781
3 4380 4781 4381
3 4381 4781 4782
3 4381 4782 4382
3 4382 4782 4783
3 4382 4783 4383
3 4383 4783 4784
3 4383 4784 4384
3 4384 4784 4785
3 4384 4785 4385
3 4385 4785 4786
3 4385 4786 4386
3 4386 4786 4787
3 4386 4787 4387
3 4387 4787 4788
3 4387 4788 4388
3 4388 4788 4789
3 4388 4789 4389
3 4389 4789 4790
3 4389 4790 4390
3 4390 4790 4791
3 4390 4791 4391
3 4391 4791 4792
3 4391 4792 4392
3 4392 4792 4793
3 4392 4793 4393
3 4393 4793 4794
3 4393 4794 4394
3 4394 4794 4795
3 4394 4795 4395
3 4395 4795 4796
3 4395 4796 4396
3 4396 4796 4797
3 4396 4797 4397
3 4397 4797 4798
3 4397 4798 4398
3 4398 4798 4799
3 4398 4799 4399
