v -553715.3677305621 6541312.335320982 -102.28844160000048
v -553715.3795316694 6541311.946252051 -102.28844160000048
v -553715.3848371118 6541311.555286513 -102.28844160000048
v -553715.3860157983 6541311.163115978 -102.28844160000048
v -553715.3836608862 6541310.769913842 -102.28844160000048
v -553715.3213029095 6541310.359192668 -102.28844160000048
v -553715.2589450066 6541309.948471409 -102.28844160000048
v -553715.1959395505 6541309.537560978 -102.28844160000048
v -553715.2917714409 6541309.173026522 -102.28844160000048
v -553715.3944009843 6541308.810476888 -102.28844160000048
v -553715.5001007179 6541308.448823553 -102.28844160000048
v -553715.5741414065 6541308.077926595 -102.28844160000048
v -553715.504039726 6541307.66494438 -102.28844160000048
v -553715.4339379688 6541307.251962249 -102.28844160000048
v -553715.3638362876 6541306.838980033 -102.28844160000048
v -553715.2937346835 6541306.425997733 -102.28844160000048
v -553715.2179805816 6541306.011365176 -102.28844160000048
v -553715.1339651968 6541305.594320673 -102.28844160000048
v -553715.0495992453 6541305.177173706 -102.28844160000048
v -553715.0043964309 6541304.771461125 -102.28844160000048
v -553715.0531809838 6541304.39319022 -102.28844160000048
v -553715.1018816048 6541304.014894916 -102.28844160000048
v -553715.1505465996 6541303.6365891015 -102.28844160000048
v -553714.8863844746 6541303.166946795 -102.28844160000048
v -553714.5359809748 6541302.672124739 -102.28844160000048
v -553714.4064368822 6541302.241787073 -102.28844160000048
v -553714.3145566281 6541301.822446043 -102.28844160000048
v -553714.2226762552 6541301.403105131 -102.28844160000048
v -553714.103389589 6541300.975762398 -102.28844160000048
v -553714.2162555334 6541300.616201388 -102.28844160000048
v -553714.3849042072 6541300.272927199 -102.28844160000048
v -553714.5509693621 6541299.928898805 -102.28844160000048
v -553714.7170345044 6541299.584870515 -102.28844160000048
v -553714.8884108406 6541299.242392831 -102.28844160000048
v -553715.061022363 6541298.900275677 -102.28844160000048
v -553715.2343445814 6541298.558366135 -102.28844160000048
v -553715.328189003 6541298.193251504 -102.28844160000048
v -553715.2889168846 6541297.78927062 -102.28844160000048
v -553715.2496448352 6541297.385289649 -102.28844160000048
v -553715.129604799 6541296.957726891 -102.28844160000048
v -553714.9847374642 6541296.522915396 -102.28844160000048
v -553714.9653588809 6541296.124742844 -102.28844160000048
v -553715.1100128905 6541295.774462913 -102.28844160000048
v -553715.254666882 6541295.424183085 -102.28844160000048
v -553715.3517978581 6541295.060028032 -102.28844160000048
v -553715.4323291166 6541294.691026236 -102.28844160000048
v -553715.5127413716 6541294.321989588 -102.28844160000048
v -553715.5920773809 6541293.952638924 -102.28844160000048
v -553715.6714134259 6541293.583288161 -102.28844160000048
v -553715.7807251881 6541293.222689326 -102.28844160000048
v -553715.9255636695 6541292.872463363 -102.28844160000048
v -553716.070402133 6541292.522237504 -102.28844160000048
v -553716.2007604116 6541292.167783744 -102.28844160000048
v -553716.3278294998 6541291.812369529 -102.28844160000048
v -553716.4495239881 6541291.455386243 -102.28844160000048
v -553716.544424598 6541291.090579941 -102.28844160000048
v -553716.6393252261 6541290.725773582 -102.28844160000048
v -553716.7361908678 6541290.361540843 -102.28844160000048
v -553716.8349444061 6541289.997859423 -102.28844160000048
v -553716.9336979132 6541289.634178101 -102.28844160000048
v -553717.0734006044 6541289.282452636 -102.28844160000048
v -553717.220097945 6541288.932769299 -102.28844160000048
v -553717.366795268 6541288.583086064 -102.28844160000048
v -553717.2973207055 6541288.170287057 -102.28844160000048
v -553717.4387497933 6541287.81906565 -102.28844160000048
v -553717.5785194259 6541287.467359624 -102.28844160000048
v -553717.7189048204 6541287.11583349 -102.28844160000048
v -553717.8545973162 6541286.762937275 -102.28844160000048
v -553717.9738317538 6541286.405235678 -102.28844160000048
v -553718.017421985 6541286.025448074 -102.28844160000048
v -553718.1727937926 6541285.678297644 -102.28844160000048
v -553718.3402089152 6541285.3346634 -102.28844160000048
v -553718.5075895985 6541284.991018995 -102.28844160000048
v -553718.6595257294 6541284.642865338 -102.28844160000048
v -553718.7978068887 6541284.290724937 -102.28844160000048
v -553718.9365405642 6541283.9387165485 -102.28844160000048
v -553719.0754731025 6541283.586766115 -102.28844160000048
v -553719.2137506328 6541283.234624547 -102.28844160000048
v -553719.3398984096 6541282.878941552 -102.28844160000048
v -553719.4660461993 6541282.523258498 -102.28844160000048
v -553719.5907169682 6541282.167143999 -102.28844160000048
v -553719.7131839932 6541281.810386224 -102.28844160000048
v -553719.8356509937 6541281.453628549 -102.28844160000048
v -553719.9829993828 6541281.104135406 -102.28844160000048
v -553720.1386642775 6541280.757070333 -102.28844160000048
v -553720.2979164125 6541280.411052736 -102.28844160000048
v -553720.4814341343 6541280.07212009 -102.28844160000048
v -553720.664951864 6541279.733187338 -102.28844160000048
v -553720.8449014686 6541279.393212691 -102.28844160000048
v -553721.0217328423 6541279.05232772 -102.28844160000048
v -553721.1985642065 6541278.711442852 -102.28844160000048
v -553721.3641082442 6541278.367262307 -102.28844160000048
v -553721.5287993196 6541278.022832614 -102.28844160000048
v -553721.6948250332 6541277.678792813 -102.28844160000048
v -553721.8638243922 6541277.33562112 -102.28844160000048
v -553722.041838661 6541276.995081412 -102.28844160000048
v -553722.2044667625 6541276.650049499 -102.28844160000048
v -553722.377269048 6541276.307988258 -102.28844160000048
v -553722.5490778676 6541275.965636847 -102.28844160000048
v -553722.7102240789 6541275.620172158 -102.28844160000048
v -553722.8713702762 6541275.274707572 -102.28844160000048
v -553722.9950263393 6541274.918297069 -102.28844160000048
v -553723.1245188481 6541274.563590529 -102.28844160000048
v -553723.2771772695 6541274.215647654 -102.28844160000048
v -553723.4298356745 6541273.86770488 -102.28844160000048
v -553723.5646693927 6541273.514557927 -102.28844160000048
v -553723.7079011548 6541273.163862894 -102.28844160000048
v -553723.8402512015 6541272.809990521 -102.28844160000048
v -553723.9932013334 6541272.462132923 -102.28844160000048
v -553724.1461514493 6541272.1142754285 -102.28844160000048
v -553724.3289188038 6541271.775123589 -102.28844160000048
v -553724.529607003 6541271.441204006 -102.28844160000048
v -553724.7077229857 6541271.100694102 -102.28844160000048
v -553724.8858389591 6541270.760184303 -102.28844160000048
v -553725.1066833242 6541270.432149839 -102.28844160000048
v -553725.3649163638 6541270.11503167 -102.28844160000048
v -553725.6755041557 6541269.813199667 -102.28844160000048
v -553726.1248845472 6541269.551891159 -102.28844160000048
v -553726.472598927 6541269.260899036 -102.28844160000048
v -553726.6827547882 6541268.929743735 -102.28844160000048
v -553726.8929106491 6541268.598588647 -102.28844160000048
v -553727.0632985714 6541268.255822375 -102.28844160000048
v -553727.2279906387 6541267.911392973 -102.28844160000048
v -553727.2494456528 6541267.52514264 -102.28844160000048
v -553727.2257311281 6541267.125704227 -102.28844160000048
v -553727.1939052003 6541266.723897413 -102.28844160000048
v -553727.3599329097 6541266.37985798 -102.28844160000048
v -553727.5259606066 6541266.035818649 -102.28844160000048
v -553727.6849841013 6541265.689734404 -102.28844160000048
v -553727.840510394 6541265.342628969 -102.28844160000048
v -553727.9959219415 6541264.995489926 -102.28844160000048
v -553728.1480435418 6541264.647390422 -102.28844160000048
v -553728.2219180806 6541264.276445167 -102.28844160000048
v -553728.1064565557 6541263.850219246 -102.28844160000048
v -553727.8841274278 6541263.392790908 -102.28844160000048
v -553727.587707722 6541262.913730436 -102.28844160000048
v -553727.227110434 6541262.415932091 -102.28844160000048
v -553727.0556049562 6541261.973342926 -102.28844160000048
v -553727.1828943387 6541261.617993032 -102.28844160000048
v -553727.2775831351 6541261.253124826 -102.28844160000048
v -553726.9904785403 6541260.776784201 -102.28844160000048
v -553726.8024113459 6541260.329359499 -102.28844160000048
v -553726.4212075588 6541259.825544443 -102.28844160000048
v -553726.3640592197 6541259.416344333 -102.28844160000048
v -553726.3741920686 6541259.026788258 -102.28844160000048
v -553726.4260393844 6541258.649411482 -102.28844160000048
v -553726.4964933026 6541258.277467398 -102.28844160000048
v -553726.6444332986 6541257.928147095 -102.28844160000048
v -553726.7909276873 6541257.578404608 -102.28844160000048
v -553726.9283283827 6541257.226006921 -102.28844160000048
v -553726.7125561041 6541256.770493144 -102.28844160000048
v -553725.7695313009 6541256.102642968 -102.28844160000048
v -553725.6864617654 6541255.685874517 -102.28844160000048
v -553725.5438912273 6541255.251733403 -102.28844160000048
v -553725.4303548408 6541254.826069522 -102.28844160000048
v -553725.2476143731 6541254.380200177 -102.28844160000048
v -553724.9149626533 6541253.890561014 -102.28844160000048
v -553724.4735458741 6541253.369165521 -102.28844160000048
v -553724.0346880833 6541252.848517287 -102.28844160000048
v -553723.5976577 6541252.328402712 -102.28844160000048
v -553723.1616699809 6541251.8085925 -102.28844160000048
v -553722.7841520989 6541251.305853572 -102.28844160000048
v -553722.582187167 6541250.854371137 -102.28844160000048
v -553722.3617025631 6541250.397481608 -102.28844160000048
v -553722.0233347735 6541249.90617352 -102.28844160000048
v -553721.6401132188 6541249.401769332 -102.28844160000048
v -553721.3581814754 6541248.926939033 -102.28844160000048
v -553721.2842509618 6541248.512838909 -102.28844160000048
v -553720.289186665 6541247.829794502 -102.28844160000048
v -553720.0256406076 6541247.360332175 -102.28844160000048
v -553719.608937967 6541246.84615271 -102.28844160000048
v -553719.1661227103 6541246.32434901 -102.28844160000048
v -553719.3000694179 6541245.970942856 -102.28844160000048
v -553719.5256660517 6541245.644295916 -102.28844160000048
v -553719.5256660517 6541245.644295916 -102.28844160000048
v -553719.5256660517 6541245.644295916 -102.28844160000048
v -553719.5256660517 6541245.644295916 -102.28844160000048
v -553719.5256660517 6541245.644295916 -102.28844160000048
v -553719.5256660517 6541245.644295916 -102.28844160000048
v -553719.5256660517 6541245.644295916 -102.28844160000048
v -553719.5256660517 6541245.644295916 -102.28844160000048
v -553719.5256660517 6541245.644295916 -102.28844160000048
v -553719.5256660517 6541245.644295916 -102.28844160000048
v -553719.5256660517 6541245.644295916 -102.28844160000048
v -553719.5256660517 6541245.644295916 -102.28844160000048
v -553719.5256660517 6541245.644295916 -102.28844160000048
v -553719.5256660517 6541245.644295916 -102.28844160000048
v -553719.5256660517 6541245.644295916 -102.28844160000048
v -553719.5256660517 6541245.644295916 -102.28844160000048
v -553719.5256660517 6541245.644295916 -102.28844160000048
v -553719.5256660517 6541245.644295916 -102.28844160000048
v -553719.5256660517 6541245.644295916 -102.28844160000048
v -553719.5256660517 6541245.644295916 -102.28844160000048
v -553719.5256660517 6541245.644295916 -102.28844160000048
v -553719.5256660517 6541245.644295916 -102.28844160000048
v -553719.5256660517 6541245.644295916 -102.28844160000048
v -553719.5256660517 6541245.644295916 -102.28844160000048
v -553719.5256660517 6541245.644295916 -102.28844160000048
v -553719.5256660517 6541245.644295916 -102.28844160000048
v -553719.5256660517 6541245.644295916 -102.28844160000048
v -553719.5256660517 6541245.644295916 -102.28844160000048
v -553719.5256660517 6541245.644295916 -102.28844160000048
v -553719.5256660517 6541245.644295916 -102.28844160000048
v -553719.5256660517 6541245.644295916 -102.28844160000048
v -553719.5256660517 6541245.644295916 -102.28844160000048
v -553719.5256660517 6541245.644295916 -102.28844160000048
v -553719.5256660517 6541245.644295916 -102.28844160000048
v -553719.5256660517 6541245.644295916 -102.28844160000048
v -553719.5256660517 6541245.644295916 -102.28844160000048
v -553719.5256660517 6541245.644295916 -102.28844160000048
v -553719.5256660517 6541245.644295916 -102.28844160000048
v -553719.5256660517 6541245.644295916 -102.28844160000048
v -553719.5256660517 6541245.644295916 -102.28844160000048
v -553719.5256660517 6541245.644295916 -102.28844160000048
v -553719.5256660517 6541245.644295916 -102.28844160000048
v -553719.5256660517 6541245.644295916 -102.28844160000048
v -553719.5256660517 6541245.644295916 -102.28844160000048
v -553719.5256660517 6541245.644295916 -102.28844160000048
v -553719.5256660517 6541245.644295916 -102.28844160000048
v -553719.5256660517 6541245.644295916 -102.28844160000048
v -553719.5256660517 6541245.644295916 -102.28844160000048
v -553719.5256660517 6541245.644295916 -102.28844160000048
v -553719.5256660517 6541245.644295916 -102.28844160000048
v -553719.5256660517 6541245.644295916 -102.28844160000048
v -553719.5256660517 6541245.644295916 -102.28844160000048
v -553719.5256660517 6541245.644295916 -102.28844160000048
v -553719.5256660517 6541245.644295916 -102.28844160000048
v -553719.5256660517 6541245.644295916 -102.28844160000048
v -553719.5256660517 6541245.644295916 -102.28844160000048
v -553719.5256660517 6541245.644295916 -102.28844160000048
v -553719.5256660517 6541245.644295916 -102.28844160000048
v -553719.5256660517 6541245.644295916 -102.28844160000048
v -553719.5256660517 6541245.644295916 -102.28844160000048
v -553719.5256660517 6541245.644295916 -102.28844160000048
v -553719.5256660517 6541245.644295916 -102.28844160000048
v -553719.5256660517 6541245.644295916 -102.28844160000048
v -553719.5256660517 6541245.644295916 -102.28844160000048
v -553719.5256660517 6541245.644295916 -102.28844160000048
v -553719.5256660517 6541245.644295916 -102.28844160000048
v -553719.5256660517 6541245.644295916 -102.28844160000048
v -553719.5256660517 6541245.644295916 -102.28844160000048
v -553719.5256660517 6541245.644295916 -102.28844160000048
v -553719.5256660517 6541245.644295916 -102.28844160000048
v -553719.5256660517 6541245.644295916 -102.28844160000048
v -553719.5256660517 6541245.644295916 -102.28844160000048
v -553719.5256660517 6541245.644295916 -102.28844160000048
v -553719.5256660517 6541245.644295916 -102.28844160000048
v -553719.5256660517 6541245.644295916 -102.28844160000048
v -553719.5256660517 6541245.644295916 -102.28844160000048
v -553719.5256660517 6541245.644295916 -102.28844160000048
v -553719.5256660517 6541245.644295916 -102.28844160000048
v -553719.5256660517 6541245.644295916 -102.28844160000048
v -553719.5256660517 6541245.644295916 -102.28844160000048
v -553719.5256660517 6541245.644295916 -102.28844160000048
v -553719.5256660517 6541245.644295916 -102.28844160000048
v -553719.5256660517 6541245.644295916 -102.28844160000048
v -553719.5256660517 6541245.644295916 -102.28844160000048
v -553719.5256660517 6541245.644295916 -102.28844160000048
v -553719.5256660517 6541245.644295916 -102.28844160000048
v -553719.5256660517 6541245.644295916 -102.28844160000048
v -553719.5256660517 6541245.644295916 -102.28844160000048
v -553719.5256660517 6541245.644295916 -102.28844160000048
v -553719.5256660517 6541245.644295916 -102.28844160000048
v -553719.5256660517 6541245.644295916 -102.28844160000048
v -553719.5256660517 6541245.644295916 -102.28844160000048
v -553719.5256660517 6541245.644295916 -102.28844160000048
v -553719.5256660517 6541245.644295916 -102.28844160000048
v -553719.5256660517 6541245.644295916 -102.28844160000048
v -553719.5256660517 6541245.644295916 -102.28844160000048
v -553719.5256660517 6541245.644295916 -102.28844160000048
v -553719.5256660517 6541245.644295916 -102.28844160000048
v -553719.5256660517 6541245.644295916 -102.28844160000048
v -553719.5256660517 6541245.644295916 -102.28844160000048
v -553719.5256660517 6541245.644295916 -102.28844160000048
v -553719.5256660517 6541245.644295916 -102.28844160000048
v -553719.5256660517 6541245.644295916 -102.28844160000048
v -553719.5256660517 6541245.644295916 -102.28844160000048
v -553719.5256660517 6541245.644295916 -102.28844160000048
v -553719.5256660517 6541245.644295916 -102.28844160000048
v -553719.5256660517 6541245.644295916 -102.28844160000048
v -553719.5256660517 6541245.644295916 -102.28844160000048
v -553719.5256660517 6541245.644295916 -102.28844160000048
v -553719.5256660517 6541245.644295916 -102.28844160000048
v -553719.5256660517 6541245.644295916 -102.28844160000048
v -553719.5256660517 6541245.644295916 -102.28844160000048
v -553719.5256660517 6541245.644295916 -102.28844160000048
v -553719.5256660517 6541245.644295916 -102.28844160000048
v -553719.5256660517 6541245.644295916 -102.28844160000048
v -553719.5256660517 6541245.644295916 -102.28844160000048
v -553719.5256660517 6541245.644295916 -102.28844160000048
v -553719.5256660517 6541245.644295916 -102.28844160000048
v -553719.5256660517 6541245.644295916 -102.28844160000048
v -553719.5256660517 6541245.644295916 -102.28844160000048
v -553719.5256660517 6541245.644295916 -102.28844160000048
v -553719.5256660517 6541245.644295916 -102.28844160000048
v -553719.5256660517 6541245.644295916 -102.28844160000048
v -553719.5256660517 6541245.644295916 -102.28844160000048
v -553719.5256660517 6541245.644295916 -102.28844160000048
v -553719.5256660517 6541245.644295916 -102.28844160000048
v -553719.5256660517 6541245.644295916 -102.28844160000048
v -553719.5256660517 6541245.644295916 -102.28844160000048
v -553719.5256660517 6541245.644295916 -102.28844160000048
v -553719.5256660517 6541245.644295916 -102.28844160000048
v -553719.5256660517 6541245.644295916 -102.28844160000048
v -553719.5256660517 6541245.644295916 -102.28844160000048
v -553719.5256660517 6541245.644295916 -102.28844160000048
v -553719.5256660517 6541245.644295916 -102.28844160000048
v -553719.5256660517 6541245.644295916 -102.28844160000048
v -553719.5256660517 6541245.644295916 -102.28844160000048
v -553719.5256660517 6541245.644295916 -102.28844160000048
v -553719.5256660517 6541245.644295916 -102.28844160000048
v -553719.5256660517 6541245.644295916 -102.28844160000048
v -553719.5256660517 6541245.644295916 -102.28844160000048
v -553719.5256660517 6541245.644295916 -102.28844160000048
v -553719.5256660517 6541245.644295916 -102.28844160000048
v -553719.5256660517 6541245.644295916 -102.28844160000048
v -553719.5256660517 6541245.644295916 -102.28844160000048
v -553719.5256660517 6541245.644295916 -102.28844160000048
v -553719.5256660517 6541245.644295916 -102.28844160000048
v -553719.5256660517 6541245.644295916 -102.28844160000048
v -553719.5256660517 6541245.644295916 -102.28844160000048
v -553719.5256660517 6541245.644295916 -102.28844160000048
v -553719.5256660517 6541245.644295916 -102.28844160000048
v -553719.5256660517 6541245.644295916 -102.28844160000048
v -553719.5256660517 6541245.644295916 -102.28844160000048
v -553719.5256660517 6541245.644295916 -102.28844160000048
v -553719.5256660517 6541245.644295916 -102.28844160000048
v -553719.5256660517 6541245.644295916 -102.28844160000048
v -553719.5256660517 6541245.644295916 -102.28844160000048
v -553719.5256660517 6541245.644295916 -102.28844160000048
v -553719.5256660517 6541245.644295916 -102.28844160000048
v -553719.5256660517 6541245.644295916 -102.28844160000048
v -553719.5256660517 6541245.644295916 -102.28844160000048
v -553719.5256660517 6541245.644295916 -102.28844160000048
v -553719.5256660517 6541245.644295916 -102.28844160000048
v -553719.5256660517 6541245.644295916 -102.28844160000048
v -553719.5256660517 6541245.644295916 -102.28844160000048
v -553719.5256660517 6541245.644295916 -102.28844160000048
v -553719.5256660517 6541245.644295916 -102.28844160000048
v -553719.5256660517 6541245.644295916 -102.28844160000048
v -553719.5256660517 6541245.644295916 -102.28844160000048
v -553719.5256660517 6541245.644295916 -102.28844160000048
v -553719.5256660517 6541245.644295916 -102.28844160000048
v -553719.5256660517 6541245.644295916 -102.28844160000048
v -553719.5256660517 6541245.644295916 -102.28844160000048
v -553719.5256660517 6541245.644295916 -102.28844160000048
v -553719.5256660517 6541245.644295916 -102.28844160000048
v -553719.5256660517 6541245.644295916 -102.28844160000048
v -553719.5256660517 6541245.644295916 -102.28844160000048
v -553719.5256660517 6541245.644295916 -102.28844160000048
v -553719.5256660517 6541245.644295916 -102.28844160000048
v -553719.5256660517 6541245.644295916 -102.28844160000048
v -553719.5256660517 6541245.644295916 -102.28844160000048
v -553719.5256660517 6541245.644295916 -102.28844160000048
v -553719.5256660517 6541245.644295916 -102.28844160000048
v -553719.5256660517 6541245.644295916 -102.28844160000048
v -553719.5256660517 6541245.644295916 -102.28844160000048
v -553719.5256660517 6541245.644295916 -102.28844160000048
v -553719.5256660517 6541245.644295916 -102.28844160000048
v -553719.5256660517 6541245.644295916 -102.28844160000048
v -553719.5256660517 6541245.644295916 -102.28844160000048
v -553719.5256660517 6541245.644295916 -102.28844160000048
v -553719.5256660517 6541245.644295916 -102.28844160000048
v -553719.5256660517 6541245.644295916 -102.28844160000048
v -553719.5256660517 6541245.644295916 -102.28844160000048
v -553719.5256660517 6541245.644295916 -102.28844160000048
v -553719.5256660517 6541245.644295916 -102.28844160000048
v -553719.5256660517 6541245.644295916 -102.28844160000048
v -553719.5256660517 6541245.644295916 -102.28844160000048
v -553719.5256660517 6541245.644295916 -102.28844160000048
v -553719.5256660517 6541245.644295916 -102.28844160000048
v -553719.5256660517 6541245.644295916 -102.28844160000048
v -553719.5256660517 6541245.644295916 -102.28844160000048
v -553719.5256660517 6541245.644295916 -102.28844160000048
v -553719.5256660517 6541245.644295916 -102.28844160000048
v -553719.5256660517 6541245.644295916 -102.28844160000048
v -553719.5256660517 6541245.644295916 -102.28844160000048
v -553719.5256660517 6541245.644295916 -102.28844160000048
v -553719.5256660517 6541245.644295916 -102.28844160000048
v -553719.5256660517 6541245.644295916 -102.28844160000048
v -553719.5256660517 6541245.644295916 -102.28844160000048
v -553719.5256660517 6541245.644295916 -102.28844160000048
v -553719.5256660517 6541245.644295916 -102.28844160000048
v -553719.5256660517 6541245.644295916 -102.28844160000048
v -553719.5256660517 6541245.644295916 -102.28844160000048
v -553719.5256660517 6541245.644295916 -102.28844160000048
v -553719.5256660517 6541245.644295916 -102.28844160000048
v -553719.5256660517 6541245.644295916 -102.28844160000048
v -553719.5256660517 6541245.644295916 -102.28844160000048
v -553719.5256660517 6541245.644295916 -102.28844160000048
v -553719.5256660517 6541245.644295916 -102.28844160000048
v -553719.5256660517 6541245.644295916 -102.28844160000048
v -553719.5256660517 6541245.644295916 -102.28844160000048
v -553719.5256660517 6541245.644295916 -102.28844160000048
v -553719.5256660517 6541245.644295916 -102.28844160000048
v -553719.5256660517 6541245.644295916 -102.28844160000048
v -553719.5256660517 6541245.644295916 -102.28844160000048
v -553719.5256660517 6541245.644295916 -102.28844160000048
v -553719.5256660517 6541245.644295916 -102.28844160000048
v -553719.5256660517 6541245.644295916 -102.28844160000048
v -553657.9154901936 6541295.560943974 -102.39451200000047
v -553657.9484842243 6541295.17806277 -102.39451200000047
v -553657.9774808665 6541294.794014371 -102.39451200000047
v -553658.0426984099 6541294.420541291 -102.39451200000047
v -553658.1333215449 6541294.05448603 -102.39451200000047
v -553658.1503023464 6541293.666929485 -102.39451200000047
v -553658.0856410576 6541293.255535705 -102.39451200000047
v -553657.8819028786 6541292.803535406 -102.39451200000047
v -553657.8244397301 6541292.394243273 -102.39451200000047
v -553657.6284910111 6541291.944517525 -102.39451200000047
v -553657.2357072306 6541291.437321556 -102.39451200000047
v -553657.0509419856 6541290.990860798 -102.39451200000047
v -553656.9110585845 6541290.557504358 -102.39451200000047
v -553656.9245975405 6541290.168942896 -102.39451200000047
v -553656.9381365612 6541289.780381323 -102.39451200000047
v -553656.9612093159 6541289.394603194 -102.39451200000047
v -553656.9927912605 6541289.011309628 -102.39451200000047
v -553657.0214625841 6541288.627166376 -102.39451200000047
v -553657.0056565747 6541288.230036912 -102.39451200000047
v -553656.9895289582 6541287.8328134185 -102.39451200000047
v -553657.0044759182 6541287.444662923 -102.39451200000047
v -553657.0389166073 6541287.062204157 -102.39451200000047
v -553657.0744804725 6541286.680073196 -102.39451200000047
v -553657.1356796733 6541286.305426876 -102.39451200000047
v -553657.1967563567 6541285.930745043 -102.39451200000047
v -553657.2593030912 6541285.556492291 -102.39451200000047
v -553657.3300637132 6541285.184637628 -102.39451200000047
v -553657.4008242692 6541284.812783129 -102.39451200000047
v -553657.4756344059 6541284.442111008 -102.39451200000047
v -553657.5521635083 6541284.0719407 -102.39451200000047
v -553657.6286515653 6541283.701758279 -102.39451200000047
v -553657.7277479274 6541283.338176954 -102.39451200000047
v -553657.8268442524 6541282.974595746 -102.39451200000047
v -553657.9254470795 6541282.610870321 -102.39451200000047
v -553658.0235069565 6541282.246986243 -102.39451200000047
v -553658.1215667966 6541281.883102282 -102.39451200000047
v -553658.2349299747 6541281.523686579 -102.39451200000047
v -553658.3551221678 6541281.16626462 -102.39451200000047
v -553658.475140916 6541280.80879189 -102.39451200000047
v -553658.5933357769 6541280.450786768 -102.39451200000047
v -553658.7115306071 6541280.092781766 -102.39451200000047
v -553658.8315779262 6541279.735317508 -102.39451200000047
v -553658.9585939923 6541279.37988779 -102.39451200000047
v -553659.0856100309 6541279.024458195 -102.39451200000047
v -553659.2386632141 6541278.676630815 -102.39451200000047
v -553659.3990065205 6541278.330931808 -102.39451200000047
v -553659.5594865462 6541277.98527259 -102.39451200000047
v -553659.7217944879 6541277.640147329 -102.39451200000047
v -553659.889897412 6541277.2967139045 -102.39451200000047
v -553660.0605056022 6541276.954011816 -102.39451200000047
v -553660.2218687125 6541276.608610562 -102.39451200000047
v -553660.3806310041 6541276.262450075 -102.39451200000047
v -553660.5704536582 6541275.925358176 -102.39451200000047
v -553660.7779768817 6541275.5934342 -102.39451200000047
v -553660.9797646094 6541275.2598358095 -102.39451200000047
v -553661.1851072223 6541274.9272753615 -102.39451200000047
v -553661.385463042 6541274.59325884 -102.39451200000047
v -553661.5663129855 6541274.2535470445 -102.39451200000047
v -553661.7448656847 6541273.913164649 -102.39451200000047
v -553661.9250437529 6541273.573256943 -102.39451200000047
v -553662.1167988769 6541273.23672927 -102.39451200000047
v -553662.313951004 6541272.901777236 -102.39451200000047
v -553662.5164476869 6541272.568385785 -102.39451200000047
v -553662.7265456611 6541272.237213818 -102.39451200000047
v -553662.9383759331 6541271.906547502 -102.39451200000047
v -553663.1355293795 6541271.571595853 -102.39451200000047
v -553663.314428257 6541271.231314532 -102.39451200000047
v -553663.488543798 6541270.889636745 -102.39451200000047
v -553663.681825797 6541270.553554874 -102.39451200000047
v -553663.8984535183 6541270.224289145 -102.39451200000047
v -553664.138736737 6541269.901930389 -102.39451200000047
v -553664.4090674899 6541269.588344505 -102.39451200000047
v -553664.6440870494 6541269.264448657 -102.39451200000047
v -553664.8543498034 6541268.933324671 -102.39451200000047
v -553665.0670931559 6541268.602925077 -102.39451200000047
v -553665.294513408 6541268.27681058 -102.39451200000047
v -553665.5279329942 6541267.952447587 -102.39451200000047
v -553665.8152395162 6541267.643818133 -102.39451200000047
v -553666.1067216669 6541267.336407969 -102.39451200000047
v -553666.368102936 6541267.020209151 -102.39451200000047
v -553666.6003582405 6541266.695506167 -102.39451200000047
v -553666.8394116862 6541266.372788223 -102.39451200000047
v -553667.10608448 6541266.058134452 -102.39451200000047
v -553667.3915839645 6541265.748977395 -102.39451200000047
v -553667.7022991241 6541265.447182452 -102.39451200000047
v -553668.0096292711 6541265.144399312 -102.39451200000047
v -553668.2685760489 6541264.827489769 -102.39451200000047
v -553668.5216890094 6541264.508876793 -102.39451200000047
v -553668.7937087178 6541264.1957839085 -102.39451200000047
v -553669.069174184 6541263.883697212 -102.39451200000047
v -553669.3966853594 6541263.586806471 -102.39451200000047
v -553669.7121819201 6541263.286407685 -102.39451200000047
v -553669.9527898491 6541262.964143478 -102.39451200000047
v -553670.1897501254 6541262.640814518 -102.39451200000047
v -553670.4492621243 6541262.324069873 -102.39451200000047
v -553670.7319453186 6541262.014090416 -102.39451200000047
v -553671.0306442812 6541261.708787222 -102.39451200000047
v -553671.3347441596 6541261.405061065 -102.39451200000047
v -553671.6378904536 6541261.101056362 -102.39451200000047
v -553671.8719577999 6541260.776882497 -102.39451200000047
v -553672.1151857796 6541260.455383395 -102.39451200000047
v -553672.3891251374 6541260.142851247 -102.39451200000047
v -553672.7160579059 6541259.845791499 -102.39451200000047
v -553673.0381442205 6541259.547316603 -102.39451200000047
v -553673.3230886002 6541259.237997472 -102.39451200000047
v -553673.604546213 6541258.9276604345 -102.39451200000047
v -553673.9291702238 6541258.629926651 -102.39451200000047
v -553674.2705653545 6541258.337089312 -102.39451200000047
v -553674.6257927219 6541258.048290763 -102.39451200000047
v -553674.9788844448 6541257.758868793 -102.39451200000047
v -553675.307454467 6541257.462287076 -102.39451200000047
v -553675.6211473106 6541257.161361532 -102.39451200000047
v -553675.9681827836 6541256.870171188 -102.39451200000047
v -553676.3832946206 6541256.598857282 -102.39451200000047
v -553676.7928134124 6541256.325910242 -102.39451200000047
v -553677.1298827827 6541256.031809962 -102.39451200000047
v -553677.4298517252 6541255.7268775655 -102.39451200000047
v -553677.7389042298 6541255.424597429 -102.39451200000047
v -553678.0505769079 6541255.1230821805 -102.39451200000047
v -553678.3794735855 6541254.826595713 -102.39451200000047
v -553678.6807165872 6541254.52203543 -102.39451200000047
v -553678.9793209467 6541254.216704614 -102.39451200000047
v -553679.2717921159 6541253.909582962 -102.39451200000047
v -553679.5660556034 6541253.60298474 -102.39451200000047
v -553679.8900331095 6541253.305062267 -102.39451200000047
v -553680.2265555654 6541253.010802428 -102.39451200000047
v -553680.5281147464 6541252.70633421 -102.39451200000047
v -553680.7762942823 6541252.386280819 -102.39451200000047
v -553681.0262702327 6541252.066752053 -102.39451200000047
v -553681.3097722803 6541251.757011803 -102.39451200000047
v -553681.6193286907 6541251.454878543 -102.39451200000047
v -553681.9039787592 6541251.145473482 -102.39451200000047
v -553682.177190601 6541250.832728918 -102.39451200000047
v -553682.4418607865 6541250.517490367 -102.39451200000047
v -553682.6835706829 6541250.195547852 -102.39451200000047
v -553682.927432126 6541249.874233704 -102.39451200000047
v -553683.2165319487 6541249.566127965 -102.39451200000047
v -553683.5128723739 6541249.260136147 -102.39451200000047
v -553683.8112786507 6541248.954747374 -102.39451200000047
v -553684.1095729317 6541248.649326025 -102.39451200000047
v -553684.3767612505 6541248.334822767 -102.39451200000047
v -553684.6771949573 6541248.030026067 -102.39451200000047
v -553684.9413460916 6541247.714635792 -102.39451200000047
v -553685.2218422004 6541247.40401802 -102.39451200000047
v -553685.5025497397 6541247.093461855 -102.39451200000047
v -553685.7801115578 6541246.781987109 -102.39451200000047
v -553686.0650463664 6541246.472665185 -102.39451200000047
v -553686.3438446276 6541246.161551691 -102.39451200000047
v -553686.5945026992 6541245.842221959 -102.39451200000047
v -553686.8451607586 6541245.522892101 -102.39451200000047
v -553687.0822665457 6541245.1996054975 -102.39451200000047
v -553687.3146974149 6541244.874954078 -102.39451200000047
v -553687.5212509758 6541244.542747117 -102.39451200000047
v -553687.6125764116 6541244.176896784 -102.39451200000047
v -553687.5905835346 6541243.777960935 -102.39451200000047
v -553687.6252191394 6541243.3955590725 -102.39451200000047
v -553687.6096972617 6541242.998512566 -102.39451200000047
v -553687.3910128351 6541242.542148403 -102.39451200000047
v -553686.960722066 6541242.024001489 -102.39451200000047
v -553686.2601308486 6541241.426934858 -102.39451200000047
v -553686.2601308486 6541241.426934858 -102.39451200000047
v -553686.2601308486 6541241.426934858 -102.39451200000047
v -553686.2601308486 6541241.426934858 -102.39451200000047
v -553686.2601308486 6541241.426934858 -102.39451200000047
v -553686.2601308486 6541241.426934858 -102.39451200000047
v -553686.2601308486 6541241.426934858 -102.39451200000047
v -553686.2601308486 6541241.426934858 -102.39451200000047
v -553686.2601308486 6541241.426934858 -102.39451200000047
v -553686.2601308486 6541241.426934858 -102.39451200000047
v -553686.2601308486 6541241.426934858 -102.39451200000047
v -553686.2601308486 6541241.426934858 -102.39451200000047
v -553686.2601308486 6541241.426934858 -102.39451200000047
v -553686.2601308486 6541241.426934858 -102.39451200000047
v -553686.2601308486 6541241.426934858 -102.39451200000047
v -553686.2601308486 6541241.426934858 -102.39451200000047
v -553686.2601308486 6541241.426934858 -102.39451200000047
v -553686.2601308486 6541241.426934858 -102.39451200000047
v -553686.2601308486 6541241.426934858 -102.39451200000047
v -553686.2601308486 6541241.426934858 -102.39451200000047
v -553686.2601308486 6541241.426934858 -102.39451200000047
v -553686.2601308486 6541241.426934858 -102.39451200000047
v -553686.2601308486 6541241.426934858 -102.39451200000047
v -553686.2601308486 6541241.426934858 -102.39451200000047
v -553686.2601308486 6541241.426934858 -102.39451200000047
v -553686.2601308486 6541241.426934858 -102.39451200000047
v -553686.2601308486 6541241.426934858 -102.39451200000047
v -553686.2601308486 6541241.426934858 -102.39451200000047
v -553686.2601308486 6541241.426934858 -102.39451200000047
v -553686.2601308486 6541241.426934858 -102.39451200000047
v -553686.2601308486 6541241.426934858 -102.39451200000047
v -553686.2601308486 6541241.426934858 -102.39451200000047
v -553686.2601308486 6541241.426934858 -102.39451200000047
v -553686.2601308486 6541241.426934858 -102.39451200000047
v -553686.2601308486 6541241.426934858 -102.39451200000047
v -553686.2601308486 6541241.426934858 -102.39451200000047
v -553686.2601308486 6541241.426934858 -102.39451200000047
v -553686.2601308486 6541241.426934858 -102.39451200000047
v -553686.2601308486 6541241.426934858 -102.39451200000047
v -553686.2601308486 6541241.426934858 -102.39451200000047
v -553686.2601308486 6541241.426934858 -102.39451200000047
v -553686.2601308486 6541241.426934858 -102.39451200000047
v -553686.2601308486 6541241.426934858 -102.39451200000047
v -553686.2601308486 6541241.426934858 -102.39451200000047
v -553686.2601308486 6541241.426934858 -102.39451200000047
v -553686.2601308486 6541241.426934858 -102.39451200000047
v -553686.2601308486 6541241.426934858 -102.39451200000047
v -553686.2601308486 6541241.426934858 -102.39451200000047
v -553686.2601308486 6541241.426934858 -102.39451200000047
v -553686.2601308486 6541241.426934858 -102.39451200000047
v -553686.2601308486 6541241.426934858 -102.39451200000047
v -553686.2601308486 6541241.426934858 -102.39451200000047
v -553686.2601308486 6541241.426934858 -102.39451200000047
v -553686.2601308486 6541241.426934858 -102.39451200000047
v -553686.2601308486 6541241.426934858 -102.39451200000047
v -553686.2601308486 6541241.426934858 -102.39451200000047
v -553686.2601308486 6541241.426934858 -102.39451200000047
v -553686.2601308486 6541241.426934858 -102.39451200000047
v -553686.2601308486 6541241.426934858 -102.39451200000047
v -553686.2601308486 6541241.426934858 -102.39451200000047
v -553686.2601308486 6541241.426934858 -102.39451200000047
v -553686.2601308486 6541241.426934858 -102.39451200000047
v -553686.2601308486 6541241.426934858 -102.39451200000047
v -553686.2601308486 6541241.426934858 -102.39451200000047
v -553686.2601308486 6541241.426934858 -102.39451200000047
v -553686.2601308486 6541241.426934858 -102.39451200000047
v -553686.2601308486 6541241.426934858 -102.39451200000047
v -553686.2601308486 6541241.426934858 -102.39451200000047
v -553686.2601308486 6541241.426934858 -102.39451200000047
v -553686.2601308486 6541241.426934858 -102.39451200000047
v -553686.2601308486 6541241.426934858 -102.39451200000047
v -553686.2601308486 6541241.426934858 -102.39451200000047
v -553686.2601308486 6541241.426934858 -102.39451200000047
v -553686.2601308486 6541241.426934858 -102.39451200000047
v -553686.2601308486 6541241.426934858 -102.39451200000047
v -553686.2601308486 6541241.426934858 -102.39451200000047
v -553686.2601308486 6541241.426934858 -102.39451200000047
v -553686.2601308486 6541241.426934858 -102.39451200000047
v -553686.2601308486 6541241.426934858 -102.39451200000047
v -553686.2601308486 6541241.426934858 -102.39451200000047
v -553686.2601308486 6541241.426934858 -102.39451200000047
v -553686.2601308486 6541241.426934858 -102.39451200000047
v -553686.2601308486 6541241.426934858 -102.39451200000047
v -553686.2601308486 6541241.426934858 -102.39451200000047
v -553686.2601308486 6541241.426934858 -102.39451200000047
v -553686.2601308486 6541241.426934858 -102.39451200000047
v -553686.2601308486 6541241.426934858 -102.39451200000047
v -553686.2601308486 6541241.426934858 -102.39451200000047
v -553686.2601308486 6541241.426934858 -102.39451200000047
v -553686.2601308486 6541241.426934858 -102.39451200000047
v -553686.2601308486 6541241.426934858 -102.39451200000047
v -553686.2601308486 6541241.426934858 -102.39451200000047
v -553686.2601308486 6541241.426934858 -102.39451200000047
v -553686.2601308486 6541241.426934858 -102.39451200000047
v -553686.2601308486 6541241.426934858 -102.39451200000047
v -553686.2601308486 6541241.426934858 -102.39451200000047
v -553686.2601308486 6541241.426934858 -102.39451200000047
v -553686.2601308486 6541241.426934858 -102.39451200000047
v -553686.2601308486 6541241.426934858 -102.39451200000047
v -553686.2601308486 6541241.426934858 -102.39451200000047
v -553686.2601308486 6541241.426934858 -102.39451200000047
v -553686.2601308486 6541241.426934858 -102.39451200000047
v -553686.2601308486 6541241.426934858 -102.39451200000047
v -553686.2601308486 6541241.426934858 -102.39451200000047
v -553686.2601308486 6541241.426934858 -102.39451200000047
v -553686.2601308486 6541241.426934858 -102.39451200000047
v -553686.2601308486 6541241.426934858 -102.39451200000047
v -553686.2601308486 6541241.426934858 -102.39451200000047
v -553686.2601308486 6541241.426934858 -102.39451200000047
v -553686.2601308486 6541241.426934858 -102.39451200000047
v -553686.2601308486 6541241.426934858 -102.39451200000047
v -553686.2601308486 6541241.426934858 -102.39451200000047
v -553686.2601308486 6541241.426934858 -102.39451200000047
v -553686.2601308486 6541241.426934858 -102.39451200000047
v -553686.2601308486 6541241.426934858 -102.39451200000047
v -553686.2601308486 6541241.426934858 -102.39451200000047
v -553686.2601308486 6541241.426934858 -102.39451200000047
v -553686.2601308486 6541241.426934858 -102.39451200000047
v -553686.2601308486 6541241.426934858 -102.39451200000047
v -553686.2601308486 6541241.426934858 -102.39451200000047
v -553686.2601308486 6541241.426934858 -102.39451200000047
v -553686.2601308486 6541241.426934858 -102.39451200000047
v -553686.2601308486 6541241.426934858 -102.39451200000047
v -553686.2601308486 6541241.426934858 -102.39451200000047
v -553686.2601308486 6541241.426934858 -102.39451200000047
v -553686.2601308486 6541241.426934858 -102.39451200000047
v -553686.2601308486 6541241.426934858 -102.39451200000047
v -553686.2601308486 6541241.426934858 -102.39451200000047
v -553686.2601308486 6541241.426934858 -102.39451200000047
v -553686.2601308486 6541241.426934858 -102.39451200000047
v -553686.2601308486 6541241.426934858 -102.39451200000047
v -553686.2601308486 6541241.426934858 -102.39451200000047
v -553686.2601308486 6541241.426934858 -102.39451200000047
v -553686.2601308486 6541241.426934858 -102.39451200000047
v -553686.2601308486 6541241.426934858 -102.39451200000047
v -553686.2601308486 6541241.426934858 -102.39451200000047
v -553686.2601308486 6541241.426934858 -102.39451200000047
v -553686.2601308486 6541241.426934858 -102.39451200000047
v -553686.2601308486 6541241.426934858 -102.39451200000047
v -553686.2601308486 6541241.426934858 -102.39451200000047
v -553686.2601308486 6541241.426934858 -102.39451200000047
v -553686.2601308486 6541241.426934858 -102.39451200000047
v -553686.2601308486 6541241.426934858 -102.39451200000047
v -553686.2601308486 6541241.426934858 -102.39451200000047
v -553686.2601308486 6541241.426934858 -102.39451200000047
v -553686.2601308486 6541241.426934858 -102.39451200000047
v -553686.2601308486 6541241.426934858 -102.39451200000047
v -553686.2601308486 6541241.426934858 -102.39451200000047
v -553686.2601308486 6541241.426934858 -102.39451200000047
v -553686.2601308486 6541241.426934858 -102.39451200000047
v -553686.2601308486 6541241.426934858 -102.39451200000047
v -553686.2601308486 6541241.426934858 -102.39451200000047
v -553686.2601308486 6541241.426934858 -102.39451200000047
v -553686.2601308486 6541241.426934858 -102.39451200000047
v -553686.2601308486 6541241.426934858 -102.39451200000047
v -553686.2601308486 6541241.426934858 -102.39451200000047
v -553686.2601308486 6541241.426934858 -102.39451200000047
v -553686.2601308486 6541241.426934858 -102.39451200000047
v -553686.2601308486 6541241.426934858 -102.39451200000047
v -553686.2601308486 6541241.426934858 -102.39451200000047
v -553686.2601308486 6541241.426934858 -102.39451200000047
v -553686.2601308486 6541241.426934858 -102.39451200000047
v -553686.2601308486 6541241.426934858 -102.39451200000047
v -553686.2601308486 6541241.426934858 -102.39451200000047
v -553686.2601308486 6541241.426934858 -102.39451200000047
v -553686.2601308486 6541241.426934858 -102.39451200000047
v -553686.2601308486 6541241.426934858 -102.39451200000047
v -553686.2601308486 6541241.426934858 -102.39451200000047
v -553686.2601308486 6541241.426934858 -102.39451200000047
v -553686.2601308486 6541241.426934858 -102.39451200000047
v -553686.2601308486 6541241.426934858 -102.39451200000047
v -553686.2601308486 6541241.426934858 -102.39451200000047
v -553686.2601308486 6541241.426934858 -102.39451200000047
v -553686.2601308486 6541241.426934858 -102.39451200000047
v -553686.2601308486 6541241.426934858 -102.39451200000047
v -553686.2601308486 6541241.426934858 -102.39451200000047
v -553686.2601308486 6541241.426934858 -102.39451200000047
v -553686.2601308486 6541241.426934858 -102.39451200000047
v -553686.2601308486 6541241.426934858 -102.39451200000047
v -553686.2601308486 6541241.426934858 -102.39451200000047
v -553686.2601308486 6541241.426934858 -102.39451200000047
v -553686.2601308486 6541241.426934858 -102.39451200000047
v -553686.2601308486 6541241.426934858 -102.39451200000047
v -553686.2601308486 6541241.426934858 -102.39451200000047
v -553686.2601308486 6541241.426934858 -102.39451200000047
v -553686.2601308486 6541241.426934858 -102.39451200000047
v -553686.2601308486 6541241.426934858 -102.39451200000047
v -553686.2601308486 6541241.426934858 -102.39451200000047
v -553686.2601308486 6541241.426934858 -102.39451200000047
v -553686.2601308486 6541241.426934858 -102.39451200000047
v -553686.2601308486 6541241.426934858 -102.39451200000047
v -553686.2601308486 6541241.426934858 -102.39451200000047
v -553686.2601308486 6541241.426934858 -102.39451200000047
v -553686.2601308486 6541241.426934858 -102.39451200000047
v -553686.2601308486 6541241.426934858 -102.39451200000047
v -553686.2601308486 6541241.426934858 -102.39451200000047
v -553686.2601308486 6541241.426934858 -102.39451200000047
v -553686.2601308486 6541241.426934858 -102.39451200000047
v -553686.2601308486 6541241.426934858 -102.39451200000047
v -553686.2601308486 6541241.426934858 -102.39451200000047
v -553686.2601308486 6541241.426934858 -102.39451200000047
v -553686.2601308486 6541241.426934858 -102.39451200000047
v -553686.2601308486 6541241.426934858 -102.39451200000047
v -553686.2601308486 6541241.426934858 -102.39451200000047
v -553686.2601308486 6541241.426934858 -102.39451200000047
v -553686.2601308486 6541241.426934858 -102.39451200000047
v -553686.2601308486 6541241.426934858 -102.39451200000047
v -553686.2601308486 6541241.426934858 -102.39451200000047
v -553686.2601308486 6541241.426934858 -102.39451200000047
v -553686.2601308486 6541241.426934858 -102.39451200000047
v -553686.2601308486 6541241.426934858 -102.39451200000047
v -553686.2601308486 6541241.426934858 -102.39451200000047
v -553686.2601308486 6541241.426934858 -102.39451200000047
v -553686.2601308486 6541241.426934858 -102.39451200000047
v -553686.2601308486 6541241.426934858 -102.39451200000047
v -553686.2601308486 6541241.426934858 -102.39451200000047
v -553686.2601308486 6541241.426934858 -102.39451200000047
v -553686.2601308486 6541241.426934858 -102.39451200000047
v -553686.2601308486 6541241.426934858 -102.39451200000047
v -553686.2601308486 6541241.426934858 -102.39451200000047
v -553686.2601308486 6541241.426934858 -102.39451200000047
v -553686.2601308486 6541241.426934858 -102.39451200000047
v -553686.2601308486 6541241.426934858 -102.39451200000047
v -553686.2601308486 6541241.426934858 -102.39451200000047
v -553686.2601308486 6541241.426934858 -102.39451200000047
v -553686.2601308486 6541241.426934858 -102.39451200000047
v -553686.2601308486 6541241.426934858 -102.39451200000047
v -553686.2601308486 6541241.426934858 -102.39451200000047
v -553686.2601308486 6541241.426934858 -102.39451200000047
v -553686.2601308486 6541241.426934858 -102.39451200000047
v -553686.2601308486 6541241.426934858 -102.39451200000047
v -553686.2601308486 6541241.426934858 -102.39451200000047
v -553686.2601308486 6541241.426934858 -102.39451200000047
v -553686.2601308486 6541241.426934858 -102.39451200000047
v -553686.2601308486 6541241.426934858 -102.39451200000047
v -553686.2601308486 6541241.426934858 -102.39451200000047
v -553686.2601308486 6541241.426934858 -102.39451200000047
v -553686.2601308486 6541241.426934858 -102.39451200000047
v -553686.2601308486 6541241.426934858 -102.39451200000047
v -553686.2601308486 6541241.426934858 -102.39451200000047
v -553686.2601308486 6541241.426934858 -102.39451200000047
v -553639.3103167828 6541290.128776471 -102.49326720000047
v -553639.5093918834 6541289.794386095 -102.49326720000047
v -553639.7026237395 6541289.458289584 -102.49326720000047
v -553639.8920746426 6541289.121089012 -102.49326720000047
v -553640.0759256395 6541288.782253565 -102.49326720000047
v -553640.2171036496 6541288.430958986 -102.49326720000047
v -553640.3580852521 6541288.079606927 -102.49326720000047
v -553640.4960288911 6541287.727367737 -102.49326720000047
v -553640.6284576555 6541287.3735185 -102.49326720000047
v -553640.7608863927 6541287.019669388 -102.49326720000047
v -553640.8719590806 6541286.659584799 -102.49326720000047
v -553640.9751167534 6541286.297189123 -102.49326720000047
v -553641.0771995931 6541285.934479761 -102.49326720000047
v -553641.2872706418 6541285.603299938 -102.49326720000047
v -553641.5695187359 6541285.29319357 -102.49326720000047
v -553641.8549652342 6541284.98402091 -102.49326720000047
v -553642.1520793417 6541284.678254985 -102.49326720000047
v -553642.4537167054 6541284.373809853 -102.49326720000047
v -553642.7545983063 6541284.069143925 -102.49326720000047
v -553643.0553528217 6541283.764440759 -102.49326720000047
v -553643.3184388217 6541283.44873962 -102.49326720000047
v -553643.5645382681 6541283.128079037 -102.49326720000047
v -553643.8173228635 6541282.809370188 -102.49326720000047
v -553644.0674726295 6541282.489891912 -102.49326720000047
v -553644.318583079 6541282.170694396 -102.49326720000047
v -553644.5666037702 6541281.850594626 -102.49326720000047
v -553644.8273250249 6541281.534202916 -102.49326720000047
v -553645.0965637445 6541281.220298248 -102.49326720000047
v -553645.3553998338 6541280.903356336 -102.49326720000047
v -553645.5974590982 6541280.581516003 -102.49326720000047
v -553645.7851870422 6541280.2438123785 -102.49326720000047
v -553645.9794797116 6541279.908025595 -102.49326720000047
v -553646.1140363907 6541279.55479778 -102.49326720000047
v -553646.2189770793 6541279.192922826 -102.49326720000047
v -553646.3399748171 6541278.835735928 -102.49326720000047
v -553646.5275651453 6541278.497992258 -102.49326720000047
v -553646.7221451926 6541278.162289513 -102.49326720000047
v -553646.9591210451 6541277.838964973 -102.49326720000047
v -553647.2197060969 6541277.522533496 -102.49326720000047
v -553647.5089755623 6541277.214477165 -102.49326720000047
v -553647.8417092919 6541276.919111263 -102.49326720000047
v -553647.9871879101 6541276.569072201 -102.49326720000047
v -553648.1219958 6541276.215917465 -102.49326720000047
v -553648.2593199024 6541275.863497524 -102.49326720000047
v -553648.4166503894 6541275.516918995 -102.49326720000047
v -553648.5864821369 6541275.173990335 -102.49326720000047
v -553648.7491479429 6541274.828969298 -102.49326720000047
v -553648.9082688015 6541274.482913506 -102.49326720000047
v -553649.0701387475 6541274.137660233 -102.49326720000047
v -553649.2206152732 6541273.789080282 -102.49326720000047
v -553649.3706732297 6541273.440378254 -102.49326720000047
v -553649.5155265433 6541273.090156755 -102.49326720000047
v -553649.6463286192 6541272.735832571 -102.49326720000047
v -553649.7602789457 6541272.376588035 -102.49326720000047
v -553649.883889318 6541272.020164142 -102.49326720000047
v -553650.0378269777 6541271.672594951 -102.49326720000047
v -553650.1597921544 6541271.31569065 -102.49326720000047
v -553650.2640830211 6541270.953625835 -102.49326720000047
v -553650.3783758958 6541270.594481446 -102.49326720000047
v -553650.4010354929 6541270.208582949 -102.49326720000047
v -553650.4317351003 6541269.825031767 -102.49326720000047
v -553650.531611215 6541269.461677972 -102.49326720000047
v -553650.636773833 6541269.099867816 -102.49326720000047
v -553650.7106942652 6541268.728935987 -102.49326720000047
v -553650.7916569603 6541268.360060158 -102.49326720000047
v -553650.8428968273 6541267.982506 -102.49326720000047
v -553650.9040761477 6541267.607854004 -102.49326720000047
v -553650.9945258121 6541267.241748229 -102.49326720000047
v -553651.0743040437 6541266.872526571 -102.49326720000047
v -553651.1249073732 6541266.494786562 -102.49326720000047
v -553651.2151379458 6541266.128616817 -102.49326720000047
v -553650.9523947764 6541265.659388911 -102.49326720000047
v -553650.4081646341 6541265.1079748925 -102.49326720000047
v -553650.3136883994 6541264.687876019 -102.49326720000047
v -553650.2296842162 6541264.270834813 -102.49326720000047
v -553650.1432093153 6541263.853072094 -102.49326720000047
v -553650.0823148697 6541263.442777989 -102.49326720000047
v -553650.1187369481 6541263.060897602 -102.49326720000047
v -553650.158509452 6541262.679995575 -102.49326720000047
v -553650.2176230743 6541262.304740513 -102.49326720000047
v -553650.2964584586 6541261.935243381 -102.49326720000047
v -553650.37385627 6541261.565326712 -102.49326720000047
v -553650.4488062666 6541261.194695486 -102.49326720000047
v -553650.5330197227 6541260.826768785 -102.49326720000047
v -553650.6171516327 6541260.458818141 -102.49326720000047
v -553650.7156188056 6541260.095053111 -102.49326720000047
v -553650.8089837907 6541259.729798524 -102.49326720000047
v -553650.8925400003 6541259.361679927 -102.49326720000047
v -553650.9905731565 6541258.997788041 -102.49326720000047
v -553651.0907908978 6541258.634534125 -102.49326720000047
v -553651.1745088649 6541258.26646289 -102.49326720000047
v -553651.2567825981 6541257.897969848 -102.49326720000047
v -553651.3479576067 6541257.532075583 -102.49326720000047
v -553651.445139927 6541257.167935547 -102.49326720000047
v -553651.5484387468 6541256.805581215 -102.49326720000047
v -553651.6875401593 6541256.453680062 -102.49326720000047
v -553651.8571839916 6541256.110696537 -102.49326720000047
v -553652.118470078 6541255.79447001 -102.49326720000047
v -553652.2843902861 6541255.450399295 -102.49326720000047
v -553652.469468808 6541255.111922117 -102.49326720000047
v -553652.7138451864 6541254.790758315 -102.49326720000047
v -553652.9585308724 6541254.469684955 -102.49326720000047
v -553653.2078075657 6541254.1499519 -102.49326720000047
v -553653.4565782964 6541253.830070986 -102.49326720000047
v -553653.7027130256 6541253.509420571 -102.49326720000047
v -553653.9596455295 6541253.1919229245 -102.49326720000047
v -553654.2247907927 6541252.876823086 -102.49326720000047
v -553654.5095881951 6541252.567460853 -102.49326720000047
v -553654.7520826994 6541252.245747598 -102.49326720000047
v -553654.9914001065 6541251.923106857 -102.49326720000047
v -553655.248401131 6541251.605629082 -102.49326720000047
v -553655.5548225386 6541251.302580483 -102.49326720000047
v -553655.8693448205 6541251.001897237 -102.49326720000047
v -553656.20055672 6541250.706087005 -102.49326720000047
v -553656.5210430917 6541250.407145098 -102.49326720000047
v -553656.8277205535 6541250.10417126 -102.49326720000047
v -553657.1176185596 6541249.796298444 -102.49326720000047
v -553657.4089206932 6541249.488835726 -102.49326720000047
v -553657.563086507 6541249.141333071 -102.49326720000047
v -553657.7126973319 6541248.792500361 -102.49326720000047
v -553658.0258277105 6541248.491410852 -102.49326720000047
v -553658.3488801485 6541248.193218161 -102.49326720000047
v -553658.5665143842 6541247.864246301 -102.49326720000047
v -553658.9615387133 6541247.587067303 -102.49326720000047
v -553659.4427622297 6541247.335056083 -102.49326720000047
v -553659.8912691594 6541247.073492441 -102.49326720000047
v -553660.3212827205 6541246.806529146 -102.49326720000047
v -553660.7581034239 6541246.541553468 -102.49326720000047
v -553661.2644937352 6541246.296890217 -102.49326720000047
v -553661.7916132429 6541246.058279153 -102.49326720000047
v -553662.2992768915 6541245.813987416 -102.49326720000047
v -553662.81905736 6541245.573233569 -102.49326720000047
v -553663.3804042081 6541245.344616021 -102.49326720000047
v -553664.0654677589 6541245.152120064 -102.49326720000047
v -553664.7505310153 6541244.959623778 -102.49326720000047
v -553665.4307935319 6541244.765726004 -102.49326720000047
v -553666.1036210697 6541244.569657562 -102.49326720000047
v -553666.7703751253 6541244.37181571 -102.49326720000047
v -553667.4371290294 6541244.173973685 -102.49326720000047
v -553668.085936788 6541243.97089204 -102.49326720000047
v -553668.7172713226 6541243.762708852 -102.49326720000047
v -553669.3441029536 6541243.553210818 -102.49326720000047
v -553669.9540141602 6541243.338772385 -102.49326720000047
v -553670.5602362911 6541243.123257108 -102.49326720000047
v -553671.1607455558 6541242.906073711 -102.49326720000047
v -553671.7370903477 6541242.681834866 -102.49326720000047
v -553672.2618087296 6541242.442522745 -102.49326720000047
v -553672.7861291405 6541242.203094556 -102.49326720000047
v -553673.2917255851 6541241.9581993865 -102.49326720000047
v -553673.789970583 6541241.711157681 -102.49326720000047
v -553674.2477678168 6541241.452306539 -102.49326720000047
v -553674.7016595046 6541241.192315218 -102.49326720000047
v -553675.0914106776 6541240.913596612 -102.49326720000047
v -553675.4397977289 6541240.622800762 -102.49326720000047
v -553675.7149681251 6541240.310627913 -102.49326720000047
v -553675.9800733215 6541239.995516448 -102.49326720000047
v -553676.2038857467 6541239.668348571 -102.49326720000047
v -553676.0705102641 6541239.236892126 -102.49326720000047
v -553676.0705102641 6541239.236892126 -102.49326720000047
v -553676.0705102641 6541239.236892126 -102.49326720000047
v -553676.0705102641 6541239.236892126 -102.49326720000047
v -553676.0705102641 6541239.236892126 -102.49326720000047
v -553676.0705102641 6541239.236892126 -102.49326720000047
v -553676.0705102641 6541239.236892126 -102.49326720000047
v -553676.0705102641 6541239.236892126 -102.49326720000047
v -553676.0705102641 6541239.236892126 -102.49326720000047
v -553676.0705102641 6541239.236892126 -102.49326720000047
v -553676.0705102641 6541239.236892126 -102.49326720000047
v -553676.0705102641 6541239.236892126 -102.49326720000047
v -553676.0705102641 6541239.236892126 -102.49326720000047
v -553676.0705102641 6541239.236892126 -102.49326720000047
v -553676.0705102641 6541239.236892126 -102.49326720000047
v -553676.0705102641 6541239.236892126 -102.49326720000047
v -553676.0705102641 6541239.236892126 -102.49326720000047
v -553676.0705102641 6541239.236892126 -102.49326720000047
v -553676.0705102641 6541239.236892126 -102.49326720000047
v -553676.0705102641 6541239.236892126 -102.49326720000047
v -553676.0705102641 6541239.236892126 -102.49326720000047
v -553676.0705102641 6541239.236892126 -102.49326720000047
v -553676.0705102641 6541239.236892126 -102.49326720000047
v -553676.0705102641 6541239.236892126 -102.49326720000047
v -553676.0705102641 6541239.236892126 -102.49326720000047
v -553676.0705102641 6541239.236892126 -102.49326720000047
v -553676.0705102641 6541239.236892126 -102.49326720000047
v -553676.0705102641 6541239.236892126 -102.49326720000047
v -553676.0705102641 6541239.236892126 -102.49326720000047
v -553676.0705102641 6541239.236892126 -102.49326720000047
v -553676.0705102641 6541239.236892126 -102.49326720000047
v -553676.0705102641 6541239.236892126 -102.49326720000047
v -553676.0705102641 6541239.236892126 -102.49326720000047
v -553676.0705102641 6541239.236892126 -102.49326720000047
v -553676.0705102641 6541239.236892126 -102.49326720000047
v -553676.0705102641 6541239.236892126 -102.49326720000047
v -553676.0705102641 6541239.236892126 -102.49326720000047
v -553676.0705102641 6541239.236892126 -102.49326720000047
v -553676.0705102641 6541239.236892126 -102.49326720000047
v -553676.0705102641 6541239.236892126 -102.49326720000047
v -553676.0705102641 6541239.236892126 -102.49326720000047
v -553676.0705102641 6541239.236892126 -102.49326720000047
v -553676.0705102641 6541239.236892126 -102.49326720000047
v -553676.0705102641 6541239.236892126 -102.49326720000047
v -553676.0705102641 6541239.236892126 -102.49326720000047
v -553676.0705102641 6541239.236892126 -102.49326720000047
v -553676.0705102641 6541239.236892126 -102.49326720000047
v -553676.0705102641 6541239.236892126 -102.49326720000047
v -553676.0705102641 6541239.236892126 -102.49326720000047
v -553676.0705102641 6541239.236892126 -102.49326720000047
v -553676.0705102641 6541239.236892126 -102.49326720000047
v -553676.0705102641 6541239.236892126 -102.49326720000047
v -553676.0705102641 6541239.236892126 -102.49326720000047
v -553676.0705102641 6541239.236892126 -102.49326720000047
v -553676.0705102641 6541239.236892126 -102.49326720000047
v -553676.0705102641 6541239.236892126 -102.49326720000047
v -553676.0705102641 6541239.236892126 -102.49326720000047
v -553676.0705102641 6541239.236892126 -102.49326720000047
v -553676.0705102641 6541239.236892126 -102.49326720000047
v -553676.0705102641 6541239.236892126 -102.49326720000047
v -553676.0705102641 6541239.236892126 -102.49326720000047
v -553676.0705102641 6541239.236892126 -102.49326720000047
v -553676.0705102641 6541239.236892126 -102.49326720000047
v -553676.0705102641 6541239.236892126 -102.49326720000047
v -553676.0705102641 6541239.236892126 -102.49326720000047
v -553676.0705102641 6541239.236892126 -102.49326720000047
v -553676.0705102641 6541239.236892126 -102.49326720000047
v -553676.0705102641 6541239.236892126 -102.49326720000047
v -553676.0705102641 6541239.236892126 -102.49326720000047
v -553676.0705102641 6541239.236892126 -102.49326720000047
v -553676.0705102641 6541239.236892126 -102.49326720000047
v -553676.0705102641 6541239.236892126 -102.49326720000047
v -553676.0705102641 6541239.236892126 -102.49326720000047
v -553676.0705102641 6541239.236892126 -102.49326720000047
v -553676.0705102641 6541239.236892126 -102.49326720000047
v -553676.0705102641 6541239.236892126 -102.49326720000047
v -553676.0705102641 6541239.236892126 -102.49326720000047
v -553676.0705102641 6541239.236892126 -102.49326720000047
v -553676.0705102641 6541239.236892126 -102.49326720000047
v -553676.0705102641 6541239.236892126 -102.49326720000047
v -553676.0705102641 6541239.236892126 -102.49326720000047
v -553676.0705102641 6541239.236892126 -102.49326720000047
v -553676.0705102641 6541239.236892126 -102.49326720000047
v -553676.0705102641 6541239.236892126 -102.49326720000047
v -553676.0705102641 6541239.236892126 -102.49326720000047
v -553676.0705102641 6541239.236892126 -102.49326720000047
v -553676.0705102641 6541239.236892126 -102.49326720000047
v -553676.0705102641 6541239.236892126 -102.49326720000047
v -553676.0705102641 6541239.236892126 -102.49326720000047
v -553676.0705102641 6541239.236892126 -102.49326720000047
v -553676.0705102641 6541239.236892126 -102.49326720000047
v -553676.0705102641 6541239.236892126 -102.49326720000047
v -553676.0705102641 6541239.236892126 -102.49326720000047
v -553676.0705102641 6541239.236892126 -102.49326720000047
v -553676.0705102641 6541239.236892126 -102.49326720000047
v -553676.0705102641 6541239.236892126 -102.49326720000047
v -553676.0705102641 6541239.236892126 -102.49326720000047
v -553676.0705102641 6541239.236892126 -102.49326720000047
v -553676.0705102641 6541239.236892126 -102.49326720000047
v -553676.0705102641 6541239.236892126 -102.49326720000047
v -553676.0705102641 6541239.236892126 -102.49326720000047
v -553676.0705102641 6541239.236892126 -102.49326720000047
v -553676.0705102641 6541239.236892126 -102.49326720000047
v -553676.0705102641 6541239.236892126 -102.49326720000047
v -553676.0705102641 6541239.236892126 -102.49326720000047
v -553676.0705102641 6541239.236892126 -102.49326720000047
v -553676.0705102641 6541239.236892126 -102.49326720000047
v -553676.0705102641 6541239.236892126 -102.49326720000047
v -553676.0705102641 6541239.236892126 -102.49326720000047
v -553676.0705102641 6541239.236892126 -102.49326720000047
v -553676.0705102641 6541239.236892126 -102.49326720000047
v -553676.0705102641 6541239.236892126 -102.49326720000047
v -553676.0705102641 6541239.236892126 -102.49326720000047
v -553676.0705102641 6541239.236892126 -102.49326720000047
v -553676.0705102641 6541239.236892126 -102.49326720000047
v -553676.0705102641 6541239.236892126 -102.49326720000047
v -553676.0705102641 6541239.236892126 -102.49326720000047
v -553676.0705102641 6541239.236892126 -102.49326720000047
v -553676.0705102641 6541239.236892126 -102.49326720000047
v -553676.0705102641 6541239.236892126 -102.49326720000047
v -553676.0705102641 6541239.236892126 -102.49326720000047
v -553676.0705102641 6541239.236892126 -102.49326720000047
v -553676.0705102641 6541239.236892126 -102.49326720000047
v -553676.0705102641 6541239.236892126 -102.49326720000047
v -553676.0705102641 6541239.236892126 -102.49326720000047
v -553676.0705102641 6541239.236892126 -102.49326720000047
v -553676.0705102641 6541239.236892126 -102.49326720000047
v -553676.0705102641 6541239.236892126 -102.49326720000047
v -553676.0705102641 6541239.236892126 -102.49326720000047
v -553676.0705102641 6541239.236892126 -102.49326720000047
v -553676.0705102641 6541239.236892126 -102.49326720000047
v -553676.0705102641 6541239.236892126 -102.49326720000047
v -553676.0705102641 6541239.236892126 -102.49326720000047
v -553676.0705102641 6541239.236892126 -102.49326720000047
v -553676.0705102641 6541239.236892126 -102.49326720000047
v -553676.0705102641 6541239.236892126 -102.49326720000047
v -553676.0705102641 6541239.236892126 -102.49326720000047
v -553676.0705102641 6541239.236892126 -102.49326720000047
v -553676.0705102641 6541239.236892126 -102.49326720000047
v -553676.0705102641 6541239.236892126 -102.49326720000047
v -553676.0705102641 6541239.236892126 -102.49326720000047
v -553676.0705102641 6541239.236892126 -102.49326720000047
v -553676.0705102641 6541239.236892126 -102.49326720000047
v -553676.0705102641 6541239.236892126 -102.49326720000047
v -553676.0705102641 6541239.236892126 -102.49326720000047
v -553676.0705102641 6541239.236892126 -102.49326720000047
v -553676.0705102641 6541239.236892126 -102.49326720000047
v -553676.0705102641 6541239.236892126 -102.49326720000047
v -553676.0705102641 6541239.236892126 -102.49326720000047
v -553676.0705102641 6541239.236892126 -102.49326720000047
v -553676.0705102641 6541239.236892126 -102.49326720000047
v -553676.0705102641 6541239.236892126 -102.49326720000047
v -553676.0705102641 6541239.236892126 -102.49326720000047
v -553676.0705102641 6541239.236892126 -102.49326720000047
v -553676.0705102641 6541239.236892126 -102.49326720000047
v -553676.0705102641 6541239.236892126 -102.49326720000047
v -553676.0705102641 6541239.236892126 -102.49326720000047
v -553676.0705102641 6541239.236892126 -102.49326720000047
v -553676.0705102641 6541239.236892126 -102.49326720000047
v -553676.0705102641 6541239.236892126 -102.49326720000047
v -553676.0705102641 6541239.236892126 -102.49326720000047
v -553676.0705102641 6541239.236892126 -102.49326720000047
v -553676.0705102641 6541239.236892126 -102.49326720000047
v -553676.0705102641 6541239.236892126 -102.49326720000047
v -553676.0705102641 6541239.236892126 -102.49326720000047
v -553676.0705102641 6541239.236892126 -102.49326720000047
v -553676.0705102641 6541239.236892126 -102.49326720000047
v -553676.0705102641 6541239.236892126 -102.49326720000047
v -553676.0705102641 6541239.236892126 -102.49326720000047
v -553676.0705102641 6541239.236892126 -102.49326720000047
v -553676.0705102641 6541239.236892126 -102.49326720000047
v -553676.0705102641 6541239.236892126 -102.49326720000047
v -553676.0705102641 6541239.236892126 -102.49326720000047
v -553676.0705102641 6541239.236892126 -102.49326720000047
v -553676.0705102641 6541239.236892126 -102.49326720000047
v -553676.0705102641 6541239.236892126 -102.49326720000047
v -553676.0705102641 6541239.236892126 -102.49326720000047
v -553676.0705102641 6541239.236892126 -102.49326720000047
v -553676.0705102641 6541239.236892126 -102.49326720000047
v -553676.0705102641 6541239.236892126 -102.49326720000047
v -553676.0705102641 6541239.236892126 -102.49326720000047
v -553676.0705102641 6541239.236892126 -102.49326720000047
v -553676.0705102641 6541239.236892126 -102.49326720000047
v -553676.0705102641 6541239.236892126 -102.49326720000047
v -553676.0705102641 6541239.236892126 -102.49326720000047
v -553676.0705102641 6541239.236892126 -102.49326720000047
v -553676.0705102641 6541239.236892126 -102.49326720000047
v -553676.0705102641 6541239.236892126 -102.49326720000047
v -553676.0705102641 6541239.236892126 -102.49326720000047
v -553676.0705102641 6541239.236892126 -102.49326720000047
v -553676.0705102641 6541239.236892126 -102.49326720000047
v -553676.0705102641 6541239.236892126 -102.49326720000047
v -553676.0705102641 6541239.236892126 -102.49326720000047
v -553676.0705102641 6541239.236892126 -102.49326720000047
v -553676.0705102641 6541239.236892126 -102.49326720000047
v -553676.0705102641 6541239.236892126 -102.49326720000047
v -553676.0705102641 6541239.236892126 -102.49326720000047
v -553676.0705102641 6541239.236892126 -102.49326720000047
v -553676.0705102641 6541239.236892126 -102.49326720000047
v -553676.0705102641 6541239.236892126 -102.49326720000047
v -553676.0705102641 6541239.236892126 -102.49326720000047
v -553676.0705102641 6541239.236892126 -102.49326720000047
v -553676.0705102641 6541239.236892126 -102.49326720000047
v -553676.0705102641 6541239.236892126 -102.49326720000047
v -553676.0705102641 6541239.236892126 -102.49326720000047
v -553676.0705102641 6541239.236892126 -102.49326720000047
v -553676.0705102641 6541239.236892126 -102.49326720000047
v -553676.0705102641 6541239.236892126 -102.49326720000047
v -553676.0705102641 6541239.236892126 -102.49326720000047
v -553676.0705102641 6541239.236892126 -102.49326720000047
v -553676.0705102641 6541239.236892126 -102.49326720000047
v -553676.0705102641 6541239.236892126 -102.49326720000047
v -553676.0705102641 6541239.236892126 -102.49326720000047
v -553676.0705102641 6541239.236892126 -102.49326720000047
v -553676.0705102641 6541239.236892126 -102.49326720000047
v -553676.0705102641 6541239.236892126 -102.49326720000047
v -553676.0705102641 6541239.236892126 -102.49326720000047
v -553676.0705102641 6541239.236892126 -102.49326720000047
v -553676.0705102641 6541239.236892126 -102.49326720000047
v -553676.0705102641 6541239.236892126 -102.49326720000047
v -553676.0705102641 6541239.236892126 -102.49326720000047
v -553676.0705102641 6541239.236892126 -102.49326720000047
v -553676.0705102641 6541239.236892126 -102.49326720000047
v -553676.0705102641 6541239.236892126 -102.49326720000047
v -553676.0705102641 6541239.236892126 -102.49326720000047
v -553676.0705102641 6541239.236892126 -102.49326720000047
v -553676.0705102641 6541239.236892126 -102.49326720000047
v -553676.0705102641 6541239.236892126 -102.49326720000047
v -553676.0705102641 6541239.236892126 -102.49326720000047
v -553676.0705102641 6541239.236892126 -102.49326720000047
v -553676.0705102641 6541239.236892126 -102.49326720000047
v -553676.0705102641 6541239.236892126 -102.49326720000047
v -553676.0705102641 6541239.236892126 -102.49326720000047
v -553676.0705102641 6541239.236892126 -102.49326720000047
v -553676.0705102641 6541239.236892126 -102.49326720000047
v -553676.0705102641 6541239.236892126 -102.49326720000047
v -553676.0705102641 6541239.236892126 -102.49326720000047
v -553676.0705102641 6541239.236892126 -102.49326720000047
v -553676.0705102641 6541239.236892126 -102.49326720000047
v -553676.0705102641 6541239.236892126 -102.49326720000047
v -553676.0705102641 6541239.236892126 -102.49326720000047
v -553676.0705102641 6541239.236892126 -102.49326720000047
v -553676.0705102641 6541239.236892126 -102.49326720000047
v -553601.2683564994 6541279.021634611 -102.62494080000047
v -553601.5343568294 6541278.706784457 -102.62494080000047
v -553602.0002371513 6541278.450293339 -102.62494080000047
v -553602.4494514272 6541278.188936074 -102.62494080000047
v -553602.8850875066 6541277.9236145215 -102.62494080000047
v -553603.2831020677 6541277.647308731 -102.62494080000047
v -553603.6548876979 6541277.36334471 -102.62494080000047
v -553603.9924901408 6541277.069400049 -102.62494080000047
v -553604.3259522674 6541276.774246684 -102.62494080000047
v -553604.6666384914 6541276.481202694 -102.62494080000047
v -553605.0054784414 6541276.187619496 -102.62494080000047
v -553605.2974064527 6541275.880339234 -102.62494080000047
v -553605.5783761456 6541275.569859611 -102.62494080000047
v -553605.8139972751 6541275.24613968 -102.62494080000047
v -553606.0635081305 6541274.926474994 -102.62494080000047
v -553606.3066918305 6541274.604962816 -102.62494080000047
v -553606.5419124686 6541274.281125805 -102.62494080000047
v -553606.7727980723 6541273.956023239 -102.62494080000047
v -553606.9607934713 6541273.618397835 -102.62494080000047
v -553607.0208050613 6541273.243404749 -102.62494080000047
v -553607.1569717888 6541272.890646887 -102.62494080000047
v -553607.2008560032 6541272.510945373 -102.62494080000047
v -553607.3797388371 6541272.170659367 -102.62494080000047
v -553607.7281302954 6541271.879864784 -102.62494080000047
v -553608.0692548732 6541271.586948779 -102.62494080000047
v -553608.385307641 6541271.286712389 -102.62494080000047
v -553608.6305557714 6541270.965802966 -102.62494080000047
v -553608.8851754238 6541270.647629963 -102.62494080000047
v -553609.1680954631 6541270.337719869 -102.62494080000047
v -553609.5451875954 6541270.055305191 -102.62494080000047
v -553609.8868498774 6541269.7625458855 -102.62494080000047
v -553610.159048919 6541269.449505488 -102.62494080000047
v -553610.4224097545 6541269.133884741 -102.62494080000047
v -553610.6936849687 6541268.820574612 -102.62494080000047
v -553610.9854075379 6541268.5132343685 -102.62494080000047
v -553611.2885979372 6541268.209242543 -102.62494080000047
v -553611.5736366083 6541267.89995109 -102.62494080000047
v -553611.8274909635 6541267.58155458 -102.62494080000047
v -553612.0758631052 6541267.261557276 -102.62494080000047
v -553612.3460250595 6541266.94792211 -102.62494080000047
v -553612.6329706357 6541266.639187417 -102.62494080000047
v -553612.9460341472 6541266.338078251 -102.62494080000047
v -553613.2397064378 6541266.03130727 -102.62494080000047
v -553613.49635994 6541265.713728029 -102.62494080000047
v -553613.7323672205 6541265.390120842 -102.62494080000047
v -553613.9690411335 6541265.066708143 -102.62494080000047
v -553614.2169544715 6541264.746576883 -102.62494080000047
v -553614.4741946553 6541264.429169083 -102.62494080000047
v -553614.738560796 6541264.113841706 -102.62494080000047
v -553614.9701418926 6541263.78894191 -102.62494080000047
v -553615.190431498 6541263.460745472 -102.62494080000047
v -553615.3947317688 6541263.127880762 -102.62494080000047
v -553615.6080918247 6541262.797661099 -102.62494080000047
v -553615.832411048 6541262.470641047 -102.62494080000047
v -553616.0764884939 6541262.149390027 -102.62494080000047
v -553616.3226406778 6541261.828744791 -102.62494080000047
v -553616.5764805365 6541261.510344048 -102.62494080000047
v -553616.8297660914 6541261.19178132 -102.62494080000047
v -553617.0877691949 6541260.874596124 -102.62494080000047
v -553617.3529677351 6541260.55951193 -102.62494080000047
v -553617.6213759194 6541260.245364713 -102.62494080000047
v -553617.8980822028 6541259.933640153 -102.62494080000047
v -553618.1731739348 6541259.621444337 -102.62494080000047
v -553618.4435685943 6541259.307877258 -102.62494080000047
v -553618.6793837254 6541258.984213821 -102.62494080000047
v -553618.8859871402 6541258.652021271 -102.62494080000047
v -553619.0761060684 6541258.315015877 -102.62494080000047
v -553619.273486248 6541257.980130701 -102.62494080000047
v -553619.4899199423 6541257.650808451 -102.62494080000047
v -553619.6695338212 6541257.310735744 -102.62494080000047
v -553619.844481089 6541256.969300813 -102.62494080000047
v -553620.017372398 6541256.627265456 -102.62494080000047
v -553620.1969748513 6541256.287189414 -102.62494080000047
v -553620.3787175702 6541255.947738411 -102.62494080000047
v -553620.5733326338 6541255.612045903 -102.62494080000047
v -553620.6689082868 6541255.247436632 -102.62494080000047
v -553620.696301089 6541254.862919814 -102.62494080000047
v -553620.7236938231 6541254.478403122 -102.62494080000047
v -553620.755882245 6541254.095286775 -102.62494080000047
v -553620.7978638886 6541253.71502968 -102.62494080000047
v -553620.8265056679 6541253.330877466 -102.62494080000047
v -553620.7881231015 6541252.927156306 -102.62494080000047
v -553620.7037696239 6541252.510013127 -102.62494080000047
v -553620.5269057901 6541252.065859479 -102.62494080000047
v -553620.2993217341 6541251.606896862 -102.62494080000047
v -553620.0898987874 6541251.153236905 -102.62494080000047
v -553619.8912697705 6541250.702728605 -102.62494080000047
v -553619.6670395478 6541250.244745354 -102.62494080000047
v -553619.4324295784 6541249.783731375 -102.62494080000047
v -553619.314973832 6541249.356923156 -102.62494080000047
v -553619.2462944331 6541248.944356351 -102.62494080000047
v -553619.244310931 6541248.551262654 -102.62494080000047
v -553619.3246517777 6541248.182205119 -102.62494080000047
v -553619.4038783119 6541247.81282253 -102.62494080000047
v -553619.4303840712 6541247.428046865 -102.62494080000047
v -553619.4085984499 6541247.029171383 -102.62494080000047
v -553619.347457276 6541246.618805375 -102.62494080000047
v -553619.2822688215 6541246.207257824 -102.62494080000047
v -553619.2861619148 6541245.815879922 -102.62494080000047
v -553619.3268443011 6541245.435243274 -102.62494080000047
v -553619.3472878006 6541245.0486976085 -102.62494080000047
v -553619.3512169159 6541244.6573303705 -102.62494080000047
v -553619.3795691674 6541244.273093829 -102.62494080000047
v -553619.548707462 6541243.929962556 -102.62494080000047
v -553619.7561130901 6541243.598004374 -102.62494080000047
v -553619.8929970987 6541243.245456084 -102.62494080000047
v -553620.1174740465 6541242.918482291 -102.62494080000047
v -553620.3930076704 6541242.606415285 -102.62494080000047
v -553620.692185039 6541242.301251772 -102.62494080000047
v -553620.9642736675 6541241.988179284 -102.62494080000047
v -553621.2388511498 6541241.675833321 -102.62494080000047
v -553621.5247804592 6541241.366801616 -102.62494080000047
v -553621.8460613886 6541241.068091697 -102.62494080000047
v -553622.1679556951 6541240.769561013 -102.62494080000047
v -553622.4892273387 6541240.470848382 -102.62494080000047
v -553622.791403803 6541240.166560372 -102.62494080000047
v -553623.09539547 6541239.862802493 -102.62494080000047
v -553623.4018046329 6541239.559750599 -102.62494080000047
v -553623.7105631178 6541239.257384491 -102.62494080000047
v -553624.0204326182 6541238.955342623 -102.62494080000047
v -553624.3478583884 6541238.658426965 -102.62494080000047
v -553624.5948793764 6541238.33803531 -102.62494080000047
v -553624.8427865265 6541238.017902245 -102.62494080000047
v -553625.099387715 6541237.70030773 -102.62494080000047
v -553625.3501472188 6541237.381007759 -102.62494080000047
v -553625.5969923618 6541237.060564763 -102.62494080000047
v -553625.8498904923 6541236.741888918 -102.62494080000047
v -553626.0207233069 6541236.399252542 -102.62494080000047
v -553626.1208590983 6541236.035974844 -102.62494080000047
v -553626.2065525306 6541235.668480253 -102.62494080000047
v -553626.3011817853 6541235.3035945175 -102.62494080000047
v -553626.4029586388 6541234.9407958165 -102.62494080000047
v -553626.5057367793 6541234.578289608 -102.62494080000047
v -553626.6108352742 6541234.21646079 -102.62494080000047
v -553626.7165237383 6541233.854803958 -102.62494080000047
v -553626.8241187383 6541233.4937039865 -102.62494080000047
v -553626.9327205814 6541233.132898129 -102.62494080000047
v -553627.0414473824 6541232.772128608 -102.62494080000047
v -553627.1518709692 6541232.4118543565 -102.62494080000047
v -553627.2621869514 6541232.051548832 -102.62494080000047
v -553627.3729196519 6541231.691365122 -102.62494080000047
v -553627.4869038553 6541231.33213061 -102.62494080000047
v -553627.6031716766 6541230.973562704 -102.62494080000047
v -553627.7319025899 6541230.618633946 -102.62494080000047
v -553627.8901534243 6541230.272323999 -102.62494080000047
v -553628.0531294857 6541229.927393535 -102.62494080000047
v -553628.2306222611 6541229.586701673 -102.62494080000047
v -553628.4081150241 6541229.246009952 -102.62494080000047
v -553628.5858072524 6541228.905376324 -102.62494080000047
v -553628.7665457111 6541228.565631962 -102.62494080000047
v -553628.9486513193 6541228.226286913 -102.62494080000047
v -553629.1342404975 6541227.887959109 -102.62494080000047
v -553629.3214574376 6541227.550106418 -102.62494080000047
v -553629.5086743868 6541227.212253586 -102.62494080000047
v -553629.6865083103 6541226.87166133 -102.62494080000047
v -553629.8548193683 6541226.528288819 -102.62494080000047
v -553630.0137337119 6541226.182172596 -102.62494080000047
v -553630.1511171233 6541225.8297698265 -102.62494080000047
v -553630.2861129966 6541225.47667011 -102.62494080000047
v -553630.416045951 6541225.122092313 -102.62494080000047
v -553630.5464591589 6541224.767654653 -102.62494080000047
v -553630.6591378633 6541224.408038768 -102.62494080000047
v -553630.7482284486 6541224.041536047 -102.62494080000047
v -553630.8372413256 6541223.675010783 -102.62494080000047
v -553630.9278440697 6541223.308949567 -102.62494080000047
v -553631.0043063952 6541222.938759618 -102.62494080000047
v -553631.0603874746 6541222.562619231 -102.62494080000047
v -553631.1417251086 6541222.1938528735 -102.62494080000047
v -553631.2637886717 6541221.836977155 -102.62494080000047
v -553631.387528452 6541221.480590988 -102.62494080000047
v -553631.5186427552 6541221.12635811 -102.62494080000047
v -553631.5967543733 6541220.756649851 -102.62494080000047
v -553631.6791155372 6541220.388182191 -102.62494080000047
v -553631.7648896346 6541220.020711153 -102.62494080000047
v -553631.868905952 6541219.658566454 -102.62494080000047
v -553631.9534101519 6541219.290724643 -102.62494080000047
v -553632.046919661 6541218.925511974 -102.62494080000047
v -553632.1538755897 6541218.564225412 -102.62494080000047
v -553632.2715855889 6541218.206078868 -102.62494080000047
v -553632.3562585321 6541217.838286324 -102.62494080000047
v -553632.4258505617 6541217.46609045 -102.62494080000047
v -553632.4969914595 6541217.094346945 -102.62494080000047
v -553632.580733168 6541216.7262826525 -102.62494080000047
v -553632.6316394449 6541216.348631227 -102.62494080000047
v -553632.6884902765 6541215.972715296 -102.62494080000047
v -553632.7464751494 6541215.597130614 -102.62494080000047
v -553632.791019618 6541215.217621873 -102.62494080000047
v -553632.8550291692 6541214.843796284 -102.62494080000047
v -553632.9399396746 6541214.476072894 -102.62494080000047
v -553633.021944644 6541214.107501525 -102.62494080000047
v -553633.1199476725 6541213.743600978 -102.62494080000047
v -553633.0783741876 6541213.338948018 -102.62494080000047
v -553632.9938833885 6541212.9217646 -102.62494080000047
v -553632.987441564 6541212.527369349 -102.62494080000047
v -553632.9840026711 6541212.133850722 -102.62494080000047
v -553633.0426243528 6541211.758451825 -102.62494080000047
v -553633.1330669135 6541211.3923438415 -102.62494080000047
v -553633.2229070669 6541211.026060118 -102.62494080000047
v -553633.2229070669 6541211.026060118 -102.62494080000047
v -553633.2229070669 6541211.026060118 -102.62494080000047
v -553633.2229070669 6541211.026060118 -102.62494080000047
v -553633.2229070669 6541211.026060118 -102.62494080000047
v -553633.2229070669 6541211.026060118 -102.62494080000047
v -553633.2229070669 6541211.026060118 -102.62494080000047
v -553633.2229070669 6541211.026060118 -102.62494080000047
v -553633.2229070669 6541211.026060118 -102.62494080000047
v -553633.2229070669 6541211.026060118 -102.62494080000047
v -553633.2229070669 6541211.026060118 -102.62494080000047
v -553633.2229070669 6541211.026060118 -102.62494080000047
v -553633.2229070669 6541211.026060118 -102.62494080000047
v -553633.2229070669 6541211.026060118 -102.62494080000047
v -553633.2229070669 6541211.026060118 -102.62494080000047
v -553633.2229070669 6541211.026060118 -102.62494080000047
v -553633.2229070669 6541211.026060118 -102.62494080000047
v -553633.2229070669 6541211.026060118 -102.62494080000047
v -553633.2229070669 6541211.026060118 -102.62494080000047
v -553633.2229070669 6541211.026060118 -102.62494080000047
v -553633.2229070669 6541211.026060118 -102.62494080000047
v -553633.2229070669 6541211.026060118 -102.62494080000047
v -553633.2229070669 6541211.026060118 -102.62494080000047
v -553633.2229070669 6541211.026060118 -102.62494080000047
v -553633.2229070669 6541211.026060118 -102.62494080000047
v -553633.2229070669 6541211.026060118 -102.62494080000047
v -553633.2229070669 6541211.026060118 -102.62494080000047
v -553633.2229070669 6541211.026060118 -102.62494080000047
v -553633.2229070669 6541211.026060118 -102.62494080000047
v -553633.2229070669 6541211.026060118 -102.62494080000047
v -553633.2229070669 6541211.026060118 -102.62494080000047
v -553633.2229070669 6541211.026060118 -102.62494080000047
v -553633.2229070669 6541211.026060118 -102.62494080000047
v -553633.2229070669 6541211.026060118 -102.62494080000047
v -553633.2229070669 6541211.026060118 -102.62494080000047
v -553633.2229070669 6541211.026060118 -102.62494080000047
v -553633.2229070669 6541211.026060118 -102.62494080000047
v -553633.2229070669 6541211.026060118 -102.62494080000047
v -553633.2229070669 6541211.026060118 -102.62494080000047
v -553633.2229070669 6541211.026060118 -102.62494080000047
v -553633.2229070669 6541211.026060118 -102.62494080000047
v -553633.2229070669 6541211.026060118 -102.62494080000047
v -553633.2229070669 6541211.026060118 -102.62494080000047
v -553633.2229070669 6541211.026060118 -102.62494080000047
v -553633.2229070669 6541211.026060118 -102.62494080000047
v -553633.2229070669 6541211.026060118 -102.62494080000047
v -553633.2229070669 6541211.026060118 -102.62494080000047
v -553633.2229070669 6541211.026060118 -102.62494080000047
v -553633.2229070669 6541211.026060118 -102.62494080000047
v -553633.2229070669 6541211.026060118 -102.62494080000047
v -553633.2229070669 6541211.026060118 -102.62494080000047
v -553633.2229070669 6541211.026060118 -102.62494080000047
v -553633.2229070669 6541211.026060118 -102.62494080000047
v -553633.2229070669 6541211.026060118 -102.62494080000047
v -553633.2229070669 6541211.026060118 -102.62494080000047
v -553633.2229070669 6541211.026060118 -102.62494080000047
v -553633.2229070669 6541211.026060118 -102.62494080000047
v -553633.2229070669 6541211.026060118 -102.62494080000047
v -553633.2229070669 6541211.026060118 -102.62494080000047
v -553633.2229070669 6541211.026060118 -102.62494080000047
v -553633.2229070669 6541211.026060118 -102.62494080000047
v -553633.2229070669 6541211.026060118 -102.62494080000047
v -553633.2229070669 6541211.026060118 -102.62494080000047
v -553633.2229070669 6541211.026060118 -102.62494080000047
v -553633.2229070669 6541211.026060118 -102.62494080000047
v -553633.2229070669 6541211.026060118 -102.62494080000047
v -553633.2229070669 6541211.026060118 -102.62494080000047
v -553633.2229070669 6541211.026060118 -102.62494080000047
v -553633.2229070669 6541211.026060118 -102.62494080000047
v -553633.2229070669 6541211.026060118 -102.62494080000047
v -553633.2229070669 6541211.026060118 -102.62494080000047
v -553633.2229070669 6541211.026060118 -102.62494080000047
v -553633.2229070669 6541211.026060118 -102.62494080000047
v -553633.2229070669 6541211.026060118 -102.62494080000047
v -553633.2229070669 6541211.026060118 -102.62494080000047
v -553633.2229070669 6541211.026060118 -102.62494080000047
v -553633.2229070669 6541211.026060118 -102.62494080000047
v -553633.2229070669 6541211.026060118 -102.62494080000047
v -553633.2229070669 6541211.026060118 -102.62494080000047
v -553633.2229070669 6541211.026060118 -102.62494080000047
v -553633.2229070669 6541211.026060118 -102.62494080000047
v -553633.2229070669 6541211.026060118 -102.62494080000047
v -553633.2229070669 6541211.026060118 -102.62494080000047
v -553633.2229070669 6541211.026060118 -102.62494080000047
v -553633.2229070669 6541211.026060118 -102.62494080000047
v -553633.2229070669 6541211.026060118 -102.62494080000047
v -553633.2229070669 6541211.026060118 -102.62494080000047
v -553633.2229070669 6541211.026060118 -102.62494080000047
v -553633.2229070669 6541211.026060118 -102.62494080000047
v -553633.2229070669 6541211.026060118 -102.62494080000047
v -553633.2229070669 6541211.026060118 -102.62494080000047
v -553633.2229070669 6541211.026060118 -102.62494080000047
v -553633.2229070669 6541211.026060118 -102.62494080000047
v -553633.2229070669 6541211.026060118 -102.62494080000047
v -553633.2229070669 6541211.026060118 -102.62494080000047
v -553633.2229070669 6541211.026060118 -102.62494080000047
v -553633.2229070669 6541211.026060118 -102.62494080000047
v -553633.2229070669 6541211.026060118 -102.62494080000047
v -553633.2229070669 6541211.026060118 -102.62494080000047
v -553633.2229070669 6541211.026060118 -102.62494080000047
v -553633.2229070669 6541211.026060118 -102.62494080000047
v -553633.2229070669 6541211.026060118 -102.62494080000047
v -553633.2229070669 6541211.026060118 -102.62494080000047
v -553633.2229070669 6541211.026060118 -102.62494080000047
v -553633.2229070669 6541211.026060118 -102.62494080000047
v -553633.2229070669 6541211.026060118 -102.62494080000047
v -553633.2229070669 6541211.026060118 -102.62494080000047
v -553633.2229070669 6541211.026060118 -102.62494080000047
v -553633.2229070669 6541211.026060118 -102.62494080000047
v -553633.2229070669 6541211.026060118 -102.62494080000047
v -553633.2229070669 6541211.026060118 -102.62494080000047
v -553633.2229070669 6541211.026060118 -102.62494080000047
v -553633.2229070669 6541211.026060118 -102.62494080000047
v -553633.2229070669 6541211.026060118 -102.62494080000047
v -553633.2229070669 6541211.026060118 -102.62494080000047
v -553633.2229070669 6541211.026060118 -102.62494080000047
v -553633.2229070669 6541211.026060118 -102.62494080000047
v -553633.2229070669 6541211.026060118 -102.62494080000047
v -553633.2229070669 6541211.026060118 -102.62494080000047
v -553633.2229070669 6541211.026060118 -102.62494080000047
v -553633.2229070669 6541211.026060118 -102.62494080000047
v -553633.2229070669 6541211.026060118 -102.62494080000047
v -553633.2229070669 6541211.026060118 -102.62494080000047
v -553633.2229070669 6541211.026060118 -102.62494080000047
v -553633.2229070669 6541211.026060118 -102.62494080000047
v -553633.2229070669 6541211.026060118 -102.62494080000047
v -553633.2229070669 6541211.026060118 -102.62494080000047
v -553633.2229070669 6541211.026060118 -102.62494080000047
v -553633.2229070669 6541211.026060118 -102.62494080000047
v -553633.2229070669 6541211.026060118 -102.62494080000047
v -553633.2229070669 6541211.026060118 -102.62494080000047
v -553633.2229070669 6541211.026060118 -102.62494080000047
v -553633.2229070669 6541211.026060118 -102.62494080000047
v -553633.2229070669 6541211.026060118 -102.62494080000047
v -553633.2229070669 6541211.026060118 -102.62494080000047
v -553633.2229070669 6541211.026060118 -102.62494080000047
v -553633.2229070669 6541211.026060118 -102.62494080000047
v -553633.2229070669 6541211.026060118 -102.62494080000047
v -553633.2229070669 6541211.026060118 -102.62494080000047
v -553633.2229070669 6541211.026060118 -102.62494080000047
v -553633.2229070669 6541211.026060118 -102.62494080000047
v -553633.2229070669 6541211.026060118 -102.62494080000047
v -553633.2229070669 6541211.026060118 -102.62494080000047
v -553633.2229070669 6541211.026060118 -102.62494080000047
v -553633.2229070669 6541211.026060118 -102.62494080000047
v -553633.2229070669 6541211.026060118 -102.62494080000047
v -553633.2229070669 6541211.026060118 -102.62494080000047
v -553633.2229070669 6541211.026060118 -102.62494080000047
v -553633.2229070669 6541211.026060118 -102.62494080000047
v -553633.2229070669 6541211.026060118 -102.62494080000047
v -553633.2229070669 6541211.026060118 -102.62494080000047
v -553633.2229070669 6541211.026060118 -102.62494080000047
v -553633.2229070669 6541211.026060118 -102.62494080000047
v -553633.2229070669 6541211.026060118 -102.62494080000047
v -553633.2229070669 6541211.026060118 -102.62494080000047
v -553633.2229070669 6541211.026060118 -102.62494080000047
v -553633.2229070669 6541211.026060118 -102.62494080000047
v -553633.2229070669 6541211.026060118 -102.62494080000047
v -553633.2229070669 6541211.026060118 -102.62494080000047
v -553633.2229070669 6541211.026060118 -102.62494080000047
v -553633.2229070669 6541211.026060118 -102.62494080000047
v -553633.2229070669 6541211.026060118 -102.62494080000047
v -553633.2229070669 6541211.026060118 -102.62494080000047
v -553633.2229070669 6541211.026060118 -102.62494080000047
v -553633.2229070669 6541211.026060118 -102.62494080000047
v -553633.2229070669 6541211.026060118 -102.62494080000047
v -553633.2229070669 6541211.026060118 -102.62494080000047
v -553633.2229070669 6541211.026060118 -102.62494080000047
v -553633.2229070669 6541211.026060118 -102.62494080000047
v -553633.2229070669 6541211.026060118 -102.62494080000047
v -553633.2229070669 6541211.026060118 -102.62494080000047
v -553633.2229070669 6541211.026060118 -102.62494080000047
v -553633.2229070669 6541211.026060118 -102.62494080000047
v -553633.2229070669 6541211.026060118 -102.62494080000047
v -553633.2229070669 6541211.026060118 -102.62494080000047
v -553633.2229070669 6541211.026060118 -102.62494080000047
v -553633.2229070669 6541211.026060118 -102.62494080000047
v -553633.2229070669 6541211.026060118 -102.62494080000047
v -553633.2229070669 6541211.026060118 -102.62494080000047
v -553633.2229070669 6541211.026060118 -102.62494080000047
v -553633.2229070669 6541211.026060118 -102.62494080000047
v -553633.2229070669 6541211.026060118 -102.62494080000047
v -553633.2229070669 6541211.026060118 -102.62494080000047
v -553633.2229070669 6541211.026060118 -102.62494080000047
v -553633.2229070669 6541211.026060118 -102.62494080000047
v -553633.2229070669 6541211.026060118 -102.62494080000047
v -553633.2229070669 6541211.026060118 -102.62494080000047
v -553633.2229070669 6541211.026060118 -102.62494080000047
v -553633.2229070669 6541211.026060118 -102.62494080000047
v -553633.2229070669 6541211.026060118 -102.62494080000047
v -553633.2229070669 6541211.026060118 -102.62494080000047
v -553633.2229070669 6541211.026060118 -102.62494080000047
v -553633.2229070669 6541211.026060118 -102.62494080000047
v -553633.2229070669 6541211.026060118 -102.62494080000047
v -553633.2229070669 6541211.026060118 -102.62494080000047
v -553633.2229070669 6541211.026060118 -102.62494080000047
v -553633.2229070669 6541211.026060118 -102.62494080000047
v -553633.2229070669 6541211.026060118 -102.62494080000047
v -553633.2229070669 6541211.026060118 -102.62494080000047
v -553633.2229070669 6541211.026060118 -102.62494080000047
v -553633.2229070669 6541211.026060118 -102.62494080000047
v -553633.2229070669 6541211.026060118 -102.62494080000047
v -553633.2229070669 6541211.026060118 -102.62494080000047
v -553594.6938174949 6541277.10206115 -102.72369600000047
v -553594.8727643333 6541276.761793919 -102.72369600000047
v -553594.9947603035 6541276.404898609 -102.72369600000047
v -553595.1816571753 6541276.066952317 -102.72369600000047
v -553595.3411420911 6541275.721002686 -102.72369600000047
v -553595.7028506331 6541275.434096602 -102.72369600000047
v -553595.9068286147 6541275.101137646 -102.72369600000047
v -553596.122814537 6541274.771684508 -102.72369600000047
v -553596.2627483172 6541274.420026516 -102.72369600000047
v -553596.4855168344 6541274.092554 -102.72369600000047
v -553596.6654488725 6541273.75257433 -102.72369600000047
v -553596.8321531608 6541273.408732394 -102.72369600000047
v -553596.9480102966 6541273.050044725 -102.72369600000047
v -553596.9078552598 6541272.645806206 -102.72369600000047
v -553596.9721413396 6541272.272061293 -102.72369600000047
v -553597.0453392789 6541271.900918232 -102.72369600000047
v -553597.1676421989 6541271.5441125445 -102.72369600000047
v -553597.3024537056 6541271.190959149 -102.72369600000047
v -553597.592507151 6541270.883131716 -102.72369600000047
v -553597.7454814187 6541270.535281015 -102.72369600000047
v -553598.0222960355 6541270.22358823 -102.72369600000047
v -553598.0990084462 6541269.853471596 -102.72369600000047
v -553598.2894354811 6541269.516556159 -102.72369600000047
v -553598.3204683489 6541269.133102128 -102.72369600000047
v -553598.4036662487 6541268.7648790665 -102.72369600000047
v -553598.5479083946 6541268.41447899 -102.72369600000047
v -553598.6945981679 6541268.0647934 -102.72369600000047
v -553598.8228743376 6541267.70973179 -102.72369600000047
v -553599.1541013763 6541267.413925932 -102.72369600000047
v -553599.3298337309 6541267.072720078 -102.72369600000047
v -553599.5420742664 6541266.742173396 -102.72369600000047
v -553599.8032921021 6541266.425926808 -102.72369600000047
v -553599.9331187261 6541266.071317973 -102.72369600000047
v -553599.9620467101 6541265.687249527 -102.72369600000047
v -553600.0425430896 6541265.318237399 -102.72369600000047
v -553600.1512491293 6541264.957461818 -102.72369600000047
v -553600.303354419 6541264.609357703 -102.72369600000047
v -553600.4019532504 6541264.245631111 -102.72369600000047
v -553600.5132535764 6541263.885612835 -102.72369600000047
v -553600.5876764256 6541263.514827563 -102.72369600000047
v -553600.660081503 6541263.143453313 -102.72369600000047
v -553600.9449943525 6541262.834124976 -102.72369600000047
v -553601.1019694825 6541262.487442409 -102.72369600000047
v -553601.3869953414 6541262.178147068 -102.72369600000047
v -553601.540854252 6541261.830554958 -102.72369600000047
v -553601.6076563293 6541261.457544643 -102.72369600000047
v -553602.027166644 6541261.187514687 -102.72369600000047
v -553602.0475444257 6541260.800949984 -102.72369600000047
v -553602.3091347133 6541260.48481214 -102.72369600000047
v -553602.429464629 6541260.127430242 -102.72369600000047
v -553602.6337756022 6541259.79456851 -102.72369600000047
v -553602.7907583471 6541259.447888468 -102.72369600000047
v -553602.9057090787 6541259.088936155 -102.72369600000047
v -553602.9418959317 6541258.706986938 -102.72369600000047
v -553603.1304578148 6541258.369526997 -102.72369600000047
v -553603.2220319395 6541258.003749483 -102.72369600000047
v -553603.3136060905 6541257.63797189 -102.72369600000047
v -553603.397419206 6541257.269928152 -102.72369600000047
v -553603.4749333065 6541256.900045436 -102.72369600000047
v -553603.5524473554 6541256.530162855 -102.72369600000047
v -553603.3219336573 6541256.0703450125 -102.72369600000047
v -553603.2875527546 6541255.667792071 -102.72369600000047
v -553603.3989198667 6541255.307793446 -102.72369600000047
v -553603.5017068844 6541254.945289834 -102.72369600000047
v -553603.1773179142 6541254.458063153 -102.72369600000047
v -553602.9702596933 6541254.005093475 -102.72369600000047
v -553603.1255142178 6541253.657908693 -102.72369600000047
v -553603.4925605606 6541253.372561091 -102.72369600000047
v -553603.5295046259 6541252.990833107 -102.72369600000047
v -553603.5406292479 6541252.60156645 -102.72369600000047
v -553603.6386198472 6541252.237662424 -102.72369600000047
v -553603.708968912 6541251.865687726 -102.72369600000047
v -553603.8203583302 6541251.505695462 -102.72369600000047
v -553604.0641643509 6541251.184365133 -102.72369600000047
v -553604.2662810633 6541250.850862892 -102.72369600000047
v -553604.5310055945 6541250.535640156 -102.72369600000047
v -553604.3883058071 6541250.1014612615 -102.72369600000047
v -553604.4792511194 6541249.735500068 -102.72369600000047
v -553604.6129298208 6541249.382015926 -102.72369600000047
v -553604.6224409548 6541248.992278392 -102.72369600000047
v -553604.6485248992 6541248.607379356 -102.72369600000047
v -553604.7072181477 6541248.2320015 -102.72369600000047
v -553604.9375701033 6541247.906743127 -102.72369600000047
v -553605.137033565 6541247.572466063 -102.72369600000047
v -553605.3752554475 6541247.249505176 -102.72369600000047
v -553605.4047913738 6541246.865614234 -102.72369600000047
v -553605.5352320943 6541246.511184696 -102.72369600000047
v -553605.6985993432 6541246.1663685925 -102.72369600000047
v -553605.9330292736 6541245.842300567 -102.72369600000047
v -553605.853365374 6541245.426526463 -102.72369600000047
v -553605.987343402 6541245.073129715 -102.72369600000047
v -553606.1008892156 6541244.713767206 -102.72369600000047
v -553606.199015939 6541244.349902623 -102.72369600000047
v -553606.2962484912 6541243.98577727 -102.72369600000047
v -553606.4540075163 6541243.639323728 -102.72369600000047
v -553606.6527965768 6541243.304849609 -102.72369600000047
v -553606.6674844709 6541242.916623475 -102.72369600000047
v -553606.6947493963 6541242.532069617 -102.72369600000047
v -553606.9464737297 6541242.213051202 -102.72369600000047
v -553607.13394303 6541241.875272043 -102.72369600000047
v -553607.3938297016 6541241.558636794 -102.72369600000047
v -553607.493111269 6541241.195109693 -102.72369600000047
v -553607.599439626 6541240.833639897 -102.72369600000047
v -553607.6274664894 6541240.449308202 -102.72369600000047
v -553607.6151015927 6541240.053183442 -102.72369600000047
v -553607.607070738 6541239.658324247 -102.72369600000047
v -553607.6019543402 6541239.264315901 -102.72369600000047
v -553607.5887039582 6541238.86793239 -102.72369600000047
v -553607.6645091407 6541238.497550719 -102.72369600000047
v -553607.8110163443 6541238.147812126 -102.72369600000047
v -553607.8217522196 6541237.758432116 -102.72369600000047
v -553607.8252251045 6541237.366931376 -102.72369600000047
v -553607.9477457331 6541237.010189252 -102.72369600000047
v -553608.1566335374 6541236.678663973 -102.72369600000047
v -553608.2999168724 6541236.327983952 -102.72369600000047
v -553608.3190553744 6541235.941057114 -102.72369600000047
v -553608.3281123302 6541235.55118691 -102.72369600000047
v -553608.3393997537 6541235.161968088 -102.72369600000047
v -553608.3156205562 6541234.762510685 -102.72369600000047
v -553608.3477031742 6541234.37936315 -102.72369600000047
v -553608.3242013189 6541233.979986875 -102.72369600000047
v -553608.3321243381 6541233.5897855945 -102.72369600000047
v -553608.3476883628 6541233.2018151125 -102.72369600000047
v -553608.425790598 6541232.832104115 -102.72369600000047
v -553608.5164493279 6541232.466059398 -102.72369600000047
v -553608.5789788541 6541232.091801622 -102.72369600000047
v -553608.6974176266 6541231.733867564 -102.72369600000047
v -553608.8456105089 6541231.384620989 -102.72369600000047
v -553609.0149761967 6541231.041556406 -102.72369600000047
v -553609.2132635991 6541230.706935966 -102.72369600000047
v -553609.4019524936 6541230.369512893 -102.72369600000047
v -553609.579126507 6541230.028727963 -102.72369600000047
v -553609.7072436906 6541229.67362002 -102.72369600000047
v -553609.9103448507 6541229.340405123 -102.72369600000047
v -553609.9636777075 6541228.963461974 -102.72369600000047
v -553610.1810189246 6541228.634404693 -102.72369600000047
v -553610.2788283015 6541228.270447756 -102.72369600000047
v -553610.5104047247 6541227.94554674 -102.72369600000047
v -553610.8367184579 6541227.648306102 -102.72369600000047
v -553611.1578776626 6541227.349560644 -102.72369600000047
v -553611.4438446285 6541227.0405402295 -102.72369600000047
v -553611.6451384878 6541226.706797589 -102.72369600000047
v -553611.973106105 6541226.410039837 -102.72369600000047
v -553612.1347765549 6541226.064728469 -102.72369600000047
v -553612.0543573837 6541225.648733846 -102.72369600000047
v -553612.0557509096 6541225.256625993 -102.72369600000047
v -553612.1536704842 6541224.89270108 -102.72369600000047
v -553612.188875629 6541224.510465534 -102.72369600000047
v -553612.2143407684 6541224.12538604 -102.72369600000047
v -553612.3900789614 6541223.78418174 -102.72369600000047
v -553612.4107549645 6541223.397703959 -102.72369600000047
v -553612.4314308944 6541223.011226307 -102.72369600000047
v -553612.4748487341 6541222.631388477 -102.72369600000047
v -553612.5177877467 6541222.251410693 -102.72369600000047
v -553612.5432458526 6541221.866329146 -102.72369600000047
v -553612.2931773852 6541221.400802034 -102.72369600000047
v -553612.1554424426 6541220.96807288 -102.72369600000047
v -553612.2133628114 6541220.592469214 -102.72369600000047
v -553612.0300066766 6541220.146420005 -102.72369600000047
v -553612.1554276753 6541219.790524855 -102.72369600000047
v -553612.1627614059 6541219.400151584 -102.72369600000047
v -553612.1741156972 6541219.010951919 -102.72369600000047
v -553612.0903500523 6541218.593980225 -102.72369600000047
v -553612.0670085005 6541218.194650753 -102.72369600000047
v -553612.048289467 6541217.79667077 -102.72369600000047
v -553612.1274486571 6541217.42726822 -102.72369600000047
v -553612.5161420095 6541217.148240913 -102.72369600000047
v -553612.2579798665 6541216.680350532 -102.72369600000047
v -553612.3072876723 6541216.30223225 -102.72369600000047
v -553612.4792863141 6541215.959936261 -102.72369600000047
v -553612.6526163948 6541215.618029165 -102.72369600000047
v -553612.80332701 6541215.269517694 -102.72369600000047
v -553613.0233058103 6541214.94123036 -102.72369600000047
v -553613.3304128957 6541214.638382092 -102.72369600000047
v -553613.4053283269 6541214.267740792 -102.72369600000047
v -553613.5541472676 6541213.918677006 -102.72369600000047
v -553613.6203203769 6541213.5454829 -102.72369600000047
v -553613.6615932089 6541213.165018791 -102.72369600000047
v -553613.7716052829 6541212.804624686 -102.72369600000047
v -553613.9577204856 6541212.46645032 -102.72369600000047
v -553614.1523220715 6541212.13075358 -102.72369600000047
v -553614.2931421122 6541211.77935435 -102.72369600000047
v -553614.424965552 6541211.425328527 -102.72369600000047
v -553614.3895944111 6541211.022486614 -102.72369600000047
v -553614.173620722 6541210.56691388 -102.72369600000047
v -553614.3458521509 6541210.224685858 -102.72369600000047
v -553614.475120736 6541209.869914092 -102.72369600000047
v -553614.4663537277 6541209.474839875 -102.72369600000047
v -553614.4455591221 6541209.076253669 -102.72369600000047
v -553614.4468911799 6541208.684128172 -102.72369600000047
v -553614.3274710929 6541208.256746422 -102.72369600000047
v -553613.9849580268 6541207.764227882 -102.72369600000047
v -553613.972835442 6541207.36817387 -102.72369600000047
v -553613.6102649857 6541206.869799463 -102.72369600000047
v -553613.5579986543 6541206.462024648 -102.72369600000047
v -553613.2259056511 6541205.972548462 -102.72369600000047
v -553612.9482298258 6541205.498960657 -102.72369600000047
v -553612.9396696588 6541205.10394692 -102.72369600000047
v -553612.956324386 6541204.716295042 -102.72369600000047
v -553612.414013976 6541204.16544151 -102.72369600000047
v -553612.1811835595 6541203.704947255 -102.72369600000047
v -553612.1811835595 6541203.704947255 -102.72369600000047
v -553612.1811835595 6541203.704947255 -102.72369600000047
v -553612.1811835595 6541203.704947255 -102.72369600000047
v -553612.1811835595 6541203.704947255 -102.72369600000047
v -553612.1811835595 6541203.704947255 -102.72369600000047
v -553612.1811835595 6541203.704947255 -102.72369600000047
v -553612.1811835595 6541203.704947255 -102.72369600000047
v -553612.1811835595 6541203.704947255 -102.72369600000047
v -553612.1811835595 6541203.704947255 -102.72369600000047
v -553612.1811835595 6541203.704947255 -102.72369600000047
v -553612.1811835595 6541203.704947255 -102.72369600000047
v -553612.1811835595 6541203.704947255 -102.72369600000047
v -553612.1811835595 6541203.704947255 -102.72369600000047
v -553612.1811835595 6541203.704947255 -102.72369600000047
v -553612.1811835595 6541203.704947255 -102.72369600000047
v -553612.1811835595 6541203.704947255 -102.72369600000047
v -553612.1811835595 6541203.704947255 -102.72369600000047
v -553612.1811835595 6541203.704947255 -102.72369600000047
v -553612.1811835595 6541203.704947255 -102.72369600000047
v -553612.1811835595 6541203.704947255 -102.72369600000047
v -553612.1811835595 6541203.704947255 -102.72369600000047
v -553612.1811835595 6541203.704947255 -102.72369600000047
v -553612.1811835595 6541203.704947255 -102.72369600000047
v -553612.1811835595 6541203.704947255 -102.72369600000047
v -553612.1811835595 6541203.704947255 -102.72369600000047
v -553612.1811835595 6541203.704947255 -102.72369600000047
v -553612.1811835595 6541203.704947255 -102.72369600000047
v -553612.1811835595 6541203.704947255 -102.72369600000047
v -553612.1811835595 6541203.704947255 -102.72369600000047
v -553612.1811835595 6541203.704947255 -102.72369600000047
v -553612.1811835595 6541203.704947255 -102.72369600000047
v -553612.1811835595 6541203.704947255 -102.72369600000047
v -553612.1811835595 6541203.704947255 -102.72369600000047
v -553612.1811835595 6541203.704947255 -102.72369600000047
v -553612.1811835595 6541203.704947255 -102.72369600000047
v -553612.1811835595 6541203.704947255 -102.72369600000047
v -553612.1811835595 6541203.704947255 -102.72369600000047
v -553612.1811835595 6541203.704947255 -102.72369600000047
v -553612.1811835595 6541203.704947255 -102.72369600000047
v -553612.1811835595 6541203.704947255 -102.72369600000047
v -553612.1811835595 6541203.704947255 -102.72369600000047
v -553612.1811835595 6541203.704947255 -102.72369600000047
v -553612.1811835595 6541203.704947255 -102.72369600000047
v -553612.1811835595 6541203.704947255 -102.72369600000047
v -553612.1811835595 6541203.704947255 -102.72369600000047
v -553612.1811835595 6541203.704947255 -102.72369600000047
v -553612.1811835595 6541203.704947255 -102.72369600000047
v -553612.1811835595 6541203.704947255 -102.72369600000047
v -553612.1811835595 6541203.704947255 -102.72369600000047
v -553612.1811835595 6541203.704947255 -102.72369600000047
v -553612.1811835595 6541203.704947255 -102.72369600000047
v -553612.1811835595 6541203.704947255 -102.72369600000047
v -553612.1811835595 6541203.704947255 -102.72369600000047
v -553612.1811835595 6541203.704947255 -102.72369600000047
v -553612.1811835595 6541203.704947255 -102.72369600000047
v -553612.1811835595 6541203.704947255 -102.72369600000047
v -553612.1811835595 6541203.704947255 -102.72369600000047
v -553612.1811835595 6541203.704947255 -102.72369600000047
v -553612.1811835595 6541203.704947255 -102.72369600000047
v -553612.1811835595 6541203.704947255 -102.72369600000047
v -553612.1811835595 6541203.704947255 -102.72369600000047
v -553612.1811835595 6541203.704947255 -102.72369600000047
v -553612.1811835595 6541203.704947255 -102.72369600000047
v -553612.1811835595 6541203.704947255 -102.72369600000047
v -553612.1811835595 6541203.704947255 -102.72369600000047
v -553612.1811835595 6541203.704947255 -102.72369600000047
v -553612.1811835595 6541203.704947255 -102.72369600000047
v -553612.1811835595 6541203.704947255 -102.72369600000047
v -553612.1811835595 6541203.704947255 -102.72369600000047
v -553612.1811835595 6541203.704947255 -102.72369600000047
v -553612.1811835595 6541203.704947255 -102.72369600000047
v -553612.1811835595 6541203.704947255 -102.72369600000047
v -553612.1811835595 6541203.704947255 -102.72369600000047
v -553612.1811835595 6541203.704947255 -102.72369600000047
v -553612.1811835595 6541203.704947255 -102.72369600000047
v -553612.1811835595 6541203.704947255 -102.72369600000047
v -553612.1811835595 6541203.704947255 -102.72369600000047
v -553612.1811835595 6541203.704947255 -102.72369600000047
v -553612.1811835595 6541203.704947255 -102.72369600000047
v -553612.1811835595 6541203.704947255 -102.72369600000047
v -553612.1811835595 6541203.704947255 -102.72369600000047
v -553612.1811835595 6541203.704947255 -102.72369600000047
v -553612.1811835595 6541203.704947255 -102.72369600000047
v -553612.1811835595 6541203.704947255 -102.72369600000047
v -553612.1811835595 6541203.704947255 -102.72369600000047
v -553612.1811835595 6541203.704947255 -102.72369600000047
v -553612.1811835595 6541203.704947255 -102.72369600000047
v -553612.1811835595 6541203.704947255 -102.72369600000047
v -553612.1811835595 6541203.704947255 -102.72369600000047
v -553612.1811835595 6541203.704947255 -102.72369600000047
v -553612.1811835595 6541203.704947255 -102.72369600000047
v -553612.1811835595 6541203.704947255 -102.72369600000047
v -553612.1811835595 6541203.704947255 -102.72369600000047
v -553612.1811835595 6541203.704947255 -102.72369600000047
v -553612.1811835595 6541203.704947255 -102.72369600000047
v -553612.1811835595 6541203.704947255 -102.72369600000047
v -553612.1811835595 6541203.704947255 -102.72369600000047
v -553612.1811835595 6541203.704947255 -102.72369600000047
v -553612.1811835595 6541203.704947255 -102.72369600000047
v -553612.1811835595 6541203.704947255 -102.72369600000047
v -553612.1811835595 6541203.704947255 -102.72369600000047
v -553612.1811835595 6541203.704947255 -102.72369600000047
v -553612.1811835595 6541203.704947255 -102.72369600000047
v -553612.1811835595 6541203.704947255 -102.72369600000047
v -553612.1811835595 6541203.704947255 -102.72369600000047
v -553612.1811835595 6541203.704947255 -102.72369600000047
v -553612.1811835595 6541203.704947255 -102.72369600000047
v -553612.1811835595 6541203.704947255 -102.72369600000047
v -553612.1811835595 6541203.704947255 -102.72369600000047
v -553612.1811835595 6541203.704947255 -102.72369600000047
v -553612.1811835595 6541203.704947255 -102.72369600000047
v -553612.1811835595 6541203.704947255 -102.72369600000047
v -553612.1811835595 6541203.704947255 -102.72369600000047
v -553612.1811835595 6541203.704947255 -102.72369600000047
v -553612.1811835595 6541203.704947255 -102.72369600000047
v -553612.1811835595 6541203.704947255 -102.72369600000047
v -553612.1811835595 6541203.704947255 -102.72369600000047
v -553612.1811835595 6541203.704947255 -102.72369600000047
v -553612.1811835595 6541203.704947255 -102.72369600000047
v -553612.1811835595 6541203.704947255 -102.72369600000047
v -553612.1811835595 6541203.704947255 -102.72369600000047
v -553612.1811835595 6541203.704947255 -102.72369600000047
v -553612.1811835595 6541203.704947255 -102.72369600000047
v -553612.1811835595 6541203.704947255 -102.72369600000047
v -553612.1811835595 6541203.704947255 -102.72369600000047
v -553612.1811835595 6541203.704947255 -102.72369600000047
v -553612.1811835595 6541203.704947255 -102.72369600000047
v -553612.1811835595 6541203.704947255 -102.72369600000047
v -553612.1811835595 6541203.704947255 -102.72369600000047
v -553612.1811835595 6541203.704947255 -102.72369600000047
v -553612.1811835595 6541203.704947255 -102.72369600000047
v -553612.1811835595 6541203.704947255 -102.72369600000047
v -553612.1811835595 6541203.704947255 -102.72369600000047
v -553612.1811835595 6541203.704947255 -102.72369600000047
v -553612.1811835595 6541203.704947255 -102.72369600000047
v -553612.1811835595 6541203.704947255 -102.72369600000047
v -553612.1811835595 6541203.704947255 -102.72369600000047
v -553612.1811835595 6541203.704947255 -102.72369600000047
v -553612.1811835595 6541203.704947255 -102.72369600000047
v -553612.1811835595 6541203.704947255 -102.72369600000047
v -553612.1811835595 6541203.704947255 -102.72369600000047
v -553612.1811835595 6541203.704947255 -102.72369600000047
v -553612.1811835595 6541203.704947255 -102.72369600000047
v -553612.1811835595 6541203.704947255 -102.72369600000047
v -553612.1811835595 6541203.704947255 -102.72369600000047
v -553612.1811835595 6541203.704947255 -102.72369600000047
v -553612.1811835595 6541203.704947255 -102.72369600000047
v -553612.1811835595 6541203.704947255 -102.72369600000047
v -553612.1811835595 6541203.704947255 -102.72369600000047
v -553612.1811835595 6541203.704947255 -102.72369600000047
v -553612.1811835595 6541203.704947255 -102.72369600000047
v -553612.1811835595 6541203.704947255 -102.72369600000047
v -553612.1811835595 6541203.704947255 -102.72369600000047
v -553612.1811835595 6541203.704947255 -102.72369600000047
v -553612.1811835595 6541203.704947255 -102.72369600000047
v -553612.1811835595 6541203.704947255 -102.72369600000047
v -553612.1811835595 6541203.704947255 -102.72369600000047
v -553612.1811835595 6541203.704947255 -102.72369600000047
v -553612.1811835595 6541203.704947255 -102.72369600000047
v -553612.1811835595 6541203.704947255 -102.72369600000047
v -553612.1811835595 6541203.704947255 -102.72369600000047
v -553612.1811835595 6541203.704947255 -102.72369600000047
v -553612.1811835595 6541203.704947255 -102.72369600000047
v -553612.1811835595 6541203.704947255 -102.72369600000047
v -553612.1811835595 6541203.704947255 -102.72369600000047
v -553612.1811835595 6541203.704947255 -102.72369600000047
v -553612.1811835595 6541203.704947255 -102.72369600000047
v -553612.1811835595 6541203.704947255 -102.72369600000047
v -553612.1811835595 6541203.704947255 -102.72369600000047
v -553612.1811835595 6541203.704947255 -102.72369600000047
v -553612.1811835595 6541203.704947255 -102.72369600000047
v -553612.1811835595 6541203.704947255 -102.72369600000047
v -553612.1811835595 6541203.704947255 -102.72369600000047
v -553612.1811835595 6541203.704947255 -102.72369600000047
v -553612.1811835595 6541203.704947255 -102.72369600000047
v -553612.1811835595 6541203.704947255 -102.72369600000047
v -553612.1811835595 6541203.704947255 -102.72369600000047
v -553612.1811835595 6541203.704947255 -102.72369600000047
v -553612.1811835595 6541203.704947255 -102.72369600000047
v -553612.1811835595 6541203.704947255 -102.72369600000047
v -553612.1811835595 6541203.704947255 -102.72369600000047
v -553612.1811835595 6541203.704947255 -102.72369600000047
v -553612.1811835595 6541203.704947255 -102.72369600000047
v -553612.1811835595 6541203.704947255 -102.72369600000047
v -553612.1811835595 6541203.704947255 -102.72369600000047
v -553612.1811835595 6541203.704947255 -102.72369600000047
v -553612.1811835595 6541203.704947255 -102.72369600000047
v -553612.1811835595 6541203.704947255 -102.72369600000047
v -553612.1811835595 6541203.704947255 -102.72369600000047
v -553612.1811835595 6541203.704947255 -102.72369600000047
v -553612.1811835595 6541203.704947255 -102.72369600000047
v -553612.1811835595 6541203.704947255 -102.72369600000047
v -553612.1811835595 6541203.704947255 -102.72369600000047
v -553612.1811835595 6541203.704947255 -102.72369600000047
v -553612.1811835595 6541203.704947255 -102.72369600000047
v -553612.1811835595 6541203.704947255 -102.72369600000047
v -553612.1811835595 6541203.704947255 -102.72369600000047
v -553612.1811835595 6541203.704947255 -102.72369600000047
v -553612.1811835595 6541203.704947255 -102.72369600000047
v -553595.8116175218 6541277.428426126 -102.95412480000047
v -553596.2285068238 6541277.157631149 -102.95412480000047
v -553596.5851294991 6541276.869239987 -102.95412480000047
v -553596.8956692381 6541276.567393803 -102.95412480000047
v -553597.1705299837 6541276.255130546 -102.95412480000047
v -553597.5507384185 6541275.97362589 -102.95412480000047
v -553597.9877112383 6541275.708694625 -102.95412480000047
v -553598.4323815539 6541275.446010655 -102.95412480000047
v -553598.88445961 6541275.185489679 -102.95412480000047
v -553599.3415431225 6541274.926430301 -102.95412480000047
v -553599.7744400526 6541274.660308995 -102.95412480000047
v -553600.0246520505 6541274.340848873 -102.95412480000047
v -553600.1465345367 6541273.98392043 -102.95412480000047
v -553600.2351607572 6541273.617282279 -102.95412480000047
v -553600.2855046074 6541273.239466641 -102.95412480000047
v -553600.3352276615 6541272.8614696 -102.95412480000047
v -553600.3214547745 6541272.464933748 -102.95412480000047
v -553600.2528585364 6541272.052391229 -102.95412480000047
v -553600.2384595759 6541271.655672581 -102.95412480000047
v -553600.2433730733 6541271.264592458 -102.95412480000047
v -553600.3352824961 6541270.898912756 -102.95412480000047
v -553600.6281037689 6541270.591893598 -102.95412480000047
v -553600.930191312 6541270.28757977 -102.95412480000047
v -553601.1403577843 6541269.956427524 -102.95412480000047
v -553601.3115805398 6541269.6139051495 -102.95412480000047
v -553601.4419169339 6541269.259445 -102.95412480000047
v -553601.5745514822 6541268.905655695 -102.95412480000047
v -553601.5289036367 6541268.49981335 -102.95412480000047
v -553601.4400667312 6541268.081361082 -102.95412480000047
v -553601.3798390997 6541267.6712618 -102.95412480000047
v -553601.455302876 6541267.300780298 -102.95412480000047
v -553601.5470142472 6541266.935042771 -102.95412480000047
v -553601.5448028451 6541266.541882685 -102.95412480000047
v -553601.4516912636 6541266.12218225 -102.95412480000047
v -553601.4633310701 6541265.733066012 -102.95412480000047
v -553601.5066337221 6541265.353194552 -102.95412480000047
v -553601.6323472877 6541264.997384823 -102.95412480000047
v -553601.8733579905 6541264.67523834 -102.95412480000047
v -553602.0818360593 6541264.343593129 -102.95412480000047
v -553602.2855743015 6541264.010564177 -102.95412480000047
v -553602.4845730289 6541263.676151576 -102.95412480000047
v -553602.6438925345 6541263.330153649 -102.95412480000047
v -553602.7888463021 6541262.979961197 -102.95412480000047
v -553602.9201326324 6541262.625778401 -102.95412480000047
v -553603.0345339311 6541262.26666582 -102.95412480000047
v -553603.1494419149 6541261.907701026 -102.95412480000047
v -553603.2700809307 6541261.550409375 -102.95412480000047
v -553603.4127701838 6541261.199556051 -102.95412480000047
v -553603.5462081799 6541260.846001479 -102.95412480000047
v -553603.6975540296 6541260.497675328 -102.95412480000047
v -553603.8759925598 6541260.157259598 -102.95412480000047
v -553604.0393319288 6541259.812435505 -102.95412480000047
v -553604.1679415731 6541259.457471195 -102.95412480000047
v -553604.2821250904 6541259.098294728 -102.95412480000047
v -553604.2902832765 6541258.708162174 -102.95412480000047
v -553604.3201611593 6541258.324371158 -102.95412480000047
v -553604.3680511611 6541257.945839069 -102.95412480000047
v -553604.4519101423 6541257.577808722 -102.95412480000047
v -553604.5832906353 6541257.22365342 -102.95412480000047
v -553604.7338325201 6541256.875092835 -102.95412480000047
v -553604.8450284912 6541256.51504424 -102.95412480000047
v -553604.9501439554 6541256.153220166 -102.95412480000047
v -553605.1557052091 6541255.820723481 -102.95412480000047
v -553605.4153241146 6541255.504010201 -102.95412480000047
v -553605.6140153772 6541255.169507678 -102.95412480000047
v -553605.902168961 6541254.861125392 -102.95412480000047
v -553606.0129021511 6541254.50094168 -102.95412480000047
v -553606.1263514863 6541254.141551153 -102.95412480000047
v -553606.2653341743 6541253.789615469 -102.95412480000047
v -553606.4068217066 6541253.438410977 -102.95412480000047
v -553606.5073292691 6541253.07524183 -102.95412480000047
v -553606.5923177238 6541252.707541406 -102.95412480000047
v -553606.6773062272 6541252.339840847 -102.95412480000047
v -553606.7351311715 6541251.964209472 -102.95412480000047
v -553607.0326287149 6541251.658555649 -102.95412480000047
v -553607.0976548992 6541251.285026825 -102.95412480000047
v -553607.104584334 6541250.894535297 -102.95412480000047
v -553607.1130379476 6541250.504488935 -102.95412480000047
v -553607.0511803873 6541250.093913912 -102.95412480000047
v -553607.0062378965 6541249.688277509 -102.95412480000047
v -553607.0537432259 6541249.309632893 -102.95412480000047
v -553607.1139971593 6541248.934710712 -102.95412480000047
v -553607.1827534238 6541248.5622711135 -102.95412480000047
v -553607.2515097428 6541248.18983138 -102.95412480000047
v -553607.3185284848 6541247.816884174 -102.95412480000047
v -553607.3864487555 6541247.44420034 -102.95412480000047
v -553607.4515586793 6541247.070696116 -102.95412480000047
v -553607.5104139112 6541246.695365554 -102.95412480000047
v -553607.5846117848 6541246.324514446 -102.95412480000047
v -553607.4590465154 6541245.895338482 -102.95412480000047
v -553607.5805629574 6541245.538303316 -102.95412480000047
v -553607.7224757202 6541245.187223127 -102.95412480000047
v -553607.9177062421 6541244.85171002 -102.95412480000047
v -553608.0649029285 6541244.502172735 -102.95412480000047
v -553608.182850188 6541244.144095319 -102.95412480000047
v -553608.2898662484 6541243.782826163 -102.95412480000047
v -553608.3968822685 6541243.421557146 -102.95412480000047
v -553608.576008577 6541243.081342379 -102.95412480000047
v -553608.9001414973 6541242.783465157 -102.95412480000047
v -553609.4371572232 6541242.547743351 -102.95412480000047
v -553609.8372425274 6541242.27204201 -102.95412480000047
v -553610.0441390441 6541241.939935332 -102.95412480000047
v -553610.280792063 6541241.616516533 -102.95412480000047
v -553610.55357542 6541241.30364659 -102.95412480000047
v -553610.7623744014 6541240.972095226 -102.95412480000047
v -553610.9669320341 6541240.639305661 -102.95412480000047
v -553611.1827833619 6541240.309813441 -102.95412480000047
v -553611.566936497 6541240.029460157 -102.95412480000047
v -553611.6247087878 6541239.653813409 -102.95412480000047
v -553611.6839844161 6541239.2786057405 -102.95412480000047
v -553611.7630129082 6541238.909165181 -102.95412480000047
v -553611.8285857039 6541238.535795803 -102.95412480000047
v -553611.8964827535 6541238.163105188 -102.95412480000047
v -553611.9582306417 6541237.788619348 -102.95412480000047
v -553611.99260874 6541237.406142177 -102.95412480000047
v -553612.0179214346 6541237.0210180245 -102.95412480000047
v -553612.0392073996 6541236.634718334 -102.95412480000047
v -553612.0901411796 6541236.25707509 -102.95412480000047
v -553612.1367312863 6541235.878163469 -102.95412480000047
v -553612.0508439078 6541235.460572141 -102.95412480000047
v -553611.9549639119 6541235.040063561 -102.95412480000047
v -553611.8738652779 6541234.623870555 -102.95412480000047
v -553611.8527102573 6541234.225179186 -102.95412480000047
v -553611.860428243 6541233.834918042 -102.95412480000047
v -553611.8571304758 6541233.441440769 -102.95412480000047
v -553611.8752306214 6541233.054210912 -102.95412480000047
v -553611.9316287449 6541232.678162796 -102.95412480000047
v -553611.6129249636 6541232.192596025 -102.95412480000047
v -553611.6454135415 6541231.80956732 -102.95412480000047
v -553611.6779021872 6541231.426538485 -102.95412480000047
v -553611.7077205773 6541231.042729863 -102.95412480000047
v -553611.7449183558 6541230.661075957 -102.95412480000047
v -553611.8030247471 6541230.285526907 -102.95412480000047
v -553611.9342222011 6541229.931318226 -102.95412480000047
v -553612.0700257473 6541229.578454112 -102.95412480000047
v -553612.1460969019 6541229.208150097 -102.95412480000047
v -553612.062707362 6541228.791288366 -102.95412480000047
v -553612.0693449616 6541228.40071178 -102.95412480000047
v -553612.0454376481 6541228.00121682 -102.95412480000047
v -553611.9806822649 6541227.589795568 -102.95412480000047
v -553611.8291438811 6541227.153036363 -102.95412480000047
v -553611.6633678995 6541226.712120044 -102.95412480000047
v -553611.6562016759 6541226.317512995 -102.95412480000047
v -553611.5264902983 6541225.887126639 -102.95412480000047
v -553611.4666875124 6541225.4771514 -102.95412480000047
v -553611.3019978313 6541225.036552099 -102.95412480000047
v -553611.0183274646 6541224.561214061 -102.95412480000047
v -553610.8535585068 6541224.120591916 -102.95412480000047
v -553611.0587317904 6541223.7879819535 -102.95412480000047
v -553611.0362479361 6541223.388902603 -102.95412480000047
v -553611.0379167438 6541222.996875275 -102.95412480000047
v -553611.0988228463 6541222.622143659 -102.95412480000047
v -553611.2198959002 6541222.264978885 -102.95412480000047
v -553611.2925364479 6541221.893673082 -102.95412480000047
v -553611.335166874 6541221.513605351 -102.95412480000047
v -553611.115358115 6541221.056913191 -102.95412480000047
v -553610.9470266597 6541220.615250748 -102.95412480000047
v -553610.6979043448 6541220.149999582 -102.95412480000047
v -553610.8444810932 6541219.800281143 -102.95412480000047
v -553610.9907988939 6541219.45048725 -102.95412480000047
v -553611.138000266 6541219.100951247 -102.95412480000047
v -553611.2153094526 6541218.731008485 -102.95412480000047
v -553610.9103890706 6541218.249466063 -102.95412480000047
v -553610.8668503406 6541217.844239607 -102.95412480000047
v -553610.9336993828 6541217.471243003 -102.95412480000047
v -553610.9002304953 6541217.068956343 -102.95412480000047
v -553610.7332041987 6541216.627675122 -102.95412480000047
v -553610.7679667661 6541216.245310204 -102.95412480000047
v -553610.9860995429 6541215.916483885 -102.95412480000047
v -553611.1706140238 6541215.577842156 -102.95412480000047
v -553611.2221340447 6541215.200370079 -102.95412480000047
v -553610.6161911507 6541214.630937872 -102.95412480000047
v -553610.6179941801 6541214.23894958 -102.95412480000047
v -553610.6090381019 6541213.843820096 -102.95412480000047
v -553610.3888572837 6541213.387019306 -102.95412480000047
v -553610.0004435148 6541212.881099253 -102.95412480000047
v -553609.6600798529 6541212.389208276 -102.95412480000047
v -553609.9342552338 6541212.076744912 -102.95412480000047
v -553610.1779828265 6541211.755391836 -102.95412480000047
v -553610.1333519991 6541211.349846366 -102.95412480000047
v -553609.9617007275 6541210.907214481 -102.95412480000047
v -553609.943703366 6541210.509445206 -102.95412480000047
v -553609.9200419573 6541210.110022348 -102.95412480000047
v -553609.8676192985 6541209.702201891 -102.95412480000047
v -553609.7669430498 6541209.28029264 -102.95412480000047
v -553609.7480748894 6541208.882269118 -102.95412480000047
v -553609.6701889796 6541208.4670142885 -102.95412480000047
v -553609.5121483853 6541208.028356543 -102.95412480000047
v -553609.4678106931 6541207.62289644 -102.95412480000047
v -553609.1925421731 6541207.150011651 -102.95412480000047
v -553609.0110565933 6541206.704508589 -102.95412480000047
v -553608.572413798 6541206.1839229725 -102.95412480000047
v -553608.572413798 6541206.1839229725 -102.95412480000047
v -553608.572413798 6541206.1839229725 -102.95412480000047
v -553608.572413798 6541206.1839229725 -102.95412480000047
v -553608.572413798 6541206.1839229725 -102.95412480000047
v -553608.572413798 6541206.1839229725 -102.95412480000047
v -553608.572413798 6541206.1839229725 -102.95412480000047
v -553608.572413798 6541206.1839229725 -102.95412480000047
v -553608.572413798 6541206.1839229725 -102.95412480000047
v -553608.572413798 6541206.1839229725 -102.95412480000047
v -553608.572413798 6541206.1839229725 -102.95412480000047
v -553608.572413798 6541206.1839229725 -102.95412480000047
v -553608.572413798 6541206.1839229725 -102.95412480000047
v -553608.572413798 6541206.1839229725 -102.95412480000047
v -553608.572413798 6541206.1839229725 -102.95412480000047
v -553608.572413798 6541206.1839229725 -102.95412480000047
v -553608.572413798 6541206.1839229725 -102.95412480000047
v -553608.572413798 6541206.1839229725 -102.95412480000047
v -553608.572413798 6541206.1839229725 -102.95412480000047
v -553608.572413798 6541206.1839229725 -102.95412480000047
v -553608.572413798 6541206.1839229725 -102.95412480000047
v -553608.572413798 6541206.1839229725 -102.95412480000047
v -553608.572413798 6541206.1839229725 -102.95412480000047
v -553608.572413798 6541206.1839229725 -102.95412480000047
v -553608.572413798 6541206.1839229725 -102.95412480000047
v -553608.572413798 6541206.1839229725 -102.95412480000047
v -553608.572413798 6541206.1839229725 -102.95412480000047
v -553608.572413798 6541206.1839229725 -102.95412480000047
v -553608.572413798 6541206.1839229725 -102.95412480000047
v -553608.572413798 6541206.1839229725 -102.95412480000047
v -553608.572413798 6541206.1839229725 -102.95412480000047
v -553608.572413798 6541206.1839229725 -102.95412480000047
v -553608.572413798 6541206.1839229725 -102.95412480000047
v -553608.572413798 6541206.1839229725 -102.95412480000047
v -553608.572413798 6541206.1839229725 -102.95412480000047
v -553608.572413798 6541206.1839229725 -102.95412480000047
v -553608.572413798 6541206.1839229725 -102.95412480000047
v -553608.572413798 6541206.1839229725 -102.95412480000047
v -553608.572413798 6541206.1839229725 -102.95412480000047
v -553608.572413798 6541206.1839229725 -102.95412480000047
v -553608.572413798 6541206.1839229725 -102.95412480000047
v -553608.572413798 6541206.1839229725 -102.95412480000047
v -553608.572413798 6541206.1839229725 -102.95412480000047
v -553608.572413798 6541206.1839229725 -102.95412480000047
v -553608.572413798 6541206.1839229725 -102.95412480000047
v -553608.572413798 6541206.1839229725 -102.95412480000047
v -553608.572413798 6541206.1839229725 -102.95412480000047
v -553608.572413798 6541206.1839229725 -102.95412480000047
v -553608.572413798 6541206.1839229725 -102.95412480000047
v -553608.572413798 6541206.1839229725 -102.95412480000047
v -553608.572413798 6541206.1839229725 -102.95412480000047
v -553608.572413798 6541206.1839229725 -102.95412480000047
v -553608.572413798 6541206.1839229725 -102.95412480000047
v -553608.572413798 6541206.1839229725 -102.95412480000047
v -553608.572413798 6541206.1839229725 -102.95412480000047
v -553608.572413798 6541206.1839229725 -102.95412480000047
v -553608.572413798 6541206.1839229725 -102.95412480000047
v -553608.572413798 6541206.1839229725 -102.95412480000047
v -553608.572413798 6541206.1839229725 -102.95412480000047
v -553608.572413798 6541206.1839229725 -102.95412480000047
v -553608.572413798 6541206.1839229725 -102.95412480000047
v -553608.572413798 6541206.1839229725 -102.95412480000047
v -553608.572413798 6541206.1839229725 -102.95412480000047
v -553608.572413798 6541206.1839229725 -102.95412480000047
v -553608.572413798 6541206.1839229725 -102.95412480000047
v -553608.572413798 6541206.1839229725 -102.95412480000047
v -553608.572413798 6541206.1839229725 -102.95412480000047
v -553608.572413798 6541206.1839229725 -102.95412480000047
v -553608.572413798 6541206.1839229725 -102.95412480000047
v -553608.572413798 6541206.1839229725 -102.95412480000047
v -553608.572413798 6541206.1839229725 -102.95412480000047
v -553608.572413798 6541206.1839229725 -102.95412480000047
v -553608.572413798 6541206.1839229725 -102.95412480000047
v -553608.572413798 6541206.1839229725 -102.95412480000047
v -553608.572413798 6541206.1839229725 -102.95412480000047
v -553608.572413798 6541206.1839229725 -102.95412480000047
v -553608.572413798 6541206.1839229725 -102.95412480000047
v -553608.572413798 6541206.1839229725 -102.95412480000047
v -553608.572413798 6541206.1839229725 -102.95412480000047
v -553608.572413798 6541206.1839229725 -102.95412480000047
v -553608.572413798 6541206.1839229725 -102.95412480000047
v -553608.572413798 6541206.1839229725 -102.95412480000047
v -553608.572413798 6541206.1839229725 -102.95412480000047
v -553608.572413798 6541206.1839229725 -102.95412480000047
v -553608.572413798 6541206.1839229725 -102.95412480000047
v -553608.572413798 6541206.1839229725 -102.95412480000047
v -553608.572413798 6541206.1839229725 -102.95412480000047
v -553608.572413798 6541206.1839229725 -102.95412480000047
v -553608.572413798 6541206.1839229725 -102.95412480000047
v -553608.572413798 6541206.1839229725 -102.95412480000047
v -553608.572413798 6541206.1839229725 -102.95412480000047
v -553608.572413798 6541206.1839229725 -102.95412480000047
v -553608.572413798 6541206.1839229725 -102.95412480000047
v -553608.572413798 6541206.1839229725 -102.95412480000047
v -553608.572413798 6541206.1839229725 -102.95412480000047
v -553608.572413798 6541206.1839229725 -102.95412480000047
v -553608.572413798 6541206.1839229725 -102.95412480000047
v -553608.572413798 6541206.1839229725 -102.95412480000047
v -553608.572413798 6541206.1839229725 -102.95412480000047
v -553608.572413798 6541206.1839229725 -102.95412480000047
v -553608.572413798 6541206.1839229725 -102.95412480000047
v -553608.572413798 6541206.1839229725 -102.95412480000047
v -553608.572413798 6541206.1839229725 -102.95412480000047
v -553608.572413798 6541206.1839229725 -102.95412480000047
v -553608.572413798 6541206.1839229725 -102.95412480000047
v -553608.572413798 6541206.1839229725 -102.95412480000047
v -553608.572413798 6541206.1839229725 -102.95412480000047
v -553608.572413798 6541206.1839229725 -102.95412480000047
v -553608.572413798 6541206.1839229725 -102.95412480000047
v -553608.572413798 6541206.1839229725 -102.95412480000047
v -553608.572413798 6541206.1839229725 -102.95412480000047
v -553608.572413798 6541206.1839229725 -102.95412480000047
v -553608.572413798 6541206.1839229725 -102.95412480000047
v -553608.572413798 6541206.1839229725 -102.95412480000047
v -553608.572413798 6541206.1839229725 -102.95412480000047
v -553608.572413798 6541206.1839229725 -102.95412480000047
v -553608.572413798 6541206.1839229725 -102.95412480000047
v -553608.572413798 6541206.1839229725 -102.95412480000047
v -553608.572413798 6541206.1839229725 -102.95412480000047
v -553608.572413798 6541206.1839229725 -102.95412480000047
v -553608.572413798 6541206.1839229725 -102.95412480000047
v -553608.572413798 6541206.1839229725 -102.95412480000047
v -553608.572413798 6541206.1839229725 -102.95412480000047
v -553608.572413798 6541206.1839229725 -102.95412480000047
v -553608.572413798 6541206.1839229725 -102.95412480000047
v -553608.572413798 6541206.1839229725 -102.95412480000047
v -553608.572413798 6541206.1839229725 -102.95412480000047
v -553608.572413798 6541206.1839229725 -102.95412480000047
v -553608.572413798 6541206.1839229725 -102.95412480000047
v -553608.572413798 6541206.1839229725 -102.95412480000047
v -553608.572413798 6541206.1839229725 -102.95412480000047
v -553608.572413798 6541206.1839229725 -102.95412480000047
v -553608.572413798 6541206.1839229725 -102.95412480000047
v -553608.572413798 6541206.1839229725 -102.95412480000047
v -553608.572413798 6541206.1839229725 -102.95412480000047
v -553608.572413798 6541206.1839229725 -102.95412480000047
v -553608.572413798 6541206.1839229725 -102.95412480000047
v -553608.572413798 6541206.1839229725 -102.95412480000047
v -553608.572413798 6541206.1839229725 -102.95412480000047
v -553608.572413798 6541206.1839229725 -102.95412480000047
v -553608.572413798 6541206.1839229725 -102.95412480000047
v -553608.572413798 6541206.1839229725 -102.95412480000047
v -553608.572413798 6541206.1839229725 -102.95412480000047
v -553608.572413798 6541206.1839229725 -102.95412480000047
v -553608.572413798 6541206.1839229725 -102.95412480000047
v -553608.572413798 6541206.1839229725 -102.95412480000047
v -553608.572413798 6541206.1839229725 -102.95412480000047
v -553608.572413798 6541206.1839229725 -102.95412480000047
v -553608.572413798 6541206.1839229725 -102.95412480000047
v -553608.572413798 6541206.1839229725 -102.95412480000047
v -553608.572413798 6541206.1839229725 -102.95412480000047
v -553608.572413798 6541206.1839229725 -102.95412480000047
v -553608.572413798 6541206.1839229725 -102.95412480000047
v -553608.572413798 6541206.1839229725 -102.95412480000047
v -553608.572413798 6541206.1839229725 -102.95412480000047
v -553608.572413798 6541206.1839229725 -102.95412480000047
v -553608.572413798 6541206.1839229725 -102.95412480000047
v -553608.572413798 6541206.1839229725 -102.95412480000047
v -553608.572413798 6541206.1839229725 -102.95412480000047
v -553608.572413798 6541206.1839229725 -102.95412480000047
v -553608.572413798 6541206.1839229725 -102.95412480000047
v -553608.572413798 6541206.1839229725 -102.95412480000047
v -553608.572413798 6541206.1839229725 -102.95412480000047
v -553608.572413798 6541206.1839229725 -102.95412480000047
v -553608.572413798 6541206.1839229725 -102.95412480000047
v -553608.572413798 6541206.1839229725 -102.95412480000047
v -553608.572413798 6541206.1839229725 -102.95412480000047
v -553608.572413798 6541206.1839229725 -102.95412480000047
v -553608.572413798 6541206.1839229725 -102.95412480000047
v -553608.572413798 6541206.1839229725 -102.95412480000047
v -553608.572413798 6541206.1839229725 -102.95412480000047
v -553608.572413798 6541206.1839229725 -102.95412480000047
v -553608.572413798 6541206.1839229725 -102.95412480000047
v -553608.572413798 6541206.1839229725 -102.95412480000047
v -553608.572413798 6541206.1839229725 -102.95412480000047
v -553608.572413798 6541206.1839229725 -102.95412480000047
v -553608.572413798 6541206.1839229725 -102.95412480000047
v -553608.572413798 6541206.1839229725 -102.95412480000047
v -553608.572413798 6541206.1839229725 -102.95412480000047
v -553608.572413798 6541206.1839229725 -102.95412480000047
v -553608.572413798 6541206.1839229725 -102.95412480000047
v -553608.572413798 6541206.1839229725 -102.95412480000047
v -553608.572413798 6541206.1839229725 -102.95412480000047
v -553608.572413798 6541206.1839229725 -102.95412480000047
v -553608.572413798 6541206.1839229725 -102.95412480000047
v -553608.572413798 6541206.1839229725 -102.95412480000047
v -553608.572413798 6541206.1839229725 -102.95412480000047
v -553608.572413798 6541206.1839229725 -102.95412480000047
v -553608.572413798 6541206.1839229725 -102.95412480000047
v -553608.572413798 6541206.1839229725 -102.95412480000047
v -553608.572413798 6541206.1839229725 -102.95412480000047
v -553608.572413798 6541206.1839229725 -102.95412480000047
v -553608.572413798 6541206.1839229725 -102.95412480000047
v -553608.572413798 6541206.1839229725 -102.95412480000047
v -553608.572413798 6541206.1839229725 -102.95412480000047
v -553608.572413798 6541206.1839229725 -102.95412480000047
v -553608.572413798 6541206.1839229725 -102.95412480000047
v -553608.572413798 6541206.1839229725 -102.95412480000047
v -553608.572413798 6541206.1839229725 -102.95412480000047
v -553608.572413798 6541206.1839229725 -102.95412480000047
v -553608.572413798 6541206.1839229725 -102.95412480000047
v -553608.572413798 6541206.1839229725 -102.95412480000047
v -553608.572413798 6541206.1839229725 -102.95412480000047
v -553608.572413798 6541206.1839229725 -102.95412480000047
v -553608.572413798 6541206.1839229725 -102.95412480000047
v -553608.572413798 6541206.1839229725 -102.95412480000047
v -553608.572413798 6541206.1839229725 -102.95412480000047
v -553608.572413798 6541206.1839229725 -102.95412480000047
v -553608.572413798 6541206.1839229725 -102.95412480000047
v -553595.2509765722 6541277.264735336 -103.07116800000048
v -553595.8406750901 6541277.044395604 -103.07116800000048
v -553596.3668818191 6541276.805518036 -103.07116800000048
v -553596.8748103381 6541276.561303614 -103.07116800000048
v -553597.3401985037 6541276.304668801 -103.07116800000048
v -553597.7052318755 6541276.018733469 -103.07116800000048
v -553598.1201859738 6541275.747373381 -103.07116800000048
v -553598.3083199017 6541275.409788274 -103.07116800000048
v -553598.3477219882 6541275.028777962 -103.07116800000048
v -553598.2293627387 6541274.601706096 -103.07116800000048
v -553598.3483275406 6541274.243925774 -103.07116800000048
v -553598.5764993478 6541273.918030559 -103.07116800000048
v -553598.7747086019 6541273.583387304 -103.07116800000048
v -553599.0416609885 6541273.268815188 -103.07116800000048
v -553599.2682171696 6541272.942448407 -103.07116800000048
v -553599.5754656012 6541272.639641258 -103.07116800000048
v -553599.8207014533 6541272.318728397 -103.07116800000048
v -553600.0078123667 6541271.980844901 -103.07116800000048
v -553600.1946933832 6541271.64289413 -103.07116800000048
v -553600.3252401757 6541271.288495262 -103.07116800000048
v -553600.507975281 6541270.949334007 -103.07116800000048
v -553600.7141500337 6541270.617016596 -103.07116800000048
v -553600.8588795662 6541270.266758822 -103.07116800000048
v -553600.9867223487 6541269.9115704615 -103.07116800000048
v -553601.1603016014 6541269.569736116 -103.07116800000048
v -553601.3641987318 6541269.236753553 -103.07116800000048
v -553601.5425520409 6541268.896312792 -103.07116800000048
v -553601.716026683 6541268.554447817 -103.07116800000048
v -553601.9419321872 6541268.227891144 -103.07116800000048
v -553602.1418517402 6541267.893747246 -103.07116800000048
v -553602.3416006166 6541267.559553366 -103.07116800000048
v -553602.5244939604 6541267.220438312 -103.07116800000048
v -553602.749048499 6541266.893487261 -103.07116800000048
v -553602.954993903 6541266.561102735 -103.07116800000048
v -553603.1734983921 6541266.232384946 -103.07116800000048
v -553603.4412506381 6541265.918046216 -103.07116800000048
v -553603.6362565125 6541265.582467817 -103.07116800000048
v -553603.8308310556 6541265.246763332 -103.07116800000048
v -553604.0162712835 6541264.908391744 -103.07116800000048
v -553604.2647044801 6541264.588412414 -103.07116800000048
v -553604.5026067419 6541264.265358509 -103.07116800000048
v -553604.6042242532 6541263.902513283 -103.07116800000048
v -553604.7949622887 6541263.565688501 -103.07116800000048
v -553605.0600770584 6541263.250579704 -103.07116800000048
v -553605.3115739224 6541262.931495025 -103.07116800000048
v -553605.5118322652 6541262.597450043 -103.07116800000048
v -553605.8130157482 6541262.292872108 -103.07116800000048
v -553606.0228925303 6541261.961635579 -103.07116800000048
v -553606.168373374 6541261.611597167 -103.07116800000048
v -553606.2599818007 6541261.245829433 -103.07116800000048
v -553606.3861151149 6541260.890142108 -103.07116800000048
v -553606.5990089028 6541260.559786458 -103.07116800000048
v -553606.8403276519 6541260.237729915 -103.07116800000048
v -553607.0792050395 6541259.91496042 -103.07116800000048
v -553607.2564766582 6541259.57420405 -103.07116800000048
v -553607.4336609938 6541259.233422218 -103.07116800000048
v -553607.5416080334 6541258.87242503 -103.07116800000048
v -553607.7595793515 6541258.543551573 -103.07116800000048
v -553607.8994816308 6541258.191884383 -103.07116800000048
v -553608.0402776632 6541257.840478293 -103.07116800000048
v -553608.1370571371 6541257.476220502 -103.07116800000048
v -553608.2086761511 6541257.104616443 -103.07116800000048
v -553608.3444079226 6541256.751731588 -103.07116800000048
v -553608.3891578629 6541256.372282841 -103.07116800000048
v -553608.4766109257 6541256.005302011 -103.07116800000048
v -553608.5973497868 6541255.648039514 -103.07116800000048
v -553608.7429550845 6541255.29803744 -103.07116800000048
v -553608.9215587147 6541254.957670064 -103.07116800000048
v -553608.9699496324 6541254.579284227 -103.07116800000048
v -553609.0782109142 6541254.218378642 -103.07116800000048
v -553609.1912075599 6541253.858855941 -103.07116800000048
v -553609.3399540813 6541253.509771012 -103.07116800000048
v -553609.4497085079 6541253.14930138 -103.07116800000048
v -553609.5268701651 6541252.77931576 -103.07116800000048
v -553609.6424023196 6541252.420533355 -103.07116800000048
v -553609.742531941 6541252.05725371 -103.07116800000048
v -553609.8057970683 6541251.68321056 -103.07116800000048
v -553609.8690621391 6541251.309167543 -103.07116800000048
v -553609.9268438003 6541250.93352368 -103.07116800000048
v -553610.0382710017 6541250.573542662 -103.07116800000048
v -553610.13600541 6541250.209563472 -103.07116800000048
v -553610.2606482522 6541249.853440972 -103.07116800000048
v -553610.3946443879 6541249.500049511 -103.07116800000048
v -553610.5266472063 6541249.146075908 -103.07116800000048
v -553610.6501286164 6541248.789614155 -103.07116800000048
v -553610.7614838459 6541248.429612061 -103.07116800000048
v -553610.6375740553 6541248.000919597 -103.07116800000048
v -553610.7539270023 6541247.642376689 -103.07116800000048
v -553610.8014240725 6541247.263729728 -103.07116800000048
v -553610.8913606533 6541246.897474012 -103.07116800000048
v -553610.8558363328 6541246.494587527 -103.07116800000048
v -553610.8203121054 6541246.091700917 -103.07116800000048
v -553610.8308372693 6541245.702259238 -103.07116800000048
v -553610.9761646447 6541245.352176167 -103.07116800000048
v -553611.166445938 6541245.015218179 -103.07116800000048
v -553611.2126219664 6541244.636185511 -103.07116800000048
v -553611.2820836859 6541244.263951734 -103.07116800000048
v -553611.3570963413 6541243.893338818 -103.07116800000048
v -553611.520120223 6541243.54842246 -103.07116800000048
v -553611.7201749618 6541243.214317884 -103.07116800000048
v -553611.8398728897 6541242.856751614 -103.07116800000048
v -553611.9909723258 6541242.508353816 -103.07116800000048
v -553612.175216024 6541242.169633026 -103.07116800000048
v -553612.3203628985 6541241.819496957 -103.07116800000048
v -553612.4365645397 6541241.460909872 -103.07116800000048
v -553612.6899129493 6541241.14236579 -103.07116800000048
v -553612.8861759458 6541240.807154348 -103.07116800000048
v -553613.0202028758 6541240.453771516 -103.07116800000048
v -553613.1833646978 6541240.108895433 -103.07116800000048
v -553613.3304989499 6541239.759339917 -103.07116800000048
v -553613.4996317882 6541239.416207197 -103.07116800000048
v -553613.6687995554 6541239.073084528 -103.07116800000048
v -553613.7768330234 6541238.712112575 -103.07116800000048
v -553613.9307658632 6541238.364542048 -103.07116800000048
v -553614.0263911247 6541237.999947262 -103.07116800000048
v -553614.1354114296 6541237.639263288 -103.07116800000048
v -553614.3228410342 6541237.301472691 -103.07116800000048
v -553614.4247950987 6541236.938725879 -103.07116800000048
v -553614.5267492046 6541236.57597893 -103.07116800000048
v -553614.6390244713 6541236.21624531 -103.07116800000048
v -553614.734847229 6541235.851708337 -103.07116800000048
v -553614.8147998092 6541235.482537584 -103.07116800000048
v -553614.8673384029 6541235.1053626 -103.07116800000048
v -553614.9863862124 6541234.747606514 -103.07116800000048
v -553615.0486285571 6541234.37326504 -103.07116800000048
v -553615.0945370402 6541233.994154405 -103.07116800000048
v -553615.142157849 6541233.615543571 -103.07116800000048
v -553615.1898566547 6541233.236955659 -103.07116800000048
v -553615.286428891 6541232.872637511 -103.07116800000048
v -553615.2377380414 6541232.465906633 -103.07116800000048
v -553615.2836987873 6541232.0868111085 -103.07116800000048
v -553615.34987654 6541231.7136185095 -103.07116800000048
v -553615.4560189622 6541231.352094577 -103.07116800000048
v -553615.5047812784 6541230.973817241 -103.07116800000048
v -553615.5603854515 6541230.597537253 -103.07116800000048
v -553615.6622440758 6541230.234762427 -103.07116800000048
v -553615.7054464063 6541229.854861825 -103.07116800000048
v -553615.7542322939 6541229.476591308 -103.07116800000048
v -553615.7109779315 6541229.071447576 -103.07116800000048
v -553615.6966896064 6541228.674761232 -103.07116800000048
v -553615.6738088452 6541228.275566297 -103.07116800000048
v -553615.6414372049 6541227.87360015 -103.07116800000048
v -553615.6592028623 6541227.486272484 -103.07116800000048
v -553615.7208209656 6541227.111748749 -103.07116800000048
v -553615.7846537875 6541226.737871498 -103.07116800000048
v -553615.7632786826 6541226.339115871 -103.07116800000048
v -553615.8111895935 6541225.960589888 -103.07116800000048
v -553615.7720300731 6541225.556642029 -103.07116800000048
v -553615.7647829815 6541225.162011519 -103.07116800000048
v -553615.8183908426 6541224.785148729 -103.07116800000048
v -553615.7585427073 6541224.37516025 -103.07116800000048
v -553615.7623711011 6541223.983763607 -103.07116800000048
v -553615.7661995733 6541223.592366838 -103.07116800000048
v -553615.8146501004 6541223.213998257 -103.07116800000048
v -553615.8590069001 6541222.834434576 -103.07116800000048
v -553615.7423648873 6541222.407864093 -103.07116800000048
v -553615.7050786125 6541222.004463018 -103.07116800000048
v -553615.675128167 6541221.603203641 -103.07116800000048
v -553615.645177629 6541221.201944388 -103.07116800000048
v -553615.6152269988 6541220.800685257 -103.07116800000048
v -553615.5852764207 6541220.399426055 -103.07116800000048
v -553615.5198209151 6541219.9878001725 -103.07116800000048
v -553615.4529035598 6541219.575747687 -103.07116800000048
v -553615.3859860977 6541219.163695321 -103.07116800000048
v -553615.3190687418 6541218.751642835 -103.07116800000048
v -553615.2521514926 6541218.339590231 -103.07116800000048
v -553615.2316703742 6541217.941095922 -103.07116800000048
v -553615.257394958 6541217.5560921775 -103.07116800000048
v -553615.1879047669 6541217.143288349 -103.07116800000048
v -553615.1450105371 6541216.738249915 -103.07116800000048
v -553615.0530299579 6541216.318879851 -103.07116800000048
v -553615.0347469618 6541215.921027178 -103.07116800000048
v -553614.9755750109 6541215.511235974 -103.07116800000048
v -553614.8745310259 6541215.08921951 -103.07116800000048
v -553614.8694220518 6541214.695213418 -103.07116800000048
v -553614.9153952433 6541214.316121676 -103.07116800000048
v -553614.9613684991 6541213.937029803 -103.07116800000048
v -553614.9645445046 6541213.545442533 -103.07116800000048
v -553614.9377417502 6541213.145102492 -103.07116800000048
v -553614.8311629785 6541212.72147003 -103.07116800000048
v -553614.8023374161 6541212.320539085 -103.07116800000048
v -553614.7813117912 6541211.921885645 -103.07116800000048
v -553614.7447239065 6541211.518688631 -103.07116800000048
v -553614.6944706831 6541211.111501586 -103.07116800000048
v -553614.645334925 6541210.704640657 -103.07116800000048
v -553614.6832614054 6541210.323199511 -103.07116800000048
v -553614.6176314163 6541209.911523051 -103.07116800000048
v -553614.5227351326 6541209.491301599 -103.07116800000048
v -553614.4864600095 6541209.088195534 -103.07116800000048
v -553614.4657038751 6541208.68962093 -103.07116800000048
v -553614.3724834742 6541208.269888722 -103.07116800000048
v -553614.2355258912 6541207.837386384 -103.07116800000048
v -553614.270558478 6541207.455100305 -103.07116800000048
v -553614.0851789849 6541207.008460486 -103.07116800000048
v -553614.0048717086 6541206.592498534 -103.07116800000048
v -553613.9832003962 6541206.19365642 -103.07116800000048
v -553613.8580775976 6541205.764609645 -103.07116800000048
v -553613.7197585949 6541205.331710116 -103.07116800000048
v -553613.5760392703 6541204.897233697 -103.07116800000048
v -553613.304627572 6541204.425474681 -103.07116800000048
v -553612.9187019386 6541203.920281091 -103.07116800000048
v -553612.6436320295 6541203.4474542895 -103.07116800000048
v -553612.2803726486 6541202.948878584 -103.07116800000048
v -553612.2803726486 6541202.948878584 -103.07116800000048
v -553612.2803726486 6541202.948878584 -103.07116800000048
v -553612.2803726486 6541202.948878584 -103.07116800000048
v -553612.2803726486 6541202.948878584 -103.07116800000048
v -553612.2803726486 6541202.948878584 -103.07116800000048
v -553612.2803726486 6541202.948878584 -103.07116800000048
v -553612.2803726486 6541202.948878584 -103.07116800000048
v -553612.2803726486 6541202.948878584 -103.07116800000048
v -553612.2803726486 6541202.948878584 -103.07116800000048
v -553612.2803726486 6541202.948878584 -103.07116800000048
v -553612.2803726486 6541202.948878584 -103.07116800000048
v -553612.2803726486 6541202.948878584 -103.07116800000048
v -553612.2803726486 6541202.948878584 -103.07116800000048
v -553612.2803726486 6541202.948878584 -103.07116800000048
v -553612.2803726486 6541202.948878584 -103.07116800000048
v -553612.2803726486 6541202.948878584 -103.07116800000048
v -553612.2803726486 6541202.948878584 -103.07116800000048
v -553612.2803726486 6541202.948878584 -103.07116800000048
v -553612.2803726486 6541202.948878584 -103.07116800000048
v -553612.2803726486 6541202.948878584 -103.07116800000048
v -553612.2803726486 6541202.948878584 -103.07116800000048
v -553612.2803726486 6541202.948878584 -103.07116800000048
v -553612.2803726486 6541202.948878584 -103.07116800000048
v -553612.2803726486 6541202.948878584 -103.07116800000048
v -553612.2803726486 6541202.948878584 -103.07116800000048
v -553612.2803726486 6541202.948878584 -103.07116800000048
v -553612.2803726486 6541202.948878584 -103.07116800000048
v -553612.2803726486 6541202.948878584 -103.07116800000048
v -553612.2803726486 6541202.948878584 -103.07116800000048
v -553612.2803726486 6541202.948878584 -103.07116800000048
v -553612.2803726486 6541202.948878584 -103.07116800000048
v -553612.2803726486 6541202.948878584 -103.07116800000048
v -553612.2803726486 6541202.948878584 -103.07116800000048
v -553612.2803726486 6541202.948878584 -103.07116800000048
v -553612.2803726486 6541202.948878584 -103.07116800000048
v -553612.2803726486 6541202.948878584 -103.07116800000048
v -553612.2803726486 6541202.948878584 -103.07116800000048
v -553612.2803726486 6541202.948878584 -103.07116800000048
v -553612.2803726486 6541202.948878584 -103.07116800000048
v -553612.2803726486 6541202.948878584 -103.07116800000048
v -553612.2803726486 6541202.948878584 -103.07116800000048
v -553612.2803726486 6541202.948878584 -103.07116800000048
v -553612.2803726486 6541202.948878584 -103.07116800000048
v -553612.2803726486 6541202.948878584 -103.07116800000048
v -553612.2803726486 6541202.948878584 -103.07116800000048
v -553612.2803726486 6541202.948878584 -103.07116800000048
v -553612.2803726486 6541202.948878584 -103.07116800000048
v -553612.2803726486 6541202.948878584 -103.07116800000048
v -553612.2803726486 6541202.948878584 -103.07116800000048
v -553612.2803726486 6541202.948878584 -103.07116800000048
v -553612.2803726486 6541202.948878584 -103.07116800000048
v -553612.2803726486 6541202.948878584 -103.07116800000048
v -553612.2803726486 6541202.948878584 -103.07116800000048
v -553612.2803726486 6541202.948878584 -103.07116800000048
v -553612.2803726486 6541202.948878584 -103.07116800000048
v -553612.2803726486 6541202.948878584 -103.07116800000048
v -553612.2803726486 6541202.948878584 -103.07116800000048
v -553612.2803726486 6541202.948878584 -103.07116800000048
v -553612.2803726486 6541202.948878584 -103.07116800000048
v -553612.2803726486 6541202.948878584 -103.07116800000048
v -553612.2803726486 6541202.948878584 -103.07116800000048
v -553612.2803726486 6541202.948878584 -103.07116800000048
v -553612.2803726486 6541202.948878584 -103.07116800000048
v -553612.2803726486 6541202.948878584 -103.07116800000048
v -553612.2803726486 6541202.948878584 -103.07116800000048
v -553612.2803726486 6541202.948878584 -103.07116800000048
v -553612.2803726486 6541202.948878584 -103.07116800000048
v -553612.2803726486 6541202.948878584 -103.07116800000048
v -553612.2803726486 6541202.948878584 -103.07116800000048
v -553612.2803726486 6541202.948878584 -103.07116800000048
v -553612.2803726486 6541202.948878584 -103.07116800000048
v -553612.2803726486 6541202.948878584 -103.07116800000048
v -553612.2803726486 6541202.948878584 -103.07116800000048
v -553612.2803726486 6541202.948878584 -103.07116800000048
v -553612.2803726486 6541202.948878584 -103.07116800000048
v -553612.2803726486 6541202.948878584 -103.07116800000048
v -553612.2803726486 6541202.948878584 -103.07116800000048
v -553612.2803726486 6541202.948878584 -103.07116800000048
v -553612.2803726486 6541202.948878584 -103.07116800000048
v -553612.2803726486 6541202.948878584 -103.07116800000048
v -553612.2803726486 6541202.948878584 -103.07116800000048
v -553612.2803726486 6541202.948878584 -103.07116800000048
v -553612.2803726486 6541202.948878584 -103.07116800000048
v -553612.2803726486 6541202.948878584 -103.07116800000048
v -553612.2803726486 6541202.948878584 -103.07116800000048
v -553612.2803726486 6541202.948878584 -103.07116800000048
v -553612.2803726486 6541202.948878584 -103.07116800000048
v -553612.2803726486 6541202.948878584 -103.07116800000048
v -553612.2803726486 6541202.948878584 -103.07116800000048
v -553612.2803726486 6541202.948878584 -103.07116800000048
v -553612.2803726486 6541202.948878584 -103.07116800000048
v -553612.2803726486 6541202.948878584 -103.07116800000048
v -553612.2803726486 6541202.948878584 -103.07116800000048
v -553612.2803726486 6541202.948878584 -103.07116800000048
v -553612.2803726486 6541202.948878584 -103.07116800000048
v -553612.2803726486 6541202.948878584 -103.07116800000048
v -553612.2803726486 6541202.948878584 -103.07116800000048
v -553612.2803726486 6541202.948878584 -103.07116800000048
v -553612.2803726486 6541202.948878584 -103.07116800000048
v -553612.2803726486 6541202.948878584 -103.07116800000048
v -553612.2803726486 6541202.948878584 -103.07116800000048
v -553612.2803726486 6541202.948878584 -103.07116800000048
v -553612.2803726486 6541202.948878584 -103.07116800000048
v -553612.2803726486 6541202.948878584 -103.07116800000048
v -553612.2803726486 6541202.948878584 -103.07116800000048
v -553612.2803726486 6541202.948878584 -103.07116800000048
v -553612.2803726486 6541202.948878584 -103.07116800000048
v -553612.2803726486 6541202.948878584 -103.07116800000048
v -553612.2803726486 6541202.948878584 -103.07116800000048
v -553612.2803726486 6541202.948878584 -103.07116800000048
v -553612.2803726486 6541202.948878584 -103.07116800000048
v -553612.2803726486 6541202.948878584 -103.07116800000048
v -553612.2803726486 6541202.948878584 -103.07116800000048
v -553612.2803726486 6541202.948878584 -103.07116800000048
v -553612.2803726486 6541202.948878584 -103.07116800000048
v -553612.2803726486 6541202.948878584 -103.07116800000048
v -553612.2803726486 6541202.948878584 -103.07116800000048
v -553612.2803726486 6541202.948878584 -103.07116800000048
v -553612.2803726486 6541202.948878584 -103.07116800000048
v -553612.2803726486 6541202.948878584 -103.07116800000048
v -553612.2803726486 6541202.948878584 -103.07116800000048
v -553612.2803726486 6541202.948878584 -103.07116800000048
v -553612.2803726486 6541202.948878584 -103.07116800000048
v -553612.2803726486 6541202.948878584 -103.07116800000048
v -553612.2803726486 6541202.948878584 -103.07116800000048
v -553612.2803726486 6541202.948878584 -103.07116800000048
v -553612.2803726486 6541202.948878584 -103.07116800000048
v -553612.2803726486 6541202.948878584 -103.07116800000048
v -553612.2803726486 6541202.948878584 -103.07116800000048
v -553612.2803726486 6541202.948878584 -103.07116800000048
v -553612.2803726486 6541202.948878584 -103.07116800000048
v -553612.2803726486 6541202.948878584 -103.07116800000048
v -553612.2803726486 6541202.948878584 -103.07116800000048
v -553612.2803726486 6541202.948878584 -103.07116800000048
v -553612.2803726486 6541202.948878584 -103.07116800000048
v -553612.2803726486 6541202.948878584 -103.07116800000048
v -553612.2803726486 6541202.948878584 -103.07116800000048
v -553612.2803726486 6541202.948878584 -103.07116800000048
v -553612.2803726486 6541202.948878584 -103.07116800000048
v -553612.2803726486 6541202.948878584 -103.07116800000048
v -553612.2803726486 6541202.948878584 -103.07116800000048
v -553612.2803726486 6541202.948878584 -103.07116800000048
v -553612.2803726486 6541202.948878584 -103.07116800000048
v -553612.2803726486 6541202.948878584 -103.07116800000048
v -553612.2803726486 6541202.948878584 -103.07116800000048
v -553612.2803726486 6541202.948878584 -103.07116800000048
v -553612.2803726486 6541202.948878584 -103.07116800000048
v -553612.2803726486 6541202.948878584 -103.07116800000048
v -553612.2803726486 6541202.948878584 -103.07116800000048
v -553612.2803726486 6541202.948878584 -103.07116800000048
v -553612.2803726486 6541202.948878584 -103.07116800000048
v -553612.2803726486 6541202.948878584 -103.07116800000048
v -553612.2803726486 6541202.948878584 -103.07116800000048
v -553612.2803726486 6541202.948878584 -103.07116800000048
v -553612.2803726486 6541202.948878584 -103.07116800000048
v -553612.2803726486 6541202.948878584 -103.07116800000048
v -553612.2803726486 6541202.948878584 -103.07116800000048
v -553612.2803726486 6541202.948878584 -103.07116800000048
v -553612.2803726486 6541202.948878584 -103.07116800000048
v -553612.2803726486 6541202.948878584 -103.07116800000048
v -553612.2803726486 6541202.948878584 -103.07116800000048
v -553612.2803726486 6541202.948878584 -103.07116800000048
v -553612.2803726486 6541202.948878584 -103.07116800000048
v -553612.2803726486 6541202.948878584 -103.07116800000048
v -553612.2803726486 6541202.948878584 -103.07116800000048
v -553612.2803726486 6541202.948878584 -103.07116800000048
v -553612.2803726486 6541202.948878584 -103.07116800000048
v -553612.2803726486 6541202.948878584 -103.07116800000048
v -553612.2803726486 6541202.948878584 -103.07116800000048
v -553612.2803726486 6541202.948878584 -103.07116800000048
v -553612.2803726486 6541202.948878584 -103.07116800000048
v -553612.2803726486 6541202.948878584 -103.07116800000048
v -553612.2803726486 6541202.948878584 -103.07116800000048
v -553612.2803726486 6541202.948878584 -103.07116800000048
v -553612.2803726486 6541202.948878584 -103.07116800000048
v -553612.2803726486 6541202.948878584 -103.07116800000048
v -553612.2803726486 6541202.948878584 -103.07116800000048
v -553612.2803726486 6541202.948878584 -103.07116800000048
v -553612.2803726486 6541202.948878584 -103.07116800000048
v -553612.2803726486 6541202.948878584 -103.07116800000048
v -553612.2803726486 6541202.948878584 -103.07116800000048
v -553612.2803726486 6541202.948878584 -103.07116800000048
v -553612.2803726486 6541202.948878584 -103.07116800000048
v -553612.2803726486 6541202.948878584 -103.07116800000048
v -553612.2803726486 6541202.948878584 -103.07116800000048
v -553612.2803726486 6541202.948878584 -103.07116800000048
v -553612.2803726486 6541202.948878584 -103.07116800000048
v -553612.2803726486 6541202.948878584 -103.07116800000048
v -553612.2803726486 6541202.948878584 -103.07116800000048
v -553612.2803726486 6541202.948878584 -103.07116800000048
v -553612.2803726486 6541202.948878584 -103.07116800000048
v -553612.2803726486 6541202.948878584 -103.07116800000048
v -553612.2803726486 6541202.948878584 -103.07116800000048
v -553612.2803726486 6541202.948878584 -103.07116800000048
v -553612.2803726486 6541202.948878584 -103.07116800000048
v -553612.2803726486 6541202.948878584 -103.07116800000048
v -553612.2803726486 6541202.948878584 -103.07116800000048
v -553597.7689780248 6541277.999918253 -103.31622720000047
v -553597.992507465 6541277.67266784 -103.31622720000047
v -553598.2283018999 6541277.348998359 -103.31622720000047
v -553598.3814908509 6541277.001210339 -103.31622720000047
v -553598.6178397998 6541276.677702762 -103.31622720000047
v -553598.8166512002 6541276.343235467 -103.31622720000047
v -553599.003365304 6541276.005235963 -103.31622720000047
v -553599.21780689 6541275.675331924 -103.31622720000047
v -553599.4842982584 6541275.360625054 -103.31622720000047
v -553599.7181573561 6541275.036390662 -103.31622720000047
v -553599.9535293914 6541274.7125978535 -103.31622720000047
v -553600.1417259224 6541274.375031026 -103.31622720000047
v -553600.3120467212 6541274.032245156 -103.31622720000047
v -553600.5269276167 6541273.702469684 -103.31622720000047
v -553600.7034458959 6541273.361493297 -103.31622720000047
v -553600.8612459056 6541273.015051572 -103.31622720000047
v -553601.0712501667 6541272.683852115 -103.31622720000047
v -553601.2729046821 6541272.350214926 -103.31622720000047
v -553601.4657146129 6541272.013995225 -103.31622720000047
v -553601.618181226 6541271.665996305 -103.31622720000047
v -553601.7187521557 6541271.302845509 -103.31622720000047
v -553601.8803225531 6541270.957504927 -103.31622720000047
v -553602.027024097 6541270.607822924 -103.31622720000047
v -553602.1925053068 6541270.263623886 -103.31622720000047
v -553602.362759933 6541269.920818845 -103.31622720000047
v -553602.5916426721 6541269.595131352 -103.31622720000047
v -553602.7623049968 6541269.252445048 -103.31622720000047
v -553602.9398970635 6541268.9117822405 -103.31622720000047
v -553603.0887762652 6541268.562736136 -103.31622720000047
v -553603.2005304403 6541268.202850521 -103.31622720000047
v -553603.3303085009 6541267.848227205 -103.31622720000047
v -553603.4645217909 6541267.494898997 -103.31622720000047
v -553603.5987350512 6541267.141570929 -103.31622720000047
v -553603.8001615284 6541266.807867009 -103.31622720000047
v -553603.9861383822 6541266.4696521005 -103.31622720000047
v -553604.1693155004 6541266.130619901 -103.31622720000047
v -553604.3359429828 6541265.78675584 -103.31622720000047
v -553604.4916406001 6541265.439700427 -103.31622720000047
v -553604.6251917897 6541265.086178756 -103.31622720000047
v -553604.7700339694 6541264.735953873 -103.31622720000047
v -553605.0018824824 6541264.411132449 -103.31622720000047
v -553605.1444888193 6541264.060254765 -103.31622720000047
v -553605.3361921118 6541263.72371181 -103.31622720000047
v -553605.5595101576 6541263.396399589 -103.31622720000047
v -553605.735479622 6541263.055263114 -103.31622720000047
v -553605.9565538027 6541262.727295749 -103.31622720000047
v -553606.2183479083 6541262.411217266 -103.31622720000047
v -553606.4568120175 6541262.088327402 -103.31622720000047
v -553606.7260184024 6541261.774413236 -103.31622720000047
v -553606.9192458546 6541261.438315291 -103.31622720000047
v -553607.0425466266 6541261.081800947 -103.31622720000047
v -553607.2873920851 6541260.760774251 -103.31622720000047
v -553607.4853597584 6541260.4260604605 -103.31622720000047
v -553607.7382404432 6541260.107379518 -103.31622720000047
v -553607.9994967888 6541259.791144238 -103.31622720000047
v -553608.1768370586 6541259.450407933 -103.31622720000047
v -553608.3870943341 6541259.119282348 -103.31622720000047
v -553608.6824658063 6541258.813007476 -103.31622720000047
v -553608.9849314145 6541258.508804033 -103.31622720000047
v -553609.2226372003 6541258.185692761 -103.31622720000047
v -553609.3382446861 6541257.8269322 -103.31622720000047
v -553609.499868276 6541257.48160685 -103.31622720000047
v -553609.6419058805 6541257.130563114 -103.31622720000047
v -553609.7496999047 6541256.769521399 -103.31622720000047
v -553609.975315197 6541256.442879907 -103.31622720000047
v -553610.135070145 6541256.097008969 -103.31622720000047
v -553610.2280050903 6541255.731628689 -103.31622720000047
v -553610.3539937236 6541255.375899269 -103.31622720000047
v -553610.4345040275 6541255.006891356 -103.31622720000047
v -553610.5522969918 6541254.648768744 -103.31622720000047
v -553610.7253811338 6541254.306789838 -103.31622720000047
v -553610.8581211295 6541253.95303147 -103.31622720000047
v -553610.8943889911 6541253.571105908 -103.31622720000047
v -553610.9450807923 6541253.193391862 -103.31622720000047
v -553611.0885689362 6541252.84277179 -103.31622720000047
v -553611.1610901372 6541252.471431292 -103.31622720000047
v -553611.2690098813 6541252.110425987 -103.31622720000047
v -553611.3604384317 6541251.744605884 -103.31622720000047
v -553611.4845135794 6541251.388317782 -103.31622720000047
v -553611.5835572025 6541251.0247211205 -103.31622720000047
v -553611.6981744186 6541250.665671219 -103.31622720000047
v -553611.8511865294 6541250.317831717 -103.31622720000047
v -553611.9249930308 6541249.946866639 -103.31622720000047
v -553611.9927444523 6541249.574133504 -103.31622720000047
v -553612.1639974475 6541249.231619661 -103.31622720000047
v -553612.2592064872 6541248.86690335 -103.31622720000047
v -553612.3514754882 6541248.501328782 -103.31622720000047
v -553612.4638350541 6541248.141619924 -103.31622720000047
v -553612.4865090942 6541247.755725362 -103.31622720000047
v -553612.4519882519 6541247.353131713 -103.31622720000047
v -553612.5009097495 6541246.97490094 -103.31622720000047
v -553612.5359784167 6541246.592625395 -103.31622720000047
v -553612.4807565819 6541246.183987512 -103.31622720000047
v -553612.5335030751 6541245.806873526 -103.31622720000047
v -553612.5535982541 6541245.42022616 -103.31622720000047
v -553612.7031134332 6541245.071365508 -103.31622720000047
v -553612.81991356 6541244.712953164 -103.31622720000047
v -553612.9492263352 6541244.358194297 -103.31622720000047
v -553613.1251016649 6541244.017030188 -103.31622720000047
v -553613.2828073583 6541243.670560927 -103.31622720000047
v -553613.4777462435 6541243.33496282 -103.31622720000047
v -553613.5710413427 6541242.969687843 -103.31622720000047
v -553613.6648223902 6541242.604554599 -103.31622720000047
v -553613.7642219192 6541242.241061641 -103.31622720000047
v -553613.9528342735 6541241.903616372 -103.31622720000047
v -553614.0089756818 6541241.527493601 -103.31622720000047
v -553614.0651171232 6541241.151370755 -103.31622720000047
v -553614.1378883813 6541240.780103055 -103.31622720000047
v -553614.3617953861 6541240.452962793 -103.31622720000047
v -553614.4875582572 6541240.097167457 -103.31622720000047
v -553614.607039276 6541239.739537856 -103.31622720000047
v -553614.6977247068 6541239.373500635 -103.31622720000047
v -553614.7884100924 6541239.007463549 -103.31622720000047
v -553614.934222711 6541238.657522155 -103.31622720000047
v -553615.0239703334 6541238.291211269 -103.31622720000047
v -553615.1144213199 6541237.925105597 -103.31622720000047
v -553615.181064238 6541237.552048813 -103.31622720000047
v -553615.257933403 6541237.181977943 -103.31622720000047
v -553615.3106822352 6541236.8048644895 -103.31622720000047
v -553615.2256788076 6541236.387531251 -103.31622720000047
v -553615.3198258459 6541236.022505015 -103.31622720000047
v -553615.4102369543 6541235.656387848 -103.31622720000047
v -553615.4976215414 6541235.289386877 -103.31622720000047
v -553615.6025868014 6541234.927519098 -103.31622720000047
v -553615.7131480938 6541234.567285346 -103.31622720000047
v -553615.742140184 6541234.183235617 -103.31622720000047
v -553615.8104484213 6541233.810664909 -103.31622720000047
v -553615.8102317939 6541233.418087089 -103.31622720000047
v -553615.7048262743 6541232.994797333 -103.31622720000047
v -553615.7253284588 6541232.6082688 -103.31622720000047
v -553615.7493658651 6541232.222772301 -103.31622720000047
v -553615.7459427386 6541231.829258278 -103.31622720000047
v -553615.8328212993 6541231.462109859 -103.31622720000047
v -553615.9199474176 6541231.095033634 -103.31622720000047
v -553615.99553447 6541230.724588064 -103.31622720000047
v -553616.0845167288 6541230.358053715 -103.31622720000047
v -553616.2107590925 6541230.002398377 -103.31622720000047
v -553616.3038927271 6541229.637076109 -103.31622720000047
v -553616.3817512149 6541229.267293794 -103.31622720000047
v -553616.3895959476 6541228.877069656 -103.31622720000047
v -553616.5028465522 6541228.517621105 -103.31622720000047
v -553616.5590409443 6541228.141513655 -103.31622720000047
v -553616.5478757207 6541227.745739016 -103.31622720000047
v -553616.6185451917 6541227.373858017 -103.31622720000047
v -553616.665183452 6541226.994960455 -103.31622720000047
v -553616.6977677407 6541226.611959396 -103.31622720000047
v -553616.7286636254 6541226.228465522 -103.31622720000047
v -553616.779960102 6541225.850928173 -103.31622720000047
v -553616.8505113036 6541225.479012493 -103.31622720000047
v -553616.8399400285 6541225.08341127 -103.31622720000047
v -553616.9169519531 6541224.713381932 -103.31622720000047
v -553616.8993967735 6541224.315741911 -103.31622720000047
v -553616.9310238606 6541223.932461525 -103.31622720000047
v -553616.9713489856 6541223.551720564 -103.31622720000047
v -553616.9799387245 6541223.161713947 -103.31622720000047
v -553617.0416723213 6541222.787223933 -103.31622720000047
v -553617.2022718787 6541222.441599744 -103.31622720000047
v -553617.2206086034 6541222.054438812 -103.31622720000047
v -553617.3300170319 6541221.693868308 -103.31622720000047
v -553617.3088866362 6541221.295184428 -103.31622720000047
v -553617.1959836383 6541220.869705541 -103.31622720000047
v -553617.2040618554 6541220.47954936 -103.31622720000047
v -553617.2261737137 6541220.093490806 -103.31622720000047
v -553617.212250452 6541219.696911199 -103.31622720000047
v -553617.211389393 6541219.304145223 -103.31622720000047
v -553617.1891057409 6541218.905124327 -103.31622720000047
v -553617.1732445492 6541218.507978901 -103.31622720000047
v -553617.1608754027 6541218.111852899 -103.31622720000047
v -553617.148814331 6541217.715816698 -103.31622720000047
v -553617.1250709353 6541217.316369749 -103.31622720000047
v -553617.1247918365 6541216.923773839 -103.31622720000047
v -553617.1127806313 6541216.527752346 -103.31622720000047
v -553617.1007695121 6541216.131730729 -103.31622720000047
v -553617.0741666331 6541215.731448894 -103.31622720000047
v -553617.0434190248 6541215.329957069 -103.31622720000047
v -553617.0289401514 6541214.933215089 -103.31622720000047
v -553617.0517568627 6541214.547362181 -103.31622720000047
v -553616.9347770184 6541214.120692912 -103.31622720000047
v -553616.9401472434 6541213.72974644 -103.31622720000047
v -553617.069164339 6541213.374901094 -103.31622720000047
v -553617.0675018773 6541212.981900982 -103.31622720000047
v -553617.0488610317 6541212.583943828 -103.31622720000047
v -553617.0132264334 6541212.181025146 -103.31622720000047
v -553616.947695595 6541211.769377482 -103.31622720000047
v -553616.8821416638 6541211.357722926 -103.31622720000047
v -553616.8169321605 6541210.946169084 -103.31622720000047
v -553616.7564023464 6541210.535981725 -103.31622720000047
v -553616.7240339646 6541210.134016596 -103.31622720000047
v -553616.6266425389 6541209.713066356 -103.31622720000047
v -553616.5298436097 6541209.292289474 -103.31622720000047
v -553616.467674651 6541208.881623382 -103.31622720000047
v -553616.4055057986 6541208.470957169 -103.31622720000047
v -553616.3493217925 6541208.062038509 -103.31622720000047
v -553616.2806601016 6541207.64947688 -103.31622720000047
v -553616.1993802756 6541207.233230972 -103.31622720000047
v -553616.0461819822 6541206.79598682 -103.31622720000047
v -553615.9164359872 6541206.365590206 -103.31622720000047
v -553615.8017530598 6541205.939591721 -103.31622720000047
v -553615.5855843897 6541205.483962207 -103.31622720000047
v -553615.4442960968 6541205.050195428 -103.31622720000047
v -553615.2447551199 6541204.599420717 -103.31622720000047
v -553615.0828431852 6541204.15963274 -103.31622720000047
v -553614.7657314747 6541203.674530806 -103.31622720000047
v -553614.5833507692 6541203.228766241 -103.31622720000047
v -553614.2777322233 6541202.747019976 -103.31622720000047
v -553614.2777322233 6541202.747019976 -103.31622720000047
v -553614.2777322233 6541202.747019976 -103.31622720000047
v -553614.2777322233 6541202.747019976 -103.31622720000047
v -553614.2777322233 6541202.747019976 -103.31622720000047
v -553614.2777322233 6541202.747019976 -103.31622720000047
v -553614.2777322233 6541202.747019976 -103.31622720000047
v -553614.2777322233 6541202.747019976 -103.31622720000047
v -553614.2777322233 6541202.747019976 -103.31622720000047
v -553614.2777322233 6541202.747019976 -103.31622720000047
v -553614.2777322233 6541202.747019976 -103.31622720000047
v -553614.2777322233 6541202.747019976 -103.31622720000047
v -553614.2777322233 6541202.747019976 -103.31622720000047
v -553614.2777322233 6541202.747019976 -103.31622720000047
v -553614.2777322233 6541202.747019976 -103.31622720000047
v -553614.2777322233 6541202.747019976 -103.31622720000047
v -553614.2777322233 6541202.747019976 -103.31622720000047
v -553614.2777322233 6541202.747019976 -103.31622720000047
v -553614.2777322233 6541202.747019976 -103.31622720000047
v -553614.2777322233 6541202.747019976 -103.31622720000047
v -553614.2777322233 6541202.747019976 -103.31622720000047
v -553614.2777322233 6541202.747019976 -103.31622720000047
v -553614.2777322233 6541202.747019976 -103.31622720000047
v -553614.2777322233 6541202.747019976 -103.31622720000047
v -553614.2777322233 6541202.747019976 -103.31622720000047
v -553614.2777322233 6541202.747019976 -103.31622720000047
v -553614.2777322233 6541202.747019976 -103.31622720000047
v -553614.2777322233 6541202.747019976 -103.31622720000047
v -553614.2777322233 6541202.747019976 -103.31622720000047
v -553614.2777322233 6541202.747019976 -103.31622720000047
v -553614.2777322233 6541202.747019976 -103.31622720000047
v -553614.2777322233 6541202.747019976 -103.31622720000047
v -553614.2777322233 6541202.747019976 -103.31622720000047
v -553614.2777322233 6541202.747019976 -103.31622720000047
v -553614.2777322233 6541202.747019976 -103.31622720000047
v -553614.2777322233 6541202.747019976 -103.31622720000047
v -553614.2777322233 6541202.747019976 -103.31622720000047
v -553614.2777322233 6541202.747019976 -103.31622720000047
v -553614.2777322233 6541202.747019976 -103.31622720000047
v -553614.2777322233 6541202.747019976 -103.31622720000047
v -553614.2777322233 6541202.747019976 -103.31622720000047
v -553614.2777322233 6541202.747019976 -103.31622720000047
v -553614.2777322233 6541202.747019976 -103.31622720000047
v -553614.2777322233 6541202.747019976 -103.31622720000047
v -553614.2777322233 6541202.747019976 -103.31622720000047
v -553614.2777322233 6541202.747019976 -103.31622720000047
v -553614.2777322233 6541202.747019976 -103.31622720000047
v -553614.2777322233 6541202.747019976 -103.31622720000047
v -553614.2777322233 6541202.747019976 -103.31622720000047
v -553614.2777322233 6541202.747019976 -103.31622720000047
v -553614.2777322233 6541202.747019976 -103.31622720000047
v -553614.2777322233 6541202.747019976 -103.31622720000047
v -553614.2777322233 6541202.747019976 -103.31622720000047
v -553614.2777322233 6541202.747019976 -103.31622720000047
v -553614.2777322233 6541202.747019976 -103.31622720000047
v -553614.2777322233 6541202.747019976 -103.31622720000047
v -553614.2777322233 6541202.747019976 -103.31622720000047
v -553614.2777322233 6541202.747019976 -103.31622720000047
v -553614.2777322233 6541202.747019976 -103.31622720000047
v -553614.2777322233 6541202.747019976 -103.31622720000047
v -553614.2777322233 6541202.747019976 -103.31622720000047
v -553614.2777322233 6541202.747019976 -103.31622720000047
v -553614.2777322233 6541202.747019976 -103.31622720000047
v -553614.2777322233 6541202.747019976 -103.31622720000047
v -553614.2777322233 6541202.747019976 -103.31622720000047
v -553614.2777322233 6541202.747019976 -103.31622720000047
v -553614.2777322233 6541202.747019976 -103.31622720000047
v -553614.2777322233 6541202.747019976 -103.31622720000047
v -553614.2777322233 6541202.747019976 -103.31622720000047
v -553614.2777322233 6541202.747019976 -103.31622720000047
v -553614.2777322233 6541202.747019976 -103.31622720000047
v -553614.2777322233 6541202.747019976 -103.31622720000047
v -553614.2777322233 6541202.747019976 -103.31622720000047
v -553614.2777322233 6541202.747019976 -103.31622720000047
v -553614.2777322233 6541202.747019976 -103.31622720000047
v -553614.2777322233 6541202.747019976 -103.31622720000047
v -553614.2777322233 6541202.747019976 -103.31622720000047
v -553614.2777322233 6541202.747019976 -103.31622720000047
v -553614.2777322233 6541202.747019976 -103.31622720000047
v -553614.2777322233 6541202.747019976 -103.31622720000047
v -553614.2777322233 6541202.747019976 -103.31622720000047
v -553614.2777322233 6541202.747019976 -103.31622720000047
v -553614.2777322233 6541202.747019976 -103.31622720000047
v -553614.2777322233 6541202.747019976 -103.31622720000047
v -553614.2777322233 6541202.747019976 -103.31622720000047
v -553614.2777322233 6541202.747019976 -103.31622720000047
v -553614.2777322233 6541202.747019976 -103.31622720000047
v -553614.2777322233 6541202.747019976 -103.31622720000047
v -553614.2777322233 6541202.747019976 -103.31622720000047
v -553614.2777322233 6541202.747019976 -103.31622720000047
v -553614.2777322233 6541202.747019976 -103.31622720000047
v -553614.2777322233 6541202.747019976 -103.31622720000047
v -553614.2777322233 6541202.747019976 -103.31622720000047
v -553614.2777322233 6541202.747019976 -103.31622720000047
v -553614.2777322233 6541202.747019976 -103.31622720000047
v -553614.2777322233 6541202.747019976 -103.31622720000047
v -553614.2777322233 6541202.747019976 -103.31622720000047
v -553614.2777322233 6541202.747019976 -103.31622720000047
v -553614.2777322233 6541202.747019976 -103.31622720000047
v -553614.2777322233 6541202.747019976 -103.31622720000047
v -553614.2777322233 6541202.747019976 -103.31622720000047
v -553614.2777322233 6541202.747019976 -103.31622720000047
v -553614.2777322233 6541202.747019976 -103.31622720000047
v -553614.2777322233 6541202.747019976 -103.31622720000047
v -553614.2777322233 6541202.747019976 -103.31622720000047
v -553614.2777322233 6541202.747019976 -103.31622720000047
v -553614.2777322233 6541202.747019976 -103.31622720000047
v -553614.2777322233 6541202.747019976 -103.31622720000047
v -553614.2777322233 6541202.747019976 -103.31622720000047
v -553614.2777322233 6541202.747019976 -103.31622720000047
v -553614.2777322233 6541202.747019976 -103.31622720000047
v -553614.2777322233 6541202.747019976 -103.31622720000047
v -553614.2777322233 6541202.747019976 -103.31622720000047
v -553614.2777322233 6541202.747019976 -103.31622720000047
v -553614.2777322233 6541202.747019976 -103.31622720000047
v -553614.2777322233 6541202.747019976 -103.31622720000047
v -553614.2777322233 6541202.747019976 -103.31622720000047
v -553614.2777322233 6541202.747019976 -103.31622720000047
v -553614.2777322233 6541202.747019976 -103.31622720000047
v -553614.2777322233 6541202.747019976 -103.31622720000047
v -553614.2777322233 6541202.747019976 -103.31622720000047
v -553614.2777322233 6541202.747019976 -103.31622720000047
v -553614.2777322233 6541202.747019976 -103.31622720000047
v -553614.2777322233 6541202.747019976 -103.31622720000047
v -553614.2777322233 6541202.747019976 -103.31622720000047
v -553614.2777322233 6541202.747019976 -103.31622720000047
v -553614.2777322233 6541202.747019976 -103.31622720000047
v -553614.2777322233 6541202.747019976 -103.31622720000047
v -553614.2777322233 6541202.747019976 -103.31622720000047
v -553614.2777322233 6541202.747019976 -103.31622720000047
v -553614.2777322233 6541202.747019976 -103.31622720000047
v -553614.2777322233 6541202.747019976 -103.31622720000047
v -553614.2777322233 6541202.747019976 -103.31622720000047
v -553614.2777322233 6541202.747019976 -103.31622720000047
v -553614.2777322233 6541202.747019976 -103.31622720000047
v -553614.2777322233 6541202.747019976 -103.31622720000047
v -553614.2777322233 6541202.747019976 -103.31622720000047
v -553614.2777322233 6541202.747019976 -103.31622720000047
v -553614.2777322233 6541202.747019976 -103.31622720000047
v -553614.2777322233 6541202.747019976 -103.31622720000047
v -553614.2777322233 6541202.747019976 -103.31622720000047
v -553614.2777322233 6541202.747019976 -103.31622720000047
v -553614.2777322233 6541202.747019976 -103.31622720000047
v -553614.2777322233 6541202.747019976 -103.31622720000047
v -553614.2777322233 6541202.747019976 -103.31622720000047
v -553614.2777322233 6541202.747019976 -103.31622720000047
v -553614.2777322233 6541202.747019976 -103.31622720000047
v -553614.2777322233 6541202.747019976 -103.31622720000047
v -553614.2777322233 6541202.747019976 -103.31622720000047
v -553614.2777322233 6541202.747019976 -103.31622720000047
v -553614.2777322233 6541202.747019976 -103.31622720000047
v -553614.2777322233 6541202.747019976 -103.31622720000047
v -553614.2777322233 6541202.747019976 -103.31622720000047
v -553614.2777322233 6541202.747019976 -103.31622720000047
v -553614.2777322233 6541202.747019976 -103.31622720000047
v -553614.2777322233 6541202.747019976 -103.31622720000047
v -553614.2777322233 6541202.747019976 -103.31622720000047
v -553614.2777322233 6541202.747019976 -103.31622720000047
v -553614.2777322233 6541202.747019976 -103.31622720000047
v -553614.2777322233 6541202.747019976 -103.31622720000047
v -553614.2777322233 6541202.747019976 -103.31622720000047
v -553614.2777322233 6541202.747019976 -103.31622720000047
v -553614.2777322233 6541202.747019976 -103.31622720000047
v -553614.2777322233 6541202.747019976 -103.31622720000047
v -553614.2777322233 6541202.747019976 -103.31622720000047
v -553614.2777322233 6541202.747019976 -103.31622720000047
v -553614.2777322233 6541202.747019976 -103.31622720000047
v -553614.2777322233 6541202.747019976 -103.31622720000047
v -553614.2777322233 6541202.747019976 -103.31622720000047
v -553614.2777322233 6541202.747019976 -103.31622720000047
v -553614.2777322233 6541202.747019976 -103.31622720000047
v -553614.2777322233 6541202.747019976 -103.31622720000047
v -553614.2777322233 6541202.747019976 -103.31622720000047
v -553614.2777322233 6541202.747019976 -103.31622720000047
v -553614.2777322233 6541202.747019976 -103.31622720000047
v -553614.2777322233 6541202.747019976 -103.31622720000047
v -553614.2777322233 6541202.747019976 -103.31622720000047
v -553614.2777322233 6541202.747019976 -103.31622720000047
v -553614.2777322233 6541202.747019976 -103.31622720000047
v -553614.2777322233 6541202.747019976 -103.31622720000047
v -553614.2777322233 6541202.747019976 -103.31622720000047
v -553614.2777322233 6541202.747019976 -103.31622720000047
v -553614.2777322233 6541202.747019976 -103.31622720000047
v -553614.2777322233 6541202.747019976 -103.31622720000047
v -553614.2777322233 6541202.747019976 -103.31622720000047
v -553614.2777322233 6541202.747019976 -103.31622720000047
v -553614.2777322233 6541202.747019976 -103.31622720000047
v -553614.2777322233 6541202.747019976 -103.31622720000047
v -553614.2777322233 6541202.747019976 -103.31622720000047
v -553614.2777322233 6541202.747019976 -103.31622720000047
v -553614.2777322233 6541202.747019976 -103.31622720000047
v -553614.2777322233 6541202.747019976 -103.31622720000047
v -553614.2777322233 6541202.747019976 -103.31622720000047
v -553614.2777322233 6541202.747019976 -103.31622720000047
v -553614.2777322233 6541202.747019976 -103.31622720000047
v -553614.2777322233 6541202.747019976 -103.31622720000047
v -553622.9005093037 6541285.337591732 -103.78805760000049
v -553623.1022835834 6541285.003989441 -103.78805760000049
v -553623.3434431702 6541284.681886429 -103.78805760000049
v -553623.6261696225 6541284.371919587 -103.78805760000049
v -553623.8919611735 6541284.05700839 -103.78805760000049
v -553624.1449565465 6541283.738361224 -103.78805760000049
v -553624.3917470811 6541283.417902283 -103.78805760000049
v -553624.5877542853 6541283.082615953 -103.78805760000049
v -553624.7837614843 6541282.747329763 -103.78805760000049
v -553625.1764408906 6541282.469466256 -103.78805760000049
v -553625.3790733069 6541282.136114434 -103.78805760000049
v -553625.6820019046 6541281.83204603 -103.78805760000049
v -553625.8220939072 6541281.480434234 -103.78805760000049
v -553625.9497133777 6541281.125180963 -103.78805760000049
v -553626.044186616 6541280.76024982 -103.78805760000049
v -553626.1386598959 6541280.395318548 -103.78805760000049
v -553626.2363046503 6541280.031313395 -103.78805760000049
v -553626.3535026198 6541279.67301735 -103.78805760000049
v -553626.477349643 6541279.316662494 -103.78805760000049
v -553626.6027521417 6541278.960761651 -103.78805760000049
v -553626.681050706 6541278.591107976 -103.78805760000049
v -553626.7566359565 6541278.220662232 -103.78805760000049
v -553626.9271048027 6541277.877919586 -103.78805760000049
v -553627.1173179133 6541277.540941551 -103.78805760000049
v -553627.2858500892 6541277.197633596 -103.78805760000049
v -553627.4167129596 6541276.843327162 -103.78805760000049
v -553627.5902480041 6541276.501479618 -103.78805760000049
v -553627.6488766785 6541276.126082969 -103.78805760000049
v -553627.7754709964 6541275.770530324 -103.78805760000049
v -553627.9058774625 6541275.416090633 -103.78805760000049
v -553628.0472920557 6541275.064864854 -103.78805760000049
v -553628.2026901776 6541274.717721999 -103.78805760000049
v -553628.3580723503 6541274.370574626 -103.78805760000049
v -553628.4981528836 6541274.018959481 -103.78805760000049
v -553628.6194225408 6541273.66185197 -103.78805760000049
v -553628.694773892 6541273.291337794 -103.78805760000049
v -553628.7469500784 6541272.914057286 -103.78805760000049
v -553628.8163843717 6541272.541815502 -103.78805760000049
v -553628.890214183 6541272.17085694 -103.78805760000049
v -553628.9673819996 6541271.800873118 -103.78805760000049
v -553629.0543792554 6541271.433759348 -103.78805760000049
v -553629.1390860404 6541271.065976684 -103.78805760000049
v -553629.2250038288 6541270.698547458 -103.78805760000049
v -553629.3109215724 6541270.331118361 -103.78805760000049
v -553629.4420902687 6541269.976901361 -103.78805760000049
v -553629.5498013254 6541269.615835273 -103.78805760000049
v -553629.637377856 6541269.248890352 -103.78805760000049
v -553629.7631850481 6541268.893107949 -103.78805760000049
v -553629.9031910498 6541268.541471043 -103.78805760000049
v -553629.9597054721 6541268.165456893 -103.78805760000049
v -553629.9949847762 6541267.783242849 -103.78805760000049
v -553630.023389053 6541267.399021638 -103.78805760000049
v -553630.121118281 6541267.035041148 -103.78805760000049
v -553630.1720310422 6541266.657391476 -103.78805760000049
v -553630.1815498958 6541266.267656193 -103.78805760000049
v -553630.2453670355 6541265.893774444 -103.78805760000049
v -553630.2903554818 6541265.514395186 -103.78805760000049
v -553630.2491075937 6541265.109837296 -103.78805760000049
v -553630.1186087059 6541264.679220859 -103.78805760000049
v -553630.177233201 6541264.30382307 -103.78805760000049
v -553630.3647768794 6541263.966065777 -103.78805760000049
v -553630.4118769161 6541263.587302901 -103.78805760000049
v -553630.4436923303 6541263.204077503 -103.78805760000049
v -553630.4385546733 6541262.810063027 -103.78805760000049
v -553630.438653894 6541262.417577424 -103.78805760000049
v -553630.3914997474 6541262.011295078 -103.78805760000049
v -553630.3592839012 6541261.609374421 -103.78805760000049
v -553630.4331444527 6541261.238425116 -103.78805760000049
v -553630.4820995579 6541260.860204006 -103.78805760000049
v -553630.3287459884 6541260.422914528 -103.78805760000049
v -553630.3404069234 6541260.033804751 -103.78805760000049
v -553630.3520679298 6541259.644694853 -103.78805760000049
v -553630.3637290085 6541259.255584835 -103.78805760000049
v -553630.3705801995 6541258.865070612 -103.78805760000049
v -553630.3679813109 6541258.471797382 -103.78805760000049
v -553630.3653824985 6541258.078524034 -103.78805760000049
v -553630.3633387677 6541257.685412612 -103.78805760000049
v -553630.3618019992 6541257.29244935 -103.78805760000049
v -553630.3200400966 6541256.887741664 -103.78805760000049
v -553630.3030158656 6541256.490256574 -103.78805760000049
v -553630.2763338472 6541256.08995143 -103.78805760000049
v -553630.2716589316 6541255.696071921 -103.78805760000049
v -553630.2846603015 6541255.307353512 -103.78805760000049
v -553630.2697625663 6541254.910489237 -103.78805760000049
v -553630.2504889049 6541254.512347178 -103.78805760000049
v -553630.2498671598 6541254.119651075 -103.78805760000049
v -553630.2446587718 6541253.725615948 -103.78805760000049
v -553630.2394504615 6541253.331580702 -103.78805760000049
v -553630.2298685361 6541252.936268347 -103.78805760000049
v -553630.2248576141 6541252.542290733 -103.78805760000049
v -553630.2254778027 6541252.149957381 -103.78805760000049
v -553630.1925453026 6541251.7478274815 -103.78805760000049
v -553630.1417665067 6541251.340486842 -103.78805760000049
v -553630.0989075874 6541250.93545886 -103.78805760000049
v -553630.0990643017 6541250.542990045 -103.78805760000049
v -553630.0992210931 6541250.15052111 -103.78805760000049
v -553630.099377808 6541249.758052295 -103.78805760000049
v -553630.0936867978 6541249.363876258 -103.78805760000049
v -553630.0738004212 6541248.965555444 -103.78805760000049
v -553630.049636426 6541248.56598555 -103.78805760000049
v -553630.0275203626 6541248.167013735 -103.78805760000049
v -553630.0029470827 6541247.7673246255 -103.78805760000049
v -553629.9753209368 6541247.366744026 -103.78805760000049
v -553629.9476948782 6541246.96616331 -103.78805760000049
v -553629.920068733 6541246.565582711 -103.78805760000049
v -553629.8924425014 6541246.16500223 -103.78805760000049
v -553629.8648163183 6541245.76442168 -103.78805760000049
v -553629.8371902969 6541245.363840913 -103.78805760000049
v -553629.8000901815 6541244.960494192 -103.78805760000049
v -553629.7592166376 6541244.556045882 -103.78805760000049
v -553629.7183814362 6541244.151608624 -103.78805760000049
v -553629.7055670777 6541243.755352492 -103.78805760000049
v -553629.7161617245 6541243.365931248 -103.78805760000049
v -553629.693144555 6541242.966696478 -103.78805760000049
v -553629.6826819316 6541242.571127126 -103.78805760000049
v -553629.6638526262 6541242.1731148055 -103.78805760000049
v -553629.6450232372 6541241.775102602 -103.78805760000049
v -553629.4639646178 6541241.329724344 -103.78805760000049
v -553629.4401925651 6541240.930269026 -103.78805760000049
v -553629.5460669665 6541240.568666547 -103.78805760000049
v -553629.5820756538 6541240.186665605 -103.78805760000049
v -553629.5716869291 6541239.791117828 -103.78805760000049
v -553629.5843611307 6541239.402303611 -103.78805760000049
v -553629.5627850211 6541239.003489446 -103.78805760000049
v -553629.5500998134 6541238.607271308 -103.78805760000049
v -553629.5424893004 6541238.212534688 -103.78805760000049
v -553629.5291773523 6541237.816133274 -103.78805760000049
v -553629.5158653219 6541237.419731979 -103.78805760000049
v -553629.5173555706 6541237.027652661 -103.78805760000049
v -553629.5215709019 6541236.636368843 -103.78805760000049
v -553629.524143804 6541236.244605341 -103.78805760000049
v -553629.5279409019 6541235.853199411 -103.78805760000049
v -553629.5358735087 6541235.463001074 -103.78805760000049
v -553629.5407434016 6541235.07190843 -103.78805760000049
v -553629.5136366251 6541234.671479267 -103.78805760000049
v -553629.4801811056 6541234.26919666 -103.78805760000049
v -553629.4827827411 6541233.877441836 -103.78805760000049
v -553629.4853844529 6541233.485686888 -103.78805760000049
v -553629.4879862414 6541233.093931819 -103.78805760000049
v -553629.4905879536 6541232.702176872 -103.78805760000049
v -553629.4934425879 6541232.310495915 -103.78805760000049
v -553629.6027096154 6541231.949884126 -103.78805760000049
v -553629.6656665677 6541231.575751003 -103.78805760000049
v -553629.6930630958 6541231.191235563 -103.78805760000049
v -553629.5649047793 6541230.761302504 -103.78805760000049
v -553629.5851007978 6541230.374684436 -103.78805760000049
v -553629.6052967459 6541229.988066493 -103.78805760000049
v -553629.625492624 6541229.601448673 -103.78805760000049
v -553629.6456885716 6541229.214830728 -103.78805760000049
v -553629.6658845902 6541228.828212661 -103.78805760000049
v -553629.6366035795 6541228.42714889 -103.78805760000049
v -553629.6793767343 6541228.047122976 -103.78805760000049
v -553629.7221499505 6541227.667096935 -103.78805760000049
v -553629.7697220084 6541227.288471872 -103.78805760000049
v -553629.8077242309 6541226.90705284 -103.78805760000049
v -553629.8457263899 6541226.525633935 -103.78805760000049
v -553629.8449009039 6541226.132878345 -103.78805760000049
v -553629.7782257539 6541225.720896432 -103.78805760000049
v -553629.8885234729 6541225.360585576 -103.78805760000049
v -553629.99773528 6541224.999957809 -103.78805760000049
v -553630.0357374748 6541224.61853883 -103.78805760000049
v -553630.0737397886 6541224.23711962 -103.78805760000049
v -553630.1117420113 6541223.855700588 -103.78805760000049
v -553630.1497441699 6541223.474281684 -103.78805760000049
v -553630.1946219597 6541223.094870116 -103.78805760000049
v -553630.3618738399 6541222.751188067 -103.78805760000049
v -553630.4001850088 6541222.369859383 -103.78805760000049
v -553630.4384962408 6541221.988530573 -103.78805760000049
v -553630.4967198598 6541221.613015454 -103.78805760000049
v -553630.5736734966 6541221.242969099 -103.78805760000049
v -553630.650627084 6541220.872922874 -103.78805760000049
v -553630.6756546394 6541220.487715618 -103.78805760000049
v -553630.6928502026 6541220.100221504 -103.78805760000049
v -553630.7784750626 6541219.732706893 -103.78805760000049
v -553630.8848033285 6541219.371237217 -103.78805760000049
v -553630.975908155 6541219.005322595 -103.78805760000049
v -553631.0258612963 6541218.627392738 -103.78805760000049
v -553631.1518570511 6541218.27166525 -103.78805760000049
v -553631.2018346267 6541217.8937428165 -103.78805760000049
v -553631.2518122613 6541217.515820256 -103.78805760000049
v -553631.3048241531 6541217.138783464 -103.78805760000049
v -553631.3585317713 6541216.76194995 -103.78805760000049
v -553631.5249638564 6541216.418028834 -103.78805760000049
v -553631.7714378298 6541216.097477468 -103.78805760000049
v -553632.030194388 6541215.780512113 -103.78805760000049
v -553632.030194388 6541215.780512113 -103.78805760000049
v -553632.030194388 6541215.780512113 -103.78805760000049
v -553632.030194388 6541215.780512113 -103.78805760000049
v -553632.030194388 6541215.780512113 -103.78805760000049
v -553632.030194388 6541215.780512113 -103.78805760000049
v -553632.030194388 6541215.780512113 -103.78805760000049
v -553632.030194388 6541215.780512113 -103.78805760000049
v -553632.030194388 6541215.780512113 -103.78805760000049
v -553632.030194388 6541215.780512113 -103.78805760000049
v -553632.030194388 6541215.780512113 -103.78805760000049
v -553632.030194388 6541215.780512113 -103.78805760000049
v -553632.030194388 6541215.780512113 -103.78805760000049
v -553632.030194388 6541215.780512113 -103.78805760000049
v -553632.030194388 6541215.780512113 -103.78805760000049
v -553632.030194388 6541215.780512113 -103.78805760000049
v -553632.030194388 6541215.780512113 -103.78805760000049
v -553632.030194388 6541215.780512113 -103.78805760000049
v -553632.030194388 6541215.780512113 -103.78805760000049
v -553632.030194388 6541215.780512113 -103.78805760000049
v -553632.030194388 6541215.780512113 -103.78805760000049
v -553632.030194388 6541215.780512113 -103.78805760000049
v -553632.030194388 6541215.780512113 -103.78805760000049
v -553632.030194388 6541215.780512113 -103.78805760000049
v -553632.030194388 6541215.780512113 -103.78805760000049
v -553632.030194388 6541215.780512113 -103.78805760000049
v -553632.030194388 6541215.780512113 -103.78805760000049
v -553632.030194388 6541215.780512113 -103.78805760000049
v -553632.030194388 6541215.780512113 -103.78805760000049
v -553632.030194388 6541215.780512113 -103.78805760000049
v -553632.030194388 6541215.780512113 -103.78805760000049
v -553632.030194388 6541215.780512113 -103.78805760000049
v -553632.030194388 6541215.780512113 -103.78805760000049
v -553632.030194388 6541215.780512113 -103.78805760000049
v -553632.030194388 6541215.780512113 -103.78805760000049
v -553632.030194388 6541215.780512113 -103.78805760000049
v -553632.030194388 6541215.780512113 -103.78805760000049
v -553632.030194388 6541215.780512113 -103.78805760000049
v -553632.030194388 6541215.780512113 -103.78805760000049
v -553632.030194388 6541215.780512113 -103.78805760000049
v -553632.030194388 6541215.780512113 -103.78805760000049
v -553632.030194388 6541215.780512113 -103.78805760000049
v -553632.030194388 6541215.780512113 -103.78805760000049
v -553632.030194388 6541215.780512113 -103.78805760000049
v -553632.030194388 6541215.780512113 -103.78805760000049
v -553632.030194388 6541215.780512113 -103.78805760000049
v -553632.030194388 6541215.780512113 -103.78805760000049
v -553632.030194388 6541215.780512113 -103.78805760000049
v -553632.030194388 6541215.780512113 -103.78805760000049
v -553632.030194388 6541215.780512113 -103.78805760000049
v -553632.030194388 6541215.780512113 -103.78805760000049
v -553632.030194388 6541215.780512113 -103.78805760000049
v -553632.030194388 6541215.780512113 -103.78805760000049
v -553632.030194388 6541215.780512113 -103.78805760000049
v -553632.030194388 6541215.780512113 -103.78805760000049
v -553632.030194388 6541215.780512113 -103.78805760000049
v -553632.030194388 6541215.780512113 -103.78805760000049
v -553632.030194388 6541215.780512113 -103.78805760000049
v -553632.030194388 6541215.780512113 -103.78805760000049
v -553632.030194388 6541215.780512113 -103.78805760000049
v -553632.030194388 6541215.780512113 -103.78805760000049
v -553632.030194388 6541215.780512113 -103.78805760000049
v -553632.030194388 6541215.780512113 -103.78805760000049
v -553632.030194388 6541215.780512113 -103.78805760000049
v -553632.030194388 6541215.780512113 -103.78805760000049
v -553632.030194388 6541215.780512113 -103.78805760000049
v -553632.030194388 6541215.780512113 -103.78805760000049
v -553632.030194388 6541215.780512113 -103.78805760000049
v -553632.030194388 6541215.780512113 -103.78805760000049
v -553632.030194388 6541215.780512113 -103.78805760000049
v -553632.030194388 6541215.780512113 -103.78805760000049
v -553632.030194388 6541215.780512113 -103.78805760000049
v -553632.030194388 6541215.780512113 -103.78805760000049
v -553632.030194388 6541215.780512113 -103.78805760000049
v -553632.030194388 6541215.780512113 -103.78805760000049
v -553632.030194388 6541215.780512113 -103.78805760000049
v -553632.030194388 6541215.780512113 -103.78805760000049
v -553632.030194388 6541215.780512113 -103.78805760000049
v -553632.030194388 6541215.780512113 -103.78805760000049
v -553632.030194388 6541215.780512113 -103.78805760000049
v -553632.030194388 6541215.780512113 -103.78805760000049
v -553632.030194388 6541215.780512113 -103.78805760000049
v -553632.030194388 6541215.780512113 -103.78805760000049
v -553632.030194388 6541215.780512113 -103.78805760000049
v -553632.030194388 6541215.780512113 -103.78805760000049
v -553632.030194388 6541215.780512113 -103.78805760000049
v -553632.030194388 6541215.780512113 -103.78805760000049
v -553632.030194388 6541215.780512113 -103.78805760000049
v -553632.030194388 6541215.780512113 -103.78805760000049
v -553632.030194388 6541215.780512113 -103.78805760000049
v -553632.030194388 6541215.780512113 -103.78805760000049
v -553632.030194388 6541215.780512113 -103.78805760000049
v -553632.030194388 6541215.780512113 -103.78805760000049
v -553632.030194388 6541215.780512113 -103.78805760000049
v -553632.030194388 6541215.780512113 -103.78805760000049
v -553632.030194388 6541215.780512113 -103.78805760000049
v -553632.030194388 6541215.780512113 -103.78805760000049
v -553632.030194388 6541215.780512113 -103.78805760000049
v -553632.030194388 6541215.780512113 -103.78805760000049
v -553632.030194388 6541215.780512113 -103.78805760000049
v -553632.030194388 6541215.780512113 -103.78805760000049
v -553632.030194388 6541215.780512113 -103.78805760000049
v -553632.030194388 6541215.780512113 -103.78805760000049
v -553632.030194388 6541215.780512113 -103.78805760000049
v -553632.030194388 6541215.780512113 -103.78805760000049
v -553632.030194388 6541215.780512113 -103.78805760000049
v -553632.030194388 6541215.780512113 -103.78805760000049
v -553632.030194388 6541215.780512113 -103.78805760000049
v -553632.030194388 6541215.780512113 -103.78805760000049
v -553632.030194388 6541215.780512113 -103.78805760000049
v -553632.030194388 6541215.780512113 -103.78805760000049
v -553632.030194388 6541215.780512113 -103.78805760000049
v -553632.030194388 6541215.780512113 -103.78805760000049
v -553632.030194388 6541215.780512113 -103.78805760000049
v -553632.030194388 6541215.780512113 -103.78805760000049
v -553632.030194388 6541215.780512113 -103.78805760000049
v -553632.030194388 6541215.780512113 -103.78805760000049
v -553632.030194388 6541215.780512113 -103.78805760000049
v -553632.030194388 6541215.780512113 -103.78805760000049
v -553632.030194388 6541215.780512113 -103.78805760000049
v -553632.030194388 6541215.780512113 -103.78805760000049
v -553632.030194388 6541215.780512113 -103.78805760000049
v -553632.030194388 6541215.780512113 -103.78805760000049
v -553632.030194388 6541215.780512113 -103.78805760000049
v -553632.030194388 6541215.780512113 -103.78805760000049
v -553632.030194388 6541215.780512113 -103.78805760000049
v -553632.030194388 6541215.780512113 -103.78805760000049
v -553632.030194388 6541215.780512113 -103.78805760000049
v -553632.030194388 6541215.780512113 -103.78805760000049
v -553632.030194388 6541215.780512113 -103.78805760000049
v -553632.030194388 6541215.780512113 -103.78805760000049
v -553632.030194388 6541215.780512113 -103.78805760000049
v -553632.030194388 6541215.780512113 -103.78805760000049
v -553632.030194388 6541215.780512113 -103.78805760000049
v -553632.030194388 6541215.780512113 -103.78805760000049
v -553632.030194388 6541215.780512113 -103.78805760000049
v -553632.030194388 6541215.780512113 -103.78805760000049
v -553632.030194388 6541215.780512113 -103.78805760000049
v -553632.030194388 6541215.780512113 -103.78805760000049
v -553632.030194388 6541215.780512113 -103.78805760000049
v -553632.030194388 6541215.780512113 -103.78805760000049
v -553632.030194388 6541215.780512113 -103.78805760000049
v -553632.030194388 6541215.780512113 -103.78805760000049
v -553632.030194388 6541215.780512113 -103.78805760000049
v -553632.030194388 6541215.780512113 -103.78805760000049
v -553632.030194388 6541215.780512113 -103.78805760000049
v -553632.030194388 6541215.780512113 -103.78805760000049
v -553632.030194388 6541215.780512113 -103.78805760000049
v -553632.030194388 6541215.780512113 -103.78805760000049
v -553632.030194388 6541215.780512113 -103.78805760000049
v -553632.030194388 6541215.780512113 -103.78805760000049
v -553632.030194388 6541215.780512113 -103.78805760000049
v -553632.030194388 6541215.780512113 -103.78805760000049
v -553632.030194388 6541215.780512113 -103.78805760000049
v -553632.030194388 6541215.780512113 -103.78805760000049
v -553632.030194388 6541215.780512113 -103.78805760000049
v -553632.030194388 6541215.780512113 -103.78805760000049
v -553632.030194388 6541215.780512113 -103.78805760000049
v -553632.030194388 6541215.780512113 -103.78805760000049
v -553632.030194388 6541215.780512113 -103.78805760000049
v -553632.030194388 6541215.780512113 -103.78805760000049
v -553632.030194388 6541215.780512113 -103.78805760000049
v -553632.030194388 6541215.780512113 -103.78805760000049
v -553632.030194388 6541215.780512113 -103.78805760000049
v -553632.030194388 6541215.780512113 -103.78805760000049
v -553632.030194388 6541215.780512113 -103.78805760000049
v -553632.030194388 6541215.780512113 -103.78805760000049
v -553632.030194388 6541215.780512113 -103.78805760000049
v -553632.030194388 6541215.780512113 -103.78805760000049
v -553632.030194388 6541215.780512113 -103.78805760000049
v -553632.030194388 6541215.780512113 -103.78805760000049
v -553632.030194388 6541215.780512113 -103.78805760000049
v -553632.030194388 6541215.780512113 -103.78805760000049
v -553632.030194388 6541215.780512113 -103.78805760000049
v -553632.030194388 6541215.780512113 -103.78805760000049
v -553632.030194388 6541215.780512113 -103.78805760000049
v -553632.030194388 6541215.780512113 -103.78805760000049
v -553632.030194388 6541215.780512113 -103.78805760000049
v -553632.030194388 6541215.780512113 -103.78805760000049
v -553632.030194388 6541215.780512113 -103.78805760000049
v -553632.030194388 6541215.780512113 -103.78805760000049
v -553632.030194388 6541215.780512113 -103.78805760000049
v -553632.030194388 6541215.780512113 -103.78805760000049
v -553632.030194388 6541215.780512113 -103.78805760000049
v -553632.030194388 6541215.780512113 -103.78805760000049
v -553632.030194388 6541215.780512113 -103.78805760000049
v -553632.030194388 6541215.780512113 -103.78805760000049
v -553632.030194388 6541215.780512113 -103.78805760000049
v -553632.030194388 6541215.780512113 -103.78805760000049
v -553632.030194388 6541215.780512113 -103.78805760000049
v -553632.030194388 6541215.780512113 -103.78805760000049
v -553632.030194388 6541215.780512113 -103.78805760000049
v -553632.030194388 6541215.780512113 -103.78805760000049
v -553632.030194388 6541215.780512113 -103.78805760000049
v -553632.030194388 6541215.780512113 -103.78805760000049
v -553632.030194388 6541215.780512113 -103.78805760000049
v -553632.030194388 6541215.780512113 -103.78805760000049
v -553632.030194388 6541215.780512113 -103.78805760000049
v -553632.030194388 6541215.780512113 -103.78805760000049
v -553632.030194388 6541215.780512113 -103.78805760000049
v -553632.030194388 6541215.780512113 -103.78805760000049
v -553632.030194388 6541215.780512113 -103.78805760000049
v -553632.030194388 6541215.780512113 -103.78805760000049
v -553632.030194388 6541215.780512113 -103.78805760000049
v -553632.030194388 6541215.780512113 -103.78805760000049
v -553632.030194388 6541215.780512113 -103.78805760000049
v -553632.030194388 6541215.780512113 -103.78805760000049
v -553632.030194388 6541215.780512113 -103.78805760000049
v -553632.030194388 6541215.780512113 -103.78805760000049
v -553632.030194388 6541215.780512113 -103.78805760000049
v -553632.030194388 6541215.780512113 -103.78805760000049
v -553632.030194388 6541215.780512113 -103.78805760000049
v -553632.030194388 6541215.780512113 -103.78805760000049
v -553632.030194388 6541215.780512113 -103.78805760000049
v -553632.030194388 6541215.780512113 -103.78805760000049
v -553632.030194388 6541215.780512113 -103.78805760000049
v -553654.6103378339 6541294.595935971 -103.9087584000005
v -553655.0196734243 6541294.322935517 -103.9087584000005
v -553655.4344268151 6541294.051516827 -103.9087584000005
v -553655.8504260583 6541293.780461762 -103.9087584000005
v -553656.2679028601 6541293.50983823 -103.9087584000005
v -553656.6859442294 6541293.239379664 -103.9087584000005
v -553657.104688088 6541292.969126075 -103.9087584000005
v -553657.5389549648 6541292.703404626 -103.9087584000005
v -553657.9932181882 6541292.443521655 -103.9087584000005
v -553658.4629970995 6541292.188168941 -103.9087584000005
v -553658.946733068 6541291.936891151 -103.9087584000005
v -553659.4312811878 6541291.685850358 -103.9087584000005
v -553659.9161941217 6541291.434916208 -103.9087584000005
v -553660.406011417 6541291.185414115 -103.9087584000005
v -553660.8967258597 6541290.936173836 -103.9087584000005
v -553661.3894080335 6541290.68750795 -103.9087584000005
v -553661.8899236093 6541290.441129316 -103.9087584000005
v -553662.4175478037 6541290.202665733 -103.9087584000005
v -553662.9337735049 6541289.960873997 -103.9087584000005
v -553663.4383881495 6541289.715692044 -103.9087584000005
v -553663.8990152853 6541289.457667151 -103.9087584000005
v -553664.3419574184 6541289.194478878 -103.9087584000005
v -553664.7797083324 6541288.929774794 -103.9087584000005
v -553665.2159125132 6541288.664618984 -103.9087584000005
v -553665.6291258316 6541288.392750765 -103.9087584000005
v -553666.0369313693 6541288.119303505 -103.9087584000005
v -553666.3901400474 6541287.829915431 -103.9087584000005
v -553666.7273102709 6541287.535844777 -103.9087584000005
v -553666.9577157095 6541287.21060194 -103.9087584000005
v -553667.0980542651 6541286.85906213 -103.9087584000005
v -553667.2871778912 6541286.521766011 -103.9087584000005
v -553667.5914105749 6541286.218078502 -103.9087584000005
v -553667.8956432879 6541285.914391127 -103.9087584000005
v -553668.2572966184 6541285.627468771 -103.9087584000005
v -553668.6205997153 6541285.341027973 -103.9087584000005
v -553669.0251031728 6541285.066616603 -103.9087584000005
v -553669.4391048215 6541284.794978553 -103.9087584000005
v -553669.8416100363 6541284.5199837545 -103.9087584000005
v -553670.2410795765 6541284.244102502 -103.9087584000005
v -553670.6114298231 6541283.9597193925 -103.9087584000005
v -553670.9710205854 6541283.672194951 -103.9087584000005
v -553671.2874206731 6541283.372059968 -103.9087584000005
v -553671.5694735694 6541283.061896485 -103.9087584000005
v -553671.8739377939 6541282.75827658 -103.9087584000005
v -553672.260746067 6541282.478698857 -103.9087584000005
v -553672.6376668537 6541282.196234152 -103.9087584000005
v -553672.9404309094 6541281.892117722 -103.9087584000005
v -553673.2431950233 6541281.588001559 -103.9087584000005
v -553673.5337043284 6541281.280307223 -103.9087584000005
v -553673.8209896992 6541280.9716714695 -103.9087584000005
v -553674.1640475057 6541280.679319764 -103.9087584000005
v -553674.5844272306 6541280.409543924 -103.9087584000005
v -553675.008753111 6541280.140920122 -103.9087584000005
v -553675.4384410321 6541279.873861757 -103.9087584000005
v -553675.776718248 6541279.580114311 -103.9087584000005
v -553676.0012363221 6541279.253152534 -103.9087584000005
v -553676.225754394 6541278.926190685 -103.9087584000005
v -553676.3150362612 6541278.559743689 -103.9087584000005
v -553676.4013432924 6541278.192428253 -103.9087584000005
v -553676.5061582811 6541277.830516722 -103.9087584000005
v -553676.648254967 6541277.479490234 -103.9087584000005
v -553676.7903516743 6541277.128463631 -103.9087584000005
v -553677.1861645336 6541276.85151486 -103.9087584000005
v -553677.6472719468 6541276.593630316 -103.9087584000005
v -553678.0568909827 6541276.320712544 -103.9087584000005
v -553678.4609234103 6541276.0461635245 -103.9087584000005
v -553678.8453505425 6541275.765890454 -103.9087584000005
v -553679.227099432 6541275.484835537 -103.9087584000005
v -553679.634214018 6541275.21118654 -103.9087584000005
v -553680.048811407 6541274.939722181 -103.9087584000005
v -553680.4716814285 6541274.670673434 -103.9087584000005
v -553680.5600096148 6541274.303948114 -103.9087584000005
v -553680.4776002431 6541273.887372291 -103.9087584000005
v -553680.3951907797 6541273.470796562 -103.9087584000005
v -553680.3229373518 6541273.057186222 -103.9087584000005
v -553680.2525325757 6541272.64411551 -103.9087584000005
v -553680.1894583929 6541272.233184997 -103.9087584000005
v -553680.1355005462 6541271.824916311 -103.9087584000005
v -553680.0815745622 6541271.416657049 -103.9087584000005
v -553680.0423218835 6541271.012681893 -103.9087584000005
v -553680.0030693507 6541270.6087065535 -103.9087584000005
v -553679.9760949874 6541270.208316256 -103.9087584000005
v -553679.9602158607 6541269.811165567 -103.9087584000005
v -553679.9443368048 6541269.414014774 -103.9087584000005
v -553679.9386088165 6541269.019827675 -103.9087584000005
v -553679.9329466929 6541268.62565993 -103.9087584000005
v -553679.9444919685 6541268.236516365 -103.9087584000005
v -553679.9775733126 6541267.85366058 -103.9087584000005
v -553680.0106547128 6541267.470804689 -103.9087584000005
v -553680.0437360572 6541267.087948905 -103.9087584000005
v -553680.0768173455 6541266.705093227 -103.9087584000005
v -553680.1198076918 6541266.325130582 -103.9087584000005
v -553680.2007871043 6541265.956259512 -103.9087584000005
v -553680.2817664354 6541265.587388665 -103.9087584000005
v -553680.3631049641 6541265.21862257 -103.9087584000005
v -553680.444746284 6541264.849944757 -103.9087584000005
v -553680.526387563 6541264.481267057 -103.9087584000005
v -553680.5943144406 6541264.108585275 -103.9087584000005
v -553680.6603303942 6541263.735345434 -103.9087584000005
v -553680.7239649431 6541263.361410171 -103.9087584000005
v -553680.7793706303 6541262.985072443 -103.9087584000005
v -553680.8347762688 6541262.608734825 -103.9087584000005
v -553680.8943846326 6541262.233624155 -103.9087584000005
v -553680.9570482179 6541261.859405398 -103.9087584000005
v -553681.0197117563 6541261.485186751 -103.9087584000005
v -553681.1016869888 6541261.116606679 -103.9087584000005
v -553681.1851511884 6541260.748461269 -103.9087584000005
v -553681.2686154628 6541260.380315654 -103.9087584000005
v -553681.3520796801 6541260.012170197 -103.9087584000005
v -553681.4355438569 6541259.644024854 -103.9087584000005
v -553681.5449885966 6541259.283464951 -103.9087584000005
v -553681.671978916 6541258.928027723 -103.9087584000005
v -553681.7989692092 6541258.57259061 -103.9087584000005
v -553681.928547622 6541258.2179092765 -103.9087584000005
v -553682.0583148053 6541257.863282934 -103.9087584000005
v -553682.2088799244 6541257.514728859 -103.9087584000005
v -553682.4164771115 6541257.182826607 -103.9087584000005
v -553682.6240742973 6541256.850924477 -103.9087584000005
v -553682.850707567 6541256.524580204 -103.9087584000005
v -553683.0849428177 6541256.200455365 -103.9087584000005
v -553683.3239570654 6541255.8777261 -103.9087584000005
v -553683.5822945421 6541255.56063853 -103.9087584000005
v -553683.8406320042 6541255.243550833 -103.9087584000005
v -553684.1794725907 6541254.949967823 -103.9087584000005
v -553684.5398392334 6541254.662669914 -103.9087584000005
v -553684.539300829 6541254.269998144 -103.9087584000005
v -553684.5733729958 6541253.887431528 -103.9087584000005
v -553684.6183615206 6541253.508052293 -103.9087584000005
v -553684.6672815691 6541253.129821071 -103.9087584000005
v -553684.7069647361 6541252.748892826 -103.9087584000005
v -553684.7200455037 6541252.360197335 -103.9087584000005
v -553684.7331262089 6541251.971501947 -103.9087584000005
v -553684.7462068523 6541251.582806665 -103.9087584000005
v -553684.7592875304 6541251.194111323 -103.9087584000005
v -553684.7723683243 6541250.805415786 -103.9087584000005
v -553684.7855980988 6541250.416763923 -103.9087584000005
v -553684.8028318526 6541250.029281229 -103.9087584000005
v -553684.820065667 6541249.641798427 -103.9087584000005
v -553684.8431480621 6541249.256023119 -103.9087584000005
v -553684.873170212 6541248.87227414 -103.9087584000005
v -553684.9031923049 6541248.488525267 -103.9087584000005
v -553684.9332144546 6541248.104776287 -103.9087584000005
v -553684.9632366614 6541247.7210272 -103.9087584000005
v -553684.9932587545 6541247.337278327 -103.9087584000005
v -553685.0232809039 6541246.953529347 -103.9087584000005
v -553685.053303111 6541246.56978026 -103.9087584000005
v -553685.0833252608 6541246.186031281 -103.9087584000005
v -553685.0833252608 6541246.186031281 -103.9087584000005
v -553685.0833252608 6541246.186031281 -103.9087584000005
v -553685.0833252608 6541246.186031281 -103.9087584000005
v -553685.0833252608 6541246.186031281 -103.9087584000005
v -553685.0833252608 6541246.186031281 -103.9087584000005
v -553685.0833252608 6541246.186031281 -103.9087584000005
v -553685.0833252608 6541246.186031281 -103.9087584000005
v -553685.0833252608 6541246.186031281 -103.9087584000005
v -553685.0833252608 6541246.186031281 -103.9087584000005
v -553685.0833252608 6541246.186031281 -103.9087584000005
v -553685.0833252608 6541246.186031281 -103.9087584000005
v -553685.0833252608 6541246.186031281 -103.9087584000005
v -553685.0833252608 6541246.186031281 -103.9087584000005
v -553685.0833252608 6541246.186031281 -103.9087584000005
v -553685.0833252608 6541246.186031281 -103.9087584000005
v -553685.0833252608 6541246.186031281 -103.9087584000005
v -553685.0833252608 6541246.186031281 -103.9087584000005
v -553685.0833252608 6541246.186031281 -103.9087584000005
v -553685.0833252608 6541246.186031281 -103.9087584000005
v -553685.0833252608 6541246.186031281 -103.9087584000005
v -553685.0833252608 6541246.186031281 -103.9087584000005
v -553685.0833252608 6541246.186031281 -103.9087584000005
v -553685.0833252608 6541246.186031281 -103.9087584000005
v -553685.0833252608 6541246.186031281 -103.9087584000005
v -553685.0833252608 6541246.186031281 -103.9087584000005
v -553685.0833252608 6541246.186031281 -103.9087584000005
v -553685.0833252608 6541246.186031281 -103.9087584000005
v -553685.0833252608 6541246.186031281 -103.9087584000005
v -553685.0833252608 6541246.186031281 -103.9087584000005
v -553685.0833252608 6541246.186031281 -103.9087584000005
v -553685.0833252608 6541246.186031281 -103.9087584000005
v -553685.0833252608 6541246.186031281 -103.9087584000005
v -553685.0833252608 6541246.186031281 -103.9087584000005
v -553685.0833252608 6541246.186031281 -103.9087584000005
v -553685.0833252608 6541246.186031281 -103.9087584000005
v -553685.0833252608 6541246.186031281 -103.9087584000005
v -553685.0833252608 6541246.186031281 -103.9087584000005
v -553685.0833252608 6541246.186031281 -103.9087584000005
v -553685.0833252608 6541246.186031281 -103.9087584000005
v -553685.0833252608 6541246.186031281 -103.9087584000005
v -553685.0833252608 6541246.186031281 -103.9087584000005
v -553685.0833252608 6541246.186031281 -103.9087584000005
v -553685.0833252608 6541246.186031281 -103.9087584000005
v -553685.0833252608 6541246.186031281 -103.9087584000005
v -553685.0833252608 6541246.186031281 -103.9087584000005
v -553685.0833252608 6541246.186031281 -103.9087584000005
v -553685.0833252608 6541246.186031281 -103.9087584000005
v -553685.0833252608 6541246.186031281 -103.9087584000005
v -553685.0833252608 6541246.186031281 -103.9087584000005
v -553685.0833252608 6541246.186031281 -103.9087584000005
v -553685.0833252608 6541246.186031281 -103.9087584000005
v -553685.0833252608 6541246.186031281 -103.9087584000005
v -553685.0833252608 6541246.186031281 -103.9087584000005
v -553685.0833252608 6541246.186031281 -103.9087584000005
v -553685.0833252608 6541246.186031281 -103.9087584000005
v -553685.0833252608 6541246.186031281 -103.9087584000005
v -553685.0833252608 6541246.186031281 -103.9087584000005
v -553685.0833252608 6541246.186031281 -103.9087584000005
v -553685.0833252608 6541246.186031281 -103.9087584000005
v -553685.0833252608 6541246.186031281 -103.9087584000005
v -553685.0833252608 6541246.186031281 -103.9087584000005
v -553685.0833252608 6541246.186031281 -103.9087584000005
v -553685.0833252608 6541246.186031281 -103.9087584000005
v -553685.0833252608 6541246.186031281 -103.9087584000005
v -553685.0833252608 6541246.186031281 -103.9087584000005
v -553685.0833252608 6541246.186031281 -103.9087584000005
v -553685.0833252608 6541246.186031281 -103.9087584000005
v -553685.0833252608 6541246.186031281 -103.9087584000005
v -553685.0833252608 6541246.186031281 -103.9087584000005
v -553685.0833252608 6541246.186031281 -103.9087584000005
v -553685.0833252608 6541246.186031281 -103.9087584000005
v -553685.0833252608 6541246.186031281 -103.9087584000005
v -553685.0833252608 6541246.186031281 -103.9087584000005
v -553685.0833252608 6541246.186031281 -103.9087584000005
v -553685.0833252608 6541246.186031281 -103.9087584000005
v -553685.0833252608 6541246.186031281 -103.9087584000005
v -553685.0833252608 6541246.186031281 -103.9087584000005
v -553685.0833252608 6541246.186031281 -103.9087584000005
v -553685.0833252608 6541246.186031281 -103.9087584000005
v -553685.0833252608 6541246.186031281 -103.9087584000005
v -553685.0833252608 6541246.186031281 -103.9087584000005
v -553685.0833252608 6541246.186031281 -103.9087584000005
v -553685.0833252608 6541246.186031281 -103.9087584000005
v -553685.0833252608 6541246.186031281 -103.9087584000005
v -553685.0833252608 6541246.186031281 -103.9087584000005
v -553685.0833252608 6541246.186031281 -103.9087584000005
v -553685.0833252608 6541246.186031281 -103.9087584000005
v -553685.0833252608 6541246.186031281 -103.9087584000005
v -553685.0833252608 6541246.186031281 -103.9087584000005
v -553685.0833252608 6541246.186031281 -103.9087584000005
v -553685.0833252608 6541246.186031281 -103.9087584000005
v -553685.0833252608 6541246.186031281 -103.9087584000005
v -553685.0833252608 6541246.186031281 -103.9087584000005
v -553685.0833252608 6541246.186031281 -103.9087584000005
v -553685.0833252608 6541246.186031281 -103.9087584000005
v -553685.0833252608 6541246.186031281 -103.9087584000005
v -553685.0833252608 6541246.186031281 -103.9087584000005
v -553685.0833252608 6541246.186031281 -103.9087584000005
v -553685.0833252608 6541246.186031281 -103.9087584000005
v -553685.0833252608 6541246.186031281 -103.9087584000005
v -553685.0833252608 6541246.186031281 -103.9087584000005
v -553685.0833252608 6541246.186031281 -103.9087584000005
v -553685.0833252608 6541246.186031281 -103.9087584000005
v -553685.0833252608 6541246.186031281 -103.9087584000005
v -553685.0833252608 6541246.186031281 -103.9087584000005
v -553685.0833252608 6541246.186031281 -103.9087584000005
v -553685.0833252608 6541246.186031281 -103.9087584000005
v -553685.0833252608 6541246.186031281 -103.9087584000005
v -553685.0833252608 6541246.186031281 -103.9087584000005
v -553685.0833252608 6541246.186031281 -103.9087584000005
v -553685.0833252608 6541246.186031281 -103.9087584000005
v -553685.0833252608 6541246.186031281 -103.9087584000005
v -553685.0833252608 6541246.186031281 -103.9087584000005
v -553685.0833252608 6541246.186031281 -103.9087584000005
v -553685.0833252608 6541246.186031281 -103.9087584000005
v -553685.0833252608 6541246.186031281 -103.9087584000005
v -553685.0833252608 6541246.186031281 -103.9087584000005
v -553685.0833252608 6541246.186031281 -103.9087584000005
v -553685.0833252608 6541246.186031281 -103.9087584000005
v -553685.0833252608 6541246.186031281 -103.9087584000005
v -553685.0833252608 6541246.186031281 -103.9087584000005
v -553685.0833252608 6541246.186031281 -103.9087584000005
v -553685.0833252608 6541246.186031281 -103.9087584000005
v -553685.0833252608 6541246.186031281 -103.9087584000005
v -553685.0833252608 6541246.186031281 -103.9087584000005
v -553685.0833252608 6541246.186031281 -103.9087584000005
v -553685.0833252608 6541246.186031281 -103.9087584000005
v -553685.0833252608 6541246.186031281 -103.9087584000005
v -553685.0833252608 6541246.186031281 -103.9087584000005
v -553685.0833252608 6541246.186031281 -103.9087584000005
v -553685.0833252608 6541246.186031281 -103.9087584000005
v -553685.0833252608 6541246.186031281 -103.9087584000005
v -553685.0833252608 6541246.186031281 -103.9087584000005
v -553685.0833252608 6541246.186031281 -103.9087584000005
v -553685.0833252608 6541246.186031281 -103.9087584000005
v -553685.0833252608 6541246.186031281 -103.9087584000005
v -553685.0833252608 6541246.186031281 -103.9087584000005
v -553685.0833252608 6541246.186031281 -103.9087584000005
v -553685.0833252608 6541246.186031281 -103.9087584000005
v -553685.0833252608 6541246.186031281 -103.9087584000005
v -553685.0833252608 6541246.186031281 -103.9087584000005
v -553685.0833252608 6541246.186031281 -103.9087584000005
v -553685.0833252608 6541246.186031281 -103.9087584000005
v -553685.0833252608 6541246.186031281 -103.9087584000005
v -553685.0833252608 6541246.186031281 -103.9087584000005
v -553685.0833252608 6541246.186031281 -103.9087584000005
v -553685.0833252608 6541246.186031281 -103.9087584000005
v -553685.0833252608 6541246.186031281 -103.9087584000005
v -553685.0833252608 6541246.186031281 -103.9087584000005
v -553685.0833252608 6541246.186031281 -103.9087584000005
v -553685.0833252608 6541246.186031281 -103.9087584000005
v -553685.0833252608 6541246.186031281 -103.9087584000005
v -553685.0833252608 6541246.186031281 -103.9087584000005
v -553685.0833252608 6541246.186031281 -103.9087584000005
v -553685.0833252608 6541246.186031281 -103.9087584000005
v -553685.0833252608 6541246.186031281 -103.9087584000005
v -553685.0833252608 6541246.186031281 -103.9087584000005
v -553685.0833252608 6541246.186031281 -103.9087584000005
v -553685.0833252608 6541246.186031281 -103.9087584000005
v -553685.0833252608 6541246.186031281 -103.9087584000005
v -553685.0833252608 6541246.186031281 -103.9087584000005
v -553685.0833252608 6541246.186031281 -103.9087584000005
v -553685.0833252608 6541246.186031281 -103.9087584000005
v -553685.0833252608 6541246.186031281 -103.9087584000005
v -553685.0833252608 6541246.186031281 -103.9087584000005
v -553685.0833252608 6541246.186031281 -103.9087584000005
v -553685.0833252608 6541246.186031281 -103.9087584000005
v -553685.0833252608 6541246.186031281 -103.9087584000005
v -553685.0833252608 6541246.186031281 -103.9087584000005
v -553685.0833252608 6541246.186031281 -103.9087584000005
v -553685.0833252608 6541246.186031281 -103.9087584000005
v -553685.0833252608 6541246.186031281 -103.9087584000005
v -553685.0833252608 6541246.186031281 -103.9087584000005
v -553685.0833252608 6541246.186031281 -103.9087584000005
v -553685.0833252608 6541246.186031281 -103.9087584000005
v -553685.0833252608 6541246.186031281 -103.9087584000005
v -553685.0833252608 6541246.186031281 -103.9087584000005
v -553685.0833252608 6541246.186031281 -103.9087584000005
v -553685.0833252608 6541246.186031281 -103.9087584000005
v -553685.0833252608 6541246.186031281 -103.9087584000005
v -553685.0833252608 6541246.186031281 -103.9087584000005
v -553685.0833252608 6541246.186031281 -103.9087584000005
v -553685.0833252608 6541246.186031281 -103.9087584000005
v -553685.0833252608 6541246.186031281 -103.9087584000005
v -553685.0833252608 6541246.186031281 -103.9087584000005
v -553685.0833252608 6541246.186031281 -103.9087584000005
v -553685.0833252608 6541246.186031281 -103.9087584000005
v -553685.0833252608 6541246.186031281 -103.9087584000005
v -553685.0833252608 6541246.186031281 -103.9087584000005
v -553685.0833252608 6541246.186031281 -103.9087584000005
v -553685.0833252608 6541246.186031281 -103.9087584000005
v -553685.0833252608 6541246.186031281 -103.9087584000005
v -553685.0833252608 6541246.186031281 -103.9087584000005
v -553685.0833252608 6541246.186031281 -103.9087584000005
v -553685.0833252608 6541246.186031281 -103.9087584000005
v -553685.0833252608 6541246.186031281 -103.9087584000005
v -553685.0833252608 6541246.186031281 -103.9087584000005
v -553685.0833252608 6541246.186031281 -103.9087584000005
v -553685.0833252608 6541246.186031281 -103.9087584000005
v -553685.0833252608 6541246.186031281 -103.9087584000005
v -553685.0833252608 6541246.186031281 -103.9087584000005
v -553685.0833252608 6541246.186031281 -103.9087584000005
v -553685.0833252608 6541246.186031281 -103.9087584000005
v -553685.0833252608 6541246.186031281 -103.9087584000005
v -553685.0833252608 6541246.186031281 -103.9087584000005
v -553685.0833252608 6541246.186031281 -103.9087584000005
v -553685.0833252608 6541246.186031281 -103.9087584000005
v -553685.0833252608 6541246.186031281 -103.9087584000005
v -553685.0833252608 6541246.186031281 -103.9087584000005
v -553685.0833252608 6541246.186031281 -103.9087584000005
v -553685.0833252608 6541246.186031281 -103.9087584000005
v -553685.0833252608 6541246.186031281 -103.9087584000005
v -553685.0833252608 6541246.186031281 -103.9087584000005
v -553685.0833252608 6541246.186031281 -103.9087584000005
v -553685.0833252608 6541246.186031281 -103.9087584000005
v -553685.0833252608 6541246.186031281 -103.9087584000005
v -553685.0833252608 6541246.186031281 -103.9087584000005
v -553685.0833252608 6541246.186031281 -103.9087584000005
v -553685.0833252608 6541246.186031281 -103.9087584000005
v -553685.0833252608 6541246.186031281 -103.9087584000005
v -553685.0833252608 6541246.186031281 -103.9087584000005
v -553685.0833252608 6541246.186031281 -103.9087584000005
v -553685.0833252608 6541246.186031281 -103.9087584000005
v -553685.0833252608 6541246.186031281 -103.9087584000005
v -553685.0833252608 6541246.186031281 -103.9087584000005
v -553685.0833252608 6541246.186031281 -103.9087584000005
v -553685.0833252608 6541246.186031281 -103.9087584000005
v -553685.0833252608 6541246.186031281 -103.9087584000005
v -553685.0833252608 6541246.186031281 -103.9087584000005
v -553685.0833252608 6541246.186031281 -103.9087584000005
v -553685.0833252608 6541246.186031281 -103.9087584000005
v -553685.0833252608 6541246.186031281 -103.9087584000005
v -553685.0833252608 6541246.186031281 -103.9087584000005
v -553685.0833252608 6541246.186031281 -103.9087584000005
v -553685.0833252608 6541246.186031281 -103.9087584000005
v -553685.0833252608 6541246.186031281 -103.9087584000005
v -553685.0833252608 6541246.186031281 -103.9087584000005
v -553685.0833252608 6541246.186031281 -103.9087584000005
v -553685.0833252608 6541246.186031281 -103.9087584000005
v -553685.0833252608 6541246.186031281 -103.9087584000005
v -553685.0833252608 6541246.186031281 -103.9087584000005
v -553685.0833252608 6541246.186031281 -103.9087584000005
v -553685.0833252608 6541246.186031281 -103.9087584000005
v -553685.0833252608 6541246.186031281 -103.9087584000005
v -553685.0833252608 6541246.186031281 -103.9087584000005
v -553685.0833252608 6541246.186031281 -103.9087584000005
v -553685.0833252608 6541246.186031281 -103.9087584000005
v -553685.0833252608 6541246.186031281 -103.9087584000005
v -553685.0833252608 6541246.186031281 -103.9087584000005
v -553685.0833252608 6541246.186031281 -103.9087584000005
v -553685.0833252608 6541246.186031281 -103.9087584000005
v -553685.0833252608 6541246.186031281 -103.9087584000005
v -553685.0833252608 6541246.186031281 -103.9087584000005
v -553688.1023241497 6541304.374618257 -103.9416768000005
v -553688.1005666552 6541303.981590616 -103.9416768000005
v -553688.3000798603 6541303.647328076 -103.9416768000005
v -553688.5083283485 6541303.315615867 -103.9416768000005
v -553688.6936191211 6541302.977200793 -103.9416768000005
v -553688.8768308054 6541302.638178802 -103.9416768000005
v -553689.0657389428 6541302.300819892 -103.9416768000005
v -553689.2533222737 6541301.963074061 -103.9416768000005
v -553689.4420666094 6541301.625667326 -103.9416768000005
v -553689.6616135417 6541301.297254167 -103.9416768000005
v -553689.9325090501 6541300.983833175 -103.9416768000005
v -553690.1896921325 6541300.666408441 -103.9416768000005
v -553690.41939158 6541300.340959403 -103.9416768000005
v -553690.6469379883 6541300.014881857 -103.9416768000005
v -553690.908905538 6541299.698854161 -103.9416768000005
v -553691.1835532439 6541299.386528588 -103.9416768000005
v -553691.4760511491 6541299.079414866 -103.9416768000005
v -553691.751019626 6541298.767183179 -103.9416768000005
v -553691.8985277485 6541298.417736673 -103.9416768000005
v -553692.0124508344 6541298.058484202 -103.9416768000005
v -553692.1029300703 6541297.692386926 -103.9416768000005
v -553692.2159109947 6541297.332859604 -103.9416768000005
v -553692.3425825251 6541296.977329421 -103.9416768000005
v -553692.3979089181 6541296.600968425 -103.9416768000005
v -553692.4039208227 6541296.210209271 -103.9416768000005
v -553692.389114068 6541295.81337156 -103.9416768000005
v -553692.3654063194 6541295.413934902 -103.9416768000005
v -553691.9683364917 6541294.905487582 -103.9416768000005
v -553691.90674633 6541294.494990549 -103.9416768000005
v -553691.9471561466 6541294.114274464 -103.9416768000005
v -553692.0996879021 6541293.766294597 -103.9416768000005
v -553692.2563085855 6541293.419508693 -103.9416768000005
v -553692.465947708 6541293.088202743 -103.9416768000005
v -553692.6716058793 6541292.755734353 -103.9416768000005
v -553692.8625932344 6541292.418982398 -103.9416768000005
v -553693.0383460206 6541292.07778251 -103.9416768000005
v -553693.216276154 6541291.73721846 -103.9416768000005
v -553693.1157862864 6541291.315363781 -103.9416768000005
v -553693.0907992853 6541290.915553619 -103.9416768000005
v -553693.1012748504 6541290.526097607 -103.9416768000005
v -553693.2350053416 6541290.172628552 -103.9416768000005
v -553693.2841563588 6541289.794464642 -103.9416768000005
v -553693.250493449 6541289.392121368 -103.9416768000005
v -553693.2209230192 6541288.990973095 -103.9416768000005
v -553693.312028622 6541288.625058817 -103.9416768000005
v -553693.375193699 6541288.250986604 -103.9416768000005
v -553693.4299415679 6541287.874456696 -103.9416768000005
v -553693.486620503 6541287.498490836 -103.9416768000005
v -553693.5541422574 6541287.125690646 -103.9416768000005
v -553693.6219033102 6541286.752960207 -103.9416768000005
v -553693.6935777129 6541286.3813724695 -103.9416768000005
v -553693.7698108421 6541286.011115864 -103.9416768000005
v -553693.8460440108 6541285.640859151 -103.9416768000005
v -553693.9524710643 6541285.279418057 -103.9416768000005
v -553694.0660353036 6541284.920060979 -103.9416768000005
v -553694.1322349173 6541284.54687483 -103.9416768000005
v -553694.1825219768 6541284.169042611 -103.9416768000005
v -553694.237800428 6541283.792667617 -103.9416768000005
v -553694.3044026361 6541283.419598947 -103.9416768000005
v -553693.8783198299 6541282.902680752 -103.9416768000005
v -553693.9464094335 6541282.530046357 -103.9416768000005
v -553694.1230220901 6541282.189097409 -103.9416768000005
v -553694.2948416644 6541281.846749138 -103.9416768000005
v -553694.3817858268 6541281.479619841 -103.9416768000005
v -553694.3737807978 6541281.0847680345 -103.9416768000005
v -553694.182316635 6541280.636351401 -103.9416768000005
v -553694.0831948372 6541280.214896158 -103.9416768000005
v -553693.9267921783 6541279.776716694 -103.9416768000005
v -553694.0529942095 6541279.421049431 -103.9416768000005
v -553694.2038421541 6541279.072577939 -103.9416768000005
v -553694.3571913487 6541278.7248369735 -103.9416768000005
v -553694.3799057024 6541278.33895433 -103.9416768000005
v -553694.2246296937 6541277.90110358 -103.9416768000005
v -553693.9678471143 6541277.433615993 -103.9416768000005
v -553693.7449297839 6541276.976016186 -103.9416768000005
v -553693.8178543111 6541276.604793448 -103.9416768000005
v -553693.912578036 6541276.239935322 -103.9416768000005
v -553694.0406748953 6541275.884821294 -103.9416768000005
v -553693.858433873 6541275.439097783 -103.9416768000005
v -553693.8843775592 6541275.05415806 -103.9416768000005
v -553694.1805619767 6541274.748120525 -103.9416768000005
v -553694.2966622204 6541274.389503836 -103.9416768000005
v -553694.3572245941 6541274.014671828 -103.9416768000005
v -553694.4177870128 6541273.639839714 -103.9416768000005
v -553694.4661238879 6541273.261437982 -103.9416768000005
v -553694.5074135896 6541272.880978799 -103.9416768000005
v -553694.5487032403 6541272.500519718 -103.9416768000005
v -553694.6305256833 6541272.131894912 -103.9416768000005
v -553694.7124450002 6541271.763298272 -103.9416768000005
v -553694.8028386802 6541271.397176017 -103.9416768000005
v -553694.8424013638 6541271.016212712 -103.9416768000005
v -553694.881955755 6541270.635246868 -103.9416768000005
v -553694.9237678363 6541270.254940087 -103.9416768000005
v -553694.9837221103 6541269.879930532 -103.9416768000005
v -553695.0757587518 6541269.514287972 -103.9416768000005
v -553695.1734235066 6541269.150288541 -103.9416768000005
v -553695.2701560996 6541268.786017063 -103.9416768000005
v -553695.377869821 6541268.424951872 -103.9416768000005
v -553695.4704862104 6541268.059478583 -103.9416768000005
v -553695.5041834813 6541267.676802513 -103.9416768000005
v -553695.536850215 6541267.293825675 -103.9416768000005
v -553695.5647388916 6541266.909453901 -103.9416768000005
v -553695.5928819486 6541266.525156281 -103.9416768000005
v -553695.6225129735 6541266.141292986 -103.9416768000005
v -553695.6526017596 6541265.757563463 -103.9416768000005
v -553695.6834692628 6541265.37406142 -103.9416768000005
v -553695.6982228758 6541264.985854522 -103.9416768000005
v -553695.6163467503 6541264.569434345 -103.9416768000005
v -553695.5418626848 6541264.155172601 -103.9416768000005
v -553695.4695355106 6541263.741540725 -103.9416768000005
v -553695.398240229 6541263.328210012 -103.9416768000005
v -553695.3276002057 6541262.915070498 -103.9416768000005
v -553695.2671095352 6541262.504894418 -103.9416768000005
v -553695.2202573419 6541262.098700493 -103.9416768000005
v -553695.2031498441 6541261.70119103 -103.9416768000005
v -553695.2027634267 6541261.308563519 -103.9416768000005
v -553695.2023598053 6541260.915931102 -103.9416768000005
v -553695.20195612 6541260.523298786 -103.9416768000005
v -553695.201552498 6541260.130666368 -103.9416768000005
v -553695.2035022347 6541259.738720945 -103.9416768000005
v -553695.2197808457 6541259.350959372 -103.9416768000005
v -553695.2363404597 6541258.963279724 -103.9416768000005
v -553695.2529005455 6541258.575600096 -103.9416768000005
v -553695.2696859174 6541258.187986364 -103.9416768000005
v -553695.303769092 6541257.805423204 -103.9416768000005
v -553695.3458077236 6541257.425182685 -103.9416768000005
v -553695.3873621501 6541257.044800675 -103.9416768000005
v -553695.4282174231 6541256.664214651 -103.9416768000005
v -553695.4697784751 6541256.283834813 -103.9416768000005
v -553695.5079166843 6541255.9024554845 -103.9416768000005
v -553695.5090511988 6541255.51027204 -103.9416768000005
v -553695.5001503794 6541255.11515869 -103.9416768000005
v -553695.4843556064 6541254.7180326255 -103.9416768000005
v -553695.45826597 6541254.317900692 -103.9416768000005
v -553695.3585323284 6541253.896266639 -103.9416768000005
v -553695.3527335747 6541253.502059002 -103.9416768000005
v -553695.4034583565 6541253.124354706 -103.9416768000005
v -553695.454183187 6541252.746650304 -103.9416768000005
v -553695.5049080664 6541252.368945798 -103.9416768000005
v -553695.5503108525 6541251.9896875145 -103.9416768000005
v -553695.5917043812 6541251.609258765 -103.9416768000005
v -553695.6319241596 6541251.2284871945 -103.9416768000005
v -553695.6685505608 6541250.846666344 -103.9416768000005
v -553695.7029491034 6541250.464195264 -103.9416768000005
v -553695.7366222235 6541250.081512259 -103.9416768000005
v -553695.7695210822 6541249.698603076 -103.9416768000005
v -553695.8024198863 6541249.315693995 -103.9416768000005
v -553695.8339125528 6541248.932374483 -103.9416768000005
v -553695.85978041 6541248.547412571 -103.9416768000005
v -553695.8834919228 6541248.16182095 -103.9416768000005
v -553695.9072033783 6541247.776229432 -103.9416768000005
v -553695.9296807616 6541247.39027772 -103.9416768000005
v -553695.9410267872 6541247.001075856 -103.9416768000005
v -553695.9305639641 6541246.605506327 -103.9416768000005
v -553695.9097275721 6541246.206908138 -103.9416768000005
v -553695.8587454021 6541245.799508382 -103.9416768000005
v -553695.7893925327 6541245.386744796 -103.9416768000005
v -553695.7893925327 6541245.386744796 -103.9416768000005
v -553695.7893925327 6541245.386744796 -103.9416768000005
v -553695.7893925327 6541245.386744796 -103.9416768000005
v -553695.7893925327 6541245.386744796 -103.9416768000005
v -553695.7893925327 6541245.386744796 -103.9416768000005
v -553695.7893925327 6541245.386744796 -103.9416768000005
v -553695.7893925327 6541245.386744796 -103.9416768000005
v -553695.7893925327 6541245.386744796 -103.9416768000005
v -553695.7893925327 6541245.386744796 -103.9416768000005
v -553695.7893925327 6541245.386744796 -103.9416768000005
v -553695.7893925327 6541245.386744796 -103.9416768000005
v -553695.7893925327 6541245.386744796 -103.9416768000005
v -553695.7893925327 6541245.386744796 -103.9416768000005
v -553695.7893925327 6541245.386744796 -103.9416768000005
v -553695.7893925327 6541245.386744796 -103.9416768000005
v -553695.7893925327 6541245.386744796 -103.9416768000005
v -553695.7893925327 6541245.386744796 -103.9416768000005
v -553695.7893925327 6541245.386744796 -103.9416768000005
v -553695.7893925327 6541245.386744796 -103.9416768000005
v -553695.7893925327 6541245.386744796 -103.9416768000005
v -553695.7893925327 6541245.386744796 -103.9416768000005
v -553695.7893925327 6541245.386744796 -103.9416768000005
v -553695.7893925327 6541245.386744796 -103.9416768000005
v -553695.7893925327 6541245.386744796 -103.9416768000005
v -553695.7893925327 6541245.386744796 -103.9416768000005
v -553695.7893925327 6541245.386744796 -103.9416768000005
v -553695.7893925327 6541245.386744796 -103.9416768000005
v -553695.7893925327 6541245.386744796 -103.9416768000005
v -553695.7893925327 6541245.386744796 -103.9416768000005
v -553695.7893925327 6541245.386744796 -103.9416768000005
v -553695.7893925327 6541245.386744796 -103.9416768000005
v -553695.7893925327 6541245.386744796 -103.9416768000005
v -553695.7893925327 6541245.386744796 -103.9416768000005
v -553695.7893925327 6541245.386744796 -103.9416768000005
v -553695.7893925327 6541245.386744796 -103.9416768000005
v -553695.7893925327 6541245.386744796 -103.9416768000005
v -553695.7893925327 6541245.386744796 -103.9416768000005
v -553695.7893925327 6541245.386744796 -103.9416768000005
v -553695.7893925327 6541245.386744796 -103.9416768000005
v -553695.7893925327 6541245.386744796 -103.9416768000005
v -553695.7893925327 6541245.386744796 -103.9416768000005
v -553695.7893925327 6541245.386744796 -103.9416768000005
v -553695.7893925327 6541245.386744796 -103.9416768000005
v -553695.7893925327 6541245.386744796 -103.9416768000005
v -553695.7893925327 6541245.386744796 -103.9416768000005
v -553695.7893925327 6541245.386744796 -103.9416768000005
v -553695.7893925327 6541245.386744796 -103.9416768000005
v -553695.7893925327 6541245.386744796 -103.9416768000005
v -553695.7893925327 6541245.386744796 -103.9416768000005
v -553695.7893925327 6541245.386744796 -103.9416768000005
v -553695.7893925327 6541245.386744796 -103.9416768000005
v -553695.7893925327 6541245.386744796 -103.9416768000005
v -553695.7893925327 6541245.386744796 -103.9416768000005
v -553695.7893925327 6541245.386744796 -103.9416768000005
v -553695.7893925327 6541245.386744796 -103.9416768000005
v -553695.7893925327 6541245.386744796 -103.9416768000005
v -553695.7893925327 6541245.386744796 -103.9416768000005
v -553695.7893925327 6541245.386744796 -103.9416768000005
v -553695.7893925327 6541245.386744796 -103.9416768000005
v -553695.7893925327 6541245.386744796 -103.9416768000005
v -553695.7893925327 6541245.386744796 -103.9416768000005
v -553695.7893925327 6541245.386744796 -103.9416768000005
v -553695.7893925327 6541245.386744796 -103.9416768000005
v -553695.7893925327 6541245.386744796 -103.9416768000005
v -553695.7893925327 6541245.386744796 -103.9416768000005
v -553695.7893925327 6541245.386744796 -103.9416768000005
v -553695.7893925327 6541245.386744796 -103.9416768000005
v -553695.7893925327 6541245.386744796 -103.9416768000005
v -553695.7893925327 6541245.386744796 -103.9416768000005
v -553695.7893925327 6541245.386744796 -103.9416768000005
v -553695.7893925327 6541245.386744796 -103.9416768000005
v -553695.7893925327 6541245.386744796 -103.9416768000005
v -553695.7893925327 6541245.386744796 -103.9416768000005
v -553695.7893925327 6541245.386744796 -103.9416768000005
v -553695.7893925327 6541245.386744796 -103.9416768000005
v -553695.7893925327 6541245.386744796 -103.9416768000005
v -553695.7893925327 6541245.386744796 -103.9416768000005
v -553695.7893925327 6541245.386744796 -103.9416768000005
v -553695.7893925327 6541245.386744796 -103.9416768000005
v -553695.7893925327 6541245.386744796 -103.9416768000005
v -553695.7893925327 6541245.386744796 -103.9416768000005
v -553695.7893925327 6541245.386744796 -103.9416768000005
v -553695.7893925327 6541245.386744796 -103.9416768000005
v -553695.7893925327 6541245.386744796 -103.9416768000005
v -553695.7893925327 6541245.386744796 -103.9416768000005
v -553695.7893925327 6541245.386744796 -103.9416768000005
v -553695.7893925327 6541245.386744796 -103.9416768000005
v -553695.7893925327 6541245.386744796 -103.9416768000005
v -553695.7893925327 6541245.386744796 -103.9416768000005
v -553695.7893925327 6541245.386744796 -103.9416768000005
v -553695.7893925327 6541245.386744796 -103.9416768000005
v -553695.7893925327 6541245.386744796 -103.9416768000005
v -553695.7893925327 6541245.386744796 -103.9416768000005
v -553695.7893925327 6541245.386744796 -103.9416768000005
v -553695.7893925327 6541245.386744796 -103.9416768000005
v -553695.7893925327 6541245.386744796 -103.9416768000005
v -553695.7893925327 6541245.386744796 -103.9416768000005
v -553695.7893925327 6541245.386744796 -103.9416768000005
v -553695.7893925327 6541245.386744796 -103.9416768000005
v -553695.7893925327 6541245.386744796 -103.9416768000005
v -553695.7893925327 6541245.386744796 -103.9416768000005
v -553695.7893925327 6541245.386744796 -103.9416768000005
v -553695.7893925327 6541245.386744796 -103.9416768000005
v -553695.7893925327 6541245.386744796 -103.9416768000005
v -553695.7893925327 6541245.386744796 -103.9416768000005
v -553695.7893925327 6541245.386744796 -103.9416768000005
v -553695.7893925327 6541245.386744796 -103.9416768000005
v -553695.7893925327 6541245.386744796 -103.9416768000005
v -553695.7893925327 6541245.386744796 -103.9416768000005
v -553695.7893925327 6541245.386744796 -103.9416768000005
v -553695.7893925327 6541245.386744796 -103.9416768000005
v -553695.7893925327 6541245.386744796 -103.9416768000005
v -553695.7893925327 6541245.386744796 -103.9416768000005
v -553695.7893925327 6541245.386744796 -103.9416768000005
v -553695.7893925327 6541245.386744796 -103.9416768000005
v -553695.7893925327 6541245.386744796 -103.9416768000005
v -553695.7893925327 6541245.386744796 -103.9416768000005
v -553695.7893925327 6541245.386744796 -103.9416768000005
v -553695.7893925327 6541245.386744796 -103.9416768000005
v -553695.7893925327 6541245.386744796 -103.9416768000005
v -553695.7893925327 6541245.386744796 -103.9416768000005
v -553695.7893925327 6541245.386744796 -103.9416768000005
v -553695.7893925327 6541245.386744796 -103.9416768000005
v -553695.7893925327 6541245.386744796 -103.9416768000005
v -553695.7893925327 6541245.386744796 -103.9416768000005
v -553695.7893925327 6541245.386744796 -103.9416768000005
v -553695.7893925327 6541245.386744796 -103.9416768000005
v -553695.7893925327 6541245.386744796 -103.9416768000005
v -553695.7893925327 6541245.386744796 -103.9416768000005
v -553695.7893925327 6541245.386744796 -103.9416768000005
v -553695.7893925327 6541245.386744796 -103.9416768000005
v -553695.7893925327 6541245.386744796 -103.9416768000005
v -553695.7893925327 6541245.386744796 -103.9416768000005
v -553695.7893925327 6541245.386744796 -103.9416768000005
v -553695.7893925327 6541245.386744796 -103.9416768000005
v -553695.7893925327 6541245.386744796 -103.9416768000005
v -553695.7893925327 6541245.386744796 -103.9416768000005
v -553695.7893925327 6541245.386744796 -103.9416768000005
v -553695.7893925327 6541245.386744796 -103.9416768000005
v -553695.7893925327 6541245.386744796 -103.9416768000005
v -553695.7893925327 6541245.386744796 -103.9416768000005
v -553695.7893925327 6541245.386744796 -103.9416768000005
v -553695.7893925327 6541245.386744796 -103.9416768000005
v -553695.7893925327 6541245.386744796 -103.9416768000005
v -553695.7893925327 6541245.386744796 -103.9416768000005
v -553695.7893925327 6541245.386744796 -103.9416768000005
v -553695.7893925327 6541245.386744796 -103.9416768000005
v -553695.7893925327 6541245.386744796 -103.9416768000005
v -553695.7893925327 6541245.386744796 -103.9416768000005
v -553695.7893925327 6541245.386744796 -103.9416768000005
v -553695.7893925327 6541245.386744796 -103.9416768000005
v -553695.7893925327 6541245.386744796 -103.9416768000005
v -553695.7893925327 6541245.386744796 -103.9416768000005
v -553695.7893925327 6541245.386744796 -103.9416768000005
v -553695.7893925327 6541245.386744796 -103.9416768000005
v -553695.7893925327 6541245.386744796 -103.9416768000005
v -553695.7893925327 6541245.386744796 -103.9416768000005
v -553695.7893925327 6541245.386744796 -103.9416768000005
v -553695.7893925327 6541245.386744796 -103.9416768000005
v -553695.7893925327 6541245.386744796 -103.9416768000005
v -553695.7893925327 6541245.386744796 -103.9416768000005
v -553695.7893925327 6541245.386744796 -103.9416768000005
v -553695.7893925327 6541245.386744796 -103.9416768000005
v -553695.7893925327 6541245.386744796 -103.9416768000005
v -553695.7893925327 6541245.386744796 -103.9416768000005
v -553695.7893925327 6541245.386744796 -103.9416768000005
v -553695.7893925327 6541245.386744796 -103.9416768000005
v -553695.7893925327 6541245.386744796 -103.9416768000005
v -553695.7893925327 6541245.386744796 -103.9416768000005
v -553695.7893925327 6541245.386744796 -103.9416768000005
v -553695.7893925327 6541245.386744796 -103.9416768000005
v -553695.7893925327 6541245.386744796 -103.9416768000005
v -553695.7893925327 6541245.386744796 -103.9416768000005
v -553695.7893925327 6541245.386744796 -103.9416768000005
v -553695.7893925327 6541245.386744796 -103.9416768000005
v -553695.7893925327 6541245.386744796 -103.9416768000005
v -553695.7893925327 6541245.386744796 -103.9416768000005
v -553695.7893925327 6541245.386744796 -103.9416768000005
v -553695.7893925327 6541245.386744796 -103.9416768000005
v -553695.7893925327 6541245.386744796 -103.9416768000005
v -553695.7893925327 6541245.386744796 -103.9416768000005
v -553695.7893925327 6541245.386744796 -103.9416768000005
v -553695.7893925327 6541245.386744796 -103.9416768000005
v -553695.7893925327 6541245.386744796 -103.9416768000005
v -553695.7893925327 6541245.386744796 -103.9416768000005
v -553695.7893925327 6541245.386744796 -103.9416768000005
v -553695.7893925327 6541245.386744796 -103.9416768000005
v -553695.7893925327 6541245.386744796 -103.9416768000005
v -553695.7893925327 6541245.386744796 -103.9416768000005
v -553695.7893925327 6541245.386744796 -103.9416768000005
v -553695.7893925327 6541245.386744796 -103.9416768000005
v -553695.7893925327 6541245.386744796 -103.9416768000005
v -553695.7893925327 6541245.386744796 -103.9416768000005
v -553695.7893925327 6541245.386744796 -103.9416768000005
v -553695.7893925327 6541245.386744796 -103.9416768000005
v -553695.7893925327 6541245.386744796 -103.9416768000005
v -553695.7893925327 6541245.386744796 -103.9416768000005
v -553695.7893925327 6541245.386744796 -103.9416768000005
v -553695.7893925327 6541245.386744796 -103.9416768000005
v -553695.7893925327 6541245.386744796 -103.9416768000005
v -553695.7893925327 6541245.386744796 -103.9416768000005
v -553695.7893925327 6541245.386744796 -103.9416768000005
v -553695.7893925327 6541245.386744796 -103.9416768000005
v -553695.7893925327 6541245.386744796 -103.9416768000005
v -553695.7893925327 6541245.386744796 -103.9416768000005
v -553695.7893925327 6541245.386744796 -103.9416768000005
v -553695.7893925327 6541245.386744796 -103.9416768000005
v -553695.7893925327 6541245.386744796 -103.9416768000005
v -553695.7893925327 6541245.386744796 -103.9416768000005
v -553695.7893925327 6541245.386744796 -103.9416768000005
v -553695.7893925327 6541245.386744796 -103.9416768000005
v -553695.7893925327 6541245.386744796 -103.9416768000005
v -553695.7893925327 6541245.386744796 -103.9416768000005
v -553695.7893925327 6541245.386744796 -103.9416768000005
v -553695.7893925327 6541245.386744796 -103.9416768000005
v -553695.7893925327 6541245.386744796 -103.9416768000005
v -553695.7893925327 6541245.386744796 -103.9416768000005
v -553695.7893925327 6541245.386744796 -103.9416768000005
v -553695.7893925327 6541245.386744796 -103.9416768000005
v -553695.7893925327 6541245.386744796 -103.9416768000005
v -553695.7893925327 6541245.386744796 -103.9416768000005
v -553695.7893925327 6541245.386744796 -103.9416768000005
v -553695.7893925327 6541245.386744796 -103.9416768000005
v -553695.7893925327 6541245.386744796 -103.9416768000005
v -553695.7893925327 6541245.386744796 -103.9416768000005
v -553695.7893925327 6541245.386744796 -103.9416768000005
v -553695.7893925327 6541245.386744796 -103.9416768000005
v -553695.7893925327 6541245.386744796 -103.9416768000005
v -553695.7893925327 6541245.386744796 -103.9416768000005
v -553695.7893925327 6541245.386744796 -103.9416768000005
v -553695.7893925327 6541245.386744796 -103.9416768000005
v -553695.7893925327 6541245.386744796 -103.9416768000005
v -553695.7893925327 6541245.386744796 -103.9416768000005
v -553695.7893925327 6541245.386744796 -103.9416768000005
v -553695.7893925327 6541245.386744796 -103.9416768000005
v -553695.7893925327 6541245.386744796 -103.9416768000005
v -553695.7893925327 6541245.386744796 -103.9416768000005
v -553695.7893925327 6541245.386744796 -103.9416768000005
v -553695.7893925327 6541245.386744796 -103.9416768000005
v -553695.7893925327 6541245.386744796 -103.9416768000005
v -553695.7893925327 6541245.386744796 -103.9416768000005
v -553695.7893925327 6541245.386744796 -103.9416768000005
v -553695.7893925327 6541245.386744796 -103.9416768000005
v -553776.039389076 6541330.049674105 -104.0404320000005
v -553776.2033440097 6541329.705029637 -104.0404320000005
v -553776.4588055195 6541329.387102368 -104.0404320000005
v -553776.8026948109 6541329.094993347 -104.0404320000005
v -553777.1196872216 6541328.795031307 -104.0404320000005
v -553777.2941369731 6541328.453451054 -104.0404320000005
v -553777.5238016888 6541328.127991875 -104.0404320000005
v -553777.6810493957 6541327.781388961 -104.0404320000005
v -553777.8290906294 6541327.432098108 -104.0404320000005
v -553778.0157953057 6541327.094095936 -104.0404320000005
v -553778.2024999876 6541326.756093681 -104.0404320000005
v -553778.3460146046 6541326.405481106 -104.0404320000005
v -553778.4654381574 6541326.047834726 -104.0404320000005
v -553778.5848616908 6541325.690188424 -104.0404320000005
v -553778.7042852434 6541325.332542042 -104.0404320000005
v -553778.8237088156 6541324.974895585 -104.0404320000005
v -553778.9415595668 6541324.616789994 -104.0404320000005
v -553779.0314731235 6541324.25052764 -104.0404320000005
v -553779.1213867059 6541323.884265209 -104.0404320000005
v -553779.2098798502 6541323.51758797 -104.0404320000005
v -553779.3668496128 6541323.170903987 -104.0404320000005
v -553779.518382827 6541322.822632775 -104.0404320000005
v -553779.6611848738 6541322.471812232 -104.0404320000005
v -553779.9549574276 6541322.165070588 -104.0404320000005
v -553780.2487300165 6541321.858329119 -104.0404320000005
v -553780.54451006 6541321.552173686 -104.0404320000005
v -553780.8305799266 6541321.243183082 -104.0404320000005
v -553780.9328483668 6541320.880527946 -104.0404320000005
v -553781.0351168036 6541320.517872821 -104.0404320000005
v -553781.1440164405 6541320.157153764 -104.0404320000005
v -553781.2718965069 6541319.801976356 -104.0404320000005
v -553781.3604722618 6541319.435323319 -104.0404320000005
v -553781.4302554005 6541319.063183471 -104.0404320000005
v -553781.5250178277 6541318.698336761 -104.0404320000005
v -553781.6197802796 6541318.333489978 -104.0404320000005
v -553781.6954471952 6541317.963067938 -104.0404320000005
v -553781.7649768688 6541317.590854084 -104.0404320000005
v -553781.8122717611 6541317.21214824 -104.0404320000005
v -553781.8692218348 6541316.836261346 -104.0404320000005
v -553781.848091675 6541316.4375773845 -104.0404320000005
v -553781.8816903394 6541316.054872726 -104.0404320000005
v -553781.8608538122 6541315.656274497 -104.0404320000005
v -553781.8337903391 6541315.255858099 -104.0404320000005
v -553781.8788493527 6541314.876499444 -104.0404320000005
v -553781.8947128229 6541314.488616627 -104.0404320000005
v -553781.8911685545 6541314.095067232 -104.0404320000005
v -553781.9080686832 6541313.707486923 -104.0404320000005
v -553781.9433123252 6541313.325262549 -104.0404320000005
v -553781.984402731 6541312.9447451765 -104.0404320000005
v -553782.0254931733 6541312.564227732 -104.0404320000005
v -553782.0770734376 6541312.1867730925 -104.0404320000005
v -553782.1373272636 6541311.811850963 -104.0404320000005
v -553782.197581121 6541311.436928758 -104.0404320000005
v -553782.1798420772 6541311.039234822 -104.0404320000005
v -553782.1542492164 6541310.639247919 -104.0404320000005
v -553782.1685084624 6541310.250896678 -104.0404320000005
v -553782.239444773 6541309.879093438 -104.0404320000005
v -553782.3103811136 6541309.507290125 -104.0404320000005
v -553782.3850362434 6541309.136572673 -104.0404320000005
v -553782.4607021437 6541308.76615042 -104.0404320000005
v -553782.5504600616 6541308.39984254 -104.0404320000005
v -553782.7297453324 6541308.05967395 -104.0404320000005
v -553782.8784147995 6541307.710566524 -104.0404320000005
v -553782.926142062 6541307.331987004 -104.0404320000005
v -553782.9738693589 6541306.95340741 -104.0404320000005
v -553783.0215966909 6541306.574827743 -104.0404320000005
v -553783.0757991204 6541306.198138699 -104.0404320000005
v -553783.1304070387 6541305.82156813 -104.0404320000005
v -553783.1801769205 6541305.443584911 -104.0404320000005
v -553783.2347047322 6541305.066990785 -104.0404320000005
v -553783.3272461172 6541304.701495681 -104.0404320000005
v -553783.3961882155 6541304.329110189 -104.0404320000005
v -553783.4651303446 6541303.956724624 -104.0404320000005
v -553783.534085296 6541303.584342886 -104.0404320000005
v -553783.6214024208 6541303.21732245 -104.0404320000005
v -553783.7087195715 6541302.850301937 -104.0404320000005
v -553783.8012333129 6541302.484798594 -104.0404320000005
v -553783.903742637 6541302.122213754 -104.0404320000005
v -553784.0062519383 6541301.75962899 -104.0404320000005
v -553784.1059322621 6541301.396218198 -104.0404320000005
v -553784.2042647 6541301.03241371 -104.0404320000005
v -553784.3019412524 6541300.668417841 -104.0404320000005
v -553784.3560600901 6541300.291704474 -104.0404320000005
v -553784.4101789611 6541299.914991033 -104.0404320000005
v -553784.4642978659 6541299.538277519 -104.0404320000005
v -553784.5184167374 6541299.161564078 -104.0404320000005
v -553784.5725355753 6541298.784850712 -104.0404320000005
v -553784.656961352 6541298.416986003 -104.0404320000005
v -553784.7521301251 6541298.052257852 -104.0404320000005
v -553784.8490933463 6541297.68805371 -104.0404320000005
v -553784.9657662474 6541297.329604304 -104.0404320000005
v -553785.0824391687 6541296.97115482 -104.0404320000005
v -553785.185155069 6541296.608630209 -104.0404320000005
v -553785.2685837238 6541296.240474454 -104.0404320000005
v -553785.3520124053 6541295.872318622 -104.0404320000005
v -553785.416236862 6541295.498555634 -104.0404320000005
v -553785.5390507006 6541295.141899118 -104.0404320000005
v -553785.6746075761 6541294.788963282 -104.0404320000005
v -553785.8084305231 6541294.435521104 -104.0404320000005
v -553785.9422534872 6541294.082078848 -104.0404320000005
v -553786.0696285889 6541293.726754089 -104.0404320000005
v -553786.195123609 6541293.370880484 -104.0404320000005
v -553786.3207465446 6541293.015044143 -104.0404320000005
v -553786.4473197799 6541292.659485177 -104.0404320000005
v -553786.5738929969 6541292.303926291 -104.0404320000005
v -553786.704359398 6541291.949504184 -104.0404320000005
v -553786.839331481 6541291.596397556 -104.0404320000005
v -553786.9743035943 6541291.243290783 -104.0404320000005
v -553787.1092756847 6541290.890184122 -104.0404320000005
v -553787.2442477585 6541290.5370775405 -104.0404320000005
v -553787.3813120234 6541290.184581732 -104.0404320000005
v -553787.4104280036 6541289.800568095 -104.0404320000005
v -553787.4287275025 6541289.413396443 -104.0404320000005
v -553787.4472392882 6541289.026286856 -104.0404320000005
v -553787.465857443 6541288.639208242 -104.0404320000005
v -553787.4843207233 6541288.252084327 -104.0404320000005
v -553787.5009519191 6541287.86442558 -104.0404320000005
v -553787.5175830731 6541287.476766904 -104.0404320000005
v -553787.5396585279 6541287.090697721 -104.0404320000005
v -553787.5673356741 6541286.706263985 -104.0404320000005
v -553787.5950127421 6541286.321830394 -104.0404320000005
v -553787.6859859667 6541285.955877348 -104.0404320000005
v -553787.7841661562 6541285.592028442 -104.0404320000005
v -553787.8819934613 6541285.228076588 -104.0404320000005
v -553787.9786795792 6541284.863791625 -104.0404320000005
v -553788.0753657212 6541284.499506584 -104.0404320000005
v -553788.1680068637 6541284.134040439 -104.0404320000005
v -553788.2576574349 6541283.767701218 -104.0404320000005
v -553788.3532762023 6541283.403104619 -104.0404320000005
v -553788.5723745449 6541283.074560368 -104.0404320000005
v -553788.7910691812 6541282.745898163 -104.0404320000005
v -553788.9336178568 6541282.395003644 -104.0404320000005
v -553789.0164285034 6541282.026667448 -104.0404320000005
v -553789.0962875857 6541281.657469433 -104.0404320000005
v -553789.1418822556 6541281.278267055 -104.0404320000005
v -553789.1874768753 6541280.899064782 -104.0404320000005
v -553789.2221623658 6541280.516677446 -104.0404320000005
v -553789.2442763532 6541280.130619513 -104.0404320000005
v -553789.2663903811 6541279.744561508 -104.0404320000005
v -553789.2928412262 6541279.359769812 -104.0404320000005
v -553789.3199180966 6541278.975160981 -104.0404320000005
v -553789.3524847826 6541278.59215493 -104.0404320000005
v -553789.3994821672 6541278.213362141 -104.0404320000005
v -553789.4464794818 6541277.834569497 -104.0404320000005
v -553789.5513451085 6541277.472672627 -104.0404320000005
v -553789.6851982026 6541277.119239168 -104.0404320000005
v -553789.8194946507 6541276.765935239 -104.0404320000005
v -553789.9820263075 6541276.420875252 -104.0404320000005
v -553790.1445579743 6541276.075815182 -104.0404320000005
v -553790.2530534514 6541275.714978039 -104.0404320000005
v -553790.2819192135 6541275.3308914285 -104.0404320000005
v -553790.3107849368 6541274.94680489 -104.0404320000005
v -553790.4147377468 6541274.584641504 -104.0404320000005
v -553790.536984713 6541274.227819394 -104.0404320000005
v -553790.6467434887 6541273.867351182 -104.0404320000005
v -553790.6903573396 6541273.487570667 -104.0404320000005
v -553790.7339712258 6541273.107790076 -104.0404320000005
v -553790.8501486379 6541272.749195835 -104.0404320000005
v -553791.0249824343 6541272.407727628 -104.0404320000005
v -553791.1998162231 6541272.066259504 -104.0404320000005
v -553791.4423530219 6541271.744558633 -104.0404320000005
v -553791.6888648255 6541271.424018192 -104.0404320000005
v -553791.9233721499 6541271.099972915 -104.0404320000005
v -553792.1441815479 6541270.771928326 -104.0404320000005
v -553792.364990944 6541270.443883652 -104.0404320000005
v -553792.4381521316 6541270.072729928 -104.0404320000005
v -553792.509648972 6541269.701090431 -104.0404320000005
v -553792.5805212789 6541269.329268504 -104.0404320000005
v -553792.6502982208 6541268.95712668 -104.0404320000005
v -553792.7200751323 6541268.584984929 -104.0404320000005
v -553792.7384700316 6541268.197841217 -104.0404320000005
v -553792.736916737 6541267.804873128 -104.0404320000005
v -553792.7394795739 6541267.413106747 -104.0404320000005
v -553792.7542720996 6541267.0249111615 -104.0404320000005
v -553792.7690645835 6541266.636715648 -104.0404320000005
v -553792.8329692255 6541266.262859366 -104.0404320000005
v -553792.918187588 6541265.895225985 -104.0404320000005
v -553792.9935587216 6541265.524717585 -104.0404320000005
v -553793.0946516674 6541265.161719288 -104.0404320000005
v -553793.2607612207 6541264.817703856 -104.0404320000005
v -553793.3975342864 6541264.465122944 -104.0404320000005
v -553793.5293961717 6541264.111108194 -104.0404320000005
v -553793.6775851917 6541263.761860575 -104.0404320000005
v -553793.8810172927 6541263.428742238 -104.0404320000005
v -553794.0844493957 6541263.095623818 -104.0404320000005
v -553794.294580128 6541262.764461287 -104.0404320000005
v -553794.507891791 6541262.434227578 -104.0404320000005
v -553794.7154448088 6541262.102312465 -104.0404320000005
v -553794.8847300527 6541261.759224123 -104.0404320000005
v -553794.9276665691 6541261.379245847 -104.0404320000005
v -553794.8703841295 6541260.970006474 -104.0404320000005
v -553794.8035703833 6541260.557984156 -104.0404320000005
v -553794.6725501916 6541260.127215514 -104.0404320000005
v -553794.5415299266 6541259.696446935 -104.0404320000005
v -553794.3454219461 6541259.246674557 -104.0404320000005
v -553794.1423868468 6541258.794879581 -104.0404320000005
v -553794.0011381893 6541258.361124525 -104.0404320000005
v -553793.8679897775 6541257.9297345895 -104.0404320000005
v -553793.850678928 6541257.532165755 -104.0404320000005
v -553793.8858039891 6541257.149906592 -104.0404320000005
v -553793.9351973581 6541256.771813443 -104.0404320000005
v -553794.0542915871 6541256.414070995 -104.0404320000005
v -553794.1733858356 6541256.056328467 -104.0404320000005
v -553794.2353641157 6541255.68190966 -104.0404320000005
v -553794.2433915689 6541255.291738871 -104.0404320000005
v -553794.2514189784 6541254.901568154 -104.0404320000005
v -553794.2333305546 6541254.50377229 -104.0404320000005
v -553794.2140189102 6541254.105619199 -104.0404320000005
v -553794.1637568087 6541253.698429561 -104.0404320000005
v -553794.0750449648 6541253.280013807 -104.0404320000005
v -553793.9821932766 6541252.860389253 -104.0404320000005
v -553793.8533428601 6541252.430254037 -104.0404320000005
v -553793.7244922642 6541252.000118975 -104.0404320000005
v -553793.5566595946 6541251.558602126 -104.0404320000005
v -553793.3831718843 6541251.115434123 -104.0404320000005
v -553793.1531639157 6541250.65576394 -104.0404320000005
v -553792.9067674837 6541250.19130889 -104.0404320000005
v -553792.6993620954 6541249.738237999 -104.0404320000005
v -553792.4978191291 6541249.28687868 -104.0404320000005
v -553792.2821310723 6541248.831389493 -104.0404320000005
v -553792.0638213865 6541248.375134953 -104.0404320000005
v -553791.7461945589 6541247.88988262 -104.0404320000005
v -553791.4016375584 6541247.396767377 -104.0404320000005
v -553791.0008627593 6541246.887238265 -104.0404320000005
v -553790.6125757418 6541246.381355307 -104.0404320000005
v -553790.2318853812 6541245.877690263 -104.0404320000005
v -553789.857639327 6541245.375906683 -104.0404320000005
v -553789.4496851958 6541244.864281414 -104.0404320000005
v -553788.9997398607 6541244.340396028 -104.0404320000005
v -553788.5842386838 6541243.826567243 -104.0404320000005
v -553788.1776188454 6541243.315331461 -104.0404320000005
v -553787.779925551 6541242.806702058 -104.0404320000005
v -553786.8649763266 6541242.147049111 -104.0404320000005
v -553786.1443673336 6541241.544137751 -104.0404320000005
v -553785.7897174539 6541241.048075679 -104.0404320000005
v -553785.7897174539 6541241.048075679 -104.0404320000005
v -553785.7897174539 6541241.048075679 -104.0404320000005
v -553785.7897174539 6541241.048075679 -104.0404320000005
v -553785.7897174539 6541241.048075679 -104.0404320000005
v -553785.7897174539 6541241.048075679 -104.0404320000005
v -553785.7897174539 6541241.048075679 -104.0404320000005
v -553785.7897174539 6541241.048075679 -104.0404320000005
v -553785.7897174539 6541241.048075679 -104.0404320000005
v -553785.7897174539 6541241.048075679 -104.0404320000005
v -553785.7897174539 6541241.048075679 -104.0404320000005
v -553785.7897174539 6541241.048075679 -104.0404320000005
v -553785.7897174539 6541241.048075679 -104.0404320000005
v -553785.7897174539 6541241.048075679 -104.0404320000005
v -553785.7897174539 6541241.048075679 -104.0404320000005
v -553785.7897174539 6541241.048075679 -104.0404320000005
v -553785.7897174539 6541241.048075679 -104.0404320000005
v -553785.7897174539 6541241.048075679 -104.0404320000005
v -553785.7897174539 6541241.048075679 -104.0404320000005
v -553785.7897174539 6541241.048075679 -104.0404320000005
v -553785.7897174539 6541241.048075679 -104.0404320000005
v -553785.7897174539 6541241.048075679 -104.0404320000005
v -553785.7897174539 6541241.048075679 -104.0404320000005
v -553785.7897174539 6541241.048075679 -104.0404320000005
v -553785.7897174539 6541241.048075679 -104.0404320000005
v -553785.7897174539 6541241.048075679 -104.0404320000005
v -553785.7897174539 6541241.048075679 -104.0404320000005
v -553785.7897174539 6541241.048075679 -104.0404320000005
v -553785.7897174539 6541241.048075679 -104.0404320000005
v -553785.7897174539 6541241.048075679 -104.0404320000005
v -553785.7897174539 6541241.048075679 -104.0404320000005
v -553785.7897174539 6541241.048075679 -104.0404320000005
v -553785.7897174539 6541241.048075679 -104.0404320000005
v -553785.7897174539 6541241.048075679 -104.0404320000005
v -553785.7897174539 6541241.048075679 -104.0404320000005
v -553785.7897174539 6541241.048075679 -104.0404320000005
v -553785.7897174539 6541241.048075679 -104.0404320000005
v -553785.7897174539 6541241.048075679 -104.0404320000005
v -553785.7897174539 6541241.048075679 -104.0404320000005
v -553785.7897174539 6541241.048075679 -104.0404320000005
v -553785.7897174539 6541241.048075679 -104.0404320000005
v -553785.7897174539 6541241.048075679 -104.0404320000005
v -553785.7897174539 6541241.048075679 -104.0404320000005
v -553785.7897174539 6541241.048075679 -104.0404320000005
v -553785.7897174539 6541241.048075679 -104.0404320000005
v -553785.7897174539 6541241.048075679 -104.0404320000005
v -553785.7897174539 6541241.048075679 -104.0404320000005
v -553785.7897174539 6541241.048075679 -104.0404320000005
v -553785.7897174539 6541241.048075679 -104.0404320000005
v -553785.7897174539 6541241.048075679 -104.0404320000005
v -553785.7897174539 6541241.048075679 -104.0404320000005
v -553785.7897174539 6541241.048075679 -104.0404320000005
v -553785.7897174539 6541241.048075679 -104.0404320000005
v -553785.7897174539 6541241.048075679 -104.0404320000005
v -553785.7897174539 6541241.048075679 -104.0404320000005
v -553785.7897174539 6541241.048075679 -104.0404320000005
v -553785.7897174539 6541241.048075679 -104.0404320000005
v -553785.7897174539 6541241.048075679 -104.0404320000005
v -553785.7897174539 6541241.048075679 -104.0404320000005
v -553785.7897174539 6541241.048075679 -104.0404320000005
v -553785.7897174539 6541241.048075679 -104.0404320000005
v -553785.7897174539 6541241.048075679 -104.0404320000005
v -553785.7897174539 6541241.048075679 -104.0404320000005
v -553785.7897174539 6541241.048075679 -104.0404320000005
v -553785.7897174539 6541241.048075679 -104.0404320000005
v -553785.7897174539 6541241.048075679 -104.0404320000005
v -553785.7897174539 6541241.048075679 -104.0404320000005
v -553785.7897174539 6541241.048075679 -104.0404320000005
v -553785.7897174539 6541241.048075679 -104.0404320000005
v -553785.7897174539 6541241.048075679 -104.0404320000005
v -553785.7897174539 6541241.048075679 -104.0404320000005
v -553785.7897174539 6541241.048075679 -104.0404320000005
v -553785.7897174539 6541241.048075679 -104.0404320000005
v -553785.7897174539 6541241.048075679 -104.0404320000005
v -553785.7897174539 6541241.048075679 -104.0404320000005
v -553785.7897174539 6541241.048075679 -104.0404320000005
v -553785.7897174539 6541241.048075679 -104.0404320000005
v -553785.7897174539 6541241.048075679 -104.0404320000005
v -553785.7897174539 6541241.048075679 -104.0404320000005
v -553785.7897174539 6541241.048075679 -104.0404320000005
v -553785.7897174539 6541241.048075679 -104.0404320000005
v -553785.7897174539 6541241.048075679 -104.0404320000005
v -553785.7897174539 6541241.048075679 -104.0404320000005
v -553785.7897174539 6541241.048075679 -104.0404320000005
v -553785.7897174539 6541241.048075679 -104.0404320000005
v -553785.7897174539 6541241.048075679 -104.0404320000005
v -553785.7897174539 6541241.048075679 -104.0404320000005
v -553785.7897174539 6541241.048075679 -104.0404320000005
v -553785.7897174539 6541241.048075679 -104.0404320000005
v -553785.7897174539 6541241.048075679 -104.0404320000005
v -553785.7897174539 6541241.048075679 -104.0404320000005
v -553785.7897174539 6541241.048075679 -104.0404320000005
v -553785.7897174539 6541241.048075679 -104.0404320000005
v -553785.7897174539 6541241.048075679 -104.0404320000005
v -553785.7897174539 6541241.048075679 -104.0404320000005
v -553785.7897174539 6541241.048075679 -104.0404320000005
v -553785.7897174539 6541241.048075679 -104.0404320000005
v -553785.7897174539 6541241.048075679 -104.0404320000005
v -553785.7897174539 6541241.048075679 -104.0404320000005
v -553785.7897174539 6541241.048075679 -104.0404320000005
v -553785.7897174539 6541241.048075679 -104.0404320000005
v -553785.7897174539 6541241.048075679 -104.0404320000005
v -553785.7897174539 6541241.048075679 -104.0404320000005
v -553785.7897174539 6541241.048075679 -104.0404320000005
v -553785.7897174539 6541241.048075679 -104.0404320000005
v -553785.7897174539 6541241.048075679 -104.0404320000005
v -553785.7897174539 6541241.048075679 -104.0404320000005
v -553785.7897174539 6541241.048075679 -104.0404320000005
v -553785.7897174539 6541241.048075679 -104.0404320000005
v -553785.7897174539 6541241.048075679 -104.0404320000005
v -553785.7897174539 6541241.048075679 -104.0404320000005
v -553785.7897174539 6541241.048075679 -104.0404320000005
v -553785.7897174539 6541241.048075679 -104.0404320000005
v -553785.7897174539 6541241.048075679 -104.0404320000005
v -553785.7897174539 6541241.048075679 -104.0404320000005
v -553785.7897174539 6541241.048075679 -104.0404320000005
v -553785.7897174539 6541241.048075679 -104.0404320000005
v -553785.7897174539 6541241.048075679 -104.0404320000005
v -553785.7897174539 6541241.048075679 -104.0404320000005
v -553785.7897174539 6541241.048075679 -104.0404320000005
v -553785.7897174539 6541241.048075679 -104.0404320000005
v -553785.7897174539 6541241.048075679 -104.0404320000005
v -553785.7897174539 6541241.048075679 -104.0404320000005
v -553785.7897174539 6541241.048075679 -104.0404320000005
v -553785.7897174539 6541241.048075679 -104.0404320000005
v -553785.7897174539 6541241.048075679 -104.0404320000005
v -553785.7897174539 6541241.048075679 -104.0404320000005
v -553785.7897174539 6541241.048075679 -104.0404320000005
v -553785.7897174539 6541241.048075679 -104.0404320000005
v -553785.7897174539 6541241.048075679 -104.0404320000005
v -553785.7897174539 6541241.048075679 -104.0404320000005
v -553785.7897174539 6541241.048075679 -104.0404320000005
v -553785.7897174539 6541241.048075679 -104.0404320000005
v -553785.7897174539 6541241.048075679 -104.0404320000005
v -553785.7897174539 6541241.048075679 -104.0404320000005
v -553785.7897174539 6541241.048075679 -104.0404320000005
v -553785.7897174539 6541241.048075679 -104.0404320000005
v -553785.7897174539 6541241.048075679 -104.0404320000005
v -553785.7897174539 6541241.048075679 -104.0404320000005
v -553785.7897174539 6541241.048075679 -104.0404320000005
v -553785.7897174539 6541241.048075679 -104.0404320000005
v -553785.7897174539 6541241.048075679 -104.0404320000005
v -553785.7897174539 6541241.048075679 -104.0404320000005
v -553785.7897174539 6541241.048075679 -104.0404320000005
v -553785.7897174539 6541241.048075679 -104.0404320000005
v -553785.7897174539 6541241.048075679 -104.0404320000005
v -553785.7897174539 6541241.048075679 -104.0404320000005
v -553785.7897174539 6541241.048075679 -104.0404320000005
v -553785.7897174539 6541241.048075679 -104.0404320000005
v -553785.7897174539 6541241.048075679 -104.0404320000005
v -553785.7897174539 6541241.048075679 -104.0404320000005
v -553785.7897174539 6541241.048075679 -104.0404320000005
v -553785.7897174539 6541241.048075679 -104.0404320000005
v -553785.7897174539 6541241.048075679 -104.0404320000005
v -553785.7897174539 6541241.048075679 -104.0404320000005
v -553785.7897174539 6541241.048075679 -104.0404320000005
v -553785.7897174539 6541241.048075679 -104.0404320000005
v -553785.7897174539 6541241.048075679 -104.0404320000005
v -553785.7897174539 6541241.048075679 -104.0404320000005
v -553785.7897174539 6541241.048075679 -104.0404320000005
v -553785.7897174539 6541241.048075679 -104.0404320000005
v -553785.7897174539 6541241.048075679 -104.0404320000005
v -553785.7897174539 6541241.048075679 -104.0404320000005
v -553785.7897174539 6541241.048075679 -104.0404320000005
v -553785.7897174539 6541241.048075679 -104.0404320000005
v -553785.7897174539 6541241.048075679 -104.0404320000005
v -553901.001228277 6541366.534883193 -104.10992640000049
v -553901.1623619952 6541366.189414985 -104.10992640000049
v -553901.3234957163 6541365.843946755 -104.10992640000049
v -553901.489417604 6541365.499876495 -104.10992640000049
v -553901.3826638783 6541365.076192953 -104.10992640000049
v -553901.0941609911 6541364.599443997 -104.10992640000049
v -553901.0625638157 6541364.197703973 -104.10992640000049
v -553901.2088974881 6541363.847914526 -104.10992640000049
v -553901.3552311546 6541363.498125114 -104.10992640000049
v -553901.501564815 6541363.148335737 -104.10992640000049
v -553901.6478984815 6541362.798546324 -104.10992640000049
v -553901.7678583259 6541362.441056489 -104.10992640000049
v -553901.8931335737 6541362.085118633 -104.10992640000049
v -553901.9189848101 6541361.700151905 -104.10992640000049
v -553901.9864418957 6541361.327332834 -104.10992640000049
v -553902.0509573711 6541360.953654861 -104.10992640000049
v -553902.1090329507 6541360.5780966645 -104.10992640000049
v -553902.1056485483 6541360.184593984 -104.10992640000049
v -553902.1022641659 6541359.791091271 -104.10992640000049
v -553902.1366257666 6541359.408609248 -104.10992640000049
v -553902.2023025572 6541359.035270382 -104.10992640000049
v -553902.2679793338 6541358.661931549 -104.10992640000049
v -553902.3467545427 6541358.292417039 -104.10992640000049
v -553902.4277707601 6541357.923556802 -104.10992640000049
v -553902.499970884 6541357.552122597 -104.10992640000049
v -553902.5379770673 6541357.170704721 -104.10992640000049
v -553902.5759832675 6541356.789286814 -104.10992640000049
v -553902.5974095161 6541356.403028098 -104.10992640000049
v -553902.6080603473 6541356.01362328 -104.10992640000049
v -553902.6172771297 6541355.623799739 -104.10992640000049
v -553902.5902599825 6541355.223396913 -104.10992640000049
v -553902.563242813 6541354.822994118 -104.10992640000049
v -553902.5184431992 6541354.417399405 -104.10992640000049
v -553902.4589601759 6541354.007517527 -104.10992640000049
v -553902.3805595965 6541353.592112238 -104.10992640000049
v -553902.1945043054 6541353.145274953 -104.10992640000049
v -553902.008365951 6541352.698413455 -104.10992640000049
v -553901.821306451 6541352.2512829695 -104.10992640000049
v -553901.63419079 6541351.80413605 -104.10992640000049
v -553901.4441267482 6541351.356128328 -104.10992640000049
v -553901.2540626674 6541350.908120631 -104.10992640000049
v -553901.0600420133 6541350.458957693 -104.10992640000049
v -553900.865869809 6541350.009750469 -104.10992640000049
v -553900.7681161733 6541349.58869469 -104.10992640000049
v -553900.8186575106 6541349.210936752 -104.10992640000049
v -553900.716039188 6541348.788460626 -104.10992640000049
v -553900.6128942029 6541348.365830692 -104.10992640000049
v -553900.3698299311 6541347.902348489 -104.10992640000049
v -553900.0558484645 6541347.418160494 -104.10992640000049
v -553899.7384363107 6541346.932970801 -104.10992640000049
v -553899.4136080925 6541346.445615874 -104.10992640000049
v -553899.0537638284 6541345.948037322 -104.10992640000049
v -553898.6706588211 6541345.443667271 -104.10992640000049
v -553898.380658557 6541344.96648105 -104.10992640000049
v -553898.2126953687 6541344.524926148 -104.10992640000049
v -553897.9498070686 6541344.055655891 -104.10992640000049
v -553897.8735546075 6541343.640877827 -104.10992640000049
v -553897.8242021847 6541343.233953749 -104.10992640000049
v -553897.8580360818 6541342.851317689 -104.10992640000049
v -553897.9210029368 6541342.477187641 -104.10992640000049
v -553897.9861484701 6541342.103693663 -104.10992640000049
v -553898.0702605685 6541341.735737329 -104.10992640000049
v -553898.1543726543 6541341.367781033 -104.10992640000049
v -553898.2652304835 6541341.007633751 -104.10992640000049
v -553898.4098375327 6541340.657340216 -104.10992640000049
v -553898.272828125 6541340.224822858 -104.10992640000049
v -553898.3715574958 6541339.861134382 -104.10992640000049
v -553898.6945038923 6541339.562910771 -104.10992640000049
v -553898.943970948 6541339.243233297 -104.10992640000049
v -553899.106798402 6541338.898259549 -104.10992640000049
v -553899.2696258464 6541338.553285879 -104.10992640000049
v -553899.426234909 6541338.206496581 -104.10992640000049
v -553899.5769759254 6541337.857993947 -104.10992640000049
v -553899.7277169353 6541337.509491351 -104.10992640000049
v -553899.8677585478 6541337.157864882 -104.10992640000049
v -553899.9820724223 6541336.798726625 -104.10992640000049
v -553900.0972182212 6541336.439831226 -104.10992640000049
v -553899.7229428033 6541335.938039159 -104.10992640000049
v -553899.6676497936 6541335.529380684 -104.10992640000049
v -553899.6684854169 6541335.137110107 -104.10992640000049
v -553899.8865427589 6541334.808261856 -104.10992640000049
v -553900.2553860558 6541334.523438761 -104.10992640000049
v -553900.6369624868 6541334.242333408 -104.10992640000049
v -553901.0184001867 6541333.96118751 -104.10992640000049
v -553901.252384321 6541333.636989436 -104.10992640000049
v -553901.4240984701 6541333.294610384 -104.10992640000049
v -553901.6000580959 6541332.953470927 -104.10992640000049
v -553901.7909742226 6541332.61669829 -104.10992640000049
v -553901.981890351 6541332.279925616 -104.10992640000049
v -553902.180986222 6541331.945541227 -104.10992640000049
v -553902.053794275 6541331.515890361 -104.10992640000049
v -553902.2186863961 6541331.171519475 -104.10992640000049
v -553902.403042512 6541330.832831468 -104.10992640000049
v -553902.5802382848 6541330.49205293 -104.10992640000049
v -553902.749908898 6541330.149077225 -104.10992640000049
v -553902.8840513262 6541329.795728287 -104.10992640000049
v -553903.0181937463 6541329.442379386 -104.10992640000049
v -553903.1238239947 6541329.080705804 -104.10992640000049
v -553903.2039523883 6541328.711586384 -104.10992640000049
v -553903.2840807955 6541328.34246693 -104.10992640000049
v -553903.2805998962 6541327.948936038 -104.10992640000049
v -553903.2702777328 6541327.553407736 -104.10992640000049
v -553903.2584034371 6541327.157426217 -104.10992640000049
v -553903.244154112 6541326.76075122 -104.10992640000049
v -553903.2299047637 6541326.364076255 -104.10992640000049
v -553903.2033464749 6541325.963807479 -104.10992640000049
v -553903.1647204357 6541325.560015248 -104.10992640000049
v -553903.1220337515 6541325.155037355 -104.10992640000049
v -553903.0660003227 6541324.746162658 -104.10992640000049
v -553903.0099668665 6541324.337287994 -104.10992640000049
v -553902.9225901534 6541323.919261972 -104.10992640000049
v -553902.8270947366 6541323.498865488 -104.10992640000049
v -553902.6920679463 6541323.066927035 -104.10992640000049
v -553902.4643038121 6541322.607912027 -104.10992640000049
v -553902.2163472557 6541322.143001379 -104.10992640000049
v -553902.0469075864 6541321.701015331 -104.10992640000049
v -553901.9350277985 6541321.275835128 -104.10992640000049
v -553901.9683620862 6541320.893053236 -104.10992640000049
v -553902.216242932 6541320.572912635 -104.10992640000049
v -553902.7160828596 6541320.326336691 -104.10992640000049
v -553902.8322055279 6541319.96772659 -104.10992640000049
v -553902.6213158743 6541319.513638396 -104.10992640000049
v -553902.5680277369 6541319.105565204 -104.10992640000049
v -553902.8030446884 6541318.781668723 -104.10992640000049
v -553903.0275142335 6541318.4546927465 -104.10992640000049
v -553903.2486213611 6541318.126735001 -104.10992640000049
v -553903.4544535179 6541317.794317371 -104.10992640000049
v -553903.660285674 6541317.461899781 -104.10992640000049
v -553903.8699595839 6541317.130603911 -104.10992640000049
v -553904.0820452195 6541316.800012154 -104.10992640000049
v -553904.2932568949 6541316.4691651855 -104.10992640000049
v -553904.4907769692 6541316.134320711 -104.10992640000049
v -553904.6882970423 6541315.799476275 -104.10992640000049
v -553904.8563109343 6541315.456016872 -104.10992640000049
v -553904.9933109429 6541315.103502248 -104.10992640000049
v -553905.1303109408 6541314.750987676 -104.10992640000049
v -553905.254837964 6541314.394831401 -104.10992640000049
v -553905.3768955317 6541314.037954076 -104.10992640000049
v -553905.492178142 6541313.679098622 -104.10992640000049
v -553905.5766752966 6541313.311254753 -104.10992640000049
v -553905.6611724381 6541312.943410921 -104.10992640000049
v -553905.7286589526 6541312.570600442 -104.10992640000049
v -553905.780575533 6541312.193243956 -104.10992640000049
v -553905.8324920809 6541311.815887542 -104.10992640000049
v -553905.8106438548 6541311.416993926 -104.10992640000049
v -553905.7817356801 6541311.016038972 -104.10992640000049
v -553905.7515658702 6541310.614715697 -104.10992640000049
v -553905.719631255 6541310.212877192 -104.10992640000049
v -553905.6876966641 6541309.811038652 -104.10992640000049
v -553905.6503710381 6541309.407626047 -104.10992640000049
v -553905.6126276583 6541309.004091511 -104.10992640000049
v -553905.5701435013 6541308.599172847 -104.10992640000049
v -553905.521926275 6541308.192580253 -104.10992640000049
v -553905.5130866248 6541307.797484721 -104.10992640000049
v -553905.5481395916 6541307.415204594 -104.10992640000049
v -553905.5831925402 6541307.032924501 -104.10992640000049
v -553905.6143286603 6541306.649500768 -104.10992640000049
v -553905.6453866601 6541306.266054185 -104.10992640000049
v -553905.6750433653 6541305.882198506 -104.10992640000049
v -553905.7023449728 6541305.497655249 -104.10992640000049
v -553905.7296465904 6541305.11311197 -104.10992640000049
v -553905.689247501 6541304.708801986 -104.10992640000049
v -553905.6311082833 6541304.29931246 -104.10992640000049
v -553905.5420245073 6541303.880788069 -104.10992640000049
v -553905.4005174013 6541303.446957554 -104.10992640000049
v -553905.2219831011 6541303.002316137 -104.10992640000049
v -553904.8906046995 6541302.5130487885 -104.10992640000049
v -553904.5775167602 6541302.029121678 -104.10992640000049
v -553904.2830037887 6541301.550617876 -104.10992640000049
v -553904.0465360577 6541301.08906163 -104.10992640000049
v -553903.8338227064 6541300.6344410125 -104.10992640000049
v -553903.6483734343 6541300.187780667 -104.10992640000049
v -553903.4738950792 6541299.744323468 -104.10992640000049
v -553903.3142039981 6541299.305183763 -104.10992640000049
v -553903.1640403883 6541298.8688258445 -104.10992640000049
v -553902.9864452437 6541298.424458675 -104.10992640000049
v -553902.7730751407 6541297.96964622 -104.10992640000049
v -553902.5002237203 6541297.497467 -104.10992640000049
v -553901.9441291115 6541296.94258908 -104.10992640000049
v -553901.7762306372 6541296.501053055 -104.10992640000049
v -553901.3882754999 6541295.995266866 -104.10992640000049
v -553901.0262171276 6541295.49704182 -104.10992640000049
v -553900.9706173284 6541295.088293774 -104.10992640000049
v -553900.7909915241 6541294.643333712 -104.10992640000049
v -553900.4334211908 6541294.146418998 -104.10992640000049
v -553900.3105682401 6541293.718034952 -104.10992640000049
v -553900.4167636817 6541293.356526394 -104.10992640000049
v -553900.3319473761 6541292.939247956 -104.10992640000049
v -553900.213098295 6541292.51203286 -104.10992640000049
v -553900.1409131811 6541292.098442387 -104.10992640000049
v -553900.0706358086 6541291.685408874 -104.10992640000049
v -553900.0396783848 6541291.283855595 -104.10992640000049
v -553900.0087209332 6541290.882302352 -104.10992640000049
v -553899.991186958 6541290.484668417 -104.10992640000049
v -553899.9663794022 6541290.0849107625 -104.10992640000049
v -553899.9781316669 6541289.6958274655 -104.10992640000049
v -553900.4353475652 6541289.436806589 -104.10992640000049
v -553900.3633637973 6541289.023274905 -104.10992640000049
v -553900.5528387277 6541288.686081481 -104.10992640000049
v -553900.7423136609 6541288.348888015 -104.10992640000049
v -553900.9508309375 6541288.017254402 -104.10992640000049
v -553901.1718075561 6541287.689258597 -104.10992640000049
v -553901.209275787 6541287.307683655 -104.10992640000049
v -553901.1347011067 6541286.89339541 -104.10992640000049
v -553901.0513017342 6541286.476530657 -104.10992640000049
v -553900.9679023285 6541286.059665939 -104.10992640000049
v -553900.8845029554 6541285.642801185 -104.10992640000049
v -553900.801103617 6541285.225936397 -104.10992640000049
v -553900.7177042447 6541284.809071644 -104.10992640000049
v -553900.6343048388 6541284.392206927 -104.10992640000049
v -553900.5509054656 6541283.975342172 -104.10992640000049
v -553900.4675061271 6541283.558477384 -104.10992640000049
v -553900.398037802 6541283.145680155 -104.10992640000049
v -553900.3502448226 6541282.739211409 -104.10992640000049
v -553900.3024518612 6541282.332742644 -104.10992640000049
v -553900.3922380061 6541281.966443006 -104.10992640000049
v -553900.5278528907 6541281.613524067 -104.10992640000049
v -553900.5661157689 6541281.232181139 -104.10992640000049
v -553900.5236002 6541280.827253218 -104.10992640000049
v -553900.4810846015 6541280.422325334 -104.10992640000049
v -553900.4385689737 6541280.017397486 -104.10992640000049
v -553900.6092224522 6541279.674708748 -104.10992640000049
v -553901.0501398427 6541279.410929139 -104.10992640000049
v -553901.5594793251 6541279.167126828 -104.10992640000049
v -553901.8510728355 6541278.859749095 -104.10992640000049
v -553901.969342717 6541278.501765875 -104.10992640000049
v -553902.0833961652 6541278.142551537 -104.10992640000049
v -553902.080958828 6541277.749325335 -104.10992640000049
v -553902.0785214666 6541277.356099171 -104.10992640000049
v -553902.0760841289 6541276.962872967 -104.10992640000049
v -553902.0736468167 6541276.569646727 -104.10992640000049
v -553902.0712094795 6541276.176420525 -104.10992640000049
v -553902.0687721182 6541275.783194361 -104.10992640000049
v -553902.0663347808 6541275.389968158 -104.10992640000049
v -553902.0460114136 6541274.991519712 -104.10992640000049
v -553901.9957028135 6541274.584316544 -104.10992640000049
v -553901.9453942432 6541274.177113338 -104.10992640000049
v -553901.8907485628 6541273.768643779 -104.10992640000049
v -553901.8357644852 6541273.360075462 -104.10992640000049
v -553901.7807803629 6541272.951507198 -104.10992640000049
v -553901.7257962974 6541272.542938865 -104.10992640000049
v -553901.6708122505 6541272.134370511 -104.10992640000049
v -553901.6158281727 6541271.725802195 -104.10992640000049
v -553901.5608440638 6541271.317233915 -104.10992640000049
v -553901.5955903592 6541270.934864247 -104.10992640000049
v -553901.5840838092 6541270.538990053 -104.10992640000049
v -553901.4886069415 6541270.118599025 -104.10992640000049
v -553901.3706559348 6541269.691646249 -104.10992640000049
v -553901.2526890702 6541269.264688797 -104.10992640000049
v -553901.1322216096 6541268.837001198 -104.10992640000049
v -553901.0133904996 6541268.409791412 -104.10992640000049
v -553900.9226632197 6541267.990787171 -104.10992640000049
v -553900.8319359748 6541267.571782892 -104.10992640000049
v -553900.7412087667 6541267.152778578 -104.10992640000049
v -553900.6504815222 6541266.733774301 -104.10992640000049
v -553900.559754242 6541266.314770059 -104.10992640000049
v -553900.4622891451 6541265.8937985245 -104.10992640000049
v -553900.3634256269 6541265.472418645 -104.10992640000049
v -553900.2503456858 6541265.04688808 -104.10992640000049
v -553900.1235557594 6541264.61735455 -104.10992640000049
v -553899.9967658744 6541264.187820988 -104.10992640000049
v -553899.869975949 6541263.75828746 -104.10992640000049
v -553899.7431859827 6541263.328753968 -104.10992640000049
v -553899.6163960564 6541262.899220439 -104.10992640000049
v -553899.4896061717 6541262.469686875 -104.10992640000049
v -553899.3628162463 6541262.040153348 -104.10992640000049
v -553899.0044673696 6541261.543011434 -104.10992640000049
v -553898.8657875991 6541261.110006398 -104.10992640000049
v -553898.7271078541 6541260.677001341 -104.10992640000049
v -553898.5884280666 6541260.243996321 -104.10992640000049
v -553898.4497482363 6541259.810991337 -104.10992640000049
v -553898.3110684477 6541259.377986315 -104.10992640000049
v -553898.172388703 6541258.944981258 -104.10992640000049
v -553898.0337089152 6541258.511976238 -104.10992640000049
v -553897.8950290846 6541258.078971254 -104.10992640000049
v -553897.7563492961 6541257.645966232 -104.10992640000049
v -553897.6176695517 6541257.212961176 -104.10992640000049
v -553897.4789897639 6541256.7799561545 -104.10992640000049
v -553897.3403099326 6541256.346951171 -104.10992640000049
v -553897.2016301438 6541255.913946149 -104.10992640000049
v -553897.0629504002 6541255.480941093 -104.10992640000049
v -553896.9242705688 6541255.047936108 -104.10992640000049
v -553896.7855907803 6541254.614931087 -104.10992640000049
v -553896.6469110363 6541254.18192603 -104.10992640000049
v -553896.5032105574 6541253.747455114 -104.10992640000049
v -553896.3084784553 6541253.298084504 -104.10992640000049
v -553896.09253671 6541252.842521247 -104.10992640000049
v -553895.8765950198 6541252.386957956 -104.10992640000049
v -553895.6606532754 6541251.931394699 -104.10992640000049
v -553895.4447114762 6541251.475831477 -104.10992640000049
v -553895.2287697309 6541251.02026822 -104.10992640000049
v -553895.0128280413 6541250.5647049295 -104.10992640000049
v -553894.7831322617 6541250.105125896 -104.10992640000049
v -553894.5501632234 6541249.644591239 -104.10992640000049
v -553894.3168110475 6541249.183944623 -104.10992640000049
v -553894.0834010699 6541248.723281101 -104.10992640000049
v -553893.8499910343 6541248.262617614 -104.10992640000049
v -553893.6165809408 6541247.80195416 -104.10992640000049
v -553893.3954609218 6541247.344878999 -104.10992640000049
v -553893.2985689688 6541246.924074754 -104.10992640000049
v -553893.1895882096 6541246.499740983 -104.10992640000049
v -553893.0803216659 6541246.075323823 -104.10992640000049
v -553892.9702547039 6541245.650672912 -104.10992640000049
v -553892.8601877852 6541245.226021962 -104.10992640000049
v -553892.6947136432 6541244.785193772 -104.10992640000049
v -553892.4777966588 6541244.329345826 -104.10992640000049
v -553892.2938454016 6541243.883122858 -104.10992640000049
v -553892.3392659482 6541243.503869708 -104.10992640000049
v -553892.3098529362 6541243.102767448 -104.10992640000049
v -553892.3098529362 6541243.102767448 -104.10992640000049
v -553892.3098529362 6541243.102767448 -104.10992640000049
v -553892.3098529362 6541243.102767448 -104.10992640000049
v -553892.3098529362 6541243.102767448 -104.10992640000049
v -553892.3098529362 6541243.102767448 -104.10992640000049
v -553892.3098529362 6541243.102767448 -104.10992640000049
v -553892.3098529362 6541243.102767448 -104.10992640000049
v -553892.3098529362 6541243.102767448 -104.10992640000049
v -553892.3098529362 6541243.102767448 -104.10992640000049
v -553892.3098529362 6541243.102767448 -104.10992640000049
v -553892.3098529362 6541243.102767448 -104.10992640000049
v -553892.3098529362 6541243.102767448 -104.10992640000049
v -553892.3098529362 6541243.102767448 -104.10992640000049
v -553892.3098529362 6541243.102767448 -104.10992640000049
v -553892.3098529362 6541243.102767448 -104.10992640000049
v -553892.3098529362 6541243.102767448 -104.10992640000049
v -553892.3098529362 6541243.102767448 -104.10992640000049
v -553892.3098529362 6541243.102767448 -104.10992640000049
v -553892.3098529362 6541243.102767448 -104.10992640000049
v -553892.3098529362 6541243.102767448 -104.10992640000049
v -553892.3098529362 6541243.102767448 -104.10992640000049
v -553892.3098529362 6541243.102767448 -104.10992640000049
v -553892.3098529362 6541243.102767448 -104.10992640000049
v -553892.3098529362 6541243.102767448 -104.10992640000049
v -553892.3098529362 6541243.102767448 -104.10992640000049
v -553892.3098529362 6541243.102767448 -104.10992640000049
v -553892.3098529362 6541243.102767448 -104.10992640000049
v -553892.3098529362 6541243.102767448 -104.10992640000049
v -553892.3098529362 6541243.102767448 -104.10992640000049
v -553892.3098529362 6541243.102767448 -104.10992640000049
v -553892.3098529362 6541243.102767448 -104.10992640000049
v -553892.3098529362 6541243.102767448 -104.10992640000049
v -553892.3098529362 6541243.102767448 -104.10992640000049
v -553892.3098529362 6541243.102767448 -104.10992640000049
v -553892.3098529362 6541243.102767448 -104.10992640000049
v -553892.3098529362 6541243.102767448 -104.10992640000049
v -553892.3098529362 6541243.102767448 -104.10992640000049
v -553892.3098529362 6541243.102767448 -104.10992640000049
v -553892.3098529362 6541243.102767448 -104.10992640000049
v -553892.3098529362 6541243.102767448 -104.10992640000049
v -553892.3098529362 6541243.102767448 -104.10992640000049
v -553892.3098529362 6541243.102767448 -104.10992640000049
v -553892.3098529362 6541243.102767448 -104.10992640000049
v -553892.3098529362 6541243.102767448 -104.10992640000049
v -553892.3098529362 6541243.102767448 -104.10992640000049
v -553892.3098529362 6541243.102767448 -104.10992640000049
v -553892.3098529362 6541243.102767448 -104.10992640000049
v -553892.3098529362 6541243.102767448 -104.10992640000049
v -553892.3098529362 6541243.102767448 -104.10992640000049
v -553892.3098529362 6541243.102767448 -104.10992640000049
v -553892.3098529362 6541243.102767448 -104.10992640000049
v -553892.3098529362 6541243.102767448 -104.10992640000049
v -553892.3098529362 6541243.102767448 -104.10992640000049
v -553892.3098529362 6541243.102767448 -104.10992640000049
v -553892.3098529362 6541243.102767448 -104.10992640000049
v -553892.3098529362 6541243.102767448 -104.10992640000049
v -553892.3098529362 6541243.102767448 -104.10992640000049
v -553892.3098529362 6541243.102767448 -104.10992640000049
v -553892.3098529362 6541243.102767448 -104.10992640000049
v -553892.3098529362 6541243.102767448 -104.10992640000049
v -553892.3098529362 6541243.102767448 -104.10992640000049
v -553892.3098529362 6541243.102767448 -104.10992640000049
v -553892.3098529362 6541243.102767448 -104.10992640000049
v -553892.3098529362 6541243.102767448 -104.10992640000049
v -553892.3098529362 6541243.102767448 -104.10992640000049
v -553892.3098529362 6541243.102767448 -104.10992640000049
v -553892.3098529362 6541243.102767448 -104.10992640000049
v -553892.3098529362 6541243.102767448 -104.10992640000049
v -553892.3098529362 6541243.102767448 -104.10992640000049
v -553892.3098529362 6541243.102767448 -104.10992640000049
v -553892.3098529362 6541243.102767448 -104.10992640000049
v -553892.3098529362 6541243.102767448 -104.10992640000049
v -553892.3098529362 6541243.102767448 -104.10992640000049
v -553892.3098529362 6541243.102767448 -104.10992640000049
v -553892.3098529362 6541243.102767448 -104.10992640000049
v -553892.3098529362 6541243.102767448 -104.10992640000049
v -553892.3098529362 6541243.102767448 -104.10992640000049
v -553892.3098529362 6541243.102767448 -104.10992640000049
v -553892.3098529362 6541243.102767448 -104.10992640000049
v -553892.3098529362 6541243.102767448 -104.10992640000049
v -553892.3098529362 6541243.102767448 -104.10992640000049
v -553892.3098529362 6541243.102767448 -104.10992640000049
v -553892.3098529362 6541243.102767448 -104.10992640000049
v -553892.3098529362 6541243.102767448 -104.10992640000049
v -553892.3098529362 6541243.102767448 -104.10992640000049
v -553892.3098529362 6541243.102767448 -104.10992640000049
v -553892.3098529362 6541243.102767448 -104.10992640000049
v -553892.3098529362 6541243.102767448 -104.10992640000049
v -553892.3098529362 6541243.102767448 -104.10992640000049
v -553892.3098529362 6541243.102767448 -104.10992640000049
v -553892.3098529362 6541243.102767448 -104.10992640000049
v -553946.5308421775 6541370.40785163 -104.17576320000049
v -553946.5308421775 6541370.40785163 -104.17576320000049
v -553946.5308421775 6541370.40785163 -104.17576320000049
v -553946.5308421775 6541370.40785163 -104.17576320000049
v -553946.5308421775 6541370.40785163 -104.17576320000049
v -553946.5308421775 6541370.40785163 -104.17576320000049
v -553946.5308421775 6541370.40785163 -104.17576320000049
v -553946.5308421775 6541370.40785163 -104.17576320000049
v -553946.5308421775 6541370.40785163 -104.17576320000049
v -553946.5308421775 6541370.40785163 -104.17576320000049
v -553946.5308421775 6541370.40785163 -104.17576320000049
v -553946.5308421775 6541370.40785163 -104.17576320000049
v -553946.5308421775 6541370.40785163 -104.17576320000049
v -553946.5308421775 6541370.40785163 -104.17576320000049
v -553946.5308421775 6541370.40785163 -104.17576320000049
v -553946.5308421775 6541370.40785163 -104.17576320000049
v -553946.5308421775 6541370.40785163 -104.17576320000049
v -553946.5308421775 6541370.40785163 -104.17576320000049
v -553946.5308421775 6541370.40785163 -104.17576320000049
v -553946.5308421775 6541370.40785163 -104.17576320000049
v -553946.5308421775 6541370.40785163 -104.17576320000049
v -553946.5308421775 6541370.40785163 -104.17576320000049
v -553946.5308421775 6541370.40785163 -104.17576320000049
v -553946.5308421775 6541370.40785163 -104.17576320000049
v -553946.5308421775 6541370.40785163 -104.17576320000049
v -553946.3620257481 6541369.966047589 -104.17576320000049
v -553945.8655831912 6541369.428586263 -104.17576320000049
v -553945.9973015211 6541369.074529608 -104.17576320000049
v -553946.0426856712 6541368.695265896 -104.17576320000049
v -553946.1631039337 6541368.337909942 -104.17576320000049
v -553946.3601545916 6541368.00292839 -104.17576320000049
v -553946.5609519297 6541367.66904078 -104.17576320000049
v -553946.7339362792 6541367.32703261 -104.17576320000049
v -553946.8474237295 6541366.96765306 -104.17576320000049
v -553946.9559145126 6541366.606814611 -104.17576320000049
v -553947.0541235526 6541366.242974212 -104.17576320000049
v -553947.1259459174 6541365.871429696 -104.17576320000049
v -553947.1977682895 6541365.4998851605 -104.17576320000049
v -553947.2509488742 6541365.122897747 -104.17576320000049
v -553947.2281479208 6541364.723725963 -104.17576320000049
v -553947.0068650097 6541364.266603263 -104.17576320000049
v -553946.6773731034 6541363.777886674 -104.17576320000049
v -553946.627228301 6541363.370731263 -104.17576320000049
v -553946.5746352904 6541362.962861069 -104.17576320000049
v -553946.5081581693 6541362.55093714 -104.17576320000049
v -553946.4416810627 6541362.139013194 -104.17576320000049
v -553946.440379547 6541361.746118597 -104.17576320000049
v -553946.4490400086 6541361.35613265 -104.17576320000049
v -553946.4560822928 6541360.965674219 -104.17576320000049
v -553946.4595188955 6541360.574163015 -104.17576320000049
v -553946.4629554866 6541360.182651828 -104.17576320000049
v -553944.6801772336 6541359.269618073 -104.17576320000049
v -553944.4969715213 6541358.823612781 -104.17576320000049
v -553944.4284154712 6541358.411081824 -104.17576320000049
v -553944.4725499852 6541358.031453252 -104.17576320000049
v -553944.5166844977 6541357.651824683 -104.17576320000049
v -553944.6932478617 6541357.310861459 -104.17576320000049
v -553944.8801428763 6541356.972914754 -104.17576320000049
v -553945.1077092 6541356.646842906 -104.17576320000049
v -553945.407843379 6541356.341958776 -104.17576320000049
v -553945.7090472914 6541356.037386954 -104.17576320000049
v -553945.7442554774 6541355.655152123 -104.17576320000049
v -553945.733003407 6541355.259352277 -104.17576320000049
v -553945.7005556525 6541354.857363931 -104.17576320000049
v -553945.6478700222 6541354.449466693 -104.17576320000049
v -553945.6033290996 6541354.043947451 -104.17576320000049
v -553945.5812080931 6541353.644974192 -104.17576320000049
v -553945.5590870731 6541353.246000951 -104.17576320000049
v -553945.5360443743 6541352.8467585845 -104.17576320000049
v -553945.5127107096 6541352.447431242 -104.17576320000049
v -553945.4880732811 6541352.047723284 -104.17576320000049
v -553945.54956637 6541351.673162899 -104.17576320000049
v -553945.5023089448 6541351.266850516 -104.17576320000049
v -553945.4550515045 6541350.860538153 -104.17576320000049
v -553945.3743930924 6541350.444473702 -104.17576320000049
v -553945.3590340328 6541350.047474735 -104.17576320000049
v -553945.3787517465 6541349.660717137 -104.17576320000049
v -553945.3984694488 6541349.273959559 -104.17576320000049
v -553945.4440011814 6541348.894738949 -104.17576320000049
v -553945.5005648076 6541348.518739314 -104.17576320000049
v -553945.5571284508 6541348.142739643 -104.17576320000049
v -553945.6136920814 6541347.766740001 -104.17576320000049
v -553945.6702557028 6541347.39074038 -104.17576320000049
v -553945.737702935 6541347.01791843 -104.17576320000049
v -553945.8194270519 6541346.6492648935 -104.17576320000049
v -553945.9011511616 6541346.280611376 -104.17576320000049
v -553945.9829724965 6541345.91198627 -104.17576320000049
v -553946.0648212221 6541345.543369137 -104.17576320000049
v -553946.1097577165 6541345.163974687 -104.17576320000049
v -553946.1752576805 6541344.790584194 -104.17576320000049
v -553946.2407576354 6541344.417193721 -104.17576320000049
v -553946.3191001104 6541344.047552865 -104.17576320000049
v -553946.4015330238 6541343.679106275 -104.17576320000049
v -553946.4839659221 6541343.310659727 -104.17576320000049
v -553946.5663988277 6541342.942213157 -104.17576320000049
v -553946.6488317414 6541342.573766568 -104.17576320000049
v -553946.7312646472 6541342.205319999 -104.17576320000049
v -553946.8136975457 6541341.836873451 -104.17576320000049
v -553946.8961304511 6541341.468426881 -104.17576320000049
v -553946.9519070945 6541341.092197439 -104.17576320000049
v -553946.9884655456 6541340.710356869 -104.17576320000049
v -553946.8714716061 6541340.283683506 -104.17576320000049
v -553945.8742909596 6541339.600021296 -104.17576320000049
v -553945.3623942178 6541339.058047797 -104.17576320000049
v -553942.3874317685 6541337.796931037 -104.17576320000049
v -553940.6271661452 6541336.890470316 -104.17576320000049
v -553939.6528756351 6541336.213491369 -104.17576320000049
v -553939.7571906552 6541335.851433701 -104.17576320000049
v -553939.8615056652 6541335.489376068 -104.17576320000049
v -553938.9645029056 6541334.834962904 -104.17576320000049
v -553938.316380141 6541334.253215405 -104.17576320000049
v -553937.5904084468 6541333.648738266 -104.17576320000049
v -553937.4419280572 6541333.212871756 -104.17576320000049
v -553937.3007339835 6541332.779132664 -104.17576320000049
v -553937.1553027249 6541332.344156411 -104.17576320000049
v -553937.2175660874 6541331.969820896 -104.17576320000049
v -553937.388087876 6541331.62709371 -104.17576320000049
v -553937.5957084815 6541331.295198322 -104.17576320000049
v -553937.8119855406 6541330.965830338 -104.17576320000049
v -553938.0963188356 6541330.656332761 -104.17576320000049
v -553938.3806521412 6541330.346835243 -104.17576320000049
v -553938.6741327995 6541330.040008456 -104.17576320000049
v -553938.9709446097 6541329.734154241 -104.17576320000049
v -553939.28517562 6541329.433385952 -104.17576320000049
v -553939.6988829884 6541329.161661883 -104.17576320000049
v -553940.1813242402 6541328.910006073 -104.17576320000049
v -553940.5160593328 6541328.61522435 -104.17576320000049
v -553940.6842625045 6541328.271820196 -104.17576320000049
v -553941.1331999722 6541328.010382286 -104.17576320000049
v -553941.8938006635 6541327.839940912 -104.17576320000049
v -553942.5719033838 6541327.645412514 -104.17576320000049
v -553942.9893209798 6541327.374771696 -104.17576320000049
v -553943.3945028967 6541327.100558442 -104.17576320000049
v -553943.8006842582 6541326.826636981 -104.17576320000049
v -553944.2120198607 6541326.554220362 -104.17576320000049
v -553944.6204074603 6541326.280943048 -104.17576320000049
v -553944.9787747542 6541325.993061291 -104.17576320000049
v -553945.082201335 6541325.630744262 -104.17576320000049
v -553945.1381648042 6541325.254569365 -104.17576320000049
v -553945.1941282634 6541324.87839449 -104.17576320000049
v -553945.3368393676 6541324.527547421 -104.17576320000049
v -553945.7493321873 6541324.25546871 -104.17576320000049
v -553946.1630770199 6541323.983755527 -104.17576320000049
v -553946.5681483629 6541323.709509988 -104.17576320000049
v -553946.9727410465 6541323.435124669 -104.17576320000049
v -553947.4146057111 6541323.171621656 -104.17576320000049
v -553947.8605408892 6541322.90930714 -104.17576320000049
v -553947.976813438 6541322.550740783 -104.17576320000049
v -553947.8765717465 6541322.128958564 -104.17576320000049
v -553947.7835481446 6541321.709283792 -104.17576320000049
v -553947.8228053084 6541321.328231167 -104.17576320000049
v -553948.1831788655 6541321.040935179 -104.17576320000049
v -553948.5145086539 6541320.745159234 -104.17576320000049
v -553948.7386687979 6541320.418092856 -104.17576320000049
v -553948.9628289425 6541320.091026504 -104.17576320000049
v -553949.109897171 6541319.741451587 -104.17576320000049
v -553949.2243477991 6541319.382353257 -104.17576320000049
v -553949.3353160978 6541319.022238166 -104.17576320000049
v -553949.385491634 6541318.644373387 -104.17576320000049
v -553949.4356671602 6541318.26650863 -104.17576320000049
v -553949.543261956 6541317.905408608 -104.17576320000049
v -553949.7274247035 6541317.566664148 -104.17576320000049
v -553949.9121382124 6541317.228080529 -104.17576320000049
v -553950.1551994114 6541316.906532757 -104.17576320000049
v -553950.3982606089 6541316.58498496 -104.17576320000049
v -553950.601843502 6541316.251910626 -104.17576320000049
v -553950.7594092006 6541315.905400664 -104.17576320000049
v -553950.8378893988 6541315.535800019 -104.17576320000049
v -553950.9164524269 6541315.166223534 -104.17576320000049
v -553950.998932934 6541314.797790864 -104.17576320000049
v -553951.088906317 6541314.431545919 -104.17576320000049
v -553951.1280907579 6541314.050472059 -104.17576320000049
v -553951.1610611833 6541313.667583866 -104.17576320000049
v -553951.191991353 6541313.284100002 -104.17576320000049
v -553951.222189021 6541312.900402293 -104.17576320000049
v -553951.2535893794 6541312.517055709 -104.17576320000049
v -553951.2928168896 6541312.135994402 -104.17576320000049
v -553950.8992265677 6541311.628562947 -104.17576320000049
v -553949.6891129799 6541310.882730559 -104.17576320000049
v -553948.078075288 6541310.019840012 -104.17576320000049
v -553944.0021489011 6541308.437273897 -104.17576320000049
v -553944.0453148473 6541308.057362522 -104.17576320000049
v -553944.0981600045 6541307.680277222 -104.17576320000049
v -553944.1519101915 6541307.303456136 -104.17576320000049
v -553944.2105800638 6541306.928071427 -104.17576320000049
v -553941.4970727377 6541305.743291931 -104.17576320000049
v -553941.5615018257 6541305.369588802 -104.17576320000049
v -553941.6809076582 6541305.01193726 -104.17576320000049
v -553942.1559023183 6541304.758107223 -104.17576320000049
v -553942.783061751 6541304.548704926 -104.17576320000049
v -553943.3266946995 6541304.314915305 -104.17576320000049
v -553943.7263226229 6541304.0390803935 -104.17576320000049
v -553944.1241879668 6541303.762730888 -104.17576320000049
v -553944.5186365955 6541303.48538383 -104.17576320000049
v -553944.9041108806 6541303.205416496 -104.17576320000049
v -553945.2646620082 6541302.918172302 -104.17576320000049
v -553945.6261258054 6541302.631194607 -104.17576320000049
v -553945.9961112621 6541302.346705017 -104.17576320000049
v -553946.3660967078 6541302.062215394 -104.17576320000049
v -553946.7739673067 6541301.788787104 -104.17576320000049
v -553947.1835059719 6541301.515845868 -104.17576320000049
v -553947.5897790175 6541301.241951194 -104.17576320000049
v -553947.995785895 6541300.967978777 -104.17576320000049
v -553948.4905610917 6541300.719924093 -104.17576320000049
v -553948.9872849424 6541300.472438387 -104.17576320000049
v -553949.403849008 6541300.201548388 -104.17576320000049
v -553949.8340986405 6541299.934654149 -104.17576320000049
v -553950.3993332956 6541299.7071715705 -104.17576320000049
v -553950.9293357208 6541299.469402236 -104.17576320000049
v -553951.4164024598 6541299.21909696 -104.17576320000049
v -553951.9645394065 6541298.986622375 -104.17576320000049
v -553952.547322152 6541298.764263327 -104.17576320000049
v -553953.0688006375 6541298.524005287 -104.17576320000049
v -553953.5854807646 6541298.282346219 -104.17576320000049
v -553954.0905994759 6541298.03731154 -104.17576320000049
v -553954.5634450245 6541297.782854066 -104.17576320000049
v -553955.0055432888 6541297.519419307 -104.17576320000049
v -553955.4019557539 6541297.242645603 -104.17576320000049
v -553955.2985373962 6541296.819935866 -104.17576320000049
v -553955.1658245403 6541296.388673016 -104.17576320000049
v -553955.1518976827 6541295.992092233 -104.17576320000049
v -553955.4294885172 6541295.680626082 -104.17576320000049
v -553955.7014098605 6541295.36750458 -104.17576320000049
v -553955.9352455066 6541295.043263192 -104.17576320000049
v -553956.1690811543 6541294.719021829 -104.17576320000049
v -553956.403393647 6541294.394919665 -104.17576320000049
v -553956.6121746417 6541294.063363025 -104.17576320000049
v -553956.7286084743 6541293.704843733 -104.17576320000049
v -553956.845042301 6541293.346324466 -104.17576320000049
v -553956.9696124777 6541292.990180749 -104.17576320000049
v -553957.0992391794 6541292.635513366 -104.17576320000049
v -553957.2288658759 6541292.280846007 -104.17576320000049
v -553957.3652243575 6541291.928144157 -104.17576320000049
v -553957.5018195244 6541291.575511386 -104.17576320000049
v -553957.6046842977 6541291.213030302 -104.17576320000049
v -553957.637276894 6541290.830031842 -104.17576320000049
v -553957.669869501 6541290.44703336 -104.17576320000049
v -553957.7115936251 6541290.06670099 -104.17576320000049
v -553957.7568946138 6541289.687412986 -104.17576320000049
v -553957.8032859624 6541289.30844337 -104.17576320000049
v -553957.8597429496 6541288.93241258 -104.17576320000049
v -553957.9194763019 6541288.557338379 -104.17576320000049
v -553957.9901716588 6541288.185464789 -104.17576320000049
v -553958.062088528 6541287.813947869 -104.17576320000049
v -553958.1378493964 6541287.44355326 -104.17576320000049
v -553958.2136102739 6541287.073158628 -104.17576320000049
v -553958.292007999 6541286.703533905 -104.17576320000049
v -553958.372194805 6541286.334431564 -104.17576320000049
v -553958.4523816187 6541285.965329202 -104.17576320000049
v -553958.4688419112 6541285.577620531 -104.17576320000049
v -553958.4818037751 6541285.188890446 -104.17576320000049
v -553958.5079900925 6541284.80402154 -104.17576320000049
v -553958.583210509 6541284.433469134 -104.17576320000049
v -553958.5966469634 6541284.044877591 -104.17576320000049
v -553958.6043024198 6541283.6545981895 -104.17576320000049
v -553958.5830112724 6541283.25586725 -104.17576320000049
v -553958.6456162938 6541282.881631517 -104.17576320000049
v -553958.7582094836 6541282.521990846 -104.17576320000049
v -553958.8708026607 6541282.162350221 -104.17576320000049
v -553958.9506258452 6541281.793141689 -104.17576320000049
v -553959.0109970515 6541281.418253723 -104.17576320000049
v -553959.0713682483 6541281.043365779 -104.17576320000049
v -553959.0217097285 6541280.636352395 -104.17576320000049
v -553958.9713526351 6541280.229135023 -104.17576320000049
v -553958.8100719345 6541279.789531169 -104.17576320000049
v -553958.5733800501 6541279.327909478 -104.17576320000049
v -553958.2967994264 6541278.854641476 -104.17576320000049
v -553958.0037651353 6541278.376569434 -104.17576320000049
v -553958.0150209606 6541277.98734121 -104.17576320000049
v -553958.0056964885 6541277.592104166 -104.17576320000049
v -553957.9955452558 6541277.196625757 -104.17576320000049
v -553957.9853940367 6541276.801147326 -104.17576320000049
v -553957.975242833 6541276.405668874 -104.17576320000049
v -553957.9650916144 6541276.010190443 -104.17576320000049
v -553957.9680387999 6541275.61853639 -104.17576320000049
v -553957.9725418256 6541275.227336571 -104.17576320000049
v -553957.9867502174 6541274.83897041 -104.17576320000049
v -553957.8505546795 6541274.406690718 -104.17576320000049
v -553957.2060746687 6541273.826006824 -104.17576320000049
v -553956.8290136375 6541273.323401439 -104.17576320000049
v -553956.5363188651 6541272.845428512 -104.17576320000049
v -553956.4296488912 6541272.4217694495 -104.17576320000049
v -553956.3355970583 6541272.001794488 -104.17576320000049
v -553956.3401040226 6541271.6105957925 -104.17576320000049
v -553956.3868075055 6541271.231717275 -104.17576320000049
v -553956.4452005622 6541270.8562518 -104.17576320000049
v -553956.6424025719 6541270.521314457 -104.17576320000049
v -553956.8396045823 6541270.1863770895 -104.17576320000049
v -553957.0509287386 6541269.855563004 -104.17576320000049
v -553957.2748315473 6541269.528421544 -104.17576320000049
v -553957.4987767702 6541269.201292439 -104.17576320000049
v -553957.8091655708 6541268.89940231 -104.17576320000049
v -553958.1195543784 6541268.59751221 -104.17576320000049
v -553958.4334692428 6541268.296651654 -104.17576320000049
v -553958.7489234639 6541267.996240494 -104.17576320000049
v -553958.9929672956 6541267.674979571 -104.17576320000049
v -553959.0973812233 6541267.31295082 -104.17576320000049
v -553959.2530917516 6541266.965899204 -104.17576320000049
v -553959.499012082 6541266.64518619 -104.17576320000049
v -553959.8052875329 6541266.342095083 -104.17576320000049
v -553960.1525915301 6541266.05098314 -104.17576320000049
v -553960.4998955367 6541265.759871227 -104.17576320000049
v -553960.9457897408 6541265.497544746 -104.17576320000049
v -553961.2376451899 6541265.19024342 -104.17576320000049
v -553961.4637010732 6541264.863730568 -104.17576320000049
v -553961.6713383856 6541264.531840057 -104.17576320000049
v -553961.8711083699 6541264.197652489 -104.17576320000049
v -553962.0690068511 6541263.862918471 -104.17576320000049
v -553962.2959868099 6541263.536675448 -104.17576320000049
v -553962.5263420971 6541263.211417896 -104.17576320000049
v -553962.7675761847 6541262.88933661 -104.17576320000049
v -553963.0381373018 6541262.575817987 -104.17576320000049
v -553963.3086984224 6541262.262299391 -104.17576320000049
v -553963.57048669 6541261.946219351 -104.17576320000049
v -553963.8307652012 6541261.629698481 -104.17576320000049
v -553964.0917187004 6541261.313374715 -104.17576320000049
v -553964.353639541 6541260.997333408 -104.17576320000049
v -553964.6155603785 6541260.681292075 -104.17576320000049
v -553964.9866430585 6541260.397122788 -104.17576320000049
v -553965.3266438551 6541260.103878525 -104.17576320000049
v -553965.6847927859 6541259.815933022 -104.17576320000049
v -553966.0671029524 6541259.535041847 -104.17576320000049
v -553966.4964126212 6541259.267873143 -104.17576320000049
v -553966.9167538557 6541258.998085941 -104.17576320000049
v -553967.3259617754 6541258.725048162 -104.17576320000049
v -553967.74004636 6541258.453434201 -104.17576320000049
v -553968.1648400619 6541258.184946965 -104.17576320000049
v -553968.6216317221 6541257.925802224 -104.17576320000049
v -553969.0559017431 6541257.660081847 -104.17576320000049
v -553969.4392420676 6541257.379491459 -104.17576320000049
v -553969.7978492685 6541257.091679698 -104.17576320000049
v -553970.1017420592 6541256.787892974 -104.17576320000049
v -553970.388091611 6541256.478984112 -104.17576320000049
v -553970.6677909743 6541256.168133567 -104.17576320000049
v -553970.9758282306 6541255.865556883 -104.17576320000049
v -553971.2600933774 6541255.556039459 -104.17576320000049
v -553971.4916304032 6541255.23112694 -104.17576320000049
v -553971.876225776 6541254.950902968 -104.17576320000049
v -553972.1695455784 6541254.644029216 -104.17576320000049
v -553972.4214424706 6541254.325061208 -104.17576320000049
v -553972.6276816805 6541253.992762464 -104.17576320000049
v -553972.8339208905 6541253.660463699 -104.17576320000049
v -553973.0401601003 6541253.3281649565 -104.17576320000049
v -553973.2275210951 6541252.99035435 -104.17576320000049
v -553973.3360383911 6541252.62952366 -104.17576320000049
v -553973.4445556905 6541252.26869296 -104.17576320000049
v -553973.5069113655 6541251.894384416 -104.17576320000049
v -553973.5933959744 6541251.527120849 -104.17576320000049
v -553973.7013123101 6541251.166114697 -104.17576320000049
v -553973.6982902297 6541250.772717744 -104.17576320000049
v -553973.7607166822 6541250.398429875 -104.17576320000049
v -553973.8830085208 6541250.0416209735 -104.17576320000049
v -553974.000351573 6541249.683367148 -104.17576320000049
v -553974.1176946311 6541249.325113301 -104.17576320000049
v -553974.1888400279 6541248.953371133 -104.17576320000049
v -553974.2560967699 6541248.580493566 -104.17576320000049
v -553974.2451020156 6541248.184768825 -104.17576320000049
v -553974.2821711056 6541247.803077346 -104.17576320000049
v -553974.2263701501 6541247.394270549 -104.17576320000049
v -553974.3831311297 6541247.047525606 -104.17576320000049
v -553974.3624728431 6541246.648979396 -104.17576320000049
v -553974.32493352 6541246.245504438 -104.17576320000049
v -553974.1628389185 6541245.805662999 -104.17576320000049
v -553973.9990694203 6541245.365332515 -104.17576320000049
v -553973.6805893374 6541244.879831034 -104.17576320000049
v -553973.3058142537 6541244.377893079 -104.17576320000049
v -553972.8594119445 6541243.855042089 -104.17576320000049
v -553971.7085473143 6541243.126508642 -104.17576320000049
v -553960.9373606129 6541239.589121968 -104.17576320000049
v -553960.1583262009 6541238.96915209 -104.17576320000049
v -553956.4663509345 6541237.49868855 -104.17576320000049
v -553956.0711064591 6541236.990774129 -104.17576320000049
v -553955.8624980879 6541236.537351986 -104.17576320000049
v -553955.5356992645 6541236.049421686 -104.17576320000049
v -553955.2461132946 6541235.572356496 -104.17576320000049
v -553954.893462395 6541235.0768781565 -104.17576320000049
v -553954.5409780856 6541234.5814484265 -104.17576320000049
v -553954.4457987292 6541234.161144293 -104.17576320000049
v -553954.678099257 6541233.836454694 -104.17576320000049
v -553954.9086455468 6541233.511252878 -104.17576320000049
v -553954.9320146904 6541233.125561415 -104.17576320000049
v -553954.9095981189 6541232.726501891 -104.17576320000049
v -553954.894757282 6541232.329654228 -104.17576320000049
v -553954.904059683 6541231.939855656 -104.17576320000049
v -553954.9133620681 6541231.550057109 -104.17576320000049
v -553954.9809393242 6541231.177273156 -104.17576320000049
v -553955.0475407894 6541230.804204268 -104.17576320000049
v -553955.0893419993 6541230.423894399 -104.17576320000049
v -553955.253274795 6541230.079243419 -104.17576320000049
v -553955.253274795 6541230.079243419 -104.17576320000049
v -553955.253274795 6541230.079243419 -104.17576320000049
v -553955.253274795 6541230.079243419 -104.17576320000049
v -553955.253274795 6541230.079243419 -104.17576320000049
v -553955.253274795 6541230.079243419 -104.17576320000049
v -553955.253274795 6541230.079243419 -104.17576320000049
v -553955.253274795 6541230.079243419 -104.17576320000049
v -553955.253274795 6541230.079243419 -104.17576320000049
v -553955.253274795 6541230.079243419 -104.17576320000049
v -553955.253274795 6541230.079243419 -104.17576320000049
v -553955.253274795 6541230.079243419 -104.17576320000049
v -553972.6584732508 6541381.961502874 -104.28183360000048
v -553972.6584732508 6541381.961502874 -104.28183360000048
v -553972.6584732508 6541381.961502874 -104.28183360000048
v -553972.6584732508 6541381.961502874 -104.28183360000048
v -553972.6584732508 6541381.961502874 -104.28183360000048
v -553972.6584732508 6541381.961502874 -104.28183360000048
v -553972.6584732508 6541381.961502874 -104.28183360000048
v -553972.6584732508 6541381.961502874 -104.28183360000048
v -553972.6584732508 6541381.961502874 -104.28183360000048
v -553972.6584732508 6541381.961502874 -104.28183360000048
v -553972.6584732508 6541381.961502874 -104.28183360000048
v -553972.6584732508 6541381.961502874 -104.28183360000048
v -553972.6584732508 6541381.961502874 -104.28183360000048
v -553972.6584732508 6541381.961502874 -104.28183360000048
v -553972.6584732508 6541381.961502874 -104.28183360000048
v -553972.7179647997 6541381.586358089 -104.28183360000048
v -553972.777456345 6541381.211213312 -104.28183360000048
v -553972.833775461 6541380.835142289 -104.28183360000048
v -553972.9066800418 6541380.463913728 -104.28183360000048
v -553972.9029041128 6541380.070296685 -104.28183360000048
v -553972.905876081 6541379.678649842 -104.28183360000048
v -553972.9202145014 6541379.290321682 -104.28183360000048
v -553972.9345529268 6541378.901993511 -104.28183360000048
v -553972.8477777783 6541378.48414312 -104.28183360000048
v -553972.7413936664 6541378.060567505 -104.28183360000048
v -553972.5465743192 6541377.611171371 -104.28183360000048
v -553972.4298739346 6541377.184583684 -104.28183360000048
v -553972.3359863167 6541376.764656674 -104.28183360000048
v -553972.1542426739 6541376.319078271 -104.28183360000048
v -553971.7683521737 6541375.813894939 -104.28183360000048
v -553971.3449134214 6541375.297748602 -104.28183360000048
v -553971.1434061395 6541374.846399788 -104.28183360000048
v -553970.9980930204 6541374.41145804 -104.28183360000048
v -553970.8026197127 6541373.961870968 -104.28183360000048
v -553970.7342279176 6541373.549387978 -104.28183360000048
v -553970.7087386581 6541373.149431287 -104.28183360000048
v -553970.682729241 6541372.749322738 -104.28183360000048
v -553970.4287103912 6541372.282642078 -104.28183360000048
v -553970.0555194766 6541371.781166642 -104.28183360000048
v -553969.6512056981 6541371.270604251 -104.28183360000048
v -553969.5264059427 6541370.841651807 -104.28183360000048
v -553969.3565947841 6541370.399557334 -104.28183360000048
v -553969.1046236166 6541369.933474526 -104.28183360000048
v -553968.9641203152 6541369.499937092 -104.28183360000048
v -553968.8053763572 6541369.061073933 -104.28183360000048
v -553968.5024763426 6541368.580121399 -104.28183360000048
v -553968.3705031653 6541368.1490745 -104.28183360000048
v -553968.2668561629 6541367.726298044 -104.28183360000048
v -553968.1682578187 6541367.304995634 -104.28183360000048
v -553967.9843296963 6541366.858779407 -104.28183360000048
v -553967.623994656 6541366.361057524 -104.28183360000048
v -553966.8871973414 6541365.753419659 -104.28183360000048
v -553966.2316469005 6541365.169503496 -104.28183360000048
v -553965.9911972699 6541364.706784639 -104.28183360000048
v -553965.7916745181 6541364.256015255 -104.28183360000048
v -553965.4674485212 6541363.768836166 -104.28183360000048
v -553965.4451576774 6541363.369813318 -104.28183360000048
v -553965.4229949034 6541362.9708278505 -104.28183360000048
v -553965.3909264744 6541362.568950234 -104.28183360000048
v -553965.1932919871 6541362.118732178 -104.28183360000048
v -553964.9483540563 6541361.65470288 -104.28183360000048
v -553964.7717812352 6541361.210634185 -104.28183360000048
v -553964.6203830095 6541360.773915752 -104.28183360000048
v -553964.5244105369 6541360.353380036 -104.28183360000048
v -553964.4400230484 6541359.936226781 -104.28183360000048
v -553964.376558227 6541359.52518232 -104.28183360000048
v -553964.3339435228 6541359.120225499 -104.28183360000048
v -553964.3836587104 6541358.742226328 -104.28183360000048
v -553964.243558464 6541358.308806574 -104.28183360000048
v -553964.145691251 6541357.887717618 -104.28183360000048
v -553963.9723789882 6541357.444600942 -104.28183360000048
v -553963.7759552818 6541356.994736382 -104.28183360000048
v -553963.7154545282 6541356.584557341 -104.28183360000048
v -553963.6774694126 6541356.180952225 -104.28183360000048
v -553963.5594622894 6541355.753983036 -104.28183360000048
v -553963.517735583 6541355.349285483 -104.28183360000048
v -553963.4487413979 6541354.9366266085 -104.28183360000048
v -553963.0501529535 6541354.427735847 -104.28183360000048
v -553962.7856845246 6541353.9580042325 -104.28183360000048
v -553962.6422576047 6541353.523613194 -104.28183360000048
v -553962.2897274763 6541353.028170094 -104.28183360000048
v -553960.8506889158 6541352.215498272 -104.28183360000048
v -553960.6382783407 6541351.760966031 -104.28183360000048
v -553960.4670652264 6541351.318462228 -104.28183360000048
v -553960.4035741714 6541350.907410106 -104.28183360000048
v -553960.18092535 6541350.449888579 -104.28183360000048
v -553959.0311431686 6541349.721671194 -104.28183360000048
v -553958.9727338328 6541349.312102801 -104.28183360000048
v -553958.9473227733 6541348.912168925 -104.28183360000048
v -553958.9198383441 6541348.511629703 -104.28183360000048
v -553958.3752814333 6541347.960120429 -104.28183360000048
v -553958.1060477454 6541347.48899748 -104.28183360000048
v -553957.8562457224 6541347.023547992 -104.28183360000048
v -553957.4114669989 6541346.501171038 -104.28183360000048
v -553956.2814537471 6541345.778725584 -104.28183360000048
v -553956.1767136769 6541345.355629951 -104.28183360000048
v -553956.0686621031 6541344.931567475 -104.28183360000048
v -553955.9380983404 6541344.500932116 -104.28183360000048
v -553955.8074927899 6541344.070284537 -104.28183360000048
v -553955.3659888769 6541343.548863692 -104.28183360000048
v -553954.9222998967 6541343.026804891 -104.28183360000048
v -553954.6101256331 6541342.543144569 -104.28183360000048
v -553954.3249486301 6541342.067366637 -104.28183360000048
v -553954.0559891264 6541341.596323722 -104.28183360000048
v -553953.8417476291 6541341.141256888 -104.28183360000048
v -553953.5878855843 6541340.674622033 -104.28183360000048
v -553953.4292901775 6541340.235802241 -104.28183360000048
v -553953.3607190934 6541339.823266885 -104.28183360000048
v -553953.4563169928 6541339.45866411 -104.28183360000048
v -553953.5134955366 6541339.082844026 -104.28183360000048
v -553953.5598699967 6541338.703869442 -104.28183360000048
v -553953.5618919694 6541338.311945207 -104.28183360000048
v -553953.5592232362 6541337.918651445 -104.28183360000048
v -553953.2236444843 6541337.428157696 -104.28183360000048
v -553953.2120157647 6541337.032247878 -104.28183360000048
v -553953.2809137949 6541336.659849498 -104.28183360000048
v -553953.3825649357 6541336.297014094 -104.28183360000048
v -553953.4968803516 6541335.937876308 -104.28183360000048
v -553953.6645061019 6541335.594303562 -104.28183360000048
v -553953.7691055853 6541335.232328965 -104.28183360000048
v -553953.838561566 6541334.860093535 -104.28183360000048
v -553953.8332613525 6541334.466031455 -104.28183360000048
v -553953.8032687336 6541334.064759894 -104.28183360000048
v -553953.7220253972 6541333.648524641 -104.28183360000048
v -553953.5712560602 6541333.211989846 -104.28183360000048
v -553953.5370472291 6541332.809487294 -104.28183360000048
v -553953.4789281825 6541332.400003637 -104.28183360000048
v -553953.6032859697 6541332.043797909 -104.28183360000048
v -553953.569298853 6541331.641360114 -104.28183360000048
v -553953.6429988336 6541331.270363786 -104.28183360000048
v -553953.7419926054 6541330.906752485 -104.28183360000048
v -553953.8296762413 6541330.539838975 -104.28183360000048
v -553953.9152871767 6541330.17232032 -104.28183360000048
v -553954.0840943806 6541329.829092534 -104.28183360000048
v -553954.2313345177 6541329.479567753 -104.28183360000048
v -553954.4236224184 6541329.143195637 -104.28183360000048
v -553954.6798920486 6541328.825504338 -104.28183360000048
v -553954.9278952922 6541328.505399474 -104.28183360000048
v -553955.1671153612 6541328.182730158 -104.28183360000048
v -553955.3955328799 6541327.856906834 -104.28183360000048
v -553955.570591801 6541327.51550438 -104.28183360000048
v -553955.678143699 6541327.154391822 -104.28183360000048
v -553955.7441380891 6541326.781145665 -104.28183360000048
v -553955.8192092957 6541326.410549717 -104.28183360000048
v -553955.8976041442 6541326.040924152 -104.28183360000048
v -553956.0193191292 6541325.683946782 -104.28183360000048
v -553956.2223761013 6541325.350718919 -104.28183360000048
v -553956.4479248282 6541325.024058014 -104.28183360000048
v -553956.6506146706 6541324.690722959 -104.28183360000048
v -553956.8690780958 6541324.361993309 -104.28183360000048
v -553957.0358085625 6541324.018159168 -104.28183360000048
v -553957.0413430812 6541323.627260536 -104.28183360000048
v -553957.0382213118 6541323.233834499 -104.28183360000048
v -553957.0781108218 6541322.852966479 -104.28183360000048
v -553957.2966261896 6541322.524252016 -104.28183360000048
v -553957.5412537634 6541322.203161577 -104.28183360000048
v -553957.7846534204 6541321.8817126 -104.28183360000048
v -553957.9721386485 6541321.5439382205 -104.28183360000048
v -553958.1815921857 6541321.212577969 -104.28183360000048
v -553958.3818113782 6541320.878521578 -104.28183360000048
v -553958.5709939789 6541320.541242812 -104.28183360000048
v -553958.8011292225 6541320.215920984 -104.28183360000048
v -553959.0613329442 6541319.899378303 -104.28183360000048
v -553959.3803542538 6541319.600008664 -104.28183360000048
v -553959.6267119636 6541319.279423351 -104.28183360000048
v -553959.6738878617 6541318.900682745 -104.28183360000048
v -553959.5835272401 6541318.48178553 -104.28183360000048
v -553959.3864371007 6541318.031726392 -104.28183360000048
v -553959.404140693 6541317.644380732 -104.28183360000048
v -553959.4102769757 6541317.253657777 -104.28183360000048
v -553959.3749098177 6541316.850817049 -104.28183360000048
v -553959.6704411672 6541316.5445890045 -104.28183360000048
v -553959.9380593733 6541316.230211115 -104.28183360000048
v -553960.1828530895 6541315.909169164 -104.28183360000048
v -553960.4149709148 6541315.584426243 -104.28183360000048
v -553960.6512245644 6541315.26089084 -104.28183360000048
v -553960.930505161 6541314.94991803 -104.28183360000048
v -553961.3672032851 6541314.684906563 -104.28183360000048
v -553961.7875240332 6541314.415113401 -104.28183360000048
v -553962.2470483208 6541314.156766506 -104.28183360000048
v -553962.5413267436 6541313.850172623 -104.28183360000048
v -553962.5701494459 6541313.46607344 -104.28183360000048
v -553962.8341245316 6541313.150631908 -104.28183360000048
v -553963.060547731 6541312.824226301 -104.28183360000048
v -553961.4650629374 6541311.965876726 -104.28183360000048
v -553961.55013852 6541311.598201741 -104.28183360000048
v -553961.6264000529 6541311.227953333 -104.28183360000048
v -553961.6905556777 6541310.85417034 -104.28183360000048
v -553961.7229879652 6541310.471125021 -104.28183360000048
v -553961.6994005919 6541310.071723647 -104.28183360000048
v -553961.6506367858 6541309.664971467 -104.28183360000048
v -553961.5677064325 6541309.248243633 -104.28183360000048
v -553961.4499171141 6541308.821338019 -104.28183360000048
v -553961.3070779718 6541308.38711861 -104.28183360000048
v -553961.3187282607 6541307.998005583 -104.28183360000048
v -553961.193630948 6541307.568966227 -104.28183360000048
v -553961.1836283472 6541307.173531189 -104.28183360000048
v -553961.2475355633 6541306.799675681 -104.28183360000048
v -553961.3300801489 6541306.431261718 -104.28183360000048
v -553961.4891828443 6541306.085200468 -104.28183360000048
v -553961.7337349864 6541305.764087983 -104.28183360000048
v -553962.0207378819 6541305.455369902 -104.28183360000048
v -553962.3835833292 6541305.168795608 -104.28183360000048
v -553962.7657676851 6541304.887867691 -104.28183360000048
v -553963.0689959137 6541304.58388691 -104.28183360000048
v -553963.1590083631 6541304.217653369 -104.28183360000048
v -553963.4476512035 6541303.90941408 -104.28183360000048
v -553963.784028363 6541303.615111799 -104.28183360000048
v -553964.1258925317 6541303.322411586 -104.28183360000048
v -553964.5027765384 6541303.039936163 -104.28183360000048
v -553964.877137835 6541302.756724161 -104.28183360000048
v -553965.2590153572 6541302.475706658 -104.28183360000048
v -553965.649667552 6541302.197251153 -104.28183360000048
v -553966.0546329936 6541301.92297466 -104.28183360000048
v -553966.4204016286 6541301.637253832 -104.28183360000048
v -553966.7133948249 6541301.330284721 -104.28183360000048
v -553967.0331618632 6541301.031132811 -104.28183360000048
v -553967.4647972358 6541300.764643167 -104.28183360000048
v -553967.9341937153 6541300.509178646 -104.28183360000048
v -553968.2666692222 6541300.213737217 -104.28183360000048
v -553968.5093886873 6541299.892089664 -104.28183360000048
v -553968.7336927617 6541299.565065335 -104.28183360000048
v -553968.9789872738 6541299.24416958 -104.28183360000048
v -553969.2573702914 6541298.932934724 -104.28183360000048
v -553969.5728689288 6541298.632536565 -104.28183360000048
v -553969.910285741 6541298.338537852 -104.28183360000048
v -553970.2238725517 6541298.037581456 -104.28183360000048
v -553970.5072563434 6541297.72780668 -104.28183360000048
v -553970.8003621809 6541297.420870476 -104.28183360000048
v -553971.0614660344 6541297.104590607 -104.28183360000048
v -553971.2588481528 6541296.769705834 -104.28183360000048
v -553971.4573917912 6541296.435160209 -104.28183360000048
v -553971.6645262918 6541296.103122884 -104.28183360000048
v -553971.8613141468 6541295.768064622 -104.28183360000048
v -553972.0519028786 6541295.431196378 -104.28183360000048
v -553972.2357251938 6541295.092352576 -104.28183360000048
v -553972.4131529874 6541294.75164174 -104.28183360000048
v -553972.5879914184 6541294.410174868 -104.28183360000048
v -553972.7794810367 6541294.073569676 -104.28183360000048
v -553972.9760162951 6541293.73843769 -104.28183360000048
v -553973.1769283435 6541293.404583563 -104.28183360000048
v -553973.388106899 6541293.0737269465 -104.28183360000048
v -553973.5975421515 6541292.742361356 -104.28183360000048
v -553973.7954352486 6541292.407625811 -104.28183360000048
v -553973.9826433918 6541292.069770552 -104.28183360000048
v -553974.1654187752 6541291.730621039 -104.28183360000048
v -553974.3551512145 6541291.393502802 -104.28183360000048
v -553974.5467249407 6541291.056922184 -104.28183360000048
v -553974.7067736919 6541290.711137176 -104.28183360000048
v -553974.8366486294 6541290.356542277 -104.28183360000048
v -553974.9601765353 6541290.000094248 -104.28183360000048
v -553975.0524976766 6541289.634534774 -104.28183360000048
v -553975.1709858275 6541289.276615283 -104.28183360000048
v -553975.3287506968 6541288.93016343 -104.28183360000048
v -553975.4726681769 6541288.579668562 -104.28183360000048
v -553975.4469304801 6541288.179639354 -104.28183360000048
v -553975.3353822335 6541287.754555951 -104.28183360000048
v -553975.1939808008 6541287.320756271 -104.28183360000048
v -553975.0530743535 6541286.887101149 -104.28183360000048
v -553974.8763015224 6541286.442974071 -104.28183360000048
v -553974.7768778576 6541286.021430674 -104.28183360000048
v -553974.6398307515 6541285.588902349 -104.28183360000048
v -553974.5033570894 6541285.156541471 -104.28183360000048
v -553974.3669472818 6541284.724199219 -104.28183360000048
v -553974.2305793985 6541284.291869187 -104.28183360000048
v -553974.0940348221 6541283.859487586 -104.28183360000048
v -553973.9253889882 6541283.417733382 -104.28183360000048
v -553973.7346539757 6541282.969529747 -104.28183360000048
v -553973.5603243661 6541282.526116 -104.28183360000048
v -553973.3940552906 6541282.085055713 -104.28183360000048
v -553973.2292872018 6541281.644433689 -104.28183360000048
v -553973.053136022 6541281.200488116 -104.28183360000048
v -553972.8753286252 6541280.756058956 -104.28183360000048
v -553972.6684465833 6541280.303140868 -104.28183360000048
v -553972.4821285595 6541279.856226893 -104.28183360000048
v -553972.31131574 6541279.413839965 -104.28183360000048
v -553972.1503857898 6541278.974338526 -104.28183360000048
v -553972.0034276419 6541278.538916466 -104.28183360000048
v -553971.8659930588 6541278.1062750295 -104.28183360000048
v -553971.7348982241 6541277.675484593 -104.28183360000048
v -553971.6066969768 6541277.24553898 -104.28183360000048
v -553971.4836033332 6541276.817084679 -104.28183360000048
v -553971.094758867 6541276.311038875 -104.28183360000048
v -553970.9132627221 6541275.8655327065 -104.28183360000048
v -553970.289898125 6541275.291013871 -104.28183360000048
v -553969.6521130297 6541274.7122846935 -104.28183360000048
v -553969.5497714997 6541274.289889382 -104.28183360000048
v -553969.447429988 6541273.867494055 -104.28183360000048
v -553969.2430158107 6541273.415296512 -104.28183360000048
v -553968.8826047487 6541272.917552454 -104.28183360000048
v -553966.9806605133 6541271.969725689 -104.28183360000048
v -553966.8281564978 6541271.532684375 -104.28183360000048
v -553966.7708281685 6541271.123431605 -104.28183360000048
v -553966.7818431931 6541270.734133134 -104.28183360000048
v -553966.7944735233 6541270.345306239 -104.28183360000048
v -553966.8457308746 6541269.967757295 -104.28183360000048
v -553966.898313751 6541269.59059539 -104.28183360000048
v -553967.0100608784 6541269.230707741 -104.28183360000048
v -553967.1996306257 6541268.893542001 -104.28183360000048
v -553967.4026548652 6541268.560304558 -104.28183360000048
v -553967.5608774618 6541268.213986367 -104.28183360000048
v -553967.7036006978 6541267.863142838 -104.28183360000048
v -553967.8469492615 6541267.512481862 -104.28183360000048
v -553968.020086912 6541267.170518407 -104.28183360000048
v -553968.2081054118 6541266.832899749 -104.28183360000048
v -553968.4080730894 6541266.498769926 -104.28183360000048
v -553968.6175710566 6541266.167422645 -104.28183360000048
v -553968.807225817 6541265.830281705 -104.28183360000048
v -553968.9595562423 6541265.482243194 -104.28183360000048
v -553969.0054471054 6541265.103127414 -104.28183360000048
v -553969.162403198 6541264.756439418 -104.28183360000048
v -553969.4527725123 6541264.44870421 -104.28183360000048
v -553969.7631617333 6541264.146814253 -104.28183360000048
v -553970.1367925229 6541263.863388965 -104.28183360000048
v -553970.5428536814 6541263.589432376 -104.28183360000048
v -553970.8433556554 6541263.284655609 -104.28183360000048
v -553971.1780356043 6541262.989857836 -104.28183360000048
v -553971.4304075129 6541262.671028494 -104.28183360000048
v -553971.6767879459 6541262.350449794 -104.28183360000048
v -553972.0466035132 6541262.065910573 -104.28183360000048
v -553972.4012942024 6541261.7769553615 -104.28183360000048
v -553972.7398687246 6541261.4832946565 -104.28183360000048
v -553973.1513509117 6541261.21092085 -104.28183360000048
v -553973.6293889057 6541260.957979418 -104.28183360000048
v -553974.0978122102 6541260.7022308 -104.28183360000048
v -553974.6038450918 6541260.457463057 -104.28183360000048
v -553975.0607284028 6541260.198345053 -104.28183360000048
v -553975.4969728764 6541259.933201133 -104.28183360000048
v -553975.976959912 6541259.680828786 -104.28183360000048
v -553976.4563798001 6541259.428290826 -104.28183360000048
v -553976.8693034059 6541259.156337873 -104.28183360000048
v -553976.8693034059 6541259.156337873 -104.28183360000048
v -553976.8693034059 6541259.156337873 -104.28183360000048
v -553976.8693034059 6541259.156337873 -104.28183360000048
v -553976.8693034059 6541259.156337873 -104.28183360000048
v -553976.8693034059 6541259.156337873 -104.28183360000048
v -553976.8693034059 6541259.156337873 -104.28183360000048
v -553976.8693034059 6541259.156337873 -104.28183360000048
v -553976.8693034059 6541259.156337873 -104.28183360000048
v -553976.8693034059 6541259.156337873 -104.28183360000048
v -553976.8693034059 6541259.156337873 -104.28183360000048
v -553976.8693034059 6541259.156337873 -104.28183360000048
v -553976.8693034059 6541259.156337873 -104.28183360000048
v -553976.8693034059 6541259.156337873 -104.28183360000048
v -553976.8693034059 6541259.156337873 -104.28183360000048
v -553976.8693034059 6541259.156337873 -104.28183360000048
v -553976.8693034059 6541259.156337873 -104.28183360000048
v -553976.8693034059 6541259.156337873 -104.28183360000048
v -553976.8693034059 6541259.156337873 -104.28183360000048
v -553976.8693034059 6541259.156337873 -104.28183360000048
v -553976.8693034059 6541259.156337873 -104.28183360000048
v -553976.8693034059 6541259.156337873 -104.28183360000048
v -553976.8693034059 6541259.156337873 -104.28183360000048
v -553976.8693034059 6541259.156337873 -104.28183360000048
v -553976.8693034059 6541259.156337873 -104.28183360000048
v -553976.8693034059 6541259.156337873 -104.28183360000048
v -553976.8693034059 6541259.156337873 -104.28183360000048
v -553976.8693034059 6541259.156337873 -104.28183360000048
v -553976.8693034059 6541259.156337873 -104.28183360000048
v -553976.8693034059 6541259.156337873 -104.28183360000048
v -553976.8693034059 6541259.156337873 -104.28183360000048
v -553976.8693034059 6541259.156337873 -104.28183360000048
v -553976.8693034059 6541259.156337873 -104.28183360000048
v -553976.8693034059 6541259.156337873 -104.28183360000048
v -553976.8693034059 6541259.156337873 -104.28183360000048
v -553976.8693034059 6541259.156337873 -104.28183360000048
v -553976.8693034059 6541259.156337873 -104.28183360000048
v -553976.8693034059 6541259.156337873 -104.28183360000048
v -553976.8693034059 6541259.156337873 -104.28183360000048
v -553976.8693034059 6541259.156337873 -104.28183360000048
v -553976.8693034059 6541259.156337873 -104.28183360000048
v -553976.8693034059 6541259.156337873 -104.28183360000048
v -553976.8693034059 6541259.156337873 -104.28183360000048
v -553976.8693034059 6541259.156337873 -104.28183360000048
v -553976.8693034059 6541259.156337873 -104.28183360000048
v -553976.8693034059 6541259.156337873 -104.28183360000048
v -553976.8693034059 6541259.156337873 -104.28183360000048
v -553976.8693034059 6541259.156337873 -104.28183360000048
v -553976.8693034059 6541259.156337873 -104.28183360000048
v -553976.8693034059 6541259.156337873 -104.28183360000048
v -553976.8693034059 6541259.156337873 -104.28183360000048
v -553976.8693034059 6541259.156337873 -104.28183360000048
v -553976.8693034059 6541259.156337873 -104.28183360000048
v -553976.8693034059 6541259.156337873 -104.28183360000048
v -553976.8693034059 6541259.156337873 -104.28183360000048
v -553976.8693034059 6541259.156337873 -104.28183360000048
v -553976.8693034059 6541259.156337873 -104.28183360000048
v -553976.8693034059 6541259.156337873 -104.28183360000048
v -553976.8693034059 6541259.156337873 -104.28183360000048
v -553976.8693034059 6541259.156337873 -104.28183360000048
v -553976.8693034059 6541259.156337873 -104.28183360000048
v -553976.8693034059 6541259.156337873 -104.28183360000048
v -553976.8693034059 6541259.156337873 -104.28183360000048
v -553976.8693034059 6541259.156337873 -104.28183360000048
v -553976.8693034059 6541259.156337873 -104.28183360000048
v -553976.8693034059 6541259.156337873 -104.28183360000048
v -553976.8693034059 6541259.156337873 -104.28183360000048
v -553976.8693034059 6541259.156337873 -104.28183360000048
v -553976.8693034059 6541259.156337873 -104.28183360000048
v -553976.8693034059 6541259.156337873 -104.28183360000048
f 1 401 402
f 1 402 2
f 2 402 403
f 2 403 3
f 3 403 404
f 3 404 4
f 4 404 405
f 4 405 5
f 5 405 406
f 5 406 6
f 6 406 407
f 6 407 7
f 7 407 408
f 7 408 8
f 8 408 409
f 8 409 9
f 9 409 410
f 9 410 10
f 10 410 411
f 10 411 11
f 11 411 412
f 11 412 12
f 12 412 413
f 12 413 13
f 13 413 414
f 13 414 14
f 14 414 415
f 14 415 15
f 15 415 416
f 15 416 16
f 16 416 417
f 16 417 17
f 17 417 418
f 17 418 18
f 18 418 419
f 18 419 19
f 19 419 420
f 19 420 20
f 20 420 421
f 20 421 21
f 21 421 422
f 21 422 22
f 22 422 423
f 22 423 23
f 23 423 424
f 23 424 24
f 24 424 425
f 24 425 25
f 25 425 426
f 25 426 26
f 26 426 427
f 26 427 27
f 27 427 428
f 27 428 28
f 28 428 429
f 28 429 29
f 29 429 430
f 29 430 30
f 30 430 431
f 30 431 31
f 31 431 432
f 31 432 32
f 32 432 433
f 32 433 33
f 33 433 434
f 33 434 34
f 34 434 435
f 34 435 35
f 35 435 436
f 35 436 36
f 36 436 437
f 36 437 37
f 37 437 438
f 37 438 38
f 38 438 439
f 38 439 39
f 39 439 440
f 39 440 40
f 40 440 441
f 40 441 41
f 41 441 442
f 41 442 42
f 42 442 443
f 42 443 43
f 43 443 444
f 43 444 44
f 44 444 445
f 44 445 45
f 45 445 446
f 45 446 46
f 46 446 447
f 46 447 47
f 47 447 448
f 47 448 48
f 48 448 449
f 48 449 49
f 49 449 450
f 49 450 50
f 50 450 451
f 50 451 51
f 51 451 452
f 51 452 52
f 52 452 453
f 52 453 53
f 53 453 454
f 53 454 54
f 54 454 455
f 54 455 55
f 55 455 456
f 55 456 56
f 56 456 457
f 56 457 57
f 57 457 458
f 57 458 58
f 58 458 459
f 58 459 59
f 59 459 460
f 59 460 60
f 60 460 461
f 60 461 61
f 61 461 462
f 61 462 62
f 62 462 463
f 62 463 63
f 63 463 464
f 63 464 64
f 64 464 465
f 64 465 65
f 65 465 466
f 65 466 66
f 66 466 467
f 66 467 67
f 67 467 468
f 67 468 68
f 68 468 469
f 68 469 69
f 69 469 470
f 69 470 70
f 70 470 471
f 70 471 71
f 71 471 472
f 71 472 72
f 72 472 473
f 72 473 73
f 73 473 474
f 73 474 74
f 74 474 475
f 74 475 75
f 75 475 476
f 75 476 76
f 76 476 477
f 76 477 77
f 77 477 478
f 77 478 78
f 78 478 479
f 78 479 79
f 79 479 480
f 79 480 80
f 80 480 481
f 80 481 81
f 81 481 482
f 81 482 82
f 82 482 483
f 82 483 83
f 83 483 484
f 83 484 84
f 84 484 485
f 84 485 85
f 85 485 486
f 85 486 86
f 86 486 487
f 86 487 87
f 87 487 488
f 87 488 88
f 88 488 489
f 88 489 89
f 89 489 490
f 89 490 90
f 90 490 491
f 90 491 91
f 91 491 492
f 91 492 92
f 92 492 493
f 92 493 93
f 93 493 494
f 93 494 94
f 94 494 495
f 94 495 95
f 95 495 496
f 95 496 96
f 96 496 497
f 96 497 97
f 97 497 498
f 97 498 98
f 98 498 499
f 98 499 99
f 99 499 500
f 99 500 100
f 100 500 501
f 100 501 101
f 101 501 502
f 101 502 102
f 102 502 503
f 102 503 103
f 103 503 504
f 103 504 104
f 104 504 505
f 104 505 105
f 105 505 506
f 105 506 106
f 106 506 507
f 106 507 107
f 107 507 508
f 107 508 108
f 108 508 509
f 108 509 109
f 109 509 510
f 109 510 110
f 110 510 511
f 110 511 111
f 111 511 512
f 111 512 112
f 112 512 513
f 112 513 113
f 113 513 514
f 113 514 114
f 114 514 515
f 114 515 115
f 115 515 516
f 115 516 116
f 116 516 517
f 116 517 117
f 117 517 518
f 117 518 118
f 118 518 519
f 118 519 119
f 119 519 520
f 119 520 120
f 120 520 521
f 120 521 121
f 121 521 522
f 121 522 122
f 122 522 523
f 122 523 123
f 123 523 524
f 123 524 124
f 124 524 525
f 124 525 125
f 125 525 526
f 125 526 126
f 126 526 527
f 126 527 127
f 127 527 528
f 127 528 128
f 128 528 529
f 128 529 129
f 129 529 530
f 129 530 130
f 130 530 531
f 130 531 131
f 131 531 532
f 131 532 132
f 132 532 533
f 132 533 133
f 133 533 534
f 133 534 134
f 134 534 535
f 134 535 135
f 135 535 536
f 135 536 136
f 136 536 537
f 136 537 137
f 137 537 538
f 137 538 138
f 138 538 539
f 138 539 139
f 139 539 540
f 139 540 140
f 140 540 541
f 140 541 141
f 141 541 542
f 141 542 142
f 142 542 543
f 142 543 143
f 143 543 544
f 143 544 144
f 144 544 545
f 144 545 145
f 145 545 546
f 145 546 146
f 146 546 547
f 146 547 147
f 147 547 548
f 147 548 148
f 148 548 549
f 148 549 149
f 149 549 550
f 149 550 150
f 150 550 551
f 150 551 151
f 151 551 552
f 151 552 152
f 152 552 553
f 152 553 153
f 153 553 554
f 153 554 154
f 154 554 555
f 154 555 155
f 155 555 556
f 155 556 156
f 156 556 557
f 156 557 157
f 157 557 558
f 157 558 158
f 158 558 559
f 158 559 159
f 159 559 560
f 159 560 160
f 160 560 561
f 160 561 161
f 161 561 562
f 161 562 162
f 162 562 563
f 162 563 163
f 163 563 564
f 163 564 164
f 164 564 565
f 164 565 165
f 165 565 566
f 165 566 166
f 166 566 567
f 166 567 167
f 167 567 568
f 167 568 168
f 168 568 569
f 168 569 169
f 169 569 570
f 169 570 170
f 170 570 571
f 170 571 171
f 171 571 572
f 171 572 172
f 172 572 573
f 172 573 173
f 173 573 574
f 173 574 174
f 174 574 575
f 174 575 175
f 175 575 576
f 175 576 176
f 176 576 577
f 176 577 177
f 177 577 578
f 177 578 178
f 178 578 579
f 178 579 179
f 179 579 580
f 179 580 180
f 180 580 581
f 180 581 181
f 181 581 582
f 181 582 182
f 182 582 583
f 182 583 183
f 183 583 584
f 183 584 184
f 184 584 585
f 184 585 185
f 185 585 586
f 185 586 186
f 186 586 587
f 186 587 187
f 187 587 588
f 187 588 188
f 188 588 589
f 188 589 189
f 189 589 590
f 189 590 190
f 190 590 591
f 190 591 191
f 191 591 592
f 191 592 192
f 192 592 593
f 192 593 193
f 193 593 594
f 193 594 194
f 194 594 595
f 194 595 195
f 195 595 596
f 195 596 196
f 196 596 597
f 196 597 197
f 197 597 598
f 197 598 198
f 198 598 599
f 198 599 199
f 199 599 600
f 199 600 200
f 200 600 601
f 200 601 201
f 201 601 602
f 201 602 202
f 202 602 603
f 202 603 203
f 203 603 604
f 203 604 204
f 204 604 605
f 204 605 205
f 205 605 606
f 205 606 206
f 206 606 607
f 206 607 207
f 207 607 608
f 207 608 208
f 208 608 609
f 208 609 209
f 209 609 610
f 209 610 210
f 210 610 611
f 210 611 211
f 211 611 612
f 211 612 212
f 212 612 613
f 212 613 213
f 213 613 614
f 213 614 214
f 214 614 615
f 214 615 215
f 215 615 616
f 215 616 216
f 216 616 617
f 216 617 217
f 217 617 618
f 217 618 218
f 218 618 619
f 218 619 219
f 219 619 620
f 219 620 220
f 220 620 621
f 220 621 221
f 221 621 622
f 221 622 222
f 222 622 623
f 222 623 223
f 223 623 624
f 223 624 224
f 224 624 625
f 224 625 225
f 225 625 626
f 225 626 226
f 226 626 627
f 226 627 227
f 227 627 628
f 227 628 228
f 228 628 629
f 228 629 229
f 229 629 630
f 229 630 230
f 230 630 631
f 230 631 231
f 231 631 632
f 231 632 232
f 232 632 633
f 232 633 233
f 233 633 634
f 233 634 234
f 234 634 635
f 234 635 235
f 235 635 636
f 235 636 236
f 236 636 637
f 236 637 237
f 237 637 638
f 237 638 238
f 238 638 639
f 238 639 239
f 239 639 640
f 239 640 240
f 240 640 641
f 240 641 241
f 241 641 642
f 241 642 242
f 242 642 643
f 242 643 243
f 243 643 644
f 243 644 244
f 244 644 645
f 244 645 245
f 245 645 646
f 245 646 246
f 246 646 647
f 246 647 247
f 247 647 648
f 247 648 248
f 248 648 649
f 248 649 249
f 249 649 650
f 249 650 250
f 250 650 651
f 250 651 251
f 251 651 652
f 251 652 252
f 252 652 653
f 252 653 253
f 253 653 654
f 253 654 254
f 254 654 655
f 254 655 255
f 255 655 656
f 255 656 256
f 256 656 657
f 256 657 257
f 257 657 658
f 257 658 258
f 258 658 659
f 258 659 259
f 259 659 660
f 259 660 260
f 260 660 661
f 260 661 261
f 261 661 662
f 261 662 262
f 262 662 663
f 262 663 263
f 263 663 664
f 263 664 264
f 264 664 665
f 264 665 265
f 265 665 666
f 265 666 266
f 266 666 667
f 266 667 267
f 267 667 668
f 267 668 268
f 268 668 669
f 268 669 269
f 269 669 670
f 269 670 270
f 270 670 671
f 270 671 271
f 271 671 672
f 271 672 272
f 272 672 673
f 272 673 273
f 273 673 674
f 273 674 274
f 274 674 675
f 274 675 275
f 275 675 676
f 275 676 276
f 276 676 677
f 276 677 277
f 277 677 678
f 277 678 278
f 278 678 679
f 278 679 279
f 279 679 680
f 279 680 280
f 280 680 681
f 280 681 281
f 281 681 682
f 281 682 282
f 282 682 683
f 282 683 283
f 283 683 684
f 283 684 284
f 284 684 685
f 284 685 285
f 285 685 686
f 285 686 286
f 286 686 687
f 286 687 287
f 287 687 688
f 287 688 288
f 288 688 689
f 288 689 289
f 289 689 690
f 289 690 290
f 290 690 691
f 290 691 291
f 291 691 692
f 291 692 292
f 292 692 693
f 292 693 293
f 293 693 694
f 293 694 294
f 294 694 695
f 294 695 295
f 295 695 696
f 295 696 296
f 296 696 697
f 296 697 297
f 297 697 698
f 297 698 298
f 298 698 699
f 298 699 299
f 299 699 700
f 299 700 300
f 300 700 701
f 300 701 301
f 301 701 702
f 301 702 302
f 302 702 703
f 302 703 303
f 303 703 704
f 303 704 304
f 304 704 705
f 304 705 305
f 305 705 706
f 305 706 306
f 306 706 707
f 306 707 307
f 307 707 708
f 307 708 308
f 308 708 709
f 308 709 309
f 309 709 710
f 309 710 310
f 310 710 711
f 310 711 311
f 311 711 712
f 311 712 312
f 312 712 713
f 312 713 313
f 313 713 714
f 313 714 314
f 314 714 715
f 314 715 315
f 315 715 716
f 315 716 316
f 316 716 717
f 316 717 317
f 317 717 718
f 317 718 318
f 318 718 719
f 318 719 319
f 319 719 720
f 319 720 320
f 320 720 721
f 320 721 321
f 321 721 722
f 321 722 322
f 322 722 723
f 322 723 323
f 323 723 724
f 323 724 324
f 324 724 725
f 324 725 325
f 325 725 726
f 325 726 326
f 326 726 727
f 326 727 327
f 327 727 728
f 327 728 328
f 328 728 729
f 328 729 329
f 329 729 730
f 329 730 330
f 330 730 731
f 330 731 331
f 331 731 732
f 331 732 332
f 332 732 733
f 332 733 333
f 333 733 734
f 333 734 334
f 334 734 735
f 334 735 335
f 335 735 736
f 335 736 336
f 336 736 737
f 336 737 337
f 337 737 738
f 337 738 338
f 338 738 739
f 338 739 339
f 339 739 740
f 339 740 340
f 340 740 741
f 340 741 341
f 341 741 742
f 341 742 342
f 342 742 743
f 342 743 343
f 343 743 744
f 343 744 344
f 344 744 745
f 344 745 345
f 345 745 746
f 345 746 346
f 346 746 747
f 346 747 347
f 347 747 748
f 347 748 348
f 348 748 749
f 348 749 349
f 349 749 750
f 349 750 350
f 350 750 751
f 350 751 351
f 351 751 752
f 351 752 352
f 352 752 753
f 352 753 353
f 353 753 754
f 353 754 354
f 354 754 755
f 354 755 355
f 355 755 756
f 355 756 356
f 356 756 757
f 356 757 357
f 357 757 758
f 357 758 358
f 358 758 759
f 358 759 359
f 359 759 760
f 359 760 360
f 360 760 761
f 360 761 361
f 361 761 762
f 361 762 362
f 362 762 763
f 362 763 363
f 363 763 764
f 363 764 364
f 364 764 765
f 364 765 365
f 365 765 766
f 365 766 366
f 366 766 767
f 366 767 367
f 367 767 768
f 367 768 368
f 368 768 769
f 368 769 369
f 369 769 770
f 369 770 370
f 370 770 771
f 370 771 371
f 371 771 772
f 371 772 372
f 372 772 773
f 372 773 373
f 373 773 774
f 373 774 374
f 374 774 775
f 374 775 375
f 375 775 776
f 375 776 376
f 376 776 777
f 376 777 377
f 377 777 778
f 377 778 378
f 378 778 779
f 378 779 379
f 379 779 780
f 379 780 380
f 380 780 781
f 380 781 381
f 381 781 782
f 381 782 382
f 382 782 783
f 382 783 383
f 383 783 784
f 383 784 384
f 384 784 785
f 384 785 385
f 385 785 786
f 385 786 386
f 386 786 787
f 386 787 387
f 387 787 788
f 387 788 388
f 388 788 789
f 388 789 389
f 389 789 790
f 389 790 390
f 390 790 791
f 390 791 391
f 391 791 792
f 391 792 392
f 392 792 793
f 392 793 393
f 393 793 794
f 393 794 394
f 394 794 795
f 394 795 395
f 395 795 796
f 395 796 396
f 396 796 797
f 396 797 397
f 397 797 798
f 397 798 398
f 398 798 799
f 398 799 399
f 399 799 800
f 399 800 400
f 401 801 802
f 401 802 402
f 402 802 803
f 402 803 403
f 403 803 804
f 403 804 404
f 404 804 805
f 404 805 405
f 405 805 806
f 405 806 406
f 406 806 807
f 406 807 407
f 407 807 808
f 407 808 408
f 408 808 809
f 408 809 409
f 409 809 810
f 409 810 410
f 410 810 811
f 410 811 411
f 411 811 812
f 411 812 412
f 412 812 813
f 412 813 413
f 413 813 814
f 413 814 414
f 414 814 815
f 414 815 415
f 415 815 816
f 415 816 416
f 416 816 817
f 416 817 417
f 417 817 818
f 417 818 418
f 418 818 819
f 418 819 419
f 419 819 820
f 419 820 420
f 420 820 821
f 420 821 421
f 421 821 822
f 421 822 422
f 422 822 823
f 422 823 423
f 423 823 824
f 423 824 424
f 424 824 825
f 424 825 425
f 425 825 826
f 425 826 426
f 426 826 827
f 426 827 427
f 427 827 828
f 427 828 428
f 428 828 829
f 428 829 429
f 429 829 830
f 429 830 430
f 430 830 831
f 430 831 431
f 431 831 832
f 431 832 432
f 432 832 833
f 432 833 433
f 433 833 834
f 433 834 434
f 434 834 835
f 434 835 435
f 435 835 836
f 435 836 436
f 436 836 837
f 436 837 437
f 437 837 838
f 437 838 438
f 438 838 839
f 438 839 439
f 439 839 840
f 439 840 440
f 440 840 841
f 440 841 441
f 441 841 842
f 441 842 442
f 442 842 843
f 442 843 443
f 443 843 844
f 443 844 444
f 444 844 845
f 444 845 445
f 445 845 846
f 445 846 446
f 446 846 847
f 446 847 447
f 447 847 848
f 447 848 448
f 448 848 849
f 448 849 449
f 449 849 850
f 449 850 450
f 450 850 851
f 450 851 451
f 451 851 852
f 451 852 452
f 452 852 853
f 452 853 453
f 453 853 854
f 453 854 454
f 454 854 855
f 454 855 455
f 455 855 856
f 455 856 456
f 456 856 857
f 456 857 457
f 457 857 858
f 457 858 458
f 458 858 859
f 458 859 459
f 459 859 860
f 459 860 460
f 460 860 861
f 460 861 461
f 461 861 862
f 461 862 462
f 462 862 863
f 462 863 463
f 463 863 864
f 463 864 464
f 464 864 865
f 464 865 465
f 465 865 866
f 465 866 466
f 466 866 867
f 466 867 467
f 467 867 868
f 467 868 468
f 468 868 869
f 468 869 469
f 469 869 870
f 469 870 470
f 470 870 871
f 470 871 471
f 471 871 872
f 471 872 472
f 472 872 873
f 472 873 473
f 473 873 874
f 473 874 474
f 474 874 875
f 474 875 475
f 475 875 876
f 475 876 476
f 476 876 877
f 476 877 477
f 477 877 878
f 477 878 478
f 478 878 879
f 478 879 479
f 479 879 880
f 479 880 480
f 480 880 881
f 480 881 481
f 481 881 882
f 481 882 482
f 482 882 883
f 482 883 483
f 483 883 884
f 483 884 484
f 484 884 885
f 484 885 485
f 485 885 886
f 485 886 486
f 486 886 887
f 486 887 487
f 487 887 888
f 487 888 488
f 488 888 889
f 488 889 489
f 489 889 890
f 489 890 490
f 490 890 891
f 490 891 491
f 491 891 892
f 491 892 492
f 492 892 893
f 492 893 493
f 493 893 894
f 493 894 494
f 494 894 895
f 494 895 495
f 495 895 896
f 495 896 496
f 496 896 897
f 496 897 497
f 497 897 898
f 497 898 498
f 498 898 899
f 498 899 499
f 499 899 900
f 499 900 500
f 500 900 901
f 500 901 501
f 501 901 902
f 501 902 502
f 502 902 903
f 502 903 503
f 503 903 904
f 503 904 504
f 504 904 905
f 504 905 505
f 505 905 906
f 505 906 506
f 506 906 907
f 506 907 507
f 507 907 908
f 507 908 508
f 508 908 909
f 508 909 509
f 509 909 910
f 509 910 510
f 510 910 911
f 510 911 511
f 511 911 912
f 511 912 512
f 512 912 913
f 512 913 513
f 513 913 914
f 513 914 514
f 514 914 915
f 514 915 515
f 515 915 916
f 515 916 516
f 516 916 917
f 516 917 517
f 517 917 918
f 517 918 518
f 518 918 919
f 518 919 519
f 519 919 920
f 519 920 520
f 520 920 921
f 520 921 521
f 521 921 922
f 521 922 522
f 522 922 923
f 522 923 523
f 523 923 924
f 523 924 524
f 524 924 925
f 524 925 525
f 525 925 926
f 525 926 526
f 526 926 927
f 526 927 527
f 527 927 928
f 527 928 528
f 528 928 929
f 528 929 529
f 529 929 930
f 529 930 530
f 530 930 931
f 530 931 531
f 531 931 932
f 531 932 532
f 532 932 933
f 532 933 533
f 533 933 934
f 533 934 534
f 534 934 935
f 534 935 535
f 535 935 936
f 535 936 536
f 536 936 937
f 536 937 537
f 537 937 938
f 537 938 538
f 538 938 939
f 538 939 539
f 539 939 940
f 539 940 540
f 540 940 941
f 540 941 541
f 541 941 942
f 541 942 542
f 542 942 943
f 542 943 543
f 543 943 944
f 543 944 544
f 544 944 945
f 544 945 545
f 545 945 946
f 545 946 546
f 546 946 947
f 546 947 547
f 547 947 948
f 547 948 548
f 548 948 949
f 548 949 549
f 549 949 950
f 549 950 550
f 550 950 951
f 550 951 551
f 551 951 952
f 551 952 552
f 552 952 953
f 552 953 553
f 553 953 954
f 553 954 554
f 554 954 955
f 554 955 555
f 555 955 956
f 555 956 556
f 556 956 957
f 556 957 557
f 557 957 958
f 557 958 558
f 558 958 959
f 558 959 559
f 559 959 960
f 559 960 560
f 560 960 961
f 560 961 561
f 561 961 962
f 561 962 562
f 562 962 963
f 562 963 563
f 563 963 964
f 563 964 564
f 564 964 965
f 564 965 565
f 565 965 966
f 565 966 566
f 566 966 967
f 566 967 567
f 567 967 968
f 567 968 568
f 568 968 969
f 568 969 569
f 569 969 970
f 569 970 570
f 570 970 971
f 570 971 571
f 571 971 972
f 571 972 572
f 572 972 973
f 572 973 573
f 573 973 974
f 573 974 574
f 574 974 975
f 574 975 575
f 575 975 976
f 575 976 576
f 576 976 977
f 576 977 577
f 577 977 978
f 577 978 578
f 578 978 979
f 578 979 579
f 579 979 980
f 579 980 580
f 580 980 981
f 580 981 581
f 581 981 982
f 581 982 582
f 582 982 983
f 582 983 583
f 583 983 984
f 583 984 584
f 584 984 985
f 584 985 585
f 585 985 986
f 585 986 586
f 586 986 987
f 586 987 587
f 587 987 988
f 587 988 588
f 588 988 989
f 588 989 589
f 589 989 990
f 589 990 590
f 590 990 991
f 590 991 591
f 591 991 992
f 591 992 592
f 592 992 993
f 592 993 593
f 593 993 994
f 593 994 594
f 594 994 995
f 594 995 595
f 595 995 996
f 595 996 596
f 596 996 997
f 596 997 597
f 597 997 998
f 597 998 598
f 598 998 999
f 598 999 599
f 599 999 1000
f 599 1000 600
f 600 1000 1001
f 600 1001 601
f 601 1001 1002
f 601 1002 602
f 602 1002 1003
f 602 1003 603
f 603 1003 1004
f 603 1004 604
f 604 1004 1005
f 604 1005 605
f 605 1005 1006
f 605 1006 606
f 606 1006 1007
f 606 1007 607
f 607 1007 1008
f 607 1008 608
f 608 1008 1009
f 608 1009 609
f 609 1009 1010
f 609 1010 610
f 610 1010 1011
f 610 1011 611
f 611 1011 1012
f 611 1012 612
f 612 1012 1013
f 612 1013 613
f 613 1013 1014
f 613 1014 614
f 614 1014 1015
f 614 1015 615
f 615 1015 1016
f 615 1016 616
f 616 1016 1017
f 616 1017 617
f 617 1017 1018
f 617 1018 618
f 618 1018 1019
f 618 1019 619
f 619 1019 1020
f 619 1020 620
f 620 1020 1021
f 620 1021 621
f 621 1021 1022
f 621 1022 622
f 622 1022 1023
f 622 1023 623
f 623 1023 1024
f 623 1024 624
f 624 1024 1025
f 624 1025 625
f 625 1025 1026
f 625 1026 626
f 626 1026 1027
f 626 1027 627
f 627 1027 1028
f 627 1028 628
f 628 1028 1029
f 628 1029 629
f 629 1029 1030
f 629 1030 630
f 630 1030 1031
f 630 1031 631
f 631 1031 1032
f 631 1032 632
f 632 1032 1033
f 632 1033 633
f 633 1033 1034
f 633 1034 634
f 634 1034 1035
f 634 1035 635
f 635 1035 1036
f 635 1036 636
f 636 1036 1037
f 636 1037 637
f 637 1037 1038
f 637 1038 638
f 638 1038 1039
f 638 1039 639
f 639 1039 1040
f 639 1040 640
f 640 1040 1041
f 640 1041 641
f 641 1041 1042
f 641 1042 642
f 642 1042 1043
f 642 1043 643
f 643 1043 1044
f 643 1044 644
f 644 1044 1045
f 644 1045 645
f 645 1045 1046
f 645 1046 646
f 646 1046 1047
f 646 1047 647
f 647 1047 1048
f 647 1048 648
f 648 1048 1049
f 648 1049 649
f 649 1049 1050
f 649 1050 650
f 650 1050 1051
f 650 1051 651
f 651 1051 1052
f 651 1052 652
f 652 1052 1053
f 652 1053 653
f 653 1053 1054
f 653 1054 654
f 654 1054 1055
f 654 1055 655
f 655 1055 1056
f 655 1056 656
f 656 1056 1057
f 656 1057 657
f 657 1057 1058
f 657 1058 658
f 658 1058 1059
f 658 1059 659
f 659 1059 1060
f 659 1060 660
f 660 1060 1061
f 660 1061 661
f 661 1061 1062
f 661 1062 662
f 662 1062 1063
f 662 1063 663
f 663 1063 1064
f 663 1064 664
f 664 1064 1065
f 664 1065 665
f 665 1065 1066
f 665 1066 666
f 666 1066 1067
f 666 1067 667
f 667 1067 1068
f 667 1068 668
f 668 1068 1069
f 668 1069 669
f 669 1069 1070
f 669 1070 670
f 670 1070 1071
f 670 1071 671
f 671 1071 1072
f 671 1072 672
f 672 1072 1073
f 672 1073 673
f 673 1073 1074
f 673 1074 674
f 674 1074 1075
f 674 1075 675
f 675 1075 1076
f 675 1076 676
f 676 1076 1077
f 676 1077 677
f 677 1077 1078
f 677 1078 678
f 678 1078 1079
f 678 1079 679
f 679 1079 1080
f 679 1080 680
f 680 1080 1081
f 680 1081 681
f 681 1081 1082
f 681 1082 682
f 682 1082 1083
f 682 1083 683
f 683 1083 1084
f 683 1084 684
f 684 1084 1085
f 684 1085 685
f 685 1085 1086
f 685 1086 686
f 686 1086 1087
f 686 1087 687
f 687 1087 1088
f 687 1088 688
f 688 1088 1089
f 688 1089 689
f 689 1089 1090
f 689 1090 690
f 690 1090 1091
f 690 1091 691
f 691 1091 1092
f 691 1092 692
f 692 1092 1093
f 692 1093 693
f 693 1093 1094
f 693 1094 694
f 694 1094 1095
f 694 1095 695
f 695 1095 1096
f 695 1096 696
f 696 1096 1097
f 696 1097 697
f 697 1097 1098
f 697 1098 698
f 698 1098 1099
f 698 1099 699
f 699 1099 1100
f 699 1100 700
f 700 1100 1101
f 700 1101 701
f 701 1101 1102
f 701 1102 702
f 702 1102 1103
f 702 1103 703
f 703 1103 1104
f 703 1104 704
f 704 1104 1105
f 704 1105 705
f 705 1105 1106
f 705 1106 706
f 706 1106 1107
f 706 1107 707
f 707 1107 1108
f 707 1108 708
f 708 1108 1109
f 708 1109 709
f 709 1109 1110
f 709 1110 710
f 710 1110 1111
f 710 1111 711
f 711 1111 1112
f 711 1112 712
f 712 1112 1113
f 712 1113 713
f 713 1113 1114
f 713 1114 714
f 714 1114 1115
f 714 1115 715
f 715 1115 1116
f 715 1116 716
f 716 1116 1117
f 716 1117 717
f 717 1117 1118
f 717 1118 718
f 718 1118 1119
f 718 1119 719
f 719 1119 1120
f 719 1120 720
f 720 1120 1121
f 720 1121 721
f 721 1121 1122
f 721 1122 722
f 722 1122 1123
f 722 1123 723
f 723 1123 1124
f 723 1124 724
f 724 1124 1125
f 724 1125 725
f 725 1125 1126
f 725 1126 726
f 726 1126 1127
f 726 1127 727
f 727 1127 1128
f 727 1128 728
f 728 1128 1129
f 728 1129 729
f 729 1129 1130
f 729 1130 730
f 730 1130 1131
f 730 1131 731
f 731 1131 1132
f 731 1132 732
f 732 1132 1133
f 732 1133 733
f 733 1133 1134
f 733 1134 734
f 734 1134 1135
f 734 1135 735
f 735 1135 1136
f 735 1136 736
f 736 1136 1137
f 736 1137 737
f 737 1137 1138
f 737 1138 738
f 738 1138 1139
f 738 1139 739
f 739 1139 1140
f 739 1140 740
f 740 1140 1141
f 740 1141 741
f 741 1141 1142
f 741 1142 742
f 742 1142 1143
f 742 1143 743
f 743 1143 1144
f 743 1144 744
f 744 1144 1145
f 744 1145 745
f 745 1145 1146
f 745 1146 746
f 746 1146 1147
f 746 1147 747
f 747 1147 1148
f 747 1148 748
f 748 1148 1149
f 748 1149 749
f 749 1149 1150
f 749 1150 750
f 750 1150 1151
f 750 1151 751
f 751 1151 1152
f 751 1152 752
f 752 1152 1153
f 752 1153 753
f 753 1153 1154
f 753 1154 754
f 754 1154 1155
f 754 1155 755
f 755 1155 1156
f 755 1156 756
f 756 1156 1157
f 756 1157 757
f 757 1157 1158
f 757 1158 758
f 758 1158 1159
f 758 1159 759
f 759 1159 1160
f 759 1160 760
f 760 1160 1161
f 760 1161 761
f 761 1161 1162
f 761 1162 762
f 762 1162 1163
f 762 1163 763
f 763 1163 1164
f 763 1164 764
f 764 1164 1165
f 764 1165 765
f 765 1165 1166
f 765 1166 766
f 766 1166 1167
f 766 1167 767
f 767 1167 1168
f 767 1168 768
f 768 1168 1169
f 768 1169 769
f 769 1169 1170
f 769 1170 770
f 770 1170 1171
f 770 1171 771
f 771 1171 1172
f 771 1172 772
f 772 1172 1173
f 772 1173 773
f 773 1173 1174
f 773 1174 774
f 774 1174 1175
f 774 1175 775
f 775 1175 1176
f 775 1176 776
f 776 1176 1177
f 776 1177 777
f 777 1177 1178
f 777 1178 778
f 778 1178 1179
f 778 1179 779
f 779 1179 1180
f 779 1180 780
f 780 1180 1181
f 780 1181 781
f 781 1181 1182
f 781 1182 782
f 782 1182 1183
f 782 1183 783
f 783 1183 1184
f 783 1184 784
f 784 1184 1185
f 784 1185 785
f 785 1185 1186
f 785 1186 786
f 786 1186 1187
f 786 1187 787
f 787 1187 1188
f 787 1188 788
f 788 1188 1189
f 788 1189 789
f 789 1189 1190
f 789 1190 790
f 790 1190 1191
f 790 1191 791
f 791 1191 1192
f 791 1192 792
f 792 1192 1193
f 792 1193 793
f 793 1193 1194
f 793 1194 794
f 794 1194 1195
f 794 1195 795
f 795 1195 1196
f 795 1196 796
f 796 1196 1197
f 796 1197 797
f 797 1197 1198
f 797 1198 798
f 798 1198 1199
f 798 1199 799
f 799 1199 1200
f 799 1200 800
f 801 1201 1202
f 801 1202 802
f 802 1202 1203
f 802 1203 803
f 803 1203 1204
f 803 1204 804
f 804 1204 1205
f 804 1205 805
f 805 1205 1206
f 805 1206 806
f 806 1206 1207
f 806 1207 807
f 807 1207 1208
f 807 1208 808
f 808 1208 1209
f 808 1209 809
f 809 1209 1210
f 809 1210 810
f 810 1210 1211
f 810 1211 811
f 811 1211 1212
f 811 1212 812
f 812 1212 1213
f 812 1213 813
f 813 1213 1214
f 813 1214 814
f 814 1214 1215
f 814 1215 815
f 815 1215 1216
f 815 1216 816
f 816 1216 1217
f 816 1217 817
f 817 1217 1218
f 817 1218 818
f 818 1218 1219
f 818 1219 819
f 819 1219 1220
f 819 1220 820
f 820 1220 1221
f 820 1221 821
f 821 1221 1222
f 821 1222 822
f 822 1222 1223
f 822 1223 823
f 823 1223 1224
f 823 1224 824
f 824 1224 1225
f 824 1225 825
f 825 1225 1226
f 825 1226 826
f 826 1226 1227
f 826 1227 827
f 827 1227 1228
f 827 1228 828
f 828 1228 1229
f 828 1229 829
f 829 1229 1230
f 829 1230 830
f 830 1230 1231
f 830 1231 831
f 831 1231 1232
f 831 1232 832
f 832 1232 1233
f 832 1233 833
f 833 1233 1234
f 833 1234 834
f 834 1234 1235
f 834 1235 835
f 835 1235 1236
f 835 1236 836
f 836 1236 1237
f 836 1237 837
f 837 1237 1238
f 837 1238 838
f 838 1238 1239
f 838 1239 839
f 839 1239 1240
f 839 1240 840
f 840 1240 1241
f 840 1241 841
f 841 1241 1242
f 841 1242 842
f 842 1242 1243
f 842 1243 843
f 843 1243 1244
f 843 1244 844
f 844 1244 1245
f 844 1245 845
f 845 1245 1246
f 845 1246 846
f 846 1246 1247
f 846 1247 847
f 847 1247 1248
f 847 1248 848
f 848 1248 1249
f 848 1249 849
f 849 1249 1250
f 849 1250 850
f 850 1250 1251
f 850 1251 851
f 851 1251 1252
f 851 1252 852
f 852 1252 1253
f 852 1253 853
f 853 1253 1254
f 853 1254 854
f 854 1254 1255
f 854 1255 855
f 855 1255 1256
f 855 1256 856
f 856 1256 1257
f 856 1257 857
f 857 1257 1258
f 857 1258 858
f 858 1258 1259
f 858 1259 859
f 859 1259 1260
f 859 1260 860
f 860 1260 1261
f 860 1261 861
f 861 1261 1262
f 861 1262 862
f 862 1262 1263
f 862 1263 863
f 863 1263 1264
f 863 1264 864
f 864 1264 1265
f 864 1265 865
f 865 1265 1266
f 865 1266 866
f 866 1266 1267
f 866 1267 867
f 867 1267 1268
f 867 1268 868
f 868 1268 1269
f 868 1269 869
f 869 1269 1270
f 869 1270 870
f 870 1270 1271
f 870 1271 871
f 871 1271 1272
f 871 1272 872
f 872 1272 1273
f 872 1273 873
f 873 1273 1274
f 873 1274 874
f 874 1274 1275
f 874 1275 875
f 875 1275 1276
f 875 1276 876
f 876 1276 1277
f 876 1277 877
f 877 1277 1278
f 877 1278 878
f 878 1278 1279
f 878 1279 879
f 879 1279 1280
f 879 1280 880
f 880 1280 1281
f 880 1281 881
f 881 1281 1282
f 881 1282 882
f 882 1282 1283
f 882 1283 883
f 883 1283 1284
f 883 1284 884
f 884 1284 1285
f 884 1285 885
f 885 1285 1286
f 885 1286 886
f 886 1286 1287
f 886 1287 887
f 887 1287 1288
f 887 1288 888
f 888 1288 1289
f 888 1289 889
f 889 1289 1290
f 889 1290 890
f 890 1290 1291
f 890 1291 891
f 891 1291 1292
f 891 1292 892
f 892 1292 1293
f 892 1293 893
f 893 1293 1294
f 893 1294 894
f 894 1294 1295
f 894 1295 895
f 895 1295 1296
f 895 1296 896
f 896 1296 1297
f 896 1297 897
f 897 1297 1298
f 897 1298 898
f 898 1298 1299
f 898 1299 899
f 899 1299 1300
f 899 1300 900
f 900 1300 1301
f 900 1301 901
f 901 1301 1302
f 901 1302 902
f 902 1302 1303
f 902 1303 903
f 903 1303 1304
f 903 1304 904
f 904 1304 1305
f 904 1305 905
f 905 1305 1306
f 905 1306 906
f 906 1306 1307
f 906 1307 907
f 907 1307 1308
f 907 1308 908
f 908 1308 1309
f 908 1309 909
f 909 1309 1310
f 909 1310 910
f 910 1310 1311
f 910 1311 911
f 911 1311 1312
f 911 1312 912
f 912 1312 1313
f 912 1313 913
f 913 1313 1314
f 913 1314 914
f 914 1314 1315
f 914 1315 915
f 915 1315 1316
f 915 1316 916
f 916 1316 1317
f 916 1317 917
f 917 1317 1318
f 917 1318 918
f 918 1318 1319
f 918 1319 919
f 919 1319 1320
f 919 1320 920
f 920 1320 1321
f 920 1321 921
f 921 1321 1322
f 921 1322 922
f 922 1322 1323
f 922 1323 923
f 923 1323 1324
f 923 1324 924
f 924 1324 1325
f 924 1325 925
f 925 1325 1326
f 925 1326 926
f 926 1326 1327
f 926 1327 927
f 927 1327 1328
f 927 1328 928
f 928 1328 1329
f 928 1329 929
f 929 1329 1330
f 929 1330 930
f 930 1330 1331
f 930 1331 931
f 931 1331 1332
f 931 1332 932
f 932 1332 1333
f 932 1333 933
f 933 1333 1334
f 933 1334 934
f 934 1334 1335
f 934 1335 935
f 935 1335 1336
f 935 1336 936
f 936 1336 1337
f 936 1337 937
f 937 1337 1338
f 937 1338 938
f 938 1338 1339
f 938 1339 939
f 939 1339 1340
f 939 1340 940
f 940 1340 1341
f 940 1341 941
f 941 1341 1342
f 941 1342 942
f 942 1342 1343
f 942 1343 943
f 943 1343 1344
f 943 1344 944
f 944 1344 1345
f 944 1345 945
f 945 1345 1346
f 945 1346 946
f 946 1346 1347
f 946 1347 947
f 947 1347 1348
f 947 1348 948
f 948 1348 1349
f 948 1349 949
f 949 1349 1350
f 949 1350 950
f 950 1350 1351
f 950 1351 951
f 951 1351 1352
f 951 1352 952
f 952 1352 1353
f 952 1353 953
f 953 1353 1354
f 953 1354 954
f 954 1354 1355
f 954 1355 955
f 955 1355 1356
f 955 1356 956
f 956 1356 1357
f 956 1357 957
f 957 1357 1358
f 957 1358 958
f 958 1358 1359
f 958 1359 959
f 959 1359 1360
f 959 1360 960
f 960 1360 1361
f 960 1361 961
f 961 1361 1362
f 961 1362 962
f 962 1362 1363
f 962 1363 963
f 963 1363 1364
f 963 1364 964
f 964 1364 1365
f 964 1365 965
f 965 1365 1366
f 965 1366 966
f 966 1366 1367
f 966 1367 967
f 967 1367 1368
f 967 1368 968
f 968 1368 1369
f 968 1369 969
f 969 1369 1370
f 969 1370 970
f 970 1370 1371
f 970 1371 971
f 971 1371 1372
f 971 1372 972
f 972 1372 1373
f 972 1373 973
f 973 1373 1374
f 973 1374 974
f 974 1374 1375
f 974 1375 975
f 975 1375 1376
f 975 1376 976
f 976 1376 1377
f 976 1377 977
f 977 1377 1378
f 977 1378 978
f 978 1378 1379
f 978 1379 979
f 979 1379 1380
f 979 1380 980
f 980 1380 1381
f 980 1381 981
f 981 1381 1382
f 981 1382 982
f 982 1382 1383
f 982 1383 983
f 983 1383 1384
f 983 1384 984
f 984 1384 1385
f 984 1385 985
f 985 1385 1386
f 985 1386 986
f 986 1386 1387
f 986 1387 987
f 987 1387 1388
f 987 1388 988
f 988 1388 1389
f 988 1389 989
f 989 1389 1390
f 989 1390 990
f 990 1390 1391
f 990 1391 991
f 991 1391 1392
f 991 1392 992
f 992 1392 1393
f 992 1393 993
f 993 1393 1394
f 993 1394 994
f 994 1394 1395
f 994 1395 995
f 995 1395 1396
f 995 1396 996
f 996 1396 1397
f 996 1397 997
f 997 1397 1398
f 997 1398 998
f 998 1398 1399
f 998 1399 999
f 999 1399 1400
f 999 1400 1000
f 1000 1400 1401
f 1000 1401 1001
f 1001 1401 1402
f 1001 1402 1002
f 1002 1402 1403
f 1002 1403 1003
f 1003 1403 1404
f 1003 1404 1004
f 1004 1404 1405
f 1004 1405 1005
f 1005 1405 1406
f 1005 1406 1006
f 1006 1406 1407
f 1006 1407 1007
f 1007 1407 1408
f 1007 1408 1008
f 1008 1408 1409
f 1008 1409 1009
f 1009 1409 1410
f 1009 1410 1010
f 1010 1410 1411
f 1010 1411 1011
f 1011 1411 1412
f 1011 1412 1012
f 1012 1412 1413
f 1012 1413 1013
f 1013 1413 1414
f 1013 1414 1014
f 1014 1414 1415
f 1014 1415 1015
f 1015 1415 1416
f 1015 1416 1016
f 1016 1416 1417
f 1016 1417 1017
f 1017 1417 1418
f 1017 1418 1018
f 1018 1418 1419
f 1018 1419 1019
f 1019 1419 1420
f 1019 1420 1020
f 1020 1420 1421
f 1020 1421 1021
f 1021 1421 1422
f 1021 1422 1022
f 1022 1422 1423
f 1022 1423 1023
f 1023 1423 1424
f 1023 1424 1024
f 1024 1424 1425
f 1024 1425 1025
f 1025 1425 1426
f 1025 1426 1026
f 1026 1426 1427
f 1026 1427 1027
f 1027 1427 1428
f 1027 1428 1028
f 1028 1428 1429
f 1028 1429 1029
f 1029 1429 1430
f 1029 1430 1030
f 1030 1430 1431
f 1030 1431 1031
f 1031 1431 1432
f 1031 1432 1032
f 1032 1432 1433
f 1032 1433 1033
f 1033 1433 1434
f 1033 1434 1034
f 1034 1434 1435
f 1034 1435 1035
f 1035 1435 1436
f 1035 1436 1036
f 1036 1436 1437
f 1036 1437 1037
f 1037 1437 1438
f 1037 1438 1038
f 1038 1438 1439
f 1038 1439 1039
f 1039 1439 1440
f 1039 1440 1040
f 1040 1440 1441
f 1040 1441 1041
f 1041 1441 1442
f 1041 1442 1042
f 1042 1442 1443
f 1042 1443 1043
f 1043 1443 1444
f 1043 1444 1044
f 1044 1444 1445
f 1044 1445 1045
f 1045 1445 1446
f 1045 1446 1046
f 1046 1446 1447
f 1046 1447 1047
f 1047 1447 1448
f 1047 1448 1048
f 1048 1448 1449
f 1048 1449 1049
f 1049 1449 1450
f 1049 1450 1050
f 1050 1450 1451
f 1050 1451 1051
f 1051 1451 1452
f 1051 1452 1052
f 1052 1452 1453
f 1052 1453 1053
f 1053 1453 1454
f 1053 1454 1054
f 1054 1454 1455
f 1054 1455 1055
f 1055 1455 1456
f 1055 1456 1056
f 1056 1456 1457
f 1056 1457 1057
f 1057 1457 1458
f 1057 1458 1058
f 1058 1458 1459
f 1058 1459 1059
f 1059 1459 1460
f 1059 1460 1060
f 1060 1460 1461
f 1060 1461 1061
f 1061 1461 1462
f 1061 1462 1062
f 1062 1462 1463
f 1062 1463 1063
f 1063 1463 1464
f 1063 1464 1064
f 1064 1464 1465
f 1064 1465 1065
f 1065 1465 1466
f 1065 1466 1066
f 1066 1466 1467
f 1066 1467 1067
f 1067 1467 1468
f 1067 1468 1068
f 1068 1468 1469
f 1068 1469 1069
f 1069 1469 1470
f 1069 1470 1070
f 1070 1470 1471
f 1070 1471 1071
f 1071 1471 1472
f 1071 1472 1072
f 1072 1472 1473
f 1072 1473 1073
f 1073 1473 1474
f 1073 1474 1074
f 1074 1474 1475
f 1074 1475 1075
f 1075 1475 1476
f 1075 1476 1076
f 1076 1476 1477
f 1076 1477 1077
f 1077 1477 1478
f 1077 1478 1078
f 1078 1478 1479
f 1078 1479 1079
f 1079 1479 1480
f 1079 1480 1080
f 1080 1480 1481
f 1080 1481 1081
f 1081 1481 1482
f 1081 1482 1082
f 1082 1482 1483
f 1082 1483 1083
f 1083 1483 1484
f 1083 1484 1084
f 1084 1484 1485
f 1084 1485 1085
f 1085 1485 1486
f 1085 1486 1086
f 1086 1486 1487
f 1086 1487 1087
f 1087 1487 1488
f 1087 1488 1088
f 1088 1488 1489
f 1088 1489 1089
f 1089 1489 1490
f 1089 1490 1090
f 1090 1490 1491
f 1090 1491 1091
f 1091 1491 1492
f 1091 1492 1092
f 1092 1492 1493
f 1092 1493 1093
f 1093 1493 1494
f 1093 1494 1094
f 1094 1494 1495
f 1094 1495 1095
f 1095 1495 1496
f 1095 1496 1096
f 1096 1496 1497
f 1096 1497 1097
f 1097 1497 1498
f 1097 1498 1098
f 1098 1498 1499
f 1098 1499 1099
f 1099 1499 1500
f 1099 1500 1100
f 1100 1500 1501
f 1100 1501 1101
f 1101 1501 1502
f 1101 1502 1102
f 1102 1502 1503
f 1102 1503 1103
f 1103 1503 1504
f 1103 1504 1104
f 1104 1504 1505
f 1104 1505 1105
f 1105 1505 1506
f 1105 1506 1106
f 1106 1506 1507
f 1106 1507 1107
f 1107 1507 1508
f 1107 1508 1108
f 1108 1508 1509
f 1108 1509 1109
f 1109 1509 1510
f 1109 1510 1110
f 1110 1510 1511
f 1110 1511 1111
f 1111 1511 1512
f 1111 1512 1112
f 1112 1512 1513
f 1112 1513 1113
f 1113 1513 1514
f 1113 1514 1114
f 1114 1514 1515
f 1114 1515 1115
f 1115 1515 1516
f 1115 1516 1116
f 1116 1516 1517
f 1116 1517 1117
f 1117 1517 1518
f 1117 1518 1118
f 1118 1518 1519
f 1118 1519 1119
f 1119 1519 1520
f 1119 1520 1120
f 1120 1520 1521
f 1120 1521 1121
f 1121 1521 1522
f 1121 1522 1122
f 1122 1522 1523
f 1122 1523 1123
f 1123 1523 1524
f 1123 1524 1124
f 1124 1524 1525
f 1124 1525 1125
f 1125 1525 1526
f 1125 1526 1126
f 1126 1526 1527
f 1126 1527 1127
f 1127 1527 1528
f 1127 1528 1128
f 1128 1528 1529
f 1128 1529 1129
f 1129 1529 1530
f 1129 1530 1130
f 1130 1530 1531
f 1130 1531 1131
f 1131 1531 1532
f 1131 1532 1132
f 1132 1532 1533
f 1132 1533 1133
f 1133 1533 1534
f 1133 1534 1134
f 1134 1534 1535
f 1134 1535 1135
f 1135 1535 1536
f 1135 1536 1136
f 1136 1536 1537
f 1136 1537 1137
f 1137 1537 1538
f 1137 1538 1138
f 1138 1538 1539
f 1138 1539 1139
f 1139 1539 1540
f 1139 1540 1140
f 1140 1540 1541
f 1140 1541 1141
f 1141 1541 1542
f 1141 1542 1142
f 1142 1542 1543
f 1142 1543 1143
f 1143 1543 1544
f 1143 1544 1144
f 1144 1544 1545
f 1144 1545 1145
f 1145 1545 1546
f 1145 1546 1146
f 1146 1546 1547
f 1146 1547 1147
f 1147 1547 1548
f 1147 1548 1148
f 1148 1548 1549
f 1148 1549 1149
f 1149 1549 1550
f 1149 1550 1150
f 1150 1550 1551
f 1150 1551 1151
f 1151 1551 1552
f 1151 1552 1152
f 1152 1552 1553
f 1152 1553 1153
f 1153 1553 1554
f 1153 1554 1154
f 1154 1554 1555
f 1154 1555 1155
f 1155 1555 1556
f 1155 1556 1156
f 1156 1556 1557
f 1156 1557 1157
f 1157 1557 1558
f 1157 1558 1158
f 1158 1558 1559
f 1158 1559 1159
f 1159 1559 1560
f 1159 1560 1160
f 1160 1560 1561
f 1160 1561 1161
f 1161 1561 1562
f 1161 1562 1162
f 1162 1562 1563
f 1162 1563 1163
f 1163 1563 1564
f 1163 1564 1164
f 1164 1564 1565
f 1164 1565 1165
f 1165 1565 1566
f 1165 1566 1166
f 1166 1566 1567
f 1166 1567 1167
f 1167 1567 1568
f 1167 1568 1168
f 1168 1568 1569
f 1168 1569 1169
f 1169 1569 1570
f 1169 1570 1170
f 1170 1570 1571
f 1170 1571 1171
f 1171 1571 1572
f 1171 1572 1172
f 1172 1572 1573
f 1172 1573 1173
f 1173 1573 1574
f 1173 1574 1174
f 1174 1574 1575
f 1174 1575 1175
f 1175 1575 1576
f 1175 1576 1176
f 1176 1576 1577
f 1176 1577 1177
f 1177 1577 1578
f 1177 1578 1178
f 1178 1578 1579
f 1178 1579 1179
f 1179 1579 1580
f 1179 1580 1180
f 1180 1580 1581
f 1180 1581 1181
f 1181 1581 1582
f 1181 1582 1182
f 1182 1582 1583
f 1182 1583 1183
f 1183 1583 1584
f 1183 1584 1184
f 1184 1584 1585
f 1184 1585 1185
f 1185 1585 1586
f 1185 1586 1186
f 1186 1586 1587
f 1186 1587 1187
f 1187 1587 1588
f 1187 1588 1188
f 1188 1588 1589
f 1188 1589 1189
f 1189 1589 1590
f 1189 1590 1190
f 1190 1590 1591
f 1190 1591 1191
f 1191 1591 1592
f 1191 1592 1192
f 1192 1592 1593
f 1192 1593 1193
f 1193 1593 1594
f 1193 1594 1194
f 1194 1594 1595
f 1194 1595 1195
f 1195 1595 1596
f 1195 1596 1196
f 1196 1596 1597
f 1196 1597 1197
f 1197 1597 1598
f 1197 1598 1198
f 1198 1598 1599
f 1198 1599 1199
f 1199 1599 1600
f 1199 1600 1200
f 1201 1601 1602
f 1201 1602 1202
f 1202 1602 1603
f 1202 1603 1203
f 1203 1603 1604
f 1203 1604 1204
f 1204 1604 1605
f 1204 1605 1205
f 1205 1605 1606
f 1205 1606 1206
f 1206 1606 1607
f 1206 1607 1207
f 1207 1607 1608
f 1207 1608 1208
f 1208 1608 1609
f 1208 1609 1209
f 1209 1609 1610
f 1209 1610 1210
f 1210 1610 1611
f 1210 1611 1211
f 1211 1611 1612
f 1211 1612 1212
f 1212 1612 1613
f 1212 1613 1213
f 1213 1613 1614
f 1213 1614 1214
f 1214 1614 1615
f 1214 1615 1215
f 1215 1615 1616
f 1215 1616 1216
f 1216 1616 1617
f 1216 1617 1217
f 1217 1617 1618
f 1217 1618 1218
f 1218 1618 1619
f 1218 1619 1219
f 1219 1619 1620
f 1219 1620 1220
f 1220 1620 1621
f 1220 1621 1221
f 1221 1621 1622
f 1221 1622 1222
f 1222 1622 1623
f 1222 1623 1223
f 1223 1623 1624
f 1223 1624 1224
f 1224 1624 1625
f 1224 1625 1225
f 1225 1625 1626
f 1225 1626 1226
f 1226 1626 1627
f 1226 1627 1227
f 1227 1627 1628
f 1227 1628 1228
f 1228 1628 1629
f 1228 1629 1229
f 1229 1629 1630
f 1229 1630 1230
f 1230 1630 1631
f 1230 1631 1231
f 1231 1631 1632
f 1231 1632 1232
f 1232 1632 1633
f 1232 1633 1233
f 1233 1633 1634
f 1233 1634 1234
f 1234 1634 1635
f 1234 1635 1235
f 1235 1635 1636
f 1235 1636 1236
f 1236 1636 1637
f 1236 1637 1237
f 1237 1637 1638
f 1237 1638 1238
f 1238 1638 1639
f 1238 1639 1239
f 1239 1639 1640
f 1239 1640 1240
f 1240 1640 1641
f 1240 1641 1241
f 1241 1641 1642
f 1241 1642 1242
f 1242 1642 1643
f 1242 1643 1243
f 1243 1643 1644
f 1243 1644 1244
f 1244 1644 1645
f 1244 1645 1245
f 1245 1645 1646
f 1245 1646 1246
f 1246 1646 1647
f 1246 1647 1247
f 1247 1647 1648
f 1247 1648 1248
f 1248 1648 1649
f 1248 1649 1249
f 1249 1649 1650
f 1249 1650 1250
f 1250 1650 1651
f 1250 1651 1251
f 1251 1651 1652
f 1251 1652 1252
f 1252 1652 1653
f 1252 1653 1253
f 1253 1653 1654
f 1253 1654 1254
f 1254 1654 1655
f 1254 1655 1255
f 1255 1655 1656
f 1255 1656 1256
f 1256 1656 1657
f 1256 1657 1257
f 1257 1657 1658
f 1257 1658 1258
f 1258 1658 1659
f 1258 1659 1259
f 1259 1659 1660
f 1259 1660 1260
f 1260 1660 1661
f 1260 1661 1261
f 1261 1661 1662
f 1261 1662 1262
f 1262 1662 1663
f 1262 1663 1263
f 1263 1663 1664
f 1263 1664 1264
f 1264 1664 1665
f 1264 1665 1265
f 1265 1665 1666
f 1265 1666 1266
f 1266 1666 1667
f 1266 1667 1267
f 1267 1667 1668
f 1267 1668 1268
f 1268 1668 1669
f 1268 1669 1269
f 1269 1669 1670
f 1269 1670 1270
f 1270 1670 1671
f 1270 1671 1271
f 1271 1671 1672
f 1271 1672 1272
f 1272 1672 1673
f 1272 1673 1273
f 1273 1673 1674
f 1273 1674 1274
f 1274 1674 1675
f 1274 1675 1275
f 1275 1675 1676
f 1275 1676 1276
f 1276 1676 1677
f 1276 1677 1277
f 1277 1677 1678
f 1277 1678 1278
f 1278 1678 1679
f 1278 1679 1279
f 1279 1679 1680
f 1279 1680 1280
f 1280 1680 1681
f 1280 1681 1281
f 1281 1681 1682
f 1281 1682 1282
f 1282 1682 1683
f 1282 1683 1283
f 1283 1683 1684
f 1283 1684 1284
f 1284 1684 1685
f 1284 1685 1285
f 1285 1685 1686
f 1285 1686 1286
f 1286 1686 1687
f 1286 1687 1287
f 1287 1687 1688
f 1287 1688 1288
f 1288 1688 1689
f 1288 1689 1289
f 1289 1689 1690
f 1289 1690 1290
f 1290 1690 1691
f 1290 1691 1291
f 1291 1691 1692
f 1291 1692 1292
f 1292 1692 1693
f 1292 1693 1293
f 1293 1693 1694
f 1293 1694 1294
f 1294 1694 1695
f 1294 1695 1295
f 1295 1695 1696
f 1295 1696 1296
f 1296 1696 1697
f 1296 1697 1297
f 1297 1697 1698
f 1297 1698 1298
f 1298 1698 1699
f 1298 1699 1299
f 1299 1699 1700
f 1299 1700 1300
f 1300 1700 1701
f 1300 1701 1301
f 1301 1701 1702
f 1301 1702 1302
f 1302 1702 1703
f 1302 1703 1303
f 1303 1703 1704
f 1303 1704 1304
f 1304 1704 1705
f 1304 1705 1305
f 1305 1705 1706
f 1305 1706 1306
f 1306 1706 1707
f 1306 1707 1307
f 1307 1707 1708
f 1307 1708 1308
f 1308 1708 1709
f 1308 1709 1309
f 1309 1709 1710
f 1309 1710 1310
f 1310 1710 1711
f 1310 1711 1311
f 1311 1711 1712
f 1311 1712 1312
f 1312 1712 1713
f 1312 1713 1313
f 1313 1713 1714
f 1313 1714 1314
f 1314 1714 1715
f 1314 1715 1315
f 1315 1715 1716
f 1315 1716 1316
f 1316 1716 1717
f 1316 1717 1317
f 1317 1717 1718
f 1317 1718 1318
f 1318 1718 1719
f 1318 1719 1319
f 1319 1719 1720
f 1319 1720 1320
f 1320 1720 1721
f 1320 1721 1321
f 1321 1721 1722
f 1321 1722 1322
f 1322 1722 1723
f 1322 1723 1323
f 1323 1723 1724
f 1323 1724 1324
f 1324 1724 1725
f 1324 1725 1325
f 1325 1725 1726
f 1325 1726 1326
f 1326 1726 1727
f 1326 1727 1327
f 1327 1727 1728
f 1327 1728 1328
f 1328 1728 1729
f 1328 1729 1329
f 1329 1729 1730
f 1329 1730 1330
f 1330 1730 1731
f 1330 1731 1331
f 1331 1731 1732
f 1331 1732 1332
f 1332 1732 1733
f 1332 1733 1333
f 1333 1733 1734
f 1333 1734 1334
f 1334 1734 1735
f 1334 1735 1335
f 1335 1735 1736
f 1335 1736 1336
f 1336 1736 1737
f 1336 1737 1337
f 1337 1737 1738
f 1337 1738 1338
f 1338 1738 1739
f 1338 1739 1339
f 1339 1739 1740
f 1339 1740 1340
f 1340 1740 1741
f 1340 1741 1341
f 1341 1741 1742
f 1341 1742 1342
f 1342 1742 1743
f 1342 1743 1343
f 1343 1743 1744
f 1343 1744 1344
f 1344 1744 1745
f 1344 1745 1345
f 1345 1745 1746
f 1345 1746 1346
f 1346 1746 1747
f 1346 1747 1347
f 1347 1747 1748
f 1347 1748 1348
f 1348 1748 1749
f 1348 1749 1349
f 1349 1749 1750
f 1349 1750 1350
f 1350 1750 1751
f 1350 1751 1351
f 1351 1751 1752
f 1351 1752 1352
f 1352 1752 1753
f 1352 1753 1353
f 1353 1753 1754
f 1353 1754 1354
f 1354 1754 1755
f 1354 1755 1355
f 1355 1755 1756
f 1355 1756 1356
f 1356 1756 1757
f 1356 1757 1357
f 1357 1757 1758
f 1357 1758 1358
f 1358 1758 1759
f 1358 1759 1359
f 1359 1759 1760
f 1359 1760 1360
f 1360 1760 1761
f 1360 1761 1361
f 1361 1761 1762
f 1361 1762 1362
f 1362 1762 1763
f 1362 1763 1363
f 1363 1763 1764
f 1363 1764 1364
f 1364 1764 1765
f 1364 1765 1365
f 1365 1765 1766
f 1365 1766 1366
f 1366 1766 1767
f 1366 1767 1367
f 1367 1767 1768
f 1367 1768 1368
f 1368 1768 1769
f 1368 1769 1369
f 1369 1769 1770
f 1369 1770 1370
f 1370 1770 1771
f 1370 1771 1371
f 1371 1771 1772
f 1371 1772 1372
f 1372 1772 1773
f 1372 1773 1373
f 1373 1773 1774
f 1373 1774 1374
f 1374 1774 1775
f 1374 1775 1375
f 1375 1775 1776
f 1375 1776 1376
f 1376 1776 1777
f 1376 1777 1377
f 1377 1777 1778
f 1377 1778 1378
f 1378 1778 1779
f 1378 1779 1379
f 1379 1779 1780
f 1379 1780 1380
f 1380 1780 1781
f 1380 1781 1381
f 1381 1781 1782
f 1381 1782 1382
f 1382 1782 1783
f 1382 1783 1383
f 1383 1783 1784
f 1383 1784 1384
f 1384 1784 1785
f 1384 1785 1385
f 1385 1785 1786
f 1385 1786 1386
f 1386 1786 1787
f 1386 1787 1387
f 1387 1787 1788
f 1387 1788 1388
f 1388 1788 1789
f 1388 1789 1389
f 1389 1789 1790
f 1389 1790 1390
f 1390 1790 1791
f 1390 1791 1391
f 1391 1791 1792
f 1391 1792 1392
f 1392 1792 1793
f 1392 1793 1393
f 1393 1793 1794
f 1393 1794 1394
f 1394 1794 1795
f 1394 1795 1395
f 1395 1795 1796
f 1395 1796 1396
f 1396 1796 1797
f 1396 1797 1397
f 1397 1797 1798
f 1397 1798 1398
f 1398 1798 1799
f 1398 1799 1399
f 1399 1799 1800
f 1399 1800 1400
f 1400 1800 1801
f 1400 1801 1401
f 1401 1801 1802
f 1401 1802 1402
f 1402 1802 1803
f 1402 1803 1403
f 1403 1803 1804
f 1403 1804 1404
f 1404 1804 1805
f 1404 1805 1405
f 1405 1805 1806
f 1405 1806 1406
f 1406 1806 1807
f 1406 1807 1407
f 1407 1807 1808
f 1407 1808 1408
f 1408 1808 1809
f 1408 1809 1409
f 1409 1809 1810
f 1409 1810 1410
f 1410 1810 1811
f 1410 1811 1411
f 1411 1811 1812
f 1411 1812 1412
f 1412 1812 1813
f 1412 1813 1413
f 1413 1813 1814
f 1413 1814 1414
f 1414 1814 1815
f 1414 1815 1415
f 1415 1815 1816
f 1415 1816 1416
f 1416 1816 1817
f 1416 1817 1417
f 1417 1817 1818
f 1417 1818 1418
f 1418 1818 1819
f 1418 1819 1419
f 1419 1819 1820
f 1419 1820 1420
f 1420 1820 1821
f 1420 1821 1421
f 1421 1821 1822
f 1421 1822 1422
f 1422 1822 1823
f 1422 1823 1423
f 1423 1823 1824
f 1423 1824 1424
f 1424 1824 1825
f 1424 1825 1425
f 1425 1825 1826
f 1425 1826 1426
f 1426 1826 1827
f 1426 1827 1427
f 1427 1827 1828
f 1427 1828 1428
f 1428 1828 1829
f 1428 1829 1429
f 1429 1829 1830
f 1429 1830 1430
f 1430 1830 1831
f 1430 1831 1431
f 1431 1831 1832
f 1431 1832 1432
f 1432 1832 1833
f 1432 1833 1433
f 1433 1833 1834
f 1433 1834 1434
f 1434 1834 1835
f 1434 1835 1435
f 1435 1835 1836
f 1435 1836 1436
f 1436 1836 1837
f 1436 1837 1437
f 1437 1837 1838
f 1437 1838 1438
f 1438 1838 1839
f 1438 1839 1439
f 1439 1839 1840
f 1439 1840 1440
f 1440 1840 1841
f 1440 1841 1441
f 1441 1841 1842
f 1441 1842 1442
f 1442 1842 1843
f 1442 1843 1443
f 1443 1843 1844
f 1443 1844 1444
f 1444 1844 1845
f 1444 1845 1445
f 1445 1845 1846
f 1445 1846 1446
f 1446 1846 1847
f 1446 1847 1447
f 1447 1847 1848
f 1447 1848 1448
f 1448 1848 1849
f 1448 1849 1449
f 1449 1849 1850
f 1449 1850 1450
f 1450 1850 1851
f 1450 1851 1451
f 1451 1851 1852
f 1451 1852 1452
f 1452 1852 1853
f 1452 1853 1453
f 1453 1853 1854
f 1453 1854 1454
f 1454 1854 1855
f 1454 1855 1455
f 1455 1855 1856
f 1455 1856 1456
f 1456 1856 1857
f 1456 1857 1457
f 1457 1857 1858
f 1457 1858 1458
f 1458 1858 1859
f 1458 1859 1459
f 1459 1859 1860
f 1459 1860 1460
f 1460 1860 1861
f 1460 1861 1461
f 1461 1861 1862
f 1461 1862 1462
f 1462 1862 1863
f 1462 1863 1463
f 1463 1863 1864
f 1463 1864 1464
f 1464 1864 1865
f 1464 1865 1465
f 1465 1865 1866
f 1465 1866 1466
f 1466 1866 1867
f 1466 1867 1467
f 1467 1867 1868
f 1467 1868 1468
f 1468 1868 1869
f 1468 1869 1469
f 1469 1869 1870
f 1469 1870 1470
f 1470 1870 1871
f 1470 1871 1471
f 1471 1871 1872
f 1471 1872 1472
f 1472 1872 1873
f 1472 1873 1473
f 1473 1873 1874
f 1473 1874 1474
f 1474 1874 1875
f 1474 1875 1475
f 1475 1875 1876
f 1475 1876 1476
f 1476 1876 1877
f 1476 1877 1477
f 1477 1877 1878
f 1477 1878 1478
f 1478 1878 1879
f 1478 1879 1479
f 1479 1879 1880
f 1479 1880 1480
f 1480 1880 1881
f 1480 1881 1481
f 1481 1881 1882
f 1481 1882 1482
f 1482 1882 1883
f 1482 1883 1483
f 1483 1883 1884
f 1483 1884 1484
f 1484 1884 1885
f 1484 1885 1485
f 1485 1885 1886
f 1485 1886 1486
f 1486 1886 1887
f 1486 1887 1487
f 1487 1887 1888
f 1487 1888 1488
f 1488 1888 1889
f 1488 1889 1489
f 1489 1889 1890
f 1489 1890 1490
f 1490 1890 1891
f 1490 1891 1491
f 1491 1891 1892
f 1491 1892 1492
f 1492 1892 1893
f 1492 1893 1493
f 1493 1893 1894
f 1493 1894 1494
f 1494 1894 1895
f 1494 1895 1495
f 1495 1895 1896
f 1495 1896 1496
f 1496 1896 1897
f 1496 1897 1497
f 1497 1897 1898
f 1497 1898 1498
f 1498 1898 1899
f 1498 1899 1499
f 1499 1899 1900
f 1499 1900 1500
f 1500 1900 1901
f 1500 1901 1501
f 1501 1901 1902
f 1501 1902 1502
f 1502 1902 1903
f 1502 1903 1503
f 1503 1903 1904
f 1503 1904 1504
f 1504 1904 1905
f 1504 1905 1505
f 1505 1905 1906
f 1505 1906 1506
f 1506 1906 1907
f 1506 1907 1507
f 1507 1907 1908
f 1507 1908 1508
f 1508 1908 1909
f 1508 1909 1509
f 1509 1909 1910
f 1509 1910 1510
f 1510 1910 1911
f 1510 1911 1511
f 1511 1911 1912
f 1511 1912 1512
f 1512 1912 1913
f 1512 1913 1513
f 1513 1913 1914
f 1513 1914 1514
f 1514 1914 1915
f 1514 1915 1515
f 1515 1915 1916
f 1515 1916 1516
f 1516 1916 1917
f 1516 1917 1517
f 1517 1917 1918
f 1517 1918 1518
f 1518 1918 1919
f 1518 1919 1519
f 1519 1919 1920
f 1519 1920 1520
f 1520 1920 1921
f 1520 1921 1521
f 1521 1921 1922
f 1521 1922 1522
f 1522 1922 1923
f 1522 1923 1523
f 1523 1923 1924
f 1523 1924 1524
f 1524 1924 1925
f 1524 1925 1525
f 1525 1925 1926
f 1525 1926 1526
f 1526 1926 1927
f 1526 1927 1527
f 1527 1927 1928
f 1527 1928 1528
f 1528 1928 1929
f 1528 1929 1529
f 1529 1929 1930
f 1529 1930 1530
f 1530 1930 1931
f 1530 1931 1531
f 1531 1931 1932
f 1531 1932 1532
f 1532 1932 1933
f 1532 1933 1533
f 1533 1933 1934
f 1533 1934 1534
f 1534 1934 1935
f 1534 1935 1535
f 1535 1935 1936
f 1535 1936 1536
f 1536 1936 1937
f 1536 1937 1537
f 1537 1937 1938
f 1537 1938 1538
f 1538 1938 1939
f 1538 1939 1539
f 1539 1939 1940
f 1539 1940 1540
f 1540 1940 1941
f 1540 1941 1541
f 1541 1941 1942
f 1541 1942 1542
f 1542 1942 1943
f 1542 1943 1543
f 1543 1943 1944
f 1543 1944 1544
f 1544 1944 1945
f 1544 1945 1545
f 1545 1945 1946
f 1545 1946 1546
f 1546 1946 1947
f 1546 1947 1547
f 1547 1947 1948
f 1547 1948 1548
f 1548 1948 1949
f 1548 1949 1549
f 1549 1949 1950
f 1549 1950 1550
f 1550 1950 1951
f 1550 1951 1551
f 1551 1951 1952
f 1551 1952 1552
f 1552 1952 1953
f 1552 1953 1553
f 1553 1953 1954
f 1553 1954 1554
f 1554 1954 1955
f 1554 1955 1555
f 1555 1955 1956
f 1555 1956 1556
f 1556 1956 1957
f 1556 1957 1557
f 1557 1957 1958
f 1557 1958 1558
f 1558 1958 1959
f 1558 1959 1559
f 1559 1959 1960
f 1559 1960 1560
f 1560 1960 1961
f 1560 1961 1561
f 1561 1961 1962
f 1561 1962 1562
f 1562 1962 1963
f 1562 1963 1563
f 1563 1963 1964
f 1563 1964 1564
f 1564 1964 1965
f 1564 1965 1565
f 1565 1965 1966
f 1565 1966 1566
f 1566 1966 1967
f 1566 1967 1567
f 1567 1967 1968
f 1567 1968 1568
f 1568 1968 1969
f 1568 1969 1569
f 1569 1969 1970
f 1569 1970 1570
f 1570 1970 1971
f 1570 1971 1571
f 1571 1971 1972
f 1571 1972 1572
f 1572 1972 1973
f 1572 1973 1573
f 1573 1973 1974
f 1573 1974 1574
f 1574 1974 1975
f 1574 1975 1575
f 1575 1975 1976
f 1575 1976 1576
f 1576 1976 1977
f 1576 1977 1577
f 1577 1977 1978
f 1577 1978 1578
f 1578 1978 1979
f 1578 1979 1579
f 1579 1979 1980
f 1579 1980 1580
f 1580 1980 1981
f 1580 1981 1581
f 1581 1981 1982
f 1581 1982 1582
f 1582 1982 1983
f 1582 1983 1583
f 1583 1983 1984
f 1583 1984 1584
f 1584 1984 1985
f 1584 1985 1585
f 1585 1985 1986
f 1585 1986 1586
f 1586 1986 1987
f 1586 1987 1587
f 1587 1987 1988
f 1587 1988 1588
f 1588 1988 1989
f 1588 1989 1589
f 1589 1989 1990
f 1589 1990 1590
f 1590 1990 1991
f 1590 1991 1591
f 1591 1991 1992
f 1591 1992 1592
f 1592 1992 1993
f 1592 1993 1593
f 1593 1993 1994
f 1593 1994 1594
f 1594 1994 1995
f 1594 1995 1595
f 1595 1995 1996
f 1595 1996 1596
f 1596 1996 1997
f 1596 1997 1597
f 1597 1997 1998
f 1597 1998 1598
f 1598 1998 1999
f 1598 1999 1599
f 1599 1999 2000
f 1599 2000 1600
f 1601 2001 2002
f 1601 2002 1602
f 1602 2002 2003
f 1602 2003 1603
f 1603 2003 2004
f 1603 2004 1604
f 1604 2004 2005
f 1604 2005 1605
f 1605 2005 2006
f 1605 2006 1606
f 1606 2006 2007
f 1606 2007 1607
f 1607 2007 2008
f 1607 2008 1608
f 1608 2008 2009
f 1608 2009 1609
f 1609 2009 2010
f 1609 2010 1610
f 1610 2010 2011
f 1610 2011 1611
f 1611 2011 2012
f 1611 2012 1612
f 1612 2012 2013
f 1612 2013 1613
f 1613 2013 2014
f 1613 2014 1614
f 1614 2014 2015
f 1614 2015 1615
f 1615 2015 2016
f 1615 2016 1616
f 1616 2016 2017
f 1616 2017 1617
f 1617 2017 2018
f 1617 2018 1618
f 1618 2018 2019
f 1618 2019 1619
f 1619 2019 2020
f 1619 2020 1620
f 1620 2020 2021
f 1620 2021 1621
f 1621 2021 2022
f 1621 2022 1622
f 1622 2022 2023
f 1622 2023 1623
f 1623 2023 2024
f 1623 2024 1624
f 1624 2024 2025
f 1624 2025 1625
f 1625 2025 2026
f 1625 2026 1626
f 1626 2026 2027
f 1626 2027 1627
f 1627 2027 2028
f 1627 2028 1628
f 1628 2028 2029
f 1628 2029 1629
f 1629 2029 2030
f 1629 2030 1630
f 1630 2030 2031
f 1630 2031 1631
f 1631 2031 2032
f 1631 2032 1632
f 1632 2032 2033
f 1632 2033 1633
f 1633 2033 2034
f 1633 2034 1634
f 1634 2034 2035
f 1634 2035 1635
f 1635 2035 2036
f 1635 2036 1636
f 1636 2036 2037
f 1636 2037 1637
f 1637 2037 2038
f 1637 2038 1638
f 1638 2038 2039
f 1638 2039 1639
f 1639 2039 2040
f 1639 2040 1640
f 1640 2040 2041
f 1640 2041 1641
f 1641 2041 2042
f 1641 2042 1642
f 1642 2042 2043
f 1642 2043 1643
f 1643 2043 2044
f 1643 2044 1644
f 1644 2044 2045
f 1644 2045 1645
f 1645 2045 2046
f 1645 2046 1646
f 1646 2046 2047
f 1646 2047 1647
f 1647 2047 2048
f 1647 2048 1648
f 1648 2048 2049
f 1648 2049 1649
f 1649 2049 2050
f 1649 2050 1650
f 1650 2050 2051
f 1650 2051 1651
f 1651 2051 2052
f 1651 2052 1652
f 1652 2052 2053
f 1652 2053 1653
f 1653 2053 2054
f 1653 2054 1654
f 1654 2054 2055
f 1654 2055 1655
f 1655 2055 2056
f 1655 2056 1656
f 1656 2056 2057
f 1656 2057 1657
f 1657 2057 2058
f 1657 2058 1658
f 1658 2058 2059
f 1658 2059 1659
f 1659 2059 2060
f 1659 2060 1660
f 1660 2060 2061
f 1660 2061 1661
f 1661 2061 2062
f 1661 2062 1662
f 1662 2062 2063
f 1662 2063 1663
f 1663 2063 2064
f 1663 2064 1664
f 1664 2064 2065
f 1664 2065 1665
f 1665 2065 2066
f 1665 2066 1666
f 1666 2066 2067
f 1666 2067 1667
f 1667 2067 2068
f 1667 2068 1668
f 1668 2068 2069
f 1668 2069 1669
f 1669 2069 2070
f 1669 2070 1670
f 1670 2070 2071
f 1670 2071 1671
f 1671 2071 2072
f 1671 2072 1672
f 1672 2072 2073
f 1672 2073 1673
f 1673 2073 2074
f 1673 2074 1674
f 1674 2074 2075
f 1674 2075 1675
f 1675 2075 2076
f 1675 2076 1676
f 1676 2076 2077
f 1676 2077 1677
f 1677 2077 2078
f 1677 2078 1678
f 1678 2078 2079
f 1678 2079 1679
f 1679 2079 2080
f 1679 2080 1680
f 1680 2080 2081
f 1680 2081 1681
f 1681 2081 2082
f 1681 2082 1682
f 1682 2082 2083
f 1682 2083 1683
f 1683 2083 2084
f 1683 2084 1684
f 1684 2084 2085
f 1684 2085 1685
f 1685 2085 2086
f 1685 2086 1686
f 1686 2086 2087
f 1686 2087 1687
f 1687 2087 2088
f 1687 2088 1688
f 1688 2088 2089
f 1688 2089 1689
f 1689 2089 2090
f 1689 2090 1690
f 1690 2090 2091
f 1690 2091 1691
f 1691 2091 2092
f 1691 2092 1692
f 1692 2092 2093
f 1692 2093 1693
f 1693 2093 2094
f 1693 2094 1694
f 1694 2094 2095
f 1694 2095 1695
f 1695 2095 2096
f 1695 2096 1696
f 1696 2096 2097
f 1696 2097 1697
f 1697 2097 2098
f 1697 2098 1698
f 1698 2098 2099
f 1698 2099 1699
f 1699 2099 2100
f 1699 2100 1700
f 1700 2100 2101
f 1700 2101 1701
f 1701 2101 2102
f 1701 2102 1702
f 1702 2102 2103
f 1702 2103 1703
f 1703 2103 2104
f 1703 2104 1704
f 1704 2104 2105
f 1704 2105 1705
f 1705 2105 2106
f 1705 2106 1706
f 1706 2106 2107
f 1706 2107 1707
f 1707 2107 2108
f 1707 2108 1708
f 1708 2108 2109
f 1708 2109 1709
f 1709 2109 2110
f 1709 2110 1710
f 1710 2110 2111
f 1710 2111 1711
f 1711 2111 2112
f 1711 2112 1712
f 1712 2112 2113
f 1712 2113 1713
f 1713 2113 2114
f 1713 2114 1714
f 1714 2114 2115
f 1714 2115 1715
f 1715 2115 2116
f 1715 2116 1716
f 1716 2116 2117
f 1716 2117 1717
f 1717 2117 2118
f 1717 2118 1718
f 1718 2118 2119
f 1718 2119 1719
f 1719 2119 2120
f 1719 2120 1720
f 1720 2120 2121
f 1720 2121 1721
f 1721 2121 2122
f 1721 2122 1722
f 1722 2122 2123
f 1722 2123 1723
f 1723 2123 2124
f 1723 2124 1724
f 1724 2124 2125
f 1724 2125 1725
f 1725 2125 2126
f 1725 2126 1726
f 1726 2126 2127
f 1726 2127 1727
f 1727 2127 2128
f 1727 2128 1728
f 1728 2128 2129
f 1728 2129 1729
f 1729 2129 2130
f 1729 2130 1730
f 1730 2130 2131
f 1730 2131 1731
f 1731 2131 2132
f 1731 2132 1732
f 1732 2132 2133
f 1732 2133 1733
f 1733 2133 2134
f 1733 2134 1734
f 1734 2134 2135
f 1734 2135 1735
f 1735 2135 2136
f 1735 2136 1736
f 1736 2136 2137
f 1736 2137 1737
f 1737 2137 2138
f 1737 2138 1738
f 1738 2138 2139
f 1738 2139 1739
f 1739 2139 2140
f 1739 2140 1740
f 1740 2140 2141
f 1740 2141 1741
f 1741 2141 2142
f 1741 2142 1742
f 1742 2142 2143
f 1742 2143 1743
f 1743 2143 2144
f 1743 2144 1744
f 1744 2144 2145
f 1744 2145 1745
f 1745 2145 2146
f 1745 2146 1746
f 1746 2146 2147
f 1746 2147 1747
f 1747 2147 2148
f 1747 2148 1748
f 1748 2148 2149
f 1748 2149 1749
f 1749 2149 2150
f 1749 2150 1750
f 1750 2150 2151
f 1750 2151 1751
f 1751 2151 2152
f 1751 2152 1752
f 1752 2152 2153
f 1752 2153 1753
f 1753 2153 2154
f 1753 2154 1754
f 1754 2154 2155
f 1754 2155 1755
f 1755 2155 2156
f 1755 2156 1756
f 1756 2156 2157
f 1756 2157 1757
f 1757 2157 2158
f 1757 2158 1758
f 1758 2158 2159
f 1758 2159 1759
f 1759 2159 2160
f 1759 2160 1760
f 1760 2160 2161
f 1760 2161 1761
f 1761 2161 2162
f 1761 2162 1762
f 1762 2162 2163
f 1762 2163 1763
f 1763 2163 2164
f 1763 2164 1764
f 1764 2164 2165
f 1764 2165 1765
f 1765 2165 2166
f 1765 2166 1766
f 1766 2166 2167
f 1766 2167 1767
f 1767 2167 2168
f 1767 2168 1768
f 1768 2168 2169
f 1768 2169 1769
f 1769 2169 2170
f 1769 2170 1770
f 1770 2170 2171
f 1770 2171 1771
f 1771 2171 2172
f 1771 2172 1772
f 1772 2172 2173
f 1772 2173 1773
f 1773 2173 2174
f 1773 2174 1774
f 1774 2174 2175
f 1774 2175 1775
f 1775 2175 2176
f 1775 2176 1776
f 1776 2176 2177
f 1776 2177 1777
f 1777 2177 2178
f 1777 2178 1778
f 1778 2178 2179
f 1778 2179 1779
f 1779 2179 2180
f 1779 2180 1780
f 1780 2180 2181
f 1780 2181 1781
f 1781 2181 2182
f 1781 2182 1782
f 1782 2182 2183
f 1782 2183 1783
f 1783 2183 2184
f 1783 2184 1784
f 1784 2184 2185
f 1784 2185 1785
f 1785 2185 2186
f 1785 2186 1786
f 1786 2186 2187
f 1786 2187 1787
f 1787 2187 2188
f 1787 2188 1788
f 1788 2188 2189
f 1788 2189 1789
f 1789 2189 2190
f 1789 2190 1790
f 1790 2190 2191
f 1790 2191 1791
f 1791 2191 2192
f 1791 2192 1792
f 1792 2192 2193
f 1792 2193 1793
f 1793 2193 2194
f 1793 2194 1794
f 1794 2194 2195
f 1794 2195 1795
f 1795 2195 2196
f 1795 2196 1796
f 1796 2196 2197
f 1796 2197 1797
f 1797 2197 2198
f 1797 2198 1798
f 1798 2198 2199
f 1798 2199 1799
f 1799 2199 2200
f 1799 2200 1800
f 1800 2200 2201
f 1800 2201 1801
f 1801 2201 2202
f 1801 2202 1802
f 1802 2202 2203
f 1802 2203 1803
f 1803 2203 2204
f 1803 2204 1804
f 1804 2204 2205
f 1804 2205 1805
f 1805 2205 2206
f 1805 2206 1806
f 1806 2206 2207
f 1806 2207 1807
f 1807 2207 2208
f 1807 2208 1808
f 1808 2208 2209
f 1808 2209 1809
f 1809 2209 2210
f 1809 2210 1810
f 1810 2210 2211
f 1810 2211 1811
f 1811 2211 2212
f 1811 2212 1812
f 1812 2212 2213
f 1812 2213 1813
f 1813 2213 2214
f 1813 2214 1814
f 1814 2214 2215
f 1814 2215 1815
f 1815 2215 2216
f 1815 2216 1816
f 1816 2216 2217
f 1816 2217 1817
f 1817 2217 2218
f 1817 2218 1818
f 1818 2218 2219
f 1818 2219 1819
f 1819 2219 2220
f 1819 2220 1820
f 1820 2220 2221
f 1820 2221 1821
f 1821 2221 2222
f 1821 2222 1822
f 1822 2222 2223
f 1822 2223 1823
f 1823 2223 2224
f 1823 2224 1824
f 1824 2224 2225
f 1824 2225 1825
f 1825 2225 2226
f 1825 2226 1826
f 1826 2226 2227
f 1826 2227 1827
f 1827 2227 2228
f 1827 2228 1828
f 1828 2228 2229
f 1828 2229 1829
f 1829 2229 2230
f 1829 2230 1830
f 1830 2230 2231
f 1830 2231 1831
f 1831 2231 2232
f 1831 2232 1832
f 1832 2232 2233
f 1832 2233 1833
f 1833 2233 2234
f 1833 2234 1834
f 1834 2234 2235
f 1834 2235 1835
f 1835 2235 2236
f 1835 2236 1836
f 1836 2236 2237
f 1836 2237 1837
f 1837 2237 2238
f 1837 2238 1838
f 1838 2238 2239
f 1838 2239 1839
f 1839 2239 2240
f 1839 2240 1840
f 1840 2240 2241
f 1840 2241 1841
f 1841 2241 2242
f 1841 2242 1842
f 1842 2242 2243
f 1842 2243 1843
f 1843 2243 2244
f 1843 2244 1844
f 1844 2244 2245
f 1844 2245 1845
f 1845 2245 2246
f 1845 2246 1846
f 1846 2246 2247
f 1846 2247 1847
f 1847 2247 2248
f 1847 2248 1848
f 1848 2248 2249
f 1848 2249 1849
f 1849 2249 2250
f 1849 2250 1850
f 1850 2250 2251
f 1850 2251 1851
f 1851 2251 2252
f 1851 2252 1852
f 1852 2252 2253
f 1852 2253 1853
f 1853 2253 2254
f 1853 2254 1854
f 1854 2254 2255
f 1854 2255 1855
f 1855 2255 2256
f 1855 2256 1856
f 1856 2256 2257
f 1856 2257 1857
f 1857 2257 2258
f 1857 2258 1858
f 1858 2258 2259
f 1858 2259 1859
f 1859 2259 2260
f 1859 2260 1860
f 1860 2260 2261
f 1860 2261 1861
f 1861 2261 2262
f 1861 2262 1862
f 1862 2262 2263
f 1862 2263 1863
f 1863 2263 2264
f 1863 2264 1864
f 1864 2264 2265
f 1864 2265 1865
f 1865 2265 2266
f 1865 2266 1866
f 1866 2266 2267
f 1866 2267 1867
f 1867 2267 2268
f 1867 2268 1868
f 1868 2268 2269
f 1868 2269 1869
f 1869 2269 2270
f 1869 2270 1870
f 1870 2270 2271
f 1870 2271 1871
f 1871 2271 2272
f 1871 2272 1872
f 1872 2272 2273
f 1872 2273 1873
f 1873 2273 2274
f 1873 2274 1874
f 1874 2274 2275
f 1874 2275 1875
f 1875 2275 2276
f 1875 2276 1876
f 1876 2276 2277
f 1876 2277 1877
f 1877 2277 2278
f 1877 2278 1878
f 1878 2278 2279
f 1878 2279 1879
f 1879 2279 2280
f 1879 2280 1880
f 1880 2280 2281
f 1880 2281 1881
f 1881 2281 2282
f 1881 2282 1882
f 1882 2282 2283
f 1882 2283 1883
f 1883 2283 2284
f 1883 2284 1884
f 1884 2284 2285
f 1884 2285 1885
f 1885 2285 2286
f 1885 2286 1886
f 1886 2286 2287
f 1886 2287 1887
f 1887 2287 2288
f 1887 2288 1888
f 1888 2288 2289
f 1888 2289 1889
f 1889 2289 2290
f 1889 2290 1890
f 1890 2290 2291
f 1890 2291 1891
f 1891 2291 2292
f 1891 2292 1892
f 1892 2292 2293
f 1892 2293 1893
f 1893 2293 2294
f 1893 2294 1894
f 1894 2294 2295
f 1894 2295 1895
f 1895 2295 2296
f 1895 2296 1896
f 1896 2296 2297
f 1896 2297 1897
f 1897 2297 2298
f 1897 2298 1898
f 1898 2298 2299
f 1898 2299 1899
f 1899 2299 2300
f 1899 2300 1900
f 1900 2300 2301
f 1900 2301 1901
f 1901 2301 2302
f 1901 2302 1902
f 1902 2302 2303
f 1902 2303 1903
f 1903 2303 2304
f 1903 2304 1904
f 1904 2304 2305
f 1904 2305 1905
f 1905 2305 2306
f 1905 2306 1906
f 1906 2306 2307
f 1906 2307 1907
f 1907 2307 2308
f 1907 2308 1908
f 1908 2308 2309
f 1908 2309 1909
f 1909 2309 2310
f 1909 2310 1910
f 1910 2310 2311
f 1910 2311 1911
f 1911 2311 2312
f 1911 2312 1912
f 1912 2312 2313
f 1912 2313 1913
f 1913 2313 2314
f 1913 2314 1914
f 1914 2314 2315
f 1914 2315 1915
f 1915 2315 2316
f 1915 2316 1916
f 1916 2316 2317
f 1916 2317 1917
f 1917 2317 2318
f 1917 2318 1918
f 1918 2318 2319
f 1918 2319 1919
f 1919 2319 2320
f 1919 2320 1920
f 1920 2320 2321
f 1920 2321 1921
f 1921 2321 2322
f 1921 2322 1922
f 1922 2322 2323
f 1922 2323 1923
f 1923 2323 2324
f 1923 2324 1924
f 1924 2324 2325
f 1924 2325 1925
f 1925 2325 2326
f 1925 2326 1926
f 1926 2326 2327
f 1926 2327 1927
f 1927 2327 2328
f 1927 2328 1928
f 1928 2328 2329
f 1928 2329 1929
f 1929 2329 2330
f 1929 2330 1930
f 1930 2330 2331
f 1930 2331 1931
f 1931 2331 2332
f 1931 2332 1932
f 1932 2332 2333
f 1932 2333 1933
f 1933 2333 2334
f 1933 2334 1934
f 1934 2334 2335
f 1934 2335 1935
f 1935 2335 2336
f 1935 2336 1936
f 1936 2336 2337
f 1936 2337 1937
f 1937 2337 2338
f 1937 2338 1938
f 1938 2338 2339
f 1938 2339 1939
f 1939 2339 2340
f 1939 2340 1940
f 1940 2340 2341
f 1940 2341 1941
f 1941 2341 2342
f 1941 2342 1942
f 1942 2342 2343
f 1942 2343 1943
f 1943 2343 2344
f 1943 2344 1944
f 1944 2344 2345
f 1944 2345 1945
f 1945 2345 2346
f 1945 2346 1946
f 1946 2346 2347
f 1946 2347 1947
f 1947 2347 2348
f 1947 2348 1948
f 1948 2348 2349
f 1948 2349 1949
f 1949 2349 2350
f 1949 2350 1950
f 1950 2350 2351
f 1950 2351 1951
f 1951 2351 2352
f 1951 2352 1952
f 1952 2352 2353
f 1952 2353 1953
f 1953 2353 2354
f 1953 2354 1954
f 1954 2354 2355
f 1954 2355 1955
f 1955 2355 2356
f 1955 2356 1956
f 1956 2356 2357
f 1956 2357 1957
f 1957 2357 2358
f 1957 2358 1958
f 1958 2358 2359
f 1958 2359 1959
f 1959 2359 2360
f 1959 2360 1960
f 1960 2360 2361
f 1960 2361 1961
f 1961 2361 2362
f 1961 2362 1962
f 1962 2362 2363
f 1962 2363 1963
f 1963 2363 2364
f 1963 2364 1964
f 1964 2364 2365
f 1964 2365 1965
f 1965 2365 2366
f 1965 2366 1966
f 1966 2366 2367
f 1966 2367 1967
f 1967 2367 2368
f 1967 2368 1968
f 1968 2368 2369
f 1968 2369 1969
f 1969 2369 2370
f 1969 2370 1970
f 1970 2370 2371
f 1970 2371 1971
f 1971 2371 2372
f 1971 2372 1972
f 1972 2372 2373
f 1972 2373 1973
f 1973 2373 2374
f 1973 2374 1974
f 1974 2374 2375
f 1974 2375 1975
f 1975 2375 2376
f 1975 2376 1976
f 1976 2376 2377
f 1976 2377 1977
f 1977 2377 2378
f 1977 2378 1978
f 1978 2378 2379
f 1978 2379 1979
f 1979 2379 2380
f 1979 2380 1980
f 1980 2380 2381
f 1980 2381 1981
f 1981 2381 2382
f 1981 2382 1982
f 1982 2382 2383
f 1982 2383 1983
f 1983 2383 2384
f 1983 2384 1984
f 1984 2384 2385
f 1984 2385 1985
f 1985 2385 2386
f 1985 2386 1986
f 1986 2386 2387
f 1986 2387 1987
f 1987 2387 2388
f 1987 2388 1988
f 1988 2388 2389
f 1988 2389 1989
f 1989 2389 2390
f 1989 2390 1990
f 1990 2390 2391
f 1990 2391 1991
f 1991 2391 2392
f 1991 2392 1992
f 1992 2392 2393
f 1992 2393 1993
f 1993 2393 2394
f 1993 2394 1994
f 1994 2394 2395
f 1994 2395 1995
f 1995 2395 2396
f 1995 2396 1996
f 1996 2396 2397
f 1996 2397 1997
f 1997 2397 2398
f 1997 2398 1998
f 1998 2398 2399
f 1998 2399 1999
f 1999 2399 2400
f 1999 2400 2000
f 2001 2401 2402
f 2001 2402 2002
f 2002 2402 2403
f 2002 2403 2003
f 2003 2403 2404
f 2003 2404 2004
f 2004 2404 2405
f 2004 2405 2005
f 2005 2405 2406
f 2005 2406 2006
f 2006 2406 2407
f 2006 2407 2007
f 2007 2407 2408
f 2007 2408 2008
f 2008 2408 2409
f 2008 2409 2009
f 2009 2409 2410
f 2009 2410 2010
f 2010 2410 2411
f 2010 2411 2011
f 2011 2411 2412
f 2011 2412 2012
f 2012 2412 2413
f 2012 2413 2013
f 2013 2413 2414
f 2013 2414 2014
f 2014 2414 2415
f 2014 2415 2015
f 2015 2415 2416
f 2015 2416 2016
f 2016 2416 2417
f 2016 2417 2017
f 2017 2417 2418
f 2017 2418 2018
f 2018 2418 2419
f 2018 2419 2019
f 2019 2419 2420
f 2019 2420 2020
f 2020 2420 2421
f 2020 2421 2021
f 2021 2421 2422
f 2021 2422 2022
f 2022 2422 2423
f 2022 2423 2023
f 2023 2423 2424
f 2023 2424 2024
f 2024 2424 2425
f 2024 2425 2025
f 2025 2425 2426
f 2025 2426 2026
f 2026 2426 2427
f 2026 2427 2027
f 2027 2427 2428
f 2027 2428 2028
f 2028 2428 2429
f 2028 2429 2029
f 2029 2429 2430
f 2029 2430 2030
f 2030 2430 2431
f 2030 2431 2031
f 2031 2431 2432
f 2031 2432 2032
f 2032 2432 2433
f 2032 2433 2033
f 2033 2433 2434
f 2033 2434 2034
f 2034 2434 2435
f 2034 2435 2035
f 2035 2435 2436
f 2035 2436 2036
f 2036 2436 2437
f 2036 2437 2037
f 2037 2437 2438
f 2037 2438 2038
f 2038 2438 2439
f 2038 2439 2039
f 2039 2439 2440
f 2039 2440 2040
f 2040 2440 2441
f 2040 2441 2041
f 2041 2441 2442
f 2041 2442 2042
f 2042 2442 2443
f 2042 2443 2043
f 2043 2443 2444
f 2043 2444 2044
f 2044 2444 2445
f 2044 2445 2045
f 2045 2445 2446
f 2045 2446 2046
f 2046 2446 2447
f 2046 2447 2047
f 2047 2447 2448
f 2047 2448 2048
f 2048 2448 2449
f 2048 2449 2049
f 2049 2449 2450
f 2049 2450 2050
f 2050 2450 2451
f 2050 2451 2051
f 2051 2451 2452
f 2051 2452 2052
f 2052 2452 2453
f 2052 2453 2053
f 2053 2453 2454
f 2053 2454 2054
f 2054 2454 2455
f 2054 2455 2055
f 2055 2455 2456
f 2055 2456 2056
f 2056 2456 2457
f 2056 2457 2057
f 2057 2457 2458
f 2057 2458 2058
f 2058 2458 2459
f 2058 2459 2059
f 2059 2459 2460
f 2059 2460 2060
f 2060 2460 2461
f 2060 2461 2061
f 2061 2461 2462
f 2061 2462 2062
f 2062 2462 2463
f 2062 2463 2063
f 2063 2463 2464
f 2063 2464 2064
f 2064 2464 2465
f 2064 2465 2065
f 2065 2465 2466
f 2065 2466 2066
f 2066 2466 2467
f 2066 2467 2067
f 2067 2467 2468
f 2067 2468 2068
f 2068 2468 2469
f 2068 2469 2069
f 2069 2469 2470
f 2069 2470 2070
f 2070 2470 2471
f 2070 2471 2071
f 2071 2471 2472
f 2071 2472 2072
f 2072 2472 2473
f 2072 2473 2073
f 2073 2473 2474
f 2073 2474 2074
f 2074 2474 2475
f 2074 2475 2075
f 2075 2475 2476
f 2075 2476 2076
f 2076 2476 2477
f 2076 2477 2077
f 2077 2477 2478
f 2077 2478 2078
f 2078 2478 2479
f 2078 2479 2079
f 2079 2479 2480
f 2079 2480 2080
f 2080 2480 2481
f 2080 2481 2081
f 2081 2481 2482
f 2081 2482 2082
f 2082 2482 2483
f 2082 2483 2083
f 2083 2483 2484
f 2083 2484 2084
f 2084 2484 2485
f 2084 2485 2085
f 2085 2485 2486
f 2085 2486 2086
f 2086 2486 2487
f 2086 2487 2087
f 2087 2487 2488
f 2087 2488 2088
f 2088 2488 2489
f 2088 2489 2089
f 2089 2489 2490
f 2089 2490 2090
f 2090 2490 2491
f 2090 2491 2091
f 2091 2491 2492
f 2091 2492 2092
f 2092 2492 2493
f 2092 2493 2093
f 2093 2493 2494
f 2093 2494 2094
f 2094 2494 2495
f 2094 2495 2095
f 2095 2495 2496
f 2095 2496 2096
f 2096 2496 2497
f 2096 2497 2097
f 2097 2497 2498
f 2097 2498 2098
f 2098 2498 2499
f 2098 2499 2099
f 2099 2499 2500
f 2099 2500 2100
f 2100 2500 2501
f 2100 2501 2101
f 2101 2501 2502
f 2101 2502 2102
f 2102 2502 2503
f 2102 2503 2103
f 2103 2503 2504
f 2103 2504 2104
f 2104 2504 2505
f 2104 2505 2105
f 2105 2505 2506
f 2105 2506 2106
f 2106 2506 2507
f 2106 2507 2107
f 2107 2507 2508
f 2107 2508 2108
f 2108 2508 2509
f 2108 2509 2109
f 2109 2509 2510
f 2109 2510 2110
f 2110 2510 2511
f 2110 2511 2111
f 2111 2511 2512
f 2111 2512 2112
f 2112 2512 2513
f 2112 2513 2113
f 2113 2513 2514
f 2113 2514 2114
f 2114 2514 2515
f 2114 2515 2115
f 2115 2515 2516
f 2115 2516 2116
f 2116 2516 2517
f 2116 2517 2117
f 2117 2517 2518
f 2117 2518 2118
f 2118 2518 2519
f 2118 2519 2119
f 2119 2519 2520
f 2119 2520 2120
f 2120 2520 2521
f 2120 2521 2121
f 2121 2521 2522
f 2121 2522 2122
f 2122 2522 2523
f 2122 2523 2123
f 2123 2523 2524
f 2123 2524 2124
f 2124 2524 2525
f 2124 2525 2125
f 2125 2525 2526
f 2125 2526 2126
f 2126 2526 2527
f 2126 2527 2127
f 2127 2527 2528
f 2127 2528 2128
f 2128 2528 2529
f 2128 2529 2129
f 2129 2529 2530
f 2129 2530 2130
f 2130 2530 2531
f 2130 2531 2131
f 2131 2531 2532
f 2131 2532 2132
f 2132 2532 2533
f 2132 2533 2133
f 2133 2533 2534
f 2133 2534 2134
f 2134 2534 2535
f 2134 2535 2135
f 2135 2535 2536
f 2135 2536 2136
f 2136 2536 2537
f 2136 2537 2137
f 2137 2537 2538
f 2137 2538 2138
f 2138 2538 2539
f 2138 2539 2139
f 2139 2539 2540
f 2139 2540 2140
f 2140 2540 2541
f 2140 2541 2141
f 2141 2541 2542
f 2141 2542 2142
f 2142 2542 2543
f 2142 2543 2143
f 2143 2543 2544
f 2143 2544 2144
f 2144 2544 2545
f 2144 2545 2145
f 2145 2545 2546
f 2145 2546 2146
f 2146 2546 2547
f 2146 2547 2147
f 2147 2547 2548
f 2147 2548 2148
f 2148 2548 2549
f 2148 2549 2149
f 2149 2549 2550
f 2149 2550 2150
f 2150 2550 2551
f 2150 2551 2151
f 2151 2551 2552
f 2151 2552 2152
f 2152 2552 2553
f 2152 2553 2153
f 2153 2553 2554
f 2153 2554 2154
f 2154 2554 2555
f 2154 2555 2155
f 2155 2555 2556
f 2155 2556 2156
f 2156 2556 2557
f 2156 2557 2157
f 2157 2557 2558
f 2157 2558 2158
f 2158 2558 2559
f 2158 2559 2159
f 2159 2559 2560
f 2159 2560 2160
f 2160 2560 2561
f 2160 2561 2161
f 2161 2561 2562
f 2161 2562 2162
f 2162 2562 2563
f 2162 2563 2163
f 2163 2563 2564
f 2163 2564 2164
f 2164 2564 2565
f 2164 2565 2165
f 2165 2565 2566
f 2165 2566 2166
f 2166 2566 2567
f 2166 2567 2167
f 2167 2567 2568
f 2167 2568 2168
f 2168 2568 2569
f 2168 2569 2169
f 2169 2569 2570
f 2169 2570 2170
f 2170 2570 2571
f 2170 2571 2171
f 2171 2571 2572
f 2171 2572 2172
f 2172 2572 2573
f 2172 2573 2173
f 2173 2573 2574
f 2173 2574 2174
f 2174 2574 2575
f 2174 2575 2175
f 2175 2575 2576
f 2175 2576 2176
f 2176 2576 2577
f 2176 2577 2177
f 2177 2577 2578
f 2177 2578 2178
f 2178 2578 2579
f 2178 2579 2179
f 2179 2579 2580
f 2179 2580 2180
f 2180 2580 2581
f 2180 2581 2181
f 2181 2581 2582
f 2181 2582 2182
f 2182 2582 2583
f 2182 2583 2183
f 2183 2583 2584
f 2183 2584 2184
f 2184 2584 2585
f 2184 2585 2185
f 2185 2585 2586
f 2185 2586 2186
f 2186 2586 2587
f 2186 2587 2187
f 2187 2587 2588
f 2187 2588 2188
f 2188 2588 2589
f 2188 2589 2189
f 2189 2589 2590
f 2189 2590 2190
f 2190 2590 2591
f 2190 2591 2191
f 2191 2591 2592
f 2191 2592 2192
f 2192 2592 2593
f 2192 2593 2193
f 2193 2593 2594
f 2193 2594 2194
f 2194 2594 2595
f 2194 2595 2195
f 2195 2595 2596
f 2195 2596 2196
f 2196 2596 2597
f 2196 2597 2197
f 2197 2597 2598
f 2197 2598 2198
f 2198 2598 2599
f 2198 2599 2199
f 2199 2599 2600
f 2199 2600 2200
f 2200 2600 2601
f 2200 2601 2201
f 2201 2601 2602
f 2201 2602 2202
f 2202 2602 2603
f 2202 2603 2203
f 2203 2603 2604
f 2203 2604 2204
f 2204 2604 2605
f 2204 2605 2205
f 2205 2605 2606
f 2205 2606 2206
f 2206 2606 2607
f 2206 2607 2207
f 2207 2607 2608
f 2207 2608 2208
f 2208 2608 2609
f 2208 2609 2209
f 2209 2609 2610
f 2209 2610 2210
f 2210 2610 2611
f 2210 2611 2211
f 2211 2611 2612
f 2211 2612 2212
f 2212 2612 2613
f 2212 2613 2213
f 2213 2613 2614
f 2213 2614 2214
f 2214 2614 2615
f 2214 2615 2215
f 2215 2615 2616
f 2215 2616 2216
f 2216 2616 2617
f 2216 2617 2217
f 2217 2617 2618
f 2217 2618 2218
f 2218 2618 2619
f 2218 2619 2219
f 2219 2619 2620
f 2219 2620 2220
f 2220 2620 2621
f 2220 2621 2221
f 2221 2621 2622
f 2221 2622 2222
f 2222 2622 2623
f 2222 2623 2223
f 2223 2623 2624
f 2223 2624 2224
f 2224 2624 2625
f 2224 2625 2225
f 2225 2625 2626
f 2225 2626 2226
f 2226 2626 2627
f 2226 2627 2227
f 2227 2627 2628
f 2227 2628 2228
f 2228 2628 2629
f 2228 2629 2229
f 2229 2629 2630
f 2229 2630 2230
f 2230 2630 2631
f 2230 2631 2231
f 2231 2631 2632
f 2231 2632 2232
f 2232 2632 2633
f 2232 2633 2233
f 2233 2633 2634
f 2233 2634 2234
f 2234 2634 2635
f 2234 2635 2235
f 2235 2635 2636
f 2235 2636 2236
f 2236 2636 2637
f 2236 2637 2237
f 2237 2637 2638
f 2237 2638 2238
f 2238 2638 2639
f 2238 2639 2239
f 2239 2639 2640
f 2239 2640 2240
f 2240 2640 2641
f 2240 2641 2241
f 2241 2641 2642
f 2241 2642 2242
f 2242 2642 2643
f 2242 2643 2243
f 2243 2643 2644
f 2243 2644 2244
f 2244 2644 2645
f 2244 2645 2245
f 2245 2645 2646
f 2245 2646 2246
f 2246 2646 2647
f 2246 2647 2247
f 2247 2647 2648
f 2247 2648 2248
f 2248 2648 2649
f 2248 2649 2249
f 2249 2649 2650
f 2249 2650 2250
f 2250 2650 2651
f 2250 2651 2251
f 2251 2651 2652
f 2251 2652 2252
f 2252 2652 2653
f 2252 2653 2253
f 2253 2653 2654
f 2253 2654 2254
f 2254 2654 2655
f 2254 2655 2255
f 2255 2655 2656
f 2255 2656 2256
f 2256 2656 2657
f 2256 2657 2257
f 2257 2657 2658
f 2257 2658 2258
f 2258 2658 2659
f 2258 2659 2259
f 2259 2659 2660
f 2259 2660 2260
f 2260 2660 2661
f 2260 2661 2261
f 2261 2661 2662
f 2261 2662 2262
f 2262 2662 2663
f 2262 2663 2263
f 2263 2663 2664
f 2263 2664 2264
f 2264 2664 2665
f 2264 2665 2265
f 2265 2665 2666
f 2265 2666 2266
f 2266 2666 2667
f 2266 2667 2267
f 2267 2667 2668
f 2267 2668 2268
f 2268 2668 2669
f 2268 2669 2269
f 2269 2669 2670
f 2269 2670 2270
f 2270 2670 2671
f 2270 2671 2271
f 2271 2671 2672
f 2271 2672 2272
f 2272 2672 2673
f 2272 2673 2273
f 2273 2673 2674
f 2273 2674 2274
f 2274 2674 2675
f 2274 2675 2275
f 2275 2675 2676
f 2275 2676 2276
f 2276 2676 2677
f 2276 2677 2277
f 2277 2677 2678
f 2277 2678 2278
f 2278 2678 2679
f 2278 2679 2279
f 2279 2679 2680
f 2279 2680 2280
f 2280 2680 2681
f 2280 2681 2281
f 2281 2681 2682
f 2281 2682 2282
f 2282 2682 2683
f 2282 2683 2283
f 2283 2683 2684
f 2283 2684 2284
f 2284 2684 2685
f 2284 2685 2285
f 2285 2685 2686
f 2285 2686 2286
f 2286 2686 2687
f 2286 2687 2287
f 2287 2687 2688
f 2287 2688 2288
f 2288 2688 2689
f 2288 2689 2289
f 2289 2689 2690
f 2289 2690 2290
f 2290 2690 2691
f 2290 2691 2291
f 2291 2691 2692
f 2291 2692 2292
f 2292 2692 2693
f 2292 2693 2293
f 2293 2693 2694
f 2293 2694 2294
f 2294 2694 2695
f 2294 2695 2295
f 2295 2695 2696
f 2295 2696 2296
f 2296 2696 2697
f 2296 2697 2297
f 2297 2697 2698
f 2297 2698 2298
f 2298 2698 2699
f 2298 2699 2299
f 2299 2699 2700
f 2299 2700 2300
f 2300 2700 2701
f 2300 2701 2301
f 2301 2701 2702
f 2301 2702 2302
f 2302 2702 2703
f 2302 2703 2303
f 2303 2703 2704
f 2303 2704 2304
f 2304 2704 2705
f 2304 2705 2305
f 2305 2705 2706
f 2305 2706 2306
f 2306 2706 2707
f 2306 2707 2307
f 2307 2707 2708
f 2307 2708 2308
f 2308 2708 2709
f 2308 2709 2309
f 2309 2709 2710
f 2309 2710 2310
f 2310 2710 2711
f 2310 2711 2311
f 2311 2711 2712
f 2311 2712 2312
f 2312 2712 2713
f 2312 2713 2313
f 2313 2713 2714
f 2313 2714 2314
f 2314 2714 2715
f 2314 2715 2315
f 2315 2715 2716
f 2315 2716 2316
f 2316 2716 2717
f 2316 2717 2317
f 2317 2717 2718
f 2317 2718 2318
f 2318 2718 2719
f 2318 2719 2319
f 2319 2719 2720
f 2319 2720 2320
f 2320 2720 2721
f 2320 2721 2321
f 2321 2721 2722
f 2321 2722 2322
f 2322 2722 2723
f 2322 2723 2323
f 2323 2723 2724
f 2323 2724 2324
f 2324 2724 2725
f 2324 2725 2325
f 2325 2725 2726
f 2325 2726 2326
f 2326 2726 2727
f 2326 2727 2327
f 2327 2727 2728
f 2327 2728 2328
f 2328 2728 2729
f 2328 2729 2329
f 2329 2729 2730
f 2329 2730 2330
f 2330 2730 2731
f 2330 2731 2331
f 2331 2731 2732
f 2331 2732 2332
f 2332 2732 2733
f 2332 2733 2333
f 2333 2733 2734
f 2333 2734 2334
f 2334 2734 2735
f 2334 2735 2335
f 2335 2735 2736
f 2335 2736 2336
f 2336 2736 2737
f 2336 2737 2337
f 2337 2737 2738
f 2337 2738 2338
f 2338 2738 2739
f 2338 2739 2339
f 2339 2739 2740
f 2339 2740 2340
f 2340 2740 2741
f 2340 2741 2341
f 2341 2741 2742
f 2341 2742 2342
f 2342 2742 2743
f 2342 2743 2343
f 2343 2743 2744
f 2343 2744 2344
f 2344 2744 2745
f 2344 2745 2345
f 2345 2745 2746
f 2345 2746 2346
f 2346 2746 2747
f 2346 2747 2347
f 2347 2747 2748
f 2347 2748 2348
f 2348 2748 2749
f 2348 2749 2349
f 2349 2749 2750
f 2349 2750 2350
f 2350 2750 2751
f 2350 2751 2351
f 2351 2751 2752
f 2351 2752 2352
f 2352 2752 2753
f 2352 2753 2353
f 2353 2753 2754
f 2353 2754 2354
f 2354 2754 2755
f 2354 2755 2355
f 2355 2755 2756
f 2355 2756 2356
f 2356 2756 2757
f 2356 2757 2357
f 2357 2757 2758
f 2357 2758 2358
f 2358 2758 2759
f 2358 2759 2359
f 2359 2759 2760
f 2359 2760 2360
f 2360 2760 2761
f 2360 2761 2361
f 2361 2761 2762
f 2361 2762 2362
f 2362 2762 2763
f 2362 2763 2363
f 2363 2763 2764
f 2363 2764 2364
f 2364 2764 2765
f 2364 2765 2365
f 2365 2765 2766
f 2365 2766 2366
f 2366 2766 2767
f 2366 2767 2367
f 2367 2767 2768
f 2367 2768 2368
f 2368 2768 2769
f 2368 2769 2369
f 2369 2769 2770
f 2369 2770 2370
f 2370 2770 2771
f 2370 2771 2371
f 2371 2771 2772
f 2371 2772 2372
f 2372 2772 2773
f 2372 2773 2373
f 2373 2773 2774
f 2373 2774 2374
f 2374 2774 2775
f 2374 2775 2375
f 2375 2775 2776
f 2375 2776 2376
f 2376 2776 2777
f 2376 2777 2377
f 2377 2777 2778
f 2377 2778 2378
f 2378 2778 2779
f 2378 2779 2379
f 2379 2779 2780
f 2379 2780 2380
f 2380 2780 2781
f 2380 2781 2381
f 2381 2781 2782
f 2381 2782 2382
f 2382 2782 2783
f 2382 2783 2383
f 2383 2783 2784
f 2383 2784 2384
f 2384 2784 2785
f 2384 2785 2385
f 2385 2785 2786
f 2385 2786 2386
f 2386 2786 2787
f 2386 2787 2387
f 2387 2787 2788
f 2387 2788 2388
f 2388 2788 2789
f 2388 2789 2389
f 2389 2789 2790
f 2389 2790 2390
f 2390 2790 2791
f 2390 2791 2391
f 2391 2791 2792
f 2391 2792 2392
f 2392 2792 2793
f 2392 2793 2393
f 2393 2793 2794
f 2393 2794 2394
f 2394 2794 2795
f 2394 2795 2395
f 2395 2795 2796
f 2395 2796 2396
f 2396 2796 2797
f 2396 2797 2397
f 2397 2797 2798
f 2397 2798 2398
f 2398 2798 2799
f 2398 2799 2399
f 2399 2799 2800
f 2399 2800 2400
f 2401 2801 2802
f 2401 2802 2402
f 2402 2802 2803
f 2402 2803 2403
f 2403 2803 2804
f 2403 2804 2404
f 2404 2804 2805
f 2404 2805 2405
f 2405 2805 2806
f 2405 2806 2406
f 2406 2806 2807
f 2406 2807 2407
f 2407 2807 2808
f 2407 2808 2408
f 2408 2808 2809
f 2408 2809 2409
f 2409 2809 2810
f 2409 2810 2410
f 2410 2810 2811
f 2410 2811 2411
f 2411 2811 2812
f 2411 2812 2412
f 2412 2812 2813
f 2412 2813 2413
f 2413 2813 2814
f 2413 2814 2414
f 2414 2814 2815
f 2414 2815 2415
f 2415 2815 2816
f 2415 2816 2416
f 2416 2816 2817
f 2416 2817 2417
f 2417 2817 2818
f 2417 2818 2418
f 2418 2818 2819
f 2418 2819 2419
f 2419 2819 2820
f 2419 2820 2420
f 2420 2820 2821
f 2420 2821 2421
f 2421 2821 2822
f 2421 2822 2422
f 2422 2822 2823
f 2422 2823 2423
f 2423 2823 2824
f 2423 2824 2424
f 2424 2824 2825
f 2424 2825 2425
f 2425 2825 2826
f 2425 2826 2426
f 2426 2826 2827
f 2426 2827 2427
f 2427 2827 2828
f 2427 2828 2428
f 2428 2828 2829
f 2428 2829 2429
f 2429 2829 2830
f 2429 2830 2430
f 2430 2830 2831
f 2430 2831 2431
f 2431 2831 2832
f 2431 2832 2432
f 2432 2832 2833
f 2432 2833 2433
f 2433 2833 2834
f 2433 2834 2434
f 2434 2834 2835
f 2434 2835 2435
f 2435 2835 2836
f 2435 2836 2436
f 2436 2836 2837
f 2436 2837 2437
f 2437 2837 2838
f 2437 2838 2438
f 2438 2838 2839
f 2438 2839 2439
f 2439 2839 2840
f 2439 2840 2440
f 2440 2840 2841
f 2440 2841 2441
f 2441 2841 2842
f 2441 2842 2442
f 2442 2842 2843
f 2442 2843 2443
f 2443 2843 2844
f 2443 2844 2444
f 2444 2844 2845
f 2444 2845 2445
f 2445 2845 2846
f 2445 2846 2446
f 2446 2846 2847
f 2446 2847 2447
f 2447 2847 2848
f 2447 2848 2448
f 2448 2848 2849
f 2448 2849 2449
f 2449 2849 2850
f 2449 2850 2450
f 2450 2850 2851
f 2450 2851 2451
f 2451 2851 2852
f 2451 2852 2452
f 2452 2852 2853
f 2452 2853 2453
f 2453 2853 2854
f 2453 2854 2454
f 2454 2854 2855
f 2454 2855 2455
f 2455 2855 2856
f 2455 2856 2456
f 2456 2856 2857
f 2456 2857 2457
f 2457 2857 2858
f 2457 2858 2458
f 2458 2858 2859
f 2458 2859 2459
f 2459 2859 2860
f 2459 2860 2460
f 2460 2860 2861
f 2460 2861 2461
f 2461 2861 2862
f 2461 2862 2462
f 2462 2862 2863
f 2462 2863 2463
f 2463 2863 2864
f 2463 2864 2464
f 2464 2864 2865
f 2464 2865 2465
f 2465 2865 2866
f 2465 2866 2466
f 2466 2866 2867
f 2466 2867 2467
f 2467 2867 2868
f 2467 2868 2468
f 2468 2868 2869
f 2468 2869 2469
f 2469 2869 2870
f 2469 2870 2470
f 2470 2870 2871
f 2470 2871 2471
f 2471 2871 2872
f 2471 2872 2472
f 2472 2872 2873
f 2472 2873 2473
f 2473 2873 2874
f 2473 2874 2474
f 2474 2874 2875
f 2474 2875 2475
f 2475 2875 2876
f 2475 2876 2476
f 2476 2876 2877
f 2476 2877 2477
f 2477 2877 2878
f 2477 2878 2478
f 2478 2878 2879
f 2478 2879 2479
f 2479 2879 2880
f 2479 2880 2480
f 2480 2880 2881
f 2480 2881 2481
f 2481 2881 2882
f 2481 2882 2482
f 2482 2882 2883
f 2482 2883 2483
f 2483 2883 2884
f 2483 2884 2484
f 2484 2884 2885
f 2484 2885 2485
f 2485 2885 2886
f 2485 2886 2486
f 2486 2886 2887
f 2486 2887 2487
f 2487 2887 2888
f 2487 2888 2488
f 2488 2888 2889
f 2488 2889 2489
f 2489 2889 2890
f 2489 2890 2490
f 2490 2890 2891
f 2490 2891 2491
f 2491 2891 2892
f 2491 2892 2492
f 2492 2892 2893
f 2492 2893 2493
f 2493 2893 2894
f 2493 2894 2494
f 2494 2894 2895
f 2494 2895 2495
f 2495 2895 2896
f 2495 2896 2496
f 2496 2896 2897
f 2496 2897 2497
f 2497 2897 2898
f 2497 2898 2498
f 2498 2898 2899
f 2498 2899 2499
f 2499 2899 2900
f 2499 2900 2500
f 2500 2900 2901
f 2500 2901 2501
f 2501 2901 2902
f 2501 2902 2502
f 2502 2902 2903
f 2502 2903 2503
f 2503 2903 2904
f 2503 2904 2504
f 2504 2904 2905
f 2504 2905 2505
f 2505 2905 2906
f 2505 2906 2506
f 2506 2906 2907
f 2506 2907 2507
f 2507 2907 2908
f 2507 2908 2508
f 2508 2908 2909
f 2508 2909 2509
f 2509 2909 2910
f 2509 2910 2510
f 2510 2910 2911
f 2510 2911 2511
f 2511 2911 2912
f 2511 2912 2512
f 2512 2912 2913
f 2512 2913 2513
f 2513 2913 2914
f 2513 2914 2514
f 2514 2914 2915
f 2514 2915 2515
f 2515 2915 2916
f 2515 2916 2516
f 2516 2916 2917
f 2516 2917 2517
f 2517 2917 2918
f 2517 2918 2518
f 2518 2918 2919
f 2518 2919 2519
f 2519 2919 2920
f 2519 2920 2520
f 2520 2920 2921
f 2520 2921 2521
f 2521 2921 2922
f 2521 2922 2522
f 2522 2922 2923
f 2522 2923 2523
f 2523 2923 2924
f 2523 2924 2524
f 2524 2924 2925
f 2524 2925 2525
f 2525 2925 2926
f 2525 2926 2526
f 2526 2926 2927
f 2526 2927 2527
f 2527 2927 2928
f 2527 2928 2528
f 2528 2928 2929
f 2528 2929 2529
f 2529 2929 2930
f 2529 2930 2530
f 2530 2930 2931
f 2530 2931 2531
f 2531 2931 2932
f 2531 2932 2532
f 2532 2932 2933
f 2532 2933 2533
f 2533 2933 2934
f 2533 2934 2534
f 2534 2934 2935
f 2534 2935 2535
f 2535 2935 2936
f 2535 2936 2536
f 2536 2936 2937
f 2536 2937 2537
f 2537 2937 2938
f 2537 2938 2538
f 2538 2938 2939
f 2538 2939 2539
f 2539 2939 2940
f 2539 2940 2540
f 2540 2940 2941
f 2540 2941 2541
f 2541 2941 2942
f 2541 2942 2542
f 2542 2942 2943
f 2542 2943 2543
f 2543 2943 2944
f 2543 2944 2544
f 2544 2944 2945
f 2544 2945 2545
f 2545 2945 2946
f 2545 2946 2546
f 2546 2946 2947
f 2546 2947 2547
f 2547 2947 2948
f 2547 2948 2548
f 2548 2948 2949
f 2548 2949 2549
f 2549 2949 2950
f 2549 2950 2550
f 2550 2950 2951
f 2550 2951 2551
f 2551 2951 2952
f 2551 2952 2552
f 2552 2952 2953
f 2552 2953 2553
f 2553 2953 2954
f 2553 2954 2554
f 2554 2954 2955
f 2554 2955 2555
f 2555 2955 2956
f 2555 2956 2556
f 2556 2956 2957
f 2556 2957 2557
f 2557 2957 2958
f 2557 2958 2558
f 2558 2958 2959
f 2558 2959 2559
f 2559 2959 2960
f 2559 2960 2560
f 2560 2960 2961
f 2560 2961 2561
f 2561 2961 2962
f 2561 2962 2562
f 2562 2962 2963
f 2562 2963 2563
f 2563 2963 2964
f 2563 2964 2564
f 2564 2964 2965
f 2564 2965 2565
f 2565 2965 2966
f 2565 2966 2566
f 2566 2966 2967
f 2566 2967 2567
f 2567 2967 2968
f 2567 2968 2568
f 2568 2968 2969
f 2568 2969 2569
f 2569 2969 2970
f 2569 2970 2570
f 2570 2970 2971
f 2570 2971 2571
f 2571 2971 2972
f 2571 2972 2572
f 2572 2972 2973
f 2572 2973 2573
f 2573 2973 2974
f 2573 2974 2574
f 2574 2974 2975
f 2574 2975 2575
f 2575 2975 2976
f 2575 2976 2576
f 2576 2976 2977
f 2576 2977 2577
f 2577 2977 2978
f 2577 2978 2578
f 2578 2978 2979
f 2578 2979 2579
f 2579 2979 2980
f 2579 2980 2580
f 2580 2980 2981
f 2580 2981 2581
f 2581 2981 2982
f 2581 2982 2582
f 2582 2982 2983
f 2582 2983 2583
f 2583 2983 2984
f 2583 2984 2584
f 2584 2984 2985
f 2584 2985 2585
f 2585 2985 2986
f 2585 2986 2586
f 2586 2986 2987
f 2586 2987 2587
f 2587 2987 2988
f 2587 2988 2588
f 2588 2988 2989
f 2588 2989 2589
f 2589 2989 2990
f 2589 2990 2590
f 2590 2990 2991
f 2590 2991 2591
f 2591 2991 2992
f 2591 2992 2592
f 2592 2992 2993
f 2592 2993 2593
f 2593 2993 2994
f 2593 2994 2594
f 2594 2994 2995
f 2594 2995 2595
f 2595 2995 2996
f 2595 2996 2596
f 2596 2996 2997
f 2596 2997 2597
f 2597 2997 2998
f 2597 2998 2598
f 2598 2998 2999
f 2598 2999 2599
f 2599 2999 3000
f 2599 3000 2600
f 2600 3000 3001
f 2600 3001 2601
f 2601 3001 3002
f 2601 3002 2602
f 2602 3002 3003
f 2602 3003 2603
f 2603 3003 3004
f 2603 3004 2604
f 2604 3004 3005
f 2604 3005 2605
f 2605 3005 3006
f 2605 3006 2606
f 2606 3006 3007
f 2606 3007 2607
f 2607 3007 3008
f 2607 3008 2608
f 2608 3008 3009
f 2608 3009 2609
f 2609 3009 3010
f 2609 3010 2610
f 2610 3010 3011
f 2610 3011 2611
f 2611 3011 3012
f 2611 3012 2612
f 2612 3012 3013
f 2612 3013 2613
f 2613 3013 3014
f 2613 3014 2614
f 2614 3014 3015
f 2614 3015 2615
f 2615 3015 3016
f 2615 3016 2616
f 2616 3016 3017
f 2616 3017 2617
f 2617 3017 3018
f 2617 3018 2618
f 2618 3018 3019
f 2618 3019 2619
f 2619 3019 3020
f 2619 3020 2620
f 2620 3020 3021
f 2620 3021 2621
f 2621 3021 3022
f 2621 3022 2622
f 2622 3022 3023
f 2622 3023 2623
f 2623 3023 3024
f 2623 3024 2624
f 2624 3024 3025
f 2624 3025 2625
f 2625 3025 3026
f 2625 3026 2626
f 2626 3026 3027
f 2626 3027 2627
f 2627 3027 3028
f 2627 3028 2628
f 2628 3028 3029
f 2628 3029 2629
f 2629 3029 3030
f 2629 3030 2630
f 2630 3030 3031
f 2630 3031 2631
f 2631 3031 3032
f 2631 3032 2632
f 2632 3032 3033
f 2632 3033 2633
f 2633 3033 3034
f 2633 3034 2634
f 2634 3034 3035
f 2634 3035 2635
f 2635 3035 3036
f 2635 3036 2636
f 2636 3036 3037
f 2636 3037 2637
f 2637 3037 3038
f 2637 3038 2638
f 2638 3038 3039
f 2638 3039 2639
f 2639 3039 3040
f 2639 3040 2640
f 2640 3040 3041
f 2640 3041 2641
f 2641 3041 3042
f 2641 3042 2642
f 2642 3042 3043
f 2642 3043 2643
f 2643 3043 3044
f 2643 3044 2644
f 2644 3044 3045
f 2644 3045 2645
f 2645 3045 3046
f 2645 3046 2646
f 2646 3046 3047
f 2646 3047 2647
f 2647 3047 3048
f 2647 3048 2648
f 2648 3048 3049
f 2648 3049 2649
f 2649 3049 3050
f 2649 3050 2650
f 2650 3050 3051
f 2650 3051 2651
f 2651 3051 3052
f 2651 3052 2652
f 2652 3052 3053
f 2652 3053 2653
f 2653 3053 3054
f 2653 3054 2654
f 2654 3054 3055
f 2654 3055 2655
f 2655 3055 3056
f 2655 3056 2656
f 2656 3056 3057
f 2656 3057 2657
f 2657 3057 3058
f 2657 3058 2658
f 2658 3058 3059
f 2658 3059 2659
f 2659 3059 3060
f 2659 3060 2660
f 2660 3060 3061
f 2660 3061 2661
f 2661 3061 3062
f 2661 3062 2662
f 2662 3062 3063
f 2662 3063 2663
f 2663 3063 3064
f 2663 3064 2664
f 2664 3064 3065
f 2664 3065 2665
f 2665 3065 3066
f 2665 3066 2666
f 2666 3066 3067
f 2666 3067 2667
f 2667 3067 3068
f 2667 3068 2668
f 2668 3068 3069
f 2668 3069 2669
f 2669 3069 3070
f 2669 3070 2670
f 2670 3070 3071
f 2670 3071 2671
f 2671 3071 3072
f 2671 3072 2672
f 2672 3072 3073
f 2672 3073 2673
f 2673 3073 3074
f 2673 3074 2674
f 2674 3074 3075
f 2674 3075 2675
f 2675 3075 3076
f 2675 3076 2676
f 2676 3076 3077
f 2676 3077 2677
f 2677 3077 3078
f 2677 3078 2678
f 2678 3078 3079
f 2678 3079 2679
f 2679 3079 3080
f 2679 3080 2680
f 2680 3080 3081
f 2680 3081 2681
f 2681 3081 3082
f 2681 3082 2682
f 2682 3082 3083
f 2682 3083 2683
f 2683 3083 3084
f 2683 3084 2684
f 2684 3084 3085
f 2684 3085 2685
f 2685 3085 3086
f 2685 3086 2686
f 2686 3086 3087
f 2686 3087 2687
f 2687 3087 3088
f 2687 3088 2688
f 2688 3088 3089
f 2688 3089 2689
f 2689 3089 3090
f 2689 3090 2690
f 2690 3090 3091
f 2690 3091 2691
f 2691 3091 3092
f 2691 3092 2692
f 2692 3092 3093
f 2692 3093 2693
f 2693 3093 3094
f 2693 3094 2694
f 2694 3094 3095
f 2694 3095 2695
f 2695 3095 3096
f 2695 3096 2696
f 2696 3096 3097
f 2696 3097 2697
f 2697 3097 3098
f 2697 3098 2698
f 2698 3098 3099
f 2698 3099 2699
f 2699 3099 3100
f 2699 3100 2700
f 2700 3100 3101
f 2700 3101 2701
f 2701 3101 3102
f 2701 3102 2702
f 2702 3102 3103
f 2702 3103 2703
f 2703 3103 3104
f 2703 3104 2704
f 2704 3104 3105
f 2704 3105 2705
f 2705 3105 3106
f 2705 3106 2706
f 2706 3106 3107
f 2706 3107 2707
f 2707 3107 3108
f 2707 3108 2708
f 2708 3108 3109
f 2708 3109 2709
f 2709 3109 3110
f 2709 3110 2710
f 2710 3110 3111
f 2710 3111 2711
f 2711 3111 3112
f 2711 3112 2712
f 2712 3112 3113
f 2712 3113 2713
f 2713 3113 3114
f 2713 3114 2714
f 2714 3114 3115
f 2714 3115 2715
f 2715 3115 3116
f 2715 3116 2716
f 2716 3116 3117
f 2716 3117 2717
f 2717 3117 3118
f 2717 3118 2718
f 2718 3118 3119
f 2718 3119 2719
f 2719 3119 3120
f 2719 3120 2720
f 2720 3120 3121
f 2720 3121 2721
f 2721 3121 3122
f 2721 3122 2722
f 2722 3122 3123
f 2722 3123 2723
f 2723 3123 3124
f 2723 3124 2724
f 2724 3124 3125
f 2724 3125 2725
f 2725 3125 3126
f 2725 3126 2726
f 2726 3126 3127
f 2726 3127 2727
f 2727 3127 3128
f 2727 3128 2728
f 2728 3128 3129
f 2728 3129 2729
f 2729 3129 3130
f 2729 3130 2730
f 2730 3130 3131
f 2730 3131 2731
f 2731 3131 3132
f 2731 3132 2732
f 2732 3132 3133
f 2732 3133 2733
f 2733 3133 3134
f 2733 3134 2734
f 2734 3134 3135
f 2734 3135 2735
f 2735 3135 3136
f 2735 3136 2736
f 2736 3136 3137
f 2736 3137 2737
f 2737 3137 3138
f 2737 3138 2738
f 2738 3138 3139
f 2738 3139 2739
f 2739 3139 3140
f 2739 3140 2740
f 2740 3140 3141
f 2740 3141 2741
f 2741 3141 3142
f 2741 3142 2742
f 2742 3142 3143
f 2742 3143 2743
f 2743 3143 3144
f 2743 3144 2744
f 2744 3144 3145
f 2744 3145 2745
f 2745 3145 3146
f 2745 3146 2746
f 2746 3146 3147
f 2746 3147 2747
f 2747 3147 3148
f 2747 3148 2748
f 2748 3148 3149
f 2748 3149 2749
f 2749 3149 3150
f 2749 3150 2750
f 2750 3150 3151
f 2750 3151 2751
f 2751 3151 3152
f 2751 3152 2752
f 2752 3152 3153
f 2752 3153 2753
f 2753 3153 3154
f 2753 3154 2754
f 2754 3154 3155
f 2754 3155 2755
f 2755 3155 3156
f 2755 3156 2756
f 2756 3156 3157
f 2756 3157 2757
f 2757 3157 3158
f 2757 3158 2758
f 2758 3158 3159
f 2758 3159 2759
f 2759 3159 3160
f 2759 3160 2760
f 2760 3160 3161
f 2760 3161 2761
f 2761 3161 3162
f 2761 3162 2762
f 2762 3162 3163
f 2762 3163 2763
f 2763 3163 3164
f 2763 3164 2764
f 2764 3164 3165
f 2764 3165 2765
f 2765 3165 3166
f 2765 3166 2766
f 2766 3166 3167
f 2766 3167 2767
f 2767 3167 3168
f 2767 3168 2768
f 2768 3168 3169
f 2768 3169 2769
f 2769 3169 3170
f 2769 3170 2770
f 2770 3170 3171
f 2770 3171 2771
f 2771 3171 3172
f 2771 3172 2772
f 2772 3172 3173
f 2772 3173 2773
f 2773 3173 3174
f 2773 3174 2774
f 2774 3174 3175
f 2774 3175 2775
f 2775 3175 3176
f 2775 3176 2776
f 2776 3176 3177
f 2776 3177 2777
f 2777 3177 3178
f 2777 3178 2778
f 2778 3178 3179
f 2778 3179 2779
f 2779 3179 3180
f 2779 3180 2780
f 2780 3180 3181
f 2780 3181 2781
f 2781 3181 3182
f 2781 3182 2782
f 2782 3182 3183
f 2782 3183 2783
f 2783 3183 3184
f 2783 3184 2784
f 2784 3184 3185
f 2784 3185 2785
f 2785 3185 3186
f 2785 3186 2786
f 2786 3186 3187
f 2786 3187 2787
f 2787 3187 3188
f 2787 3188 2788
f 2788 3188 3189
f 2788 3189 2789
f 2789 3189 3190
f 2789 3190 2790
f 2790 3190 3191
f 2790 3191 2791
f 2791 3191 3192
f 2791 3192 2792
f 2792 3192 3193
f 2792 3193 2793
f 2793 3193 3194
f 2793 3194 2794
f 2794 3194 3195
f 2794 3195 2795
f 2795 3195 3196
f 2795 3196 2796
f 2796 3196 3197
f 2796 3197 2797
f 2797 3197 3198
f 2797 3198 2798
f 2798 3198 3199
f 2798 3199 2799
f 2799 3199 3200
f 2799 3200 2800
f 2801 3201 3202
f 2801 3202 2802
f 2802 3202 3203
f 2802 3203 2803
f 2803 3203 3204
f 2803 3204 2804
f 2804 3204 3205
f 2804 3205 2805
f 2805 3205 3206
f 2805 3206 2806
f 2806 3206 3207
f 2806 3207 2807
f 2807 3207 3208
f 2807 3208 2808
f 2808 3208 3209
f 2808 3209 2809
f 2809 3209 3210
f 2809 3210 2810
f 2810 3210 3211
f 2810 3211 2811
f 2811 3211 3212
f 2811 3212 2812
f 2812 3212 3213
f 2812 3213 2813
f 2813 3213 3214
f 2813 3214 2814
f 2814 3214 3215
f 2814 3215 2815
f 2815 3215 3216
f 2815 3216 2816
f 2816 3216 3217
f 2816 3217 2817
f 2817 3217 3218
f 2817 3218 2818
f 2818 3218 3219
f 2818 3219 2819
f 2819 3219 3220
f 2819 3220 2820
f 2820 3220 3221
f 2820 3221 2821
f 2821 3221 3222
f 2821 3222 2822
f 2822 3222 3223
f 2822 3223 2823
f 2823 3223 3224
f 2823 3224 2824
f 2824 3224 3225
f 2824 3225 2825
f 2825 3225 3226
f 2825 3226 2826
f 2826 3226 3227
f 2826 3227 2827
f 2827 3227 3228
f 2827 3228 2828
f 2828 3228 3229
f 2828 3229 2829
f 2829 3229 3230
f 2829 3230 2830
f 2830 3230 3231
f 2830 3231 2831
f 2831 3231 3232
f 2831 3232 2832
f 2832 3232 3233
f 2832 3233 2833
f 2833 3233 3234
f 2833 3234 2834
f 2834 3234 3235
f 2834 3235 2835
f 2835 3235 3236
f 2835 3236 2836
f 2836 3236 3237
f 2836 3237 2837
f 2837 3237 3238
f 2837 3238 2838
f 2838 3238 3239
f 2838 3239 2839
f 2839 3239 3240
f 2839 3240 2840
f 2840 3240 3241
f 2840 3241 2841
f 2841 3241 3242
f 2841 3242 2842
f 2842 3242 3243
f 2842 3243 2843
f 2843 3243 3244
f 2843 3244 2844
f 2844 3244 3245
f 2844 3245 2845
f 2845 3245 3246
f 2845 3246 2846
f 2846 3246 3247
f 2846 3247 2847
f 2847 3247 3248
f 2847 3248 2848
f 2848 3248 3249
f 2848 3249 2849
f 2849 3249 3250
f 2849 3250 2850
f 2850 3250 3251
f 2850 3251 2851
f 2851 3251 3252
f 2851 3252 2852
f 2852 3252 3253
f 2852 3253 2853
f 2853 3253 3254
f 2853 3254 2854
f 2854 3254 3255
f 2854 3255 2855
f 2855 3255 3256
f 2855 3256 2856
f 2856 3256 3257
f 2856 3257 2857
f 2857 3257 3258
f 2857 3258 2858
f 2858 3258 3259
f 2858 3259 2859
f 2859 3259 3260
f 2859 3260 2860
f 2860 3260 3261
f 2860 3261 2861
f 2861 3261 3262
f 2861 3262 2862
f 2862 3262 3263
f 2862 3263 2863
f 2863 3263 3264
f 2863 3264 2864
f 2864 3264 3265
f 2864 3265 2865
f 2865 3265 3266
f 2865 3266 2866
f 2866 3266 3267
f 2866 3267 2867
f 2867 3267 3268
f 2867 3268 2868
f 2868 3268 3269
f 2868 3269 2869
f 2869 3269 3270
f 2869 3270 2870
f 2870 3270 3271
f 2870 3271 2871
f 2871 3271 3272
f 2871 3272 2872
f 2872 3272 3273
f 2872 3273 2873
f 2873 3273 3274
f 2873 3274 2874
f 2874 3274 3275
f 2874 3275 2875
f 2875 3275 3276
f 2875 3276 2876
f 2876 3276 3277
f 2876 3277 2877
f 2877 3277 3278
f 2877 3278 2878
f 2878 3278 3279
f 2878 3279 2879
f 2879 3279 3280
f 2879 3280 2880
f 2880 3280 3281
f 2880 3281 2881
f 2881 3281 3282
f 2881 3282 2882
f 2882 3282 3283
f 2882 3283 2883
f 2883 3283 3284
f 2883 3284 2884
f 2884 3284 3285
f 2884 3285 2885
f 2885 3285 3286
f 2885 3286 2886
f 2886 3286 3287
f 2886 3287 2887
f 2887 3287 3288
f 2887 3288 2888
f 2888 3288 3289
f 2888 3289 2889
f 2889 3289 3290
f 2889 3290 2890
f 2890 3290 3291
f 2890 3291 2891
f 2891 3291 3292
f 2891 3292 2892
f 2892 3292 3293
f 2892 3293 2893
f 2893 3293 3294
f 2893 3294 2894
f 2894 3294 3295
f 2894 3295 2895
f 2895 3295 3296
f 2895 3296 2896
f 2896 3296 3297
f 2896 3297 2897
f 2897 3297 3298
f 2897 3298 2898
f 2898 3298 3299
f 2898 3299 2899
f 2899 3299 3300
f 2899 3300 2900
f 2900 3300 3301
f 2900 3301 2901
f 2901 3301 3302
f 2901 3302 2902
f 2902 3302 3303
f 2902 3303 2903
f 2903 3303 3304
f 2903 3304 2904
f 2904 3304 3305
f 2904 3305 2905
f 2905 3305 3306
f 2905 3306 2906
f 2906 3306 3307
f 2906 3307 2907
f 2907 3307 3308
f 2907 3308 2908
f 2908 3308 3309
f 2908 3309 2909
f 2909 3309 3310
f 2909 3310 2910
f 2910 3310 3311
f 2910 3311 2911
f 2911 3311 3312
f 2911 3312 2912
f 2912 3312 3313
f 2912 3313 2913
f 2913 3313 3314
f 2913 3314 2914
f 2914 3314 3315
f 2914 3315 2915
f 2915 3315 3316
f 2915 3316 2916
f 2916 3316 3317
f 2916 3317 2917
f 2917 3317 3318
f 2917 3318 2918
f 2918 3318 3319
f 2918 3319 2919
f 2919 3319 3320
f 2919 3320 2920
f 2920 3320 3321
f 2920 3321 2921
f 2921 3321 3322
f 2921 3322 2922
f 2922 3322 3323
f 2922 3323 2923
f 2923 3323 3324
f 2923 3324 2924
f 2924 3324 3325
f 2924 3325 2925
f 2925 3325 3326
f 2925 3326 2926
f 2926 3326 3327
f 2926 3327 2927
f 2927 3327 3328
f 2927 3328 2928
f 2928 3328 3329
f 2928 3329 2929
f 2929 3329 3330
f 2929 3330 2930
f 2930 3330 3331
f 2930 3331 2931
f 2931 3331 3332
f 2931 3332 2932
f 2932 3332 3333
f 2932 3333 2933
f 2933 3333 3334
f 2933 3334 2934
f 2934 3334 3335
f 2934 3335 2935
f 2935 3335 3336
f 2935 3336 2936
f 2936 3336 3337
f 2936 3337 2937
f 2937 3337 3338
f 2937 3338 2938
f 2938 3338 3339
f 2938 3339 2939
f 2939 3339 3340
f 2939 3340 2940
f 2940 3340 3341
f 2940 3341 2941
f 2941 3341 3342
f 2941 3342 2942
f 2942 3342 3343
f 2942 3343 2943
f 2943 3343 3344
f 2943 3344 2944
f 2944 3344 3345
f 2944 3345 2945
f 2945 3345 3346
f 2945 3346 2946
f 2946 3346 3347
f 2946 3347 2947
f 2947 3347 3348
f 2947 3348 2948
f 2948 3348 3349
f 2948 3349 2949
f 2949 3349 3350
f 2949 3350 2950
f 2950 3350 3351
f 2950 3351 2951
f 2951 3351 3352
f 2951 3352 2952
f 2952 3352 3353
f 2952 3353 2953
f 2953 3353 3354
f 2953 3354 2954
f 2954 3354 3355
f 2954 3355 2955
f 2955 3355 3356
f 2955 3356 2956
f 2956 3356 3357
f 2956 3357 2957
f 2957 3357 3358
f 2957 3358 2958
f 2958 3358 3359
f 2958 3359 2959
f 2959 3359 3360
f 2959 3360 2960
f 2960 3360 3361
f 2960 3361 2961
f 2961 3361 3362
f 2961 3362 2962
f 2962 3362 3363
f 2962 3363 2963
f 2963 3363 3364
f 2963 3364 2964
f 2964 3364 3365
f 2964 3365 2965
f 2965 3365 3366
f 2965 3366 2966
f 2966 3366 3367
f 2966 3367 2967
f 2967 3367 3368
f 2967 3368 2968
f 2968 3368 3369
f 2968 3369 2969
f 2969 3369 3370
f 2969 3370 2970
f 2970 3370 3371
f 2970 3371 2971
f 2971 3371 3372
f 2971 3372 2972
f 2972 3372 3373
f 2972 3373 2973
f 2973 3373 3374
f 2973 3374 2974
f 2974 3374 3375
f 2974 3375 2975
f 2975 3375 3376
f 2975 3376 2976
f 2976 3376 3377
f 2976 3377 2977
f 2977 3377 3378
f 2977 3378 2978
f 2978 3378 3379
f 2978 3379 2979
f 2979 3379 3380
f 2979 3380 2980
f 2980 3380 3381
f 2980 3381 2981
f 2981 3381 3382
f 2981 3382 2982
f 2982 3382 3383
f 2982 3383 2983
f 2983 3383 3384
f 2983 3384 2984
f 2984 3384 3385
f 2984 3385 2985
f 2985 3385 3386
f 2985 3386 2986
f 2986 3386 3387
f 2986 3387 2987
f 2987 3387 3388
f 2987 3388 2988
f 2988 3388 3389
f 2988 3389 2989
f 2989 3389 3390
f 2989 3390 2990
f 2990 3390 3391
f 2990 3391 2991
f 2991 3391 3392
f 2991 3392 2992
f 2992 3392 3393
f 2992 3393 2993
f 2993 3393 3394
f 2993 3394 2994
f 2994 3394 3395
f 2994 3395 2995
f 2995 3395 3396
f 2995 3396 2996
f 2996 3396 3397
f 2996 3397 2997
f 2997 3397 3398
f 2997 3398 2998
f 2998 3398 3399
f 2998 3399 2999
f 2999 3399 3400
f 2999 3400 3000
f 3000 3400 3401
f 3000 3401 3001
f 3001 3401 3402
f 3001 3402 3002
f 3002 3402 3403
f 3002 3403 3003
f 3003 3403 3404
f 3003 3404 3004
f 3004 3404 3405
f 3004 3405 3005
f 3005 3405 3406
f 3005 3406 3006
f 3006 3406 3407
f 3006 3407 3007
f 3007 3407 3408
f 3007 3408 3008
f 3008 3408 3409
f 3008 3409 3009
f 3009 3409 3410
f 3009 3410 3010
f 3010 3410 3411
f 3010 3411 3011
f 3011 3411 3412
f 3011 3412 3012
f 3012 3412 3413
f 3012 3413 3013
f 3013 3413 3414
f 3013 3414 3014
f 3014 3414 3415
f 3014 3415 3015
f 3015 3415 3416
f 3015 3416 3016
f 3016 3416 3417
f 3016 3417 3017
f 3017 3417 3418
f 3017 3418 3018
f 3018 3418 3419
f 3018 3419 3019
f 3019 3419 3420
f 3019 3420 3020
f 3020 3420 3421
f 3020 3421 3021
f 3021 3421 3422
f 3021 3422 3022
f 3022 3422 3423
f 3022 3423 3023
f 3023 3423 3424
f 3023 3424 3024
f 3024 3424 3425
f 3024 3425 3025
f 3025 3425 3426
f 3025 3426 3026
f 3026 3426 3427
f 3026 3427 3027
f 3027 3427 3428
f 3027 3428 3028
f 3028 3428 3429
f 3028 3429 3029
f 3029 3429 3430
f 3029 3430 3030
f 3030 3430 3431
f 3030 3431 3031
f 3031 3431 3432
f 3031 3432 3032
f 3032 3432 3433
f 3032 3433 3033
f 3033 3433 3434
f 3033 3434 3034
f 3034 3434 3435
f 3034 3435 3035
f 3035 3435 3436
f 3035 3436 3036
f 3036 3436 3437
f 3036 3437 3037
f 3037 3437 3438
f 3037 3438 3038
f 3038 3438 3439
f 3038 3439 3039
f 3039 3439 3440
f 3039 3440 3040
f 3040 3440 3441
f 3040 3441 3041
f 3041 3441 3442
f 3041 3442 3042
f 3042 3442 3443
f 3042 3443 3043
f 3043 3443 3444
f 3043 3444 3044
f 3044 3444 3445
f 3044 3445 3045
f 3045 3445 3446
f 3045 3446 3046
f 3046 3446 3447
f 3046 3447 3047
f 3047 3447 3448
f 3047 3448 3048
f 3048 3448 3449
f 3048 3449 3049
f 3049 3449 3450
f 3049 3450 3050
f 3050 3450 3451
f 3050 3451 3051
f 3051 3451 3452
f 3051 3452 3052
f 3052 3452 3453
f 3052 3453 3053
f 3053 3453 3454
f 3053 3454 3054
f 3054 3454 3455
f 3054 3455 3055
f 3055 3455 3456
f 3055 3456 3056
f 3056 3456 3457
f 3056 3457 3057
f 3057 3457 3458
f 3057 3458 3058
f 3058 3458 3459
f 3058 3459 3059
f 3059 3459 3460
f 3059 3460 3060
f 3060 3460 3461
f 3060 3461 3061
f 3061 3461 3462
f 3061 3462 3062
f 3062 3462 3463
f 3062 3463 3063
f 3063 3463 3464
f 3063 3464 3064
f 3064 3464 3465
f 3064 3465 3065
f 3065 3465 3466
f 3065 3466 3066
f 3066 3466 3467
f 3066 3467 3067
f 3067 3467 3468
f 3067 3468 3068
f 3068 3468 3469
f 3068 3469 3069
f 3069 3469 3470
f 3069 3470 3070
f 3070 3470 3471
f 3070 3471 3071
f 3071 3471 3472
f 3071 3472 3072
f 3072 3472 3473
f 3072 3473 3073
f 3073 3473 3474
f 3073 3474 3074
f 3074 3474 3475
f 3074 3475 3075
f 3075 3475 3476
f 3075 3476 3076
f 3076 3476 3477
f 3076 3477 3077
f 3077 3477 3478
f 3077 3478 3078
f 3078 3478 3479
f 3078 3479 3079
f 3079 3479 3480
f 3079 3480 3080
f 3080 3480 3481
f 3080 3481 3081
f 3081 3481 3482
f 3081 3482 3082
f 3082 3482 3483
f 3082 3483 3083
f 3083 3483 3484
f 3083 3484 3084
f 3084 3484 3485
f 3084 3485 3085
f 3085 3485 3486
f 3085 3486 3086
f 3086 3486 3487
f 3086 3487 3087
f 3087 3487 3488
f 3087 3488 3088
f 3088 3488 3489
f 3088 3489 3089
f 3089 3489 3490
f 3089 3490 3090
f 3090 3490 3491
f 3090 3491 3091
f 3091 3491 3492
f 3091 3492 3092
f 3092 3492 3493
f 3092 3493 3093
f 3093 3493 3494
f 3093 3494 3094
f 3094 3494 3495
f 3094 3495 3095
f 3095 3495 3496
f 3095 3496 3096
f 3096 3496 3497
f 3096 3497 3097
f 3097 3497 3498
f 3097 3498 3098
f 3098 3498 3499
f 3098 3499 3099
f 3099 3499 3500
f 3099 3500 3100
f 3100 3500 3501
f 3100 3501 3101
f 3101 3501 3502
f 3101 3502 3102
f 3102 3502 3503
f 3102 3503 3103
f 3103 3503 3504
f 3103 3504 3104
f 3104 3504 3505
f 3104 3505 3105
f 3105 3505 3506
f 3105 3506 3106
f 3106 3506 3507
f 3106 3507 3107
f 3107 3507 3508
f 3107 3508 3108
f 3108 3508 3509
f 3108 3509 3109
f 3109 3509 3510
f 3109 3510 3110
f 3110 3510 3511
f 3110 3511 3111
f 3111 3511 3512
f 3111 3512 3112
f 3112 3512 3513
f 3112 3513 3113
f 3113 3513 3514
f 3113 3514 3114
f 3114 3514 3515
f 3114 3515 3115
f 3115 3515 3516
f 3115 3516 3116
f 3116 3516 3517
f 3116 3517 3117
f 3117 3517 3518
f 3117 3518 3118
f 3118 3518 3519
f 3118 3519 3119
f 3119 3519 3520
f 3119 3520 3120
f 3120 3520 3521
f 3120 3521 3121
f 3121 3521 3522
f 3121 3522 3122
f 3122 3522 3523
f 3122 3523 3123
f 3123 3523 3524
f 3123 3524 3124
f 3124 3524 3525
f 3124 3525 3125
f 3125 3525 3526
f 3125 3526 3126
f 3126 3526 3527
f 3126 3527 3127
f 3127 3527 3528
f 3127 3528 3128
f 3128 3528 3529
f 3128 3529 3129
f 3129 3529 3530
f 3129 3530 3130
f 3130 3530 3531
f 3130 3531 3131
f 3131 3531 3532
f 3131 3532 3132
f 3132 3532 3533
f 3132 3533 3133
f 3133 3533 3534
f 3133 3534 3134
f 3134 3534 3535
f 3134 3535 3135
f 3135 3535 3536
f 3135 3536 3136
f 3136 3536 3537
f 3136 3537 3137
f 3137 3537 3538
f 3137 3538 3138
f 3138 3538 3539
f 3138 3539 3139
f 3139 3539 3540
f 3139 3540 3140
f 3140 3540 3541
f 3140 3541 3141
f 3141 3541 3542
f 3141 3542 3142
f 3142 3542 3543
f 3142 3543 3143
f 3143 3543 3544
f 3143 3544 3144
f 3144 3544 3545
f 3144 3545 3145
f 3145 3545 3546
f 3145 3546 3146
f 3146 3546 3547
f 3146 3547 3147
f 3147 3547 3548
f 3147 3548 3148
f 3148 3548 3549
f 3148 3549 3149
f 3149 3549 3550
f 3149 3550 3150
f 3150 3550 3551
f 3150 3551 3151
f 3151 3551 3552
f 3151 3552 3152
f 3152 3552 3553
f 3152 3553 3153
f 3153 3553 3554
f 3153 3554 3154
f 3154 3554 3555
f 3154 3555 3155
f 3155 3555 3556
f 3155 3556 3156
f 3156 3556 3557
f 3156 3557 3157
f 3157 3557 3558
f 3157 3558 3158
f 3158 3558 3559
f 3158 3559 3159
f 3159 3559 3560
f 3159 3560 3160
f 3160 3560 3561
f 3160 3561 3161
f 3161 3561 3562
f 3161 3562 3162
f 3162 3562 3563
f 3162 3563 3163
f 3163 3563 3564
f 3163 3564 3164
f 3164 3564 3565
f 3164 3565 3165
f 3165 3565 3566
f 3165 3566 3166
f 3166 3566 3567
f 3166 3567 3167
f 3167 3567 3568
f 3167 3568 3168
f 3168 3568 3569
f 3168 3569 3169
f 3169 3569 3570
f 3169 3570 3170
f 3170 3570 3571
f 3170 3571 3171
f 3171 3571 3572
f 3171 3572 3172
f 3172 3572 3573
f 3172 3573 3173
f 3173 3573 3574
f 3173 3574 3174
f 3174 3574 3575
f 3174 3575 3175
f 3175 3575 3576
f 3175 3576 3176
f 3176 3576 3577
f 3176 3577 3177
f 3177 3577 3578
f 3177 3578 3178
f 3178 3578 3579
f 3178 3579 3179
f 3179 3579 3580
f 3179 3580 3180
f 3180 3580 3581
f 3180 3581 3181
f 3181 3581 3582
f 3181 3582 3182
f 3182 3582 3583
f 3182 3583 3183
f 3183 3583 3584
f 3183 3584 3184
f 3184 3584 3585
f 3184 3585 3185
f 3185 3585 3586
f 3185 3586 3186
f 3186 3586 3587
f 3186 3587 3187
f 3187 3587 3588
f 3187 3588 3188
f 3188 3588 3589
f 3188 3589 3189
f 3189 3589 3590
f 3189 3590 3190
f 3190 3590 3591
f 3190 3591 3191
f 3191 3591 3592
f 3191 3592 3192
f 3192 3592 3593
f 3192 3593 3193
f 3193 3593 3594
f 3193 3594 3194
f 3194 3594 3595
f 3194 3595 3195
f 3195 3595 3596
f 3195 3596 3196
f 3196 3596 3597
f 3196 3597 3197
f 3197 3597 3598
f 3197 3598 3198
f 3198 3598 3599
f 3198 3599 3199
f 3199 3599 3600
f 3199 3600 3200
f 3201 3601 3602
f 3201 3602 3202
f 3202 3602 3603
f 3202 3603 3203
f 3203 3603 3604
f 3203 3604 3204
f 3204 3604 3605
f 3204 3605 3205
f 3205 3605 3606
f 3205 3606 3206
f 3206 3606 3607
f 3206 3607 3207
f 3207 3607 3608
f 3207 3608 3208
f 3208 3608 3609
f 3208 3609 3209
f 3209 3609 3610
f 3209 3610 3210
f 3210 3610 3611
f 3210 3611 3211
f 3211 3611 3612
f 3211 3612 3212
f 3212 3612 3613
f 3212 3613 3213
f 3213 3613 3614
f 3213 3614 3214
f 3214 3614 3615
f 3214 3615 3215
f 3215 3615 3616
f 3215 3616 3216
f 3216 3616 3617
f 3216 3617 3217
f 3217 3617 3618
f 3217 3618 3218
f 3218 3618 3619
f 3218 3619 3219
f 3219 3619 3620
f 3219 3620 3220
f 3220 3620 3621
f 3220 3621 3221
f 3221 3621 3622
f 3221 3622 3222
f 3222 3622 3623
f 3222 3623 3223
f 3223 3623 3624
f 3223 3624 3224
f 3224 3624 3625
f 3224 3625 3225
f 3225 3625 3626
f 3225 3626 3226
f 3226 3626 3627
f 3226 3627 3227
f 3227 3627 3628
f 3227 3628 3228
f 3228 3628 3629
f 3228 3629 3229
f 3229 3629 3630
f 3229 3630 3230
f 3230 3630 3631
f 3230 3631 3231
f 3231 3631 3632
f 3231 3632 3232
f 3232 3632 3633
f 3232 3633 3233
f 3233 3633 3634
f 3233 3634 3234
f 3234 3634 3635
f 3234 3635 3235
f 3235 3635 3636
f 3235 3636 3236
f 3236 3636 3637
f 3236 3637 3237
f 3237 3637 3638
f 3237 3638 3238
f 3238 3638 3639
f 3238 3639 3239
f 3239 3639 3640
f 3239 3640 3240
f 3240 3640 3641
f 3240 3641 3241
f 3241 3641 3642
f 3241 3642 3242
f 3242 3642 3643
f 3242 3643 3243
f 3243 3643 3644
f 3243 3644 3244
f 3244 3644 3645
f 3244 3645 3245
f 3245 3645 3646
f 3245 3646 3246
f 3246 3646 3647
f 3246 3647 3247
f 3247 3647 3648
f 3247 3648 3248
f 3248 3648 3649
f 3248 3649 3249
f 3249 3649 3650
f 3249 3650 3250
f 3250 3650 3651
f 3250 3651 3251
f 3251 3651 3652
f 3251 3652 3252
f 3252 3652 3653
f 3252 3653 3253
f 3253 3653 3654
f 3253 3654 3254
f 3254 3654 3655
f 3254 3655 3255
f 3255 3655 3656
f 3255 3656 3256
f 3256 3656 3657
f 3256 3657 3257
f 3257 3657 3658
f 3257 3658 3258
f 3258 3658 3659
f 3258 3659 3259
f 3259 3659 3660
f 3259 3660 3260
f 3260 3660 3661
f 3260 3661 3261
f 3261 3661 3662
f 3261 3662 3262
f 3262 3662 3663
f 3262 3663 3263
f 3263 3663 3664
f 3263 3664 3264
f 3264 3664 3665
f 3264 3665 3265
f 3265 3665 3666
f 3265 3666 3266
f 3266 3666 3667
f 3266 3667 3267
f 3267 3667 3668
f 3267 3668 3268
f 3268 3668 3669
f 3268 3669 3269
f 3269 3669 3670
f 3269 3670 3270
f 3270 3670 3671
f 3270 3671 3271
f 3271 3671 3672
f 3271 3672 3272
f 3272 3672 3673
f 3272 3673 3273
f 3273 3673 3674
f 3273 3674 3274
f 3274 3674 3675
f 3274 3675 3275
f 3275 3675 3676
f 3275 3676 3276
f 3276 3676 3677
f 3276 3677 3277
f 3277 3677 3678
f 3277 3678 3278
f 3278 3678 3679
f 3278 3679 3279
f 3279 3679 3680
f 3279 3680 3280
f 3280 3680 3681
f 3280 3681 3281
f 3281 3681 3682
f 3281 3682 3282
f 3282 3682 3683
f 3282 3683 3283
f 3283 3683 3684
f 3283 3684 3284
f 3284 3684 3685
f 3284 3685 3285
f 3285 3685 3686
f 3285 3686 3286
f 3286 3686 3687
f 3286 3687 3287
f 3287 3687 3688
f 3287 3688 3288
f 3288 3688 3689
f 3288 3689 3289
f 3289 3689 3690
f 3289 3690 3290
f 3290 3690 3691
f 3290 3691 3291
f 3291 3691 3692
f 3291 3692 3292
f 3292 3692 3693
f 3292 3693 3293
f 3293 3693 3694
f 3293 3694 3294
f 3294 3694 3695
f 3294 3695 3295
f 3295 3695 3696
f 3295 3696 3296
f 3296 3696 3697
f 3296 3697 3297
f 3297 3697 3698
f 3297 3698 3298
f 3298 3698 3699
f 3298 3699 3299
f 3299 3699 3700
f 3299 3700 3300
f 3300 3700 3701
f 3300 3701 3301
f 3301 3701 3702
f 3301 3702 3302
f 3302 3702 3703
f 3302 3703 3303
f 3303 3703 3704
f 3303 3704 3304
f 3304 3704 3705
f 3304 3705 3305
f 3305 3705 3706
f 3305 3706 3306
f 3306 3706 3707
f 3306 3707 3307
f 3307 3707 3708
f 3307 3708 3308
f 3308 3708 3709
f 3308 3709 3309
f 3309 3709 3710
f 3309 3710 3310
f 3310 3710 3711
f 3310 3711 3311
f 3311 3711 3712
f 3311 3712 3312
f 3312 3712 3713
f 3312 3713 3313
f 3313 3713 3714
f 3313 3714 3314
f 3314 3714 3715
f 3314 3715 3315
f 3315 3715 3716
f 3315 3716 3316
f 3316 3716 3717
f 3316 3717 3317
f 3317 3717 3718
f 3317 3718 3318
f 3318 3718 3719
f 3318 3719 3319
f 3319 3719 3720
f 3319 3720 3320
f 3320 3720 3721
f 3320 3721 3321
f 3321 3721 3722
f 3321 3722 3322
f 3322 3722 3723
f 3322 3723 3323
f 3323 3723 3724
f 3323 3724 3324
f 3324 3724 3725
f 3324 3725 3325
f 3325 3725 3726
f 3325 3726 3326
f 3326 3726 3727
f 3326 3727 3327
f 3327 3727 3728
f 3327 3728 3328
f 3328 3728 3729
f 3328 3729 3329
f 3329 3729 3730
f 3329 3730 3330
f 3330 3730 3731
f 3330 3731 3331
f 3331 3731 3732
f 3331 3732 3332
f 3332 3732 3733
f 3332 3733 3333
f 3333 3733 3734
f 3333 3734 3334
f 3334 3734 3735
f 3334 3735 3335
f 3335 3735 3736
f 3335 3736 3336
f 3336 3736 3737
f 3336 3737 3337
f 3337 3737 3738
f 3337 3738 3338
f 3338 3738 3739
f 3338 3739 3339
f 3339 3739 3740
f 3339 3740 3340
f 3340 3740 3741
f 3340 3741 3341
f 3341 3741 3742
f 3341 3742 3342
f 3342 3742 3743
f 3342 3743 3343
f 3343 3743 3744
f 3343 3744 3344
f 3344 3744 3745
f 3344 3745 3345
f 3345 3745 3746
f 3345 3746 3346
f 3346 3746 3747
f 3346 3747 3347
f 3347 3747 3748
f 3347 3748 3348
f 3348 3748 3749
f 3348 3749 3349
f 3349 3749 3750
f 3349 3750 3350
f 3350 3750 3751
f 3350 3751 3351
f 3351 3751 3752
f 3351 3752 3352
f 3352 3752 3753
f 3352 3753 3353
f 3353 3753 3754
f 3353 3754 3354
f 3354 3754 3755
f 3354 3755 3355
f 3355 3755 3756
f 3355 3756 3356
f 3356 3756 3757
f 3356 3757 3357
f 3357 3757 3758
f 3357 3758 3358
f 3358 3758 3759
f 3358 3759 3359
f 3359 3759 3760
f 3359 3760 3360
f 3360 3760 3761
f 3360 3761 3361
f 3361 3761 3762
f 3361 3762 3362
f 3362 3762 3763
f 3362 3763 3363
f 3363 3763 3764
f 3363 3764 3364
f 3364 3764 3765
f 3364 3765 3365
f 3365 3765 3766
f 3365 3766 3366
f 3366 3766 3767
f 3366 3767 3367
f 3367 3767 3768
f 3367 3768 3368
f 3368 3768 3769
f 3368 3769 3369
f 3369 3769 3770
f 3369 3770 3370
f 3370 3770 3771
f 3370 3771 3371
f 3371 3771 3772
f 3371 3772 3372
f 3372 3772 3773
f 3372 3773 3373
f 3373 3773 3774
f 3373 3774 3374
f 3374 3774 3775
f 3374 3775 3375
f 3375 3775 3776
f 3375 3776 3376
f 3376 3776 3777
f 3376 3777 3377
f 3377 3777 3778
f 3377 3778 3378
f 3378 3778 3779
f 3378 3779 3379
f 3379 3779 3780
f 3379 3780 3380
f 3380 3780 3781
f 3380 3781 3381
f 3381 3781 3782
f 3381 3782 3382
f 3382 3782 3783
f 3382 3783 3383
f 3383 3783 3784
f 3383 3784 3384
f 3384 3784 3785
f 3384 3785 3385
f 3385 3785 3786
f 3385 3786 3386
f 3386 3786 3787
f 3386 3787 3387
f 3387 3787 3788
f 3387 3788 3388
f 3388 3788 3789
f 3388 3789 3389
f 3389 3789 3790
f 3389 3790 3390
f 3390 3790 3791
f 3390 3791 3391
f 3391 3791 3792
f 3391 3792 3392
f 3392 3792 3793
f 3392 3793 3393
f 3393 3793 3794
f 3393 3794 3394
f 3394 3794 3795
f 3394 3795 3395
f 3395 3795 3796
f 3395 3796 3396
f 3396 3796 3797
f 3396 3797 3397
f 3397 3797 3798
f 3397 3798 3398
f 3398 3798 3799
f 3398 3799 3399
f 3399 3799 3800
f 3399 3800 3400
f 3400 3800 3801
f 3400 3801 3401
f 3401 3801 3802
f 3401 3802 3402
f 3402 3802 3803
f 3402 3803 3403
f 3403 3803 3804
f 3403 3804 3404
f 3404 3804 3805
f 3404 3805 3405
f 3405 3805 3806
f 3405 3806 3406
f 3406 3806 3807
f 3406 3807 3407
f 3407 3807 3808
f 3407 3808 3408
f 3408 3808 3809
f 3408 3809 3409
f 3409 3809 3810
f 3409 3810 3410
f 3410 3810 3811
f 3410 3811 3411
f 3411 3811 3812
f 3411 3812 3412
f 3412 3812 3813
f 3412 3813 3413
f 3413 3813 3814
f 3413 3814 3414
f 3414 3814 3815
f 3414 3815 3415
f 3415 3815 3816
f 3415 3816 3416
f 3416 3816 3817
f 3416 3817 3417
f 3417 3817 3818
f 3417 3818 3418
f 3418 3818 3819
f 3418 3819 3419
f 3419 3819 3820
f 3419 3820 3420
f 3420 3820 3821
f 3420 3821 3421
f 3421 3821 3822
f 3421 3822 3422
f 3422 3822 3823
f 3422 3823 3423
f 3423 3823 3824
f 3423 3824 3424
f 3424 3824 3825
f 3424 3825 3425
f 3425 3825 3826
f 3425 3826 3426
f 3426 3826 3827
f 3426 3827 3427
f 3427 3827 3828
f 3427 3828 3428
f 3428 3828 3829
f 3428 3829 3429
f 3429 3829 3830
f 3429 3830 3430
f 3430 3830 3831
f 3430 3831 3431
f 3431 3831 3832
f 3431 3832 3432
f 3432 3832 3833
f 3432 3833 3433
f 3433 3833 3834
f 3433 3834 3434
f 3434 3834 3835
f 3434 3835 3435
f 3435 3835 3836
f 3435 3836 3436
f 3436 3836 3837
f 3436 3837 3437
f 3437 3837 3838
f 3437 3838 3438
f 3438 3838 3839
f 3438 3839 3439
f 3439 3839 3840
f 3439 3840 3440
f 3440 3840 3841
f 3440 3841 3441
f 3441 3841 3842
f 3441 3842 3442
f 3442 3842 3843
f 3442 3843 3443
f 3443 3843 3844
f 3443 3844 3444
f 3444 3844 3845
f 3444 3845 3445
f 3445 3845 3846
f 3445 3846 3446
f 3446 3846 3847
f 3446 3847 3447
f 3447 3847 3848
f 3447 3848 3448
f 3448 3848 3849
f 3448 3849 3449
f 3449 3849 3850
f 3449 3850 3450
f 3450 3850 3851
f 3450 3851 3451
f 3451 3851 3852
f 3451 3852 3452
f 3452 3852 3853
f 3452 3853 3453
f 3453 3853 3854
f 3453 3854 3454
f 3454 3854 3855
f 3454 3855 3455
f 3455 3855 3856
f 3455 3856 3456
f 3456 3856 3857
f 3456 3857 3457
f 3457 3857 3858
f 3457 3858 3458
f 3458 3858 3859
f 3458 3859 3459
f 3459 3859 3860
f 3459 3860 3460
f 3460 3860 3861
f 3460 3861 3461
f 3461 3861 3862
f 3461 3862 3462
f 3462 3862 3863
f 3462 3863 3463
f 3463 3863 3864
f 3463 3864 3464
f 3464 3864 3865
f 3464 3865 3465
f 3465 3865 3866
f 3465 3866 3466
f 3466 3866 3867
f 3466 3867 3467
f 3467 3867 3868
f 3467 3868 3468
f 3468 3868 3869
f 3468 3869 3469
f 3469 3869 3870
f 3469 3870 3470
f 3470 3870 3871
f 3470 3871 3471
f 3471 3871 3872
f 3471 3872 3472
f 3472 3872 3873
f 3472 3873 3473
f 3473 3873 3874
f 3473 3874 3474
f 3474 3874 3875
f 3474 3875 3475
f 3475 3875 3876
f 3475 3876 3476
f 3476 3876 3877
f 3476 3877 3477
f 3477 3877 3878
f 3477 3878 3478
f 3478 3878 3879
f 3478 3879 3479
f 3479 3879 3880
f 3479 3880 3480
f 3480 3880 3881
f 3480 3881 3481
f 3481 3881 3882
f 3481 3882 3482
f 3482 3882 3883
f 3482 3883 3483
f 3483 3883 3884
f 3483 3884 3484
f 3484 3884 3885
f 3484 3885 3485
f 3485 3885 3886
f 3485 3886 3486
f 3486 3886 3887
f 3486 3887 3487
f 3487 3887 3888
f 3487 3888 3488
f 3488 3888 3889
f 3488 3889 3489
f 3489 3889 3890
f 3489 3890 3490
f 3490 3890 3891
f 3490 3891 3491
f 3491 3891 3892
f 3491 3892 3492
f 3492 3892 3893
f 3492 3893 3493
f 3493 3893 3894
f 3493 3894 3494
f 3494 3894 3895
f 3494 3895 3495
f 3495 3895 3896
f 3495 3896 3496
f 3496 3896 3897
f 3496 3897 3497
f 3497 3897 3898
f 3497 3898 3498
f 3498 3898 3899
f 3498 3899 3499
f 3499 3899 3900
f 3499 3900 3500
f 3500 3900 3901
f 3500 3901 3501
f 3501 3901 3902
f 3501 3902 3502
f 3502 3902 3903
f 3502 3903 3503
f 3503 3903 3904
f 3503 3904 3504
f 3504 3904 3905
f 3504 3905 3505
f 3505 3905 3906
f 3505 3906 3506
f 3506 3906 3907
f 3506 3907 3507
f 3507 3907 3908
f 3507 3908 3508
f 3508 3908 3909
f 3508 3909 3509
f 3509 3909 3910
f 3509 3910 3510
f 3510 3910 3911
f 3510 3911 3511
f 3511 3911 3912
f 3511 3912 3512
f 3512 3912 3913
f 3512 3913 3513
f 3513 3913 3914
f 3513 3914 3514
f 3514 3914 3915
f 3514 3915 3515
f 3515 3915 3916
f 3515 3916 3516
f 3516 3916 3917
f 3516 3917 3517
f 3517 3917 3918
f 3517 3918 3518
f 3518 3918 3919
f 3518 3919 3519
f 3519 3919 3920
f 3519 3920 3520
f 3520 3920 3921
f 3520 3921 3521
f 3521 3921 3922
f 3521 3922 3522
f 3522 3922 3923
f 3522 3923 3523
f 3523 3923 3924
f 3523 3924 3524
f 3524 3924 3925
f 3524 3925 3525
f 3525 3925 3926
f 3525 3926 3526
f 3526 3926 3927
f 3526 3927 3527
f 3527 3927 3928
f 3527 3928 3528
f 3528 3928 3929
f 3528 3929 3529
f 3529 3929 3930
f 3529 3930 3530
f 3530 3930 3931
f 3530 3931 3531
f 3531 3931 3932
f 3531 3932 3532
f 3532 3932 3933
f 3532 3933 3533
f 3533 3933 3934
f 3533 3934 3534
f 3534 3934 3935
f 3534 3935 3535
f 3535 3935 3936
f 3535 3936 3536
f 3536 3936 3937
f 3536 3937 3537
f 3537 3937 3938
f 3537 3938 3538
f 3538 3938 3939
f 3538 3939 3539
f 3539 3939 3940
f 3539 3940 3540
f 3540 3940 3941
f 3540 3941 3541
f 3541 3941 3942
f 3541 3942 3542
f 3542 3942 3943
f 3542 3943 3543
f 3543 3943 3944
f 3543 3944 3544
f 3544 3944 3945
f 3544 3945 3545
f 3545 3945 3946
f 3545 3946 3546
f 3546 3946 3947
f 3546 3947 3547
f 3547 3947 3948
f 3547 3948 3548
f 3548 3948 3949
f 3548 3949 3549
f 3549 3949 3950
f 3549 3950 3550
f 3550 3950 3951
f 3550 3951 3551
f 3551 3951 3952
f 3551 3952 3552
f 3552 3952 3953
f 3552 3953 3553
f 3553 3953 3954
f 3553 3954 3554
f 3554 3954 3955
f 3554 3955 3555
f 3555 3955 3956
f 3555 3956 3556
f 3556 3956 3957
f 3556 3957 3557
f 3557 3957 3958
f 3557 3958 3558
f 3558 3958 3959
f 3558 3959 3559
f 3559 3959 3960
f 3559 3960 3560
f 3560 3960 3961
f 3560 3961 3561
f 3561 3961 3962
f 3561 3962 3562
f 3562 3962 3963
f 3562 3963 3563
f 3563 3963 3964
f 3563 3964 3564
f 3564 3964 3965
f 3564 3965 3565
f 3565 3965 3966
f 3565 3966 3566
f 3566 3966 3967
f 3566 3967 3567
f 3567 3967 3968
f 3567 3968 3568
f 3568 3968 3969
f 3568 3969 3569
f 3569 3969 3970
f 3569 3970 3570
f 3570 3970 3971
f 3570 3971 3571
f 3571 3971 3972
f 3571 3972 3572
f 3572 3972 3973
f 3572 3973 3573
f 3573 3973 3974
f 3573 3974 3574
f 3574 3974 3975
f 3574 3975 3575
f 3575 3975 3976
f 3575 3976 3576
f 3576 3976 3977
f 3576 3977 3577
f 3577 3977 3978
f 3577 3978 3578
f 3578 3978 3979
f 3578 3979 3579
f 3579 3979 3980
f 3579 3980 3580
f 3580 3980 3981
f 3580 3981 3581
f 3581 3981 3982
f 3581 3982 3582
f 3582 3982 3983
f 3582 3983 3583
f 3583 3983 3984
f 3583 3984 3584
f 3584 3984 3985
f 3584 3985 3585
f 3585 3985 3986
f 3585 3986 3586
f 3586 3986 3987
f 3586 3987 3587
f 3587 3987 3988
f 3587 3988 3588
f 3588 3988 3989
f 3588 3989 3589
f 3589 3989 3990
f 3589 3990 3590
f 3590 3990 3991
f 3590 3991 3591
f 3591 3991 3992
f 3591 3992 3592
f 3592 3992 3993
f 3592 3993 3593
f 3593 3993 3994
f 3593 3994 3594
f 3594 3994 3995
f 3594 3995 3595
f 3595 3995 3996
f 3595 3996 3596
f 3596 3996 3997
f 3596 3997 3597
f 3597 3997 3998
f 3597 3998 3598
f 3598 3998 3999
f 3598 3999 3599
f 3599 3999 4000
f 3599 4000 3600
f 3601 4001 4002
f 3601 4002 3602
f 3602 4002 4003
f 3602 4003 3603
f 3603 4003 4004
f 3603 4004 3604
f 3604 4004 4005
f 3604 4005 3605
f 3605 4005 4006
f 3605 4006 3606
f 3606 4006 4007
f 3606 4007 3607
f 3607 4007 4008
f 3607 4008 3608
f 3608 4008 4009
f 3608 4009 3609
f 3609 4009 4010
f 3609 4010 3610
f 3610 4010 4011
f 3610 4011 3611
f 3611 4011 4012
f 3611 4012 3612
f 3612 4012 4013
f 3612 4013 3613
f 3613 4013 4014
f 3613 4014 3614
f 3614 4014 4015
f 3614 4015 3615
f 3615 4015 4016
f 3615 4016 3616
f 3616 4016 4017
f 3616 4017 3617
f 3617 4017 4018
f 3617 4018 3618
f 3618 4018 4019
f 3618 4019 3619
f 3619 4019 4020
f 3619 4020 3620
f 3620 4020 4021
f 3620 4021 3621
f 3621 4021 4022
f 3621 4022 3622
f 3622 4022 4023
f 3622 4023 3623
f 3623 4023 4024
f 3623 4024 3624
f 3624 4024 4025
f 3624 4025 3625
f 3625 4025 4026
f 3625 4026 3626
f 3626 4026 4027
f 3626 4027 3627
f 3627 4027 4028
f 3627 4028 3628
f 3628 4028 4029
f 3628 4029 3629
f 3629 4029 4030
f 3629 4030 3630
f 3630 4030 4031
f 3630 4031 3631
f 3631 4031 4032
f 3631 4032 3632
f 3632 4032 4033
f 3632 4033 3633
f 3633 4033 4034
f 3633 4034 3634
f 3634 4034 4035
f 3634 4035 3635
f 3635 4035 4036
f 3635 4036 3636
f 3636 4036 4037
f 3636 4037 3637
f 3637 4037 4038
f 3637 4038 3638
f 3638 4038 4039
f 3638 4039 3639
f 3639 4039 4040
f 3639 4040 3640
f 3640 4040 4041
f 3640 4041 3641
f 3641 4041 4042
f 3641 4042 3642
f 3642 4042 4043
f 3642 4043 3643
f 3643 4043 4044
f 3643 4044 3644
f 3644 4044 4045
f 3644 4045 3645
f 3645 4045 4046
f 3645 4046 3646
f 3646 4046 4047
f 3646 4047 3647
f 3647 4047 4048
f 3647 4048 3648
f 3648 4048 4049
f 3648 4049 3649
f 3649 4049 4050
f 3649 4050 3650
f 3650 4050 4051
f 3650 4051 3651
f 3651 4051 4052
f 3651 4052 3652
f 3652 4052 4053
f 3652 4053 3653
f 3653 4053 4054
f 3653 4054 3654
f 3654 4054 4055
f 3654 4055 3655
f 3655 4055 4056
f 3655 4056 3656
f 3656 4056 4057
f 3656 4057 3657
f 3657 4057 4058
f 3657 4058 3658
f 3658 4058 4059
f 3658 4059 3659
f 3659 4059 4060
f 3659 4060 3660
f 3660 4060 4061
f 3660 4061 3661
f 3661 4061 4062
f 3661 4062 3662
f 3662 4062 4063
f 3662 4063 3663
f 3663 4063 4064
f 3663 4064 3664
f 3664 4064 4065
f 3664 4065 3665
f 3665 4065 4066
f 3665 4066 3666
f 3666 4066 4067
f 3666 4067 3667
f 3667 4067 4068
f 3667 4068 3668
f 3668 4068 4069
f 3668 4069 3669
f 3669 4069 4070
f 3669 4070 3670
f 3670 4070 4071
f 3670 4071 3671
f 3671 4071 4072
f 3671 4072 3672
f 3672 4072 4073
f 3672 4073 3673
f 3673 4073 4074
f 3673 4074 3674
f 3674 4074 4075
f 3674 4075 3675
f 3675 4075 4076
f 3675 4076 3676
f 3676 4076 4077
f 3676 4077 3677
f 3677 4077 4078
f 3677 4078 3678
f 3678 4078 4079
f 3678 4079 3679
f 3679 4079 4080
f 3679 4080 3680
f 3680 4080 4081
f 3680 4081 3681
f 3681 4081 4082
f 3681 4082 3682
f 3682 4082 4083
f 3682 4083 3683
f 3683 4083 4084
f 3683 4084 3684
f 3684 4084 4085
f 3684 4085 3685
f 3685 4085 4086
f 3685 4086 3686
f 3686 4086 4087
f 3686 4087 3687
f 3687 4087 4088
f 3687 4088 3688
f 3688 4088 4089
f 3688 4089 3689
f 3689 4089 4090
f 3689 4090 3690
f 3690 4090 4091
f 3690 4091 3691
f 3691 4091 4092
f 3691 4092 3692
f 3692 4092 4093
f 3692 4093 3693
f 3693 4093 4094
f 3693 4094 3694
f 3694 4094 4095
f 3694 4095 3695
f 3695 4095 4096
f 3695 4096 3696
f 3696 4096 4097
f 3696 4097 3697
f 3697 4097 4098
f 3697 4098 3698
f 3698 4098 4099
f 3698 4099 3699
f 3699 4099 4100
f 3699 4100 3700
f 3700 4100 4101
f 3700 4101 3701
f 3701 4101 4102
f 3701 4102 3702
f 3702 4102 4103
f 3702 4103 3703
f 3703 4103 4104
f 3703 4104 3704
f 3704 4104 4105
f 3704 4105 3705
f 3705 4105 4106
f 3705 4106 3706
f 3706 4106 4107
f 3706 4107 3707
f 3707 4107 4108
f 3707 4108 3708
f 3708 4108 4109
f 3708 4109 3709
f 3709 4109 4110
f 3709 4110 3710
f 3710 4110 4111
f 3710 4111 3711
f 3711 4111 4112
f 3711 4112 3712
f 3712 4112 4113
f 3712 4113 3713
f 3713 4113 4114
f 3713 4114 3714
f 3714 4114 4115
f 3714 4115 3715
f 3715 4115 4116
f 3715 4116 3716
f 3716 4116 4117
f 3716 4117 3717
f 3717 4117 4118
f 3717 4118 3718
f 3718 4118 4119
f 3718 4119 3719
f 3719 4119 4120
f 3719 4120 3720
f 3720 4120 4121
f 3720 4121 3721
f 3721 4121 4122
f 3721 4122 3722
f 3722 4122 4123
f 3722 4123 3723
f 3723 4123 4124
f 3723 4124 3724
f 3724 4124 4125
f 3724 4125 3725
f 3725 4125 4126
f 3725 4126 3726
f 3726 4126 4127
f 3726 4127 3727
f 3727 4127 4128
f 3727 4128 3728
f 3728 4128 4129
f 3728 4129 3729
f 3729 4129 4130
f 3729 4130 3730
f 3730 4130 4131
f 3730 4131 3731
f 3731 4131 4132
f 3731 4132 3732
f 3732 4132 4133
f 3732 4133 3733
f 3733 4133 4134
f 3733 4134 3734
f 3734 4134 4135
f 3734 4135 3735
f 3735 4135 4136
f 3735 4136 3736
f 3736 4136 4137
f 3736 4137 3737
f 3737 4137 4138
f 3737 4138 3738
f 3738 4138 4139
f 3738 4139 3739
f 3739 4139 4140
f 3739 4140 3740
f 3740 4140 4141
f 3740 4141 3741
f 3741 4141 4142
f 3741 4142 3742
f 3742 4142 4143
f 3742 4143 3743
f 3743 4143 4144
f 3743 4144 3744
f 3744 4144 4145
f 3744 4145 3745
f 3745 4145 4146
f 3745 4146 3746
f 3746 4146 4147
f 3746 4147 3747
f 3747 4147 4148
f 3747 4148 3748
f 3748 4148 4149
f 3748 4149 3749
f 3749 4149 4150
f 3749 4150 3750
f 3750 4150 4151
f 3750 4151 3751
f 3751 4151 4152
f 3751 4152 3752
f 3752 4152 4153
f 3752 4153 3753
f 3753 4153 4154
f 3753 4154 3754
f 3754 4154 4155
f 3754 4155 3755
f 3755 4155 4156
f 3755 4156 3756
f 3756 4156 4157
f 3756 4157 3757
f 3757 4157 4158
f 3757 4158 3758
f 3758 4158 4159
f 3758 4159 3759
f 3759 4159 4160
f 3759 4160 3760
f 3760 4160 4161
f 3760 4161 3761
f 3761 4161 4162
f 3761 4162 3762
f 3762 4162 4163
f 3762 4163 3763
f 3763 4163 4164
f 3763 4164 3764
f 3764 4164 4165
f 3764 4165 3765
f 3765 4165 4166
f 3765 4166 3766
f 3766 4166 4167
f 3766 4167 3767
f 3767 4167 4168
f 3767 4168 3768
f 3768 4168 4169
f 3768 4169 3769
f 3769 4169 4170
f 3769 4170 3770
f 3770 4170 4171
f 3770 4171 3771
f 3771 4171 4172
f 3771 4172 3772
f 3772 4172 4173
f 3772 4173 3773
f 3773 4173 4174
f 3773 4174 3774
f 3774 4174 4175
f 3774 4175 3775
f 3775 4175 4176
f 3775 4176 3776
f 3776 4176 4177
f 3776 4177 3777
f 3777 4177 4178
f 3777 4178 3778
f 3778 4178 4179
f 3778 4179 3779
f 3779 4179 4180
f 3779 4180 3780
f 3780 4180 4181
f 3780 4181 3781
f 3781 4181 4182
f 3781 4182 3782
f 3782 4182 4183
f 3782 4183 3783
f 3783 4183 4184
f 3783 4184 3784
f 3784 4184 4185
f 3784 4185 3785
f 3785 4185 4186
f 3785 4186 3786
f 3786 4186 4187
f 3786 4187 3787
f 3787 4187 4188
f 3787 4188 3788
f 3788 4188 4189
f 3788 4189 3789
f 3789 4189 4190
f 3789 4190 3790
f 3790 4190 4191
f 3790 4191 3791
f 3791 4191 4192
f 3791 4192 3792
f 3792 4192 4193
f 3792 4193 3793
f 3793 4193 4194
f 3793 4194 3794
f 3794 4194 4195
f 3794 4195 3795
f 3795 4195 4196
f 3795 4196 3796
f 3796 4196 4197
f 3796 4197 3797
f 3797 4197 4198
f 3797 4198 3798
f 3798 4198 4199
f 3798 4199 3799
f 3799 4199 4200
f 3799 4200 3800
f 3800 4200 4201
f 3800 4201 3801
f 3801 4201 4202
f 3801 4202 3802
f 3802 4202 4203
f 3802 4203 3803
f 3803 4203 4204
f 3803 4204 3804
f 3804 4204 4205
f 3804 4205 3805
f 3805 4205 4206
f 3805 4206 3806
f 3806 4206 4207
f 3806 4207 3807
f 3807 4207 4208
f 3807 4208 3808
f 3808 4208 4209
f 3808 4209 3809
f 3809 4209 4210
f 3809 4210 3810
f 3810 4210 4211
f 3810 4211 3811
f 3811 4211 4212
f 3811 4212 3812
f 3812 4212 4213
f 3812 4213 3813
f 3813 4213 4214
f 3813 4214 3814
f 3814 4214 4215
f 3814 4215 3815
f 3815 4215 4216
f 3815 4216 3816
f 3816 4216 4217
f 3816 4217 3817
f 3817 4217 4218
f 3817 4218 3818
f 3818 4218 4219
f 3818 4219 3819
f 3819 4219 4220
f 3819 4220 3820
f 3820 4220 4221
f 3820 4221 3821
f 3821 4221 4222
f 3821 4222 3822
f 3822 4222 4223
f 3822 4223 3823
f 3823 4223 4224
f 3823 4224 3824
f 3824 4224 4225
f 3824 4225 3825
f 3825 4225 4226
f 3825 4226 3826
f 3826 4226 4227
f 3826 4227 3827
f 3827 4227 4228
f 3827 4228 3828
f 3828 4228 4229
f 3828 4229 3829
f 3829 4229 4230
f 3829 4230 3830
f 3830 4230 4231
f 3830 4231 3831
f 3831 4231 4232
f 3831 4232 3832
f 3832 4232 4233
f 3832 4233 3833
f 3833 4233 4234
f 3833 4234 3834
f 3834 4234 4235
f 3834 4235 3835
f 3835 4235 4236
f 3835 4236 3836
f 3836 4236 4237
f 3836 4237 3837
f 3837 4237 4238
f 3837 4238 3838
f 3838 4238 4239
f 3838 4239 3839
f 3839 4239 4240
f 3839 4240 3840
f 3840 4240 4241
f 3840 4241 3841
f 3841 4241 4242
f 3841 4242 3842
f 3842 4242 4243
f 3842 4243 3843
f 3843 4243 4244
f 3843 4244 3844
f 3844 4244 4245
f 3844 4245 3845
f 3845 4245 4246
f 3845 4246 3846
f 3846 4246 4247
f 3846 4247 3847
f 3847 4247 4248
f 3847 4248 3848
f 3848 4248 4249
f 3848 4249 3849
f 3849 4249 4250
f 3849 4250 3850
f 3850 4250 4251
f 3850 4251 3851
f 3851 4251 4252
f 3851 4252 3852
f 3852 4252 4253
f 3852 4253 3853
f 3853 4253 4254
f 3853 4254 3854
f 3854 4254 4255
f 3854 4255 3855
f 3855 4255 4256
f 3855 4256 3856
f 3856 4256 4257
f 3856 4257 3857
f 3857 4257 4258
f 3857 4258 3858
f 3858 4258 4259
f 3858 4259 3859
f 3859 4259 4260
f 3859 4260 3860
f 3860 4260 4261
f 3860 4261 3861
f 3861 4261 4262
f 3861 4262 3862
f 3862 4262 4263
f 3862 4263 3863
f 3863 4263 4264
f 3863 4264 3864
f 3864 4264 4265
f 3864 4265 3865
f 3865 4265 4266
f 3865 4266 3866
f 3866 4266 4267
f 3866 4267 3867
f 3867 4267 4268
f 3867 4268 3868
f 3868 4268 4269
f 3868 4269 3869
f 3869 4269 4270
f 3869 4270 3870
f 3870 4270 4271
f 3870 4271 3871
f 3871 4271 4272
f 3871 4272 3872
f 3872 4272 4273
f 3872 4273 3873
f 3873 4273 4274
f 3873 4274 3874
f 3874 4274 4275
f 3874 4275 3875
f 3875 4275 4276
f 3875 4276 3876
f 3876 4276 4277
f 3876 4277 3877
f 3877 4277 4278
f 3877 4278 3878
f 3878 4278 4279
f 3878 4279 3879
f 3879 4279 4280
f 3879 4280 3880
f 3880 4280 4281
f 3880 4281 3881
f 3881 4281 4282
f 3881 4282 3882
f 3882 4282 4283
f 3882 4283 3883
f 3883 4283 4284
f 3883 4284 3884
f 3884 4284 4285
f 3884 4285 3885
f 3885 4285 4286
f 3885 4286 3886
f 3886 4286 4287
f 3886 4287 3887
f 3887 4287 4288
f 3887 4288 3888
f 3888 4288 4289
f 3888 4289 3889
f 3889 4289 4290
f 3889 4290 3890
f 3890 4290 4291
f 3890 4291 3891
f 3891 4291 4292
f 3891 4292 3892
f 3892 4292 4293
f 3892 4293 3893
f 3893 4293 4294
f 3893 4294 3894
f 3894 4294 4295
f 3894 4295 3895
f 3895 4295 4296
f 3895 4296 3896
f 3896 4296 4297
f 3896 4297 3897
f 3897 4297 4298
f 3897 4298 3898
f 3898 4298 4299
f 3898 4299 3899
f 3899 4299 4300
f 3899 4300 3900
f 3900 4300 4301
f 3900 4301 3901
f 3901 4301 4302
f 3901 4302 3902
f 3902 4302 4303
f 3902 4303 3903
f 3903 4303 4304
f 3903 4304 3904
f 3904 4304 4305
f 3904 4305 3905
f 3905 4305 4306
f 3905 4306 3906
f 3906 4306 4307
f 3906 4307 3907
f 3907 4307 4308
f 3907 4308 3908
f 3908 4308 4309
f 3908 4309 3909
f 3909 4309 4310
f 3909 4310 3910
f 3910 4310 4311
f 3910 4311 3911
f 3911 4311 4312
f 3911 4312 3912
f 3912 4312 4313
f 3912 4313 3913
f 3913 4313 4314
f 3913 4314 3914
f 3914 4314 4315
f 3914 4315 3915
f 3915 4315 4316
f 3915 4316 3916
f 3916 4316 4317
f 3916 4317 3917
f 3917 4317 4318
f 3917 4318 3918
f 3918 4318 4319
f 3918 4319 3919
f 3919 4319 4320
f 3919 4320 3920
f 3920 4320 4321
f 3920 4321 3921
f 3921 4321 4322
f 3921 4322 3922
f 3922 4322 4323
f 3922 4323 3923
f 3923 4323 4324
f 3923 4324 3924
f 3924 4324 4325
f 3924 4325 3925
f 3925 4325 4326
f 3925 4326 3926
f 3926 4326 4327
f 3926 4327 3927
f 3927 4327 4328
f 3927 4328 3928
f 3928 4328 4329
f 3928 4329 3929
f 3929 4329 4330
f 3929 4330 3930
f 3930 4330 4331
f 3930 4331 3931
f 3931 4331 4332
f 3931 4332 3932
f 3932 4332 4333
f 3932 4333 3933
f 3933 4333 4334
f 3933 4334 3934
f 3934 4334 4335
f 3934 4335 3935
f 3935 4335 4336
f 3935 4336 3936
f 3936 4336 4337
f 3936 4337 3937
f 3937 4337 4338
f 3937 4338 3938
f 3938 4338 4339
f 3938 4339 3939
f 3939 4339 4340
f 3939 4340 3940
f 3940 4340 4341
f 3940 4341 3941
f 3941 4341 4342
f 3941 4342 3942
f 3942 4342 4343
f 3942 4343 3943
f 3943 4343 4344
f 3943 4344 3944
f 3944 4344 4345
f 3944 4345 3945
f 3945 4345 4346
f 3945 4346 3946
f 3946 4346 4347
f 3946 4347 3947
f 3947 4347 4348
f 3947 4348 3948
f 3948 4348 4349
f 3948 4349 3949
f 3949 4349 4350
f 3949 4350 3950
f 3950 4350 4351
f 3950 4351 3951
f 3951 4351 4352
f 3951 4352 3952
f 3952 4352 4353
f 3952 4353 3953
f 3953 4353 4354
f 3953 4354 3954
f 3954 4354 4355
f 3954 4355 3955
f 3955 4355 4356
f 3955 4356 3956
f 3956 4356 4357
f 3956 4357 3957
f 3957 4357 4358
f 3957 4358 3958
f 3958 4358 4359
f 3958 4359 3959
f 3959 4359 4360
f 3959 4360 3960
f 3960 4360 4361
f 3960 4361 3961
f 3961 4361 4362
f 3961 4362 3962
f 3962 4362 4363
f 3962 4363 3963
f 3963 4363 4364
f 3963 4364 3964
f 3964 4364 4365
f 3964 4365 3965
f 3965 4365 4366
f 3965 4366 3966
f 3966 4366 4367
f 3966 4367 3967
f 3967 4367 4368
f 3967 4368 3968
f 3968 4368 4369
f 3968 4369 3969
f 3969 4369 4370
f 3969 4370 3970
f 3970 4370 4371
f 3970 4371 3971
f 3971 4371 4372
f 3971 4372 3972
f 3972 4372 4373
f 3972 4373 3973
f 3973 4373 4374
f 3973 4374 3974
f 3974 4374 4375
f 3974 4375 3975
f 3975 4375 4376
f 3975 4376 3976
f 3976 4376 4377
f 3976 4377 3977
f 3977 4377 4378
f 3977 4378 3978
f 3978 4378 4379
f 3978 4379 3979
f 3979 4379 4380
f 3979 4380 3980
f 3980 4380 4381
f 3980 4381 3981
f 3981 4381 4382
f 3981 4382 3982
f 3982 4382 4383
f 3982 4383 3983
f 3983 4383 4384
f 3983 4384 3984
f 3984 4384 4385
f 3984 4385 3985
f 3985 4385 4386
f 3985 4386 3986
f 3986 4386 4387
f 3986 4387 3987
f 3987 4387 4388
f 3987 4388 3988
f 3988 4388 4389
f 3988 4389 3989
f 3989 4389 4390
f 3989 4390 3990
f 3990 4390 4391
f 3990 4391 3991
f 3991 4391 4392
f 3991 4392 3992
f 3992 4392 4393
f 3992 4393 3993
f 3993 4393 4394
f 3993 4394 3994
f 3994 4394 4395
f 3994 4395 3995
f 3995 4395 4396
f 3995 4396 3996
f 3996 4396 4397
f 3996 4397 3997
f 3997 4397 4398
f 3997 4398 3998
f 3998 4398 4399
f 3998 4399 3999
f 3999 4399 4400
f 3999 4400 4000
f 4001 4401 4402
f 4001 4402 4002
f 4002 4402 4403
f 4002 4403 4003
f 4003 4403 4404
f 4003 4404 4004
f 4004 4404 4405
f 4004 4405 4005
f 4005 4405 4406
f 4005 4406 4006
f 4006 4406 4407
f 4006 4407 4007
f 4007 4407 4408
f 4007 4408 4008
f 4008 4408 4409
f 4008 4409 4009
f 4009 4409 4410
f 4009 4410 4010
f 4010 4410 4411
f 4010 4411 4011
f 4011 4411 4412
f 4011 4412 4012
f 4012 4412 4413
f 4012 4413 4013
f 4013 4413 4414
f 4013 4414 4014
f 4014 4414 4415
f 4014 4415 4015
f 4015 4415 4416
f 4015 4416 4016
f 4016 4416 4417
f 4016 4417 4017
f 4017 4417 4418
f 4017 4418 4018
f 4018 4418 4419
f 4018 4419 4019
f 4019 4419 4420
f 4019 4420 4020
f 4020 4420 4421
f 4020 4421 4021
f 4021 4421 4422
f 4021 4422 4022
f 4022 4422 4423
f 4022 4423 4023
f 4023 4423 4424
f 4023 4424 4024
f 4024 4424 4425
f 4024 4425 4025
f 4025 4425 4426
f 4025 4426 4026
f 4026 4426 4427
f 4026 4427 4027
f 4027 4427 4428
f 4027 4428 4028
f 4028 4428 4429
f 4028 4429 4029
f 4029 4429 4430
f 4029 4430 4030
f 4030 4430 4431
f 4030 4431 4031
f 4031 4431 4432
f 4031 4432 4032
f 4032 4432 4433
f 4032 4433 4033
f 4033 4433 4434
f 4033 4434 4034
f 4034 4434 4435
f 4034 4435 4035
f 4035 4435 4436
f 4035 4436 4036
f 4036 4436 4437
f 4036 4437 4037
f 4037 4437 4438
f 4037 4438 4038
f 4038 4438 4439
f 4038 4439 4039
f 4039 4439 4440
f 4039 4440 4040
f 4040 4440 4441
f 4040 4441 4041
f 4041 4441 4442
f 4041 4442 4042
f 4042 4442 4443
f 4042 4443 4043
f 4043 4443 4444
f 4043 4444 4044
f 4044 4444 4445
f 4044 4445 4045
f 4045 4445 4446
f 4045 4446 4046
f 4046 4446 4447
f 4046 4447 4047
f 4047 4447 4448
f 4047 4448 4048
f 4048 4448 4449
f 4048 4449 4049
f 4049 4449 4450
f 4049 4450 4050
f 4050 4450 4451
f 4050 4451 4051
f 4051 4451 4452
f 4051 4452 4052
f 4052 4452 4453
f 4052 4453 4053
f 4053 4453 4454
f 4053 4454 4054
f 4054 4454 4455
f 4054 4455 4055
f 4055 4455 4456
f 4055 4456 4056
f 4056 4456 4457
f 4056 4457 4057
f 4057 4457 4458
f 4057 4458 4058
f 4058 4458 4459
f 4058 4459 4059
f 4059 4459 4460
f 4059 4460 4060
f 4060 4460 4461
f 4060 4461 4061
f 4061 4461 4462
f 4061 4462 4062
f 4062 4462 4463
f 4062 4463 4063
f 4063 4463 4464
f 4063 4464 4064
f 4064 4464 4465
f 4064 4465 4065
f 4065 4465 4466
f 4065 4466 4066
f 4066 4466 4467
f 4066 4467 4067
f 4067 4467 4468
f 4067 4468 4068
f 4068 4468 4469
f 4068 4469 4069
f 4069 4469 4470
f 4069 4470 4070
f 4070 4470 4471
f 4070 4471 4071
f 4071 4471 4472
f 4071 4472 4072
f 4072 4472 4473
f 4072 4473 4073
f 4073 4473 4474
f 4073 4474 4074
f 4074 4474 4475
f 4074 4475 4075
f 4075 4475 4476
f 4075 4476 4076
f 4076 4476 4477
f 4076 4477 4077
f 4077 4477 4478
f 4077 4478 4078
f 4078 4478 4479
f 4078 4479 4079
f 4079 4479 4480
f 4079 4480 4080
f 4080 4480 4481
f 4080 4481 4081
f 4081 4481 4482
f 4081 4482 4082
f 4082 4482 4483
f 4082 4483 4083
f 4083 4483 4484
f 4083 4484 4084
f 4084 4484 4485
f 4084 4485 4085
f 4085 4485 4486
f 4085 4486 4086
f 4086 4486 4487
f 4086 4487 4087
f 4087 4487 4488
f 4087 4488 4088
f 4088 4488 4489
f 4088 4489 4089
f 4089 4489 4490
f 4089 4490 4090
f 4090 4490 4491
f 4090 4491 4091
f 4091 4491 4492
f 4091 4492 4092
f 4092 4492 4493
f 4092 4493 4093
f 4093 4493 4494
f 4093 4494 4094
f 4094 4494 4495
f 4094 4495 4095
f 4095 4495 4496
f 4095 4496 4096
f 4096 4496 4497
f 4096 4497 4097
f 4097 4497 4498
f 4097 4498 4098
f 4098 4498 4499
f 4098 4499 4099
f 4099 4499 4500
f 4099 4500 4100
f 4100 4500 4501
f 4100 4501 4101
f 4101 4501 4502
f 4101 4502 4102
f 4102 4502 4503
f 4102 4503 4103
f 4103 4503 4504
f 4103 4504 4104
f 4104 4504 4505
f 4104 4505 4105
f 4105 4505 4506
f 4105 4506 4106
f 4106 4506 4507
f 4106 4507 4107
f 4107 4507 4508
f 4107 4508 4108
f 4108 4508 4509
f 4108 4509 4109
f 4109 4509 4510
f 4109 4510 4110
f 4110 4510 4511
f 4110 4511 4111
f 4111 4511 4512
f 4111 4512 4112
f 4112 4512 4513
f 4112 4513 4113
f 4113 4513 4514
f 4113 4514 4114
f 4114 4514 4515
f 4114 4515 4115
f 4115 4515 4516
f 4115 4516 4116
f 4116 4516 4517
f 4116 4517 4117
f 4117 4517 4518
f 4117 4518 4118
f 4118 4518 4519
f 4118 4519 4119
f 4119 4519 4520
f 4119 4520 4120
f 4120 4520 4521
f 4120 4521 4121
f 4121 4521 4522
f 4121 4522 4122
f 4122 4522 4523
f 4122 4523 4123
f 4123 4523 4524
f 4123 4524 4124
f 4124 4524 4525
f 4124 4525 4125
f 4125 4525 4526
f 4125 4526 4126
f 4126 4526 4527
f 4126 4527 4127
f 4127 4527 4528
f 4127 4528 4128
f 4128 4528 4529
f 4128 4529 4129
f 4129 4529 4530
f 4129 4530 4130
f 4130 4530 4531
f 4130 4531 4131
f 4131 4531 4532
f 4131 4532 4132
f 4132 4532 4533
f 4132 4533 4133
f 4133 4533 4534
f 4133 4534 4134
f 4134 4534 4535
f 4134 4535 4135
f 4135 4535 4536
f 4135 4536 4136
f 4136 4536 4537
f 4136 4537 4137
f 4137 4537 4538
f 4137 4538 4138
f 4138 4538 4539
f 4138 4539 4139
f 4139 4539 4540
f 4139 4540 4140
f 4140 4540 4541
f 4140 4541 4141
f 4141 4541 4542
f 4141 4542 4142
f 4142 4542 4543
f 4142 4543 4143
f 4143 4543 4544
f 4143 4544 4144
f 4144 4544 4545
f 4144 4545 4145
f 4145 4545 4546
f 4145 4546 4146
f 4146 4546 4547
f 4146 4547 4147
f 4147 4547 4548
f 4147 4548 4148
f 4148 4548 4549
f 4148 4549 4149
f 4149 4549 4550
f 4149 4550 4150
f 4150 4550 4551
f 4150 4551 4151
f 4151 4551 4552
f 4151 4552 4152
f 4152 4552 4553
f 4152 4553 4153
f 4153 4553 4554
f 4153 4554 4154
f 4154 4554 4555
f 4154 4555 4155
f 4155 4555 4556
f 4155 4556 4156
f 4156 4556 4557
f 4156 4557 4157
f 4157 4557 4558
f 4157 4558 4158
f 4158 4558 4559
f 4158 4559 4159
f 4159 4559 4560
f 4159 4560 4160
f 4160 4560 4561
f 4160 4561 4161
f 4161 4561 4562
f 4161 4562 4162
f 4162 4562 4563
f 4162 4563 4163
f 4163 4563 4564
f 4163 4564 4164
f 4164 4564 4565
f 4164 4565 4165
f 4165 4565 4566
f 4165 4566 4166
f 4166 4566 4567
f 4166 4567 4167
f 4167 4567 4568
f 4167 4568 4168
f 4168 4568 4569
f 4168 4569 4169
f 4169 4569 4570
f 4169 4570 4170
f 4170 4570 4571
f 4170 4571 4171
f 4171 4571 4572
f 4171 4572 4172
f 4172 4572 4573
f 4172 4573 4173
f 4173 4573 4574
f 4173 4574 4174
f 4174 4574 4575
f 4174 4575 4175
f 4175 4575 4576
f 4175 4576 4176
f 4176 4576 4577
f 4176 4577 4177
f 4177 4577 4578
f 4177 4578 4178
f 4178 4578 4579
f 4178 4579 4179
f 4179 4579 4580
f 4179 4580 4180
f 4180 4580 4581
f 4180 4581 4181
f 4181 4581 4582
f 4181 4582 4182
f 4182 4582 4583
f 4182 4583 4183
f 4183 4583 4584
f 4183 4584 4184
f 4184 4584 4585
f 4184 4585 4185
f 4185 4585 4586
f 4185 4586 4186
f 4186 4586 4587
f 4186 4587 4187
f 4187 4587 4588
f 4187 4588 4188
f 4188 4588 4589
f 4188 4589 4189
f 4189 4589 4590
f 4189 4590 4190
f 4190 4590 4591
f 4190 4591 4191
f 4191 4591 4592
f 4191 4592 4192
f 4192 4592 4593
f 4192 4593 4193
f 4193 4593 4594
f 4193 4594 4194
f 4194 4594 4595
f 4194 4595 4195
f 4195 4595 4596
f 4195 4596 4196
f 4196 4596 4597
f 4196 4597 4197
f 4197 4597 4598
f 4197 4598 4198
f 4198 4598 4599
f 4198 4599 4199
f 4199 4599 4600
f 4199 4600 4200
f 4200 4600 4601
f 4200 4601 4201
f 4201 4601 4602
f 4201 4602 4202
f 4202 4602 4603
f 4202 4603 4203
f 4203 4603 4604
f 4203 4604 4204
f 4204 4604 4605
f 4204 4605 4205
f 4205 4605 4606
f 4205 4606 4206
f 4206 4606 4607
f 4206 4607 4207
f 4207 4607 4608
f 4207 4608 4208
f 4208 4608 4609
f 4208 4609 4209
f 4209 4609 4610
f 4209 4610 4210
f 4210 4610 4611
f 4210 4611 4211
f 4211 4611 4612
f 4211 4612 4212
f 4212 4612 4613
f 4212 4613 4213
f 4213 4613 4614
f 4213 4614 4214
f 4214 4614 4615
f 4214 4615 4215
f 4215 4615 4616
f 4215 4616 4216
f 4216 4616 4617
f 4216 4617 4217
f 4217 4617 4618
f 4217 4618 4218
f 4218 4618 4619
f 4218 4619 4219
f 4219 4619 4620
f 4219 4620 4220
f 4220 4620 4621
f 4220 4621 4221
f 4221 4621 4622
f 4221 4622 4222
f 4222 4622 4623
f 4222 4623 4223
f 4223 4623 4624
f 4223 4624 4224
f 4224 4624 4625
f 4224 4625 4225
f 4225 4625 4626
f 4225 4626 4226
f 4226 4626 4627
f 4226 4627 4227
f 4227 4627 4628
f 4227 4628 4228
f 4228 4628 4629
f 4228 4629 4229
f 4229 4629 4630
f 4229 4630 4230
f 4230 4630 4631
f 4230 4631 4231
f 4231 4631 4632
f 4231 4632 4232
f 4232 4632 4633
f 4232 4633 4233
f 4233 4633 4634
f 4233 4634 4234
f 4234 4634 4635
f 4234 4635 4235
f 4235 4635 4636
f 4235 4636 4236
f 4236 4636 4637
f 4236 4637 4237
f 4237 4637 4638
f 4237 4638 4238
f 4238 4638 4639
f 4238 4639 4239
f 4239 4639 4640
f 4239 4640 4240
f 4240 4640 4641
f 4240 4641 4241
f 4241 4641 4642
f 4241 4642 4242
f 4242 4642 4643
f 4242 4643 4243
f 4243 4643 4644
f 4243 4644 4244
f 4244 4644 4645
f 4244 4645 4245
f 4245 4645 4646
f 4245 4646 4246
f 4246 4646 4647
f 4246 4647 4247
f 4247 4647 4648
f 4247 4648 4248
f 4248 4648 4649
f 4248 4649 4249
f 4249 4649 4650
f 4249 4650 4250
f 4250 4650 4651
f 4250 4651 4251
f 4251 4651 4652
f 4251 4652 4252
f 4252 4652 4653
f 4252 4653 4253
f 4253 4653 4654
f 4253 4654 4254
f 4254 4654 4655
f 4254 4655 4255
f 4255 4655 4656
f 4255 4656 4256
f 4256 4656 4657
f 4256 4657 4257
f 4257 4657 4658
f 4257 4658 4258
f 4258 4658 4659
f 4258 4659 4259
f 4259 4659 4660
f 4259 4660 4260
f 4260 4660 4661
f 4260 4661 4261
f 4261 4661 4662
f 4261 4662 4262
f 4262 4662 4663
f 4262 4663 4263
f 4263 4663 4664
f 4263 4664 4264
f 4264 4664 4665
f 4264 4665 4265
f 4265 4665 4666
f 4265 4666 4266
f 4266 4666 4667
f 4266 4667 4267
f 4267 4667 4668
f 4267 4668 4268
f 4268 4668 4669
f 4268 4669 4269
f 4269 4669 4670
f 4269 4670 4270
f 4270 4670 4671
f 4270 4671 4271
f 4271 4671 4672
f 4271 4672 4272
f 4272 4672 4673
f 4272 4673 4273
f 4273 4673 4674
f 4273 4674 4274
f 4274 4674 4675
f 4274 4675 4275
f 4275 4675 4676
f 4275 4676 4276
f 4276 4676 4677
f 4276 4677 4277
f 4277 4677 4678
f 4277 4678 4278
f 4278 4678 4679
f 4278 4679 4279
f 4279 4679 4680
f 4279 4680 4280
f 4280 4680 4681
f 4280 4681 4281
f 4281 4681 4682
f 4281 4682 4282
f 4282 4682 4683
f 4282 4683 4283
f 4283 4683 4684
f 4283 4684 4284
f 4284 4684 4685
f 4284 4685 4285
f 4285 4685 4686
f 4285 4686 4286
f 4286 4686 4687
f 4286 4687 4287
f 4287 4687 4688
f 4287 4688 4288
f 4288 4688 4689
f 4288 4689 4289
f 4289 4689 4690
f 4289 4690 4290
f 4290 4690 4691
f 4290 4691 4291
f 4291 4691 4692
f 4291 4692 4292
f 4292 4692 4693
f 4292 4693 4293
f 4293 4693 4694
f 4293 4694 4294
f 4294 4694 4695
f 4294 4695 4295
f 4295 4695 4696
f 4295 4696 4296
f 4296 4696 4697
f 4296 4697 4297
f 4297 4697 4698
f 4297 4698 4298
f 4298 4698 4699
f 4298 4699 4299
f 4299 4699 4700
f 4299 4700 4300
f 4300 4700 4701
f 4300 4701 4301
f 4301 4701 4702
f 4301 4702 4302
f 4302 4702 4703
f 4302 4703 4303
f 4303 4703 4704
f 4303 4704 4304
f 4304 4704 4705
f 4304 4705 4305
f 4305 4705 4706
f 4305 4706 4306
f 4306 4706 4707
f 4306 4707 4307
f 4307 4707 4708
f 4307 4708 4308
f 4308 4708 4709
f 4308 4709 4309
f 4309 4709 4710
f 4309 4710 4310
f 4310 4710 4711
f 4310 4711 4311
f 4311 4711 4712
f 4311 4712 4312
f 4312 4712 4713
f 4312 4713 4313
f 4313 4713 4714
f 4313 4714 4314
f 4314 4714 4715
f 4314 4715 4315
f 4315 4715 4716
f 4315 4716 4316
f 4316 4716 4717
f 4316 4717 4317
f 4317 4717 4718
f 4317 4718 4318
f 4318 4718 4719
f 4318 4719 4319
f 4319 4719 4720
f 4319 4720 4320
f 4320 4720 4721
f 4320 4721 4321
f 4321 4721 4722
f 4321 4722 4322
f 4322 4722 4723
f 4322 4723 4323
f 4323 4723 4724
f 4323 4724 4324
f 4324 4724 4725
f 4324 4725 4325
f 4325 4725 4726
f 4325 4726 4326
f 4326 4726 4727
f 4326 4727 4327
f 4327 4727 4728
f 4327 4728 4328
f 4328 4728 4729
f 4328 4729 4329
f 4329 4729 4730
f 4329 4730 4330
f 4330 4730 4731
f 4330 4731 4331
f 4331 4731 4732
f 4331 4732 4332
f 4332 4732 4733
f 4332 4733 4333
f 4333 4733 4734
f 4333 4734 4334
f 4334 4734 4735
f 4334 4735 4335
f 4335 4735 4736
f 4335 4736 4336
f 4336 4736 4737
f 4336 4737 4337
f 4337 4737 4738
f 4337 4738 4338
f 4338 4738 4739
f 4338 4739 4339
f 4339 4739 4740
f 4339 4740 4340
f 4340 4740 4741
f 4340 4741 4341
f 4341 4741 4742
f 4341 4742 4342
f 4342 4742 4743
f 4342 4743 4343
f 4343 4743 4744
f 4343 4744 4344
f 4344 4744 4745
f 4344 4745 4345
f 4345 4745 4746
f 4345 4746 4346
f 4346 4746 4747
f 4346 4747 4347
f 4347 4747 4748
f 4347 4748 4348
f 4348 4748 4749
f 4348 4749 4349
f 4349 4749 4750
f 4349 4750 4350
f 4350 4750 4751
f 4350 4751 4351
f 4351 4751 4752
f 4351 4752 4352
f 4352 4752 4753
f 4352 4753 4353
f 4353 4753 4754
f 4353 4754 4354
f 4354 4754 4755
f 4354 4755 4355
f 4355 4755 4756
f 4355 4756 4356
f 4356 4756 4757
f 4356 4757 4357
f 4357 4757 4758
f 4357 4758 4358
f 4358 4758 4759
f 4358 4759 4359
f 4359 4759 4760
f 4359 4760 4360
f 4360 4760 4761
f 4360 4761 4361
f 4361 4761 4762
f 4361 4762 4362
f 4362 4762 4763
f 4362 4763 4363
f 4363 4763 4764
f 4363 4764 4364
f 4364 4764 4765
f 4364 4765 4365
f 4365 4765 4766
f 4365 4766 4366
f 4366 4766 4767
f 4366 4767 4367
f 4367 4767 4768
f 4367 4768 4368
f 4368 4768 4769
f 4368 4769 4369
f 4369 4769 4770
f 4369 4770 4370
f 4370 4770 4771
f 4370 4771 4371
f 4371 4771 4772
f 4371 4772 4372
f 4372 4772 4773
f 4372 4773 4373
f 4373 4773 4774
f 4373 4774 4374
f 4374 4774 4775
f 4374 4775 4375
f 4375 4775 4776
f 4375 4776 4376
f 4376 4776 4777
f 4376 4777 4377
f 4377 4777 4778
f 4377 4778 4378
f 4378 4778 4779
f 4378 4779 4379
f 4379 4779 4780
f 4379 4780 4380
f 4380 4780 4781
f 4380 4781 4381
f 4381 4781 4782
f 4381 4782 4382
f 4382 4782 4783
f 4382 4783 4383
f 4383 4783 4784
f 4383 4784 4384
f 4384 4784 4785
f 4384 4785 4385
f 4385 4785 4786
f 4385 4786 4386
f 4386 4786 4787
f 4386 4787 4387
f 4387 4787 4788
f 4387 4788 4388
f 4388 4788 4789
f 4388 4789 4389
f 4389 4789 4790
f 4389 4790 4390
f 4390 4790 4791
f 4390 4791 4391
f 4391 4791 4792
f 4391 4792 4392
f 4392 4792 4793
f 4392 4793 4393
f 4393 4793 4794
f 4393 4794 4394
f 4394 4794 4795
f 4394 4795 4395
f 4395 4795 4796
f 4395 4796 4396
f 4396 4796 4797
f 4396 4797 4397
f 4397 4797 4798
f 4397 4798 4398
f 4398 4798 4799
f 4398 4799 4399
f 4399 4799 4800
f 4399 4800 4400
f 4401 4801 4802
f 4401 4802 4402
f 4402 4802 4803
f 4402 4803 4403
f 4403 4803 4804
f 4403 4804 4404
f 4404 4804 4805
f 4404 4805 4405
f 4405 4805 4806
f 4405 4806 4406
f 4406 4806 4807
f 4406 4807 4407
f 4407 4807 4808
f 4407 4808 4408
f 4408 4808 4809
f 4408 4809 4409
f 4409 4809 4810
f 4409 4810 4410
f 4410 4810 4811
f 4410 4811 4411
f 4411 4811 4812
f 4411 4812 4412
f 4412 4812 4813
f 4412 4813 4413
f 4413 4813 4814
f 4413 4814 4414
f 4414 4814 4815
f 4414 4815 4415
f 4415 4815 4816
f 4415 4816 4416
f 4416 4816 4817
f 4416 4817 4417
f 4417 4817 4818
f 4417 4818 4418
f 4418 4818 4819
f 4418 4819 4419
f 4419 4819 4820
f 4419 4820 4420
f 4420 4820 4821
f 4420 4821 4421
f 4421 4821 4822
f 4421 4822 4422
f 4422 4822 4823
f 4422 4823 4423
f 4423 4823 4824
f 4423 4824 4424
f 4424 4824 4825
f 4424 4825 4425
f 4425 4825 4826
f 4425 4826 4426
f 4426 4826 4827
f 4426 4827 4427
f 4427 4827 4828
f 4427 4828 4428
f 4428 4828 4829
f 4428 4829 4429
f 4429 4829 4830
f 4429 4830 4430
f 4430 4830 4831
f 4430 4831 4431
f 4431 4831 4832
f 4431 4832 4432
f 4432 4832 4833
f 4432 4833 4433
f 4433 4833 4834
f 4433 4834 4434
f 4434 4834 4835
f 4434 4835 4435
f 4435 4835 4836
f 4435 4836 4436
f 4436 4836 4837
f 4436 4837 4437
f 4437 4837 4838
f 4437 4838 4438
f 4438 4838 4839
f 4438 4839 4439
f 4439 4839 4840
f 4439 4840 4440
f 4440 4840 4841
f 4440 4841 4441
f 4441 4841 4842
f 4441 4842 4442
f 4442 4842 4843
f 4442 4843 4443
f 4443 4843 4844
f 4443 4844 4444
f 4444 4844 4845
f 4444 4845 4445
f 4445 4845 4846
f 4445 4846 4446
f 4446 4846 4847
f 4446 4847 4447
f 4447 4847 4848
f 4447 4848 4448
f 4448 4848 4849
f 4448 4849 4449
f 4449 4849 4850
f 4449 4850 4450
f 4450 4850 4851
f 4450 4851 4451
f 4451 4851 4852
f 4451 4852 4452
f 4452 4852 4853
f 4452 4853 4453
f 4453 4853 4854
f 4453 4854 4454
f 4454 4854 4855
f 4454 4855 4455
f 4455 4855 4856
f 4455 4856 4456
f 4456 4856 4857
f 4456 4857 4457
f 4457 4857 4858
f 4457 4858 4458
f 4458 4858 4859
f 4458 4859 4459
f 4459 4859 4860
f 4459 4860 4460
f 4460 4860 4861
f 4460 4861 4461
f 4461 4861 4862
f 4461 4862 4462
f 4462 4862 4863
f 4462 4863 4463
f 4463 4863 4864
f 4463 4864 4464
f 4464 4864 4865
f 4464 4865 4465
f 4465 4865 4866
f 4465 4866 4466
f 4466 4866 4867
f 4466 4867 4467
f 4467 4867 4868
f 4467 4868 4468
f 4468 4868 4869
f 4468 4869 4469
f 4469 4869 4870
f 4469 4870 4470
f 4470 4870 4871
f 4470 4871 4471
f 4471 4871 4872
f 4471 4872 4472
f 4472 4872 4873
f 4472 4873 4473
f 4473 4873 4874
f 4473 4874 4474
f 4474 4874 4875
f 4474 4875 4475
f 4475 4875 4876
f 4475 4876 4476
f 4476 4876 4877
f 4476 4877 4477
f 4477 4877 4878
f 4477 4878 4478
f 4478 4878 4879
f 4478 4879 4479
f 4479 4879 4880
f 4479 4880 4480
f 4480 4880 4881
f 4480 4881 4481
f 4481 4881 4882
f 4481 4882 4482
f 4482 4882 4883
f 4482 4883 4483
f 4483 4883 4884
f 4483 4884 4484
f 4484 4884 4885
f 4484 4885 4485
f 4485 4885 4886
f 4485 4886 4486
f 4486 4886 4887
f 4486 4887 4487
f 4487 4887 4888
f 4487 4888 4488
f 4488 4888 4889
f 4488 4889 4489
f 4489 4889 4890
f 4489 4890 4490
f 4490 4890 4891
f 4490 4891 4491
f 4491 4891 4892
f 4491 4892 4492
f 4492 4892 4893
f 4492 4893 4493
f 4493 4893 4894
f 4493 4894 4494
f 4494 4894 4895
f 4494 4895 4495
f 4495 4895 4896
f 4495 4896 4496
f 4496 4896 4897
f 4496 4897 4497
f 4497 4897 4898
f 4497 4898 4498
f 4498 4898 4899
f 4498 4899 4499
f 4499 4899 4900
f 4499 4900 4500
f 4500 4900 4901
f 4500 4901 4501
f 4501 4901 4902
f 4501 4902 4502
f 4502 4902 4903
f 4502 4903 4503
f 4503 4903 4904
f 4503 4904 4504
f 4504 4904 4905
f 4504 4905 4505
f 4505 4905 4906
f 4505 4906 4506
f 4506 4906 4907
f 4506 4907 4507
f 4507 4907 4908
f 4507 4908 4508
f 4508 4908 4909
f 4508 4909 4509
f 4509 4909 4910
f 4509 4910 4510
f 4510 4910 4911
f 4510 4911 4511
f 4511 4911 4912
f 4511 4912 4512
f 4512 4912 4913
f 4512 4913 4513
f 4513 4913 4914
f 4513 4914 4514
f 4514 4914 4915
f 4514 4915 4515
f 4515 4915 4916
f 4515 4916 4516
f 4516 4916 4917
f 4516 4917 4517
f 4517 4917 4918
f 4517 4918 4518
f 4518 4918 4919
f 4518 4919 4519
f 4519 4919 4920
f 4519 4920 4520
f 4520 4920 4921
f 4520 4921 4521
f 4521 4921 4922
f 4521 4922 4522
f 4522 4922 4923
f 4522 4923 4523
f 4523 4923 4924
f 4523 4924 4524
f 4524 4924 4925
f 4524 4925 4525
f 4525 4925 4926
f 4525 4926 4526
f 4526 4926 4927
f 4526 4927 4527
f 4527 4927 4928
f 4527 4928 4528
f 4528 4928 4929
f 4528 4929 4529
f 4529 4929 4930
f 4529 4930 4530
f 4530 4930 4931
f 4530 4931 4531
f 4531 4931 4932
f 4531 4932 4532
f 4532 4932 4933
f 4532 4933 4533
f 4533 4933 4934
f 4533 4934 4534
f 4534 4934 4935
f 4534 4935 4535
f 4535 4935 4936
f 4535 4936 4536
f 4536 4936 4937
f 4536 4937 4537
f 4537 4937 4938
f 4537 4938 4538
f 4538 4938 4939
f 4538 4939 4539
f 4539 4939 4940
f 4539 4940 4540
f 4540 4940 4941
f 4540 4941 4541
f 4541 4941 4942
f 4541 4942 4542
f 4542 4942 4943
f 4542 4943 4543
f 4543 4943 4944
f 4543 4944 4544
f 4544 4944 4945
f 4544 4945 4545
f 4545 4945 4946
f 4545 4946 4546
f 4546 4946 4947
f 4546 4947 4547
f 4547 4947 4948
f 4547 4948 4548
f 4548 4948 4949
f 4548 4949 4549
f 4549 4949 4950
f 4549 4950 4550
f 4550 4950 4951
f 4550 4951 4551
f 4551 4951 4952
f 4551 4952 4552
f 4552 4952 4953
f 4552 4953 4553
f 4553 4953 4954
f 4553 4954 4554
f 4554 4954 4955
f 4554 4955 4555
f 4555 4955 4956
f 4555 4956 4556
f 4556 4956 4957
f 4556 4957 4557
f 4557 4957 4958
f 4557 4958 4558
f 4558 4958 4959
f 4558 4959 4559
f 4559 4959 4960
f 4559 4960 4560
f 4560 4960 4961
f 4560 4961 4561
f 4561 4961 4962
f 4561 4962 4562
f 4562 4962 4963
f 4562 4963 4563
f 4563 4963 4964
f 4563 4964 4564
f 4564 4964 4965
f 4564 4965 4565
f 4565 4965 4966
f 4565 4966 4566
f 4566 4966 4967
f 4566 4967 4567
f 4567 4967 4968
f 4567 4968 4568
f 4568 4968 4969
f 4568 4969 4569
f 4569 4969 4970
f 4569 4970 4570
f 4570 4970 4971
f 4570 4971 4571
f 4571 4971 4972
f 4571 4972 4572
f 4572 4972 4973
f 4572 4973 4573
f 4573 4973 4974
f 4573 4974 4574
f 4574 4974 4975
f 4574 4975 4575
f 4575 4975 4976
f 4575 4976 4576
f 4576 4976 4977
f 4576 4977 4577
f 4577 4977 4978
f 4577 4978 4578
f 4578 4978 4979
f 4578 4979 4579
f 4579 4979 4980
f 4579 4980 4580
f 4580 4980 4981
f 4580 4981 4581
f 4581 4981 4982
f 4581 4982 4582
f 4582 4982 4983
f 4582 4983 4583
f 4583 4983 4984
f 4583 4984 4584
f 4584 4984 4985
f 4584 4985 4585
f 4585 4985 4986
f 4585 4986 4586
f 4586 4986 4987
f 4586 4987 4587
f 4587 4987 4988
f 4587 4988 4588
f 4588 4988 4989
f 4588 4989 4589
f 4589 4989 4990
f 4589 4990 4590
f 4590 4990 4991
f 4590 4991 4591
f 4591 4991 4992
f 4591 4992 4592
f 4592 4992 4993
f 4592 4993 4593
f 4593 4993 4994
f 4593 4994 4594
f 4594 4994 4995
f 4594 4995 4595
f 4595 4995 4996
f 4595 4996 4596
f 4596 4996 4997
f 4596 4997 4597
f 4597 4997 4998
f 4597 4998 4598
f 4598 4998 4999
f 4598 4999 4599
f 4599 4999 5000
f 4599 5000 4600
f 4600 5000 5001
f 4600 5001 4601
f 4601 5001 5002
f 4601 5002 4602
f 4602 5002 5003
f 4602 5003 4603
f 4603 5003 5004
f 4603 5004 4604
f 4604 5004 5005
f 4604 5005 4605
f 4605 5005 5006
f 4605 5006 4606
f 4606 5006 5007
f 4606 5007 4607
f 4607 5007 5008
f 4607 5008 4608
f 4608 5008 5009
f 4608 5009 4609
f 4609 5009 5010
f 4609 5010 4610
f 4610 5010 5011
f 4610 5011 4611
f 4611 5011 5012
f 4611 5012 4612
f 4612 5012 5013
f 4612 5013 4613
f 4613 5013 5014
f 4613 5014 4614
f 4614 5014 5015
f 4614 5015 4615
f 4615 5015 5016
f 4615 5016 4616
f 4616 5016 5017
f 4616 5017 4617
f 4617 5017 5018
f 4617 5018 4618
f 4618 5018 5019
f 4618 5019 4619
f 4619 5019 5020
f 4619 5020 4620
f 4620 5020 5021
f 4620 5021 4621
f 4621 5021 5022
f 4621 5022 4622
f 4622 5022 5023
f 4622 5023 4623
f 4623 5023 5024
f 4623 5024 4624
f 4624 5024 5025
f 4624 5025 4625
f 4625 5025 5026
f 4625 5026 4626
f 4626 5026 5027
f 4626 5027 4627
f 4627 5027 5028
f 4627 5028 4628
f 4628 5028 5029
f 4628 5029 4629
f 4629 5029 5030
f 4629 5030 4630
f 4630 5030 5031
f 4630 5031 4631
f 4631 5031 5032
f 4631 5032 4632
f 4632 5032 5033
f 4632 5033 4633
f 4633 5033 5034
f 4633 5034 4634
f 4634 5034 5035
f 4634 5035 4635
f 4635 5035 5036
f 4635 5036 4636
f 4636 5036 5037
f 4636 5037 4637
f 4637 5037 5038
f 4637 5038 4638
f 4638 5038 5039
f 4638 5039 4639
f 4639 5039 5040
f 4639 5040 4640
f 4640 5040 5041
f 4640 5041 4641
f 4641 5041 5042
f 4641 5042 4642
f 4642 5042 5043
f 4642 5043 4643
f 4643 5043 5044
f 4643 5044 4644
f 4644 5044 5045
f 4644 5045 4645
f 4645 5045 5046
f 4645 5046 4646
f 4646 5046 5047
f 4646 5047 4647
f 4647 5047 5048
f 4647 5048 4648
f 4648 5048 5049
f 4648 5049 4649
f 4649 5049 5050
f 4649 5050 4650
f 4650 5050 5051
f 4650 5051 4651
f 4651 5051 5052
f 4651 5052 4652
f 4652 5052 5053
f 4652 5053 4653
f 4653 5053 5054
f 4653 5054 4654
f 4654 5054 5055
f 4654 5055 4655
f 4655 5055 5056
f 4655 5056 4656
f 4656 5056 5057
f 4656 5057 4657
f 4657 5057 5058
f 4657 5058 4658
f 4658 5058 5059
f 4658 5059 4659
f 4659 5059 5060
f 4659 5060 4660
f 4660 5060 5061
f 4660 5061 4661
f 4661 5061 5062
f 4661 5062 4662
f 4662 5062 5063
f 4662 5063 4663
f 4663 5063 5064
f 4663 5064 4664
f 4664 5064 5065
f 4664 5065 4665
f 4665 5065 5066
f 4665 5066 4666
f 4666 5066 5067
f 4666 5067 4667
f 4667 5067 5068
f 4667 5068 4668
f 4668 5068 5069
f 4668 5069 4669
f 4669 5069 5070
f 4669 5070 4670
f 4670 5070 5071
f 4670 5071 4671
f 4671 5071 5072
f 4671 5072 4672
f 4672 5072 5073
f 4672 5073 4673
f 4673 5073 5074
f 4673 5074 4674
f 4674 5074 5075
f 4674 5075 4675
f 4675 5075 5076
f 4675 5076 4676
f 4676 5076 5077
f 4676 5077 4677
f 4677 5077 5078
f 4677 5078 4678
f 4678 5078 5079
f 4678 5079 4679
f 4679 5079 5080
f 4679 5080 4680
f 4680 5080 5081
f 4680 5081 4681
f 4681 5081 5082
f 4681 5082 4682
f 4682 5082 5083
f 4682 5083 4683
f 4683 5083 5084
f 4683 5084 4684
f 4684 5084 5085
f 4684 5085 4685
f 4685 5085 5086
f 4685 5086 4686
f 4686 5086 5087
f 4686 5087 4687
f 4687 5087 5088
f 4687 5088 4688
f 4688 5088 5089
f 4688 5089 4689
f 4689 5089 5090
f 4689 5090 4690
f 4690 5090 5091
f 4690 5091 4691
f 4691 5091 5092
f 4691 5092 4692
f 4692 5092 5093
f 4692 5093 4693
f 4693 5093 5094
f 4693 5094 4694
f 4694 5094 5095
f 4694 5095 4695
f 4695 5095 5096
f 4695 5096 4696
f 4696 5096 5097
f 4696 5097 4697
f 4697 5097 5098
f 4697 5098 4698
f 4698 5098 5099
f 4698 5099 4699
f 4699 5099 5100
f 4699 5100 4700
f 4700 5100 5101
f 4700 5101 4701
f 4701 5101 5102
f 4701 5102 4702
f 4702 5102 5103
f 4702 5103 4703
f 4703 5103 5104
f 4703 5104 4704
f 4704 5104 5105
f 4704 5105 4705
f 4705 5105 5106
f 4705 5106 4706
f 4706 5106 5107
f 4706 5107 4707
f 4707 5107 5108
f 4707 5108 4708
f 4708 5108 5109
f 4708 5109 4709
f 4709 5109 5110
f 4709 5110 4710
f 4710 5110 5111
f 4710 5111 4711
f 4711 5111 5112
f 4711 5112 4712
f 4712 5112 5113
f 4712 5113 4713
f 4713 5113 5114
f 4713 5114 4714
f 4714 5114 5115
f 4714 5115 4715
f 4715 5115 5116
f 4715 5116 4716
f 4716 5116 5117
f 4716 5117 4717
f 4717 5117 5118
f 4717 5118 4718
f 4718 5118 5119
f 4718 5119 4719
f 4719 5119 5120
f 4719 5120 4720
f 4720 5120 5121
f 4720 5121 4721
f 4721 5121 5122
f 4721 5122 4722
f 4722 5122 5123
f 4722 5123 4723
f 4723 5123 5124
f 4723 5124 4724
f 4724 5124 5125
f 4724 5125 4725
f 4725 5125 5126
f 4725 5126 4726
f 4726 5126 5127
f 4726 5127 4727
f 4727 5127 5128
f 4727 5128 4728
f 4728 5128 5129
f 4728 5129 4729
f 4729 5129 5130
f 4729 5130 4730
f 4730 5130 5131
f 4730 5131 4731
f 4731 5131 5132
f 4731 5132 4732
f 4732 5132 5133
f 4732 5133 4733
f 4733 5133 5134
f 4733 5134 4734
f 4734 5134 5135
f 4734 5135 4735
f 4735 5135 5136
f 4735 5136 4736
f 4736 5136 5137
f 4736 5137 4737
f 4737 5137 5138
f 4737 5138 4738
f 4738 5138 5139
f 4738 5139 4739
f 4739 5139 5140
f 4739 5140 4740
f 4740 5140 5141
f 4740 5141 4741
f 4741 5141 5142
f 4741 5142 4742
f 4742 5142 5143
f 4742 5143 4743
f 4743 5143 5144
f 4743 5144 4744
f 4744 5144 5145
f 4744 5145 4745
f 4745 5145 5146
f 4745 5146 4746
f 4746 5146 5147
f 4746 5147 4747
f 4747 5147 5148
f 4747 5148 4748
f 4748 5148 5149
f 4748 5149 4749
f 4749 5149 5150
f 4749 5150 4750
f 4750 5150 5151
f 4750 5151 4751
f 4751 5151 5152
f 4751 5152 4752
f 4752 5152 5153
f 4752 5153 4753
f 4753 5153 5154
f 4753 5154 4754
f 4754 5154 5155
f 4754 5155 4755
f 4755 5155 5156
f 4755 5156 4756
f 4756 5156 5157
f 4756 5157 4757
f 4757 5157 5158
f 4757 5158 4758
f 4758 5158 5159
f 4758 5159 4759
f 4759 5159 5160
f 4759 5160 4760
f 4760 5160 5161
f 4760 5161 4761
f 4761 5161 5162
f 4761 5162 4762
f 4762 5162 5163
f 4762 5163 4763
f 4763 5163 5164
f 4763 5164 4764
f 4764 5164 5165
f 4764 5165 4765
f 4765 5165 5166
f 4765 5166 4766
f 4766 5166 5167
f 4766 5167 4767
f 4767 5167 5168
f 4767 5168 4768
f 4768 5168 5169
f 4768 5169 4769
f 4769 5169 5170
f 4769 5170 4770
f 4770 5170 5171
f 4770 5171 4771
f 4771 5171 5172
f 4771 5172 4772
f 4772 5172 5173
f 4772 5173 4773
f 4773 5173 5174
f 4773 5174 4774
f 4774 5174 5175
f 4774 5175 4775
f 4775 5175 5176
f 4775 5176 4776
f 4776 5176 5177
f 4776 5177 4777
f 4777 5177 5178
f 4777 5178 4778
f 4778 5178 5179
f 4778 5179 4779
f 4779 5179 5180
f 4779 5180 4780
f 4780 5180 5181
f 4780 5181 4781
f 4781 5181 5182
f 4781 5182 4782
f 4782 5182 5183
f 4782 5183 4783
f 4783 5183 5184
f 4783 5184 4784
f 4784 5184 5185
f 4784 5185 4785
f 4785 5185 5186
f 4785 5186 4786
f 4786 5186 5187
f 4786 5187 4787
f 4787 5187 5188
f 4787 5188 4788
f 4788 5188 5189
f 4788 5189 4789
f 4789 5189 5190
f 4789 5190 4790
f 4790 5190 5191
f 4790 5191 4791
f 4791 5191 5192
f 4791 5192 4792
f 4792 5192 5193
f 4792 5193 4793
f 4793 5193 5194
f 4793 5194 4794
f 4794 5194 5195
f 4794 5195 4795
f 4795 5195 5196
f 4795 5196 4796
f 4796 5196 5197
f 4796 5197 4797
f 4797 5197 5198
f 4797 5198 4798
f 4798 5198 5199
f 4798 5199 4799
f 4799 5199 5200
f 4799 5200 4800
f 4801 5201 5202
f 4801 5202 4802
f 4802 5202 5203
f 4802 5203 4803
f 4803 5203 5204
f 4803 5204 4804
f 4804 5204 5205
f 4804 5205 4805
f 4805 5205 5206
f 4805 5206 4806
f 4806 5206 5207
f 4806 5207 4807
f 4807 5207 5208
f 4807 5208 4808
f 4808 5208 5209
f 4808 5209 4809
f 4809 5209 5210
f 4809 5210 4810
f 4810 5210 5211
f 4810 5211 4811
f 4811 5211 5212
f 4811 5212 4812
f 4812 5212 5213
f 4812 5213 4813
f 4813 5213 5214
f 4813 5214 4814
f 4814 5214 5215
f 4814 5215 4815
f 4815 5215 5216
f 4815 5216 4816
f 4816 5216 5217
f 4816 5217 4817
f 4817 5217 5218
f 4817 5218 4818
f 4818 5218 5219
f 4818 5219 4819
f 4819 5219 5220
f 4819 5220 4820
f 4820 5220 5221
f 4820 5221 4821
f 4821 5221 5222
f 4821 5222 4822
f 4822 5222 5223
f 4822 5223 4823
f 4823 5223 5224
f 4823 5224 4824
f 4824 5224 5225
f 4824 5225 4825
f 4825 5225 5226
f 4825 5226 4826
f 4826 5226 5227
f 4826 5227 4827
f 4827 5227 5228
f 4827 5228 4828
f 4828 5228 5229
f 4828 5229 4829
f 4829 5229 5230
f 4829 5230 4830
f 4830 5230 5231
f 4830 5231 4831
f 4831 5231 5232
f 4831 5232 4832
f 4832 5232 5233
f 4832 5233 4833
f 4833 5233 5234
f 4833 5234 4834
f 4834 5234 5235
f 4834 5235 4835
f 4835 5235 5236
f 4835 5236 4836
f 4836 5236 5237
f 4836 5237 4837
f 4837 5237 5238
f 4837 5238 4838
f 4838 5238 5239
f 4838 5239 4839
f 4839 5239 5240
f 4839 5240 4840
f 4840 5240 5241
f 4840 5241 4841
f 4841 5241 5242
f 4841 5242 4842
f 4842 5242 5243
f 4842 5243 4843
f 4843 5243 5244
f 4843 5244 4844
f 4844 5244 5245
f 4844 5245 4845
f 4845 5245 5246
f 4845 5246 4846
f 4846 5246 5247
f 4846 5247 4847
f 4847 5247 5248
f 4847 5248 4848
f 4848 5248 5249
f 4848 5249 4849
f 4849 5249 5250
f 4849 5250 4850
f 4850 5250 5251
f 4850 5251 4851
f 4851 5251 5252
f 4851 5252 4852
f 4852 5252 5253
f 4852 5253 4853
f 4853 5253 5254
f 4853 5254 4854
f 4854 5254 5255
f 4854 5255 4855
f 4855 5255 5256
f 4855 5256 4856
f 4856 5256 5257
f 4856 5257 4857
f 4857 5257 5258
f 4857 5258 4858
f 4858 5258 5259
f 4858 5259 4859
f 4859 5259 5260
f 4859 5260 4860
f 4860 5260 5261
f 4860 5261 4861
f 4861 5261 5262
f 4861 5262 4862
f 4862 5262 5263
f 4862 5263 4863
f 4863 5263 5264
f 4863 5264 4864
f 4864 5264 5265
f 4864 5265 4865
f 4865 5265 5266
f 4865 5266 4866
f 4866 5266 5267
f 4866 5267 4867
f 4867 5267 5268
f 4867 5268 4868
f 4868 5268 5269
f 4868 5269 4869
f 4869 5269 5270
f 4869 5270 4870
f 4870 5270 5271
f 4870 5271 4871
f 4871 5271 5272
f 4871 5272 4872
f 4872 5272 5273
f 4872 5273 4873
f 4873 5273 5274
f 4873 5274 4874
f 4874 5274 5275
f 4874 5275 4875
f 4875 5275 5276
f 4875 5276 4876
f 4876 5276 5277
f 4876 5277 4877
f 4877 5277 5278
f 4877 5278 4878
f 4878 5278 5279
f 4878 5279 4879
f 4879 5279 5280
f 4879 5280 4880
f 4880 5280 5281
f 4880 5281 4881
f 4881 5281 5282
f 4881 5282 4882
f 4882 5282 5283
f 4882 5283 4883
f 4883 5283 5284
f 4883 5284 4884
f 4884 5284 5285
f 4884 5285 4885
f 4885 5285 5286
f 4885 5286 4886
f 4886 5286 5287
f 4886 5287 4887
f 4887 5287 5288
f 4887 5288 4888
f 4888 5288 5289
f 4888 5289 4889
f 4889 5289 5290
f 4889 5290 4890
f 4890 5290 5291
f 4890 5291 4891
f 4891 5291 5292
f 4891 5292 4892
f 4892 5292 5293
f 4892 5293 4893
f 4893 5293 5294
f 4893 5294 4894
f 4894 5294 5295
f 4894 5295 4895
f 4895 5295 5296
f 4895 5296 4896
f 4896 5296 5297
f 4896 5297 4897
f 4897 5297 5298
f 4897 5298 4898
f 4898 5298 5299
f 4898 5299 4899
f 4899 5299 5300
f 4899 5300 4900
f 4900 5300 5301
f 4900 5301 4901
f 4901 5301 5302
f 4901 5302 4902
f 4902 5302 5303
f 4902 5303 4903
f 4903 5303 5304
f 4903 5304 4904
f 4904 5304 5305
f 4904 5305 4905
f 4905 5305 5306
f 4905 5306 4906
f 4906 5306 5307
f 4906 5307 4907
f 4907 5307 5308
f 4907 5308 4908
f 4908 5308 5309
f 4908 5309 4909
f 4909 5309 5310
f 4909 5310 4910
f 4910 5310 5311
f 4910 5311 4911
f 4911 5311 5312
f 4911 5312 4912
f 4912 5312 5313
f 4912 5313 4913
f 4913 5313 5314
f 4913 5314 4914
f 4914 5314 5315
f 4914 5315 4915
f 4915 5315 5316
f 4915 5316 4916
f 4916 5316 5317
f 4916 5317 4917
f 4917 5317 5318
f 4917 5318 4918
f 4918 5318 5319
f 4918 5319 4919
f 4919 5319 5320
f 4919 5320 4920
f 4920 5320 5321
f 4920 5321 4921
f 4921 5321 5322
f 4921 5322 4922
f 4922 5322 5323
f 4922 5323 4923
f 4923 5323 5324
f 4923 5324 4924
f 4924 5324 5325
f 4924 5325 4925
f 4925 5325 5326
f 4925 5326 4926
f 4926 5326 5327
f 4926 5327 4927
f 4927 5327 5328
f 4927 5328 4928
f 4928 5328 5329
f 4928 5329 4929
f 4929 5329 5330
f 4929 5330 4930
f 4930 5330 5331
f 4930 5331 4931
f 4931 5331 5332
f 4931 5332 4932
f 4932 5332 5333
f 4932 5333 4933
f 4933 5333 5334
f 4933 5334 4934
f 4934 5334 5335
f 4934 5335 4935
f 4935 5335 5336
f 4935 5336 4936
f 4936 5336 5337
f 4936 5337 4937
f 4937 5337 5338
f 4937 5338 4938
f 4938 5338 5339
f 4938 5339 4939
f 4939 5339 5340
f 4939 5340 4940
f 4940 5340 5341
f 4940 5341 4941
f 4941 5341 5342
f 4941 5342 4942
f 4942 5342 5343
f 4942 5343 4943
f 4943 5343 5344
f 4943 5344 4944
f 4944 5344 5345
f 4944 5345 4945
f 4945 5345 5346
f 4945 5346 4946
f 4946 5346 5347
f 4946 5347 4947
f 4947 5347 5348
f 4947 5348 4948
f 4948 5348 5349
f 4948 5349 4949
f 4949 5349 5350
f 4949 5350 4950
f 4950 5350 5351
f 4950 5351 4951
f 4951 5351 5352
f 4951 5352 4952
f 4952 5352 5353
f 4952 5353 4953
f 4953 5353 5354
f 4953 5354 4954
f 4954 5354 5355
f 4954 5355 4955
f 4955 5355 5356
f 4955 5356 4956
f 4956 5356 5357
f 4956 5357 4957
f 4957 5357 5358
f 4957 5358 4958
f 4958 5358 5359
f 4958 5359 4959
f 4959 5359 5360
f 4959 5360 4960
f 4960 5360 5361
f 4960 5361 4961
f 4961 5361 5362
f 4961 5362 4962
f 4962 5362 5363
f 4962 5363 4963
f 4963 5363 5364
f 4963 5364 4964
f 4964 5364 5365
f 4964 5365 4965
f 4965 5365 5366
f 4965 5366 4966
f 4966 5366 5367
f 4966 5367 4967
f 4967 5367 5368
f 4967 5368 4968
f 4968 5368 5369
f 4968 5369 4969
f 4969 5369 5370
f 4969 5370 4970
f 4970 5370 5371
f 4970 5371 4971
f 4971 5371 5372
f 4971 5372 4972
f 4972 5372 5373
f 4972 5373 4973
f 4973 5373 5374
f 4973 5374 4974
f 4974 5374 5375
f 4974 5375 4975
f 4975 5375 5376
f 4975 5376 4976
f 4976 5376 5377
f 4976 5377 4977
f 4977 5377 5378
f 4977 5378 4978
f 4978 5378 5379
f 4978 5379 4979
f 4979 5379 5380
f 4979 5380 4980
f 4980 5380 5381
f 4980 5381 4981
f 4981 5381 5382
f 4981 5382 4982
f 4982 5382 5383
f 4982 5383 4983
f 4983 5383 5384
f 4983 5384 4984
f 4984 5384 5385
f 4984 5385 4985
f 4985 5385 5386
f 4985 5386 4986
f 4986 5386 5387
f 4986 5387 4987
f 4987 5387 5388
f 4987 5388 4988
f 4988 5388 5389
f 4988 5389 4989
f 4989 5389 5390
f 4989 5390 4990
f 4990 5390 5391
f 4990 5391 4991
f 4991 5391 5392
f 4991 5392 4992
f 4992 5392 5393
f 4992 5393 4993
f 4993 5393 5394
f 4993 5394 4994
f 4994 5394 5395
f 4994 5395 4995
f 4995 5395 5396
f 4995 5396 4996
f 4996 5396 5397
f 4996 5397 4997
f 4997 5397 5398
f 4997 5398 4998
f 4998 5398 5399
f 4998 5399 4999
f 4999 5399 5400
f 4999 5400 5000
f 5000 5400 5401
f 5000 5401 5001
f 5001 5401 5402
f 5001 5402 5002
f 5002 5402 5403
f 5002 5403 5003
f 5003 5403 5404
f 5003 5404 5004
f 5004 5404 5405
f 5004 5405 5005
f 5005 5405 5406
f 5005 5406 5006
f 5006 5406 5407
f 5006 5407 5007
f 5007 5407 5408
f 5007 5408 5008
f 5008 5408 5409
f 5008 5409 5009
f 5009 5409 5410
f 5009 5410 5010
f 5010 5410 5411
f 5010 5411 5011
f 5011 5411 5412
f 5011 5412 5012
f 5012 5412 5413
f 5012 5413 5013
f 5013 5413 5414
f 5013 5414 5014
f 5014 5414 5415
f 5014 5415 5015
f 5015 5415 5416
f 5015 5416 5016
f 5016 5416 5417
f 5016 5417 5017
f 5017 5417 5418
f 5017 5418 5018
f 5018 5418 5419
f 5018 5419 5019
f 5019 5419 5420
f 5019 5420 5020
f 5020 5420 5421
f 5020 5421 5021
f 5021 5421 5422
f 5021 5422 5022
f 5022 5422 5423
f 5022 5423 5023
f 5023 5423 5424
f 5023 5424 5024
f 5024 5424 5425
f 5024 5425 5025
f 5025 5425 5426
f 5025 5426 5026
f 5026 5426 5427
f 5026 5427 5027
f 5027 5427 5428
f 5027 5428 5028
f 5028 5428 5429
f 5028 5429 5029
f 5029 5429 5430
f 5029 5430 5030
f 5030 5430 5431
f 5030 5431 5031
f 5031 5431 5432
f 5031 5432 5032
f 5032 5432 5433
f 5032 5433 5033
f 5033 5433 5434
f 5033 5434 5034
f 5034 5434 5435
f 5034 5435 5035
f 5035 5435 5436
f 5035 5436 5036
f 5036 5436 5437
f 5036 5437 5037
f 5037 5437 5438
f 5037 5438 5038
f 5038 5438 5439
f 5038 5439 5039
f 5039 5439 5440
f 5039 5440 5040
f 5040 5440 5441
f 5040 5441 5041
f 5041 5441 5442
f 5041 5442 5042
f 5042 5442 5443
f 5042 5443 5043
f 5043 5443 5444
f 5043 5444 5044
f 5044 5444 5445
f 5044 5445 5045
f 5045 5445 5446
f 5045 5446 5046
f 5046 5446 5447
f 5046 5447 5047
f 5047 5447 5448
f 5047 5448 5048
f 5048 5448 5449
f 5048 5449 5049
f 5049 5449 5450
f 5049 5450 5050
f 5050 5450 5451
f 5050 5451 5051
f 5051 5451 5452
f 5051 5452 5052
f 5052 5452 5453
f 5052 5453 5053
f 5053 5453 5454
f 5053 5454 5054
f 5054 5454 5455
f 5054 5455 5055
f 5055 5455 5456
f 5055 5456 5056
f 5056 5456 5457
f 5056 5457 5057
f 5057 5457 5458
f 5057 5458 5058
f 5058 5458 5459
f 5058 5459 5059
f 5059 5459 5460
f 5059 5460 5060
f 5060 5460 5461
f 5060 5461 5061
f 5061 5461 5462
f 5061 5462 5062
f 5062 5462 5463
f 5062 5463 5063
f 5063 5463 5464
f 5063 5464 5064
f 5064 5464 5465
f 5064 5465 5065
f 5065 5465 5466
f 5065 5466 5066
f 5066 5466 5467
f 5066 5467 5067
f 5067 5467 5468
f 5067 5468 5068
f 5068 5468 5469
f 5068 5469 5069
f 5069 5469 5470
f 5069 5470 5070
f 5070 5470 5471
f 5070 5471 5071
f 5071 5471 5472
f 5071 5472 5072
f 5072 5472 5473
f 5072 5473 5073
f 5073 5473 5474
f 5073 5474 5074
f 5074 5474 5475
f 5074 5475 5075
f 5075 5475 5476
f 5075 5476 5076
f 5076 5476 5477
f 5076 5477 5077
f 5077 5477 5478
f 5077 5478 5078
f 5078 5478 5479
f 5078 5479 5079
f 5079 5479 5480
f 5079 5480 5080
f 5080 5480 5481
f 5080 5481 5081
f 5081 5481 5482
f 5081 5482 5082
f 5082 5482 5483
f 5082 5483 5083
f 5083 5483 5484
f 5083 5484 5084
f 5084 5484 5485
f 5084 5485 5085
f 5085 5485 5486
f 5085 5486 5086
f 5086 5486 5487
f 5086 5487 5087
f 5087 5487 5488
f 5087 5488 5088
f 5088 5488 5489
f 5088 5489 5089
f 5089 5489 5490
f 5089 5490 5090
f 5090 5490 5491
f 5090 5491 5091
f 5091 5491 5492
f 5091 5492 5092
f 5092 5492 5493
f 5092 5493 5093
f 5093 5493 5494
f 5093 5494 5094
f 5094 5494 5495
f 5094 5495 5095
f 5095 5495 5496
f 5095 5496 5096
f 5096 5496 5497
f 5096 5497 5097
f 5097 5497 5498
f 5097 5498 5098
f 5098 5498 5499
f 5098 5499 5099
f 5099 5499 5500
f 5099 5500 5100
f 5100 5500 5501
f 5100 5501 5101
f 5101 5501 5502
f 5101 5502 5102
f 5102 5502 5503
f 5102 5503 5103
f 5103 5503 5504
f 5103 5504 5104
f 5104 5504 5505
f 5104 5505 5105
f 5105 5505 5506
f 5105 5506 5106
f 5106 5506 5507
f 5106 5507 5107
f 5107 5507 5508
f 5107 5508 5108
f 5108 5508 5509
f 5108 5509 5109
f 5109 5509 5510
f 5109 5510 5110
f 5110 5510 5511
f 5110 5511 5111
f 5111 5511 5512
f 5111 5512 5112
f 5112 5512 5513
f 5112 5513 5113
f 5113 5513 5514
f 5113 5514 5114
f 5114 5514 5515
f 5114 5515 5115
f 5115 5515 5516
f 5115 5516 5116
f 5116 5516 5517
f 5116 5517 5117
f 5117 5517 5518
f 5117 5518 5118
f 5118 5518 5519
f 5118 5519 5119
f 5119 5519 5520
f 5119 5520 5120
f 5120 5520 5521
f 5120 5521 5121
f 5121 5521 5522
f 5121 5522 5122
f 5122 5522 5523
f 5122 5523 5123
f 5123 5523 5524
f 5123 5524 5124
f 5124 5524 5525
f 5124 5525 5125
f 5125 5525 5526
f 5125 5526 5126
f 5126 5526 5527
f 5126 5527 5127
f 5127 5527 5528
f 5127 5528 5128
f 5128 5528 5529
f 5128 5529 5129
f 5129 5529 5530
f 5129 5530 5130
f 5130 5530 5531
f 5130 5531 5131
f 5131 5531 5532
f 5131 5532 5132
f 5132 5532 5533
f 5132 5533 5133
f 5133 5533 5534
f 5133 5534 5134
f 5134 5534 5535
f 5134 5535 5135
f 5135 5535 5536
f 5135 5536 5136
f 5136 5536 5537
f 5136 5537 5137
f 5137 5537 5538
f 5137 5538 5138
f 5138 5538 5539
f 5138 5539 5139
f 5139 5539 5540
f 5139 5540 5140
f 5140 5540 5541
f 5140 5541 5141
f 5141 5541 5542
f 5141 5542 5142
f 5142 5542 5543
f 5142 5543 5143
f 5143 5543 5544
f 5143 5544 5144
f 5144 5544 5545
f 5144 5545 5145
f 5145 5545 5546
f 5145 5546 5146
f 5146 5546 5547
f 5146 5547 5147
f 5147 5547 5548
f 5147 5548 5148
f 5148 5548 5549
f 5148 5549 5149
f 5149 5549 5550
f 5149 5550 5150
f 5150 5550 5551
f 5150 5551 5151
f 5151 5551 5552
f 5151 5552 5152
f 5152 5552 5553
f 5152 5553 5153
f 5153 5553 5554
f 5153 5554 5154
f 5154 5554 5555
f 5154 5555 5155
f 5155 5555 5556
f 5155 5556 5156
f 5156 5556 5557
f 5156 5557 5157
f 5157 5557 5558
f 5157 5558 5158
f 5158 5558 5559
f 5158 5559 5159
f 5159 5559 5560
f 5159 5560 5160
f 5160 5560 5561
f 5160 5561 5161
f 5161 5561 5562
f 5161 5562 5162
f 5162 5562 5563
f 5162 5563 5163
f 5163 5563 5564
f 5163 5564 5164
f 5164 5564 5565
f 5164 5565 5165
f 5165 5565 5566
f 5165 5566 5166
f 5166 5566 5567
f 5166 5567 5167
f 5167 5567 5568
f 5167 5568 5168
f 5168 5568 5569
f 5168 5569 5169
f 5169 5569 5570
f 5169 5570 5170
f 5170 5570 5571
f 5170 5571 5171
f 5171 5571 5572
f 5171 5572 5172
f 5172 5572 5573
f 5172 5573 5173
f 5173 5573 5574
f 5173 5574 5174
f 5174 5574 5575
f 5174 5575 5175
f 5175 5575 5576
f 5175 5576 5176
f 5176 5576 5577
f 5176 5577 5177
f 5177 5577 5578
f 5177 5578 5178
f 5178 5578 5579
f 5178 5579 5179
f 5179 5579 5580
f 5179 5580 5180
f 5180 5580 5581
f 5180 5581 5181
f 5181 5581 5582
f 5181 5582 5182
f 5182 5582 5583
f 5182 5583 5183
f 5183 5583 5584
f 5183 5584 5184
f 5184 5584 5585
f 5184 5585 5185
f 5185 5585 5586
f 5185 5586 5186
f 5186 5586 5587
f 5186 5587 5187
f 5187 5587 5588
f 5187 5588 5188
f 5188 5588 5589
f 5188 5589 5189
f 5189 5589 5590
f 5189 5590 5190
f 5190 5590 5591
f 5190 5591 5191
f 5191 5591 5592
f 5191 5592 5192
f 5192 5592 5593
f 5192 5593 5193
f 5193 5593 5594
f 5193 5594 5194
f 5194 5594 5595
f 5194 5595 5195
f 5195 5595 5596
f 5195 5596 5196
f 5196 5596 5597
f 5196 5597 5197
f 5197 5597 5598
f 5197 5598 5198
f 5198 5598 5599
f 5198 5599 5199
f 5199 5599 5600
f 5199 5600 5200
f 5201 5601 5602
f 5201 5602 5202
f 5202 5602 5603
f 5202 5603 5203
f 5203 5603 5604
f 5203 5604 5204
f 5204 5604 5605
f 5204 5605 5205
f 5205 5605 5606
f 5205 5606 5206
f 5206 5606 5607
f 5206 5607 5207
f 5207 5607 5608
f 5207 5608 5208
f 5208 5608 5609
f 5208 5609 5209
f 5209 5609 5610
f 5209 5610 5210
f 5210 5610 5611
f 5210 5611 5211
f 5211 5611 5612
f 5211 5612 5212
f 5212 5612 5613
f 5212 5613 5213
f 5213 5613 5614
f 5213 5614 5214
f 5214 5614 5615
f 5214 5615 5215
f 5215 5615 5616
f 5215 5616 5216
f 5216 5616 5617
f 5216 5617 5217
f 5217 5617 5618
f 5217 5618 5218
f 5218 5618 5619
f 5218 5619 5219
f 5219 5619 5620
f 5219 5620 5220
f 5220 5620 5621
f 5220 5621 5221
f 5221 5621 5622
f 5221 5622 5222
f 5222 5622 5623
f 5222 5623 5223
f 5223 5623 5624
f 5223 5624 5224
f 5224 5624 5625
f 5224 5625 5225
f 5225 5625 5626
f 5225 5626 5226
f 5226 5626 5627
f 5226 5627 5227
f 5227 5627 5628
f 5227 5628 5228
f 5228 5628 5629
f 5228 5629 5229
f 5229 5629 5630
f 5229 5630 5230
f 5230 5630 5631
f 5230 5631 5231
f 5231 5631 5632
f 5231 5632 5232
f 5232 5632 5633
f 5232 5633 5233
f 5233 5633 5634
f 5233 5634 5234
f 5234 5634 5635
f 5234 5635 5235
f 5235 5635 5636
f 5235 5636 5236
f 5236 5636 5637
f 5236 5637 5237
f 5237 5637 5638
f 5237 5638 5238
f 5238 5638 5639
f 5238 5639 5239
f 5239 5639 5640
f 5239 5640 5240
f 5240 5640 5641
f 5240 5641 5241
f 5241 5641 5642
f 5241 5642 5242
f 5242 5642 5643
f 5242 5643 5243
f 5243 5643 5644
f 5243 5644 5244
f 5244 5644 5645
f 5244 5645 5245
f 5245 5645 5646
f 5245 5646 5246
f 5246 5646 5647
f 5246 5647 5247
f 5247 5647 5648
f 5247 5648 5248
f 5248 5648 5649
f 5248 5649 5249
f 5249 5649 5650
f 5249 5650 5250
f 5250 5650 5651
f 5250 5651 5251
f 5251 5651 5652
f 5251 5652 5252
f 5252 5652 5653
f 5252 5653 5253
f 5253 5653 5654
f 5253 5654 5254
f 5254 5654 5655
f 5254 5655 5255
f 5255 5655 5656
f 5255 5656 5256
f 5256 5656 5657
f 5256 5657 5257
f 5257 5657 5658
f 5257 5658 5258
f 5258 5658 5659
f 5258 5659 5259
f 5259 5659 5660
f 5259 5660 5260
f 5260 5660 5661
f 5260 5661 5261
f 5261 5661 5662
f 5261 5662 5262
f 5262 5662 5663
f 5262 5663 5263
f 5263 5663 5664
f 5263 5664 5264
f 5264 5664 5665
f 5264 5665 5265
f 5265 5665 5666
f 5265 5666 5266
f 5266 5666 5667
f 5266 5667 5267
f 5267 5667 5668
f 5267 5668 5268
f 5268 5668 5669
f 5268 5669 5269
f 5269 5669 5670
f 5269 5670 5270
f 5270 5670 5671
f 5270 5671 5271
f 5271 5671 5672
f 5271 5672 5272
f 5272 5672 5673
f 5272 5673 5273
f 5273 5673 5674
f 5273 5674 5274
f 5274 5674 5675
f 5274 5675 5275
f 5275 5675 5676
f 5275 5676 5276
f 5276 5676 5677
f 5276 5677 5277
f 5277 5677 5678
f 5277 5678 5278
f 5278 5678 5679
f 5278 5679 5279
f 5279 5679 5680
f 5279 5680 5280
f 5280 5680 5681
f 5280 5681 5281
f 5281 5681 5682
f 5281 5682 5282
f 5282 5682 5683
f 5282 5683 5283
f 5283 5683 5684
f 5283 5684 5284
f 5284 5684 5685
f 5284 5685 5285
f 5285 5685 5686
f 5285 5686 5286
f 5286 5686 5687
f 5286 5687 5287
f 5287 5687 5688
f 5287 5688 5288
f 5288 5688 5689
f 5288 5689 5289
f 5289 5689 5690
f 5289 5690 5290
f 5290 5690 5691
f 5290 5691 5291
f 5291 5691 5692
f 5291 5692 5292
f 5292 5692 5693
f 5292 5693 5293
f 5293 5693 5694
f 5293 5694 5294
f 5294 5694 5695
f 5294 5695 5295
f 5295 5695 5696
f 5295 5696 5296
f 5296 5696 5697
f 5296 5697 5297
f 5297 5697 5698
f 5297 5698 5298
f 5298 5698 5699
f 5298 5699 5299
f 5299 5699 5700
f 5299 5700 5300
f 5300 5700 5701
f 5300 5701 5301
f 5301 5701 5702
f 5301 5702 5302
f 5302 5702 5703
f 5302 5703 5303
f 5303 5703 5704
f 5303 5704 5304
f 5304 5704 5705
f 5304 5705 5305
f 5305 5705 5706
f 5305 5706 5306
f 5306 5706 5707
f 5306 5707 5307
f 5307 5707 5708
f 5307 5708 5308
f 5308 5708 5709
f 5308 5709 5309
f 5309 5709 5710
f 5309 5710 5310
f 5310 5710 5711
f 5310 5711 5311
f 5311 5711 5712
f 5311 5712 5312
f 5312 5712 5713
f 5312 5713 5313
f 5313 5713 5714
f 5313 5714 5314
f 5314 5714 5715
f 5314 5715 5315
f 5315 5715 5716
f 5315 5716 5316
f 5316 5716 5717
f 5316 5717 5317
f 5317 5717 5718
f 5317 5718 5318
f 5318 5718 5719
f 5318 5719 5319
f 5319 5719 5720
f 5319 5720 5320
f 5320 5720 5721
f 5320 5721 5321
f 5321 5721 5722
f 5321 5722 5322
f 5322 5722 5723
f 5322 5723 5323
f 5323 5723 5724
f 5323 5724 5324
f 5324 5724 5725
f 5324 5725 5325
f 5325 5725 5726
f 5325 5726 5326
f 5326 5726 5727
f 5326 5727 5327
f 5327 5727 5728
f 5327 5728 5328
f 5328 5728 5729
f 5328 5729 5329
f 5329 5729 5730
f 5329 5730 5330
f 5330 5730 5731
f 5330 5731 5331
f 5331 5731 5732
f 5331 5732 5332
f 5332 5732 5733
f 5332 5733 5333
f 5333 5733 5734
f 5333 5734 5334
f 5334 5734 5735
f 5334 5735 5335
f 5335 5735 5736
f 5335 5736 5336
f 5336 5736 5737
f 5336 5737 5337
f 5337 5737 5738
f 5337 5738 5338
f 5338 5738 5739
f 5338 5739 5339
f 5339 5739 5740
f 5339 5740 5340
f 5340 5740 5741
f 5340 5741 5341
f 5341 5741 5742
f 5341 5742 5342
f 5342 5742 5743
f 5342 5743 5343
f 5343 5743 5744
f 5343 5744 5344
f 5344 5744 5745
f 5344 5745 5345
f 5345 5745 5746
f 5345 5746 5346
f 5346 5746 5747
f 5346 5747 5347
f 5347 5747 5748
f 5347 5748 5348
f 5348 5748 5749
f 5348 5749 5349
f 5349 5749 5750
f 5349 5750 5350
f 5350 5750 5751
f 5350 5751 5351
f 5351 5751 5752
f 5351 5752 5352
f 5352 5752 5753
f 5352 5753 5353
f 5353 5753 5754
f 5353 5754 5354
f 5354 5754 5755
f 5354 5755 5355
f 5355 5755 5756
f 5355 5756 5356
f 5356 5756 5757
f 5356 5757 5357
f 5357 5757 5758
f 5357 5758 5358
f 5358 5758 5759
f 5358 5759 5359
f 5359 5759 5760
f 5359 5760 5360
f 5360 5760 5761
f 5360 5761 5361
f 5361 5761 5762
f 5361 5762 5362
f 5362 5762 5763
f 5362 5763 5363
f 5363 5763 5764
f 5363 5764 5364
f 5364 5764 5765
f 5364 5765 5365
f 5365 5765 5766
f 5365 5766 5366
f 5366 5766 5767
f 5366 5767 5367
f 5367 5767 5768
f 5367 5768 5368
f 5368 5768 5769
f 5368 5769 5369
f 5369 5769 5770
f 5369 5770 5370
f 5370 5770 5771
f 5370 5771 5371
f 5371 5771 5772
f 5371 5772 5372
f 5372 5772 5773
f 5372 5773 5373
f 5373 5773 5774
f 5373 5774 5374
f 5374 5774 5775
f 5374 5775 5375
f 5375 5775 5776
f 5375 5776 5376
f 5376 5776 5777
f 5376 5777 5377
f 5377 5777 5778
f 5377 5778 5378
f 5378 5778 5779
f 5378 5779 5379
f 5379 5779 5780
f 5379 5780 5380
f 5380 5780 5781
f 5380 5781 5381
f 5381 5781 5782
f 5381 5782 5382
f 5382 5782 5783
f 5382 5783 5383
f 5383 5783 5784
f 5383 5784 5384
f 5384 5784 5785
f 5384 5785 5385
f 5385 5785 5786
f 5385 5786 5386
f 5386 5786 5787
f 5386 5787 5387
f 5387 5787 5788
f 5387 5788 5388
f 5388 5788 5789
f 5388 5789 5389
f 5389 5789 5790
f 5389 5790 5390
f 5390 5790 5791
f 5390 5791 5391
f 5391 5791 5792
f 5391 5792 5392
f 5392 5792 5793
f 5392 5793 5393
f 5393 5793 5794
f 5393 5794 5394
f 5394 5794 5795
f 5394 5795 5395
f 5395 5795 5796
f 5395 5796 5396
f 5396 5796 5797
f 5396 5797 5397
f 5397 5797 5798
f 5397 5798 5398
f 5398 5798 5799
f 5398 5799 5399
f 5399 5799 5800
f 5399 5800 5400
f 5400 5800 5801
f 5400 5801 5401
f 5401 5801 5802
f 5401 5802 5402
f 5402 5802 5803
f 5402 5803 5403
f 5403 5803 5804
f 5403 5804 5404
f 5404 5804 5805
f 5404 5805 5405
f 5405 5805 5806
f 5405 5806 5406
f 5406 5806 5807
f 5406 5807 5407
f 5407 5807 5808
f 5407 5808 5408
f 5408 5808 5809
f 5408 5809 5409
f 5409 5809 5810
f 5409 5810 5410
f 5410 5810 5811
f 5410 5811 5411
f 5411 5811 5812
f 5411 5812 5412
f 5412 5812 5813
f 5412 5813 5413
f 5413 5813 5814
f 5413 5814 5414
f 5414 5814 5815
f 5414 5815 5415
f 5415 5815 5816
f 5415 5816 5416
f 5416 5816 5817
f 5416 5817 5417
f 5417 5817 5818
f 5417 5818 5418
f 5418 5818 5819
f 5418 5819 5419
f 5419 5819 5820
f 5419 5820 5420
f 5420 5820 5821
f 5420 5821 5421
f 5421 5821 5822
f 5421 5822 5422
f 5422 5822 5823
f 5422 5823 5423
f 5423 5823 5824
f 5423 5824 5424
f 5424 5824 5825
f 5424 5825 5425
f 5425 5825 5826
f 5425 5826 5426
f 5426 5826 5827
f 5426 5827 5427
f 5427 5827 5828
f 5427 5828 5428
f 5428 5828 5829
f 5428 5829 5429
f 5429 5829 5830
f 5429 5830 5430
f 5430 5830 5831
f 5430 5831 5431
f 5431 5831 5832
f 5431 5832 5432
f 5432 5832 5833
f 5432 5833 5433
f 5433 5833 5834
f 5433 5834 5434
f 5434 5834 5835
f 5434 5835 5435
f 5435 5835 5836
f 5435 5836 5436
f 5436 5836 5837
f 5436 5837 5437
f 5437 5837 5838
f 5437 5838 5438
f 5438 5838 5839
f 5438 5839 5439
f 5439 5839 5840
f 5439 5840 5440
f 5440 5840 5841
f 5440 5841 5441
f 5441 5841 5842
f 5441 5842 5442
f 5442 5842 5843
f 5442 5843 5443
f 5443 5843 5844
f 5443 5844 5444
f 5444 5844 5845
f 5444 5845 5445
f 5445 5845 5846
f 5445 5846 5446
f 5446 5846 5847
f 5446 5847 5447
f 5447 5847 5848
f 5447 5848 5448
f 5448 5848 5849
f 5448 5849 5449
f 5449 5849 5850
f 5449 5850 5450
f 5450 5850 5851
f 5450 5851 5451
f 5451 5851 5852
f 5451 5852 5452
f 5452 5852 5853
f 5452 5853 5453
f 5453 5853 5854
f 5453 5854 5454
f 5454 5854 5855
f 5454 5855 5455
f 5455 5855 5856
f 5455 5856 5456
f 5456 5856 5857
f 5456 5857 5457
f 5457 5857 5858
f 5457 5858 5458
f 5458 5858 5859
f 5458 5859 5459
f 5459 5859 5860
f 5459 5860 5460
f 5460 5860 5861
f 5460 5861 5461
f 5461 5861 5862
f 5461 5862 5462
f 5462 5862 5863
f 5462 5863 5463
f 5463 5863 5864
f 5463 5864 5464
f 5464 5864 5865
f 5464 5865 5465
f 5465 5865 5866
f 5465 5866 5466
f 5466 5866 5867
f 5466 5867 5467
f 5467 5867 5868
f 5467 5868 5468
f 5468 5868 5869
f 5468 5869 5469
f 5469 5869 5870
f 5469 5870 5470
f 5470 5870 5871
f 5470 5871 5471
f 5471 5871 5872
f 5471 5872 5472
f 5472 5872 5873
f 5472 5873 5473
f 5473 5873 5874
f 5473 5874 5474
f 5474 5874 5875
f 5474 5875 5475
f 5475 5875 5876
f 5475 5876 5476
f 5476 5876 5877
f 5476 5877 5477
f 5477 5877 5878
f 5477 5878 5478
f 5478 5878 5879
f 5478 5879 5479
f 5479 5879 5880
f 5479 5880 5480
f 5480 5880 5881
f 5480 5881 5481
f 5481 5881 5882
f 5481 5882 5482
f 5482 5882 5883
f 5482 5883 5483
f 5483 5883 5884
f 5483 5884 5484
f 5484 5884 5885
f 5484 5885 5485
f 5485 5885 5886
f 5485 5886 5486
f 5486 5886 5887
f 5486 5887 5487
f 5487 5887 5888
f 5487 5888 5488
f 5488 5888 5889
f 5488 5889 5489
f 5489 5889 5890
f 5489 5890 5490
f 5490 5890 5891
f 5490 5891 5491
f 5491 5891 5892
f 5491 5892 5492
f 5492 5892 5893
f 5492 5893 5493
f 5493 5893 5894
f 5493 5894 5494
f 5494 5894 5895
f 5494 5895 5495
f 5495 5895 5896
f 5495 5896 5496
f 5496 5896 5897
f 5496 5897 5497
f 5497 5897 5898
f 5497 5898 5498
f 5498 5898 5899
f 5498 5899 5499
f 5499 5899 5900
f 5499 5900 5500
f 5500 5900 5901
f 5500 5901 5501
f 5501 5901 5902
f 5501 5902 5502
f 5502 5902 5903
f 5502 5903 5503
f 5503 5903 5904
f 5503 5904 5504
f 5504 5904 5905
f 5504 5905 5505
f 5505 5905 5906
f 5505 5906 5506
f 5506 5906 5907
f 5506 5907 5507
f 5507 5907 5908
f 5507 5908 5508
f 5508 5908 5909
f 5508 5909 5509
f 5509 5909 5910
f 5509 5910 5510
f 5510 5910 5911
f 5510 5911 5511
f 5511 5911 5912
f 5511 5912 5512
f 5512 5912 5913
f 5512 5913 5513
f 5513 5913 5914
f 5513 5914 5514
f 5514 5914 5915
f 5514 5915 5515
f 5515 5915 5916
f 5515 5916 5516
f 5516 5916 5917
f 5516 5917 5517
f 5517 5917 5918
f 5517 5918 5518
f 5518 5918 5919
f 5518 5919 5519
f 5519 5919 5920
f 5519 5920 5520
f 5520 5920 5921
f 5520 5921 5521
f 5521 5921 5922
f 5521 5922 5522
f 5522 5922 5923
f 5522 5923 5523
f 5523 5923 5924
f 5523 5924 5524
f 5524 5924 5925
f 5524 5925 5525
f 5525 5925 5926
f 5525 5926 5526
f 5526 5926 5927
f 5526 5927 5527
f 5527 5927 5928
f 5527 5928 5528
f 5528 5928 5929
f 5528 5929 5529
f 5529 5929 5930
f 5529 5930 5530
f 5530 5930 5931
f 5530 5931 5531
f 5531 5931 5932
f 5531 5932 5532
f 5532 5932 5933
f 5532 5933 5533
f 5533 5933 5934
f 5533 5934 5534
f 5534 5934 5935
f 5534 5935 5535
f 5535 5935 5936
f 5535 5936 5536
f 5536 5936 5937
f 5536 5937 5537
f 5537 5937 5938
f 5537 5938 5538
f 5538 5938 5939
f 5538 5939 5539
f 5539 5939 5940
f 5539 5940 5540
f 5540 5940 5941
f 5540 5941 5541
f 5541 5941 5942
f 5541 5942 5542
f 5542 5942 5943
f 5542 5943 5543
f 5543 5943 5944
f 5543 5944 5544
f 5544 5944 5945
f 5544 5945 5545
f 5545 5945 5946
f 5545 5946 5546
f 5546 5946 5947
f 5546 5947 5547
f 5547 5947 5948
f 5547 5948 5548
f 5548 5948 5949
f 5548 5949 5549
f 5549 5949 5950
f 5549 5950 5550
f 5550 5950 5951
f 5550 5951 5551
f 5551 5951 5952
f 5551 5952 5552
f 5552 5952 5953
f 5552 5953 5553
f 5553 5953 5954
f 5553 5954 5554
f 5554 5954 5955
f 5554 5955 5555
f 5555 5955 5956
f 5555 5956 5556
f 5556 5956 5957
f 5556 5957 5557
f 5557 5957 5958
f 5557 5958 5558
f 5558 5958 5959
f 5558 5959 5559
f 5559 5959 5960
f 5559 5960 5560
f 5560 5960 5961
f 5560 5961 5561
f 5561 5961 5962
f 5561 5962 5562
f 5562 5962 5963
f 5562 5963 5563
f 5563 5963 5964
f 5563 5964 5564
f 5564 5964 5965
f 5564 5965 5565
f 5565 5965 5966
f 5565 5966 5566
f 5566 5966 5967
f 5566 5967 5567
f 5567 5967 5968
f 5567 5968 5568
f 5568 5968 5969
f 5568 5969 5569
f 5569 5969 5970
f 5569 5970 5570
f 5570 5970 5971
f 5570 5971 5571
f 5571 5971 5972
f 5571 5972 5572
f 5572 5972 5973
f 5572 5973 5573
f 5573 5973 5974
f 5573 5974 5574
f 5574 5974 5975
f 5574 5975 5575
f 5575 5975 5976
f 5575 5976 5576
f 5576 5976 5977
f 5576 5977 5577
f 5577 5977 5978
f 5577 5978 5578
f 5578 5978 5979
f 5578 5979 5579
f 5579 5979 5980
f 5579 5980 5580
f 5580 5980 5981
f 5580 5981 5581
f 5581 5981 5982
f 5581 5982 5582
f 5582 5982 5983
f 5582 5983 5583
f 5583 5983 5984
f 5583 5984 5584
f 5584 5984 5985
f 5584 5985 5585
f 5585 5985 5986
f 5585 5986 5586
f 5586 5986 5987
f 5586 5987 5587
f 5587 5987 5988
f 5587 5988 5588
f 5588 5988 5989
f 5588 5989 5589
f 5589 5989 5990
f 5589 5990 5590
f 5590 5990 5991
f 5590 5991 5591
f 5591 5991 5992
f 5591 5992 5592
f 5592 5992 5993
f 5592 5993 5593
f 5593 5993 5994
f 5593 5994 5594
f 5594 5994 5995
f 5594 5995 5595
f 5595 5995 5996
f 5595 5996 5596
f 5596 5996 5997
f 5596 5997 5597
f 5597 5997 5998
f 5597 5998 5598
f 5598 5998 5999
f 5598 5999 5599
f 5599 5999 6000
f 5599 6000 5600
