X_warped,Y_warped,Z_m,u,timestamp,clip_name
-553715.3677305621,6541312.335320982,-102.28844160000048,0.0,2026-02-17 07:44:00+00:00,surfline_trevone_20260217_0744
-553715.3795316694,6541311.946252051,-102.28844160000048,0.002506265664160401,2026-02-17 07:44:00+00:00,surfline_trevone_20260217_0744
-553715.3848371118,6541311.555286513,-102.28844160000048,0.005012531328320802,2026-02-17 07:44:00+00:00,surfline_trevone_20260217_0744
-553715.3860157983,6541311.163115978,-102.28844160000048,0.007518796992481203,2026-02-17 07:44:00+00:00,surfline_trevone_20260217_0744
-553715.3836608862,6541310.769913842,-102.28844160000048,0.010025062656641603,2026-02-17 07:44:00+00:00,surfline_trevone_20260217_0744
-553715.3213029095,6541310.359192668,-102.28844160000048,0.012531328320802004,2026-02-17 07:44:00+00:00,surfline_trevone_20260217_0744
-553715.2589450066,6541309.948471409,-102.28844160000048,0.015037593984962405,2026-02-17 07:44:00+00:00,surfline_trevone_20260217_0744
-553715.1959395505,6541309.537560978,-102.28844160000048,0.017543859649122806,2026-02-17 07:44:00+00:00,surfline_trevone_20260217_0744
-553715.2917714409,6541309.173026522,-102.28844160000048,0.020050125313283207,2026-02-17 07:44:00+00:00,surfline_trevone_20260217_0744
-553715.3944009843,6541308.810476888,-102.28844160000048,0.022556390977443608,2026-02-17 07:44:00+00:00,surfline_trevone_20260217_0744
-553715.5001007179,6541308.448823553,-102.28844160000048,0.02506265664160401,2026-02-17 07:44:00+00:00,surfline_trevone_20260217_0744
-553715.5741414065,6541308.077926595,-102.28844160000048,0.02756892230576441,2026-02-17 07:44:00+00:00,surfline_trevone_20260217_0744
-553715.504039726,6541307.66494438,-102.28844160000048,0.03007518796992481,2026-02-17 07:44:00+00:00,surfline_trevone_20260217_0744
-553715.4339379688,6541307.251962249,-102.28844160000048,0.03258145363408521,2026-02-17 07:44:00+00:00,surfline_trevone_20260217_0744
-553715.3638362876,6541306.838980033,-102.28844160000048,0.03508771929824561,2026-02-17 07:44:00+00:00,surfline_trevone_20260217_0744
-553715.2937346835,6541306.425997733,-102.28844160000048,0.03759398496240601,2026-02-17 07:44:00+00:00,surfline_trevone_20260217_0744
-553715.2179805816,6541306.011365176,-102.28844160000048,0.040100250626566414,2026-02-17 07:44:00+00:00,surfline_trevone_20260217_0744
-553715.1339651968,6541305.594320673,-102.28844160000048,0.042606516290726815,2026-02-17 07:44:00+00:00,surfline_trevone_20260217_0744
-553715.0495992453,6541305.177173706,-102.28844160000048,0.045112781954887216,2026-02-17 07:44:00+00:00,surfline_trevone_20260217_0744
-553715.0043964309,6541304.771461125,-102.28844160000048,0.047619047619047616,2026-02-17 07:44:00+00:00,surfline_trevone_20260217_0744
-553715.0531809838,6541304.39319022,-102.28844160000048,0.05012531328320802,2026-02-17 07:44:00+00:00,surfline_trevone_20260217_0744
-553715.1018816048,6541304.014894916,-102.28844160000048,0.05263157894736842,2026-02-17 07:44:00+00:00,surfline_trevone_20260217_0744
-553715.1505465996,6541303.6365891015,-102.28844160000048,0.05513784461152882,2026-02-17 07:44:00+00:00,surfline_trevone_20260217_0744
-553714.8863844746,6541303.166946795,-102.28844160000048,0.05764411027568922,2026-02-17 07:44:00+00:00,surfline_trevone_20260217_0744
-553714.5359809748,6541302.672124739,-102.28844160000048,0.06015037593984962,2026-02-17 07:44:00+00:00,surfline_trevone_20260217_0744
-553714.4064368822,6541302.241787073,-102.28844160000048,0.06265664160401002,2026-02-17 07:44:00+00:00,surfline_trevone_20260217_0744
-553714.3145566281,6541301.822446043,-102.28844160000048,0.06516290726817042,2026-02-17 07:44:00+00:00,surfline_trevone_20260217_0744
-553714.2226762552,6541301.403105131,-102.28844160000048,0.06766917293233082,2026-02-17 07:44:00+00:00,surfline_trevone_20260217_0744
-553714.103389589,6541300.975762398,-102.28844160000048,0.07017543859649122,2026-02-17 07:44:00+00:00,surfline_trevone_20260217_0744
-553714.2162555334,6541300.616201388,-102.28844160000048,0.07268170426065163,2026-02-17 07:44:00+00:00,surfline_trevone_20260217_0744
-553714.3849042072,6541300.272927199,-102.28844160000048,0.07518796992481203,2026-02-17 07:44:00+00:00,surfline_trevone_20260217_0744
-553714.5509693621,6541299.928898805,-102.28844160000048,0.07769423558897243,2026-02-17 07:44:00+00:00,surfline_trevone_20260217_0744
-553714.7170345044,6541299.584870515,-102.28844160000048,0.08020050125313283,2026-02-17 07:44:00+00:00,surfline_trevone_20260217_0744
-553714.8884108406,6541299.242392831,-102.28844160000048,0.08270676691729323,2026-02-17 07:44:00+00:00,surfline_trevone_20260217_0744
-553715.061022363,6541298.900275677,-102.28844160000048,0.08521303258145363,2026-02-17 07:44:00+00:00,surfline_trevone_20260217_0744
-553715.2343445814,6541298.558366135,-102.28844160000048,0.08771929824561403,2026-02-17 07:44:00+00:00,surfline_trevone_20260217_0744
-553715.328189003,6541298.193251504,-102.28844160000048,0.09022556390977443,2026-02-17 07:44:00+00:00,surfline_trevone_20260217_0744
-553715.2889168846,6541297.78927062,-102.28844160000048,0.09273182957393483,2026-02-17 07:44:00+00:00,surfline_trevone_20260217_0744
-553715.2496448352,6541297.385289649,-102.28844160000048,0.09523809523809523,2026-02-17 07:44:00+00:00,surfline_trevone_20260217_0744
-553715.129604799,6541296.957726891,-102.28844160000048,0.09774436090225563,2026-02-17 07:44:00+00:00,surfline_trevone_20260217_0744
-553714.9847374642,6541296.522915396,-102.28844160000048,0.10025062656641603,2026-02-17 07:44:00+00:00,surfline_trevone_20260217_0744
-553714.9653588809,6541296.124742844,-102.28844160000048,0.10275689223057644,2026-02-17 07:44:00+00:00,surfline_trevone_20260217_0744
-553715.1100128905,6541295.774462913,-102.28844160000048,0.10526315789473684,2026-02-17 07:44:00+00:00,surfline_trevone_20260217_0744
-553715.254666882,6541295.424183085,-102.28844160000048,0.10776942355889724,2026-02-17 07:44:00+00:00,surfline_trevone_20260217_0744
-553715.3517978581,6541295.060028032,-102.28844160000048,0.11027568922305764,2026-02-17 07:44:00+00:00,surfline_trevone_20260217_0744
-553715.4323291166,6541294.691026236,-102.28844160000048,0.11278195488721804,2026-02-17 07:44:00+00:00,surfline_trevone_20260217_0744
-553715.5127413716,6541294.321989588,-102.28844160000048,0.11528822055137844,2026-02-17 07:44:00+00:00,surfline_trevone_20260217_0744
-553715.5920773809,6541293.952638924,-102.28844160000048,0.11779448621553884,2026-02-17 07:44:00+00:00,surfline_trevone_20260217_0744
-553715.6714134259,6541293.583288161,-102.28844160000048,0.12030075187969924,2026-02-17 07:44:00+00:00,surfline_trevone_20260217_0744
-553715.7807251881,6541293.222689326,-102.28844160000048,0.12280701754385964,2026-02-17 07:44:00+00:00,surfline_trevone_20260217_0744
-553715.9255636695,6541292.872463363,-102.28844160000048,0.12531328320802004,2026-02-17 07:44:00+00:00,surfline_trevone_20260217_0744
-553716.070402133,6541292.522237504,-102.28844160000048,0.12781954887218044,2026-02-17 07:44:00+00:00,surfline_trevone_20260217_0744
-553716.2007604116,6541292.167783744,-102.28844160000048,0.13032581453634084,2026-02-17 07:44:00+00:00,surfline_trevone_20260217_0744
-553716.3278294998,6541291.812369529,-102.28844160000048,0.13283208020050125,2026-02-17 07:44:00+00:00,surfline_trevone_20260217_0744
-553716.4495239881,6541291.455386243,-102.28844160000048,0.13533834586466165,2026-02-17 07:44:00+00:00,surfline_trevone_20260217_0744
-553716.544424598,6541291.090579941,-102.28844160000048,0.13784461152882205,2026-02-17 07:44:00+00:00,surfline_trevone_20260217_0744
-553716.6393252261,6541290.725773582,-102.28844160000048,0.14035087719298245,2026-02-17 07:44:00+00:00,surfline_trevone_20260217_0744
-553716.7361908678,6541290.361540843,-102.28844160000048,0.14285714285714285,2026-02-17 07:44:00+00:00,surfline_trevone_20260217_0744
-553716.8349444061,6541289.997859423,-102.28844160000048,0.14536340852130325,2026-02-17 07:44:00+00:00,surfline_trevone_20260217_0744
-553716.9336979132,6541289.634178101,-102.28844160000048,0.14786967418546365,2026-02-17 07:44:00+00:00,surfline_trevone_20260217_0744
-553717.0734006044,6541289.282452636,-102.28844160000048,0.15037593984962405,2026-02-17 07:44:00+00:00,surfline_trevone_20260217_0744
-553717.220097945,6541288.932769299,-102.28844160000048,0.15288220551378445,2026-02-17 07:44:00+00:00,surfline_trevone_20260217_0744
-553717.366795268,6541288.583086064,-102.28844160000048,0.15538847117794485,2026-02-17 07:44:00+00:00,surfline_trevone_20260217_0744
-553717.2973207055,6541288.170287057,-102.28844160000048,0.15789473684210525,2026-02-17 07:44:00+00:00,surfline_trevone_20260217_0744
-553717.4387497933,6541287.81906565,-102.28844160000048,0.16040100250626566,2026-02-17 07:44:00+00:00,surfline_trevone_20260217_0744
-553717.5785194259,6541287.467359624,-102.28844160000048,0.16290726817042606,2026-02-17 07:44:00+00:00,surfline_trevone_20260217_0744
-553717.7189048204,6541287.11583349,-102.28844160000048,0.16541353383458646,2026-02-17 07:44:00+00:00,surfline_trevone_20260217_0744
-553717.8545973162,6541286.762937275,-102.28844160000048,0.16791979949874686,2026-02-17 07:44:00+00:00,surfline_trevone_20260217_0744
-553717.9738317538,6541286.405235678,-102.28844160000048,0.17042606516290726,2026-02-17 07:44:00+00:00,surfline_trevone_20260217_0744
-553718.017421985,6541286.025448074,-102.28844160000048,0.17293233082706766,2026-02-17 07:44:00+00:00,surfline_trevone_20260217_0744
-553718.1727937926,6541285.678297644,-102.28844160000048,0.17543859649122806,2026-02-17 07:44:00+00:00,surfline_trevone_20260217_0744
-553718.3402089152,6541285.3346634,-102.28844160000048,0.17794486215538846,2026-02-17 07:44:00+00:00,surfline_trevone_20260217_0744
-553718.5075895985,6541284.991018995,-102.28844160000048,0.18045112781954886,2026-02-17 07:44:00+00:00,surfline_trevone_20260217_0744
-553718.6595257294,6541284.642865338,-102.28844160000048,0.18295739348370926,2026-02-17 07:44:00+00:00,surfline_trevone_20260217_0744
-553718.7978068887,6541284.290724937,-102.28844160000048,0.18546365914786966,2026-02-17 07:44:00+00:00,surfline_trevone_20260217_0744
-553718.9365405642,6541283.9387165485,-102.28844160000048,0.18796992481203006,2026-02-17 07:44:00+00:00,surfline_trevone_20260217_0744
-553719.0754731025,6541283.586766115,-102.28844160000048,0.19047619047619047,2026-02-17 07:44:00+00:00,surfline_trevone_20260217_0744
-553719.2137506328,6541283.234624547,-102.28844160000048,0.19298245614035087,2026-02-17 07:44:00+00:00,surfline_trevone_20260217_0744
-553719.3398984096,6541282.878941552,-102.28844160000048,0.19548872180451127,2026-02-17 07:44:00+00:00,surfline_trevone_20260217_0744
-553719.4660461993,6541282.523258498,-102.28844160000048,0.19799498746867167,2026-02-17 07:44:00+00:00,surfline_trevone_20260217_0744
-553719.5907169682,6541282.167143999,-102.28844160000048,0.20050125313283207,2026-02-17 07:44:00+00:00,surfline_trevone_20260217_0744
-553719.7131839932,6541281.810386224,-102.28844160000048,0.20300751879699247,2026-02-17 07:44:00+00:00,surfline_trevone_20260217_0744
-553719.8356509937,6541281.453628549,-102.28844160000048,0.20551378446115287,2026-02-17 07:44:00+00:00,surfline_trevone_20260217_0744
-553719.9829993828,6541281.104135406,-102.28844160000048,0.20802005012531327,2026-02-17 07:44:00+00:00,surfline_trevone_20260217_0744
-553720.1386642775,6541280.757070333,-102.28844160000048,0.21052631578947367,2026-02-17 07:44:00+00:00,surfline_trevone_20260217_0744
-553720.2979164125,6541280.411052736,-102.28844160000048,0.21303258145363407,2026-02-17 07:44:00+00:00,surfline_trevone_20260217_0744
-553720.4814341343,6541280.07212009,-102.28844160000048,0.21553884711779447,2026-02-17 07:44:00+00:00,surfline_trevone_20260217_0744
-553720.664951864,6541279.733187338,-102.28844160000048,0.21804511278195488,2026-02-17 07:44:00+00:00,surfline_trevone_20260217_0744
-553720.8449014686,6541279.393212691,-102.28844160000048,0.22055137844611528,2026-02-17 07:44:00+00:00,surfline_trevone_20260217_0744
-553721.0217328423,6541279.05232772,-102.28844160000048,0.22305764411027568,2026-02-17 07:44:00+00:00,surfline_trevone_20260217_0744
-553721.1985642065,6541278.711442852,-102.28844160000048,0.22556390977443608,2026-02-17 07:44:00+00:00,surfline_trevone_20260217_0744
-553721.3641082442,6541278.367262307,-102.28844160000048,0.22807017543859648,2026-02-17 07:44:00+00:00,surfline_trevone_20260217_0744
-553721.5287993196,6541278.022832614,-102.28844160000048,0.23057644110275688,2026-02-17 07:44:00+00:00,surfline_trevone_20260217_0744
-553721.6948250332,6541277.678792813,-102.28844160000048,0.23308270676691728,2026-02-17 07:44:00+00:00,surfline_trevone_20260217_0744
-553721.8638243922,6541277.33562112,-102.28844160000048,0.23558897243107768,2026-02-17 07:44:00+00:00,surfline_trevone_20260217_0744
-553722.041838661,6541276.995081412,-102.28844160000048,0.23809523809523808,2026-02-17 07:44:00+00:00,surfline_trevone_20260217_0744
-553722.2044667625,6541276.650049499,-102.28844160000048,0.24060150375939848,2026-02-17 07:44:00+00:00,surfline_trevone_20260217_0744
-553722.377269048,6541276.307988258,-102.28844160000048,0.24310776942355888,2026-02-17 07:44:00+00:00,surfline_trevone_20260217_0744
-553722.5490778676,6541275.965636847,-102.28844160000048,0.24561403508771928,2026-02-17 07:44:00+00:00,surfline_trevone_20260217_0744
-553722.7102240789,6541275.620172158,-102.28844160000048,0.24812030075187969,2026-02-17 07:44:00+00:00,surfline_trevone_20260217_0744
-553722.8713702762,6541275.274707572,-102.28844160000048,0.2506265664160401,2026-02-17 07:44:00+00:00,surfline_trevone_20260217_0744
-553722.9950263393,6541274.918297069,-102.28844160000048,0.2531328320802005,2026-02-17 07:44:00+00:00,surfline_trevone_20260217_0744
-553723.1245188481,6541274.563590529,-102.28844160000048,0.2556390977443609,2026-02-17 07:44:00+00:00,surfline_trevone_20260217_0744
-553723.2771772695,6541274.215647654,-102.28844160000048,0.2581453634085213,2026-02-17 07:44:00+00:00,surfline_trevone_20260217_0744
-553723.4298356745,6541273.86770488,-102.28844160000048,0.2606516290726817,2026-02-17 07:44:00+00:00,surfline_trevone_20260217_0744
-553723.5646693927,6541273.514557927,-102.28844160000048,0.2631578947368421,2026-02-17 07:44:00+00:00,surfline_trevone_20260217_0744
-553723.7079011548,6541273.163862894,-102.28844160000048,0.2656641604010025,2026-02-17 07:44:00+00:00,surfline_trevone_20260217_0744
-553723.8402512015,6541272.809990521,-102.28844160000048,0.2681704260651629,2026-02-17 07:44:00+00:00,surfline_trevone_20260217_0744
-553723.9932013334,6541272.462132923,-102.28844160000048,0.2706766917293233,2026-02-17 07:44:00+00:00,surfline_trevone_20260217_0744
-553724.1461514493,6541272.1142754285,-102.28844160000048,0.2731829573934837,2026-02-17 07:44:00+00:00,surfline_trevone_20260217_0744
-553724.3289188038,6541271.775123589,-102.28844160000048,0.2756892230576441,2026-02-17 07:44:00+00:00,surfline_trevone_20260217_0744
-553724.529607003,6541271.441204006,-102.28844160000048,0.2781954887218045,2026-02-17 07:44:00+00:00,surfline_trevone_20260217_0744
-553724.7077229857,6541271.100694102,-102.28844160000048,0.2807017543859649,2026-02-17 07:44:00+00:00,surfline_trevone_20260217_0744
-553724.8858389591,6541270.760184303,-102.28844160000048,0.2832080200501253,2026-02-17 07:44:00+00:00,surfline_trevone_20260217_0744
-553725.1066833242,6541270.432149839,-102.28844160000048,0.2857142857142857,2026-02-17 07:44:00+00:00,surfline_trevone_20260217_0744
-553725.3649163638,6541270.11503167,-102.28844160000048,0.2882205513784461,2026-02-17 07:44:00+00:00,surfline_trevone_20260217_0744
-553725.6755041557,6541269.813199667,-102.28844160000048,0.2907268170426065,2026-02-17 07:44:00+00:00,surfline_trevone_20260217_0744
-553726.1248845472,6541269.551891159,-102.28844160000048,0.2932330827067669,2026-02-17 07:44:00+00:00,surfline_trevone_20260217_0744
-553726.472598927,6541269.260899036,-102.28844160000048,0.2957393483709273,2026-02-17 07:44:00+00:00,surfline_trevone_20260217_0744
-553726.6827547882,6541268.929743735,-102.28844160000048,0.2982456140350877,2026-02-17 07:44:00+00:00,surfline_trevone_20260217_0744
-553726.8929106491,6541268.598588647,-102.28844160000048,0.3007518796992481,2026-02-17 07:44:00+00:00,surfline_trevone_20260217_0744
-553727.0632985714,6541268.255822375,-102.28844160000048,0.3032581453634085,2026-02-17 07:44:00+00:00,surfline_trevone_20260217_0744
-553727.2279906387,6541267.911392973,-102.28844160000048,0.3057644110275689,2026-02-17 07:44:00+00:00,surfline_trevone_20260217_0744
-553727.2494456528,6541267.52514264,-102.28844160000048,0.3082706766917293,2026-02-17 07:44:00+00:00,surfline_trevone_20260217_0744
-553727.2257311281,6541267.125704227,-102.28844160000048,0.3107769423558897,2026-02-17 07:44:00+00:00,surfline_trevone_20260217_0744
-553727.1939052003,6541266.723897413,-102.28844160000048,0.3132832080200501,2026-02-17 07:44:00+00:00,surfline_trevone_20260217_0744
-553727.3599329097,6541266.37985798,-102.28844160000048,0.3157894736842105,2026-02-17 07:44:00+00:00,surfline_trevone_20260217_0744
-553727.5259606066,6541266.035818649,-102.28844160000048,0.3182957393483709,2026-02-17 07:44:00+00:00,surfline_trevone_20260217_0744
-553727.6849841013,6541265.689734404,-102.28844160000048,0.3208020050125313,2026-02-17 07:44:00+00:00,surfline_trevone_20260217_0744
-553727.840510394,6541265.342628969,-102.28844160000048,0.3233082706766917,2026-02-17 07:44:00+00:00,surfline_trevone_20260217_0744
-553727.9959219415,6541264.995489926,-102.28844160000048,0.3258145363408521,2026-02-17 07:44:00+00:00,surfline_trevone_20260217_0744
-553728.1480435418,6541264.647390422,-102.28844160000048,0.3283208020050125,2026-02-17 07:44:00+00:00,surfline_trevone_20260217_0744
-553728.2219180806,6541264.276445167,-102.28844160000048,0.3308270676691729,2026-02-17 07:44:00+00:00,surfline_trevone_20260217_0744
-553728.1064565557,6541263.850219246,-102.28844160000048,0.3333333333333333,2026-02-17 07:44:00+00:00,surfline_trevone_20260217_0744
-553727.8841274278,6541263.392790908,-102.28844160000048,0.3358395989974937,2026-02-17 07:44:00+00:00,surfline_trevone_20260217_0744
-553727.587707722,6541262.913730436,-102.28844160000048,0.3383458646616541,2026-02-17 07:44:00+00:00,surfline_trevone_20260217_0744
-553727.227110434,6541262.415932091,-102.28844160000048,0.3408521303258145,2026-02-17 07:44:00+00:00,surfline_trevone_20260217_0744
-553727.0556049562,6541261.973342926,-102.28844160000048,0.3433583959899749,2026-02-17 07:44:00+00:00,surfline_trevone_20260217_0744
-553727.1828943387,6541261.617993032,-102.28844160000048,0.3458646616541353,2026-02-17 07:44:00+00:00,surfline_trevone_20260217_0744
-553727.2775831351,6541261.253124826,-102.28844160000048,0.3483709273182957,2026-02-17 07:44:00+00:00,surfline_trevone_20260217_0744
-553726.9904785403,6541260.776784201,-102.28844160000048,0.3508771929824561,2026-02-17 07:44:00+00:00,surfline_trevone_20260217_0744
-553726.8024113459,6541260.329359499,-102.28844160000048,0.3533834586466165,2026-02-17 07:44:00+00:00,surfline_trevone_20260217_0744
-553726.4212075588,6541259.825544443,-102.28844160000048,0.3558897243107769,2026-02-17 07:44:00+00:00,surfline_trevone_20260217_0744
-553726.3640592197,6541259.416344333,-102.28844160000048,0.3583959899749373,2026-02-17 07:44:00+00:00,surfline_trevone_20260217_0744
-553726.3741920686,6541259.026788258,-102.28844160000048,0.3609022556390977,2026-02-17 07:44:00+00:00,surfline_trevone_20260217_0744
-553726.4260393844,6541258.649411482,-102.28844160000048,0.3634085213032581,2026-02-17 07:44:00+00:00,surfline_trevone_20260217_0744
-553726.4964933026,6541258.277467398,-102.28844160000048,0.3659147869674185,2026-02-17 07:44:00+00:00,surfline_trevone_20260217_0744
-553726.6444332986,6541257.928147095,-102.28844160000048,0.3684210526315789,2026-02-17 07:44:00+00:00,surfline_trevone_20260217_0744
-553726.7909276873,6541257.578404608,-102.28844160000048,0.37092731829573933,2026-02-17 07:44:00+00:00,surfline_trevone_20260217_0744
-553726.9283283827,6541257.226006921,-102.28844160000048,0.37343358395989973,2026-02-17 07:44:00+00:00,surfline_trevone_20260217_0744
-553726.7125561041,6541256.770493144,-102.28844160000048,0.37593984962406013,2026-02-17 07:44:00+00:00,surfline_trevone_20260217_0744
-553725.7695313009,6541256.102642968,-102.28844160000048,0.37844611528822053,2026-02-17 07:44:00+00:00,surfline_trevone_20260217_0744
-553725.6864617654,6541255.685874517,-102.28844160000048,0.38095238095238093,2026-02-17 07:44:00+00:00,surfline_trevone_20260217_0744
-553725.5438912273,6541255.251733403,-102.28844160000048,0.38345864661654133,2026-02-17 07:44:00+00:00,surfline_trevone_20260217_0744
-553725.4303548408,6541254.826069522,-102.28844160000048,0.38596491228070173,2026-02-17 07:44:00+00:00,surfline_trevone_20260217_0744
-553725.2476143731,6541254.380200177,-102.28844160000048,0.38847117794486213,2026-02-17 07:44:00+00:00,surfline_trevone_20260217_0744
-553724.9149626533,6541253.890561014,-102.28844160000048,0.39097744360902253,2026-02-17 07:44:00+00:00,surfline_trevone_20260217_0744
-553724.4735458741,6541253.369165521,-102.28844160000048,0.39348370927318294,2026-02-17 07:44:00+00:00,surfline_trevone_20260217_0744
-553724.0346880833,6541252.848517287,-102.28844160000048,0.39598997493734334,2026-02-17 07:44:00+00:00,surfline_trevone_20260217_0744
-553723.5976577,6541252.328402712,-102.28844160000048,0.39849624060150374,2026-02-17 07:44:00+00:00,surfline_trevone_20260217_0744
-553723.1616699809,6541251.8085925,-102.28844160000048,0.40100250626566414,2026-02-17 07:44:00+00:00,surfline_trevone_20260217_0744
-553722.7841520989,6541251.305853572,-102.28844160000048,0.40350877192982454,2026-02-17 07:44:00+00:00,surfline_trevone_20260217_0744
-553722.582187167,6541250.854371137,-102.28844160000048,0.40601503759398494,2026-02-17 07:44:00+00:00,surfline_trevone_20260217_0744
-553722.3617025631,6541250.397481608,-102.28844160000048,0.40852130325814534,2026-02-17 07:44:00+00:00,surfline_trevone_20260217_0744
-553722.0233347735,6541249.90617352,-102.28844160000048,0.41102756892230574,2026-02-17 07:44:00+00:00,surfline_trevone_20260217_0744
-553721.6401132188,6541249.401769332,-102.28844160000048,0.41353383458646614,2026-02-17 07:44:00+00:00,surfline_trevone_20260217_0744
-553721.3581814754,6541248.926939033,-102.28844160000048,0.41604010025062654,2026-02-17 07:44:00+00:00,surfline_trevone_20260217_0744
-553721.2842509618,6541248.512838909,-102.28844160000048,0.41854636591478694,2026-02-17 07:44:00+00:00,surfline_trevone_20260217_0744
-553720.289186665,6541247.829794502,-102.28844160000048,0.42105263157894735,2026-02-17 07:44:00+00:00,surfline_trevone_20260217_0744
-553720.0256406076,6541247.360332175,-102.28844160000048,0.42355889724310775,2026-02-17 07:44:00+00:00,surfline_trevone_20260217_0744
-553719.608937967,6541246.84615271,-102.28844160000048,0.42606516290726815,2026-02-17 07:44:00+00:00,surfline_trevone_20260217_0744
-553719.1661227103,6541246.32434901,-102.28844160000048,0.42857142857142855,2026-02-17 07:44:00+00:00,surfline_trevone_20260217_0744
-553719.3000694179,6541245.970942856,-102.28844160000048,0.43107769423558895,2026-02-17 07:44:00+00:00,surfline_trevone_20260217_0744
-553719.5256660517,6541245.644295916,-102.28844160000048,0.43358395989974935,2026-02-17 07:44:00+00:00,surfline_trevone_20260217_0744
-553719.5256660517,6541245.644295916,-102.28844160000048,0.43609022556390975,2026-02-17 07:44:00+00:00,surfline_trevone_20260217_0744
-553719.5256660517,6541245.644295916,-102.28844160000048,0.43859649122807015,2026-02-17 07:44:00+00:00,surfline_trevone_20260217_0744
-553719.5256660517,6541245.644295916,-102.28844160000048,0.44110275689223055,2026-02-17 07:44:00+00:00,surfline_trevone_20260217_0744
-553719.5256660517,6541245.644295916,-102.28844160000048,0.44360902255639095,2026-02-17 07:44:00+00:00,surfline_trevone_20260217_0744
-553719.5256660517,6541245.644295916,-102.28844160000048,0.44611528822055135,2026-02-17 07:44:00+00:00,surfline_trevone_20260217_0744
-553719.5256660517,6541245.644295916,-102.28844160000048,0.44862155388471175,2026-02-17 07:44:00+00:00,surfline_trevone_20260217_0744
-553719.5256660517,6541245.644295916,-102.28844160000048,0.45112781954887216,2026-02-17 07:44:00+00:00,surfline_trevone_20260217_0744
-553719.5256660517,6541245.644295916,-102.28844160000048,0.45363408521303256,2026-02-17 07:44:00+00:00,surfline_trevone_20260217_0744
-553719.5256660517,6541245.644295916,-102.28844160000048,0.45614035087719296,2026-02-17 07:44:00+00:00,surfline_trevone_20260217_0744
-553719.5256660517,6541245.644295916,-102.28844160000048,0.45864661654135336,2026-02-17 07:44:00+00:00,surfline_trevone_20260217_0744
-553719.5256660517,6541245.644295916,-102.28844160000048,0.46115288220551376,2026-02-17 07:44:00+00:00,surfline_trevone_20260217_0744
-553719.5256660517,6541245.644295916,-102.28844160000048,0.46365914786967416,2026-02-17 07:44:00+00:00,surfline_trevone_20260217_0744
-553719.5256660517,6541245.644295916,-102.28844160000048,0.46616541353383456,2026-02-17 07:44:00+00:00,surfline_trevone_20260217_0744
-553719.5256660517,6541245.644295916,-102.28844160000048,0.46867167919799496,2026-02-17 07:44:00+00:00,surfline_trevone_20260217_0744
-553719.5256660517,6541245.644295916,-102.28844160000048,0.47117794486215536,2026-02-17 07:44:00+00:00,surfline_trevone_20260217_0744
-553719.5256660517,6541245.644295916,-102.28844160000048,0.47368421052631576,2026-02-17 07:44:00+00:00,surfline_trevone_20260217_0744
-553719.5256660517,6541245.644295916,-102.28844160000048,0.47619047619047616,2026-02-17 07:44:00+00:00,surfline_trevone_20260217_0744
-553719.5256660517,6541245.644295916,-102.28844160000048,0.47869674185463656,2026-02-17 07:44:00+00:00,surfline_trevone_20260217_0744
-553719.5256660517,6541245.644295916,-102.28844160000048,0.48120300751879697,2026-02-17 07:44:00+00:00,surfline_trevone_20260217_0744
-553719.5256660517,6541245.644295916,-102.28844160000048,0.48370927318295737,2026-02-17 07:44:00+00:00,surfline_trevone_20260217_0744
-553719.5256660517,6541245.644295916,-102.28844160000048,0.48621553884711777,2026-02-17 07:44:00+00:00,surfline_trevone_20260217_0744
-553719.5256660517,6541245.644295916,-102.28844160000048,0.48872180451127817,2026-02-17 07:44:00+00:00,surfline_trevone_20260217_0744
-553719.5256660517,6541245.644295916,-102.28844160000048,0.49122807017543857,2026-02-17 07:44:00+00:00,surfline_trevone_20260217_0744
-553719.5256660517,6541245.644295916,-102.28844160000048,0.49373433583959897,2026-02-17 07:44:00+00:00,surfline_trevone_20260217_0744
-553719.5256660517,6541245.644295916,-102.28844160000048,0.49624060150375937,2026-02-17 07:44:00+00:00,surfline_trevone_20260217_0744
-553719.5256660517,6541245.644295916,-102.28844160000048,0.49874686716791977,2026-02-17 07:44:00+00:00,surfline_trevone_20260217_0744
-553719.5256660517,6541245.644295916,-102.28844160000048,0.5012531328320802,2026-02-17 07:44:00+00:00,surfline_trevone_20260217_0744
-553719.5256660517,6541245.644295916,-102.28844160000048,0.5037593984962405,2026-02-17 07:44:00+00:00,surfline_trevone_20260217_0744
-553719.5256660517,6541245.644295916,-102.28844160000048,0.506265664160401,2026-02-17 07:44:00+00:00,surfline_trevone_20260217_0744
-553719.5256660517,6541245.644295916,-102.28844160000048,0.5087719298245614,2026-02-17 07:44:00+00:00,surfline_trevone_20260217_0744
-553719.5256660517,6541245.644295916,-102.28844160000048,0.5112781954887218,2026-02-17 07:44:00+00:00,surfline_trevone_20260217_0744
-553719.5256660517,6541245.644295916,-102.28844160000048,0.5137844611528821,2026-02-17 07:44:00+00:00,surfline_trevone_20260217_0744
-553719.5256660517,6541245.644295916,-102.28844160000048,0.5162907268170426,2026-02-17 07:44:00+00:00,surfline_trevone_20260217_0744
-553719.5256660517,6541245.644295916,-102.28844160000048,0.518796992481203,2026-02-17 07:44:00+00:00,surfline_trevone_20260217_0744
-553719.5256660517,6541245.644295916,-102.28844160000048,0.5213032581453634,2026-02-17 07:44:00+00:00,surfline_trevone_20260217_0744
-553719.5256660517,6541245.644295916,-102.28844160000048,0.5238095238095237,2026-02-17 07:44:00+00:00,surfline_trevone_20260217_0744
-553719.5256660517,6541245.644295916,-102.28844160000048,0.5263157894736842,2026-02-17 07:44:00+00:00,surfline_trevone_20260217_0744
-553719.5256660517,6541245.644295916,-102.28844160000048,0.5288220551378446,2026-02-17 07:44:00+00:00,surfline_trevone_20260217_0744
-553719.5256660517,6541245.644295916,-102.28844160000048,0.531328320802005,2026-02-17 07:44:00+00:00,surfline_trevone_20260217_0744
-553719.5256660517,6541245.644295916,-102.28844160000048,0.5338345864661653,2026-02-17 07:44:00+00:00,surfline_trevone_20260217_0744
-553719.5256660517,6541245.644295916,-102.28844160000048,0.5363408521303258,2026-02-17 07:44:00+00:00,surfline_trevone_20260217_0744
-553719.5256660517,6541245.644295916,-102.28844160000048,0.5388471177944862,2026-02-17 07:44:00+00:00,surfline_trevone_20260217_0744
-553719.5256660517,6541245.644295916,-102.28844160000048,0.5413533834586466,2026-02-17 07:44:00+00:00,surfline_trevone_20260217_0744
-553719.5256660517,6541245.644295916,-102.28844160000048,0.5438596491228069,2026-02-17 07:44:00+00:00,surfline_trevone_20260217_0744
-553719.5256660517,6541245.644295916,-102.28844160000048,0.5463659147869674,2026-02-17 07:44:00+00:00,surfline_trevone_20260217_0744
-553719.5256660517,6541245.644295916,-102.28844160000048,0.5488721804511278,2026-02-17 07:44:00+00:00,surfline_trevone_20260217_0744
-553719.5256660517,6541245.644295916,-102.28844160000048,0.5513784461152882,2026-02-17 07:44:00+00:00,surfline_trevone_20260217_0744
-553719.5256660517,6541245.644295916,-102.28844160000048,0.5538847117794485,2026-02-17 07:44:00+00:00,surfline_trevone_20260217_0744
-553719.5256660517,6541245.644295916,-102.28844160000048,0.556390977443609,2026-02-17 07:44:00+00:00,surfline_trevone_20260217_0744
-553719.5256660517,6541245.644295916,-102.28844160000048,0.5588972431077694,2026-02-17 07:44:00+00:00,surfline_trevone_20260217_0744
-553719.5256660517,6541245.644295916,-102.28844160000048,0.5614035087719298,2026-02-17 07:44:00+00:00,surfline_trevone_20260217_0744
-553719.5256660517,6541245.644295916,-102.28844160000048,0.5639097744360901,2026-02-17 07:44:00+00:00,surfline_trevone_20260217_0744
-553719.5256660517,6541245.644295916,-102.28844160000048,0.5664160401002506,2026-02-17 07:44:00+00:00,surfline_trevone_20260217_0744
-553719.5256660517,6541245.644295916,-102.28844160000048,0.568922305764411,2026-02-17 07:44:00+00:00,surfline_trevone_20260217_0744
-553719.5256660517,6541245.644295916,-102.28844160000048,0.5714285714285714,2026-02-17 07:44:00+00:00,surfline_trevone_20260217_0744
-553719.5256660517,6541245.644295916,-102.28844160000048,0.5739348370927317,2026-02-17 07:44:00+00:00,surfline_trevone_20260217_0744
-553719.5256660517,6541245.644295916,-102.28844160000048,0.5764411027568922,2026-02-17 07:44:00+00:00,surfline_trevone_20260217_0744
-553719.5256660517,6541245.644295916,-102.28844160000048,0.5789473684210527,2026-02-17 07:44:00+00:00,surfline_trevone_20260217_0744
-553719.5256660517,6541245.644295916,-102.28844160000048,0.581453634085213,2026-02-17 07:44:00+00:00,surfline_trevone_20260217_0744
-553719.5256660517,6541245.644295916,-102.28844160000048,0.5839598997493733,2026-02-17 07:44:00+00:00,surfline_trevone_20260217_0744
-553719.5256660517,6541245.644295916,-102.28844160000048,0.5864661654135338,2026-02-17 07:44:00+00:00,surfline_trevone_20260217_0744
-553719.5256660517,6541245.644295916,-102.28844160000048,0.5889724310776943,2026-02-17 07:44:00+00:00,surfline_trevone_20260217_0744
-553719.5256660517,6541245.644295916,-102.28844160000048,0.5914786967418546,2026-02-17 07:44:00+00:00,surfline_trevone_20260217_0744
-553719.5256660517,6541245.644295916,-102.28844160000048,0.593984962406015,2026-02-17 07:44:00+00:00,surfline_trevone_20260217_0744
-553719.5256660517,6541245.644295916,-102.28844160000048,0.5964912280701754,2026-02-17 07:44:00+00:00,surfline_trevone_20260217_0744
-553719.5256660517,6541245.644295916,-102.28844160000048,0.5989974937343359,2026-02-17 07:44:00+00:00,surfline_trevone_20260217_0744
-553719.5256660517,6541245.644295916,-102.28844160000048,0.6015037593984962,2026-02-17 07:44:00+00:00,surfline_trevone_20260217_0744
-553719.5256660517,6541245.644295916,-102.28844160000048,0.6040100250626566,2026-02-17 07:44:00+00:00,surfline_trevone_20260217_0744
-553719.5256660517,6541245.644295916,-102.28844160000048,0.606516290726817,2026-02-17 07:44:00+00:00,surfline_trevone_20260217_0744
-553719.5256660517,6541245.644295916,-102.28844160000048,0.6090225563909775,2026-02-17 07:44:00+00:00,surfline_trevone_20260217_0744
-553719.5256660517,6541245.644295916,-102.28844160000048,0.6115288220551378,2026-02-17 07:44:00+00:00,surfline_trevone_20260217_0744
-553719.5256660517,6541245.644295916,-102.28844160000048,0.6140350877192982,2026-02-17 07:44:00+00:00,surfline_trevone_20260217_0744
-553719.5256660517,6541245.644295916,-102.28844160000048,0.6165413533834586,2026-02-17 07:44:00+00:00,surfline_trevone_20260217_0744
-553719.5256660517,6541245.644295916,-102.28844160000048,0.6190476190476191,2026-02-17 07:44:00+00:00,surfline_trevone_20260217_0744
-553719.5256660517,6541245.644295916,-102.28844160000048,0.6215538847117794,2026-02-17 07:44:00+00:00,surfline_trevone_20260217_0744
-553719.5256660517,6541245.644295916,-102.28844160000048,0.6240601503759398,2026-02-17 07:44:00+00:00,surfline_trevone_20260217_0744
-553719.5256660517,6541245.644295916,-102.28844160000048,0.6265664160401002,2026-02-17 07:44:00+00:00,surfline_trevone_20260217_0744
-553719.5256660517,6541245.644295916,-102.28844160000048,0.6290726817042607,2026-02-17 07:44:00+00:00,surfline_trevone_20260217_0744
-553719.5256660517,6541245.644295916,-102.28844160000048,0.631578947368421,2026-02-17 07:44:00+00:00,surfline_trevone_20260217_0744
-553719.5256660517,6541245.644295916,-102.28844160000048,0.6340852130325814,2026-02-17 07:44:00+00:00,surfline_trevone_20260217_0744
-553719.5256660517,6541245.644295916,-102.28844160000048,0.6365914786967418,2026-02-17 07:44:00+00:00,surfline_trevone_20260217_0744
-553719.5256660517,6541245.644295916,-102.28844160000048,0.6390977443609023,2026-02-17 07:44:00+00:00,surfline_trevone_20260217_0744
-553719.5256660517,6541245.644295916,-102.28844160000048,0.6416040100250626,2026-02-17 07:44:00+00:00,surfline_trevone_20260217_0744
-553719.5256660517,6541245.644295916,-102.28844160000048,0.644110275689223,2026-02-17 07:44:00+00:00,surfline_trevone_20260217_0744
-553719.5256660517,6541245.644295916,-102.28844160000048,0.6466165413533834,2026-02-17 07:44:00+00:00,surfline_trevone_20260217_0744
-553719.5256660517,6541245.644295916,-102.28844160000048,0.6491228070175439,2026-02-17 07:44:00+00:00,surfline_trevone_20260217_0744
-553719.5256660517,6541245.644295916,-102.28844160000048,0.6516290726817042,2026-02-17 07:44:00+00:00,surfline_trevone_20260217_0744
-553719.5256660517,6541245.644295916,-102.28844160000048,0.6541353383458646,2026-02-17 07:44:00+00:00,surfline_trevone_20260217_0744
-553719.5256660517,6541245.644295916,-102.28844160000048,0.656641604010025,2026-02-17 07:44:00+00:00,surfline_trevone_20260217_0744
-553719.5256660517,6541245.644295916,-102.28844160000048,0.6591478696741855,2026-02-17 07:44:00+00:00,surfline_trevone_20260217_0744
-553719.5256660517,6541245.644295916,-102.28844160000048,0.6616541353383458,2026-02-17 07:44:00+00:00,surfline_trevone_20260217_0744
-553719.5256660517,6541245.644295916,-102.28844160000048,0.6641604010025062,2026-02-17 07:44:00+00:00,surfline_trevone_20260217_0744
-553719.5256660517,6541245.644295916,-102.28844160000048,0.6666666666666666,2026-02-17 07:44:00+00:00,surfline_trevone_20260217_0744
-553719.5256660517,6541245.644295916,-102.28844160000048,0.6691729323308271,2026-02-17 07:44:00+00:00,surfline_trevone_20260217_0744
-553719.5256660517,6541245.644295916,-102.28844160000048,0.6716791979949874,2026-02-17 07:44:00+00:00,surfline_trevone_20260217_0744
-553719.5256660517,6541245.644295916,-102.28844160000048,0.6741854636591478,2026-02-17 07:44:00+00:00,surfline_trevone_20260217_0744
-553719.5256660517,6541245.644295916,-102.28844160000048,0.6766917293233082,2026-02-17 07:44:00+00:00,surfline_trevone_20260217_0744
-553719.5256660517,6541245.644295916,-102.28844160000048,0.6791979949874687,2026-02-17 07:44:00+00:00,surfline_trevone_20260217_0744
-553719.5256660517,6541245.644295916,-102.28844160000048,0.681704260651629,2026-02-17 07:44:00+00:00,surfline_trevone_20260217_0744
-553719.5256660517,6541245.644295916,-102.28844160000048,0.6842105263157894,2026-02-17 07:44:00+00:00,surfline_trevone_20260217_0744
-553719.5256660517,6541245.644295916,-102.28844160000048,0.6867167919799498,2026-02-17 07:44:00+00:00,surfline_trevone_20260217_0744
-553719.5256660517,6541245.644295916,-102.28844160000048,0.6892230576441103,2026-02-17 07:44:00+00:00,surfline_trevone_20260217_0744
-553719.5256660517,6541245.644295916,-102.28844160000048,0.6917293233082706,2026-02-17 07:44:00+00:00,surfline_trevone_20260217_0744
-553719.5256660517,6541245.644295916,-102.28844160000048,0.694235588972431,2026-02-17 07:44:00+00:00,surfline_trevone_20260217_0744
-553719.5256660517,6541245.644295916,-102.28844160000048,0.6967418546365914,2026-02-17 07:44:00+00:00,surfline_trevone_20260217_0744
-553719.5256660517,6541245.644295916,-102.28844160000048,0.6992481203007519,2026-02-17 07:44:00+00:00,surfline_trevone_20260217_0744
-553719.5256660517,6541245.644295916,-102.28844160000048,0.7017543859649122,2026-02-17 07:44:00+00:00,surfline_trevone_20260217_0744
-553719.5256660517,6541245.644295916,-102.28844160000048,0.7042606516290726,2026-02-17 07:44:00+00:00,surfline_trevone_20260217_0744
-553719.5256660517,6541245.644295916,-102.28844160000048,0.706766917293233,2026-02-17 07:44:00+00:00,surfline_trevone_20260217_0744
-553719.5256660517,6541245.644295916,-102.28844160000048,0.7092731829573935,2026-02-17 07:44:00+00:00,surfline_trevone_20260217_0744
-553719.5256660517,6541245.644295916,-102.28844160000048,0.7117794486215538,2026-02-17 07:44:00+00:00,surfline_trevone_20260217_0744
-553719.5256660517,6541245.644295916,-102.28844160000048,0.7142857142857142,2026-02-17 07:44:00+00:00,surfline_trevone_20260217_0744
-553719.5256660517,6541245.644295916,-102.28844160000048,0.7167919799498746,2026-02-17 07:44:00+00:00,surfline_trevone_20260217_0744
-553719.5256660517,6541245.644295916,-102.28844160000048,0.7192982456140351,2026-02-17 07:44:00+00:00,surfline_trevone_20260217_0744
-553719.5256660517,6541245.644295916,-102.28844160000048,0.7218045112781954,2026-02-17 07:44:00+00:00,surfline_trevone_20260217_0744
-553719.5256660517,6541245.644295916,-102.28844160000048,0.7243107769423558,2026-02-17 07:44:00+00:00,surfline_trevone_20260217_0744
-553719.5256660517,6541245.644295916,-102.28844160000048,0.7268170426065163,2026-02-17 07:44:00+00:00,surfline_trevone_20260217_0744
-553719.5256660517,6541245.644295916,-102.28844160000048,0.7293233082706767,2026-02-17 07:44:00+00:00,surfline_trevone_20260217_0744
-553719.5256660517,6541245.644295916,-102.28844160000048,0.731829573934837,2026-02-17 07:44:00+00:00,surfline_trevone_20260217_0744
-553719.5256660517,6541245.644295916,-102.28844160000048,0.7343358395989974,2026-02-17 07:44:00+00:00,surfline_trevone_20260217_0744
-553719.5256660517,6541245.644295916,-102.28844160000048,0.7368421052631579,2026-02-17 07:44:00+00:00,surfline_trevone_20260217_0744
-553719.5256660517,6541245.644295916,-102.28844160000048,0.7393483709273183,2026-02-17 07:44:00+00:00,surfline_trevone_20260217_0744
-553719.5256660517,6541245.644295916,-102.28844160000048,0.7418546365914787,2026-02-17 07:44:00+00:00,surfline_trevone_20260217_0744
-553719.5256660517,6541245.644295916,-102.28844160000048,0.744360902255639,2026-02-17 07:44:00+00:00,surfline_trevone_20260217_0744
-553719.5256660517,6541245.644295916,-102.28844160000048,0.7468671679197995,2026-02-17 07:44:00+00:00,surfline_trevone_20260217_0744
-553719.5256660517,6541245.644295916,-102.28844160000048,0.7493734335839599,2026-02-17 07:44:00+00:00,surfline_trevone_20260217_0744
-553719.5256660517,6541245.644295916,-102.28844160000048,0.7518796992481203,2026-02-17 07:44:00+00:00,surfline_trevone_20260217_0744
-553719.5256660517,6541245.644295916,-102.28844160000048,0.7543859649122806,2026-02-17 07:44:00+00:00,surfline_trevone_20260217_0744
-553719.5256660517,6541245.644295916,-102.28844160000048,0.7568922305764411,2026-02-17 07:44:00+00:00,surfline_trevone_20260217_0744
-553719.5256660517,6541245.644295916,-102.28844160000048,0.7593984962406015,2026-02-17 07:44:00+00:00,surfline_trevone_20260217_0744
-553719.5256660517,6541245.644295916,-102.28844160000048,0.7619047619047619,2026-02-17 07:44:00+00:00,surfline_trevone_20260217_0744
-553719.5256660517,6541245.644295916,-102.28844160000048,0.7644110275689222,2026-02-17 07:44:00+00:00,surfline_trevone_20260217_0744
-553719.5256660517,6541245.644295916,-102.28844160000048,0.7669172932330827,2026-02-17 07:44:00+00:00,surfline_trevone_20260217_0744
-553719.5256660517,6541245.644295916,-102.28844160000048,0.7694235588972431,2026-02-17 07:44:00+00:00,surfline_trevone_20260217_0744
-553719.5256660517,6541245.644295916,-102.28844160000048,0.7719298245614035,2026-02-17 07:44:00+00:00,surfline_trevone_20260217_0744
-553719.5256660517,6541245.644295916,-102.28844160000048,0.7744360902255638,2026-02-17 07:44:00+00:00,surfline_trevone_20260217_0744
-553719.5256660517,6541245.644295916,-102.28844160000048,0.7769423558897243,2026-02-17 07:44:00+00:00,surfline_trevone_20260217_0744
-553719.5256660517,6541245.644295916,-102.28844160000048,0.7794486215538847,2026-02-17 07:44:00+00:00,surfline_trevone_20260217_0744
-553719.5256660517,6541245.644295916,-102.28844160000048,0.7819548872180451,2026-02-17 07:44:00+00:00,surfline_trevone_20260217_0744
-553719.5256660517,6541245.644295916,-102.28844160000048,0.7844611528822054,2026-02-17 07:44:00+00:00,surfline_trevone_20260217_0744
-553719.5256660517,6541245.644295916,-102.28844160000048,0.7869674185463659,2026-02-17 07:44:00+00:00,surfline_trevone_20260217_0744
-553719.5256660517,6541245.644295916,-102.28844160000048,0.7894736842105263,2026-02-17 07:44:00+00:00,surfline_trevone_20260217_0744
-553719.5256660517,6541245.644295916,-102.28844160000048,0.7919799498746867,2026-02-17 07:44:00+00:00,surfline_trevone_20260217_0744
-553719.5256660517,6541245.644295916,-102.28844160000048,0.794486215538847,2026-02-17 07:44:00+00:00,surfline_trevone_20260217_0744
-553719.5256660517,6541245.644295916,-102.28844160000048,0.7969924812030075,2026-02-17 07:44:00+00:00,surfline_trevone_20260217_0744
-553719.5256660517,6541245.644295916,-102.28844160000048,0.7994987468671679,2026-02-17 07:44:00+00:00,surfline_trevone_20260217_0744
-553719.5256660517,6541245.644295916,-102.28844160000048,0.8020050125313283,2026-02-17 07:44:00+00:00,surfline_trevone_20260217_0744
-553719.5256660517,6541245.644295916,-102.28844160000048,0.8045112781954886,2026-02-17 07:44:00+00:00,surfline_trevone_20260217_0744
-553719.5256660517,6541245.644295916,-102.28844160000048,0.8070175438596491,2026-02-17 07:44:00+00:00,surfline_trevone_20260217_0744
-553719.5256660517,6541245.644295916,-102.28844160000048,0.8095238095238095,2026-02-17 07:44:00+00:00,surfline_trevone_20260217_0744
-553719.5256660517,6541245.644295916,-102.28844160000048,0.8120300751879699,2026-02-17 07:44:00+00:00,surfline_trevone_20260217_0744
-553719.5256660517,6541245.644295916,-102.28844160000048,0.8145363408521302,2026-02-17 07:44:00+00:00,surfline_trevone_20260217_0744
-553719.5256660517,6541245.644295916,-102.28844160000048,0.8170426065162907,2026-02-17 07:44:00+00:00,surfline_trevone_20260217_0744
-553719.5256660517,6541245.644295916,-102.28844160000048,0.8195488721804511,2026-02-17 07:44:00+00:00,surfline_trevone_20260217_0744
-553719.5256660517,6541245.644295916,-102.28844160000048,0.8220551378446115,2026-02-17 07:44:00+00:00,surfline_trevone_20260217_0744
-553719.5256660517,6541245.644295916,-102.28844160000048,0.8245614035087718,2026-02-17 07:44:00+00:00,surfline_trevone_20260217_0744
-553719.5256660517,6541245.644295916,-102.28844160000048,0.8270676691729323,2026-02-17 07:44:00+00:00,surfline_trevone_20260217_0744
-553719.5256660517,6541245.644295916,-102.28844160000048,0.8295739348370927,2026-02-17 07:44:00+00:00,surfline_trevone_20260217_0744
-553719.5256660517,6541245.644295916,-102.28844160000048,0.8320802005012531,2026-02-17 07:44:00+00:00,surfline_trevone_20260217_0744
-553719.5256660517,6541245.644295916,-102.28844160000048,0.8345864661654134,2026-02-17 07:44:00+00:00,surfline_trevone_20260217_0744
-553719.5256660517,6541245.644295916,-102.28844160000048,0.8370927318295739,2026-02-17 07:44:00+00:00,surfline_trevone_20260217_0744
-553719.5256660517,6541245.644295916,-102.28844160000048,0.8395989974937343,2026-02-17 07:44:00+00:00,surfline_trevone_20260217_0744
-553719.5256660517,6541245.644295916,-102.28844160000048,0.8421052631578947,2026-02-17 07:44:00+00:00,surfline_trevone_20260217_0744
-553719.5256660517,6541245.644295916,-102.28844160000048,0.844611528822055,2026-02-17 07:44:00+00:00,surfline_trevone_20260217_0744
-553719.5256660517,6541245.644295916,-102.28844160000048,0.8471177944862155,2026-02-17 07:44:00+00:00,surfline_trevone_20260217_0744
-553719.5256660517,6541245.644295916,-102.28844160000048,0.849624060150376,2026-02-17 07:44:00+00:00,surfline_trevone_20260217_0744
-553719.5256660517,6541245.644295916,-102.28844160000048,0.8521303258145363,2026-02-17 07:44:00+00:00,surfline_trevone_20260217_0744
-553719.5256660517,6541245.644295916,-102.28844160000048,0.8546365914786966,2026-02-17 07:44:00+00:00,surfline_trevone_20260217_0744
-553719.5256660517,6541245.644295916,-102.28844160000048,0.8571428571428571,2026-02-17 07:44:00+00:00,surfline_trevone_20260217_0744
-553719.5256660517,6541245.644295916,-102.28844160000048,0.8596491228070176,2026-02-17 07:44:00+00:00,surfline_trevone_20260217_0744
-553719.5256660517,6541245.644295916,-102.28844160000048,0.8621553884711779,2026-02-17 07:44:00+00:00,surfline_trevone_20260217_0744
-553719.5256660517,6541245.644295916,-102.28844160000048,0.8646616541353382,2026-02-17 07:44:00+00:00,surfline_trevone_20260217_0744
-553719.5256660517,6541245.644295916,-102.28844160000048,0.8671679197994987,2026-02-17 07:44:00+00:00,surfline_trevone_20260217_0744
-553719.5256660517,6541245.644295916,-102.28844160000048,0.8696741854636592,2026-02-17 07:44:00+00:00,surfline_trevone_20260217_0744
-553719.5256660517,6541245.644295916,-102.28844160000048,0.8721804511278195,2026-02-17 07:44:00+00:00,surfline_trevone_20260217_0744
-553719.5256660517,6541245.644295916,-102.28844160000048,0.8746867167919798,2026-02-17 07:44:00+00:00,surfline_trevone_20260217_0744
-553719.5256660517,6541245.644295916,-102.28844160000048,0.8771929824561403,2026-02-17 07:44:00+00:00,surfline_trevone_20260217_0744
-553719.5256660517,6541245.644295916,-102.28844160000048,0.8796992481203008,2026-02-17 07:44:00+00:00,surfline_trevone_20260217_0744
-553719.5256660517,6541245.644295916,-102.28844160000048,0.8822055137844611,2026-02-17 07:44:00+00:00,surfline_trevone_20260217_0744
-553719.5256660517,6541245.644295916,-102.28844160000048,0.8847117794486214,2026-02-17 07:44:00+00:00,surfline_trevone_20260217_0744
-553719.5256660517,6541245.644295916,-102.28844160000048,0.8872180451127819,2026-02-17 07:44:00+00:00,surfline_trevone_20260217_0744
-553719.5256660517,6541245.644295916,-102.28844160000048,0.8897243107769424,2026-02-17 07:44:00+00:00,surfline_trevone_20260217_0744
-553719.5256660517,6541245.644295916,-102.28844160000048,0.8922305764411027,2026-02-17 07:44:00+00:00,surfline_trevone_20260217_0744
-553719.5256660517,6541245.644295916,-102.28844160000048,0.894736842105263,2026-02-17 07:44:00+00:00,surfline_trevone_20260217_0744
-553719.5256660517,6541245.644295916,-102.28844160000048,0.8972431077694235,2026-02-17 07:44:00+00:00,surfline_trevone_20260217_0744
-553719.5256660517,6541245.644295916,-102.28844160000048,0.899749373433584,2026-02-17 07:44:00+00:00,surfline_trevone_20260217_0744
-553719.5256660517,6541245.644295916,-102.28844160000048,0.9022556390977443,2026-02-17 07:44:00+00:00,surfline_trevone_20260217_0744
-553719.5256660517,6541245.644295916,-102.28844160000048,0.9047619047619047,2026-02-17 07:44:00+00:00,surfline_trevone_20260217_0744
-553719.5256660517,6541245.644295916,-102.28844160000048,0.9072681704260651,2026-02-17 07:44:00+00:00,surfline_trevone_20260217_0744
-553719.5256660517,6541245.644295916,-102.28844160000048,0.9097744360902256,2026-02-17 07:44:00+00:00,surfline_trevone_20260217_0744
-553719.5256660517,6541245.644295916,-102.28844160000048,0.9122807017543859,2026-02-17 07:44:00+00:00,surfline_trevone_20260217_0744
-553719.5256660517,6541245.644295916,-102.28844160000048,0.9147869674185463,2026-02-17 07:44:00+00:00,surfline_trevone_20260217_0744
-553719.5256660517,6541245.644295916,-102.28844160000048,0.9172932330827067,2026-02-17 07:44:00+00:00,surfline_trevone_20260217_0744
-553719.5256660517,6541245.644295916,-102.28844160000048,0.9197994987468672,2026-02-17 07:44:00+00:00,surfline_trevone_20260217_0744
-553719.5256660517,6541245.644295916,-102.28844160000048,0.9223057644110275,2026-02-17 07:44:00+00:00,surfline_trevone_20260217_0744
-553719.5256660517,6541245.644295916,-102.28844160000048,0.9248120300751879,2026-02-17 07:44:00+00:00,surfline_trevone_20260217_0744
-553719.5256660517,6541245.644295916,-102.28844160000048,0.9273182957393483,2026-02-17 07:44:00+00:00,surfline_trevone_20260217_0744
-553719.5256660517,6541245.644295916,-102.28844160000048,0.9298245614035088,2026-02-17 07:44:00+00:00,surfline_trevone_20260217_0744
-553719.5256660517,6541245.644295916,-102.28844160000048,0.9323308270676691,2026-02-17 07:44:00+00:00,surfline_trevone_20260217_0744
-553719.5256660517,6541245.644295916,-102.28844160000048,0.9348370927318295,2026-02-17 07:44:00+00:00,surfline_trevone_20260217_0744
-553719.5256660517,6541245.644295916,-102.28844160000048,0.9373433583959899,2026-02-17 07:44:00+00:00,surfline_trevone_20260217_0744
-553719.5256660517,6541245.644295916,-102.28844160000048,0.9398496240601504,2026-02-17 07:44:00+00:00,surfline_trevone_20260217_0744
-553719.5256660517,6541245.644295916,-102.28844160000048,0.9423558897243107,2026-02-17 07:44:00+00:00,surfline_trevone_20260217_0744
-553719.5256660517,6541245.644295916,-102.28844160000048,0.9448621553884711,2026-02-17 07:44:00+00:00,surfline_trevone_20260217_0744
-553719.5256660517,6541245.644295916,-102.28844160000048,0.9473684210526315,2026-02-17 07:44:00+00:00,surfline_trevone_20260217_0744
-553719.5256660517,6541245.644295916,-102.28844160000048,0.949874686716792,2026-02-17 07:44:00+00:00,surfline_trevone_20260217_0744
-553719.5256660517,6541245.644295916,-102.28844160000048,0.9523809523809523,2026-02-17 07:44:00+00:00,surfline_trevone_20260217_0744
-553719.5256660517,6541245.644295916,-102.28844160000048,0.9548872180451127,2026-02-17 07:44:00+00:00,surfline_trevone_20260217_0744
-553719.5256660517,6541245.644295916,-102.28844160000048,0.9573934837092731,2026-02-17 07:44:00+00:00,surfline_trevone_20260217_0744
-553719.5256660517,6541245.644295916,-102.28844160000048,0.9598997493734336,2026-02-17 07:44:00+00:00,surfline_trevone_20260217_0744
-553719.5256660517,6541245.644295916,-102.28844160000048,0.9624060150375939,2026-02-17 07:44:00+00:00,surfline_trevone_20260217_0744
-553719.5256660517,6541245.644295916,-102.28844160000048,0.9649122807017543,2026-02-17 07:44:00+00:00,surfline_trevone_20260217_0744
-553719.5256660517,6541245.644295916,-102.28844160000048,0.9674185463659147,2026-02-17 07:44:00+00:00,surfline_trevone_20260217_0744
-553719.5256660517,6541245.644295916,-102.28844160000048,0.9699248120300752,2026-02-17 07:44:00+00:00,surfline_trevone_20260217_0744
-553719.5256660517,6541245.644295916,-102.28844160000048,0.9724310776942355,2026-02-17 07:44:00+00:00,surfline_trevone_20260217_0744
-553719.5256660517,6541245.644295916,-102.28844160000048,0.9749373433583959,2026-02-17 07:44:00+00:00,surfline_trevone_20260217_0744
-553719.5256660517,6541245.644295916,-102.28844160000048,0.9774436090225563,2026-02-17 07:44:00+00:00,surfline_trevone_20260217_0744
-553719.5256660517,6541245.644295916,-102.28844160000048,0.9799498746867168,2026-02-17 07:44:00+00:00,surfline_trevone_20260217_0744
-553719.5256660517,6541245.644295916,-102.28844160000048,0.9824561403508771,2026-02-17 07:44:00+00:00,surfline_trevone_20260217_0744
-553719.5256660517,6541245.644295916,-102.28844160000048,0.9849624060150375,2026-02-17 07:44:00+00:00,surfline_trevone_20260217_0744
-553719.5256660517,6541245.644295916,-102.28844160000048,0.9874686716791979,2026-02-17 07:44:00+00:00,surfline_trevone_20260217_0744
-553719.5256660517,6541245.644295916,-102.28844160000048,0.9899749373433584,2026-02-17 07:44:00+00:00,surfline_trevone_20260217_0744
-553719.5256660517,6541245.644295916,-102.28844160000048,0.9924812030075187,2026-02-17 07:44:00+00:00,surfline_trevone_20260217_0744
-553719.5256660517,6541245.644295916,-102.28844160000048,0.9949874686716791,2026-02-17 07:44:00+00:00,surfline_trevone_20260217_0744
-553719.5256660517,6541245.644295916,-102.28844160000048,0.9974937343358395,2026-02-17 07:44:00+00:00,surfline_trevone_20260217_0744
-553719.5256660517,6541245.644295916,-102.28844160000048,1.0,2026-02-17 07:44:00+00:00,surfline_trevone_20260217_0744
-553657.9154901936,6541295.560943974,-102.39451200000047,0.0,2026-02-17 08:13:00+00:00,surfline_trevone_20260217_0813
-553657.9484842243,6541295.17806277,-102.39451200000047,0.002506265664160401,2026-02-17 08:13:00+00:00,surfline_trevone_20260217_0813
-553657.9774808665,6541294.794014371,-102.39451200000047,0.005012531328320802,2026-02-17 08:13:00+00:00,surfline_trevone_20260217_0813
-553658.0426984099,6541294.420541291,-102.39451200000047,0.007518796992481203,2026-02-17 08:13:00+00:00,surfline_trevone_20260217_0813
-553658.1333215449,6541294.05448603,-102.39451200000047,0.010025062656641603,2026-02-17 08:13:00+00:00,surfline_trevone_20260217_0813
-553658.1503023464,6541293.666929485,-102.39451200000047,0.012531328320802004,2026-02-17 08:13:00+00:00,surfline_trevone_20260217_0813
-553658.0856410576,6541293.255535705,-102.39451200000047,0.015037593984962405,2026-02-17 08:13:00+00:00,surfline_trevone_20260217_0813
-553657.8819028786,6541292.803535406,-102.39451200000047,0.017543859649122806,2026-02-17 08:13:00+00:00,surfline_trevone_20260217_0813
-553657.8244397301,6541292.394243273,-102.39451200000047,0.020050125313283207,2026-02-17 08:13:00+00:00,surfline_trevone_20260217_0813
-553657.6284910111,6541291.944517525,-102.39451200000047,0.022556390977443608,2026-02-17 08:13:00+00:00,surfline_trevone_20260217_0813
-553657.2357072306,6541291.437321556,-102.39451200000047,0.02506265664160401,2026-02-17 08:13:00+00:00,surfline_trevone_20260217_0813
-553657.0509419856,6541290.990860798,-102.39451200000047,0.02756892230576441,2026-02-17 08:13:00+00:00,surfline_trevone_20260217_0813
-553656.9110585845,6541290.557504358,-102.39451200000047,0.03007518796992481,2026-02-17 08:13:00+00:00,surfline_trevone_20260217_0813
-553656.9245975405,6541290.168942896,-102.39451200000047,0.03258145363408521,2026-02-17 08:13:00+00:00,surfline_trevone_20260217_0813
-553656.9381365612,6541289.780381323,-102.39451200000047,0.03508771929824561,2026-02-17 08:13:00+00:00,surfline_trevone_20260217_0813
-553656.9612093159,6541289.394603194,-102.39451200000047,0.03759398496240601,2026-02-17 08:13:00+00:00,surfline_trevone_20260217_0813
-553656.9927912605,6541289.011309628,-102.39451200000047,0.040100250626566414,2026-02-17 08:13:00+00:00,surfline_trevone_20260217_0813
-553657.0214625841,6541288.627166376,-102.39451200000047,0.042606516290726815,2026-02-17 08:13:00+00:00,surfline_trevone_20260217_0813
-553657.0056565747,6541288.230036912,-102.39451200000047,0.045112781954887216,2026-02-17 08:13:00+00:00,surfline_trevone_20260217_0813
-553656.9895289582,6541287.8328134185,-102.39451200000047,0.047619047619047616,2026-02-17 08:13:00+00:00,surfline_trevone_20260217_0813
-553657.0044759182,6541287.444662923,-102.39451200000047,0.05012531328320802,2026-02-17 08:13:00+00:00,surfline_trevone_20260217_0813
-553657.0389166073,6541287.062204157,-102.39451200000047,0.05263157894736842,2026-02-17 08:13:00+00:00,surfline_trevone_20260217_0813
-553657.0744804725,6541286.680073196,-102.39451200000047,0.05513784461152882,2026-02-17 08:13:00+00:00,surfline_trevone_20260217_0813
-553657.1356796733,6541286.305426876,-102.39451200000047,0.05764411027568922,2026-02-17 08:13:00+00:00,surfline_trevone_20260217_0813
-553657.1967563567,6541285.930745043,-102.39451200000047,0.06015037593984962,2026-02-17 08:13:00+00:00,surfline_trevone_20260217_0813
-553657.2593030912,6541285.556492291,-102.39451200000047,0.06265664160401002,2026-02-17 08:13:00+00:00,surfline_trevone_20260217_0813
-553657.3300637132,6541285.184637628,-102.39451200000047,0.06516290726817042,2026-02-17 08:13:00+00:00,surfline_trevone_20260217_0813
-553657.4008242692,6541284.812783129,-102.39451200000047,0.06766917293233082,2026-02-17 08:13:00+00:00,surfline_trevone_20260217_0813
-553657.4756344059,6541284.442111008,-102.39451200000047,0.07017543859649122,2026-02-17 08:13:00+00:00,surfline_trevone_20260217_0813
-553657.5521635083,6541284.0719407,-102.39451200000047,0.07268170426065163,2026-02-17 08:13:00+00:00,surfline_trevone_20260217_0813
-553657.6286515653,6541283.701758279,-102.39451200000047,0.07518796992481203,2026-02-17 08:13:00+00:00,surfline_trevone_20260217_0813
-553657.7277479274,6541283.338176954,-102.39451200000047,0.07769423558897243,2026-02-17 08:13:00+00:00,surfline_trevone_20260217_0813
-553657.8268442524,6541282.974595746,-102.39451200000047,0.08020050125313283,2026-02-17 08:13:00+00:00,surfline_trevone_20260217_0813
-553657.9254470795,6541282.610870321,-102.39451200000047,0.08270676691729323,2026-02-17 08:13:00+00:00,surfline_trevone_20260217_0813
-553658.0235069565,6541282.246986243,-102.39451200000047,0.08521303258145363,2026-02-17 08:13:00+00:00,surfline_trevone_20260217_0813
-553658.1215667966,6541281.883102282,-102.39451200000047,0.08771929824561403,2026-02-17 08:13:00+00:00,surfline_trevone_20260217_0813
-553658.2349299747,6541281.523686579,-102.39451200000047,0.09022556390977443,2026-02-17 08:13:00+00:00,surfline_trevone_20260217_0813
-553658.3551221678,6541281.16626462,-102.39451200000047,0.09273182957393483,2026-02-17 08:13:00+00:00,surfline_trevone_20260217_0813
-553658.475140916,6541280.80879189,-102.39451200000047,0.09523809523809523,2026-02-17 08:13:00+00:00,surfline_trevone_20260217_0813
-553658.5933357769,6541280.450786768,-102.39451200000047,0.09774436090225563,2026-02-17 08:13:00+00:00,surfline_trevone_20260217_0813
-553658.7115306071,6541280.092781766,-102.39451200000047,0.10025062656641603,2026-02-17 08:13:00+00:00,surfline_trevone_20260217_0813
-553658.8315779262,6541279.735317508,-102.39451200000047,0.10275689223057644,2026-02-17 08:13:00+00:00,surfline_trevone_20260217_0813
-553658.9585939923,6541279.37988779,-102.39451200000047,0.10526315789473684,2026-02-17 08:13:00+00:00,surfline_trevone_20260217_0813
-553659.0856100309,6541279.024458195,-102.39451200000047,0.10776942355889724,2026-02-17 08:13:00+00:00,surfline_trevone_20260217_0813
-553659.2386632141,6541278.676630815,-102.39451200000047,0.11027568922305764,2026-02-17 08:13:00+00:00,surfline_trevone_20260217_0813
-553659.3990065205,6541278.330931808,-102.39451200000047,0.11278195488721804,2026-02-17 08:13:00+00:00,surfline_trevone_20260217_0813
-553659.5594865462,6541277.98527259,-102.39451200000047,0.11528822055137844,2026-02-17 08:13:00+00:00,surfline_trevone_20260217_0813
-553659.7217944879,6541277.640147329,-102.39451200000047,0.11779448621553884,2026-02-17 08:13:00+00:00,surfline_trevone_20260217_0813
-553659.889897412,6541277.2967139045,-102.39451200000047,0.12030075187969924,2026-02-17 08:13:00+00:00,surfline_trevone_20260217_0813
-553660.0605056022,6541276.954011816,-102.39451200000047,0.12280701754385964,2026-02-17 08:13:00+00:00,surfline_trevone_20260217_0813
-553660.2218687125,6541276.608610562,-102.39451200000047,0.12531328320802004,2026-02-17 08:13:00+00:00,surfline_trevone_20260217_0813
-553660.3806310041,6541276.262450075,-102.39451200000047,0.12781954887218044,2026-02-17 08:13:00+00:00,surfline_trevone_20260217_0813
-553660.5704536582,6541275.925358176,-102.39451200000047,0.13032581453634084,2026-02-17 08:13:00+00:00,surfline_trevone_20260217_0813
-553660.7779768817,6541275.5934342,-102.39451200000047,0.13283208020050125,2026-02-17 08:13:00+00:00,surfline_trevone_20260217_0813
-553660.9797646094,6541275.2598358095,-102.39451200000047,0.13533834586466165,2026-02-17 08:13:00+00:00,surfline_trevone_20260217_0813
-553661.1851072223,6541274.9272753615,-102.39451200000047,0.13784461152882205,2026-02-17 08:13:00+00:00,surfline_trevone_20260217_0813
-553661.385463042,6541274.59325884,-102.39451200000047,0.14035087719298245,2026-02-17 08:13:00+00:00,surfline_trevone_20260217_0813
-553661.5663129855,6541274.2535470445,-102.39451200000047,0.14285714285714285,2026-02-17 08:13:00+00:00,surfline_trevone_20260217_0813
-553661.7448656847,6541273.913164649,-102.39451200000047,0.14536340852130325,2026-02-17 08:13:00+00:00,surfline_trevone_20260217_0813
-553661.9250437529,6541273.573256943,-102.39451200000047,0.14786967418546365,2026-02-17 08:13:00+00:00,surfline_trevone_20260217_0813
-553662.1167988769,6541273.23672927,-102.39451200000047,0.15037593984962405,2026-02-17 08:13:00+00:00,surfline_trevone_20260217_0813
-553662.313951004,6541272.901777236,-102.39451200000047,0.15288220551378445,2026-02-17 08:13:00+00:00,surfline_trevone_20260217_0813
-553662.5164476869,6541272.568385785,-102.39451200000047,0.15538847117794485,2026-02-17 08:13:00+00:00,surfline_trevone_20260217_0813
-553662.7265456611,6541272.237213818,-102.39451200000047,0.15789473684210525,2026-02-17 08:13:00+00:00,surfline_trevone_20260217_0813
-553662.9383759331,6541271.906547502,-102.39451200000047,0.16040100250626566,2026-02-17 08:13:00+00:00,surfline_trevone_20260217_0813
-553663.1355293795,6541271.571595853,-102.39451200000047,0.16290726817042606,2026-02-17 08:13:00+00:00,surfline_trevone_20260217_0813
-553663.314428257,6541271.231314532,-102.39451200000047,0.16541353383458646,2026-02-17 08:13:00+00:00,surfline_trevone_20260217_0813
-553663.488543798,6541270.889636745,-102.39451200000047,0.16791979949874686,2026-02-17 08:13:00+00:00,surfline_trevone_20260217_0813
-553663.681825797,6541270.553554874,-102.39451200000047,0.17042606516290726,2026-02-17 08:13:00+00:00,surfline_trevone_20260217_0813
-553663.8984535183,6541270.224289145,-102.39451200000047,0.17293233082706766,2026-02-17 08:13:00+00:00,surfline_trevone_20260217_0813
-553664.138736737,6541269.901930389,-102.39451200000047,0.17543859649122806,2026-02-17 08:13:00+00:00,surfline_trevone_20260217_0813
-553664.4090674899,6541269.588344505,-102.39451200000047,0.17794486215538846,2026-02-17 08:13:00+00:00,surfline_trevone_20260217_0813
-553664.6440870494,6541269.264448657,-102.39451200000047,0.18045112781954886,2026-02-17 08:13:00+00:00,surfline_trevone_20260217_0813
-553664.8543498034,6541268.933324671,-102.39451200000047,0.18295739348370926,2026-02-17 08:13:00+00:00,surfline_trevone_20260217_0813
-553665.0670931559,6541268.602925077,-102.39451200000047,0.18546365914786966,2026-02-17 08:13:00+00:00,surfline_trevone_20260217_0813
-553665.294513408,6541268.27681058,-102.39451200000047,0.18796992481203006,2026-02-17 08:13:00+00:00,surfline_trevone_20260217_0813
-553665.5279329942,6541267.952447587,-102.39451200000047,0.19047619047619047,2026-02-17 08:13:00+00:00,surfline_trevone_20260217_0813
-553665.8152395162,6541267.643818133,-102.39451200000047,0.19298245614035087,2026-02-17 08:13:00+00:00,surfline_trevone_20260217_0813
-553666.1067216669,6541267.336407969,-102.39451200000047,0.19548872180451127,2026-02-17 08:13:00+00:00,surfline_trevone_20260217_0813
-553666.368102936,6541267.020209151,-102.39451200000047,0.19799498746867167,2026-02-17 08:13:00+00:00,surfline_trevone_20260217_0813
-553666.6003582405,6541266.695506167,-102.39451200000047,0.20050125313283207,2026-02-17 08:13:00+00:00,surfline_trevone_20260217_0813
-553666.8394116862,6541266.372788223,-102.39451200000047,0.20300751879699247,2026-02-17 08:13:00+00:00,surfline_trevone_20260217_0813
-553667.10608448,6541266.058134452,-102.39451200000047,0.20551378446115287,2026-02-17 08:13:00+00:00,surfline_trevone_20260217_0813
-553667.3915839645,6541265.748977395,-102.39451200000047,0.20802005012531327,2026-02-17 08:13:00+00:00,surfline_trevone_20260217_0813
-553667.7022991241,6541265.447182452,-102.39451200000047,0.21052631578947367,2026-02-17 08:13:00+00:00,surfline_trevone_20260217_0813
-553668.0096292711,6541265.144399312,-102.39451200000047,0.21303258145363407,2026-02-17 08:13:00+00:00,surfline_trevone_20260217_0813
-553668.2685760489,6541264.827489769,-102.39451200000047,0.21553884711779447,2026-02-17 08:13:00+00:00,surfline_trevone_20260217_0813
-553668.5216890094,6541264.508876793,-102.39451200000047,0.21804511278195488,2026-02-17 08:13:00+00:00,surfline_trevone_20260217_0813
-553668.7937087178,6541264.1957839085,-102.39451200000047,0.22055137844611528,2026-02-17 08:13:00+00:00,surfline_trevone_20260217_0813
-553669.069174184,6541263.883697212,-102.39451200000047,0.22305764411027568,2026-02-17 08:13:00+00:00,surfline_trevone_20260217_0813
-553669.3966853594,6541263.586806471,-102.39451200000047,0.22556390977443608,2026-02-17 08:13:00+00:00,surfline_trevone_20260217_0813
-553669.7121819201,6541263.286407685,-102.39451200000047,0.22807017543859648,2026-02-17 08:13:00+00:00,surfline_trevone_20260217_0813
-553669.9527898491,6541262.964143478,-102.39451200000047,0.23057644110275688,2026-02-17 08:13:00+00:00,surfline_trevone_20260217_0813
-553670.1897501254,6541262.640814518,-102.39451200000047,0.23308270676691728,2026-02-17 08:13:00+00:00,surfline_trevone_20260217_0813
-553670.4492621243,6541262.324069873,-102.39451200000047,0.23558897243107768,2026-02-17 08:13:00+00:00,surfline_trevone_20260217_0813
-553670.7319453186,6541262.014090416,-102.39451200000047,0.23809523809523808,2026-02-17 08:13:00+00:00,surfline_trevone_20260217_0813
-553671.0306442812,6541261.708787222,-102.39451200000047,0.24060150375939848,2026-02-17 08:13:00+00:00,surfline_trevone_20260217_0813
-553671.3347441596,6541261.405061065,-102.39451200000047,0.24310776942355888,2026-02-17 08:13:00+00:00,surfline_trevone_20260217_0813
-553671.6378904536,6541261.101056362,-102.39451200000047,0.24561403508771928,2026-02-17 08:13:00+00:00,surfline_trevone_20260217_0813
-553671.8719577999,6541260.776882497,-102.39451200000047,0.24812030075187969,2026-02-17 08:13:00+00:00,surfline_trevone_20260217_0813
-553672.1151857796,6541260.455383395,-102.39451200000047,0.2506265664160401,2026-02-17 08:13:00+00:00,surfline_trevone_20260217_0813
-553672.3891251374,6541260.142851247,-102.39451200000047,0.2531328320802005,2026-02-17 08:13:00+00:00,surfline_trevone_20260217_0813
-553672.7160579059,6541259.845791499,-102.39451200000047,0.2556390977443609,2026-02-17 08:13:00+00:00,surfline_trevone_20260217_0813
-553673.0381442205,6541259.547316603,-102.39451200000047,0.2581453634085213,2026-02-17 08:13:00+00:00,surfline_trevone_20260217_0813
-553673.3230886002,6541259.237997472,-102.39451200000047,0.2606516290726817,2026-02-17 08:13:00+00:00,surfline_trevone_20260217_0813
-553673.604546213,6541258.9276604345,-102.39451200000047,0.2631578947368421,2026-02-17 08:13:00+00:00,surfline_trevone_20260217_0813
-553673.9291702238,6541258.629926651,-102.39451200000047,0.2656641604010025,2026-02-17 08:13:00+00:00,surfline_trevone_20260217_0813
-553674.2705653545,6541258.337089312,-102.39451200000047,0.2681704260651629,2026-02-17 08:13:00+00:00,surfline_trevone_20260217_0813
-553674.6257927219,6541258.048290763,-102.39451200000047,0.2706766917293233,2026-02-17 08:13:00+00:00,surfline_trevone_20260217_0813
-553674.9788844448,6541257.758868793,-102.39451200000047,0.2731829573934837,2026-02-17 08:13:00+00:00,surfline_trevone_20260217_0813
-553675.307454467,6541257.462287076,-102.39451200000047,0.2756892230576441,2026-02-17 08:13:00+00:00,surfline_trevone_20260217_0813
-553675.6211473106,6541257.161361532,-102.39451200000047,0.2781954887218045,2026-02-17 08:13:00+00:00,surfline_trevone_20260217_0813
-553675.9681827836,6541256.870171188,-102.39451200000047,0.2807017543859649,2026-02-17 08:13:00+00:00,surfline_trevone_20260217_0813
-553676.3832946206,6541256.598857282,-102.39451200000047,0.2832080200501253,2026-02-17 08:13:00+00:00,surfline_trevone_20260217_0813
-553676.7928134124,6541256.325910242,-102.39451200000047,0.2857142857142857,2026-02-17 08:13:00+00:00,surfline_trevone_20260217_0813
-553677.1298827827,6541256.031809962,-102.39451200000047,0.2882205513784461,2026-02-17 08:13:00+00:00,surfline_trevone_20260217_0813
-553677.4298517252,6541255.7268775655,-102.39451200000047,0.2907268170426065,2026-02-17 08:13:00+00:00,surfline_trevone_20260217_0813
-553677.7389042298,6541255.424597429,-102.39451200000047,0.2932330827067669,2026-02-17 08:13:00+00:00,surfline_trevone_20260217_0813
-553678.0505769079,6541255.1230821805,-102.39451200000047,0.2957393483709273,2026-02-17 08:13:00+00:00,surfline_trevone_20260217_0813
-553678.3794735855,6541254.826595713,-102.39451200000047,0.2982456140350877,2026-02-17 08:13:00+00:00,surfline_trevone_20260217_0813
-553678.6807165872,6541254.52203543,-102.39451200000047,0.3007518796992481,2026-02-17 08:13:00+00:00,surfline_trevone_20260217_0813
-553678.9793209467,6541254.216704614,-102.39451200000047,0.3032581453634085,2026-02-17 08:13:00+00:00,surfline_trevone_20260217_0813
-553679.2717921159,6541253.909582962,-102.39451200000047,0.3057644110275689,2026-02-17 08:13:00+00:00,surfline_trevone_20260217_0813
-553679.5660556034,6541253.60298474,-102.39451200000047,0.3082706766917293,2026-02-17 08:13:00+00:00,surfline_trevone_20260217_0813
-553679.8900331095,6541253.305062267,-102.39451200000047,0.3107769423558897,2026-02-17 08:13:00+00:00,surfline_trevone_20260217_0813
-553680.2265555654,6541253.010802428,-102.39451200000047,0.3132832080200501,2026-02-17 08:13:00+00:00,surfline_trevone_20260217_0813
-553680.5281147464,6541252.70633421,-102.39451200000047,0.3157894736842105,2026-02-17 08:13:00+00:00,surfline_trevone_20260217_0813
-553680.7762942823,6541252.386280819,-102.39451200000047,0.3182957393483709,2026-02-17 08:13:00+00:00,surfline_trevone_20260217_0813
-553681.0262702327,6541252.066752053,-102.39451200000047,0.3208020050125313,2026-02-17 08:13:00+00:00,surfline_trevone_20260217_0813
-553681.3097722803,6541251.757011803,-102.39451200000047,0.3233082706766917,2026-02-17 08:13:00+00:00,surfline_trevone_20260217_0813
-553681.6193286907,6541251.454878543,-102.39451200000047,0.3258145363408521,2026-02-17 08:13:00+00:00,surfline_trevone_20260217_0813
-553681.9039787592,6541251.145473482,-102.39451200000047,0.3283208020050125,2026-02-17 08:13:00+00:00,surfline_trevone_20260217_0813
-553682.177190601,6541250.832728918,-102.39451200000047,0.3308270676691729,2026-02-17 08:13:00+00:00,surfline_trevone_20260217_0813
-553682.4418607865,6541250.517490367,-102.39451200000047,0.3333333333333333,2026-02-17 08:13:00+00:00,surfline_trevone_20260217_0813
-553682.6835706829,6541250.195547852,-102.39451200000047,0.3358395989974937,2026-02-17 08:13:00+00:00,surfline_trevone_20260217_0813
-553682.927432126,6541249.874233704,-102.39451200000047,0.3383458646616541,2026-02-17 08:13:00+00:00,surfline_trevone_20260217_0813
-553683.2165319487,6541249.566127965,-102.39451200000047,0.3408521303258145,2026-02-17 08:13:00+00:00,surfline_trevone_20260217_0813
-553683.5128723739,6541249.260136147,-102.39451200000047,0.3433583959899749,2026-02-17 08:13:00+00:00,surfline_trevone_20260217_0813
-553683.8112786507,6541248.954747374,-102.39451200000047,0.3458646616541353,2026-02-17 08:13:00+00:00,surfline_trevone_20260217_0813
-553684.1095729317,6541248.649326025,-102.39451200000047,0.3483709273182957,2026-02-17 08:13:00+00:00,surfline_trevone_20260217_0813
-553684.3767612505,6541248.334822767,-102.39451200000047,0.3508771929824561,2026-02-17 08:13:00+00:00,surfline_trevone_20260217_0813
-553684.6771949573,6541248.030026067,-102.39451200000047,0.3533834586466165,2026-02-17 08:13:00+00:00,surfline_trevone_20260217_0813
-553684.9413460916,6541247.714635792,-102.39451200000047,0.3558897243107769,2026-02-17 08:13:00+00:00,surfline_trevone_20260217_0813
-553685.2218422004,6541247.40401802,-102.39451200000047,0.3583959899749373,2026-02-17 08:13:00+00:00,surfline_trevone_20260217_0813
-553685.5025497397,6541247.093461855,-102.39451200000047,0.3609022556390977,2026-02-17 08:13:00+00:00,surfline_trevone_20260217_0813
-553685.7801115578,6541246.781987109,-102.39451200000047,0.3634085213032581,2026-02-17 08:13:00+00:00,surfline_trevone_20260217_0813
-553686.0650463664,6541246.472665185,-102.39451200000047,0.3659147869674185,2026-02-17 08:13:00+00:00,surfline_trevone_20260217_0813
-553686.3438446276,6541246.161551691,-102.39451200000047,0.3684210526315789,2026-02-17 08:13:00+00:00,surfline_trevone_20260217_0813
-553686.5945026992,6541245.842221959,-102.39451200000047,0.37092731829573933,2026-02-17 08:13:00+00:00,surfline_trevone_20260217_0813
-553686.8451607586,6541245.522892101,-102.39451200000047,0.37343358395989973,2026-02-17 08:13:00+00:00,surfline_trevone_20260217_0813
-553687.0822665457,6541245.1996054975,-102.39451200000047,0.37593984962406013,2026-02-17 08:13:00+00:00,surfline_trevone_20260217_0813
-553687.3146974149,6541244.874954078,-102.39451200000047,0.37844611528822053,2026-02-17 08:13:00+00:00,surfline_trevone_20260217_0813
-553687.5212509758,6541244.542747117,-102.39451200000047,0.38095238095238093,2026-02-17 08:13:00+00:00,surfline_trevone_20260217_0813
-553687.6125764116,6541244.176896784,-102.39451200000047,0.38345864661654133,2026-02-17 08:13:00+00:00,surfline_trevone_20260217_0813
-553687.5905835346,6541243.777960935,-102.39451200000047,0.38596491228070173,2026-02-17 08:13:00+00:00,surfline_trevone_20260217_0813
-553687.6252191394,6541243.3955590725,-102.39451200000047,0.38847117794486213,2026-02-17 08:13:00+00:00,surfline_trevone_20260217_0813
-553687.6096972617,6541242.998512566,-102.39451200000047,0.39097744360902253,2026-02-17 08:13:00+00:00,surfline_trevone_20260217_0813
-553687.3910128351,6541242.542148403,-102.39451200000047,0.39348370927318294,2026-02-17 08:13:00+00:00,surfline_trevone_20260217_0813
-553686.960722066,6541242.024001489,-102.39451200000047,0.39598997493734334,2026-02-17 08:13:00+00:00,surfline_trevone_20260217_0813
-553686.2601308486,6541241.426934858,-102.39451200000047,0.39849624060150374,2026-02-17 08:13:00+00:00,surfline_trevone_20260217_0813
-553686.2601308486,6541241.426934858,-102.39451200000047,0.40100250626566414,2026-02-17 08:13:00+00:00,surfline_trevone_20260217_0813
-553686.2601308486,6541241.426934858,-102.39451200000047,0.40350877192982454,2026-02-17 08:13:00+00:00,surfline_trevone_20260217_0813
-553686.2601308486,6541241.426934858,-102.39451200000047,0.40601503759398494,2026-02-17 08:13:00+00:00,surfline_trevone_20260217_0813
-553686.2601308486,6541241.426934858,-102.39451200000047,0.40852130325814534,2026-02-17 08:13:00+00:00,surfline_trevone_20260217_0813
-553686.2601308486,6541241.426934858,-102.39451200000047,0.41102756892230574,2026-02-17 08:13:00+00:00,surfline_trevone_20260217_0813
-553686.2601308486,6541241.426934858,-102.39451200000047,0.41353383458646614,2026-02-17 08:13:00+00:00,surfline_trevone_20260217_0813
-553686.2601308486,6541241.426934858,-102.39451200000047,0.41604010025062654,2026-02-17 08:13:00+00:00,surfline_trevone_20260217_0813
-553686.2601308486,6541241.426934858,-102.39451200000047,0.41854636591478694,2026-02-17 08:13:00+00:00,surfline_trevone_20260217_0813
-553686.2601308486,6541241.426934858,-102.39451200000047,0.42105263157894735,2026-02-17 08:13:00+00:00,surfline_trevone_20260217_0813
-553686.2601308486,6541241.426934858,-102.39451200000047,0.42355889724310775,2026-02-17 08:13:00+00:00,surfline_trevone_20260217_0813
-553686.2601308486,6541241.426934858,-102.39451200000047,0.42606516290726815,2026-02-17 08:13:00+00:00,surfline_trevone_20260217_0813
-553686.2601308486,6541241.426934858,-102.39451200000047,0.42857142857142855,2026-02-17 08:13:00+00:00,surfline_trevone_20260217_0813
-553686.2601308486,6541241.426934858,-102.39451200000047,0.43107769423558895,2026-02-17 08:13:00+00:00,surfline_trevone_20260217_0813
-553686.2601308486,6541241.426934858,-102.39451200000047,0.43358395989974935,2026-02-17 08:13:00+00:00,surfline_trevone_20260217_0813
-553686.2601308486,6541241.426934858,-102.39451200000047,0.43609022556390975,2026-02-17 08:13:00+00:00,surfline_trevone_20260217_0813
-553686.2601308486,6541241.426934858,-102.39451200000047,0.43859649122807015,2026-02-17 08:13:00+00:00,surfline_trevone_20260217_0813
-553686.2601308486,6541241.426934858,-102.39451200000047,0.44110275689223055,2026-02-17 08:13:00+00:00,surfline_trevone_20260217_0813
-553686.2601308486,6541241.426934858,-102.39451200000047,0.44360902255639095,2026-02-17 08:13:00+00:00,surfline_trevone_20260217_0813
-553686.2601308486,6541241.426934858,-102.39451200000047,0.44611528822055135,2026-02-17 08:13:00+00:00,surfline_trevone_20260217_0813
-553686.2601308486,6541241.426934858,-102.39451200000047,0.44862155388471175,2026-02-17 08:13:00+00:00,surfline_trevone_20260217_0813
-553686.2601308486,6541241.426934858,-102.39451200000047,0.45112781954887216,2026-02-17 08:13:00+00:00,surfline_trevone_20260217_0813
-553686.2601308486,6541241.426934858,-102.39451200000047,0.45363408521303256,2026-02-17 08:13:00+00:00,surfline_trevone_20260217_0813
-553686.2601308486,6541241.426934858,-102.39451200000047,0.45614035087719296,2026-02-17 08:13:00+00:00,surfline_trevone_20260217_0813
-553686.2601308486,6541241.426934858,-102.39451200000047,0.45864661654135336,2026-02-17 08:13:00+00:00,surfline_trevone_20260217_0813
-553686.2601308486,6541241.426934858,-102.39451200000047,0.46115288220551376,2026-02-17 08:13:00+00:00,surfline_trevone_20260217_0813
-553686.2601308486,6541241.426934858,-102.39451200000047,0.46365914786967416,2026-02-17 08:13:00+00:00,surfline_trevone_20260217_0813
-553686.2601308486,6541241.426934858,-102.39451200000047,0.46616541353383456,2026-02-17 08:13:00+00:00,surfline_trevone_20260217_0813
-553686.2601308486,6541241.426934858,-102.39451200000047,0.46867167919799496,2026-02-17 08:13:00+00:00,surfline_trevone_20260217_0813
-553686.2601308486,6541241.426934858,-102.39451200000047,0.47117794486215536,2026-02-17 08:13:00+00:00,surfline_trevone_20260217_0813
-553686.2601308486,6541241.426934858,-102.39451200000047,0.47368421052631576,2026-02-17 08:13:00+00:00,surfline_trevone_20260217_0813
-553686.2601308486,6541241.426934858,-102.39451200000047,0.47619047619047616,2026-02-17 08:13:00+00:00,surfline_trevone_20260217_0813
-553686.2601308486,6541241.426934858,-102.39451200000047,0.47869674185463656,2026-02-17 08:13:00+00:00,surfline_trevone_20260217_0813
-553686.2601308486,6541241.426934858,-102.39451200000047,0.48120300751879697,2026-02-17 08:13:00+00:00,surfline_trevone_20260217_0813
-553686.2601308486,6541241.426934858,-102.39451200000047,0.48370927318295737,2026-02-17 08:13:00+00:00,surfline_trevone_20260217_0813
-553686.2601308486,6541241.426934858,-102.39451200000047,0.48621553884711777,2026-02-17 08:13:00+00:00,surfline_trevone_20260217_0813
-553686.2601308486,6541241.426934858,-102.39451200000047,0.48872180451127817,2026-02-17 08:13:00+00:00,surfline_trevone_20260217_0813
-553686.2601308486,6541241.426934858,-102.39451200000047,0.49122807017543857,2026-02-17 08:13:00+00:00,surfline_trevone_20260217_0813
-553686.2601308486,6541241.426934858,-102.39451200000047,0.49373433583959897,2026-02-17 08:13:00+00:00,surfline_trevone_20260217_0813
-553686.2601308486,6541241.426934858,-102.39451200000047,0.49624060150375937,2026-02-17 08:13:00+00:00,surfline_trevone_20260217_0813
-553686.2601308486,6541241.426934858,-102.39451200000047,0.49874686716791977,2026-02-17 08:13:00+00:00,surfline_trevone_20260217_0813
-553686.2601308486,6541241.426934858,-102.39451200000047,0.5012531328320802,2026-02-17 08:13:00+00:00,surfline_trevone_20260217_0813
-553686.2601308486,6541241.426934858,-102.39451200000047,0.5037593984962405,2026-02-17 08:13:00+00:00,surfline_trevone_20260217_0813
-553686.2601308486,6541241.426934858,-102.39451200000047,0.506265664160401,2026-02-17 08:13:00+00:00,surfline_trevone_20260217_0813
-553686.2601308486,6541241.426934858,-102.39451200000047,0.5087719298245614,2026-02-17 08:13:00+00:00,surfline_trevone_20260217_0813
-553686.2601308486,6541241.426934858,-102.39451200000047,0.5112781954887218,2026-02-17 08:13:00+00:00,surfline_trevone_20260217_0813
-553686.2601308486,6541241.426934858,-102.39451200000047,0.5137844611528821,2026-02-17 08:13:00+00:00,surfline_trevone_20260217_0813
-553686.2601308486,6541241.426934858,-102.39451200000047,0.5162907268170426,2026-02-17 08:13:00+00:00,surfline_trevone_20260217_0813
-553686.2601308486,6541241.426934858,-102.39451200000047,0.518796992481203,2026-02-17 08:13:00+00:00,surfline_trevone_20260217_0813
-553686.2601308486,6541241.426934858,-102.39451200000047,0.5213032581453634,2026-02-17 08:13:00+00:00,surfline_trevone_20260217_0813
-553686.2601308486,6541241.426934858,-102.39451200000047,0.5238095238095237,2026-02-17 08:13:00+00:00,surfline_trevone_20260217_0813
-553686.2601308486,6541241.426934858,-102.39451200000047,0.5263157894736842,2026-02-17 08:13:00+00:00,surfline_trevone_20260217_0813
-553686.2601308486,6541241.426934858,-102.39451200000047,0.5288220551378446,2026-02-17 08:13:00+00:00,surfline_trevone_20260217_0813
-553686.2601308486,6541241.426934858,-102.39451200000047,0.531328320802005,2026-02-17 08:13:00+00:00,surfline_trevone_20260217_0813
-553686.2601308486,6541241.426934858,-102.39451200000047,0.5338345864661653,2026-02-17 08:13:00+00:00,surfline_trevone_20260217_0813
-553686.2601308486,6541241.426934858,-102.39451200000047,0.5363408521303258,2026-02-17 08:13:00+00:00,surfline_trevone_20260217_0813
-553686.2601308486,6541241.426934858,-102.39451200000047,0.5388471177944862,2026-02-17 08:13:00+00:00,surfline_trevone_20260217_0813
-553686.2601308486,6541241.426934858,-102.39451200000047,0.5413533834586466,2026-02-17 08:13:00+00:00,surfline_trevone_20260217_0813
-553686.2601308486,6541241.426934858,-102.39451200000047,0.5438596491228069,2026-02-17 08:13:00+00:00,surfline_trevone_20260217_0813
-553686.2601308486,6541241.426934858,-102.39451200000047,0.5463659147869674,2026-02-17 08:13:00+00:00,surfline_trevone_20260217_0813
-553686.2601308486,6541241.426934858,-102.39451200000047,0.5488721804511278,2026-02-17 08:13:00+00:00,surfline_trevone_20260217_0813
-553686.2601308486,6541241.426934858,-102.39451200000047,0.5513784461152882,2026-02-17 08:13:00+00:00,surfline_trevone_20260217_0813
-553686.2601308486,6541241.426934858,-102.39451200000047,0.5538847117794485,2026-02-17 08:13:00+00:00,surfline_trevone_20260217_0813
-553686.2601308486,6541241.426934858,-102.39451200000047,0.556390977443609,2026-02-17 08:13:00+00:00,surfline_trevone_20260217_0813
-553686.2601308486,6541241.426934858,-102.39451200000047,0.5588972431077694,2026-02-17 08:13:00+00:00,surfline_trevone_20260217_0813
-553686.2601308486,6541241.426934858,-102.39451200000047,0.5614035087719298,2026-02-17 08:13:00+00:00,surfline_trevone_20260217_0813
-553686.2601308486,6541241.426934858,-102.39451200000047,0.5639097744360901,2026-02-17 08:13:00+00:00,surfline_trevone_20260217_0813
-553686.2601308486,6541241.426934858,-102.39451200000047,0.5664160401002506,2026-02-17 08:13:00+00:00,surfline_trevone_20260217_0813
-553686.2601308486,6541241.426934858,-102.39451200000047,0.568922305764411,2026-02-17 08:13:00+00:00,surfline_trevone_20260217_0813
-553686.2601308486,6541241.426934858,-102.39451200000047,0.5714285714285714,2026-02-17 08:13:00+00:00,surfline_trevone_20260217_0813
-553686.2601308486,6541241.426934858,-102.39451200000047,0.5739348370927317,2026-02-17 08:13:00+00:00,surfline_trevone_20260217_0813
-553686.2601308486,6541241.426934858,-102.39451200000047,0.5764411027568922,2026-02-17 08:13:00+00:00,surfline_trevone_20260217_0813
-553686.2601308486,6541241.426934858,-102.39451200000047,0.5789473684210527,2026-02-17 08:13:00+00:00,surfline_trevone_20260217_0813
-553686.2601308486,6541241.426934858,-102.39451200000047,0.581453634085213,2026-02-17 08:13:00+00:00,surfline_trevone_20260217_0813
-553686.2601308486,6541241.426934858,-102.39451200000047,0.5839598997493733,2026-02-17 08:13:00+00:00,surfline_trevone_20260217_0813
-553686.2601308486,6541241.426934858,-102.39451200000047,0.5864661654135338,2026-02-17 08:13:00+00:00,surfline_trevone_20260217_0813
-553686.2601308486,6541241.426934858,-102.39451200000047,0.5889724310776943,2026-02-17 08:13:00+00:00,surfline_trevone_20260217_0813
-553686.2601308486,6541241.426934858,-102.39451200000047,0.5914786967418546,2026-02-17 08:13:00+00:00,surfline_trevone_20260217_0813
-553686.2601308486,6541241.426934858,-102.39451200000047,0.593984962406015,2026-02-17 08:13:00+00:00,surfline_trevone_20260217_0813
-553686.2601308486,6541241.426934858,-102.39451200000047,0.5964912280701754,2026-02-17 08:13:00+00:00,surfline_trevone_20260217_0813
-553686.2601308486,6541241.426934858,-102.39451200000047,0.5989974937343359,2026-02-17 08:13:00+00:00,surfline_trevone_20260217_0813
-553686.2601308486,6541241.426934858,-102.39451200000047,0.6015037593984962,2026-02-17 08:13:00+00:00,surfline_trevone_20260217_0813
-553686.2601308486,6541241.426934858,-102.39451200000047,0.6040100250626566,2026-02-17 08:13:00+00:00,surfline_trevone_20260217_0813
-553686.2601308486,6541241.426934858,-102.39451200000047,0.606516290726817,2026-02-17 08:13:00+00:00,surfline_trevone_20260217_0813
-553686.2601308486,6541241.426934858,-102.39451200000047,0.6090225563909775,2026-02-17 08:13:00+00:00,surfline_trevone_20260217_0813
-553686.2601308486,6541241.426934858,-102.39451200000047,0.6115288220551378,2026-02-17 08:13:00+00:00,surfline_trevone_20260217_0813
-553686.2601308486,6541241.426934858,-102.39451200000047,0.6140350877192982,2026-02-17 08:13:00+00:00,surfline_trevone_20260217_0813
-553686.2601308486,6541241.426934858,-102.39451200000047,0.6165413533834586,2026-02-17 08:13:00+00:00,surfline_trevone_20260217_0813
-553686.2601308486,6541241.426934858,-102.39451200000047,0.6190476190476191,2026-02-17 08:13:00+00:00,surfline_trevone_20260217_0813
-553686.2601308486,6541241.426934858,-102.39451200000047,0.6215538847117794,2026-02-17 08:13:00+00:00,surfline_trevone_20260217_0813
-553686.2601308486,6541241.426934858,-102.39451200000047,0.6240601503759398,2026-02-17 08:13:00+00:00,surfline_trevone_20260217_0813
-553686.2601308486,6541241.426934858,-102.39451200000047,0.6265664160401002,2026-02-17 08:13:00+00:00,surfline_trevone_20260217_0813
-553686.2601308486,6541241.426934858,-102.39451200000047,0.6290726817042607,2026-02-17 08:13:00+00:00,surfline_trevone_20260217_0813
-553686.2601308486,6541241.426934858,-102.39451200000047,0.631578947368421,2026-02-17 08:13:00+00:00,surfline_trevone_20260217_0813
-553686.2601308486,6541241.426934858,-102.39451200000047,0.6340852130325814,2026-02-17 08:13:00+00:00,surfline_trevone_20260217_0813
-553686.2601308486,6541241.426934858,-102.39451200000047,0.6365914786967418,2026-02-17 08:13:00+00:00,surfline_trevone_20260217_0813
-553686.2601308486,6541241.426934858,-102.39451200000047,0.6390977443609023,2026-02-17 08:13:00+00:00,surfline_trevone_20260217_0813
-553686.2601308486,6541241.426934858,-102.39451200000047,0.6416040100250626,2026-02-17 08:13:00+00:00,surfline_trevone_20260217_0813
-553686.2601308486,6541241.426934858,-102.39451200000047,0.644110275689223,2026-02-17 08:13:00+00:00,surfline_trevone_20260217_0813
-553686.2601308486,6541241.426934858,-102.39451200000047,0.6466165413533834,2026-02-17 08:13:00+00:00,surfline_trevone_20260217_0813
-553686.2601308486,6541241.426934858,-102.39451200000047,0.6491228070175439,2026-02-17 08:13:00+00:00,surfline_trevone_20260217_0813
-553686.2601308486,6541241.426934858,-102.39451200000047,0.6516290726817042,2026-02-17 08:13:00+00:00,surfline_trevone_20260217_0813
-553686.2601308486,6541241.426934858,-102.39451200000047,0.6541353383458646,2026-02-17 08:13:00+00:00,surfline_trevone_20260217_0813
-553686.2601308486,6541241.426934858,-102.39451200000047,0.656641604010025,2026-02-17 08:13:00+00:00,surfline_trevone_20260217_0813
-553686.2601308486,6541241.426934858,-102.39451200000047,0.6591478696741855,2026-02-17 08:13:00+00:00,surfline_trevone_20260217_0813
-553686.2601308486,6541241.426934858,-102.39451200000047,0.6616541353383458,2026-02-17 08:13:00+00:00,surfline_trevone_20260217_0813
-553686.2601308486,6541241.426934858,-102.39451200000047,0.6641604010025062,2026-02-17 08:13:00+00:00,surfline_trevone_20260217_0813
-553686.2601308486,6541241.426934858,-102.39451200000047,0.6666666666666666,2026-02-17 08:13:00+00:00,surfline_trevone_20260217_0813
-553686.2601308486,6541241.426934858,-102.39451200000047,0.6691729323308271,2026-02-17 08:13:00+00:00,surfline_trevone_20260217_0813
-553686.2601308486,6541241.426934858,-102.39451200000047,0.6716791979949874,2026-02-17 08:13:00+00:00,surfline_trevone_20260217_0813
-553686.2601308486,6541241.426934858,-102.39451200000047,0.6741854636591478,2026-02-17 08:13:00+00:00,surfline_trevone_20260217_0813
-553686.2601308486,6541241.426934858,-102.39451200000047,0.6766917293233082,2026-02-17 08:13:00+00:00,surfline_trevone_20260217_0813
-553686.2601308486,6541241.426934858,-102.39451200000047,0.6791979949874687,2026-02-17 08:13:00+00:00,surfline_trevone_20260217_0813
-553686.2601308486,6541241.426934858,-102.39451200000047,0.681704260651629,2026-02-17 08:13:00+00:00,surfline_trevone_20260217_0813
-553686.2601308486,6541241.426934858,-102.39451200000047,0.6842105263157894,2026-02-17 08:13:00+00:00,surfline_trevone_20260217_0813
-553686.2601308486,6541241.426934858,-102.39451200000047,0.6867167919799498,2026-02-17 08:13:00+00:00,surfline_trevone_20260217_0813
-553686.2601308486,6541241.426934858,-102.39451200000047,0.6892230576441103,2026-02-17 08:13:00+00:00,surfline_trevone_20260217_0813
-553686.2601308486,6541241.426934858,-102.39451200000047,0.6917293233082706,2026-02-17 08:13:00+00:00,surfline_trevone_20260217_0813
-553686.2601308486,6541241.426934858,-102.39451200000047,0.694235588972431,2026-02-17 08:13:00+00:00,surfline_trevone_20260217_0813
-553686.2601308486,6541241.426934858,-102.39451200000047,0.6967418546365914,2026-02-17 08:13:00+00:00,surfline_trevone_20260217_0813
-553686.2601308486,6541241.426934858,-102.39451200000047,0.6992481203007519,2026-02-17 08:13:00+00:00,surfline_trevone_20260217_0813
-553686.2601308486,6541241.426934858,-102.39451200000047,0.7017543859649122,2026-02-17 08:13:00+00:00,surfline_trevone_20260217_0813
-553686.2601308486,6541241.426934858,-102.39451200000047,0.7042606516290726,2026-02-17 08:13:00+00:00,surfline_trevone_20260217_0813
-553686.2601308486,6541241.426934858,-102.39451200000047,0.706766917293233,2026-02-17 08:13:00+00:00,surfline_trevone_20260217_0813
-553686.2601308486,6541241.426934858,-102.39451200000047,0.7092731829573935,2026-02-17 08:13:00+00:00,surfline_trevone_20260217_0813
-553686.2601308486,6541241.426934858,-102.39451200000047,0.7117794486215538,2026-02-17 08:13:00+00:00,surfline_trevone_20260217_0813
-553686.2601308486,6541241.426934858,-102.39451200000047,0.7142857142857142,2026-02-17 08:13:00+00:00,surfline_trevone_20260217_0813
-553686.2601308486,6541241.426934858,-102.39451200000047,0.7167919799498746,2026-02-17 08:13:00+00:00,surfline_trevone_20260217_0813
-553686.2601308486,6541241.426934858,-102.39451200000047,0.7192982456140351,2026-02-17 08:13:00+00:00,surfline_trevone_20260217_0813
-553686.2601308486,6541241.426934858,-102.39451200000047,0.7218045112781954,2026-02-17 08:13:00+00:00,surfline_trevone_20260217_0813
-553686.2601308486,6541241.426934858,-102.39451200000047,0.7243107769423558,2026-02-17 08:13:00+00:00,surfline_trevone_20260217_0813
-553686.2601308486,6541241.426934858,-102.39451200000047,0.7268170426065163,2026-02-17 08:13:00+00:00,surfline_trevone_20260217_0813
-553686.2601308486,6541241.426934858,-102.39451200000047,0.7293233082706767,2026-02-17 08:13:00+00:00,surfline_trevone_20260217_0813
-553686.2601308486,6541241.426934858,-102.39451200000047,0.731829573934837,2026-02-17 08:13:00+00:00,surfline_trevone_20260217_0813
-553686.2601308486,6541241.426934858,-102.39451200000047,0.7343358395989974,2026-02-17 08:13:00+00:00,surfline_trevone_20260217_0813
-553686.2601308486,6541241.426934858,-102.39451200000047,0.7368421052631579,2026-02-17 08:13:00+00:00,surfline_trevone_20260217_0813
-553686.2601308486,6541241.426934858,-102.39451200000047,0.7393483709273183,2026-02-17 08:13:00+00:00,surfline_trevone_20260217_0813
-553686.2601308486,6541241.426934858,-102.39451200000047,0.7418546365914787,2026-02-17 08:13:00+00:00,surfline_trevone_20260217_0813
-553686.2601308486,6541241.426934858,-102.39451200000047,0.744360902255639,2026-02-17 08:13:00+00:00,surfline_trevone_20260217_0813
-553686.2601308486,6541241.426934858,-102.39451200000047,0.7468671679197995,2026-02-17 08:13:00+00:00,surfline_trevone_20260217_0813
-553686.2601308486,6541241.426934858,-102.39451200000047,0.7493734335839599,2026-02-17 08:13:00+00:00,surfline_trevone_20260217_0813
-553686.2601308486,6541241.426934858,-102.39451200000047,0.7518796992481203,2026-02-17 08:13:00+00:00,surfline_trevone_20260217_0813
-553686.2601308486,6541241.426934858,-102.39451200000047,0.7543859649122806,2026-02-17 08:13:00+00:00,surfline_trevone_20260217_0813
-553686.2601308486,6541241.426934858,-102.39451200000047,0.7568922305764411,2026-02-17 08:13:00+00:00,surfline_trevone_20260217_0813
-553686.2601308486,6541241.426934858,-102.39451200000047,0.7593984962406015,2026-02-17 08:13:00+00:00,surfline_trevone_20260217_0813
-553686.2601308486,6541241.426934858,-102.39451200000047,0.7619047619047619,2026-02-17 08:13:00+00:00,surfline_trevone_20260217_0813
-553686.2601308486,6541241.426934858,-102.39451200000047,0.7644110275689222,2026-02-17 08:13:00+00:00,surfline_trevone_20260217_0813
-553686.2601308486,6541241.426934858,-102.39451200000047,0.7669172932330827,2026-02-17 08:13:00+00:00,surfline_trevone_20260217_0813
-553686.2601308486,6541241.426934858,-102.39451200000047,0.7694235588972431,2026-02-17 08:13:00+00:00,surfline_trevone_20260217_0813
-553686.2601308486,6541241.426934858,-102.39451200000047,0.7719298245614035,2026-02-17 08:13:00+00:00,surfline_trevone_20260217_0813
-553686.2601308486,6541241.426934858,-102.39451200000047,0.7744360902255638,2026-02-17 08:13:00+00:00,surfline_trevone_20260217_0813
-553686.2601308486,6541241.426934858,-102.39451200000047,0.7769423558897243,2026-02-17 08:13:00+00:00,surfline_trevone_20260217_0813
-553686.2601308486,6541241.426934858,-102.39451200000047,0.7794486215538847,2026-02-17 08:13:00+00:00,surfline_trevone_20260217_0813
-553686.2601308486,6541241.426934858,-102.39451200000047,0.7819548872180451,2026-02-17 08:13:00+00:00,surfline_trevone_20260217_0813
-553686.2601308486,6541241.426934858,-102.39451200000047,0.7844611528822054,2026-02-17 08:13:00+00:00,surfline_trevone_20260217_0813
-553686.2601308486,6541241.426934858,-102.39451200000047,0.7869674185463659,2026-02-17 08:13:00+00:00,surfline_trevone_20260217_0813
-553686.2601308486,6541241.426934858,-102.39451200000047,0.7894736842105263,2026-02-17 08:13:00+00:00,surfline_trevone_20260217_0813
-553686.2601308486,6541241.426934858,-102.39451200000047,0.7919799498746867,2026-02-17 08:13:00+00:00,surfline_trevone_20260217_0813
-553686.2601308486,6541241.426934858,-102.39451200000047,0.794486215538847,2026-02-17 08:13:00+00:00,surfline_trevone_20260217_0813
-553686.2601308486,6541241.426934858,-102.39451200000047,0.7969924812030075,2026-02-17 08:13:00+00:00,surfline_trevone_20260217_0813
-553686.2601308486,6541241.426934858,-102.39451200000047,0.7994987468671679,2026-02-17 08:13:00+00:00,surfline_trevone_20260217_0813
-553686.2601308486,6541241.426934858,-102.39451200000047,0.8020050125313283,2026-02-17 08:13:00+00:00,surfline_trevone_20260217_0813
-553686.2601308486,6541241.426934858,-102.39451200000047,0.8045112781954886,2026-02-17 08:13:00+00:00,surfline_trevone_20260217_0813
-553686.2601308486,6541241.426934858,-102.39451200000047,0.8070175438596491,2026-02-17 08:13:00+00:00,surfline_trevone_20260217_0813
-553686.2601308486,6541241.426934858,-102.39451200000047,0.8095238095238095,2026-02-17 08:13:00+00:00,surfline_trevone_20260217_0813
-553686.2601308486,6541241.426934858,-102.39451200000047,0.8120300751879699,2026-02-17 08:13:00+00:00,surfline_trevone_20260217_0813
-553686.2601308486,6541241.426934858,-102.39451200000047,0.8145363408521302,2026-02-17 08:13:00+00:00,surfline_trevone_20260217_0813
-553686.2601308486,6541241.426934858,-102.39451200000047,0.8170426065162907,2026-02-17 08:13:00+00:00,surfline_trevone_20260217_0813
-553686.2601308486,6541241.426934858,-102.39451200000047,0.8195488721804511,2026-02-17 08:13:00+00:00,surfline_trevone_20260217_0813
-553686.2601308486,6541241.426934858,-102.39451200000047,0.8220551378446115,2026-02-17 08:13:00+00:00,surfline_trevone_20260217_0813
-553686.2601308486,6541241.426934858,-102.39451200000047,0.8245614035087718,2026-02-17 08:13:00+00:00,surfline_trevone_20260217_0813
-553686.2601308486,6541241.426934858,-102.39451200000047,0.8270676691729323,2026-02-17 08:13:00+00:00,surfline_trevone_20260217_0813
-553686.2601308486,6541241.426934858,-102.39451200000047,0.8295739348370927,2026-02-17 08:13:00+00:00,surfline_trevone_20260217_0813
-553686.2601308486,6541241.426934858,-102.39451200000047,0.8320802005012531,2026-02-17 08:13:00+00:00,surfline_trevone_20260217_0813
-553686.2601308486,6541241.426934858,-102.39451200000047,0.8345864661654134,2026-02-17 08:13:00+00:00,surfline_trevone_20260217_0813
-553686.2601308486,6541241.426934858,-102.39451200000047,0.8370927318295739,2026-02-17 08:13:00+00:00,surfline_trevone_20260217_0813
-553686.2601308486,6541241.426934858,-102.39451200000047,0.8395989974937343,2026-02-17 08:13:00+00:00,surfline_trevone_20260217_0813
-553686.2601308486,6541241.426934858,-102.39451200000047,0.8421052631578947,2026-02-17 08:13:00+00:00,surfline_trevone_20260217_0813
-553686.2601308486,6541241.426934858,-102.39451200000047,0.844611528822055,2026-02-17 08:13:00+00:00,surfline_trevone_20260217_0813
-553686.2601308486,6541241.426934858,-102.39451200000047,0.8471177944862155,2026-02-17 08:13:00+00:00,surfline_trevone_20260217_0813
-553686.2601308486,6541241.426934858,-102.39451200000047,0.849624060150376,2026-02-17 08:13:00+00:00,surfline_trevone_20260217_0813
-553686.2601308486,6541241.426934858,-102.39451200000047,0.8521303258145363,2026-02-17 08:13:00+00:00,surfline_trevone_20260217_0813
-553686.2601308486,6541241.426934858,-102.39451200000047,0.8546365914786966,2026-02-17 08:13:00+00:00,surfline_trevone_20260217_0813
-553686.2601308486,6541241.426934858,-102.39451200000047,0.8571428571428571,2026-02-17 08:13:00+00:00,surfline_trevone_20260217_0813
-553686.2601308486,6541241.426934858,-102.39451200000047,0.8596491228070176,2026-02-17 08:13:00+00:00,surfline_trevone_20260217_0813
-553686.2601308486,6541241.426934858,-102.39451200000047,0.8621553884711779,2026-02-17 08:13:00+00:00,surfline_trevone_20260217_0813
-553686.2601308486,6541241.426934858,-102.39451200000047,0.8646616541353382,2026-02-17 08:13:00+00:00,surfline_trevone_20260217_0813
-553686.2601308486,6541241.426934858,-102.39451200000047,0.8671679197994987,2026-02-17 08:13:00+00:00,surfline_trevone_20260217_0813
-553686.2601308486,6541241.426934858,-102.39451200000047,0.8696741854636592,2026-02-17 08:13:00+00:00,surfline_trevone_20260217_0813
-553686.2601308486,6541241.426934858,-102.39451200000047,0.8721804511278195,2026-02-17 08:13:00+00:00,surfline_trevone_20260217_0813
-553686.2601308486,6541241.426934858,-102.39451200000047,0.8746867167919798,2026-02-17 08:13:00+00:00,surfline_trevone_20260217_0813
-553686.2601308486,6541241.426934858,-102.39451200000047,0.8771929824561403,2026-02-17 08:13:00+00:00,surfline_trevone_20260217_0813
-553686.2601308486,6541241.426934858,-102.39451200000047,0.8796992481203008,2026-02-17 08:13:00+00:00,surfline_trevone_20260217_0813
-553686.2601308486,6541241.426934858,-102.39451200000047,0.8822055137844611,2026-02-17 08:13:00+00:00,surfline_trevone_20260217_0813
-553686.2601308486,6541241.426934858,-102.39451200000047,0.8847117794486214,2026-02-17 08:13:00+00:00,surfline_trevone_20260217_0813
-553686.2601308486,6541241.426934858,-102.39451200000047,0.8872180451127819,2026-02-17 08:13:00+00:00,surfline_trevone_20260217_0813
-553686.2601308486,6541241.426934858,-102.39451200000047,0.8897243107769424,2026-02-17 08:13:00+00:00,surfline_trevone_20260217_0813
-553686.2601308486,6541241.426934858,-102.39451200000047,0.8922305764411027,2026-02-17 08:13:00+00:00,surfline_trevone_20260217_0813
-553686.2601308486,6541241.426934858,-102.39451200000047,0.894736842105263,2026-02-17 08:13:00+00:00,surfline_trevone_20260217_0813
-553686.2601308486,6541241.426934858,-102.39451200000047,0.8972431077694235,2026-02-17 08:13:00+00:00,surfline_trevone_20260217_0813
-553686.2601308486,6541241.426934858,-102.39451200000047,0.899749373433584,2026-02-17 08:13:00+00:00,surfline_trevone_20260217_0813
-553686.2601308486,6541241.426934858,-102.39451200000047,0.9022556390977443,2026-02-17 08:13:00+00:00,surfline_trevone_20260217_0813
-553686.2601308486,6541241.426934858,-102.39451200000047,0.9047619047619047,2026-02-17 08:13:00+00:00,surfline_trevone_20260217_0813
-553686.2601308486,6541241.426934858,-102.39451200000047,0.9072681704260651,2026-02-17 08:13:00+00:00,surfline_trevone_20260217_0813
-553686.2601308486,6541241.426934858,-102.39451200000047,0.9097744360902256,2026-02-17 08:13:00+00:00,surfline_trevone_20260217_0813
-553686.2601308486,6541241.426934858,-102.39451200000047,0.9122807017543859,2026-02-17 08:13:00+00:00,surfline_trevone_20260217_0813
-553686.2601308486,6541241.426934858,-102.39451200000047,0.9147869674185463,2026-02-17 08:13:00+00:00,surfline_trevone_20260217_0813
-553686.2601308486,6541241.426934858,-102.39451200000047,0.9172932330827067,2026-02-17 08:13:00+00:00,surfline_trevone_20260217_0813
-553686.2601308486,6541241.426934858,-102.39451200000047,0.9197994987468672,2026-02-17 08:13:00+00:00,surfline_trevone_20260217_0813
-553686.2601308486,6541241.426934858,-102.39451200000047,0.9223057644110275,2026-02-17 08:13:00+00:00,surfline_trevone_20260217_0813
-553686.2601308486,6541241.426934858,-102.39451200000047,0.9248120300751879,2026-02-17 08:13:00+00:00,surfline_trevone_20260217_0813
-553686.2601308486,6541241.426934858,-102.39451200000047,0.9273182957393483,2026-02-17 08:13:00+00:00,surfline_trevone_20260217_0813
-553686.2601308486,6541241.426934858,-102.39451200000047,0.9298245614035088,2026-02-17 08:13:00+00:00,surfline_trevone_20260217_0813
-553686.2601308486,6541241.426934858,-102.39451200000047,0.9323308270676691,2026-02-17 08:13:00+00:00,surfline_trevone_20260217_0813
-553686.2601308486,6541241.426934858,-102.39451200000047,0.9348370927318295,2026-02-17 08:13:00+00:00,surfline_trevone_20260217_0813
-553686.2601308486,6541241.426934858,-102.39451200000047,0.9373433583959899,2026-02-17 08:13:00+00:00,surfline_trevone_20260217_0813
-553686.2601308486,6541241.426934858,-102.39451200000047,0.9398496240601504,2026-02-17 08:13:00+00:00,surfline_trevone_20260217_0813
-553686.2601308486,6541241.426934858,-102.39451200000047,0.9423558897243107,2026-02-17 08:13:00+00:00,surfline_trevone_20260217_0813
-553686.2601308486,6541241.426934858,-102.39451200000047,0.9448621553884711,2026-02-17 08:13:00+00:00,surfline_trevone_20260217_0813
-553686.2601308486,6541241.426934858,-102.39451200000047,0.9473684210526315,2026-02-17 08:13:00+00:00,surfline_trevone_20260217_0813
-553686.2601308486,6541241.426934858,-102.39451200000047,0.949874686716792,2026-02-17 08:13:00+00:00,surfline_trevone_20260217_0813
-553686.2601308486,6541241.426934858,-102.39451200000047,0.9523809523809523,2026-02-17 08:13:00+00:00,surfline_trevone_20260217_0813
-553686.2601308486,6541241.426934858,-102.39451200000047,0.9548872180451127,2026-02-17 08:13:00+00:00,surfline_trevone_20260217_0813
-553686.2601308486,6541241.426934858,-102.39451200000047,0.9573934837092731,2026-02-17 08:13:00+00:00,surfline_trevone_20260217_0813
-553686.2601308486,6541241.426934858,-102.39451200000047,0.9598997493734336,2026-02-17 08:13:00+00:00,surfline_trevone_20260217_0813
-553686.2601308486,6541241.426934858,-102.39451200000047,0.9624060150375939,2026-02-17 08:13:00+00:00,surfline_trevone_20260217_0813
-553686.2601308486,6541241.426934858,-102.39451200000047,0.9649122807017543,2026-02-17 08:13:00+00:00,surfline_trevone_20260217_0813
-553686.2601308486,6541241.426934858,-102.39451200000047,0.9674185463659147,2026-02-17 08:13:00+00:00,surfline_trevone_20260217_0813
-553686.2601308486,6541241.426934858,-102.39451200000047,0.9699248120300752,2026-02-17 08:13:00+00:00,surfline_trevone_20260217_0813
-553686.2601308486,6541241.426934858,-102.39451200000047,0.9724310776942355,2026-02-17 08:13:00+00:00,surfline_trevone_20260217_0813
-553686.2601308486,6541241.426934858,-102.39451200000047,0.9749373433583959,2026-02-17 08:13:00+00:00,surfline_trevone_20260217_0813
-553686.2601308486,6541241.426934858,-102.39451200000047,0.9774436090225563,2026-02-17 08:13:00+00:00,surfline_trevone_20260217_0813
-553686.2601308486,6541241.426934858,-102.39451200000047,0.9799498746867168,2026-02-17 08:13:00+00:00,surfline_trevone_20260217_0813
-553686.2601308486,6541241.426934858,-102.39451200000047,0.9824561403508771,2026-02-17 08:13:00+00:00,surfline_trevone_20260217_0813
-553686.2601308486,6541241.426934858,-102.39451200000047,0.9849624060150375,2026-02-17 08:13:00+00:00,surfline_trevone_20260217_0813
-553686.2601308486,6541241.426934858,-102.39451200000047,0.9874686716791979,2026-02-17 08:13:00+00:00,surfline_trevone_20260217_0813
-553686.2601308486,6541241.426934858,-102.39451200000047,0.9899749373433584,2026-02-17 08:13:00+00:00,surfline_trevone_20260217_0813
-553686.2601308486,6541241.426934858,-102.39451200000047,0.9924812030075187,2026-02-17 08:13:00+00:00,surfline_trevone_20260217_0813
-553686.2601308486,6541241.426934858,-102.39451200000047,0.9949874686716791,2026-02-17 08:13:00+00:00,surfline_trevone_20260217_0813
-553686.2601308486,6541241.426934858,-102.39451200000047,0.9974937343358395,2026-02-17 08:13:00+00:00,surfline_trevone_20260217_0813
-553686.2601308486,6541241.426934858,-102.39451200000047,1.0,2026-02-17 08:13:00+00:00,surfline_trevone_20260217_0813
-553639.3103167828,6541290.128776471,-102.49326720000047,0.0,2026-02-17 08:40:00+00:00,surfline_trevone_20260217_0840
-553639.5093918834,6541289.794386095,-102.49326720000047,0.002506265664160401,2026-02-17 08:40:00+00:00,surfline_trevone_20260217_0840
-553639.7026237395,6541289.458289584,-102.49326720000047,0.005012531328320802,2026-02-17 08:40:00+00:00,surfline_trevone_20260217_0840
-553639.8920746426,6541289.121089012,-102.49326720000047,0.007518796992481203,2026-02-17 08:40:00+00:00,surfline_trevone_20260217_0840
-553640.0759256395,6541288.782253565,-102.49326720000047,0.010025062656641603,2026-02-17 08:40:00+00:00,surfline_trevone_20260217_0840
-553640.2171036496,6541288.430958986,-102.49326720000047,0.012531328320802004,2026-02-17 08:40:00+00:00,surfline_trevone_20260217_0840
-553640.3580852521,6541288.079606927,-102.49326720000047,0.015037593984962405,2026-02-17 08:40:00+00:00,surfline_trevone_20260217_0840
-553640.4960288911,6541287.727367737,-102.49326720000047,0.017543859649122806,2026-02-17 08:40:00+00:00,surfline_trevone_20260217_0840
-553640.6284576555,6541287.3735185,-102.49326720000047,0.020050125313283207,2026-02-17 08:40:00+00:00,surfline_trevone_20260217_0840
-553640.7608863927,6541287.019669388,-102.49326720000047,0.022556390977443608,2026-02-17 08:40:00+00:00,surfline_trevone_20260217_0840
-553640.8719590806,6541286.659584799,-102.49326720000047,0.02506265664160401,2026-02-17 08:40:00+00:00,surfline_trevone_20260217_0840
-553640.9751167534,6541286.297189123,-102.49326720000047,0.02756892230576441,2026-02-17 08:40:00+00:00,surfline_trevone_20260217_0840
-553641.0771995931,6541285.934479761,-102.49326720000047,0.03007518796992481,2026-02-17 08:40:00+00:00,surfline_trevone_20260217_0840
-553641.2872706418,6541285.603299938,-102.49326720000047,0.03258145363408521,2026-02-17 08:40:00+00:00,surfline_trevone_20260217_0840
-553641.5695187359,6541285.29319357,-102.49326720000047,0.03508771929824561,2026-02-17 08:40:00+00:00,surfline_trevone_20260217_0840
-553641.8549652342,6541284.98402091,-102.49326720000047,0.03759398496240601,2026-02-17 08:40:00+00:00,surfline_trevone_20260217_0840
-553642.1520793417,6541284.678254985,-102.49326720000047,0.040100250626566414,2026-02-17 08:40:00+00:00,surfline_trevone_20260217_0840
-553642.4537167054,6541284.373809853,-102.49326720000047,0.042606516290726815,2026-02-17 08:40:00+00:00,surfline_trevone_20260217_0840
-553642.7545983063,6541284.069143925,-102.49326720000047,0.045112781954887216,2026-02-17 08:40:00+00:00,surfline_trevone_20260217_0840
-553643.0553528217,6541283.764440759,-102.49326720000047,0.047619047619047616,2026-02-17 08:40:00+00:00,surfline_trevone_20260217_0840
-553643.3184388217,6541283.44873962,-102.49326720000047,0.05012531328320802,2026-02-17 08:40:00+00:00,surfline_trevone_20260217_0840
-553643.5645382681,6541283.128079037,-102.49326720000047,0.05263157894736842,2026-02-17 08:40:00+00:00,surfline_trevone_20260217_0840
-553643.8173228635,6541282.809370188,-102.49326720000047,0.05513784461152882,2026-02-17 08:40:00+00:00,surfline_trevone_20260217_0840
-553644.0674726295,6541282.489891912,-102.49326720000047,0.05764411027568922,2026-02-17 08:40:00+00:00,surfline_trevone_20260217_0840
-553644.318583079,6541282.170694396,-102.49326720000047,0.06015037593984962,2026-02-17 08:40:00+00:00,surfline_trevone_20260217_0840
-553644.5666037702,6541281.850594626,-102.49326720000047,0.06265664160401002,2026-02-17 08:40:00+00:00,surfline_trevone_20260217_0840
-553644.8273250249,6541281.534202916,-102.49326720000047,0.06516290726817042,2026-02-17 08:40:00+00:00,surfline_trevone_20260217_0840
-553645.0965637445,6541281.220298248,-102.49326720000047,0.06766917293233082,2026-02-17 08:40:00+00:00,surfline_trevone_20260217_0840
-553645.3553998338,6541280.903356336,-102.49326720000047,0.07017543859649122,2026-02-17 08:40:00+00:00,surfline_trevone_20260217_0840
-553645.5974590982,6541280.581516003,-102.49326720000047,0.07268170426065163,2026-02-17 08:40:00+00:00,surfline_trevone_20260217_0840
-553645.7851870422,6541280.2438123785,-102.49326720000047,0.07518796992481203,2026-02-17 08:40:00+00:00,surfline_trevone_20260217_0840
-553645.9794797116,6541279.908025595,-102.49326720000047,0.07769423558897243,2026-02-17 08:40:00+00:00,surfline_trevone_20260217_0840
-553646.1140363907,6541279.55479778,-102.49326720000047,0.08020050125313283,2026-02-17 08:40:00+00:00,surfline_trevone_20260217_0840
-553646.2189770793,6541279.192922826,-102.49326720000047,0.08270676691729323,2026-02-17 08:40:00+00:00,surfline_trevone_20260217_0840
-553646.3399748171,6541278.835735928,-102.49326720000047,0.08521303258145363,2026-02-17 08:40:00+00:00,surfline_trevone_20260217_0840
-553646.5275651453,6541278.497992258,-102.49326720000047,0.08771929824561403,2026-02-17 08:40:00+00:00,surfline_trevone_20260217_0840
-553646.7221451926,6541278.162289513,-102.49326720000047,0.09022556390977443,2026-02-17 08:40:00+00:00,surfline_trevone_20260217_0840
-553646.9591210451,6541277.838964973,-102.49326720000047,0.09273182957393483,2026-02-17 08:40:00+00:00,surfline_trevone_20260217_0840
-553647.2197060969,6541277.522533496,-102.49326720000047,0.09523809523809523,2026-02-17 08:40:00+00:00,surfline_trevone_20260217_0840
-553647.5089755623,6541277.214477165,-102.49326720000047,0.09774436090225563,2026-02-17 08:40:00+00:00,surfline_trevone_20260217_0840
-553647.8417092919,6541276.919111263,-102.49326720000047,0.10025062656641603,2026-02-17 08:40:00+00:00,surfline_trevone_20260217_0840
-553647.9871879101,6541276.569072201,-102.49326720000047,0.10275689223057644,2026-02-17 08:40:00+00:00,surfline_trevone_20260217_0840
-553648.1219958,6541276.215917465,-102.49326720000047,0.10526315789473684,2026-02-17 08:40:00+00:00,surfline_trevone_20260217_0840
-553648.2593199024,6541275.863497524,-102.49326720000047,0.10776942355889724,2026-02-17 08:40:00+00:00,surfline_trevone_20260217_0840
-553648.4166503894,6541275.516918995,-102.49326720000047,0.11027568922305764,2026-02-17 08:40:00+00:00,surfline_trevone_20260217_0840
-553648.5864821369,6541275.173990335,-102.49326720000047,0.11278195488721804,2026-02-17 08:40:00+00:00,surfline_trevone_20260217_0840
-553648.7491479429,6541274.828969298,-102.49326720000047,0.11528822055137844,2026-02-17 08:40:00+00:00,surfline_trevone_20260217_0840
-553648.9082688015,6541274.482913506,-102.49326720000047,0.11779448621553884,2026-02-17 08:40:00+00:00,surfline_trevone_20260217_0840
-553649.0701387475,6541274.137660233,-102.49326720000047,0.12030075187969924,2026-02-17 08:40:00+00:00,surfline_trevone_20260217_0840
-553649.2206152732,6541273.789080282,-102.49326720000047,0.12280701754385964,2026-02-17 08:40:00+00:00,surfline_trevone_20260217_0840
-553649.3706732297,6541273.440378254,-102.49326720000047,0.12531328320802004,2026-02-17 08:40:00+00:00,surfline_trevone_20260217_0840
-553649.5155265433,6541273.090156755,-102.49326720000047,0.12781954887218044,2026-02-17 08:40:00+00:00,surfline_trevone_20260217_0840
-553649.6463286192,6541272.735832571,-102.49326720000047,0.13032581453634084,2026-02-17 08:40:00+00:00,surfline_trevone_20260217_0840
-553649.7602789457,6541272.376588035,-102.49326720000047,0.13283208020050125,2026-02-17 08:40:00+00:00,surfline_trevone_20260217_0840
-553649.883889318,6541272.020164142,-102.49326720000047,0.13533834586466165,2026-02-17 08:40:00+00:00,surfline_trevone_20260217_0840
-553650.0378269777,6541271.672594951,-102.49326720000047,0.13784461152882205,2026-02-17 08:40:00+00:00,surfline_trevone_20260217_0840
-553650.1597921544,6541271.31569065,-102.49326720000047,0.14035087719298245,2026-02-17 08:40:00+00:00,surfline_trevone_20260217_0840
-553650.2640830211,6541270.953625835,-102.49326720000047,0.14285714285714285,2026-02-17 08:40:00+00:00,surfline_trevone_20260217_0840
-553650.3783758958,6541270.594481446,-102.49326720000047,0.14536340852130325,2026-02-17 08:40:00+00:00,surfline_trevone_20260217_0840
-553650.4010354929,6541270.208582949,-102.49326720000047,0.14786967418546365,2026-02-17 08:40:00+00:00,surfline_trevone_20260217_0840
-553650.4317351003,6541269.825031767,-102.49326720000047,0.15037593984962405,2026-02-17 08:40:00+00:00,surfline_trevone_20260217_0840
-553650.531611215,6541269.461677972,-102.49326720000047,0.15288220551378445,2026-02-17 08:40:00+00:00,surfline_trevone_20260217_0840
-553650.636773833,6541269.099867816,-102.49326720000047,0.15538847117794485,2026-02-17 08:40:00+00:00,surfline_trevone_20260217_0840
-553650.7106942652,6541268.728935987,-102.49326720000047,0.15789473684210525,2026-02-17 08:40:00+00:00,surfline_trevone_20260217_0840
-553650.7916569603,6541268.360060158,-102.49326720000047,0.16040100250626566,2026-02-17 08:40:00+00:00,surfline_trevone_20260217_0840
-553650.8428968273,6541267.982506,-102.49326720000047,0.16290726817042606,2026-02-17 08:40:00+00:00,surfline_trevone_20260217_0840
-553650.9040761477,6541267.607854004,-102.49326720000047,0.16541353383458646,2026-02-17 08:40:00+00:00,surfline_trevone_20260217_0840
-553650.9945258121,6541267.241748229,-102.49326720000047,0.16791979949874686,2026-02-17 08:40:00+00:00,surfline_trevone_20260217_0840
-553651.0743040437,6541266.872526571,-102.49326720000047,0.17042606516290726,2026-02-17 08:40:00+00:00,surfline_trevone_20260217_0840
-553651.1249073732,6541266.494786562,-102.49326720000047,0.17293233082706766,2026-02-17 08:40:00+00:00,surfline_trevone_20260217_0840
-553651.2151379458,6541266.128616817,-102.49326720000047,0.17543859649122806,2026-02-17 08:40:00+00:00,surfline_trevone_20260217_0840
-553650.9523947764,6541265.659388911,-102.49326720000047,0.17794486215538846,2026-02-17 08:40:00+00:00,surfline_trevone_20260217_0840
-553650.4081646341,6541265.1079748925,-102.49326720000047,0.18045112781954886,2026-02-17 08:40:00+00:00,surfline_trevone_20260217_0840
-553650.3136883994,6541264.687876019,-102.49326720000047,0.18295739348370926,2026-02-17 08:40:00+00:00,surfline_trevone_20260217_0840
-553650.2296842162,6541264.270834813,-102.49326720000047,0.18546365914786966,2026-02-17 08:40:00+00:00,surfline_trevone_20260217_0840
-553650.1432093153,6541263.853072094,-102.49326720000047,0.18796992481203006,2026-02-17 08:40:00+00:00,surfline_trevone_20260217_0840
-553650.0823148697,6541263.442777989,-102.49326720000047,0.19047619047619047,2026-02-17 08:40:00+00:00,surfline_trevone_20260217_0840
-553650.1187369481,6541263.060897602,-102.49326720000047,0.19298245614035087,2026-02-17 08:40:00+00:00,surfline_trevone_20260217_0840
-553650.158509452,6541262.679995575,-102.49326720000047,0.19548872180451127,2026-02-17 08:40:00+00:00,surfline_trevone_20260217_0840
-553650.2176230743,6541262.304740513,-102.49326720000047,0.19799498746867167,2026-02-17 08:40:00+00:00,surfline_trevone_20260217_0840
-553650.2964584586,6541261.935243381,-102.49326720000047,0.20050125313283207,2026-02-17 08:40:00+00:00,surfline_trevone_20260217_0840
-553650.37385627,6541261.565326712,-102.49326720000047,0.20300751879699247,2026-02-17 08:40:00+00:00,surfline_trevone_20260217_0840
-553650.4488062666,6541261.194695486,-102.49326720000047,0.20551378446115287,2026-02-17 08:40:00+00:00,surfline_trevone_20260217_0840
-553650.5330197227,6541260.826768785,-102.49326720000047,0.20802005012531327,2026-02-17 08:40:00+00:00,surfline_trevone_20260217_0840
-553650.6171516327,6541260.458818141,-102.49326720000047,0.21052631578947367,2026-02-17 08:40:00+00:00,surfline_trevone_20260217_0840
-553650.7156188056,6541260.095053111,-102.49326720000047,0.21303258145363407,2026-02-17 08:40:00+00:00,surfline_trevone_20260217_0840
-553650.8089837907,6541259.729798524,-102.49326720000047,0.21553884711779447,2026-02-17 08:40:00+00:00,surfline_trevone_20260217_0840
-553650.8925400003,6541259.361679927,-102.49326720000047,0.21804511278195488,2026-02-17 08:40:00+00:00,surfline_trevone_20260217_0840
-553650.9905731565,6541258.997788041,-102.49326720000047,0.22055137844611528,2026-02-17 08:40:00+00:00,surfline_trevone_20260217_0840
-553651.0907908978,6541258.634534125,-102.49326720000047,0.22305764411027568,2026-02-17 08:40:00+00:00,surfline_trevone_20260217_0840
-553651.1745088649,6541258.26646289,-102.49326720000047,0.22556390977443608,2026-02-17 08:40:00+00:00,surfline_trevone_20260217_0840
-553651.2567825981,6541257.897969848,-102.49326720000047,0.22807017543859648,2026-02-17 08:40:00+00:00,surfline_trevone_20260217_0840
-553651.3479576067,6541257.532075583,-102.49326720000047,0.23057644110275688,2026-02-17 08:40:00+00:00,surfline_trevone_20260217_0840
-553651.445139927,6541257.167935547,-102.49326720000047,0.23308270676691728,2026-02-17 08:40:00+00:00,surfline_trevone_20260217_0840
-553651.5484387468,6541256.805581215,-102.49326720000047,0.23558897243107768,2026-02-17 08:40:00+00:00,surfline_trevone_20260217_0840
-553651.6875401593,6541256.453680062,-102.49326720000047,0.23809523809523808,2026-02-17 08:40:00+00:00,surfline_trevone_20260217_0840
-553651.8571839916,6541256.110696537,-102.49326720000047,0.24060150375939848,2026-02-17 08:40:00+00:00,surfline_trevone_20260217_0840
-553652.118470078,6541255.79447001,-102.49326720000047,0.24310776942355888,2026-02-17 08:40:00+00:00,surfline_trevone_20260217_0840
-553652.2843902861,6541255.450399295,-102.49326720000047,0.24561403508771928,2026-02-17 08:40:00+00:00,surfline_trevone_20260217_0840
-553652.469468808,6541255.111922117,-102.49326720000047,0.24812030075187969,2026-02-17 08:40:00+00:00,surfline_trevone_20260217_0840
-553652.7138451864,6541254.790758315,-102.49326720000047,0.2506265664160401,2026-02-17 08:40:00+00:00,surfline_trevone_20260217_0840
-553652.9585308724,6541254.469684955,-102.49326720000047,0.2531328320802005,2026-02-17 08:40:00+00:00,surfline_trevone_20260217_0840
-553653.2078075657,6541254.1499519,-102.49326720000047,0.2556390977443609,2026-02-17 08:40:00+00:00,surfline_trevone_20260217_0840
-553653.4565782964,6541253.830070986,-102.49326720000047,0.2581453634085213,2026-02-17 08:40:00+00:00,surfline_trevone_20260217_0840
-553653.7027130256,6541253.509420571,-102.49326720000047,0.2606516290726817,2026-02-17 08:40:00+00:00,surfline_trevone_20260217_0840
-553653.9596455295,6541253.1919229245,-102.49326720000047,0.2631578947368421,2026-02-17 08:40:00+00:00,surfline_trevone_20260217_0840
-553654.2247907927,6541252.876823086,-102.49326720000047,0.2656641604010025,2026-02-17 08:40:00+00:00,surfline_trevone_20260217_0840
-553654.5095881951,6541252.567460853,-102.49326720000047,0.2681704260651629,2026-02-17 08:40:00+00:00,surfline_trevone_20260217_0840
-553654.7520826994,6541252.245747598,-102.49326720000047,0.2706766917293233,2026-02-17 08:40:00+00:00,surfline_trevone_20260217_0840
-553654.9914001065,6541251.923106857,-102.49326720000047,0.2731829573934837,2026-02-17 08:40:00+00:00,surfline_trevone_20260217_0840
-553655.248401131,6541251.605629082,-102.49326720000047,0.2756892230576441,2026-02-17 08:40:00+00:00,surfline_trevone_20260217_0840
-553655.5548225386,6541251.302580483,-102.49326720000047,0.2781954887218045,2026-02-17 08:40:00+00:00,surfline_trevone_20260217_0840
-553655.8693448205,6541251.001897237,-102.49326720000047,0.2807017543859649,2026-02-17 08:40:00+00:00,surfline_trevone_20260217_0840
-553656.20055672,6541250.706087005,-102.49326720000047,0.2832080200501253,2026-02-17 08:40:00+00:00,surfline_trevone_20260217_0840
-553656.5210430917,6541250.407145098,-102.49326720000047,0.2857142857142857,2026-02-17 08:40:00+00:00,surfline_trevone_20260217_0840
-553656.8277205535,6541250.10417126,-102.49326720000047,0.2882205513784461,2026-02-17 08:40:00+00:00,surfline_trevone_20260217_0840
-553657.1176185596,6541249.796298444,-102.49326720000047,0.2907268170426065,2026-02-17 08:40:00+00:00,surfline_trevone_20260217_0840
-553657.4089206932,6541249.488835726,-102.49326720000047,0.2932330827067669,2026-02-17 08:40:00+00:00,surfline_trevone_20260217_0840
-553657.563086507,6541249.141333071,-102.49326720000047,0.2957393483709273,2026-02-17 08:40:00+00:00,surfline_trevone_20260217_0840
-553657.7126973319,6541248.792500361,-102.49326720000047,0.2982456140350877,2026-02-17 08:40:00+00:00,surfline_trevone_20260217_0840
-553658.0258277105,6541248.491410852,-102.49326720000047,0.3007518796992481,2026-02-17 08:40:00+00:00,surfline_trevone_20260217_0840
-553658.3488801485,6541248.193218161,-102.49326720000047,0.3032581453634085,2026-02-17 08:40:00+00:00,surfline_trevone_20260217_0840
-553658.5665143842,6541247.864246301,-102.49326720000047,0.3057644110275689,2026-02-17 08:40:00+00:00,surfline_trevone_20260217_0840
-553658.9615387133,6541247.587067303,-102.49326720000047,0.3082706766917293,2026-02-17 08:40:00+00:00,surfline_trevone_20260217_0840
-553659.4427622297,6541247.335056083,-102.49326720000047,0.3107769423558897,2026-02-17 08:40:00+00:00,surfline_trevone_20260217_0840
-553659.8912691594,6541247.073492441,-102.49326720000047,0.3132832080200501,2026-02-17 08:40:00+00:00,surfline_trevone_20260217_0840
-553660.3212827205,6541246.806529146,-102.49326720000047,0.3157894736842105,2026-02-17 08:40:00+00:00,surfline_trevone_20260217_0840
-553660.7581034239,6541246.541553468,-102.49326720000047,0.3182957393483709,2026-02-17 08:40:00+00:00,surfline_trevone_20260217_0840
-553661.2644937352,6541246.296890217,-102.49326720000047,0.3208020050125313,2026-02-17 08:40:00+00:00,surfline_trevone_20260217_0840
-553661.7916132429,6541246.058279153,-102.49326720000047,0.3233082706766917,2026-02-17 08:40:00+00:00,surfline_trevone_20260217_0840
-553662.2992768915,6541245.813987416,-102.49326720000047,0.3258145363408521,2026-02-17 08:40:00+00:00,surfline_trevone_20260217_0840
-553662.81905736,6541245.573233569,-102.49326720000047,0.3283208020050125,2026-02-17 08:40:00+00:00,surfline_trevone_20260217_0840
-553663.3804042081,6541245.344616021,-102.49326720000047,0.3308270676691729,2026-02-17 08:40:00+00:00,surfline_trevone_20260217_0840
-553664.0654677589,6541245.152120064,-102.49326720000047,0.3333333333333333,2026-02-17 08:40:00+00:00,surfline_trevone_20260217_0840
-553664.7505310153,6541244.959623778,-102.49326720000047,0.3358395989974937,2026-02-17 08:40:00+00:00,surfline_trevone_20260217_0840
-553665.4307935319,6541244.765726004,-102.49326720000047,0.3383458646616541,2026-02-17 08:40:00+00:00,surfline_trevone_20260217_0840
-553666.1036210697,6541244.569657562,-102.49326720000047,0.3408521303258145,2026-02-17 08:40:00+00:00,surfline_trevone_20260217_0840
-553666.7703751253,6541244.37181571,-102.49326720000047,0.3433583959899749,2026-02-17 08:40:00+00:00,surfline_trevone_20260217_0840
-553667.4371290294,6541244.173973685,-102.49326720000047,0.3458646616541353,2026-02-17 08:40:00+00:00,surfline_trevone_20260217_0840
-553668.085936788,6541243.97089204,-102.49326720000047,0.3483709273182957,2026-02-17 08:40:00+00:00,surfline_trevone_20260217_0840
-553668.7172713226,6541243.762708852,-102.49326720000047,0.3508771929824561,2026-02-17 08:40:00+00:00,surfline_trevone_20260217_0840
-553669.3441029536,6541243.553210818,-102.49326720000047,0.3533834586466165,2026-02-17 08:40:00+00:00,surfline_trevone_20260217_0840
-553669.9540141602,6541243.338772385,-102.49326720000047,0.3558897243107769,2026-02-17 08:40:00+00:00,surfline_trevone_20260217_0840
-553670.5602362911,6541243.123257108,-102.49326720000047,0.3583959899749373,2026-02-17 08:40:00+00:00,surfline_trevone_20260217_0840
-553671.1607455558,6541242.906073711,-102.49326720000047,0.3609022556390977,2026-02-17 08:40:00+00:00,surfline_trevone_20260217_0840
-553671.7370903477,6541242.681834866,-102.49326720000047,0.3634085213032581,2026-02-17 08:40:00+00:00,surfline_trevone_20260217_0840
-553672.2618087296,6541242.442522745,-102.49326720000047,0.3659147869674185,2026-02-17 08:40:00+00:00,surfline_trevone_20260217_0840
-553672.7861291405,6541242.203094556,-102.49326720000047,0.3684210526315789,2026-02-17 08:40:00+00:00,surfline_trevone_20260217_0840
-553673.2917255851,6541241.9581993865,-102.49326720000047,0.37092731829573933,2026-02-17 08:40:00+00:00,surfline_trevone_20260217_0840
-553673.789970583,6541241.711157681,-102.49326720000047,0.37343358395989973,2026-02-17 08:40:00+00:00,surfline_trevone_20260217_0840
-553674.2477678168,6541241.452306539,-102.49326720000047,0.37593984962406013,2026-02-17 08:40:00+00:00,surfline_trevone_20260217_0840
-553674.7016595046,6541241.192315218,-102.49326720000047,0.37844611528822053,2026-02-17 08:40:00+00:00,surfline_trevone_20260217_0840
-553675.0914106776,6541240.913596612,-102.49326720000047,0.38095238095238093,2026-02-17 08:40:00+00:00,surfline_trevone_20260217_0840
-553675.4397977289,6541240.622800762,-102.49326720000047,0.38345864661654133,2026-02-17 08:40:00+00:00,surfline_trevone_20260217_0840
-553675.7149681251,6541240.310627913,-102.49326720000047,0.38596491228070173,2026-02-17 08:40:00+00:00,surfline_trevone_20260217_0840
-553675.9800733215,6541239.995516448,-102.49326720000047,0.38847117794486213,2026-02-17 08:40:00+00:00,surfline_trevone_20260217_0840
-553676.2038857467,6541239.668348571,-102.49326720000047,0.39097744360902253,2026-02-17 08:40:00+00:00,surfline_trevone_20260217_0840
-553676.0705102641,6541239.236892126,-102.49326720000047,0.39348370927318294,2026-02-17 08:40:00+00:00,surfline_trevone_20260217_0840
-553676.0705102641,6541239.236892126,-102.49326720000047,0.39598997493734334,2026-02-17 08:40:00+00:00,surfline_trevone_20260217_0840
-553676.0705102641,6541239.236892126,-102.49326720000047,0.39849624060150374,2026-02-17 08:40:00+00:00,surfline_trevone_20260217_0840
-553676.0705102641,6541239.236892126,-102.49326720000047,0.40100250626566414,2026-02-17 08:40:00+00:00,surfline_trevone_20260217_0840
-553676.0705102641,6541239.236892126,-102.49326720000047,0.40350877192982454,2026-02-17 08:40:00+00:00,surfline_trevone_20260217_0840
-553676.0705102641,6541239.236892126,-102.49326720000047,0.40601503759398494,2026-02-17 08:40:00+00:00,surfline_trevone_20260217_0840
-553676.0705102641,6541239.236892126,-102.49326720000047,0.40852130325814534,2026-02-17 08:40:00+00:00,surfline_trevone_20260217_0840
-553676.0705102641,6541239.236892126,-102.49326720000047,0.41102756892230574,2026-02-17 08:40:00+00:00,surfline_trevone_20260217_0840
-553676.0705102641,6541239.236892126,-102.49326720000047,0.41353383458646614,2026-02-17 08:40:00+00:00,surfline_trevone_20260217_0840
-553676.0705102641,6541239.236892126,-102.49326720000047,0.41604010025062654,2026-02-17 08:40:00+00:00,surfline_trevone_20260217_0840
-553676.0705102641,6541239.236892126,-102.49326720000047,0.41854636591478694,2026-02-17 08:40:00+00:00,surfline_trevone_20260217_0840
-553676.0705102641,6541239.236892126,-102.49326720000047,0.42105263157894735,2026-02-17 08:40:00+00:00,surfline_trevone_20260217_0840
-553676.0705102641,6541239.236892126,-102.49326720000047,0.42355889724310775,2026-02-17 08:40:00+00:00,surfline_trevone_20260217_0840
-553676.0705102641,6541239.236892126,-102.49326720000047,0.42606516290726815,2026-02-17 08:40:00+00:00,surfline_trevone_20260217_0840
-553676.0705102641,6541239.236892126,-102.49326720000047,0.42857142857142855,2026-02-17 08:40:00+00:00,surfline_trevone_20260217_0840
-553676.0705102641,6541239.236892126,-102.49326720000047,0.43107769423558895,2026-02-17 08:40:00+00:00,surfline_trevone_20260217_0840
-553676.0705102641,6541239.236892126,-102.49326720000047,0.43358395989974935,2026-02-17 08:40:00+00:00,surfline_trevone_20260217_0840
-553676.0705102641,6541239.236892126,-102.49326720000047,0.43609022556390975,2026-02-17 08:40:00+00:00,surfline_trevone_20260217_0840
-553676.0705102641,6541239.236892126,-102.49326720000047,0.43859649122807015,2026-02-17 08:40:00+00:00,surfline_trevone_20260217_0840
-553676.0705102641,6541239.236892126,-102.49326720000047,0.44110275689223055,2026-02-17 08:40:00+00:00,surfline_trevone_20260217_0840
-553676.0705102641,6541239.236892126,-102.49326720000047,0.44360902255639095,2026-02-17 08:40:00+00:00,surfline_trevone_20260217_0840
-553676.0705102641,6541239.236892126,-102.49326720000047,0.44611528822055135,2026-02-17 08:40:00+00:00,surfline_trevone_20260217_0840
-553676.0705102641,6541239.236892126,-102.49326720000047,0.44862155388471175,2026-02-17 08:40:00+00:00,surfline_trevone_20260217_0840
-553676.0705102641,6541239.236892126,-102.49326720000047,0.45112781954887216,2026-02-17 08:40:00+00:00,surfline_trevone_20260217_0840
-553676.0705102641,6541239.236892126,-102.49326720000047,0.45363408521303256,2026-02-17 08:40:00+00:00,surfline_trevone_20260217_0840
-553676.0705102641,6541239.236892126,-102.49326720000047,0.45614035087719296,2026-02-17 08:40:00+00:00,surfline_trevone_20260217_0840
-553676.0705102641,6541239.236892126,-102.49326720000047,0.45864661654135336,2026-02-17 08:40:00+00:00,surfline_trevone_20260217_0840
-553676.0705102641,6541239.236892126,-102.49326720000047,0.46115288220551376,2026-02-17 08:40:00+00:00,surfline_trevone_20260217_0840
-553676.0705102641,6541239.236892126,-102.49326720000047,0.46365914786967416,2026-02-17 08:40:00+00:00,surfline_trevone_20260217_0840
-553676.0705102641,6541239.236892126,-102.49326720000047,0.46616541353383456,2026-02-17 08:40:00+00:00,surfline_trevone_20260217_0840
-553676.0705102641,6541239.236892126,-102.49326720000047,0.46867167919799496,2026-02-17 08:40:00+00:00,surfline_trevone_20260217_0840
-553676.0705102641,6541239.236892126,-102.49326720000047,0.47117794486215536,2026-02-17 08:40:00+00:00,surfline_trevone_20260217_0840
-553676.0705102641,6541239.236892126,-102.49326720000047,0.47368421052631576,2026-02-17 08:40:00+00:00,surfline_trevone_20260217_0840
-553676.0705102641,6541239.236892126,-102.49326720000047,0.47619047619047616,2026-02-17 08:40:00+00:00,surfline_trevone_20260217_0840
-553676.0705102641,6541239.236892126,-102.49326720000047,0.47869674185463656,2026-02-17 08:40:00+00:00,surfline_trevone_20260217_0840
-553676.0705102641,6541239.236892126,-102.49326720000047,0.48120300751879697,2026-02-17 08:40:00+00:00,surfline_trevone_20260217_0840
-553676.0705102641,6541239.236892126,-102.49326720000047,0.48370927318295737,2026-02-17 08:40:00+00:00,surfline_trevone_20260217_0840
-553676.0705102641,6541239.236892126,-102.49326720000047,0.48621553884711777,2026-02-17 08:40:00+00:00,surfline_trevone_20260217_0840
-553676.0705102641,6541239.236892126,-102.49326720000047,0.48872180451127817,2026-02-17 08:40:00+00:00,surfline_trevone_20260217_0840
-553676.0705102641,6541239.236892126,-102.49326720000047,0.49122807017543857,2026-02-17 08:40:00+00:00,surfline_trevone_20260217_0840
-553676.0705102641,6541239.236892126,-102.49326720000047,0.49373433583959897,2026-02-17 08:40:00+00:00,surfline_trevone_20260217_0840
-553676.0705102641,6541239.236892126,-102.49326720000047,0.49624060150375937,2026-02-17 08:40:00+00:00,surfline_trevone_20260217_0840
-553676.0705102641,6541239.236892126,-102.49326720000047,0.49874686716791977,2026-02-17 08:40:00+00:00,surfline_trevone_20260217_0840
-553676.0705102641,6541239.236892126,-102.49326720000047,0.5012531328320802,2026-02-17 08:40:00+00:00,surfline_trevone_20260217_0840
-553676.0705102641,6541239.236892126,-102.49326720000047,0.5037593984962405,2026-02-17 08:40:00+00:00,surfline_trevone_20260217_0840
-553676.0705102641,6541239.236892126,-102.49326720000047,0.506265664160401,2026-02-17 08:40:00+00:00,surfline_trevone_20260217_0840
-553676.0705102641,6541239.236892126,-102.49326720000047,0.5087719298245614,2026-02-17 08:40:00+00:00,surfline_trevone_20260217_0840
-553676.0705102641,6541239.236892126,-102.49326720000047,0.5112781954887218,2026-02-17 08:40:00+00:00,surfline_trevone_20260217_0840
-553676.0705102641,6541239.236892126,-102.49326720000047,0.5137844611528821,2026-02-17 08:40:00+00:00,surfline_trevone_20260217_0840
-553676.0705102641,6541239.236892126,-102.49326720000047,0.5162907268170426,2026-02-17 08:40:00+00:00,surfline_trevone_20260217_0840
-553676.0705102641,6541239.236892126,-102.49326720000047,0.518796992481203,2026-02-17 08:40:00+00:00,surfline_trevone_20260217_0840
-553676.0705102641,6541239.236892126,-102.49326720000047,0.5213032581453634,2026-02-17 08:40:00+00:00,surfline_trevone_20260217_0840
-553676.0705102641,6541239.236892126,-102.49326720000047,0.5238095238095237,2026-02-17 08:40:00+00:00,surfline_trevone_20260217_0840
-553676.0705102641,6541239.236892126,-102.49326720000047,0.5263157894736842,2026-02-17 08:40:00+00:00,surfline_trevone_20260217_0840
-553676.0705102641,6541239.236892126,-102.49326720000047,0.5288220551378446,2026-02-17 08:40:00+00:00,surfline_trevone_20260217_0840
-553676.0705102641,6541239.236892126,-102.49326720000047,0.531328320802005,2026-02-17 08:40:00+00:00,surfline_trevone_20260217_0840
-553676.0705102641,6541239.236892126,-102.49326720000047,0.5338345864661653,2026-02-17 08:40:00+00:00,surfline_trevone_20260217_0840
-553676.0705102641,6541239.236892126,-102.49326720000047,0.5363408521303258,2026-02-17 08:40:00+00:00,surfline_trevone_20260217_0840
-553676.0705102641,6541239.236892126,-102.49326720000047,0.5388471177944862,2026-02-17 08:40:00+00:00,surfline_trevone_20260217_0840
-553676.0705102641,6541239.236892126,-102.49326720000047,0.5413533834586466,2026-02-17 08:40:00+00:00,surfline_trevone_20260217_0840
-553676.0705102641,6541239.236892126,-102.49326720000047,0.5438596491228069,2026-02-17 08:40:00+00:00,surfline_trevone_20260217_0840
-553676.0705102641,6541239.236892126,-102.49326720000047,0.5463659147869674,2026-02-17 08:40:00+00:00,surfline_trevone_20260217_0840
-553676.0705102641,6541239.236892126,-102.49326720000047,0.5488721804511278,2026-02-17 08:40:00+00:00,surfline_trevone_20260217_0840
-553676.0705102641,6541239.236892126,-102.49326720000047,0.5513784461152882,2026-02-17 08:40:00+00:00,surfline_trevone_20260217_0840
-553676.0705102641,6541239.236892126,-102.49326720000047,0.5538847117794485,2026-02-17 08:40:00+00:00,surfline_trevone_20260217_0840
-553676.0705102641,6541239.236892126,-102.49326720000047,0.556390977443609,2026-02-17 08:40:00+00:00,surfline_trevone_20260217_0840
-553676.0705102641,6541239.236892126,-102.49326720000047,0.5588972431077694,2026-02-17 08:40:00+00:00,surfline_trevone_20260217_0840
-553676.0705102641,6541239.236892126,-102.49326720000047,0.5614035087719298,2026-02-17 08:40:00+00:00,surfline_trevone_20260217_0840
-553676.0705102641,6541239.236892126,-102.49326720000047,0.5639097744360901,2026-02-17 08:40:00+00:00,surfline_trevone_20260217_0840
-553676.0705102641,6541239.236892126,-102.49326720000047,0.5664160401002506,2026-02-17 08:40:00+00:00,surfline_trevone_20260217_0840
-553676.0705102641,6541239.236892126,-102.49326720000047,0.568922305764411,2026-02-17 08:40:00+00:00,surfline_trevone_20260217_0840
-553676.0705102641,6541239.236892126,-102.49326720000047,0.5714285714285714,2026-02-17 08:40:00+00:00,surfline_trevone_20260217_0840
-553676.0705102641,6541239.236892126,-102.49326720000047,0.5739348370927317,2026-02-17 08:40:00+00:00,surfline_trevone_20260217_0840
-553676.0705102641,6541239.236892126,-102.49326720000047,0.5764411027568922,2026-02-17 08:40:00+00:00,surfline_trevone_20260217_0840
-553676.0705102641,6541239.236892126,-102.49326720000047,0.5789473684210527,2026-02-17 08:40:00+00:00,surfline_trevone_20260217_0840
-553676.0705102641,6541239.236892126,-102.49326720000047,0.581453634085213,2026-02-17 08:40:00+00:00,surfline_trevone_20260217_0840
-553676.0705102641,6541239.236892126,-102.49326720000047,0.5839598997493733,2026-02-17 08:40:00+00:00,surfline_trevone_20260217_0840
-553676.0705102641,6541239.236892126,-102.49326720000047,0.5864661654135338,2026-02-17 08:40:00+00:00,surfline_trevone_20260217_0840
-553676.0705102641,6541239.236892126,-102.49326720000047,0.5889724310776943,2026-02-17 08:40:00+00:00,surfline_trevone_20260217_0840
-553676.0705102641,6541239.236892126,-102.49326720000047,0.5914786967418546,2026-02-17 08:40:00+00:00,surfline_trevone_20260217_0840
-553676.0705102641,6541239.236892126,-102.49326720000047,0.593984962406015,2026-02-17 08:40:00+00:00,surfline_trevone_20260217_0840
-553676.0705102641,6541239.236892126,-102.49326720000047,0.5964912280701754,2026-02-17 08:40:00+00:00,surfline_trevone_20260217_0840
-553676.0705102641,6541239.236892126,-102.49326720000047,0.5989974937343359,2026-02-17 08:40:00+00:00,surfline_trevone_20260217_0840
-553676.0705102641,6541239.236892126,-102.49326720000047,0.6015037593984962,2026-02-17 08:40:00+00:00,surfline_trevone_20260217_0840
-553676.0705102641,6541239.236892126,-102.49326720000047,0.6040100250626566,2026-02-17 08:40:00+00:00,surfline_trevone_20260217_0840
-553676.0705102641,6541239.236892126,-102.49326720000047,0.606516290726817,2026-02-17 08:40:00+00:00,surfline_trevone_20260217_0840
-553676.0705102641,6541239.236892126,-102.49326720000047,0.6090225563909775,2026-02-17 08:40:00+00:00,surfline_trevone_20260217_0840
-553676.0705102641,6541239.236892126,-102.49326720000047,0.6115288220551378,2026-02-17 08:40:00+00:00,surfline_trevone_20260217_0840
-553676.0705102641,6541239.236892126,-102.49326720000047,0.6140350877192982,2026-02-17 08:40:00+00:00,surfline_trevone_20260217_0840
-553676.0705102641,6541239.236892126,-102.49326720000047,0.6165413533834586,2026-02-17 08:40:00+00:00,surfline_trevone_20260217_0840
-553676.0705102641,6541239.236892126,-102.49326720000047,0.6190476190476191,2026-02-17 08:40:00+00:00,surfline_trevone_20260217_0840
-553676.0705102641,6541239.236892126,-102.49326720000047,0.6215538847117794,2026-02-17 08:40:00+00:00,surfline_trevone_20260217_0840
-553676.0705102641,6541239.236892126,-102.49326720000047,0.6240601503759398,2026-02-17 08:40:00+00:00,surfline_trevone_20260217_0840
-553676.0705102641,6541239.236892126,-102.49326720000047,0.6265664160401002,2026-02-17 08:40:00+00:00,surfline_trevone_20260217_0840
-553676.0705102641,6541239.236892126,-102.49326720000047,0.6290726817042607,2026-02-17 08:40:00+00:00,surfline_trevone_20260217_0840
-553676.0705102641,6541239.236892126,-102.49326720000047,0.631578947368421,2026-02-17 08:40:00+00:00,surfline_trevone_20260217_0840
-553676.0705102641,6541239.236892126,-102.49326720000047,0.6340852130325814,2026-02-17 08:40:00+00:00,surfline_trevone_20260217_0840
-553676.0705102641,6541239.236892126,-102.49326720000047,0.6365914786967418,2026-02-17 08:40:00+00:00,surfline_trevone_20260217_0840
-553676.0705102641,6541239.236892126,-102.49326720000047,0.6390977443609023,2026-02-17 08:40:00+00:00,surfline_trevone_20260217_0840
-553676.0705102641,6541239.236892126,-102.49326720000047,0.6416040100250626,2026-02-17 08:40:00+00:00,surfline_trevone_20260217_0840
-553676.0705102641,6541239.236892126,-102.49326720000047,0.644110275689223,2026-02-17 08:40:00+00:00,surfline_trevone_20260217_0840
-553676.0705102641,6541239.236892126,-102.49326720000047,0.6466165413533834,2026-02-17 08:40:00+00:00,surfline_trevone_20260217_0840
-553676.0705102641,6541239.236892126,-102.49326720000047,0.6491228070175439,2026-02-17 08:40:00+00:00,surfline_trevone_20260217_0840
-553676.0705102641,6541239.236892126,-102.49326720000047,0.6516290726817042,2026-02-17 08:40:00+00:00,surfline_trevone_20260217_0840
-553676.0705102641,6541239.236892126,-102.49326720000047,0.6541353383458646,2026-02-17 08:40:00+00:00,surfline_trevone_20260217_0840
-553676.0705102641,6541239.236892126,-102.49326720000047,0.656641604010025,2026-02-17 08:40:00+00:00,surfline_trevone_20260217_0840
-553676.0705102641,6541239.236892126,-102.49326720000047,0.6591478696741855,2026-02-17 08:40:00+00:00,surfline_trevone_20260217_0840
-553676.0705102641,6541239.236892126,-102.49326720000047,0.6616541353383458,2026-02-17 08:40:00+00:00,surfline_trevone_20260217_0840
-553676.0705102641,6541239.236892126,-102.49326720000047,0.6641604010025062,2026-02-17 08:40:00+00:00,surfline_trevone_20260217_0840
-553676.0705102641,6541239.236892126,-102.49326720000047,0.6666666666666666,2026-02-17 08:40:00+00:00,surfline_trevone_20260217_0840
-553676.0705102641,6541239.236892126,-102.49326720000047,0.6691729323308271,2026-02-17 08:40:00+00:00,surfline_trevone_20260217_0840
-553676.0705102641,6541239.236892126,-102.49326720000047,0.6716791979949874,2026-02-17 08:40:00+00:00,surfline_trevone_20260217_0840
-553676.0705102641,6541239.236892126,-102.49326720000047,0.6741854636591478,2026-02-17 08:40:00+00:00,surfline_trevone_20260217_0840
-553676.0705102641,6541239.236892126,-102.49326720000047,0.6766917293233082,2026-02-17 08:40:00+00:00,surfline_trevone_20260217_0840
-553676.0705102641,6541239.236892126,-102.49326720000047,0.6791979949874687,2026-02-17 08:40:00+00:00,surfline_trevone_20260217_0840
-553676.0705102641,6541239.236892126,-102.49326720000047,0.681704260651629,2026-02-17 08:40:00+00:00,surfline_trevone_20260217_0840
-553676.0705102641,6541239.236892126,-102.49326720000047,0.6842105263157894,2026-02-17 08:40:00+00:00,surfline_trevone_20260217_0840
-553676.0705102641,6541239.236892126,-102.49326720000047,0.6867167919799498,2026-02-17 08:40:00+00:00,surfline_trevone_20260217_0840
-553676.0705102641,6541239.236892126,-102.49326720000047,0.6892230576441103,2026-02-17 08:40:00+00:00,surfline_trevone_20260217_0840
-553676.0705102641,6541239.236892126,-102.49326720000047,0.6917293233082706,2026-02-17 08:40:00+00:00,surfline_trevone_20260217_0840
-553676.0705102641,6541239.236892126,-102.49326720000047,0.694235588972431,2026-02-17 08:40:00+00:00,surfline_trevone_20260217_0840
-553676.0705102641,6541239.236892126,-102.49326720000047,0.6967418546365914,2026-02-17 08:40:00+00:00,surfline_trevone_20260217_0840
-553676.0705102641,6541239.236892126,-102.49326720000047,0.6992481203007519,2026-02-17 08:40:00+00:00,surfline_trevone_20260217_0840
-553676.0705102641,6541239.236892126,-102.49326720000047,0.7017543859649122,2026-02-17 08:40:00+00:00,surfline_trevone_20260217_0840
-553676.0705102641,6541239.236892126,-102.49326720000047,0.7042606516290726,2026-02-17 08:40:00+00:00,surfline_trevone_20260217_0840
-553676.0705102641,6541239.236892126,-102.49326720000047,0.706766917293233,2026-02-17 08:40:00+00:00,surfline_trevone_20260217_0840
-553676.0705102641,6541239.236892126,-102.49326720000047,0.7092731829573935,2026-02-17 08:40:00+00:00,surfline_trevone_20260217_0840
-553676.0705102641,6541239.236892126,-102.49326720000047,0.7117794486215538,2026-02-17 08:40:00+00:00,surfline_trevone_20260217_0840
-553676.0705102641,6541239.236892126,-102.49326720000047,0.7142857142857142,2026-02-17 08:40:00+00:00,surfline_trevone_20260217_0840
-553676.0705102641,6541239.236892126,-102.49326720000047,0.7167919799498746,2026-02-17 08:40:00+00:00,surfline_trevone_20260217_0840
-553676.0705102641,6541239.236892126,-102.49326720000047,0.7192982456140351,2026-02-17 08:40:00+00:00,surfline_trevone_20260217_0840
-553676.0705102641,6541239.236892126,-102.49326720000047,0.7218045112781954,2026-02-17 08:40:00+00:00,surfline_trevone_20260217_0840
-553676.0705102641,6541239.236892126,-102.49326720000047,0.7243107769423558,2026-02-17 08:40:00+00:00,surfline_trevone_20260217_0840
-553676.0705102641,6541239.236892126,-102.49326720000047,0.7268170426065163,2026-02-17 08:40:00+00:00,surfline_trevone_20260217_0840
-553676.0705102641,6541239.236892126,-102.49326720000047,0.7293233082706767,2026-02-17 08:40:00+00:00,surfline_trevone_20260217_0840
-553676.0705102641,6541239.236892126,-102.49326720000047,0.731829573934837,2026-02-17 08:40:00+00:00,surfline_trevone_20260217_0840
-553676.0705102641,6541239.236892126,-102.49326720000047,0.7343358395989974,2026-02-17 08:40:00+00:00,surfline_trevone_20260217_0840
-553676.0705102641,6541239.236892126,-102.49326720000047,0.7368421052631579,2026-02-17 08:40:00+00:00,surfline_trevone_20260217_0840
-553676.0705102641,6541239.236892126,-102.49326720000047,0.7393483709273183,2026-02-17 08:40:00+00:00,surfline_trevone_20260217_0840
-553676.0705102641,6541239.236892126,-102.49326720000047,0.7418546365914787,2026-02-17 08:40:00+00:00,surfline_trevone_20260217_0840
-553676.0705102641,6541239.236892126,-102.49326720000047,0.744360902255639,2026-02-17 08:40:00+00:00,surfline_trevone_20260217_0840
-553676.0705102641,6541239.236892126,-102.49326720000047,0.7468671679197995,2026-02-17 08:40:00+00:00,surfline_trevone_20260217_0840
-553676.0705102641,6541239.236892126,-102.49326720000047,0.7493734335839599,2026-02-17 08:40:00+00:00,surfline_trevone_20260217_0840
-553676.0705102641,6541239.236892126,-102.49326720000047,0.7518796992481203,2026-02-17 08:40:00+00:00,surfline_trevone_20260217_0840
-553676.0705102641,6541239.236892126,-102.49326720000047,0.7543859649122806,2026-02-17 08:40:00+00:00,surfline_trevone_20260217_0840
-553676.0705102641,6541239.236892126,-102.49326720000047,0.7568922305764411,2026-02-17 08:40:00+00:00,surfline_trevone_20260217_0840
-553676.0705102641,6541239.236892126,-102.49326720000047,0.7593984962406015,2026-02-17 08:40:00+00:00,surfline_trevone_20260217_0840
-553676.0705102641,6541239.236892126,-102.49326720000047,0.7619047619047619,2026-02-17 08:40:00+00:00,surfline_trevone_20260217_0840
-553676.0705102641,6541239.236892126,-102.49326720000047,0.7644110275689222,2026-02-17 08:40:00+00:00,surfline_trevone_20260217_0840
-553676.0705102641,6541239.236892126,-102.49326720000047,0.7669172932330827,2026-02-17 08:40:00+00:00,surfline_trevone_20260217_0840
-553676.0705102641,6541239.236892126,-102.49326720000047,0.7694235588972431,2026-02-17 08:40:00+00:00,surfline_trevone_20260217_0840
-553676.0705102641,6541239.236892126,-102.49326720000047,0.7719298245614035,2026-02-17 08:40:00+00:00,surfline_trevone_20260217_0840
-553676.0705102641,6541239.236892126,-102.49326720000047,0.7744360902255638,2026-02-17 08:40:00+00:00,surfline_trevone_20260217_0840
-553676.0705102641,6541239.236892126,-102.49326720000047,0.7769423558897243,2026-02-17 08:40:00+00:00,surfline_trevone_20260217_0840
-553676.0705102641,6541239.236892126,-102.49326720000047,0.7794486215538847,2026-02-17 08:40:00+00:00,surfline_trevone_20260217_0840
-553676.0705102641,6541239.236892126,-102.49326720000047,0.7819548872180451,2026-02-17 08:40:00+00:00,surfline_trevone_20260217_0840
-553676.0705102641,6541239.236892126,-102.49326720000047,0.7844611528822054,2026-02-17 08:40:00+00:00,surfline_trevone_20260217_0840
-553676.0705102641,6541239.236892126,-102.49326720000047,0.7869674185463659,2026-02-17 08:40:00+00:00,surfline_trevone_20260217_0840
-553676.0705102641,6541239.236892126,-102.49326720000047,0.7894736842105263,2026-02-17 08:40:00+00:00,surfline_trevone_20260217_0840
-553676.0705102641,6541239.236892126,-102.49326720000047,0.7919799498746867,2026-02-17 08:40:00+00:00,surfline_trevone_20260217_0840
-553676.0705102641,6541239.236892126,-102.49326720000047,0.794486215538847,2026-02-17 08:40:00+00:00,surfline_trevone_20260217_0840
-553676.0705102641,6541239.236892126,-102.49326720000047,0.7969924812030075,2026-02-17 08:40:00+00:00,surfline_trevone_20260217_0840
-553676.0705102641,6541239.236892126,-102.49326720000047,0.7994987468671679,2026-02-17 08:40:00+00:00,surfline_trevone_20260217_0840
-553676.0705102641,6541239.236892126,-102.49326720000047,0.8020050125313283,2026-02-17 08:40:00+00:00,surfline_trevone_20260217_0840
-553676.0705102641,6541239.236892126,-102.49326720000047,0.8045112781954886,2026-02-17 08:40:00+00:00,surfline_trevone_20260217_0840
-553676.0705102641,6541239.236892126,-102.49326720000047,0.8070175438596491,2026-02-17 08:40:00+00:00,surfline_trevone_20260217_0840
-553676.0705102641,6541239.236892126,-102.49326720000047,0.8095238095238095,2026-02-17 08:40:00+00:00,surfline_trevone_20260217_0840
-553676.0705102641,6541239.236892126,-102.49326720000047,0.8120300751879699,2026-02-17 08:40:00+00:00,surfline_trevone_20260217_0840
-553676.0705102641,6541239.236892126,-102.49326720000047,0.8145363408521302,2026-02-17 08:40:00+00:00,surfline_trevone_20260217_0840
-553676.0705102641,6541239.236892126,-102.49326720000047,0.8170426065162907,2026-02-17 08:40:00+00:00,surfline_trevone_20260217_0840
-553676.0705102641,6541239.236892126,-102.49326720000047,0.8195488721804511,2026-02-17 08:40:00+00:00,surfline_trevone_20260217_0840
-553676.0705102641,6541239.236892126,-102.49326720000047,0.8220551378446115,2026-02-17 08:40:00+00:00,surfline_trevone_20260217_0840
-553676.0705102641,6541239.236892126,-102.49326720000047,0.8245614035087718,2026-02-17 08:40:00+00:00,surfline_trevone_20260217_0840
-553676.0705102641,6541239.236892126,-102.49326720000047,0.8270676691729323,2026-02-17 08:40:00+00:00,surfline_trevone_20260217_0840
-553676.0705102641,6541239.236892126,-102.49326720000047,0.8295739348370927,2026-02-17 08:40:00+00:00,surfline_trevone_20260217_0840
-553676.0705102641,6541239.236892126,-102.49326720000047,0.8320802005012531,2026-02-17 08:40:00+00:00,surfline_trevone_20260217_0840
-553676.0705102641,6541239.236892126,-102.49326720000047,0.8345864661654134,2026-02-17 08:40:00+00:00,surfline_trevone_20260217_0840
-553676.0705102641,6541239.236892126,-102.49326720000047,0.8370927318295739,2026-02-17 08:40:00+00:00,surfline_trevone_20260217_0840
-553676.0705102641,6541239.236892126,-102.49326720000047,0.8395989974937343,2026-02-17 08:40:00+00:00,surfline_trevone_20260217_0840
-553676.0705102641,6541239.236892126,-102.49326720000047,0.8421052631578947,2026-02-17 08:40:00+00:00,surfline_trevone_20260217_0840
-553676.0705102641,6541239.236892126,-102.49326720000047,0.844611528822055,2026-02-17 08:40:00+00:00,surfline_trevone_20260217_0840
-553676.0705102641,6541239.236892126,-102.49326720000047,0.8471177944862155,2026-02-17 08:40:00+00:00,surfline_trevone_20260217_0840
-553676.0705102641,6541239.236892126,-102.49326720000047,0.849624060150376,2026-02-17 08:40:00+00:00,surfline_trevone_20260217_0840
-553676.0705102641,6541239.236892126,-102.49326720000047,0.8521303258145363,2026-02-17 08:40:00+00:00,surfline_trevone_20260217_0840
-553676.0705102641,6541239.236892126,-102.49326720000047,0.8546365914786966,2026-02-17 08:40:00+00:00,surfline_trevone_20260217_0840
-553676.0705102641,6541239.236892126,-102.49326720000047,0.8571428571428571,2026-02-17 08:40:00+00:00,surfline_trevone_20260217_0840
-553676.0705102641,6541239.236892126,-102.49326720000047,0.8596491228070176,2026-02-17 08:40:00+00:00,surfline_trevone_20260217_0840
-553676.0705102641,6541239.236892126,-102.49326720000047,0.8621553884711779,2026-02-17 08:40:00+00:00,surfline_trevone_20260217_0840
-553676.0705102641,6541239.236892126,-102.49326720000047,0.8646616541353382,2026-02-17 08:40:00+00:00,surfline_trevone_20260217_0840
-553676.0705102641,6541239.236892126,-102.49326720000047,0.8671679197994987,2026-02-17 08:40:00+00:00,surfline_trevone_20260217_0840
-553676.0705102641,6541239.236892126,-102.49326720000047,0.8696741854636592,2026-02-17 08:40:00+00:00,surfline_trevone_20260217_0840
-553676.0705102641,6541239.236892126,-102.49326720000047,0.8721804511278195,2026-02-17 08:40:00+00:00,surfline_trevone_20260217_0840
-553676.0705102641,6541239.236892126,-102.49326720000047,0.8746867167919798,2026-02-17 08:40:00+00:00,surfline_trevone_20260217_0840
-553676.0705102641,6541239.236892126,-102.49326720000047,0.8771929824561403,2026-02-17 08:40:00+00:00,surfline_trevone_20260217_0840
-553676.0705102641,6541239.236892126,-102.49326720000047,0.8796992481203008,2026-02-17 08:40:00+00:00,surfline_trevone_20260217_0840
-553676.0705102641,6541239.236892126,-102.49326720000047,0.8822055137844611,2026-02-17 08:40:00+00:00,surfline_trevone_20260217_0840
-553676.0705102641,6541239.236892126,-102.49326720000047,0.8847117794486214,2026-02-17 08:40:00+00:00,surfline_trevone_20260217_0840
-553676.0705102641,6541239.236892126,-102.49326720000047,0.8872180451127819,2026-02-17 08:40:00+00:00,surfline_trevone_20260217_0840
-553676.0705102641,6541239.236892126,-102.49326720000047,0.8897243107769424,2026-02-17 08:40:00+00:00,surfline_trevone_20260217_0840
-553676.0705102641,6541239.236892126,-102.49326720000047,0.8922305764411027,2026-02-17 08:40:00+00:00,surfline_trevone_20260217_0840
-553676.0705102641,6541239.236892126,-102.49326720000047,0.894736842105263,2026-02-17 08:40:00+00:00,surfline_trevone_20260217_0840
-553676.0705102641,6541239.236892126,-102.49326720000047,0.8972431077694235,2026-02-17 08:40:00+00:00,surfline_trevone_20260217_0840
-553676.0705102641,6541239.236892126,-102.49326720000047,0.899749373433584,2026-02-17 08:40:00+00:00,surfline_trevone_20260217_0840
-553676.0705102641,6541239.236892126,-102.49326720000047,0.9022556390977443,2026-02-17 08:40:00+00:00,surfline_trevone_20260217_0840
-553676.0705102641,6541239.236892126,-102.49326720000047,0.9047619047619047,2026-02-17 08:40:00+00:00,surfline_trevone_20260217_0840
-553676.0705102641,6541239.236892126,-102.49326720000047,0.9072681704260651,2026-02-17 08:40:00+00:00,surfline_trevone_20260217_0840
-553676.0705102641,6541239.236892126,-102.49326720000047,0.9097744360902256,2026-02-17 08:40:00+00:00,surfline_trevone_20260217_0840
-553676.0705102641,6541239.236892126,-102.49326720000047,0.9122807017543859,2026-02-17 08:40:00+00:00,surfline_trevone_20260217_0840
-553676.0705102641,6541239.236892126,-102.49326720000047,0.9147869674185463,2026-02-17 08:40:00+00:00,surfline_trevone_20260217_0840
-553676.0705102641,6541239.236892126,-102.49326720000047,0.9172932330827067,2026-02-17 08:40:00+00:00,surfline_trevone_20260217_0840
-553676.0705102641,6541239.236892126,-102.49326720000047,0.9197994987468672,2026-02-17 08:40:00+00:00,surfline_trevone_20260217_0840
-553676.0705102641,6541239.236892126,-102.49326720000047,0.9223057644110275,2026-02-17 08:40:00+00:00,surfline_trevone_20260217_0840
-553676.0705102641,6541239.236892126,-102.49326720000047,0.9248120300751879,2026-02-17 08:40:00+00:00,surfline_trevone_20260217_0840
-553676.0705102641,6541239.236892126,-102.49326720000047,0.9273182957393483,2026-02-17 08:40:00+00:00,surfline_trevone_20260217_0840
-553676.0705102641,6541239.236892126,-102.49326720000047,0.9298245614035088,2026-02-17 08:40:00+00:00,surfline_trevone_20260217_0840
-553676.0705102641,6541239.236892126,-102.49326720000047,0.9323308270676691,2026-02-17 08:40:00+00:00,surfline_trevone_20260217_0840
-553676.0705102641,6541239.236892126,-102.49326720000047,0.9348370927318295,2026-02-17 08:40:00+00:00,surfline_trevone_20260217_0840
-553676.0705102641,6541239.236892126,-102.49326720000047,0.9373433583959899,2026-02-17 08:40:00+00:00,surfline_trevone_20260217_0840
-553676.0705102641,6541239.236892126,-102.49326720000047,0.9398496240601504,2026-02-17 08:40:00+00:00,surfline_trevone_20260217_0840
-553676.0705102641,6541239.236892126,-102.49326720000047,0.9423558897243107,2026-02-17 08:40:00+00:00,surfline_trevone_20260217_0840
-553676.0705102641,6541239.236892126,-102.49326720000047,0.9448621553884711,2026-02-17 08:40:00+00:00,surfline_trevone_20260217_0840
-553676.0705102641,6541239.236892126,-102.49326720000047,0.9473684210526315,2026-02-17 08:40:00+00:00,surfline_trevone_20260217_0840
-553676.0705102641,6541239.236892126,-102.49326720000047,0.949874686716792,2026-02-17 08:40:00+00:00,surfline_trevone_20260217_0840
-553676.0705102641,6541239.236892126,-102.49326720000047,0.9523809523809523,2026-02-17 08:40:00+00:00,surfline_trevone_20260217_0840
-553676.0705102641,6541239.236892126,-102.49326720000047,0.9548872180451127,2026-02-17 08:40:00+00:00,surfline_trevone_20260217_0840
-553676.0705102641,6541239.236892126,-102.49326720000047,0.9573934837092731,2026-02-17 08:40:00+00:00,surfline_trevone_20260217_0840
-553676.0705102641,6541239.236892126,-102.49326720000047,0.9598997493734336,2026-02-17 08:40:00+00:00,surfline_trevone_20260217_0840
-553676.0705102641,6541239.236892126,-102.49326720000047,0.9624060150375939,2026-02-17 08:40:00+00:00,surfline_trevone_20260217_0840
-553676.0705102641,6541239.236892126,-102.49326720000047,0.9649122807017543,2026-02-17 08:40:00+00:00,surfline_trevone_20260217_0840
-553676.0705102641,6541239.236892126,-102.49326720000047,0.9674185463659147,2026-02-17 08:40:00+00:00,surfline_trevone_20260217_0840
-553676.0705102641,6541239.236892126,-102.49326720000047,0.9699248120300752,2026-02-17 08:40:00+00:00,surfline_trevone_20260217_0840
-553676.0705102641,6541239.236892126,-102.49326720000047,0.9724310776942355,2026-02-17 08:40:00+00:00,surfline_trevone_20260217_0840
-553676.0705102641,6541239.236892126,-102.49326720000047,0.9749373433583959,2026-02-17 08:40:00+00:00,surfline_trevone_20260217_0840
-553676.0705102641,6541239.236892126,-102.49326720000047,0.9774436090225563,2026-02-17 08:40:00+00:00,surfline_trevone_20260217_0840
-553676.0705102641,6541239.236892126,-102.49326720000047,0.9799498746867168,2026-02-17 08:40:00+00:00,surfline_trevone_20260217_0840
-553676.0705102641,6541239.236892126,-102.49326720000047,0.9824561403508771,2026-02-17 08:40:00+00:00,surfline_trevone_20260217_0840
-553676.0705102641,6541239.236892126,-102.49326720000047,0.9849624060150375,2026-02-17 08:40:00+00:00,surfline_trevone_20260217_0840
-553676.0705102641,6541239.236892126,-102.49326720000047,0.9874686716791979,2026-02-17 08:40:00+00:00,surfline_trevone_20260217_0840
-553676.0705102641,6541239.236892126,-102.49326720000047,0.9899749373433584,2026-02-17 08:40:00+00:00,surfline_trevone_20260217_0840
-553676.0705102641,6541239.236892126,-102.49326720000047,0.9924812030075187,2026-02-17 08:40:00+00:00,surfline_trevone_20260217_0840
-553676.0705102641,6541239.236892126,-102.49326720000047,0.9949874686716791,2026-02-17 08:40:00+00:00,surfline_trevone_20260217_0840
-553676.0705102641,6541239.236892126,-102.49326720000047,0.9974937343358395,2026-02-17 08:40:00+00:00,surfline_trevone_20260217_0840
-553676.0705102641,6541239.236892126,-102.49326720000047,1.0,2026-02-17 08:40:00+00:00,surfline_trevone_20260217_0840
-553601.2683564994,6541279.021634611,-102.62494080000047,0.0,2026-02-17 09:16:00+00:00,surfline_trevone_20260217_0916
-553601.5343568294,6541278.706784457,-102.62494080000047,0.002506265664160401,2026-02-17 09:16:00+00:00,surfline_trevone_20260217_0916
-553602.0002371513,6541278.450293339,-102.62494080000047,0.005012531328320802,2026-02-17 09:16:00+00:00,surfline_trevone_20260217_0916
-553602.4494514272,6541278.188936074,-102.62494080000047,0.007518796992481203,2026-02-17 09:16:00+00:00,surfline_trevone_20260217_0916
-553602.8850875066,6541277.9236145215,-102.62494080000047,0.010025062656641603,2026-02-17 09:16:00+00:00,surfline_trevone_20260217_0916
-553603.2831020677,6541277.647308731,-102.62494080000047,0.012531328320802004,2026-02-17 09:16:00+00:00,surfline_trevone_20260217_0916
-553603.6548876979,6541277.36334471,-102.62494080000047,0.015037593984962405,2026-02-17 09:16:00+00:00,surfline_trevone_20260217_0916
-553603.9924901408,6541277.069400049,-102.62494080000047,0.017543859649122806,2026-02-17 09:16:00+00:00,surfline_trevone_20260217_0916
-553604.3259522674,6541276.774246684,-102.62494080000047,0.020050125313283207,2026-02-17 09:16:00+00:00,surfline_trevone_20260217_0916
-553604.6666384914,6541276.481202694,-102.62494080000047,0.022556390977443608,2026-02-17 09:16:00+00:00,surfline_trevone_20260217_0916
-553605.0054784414,6541276.187619496,-102.62494080000047,0.02506265664160401,2026-02-17 09:16:00+00:00,surfline_trevone_20260217_0916
-553605.2974064527,6541275.880339234,-102.62494080000047,0.02756892230576441,2026-02-17 09:16:00+00:00,surfline_trevone_20260217_0916
-553605.5783761456,6541275.569859611,-102.62494080000047,0.03007518796992481,2026-02-17 09:16:00+00:00,surfline_trevone_20260217_0916
-553605.8139972751,6541275.24613968,-102.62494080000047,0.03258145363408521,2026-02-17 09:16:00+00:00,surfline_trevone_20260217_0916
-553606.0635081305,6541274.926474994,-102.62494080000047,0.03508771929824561,2026-02-17 09:16:00+00:00,surfline_trevone_20260217_0916
-553606.3066918305,6541274.604962816,-102.62494080000047,0.03759398496240601,2026-02-17 09:16:00+00:00,surfline_trevone_20260217_0916
-553606.5419124686,6541274.281125805,-102.62494080000047,0.040100250626566414,2026-02-17 09:16:00+00:00,surfline_trevone_20260217_0916
-553606.7727980723,6541273.956023239,-102.62494080000047,0.042606516290726815,2026-02-17 09:16:00+00:00,surfline_trevone_20260217_0916
-553606.9607934713,6541273.618397835,-102.62494080000047,0.045112781954887216,2026-02-17 09:16:00+00:00,surfline_trevone_20260217_0916
-553607.0208050613,6541273.243404749,-102.62494080000047,0.047619047619047616,2026-02-17 09:16:00+00:00,surfline_trevone_20260217_0916
-553607.1569717888,6541272.890646887,-102.62494080000047,0.05012531328320802,2026-02-17 09:16:00+00:00,surfline_trevone_20260217_0916
-553607.2008560032,6541272.510945373,-102.62494080000047,0.05263157894736842,2026-02-17 09:16:00+00:00,surfline_trevone_20260217_0916
-553607.3797388371,6541272.170659367,-102.62494080000047,0.05513784461152882,2026-02-17 09:16:00+00:00,surfline_trevone_20260217_0916
-553607.7281302954,6541271.879864784,-102.62494080000047,0.05764411027568922,2026-02-17 09:16:00+00:00,surfline_trevone_20260217_0916
-553608.0692548732,6541271.586948779,-102.62494080000047,0.06015037593984962,2026-02-17 09:16:00+00:00,surfline_trevone_20260217_0916
-553608.385307641,6541271.286712389,-102.62494080000047,0.06265664160401002,2026-02-17 09:16:00+00:00,surfline_trevone_20260217_0916
-553608.6305557714,6541270.965802966,-102.62494080000047,0.06516290726817042,2026-02-17 09:16:00+00:00,surfline_trevone_20260217_0916
-553608.8851754238,6541270.647629963,-102.62494080000047,0.06766917293233082,2026-02-17 09:16:00+00:00,surfline_trevone_20260217_0916
-553609.1680954631,6541270.337719869,-102.62494080000047,0.07017543859649122,2026-02-17 09:16:00+00:00,surfline_trevone_20260217_0916
-553609.5451875954,6541270.055305191,-102.62494080000047,0.07268170426065163,2026-02-17 09:16:00+00:00,surfline_trevone_20260217_0916
-553609.8868498774,6541269.7625458855,-102.62494080000047,0.07518796992481203,2026-02-17 09:16:00+00:00,surfline_trevone_20260217_0916
-553610.159048919,6541269.449505488,-102.62494080000047,0.07769423558897243,2026-02-17 09:16:00+00:00,surfline_trevone_20260217_0916
-553610.4224097545,6541269.133884741,-102.62494080000047,0.08020050125313283,2026-02-17 09:16:00+00:00,surfline_trevone_20260217_0916
-553610.6936849687,6541268.820574612,-102.62494080000047,0.08270676691729323,2026-02-17 09:16:00+00:00,surfline_trevone_20260217_0916
-553610.9854075379,6541268.5132343685,-102.62494080000047,0.08521303258145363,2026-02-17 09:16:00+00:00,surfline_trevone_20260217_0916
-553611.2885979372,6541268.209242543,-102.62494080000047,0.08771929824561403,2026-02-17 09:16:00+00:00,surfline_trevone_20260217_0916
-553611.5736366083,6541267.89995109,-102.62494080000047,0.09022556390977443,2026-02-17 09:16:00+00:00,surfline_trevone_20260217_0916
-553611.8274909635,6541267.58155458,-102.62494080000047,0.09273182957393483,2026-02-17 09:16:00+00:00,surfline_trevone_20260217_0916
-553612.0758631052,6541267.261557276,-102.62494080000047,0.09523809523809523,2026-02-17 09:16:00+00:00,surfline_trevone_20260217_0916
-553612.3460250595,6541266.94792211,-102.62494080000047,0.09774436090225563,2026-02-17 09:16:00+00:00,surfline_trevone_20260217_0916
-553612.6329706357,6541266.639187417,-102.62494080000047,0.10025062656641603,2026-02-17 09:16:00+00:00,surfline_trevone_20260217_0916
-553612.9460341472,6541266.338078251,-102.62494080000047,0.10275689223057644,2026-02-17 09:16:00+00:00,surfline_trevone_20260217_0916
-553613.2397064378,6541266.03130727,-102.62494080000047,0.10526315789473684,2026-02-17 09:16:00+00:00,surfline_trevone_20260217_0916
-553613.49635994,6541265.713728029,-102.62494080000047,0.10776942355889724,2026-02-17 09:16:00+00:00,surfline_trevone_20260217_0916
-553613.7323672205,6541265.390120842,-102.62494080000047,0.11027568922305764,2026-02-17 09:16:00+00:00,surfline_trevone_20260217_0916
-553613.9690411335,6541265.066708143,-102.62494080000047,0.11278195488721804,2026-02-17 09:16:00+00:00,surfline_trevone_20260217_0916
-553614.2169544715,6541264.746576883,-102.62494080000047,0.11528822055137844,2026-02-17 09:16:00+00:00,surfline_trevone_20260217_0916
-553614.4741946553,6541264.429169083,-102.62494080000047,0.11779448621553884,2026-02-17 09:16:00+00:00,surfline_trevone_20260217_0916
-553614.738560796,6541264.113841706,-102.62494080000047,0.12030075187969924,2026-02-17 09:16:00+00:00,surfline_trevone_20260217_0916
-553614.9701418926,6541263.78894191,-102.62494080000047,0.12280701754385964,2026-02-17 09:16:00+00:00,surfline_trevone_20260217_0916
-553615.190431498,6541263.460745472,-102.62494080000047,0.12531328320802004,2026-02-17 09:16:00+00:00,surfline_trevone_20260217_0916
-553615.3947317688,6541263.127880762,-102.62494080000047,0.12781954887218044,2026-02-17 09:16:00+00:00,surfline_trevone_20260217_0916
-553615.6080918247,6541262.797661099,-102.62494080000047,0.13032581453634084,2026-02-17 09:16:00+00:00,surfline_trevone_20260217_0916
-553615.832411048,6541262.470641047,-102.62494080000047,0.13283208020050125,2026-02-17 09:16:00+00:00,surfline_trevone_20260217_0916
-553616.0764884939,6541262.149390027,-102.62494080000047,0.13533834586466165,2026-02-17 09:16:00+00:00,surfline_trevone_20260217_0916
-553616.3226406778,6541261.828744791,-102.62494080000047,0.13784461152882205,2026-02-17 09:16:00+00:00,surfline_trevone_20260217_0916
-553616.5764805365,6541261.510344048,-102.62494080000047,0.14035087719298245,2026-02-17 09:16:00+00:00,surfline_trevone_20260217_0916
-553616.8297660914,6541261.19178132,-102.62494080000047,0.14285714285714285,2026-02-17 09:16:00+00:00,surfline_trevone_20260217_0916
-553617.0877691949,6541260.874596124,-102.62494080000047,0.14536340852130325,2026-02-17 09:16:00+00:00,surfline_trevone_20260217_0916
-553617.3529677351,6541260.55951193,-102.62494080000047,0.14786967418546365,2026-02-17 09:16:00+00:00,surfline_trevone_20260217_0916
-553617.6213759194,6541260.245364713,-102.62494080000047,0.15037593984962405,2026-02-17 09:16:00+00:00,surfline_trevone_20260217_0916
-553617.8980822028,6541259.933640153,-102.62494080000047,0.15288220551378445,2026-02-17 09:16:00+00:00,surfline_trevone_20260217_0916
-553618.1731739348,6541259.621444337,-102.62494080000047,0.15538847117794485,2026-02-17 09:16:00+00:00,surfline_trevone_20260217_0916
-553618.4435685943,6541259.307877258,-102.62494080000047,0.15789473684210525,2026-02-17 09:16:00+00:00,surfline_trevone_20260217_0916
-553618.6793837254,6541258.984213821,-102.62494080000047,0.16040100250626566,2026-02-17 09:16:00+00:00,surfline_trevone_20260217_0916
-553618.8859871402,6541258.652021271,-102.62494080000047,0.16290726817042606,2026-02-17 09:16:00+00:00,surfline_trevone_20260217_0916
-553619.0761060684,6541258.315015877,-102.62494080000047,0.16541353383458646,2026-02-17 09:16:00+00:00,surfline_trevone_20260217_0916
-553619.273486248,6541257.980130701,-102.62494080000047,0.16791979949874686,2026-02-17 09:16:00+00:00,surfline_trevone_20260217_0916
-553619.4899199423,6541257.650808451,-102.62494080000047,0.17042606516290726,2026-02-17 09:16:00+00:00,surfline_trevone_20260217_0916
-553619.6695338212,6541257.310735744,-102.62494080000047,0.17293233082706766,2026-02-17 09:16:00+00:00,surfline_trevone_20260217_0916
-553619.844481089,6541256.969300813,-102.62494080000047,0.17543859649122806,2026-02-17 09:16:00+00:00,surfline_trevone_20260217_0916
-553620.017372398,6541256.627265456,-102.62494080000047,0.17794486215538846,2026-02-17 09:16:00+00:00,surfline_trevone_20260217_0916
-553620.1969748513,6541256.287189414,-102.62494080000047,0.18045112781954886,2026-02-17 09:16:00+00:00,surfline_trevone_20260217_0916
-553620.3787175702,6541255.947738411,-102.62494080000047,0.18295739348370926,2026-02-17 09:16:00+00:00,surfline_trevone_20260217_0916
-553620.5733326338,6541255.612045903,-102.62494080000047,0.18546365914786966,2026-02-17 09:16:00+00:00,surfline_trevone_20260217_0916
-553620.6689082868,6541255.247436632,-102.62494080000047,0.18796992481203006,2026-02-17 09:16:00+00:00,surfline_trevone_20260217_0916
-553620.696301089,6541254.862919814,-102.62494080000047,0.19047619047619047,2026-02-17 09:16:00+00:00,surfline_trevone_20260217_0916
-553620.7236938231,6541254.478403122,-102.62494080000047,0.19298245614035087,2026-02-17 09:16:00+00:00,surfline_trevone_20260217_0916
-553620.755882245,6541254.095286775,-102.62494080000047,0.19548872180451127,2026-02-17 09:16:00+00:00,surfline_trevone_20260217_0916
-553620.7978638886,6541253.71502968,-102.62494080000047,0.19799498746867167,2026-02-17 09:16:00+00:00,surfline_trevone_20260217_0916
-553620.8265056679,6541253.330877466,-102.62494080000047,0.20050125313283207,2026-02-17 09:16:00+00:00,surfline_trevone_20260217_0916
-553620.7881231015,6541252.927156306,-102.62494080000047,0.20300751879699247,2026-02-17 09:16:00+00:00,surfline_trevone_20260217_0916
-553620.7037696239,6541252.510013127,-102.62494080000047,0.20551378446115287,2026-02-17 09:16:00+00:00,surfline_trevone_20260217_0916
-553620.5269057901,6541252.065859479,-102.62494080000047,0.20802005012531327,2026-02-17 09:16:00+00:00,surfline_trevone_20260217_0916
-553620.2993217341,6541251.606896862,-102.62494080000047,0.21052631578947367,2026-02-17 09:16:00+00:00,surfline_trevone_20260217_0916
-553620.0898987874,6541251.153236905,-102.62494080000047,0.21303258145363407,2026-02-17 09:16:00+00:00,surfline_trevone_20260217_0916
-553619.8912697705,6541250.702728605,-102.62494080000047,0.21553884711779447,2026-02-17 09:16:00+00:00,surfline_trevone_20260217_0916
-553619.6670395478,6541250.244745354,-102.62494080000047,0.21804511278195488,2026-02-17 09:16:00+00:00,surfline_trevone_20260217_0916
-553619.4324295784,6541249.783731375,-102.62494080000047,0.22055137844611528,2026-02-17 09:16:00+00:00,surfline_trevone_20260217_0916
-553619.314973832,6541249.356923156,-102.62494080000047,0.22305764411027568,2026-02-17 09:16:00+00:00,surfline_trevone_20260217_0916
-553619.2462944331,6541248.944356351,-102.62494080000047,0.22556390977443608,2026-02-17 09:16:00+00:00,surfline_trevone_20260217_0916
-553619.244310931,6541248.551262654,-102.62494080000047,0.22807017543859648,2026-02-17 09:16:00+00:00,surfline_trevone_20260217_0916
-553619.3246517777,6541248.182205119,-102.62494080000047,0.23057644110275688,2026-02-17 09:16:00+00:00,surfline_trevone_20260217_0916
-553619.4038783119,6541247.81282253,-102.62494080000047,0.23308270676691728,2026-02-17 09:16:00+00:00,surfline_trevone_20260217_0916
-553619.4303840712,6541247.428046865,-102.62494080000047,0.23558897243107768,2026-02-17 09:16:00+00:00,surfline_trevone_20260217_0916
-553619.4085984499,6541247.029171383,-102.62494080000047,0.23809523809523808,2026-02-17 09:16:00+00:00,surfline_trevone_20260217_0916
-553619.347457276,6541246.618805375,-102.62494080000047,0.24060150375939848,2026-02-17 09:16:00+00:00,surfline_trevone_20260217_0916
-553619.2822688215,6541246.207257824,-102.62494080000047,0.24310776942355888,2026-02-17 09:16:00+00:00,surfline_trevone_20260217_0916
-553619.2861619148,6541245.815879922,-102.62494080000047,0.24561403508771928,2026-02-17 09:16:00+00:00,surfline_trevone_20260217_0916
-553619.3268443011,6541245.435243274,-102.62494080000047,0.24812030075187969,2026-02-17 09:16:00+00:00,surfline_trevone_20260217_0916
-553619.3472878006,6541245.0486976085,-102.62494080000047,0.2506265664160401,2026-02-17 09:16:00+00:00,surfline_trevone_20260217_0916
-553619.3512169159,6541244.6573303705,-102.62494080000047,0.2531328320802005,2026-02-17 09:16:00+00:00,surfline_trevone_20260217_0916
-553619.3795691674,6541244.273093829,-102.62494080000047,0.2556390977443609,2026-02-17 09:16:00+00:00,surfline_trevone_20260217_0916
-553619.548707462,6541243.929962556,-102.62494080000047,0.2581453634085213,2026-02-17 09:16:00+00:00,surfline_trevone_20260217_0916
-553619.7561130901,6541243.598004374,-102.62494080000047,0.2606516290726817,2026-02-17 09:16:00+00:00,surfline_trevone_20260217_0916
-553619.8929970987,6541243.245456084,-102.62494080000047,0.2631578947368421,2026-02-17 09:16:00+00:00,surfline_trevone_20260217_0916
-553620.1174740465,6541242.918482291,-102.62494080000047,0.2656641604010025,2026-02-17 09:16:00+00:00,surfline_trevone_20260217_0916
-553620.3930076704,6541242.606415285,-102.62494080000047,0.2681704260651629,2026-02-17 09:16:00+00:00,surfline_trevone_20260217_0916
-553620.692185039,6541242.301251772,-102.62494080000047,0.2706766917293233,2026-02-17 09:16:00+00:00,surfline_trevone_20260217_0916
-553620.9642736675,6541241.988179284,-102.62494080000047,0.2731829573934837,2026-02-17 09:16:00+00:00,surfline_trevone_20260217_0916
-553621.2388511498,6541241.675833321,-102.62494080000047,0.2756892230576441,2026-02-17 09:16:00+00:00,surfline_trevone_20260217_0916
-553621.5247804592,6541241.366801616,-102.62494080000047,0.2781954887218045,2026-02-17 09:16:00+00:00,surfline_trevone_20260217_0916
-553621.8460613886,6541241.068091697,-102.62494080000047,0.2807017543859649,2026-02-17 09:16:00+00:00,surfline_trevone_20260217_0916
-553622.1679556951,6541240.769561013,-102.62494080000047,0.2832080200501253,2026-02-17 09:16:00+00:00,surfline_trevone_20260217_0916
-553622.4892273387,6541240.470848382,-102.62494080000047,0.2857142857142857,2026-02-17 09:16:00+00:00,surfline_trevone_20260217_0916
-553622.791403803,6541240.166560372,-102.62494080000047,0.2882205513784461,2026-02-17 09:16:00+00:00,surfline_trevone_20260217_0916
-553623.09539547,6541239.862802493,-102.62494080000047,0.2907268170426065,2026-02-17 09:16:00+00:00,surfline_trevone_20260217_0916
-553623.4018046329,6541239.559750599,-102.62494080000047,0.2932330827067669,2026-02-17 09:16:00+00:00,surfline_trevone_20260217_0916
-553623.7105631178,6541239.257384491,-102.62494080000047,0.2957393483709273,2026-02-17 09:16:00+00:00,surfline_trevone_20260217_0916
-553624.0204326182,6541238.955342623,-102.62494080000047,0.2982456140350877,2026-02-17 09:16:00+00:00,surfline_trevone_20260217_0916
-553624.3478583884,6541238.658426965,-102.62494080000047,0.3007518796992481,2026-02-17 09:16:00+00:00,surfline_trevone_20260217_0916
-553624.5948793764,6541238.33803531,-102.62494080000047,0.3032581453634085,2026-02-17 09:16:00+00:00,surfline_trevone_20260217_0916
-553624.8427865265,6541238.017902245,-102.62494080000047,0.3057644110275689,2026-02-17 09:16:00+00:00,surfline_trevone_20260217_0916
-553625.099387715,6541237.70030773,-102.62494080000047,0.3082706766917293,2026-02-17 09:16:00+00:00,surfline_trevone_20260217_0916
-553625.3501472188,6541237.381007759,-102.62494080000047,0.3107769423558897,2026-02-17 09:16:00+00:00,surfline_trevone_20260217_0916
-553625.5969923618,6541237.060564763,-102.62494080000047,0.3132832080200501,2026-02-17 09:16:00+00:00,surfline_trevone_20260217_0916
-553625.8498904923,6541236.741888918,-102.62494080000047,0.3157894736842105,2026-02-17 09:16:00+00:00,surfline_trevone_20260217_0916
-553626.0207233069,6541236.399252542,-102.62494080000047,0.3182957393483709,2026-02-17 09:16:00+00:00,surfline_trevone_20260217_0916
-553626.1208590983,6541236.035974844,-102.62494080000047,0.3208020050125313,2026-02-17 09:16:00+00:00,surfline_trevone_20260217_0916
-553626.2065525306,6541235.668480253,-102.62494080000047,0.3233082706766917,2026-02-17 09:16:00+00:00,surfline_trevone_20260217_0916
-553626.3011817853,6541235.3035945175,-102.62494080000047,0.3258145363408521,2026-02-17 09:16:00+00:00,surfline_trevone_20260217_0916
-553626.4029586388,6541234.9407958165,-102.62494080000047,0.3283208020050125,2026-02-17 09:16:00+00:00,surfline_trevone_20260217_0916
-553626.5057367793,6541234.578289608,-102.62494080000047,0.3308270676691729,2026-02-17 09:16:00+00:00,surfline_trevone_20260217_0916
-553626.6108352742,6541234.21646079,-102.62494080000047,0.3333333333333333,2026-02-17 09:16:00+00:00,surfline_trevone_20260217_0916
-553626.7165237383,6541233.854803958,-102.62494080000047,0.3358395989974937,2026-02-17 09:16:00+00:00,surfline_trevone_20260217_0916
-553626.8241187383,6541233.4937039865,-102.62494080000047,0.3383458646616541,2026-02-17 09:16:00+00:00,surfline_trevone_20260217_0916
-553626.9327205814,6541233.132898129,-102.62494080000047,0.3408521303258145,2026-02-17 09:16:00+00:00,surfline_trevone_20260217_0916
-553627.0414473824,6541232.772128608,-102.62494080000047,0.3433583959899749,2026-02-17 09:16:00+00:00,surfline_trevone_20260217_0916
-553627.1518709692,6541232.4118543565,-102.62494080000047,0.3458646616541353,2026-02-17 09:16:00+00:00,surfline_trevone_20260217_0916
-553627.2621869514,6541232.051548832,-102.62494080000047,0.3483709273182957,2026-02-17 09:16:00+00:00,surfline_trevone_20260217_0916
-553627.3729196519,6541231.691365122,-102.62494080000047,0.3508771929824561,2026-02-17 09:16:00+00:00,surfline_trevone_20260217_0916
-553627.4869038553,6541231.33213061,-102.62494080000047,0.3533834586466165,2026-02-17 09:16:00+00:00,surfline_trevone_20260217_0916
-553627.6031716766,6541230.973562704,-102.62494080000047,0.3558897243107769,2026-02-17 09:16:00+00:00,surfline_trevone_20260217_0916
-553627.7319025899,6541230.618633946,-102.62494080000047,0.3583959899749373,2026-02-17 09:16:00+00:00,surfline_trevone_20260217_0916
-553627.8901534243,6541230.272323999,-102.62494080000047,0.3609022556390977,2026-02-17 09:16:00+00:00,surfline_trevone_20260217_0916
-553628.0531294857,6541229.927393535,-102.62494080000047,0.3634085213032581,2026-02-17 09:16:00+00:00,surfline_trevone_20260217_0916
-553628.2306222611,6541229.586701673,-102.62494080000047,0.3659147869674185,2026-02-17 09:16:00+00:00,surfline_trevone_20260217_0916
-553628.4081150241,6541229.246009952,-102.62494080000047,0.3684210526315789,2026-02-17 09:16:00+00:00,surfline_trevone_20260217_0916
-553628.5858072524,6541228.905376324,-102.62494080000047,0.37092731829573933,2026-02-17 09:16:00+00:00,surfline_trevone_20260217_0916
-553628.7665457111,6541228.565631962,-102.62494080000047,0.37343358395989973,2026-02-17 09:16:00+00:00,surfline_trevone_20260217_0916
-553628.9486513193,6541228.226286913,-102.62494080000047,0.37593984962406013,2026-02-17 09:16:00+00:00,surfline_trevone_20260217_0916
-553629.1342404975,6541227.887959109,-102.62494080000047,0.37844611528822053,2026-02-17 09:16:00+00:00,surfline_trevone_20260217_0916
-553629.3214574376,6541227.550106418,-102.62494080000047,0.38095238095238093,2026-02-17 09:16:00+00:00,surfline_trevone_20260217_0916
-553629.5086743868,6541227.212253586,-102.62494080000047,0.38345864661654133,2026-02-17 09:16:00+00:00,surfline_trevone_20260217_0916
-553629.6865083103,6541226.87166133,-102.62494080000047,0.38596491228070173,2026-02-17 09:16:00+00:00,surfline_trevone_20260217_0916
-553629.8548193683,6541226.528288819,-102.62494080000047,0.38847117794486213,2026-02-17 09:16:00+00:00,surfline_trevone_20260217_0916
-553630.0137337119,6541226.182172596,-102.62494080000047,0.39097744360902253,2026-02-17 09:16:00+00:00,surfline_trevone_20260217_0916
-553630.1511171233,6541225.8297698265,-102.62494080000047,0.39348370927318294,2026-02-17 09:16:00+00:00,surfline_trevone_20260217_0916
-553630.2861129966,6541225.47667011,-102.62494080000047,0.39598997493734334,2026-02-17 09:16:00+00:00,surfline_trevone_20260217_0916
-553630.416045951,6541225.122092313,-102.62494080000047,0.39849624060150374,2026-02-17 09:16:00+00:00,surfline_trevone_20260217_0916
-553630.5464591589,6541224.767654653,-102.62494080000047,0.40100250626566414,2026-02-17 09:16:00+00:00,surfline_trevone_20260217_0916
-553630.6591378633,6541224.408038768,-102.62494080000047,0.40350877192982454,2026-02-17 09:16:00+00:00,surfline_trevone_20260217_0916
-553630.7482284486,6541224.041536047,-102.62494080000047,0.40601503759398494,2026-02-17 09:16:00+00:00,surfline_trevone_20260217_0916
-553630.8372413256,6541223.675010783,-102.62494080000047,0.40852130325814534,2026-02-17 09:16:00+00:00,surfline_trevone_20260217_0916
-553630.9278440697,6541223.308949567,-102.62494080000047,0.41102756892230574,2026-02-17 09:16:00+00:00,surfline_trevone_20260217_0916
-553631.0043063952,6541222.938759618,-102.62494080000047,0.41353383458646614,2026-02-17 09:16:00+00:00,surfline_trevone_20260217_0916
-553631.0603874746,6541222.562619231,-102.62494080000047,0.41604010025062654,2026-02-17 09:16:00+00:00,surfline_trevone_20260217_0916
-553631.1417251086,6541222.1938528735,-102.62494080000047,0.41854636591478694,2026-02-17 09:16:00+00:00,surfline_trevone_20260217_0916
-553631.2637886717,6541221.836977155,-102.62494080000047,0.42105263157894735,2026-02-17 09:16:00+00:00,surfline_trevone_20260217_0916
-553631.387528452,6541221.480590988,-102.62494080000047,0.42355889724310775,2026-02-17 09:16:00+00:00,surfline_trevone_20260217_0916
-553631.5186427552,6541221.12635811,-102.62494080000047,0.42606516290726815,2026-02-17 09:16:00+00:00,surfline_trevone_20260217_0916
-553631.5967543733,6541220.756649851,-102.62494080000047,0.42857142857142855,2026-02-17 09:16:00+00:00,surfline_trevone_20260217_0916
-553631.6791155372,6541220.388182191,-102.62494080000047,0.43107769423558895,2026-02-17 09:16:00+00:00,surfline_trevone_20260217_0916
-553631.7648896346,6541220.020711153,-102.62494080000047,0.43358395989974935,2026-02-17 09:16:00+00:00,surfline_trevone_20260217_0916
-553631.868905952,6541219.658566454,-102.62494080000047,0.43609022556390975,2026-02-17 09:16:00+00:00,surfline_trevone_20260217_0916
-553631.9534101519,6541219.290724643,-102.62494080000047,0.43859649122807015,2026-02-17 09:16:00+00:00,surfline_trevone_20260217_0916
-553632.046919661,6541218.925511974,-102.62494080000047,0.44110275689223055,2026-02-17 09:16:00+00:00,surfline_trevone_20260217_0916
-553632.1538755897,6541218.564225412,-102.62494080000047,0.44360902255639095,2026-02-17 09:16:00+00:00,surfline_trevone_20260217_0916
-553632.2715855889,6541218.206078868,-102.62494080000047,0.44611528822055135,2026-02-17 09:16:00+00:00,surfline_trevone_20260217_0916
-553632.3562585321,6541217.838286324,-102.62494080000047,0.44862155388471175,2026-02-17 09:16:00+00:00,surfline_trevone_20260217_0916
-553632.4258505617,6541217.46609045,-102.62494080000047,0.45112781954887216,2026-02-17 09:16:00+00:00,surfline_trevone_20260217_0916
-553632.4969914595,6541217.094346945,-102.62494080000047,0.45363408521303256,2026-02-17 09:16:00+00:00,surfline_trevone_20260217_0916
-553632.580733168,6541216.7262826525,-102.62494080000047,0.45614035087719296,2026-02-17 09:16:00+00:00,surfline_trevone_20260217_0916
-553632.6316394449,6541216.348631227,-102.62494080000047,0.45864661654135336,2026-02-17 09:16:00+00:00,surfline_trevone_20260217_0916
-553632.6884902765,6541215.972715296,-102.62494080000047,0.46115288220551376,2026-02-17 09:16:00+00:00,surfline_trevone_20260217_0916
-553632.7464751494,6541215.597130614,-102.62494080000047,0.46365914786967416,2026-02-17 09:16:00+00:00,surfline_trevone_20260217_0916
-553632.791019618,6541215.217621873,-102.62494080000047,0.46616541353383456,2026-02-17 09:16:00+00:00,surfline_trevone_20260217_0916
-553632.8550291692,6541214.843796284,-102.62494080000047,0.46867167919799496,2026-02-17 09:16:00+00:00,surfline_trevone_20260217_0916
-553632.9399396746,6541214.476072894,-102.62494080000047,0.47117794486215536,2026-02-17 09:16:00+00:00,surfline_trevone_20260217_0916
-553633.021944644,6541214.107501525,-102.62494080000047,0.47368421052631576,2026-02-17 09:16:00+00:00,surfline_trevone_20260217_0916
-553633.1199476725,6541213.743600978,-102.62494080000047,0.47619047619047616,2026-02-17 09:16:00+00:00,surfline_trevone_20260217_0916
-553633.0783741876,6541213.338948018,-102.62494080000047,0.47869674185463656,2026-02-17 09:16:00+00:00,surfline_trevone_20260217_0916
-553632.9938833885,6541212.9217646,-102.62494080000047,0.48120300751879697,2026-02-17 09:16:00+00:00,surfline_trevone_20260217_0916
-553632.987441564,6541212.527369349,-102.62494080000047,0.48370927318295737,2026-02-17 09:16:00+00:00,surfline_trevone_20260217_0916
-553632.9840026711,6541212.133850722,-102.62494080000047,0.48621553884711777,2026-02-17 09:16:00+00:00,surfline_trevone_20260217_0916
-553633.0426243528,6541211.758451825,-102.62494080000047,0.48872180451127817,2026-02-17 09:16:00+00:00,surfline_trevone_20260217_0916
-553633.1330669135,6541211.3923438415,-102.62494080000047,0.49122807017543857,2026-02-17 09:16:00+00:00,surfline_trevone_20260217_0916
-553633.2229070669,6541211.026060118,-102.62494080000047,0.49373433583959897,2026-02-17 09:16:00+00:00,surfline_trevone_20260217_0916
-553633.2229070669,6541211.026060118,-102.62494080000047,0.49624060150375937,2026-02-17 09:16:00+00:00,surfline_trevone_20260217_0916
-553633.2229070669,6541211.026060118,-102.62494080000047,0.49874686716791977,2026-02-17 09:16:00+00:00,surfline_trevone_20260217_0916
-553633.2229070669,6541211.026060118,-102.62494080000047,0.5012531328320802,2026-02-17 09:16:00+00:00,surfline_trevone_20260217_0916
-553633.2229070669,6541211.026060118,-102.62494080000047,0.5037593984962405,2026-02-17 09:16:00+00:00,surfline_trevone_20260217_0916
-553633.2229070669,6541211.026060118,-102.62494080000047,0.506265664160401,2026-02-17 09:16:00+00:00,surfline_trevone_20260217_0916
-553633.2229070669,6541211.026060118,-102.62494080000047,0.5087719298245614,2026-02-17 09:16:00+00:00,surfline_trevone_20260217_0916
-553633.2229070669,6541211.026060118,-102.62494080000047,0.5112781954887218,2026-02-17 09:16:00+00:00,surfline_trevone_20260217_0916
-553633.2229070669,6541211.026060118,-102.62494080000047,0.5137844611528821,2026-02-17 09:16:00+00:00,surfline_trevone_20260217_0916
-553633.2229070669,6541211.026060118,-102.62494080000047,0.5162907268170426,2026-02-17 09:16:00+00:00,surfline_trevone_20260217_0916
-553633.2229070669,6541211.026060118,-102.62494080000047,0.518796992481203,2026-02-17 09:16:00+00:00,surfline_trevone_20260217_0916
-553633.2229070669,6541211.026060118,-102.62494080000047,0.5213032581453634,2026-02-17 09:16:00+00:00,surfline_trevone_20260217_0916
-553633.2229070669,6541211.026060118,-102.62494080000047,0.5238095238095237,2026-02-17 09:16:00+00:00,surfline_trevone_20260217_0916
-553633.2229070669,6541211.026060118,-102.62494080000047,0.5263157894736842,2026-02-17 09:16:00+00:00,surfline_trevone_20260217_0916
-553633.2229070669,6541211.026060118,-102.62494080000047,0.5288220551378446,2026-02-17 09:16:00+00:00,surfline_trevone_20260217_0916
-553633.2229070669,6541211.026060118,-102.62494080000047,0.531328320802005,2026-02-17 09:16:00+00:00,surfline_trevone_20260217_0916
-553633.2229070669,6541211.026060118,-102.62494080000047,0.5338345864661653,2026-02-17 09:16:00+00:00,surfline_trevone_20260217_0916
-553633.2229070669,6541211.026060118,-102.62494080000047,0.5363408521303258,2026-02-17 09:16:00+00:00,surfline_trevone_20260217_0916
-553633.2229070669,6541211.026060118,-102.62494080000047,0.5388471177944862,2026-02-17 09:16:00+00:00,surfline_trevone_20260217_0916
-553633.2229070669,6541211.026060118,-102.62494080000047,0.5413533834586466,2026-02-17 09:16:00+00:00,surfline_trevone_20260217_0916
-553633.2229070669,6541211.026060118,-102.62494080000047,0.5438596491228069,2026-02-17 09:16:00+00:00,surfline_trevone_20260217_0916
-553633.2229070669,6541211.026060118,-102.62494080000047,0.5463659147869674,2026-02-17 09:16:00+00:00,surfline_trevone_20260217_0916
-553633.2229070669,6541211.026060118,-102.62494080000047,0.5488721804511278,2026-02-17 09:16:00+00:00,surfline_trevone_20260217_0916
-553633.2229070669,6541211.026060118,-102.62494080000047,0.5513784461152882,2026-02-17 09:16:00+00:00,surfline_trevone_20260217_0916
-553633.2229070669,6541211.026060118,-102.62494080000047,0.5538847117794485,2026-02-17 09:16:00+00:00,surfline_trevone_20260217_0916
-553633.2229070669,6541211.026060118,-102.62494080000047,0.556390977443609,2026-02-17 09:16:00+00:00,surfline_trevone_20260217_0916
-553633.2229070669,6541211.026060118,-102.62494080000047,0.5588972431077694,2026-02-17 09:16:00+00:00,surfline_trevone_20260217_0916
-553633.2229070669,6541211.026060118,-102.62494080000047,0.5614035087719298,2026-02-17 09:16:00+00:00,surfline_trevone_20260217_0916
-553633.2229070669,6541211.026060118,-102.62494080000047,0.5639097744360901,2026-02-17 09:16:00+00:00,surfline_trevone_20260217_0916
-553633.2229070669,6541211.026060118,-102.62494080000047,0.5664160401002506,2026-02-17 09:16:00+00:00,surfline_trevone_20260217_0916
-553633.2229070669,6541211.026060118,-102.62494080000047,0.568922305764411,2026-02-17 09:16:00+00:00,surfline_trevone_20260217_0916
-553633.2229070669,6541211.026060118,-102.62494080000047,0.5714285714285714,2026-02-17 09:16:00+00:00,surfline_trevone_20260217_0916
-553633.2229070669,6541211.026060118,-102.62494080000047,0.5739348370927317,2026-02-17 09:16:00+00:00,surfline_trevone_20260217_0916
-553633.2229070669,6541211.026060118,-102.62494080000047,0.5764411027568922,2026-02-17 09:16:00+00:00,surfline_trevone_20260217_0916
-553633.2229070669,6541211.026060118,-102.62494080000047,0.5789473684210527,2026-02-17 09:16:00+00:00,surfline_trevone_20260217_0916
-553633.2229070669,6541211.026060118,-102.62494080000047,0.581453634085213,2026-02-17 09:16:00+00:00,surfline_trevone_20260217_0916
-553633.2229070669,6541211.026060118,-102.62494080000047,0.5839598997493733,2026-02-17 09:16:00+00:00,surfline_trevone_20260217_0916
-553633.2229070669,6541211.026060118,-102.62494080000047,0.5864661654135338,2026-02-17 09:16:00+00:00,surfline_trevone_20260217_0916
-553633.2229070669,6541211.026060118,-102.62494080000047,0.5889724310776943,2026-02-17 09:16:00+00:00,surfline_trevone_20260217_0916
-553633.2229070669,6541211.026060118,-102.62494080000047,0.5914786967418546,2026-02-17 09:16:00+00:00,surfline_trevone_20260217_0916
-553633.2229070669,6541211.026060118,-102.62494080000047,0.593984962406015,2026-02-17 09:16:00+00:00,surfline_trevone_20260217_0916
-553633.2229070669,6541211.026060118,-102.62494080000047,0.5964912280701754,2026-02-17 09:16:00+00:00,surfline_trevone_20260217_0916
-553633.2229070669,6541211.026060118,-102.62494080000047,0.5989974937343359,2026-02-17 09:16:00+00:00,surfline_trevone_20260217_0916
-553633.2229070669,6541211.026060118,-102.62494080000047,0.6015037593984962,2026-02-17 09:16:00+00:00,surfline_trevone_20260217_0916
-553633.2229070669,6541211.026060118,-102.62494080000047,0.6040100250626566,2026-02-17 09:16:00+00:00,surfline_trevone_20260217_0916
-553633.2229070669,6541211.026060118,-102.62494080000047,0.606516290726817,2026-02-17 09:16:00+00:00,surfline_trevone_20260217_0916
-553633.2229070669,6541211.026060118,-102.62494080000047,0.6090225563909775,2026-02-17 09:16:00+00:00,surfline_trevone_20260217_0916
-553633.2229070669,6541211.026060118,-102.62494080000047,0.6115288220551378,2026-02-17 09:16:00+00:00,surfline_trevone_20260217_0916
-553633.2229070669,6541211.026060118,-102.62494080000047,0.6140350877192982,2026-02-17 09:16:00+00:00,surfline_trevone_20260217_0916
-553633.2229070669,6541211.026060118,-102.62494080000047,0.6165413533834586,2026-02-17 09:16:00+00:00,surfline_trevone_20260217_0916
-553633.2229070669,6541211.026060118,-102.62494080000047,0.6190476190476191,2026-02-17 09:16:00+00:00,surfline_trevone_20260217_0916
-553633.2229070669,6541211.026060118,-102.62494080000047,0.6215538847117794,2026-02-17 09:16:00+00:00,surfline_trevone_20260217_0916
-553633.2229070669,6541211.026060118,-102.62494080000047,0.6240601503759398,2026-02-17 09:16:00+00:00,surfline_trevone_20260217_0916
-553633.2229070669,6541211.026060118,-102.62494080000047,0.6265664160401002,2026-02-17 09:16:00+00:00,surfline_trevone_20260217_0916
-553633.2229070669,6541211.026060118,-102.62494080000047,0.6290726817042607,2026-02-17 09:16:00+00:00,surfline_trevone_20260217_0916
-553633.2229070669,6541211.026060118,-102.62494080000047,0.631578947368421,2026-02-17 09:16:00+00:00,surfline_trevone_20260217_0916
-553633.2229070669,6541211.026060118,-102.62494080000047,0.6340852130325814,2026-02-17 09:16:00+00:00,surfline_trevone_20260217_0916
-553633.2229070669,6541211.026060118,-102.62494080000047,0.6365914786967418,2026-02-17 09:16:00+00:00,surfline_trevone_20260217_0916
-553633.2229070669,6541211.026060118,-102.62494080000047,0.6390977443609023,2026-02-17 09:16:00+00:00,surfline_trevone_20260217_0916
-553633.2229070669,6541211.026060118,-102.62494080000047,0.6416040100250626,2026-02-17 09:16:00+00:00,surfline_trevone_20260217_0916
-553633.2229070669,6541211.026060118,-102.62494080000047,0.644110275689223,2026-02-17 09:16:00+00:00,surfline_trevone_20260217_0916
-553633.2229070669,6541211.026060118,-102.62494080000047,0.6466165413533834,2026-02-17 09:16:00+00:00,surfline_trevone_20260217_0916
-553633.2229070669,6541211.026060118,-102.62494080000047,0.6491228070175439,2026-02-17 09:16:00+00:00,surfline_trevone_20260217_0916
-553633.2229070669,6541211.026060118,-102.62494080000047,0.6516290726817042,2026-02-17 09:16:00+00:00,surfline_trevone_20260217_0916
-553633.2229070669,6541211.026060118,-102.62494080000047,0.6541353383458646,2026-02-17 09:16:00+00:00,surfline_trevone_20260217_0916
-553633.2229070669,6541211.026060118,-102.62494080000047,0.656641604010025,2026-02-17 09:16:00+00:00,surfline_trevone_20260217_0916
-553633.2229070669,6541211.026060118,-102.62494080000047,0.6591478696741855,2026-02-17 09:16:00+00:00,surfline_trevone_20260217_0916
-553633.2229070669,6541211.026060118,-102.62494080000047,0.6616541353383458,2026-02-17 09:16:00+00:00,surfline_trevone_20260217_0916
-553633.2229070669,6541211.026060118,-102.62494080000047,0.6641604010025062,2026-02-17 09:16:00+00:00,surfline_trevone_20260217_0916
-553633.2229070669,6541211.026060118,-102.62494080000047,0.6666666666666666,2026-02-17 09:16:00+00:00,surfline_trevone_20260217_0916
-553633.2229070669,6541211.026060118,-102.62494080000047,0.6691729323308271,2026-02-17 09:16:00+00:00,surfline_trevone_20260217_0916
-553633.2229070669,6541211.026060118,-102.62494080000047,0.6716791979949874,2026-02-17 09:16:00+00:00,surfline_trevone_20260217_0916
-553633.2229070669,6541211.026060118,-102.62494080000047,0.6741854636591478,2026-02-17 09:16:00+00:00,surfline_trevone_20260217_0916
-553633.2229070669,6541211.026060118,-102.62494080000047,0.6766917293233082,2026-02-17 09:16:00+00:00,surfline_trevone_20260217_0916
-553633.2229070669,6541211.026060118,-102.62494080000047,0.6791979949874687,2026-02-17 09:16:00+00:00,surfline_trevone_20260217_0916
-553633.2229070669,6541211.026060118,-102.62494080000047,0.681704260651629,2026-02-17 09:16:00+00:00,surfline_trevone_20260217_0916
-553633.2229070669,6541211.026060118,-102.62494080000047,0.6842105263157894,2026-02-17 09:16:00+00:00,surfline_trevone_20260217_0916
-553633.2229070669,6541211.026060118,-102.62494080000047,0.6867167919799498,2026-02-17 09:16:00+00:00,surfline_trevone_20260217_0916
-553633.2229070669,6541211.026060118,-102.62494080000047,0.6892230576441103,2026-02-17 09:16:00+00:00,surfline_trevone_20260217_0916
-553633.2229070669,6541211.026060118,-102.62494080000047,0.6917293233082706,2026-02-17 09:16:00+00:00,surfline_trevone_20260217_0916
-553633.2229070669,6541211.026060118,-102.62494080000047,0.694235588972431,2026-02-17 09:16:00+00:00,surfline_trevone_20260217_0916
-553633.2229070669,6541211.026060118,-102.62494080000047,0.6967418546365914,2026-02-17 09:16:00+00:00,surfline_trevone_20260217_0916
-553633.2229070669,6541211.026060118,-102.62494080000047,0.6992481203007519,2026-02-17 09:16:00+00:00,surfline_trevone_20260217_0916
-553633.2229070669,6541211.026060118,-102.62494080000047,0.7017543859649122,2026-02-17 09:16:00+00:00,surfline_trevone_20260217_0916
-553633.2229070669,6541211.026060118,-102.62494080000047,0.7042606516290726,2026-02-17 09:16:00+00:00,surfline_trevone_20260217_0916
-553633.2229070669,6541211.026060118,-102.62494080000047,0.706766917293233,2026-02-17 09:16:00+00:00,surfline_trevone_20260217_0916
-553633.2229070669,6541211.026060118,-102.62494080000047,0.7092731829573935,2026-02-17 09:16:00+00:00,surfline_trevone_20260217_0916
-553633.2229070669,6541211.026060118,-102.62494080000047,0.7117794486215538,2026-02-17 09:16:00+00:00,surfline_trevone_20260217_0916
-553633.2229070669,6541211.026060118,-102.62494080000047,0.7142857142857142,2026-02-17 09:16:00+00:00,surfline_trevone_20260217_0916
-553633.2229070669,6541211.026060118,-102.62494080000047,0.7167919799498746,2026-02-17 09:16:00+00:00,surfline_trevone_20260217_0916
-553633.2229070669,6541211.026060118,-102.62494080000047,0.7192982456140351,2026-02-17 09:16:00+00:00,surfline_trevone_20260217_0916
-553633.2229070669,6541211.026060118,-102.62494080000047,0.7218045112781954,2026-02-17 09:16:00+00:00,surfline_trevone_20260217_0916
-553633.2229070669,6541211.026060118,-102.62494080000047,0.7243107769423558,2026-02-17 09:16:00+00:00,surfline_trevone_20260217_0916
-553633.2229070669,6541211.026060118,-102.62494080000047,0.7268170426065163,2026-02-17 09:16:00+00:00,surfline_trevone_20260217_0916
-553633.2229070669,6541211.026060118,-102.62494080000047,0.7293233082706767,2026-02-17 09:16:00+00:00,surfline_trevone_20260217_0916
-553633.2229070669,6541211.026060118,-102.62494080000047,0.731829573934837,2026-02-17 09:16:00+00:00,surfline_trevone_20260217_0916
-553633.2229070669,6541211.026060118,-102.62494080000047,0.7343358395989974,2026-02-17 09:16:00+00:00,surfline_trevone_20260217_0916
-553633.2229070669,6541211.026060118,-102.62494080000047,0.7368421052631579,2026-02-17 09:16:00+00:00,surfline_trevone_20260217_0916
-553633.2229070669,6541211.026060118,-102.62494080000047,0.7393483709273183,2026-02-17 09:16:00+00:00,surfline_trevone_20260217_0916
-553633.2229070669,6541211.026060118,-102.62494080000047,0.7418546365914787,2026-02-17 09:16:00+00:00,surfline_trevone_20260217_0916
-553633.2229070669,6541211.026060118,-102.62494080000047,0.744360902255639,2026-02-17 09:16:00+00:00,surfline_trevone_20260217_0916
-553633.2229070669,6541211.026060118,-102.62494080000047,0.7468671679197995,2026-02-17 09:16:00+00:00,surfline_trevone_20260217_0916
-553633.2229070669,6541211.026060118,-102.62494080000047,0.7493734335839599,2026-02-17 09:16:00+00:00,surfline_trevone_20260217_0916
-553633.2229070669,6541211.026060118,-102.62494080000047,0.7518796992481203,2026-02-17 09:16:00+00:00,surfline_trevone_20260217_0916
-553633.2229070669,6541211.026060118,-102.62494080000047,0.7543859649122806,2026-02-17 09:16:00+00:00,surfline_trevone_20260217_0916
-553633.2229070669,6541211.026060118,-102.62494080000047,0.7568922305764411,2026-02-17 09:16:00+00:00,surfline_trevone_20260217_0916
-553633.2229070669,6541211.026060118,-102.62494080000047,0.7593984962406015,2026-02-17 09:16:00+00:00,surfline_trevone_20260217_0916
-553633.2229070669,6541211.026060118,-102.62494080000047,0.7619047619047619,2026-02-17 09:16:00+00:00,surfline_trevone_20260217_0916
-553633.2229070669,6541211.026060118,-102.62494080000047,0.7644110275689222,2026-02-17 09:16:00+00:00,surfline_trevone_20260217_0916
-553633.2229070669,6541211.026060118,-102.62494080000047,0.7669172932330827,2026-02-17 09:16:00+00:00,surfline_trevone_20260217_0916
-553633.2229070669,6541211.026060118,-102.62494080000047,0.7694235588972431,2026-02-17 09:16:00+00:00,surfline_trevone_20260217_0916
-553633.2229070669,6541211.026060118,-102.62494080000047,0.7719298245614035,2026-02-17 09:16:00+00:00,surfline_trevone_20260217_0916
-553633.2229070669,6541211.026060118,-102.62494080000047,0.7744360902255638,2026-02-17 09:16:00+00:00,surfline_trevone_20260217_0916
-553633.2229070669,6541211.026060118,-102.62494080000047,0.7769423558897243,2026-02-17 09:16:00+00:00,surfline_trevone_20260217_0916
-553633.2229070669,6541211.026060118,-102.62494080000047,0.7794486215538847,2026-02-17 09:16:00+00:00,surfline_trevone_20260217_0916
-553633.2229070669,6541211.026060118,-102.62494080000047,0.7819548872180451,2026-02-17 09:16:00+00:00,surfline_trevone_20260217_0916
-553633.2229070669,6541211.026060118,-102.62494080000047,0.7844611528822054,2026-02-17 09:16:00+00:00,surfline_trevone_20260217_0916
-553633.2229070669,6541211.026060118,-102.62494080000047,0.7869674185463659,2026-02-17 09:16:00+00:00,surfline_trevone_20260217_0916
-553633.2229070669,6541211.026060118,-102.62494080000047,0.7894736842105263,2026-02-17 09:16:00+00:00,surfline_trevone_20260217_0916
-553633.2229070669,6541211.026060118,-102.62494080000047,0.7919799498746867,2026-02-17 09:16:00+00:00,surfline_trevone_20260217_0916
-553633.2229070669,6541211.026060118,-102.62494080000047,0.794486215538847,2026-02-17 09:16:00+00:00,surfline_trevone_20260217_0916
-553633.2229070669,6541211.026060118,-102.62494080000047,0.7969924812030075,2026-02-17 09:16:00+00:00,surfline_trevone_20260217_0916
-553633.2229070669,6541211.026060118,-102.62494080000047,0.7994987468671679,2026-02-17 09:16:00+00:00,surfline_trevone_20260217_0916
-553633.2229070669,6541211.026060118,-102.62494080000047,0.8020050125313283,2026-02-17 09:16:00+00:00,surfline_trevone_20260217_0916
-553633.2229070669,6541211.026060118,-102.62494080000047,0.8045112781954886,2026-02-17 09:16:00+00:00,surfline_trevone_20260217_0916
-553633.2229070669,6541211.026060118,-102.62494080000047,0.8070175438596491,2026-02-17 09:16:00+00:00,surfline_trevone_20260217_0916
-553633.2229070669,6541211.026060118,-102.62494080000047,0.8095238095238095,2026-02-17 09:16:00+00:00,surfline_trevone_20260217_0916
-553633.2229070669,6541211.026060118,-102.62494080000047,0.8120300751879699,2026-02-17 09:16:00+00:00,surfline_trevone_20260217_0916
-553633.2229070669,6541211.026060118,-102.62494080000047,0.8145363408521302,2026-02-17 09:16:00+00:00,surfline_trevone_20260217_0916
-553633.2229070669,6541211.026060118,-102.62494080000047,0.8170426065162907,2026-02-17 09:16:00+00:00,surfline_trevone_20260217_0916
-553633.2229070669,6541211.026060118,-102.62494080000047,0.8195488721804511,2026-02-17 09:16:00+00:00,surfline_trevone_20260217_0916
-553633.2229070669,6541211.026060118,-102.62494080000047,0.8220551378446115,2026-02-17 09:16:00+00:00,surfline_trevone_20260217_0916
-553633.2229070669,6541211.026060118,-102.62494080000047,0.8245614035087718,2026-02-17 09:16:00+00:00,surfline_trevone_20260217_0916
-553633.2229070669,6541211.026060118,-102.62494080000047,0.8270676691729323,2026-02-17 09:16:00+00:00,surfline_trevone_20260217_0916
-553633.2229070669,6541211.026060118,-102.62494080000047,0.8295739348370927,2026-02-17 09:16:00+00:00,surfline_trevone_20260217_0916
-553633.2229070669,6541211.026060118,-102.62494080000047,0.8320802005012531,2026-02-17 09:16:00+00:00,surfline_trevone_20260217_0916
-553633.2229070669,6541211.026060118,-102.62494080000047,0.8345864661654134,2026-02-17 09:16:00+00:00,surfline_trevone_20260217_0916
-553633.2229070669,6541211.026060118,-102.62494080000047,0.8370927318295739,2026-02-17 09:16:00+00:00,surfline_trevone_20260217_0916
-553633.2229070669,6541211.026060118,-102.62494080000047,0.8395989974937343,2026-02-17 09:16:00+00:00,surfline_trevone_20260217_0916
-553633.2229070669,6541211.026060118,-102.62494080000047,0.8421052631578947,2026-02-17 09:16:00+00:00,surfline_trevone_20260217_0916
-553633.2229070669,6541211.026060118,-102.62494080000047,0.844611528822055,2026-02-17 09:16:00+00:00,surfline_trevone_20260217_0916
-553633.2229070669,6541211.026060118,-102.62494080000047,0.8471177944862155,2026-02-17 09:16:00+00:00,surfline_trevone_20260217_0916
-553633.2229070669,6541211.026060118,-102.62494080000047,0.849624060150376,2026-02-17 09:16:00+00:00,surfline_trevone_20260217_0916
-553633.2229070669,6541211.026060118,-102.62494080000047,0.8521303258145363,2026-02-17 09:16:00+00:00,surfline_trevone_20260217_0916
-553633.2229070669,6541211.026060118,-102.62494080000047,0.8546365914786966,2026-02-17 09:16:00+00:00,surfline_trevone_20260217_0916
-553633.2229070669,6541211.026060118,-102.62494080000047,0.8571428571428571,2026-02-17 09:16:00+00:00,surfline_trevone_20260217_0916
-553633.2229070669,6541211.026060118,-102.62494080000047,0.8596491228070176,2026-02-17 09:16:00+00:00,surfline_trevone_20260217_0916
-553633.2229070669,6541211.026060118,-102.62494080000047,0.8621553884711779,2026-02-17 09:16:00+00:00,surfline_trevone_20260217_0916
-553633.2229070669,6541211.026060118,-102.62494080000047,0.8646616541353382,2026-02-17 09:16:00+00:00,surfline_trevone_20260217_0916
-553633.2229070669,6541211.026060118,-102.62494080000047,0.8671679197994987,2026-02-17 09:16:00+00:00,surfline_trevone_20260217_0916
-553633.2229070669,6541211.026060118,-102.62494080000047,0.8696741854636592,2026-02-17 09:16:00+00:00,surfline_trevone_20260217_0916
-553633.2229070669,6541211.026060118,-102.62494080000047,0.8721804511278195,2026-02-17 09:16:00+00:00,surfline_trevone_20260217_0916
-553633.2229070669,6541211.026060118,-102.62494080000047,0.8746867167919798,2026-02-17 09:16:00+00:00,surfline_trevone_20260217_0916
-553633.2229070669,6541211.026060118,-102.62494080000047,0.8771929824561403,2026-02-17 09:16:00+00:00,surfline_trevone_20260217_0916
-553633.2229070669,6541211.026060118,-102.62494080000047,0.8796992481203008,2026-02-17 09:16:00+00:00,surfline_trevone_20260217_0916
-553633.2229070669,6541211.026060118,-102.62494080000047,0.8822055137844611,2026-02-17 09:16:00+00:00,surfline_trevone_20260217_0916
-553633.2229070669,6541211.026060118,-102.62494080000047,0.8847117794486214,2026-02-17 09:16:00+00:00,surfline_trevone_20260217_0916
-553633.2229070669,6541211.026060118,-102.62494080000047,0.8872180451127819,2026-02-17 09:16:00+00:00,surfline_trevone_20260217_0916
-553633.2229070669,6541211.026060118,-102.62494080000047,0.8897243107769424,2026-02-17 09:16:00+00:00,surfline_trevone_20260217_0916
-553633.2229070669,6541211.026060118,-102.62494080000047,0.8922305764411027,2026-02-17 09:16:00+00:00,surfline_trevone_20260217_0916
-553633.2229070669,6541211.026060118,-102.62494080000047,0.894736842105263,2026-02-17 09:16:00+00:00,surfline_trevone_20260217_0916
-553633.2229070669,6541211.026060118,-102.62494080000047,0.8972431077694235,2026-02-17 09:16:00+00:00,surfline_trevone_20260217_0916
-553633.2229070669,6541211.026060118,-102.62494080000047,0.899749373433584,2026-02-17 09:16:00+00:00,surfline_trevone_20260217_0916
-553633.2229070669,6541211.026060118,-102.62494080000047,0.9022556390977443,2026-02-17 09:16:00+00:00,surfline_trevone_20260217_0916
-553633.2229070669,6541211.026060118,-102.62494080000047,0.9047619047619047,2026-02-17 09:16:00+00:00,surfline_trevone_20260217_0916
-553633.2229070669,6541211.026060118,-102.62494080000047,0.9072681704260651,2026-02-17 09:16:00+00:00,surfline_trevone_20260217_0916
-553633.2229070669,6541211.026060118,-102.62494080000047,0.9097744360902256,2026-02-17 09:16:00+00:00,surfline_trevone_20260217_0916
-553633.2229070669,6541211.026060118,-102.62494080000047,0.9122807017543859,2026-02-17 09:16:00+00:00,surfline_trevone_20260217_0916
-553633.2229070669,6541211.026060118,-102.62494080000047,0.9147869674185463,2026-02-17 09:16:00+00:00,surfline_trevone_20260217_0916
-553633.2229070669,6541211.026060118,-102.62494080000047,0.9172932330827067,2026-02-17 09:16:00+00:00,surfline_trevone_20260217_0916
-553633.2229070669,6541211.026060118,-102.62494080000047,0.9197994987468672,2026-02-17 09:16:00+00:00,surfline_trevone_20260217_0916
-553633.2229070669,6541211.026060118,-102.62494080000047,0.9223057644110275,2026-02-17 09:16:00+00:00,surfline_trevone_20260217_0916
-553633.2229070669,6541211.026060118,-102.62494080000047,0.9248120300751879,2026-02-17 09:16:00+00:00,surfline_trevone_20260217_0916
-553633.2229070669,6541211.026060118,-102.62494080000047,0.9273182957393483,2026-02-17 09:16:00+00:00,surfline_trevone_20260217_0916
-553633.2229070669,6541211.026060118,-102.62494080000047,0.9298245614035088,2026-02-17 09:16:00+00:00,surfline_trevone_20260217_0916
-553633.2229070669,6541211.026060118,-102.62494080000047,0.9323308270676691,2026-02-17 09:16:00+00:00,surfline_trevone_20260217_0916
-553633.2229070669,6541211.026060118,-102.62494080000047,0.9348370927318295,2026-02-17 09:16:00+00:00,surfline_trevone_20260217_0916
-553633.2229070669,6541211.026060118,-102.62494080000047,0.9373433583959899,2026-02-17 09:16:00+00:00,surfline_trevone_20260217_0916
-553633.2229070669,6541211.026060118,-102.62494080000047,0.9398496240601504,2026-02-17 09:16:00+00:00,surfline_trevone_20260217_0916
-553633.2229070669,6541211.026060118,-102.62494080000047,0.9423558897243107,2026-02-17 09:16:00+00:00,surfline_trevone_20260217_0916
-553633.2229070669,6541211.026060118,-102.62494080000047,0.9448621553884711,2026-02-17 09:16:00+00:00,surfline_trevone_20260217_0916
-553633.2229070669,6541211.026060118,-102.62494080000047,0.9473684210526315,2026-02-17 09:16:00+00:00,surfline_trevone_20260217_0916
-553633.2229070669,6541211.026060118,-102.62494080000047,0.949874686716792,2026-02-17 09:16:00+00:00,surfline_trevone_20260217_0916
-553633.2229070669,6541211.026060118,-102.62494080000047,0.9523809523809523,2026-02-17 09:16:00+00:00,surfline_trevone_20260217_0916
-553633.2229070669,6541211.026060118,-102.62494080000047,0.9548872180451127,2026-02-17 09:16:00+00:00,surfline_trevone_20260217_0916
-553633.2229070669,6541211.026060118,-102.62494080000047,0.9573934837092731,2026-02-17 09:16:00+00:00,surfline_trevone_20260217_0916
-553633.2229070669,6541211.026060118,-102.62494080000047,0.9598997493734336,2026-02-17 09:16:00+00:00,surfline_trevone_20260217_0916
-553633.2229070669,6541211.026060118,-102.62494080000047,0.9624060150375939,2026-02-17 09:16:00+00:00,surfline_trevone_20260217_0916
-553633.2229070669,6541211.026060118,-102.62494080000047,0.9649122807017543,2026-02-17 09:16:00+00:00,surfline_trevone_20260217_0916
-553633.2229070669,6541211.026060118,-102.62494080000047,0.9674185463659147,2026-02-17 09:16:00+00:00,surfline_trevone_20260217_0916
-553633.2229070669,6541211.026060118,-102.62494080000047,0.9699248120300752,2026-02-17 09:16:00+00:00,surfline_trevone_20260217_0916
-553633.2229070669,6541211.026060118,-102.62494080000047,0.9724310776942355,2026-02-17 09:16:00+00:00,surfline_trevone_20260217_0916
-553633.2229070669,6541211.026060118,-102.62494080000047,0.9749373433583959,2026-02-17 09:16:00+00:00,surfline_trevone_20260217_0916
-553633.2229070669,6541211.026060118,-102.62494080000047,0.9774436090225563,2026-02-17 09:16:00+00:00,surfline_trevone_20260217_0916
-553633.2229070669,6541211.026060118,-102.62494080000047,0.9799498746867168,2026-02-17 09:16:00+00:00,surfline_trevone_20260217_0916
-553633.2229070669,6541211.026060118,-102.62494080000047,0.9824561403508771,2026-02-17 09:16:00+00:00,surfline_trevone_20260217_0916
-553633.2229070669,6541211.026060118,-102.62494080000047,0.9849624060150375,2026-02-17 09:16:00+00:00,surfline_trevone_20260217_0916
-553633.2229070669,6541211.026060118,-102.62494080000047,0.9874686716791979,2026-02-17 09:16:00+00:00,surfline_trevone_20260217_0916
-553633.2229070669,6541211.026060118,-102.62494080000047,0.9899749373433584,2026-02-17 09:16:00+00:00,surfline_trevone_20260217_0916
-553633.2229070669,6541211.026060118,-102.62494080000047,0.9924812030075187,2026-02-17 09:16:00+00:00,surfline_trevone_20260217_0916
-553633.2229070669,6541211.026060118,-102.62494080000047,0.9949874686716791,2026-02-17 09:16:00+00:00,surfline_trevone_20260217_0916
-553633.2229070669,6541211.026060118,-102.62494080000047,0.9974937343358395,2026-02-17 09:16:00+00:00,surfline_trevone_20260217_0916
-553633.2229070669,6541211.026060118,-102.62494080000047,1.0,2026-02-17 09:16:00+00:00,surfline_trevone_20260217_0916
-553594.6938174949,6541277.10206115,-102.72369600000047,0.0,2026-02-17 09:43:00+00:00,surfline_trevone_20260217_0943
-553594.8727643333,6541276.761793919,-102.72369600000047,0.002506265664160401,2026-02-17 09:43:00+00:00,surfline_trevone_20260217_0943
-553594.9947603035,6541276.404898609,-102.72369600000047,0.005012531328320802,2026-02-17 09:43:00+00:00,surfline_trevone_20260217_0943
-553595.1816571753,6541276.066952317,-102.72369600000047,0.007518796992481203,2026-02-17 09:43:00+00:00,surfline_trevone_20260217_0943
-553595.3411420911,6541275.721002686,-102.72369600000047,0.010025062656641603,2026-02-17 09:43:00+00:00,surfline_trevone_20260217_0943
-553595.7028506331,6541275.434096602,-102.72369600000047,0.012531328320802004,2026-02-17 09:43:00+00:00,surfline_trevone_20260217_0943
-553595.9068286147,6541275.101137646,-102.72369600000047,0.015037593984962405,2026-02-17 09:43:00+00:00,surfline_trevone_20260217_0943
-553596.122814537,6541274.771684508,-102.72369600000047,0.017543859649122806,2026-02-17 09:43:00+00:00,surfline_trevone_20260217_0943
-553596.2627483172,6541274.420026516,-102.72369600000047,0.020050125313283207,2026-02-17 09:43:00+00:00,surfline_trevone_20260217_0943
-553596.4855168344,6541274.092554,-102.72369600000047,0.022556390977443608,2026-02-17 09:43:00+00:00,surfline_trevone_20260217_0943
-553596.6654488725,6541273.75257433,-102.72369600000047,0.02506265664160401,2026-02-17 09:43:00+00:00,surfline_trevone_20260217_0943
-553596.8321531608,6541273.408732394,-102.72369600000047,0.02756892230576441,2026-02-17 09:43:00+00:00,surfline_trevone_20260217_0943
-553596.9480102966,6541273.050044725,-102.72369600000047,0.03007518796992481,2026-02-17 09:43:00+00:00,surfline_trevone_20260217_0943
-553596.9078552598,6541272.645806206,-102.72369600000047,0.03258145363408521,2026-02-17 09:43:00+00:00,surfline_trevone_20260217_0943
-553596.9721413396,6541272.272061293,-102.72369600000047,0.03508771929824561,2026-02-17 09:43:00+00:00,surfline_trevone_20260217_0943
-553597.0453392789,6541271.900918232,-102.72369600000047,0.03759398496240601,2026-02-17 09:43:00+00:00,surfline_trevone_20260217_0943
-553597.1676421989,6541271.5441125445,-102.72369600000047,0.040100250626566414,2026-02-17 09:43:00+00:00,surfline_trevone_20260217_0943
-553597.3024537056,6541271.190959149,-102.72369600000047,0.042606516290726815,2026-02-17 09:43:00+00:00,surfline_trevone_20260217_0943
-553597.592507151,6541270.883131716,-102.72369600000047,0.045112781954887216,2026-02-17 09:43:00+00:00,surfline_trevone_20260217_0943
-553597.7454814187,6541270.535281015,-102.72369600000047,0.047619047619047616,2026-02-17 09:43:00+00:00,surfline_trevone_20260217_0943
-553598.0222960355,6541270.22358823,-102.72369600000047,0.05012531328320802,2026-02-17 09:43:00+00:00,surfline_trevone_20260217_0943
-553598.0990084462,6541269.853471596,-102.72369600000047,0.05263157894736842,2026-02-17 09:43:00+00:00,surfline_trevone_20260217_0943
-553598.2894354811,6541269.516556159,-102.72369600000047,0.05513784461152882,2026-02-17 09:43:00+00:00,surfline_trevone_20260217_0943
-553598.3204683489,6541269.133102128,-102.72369600000047,0.05764411027568922,2026-02-17 09:43:00+00:00,surfline_trevone_20260217_0943
-553598.4036662487,6541268.7648790665,-102.72369600000047,0.06015037593984962,2026-02-17 09:43:00+00:00,surfline_trevone_20260217_0943
-553598.5479083946,6541268.41447899,-102.72369600000047,0.06265664160401002,2026-02-17 09:43:00+00:00,surfline_trevone_20260217_0943
-553598.6945981679,6541268.0647934,-102.72369600000047,0.06516290726817042,2026-02-17 09:43:00+00:00,surfline_trevone_20260217_0943
-553598.8228743376,6541267.70973179,-102.72369600000047,0.06766917293233082,2026-02-17 09:43:00+00:00,surfline_trevone_20260217_0943
-553599.1541013763,6541267.413925932,-102.72369600000047,0.07017543859649122,2026-02-17 09:43:00+00:00,surfline_trevone_20260217_0943
-553599.3298337309,6541267.072720078,-102.72369600000047,0.07268170426065163,2026-02-17 09:43:00+00:00,surfline_trevone_20260217_0943
-553599.5420742664,6541266.742173396,-102.72369600000047,0.07518796992481203,2026-02-17 09:43:00+00:00,surfline_trevone_20260217_0943
-553599.8032921021,6541266.425926808,-102.72369600000047,0.07769423558897243,2026-02-17 09:43:00+00:00,surfline_trevone_20260217_0943
-553599.9331187261,6541266.071317973,-102.72369600000047,0.08020050125313283,2026-02-17 09:43:00+00:00,surfline_trevone_20260217_0943
-553599.9620467101,6541265.687249527,-102.72369600000047,0.08270676691729323,2026-02-17 09:43:00+00:00,surfline_trevone_20260217_0943
-553600.0425430896,6541265.318237399,-102.72369600000047,0.08521303258145363,2026-02-17 09:43:00+00:00,surfline_trevone_20260217_0943
-553600.1512491293,6541264.957461818,-102.72369600000047,0.08771929824561403,2026-02-17 09:43:00+00:00,surfline_trevone_20260217_0943
-553600.303354419,6541264.609357703,-102.72369600000047,0.09022556390977443,2026-02-17 09:43:00+00:00,surfline_trevone_20260217_0943
-553600.4019532504,6541264.245631111,-102.72369600000047,0.09273182957393483,2026-02-17 09:43:00+00:00,surfline_trevone_20260217_0943
-553600.5132535764,6541263.885612835,-102.72369600000047,0.09523809523809523,2026-02-17 09:43:00+00:00,surfline_trevone_20260217_0943
-553600.5876764256,6541263.514827563,-102.72369600000047,0.09774436090225563,2026-02-17 09:43:00+00:00,surfline_trevone_20260217_0943
-553600.660081503,6541263.143453313,-102.72369600000047,0.10025062656641603,2026-02-17 09:43:00+00:00,surfline_trevone_20260217_0943
-553600.9449943525,6541262.834124976,-102.72369600000047,0.10275689223057644,2026-02-17 09:43:00+00:00,surfline_trevone_20260217_0943
-553601.1019694825,6541262.487442409,-102.72369600000047,0.10526315789473684,2026-02-17 09:43:00+00:00,surfline_trevone_20260217_0943
-553601.3869953414,6541262.178147068,-102.72369600000047,0.10776942355889724,2026-02-17 09:43:00+00:00,surfline_trevone_20260217_0943
-553601.540854252,6541261.830554958,-102.72369600000047,0.11027568922305764,2026-02-17 09:43:00+00:00,surfline_trevone_20260217_0943
-553601.6076563293,6541261.457544643,-102.72369600000047,0.11278195488721804,2026-02-17 09:43:00+00:00,surfline_trevone_20260217_0943
-553602.027166644,6541261.187514687,-102.72369600000047,0.11528822055137844,2026-02-17 09:43:00+00:00,surfline_trevone_20260217_0943
-553602.0475444257,6541260.800949984,-102.72369600000047,0.11779448621553884,2026-02-17 09:43:00+00:00,surfline_trevone_20260217_0943
-553602.3091347133,6541260.48481214,-102.72369600000047,0.12030075187969924,2026-02-17 09:43:00+00:00,surfline_trevone_20260217_0943
-553602.429464629,6541260.127430242,-102.72369600000047,0.12280701754385964,2026-02-17 09:43:00+00:00,surfline_trevone_20260217_0943
-553602.6337756022,6541259.79456851,-102.72369600000047,0.12531328320802004,2026-02-17 09:43:00+00:00,surfline_trevone_20260217_0943
-553602.7907583471,6541259.447888468,-102.72369600000047,0.12781954887218044,2026-02-17 09:43:00+00:00,surfline_trevone_20260217_0943
-553602.9057090787,6541259.088936155,-102.72369600000047,0.13032581453634084,2026-02-17 09:43:00+00:00,surfline_trevone_20260217_0943
-553602.9418959317,6541258.706986938,-102.72369600000047,0.13283208020050125,2026-02-17 09:43:00+00:00,surfline_trevone_20260217_0943
-553603.1304578148,6541258.369526997,-102.72369600000047,0.13533834586466165,2026-02-17 09:43:00+00:00,surfline_trevone_20260217_0943
-553603.2220319395,6541258.003749483,-102.72369600000047,0.13784461152882205,2026-02-17 09:43:00+00:00,surfline_trevone_20260217_0943
-553603.3136060905,6541257.63797189,-102.72369600000047,0.14035087719298245,2026-02-17 09:43:00+00:00,surfline_trevone_20260217_0943
-553603.397419206,6541257.269928152,-102.72369600000047,0.14285714285714285,2026-02-17 09:43:00+00:00,surfline_trevone_20260217_0943
-553603.4749333065,6541256.900045436,-102.72369600000047,0.14536340852130325,2026-02-17 09:43:00+00:00,surfline_trevone_20260217_0943
-553603.5524473554,6541256.530162855,-102.72369600000047,0.14786967418546365,2026-02-17 09:43:00+00:00,surfline_trevone_20260217_0943
-553603.3219336573,6541256.0703450125,-102.72369600000047,0.15037593984962405,2026-02-17 09:43:00+00:00,surfline_trevone_20260217_0943
-553603.2875527546,6541255.667792071,-102.72369600000047,0.15288220551378445,2026-02-17 09:43:00+00:00,surfline_trevone_20260217_0943
-553603.3989198667,6541255.307793446,-102.72369600000047,0.15538847117794485,2026-02-17 09:43:00+00:00,surfline_trevone_20260217_0943
-553603.5017068844,6541254.945289834,-102.72369600000047,0.15789473684210525,2026-02-17 09:43:00+00:00,surfline_trevone_20260217_0943
-553603.1773179142,6541254.458063153,-102.72369600000047,0.16040100250626566,2026-02-17 09:43:00+00:00,surfline_trevone_20260217_0943
-553602.9702596933,6541254.005093475,-102.72369600000047,0.16290726817042606,2026-02-17 09:43:00+00:00,surfline_trevone_20260217_0943
-553603.1255142178,6541253.657908693,-102.72369600000047,0.16541353383458646,2026-02-17 09:43:00+00:00,surfline_trevone_20260217_0943
-553603.4925605606,6541253.372561091,-102.72369600000047,0.16791979949874686,2026-02-17 09:43:00+00:00,surfline_trevone_20260217_0943
-553603.5295046259,6541252.990833107,-102.72369600000047,0.17042606516290726,2026-02-17 09:43:00+00:00,surfline_trevone_20260217_0943
-553603.5406292479,6541252.60156645,-102.72369600000047,0.17293233082706766,2026-02-17 09:43:00+00:00,surfline_trevone_20260217_0943
-553603.6386198472,6541252.237662424,-102.72369600000047,0.17543859649122806,2026-02-17 09:43:00+00:00,surfline_trevone_20260217_0943
-553603.708968912,6541251.865687726,-102.72369600000047,0.17794486215538846,2026-02-17 09:43:00+00:00,surfline_trevone_20260217_0943
-553603.8203583302,6541251.505695462,-102.72369600000047,0.18045112781954886,2026-02-17 09:43:00+00:00,surfline_trevone_20260217_0943
-553604.0641643509,6541251.184365133,-102.72369600000047,0.18295739348370926,2026-02-17 09:43:00+00:00,surfline_trevone_20260217_0943
-553604.2662810633,6541250.850862892,-102.72369600000047,0.18546365914786966,2026-02-17 09:43:00+00:00,surfline_trevone_20260217_0943
-553604.5310055945,6541250.535640156,-102.72369600000047,0.18796992481203006,2026-02-17 09:43:00+00:00,surfline_trevone_20260217_0943
-553604.3883058071,6541250.1014612615,-102.72369600000047,0.19047619047619047,2026-02-17 09:43:00+00:00,surfline_trevone_20260217_0943
-553604.4792511194,6541249.735500068,-102.72369600000047,0.19298245614035087,2026-02-17 09:43:00+00:00,surfline_trevone_20260217_0943
-553604.6129298208,6541249.382015926,-102.72369600000047,0.19548872180451127,2026-02-17 09:43:00+00:00,surfline_trevone_20260217_0943
-553604.6224409548,6541248.992278392,-102.72369600000047,0.19799498746867167,2026-02-17 09:43:00+00:00,surfline_trevone_20260217_0943
-553604.6485248992,6541248.607379356,-102.72369600000047,0.20050125313283207,2026-02-17 09:43:00+00:00,surfline_trevone_20260217_0943
-553604.7072181477,6541248.2320015,-102.72369600000047,0.20300751879699247,2026-02-17 09:43:00+00:00,surfline_trevone_20260217_0943
-553604.9375701033,6541247.906743127,-102.72369600000047,0.20551378446115287,2026-02-17 09:43:00+00:00,surfline_trevone_20260217_0943
-553605.137033565,6541247.572466063,-102.72369600000047,0.20802005012531327,2026-02-17 09:43:00+00:00,surfline_trevone_20260217_0943
-553605.3752554475,6541247.249505176,-102.72369600000047,0.21052631578947367,2026-02-17 09:43:00+00:00,surfline_trevone_20260217_0943
-553605.4047913738,6541246.865614234,-102.72369600000047,0.21303258145363407,2026-02-17 09:43:00+00:00,surfline_trevone_20260217_0943
-553605.5352320943,6541246.511184696,-102.72369600000047,0.21553884711779447,2026-02-17 09:43:00+00:00,surfline_trevone_20260217_0943
-553605.6985993432,6541246.1663685925,-102.72369600000047,0.21804511278195488,2026-02-17 09:43:00+00:00,surfline_trevone_20260217_0943
-553605.9330292736,6541245.842300567,-102.72369600000047,0.22055137844611528,2026-02-17 09:43:00+00:00,surfline_trevone_20260217_0943
-553605.853365374,6541245.426526463,-102.72369600000047,0.22305764411027568,2026-02-17 09:43:00+00:00,surfline_trevone_20260217_0943
-553605.987343402,6541245.073129715,-102.72369600000047,0.22556390977443608,2026-02-17 09:43:00+00:00,surfline_trevone_20260217_0943
-553606.1008892156,6541244.713767206,-102.72369600000047,0.22807017543859648,2026-02-17 09:43:00+00:00,surfline_trevone_20260217_0943
-553606.199015939,6541244.349902623,-102.72369600000047,0.23057644110275688,2026-02-17 09:43:00+00:00,surfline_trevone_20260217_0943
-553606.2962484912,6541243.98577727,-102.72369600000047,0.23308270676691728,2026-02-17 09:43:00+00:00,surfline_trevone_20260217_0943
-553606.4540075163,6541243.639323728,-102.72369600000047,0.23558897243107768,2026-02-17 09:43:00+00:00,surfline_trevone_20260217_0943
-553606.6527965768,6541243.304849609,-102.72369600000047,0.23809523809523808,2026-02-17 09:43:00+00:00,surfline_trevone_20260217_0943
-553606.6674844709,6541242.916623475,-102.72369600000047,0.24060150375939848,2026-02-17 09:43:00+00:00,surfline_trevone_20260217_0943
-553606.6947493963,6541242.532069617,-102.72369600000047,0.24310776942355888,2026-02-17 09:43:00+00:00,surfline_trevone_20260217_0943
-553606.9464737297,6541242.213051202,-102.72369600000047,0.24561403508771928,2026-02-17 09:43:00+00:00,surfline_trevone_20260217_0943
-553607.13394303,6541241.875272043,-102.72369600000047,0.24812030075187969,2026-02-17 09:43:00+00:00,surfline_trevone_20260217_0943
-553607.3938297016,6541241.558636794,-102.72369600000047,0.2506265664160401,2026-02-17 09:43:00+00:00,surfline_trevone_20260217_0943
-553607.493111269,6541241.195109693,-102.72369600000047,0.2531328320802005,2026-02-17 09:43:00+00:00,surfline_trevone_20260217_0943
-553607.599439626,6541240.833639897,-102.72369600000047,0.2556390977443609,2026-02-17 09:43:00+00:00,surfline_trevone_20260217_0943
-553607.6274664894,6541240.449308202,-102.72369600000047,0.2581453634085213,2026-02-17 09:43:00+00:00,surfline_trevone_20260217_0943
-553607.6151015927,6541240.053183442,-102.72369600000047,0.2606516290726817,2026-02-17 09:43:00+00:00,surfline_trevone_20260217_0943
-553607.607070738,6541239.658324247,-102.72369600000047,0.2631578947368421,2026-02-17 09:43:00+00:00,surfline_trevone_20260217_0943
-553607.6019543402,6541239.264315901,-102.72369600000047,0.2656641604010025,2026-02-17 09:43:00+00:00,surfline_trevone_20260217_0943
-553607.5887039582,6541238.86793239,-102.72369600000047,0.2681704260651629,2026-02-17 09:43:00+00:00,surfline_trevone_20260217_0943
-553607.6645091407,6541238.497550719,-102.72369600000047,0.2706766917293233,2026-02-17 09:43:00+00:00,surfline_trevone_20260217_0943
-553607.8110163443,6541238.147812126,-102.72369600000047,0.2731829573934837,2026-02-17 09:43:00+00:00,surfline_trevone_20260217_0943
-553607.8217522196,6541237.758432116,-102.72369600000047,0.2756892230576441,2026-02-17 09:43:00+00:00,surfline_trevone_20260217_0943
-553607.8252251045,6541237.366931376,-102.72369600000047,0.2781954887218045,2026-02-17 09:43:00+00:00,surfline_trevone_20260217_0943
-553607.9477457331,6541237.010189252,-102.72369600000047,0.2807017543859649,2026-02-17 09:43:00+00:00,surfline_trevone_20260217_0943
-553608.1566335374,6541236.678663973,-102.72369600000047,0.2832080200501253,2026-02-17 09:43:00+00:00,surfline_trevone_20260217_0943
-553608.2999168724,6541236.327983952,-102.72369600000047,0.2857142857142857,2026-02-17 09:43:00+00:00,surfline_trevone_20260217_0943
-553608.3190553744,6541235.941057114,-102.72369600000047,0.2882205513784461,2026-02-17 09:43:00+00:00,surfline_trevone_20260217_0943
-553608.3281123302,6541235.55118691,-102.72369600000047,0.2907268170426065,2026-02-17 09:43:00+00:00,surfline_trevone_20260217_0943
-553608.3393997537,6541235.161968088,-102.72369600000047,0.2932330827067669,2026-02-17 09:43:00+00:00,surfline_trevone_20260217_0943
-553608.3156205562,6541234.762510685,-102.72369600000047,0.2957393483709273,2026-02-17 09:43:00+00:00,surfline_trevone_20260217_0943
-553608.3477031742,6541234.37936315,-102.72369600000047,0.2982456140350877,2026-02-17 09:43:00+00:00,surfline_trevone_20260217_0943
-553608.3242013189,6541233.979986875,-102.72369600000047,0.3007518796992481,2026-02-17 09:43:00+00:00,surfline_trevone_20260217_0943
-553608.3321243381,6541233.5897855945,-102.72369600000047,0.3032581453634085,2026-02-17 09:43:00+00:00,surfline_trevone_20260217_0943
-553608.3476883628,6541233.2018151125,-102.72369600000047,0.3057644110275689,2026-02-17 09:43:00+00:00,surfline_trevone_20260217_0943
-553608.425790598,6541232.832104115,-102.72369600000047,0.3082706766917293,2026-02-17 09:43:00+00:00,surfline_trevone_20260217_0943
-553608.5164493279,6541232.466059398,-102.72369600000047,0.3107769423558897,2026-02-17 09:43:00+00:00,surfline_trevone_20260217_0943
-553608.5789788541,6541232.091801622,-102.72369600000047,0.3132832080200501,2026-02-17 09:43:00+00:00,surfline_trevone_20260217_0943
-553608.6974176266,6541231.733867564,-102.72369600000047,0.3157894736842105,2026-02-17 09:43:00+00:00,surfline_trevone_20260217_0943
-553608.8456105089,6541231.384620989,-102.72369600000047,0.3182957393483709,2026-02-17 09:43:00+00:00,surfline_trevone_20260217_0943
-553609.0149761967,6541231.041556406,-102.72369600000047,0.3208020050125313,2026-02-17 09:43:00+00:00,surfline_trevone_20260217_0943
-553609.2132635991,6541230.706935966,-102.72369600000047,0.3233082706766917,2026-02-17 09:43:00+00:00,surfline_trevone_20260217_0943
-553609.4019524936,6541230.369512893,-102.72369600000047,0.3258145363408521,2026-02-17 09:43:00+00:00,surfline_trevone_20260217_0943
-553609.579126507,6541230.028727963,-102.72369600000047,0.3283208020050125,2026-02-17 09:43:00+00:00,surfline_trevone_20260217_0943
-553609.7072436906,6541229.67362002,-102.72369600000047,0.3308270676691729,2026-02-17 09:43:00+00:00,surfline_trevone_20260217_0943
-553609.9103448507,6541229.340405123,-102.72369600000047,0.3333333333333333,2026-02-17 09:43:00+00:00,surfline_trevone_20260217_0943
-553609.9636777075,6541228.963461974,-102.72369600000047,0.3358395989974937,2026-02-17 09:43:00+00:00,surfline_trevone_20260217_0943
-553610.1810189246,6541228.634404693,-102.72369600000047,0.3383458646616541,2026-02-17 09:43:00+00:00,surfline_trevone_20260217_0943
-553610.2788283015,6541228.270447756,-102.72369600000047,0.3408521303258145,2026-02-17 09:43:00+00:00,surfline_trevone_20260217_0943
-553610.5104047247,6541227.94554674,-102.72369600000047,0.3433583959899749,2026-02-17 09:43:00+00:00,surfline_trevone_20260217_0943
-553610.8367184579,6541227.648306102,-102.72369600000047,0.3458646616541353,2026-02-17 09:43:00+00:00,surfline_trevone_20260217_0943
-553611.1578776626,6541227.349560644,-102.72369600000047,0.3483709273182957,2026-02-17 09:43:00+00:00,surfline_trevone_20260217_0943
-553611.4438446285,6541227.0405402295,-102.72369600000047,0.3508771929824561,2026-02-17 09:43:00+00:00,surfline_trevone_20260217_0943
-553611.6451384878,6541226.706797589,-102.72369600000047,0.3533834586466165,2026-02-17 09:43:00+00:00,surfline_trevone_20260217_0943
-553611.973106105,6541226.410039837,-102.72369600000047,0.3558897243107769,2026-02-17 09:43:00+00:00,surfline_trevone_20260217_0943
-553612.1347765549,6541226.064728469,-102.72369600000047,0.3583959899749373,2026-02-17 09:43:00+00:00,surfline_trevone_20260217_0943
-553612.0543573837,6541225.648733846,-102.72369600000047,0.3609022556390977,2026-02-17 09:43:00+00:00,surfline_trevone_20260217_0943
-553612.0557509096,6541225.256625993,-102.72369600000047,0.3634085213032581,2026-02-17 09:43:00+00:00,surfline_trevone_20260217_0943
-553612.1536704842,6541224.89270108,-102.72369600000047,0.3659147869674185,2026-02-17 09:43:00+00:00,surfline_trevone_20260217_0943
-553612.188875629,6541224.510465534,-102.72369600000047,0.3684210526315789,2026-02-17 09:43:00+00:00,surfline_trevone_20260217_0943
-553612.2143407684,6541224.12538604,-102.72369600000047,0.37092731829573933,2026-02-17 09:43:00+00:00,surfline_trevone_20260217_0943
-553612.3900789614,6541223.78418174,-102.72369600000047,0.37343358395989973,2026-02-17 09:43:00+00:00,surfline_trevone_20260217_0943
-553612.4107549645,6541223.397703959,-102.72369600000047,0.37593984962406013,2026-02-17 09:43:00+00:00,surfline_trevone_20260217_0943
-553612.4314308944,6541223.011226307,-102.72369600000047,0.37844611528822053,2026-02-17 09:43:00+00:00,surfline_trevone_20260217_0943
-553612.4748487341,6541222.631388477,-102.72369600000047,0.38095238095238093,2026-02-17 09:43:00+00:00,surfline_trevone_20260217_0943
-553612.5177877467,6541222.251410693,-102.72369600000047,0.38345864661654133,2026-02-17 09:43:00+00:00,surfline_trevone_20260217_0943
-553612.5432458526,6541221.866329146,-102.72369600000047,0.38596491228070173,2026-02-17 09:43:00+00:00,surfline_trevone_20260217_0943
-553612.2931773852,6541221.400802034,-102.72369600000047,0.38847117794486213,2026-02-17 09:43:00+00:00,surfline_trevone_20260217_0943
-553612.1554424426,6541220.96807288,-102.72369600000047,0.39097744360902253,2026-02-17 09:43:00+00:00,surfline_trevone_20260217_0943
-553612.2133628114,6541220.592469214,-102.72369600000047,0.39348370927318294,2026-02-17 09:43:00+00:00,surfline_trevone_20260217_0943
-553612.0300066766,6541220.146420005,-102.72369600000047,0.39598997493734334,2026-02-17 09:43:00+00:00,surfline_trevone_20260217_0943
-553612.1554276753,6541219.790524855,-102.72369600000047,0.39849624060150374,2026-02-17 09:43:00+00:00,surfline_trevone_20260217_0943
-553612.1627614059,6541219.400151584,-102.72369600000047,0.40100250626566414,2026-02-17 09:43:00+00:00,surfline_trevone_20260217_0943
-553612.1741156972,6541219.010951919,-102.72369600000047,0.40350877192982454,2026-02-17 09:43:00+00:00,surfline_trevone_20260217_0943
-553612.0903500523,6541218.593980225,-102.72369600000047,0.40601503759398494,2026-02-17 09:43:00+00:00,surfline_trevone_20260217_0943
-553612.0670085005,6541218.194650753,-102.72369600000047,0.40852130325814534,2026-02-17 09:43:00+00:00,surfline_trevone_20260217_0943
-553612.048289467,6541217.79667077,-102.72369600000047,0.41102756892230574,2026-02-17 09:43:00+00:00,surfline_trevone_20260217_0943
-553612.1274486571,6541217.42726822,-102.72369600000047,0.41353383458646614,2026-02-17 09:43:00+00:00,surfline_trevone_20260217_0943
-553612.5161420095,6541217.148240913,-102.72369600000047,0.41604010025062654,2026-02-17 09:43:00+00:00,surfline_trevone_20260217_0943
-553612.2579798665,6541216.680350532,-102.72369600000047,0.41854636591478694,2026-02-17 09:43:00+00:00,surfline_trevone_20260217_0943
-553612.3072876723,6541216.30223225,-102.72369600000047,0.42105263157894735,2026-02-17 09:43:00+00:00,surfline_trevone_20260217_0943
-553612.4792863141,6541215.959936261,-102.72369600000047,0.42355889724310775,2026-02-17 09:43:00+00:00,surfline_trevone_20260217_0943
-553612.6526163948,6541215.618029165,-102.72369600000047,0.42606516290726815,2026-02-17 09:43:00+00:00,surfline_trevone_20260217_0943
-553612.80332701,6541215.269517694,-102.72369600000047,0.42857142857142855,2026-02-17 09:43:00+00:00,surfline_trevone_20260217_0943
-553613.0233058103,6541214.94123036,-102.72369600000047,0.43107769423558895,2026-02-17 09:43:00+00:00,surfline_trevone_20260217_0943
-553613.3304128957,6541214.638382092,-102.72369600000047,0.43358395989974935,2026-02-17 09:43:00+00:00,surfline_trevone_20260217_0943
-553613.4053283269,6541214.267740792,-102.72369600000047,0.43609022556390975,2026-02-17 09:43:00+00:00,surfline_trevone_20260217_0943
-553613.5541472676,6541213.918677006,-102.72369600000047,0.43859649122807015,2026-02-17 09:43:00+00:00,surfline_trevone_20260217_0943
-553613.6203203769,6541213.5454829,-102.72369600000047,0.44110275689223055,2026-02-17 09:43:00+00:00,surfline_trevone_20260217_0943
-553613.6615932089,6541213.165018791,-102.72369600000047,0.44360902255639095,2026-02-17 09:43:00+00:00,surfline_trevone_20260217_0943
-553613.7716052829,6541212.804624686,-102.72369600000047,0.44611528822055135,2026-02-17 09:43:00+00:00,surfline_trevone_20260217_0943
-553613.9577204856,6541212.46645032,-102.72369600000047,0.44862155388471175,2026-02-17 09:43:00+00:00,surfline_trevone_20260217_0943
-553614.1523220715,6541212.13075358,-102.72369600000047,0.45112781954887216,2026-02-17 09:43:00+00:00,surfline_trevone_20260217_0943
-553614.2931421122,6541211.77935435,-102.72369600000047,0.45363408521303256,2026-02-17 09:43:00+00:00,surfline_trevone_20260217_0943
-553614.424965552,6541211.425328527,-102.72369600000047,0.45614035087719296,2026-02-17 09:43:00+00:00,surfline_trevone_20260217_0943
-553614.3895944111,6541211.022486614,-102.72369600000047,0.45864661654135336,2026-02-17 09:43:00+00:00,surfline_trevone_20260217_0943
-553614.173620722,6541210.56691388,-102.72369600000047,0.46115288220551376,2026-02-17 09:43:00+00:00,surfline_trevone_20260217_0943
-553614.3458521509,6541210.224685858,-102.72369600000047,0.46365914786967416,2026-02-17 09:43:00+00:00,surfline_trevone_20260217_0943
-553614.475120736,6541209.869914092,-102.72369600000047,0.46616541353383456,2026-02-17 09:43:00+00:00,surfline_trevone_20260217_0943
-553614.4663537277,6541209.474839875,-102.72369600000047,0.46867167919799496,2026-02-17 09:43:00+00:00,surfline_trevone_20260217_0943
-553614.4455591221,6541209.076253669,-102.72369600000047,0.47117794486215536,2026-02-17 09:43:00+00:00,surfline_trevone_20260217_0943
-553614.4468911799,6541208.684128172,-102.72369600000047,0.47368421052631576,2026-02-17 09:43:00+00:00,surfline_trevone_20260217_0943
-553614.3274710929,6541208.256746422,-102.72369600000047,0.47619047619047616,2026-02-17 09:43:00+00:00,surfline_trevone_20260217_0943
-553613.9849580268,6541207.764227882,-102.72369600000047,0.47869674185463656,2026-02-17 09:43:00+00:00,surfline_trevone_20260217_0943
-553613.972835442,6541207.36817387,-102.72369600000047,0.48120300751879697,2026-02-17 09:43:00+00:00,surfline_trevone_20260217_0943
-553613.6102649857,6541206.869799463,-102.72369600000047,0.48370927318295737,2026-02-17 09:43:00+00:00,surfline_trevone_20260217_0943
-553613.5579986543,6541206.462024648,-102.72369600000047,0.48621553884711777,2026-02-17 09:43:00+00:00,surfline_trevone_20260217_0943
-553613.2259056511,6541205.972548462,-102.72369600000047,0.48872180451127817,2026-02-17 09:43:00+00:00,surfline_trevone_20260217_0943
-553612.9482298258,6541205.498960657,-102.72369600000047,0.49122807017543857,2026-02-17 09:43:00+00:00,surfline_trevone_20260217_0943
-553612.9396696588,6541205.10394692,-102.72369600000047,0.49373433583959897,2026-02-17 09:43:00+00:00,surfline_trevone_20260217_0943
-553612.956324386,6541204.716295042,-102.72369600000047,0.49624060150375937,2026-02-17 09:43:00+00:00,surfline_trevone_20260217_0943
-553612.414013976,6541204.16544151,-102.72369600000047,0.49874686716791977,2026-02-17 09:43:00+00:00,surfline_trevone_20260217_0943
-553612.1811835595,6541203.704947255,-102.72369600000047,0.5012531328320802,2026-02-17 09:43:00+00:00,surfline_trevone_20260217_0943
-553612.1811835595,6541203.704947255,-102.72369600000047,0.5037593984962405,2026-02-17 09:43:00+00:00,surfline_trevone_20260217_0943
-553612.1811835595,6541203.704947255,-102.72369600000047,0.506265664160401,2026-02-17 09:43:00+00:00,surfline_trevone_20260217_0943
-553612.1811835595,6541203.704947255,-102.72369600000047,0.5087719298245614,2026-02-17 09:43:00+00:00,surfline_trevone_20260217_0943
-553612.1811835595,6541203.704947255,-102.72369600000047,0.5112781954887218,2026-02-17 09:43:00+00:00,surfline_trevone_20260217_0943
-553612.1811835595,6541203.704947255,-102.72369600000047,0.5137844611528821,2026-02-17 09:43:00+00:00,surfline_trevone_20260217_0943
-553612.1811835595,6541203.704947255,-102.72369600000047,0.5162907268170426,2026-02-17 09:43:00+00:00,surfline_trevone_20260217_0943
-553612.1811835595,6541203.704947255,-102.72369600000047,0.518796992481203,2026-02-17 09:43:00+00:00,surfline_trevone_20260217_0943
-553612.1811835595,6541203.704947255,-102.72369600000047,0.5213032581453634,2026-02-17 09:43:00+00:00,surfline_trevone_20260217_0943
-553612.1811835595,6541203.704947255,-102.72369600000047,0.5238095238095237,2026-02-17 09:43:00+00:00,surfline_trevone_20260217_0943
-553612.1811835595,6541203.704947255,-102.72369600000047,0.5263157894736842,2026-02-17 09:43:00+00:00,surfline_trevone_20260217_0943
-553612.1811835595,6541203.704947255,-102.72369600000047,0.5288220551378446,2026-02-17 09:43:00+00:00,surfline_trevone_20260217_0943
-553612.1811835595,6541203.704947255,-102.72369600000047,0.531328320802005,2026-02-17 09:43:00+00:00,surfline_trevone_20260217_0943
-553612.1811835595,6541203.704947255,-102.72369600000047,0.5338345864661653,2026-02-17 09:43:00+00:00,surfline_trevone_20260217_0943
-553612.1811835595,6541203.704947255,-102.72369600000047,0.5363408521303258,2026-02-17 09:43:00+00:00,surfline_trevone_20260217_0943
-553612.1811835595,6541203.704947255,-102.72369600000047,0.5388471177944862,2026-02-17 09:43:00+00:00,surfline_trevone_20260217_0943
-553612.1811835595,6541203.704947255,-102.72369600000047,0.5413533834586466,2026-02-17 09:43:00+00:00,surfline_trevone_20260217_0943
-553612.1811835595,6541203.704947255,-102.72369600000047,0.5438596491228069,2026-02-17 09:43:00+00:00,surfline_trevone_20260217_0943
-553612.1811835595,6541203.704947255,-102.72369600000047,0.5463659147869674,2026-02-17 09:43:00+00:00,surfline_trevone_20260217_0943
-553612.1811835595,6541203.704947255,-102.72369600000047,0.5488721804511278,2026-02-17 09:43:00+00:00,surfline_trevone_20260217_0943
-553612.1811835595,6541203.704947255,-102.72369600000047,0.5513784461152882,2026-02-17 09:43:00+00:00,surfline_trevone_20260217_0943
-553612.1811835595,6541203.704947255,-102.72369600000047,0.5538847117794485,2026-02-17 09:43:00+00:00,surfline_trevone_20260217_0943
-553612.1811835595,6541203.704947255,-102.72369600000047,0.556390977443609,2026-02-17 09:43:00+00:00,surfline_trevone_20260217_0943
-553612.1811835595,6541203.704947255,-102.72369600000047,0.5588972431077694,2026-02-17 09:43:00+00:00,surfline_trevone_20260217_0943
-553612.1811835595,6541203.704947255,-102.72369600000047,0.5614035087719298,2026-02-17 09:43:00+00:00,surfline_trevone_20260217_0943
-553612.1811835595,6541203.704947255,-102.72369600000047,0.5639097744360901,2026-02-17 09:43:00+00:00,surfline_trevone_20260217_0943
-553612.1811835595,6541203.704947255,-102.72369600000047,0.5664160401002506,2026-02-17 09:43:00+00:00,surfline_trevone_20260217_0943
-553612.1811835595,6541203.704947255,-102.72369600000047,0.568922305764411,2026-02-17 09:43:00+00:00,surfline_trevone_20260217_0943
-553612.1811835595,6541203.704947255,-102.72369600000047,0.5714285714285714,2026-02-17 09:43:00+00:00,surfline_trevone_20260217_0943
-553612.1811835595,6541203.704947255,-102.72369600000047,0.5739348370927317,2026-02-17 09:43:00+00:00,surfline_trevone_20260217_0943
-553612.1811835595,6541203.704947255,-102.72369600000047,0.5764411027568922,2026-02-17 09:43:00+00:00,surfline_trevone_20260217_0943
-553612.1811835595,6541203.704947255,-102.72369600000047,0.5789473684210527,2026-02-17 09:43:00+00:00,surfline_trevone_20260217_0943
-553612.1811835595,6541203.704947255,-102.72369600000047,0.581453634085213,2026-02-17 09:43:00+00:00,surfline_trevone_20260217_0943
-553612.1811835595,6541203.704947255,-102.72369600000047,0.5839598997493733,2026-02-17 09:43:00+00:00,surfline_trevone_20260217_0943
-553612.1811835595,6541203.704947255,-102.72369600000047,0.5864661654135338,2026-02-17 09:43:00+00:00,surfline_trevone_20260217_0943
-553612.1811835595,6541203.704947255,-102.72369600000047,0.5889724310776943,2026-02-17 09:43:00+00:00,surfline_trevone_20260217_0943
-553612.1811835595,6541203.704947255,-102.72369600000047,0.5914786967418546,2026-02-17 09:43:00+00:00,surfline_trevone_20260217_0943
-553612.1811835595,6541203.704947255,-102.72369600000047,0.593984962406015,2026-02-17 09:43:00+00:00,surfline_trevone_20260217_0943
-553612.1811835595,6541203.704947255,-102.72369600000047,0.5964912280701754,2026-02-17 09:43:00+00:00,surfline_trevone_20260217_0943
-553612.1811835595,6541203.704947255,-102.72369600000047,0.5989974937343359,2026-02-17 09:43:00+00:00,surfline_trevone_20260217_0943
-553612.1811835595,6541203.704947255,-102.72369600000047,0.6015037593984962,2026-02-17 09:43:00+00:00,surfline_trevone_20260217_0943
-553612.1811835595,6541203.704947255,-102.72369600000047,0.6040100250626566,2026-02-17 09:43:00+00:00,surfline_trevone_20260217_0943
-553612.1811835595,6541203.704947255,-102.72369600000047,0.606516290726817,2026-02-17 09:43:00+00:00,surfline_trevone_20260217_0943
-553612.1811835595,6541203.704947255,-102.72369600000047,0.6090225563909775,2026-02-17 09:43:00+00:00,surfline_trevone_20260217_0943
-553612.1811835595,6541203.704947255,-102.72369600000047,0.6115288220551378,2026-02-17 09:43:00+00:00,surfline_trevone_20260217_0943
-553612.1811835595,6541203.704947255,-102.72369600000047,0.6140350877192982,2026-02-17 09:43:00+00:00,surfline_trevone_20260217_0943
-553612.1811835595,6541203.704947255,-102.72369600000047,0.6165413533834586,2026-02-17 09:43:00+00:00,surfline_trevone_20260217_0943
-553612.1811835595,6541203.704947255,-102.72369600000047,0.6190476190476191,2026-02-17 09:43:00+00:00,surfline_trevone_20260217_0943
-553612.1811835595,6541203.704947255,-102.72369600000047,0.6215538847117794,2026-02-17 09:43:00+00:00,surfline_trevone_20260217_0943
-553612.1811835595,6541203.704947255,-102.72369600000047,0.6240601503759398,2026-02-17 09:43:00+00:00,surfline_trevone_20260217_0943
-553612.1811835595,6541203.704947255,-102.72369600000047,0.6265664160401002,2026-02-17 09:43:00+00:00,surfline_trevone_20260217_0943
-553612.1811835595,6541203.704947255,-102.72369600000047,0.6290726817042607,2026-02-17 09:43:00+00:00,surfline_trevone_20260217_0943
-553612.1811835595,6541203.704947255,-102.72369600000047,0.631578947368421,2026-02-17 09:43:00+00:00,surfline_trevone_20260217_0943
-553612.1811835595,6541203.704947255,-102.72369600000047,0.6340852130325814,2026-02-17 09:43:00+00:00,surfline_trevone_20260217_0943
-553612.1811835595,6541203.704947255,-102.72369600000047,0.6365914786967418,2026-02-17 09:43:00+00:00,surfline_trevone_20260217_0943
-553612.1811835595,6541203.704947255,-102.72369600000047,0.6390977443609023,2026-02-17 09:43:00+00:00,surfline_trevone_20260217_0943
-553612.1811835595,6541203.704947255,-102.72369600000047,0.6416040100250626,2026-02-17 09:43:00+00:00,surfline_trevone_20260217_0943
-553612.1811835595,6541203.704947255,-102.72369600000047,0.644110275689223,2026-02-17 09:43:00+00:00,surfline_trevone_20260217_0943
-553612.1811835595,6541203.704947255,-102.72369600000047,0.6466165413533834,2026-02-17 09:43:00+00:00,surfline_trevone_20260217_0943
-553612.1811835595,6541203.704947255,-102.72369600000047,0.6491228070175439,2026-02-17 09:43:00+00:00,surfline_trevone_20260217_0943
-553612.1811835595,6541203.704947255,-102.72369600000047,0.6516290726817042,2026-02-17 09:43:00+00:00,surfline_trevone_20260217_0943
-553612.1811835595,6541203.704947255,-102.72369600000047,0.6541353383458646,2026-02-17 09:43:00+00:00,surfline_trevone_20260217_0943
-553612.1811835595,6541203.704947255,-102.72369600000047,0.656641604010025,2026-02-17 09:43:00+00:00,surfline_trevone_20260217_0943
-553612.1811835595,6541203.704947255,-102.72369600000047,0.6591478696741855,2026-02-17 09:43:00+00:00,surfline_trevone_20260217_0943
-553612.1811835595,6541203.704947255,-102.72369600000047,0.6616541353383458,2026-02-17 09:43:00+00:00,surfline_trevone_20260217_0943
-553612.1811835595,6541203.704947255,-102.72369600000047,0.6641604010025062,2026-02-17 09:43:00+00:00,surfline_trevone_20260217_0943
-553612.1811835595,6541203.704947255,-102.72369600000047,0.6666666666666666,2026-02-17 09:43:00+00:00,surfline_trevone_20260217_0943
-553612.1811835595,6541203.704947255,-102.72369600000047,0.6691729323308271,2026-02-17 09:43:00+00:00,surfline_trevone_20260217_0943
-553612.1811835595,6541203.704947255,-102.72369600000047,0.6716791979949874,2026-02-17 09:43:00+00:00,surfline_trevone_20260217_0943
-553612.1811835595,6541203.704947255,-102.72369600000047,0.6741854636591478,2026-02-17 09:43:00+00:00,surfline_trevone_20260217_0943
-553612.1811835595,6541203.704947255,-102.72369600000047,0.6766917293233082,2026-02-17 09:43:00+00:00,surfline_trevone_20260217_0943
-553612.1811835595,6541203.704947255,-102.72369600000047,0.6791979949874687,2026-02-17 09:43:00+00:00,surfline_trevone_20260217_0943
-553612.1811835595,6541203.704947255,-102.72369600000047,0.681704260651629,2026-02-17 09:43:00+00:00,surfline_trevone_20260217_0943
-553612.1811835595,6541203.704947255,-102.72369600000047,0.6842105263157894,2026-02-17 09:43:00+00:00,surfline_trevone_20260217_0943
-553612.1811835595,6541203.704947255,-102.72369600000047,0.6867167919799498,2026-02-17 09:43:00+00:00,surfline_trevone_20260217_0943
-553612.1811835595,6541203.704947255,-102.72369600000047,0.6892230576441103,2026-02-17 09:43:00+00:00,surfline_trevone_20260217_0943
-553612.1811835595,6541203.704947255,-102.72369600000047,0.6917293233082706,2026-02-17 09:43:00+00:00,surfline_trevone_20260217_0943
-553612.1811835595,6541203.704947255,-102.72369600000047,0.694235588972431,2026-02-17 09:43:00+00:00,surfline_trevone_20260217_0943
-553612.1811835595,6541203.704947255,-102.72369600000047,0.6967418546365914,2026-02-17 09:43:00+00:00,surfline_trevone_20260217_0943
-553612.1811835595,6541203.704947255,-102.72369600000047,0.6992481203007519,2026-02-17 09:43:00+00:00,surfline_trevone_20260217_0943
-553612.1811835595,6541203.704947255,-102.72369600000047,0.7017543859649122,2026-02-17 09:43:00+00:00,surfline_trevone_20260217_0943
-553612.1811835595,6541203.704947255,-102.72369600000047,0.7042606516290726,2026-02-17 09:43:00+00:00,surfline_trevone_20260217_0943
-553612.1811835595,6541203.704947255,-102.72369600000047,0.706766917293233,2026-02-17 09:43:00+00:00,surfline_trevone_20260217_0943
-553612.1811835595,6541203.704947255,-102.72369600000047,0.7092731829573935,2026-02-17 09:43:00+00:00,surfline_trevone_20260217_0943
-553612.1811835595,6541203.704947255,-102.72369600000047,0.7117794486215538,2026-02-17 09:43:00+00:00,surfline_trevone_20260217_0943
-553612.1811835595,6541203.704947255,-102.72369600000047,0.7142857142857142,2026-02-17 09:43:00+00:00,surfline_trevone_20260217_0943
-553612.1811835595,6541203.704947255,-102.72369600000047,0.7167919799498746,2026-02-17 09:43:00+00:00,surfline_trevone_20260217_0943
-553612.1811835595,6541203.704947255,-102.72369600000047,0.7192982456140351,2026-02-17 09:43:00+00:00,surfline_trevone_20260217_0943
-553612.1811835595,6541203.704947255,-102.72369600000047,0.7218045112781954,2026-02-17 09:43:00+00:00,surfline_trevone_20260217_0943
-553612.1811835595,6541203.704947255,-102.72369600000047,0.7243107769423558,2026-02-17 09:43:00+00:00,surfline_trevone_20260217_0943
-553612.1811835595,6541203.704947255,-102.72369600000047,0.7268170426065163,2026-02-17 09:43:00+00:00,surfline_trevone_20260217_0943
-553612.1811835595,6541203.704947255,-102.72369600000047,0.7293233082706767,2026-02-17 09:43:00+00:00,surfline_trevone_20260217_0943
-553612.1811835595,6541203.704947255,-102.72369600000047,0.731829573934837,2026-02-17 09:43:00+00:00,surfline_trevone_20260217_0943
-553612.1811835595,6541203.704947255,-102.72369600000047,0.7343358395989974,2026-02-17 09:43:00+00:00,surfline_trevone_20260217_0943
-553612.1811835595,6541203.704947255,-102.72369600000047,0.7368421052631579,2026-02-17 09:43:00+00:00,surfline_trevone_20260217_0943
-553612.1811835595,6541203.704947255,-102.72369600000047,0.7393483709273183,2026-02-17 09:43:00+00:00,surfline_trevone_20260217_0943
-553612.1811835595,6541203.704947255,-102.72369600000047,0.7418546365914787,2026-02-17 09:43:00+00:00,surfline_trevone_20260217_0943
-553612.1811835595,6541203.704947255,-102.72369600000047,0.744360902255639,2026-02-17 09:43:00+00:00,surfline_trevone_20260217_0943
-553612.1811835595,6541203.704947255,-102.72369600000047,0.7468671679197995,2026-02-17 09:43:00+00:00,surfline_trevone_20260217_0943
-553612.1811835595,6541203.704947255,-102.72369600000047,0.7493734335839599,2026-02-17 09:43:00+00:00,surfline_trevone_20260217_0943
-553612.1811835595,6541203.704947255,-102.72369600000047,0.7518796992481203,2026-02-17 09:43:00+00:00,surfline_trevone_20260217_0943
-553612.1811835595,6541203.704947255,-102.72369600000047,0.7543859649122806,2026-02-17 09:43:00+00:00,surfline_trevone_20260217_0943
-553612.1811835595,6541203.704947255,-102.72369600000047,0.7568922305764411,2026-02-17 09:43:00+00:00,surfline_trevone_20260217_0943
-553612.1811835595,6541203.704947255,-102.72369600000047,0.7593984962406015,2026-02-17 09:43:00+00:00,surfline_trevone_20260217_0943
-553612.1811835595,6541203.704947255,-102.72369600000047,0.7619047619047619,2026-02-17 09:43:00+00:00,surfline_trevone_20260217_0943
-553612.1811835595,6541203.704947255,-102.72369600000047,0.7644110275689222,2026-02-17 09:43:00+00:00,surfline_trevone_20260217_0943
-553612.1811835595,6541203.704947255,-102.72369600000047,0.7669172932330827,2026-02-17 09:43:00+00:00,surfline_trevone_20260217_0943
-553612.1811835595,6541203.704947255,-102.72369600000047,0.7694235588972431,2026-02-17 09:43:00+00:00,surfline_trevone_20260217_0943
-553612.1811835595,6541203.704947255,-102.72369600000047,0.7719298245614035,2026-02-17 09:43:00+00:00,surfline_trevone_20260217_0943
-553612.1811835595,6541203.704947255,-102.72369600000047,0.7744360902255638,2026-02-17 09:43:00+00:00,surfline_trevone_20260217_0943
-553612.1811835595,6541203.704947255,-102.72369600000047,0.7769423558897243,2026-02-17 09:43:00+00:00,surfline_trevone_20260217_0943
-553612.1811835595,6541203.704947255,-102.72369600000047,0.7794486215538847,2026-02-17 09:43:00+00:00,surfline_trevone_20260217_0943
-553612.1811835595,6541203.704947255,-102.72369600000047,0.7819548872180451,2026-02-17 09:43:00+00:00,surfline_trevone_20260217_0943
-553612.1811835595,6541203.704947255,-102.72369600000047,0.7844611528822054,2026-02-17 09:43:00+00:00,surfline_trevone_20260217_0943
-553612.1811835595,6541203.704947255,-102.72369600000047,0.7869674185463659,2026-02-17 09:43:00+00:00,surfline_trevone_20260217_0943
-553612.1811835595,6541203.704947255,-102.72369600000047,0.7894736842105263,2026-02-17 09:43:00+00:00,surfline_trevone_20260217_0943
-553612.1811835595,6541203.704947255,-102.72369600000047,0.7919799498746867,2026-02-17 09:43:00+00:00,surfline_trevone_20260217_0943
-553612.1811835595,6541203.704947255,-102.72369600000047,0.794486215538847,2026-02-17 09:43:00+00:00,surfline_trevone_20260217_0943
-553612.1811835595,6541203.704947255,-102.72369600000047,0.7969924812030075,2026-02-17 09:43:00+00:00,surfline_trevone_20260217_0943
-553612.1811835595,6541203.704947255,-102.72369600000047,0.7994987468671679,2026-02-17 09:43:00+00:00,surfline_trevone_20260217_0943
-553612.1811835595,6541203.704947255,-102.72369600000047,0.8020050125313283,2026-02-17 09:43:00+00:00,surfline_trevone_20260217_0943
-553612.1811835595,6541203.704947255,-102.72369600000047,0.8045112781954886,2026-02-17 09:43:00+00:00,surfline_trevone_20260217_0943
-553612.1811835595,6541203.704947255,-102.72369600000047,0.8070175438596491,2026-02-17 09:43:00+00:00,surfline_trevone_20260217_0943
-553612.1811835595,6541203.704947255,-102.72369600000047,0.8095238095238095,2026-02-17 09:43:00+00:00,surfline_trevone_20260217_0943
-553612.1811835595,6541203.704947255,-102.72369600000047,0.8120300751879699,2026-02-17 09:43:00+00:00,surfline_trevone_20260217_0943
-553612.1811835595,6541203.704947255,-102.72369600000047,0.8145363408521302,2026-02-17 09:43:00+00:00,surfline_trevone_20260217_0943
-553612.1811835595,6541203.704947255,-102.72369600000047,0.8170426065162907,2026-02-17 09:43:00+00:00,surfline_trevone_20260217_0943
-553612.1811835595,6541203.704947255,-102.72369600000047,0.8195488721804511,2026-02-17 09:43:00+00:00,surfline_trevone_20260217_0943
-553612.1811835595,6541203.704947255,-102.72369600000047,0.8220551378446115,2026-02-17 09:43:00+00:00,surfline_trevone_20260217_0943
-553612.1811835595,6541203.704947255,-102.72369600000047,0.8245614035087718,2026-02-17 09:43:00+00:00,surfline_trevone_20260217_0943
-553612.1811835595,6541203.704947255,-102.72369600000047,0.8270676691729323,2026-02-17 09:43:00+00:00,surfline_trevone_20260217_0943
-553612.1811835595,6541203.704947255,-102.72369600000047,0.8295739348370927,2026-02-17 09:43:00+00:00,surfline_trevone_20260217_0943
-553612.1811835595,6541203.704947255,-102.72369600000047,0.8320802005012531,2026-02-17 09:43:00+00:00,surfline_trevone_20260217_0943
-553612.1811835595,6541203.704947255,-102.72369600000047,0.8345864661654134,2026-02-17 09:43:00+00:00,surfline_trevone_20260217_0943
-553612.1811835595,6541203.704947255,-102.72369600000047,0.8370927318295739,2026-02-17 09:43:00+00:00,surfline_trevone_20260217_0943
-553612.1811835595,6541203.704947255,-102.72369600000047,0.8395989974937343,2026-02-17 09:43:00+00:00,surfline_trevone_20260217_0943
-553612.1811835595,6541203.704947255,-102.72369600000047,0.8421052631578947,2026-02-17 09:43:00+00:00,surfline_trevone_20260217_0943
-553612.1811835595,6541203.704947255,-102.72369600000047,0.844611528822055,2026-02-17 09:43:00+00:00,surfline_trevone_20260217_0943
-553612.1811835595,6541203.704947255,-102.72369600000047,0.8471177944862155,2026-02-17 09:43:00+00:00,surfline_trevone_20260217_0943
-553612.1811835595,6541203.704947255,-102.72369600000047,0.849624060150376,2026-02-17 09:43:00+00:00,surfline_trevone_20260217_0943
-553612.1811835595,6541203.704947255,-102.72369600000047,0.8521303258145363,2026-02-17 09:43:00+00:00,surfline_trevone_20260217_0943
-553612.1811835595,6541203.704947255,-102.72369600000047,0.8546365914786966,2026-02-17 09:43:00+00:00,surfline_trevone_20260217_0943
-553612.1811835595,6541203.704947255,-102.72369600000047,0.8571428571428571,2026-02-17 09:43:00+00:00,surfline_trevone_20260217_0943
-553612.1811835595,6541203.704947255,-102.72369600000047,0.8596491228070176,2026-02-17 09:43:00+00:00,surfline_trevone_20260217_0943
-553612.1811835595,6541203.704947255,-102.72369600000047,0.8621553884711779,2026-02-17 09:43:00+00:00,surfline_trevone_20260217_0943
-553612.1811835595,6541203.704947255,-102.72369600000047,0.8646616541353382,2026-02-17 09:43:00+00:00,surfline_trevone_20260217_0943
-553612.1811835595,6541203.704947255,-102.72369600000047,0.8671679197994987,2026-02-17 09:43:00+00:00,surfline_trevone_20260217_0943
-553612.1811835595,6541203.704947255,-102.72369600000047,0.8696741854636592,2026-02-17 09:43:00+00:00,surfline_trevone_20260217_0943
-553612.1811835595,6541203.704947255,-102.72369600000047,0.8721804511278195,2026-02-17 09:43:00+00:00,surfline_trevone_20260217_0943
-553612.1811835595,6541203.704947255,-102.72369600000047,0.8746867167919798,2026-02-17 09:43:00+00:00,surfline_trevone_20260217_0943
-553612.1811835595,6541203.704947255,-102.72369600000047,0.8771929824561403,2026-02-17 09:43:00+00:00,surfline_trevone_20260217_0943
-553612.1811835595,6541203.704947255,-102.72369600000047,0.8796992481203008,2026-02-17 09:43:00+00:00,surfline_trevone_20260217_0943
-553612.1811835595,6541203.704947255,-102.72369600000047,0.8822055137844611,2026-02-17 09:43:00+00:00,surfline_trevone_20260217_0943
-553612.1811835595,6541203.704947255,-102.72369600000047,0.8847117794486214,2026-02-17 09:43:00+00:00,surfline_trevone_20260217_0943
-553612.1811835595,6541203.704947255,-102.72369600000047,0.8872180451127819,2026-02-17 09:43:00+00:00,surfline_trevone_20260217_0943
-553612.1811835595,6541203.704947255,-102.72369600000047,0.8897243107769424,2026-02-17 09:43:00+00:00,surfline_trevone_20260217_0943
-553612.1811835595,6541203.704947255,-102.72369600000047,0.8922305764411027,2026-02-17 09:43:00+00:00,surfline_trevone_20260217_0943
-553612.1811835595,6541203.704947255,-102.72369600000047,0.894736842105263,2026-02-17 09:43:00+00:00,surfline_trevone_20260217_0943
-553612.1811835595,6541203.704947255,-102.72369600000047,0.8972431077694235,2026-02-17 09:43:00+00:00,surfline_trevone_20260217_0943
-553612.1811835595,6541203.704947255,-102.72369600000047,0.899749373433584,2026-02-17 09:43:00+00:00,surfline_trevone_20260217_0943
-553612.1811835595,6541203.704947255,-102.72369600000047,0.9022556390977443,2026-02-17 09:43:00+00:00,surfline_trevone_20260217_0943
-553612.1811835595,6541203.704947255,-102.72369600000047,0.9047619047619047,2026-02-17 09:43:00+00:00,surfline_trevone_20260217_0943
-553612.1811835595,6541203.704947255,-102.72369600000047,0.9072681704260651,2026-02-17 09:43:00+00:00,surfline_trevone_20260217_0943
-553612.1811835595,6541203.704947255,-102.72369600000047,0.9097744360902256,2026-02-17 09:43:00+00:00,surfline_trevone_20260217_0943
-553612.1811835595,6541203.704947255,-102.72369600000047,0.9122807017543859,2026-02-17 09:43:00+00:00,surfline_trevone_20260217_0943
-553612.1811835595,6541203.704947255,-102.72369600000047,0.9147869674185463,2026-02-17 09:43:00+00:00,surfline_trevone_20260217_0943
-553612.1811835595,6541203.704947255,-102.72369600000047,0.9172932330827067,2026-02-17 09:43:00+00:00,surfline_trevone_20260217_0943
-553612.1811835595,6541203.704947255,-102.72369600000047,0.9197994987468672,2026-02-17 09:43:00+00:00,surfline_trevone_20260217_0943
-553612.1811835595,6541203.704947255,-102.72369600000047,0.9223057644110275,2026-02-17 09:43:00+00:00,surfline_trevone_20260217_0943
-553612.1811835595,6541203.704947255,-102.72369600000047,0.9248120300751879,2026-02-17 09:43:00+00:00,surfline_trevone_20260217_0943
-553612.1811835595,6541203.704947255,-102.72369600000047,0.9273182957393483,2026-02-17 09:43:00+00:00,surfline_trevone_20260217_0943
-553612.1811835595,6541203.704947255,-102.72369600000047,0.9298245614035088,2026-02-17 09:43:00+00:00,surfline_trevone_20260217_0943
-553612.1811835595,6541203.704947255,-102.72369600000047,0.9323308270676691,2026-02-17 09:43:00+00:00,surfline_trevone_20260217_0943
-553612.1811835595,6541203.704947255,-102.72369600000047,0.9348370927318295,2026-02-17 09:43:00+00:00,surfline_trevone_20260217_0943
-553612.1811835595,6541203.704947255,-102.72369600000047,0.9373433583959899,2026-02-17 09:43:00+00:00,surfline_trevone_20260217_0943
-553612.1811835595,6541203.704947255,-102.72369600000047,0.9398496240601504,2026-02-17 09:43:00+00:00,surfline_trevone_20260217_0943
-553612.1811835595,6541203.704947255,-102.72369600000047,0.9423558897243107,2026-02-17 09:43:00+00:00,surfline_trevone_20260217_0943
-553612.1811835595,6541203.704947255,-102.72369600000047,0.9448621553884711,2026-02-17 09:43:00+00:00,surfline_trevone_20260217_0943
-553612.1811835595,6541203.704947255,-102.72369600000047,0.9473684210526315,2026-02-17 09:43:00+00:00,surfline_trevone_20260217_0943
-553612.1811835595,6541203.704947255,-102.72369600000047,0.949874686716792,2026-02-17 09:43:00+00:00,surfline_trevone_20260217_0943
-553612.1811835595,6541203.704947255,-102.72369600000047,0.9523809523809523,2026-02-17 09:43:00+00:00,surfline_trevone_20260217_0943
-553612.1811835595,6541203.704947255,-102.72369600000047,0.9548872180451127,2026-02-17 09:43:00+00:00,surfline_trevone_20260217_0943
-553612.1811835595,6541203.704947255,-102.72369600000047,0.9573934837092731,2026-02-17 09:43:00+00:00,surfline_trevone_20260217_0943
-553612.1811835595,6541203.704947255,-102.72369600000047,0.9598997493734336,2026-02-17 09:43:00+00:00,surfline_trevone_20260217_0943
-553612.1811835595,6541203.704947255,-102.72369600000047,0.9624060150375939,2026-02-17 09:43:00+00:00,surfline_trevone_20260217_0943
-553612.1811835595,6541203.704947255,-102.72369600000047,0.9649122807017543,2026-02-17 09:43:00+00:00,surfline_trevone_20260217_0943
-553612.1811835595,6541203.704947255,-102.72369600000047,0.9674185463659147,2026-02-17 09:43:00+00:00,surfline_trevone_20260217_0943
-553612.1811835595,6541203.704947255,-102.72369600000047,0.9699248120300752,2026-02-17 09:43:00+00:00,surfline_trevone_20260217_0943
-553612.1811835595,6541203.704947255,-102.72369600000047,0.9724310776942355,2026-02-17 09:43:00+00:00,surfline_trevone_20260217_0943
-553612.1811835595,6541203.704947255,-102.72369600000047,0.9749373433583959,2026-02-17 09:43:00+00:00,surfline_trevone_20260217_0943
-553612.1811835595,6541203.704947255,-102.72369600000047,0.9774436090225563,2026-02-17 09:43:00+00:00,surfline_trevone_20260217_0943
-553612.1811835595,6541203.704947255,-102.72369600000047,0.9799498746867168,2026-02-17 09:43:00+00:00,surfline_trevone_20260217_0943
-553612.1811835595,6541203.704947255,-102.72369600000047,0.9824561403508771,2026-02-17 09:43:00+00:00,surfline_trevone_20260217_0943
-553612.1811835595,6541203.704947255,-102.72369600000047,0.9849624060150375,2026-02-17 09:43:00+00:00,surfline_trevone_20260217_0943
-553612.1811835595,6541203.704947255,-102.72369600000047,0.9874686716791979,2026-02-17 09:43:00+00:00,surfline_trevone_20260217_0943
-553612.1811835595,6541203.704947255,-102.72369600000047,0.9899749373433584,2026-02-17 09:43:00+00:00,surfline_trevone_20260217_0943
-553612.1811835595,6541203.704947255,-102.72369600000047,0.9924812030075187,2026-02-17 09:43:00+00:00,surfline_trevone_20260217_0943
-553612.1811835595,6541203.704947255,-102.72369600000047,0.9949874686716791,2026-02-17 09:43:00+00:00,surfline_trevone_20260217_0943
-553612.1811835595,6541203.704947255,-102.72369600000047,0.9974937343358395,2026-02-17 09:43:00+00:00,surfline_trevone_20260217_0943
-553612.1811835595,6541203.704947255,-102.72369600000047,1.0,2026-02-17 09:43:00+00:00,surfline_trevone_20260217_0943
-553595.8116175218,6541277.428426126,-102.95412480000047,0.0,2026-02-17 10:46:00+00:00,surfline_trevone_20260217_1046
-553596.2285068238,6541277.157631149,-102.95412480000047,0.002506265664160401,2026-02-17 10:46:00+00:00,surfline_trevone_20260217_1046
-553596.5851294991,6541276.869239987,-102.95412480000047,0.005012531328320802,2026-02-17 10:46:00+00:00,surfline_trevone_20260217_1046
-553596.8956692381,6541276.567393803,-102.95412480000047,0.007518796992481203,2026-02-17 10:46:00+00:00,surfline_trevone_20260217_1046
-553597.1705299837,6541276.255130546,-102.95412480000047,0.010025062656641603,2026-02-17 10:46:00+00:00,surfline_trevone_20260217_1046
-553597.5507384185,6541275.97362589,-102.95412480000047,0.012531328320802004,2026-02-17 10:46:00+00:00,surfline_trevone_20260217_1046
-553597.9877112383,6541275.708694625,-102.95412480000047,0.015037593984962405,2026-02-17 10:46:00+00:00,surfline_trevone_20260217_1046
-553598.4323815539,6541275.446010655,-102.95412480000047,0.017543859649122806,2026-02-17 10:46:00+00:00,surfline_trevone_20260217_1046
-553598.88445961,6541275.185489679,-102.95412480000047,0.020050125313283207,2026-02-17 10:46:00+00:00,surfline_trevone_20260217_1046
-553599.3415431225,6541274.926430301,-102.95412480000047,0.022556390977443608,2026-02-17 10:46:00+00:00,surfline_trevone_20260217_1046
-553599.7744400526,6541274.660308995,-102.95412480000047,0.02506265664160401,2026-02-17 10:46:00+00:00,surfline_trevone_20260217_1046
-553600.0246520505,6541274.340848873,-102.95412480000047,0.02756892230576441,2026-02-17 10:46:00+00:00,surfline_trevone_20260217_1046
-553600.1465345367,6541273.98392043,-102.95412480000047,0.03007518796992481,2026-02-17 10:46:00+00:00,surfline_trevone_20260217_1046
-553600.2351607572,6541273.617282279,-102.95412480000047,0.03258145363408521,2026-02-17 10:46:00+00:00,surfline_trevone_20260217_1046
-553600.2855046074,6541273.239466641,-102.95412480000047,0.03508771929824561,2026-02-17 10:46:00+00:00,surfline_trevone_20260217_1046
-553600.3352276615,6541272.8614696,-102.95412480000047,0.03759398496240601,2026-02-17 10:46:00+00:00,surfline_trevone_20260217_1046
-553600.3214547745,6541272.464933748,-102.95412480000047,0.040100250626566414,2026-02-17 10:46:00+00:00,surfline_trevone_20260217_1046
-553600.2528585364,6541272.052391229,-102.95412480000047,0.042606516290726815,2026-02-17 10:46:00+00:00,surfline_trevone_20260217_1046
-553600.2384595759,6541271.655672581,-102.95412480000047,0.045112781954887216,2026-02-17 10:46:00+00:00,surfline_trevone_20260217_1046
-553600.2433730733,6541271.264592458,-102.95412480000047,0.047619047619047616,2026-02-17 10:46:00+00:00,surfline_trevone_20260217_1046
-553600.3352824961,6541270.898912756,-102.95412480000047,0.05012531328320802,2026-02-17 10:46:00+00:00,surfline_trevone_20260217_1046
-553600.6281037689,6541270.591893598,-102.95412480000047,0.05263157894736842,2026-02-17 10:46:00+00:00,surfline_trevone_20260217_1046
-553600.930191312,6541270.28757977,-102.95412480000047,0.05513784461152882,2026-02-17 10:46:00+00:00,surfline_trevone_20260217_1046
-553601.1403577843,6541269.956427524,-102.95412480000047,0.05764411027568922,2026-02-17 10:46:00+00:00,surfline_trevone_20260217_1046
-553601.3115805398,6541269.6139051495,-102.95412480000047,0.06015037593984962,2026-02-17 10:46:00+00:00,surfline_trevone_20260217_1046
-553601.4419169339,6541269.259445,-102.95412480000047,0.06265664160401002,2026-02-17 10:46:00+00:00,surfline_trevone_20260217_1046
-553601.5745514822,6541268.905655695,-102.95412480000047,0.06516290726817042,2026-02-17 10:46:00+00:00,surfline_trevone_20260217_1046
-553601.5289036367,6541268.49981335,-102.95412480000047,0.06766917293233082,2026-02-17 10:46:00+00:00,surfline_trevone_20260217_1046
-553601.4400667312,6541268.081361082,-102.95412480000047,0.07017543859649122,2026-02-17 10:46:00+00:00,surfline_trevone_20260217_1046
-553601.3798390997,6541267.6712618,-102.95412480000047,0.07268170426065163,2026-02-17 10:46:00+00:00,surfline_trevone_20260217_1046
-553601.455302876,6541267.300780298,-102.95412480000047,0.07518796992481203,2026-02-17 10:46:00+00:00,surfline_trevone_20260217_1046
-553601.5470142472,6541266.935042771,-102.95412480000047,0.07769423558897243,2026-02-17 10:46:00+00:00,surfline_trevone_20260217_1046
-553601.5448028451,6541266.541882685,-102.95412480000047,0.08020050125313283,2026-02-17 10:46:00+00:00,surfline_trevone_20260217_1046
-553601.4516912636,6541266.12218225,-102.95412480000047,0.08270676691729323,2026-02-17 10:46:00+00:00,surfline_trevone_20260217_1046
-553601.4633310701,6541265.733066012,-102.95412480000047,0.08521303258145363,2026-02-17 10:46:00+00:00,surfline_trevone_20260217_1046
-553601.5066337221,6541265.353194552,-102.95412480000047,0.08771929824561403,2026-02-17 10:46:00+00:00,surfline_trevone_20260217_1046
-553601.6323472877,6541264.997384823,-102.95412480000047,0.09022556390977443,2026-02-17 10:46:00+00:00,surfline_trevone_20260217_1046
-553601.8733579905,6541264.67523834,-102.95412480000047,0.09273182957393483,2026-02-17 10:46:00+00:00,surfline_trevone_20260217_1046
-553602.0818360593,6541264.343593129,-102.95412480000047,0.09523809523809523,2026-02-17 10:46:00+00:00,surfline_trevone_20260217_1046
-553602.2855743015,6541264.010564177,-102.95412480000047,0.09774436090225563,2026-02-17 10:46:00+00:00,surfline_trevone_20260217_1046
-553602.4845730289,6541263.676151576,-102.95412480000047,0.10025062656641603,2026-02-17 10:46:00+00:00,surfline_trevone_20260217_1046
-553602.6438925345,6541263.330153649,-102.95412480000047,0.10275689223057644,2026-02-17 10:46:00+00:00,surfline_trevone_20260217_1046
-553602.7888463021,6541262.979961197,-102.95412480000047,0.10526315789473684,2026-02-17 10:46:00+00:00,surfline_trevone_20260217_1046
-553602.9201326324,6541262.625778401,-102.95412480000047,0.10776942355889724,2026-02-17 10:46:00+00:00,surfline_trevone_20260217_1046
-553603.0345339311,6541262.26666582,-102.95412480000047,0.11027568922305764,2026-02-17 10:46:00+00:00,surfline_trevone_20260217_1046
-553603.1494419149,6541261.907701026,-102.95412480000047,0.11278195488721804,2026-02-17 10:46:00+00:00,surfline_trevone_20260217_1046
-553603.2700809307,6541261.550409375,-102.95412480000047,0.11528822055137844,2026-02-17 10:46:00+00:00,surfline_trevone_20260217_1046
-553603.4127701838,6541261.199556051,-102.95412480000047,0.11779448621553884,2026-02-17 10:46:00+00:00,surfline_trevone_20260217_1046
-553603.5462081799,6541260.846001479,-102.95412480000047,0.12030075187969924,2026-02-17 10:46:00+00:00,surfline_trevone_20260217_1046
-553603.6975540296,6541260.497675328,-102.95412480000047,0.12280701754385964,2026-02-17 10:46:00+00:00,surfline_trevone_20260217_1046
-553603.8759925598,6541260.157259598,-102.95412480000047,0.12531328320802004,2026-02-17 10:46:00+00:00,surfline_trevone_20260217_1046
-553604.0393319288,6541259.812435505,-102.95412480000047,0.12781954887218044,2026-02-17 10:46:00+00:00,surfline_trevone_20260217_1046
-553604.1679415731,6541259.457471195,-102.95412480000047,0.13032581453634084,2026-02-17 10:46:00+00:00,surfline_trevone_20260217_1046
-553604.2821250904,6541259.098294728,-102.95412480000047,0.13283208020050125,2026-02-17 10:46:00+00:00,surfline_trevone_20260217_1046
-553604.2902832765,6541258.708162174,-102.95412480000047,0.13533834586466165,2026-02-17 10:46:00+00:00,surfline_trevone_20260217_1046
-553604.3201611593,6541258.324371158,-102.95412480000047,0.13784461152882205,2026-02-17 10:46:00+00:00,surfline_trevone_20260217_1046
-553604.3680511611,6541257.945839069,-102.95412480000047,0.14035087719298245,2026-02-17 10:46:00+00:00,surfline_trevone_20260217_1046
-553604.4519101423,6541257.577808722,-102.95412480000047,0.14285714285714285,2026-02-17 10:46:00+00:00,surfline_trevone_20260217_1046
-553604.5832906353,6541257.22365342,-102.95412480000047,0.14536340852130325,2026-02-17 10:46:00+00:00,surfline_trevone_20260217_1046
-553604.7338325201,6541256.875092835,-102.95412480000047,0.14786967418546365,2026-02-17 10:46:00+00:00,surfline_trevone_20260217_1046
-553604.8450284912,6541256.51504424,-102.95412480000047,0.15037593984962405,2026-02-17 10:46:00+00:00,surfline_trevone_20260217_1046
-553604.9501439554,6541256.153220166,-102.95412480000047,0.15288220551378445,2026-02-17 10:46:00+00:00,surfline_trevone_20260217_1046
-553605.1557052091,6541255.820723481,-102.95412480000047,0.15538847117794485,2026-02-17 10:46:00+00:00,surfline_trevone_20260217_1046
-553605.4153241146,6541255.504010201,-102.95412480000047,0.15789473684210525,2026-02-17 10:46:00+00:00,surfline_trevone_20260217_1046
-553605.6140153772,6541255.169507678,-102.95412480000047,0.16040100250626566,2026-02-17 10:46:00+00:00,surfline_trevone_20260217_1046
-553605.902168961,6541254.861125392,-102.95412480000047,0.16290726817042606,2026-02-17 10:46:00+00:00,surfline_trevone_20260217_1046
-553606.0129021511,6541254.50094168,-102.95412480000047,0.16541353383458646,2026-02-17 10:46:00+00:00,surfline_trevone_20260217_1046
-553606.1263514863,6541254.141551153,-102.95412480000047,0.16791979949874686,2026-02-17 10:46:00+00:00,surfline_trevone_20260217_1046
-553606.2653341743,6541253.789615469,-102.95412480000047,0.17042606516290726,2026-02-17 10:46:00+00:00,surfline_trevone_20260217_1046
-553606.4068217066,6541253.438410977,-102.95412480000047,0.17293233082706766,2026-02-17 10:46:00+00:00,surfline_trevone_20260217_1046
-553606.5073292691,6541253.07524183,-102.95412480000047,0.17543859649122806,2026-02-17 10:46:00+00:00,surfline_trevone_20260217_1046
-553606.5923177238,6541252.707541406,-102.95412480000047,0.17794486215538846,2026-02-17 10:46:00+00:00,surfline_trevone_20260217_1046
-553606.6773062272,6541252.339840847,-102.95412480000047,0.18045112781954886,2026-02-17 10:46:00+00:00,surfline_trevone_20260217_1046
-553606.7351311715,6541251.964209472,-102.95412480000047,0.18295739348370926,2026-02-17 10:46:00+00:00,surfline_trevone_20260217_1046
-553607.0326287149,6541251.658555649,-102.95412480000047,0.18546365914786966,2026-02-17 10:46:00+00:00,surfline_trevone_20260217_1046
-553607.0976548992,6541251.285026825,-102.95412480000047,0.18796992481203006,2026-02-17 10:46:00+00:00,surfline_trevone_20260217_1046
-553607.104584334,6541250.894535297,-102.95412480000047,0.19047619047619047,2026-02-17 10:46:00+00:00,surfline_trevone_20260217_1046
-553607.1130379476,6541250.504488935,-102.95412480000047,0.19298245614035087,2026-02-17 10:46:00+00:00,surfline_trevone_20260217_1046
-553607.0511803873,6541250.093913912,-102.95412480000047,0.19548872180451127,2026-02-17 10:46:00+00:00,surfline_trevone_20260217_1046
-553607.0062378965,6541249.688277509,-102.95412480000047,0.19799498746867167,2026-02-17 10:46:00+00:00,surfline_trevone_20260217_1046
-553607.0537432259,6541249.309632893,-102.95412480000047,0.20050125313283207,2026-02-17 10:46:00+00:00,surfline_trevone_20260217_1046
-553607.1139971593,6541248.934710712,-102.95412480000047,0.20300751879699247,2026-02-17 10:46:00+00:00,surfline_trevone_20260217_1046
-553607.1827534238,6541248.5622711135,-102.95412480000047,0.20551378446115287,2026-02-17 10:46:00+00:00,surfline_trevone_20260217_1046
-553607.2515097428,6541248.18983138,-102.95412480000047,0.20802005012531327,2026-02-17 10:46:00+00:00,surfline_trevone_20260217_1046
-553607.3185284848,6541247.816884174,-102.95412480000047,0.21052631578947367,2026-02-17 10:46:00+00:00,surfline_trevone_20260217_1046
-553607.3864487555,6541247.44420034,-102.95412480000047,0.21303258145363407,2026-02-17 10:46:00+00:00,surfline_trevone_20260217_1046
-553607.4515586793,6541247.070696116,-102.95412480000047,0.21553884711779447,2026-02-17 10:46:00+00:00,surfline_trevone_20260217_1046
-553607.5104139112,6541246.695365554,-102.95412480000047,0.21804511278195488,2026-02-17 10:46:00+00:00,surfline_trevone_20260217_1046
-553607.5846117848,6541246.324514446,-102.95412480000047,0.22055137844611528,2026-02-17 10:46:00+00:00,surfline_trevone_20260217_1046
-553607.4590465154,6541245.895338482,-102.95412480000047,0.22305764411027568,2026-02-17 10:46:00+00:00,surfline_trevone_20260217_1046
-553607.5805629574,6541245.538303316,-102.95412480000047,0.22556390977443608,2026-02-17 10:46:00+00:00,surfline_trevone_20260217_1046
-553607.7224757202,6541245.187223127,-102.95412480000047,0.22807017543859648,2026-02-17 10:46:00+00:00,surfline_trevone_20260217_1046
-553607.9177062421,6541244.85171002,-102.95412480000047,0.23057644110275688,2026-02-17 10:46:00+00:00,surfline_trevone_20260217_1046
-553608.0649029285,6541244.502172735,-102.95412480000047,0.23308270676691728,2026-02-17 10:46:00+00:00,surfline_trevone_20260217_1046
-553608.182850188,6541244.144095319,-102.95412480000047,0.23558897243107768,2026-02-17 10:46:00+00:00,surfline_trevone_20260217_1046
-553608.2898662484,6541243.782826163,-102.95412480000047,0.23809523809523808,2026-02-17 10:46:00+00:00,surfline_trevone_20260217_1046
-553608.3968822685,6541243.421557146,-102.95412480000047,0.24060150375939848,2026-02-17 10:46:00+00:00,surfline_trevone_20260217_1046
-553608.576008577,6541243.081342379,-102.95412480000047,0.24310776942355888,2026-02-17 10:46:00+00:00,surfline_trevone_20260217_1046
-553608.9001414973,6541242.783465157,-102.95412480000047,0.24561403508771928,2026-02-17 10:46:00+00:00,surfline_trevone_20260217_1046
-553609.4371572232,6541242.547743351,-102.95412480000047,0.24812030075187969,2026-02-17 10:46:00+00:00,surfline_trevone_20260217_1046
-553609.8372425274,6541242.27204201,-102.95412480000047,0.2506265664160401,2026-02-17 10:46:00+00:00,surfline_trevone_20260217_1046
-553610.0441390441,6541241.939935332,-102.95412480000047,0.2531328320802005,2026-02-17 10:46:00+00:00,surfline_trevone_20260217_1046
-553610.280792063,6541241.616516533,-102.95412480000047,0.2556390977443609,2026-02-17 10:46:00+00:00,surfline_trevone_20260217_1046
-553610.55357542,6541241.30364659,-102.95412480000047,0.2581453634085213,2026-02-17 10:46:00+00:00,surfline_trevone_20260217_1046
-553610.7623744014,6541240.972095226,-102.95412480000047,0.2606516290726817,2026-02-17 10:46:00+00:00,surfline_trevone_20260217_1046
-553610.9669320341,6541240.639305661,-102.95412480000047,0.2631578947368421,2026-02-17 10:46:00+00:00,surfline_trevone_20260217_1046
-553611.1827833619,6541240.309813441,-102.95412480000047,0.2656641604010025,2026-02-17 10:46:00+00:00,surfline_trevone_20260217_1046
-553611.566936497,6541240.029460157,-102.95412480000047,0.2681704260651629,2026-02-17 10:46:00+00:00,surfline_trevone_20260217_1046
-553611.6247087878,6541239.653813409,-102.95412480000047,0.2706766917293233,2026-02-17 10:46:00+00:00,surfline_trevone_20260217_1046
-553611.6839844161,6541239.2786057405,-102.95412480000047,0.2731829573934837,2026-02-17 10:46:00+00:00,surfline_trevone_20260217_1046
-553611.7630129082,6541238.909165181,-102.95412480000047,0.2756892230576441,2026-02-17 10:46:00+00:00,surfline_trevone_20260217_1046
-553611.8285857039,6541238.535795803,-102.95412480000047,0.2781954887218045,2026-02-17 10:46:00+00:00,surfline_trevone_20260217_1046
-553611.8964827535,6541238.163105188,-102.95412480000047,0.2807017543859649,2026-02-17 10:46:00+00:00,surfline_trevone_20260217_1046
-553611.9582306417,6541237.788619348,-102.95412480000047,0.2832080200501253,2026-02-17 10:46:00+00:00,surfline_trevone_20260217_1046
-553611.99260874,6541237.406142177,-102.95412480000047,0.2857142857142857,2026-02-17 10:46:00+00:00,surfline_trevone_20260217_1046
-553612.0179214346,6541237.0210180245,-102.95412480000047,0.2882205513784461,2026-02-17 10:46:00+00:00,surfline_trevone_20260217_1046
-553612.0392073996,6541236.634718334,-102.95412480000047,0.2907268170426065,2026-02-17 10:46:00+00:00,surfline_trevone_20260217_1046
-553612.0901411796,6541236.25707509,-102.95412480000047,0.2932330827067669,2026-02-17 10:46:00+00:00,surfline_trevone_20260217_1046
-553612.1367312863,6541235.878163469,-102.95412480000047,0.2957393483709273,2026-02-17 10:46:00+00:00,surfline_trevone_20260217_1046
-553612.0508439078,6541235.460572141,-102.95412480000047,0.2982456140350877,2026-02-17 10:46:00+00:00,surfline_trevone_20260217_1046
-553611.9549639119,6541235.040063561,-102.95412480000047,0.3007518796992481,2026-02-17 10:46:00+00:00,surfline_trevone_20260217_1046
-553611.8738652779,6541234.623870555,-102.95412480000047,0.3032581453634085,2026-02-17 10:46:00+00:00,surfline_trevone_20260217_1046
-553611.8527102573,6541234.225179186,-102.95412480000047,0.3057644110275689,2026-02-17 10:46:00+00:00,surfline_trevone_20260217_1046
-553611.860428243,6541233.834918042,-102.95412480000047,0.3082706766917293,2026-02-17 10:46:00+00:00,surfline_trevone_20260217_1046
-553611.8571304758,6541233.441440769,-102.95412480000047,0.3107769423558897,2026-02-17 10:46:00+00:00,surfline_trevone_20260217_1046
-553611.8752306214,6541233.054210912,-102.95412480000047,0.3132832080200501,2026-02-17 10:46:00+00:00,surfline_trevone_20260217_1046
-553611.9316287449,6541232.678162796,-102.95412480000047,0.3157894736842105,2026-02-17 10:46:00+00:00,surfline_trevone_20260217_1046
-553611.6129249636,6541232.192596025,-102.95412480000047,0.3182957393483709,2026-02-17 10:46:00+00:00,surfline_trevone_20260217_1046
-553611.6454135415,6541231.80956732,-102.95412480000047,0.3208020050125313,2026-02-17 10:46:00+00:00,surfline_trevone_20260217_1046
-553611.6779021872,6541231.426538485,-102.95412480000047,0.3233082706766917,2026-02-17 10:46:00+00:00,surfline_trevone_20260217_1046
-553611.7077205773,6541231.042729863,-102.95412480000047,0.3258145363408521,2026-02-17 10:46:00+00:00,surfline_trevone_20260217_1046
-553611.7449183558,6541230.661075957,-102.95412480000047,0.3283208020050125,2026-02-17 10:46:00+00:00,surfline_trevone_20260217_1046
-553611.8030247471,6541230.285526907,-102.95412480000047,0.3308270676691729,2026-02-17 10:46:00+00:00,surfline_trevone_20260217_1046
-553611.9342222011,6541229.931318226,-102.95412480000047,0.3333333333333333,2026-02-17 10:46:00+00:00,surfline_trevone_20260217_1046
-553612.0700257473,6541229.578454112,-102.95412480000047,0.3358395989974937,2026-02-17 10:46:00+00:00,surfline_trevone_20260217_1046
-553612.1460969019,6541229.208150097,-102.95412480000047,0.3383458646616541,2026-02-17 10:46:00+00:00,surfline_trevone_20260217_1046
-553612.062707362,6541228.791288366,-102.95412480000047,0.3408521303258145,2026-02-17 10:46:00+00:00,surfline_trevone_20260217_1046
-553612.0693449616,6541228.40071178,-102.95412480000047,0.3433583959899749,2026-02-17 10:46:00+00:00,surfline_trevone_20260217_1046
-553612.0454376481,6541228.00121682,-102.95412480000047,0.3458646616541353,2026-02-17 10:46:00+00:00,surfline_trevone_20260217_1046
-553611.9806822649,6541227.589795568,-102.95412480000047,0.3483709273182957,2026-02-17 10:46:00+00:00,surfline_trevone_20260217_1046
-553611.8291438811,6541227.153036363,-102.95412480000047,0.3508771929824561,2026-02-17 10:46:00+00:00,surfline_trevone_20260217_1046
-553611.6633678995,6541226.712120044,-102.95412480000047,0.3533834586466165,2026-02-17 10:46:00+00:00,surfline_trevone_20260217_1046
-553611.6562016759,6541226.317512995,-102.95412480000047,0.3558897243107769,2026-02-17 10:46:00+00:00,surfline_trevone_20260217_1046
-553611.5264902983,6541225.887126639,-102.95412480000047,0.3583959899749373,2026-02-17 10:46:00+00:00,surfline_trevone_20260217_1046
-553611.4666875124,6541225.4771514,-102.95412480000047,0.3609022556390977,2026-02-17 10:46:00+00:00,surfline_trevone_20260217_1046
-553611.3019978313,6541225.036552099,-102.95412480000047,0.3634085213032581,2026-02-17 10:46:00+00:00,surfline_trevone_20260217_1046
-553611.0183274646,6541224.561214061,-102.95412480000047,0.3659147869674185,2026-02-17 10:46:00+00:00,surfline_trevone_20260217_1046
-553610.8535585068,6541224.120591916,-102.95412480000047,0.3684210526315789,2026-02-17 10:46:00+00:00,surfline_trevone_20260217_1046
-553611.0587317904,6541223.7879819535,-102.95412480000047,0.37092731829573933,2026-02-17 10:46:00+00:00,surfline_trevone_20260217_1046
-553611.0362479361,6541223.388902603,-102.95412480000047,0.37343358395989973,2026-02-17 10:46:00+00:00,surfline_trevone_20260217_1046
-553611.0379167438,6541222.996875275,-102.95412480000047,0.37593984962406013,2026-02-17 10:46:00+00:00,surfline_trevone_20260217_1046
-553611.0988228463,6541222.622143659,-102.95412480000047,0.37844611528822053,2026-02-17 10:46:00+00:00,surfline_trevone_20260217_1046
-553611.2198959002,6541222.264978885,-102.95412480000047,0.38095238095238093,2026-02-17 10:46:00+00:00,surfline_trevone_20260217_1046
-553611.2925364479,6541221.893673082,-102.95412480000047,0.38345864661654133,2026-02-17 10:46:00+00:00,surfline_trevone_20260217_1046
-553611.335166874,6541221.513605351,-102.95412480000047,0.38596491228070173,2026-02-17 10:46:00+00:00,surfline_trevone_20260217_1046
-553611.115358115,6541221.056913191,-102.95412480000047,0.38847117794486213,2026-02-17 10:46:00+00:00,surfline_trevone_20260217_1046
-553610.9470266597,6541220.615250748,-102.95412480000047,0.39097744360902253,2026-02-17 10:46:00+00:00,surfline_trevone_20260217_1046
-553610.6979043448,6541220.149999582,-102.95412480000047,0.39348370927318294,2026-02-17 10:46:00+00:00,surfline_trevone_20260217_1046
-553610.8444810932,6541219.800281143,-102.95412480000047,0.39598997493734334,2026-02-17 10:46:00+00:00,surfline_trevone_20260217_1046
-553610.9907988939,6541219.45048725,-102.95412480000047,0.39849624060150374,2026-02-17 10:46:00+00:00,surfline_trevone_20260217_1046
-553611.138000266,6541219.100951247,-102.95412480000047,0.40100250626566414,2026-02-17 10:46:00+00:00,surfline_trevone_20260217_1046
-553611.2153094526,6541218.731008485,-102.95412480000047,0.40350877192982454,2026-02-17 10:46:00+00:00,surfline_trevone_20260217_1046
-553610.9103890706,6541218.249466063,-102.95412480000047,0.40601503759398494,2026-02-17 10:46:00+00:00,surfline_trevone_20260217_1046
-553610.8668503406,6541217.844239607,-102.95412480000047,0.40852130325814534,2026-02-17 10:46:00+00:00,surfline_trevone_20260217_1046
-553610.9336993828,6541217.471243003,-102.95412480000047,0.41102756892230574,2026-02-17 10:46:00+00:00,surfline_trevone_20260217_1046
-553610.9002304953,6541217.068956343,-102.95412480000047,0.41353383458646614,2026-02-17 10:46:00+00:00,surfline_trevone_20260217_1046
-553610.7332041987,6541216.627675122,-102.95412480000047,0.41604010025062654,2026-02-17 10:46:00+00:00,surfline_trevone_20260217_1046
-553610.7679667661,6541216.245310204,-102.95412480000047,0.41854636591478694,2026-02-17 10:46:00+00:00,surfline_trevone_20260217_1046
-553610.9860995429,6541215.916483885,-102.95412480000047,0.42105263157894735,2026-02-17 10:46:00+00:00,surfline_trevone_20260217_1046
-553611.1706140238,6541215.577842156,-102.95412480000047,0.42355889724310775,2026-02-17 10:46:00+00:00,surfline_trevone_20260217_1046
-553611.2221340447,6541215.200370079,-102.95412480000047,0.42606516290726815,2026-02-17 10:46:00+00:00,surfline_trevone_20260217_1046
-553610.6161911507,6541214.630937872,-102.95412480000047,0.42857142857142855,2026-02-17 10:46:00+00:00,surfline_trevone_20260217_1046
-553610.6179941801,6541214.23894958,-102.95412480000047,0.43107769423558895,2026-02-17 10:46:00+00:00,surfline_trevone_20260217_1046
-553610.6090381019,6541213.843820096,-102.95412480000047,0.43358395989974935,2026-02-17 10:46:00+00:00,surfline_trevone_20260217_1046
-553610.3888572837,6541213.387019306,-102.95412480000047,0.43609022556390975,2026-02-17 10:46:00+00:00,surfline_trevone_20260217_1046
-553610.0004435148,6541212.881099253,-102.95412480000047,0.43859649122807015,2026-02-17 10:46:00+00:00,surfline_trevone_20260217_1046
-553609.6600798529,6541212.389208276,-102.95412480000047,0.44110275689223055,2026-02-17 10:46:00+00:00,surfline_trevone_20260217_1046
-553609.9342552338,6541212.076744912,-102.95412480000047,0.44360902255639095,2026-02-17 10:46:00+00:00,surfline_trevone_20260217_1046
-553610.1779828265,6541211.755391836,-102.95412480000047,0.44611528822055135,2026-02-17 10:46:00+00:00,surfline_trevone_20260217_1046
-553610.1333519991,6541211.349846366,-102.95412480000047,0.44862155388471175,2026-02-17 10:46:00+00:00,surfline_trevone_20260217_1046
-553609.9617007275,6541210.907214481,-102.95412480000047,0.45112781954887216,2026-02-17 10:46:00+00:00,surfline_trevone_20260217_1046
-553609.943703366,6541210.509445206,-102.95412480000047,0.45363408521303256,2026-02-17 10:46:00+00:00,surfline_trevone_20260217_1046
-553609.9200419573,6541210.110022348,-102.95412480000047,0.45614035087719296,2026-02-17 10:46:00+00:00,surfline_trevone_20260217_1046
-553609.8676192985,6541209.702201891,-102.95412480000047,0.45864661654135336,2026-02-17 10:46:00+00:00,surfline_trevone_20260217_1046
-553609.7669430498,6541209.28029264,-102.95412480000047,0.46115288220551376,2026-02-17 10:46:00+00:00,surfline_trevone_20260217_1046
-553609.7480748894,6541208.882269118,-102.95412480000047,0.46365914786967416,2026-02-17 10:46:00+00:00,surfline_trevone_20260217_1046
-553609.6701889796,6541208.4670142885,-102.95412480000047,0.46616541353383456,2026-02-17 10:46:00+00:00,surfline_trevone_20260217_1046
-553609.5121483853,6541208.028356543,-102.95412480000047,0.46867167919799496,2026-02-17 10:46:00+00:00,surfline_trevone_20260217_1046
-553609.4678106931,6541207.62289644,-102.95412480000047,0.47117794486215536,2026-02-17 10:46:00+00:00,surfline_trevone_20260217_1046
-553609.1925421731,6541207.150011651,-102.95412480000047,0.47368421052631576,2026-02-17 10:46:00+00:00,surfline_trevone_20260217_1046
-553609.0110565933,6541206.704508589,-102.95412480000047,0.47619047619047616,2026-02-17 10:46:00+00:00,surfline_trevone_20260217_1046
-553608.572413798,6541206.1839229725,-102.95412480000047,0.47869674185463656,2026-02-17 10:46:00+00:00,surfline_trevone_20260217_1046
-553608.572413798,6541206.1839229725,-102.95412480000047,0.48120300751879697,2026-02-17 10:46:00+00:00,surfline_trevone_20260217_1046
-553608.572413798,6541206.1839229725,-102.95412480000047,0.48370927318295737,2026-02-17 10:46:00+00:00,surfline_trevone_20260217_1046
-553608.572413798,6541206.1839229725,-102.95412480000047,0.48621553884711777,2026-02-17 10:46:00+00:00,surfline_trevone_20260217_1046
-553608.572413798,6541206.1839229725,-102.95412480000047,0.48872180451127817,2026-02-17 10:46:00+00:00,surfline_trevone_20260217_1046
-553608.572413798,6541206.1839229725,-102.95412480000047,0.49122807017543857,2026-02-17 10:46:00+00:00,surfline_trevone_20260217_1046
-553608.572413798,6541206.1839229725,-102.95412480000047,0.49373433583959897,2026-02-17 10:46:00+00:00,surfline_trevone_20260217_1046
-553608.572413798,6541206.1839229725,-102.95412480000047,0.49624060150375937,2026-02-17 10:46:00+00:00,surfline_trevone_20260217_1046
-553608.572413798,6541206.1839229725,-102.95412480000047,0.49874686716791977,2026-02-17 10:46:00+00:00,surfline_trevone_20260217_1046
-553608.572413798,6541206.1839229725,-102.95412480000047,0.5012531328320802,2026-02-17 10:46:00+00:00,surfline_trevone_20260217_1046
-553608.572413798,6541206.1839229725,-102.95412480000047,0.5037593984962405,2026-02-17 10:46:00+00:00,surfline_trevone_20260217_1046
-553608.572413798,6541206.1839229725,-102.95412480000047,0.506265664160401,2026-02-17 10:46:00+00:00,surfline_trevone_20260217_1046
-553608.572413798,6541206.1839229725,-102.95412480000047,0.5087719298245614,2026-02-17 10:46:00+00:00,surfline_trevone_20260217_1046
-553608.572413798,6541206.1839229725,-102.95412480000047,0.5112781954887218,2026-02-17 10:46:00+00:00,surfline_trevone_20260217_1046
-553608.572413798,6541206.1839229725,-102.95412480000047,0.5137844611528821,2026-02-17 10:46:00+00:00,surfline_trevone_20260217_1046
-553608.572413798,6541206.1839229725,-102.95412480000047,0.5162907268170426,2026-02-17 10:46:00+00:00,surfline_trevone_20260217_1046
-553608.572413798,6541206.1839229725,-102.95412480000047,0.518796992481203,2026-02-17 10:46:00+00:00,surfline_trevone_20260217_1046
-553608.572413798,6541206.1839229725,-102.95412480000047,0.5213032581453634,2026-02-17 10:46:00+00:00,surfline_trevone_20260217_1046
-553608.572413798,6541206.1839229725,-102.95412480000047,0.5238095238095237,2026-02-17 10:46:00+00:00,surfline_trevone_20260217_1046
-553608.572413798,6541206.1839229725,-102.95412480000047,0.5263157894736842,2026-02-17 10:46:00+00:00,surfline_trevone_20260217_1046
-553608.572413798,6541206.1839229725,-102.95412480000047,0.5288220551378446,2026-02-17 10:46:00+00:00,surfline_trevone_20260217_1046
-553608.572413798,6541206.1839229725,-102.95412480000047,0.531328320802005,2026-02-17 10:46:00+00:00,surfline_trevone_20260217_1046
-553608.572413798,6541206.1839229725,-102.95412480000047,0.5338345864661653,2026-02-17 10:46:00+00:00,surfline_trevone_20260217_1046
-553608.572413798,6541206.1839229725,-102.95412480000047,0.5363408521303258,2026-02-17 10:46:00+00:00,surfline_trevone_20260217_1046
-553608.572413798,6541206.1839229725,-102.95412480000047,0.5388471177944862,2026-02-17 10:46:00+00:00,surfline_trevone_20260217_1046
-553608.572413798,6541206.1839229725,-102.95412480000047,0.5413533834586466,2026-02-17 10:46:00+00:00,surfline_trevone_20260217_1046
-553608.572413798,6541206.1839229725,-102.95412480000047,0.5438596491228069,2026-02-17 10:46:00+00:00,surfline_trevone_20260217_1046
-553608.572413798,6541206.1839229725,-102.95412480000047,0.5463659147869674,2026-02-17 10:46:00+00:00,surfline_trevone_20260217_1046
-553608.572413798,6541206.1839229725,-102.95412480000047,0.5488721804511278,2026-02-17 10:46:00+00:00,surfline_trevone_20260217_1046
-553608.572413798,6541206.1839229725,-102.95412480000047,0.5513784461152882,2026-02-17 10:46:00+00:00,surfline_trevone_20260217_1046
-553608.572413798,6541206.1839229725,-102.95412480000047,0.5538847117794485,2026-02-17 10:46:00+00:00,surfline_trevone_20260217_1046
-553608.572413798,6541206.1839229725,-102.95412480000047,0.556390977443609,2026-02-17 10:46:00+00:00,surfline_trevone_20260217_1046
-553608.572413798,6541206.1839229725,-102.95412480000047,0.5588972431077694,2026-02-17 10:46:00+00:00,surfline_trevone_20260217_1046
-553608.572413798,6541206.1839229725,-102.95412480000047,0.5614035087719298,2026-02-17 10:46:00+00:00,surfline_trevone_20260217_1046
-553608.572413798,6541206.1839229725,-102.95412480000047,0.5639097744360901,2026-02-17 10:46:00+00:00,surfline_trevone_20260217_1046
-553608.572413798,6541206.1839229725,-102.95412480000047,0.5664160401002506,2026-02-17 10:46:00+00:00,surfline_trevone_20260217_1046
-553608.572413798,6541206.1839229725,-102.95412480000047,0.568922305764411,2026-02-17 10:46:00+00:00,surfline_trevone_20260217_1046
-553608.572413798,6541206.1839229725,-102.95412480000047,0.5714285714285714,2026-02-17 10:46:00+00:00,surfline_trevone_20260217_1046
-553608.572413798,6541206.1839229725,-102.95412480000047,0.5739348370927317,2026-02-17 10:46:00+00:00,surfline_trevone_20260217_1046
-553608.572413798,6541206.1839229725,-102.95412480000047,0.5764411027568922,2026-02-17 10:46:00+00:00,surfline_trevone_20260217_1046
-553608.572413798,6541206.1839229725,-102.95412480000047,0.5789473684210527,2026-02-17 10:46:00+00:00,surfline_trevone_20260217_1046
-553608.572413798,6541206.1839229725,-102.95412480000047,0.581453634085213,2026-02-17 10:46:00+00:00,surfline_trevone_20260217_1046
-553608.572413798,6541206.1839229725,-102.95412480000047,0.5839598997493733,2026-02-17 10:46:00+00:00,surfline_trevone_20260217_1046
-553608.572413798,6541206.1839229725,-102.95412480000047,0.5864661654135338,2026-02-17 10:46:00+00:00,surfline_trevone_20260217_1046
-553608.572413798,6541206.1839229725,-102.95412480000047,0.5889724310776943,2026-02-17 10:46:00+00:00,surfline_trevone_20260217_1046
-553608.572413798,6541206.1839229725,-102.95412480000047,0.5914786967418546,2026-02-17 10:46:00+00:00,surfline_trevone_20260217_1046
-553608.572413798,6541206.1839229725,-102.95412480000047,0.593984962406015,2026-02-17 10:46:00+00:00,surfline_trevone_20260217_1046
-553608.572413798,6541206.1839229725,-102.95412480000047,0.5964912280701754,2026-02-17 10:46:00+00:00,surfline_trevone_20260217_1046
-553608.572413798,6541206.1839229725,-102.95412480000047,0.5989974937343359,2026-02-17 10:46:00+00:00,surfline_trevone_20260217_1046
-553608.572413798,6541206.1839229725,-102.95412480000047,0.6015037593984962,2026-02-17 10:46:00+00:00,surfline_trevone_20260217_1046
-553608.572413798,6541206.1839229725,-102.95412480000047,0.6040100250626566,2026-02-17 10:46:00+00:00,surfline_trevone_20260217_1046
-553608.572413798,6541206.1839229725,-102.95412480000047,0.606516290726817,2026-02-17 10:46:00+00:00,surfline_trevone_20260217_1046
-553608.572413798,6541206.1839229725,-102.95412480000047,0.6090225563909775,2026-02-17 10:46:00+00:00,surfline_trevone_20260217_1046
-553608.572413798,6541206.1839229725,-102.95412480000047,0.6115288220551378,2026-02-17 10:46:00+00:00,surfline_trevone_20260217_1046
-553608.572413798,6541206.1839229725,-102.95412480000047,0.6140350877192982,2026-02-17 10:46:00+00:00,surfline_trevone_20260217_1046
-553608.572413798,6541206.1839229725,-102.95412480000047,0.6165413533834586,2026-02-17 10:46:00+00:00,surfline_trevone_20260217_1046
-553608.572413798,6541206.1839229725,-102.95412480000047,0.6190476190476191,2026-02-17 10:46:00+00:00,surfline_trevone_20260217_1046
-553608.572413798,6541206.1839229725,-102.95412480000047,0.6215538847117794,2026-02-17 10:46:00+00:00,surfline_trevone_20260217_1046
-553608.572413798,6541206.1839229725,-102.95412480000047,0.6240601503759398,2026-02-17 10:46:00+00:00,surfline_trevone_20260217_1046
-553608.572413798,6541206.1839229725,-102.95412480000047,0.6265664160401002,2026-02-17 10:46:00+00:00,surfline_trevone_20260217_1046
-553608.572413798,6541206.1839229725,-102.95412480000047,0.6290726817042607,2026-02-17 10:46:00+00:00,surfline_trevone_20260217_1046
-553608.572413798,6541206.1839229725,-102.95412480000047,0.631578947368421,2026-02-17 10:46:00+00:00,surfline_trevone_20260217_1046
-553608.572413798,6541206.1839229725,-102.95412480000047,0.6340852130325814,2026-02-17 10:46:00+00:00,surfline_trevone_20260217_1046
-553608.572413798,6541206.1839229725,-102.95412480000047,0.6365914786967418,2026-02-17 10:46:00+00:00,surfline_trevone_20260217_1046
-553608.572413798,6541206.1839229725,-102.95412480000047,0.6390977443609023,2026-02-17 10:46:00+00:00,surfline_trevone_20260217_1046
-553608.572413798,6541206.1839229725,-102.95412480000047,0.6416040100250626,2026-02-17 10:46:00+00:00,surfline_trevone_20260217_1046
-553608.572413798,6541206.1839229725,-102.95412480000047,0.644110275689223,2026-02-17 10:46:00+00:00,surfline_trevone_20260217_1046
-553608.572413798,6541206.1839229725,-102.95412480000047,0.6466165413533834,2026-02-17 10:46:00+00:00,surfline_trevone_20260217_1046
-553608.572413798,6541206.1839229725,-102.95412480000047,0.6491228070175439,2026-02-17 10:46:00+00:00,surfline_trevone_20260217_1046
-553608.572413798,6541206.1839229725,-102.95412480000047,0.6516290726817042,2026-02-17 10:46:00+00:00,surfline_trevone_20260217_1046
-553608.572413798,6541206.1839229725,-102.95412480000047,0.6541353383458646,2026-02-17 10:46:00+00:00,surfline_trevone_20260217_1046
-553608.572413798,6541206.1839229725,-102.95412480000047,0.656641604010025,2026-02-17 10:46:00+00:00,surfline_trevone_20260217_1046
-553608.572413798,6541206.1839229725,-102.95412480000047,0.6591478696741855,2026-02-17 10:46:00+00:00,surfline_trevone_20260217_1046
-553608.572413798,6541206.1839229725,-102.95412480000047,0.6616541353383458,2026-02-17 10:46:00+00:00,surfline_trevone_20260217_1046
-553608.572413798,6541206.1839229725,-102.95412480000047,0.6641604010025062,2026-02-17 10:46:00+00:00,surfline_trevone_20260217_1046
-553608.572413798,6541206.1839229725,-102.95412480000047,0.6666666666666666,2026-02-17 10:46:00+00:00,surfline_trevone_20260217_1046
-553608.572413798,6541206.1839229725,-102.95412480000047,0.6691729323308271,2026-02-17 10:46:00+00:00,surfline_trevone_20260217_1046
-553608.572413798,6541206.1839229725,-102.95412480000047,0.6716791979949874,2026-02-17 10:46:00+00:00,surfline_trevone_20260217_1046
-553608.572413798,6541206.1839229725,-102.95412480000047,0.6741854636591478,2026-02-17 10:46:00+00:00,surfline_trevone_20260217_1046
-553608.572413798,6541206.1839229725,-102.95412480000047,0.6766917293233082,2026-02-17 10:46:00+00:00,surfline_trevone_20260217_1046
-553608.572413798,6541206.1839229725,-102.95412480000047,0.6791979949874687,2026-02-17 10:46:00+00:00,surfline_trevone_20260217_1046
-553608.572413798,6541206.1839229725,-102.95412480000047,0.681704260651629,2026-02-17 10:46:00+00:00,surfline_trevone_20260217_1046
-553608.572413798,6541206.1839229725,-102.95412480000047,0.6842105263157894,2026-02-17 10:46:00+00:00,surfline_trevone_20260217_1046
-553608.572413798,6541206.1839229725,-102.95412480000047,0.6867167919799498,2026-02-17 10:46:00+00:00,surfline_trevone_20260217_1046
-553608.572413798,6541206.1839229725,-102.95412480000047,0.6892230576441103,2026-02-17 10:46:00+00:00,surfline_trevone_20260217_1046
-553608.572413798,6541206.1839229725,-102.95412480000047,0.6917293233082706,2026-02-17 10:46:00+00:00,surfline_trevone_20260217_1046
-553608.572413798,6541206.1839229725,-102.95412480000047,0.694235588972431,2026-02-17 10:46:00+00:00,surfline_trevone_20260217_1046
-553608.572413798,6541206.1839229725,-102.95412480000047,0.6967418546365914,2026-02-17 10:46:00+00:00,surfline_trevone_20260217_1046
-553608.572413798,6541206.1839229725,-102.95412480000047,0.6992481203007519,2026-02-17 10:46:00+00:00,surfline_trevone_20260217_1046
-553608.572413798,6541206.1839229725,-102.95412480000047,0.7017543859649122,2026-02-17 10:46:00+00:00,surfline_trevone_20260217_1046
-553608.572413798,6541206.1839229725,-102.95412480000047,0.7042606516290726,2026-02-17 10:46:00+00:00,surfline_trevone_20260217_1046
-553608.572413798,6541206.1839229725,-102.95412480000047,0.706766917293233,2026-02-17 10:46:00+00:00,surfline_trevone_20260217_1046
-553608.572413798,6541206.1839229725,-102.95412480000047,0.7092731829573935,2026-02-17 10:46:00+00:00,surfline_trevone_20260217_1046
-553608.572413798,6541206.1839229725,-102.95412480000047,0.7117794486215538,2026-02-17 10:46:00+00:00,surfline_trevone_20260217_1046
-553608.572413798,6541206.1839229725,-102.95412480000047,0.7142857142857142,2026-02-17 10:46:00+00:00,surfline_trevone_20260217_1046
-553608.572413798,6541206.1839229725,-102.95412480000047,0.7167919799498746,2026-02-17 10:46:00+00:00,surfline_trevone_20260217_1046
-553608.572413798,6541206.1839229725,-102.95412480000047,0.7192982456140351,2026-02-17 10:46:00+00:00,surfline_trevone_20260217_1046
-553608.572413798,6541206.1839229725,-102.95412480000047,0.7218045112781954,2026-02-17 10:46:00+00:00,surfline_trevone_20260217_1046
-553608.572413798,6541206.1839229725,-102.95412480000047,0.7243107769423558,2026-02-17 10:46:00+00:00,surfline_trevone_20260217_1046
-553608.572413798,6541206.1839229725,-102.95412480000047,0.7268170426065163,2026-02-17 10:46:00+00:00,surfline_trevone_20260217_1046
-553608.572413798,6541206.1839229725,-102.95412480000047,0.7293233082706767,2026-02-17 10:46:00+00:00,surfline_trevone_20260217_1046
-553608.572413798,6541206.1839229725,-102.95412480000047,0.731829573934837,2026-02-17 10:46:00+00:00,surfline_trevone_20260217_1046
-553608.572413798,6541206.1839229725,-102.95412480000047,0.7343358395989974,2026-02-17 10:46:00+00:00,surfline_trevone_20260217_1046
-553608.572413798,6541206.1839229725,-102.95412480000047,0.7368421052631579,2026-02-17 10:46:00+00:00,surfline_trevone_20260217_1046
-553608.572413798,6541206.1839229725,-102.95412480000047,0.7393483709273183,2026-02-17 10:46:00+00:00,surfline_trevone_20260217_1046
-553608.572413798,6541206.1839229725,-102.95412480000047,0.7418546365914787,2026-02-17 10:46:00+00:00,surfline_trevone_20260217_1046
-553608.572413798,6541206.1839229725,-102.95412480000047,0.744360902255639,2026-02-17 10:46:00+00:00,surfline_trevone_20260217_1046
-553608.572413798,6541206.1839229725,-102.95412480000047,0.7468671679197995,2026-02-17 10:46:00+00:00,surfline_trevone_20260217_1046
-553608.572413798,6541206.1839229725,-102.95412480000047,0.7493734335839599,2026-02-17 10:46:00+00:00,surfline_trevone_20260217_1046
-553608.572413798,6541206.1839229725,-102.95412480000047,0.7518796992481203,2026-02-17 10:46:00+00:00,surfline_trevone_20260217_1046
-553608.572413798,6541206.1839229725,-102.95412480000047,0.7543859649122806,2026-02-17 10:46:00+00:00,surfline_trevone_20260217_1046
-553608.572413798,6541206.1839229725,-102.95412480000047,0.7568922305764411,2026-02-17 10:46:00+00:00,surfline_trevone_20260217_1046
-553608.572413798,6541206.1839229725,-102.95412480000047,0.7593984962406015,2026-02-17 10:46:00+00:00,surfline_trevone_20260217_1046
-553608.572413798,6541206.1839229725,-102.95412480000047,0.7619047619047619,2026-02-17 10:46:00+00:00,surfline_trevone_20260217_1046
-553608.572413798,6541206.1839229725,-102.95412480000047,0.7644110275689222,2026-02-17 10:46:00+00:00,surfline_trevone_20260217_1046
-553608.572413798,6541206.1839229725,-102.95412480000047,0.7669172932330827,2026-02-17 10:46:00+00:00,surfline_trevone_20260217_1046
-553608.572413798,6541206.1839229725,-102.95412480000047,0.7694235588972431,2026-02-17 10:46:00+00:00,surfline_trevone_20260217_1046
-553608.572413798,6541206.1839229725,-102.95412480000047,0.7719298245614035,2026-02-17 10:46:00+00:00,surfline_trevone_20260217_1046
-553608.572413798,6541206.1839229725,-102.95412480000047,0.7744360902255638,2026-02-17 10:46:00+00:00,surfline_trevone_20260217_1046
-553608.572413798,6541206.1839229725,-102.95412480000047,0.7769423558897243,2026-02-17 10:46:00+00:00,surfline_trevone_20260217_1046
-553608.572413798,6541206.1839229725,-102.95412480000047,0.7794486215538847,2026-02-17 10:46:00+00:00,surfline_trevone_20260217_1046
-553608.572413798,6541206.1839229725,-102.95412480000047,0.7819548872180451,2026-02-17 10:46:00+00:00,surfline_trevone_20260217_1046
-553608.572413798,6541206.1839229725,-102.95412480000047,0.7844611528822054,2026-02-17 10:46:00+00:00,surfline_trevone_20260217_1046
-553608.572413798,6541206.1839229725,-102.95412480000047,0.7869674185463659,2026-02-17 10:46:00+00:00,surfline_trevone_20260217_1046
-553608.572413798,6541206.1839229725,-102.95412480000047,0.7894736842105263,2026-02-17 10:46:00+00:00,surfline_trevone_20260217_1046
-553608.572413798,6541206.1839229725,-102.95412480000047,0.7919799498746867,2026-02-17 10:46:00+00:00,surfline_trevone_20260217_1046
-553608.572413798,6541206.1839229725,-102.95412480000047,0.794486215538847,2026-02-17 10:46:00+00:00,surfline_trevone_20260217_1046
-553608.572413798,6541206.1839229725,-102.95412480000047,0.7969924812030075,2026-02-17 10:46:00+00:00,surfline_trevone_20260217_1046
-553608.572413798,6541206.1839229725,-102.95412480000047,0.7994987468671679,2026-02-17 10:46:00+00:00,surfline_trevone_20260217_1046
-553608.572413798,6541206.1839229725,-102.95412480000047,0.8020050125313283,2026-02-17 10:46:00+00:00,surfline_trevone_20260217_1046
-553608.572413798,6541206.1839229725,-102.95412480000047,0.8045112781954886,2026-02-17 10:46:00+00:00,surfline_trevone_20260217_1046
-553608.572413798,6541206.1839229725,-102.95412480000047,0.8070175438596491,2026-02-17 10:46:00+00:00,surfline_trevone_20260217_1046
-553608.572413798,6541206.1839229725,-102.95412480000047,0.8095238095238095,2026-02-17 10:46:00+00:00,surfline_trevone_20260217_1046
-553608.572413798,6541206.1839229725,-102.95412480000047,0.8120300751879699,2026-02-17 10:46:00+00:00,surfline_trevone_20260217_1046
-553608.572413798,6541206.1839229725,-102.95412480000047,0.8145363408521302,2026-02-17 10:46:00+00:00,surfline_trevone_20260217_1046
-553608.572413798,6541206.1839229725,-102.95412480000047,0.8170426065162907,2026-02-17 10:46:00+00:00,surfline_trevone_20260217_1046
-553608.572413798,6541206.1839229725,-102.95412480000047,0.8195488721804511,2026-02-17 10:46:00+00:00,surfline_trevone_20260217_1046
-553608.572413798,6541206.1839229725,-102.95412480000047,0.8220551378446115,2026-02-17 10:46:00+00:00,surfline_trevone_20260217_1046
-553608.572413798,6541206.1839229725,-102.95412480000047,0.8245614035087718,2026-02-17 10:46:00+00:00,surfline_trevone_20260217_1046
-553608.572413798,6541206.1839229725,-102.95412480000047,0.8270676691729323,2026-02-17 10:46:00+00:00,surfline_trevone_20260217_1046
-553608.572413798,6541206.1839229725,-102.95412480000047,0.8295739348370927,2026-02-17 10:46:00+00:00,surfline_trevone_20260217_1046
-553608.572413798,6541206.1839229725,-102.95412480000047,0.8320802005012531,2026-02-17 10:46:00+00:00,surfline_trevone_20260217_1046
-553608.572413798,6541206.1839229725,-102.95412480000047,0.8345864661654134,2026-02-17 10:46:00+00:00,surfline_trevone_20260217_1046
-553608.572413798,6541206.1839229725,-102.95412480000047,0.8370927318295739,2026-02-17 10:46:00+00:00,surfline_trevone_20260217_1046
-553608.572413798,6541206.1839229725,-102.95412480000047,0.8395989974937343,2026-02-17 10:46:00+00:00,surfline_trevone_20260217_1046
-553608.572413798,6541206.1839229725,-102.95412480000047,0.8421052631578947,2026-02-17 10:46:00+00:00,surfline_trevone_20260217_1046
-553608.572413798,6541206.1839229725,-102.95412480000047,0.844611528822055,2026-02-17 10:46:00+00:00,surfline_trevone_20260217_1046
-553608.572413798,6541206.1839229725,-102.95412480000047,0.8471177944862155,2026-02-17 10:46:00+00:00,surfline_trevone_20260217_1046
-553608.572413798,6541206.1839229725,-102.95412480000047,0.849624060150376,2026-02-17 10:46:00+00:00,surfline_trevone_20260217_1046
-553608.572413798,6541206.1839229725,-102.95412480000047,0.8521303258145363,2026-02-17 10:46:00+00:00,surfline_trevone_20260217_1046
-553608.572413798,6541206.1839229725,-102.95412480000047,0.8546365914786966,2026-02-17 10:46:00+00:00,surfline_trevone_20260217_1046
-553608.572413798,6541206.1839229725,-102.95412480000047,0.8571428571428571,2026-02-17 10:46:00+00:00,surfline_trevone_20260217_1046
-553608.572413798,6541206.1839229725,-102.95412480000047,0.8596491228070176,2026-02-17 10:46:00+00:00,surfline_trevone_20260217_1046
-553608.572413798,6541206.1839229725,-102.95412480000047,0.8621553884711779,2026-02-17 10:46:00+00:00,surfline_trevone_20260217_1046
-553608.572413798,6541206.1839229725,-102.95412480000047,0.8646616541353382,2026-02-17 10:46:00+00:00,surfline_trevone_20260217_1046
-553608.572413798,6541206.1839229725,-102.95412480000047,0.8671679197994987,2026-02-17 10:46:00+00:00,surfline_trevone_20260217_1046
-553608.572413798,6541206.1839229725,-102.95412480000047,0.8696741854636592,2026-02-17 10:46:00+00:00,surfline_trevone_20260217_1046
-553608.572413798,6541206.1839229725,-102.95412480000047,0.8721804511278195,2026-02-17 10:46:00+00:00,surfline_trevone_20260217_1046
-553608.572413798,6541206.1839229725,-102.95412480000047,0.8746867167919798,2026-02-17 10:46:00+00:00,surfline_trevone_20260217_1046
-553608.572413798,6541206.1839229725,-102.95412480000047,0.8771929824561403,2026-02-17 10:46:00+00:00,surfline_trevone_20260217_1046
-553608.572413798,6541206.1839229725,-102.95412480000047,0.8796992481203008,2026-02-17 10:46:00+00:00,surfline_trevone_20260217_1046
-553608.572413798,6541206.1839229725,-102.95412480000047,0.8822055137844611,2026-02-17 10:46:00+00:00,surfline_trevone_20260217_1046
-553608.572413798,6541206.1839229725,-102.95412480000047,0.8847117794486214,2026-02-17 10:46:00+00:00,surfline_trevone_20260217_1046
-553608.572413798,6541206.1839229725,-102.95412480000047,0.8872180451127819,2026-02-17 10:46:00+00:00,surfline_trevone_20260217_1046
-553608.572413798,6541206.1839229725,-102.95412480000047,0.8897243107769424,2026-02-17 10:46:00+00:00,surfline_trevone_20260217_1046
-553608.572413798,6541206.1839229725,-102.95412480000047,0.8922305764411027,2026-02-17 10:46:00+00:00,surfline_trevone_20260217_1046
-553608.572413798,6541206.1839229725,-102.95412480000047,0.894736842105263,2026-02-17 10:46:00+00:00,surfline_trevone_20260217_1046
-553608.572413798,6541206.1839229725,-102.95412480000047,0.8972431077694235,2026-02-17 10:46:00+00:00,surfline_trevone_20260217_1046
-553608.572413798,6541206.1839229725,-102.95412480000047,0.899749373433584,2026-02-17 10:46:00+00:00,surfline_trevone_20260217_1046
-553608.572413798,6541206.1839229725,-102.95412480000047,0.9022556390977443,2026-02-17 10:46:00+00:00,surfline_trevone_20260217_1046
-553608.572413798,6541206.1839229725,-102.95412480000047,0.9047619047619047,2026-02-17 10:46:00+00:00,surfline_trevone_20260217_1046
-553608.572413798,6541206.1839229725,-102.95412480000047,0.9072681704260651,2026-02-17 10:46:00+00:00,surfline_trevone_20260217_1046
-553608.572413798,6541206.1839229725,-102.95412480000047,0.9097744360902256,2026-02-17 10:46:00+00:00,surfline_trevone_20260217_1046
-553608.572413798,6541206.1839229725,-102.95412480000047,0.9122807017543859,2026-02-17 10:46:00+00:00,surfline_trevone_20260217_1046
-553608.572413798,6541206.1839229725,-102.95412480000047,0.9147869674185463,2026-02-17 10:46:00+00:00,surfline_trevone_20260217_1046
-553608.572413798,6541206.1839229725,-102.95412480000047,0.9172932330827067,2026-02-17 10:46:00+00:00,surfline_trevone_20260217_1046
-553608.572413798,6541206.1839229725,-102.95412480000047,0.9197994987468672,2026-02-17 10:46:00+00:00,surfline_trevone_20260217_1046
-553608.572413798,6541206.1839229725,-102.95412480000047,0.9223057644110275,2026-02-17 10:46:00+00:00,surfline_trevone_20260217_1046
-553608.572413798,6541206.1839229725,-102.95412480000047,0.9248120300751879,2026-02-17 10:46:00+00:00,surfline_trevone_20260217_1046
-553608.572413798,6541206.1839229725,-102.95412480000047,0.9273182957393483,2026-02-17 10:46:00+00:00,surfline_trevone_20260217_1046
-553608.572413798,6541206.1839229725,-102.95412480000047,0.9298245614035088,2026-02-17 10:46:00+00:00,surfline_trevone_20260217_1046
-553608.572413798,6541206.1839229725,-102.95412480000047,0.9323308270676691,2026-02-17 10:46:00+00:00,surfline_trevone_20260217_1046
-553608.572413798,6541206.1839229725,-102.95412480000047,0.9348370927318295,2026-02-17 10:46:00+00:00,surfline_trevone_20260217_1046
-553608.572413798,6541206.1839229725,-102.95412480000047,0.9373433583959899,2026-02-17 10:46:00+00:00,surfline_trevone_20260217_1046
-553608.572413798,6541206.1839229725,-102.95412480000047,0.9398496240601504,2026-02-17 10:46:00+00:00,surfline_trevone_20260217_1046
-553608.572413798,6541206.1839229725,-102.95412480000047,0.9423558897243107,2026-02-17 10:46:00+00:00,surfline_trevone_20260217_1046
-553608.572413798,6541206.1839229725,-102.95412480000047,0.9448621553884711,2026-02-17 10:46:00+00:00,surfline_trevone_20260217_1046
-553608.572413798,6541206.1839229725,-102.95412480000047,0.9473684210526315,2026-02-17 10:46:00+00:00,surfline_trevone_20260217_1046
-553608.572413798,6541206.1839229725,-102.95412480000047,0.949874686716792,2026-02-17 10:46:00+00:00,surfline_trevone_20260217_1046
-553608.572413798,6541206.1839229725,-102.95412480000047,0.9523809523809523,2026-02-17 10:46:00+00:00,surfline_trevone_20260217_1046
-553608.572413798,6541206.1839229725,-102.95412480000047,0.9548872180451127,2026-02-17 10:46:00+00:00,surfline_trevone_20260217_1046
-553608.572413798,6541206.1839229725,-102.95412480000047,0.9573934837092731,2026-02-17 10:46:00+00:00,surfline_trevone_20260217_1046
-553608.572413798,6541206.1839229725,-102.95412480000047,0.9598997493734336,2026-02-17 10:46:00+00:00,surfline_trevone_20260217_1046
-553608.572413798,6541206.1839229725,-102.95412480000047,0.9624060150375939,2026-02-17 10:46:00+00:00,surfline_trevone_20260217_1046
-553608.572413798,6541206.1839229725,-102.95412480000047,0.9649122807017543,2026-02-17 10:46:00+00:00,surfline_trevone_20260217_1046
-553608.572413798,6541206.1839229725,-102.95412480000047,0.9674185463659147,2026-02-17 10:46:00+00:00,surfline_trevone_20260217_1046
-553608.572413798,6541206.1839229725,-102.95412480000047,0.9699248120300752,2026-02-17 10:46:00+00:00,surfline_trevone_20260217_1046
-553608.572413798,6541206.1839229725,-102.95412480000047,0.9724310776942355,2026-02-17 10:46:00+00:00,surfline_trevone_20260217_1046
-553608.572413798,6541206.1839229725,-102.95412480000047,0.9749373433583959,2026-02-17 10:46:00+00:00,surfline_trevone_20260217_1046
-553608.572413798,6541206.1839229725,-102.95412480000047,0.9774436090225563,2026-02-17 10:46:00+00:00,surfline_trevone_20260217_1046
-553608.572413798,6541206.1839229725,-102.95412480000047,0.9799498746867168,2026-02-17 10:46:00+00:00,surfline_trevone_20260217_1046
-553608.572413798,6541206.1839229725,-102.95412480000047,0.9824561403508771,2026-02-17 10:46:00+00:00,surfline_trevone_20260217_1046
-553608.572413798,6541206.1839229725,-102.95412480000047,0.9849624060150375,2026-02-17 10:46:00+00:00,surfline_trevone_20260217_1046
-553608.572413798,6541206.1839229725,-102.95412480000047,0.9874686716791979,2026-02-17 10:46:00+00:00,surfline_trevone_20260217_1046
-553608.572413798,6541206.1839229725,-102.95412480000047,0.9899749373433584,2026-02-17 10:46:00+00:00,surfline_trevone_20260217_1046
-553608.572413798,6541206.1839229725,-102.95412480000047,0.9924812030075187,2026-02-17 10:46:00+00:00,surfline_trevone_20260217_1046
-553608.572413798,6541206.1839229725,-102.95412480000047,0.9949874686716791,2026-02-17 10:46:00+00:00,surfline_trevone_20260217_1046
-553608.572413798,6541206.1839229725,-102.95412480000047,0.9974937343358395,2026-02-17 10:46:00+00:00,surfline_trevone_20260217_1046
-553608.572413798,6541206.1839229725,-102.95412480000047,1.0,2026-02-17 10:46:00+00:00,surfline_trevone_20260217_1046
-553595.2509765722,6541277.264735336,-103.07116800000048,0.0,2026-02-17 11:18:00+00:00,surfline_trevone_20260217_1118
-553595.8406750901,6541277.044395604,-103.07116800000048,0.002506265664160401,2026-02-17 11:18:00+00:00,surfline_trevone_20260217_1118
-553596.3668818191,6541276.805518036,-103.07116800000048,0.005012531328320802,2026-02-17 11:18:00+00:00,surfline_trevone_20260217_1118
-553596.8748103381,6541276.561303614,-103.07116800000048,0.007518796992481203,2026-02-17 11:18:00+00:00,surfline_trevone_20260217_1118
-553597.3401985037,6541276.304668801,-103.07116800000048,0.010025062656641603,2026-02-17 11:18:00+00:00,surfline_trevone_20260217_1118
-553597.7052318755,6541276.018733469,-103.07116800000048,0.012531328320802004,2026-02-17 11:18:00+00:00,surfline_trevone_20260217_1118
-553598.1201859738,6541275.747373381,-103.07116800000048,0.015037593984962405,2026-02-17 11:18:00+00:00,surfline_trevone_20260217_1118
-553598.3083199017,6541275.409788274,-103.07116800000048,0.017543859649122806,2026-02-17 11:18:00+00:00,surfline_trevone_20260217_1118
-553598.3477219882,6541275.028777962,-103.07116800000048,0.020050125313283207,2026-02-17 11:18:00+00:00,surfline_trevone_20260217_1118
-553598.2293627387,6541274.601706096,-103.07116800000048,0.022556390977443608,2026-02-17 11:18:00+00:00,surfline_trevone_20260217_1118
-553598.3483275406,6541274.243925774,-103.07116800000048,0.02506265664160401,2026-02-17 11:18:00+00:00,surfline_trevone_20260217_1118
-553598.5764993478,6541273.918030559,-103.07116800000048,0.02756892230576441,2026-02-17 11:18:00+00:00,surfline_trevone_20260217_1118
-553598.7747086019,6541273.583387304,-103.07116800000048,0.03007518796992481,2026-02-17 11:18:00+00:00,surfline_trevone_20260217_1118
-553599.0416609885,6541273.268815188,-103.07116800000048,0.03258145363408521,2026-02-17 11:18:00+00:00,surfline_trevone_20260217_1118
-553599.2682171696,6541272.942448407,-103.07116800000048,0.03508771929824561,2026-02-17 11:18:00+00:00,surfline_trevone_20260217_1118
-553599.5754656012,6541272.639641258,-103.07116800000048,0.03759398496240601,2026-02-17 11:18:00+00:00,surfline_trevone_20260217_1118
-553599.8207014533,6541272.318728397,-103.07116800000048,0.040100250626566414,2026-02-17 11:18:00+00:00,surfline_trevone_20260217_1118
-553600.0078123667,6541271.980844901,-103.07116800000048,0.042606516290726815,2026-02-17 11:18:00+00:00,surfline_trevone_20260217_1118
-553600.1946933832,6541271.64289413,-103.07116800000048,0.045112781954887216,2026-02-17 11:18:00+00:00,surfline_trevone_20260217_1118
-553600.3252401757,6541271.288495262,-103.07116800000048,0.047619047619047616,2026-02-17 11:18:00+00:00,surfline_trevone_20260217_1118
-553600.507975281,6541270.949334007,-103.07116800000048,0.05012531328320802,2026-02-17 11:18:00+00:00,surfline_trevone_20260217_1118
-553600.7141500337,6541270.617016596,-103.07116800000048,0.05263157894736842,2026-02-17 11:18:00+00:00,surfline_trevone_20260217_1118
-553600.8588795662,6541270.266758822,-103.07116800000048,0.05513784461152882,2026-02-17 11:18:00+00:00,surfline_trevone_20260217_1118
-553600.9867223487,6541269.9115704615,-103.07116800000048,0.05764411027568922,2026-02-17 11:18:00+00:00,surfline_trevone_20260217_1118
-553601.1603016014,6541269.569736116,-103.07116800000048,0.06015037593984962,2026-02-17 11:18:00+00:00,surfline_trevone_20260217_1118
-553601.3641987318,6541269.236753553,-103.07116800000048,0.06265664160401002,2026-02-17 11:18:00+00:00,surfline_trevone_20260217_1118
-553601.5425520409,6541268.896312792,-103.07116800000048,0.06516290726817042,2026-02-17 11:18:00+00:00,surfline_trevone_20260217_1118
-553601.716026683,6541268.554447817,-103.07116800000048,0.06766917293233082,2026-02-17 11:18:00+00:00,surfline_trevone_20260217_1118
-553601.9419321872,6541268.227891144,-103.07116800000048,0.07017543859649122,2026-02-17 11:18:00+00:00,surfline_trevone_20260217_1118
-553602.1418517402,6541267.893747246,-103.07116800000048,0.07268170426065163,2026-02-17 11:18:00+00:00,surfline_trevone_20260217_1118
-553602.3416006166,6541267.559553366,-103.07116800000048,0.07518796992481203,2026-02-17 11:18:00+00:00,surfline_trevone_20260217_1118
-553602.5244939604,6541267.220438312,-103.07116800000048,0.07769423558897243,2026-02-17 11:18:00+00:00,surfline_trevone_20260217_1118
-553602.749048499,6541266.893487261,-103.07116800000048,0.08020050125313283,2026-02-17 11:18:00+00:00,surfline_trevone_20260217_1118
-553602.954993903,6541266.561102735,-103.07116800000048,0.08270676691729323,2026-02-17 11:18:00+00:00,surfline_trevone_20260217_1118
-553603.1734983921,6541266.232384946,-103.07116800000048,0.08521303258145363,2026-02-17 11:18:00+00:00,surfline_trevone_20260217_1118
-553603.4412506381,6541265.918046216,-103.07116800000048,0.08771929824561403,2026-02-17 11:18:00+00:00,surfline_trevone_20260217_1118
-553603.6362565125,6541265.582467817,-103.07116800000048,0.09022556390977443,2026-02-17 11:18:00+00:00,surfline_trevone_20260217_1118
-553603.8308310556,6541265.246763332,-103.07116800000048,0.09273182957393483,2026-02-17 11:18:00+00:00,surfline_trevone_20260217_1118
-553604.0162712835,6541264.908391744,-103.07116800000048,0.09523809523809523,2026-02-17 11:18:00+00:00,surfline_trevone_20260217_1118
-553604.2647044801,6541264.588412414,-103.07116800000048,0.09774436090225563,2026-02-17 11:18:00+00:00,surfline_trevone_20260217_1118
-553604.5026067419,6541264.265358509,-103.07116800000048,0.10025062656641603,2026-02-17 11:18:00+00:00,surfline_trevone_20260217_1118
-553604.6042242532,6541263.902513283,-103.07116800000048,0.10275689223057644,2026-02-17 11:18:00+00:00,surfline_trevone_20260217_1118
-553604.7949622887,6541263.565688501,-103.07116800000048,0.10526315789473684,2026-02-17 11:18:00+00:00,surfline_trevone_20260217_1118
-553605.0600770584,6541263.250579704,-103.07116800000048,0.10776942355889724,2026-02-17 11:18:00+00:00,surfline_trevone_20260217_1118
-553605.3115739224,6541262.931495025,-103.07116800000048,0.11027568922305764,2026-02-17 11:18:00+00:00,surfline_trevone_20260217_1118
-553605.5118322652,6541262.597450043,-103.07116800000048,0.11278195488721804,2026-02-17 11:18:00+00:00,surfline_trevone_20260217_1118
-553605.8130157482,6541262.292872108,-103.07116800000048,0.11528822055137844,2026-02-17 11:18:00+00:00,surfline_trevone_20260217_1118
-553606.0228925303,6541261.961635579,-103.07116800000048,0.11779448621553884,2026-02-17 11:18:00+00:00,surfline_trevone_20260217_1118
-553606.168373374,6541261.611597167,-103.07116800000048,0.12030075187969924,2026-02-17 11:18:00+00:00,surfline_trevone_20260217_1118
-553606.2599818007,6541261.245829433,-103.07116800000048,0.12280701754385964,2026-02-17 11:18:00+00:00,surfline_trevone_20260217_1118
-553606.3861151149,6541260.890142108,-103.07116800000048,0.12531328320802004,2026-02-17 11:18:00+00:00,surfline_trevone_20260217_1118
-553606.5990089028,6541260.559786458,-103.07116800000048,0.12781954887218044,2026-02-17 11:18:00+00:00,surfline_trevone_20260217_1118
-553606.8403276519,6541260.237729915,-103.07116800000048,0.13032581453634084,2026-02-17 11:18:00+00:00,surfline_trevone_20260217_1118
-553607.0792050395,6541259.91496042,-103.07116800000048,0.13283208020050125,2026-02-17 11:18:00+00:00,surfline_trevone_20260217_1118
-553607.2564766582,6541259.57420405,-103.07116800000048,0.13533834586466165,2026-02-17 11:18:00+00:00,surfline_trevone_20260217_1118
-553607.4336609938,6541259.233422218,-103.07116800000048,0.13784461152882205,2026-02-17 11:18:00+00:00,surfline_trevone_20260217_1118
-553607.5416080334,6541258.87242503,-103.07116800000048,0.14035087719298245,2026-02-17 11:18:00+00:00,surfline_trevone_20260217_1118
-553607.7595793515,6541258.543551573,-103.07116800000048,0.14285714285714285,2026-02-17 11:18:00+00:00,surfline_trevone_20260217_1118
-553607.8994816308,6541258.191884383,-103.07116800000048,0.14536340852130325,2026-02-17 11:18:00+00:00,surfline_trevone_20260217_1118
-553608.0402776632,6541257.840478293,-103.07116800000048,0.14786967418546365,2026-02-17 11:18:00+00:00,surfline_trevone_20260217_1118
-553608.1370571371,6541257.476220502,-103.07116800000048,0.15037593984962405,2026-02-17 11:18:00+00:00,surfline_trevone_20260217_1118
-553608.2086761511,6541257.104616443,-103.07116800000048,0.15288220551378445,2026-02-17 11:18:00+00:00,surfline_trevone_20260217_1118
-553608.3444079226,6541256.751731588,-103.07116800000048,0.15538847117794485,2026-02-17 11:18:00+00:00,surfline_trevone_20260217_1118
-553608.3891578629,6541256.372282841,-103.07116800000048,0.15789473684210525,2026-02-17 11:18:00+00:00,surfline_trevone_20260217_1118
-553608.4766109257,6541256.005302011,-103.07116800000048,0.16040100250626566,2026-02-17 11:18:00+00:00,surfline_trevone_20260217_1118
-553608.5973497868,6541255.648039514,-103.07116800000048,0.16290726817042606,2026-02-17 11:18:00+00:00,surfline_trevone_20260217_1118
-553608.7429550845,6541255.29803744,-103.07116800000048,0.16541353383458646,2026-02-17 11:18:00+00:00,surfline_trevone_20260217_1118
-553608.9215587147,6541254.957670064,-103.07116800000048,0.16791979949874686,2026-02-17 11:18:00+00:00,surfline_trevone_20260217_1118
-553608.9699496324,6541254.579284227,-103.07116800000048,0.17042606516290726,2026-02-17 11:18:00+00:00,surfline_trevone_20260217_1118
-553609.0782109142,6541254.218378642,-103.07116800000048,0.17293233082706766,2026-02-17 11:18:00+00:00,surfline_trevone_20260217_1118
-553609.1912075599,6541253.858855941,-103.07116800000048,0.17543859649122806,2026-02-17 11:18:00+00:00,surfline_trevone_20260217_1118
-553609.3399540813,6541253.509771012,-103.07116800000048,0.17794486215538846,2026-02-17 11:18:00+00:00,surfline_trevone_20260217_1118
-553609.4497085079,6541253.14930138,-103.07116800000048,0.18045112781954886,2026-02-17 11:18:00+00:00,surfline_trevone_20260217_1118
-553609.5268701651,6541252.77931576,-103.07116800000048,0.18295739348370926,2026-02-17 11:18:00+00:00,surfline_trevone_20260217_1118
-553609.6424023196,6541252.420533355,-103.07116800000048,0.18546365914786966,2026-02-17 11:18:00+00:00,surfline_trevone_20260217_1118
-553609.742531941,6541252.05725371,-103.07116800000048,0.18796992481203006,2026-02-17 11:18:00+00:00,surfline_trevone_20260217_1118
-553609.8057970683,6541251.68321056,-103.07116800000048,0.19047619047619047,2026-02-17 11:18:00+00:00,surfline_trevone_20260217_1118
-553609.8690621391,6541251.309167543,-103.07116800000048,0.19298245614035087,2026-02-17 11:18:00+00:00,surfline_trevone_20260217_1118
-553609.9268438003,6541250.93352368,-103.07116800000048,0.19548872180451127,2026-02-17 11:18:00+00:00,surfline_trevone_20260217_1118
-553610.0382710017,6541250.573542662,-103.07116800000048,0.19799498746867167,2026-02-17 11:18:00+00:00,surfline_trevone_20260217_1118
-553610.13600541,6541250.209563472,-103.07116800000048,0.20050125313283207,2026-02-17 11:18:00+00:00,surfline_trevone_20260217_1118
-553610.2606482522,6541249.853440972,-103.07116800000048,0.20300751879699247,2026-02-17 11:18:00+00:00,surfline_trevone_20260217_1118
-553610.3946443879,6541249.500049511,-103.07116800000048,0.20551378446115287,2026-02-17 11:18:00+00:00,surfline_trevone_20260217_1118
-553610.5266472063,6541249.146075908,-103.07116800000048,0.20802005012531327,2026-02-17 11:18:00+00:00,surfline_trevone_20260217_1118
-553610.6501286164,6541248.789614155,-103.07116800000048,0.21052631578947367,2026-02-17 11:18:00+00:00,surfline_trevone_20260217_1118
-553610.7614838459,6541248.429612061,-103.07116800000048,0.21303258145363407,2026-02-17 11:18:00+00:00,surfline_trevone_20260217_1118
-553610.6375740553,6541248.000919597,-103.07116800000048,0.21553884711779447,2026-02-17 11:18:00+00:00,surfline_trevone_20260217_1118
-553610.7539270023,6541247.642376689,-103.07116800000048,0.21804511278195488,2026-02-17 11:18:00+00:00,surfline_trevone_20260217_1118
-553610.8014240725,6541247.263729728,-103.07116800000048,0.22055137844611528,2026-02-17 11:18:00+00:00,surfline_trevone_20260217_1118
-553610.8913606533,6541246.897474012,-103.07116800000048,0.22305764411027568,2026-02-17 11:18:00+00:00,surfline_trevone_20260217_1118
-553610.8558363328,6541246.494587527,-103.07116800000048,0.22556390977443608,2026-02-17 11:18:00+00:00,surfline_trevone_20260217_1118
-553610.8203121054,6541246.091700917,-103.07116800000048,0.22807017543859648,2026-02-17 11:18:00+00:00,surfline_trevone_20260217_1118
-553610.8308372693,6541245.702259238,-103.07116800000048,0.23057644110275688,2026-02-17 11:18:00+00:00,surfline_trevone_20260217_1118
-553610.9761646447,6541245.352176167,-103.07116800000048,0.23308270676691728,2026-02-17 11:18:00+00:00,surfline_trevone_20260217_1118
-553611.166445938,6541245.015218179,-103.07116800000048,0.23558897243107768,2026-02-17 11:18:00+00:00,surfline_trevone_20260217_1118
-553611.2126219664,6541244.636185511,-103.07116800000048,0.23809523809523808,2026-02-17 11:18:00+00:00,surfline_trevone_20260217_1118
-553611.2820836859,6541244.263951734,-103.07116800000048,0.24060150375939848,2026-02-17 11:18:00+00:00,surfline_trevone_20260217_1118
-553611.3570963413,6541243.893338818,-103.07116800000048,0.24310776942355888,2026-02-17 11:18:00+00:00,surfline_trevone_20260217_1118
-553611.520120223,6541243.54842246,-103.07116800000048,0.24561403508771928,2026-02-17 11:18:00+00:00,surfline_trevone_20260217_1118
-553611.7201749618,6541243.214317884,-103.07116800000048,0.24812030075187969,2026-02-17 11:18:00+00:00,surfline_trevone_20260217_1118
-553611.8398728897,6541242.856751614,-103.07116800000048,0.2506265664160401,2026-02-17 11:18:00+00:00,surfline_trevone_20260217_1118
-553611.9909723258,6541242.508353816,-103.07116800000048,0.2531328320802005,2026-02-17 11:18:00+00:00,surfline_trevone_20260217_1118
-553612.175216024,6541242.169633026,-103.07116800000048,0.2556390977443609,2026-02-17 11:18:00+00:00,surfline_trevone_20260217_1118
-553612.3203628985,6541241.819496957,-103.07116800000048,0.2581453634085213,2026-02-17 11:18:00+00:00,surfline_trevone_20260217_1118
-553612.4365645397,6541241.460909872,-103.07116800000048,0.2606516290726817,2026-02-17 11:18:00+00:00,surfline_trevone_20260217_1118
-553612.6899129493,6541241.14236579,-103.07116800000048,0.2631578947368421,2026-02-17 11:18:00+00:00,surfline_trevone_20260217_1118
-553612.8861759458,6541240.807154348,-103.07116800000048,0.2656641604010025,2026-02-17 11:18:00+00:00,surfline_trevone_20260217_1118
-553613.0202028758,6541240.453771516,-103.07116800000048,0.2681704260651629,2026-02-17 11:18:00+00:00,surfline_trevone_20260217_1118
-553613.1833646978,6541240.108895433,-103.07116800000048,0.2706766917293233,2026-02-17 11:18:00+00:00,surfline_trevone_20260217_1118
-553613.3304989499,6541239.759339917,-103.07116800000048,0.2731829573934837,2026-02-17 11:18:00+00:00,surfline_trevone_20260217_1118
-553613.4996317882,6541239.416207197,-103.07116800000048,0.2756892230576441,2026-02-17 11:18:00+00:00,surfline_trevone_20260217_1118
-553613.6687995554,6541239.073084528,-103.07116800000048,0.2781954887218045,2026-02-17 11:18:00+00:00,surfline_trevone_20260217_1118
-553613.7768330234,6541238.712112575,-103.07116800000048,0.2807017543859649,2026-02-17 11:18:00+00:00,surfline_trevone_20260217_1118
-553613.9307658632,6541238.364542048,-103.07116800000048,0.2832080200501253,2026-02-17 11:18:00+00:00,surfline_trevone_20260217_1118
-553614.0263911247,6541237.999947262,-103.07116800000048,0.2857142857142857,2026-02-17 11:18:00+00:00,surfline_trevone_20260217_1118
-553614.1354114296,6541237.639263288,-103.07116800000048,0.2882205513784461,2026-02-17 11:18:00+00:00,surfline_trevone_20260217_1118
-553614.3228410342,6541237.301472691,-103.07116800000048,0.2907268170426065,2026-02-17 11:18:00+00:00,surfline_trevone_20260217_1118
-553614.4247950987,6541236.938725879,-103.07116800000048,0.2932330827067669,2026-02-17 11:18:00+00:00,surfline_trevone_20260217_1118
-553614.5267492046,6541236.57597893,-103.07116800000048,0.2957393483709273,2026-02-17 11:18:00+00:00,surfline_trevone_20260217_1118
-553614.6390244713,6541236.21624531,-103.07116800000048,0.2982456140350877,2026-02-17 11:18:00+00:00,surfline_trevone_20260217_1118
-553614.734847229,6541235.851708337,-103.07116800000048,0.3007518796992481,2026-02-17 11:18:00+00:00,surfline_trevone_20260217_1118
-553614.8147998092,6541235.482537584,-103.07116800000048,0.3032581453634085,2026-02-17 11:18:00+00:00,surfline_trevone_20260217_1118
-553614.8673384029,6541235.1053626,-103.07116800000048,0.3057644110275689,2026-02-17 11:18:00+00:00,surfline_trevone_20260217_1118
-553614.9863862124,6541234.747606514,-103.07116800000048,0.3082706766917293,2026-02-17 11:18:00+00:00,surfline_trevone_20260217_1118
-553615.0486285571,6541234.37326504,-103.07116800000048,0.3107769423558897,2026-02-17 11:18:00+00:00,surfline_trevone_20260217_1118
-553615.0945370402,6541233.994154405,-103.07116800000048,0.3132832080200501,2026-02-17 11:18:00+00:00,surfline_trevone_20260217_1118
-553615.142157849,6541233.615543571,-103.07116800000048,0.3157894736842105,2026-02-17 11:18:00+00:00,surfline_trevone_20260217_1118
-553615.1898566547,6541233.236955659,-103.07116800000048,0.3182957393483709,2026-02-17 11:18:00+00:00,surfline_trevone_20260217_1118
-553615.286428891,6541232.872637511,-103.07116800000048,0.3208020050125313,2026-02-17 11:18:00+00:00,surfline_trevone_20260217_1118
-553615.2377380414,6541232.465906633,-103.07116800000048,0.3233082706766917,2026-02-17 11:18:00+00:00,surfline_trevone_20260217_1118
-553615.2836987873,6541232.0868111085,-103.07116800000048,0.3258145363408521,2026-02-17 11:18:00+00:00,surfline_trevone_20260217_1118
-553615.34987654,6541231.7136185095,-103.07116800000048,0.3283208020050125,2026-02-17 11:18:00+00:00,surfline_trevone_20260217_1118
-553615.4560189622,6541231.352094577,-103.07116800000048,0.3308270676691729,2026-02-17 11:18:00+00:00,surfline_trevone_20260217_1118
-553615.5047812784,6541230.973817241,-103.07116800000048,0.3333333333333333,2026-02-17 11:18:00+00:00,surfline_trevone_20260217_1118
-553615.5603854515,6541230.597537253,-103.07116800000048,0.3358395989974937,2026-02-17 11:18:00+00:00,surfline_trevone_20260217_1118
-553615.6622440758,6541230.234762427,-103.07116800000048,0.3383458646616541,2026-02-17 11:18:00+00:00,surfline_trevone_20260217_1118
-553615.7054464063,6541229.854861825,-103.07116800000048,0.3408521303258145,2026-02-17 11:18:00+00:00,surfline_trevone_20260217_1118
-553615.7542322939,6541229.476591308,-103.07116800000048,0.3433583959899749,2026-02-17 11:18:00+00:00,surfline_trevone_20260217_1118
-553615.7109779315,6541229.071447576,-103.07116800000048,0.3458646616541353,2026-02-17 11:18:00+00:00,surfline_trevone_20260217_1118
-553615.6966896064,6541228.674761232,-103.07116800000048,0.3483709273182957,2026-02-17 11:18:00+00:00,surfline_trevone_20260217_1118
-553615.6738088452,6541228.275566297,-103.07116800000048,0.3508771929824561,2026-02-17 11:18:00+00:00,surfline_trevone_20260217_1118
-553615.6414372049,6541227.87360015,-103.07116800000048,0.3533834586466165,2026-02-17 11:18:00+00:00,surfline_trevone_20260217_1118
-553615.6592028623,6541227.486272484,-103.07116800000048,0.3558897243107769,2026-02-17 11:18:00+00:00,surfline_trevone_20260217_1118
-553615.7208209656,6541227.111748749,-103.07116800000048,0.3583959899749373,2026-02-17 11:18:00+00:00,surfline_trevone_20260217_1118
-553615.7846537875,6541226.737871498,-103.07116800000048,0.3609022556390977,2026-02-17 11:18:00+00:00,surfline_trevone_20260217_1118
-553615.7632786826,6541226.339115871,-103.07116800000048,0.3634085213032581,2026-02-17 11:18:00+00:00,surfline_trevone_20260217_1118
-553615.8111895935,6541225.960589888,-103.07116800000048,0.3659147869674185,2026-02-17 11:18:00+00:00,surfline_trevone_20260217_1118
-553615.7720300731,6541225.556642029,-103.07116800000048,0.3684210526315789,2026-02-17 11:18:00+00:00,surfline_trevone_20260217_1118
-553615.7647829815,6541225.162011519,-103.07116800000048,0.37092731829573933,2026-02-17 11:18:00+00:00,surfline_trevone_20260217_1118
-553615.8183908426,6541224.785148729,-103.07116800000048,0.37343358395989973,2026-02-17 11:18:00+00:00,surfline_trevone_20260217_1118
-553615.7585427073,6541224.37516025,-103.07116800000048,0.37593984962406013,2026-02-17 11:18:00+00:00,surfline_trevone_20260217_1118
-553615.7623711011,6541223.983763607,-103.07116800000048,0.37844611528822053,2026-02-17 11:18:00+00:00,surfline_trevone_20260217_1118
-553615.7661995733,6541223.592366838,-103.07116800000048,0.38095238095238093,2026-02-17 11:18:00+00:00,surfline_trevone_20260217_1118
-553615.8146501004,6541223.213998257,-103.07116800000048,0.38345864661654133,2026-02-17 11:18:00+00:00,surfline_trevone_20260217_1118
-553615.8590069001,6541222.834434576,-103.07116800000048,0.38596491228070173,2026-02-17 11:18:00+00:00,surfline_trevone_20260217_1118
-553615.7423648873,6541222.407864093,-103.07116800000048,0.38847117794486213,2026-02-17 11:18:00+00:00,surfline_trevone_20260217_1118
-553615.7050786125,6541222.004463018,-103.07116800000048,0.39097744360902253,2026-02-17 11:18:00+00:00,surfline_trevone_20260217_1118
-553615.675128167,6541221.603203641,-103.07116800000048,0.39348370927318294,2026-02-17 11:18:00+00:00,surfline_trevone_20260217_1118
-553615.645177629,6541221.201944388,-103.07116800000048,0.39598997493734334,2026-02-17 11:18:00+00:00,surfline_trevone_20260217_1118
-553615.6152269988,6541220.800685257,-103.07116800000048,0.39849624060150374,2026-02-17 11:18:00+00:00,surfline_trevone_20260217_1118
-553615.5852764207,6541220.399426055,-103.07116800000048,0.40100250626566414,2026-02-17 11:18:00+00:00,surfline_trevone_20260217_1118
-553615.5198209151,6541219.9878001725,-103.07116800000048,0.40350877192982454,2026-02-17 11:18:00+00:00,surfline_trevone_20260217_1118
-553615.4529035598,6541219.575747687,-103.07116800000048,0.40601503759398494,2026-02-17 11:18:00+00:00,surfline_trevone_20260217_1118
-553615.3859860977,6541219.163695321,-103.07116800000048,0.40852130325814534,2026-02-17 11:18:00+00:00,surfline_trevone_20260217_1118
-553615.3190687418,6541218.751642835,-103.07116800000048,0.41102756892230574,2026-02-17 11:18:00+00:00,surfline_trevone_20260217_1118
-553615.2521514926,6541218.339590231,-103.07116800000048,0.41353383458646614,2026-02-17 11:18:00+00:00,surfline_trevone_20260217_1118
-553615.2316703742,6541217.941095922,-103.07116800000048,0.41604010025062654,2026-02-17 11:18:00+00:00,surfline_trevone_20260217_1118
-553615.257394958,6541217.5560921775,-103.07116800000048,0.41854636591478694,2026-02-17 11:18:00+00:00,surfline_trevone_20260217_1118
-553615.1879047669,6541217.143288349,-103.07116800000048,0.42105263157894735,2026-02-17 11:18:00+00:00,surfline_trevone_20260217_1118
-553615.1450105371,6541216.738249915,-103.07116800000048,0.42355889724310775,2026-02-17 11:18:00+00:00,surfline_trevone_20260217_1118
-553615.0530299579,6541216.318879851,-103.07116800000048,0.42606516290726815,2026-02-17 11:18:00+00:00,surfline_trevone_20260217_1118
-553615.0347469618,6541215.921027178,-103.07116800000048,0.42857142857142855,2026-02-17 11:18:00+00:00,surfline_trevone_20260217_1118
-553614.9755750109,6541215.511235974,-103.07116800000048,0.43107769423558895,2026-02-17 11:18:00+00:00,surfline_trevone_20260217_1118
-553614.8745310259,6541215.08921951,-103.07116800000048,0.43358395989974935,2026-02-17 11:18:00+00:00,surfline_trevone_20260217_1118
-553614.8694220518,6541214.695213418,-103.07116800000048,0.43609022556390975,2026-02-17 11:18:00+00:00,surfline_trevone_20260217_1118
-553614.9153952433,6541214.316121676,-103.07116800000048,0.43859649122807015,2026-02-17 11:18:00+00:00,surfline_trevone_20260217_1118
-553614.9613684991,6541213.937029803,-103.07116800000048,0.44110275689223055,2026-02-17 11:18:00+00:00,surfline_trevone_20260217_1118
-553614.9645445046,6541213.545442533,-103.07116800000048,0.44360902255639095,2026-02-17 11:18:00+00:00,surfline_trevone_20260217_1118
-553614.9377417502,6541213.145102492,-103.07116800000048,0.44611528822055135,2026-02-17 11:18:00+00:00,surfline_trevone_20260217_1118
-553614.8311629785,6541212.72147003,-103.07116800000048,0.44862155388471175,2026-02-17 11:18:00+00:00,surfline_trevone_20260217_1118
-553614.8023374161,6541212.320539085,-103.07116800000048,0.45112781954887216,2026-02-17 11:18:00+00:00,surfline_trevone_20260217_1118
-553614.7813117912,6541211.921885645,-103.07116800000048,0.45363408521303256,2026-02-17 11:18:00+00:00,surfline_trevone_20260217_1118
-553614.7447239065,6541211.518688631,-103.07116800000048,0.45614035087719296,2026-02-17 11:18:00+00:00,surfline_trevone_20260217_1118
-553614.6944706831,6541211.111501586,-103.07116800000048,0.45864661654135336,2026-02-17 11:18:00+00:00,surfline_trevone_20260217_1118
-553614.645334925,6541210.704640657,-103.07116800000048,0.46115288220551376,2026-02-17 11:18:00+00:00,surfline_trevone_20260217_1118
-553614.6832614054,6541210.323199511,-103.07116800000048,0.46365914786967416,2026-02-17 11:18:00+00:00,surfline_trevone_20260217_1118
-553614.6176314163,6541209.911523051,-103.07116800000048,0.46616541353383456,2026-02-17 11:18:00+00:00,surfline_trevone_20260217_1118
-553614.5227351326,6541209.491301599,-103.07116800000048,0.46867167919799496,2026-02-17 11:18:00+00:00,surfline_trevone_20260217_1118
-553614.4864600095,6541209.088195534,-103.07116800000048,0.47117794486215536,2026-02-17 11:18:00+00:00,surfline_trevone_20260217_1118
-553614.4657038751,6541208.68962093,-103.07116800000048,0.47368421052631576,2026-02-17 11:18:00+00:00,surfline_trevone_20260217_1118
-553614.3724834742,6541208.269888722,-103.07116800000048,0.47619047619047616,2026-02-17 11:18:00+00:00,surfline_trevone_20260217_1118
-553614.2355258912,6541207.837386384,-103.07116800000048,0.47869674185463656,2026-02-17 11:18:00+00:00,surfline_trevone_20260217_1118
-553614.270558478,6541207.455100305,-103.07116800000048,0.48120300751879697,2026-02-17 11:18:00+00:00,surfline_trevone_20260217_1118
-553614.0851789849,6541207.008460486,-103.07116800000048,0.48370927318295737,2026-02-17 11:18:00+00:00,surfline_trevone_20260217_1118
-553614.0048717086,6541206.592498534,-103.07116800000048,0.48621553884711777,2026-02-17 11:18:00+00:00,surfline_trevone_20260217_1118
-553613.9832003962,6541206.19365642,-103.07116800000048,0.48872180451127817,2026-02-17 11:18:00+00:00,surfline_trevone_20260217_1118
-553613.8580775976,6541205.764609645,-103.07116800000048,0.49122807017543857,2026-02-17 11:18:00+00:00,surfline_trevone_20260217_1118
-553613.7197585949,6541205.331710116,-103.07116800000048,0.49373433583959897,2026-02-17 11:18:00+00:00,surfline_trevone_20260217_1118
-553613.5760392703,6541204.897233697,-103.07116800000048,0.49624060150375937,2026-02-17 11:18:00+00:00,surfline_trevone_20260217_1118
-553613.304627572,6541204.425474681,-103.07116800000048,0.49874686716791977,2026-02-17 11:18:00+00:00,surfline_trevone_20260217_1118
-553612.9187019386,6541203.920281091,-103.07116800000048,0.5012531328320802,2026-02-17 11:18:00+00:00,surfline_trevone_20260217_1118
-553612.6436320295,6541203.4474542895,-103.07116800000048,0.5037593984962405,2026-02-17 11:18:00+00:00,surfline_trevone_20260217_1118
-553612.2803726486,6541202.948878584,-103.07116800000048,0.506265664160401,2026-02-17 11:18:00+00:00,surfline_trevone_20260217_1118
-553612.2803726486,6541202.948878584,-103.07116800000048,0.5087719298245614,2026-02-17 11:18:00+00:00,surfline_trevone_20260217_1118
-553612.2803726486,6541202.948878584,-103.07116800000048,0.5112781954887218,2026-02-17 11:18:00+00:00,surfline_trevone_20260217_1118
-553612.2803726486,6541202.948878584,-103.07116800000048,0.5137844611528821,2026-02-17 11:18:00+00:00,surfline_trevone_20260217_1118
-553612.2803726486,6541202.948878584,-103.07116800000048,0.5162907268170426,2026-02-17 11:18:00+00:00,surfline_trevone_20260217_1118
-553612.2803726486,6541202.948878584,-103.07116800000048,0.518796992481203,2026-02-17 11:18:00+00:00,surfline_trevone_20260217_1118
-553612.2803726486,6541202.948878584,-103.07116800000048,0.5213032581453634,2026-02-17 11:18:00+00:00,surfline_trevone_20260217_1118
-553612.2803726486,6541202.948878584,-103.07116800000048,0.5238095238095237,2026-02-17 11:18:00+00:00,surfline_trevone_20260217_1118
-553612.2803726486,6541202.948878584,-103.07116800000048,0.5263157894736842,2026-02-17 11:18:00+00:00,surfline_trevone_20260217_1118
-553612.2803726486,6541202.948878584,-103.07116800000048,0.5288220551378446,2026-02-17 11:18:00+00:00,surfline_trevone_20260217_1118
-553612.2803726486,6541202.948878584,-103.07116800000048,0.531328320802005,2026-02-17 11:18:00+00:00,surfline_trevone_20260217_1118
-553612.2803726486,6541202.948878584,-103.07116800000048,0.5338345864661653,2026-02-17 11:18:00+00:00,surfline_trevone_20260217_1118
-553612.2803726486,6541202.948878584,-103.07116800000048,0.5363408521303258,2026-02-17 11:18:00+00:00,surfline_trevone_20260217_1118
-553612.2803726486,6541202.948878584,-103.07116800000048,0.5388471177944862,2026-02-17 11:18:00+00:00,surfline_trevone_20260217_1118
-553612.2803726486,6541202.948878584,-103.07116800000048,0.5413533834586466,2026-02-17 11:18:00+00:00,surfline_trevone_20260217_1118
-553612.2803726486,6541202.948878584,-103.07116800000048,0.5438596491228069,2026-02-17 11:18:00+00:00,surfline_trevone_20260217_1118
-553612.2803726486,6541202.948878584,-103.07116800000048,0.5463659147869674,2026-02-17 11:18:00+00:00,surfline_trevone_20260217_1118
-553612.2803726486,6541202.948878584,-103.07116800000048,0.5488721804511278,2026-02-17 11:18:00+00:00,surfline_trevone_20260217_1118
-553612.2803726486,6541202.948878584,-103.07116800000048,0.5513784461152882,2026-02-17 11:18:00+00:00,surfline_trevone_20260217_1118
-553612.2803726486,6541202.948878584,-103.07116800000048,0.5538847117794485,2026-02-17 11:18:00+00:00,surfline_trevone_20260217_1118
-553612.2803726486,6541202.948878584,-103.07116800000048,0.556390977443609,2026-02-17 11:18:00+00:00,surfline_trevone_20260217_1118
-553612.2803726486,6541202.948878584,-103.07116800000048,0.5588972431077694,2026-02-17 11:18:00+00:00,surfline_trevone_20260217_1118
-553612.2803726486,6541202.948878584,-103.07116800000048,0.5614035087719298,2026-02-17 11:18:00+00:00,surfline_trevone_20260217_1118
-553612.2803726486,6541202.948878584,-103.07116800000048,0.5639097744360901,2026-02-17 11:18:00+00:00,surfline_trevone_20260217_1118
-553612.2803726486,6541202.948878584,-103.07116800000048,0.5664160401002506,2026-02-17 11:18:00+00:00,surfline_trevone_20260217_1118
-553612.2803726486,6541202.948878584,-103.07116800000048,0.568922305764411,2026-02-17 11:18:00+00:00,surfline_trevone_20260217_1118
-553612.2803726486,6541202.948878584,-103.07116800000048,0.5714285714285714,2026-02-17 11:18:00+00:00,surfline_trevone_20260217_1118
-553612.2803726486,6541202.948878584,-103.07116800000048,0.5739348370927317,2026-02-17 11:18:00+00:00,surfline_trevone_20260217_1118
-553612.2803726486,6541202.948878584,-103.07116800000048,0.5764411027568922,2026-02-17 11:18:00+00:00,surfline_trevone_20260217_1118
-553612.2803726486,6541202.948878584,-103.07116800000048,0.5789473684210527,2026-02-17 11:18:00+00:00,surfline_trevone_20260217_1118
-553612.2803726486,6541202.948878584,-103.07116800000048,0.581453634085213,2026-02-17 11:18:00+00:00,surfline_trevone_20260217_1118
-553612.2803726486,6541202.948878584,-103.07116800000048,0.5839598997493733,2026-02-17 11:18:00+00:00,surfline_trevone_20260217_1118
-553612.2803726486,6541202.948878584,-103.07116800000048,0.5864661654135338,2026-02-17 11:18:00+00:00,surfline_trevone_20260217_1118
-553612.2803726486,6541202.948878584,-103.07116800000048,0.5889724310776943,2026-02-17 11:18:00+00:00,surfline_trevone_20260217_1118
-553612.2803726486,6541202.948878584,-103.07116800000048,0.5914786967418546,2026-02-17 11:18:00+00:00,surfline_trevone_20260217_1118
-553612.2803726486,6541202.948878584,-103.07116800000048,0.593984962406015,2026-02-17 11:18:00+00:00,surfline_trevone_20260217_1118
-553612.2803726486,6541202.948878584,-103.07116800000048,0.5964912280701754,2026-02-17 11:18:00+00:00,surfline_trevone_20260217_1118
-553612.2803726486,6541202.948878584,-103.07116800000048,0.5989974937343359,2026-02-17 11:18:00+00:00,surfline_trevone_20260217_1118
-553612.2803726486,6541202.948878584,-103.07116800000048,0.6015037593984962,2026-02-17 11:18:00+00:00,surfline_trevone_20260217_1118
-553612.2803726486,6541202.948878584,-103.07116800000048,0.6040100250626566,2026-02-17 11:18:00+00:00,surfline_trevone_20260217_1118
-553612.2803726486,6541202.948878584,-103.07116800000048,0.606516290726817,2026-02-17 11:18:00+00:00,surfline_trevone_20260217_1118
-553612.2803726486,6541202.948878584,-103.07116800000048,0.6090225563909775,2026-02-17 11:18:00+00:00,surfline_trevone_20260217_1118
-553612.2803726486,6541202.948878584,-103.07116800000048,0.6115288220551378,2026-02-17 11:18:00+00:00,surfline_trevone_20260217_1118
-553612.2803726486,6541202.948878584,-103.07116800000048,0.6140350877192982,2026-02-17 11:18:00+00:00,surfline_trevone_20260217_1118
-553612.2803726486,6541202.948878584,-103.07116800000048,0.6165413533834586,2026-02-17 11:18:00+00:00,surfline_trevone_20260217_1118
-553612.2803726486,6541202.948878584,-103.07116800000048,0.6190476190476191,2026-02-17 11:18:00+00:00,surfline_trevone_20260217_1118
-553612.2803726486,6541202.948878584,-103.07116800000048,0.6215538847117794,2026-02-17 11:18:00+00:00,surfline_trevone_20260217_1118
-553612.2803726486,6541202.948878584,-103.07116800000048,0.6240601503759398,2026-02-17 11:18:00+00:00,surfline_trevone_20260217_1118
-553612.2803726486,6541202.948878584,-103.07116800000048,0.6265664160401002,2026-02-17 11:18:00+00:00,surfline_trevone_20260217_1118
-553612.2803726486,6541202.948878584,-103.07116800000048,0.6290726817042607,2026-02-17 11:18:00+00:00,surfline_trevone_20260217_1118
-553612.2803726486,6541202.948878584,-103.07116800000048,0.631578947368421,2026-02-17 11:18:00+00:00,surfline_trevone_20260217_1118
-553612.2803726486,6541202.948878584,-103.07116800000048,0.6340852130325814,2026-02-17 11:18:00+00:00,surfline_trevone_20260217_1118
-553612.2803726486,6541202.948878584,-103.07116800000048,0.6365914786967418,2026-02-17 11:18:00+00:00,surfline_trevone_20260217_1118
-553612.2803726486,6541202.948878584,-103.07116800000048,0.6390977443609023,2026-02-17 11:18:00+00:00,surfline_trevone_20260217_1118
-553612.2803726486,6541202.948878584,-103.07116800000048,0.6416040100250626,2026-02-17 11:18:00+00:00,surfline_trevone_20260217_1118
-553612.2803726486,6541202.948878584,-103.07116800000048,0.644110275689223,2026-02-17 11:18:00+00:00,surfline_trevone_20260217_1118
-553612.2803726486,6541202.948878584,-103.07116800000048,0.6466165413533834,2026-02-17 11:18:00+00:00,surfline_trevone_20260217_1118
-553612.2803726486,6541202.948878584,-103.07116800000048,0.6491228070175439,2026-02-17 11:18:00+00:00,surfline_trevone_20260217_1118
-553612.2803726486,6541202.948878584,-103.07116800000048,0.6516290726817042,2026-02-17 11:18:00+00:00,surfline_trevone_20260217_1118
-553612.2803726486,6541202.948878584,-103.07116800000048,0.6541353383458646,2026-02-17 11:18:00+00:00,surfline_trevone_20260217_1118
-553612.2803726486,6541202.948878584,-103.07116800000048,0.656641604010025,2026-02-17 11:18:00+00:00,surfline_trevone_20260217_1118
-553612.2803726486,6541202.948878584,-103.07116800000048,0.6591478696741855,2026-02-17 11:18:00+00:00,surfline_trevone_20260217_1118
-553612.2803726486,6541202.948878584,-103.07116800000048,0.6616541353383458,2026-02-17 11:18:00+00:00,surfline_trevone_20260217_1118
-553612.2803726486,6541202.948878584,-103.07116800000048,0.6641604010025062,2026-02-17 11:18:00+00:00,surfline_trevone_20260217_1118
-553612.2803726486,6541202.948878584,-103.07116800000048,0.6666666666666666,2026-02-17 11:18:00+00:00,surfline_trevone_20260217_1118
-553612.2803726486,6541202.948878584,-103.07116800000048,0.6691729323308271,2026-02-17 11:18:00+00:00,surfline_trevone_20260217_1118
-553612.2803726486,6541202.948878584,-103.07116800000048,0.6716791979949874,2026-02-17 11:18:00+00:00,surfline_trevone_20260217_1118
-553612.2803726486,6541202.948878584,-103.07116800000048,0.6741854636591478,2026-02-17 11:18:00+00:00,surfline_trevone_20260217_1118
-553612.2803726486,6541202.948878584,-103.07116800000048,0.6766917293233082,2026-02-17 11:18:00+00:00,surfline_trevone_20260217_1118
-553612.2803726486,6541202.948878584,-103.07116800000048,0.6791979949874687,2026-02-17 11:18:00+00:00,surfline_trevone_20260217_1118
-553612.2803726486,6541202.948878584,-103.07116800000048,0.681704260651629,2026-02-17 11:18:00+00:00,surfline_trevone_20260217_1118
-553612.2803726486,6541202.948878584,-103.07116800000048,0.6842105263157894,2026-02-17 11:18:00+00:00,surfline_trevone_20260217_1118
-553612.2803726486,6541202.948878584,-103.07116800000048,0.6867167919799498,2026-02-17 11:18:00+00:00,surfline_trevone_20260217_1118
-553612.2803726486,6541202.948878584,-103.07116800000048,0.6892230576441103,2026-02-17 11:18:00+00:00,surfline_trevone_20260217_1118
-553612.2803726486,6541202.948878584,-103.07116800000048,0.6917293233082706,2026-02-17 11:18:00+00:00,surfline_trevone_20260217_1118
-553612.2803726486,6541202.948878584,-103.07116800000048,0.694235588972431,2026-02-17 11:18:00+00:00,surfline_trevone_20260217_1118
-553612.2803726486,6541202.948878584,-103.07116800000048,0.6967418546365914,2026-02-17 11:18:00+00:00,surfline_trevone_20260217_1118
-553612.2803726486,6541202.948878584,-103.07116800000048,0.6992481203007519,2026-02-17 11:18:00+00:00,surfline_trevone_20260217_1118
-553612.2803726486,6541202.948878584,-103.07116800000048,0.7017543859649122,2026-02-17 11:18:00+00:00,surfline_trevone_20260217_1118
-553612.2803726486,6541202.948878584,-103.07116800000048,0.7042606516290726,2026-02-17 11:18:00+00:00,surfline_trevone_20260217_1118
-553612.2803726486,6541202.948878584,-103.07116800000048,0.706766917293233,2026-02-17 11:18:00+00:00,surfline_trevone_20260217_1118
-553612.2803726486,6541202.948878584,-103.07116800000048,0.7092731829573935,2026-02-17 11:18:00+00:00,surfline_trevone_20260217_1118
-553612.2803726486,6541202.948878584,-103.07116800000048,0.7117794486215538,2026-02-17 11:18:00+00:00,surfline_trevone_20260217_1118
-553612.2803726486,6541202.948878584,-103.07116800000048,0.7142857142857142,2026-02-17 11:18:00+00:00,surfline_trevone_20260217_1118
-553612.2803726486,6541202.948878584,-103.07116800000048,0.7167919799498746,2026-02-17 11:18:00+00:00,surfline_trevone_20260217_1118
-553612.2803726486,6541202.948878584,-103.07116800000048,0.7192982456140351,2026-02-17 11:18:00+00:00,surfline_trevone_20260217_1118
-553612.2803726486,6541202.948878584,-103.07116800000048,0.7218045112781954,2026-02-17 11:18:00+00:00,surfline_trevone_20260217_1118
-553612.2803726486,6541202.948878584,-103.07116800000048,0.7243107769423558,2026-02-17 11:18:00+00:00,surfline_trevone_20260217_1118
-553612.2803726486,6541202.948878584,-103.07116800000048,0.7268170426065163,2026-02-17 11:18:00+00:00,surfline_trevone_20260217_1118
-553612.2803726486,6541202.948878584,-103.07116800000048,0.7293233082706767,2026-02-17 11:18:00+00:00,surfline_trevone_20260217_1118
-553612.2803726486,6541202.948878584,-103.07116800000048,0.731829573934837,2026-02-17 11:18:00+00:00,surfline_trevone_20260217_1118
-553612.2803726486,6541202.948878584,-103.07116800000048,0.7343358395989974,2026-02-17 11:18:00+00:00,surfline_trevone_20260217_1118
-553612.2803726486,6541202.948878584,-103.07116800000048,0.7368421052631579,2026-02-17 11:18:00+00:00,surfline_trevone_20260217_1118
-553612.2803726486,6541202.948878584,-103.07116800000048,0.7393483709273183,2026-02-17 11:18:00+00:00,surfline_trevone_20260217_1118
-553612.2803726486,6541202.948878584,-103.07116800000048,0.7418546365914787,2026-02-17 11:18:00+00:00,surfline_trevone_20260217_1118
-553612.2803726486,6541202.948878584,-103.07116800000048,0.744360902255639,2026-02-17 11:18:00+00:00,surfline_trevone_20260217_1118
-553612.2803726486,6541202.948878584,-103.07116800000048,0.7468671679197995,2026-02-17 11:18:00+00:00,surfline_trevone_20260217_1118
-553612.2803726486,6541202.948878584,-103.07116800000048,0.7493734335839599,2026-02-17 11:18:00+00:00,surfline_trevone_20260217_1118
-553612.2803726486,6541202.948878584,-103.07116800000048,0.7518796992481203,2026-02-17 11:18:00+00:00,surfline_trevone_20260217_1118
-553612.2803726486,6541202.948878584,-103.07116800000048,0.7543859649122806,2026-02-17 11:18:00+00:00,surfline_trevone_20260217_1118
-553612.2803726486,6541202.948878584,-103.07116800000048,0.7568922305764411,2026-02-17 11:18:00+00:00,surfline_trevone_20260217_1118
-553612.2803726486,6541202.948878584,-103.07116800000048,0.7593984962406015,2026-02-17 11:18:00+00:00,surfline_trevone_20260217_1118
-553612.2803726486,6541202.948878584,-103.07116800000048,0.7619047619047619,2026-02-17 11:18:00+00:00,surfline_trevone_20260217_1118
-553612.2803726486,6541202.948878584,-103.07116800000048,0.7644110275689222,2026-02-17 11:18:00+00:00,surfline_trevone_20260217_1118
-553612.2803726486,6541202.948878584,-103.07116800000048,0.7669172932330827,2026-02-17 11:18:00+00:00,surfline_trevone_20260217_1118
-553612.2803726486,6541202.948878584,-103.07116800000048,0.7694235588972431,2026-02-17 11:18:00+00:00,surfline_trevone_20260217_1118
-553612.2803726486,6541202.948878584,-103.07116800000048,0.7719298245614035,2026-02-17 11:18:00+00:00,surfline_trevone_20260217_1118
-553612.2803726486,6541202.948878584,-103.07116800000048,0.7744360902255638,2026-02-17 11:18:00+00:00,surfline_trevone_20260217_1118
-553612.2803726486,6541202.948878584,-103.07116800000048,0.7769423558897243,2026-02-17 11:18:00+00:00,surfline_trevone_20260217_1118
-553612.2803726486,6541202.948878584,-103.07116800000048,0.7794486215538847,2026-02-17 11:18:00+00:00,surfline_trevone_20260217_1118
-553612.2803726486,6541202.948878584,-103.07116800000048,0.7819548872180451,2026-02-17 11:18:00+00:00,surfline_trevone_20260217_1118
-553612.2803726486,6541202.948878584,-103.07116800000048,0.7844611528822054,2026-02-17 11:18:00+00:00,surfline_trevone_20260217_1118
-553612.2803726486,6541202.948878584,-103.07116800000048,0.7869674185463659,2026-02-17 11:18:00+00:00,surfline_trevone_20260217_1118
-553612.2803726486,6541202.948878584,-103.07116800000048,0.7894736842105263,2026-02-17 11:18:00+00:00,surfline_trevone_20260217_1118
-553612.2803726486,6541202.948878584,-103.07116800000048,0.7919799498746867,2026-02-17 11:18:00+00:00,surfline_trevone_20260217_1118
-553612.2803726486,6541202.948878584,-103.07116800000048,0.794486215538847,2026-02-17 11:18:00+00:00,surfline_trevone_20260217_1118
-553612.2803726486,6541202.948878584,-103.07116800000048,0.7969924812030075,2026-02-17 11:18:00+00:00,surfline_trevone_20260217_1118
-553612.2803726486,6541202.948878584,-103.07116800000048,0.7994987468671679,2026-02-17 11:18:00+00:00,surfline_trevone_20260217_1118
-553612.2803726486,6541202.948878584,-103.07116800000048,0.8020050125313283,2026-02-17 11:18:00+00:00,surfline_trevone_20260217_1118
-553612.2803726486,6541202.948878584,-103.07116800000048,0.8045112781954886,2026-02-17 11:18:00+00:00,surfline_trevone_20260217_1118
-553612.2803726486,6541202.948878584,-103.07116800000048,0.8070175438596491,2026-02-17 11:18:00+00:00,surfline_trevone_20260217_1118
-553612.2803726486,6541202.948878584,-103.07116800000048,0.8095238095238095,2026-02-17 11:18:00+00:00,surfline_trevone_20260217_1118
-553612.2803726486,6541202.948878584,-103.07116800000048,0.8120300751879699,2026-02-17 11:18:00+00:00,surfline_trevone_20260217_1118
-553612.2803726486,6541202.948878584,-103.07116800000048,0.8145363408521302,2026-02-17 11:18:00+00:00,surfline_trevone_20260217_1118
-553612.2803726486,6541202.948878584,-103.07116800000048,0.8170426065162907,2026-02-17 11:18:00+00:00,surfline_trevone_20260217_1118
-553612.2803726486,6541202.948878584,-103.07116800000048,0.8195488721804511,2026-02-17 11:18:00+00:00,surfline_trevone_20260217_1118
-553612.2803726486,6541202.948878584,-103.07116800000048,0.8220551378446115,2026-02-17 11:18:00+00:00,surfline_trevone_20260217_1118
-553612.2803726486,6541202.948878584,-103.07116800000048,0.8245614035087718,2026-02-17 11:18:00+00:00,surfline_trevone_20260217_1118
-553612.2803726486,6541202.948878584,-103.07116800000048,0.8270676691729323,2026-02-17 11:18:00+00:00,surfline_trevone_20260217_1118
-553612.2803726486,6541202.948878584,-103.07116800000048,0.8295739348370927,2026-02-17 11:18:00+00:00,surfline_trevone_20260217_1118
-553612.2803726486,6541202.948878584,-103.07116800000048,0.8320802005012531,2026-02-17 11:18:00+00:00,surfline_trevone_20260217_1118
-553612.2803726486,6541202.948878584,-103.07116800000048,0.8345864661654134,2026-02-17 11:18:00+00:00,surfline_trevone_20260217_1118
-553612.2803726486,6541202.948878584,-103.07116800000048,0.8370927318295739,2026-02-17 11:18:00+00:00,surfline_trevone_20260217_1118
-553612.2803726486,6541202.948878584,-103.07116800000048,0.8395989974937343,2026-02-17 11:18:00+00:00,surfline_trevone_20260217_1118
-553612.2803726486,6541202.948878584,-103.07116800000048,0.8421052631578947,2026-02-17 11:18:00+00:00,surfline_trevone_20260217_1118
-553612.2803726486,6541202.948878584,-103.07116800000048,0.844611528822055,2026-02-17 11:18:00+00:00,surfline_trevone_20260217_1118
-553612.2803726486,6541202.948878584,-103.07116800000048,0.8471177944862155,2026-02-17 11:18:00+00:00,surfline_trevone_20260217_1118
-553612.2803726486,6541202.948878584,-103.07116800000048,0.849624060150376,2026-02-17 11:18:00+00:00,surfline_trevone_20260217_1118
-553612.2803726486,6541202.948878584,-103.07116800000048,0.8521303258145363,2026-02-17 11:18:00+00:00,surfline_trevone_20260217_1118
-553612.2803726486,6541202.948878584,-103.07116800000048,0.8546365914786966,2026-02-17 11:18:00+00:00,surfline_trevone_20260217_1118
-553612.2803726486,6541202.948878584,-103.07116800000048,0.8571428571428571,2026-02-17 11:18:00+00:00,surfline_trevone_20260217_1118
-553612.2803726486,6541202.948878584,-103.07116800000048,0.8596491228070176,2026-02-17 11:18:00+00:00,surfline_trevone_20260217_1118
-553612.2803726486,6541202.948878584,-103.07116800000048,0.8621553884711779,2026-02-17 11:18:00+00:00,surfline_trevone_20260217_1118
-553612.2803726486,6541202.948878584,-103.07116800000048,0.8646616541353382,2026-02-17 11:18:00+00:00,surfline_trevone_20260217_1118
-553612.2803726486,6541202.948878584,-103.07116800000048,0.8671679197994987,2026-02-17 11:18:00+00:00,surfline_trevone_20260217_1118
-553612.2803726486,6541202.948878584,-103.07116800000048,0.8696741854636592,2026-02-17 11:18:00+00:00,surfline_trevone_20260217_1118
-553612.2803726486,6541202.948878584,-103.07116800000048,0.8721804511278195,2026-02-17 11:18:00+00:00,surfline_trevone_20260217_1118
-553612.2803726486,6541202.948878584,-103.07116800000048,0.8746867167919798,2026-02-17 11:18:00+00:00,surfline_trevone_20260217_1118
-553612.2803726486,6541202.948878584,-103.07116800000048,0.8771929824561403,2026-02-17 11:18:00+00:00,surfline_trevone_20260217_1118
-553612.2803726486,6541202.948878584,-103.07116800000048,0.8796992481203008,2026-02-17 11:18:00+00:00,surfline_trevone_20260217_1118
-553612.2803726486,6541202.948878584,-103.07116800000048,0.8822055137844611,2026-02-17 11:18:00+00:00,surfline_trevone_20260217_1118
-553612.2803726486,6541202.948878584,-103.07116800000048,0.8847117794486214,2026-02-17 11:18:00+00:00,surfline_trevone_20260217_1118
-553612.2803726486,6541202.948878584,-103.07116800000048,0.8872180451127819,2026-02-17 11:18:00+00:00,surfline_trevone_20260217_1118
-553612.2803726486,6541202.948878584,-103.07116800000048,0.8897243107769424,2026-02-17 11:18:00+00:00,surfline_trevone_20260217_1118
-553612.2803726486,6541202.948878584,-103.07116800000048,0.8922305764411027,2026-02-17 11:18:00+00:00,surfline_trevone_20260217_1118
-553612.2803726486,6541202.948878584,-103.07116800000048,0.894736842105263,2026-02-17 11:18:00+00:00,surfline_trevone_20260217_1118
-553612.2803726486,6541202.948878584,-103.07116800000048,0.8972431077694235,2026-02-17 11:18:00+00:00,surfline_trevone_20260217_1118
-553612.2803726486,6541202.948878584,-103.07116800000048,0.899749373433584,2026-02-17 11:18:00+00:00,surfline_trevone_20260217_1118
-553612.2803726486,6541202.948878584,-103.07116800000048,0.9022556390977443,2026-02-17 11:18:00+00:00,surfline_trevone_20260217_1118
-553612.2803726486,6541202.948878584,-103.07116800000048,0.9047619047619047,2026-02-17 11:18:00+00:00,surfline_trevone_20260217_1118
-553612.2803726486,6541202.948878584,-103.07116800000048,0.9072681704260651,2026-02-17 11:18:00+00:00,surfline_trevone_20260217_1118
-553612.2803726486,6541202.948878584,-103.07116800000048,0.9097744360902256,2026-02-17 11:18:00+00:00,surfline_trevone_20260217_1118
-553612.2803726486,6541202.948878584,-103.07116800000048,0.9122807017543859,2026-02-17 11:18:00+00:00,surfline_trevone_20260217_1118
-553612.2803726486,6541202.948878584,-103.07116800000048,0.9147869674185463,2026-02-17 11:18:00+00:00,surfline_trevone_20260217_1118
-553612.2803726486,6541202.948878584,-103.07116800000048,0.9172932330827067,2026-02-17 11:18:00+00:00,surfline_trevone_20260217_1118
-553612.2803726486,6541202.948878584,-103.07116800000048,0.9197994987468672,2026-02-17 11:18:00+00:00,surfline_trevone_20260217_1118
-553612.2803726486,6541202.948878584,-103.07116800000048,0.9223057644110275,2026-02-17 11:18:00+00:00,surfline_trevone_20260217_1118
-553612.2803726486,6541202.948878584,-103.07116800000048,0.9248120300751879,2026-02-17 11:18:00+00:00,surfline_trevone_20260217_1118
-553612.2803726486,6541202.948878584,-103.07116800000048,0.9273182957393483,2026-02-17 11:18:00+00:00,surfline_trevone_20260217_1118
-553612.2803726486,6541202.948878584,-103.07116800000048,0.9298245614035088,2026-02-17 11:18:00+00:00,surfline_trevone_20260217_1118
-553612.2803726486,6541202.948878584,-103.07116800000048,0.9323308270676691,2026-02-17 11:18:00+00:00,surfline_trevone_20260217_1118
-553612.2803726486,6541202.948878584,-103.07116800000048,0.9348370927318295,2026-02-17 11:18:00+00:00,surfline_trevone_20260217_1118
-553612.2803726486,6541202.948878584,-103.07116800000048,0.9373433583959899,2026-02-17 11:18:00+00:00,surfline_trevone_20260217_1118
-553612.2803726486,6541202.948878584,-103.07116800000048,0.9398496240601504,2026-02-17 11:18:00+00:00,surfline_trevone_20260217_1118
-553612.2803726486,6541202.948878584,-103.07116800000048,0.9423558897243107,2026-02-17 11:18:00+00:00,surfline_trevone_20260217_1118
-553612.2803726486,6541202.948878584,-103.07116800000048,0.9448621553884711,2026-02-17 11:18:00+00:00,surfline_trevone_20260217_1118
-553612.2803726486,6541202.948878584,-103.07116800000048,0.9473684210526315,2026-02-17 11:18:00+00:00,surfline_trevone_20260217_1118
-553612.2803726486,6541202.948878584,-103.07116800000048,0.949874686716792,2026-02-17 11:18:00+00:00,surfline_trevone_20260217_1118
-553612.2803726486,6541202.948878584,-103.07116800000048,0.9523809523809523,2026-02-17 11:18:00+00:00,surfline_trevone_20260217_1118
-553612.2803726486,6541202.948878584,-103.07116800000048,0.9548872180451127,2026-02-17 11:18:00+00:00,surfline_trevone_20260217_1118
-553612.2803726486,6541202.948878584,-103.07116800000048,0.9573934837092731,2026-02-17 11:18:00+00:00,surfline_trevone_20260217_1118
-553612.2803726486,6541202.948878584,-103.07116800000048,0.9598997493734336,2026-02-17 11:18:00+00:00,surfline_trevone_20260217_1118
-553612.2803726486,6541202.948878584,-103.07116800000048,0.9624060150375939,2026-02-17 11:18:00+00:00,surfline_trevone_20260217_1118
-553612.2803726486,6541202.948878584,-103.07116800000048,0.9649122807017543,2026-02-17 11:18:00+00:00,surfline_trevone_20260217_1118
-553612.2803726486,6541202.948878584,-103.07116800000048,0.9674185463659147,2026-02-17 11:18:00+00:00,surfline_trevone_20260217_1118
-553612.2803726486,6541202.948878584,-103.07116800000048,0.9699248120300752,2026-02-17 11:18:00+00:00,surfline_trevone_20260217_1118
-553612.2803726486,6541202.948878584,-103.07116800000048,0.9724310776942355,2026-02-17 11:18:00+00:00,surfline_trevone_20260217_1118
-553612.2803726486,6541202.948878584,-103.07116800000048,0.9749373433583959,2026-02-17 11:18:00+00:00,surfline_trevone_20260217_1118
-553612.2803726486,6541202.948878584,-103.07116800000048,0.9774436090225563,2026-02-17 11:18:00+00:00,surfline_trevone_20260217_1118
-553612.2803726486,6541202.948878584,-103.07116800000048,0.9799498746867168,2026-02-17 11:18:00+00:00,surfline_trevone_20260217_1118
-553612.2803726486,6541202.948878584,-103.07116800000048,0.9824561403508771,2026-02-17 11:18:00+00:00,surfline_trevone_20260217_1118
-553612.2803726486,6541202.948878584,-103.07116800000048,0.9849624060150375,2026-02-17 11:18:00+00:00,surfline_trevone_20260217_1118
-553612.2803726486,6541202.948878584,-103.07116800000048,0.9874686716791979,2026-02-17 11:18:00+00:00,surfline_trevone_20260217_1118
-553612.2803726486,6541202.948878584,-103.07116800000048,0.9899749373433584,2026-02-17 11:18:00+00:00,surfline_trevone_20260217_1118
-553612.2803726486,6541202.948878584,-103.07116800000048,0.9924812030075187,2026-02-17 11:18:00+00:00,surfline_trevone_20260217_1118
-553612.2803726486,6541202.948878584,-103.07116800000048,0.9949874686716791,2026-02-17 11:18:00+00:00,surfline_trevone_20260217_1118
-553612.2803726486,6541202.948878584,-103.07116800000048,0.9974937343358395,2026-02-17 11:18:00+00:00,surfline_trevone_20260217_1118
-553612.2803726486,6541202.948878584,-103.07116800000048,1.0,2026-02-17 11:18:00+00:00,surfline_trevone_20260217_1118
-553597.7689780248,6541277.999918253,-103.31622720000047,0.0,2026-02-17 12:25:00+00:00,surfline_trevone_20260217_1225
-553597.992507465,6541277.67266784,-103.31622720000047,0.002506265664160401,2026-02-17 12:25:00+00:00,surfline_trevone_20260217_1225
-553598.2283018999,6541277.348998359,-103.31622720000047,0.005012531328320802,2026-02-17 12:25:00+00:00,surfline_trevone_20260217_1225
-553598.3814908509,6541277.001210339,-103.31622720000047,0.007518796992481203,2026-02-17 12:25:00+00:00,surfline_trevone_20260217_1225
-553598.6178397998,6541276.677702762,-103.31622720000047,0.010025062656641603,2026-02-17 12:25:00+00:00,surfline_trevone_20260217_1225
-553598.8166512002,6541276.343235467,-103.31622720000047,0.012531328320802004,2026-02-17 12:25:00+00:00,surfline_trevone_20260217_1225
-553599.003365304,6541276.005235963,-103.31622720000047,0.015037593984962405,2026-02-17 12:25:00+00:00,surfline_trevone_20260217_1225
-553599.21780689,6541275.675331924,-103.31622720000047,0.017543859649122806,2026-02-17 12:25:00+00:00,surfline_trevone_20260217_1225
-553599.4842982584,6541275.360625054,-103.31622720000047,0.020050125313283207,2026-02-17 12:25:00+00:00,surfline_trevone_20260217_1225
-553599.7181573561,6541275.036390662,-103.31622720000047,0.022556390977443608,2026-02-17 12:25:00+00:00,surfline_trevone_20260217_1225
-553599.9535293914,6541274.7125978535,-103.31622720000047,0.02506265664160401,2026-02-17 12:25:00+00:00,surfline_trevone_20260217_1225
-553600.1417259224,6541274.375031026,-103.31622720000047,0.02756892230576441,2026-02-17 12:25:00+00:00,surfline_trevone_20260217_1225
-553600.3120467212,6541274.032245156,-103.31622720000047,0.03007518796992481,2026-02-17 12:25:00+00:00,surfline_trevone_20260217_1225
-553600.5269276167,6541273.702469684,-103.31622720000047,0.03258145363408521,2026-02-17 12:25:00+00:00,surfline_trevone_20260217_1225
-553600.7034458959,6541273.361493297,-103.31622720000047,0.03508771929824561,2026-02-17 12:25:00+00:00,surfline_trevone_20260217_1225
-553600.8612459056,6541273.015051572,-103.31622720000047,0.03759398496240601,2026-02-17 12:25:00+00:00,surfline_trevone_20260217_1225
-553601.0712501667,6541272.683852115,-103.31622720000047,0.040100250626566414,2026-02-17 12:25:00+00:00,surfline_trevone_20260217_1225
-553601.2729046821,6541272.350214926,-103.31622720000047,0.042606516290726815,2026-02-17 12:25:00+00:00,surfline_trevone_20260217_1225
-553601.4657146129,6541272.013995225,-103.31622720000047,0.045112781954887216,2026-02-17 12:25:00+00:00,surfline_trevone_20260217_1225
-553601.618181226,6541271.665996305,-103.31622720000047,0.047619047619047616,2026-02-17 12:25:00+00:00,surfline_trevone_20260217_1225
-553601.7187521557,6541271.302845509,-103.31622720000047,0.05012531328320802,2026-02-17 12:25:00+00:00,surfline_trevone_20260217_1225
-553601.8803225531,6541270.957504927,-103.31622720000047,0.05263157894736842,2026-02-17 12:25:00+00:00,surfline_trevone_20260217_1225
-553602.027024097,6541270.607822924,-103.31622720000047,0.05513784461152882,2026-02-17 12:25:00+00:00,surfline_trevone_20260217_1225
-553602.1925053068,6541270.263623886,-103.31622720000047,0.05764411027568922,2026-02-17 12:25:00+00:00,surfline_trevone_20260217_1225
-553602.362759933,6541269.920818845,-103.31622720000047,0.06015037593984962,2026-02-17 12:25:00+00:00,surfline_trevone_20260217_1225
-553602.5916426721,6541269.595131352,-103.31622720000047,0.06265664160401002,2026-02-17 12:25:00+00:00,surfline_trevone_20260217_1225
-553602.7623049968,6541269.252445048,-103.31622720000047,0.06516290726817042,2026-02-17 12:25:00+00:00,surfline_trevone_20260217_1225
-553602.9398970635,6541268.9117822405,-103.31622720000047,0.06766917293233082,2026-02-17 12:25:00+00:00,surfline_trevone_20260217_1225
-553603.0887762652,6541268.562736136,-103.31622720000047,0.07017543859649122,2026-02-17 12:25:00+00:00,surfline_trevone_20260217_1225
-553603.2005304403,6541268.202850521,-103.31622720000047,0.07268170426065163,2026-02-17 12:25:00+00:00,surfline_trevone_20260217_1225
-553603.3303085009,6541267.848227205,-103.31622720000047,0.07518796992481203,2026-02-17 12:25:00+00:00,surfline_trevone_20260217_1225
-553603.4645217909,6541267.494898997,-103.31622720000047,0.07769423558897243,2026-02-17 12:25:00+00:00,surfline_trevone_20260217_1225
-553603.5987350512,6541267.141570929,-103.31622720000047,0.08020050125313283,2026-02-17 12:25:00+00:00,surfline_trevone_20260217_1225
-553603.8001615284,6541266.807867009,-103.31622720000047,0.08270676691729323,2026-02-17 12:25:00+00:00,surfline_trevone_20260217_1225
-553603.9861383822,6541266.4696521005,-103.31622720000047,0.08521303258145363,2026-02-17 12:25:00+00:00,surfline_trevone_20260217_1225
-553604.1693155004,6541266.130619901,-103.31622720000047,0.08771929824561403,2026-02-17 12:25:00+00:00,surfline_trevone_20260217_1225
-553604.3359429828,6541265.78675584,-103.31622720000047,0.09022556390977443,2026-02-17 12:25:00+00:00,surfline_trevone_20260217_1225
-553604.4916406001,6541265.439700427,-103.31622720000047,0.09273182957393483,2026-02-17 12:25:00+00:00,surfline_trevone_20260217_1225
-553604.6251917897,6541265.086178756,-103.31622720000047,0.09523809523809523,2026-02-17 12:25:00+00:00,surfline_trevone_20260217_1225
-553604.7700339694,6541264.735953873,-103.31622720000047,0.09774436090225563,2026-02-17 12:25:00+00:00,surfline_trevone_20260217_1225
-553605.0018824824,6541264.411132449,-103.31622720000047,0.10025062656641603,2026-02-17 12:25:00+00:00,surfline_trevone_20260217_1225
-553605.1444888193,6541264.060254765,-103.31622720000047,0.10275689223057644,2026-02-17 12:25:00+00:00,surfline_trevone_20260217_1225
-553605.3361921118,6541263.72371181,-103.31622720000047,0.10526315789473684,2026-02-17 12:25:00+00:00,surfline_trevone_20260217_1225
-553605.5595101576,6541263.396399589,-103.31622720000047,0.10776942355889724,2026-02-17 12:25:00+00:00,surfline_trevone_20260217_1225
-553605.735479622,6541263.055263114,-103.31622720000047,0.11027568922305764,2026-02-17 12:25:00+00:00,surfline_trevone_20260217_1225
-553605.9565538027,6541262.727295749,-103.31622720000047,0.11278195488721804,2026-02-17 12:25:00+00:00,surfline_trevone_20260217_1225
-553606.2183479083,6541262.411217266,-103.31622720000047,0.11528822055137844,2026-02-17 12:25:00+00:00,surfline_trevone_20260217_1225
-553606.4568120175,6541262.088327402,-103.31622720000047,0.11779448621553884,2026-02-17 12:25:00+00:00,surfline_trevone_20260217_1225
-553606.7260184024,6541261.774413236,-103.31622720000047,0.12030075187969924,2026-02-17 12:25:00+00:00,surfline_trevone_20260217_1225
-553606.9192458546,6541261.438315291,-103.31622720000047,0.12280701754385964,2026-02-17 12:25:00+00:00,surfline_trevone_20260217_1225
-553607.0425466266,6541261.081800947,-103.31622720000047,0.12531328320802004,2026-02-17 12:25:00+00:00,surfline_trevone_20260217_1225
-553607.2873920851,6541260.760774251,-103.31622720000047,0.12781954887218044,2026-02-17 12:25:00+00:00,surfline_trevone_20260217_1225
-553607.4853597584,6541260.4260604605,-103.31622720000047,0.13032581453634084,2026-02-17 12:25:00+00:00,surfline_trevone_20260217_1225
-553607.7382404432,6541260.107379518,-103.31622720000047,0.13283208020050125,2026-02-17 12:25:00+00:00,surfline_trevone_20260217_1225
-553607.9994967888,6541259.791144238,-103.31622720000047,0.13533834586466165,2026-02-17 12:25:00+00:00,surfline_trevone_20260217_1225
-553608.1768370586,6541259.450407933,-103.31622720000047,0.13784461152882205,2026-02-17 12:25:00+00:00,surfline_trevone_20260217_1225
-553608.3870943341,6541259.119282348,-103.31622720000047,0.14035087719298245,2026-02-17 12:25:00+00:00,surfline_trevone_20260217_1225
-553608.6824658063,6541258.813007476,-103.31622720000047,0.14285714285714285,2026-02-17 12:25:00+00:00,surfline_trevone_20260217_1225
-553608.9849314145,6541258.508804033,-103.31622720000047,0.14536340852130325,2026-02-17 12:25:00+00:00,surfline_trevone_20260217_1225
-553609.2226372003,6541258.185692761,-103.31622720000047,0.14786967418546365,2026-02-17 12:25:00+00:00,surfline_trevone_20260217_1225
-553609.3382446861,6541257.8269322,-103.31622720000047,0.15037593984962405,2026-02-17 12:25:00+00:00,surfline_trevone_20260217_1225
-553609.499868276,6541257.48160685,-103.31622720000047,0.15288220551378445,2026-02-17 12:25:00+00:00,surfline_trevone_20260217_1225
-553609.6419058805,6541257.130563114,-103.31622720000047,0.15538847117794485,2026-02-17 12:25:00+00:00,surfline_trevone_20260217_1225
-553609.7496999047,6541256.769521399,-103.31622720000047,0.15789473684210525,2026-02-17 12:25:00+00:00,surfline_trevone_20260217_1225
-553609.975315197,6541256.442879907,-103.31622720000047,0.16040100250626566,2026-02-17 12:25:00+00:00,surfline_trevone_20260217_1225
-553610.135070145,6541256.097008969,-103.31622720000047,0.16290726817042606,2026-02-17 12:25:00+00:00,surfline_trevone_20260217_1225
-553610.2280050903,6541255.731628689,-103.31622720000047,0.16541353383458646,2026-02-17 12:25:00+00:00,surfline_trevone_20260217_1225
-553610.3539937236,6541255.375899269,-103.31622720000047,0.16791979949874686,2026-02-17 12:25:00+00:00,surfline_trevone_20260217_1225
-553610.4345040275,6541255.006891356,-103.31622720000047,0.17042606516290726,2026-02-17 12:25:00+00:00,surfline_trevone_20260217_1225
-553610.5522969918,6541254.648768744,-103.31622720000047,0.17293233082706766,2026-02-17 12:25:00+00:00,surfline_trevone_20260217_1225
-553610.7253811338,6541254.306789838,-103.31622720000047,0.17543859649122806,2026-02-17 12:25:00+00:00,surfline_trevone_20260217_1225
-553610.8581211295,6541253.95303147,-103.31622720000047,0.17794486215538846,2026-02-17 12:25:00+00:00,surfline_trevone_20260217_1225
-553610.8943889911,6541253.571105908,-103.31622720000047,0.18045112781954886,2026-02-17 12:25:00+00:00,surfline_trevone_20260217_1225
-553610.9450807923,6541253.193391862,-103.31622720000047,0.18295739348370926,2026-02-17 12:25:00+00:00,surfline_trevone_20260217_1225
-553611.0885689362,6541252.84277179,-103.31622720000047,0.18546365914786966,2026-02-17 12:25:00+00:00,surfline_trevone_20260217_1225
-553611.1610901372,6541252.471431292,-103.31622720000047,0.18796992481203006,2026-02-17 12:25:00+00:00,surfline_trevone_20260217_1225
-553611.2690098813,6541252.110425987,-103.31622720000047,0.19047619047619047,2026-02-17 12:25:00+00:00,surfline_trevone_20260217_1225
-553611.3604384317,6541251.744605884,-103.31622720000047,0.19298245614035087,2026-02-17 12:25:00+00:00,surfline_trevone_20260217_1225
-553611.4845135794,6541251.388317782,-103.31622720000047,0.19548872180451127,2026-02-17 12:25:00+00:00,surfline_trevone_20260217_1225
-553611.5835572025,6541251.0247211205,-103.31622720000047,0.19799498746867167,2026-02-17 12:25:00+00:00,surfline_trevone_20260217_1225
-553611.6981744186,6541250.665671219,-103.31622720000047,0.20050125313283207,2026-02-17 12:25:00+00:00,surfline_trevone_20260217_1225
-553611.8511865294,6541250.317831717,-103.31622720000047,0.20300751879699247,2026-02-17 12:25:00+00:00,surfline_trevone_20260217_1225
-553611.9249930308,6541249.946866639,-103.31622720000047,0.20551378446115287,2026-02-17 12:25:00+00:00,surfline_trevone_20260217_1225
-553611.9927444523,6541249.574133504,-103.31622720000047,0.20802005012531327,2026-02-17 12:25:00+00:00,surfline_trevone_20260217_1225
-553612.1639974475,6541249.231619661,-103.31622720000047,0.21052631578947367,2026-02-17 12:25:00+00:00,surfline_trevone_20260217_1225
-553612.2592064872,6541248.86690335,-103.31622720000047,0.21303258145363407,2026-02-17 12:25:00+00:00,surfline_trevone_20260217_1225
-553612.3514754882,6541248.501328782,-103.31622720000047,0.21553884711779447,2026-02-17 12:25:00+00:00,surfline_trevone_20260217_1225
-553612.4638350541,6541248.141619924,-103.31622720000047,0.21804511278195488,2026-02-17 12:25:00+00:00,surfline_trevone_20260217_1225
-553612.4865090942,6541247.755725362,-103.31622720000047,0.22055137844611528,2026-02-17 12:25:00+00:00,surfline_trevone_20260217_1225
-553612.4519882519,6541247.353131713,-103.31622720000047,0.22305764411027568,2026-02-17 12:25:00+00:00,surfline_trevone_20260217_1225
-553612.5009097495,6541246.97490094,-103.31622720000047,0.22556390977443608,2026-02-17 12:25:00+00:00,surfline_trevone_20260217_1225
-553612.5359784167,6541246.592625395,-103.31622720000047,0.22807017543859648,2026-02-17 12:25:00+00:00,surfline_trevone_20260217_1225
-553612.4807565819,6541246.183987512,-103.31622720000047,0.23057644110275688,2026-02-17 12:25:00+00:00,surfline_trevone_20260217_1225
-553612.5335030751,6541245.806873526,-103.31622720000047,0.23308270676691728,2026-02-17 12:25:00+00:00,surfline_trevone_20260217_1225
-553612.5535982541,6541245.42022616,-103.31622720000047,0.23558897243107768,2026-02-17 12:25:00+00:00,surfline_trevone_20260217_1225
-553612.7031134332,6541245.071365508,-103.31622720000047,0.23809523809523808,2026-02-17 12:25:00+00:00,surfline_trevone_20260217_1225
-553612.81991356,6541244.712953164,-103.31622720000047,0.24060150375939848,2026-02-17 12:25:00+00:00,surfline_trevone_20260217_1225
-553612.9492263352,6541244.358194297,-103.31622720000047,0.24310776942355888,2026-02-17 12:25:00+00:00,surfline_trevone_20260217_1225
-553613.1251016649,6541244.017030188,-103.31622720000047,0.24561403508771928,2026-02-17 12:25:00+00:00,surfline_trevone_20260217_1225
-553613.2828073583,6541243.670560927,-103.31622720000047,0.24812030075187969,2026-02-17 12:25:00+00:00,surfline_trevone_20260217_1225
-553613.4777462435,6541243.33496282,-103.31622720000047,0.2506265664160401,2026-02-17 12:25:00+00:00,surfline_trevone_20260217_1225
-553613.5710413427,6541242.969687843,-103.31622720000047,0.2531328320802005,2026-02-17 12:25:00+00:00,surfline_trevone_20260217_1225
-553613.6648223902,6541242.604554599,-103.31622720000047,0.2556390977443609,2026-02-17 12:25:00+00:00,surfline_trevone_20260217_1225
-553613.7642219192,6541242.241061641,-103.31622720000047,0.2581453634085213,2026-02-17 12:25:00+00:00,surfline_trevone_20260217_1225
-553613.9528342735,6541241.903616372,-103.31622720000047,0.2606516290726817,2026-02-17 12:25:00+00:00,surfline_trevone_20260217_1225
-553614.0089756818,6541241.527493601,-103.31622720000047,0.2631578947368421,2026-02-17 12:25:00+00:00,surfline_trevone_20260217_1225
-553614.0651171232,6541241.151370755,-103.31622720000047,0.2656641604010025,2026-02-17 12:25:00+00:00,surfline_trevone_20260217_1225
-553614.1378883813,6541240.780103055,-103.31622720000047,0.2681704260651629,2026-02-17 12:25:00+00:00,surfline_trevone_20260217_1225
-553614.3617953861,6541240.452962793,-103.31622720000047,0.2706766917293233,2026-02-17 12:25:00+00:00,surfline_trevone_20260217_1225
-553614.4875582572,6541240.097167457,-103.31622720000047,0.2731829573934837,2026-02-17 12:25:00+00:00,surfline_trevone_20260217_1225
-553614.607039276,6541239.739537856,-103.31622720000047,0.2756892230576441,2026-02-17 12:25:00+00:00,surfline_trevone_20260217_1225
-553614.6977247068,6541239.373500635,-103.31622720000047,0.2781954887218045,2026-02-17 12:25:00+00:00,surfline_trevone_20260217_1225
-553614.7884100924,6541239.007463549,-103.31622720000047,0.2807017543859649,2026-02-17 12:25:00+00:00,surfline_trevone_20260217_1225
-553614.934222711,6541238.657522155,-103.31622720000047,0.2832080200501253,2026-02-17 12:25:00+00:00,surfline_trevone_20260217_1225
-553615.0239703334,6541238.291211269,-103.31622720000047,0.2857142857142857,2026-02-17 12:25:00+00:00,surfline_trevone_20260217_1225
-553615.1144213199,6541237.925105597,-103.31622720000047,0.2882205513784461,2026-02-17 12:25:00+00:00,surfline_trevone_20260217_1225
-553615.181064238,6541237.552048813,-103.31622720000047,0.2907268170426065,2026-02-17 12:25:00+00:00,surfline_trevone_20260217_1225
-553615.257933403,6541237.181977943,-103.31622720000047,0.2932330827067669,2026-02-17 12:25:00+00:00,surfline_trevone_20260217_1225
-553615.3106822352,6541236.8048644895,-103.31622720000047,0.2957393483709273,2026-02-17 12:25:00+00:00,surfline_trevone_20260217_1225
-553615.2256788076,6541236.387531251,-103.31622720000047,0.2982456140350877,2026-02-17 12:25:00+00:00,surfline_trevone_20260217_1225
-553615.3198258459,6541236.022505015,-103.31622720000047,0.3007518796992481,2026-02-17 12:25:00+00:00,surfline_trevone_20260217_1225
-553615.4102369543,6541235.656387848,-103.31622720000047,0.3032581453634085,2026-02-17 12:25:00+00:00,surfline_trevone_20260217_1225
-553615.4976215414,6541235.289386877,-103.31622720000047,0.3057644110275689,2026-02-17 12:25:00+00:00,surfline_trevone_20260217_1225
-553615.6025868014,6541234.927519098,-103.31622720000047,0.3082706766917293,2026-02-17 12:25:00+00:00,surfline_trevone_20260217_1225
-553615.7131480938,6541234.567285346,-103.31622720000047,0.3107769423558897,2026-02-17 12:25:00+00:00,surfline_trevone_20260217_1225
-553615.742140184,6541234.183235617,-103.31622720000047,0.3132832080200501,2026-02-17 12:25:00+00:00,surfline_trevone_20260217_1225
-553615.8104484213,6541233.810664909,-103.31622720000047,0.3157894736842105,2026-02-17 12:25:00+00:00,surfline_trevone_20260217_1225
-553615.8102317939,6541233.418087089,-103.31622720000047,0.3182957393483709,2026-02-17 12:25:00+00:00,surfline_trevone_20260217_1225
-553615.7048262743,6541232.994797333,-103.31622720000047,0.3208020050125313,2026-02-17 12:25:00+00:00,surfline_trevone_20260217_1225
-553615.7253284588,6541232.6082688,-103.31622720000047,0.3233082706766917,2026-02-17 12:25:00+00:00,surfline_trevone_20260217_1225
-553615.7493658651,6541232.222772301,-103.31622720000047,0.3258145363408521,2026-02-17 12:25:00+00:00,surfline_trevone_20260217_1225
-553615.7459427386,6541231.829258278,-103.31622720000047,0.3283208020050125,2026-02-17 12:25:00+00:00,surfline_trevone_20260217_1225
-553615.8328212993,6541231.462109859,-103.31622720000047,0.3308270676691729,2026-02-17 12:25:00+00:00,surfline_trevone_20260217_1225
-553615.9199474176,6541231.095033634,-103.31622720000047,0.3333333333333333,2026-02-17 12:25:00+00:00,surfline_trevone_20260217_1225
-553615.99553447,6541230.724588064,-103.31622720000047,0.3358395989974937,2026-02-17 12:25:00+00:00,surfline_trevone_20260217_1225
-553616.0845167288,6541230.358053715,-103.31622720000047,0.3383458646616541,2026-02-17 12:25:00+00:00,surfline_trevone_20260217_1225
-553616.2107590925,6541230.002398377,-103.31622720000047,0.3408521303258145,2026-02-17 12:25:00+00:00,surfline_trevone_20260217_1225
-553616.3038927271,6541229.637076109,-103.31622720000047,0.3433583959899749,2026-02-17 12:25:00+00:00,surfline_trevone_20260217_1225
-553616.3817512149,6541229.267293794,-103.31622720000047,0.3458646616541353,2026-02-17 12:25:00+00:00,surfline_trevone_20260217_1225
-553616.3895959476,6541228.877069656,-103.31622720000047,0.3483709273182957,2026-02-17 12:25:00+00:00,surfline_trevone_20260217_1225
-553616.5028465522,6541228.517621105,-103.31622720000047,0.3508771929824561,2026-02-17 12:25:00+00:00,surfline_trevone_20260217_1225
-553616.5590409443,6541228.141513655,-103.31622720000047,0.3533834586466165,2026-02-17 12:25:00+00:00,surfline_trevone_20260217_1225
-553616.5478757207,6541227.745739016,-103.31622720000047,0.3558897243107769,2026-02-17 12:25:00+00:00,surfline_trevone_20260217_1225
-553616.6185451917,6541227.373858017,-103.31622720000047,0.3583959899749373,2026-02-17 12:25:00+00:00,surfline_trevone_20260217_1225
-553616.665183452,6541226.994960455,-103.31622720000047,0.3609022556390977,2026-02-17 12:25:00+00:00,surfline_trevone_20260217_1225
-553616.6977677407,6541226.611959396,-103.31622720000047,0.3634085213032581,2026-02-17 12:25:00+00:00,surfline_trevone_20260217_1225
-553616.7286636254,6541226.228465522,-103.31622720000047,0.3659147869674185,2026-02-17 12:25:00+00:00,surfline_trevone_20260217_1225
-553616.779960102,6541225.850928173,-103.31622720000047,0.3684210526315789,2026-02-17 12:25:00+00:00,surfline_trevone_20260217_1225
-553616.8505113036,6541225.479012493,-103.31622720000047,0.37092731829573933,2026-02-17 12:25:00+00:00,surfline_trevone_20260217_1225
-553616.8399400285,6541225.08341127,-103.31622720000047,0.37343358395989973,2026-02-17 12:25:00+00:00,surfline_trevone_20260217_1225
-553616.9169519531,6541224.713381932,-103.31622720000047,0.37593984962406013,2026-02-17 12:25:00+00:00,surfline_trevone_20260217_1225
-553616.8993967735,6541224.315741911,-103.31622720000047,0.37844611528822053,2026-02-17 12:25:00+00:00,surfline_trevone_20260217_1225
-553616.9310238606,6541223.932461525,-103.31622720000047,0.38095238095238093,2026-02-17 12:25:00+00:00,surfline_trevone_20260217_1225
-553616.9713489856,6541223.551720564,-103.31622720000047,0.38345864661654133,2026-02-17 12:25:00+00:00,surfline_trevone_20260217_1225
-553616.9799387245,6541223.161713947,-103.31622720000047,0.38596491228070173,2026-02-17 12:25:00+00:00,surfline_trevone_20260217_1225
-553617.0416723213,6541222.787223933,-103.31622720000047,0.38847117794486213,2026-02-17 12:25:00+00:00,surfline_trevone_20260217_1225
-553617.2022718787,6541222.441599744,-103.31622720000047,0.39097744360902253,2026-02-17 12:25:00+00:00,surfline_trevone_20260217_1225
-553617.2206086034,6541222.054438812,-103.31622720000047,0.39348370927318294,2026-02-17 12:25:00+00:00,surfline_trevone_20260217_1225
-553617.3300170319,6541221.693868308,-103.31622720000047,0.39598997493734334,2026-02-17 12:25:00+00:00,surfline_trevone_20260217_1225
-553617.3088866362,6541221.295184428,-103.31622720000047,0.39849624060150374,2026-02-17 12:25:00+00:00,surfline_trevone_20260217_1225
-553617.1959836383,6541220.869705541,-103.31622720000047,0.40100250626566414,2026-02-17 12:25:00+00:00,surfline_trevone_20260217_1225
-553617.2040618554,6541220.47954936,-103.31622720000047,0.40350877192982454,2026-02-17 12:25:00+00:00,surfline_trevone_20260217_1225
-553617.2261737137,6541220.093490806,-103.31622720000047,0.40601503759398494,2026-02-17 12:25:00+00:00,surfline_trevone_20260217_1225
-553617.212250452,6541219.696911199,-103.31622720000047,0.40852130325814534,2026-02-17 12:25:00+00:00,surfline_trevone_20260217_1225
-553617.211389393,6541219.304145223,-103.31622720000047,0.41102756892230574,2026-02-17 12:25:00+00:00,surfline_trevone_20260217_1225
-553617.1891057409,6541218.905124327,-103.31622720000047,0.41353383458646614,2026-02-17 12:25:00+00:00,surfline_trevone_20260217_1225
-553617.1732445492,6541218.507978901,-103.31622720000047,0.41604010025062654,2026-02-17 12:25:00+00:00,surfline_trevone_20260217_1225
-553617.1608754027,6541218.111852899,-103.31622720000047,0.41854636591478694,2026-02-17 12:25:00+00:00,surfline_trevone_20260217_1225
-553617.148814331,6541217.715816698,-103.31622720000047,0.42105263157894735,2026-02-17 12:25:00+00:00,surfline_trevone_20260217_1225
-553617.1250709353,6541217.316369749,-103.31622720000047,0.42355889724310775,2026-02-17 12:25:00+00:00,surfline_trevone_20260217_1225
-553617.1247918365,6541216.923773839,-103.31622720000047,0.42606516290726815,2026-02-17 12:25:00+00:00,surfline_trevone_20260217_1225
-553617.1127806313,6541216.527752346,-103.31622720000047,0.42857142857142855,2026-02-17 12:25:00+00:00,surfline_trevone_20260217_1225
-553617.1007695121,6541216.131730729,-103.31622720000047,0.43107769423558895,2026-02-17 12:25:00+00:00,surfline_trevone_20260217_1225
-553617.0741666331,6541215.731448894,-103.31622720000047,0.43358395989974935,2026-02-17 12:25:00+00:00,surfline_trevone_20260217_1225
-553617.0434190248,6541215.329957069,-103.31622720000047,0.43609022556390975,2026-02-17 12:25:00+00:00,surfline_trevone_20260217_1225
-553617.0289401514,6541214.933215089,-103.31622720000047,0.43859649122807015,2026-02-17 12:25:00+00:00,surfline_trevone_20260217_1225
-553617.0517568627,6541214.547362181,-103.31622720000047,0.44110275689223055,2026-02-17 12:25:00+00:00,surfline_trevone_20260217_1225
-553616.9347770184,6541214.120692912,-103.31622720000047,0.44360902255639095,2026-02-17 12:25:00+00:00,surfline_trevone_20260217_1225
-553616.9401472434,6541213.72974644,-103.31622720000047,0.44611528822055135,2026-02-17 12:25:00+00:00,surfline_trevone_20260217_1225
-553617.069164339,6541213.374901094,-103.31622720000047,0.44862155388471175,2026-02-17 12:25:00+00:00,surfline_trevone_20260217_1225
-553617.0675018773,6541212.981900982,-103.31622720000047,0.45112781954887216,2026-02-17 12:25:00+00:00,surfline_trevone_20260217_1225
-553617.0488610317,6541212.583943828,-103.31622720000047,0.45363408521303256,2026-02-17 12:25:00+00:00,surfline_trevone_20260217_1225
-553617.0132264334,6541212.181025146,-103.31622720000047,0.45614035087719296,2026-02-17 12:25:00+00:00,surfline_trevone_20260217_1225
-553616.947695595,6541211.769377482,-103.31622720000047,0.45864661654135336,2026-02-17 12:25:00+00:00,surfline_trevone_20260217_1225
-553616.8821416638,6541211.357722926,-103.31622720000047,0.46115288220551376,2026-02-17 12:25:00+00:00,surfline_trevone_20260217_1225
-553616.8169321605,6541210.946169084,-103.31622720000047,0.46365914786967416,2026-02-17 12:25:00+00:00,surfline_trevone_20260217_1225
-553616.7564023464,6541210.535981725,-103.31622720000047,0.46616541353383456,2026-02-17 12:25:00+00:00,surfline_trevone_20260217_1225
-553616.7240339646,6541210.134016596,-103.31622720000047,0.46867167919799496,2026-02-17 12:25:00+00:00,surfline_trevone_20260217_1225
-553616.6266425389,6541209.713066356,-103.31622720000047,0.47117794486215536,2026-02-17 12:25:00+00:00,surfline_trevone_20260217_1225
-553616.5298436097,6541209.292289474,-103.31622720000047,0.47368421052631576,2026-02-17 12:25:00+00:00,surfline_trevone_20260217_1225
-553616.467674651,6541208.881623382,-103.31622720000047,0.47619047619047616,2026-02-17 12:25:00+00:00,surfline_trevone_20260217_1225
-553616.4055057986,6541208.470957169,-103.31622720000047,0.47869674185463656,2026-02-17 12:25:00+00:00,surfline_trevone_20260217_1225
-553616.3493217925,6541208.062038509,-103.31622720000047,0.48120300751879697,2026-02-17 12:25:00+00:00,surfline_trevone_20260217_1225
-553616.2806601016,6541207.64947688,-103.31622720000047,0.48370927318295737,2026-02-17 12:25:00+00:00,surfline_trevone_20260217_1225
-553616.1993802756,6541207.233230972,-103.31622720000047,0.48621553884711777,2026-02-17 12:25:00+00:00,surfline_trevone_20260217_1225
-553616.0461819822,6541206.79598682,-103.31622720000047,0.48872180451127817,2026-02-17 12:25:00+00:00,surfline_trevone_20260217_1225
-553615.9164359872,6541206.365590206,-103.31622720000047,0.49122807017543857,2026-02-17 12:25:00+00:00,surfline_trevone_20260217_1225
-553615.8017530598,6541205.939591721,-103.31622720000047,0.49373433583959897,2026-02-17 12:25:00+00:00,surfline_trevone_20260217_1225
-553615.5855843897,6541205.483962207,-103.31622720000047,0.49624060150375937,2026-02-17 12:25:00+00:00,surfline_trevone_20260217_1225
-553615.4442960968,6541205.050195428,-103.31622720000047,0.49874686716791977,2026-02-17 12:25:00+00:00,surfline_trevone_20260217_1225
-553615.2447551199,6541204.599420717,-103.31622720000047,0.5012531328320802,2026-02-17 12:25:00+00:00,surfline_trevone_20260217_1225
-553615.0828431852,6541204.15963274,-103.31622720000047,0.5037593984962405,2026-02-17 12:25:00+00:00,surfline_trevone_20260217_1225
-553614.7657314747,6541203.674530806,-103.31622720000047,0.506265664160401,2026-02-17 12:25:00+00:00,surfline_trevone_20260217_1225
-553614.5833507692,6541203.228766241,-103.31622720000047,0.5087719298245614,2026-02-17 12:25:00+00:00,surfline_trevone_20260217_1225
-553614.2777322233,6541202.747019976,-103.31622720000047,0.5112781954887218,2026-02-17 12:25:00+00:00,surfline_trevone_20260217_1225
-553614.2777322233,6541202.747019976,-103.31622720000047,0.5137844611528821,2026-02-17 12:25:00+00:00,surfline_trevone_20260217_1225
-553614.2777322233,6541202.747019976,-103.31622720000047,0.5162907268170426,2026-02-17 12:25:00+00:00,surfline_trevone_20260217_1225
-553614.2777322233,6541202.747019976,-103.31622720000047,0.518796992481203,2026-02-17 12:25:00+00:00,surfline_trevone_20260217_1225
-553614.2777322233,6541202.747019976,-103.31622720000047,0.5213032581453634,2026-02-17 12:25:00+00:00,surfline_trevone_20260217_1225
-553614.2777322233,6541202.747019976,-103.31622720000047,0.5238095238095237,2026-02-17 12:25:00+00:00,surfline_trevone_20260217_1225
-553614.2777322233,6541202.747019976,-103.31622720000047,0.5263157894736842,2026-02-17 12:25:00+00:00,surfline_trevone_20260217_1225
-553614.2777322233,6541202.747019976,-103.31622720000047,0.5288220551378446,2026-02-17 12:25:00+00:00,surfline_trevone_20260217_1225
-553614.2777322233,6541202.747019976,-103.31622720000047,0.531328320802005,2026-02-17 12:25:00+00:00,surfline_trevone_20260217_1225
-553614.2777322233,6541202.747019976,-103.31622720000047,0.5338345864661653,2026-02-17 12:25:00+00:00,surfline_trevone_20260217_1225
-553614.2777322233,6541202.747019976,-103.31622720000047,0.5363408521303258,2026-02-17 12:25:00+00:00,surfline_trevone_20260217_1225
-553614.2777322233,6541202.747019976,-103.31622720000047,0.5388471177944862,2026-02-17 12:25:00+00:00,surfline_trevone_20260217_1225
-553614.2777322233,6541202.747019976,-103.31622720000047,0.5413533834586466,2026-02-17 12:25:00+00:00,surfline_trevone_20260217_1225
-553614.2777322233,6541202.747019976,-103.31622720000047,0.5438596491228069,2026-02-17 12:25:00+00:00,surfline_trevone_20260217_1225
-553614.2777322233,6541202.747019976,-103.31622720000047,0.5463659147869674,2026-02-17 12:25:00+00:00,surfline_trevone_20260217_1225
-553614.2777322233,6541202.747019976,-103.31622720000047,0.5488721804511278,2026-02-17 12:25:00+00:00,surfline_trevone_20260217_1225
-553614.2777322233,6541202.747019976,-103.31622720000047,0.5513784461152882,2026-02-17 12:25:00+00:00,surfline_trevone_20260217_1225
-553614.2777322233,6541202.747019976,-103.31622720000047,0.5538847117794485,2026-02-17 12:25:00+00:00,surfline_trevone_20260217_1225
-553614.2777322233,6541202.747019976,-103.31622720000047,0.556390977443609,2026-02-17 12:25:00+00:00,surfline_trevone_20260217_1225
-553614.2777322233,6541202.747019976,-103.31622720000047,0.5588972431077694,2026-02-17 12:25:00+00:00,surfline_trevone_20260217_1225
-553614.2777322233,6541202.747019976,-103.31622720000047,0.5614035087719298,2026-02-17 12:25:00+00:00,surfline_trevone_20260217_1225
-553614.2777322233,6541202.747019976,-103.31622720000047,0.5639097744360901,2026-02-17 12:25:00+00:00,surfline_trevone_20260217_1225
-553614.2777322233,6541202.747019976,-103.31622720000047,0.5664160401002506,2026-02-17 12:25:00+00:00,surfline_trevone_20260217_1225
-553614.2777322233,6541202.747019976,-103.31622720000047,0.568922305764411,2026-02-17 12:25:00+00:00,surfline_trevone_20260217_1225
-553614.2777322233,6541202.747019976,-103.31622720000047,0.5714285714285714,2026-02-17 12:25:00+00:00,surfline_trevone_20260217_1225
-553614.2777322233,6541202.747019976,-103.31622720000047,0.5739348370927317,2026-02-17 12:25:00+00:00,surfline_trevone_20260217_1225
-553614.2777322233,6541202.747019976,-103.31622720000047,0.5764411027568922,2026-02-17 12:25:00+00:00,surfline_trevone_20260217_1225
-553614.2777322233,6541202.747019976,-103.31622720000047,0.5789473684210527,2026-02-17 12:25:00+00:00,surfline_trevone_20260217_1225
-553614.2777322233,6541202.747019976,-103.31622720000047,0.581453634085213,2026-02-17 12:25:00+00:00,surfline_trevone_20260217_1225
-553614.2777322233,6541202.747019976,-103.31622720000047,0.5839598997493733,2026-02-17 12:25:00+00:00,surfline_trevone_20260217_1225
-553614.2777322233,6541202.747019976,-103.31622720000047,0.5864661654135338,2026-02-17 12:25:00+00:00,surfline_trevone_20260217_1225
-553614.2777322233,6541202.747019976,-103.31622720000047,0.5889724310776943,2026-02-17 12:25:00+00:00,surfline_trevone_20260217_1225
-553614.2777322233,6541202.747019976,-103.31622720000047,0.5914786967418546,2026-02-17 12:25:00+00:00,surfline_trevone_20260217_1225
-553614.2777322233,6541202.747019976,-103.31622720000047,0.593984962406015,2026-02-17 12:25:00+00:00,surfline_trevone_20260217_1225
-553614.2777322233,6541202.747019976,-103.31622720000047,0.5964912280701754,2026-02-17 12:25:00+00:00,surfline_trevone_20260217_1225
-553614.2777322233,6541202.747019976,-103.31622720000047,0.5989974937343359,2026-02-17 12:25:00+00:00,surfline_trevone_20260217_1225
-553614.2777322233,6541202.747019976,-103.31622720000047,0.6015037593984962,2026-02-17 12:25:00+00:00,surfline_trevone_20260217_1225
-553614.2777322233,6541202.747019976,-103.31622720000047,0.6040100250626566,2026-02-17 12:25:00+00:00,surfline_trevone_20260217_1225
-553614.2777322233,6541202.747019976,-103.31622720000047,0.606516290726817,2026-02-17 12:25:00+00:00,surfline_trevone_20260217_1225
-553614.2777322233,6541202.747019976,-103.31622720000047,0.6090225563909775,2026-02-17 12:25:00+00:00,surfline_trevone_20260217_1225
-553614.2777322233,6541202.747019976,-103.31622720000047,0.6115288220551378,2026-02-17 12:25:00+00:00,surfline_trevone_20260217_1225
-553614.2777322233,6541202.747019976,-103.31622720000047,0.6140350877192982,2026-02-17 12:25:00+00:00,surfline_trevone_20260217_1225
-553614.2777322233,6541202.747019976,-103.31622720000047,0.6165413533834586,2026-02-17 12:25:00+00:00,surfline_trevone_20260217_1225
-553614.2777322233,6541202.747019976,-103.31622720000047,0.6190476190476191,2026-02-17 12:25:00+00:00,surfline_trevone_20260217_1225
-553614.2777322233,6541202.747019976,-103.31622720000047,0.6215538847117794,2026-02-17 12:25:00+00:00,surfline_trevone_20260217_1225
-553614.2777322233,6541202.747019976,-103.31622720000047,0.6240601503759398,2026-02-17 12:25:00+00:00,surfline_trevone_20260217_1225
-553614.2777322233,6541202.747019976,-103.31622720000047,0.6265664160401002,2026-02-17 12:25:00+00:00,surfline_trevone_20260217_1225
-553614.2777322233,6541202.747019976,-103.31622720000047,0.6290726817042607,2026-02-17 12:25:00+00:00,surfline_trevone_20260217_1225
-553614.2777322233,6541202.747019976,-103.31622720000047,0.631578947368421,2026-02-17 12:25:00+00:00,surfline_trevone_20260217_1225
-553614.2777322233,6541202.747019976,-103.31622720000047,0.6340852130325814,2026-02-17 12:25:00+00:00,surfline_trevone_20260217_1225
-553614.2777322233,6541202.747019976,-103.31622720000047,0.6365914786967418,2026-02-17 12:25:00+00:00,surfline_trevone_20260217_1225
-553614.2777322233,6541202.747019976,-103.31622720000047,0.6390977443609023,2026-02-17 12:25:00+00:00,surfline_trevone_20260217_1225
-553614.2777322233,6541202.747019976,-103.31622720000047,0.6416040100250626,2026-02-17 12:25:00+00:00,surfline_trevone_20260217_1225
-553614.2777322233,6541202.747019976,-103.31622720000047,0.644110275689223,2026-02-17 12:25:00+00:00,surfline_trevone_20260217_1225
-553614.2777322233,6541202.747019976,-103.31622720000047,0.6466165413533834,2026-02-17 12:25:00+00:00,surfline_trevone_20260217_1225
-553614.2777322233,6541202.747019976,-103.31622720000047,0.6491228070175439,2026-02-17 12:25:00+00:00,surfline_trevone_20260217_1225
-553614.2777322233,6541202.747019976,-103.31622720000047,0.6516290726817042,2026-02-17 12:25:00+00:00,surfline_trevone_20260217_1225
-553614.2777322233,6541202.747019976,-103.31622720000047,0.6541353383458646,2026-02-17 12:25:00+00:00,surfline_trevone_20260217_1225
-553614.2777322233,6541202.747019976,-103.31622720000047,0.656641604010025,2026-02-17 12:25:00+00:00,surfline_trevone_20260217_1225
-553614.2777322233,6541202.747019976,-103.31622720000047,0.6591478696741855,2026-02-17 12:25:00+00:00,surfline_trevone_20260217_1225
-553614.2777322233,6541202.747019976,-103.31622720000047,0.6616541353383458,2026-02-17 12:25:00+00:00,surfline_trevone_20260217_1225
-553614.2777322233,6541202.747019976,-103.31622720000047,0.6641604010025062,2026-02-17 12:25:00+00:00,surfline_trevone_20260217_1225
-553614.2777322233,6541202.747019976,-103.31622720000047,0.6666666666666666,2026-02-17 12:25:00+00:00,surfline_trevone_20260217_1225
-553614.2777322233,6541202.747019976,-103.31622720000047,0.6691729323308271,2026-02-17 12:25:00+00:00,surfline_trevone_20260217_1225
-553614.2777322233,6541202.747019976,-103.31622720000047,0.6716791979949874,2026-02-17 12:25:00+00:00,surfline_trevone_20260217_1225
-553614.2777322233,6541202.747019976,-103.31622720000047,0.6741854636591478,2026-02-17 12:25:00+00:00,surfline_trevone_20260217_1225
-553614.2777322233,6541202.747019976,-103.31622720000047,0.6766917293233082,2026-02-17 12:25:00+00:00,surfline_trevone_20260217_1225
-553614.2777322233,6541202.747019976,-103.31622720000047,0.6791979949874687,2026-02-17 12:25:00+00:00,surfline_trevone_20260217_1225
-553614.2777322233,6541202.747019976,-103.31622720000047,0.681704260651629,2026-02-17 12:25:00+00:00,surfline_trevone_20260217_1225
-553614.2777322233,6541202.747019976,-103.31622720000047,0.6842105263157894,2026-02-17 12:25:00+00:00,surfline_trevone_20260217_1225
-553614.2777322233,6541202.747019976,-103.31622720000047,0.6867167919799498,2026-02-17 12:25:00+00:00,surfline_trevone_20260217_1225
-553614.2777322233,6541202.747019976,-103.31622720000047,0.6892230576441103,2026-02-17 12:25:00+00:00,surfline_trevone_20260217_1225
-553614.2777322233,6541202.747019976,-103.31622720000047,0.6917293233082706,2026-02-17 12:25:00+00:00,surfline_trevone_20260217_1225
-553614.2777322233,6541202.747019976,-103.31622720000047,0.694235588972431,2026-02-17 12:25:00+00:00,surfline_trevone_20260217_1225
-553614.2777322233,6541202.747019976,-103.31622720000047,0.6967418546365914,2026-02-17 12:25:00+00:00,surfline_trevone_20260217_1225
-553614.2777322233,6541202.747019976,-103.31622720000047,0.6992481203007519,2026-02-17 12:25:00+00:00,surfline_trevone_20260217_1225
-553614.2777322233,6541202.747019976,-103.31622720000047,0.7017543859649122,2026-02-17 12:25:00+00:00,surfline_trevone_20260217_1225
-553614.2777322233,6541202.747019976,-103.31622720000047,0.7042606516290726,2026-02-17 12:25:00+00:00,surfline_trevone_20260217_1225
-553614.2777322233,6541202.747019976,-103.31622720000047,0.706766917293233,2026-02-17 12:25:00+00:00,surfline_trevone_20260217_1225
-553614.2777322233,6541202.747019976,-103.31622720000047,0.7092731829573935,2026-02-17 12:25:00+00:00,surfline_trevone_20260217_1225
-553614.2777322233,6541202.747019976,-103.31622720000047,0.7117794486215538,2026-02-17 12:25:00+00:00,surfline_trevone_20260217_1225
-553614.2777322233,6541202.747019976,-103.31622720000047,0.7142857142857142,2026-02-17 12:25:00+00:00,surfline_trevone_20260217_1225
-553614.2777322233,6541202.747019976,-103.31622720000047,0.7167919799498746,2026-02-17 12:25:00+00:00,surfline_trevone_20260217_1225
-553614.2777322233,6541202.747019976,-103.31622720000047,0.7192982456140351,2026-02-17 12:25:00+00:00,surfline_trevone_20260217_1225
-553614.2777322233,6541202.747019976,-103.31622720000047,0.7218045112781954,2026-02-17 12:25:00+00:00,surfline_trevone_20260217_1225
-553614.2777322233,6541202.747019976,-103.31622720000047,0.7243107769423558,2026-02-17 12:25:00+00:00,surfline_trevone_20260217_1225
-553614.2777322233,6541202.747019976,-103.31622720000047,0.7268170426065163,2026-02-17 12:25:00+00:00,surfline_trevone_20260217_1225
-553614.2777322233,6541202.747019976,-103.31622720000047,0.7293233082706767,2026-02-17 12:25:00+00:00,surfline_trevone_20260217_1225
-553614.2777322233,6541202.747019976,-103.31622720000047,0.731829573934837,2026-02-17 12:25:00+00:00,surfline_trevone_20260217_1225
-553614.2777322233,6541202.747019976,-103.31622720000047,0.7343358395989974,2026-02-17 12:25:00+00:00,surfline_trevone_20260217_1225
-553614.2777322233,6541202.747019976,-103.31622720000047,0.7368421052631579,2026-02-17 12:25:00+00:00,surfline_trevone_20260217_1225
-553614.2777322233,6541202.747019976,-103.31622720000047,0.7393483709273183,2026-02-17 12:25:00+00:00,surfline_trevone_20260217_1225
-553614.2777322233,6541202.747019976,-103.31622720000047,0.7418546365914787,2026-02-17 12:25:00+00:00,surfline_trevone_20260217_1225
-553614.2777322233,6541202.747019976,-103.31622720000047,0.744360902255639,2026-02-17 12:25:00+00:00,surfline_trevone_20260217_1225
-553614.2777322233,6541202.747019976,-103.31622720000047,0.7468671679197995,2026-02-17 12:25:00+00:00,surfline_trevone_20260217_1225
-553614.2777322233,6541202.747019976,-103.31622720000047,0.7493734335839599,2026-02-17 12:25:00+00:00,surfline_trevone_20260217_1225
-553614.2777322233,6541202.747019976,-103.31622720000047,0.7518796992481203,2026-02-17 12:25:00+00:00,surfline_trevone_20260217_1225
-553614.2777322233,6541202.747019976,-103.31622720000047,0.7543859649122806,2026-02-17 12:25:00+00:00,surfline_trevone_20260217_1225
-553614.2777322233,6541202.747019976,-103.31622720000047,0.7568922305764411,2026-02-17 12:25:00+00:00,surfline_trevone_20260217_1225
-553614.2777322233,6541202.747019976,-103.31622720000047,0.7593984962406015,2026-02-17 12:25:00+00:00,surfline_trevone_20260217_1225
-553614.2777322233,6541202.747019976,-103.31622720000047,0.7619047619047619,2026-02-17 12:25:00+00:00,surfline_trevone_20260217_1225
-553614.2777322233,6541202.747019976,-103.31622720000047,0.7644110275689222,2026-02-17 12:25:00+00:00,surfline_trevone_20260217_1225
-553614.2777322233,6541202.747019976,-103.31622720000047,0.7669172932330827,2026-02-17 12:25:00+00:00,surfline_trevone_20260217_1225
-553614.2777322233,6541202.747019976,-103.31622720000047,0.7694235588972431,2026-02-17 12:25:00+00:00,surfline_trevone_20260217_1225
-553614.2777322233,6541202.747019976,-103.31622720000047,0.7719298245614035,2026-02-17 12:25:00+00:00,surfline_trevone_20260217_1225
-553614.2777322233,6541202.747019976,-103.31622720000047,0.7744360902255638,2026-02-17 12:25:00+00:00,surfline_trevone_20260217_1225
-553614.2777322233,6541202.747019976,-103.31622720000047,0.7769423558897243,2026-02-17 12:25:00+00:00,surfline_trevone_20260217_1225
-553614.2777322233,6541202.747019976,-103.31622720000047,0.7794486215538847,2026-02-17 12:25:00+00:00,surfline_trevone_20260217_1225
-553614.2777322233,6541202.747019976,-103.31622720000047,0.7819548872180451,2026-02-17 12:25:00+00:00,surfline_trevone_20260217_1225
-553614.2777322233,6541202.747019976,-103.31622720000047,0.7844611528822054,2026-02-17 12:25:00+00:00,surfline_trevone_20260217_1225
-553614.2777322233,6541202.747019976,-103.31622720000047,0.7869674185463659,2026-02-17 12:25:00+00:00,surfline_trevone_20260217_1225
-553614.2777322233,6541202.747019976,-103.31622720000047,0.7894736842105263,2026-02-17 12:25:00+00:00,surfline_trevone_20260217_1225
-553614.2777322233,6541202.747019976,-103.31622720000047,0.7919799498746867,2026-02-17 12:25:00+00:00,surfline_trevone_20260217_1225
-553614.2777322233,6541202.747019976,-103.31622720000047,0.794486215538847,2026-02-17 12:25:00+00:00,surfline_trevone_20260217_1225
-553614.2777322233,6541202.747019976,-103.31622720000047,0.7969924812030075,2026-02-17 12:25:00+00:00,surfline_trevone_20260217_1225
-553614.2777322233,6541202.747019976,-103.31622720000047,0.7994987468671679,2026-02-17 12:25:00+00:00,surfline_trevone_20260217_1225
-553614.2777322233,6541202.747019976,-103.31622720000047,0.8020050125313283,2026-02-17 12:25:00+00:00,surfline_trevone_20260217_1225
-553614.2777322233,6541202.747019976,-103.31622720000047,0.8045112781954886,2026-02-17 12:25:00+00:00,surfline_trevone_20260217_1225
-553614.2777322233,6541202.747019976,-103.31622720000047,0.8070175438596491,2026-02-17 12:25:00+00:00,surfline_trevone_20260217_1225
-553614.2777322233,6541202.747019976,-103.31622720000047,0.8095238095238095,2026-02-17 12:25:00+00:00,surfline_trevone_20260217_1225
-553614.2777322233,6541202.747019976,-103.31622720000047,0.8120300751879699,2026-02-17 12:25:00+00:00,surfline_trevone_20260217_1225
-553614.2777322233,6541202.747019976,-103.31622720000047,0.8145363408521302,2026-02-17 12:25:00+00:00,surfline_trevone_20260217_1225
-553614.2777322233,6541202.747019976,-103.31622720000047,0.8170426065162907,2026-02-17 12:25:00+00:00,surfline_trevone_20260217_1225
-553614.2777322233,6541202.747019976,-103.31622720000047,0.8195488721804511,2026-02-17 12:25:00+00:00,surfline_trevone_20260217_1225
-553614.2777322233,6541202.747019976,-103.31622720000047,0.8220551378446115,2026-02-17 12:25:00+00:00,surfline_trevone_20260217_1225
-553614.2777322233,6541202.747019976,-103.31622720000047,0.8245614035087718,2026-02-17 12:25:00+00:00,surfline_trevone_20260217_1225
-553614.2777322233,6541202.747019976,-103.31622720000047,0.8270676691729323,2026-02-17 12:25:00+00:00,surfline_trevone_20260217_1225
-553614.2777322233,6541202.747019976,-103.31622720000047,0.8295739348370927,2026-02-17 12:25:00+00:00,surfline_trevone_20260217_1225
-553614.2777322233,6541202.747019976,-103.31622720000047,0.8320802005012531,2026-02-17 12:25:00+00:00,surfline_trevone_20260217_1225
-553614.2777322233,6541202.747019976,-103.31622720000047,0.8345864661654134,2026-02-17 12:25:00+00:00,surfline_trevone_20260217_1225
-553614.2777322233,6541202.747019976,-103.31622720000047,0.8370927318295739,2026-02-17 12:25:00+00:00,surfline_trevone_20260217_1225
-553614.2777322233,6541202.747019976,-103.31622720000047,0.8395989974937343,2026-02-17 12:25:00+00:00,surfline_trevone_20260217_1225
-553614.2777322233,6541202.747019976,-103.31622720000047,0.8421052631578947,2026-02-17 12:25:00+00:00,surfline_trevone_20260217_1225
-553614.2777322233,6541202.747019976,-103.31622720000047,0.844611528822055,2026-02-17 12:25:00+00:00,surfline_trevone_20260217_1225
-553614.2777322233,6541202.747019976,-103.31622720000047,0.8471177944862155,2026-02-17 12:25:00+00:00,surfline_trevone_20260217_1225
-553614.2777322233,6541202.747019976,-103.31622720000047,0.849624060150376,2026-02-17 12:25:00+00:00,surfline_trevone_20260217_1225
-553614.2777322233,6541202.747019976,-103.31622720000047,0.8521303258145363,2026-02-17 12:25:00+00:00,surfline_trevone_20260217_1225
-553614.2777322233,6541202.747019976,-103.31622720000047,0.8546365914786966,2026-02-17 12:25:00+00:00,surfline_trevone_20260217_1225
-553614.2777322233,6541202.747019976,-103.31622720000047,0.8571428571428571,2026-02-17 12:25:00+00:00,surfline_trevone_20260217_1225
-553614.2777322233,6541202.747019976,-103.31622720000047,0.8596491228070176,2026-02-17 12:25:00+00:00,surfline_trevone_20260217_1225
-553614.2777322233,6541202.747019976,-103.31622720000047,0.8621553884711779,2026-02-17 12:25:00+00:00,surfline_trevone_20260217_1225
-553614.2777322233,6541202.747019976,-103.31622720000047,0.8646616541353382,2026-02-17 12:25:00+00:00,surfline_trevone_20260217_1225
-553614.2777322233,6541202.747019976,-103.31622720000047,0.8671679197994987,2026-02-17 12:25:00+00:00,surfline_trevone_20260217_1225
-553614.2777322233,6541202.747019976,-103.31622720000047,0.8696741854636592,2026-02-17 12:25:00+00:00,surfline_trevone_20260217_1225
-553614.2777322233,6541202.747019976,-103.31622720000047,0.8721804511278195,2026-02-17 12:25:00+00:00,surfline_trevone_20260217_1225
-553614.2777322233,6541202.747019976,-103.31622720000047,0.8746867167919798,2026-02-17 12:25:00+00:00,surfline_trevone_20260217_1225
-553614.2777322233,6541202.747019976,-103.31622720000047,0.8771929824561403,2026-02-17 12:25:00+00:00,surfline_trevone_20260217_1225
-553614.2777322233,6541202.747019976,-103.31622720000047,0.8796992481203008,2026-02-17 12:25:00+00:00,surfline_trevone_20260217_1225
-553614.2777322233,6541202.747019976,-103.31622720000047,0.8822055137844611,2026-02-17 12:25:00+00:00,surfline_trevone_20260217_1225
-553614.2777322233,6541202.747019976,-103.31622720000047,0.8847117794486214,2026-02-17 12:25:00+00:00,surfline_trevone_20260217_1225
-553614.2777322233,6541202.747019976,-103.31622720000047,0.8872180451127819,2026-02-17 12:25:00+00:00,surfline_trevone_20260217_1225
-553614.2777322233,6541202.747019976,-103.31622720000047,0.8897243107769424,2026-02-17 12:25:00+00:00,surfline_trevone_20260217_1225
-553614.2777322233,6541202.747019976,-103.31622720000047,0.8922305764411027,2026-02-17 12:25:00+00:00,surfline_trevone_20260217_1225
-553614.2777322233,6541202.747019976,-103.31622720000047,0.894736842105263,2026-02-17 12:25:00+00:00,surfline_trevone_20260217_1225
-553614.2777322233,6541202.747019976,-103.31622720000047,0.8972431077694235,2026-02-17 12:25:00+00:00,surfline_trevone_20260217_1225
-553614.2777322233,6541202.747019976,-103.31622720000047,0.899749373433584,2026-02-17 12:25:00+00:00,surfline_trevone_20260217_1225
-553614.2777322233,6541202.747019976,-103.31622720000047,0.9022556390977443,2026-02-17 12:25:00+00:00,surfline_trevone_20260217_1225
-553614.2777322233,6541202.747019976,-103.31622720000047,0.9047619047619047,2026-02-17 12:25:00+00:00,surfline_trevone_20260217_1225
-553614.2777322233,6541202.747019976,-103.31622720000047,0.9072681704260651,2026-02-17 12:25:00+00:00,surfline_trevone_20260217_1225
-553614.2777322233,6541202.747019976,-103.31622720000047,0.9097744360902256,2026-02-17 12:25:00+00:00,surfline_trevone_20260217_1225
-553614.2777322233,6541202.747019976,-103.31622720000047,0.9122807017543859,2026-02-17 12:25:00+00:00,surfline_trevone_20260217_1225
-553614.2777322233,6541202.747019976,-103.31622720000047,0.9147869674185463,2026-02-17 12:25:00+00:00,surfline_trevone_20260217_1225
-553614.2777322233,6541202.747019976,-103.31622720000047,0.9172932330827067,2026-02-17 12:25:00+00:00,surfline_trevone_20260217_1225
-553614.2777322233,6541202.747019976,-103.31622720000047,0.9197994987468672,2026-02-17 12:25:00+00:00,surfline_trevone_20260217_1225
-553614.2777322233,6541202.747019976,-103.31622720000047,0.9223057644110275,2026-02-17 12:25:00+00:00,surfline_trevone_20260217_1225
-553614.2777322233,6541202.747019976,-103.31622720000047,0.9248120300751879,2026-02-17 12:25:00+00:00,surfline_trevone_20260217_1225
-553614.2777322233,6541202.747019976,-103.31622720000047,0.9273182957393483,2026-02-17 12:25:00+00:00,surfline_trevone_20260217_1225
-553614.2777322233,6541202.747019976,-103.31622720000047,0.9298245614035088,2026-02-17 12:25:00+00:00,surfline_trevone_20260217_1225
-553614.2777322233,6541202.747019976,-103.31622720000047,0.9323308270676691,2026-02-17 12:25:00+00:00,surfline_trevone_20260217_1225
-553614.2777322233,6541202.747019976,-103.31622720000047,0.9348370927318295,2026-02-17 12:25:00+00:00,surfline_trevone_20260217_1225
-553614.2777322233,6541202.747019976,-103.31622720000047,0.9373433583959899,2026-02-17 12:25:00+00:00,surfline_trevone_20260217_1225
-553614.2777322233,6541202.747019976,-103.31622720000047,0.9398496240601504,2026-02-17 12:25:00+00:00,surfline_trevone_20260217_1225
-553614.2777322233,6541202.747019976,-103.31622720000047,0.9423558897243107,2026-02-17 12:25:00+00:00,surfline_trevone_20260217_1225
-553614.2777322233,6541202.747019976,-103.31622720000047,0.9448621553884711,2026-02-17 12:25:00+00:00,surfline_trevone_20260217_1225
-553614.2777322233,6541202.747019976,-103.31622720000047,0.9473684210526315,2026-02-17 12:25:00+00:00,surfline_trevone_20260217_1225
-553614.2777322233,6541202.747019976,-103.31622720000047,0.949874686716792,2026-02-17 12:25:00+00:00,surfline_trevone_20260217_1225
-553614.2777322233,6541202.747019976,-103.31622720000047,0.9523809523809523,2026-02-17 12:25:00+00:00,surfline_trevone_20260217_1225
-553614.2777322233,6541202.747019976,-103.31622720000047,0.9548872180451127,2026-02-17 12:25:00+00:00,surfline_trevone_20260217_1225
-553614.2777322233,6541202.747019976,-103.31622720000047,0.9573934837092731,2026-02-17 12:25:00+00:00,surfline_trevone_20260217_1225
-553614.2777322233,6541202.747019976,-103.31622720000047,0.9598997493734336,2026-02-17 12:25:00+00:00,surfline_trevone_20260217_1225
-553614.2777322233,6541202.747019976,-103.31622720000047,0.9624060150375939,2026-02-17 12:25:00+00:00,surfline_trevone_20260217_1225
-553614.2777322233,6541202.747019976,-103.31622720000047,0.9649122807017543,2026-02-17 12:25:00+00:00,surfline_trevone_20260217_1225
-553614.2777322233,6541202.747019976,-103.31622720000047,0.9674185463659147,2026-02-17 12:25:00+00:00,surfline_trevone_20260217_1225
-553614.2777322233,6541202.747019976,-103.31622720000047,0.9699248120300752,2026-02-17 12:25:00+00:00,surfline_trevone_20260217_1225
-553614.2777322233,6541202.747019976,-103.31622720000047,0.9724310776942355,2026-02-17 12:25:00+00:00,surfline_trevone_20260217_1225
-553614.2777322233,6541202.747019976,-103.31622720000047,0.9749373433583959,2026-02-17 12:25:00+00:00,surfline_trevone_20260217_1225
-553614.2777322233,6541202.747019976,-103.31622720000047,0.9774436090225563,2026-02-17 12:25:00+00:00,surfline_trevone_20260217_1225
-553614.2777322233,6541202.747019976,-103.31622720000047,0.9799498746867168,2026-02-17 12:25:00+00:00,surfline_trevone_20260217_1225
-553614.2777322233,6541202.747019976,-103.31622720000047,0.9824561403508771,2026-02-17 12:25:00+00:00,surfline_trevone_20260217_1225
-553614.2777322233,6541202.747019976,-103.31622720000047,0.9849624060150375,2026-02-17 12:25:00+00:00,surfline_trevone_20260217_1225
-553614.2777322233,6541202.747019976,-103.31622720000047,0.9874686716791979,2026-02-17 12:25:00+00:00,surfline_trevone_20260217_1225
-553614.2777322233,6541202.747019976,-103.31622720000047,0.9899749373433584,2026-02-17 12:25:00+00:00,surfline_trevone_20260217_1225
-553614.2777322233,6541202.747019976,-103.31622720000047,0.9924812030075187,2026-02-17 12:25:00+00:00,surfline_trevone_20260217_1225
-553614.2777322233,6541202.747019976,-103.31622720000047,0.9949874686716791,2026-02-17 12:25:00+00:00,surfline_trevone_20260217_1225
-553614.2777322233,6541202.747019976,-103.31622720000047,0.9974937343358395,2026-02-17 12:25:00+00:00,surfline_trevone_20260217_1225
-553614.2777322233,6541202.747019976,-103.31622720000047,1.0,2026-02-17 12:25:00+00:00,surfline_trevone_20260217_1225
-553622.9005093037,6541285.337591732,-103.78805760000049,0.0,2026-02-17 14:34:00+00:00,surfline_trevone_20260217_1434
-553623.1022835834,6541285.003989441,-103.78805760000049,0.002506265664160401,2026-02-17 14:34:00+00:00,surfline_trevone_20260217_1434
-553623.3434431702,6541284.681886429,-103.78805760000049,0.005012531328320802,2026-02-17 14:34:00+00:00,surfline_trevone_20260217_1434
-553623.6261696225,6541284.371919587,-103.78805760000049,0.007518796992481203,2026-02-17 14:34:00+00:00,surfline_trevone_20260217_1434
-553623.8919611735,6541284.05700839,-103.78805760000049,0.010025062656641603,2026-02-17 14:34:00+00:00,surfline_trevone_20260217_1434
-553624.1449565465,6541283.738361224,-103.78805760000049,0.012531328320802004,2026-02-17 14:34:00+00:00,surfline_trevone_20260217_1434
-553624.3917470811,6541283.417902283,-103.78805760000049,0.015037593984962405,2026-02-17 14:34:00+00:00,surfline_trevone_20260217_1434
-553624.5877542853,6541283.082615953,-103.78805760000049,0.017543859649122806,2026-02-17 14:34:00+00:00,surfline_trevone_20260217_1434
-553624.7837614843,6541282.747329763,-103.78805760000049,0.020050125313283207,2026-02-17 14:34:00+00:00,surfline_trevone_20260217_1434
-553625.1764408906,6541282.469466256,-103.78805760000049,0.022556390977443608,2026-02-17 14:34:00+00:00,surfline_trevone_20260217_1434
-553625.3790733069,6541282.136114434,-103.78805760000049,0.02506265664160401,2026-02-17 14:34:00+00:00,surfline_trevone_20260217_1434
-553625.6820019046,6541281.83204603,-103.78805760000049,0.02756892230576441,2026-02-17 14:34:00+00:00,surfline_trevone_20260217_1434
-553625.8220939072,6541281.480434234,-103.78805760000049,0.03007518796992481,2026-02-17 14:34:00+00:00,surfline_trevone_20260217_1434
-553625.9497133777,6541281.125180963,-103.78805760000049,0.03258145363408521,2026-02-17 14:34:00+00:00,surfline_trevone_20260217_1434
-553626.044186616,6541280.76024982,-103.78805760000049,0.03508771929824561,2026-02-17 14:34:00+00:00,surfline_trevone_20260217_1434
-553626.1386598959,6541280.395318548,-103.78805760000049,0.03759398496240601,2026-02-17 14:34:00+00:00,surfline_trevone_20260217_1434
-553626.2363046503,6541280.031313395,-103.78805760000049,0.040100250626566414,2026-02-17 14:34:00+00:00,surfline_trevone_20260217_1434
-553626.3535026198,6541279.67301735,-103.78805760000049,0.042606516290726815,2026-02-17 14:34:00+00:00,surfline_trevone_20260217_1434
-553626.477349643,6541279.316662494,-103.78805760000049,0.045112781954887216,2026-02-17 14:34:00+00:00,surfline_trevone_20260217_1434
-553626.6027521417,6541278.960761651,-103.78805760000049,0.047619047619047616,2026-02-17 14:34:00+00:00,surfline_trevone_20260217_1434
-553626.681050706,6541278.591107976,-103.78805760000049,0.05012531328320802,2026-02-17 14:34:00+00:00,surfline_trevone_20260217_1434
-553626.7566359565,6541278.220662232,-103.78805760000049,0.05263157894736842,2026-02-17 14:34:00+00:00,surfline_trevone_20260217_1434
-553626.9271048027,6541277.877919586,-103.78805760000049,0.05513784461152882,2026-02-17 14:34:00+00:00,surfline_trevone_20260217_1434
-553627.1173179133,6541277.540941551,-103.78805760000049,0.05764411027568922,2026-02-17 14:34:00+00:00,surfline_trevone_20260217_1434
-553627.2858500892,6541277.197633596,-103.78805760000049,0.06015037593984962,2026-02-17 14:34:00+00:00,surfline_trevone_20260217_1434
-553627.4167129596,6541276.843327162,-103.78805760000049,0.06265664160401002,2026-02-17 14:34:00+00:00,surfline_trevone_20260217_1434
-553627.5902480041,6541276.501479618,-103.78805760000049,0.06516290726817042,2026-02-17 14:34:00+00:00,surfline_trevone_20260217_1434
-553627.6488766785,6541276.126082969,-103.78805760000049,0.06766917293233082,2026-02-17 14:34:00+00:00,surfline_trevone_20260217_1434
-553627.7754709964,6541275.770530324,-103.78805760000049,0.07017543859649122,2026-02-17 14:34:00+00:00,surfline_trevone_20260217_1434
-553627.9058774625,6541275.416090633,-103.78805760000049,0.07268170426065163,2026-02-17 14:34:00+00:00,surfline_trevone_20260217_1434
-553628.0472920557,6541275.064864854,-103.78805760000049,0.07518796992481203,2026-02-17 14:34:00+00:00,surfline_trevone_20260217_1434
-553628.2026901776,6541274.717721999,-103.78805760000049,0.07769423558897243,2026-02-17 14:34:00+00:00,surfline_trevone_20260217_1434
-553628.3580723503,6541274.370574626,-103.78805760000049,0.08020050125313283,2026-02-17 14:34:00+00:00,surfline_trevone_20260217_1434
-553628.4981528836,6541274.018959481,-103.78805760000049,0.08270676691729323,2026-02-17 14:34:00+00:00,surfline_trevone_20260217_1434
-553628.6194225408,6541273.66185197,-103.78805760000049,0.08521303258145363,2026-02-17 14:34:00+00:00,surfline_trevone_20260217_1434
-553628.694773892,6541273.291337794,-103.78805760000049,0.08771929824561403,2026-02-17 14:34:00+00:00,surfline_trevone_20260217_1434
-553628.7469500784,6541272.914057286,-103.78805760000049,0.09022556390977443,2026-02-17 14:34:00+00:00,surfline_trevone_20260217_1434
-553628.8163843717,6541272.541815502,-103.78805760000049,0.09273182957393483,2026-02-17 14:34:00+00:00,surfline_trevone_20260217_1434
-553628.890214183,6541272.17085694,-103.78805760000049,0.09523809523809523,2026-02-17 14:34:00+00:00,surfline_trevone_20260217_1434
-553628.9673819996,6541271.800873118,-103.78805760000049,0.09774436090225563,2026-02-17 14:34:00+00:00,surfline_trevone_20260217_1434
-553629.0543792554,6541271.433759348,-103.78805760000049,0.10025062656641603,2026-02-17 14:34:00+00:00,surfline_trevone_20260217_1434
-553629.1390860404,6541271.065976684,-103.78805760000049,0.10275689223057644,2026-02-17 14:34:00+00:00,surfline_trevone_20260217_1434
-553629.2250038288,6541270.698547458,-103.78805760000049,0.10526315789473684,2026-02-17 14:34:00+00:00,surfline_trevone_20260217_1434
-553629.3109215724,6541270.331118361,-103.78805760000049,0.10776942355889724,2026-02-17 14:34:00+00:00,surfline_trevone_20260217_1434
-553629.4420902687,6541269.976901361,-103.78805760000049,0.11027568922305764,2026-02-17 14:34:00+00:00,surfline_trevone_20260217_1434
-553629.5498013254,6541269.615835273,-103.78805760000049,0.11278195488721804,2026-02-17 14:34:00+00:00,surfline_trevone_20260217_1434
-553629.637377856,6541269.248890352,-103.78805760000049,0.11528822055137844,2026-02-17 14:34:00+00:00,surfline_trevone_20260217_1434
-553629.7631850481,6541268.893107949,-103.78805760000049,0.11779448621553884,2026-02-17 14:34:00+00:00,surfline_trevone_20260217_1434
-553629.9031910498,6541268.541471043,-103.78805760000049,0.12030075187969924,2026-02-17 14:34:00+00:00,surfline_trevone_20260217_1434
-553629.9597054721,6541268.165456893,-103.78805760000049,0.12280701754385964,2026-02-17 14:34:00+00:00,surfline_trevone_20260217_1434
-553629.9949847762,6541267.783242849,-103.78805760000049,0.12531328320802004,2026-02-17 14:34:00+00:00,surfline_trevone_20260217_1434
-553630.023389053,6541267.399021638,-103.78805760000049,0.12781954887218044,2026-02-17 14:34:00+00:00,surfline_trevone_20260217_1434
-553630.121118281,6541267.035041148,-103.78805760000049,0.13032581453634084,2026-02-17 14:34:00+00:00,surfline_trevone_20260217_1434
-553630.1720310422,6541266.657391476,-103.78805760000049,0.13283208020050125,2026-02-17 14:34:00+00:00,surfline_trevone_20260217_1434
-553630.1815498958,6541266.267656193,-103.78805760000049,0.13533834586466165,2026-02-17 14:34:00+00:00,surfline_trevone_20260217_1434
-553630.2453670355,6541265.893774444,-103.78805760000049,0.13784461152882205,2026-02-17 14:34:00+00:00,surfline_trevone_20260217_1434
-553630.2903554818,6541265.514395186,-103.78805760000049,0.14035087719298245,2026-02-17 14:34:00+00:00,surfline_trevone_20260217_1434
-553630.2491075937,6541265.109837296,-103.78805760000049,0.14285714285714285,2026-02-17 14:34:00+00:00,surfline_trevone_20260217_1434
-553630.1186087059,6541264.679220859,-103.78805760000049,0.14536340852130325,2026-02-17 14:34:00+00:00,surfline_trevone_20260217_1434
-553630.177233201,6541264.30382307,-103.78805760000049,0.14786967418546365,2026-02-17 14:34:00+00:00,surfline_trevone_20260217_1434
-553630.3647768794,6541263.966065777,-103.78805760000049,0.15037593984962405,2026-02-17 14:34:00+00:00,surfline_trevone_20260217_1434
-553630.4118769161,6541263.587302901,-103.78805760000049,0.15288220551378445,2026-02-17 14:34:00+00:00,surfline_trevone_20260217_1434
-553630.4436923303,6541263.204077503,-103.78805760000049,0.15538847117794485,2026-02-17 14:34:00+00:00,surfline_trevone_20260217_1434
-553630.4385546733,6541262.810063027,-103.78805760000049,0.15789473684210525,2026-02-17 14:34:00+00:00,surfline_trevone_20260217_1434
-553630.438653894,6541262.417577424,-103.78805760000049,0.16040100250626566,2026-02-17 14:34:00+00:00,surfline_trevone_20260217_1434
-553630.3914997474,6541262.011295078,-103.78805760000049,0.16290726817042606,2026-02-17 14:34:00+00:00,surfline_trevone_20260217_1434
-553630.3592839012,6541261.609374421,-103.78805760000049,0.16541353383458646,2026-02-17 14:34:00+00:00,surfline_trevone_20260217_1434
-553630.4331444527,6541261.238425116,-103.78805760000049,0.16791979949874686,2026-02-17 14:34:00+00:00,surfline_trevone_20260217_1434
-553630.4820995579,6541260.860204006,-103.78805760000049,0.17042606516290726,2026-02-17 14:34:00+00:00,surfline_trevone_20260217_1434
-553630.3287459884,6541260.422914528,-103.78805760000049,0.17293233082706766,2026-02-17 14:34:00+00:00,surfline_trevone_20260217_1434
-553630.3404069234,6541260.033804751,-103.78805760000049,0.17543859649122806,2026-02-17 14:34:00+00:00,surfline_trevone_20260217_1434
-553630.3520679298,6541259.644694853,-103.78805760000049,0.17794486215538846,2026-02-17 14:34:00+00:00,surfline_trevone_20260217_1434
-553630.3637290085,6541259.255584835,-103.78805760000049,0.18045112781954886,2026-02-17 14:34:00+00:00,surfline_trevone_20260217_1434
-553630.3705801995,6541258.865070612,-103.78805760000049,0.18295739348370926,2026-02-17 14:34:00+00:00,surfline_trevone_20260217_1434
-553630.3679813109,6541258.471797382,-103.78805760000049,0.18546365914786966,2026-02-17 14:34:00+00:00,surfline_trevone_20260217_1434
-553630.3653824985,6541258.078524034,-103.78805760000049,0.18796992481203006,2026-02-17 14:34:00+00:00,surfline_trevone_20260217_1434
-553630.3633387677,6541257.685412612,-103.78805760000049,0.19047619047619047,2026-02-17 14:34:00+00:00,surfline_trevone_20260217_1434
-553630.3618019992,6541257.29244935,-103.78805760000049,0.19298245614035087,2026-02-17 14:34:00+00:00,surfline_trevone_20260217_1434
-553630.3200400966,6541256.887741664,-103.78805760000049,0.19548872180451127,2026-02-17 14:34:00+00:00,surfline_trevone_20260217_1434
-553630.3030158656,6541256.490256574,-103.78805760000049,0.19799498746867167,2026-02-17 14:34:00+00:00,surfline_trevone_20260217_1434
-553630.2763338472,6541256.08995143,-103.78805760000049,0.20050125313283207,2026-02-17 14:34:00+00:00,surfline_trevone_20260217_1434
-553630.2716589316,6541255.696071921,-103.78805760000049,0.20300751879699247,2026-02-17 14:34:00+00:00,surfline_trevone_20260217_1434
-553630.2846603015,6541255.307353512,-103.78805760000049,0.20551378446115287,2026-02-17 14:34:00+00:00,surfline_trevone_20260217_1434
-553630.2697625663,6541254.910489237,-103.78805760000049,0.20802005012531327,2026-02-17 14:34:00+00:00,surfline_trevone_20260217_1434
-553630.2504889049,6541254.512347178,-103.78805760000049,0.21052631578947367,2026-02-17 14:34:00+00:00,surfline_trevone_20260217_1434
-553630.2498671598,6541254.119651075,-103.78805760000049,0.21303258145363407,2026-02-17 14:34:00+00:00,surfline_trevone_20260217_1434
-553630.2446587718,6541253.725615948,-103.78805760000049,0.21553884711779447,2026-02-17 14:34:00+00:00,surfline_trevone_20260217_1434
-553630.2394504615,6541253.331580702,-103.78805760000049,0.21804511278195488,2026-02-17 14:34:00+00:00,surfline_trevone_20260217_1434
-553630.2298685361,6541252.936268347,-103.78805760000049,0.22055137844611528,2026-02-17 14:34:00+00:00,surfline_trevone_20260217_1434
-553630.2248576141,6541252.542290733,-103.78805760000049,0.22305764411027568,2026-02-17 14:34:00+00:00,surfline_trevone_20260217_1434
-553630.2254778027,6541252.149957381,-103.78805760000049,0.22556390977443608,2026-02-17 14:34:00+00:00,surfline_trevone_20260217_1434
-553630.1925453026,6541251.7478274815,-103.78805760000049,0.22807017543859648,2026-02-17 14:34:00+00:00,surfline_trevone_20260217_1434
-553630.1417665067,6541251.340486842,-103.78805760000049,0.23057644110275688,2026-02-17 14:34:00+00:00,surfline_trevone_20260217_1434
-553630.0989075874,6541250.93545886,-103.78805760000049,0.23308270676691728,2026-02-17 14:34:00+00:00,surfline_trevone_20260217_1434
-553630.0990643017,6541250.542990045,-103.78805760000049,0.23558897243107768,2026-02-17 14:34:00+00:00,surfline_trevone_20260217_1434
-553630.0992210931,6541250.15052111,-103.78805760000049,0.23809523809523808,2026-02-17 14:34:00+00:00,surfline_trevone_20260217_1434
-553630.099377808,6541249.758052295,-103.78805760000049,0.24060150375939848,2026-02-17 14:34:00+00:00,surfline_trevone_20260217_1434
-553630.0936867978,6541249.363876258,-103.78805760000049,0.24310776942355888,2026-02-17 14:34:00+00:00,surfline_trevone_20260217_1434
-553630.0738004212,6541248.965555444,-103.78805760000049,0.24561403508771928,2026-02-17 14:34:00+00:00,surfline_trevone_20260217_1434
-553630.049636426,6541248.56598555,-103.78805760000049,0.24812030075187969,2026-02-17 14:34:00+00:00,surfline_trevone_20260217_1434
-553630.0275203626,6541248.167013735,-103.78805760000049,0.2506265664160401,2026-02-17 14:34:00+00:00,surfline_trevone_20260217_1434
-553630.0029470827,6541247.7673246255,-103.78805760000049,0.2531328320802005,2026-02-17 14:34:00+00:00,surfline_trevone_20260217_1434
-553629.9753209368,6541247.366744026,-103.78805760000049,0.2556390977443609,2026-02-17 14:34:00+00:00,surfline_trevone_20260217_1434
-553629.9476948782,6541246.96616331,-103.78805760000049,0.2581453634085213,2026-02-17 14:34:00+00:00,surfline_trevone_20260217_1434
-553629.920068733,6541246.565582711,-103.78805760000049,0.2606516290726817,2026-02-17 14:34:00+00:00,surfline_trevone_20260217_1434
-553629.8924425014,6541246.16500223,-103.78805760000049,0.2631578947368421,2026-02-17 14:34:00+00:00,surfline_trevone_20260217_1434
-553629.8648163183,6541245.76442168,-103.78805760000049,0.2656641604010025,2026-02-17 14:34:00+00:00,surfline_trevone_20260217_1434
-553629.8371902969,6541245.363840913,-103.78805760000049,0.2681704260651629,2026-02-17 14:34:00+00:00,surfline_trevone_20260217_1434
-553629.8000901815,6541244.960494192,-103.78805760000049,0.2706766917293233,2026-02-17 14:34:00+00:00,surfline_trevone_20260217_1434
-553629.7592166376,6541244.556045882,-103.78805760000049,0.2731829573934837,2026-02-17 14:34:00+00:00,surfline_trevone_20260217_1434
-553629.7183814362,6541244.151608624,-103.78805760000049,0.2756892230576441,2026-02-17 14:34:00+00:00,surfline_trevone_20260217_1434
-553629.7055670777,6541243.755352492,-103.78805760000049,0.2781954887218045,2026-02-17 14:34:00+00:00,surfline_trevone_20260217_1434
-553629.7161617245,6541243.365931248,-103.78805760000049,0.2807017543859649,2026-02-17 14:34:00+00:00,surfline_trevone_20260217_1434
-553629.693144555,6541242.966696478,-103.78805760000049,0.2832080200501253,2026-02-17 14:34:00+00:00,surfline_trevone_20260217_1434
-553629.6826819316,6541242.571127126,-103.78805760000049,0.2857142857142857,2026-02-17 14:34:00+00:00,surfline_trevone_20260217_1434
-553629.6638526262,6541242.1731148055,-103.78805760000049,0.2882205513784461,2026-02-17 14:34:00+00:00,surfline_trevone_20260217_1434
-553629.6450232372,6541241.775102602,-103.78805760000049,0.2907268170426065,2026-02-17 14:34:00+00:00,surfline_trevone_20260217_1434
-553629.4639646178,6541241.329724344,-103.78805760000049,0.2932330827067669,2026-02-17 14:34:00+00:00,surfline_trevone_20260217_1434
-553629.4401925651,6541240.930269026,-103.78805760000049,0.2957393483709273,2026-02-17 14:34:00+00:00,surfline_trevone_20260217_1434
-553629.5460669665,6541240.568666547,-103.78805760000049,0.2982456140350877,2026-02-17 14:34:00+00:00,surfline_trevone_20260217_1434
-553629.5820756538,6541240.186665605,-103.78805760000049,0.3007518796992481,2026-02-17 14:34:00+00:00,surfline_trevone_20260217_1434
-553629.5716869291,6541239.791117828,-103.78805760000049,0.3032581453634085,2026-02-17 14:34:00+00:00,surfline_trevone_20260217_1434
-553629.5843611307,6541239.402303611,-103.78805760000049,0.3057644110275689,2026-02-17 14:34:00+00:00,surfline_trevone_20260217_1434
-553629.5627850211,6541239.003489446,-103.78805760000049,0.3082706766917293,2026-02-17 14:34:00+00:00,surfline_trevone_20260217_1434
-553629.5500998134,6541238.607271308,-103.78805760000049,0.3107769423558897,2026-02-17 14:34:00+00:00,surfline_trevone_20260217_1434
-553629.5424893004,6541238.212534688,-103.78805760000049,0.3132832080200501,2026-02-17 14:34:00+00:00,surfline_trevone_20260217_1434
-553629.5291773523,6541237.816133274,-103.78805760000049,0.3157894736842105,2026-02-17 14:34:00+00:00,surfline_trevone_20260217_1434
-553629.5158653219,6541237.419731979,-103.78805760000049,0.3182957393483709,2026-02-17 14:34:00+00:00,surfline_trevone_20260217_1434
-553629.5173555706,6541237.027652661,-103.78805760000049,0.3208020050125313,2026-02-17 14:34:00+00:00,surfline_trevone_20260217_1434
-553629.5215709019,6541236.636368843,-103.78805760000049,0.3233082706766917,2026-02-17 14:34:00+00:00,surfline_trevone_20260217_1434
-553629.524143804,6541236.244605341,-103.78805760000049,0.3258145363408521,2026-02-17 14:34:00+00:00,surfline_trevone_20260217_1434
-553629.5279409019,6541235.853199411,-103.78805760000049,0.3283208020050125,2026-02-17 14:34:00+00:00,surfline_trevone_20260217_1434
-553629.5358735087,6541235.463001074,-103.78805760000049,0.3308270676691729,2026-02-17 14:34:00+00:00,surfline_trevone_20260217_1434
-553629.5407434016,6541235.07190843,-103.78805760000049,0.3333333333333333,2026-02-17 14:34:00+00:00,surfline_trevone_20260217_1434
-553629.5136366251,6541234.671479267,-103.78805760000049,0.3358395989974937,2026-02-17 14:34:00+00:00,surfline_trevone_20260217_1434
-553629.4801811056,6541234.26919666,-103.78805760000049,0.3383458646616541,2026-02-17 14:34:00+00:00,surfline_trevone_20260217_1434
-553629.4827827411,6541233.877441836,-103.78805760000049,0.3408521303258145,2026-02-17 14:34:00+00:00,surfline_trevone_20260217_1434
-553629.4853844529,6541233.485686888,-103.78805760000049,0.3433583959899749,2026-02-17 14:34:00+00:00,surfline_trevone_20260217_1434
-553629.4879862414,6541233.093931819,-103.78805760000049,0.3458646616541353,2026-02-17 14:34:00+00:00,surfline_trevone_20260217_1434
-553629.4905879536,6541232.702176872,-103.78805760000049,0.3483709273182957,2026-02-17 14:34:00+00:00,surfline_trevone_20260217_1434
-553629.4934425879,6541232.310495915,-103.78805760000049,0.3508771929824561,2026-02-17 14:34:00+00:00,surfline_trevone_20260217_1434
-553629.6027096154,6541231.949884126,-103.78805760000049,0.3533834586466165,2026-02-17 14:34:00+00:00,surfline_trevone_20260217_1434
-553629.6656665677,6541231.575751003,-103.78805760000049,0.3558897243107769,2026-02-17 14:34:00+00:00,surfline_trevone_20260217_1434
-553629.6930630958,6541231.191235563,-103.78805760000049,0.3583959899749373,2026-02-17 14:34:00+00:00,surfline_trevone_20260217_1434
-553629.5649047793,6541230.761302504,-103.78805760000049,0.3609022556390977,2026-02-17 14:34:00+00:00,surfline_trevone_20260217_1434
-553629.5851007978,6541230.374684436,-103.78805760000049,0.3634085213032581,2026-02-17 14:34:00+00:00,surfline_trevone_20260217_1434
-553629.6052967459,6541229.988066493,-103.78805760000049,0.3659147869674185,2026-02-17 14:34:00+00:00,surfline_trevone_20260217_1434
-553629.625492624,6541229.601448673,-103.78805760000049,0.3684210526315789,2026-02-17 14:34:00+00:00,surfline_trevone_20260217_1434
-553629.6456885716,6541229.214830728,-103.78805760000049,0.37092731829573933,2026-02-17 14:34:00+00:00,surfline_trevone_20260217_1434
-553629.6658845902,6541228.828212661,-103.78805760000049,0.37343358395989973,2026-02-17 14:34:00+00:00,surfline_trevone_20260217_1434
-553629.6366035795,6541228.42714889,-103.78805760000049,0.37593984962406013,2026-02-17 14:34:00+00:00,surfline_trevone_20260217_1434
-553629.6793767343,6541228.047122976,-103.78805760000049,0.37844611528822053,2026-02-17 14:34:00+00:00,surfline_trevone_20260217_1434
-553629.7221499505,6541227.667096935,-103.78805760000049,0.38095238095238093,2026-02-17 14:34:00+00:00,surfline_trevone_20260217_1434
-553629.7697220084,6541227.288471872,-103.78805760000049,0.38345864661654133,2026-02-17 14:34:00+00:00,surfline_trevone_20260217_1434
-553629.8077242309,6541226.90705284,-103.78805760000049,0.38596491228070173,2026-02-17 14:34:00+00:00,surfline_trevone_20260217_1434
-553629.8457263899,6541226.525633935,-103.78805760000049,0.38847117794486213,2026-02-17 14:34:00+00:00,surfline_trevone_20260217_1434
-553629.8449009039,6541226.132878345,-103.78805760000049,0.39097744360902253,2026-02-17 14:34:00+00:00,surfline_trevone_20260217_1434
-553629.7782257539,6541225.720896432,-103.78805760000049,0.39348370927318294,2026-02-17 14:34:00+00:00,surfline_trevone_20260217_1434
-553629.8885234729,6541225.360585576,-103.78805760000049,0.39598997493734334,2026-02-17 14:34:00+00:00,surfline_trevone_20260217_1434
-553629.99773528,6541224.999957809,-103.78805760000049,0.39849624060150374,2026-02-17 14:34:00+00:00,surfline_trevone_20260217_1434
-553630.0357374748,6541224.61853883,-103.78805760000049,0.40100250626566414,2026-02-17 14:34:00+00:00,surfline_trevone_20260217_1434
-553630.0737397886,6541224.23711962,-103.78805760000049,0.40350877192982454,2026-02-17 14:34:00+00:00,surfline_trevone_20260217_1434
-553630.1117420113,6541223.855700588,-103.78805760000049,0.40601503759398494,2026-02-17 14:34:00+00:00,surfline_trevone_20260217_1434
-553630.1497441699,6541223.474281684,-103.78805760000049,0.40852130325814534,2026-02-17 14:34:00+00:00,surfline_trevone_20260217_1434
-553630.1946219597,6541223.094870116,-103.78805760000049,0.41102756892230574,2026-02-17 14:34:00+00:00,surfline_trevone_20260217_1434
-553630.3618738399,6541222.751188067,-103.78805760000049,0.41353383458646614,2026-02-17 14:34:00+00:00,surfline_trevone_20260217_1434
-553630.4001850088,6541222.369859383,-103.78805760000049,0.41604010025062654,2026-02-17 14:34:00+00:00,surfline_trevone_20260217_1434
-553630.4384962408,6541221.988530573,-103.78805760000049,0.41854636591478694,2026-02-17 14:34:00+00:00,surfline_trevone_20260217_1434
-553630.4967198598,6541221.613015454,-103.78805760000049,0.42105263157894735,2026-02-17 14:34:00+00:00,surfline_trevone_20260217_1434
-553630.5736734966,6541221.242969099,-103.78805760000049,0.42355889724310775,2026-02-17 14:34:00+00:00,surfline_trevone_20260217_1434
-553630.650627084,6541220.872922874,-103.78805760000049,0.42606516290726815,2026-02-17 14:34:00+00:00,surfline_trevone_20260217_1434
-553630.6756546394,6541220.487715618,-103.78805760000049,0.42857142857142855,2026-02-17 14:34:00+00:00,surfline_trevone_20260217_1434
-553630.6928502026,6541220.100221504,-103.78805760000049,0.43107769423558895,2026-02-17 14:34:00+00:00,surfline_trevone_20260217_1434
-553630.7784750626,6541219.732706893,-103.78805760000049,0.43358395989974935,2026-02-17 14:34:00+00:00,surfline_trevone_20260217_1434
-553630.8848033285,6541219.371237217,-103.78805760000049,0.43609022556390975,2026-02-17 14:34:00+00:00,surfline_trevone_20260217_1434
-553630.975908155,6541219.005322595,-103.78805760000049,0.43859649122807015,2026-02-17 14:34:00+00:00,surfline_trevone_20260217_1434
-553631.0258612963,6541218.627392738,-103.78805760000049,0.44110275689223055,2026-02-17 14:34:00+00:00,surfline_trevone_20260217_1434
-553631.1518570511,6541218.27166525,-103.78805760000049,0.44360902255639095,2026-02-17 14:34:00+00:00,surfline_trevone_20260217_1434
-553631.2018346267,6541217.8937428165,-103.78805760000049,0.44611528822055135,2026-02-17 14:34:00+00:00,surfline_trevone_20260217_1434
-553631.2518122613,6541217.515820256,-103.78805760000049,0.44862155388471175,2026-02-17 14:34:00+00:00,surfline_trevone_20260217_1434
-553631.3048241531,6541217.138783464,-103.78805760000049,0.45112781954887216,2026-02-17 14:34:00+00:00,surfline_trevone_20260217_1434
-553631.3585317713,6541216.76194995,-103.78805760000049,0.45363408521303256,2026-02-17 14:34:00+00:00,surfline_trevone_20260217_1434
-553631.5249638564,6541216.418028834,-103.78805760000049,0.45614035087719296,2026-02-17 14:34:00+00:00,surfline_trevone_20260217_1434
-553631.7714378298,6541216.097477468,-103.78805760000049,0.45864661654135336,2026-02-17 14:34:00+00:00,surfline_trevone_20260217_1434
-553632.030194388,6541215.780512113,-103.78805760000049,0.46115288220551376,2026-02-17 14:34:00+00:00,surfline_trevone_20260217_1434
-553632.030194388,6541215.780512113,-103.78805760000049,0.46365914786967416,2026-02-17 14:34:00+00:00,surfline_trevone_20260217_1434
-553632.030194388,6541215.780512113,-103.78805760000049,0.46616541353383456,2026-02-17 14:34:00+00:00,surfline_trevone_20260217_1434
-553632.030194388,6541215.780512113,-103.78805760000049,0.46867167919799496,2026-02-17 14:34:00+00:00,surfline_trevone_20260217_1434
-553632.030194388,6541215.780512113,-103.78805760000049,0.47117794486215536,2026-02-17 14:34:00+00:00,surfline_trevone_20260217_1434
-553632.030194388,6541215.780512113,-103.78805760000049,0.47368421052631576,2026-02-17 14:34:00+00:00,surfline_trevone_20260217_1434
-553632.030194388,6541215.780512113,-103.78805760000049,0.47619047619047616,2026-02-17 14:34:00+00:00,surfline_trevone_20260217_1434
-553632.030194388,6541215.780512113,-103.78805760000049,0.47869674185463656,2026-02-17 14:34:00+00:00,surfline_trevone_20260217_1434
-553632.030194388,6541215.780512113,-103.78805760000049,0.48120300751879697,2026-02-17 14:34:00+00:00,surfline_trevone_20260217_1434
-553632.030194388,6541215.780512113,-103.78805760000049,0.48370927318295737,2026-02-17 14:34:00+00:00,surfline_trevone_20260217_1434
-553632.030194388,6541215.780512113,-103.78805760000049,0.48621553884711777,2026-02-17 14:34:00+00:00,surfline_trevone_20260217_1434
-553632.030194388,6541215.780512113,-103.78805760000049,0.48872180451127817,2026-02-17 14:34:00+00:00,surfline_trevone_20260217_1434
-553632.030194388,6541215.780512113,-103.78805760000049,0.49122807017543857,2026-02-17 14:34:00+00:00,surfline_trevone_20260217_1434
-553632.030194388,6541215.780512113,-103.78805760000049,0.49373433583959897,2026-02-17 14:34:00+00:00,surfline_trevone_20260217_1434
-553632.030194388,6541215.780512113,-103.78805760000049,0.49624060150375937,2026-02-17 14:34:00+00:00,surfline_trevone_20260217_1434
-553632.030194388,6541215.780512113,-103.78805760000049,0.49874686716791977,2026-02-17 14:34:00+00:00,surfline_trevone_20260217_1434
-553632.030194388,6541215.780512113,-103.78805760000049,0.5012531328320802,2026-02-17 14:34:00+00:00,surfline_trevone_20260217_1434
-553632.030194388,6541215.780512113,-103.78805760000049,0.5037593984962405,2026-02-17 14:34:00+00:00,surfline_trevone_20260217_1434
-553632.030194388,6541215.780512113,-103.78805760000049,0.506265664160401,2026-02-17 14:34:00+00:00,surfline_trevone_20260217_1434
-553632.030194388,6541215.780512113,-103.78805760000049,0.5087719298245614,2026-02-17 14:34:00+00:00,surfline_trevone_20260217_1434
-553632.030194388,6541215.780512113,-103.78805760000049,0.5112781954887218,2026-02-17 14:34:00+00:00,surfline_trevone_20260217_1434
-553632.030194388,6541215.780512113,-103.78805760000049,0.5137844611528821,2026-02-17 14:34:00+00:00,surfline_trevone_20260217_1434
-553632.030194388,6541215.780512113,-103.78805760000049,0.5162907268170426,2026-02-17 14:34:00+00:00,surfline_trevone_20260217_1434
-553632.030194388,6541215.780512113,-103.78805760000049,0.518796992481203,2026-02-17 14:34:00+00:00,surfline_trevone_20260217_1434
-553632.030194388,6541215.780512113,-103.78805760000049,0.5213032581453634,2026-02-17 14:34:00+00:00,surfline_trevone_20260217_1434
-553632.030194388,6541215.780512113,-103.78805760000049,0.5238095238095237,2026-02-17 14:34:00+00:00,surfline_trevone_20260217_1434
-553632.030194388,6541215.780512113,-103.78805760000049,0.5263157894736842,2026-02-17 14:34:00+00:00,surfline_trevone_20260217_1434
-553632.030194388,6541215.780512113,-103.78805760000049,0.5288220551378446,2026-02-17 14:34:00+00:00,surfline_trevone_20260217_1434
-553632.030194388,6541215.780512113,-103.78805760000049,0.531328320802005,2026-02-17 14:34:00+00:00,surfline_trevone_20260217_1434
-553632.030194388,6541215.780512113,-103.78805760000049,0.5338345864661653,2026-02-17 14:34:00+00:00,surfline_trevone_20260217_1434
-553632.030194388,6541215.780512113,-103.78805760000049,0.5363408521303258,2026-02-17 14:34:00+00:00,surfline_trevone_20260217_1434
-553632.030194388,6541215.780512113,-103.78805760000049,0.5388471177944862,2026-02-17 14:34:00+00:00,surfline_trevone_20260217_1434
-553632.030194388,6541215.780512113,-103.78805760000049,0.5413533834586466,2026-02-17 14:34:00+00:00,surfline_trevone_20260217_1434
-553632.030194388,6541215.780512113,-103.78805760000049,0.5438596491228069,2026-02-17 14:34:00+00:00,surfline_trevone_20260217_1434
-553632.030194388,6541215.780512113,-103.78805760000049,0.5463659147869674,2026-02-17 14:34:00+00:00,surfline_trevone_20260217_1434
-553632.030194388,6541215.780512113,-103.78805760000049,0.5488721804511278,2026-02-17 14:34:00+00:00,surfline_trevone_20260217_1434
-553632.030194388,6541215.780512113,-103.78805760000049,0.5513784461152882,2026-02-17 14:34:00+00:00,surfline_trevone_20260217_1434
-553632.030194388,6541215.780512113,-103.78805760000049,0.5538847117794485,2026-02-17 14:34:00+00:00,surfline_trevone_20260217_1434
-553632.030194388,6541215.780512113,-103.78805760000049,0.556390977443609,2026-02-17 14:34:00+00:00,surfline_trevone_20260217_1434
-553632.030194388,6541215.780512113,-103.78805760000049,0.5588972431077694,2026-02-17 14:34:00+00:00,surfline_trevone_20260217_1434
-553632.030194388,6541215.780512113,-103.78805760000049,0.5614035087719298,2026-02-17 14:34:00+00:00,surfline_trevone_20260217_1434
-553632.030194388,6541215.780512113,-103.78805760000049,0.5639097744360901,2026-02-17 14:34:00+00:00,surfline_trevone_20260217_1434
-553632.030194388,6541215.780512113,-103.78805760000049,0.5664160401002506,2026-02-17 14:34:00+00:00,surfline_trevone_20260217_1434
-553632.030194388,6541215.780512113,-103.78805760000049,0.568922305764411,2026-02-17 14:34:00+00:00,surfline_trevone_20260217_1434
-553632.030194388,6541215.780512113,-103.78805760000049,0.5714285714285714,2026-02-17 14:34:00+00:00,surfline_trevone_20260217_1434
-553632.030194388,6541215.780512113,-103.78805760000049,0.5739348370927317,2026-02-17 14:34:00+00:00,surfline_trevone_20260217_1434
-553632.030194388,6541215.780512113,-103.78805760000049,0.5764411027568922,2026-02-17 14:34:00+00:00,surfline_trevone_20260217_1434
-553632.030194388,6541215.780512113,-103.78805760000049,0.5789473684210527,2026-02-17 14:34:00+00:00,surfline_trevone_20260217_1434
-553632.030194388,6541215.780512113,-103.78805760000049,0.581453634085213,2026-02-17 14:34:00+00:00,surfline_trevone_20260217_1434
-553632.030194388,6541215.780512113,-103.78805760000049,0.5839598997493733,2026-02-17 14:34:00+00:00,surfline_trevone_20260217_1434
-553632.030194388,6541215.780512113,-103.78805760000049,0.5864661654135338,2026-02-17 14:34:00+00:00,surfline_trevone_20260217_1434
-553632.030194388,6541215.780512113,-103.78805760000049,0.5889724310776943,2026-02-17 14:34:00+00:00,surfline_trevone_20260217_1434
-553632.030194388,6541215.780512113,-103.78805760000049,0.5914786967418546,2026-02-17 14:34:00+00:00,surfline_trevone_20260217_1434
-553632.030194388,6541215.780512113,-103.78805760000049,0.593984962406015,2026-02-17 14:34:00+00:00,surfline_trevone_20260217_1434
-553632.030194388,6541215.780512113,-103.78805760000049,0.5964912280701754,2026-02-17 14:34:00+00:00,surfline_trevone_20260217_1434
-553632.030194388,6541215.780512113,-103.78805760000049,0.5989974937343359,2026-02-17 14:34:00+00:00,surfline_trevone_20260217_1434
-553632.030194388,6541215.780512113,-103.78805760000049,0.6015037593984962,2026-02-17 14:34:00+00:00,surfline_trevone_20260217_1434
-553632.030194388,6541215.780512113,-103.78805760000049,0.6040100250626566,2026-02-17 14:34:00+00:00,surfline_trevone_20260217_1434
-553632.030194388,6541215.780512113,-103.78805760000049,0.606516290726817,2026-02-17 14:34:00+00:00,surfline_trevone_20260217_1434
-553632.030194388,6541215.780512113,-103.78805760000049,0.6090225563909775,2026-02-17 14:34:00+00:00,surfline_trevone_20260217_1434
-553632.030194388,6541215.780512113,-103.78805760000049,0.6115288220551378,2026-02-17 14:34:00+00:00,surfline_trevone_20260217_1434
-553632.030194388,6541215.780512113,-103.78805760000049,0.6140350877192982,2026-02-17 14:34:00+00:00,surfline_trevone_20260217_1434
-553632.030194388,6541215.780512113,-103.78805760000049,0.6165413533834586,2026-02-17 14:34:00+00:00,surfline_trevone_20260217_1434
-553632.030194388,6541215.780512113,-103.78805760000049,0.6190476190476191,2026-02-17 14:34:00+00:00,surfline_trevone_20260217_1434
-553632.030194388,6541215.780512113,-103.78805760000049,0.6215538847117794,2026-02-17 14:34:00+00:00,surfline_trevone_20260217_1434
-553632.030194388,6541215.780512113,-103.78805760000049,0.6240601503759398,2026-02-17 14:34:00+00:00,surfline_trevone_20260217_1434
-553632.030194388,6541215.780512113,-103.78805760000049,0.6265664160401002,2026-02-17 14:34:00+00:00,surfline_trevone_20260217_1434
-553632.030194388,6541215.780512113,-103.78805760000049,0.6290726817042607,2026-02-17 14:34:00+00:00,surfline_trevone_20260217_1434
-553632.030194388,6541215.780512113,-103.78805760000049,0.631578947368421,2026-02-17 14:34:00+00:00,surfline_trevone_20260217_1434
-553632.030194388,6541215.780512113,-103.78805760000049,0.6340852130325814,2026-02-17 14:34:00+00:00,surfline_trevone_20260217_1434
-553632.030194388,6541215.780512113,-103.78805760000049,0.6365914786967418,2026-02-17 14:34:00+00:00,surfline_trevone_20260217_1434
-553632.030194388,6541215.780512113,-103.78805760000049,0.6390977443609023,2026-02-17 14:34:00+00:00,surfline_trevone_20260217_1434
-553632.030194388,6541215.780512113,-103.78805760000049,0.6416040100250626,2026-02-17 14:34:00+00:00,surfline_trevone_20260217_1434
-553632.030194388,6541215.780512113,-103.78805760000049,0.644110275689223,2026-02-17 14:34:00+00:00,surfline_trevone_20260217_1434
-553632.030194388,6541215.780512113,-103.78805760000049,0.6466165413533834,2026-02-17 14:34:00+00:00,surfline_trevone_20260217_1434
-553632.030194388,6541215.780512113,-103.78805760000049,0.6491228070175439,2026-02-17 14:34:00+00:00,surfline_trevone_20260217_1434
-553632.030194388,6541215.780512113,-103.78805760000049,0.6516290726817042,2026-02-17 14:34:00+00:00,surfline_trevone_20260217_1434
-553632.030194388,6541215.780512113,-103.78805760000049,0.6541353383458646,2026-02-17 14:34:00+00:00,surfline_trevone_20260217_1434
-553632.030194388,6541215.780512113,-103.78805760000049,0.656641604010025,2026-02-17 14:34:00+00:00,surfline_trevone_20260217_1434
-553632.030194388,6541215.780512113,-103.78805760000049,0.6591478696741855,2026-02-17 14:34:00+00:00,surfline_trevone_20260217_1434
-553632.030194388,6541215.780512113,-103.78805760000049,0.6616541353383458,2026-02-17 14:34:00+00:00,surfline_trevone_20260217_1434
-553632.030194388,6541215.780512113,-103.78805760000049,0.6641604010025062,2026-02-17 14:34:00+00:00,surfline_trevone_20260217_1434
-553632.030194388,6541215.780512113,-103.78805760000049,0.6666666666666666,2026-02-17 14:34:00+00:00,surfline_trevone_20260217_1434
-553632.030194388,6541215.780512113,-103.78805760000049,0.6691729323308271,2026-02-17 14:34:00+00:00,surfline_trevone_20260217_1434
-553632.030194388,6541215.780512113,-103.78805760000049,0.6716791979949874,2026-02-17 14:34:00+00:00,surfline_trevone_20260217_1434
-553632.030194388,6541215.780512113,-103.78805760000049,0.6741854636591478,2026-02-17 14:34:00+00:00,surfline_trevone_20260217_1434
-553632.030194388,6541215.780512113,-103.78805760000049,0.6766917293233082,2026-02-17 14:34:00+00:00,surfline_trevone_20260217_1434
-553632.030194388,6541215.780512113,-103.78805760000049,0.6791979949874687,2026-02-17 14:34:00+00:00,surfline_trevone_20260217_1434
-553632.030194388,6541215.780512113,-103.78805760000049,0.681704260651629,2026-02-17 14:34:00+00:00,surfline_trevone_20260217_1434
-553632.030194388,6541215.780512113,-103.78805760000049,0.6842105263157894,2026-02-17 14:34:00+00:00,surfline_trevone_20260217_1434
-553632.030194388,6541215.780512113,-103.78805760000049,0.6867167919799498,2026-02-17 14:34:00+00:00,surfline_trevone_20260217_1434
-553632.030194388,6541215.780512113,-103.78805760000049,0.6892230576441103,2026-02-17 14:34:00+00:00,surfline_trevone_20260217_1434
-553632.030194388,6541215.780512113,-103.78805760000049,0.6917293233082706,2026-02-17 14:34:00+00:00,surfline_trevone_20260217_1434
-553632.030194388,6541215.780512113,-103.78805760000049,0.694235588972431,2026-02-17 14:34:00+00:00,surfline_trevone_20260217_1434
-553632.030194388,6541215.780512113,-103.78805760000049,0.6967418546365914,2026-02-17 14:34:00+00:00,surfline_trevone_20260217_1434
-553632.030194388,6541215.780512113,-103.78805760000049,0.6992481203007519,2026-02-17 14:34:00+00:00,surfline_trevone_20260217_1434
-553632.030194388,6541215.780512113,-103.78805760000049,0.7017543859649122,2026-02-17 14:34:00+00:00,surfline_trevone_20260217_1434
-553632.030194388,6541215.780512113,-103.78805760000049,0.7042606516290726,2026-02-17 14:34:00+00:00,surfline_trevone_20260217_1434
-553632.030194388,6541215.780512113,-103.78805760000049,0.706766917293233,2026-02-17 14:34:00+00:00,surfline_trevone_20260217_1434
-553632.030194388,6541215.780512113,-103.78805760000049,0.7092731829573935,2026-02-17 14:34:00+00:00,surfline_trevone_20260217_1434
-553632.030194388,6541215.780512113,-103.78805760000049,0.7117794486215538,2026-02-17 14:34:00+00:00,surfline_trevone_20260217_1434
-553632.030194388,6541215.780512113,-103.78805760000049,0.7142857142857142,2026-02-17 14:34:00+00:00,surfline_trevone_20260217_1434
-553632.030194388,6541215.780512113,-103.78805760000049,0.7167919799498746,2026-02-17 14:34:00+00:00,surfline_trevone_20260217_1434
-553632.030194388,6541215.780512113,-103.78805760000049,0.7192982456140351,2026-02-17 14:34:00+00:00,surfline_trevone_20260217_1434
-553632.030194388,6541215.780512113,-103.78805760000049,0.7218045112781954,2026-02-17 14:34:00+00:00,surfline_trevone_20260217_1434
-553632.030194388,6541215.780512113,-103.78805760000049,0.7243107769423558,2026-02-17 14:34:00+00:00,surfline_trevone_20260217_1434
-553632.030194388,6541215.780512113,-103.78805760000049,0.7268170426065163,2026-02-17 14:34:00+00:00,surfline_trevone_20260217_1434
-553632.030194388,6541215.780512113,-103.78805760000049,0.7293233082706767,2026-02-17 14:34:00+00:00,surfline_trevone_20260217_1434
-553632.030194388,6541215.780512113,-103.78805760000049,0.731829573934837,2026-02-17 14:34:00+00:00,surfline_trevone_20260217_1434
-553632.030194388,6541215.780512113,-103.78805760000049,0.7343358395989974,2026-02-17 14:34:00+00:00,surfline_trevone_20260217_1434
-553632.030194388,6541215.780512113,-103.78805760000049,0.7368421052631579,2026-02-17 14:34:00+00:00,surfline_trevone_20260217_1434
-553632.030194388,6541215.780512113,-103.78805760000049,0.7393483709273183,2026-02-17 14:34:00+00:00,surfline_trevone_20260217_1434
-553632.030194388,6541215.780512113,-103.78805760000049,0.7418546365914787,2026-02-17 14:34:00+00:00,surfline_trevone_20260217_1434
-553632.030194388,6541215.780512113,-103.78805760000049,0.744360902255639,2026-02-17 14:34:00+00:00,surfline_trevone_20260217_1434
-553632.030194388,6541215.780512113,-103.78805760000049,0.7468671679197995,2026-02-17 14:34:00+00:00,surfline_trevone_20260217_1434
-553632.030194388,6541215.780512113,-103.78805760000049,0.7493734335839599,2026-02-17 14:34:00+00:00,surfline_trevone_20260217_1434
-553632.030194388,6541215.780512113,-103.78805760000049,0.7518796992481203,2026-02-17 14:34:00+00:00,surfline_trevone_20260217_1434
-553632.030194388,6541215.780512113,-103.78805760000049,0.7543859649122806,2026-02-17 14:34:00+00:00,surfline_trevone_20260217_1434
-553632.030194388,6541215.780512113,-103.78805760000049,0.7568922305764411,2026-02-17 14:34:00+00:00,surfline_trevone_20260217_1434
-553632.030194388,6541215.780512113,-103.78805760000049,0.7593984962406015,2026-02-17 14:34:00+00:00,surfline_trevone_20260217_1434
-553632.030194388,6541215.780512113,-103.78805760000049,0.7619047619047619,2026-02-17 14:34:00+00:00,surfline_trevone_20260217_1434
-553632.030194388,6541215.780512113,-103.78805760000049,0.7644110275689222,2026-02-17 14:34:00+00:00,surfline_trevone_20260217_1434
-553632.030194388,6541215.780512113,-103.78805760000049,0.7669172932330827,2026-02-17 14:34:00+00:00,surfline_trevone_20260217_1434
-553632.030194388,6541215.780512113,-103.78805760000049,0.7694235588972431,2026-02-17 14:34:00+00:00,surfline_trevone_20260217_1434
-553632.030194388,6541215.780512113,-103.78805760000049,0.7719298245614035,2026-02-17 14:34:00+00:00,surfline_trevone_20260217_1434
-553632.030194388,6541215.780512113,-103.78805760000049,0.7744360902255638,2026-02-17 14:34:00+00:00,surfline_trevone_20260217_1434
-553632.030194388,6541215.780512113,-103.78805760000049,0.7769423558897243,2026-02-17 14:34:00+00:00,surfline_trevone_20260217_1434
-553632.030194388,6541215.780512113,-103.78805760000049,0.7794486215538847,2026-02-17 14:34:00+00:00,surfline_trevone_20260217_1434
-553632.030194388,6541215.780512113,-103.78805760000049,0.7819548872180451,2026-02-17 14:34:00+00:00,surfline_trevone_20260217_1434
-553632.030194388,6541215.780512113,-103.78805760000049,0.7844611528822054,2026-02-17 14:34:00+00:00,surfline_trevone_20260217_1434
-553632.030194388,6541215.780512113,-103.78805760000049,0.7869674185463659,2026-02-17 14:34:00+00:00,surfline_trevone_20260217_1434
-553632.030194388,6541215.780512113,-103.78805760000049,0.7894736842105263,2026-02-17 14:34:00+00:00,surfline_trevone_20260217_1434
-553632.030194388,6541215.780512113,-103.78805760000049,0.7919799498746867,2026-02-17 14:34:00+00:00,surfline_trevone_20260217_1434
-553632.030194388,6541215.780512113,-103.78805760000049,0.794486215538847,2026-02-17 14:34:00+00:00,surfline_trevone_20260217_1434
-553632.030194388,6541215.780512113,-103.78805760000049,0.7969924812030075,2026-02-17 14:34:00+00:00,surfline_trevone_20260217_1434
-553632.030194388,6541215.780512113,-103.78805760000049,0.7994987468671679,2026-02-17 14:34:00+00:00,surfline_trevone_20260217_1434
-553632.030194388,6541215.780512113,-103.78805760000049,0.8020050125313283,2026-02-17 14:34:00+00:00,surfline_trevone_20260217_1434
-553632.030194388,6541215.780512113,-103.78805760000049,0.8045112781954886,2026-02-17 14:34:00+00:00,surfline_trevone_20260217_1434
-553632.030194388,6541215.780512113,-103.78805760000049,0.8070175438596491,2026-02-17 14:34:00+00:00,surfline_trevone_20260217_1434
-553632.030194388,6541215.780512113,-103.78805760000049,0.8095238095238095,2026-02-17 14:34:00+00:00,surfline_trevone_20260217_1434
-553632.030194388,6541215.780512113,-103.78805760000049,0.8120300751879699,2026-02-17 14:34:00+00:00,surfline_trevone_20260217_1434
-553632.030194388,6541215.780512113,-103.78805760000049,0.8145363408521302,2026-02-17 14:34:00+00:00,surfline_trevone_20260217_1434
-553632.030194388,6541215.780512113,-103.78805760000049,0.8170426065162907,2026-02-17 14:34:00+00:00,surfline_trevone_20260217_1434
-553632.030194388,6541215.780512113,-103.78805760000049,0.8195488721804511,2026-02-17 14:34:00+00:00,surfline_trevone_20260217_1434
-553632.030194388,6541215.780512113,-103.78805760000049,0.8220551378446115,2026-02-17 14:34:00+00:00,surfline_trevone_20260217_1434
-553632.030194388,6541215.780512113,-103.78805760000049,0.8245614035087718,2026-02-17 14:34:00+00:00,surfline_trevone_20260217_1434
-553632.030194388,6541215.780512113,-103.78805760000049,0.8270676691729323,2026-02-17 14:34:00+00:00,surfline_trevone_20260217_1434
-553632.030194388,6541215.780512113,-103.78805760000049,0.8295739348370927,2026-02-17 14:34:00+00:00,surfline_trevone_20260217_1434
-553632.030194388,6541215.780512113,-103.78805760000049,0.8320802005012531,2026-02-17 14:34:00+00:00,surfline_trevone_20260217_1434
-553632.030194388,6541215.780512113,-103.78805760000049,0.8345864661654134,2026-02-17 14:34:00+00:00,surfline_trevone_20260217_1434
-553632.030194388,6541215.780512113,-103.78805760000049,0.8370927318295739,2026-02-17 14:34:00+00:00,surfline_trevone_20260217_1434
-553632.030194388,6541215.780512113,-103.78805760000049,0.8395989974937343,2026-02-17 14:34:00+00:00,surfline_trevone_20260217_1434
-553632.030194388,6541215.780512113,-103.78805760000049,0.8421052631578947,2026-02-17 14:34:00+00:00,surfline_trevone_20260217_1434
-553632.030194388,6541215.780512113,-103.78805760000049,0.844611528822055,2026-02-17 14:34:00+00:00,surfline_trevone_20260217_1434
-553632.030194388,6541215.780512113,-103.78805760000049,0.8471177944862155,2026-02-17 14:34:00+00:00,surfline_trevone_20260217_1434
-553632.030194388,6541215.780512113,-103.78805760000049,0.849624060150376,2026-02-17 14:34:00+00:00,surfline_trevone_20260217_1434
-553632.030194388,6541215.780512113,-103.78805760000049,0.8521303258145363,2026-02-17 14:34:00+00:00,surfline_trevone_20260217_1434
-553632.030194388,6541215.780512113,-103.78805760000049,0.8546365914786966,2026-02-17 14:34:00+00:00,surfline_trevone_20260217_1434
-553632.030194388,6541215.780512113,-103.78805760000049,0.8571428571428571,2026-02-17 14:34:00+00:00,surfline_trevone_20260217_1434
-553632.030194388,6541215.780512113,-103.78805760000049,0.8596491228070176,2026-02-17 14:34:00+00:00,surfline_trevone_20260217_1434
-553632.030194388,6541215.780512113,-103.78805760000049,0.8621553884711779,2026-02-17 14:34:00+00:00,surfline_trevone_20260217_1434
-553632.030194388,6541215.780512113,-103.78805760000049,0.8646616541353382,2026-02-17 14:34:00+00:00,surfline_trevone_20260217_1434
-553632.030194388,6541215.780512113,-103.78805760000049,0.8671679197994987,2026-02-17 14:34:00+00:00,surfline_trevone_20260217_1434
-553632.030194388,6541215.780512113,-103.78805760000049,0.8696741854636592,2026-02-17 14:34:00+00:00,surfline_trevone_20260217_1434
-553632.030194388,6541215.780512113,-103.78805760000049,0.8721804511278195,2026-02-17 14:34:00+00:00,surfline_trevone_20260217_1434
-553632.030194388,6541215.780512113,-103.78805760000049,0.8746867167919798,2026-02-17 14:34:00+00:00,surfline_trevone_20260217_1434
-553632.030194388,6541215.780512113,-103.78805760000049,0.8771929824561403,2026-02-17 14:34:00+00:00,surfline_trevone_20260217_1434
-553632.030194388,6541215.780512113,-103.78805760000049,0.8796992481203008,2026-02-17 14:34:00+00:00,surfline_trevone_20260217_1434
-553632.030194388,6541215.780512113,-103.78805760000049,0.8822055137844611,2026-02-17 14:34:00+00:00,surfline_trevone_20260217_1434
-553632.030194388,6541215.780512113,-103.78805760000049,0.8847117794486214,2026-02-17 14:34:00+00:00,surfline_trevone_20260217_1434
-553632.030194388,6541215.780512113,-103.78805760000049,0.8872180451127819,2026-02-17 14:34:00+00:00,surfline_trevone_20260217_1434
-553632.030194388,6541215.780512113,-103.78805760000049,0.8897243107769424,2026-02-17 14:34:00+00:00,surfline_trevone_20260217_1434
-553632.030194388,6541215.780512113,-103.78805760000049,0.8922305764411027,2026-02-17 14:34:00+00:00,surfline_trevone_20260217_1434
-553632.030194388,6541215.780512113,-103.78805760000049,0.894736842105263,2026-02-17 14:34:00+00:00,surfline_trevone_20260217_1434
-553632.030194388,6541215.780512113,-103.78805760000049,0.8972431077694235,2026-02-17 14:34:00+00:00,surfline_trevone_20260217_1434
-553632.030194388,6541215.780512113,-103.78805760000049,0.899749373433584,2026-02-17 14:34:00+00:00,surfline_trevone_20260217_1434
-553632.030194388,6541215.780512113,-103.78805760000049,0.9022556390977443,2026-02-17 14:34:00+00:00,surfline_trevone_20260217_1434
-553632.030194388,6541215.780512113,-103.78805760000049,0.9047619047619047,2026-02-17 14:34:00+00:00,surfline_trevone_20260217_1434
-553632.030194388,6541215.780512113,-103.78805760000049,0.9072681704260651,2026-02-17 14:34:00+00:00,surfline_trevone_20260217_1434
-553632.030194388,6541215.780512113,-103.78805760000049,0.9097744360902256,2026-02-17 14:34:00+00:00,surfline_trevone_20260217_1434
-553632.030194388,6541215.780512113,-103.78805760000049,0.9122807017543859,2026-02-17 14:34:00+00:00,surfline_trevone_20260217_1434
-553632.030194388,6541215.780512113,-103.78805760000049,0.9147869674185463,2026-02-17 14:34:00+00:00,surfline_trevone_20260217_1434
-553632.030194388,6541215.780512113,-103.78805760000049,0.9172932330827067,2026-02-17 14:34:00+00:00,surfline_trevone_20260217_1434
-553632.030194388,6541215.780512113,-103.78805760000049,0.9197994987468672,2026-02-17 14:34:00+00:00,surfline_trevone_20260217_1434
-553632.030194388,6541215.780512113,-103.78805760000049,0.9223057644110275,2026-02-17 14:34:00+00:00,surfline_trevone_20260217_1434
-553632.030194388,6541215.780512113,-103.78805760000049,0.9248120300751879,2026-02-17 14:34:00+00:00,surfline_trevone_20260217_1434
-553632.030194388,6541215.780512113,-103.78805760000049,0.9273182957393483,2026-02-17 14:34:00+00:00,surfline_trevone_20260217_1434
-553632.030194388,6541215.780512113,-103.78805760000049,0.9298245614035088,2026-02-17 14:34:00+00:00,surfline_trevone_20260217_1434
-553632.030194388,6541215.780512113,-103.78805760000049,0.9323308270676691,2026-02-17 14:34:00+00:00,surfline_trevone_20260217_1434
-553632.030194388,6541215.780512113,-103.78805760000049,0.9348370927318295,2026-02-17 14:34:00+00:00,surfline_trevone_20260217_1434
-553632.030194388,6541215.780512113,-103.78805760000049,0.9373433583959899,2026-02-17 14:34:00+00:00,surfline_trevone_20260217_1434
-553632.030194388,6541215.780512113,-103.78805760000049,0.9398496240601504,2026-02-17 14:34:00+00:00,surfline_trevone_20260217_1434
-553632.030194388,6541215.780512113,-103.78805760000049,0.9423558897243107,2026-02-17 14:34:00+00:00,surfline_trevone_20260217_1434
-553632.030194388,6541215.780512113,-103.78805760000049,0.9448621553884711,2026-02-17 14:34:00+00:00,surfline_trevone_20260217_1434
-553632.030194388,6541215.780512113,-103.78805760000049,0.9473684210526315,2026-02-17 14:34:00+00:00,surfline_trevone_20260217_1434
-553632.030194388,6541215.780512113,-103.78805760000049,0.949874686716792,2026-02-17 14:34:00+00:00,surfline_trevone_20260217_1434
-553632.030194388,6541215.780512113,-103.78805760000049,0.9523809523809523,2026-02-17 14:34:00+00:00,surfline_trevone_20260217_1434
-553632.030194388,6541215.780512113,-103.78805760000049,0.9548872180451127,2026-02-17 14:34:00+00:00,surfline_trevone_20260217_1434
-553632.030194388,6541215.780512113,-103.78805760000049,0.9573934837092731,2026-02-17 14:34:00+00:00,surfline_trevone_20260217_1434
-553632.030194388,6541215.780512113,-103.78805760000049,0.9598997493734336,2026-02-17 14:34:00+00:00,surfline_trevone_20260217_1434
-553632.030194388,6541215.780512113,-103.78805760000049,0.9624060150375939,2026-02-17 14:34:00+00:00,surfline_trevone_20260217_1434
-553632.030194388,6541215.780512113,-103.78805760000049,0.9649122807017543,2026-02-17 14:34:00+00:00,surfline_trevone_20260217_1434
-553632.030194388,6541215.780512113,-103.78805760000049,0.9674185463659147,2026-02-17 14:34:00+00:00,surfline_trevone_20260217_1434
-553632.030194388,6541215.780512113,-103.78805760000049,0.9699248120300752,2026-02-17 14:34:00+00:00,surfline_trevone_20260217_1434
-553632.030194388,6541215.780512113,-103.78805760000049,0.9724310776942355,2026-02-17 14:34:00+00:00,surfline_trevone_20260217_1434
-553632.030194388,6541215.780512113,-103.78805760000049,0.9749373433583959,2026-02-17 14:34:00+00:00,surfline_trevone_20260217_1434
-553632.030194388,6541215.780512113,-103.78805760000049,0.9774436090225563,2026-02-17 14:34:00+00:00,surfline_trevone_20260217_1434
-553632.030194388,6541215.780512113,-103.78805760000049,0.9799498746867168,2026-02-17 14:34:00+00:00,surfline_trevone_20260217_1434
-553632.030194388,6541215.780512113,-103.78805760000049,0.9824561403508771,2026-02-17 14:34:00+00:00,surfline_trevone_20260217_1434
-553632.030194388,6541215.780512113,-103.78805760000049,0.9849624060150375,2026-02-17 14:34:00+00:00,surfline_trevone_20260217_1434
-553632.030194388,6541215.780512113,-103.78805760000049,0.9874686716791979,2026-02-17 14:34:00+00:00,surfline_trevone_20260217_1434
-553632.030194388,6541215.780512113,-103.78805760000049,0.9899749373433584,2026-02-17 14:34:00+00:00,surfline_trevone_20260217_1434
-553632.030194388,6541215.780512113,-103.78805760000049,0.9924812030075187,2026-02-17 14:34:00+00:00,surfline_trevone_20260217_1434
-553632.030194388,6541215.780512113,-103.78805760000049,0.9949874686716791,2026-02-17 14:34:00+00:00,surfline_trevone_20260217_1434
-553632.030194388,6541215.780512113,-103.78805760000049,0.9974937343358395,2026-02-17 14:34:00+00:00,surfline_trevone_20260217_1434
-553632.030194388,6541215.780512113,-103.78805760000049,1.0,2026-02-17 14:34:00+00:00,surfline_trevone_20260217_1434
-553654.6103378339,6541294.595935971,-103.9087584000005,0.0,2026-02-17 15:07:00+00:00,surfline_trevone_20260217_1507
-553655.0196734243,6541294.322935517,-103.9087584000005,0.002506265664160401,2026-02-17 15:07:00+00:00,surfline_trevone_20260217_1507
-553655.4344268151,6541294.051516827,-103.9087584000005,0.005012531328320802,2026-02-17 15:07:00+00:00,surfline_trevone_20260217_1507
-553655.8504260583,6541293.780461762,-103.9087584000005,0.007518796992481203,2026-02-17 15:07:00+00:00,surfline_trevone_20260217_1507
-553656.2679028601,6541293.50983823,-103.9087584000005,0.010025062656641603,2026-02-17 15:07:00+00:00,surfline_trevone_20260217_1507
-553656.6859442294,6541293.239379664,-103.9087584000005,0.012531328320802004,2026-02-17 15:07:00+00:00,surfline_trevone_20260217_1507
-553657.104688088,6541292.969126075,-103.9087584000005,0.015037593984962405,2026-02-17 15:07:00+00:00,surfline_trevone_20260217_1507
-553657.5389549648,6541292.703404626,-103.9087584000005,0.017543859649122806,2026-02-17 15:07:00+00:00,surfline_trevone_20260217_1507
-553657.9932181882,6541292.443521655,-103.9087584000005,0.020050125313283207,2026-02-17 15:07:00+00:00,surfline_trevone_20260217_1507
-553658.4629970995,6541292.188168941,-103.9087584000005,0.022556390977443608,2026-02-17 15:07:00+00:00,surfline_trevone_20260217_1507
-553658.946733068,6541291.936891151,-103.9087584000005,0.02506265664160401,2026-02-17 15:07:00+00:00,surfline_trevone_20260217_1507
-553659.4312811878,6541291.685850358,-103.9087584000005,0.02756892230576441,2026-02-17 15:07:00+00:00,surfline_trevone_20260217_1507
-553659.9161941217,6541291.434916208,-103.9087584000005,0.03007518796992481,2026-02-17 15:07:00+00:00,surfline_trevone_20260217_1507
-553660.406011417,6541291.185414115,-103.9087584000005,0.03258145363408521,2026-02-17 15:07:00+00:00,surfline_trevone_20260217_1507
-553660.8967258597,6541290.936173836,-103.9087584000005,0.03508771929824561,2026-02-17 15:07:00+00:00,surfline_trevone_20260217_1507
-553661.3894080335,6541290.68750795,-103.9087584000005,0.03759398496240601,2026-02-17 15:07:00+00:00,surfline_trevone_20260217_1507
-553661.8899236093,6541290.441129316,-103.9087584000005,0.040100250626566414,2026-02-17 15:07:00+00:00,surfline_trevone_20260217_1507
-553662.4175478037,6541290.202665733,-103.9087584000005,0.042606516290726815,2026-02-17 15:07:00+00:00,surfline_trevone_20260217_1507
-553662.9337735049,6541289.960873997,-103.9087584000005,0.045112781954887216,2026-02-17 15:07:00+00:00,surfline_trevone_20260217_1507
-553663.4383881495,6541289.715692044,-103.9087584000005,0.047619047619047616,2026-02-17 15:07:00+00:00,surfline_trevone_20260217_1507
-553663.8990152853,6541289.457667151,-103.9087584000005,0.05012531328320802,2026-02-17 15:07:00+00:00,surfline_trevone_20260217_1507
-553664.3419574184,6541289.194478878,-103.9087584000005,0.05263157894736842,2026-02-17 15:07:00+00:00,surfline_trevone_20260217_1507
-553664.7797083324,6541288.929774794,-103.9087584000005,0.05513784461152882,2026-02-17 15:07:00+00:00,surfline_trevone_20260217_1507
-553665.2159125132,6541288.664618984,-103.9087584000005,0.05764411027568922,2026-02-17 15:07:00+00:00,surfline_trevone_20260217_1507
-553665.6291258316,6541288.392750765,-103.9087584000005,0.06015037593984962,2026-02-17 15:07:00+00:00,surfline_trevone_20260217_1507
-553666.0369313693,6541288.119303505,-103.9087584000005,0.06265664160401002,2026-02-17 15:07:00+00:00,surfline_trevone_20260217_1507
-553666.3901400474,6541287.829915431,-103.9087584000005,0.06516290726817042,2026-02-17 15:07:00+00:00,surfline_trevone_20260217_1507
-553666.7273102709,6541287.535844777,-103.9087584000005,0.06766917293233082,2026-02-17 15:07:00+00:00,surfline_trevone_20260217_1507
-553666.9577157095,6541287.21060194,-103.9087584000005,0.07017543859649122,2026-02-17 15:07:00+00:00,surfline_trevone_20260217_1507
-553667.0980542651,6541286.85906213,-103.9087584000005,0.07268170426065163,2026-02-17 15:07:00+00:00,surfline_trevone_20260217_1507
-553667.2871778912,6541286.521766011,-103.9087584000005,0.07518796992481203,2026-02-17 15:07:00+00:00,surfline_trevone_20260217_1507
-553667.5914105749,6541286.218078502,-103.9087584000005,0.07769423558897243,2026-02-17 15:07:00+00:00,surfline_trevone_20260217_1507
-553667.8956432879,6541285.914391127,-103.9087584000005,0.08020050125313283,2026-02-17 15:07:00+00:00,surfline_trevone_20260217_1507
-553668.2572966184,6541285.627468771,-103.9087584000005,0.08270676691729323,2026-02-17 15:07:00+00:00,surfline_trevone_20260217_1507
-553668.6205997153,6541285.341027973,-103.9087584000005,0.08521303258145363,2026-02-17 15:07:00+00:00,surfline_trevone_20260217_1507
-553669.0251031728,6541285.066616603,-103.9087584000005,0.08771929824561403,2026-02-17 15:07:00+00:00,surfline_trevone_20260217_1507
-553669.4391048215,6541284.794978553,-103.9087584000005,0.09022556390977443,2026-02-17 15:07:00+00:00,surfline_trevone_20260217_1507
-553669.8416100363,6541284.5199837545,-103.9087584000005,0.09273182957393483,2026-02-17 15:07:00+00:00,surfline_trevone_20260217_1507
-553670.2410795765,6541284.244102502,-103.9087584000005,0.09523809523809523,2026-02-17 15:07:00+00:00,surfline_trevone_20260217_1507
-553670.6114298231,6541283.9597193925,-103.9087584000005,0.09774436090225563,2026-02-17 15:07:00+00:00,surfline_trevone_20260217_1507
-553670.9710205854,6541283.672194951,-103.9087584000005,0.10025062656641603,2026-02-17 15:07:00+00:00,surfline_trevone_20260217_1507
-553671.2874206731,6541283.372059968,-103.9087584000005,0.10275689223057644,2026-02-17 15:07:00+00:00,surfline_trevone_20260217_1507
-553671.5694735694,6541283.061896485,-103.9087584000005,0.10526315789473684,2026-02-17 15:07:00+00:00,surfline_trevone_20260217_1507
-553671.8739377939,6541282.75827658,-103.9087584000005,0.10776942355889724,2026-02-17 15:07:00+00:00,surfline_trevone_20260217_1507
-553672.260746067,6541282.478698857,-103.9087584000005,0.11027568922305764,2026-02-17 15:07:00+00:00,surfline_trevone_20260217_1507
-553672.6376668537,6541282.196234152,-103.9087584000005,0.11278195488721804,2026-02-17 15:07:00+00:00,surfline_trevone_20260217_1507
-553672.9404309094,6541281.892117722,-103.9087584000005,0.11528822055137844,2026-02-17 15:07:00+00:00,surfline_trevone_20260217_1507
-553673.2431950233,6541281.588001559,-103.9087584000005,0.11779448621553884,2026-02-17 15:07:00+00:00,surfline_trevone_20260217_1507
-553673.5337043284,6541281.280307223,-103.9087584000005,0.12030075187969924,2026-02-17 15:07:00+00:00,surfline_trevone_20260217_1507
-553673.8209896992,6541280.9716714695,-103.9087584000005,0.12280701754385964,2026-02-17 15:07:00+00:00,surfline_trevone_20260217_1507
-553674.1640475057,6541280.679319764,-103.9087584000005,0.12531328320802004,2026-02-17 15:07:00+00:00,surfline_trevone_20260217_1507
-553674.5844272306,6541280.409543924,-103.9087584000005,0.12781954887218044,2026-02-17 15:07:00+00:00,surfline_trevone_20260217_1507
-553675.008753111,6541280.140920122,-103.9087584000005,0.13032581453634084,2026-02-17 15:07:00+00:00,surfline_trevone_20260217_1507
-553675.4384410321,6541279.873861757,-103.9087584000005,0.13283208020050125,2026-02-17 15:07:00+00:00,surfline_trevone_20260217_1507
-553675.776718248,6541279.580114311,-103.9087584000005,0.13533834586466165,2026-02-17 15:07:00+00:00,surfline_trevone_20260217_1507
-553676.0012363221,6541279.253152534,-103.9087584000005,0.13784461152882205,2026-02-17 15:07:00+00:00,surfline_trevone_20260217_1507
-553676.225754394,6541278.926190685,-103.9087584000005,0.14035087719298245,2026-02-17 15:07:00+00:00,surfline_trevone_20260217_1507
-553676.3150362612,6541278.559743689,-103.9087584000005,0.14285714285714285,2026-02-17 15:07:00+00:00,surfline_trevone_20260217_1507
-553676.4013432924,6541278.192428253,-103.9087584000005,0.14536340852130325,2026-02-17 15:07:00+00:00,surfline_trevone_20260217_1507
-553676.5061582811,6541277.830516722,-103.9087584000005,0.14786967418546365,2026-02-17 15:07:00+00:00,surfline_trevone_20260217_1507
-553676.648254967,6541277.479490234,-103.9087584000005,0.15037593984962405,2026-02-17 15:07:00+00:00,surfline_trevone_20260217_1507
-553676.7903516743,6541277.128463631,-103.9087584000005,0.15288220551378445,2026-02-17 15:07:00+00:00,surfline_trevone_20260217_1507
-553677.1861645336,6541276.85151486,-103.9087584000005,0.15538847117794485,2026-02-17 15:07:00+00:00,surfline_trevone_20260217_1507
-553677.6472719468,6541276.593630316,-103.9087584000005,0.15789473684210525,2026-02-17 15:07:00+00:00,surfline_trevone_20260217_1507
-553678.0568909827,6541276.320712544,-103.9087584000005,0.16040100250626566,2026-02-17 15:07:00+00:00,surfline_trevone_20260217_1507
-553678.4609234103,6541276.0461635245,-103.9087584000005,0.16290726817042606,2026-02-17 15:07:00+00:00,surfline_trevone_20260217_1507
-553678.8453505425,6541275.765890454,-103.9087584000005,0.16541353383458646,2026-02-17 15:07:00+00:00,surfline_trevone_20260217_1507
-553679.227099432,6541275.484835537,-103.9087584000005,0.16791979949874686,2026-02-17 15:07:00+00:00,surfline_trevone_20260217_1507
-553679.634214018,6541275.21118654,-103.9087584000005,0.17042606516290726,2026-02-17 15:07:00+00:00,surfline_trevone_20260217_1507
-553680.048811407,6541274.939722181,-103.9087584000005,0.17293233082706766,2026-02-17 15:07:00+00:00,surfline_trevone_20260217_1507
-553680.4716814285,6541274.670673434,-103.9087584000005,0.17543859649122806,2026-02-17 15:07:00+00:00,surfline_trevone_20260217_1507
-553680.5600096148,6541274.303948114,-103.9087584000005,0.17794486215538846,2026-02-17 15:07:00+00:00,surfline_trevone_20260217_1507
-553680.4776002431,6541273.887372291,-103.9087584000005,0.18045112781954886,2026-02-17 15:07:00+00:00,surfline_trevone_20260217_1507
-553680.3951907797,6541273.470796562,-103.9087584000005,0.18295739348370926,2026-02-17 15:07:00+00:00,surfline_trevone_20260217_1507
-553680.3229373518,6541273.057186222,-103.9087584000005,0.18546365914786966,2026-02-17 15:07:00+00:00,surfline_trevone_20260217_1507
-553680.2525325757,6541272.64411551,-103.9087584000005,0.18796992481203006,2026-02-17 15:07:00+00:00,surfline_trevone_20260217_1507
-553680.1894583929,6541272.233184997,-103.9087584000005,0.19047619047619047,2026-02-17 15:07:00+00:00,surfline_trevone_20260217_1507
-553680.1355005462,6541271.824916311,-103.9087584000005,0.19298245614035087,2026-02-17 15:07:00+00:00,surfline_trevone_20260217_1507
-553680.0815745622,6541271.416657049,-103.9087584000005,0.19548872180451127,2026-02-17 15:07:00+00:00,surfline_trevone_20260217_1507
-553680.0423218835,6541271.012681893,-103.9087584000005,0.19799498746867167,2026-02-17 15:07:00+00:00,surfline_trevone_20260217_1507
-553680.0030693507,6541270.6087065535,-103.9087584000005,0.20050125313283207,2026-02-17 15:07:00+00:00,surfline_trevone_20260217_1507
-553679.9760949874,6541270.208316256,-103.9087584000005,0.20300751879699247,2026-02-17 15:07:00+00:00,surfline_trevone_20260217_1507
-553679.9602158607,6541269.811165567,-103.9087584000005,0.20551378446115287,2026-02-17 15:07:00+00:00,surfline_trevone_20260217_1507
-553679.9443368048,6541269.414014774,-103.9087584000005,0.20802005012531327,2026-02-17 15:07:00+00:00,surfline_trevone_20260217_1507
-553679.9386088165,6541269.019827675,-103.9087584000005,0.21052631578947367,2026-02-17 15:07:00+00:00,surfline_trevone_20260217_1507
-553679.9329466929,6541268.62565993,-103.9087584000005,0.21303258145363407,2026-02-17 15:07:00+00:00,surfline_trevone_20260217_1507
-553679.9444919685,6541268.236516365,-103.9087584000005,0.21553884711779447,2026-02-17 15:07:00+00:00,surfline_trevone_20260217_1507
-553679.9775733126,6541267.85366058,-103.9087584000005,0.21804511278195488,2026-02-17 15:07:00+00:00,surfline_trevone_20260217_1507
-553680.0106547128,6541267.470804689,-103.9087584000005,0.22055137844611528,2026-02-17 15:07:00+00:00,surfline_trevone_20260217_1507
-553680.0437360572,6541267.087948905,-103.9087584000005,0.22305764411027568,2026-02-17 15:07:00+00:00,surfline_trevone_20260217_1507
-553680.0768173455,6541266.705093227,-103.9087584000005,0.22556390977443608,2026-02-17 15:07:00+00:00,surfline_trevone_20260217_1507
-553680.1198076918,6541266.325130582,-103.9087584000005,0.22807017543859648,2026-02-17 15:07:00+00:00,surfline_trevone_20260217_1507
-553680.2007871043,6541265.956259512,-103.9087584000005,0.23057644110275688,2026-02-17 15:07:00+00:00,surfline_trevone_20260217_1507
-553680.2817664354,6541265.587388665,-103.9087584000005,0.23308270676691728,2026-02-17 15:07:00+00:00,surfline_trevone_20260217_1507
-553680.3631049641,6541265.21862257,-103.9087584000005,0.23558897243107768,2026-02-17 15:07:00+00:00,surfline_trevone_20260217_1507
-553680.444746284,6541264.849944757,-103.9087584000005,0.23809523809523808,2026-02-17 15:07:00+00:00,surfline_trevone_20260217_1507
-553680.526387563,6541264.481267057,-103.9087584000005,0.24060150375939848,2026-02-17 15:07:00+00:00,surfline_trevone_20260217_1507
-553680.5943144406,6541264.108585275,-103.9087584000005,0.24310776942355888,2026-02-17 15:07:00+00:00,surfline_trevone_20260217_1507
-553680.6603303942,6541263.735345434,-103.9087584000005,0.24561403508771928,2026-02-17 15:07:00+00:00,surfline_trevone_20260217_1507
-553680.7239649431,6541263.361410171,-103.9087584000005,0.24812030075187969,2026-02-17 15:07:00+00:00,surfline_trevone_20260217_1507
-553680.7793706303,6541262.985072443,-103.9087584000005,0.2506265664160401,2026-02-17 15:07:00+00:00,surfline_trevone_20260217_1507
-553680.8347762688,6541262.608734825,-103.9087584000005,0.2531328320802005,2026-02-17 15:07:00+00:00,surfline_trevone_20260217_1507
-553680.8943846326,6541262.233624155,-103.9087584000005,0.2556390977443609,2026-02-17 15:07:00+00:00,surfline_trevone_20260217_1507
-553680.9570482179,6541261.859405398,-103.9087584000005,0.2581453634085213,2026-02-17 15:07:00+00:00,surfline_trevone_20260217_1507
-553681.0197117563,6541261.485186751,-103.9087584000005,0.2606516290726817,2026-02-17 15:07:00+00:00,surfline_trevone_20260217_1507
-553681.1016869888,6541261.116606679,-103.9087584000005,0.2631578947368421,2026-02-17 15:07:00+00:00,surfline_trevone_20260217_1507
-553681.1851511884,6541260.748461269,-103.9087584000005,0.2656641604010025,2026-02-17 15:07:00+00:00,surfline_trevone_20260217_1507
-553681.2686154628,6541260.380315654,-103.9087584000005,0.2681704260651629,2026-02-17 15:07:00+00:00,surfline_trevone_20260217_1507
-553681.3520796801,6541260.012170197,-103.9087584000005,0.2706766917293233,2026-02-17 15:07:00+00:00,surfline_trevone_20260217_1507
-553681.4355438569,6541259.644024854,-103.9087584000005,0.2731829573934837,2026-02-17 15:07:00+00:00,surfline_trevone_20260217_1507
-553681.5449885966,6541259.283464951,-103.9087584000005,0.2756892230576441,2026-02-17 15:07:00+00:00,surfline_trevone_20260217_1507
-553681.671978916,6541258.928027723,-103.9087584000005,0.2781954887218045,2026-02-17 15:07:00+00:00,surfline_trevone_20260217_1507
-553681.7989692092,6541258.57259061,-103.9087584000005,0.2807017543859649,2026-02-17 15:07:00+00:00,surfline_trevone_20260217_1507
-553681.928547622,6541258.2179092765,-103.9087584000005,0.2832080200501253,2026-02-17 15:07:00+00:00,surfline_trevone_20260217_1507
-553682.0583148053,6541257.863282934,-103.9087584000005,0.2857142857142857,2026-02-17 15:07:00+00:00,surfline_trevone_20260217_1507
-553682.2088799244,6541257.514728859,-103.9087584000005,0.2882205513784461,2026-02-17 15:07:00+00:00,surfline_trevone_20260217_1507
-553682.4164771115,6541257.182826607,-103.9087584000005,0.2907268170426065,2026-02-17 15:07:00+00:00,surfline_trevone_20260217_1507
-553682.6240742973,6541256.850924477,-103.9087584000005,0.2932330827067669,2026-02-17 15:07:00+00:00,surfline_trevone_20260217_1507
-553682.850707567,6541256.524580204,-103.9087584000005,0.2957393483709273,2026-02-17 15:07:00+00:00,surfline_trevone_20260217_1507
-553683.0849428177,6541256.200455365,-103.9087584000005,0.2982456140350877,2026-02-17 15:07:00+00:00,surfline_trevone_20260217_1507
-553683.3239570654,6541255.8777261,-103.9087584000005,0.3007518796992481,2026-02-17 15:07:00+00:00,surfline_trevone_20260217_1507
-553683.5822945421,6541255.56063853,-103.9087584000005,0.3032581453634085,2026-02-17 15:07:00+00:00,surfline_trevone_20260217_1507
-553683.8406320042,6541255.243550833,-103.9087584000005,0.3057644110275689,2026-02-17 15:07:00+00:00,surfline_trevone_20260217_1507
-553684.1794725907,6541254.949967823,-103.9087584000005,0.3082706766917293,2026-02-17 15:07:00+00:00,surfline_trevone_20260217_1507
-553684.5398392334,6541254.662669914,-103.9087584000005,0.3107769423558897,2026-02-17 15:07:00+00:00,surfline_trevone_20260217_1507
-553684.539300829,6541254.269998144,-103.9087584000005,0.3132832080200501,2026-02-17 15:07:00+00:00,surfline_trevone_20260217_1507
-553684.5733729958,6541253.887431528,-103.9087584000005,0.3157894736842105,2026-02-17 15:07:00+00:00,surfline_trevone_20260217_1507
-553684.6183615206,6541253.508052293,-103.9087584000005,0.3182957393483709,2026-02-17 15:07:00+00:00,surfline_trevone_20260217_1507
-553684.6672815691,6541253.129821071,-103.9087584000005,0.3208020050125313,2026-02-17 15:07:00+00:00,surfline_trevone_20260217_1507
-553684.7069647361,6541252.748892826,-103.9087584000005,0.3233082706766917,2026-02-17 15:07:00+00:00,surfline_trevone_20260217_1507
-553684.7200455037,6541252.360197335,-103.9087584000005,0.3258145363408521,2026-02-17 15:07:00+00:00,surfline_trevone_20260217_1507
-553684.7331262089,6541251.971501947,-103.9087584000005,0.3283208020050125,2026-02-17 15:07:00+00:00,surfline_trevone_20260217_1507
-553684.7462068523,6541251.582806665,-103.9087584000005,0.3308270676691729,2026-02-17 15:07:00+00:00,surfline_trevone_20260217_1507
-553684.7592875304,6541251.194111323,-103.9087584000005,0.3333333333333333,2026-02-17 15:07:00+00:00,surfline_trevone_20260217_1507
-553684.7723683243,6541250.805415786,-103.9087584000005,0.3358395989974937,2026-02-17 15:07:00+00:00,surfline_trevone_20260217_1507
-553684.7855980988,6541250.416763923,-103.9087584000005,0.3383458646616541,2026-02-17 15:07:00+00:00,surfline_trevone_20260217_1507
-553684.8028318526,6541250.029281229,-103.9087584000005,0.3408521303258145,2026-02-17 15:07:00+00:00,surfline_trevone_20260217_1507
-553684.820065667,6541249.641798427,-103.9087584000005,0.3433583959899749,2026-02-17 15:07:00+00:00,surfline_trevone_20260217_1507
-553684.8431480621,6541249.256023119,-103.9087584000005,0.3458646616541353,2026-02-17 15:07:00+00:00,surfline_trevone_20260217_1507
-553684.873170212,6541248.87227414,-103.9087584000005,0.3483709273182957,2026-02-17 15:07:00+00:00,surfline_trevone_20260217_1507
-553684.9031923049,6541248.488525267,-103.9087584000005,0.3508771929824561,2026-02-17 15:07:00+00:00,surfline_trevone_20260217_1507
-553684.9332144546,6541248.104776287,-103.9087584000005,0.3533834586466165,2026-02-17 15:07:00+00:00,surfline_trevone_20260217_1507
-553684.9632366614,6541247.7210272,-103.9087584000005,0.3558897243107769,2026-02-17 15:07:00+00:00,surfline_trevone_20260217_1507
-553684.9932587545,6541247.337278327,-103.9087584000005,0.3583959899749373,2026-02-17 15:07:00+00:00,surfline_trevone_20260217_1507
-553685.0232809039,6541246.953529347,-103.9087584000005,0.3609022556390977,2026-02-17 15:07:00+00:00,surfline_trevone_20260217_1507
-553685.053303111,6541246.56978026,-103.9087584000005,0.3634085213032581,2026-02-17 15:07:00+00:00,surfline_trevone_20260217_1507
-553685.0833252608,6541246.186031281,-103.9087584000005,0.3659147869674185,2026-02-17 15:07:00+00:00,surfline_trevone_20260217_1507
-553685.0833252608,6541246.186031281,-103.9087584000005,0.3684210526315789,2026-02-17 15:07:00+00:00,surfline_trevone_20260217_1507
-553685.0833252608,6541246.186031281,-103.9087584000005,0.37092731829573933,2026-02-17 15:07:00+00:00,surfline_trevone_20260217_1507
-553685.0833252608,6541246.186031281,-103.9087584000005,0.37343358395989973,2026-02-17 15:07:00+00:00,surfline_trevone_20260217_1507
-553685.0833252608,6541246.186031281,-103.9087584000005,0.37593984962406013,2026-02-17 15:07:00+00:00,surfline_trevone_20260217_1507
-553685.0833252608,6541246.186031281,-103.9087584000005,0.37844611528822053,2026-02-17 15:07:00+00:00,surfline_trevone_20260217_1507
-553685.0833252608,6541246.186031281,-103.9087584000005,0.38095238095238093,2026-02-17 15:07:00+00:00,surfline_trevone_20260217_1507
-553685.0833252608,6541246.186031281,-103.9087584000005,0.38345864661654133,2026-02-17 15:07:00+00:00,surfline_trevone_20260217_1507
-553685.0833252608,6541246.186031281,-103.9087584000005,0.38596491228070173,2026-02-17 15:07:00+00:00,surfline_trevone_20260217_1507
-553685.0833252608,6541246.186031281,-103.9087584000005,0.38847117794486213,2026-02-17 15:07:00+00:00,surfline_trevone_20260217_1507
-553685.0833252608,6541246.186031281,-103.9087584000005,0.39097744360902253,2026-02-17 15:07:00+00:00,surfline_trevone_20260217_1507
-553685.0833252608,6541246.186031281,-103.9087584000005,0.39348370927318294,2026-02-17 15:07:00+00:00,surfline_trevone_20260217_1507
-553685.0833252608,6541246.186031281,-103.9087584000005,0.39598997493734334,2026-02-17 15:07:00+00:00,surfline_trevone_20260217_1507
-553685.0833252608,6541246.186031281,-103.9087584000005,0.39849624060150374,2026-02-17 15:07:00+00:00,surfline_trevone_20260217_1507
-553685.0833252608,6541246.186031281,-103.9087584000005,0.40100250626566414,2026-02-17 15:07:00+00:00,surfline_trevone_20260217_1507
-553685.0833252608,6541246.186031281,-103.9087584000005,0.40350877192982454,2026-02-17 15:07:00+00:00,surfline_trevone_20260217_1507
-553685.0833252608,6541246.186031281,-103.9087584000005,0.40601503759398494,2026-02-17 15:07:00+00:00,surfline_trevone_20260217_1507
-553685.0833252608,6541246.186031281,-103.9087584000005,0.40852130325814534,2026-02-17 15:07:00+00:00,surfline_trevone_20260217_1507
-553685.0833252608,6541246.186031281,-103.9087584000005,0.41102756892230574,2026-02-17 15:07:00+00:00,surfline_trevone_20260217_1507
-553685.0833252608,6541246.186031281,-103.9087584000005,0.41353383458646614,2026-02-17 15:07:00+00:00,surfline_trevone_20260217_1507
-553685.0833252608,6541246.186031281,-103.9087584000005,0.41604010025062654,2026-02-17 15:07:00+00:00,surfline_trevone_20260217_1507
-553685.0833252608,6541246.186031281,-103.9087584000005,0.41854636591478694,2026-02-17 15:07:00+00:00,surfline_trevone_20260217_1507
-553685.0833252608,6541246.186031281,-103.9087584000005,0.42105263157894735,2026-02-17 15:07:00+00:00,surfline_trevone_20260217_1507
-553685.0833252608,6541246.186031281,-103.9087584000005,0.42355889724310775,2026-02-17 15:07:00+00:00,surfline_trevone_20260217_1507
-553685.0833252608,6541246.186031281,-103.9087584000005,0.42606516290726815,2026-02-17 15:07:00+00:00,surfline_trevone_20260217_1507
-553685.0833252608,6541246.186031281,-103.9087584000005,0.42857142857142855,2026-02-17 15:07:00+00:00,surfline_trevone_20260217_1507
-553685.0833252608,6541246.186031281,-103.9087584000005,0.43107769423558895,2026-02-17 15:07:00+00:00,surfline_trevone_20260217_1507
-553685.0833252608,6541246.186031281,-103.9087584000005,0.43358395989974935,2026-02-17 15:07:00+00:00,surfline_trevone_20260217_1507
-553685.0833252608,6541246.186031281,-103.9087584000005,0.43609022556390975,2026-02-17 15:07:00+00:00,surfline_trevone_20260217_1507
-553685.0833252608,6541246.186031281,-103.9087584000005,0.43859649122807015,2026-02-17 15:07:00+00:00,surfline_trevone_20260217_1507
-553685.0833252608,6541246.186031281,-103.9087584000005,0.44110275689223055,2026-02-17 15:07:00+00:00,surfline_trevone_20260217_1507
-553685.0833252608,6541246.186031281,-103.9087584000005,0.44360902255639095,2026-02-17 15:07:00+00:00,surfline_trevone_20260217_1507
-553685.0833252608,6541246.186031281,-103.9087584000005,0.44611528822055135,2026-02-17 15:07:00+00:00,surfline_trevone_20260217_1507
-553685.0833252608,6541246.186031281,-103.9087584000005,0.44862155388471175,2026-02-17 15:07:00+00:00,surfline_trevone_20260217_1507
-553685.0833252608,6541246.186031281,-103.9087584000005,0.45112781954887216,2026-02-17 15:07:00+00:00,surfline_trevone_20260217_1507
-553685.0833252608,6541246.186031281,-103.9087584000005,0.45363408521303256,2026-02-17 15:07:00+00:00,surfline_trevone_20260217_1507
-553685.0833252608,6541246.186031281,-103.9087584000005,0.45614035087719296,2026-02-17 15:07:00+00:00,surfline_trevone_20260217_1507
-553685.0833252608,6541246.186031281,-103.9087584000005,0.45864661654135336,2026-02-17 15:07:00+00:00,surfline_trevone_20260217_1507
-553685.0833252608,6541246.186031281,-103.9087584000005,0.46115288220551376,2026-02-17 15:07:00+00:00,surfline_trevone_20260217_1507
-553685.0833252608,6541246.186031281,-103.9087584000005,0.46365914786967416,2026-02-17 15:07:00+00:00,surfline_trevone_20260217_1507
-553685.0833252608,6541246.186031281,-103.9087584000005,0.46616541353383456,2026-02-17 15:07:00+00:00,surfline_trevone_20260217_1507
-553685.0833252608,6541246.186031281,-103.9087584000005,0.46867167919799496,2026-02-17 15:07:00+00:00,surfline_trevone_20260217_1507
-553685.0833252608,6541246.186031281,-103.9087584000005,0.47117794486215536,2026-02-17 15:07:00+00:00,surfline_trevone_20260217_1507
-553685.0833252608,6541246.186031281,-103.9087584000005,0.47368421052631576,2026-02-17 15:07:00+00:00,surfline_trevone_20260217_1507
-553685.0833252608,6541246.186031281,-103.9087584000005,0.47619047619047616,2026-02-17 15:07:00+00:00,surfline_trevone_20260217_1507
-553685.0833252608,6541246.186031281,-103.9087584000005,0.47869674185463656,2026-02-17 15:07:00+00:00,surfline_trevone_20260217_1507
-553685.0833252608,6541246.186031281,-103.9087584000005,0.48120300751879697,2026-02-17 15:07:00+00:00,surfline_trevone_20260217_1507
-553685.0833252608,6541246.186031281,-103.9087584000005,0.48370927318295737,2026-02-17 15:07:00+00:00,surfline_trevone_20260217_1507
-553685.0833252608,6541246.186031281,-103.9087584000005,0.48621553884711777,2026-02-17 15:07:00+00:00,surfline_trevone_20260217_1507
-553685.0833252608,6541246.186031281,-103.9087584000005,0.48872180451127817,2026-02-17 15:07:00+00:00,surfline_trevone_20260217_1507
-553685.0833252608,6541246.186031281,-103.9087584000005,0.49122807017543857,2026-02-17 15:07:00+00:00,surfline_trevone_20260217_1507
-553685.0833252608,6541246.186031281,-103.9087584000005,0.49373433583959897,2026-02-17 15:07:00+00:00,surfline_trevone_20260217_1507
-553685.0833252608,6541246.186031281,-103.9087584000005,0.49624060150375937,2026-02-17 15:07:00+00:00,surfline_trevone_20260217_1507
-553685.0833252608,6541246.186031281,-103.9087584000005,0.49874686716791977,2026-02-17 15:07:00+00:00,surfline_trevone_20260217_1507
-553685.0833252608,6541246.186031281,-103.9087584000005,0.5012531328320802,2026-02-17 15:07:00+00:00,surfline_trevone_20260217_1507
-553685.0833252608,6541246.186031281,-103.9087584000005,0.5037593984962405,2026-02-17 15:07:00+00:00,surfline_trevone_20260217_1507
-553685.0833252608,6541246.186031281,-103.9087584000005,0.506265664160401,2026-02-17 15:07:00+00:00,surfline_trevone_20260217_1507
-553685.0833252608,6541246.186031281,-103.9087584000005,0.5087719298245614,2026-02-17 15:07:00+00:00,surfline_trevone_20260217_1507
-553685.0833252608,6541246.186031281,-103.9087584000005,0.5112781954887218,2026-02-17 15:07:00+00:00,surfline_trevone_20260217_1507
-553685.0833252608,6541246.186031281,-103.9087584000005,0.5137844611528821,2026-02-17 15:07:00+00:00,surfline_trevone_20260217_1507
-553685.0833252608,6541246.186031281,-103.9087584000005,0.5162907268170426,2026-02-17 15:07:00+00:00,surfline_trevone_20260217_1507
-553685.0833252608,6541246.186031281,-103.9087584000005,0.518796992481203,2026-02-17 15:07:00+00:00,surfline_trevone_20260217_1507
-553685.0833252608,6541246.186031281,-103.9087584000005,0.5213032581453634,2026-02-17 15:07:00+00:00,surfline_trevone_20260217_1507
-553685.0833252608,6541246.186031281,-103.9087584000005,0.5238095238095237,2026-02-17 15:07:00+00:00,surfline_trevone_20260217_1507
-553685.0833252608,6541246.186031281,-103.9087584000005,0.5263157894736842,2026-02-17 15:07:00+00:00,surfline_trevone_20260217_1507
-553685.0833252608,6541246.186031281,-103.9087584000005,0.5288220551378446,2026-02-17 15:07:00+00:00,surfline_trevone_20260217_1507
-553685.0833252608,6541246.186031281,-103.9087584000005,0.531328320802005,2026-02-17 15:07:00+00:00,surfline_trevone_20260217_1507
-553685.0833252608,6541246.186031281,-103.9087584000005,0.5338345864661653,2026-02-17 15:07:00+00:00,surfline_trevone_20260217_1507
-553685.0833252608,6541246.186031281,-103.9087584000005,0.5363408521303258,2026-02-17 15:07:00+00:00,surfline_trevone_20260217_1507
-553685.0833252608,6541246.186031281,-103.9087584000005,0.5388471177944862,2026-02-17 15:07:00+00:00,surfline_trevone_20260217_1507
-553685.0833252608,6541246.186031281,-103.9087584000005,0.5413533834586466,2026-02-17 15:07:00+00:00,surfline_trevone_20260217_1507
-553685.0833252608,6541246.186031281,-103.9087584000005,0.5438596491228069,2026-02-17 15:07:00+00:00,surfline_trevone_20260217_1507
-553685.0833252608,6541246.186031281,-103.9087584000005,0.5463659147869674,2026-02-17 15:07:00+00:00,surfline_trevone_20260217_1507
-553685.0833252608,6541246.186031281,-103.9087584000005,0.5488721804511278,2026-02-17 15:07:00+00:00,surfline_trevone_20260217_1507
-553685.0833252608,6541246.186031281,-103.9087584000005,0.5513784461152882,2026-02-17 15:07:00+00:00,surfline_trevone_20260217_1507
-553685.0833252608,6541246.186031281,-103.9087584000005,0.5538847117794485,2026-02-17 15:07:00+00:00,surfline_trevone_20260217_1507
-553685.0833252608,6541246.186031281,-103.9087584000005,0.556390977443609,2026-02-17 15:07:00+00:00,surfline_trevone_20260217_1507
-553685.0833252608,6541246.186031281,-103.9087584000005,0.5588972431077694,2026-02-17 15:07:00+00:00,surfline_trevone_20260217_1507
-553685.0833252608,6541246.186031281,-103.9087584000005,0.5614035087719298,2026-02-17 15:07:00+00:00,surfline_trevone_20260217_1507
-553685.0833252608,6541246.186031281,-103.9087584000005,0.5639097744360901,2026-02-17 15:07:00+00:00,surfline_trevone_20260217_1507
-553685.0833252608,6541246.186031281,-103.9087584000005,0.5664160401002506,2026-02-17 15:07:00+00:00,surfline_trevone_20260217_1507
-553685.0833252608,6541246.186031281,-103.9087584000005,0.568922305764411,2026-02-17 15:07:00+00:00,surfline_trevone_20260217_1507
-553685.0833252608,6541246.186031281,-103.9087584000005,0.5714285714285714,2026-02-17 15:07:00+00:00,surfline_trevone_20260217_1507
-553685.0833252608,6541246.186031281,-103.9087584000005,0.5739348370927317,2026-02-17 15:07:00+00:00,surfline_trevone_20260217_1507
-553685.0833252608,6541246.186031281,-103.9087584000005,0.5764411027568922,2026-02-17 15:07:00+00:00,surfline_trevone_20260217_1507
-553685.0833252608,6541246.186031281,-103.9087584000005,0.5789473684210527,2026-02-17 15:07:00+00:00,surfline_trevone_20260217_1507
-553685.0833252608,6541246.186031281,-103.9087584000005,0.581453634085213,2026-02-17 15:07:00+00:00,surfline_trevone_20260217_1507
-553685.0833252608,6541246.186031281,-103.9087584000005,0.5839598997493733,2026-02-17 15:07:00+00:00,surfline_trevone_20260217_1507
-553685.0833252608,6541246.186031281,-103.9087584000005,0.5864661654135338,2026-02-17 15:07:00+00:00,surfline_trevone_20260217_1507
-553685.0833252608,6541246.186031281,-103.9087584000005,0.5889724310776943,2026-02-17 15:07:00+00:00,surfline_trevone_20260217_1507
-553685.0833252608,6541246.186031281,-103.9087584000005,0.5914786967418546,2026-02-17 15:07:00+00:00,surfline_trevone_20260217_1507
-553685.0833252608,6541246.186031281,-103.9087584000005,0.593984962406015,2026-02-17 15:07:00+00:00,surfline_trevone_20260217_1507
-553685.0833252608,6541246.186031281,-103.9087584000005,0.5964912280701754,2026-02-17 15:07:00+00:00,surfline_trevone_20260217_1507
-553685.0833252608,6541246.186031281,-103.9087584000005,0.5989974937343359,2026-02-17 15:07:00+00:00,surfline_trevone_20260217_1507
-553685.0833252608,6541246.186031281,-103.9087584000005,0.6015037593984962,2026-02-17 15:07:00+00:00,surfline_trevone_20260217_1507
-553685.0833252608,6541246.186031281,-103.9087584000005,0.6040100250626566,2026-02-17 15:07:00+00:00,surfline_trevone_20260217_1507
-553685.0833252608,6541246.186031281,-103.9087584000005,0.606516290726817,2026-02-17 15:07:00+00:00,surfline_trevone_20260217_1507
-553685.0833252608,6541246.186031281,-103.9087584000005,0.6090225563909775,2026-02-17 15:07:00+00:00,surfline_trevone_20260217_1507
-553685.0833252608,6541246.186031281,-103.9087584000005,0.6115288220551378,2026-02-17 15:07:00+00:00,surfline_trevone_20260217_1507
-553685.0833252608,6541246.186031281,-103.9087584000005,0.6140350877192982,2026-02-17 15:07:00+00:00,surfline_trevone_20260217_1507
-553685.0833252608,6541246.186031281,-103.9087584000005,0.6165413533834586,2026-02-17 15:07:00+00:00,surfline_trevone_20260217_1507
-553685.0833252608,6541246.186031281,-103.9087584000005,0.6190476190476191,2026-02-17 15:07:00+00:00,surfline_trevone_20260217_1507
-553685.0833252608,6541246.186031281,-103.9087584000005,0.6215538847117794,2026-02-17 15:07:00+00:00,surfline_trevone_20260217_1507
-553685.0833252608,6541246.186031281,-103.9087584000005,0.6240601503759398,2026-02-17 15:07:00+00:00,surfline_trevone_20260217_1507
-553685.0833252608,6541246.186031281,-103.9087584000005,0.6265664160401002,2026-02-17 15:07:00+00:00,surfline_trevone_20260217_1507
-553685.0833252608,6541246.186031281,-103.9087584000005,0.6290726817042607,2026-02-17 15:07:00+00:00,surfline_trevone_20260217_1507
-553685.0833252608,6541246.186031281,-103.9087584000005,0.631578947368421,2026-02-17 15:07:00+00:00,surfline_trevone_20260217_1507
-553685.0833252608,6541246.186031281,-103.9087584000005,0.6340852130325814,2026-02-17 15:07:00+00:00,surfline_trevone_20260217_1507
-553685.0833252608,6541246.186031281,-103.9087584000005,0.6365914786967418,2026-02-17 15:07:00+00:00,surfline_trevone_20260217_1507
-553685.0833252608,6541246.186031281,-103.9087584000005,0.6390977443609023,2026-02-17 15:07:00+00:00,surfline_trevone_20260217_1507
-553685.0833252608,6541246.186031281,-103.9087584000005,0.6416040100250626,2026-02-17 15:07:00+00:00,surfline_trevone_20260217_1507
-553685.0833252608,6541246.186031281,-103.9087584000005,0.644110275689223,2026-02-17 15:07:00+00:00,surfline_trevone_20260217_1507
-553685.0833252608,6541246.186031281,-103.9087584000005,0.6466165413533834,2026-02-17 15:07:00+00:00,surfline_trevone_20260217_1507
-553685.0833252608,6541246.186031281,-103.9087584000005,0.6491228070175439,2026-02-17 15:07:00+00:00,surfline_trevone_20260217_1507
-553685.0833252608,6541246.186031281,-103.9087584000005,0.6516290726817042,2026-02-17 15:07:00+00:00,surfline_trevone_20260217_1507
-553685.0833252608,6541246.186031281,-103.9087584000005,0.6541353383458646,2026-02-17 15:07:00+00:00,surfline_trevone_20260217_1507
-553685.0833252608,6541246.186031281,-103.9087584000005,0.656641604010025,2026-02-17 15:07:00+00:00,surfline_trevone_20260217_1507
-553685.0833252608,6541246.186031281,-103.9087584000005,0.6591478696741855,2026-02-17 15:07:00+00:00,surfline_trevone_20260217_1507
-553685.0833252608,6541246.186031281,-103.9087584000005,0.6616541353383458,2026-02-17 15:07:00+00:00,surfline_trevone_20260217_1507
-553685.0833252608,6541246.186031281,-103.9087584000005,0.6641604010025062,2026-02-17 15:07:00+00:00,surfline_trevone_20260217_1507
-553685.0833252608,6541246.186031281,-103.9087584000005,0.6666666666666666,2026-02-17 15:07:00+00:00,surfline_trevone_20260217_1507
-553685.0833252608,6541246.186031281,-103.9087584000005,0.6691729323308271,2026-02-17 15:07:00+00:00,surfline_trevone_20260217_1507
-553685.0833252608,6541246.186031281,-103.9087584000005,0.6716791979949874,2026-02-17 15:07:00+00:00,surfline_trevone_20260217_1507
-553685.0833252608,6541246.186031281,-103.9087584000005,0.6741854636591478,2026-02-17 15:07:00+00:00,surfline_trevone_20260217_1507
-553685.0833252608,6541246.186031281,-103.9087584000005,0.6766917293233082,2026-02-17 15:07:00+00:00,surfline_trevone_20260217_1507
-553685.0833252608,6541246.186031281,-103.9087584000005,0.6791979949874687,2026-02-17 15:07:00+00:00,surfline_trevone_20260217_1507
-553685.0833252608,6541246.186031281,-103.9087584000005,0.681704260651629,2026-02-17 15:07:00+00:00,surfline_trevone_20260217_1507
-553685.0833252608,6541246.186031281,-103.9087584000005,0.6842105263157894,2026-02-17 15:07:00+00:00,surfline_trevone_20260217_1507
-553685.0833252608,6541246.186031281,-103.9087584000005,0.6867167919799498,2026-02-17 15:07:00+00:00,surfline_trevone_20260217_1507
-553685.0833252608,6541246.186031281,-103.9087584000005,0.6892230576441103,2026-02-17 15:07:00+00:00,surfline_trevone_20260217_1507
-553685.0833252608,6541246.186031281,-103.9087584000005,0.6917293233082706,2026-02-17 15:07:00+00:00,surfline_trevone_20260217_1507
-553685.0833252608,6541246.186031281,-103.9087584000005,0.694235588972431,2026-02-17 15:07:00+00:00,surfline_trevone_20260217_1507
-553685.0833252608,6541246.186031281,-103.9087584000005,0.6967418546365914,2026-02-17 15:07:00+00:00,surfline_trevone_20260217_1507
-553685.0833252608,6541246.186031281,-103.9087584000005,0.6992481203007519,2026-02-17 15:07:00+00:00,surfline_trevone_20260217_1507
-553685.0833252608,6541246.186031281,-103.9087584000005,0.7017543859649122,2026-02-17 15:07:00+00:00,surfline_trevone_20260217_1507
-553685.0833252608,6541246.186031281,-103.9087584000005,0.7042606516290726,2026-02-17 15:07:00+00:00,surfline_trevone_20260217_1507
-553685.0833252608,6541246.186031281,-103.9087584000005,0.706766917293233,2026-02-17 15:07:00+00:00,surfline_trevone_20260217_1507
-553685.0833252608,6541246.186031281,-103.9087584000005,0.7092731829573935,2026-02-17 15:07:00+00:00,surfline_trevone_20260217_1507
-553685.0833252608,6541246.186031281,-103.9087584000005,0.7117794486215538,2026-02-17 15:07:00+00:00,surfline_trevone_20260217_1507
-553685.0833252608,6541246.186031281,-103.9087584000005,0.7142857142857142,2026-02-17 15:07:00+00:00,surfline_trevone_20260217_1507
-553685.0833252608,6541246.186031281,-103.9087584000005,0.7167919799498746,2026-02-17 15:07:00+00:00,surfline_trevone_20260217_1507
-553685.0833252608,6541246.186031281,-103.9087584000005,0.7192982456140351,2026-02-17 15:07:00+00:00,surfline_trevone_20260217_1507
-553685.0833252608,6541246.186031281,-103.9087584000005,0.7218045112781954,2026-02-17 15:07:00+00:00,surfline_trevone_20260217_1507
-553685.0833252608,6541246.186031281,-103.9087584000005,0.7243107769423558,2026-02-17 15:07:00+00:00,surfline_trevone_20260217_1507
-553685.0833252608,6541246.186031281,-103.9087584000005,0.7268170426065163,2026-02-17 15:07:00+00:00,surfline_trevone_20260217_1507
-553685.0833252608,6541246.186031281,-103.9087584000005,0.7293233082706767,2026-02-17 15:07:00+00:00,surfline_trevone_20260217_1507
-553685.0833252608,6541246.186031281,-103.9087584000005,0.731829573934837,2026-02-17 15:07:00+00:00,surfline_trevone_20260217_1507
-553685.0833252608,6541246.186031281,-103.9087584000005,0.7343358395989974,2026-02-17 15:07:00+00:00,surfline_trevone_20260217_1507
-553685.0833252608,6541246.186031281,-103.9087584000005,0.7368421052631579,2026-02-17 15:07:00+00:00,surfline_trevone_20260217_1507
-553685.0833252608,6541246.186031281,-103.9087584000005,0.7393483709273183,2026-02-17 15:07:00+00:00,surfline_trevone_20260217_1507
-553685.0833252608,6541246.186031281,-103.9087584000005,0.7418546365914787,2026-02-17 15:07:00+00:00,surfline_trevone_20260217_1507
-553685.0833252608,6541246.186031281,-103.9087584000005,0.744360902255639,2026-02-17 15:07:00+00:00,surfline_trevone_20260217_1507
-553685.0833252608,6541246.186031281,-103.9087584000005,0.7468671679197995,2026-02-17 15:07:00+00:00,surfline_trevone_20260217_1507
-553685.0833252608,6541246.186031281,-103.9087584000005,0.7493734335839599,2026-02-17 15:07:00+00:00,surfline_trevone_20260217_1507
-553685.0833252608,6541246.186031281,-103.9087584000005,0.7518796992481203,2026-02-17 15:07:00+00:00,surfline_trevone_20260217_1507
-553685.0833252608,6541246.186031281,-103.9087584000005,0.7543859649122806,2026-02-17 15:07:00+00:00,surfline_trevone_20260217_1507
-553685.0833252608,6541246.186031281,-103.9087584000005,0.7568922305764411,2026-02-17 15:07:00+00:00,surfline_trevone_20260217_1507
-553685.0833252608,6541246.186031281,-103.9087584000005,0.7593984962406015,2026-02-17 15:07:00+00:00,surfline_trevone_20260217_1507
-553685.0833252608,6541246.186031281,-103.9087584000005,0.7619047619047619,2026-02-17 15:07:00+00:00,surfline_trevone_20260217_1507
-553685.0833252608,6541246.186031281,-103.9087584000005,0.7644110275689222,2026-02-17 15:07:00+00:00,surfline_trevone_20260217_1507
-553685.0833252608,6541246.186031281,-103.9087584000005,0.7669172932330827,2026-02-17 15:07:00+00:00,surfline_trevone_20260217_1507
-553685.0833252608,6541246.186031281,-103.9087584000005,0.7694235588972431,2026-02-17 15:07:00+00:00,surfline_trevone_20260217_1507
-553685.0833252608,6541246.186031281,-103.9087584000005,0.7719298245614035,2026-02-17 15:07:00+00:00,surfline_trevone_20260217_1507
-553685.0833252608,6541246.186031281,-103.9087584000005,0.7744360902255638,2026-02-17 15:07:00+00:00,surfline_trevone_20260217_1507
-553685.0833252608,6541246.186031281,-103.9087584000005,0.7769423558897243,2026-02-17 15:07:00+00:00,surfline_trevone_20260217_1507
-553685.0833252608,6541246.186031281,-103.9087584000005,0.7794486215538847,2026-02-17 15:07:00+00:00,surfline_trevone_20260217_1507
-553685.0833252608,6541246.186031281,-103.9087584000005,0.7819548872180451,2026-02-17 15:07:00+00:00,surfline_trevone_20260217_1507
-553685.0833252608,6541246.186031281,-103.9087584000005,0.7844611528822054,2026-02-17 15:07:00+00:00,surfline_trevone_20260217_1507
-553685.0833252608,6541246.186031281,-103.9087584000005,0.7869674185463659,2026-02-17 15:07:00+00:00,surfline_trevone_20260217_1507
-553685.0833252608,6541246.186031281,-103.9087584000005,0.7894736842105263,2026-02-17 15:07:00+00:00,surfline_trevone_20260217_1507
-553685.0833252608,6541246.186031281,-103.9087584000005,0.7919799498746867,2026-02-17 15:07:00+00:00,surfline_trevone_20260217_1507
-553685.0833252608,6541246.186031281,-103.9087584000005,0.794486215538847,2026-02-17 15:07:00+00:00,surfline_trevone_20260217_1507
-553685.0833252608,6541246.186031281,-103.9087584000005,0.7969924812030075,2026-02-17 15:07:00+00:00,surfline_trevone_20260217_1507
-553685.0833252608,6541246.186031281,-103.9087584000005,0.7994987468671679,2026-02-17 15:07:00+00:00,surfline_trevone_20260217_1507
-553685.0833252608,6541246.186031281,-103.9087584000005,0.8020050125313283,2026-02-17 15:07:00+00:00,surfline_trevone_20260217_1507
-553685.0833252608,6541246.186031281,-103.9087584000005,0.8045112781954886,2026-02-17 15:07:00+00:00,surfline_trevone_20260217_1507
-553685.0833252608,6541246.186031281,-103.9087584000005,0.8070175438596491,2026-02-17 15:07:00+00:00,surfline_trevone_20260217_1507
-553685.0833252608,6541246.186031281,-103.9087584000005,0.8095238095238095,2026-02-17 15:07:00+00:00,surfline_trevone_20260217_1507
-553685.0833252608,6541246.186031281,-103.9087584000005,0.8120300751879699,2026-02-17 15:07:00+00:00,surfline_trevone_20260217_1507
-553685.0833252608,6541246.186031281,-103.9087584000005,0.8145363408521302,2026-02-17 15:07:00+00:00,surfline_trevone_20260217_1507
-553685.0833252608,6541246.186031281,-103.9087584000005,0.8170426065162907,2026-02-17 15:07:00+00:00,surfline_trevone_20260217_1507
-553685.0833252608,6541246.186031281,-103.9087584000005,0.8195488721804511,2026-02-17 15:07:00+00:00,surfline_trevone_20260217_1507
-553685.0833252608,6541246.186031281,-103.9087584000005,0.8220551378446115,2026-02-17 15:07:00+00:00,surfline_trevone_20260217_1507
-553685.0833252608,6541246.186031281,-103.9087584000005,0.8245614035087718,2026-02-17 15:07:00+00:00,surfline_trevone_20260217_1507
-553685.0833252608,6541246.186031281,-103.9087584000005,0.8270676691729323,2026-02-17 15:07:00+00:00,surfline_trevone_20260217_1507
-553685.0833252608,6541246.186031281,-103.9087584000005,0.8295739348370927,2026-02-17 15:07:00+00:00,surfline_trevone_20260217_1507
-553685.0833252608,6541246.186031281,-103.9087584000005,0.8320802005012531,2026-02-17 15:07:00+00:00,surfline_trevone_20260217_1507
-553685.0833252608,6541246.186031281,-103.9087584000005,0.8345864661654134,2026-02-17 15:07:00+00:00,surfline_trevone_20260217_1507
-553685.0833252608,6541246.186031281,-103.9087584000005,0.8370927318295739,2026-02-17 15:07:00+00:00,surfline_trevone_20260217_1507
-553685.0833252608,6541246.186031281,-103.9087584000005,0.8395989974937343,2026-02-17 15:07:00+00:00,surfline_trevone_20260217_1507
-553685.0833252608,6541246.186031281,-103.9087584000005,0.8421052631578947,2026-02-17 15:07:00+00:00,surfline_trevone_20260217_1507
-553685.0833252608,6541246.186031281,-103.9087584000005,0.844611528822055,2026-02-17 15:07:00+00:00,surfline_trevone_20260217_1507
-553685.0833252608,6541246.186031281,-103.9087584000005,0.8471177944862155,2026-02-17 15:07:00+00:00,surfline_trevone_20260217_1507
-553685.0833252608,6541246.186031281,-103.9087584000005,0.849624060150376,2026-02-17 15:07:00+00:00,surfline_trevone_20260217_1507
-553685.0833252608,6541246.186031281,-103.9087584000005,0.8521303258145363,2026-02-17 15:07:00+00:00,surfline_trevone_20260217_1507
-553685.0833252608,6541246.186031281,-103.9087584000005,0.8546365914786966,2026-02-17 15:07:00+00:00,surfline_trevone_20260217_1507
-553685.0833252608,6541246.186031281,-103.9087584000005,0.8571428571428571,2026-02-17 15:07:00+00:00,surfline_trevone_20260217_1507
-553685.0833252608,6541246.186031281,-103.9087584000005,0.8596491228070176,2026-02-17 15:07:00+00:00,surfline_trevone_20260217_1507
-553685.0833252608,6541246.186031281,-103.9087584000005,0.8621553884711779,2026-02-17 15:07:00+00:00,surfline_trevone_20260217_1507
-553685.0833252608,6541246.186031281,-103.9087584000005,0.8646616541353382,2026-02-17 15:07:00+00:00,surfline_trevone_20260217_1507
-553685.0833252608,6541246.186031281,-103.9087584000005,0.8671679197994987,2026-02-17 15:07:00+00:00,surfline_trevone_20260217_1507
-553685.0833252608,6541246.186031281,-103.9087584000005,0.8696741854636592,2026-02-17 15:07:00+00:00,surfline_trevone_20260217_1507
-553685.0833252608,6541246.186031281,-103.9087584000005,0.8721804511278195,2026-02-17 15:07:00+00:00,surfline_trevone_20260217_1507
-553685.0833252608,6541246.186031281,-103.9087584000005,0.8746867167919798,2026-02-17 15:07:00+00:00,surfline_trevone_20260217_1507
-553685.0833252608,6541246.186031281,-103.9087584000005,0.8771929824561403,2026-02-17 15:07:00+00:00,surfline_trevone_20260217_1507
-553685.0833252608,6541246.186031281,-103.9087584000005,0.8796992481203008,2026-02-17 15:07:00+00:00,surfline_trevone_20260217_1507
-553685.0833252608,6541246.186031281,-103.9087584000005,0.8822055137844611,2026-02-17 15:07:00+00:00,surfline_trevone_20260217_1507
-553685.0833252608,6541246.186031281,-103.9087584000005,0.8847117794486214,2026-02-17 15:07:00+00:00,surfline_trevone_20260217_1507
-553685.0833252608,6541246.186031281,-103.9087584000005,0.8872180451127819,2026-02-17 15:07:00+00:00,surfline_trevone_20260217_1507
-553685.0833252608,6541246.186031281,-103.9087584000005,0.8897243107769424,2026-02-17 15:07:00+00:00,surfline_trevone_20260217_1507
-553685.0833252608,6541246.186031281,-103.9087584000005,0.8922305764411027,2026-02-17 15:07:00+00:00,surfline_trevone_20260217_1507
-553685.0833252608,6541246.186031281,-103.9087584000005,0.894736842105263,2026-02-17 15:07:00+00:00,surfline_trevone_20260217_1507
-553685.0833252608,6541246.186031281,-103.9087584000005,0.8972431077694235,2026-02-17 15:07:00+00:00,surfline_trevone_20260217_1507
-553685.0833252608,6541246.186031281,-103.9087584000005,0.899749373433584,2026-02-17 15:07:00+00:00,surfline_trevone_20260217_1507
-553685.0833252608,6541246.186031281,-103.9087584000005,0.9022556390977443,2026-02-17 15:07:00+00:00,surfline_trevone_20260217_1507
-553685.0833252608,6541246.186031281,-103.9087584000005,0.9047619047619047,2026-02-17 15:07:00+00:00,surfline_trevone_20260217_1507
-553685.0833252608,6541246.186031281,-103.9087584000005,0.9072681704260651,2026-02-17 15:07:00+00:00,surfline_trevone_20260217_1507
-553685.0833252608,6541246.186031281,-103.9087584000005,0.9097744360902256,2026-02-17 15:07:00+00:00,surfline_trevone_20260217_1507
-553685.0833252608,6541246.186031281,-103.9087584000005,0.9122807017543859,2026-02-17 15:07:00+00:00,surfline_trevone_20260217_1507
-553685.0833252608,6541246.186031281,-103.9087584000005,0.9147869674185463,2026-02-17 15:07:00+00:00,surfline_trevone_20260217_1507
-553685.0833252608,6541246.186031281,-103.9087584000005,0.9172932330827067,2026-02-17 15:07:00+00:00,surfline_trevone_20260217_1507
-553685.0833252608,6541246.186031281,-103.9087584000005,0.9197994987468672,2026-02-17 15:07:00+00:00,surfline_trevone_20260217_1507
-553685.0833252608,6541246.186031281,-103.9087584000005,0.9223057644110275,2026-02-17 15:07:00+00:00,surfline_trevone_20260217_1507
-553685.0833252608,6541246.186031281,-103.9087584000005,0.9248120300751879,2026-02-17 15:07:00+00:00,surfline_trevone_20260217_1507
-553685.0833252608,6541246.186031281,-103.9087584000005,0.9273182957393483,2026-02-17 15:07:00+00:00,surfline_trevone_20260217_1507
-553685.0833252608,6541246.186031281,-103.9087584000005,0.9298245614035088,2026-02-17 15:07:00+00:00,surfline_trevone_20260217_1507
-553685.0833252608,6541246.186031281,-103.9087584000005,0.9323308270676691,2026-02-17 15:07:00+00:00,surfline_trevone_20260217_1507
-553685.0833252608,6541246.186031281,-103.9087584000005,0.9348370927318295,2026-02-17 15:07:00+00:00,surfline_trevone_20260217_1507
-553685.0833252608,6541246.186031281,-103.9087584000005,0.9373433583959899,2026-02-17 15:07:00+00:00,surfline_trevone_20260217_1507
-553685.0833252608,6541246.186031281,-103.9087584000005,0.9398496240601504,2026-02-17 15:07:00+00:00,surfline_trevone_20260217_1507
-553685.0833252608,6541246.186031281,-103.9087584000005,0.9423558897243107,2026-02-17 15:07:00+00:00,surfline_trevone_20260217_1507
-553685.0833252608,6541246.186031281,-103.9087584000005,0.9448621553884711,2026-02-17 15:07:00+00:00,surfline_trevone_20260217_1507
-553685.0833252608,6541246.186031281,-103.9087584000005,0.9473684210526315,2026-02-17 15:07:00+00:00,surfline_trevone_20260217_1507
-553685.0833252608,6541246.186031281,-103.9087584000005,0.949874686716792,2026-02-17 15:07:00+00:00,surfline_trevone_20260217_1507
-553685.0833252608,6541246.186031281,-103.9087584000005,0.9523809523809523,2026-02-17 15:07:00+00:00,surfline_trevone_20260217_1507
-553685.0833252608,6541246.186031281,-103.9087584000005,0.9548872180451127,2026-02-17 15:07:00+00:00,surfline_trevone_20260217_1507
-553685.0833252608,6541246.186031281,-103.9087584000005,0.9573934837092731,2026-02-17 15:07:00+00:00,surfline_trevone_20260217_1507
-553685.0833252608,6541246.186031281,-103.9087584000005,0.9598997493734336,2026-02-17 15:07:00+00:00,surfline_trevone_20260217_1507
-553685.0833252608,6541246.186031281,-103.9087584000005,0.9624060150375939,2026-02-17 15:07:00+00:00,surfline_trevone_20260217_1507
-553685.0833252608,6541246.186031281,-103.9087584000005,0.9649122807017543,2026-02-17 15:07:00+00:00,surfline_trevone_20260217_1507
-553685.0833252608,6541246.186031281,-103.9087584000005,0.9674185463659147,2026-02-17 15:07:00+00:00,surfline_trevone_20260217_1507
-553685.0833252608,6541246.186031281,-103.9087584000005,0.9699248120300752,2026-02-17 15:07:00+00:00,surfline_trevone_20260217_1507
-553685.0833252608,6541246.186031281,-103.9087584000005,0.9724310776942355,2026-02-17 15:07:00+00:00,surfline_trevone_20260217_1507
-553685.0833252608,6541246.186031281,-103.9087584000005,0.9749373433583959,2026-02-17 15:07:00+00:00,surfline_trevone_20260217_1507
-553685.0833252608,6541246.186031281,-103.9087584000005,0.9774436090225563,2026-02-17 15:07:00+00:00,surfline_trevone_20260217_1507
-553685.0833252608,6541246.186031281,-103.9087584000005,0.9799498746867168,2026-02-17 15:07:00+00:00,surfline_trevone_20260217_1507
-553685.0833252608,6541246.186031281,-103.9087584000005,0.9824561403508771,2026-02-17 15:07:00+00:00,surfline_trevone_20260217_1507
-553685.0833252608,6541246.186031281,-103.9087584000005,0.9849624060150375,2026-02-17 15:07:00+00:00,surfline_trevone_20260217_1507
-553685.0833252608,6541246.186031281,-103.9087584000005,0.9874686716791979,2026-02-17 15:07:00+00:00,surfline_trevone_20260217_1507
-553685.0833252608,6541246.186031281,-103.9087584000005,0.9899749373433584,2026-02-17 15:07:00+00:00,surfline_trevone_20260217_1507
-553685.0833252608,6541246.186031281,-103.9087584000005,0.9924812030075187,2026-02-17 15:07:00+00:00,surfline_trevone_20260217_1507
-553685.0833252608,6541246.186031281,-103.9087584000005,0.9949874686716791,2026-02-17 15:07:00+00:00,surfline_trevone_20260217_1507
-553685.0833252608,6541246.186031281,-103.9087584000005,0.9974937343358395,2026-02-17 15:07:00+00:00,surfline_trevone_20260217_1507
-553685.0833252608,6541246.186031281,-103.9087584000005,1.0,2026-02-17 15:07:00+00:00,surfline_trevone_20260217_1507
-553688.1023241497,6541304.374618257,-103.9416768000005,0.0,2026-02-17 15:16:00+00:00,surfline_trevone_20260217_1516
-553688.1005666552,6541303.981590616,-103.9416768000005,0.002506265664160401,2026-02-17 15:16:00+00:00,surfline_trevone_20260217_1516
-553688.3000798603,6541303.647328076,-103.9416768000005,0.005012531328320802,2026-02-17 15:16:00+00:00,surfline_trevone_20260217_1516
-553688.5083283485,6541303.315615867,-103.9416768000005,0.007518796992481203,2026-02-17 15:16:00+00:00,surfline_trevone_20260217_1516
-553688.6936191211,6541302.977200793,-103.9416768000005,0.010025062656641603,2026-02-17 15:16:00+00:00,surfline_trevone_20260217_1516
-553688.8768308054,6541302.638178802,-103.9416768000005,0.012531328320802004,2026-02-17 15:16:00+00:00,surfline_trevone_20260217_1516
-553689.0657389428,6541302.300819892,-103.9416768000005,0.015037593984962405,2026-02-17 15:16:00+00:00,surfline_trevone_20260217_1516
-553689.2533222737,6541301.963074061,-103.9416768000005,0.017543859649122806,2026-02-17 15:16:00+00:00,surfline_trevone_20260217_1516
-553689.4420666094,6541301.625667326,-103.9416768000005,0.020050125313283207,2026-02-17 15:16:00+00:00,surfline_trevone_20260217_1516
-553689.6616135417,6541301.297254167,-103.9416768000005,0.022556390977443608,2026-02-17 15:16:00+00:00,surfline_trevone_20260217_1516
-553689.9325090501,6541300.983833175,-103.9416768000005,0.02506265664160401,2026-02-17 15:16:00+00:00,surfline_trevone_20260217_1516
-553690.1896921325,6541300.666408441,-103.9416768000005,0.02756892230576441,2026-02-17 15:16:00+00:00,surfline_trevone_20260217_1516
-553690.41939158,6541300.340959403,-103.9416768000005,0.03007518796992481,2026-02-17 15:16:00+00:00,surfline_trevone_20260217_1516
-553690.6469379883,6541300.014881857,-103.9416768000005,0.03258145363408521,2026-02-17 15:16:00+00:00,surfline_trevone_20260217_1516
-553690.908905538,6541299.698854161,-103.9416768000005,0.03508771929824561,2026-02-17 15:16:00+00:00,surfline_trevone_20260217_1516
-553691.1835532439,6541299.386528588,-103.9416768000005,0.03759398496240601,2026-02-17 15:16:00+00:00,surfline_trevone_20260217_1516
-553691.4760511491,6541299.079414866,-103.9416768000005,0.040100250626566414,2026-02-17 15:16:00+00:00,surfline_trevone_20260217_1516
-553691.751019626,6541298.767183179,-103.9416768000005,0.042606516290726815,2026-02-17 15:16:00+00:00,surfline_trevone_20260217_1516
-553691.8985277485,6541298.417736673,-103.9416768000005,0.045112781954887216,2026-02-17 15:16:00+00:00,surfline_trevone_20260217_1516
-553692.0124508344,6541298.058484202,-103.9416768000005,0.047619047619047616,2026-02-17 15:16:00+00:00,surfline_trevone_20260217_1516
-553692.1029300703,6541297.692386926,-103.9416768000005,0.05012531328320802,2026-02-17 15:16:00+00:00,surfline_trevone_20260217_1516
-553692.2159109947,6541297.332859604,-103.9416768000005,0.05263157894736842,2026-02-17 15:16:00+00:00,surfline_trevone_20260217_1516
-553692.3425825251,6541296.977329421,-103.9416768000005,0.05513784461152882,2026-02-17 15:16:00+00:00,surfline_trevone_20260217_1516
-553692.3979089181,6541296.600968425,-103.9416768000005,0.05764411027568922,2026-02-17 15:16:00+00:00,surfline_trevone_20260217_1516
-553692.4039208227,6541296.210209271,-103.9416768000005,0.06015037593984962,2026-02-17 15:16:00+00:00,surfline_trevone_20260217_1516
-553692.389114068,6541295.81337156,-103.9416768000005,0.06265664160401002,2026-02-17 15:16:00+00:00,surfline_trevone_20260217_1516
-553692.3654063194,6541295.413934902,-103.9416768000005,0.06516290726817042,2026-02-17 15:16:00+00:00,surfline_trevone_20260217_1516
-553691.9683364917,6541294.905487582,-103.9416768000005,0.06766917293233082,2026-02-17 15:16:00+00:00,surfline_trevone_20260217_1516
-553691.90674633,6541294.494990549,-103.9416768000005,0.07017543859649122,2026-02-17 15:16:00+00:00,surfline_trevone_20260217_1516
-553691.9471561466,6541294.114274464,-103.9416768000005,0.07268170426065163,2026-02-17 15:16:00+00:00,surfline_trevone_20260217_1516
-553692.0996879021,6541293.766294597,-103.9416768000005,0.07518796992481203,2026-02-17 15:16:00+00:00,surfline_trevone_20260217_1516
-553692.2563085855,6541293.419508693,-103.9416768000005,0.07769423558897243,2026-02-17 15:16:00+00:00,surfline_trevone_20260217_1516
-553692.465947708,6541293.088202743,-103.9416768000005,0.08020050125313283,2026-02-17 15:16:00+00:00,surfline_trevone_20260217_1516
-553692.6716058793,6541292.755734353,-103.9416768000005,0.08270676691729323,2026-02-17 15:16:00+00:00,surfline_trevone_20260217_1516
-553692.8625932344,6541292.418982398,-103.9416768000005,0.08521303258145363,2026-02-17 15:16:00+00:00,surfline_trevone_20260217_1516
-553693.0383460206,6541292.07778251,-103.9416768000005,0.08771929824561403,2026-02-17 15:16:00+00:00,surfline_trevone_20260217_1516
-553693.216276154,6541291.73721846,-103.9416768000005,0.09022556390977443,2026-02-17 15:16:00+00:00,surfline_trevone_20260217_1516
-553693.1157862864,6541291.315363781,-103.9416768000005,0.09273182957393483,2026-02-17 15:16:00+00:00,surfline_trevone_20260217_1516
-553693.0907992853,6541290.915553619,-103.9416768000005,0.09523809523809523,2026-02-17 15:16:00+00:00,surfline_trevone_20260217_1516
-553693.1012748504,6541290.526097607,-103.9416768000005,0.09774436090225563,2026-02-17 15:16:00+00:00,surfline_trevone_20260217_1516
-553693.2350053416,6541290.172628552,-103.9416768000005,0.10025062656641603,2026-02-17 15:16:00+00:00,surfline_trevone_20260217_1516
-553693.2841563588,6541289.794464642,-103.9416768000005,0.10275689223057644,2026-02-17 15:16:00+00:00,surfline_trevone_20260217_1516
-553693.250493449,6541289.392121368,-103.9416768000005,0.10526315789473684,2026-02-17 15:16:00+00:00,surfline_trevone_20260217_1516
-553693.2209230192,6541288.990973095,-103.9416768000005,0.10776942355889724,2026-02-17 15:16:00+00:00,surfline_trevone_20260217_1516
-553693.312028622,6541288.625058817,-103.9416768000005,0.11027568922305764,2026-02-17 15:16:00+00:00,surfline_trevone_20260217_1516
-553693.375193699,6541288.250986604,-103.9416768000005,0.11278195488721804,2026-02-17 15:16:00+00:00,surfline_trevone_20260217_1516
-553693.4299415679,6541287.874456696,-103.9416768000005,0.11528822055137844,2026-02-17 15:16:00+00:00,surfline_trevone_20260217_1516
-553693.486620503,6541287.498490836,-103.9416768000005,0.11779448621553884,2026-02-17 15:16:00+00:00,surfline_trevone_20260217_1516
-553693.5541422574,6541287.125690646,-103.9416768000005,0.12030075187969924,2026-02-17 15:16:00+00:00,surfline_trevone_20260217_1516
-553693.6219033102,6541286.752960207,-103.9416768000005,0.12280701754385964,2026-02-17 15:16:00+00:00,surfline_trevone_20260217_1516
-553693.6935777129,6541286.3813724695,-103.9416768000005,0.12531328320802004,2026-02-17 15:16:00+00:00,surfline_trevone_20260217_1516
-553693.7698108421,6541286.011115864,-103.9416768000005,0.12781954887218044,2026-02-17 15:16:00+00:00,surfline_trevone_20260217_1516
-553693.8460440108,6541285.640859151,-103.9416768000005,0.13032581453634084,2026-02-17 15:16:00+00:00,surfline_trevone_20260217_1516
-553693.9524710643,6541285.279418057,-103.9416768000005,0.13283208020050125,2026-02-17 15:16:00+00:00,surfline_trevone_20260217_1516
-553694.0660353036,6541284.920060979,-103.9416768000005,0.13533834586466165,2026-02-17 15:16:00+00:00,surfline_trevone_20260217_1516
-553694.1322349173,6541284.54687483,-103.9416768000005,0.13784461152882205,2026-02-17 15:16:00+00:00,surfline_trevone_20260217_1516
-553694.1825219768,6541284.169042611,-103.9416768000005,0.14035087719298245,2026-02-17 15:16:00+00:00,surfline_trevone_20260217_1516
-553694.237800428,6541283.792667617,-103.9416768000005,0.14285714285714285,2026-02-17 15:16:00+00:00,surfline_trevone_20260217_1516
-553694.3044026361,6541283.419598947,-103.9416768000005,0.14536340852130325,2026-02-17 15:16:00+00:00,surfline_trevone_20260217_1516
-553693.8783198299,6541282.902680752,-103.9416768000005,0.14786967418546365,2026-02-17 15:16:00+00:00,surfline_trevone_20260217_1516
-553693.9464094335,6541282.530046357,-103.9416768000005,0.15037593984962405,2026-02-17 15:16:00+00:00,surfline_trevone_20260217_1516
-553694.1230220901,6541282.189097409,-103.9416768000005,0.15288220551378445,2026-02-17 15:16:00+00:00,surfline_trevone_20260217_1516
-553694.2948416644,6541281.846749138,-103.9416768000005,0.15538847117794485,2026-02-17 15:16:00+00:00,surfline_trevone_20260217_1516
-553694.3817858268,6541281.479619841,-103.9416768000005,0.15789473684210525,2026-02-17 15:16:00+00:00,surfline_trevone_20260217_1516
-553694.3737807978,6541281.0847680345,-103.9416768000005,0.16040100250626566,2026-02-17 15:16:00+00:00,surfline_trevone_20260217_1516
-553694.182316635,6541280.636351401,-103.9416768000005,0.16290726817042606,2026-02-17 15:16:00+00:00,surfline_trevone_20260217_1516
-553694.0831948372,6541280.214896158,-103.9416768000005,0.16541353383458646,2026-02-17 15:16:00+00:00,surfline_trevone_20260217_1516
-553693.9267921783,6541279.776716694,-103.9416768000005,0.16791979949874686,2026-02-17 15:16:00+00:00,surfline_trevone_20260217_1516
-553694.0529942095,6541279.421049431,-103.9416768000005,0.17042606516290726,2026-02-17 15:16:00+00:00,surfline_trevone_20260217_1516
-553694.2038421541,6541279.072577939,-103.9416768000005,0.17293233082706766,2026-02-17 15:16:00+00:00,surfline_trevone_20260217_1516
-553694.3571913487,6541278.7248369735,-103.9416768000005,0.17543859649122806,2026-02-17 15:16:00+00:00,surfline_trevone_20260217_1516
-553694.3799057024,6541278.33895433,-103.9416768000005,0.17794486215538846,2026-02-17 15:16:00+00:00,surfline_trevone_20260217_1516
-553694.2246296937,6541277.90110358,-103.9416768000005,0.18045112781954886,2026-02-17 15:16:00+00:00,surfline_trevone_20260217_1516
-553693.9678471143,6541277.433615993,-103.9416768000005,0.18295739348370926,2026-02-17 15:16:00+00:00,surfline_trevone_20260217_1516
-553693.7449297839,6541276.976016186,-103.9416768000005,0.18546365914786966,2026-02-17 15:16:00+00:00,surfline_trevone_20260217_1516
-553693.8178543111,6541276.604793448,-103.9416768000005,0.18796992481203006,2026-02-17 15:16:00+00:00,surfline_trevone_20260217_1516
-553693.912578036,6541276.239935322,-103.9416768000005,0.19047619047619047,2026-02-17 15:16:00+00:00,surfline_trevone_20260217_1516
-553694.0406748953,6541275.884821294,-103.9416768000005,0.19298245614035087,2026-02-17 15:16:00+00:00,surfline_trevone_20260217_1516
-553693.858433873,6541275.439097783,-103.9416768000005,0.19548872180451127,2026-02-17 15:16:00+00:00,surfline_trevone_20260217_1516
-553693.8843775592,6541275.05415806,-103.9416768000005,0.19799498746867167,2026-02-17 15:16:00+00:00,surfline_trevone_20260217_1516
-553694.1805619767,6541274.748120525,-103.9416768000005,0.20050125313283207,2026-02-17 15:16:00+00:00,surfline_trevone_20260217_1516
-553694.2966622204,6541274.389503836,-103.9416768000005,0.20300751879699247,2026-02-17 15:16:00+00:00,surfline_trevone_20260217_1516
-553694.3572245941,6541274.014671828,-103.9416768000005,0.20551378446115287,2026-02-17 15:16:00+00:00,surfline_trevone_20260217_1516
-553694.4177870128,6541273.639839714,-103.9416768000005,0.20802005012531327,2026-02-17 15:16:00+00:00,surfline_trevone_20260217_1516
-553694.4661238879,6541273.261437982,-103.9416768000005,0.21052631578947367,2026-02-17 15:16:00+00:00,surfline_trevone_20260217_1516
-553694.5074135896,6541272.880978799,-103.9416768000005,0.21303258145363407,2026-02-17 15:16:00+00:00,surfline_trevone_20260217_1516
-553694.5487032403,6541272.500519718,-103.9416768000005,0.21553884711779447,2026-02-17 15:16:00+00:00,surfline_trevone_20260217_1516
-553694.6305256833,6541272.131894912,-103.9416768000005,0.21804511278195488,2026-02-17 15:16:00+00:00,surfline_trevone_20260217_1516
-553694.7124450002,6541271.763298272,-103.9416768000005,0.22055137844611528,2026-02-17 15:16:00+00:00,surfline_trevone_20260217_1516
-553694.8028386802,6541271.397176017,-103.9416768000005,0.22305764411027568,2026-02-17 15:16:00+00:00,surfline_trevone_20260217_1516
-553694.8424013638,6541271.016212712,-103.9416768000005,0.22556390977443608,2026-02-17 15:16:00+00:00,surfline_trevone_20260217_1516
-553694.881955755,6541270.635246868,-103.9416768000005,0.22807017543859648,2026-02-17 15:16:00+00:00,surfline_trevone_20260217_1516
-553694.9237678363,6541270.254940087,-103.9416768000005,0.23057644110275688,2026-02-17 15:16:00+00:00,surfline_trevone_20260217_1516
-553694.9837221103,6541269.879930532,-103.9416768000005,0.23308270676691728,2026-02-17 15:16:00+00:00,surfline_trevone_20260217_1516
-553695.0757587518,6541269.514287972,-103.9416768000005,0.23558897243107768,2026-02-17 15:16:00+00:00,surfline_trevone_20260217_1516
-553695.1734235066,6541269.150288541,-103.9416768000005,0.23809523809523808,2026-02-17 15:16:00+00:00,surfline_trevone_20260217_1516
-553695.2701560996,6541268.786017063,-103.9416768000005,0.24060150375939848,2026-02-17 15:16:00+00:00,surfline_trevone_20260217_1516
-553695.377869821,6541268.424951872,-103.9416768000005,0.24310776942355888,2026-02-17 15:16:00+00:00,surfline_trevone_20260217_1516
-553695.4704862104,6541268.059478583,-103.9416768000005,0.24561403508771928,2026-02-17 15:16:00+00:00,surfline_trevone_20260217_1516
-553695.5041834813,6541267.676802513,-103.9416768000005,0.24812030075187969,2026-02-17 15:16:00+00:00,surfline_trevone_20260217_1516
-553695.536850215,6541267.293825675,-103.9416768000005,0.2506265664160401,2026-02-17 15:16:00+00:00,surfline_trevone_20260217_1516
-553695.5647388916,6541266.909453901,-103.9416768000005,0.2531328320802005,2026-02-17 15:16:00+00:00,surfline_trevone_20260217_1516
-553695.5928819486,6541266.525156281,-103.9416768000005,0.2556390977443609,2026-02-17 15:16:00+00:00,surfline_trevone_20260217_1516
-553695.6225129735,6541266.141292986,-103.9416768000005,0.2581453634085213,2026-02-17 15:16:00+00:00,surfline_trevone_20260217_1516
-553695.6526017596,6541265.757563463,-103.9416768000005,0.2606516290726817,2026-02-17 15:16:00+00:00,surfline_trevone_20260217_1516
-553695.6834692628,6541265.37406142,-103.9416768000005,0.2631578947368421,2026-02-17 15:16:00+00:00,surfline_trevone_20260217_1516
-553695.6982228758,6541264.985854522,-103.9416768000005,0.2656641604010025,2026-02-17 15:16:00+00:00,surfline_trevone_20260217_1516
-553695.6163467503,6541264.569434345,-103.9416768000005,0.2681704260651629,2026-02-17 15:16:00+00:00,surfline_trevone_20260217_1516
-553695.5418626848,6541264.155172601,-103.9416768000005,0.2706766917293233,2026-02-17 15:16:00+00:00,surfline_trevone_20260217_1516
-553695.4695355106,6541263.741540725,-103.9416768000005,0.2731829573934837,2026-02-17 15:16:00+00:00,surfline_trevone_20260217_1516
-553695.398240229,6541263.328210012,-103.9416768000005,0.2756892230576441,2026-02-17 15:16:00+00:00,surfline_trevone_20260217_1516
-553695.3276002057,6541262.915070498,-103.9416768000005,0.2781954887218045,2026-02-17 15:16:00+00:00,surfline_trevone_20260217_1516
-553695.2671095352,6541262.504894418,-103.9416768000005,0.2807017543859649,2026-02-17 15:16:00+00:00,surfline_trevone_20260217_1516
-553695.2202573419,6541262.098700493,-103.9416768000005,0.2832080200501253,2026-02-17 15:16:00+00:00,surfline_trevone_20260217_1516
-553695.2031498441,6541261.70119103,-103.9416768000005,0.2857142857142857,2026-02-17 15:16:00+00:00,surfline_trevone_20260217_1516
-553695.2027634267,6541261.308563519,-103.9416768000005,0.2882205513784461,2026-02-17 15:16:00+00:00,surfline_trevone_20260217_1516
-553695.2023598053,6541260.915931102,-103.9416768000005,0.2907268170426065,2026-02-17 15:16:00+00:00,surfline_trevone_20260217_1516
-553695.20195612,6541260.523298786,-103.9416768000005,0.2932330827067669,2026-02-17 15:16:00+00:00,surfline_trevone_20260217_1516
-553695.201552498,6541260.130666368,-103.9416768000005,0.2957393483709273,2026-02-17 15:16:00+00:00,surfline_trevone_20260217_1516
-553695.2035022347,6541259.738720945,-103.9416768000005,0.2982456140350877,2026-02-17 15:16:00+00:00,surfline_trevone_20260217_1516
-553695.2197808457,6541259.350959372,-103.9416768000005,0.3007518796992481,2026-02-17 15:16:00+00:00,surfline_trevone_20260217_1516
-553695.2363404597,6541258.963279724,-103.9416768000005,0.3032581453634085,2026-02-17 15:16:00+00:00,surfline_trevone_20260217_1516
-553695.2529005455,6541258.575600096,-103.9416768000005,0.3057644110275689,2026-02-17 15:16:00+00:00,surfline_trevone_20260217_1516
-553695.2696859174,6541258.187986364,-103.9416768000005,0.3082706766917293,2026-02-17 15:16:00+00:00,surfline_trevone_20260217_1516
-553695.303769092,6541257.805423204,-103.9416768000005,0.3107769423558897,2026-02-17 15:16:00+00:00,surfline_trevone_20260217_1516
-553695.3458077236,6541257.425182685,-103.9416768000005,0.3132832080200501,2026-02-17 15:16:00+00:00,surfline_trevone_20260217_1516
-553695.3873621501,6541257.044800675,-103.9416768000005,0.3157894736842105,2026-02-17 15:16:00+00:00,surfline_trevone_20260217_1516
-553695.4282174231,6541256.664214651,-103.9416768000005,0.3182957393483709,2026-02-17 15:16:00+00:00,surfline_trevone_20260217_1516
-553695.4697784751,6541256.283834813,-103.9416768000005,0.3208020050125313,2026-02-17 15:16:00+00:00,surfline_trevone_20260217_1516
-553695.5079166843,6541255.9024554845,-103.9416768000005,0.3233082706766917,2026-02-17 15:16:00+00:00,surfline_trevone_20260217_1516
-553695.5090511988,6541255.51027204,-103.9416768000005,0.3258145363408521,2026-02-17 15:16:00+00:00,surfline_trevone_20260217_1516
-553695.5001503794,6541255.11515869,-103.9416768000005,0.3283208020050125,2026-02-17 15:16:00+00:00,surfline_trevone_20260217_1516
-553695.4843556064,6541254.7180326255,-103.9416768000005,0.3308270676691729,2026-02-17 15:16:00+00:00,surfline_trevone_20260217_1516
-553695.45826597,6541254.317900692,-103.9416768000005,0.3333333333333333,2026-02-17 15:16:00+00:00,surfline_trevone_20260217_1516
-553695.3585323284,6541253.896266639,-103.9416768000005,0.3358395989974937,2026-02-17 15:16:00+00:00,surfline_trevone_20260217_1516
-553695.3527335747,6541253.502059002,-103.9416768000005,0.3383458646616541,2026-02-17 15:16:00+00:00,surfline_trevone_20260217_1516
-553695.4034583565,6541253.124354706,-103.9416768000005,0.3408521303258145,2026-02-17 15:16:00+00:00,surfline_trevone_20260217_1516
-553695.454183187,6541252.746650304,-103.9416768000005,0.3433583959899749,2026-02-17 15:16:00+00:00,surfline_trevone_20260217_1516
-553695.5049080664,6541252.368945798,-103.9416768000005,0.3458646616541353,2026-02-17 15:16:00+00:00,surfline_trevone_20260217_1516
-553695.5503108525,6541251.9896875145,-103.9416768000005,0.3483709273182957,2026-02-17 15:16:00+00:00,surfline_trevone_20260217_1516
-553695.5917043812,6541251.609258765,-103.9416768000005,0.3508771929824561,2026-02-17 15:16:00+00:00,surfline_trevone_20260217_1516
-553695.6319241596,6541251.2284871945,-103.9416768000005,0.3533834586466165,2026-02-17 15:16:00+00:00,surfline_trevone_20260217_1516
-553695.6685505608,6541250.846666344,-103.9416768000005,0.3558897243107769,2026-02-17 15:16:00+00:00,surfline_trevone_20260217_1516
-553695.7029491034,6541250.464195264,-103.9416768000005,0.3583959899749373,2026-02-17 15:16:00+00:00,surfline_trevone_20260217_1516
-553695.7366222235,6541250.081512259,-103.9416768000005,0.3609022556390977,2026-02-17 15:16:00+00:00,surfline_trevone_20260217_1516
-553695.7695210822,6541249.698603076,-103.9416768000005,0.3634085213032581,2026-02-17 15:16:00+00:00,surfline_trevone_20260217_1516
-553695.8024198863,6541249.315693995,-103.9416768000005,0.3659147869674185,2026-02-17 15:16:00+00:00,surfline_trevone_20260217_1516
-553695.8339125528,6541248.932374483,-103.9416768000005,0.3684210526315789,2026-02-17 15:16:00+00:00,surfline_trevone_20260217_1516
-553695.85978041,6541248.547412571,-103.9416768000005,0.37092731829573933,2026-02-17 15:16:00+00:00,surfline_trevone_20260217_1516
-553695.8834919228,6541248.16182095,-103.9416768000005,0.37343358395989973,2026-02-17 15:16:00+00:00,surfline_trevone_20260217_1516
-553695.9072033783,6541247.776229432,-103.9416768000005,0.37593984962406013,2026-02-17 15:16:00+00:00,surfline_trevone_20260217_1516
-553695.9296807616,6541247.39027772,-103.9416768000005,0.37844611528822053,2026-02-17 15:16:00+00:00,surfline_trevone_20260217_1516
-553695.9410267872,6541247.001075856,-103.9416768000005,0.38095238095238093,2026-02-17 15:16:00+00:00,surfline_trevone_20260217_1516
-553695.9305639641,6541246.605506327,-103.9416768000005,0.38345864661654133,2026-02-17 15:16:00+00:00,surfline_trevone_20260217_1516
-553695.9097275721,6541246.206908138,-103.9416768000005,0.38596491228070173,2026-02-17 15:16:00+00:00,surfline_trevone_20260217_1516
-553695.8587454021,6541245.799508382,-103.9416768000005,0.38847117794486213,2026-02-17 15:16:00+00:00,surfline_trevone_20260217_1516
-553695.7893925327,6541245.386744796,-103.9416768000005,0.39097744360902253,2026-02-17 15:16:00+00:00,surfline_trevone_20260217_1516
-553695.7893925327,6541245.386744796,-103.9416768000005,0.39348370927318294,2026-02-17 15:16:00+00:00,surfline_trevone_20260217_1516
-553695.7893925327,6541245.386744796,-103.9416768000005,0.39598997493734334,2026-02-17 15:16:00+00:00,surfline_trevone_20260217_1516
-553695.7893925327,6541245.386744796,-103.9416768000005,0.39849624060150374,2026-02-17 15:16:00+00:00,surfline_trevone_20260217_1516
-553695.7893925327,6541245.386744796,-103.9416768000005,0.40100250626566414,2026-02-17 15:16:00+00:00,surfline_trevone_20260217_1516
-553695.7893925327,6541245.386744796,-103.9416768000005,0.40350877192982454,2026-02-17 15:16:00+00:00,surfline_trevone_20260217_1516
-553695.7893925327,6541245.386744796,-103.9416768000005,0.40601503759398494,2026-02-17 15:16:00+00:00,surfline_trevone_20260217_1516
-553695.7893925327,6541245.386744796,-103.9416768000005,0.40852130325814534,2026-02-17 15:16:00+00:00,surfline_trevone_20260217_1516
-553695.7893925327,6541245.386744796,-103.9416768000005,0.41102756892230574,2026-02-17 15:16:00+00:00,surfline_trevone_20260217_1516
-553695.7893925327,6541245.386744796,-103.9416768000005,0.41353383458646614,2026-02-17 15:16:00+00:00,surfline_trevone_20260217_1516
-553695.7893925327,6541245.386744796,-103.9416768000005,0.41604010025062654,2026-02-17 15:16:00+00:00,surfline_trevone_20260217_1516
-553695.7893925327,6541245.386744796,-103.9416768000005,0.41854636591478694,2026-02-17 15:16:00+00:00,surfline_trevone_20260217_1516
-553695.7893925327,6541245.386744796,-103.9416768000005,0.42105263157894735,2026-02-17 15:16:00+00:00,surfline_trevone_20260217_1516
-553695.7893925327,6541245.386744796,-103.9416768000005,0.42355889724310775,2026-02-17 15:16:00+00:00,surfline_trevone_20260217_1516
-553695.7893925327,6541245.386744796,-103.9416768000005,0.42606516290726815,2026-02-17 15:16:00+00:00,surfline_trevone_20260217_1516
-553695.7893925327,6541245.386744796,-103.9416768000005,0.42857142857142855,2026-02-17 15:16:00+00:00,surfline_trevone_20260217_1516
-553695.7893925327,6541245.386744796,-103.9416768000005,0.43107769423558895,2026-02-17 15:16:00+00:00,surfline_trevone_20260217_1516
-553695.7893925327,6541245.386744796,-103.9416768000005,0.43358395989974935,2026-02-17 15:16:00+00:00,surfline_trevone_20260217_1516
-553695.7893925327,6541245.386744796,-103.9416768000005,0.43609022556390975,2026-02-17 15:16:00+00:00,surfline_trevone_20260217_1516
-553695.7893925327,6541245.386744796,-103.9416768000005,0.43859649122807015,2026-02-17 15:16:00+00:00,surfline_trevone_20260217_1516
-553695.7893925327,6541245.386744796,-103.9416768000005,0.44110275689223055,2026-02-17 15:16:00+00:00,surfline_trevone_20260217_1516
-553695.7893925327,6541245.386744796,-103.9416768000005,0.44360902255639095,2026-02-17 15:16:00+00:00,surfline_trevone_20260217_1516
-553695.7893925327,6541245.386744796,-103.9416768000005,0.44611528822055135,2026-02-17 15:16:00+00:00,surfline_trevone_20260217_1516
-553695.7893925327,6541245.386744796,-103.9416768000005,0.44862155388471175,2026-02-17 15:16:00+00:00,surfline_trevone_20260217_1516
-553695.7893925327,6541245.386744796,-103.9416768000005,0.45112781954887216,2026-02-17 15:16:00+00:00,surfline_trevone_20260217_1516
-553695.7893925327,6541245.386744796,-103.9416768000005,0.45363408521303256,2026-02-17 15:16:00+00:00,surfline_trevone_20260217_1516
-553695.7893925327,6541245.386744796,-103.9416768000005,0.45614035087719296,2026-02-17 15:16:00+00:00,surfline_trevone_20260217_1516
-553695.7893925327,6541245.386744796,-103.9416768000005,0.45864661654135336,2026-02-17 15:16:00+00:00,surfline_trevone_20260217_1516
-553695.7893925327,6541245.386744796,-103.9416768000005,0.46115288220551376,2026-02-17 15:16:00+00:00,surfline_trevone_20260217_1516
-553695.7893925327,6541245.386744796,-103.9416768000005,0.46365914786967416,2026-02-17 15:16:00+00:00,surfline_trevone_20260217_1516
-553695.7893925327,6541245.386744796,-103.9416768000005,0.46616541353383456,2026-02-17 15:16:00+00:00,surfline_trevone_20260217_1516
-553695.7893925327,6541245.386744796,-103.9416768000005,0.46867167919799496,2026-02-17 15:16:00+00:00,surfline_trevone_20260217_1516
-553695.7893925327,6541245.386744796,-103.9416768000005,0.47117794486215536,2026-02-17 15:16:00+00:00,surfline_trevone_20260217_1516
-553695.7893925327,6541245.386744796,-103.9416768000005,0.47368421052631576,2026-02-17 15:16:00+00:00,surfline_trevone_20260217_1516
-553695.7893925327,6541245.386744796,-103.9416768000005,0.47619047619047616,2026-02-17 15:16:00+00:00,surfline_trevone_20260217_1516
-553695.7893925327,6541245.386744796,-103.9416768000005,0.47869674185463656,2026-02-17 15:16:00+00:00,surfline_trevone_20260217_1516
-553695.7893925327,6541245.386744796,-103.9416768000005,0.48120300751879697,2026-02-17 15:16:00+00:00,surfline_trevone_20260217_1516
-553695.7893925327,6541245.386744796,-103.9416768000005,0.48370927318295737,2026-02-17 15:16:00+00:00,surfline_trevone_20260217_1516
-553695.7893925327,6541245.386744796,-103.9416768000005,0.48621553884711777,2026-02-17 15:16:00+00:00,surfline_trevone_20260217_1516
-553695.7893925327,6541245.386744796,-103.9416768000005,0.48872180451127817,2026-02-17 15:16:00+00:00,surfline_trevone_20260217_1516
-553695.7893925327,6541245.386744796,-103.9416768000005,0.49122807017543857,2026-02-17 15:16:00+00:00,surfline_trevone_20260217_1516
-553695.7893925327,6541245.386744796,-103.9416768000005,0.49373433583959897,2026-02-17 15:16:00+00:00,surfline_trevone_20260217_1516
-553695.7893925327,6541245.386744796,-103.9416768000005,0.49624060150375937,2026-02-17 15:16:00+00:00,surfline_trevone_20260217_1516
-553695.7893925327,6541245.386744796,-103.9416768000005,0.49874686716791977,2026-02-17 15:16:00+00:00,surfline_trevone_20260217_1516
-553695.7893925327,6541245.386744796,-103.9416768000005,0.5012531328320802,2026-02-17 15:16:00+00:00,surfline_trevone_20260217_1516
-553695.7893925327,6541245.386744796,-103.9416768000005,0.5037593984962405,2026-02-17 15:16:00+00:00,surfline_trevone_20260217_1516
-553695.7893925327,6541245.386744796,-103.9416768000005,0.506265664160401,2026-02-17 15:16:00+00:00,surfline_trevone_20260217_1516
-553695.7893925327,6541245.386744796,-103.9416768000005,0.5087719298245614,2026-02-17 15:16:00+00:00,surfline_trevone_20260217_1516
-553695.7893925327,6541245.386744796,-103.9416768000005,0.5112781954887218,2026-02-17 15:16:00+00:00,surfline_trevone_20260217_1516
-553695.7893925327,6541245.386744796,-103.9416768000005,0.5137844611528821,2026-02-17 15:16:00+00:00,surfline_trevone_20260217_1516
-553695.7893925327,6541245.386744796,-103.9416768000005,0.5162907268170426,2026-02-17 15:16:00+00:00,surfline_trevone_20260217_1516
-553695.7893925327,6541245.386744796,-103.9416768000005,0.518796992481203,2026-02-17 15:16:00+00:00,surfline_trevone_20260217_1516
-553695.7893925327,6541245.386744796,-103.9416768000005,0.5213032581453634,2026-02-17 15:16:00+00:00,surfline_trevone_20260217_1516
-553695.7893925327,6541245.386744796,-103.9416768000005,0.5238095238095237,2026-02-17 15:16:00+00:00,surfline_trevone_20260217_1516
-553695.7893925327,6541245.386744796,-103.9416768000005,0.5263157894736842,2026-02-17 15:16:00+00:00,surfline_trevone_20260217_1516
-553695.7893925327,6541245.386744796,-103.9416768000005,0.5288220551378446,2026-02-17 15:16:00+00:00,surfline_trevone_20260217_1516
-553695.7893925327,6541245.386744796,-103.9416768000005,0.531328320802005,2026-02-17 15:16:00+00:00,surfline_trevone_20260217_1516
-553695.7893925327,6541245.386744796,-103.9416768000005,0.5338345864661653,2026-02-17 15:16:00+00:00,surfline_trevone_20260217_1516
-553695.7893925327,6541245.386744796,-103.9416768000005,0.5363408521303258,2026-02-17 15:16:00+00:00,surfline_trevone_20260217_1516
-553695.7893925327,6541245.386744796,-103.9416768000005,0.5388471177944862,2026-02-17 15:16:00+00:00,surfline_trevone_20260217_1516
-553695.7893925327,6541245.386744796,-103.9416768000005,0.5413533834586466,2026-02-17 15:16:00+00:00,surfline_trevone_20260217_1516
-553695.7893925327,6541245.386744796,-103.9416768000005,0.5438596491228069,2026-02-17 15:16:00+00:00,surfline_trevone_20260217_1516
-553695.7893925327,6541245.386744796,-103.9416768000005,0.5463659147869674,2026-02-17 15:16:00+00:00,surfline_trevone_20260217_1516
-553695.7893925327,6541245.386744796,-103.9416768000005,0.5488721804511278,2026-02-17 15:16:00+00:00,surfline_trevone_20260217_1516
-553695.7893925327,6541245.386744796,-103.9416768000005,0.5513784461152882,2026-02-17 15:16:00+00:00,surfline_trevone_20260217_1516
-553695.7893925327,6541245.386744796,-103.9416768000005,0.5538847117794485,2026-02-17 15:16:00+00:00,surfline_trevone_20260217_1516
-553695.7893925327,6541245.386744796,-103.9416768000005,0.556390977443609,2026-02-17 15:16:00+00:00,surfline_trevone_20260217_1516
-553695.7893925327,6541245.386744796,-103.9416768000005,0.5588972431077694,2026-02-17 15:16:00+00:00,surfline_trevone_20260217_1516
-553695.7893925327,6541245.386744796,-103.9416768000005,0.5614035087719298,2026-02-17 15:16:00+00:00,surfline_trevone_20260217_1516
-553695.7893925327,6541245.386744796,-103.9416768000005,0.5639097744360901,2026-02-17 15:16:00+00:00,surfline_trevone_20260217_1516
-553695.7893925327,6541245.386744796,-103.9416768000005,0.5664160401002506,2026-02-17 15:16:00+00:00,surfline_trevone_20260217_1516
-553695.7893925327,6541245.386744796,-103.9416768000005,0.568922305764411,2026-02-17 15:16:00+00:00,surfline_trevone_20260217_1516
-553695.7893925327,6541245.386744796,-103.9416768000005,0.5714285714285714,2026-02-17 15:16:00+00:00,surfline_trevone_20260217_1516
-553695.7893925327,6541245.386744796,-103.9416768000005,0.5739348370927317,2026-02-17 15:16:00+00:00,surfline_trevone_20260217_1516
-553695.7893925327,6541245.386744796,-103.9416768000005,0.5764411027568922,2026-02-17 15:16:00+00:00,surfline_trevone_20260217_1516
-553695.7893925327,6541245.386744796,-103.9416768000005,0.5789473684210527,2026-02-17 15:16:00+00:00,surfline_trevone_20260217_1516
-553695.7893925327,6541245.386744796,-103.9416768000005,0.581453634085213,2026-02-17 15:16:00+00:00,surfline_trevone_20260217_1516
-553695.7893925327,6541245.386744796,-103.9416768000005,0.5839598997493733,2026-02-17 15:16:00+00:00,surfline_trevone_20260217_1516
-553695.7893925327,6541245.386744796,-103.9416768000005,0.5864661654135338,2026-02-17 15:16:00+00:00,surfline_trevone_20260217_1516
-553695.7893925327,6541245.386744796,-103.9416768000005,0.5889724310776943,2026-02-17 15:16:00+00:00,surfline_trevone_20260217_1516
-553695.7893925327,6541245.386744796,-103.9416768000005,0.5914786967418546,2026-02-17 15:16:00+00:00,surfline_trevone_20260217_1516
-553695.7893925327,6541245.386744796,-103.9416768000005,0.593984962406015,2026-02-17 15:16:00+00:00,surfline_trevone_20260217_1516
-553695.7893925327,6541245.386744796,-103.9416768000005,0.5964912280701754,2026-02-17 15:16:00+00:00,surfline_trevone_20260217_1516
-553695.7893925327,6541245.386744796,-103.9416768000005,0.5989974937343359,2026-02-17 15:16:00+00:00,surfline_trevone_20260217_1516
-553695.7893925327,6541245.386744796,-103.9416768000005,0.6015037593984962,2026-02-17 15:16:00+00:00,surfline_trevone_20260217_1516
-553695.7893925327,6541245.386744796,-103.9416768000005,0.6040100250626566,2026-02-17 15:16:00+00:00,surfline_trevone_20260217_1516
-553695.7893925327,6541245.386744796,-103.9416768000005,0.606516290726817,2026-02-17 15:16:00+00:00,surfline_trevone_20260217_1516
-553695.7893925327,6541245.386744796,-103.9416768000005,0.6090225563909775,2026-02-17 15:16:00+00:00,surfline_trevone_20260217_1516
-553695.7893925327,6541245.386744796,-103.9416768000005,0.6115288220551378,2026-02-17 15:16:00+00:00,surfline_trevone_20260217_1516
-553695.7893925327,6541245.386744796,-103.9416768000005,0.6140350877192982,2026-02-17 15:16:00+00:00,surfline_trevone_20260217_1516
-553695.7893925327,6541245.386744796,-103.9416768000005,0.6165413533834586,2026-02-17 15:16:00+00:00,surfline_trevone_20260217_1516
-553695.7893925327,6541245.386744796,-103.9416768000005,0.6190476190476191,2026-02-17 15:16:00+00:00,surfline_trevone_20260217_1516
-553695.7893925327,6541245.386744796,-103.9416768000005,0.6215538847117794,2026-02-17 15:16:00+00:00,surfline_trevone_20260217_1516
-553695.7893925327,6541245.386744796,-103.9416768000005,0.6240601503759398,2026-02-17 15:16:00+00:00,surfline_trevone_20260217_1516
-553695.7893925327,6541245.386744796,-103.9416768000005,0.6265664160401002,2026-02-17 15:16:00+00:00,surfline_trevone_20260217_1516
-553695.7893925327,6541245.386744796,-103.9416768000005,0.6290726817042607,2026-02-17 15:16:00+00:00,surfline_trevone_20260217_1516
-553695.7893925327,6541245.386744796,-103.9416768000005,0.631578947368421,2026-02-17 15:16:00+00:00,surfline_trevone_20260217_1516
-553695.7893925327,6541245.386744796,-103.9416768000005,0.6340852130325814,2026-02-17 15:16:00+00:00,surfline_trevone_20260217_1516
-553695.7893925327,6541245.386744796,-103.9416768000005,0.6365914786967418,2026-02-17 15:16:00+00:00,surfline_trevone_20260217_1516
-553695.7893925327,6541245.386744796,-103.9416768000005,0.6390977443609023,2026-02-17 15:16:00+00:00,surfline_trevone_20260217_1516
-553695.7893925327,6541245.386744796,-103.9416768000005,0.6416040100250626,2026-02-17 15:16:00+00:00,surfline_trevone_20260217_1516
-553695.7893925327,6541245.386744796,-103.9416768000005,0.644110275689223,2026-02-17 15:16:00+00:00,surfline_trevone_20260217_1516
-553695.7893925327,6541245.386744796,-103.9416768000005,0.6466165413533834,2026-02-17 15:16:00+00:00,surfline_trevone_20260217_1516
-553695.7893925327,6541245.386744796,-103.9416768000005,0.6491228070175439,2026-02-17 15:16:00+00:00,surfline_trevone_20260217_1516
-553695.7893925327,6541245.386744796,-103.9416768000005,0.6516290726817042,2026-02-17 15:16:00+00:00,surfline_trevone_20260217_1516
-553695.7893925327,6541245.386744796,-103.9416768000005,0.6541353383458646,2026-02-17 15:16:00+00:00,surfline_trevone_20260217_1516
-553695.7893925327,6541245.386744796,-103.9416768000005,0.656641604010025,2026-02-17 15:16:00+00:00,surfline_trevone_20260217_1516
-553695.7893925327,6541245.386744796,-103.9416768000005,0.6591478696741855,2026-02-17 15:16:00+00:00,surfline_trevone_20260217_1516
-553695.7893925327,6541245.386744796,-103.9416768000005,0.6616541353383458,2026-02-17 15:16:00+00:00,surfline_trevone_20260217_1516
-553695.7893925327,6541245.386744796,-103.9416768000005,0.6641604010025062,2026-02-17 15:16:00+00:00,surfline_trevone_20260217_1516
-553695.7893925327,6541245.386744796,-103.9416768000005,0.6666666666666666,2026-02-17 15:16:00+00:00,surfline_trevone_20260217_1516
-553695.7893925327,6541245.386744796,-103.9416768000005,0.6691729323308271,2026-02-17 15:16:00+00:00,surfline_trevone_20260217_1516
-553695.7893925327,6541245.386744796,-103.9416768000005,0.6716791979949874,2026-02-17 15:16:00+00:00,surfline_trevone_20260217_1516
-553695.7893925327,6541245.386744796,-103.9416768000005,0.6741854636591478,2026-02-17 15:16:00+00:00,surfline_trevone_20260217_1516
-553695.7893925327,6541245.386744796,-103.9416768000005,0.6766917293233082,2026-02-17 15:16:00+00:00,surfline_trevone_20260217_1516
-553695.7893925327,6541245.386744796,-103.9416768000005,0.6791979949874687,2026-02-17 15:16:00+00:00,surfline_trevone_20260217_1516
-553695.7893925327,6541245.386744796,-103.9416768000005,0.681704260651629,2026-02-17 15:16:00+00:00,surfline_trevone_20260217_1516
-553695.7893925327,6541245.386744796,-103.9416768000005,0.6842105263157894,2026-02-17 15:16:00+00:00,surfline_trevone_20260217_1516
-553695.7893925327,6541245.386744796,-103.9416768000005,0.6867167919799498,2026-02-17 15:16:00+00:00,surfline_trevone_20260217_1516
-553695.7893925327,6541245.386744796,-103.9416768000005,0.6892230576441103,2026-02-17 15:16:00+00:00,surfline_trevone_20260217_1516
-553695.7893925327,6541245.386744796,-103.9416768000005,0.6917293233082706,2026-02-17 15:16:00+00:00,surfline_trevone_20260217_1516
-553695.7893925327,6541245.386744796,-103.9416768000005,0.694235588972431,2026-02-17 15:16:00+00:00,surfline_trevone_20260217_1516
-553695.7893925327,6541245.386744796,-103.9416768000005,0.6967418546365914,2026-02-17 15:16:00+00:00,surfline_trevone_20260217_1516
-553695.7893925327,6541245.386744796,-103.9416768000005,0.6992481203007519,2026-02-17 15:16:00+00:00,surfline_trevone_20260217_1516
-553695.7893925327,6541245.386744796,-103.9416768000005,0.7017543859649122,2026-02-17 15:16:00+00:00,surfline_trevone_20260217_1516
-553695.7893925327,6541245.386744796,-103.9416768000005,0.7042606516290726,2026-02-17 15:16:00+00:00,surfline_trevone_20260217_1516
-553695.7893925327,6541245.386744796,-103.9416768000005,0.706766917293233,2026-02-17 15:16:00+00:00,surfline_trevone_20260217_1516
-553695.7893925327,6541245.386744796,-103.9416768000005,0.7092731829573935,2026-02-17 15:16:00+00:00,surfline_trevone_20260217_1516
-553695.7893925327,6541245.386744796,-103.9416768000005,0.7117794486215538,2026-02-17 15:16:00+00:00,surfline_trevone_20260217_1516
-553695.7893925327,6541245.386744796,-103.9416768000005,0.7142857142857142,2026-02-17 15:16:00+00:00,surfline_trevone_20260217_1516
-553695.7893925327,6541245.386744796,-103.9416768000005,0.7167919799498746,2026-02-17 15:16:00+00:00,surfline_trevone_20260217_1516
-553695.7893925327,6541245.386744796,-103.9416768000005,0.7192982456140351,2026-02-17 15:16:00+00:00,surfline_trevone_20260217_1516
-553695.7893925327,6541245.386744796,-103.9416768000005,0.7218045112781954,2026-02-17 15:16:00+00:00,surfline_trevone_20260217_1516
-553695.7893925327,6541245.386744796,-103.9416768000005,0.7243107769423558,2026-02-17 15:16:00+00:00,surfline_trevone_20260217_1516
-553695.7893925327,6541245.386744796,-103.9416768000005,0.7268170426065163,2026-02-17 15:16:00+00:00,surfline_trevone_20260217_1516
-553695.7893925327,6541245.386744796,-103.9416768000005,0.7293233082706767,2026-02-17 15:16:00+00:00,surfline_trevone_20260217_1516
-553695.7893925327,6541245.386744796,-103.9416768000005,0.731829573934837,2026-02-17 15:16:00+00:00,surfline_trevone_20260217_1516
-553695.7893925327,6541245.386744796,-103.9416768000005,0.7343358395989974,2026-02-17 15:16:00+00:00,surfline_trevone_20260217_1516
-553695.7893925327,6541245.386744796,-103.9416768000005,0.7368421052631579,2026-02-17 15:16:00+00:00,surfline_trevone_20260217_1516
-553695.7893925327,6541245.386744796,-103.9416768000005,0.7393483709273183,2026-02-17 15:16:00+00:00,surfline_trevone_20260217_1516
-553695.7893925327,6541245.386744796,-103.9416768000005,0.7418546365914787,2026-02-17 15:16:00+00:00,surfline_trevone_20260217_1516
-553695.7893925327,6541245.386744796,-103.9416768000005,0.744360902255639,2026-02-17 15:16:00+00:00,surfline_trevone_20260217_1516
-553695.7893925327,6541245.386744796,-103.9416768000005,0.7468671679197995,2026-02-17 15:16:00+00:00,surfline_trevone_20260217_1516
-553695.7893925327,6541245.386744796,-103.9416768000005,0.7493734335839599,2026-02-17 15:16:00+00:00,surfline_trevone_20260217_1516
-553695.7893925327,6541245.386744796,-103.9416768000005,0.7518796992481203,2026-02-17 15:16:00+00:00,surfline_trevone_20260217_1516
-553695.7893925327,6541245.386744796,-103.9416768000005,0.7543859649122806,2026-02-17 15:16:00+00:00,surfline_trevone_20260217_1516
-553695.7893925327,6541245.386744796,-103.9416768000005,0.7568922305764411,2026-02-17 15:16:00+00:00,surfline_trevone_20260217_1516
-553695.7893925327,6541245.386744796,-103.9416768000005,0.7593984962406015,2026-02-17 15:16:00+00:00,surfline_trevone_20260217_1516
-553695.7893925327,6541245.386744796,-103.9416768000005,0.7619047619047619,2026-02-17 15:16:00+00:00,surfline_trevone_20260217_1516
-553695.7893925327,6541245.386744796,-103.9416768000005,0.7644110275689222,2026-02-17 15:16:00+00:00,surfline_trevone_20260217_1516
-553695.7893925327,6541245.386744796,-103.9416768000005,0.7669172932330827,2026-02-17 15:16:00+00:00,surfline_trevone_20260217_1516
-553695.7893925327,6541245.386744796,-103.9416768000005,0.7694235588972431,2026-02-17 15:16:00+00:00,surfline_trevone_20260217_1516
-553695.7893925327,6541245.386744796,-103.9416768000005,0.7719298245614035,2026-02-17 15:16:00+00:00,surfline_trevone_20260217_1516
-553695.7893925327,6541245.386744796,-103.9416768000005,0.7744360902255638,2026-02-17 15:16:00+00:00,surfline_trevone_20260217_1516
-553695.7893925327,6541245.386744796,-103.9416768000005,0.7769423558897243,2026-02-17 15:16:00+00:00,surfline_trevone_20260217_1516
-553695.7893925327,6541245.386744796,-103.9416768000005,0.7794486215538847,2026-02-17 15:16:00+00:00,surfline_trevone_20260217_1516
-553695.7893925327,6541245.386744796,-103.9416768000005,0.7819548872180451,2026-02-17 15:16:00+00:00,surfline_trevone_20260217_1516
-553695.7893925327,6541245.386744796,-103.9416768000005,0.7844611528822054,2026-02-17 15:16:00+00:00,surfline_trevone_20260217_1516
-553695.7893925327,6541245.386744796,-103.9416768000005,0.7869674185463659,2026-02-17 15:16:00+00:00,surfline_trevone_20260217_1516
-553695.7893925327,6541245.386744796,-103.9416768000005,0.7894736842105263,2026-02-17 15:16:00+00:00,surfline_trevone_20260217_1516
-553695.7893925327,6541245.386744796,-103.9416768000005,0.7919799498746867,2026-02-17 15:16:00+00:00,surfline_trevone_20260217_1516
-553695.7893925327,6541245.386744796,-103.9416768000005,0.794486215538847,2026-02-17 15:16:00+00:00,surfline_trevone_20260217_1516
-553695.7893925327,6541245.386744796,-103.9416768000005,0.7969924812030075,2026-02-17 15:16:00+00:00,surfline_trevone_20260217_1516
-553695.7893925327,6541245.386744796,-103.9416768000005,0.7994987468671679,2026-02-17 15:16:00+00:00,surfline_trevone_20260217_1516
-553695.7893925327,6541245.386744796,-103.9416768000005,0.8020050125313283,2026-02-17 15:16:00+00:00,surfline_trevone_20260217_1516
-553695.7893925327,6541245.386744796,-103.9416768000005,0.8045112781954886,2026-02-17 15:16:00+00:00,surfline_trevone_20260217_1516
-553695.7893925327,6541245.386744796,-103.9416768000005,0.8070175438596491,2026-02-17 15:16:00+00:00,surfline_trevone_20260217_1516
-553695.7893925327,6541245.386744796,-103.9416768000005,0.8095238095238095,2026-02-17 15:16:00+00:00,surfline_trevone_20260217_1516
-553695.7893925327,6541245.386744796,-103.9416768000005,0.8120300751879699,2026-02-17 15:16:00+00:00,surfline_trevone_20260217_1516
-553695.7893925327,6541245.386744796,-103.9416768000005,0.8145363408521302,2026-02-17 15:16:00+00:00,surfline_trevone_20260217_1516
-553695.7893925327,6541245.386744796,-103.9416768000005,0.8170426065162907,2026-02-17 15:16:00+00:00,surfline_trevone_20260217_1516
-553695.7893925327,6541245.386744796,-103.9416768000005,0.8195488721804511,2026-02-17 15:16:00+00:00,surfline_trevone_20260217_1516
-553695.7893925327,6541245.386744796,-103.9416768000005,0.8220551378446115,2026-02-17 15:16:00+00:00,surfline_trevone_20260217_1516
-553695.7893925327,6541245.386744796,-103.9416768000005,0.8245614035087718,2026-02-17 15:16:00+00:00,surfline_trevone_20260217_1516
-553695.7893925327,6541245.386744796,-103.9416768000005,0.8270676691729323,2026-02-17 15:16:00+00:00,surfline_trevone_20260217_1516
-553695.7893925327,6541245.386744796,-103.9416768000005,0.8295739348370927,2026-02-17 15:16:00+00:00,surfline_trevone_20260217_1516
-553695.7893925327,6541245.386744796,-103.9416768000005,0.8320802005012531,2026-02-17 15:16:00+00:00,surfline_trevone_20260217_1516
-553695.7893925327,6541245.386744796,-103.9416768000005,0.8345864661654134,2026-02-17 15:16:00+00:00,surfline_trevone_20260217_1516
-553695.7893925327,6541245.386744796,-103.9416768000005,0.8370927318295739,2026-02-17 15:16:00+00:00,surfline_trevone_20260217_1516
-553695.7893925327,6541245.386744796,-103.9416768000005,0.8395989974937343,2026-02-17 15:16:00+00:00,surfline_trevone_20260217_1516
-553695.7893925327,6541245.386744796,-103.9416768000005,0.8421052631578947,2026-02-17 15:16:00+00:00,surfline_trevone_20260217_1516
-553695.7893925327,6541245.386744796,-103.9416768000005,0.844611528822055,2026-02-17 15:16:00+00:00,surfline_trevone_20260217_1516
-553695.7893925327,6541245.386744796,-103.9416768000005,0.8471177944862155,2026-02-17 15:16:00+00:00,surfline_trevone_20260217_1516
-553695.7893925327,6541245.386744796,-103.9416768000005,0.849624060150376,2026-02-17 15:16:00+00:00,surfline_trevone_20260217_1516
-553695.7893925327,6541245.386744796,-103.9416768000005,0.8521303258145363,2026-02-17 15:16:00+00:00,surfline_trevone_20260217_1516
-553695.7893925327,6541245.386744796,-103.9416768000005,0.8546365914786966,2026-02-17 15:16:00+00:00,surfline_trevone_20260217_1516
-553695.7893925327,6541245.386744796,-103.9416768000005,0.8571428571428571,2026-02-17 15:16:00+00:00,surfline_trevone_20260217_1516
-553695.7893925327,6541245.386744796,-103.9416768000005,0.8596491228070176,2026-02-17 15:16:00+00:00,surfline_trevone_20260217_1516
-553695.7893925327,6541245.386744796,-103.9416768000005,0.8621553884711779,2026-02-17 15:16:00+00:00,surfline_trevone_20260217_1516
-553695.7893925327,6541245.386744796,-103.9416768000005,0.8646616541353382,2026-02-17 15:16:00+00:00,surfline_trevone_20260217_1516
-553695.7893925327,6541245.386744796,-103.9416768000005,0.8671679197994987,2026-02-17 15:16:00+00:00,surfline_trevone_20260217_1516
-553695.7893925327,6541245.386744796,-103.9416768000005,0.8696741854636592,2026-02-17 15:16:00+00:00,surfline_trevone_20260217_1516
-553695.7893925327,6541245.386744796,-103.9416768000005,0.8721804511278195,2026-02-17 15:16:00+00:00,surfline_trevone_20260217_1516
-553695.7893925327,6541245.386744796,-103.9416768000005,0.8746867167919798,2026-02-17 15:16:00+00:00,surfline_trevone_20260217_1516
-553695.7893925327,6541245.386744796,-103.9416768000005,0.8771929824561403,2026-02-17 15:16:00+00:00,surfline_trevone_20260217_1516
-553695.7893925327,6541245.386744796,-103.9416768000005,0.8796992481203008,2026-02-17 15:16:00+00:00,surfline_trevone_20260217_1516
-553695.7893925327,6541245.386744796,-103.9416768000005,0.8822055137844611,2026-02-17 15:16:00+00:00,surfline_trevone_20260217_1516
-553695.7893925327,6541245.386744796,-103.9416768000005,0.8847117794486214,2026-02-17 15:16:00+00:00,surfline_trevone_20260217_1516
-553695.7893925327,6541245.386744796,-103.9416768000005,0.8872180451127819,2026-02-17 15:16:00+00:00,surfline_trevone_20260217_1516
-553695.7893925327,6541245.386744796,-103.9416768000005,0.8897243107769424,2026-02-17 15:16:00+00:00,surfline_trevone_20260217_1516
-553695.7893925327,6541245.386744796,-103.9416768000005,0.8922305764411027,2026-02-17 15:16:00+00:00,surfline_trevone_20260217_1516
-553695.7893925327,6541245.386744796,-103.9416768000005,0.894736842105263,2026-02-17 15:16:00+00:00,surfline_trevone_20260217_1516
-553695.7893925327,6541245.386744796,-103.9416768000005,0.8972431077694235,2026-02-17 15:16:00+00:00,surfline_trevone_20260217_1516
-553695.7893925327,6541245.386744796,-103.9416768000005,0.899749373433584,2026-02-17 15:16:00+00:00,surfline_trevone_20260217_1516
-553695.7893925327,6541245.386744796,-103.9416768000005,0.9022556390977443,2026-02-17 15:16:00+00:00,surfline_trevone_20260217_1516
-553695.7893925327,6541245.386744796,-103.9416768000005,0.9047619047619047,2026-02-17 15:16:00+00:00,surfline_trevone_20260217_1516
-553695.7893925327,6541245.386744796,-103.9416768000005,0.9072681704260651,2026-02-17 15:16:00+00:00,surfline_trevone_20260217_1516
-553695.7893925327,6541245.386744796,-103.9416768000005,0.9097744360902256,2026-02-17 15:16:00+00:00,surfline_trevone_20260217_1516
-553695.7893925327,6541245.386744796,-103.9416768000005,0.9122807017543859,2026-02-17 15:16:00+00:00,surfline_trevone_20260217_1516
-553695.7893925327,6541245.386744796,-103.9416768000005,0.9147869674185463,2026-02-17 15:16:00+00:00,surfline_trevone_20260217_1516
-553695.7893925327,6541245.386744796,-103.9416768000005,0.9172932330827067,2026-02-17 15:16:00+00:00,surfline_trevone_20260217_1516
-553695.7893925327,6541245.386744796,-103.9416768000005,0.9197994987468672,2026-02-17 15:16:00+00:00,surfline_trevone_20260217_1516
-553695.7893925327,6541245.386744796,-103.9416768000005,0.9223057644110275,2026-02-17 15:16:00+00:00,surfline_trevone_20260217_1516
-553695.7893925327,6541245.386744796,-103.9416768000005,0.9248120300751879,2026-02-17 15:16:00+00:00,surfline_trevone_20260217_1516
-553695.7893925327,6541245.386744796,-103.9416768000005,0.9273182957393483,2026-02-17 15:16:00+00:00,surfline_trevone_20260217_1516
-553695.7893925327,6541245.386744796,-103.9416768000005,0.9298245614035088,2026-02-17 15:16:00+00:00,surfline_trevone_20260217_1516
-553695.7893925327,6541245.386744796,-103.9416768000005,0.9323308270676691,2026-02-17 15:16:00+00:00,surfline_trevone_20260217_1516
-553695.7893925327,6541245.386744796,-103.9416768000005,0.9348370927318295,2026-02-17 15:16:00+00:00,surfline_trevone_20260217_1516
-553695.7893925327,6541245.386744796,-103.9416768000005,0.9373433583959899,2026-02-17 15:16:00+00:00,surfline_trevone_20260217_1516
-553695.7893925327,6541245.386744796,-103.9416768000005,0.9398496240601504,2026-02-17 15:16:00+00:00,surfline_trevone_20260217_1516
-553695.7893925327,6541245.386744796,-103.9416768000005,0.9423558897243107,2026-02-17 15:16:00+00:00,surfline_trevone_20260217_1516
-553695.7893925327,6541245.386744796,-103.9416768000005,0.9448621553884711,2026-02-17 15:16:00+00:00,surfline_trevone_20260217_1516
-553695.7893925327,6541245.386744796,-103.9416768000005,0.9473684210526315,2026-02-17 15:16:00+00:00,surfline_trevone_20260217_1516
-553695.7893925327,6541245.386744796,-103.9416768000005,0.949874686716792,2026-02-17 15:16:00+00:00,surfline_trevone_20260217_1516
-553695.7893925327,6541245.386744796,-103.9416768000005,0.9523809523809523,2026-02-17 15:16:00+00:00,surfline_trevone_20260217_1516
-553695.7893925327,6541245.386744796,-103.9416768000005,0.9548872180451127,2026-02-17 15:16:00+00:00,surfline_trevone_20260217_1516
-553695.7893925327,6541245.386744796,-103.9416768000005,0.9573934837092731,2026-02-17 15:16:00+00:00,surfline_trevone_20260217_1516
-553695.7893925327,6541245.386744796,-103.9416768000005,0.9598997493734336,2026-02-17 15:16:00+00:00,surfline_trevone_20260217_1516
-553695.7893925327,6541245.386744796,-103.9416768000005,0.9624060150375939,2026-02-17 15:16:00+00:00,surfline_trevone_20260217_1516
-553695.7893925327,6541245.386744796,-103.9416768000005,0.9649122807017543,2026-02-17 15:16:00+00:00,surfline_trevone_20260217_1516
-553695.7893925327,6541245.386744796,-103.9416768000005,0.9674185463659147,2026-02-17 15:16:00+00:00,surfline_trevone_20260217_1516
-553695.7893925327,6541245.386744796,-103.9416768000005,0.9699248120300752,2026-02-17 15:16:00+00:00,surfline_trevone_20260217_1516
-553695.7893925327,6541245.386744796,-103.9416768000005,0.9724310776942355,2026-02-17 15:16:00+00:00,surfline_trevone_20260217_1516
-553695.7893925327,6541245.386744796,-103.9416768000005,0.9749373433583959,2026-02-17 15:16:00+00:00,surfline_trevone_20260217_1516
-553695.7893925327,6541245.386744796,-103.9416768000005,0.9774436090225563,2026-02-17 15:16:00+00:00,surfline_trevone_20260217_1516
-553695.7893925327,6541245.386744796,-103.9416768000005,0.9799498746867168,2026-02-17 15:16:00+00:00,surfline_trevone_20260217_1516
-553695.7893925327,6541245.386744796,-103.9416768000005,0.9824561403508771,2026-02-17 15:16:00+00:00,surfline_trevone_20260217_1516
-553695.7893925327,6541245.386744796,-103.9416768000005,0.9849624060150375,2026-02-17 15:16:00+00:00,surfline_trevone_20260217_1516
-553695.7893925327,6541245.386744796,-103.9416768000005,0.9874686716791979,2026-02-17 15:16:00+00:00,surfline_trevone_20260217_1516
-553695.7893925327,6541245.386744796,-103.9416768000005,0.9899749373433584,2026-02-17 15:16:00+00:00,surfline_trevone_20260217_1516
-553695.7893925327,6541245.386744796,-103.9416768000005,0.9924812030075187,2026-02-17 15:16:00+00:00,surfline_trevone_20260217_1516
-553695.7893925327,6541245.386744796,-103.9416768000005,0.9949874686716791,2026-02-17 15:16:00+00:00,surfline_trevone_20260217_1516
-553695.7893925327,6541245.386744796,-103.9416768000005,0.9974937343358395,2026-02-17 15:16:00+00:00,surfline_trevone_20260217_1516
-553695.7893925327,6541245.386744796,-103.9416768000005,1.0,2026-02-17 15:16:00+00:00,surfline_trevone_20260217_1516
-553776.039389076,6541330.049674105,-104.0404320000005,0.0,2026-02-17 15:43:00+00:00,surfline_trevone_20260217_1543
-553776.2033440097,6541329.705029637,-104.0404320000005,0.002506265664160401,2026-02-17 15:43:00+00:00,surfline_trevone_20260217_1543
-553776.4588055195,6541329.387102368,-104.0404320000005,0.005012531328320802,2026-02-17 15:43:00+00:00,surfline_trevone_20260217_1543
-553776.8026948109,6541329.094993347,-104.0404320000005,0.007518796992481203,2026-02-17 15:43:00+00:00,surfline_trevone_20260217_1543
-553777.1196872216,6541328.795031307,-104.0404320000005,0.010025062656641603,2026-02-17 15:43:00+00:00,surfline_trevone_20260217_1543
-553777.2941369731,6541328.453451054,-104.0404320000005,0.012531328320802004,2026-02-17 15:43:00+00:00,surfline_trevone_20260217_1543
-553777.5238016888,6541328.127991875,-104.0404320000005,0.015037593984962405,2026-02-17 15:43:00+00:00,surfline_trevone_20260217_1543
-553777.6810493957,6541327.781388961,-104.0404320000005,0.017543859649122806,2026-02-17 15:43:00+00:00,surfline_trevone_20260217_1543
-553777.8290906294,6541327.432098108,-104.0404320000005,0.020050125313283207,2026-02-17 15:43:00+00:00,surfline_trevone_20260217_1543
-553778.0157953057,6541327.094095936,-104.0404320000005,0.022556390977443608,2026-02-17 15:43:00+00:00,surfline_trevone_20260217_1543
-553778.2024999876,6541326.756093681,-104.0404320000005,0.02506265664160401,2026-02-17 15:43:00+00:00,surfline_trevone_20260217_1543
-553778.3460146046,6541326.405481106,-104.0404320000005,0.02756892230576441,2026-02-17 15:43:00+00:00,surfline_trevone_20260217_1543
-553778.4654381574,6541326.047834726,-104.0404320000005,0.03007518796992481,2026-02-17 15:43:00+00:00,surfline_trevone_20260217_1543
-553778.5848616908,6541325.690188424,-104.0404320000005,0.03258145363408521,2026-02-17 15:43:00+00:00,surfline_trevone_20260217_1543
-553778.7042852434,6541325.332542042,-104.0404320000005,0.03508771929824561,2026-02-17 15:43:00+00:00,surfline_trevone_20260217_1543
-553778.8237088156,6541324.974895585,-104.0404320000005,0.03759398496240601,2026-02-17 15:43:00+00:00,surfline_trevone_20260217_1543
-553778.9415595668,6541324.616789994,-104.0404320000005,0.040100250626566414,2026-02-17 15:43:00+00:00,surfline_trevone_20260217_1543
-553779.0314731235,6541324.25052764,-104.0404320000005,0.042606516290726815,2026-02-17 15:43:00+00:00,surfline_trevone_20260217_1543
-553779.1213867059,6541323.884265209,-104.0404320000005,0.045112781954887216,2026-02-17 15:43:00+00:00,surfline_trevone_20260217_1543
-553779.2098798502,6541323.51758797,-104.0404320000005,0.047619047619047616,2026-02-17 15:43:00+00:00,surfline_trevone_20260217_1543
-553779.3668496128,6541323.170903987,-104.0404320000005,0.05012531328320802,2026-02-17 15:43:00+00:00,surfline_trevone_20260217_1543
-553779.518382827,6541322.822632775,-104.0404320000005,0.05263157894736842,2026-02-17 15:43:00+00:00,surfline_trevone_20260217_1543
-553779.6611848738,6541322.471812232,-104.0404320000005,0.05513784461152882,2026-02-17 15:43:00+00:00,surfline_trevone_20260217_1543
-553779.9549574276,6541322.165070588,-104.0404320000005,0.05764411027568922,2026-02-17 15:43:00+00:00,surfline_trevone_20260217_1543
-553780.2487300165,6541321.858329119,-104.0404320000005,0.06015037593984962,2026-02-17 15:43:00+00:00,surfline_trevone_20260217_1543
-553780.54451006,6541321.552173686,-104.0404320000005,0.06265664160401002,2026-02-17 15:43:00+00:00,surfline_trevone_20260217_1543
-553780.8305799266,6541321.243183082,-104.0404320000005,0.06516290726817042,2026-02-17 15:43:00+00:00,surfline_trevone_20260217_1543
-553780.9328483668,6541320.880527946,-104.0404320000005,0.06766917293233082,2026-02-17 15:43:00+00:00,surfline_trevone_20260217_1543
-553781.0351168036,6541320.517872821,-104.0404320000005,0.07017543859649122,2026-02-17 15:43:00+00:00,surfline_trevone_20260217_1543
-553781.1440164405,6541320.157153764,-104.0404320000005,0.07268170426065163,2026-02-17 15:43:00+00:00,surfline_trevone_20260217_1543
-553781.2718965069,6541319.801976356,-104.0404320000005,0.07518796992481203,2026-02-17 15:43:00+00:00,surfline_trevone_20260217_1543
-553781.3604722618,6541319.435323319,-104.0404320000005,0.07769423558897243,2026-02-17 15:43:00+00:00,surfline_trevone_20260217_1543
-553781.4302554005,6541319.063183471,-104.0404320000005,0.08020050125313283,2026-02-17 15:43:00+00:00,surfline_trevone_20260217_1543
-553781.5250178277,6541318.698336761,-104.0404320000005,0.08270676691729323,2026-02-17 15:43:00+00:00,surfline_trevone_20260217_1543
-553781.6197802796,6541318.333489978,-104.0404320000005,0.08521303258145363,2026-02-17 15:43:00+00:00,surfline_trevone_20260217_1543
-553781.6954471952,6541317.963067938,-104.0404320000005,0.08771929824561403,2026-02-17 15:43:00+00:00,surfline_trevone_20260217_1543
-553781.7649768688,6541317.590854084,-104.0404320000005,0.09022556390977443,2026-02-17 15:43:00+00:00,surfline_trevone_20260217_1543
-553781.8122717611,6541317.21214824,-104.0404320000005,0.09273182957393483,2026-02-17 15:43:00+00:00,surfline_trevone_20260217_1543
-553781.8692218348,6541316.836261346,-104.0404320000005,0.09523809523809523,2026-02-17 15:43:00+00:00,surfline_trevone_20260217_1543
-553781.848091675,6541316.4375773845,-104.0404320000005,0.09774436090225563,2026-02-17 15:43:00+00:00,surfline_trevone_20260217_1543
-553781.8816903394,6541316.054872726,-104.0404320000005,0.10025062656641603,2026-02-17 15:43:00+00:00,surfline_trevone_20260217_1543
-553781.8608538122,6541315.656274497,-104.0404320000005,0.10275689223057644,2026-02-17 15:43:00+00:00,surfline_trevone_20260217_1543
-553781.8337903391,6541315.255858099,-104.0404320000005,0.10526315789473684,2026-02-17 15:43:00+00:00,surfline_trevone_20260217_1543
-553781.8788493527,6541314.876499444,-104.0404320000005,0.10776942355889724,2026-02-17 15:43:00+00:00,surfline_trevone_20260217_1543
-553781.8947128229,6541314.488616627,-104.0404320000005,0.11027568922305764,2026-02-17 15:43:00+00:00,surfline_trevone_20260217_1543
-553781.8911685545,6541314.095067232,-104.0404320000005,0.11278195488721804,2026-02-17 15:43:00+00:00,surfline_trevone_20260217_1543
-553781.9080686832,6541313.707486923,-104.0404320000005,0.11528822055137844,2026-02-17 15:43:00+00:00,surfline_trevone_20260217_1543
-553781.9433123252,6541313.325262549,-104.0404320000005,0.11779448621553884,2026-02-17 15:43:00+00:00,surfline_trevone_20260217_1543
-553781.984402731,6541312.9447451765,-104.0404320000005,0.12030075187969924,2026-02-17 15:43:00+00:00,surfline_trevone_20260217_1543
-553782.0254931733,6541312.564227732,-104.0404320000005,0.12280701754385964,2026-02-17 15:43:00+00:00,surfline_trevone_20260217_1543
-553782.0770734376,6541312.1867730925,-104.0404320000005,0.12531328320802004,2026-02-17 15:43:00+00:00,surfline_trevone_20260217_1543
-553782.1373272636,6541311.811850963,-104.0404320000005,0.12781954887218044,2026-02-17 15:43:00+00:00,surfline_trevone_20260217_1543
-553782.197581121,6541311.436928758,-104.0404320000005,0.13032581453634084,2026-02-17 15:43:00+00:00,surfline_trevone_20260217_1543
-553782.1798420772,6541311.039234822,-104.0404320000005,0.13283208020050125,2026-02-17 15:43:00+00:00,surfline_trevone_20260217_1543
-553782.1542492164,6541310.639247919,-104.0404320000005,0.13533834586466165,2026-02-17 15:43:00+00:00,surfline_trevone_20260217_1543
-553782.1685084624,6541310.250896678,-104.0404320000005,0.13784461152882205,2026-02-17 15:43:00+00:00,surfline_trevone_20260217_1543
-553782.239444773,6541309.879093438,-104.0404320000005,0.14035087719298245,2026-02-17 15:43:00+00:00,surfline_trevone_20260217_1543
-553782.3103811136,6541309.507290125,-104.0404320000005,0.14285714285714285,2026-02-17 15:43:00+00:00,surfline_trevone_20260217_1543
-553782.3850362434,6541309.136572673,-104.0404320000005,0.14536340852130325,2026-02-17 15:43:00+00:00,surfline_trevone_20260217_1543
-553782.4607021437,6541308.76615042,-104.0404320000005,0.14786967418546365,2026-02-17 15:43:00+00:00,surfline_trevone_20260217_1543
-553782.5504600616,6541308.39984254,-104.0404320000005,0.15037593984962405,2026-02-17 15:43:00+00:00,surfline_trevone_20260217_1543
-553782.7297453324,6541308.05967395,-104.0404320000005,0.15288220551378445,2026-02-17 15:43:00+00:00,surfline_trevone_20260217_1543
-553782.8784147995,6541307.710566524,-104.0404320000005,0.15538847117794485,2026-02-17 15:43:00+00:00,surfline_trevone_20260217_1543
-553782.926142062,6541307.331987004,-104.0404320000005,0.15789473684210525,2026-02-17 15:43:00+00:00,surfline_trevone_20260217_1543
-553782.9738693589,6541306.95340741,-104.0404320000005,0.16040100250626566,2026-02-17 15:43:00+00:00,surfline_trevone_20260217_1543
-553783.0215966909,6541306.574827743,-104.0404320000005,0.16290726817042606,2026-02-17 15:43:00+00:00,surfline_trevone_20260217_1543
-553783.0757991204,6541306.198138699,-104.0404320000005,0.16541353383458646,2026-02-17 15:43:00+00:00,surfline_trevone_20260217_1543
-553783.1304070387,6541305.82156813,-104.0404320000005,0.16791979949874686,2026-02-17 15:43:00+00:00,surfline_trevone_20260217_1543
-553783.1801769205,6541305.443584911,-104.0404320000005,0.17042606516290726,2026-02-17 15:43:00+00:00,surfline_trevone_20260217_1543
-553783.2347047322,6541305.066990785,-104.0404320000005,0.17293233082706766,2026-02-17 15:43:00+00:00,surfline_trevone_20260217_1543
-553783.3272461172,6541304.701495681,-104.0404320000005,0.17543859649122806,2026-02-17 15:43:00+00:00,surfline_trevone_20260217_1543
-553783.3961882155,6541304.329110189,-104.0404320000005,0.17794486215538846,2026-02-17 15:43:00+00:00,surfline_trevone_20260217_1543
-553783.4651303446,6541303.956724624,-104.0404320000005,0.18045112781954886,2026-02-17 15:43:00+00:00,surfline_trevone_20260217_1543
-553783.534085296,6541303.584342886,-104.0404320000005,0.18295739348370926,2026-02-17 15:43:00+00:00,surfline_trevone_20260217_1543
-553783.6214024208,6541303.21732245,-104.0404320000005,0.18546365914786966,2026-02-17 15:43:00+00:00,surfline_trevone_20260217_1543
-553783.7087195715,6541302.850301937,-104.0404320000005,0.18796992481203006,2026-02-17 15:43:00+00:00,surfline_trevone_20260217_1543
-553783.8012333129,6541302.484798594,-104.0404320000005,0.19047619047619047,2026-02-17 15:43:00+00:00,surfline_trevone_20260217_1543
-553783.903742637,6541302.122213754,-104.0404320000005,0.19298245614035087,2026-02-17 15:43:00+00:00,surfline_trevone_20260217_1543
-553784.0062519383,6541301.75962899,-104.0404320000005,0.19548872180451127,2026-02-17 15:43:00+00:00,surfline_trevone_20260217_1543
-553784.1059322621,6541301.396218198,-104.0404320000005,0.19799498746867167,2026-02-17 15:43:00+00:00,surfline_trevone_20260217_1543
-553784.2042647,6541301.03241371,-104.0404320000005,0.20050125313283207,2026-02-17 15:43:00+00:00,surfline_trevone_20260217_1543
-553784.3019412524,6541300.668417841,-104.0404320000005,0.20300751879699247,2026-02-17 15:43:00+00:00,surfline_trevone_20260217_1543
-553784.3560600901,6541300.291704474,-104.0404320000005,0.20551378446115287,2026-02-17 15:43:00+00:00,surfline_trevone_20260217_1543
-553784.4101789611,6541299.914991033,-104.0404320000005,0.20802005012531327,2026-02-17 15:43:00+00:00,surfline_trevone_20260217_1543
-553784.4642978659,6541299.538277519,-104.0404320000005,0.21052631578947367,2026-02-17 15:43:00+00:00,surfline_trevone_20260217_1543
-553784.5184167374,6541299.161564078,-104.0404320000005,0.21303258145363407,2026-02-17 15:43:00+00:00,surfline_trevone_20260217_1543
-553784.5725355753,6541298.784850712,-104.0404320000005,0.21553884711779447,2026-02-17 15:43:00+00:00,surfline_trevone_20260217_1543
-553784.656961352,6541298.416986003,-104.0404320000005,0.21804511278195488,2026-02-17 15:43:00+00:00,surfline_trevone_20260217_1543
-553784.7521301251,6541298.052257852,-104.0404320000005,0.22055137844611528,2026-02-17 15:43:00+00:00,surfline_trevone_20260217_1543
-553784.8490933463,6541297.68805371,-104.0404320000005,0.22305764411027568,2026-02-17 15:43:00+00:00,surfline_trevone_20260217_1543
-553784.9657662474,6541297.329604304,-104.0404320000005,0.22556390977443608,2026-02-17 15:43:00+00:00,surfline_trevone_20260217_1543
-553785.0824391687,6541296.97115482,-104.0404320000005,0.22807017543859648,2026-02-17 15:43:00+00:00,surfline_trevone_20260217_1543
-553785.185155069,6541296.608630209,-104.0404320000005,0.23057644110275688,2026-02-17 15:43:00+00:00,surfline_trevone_20260217_1543
-553785.2685837238,6541296.240474454,-104.0404320000005,0.23308270676691728,2026-02-17 15:43:00+00:00,surfline_trevone_20260217_1543
-553785.3520124053,6541295.872318622,-104.0404320000005,0.23558897243107768,2026-02-17 15:43:00+00:00,surfline_trevone_20260217_1543
-553785.416236862,6541295.498555634,-104.0404320000005,0.23809523809523808,2026-02-17 15:43:00+00:00,surfline_trevone_20260217_1543
-553785.5390507006,6541295.141899118,-104.0404320000005,0.24060150375939848,2026-02-17 15:43:00+00:00,surfline_trevone_20260217_1543
-553785.6746075761,6541294.788963282,-104.0404320000005,0.24310776942355888,2026-02-17 15:43:00+00:00,surfline_trevone_20260217_1543
-553785.8084305231,6541294.435521104,-104.0404320000005,0.24561403508771928,2026-02-17 15:43:00+00:00,surfline_trevone_20260217_1543
-553785.9422534872,6541294.082078848,-104.0404320000005,0.24812030075187969,2026-02-17 15:43:00+00:00,surfline_trevone_20260217_1543
-553786.0696285889,6541293.726754089,-104.0404320000005,0.2506265664160401,2026-02-17 15:43:00+00:00,surfline_trevone_20260217_1543
-553786.195123609,6541293.370880484,-104.0404320000005,0.2531328320802005,2026-02-17 15:43:00+00:00,surfline_trevone_20260217_1543
-553786.3207465446,6541293.015044143,-104.0404320000005,0.2556390977443609,2026-02-17 15:43:00+00:00,surfline_trevone_20260217_1543
-553786.4473197799,6541292.659485177,-104.0404320000005,0.2581453634085213,2026-02-17 15:43:00+00:00,surfline_trevone_20260217_1543
-553786.5738929969,6541292.303926291,-104.0404320000005,0.2606516290726817,2026-02-17 15:43:00+00:00,surfline_trevone_20260217_1543
-553786.704359398,6541291.949504184,-104.0404320000005,0.2631578947368421,2026-02-17 15:43:00+00:00,surfline_trevone_20260217_1543
-553786.839331481,6541291.596397556,-104.0404320000005,0.2656641604010025,2026-02-17 15:43:00+00:00,surfline_trevone_20260217_1543
-553786.9743035943,6541291.243290783,-104.0404320000005,0.2681704260651629,2026-02-17 15:43:00+00:00,surfline_trevone_20260217_1543
-553787.1092756847,6541290.890184122,-104.0404320000005,0.2706766917293233,2026-02-17 15:43:00+00:00,surfline_trevone_20260217_1543
-553787.2442477585,6541290.5370775405,-104.0404320000005,0.2731829573934837,2026-02-17 15:43:00+00:00,surfline_trevone_20260217_1543
-553787.3813120234,6541290.184581732,-104.0404320000005,0.2756892230576441,2026-02-17 15:43:00+00:00,surfline_trevone_20260217_1543
-553787.4104280036,6541289.800568095,-104.0404320000005,0.2781954887218045,2026-02-17 15:43:00+00:00,surfline_trevone_20260217_1543
-553787.4287275025,6541289.413396443,-104.0404320000005,0.2807017543859649,2026-02-17 15:43:00+00:00,surfline_trevone_20260217_1543
-553787.4472392882,6541289.026286856,-104.0404320000005,0.2832080200501253,2026-02-17 15:43:00+00:00,surfline_trevone_20260217_1543
-553787.465857443,6541288.639208242,-104.0404320000005,0.2857142857142857,2026-02-17 15:43:00+00:00,surfline_trevone_20260217_1543
-553787.4843207233,6541288.252084327,-104.0404320000005,0.2882205513784461,2026-02-17 15:43:00+00:00,surfline_trevone_20260217_1543
-553787.5009519191,6541287.86442558,-104.0404320000005,0.2907268170426065,2026-02-17 15:43:00+00:00,surfline_trevone_20260217_1543
-553787.5175830731,6541287.476766904,-104.0404320000005,0.2932330827067669,2026-02-17 15:43:00+00:00,surfline_trevone_20260217_1543
-553787.5396585279,6541287.090697721,-104.0404320000005,0.2957393483709273,2026-02-17 15:43:00+00:00,surfline_trevone_20260217_1543
-553787.5673356741,6541286.706263985,-104.0404320000005,0.2982456140350877,2026-02-17 15:43:00+00:00,surfline_trevone_20260217_1543
-553787.5950127421,6541286.321830394,-104.0404320000005,0.3007518796992481,2026-02-17 15:43:00+00:00,surfline_trevone_20260217_1543
-553787.6859859667,6541285.955877348,-104.0404320000005,0.3032581453634085,2026-02-17 15:43:00+00:00,surfline_trevone_20260217_1543
-553787.7841661562,6541285.592028442,-104.0404320000005,0.3057644110275689,2026-02-17 15:43:00+00:00,surfline_trevone_20260217_1543
-553787.8819934613,6541285.228076588,-104.0404320000005,0.3082706766917293,2026-02-17 15:43:00+00:00,surfline_trevone_20260217_1543
-553787.9786795792,6541284.863791625,-104.0404320000005,0.3107769423558897,2026-02-17 15:43:00+00:00,surfline_trevone_20260217_1543
-553788.0753657212,6541284.499506584,-104.0404320000005,0.3132832080200501,2026-02-17 15:43:00+00:00,surfline_trevone_20260217_1543
-553788.1680068637,6541284.134040439,-104.0404320000005,0.3157894736842105,2026-02-17 15:43:00+00:00,surfline_trevone_20260217_1543
-553788.2576574349,6541283.767701218,-104.0404320000005,0.3182957393483709,2026-02-17 15:43:00+00:00,surfline_trevone_20260217_1543
-553788.3532762023,6541283.403104619,-104.0404320000005,0.3208020050125313,2026-02-17 15:43:00+00:00,surfline_trevone_20260217_1543
-553788.5723745449,6541283.074560368,-104.0404320000005,0.3233082706766917,2026-02-17 15:43:00+00:00,surfline_trevone_20260217_1543
-553788.7910691812,6541282.745898163,-104.0404320000005,0.3258145363408521,2026-02-17 15:43:00+00:00,surfline_trevone_20260217_1543
-553788.9336178568,6541282.395003644,-104.0404320000005,0.3283208020050125,2026-02-17 15:43:00+00:00,surfline_trevone_20260217_1543
-553789.0164285034,6541282.026667448,-104.0404320000005,0.3308270676691729,2026-02-17 15:43:00+00:00,surfline_trevone_20260217_1543
-553789.0962875857,6541281.657469433,-104.0404320000005,0.3333333333333333,2026-02-17 15:43:00+00:00,surfline_trevone_20260217_1543
-553789.1418822556,6541281.278267055,-104.0404320000005,0.3358395989974937,2026-02-17 15:43:00+00:00,surfline_trevone_20260217_1543
-553789.1874768753,6541280.899064782,-104.0404320000005,0.3383458646616541,2026-02-17 15:43:00+00:00,surfline_trevone_20260217_1543
-553789.2221623658,6541280.516677446,-104.0404320000005,0.3408521303258145,2026-02-17 15:43:00+00:00,surfline_trevone_20260217_1543
-553789.2442763532,6541280.130619513,-104.0404320000005,0.3433583959899749,2026-02-17 15:43:00+00:00,surfline_trevone_20260217_1543
-553789.2663903811,6541279.744561508,-104.0404320000005,0.3458646616541353,2026-02-17 15:43:00+00:00,surfline_trevone_20260217_1543
-553789.2928412262,6541279.359769812,-104.0404320000005,0.3483709273182957,2026-02-17 15:43:00+00:00,surfline_trevone_20260217_1543
-553789.3199180966,6541278.975160981,-104.0404320000005,0.3508771929824561,2026-02-17 15:43:00+00:00,surfline_trevone_20260217_1543
-553789.3524847826,6541278.59215493,-104.0404320000005,0.3533834586466165,2026-02-17 15:43:00+00:00,surfline_trevone_20260217_1543
-553789.3994821672,6541278.213362141,-104.0404320000005,0.3558897243107769,2026-02-17 15:43:00+00:00,surfline_trevone_20260217_1543
-553789.4464794818,6541277.834569497,-104.0404320000005,0.3583959899749373,2026-02-17 15:43:00+00:00,surfline_trevone_20260217_1543
-553789.5513451085,6541277.472672627,-104.0404320000005,0.3609022556390977,2026-02-17 15:43:00+00:00,surfline_trevone_20260217_1543
-553789.6851982026,6541277.119239168,-104.0404320000005,0.3634085213032581,2026-02-17 15:43:00+00:00,surfline_trevone_20260217_1543
-553789.8194946507,6541276.765935239,-104.0404320000005,0.3659147869674185,2026-02-17 15:43:00+00:00,surfline_trevone_20260217_1543
-553789.9820263075,6541276.420875252,-104.0404320000005,0.3684210526315789,2026-02-17 15:43:00+00:00,surfline_trevone_20260217_1543
-553790.1445579743,6541276.075815182,-104.0404320000005,0.37092731829573933,2026-02-17 15:43:00+00:00,surfline_trevone_20260217_1543
-553790.2530534514,6541275.714978039,-104.0404320000005,0.37343358395989973,2026-02-17 15:43:00+00:00,surfline_trevone_20260217_1543
-553790.2819192135,6541275.3308914285,-104.0404320000005,0.37593984962406013,2026-02-17 15:43:00+00:00,surfline_trevone_20260217_1543
-553790.3107849368,6541274.94680489,-104.0404320000005,0.37844611528822053,2026-02-17 15:43:00+00:00,surfline_trevone_20260217_1543
-553790.4147377468,6541274.584641504,-104.0404320000005,0.38095238095238093,2026-02-17 15:43:00+00:00,surfline_trevone_20260217_1543
-553790.536984713,6541274.227819394,-104.0404320000005,0.38345864661654133,2026-02-17 15:43:00+00:00,surfline_trevone_20260217_1543
-553790.6467434887,6541273.867351182,-104.0404320000005,0.38596491228070173,2026-02-17 15:43:00+00:00,surfline_trevone_20260217_1543
-553790.6903573396,6541273.487570667,-104.0404320000005,0.38847117794486213,2026-02-17 15:43:00+00:00,surfline_trevone_20260217_1543
-553790.7339712258,6541273.107790076,-104.0404320000005,0.39097744360902253,2026-02-17 15:43:00+00:00,surfline_trevone_20260217_1543
-553790.8501486379,6541272.749195835,-104.0404320000005,0.39348370927318294,2026-02-17 15:43:00+00:00,surfline_trevone_20260217_1543
-553791.0249824343,6541272.407727628,-104.0404320000005,0.39598997493734334,2026-02-17 15:43:00+00:00,surfline_trevone_20260217_1543
-553791.1998162231,6541272.066259504,-104.0404320000005,0.39849624060150374,2026-02-17 15:43:00+00:00,surfline_trevone_20260217_1543
-553791.4423530219,6541271.744558633,-104.0404320000005,0.40100250626566414,2026-02-17 15:43:00+00:00,surfline_trevone_20260217_1543
-553791.6888648255,6541271.424018192,-104.0404320000005,0.40350877192982454,2026-02-17 15:43:00+00:00,surfline_trevone_20260217_1543
-553791.9233721499,6541271.099972915,-104.0404320000005,0.40601503759398494,2026-02-17 15:43:00+00:00,surfline_trevone_20260217_1543
-553792.1441815479,6541270.771928326,-104.0404320000005,0.40852130325814534,2026-02-17 15:43:00+00:00,surfline_trevone_20260217_1543
-553792.364990944,6541270.443883652,-104.0404320000005,0.41102756892230574,2026-02-17 15:43:00+00:00,surfline_trevone_20260217_1543
-553792.4381521316,6541270.072729928,-104.0404320000005,0.41353383458646614,2026-02-17 15:43:00+00:00,surfline_trevone_20260217_1543
-553792.509648972,6541269.701090431,-104.0404320000005,0.41604010025062654,2026-02-17 15:43:00+00:00,surfline_trevone_20260217_1543
-553792.5805212789,6541269.329268504,-104.0404320000005,0.41854636591478694,2026-02-17 15:43:00+00:00,surfline_trevone_20260217_1543
-553792.6502982208,6541268.95712668,-104.0404320000005,0.42105263157894735,2026-02-17 15:43:00+00:00,surfline_trevone_20260217_1543
-553792.7200751323,6541268.584984929,-104.0404320000005,0.42355889724310775,2026-02-17 15:43:00+00:00,surfline_trevone_20260217_1543
-553792.7384700316,6541268.197841217,-104.0404320000005,0.42606516290726815,2026-02-17 15:43:00+00:00,surfline_trevone_20260217_1543
-553792.736916737,6541267.804873128,-104.0404320000005,0.42857142857142855,2026-02-17 15:43:00+00:00,surfline_trevone_20260217_1543
-553792.7394795739,6541267.413106747,-104.0404320000005,0.43107769423558895,2026-02-17 15:43:00+00:00,surfline_trevone_20260217_1543
-553792.7542720996,6541267.0249111615,-104.0404320000005,0.43358395989974935,2026-02-17 15:43:00+00:00,surfline_trevone_20260217_1543
-553792.7690645835,6541266.636715648,-104.0404320000005,0.43609022556390975,2026-02-17 15:43:00+00:00,surfline_trevone_20260217_1543
-553792.8329692255,6541266.262859366,-104.0404320000005,0.43859649122807015,2026-02-17 15:43:00+00:00,surfline_trevone_20260217_1543
-553792.918187588,6541265.895225985,-104.0404320000005,0.44110275689223055,2026-02-17 15:43:00+00:00,surfline_trevone_20260217_1543
-553792.9935587216,6541265.524717585,-104.0404320000005,0.44360902255639095,2026-02-17 15:43:00+00:00,surfline_trevone_20260217_1543
-553793.0946516674,6541265.161719288,-104.0404320000005,0.44611528822055135,2026-02-17 15:43:00+00:00,surfline_trevone_20260217_1543
-553793.2607612207,6541264.817703856,-104.0404320000005,0.44862155388471175,2026-02-17 15:43:00+00:00,surfline_trevone_20260217_1543
-553793.3975342864,6541264.465122944,-104.0404320000005,0.45112781954887216,2026-02-17 15:43:00+00:00,surfline_trevone_20260217_1543
-553793.5293961717,6541264.111108194,-104.0404320000005,0.45363408521303256,2026-02-17 15:43:00+00:00,surfline_trevone_20260217_1543
-553793.6775851917,6541263.761860575,-104.0404320000005,0.45614035087719296,2026-02-17 15:43:00+00:00,surfline_trevone_20260217_1543
-553793.8810172927,6541263.428742238,-104.0404320000005,0.45864661654135336,2026-02-17 15:43:00+00:00,surfline_trevone_20260217_1543
-553794.0844493957,6541263.095623818,-104.0404320000005,0.46115288220551376,2026-02-17 15:43:00+00:00,surfline_trevone_20260217_1543
-553794.294580128,6541262.764461287,-104.0404320000005,0.46365914786967416,2026-02-17 15:43:00+00:00,surfline_trevone_20260217_1543
-553794.507891791,6541262.434227578,-104.0404320000005,0.46616541353383456,2026-02-17 15:43:00+00:00,surfline_trevone_20260217_1543
-553794.7154448088,6541262.102312465,-104.0404320000005,0.46867167919799496,2026-02-17 15:43:00+00:00,surfline_trevone_20260217_1543
-553794.8847300527,6541261.759224123,-104.0404320000005,0.47117794486215536,2026-02-17 15:43:00+00:00,surfline_trevone_20260217_1543
-553794.9276665691,6541261.379245847,-104.0404320000005,0.47368421052631576,2026-02-17 15:43:00+00:00,surfline_trevone_20260217_1543
-553794.8703841295,6541260.970006474,-104.0404320000005,0.47619047619047616,2026-02-17 15:43:00+00:00,surfline_trevone_20260217_1543
-553794.8035703833,6541260.557984156,-104.0404320000005,0.47869674185463656,2026-02-17 15:43:00+00:00,surfline_trevone_20260217_1543
-553794.6725501916,6541260.127215514,-104.0404320000005,0.48120300751879697,2026-02-17 15:43:00+00:00,surfline_trevone_20260217_1543
-553794.5415299266,6541259.696446935,-104.0404320000005,0.48370927318295737,2026-02-17 15:43:00+00:00,surfline_trevone_20260217_1543
-553794.3454219461,6541259.246674557,-104.0404320000005,0.48621553884711777,2026-02-17 15:43:00+00:00,surfline_trevone_20260217_1543
-553794.1423868468,6541258.794879581,-104.0404320000005,0.48872180451127817,2026-02-17 15:43:00+00:00,surfline_trevone_20260217_1543
-553794.0011381893,6541258.361124525,-104.0404320000005,0.49122807017543857,2026-02-17 15:43:00+00:00,surfline_trevone_20260217_1543
-553793.8679897775,6541257.9297345895,-104.0404320000005,0.49373433583959897,2026-02-17 15:43:00+00:00,surfline_trevone_20260217_1543
-553793.850678928,6541257.532165755,-104.0404320000005,0.49624060150375937,2026-02-17 15:43:00+00:00,surfline_trevone_20260217_1543
-553793.8858039891,6541257.149906592,-104.0404320000005,0.49874686716791977,2026-02-17 15:43:00+00:00,surfline_trevone_20260217_1543
-553793.9351973581,6541256.771813443,-104.0404320000005,0.5012531328320802,2026-02-17 15:43:00+00:00,surfline_trevone_20260217_1543
-553794.0542915871,6541256.414070995,-104.0404320000005,0.5037593984962405,2026-02-17 15:43:00+00:00,surfline_trevone_20260217_1543
-553794.1733858356,6541256.056328467,-104.0404320000005,0.506265664160401,2026-02-17 15:43:00+00:00,surfline_trevone_20260217_1543
-553794.2353641157,6541255.68190966,-104.0404320000005,0.5087719298245614,2026-02-17 15:43:00+00:00,surfline_trevone_20260217_1543
-553794.2433915689,6541255.291738871,-104.0404320000005,0.5112781954887218,2026-02-17 15:43:00+00:00,surfline_trevone_20260217_1543
-553794.2514189784,6541254.901568154,-104.0404320000005,0.5137844611528821,2026-02-17 15:43:00+00:00,surfline_trevone_20260217_1543
-553794.2333305546,6541254.50377229,-104.0404320000005,0.5162907268170426,2026-02-17 15:43:00+00:00,surfline_trevone_20260217_1543
-553794.2140189102,6541254.105619199,-104.0404320000005,0.518796992481203,2026-02-17 15:43:00+00:00,surfline_trevone_20260217_1543
-553794.1637568087,6541253.698429561,-104.0404320000005,0.5213032581453634,2026-02-17 15:43:00+00:00,surfline_trevone_20260217_1543
-553794.0750449648,6541253.280013807,-104.0404320000005,0.5238095238095237,2026-02-17 15:43:00+00:00,surfline_trevone_20260217_1543
-553793.9821932766,6541252.860389253,-104.0404320000005,0.5263157894736842,2026-02-17 15:43:00+00:00,surfline_trevone_20260217_1543
-553793.8533428601,6541252.430254037,-104.0404320000005,0.5288220551378446,2026-02-17 15:43:00+00:00,surfline_trevone_20260217_1543
-553793.7244922642,6541252.000118975,-104.0404320000005,0.531328320802005,2026-02-17 15:43:00+00:00,surfline_trevone_20260217_1543
-553793.5566595946,6541251.558602126,-104.0404320000005,0.5338345864661653,2026-02-17 15:43:00+00:00,surfline_trevone_20260217_1543
-553793.3831718843,6541251.115434123,-104.0404320000005,0.5363408521303258,2026-02-17 15:43:00+00:00,surfline_trevone_20260217_1543
-553793.1531639157,6541250.65576394,-104.0404320000005,0.5388471177944862,2026-02-17 15:43:00+00:00,surfline_trevone_20260217_1543
-553792.9067674837,6541250.19130889,-104.0404320000005,0.5413533834586466,2026-02-17 15:43:00+00:00,surfline_trevone_20260217_1543
-553792.6993620954,6541249.738237999,-104.0404320000005,0.5438596491228069,2026-02-17 15:43:00+00:00,surfline_trevone_20260217_1543
-553792.4978191291,6541249.28687868,-104.0404320000005,0.5463659147869674,2026-02-17 15:43:00+00:00,surfline_trevone_20260217_1543
-553792.2821310723,6541248.831389493,-104.0404320000005,0.5488721804511278,2026-02-17 15:43:00+00:00,surfline_trevone_20260217_1543
-553792.0638213865,6541248.375134953,-104.0404320000005,0.5513784461152882,2026-02-17 15:43:00+00:00,surfline_trevone_20260217_1543
-553791.7461945589,6541247.88988262,-104.0404320000005,0.5538847117794485,2026-02-17 15:43:00+00:00,surfline_trevone_20260217_1543
-553791.4016375584,6541247.396767377,-104.0404320000005,0.556390977443609,2026-02-17 15:43:00+00:00,surfline_trevone_20260217_1543
-553791.0008627593,6541246.887238265,-104.0404320000005,0.5588972431077694,2026-02-17 15:43:00+00:00,surfline_trevone_20260217_1543
-553790.6125757418,6541246.381355307,-104.0404320000005,0.5614035087719298,2026-02-17 15:43:00+00:00,surfline_trevone_20260217_1543
-553790.2318853812,6541245.877690263,-104.0404320000005,0.5639097744360901,2026-02-17 15:43:00+00:00,surfline_trevone_20260217_1543
-553789.857639327,6541245.375906683,-104.0404320000005,0.5664160401002506,2026-02-17 15:43:00+00:00,surfline_trevone_20260217_1543
-553789.4496851958,6541244.864281414,-104.0404320000005,0.568922305764411,2026-02-17 15:43:00+00:00,surfline_trevone_20260217_1543
-553788.9997398607,6541244.340396028,-104.0404320000005,0.5714285714285714,2026-02-17 15:43:00+00:00,surfline_trevone_20260217_1543
-553788.5842386838,6541243.826567243,-104.0404320000005,0.5739348370927317,2026-02-17 15:43:00+00:00,surfline_trevone_20260217_1543
-553788.1776188454,6541243.315331461,-104.0404320000005,0.5764411027568922,2026-02-17 15:43:00+00:00,surfline_trevone_20260217_1543
-553787.779925551,6541242.806702058,-104.0404320000005,0.5789473684210527,2026-02-17 15:43:00+00:00,surfline_trevone_20260217_1543
-553786.8649763266,6541242.147049111,-104.0404320000005,0.581453634085213,2026-02-17 15:43:00+00:00,surfline_trevone_20260217_1543
-553786.1443673336,6541241.544137751,-104.0404320000005,0.5839598997493733,2026-02-17 15:43:00+00:00,surfline_trevone_20260217_1543
-553785.7897174539,6541241.048075679,-104.0404320000005,0.5864661654135338,2026-02-17 15:43:00+00:00,surfline_trevone_20260217_1543
-553785.7897174539,6541241.048075679,-104.0404320000005,0.5889724310776943,2026-02-17 15:43:00+00:00,surfline_trevone_20260217_1543
-553785.7897174539,6541241.048075679,-104.0404320000005,0.5914786967418546,2026-02-17 15:43:00+00:00,surfline_trevone_20260217_1543
-553785.7897174539,6541241.048075679,-104.0404320000005,0.593984962406015,2026-02-17 15:43:00+00:00,surfline_trevone_20260217_1543
-553785.7897174539,6541241.048075679,-104.0404320000005,0.5964912280701754,2026-02-17 15:43:00+00:00,surfline_trevone_20260217_1543
-553785.7897174539,6541241.048075679,-104.0404320000005,0.5989974937343359,2026-02-17 15:43:00+00:00,surfline_trevone_20260217_1543
-553785.7897174539,6541241.048075679,-104.0404320000005,0.6015037593984962,2026-02-17 15:43:00+00:00,surfline_trevone_20260217_1543
-553785.7897174539,6541241.048075679,-104.0404320000005,0.6040100250626566,2026-02-17 15:43:00+00:00,surfline_trevone_20260217_1543
-553785.7897174539,6541241.048075679,-104.0404320000005,0.606516290726817,2026-02-17 15:43:00+00:00,surfline_trevone_20260217_1543
-553785.7897174539,6541241.048075679,-104.0404320000005,0.6090225563909775,2026-02-17 15:43:00+00:00,surfline_trevone_20260217_1543
-553785.7897174539,6541241.048075679,-104.0404320000005,0.6115288220551378,2026-02-17 15:43:00+00:00,surfline_trevone_20260217_1543
-553785.7897174539,6541241.048075679,-104.0404320000005,0.6140350877192982,2026-02-17 15:43:00+00:00,surfline_trevone_20260217_1543
-553785.7897174539,6541241.048075679,-104.0404320000005,0.6165413533834586,2026-02-17 15:43:00+00:00,surfline_trevone_20260217_1543
-553785.7897174539,6541241.048075679,-104.0404320000005,0.6190476190476191,2026-02-17 15:43:00+00:00,surfline_trevone_20260217_1543
-553785.7897174539,6541241.048075679,-104.0404320000005,0.6215538847117794,2026-02-17 15:43:00+00:00,surfline_trevone_20260217_1543
-553785.7897174539,6541241.048075679,-104.0404320000005,0.6240601503759398,2026-02-17 15:43:00+00:00,surfline_trevone_20260217_1543
-553785.7897174539,6541241.048075679,-104.0404320000005,0.6265664160401002,2026-02-17 15:43:00+00:00,surfline_trevone_20260217_1543
-553785.7897174539,6541241.048075679,-104.0404320000005,0.6290726817042607,2026-02-17 15:43:00+00:00,surfline_trevone_20260217_1543
-553785.7897174539,6541241.048075679,-104.0404320000005,0.631578947368421,2026-02-17 15:43:00+00:00,surfline_trevone_20260217_1543
-553785.7897174539,6541241.048075679,-104.0404320000005,0.6340852130325814,2026-02-17 15:43:00+00:00,surfline_trevone_20260217_1543
-553785.7897174539,6541241.048075679,-104.0404320000005,0.6365914786967418,2026-02-17 15:43:00+00:00,surfline_trevone_20260217_1543
-553785.7897174539,6541241.048075679,-104.0404320000005,0.6390977443609023,2026-02-17 15:43:00+00:00,surfline_trevone_20260217_1543
-553785.7897174539,6541241.048075679,-104.0404320000005,0.6416040100250626,2026-02-17 15:43:00+00:00,surfline_trevone_20260217_1543
-553785.7897174539,6541241.048075679,-104.0404320000005,0.644110275689223,2026-02-17 15:43:00+00:00,surfline_trevone_20260217_1543
-553785.7897174539,6541241.048075679,-104.0404320000005,0.6466165413533834,2026-02-17 15:43:00+00:00,surfline_trevone_20260217_1543
-553785.7897174539,6541241.048075679,-104.0404320000005,0.6491228070175439,2026-02-17 15:43:00+00:00,surfline_trevone_20260217_1543
-553785.7897174539,6541241.048075679,-104.0404320000005,0.6516290726817042,2026-02-17 15:43:00+00:00,surfline_trevone_20260217_1543
-553785.7897174539,6541241.048075679,-104.0404320000005,0.6541353383458646,2026-02-17 15:43:00+00:00,surfline_trevone_20260217_1543
-553785.7897174539,6541241.048075679,-104.0404320000005,0.656641604010025,2026-02-17 15:43:00+00:00,surfline_trevone_20260217_1543
-553785.7897174539,6541241.048075679,-104.0404320000005,0.6591478696741855,2026-02-17 15:43:00+00:00,surfline_trevone_20260217_1543
-553785.7897174539,6541241.048075679,-104.0404320000005,0.6616541353383458,2026-02-17 15:43:00+00:00,surfline_trevone_20260217_1543
-553785.7897174539,6541241.048075679,-104.0404320000005,0.6641604010025062,2026-02-17 15:43:00+00:00,surfline_trevone_20260217_1543
-553785.7897174539,6541241.048075679,-104.0404320000005,0.6666666666666666,2026-02-17 15:43:00+00:00,surfline_trevone_20260217_1543
-553785.7897174539,6541241.048075679,-104.0404320000005,0.6691729323308271,2026-02-17 15:43:00+00:00,surfline_trevone_20260217_1543
-553785.7897174539,6541241.048075679,-104.0404320000005,0.6716791979949874,2026-02-17 15:43:00+00:00,surfline_trevone_20260217_1543
-553785.7897174539,6541241.048075679,-104.0404320000005,0.6741854636591478,2026-02-17 15:43:00+00:00,surfline_trevone_20260217_1543
-553785.7897174539,6541241.048075679,-104.0404320000005,0.6766917293233082,2026-02-17 15:43:00+00:00,surfline_trevone_20260217_1543
-553785.7897174539,6541241.048075679,-104.0404320000005,0.6791979949874687,2026-02-17 15:43:00+00:00,surfline_trevone_20260217_1543
-553785.7897174539,6541241.048075679,-104.0404320000005,0.681704260651629,2026-02-17 15:43:00+00:00,surfline_trevone_20260217_1543
-553785.7897174539,6541241.048075679,-104.0404320000005,0.6842105263157894,2026-02-17 15:43:00+00:00,surfline_trevone_20260217_1543
-553785.7897174539,6541241.048075679,-104.0404320000005,0.6867167919799498,2026-02-17 15:43:00+00:00,surfline_trevone_20260217_1543
-553785.7897174539,6541241.048075679,-104.0404320000005,0.6892230576441103,2026-02-17 15:43:00+00:00,surfline_trevone_20260217_1543
-553785.7897174539,6541241.048075679,-104.0404320000005,0.6917293233082706,2026-02-17 15:43:00+00:00,surfline_trevone_20260217_1543
-553785.7897174539,6541241.048075679,-104.0404320000005,0.694235588972431,2026-02-17 15:43:00+00:00,surfline_trevone_20260217_1543
-553785.7897174539,6541241.048075679,-104.0404320000005,0.6967418546365914,2026-02-17 15:43:00+00:00,surfline_trevone_20260217_1543
-553785.7897174539,6541241.048075679,-104.0404320000005,0.6992481203007519,2026-02-17 15:43:00+00:00,surfline_trevone_20260217_1543
-553785.7897174539,6541241.048075679,-104.0404320000005,0.7017543859649122,2026-02-17 15:43:00+00:00,surfline_trevone_20260217_1543
-553785.7897174539,6541241.048075679,-104.0404320000005,0.7042606516290726,2026-02-17 15:43:00+00:00,surfline_trevone_20260217_1543
-553785.7897174539,6541241.048075679,-104.0404320000005,0.706766917293233,2026-02-17 15:43:00+00:00,surfline_trevone_20260217_1543
-553785.7897174539,6541241.048075679,-104.0404320000005,0.7092731829573935,2026-02-17 15:43:00+00:00,surfline_trevone_20260217_1543
-553785.7897174539,6541241.048075679,-104.0404320000005,0.7117794486215538,2026-02-17 15:43:00+00:00,surfline_trevone_20260217_1543
-553785.7897174539,6541241.048075679,-104.0404320000005,0.7142857142857142,2026-02-17 15:43:00+00:00,surfline_trevone_20260217_1543
-553785.7897174539,6541241.048075679,-104.0404320000005,0.7167919799498746,2026-02-17 15:43:00+00:00,surfline_trevone_20260217_1543
-553785.7897174539,6541241.048075679,-104.0404320000005,0.7192982456140351,2026-02-17 15:43:00+00:00,surfline_trevone_20260217_1543
-553785.7897174539,6541241.048075679,-104.0404320000005,0.7218045112781954,2026-02-17 15:43:00+00:00,surfline_trevone_20260217_1543
-553785.7897174539,6541241.048075679,-104.0404320000005,0.7243107769423558,2026-02-17 15:43:00+00:00,surfline_trevone_20260217_1543
-553785.7897174539,6541241.048075679,-104.0404320000005,0.7268170426065163,2026-02-17 15:43:00+00:00,surfline_trevone_20260217_1543
-553785.7897174539,6541241.048075679,-104.0404320000005,0.7293233082706767,2026-02-17 15:43:00+00:00,surfline_trevone_20260217_1543
-553785.7897174539,6541241.048075679,-104.0404320000005,0.731829573934837,2026-02-17 15:43:00+00:00,surfline_trevone_20260217_1543
-553785.7897174539,6541241.048075679,-104.0404320000005,0.7343358395989974,2026-02-17 15:43:00+00:00,surfline_trevone_20260217_1543
-553785.7897174539,6541241.048075679,-104.0404320000005,0.7368421052631579,2026-02-17 15:43:00+00:00,surfline_trevone_20260217_1543
-553785.7897174539,6541241.048075679,-104.0404320000005,0.7393483709273183,2026-02-17 15:43:00+00:00,surfline_trevone_20260217_1543
-553785.7897174539,6541241.048075679,-104.0404320000005,0.7418546365914787,2026-02-17 15:43:00+00:00,surfline_trevone_20260217_1543
-553785.7897174539,6541241.048075679,-104.0404320000005,0.744360902255639,2026-02-17 15:43:00+00:00,surfline_trevone_20260217_1543
-553785.7897174539,6541241.048075679,-104.0404320000005,0.7468671679197995,2026-02-17 15:43:00+00:00,surfline_trevone_20260217_1543
-553785.7897174539,6541241.048075679,-104.0404320000005,0.7493734335839599,2026-02-17 15:43:00+00:00,surfline_trevone_20260217_1543
-553785.7897174539,6541241.048075679,-104.0404320000005,0.7518796992481203,2026-02-17 15:43:00+00:00,surfline_trevone_20260217_1543
-553785.7897174539,6541241.048075679,-104.0404320000005,0.7543859649122806,2026-02-17 15:43:00+00:00,surfline_trevone_20260217_1543
-553785.7897174539,6541241.048075679,-104.0404320000005,0.7568922305764411,2026-02-17 15:43:00+00:00,surfline_trevone_20260217_1543
-553785.7897174539,6541241.048075679,-104.0404320000005,0.7593984962406015,2026-02-17 15:43:00+00:00,surfline_trevone_20260217_1543
-553785.7897174539,6541241.048075679,-104.0404320000005,0.7619047619047619,2026-02-17 15:43:00+00:00,surfline_trevone_20260217_1543
-553785.7897174539,6541241.048075679,-104.0404320000005,0.7644110275689222,2026-02-17 15:43:00+00:00,surfline_trevone_20260217_1543
-553785.7897174539,6541241.048075679,-104.0404320000005,0.7669172932330827,2026-02-17 15:43:00+00:00,surfline_trevone_20260217_1543
-553785.7897174539,6541241.048075679,-104.0404320000005,0.7694235588972431,2026-02-17 15:43:00+00:00,surfline_trevone_20260217_1543
-553785.7897174539,6541241.048075679,-104.0404320000005,0.7719298245614035,2026-02-17 15:43:00+00:00,surfline_trevone_20260217_1543
-553785.7897174539,6541241.048075679,-104.0404320000005,0.7744360902255638,2026-02-17 15:43:00+00:00,surfline_trevone_20260217_1543
-553785.7897174539,6541241.048075679,-104.0404320000005,0.7769423558897243,2026-02-17 15:43:00+00:00,surfline_trevone_20260217_1543
-553785.7897174539,6541241.048075679,-104.0404320000005,0.7794486215538847,2026-02-17 15:43:00+00:00,surfline_trevone_20260217_1543
-553785.7897174539,6541241.048075679,-104.0404320000005,0.7819548872180451,2026-02-17 15:43:00+00:00,surfline_trevone_20260217_1543
-553785.7897174539,6541241.048075679,-104.0404320000005,0.7844611528822054,2026-02-17 15:43:00+00:00,surfline_trevone_20260217_1543
-553785.7897174539,6541241.048075679,-104.0404320000005,0.7869674185463659,2026-02-17 15:43:00+00:00,surfline_trevone_20260217_1543
-553785.7897174539,6541241.048075679,-104.0404320000005,0.7894736842105263,2026-02-17 15:43:00+00:00,surfline_trevone_20260217_1543
-553785.7897174539,6541241.048075679,-104.0404320000005,0.7919799498746867,2026-02-17 15:43:00+00:00,surfline_trevone_20260217_1543
-553785.7897174539,6541241.048075679,-104.0404320000005,0.794486215538847,2026-02-17 15:43:00+00:00,surfline_trevone_20260217_1543
-553785.7897174539,6541241.048075679,-104.0404320000005,0.7969924812030075,2026-02-17 15:43:00+00:00,surfline_trevone_20260217_1543
-553785.7897174539,6541241.048075679,-104.0404320000005,0.7994987468671679,2026-02-17 15:43:00+00:00,surfline_trevone_20260217_1543
-553785.7897174539,6541241.048075679,-104.0404320000005,0.8020050125313283,2026-02-17 15:43:00+00:00,surfline_trevone_20260217_1543
-553785.7897174539,6541241.048075679,-104.0404320000005,0.8045112781954886,2026-02-17 15:43:00+00:00,surfline_trevone_20260217_1543
-553785.7897174539,6541241.048075679,-104.0404320000005,0.8070175438596491,2026-02-17 15:43:00+00:00,surfline_trevone_20260217_1543
-553785.7897174539,6541241.048075679,-104.0404320000005,0.8095238095238095,2026-02-17 15:43:00+00:00,surfline_trevone_20260217_1543
-553785.7897174539,6541241.048075679,-104.0404320000005,0.8120300751879699,2026-02-17 15:43:00+00:00,surfline_trevone_20260217_1543
-553785.7897174539,6541241.048075679,-104.0404320000005,0.8145363408521302,2026-02-17 15:43:00+00:00,surfline_trevone_20260217_1543
-553785.7897174539,6541241.048075679,-104.0404320000005,0.8170426065162907,2026-02-17 15:43:00+00:00,surfline_trevone_20260217_1543
-553785.7897174539,6541241.048075679,-104.0404320000005,0.8195488721804511,2026-02-17 15:43:00+00:00,surfline_trevone_20260217_1543
-553785.7897174539,6541241.048075679,-104.0404320000005,0.8220551378446115,2026-02-17 15:43:00+00:00,surfline_trevone_20260217_1543
-553785.7897174539,6541241.048075679,-104.0404320000005,0.8245614035087718,2026-02-17 15:43:00+00:00,surfline_trevone_20260217_1543
-553785.7897174539,6541241.048075679,-104.0404320000005,0.8270676691729323,2026-02-17 15:43:00+00:00,surfline_trevone_20260217_1543
-553785.7897174539,6541241.048075679,-104.0404320000005,0.8295739348370927,2026-02-17 15:43:00+00:00,surfline_trevone_20260217_1543
-553785.7897174539,6541241.048075679,-104.0404320000005,0.8320802005012531,2026-02-17 15:43:00+00:00,surfline_trevone_20260217_1543
-553785.7897174539,6541241.048075679,-104.0404320000005,0.8345864661654134,2026-02-17 15:43:00+00:00,surfline_trevone_20260217_1543
-553785.7897174539,6541241.048075679,-104.0404320000005,0.8370927318295739,2026-02-17 15:43:00+00:00,surfline_trevone_20260217_1543
-553785.7897174539,6541241.048075679,-104.0404320000005,0.8395989974937343,2026-02-17 15:43:00+00:00,surfline_trevone_20260217_1543
-553785.7897174539,6541241.048075679,-104.0404320000005,0.8421052631578947,2026-02-17 15:43:00+00:00,surfline_trevone_20260217_1543
-553785.7897174539,6541241.048075679,-104.0404320000005,0.844611528822055,2026-02-17 15:43:00+00:00,surfline_trevone_20260217_1543
-553785.7897174539,6541241.048075679,-104.0404320000005,0.8471177944862155,2026-02-17 15:43:00+00:00,surfline_trevone_20260217_1543
-553785.7897174539,6541241.048075679,-104.0404320000005,0.849624060150376,2026-02-17 15:43:00+00:00,surfline_trevone_20260217_1543
-553785.7897174539,6541241.048075679,-104.0404320000005,0.8521303258145363,2026-02-17 15:43:00+00:00,surfline_trevone_20260217_1543
-553785.7897174539,6541241.048075679,-104.0404320000005,0.8546365914786966,2026-02-17 15:43:00+00:00,surfline_trevone_20260217_1543
-553785.7897174539,6541241.048075679,-104.0404320000005,0.8571428571428571,2026-02-17 15:43:00+00:00,surfline_trevone_20260217_1543
-553785.7897174539,6541241.048075679,-104.0404320000005,0.8596491228070176,2026-02-17 15:43:00+00:00,surfline_trevone_20260217_1543
-553785.7897174539,6541241.048075679,-104.0404320000005,0.8621553884711779,2026-02-17 15:43:00+00:00,surfline_trevone_20260217_1543
-553785.7897174539,6541241.048075679,-104.0404320000005,0.8646616541353382,2026-02-17 15:43:00+00:00,surfline_trevone_20260217_1543
-553785.7897174539,6541241.048075679,-104.0404320000005,0.8671679197994987,2026-02-17 15:43:00+00:00,surfline_trevone_20260217_1543
-553785.7897174539,6541241.048075679,-104.0404320000005,0.8696741854636592,2026-02-17 15:43:00+00:00,surfline_trevone_20260217_1543
-553785.7897174539,6541241.048075679,-104.0404320000005,0.8721804511278195,2026-02-17 15:43:00+00:00,surfline_trevone_20260217_1543
-553785.7897174539,6541241.048075679,-104.0404320000005,0.8746867167919798,2026-02-17 15:43:00+00:00,surfline_trevone_20260217_1543
-553785.7897174539,6541241.048075679,-104.0404320000005,0.8771929824561403,2026-02-17 15:43:00+00:00,surfline_trevone_20260217_1543
-553785.7897174539,6541241.048075679,-104.0404320000005,0.8796992481203008,2026-02-17 15:43:00+00:00,surfline_trevone_20260217_1543
-553785.7897174539,6541241.048075679,-104.0404320000005,0.8822055137844611,2026-02-17 15:43:00+00:00,surfline_trevone_20260217_1543
-553785.7897174539,6541241.048075679,-104.0404320000005,0.8847117794486214,2026-02-17 15:43:00+00:00,surfline_trevone_20260217_1543
-553785.7897174539,6541241.048075679,-104.0404320000005,0.8872180451127819,2026-02-17 15:43:00+00:00,surfline_trevone_20260217_1543
-553785.7897174539,6541241.048075679,-104.0404320000005,0.8897243107769424,2026-02-17 15:43:00+00:00,surfline_trevone_20260217_1543
-553785.7897174539,6541241.048075679,-104.0404320000005,0.8922305764411027,2026-02-17 15:43:00+00:00,surfline_trevone_20260217_1543
-553785.7897174539,6541241.048075679,-104.0404320000005,0.894736842105263,2026-02-17 15:43:00+00:00,surfline_trevone_20260217_1543
-553785.7897174539,6541241.048075679,-104.0404320000005,0.8972431077694235,2026-02-17 15:43:00+00:00,surfline_trevone_20260217_1543
-553785.7897174539,6541241.048075679,-104.0404320000005,0.899749373433584,2026-02-17 15:43:00+00:00,surfline_trevone_20260217_1543
-553785.7897174539,6541241.048075679,-104.0404320000005,0.9022556390977443,2026-02-17 15:43:00+00:00,surfline_trevone_20260217_1543
-553785.7897174539,6541241.048075679,-104.0404320000005,0.9047619047619047,2026-02-17 15:43:00+00:00,surfline_trevone_20260217_1543
-553785.7897174539,6541241.048075679,-104.0404320000005,0.9072681704260651,2026-02-17 15:43:00+00:00,surfline_trevone_20260217_1543
-553785.7897174539,6541241.048075679,-104.0404320000005,0.9097744360902256,2026-02-17 15:43:00+00:00,surfline_trevone_20260217_1543
-553785.7897174539,6541241.048075679,-104.0404320000005,0.9122807017543859,2026-02-17 15:43:00+00:00,surfline_trevone_20260217_1543
-553785.7897174539,6541241.048075679,-104.0404320000005,0.9147869674185463,2026-02-17 15:43:00+00:00,surfline_trevone_20260217_1543
-553785.7897174539,6541241.048075679,-104.0404320000005,0.9172932330827067,2026-02-17 15:43:00+00:00,surfline_trevone_20260217_1543
-553785.7897174539,6541241.048075679,-104.0404320000005,0.9197994987468672,2026-02-17 15:43:00+00:00,surfline_trevone_20260217_1543
-553785.7897174539,6541241.048075679,-104.0404320000005,0.9223057644110275,2026-02-17 15:43:00+00:00,surfline_trevone_20260217_1543
-553785.7897174539,6541241.048075679,-104.0404320000005,0.9248120300751879,2026-02-17 15:43:00+00:00,surfline_trevone_20260217_1543
-553785.7897174539,6541241.048075679,-104.0404320000005,0.9273182957393483,2026-02-17 15:43:00+00:00,surfline_trevone_20260217_1543
-553785.7897174539,6541241.048075679,-104.0404320000005,0.9298245614035088,2026-02-17 15:43:00+00:00,surfline_trevone_20260217_1543
-553785.7897174539,6541241.048075679,-104.0404320000005,0.9323308270676691,2026-02-17 15:43:00+00:00,surfline_trevone_20260217_1543
-553785.7897174539,6541241.048075679,-104.0404320000005,0.9348370927318295,2026-02-17 15:43:00+00:00,surfline_trevone_20260217_1543
-553785.7897174539,6541241.048075679,-104.0404320000005,0.9373433583959899,2026-02-17 15:43:00+00:00,surfline_trevone_20260217_1543
-553785.7897174539,6541241.048075679,-104.0404320000005,0.9398496240601504,2026-02-17 15:43:00+00:00,surfline_trevone_20260217_1543
-553785.7897174539,6541241.048075679,-104.0404320000005,0.9423558897243107,2026-02-17 15:43:00+00:00,surfline_trevone_20260217_1543
-553785.7897174539,6541241.048075679,-104.0404320000005,0.9448621553884711,2026-02-17 15:43:00+00:00,surfline_trevone_20260217_1543
-553785.7897174539,6541241.048075679,-104.0404320000005,0.9473684210526315,2026-02-17 15:43:00+00:00,surfline_trevone_20260217_1543
-553785.7897174539,6541241.048075679,-104.0404320000005,0.949874686716792,2026-02-17 15:43:00+00:00,surfline_trevone_20260217_1543
-553785.7897174539,6541241.048075679,-104.0404320000005,0.9523809523809523,2026-02-17 15:43:00+00:00,surfline_trevone_20260217_1543
-553785.7897174539,6541241.048075679,-104.0404320000005,0.9548872180451127,2026-02-17 15:43:00+00:00,surfline_trevone_20260217_1543
-553785.7897174539,6541241.048075679,-104.0404320000005,0.9573934837092731,2026-02-17 15:43:00+00:00,surfline_trevone_20260217_1543
-553785.7897174539,6541241.048075679,-104.0404320000005,0.9598997493734336,2026-02-17 15:43:00+00:00,surfline_trevone_20260217_1543
-553785.7897174539,6541241.048075679,-104.0404320000005,0.9624060150375939,2026-02-17 15:43:00+00:00,surfline_trevone_20260217_1543
-553785.7897174539,6541241.048075679,-104.0404320000005,0.9649122807017543,2026-02-17 15:43:00+00:00,surfline_trevone_20260217_1543
-553785.7897174539,6541241.048075679,-104.0404320000005,0.9674185463659147,2026-02-17 15:43:00+00:00,surfline_trevone_20260217_1543
-553785.7897174539,6541241.048075679,-104.0404320000005,0.9699248120300752,2026-02-17 15:43:00+00:00,surfline_trevone_20260217_1543
-553785.7897174539,6541241.048075679,-104.0404320000005,0.9724310776942355,2026-02-17 15:43:00+00:00,surfline_trevone_20260217_1543
-553785.7897174539,6541241.048075679,-104.0404320000005,0.9749373433583959,2026-02-17 15:43:00+00:00,surfline_trevone_20260217_1543
-553785.7897174539,6541241.048075679,-104.0404320000005,0.9774436090225563,2026-02-17 15:43:00+00:00,surfline_trevone_20260217_1543
-553785.7897174539,6541241.048075679,-104.0404320000005,0.9799498746867168,2026-02-17 15:43:00+00:00,surfline_trevone_20260217_1543
-553785.7897174539,6541241.048075679,-104.0404320000005,0.9824561403508771,2026-02-17 15:43:00+00:00,surfline_trevone_20260217_1543
-553785.7897174539,6541241.048075679,-104.0404320000005,0.9849624060150375,2026-02-17 15:43:00+00:00,surfline_trevone_20260217_1543
-553785.7897174539,6541241.048075679,-104.0404320000005,0.9874686716791979,2026-02-17 15:43:00+00:00,surfline_trevone_20260217_1543
-553785.7897174539,6541241.048075679,-104.0404320000005,0.9899749373433584,2026-02-17 15:43:00+00:00,surfline_trevone_20260217_1543
-553785.7897174539,6541241.048075679,-104.0404320000005,0.9924812030075187,2026-02-17 15:43:00+00:00,surfline_trevone_20260217_1543
-553785.7897174539,6541241.048075679,-104.0404320000005,0.9949874686716791,2026-02-17 15:43:00+00:00,surfline_trevone_20260217_1543
-553785.7897174539,6541241.048075679,-104.0404320000005,0.9974937343358395,2026-02-17 15:43:00+00:00,surfline_trevone_20260217_1543
-553785.7897174539,6541241.048075679,-104.0404320000005,1.0,2026-02-17 15:43:00+00:00,surfline_trevone_20260217_1543
-553901.001228277,6541366.534883193,-104.10992640000049,0.0,2026-02-17 16:02:00+00:00,surfline_trevone_20260217_1602
-553901.1623619952,6541366.189414985,-104.10992640000049,0.002506265664160401,2026-02-17 16:02:00+00:00,surfline_trevone_20260217_1602
-553901.3234957163,6541365.843946755,-104.10992640000049,0.005012531328320802,2026-02-17 16:02:00+00:00,surfline_trevone_20260217_1602
-553901.489417604,6541365.499876495,-104.10992640000049,0.007518796992481203,2026-02-17 16:02:00+00:00,surfline_trevone_20260217_1602
-553901.3826638783,6541365.076192953,-104.10992640000049,0.010025062656641603,2026-02-17 16:02:00+00:00,surfline_trevone_20260217_1602
-553901.0941609911,6541364.599443997,-104.10992640000049,0.012531328320802004,2026-02-17 16:02:00+00:00,surfline_trevone_20260217_1602
-553901.0625638157,6541364.197703973,-104.10992640000049,0.015037593984962405,2026-02-17 16:02:00+00:00,surfline_trevone_20260217_1602
-553901.2088974881,6541363.847914526,-104.10992640000049,0.017543859649122806,2026-02-17 16:02:00+00:00,surfline_trevone_20260217_1602
-553901.3552311546,6541363.498125114,-104.10992640000049,0.020050125313283207,2026-02-17 16:02:00+00:00,surfline_trevone_20260217_1602
-553901.501564815,6541363.148335737,-104.10992640000049,0.022556390977443608,2026-02-17 16:02:00+00:00,surfline_trevone_20260217_1602
-553901.6478984815,6541362.798546324,-104.10992640000049,0.02506265664160401,2026-02-17 16:02:00+00:00,surfline_trevone_20260217_1602
-553901.7678583259,6541362.441056489,-104.10992640000049,0.02756892230576441,2026-02-17 16:02:00+00:00,surfline_trevone_20260217_1602
-553901.8931335737,6541362.085118633,-104.10992640000049,0.03007518796992481,2026-02-17 16:02:00+00:00,surfline_trevone_20260217_1602
-553901.9189848101,6541361.700151905,-104.10992640000049,0.03258145363408521,2026-02-17 16:02:00+00:00,surfline_trevone_20260217_1602
-553901.9864418957,6541361.327332834,-104.10992640000049,0.03508771929824561,2026-02-17 16:02:00+00:00,surfline_trevone_20260217_1602
-553902.0509573711,6541360.953654861,-104.10992640000049,0.03759398496240601,2026-02-17 16:02:00+00:00,surfline_trevone_20260217_1602
-553902.1090329507,6541360.5780966645,-104.10992640000049,0.040100250626566414,2026-02-17 16:02:00+00:00,surfline_trevone_20260217_1602
-553902.1056485483,6541360.184593984,-104.10992640000049,0.042606516290726815,2026-02-17 16:02:00+00:00,surfline_trevone_20260217_1602
-553902.1022641659,6541359.791091271,-104.10992640000049,0.045112781954887216,2026-02-17 16:02:00+00:00,surfline_trevone_20260217_1602
-553902.1366257666,6541359.408609248,-104.10992640000049,0.047619047619047616,2026-02-17 16:02:00+00:00,surfline_trevone_20260217_1602
-553902.2023025572,6541359.035270382,-104.10992640000049,0.05012531328320802,2026-02-17 16:02:00+00:00,surfline_trevone_20260217_1602
-553902.2679793338,6541358.661931549,-104.10992640000049,0.05263157894736842,2026-02-17 16:02:00+00:00,surfline_trevone_20260217_1602
-553902.3467545427,6541358.292417039,-104.10992640000049,0.05513784461152882,2026-02-17 16:02:00+00:00,surfline_trevone_20260217_1602
-553902.4277707601,6541357.923556802,-104.10992640000049,0.05764411027568922,2026-02-17 16:02:00+00:00,surfline_trevone_20260217_1602
-553902.499970884,6541357.552122597,-104.10992640000049,0.06015037593984962,2026-02-17 16:02:00+00:00,surfline_trevone_20260217_1602
-553902.5379770673,6541357.170704721,-104.10992640000049,0.06265664160401002,2026-02-17 16:02:00+00:00,surfline_trevone_20260217_1602
-553902.5759832675,6541356.789286814,-104.10992640000049,0.06516290726817042,2026-02-17 16:02:00+00:00,surfline_trevone_20260217_1602
-553902.5974095161,6541356.403028098,-104.10992640000049,0.06766917293233082,2026-02-17 16:02:00+00:00,surfline_trevone_20260217_1602
-553902.6080603473,6541356.01362328,-104.10992640000049,0.07017543859649122,2026-02-17 16:02:00+00:00,surfline_trevone_20260217_1602
-553902.6172771297,6541355.623799739,-104.10992640000049,0.07268170426065163,2026-02-17 16:02:00+00:00,surfline_trevone_20260217_1602
-553902.5902599825,6541355.223396913,-104.10992640000049,0.07518796992481203,2026-02-17 16:02:00+00:00,surfline_trevone_20260217_1602
-553902.563242813,6541354.822994118,-104.10992640000049,0.07769423558897243,2026-02-17 16:02:00+00:00,surfline_trevone_20260217_1602
-553902.5184431992,6541354.417399405,-104.10992640000049,0.08020050125313283,2026-02-17 16:02:00+00:00,surfline_trevone_20260217_1602
-553902.4589601759,6541354.007517527,-104.10992640000049,0.08270676691729323,2026-02-17 16:02:00+00:00,surfline_trevone_20260217_1602
-553902.3805595965,6541353.592112238,-104.10992640000049,0.08521303258145363,2026-02-17 16:02:00+00:00,surfline_trevone_20260217_1602
-553902.1945043054,6541353.145274953,-104.10992640000049,0.08771929824561403,2026-02-17 16:02:00+00:00,surfline_trevone_20260217_1602
-553902.008365951,6541352.698413455,-104.10992640000049,0.09022556390977443,2026-02-17 16:02:00+00:00,surfline_trevone_20260217_1602
-553901.821306451,6541352.2512829695,-104.10992640000049,0.09273182957393483,2026-02-17 16:02:00+00:00,surfline_trevone_20260217_1602
-553901.63419079,6541351.80413605,-104.10992640000049,0.09523809523809523,2026-02-17 16:02:00+00:00,surfline_trevone_20260217_1602
-553901.4441267482,6541351.356128328,-104.10992640000049,0.09774436090225563,2026-02-17 16:02:00+00:00,surfline_trevone_20260217_1602
-553901.2540626674,6541350.908120631,-104.10992640000049,0.10025062656641603,2026-02-17 16:02:00+00:00,surfline_trevone_20260217_1602
-553901.0600420133,6541350.458957693,-104.10992640000049,0.10275689223057644,2026-02-17 16:02:00+00:00,surfline_trevone_20260217_1602
-553900.865869809,6541350.009750469,-104.10992640000049,0.10526315789473684,2026-02-17 16:02:00+00:00,surfline_trevone_20260217_1602
-553900.7681161733,6541349.58869469,-104.10992640000049,0.10776942355889724,2026-02-17 16:02:00+00:00,surfline_trevone_20260217_1602
-553900.8186575106,6541349.210936752,-104.10992640000049,0.11027568922305764,2026-02-17 16:02:00+00:00,surfline_trevone_20260217_1602
-553900.716039188,6541348.788460626,-104.10992640000049,0.11278195488721804,2026-02-17 16:02:00+00:00,surfline_trevone_20260217_1602
-553900.6128942029,6541348.365830692,-104.10992640000049,0.11528822055137844,2026-02-17 16:02:00+00:00,surfline_trevone_20260217_1602
-553900.3698299311,6541347.902348489,-104.10992640000049,0.11779448621553884,2026-02-17 16:02:00+00:00,surfline_trevone_20260217_1602
-553900.0558484645,6541347.418160494,-104.10992640000049,0.12030075187969924,2026-02-17 16:02:00+00:00,surfline_trevone_20260217_1602
-553899.7384363107,6541346.932970801,-104.10992640000049,0.12280701754385964,2026-02-17 16:02:00+00:00,surfline_trevone_20260217_1602
-553899.4136080925,6541346.445615874,-104.10992640000049,0.12531328320802004,2026-02-17 16:02:00+00:00,surfline_trevone_20260217_1602
-553899.0537638284,6541345.948037322,-104.10992640000049,0.12781954887218044,2026-02-17 16:02:00+00:00,surfline_trevone_20260217_1602
-553898.6706588211,6541345.443667271,-104.10992640000049,0.13032581453634084,2026-02-17 16:02:00+00:00,surfline_trevone_20260217_1602
-553898.380658557,6541344.96648105,-104.10992640000049,0.13283208020050125,2026-02-17 16:02:00+00:00,surfline_trevone_20260217_1602
-553898.2126953687,6541344.524926148,-104.10992640000049,0.13533834586466165,2026-02-17 16:02:00+00:00,surfline_trevone_20260217_1602
-553897.9498070686,6541344.055655891,-104.10992640000049,0.13784461152882205,2026-02-17 16:02:00+00:00,surfline_trevone_20260217_1602
-553897.8735546075,6541343.640877827,-104.10992640000049,0.14035087719298245,2026-02-17 16:02:00+00:00,surfline_trevone_20260217_1602
-553897.8242021847,6541343.233953749,-104.10992640000049,0.14285714285714285,2026-02-17 16:02:00+00:00,surfline_trevone_20260217_1602
-553897.8580360818,6541342.851317689,-104.10992640000049,0.14536340852130325,2026-02-17 16:02:00+00:00,surfline_trevone_20260217_1602
-553897.9210029368,6541342.477187641,-104.10992640000049,0.14786967418546365,2026-02-17 16:02:00+00:00,surfline_trevone_20260217_1602
-553897.9861484701,6541342.103693663,-104.10992640000049,0.15037593984962405,2026-02-17 16:02:00+00:00,surfline_trevone_20260217_1602
-553898.0702605685,6541341.735737329,-104.10992640000049,0.15288220551378445,2026-02-17 16:02:00+00:00,surfline_trevone_20260217_1602
-553898.1543726543,6541341.367781033,-104.10992640000049,0.15538847117794485,2026-02-17 16:02:00+00:00,surfline_trevone_20260217_1602
-553898.2652304835,6541341.007633751,-104.10992640000049,0.15789473684210525,2026-02-17 16:02:00+00:00,surfline_trevone_20260217_1602
-553898.4098375327,6541340.657340216,-104.10992640000049,0.16040100250626566,2026-02-17 16:02:00+00:00,surfline_trevone_20260217_1602
-553898.272828125,6541340.224822858,-104.10992640000049,0.16290726817042606,2026-02-17 16:02:00+00:00,surfline_trevone_20260217_1602
-553898.3715574958,6541339.861134382,-104.10992640000049,0.16541353383458646,2026-02-17 16:02:00+00:00,surfline_trevone_20260217_1602
-553898.6945038923,6541339.562910771,-104.10992640000049,0.16791979949874686,2026-02-17 16:02:00+00:00,surfline_trevone_20260217_1602
-553898.943970948,6541339.243233297,-104.10992640000049,0.17042606516290726,2026-02-17 16:02:00+00:00,surfline_trevone_20260217_1602
-553899.106798402,6541338.898259549,-104.10992640000049,0.17293233082706766,2026-02-17 16:02:00+00:00,surfline_trevone_20260217_1602
-553899.2696258464,6541338.553285879,-104.10992640000049,0.17543859649122806,2026-02-17 16:02:00+00:00,surfline_trevone_20260217_1602
-553899.426234909,6541338.206496581,-104.10992640000049,0.17794486215538846,2026-02-17 16:02:00+00:00,surfline_trevone_20260217_1602
-553899.5769759254,6541337.857993947,-104.10992640000049,0.18045112781954886,2026-02-17 16:02:00+00:00,surfline_trevone_20260217_1602
-553899.7277169353,6541337.509491351,-104.10992640000049,0.18295739348370926,2026-02-17 16:02:00+00:00,surfline_trevone_20260217_1602
-553899.8677585478,6541337.157864882,-104.10992640000049,0.18546365914786966,2026-02-17 16:02:00+00:00,surfline_trevone_20260217_1602
-553899.9820724223,6541336.798726625,-104.10992640000049,0.18796992481203006,2026-02-17 16:02:00+00:00,surfline_trevone_20260217_1602
-553900.0972182212,6541336.439831226,-104.10992640000049,0.19047619047619047,2026-02-17 16:02:00+00:00,surfline_trevone_20260217_1602
-553899.7229428033,6541335.938039159,-104.10992640000049,0.19298245614035087,2026-02-17 16:02:00+00:00,surfline_trevone_20260217_1602
-553899.6676497936,6541335.529380684,-104.10992640000049,0.19548872180451127,2026-02-17 16:02:00+00:00,surfline_trevone_20260217_1602
-553899.6684854169,6541335.137110107,-104.10992640000049,0.19799498746867167,2026-02-17 16:02:00+00:00,surfline_trevone_20260217_1602
-553899.8865427589,6541334.808261856,-104.10992640000049,0.20050125313283207,2026-02-17 16:02:00+00:00,surfline_trevone_20260217_1602
-553900.2553860558,6541334.523438761,-104.10992640000049,0.20300751879699247,2026-02-17 16:02:00+00:00,surfline_trevone_20260217_1602
-553900.6369624868,6541334.242333408,-104.10992640000049,0.20551378446115287,2026-02-17 16:02:00+00:00,surfline_trevone_20260217_1602
-553901.0184001867,6541333.96118751,-104.10992640000049,0.20802005012531327,2026-02-17 16:02:00+00:00,surfline_trevone_20260217_1602
-553901.252384321,6541333.636989436,-104.10992640000049,0.21052631578947367,2026-02-17 16:02:00+00:00,surfline_trevone_20260217_1602
-553901.4240984701,6541333.294610384,-104.10992640000049,0.21303258145363407,2026-02-17 16:02:00+00:00,surfline_trevone_20260217_1602
-553901.6000580959,6541332.953470927,-104.10992640000049,0.21553884711779447,2026-02-17 16:02:00+00:00,surfline_trevone_20260217_1602
-553901.7909742226,6541332.61669829,-104.10992640000049,0.21804511278195488,2026-02-17 16:02:00+00:00,surfline_trevone_20260217_1602
-553901.981890351,6541332.279925616,-104.10992640000049,0.22055137844611528,2026-02-17 16:02:00+00:00,surfline_trevone_20260217_1602
-553902.180986222,6541331.945541227,-104.10992640000049,0.22305764411027568,2026-02-17 16:02:00+00:00,surfline_trevone_20260217_1602
-553902.053794275,6541331.515890361,-104.10992640000049,0.22556390977443608,2026-02-17 16:02:00+00:00,surfline_trevone_20260217_1602
-553902.2186863961,6541331.171519475,-104.10992640000049,0.22807017543859648,2026-02-17 16:02:00+00:00,surfline_trevone_20260217_1602
-553902.403042512,6541330.832831468,-104.10992640000049,0.23057644110275688,2026-02-17 16:02:00+00:00,surfline_trevone_20260217_1602
-553902.5802382848,6541330.49205293,-104.10992640000049,0.23308270676691728,2026-02-17 16:02:00+00:00,surfline_trevone_20260217_1602
-553902.749908898,6541330.149077225,-104.10992640000049,0.23558897243107768,2026-02-17 16:02:00+00:00,surfline_trevone_20260217_1602
-553902.8840513262,6541329.795728287,-104.10992640000049,0.23809523809523808,2026-02-17 16:02:00+00:00,surfline_trevone_20260217_1602
-553903.0181937463,6541329.442379386,-104.10992640000049,0.24060150375939848,2026-02-17 16:02:00+00:00,surfline_trevone_20260217_1602
-553903.1238239947,6541329.080705804,-104.10992640000049,0.24310776942355888,2026-02-17 16:02:00+00:00,surfline_trevone_20260217_1602
-553903.2039523883,6541328.711586384,-104.10992640000049,0.24561403508771928,2026-02-17 16:02:00+00:00,surfline_trevone_20260217_1602
-553903.2840807955,6541328.34246693,-104.10992640000049,0.24812030075187969,2026-02-17 16:02:00+00:00,surfline_trevone_20260217_1602
-553903.2805998962,6541327.948936038,-104.10992640000049,0.2506265664160401,2026-02-17 16:02:00+00:00,surfline_trevone_20260217_1602
-553903.2702777328,6541327.553407736,-104.10992640000049,0.2531328320802005,2026-02-17 16:02:00+00:00,surfline_trevone_20260217_1602
-553903.2584034371,6541327.157426217,-104.10992640000049,0.2556390977443609,2026-02-17 16:02:00+00:00,surfline_trevone_20260217_1602
-553903.244154112,6541326.76075122,-104.10992640000049,0.2581453634085213,2026-02-17 16:02:00+00:00,surfline_trevone_20260217_1602
-553903.2299047637,6541326.364076255,-104.10992640000049,0.2606516290726817,2026-02-17 16:02:00+00:00,surfline_trevone_20260217_1602
-553903.2033464749,6541325.963807479,-104.10992640000049,0.2631578947368421,2026-02-17 16:02:00+00:00,surfline_trevone_20260217_1602
-553903.1647204357,6541325.560015248,-104.10992640000049,0.2656641604010025,2026-02-17 16:02:00+00:00,surfline_trevone_20260217_1602
-553903.1220337515,6541325.155037355,-104.10992640000049,0.2681704260651629,2026-02-17 16:02:00+00:00,surfline_trevone_20260217_1602
-553903.0660003227,6541324.746162658,-104.10992640000049,0.2706766917293233,2026-02-17 16:02:00+00:00,surfline_trevone_20260217_1602
-553903.0099668665,6541324.337287994,-104.10992640000049,0.2731829573934837,2026-02-17 16:02:00+00:00,surfline_trevone_20260217_1602
-553902.9225901534,6541323.919261972,-104.10992640000049,0.2756892230576441,2026-02-17 16:02:00+00:00,surfline_trevone_20260217_1602
-553902.8270947366,6541323.498865488,-104.10992640000049,0.2781954887218045,2026-02-17 16:02:00+00:00,surfline_trevone_20260217_1602
-553902.6920679463,6541323.066927035,-104.10992640000049,0.2807017543859649,2026-02-17 16:02:00+00:00,surfline_trevone_20260217_1602
-553902.4643038121,6541322.607912027,-104.10992640000049,0.2832080200501253,2026-02-17 16:02:00+00:00,surfline_trevone_20260217_1602
-553902.2163472557,6541322.143001379,-104.10992640000049,0.2857142857142857,2026-02-17 16:02:00+00:00,surfline_trevone_20260217_1602
-553902.0469075864,6541321.701015331,-104.10992640000049,0.2882205513784461,2026-02-17 16:02:00+00:00,surfline_trevone_20260217_1602
-553901.9350277985,6541321.275835128,-104.10992640000049,0.2907268170426065,2026-02-17 16:02:00+00:00,surfline_trevone_20260217_1602
-553901.9683620862,6541320.893053236,-104.10992640000049,0.2932330827067669,2026-02-17 16:02:00+00:00,surfline_trevone_20260217_1602
-553902.216242932,6541320.572912635,-104.10992640000049,0.2957393483709273,2026-02-17 16:02:00+00:00,surfline_trevone_20260217_1602
-553902.7160828596,6541320.326336691,-104.10992640000049,0.2982456140350877,2026-02-17 16:02:00+00:00,surfline_trevone_20260217_1602
-553902.8322055279,6541319.96772659,-104.10992640000049,0.3007518796992481,2026-02-17 16:02:00+00:00,surfline_trevone_20260217_1602
-553902.6213158743,6541319.513638396,-104.10992640000049,0.3032581453634085,2026-02-17 16:02:00+00:00,surfline_trevone_20260217_1602
-553902.5680277369,6541319.105565204,-104.10992640000049,0.3057644110275689,2026-02-17 16:02:00+00:00,surfline_trevone_20260217_1602
-553902.8030446884,6541318.781668723,-104.10992640000049,0.3082706766917293,2026-02-17 16:02:00+00:00,surfline_trevone_20260217_1602
-553903.0275142335,6541318.4546927465,-104.10992640000049,0.3107769423558897,2026-02-17 16:02:00+00:00,surfline_trevone_20260217_1602
-553903.2486213611,6541318.126735001,-104.10992640000049,0.3132832080200501,2026-02-17 16:02:00+00:00,surfline_trevone_20260217_1602
-553903.4544535179,6541317.794317371,-104.10992640000049,0.3157894736842105,2026-02-17 16:02:00+00:00,surfline_trevone_20260217_1602
-553903.660285674,6541317.461899781,-104.10992640000049,0.3182957393483709,2026-02-17 16:02:00+00:00,surfline_trevone_20260217_1602
-553903.8699595839,6541317.130603911,-104.10992640000049,0.3208020050125313,2026-02-17 16:02:00+00:00,surfline_trevone_20260217_1602
-553904.0820452195,6541316.800012154,-104.10992640000049,0.3233082706766917,2026-02-17 16:02:00+00:00,surfline_trevone_20260217_1602
-553904.2932568949,6541316.4691651855,-104.10992640000049,0.3258145363408521,2026-02-17 16:02:00+00:00,surfline_trevone_20260217_1602
-553904.4907769692,6541316.134320711,-104.10992640000049,0.3283208020050125,2026-02-17 16:02:00+00:00,surfline_trevone_20260217_1602
-553904.6882970423,6541315.799476275,-104.10992640000049,0.3308270676691729,2026-02-17 16:02:00+00:00,surfline_trevone_20260217_1602
-553904.8563109343,6541315.456016872,-104.10992640000049,0.3333333333333333,2026-02-17 16:02:00+00:00,surfline_trevone_20260217_1602
-553904.9933109429,6541315.103502248,-104.10992640000049,0.3358395989974937,2026-02-17 16:02:00+00:00,surfline_trevone_20260217_1602
-553905.1303109408,6541314.750987676,-104.10992640000049,0.3383458646616541,2026-02-17 16:02:00+00:00,surfline_trevone_20260217_1602
-553905.254837964,6541314.394831401,-104.10992640000049,0.3408521303258145,2026-02-17 16:02:00+00:00,surfline_trevone_20260217_1602
-553905.3768955317,6541314.037954076,-104.10992640000049,0.3433583959899749,2026-02-17 16:02:00+00:00,surfline_trevone_20260217_1602
-553905.492178142,6541313.679098622,-104.10992640000049,0.3458646616541353,2026-02-17 16:02:00+00:00,surfline_trevone_20260217_1602
-553905.5766752966,6541313.311254753,-104.10992640000049,0.3483709273182957,2026-02-17 16:02:00+00:00,surfline_trevone_20260217_1602
-553905.6611724381,6541312.943410921,-104.10992640000049,0.3508771929824561,2026-02-17 16:02:00+00:00,surfline_trevone_20260217_1602
-553905.7286589526,6541312.570600442,-104.10992640000049,0.3533834586466165,2026-02-17 16:02:00+00:00,surfline_trevone_20260217_1602
-553905.780575533,6541312.193243956,-104.10992640000049,0.3558897243107769,2026-02-17 16:02:00+00:00,surfline_trevone_20260217_1602
-553905.8324920809,6541311.815887542,-104.10992640000049,0.3583959899749373,2026-02-17 16:02:00+00:00,surfline_trevone_20260217_1602
-553905.8106438548,6541311.416993926,-104.10992640000049,0.3609022556390977,2026-02-17 16:02:00+00:00,surfline_trevone_20260217_1602
-553905.7817356801,6541311.016038972,-104.10992640000049,0.3634085213032581,2026-02-17 16:02:00+00:00,surfline_trevone_20260217_1602
-553905.7515658702,6541310.614715697,-104.10992640000049,0.3659147869674185,2026-02-17 16:02:00+00:00,surfline_trevone_20260217_1602
-553905.719631255,6541310.212877192,-104.10992640000049,0.3684210526315789,2026-02-17 16:02:00+00:00,surfline_trevone_20260217_1602
-553905.6876966641,6541309.811038652,-104.10992640000049,0.37092731829573933,2026-02-17 16:02:00+00:00,surfline_trevone_20260217_1602
-553905.6503710381,6541309.407626047,-104.10992640000049,0.37343358395989973,2026-02-17 16:02:00+00:00,surfline_trevone_20260217_1602
-553905.6126276583,6541309.004091511,-104.10992640000049,0.37593984962406013,2026-02-17 16:02:00+00:00,surfline_trevone_20260217_1602
-553905.5701435013,6541308.599172847,-104.10992640000049,0.37844611528822053,2026-02-17 16:02:00+00:00,surfline_trevone_20260217_1602
-553905.521926275,6541308.192580253,-104.10992640000049,0.38095238095238093,2026-02-17 16:02:00+00:00,surfline_trevone_20260217_1602
-553905.5130866248,6541307.797484721,-104.10992640000049,0.38345864661654133,2026-02-17 16:02:00+00:00,surfline_trevone_20260217_1602
-553905.5481395916,6541307.415204594,-104.10992640000049,0.38596491228070173,2026-02-17 16:02:00+00:00,surfline_trevone_20260217_1602
-553905.5831925402,6541307.032924501,-104.10992640000049,0.38847117794486213,2026-02-17 16:02:00+00:00,surfline_trevone_20260217_1602
-553905.6143286603,6541306.649500768,-104.10992640000049,0.39097744360902253,2026-02-17 16:02:00+00:00,surfline_trevone_20260217_1602
-553905.6453866601,6541306.266054185,-104.10992640000049,0.39348370927318294,2026-02-17 16:02:00+00:00,surfline_trevone_20260217_1602
-553905.6750433653,6541305.882198506,-104.10992640000049,0.39598997493734334,2026-02-17 16:02:00+00:00,surfline_trevone_20260217_1602
-553905.7023449728,6541305.497655249,-104.10992640000049,0.39849624060150374,2026-02-17 16:02:00+00:00,surfline_trevone_20260217_1602
-553905.7296465904,6541305.11311197,-104.10992640000049,0.40100250626566414,2026-02-17 16:02:00+00:00,surfline_trevone_20260217_1602
-553905.689247501,6541304.708801986,-104.10992640000049,0.40350877192982454,2026-02-17 16:02:00+00:00,surfline_trevone_20260217_1602
-553905.6311082833,6541304.29931246,-104.10992640000049,0.40601503759398494,2026-02-17 16:02:00+00:00,surfline_trevone_20260217_1602
-553905.5420245073,6541303.880788069,-104.10992640000049,0.40852130325814534,2026-02-17 16:02:00+00:00,surfline_trevone_20260217_1602
-553905.4005174013,6541303.446957554,-104.10992640000049,0.41102756892230574,2026-02-17 16:02:00+00:00,surfline_trevone_20260217_1602
-553905.2219831011,6541303.002316137,-104.10992640000049,0.41353383458646614,2026-02-17 16:02:00+00:00,surfline_trevone_20260217_1602
-553904.8906046995,6541302.5130487885,-104.10992640000049,0.41604010025062654,2026-02-17 16:02:00+00:00,surfline_trevone_20260217_1602
-553904.5775167602,6541302.029121678,-104.10992640000049,0.41854636591478694,2026-02-17 16:02:00+00:00,surfline_trevone_20260217_1602
-553904.2830037887,6541301.550617876,-104.10992640000049,0.42105263157894735,2026-02-17 16:02:00+00:00,surfline_trevone_20260217_1602
-553904.0465360577,6541301.08906163,-104.10992640000049,0.42355889724310775,2026-02-17 16:02:00+00:00,surfline_trevone_20260217_1602
-553903.8338227064,6541300.6344410125,-104.10992640000049,0.42606516290726815,2026-02-17 16:02:00+00:00,surfline_trevone_20260217_1602
-553903.6483734343,6541300.187780667,-104.10992640000049,0.42857142857142855,2026-02-17 16:02:00+00:00,surfline_trevone_20260217_1602
-553903.4738950792,6541299.744323468,-104.10992640000049,0.43107769423558895,2026-02-17 16:02:00+00:00,surfline_trevone_20260217_1602
-553903.3142039981,6541299.305183763,-104.10992640000049,0.43358395989974935,2026-02-17 16:02:00+00:00,surfline_trevone_20260217_1602
-553903.1640403883,6541298.8688258445,-104.10992640000049,0.43609022556390975,2026-02-17 16:02:00+00:00,surfline_trevone_20260217_1602
-553902.9864452437,6541298.424458675,-104.10992640000049,0.43859649122807015,2026-02-17 16:02:00+00:00,surfline_trevone_20260217_1602
-553902.7730751407,6541297.96964622,-104.10992640000049,0.44110275689223055,2026-02-17 16:02:00+00:00,surfline_trevone_20260217_1602
-553902.5002237203,6541297.497467,-104.10992640000049,0.44360902255639095,2026-02-17 16:02:00+00:00,surfline_trevone_20260217_1602
-553901.9441291115,6541296.94258908,-104.10992640000049,0.44611528822055135,2026-02-17 16:02:00+00:00,surfline_trevone_20260217_1602
-553901.7762306372,6541296.501053055,-104.10992640000049,0.44862155388471175,2026-02-17 16:02:00+00:00,surfline_trevone_20260217_1602
-553901.3882754999,6541295.995266866,-104.10992640000049,0.45112781954887216,2026-02-17 16:02:00+00:00,surfline_trevone_20260217_1602
-553901.0262171276,6541295.49704182,-104.10992640000049,0.45363408521303256,2026-02-17 16:02:00+00:00,surfline_trevone_20260217_1602
-553900.9706173284,6541295.088293774,-104.10992640000049,0.45614035087719296,2026-02-17 16:02:00+00:00,surfline_trevone_20260217_1602
-553900.7909915241,6541294.643333712,-104.10992640000049,0.45864661654135336,2026-02-17 16:02:00+00:00,surfline_trevone_20260217_1602
-553900.4334211908,6541294.146418998,-104.10992640000049,0.46115288220551376,2026-02-17 16:02:00+00:00,surfline_trevone_20260217_1602
-553900.3105682401,6541293.718034952,-104.10992640000049,0.46365914786967416,2026-02-17 16:02:00+00:00,surfline_trevone_20260217_1602
-553900.4167636817,6541293.356526394,-104.10992640000049,0.46616541353383456,2026-02-17 16:02:00+00:00,surfline_trevone_20260217_1602
-553900.3319473761,6541292.939247956,-104.10992640000049,0.46867167919799496,2026-02-17 16:02:00+00:00,surfline_trevone_20260217_1602
-553900.213098295,6541292.51203286,-104.10992640000049,0.47117794486215536,2026-02-17 16:02:00+00:00,surfline_trevone_20260217_1602
-553900.1409131811,6541292.098442387,-104.10992640000049,0.47368421052631576,2026-02-17 16:02:00+00:00,surfline_trevone_20260217_1602
-553900.0706358086,6541291.685408874,-104.10992640000049,0.47619047619047616,2026-02-17 16:02:00+00:00,surfline_trevone_20260217_1602
-553900.0396783848,6541291.283855595,-104.10992640000049,0.47869674185463656,2026-02-17 16:02:00+00:00,surfline_trevone_20260217_1602
-553900.0087209332,6541290.882302352,-104.10992640000049,0.48120300751879697,2026-02-17 16:02:00+00:00,surfline_trevone_20260217_1602
-553899.991186958,6541290.484668417,-104.10992640000049,0.48370927318295737,2026-02-17 16:02:00+00:00,surfline_trevone_20260217_1602
-553899.9663794022,6541290.0849107625,-104.10992640000049,0.48621553884711777,2026-02-17 16:02:00+00:00,surfline_trevone_20260217_1602
-553899.9781316669,6541289.6958274655,-104.10992640000049,0.48872180451127817,2026-02-17 16:02:00+00:00,surfline_trevone_20260217_1602
-553900.4353475652,6541289.436806589,-104.10992640000049,0.49122807017543857,2026-02-17 16:02:00+00:00,surfline_trevone_20260217_1602
-553900.3633637973,6541289.023274905,-104.10992640000049,0.49373433583959897,2026-02-17 16:02:00+00:00,surfline_trevone_20260217_1602
-553900.5528387277,6541288.686081481,-104.10992640000049,0.49624060150375937,2026-02-17 16:02:00+00:00,surfline_trevone_20260217_1602
-553900.7423136609,6541288.348888015,-104.10992640000049,0.49874686716791977,2026-02-17 16:02:00+00:00,surfline_trevone_20260217_1602
-553900.9508309375,6541288.017254402,-104.10992640000049,0.5012531328320802,2026-02-17 16:02:00+00:00,surfline_trevone_20260217_1602
-553901.1718075561,6541287.689258597,-104.10992640000049,0.5037593984962405,2026-02-17 16:02:00+00:00,surfline_trevone_20260217_1602
-553901.209275787,6541287.307683655,-104.10992640000049,0.506265664160401,2026-02-17 16:02:00+00:00,surfline_trevone_20260217_1602
-553901.1347011067,6541286.89339541,-104.10992640000049,0.5087719298245614,2026-02-17 16:02:00+00:00,surfline_trevone_20260217_1602
-553901.0513017342,6541286.476530657,-104.10992640000049,0.5112781954887218,2026-02-17 16:02:00+00:00,surfline_trevone_20260217_1602
-553900.9679023285,6541286.059665939,-104.10992640000049,0.5137844611528821,2026-02-17 16:02:00+00:00,surfline_trevone_20260217_1602
-553900.8845029554,6541285.642801185,-104.10992640000049,0.5162907268170426,2026-02-17 16:02:00+00:00,surfline_trevone_20260217_1602
-553900.801103617,6541285.225936397,-104.10992640000049,0.518796992481203,2026-02-17 16:02:00+00:00,surfline_trevone_20260217_1602
-553900.7177042447,6541284.809071644,-104.10992640000049,0.5213032581453634,2026-02-17 16:02:00+00:00,surfline_trevone_20260217_1602
-553900.6343048388,6541284.392206927,-104.10992640000049,0.5238095238095237,2026-02-17 16:02:00+00:00,surfline_trevone_20260217_1602
-553900.5509054656,6541283.975342172,-104.10992640000049,0.5263157894736842,2026-02-17 16:02:00+00:00,surfline_trevone_20260217_1602
-553900.4675061271,6541283.558477384,-104.10992640000049,0.5288220551378446,2026-02-17 16:02:00+00:00,surfline_trevone_20260217_1602
-553900.398037802,6541283.145680155,-104.10992640000049,0.531328320802005,2026-02-17 16:02:00+00:00,surfline_trevone_20260217_1602
-553900.3502448226,6541282.739211409,-104.10992640000049,0.5338345864661653,2026-02-17 16:02:00+00:00,surfline_trevone_20260217_1602
-553900.3024518612,6541282.332742644,-104.10992640000049,0.5363408521303258,2026-02-17 16:02:00+00:00,surfline_trevone_20260217_1602
-553900.3922380061,6541281.966443006,-104.10992640000049,0.5388471177944862,2026-02-17 16:02:00+00:00,surfline_trevone_20260217_1602
-553900.5278528907,6541281.613524067,-104.10992640000049,0.5413533834586466,2026-02-17 16:02:00+00:00,surfline_trevone_20260217_1602
-553900.5661157689,6541281.232181139,-104.10992640000049,0.5438596491228069,2026-02-17 16:02:00+00:00,surfline_trevone_20260217_1602
-553900.5236002,6541280.827253218,-104.10992640000049,0.5463659147869674,2026-02-17 16:02:00+00:00,surfline_trevone_20260217_1602
-553900.4810846015,6541280.422325334,-104.10992640000049,0.5488721804511278,2026-02-17 16:02:00+00:00,surfline_trevone_20260217_1602
-553900.4385689737,6541280.017397486,-104.10992640000049,0.5513784461152882,2026-02-17 16:02:00+00:00,surfline_trevone_20260217_1602
-553900.6092224522,6541279.674708748,-104.10992640000049,0.5538847117794485,2026-02-17 16:02:00+00:00,surfline_trevone_20260217_1602
-553901.0501398427,6541279.410929139,-104.10992640000049,0.556390977443609,2026-02-17 16:02:00+00:00,surfline_trevone_20260217_1602
-553901.5594793251,6541279.167126828,-104.10992640000049,0.5588972431077694,2026-02-17 16:02:00+00:00,surfline_trevone_20260217_1602
-553901.8510728355,6541278.859749095,-104.10992640000049,0.5614035087719298,2026-02-17 16:02:00+00:00,surfline_trevone_20260217_1602
-553901.969342717,6541278.501765875,-104.10992640000049,0.5639097744360901,2026-02-17 16:02:00+00:00,surfline_trevone_20260217_1602
-553902.0833961652,6541278.142551537,-104.10992640000049,0.5664160401002506,2026-02-17 16:02:00+00:00,surfline_trevone_20260217_1602
-553902.080958828,6541277.749325335,-104.10992640000049,0.568922305764411,2026-02-17 16:02:00+00:00,surfline_trevone_20260217_1602
-553902.0785214666,6541277.356099171,-104.10992640000049,0.5714285714285714,2026-02-17 16:02:00+00:00,surfline_trevone_20260217_1602
-553902.0760841289,6541276.962872967,-104.10992640000049,0.5739348370927317,2026-02-17 16:02:00+00:00,surfline_trevone_20260217_1602
-553902.0736468167,6541276.569646727,-104.10992640000049,0.5764411027568922,2026-02-17 16:02:00+00:00,surfline_trevone_20260217_1602
-553902.0712094795,6541276.176420525,-104.10992640000049,0.5789473684210527,2026-02-17 16:02:00+00:00,surfline_trevone_20260217_1602
-553902.0687721182,6541275.783194361,-104.10992640000049,0.581453634085213,2026-02-17 16:02:00+00:00,surfline_trevone_20260217_1602
-553902.0663347808,6541275.389968158,-104.10992640000049,0.5839598997493733,2026-02-17 16:02:00+00:00,surfline_trevone_20260217_1602
-553902.0460114136,6541274.991519712,-104.10992640000049,0.5864661654135338,2026-02-17 16:02:00+00:00,surfline_trevone_20260217_1602
-553901.9957028135,6541274.584316544,-104.10992640000049,0.5889724310776943,2026-02-17 16:02:00+00:00,surfline_trevone_20260217_1602
-553901.9453942432,6541274.177113338,-104.10992640000049,0.5914786967418546,2026-02-17 16:02:00+00:00,surfline_trevone_20260217_1602
-553901.8907485628,6541273.768643779,-104.10992640000049,0.593984962406015,2026-02-17 16:02:00+00:00,surfline_trevone_20260217_1602
-553901.8357644852,6541273.360075462,-104.10992640000049,0.5964912280701754,2026-02-17 16:02:00+00:00,surfline_trevone_20260217_1602
-553901.7807803629,6541272.951507198,-104.10992640000049,0.5989974937343359,2026-02-17 16:02:00+00:00,surfline_trevone_20260217_1602
-553901.7257962974,6541272.542938865,-104.10992640000049,0.6015037593984962,2026-02-17 16:02:00+00:00,surfline_trevone_20260217_1602
-553901.6708122505,6541272.134370511,-104.10992640000049,0.6040100250626566,2026-02-17 16:02:00+00:00,surfline_trevone_20260217_1602
-553901.6158281727,6541271.725802195,-104.10992640000049,0.606516290726817,2026-02-17 16:02:00+00:00,surfline_trevone_20260217_1602
-553901.5608440638,6541271.317233915,-104.10992640000049,0.6090225563909775,2026-02-17 16:02:00+00:00,surfline_trevone_20260217_1602
-553901.5955903592,6541270.934864247,-104.10992640000049,0.6115288220551378,2026-02-17 16:02:00+00:00,surfline_trevone_20260217_1602
-553901.5840838092,6541270.538990053,-104.10992640000049,0.6140350877192982,2026-02-17 16:02:00+00:00,surfline_trevone_20260217_1602
-553901.4886069415,6541270.118599025,-104.10992640000049,0.6165413533834586,2026-02-17 16:02:00+00:00,surfline_trevone_20260217_1602
-553901.3706559348,6541269.691646249,-104.10992640000049,0.6190476190476191,2026-02-17 16:02:00+00:00,surfline_trevone_20260217_1602
-553901.2526890702,6541269.264688797,-104.10992640000049,0.6215538847117794,2026-02-17 16:02:00+00:00,surfline_trevone_20260217_1602
-553901.1322216096,6541268.837001198,-104.10992640000049,0.6240601503759398,2026-02-17 16:02:00+00:00,surfline_trevone_20260217_1602
-553901.0133904996,6541268.409791412,-104.10992640000049,0.6265664160401002,2026-02-17 16:02:00+00:00,surfline_trevone_20260217_1602
-553900.9226632197,6541267.990787171,-104.10992640000049,0.6290726817042607,2026-02-17 16:02:00+00:00,surfline_trevone_20260217_1602
-553900.8319359748,6541267.571782892,-104.10992640000049,0.631578947368421,2026-02-17 16:02:00+00:00,surfline_trevone_20260217_1602
-553900.7412087667,6541267.152778578,-104.10992640000049,0.6340852130325814,2026-02-17 16:02:00+00:00,surfline_trevone_20260217_1602
-553900.6504815222,6541266.733774301,-104.10992640000049,0.6365914786967418,2026-02-17 16:02:00+00:00,surfline_trevone_20260217_1602
-553900.559754242,6541266.314770059,-104.10992640000049,0.6390977443609023,2026-02-17 16:02:00+00:00,surfline_trevone_20260217_1602
-553900.4622891451,6541265.8937985245,-104.10992640000049,0.6416040100250626,2026-02-17 16:02:00+00:00,surfline_trevone_20260217_1602
-553900.3634256269,6541265.472418645,-104.10992640000049,0.644110275689223,2026-02-17 16:02:00+00:00,surfline_trevone_20260217_1602
-553900.2503456858,6541265.04688808,-104.10992640000049,0.6466165413533834,2026-02-17 16:02:00+00:00,surfline_trevone_20260217_1602
-553900.1235557594,6541264.61735455,-104.10992640000049,0.6491228070175439,2026-02-17 16:02:00+00:00,surfline_trevone_20260217_1602
-553899.9967658744,6541264.187820988,-104.10992640000049,0.6516290726817042,2026-02-17 16:02:00+00:00,surfline_trevone_20260217_1602
-553899.869975949,6541263.75828746,-104.10992640000049,0.6541353383458646,2026-02-17 16:02:00+00:00,surfline_trevone_20260217_1602
-553899.7431859827,6541263.328753968,-104.10992640000049,0.656641604010025,2026-02-17 16:02:00+00:00,surfline_trevone_20260217_1602
-553899.6163960564,6541262.899220439,-104.10992640000049,0.6591478696741855,2026-02-17 16:02:00+00:00,surfline_trevone_20260217_1602
-553899.4896061717,6541262.469686875,-104.10992640000049,0.6616541353383458,2026-02-17 16:02:00+00:00,surfline_trevone_20260217_1602
-553899.3628162463,6541262.040153348,-104.10992640000049,0.6641604010025062,2026-02-17 16:02:00+00:00,surfline_trevone_20260217_1602
-553899.0044673696,6541261.543011434,-104.10992640000049,0.6666666666666666,2026-02-17 16:02:00+00:00,surfline_trevone_20260217_1602
-553898.8657875991,6541261.110006398,-104.10992640000049,0.6691729323308271,2026-02-17 16:02:00+00:00,surfline_trevone_20260217_1602
-553898.7271078541,6541260.677001341,-104.10992640000049,0.6716791979949874,2026-02-17 16:02:00+00:00,surfline_trevone_20260217_1602
-553898.5884280666,6541260.243996321,-104.10992640000049,0.6741854636591478,2026-02-17 16:02:00+00:00,surfline_trevone_20260217_1602
-553898.4497482363,6541259.810991337,-104.10992640000049,0.6766917293233082,2026-02-17 16:02:00+00:00,surfline_trevone_20260217_1602
-553898.3110684477,6541259.377986315,-104.10992640000049,0.6791979949874687,2026-02-17 16:02:00+00:00,surfline_trevone_20260217_1602
-553898.172388703,6541258.944981258,-104.10992640000049,0.681704260651629,2026-02-17 16:02:00+00:00,surfline_trevone_20260217_1602
-553898.0337089152,6541258.511976238,-104.10992640000049,0.6842105263157894,2026-02-17 16:02:00+00:00,surfline_trevone_20260217_1602
-553897.8950290846,6541258.078971254,-104.10992640000049,0.6867167919799498,2026-02-17 16:02:00+00:00,surfline_trevone_20260217_1602
-553897.7563492961,6541257.645966232,-104.10992640000049,0.6892230576441103,2026-02-17 16:02:00+00:00,surfline_trevone_20260217_1602
-553897.6176695517,6541257.212961176,-104.10992640000049,0.6917293233082706,2026-02-17 16:02:00+00:00,surfline_trevone_20260217_1602
-553897.4789897639,6541256.7799561545,-104.10992640000049,0.694235588972431,2026-02-17 16:02:00+00:00,surfline_trevone_20260217_1602
-553897.3403099326,6541256.346951171,-104.10992640000049,0.6967418546365914,2026-02-17 16:02:00+00:00,surfline_trevone_20260217_1602
-553897.2016301438,6541255.913946149,-104.10992640000049,0.6992481203007519,2026-02-17 16:02:00+00:00,surfline_trevone_20260217_1602
-553897.0629504002,6541255.480941093,-104.10992640000049,0.7017543859649122,2026-02-17 16:02:00+00:00,surfline_trevone_20260217_1602
-553896.9242705688,6541255.047936108,-104.10992640000049,0.7042606516290726,2026-02-17 16:02:00+00:00,surfline_trevone_20260217_1602
-553896.7855907803,6541254.614931087,-104.10992640000049,0.706766917293233,2026-02-17 16:02:00+00:00,surfline_trevone_20260217_1602
-553896.6469110363,6541254.18192603,-104.10992640000049,0.7092731829573935,2026-02-17 16:02:00+00:00,surfline_trevone_20260217_1602
-553896.5032105574,6541253.747455114,-104.10992640000049,0.7117794486215538,2026-02-17 16:02:00+00:00,surfline_trevone_20260217_1602
-553896.3084784553,6541253.298084504,-104.10992640000049,0.7142857142857142,2026-02-17 16:02:00+00:00,surfline_trevone_20260217_1602
-553896.09253671,6541252.842521247,-104.10992640000049,0.7167919799498746,2026-02-17 16:02:00+00:00,surfline_trevone_20260217_1602
-553895.8765950198,6541252.386957956,-104.10992640000049,0.7192982456140351,2026-02-17 16:02:00+00:00,surfline_trevone_20260217_1602
-553895.6606532754,6541251.931394699,-104.10992640000049,0.7218045112781954,2026-02-17 16:02:00+00:00,surfline_trevone_20260217_1602
-553895.4447114762,6541251.475831477,-104.10992640000049,0.7243107769423558,2026-02-17 16:02:00+00:00,surfline_trevone_20260217_1602
-553895.2287697309,6541251.02026822,-104.10992640000049,0.7268170426065163,2026-02-17 16:02:00+00:00,surfline_trevone_20260217_1602
-553895.0128280413,6541250.5647049295,-104.10992640000049,0.7293233082706767,2026-02-17 16:02:00+00:00,surfline_trevone_20260217_1602
-553894.7831322617,6541250.105125896,-104.10992640000049,0.731829573934837,2026-02-17 16:02:00+00:00,surfline_trevone_20260217_1602
-553894.5501632234,6541249.644591239,-104.10992640000049,0.7343358395989974,2026-02-17 16:02:00+00:00,surfline_trevone_20260217_1602
-553894.3168110475,6541249.183944623,-104.10992640000049,0.7368421052631579,2026-02-17 16:02:00+00:00,surfline_trevone_20260217_1602
-553894.0834010699,6541248.723281101,-104.10992640000049,0.7393483709273183,2026-02-17 16:02:00+00:00,surfline_trevone_20260217_1602
-553893.8499910343,6541248.262617614,-104.10992640000049,0.7418546365914787,2026-02-17 16:02:00+00:00,surfline_trevone_20260217_1602
-553893.6165809408,6541247.80195416,-104.10992640000049,0.744360902255639,2026-02-17 16:02:00+00:00,surfline_trevone_20260217_1602
-553893.3954609218,6541247.344878999,-104.10992640000049,0.7468671679197995,2026-02-17 16:02:00+00:00,surfline_trevone_20260217_1602
-553893.2985689688,6541246.924074754,-104.10992640000049,0.7493734335839599,2026-02-17 16:02:00+00:00,surfline_trevone_20260217_1602
-553893.1895882096,6541246.499740983,-104.10992640000049,0.7518796992481203,2026-02-17 16:02:00+00:00,surfline_trevone_20260217_1602
-553893.0803216659,6541246.075323823,-104.10992640000049,0.7543859649122806,2026-02-17 16:02:00+00:00,surfline_trevone_20260217_1602
-553892.9702547039,6541245.650672912,-104.10992640000049,0.7568922305764411,2026-02-17 16:02:00+00:00,surfline_trevone_20260217_1602
-553892.8601877852,6541245.226021962,-104.10992640000049,0.7593984962406015,2026-02-17 16:02:00+00:00,surfline_trevone_20260217_1602
-553892.6947136432,6541244.785193772,-104.10992640000049,0.7619047619047619,2026-02-17 16:02:00+00:00,surfline_trevone_20260217_1602
-553892.4777966588,6541244.329345826,-104.10992640000049,0.7644110275689222,2026-02-17 16:02:00+00:00,surfline_trevone_20260217_1602
-553892.2938454016,6541243.883122858,-104.10992640000049,0.7669172932330827,2026-02-17 16:02:00+00:00,surfline_trevone_20260217_1602
-553892.3392659482,6541243.503869708,-104.10992640000049,0.7694235588972431,2026-02-17 16:02:00+00:00,surfline_trevone_20260217_1602
-553892.3098529362,6541243.102767448,-104.10992640000049,0.7719298245614035,2026-02-17 16:02:00+00:00,surfline_trevone_20260217_1602
-553892.3098529362,6541243.102767448,-104.10992640000049,0.7744360902255638,2026-02-17 16:02:00+00:00,surfline_trevone_20260217_1602
-553892.3098529362,6541243.102767448,-104.10992640000049,0.7769423558897243,2026-02-17 16:02:00+00:00,surfline_trevone_20260217_1602
-553892.3098529362,6541243.102767448,-104.10992640000049,0.7794486215538847,2026-02-17 16:02:00+00:00,surfline_trevone_20260217_1602
-553892.3098529362,6541243.102767448,-104.10992640000049,0.7819548872180451,2026-02-17 16:02:00+00:00,surfline_trevone_20260217_1602
-553892.3098529362,6541243.102767448,-104.10992640000049,0.7844611528822054,2026-02-17 16:02:00+00:00,surfline_trevone_20260217_1602
-553892.3098529362,6541243.102767448,-104.10992640000049,0.7869674185463659,2026-02-17 16:02:00+00:00,surfline_trevone_20260217_1602
-553892.3098529362,6541243.102767448,-104.10992640000049,0.7894736842105263,2026-02-17 16:02:00+00:00,surfline_trevone_20260217_1602
-553892.3098529362,6541243.102767448,-104.10992640000049,0.7919799498746867,2026-02-17 16:02:00+00:00,surfline_trevone_20260217_1602
-553892.3098529362,6541243.102767448,-104.10992640000049,0.794486215538847,2026-02-17 16:02:00+00:00,surfline_trevone_20260217_1602
-553892.3098529362,6541243.102767448,-104.10992640000049,0.7969924812030075,2026-02-17 16:02:00+00:00,surfline_trevone_20260217_1602
-553892.3098529362,6541243.102767448,-104.10992640000049,0.7994987468671679,2026-02-17 16:02:00+00:00,surfline_trevone_20260217_1602
-553892.3098529362,6541243.102767448,-104.10992640000049,0.8020050125313283,2026-02-17 16:02:00+00:00,surfline_trevone_20260217_1602
-553892.3098529362,6541243.102767448,-104.10992640000049,0.8045112781954886,2026-02-17 16:02:00+00:00,surfline_trevone_20260217_1602
-553892.3098529362,6541243.102767448,-104.10992640000049,0.8070175438596491,2026-02-17 16:02:00+00:00,surfline_trevone_20260217_1602
-553892.3098529362,6541243.102767448,-104.10992640000049,0.8095238095238095,2026-02-17 16:02:00+00:00,surfline_trevone_20260217_1602
-553892.3098529362,6541243.102767448,-104.10992640000049,0.8120300751879699,2026-02-17 16:02:00+00:00,surfline_trevone_20260217_1602
-553892.3098529362,6541243.102767448,-104.10992640000049,0.8145363408521302,2026-02-17 16:02:00+00:00,surfline_trevone_20260217_1602
-553892.3098529362,6541243.102767448,-104.10992640000049,0.8170426065162907,2026-02-17 16:02:00+00:00,surfline_trevone_20260217_1602
-553892.3098529362,6541243.102767448,-104.10992640000049,0.8195488721804511,2026-02-17 16:02:00+00:00,surfline_trevone_20260217_1602
-553892.3098529362,6541243.102767448,-104.10992640000049,0.8220551378446115,2026-02-17 16:02:00+00:00,surfline_trevone_20260217_1602
-553892.3098529362,6541243.102767448,-104.10992640000049,0.8245614035087718,2026-02-17 16:02:00+00:00,surfline_trevone_20260217_1602
-553892.3098529362,6541243.102767448,-104.10992640000049,0.8270676691729323,2026-02-17 16:02:00+00:00,surfline_trevone_20260217_1602
-553892.3098529362,6541243.102767448,-104.10992640000049,0.8295739348370927,2026-02-17 16:02:00+00:00,surfline_trevone_20260217_1602
-553892.3098529362,6541243.102767448,-104.10992640000049,0.8320802005012531,2026-02-17 16:02:00+00:00,surfline_trevone_20260217_1602
-553892.3098529362,6541243.102767448,-104.10992640000049,0.8345864661654134,2026-02-17 16:02:00+00:00,surfline_trevone_20260217_1602
-553892.3098529362,6541243.102767448,-104.10992640000049,0.8370927318295739,2026-02-17 16:02:00+00:00,surfline_trevone_20260217_1602
-553892.3098529362,6541243.102767448,-104.10992640000049,0.8395989974937343,2026-02-17 16:02:00+00:00,surfline_trevone_20260217_1602
-553892.3098529362,6541243.102767448,-104.10992640000049,0.8421052631578947,2026-02-17 16:02:00+00:00,surfline_trevone_20260217_1602
-553892.3098529362,6541243.102767448,-104.10992640000049,0.844611528822055,2026-02-17 16:02:00+00:00,surfline_trevone_20260217_1602
-553892.3098529362,6541243.102767448,-104.10992640000049,0.8471177944862155,2026-02-17 16:02:00+00:00,surfline_trevone_20260217_1602
-553892.3098529362,6541243.102767448,-104.10992640000049,0.849624060150376,2026-02-17 16:02:00+00:00,surfline_trevone_20260217_1602
-553892.3098529362,6541243.102767448,-104.10992640000049,0.8521303258145363,2026-02-17 16:02:00+00:00,surfline_trevone_20260217_1602
-553892.3098529362,6541243.102767448,-104.10992640000049,0.8546365914786966,2026-02-17 16:02:00+00:00,surfline_trevone_20260217_1602
-553892.3098529362,6541243.102767448,-104.10992640000049,0.8571428571428571,2026-02-17 16:02:00+00:00,surfline_trevone_20260217_1602
-553892.3098529362,6541243.102767448,-104.10992640000049,0.8596491228070176,2026-02-17 16:02:00+00:00,surfline_trevone_20260217_1602
-553892.3098529362,6541243.102767448,-104.10992640000049,0.8621553884711779,2026-02-17 16:02:00+00:00,surfline_trevone_20260217_1602
-553892.3098529362,6541243.102767448,-104.10992640000049,0.8646616541353382,2026-02-17 16:02:00+00:00,surfline_trevone_20260217_1602
-553892.3098529362,6541243.102767448,-104.10992640000049,0.8671679197994987,2026-02-17 16:02:00+00:00,surfline_trevone_20260217_1602
-553892.3098529362,6541243.102767448,-104.10992640000049,0.8696741854636592,2026-02-17 16:02:00+00:00,surfline_trevone_20260217_1602
-553892.3098529362,6541243.102767448,-104.10992640000049,0.8721804511278195,2026-02-17 16:02:00+00:00,surfline_trevone_20260217_1602
-553892.3098529362,6541243.102767448,-104.10992640000049,0.8746867167919798,2026-02-17 16:02:00+00:00,surfline_trevone_20260217_1602
-553892.3098529362,6541243.102767448,-104.10992640000049,0.8771929824561403,2026-02-17 16:02:00+00:00,surfline_trevone_20260217_1602
-553892.3098529362,6541243.102767448,-104.10992640000049,0.8796992481203008,2026-02-17 16:02:00+00:00,surfline_trevone_20260217_1602
-553892.3098529362,6541243.102767448,-104.10992640000049,0.8822055137844611,2026-02-17 16:02:00+00:00,surfline_trevone_20260217_1602
-553892.3098529362,6541243.102767448,-104.10992640000049,0.8847117794486214,2026-02-17 16:02:00+00:00,surfline_trevone_20260217_1602
-553892.3098529362,6541243.102767448,-104.10992640000049,0.8872180451127819,2026-02-17 16:02:00+00:00,surfline_trevone_20260217_1602
-553892.3098529362,6541243.102767448,-104.10992640000049,0.8897243107769424,2026-02-17 16:02:00+00:00,surfline_trevone_20260217_1602
-553892.3098529362,6541243.102767448,-104.10992640000049,0.8922305764411027,2026-02-17 16:02:00+00:00,surfline_trevone_20260217_1602
-553892.3098529362,6541243.102767448,-104.10992640000049,0.894736842105263,2026-02-17 16:02:00+00:00,surfline_trevone_20260217_1602
-553892.3098529362,6541243.102767448,-104.10992640000049,0.8972431077694235,2026-02-17 16:02:00+00:00,surfline_trevone_20260217_1602
-553892.3098529362,6541243.102767448,-104.10992640000049,0.899749373433584,2026-02-17 16:02:00+00:00,surfline_trevone_20260217_1602
-553892.3098529362,6541243.102767448,-104.10992640000049,0.9022556390977443,2026-02-17 16:02:00+00:00,surfline_trevone_20260217_1602
-553892.3098529362,6541243.102767448,-104.10992640000049,0.9047619047619047,2026-02-17 16:02:00+00:00,surfline_trevone_20260217_1602
-553892.3098529362,6541243.102767448,-104.10992640000049,0.9072681704260651,2026-02-17 16:02:00+00:00,surfline_trevone_20260217_1602
-553892.3098529362,6541243.102767448,-104.10992640000049,0.9097744360902256,2026-02-17 16:02:00+00:00,surfline_trevone_20260217_1602
-553892.3098529362,6541243.102767448,-104.10992640000049,0.9122807017543859,2026-02-17 16:02:00+00:00,surfline_trevone_20260217_1602
-553892.3098529362,6541243.102767448,-104.10992640000049,0.9147869674185463,2026-02-17 16:02:00+00:00,surfline_trevone_20260217_1602
-553892.3098529362,6541243.102767448,-104.10992640000049,0.9172932330827067,2026-02-17 16:02:00+00:00,surfline_trevone_20260217_1602
-553892.3098529362,6541243.102767448,-104.10992640000049,0.9197994987468672,2026-02-17 16:02:00+00:00,surfline_trevone_20260217_1602
-553892.3098529362,6541243.102767448,-104.10992640000049,0.9223057644110275,2026-02-17 16:02:00+00:00,surfline_trevone_20260217_1602
-553892.3098529362,6541243.102767448,-104.10992640000049,0.9248120300751879,2026-02-17 16:02:00+00:00,surfline_trevone_20260217_1602
-553892.3098529362,6541243.102767448,-104.10992640000049,0.9273182957393483,2026-02-17 16:02:00+00:00,surfline_trevone_20260217_1602
-553892.3098529362,6541243.102767448,-104.10992640000049,0.9298245614035088,2026-02-17 16:02:00+00:00,surfline_trevone_20260217_1602
-553892.3098529362,6541243.102767448,-104.10992640000049,0.9323308270676691,2026-02-17 16:02:00+00:00,surfline_trevone_20260217_1602
-553892.3098529362,6541243.102767448,-104.10992640000049,0.9348370927318295,2026-02-17 16:02:00+00:00,surfline_trevone_20260217_1602
-553892.3098529362,6541243.102767448,-104.10992640000049,0.9373433583959899,2026-02-17 16:02:00+00:00,surfline_trevone_20260217_1602
-553892.3098529362,6541243.102767448,-104.10992640000049,0.9398496240601504,2026-02-17 16:02:00+00:00,surfline_trevone_20260217_1602
-553892.3098529362,6541243.102767448,-104.10992640000049,0.9423558897243107,2026-02-17 16:02:00+00:00,surfline_trevone_20260217_1602
-553892.3098529362,6541243.102767448,-104.10992640000049,0.9448621553884711,2026-02-17 16:02:00+00:00,surfline_trevone_20260217_1602
-553892.3098529362,6541243.102767448,-104.10992640000049,0.9473684210526315,2026-02-17 16:02:00+00:00,surfline_trevone_20260217_1602
-553892.3098529362,6541243.102767448,-104.10992640000049,0.949874686716792,2026-02-17 16:02:00+00:00,surfline_trevone_20260217_1602
-553892.3098529362,6541243.102767448,-104.10992640000049,0.9523809523809523,2026-02-17 16:02:00+00:00,surfline_trevone_20260217_1602
-553892.3098529362,6541243.102767448,-104.10992640000049,0.9548872180451127,2026-02-17 16:02:00+00:00,surfline_trevone_20260217_1602
-553892.3098529362,6541243.102767448,-104.10992640000049,0.9573934837092731,2026-02-17 16:02:00+00:00,surfline_trevone_20260217_1602
-553892.3098529362,6541243.102767448,-104.10992640000049,0.9598997493734336,2026-02-17 16:02:00+00:00,surfline_trevone_20260217_1602
-553892.3098529362,6541243.102767448,-104.10992640000049,0.9624060150375939,2026-02-17 16:02:00+00:00,surfline_trevone_20260217_1602
-553892.3098529362,6541243.102767448,-104.10992640000049,0.9649122807017543,2026-02-17 16:02:00+00:00,surfline_trevone_20260217_1602
-553892.3098529362,6541243.102767448,-104.10992640000049,0.9674185463659147,2026-02-17 16:02:00+00:00,surfline_trevone_20260217_1602
-553892.3098529362,6541243.102767448,-104.10992640000049,0.9699248120300752,2026-02-17 16:02:00+00:00,surfline_trevone_20260217_1602
-553892.3098529362,6541243.102767448,-104.10992640000049,0.9724310776942355,2026-02-17 16:02:00+00:00,surfline_trevone_20260217_1602
-553892.3098529362,6541243.102767448,-104.10992640000049,0.9749373433583959,2026-02-17 16:02:00+00:00,surfline_trevone_20260217_1602
-553892.3098529362,6541243.102767448,-104.10992640000049,0.9774436090225563,2026-02-17 16:02:00+00:00,surfline_trevone_20260217_1602
-553892.3098529362,6541243.102767448,-104.10992640000049,0.9799498746867168,2026-02-17 16:02:00+00:00,surfline_trevone_20260217_1602
-553892.3098529362,6541243.102767448,-104.10992640000049,0.9824561403508771,2026-02-17 16:02:00+00:00,surfline_trevone_20260217_1602
-553892.3098529362,6541243.102767448,-104.10992640000049,0.9849624060150375,2026-02-17 16:02:00+00:00,surfline_trevone_20260217_1602
-553892.3098529362,6541243.102767448,-104.10992640000049,0.9874686716791979,2026-02-17 16:02:00+00:00,surfline_trevone_20260217_1602
-553892.3098529362,6541243.102767448,-104.10992640000049,0.9899749373433584,2026-02-17 16:02:00+00:00,surfline_trevone_20260217_1602
-553892.3098529362,6541243.102767448,-104.10992640000049,0.9924812030075187,2026-02-17 16:02:00+00:00,surfline_trevone_20260217_1602
-553892.3098529362,6541243.102767448,-104.10992640000049,0.9949874686716791,2026-02-17 16:02:00+00:00,surfline_trevone_20260217_1602
-553892.3098529362,6541243.102767448,-104.10992640000049,0.9974937343358395,2026-02-17 16:02:00+00:00,surfline_trevone_20260217_1602
-553892.3098529362,6541243.102767448,-104.10992640000049,1.0,2026-02-17 16:02:00+00:00,surfline_trevone_20260217_1602
-553946.5308421775,6541370.40785163,-104.17576320000049,0.0,2026-02-17 16:20:00+00:00,surfline_trevone_20260217_1620
-553946.5308421775,6541370.40785163,-104.17576320000049,0.002506265664160401,2026-02-17 16:20:00+00:00,surfline_trevone_20260217_1620
-553946.5308421775,6541370.40785163,-104.17576320000049,0.005012531328320802,2026-02-17 16:20:00+00:00,surfline_trevone_20260217_1620
-553946.5308421775,6541370.40785163,-104.17576320000049,0.007518796992481203,2026-02-17 16:20:00+00:00,surfline_trevone_20260217_1620
-553946.5308421775,6541370.40785163,-104.17576320000049,0.010025062656641603,2026-02-17 16:20:00+00:00,surfline_trevone_20260217_1620
-553946.5308421775,6541370.40785163,-104.17576320000049,0.012531328320802004,2026-02-17 16:20:00+00:00,surfline_trevone_20260217_1620
-553946.5308421775,6541370.40785163,-104.17576320000049,0.015037593984962405,2026-02-17 16:20:00+00:00,surfline_trevone_20260217_1620
-553946.5308421775,6541370.40785163,-104.17576320000049,0.017543859649122806,2026-02-17 16:20:00+00:00,surfline_trevone_20260217_1620
-553946.5308421775,6541370.40785163,-104.17576320000049,0.020050125313283207,2026-02-17 16:20:00+00:00,surfline_trevone_20260217_1620
-553946.5308421775,6541370.40785163,-104.17576320000049,0.022556390977443608,2026-02-17 16:20:00+00:00,surfline_trevone_20260217_1620
-553946.5308421775,6541370.40785163,-104.17576320000049,0.02506265664160401,2026-02-17 16:20:00+00:00,surfline_trevone_20260217_1620
-553946.5308421775,6541370.40785163,-104.17576320000049,0.02756892230576441,2026-02-17 16:20:00+00:00,surfline_trevone_20260217_1620
-553946.5308421775,6541370.40785163,-104.17576320000049,0.03007518796992481,2026-02-17 16:20:00+00:00,surfline_trevone_20260217_1620
-553946.5308421775,6541370.40785163,-104.17576320000049,0.03258145363408521,2026-02-17 16:20:00+00:00,surfline_trevone_20260217_1620
-553946.5308421775,6541370.40785163,-104.17576320000049,0.03508771929824561,2026-02-17 16:20:00+00:00,surfline_trevone_20260217_1620
-553946.5308421775,6541370.40785163,-104.17576320000049,0.03759398496240601,2026-02-17 16:20:00+00:00,surfline_trevone_20260217_1620
-553946.5308421775,6541370.40785163,-104.17576320000049,0.040100250626566414,2026-02-17 16:20:00+00:00,surfline_trevone_20260217_1620
-553946.5308421775,6541370.40785163,-104.17576320000049,0.042606516290726815,2026-02-17 16:20:00+00:00,surfline_trevone_20260217_1620
-553946.5308421775,6541370.40785163,-104.17576320000049,0.045112781954887216,2026-02-17 16:20:00+00:00,surfline_trevone_20260217_1620
-553946.5308421775,6541370.40785163,-104.17576320000049,0.047619047619047616,2026-02-17 16:20:00+00:00,surfline_trevone_20260217_1620
-553946.5308421775,6541370.40785163,-104.17576320000049,0.05012531328320802,2026-02-17 16:20:00+00:00,surfline_trevone_20260217_1620
-553946.5308421775,6541370.40785163,-104.17576320000049,0.05263157894736842,2026-02-17 16:20:00+00:00,surfline_trevone_20260217_1620
-553946.5308421775,6541370.40785163,-104.17576320000049,0.05513784461152882,2026-02-17 16:20:00+00:00,surfline_trevone_20260217_1620
-553946.5308421775,6541370.40785163,-104.17576320000049,0.05764411027568922,2026-02-17 16:20:00+00:00,surfline_trevone_20260217_1620
-553946.5308421775,6541370.40785163,-104.17576320000049,0.06015037593984962,2026-02-17 16:20:00+00:00,surfline_trevone_20260217_1620
-553946.3620257481,6541369.966047589,-104.17576320000049,0.06265664160401002,2026-02-17 16:20:00+00:00,surfline_trevone_20260217_1620
-553945.8655831912,6541369.428586263,-104.17576320000049,0.06516290726817042,2026-02-17 16:20:00+00:00,surfline_trevone_20260217_1620
-553945.9973015211,6541369.074529608,-104.17576320000049,0.06766917293233082,2026-02-17 16:20:00+00:00,surfline_trevone_20260217_1620
-553946.0426856712,6541368.695265896,-104.17576320000049,0.07017543859649122,2026-02-17 16:20:00+00:00,surfline_trevone_20260217_1620
-553946.1631039337,6541368.337909942,-104.17576320000049,0.07268170426065163,2026-02-17 16:20:00+00:00,surfline_trevone_20260217_1620
-553946.3601545916,6541368.00292839,-104.17576320000049,0.07518796992481203,2026-02-17 16:20:00+00:00,surfline_trevone_20260217_1620
-553946.5609519297,6541367.66904078,-104.17576320000049,0.07769423558897243,2026-02-17 16:20:00+00:00,surfline_trevone_20260217_1620
-553946.7339362792,6541367.32703261,-104.17576320000049,0.08020050125313283,2026-02-17 16:20:00+00:00,surfline_trevone_20260217_1620
-553946.8474237295,6541366.96765306,-104.17576320000049,0.08270676691729323,2026-02-17 16:20:00+00:00,surfline_trevone_20260217_1620
-553946.9559145126,6541366.606814611,-104.17576320000049,0.08521303258145363,2026-02-17 16:20:00+00:00,surfline_trevone_20260217_1620
-553947.0541235526,6541366.242974212,-104.17576320000049,0.08771929824561403,2026-02-17 16:20:00+00:00,surfline_trevone_20260217_1620
-553947.1259459174,6541365.871429696,-104.17576320000049,0.09022556390977443,2026-02-17 16:20:00+00:00,surfline_trevone_20260217_1620
-553947.1977682895,6541365.4998851605,-104.17576320000049,0.09273182957393483,2026-02-17 16:20:00+00:00,surfline_trevone_20260217_1620
-553947.2509488742,6541365.122897747,-104.17576320000049,0.09523809523809523,2026-02-17 16:20:00+00:00,surfline_trevone_20260217_1620
-553947.2281479208,6541364.723725963,-104.17576320000049,0.09774436090225563,2026-02-17 16:20:00+00:00,surfline_trevone_20260217_1620
-553947.0068650097,6541364.266603263,-104.17576320000049,0.10025062656641603,2026-02-17 16:20:00+00:00,surfline_trevone_20260217_1620
-553946.6773731034,6541363.777886674,-104.17576320000049,0.10275689223057644,2026-02-17 16:20:00+00:00,surfline_trevone_20260217_1620
-553946.627228301,6541363.370731263,-104.17576320000049,0.10526315789473684,2026-02-17 16:20:00+00:00,surfline_trevone_20260217_1620
-553946.5746352904,6541362.962861069,-104.17576320000049,0.10776942355889724,2026-02-17 16:20:00+00:00,surfline_trevone_20260217_1620
-553946.5081581693,6541362.55093714,-104.17576320000049,0.11027568922305764,2026-02-17 16:20:00+00:00,surfline_trevone_20260217_1620
-553946.4416810627,6541362.139013194,-104.17576320000049,0.11278195488721804,2026-02-17 16:20:00+00:00,surfline_trevone_20260217_1620
-553946.440379547,6541361.746118597,-104.17576320000049,0.11528822055137844,2026-02-17 16:20:00+00:00,surfline_trevone_20260217_1620
-553946.4490400086,6541361.35613265,-104.17576320000049,0.11779448621553884,2026-02-17 16:20:00+00:00,surfline_trevone_20260217_1620
-553946.4560822928,6541360.965674219,-104.17576320000049,0.12030075187969924,2026-02-17 16:20:00+00:00,surfline_trevone_20260217_1620
-553946.4595188955,6541360.574163015,-104.17576320000049,0.12280701754385964,2026-02-17 16:20:00+00:00,surfline_trevone_20260217_1620
-553946.4629554866,6541360.182651828,-104.17576320000049,0.12531328320802004,2026-02-17 16:20:00+00:00,surfline_trevone_20260217_1620
-553944.6801772336,6541359.269618073,-104.17576320000049,0.12781954887218044,2026-02-17 16:20:00+00:00,surfline_trevone_20260217_1620
-553944.4969715213,6541358.823612781,-104.17576320000049,0.13032581453634084,2026-02-17 16:20:00+00:00,surfline_trevone_20260217_1620
-553944.4284154712,6541358.411081824,-104.17576320000049,0.13283208020050125,2026-02-17 16:20:00+00:00,surfline_trevone_20260217_1620
-553944.4725499852,6541358.031453252,-104.17576320000049,0.13533834586466165,2026-02-17 16:20:00+00:00,surfline_trevone_20260217_1620
-553944.5166844977,6541357.651824683,-104.17576320000049,0.13784461152882205,2026-02-17 16:20:00+00:00,surfline_trevone_20260217_1620
-553944.6932478617,6541357.310861459,-104.17576320000049,0.14035087719298245,2026-02-17 16:20:00+00:00,surfline_trevone_20260217_1620
-553944.8801428763,6541356.972914754,-104.17576320000049,0.14285714285714285,2026-02-17 16:20:00+00:00,surfline_trevone_20260217_1620
-553945.1077092,6541356.646842906,-104.17576320000049,0.14536340852130325,2026-02-17 16:20:00+00:00,surfline_trevone_20260217_1620
-553945.407843379,6541356.341958776,-104.17576320000049,0.14786967418546365,2026-02-17 16:20:00+00:00,surfline_trevone_20260217_1620
-553945.7090472914,6541356.037386954,-104.17576320000049,0.15037593984962405,2026-02-17 16:20:00+00:00,surfline_trevone_20260217_1620
-553945.7442554774,6541355.655152123,-104.17576320000049,0.15288220551378445,2026-02-17 16:20:00+00:00,surfline_trevone_20260217_1620
-553945.733003407,6541355.259352277,-104.17576320000049,0.15538847117794485,2026-02-17 16:20:00+00:00,surfline_trevone_20260217_1620
-553945.7005556525,6541354.857363931,-104.17576320000049,0.15789473684210525,2026-02-17 16:20:00+00:00,surfline_trevone_20260217_1620
-553945.6478700222,6541354.449466693,-104.17576320000049,0.16040100250626566,2026-02-17 16:20:00+00:00,surfline_trevone_20260217_1620
-553945.6033290996,6541354.043947451,-104.17576320000049,0.16290726817042606,2026-02-17 16:20:00+00:00,surfline_trevone_20260217_1620
-553945.5812080931,6541353.644974192,-104.17576320000049,0.16541353383458646,2026-02-17 16:20:00+00:00,surfline_trevone_20260217_1620
-553945.5590870731,6541353.246000951,-104.17576320000049,0.16791979949874686,2026-02-17 16:20:00+00:00,surfline_trevone_20260217_1620
-553945.5360443743,6541352.8467585845,-104.17576320000049,0.17042606516290726,2026-02-17 16:20:00+00:00,surfline_trevone_20260217_1620
-553945.5127107096,6541352.447431242,-104.17576320000049,0.17293233082706766,2026-02-17 16:20:00+00:00,surfline_trevone_20260217_1620
-553945.4880732811,6541352.047723284,-104.17576320000049,0.17543859649122806,2026-02-17 16:20:00+00:00,surfline_trevone_20260217_1620
-553945.54956637,6541351.673162899,-104.17576320000049,0.17794486215538846,2026-02-17 16:20:00+00:00,surfline_trevone_20260217_1620
-553945.5023089448,6541351.266850516,-104.17576320000049,0.18045112781954886,2026-02-17 16:20:00+00:00,surfline_trevone_20260217_1620
-553945.4550515045,6541350.860538153,-104.17576320000049,0.18295739348370926,2026-02-17 16:20:00+00:00,surfline_trevone_20260217_1620
-553945.3743930924,6541350.444473702,-104.17576320000049,0.18546365914786966,2026-02-17 16:20:00+00:00,surfline_trevone_20260217_1620
-553945.3590340328,6541350.047474735,-104.17576320000049,0.18796992481203006,2026-02-17 16:20:00+00:00,surfline_trevone_20260217_1620
-553945.3787517465,6541349.660717137,-104.17576320000049,0.19047619047619047,2026-02-17 16:20:00+00:00,surfline_trevone_20260217_1620
-553945.3984694488,6541349.273959559,-104.17576320000049,0.19298245614035087,2026-02-17 16:20:00+00:00,surfline_trevone_20260217_1620
-553945.4440011814,6541348.894738949,-104.17576320000049,0.19548872180451127,2026-02-17 16:20:00+00:00,surfline_trevone_20260217_1620
-553945.5005648076,6541348.518739314,-104.17576320000049,0.19799498746867167,2026-02-17 16:20:00+00:00,surfline_trevone_20260217_1620
-553945.5571284508,6541348.142739643,-104.17576320000049,0.20050125313283207,2026-02-17 16:20:00+00:00,surfline_trevone_20260217_1620
-553945.6136920814,6541347.766740001,-104.17576320000049,0.20300751879699247,2026-02-17 16:20:00+00:00,surfline_trevone_20260217_1620
-553945.6702557028,6541347.39074038,-104.17576320000049,0.20551378446115287,2026-02-17 16:20:00+00:00,surfline_trevone_20260217_1620
-553945.737702935,6541347.01791843,-104.17576320000049,0.20802005012531327,2026-02-17 16:20:00+00:00,surfline_trevone_20260217_1620
-553945.8194270519,6541346.6492648935,-104.17576320000049,0.21052631578947367,2026-02-17 16:20:00+00:00,surfline_trevone_20260217_1620
-553945.9011511616,6541346.280611376,-104.17576320000049,0.21303258145363407,2026-02-17 16:20:00+00:00,surfline_trevone_20260217_1620
-553945.9829724965,6541345.91198627,-104.17576320000049,0.21553884711779447,2026-02-17 16:20:00+00:00,surfline_trevone_20260217_1620
-553946.0648212221,6541345.543369137,-104.17576320000049,0.21804511278195488,2026-02-17 16:20:00+00:00,surfline_trevone_20260217_1620
-553946.1097577165,6541345.163974687,-104.17576320000049,0.22055137844611528,2026-02-17 16:20:00+00:00,surfline_trevone_20260217_1620
-553946.1752576805,6541344.790584194,-104.17576320000049,0.22305764411027568,2026-02-17 16:20:00+00:00,surfline_trevone_20260217_1620
-553946.2407576354,6541344.417193721,-104.17576320000049,0.22556390977443608,2026-02-17 16:20:00+00:00,surfline_trevone_20260217_1620
-553946.3191001104,6541344.047552865,-104.17576320000049,0.22807017543859648,2026-02-17 16:20:00+00:00,surfline_trevone_20260217_1620
-553946.4015330238,6541343.679106275,-104.17576320000049,0.23057644110275688,2026-02-17 16:20:00+00:00,surfline_trevone_20260217_1620
-553946.4839659221,6541343.310659727,-104.17576320000049,0.23308270676691728,2026-02-17 16:20:00+00:00,surfline_trevone_20260217_1620
-553946.5663988277,6541342.942213157,-104.17576320000049,0.23558897243107768,2026-02-17 16:20:00+00:00,surfline_trevone_20260217_1620
-553946.6488317414,6541342.573766568,-104.17576320000049,0.23809523809523808,2026-02-17 16:20:00+00:00,surfline_trevone_20260217_1620
-553946.7312646472,6541342.205319999,-104.17576320000049,0.24060150375939848,2026-02-17 16:20:00+00:00,surfline_trevone_20260217_1620
-553946.8136975457,6541341.836873451,-104.17576320000049,0.24310776942355888,2026-02-17 16:20:00+00:00,surfline_trevone_20260217_1620
-553946.8961304511,6541341.468426881,-104.17576320000049,0.24561403508771928,2026-02-17 16:20:00+00:00,surfline_trevone_20260217_1620
-553946.9519070945,6541341.092197439,-104.17576320000049,0.24812030075187969,2026-02-17 16:20:00+00:00,surfline_trevone_20260217_1620
-553946.9884655456,6541340.710356869,-104.17576320000049,0.2506265664160401,2026-02-17 16:20:00+00:00,surfline_trevone_20260217_1620
-553946.8714716061,6541340.283683506,-104.17576320000049,0.2531328320802005,2026-02-17 16:20:00+00:00,surfline_trevone_20260217_1620
-553945.8742909596,6541339.600021296,-104.17576320000049,0.2556390977443609,2026-02-17 16:20:00+00:00,surfline_trevone_20260217_1620
-553945.3623942178,6541339.058047797,-104.17576320000049,0.2581453634085213,2026-02-17 16:20:00+00:00,surfline_trevone_20260217_1620
-553942.3874317685,6541337.796931037,-104.17576320000049,0.2606516290726817,2026-02-17 16:20:00+00:00,surfline_trevone_20260217_1620
-553940.6271661452,6541336.890470316,-104.17576320000049,0.2631578947368421,2026-02-17 16:20:00+00:00,surfline_trevone_20260217_1620
-553939.6528756351,6541336.213491369,-104.17576320000049,0.2656641604010025,2026-02-17 16:20:00+00:00,surfline_trevone_20260217_1620
-553939.7571906552,6541335.851433701,-104.17576320000049,0.2681704260651629,2026-02-17 16:20:00+00:00,surfline_trevone_20260217_1620
-553939.8615056652,6541335.489376068,-104.17576320000049,0.2706766917293233,2026-02-17 16:20:00+00:00,surfline_trevone_20260217_1620
-553938.9645029056,6541334.834962904,-104.17576320000049,0.2731829573934837,2026-02-17 16:20:00+00:00,surfline_trevone_20260217_1620
-553938.316380141,6541334.253215405,-104.17576320000049,0.2756892230576441,2026-02-17 16:20:00+00:00,surfline_trevone_20260217_1620
-553937.5904084468,6541333.648738266,-104.17576320000049,0.2781954887218045,2026-02-17 16:20:00+00:00,surfline_trevone_20260217_1620
-553937.4419280572,6541333.212871756,-104.17576320000049,0.2807017543859649,2026-02-17 16:20:00+00:00,surfline_trevone_20260217_1620
-553937.3007339835,6541332.779132664,-104.17576320000049,0.2832080200501253,2026-02-17 16:20:00+00:00,surfline_trevone_20260217_1620
-553937.1553027249,6541332.344156411,-104.17576320000049,0.2857142857142857,2026-02-17 16:20:00+00:00,surfline_trevone_20260217_1620
-553937.2175660874,6541331.969820896,-104.17576320000049,0.2882205513784461,2026-02-17 16:20:00+00:00,surfline_trevone_20260217_1620
-553937.388087876,6541331.62709371,-104.17576320000049,0.2907268170426065,2026-02-17 16:20:00+00:00,surfline_trevone_20260217_1620
-553937.5957084815,6541331.295198322,-104.17576320000049,0.2932330827067669,2026-02-17 16:20:00+00:00,surfline_trevone_20260217_1620
-553937.8119855406,6541330.965830338,-104.17576320000049,0.2957393483709273,2026-02-17 16:20:00+00:00,surfline_trevone_20260217_1620
-553938.0963188356,6541330.656332761,-104.17576320000049,0.2982456140350877,2026-02-17 16:20:00+00:00,surfline_trevone_20260217_1620
-553938.3806521412,6541330.346835243,-104.17576320000049,0.3007518796992481,2026-02-17 16:20:00+00:00,surfline_trevone_20260217_1620
-553938.6741327995,6541330.040008456,-104.17576320000049,0.3032581453634085,2026-02-17 16:20:00+00:00,surfline_trevone_20260217_1620
-553938.9709446097,6541329.734154241,-104.17576320000049,0.3057644110275689,2026-02-17 16:20:00+00:00,surfline_trevone_20260217_1620
-553939.28517562,6541329.433385952,-104.17576320000049,0.3082706766917293,2026-02-17 16:20:00+00:00,surfline_trevone_20260217_1620
-553939.6988829884,6541329.161661883,-104.17576320000049,0.3107769423558897,2026-02-17 16:20:00+00:00,surfline_trevone_20260217_1620
-553940.1813242402,6541328.910006073,-104.17576320000049,0.3132832080200501,2026-02-17 16:20:00+00:00,surfline_trevone_20260217_1620
-553940.5160593328,6541328.61522435,-104.17576320000049,0.3157894736842105,2026-02-17 16:20:00+00:00,surfline_trevone_20260217_1620
-553940.6842625045,6541328.271820196,-104.17576320000049,0.3182957393483709,2026-02-17 16:20:00+00:00,surfline_trevone_20260217_1620
-553941.1331999722,6541328.010382286,-104.17576320000049,0.3208020050125313,2026-02-17 16:20:00+00:00,surfline_trevone_20260217_1620
-553941.8938006635,6541327.839940912,-104.17576320000049,0.3233082706766917,2026-02-17 16:20:00+00:00,surfline_trevone_20260217_1620
-553942.5719033838,6541327.645412514,-104.17576320000049,0.3258145363408521,2026-02-17 16:20:00+00:00,surfline_trevone_20260217_1620
-553942.9893209798,6541327.374771696,-104.17576320000049,0.3283208020050125,2026-02-17 16:20:00+00:00,surfline_trevone_20260217_1620
-553943.3945028967,6541327.100558442,-104.17576320000049,0.3308270676691729,2026-02-17 16:20:00+00:00,surfline_trevone_20260217_1620
-553943.8006842582,6541326.826636981,-104.17576320000049,0.3333333333333333,2026-02-17 16:20:00+00:00,surfline_trevone_20260217_1620
-553944.2120198607,6541326.554220362,-104.17576320000049,0.3358395989974937,2026-02-17 16:20:00+00:00,surfline_trevone_20260217_1620
-553944.6204074603,6541326.280943048,-104.17576320000049,0.3383458646616541,2026-02-17 16:20:00+00:00,surfline_trevone_20260217_1620
-553944.9787747542,6541325.993061291,-104.17576320000049,0.3408521303258145,2026-02-17 16:20:00+00:00,surfline_trevone_20260217_1620
-553945.082201335,6541325.630744262,-104.17576320000049,0.3433583959899749,2026-02-17 16:20:00+00:00,surfline_trevone_20260217_1620
-553945.1381648042,6541325.254569365,-104.17576320000049,0.3458646616541353,2026-02-17 16:20:00+00:00,surfline_trevone_20260217_1620
-553945.1941282634,6541324.87839449,-104.17576320000049,0.3483709273182957,2026-02-17 16:20:00+00:00,surfline_trevone_20260217_1620
-553945.3368393676,6541324.527547421,-104.17576320000049,0.3508771929824561,2026-02-17 16:20:00+00:00,surfline_trevone_20260217_1620
-553945.7493321873,6541324.25546871,-104.17576320000049,0.3533834586466165,2026-02-17 16:20:00+00:00,surfline_trevone_20260217_1620
-553946.1630770199,6541323.983755527,-104.17576320000049,0.3558897243107769,2026-02-17 16:20:00+00:00,surfline_trevone_20260217_1620
-553946.5681483629,6541323.709509988,-104.17576320000049,0.3583959899749373,2026-02-17 16:20:00+00:00,surfline_trevone_20260217_1620
-553946.9727410465,6541323.435124669,-104.17576320000049,0.3609022556390977,2026-02-17 16:20:00+00:00,surfline_trevone_20260217_1620
-553947.4146057111,6541323.171621656,-104.17576320000049,0.3634085213032581,2026-02-17 16:20:00+00:00,surfline_trevone_20260217_1620
-553947.8605408892,6541322.90930714,-104.17576320000049,0.3659147869674185,2026-02-17 16:20:00+00:00,surfline_trevone_20260217_1620
-553947.976813438,6541322.550740783,-104.17576320000049,0.3684210526315789,2026-02-17 16:20:00+00:00,surfline_trevone_20260217_1620
-553947.8765717465,6541322.128958564,-104.17576320000049,0.37092731829573933,2026-02-17 16:20:00+00:00,surfline_trevone_20260217_1620
-553947.7835481446,6541321.709283792,-104.17576320000049,0.37343358395989973,2026-02-17 16:20:00+00:00,surfline_trevone_20260217_1620
-553947.8228053084,6541321.328231167,-104.17576320000049,0.37593984962406013,2026-02-17 16:20:00+00:00,surfline_trevone_20260217_1620
-553948.1831788655,6541321.040935179,-104.17576320000049,0.37844611528822053,2026-02-17 16:20:00+00:00,surfline_trevone_20260217_1620
-553948.5145086539,6541320.745159234,-104.17576320000049,0.38095238095238093,2026-02-17 16:20:00+00:00,surfline_trevone_20260217_1620
-553948.7386687979,6541320.418092856,-104.17576320000049,0.38345864661654133,2026-02-17 16:20:00+00:00,surfline_trevone_20260217_1620
-553948.9628289425,6541320.091026504,-104.17576320000049,0.38596491228070173,2026-02-17 16:20:00+00:00,surfline_trevone_20260217_1620
-553949.109897171,6541319.741451587,-104.17576320000049,0.38847117794486213,2026-02-17 16:20:00+00:00,surfline_trevone_20260217_1620
-553949.2243477991,6541319.382353257,-104.17576320000049,0.39097744360902253,2026-02-17 16:20:00+00:00,surfline_trevone_20260217_1620
-553949.3353160978,6541319.022238166,-104.17576320000049,0.39348370927318294,2026-02-17 16:20:00+00:00,surfline_trevone_20260217_1620
-553949.385491634,6541318.644373387,-104.17576320000049,0.39598997493734334,2026-02-17 16:20:00+00:00,surfline_trevone_20260217_1620
-553949.4356671602,6541318.26650863,-104.17576320000049,0.39849624060150374,2026-02-17 16:20:00+00:00,surfline_trevone_20260217_1620
-553949.543261956,6541317.905408608,-104.17576320000049,0.40100250626566414,2026-02-17 16:20:00+00:00,surfline_trevone_20260217_1620
-553949.7274247035,6541317.566664148,-104.17576320000049,0.40350877192982454,2026-02-17 16:20:00+00:00,surfline_trevone_20260217_1620
-553949.9121382124,6541317.228080529,-104.17576320000049,0.40601503759398494,2026-02-17 16:20:00+00:00,surfline_trevone_20260217_1620
-553950.1551994114,6541316.906532757,-104.17576320000049,0.40852130325814534,2026-02-17 16:20:00+00:00,surfline_trevone_20260217_1620
-553950.3982606089,6541316.58498496,-104.17576320000049,0.41102756892230574,2026-02-17 16:20:00+00:00,surfline_trevone_20260217_1620
-553950.601843502,6541316.251910626,-104.17576320000049,0.41353383458646614,2026-02-17 16:20:00+00:00,surfline_trevone_20260217_1620
-553950.7594092006,6541315.905400664,-104.17576320000049,0.41604010025062654,2026-02-17 16:20:00+00:00,surfline_trevone_20260217_1620
-553950.8378893988,6541315.535800019,-104.17576320000049,0.41854636591478694,2026-02-17 16:20:00+00:00,surfline_trevone_20260217_1620
-553950.9164524269,6541315.166223534,-104.17576320000049,0.42105263157894735,2026-02-17 16:20:00+00:00,surfline_trevone_20260217_1620
-553950.998932934,6541314.797790864,-104.17576320000049,0.42355889724310775,2026-02-17 16:20:00+00:00,surfline_trevone_20260217_1620
-553951.088906317,6541314.431545919,-104.17576320000049,0.42606516290726815,2026-02-17 16:20:00+00:00,surfline_trevone_20260217_1620
-553951.1280907579,6541314.050472059,-104.17576320000049,0.42857142857142855,2026-02-17 16:20:00+00:00,surfline_trevone_20260217_1620
-553951.1610611833,6541313.667583866,-104.17576320000049,0.43107769423558895,2026-02-17 16:20:00+00:00,surfline_trevone_20260217_1620
-553951.191991353,6541313.284100002,-104.17576320000049,0.43358395989974935,2026-02-17 16:20:00+00:00,surfline_trevone_20260217_1620
-553951.222189021,6541312.900402293,-104.17576320000049,0.43609022556390975,2026-02-17 16:20:00+00:00,surfline_trevone_20260217_1620
-553951.2535893794,6541312.517055709,-104.17576320000049,0.43859649122807015,2026-02-17 16:20:00+00:00,surfline_trevone_20260217_1620
-553951.2928168896,6541312.135994402,-104.17576320000049,0.44110275689223055,2026-02-17 16:20:00+00:00,surfline_trevone_20260217_1620
-553950.8992265677,6541311.628562947,-104.17576320000049,0.44360902255639095,2026-02-17 16:20:00+00:00,surfline_trevone_20260217_1620
-553949.6891129799,6541310.882730559,-104.17576320000049,0.44611528822055135,2026-02-17 16:20:00+00:00,surfline_trevone_20260217_1620
-553948.078075288,6541310.019840012,-104.17576320000049,0.44862155388471175,2026-02-17 16:20:00+00:00,surfline_trevone_20260217_1620
-553944.0021489011,6541308.437273897,-104.17576320000049,0.45112781954887216,2026-02-17 16:20:00+00:00,surfline_trevone_20260217_1620
-553944.0453148473,6541308.057362522,-104.17576320000049,0.45363408521303256,2026-02-17 16:20:00+00:00,surfline_trevone_20260217_1620
-553944.0981600045,6541307.680277222,-104.17576320000049,0.45614035087719296,2026-02-17 16:20:00+00:00,surfline_trevone_20260217_1620
-553944.1519101915,6541307.303456136,-104.17576320000049,0.45864661654135336,2026-02-17 16:20:00+00:00,surfline_trevone_20260217_1620
-553944.2105800638,6541306.928071427,-104.17576320000049,0.46115288220551376,2026-02-17 16:20:00+00:00,surfline_trevone_20260217_1620
-553941.4970727377,6541305.743291931,-104.17576320000049,0.46365914786967416,2026-02-17 16:20:00+00:00,surfline_trevone_20260217_1620
-553941.5615018257,6541305.369588802,-104.17576320000049,0.46616541353383456,2026-02-17 16:20:00+00:00,surfline_trevone_20260217_1620
-553941.6809076582,6541305.01193726,-104.17576320000049,0.46867167919799496,2026-02-17 16:20:00+00:00,surfline_trevone_20260217_1620
-553942.1559023183,6541304.758107223,-104.17576320000049,0.47117794486215536,2026-02-17 16:20:00+00:00,surfline_trevone_20260217_1620
-553942.783061751,6541304.548704926,-104.17576320000049,0.47368421052631576,2026-02-17 16:20:00+00:00,surfline_trevone_20260217_1620
-553943.3266946995,6541304.314915305,-104.17576320000049,0.47619047619047616,2026-02-17 16:20:00+00:00,surfline_trevone_20260217_1620
-553943.7263226229,6541304.0390803935,-104.17576320000049,0.47869674185463656,2026-02-17 16:20:00+00:00,surfline_trevone_20260217_1620
-553944.1241879668,6541303.762730888,-104.17576320000049,0.48120300751879697,2026-02-17 16:20:00+00:00,surfline_trevone_20260217_1620
-553944.5186365955,6541303.48538383,-104.17576320000049,0.48370927318295737,2026-02-17 16:20:00+00:00,surfline_trevone_20260217_1620
-553944.9041108806,6541303.205416496,-104.17576320000049,0.48621553884711777,2026-02-17 16:20:00+00:00,surfline_trevone_20260217_1620
-553945.2646620082,6541302.918172302,-104.17576320000049,0.48872180451127817,2026-02-17 16:20:00+00:00,surfline_trevone_20260217_1620
-553945.6261258054,6541302.631194607,-104.17576320000049,0.49122807017543857,2026-02-17 16:20:00+00:00,surfline_trevone_20260217_1620
-553945.9961112621,6541302.346705017,-104.17576320000049,0.49373433583959897,2026-02-17 16:20:00+00:00,surfline_trevone_20260217_1620
-553946.3660967078,6541302.062215394,-104.17576320000049,0.49624060150375937,2026-02-17 16:20:00+00:00,surfline_trevone_20260217_1620
-553946.7739673067,6541301.788787104,-104.17576320000049,0.49874686716791977,2026-02-17 16:20:00+00:00,surfline_trevone_20260217_1620
-553947.1835059719,6541301.515845868,-104.17576320000049,0.5012531328320802,2026-02-17 16:20:00+00:00,surfline_trevone_20260217_1620
-553947.5897790175,6541301.241951194,-104.17576320000049,0.5037593984962405,2026-02-17 16:20:00+00:00,surfline_trevone_20260217_1620
-553947.995785895,6541300.967978777,-104.17576320000049,0.506265664160401,2026-02-17 16:20:00+00:00,surfline_trevone_20260217_1620
-553948.4905610917,6541300.719924093,-104.17576320000049,0.5087719298245614,2026-02-17 16:20:00+00:00,surfline_trevone_20260217_1620
-553948.9872849424,6541300.472438387,-104.17576320000049,0.5112781954887218,2026-02-17 16:20:00+00:00,surfline_trevone_20260217_1620
-553949.403849008,6541300.201548388,-104.17576320000049,0.5137844611528821,2026-02-17 16:20:00+00:00,surfline_trevone_20260217_1620
-553949.8340986405,6541299.934654149,-104.17576320000049,0.5162907268170426,2026-02-17 16:20:00+00:00,surfline_trevone_20260217_1620
-553950.3993332956,6541299.7071715705,-104.17576320000049,0.518796992481203,2026-02-17 16:20:00+00:00,surfline_trevone_20260217_1620
-553950.9293357208,6541299.469402236,-104.17576320000049,0.5213032581453634,2026-02-17 16:20:00+00:00,surfline_trevone_20260217_1620
-553951.4164024598,6541299.21909696,-104.17576320000049,0.5238095238095237,2026-02-17 16:20:00+00:00,surfline_trevone_20260217_1620
-553951.9645394065,6541298.986622375,-104.17576320000049,0.5263157894736842,2026-02-17 16:20:00+00:00,surfline_trevone_20260217_1620
-553952.547322152,6541298.764263327,-104.17576320000049,0.5288220551378446,2026-02-17 16:20:00+00:00,surfline_trevone_20260217_1620
-553953.0688006375,6541298.524005287,-104.17576320000049,0.531328320802005,2026-02-17 16:20:00+00:00,surfline_trevone_20260217_1620
-553953.5854807646,6541298.282346219,-104.17576320000049,0.5338345864661653,2026-02-17 16:20:00+00:00,surfline_trevone_20260217_1620
-553954.0905994759,6541298.03731154,-104.17576320000049,0.5363408521303258,2026-02-17 16:20:00+00:00,surfline_trevone_20260217_1620
-553954.5634450245,6541297.782854066,-104.17576320000049,0.5388471177944862,2026-02-17 16:20:00+00:00,surfline_trevone_20260217_1620
-553955.0055432888,6541297.519419307,-104.17576320000049,0.5413533834586466,2026-02-17 16:20:00+00:00,surfline_trevone_20260217_1620
-553955.4019557539,6541297.242645603,-104.17576320000049,0.5438596491228069,2026-02-17 16:20:00+00:00,surfline_trevone_20260217_1620
-553955.2985373962,6541296.819935866,-104.17576320000049,0.5463659147869674,2026-02-17 16:20:00+00:00,surfline_trevone_20260217_1620
-553955.1658245403,6541296.388673016,-104.17576320000049,0.5488721804511278,2026-02-17 16:20:00+00:00,surfline_trevone_20260217_1620
-553955.1518976827,6541295.992092233,-104.17576320000049,0.5513784461152882,2026-02-17 16:20:00+00:00,surfline_trevone_20260217_1620
-553955.4294885172,6541295.680626082,-104.17576320000049,0.5538847117794485,2026-02-17 16:20:00+00:00,surfline_trevone_20260217_1620
-553955.7014098605,6541295.36750458,-104.17576320000049,0.556390977443609,2026-02-17 16:20:00+00:00,surfline_trevone_20260217_1620
-553955.9352455066,6541295.043263192,-104.17576320000049,0.5588972431077694,2026-02-17 16:20:00+00:00,surfline_trevone_20260217_1620
-553956.1690811543,6541294.719021829,-104.17576320000049,0.5614035087719298,2026-02-17 16:20:00+00:00,surfline_trevone_20260217_1620
-553956.403393647,6541294.394919665,-104.17576320000049,0.5639097744360901,2026-02-17 16:20:00+00:00,surfline_trevone_20260217_1620
-553956.6121746417,6541294.063363025,-104.17576320000049,0.5664160401002506,2026-02-17 16:20:00+00:00,surfline_trevone_20260217_1620
-553956.7286084743,6541293.704843733,-104.17576320000049,0.568922305764411,2026-02-17 16:20:00+00:00,surfline_trevone_20260217_1620
-553956.845042301,6541293.346324466,-104.17576320000049,0.5714285714285714,2026-02-17 16:20:00+00:00,surfline_trevone_20260217_1620
-553956.9696124777,6541292.990180749,-104.17576320000049,0.5739348370927317,2026-02-17 16:20:00+00:00,surfline_trevone_20260217_1620
-553957.0992391794,6541292.635513366,-104.17576320000049,0.5764411027568922,2026-02-17 16:20:00+00:00,surfline_trevone_20260217_1620
-553957.2288658759,6541292.280846007,-104.17576320000049,0.5789473684210527,2026-02-17 16:20:00+00:00,surfline_trevone_20260217_1620
-553957.3652243575,6541291.928144157,-104.17576320000049,0.581453634085213,2026-02-17 16:20:00+00:00,surfline_trevone_20260217_1620
-553957.5018195244,6541291.575511386,-104.17576320000049,0.5839598997493733,2026-02-17 16:20:00+00:00,surfline_trevone_20260217_1620
-553957.6046842977,6541291.213030302,-104.17576320000049,0.5864661654135338,2026-02-17 16:20:00+00:00,surfline_trevone_20260217_1620
-553957.637276894,6541290.830031842,-104.17576320000049,0.5889724310776943,2026-02-17 16:20:00+00:00,surfline_trevone_20260217_1620
-553957.669869501,6541290.44703336,-104.17576320000049,0.5914786967418546,2026-02-17 16:20:00+00:00,surfline_trevone_20260217_1620
-553957.7115936251,6541290.06670099,-104.17576320000049,0.593984962406015,2026-02-17 16:20:00+00:00,surfline_trevone_20260217_1620
-553957.7568946138,6541289.687412986,-104.17576320000049,0.5964912280701754,2026-02-17 16:20:00+00:00,surfline_trevone_20260217_1620
-553957.8032859624,6541289.30844337,-104.17576320000049,0.5989974937343359,2026-02-17 16:20:00+00:00,surfline_trevone_20260217_1620
-553957.8597429496,6541288.93241258,-104.17576320000049,0.6015037593984962,2026-02-17 16:20:00+00:00,surfline_trevone_20260217_1620
-553957.9194763019,6541288.557338379,-104.17576320000049,0.6040100250626566,2026-02-17 16:20:00+00:00,surfline_trevone_20260217_1620
-553957.9901716588,6541288.185464789,-104.17576320000049,0.606516290726817,2026-02-17 16:20:00+00:00,surfline_trevone_20260217_1620
-553958.062088528,6541287.813947869,-104.17576320000049,0.6090225563909775,2026-02-17 16:20:00+00:00,surfline_trevone_20260217_1620
-553958.1378493964,6541287.44355326,-104.17576320000049,0.6115288220551378,2026-02-17 16:20:00+00:00,surfline_trevone_20260217_1620
-553958.2136102739,6541287.073158628,-104.17576320000049,0.6140350877192982,2026-02-17 16:20:00+00:00,surfline_trevone_20260217_1620
-553958.292007999,6541286.703533905,-104.17576320000049,0.6165413533834586,2026-02-17 16:20:00+00:00,surfline_trevone_20260217_1620
-553958.372194805,6541286.334431564,-104.17576320000049,0.6190476190476191,2026-02-17 16:20:00+00:00,surfline_trevone_20260217_1620
-553958.4523816187,6541285.965329202,-104.17576320000049,0.6215538847117794,2026-02-17 16:20:00+00:00,surfline_trevone_20260217_1620
-553958.4688419112,6541285.577620531,-104.17576320000049,0.6240601503759398,2026-02-17 16:20:00+00:00,surfline_trevone_20260217_1620
-553958.4818037751,6541285.188890446,-104.17576320000049,0.6265664160401002,2026-02-17 16:20:00+00:00,surfline_trevone_20260217_1620
-553958.5079900925,6541284.80402154,-104.17576320000049,0.6290726817042607,2026-02-17 16:20:00+00:00,surfline_trevone_20260217_1620
-553958.583210509,6541284.433469134,-104.17576320000049,0.631578947368421,2026-02-17 16:20:00+00:00,surfline_trevone_20260217_1620
-553958.5966469634,6541284.044877591,-104.17576320000049,0.6340852130325814,2026-02-17 16:20:00+00:00,surfline_trevone_20260217_1620
-553958.6043024198,6541283.6545981895,-104.17576320000049,0.6365914786967418,2026-02-17 16:20:00+00:00,surfline_trevone_20260217_1620
-553958.5830112724,6541283.25586725,-104.17576320000049,0.6390977443609023,2026-02-17 16:20:00+00:00,surfline_trevone_20260217_1620
-553958.6456162938,6541282.881631517,-104.17576320000049,0.6416040100250626,2026-02-17 16:20:00+00:00,surfline_trevone_20260217_1620
-553958.7582094836,6541282.521990846,-104.17576320000049,0.644110275689223,2026-02-17 16:20:00+00:00,surfline_trevone_20260217_1620
-553958.8708026607,6541282.162350221,-104.17576320000049,0.6466165413533834,2026-02-17 16:20:00+00:00,surfline_trevone_20260217_1620
-553958.9506258452,6541281.793141689,-104.17576320000049,0.6491228070175439,2026-02-17 16:20:00+00:00,surfline_trevone_20260217_1620
-553959.0109970515,6541281.418253723,-104.17576320000049,0.6516290726817042,2026-02-17 16:20:00+00:00,surfline_trevone_20260217_1620
-553959.0713682483,6541281.043365779,-104.17576320000049,0.6541353383458646,2026-02-17 16:20:00+00:00,surfline_trevone_20260217_1620
-553959.0217097285,6541280.636352395,-104.17576320000049,0.656641604010025,2026-02-17 16:20:00+00:00,surfline_trevone_20260217_1620
-553958.9713526351,6541280.229135023,-104.17576320000049,0.6591478696741855,2026-02-17 16:20:00+00:00,surfline_trevone_20260217_1620
-553958.8100719345,6541279.789531169,-104.17576320000049,0.6616541353383458,2026-02-17 16:20:00+00:00,surfline_trevone_20260217_1620
-553958.5733800501,6541279.327909478,-104.17576320000049,0.6641604010025062,2026-02-17 16:20:00+00:00,surfline_trevone_20260217_1620
-553958.2967994264,6541278.854641476,-104.17576320000049,0.6666666666666666,2026-02-17 16:20:00+00:00,surfline_trevone_20260217_1620
-553958.0037651353,6541278.376569434,-104.17576320000049,0.6691729323308271,2026-02-17 16:20:00+00:00,surfline_trevone_20260217_1620
-553958.0150209606,6541277.98734121,-104.17576320000049,0.6716791979949874,2026-02-17 16:20:00+00:00,surfline_trevone_20260217_1620
-553958.0056964885,6541277.592104166,-104.17576320000049,0.6741854636591478,2026-02-17 16:20:00+00:00,surfline_trevone_20260217_1620
-553957.9955452558,6541277.196625757,-104.17576320000049,0.6766917293233082,2026-02-17 16:20:00+00:00,surfline_trevone_20260217_1620
-553957.9853940367,6541276.801147326,-104.17576320000049,0.6791979949874687,2026-02-17 16:20:00+00:00,surfline_trevone_20260217_1620
-553957.975242833,6541276.405668874,-104.17576320000049,0.681704260651629,2026-02-17 16:20:00+00:00,surfline_trevone_20260217_1620
-553957.9650916144,6541276.010190443,-104.17576320000049,0.6842105263157894,2026-02-17 16:20:00+00:00,surfline_trevone_20260217_1620
-553957.9680387999,6541275.61853639,-104.17576320000049,0.6867167919799498,2026-02-17 16:20:00+00:00,surfline_trevone_20260217_1620
-553957.9725418256,6541275.227336571,-104.17576320000049,0.6892230576441103,2026-02-17 16:20:00+00:00,surfline_trevone_20260217_1620
-553957.9867502174,6541274.83897041,-104.17576320000049,0.6917293233082706,2026-02-17 16:20:00+00:00,surfline_trevone_20260217_1620
-553957.8505546795,6541274.406690718,-104.17576320000049,0.694235588972431,2026-02-17 16:20:00+00:00,surfline_trevone_20260217_1620
-553957.2060746687,6541273.826006824,-104.17576320000049,0.6967418546365914,2026-02-17 16:20:00+00:00,surfline_trevone_20260217_1620
-553956.8290136375,6541273.323401439,-104.17576320000049,0.6992481203007519,2026-02-17 16:20:00+00:00,surfline_trevone_20260217_1620
-553956.5363188651,6541272.845428512,-104.17576320000049,0.7017543859649122,2026-02-17 16:20:00+00:00,surfline_trevone_20260217_1620
-553956.4296488912,6541272.4217694495,-104.17576320000049,0.7042606516290726,2026-02-17 16:20:00+00:00,surfline_trevone_20260217_1620
-553956.3355970583,6541272.001794488,-104.17576320000049,0.706766917293233,2026-02-17 16:20:00+00:00,surfline_trevone_20260217_1620
-553956.3401040226,6541271.6105957925,-104.17576320000049,0.7092731829573935,2026-02-17 16:20:00+00:00,surfline_trevone_20260217_1620
-553956.3868075055,6541271.231717275,-104.17576320000049,0.7117794486215538,2026-02-17 16:20:00+00:00,surfline_trevone_20260217_1620
-553956.4452005622,6541270.8562518,-104.17576320000049,0.7142857142857142,2026-02-17 16:20:00+00:00,surfline_trevone_20260217_1620
-553956.6424025719,6541270.521314457,-104.17576320000049,0.7167919799498746,2026-02-17 16:20:00+00:00,surfline_trevone_20260217_1620
-553956.8396045823,6541270.1863770895,-104.17576320000049,0.7192982456140351,2026-02-17 16:20:00+00:00,surfline_trevone_20260217_1620
-553957.0509287386,6541269.855563004,-104.17576320000049,0.7218045112781954,2026-02-17 16:20:00+00:00,surfline_trevone_20260217_1620
-553957.2748315473,6541269.528421544,-104.17576320000049,0.7243107769423558,2026-02-17 16:20:00+00:00,surfline_trevone_20260217_1620
-553957.4987767702,6541269.201292439,-104.17576320000049,0.7268170426065163,2026-02-17 16:20:00+00:00,surfline_trevone_20260217_1620
-553957.8091655708,6541268.89940231,-104.17576320000049,0.7293233082706767,2026-02-17 16:20:00+00:00,surfline_trevone_20260217_1620
-553958.1195543784,6541268.59751221,-104.17576320000049,0.731829573934837,2026-02-17 16:20:00+00:00,surfline_trevone_20260217_1620
-553958.4334692428,6541268.296651654,-104.17576320000049,0.7343358395989974,2026-02-17 16:20:00+00:00,surfline_trevone_20260217_1620
-553958.7489234639,6541267.996240494,-104.17576320000049,0.7368421052631579,2026-02-17 16:20:00+00:00,surfline_trevone_20260217_1620
-553958.9929672956,6541267.674979571,-104.17576320000049,0.7393483709273183,2026-02-17 16:20:00+00:00,surfline_trevone_20260217_1620
-553959.0973812233,6541267.31295082,-104.17576320000049,0.7418546365914787,2026-02-17 16:20:00+00:00,surfline_trevone_20260217_1620
-553959.2530917516,6541266.965899204,-104.17576320000049,0.744360902255639,2026-02-17 16:20:00+00:00,surfline_trevone_20260217_1620
-553959.499012082,6541266.64518619,-104.17576320000049,0.7468671679197995,2026-02-17 16:20:00+00:00,surfline_trevone_20260217_1620
-553959.8052875329,6541266.342095083,-104.17576320000049,0.7493734335839599,2026-02-17 16:20:00+00:00,surfline_trevone_20260217_1620
-553960.1525915301,6541266.05098314,-104.17576320000049,0.7518796992481203,2026-02-17 16:20:00+00:00,surfline_trevone_20260217_1620
-553960.4998955367,6541265.759871227,-104.17576320000049,0.7543859649122806,2026-02-17 16:20:00+00:00,surfline_trevone_20260217_1620
-553960.9457897408,6541265.497544746,-104.17576320000049,0.7568922305764411,2026-02-17 16:20:00+00:00,surfline_trevone_20260217_1620
-553961.2376451899,6541265.19024342,-104.17576320000049,0.7593984962406015,2026-02-17 16:20:00+00:00,surfline_trevone_20260217_1620
-553961.4637010732,6541264.863730568,-104.17576320000049,0.7619047619047619,2026-02-17 16:20:00+00:00,surfline_trevone_20260217_1620
-553961.6713383856,6541264.531840057,-104.17576320000049,0.7644110275689222,2026-02-17 16:20:00+00:00,surfline_trevone_20260217_1620
-553961.8711083699,6541264.197652489,-104.17576320000049,0.7669172932330827,2026-02-17 16:20:00+00:00,surfline_trevone_20260217_1620
-553962.0690068511,6541263.862918471,-104.17576320000049,0.7694235588972431,2026-02-17 16:20:00+00:00,surfline_trevone_20260217_1620
-553962.2959868099,6541263.536675448,-104.17576320000049,0.7719298245614035,2026-02-17 16:20:00+00:00,surfline_trevone_20260217_1620
-553962.5263420971,6541263.211417896,-104.17576320000049,0.7744360902255638,2026-02-17 16:20:00+00:00,surfline_trevone_20260217_1620
-553962.7675761847,6541262.88933661,-104.17576320000049,0.7769423558897243,2026-02-17 16:20:00+00:00,surfline_trevone_20260217_1620
-553963.0381373018,6541262.575817987,-104.17576320000049,0.7794486215538847,2026-02-17 16:20:00+00:00,surfline_trevone_20260217_1620
-553963.3086984224,6541262.262299391,-104.17576320000049,0.7819548872180451,2026-02-17 16:20:00+00:00,surfline_trevone_20260217_1620
-553963.57048669,6541261.946219351,-104.17576320000049,0.7844611528822054,2026-02-17 16:20:00+00:00,surfline_trevone_20260217_1620
-553963.8307652012,6541261.629698481,-104.17576320000049,0.7869674185463659,2026-02-17 16:20:00+00:00,surfline_trevone_20260217_1620
-553964.0917187004,6541261.313374715,-104.17576320000049,0.7894736842105263,2026-02-17 16:20:00+00:00,surfline_trevone_20260217_1620
-553964.353639541,6541260.997333408,-104.17576320000049,0.7919799498746867,2026-02-17 16:20:00+00:00,surfline_trevone_20260217_1620
-553964.6155603785,6541260.681292075,-104.17576320000049,0.794486215538847,2026-02-17 16:20:00+00:00,surfline_trevone_20260217_1620
-553964.9866430585,6541260.397122788,-104.17576320000049,0.7969924812030075,2026-02-17 16:20:00+00:00,surfline_trevone_20260217_1620
-553965.3266438551,6541260.103878525,-104.17576320000049,0.7994987468671679,2026-02-17 16:20:00+00:00,surfline_trevone_20260217_1620
-553965.6847927859,6541259.815933022,-104.17576320000049,0.8020050125313283,2026-02-17 16:20:00+00:00,surfline_trevone_20260217_1620
-553966.0671029524,6541259.535041847,-104.17576320000049,0.8045112781954886,2026-02-17 16:20:00+00:00,surfline_trevone_20260217_1620
-553966.4964126212,6541259.267873143,-104.17576320000049,0.8070175438596491,2026-02-17 16:20:00+00:00,surfline_trevone_20260217_1620
-553966.9167538557,6541258.998085941,-104.17576320000049,0.8095238095238095,2026-02-17 16:20:00+00:00,surfline_trevone_20260217_1620
-553967.3259617754,6541258.725048162,-104.17576320000049,0.8120300751879699,2026-02-17 16:20:00+00:00,surfline_trevone_20260217_1620
-553967.74004636,6541258.453434201,-104.17576320000049,0.8145363408521302,2026-02-17 16:20:00+00:00,surfline_trevone_20260217_1620
-553968.1648400619,6541258.184946965,-104.17576320000049,0.8170426065162907,2026-02-17 16:20:00+00:00,surfline_trevone_20260217_1620
-553968.6216317221,6541257.925802224,-104.17576320000049,0.8195488721804511,2026-02-17 16:20:00+00:00,surfline_trevone_20260217_1620
-553969.0559017431,6541257.660081847,-104.17576320000049,0.8220551378446115,2026-02-17 16:20:00+00:00,surfline_trevone_20260217_1620
-553969.4392420676,6541257.379491459,-104.17576320000049,0.8245614035087718,2026-02-17 16:20:00+00:00,surfline_trevone_20260217_1620
-553969.7978492685,6541257.091679698,-104.17576320000049,0.8270676691729323,2026-02-17 16:20:00+00:00,surfline_trevone_20260217_1620
-553970.1017420592,6541256.787892974,-104.17576320000049,0.8295739348370927,2026-02-17 16:20:00+00:00,surfline_trevone_20260217_1620
-553970.388091611,6541256.478984112,-104.17576320000049,0.8320802005012531,2026-02-17 16:20:00+00:00,surfline_trevone_20260217_1620
-553970.6677909743,6541256.168133567,-104.17576320000049,0.8345864661654134,2026-02-17 16:20:00+00:00,surfline_trevone_20260217_1620
-553970.9758282306,6541255.865556883,-104.17576320000049,0.8370927318295739,2026-02-17 16:20:00+00:00,surfline_trevone_20260217_1620
-553971.2600933774,6541255.556039459,-104.17576320000049,0.8395989974937343,2026-02-17 16:20:00+00:00,surfline_trevone_20260217_1620
-553971.4916304032,6541255.23112694,-104.17576320000049,0.8421052631578947,2026-02-17 16:20:00+00:00,surfline_trevone_20260217_1620
-553971.876225776,6541254.950902968,-104.17576320000049,0.844611528822055,2026-02-17 16:20:00+00:00,surfline_trevone_20260217_1620
-553972.1695455784,6541254.644029216,-104.17576320000049,0.8471177944862155,2026-02-17 16:20:00+00:00,surfline_trevone_20260217_1620
-553972.4214424706,6541254.325061208,-104.17576320000049,0.849624060150376,2026-02-17 16:20:00+00:00,surfline_trevone_20260217_1620
-553972.6276816805,6541253.992762464,-104.17576320000049,0.8521303258145363,2026-02-17 16:20:00+00:00,surfline_trevone_20260217_1620
-553972.8339208905,6541253.660463699,-104.17576320000049,0.8546365914786966,2026-02-17 16:20:00+00:00,surfline_trevone_20260217_1620
-553973.0401601003,6541253.3281649565,-104.17576320000049,0.8571428571428571,2026-02-17 16:20:00+00:00,surfline_trevone_20260217_1620
-553973.2275210951,6541252.99035435,-104.17576320000049,0.8596491228070176,2026-02-17 16:20:00+00:00,surfline_trevone_20260217_1620
-553973.3360383911,6541252.62952366,-104.17576320000049,0.8621553884711779,2026-02-17 16:20:00+00:00,surfline_trevone_20260217_1620
-553973.4445556905,6541252.26869296,-104.17576320000049,0.8646616541353382,2026-02-17 16:20:00+00:00,surfline_trevone_20260217_1620
-553973.5069113655,6541251.894384416,-104.17576320000049,0.8671679197994987,2026-02-17 16:20:00+00:00,surfline_trevone_20260217_1620
-553973.5933959744,6541251.527120849,-104.17576320000049,0.8696741854636592,2026-02-17 16:20:00+00:00,surfline_trevone_20260217_1620
-553973.7013123101,6541251.166114697,-104.17576320000049,0.8721804511278195,2026-02-17 16:20:00+00:00,surfline_trevone_20260217_1620
-553973.6982902297,6541250.772717744,-104.17576320000049,0.8746867167919798,2026-02-17 16:20:00+00:00,surfline_trevone_20260217_1620
-553973.7607166822,6541250.398429875,-104.17576320000049,0.8771929824561403,2026-02-17 16:20:00+00:00,surfline_trevone_20260217_1620
-553973.8830085208,6541250.0416209735,-104.17576320000049,0.8796992481203008,2026-02-17 16:20:00+00:00,surfline_trevone_20260217_1620
-553974.000351573,6541249.683367148,-104.17576320000049,0.8822055137844611,2026-02-17 16:20:00+00:00,surfline_trevone_20260217_1620
-553974.1176946311,6541249.325113301,-104.17576320000049,0.8847117794486214,2026-02-17 16:20:00+00:00,surfline_trevone_20260217_1620
-553974.1888400279,6541248.953371133,-104.17576320000049,0.8872180451127819,2026-02-17 16:20:00+00:00,surfline_trevone_20260217_1620
-553974.2560967699,6541248.580493566,-104.17576320000049,0.8897243107769424,2026-02-17 16:20:00+00:00,surfline_trevone_20260217_1620
-553974.2451020156,6541248.184768825,-104.17576320000049,0.8922305764411027,2026-02-17 16:20:00+00:00,surfline_trevone_20260217_1620
-553974.2821711056,6541247.803077346,-104.17576320000049,0.894736842105263,2026-02-17 16:20:00+00:00,surfline_trevone_20260217_1620
-553974.2263701501,6541247.394270549,-104.17576320000049,0.8972431077694235,2026-02-17 16:20:00+00:00,surfline_trevone_20260217_1620
-553974.3831311297,6541247.047525606,-104.17576320000049,0.899749373433584,2026-02-17 16:20:00+00:00,surfline_trevone_20260217_1620
-553974.3624728431,6541246.648979396,-104.17576320000049,0.9022556390977443,2026-02-17 16:20:00+00:00,surfline_trevone_20260217_1620
-553974.32493352,6541246.245504438,-104.17576320000049,0.9047619047619047,2026-02-17 16:20:00+00:00,surfline_trevone_20260217_1620
-553974.1628389185,6541245.805662999,-104.17576320000049,0.9072681704260651,2026-02-17 16:20:00+00:00,surfline_trevone_20260217_1620
-553973.9990694203,6541245.365332515,-104.17576320000049,0.9097744360902256,2026-02-17 16:20:00+00:00,surfline_trevone_20260217_1620
-553973.6805893374,6541244.879831034,-104.17576320000049,0.9122807017543859,2026-02-17 16:20:00+00:00,surfline_trevone_20260217_1620
-553973.3058142537,6541244.377893079,-104.17576320000049,0.9147869674185463,2026-02-17 16:20:00+00:00,surfline_trevone_20260217_1620
-553972.8594119445,6541243.855042089,-104.17576320000049,0.9172932330827067,2026-02-17 16:20:00+00:00,surfline_trevone_20260217_1620
-553971.7085473143,6541243.126508642,-104.17576320000049,0.9197994987468672,2026-02-17 16:20:00+00:00,surfline_trevone_20260217_1620
-553960.9373606129,6541239.589121968,-104.17576320000049,0.9223057644110275,2026-02-17 16:20:00+00:00,surfline_trevone_20260217_1620
-553960.1583262009,6541238.96915209,-104.17576320000049,0.9248120300751879,2026-02-17 16:20:00+00:00,surfline_trevone_20260217_1620
-553956.4663509345,6541237.49868855,-104.17576320000049,0.9273182957393483,2026-02-17 16:20:00+00:00,surfline_trevone_20260217_1620
-553956.0711064591,6541236.990774129,-104.17576320000049,0.9298245614035088,2026-02-17 16:20:00+00:00,surfline_trevone_20260217_1620
-553955.8624980879,6541236.537351986,-104.17576320000049,0.9323308270676691,2026-02-17 16:20:00+00:00,surfline_trevone_20260217_1620
-553955.5356992645,6541236.049421686,-104.17576320000049,0.9348370927318295,2026-02-17 16:20:00+00:00,surfline_trevone_20260217_1620
-553955.2461132946,6541235.572356496,-104.17576320000049,0.9373433583959899,2026-02-17 16:20:00+00:00,surfline_trevone_20260217_1620
-553954.893462395,6541235.0768781565,-104.17576320000049,0.9398496240601504,2026-02-17 16:20:00+00:00,surfline_trevone_20260217_1620
-553954.5409780856,6541234.5814484265,-104.17576320000049,0.9423558897243107,2026-02-17 16:20:00+00:00,surfline_trevone_20260217_1620
-553954.4457987292,6541234.161144293,-104.17576320000049,0.9448621553884711,2026-02-17 16:20:00+00:00,surfline_trevone_20260217_1620
-553954.678099257,6541233.836454694,-104.17576320000049,0.9473684210526315,2026-02-17 16:20:00+00:00,surfline_trevone_20260217_1620
-553954.9086455468,6541233.511252878,-104.17576320000049,0.949874686716792,2026-02-17 16:20:00+00:00,surfline_trevone_20260217_1620
-553954.9320146904,6541233.125561415,-104.17576320000049,0.9523809523809523,2026-02-17 16:20:00+00:00,surfline_trevone_20260217_1620
-553954.9095981189,6541232.726501891,-104.17576320000049,0.9548872180451127,2026-02-17 16:20:00+00:00,surfline_trevone_20260217_1620
-553954.894757282,6541232.329654228,-104.17576320000049,0.9573934837092731,2026-02-17 16:20:00+00:00,surfline_trevone_20260217_1620
-553954.904059683,6541231.939855656,-104.17576320000049,0.9598997493734336,2026-02-17 16:20:00+00:00,surfline_trevone_20260217_1620
-553954.9133620681,6541231.550057109,-104.17576320000049,0.9624060150375939,2026-02-17 16:20:00+00:00,surfline_trevone_20260217_1620
-553954.9809393242,6541231.177273156,-104.17576320000049,0.9649122807017543,2026-02-17 16:20:00+00:00,surfline_trevone_20260217_1620
-553955.0475407894,6541230.804204268,-104.17576320000049,0.9674185463659147,2026-02-17 16:20:00+00:00,surfline_trevone_20260217_1620
-553955.0893419993,6541230.423894399,-104.17576320000049,0.9699248120300752,2026-02-17 16:20:00+00:00,surfline_trevone_20260217_1620
-553955.253274795,6541230.079243419,-104.17576320000049,0.9724310776942355,2026-02-17 16:20:00+00:00,surfline_trevone_20260217_1620
-553955.253274795,6541230.079243419,-104.17576320000049,0.9749373433583959,2026-02-17 16:20:00+00:00,surfline_trevone_20260217_1620
-553955.253274795,6541230.079243419,-104.17576320000049,0.9774436090225563,2026-02-17 16:20:00+00:00,surfline_trevone_20260217_1620
-553955.253274795,6541230.079243419,-104.17576320000049,0.9799498746867168,2026-02-17 16:20:00+00:00,surfline_trevone_20260217_1620
-553955.253274795,6541230.079243419,-104.17576320000049,0.9824561403508771,2026-02-17 16:20:00+00:00,surfline_trevone_20260217_1620
-553955.253274795,6541230.079243419,-104.17576320000049,0.9849624060150375,2026-02-17 16:20:00+00:00,surfline_trevone_20260217_1620
-553955.253274795,6541230.079243419,-104.17576320000049,0.9874686716791979,2026-02-17 16:20:00+00:00,surfline_trevone_20260217_1620
-553955.253274795,6541230.079243419,-104.17576320000049,0.9899749373433584,2026-02-17 16:20:00+00:00,surfline_trevone_20260217_1620
-553955.253274795,6541230.079243419,-104.17576320000049,0.9924812030075187,2026-02-17 16:20:00+00:00,surfline_trevone_20260217_1620
-553955.253274795,6541230.079243419,-104.17576320000049,0.9949874686716791,2026-02-17 16:20:00+00:00,surfline_trevone_20260217_1620
-553955.253274795,6541230.079243419,-104.17576320000049,0.9974937343358395,2026-02-17 16:20:00+00:00,surfline_trevone_20260217_1620
-553955.253274795,6541230.079243419,-104.17576320000049,1.0,2026-02-17 16:20:00+00:00,surfline_trevone_20260217_1620
-553972.6584732508,6541381.961502874,-104.28183360000048,0.0,2026-02-17 16:49:00+00:00,surfline_trevone_20260217_1649
-553972.6584732508,6541381.961502874,-104.28183360000048,0.002506265664160401,2026-02-17 16:49:00+00:00,surfline_trevone_20260217_1649
-553972.6584732508,6541381.961502874,-104.28183360000048,0.005012531328320802,2026-02-17 16:49:00+00:00,surfline_trevone_20260217_1649
-553972.6584732508,6541381.961502874,-104.28183360000048,0.007518796992481203,2026-02-17 16:49:00+00:00,surfline_trevone_20260217_1649
-553972.6584732508,6541381.961502874,-104.28183360000048,0.010025062656641603,2026-02-17 16:49:00+00:00,surfline_trevone_20260217_1649
-553972.6584732508,6541381.961502874,-104.28183360000048,0.012531328320802004,2026-02-17 16:49:00+00:00,surfline_trevone_20260217_1649
-553972.6584732508,6541381.961502874,-104.28183360000048,0.015037593984962405,2026-02-17 16:49:00+00:00,surfline_trevone_20260217_1649
-553972.6584732508,6541381.961502874,-104.28183360000048,0.017543859649122806,2026-02-17 16:49:00+00:00,surfline_trevone_20260217_1649
-553972.6584732508,6541381.961502874,-104.28183360000048,0.020050125313283207,2026-02-17 16:49:00+00:00,surfline_trevone_20260217_1649
-553972.6584732508,6541381.961502874,-104.28183360000048,0.022556390977443608,2026-02-17 16:49:00+00:00,surfline_trevone_20260217_1649
-553972.6584732508,6541381.961502874,-104.28183360000048,0.02506265664160401,2026-02-17 16:49:00+00:00,surfline_trevone_20260217_1649
-553972.6584732508,6541381.961502874,-104.28183360000048,0.02756892230576441,2026-02-17 16:49:00+00:00,surfline_trevone_20260217_1649
-553972.6584732508,6541381.961502874,-104.28183360000048,0.03007518796992481,2026-02-17 16:49:00+00:00,surfline_trevone_20260217_1649
-553972.6584732508,6541381.961502874,-104.28183360000048,0.03258145363408521,2026-02-17 16:49:00+00:00,surfline_trevone_20260217_1649
-553972.6584732508,6541381.961502874,-104.28183360000048,0.03508771929824561,2026-02-17 16:49:00+00:00,surfline_trevone_20260217_1649
-553972.7179647997,6541381.586358089,-104.28183360000048,0.03759398496240601,2026-02-17 16:49:00+00:00,surfline_trevone_20260217_1649
-553972.777456345,6541381.211213312,-104.28183360000048,0.040100250626566414,2026-02-17 16:49:00+00:00,surfline_trevone_20260217_1649
-553972.833775461,6541380.835142289,-104.28183360000048,0.042606516290726815,2026-02-17 16:49:00+00:00,surfline_trevone_20260217_1649
-553972.9066800418,6541380.463913728,-104.28183360000048,0.045112781954887216,2026-02-17 16:49:00+00:00,surfline_trevone_20260217_1649
-553972.9029041128,6541380.070296685,-104.28183360000048,0.047619047619047616,2026-02-17 16:49:00+00:00,surfline_trevone_20260217_1649
-553972.905876081,6541379.678649842,-104.28183360000048,0.05012531328320802,2026-02-17 16:49:00+00:00,surfline_trevone_20260217_1649
-553972.9202145014,6541379.290321682,-104.28183360000048,0.05263157894736842,2026-02-17 16:49:00+00:00,surfline_trevone_20260217_1649
-553972.9345529268,6541378.901993511,-104.28183360000048,0.05513784461152882,2026-02-17 16:49:00+00:00,surfline_trevone_20260217_1649
-553972.8477777783,6541378.48414312,-104.28183360000048,0.05764411027568922,2026-02-17 16:49:00+00:00,surfline_trevone_20260217_1649
-553972.7413936664,6541378.060567505,-104.28183360000048,0.06015037593984962,2026-02-17 16:49:00+00:00,surfline_trevone_20260217_1649
-553972.5465743192,6541377.611171371,-104.28183360000048,0.06265664160401002,2026-02-17 16:49:00+00:00,surfline_trevone_20260217_1649
-553972.4298739346,6541377.184583684,-104.28183360000048,0.06516290726817042,2026-02-17 16:49:00+00:00,surfline_trevone_20260217_1649
-553972.3359863167,6541376.764656674,-104.28183360000048,0.06766917293233082,2026-02-17 16:49:00+00:00,surfline_trevone_20260217_1649
-553972.1542426739,6541376.319078271,-104.28183360000048,0.07017543859649122,2026-02-17 16:49:00+00:00,surfline_trevone_20260217_1649
-553971.7683521737,6541375.813894939,-104.28183360000048,0.07268170426065163,2026-02-17 16:49:00+00:00,surfline_trevone_20260217_1649
-553971.3449134214,6541375.297748602,-104.28183360000048,0.07518796992481203,2026-02-17 16:49:00+00:00,surfline_trevone_20260217_1649
-553971.1434061395,6541374.846399788,-104.28183360000048,0.07769423558897243,2026-02-17 16:49:00+00:00,surfline_trevone_20260217_1649
-553970.9980930204,6541374.41145804,-104.28183360000048,0.08020050125313283,2026-02-17 16:49:00+00:00,surfline_trevone_20260217_1649
-553970.8026197127,6541373.961870968,-104.28183360000048,0.08270676691729323,2026-02-17 16:49:00+00:00,surfline_trevone_20260217_1649
-553970.7342279176,6541373.549387978,-104.28183360000048,0.08521303258145363,2026-02-17 16:49:00+00:00,surfline_trevone_20260217_1649
-553970.7087386581,6541373.149431287,-104.28183360000048,0.08771929824561403,2026-02-17 16:49:00+00:00,surfline_trevone_20260217_1649
-553970.682729241,6541372.749322738,-104.28183360000048,0.09022556390977443,2026-02-17 16:49:00+00:00,surfline_trevone_20260217_1649
-553970.4287103912,6541372.282642078,-104.28183360000048,0.09273182957393483,2026-02-17 16:49:00+00:00,surfline_trevone_20260217_1649
-553970.0555194766,6541371.781166642,-104.28183360000048,0.09523809523809523,2026-02-17 16:49:00+00:00,surfline_trevone_20260217_1649
-553969.6512056981,6541371.270604251,-104.28183360000048,0.09774436090225563,2026-02-17 16:49:00+00:00,surfline_trevone_20260217_1649
-553969.5264059427,6541370.841651807,-104.28183360000048,0.10025062656641603,2026-02-17 16:49:00+00:00,surfline_trevone_20260217_1649
-553969.3565947841,6541370.399557334,-104.28183360000048,0.10275689223057644,2026-02-17 16:49:00+00:00,surfline_trevone_20260217_1649
-553969.1046236166,6541369.933474526,-104.28183360000048,0.10526315789473684,2026-02-17 16:49:00+00:00,surfline_trevone_20260217_1649
-553968.9641203152,6541369.499937092,-104.28183360000048,0.10776942355889724,2026-02-17 16:49:00+00:00,surfline_trevone_20260217_1649
-553968.8053763572,6541369.061073933,-104.28183360000048,0.11027568922305764,2026-02-17 16:49:00+00:00,surfline_trevone_20260217_1649
-553968.5024763426,6541368.580121399,-104.28183360000048,0.11278195488721804,2026-02-17 16:49:00+00:00,surfline_trevone_20260217_1649
-553968.3705031653,6541368.1490745,-104.28183360000048,0.11528822055137844,2026-02-17 16:49:00+00:00,surfline_trevone_20260217_1649
-553968.2668561629,6541367.726298044,-104.28183360000048,0.11779448621553884,2026-02-17 16:49:00+00:00,surfline_trevone_20260217_1649
-553968.1682578187,6541367.304995634,-104.28183360000048,0.12030075187969924,2026-02-17 16:49:00+00:00,surfline_trevone_20260217_1649
-553967.9843296963,6541366.858779407,-104.28183360000048,0.12280701754385964,2026-02-17 16:49:00+00:00,surfline_trevone_20260217_1649
-553967.623994656,6541366.361057524,-104.28183360000048,0.12531328320802004,2026-02-17 16:49:00+00:00,surfline_trevone_20260217_1649
-553966.8871973414,6541365.753419659,-104.28183360000048,0.12781954887218044,2026-02-17 16:49:00+00:00,surfline_trevone_20260217_1649
-553966.2316469005,6541365.169503496,-104.28183360000048,0.13032581453634084,2026-02-17 16:49:00+00:00,surfline_trevone_20260217_1649
-553965.9911972699,6541364.706784639,-104.28183360000048,0.13283208020050125,2026-02-17 16:49:00+00:00,surfline_trevone_20260217_1649
-553965.7916745181,6541364.256015255,-104.28183360000048,0.13533834586466165,2026-02-17 16:49:00+00:00,surfline_trevone_20260217_1649
-553965.4674485212,6541363.768836166,-104.28183360000048,0.13784461152882205,2026-02-17 16:49:00+00:00,surfline_trevone_20260217_1649
-553965.4451576774,6541363.369813318,-104.28183360000048,0.14035087719298245,2026-02-17 16:49:00+00:00,surfline_trevone_20260217_1649
-553965.4229949034,6541362.9708278505,-104.28183360000048,0.14285714285714285,2026-02-17 16:49:00+00:00,surfline_trevone_20260217_1649
-553965.3909264744,6541362.568950234,-104.28183360000048,0.14536340852130325,2026-02-17 16:49:00+00:00,surfline_trevone_20260217_1649
-553965.1932919871,6541362.118732178,-104.28183360000048,0.14786967418546365,2026-02-17 16:49:00+00:00,surfline_trevone_20260217_1649
-553964.9483540563,6541361.65470288,-104.28183360000048,0.15037593984962405,2026-02-17 16:49:00+00:00,surfline_trevone_20260217_1649
-553964.7717812352,6541361.210634185,-104.28183360000048,0.15288220551378445,2026-02-17 16:49:00+00:00,surfline_trevone_20260217_1649
-553964.6203830095,6541360.773915752,-104.28183360000048,0.15538847117794485,2026-02-17 16:49:00+00:00,surfline_trevone_20260217_1649
-553964.5244105369,6541360.353380036,-104.28183360000048,0.15789473684210525,2026-02-17 16:49:00+00:00,surfline_trevone_20260217_1649
-553964.4400230484,6541359.936226781,-104.28183360000048,0.16040100250626566,2026-02-17 16:49:00+00:00,surfline_trevone_20260217_1649
-553964.376558227,6541359.52518232,-104.28183360000048,0.16290726817042606,2026-02-17 16:49:00+00:00,surfline_trevone_20260217_1649
-553964.3339435228,6541359.120225499,-104.28183360000048,0.16541353383458646,2026-02-17 16:49:00+00:00,surfline_trevone_20260217_1649
-553964.3836587104,6541358.742226328,-104.28183360000048,0.16791979949874686,2026-02-17 16:49:00+00:00,surfline_trevone_20260217_1649
-553964.243558464,6541358.308806574,-104.28183360000048,0.17042606516290726,2026-02-17 16:49:00+00:00,surfline_trevone_20260217_1649
-553964.145691251,6541357.887717618,-104.28183360000048,0.17293233082706766,2026-02-17 16:49:00+00:00,surfline_trevone_20260217_1649
-553963.9723789882,6541357.444600942,-104.28183360000048,0.17543859649122806,2026-02-17 16:49:00+00:00,surfline_trevone_20260217_1649
-553963.7759552818,6541356.994736382,-104.28183360000048,0.17794486215538846,2026-02-17 16:49:00+00:00,surfline_trevone_20260217_1649
-553963.7154545282,6541356.584557341,-104.28183360000048,0.18045112781954886,2026-02-17 16:49:00+00:00,surfline_trevone_20260217_1649
-553963.6774694126,6541356.180952225,-104.28183360000048,0.18295739348370926,2026-02-17 16:49:00+00:00,surfline_trevone_20260217_1649
-553963.5594622894,6541355.753983036,-104.28183360000048,0.18546365914786966,2026-02-17 16:49:00+00:00,surfline_trevone_20260217_1649
-553963.517735583,6541355.349285483,-104.28183360000048,0.18796992481203006,2026-02-17 16:49:00+00:00,surfline_trevone_20260217_1649
-553963.4487413979,6541354.9366266085,-104.28183360000048,0.19047619047619047,2026-02-17 16:49:00+00:00,surfline_trevone_20260217_1649
-553963.0501529535,6541354.427735847,-104.28183360000048,0.19298245614035087,2026-02-17 16:49:00+00:00,surfline_trevone_20260217_1649
-553962.7856845246,6541353.9580042325,-104.28183360000048,0.19548872180451127,2026-02-17 16:49:00+00:00,surfline_trevone_20260217_1649
-553962.6422576047,6541353.523613194,-104.28183360000048,0.19799498746867167,2026-02-17 16:49:00+00:00,surfline_trevone_20260217_1649
-553962.2897274763,6541353.028170094,-104.28183360000048,0.20050125313283207,2026-02-17 16:49:00+00:00,surfline_trevone_20260217_1649
-553960.8506889158,6541352.215498272,-104.28183360000048,0.20300751879699247,2026-02-17 16:49:00+00:00,surfline_trevone_20260217_1649
-553960.6382783407,6541351.760966031,-104.28183360000048,0.20551378446115287,2026-02-17 16:49:00+00:00,surfline_trevone_20260217_1649
-553960.4670652264,6541351.318462228,-104.28183360000048,0.20802005012531327,2026-02-17 16:49:00+00:00,surfline_trevone_20260217_1649
-553960.4035741714,6541350.907410106,-104.28183360000048,0.21052631578947367,2026-02-17 16:49:00+00:00,surfline_trevone_20260217_1649
-553960.18092535,6541350.449888579,-104.28183360000048,0.21303258145363407,2026-02-17 16:49:00+00:00,surfline_trevone_20260217_1649
-553959.0311431686,6541349.721671194,-104.28183360000048,0.21553884711779447,2026-02-17 16:49:00+00:00,surfline_trevone_20260217_1649
-553958.9727338328,6541349.312102801,-104.28183360000048,0.21804511278195488,2026-02-17 16:49:00+00:00,surfline_trevone_20260217_1649
-553958.9473227733,6541348.912168925,-104.28183360000048,0.22055137844611528,2026-02-17 16:49:00+00:00,surfline_trevone_20260217_1649
-553958.9198383441,6541348.511629703,-104.28183360000048,0.22305764411027568,2026-02-17 16:49:00+00:00,surfline_trevone_20260217_1649
-553958.3752814333,6541347.960120429,-104.28183360000048,0.22556390977443608,2026-02-17 16:49:00+00:00,surfline_trevone_20260217_1649
-553958.1060477454,6541347.48899748,-104.28183360000048,0.22807017543859648,2026-02-17 16:49:00+00:00,surfline_trevone_20260217_1649
-553957.8562457224,6541347.023547992,-104.28183360000048,0.23057644110275688,2026-02-17 16:49:00+00:00,surfline_trevone_20260217_1649
-553957.4114669989,6541346.501171038,-104.28183360000048,0.23308270676691728,2026-02-17 16:49:00+00:00,surfline_trevone_20260217_1649
-553956.2814537471,6541345.778725584,-104.28183360000048,0.23558897243107768,2026-02-17 16:49:00+00:00,surfline_trevone_20260217_1649
-553956.1767136769,6541345.355629951,-104.28183360000048,0.23809523809523808,2026-02-17 16:49:00+00:00,surfline_trevone_20260217_1649
-553956.0686621031,6541344.931567475,-104.28183360000048,0.24060150375939848,2026-02-17 16:49:00+00:00,surfline_trevone_20260217_1649
-553955.9380983404,6541344.500932116,-104.28183360000048,0.24310776942355888,2026-02-17 16:49:00+00:00,surfline_trevone_20260217_1649
-553955.8074927899,6541344.070284537,-104.28183360000048,0.24561403508771928,2026-02-17 16:49:00+00:00,surfline_trevone_20260217_1649
-553955.3659888769,6541343.548863692,-104.28183360000048,0.24812030075187969,2026-02-17 16:49:00+00:00,surfline_trevone_20260217_1649
-553954.9222998967,6541343.026804891,-104.28183360000048,0.2506265664160401,2026-02-17 16:49:00+00:00,surfline_trevone_20260217_1649
-553954.6101256331,6541342.543144569,-104.28183360000048,0.2531328320802005,2026-02-17 16:49:00+00:00,surfline_trevone_20260217_1649
-553954.3249486301,6541342.067366637,-104.28183360000048,0.2556390977443609,2026-02-17 16:49:00+00:00,surfline_trevone_20260217_1649
-553954.0559891264,6541341.596323722,-104.28183360000048,0.2581453634085213,2026-02-17 16:49:00+00:00,surfline_trevone_20260217_1649
-553953.8417476291,6541341.141256888,-104.28183360000048,0.2606516290726817,2026-02-17 16:49:00+00:00,surfline_trevone_20260217_1649
-553953.5878855843,6541340.674622033,-104.28183360000048,0.2631578947368421,2026-02-17 16:49:00+00:00,surfline_trevone_20260217_1649
-553953.4292901775,6541340.235802241,-104.28183360000048,0.2656641604010025,2026-02-17 16:49:00+00:00,surfline_trevone_20260217_1649
-553953.3607190934,6541339.823266885,-104.28183360000048,0.2681704260651629,2026-02-17 16:49:00+00:00,surfline_trevone_20260217_1649
-553953.4563169928,6541339.45866411,-104.28183360000048,0.2706766917293233,2026-02-17 16:49:00+00:00,surfline_trevone_20260217_1649
-553953.5134955366,6541339.082844026,-104.28183360000048,0.2731829573934837,2026-02-17 16:49:00+00:00,surfline_trevone_20260217_1649
-553953.5598699967,6541338.703869442,-104.28183360000048,0.2756892230576441,2026-02-17 16:49:00+00:00,surfline_trevone_20260217_1649
-553953.5618919694,6541338.311945207,-104.28183360000048,0.2781954887218045,2026-02-17 16:49:00+00:00,surfline_trevone_20260217_1649
-553953.5592232362,6541337.918651445,-104.28183360000048,0.2807017543859649,2026-02-17 16:49:00+00:00,surfline_trevone_20260217_1649
-553953.2236444843,6541337.428157696,-104.28183360000048,0.2832080200501253,2026-02-17 16:49:00+00:00,surfline_trevone_20260217_1649
-553953.2120157647,6541337.032247878,-104.28183360000048,0.2857142857142857,2026-02-17 16:49:00+00:00,surfline_trevone_20260217_1649
-553953.2809137949,6541336.659849498,-104.28183360000048,0.2882205513784461,2026-02-17 16:49:00+00:00,surfline_trevone_20260217_1649
-553953.3825649357,6541336.297014094,-104.28183360000048,0.2907268170426065,2026-02-17 16:49:00+00:00,surfline_trevone_20260217_1649
-553953.4968803516,6541335.937876308,-104.28183360000048,0.2932330827067669,2026-02-17 16:49:00+00:00,surfline_trevone_20260217_1649
-553953.6645061019,6541335.594303562,-104.28183360000048,0.2957393483709273,2026-02-17 16:49:00+00:00,surfline_trevone_20260217_1649
-553953.7691055853,6541335.232328965,-104.28183360000048,0.2982456140350877,2026-02-17 16:49:00+00:00,surfline_trevone_20260217_1649
-553953.838561566,6541334.860093535,-104.28183360000048,0.3007518796992481,2026-02-17 16:49:00+00:00,surfline_trevone_20260217_1649
-553953.8332613525,6541334.466031455,-104.28183360000048,0.3032581453634085,2026-02-17 16:49:00+00:00,surfline_trevone_20260217_1649
-553953.8032687336,6541334.064759894,-104.28183360000048,0.3057644110275689,2026-02-17 16:49:00+00:00,surfline_trevone_20260217_1649
-553953.7220253972,6541333.648524641,-104.28183360000048,0.3082706766917293,2026-02-17 16:49:00+00:00,surfline_trevone_20260217_1649
-553953.5712560602,6541333.211989846,-104.28183360000048,0.3107769423558897,2026-02-17 16:49:00+00:00,surfline_trevone_20260217_1649
-553953.5370472291,6541332.809487294,-104.28183360000048,0.3132832080200501,2026-02-17 16:49:00+00:00,surfline_trevone_20260217_1649
-553953.4789281825,6541332.400003637,-104.28183360000048,0.3157894736842105,2026-02-17 16:49:00+00:00,surfline_trevone_20260217_1649
-553953.6032859697,6541332.043797909,-104.28183360000048,0.3182957393483709,2026-02-17 16:49:00+00:00,surfline_trevone_20260217_1649
-553953.569298853,6541331.641360114,-104.28183360000048,0.3208020050125313,2026-02-17 16:49:00+00:00,surfline_trevone_20260217_1649
-553953.6429988336,6541331.270363786,-104.28183360000048,0.3233082706766917,2026-02-17 16:49:00+00:00,surfline_trevone_20260217_1649
-553953.7419926054,6541330.906752485,-104.28183360000048,0.3258145363408521,2026-02-17 16:49:00+00:00,surfline_trevone_20260217_1649
-553953.8296762413,6541330.539838975,-104.28183360000048,0.3283208020050125,2026-02-17 16:49:00+00:00,surfline_trevone_20260217_1649
-553953.9152871767,6541330.17232032,-104.28183360000048,0.3308270676691729,2026-02-17 16:49:00+00:00,surfline_trevone_20260217_1649
-553954.0840943806,6541329.829092534,-104.28183360000048,0.3333333333333333,2026-02-17 16:49:00+00:00,surfline_trevone_20260217_1649
-553954.2313345177,6541329.479567753,-104.28183360000048,0.3358395989974937,2026-02-17 16:49:00+00:00,surfline_trevone_20260217_1649
-553954.4236224184,6541329.143195637,-104.28183360000048,0.3383458646616541,2026-02-17 16:49:00+00:00,surfline_trevone_20260217_1649
-553954.6798920486,6541328.825504338,-104.28183360000048,0.3408521303258145,2026-02-17 16:49:00+00:00,surfline_trevone_20260217_1649
-553954.9278952922,6541328.505399474,-104.28183360000048,0.3433583959899749,2026-02-17 16:49:00+00:00,surfline_trevone_20260217_1649
-553955.1671153612,6541328.182730158,-104.28183360000048,0.3458646616541353,2026-02-17 16:49:00+00:00,surfline_trevone_20260217_1649
-553955.3955328799,6541327.856906834,-104.28183360000048,0.3483709273182957,2026-02-17 16:49:00+00:00,surfline_trevone_20260217_1649
-553955.570591801,6541327.51550438,-104.28183360000048,0.3508771929824561,2026-02-17 16:49:00+00:00,surfline_trevone_20260217_1649
-553955.678143699,6541327.154391822,-104.28183360000048,0.3533834586466165,2026-02-17 16:49:00+00:00,surfline_trevone_20260217_1649
-553955.7441380891,6541326.781145665,-104.28183360000048,0.3558897243107769,2026-02-17 16:49:00+00:00,surfline_trevone_20260217_1649
-553955.8192092957,6541326.410549717,-104.28183360000048,0.3583959899749373,2026-02-17 16:49:00+00:00,surfline_trevone_20260217_1649
-553955.8976041442,6541326.040924152,-104.28183360000048,0.3609022556390977,2026-02-17 16:49:00+00:00,surfline_trevone_20260217_1649
-553956.0193191292,6541325.683946782,-104.28183360000048,0.3634085213032581,2026-02-17 16:49:00+00:00,surfline_trevone_20260217_1649
-553956.2223761013,6541325.350718919,-104.28183360000048,0.3659147869674185,2026-02-17 16:49:00+00:00,surfline_trevone_20260217_1649
-553956.4479248282,6541325.024058014,-104.28183360000048,0.3684210526315789,2026-02-17 16:49:00+00:00,surfline_trevone_20260217_1649
-553956.6506146706,6541324.690722959,-104.28183360000048,0.37092731829573933,2026-02-17 16:49:00+00:00,surfline_trevone_20260217_1649
-553956.8690780958,6541324.361993309,-104.28183360000048,0.37343358395989973,2026-02-17 16:49:00+00:00,surfline_trevone_20260217_1649
-553957.0358085625,6541324.018159168,-104.28183360000048,0.37593984962406013,2026-02-17 16:49:00+00:00,surfline_trevone_20260217_1649
-553957.0413430812,6541323.627260536,-104.28183360000048,0.37844611528822053,2026-02-17 16:49:00+00:00,surfline_trevone_20260217_1649
-553957.0382213118,6541323.233834499,-104.28183360000048,0.38095238095238093,2026-02-17 16:49:00+00:00,surfline_trevone_20260217_1649
-553957.0781108218,6541322.852966479,-104.28183360000048,0.38345864661654133,2026-02-17 16:49:00+00:00,surfline_trevone_20260217_1649
-553957.2966261896,6541322.524252016,-104.28183360000048,0.38596491228070173,2026-02-17 16:49:00+00:00,surfline_trevone_20260217_1649
-553957.5412537634,6541322.203161577,-104.28183360000048,0.38847117794486213,2026-02-17 16:49:00+00:00,surfline_trevone_20260217_1649
-553957.7846534204,6541321.8817126,-104.28183360000048,0.39097744360902253,2026-02-17 16:49:00+00:00,surfline_trevone_20260217_1649
-553957.9721386485,6541321.5439382205,-104.28183360000048,0.39348370927318294,2026-02-17 16:49:00+00:00,surfline_trevone_20260217_1649
-553958.1815921857,6541321.212577969,-104.28183360000048,0.39598997493734334,2026-02-17 16:49:00+00:00,surfline_trevone_20260217_1649
-553958.3818113782,6541320.878521578,-104.28183360000048,0.39849624060150374,2026-02-17 16:49:00+00:00,surfline_trevone_20260217_1649
-553958.5709939789,6541320.541242812,-104.28183360000048,0.40100250626566414,2026-02-17 16:49:00+00:00,surfline_trevone_20260217_1649
-553958.8011292225,6541320.215920984,-104.28183360000048,0.40350877192982454,2026-02-17 16:49:00+00:00,surfline_trevone_20260217_1649
-553959.0613329442,6541319.899378303,-104.28183360000048,0.40601503759398494,2026-02-17 16:49:00+00:00,surfline_trevone_20260217_1649
-553959.3803542538,6541319.600008664,-104.28183360000048,0.40852130325814534,2026-02-17 16:49:00+00:00,surfline_trevone_20260217_1649
-553959.6267119636,6541319.279423351,-104.28183360000048,0.41102756892230574,2026-02-17 16:49:00+00:00,surfline_trevone_20260217_1649
-553959.6738878617,6541318.900682745,-104.28183360000048,0.41353383458646614,2026-02-17 16:49:00+00:00,surfline_trevone_20260217_1649
-553959.5835272401,6541318.48178553,-104.28183360000048,0.41604010025062654,2026-02-17 16:49:00+00:00,surfline_trevone_20260217_1649
-553959.3864371007,6541318.031726392,-104.28183360000048,0.41854636591478694,2026-02-17 16:49:00+00:00,surfline_trevone_20260217_1649
-553959.404140693,6541317.644380732,-104.28183360000048,0.42105263157894735,2026-02-17 16:49:00+00:00,surfline_trevone_20260217_1649
-553959.4102769757,6541317.253657777,-104.28183360000048,0.42355889724310775,2026-02-17 16:49:00+00:00,surfline_trevone_20260217_1649
-553959.3749098177,6541316.850817049,-104.28183360000048,0.42606516290726815,2026-02-17 16:49:00+00:00,surfline_trevone_20260217_1649
-553959.6704411672,6541316.5445890045,-104.28183360000048,0.42857142857142855,2026-02-17 16:49:00+00:00,surfline_trevone_20260217_1649
-553959.9380593733,6541316.230211115,-104.28183360000048,0.43107769423558895,2026-02-17 16:49:00+00:00,surfline_trevone_20260217_1649
-553960.1828530895,6541315.909169164,-104.28183360000048,0.43358395989974935,2026-02-17 16:49:00+00:00,surfline_trevone_20260217_1649
-553960.4149709148,6541315.584426243,-104.28183360000048,0.43609022556390975,2026-02-17 16:49:00+00:00,surfline_trevone_20260217_1649
-553960.6512245644,6541315.26089084,-104.28183360000048,0.43859649122807015,2026-02-17 16:49:00+00:00,surfline_trevone_20260217_1649
-553960.930505161,6541314.94991803,-104.28183360000048,0.44110275689223055,2026-02-17 16:49:00+00:00,surfline_trevone_20260217_1649
-553961.3672032851,6541314.684906563,-104.28183360000048,0.44360902255639095,2026-02-17 16:49:00+00:00,surfline_trevone_20260217_1649
-553961.7875240332,6541314.415113401,-104.28183360000048,0.44611528822055135,2026-02-17 16:49:00+00:00,surfline_trevone_20260217_1649
-553962.2470483208,6541314.156766506,-104.28183360000048,0.44862155388471175,2026-02-17 16:49:00+00:00,surfline_trevone_20260217_1649
-553962.5413267436,6541313.850172623,-104.28183360000048,0.45112781954887216,2026-02-17 16:49:00+00:00,surfline_trevone_20260217_1649
-553962.5701494459,6541313.46607344,-104.28183360000048,0.45363408521303256,2026-02-17 16:49:00+00:00,surfline_trevone_20260217_1649
-553962.8341245316,6541313.150631908,-104.28183360000048,0.45614035087719296,2026-02-17 16:49:00+00:00,surfline_trevone_20260217_1649
-553963.060547731,6541312.824226301,-104.28183360000048,0.45864661654135336,2026-02-17 16:49:00+00:00,surfline_trevone_20260217_1649
-553961.4650629374,6541311.965876726,-104.28183360000048,0.46115288220551376,2026-02-17 16:49:00+00:00,surfline_trevone_20260217_1649
-553961.55013852,6541311.598201741,-104.28183360000048,0.46365914786967416,2026-02-17 16:49:00+00:00,surfline_trevone_20260217_1649
-553961.6264000529,6541311.227953333,-104.28183360000048,0.46616541353383456,2026-02-17 16:49:00+00:00,surfline_trevone_20260217_1649
-553961.6905556777,6541310.85417034,-104.28183360000048,0.46867167919799496,2026-02-17 16:49:00+00:00,surfline_trevone_20260217_1649
-553961.7229879652,6541310.471125021,-104.28183360000048,0.47117794486215536,2026-02-17 16:49:00+00:00,surfline_trevone_20260217_1649
-553961.6994005919,6541310.071723647,-104.28183360000048,0.47368421052631576,2026-02-17 16:49:00+00:00,surfline_trevone_20260217_1649
-553961.6506367858,6541309.664971467,-104.28183360000048,0.47619047619047616,2026-02-17 16:49:00+00:00,surfline_trevone_20260217_1649
-553961.5677064325,6541309.248243633,-104.28183360000048,0.47869674185463656,2026-02-17 16:49:00+00:00,surfline_trevone_20260217_1649
-553961.4499171141,6541308.821338019,-104.28183360000048,0.48120300751879697,2026-02-17 16:49:00+00:00,surfline_trevone_20260217_1649
-553961.3070779718,6541308.38711861,-104.28183360000048,0.48370927318295737,2026-02-17 16:49:00+00:00,surfline_trevone_20260217_1649
-553961.3187282607,6541307.998005583,-104.28183360000048,0.48621553884711777,2026-02-17 16:49:00+00:00,surfline_trevone_20260217_1649
-553961.193630948,6541307.568966227,-104.28183360000048,0.48872180451127817,2026-02-17 16:49:00+00:00,surfline_trevone_20260217_1649
-553961.1836283472,6541307.173531189,-104.28183360000048,0.49122807017543857,2026-02-17 16:49:00+00:00,surfline_trevone_20260217_1649
-553961.2475355633,6541306.799675681,-104.28183360000048,0.49373433583959897,2026-02-17 16:49:00+00:00,surfline_trevone_20260217_1649
-553961.3300801489,6541306.431261718,-104.28183360000048,0.49624060150375937,2026-02-17 16:49:00+00:00,surfline_trevone_20260217_1649
-553961.4891828443,6541306.085200468,-104.28183360000048,0.49874686716791977,2026-02-17 16:49:00+00:00,surfline_trevone_20260217_1649
-553961.7337349864,6541305.764087983,-104.28183360000048,0.5012531328320802,2026-02-17 16:49:00+00:00,surfline_trevone_20260217_1649
-553962.0207378819,6541305.455369902,-104.28183360000048,0.5037593984962405,2026-02-17 16:49:00+00:00,surfline_trevone_20260217_1649
-553962.3835833292,6541305.168795608,-104.28183360000048,0.506265664160401,2026-02-17 16:49:00+00:00,surfline_trevone_20260217_1649
-553962.7657676851,6541304.887867691,-104.28183360000048,0.5087719298245614,2026-02-17 16:49:00+00:00,surfline_trevone_20260217_1649
-553963.0689959137,6541304.58388691,-104.28183360000048,0.5112781954887218,2026-02-17 16:49:00+00:00,surfline_trevone_20260217_1649
-553963.1590083631,6541304.217653369,-104.28183360000048,0.5137844611528821,2026-02-17 16:49:00+00:00,surfline_trevone_20260217_1649
-553963.4476512035,6541303.90941408,-104.28183360000048,0.5162907268170426,2026-02-17 16:49:00+00:00,surfline_trevone_20260217_1649
-553963.784028363,6541303.615111799,-104.28183360000048,0.518796992481203,2026-02-17 16:49:00+00:00,surfline_trevone_20260217_1649
-553964.1258925317,6541303.322411586,-104.28183360000048,0.5213032581453634,2026-02-17 16:49:00+00:00,surfline_trevone_20260217_1649
-553964.5027765384,6541303.039936163,-104.28183360000048,0.5238095238095237,2026-02-17 16:49:00+00:00,surfline_trevone_20260217_1649
-553964.877137835,6541302.756724161,-104.28183360000048,0.5263157894736842,2026-02-17 16:49:00+00:00,surfline_trevone_20260217_1649
-553965.2590153572,6541302.475706658,-104.28183360000048,0.5288220551378446,2026-02-17 16:49:00+00:00,surfline_trevone_20260217_1649
-553965.649667552,6541302.197251153,-104.28183360000048,0.531328320802005,2026-02-17 16:49:00+00:00,surfline_trevone_20260217_1649
-553966.0546329936,6541301.92297466,-104.28183360000048,0.5338345864661653,2026-02-17 16:49:00+00:00,surfline_trevone_20260217_1649
-553966.4204016286,6541301.637253832,-104.28183360000048,0.5363408521303258,2026-02-17 16:49:00+00:00,surfline_trevone_20260217_1649
-553966.7133948249,6541301.330284721,-104.28183360000048,0.5388471177944862,2026-02-17 16:49:00+00:00,surfline_trevone_20260217_1649
-553967.0331618632,6541301.031132811,-104.28183360000048,0.5413533834586466,2026-02-17 16:49:00+00:00,surfline_trevone_20260217_1649
-553967.4647972358,6541300.764643167,-104.28183360000048,0.5438596491228069,2026-02-17 16:49:00+00:00,surfline_trevone_20260217_1649
-553967.9341937153,6541300.509178646,-104.28183360000048,0.5463659147869674,2026-02-17 16:49:00+00:00,surfline_trevone_20260217_1649
-553968.2666692222,6541300.213737217,-104.28183360000048,0.5488721804511278,2026-02-17 16:49:00+00:00,surfline_trevone_20260217_1649
-553968.5093886873,6541299.892089664,-104.28183360000048,0.5513784461152882,2026-02-17 16:49:00+00:00,surfline_trevone_20260217_1649
-553968.7336927617,6541299.565065335,-104.28183360000048,0.5538847117794485,2026-02-17 16:49:00+00:00,surfline_trevone_20260217_1649
-553968.9789872738,6541299.24416958,-104.28183360000048,0.556390977443609,2026-02-17 16:49:00+00:00,surfline_trevone_20260217_1649
-553969.2573702914,6541298.932934724,-104.28183360000048,0.5588972431077694,2026-02-17 16:49:00+00:00,surfline_trevone_20260217_1649
-553969.5728689288,6541298.632536565,-104.28183360000048,0.5614035087719298,2026-02-17 16:49:00+00:00,surfline_trevone_20260217_1649
-553969.910285741,6541298.338537852,-104.28183360000048,0.5639097744360901,2026-02-17 16:49:00+00:00,surfline_trevone_20260217_1649
-553970.2238725517,6541298.037581456,-104.28183360000048,0.5664160401002506,2026-02-17 16:49:00+00:00,surfline_trevone_20260217_1649
-553970.5072563434,6541297.72780668,-104.28183360000048,0.568922305764411,2026-02-17 16:49:00+00:00,surfline_trevone_20260217_1649
-553970.8003621809,6541297.420870476,-104.28183360000048,0.5714285714285714,2026-02-17 16:49:00+00:00,surfline_trevone_20260217_1649
-553971.0614660344,6541297.104590607,-104.28183360000048,0.5739348370927317,2026-02-17 16:49:00+00:00,surfline_trevone_20260217_1649
-553971.2588481528,6541296.769705834,-104.28183360000048,0.5764411027568922,2026-02-17 16:49:00+00:00,surfline_trevone_20260217_1649
-553971.4573917912,6541296.435160209,-104.28183360000048,0.5789473684210527,2026-02-17 16:49:00+00:00,surfline_trevone_20260217_1649
-553971.6645262918,6541296.103122884,-104.28183360000048,0.581453634085213,2026-02-17 16:49:00+00:00,surfline_trevone_20260217_1649
-553971.8613141468,6541295.768064622,-104.28183360000048,0.5839598997493733,2026-02-17 16:49:00+00:00,surfline_trevone_20260217_1649
-553972.0519028786,6541295.431196378,-104.28183360000048,0.5864661654135338,2026-02-17 16:49:00+00:00,surfline_trevone_20260217_1649
-553972.2357251938,6541295.092352576,-104.28183360000048,0.5889724310776943,2026-02-17 16:49:00+00:00,surfline_trevone_20260217_1649
-553972.4131529874,6541294.75164174,-104.28183360000048,0.5914786967418546,2026-02-17 16:49:00+00:00,surfline_trevone_20260217_1649
-553972.5879914184,6541294.410174868,-104.28183360000048,0.593984962406015,2026-02-17 16:49:00+00:00,surfline_trevone_20260217_1649
-553972.7794810367,6541294.073569676,-104.28183360000048,0.5964912280701754,2026-02-17 16:49:00+00:00,surfline_trevone_20260217_1649
-553972.9760162951,6541293.73843769,-104.28183360000048,0.5989974937343359,2026-02-17 16:49:00+00:00,surfline_trevone_20260217_1649
-553973.1769283435,6541293.404583563,-104.28183360000048,0.6015037593984962,2026-02-17 16:49:00+00:00,surfline_trevone_20260217_1649
-553973.388106899,6541293.0737269465,-104.28183360000048,0.6040100250626566,2026-02-17 16:49:00+00:00,surfline_trevone_20260217_1649
-553973.5975421515,6541292.742361356,-104.28183360000048,0.606516290726817,2026-02-17 16:49:00+00:00,surfline_trevone_20260217_1649
-553973.7954352486,6541292.407625811,-104.28183360000048,0.6090225563909775,2026-02-17 16:49:00+00:00,surfline_trevone_20260217_1649
-553973.9826433918,6541292.069770552,-104.28183360000048,0.6115288220551378,2026-02-17 16:49:00+00:00,surfline_trevone_20260217_1649
-553974.1654187752,6541291.730621039,-104.28183360000048,0.6140350877192982,2026-02-17 16:49:00+00:00,surfline_trevone_20260217_1649
-553974.3551512145,6541291.393502802,-104.28183360000048,0.6165413533834586,2026-02-17 16:49:00+00:00,surfline_trevone_20260217_1649
-553974.5467249407,6541291.056922184,-104.28183360000048,0.6190476190476191,2026-02-17 16:49:00+00:00,surfline_trevone_20260217_1649
-553974.7067736919,6541290.711137176,-104.28183360000048,0.6215538847117794,2026-02-17 16:49:00+00:00,surfline_trevone_20260217_1649
-553974.8366486294,6541290.356542277,-104.28183360000048,0.6240601503759398,2026-02-17 16:49:00+00:00,surfline_trevone_20260217_1649
-553974.9601765353,6541290.000094248,-104.28183360000048,0.6265664160401002,2026-02-17 16:49:00+00:00,surfline_trevone_20260217_1649
-553975.0524976766,6541289.634534774,-104.28183360000048,0.6290726817042607,2026-02-17 16:49:00+00:00,surfline_trevone_20260217_1649
-553975.1709858275,6541289.276615283,-104.28183360000048,0.631578947368421,2026-02-17 16:49:00+00:00,surfline_trevone_20260217_1649
-553975.3287506968,6541288.93016343,-104.28183360000048,0.6340852130325814,2026-02-17 16:49:00+00:00,surfline_trevone_20260217_1649
-553975.4726681769,6541288.579668562,-104.28183360000048,0.6365914786967418,2026-02-17 16:49:00+00:00,surfline_trevone_20260217_1649
-553975.4469304801,6541288.179639354,-104.28183360000048,0.6390977443609023,2026-02-17 16:49:00+00:00,surfline_trevone_20260217_1649
-553975.3353822335,6541287.754555951,-104.28183360000048,0.6416040100250626,2026-02-17 16:49:00+00:00,surfline_trevone_20260217_1649
-553975.1939808008,6541287.320756271,-104.28183360000048,0.644110275689223,2026-02-17 16:49:00+00:00,surfline_trevone_20260217_1649
-553975.0530743535,6541286.887101149,-104.28183360000048,0.6466165413533834,2026-02-17 16:49:00+00:00,surfline_trevone_20260217_1649
-553974.8763015224,6541286.442974071,-104.28183360000048,0.6491228070175439,2026-02-17 16:49:00+00:00,surfline_trevone_20260217_1649
-553974.7768778576,6541286.021430674,-104.28183360000048,0.6516290726817042,2026-02-17 16:49:00+00:00,surfline_trevone_20260217_1649
-553974.6398307515,6541285.588902349,-104.28183360000048,0.6541353383458646,2026-02-17 16:49:00+00:00,surfline_trevone_20260217_1649
-553974.5033570894,6541285.156541471,-104.28183360000048,0.656641604010025,2026-02-17 16:49:00+00:00,surfline_trevone_20260217_1649
-553974.3669472818,6541284.724199219,-104.28183360000048,0.6591478696741855,2026-02-17 16:49:00+00:00,surfline_trevone_20260217_1649
-553974.2305793985,6541284.291869187,-104.28183360000048,0.6616541353383458,2026-02-17 16:49:00+00:00,surfline_trevone_20260217_1649
-553974.0940348221,6541283.859487586,-104.28183360000048,0.6641604010025062,2026-02-17 16:49:00+00:00,surfline_trevone_20260217_1649
-553973.9253889882,6541283.417733382,-104.28183360000048,0.6666666666666666,2026-02-17 16:49:00+00:00,surfline_trevone_20260217_1649
-553973.7346539757,6541282.969529747,-104.28183360000048,0.6691729323308271,2026-02-17 16:49:00+00:00,surfline_trevone_20260217_1649
-553973.5603243661,6541282.526116,-104.28183360000048,0.6716791979949874,2026-02-17 16:49:00+00:00,surfline_trevone_20260217_1649
-553973.3940552906,6541282.085055713,-104.28183360000048,0.6741854636591478,2026-02-17 16:49:00+00:00,surfline_trevone_20260217_1649
-553973.2292872018,6541281.644433689,-104.28183360000048,0.6766917293233082,2026-02-17 16:49:00+00:00,surfline_trevone_20260217_1649
-553973.053136022,6541281.200488116,-104.28183360000048,0.6791979949874687,2026-02-17 16:49:00+00:00,surfline_trevone_20260217_1649
-553972.8753286252,6541280.756058956,-104.28183360000048,0.681704260651629,2026-02-17 16:49:00+00:00,surfline_trevone_20260217_1649
-553972.6684465833,6541280.303140868,-104.28183360000048,0.6842105263157894,2026-02-17 16:49:00+00:00,surfline_trevone_20260217_1649
-553972.4821285595,6541279.856226893,-104.28183360000048,0.6867167919799498,2026-02-17 16:49:00+00:00,surfline_trevone_20260217_1649
-553972.31131574,6541279.413839965,-104.28183360000048,0.6892230576441103,2026-02-17 16:49:00+00:00,surfline_trevone_20260217_1649
-553972.1503857898,6541278.974338526,-104.28183360000048,0.6917293233082706,2026-02-17 16:49:00+00:00,surfline_trevone_20260217_1649
-553972.0034276419,6541278.538916466,-104.28183360000048,0.694235588972431,2026-02-17 16:49:00+00:00,surfline_trevone_20260217_1649
-553971.8659930588,6541278.1062750295,-104.28183360000048,0.6967418546365914,2026-02-17 16:49:00+00:00,surfline_trevone_20260217_1649
-553971.7348982241,6541277.675484593,-104.28183360000048,0.6992481203007519,2026-02-17 16:49:00+00:00,surfline_trevone_20260217_1649
-553971.6066969768,6541277.24553898,-104.28183360000048,0.7017543859649122,2026-02-17 16:49:00+00:00,surfline_trevone_20260217_1649
-553971.4836033332,6541276.817084679,-104.28183360000048,0.7042606516290726,2026-02-17 16:49:00+00:00,surfline_trevone_20260217_1649
-553971.094758867,6541276.311038875,-104.28183360000048,0.706766917293233,2026-02-17 16:49:00+00:00,surfline_trevone_20260217_1649
-553970.9132627221,6541275.8655327065,-104.28183360000048,0.7092731829573935,2026-02-17 16:49:00+00:00,surfline_trevone_20260217_1649
-553970.289898125,6541275.291013871,-104.28183360000048,0.7117794486215538,2026-02-17 16:49:00+00:00,surfline_trevone_20260217_1649
-553969.6521130297,6541274.7122846935,-104.28183360000048,0.7142857142857142,2026-02-17 16:49:00+00:00,surfline_trevone_20260217_1649
-553969.5497714997,6541274.289889382,-104.28183360000048,0.7167919799498746,2026-02-17 16:49:00+00:00,surfline_trevone_20260217_1649
-553969.447429988,6541273.867494055,-104.28183360000048,0.7192982456140351,2026-02-17 16:49:00+00:00,surfline_trevone_20260217_1649
-553969.2430158107,6541273.415296512,-104.28183360000048,0.7218045112781954,2026-02-17 16:49:00+00:00,surfline_trevone_20260217_1649
-553968.8826047487,6541272.917552454,-104.28183360000048,0.7243107769423558,2026-02-17 16:49:00+00:00,surfline_trevone_20260217_1649
-553966.9806605133,6541271.969725689,-104.28183360000048,0.7268170426065163,2026-02-17 16:49:00+00:00,surfline_trevone_20260217_1649
-553966.8281564978,6541271.532684375,-104.28183360000048,0.7293233082706767,2026-02-17 16:49:00+00:00,surfline_trevone_20260217_1649
-553966.7708281685,6541271.123431605,-104.28183360000048,0.731829573934837,2026-02-17 16:49:00+00:00,surfline_trevone_20260217_1649
-553966.7818431931,6541270.734133134,-104.28183360000048,0.7343358395989974,2026-02-17 16:49:00+00:00,surfline_trevone_20260217_1649
-553966.7944735233,6541270.345306239,-104.28183360000048,0.7368421052631579,2026-02-17 16:49:00+00:00,surfline_trevone_20260217_1649
-553966.8457308746,6541269.967757295,-104.28183360000048,0.7393483709273183,2026-02-17 16:49:00+00:00,surfline_trevone_20260217_1649
-553966.898313751,6541269.59059539,-104.28183360000048,0.7418546365914787,2026-02-17 16:49:00+00:00,surfline_trevone_20260217_1649
-553967.0100608784,6541269.230707741,-104.28183360000048,0.744360902255639,2026-02-17 16:49:00+00:00,surfline_trevone_20260217_1649
-553967.1996306257,6541268.893542001,-104.28183360000048,0.7468671679197995,2026-02-17 16:49:00+00:00,surfline_trevone_20260217_1649
-553967.4026548652,6541268.560304558,-104.28183360000048,0.7493734335839599,2026-02-17 16:49:00+00:00,surfline_trevone_20260217_1649
-553967.5608774618,6541268.213986367,-104.28183360000048,0.7518796992481203,2026-02-17 16:49:00+00:00,surfline_trevone_20260217_1649
-553967.7036006978,6541267.863142838,-104.28183360000048,0.7543859649122806,2026-02-17 16:49:00+00:00,surfline_trevone_20260217_1649
-553967.8469492615,6541267.512481862,-104.28183360000048,0.7568922305764411,2026-02-17 16:49:00+00:00,surfline_trevone_20260217_1649
-553968.020086912,6541267.170518407,-104.28183360000048,0.7593984962406015,2026-02-17 16:49:00+00:00,surfline_trevone_20260217_1649
-553968.2081054118,6541266.832899749,-104.28183360000048,0.7619047619047619,2026-02-17 16:49:00+00:00,surfline_trevone_20260217_1649
-553968.4080730894,6541266.498769926,-104.28183360000048,0.7644110275689222,2026-02-17 16:49:00+00:00,surfline_trevone_20260217_1649
-553968.6175710566,6541266.167422645,-104.28183360000048,0.7669172932330827,2026-02-17 16:49:00+00:00,surfline_trevone_20260217_1649
-553968.807225817,6541265.830281705,-104.28183360000048,0.7694235588972431,2026-02-17 16:49:00+00:00,surfline_trevone_20260217_1649
-553968.9595562423,6541265.482243194,-104.28183360000048,0.7719298245614035,2026-02-17 16:49:00+00:00,surfline_trevone_20260217_1649
-553969.0054471054,6541265.103127414,-104.28183360000048,0.7744360902255638,2026-02-17 16:49:00+00:00,surfline_trevone_20260217_1649
-553969.162403198,6541264.756439418,-104.28183360000048,0.7769423558897243,2026-02-17 16:49:00+00:00,surfline_trevone_20260217_1649
-553969.4527725123,6541264.44870421,-104.28183360000048,0.7794486215538847,2026-02-17 16:49:00+00:00,surfline_trevone_20260217_1649
-553969.7631617333,6541264.146814253,-104.28183360000048,0.7819548872180451,2026-02-17 16:49:00+00:00,surfline_trevone_20260217_1649
-553970.1367925229,6541263.863388965,-104.28183360000048,0.7844611528822054,2026-02-17 16:49:00+00:00,surfline_trevone_20260217_1649
-553970.5428536814,6541263.589432376,-104.28183360000048,0.7869674185463659,2026-02-17 16:49:00+00:00,surfline_trevone_20260217_1649
-553970.8433556554,6541263.284655609,-104.28183360000048,0.7894736842105263,2026-02-17 16:49:00+00:00,surfline_trevone_20260217_1649
-553971.1780356043,6541262.989857836,-104.28183360000048,0.7919799498746867,2026-02-17 16:49:00+00:00,surfline_trevone_20260217_1649
-553971.4304075129,6541262.671028494,-104.28183360000048,0.794486215538847,2026-02-17 16:49:00+00:00,surfline_trevone_20260217_1649
-553971.6767879459,6541262.350449794,-104.28183360000048,0.7969924812030075,2026-02-17 16:49:00+00:00,surfline_trevone_20260217_1649
-553972.0466035132,6541262.065910573,-104.28183360000048,0.7994987468671679,2026-02-17 16:49:00+00:00,surfline_trevone_20260217_1649
-553972.4012942024,6541261.7769553615,-104.28183360000048,0.8020050125313283,2026-02-17 16:49:00+00:00,surfline_trevone_20260217_1649
-553972.7398687246,6541261.4832946565,-104.28183360000048,0.8045112781954886,2026-02-17 16:49:00+00:00,surfline_trevone_20260217_1649
-553973.1513509117,6541261.21092085,-104.28183360000048,0.8070175438596491,2026-02-17 16:49:00+00:00,surfline_trevone_20260217_1649
-553973.6293889057,6541260.957979418,-104.28183360000048,0.8095238095238095,2026-02-17 16:49:00+00:00,surfline_trevone_20260217_1649
-553974.0978122102,6541260.7022308,-104.28183360000048,0.8120300751879699,2026-02-17 16:49:00+00:00,surfline_trevone_20260217_1649
-553974.6038450918,6541260.457463057,-104.28183360000048,0.8145363408521302,2026-02-17 16:49:00+00:00,surfline_trevone_20260217_1649
-553975.0607284028,6541260.198345053,-104.28183360000048,0.8170426065162907,2026-02-17 16:49:00+00:00,surfline_trevone_20260217_1649
-553975.4969728764,6541259.933201133,-104.28183360000048,0.8195488721804511,2026-02-17 16:49:00+00:00,surfline_trevone_20260217_1649
-553975.976959912,6541259.680828786,-104.28183360000048,0.8220551378446115,2026-02-17 16:49:00+00:00,surfline_trevone_20260217_1649
-553976.4563798001,6541259.428290826,-104.28183360000048,0.8245614035087718,2026-02-17 16:49:00+00:00,surfline_trevone_20260217_1649
-553976.8693034059,6541259.156337873,-104.28183360000048,0.8270676691729323,2026-02-17 16:49:00+00:00,surfline_trevone_20260217_1649
-553976.8693034059,6541259.156337873,-104.28183360000048,0.8295739348370927,2026-02-17 16:49:00+00:00,surfline_trevone_20260217_1649
-553976.8693034059,6541259.156337873,-104.28183360000048,0.8320802005012531,2026-02-17 16:49:00+00:00,surfline_trevone_20260217_1649
-553976.8693034059,6541259.156337873,-104.28183360000048,0.8345864661654134,2026-02-17 16:49:00+00:00,surfline_trevone_20260217_1649
-553976.8693034059,6541259.156337873,-104.28183360000048,0.8370927318295739,2026-02-17 16:49:00+00:00,surfline_trevone_20260217_1649
-553976.8693034059,6541259.156337873,-104.28183360000048,0.8395989974937343,2026-02-17 16:49:00+00:00,surfline_trevone_20260217_1649
-553976.8693034059,6541259.156337873,-104.28183360000048,0.8421052631578947,2026-02-17 16:49:00+00:00,surfline_trevone_20260217_1649
-553976.8693034059,6541259.156337873,-104.28183360000048,0.844611528822055,2026-02-17 16:49:00+00:00,surfline_trevone_20260217_1649
-553976.8693034059,6541259.156337873,-104.28183360000048,0.8471177944862155,2026-02-17 16:49:00+00:00,surfline_trevone_20260217_1649
-553976.8693034059,6541259.156337873,-104.28183360000048,0.849624060150376,2026-02-17 16:49:00+00:00,surfline_trevone_20260217_1649
-553976.8693034059,6541259.156337873,-104.28183360000048,0.8521303258145363,2026-02-17 16:49:00+00:00,surfline_trevone_20260217_1649
-553976.8693034059,6541259.156337873,-104.28183360000048,0.8546365914786966,2026-02-17 16:49:00+00:00,surfline_trevone_20260217_1649
-553976.8693034059,6541259.156337873,-104.28183360000048,0.8571428571428571,2026-02-17 16:49:00+00:00,surfline_trevone_20260217_1649
-553976.8693034059,6541259.156337873,-104.28183360000048,0.8596491228070176,2026-02-17 16:49:00+00:00,surfline_trevone_20260217_1649
-553976.8693034059,6541259.156337873,-104.28183360000048,0.8621553884711779,2026-02-17 16:49:00+00:00,surfline_trevone_20260217_1649
-553976.8693034059,6541259.156337873,-104.28183360000048,0.8646616541353382,2026-02-17 16:49:00+00:00,surfline_trevone_20260217_1649
-553976.8693034059,6541259.156337873,-104.28183360000048,0.8671679197994987,2026-02-17 16:49:00+00:00,surfline_trevone_20260217_1649
-553976.8693034059,6541259.156337873,-104.28183360000048,0.8696741854636592,2026-02-17 16:49:00+00:00,surfline_trevone_20260217_1649
-553976.8693034059,6541259.156337873,-104.28183360000048,0.8721804511278195,2026-02-17 16:49:00+00:00,surfline_trevone_20260217_1649
-553976.8693034059,6541259.156337873,-104.28183360000048,0.8746867167919798,2026-02-17 16:49:00+00:00,surfline_trevone_20260217_1649
-553976.8693034059,6541259.156337873,-104.28183360000048,0.8771929824561403,2026-02-17 16:49:00+00:00,surfline_trevone_20260217_1649
-553976.8693034059,6541259.156337873,-104.28183360000048,0.8796992481203008,2026-02-17 16:49:00+00:00,surfline_trevone_20260217_1649
-553976.8693034059,6541259.156337873,-104.28183360000048,0.8822055137844611,2026-02-17 16:49:00+00:00,surfline_trevone_20260217_1649
-553976.8693034059,6541259.156337873,-104.28183360000048,0.8847117794486214,2026-02-17 16:49:00+00:00,surfline_trevone_20260217_1649
-553976.8693034059,6541259.156337873,-104.28183360000048,0.8872180451127819,2026-02-17 16:49:00+00:00,surfline_trevone_20260217_1649
-553976.8693034059,6541259.156337873,-104.28183360000048,0.8897243107769424,2026-02-17 16:49:00+00:00,surfline_trevone_20260217_1649
-553976.8693034059,6541259.156337873,-104.28183360000048,0.8922305764411027,2026-02-17 16:49:00+00:00,surfline_trevone_20260217_1649
-553976.8693034059,6541259.156337873,-104.28183360000048,0.894736842105263,2026-02-17 16:49:00+00:00,surfline_trevone_20260217_1649
-553976.8693034059,6541259.156337873,-104.28183360000048,0.8972431077694235,2026-02-17 16:49:00+00:00,surfline_trevone_20260217_1649
-553976.8693034059,6541259.156337873,-104.28183360000048,0.899749373433584,2026-02-17 16:49:00+00:00,surfline_trevone_20260217_1649
-553976.8693034059,6541259.156337873,-104.28183360000048,0.9022556390977443,2026-02-17 16:49:00+00:00,surfline_trevone_20260217_1649
-553976.8693034059,6541259.156337873,-104.28183360000048,0.9047619047619047,2026-02-17 16:49:00+00:00,surfline_trevone_20260217_1649
-553976.8693034059,6541259.156337873,-104.28183360000048,0.9072681704260651,2026-02-17 16:49:00+00:00,surfline_trevone_20260217_1649
-553976.8693034059,6541259.156337873,-104.28183360000048,0.9097744360902256,2026-02-17 16:49:00+00:00,surfline_trevone_20260217_1649
-553976.8693034059,6541259.156337873,-104.28183360000048,0.9122807017543859,2026-02-17 16:49:00+00:00,surfline_trevone_20260217_1649
-553976.8693034059,6541259.156337873,-104.28183360000048,0.9147869674185463,2026-02-17 16:49:00+00:00,surfline_trevone_20260217_1649
-553976.8693034059,6541259.156337873,-104.28183360000048,0.9172932330827067,2026-02-17 16:49:00+00:00,surfline_trevone_20260217_1649
-553976.8693034059,6541259.156337873,-104.28183360000048,0.9197994987468672,2026-02-17 16:49:00+00:00,surfline_trevone_20260217_1649
-553976.8693034059,6541259.156337873,-104.28183360000048,0.9223057644110275,2026-02-17 16:49:00+00:00,surfline_trevone_20260217_1649
-553976.8693034059,6541259.156337873,-104.28183360000048,0.9248120300751879,2026-02-17 16:49:00+00:00,surfline_trevone_20260217_1649
-553976.8693034059,6541259.156337873,-104.28183360000048,0.9273182957393483,2026-02-17 16:49:00+00:00,surfline_trevone_20260217_1649
-553976.8693034059,6541259.156337873,-104.28183360000048,0.9298245614035088,2026-02-17 16:49:00+00:00,surfline_trevone_20260217_1649
-553976.8693034059,6541259.156337873,-104.28183360000048,0.9323308270676691,2026-02-17 16:49:00+00:00,surfline_trevone_20260217_1649
-553976.8693034059,6541259.156337873,-104.28183360000048,0.9348370927318295,2026-02-17 16:49:00+00:00,surfline_trevone_20260217_1649
-553976.8693034059,6541259.156337873,-104.28183360000048,0.9373433583959899,2026-02-17 16:49:00+00:00,surfline_trevone_20260217_1649
-553976.8693034059,6541259.156337873,-104.28183360000048,0.9398496240601504,2026-02-17 16:49:00+00:00,surfline_trevone_20260217_1649
-553976.8693034059,6541259.156337873,-104.28183360000048,0.9423558897243107,2026-02-17 16:49:00+00:00,surfline_trevone_20260217_1649
-553976.8693034059,6541259.156337873,-104.28183360000048,0.9448621553884711,2026-02-17 16:49:00+00:00,surfline_trevone_20260217_1649
-553976.8693034059,6541259.156337873,-104.28183360000048,0.9473684210526315,2026-02-17 16:49:00+00:00,surfline_trevone_20260217_1649
-553976.8693034059,6541259.156337873,-104.28183360000048,0.949874686716792,2026-02-17 16:49:00+00:00,surfline_trevone_20260217_1649
-553976.8693034059,6541259.156337873,-104.28183360000048,0.9523809523809523,2026-02-17 16:49:00+00:00,surfline_trevone_20260217_1649
-553976.8693034059,6541259.156337873,-104.28183360000048,0.9548872180451127,2026-02-17 16:49:00+00:00,surfline_trevone_20260217_1649
-553976.8693034059,6541259.156337873,-104.28183360000048,0.9573934837092731,2026-02-17 16:49:00+00:00,surfline_trevone_20260217_1649
-553976.8693034059,6541259.156337873,-104.28183360000048,0.9598997493734336,2026-02-17 16:49:00+00:00,surfline_trevone_20260217_1649
-553976.8693034059,6541259.156337873,-104.28183360000048,0.9624060150375939,2026-02-17 16:49:00+00:00,surfline_trevone_20260217_1649
-553976.8693034059,6541259.156337873,-104.28183360000048,0.9649122807017543,2026-02-17 16:49:00+00:00,surfline_trevone_20260217_1649
-553976.8693034059,6541259.156337873,-104.28183360000048,0.9674185463659147,2026-02-17 16:49:00+00:00,surfline_trevone_20260217_1649
-553976.8693034059,6541259.156337873,-104.28183360000048,0.9699248120300752,2026-02-17 16:49:00+00:00,surfline_trevone_20260217_1649
-553976.8693034059,6541259.156337873,-104.28183360000048,0.9724310776942355,2026-02-17 16:49:00+00:00,surfline_trevone_20260217_1649
-553976.8693034059,6541259.156337873,-104.28183360000048,0.9749373433583959,2026-02-17 16:49:00+00:00,surfline_trevone_20260217_1649
-553976.8693034059,6541259.156337873,-104.28183360000048,0.9774436090225563,2026-02-17 16:49:00+00:00,surfline_trevone_20260217_1649
-553976.8693034059,6541259.156337873,-104.28183360000048,0.9799498746867168,2026-02-17 16:49:00+00:00,surfline_trevone_20260217_1649
-553976.8693034059,6541259.156337873,-104.28183360000048,0.9824561403508771,2026-02-17 16:49:00+00:00,surfline_trevone_20260217_1649
-553976.8693034059,6541259.156337873,-104.28183360000048,0.9849624060150375,2026-02-17 16:49:00+00:00,surfline_trevone_20260217_1649
-553976.8693034059,6541259.156337873,-104.28183360000048,0.9874686716791979,2026-02-17 16:49:00+00:00,surfline_trevone_20260217_1649
-553976.8693034059,6541259.156337873,-104.28183360000048,0.9899749373433584,2026-02-17 16:49:00+00:00,surfline_trevone_20260217_1649
-553976.8693034059,6541259.156337873,-104.28183360000048,0.9924812030075187,2026-02-17 16:49:00+00:00,surfline_trevone_20260217_1649
-553976.8693034059,6541259.156337873,-104.28183360000048,0.9949874686716791,2026-02-17 16:49:00+00:00,surfline_trevone_20260217_1649
-553976.8693034059,6541259.156337873,-104.28183360000048,0.9974937343358395,2026-02-17 16:49:00+00:00,surfline_trevone_20260217_1649
-553976.8693034059,6541259.156337873,-104.28183360000048,1.0,2026-02-17 16:49:00+00:00,surfline_trevone_20260217_1649
