ply
format ascii 1.0
element vertex 9494
property float x
property float y
property float z
element face 18600
property list uchar int vertex_indices
end_header
188925.000000 76020.000000 2.688000
188927.000000 76020.000000 2.688000
188929.000000 76020.000000 2.688000
188931.000000 76020.000000 2.688000
188933.000000 76020.000000 2.688000
188935.000000 76020.000000 2.688000
188937.000000 76020.000000 2.688000
188939.000000 76020.000000 2.688000
188941.000000 76020.000000 2.688000
188943.000000 76020.000000 2.688000
188945.000000 76020.000000 2.688000
188947.000000 76020.000000 2.688000
188949.000000 76020.000000 2.688000
188951.000000 76020.000000 2.688000
188953.000000 76020.000000 2.688000
188955.000000 76020.000000 2.688000
188957.000000 76020.000000 2.688000
188959.000000 76020.000000 2.688000
188961.000000 76020.000000 2.688221
188963.000000 76020.000000 2.690135
188965.000000 76020.000000 2.699258
188967.000000 76020.000000 2.729275
188969.000000 76020.000000 2.804473
188971.000000 76020.000000 2.954919
188973.000000 76020.000000 3.202357
188975.000000 76020.000000 3.542550
188977.000000 76020.000000 3.937477
188979.000000 76020.000000 4.326245
188981.000000 76020.000000 4.650773
188983.000000 76020.000000 4.879372
188985.000000 76020.000000 5.013908
188987.000000 76020.000000 5.078914
188989.000000 76020.000000 5.103983
188991.000000 76020.000000 5.111332
188993.000000 76020.000000 5.112827
188995.000000 76020.000000 5.112997
188997.000000 76020.000000 5.113000
188999.000000 76020.000000 5.113000
189001.000000 76020.000000 5.113000
189003.000000 76020.000000 5.113000
189005.000000 76020.000000 5.113000
189007.000000 76020.000000 5.113000
189009.000000 76020.000000 5.113000
189011.000000 76020.000000 5.113000
189013.000000 76020.000000 5.113000
189015.000000 76020.000000 5.113000
189017.000000 76020.000000 5.113000
189019.000000 76020.000000 5.113000
189021.000000 76020.000000 5.113000
189023.000000 76020.000000 5.113000
189025.000000 76020.000000 5.113000
189027.000000 76020.000000 5.113000
189029.000000 76020.000000 5.113000
189031.000000 76020.000000 5.113000
189033.000000 76020.000000 5.113000
189035.000000 76020.000000 5.113000
189037.000000 76020.000000 5.113000
189039.000000 76020.000000 5.113000
189041.000000 76020.000000 5.113000
189043.000000 76020.000000 5.113000
189045.000000 76020.000000 5.113000
189047.000000 76020.000000 5.113000
189049.000000 76020.000000 5.113000
189051.000000 76020.000000 5.113000
189053.000000 76020.000000 5.113000
189055.000000 76020.000000 5.113000
189057.000000 76020.000000 5.113000
189059.000000 76020.000000 5.113000
189061.000000 76020.000000 5.113000
189063.000000 76020.000000 5.113000
189065.000000 76020.000000 5.113000
189067.000000 76020.000000 5.113000
189069.000000 76020.000000 5.113000
189071.000000 76020.000000 5.113000
189073.000000 76020.000000 5.113000
189075.000000 76020.000000 5.113000
189077.000000 76020.000000 5.113000
189079.000000 76020.000000 5.113000
189081.000000 76020.000000 5.113000
189083.000000 76020.000000 5.113000
189085.000000 76020.000000 5.113000
189087.000000 76020.000000 5.113000
189089.000000 76020.000000 5.113000
189091.000000 76020.000000 5.113000
189093.000000 76020.000000 5.113000
189095.000000 76020.000000 5.113000
189097.000000 76020.000000 5.113000
189099.000000 76020.000000 5.113000
189101.000000 76020.000000 5.113000
189103.000000 76020.000000 5.113000
189105.000000 76020.000000 5.113000
189107.000000 76020.000000 5.113000
189109.000000 76020.000000 5.113000
189111.000000 76020.000000 5.113000
189113.000000 76020.000000 5.113000
189115.000000 76020.000000 5.113000
189117.000000 76020.000000 5.113000
189119.000000 76020.000000 5.113000
189121.000000 76020.000000 5.113000
189123.000000 76020.000000 5.113000
189125.000000 76020.000000 5.113000
188925.000000 76022.000000 2.688000
188927.000000 76022.000000 2.688000
188929.000000 76022.000000 2.688000
188931.000000 76022.000000 2.688000
188933.000000 76022.000000 2.688000
188935.000000 76022.000000 2.688000
188937.000000 76022.000000 2.688000
188939.000000 76022.000000 2.688000
188941.000000 76022.000000 2.688000
188943.000000 76022.000000 2.688000
188945.000000 76022.000000 2.688000
188947.000000 76022.000000 2.688000
188949.000000 76022.000000 2.688000
188951.000000 76022.000000 2.688000
188953.000000 76022.000000 2.688000
188955.000000 76022.000000 2.688000
188957.000000 76022.000000 2.688000
188959.000000 76022.000000 2.688000
188961.000000 76022.000000 2.688192
188963.000000 76022.000000 2.689898
188965.000000 76022.000000 2.698173
188967.000000 76022.000000 2.725833
188969.000000 76022.000000 2.796143
188971.000000 76022.000000 2.938817
188973.000000 76022.000000 3.176776
188975.000000 76022.000000 3.508623
188977.000000 76022.000000 3.899551
188979.000000 76022.000000 4.290398
188981.000000 76022.000000 4.622145
188983.000000 76022.000000 4.860184
188985.000000 76022.000000 5.003239
188987.000000 76022.000000 5.074097
188989.000000 76022.000000 5.102273
188991.000000 76022.000000 5.110884
188993.000000 76022.000000 5.112749
188995.000000 76022.000000 5.112991
188997.000000 76022.000000 5.113000
188999.000000 76022.000000 5.113000
189001.000000 76022.000000 5.113000
189003.000000 76022.000000 5.113000
189005.000000 76022.000000 5.113000
189007.000000 76022.000000 5.113000
189009.000000 76022.000000 5.113000
189011.000000 76022.000000 5.113000
189013.000000 76022.000000 5.113000
189015.000000 76022.000000 5.113000
189017.000000 76022.000000 5.113000
189019.000000 76022.000000 5.113000
189021.000000 76022.000000 5.113000
189023.000000 76022.000000 5.113000
189025.000000 76022.000000 5.113000
189027.000000 76022.000000 5.113000
189029.000000 76022.000000 5.113000
189031.000000 76022.000000 5.113000
189033.000000 76022.000000 5.113000
189035.000000 76022.000000 5.113000
189037.000000 76022.000000 5.113000
189039.000000 76022.000000 5.113000
189041.000000 76022.000000 5.113000
189043.000000 76022.000000 5.113000
189045.000000 76022.000000 5.113000
189047.000000 76022.000000 5.113000
189049.000000 76022.000000 5.113000
189051.000000 76022.000000 5.113000
189053.000000 76022.000000 5.113000
189055.000000 76022.000000 5.113000
189057.000000 76022.000000 5.113000
189059.000000 76022.000000 5.113000
189061.000000 76022.000000 5.113000
189063.000000 76022.000000 5.113000
189065.000000 76022.000000 5.113000
189067.000000 76022.000000 5.113000
189069.000000 76022.000000 5.113000
189071.000000 76022.000000 5.113000
189073.000000 76022.000000 5.113000
189075.000000 76022.000000 5.113000
189077.000000 76022.000000 5.113000
189079.000000 76022.000000 5.113000
189081.000000 76022.000000 5.113000
189083.000000 76022.000000 5.113000
189085.000000 76022.000000 5.113000
189087.000000 76022.000000 5.113000
189089.000000 76022.000000 5.113000
189091.000000 76022.000000 5.113000
189093.000000 76022.000000 5.113000
189095.000000 76022.000000 5.113000
189097.000000 76022.000000 5.113000
189099.000000 76022.000000 5.113000
189101.000000 76022.000000 5.113000
189103.000000 76022.000000 5.113000
189105.000000 76022.000000 5.113000
189107.000000 76022.000000 5.113000
189109.000000 76022.000000 5.113000
189111.000000 76022.000000 5.113000
189113.000000 76022.000000 5.113000
189115.000000 76022.000000 5.113000
189117.000000 76022.000000 5.113000
189119.000000 76022.000000 5.113000
189121.000000 76022.000000 5.113000
189123.000000 76022.000000 5.113000
189125.000000 76022.000000 5.113000
188925.000000 76024.000000 2.688000
188927.000000 76024.000000 2.688000
188929.000000 76024.000000 2.688000
188931.000000 76024.000000 2.688000
188933.000000 76024.000000 2.688000
188935.000000 76024.000000 2.688000
188937.000000 76024.000000 2.688000
188939.000000 76024.000000 2.688000
188941.000000 76024.000000 2.688000
188943.000000 76024.000000 2.688000
188945.000000 76024.000000 2.688000
188947.000000 76024.000000 2.688000
188949.000000 76024.000000 2.688000
188951.000000 76024.000000 2.688000
188953.000000 76024.000000 2.688000
188955.000000 76024.000000 2.688000
188957.000000 76024.000000 2.688000
188959.000000 76024.000000 2.688000
188961.000000 76024.000000 2.688145
188963.000000 76024.000000 2.689504
188965.000000 76024.000000 2.696347
188967.000000 76024.000000 2.719986
188969.000000 76024.000000 2.781853
188971.000000 76024.000000 2.910917
188973.000000 76024.000000 3.131989
188975.000000 76024.000000 3.448557
188977.000000 76024.000000 3.831584
188979.000000 76024.000000 4.225279
188981.000000 76024.000000 4.569335
188983.000000 76024.000000 4.824144
188985.000000 76024.000000 4.982759
188987.000000 76024.000000 5.064593
188989.000000 76024.000000 5.098776
188991.000000 76024.000000 5.109917
188993.000000 76024.000000 5.112566
188995.000000 76024.000000 5.112972
188997.000000 76024.000000 5.112999
188999.000000 76024.000000 5.113000
189001.000000 76024.000000 5.113000
189003.000000 76024.000000 5.113000
189005.000000 76024.000000 5.113000
189007.000000 76024.000000 5.113000
189009.000000 76024.000000 5.113000
189011.000000 76024.000000 5.113000
189013.000000 76024.000000 5.113000
189015.000000 76024.000000 5.113000
189017.000000 76024.000000 5.113000
189019.000000 76024.000000 5.113000
189021.000000 76024.000000 5.113000
189023.000000 76024.000000 5.113000
189025.000000 76024.000000 5.113000
189027.000000 76024.000000 5.113000
189029.000000 76024.000000 5.113000
189031.000000 76024.000000 5.113000
189033.000000 76024.000000 5.113000
189035.000000 76024.000000 5.113000
189037.000000 76024.000000 5.113000
189039.000000 76024.000000 5.113000
189041.000000 76024.000000 5.113000
189043.000000 76024.000000 5.113000
189045.000000 76024.000000 5.113000
189047.000000 76024.000000 5.113000
189049.000000 76024.000000 5.113000
189051.000000 76024.000000 5.113000
189053.000000 76024.000000 5.113000
189055.000000 76024.000000 5.113000
189057.000000 76024.000000 5.113000
189059.000000 76024.000000 5.113000
189061.000000 76024.000000 5.113000
189063.000000 76024.000000 5.113000
189065.000000 76024.000000 5.113000
189067.000000 76024.000000 5.113000
189069.000000 76024.000000 5.113000
189071.000000 76024.000000 5.113000
189073.000000 76024.000000 5.113000
189075.000000 76024.000000 5.113000
189077.000000 76024.000000 5.113000
189079.000000 76024.000000 5.113000
189081.000000 76024.000000 5.113000
189083.000000 76024.000000 5.113000
189085.000000 76024.000000 5.113000
189087.000000 76024.000000 5.113000
189089.000000 76024.000000 5.113000
189091.000000 76024.000000 5.113000
189093.000000 76024.000000 5.113000
189095.000000 76024.000000 5.113000
189097.000000 76024.000000 5.113000
189099.000000 76024.000000 5.113000
189101.000000 76024.000000 5.113000
189103.000000 76024.000000 5.113000
189105.000000 76024.000000 5.113000
189107.000000 76024.000000 5.113000
189109.000000 76024.000000 5.113000
189111.000000 76024.000000 5.113000
189113.000000 76024.000000 5.113000
189115.000000 76024.000000 5.113000
189117.000000 76024.000000 5.113000
189119.000000 76024.000000 5.113000
189121.000000 76024.000000 5.113000
189123.000000 76024.000000 5.113000
189125.000000 76024.000000 5.113000
188925.000000 76026.000000 2.688000
188927.000000 76026.000000 2.688000
188929.000000 76026.000000 2.688000
188931.000000 76026.000000 2.688000
188933.000000 76026.000000 2.688000
188935.000000 76026.000000 2.688000
188937.000000 76026.000000 2.688000
188939.000000 76026.000000 2.688000
188941.000000 76026.000000 2.688000
188943.000000 76026.000000 2.688000
188945.000000 76026.000000 2.688000
188947.000000 76026.000000 2.688000
188949.000000 76026.000000 2.688000
188951.000000 76026.000000 2.688000
188953.000000 76026.000000 2.688000
188955.000000 76026.000000 2.688000
188957.000000 76026.000000 2.688000
188959.000000 76026.000000 2.688000
188961.000000 76026.000000 2.688094
188963.000000 76026.000000 2.689068
188965.000000 76026.000000 2.694285
188967.000000 76026.000000 2.713244
188969.000000 76026.000000 2.765053
188971.000000 76026.000000 2.877471
188973.000000 76026.000000 3.077213
188975.000000 76026.000000 3.373535
188977.000000 76026.000000 3.744772
188979.000000 76026.000000 4.140047
188981.000000 76026.000000 4.498317
188983.000000 76026.000000 4.774157
188985.000000 76026.000000 4.953313
188987.000000 76026.000000 5.050314
188989.000000 76026.000000 5.093223
188991.000000 76026.000000 5.108260
188993.000000 76026.000000 5.112215
188995.000000 76026.000000 5.112927
188997.000000 76026.000000 5.112997
188999.000000 76026.000000 5.113000
189001.000000 76026.000000 5.113000
189003.000000 76026.000000 5.113000
189005.000000 76026.000000 5.113000
189007.000000 76026.000000 5.113000
189009.000000 76026.000000 5.113000
189011.000000 76026.000000 5.113000
189013.000000 76026.000000 5.113000
189015.000000 76026.000000 5.113000
189017.000000 76026.000000 5.113000
189019.000000 76026.000000 5.113000
189021.000000 76026.000000 5.113000
189023.000000 76026.000000 5.113000
189025.000000 76026.000000 5.113000
189027.000000 76026.000000 5.113000
189029.000000 76026.000000 5.113000
189031.000000 76026.000000 5.113000
189033.000000 76026.000000 5.113000
189035.000000 76026.000000 5.113000
189037.000000 76026.000000 5.113000
189039.000000 76026.000000 5.113000
189041.000000 76026.000000 5.113000
189043.000000 76026.000000 5.113000
189045.000000 76026.000000 5.113000
189047.000000 76026.000000 5.113000
189049.000000 76026.000000 5.113000
189051.000000 76026.000000 5.113000
189053.000000 76026.000000 5.113000
189055.000000 76026.000000 5.113000
189057.000000 76026.000000 5.113000
189059.000000 76026.000000 5.113000
189061.000000 76026.000000 5.113000
189063.000000 76026.000000 5.113000
189065.000000 76026.000000 5.113000
189067.000000 76026.000000 5.113000
189069.000000 76026.000000 5.113000
189071.000000 76026.000000 5.113000
189073.000000 76026.000000 5.113000
189075.000000 76026.000000 5.113000
189077.000000 76026.000000 5.113000
189079.000000 76026.000000 5.113000
189081.000000 76026.000000 5.113000
189083.000000 76026.000000 5.113000
189085.000000 76026.000000 5.113000
189087.000000 76026.000000 5.113000
189089.000000 76026.000000 5.113000
189091.000000 76026.000000 5.113000
189093.000000 76026.000000 5.113000
189095.000000 76026.000000 5.113000
189097.000000 76026.000000 5.113000
189099.000000 76026.000000 5.113000
189101.000000 76026.000000 5.113000
189103.000000 76026.000000 5.113000
189105.000000 76026.000000 5.113000
189107.000000 76026.000000 5.113000
189109.000000 76026.000000 5.113000
189111.000000 76026.000000 5.113000
189113.000000 76026.000000 5.113000
189115.000000 76026.000000 5.113000
189117.000000 76026.000000 5.113000
189119.000000 76026.000000 5.113000
189121.000000 76026.000000 5.113000
189123.000000 76026.000000 5.113000
189125.000000 76026.000000 5.113000
188925.000000 76028.000000 2.688000
188927.000000 76028.000000 2.688000
188929.000000 76028.000000 2.688000
188931.000000 76028.000000 2.688000
188933.000000 76028.000000 2.688000
188935.000000 76028.000000 2.688000
188937.000000 76028.000000 2.688000
188939.000000 76028.000000 2.688000
188941.000000 76028.000000 2.688000
188943.000000 76028.000000 2.688000
188945.000000 76028.000000 2.688000
188947.000000 76028.000000 2.688000
188949.000000 76028.000000 2.688000
188951.000000 76028.000000 2.688000
188953.000000 76028.000000 2.688000
188955.000000 76028.000000 2.688000
188957.000000 76028.000000 2.688000
188959.000000 76028.000000 2.688000
188961.000000 76028.000000 2.688052
188963.000000 76028.000000 2.688687
188965.000000 76028.000000 2.692408
188967.000000 76028.000000 2.706884
188969.000000 76028.000000 2.748671
188971.000000 76028.000000 2.843779
188973.000000 76028.000000 3.020239
188975.000000 76028.000000 3.292916
188977.000000 76028.000000 3.648306
188979.000000 76028.000000 4.041933
188981.000000 76028.000000 4.413424
188983.000000 76028.000000 4.711883
188985.000000 76028.000000 4.914898
188987.000000 76028.000000 5.030667
188989.000000 76028.000000 5.085081
188991.000000 76028.000000 5.105627
188993.000000 76028.000000 5.111593
188995.000000 76028.000000 5.112833
188997.000000 76028.000000 5.112991
188999.000000 76028.000000 5.113000
189001.000000 76028.000000 5.113000
189003.000000 76028.000000 5.113000
189005.000000 76028.000000 5.113000
189007.000000 76028.000000 5.113000
189009.000000 76028.000000 5.113000
189011.000000 76028.000000 5.113000
189013.000000 76028.000000 5.113000
189015.000000 76028.000000 5.113000
189017.000000 76028.000000 5.113000
189019.000000 76028.000000 5.113000
189021.000000 76028.000000 5.113000
189023.000000 76028.000000 5.113000
189025.000000 76028.000000 5.113000
189027.000000 76028.000000 5.113000
189029.000000 76028.000000 5.113000
189031.000000 76028.000000 5.113000
189033.000000 76028.000000 5.113000
189035.000000 76028.000000 5.113000
189037.000000 76028.000000 5.113000
189039.000000 76028.000000 5.113000
189041.000000 76028.000000 5.113000
189043.000000 76028.000000 5.113000
189045.000000 76028.000000 5.113000
189047.000000 76028.000000 5.113000
189049.000000 76028.000000 5.113000
189051.000000 76028.000000 5.113000
189053.000000 76028.000000 5.113000
189055.000000 76028.000000 5.113000
189057.000000 76028.000000 5.113000
189059.000000 76028.000000 5.113000
189061.000000 76028.000000 5.113000
189063.000000 76028.000000 5.113000
189065.000000 76028.000000 5.113000
189067.000000 76028.000000 5.113000
189069.000000 76028.000000 5.113000
189071.000000 76028.000000 5.113000
189073.000000 76028.000000 5.113000
189075.000000 76028.000000 5.113000
189077.000000 76028.000000 5.113000
189079.000000 76028.000000 5.113000
189081.000000 76028.000000 5.113000
189083.000000 76028.000000 5.113000
189085.000000 76028.000000 5.113000
189087.000000 76028.000000 5.113000
189089.000000 76028.000000 5.113000
189091.000000 76028.000000 5.113000
189093.000000 76028.000000 5.113000
189095.000000 76028.000000 5.113000
189097.000000 76028.000000 5.113000
189099.000000 76028.000000 5.113000
189101.000000 76028.000000 5.113000
189103.000000 76028.000000 5.113000
189105.000000 76028.000000 5.113000
189107.000000 76028.000000 5.113000
189109.000000 76028.000000 5.113000
189111.000000 76028.000000 5.113000
189113.000000 76028.000000 5.113000
189115.000000 76028.000000 5.113000
189117.000000 76028.000000 5.113000
189119.000000 76028.000000 5.113000
189121.000000 76028.000000 5.113000
189123.000000 76028.000000 5.113000
189125.000000 76028.000000 5.113000
188925.000000 76030.000000 2.688000
188927.000000 76030.000000 2.688000
188929.000000 76030.000000 2.688000
188931.000000 76030.000000 2.688000
188933.000000 76030.000000 2.688000
188935.000000 76030.000000 2.688000
188937.000000 76030.000000 2.688000
188939.000000 76030.000000 2.688000
188941.000000 76030.000000 2.688000
188943.000000 76030.000000 2.688000
188945.000000 76030.000000 2.688000
188947.000000 76030.000000 2.688000
188949.000000 76030.000000 2.688000
188951.000000 76030.000000 2.688000
188953.000000 76030.000000 2.688000
188955.000000 76030.000000 2.688000
188957.000000 76030.000000 2.688000
188959.000000 76030.000000 2.688000
188961.000000 76030.000000 2.688024
188963.000000 76030.000000 2.688406
188965.000000 76030.000000 2.690929
188967.000000 76030.000000 2.701574
188969.000000 76030.000000 2.734288
188971.000000 76030.000000 2.812791
188973.000000 76030.000000 2.965494
188975.000000 76030.000000 3.212088
188977.000000 76030.000000 3.547447
188979.000000 76030.000000 3.934916
188981.000000 76030.000000 4.316721
188983.000000 76030.000000 4.637641
188985.000000 76030.000000 4.866814
188987.000000 76030.000000 5.004716
188989.000000 76030.000000 5.073651
188991.000000 76030.000000 5.101649
188993.000000 76030.000000 5.110561
188995.000000 76030.000000 5.112654
188997.000000 76030.000000 5.112976
188999.000000 76030.000000 5.113000
189001.000000 76030.000000 5.113000
189003.000000 76030.000000 5.113000
189005.000000 76030.000000 5.113000
189007.000000 76030.000000 5.113000
189009.000000 76030.000000 5.113000
189011.000000 76030.000000 5.113000
189013.000000 76030.000000 5.113000
189015.000000 76030.000000 5.113000
189017.000000 76030.000000 5.113000
189019.000000 76030.000000 5.113000
189021.000000 76030.000000 5.113000
189023.000000 76030.000000 5.113000
189025.000000 76030.000000 5.113000
189027.000000 76030.000000 5.113000
189029.000000 76030.000000 5.113000
189031.000000 76030.000000 5.113000
189033.000000 76030.000000 5.113000
189035.000000 76030.000000 5.113000
189037.000000 76030.000000 5.113000
189039.000000 76030.000000 5.113000
189041.000000 76030.000000 5.113000
189043.000000 76030.000000 5.113000
189045.000000 76030.000000 5.113000
189047.000000 76030.000000 5.113000
189049.000000 76030.000000 5.113000
189051.000000 76030.000000 5.113000
189053.000000 76030.000000 5.113000
189055.000000 76030.000000 5.113000
189057.000000 76030.000000 5.113000
189059.000000 76030.000000 5.113000
189061.000000 76030.000000 5.113000
189063.000000 76030.000000 5.113000
189065.000000 76030.000000 5.113000
189067.000000 76030.000000 5.113000
189069.000000 76030.000000 5.113000
189071.000000 76030.000000 5.113000
189073.000000 76030.000000 5.113000
189075.000000 76030.000000 5.113000
189077.000000 76030.000000 5.113000
189079.000000 76030.000000 5.113000
189081.000000 76030.000000 5.113000
189083.000000 76030.000000 5.113000
189085.000000 76030.000000 5.113000
189087.000000 76030.000000 5.113000
189089.000000 76030.000000 5.113000
189091.000000 76030.000000 5.113000
189093.000000 76030.000000 5.113000
189095.000000 76030.000000 5.113000
189097.000000 76030.000000 5.113000
189099.000000 76030.000000 5.113000
189101.000000 76030.000000 5.113000
189103.000000 76030.000000 5.113000
189105.000000 76030.000000 5.113000
189107.000000 76030.000000 5.113000
189109.000000 76030.000000 5.113000
189111.000000 76030.000000 5.113000
189113.000000 76030.000000 5.113000
189115.000000 76030.000000 5.113000
189117.000000 76030.000000 5.113000
189119.000000 76030.000000 5.113000
189121.000000 76030.000000 5.113000
189123.000000 76030.000000 5.113000
189125.000000 76030.000000 5.113000
188925.000000 76032.000000 2.688000
188927.000000 76032.000000 2.688000
188929.000000 76032.000000 2.688000
188931.000000 76032.000000 2.688000
188933.000000 76032.000000 2.688000
188935.000000 76032.000000 2.688000
188937.000000 76032.000000 2.688000
188939.000000 76032.000000 2.688000
188941.000000 76032.000000 2.688000
188943.000000 76032.000000 2.688000
188945.000000 76032.000000 2.688000
188947.000000 76032.000000 2.688000
188949.000000 76032.000000 2.688000
188951.000000 76032.000000 2.688000
188953.000000 76032.000000 2.688000
188955.000000 76032.000000 2.688000
188957.000000 76032.000000 2.688000
188959.000000 76032.000000 2.688000
188961.000000 76032.000000 2.688009
188963.000000 76032.000000 2.688224
188965.000000 76032.000000 2.689865
188967.000000 76032.000000 2.697429
188969.000000 76032.000000 2.722307
188971.000000 76032.000000 2.785483
188973.000000 76032.000000 2.914757
188975.000000 76032.000000 3.133599
188977.000000 76032.000000 3.445074
188979.000000 76032.000000 3.821514
188981.000000 76032.000000 4.209769
188983.000000 76032.000000 4.551880
188985.000000 76032.000000 4.808695
188987.000000 76032.000000 4.971793
188989.000000 76032.000000 5.058349
188991.000000 76032.000000 5.095985
188993.000000 76032.000000 5.108975
188995.000000 76032.000000 5.112348
188997.000000 76032.000000 5.112944
188999.000000 76032.000000 5.112999
189001.000000 76032.000000 5.113000
189003.000000 76032.000000 5.113000
189005.000000 76032.000000 5.113000
189007.000000 76032.000000 5.113000
189009.000000 76032.000000 5.113000
189011.000000 76032.000000 5.113000
189013.000000 76032.000000 5.113000
189015.000000 76032.000000 5.113000
189017.000000 76032.000000 5.113000
189019.000000 76032.000000 5.113000
189021.000000 76032.000000 5.113000
189023.000000 76032.000000 5.113000
189025.000000 76032.000000 5.113000
189027.000000 76032.000000 5.113000
189029.000000 76032.000000 5.113000
189031.000000 76032.000000 5.113000
189033.000000 76032.000000 5.113000
189035.000000 76032.000000 5.113000
189037.000000 76032.000000 5.113000
189039.000000 76032.000000 5.113000
189041.000000 76032.000000 5.113000
189043.000000 76032.000000 5.113000
189045.000000 76032.000000 5.113000
189047.000000 76032.000000 5.113000
189049.000000 76032.000000 5.113000
189051.000000 76032.000000 5.113000
189053.000000 76032.000000 5.113000
189055.000000 76032.000000 5.113000
189057.000000 76032.000000 5.113000
189059.000000 76032.000000 5.113000
189061.000000 76032.000000 5.113000
189063.000000 76032.000000 5.113000
189065.000000 76032.000000 5.113000
189067.000000 76032.000000 5.113000
189069.000000 76032.000000 5.113000
189071.000000 76032.000000 5.113000
189073.000000 76032.000000 5.113000
189075.000000 76032.000000 5.113000
189077.000000 76032.000000 5.113000
189079.000000 76032.000000 5.113000
189081.000000 76032.000000 5.113000
189083.000000 76032.000000 5.113000
189085.000000 76032.000000 5.113000
189087.000000 76032.000000 5.113000
189089.000000 76032.000000 5.113000
189091.000000 76032.000000 5.113000
189093.000000 76032.000000 5.113000
189095.000000 76032.000000 5.113000
189097.000000 76032.000000 5.113000
189099.000000 76032.000000 5.113000
189101.000000 76032.000000 5.113000
189103.000000 76032.000000 5.113000
189105.000000 76032.000000 5.113000
189107.000000 76032.000000 5.113000
189109.000000 76032.000000 5.113000
189111.000000 76032.000000 5.113000
189113.000000 76032.000000 5.113000
189115.000000 76032.000000 5.113000
189117.000000 76032.000000 5.113000
189119.000000 76032.000000 5.113000
189121.000000 76032.000000 5.113000
189123.000000 76032.000000 5.113000
189125.000000 76032.000000 5.113000
188925.000000 76034.000000 2.687946
188927.000000 76034.000000 2.687954
188929.000000 76034.000000 2.687967
188931.000000 76034.000000 2.687981
188933.000000 76034.000000 2.687990
188935.000000 76034.000000 2.687996
188937.000000 76034.000000 2.687999
188939.000000 76034.000000 2.688000
188941.000000 76034.000000 2.688000
188943.000000 76034.000000 2.688000
188945.000000 76034.000000 2.688000
188947.000000 76034.000000 2.688000
188949.000000 76034.000000 2.688000
188951.000000 76034.000000 2.688000
188953.000000 76034.000000 2.688000
188955.000000 76034.000000 2.688000
188957.000000 76034.000000 2.688000
188959.000000 76034.000000 2.688000
188961.000000 76034.000000 2.688003
188963.000000 76034.000000 2.688117
188965.000000 76034.000000 2.689136
188967.000000 76034.000000 2.694307
188969.000000 76034.000000 2.712612
188971.000000 76034.000000 2.762059
188973.000000 76034.000000 2.868988
188975.000000 76034.000000 3.059516
188977.000000 76034.000000 3.344288
188979.000000 76034.000000 3.705277
188981.000000 76034.000000 4.095712
188983.000000 76034.000000 4.456701
188985.000000 76034.000000 4.741474
188987.000000 76034.000000 4.932003
188989.000000 76034.000000 5.038935
188991.000000 76034.000000 5.088384
188993.000000 76034.000000 5.106691
188995.000000 76034.000000 5.111863
188997.000000 76034.000000 5.112883
188999.000000 76034.000000 5.112997
189001.000000 76034.000000 5.113000
189003.000000 76034.000000 5.113000
189005.000000 76034.000000 5.113000
189007.000000 76034.000000 5.113000
189009.000000 76034.000000 5.113000
189011.000000 76034.000000 5.113000
189013.000000 76034.000000 5.113000
189015.000000 76034.000000 5.113000
189017.000000 76034.000000 5.113000
189019.000000 76034.000000 5.113000
189021.000000 76034.000000 5.113000
189023.000000 76034.000000 5.113000
189025.000000 76034.000000 5.113000
189027.000000 76034.000000 5.113000
189029.000000 76034.000000 5.113000
189031.000000 76034.000000 5.113000
189033.000000 76034.000000 5.113000
189035.000000 76034.000000 5.113000
189037.000000 76034.000000 5.113000
189039.000000 76034.000000 5.113000
189041.000000 76034.000000 5.113000
189043.000000 76034.000000 5.113000
189045.000000 76034.000000 5.113000
189047.000000 76034.000000 5.113000
189049.000000 76034.000000 5.113000
189051.000000 76034.000000 5.113000
189053.000000 76034.000000 5.113000
189055.000000 76034.000000 5.113000
189057.000000 76034.000000 5.113000
189059.000000 76034.000000 5.113000
189061.000000 76034.000000 5.113000
189063.000000 76034.000000 5.113000
189065.000000 76034.000000 5.113000
189067.000000 76034.000000 5.113000
189069.000000 76034.000000 5.113000
189071.000000 76034.000000 5.113000
189073.000000 76034.000000 5.113000
189075.000000 76034.000000 5.113000
189077.000000 76034.000000 5.113000
189079.000000 76034.000000 5.113000
189081.000000 76034.000000 5.113000
189083.000000 76034.000000 5.113000
189085.000000 76034.000000 5.113000
189087.000000 76034.000000 5.113000
189089.000000 76034.000000 5.113000
189091.000000 76034.000000 5.113000
189093.000000 76034.000000 5.113000
189095.000000 76034.000000 5.113000
189097.000000 76034.000000 5.113000
189099.000000 76034.000000 5.113000
189101.000000 76034.000000 5.113000
189103.000000 76034.000000 5.113000
189105.000000 76034.000000 5.113000
189107.000000 76034.000000 5.113000
189109.000000 76034.000000 5.113000
189111.000000 76034.000000 5.113000
189113.000000 76034.000000 5.113000
189115.000000 76034.000000 5.113000
189117.000000 76034.000000 5.113000
189119.000000 76034.000000 5.113000
189121.000000 76034.000000 5.113000
189123.000000 76034.000000 5.113000
189125.000000 76034.000000 5.113000
188925.000000 76036.000000 2.687516
188927.000000 76036.000000 2.687590
188929.000000 76036.000000 2.687706
188931.000000 76036.000000 2.687825
188933.000000 76036.000000 2.687914
188935.000000 76036.000000 2.687966
188937.000000 76036.000000 2.687990
188939.000000 76036.000000 2.687998
188941.000000 76036.000000 2.688000
188943.000000 76036.000000 2.688000
188945.000000 76036.000000 2.688000
188947.000000 76036.000000 2.688000
188949.000000 76036.000000 2.688000
188951.000000 76036.000000 2.688000
188953.000000 76036.000000 2.688000
188955.000000 76036.000000 2.688000
188957.000000 76036.000000 2.688000
188959.000000 76036.000000 2.688000
188961.000000 76036.000000 2.688001
188963.000000 76036.000000 2.688056
188965.000000 76036.000000 2.688652
188967.000000 76036.000000 2.692025
188969.000000 76036.000000 2.705015
188971.000000 76036.000000 2.742650
188973.000000 76036.000000 2.829204
188975.000000 76036.000000 2.992296
188977.000000 76036.000000 3.249099
188979.000000 76036.000000 3.591191
188981.000000 76036.000000 3.979422
188983.000000 76036.000000 4.355842
188985.000000 76036.000000 4.667309
188987.000000 76036.000000 4.886157
188989.000000 76036.000000 5.015449
188991.000000 76036.000000 5.078648
188993.000000 76036.000000 5.103546
188995.000000 76036.000000 5.111124
188997.000000 76036.000000 5.112772
188999.000000 76036.000000 5.112990
189001.000000 76036.000000 5.113000
189003.000000 76036.000000 5.113000
189005.000000 76036.000000 5.113000
189007.000000 76036.000000 5.113000
189009.000000 76036.000000 5.113000
189011.000000 76036.000000 5.113000
189013.000000 76036.000000 5.113000
189015.000000 76036.000000 5.113000
189017.000000 76036.000000 5.113000
189019.000000 76036.000000 5.113000
189021.000000 76036.000000 5.113000
189023.000000 76036.000000 5.113000
189025.000000 76036.000000 5.113000
189027.000000 76036.000000 5.113000
189029.000000 76036.000000 5.113000
189031.000000 76036.000000 5.113000
189033.000000 76036.000000 5.113000
189035.000000 76036.000000 5.113000
189037.000000 76036.000000 5.113000
189039.000000 76036.000000 5.113000
189041.000000 76036.000000 5.113000
189043.000000 76036.000000 5.113000
189045.000000 76036.000000 5.113000
189047.000000 76036.000000 5.113000
189049.000000 76036.000000 5.113000
189051.000000 76036.000000 5.113000
189053.000000 76036.000000 5.113000
189055.000000 76036.000000 5.113000
189057.000000 76036.000000 5.113000
189059.000000 76036.000000 5.113000
189061.000000 76036.000000 5.113000
189063.000000 76036.000000 5.113000
189065.000000 76036.000000 5.113000
189067.000000 76036.000000 5.113000
189069.000000 76036.000000 5.113000
189071.000000 76036.000000 5.113000
189073.000000 76036.000000 5.113000
189075.000000 76036.000000 5.113000
189077.000000 76036.000000 5.113000
189079.000000 76036.000000 5.113000
189081.000000 76036.000000 5.113000
189083.000000 76036.000000 5.113000
189085.000000 76036.000000 5.113000
189087.000000 76036.000000 5.113000
189089.000000 76036.000000 5.113000
189091.000000 76036.000000 5.113000
189093.000000 76036.000000 5.113000
189095.000000 76036.000000 5.113000
189097.000000 76036.000000 5.113000
189099.000000 76036.000000 5.113000
189101.000000 76036.000000 5.113000
189103.000000 76036.000000 5.113000
189105.000000 76036.000000 5.113000
189107.000000 76036.000000 5.113000
189109.000000 76036.000000 5.113000
189111.000000 76036.000000 5.113000
189113.000000 76036.000000 5.113000
189115.000000 76036.000000 5.113000
189117.000000 76036.000000 5.113000
189119.000000 76036.000000 5.113000
189121.000000 76036.000000 5.113000
189123.000000 76036.000000 5.113000
189125.000000 76036.000000 5.113000
188925.000000 76038.000000 2.685535
188927.000000 76038.000000 2.685908
188929.000000 76038.000000 2.686500
188931.000000 76038.000000 2.687100
188933.000000 76038.000000 2.687556
188935.000000 76038.000000 2.687824
188937.000000 76038.000000 2.687947
188939.000000 76038.000000 2.687989
188941.000000 76038.000000 2.687999
188943.000000 76038.000000 2.688000
188945.000000 76038.000000 2.688000
188947.000000 76038.000000 2.688000
188949.000000 76038.000000 2.688000
188951.000000 76038.000000 2.688000
188953.000000 76038.000000 2.688000
188955.000000 76038.000000 2.688000
188957.000000 76038.000000 2.688000
188959.000000 76038.000000 2.688000
188961.000000 76038.000000 2.688000
188963.000000 76038.000000 2.688024
188965.000000 76038.000000 2.688346
188967.000000 76038.000000 2.690439
188969.000000 76038.000000 2.699350
188971.000000 76038.000000 2.727346
188973.000000 76038.000000 2.796269
188975.000000 76038.000000 2.934139
188977.000000 76038.000000 3.163245
188979.000000 76038.000000 3.484061
188981.000000 76038.000000 3.865740
188983.000000 76038.000000 4.253099
188985.000000 76038.000000 4.588407
188987.000000 76038.000000 4.835030
188989.000000 76038.000000 4.987830
188991.000000 76038.000000 5.066459
188993.000000 76038.000000 5.099286
188995.000000 76038.000000 5.110008
188997.000000 76038.000000 5.112572
188999.000000 76038.000000 5.112970
189001.000000 76038.000000 5.112999
189003.000000 76038.000000 5.113000
189005.000000 76038.000000 5.113000
189007.000000 76038.000000 5.113000
189009.000000 76038.000000 5.113000
189011.000000 76038.000000 5.113000
189013.000000 76038.000000 5.113000
189015.000000 76038.000000 5.113000
189017.000000 76038.000000 5.113000
189019.000000 76038.000000 5.113000
189021.000000 76038.000000 5.113000
189023.000000 76038.000000 5.113000
189025.000000 76038.000000 5.113000
189027.000000 76038.000000 5.113000
189029.000000 76038.000000 5.113000
189031.000000 76038.000000 5.113000
189033.000000 76038.000000 5.113000
189035.000000 76038.000000 5.113000
189037.000000 76038.000000 5.113000
189039.000000 76038.000000 5.113000
189041.000000 76038.000000 5.113000
189043.000000 76038.000000 5.113000
189045.000000 76038.000000 5.113000
189047.000000 76038.000000 5.113000
189049.000000 76038.000000 5.113000
189051.000000 76038.000000 5.113000
189053.000000 76038.000000 5.113000
189055.000000 76038.000000 5.113000
189057.000000 76038.000000 5.113000
189059.000000 76038.000000 5.113000
189061.000000 76038.000000 5.113000
189063.000000 76038.000000 5.113000
189065.000000 76038.000000 5.113000
189067.000000 76038.000000 5.113000
189069.000000 76038.000000 5.113000
189071.000000 76038.000000 5.113000
189073.000000 76038.000000 5.113000
189075.000000 76038.000000 5.113000
189077.000000 76038.000000 5.113000
189079.000000 76038.000000 5.113000
189081.000000 76038.000000 5.113000
189083.000000 76038.000000 5.113000
189085.000000 76038.000000 5.113000
189087.000000 76038.000000 5.113000
189089.000000 76038.000000 5.113000
189091.000000 76038.000000 5.113000
189093.000000 76038.000000 5.113000
189095.000000 76038.000000 5.113000
189097.000000 76038.000000 5.113000
189099.000000 76038.000000 5.113000
189101.000000 76038.000000 5.113000
189103.000000 76038.000000 5.113000
189105.000000 76038.000000 5.113000
189107.000000 76038.000000 5.113000
189109.000000 76038.000000 5.113000
189111.000000 76038.000000 5.113000
189113.000000 76038.000000 5.113000
189115.000000 76038.000000 5.113000
189117.000000 76038.000000 5.113000
189119.000000 76038.000000 5.113000
189121.000000 76038.000000 5.113000
189123.000000 76038.000000 5.113000
189125.000000 76038.000000 5.113000
188925.000000 76040.000000 2.679116
188927.000000 76040.000000 2.680444
188929.000000 76040.000000 2.682556
188931.000000 76040.000000 2.684708
188933.000000 76040.000000 2.686354
188935.000000 76040.000000 2.687336
188937.000000 76040.000000 2.687793
188939.000000 76040.000000 2.687953
188941.000000 76040.000000 2.687993
188943.000000 76040.000000 2.688000
188945.000000 76040.000000 2.688000
188947.000000 76040.000000 2.688000
188949.000000 76040.000000 2.688000
188951.000000 76040.000000 2.688000
188953.000000 76040.000000 2.688000
188955.000000 76040.000000 2.688000
188957.000000 76040.000000 2.688000
188959.000000 76040.000000 2.688000
188961.000000 76040.000000 2.688000
188963.000000 76040.000000 2.688009
188965.000000 76040.000000 2.688167
188967.000000 76040.000000 2.689407
188969.000000 76040.000000 2.695371
188971.000000 76040.000000 2.715905
188973.000000 76040.000000 2.770274
188975.000000 76040.000000 2.885920
188977.000000 76040.000000 3.088684
188979.000000 76040.000000 3.386748
188981.000000 76040.000000 3.757759
188983.000000 76040.000000 4.150964
188985.000000 76040.000000 4.506149
188987.000000 76040.000000 4.778928
188989.000000 76040.000000 4.955751
188991.000000 76040.000000 5.051336
188993.000000 76040.000000 5.093558
188995.000000 76040.000000 5.108336
188997.000000 76040.000000 5.112220
188999.000000 76040.000000 5.112923
189001.000000 76040.000000 5.112995
189003.000000 76040.000000 5.112999
189005.000000 76040.000000 5.113000
189007.000000 76040.000000 5.112999
189009.000000 76040.000000 5.112999
189011.000000 76040.000000 5.112998
189013.000000 76040.000000 5.112998
189015.000000 76040.000000 5.112997
189017.000000 76040.000000 5.112997
189019.000000 76040.000000 5.112998
189021.000000 76040.000000 5.112998
189023.000000 76040.000000 5.112999
189025.000000 76040.000000 5.112999
189027.000000 76040.000000 5.112999
189029.000000 76040.000000 5.113000
189031.000000 76040.000000 5.113000
189033.000000 76040.000000 5.113000
189035.000000 76040.000000 5.113000
189037.000000 76040.000000 5.113000
189039.000000 76040.000000 5.113000
189041.000000 76040.000000 5.113000
189043.000000 76040.000000 5.113000
189045.000000 76040.000000 5.113000
189047.000000 76040.000000 5.113000
189049.000000 76040.000000 5.113000
189051.000000 76040.000000 5.113000
189053.000000 76040.000000 5.113000
189055.000000 76040.000000 5.113000
189057.000000 76040.000000 5.113000
189059.000000 76040.000000 5.113000
189061.000000 76040.000000 5.113000
189063.000000 76040.000000 5.113000
189065.000000 76040.000000 5.113000
189067.000000 76040.000000 5.113000
189069.000000 76040.000000 5.113000
189071.000000 76040.000000 5.113000
189073.000000 76040.000000 5.113000
189075.000000 76040.000000 5.113000
189077.000000 76040.000000 5.113000
189079.000000 76040.000000 5.113000
189081.000000 76040.000000 5.113000
189083.000000 76040.000000 5.113000
189085.000000 76040.000000 5.113000
189087.000000 76040.000000 5.113000
189089.000000 76040.000000 5.113000
189091.000000 76040.000000 5.113000
189093.000000 76040.000000 5.113000
189095.000000 76040.000000 5.113000
189097.000000 76040.000000 5.113000
189099.000000 76040.000000 5.113000
189101.000000 76040.000000 5.113000
189103.000000 76040.000000 5.113000
189105.000000 76040.000000 5.113000
189107.000000 76040.000000 5.113000
189109.000000 76040.000000 5.113000
189111.000000 76040.000000 5.113000
189113.000000 76040.000000 5.113000
189115.000000 76040.000000 5.113000
189117.000000 76040.000000 5.113000
189119.000000 76040.000000 5.113000
189121.000000 76040.000000 5.113000
189123.000000 76040.000000 5.113000
189125.000000 76040.000000 5.113000
188925.000000 76042.000000 2.662913
188927.000000 76042.000000 2.666590
188929.000000 76042.000000 2.672464
188931.000000 76042.000000 2.678491
188933.000000 76042.000000 2.683155
188935.000000 76042.000000 2.685987
188937.000000 76042.000000 2.687339
188939.000000 76042.000000 2.687837
188941.000000 76042.000000 2.687972
188943.000000 76042.000000 2.687997
188945.000000 76042.000000 2.688000
188947.000000 76042.000000 2.688000
188949.000000 76042.000000 2.688000
188951.000000 76042.000000 2.688000
188953.000000 76042.000000 2.688000
188955.000000 76042.000000 2.688000
188957.000000 76042.000000 2.688000
188959.000000 76042.000000 2.688000
188961.000000 76042.000000 2.688000
188963.000000 76042.000000 2.688003
188965.000000 76042.000000 2.688073
188967.000000 76042.000000 2.688785
188969.000000 76042.000000 2.692735
188971.000000 76042.000000 2.707739
188973.000000 76042.000000 2.750517
188975.000000 76042.000000 2.847162
188977.000000 76042.000000 3.025589
188979.000000 76042.000000 3.300276
188981.000000 76042.000000 3.657135
188983.000000 76042.000000 4.051152
188985.000000 76042.000000 4.421752
188987.000000 76042.000000 4.718323
188989.000000 76042.000000 4.919089
188991.000000 76042.000000 5.032893
188993.000000 76042.000000 5.085991
188995.000000 76042.000000 5.105868
188997.000000 76042.000000 5.111599
188999.000000 76042.000000 5.112799
189001.000000 76042.000000 5.112970
189003.000000 76042.000000 5.112989
189005.000000 76042.000000 5.112989
189007.000000 76042.000000 5.112985
189009.000000 76042.000000 5.112979
189011.000000 76042.000000 5.112974
189013.000000 76042.000000 5.112970
189015.000000 76042.000000 5.112970
189017.000000 76042.000000 5.112972
189019.000000 76042.000000 5.112976
189021.000000 76042.000000 5.112981
189023.000000 76042.000000 5.112986
189025.000000 76042.000000 5.112989
189027.000000 76042.000000 5.112992
189029.000000 76042.000000 5.112995
189031.000000 76042.000000 5.112997
189033.000000 76042.000000 5.112998
189035.000000 76042.000000 5.112999
189037.000000 76042.000000 5.113000
189039.000000 76042.000000 5.113000
189041.000000 76042.000000 5.113000
189043.000000 76042.000000 5.113000
189045.000000 76042.000000 5.113000
189047.000000 76042.000000 5.113000
189049.000000 76042.000000 5.113000
189051.000000 76042.000000 5.113000
189053.000000 76042.000000 5.113000
189055.000000 76042.000000 5.113000
189057.000000 76042.000000 5.113000
189059.000000 76042.000000 5.113000
189061.000000 76042.000000 5.113000
189063.000000 76042.000000 5.113000
189065.000000 76042.000000 5.113000
189067.000000 76042.000000 5.113000
189069.000000 76042.000000 5.113000
189071.000000 76042.000000 5.113000
189073.000000 76042.000000 5.113000
189075.000000 76042.000000 5.113000
189077.000000 76042.000000 5.113000
189079.000000 76042.000000 5.113000
189081.000000 76042.000000 5.113000
189083.000000 76042.000000 5.113000
189085.000000 76042.000000 5.113000
189087.000000 76042.000000 5.113000
189089.000000 76042.000000 5.113000
189091.000000 76042.000000 5.113000
189093.000000 76042.000000 5.113000
189095.000000 76042.000000 5.113000
189097.000000 76042.000000 5.113000
189099.000000 76042.000000 5.113000
189101.000000 76042.000000 5.113000
189103.000000 76042.000000 5.113000
189105.000000 76042.000000 5.113000
189107.000000 76042.000000 5.113000
189109.000000 76042.000000 5.113000
189111.000000 76042.000000 5.113000
189113.000000 76042.000000 5.113000
189115.000000 76042.000000 5.113000
189117.000000 76042.000000 5.113000
189119.000000 76042.000000 5.113000
189121.000000 76042.000000 5.113000
189123.000000 76042.000000 5.113000
189125.000000 76042.000000 5.113000
188925.000000 76044.000000 2.629517
188927.000000 76044.000000 2.637855
188929.000000 76044.000000 2.651250
188931.000000 76044.000000 2.665134
188933.000000 76044.000000 2.676051
188935.000000 76044.000000 2.682841
188937.000000 76044.000000 2.686202
188939.000000 76044.000000 2.687511
188941.000000 76044.000000 2.687901
188943.000000 76044.000000 2.687986
188945.000000 76044.000000 2.687999
188947.000000 76044.000000 2.688000
188949.000000 76044.000000 2.688000
188951.000000 76044.000000 2.688000
188953.000000 76044.000000 2.688000
188955.000000 76044.000000 2.688000
188957.000000 76044.000000 2.688000
188959.000000 76044.000000 2.688000
188961.000000 76044.000000 2.688000
188963.000000 76044.000000 2.688001
188965.000000 76044.000000 2.688028
188967.000000 76044.000000 2.688436
188969.000000 76044.000000 2.691080
188971.000000 76044.000000 2.702159
188973.000000 76044.000000 2.736064
188975.000000 76044.000000 2.817099
188977.000000 76044.000000 2.974034
188979.000000 76044.000000 3.226131
188981.000000 76044.000000 3.566808
188983.000000 76044.000000 3.957404
188985.000000 76044.000000 4.338734
188987.000000 76044.000000 4.655679
188989.000000 76044.000000 4.878996
188991.000000 76044.000000 5.011256
188993.000000 76044.000000 5.076196
188995.000000 76044.000000 5.102114
188997.000000 76044.000000 5.110317
188999.000000 76044.000000 5.112345
189001.000000 76044.000000 5.112766
189003.000000 76044.000000 5.112861
189005.000000 76044.000000 5.112880
189007.000000 76044.000000 5.112868
189009.000000 76044.000000 5.112846
189011.000000 76044.000000 5.112829
189013.000000 76044.000000 5.112823
189015.000000 76044.000000 5.112829
189017.000000 76044.000000 5.112846
189019.000000 76044.000000 5.112867
189021.000000 76044.000000 5.112890
189023.000000 76044.000000 5.112911
189025.000000 76044.000000 5.112931
189027.000000 76044.000000 5.112950
189029.000000 76044.000000 5.112966
189031.000000 76044.000000 5.112980
189033.000000 76044.000000 5.112989
189035.000000 76044.000000 5.112995
189037.000000 76044.000000 5.112998
189039.000000 76044.000000 5.112999
189041.000000 76044.000000 5.113000
189043.000000 76044.000000 5.113000
189045.000000 76044.000000 5.113000
189047.000000 76044.000000 5.113000
189049.000000 76044.000000 5.113000
189051.000000 76044.000000 5.113000
189053.000000 76044.000000 5.113000
189055.000000 76044.000000 5.113000
189057.000000 76044.000000 5.113000
189059.000000 76044.000000 5.113000
189061.000000 76044.000000 5.113000
189063.000000 76044.000000 5.113000
189065.000000 76044.000000 5.113000
189067.000000 76044.000000 5.113000
189069.000000 76044.000000 5.113000
189071.000000 76044.000000 5.113000
189073.000000 76044.000000 5.113000
189075.000000 76044.000000 5.113000
189077.000000 76044.000000 5.113000
189079.000000 76044.000000 5.113000
189081.000000 76044.000000 5.113000
189083.000000 76044.000000 5.113000
189085.000000 76044.000000 5.113000
189087.000000 76044.000000 5.113000
189089.000000 76044.000000 5.113000
189091.000000 76044.000000 5.113000
189093.000000 76044.000000 5.113000
189095.000000 76044.000000 5.113000
189097.000000 76044.000000 5.113000
189099.000000 76044.000000 5.113000
189101.000000 76044.000000 5.113000
189103.000000 76044.000000 5.113000
189105.000000 76044.000000 5.113000
189107.000000 76044.000000 5.113000
189109.000000 76044.000000 5.113000
189111.000000 76044.000000 5.113000
189113.000000 76044.000000 5.113000
189115.000000 76044.000000 5.113000
189117.000000 76044.000000 5.113000
189119.000000 76044.000000 5.113000
189121.000000 76044.000000 5.113000
189123.000000 76044.000000 5.113000
189125.000000 76044.000000 5.113000
188925.000000 76046.000000 2.571422
188927.000000 76046.000000 2.587433
188929.000000 76046.000000 2.613351
188931.000000 76046.000000 2.640575
188933.000000 76046.000000 2.662428
188935.000000 76046.000000 2.676440
188937.000000 76046.000000 2.683691
188939.000000 76046.000000 2.686706
188941.000000 76046.000000 2.687696
188943.000000 76046.000000 2.687946
188945.000000 76046.000000 2.687993
188947.000000 76046.000000 2.688000
188949.000000 76046.000000 2.688000
188951.000000 76046.000000 2.688000
188953.000000 76046.000000 2.688000
188955.000000 76046.000000 2.688000
188957.000000 76046.000000 2.688000
188959.000000 76046.000000 2.688000
188961.000000 76046.000000 2.688000
188963.000000 76046.000000 2.688000
188965.000000 76046.000000 2.688012
188967.000000 76046.000000 2.688266
188969.000000 76046.000000 2.690154
188971.000000 76046.000000 2.698723
188973.000000 76046.000000 2.726503
188975.000000 76046.000000 2.796001
188977.000000 76046.000000 2.935949
188979.000000 76046.000000 3.168722
188981.000000 76046.000000 3.493649
188983.000000 76046.000000 3.877924
188985.000000 76046.000000 4.264800
188987.000000 76046.000000 4.596594
188989.000000 76046.000000 4.838299
188991.000000 76046.000000 4.986874
188993.000000 76046.000000 5.063203
188995.000000 76046.000000 5.095632
188997.000000 76046.000000 5.107048
188999.000000 76046.000000 5.110561
189001.000000 76046.000000 5.111696
189003.000000 76046.000000 5.112137
189005.000000 76046.000000 5.112300
189007.000000 76046.000000 5.112323
189009.000000 76046.000000 5.112299
189011.000000 76046.000000 5.112283
189013.000000 76046.000000 5.112296
189015.000000 76046.000000 5.112337
189017.000000 76046.000000 5.112396
189019.000000 76046.000000 5.112463
189021.000000 76046.000000 5.112534
189023.000000 76046.000000 5.112608
189025.000000 76046.000000 5.112685
189027.000000 76046.000000 5.112764
189029.000000 76046.000000 5.112839
189031.000000 76046.000000 5.112902
189033.000000 76046.000000 5.112948
189035.000000 76046.000000 5.112976
189037.000000 76046.000000 5.112990
189039.000000 76046.000000 5.112997
189041.000000 76046.000000 5.112999
189043.000000 76046.000000 5.113000
189045.000000 76046.000000 5.113000
189047.000000 76046.000000 5.113000
189049.000000 76046.000000 5.113000
189051.000000 76046.000000 5.113000
189053.000000 76046.000000 5.113000
189055.000000 76046.000000 5.113000
189057.000000 76046.000000 5.113000
189059.000000 76046.000000 5.113000
189061.000000 76046.000000 5.113000
189063.000000 76046.000000 5.113000
189065.000000 76046.000000 5.113000
189067.000000 76046.000000 5.113000
189069.000000 76046.000000 5.113000
189071.000000 76046.000000 5.113000
189073.000000 76046.000000 5.113000
189075.000000 76046.000000 5.113000
189077.000000 76046.000000 5.113000
189079.000000 76046.000000 5.113000
189081.000000 76046.000000 5.113000
189083.000000 76046.000000 5.113000
189085.000000 76046.000000 5.113000
189087.000000 76046.000000 5.113000
189089.000000 76046.000000 5.113000
189091.000000 76046.000000 5.113000
189093.000000 76046.000000 5.113000
189095.000000 76046.000000 5.113000
189097.000000 76046.000000 5.113000
189099.000000 76046.000000 5.113000
189101.000000 76046.000000 5.113000
189103.000000 76046.000000 5.113000
189105.000000 76046.000000 5.113000
189107.000000 76046.000000 5.113000
189109.000000 76046.000000 5.113000
189111.000000 76046.000000 5.113000
189113.000000 76046.000000 5.113000
189115.000000 76046.000000 5.113000
189117.000000 76046.000000 5.113000
189119.000000 76046.000000 5.113000
189121.000000 76046.000000 5.113000
189123.000000 76046.000000 5.113000
189125.000000 76046.000000 5.113000
188925.000000 76048.000000 2.484369
188927.000000 76048.000000 2.510996
188929.000000 76048.000000 2.554518
188931.000000 76048.000000 2.601018
188933.000000 76048.000000 2.639323
188935.000000 76048.000000 2.664812
188937.000000 76048.000000 2.678706
188939.000000 76048.000000 2.684916
188941.000000 76048.000000 2.687169
188943.000000 76048.000000 2.687824
188945.000000 76048.000000 2.687972
188947.000000 76048.000000 2.687997
188949.000000 76048.000000 2.688000
188951.000000 76048.000000 2.688000
188953.000000 76048.000000 2.688000
188955.000000 76048.000000 2.688000
188957.000000 76048.000000 2.688000
188959.000000 76048.000000 2.688000
188961.000000 76048.000000 2.688000
188963.000000 76048.000000 2.688000
188965.000000 76048.000000 2.688014
188967.000000 76048.000000 2.688237
188969.000000 76048.000000 2.689883
188971.000000 76048.000000 2.697438
188973.000000 76048.000000 2.722347
188975.000000 76048.000000 2.785762
188977.000000 76048.000000 2.915751
188979.000000 76048.000000 3.135784
188981.000000 76048.000000 3.448398
188983.000000 76048.000000 3.824789
188985.000000 76048.000000 4.210860
188987.000000 76048.000000 4.548626
188989.000000 76048.000000 4.800273
188991.000000 76048.000000 4.959259
188993.000000 76048.000000 5.044170
188995.000000 76048.000000 5.082740
188997.000000 76048.000000 5.098337
188999.000000 76048.000000 5.104716
189001.000000 76048.000000 5.107794
189003.000000 76048.000000 5.109449
189005.000000 76048.000000 5.110266
189007.000000 76048.000000 5.110595
189009.000000 76048.000000 5.110716
189011.000000 76048.000000 5.110798
189013.000000 76048.000000 5.110897
189015.000000 76048.000000 5.111012
189017.000000 76048.000000 5.111130
189019.000000 76048.000000 5.111258
189021.000000 76048.000000 5.111414
189023.000000 76048.000000 5.111613
189025.000000 76048.000000 5.111859
189027.000000 76048.000000 5.112131
189029.000000 76048.000000 5.112397
189031.000000 76048.000000 5.112624
189033.000000 76048.000000 5.112792
189035.000000 76048.000000 5.112899
189037.000000 76048.000000 5.112958
189039.000000 76048.000000 5.112985
189041.000000 76048.000000 5.112995
189043.000000 76048.000000 5.112999
189045.000000 76048.000000 5.113000
189047.000000 76048.000000 5.113000
189049.000000 76048.000000 5.113000
189051.000000 76048.000000 5.113000
189053.000000 76048.000000 5.113000
189055.000000 76048.000000 5.113000
189057.000000 76048.000000 5.113000
189059.000000 76048.000000 5.113000
189061.000000 76048.000000 5.113000
189063.000000 76048.000000 5.113000
189065.000000 76048.000000 5.113000
189067.000000 76048.000000 5.113000
189069.000000 76048.000000 5.113000
189071.000000 76048.000000 5.113000
189073.000000 76048.000000 5.113000
189075.000000 76048.000000 5.113000
189077.000000 76048.000000 5.113000
189079.000000 76048.000000 5.113000
189081.000000 76048.000000 5.113000
189083.000000 76048.000000 5.113000
189085.000000 76048.000000 5.113000
189087.000000 76048.000000 5.113000
189089.000000 76048.000000 5.113000
189091.000000 76048.000000 5.113000
189093.000000 76048.000000 5.113000
189095.000000 76048.000000 5.113000
189097.000000 76048.000000 5.113000
189099.000000 76048.000000 5.113000
189101.000000 76048.000000 5.113000
189103.000000 76048.000000 5.113000
189105.000000 76048.000000 5.113000
189107.000000 76048.000000 5.113000
189109.000000 76048.000000 5.113000
189111.000000 76048.000000 5.113000
189113.000000 76048.000000 5.113000
189115.000000 76048.000000 5.113000
189117.000000 76048.000000 5.113000
189119.000000 76048.000000 5.113000
189121.000000 76048.000000 5.113000
189123.000000 76048.000000 5.113000
189125.000000 76048.000000 5.113000
188925.000000 76050.000000 2.370143
188927.000000 76050.000000 2.409146
188929.000000 76050.000000 2.473679
188931.000000 76050.000000 2.544106
188933.000000 76050.000000 2.603977
188935.000000 76050.000000 2.645599
188937.000000 76050.000000 2.669664
188939.000000 76050.000000 2.681285
188941.000000 76050.000000 2.685950
188943.000000 76050.000000 2.687491
188945.000000 76050.000000 2.687901
188947.000000 76050.000000 2.687986
188949.000000 76050.000000 2.687999
188951.000000 76050.000000 2.688000
188953.000000 76050.000000 2.688000
188955.000000 76050.000000 2.688000
188957.000000 76050.000000 2.688000
188959.000000 76050.000000 2.688000
188961.000000 76050.000000 2.688000
188963.000000 76050.000000 2.688003
188965.000000 76050.000000 2.688041
188967.000000 76050.000000 2.688386
188969.000000 76050.000000 2.690417
188971.000000 76050.000000 2.698805
188973.000000 76050.000000 2.724960
188975.000000 76050.000000 2.789412
188977.000000 76050.000000 2.918978
188979.000000 76050.000000 3.135761
188981.000000 76050.000000 3.441805
188983.000000 76050.000000 3.809328
188985.000000 76050.000000 4.186474
188987.000000 76050.000000 4.517545
188989.000000 76050.000000 4.765999
188991.000000 76050.000000 4.925293
188993.000000 76050.000000 5.013240
188995.000000 76050.000000 5.056600
188997.000000 76050.000000 5.077786
188999.000000 76050.000000 5.089641
189001.000000 76050.000000 5.097308
189003.000000 76050.000000 5.102257
189005.000000 76050.000000 5.105115
189007.000000 76050.000000 5.106580
189009.000000 76050.000000 5.107311
189011.000000 76050.000000 5.107718
189013.000000 76050.000000 5.107953
189015.000000 76050.000000 5.108060
189017.000000 76050.000000 5.108102
189019.000000 76050.000000 5.108188
189021.000000 76050.000000 5.108432
189023.000000 76050.000000 5.108896
189025.000000 76050.000000 5.109562
189027.000000 76050.000000 5.110344
189029.000000 76050.000000 5.111126
189031.000000 76050.000000 5.111802
189033.000000 76050.000000 5.112313
189035.000000 76050.000000 5.112650
189037.000000 76050.000000 5.112843
189039.000000 76050.000000 5.112939
189041.000000 76050.000000 5.112980
189043.000000 76050.000000 5.112994
189045.000000 76050.000000 5.112999
189047.000000 76050.000000 5.113000
189049.000000 76050.000000 5.113000
189051.000000 76050.000000 5.113000
189053.000000 76050.000000 5.113000
189055.000000 76050.000000 5.113000
189057.000000 76050.000000 5.113000
189059.000000 76050.000000 5.113000
189061.000000 76050.000000 5.113000
189063.000000 76050.000000 5.113000
189065.000000 76050.000000 5.113000
189067.000000 76050.000000 5.113000
189069.000000 76050.000000 5.113000
189071.000000 76050.000000 5.113000
189073.000000 76050.000000 5.113000
189075.000000 76050.000000 5.113000
189077.000000 76050.000000 5.113000
189079.000000 76050.000000 5.113000
189081.000000 76050.000000 5.113000
189083.000000 76050.000000 5.113000
189085.000000 76050.000000 5.113000
189087.000000 76050.000000 5.113000
189089.000000 76050.000000 5.113000
189091.000000 76050.000000 5.113000
189093.000000 76050.000000 5.113000
189095.000000 76050.000000 5.113000
189097.000000 76050.000000 5.113000
189099.000000 76050.000000 5.113000
189101.000000 76050.000000 5.113000
189103.000000 76050.000000 5.113000
189105.000000 76050.000000 5.113000
189107.000000 76050.000000 5.113000
189109.000000 76050.000000 5.113000
189111.000000 76050.000000 5.113000
189113.000000 76050.000000 5.113000
189115.000000 76050.000000 5.113000
189117.000000 76050.000000 5.113000
189119.000000 76050.000000 5.113000
189121.000000 76050.000000 5.113000
189123.000000 76050.000000 5.113000
189125.000000 76050.000000 5.113000
188925.000000 76052.000000 2.237343
188927.000000 76052.000000 2.288303
188929.000000 76052.000000 2.373909
188931.000000 76052.000000 2.469786
188933.000000 76052.000000 2.554416
188935.000000 76052.000000 2.616302
188937.000000 76052.000000 2.654491
188939.000000 76052.000000 2.674498
188941.000000 76052.000000 2.683373
188943.000000 76052.000000 2.686680
188945.000000 76052.000000 2.687696
188947.000000 76052.000000 2.687946
188949.000000 76052.000000 2.687993
188951.000000 76052.000000 2.688000
188953.000000 76052.000000 2.688000
188955.000000 76052.000000 2.688000
188957.000000 76052.000000 2.688000
188959.000000 76052.000000 2.688000
188961.000000 76052.000000 2.688002
188963.000000 76052.000000 2.688017
188965.000000 76052.000000 2.688135
188967.000000 76052.000000 2.688858
188969.000000 76052.000000 2.692164
188971.000000 76052.000000 2.703768
188973.000000 76052.000000 2.736151
188975.000000 76052.000000 2.809906
188977.000000 76052.000000 2.949788
188979.000000 76052.000000 3.173712
188981.000000 76052.000000 3.479159
188983.000000 76052.000000 3.836111
188985.000000 76052.000000 4.194446
188987.000000 76052.000000 4.503498
188989.000000 76052.000000 4.732518
188991.000000 76052.000000 4.879118
188993.000000 76052.000000 4.962543
188995.000000 76052.000000 5.008646
188997.000000 76052.000000 5.037441
188999.000000 76052.000000 5.058908
189001.000000 76052.000000 5.075678
189003.000000 76052.000000 5.087734
189005.000000 76052.000000 5.095341
189007.000000 76052.000000 5.099604
189009.000000 76052.000000 5.101765
189011.000000 76052.000000 5.102671
189013.000000 76052.000000 5.102739
189015.000000 76052.000000 5.102268
189017.000000 76052.000000 5.101635
189019.000000 76052.000000 5.101277
189021.000000 76052.000000 5.101534
189023.000000 76052.000000 5.102521
189025.000000 76052.000000 5.104120
189027.000000 76052.000000 5.106055
189029.000000 76052.000000 5.108011
189031.000000 76052.000000 5.109727
189033.000000 76052.000000 5.111053
189035.000000 76052.000000 5.111958
189037.000000 76052.000000 5.112504
189039.000000 76052.000000 5.112793
189041.000000 76052.000000 5.112925
189043.000000 76052.000000 5.112977
189045.000000 76052.000000 5.112994
189047.000000 76052.000000 5.112999
189049.000000 76052.000000 5.113000
189051.000000 76052.000000 5.113000
189053.000000 76052.000000 5.113000
189055.000000 76052.000000 5.113000
189057.000000 76052.000000 5.113000
189059.000000 76052.000000 5.113000
189061.000000 76052.000000 5.113000
189063.000000 76052.000000 5.113000
189065.000000 76052.000000 5.113000
189067.000000 76052.000000 5.113000
189069.000000 76052.000000 5.113000
189071.000000 76052.000000 5.113000
189073.000000 76052.000000 5.113000
189075.000000 76052.000000 5.113000
189077.000000 76052.000000 5.113000
189079.000000 76052.000000 5.113000
189081.000000 76052.000000 5.113000
189083.000000 76052.000000 5.113000
189085.000000 76052.000000 5.113000
189087.000000 76052.000000 5.113000
189089.000000 76052.000000 5.113000
189091.000000 76052.000000 5.113000
189093.000000 76052.000000 5.113000
189095.000000 76052.000000 5.113000
189097.000000 76052.000000 5.113000
189099.000000 76052.000000 5.113000
189101.000000 76052.000000 5.113000
189103.000000 76052.000000 5.113000
189105.000000 76052.000000 5.113000
189107.000000 76052.000000 5.113000
189109.000000 76052.000000 5.113000
189111.000000 76052.000000 5.113000
189113.000000 76052.000000 5.113000
189115.000000 76052.000000 5.113000
189117.000000 76052.000000 5.113000
189119.000000 76052.000000 5.113000
189121.000000 76052.000000 5.113000
189123.000000 76052.000000 5.113000
189125.000000 76052.000000 5.113000
188925.000000 76054.000000 2.099073
188927.000000 76054.000000 2.159070
188929.000000 76054.000000 2.261756
188931.000000 76054.000000 2.380413
188933.000000 76054.000000 2.489872
188935.000000 76054.000000 2.574623
188937.000000 76054.000000 2.630740
188939.000000 76054.000000 2.662717
188941.000000 76054.000000 2.678363
188943.000000 76054.000000 2.684888
188945.000000 76054.000000 2.687169
188947.000000 76054.000000 2.687824
188949.000000 76054.000000 2.687972
188951.000000 76054.000000 2.687997
188953.000000 76054.000000 2.688000
188955.000000 76054.000000 2.688000
188957.000000 76054.000000 2.688002
188959.000000 76054.000000 2.688008
188961.000000 76054.000000 2.688024
188963.000000 76054.000000 2.688093
188965.000000 76054.000000 2.688434
188967.000000 76054.000000 2.690006
188969.000000 76054.000000 2.695894
188971.000000 76054.000000 2.713683
188973.000000 76054.000000 2.757777
188975.000000 76054.000000 2.849015
188977.000000 76054.000000 3.008841
188979.000000 76054.000000 3.248176
188981.000000 76054.000000 3.556505
188983.000000 76054.000000 3.899242
188985.000000 76054.000000 4.228089
188987.000000 76054.000000 4.500026
188989.000000 76054.000000 4.693993
188991.000000 76054.000000 4.815352
188993.000000 76054.000000 4.886895
188995.000000 76054.000000 4.933925
188997.000000 76054.000000 4.972977
188999.000000 76054.000000 5.009311
189001.000000 76054.000000 5.041132
189003.000000 76054.000000 5.065525
189005.000000 76054.000000 5.081654
189007.000000 76054.000000 5.090850
189009.000000 76054.000000 5.095067
189011.000000 76054.000000 5.095878
189013.000000 76054.000000 5.094389
189015.000000 76054.000000 5.091673
189017.000000 76054.000000 5.088936
189019.000000 76054.000000 5.087302
189021.000000 76054.000000 5.087453
189023.000000 76054.000000 5.089467
189025.000000 76054.000000 5.092917
189027.000000 76054.000000 5.097120
189029.000000 76054.000000 5.101386
189031.000000 76054.000000 5.105176
189033.000000 76054.000000 5.108177
189035.000000 76054.000000 5.110302
189037.000000 76054.000000 5.111646
189039.000000 76054.000000 5.112399
189041.000000 76054.000000 5.112768
189043.000000 76054.000000 5.112924
189045.000000 76054.000000 5.112980
189047.000000 76054.000000 5.112996
189049.000000 76054.000000 5.112999
189051.000000 76054.000000 5.113000
189053.000000 76054.000000 5.113000
189055.000000 76054.000000 5.113000
189057.000000 76054.000000 5.113000
189059.000000 76054.000000 5.113000
189061.000000 76054.000000 5.113000
189063.000000 76054.000000 5.113000
189065.000000 76054.000000 5.113000
189067.000000 76054.000000 5.113000
189069.000000 76054.000000 5.113000
189071.000000 76054.000000 5.113000
189073.000000 76054.000000 5.113000
189075.000000 76054.000000 5.113000
189077.000000 76054.000000 5.113000
189079.000000 76054.000000 5.113000
189081.000000 76054.000000 5.113000
189083.000000 76054.000000 5.113000
189085.000000 76054.000000 5.113000
189087.000000 76054.000000 5.113000
189089.000000 76054.000000 5.113000
189091.000000 76054.000000 5.113000
189093.000000 76054.000000 5.113000
189095.000000 76054.000000 5.113000
189097.000000 76054.000000 5.113000
189099.000000 76054.000000 5.113000
189101.000000 76054.000000 5.113000
189103.000000 76054.000000 5.113000
189105.000000 76054.000000 5.113000
189107.000000 76054.000000 5.113000
189109.000000 76054.000000 5.113000
189111.000000 76054.000000 5.113000
189113.000000 76054.000000 5.113000
189115.000000 76054.000000 5.113000
189117.000000 76054.000000 5.113000
189119.000000 76054.000000 5.113000
189121.000000 76054.000000 5.113000
189123.000000 76054.000000 5.113000
189125.000000 76054.000000 5.113000
188925.000000 76056.000000 1.968982
188927.000000 76056.000000 2.033143
188929.000000 76056.000000 2.145485
188931.000000 76056.000000 2.280232
188933.000000 76056.000000 2.411020
188935.000000 76056.000000 2.518907
188937.000000 76056.000000 2.595884
188939.000000 76056.000000 2.643644
188941.000000 76056.000000 2.669346
188943.000000 76056.000000 2.681259
188945.000000 76056.000000 2.685950
188947.000000 76056.000000 2.687491
188949.000000 76056.000000 2.687901
188951.000000 76056.000000 2.687986
188953.000000 76056.000000 2.687999
188955.000000 76056.000000 2.688004
188957.000000 76056.000000 2.688016
188959.000000 76056.000000 2.688051
188961.000000 76056.000000 2.688143
188963.000000 76056.000000 2.688407
188965.000000 76056.000000 2.689322
188967.000000 76056.000000 2.692586
188969.000000 76056.000000 2.702890
188971.000000 76056.000000 2.730261
188973.000000 76056.000000 2.791270
188975.000000 76056.000000 2.906401
188977.000000 76056.000000 3.092141
188979.000000 76056.000000 3.350214
188981.000000 76056.000000 3.660370
188983.000000 76056.000000 3.983090
188985.000000 76056.000000 4.273094
188987.000000 76056.000000 4.497162
188989.000000 76056.000000 4.646171
188991.000000 76056.000000 4.734954
188993.000000 76056.000000 4.790810
188995.000000 76056.000000 4.838665
188997.000000 76056.000000 4.890996
188999.000000 76056.000000 4.947196
189001.000000 76056.000000 4.999641
189003.000000 76056.000000 5.041215
189005.000000 76056.000000 5.069059
189007.000000 76056.000000 5.084267
189009.000000 76056.000000 5.089532
189011.000000 76056.000000 5.087636
189013.000000 76056.000000 5.081194
189015.000000 76056.000000 5.072985
189017.000000 76056.000000 5.065784
189019.000000 76056.000000 5.061751
189021.000000 76056.000000 5.061859
189023.000000 76056.000000 5.065839
189025.000000 76056.000000 5.072588
189027.000000 76056.000000 5.080719
189029.000000 76056.000000 5.088967
189031.000000 76056.000000 5.096386
189033.000000 76056.000000 5.102408
189035.000000 76056.000000 5.106831
189037.000000 76056.000000 5.109756
189039.000000 76056.000000 5.111483
189041.000000 76056.000000 5.112381
189043.000000 76056.000000 5.112785
189045.000000 76056.000000 5.112939
189047.000000 76056.000000 5.112986
189049.000000 76056.000000 5.112998
189051.000000 76056.000000 5.113000
189053.000000 76056.000000 5.113000
189055.000000 76056.000000 5.113000
189057.000000 76056.000000 5.113000
189059.000000 76056.000000 5.113000
189061.000000 76056.000000 5.113000
189063.000000 76056.000000 5.113000
189065.000000 76056.000000 5.113000
189067.000000 76056.000000 5.113000
189069.000000 76056.000000 5.113000
189071.000000 76056.000000 5.113000
189073.000000 76056.000000 5.113000
189075.000000 76056.000000 5.113000
189077.000000 76056.000000 5.113000
189079.000000 76056.000000 5.113000
189081.000000 76056.000000 5.113000
189083.000000 76056.000000 5.113000
189085.000000 76056.000000 5.113000
189087.000000 76056.000000 5.113000
189089.000000 76056.000000 5.113000
189091.000000 76056.000000 5.113000
189093.000000 76056.000000 5.113000
189095.000000 76056.000000 5.113000
189097.000000 76056.000000 5.113000
189099.000000 76056.000000 5.113000
189101.000000 76056.000000 5.113000
189103.000000 76056.000000 5.113000
189105.000000 76056.000000 5.113000
189107.000000 76056.000000 5.113000
189109.000000 76056.000000 5.113000
189111.000000 76056.000000 5.113000
189113.000000 76056.000000 5.113000
189115.000000 76056.000000 5.113000
189117.000000 76056.000000 5.113000
189119.000000 76056.000000 5.113000
189121.000000 76056.000000 5.113000
189123.000000 76056.000000 5.113000
189125.000000 76056.000000 5.113000
188925.000000 76058.000000 1.857363
188927.000000 76058.000000 1.920098
188929.000000 76058.000000 2.033019
188931.000000 76058.000000 2.174540
188933.000000 76058.000000 2.320052
188935.000000 76058.000000 2.448623
188937.000000 76058.000000 2.547757
188939.000000 76058.000000 2.614724
188941.000000 76058.000000 2.654239
188943.000000 76058.000000 2.674478
188945.000000 76058.000000 2.683373
188947.000000 76058.000000 2.686680
188949.000000 76058.000000 2.687696
188951.000000 76058.000000 2.687949
188953.000000 76058.000000 2.688003
188955.000000 76058.000000 2.688031
188957.000000 76058.000000 2.688096
188959.000000 76058.000000 2.688260
188961.000000 76058.000000 2.688633
188963.000000 76058.000000 2.689499
188965.000000 76058.000000 2.691760
188967.000000 76058.000000 2.698136
188969.000000 76058.000000 2.715238
188971.000000 76058.000000 2.755611
188973.000000 76058.000000 2.837423
188975.000000 76058.000000 2.979446
188977.000000 76058.000000 3.191573
188979.000000 76058.000000 3.465417
188981.000000 76058.000000 3.771614
188983.000000 76058.000000 4.067710
188985.000000 76058.000000 4.313711
188987.000000 76058.000000 4.487530
188989.000000 76058.000000 4.591941
188991.000000 76058.000000 4.650284
188993.000000 76058.000000 4.693308
188995.000000 76058.000000 4.744911
188997.000000 76058.000000 4.813321
188999.000000 76058.000000 4.892021
189001.000000 76058.000000 4.967331
189003.000000 76058.000000 5.027385
189005.000000 76058.000000 5.066578
189007.000000 76058.000000 5.085268
189009.000000 76058.000000 5.086995
189011.000000 76058.000000 5.076568
189013.000000 76058.000000 5.059372
189015.000000 76058.000000 5.041073
189017.000000 76058.000000 5.026688
189019.000000 76058.000000 5.019442
189021.000000 76058.000000 5.020164
189023.000000 76058.000000 5.027662
189025.000000 76058.000000 5.039689
189027.000000 76058.000000 5.053863
189029.000000 76058.000000 5.068199
189031.000000 76058.000000 5.081256
189033.000000 76058.000000 5.092125
189035.000000 76058.000000 5.100392
189037.000000 76058.000000 5.106095
189039.000000 76058.000000 5.109623
189041.000000 76058.000000 5.111553
189043.000000 76058.000000 5.112469
189045.000000 76058.000000 5.112839
189047.000000 76058.000000 5.112961
189049.000000 76058.000000 5.112993
189051.000000 76058.000000 5.112999
189053.000000 76058.000000 5.113000
189055.000000 76058.000000 5.113000
189057.000000 76058.000000 5.113000
189059.000000 76058.000000 5.113000
189061.000000 76058.000000 5.113000
189063.000000 76058.000000 5.113000
189065.000000 76058.000000 5.113000
189067.000000 76058.000000 5.113000
189069.000000 76058.000000 5.113000
189071.000000 76058.000000 5.113000
189073.000000 76058.000000 5.113000
189075.000000 76058.000000 5.113000
189077.000000 76058.000000 5.113000
189079.000000 76058.000000 5.113000
189081.000000 76058.000000 5.113000
189083.000000 76058.000000 5.113000
189085.000000 76058.000000 5.113000
189087.000000 76058.000000 5.113000
189089.000000 76058.000000 5.113000
189091.000000 76058.000000 5.113000
189093.000000 76058.000000 5.113000
189095.000000 76058.000000 5.113000
189097.000000 76058.000000 5.113000
189099.000000 76058.000000 5.113000
189101.000000 76058.000000 5.113000
189103.000000 76058.000000 5.113000
189105.000000 76058.000000 5.113000
189107.000000 76058.000000 5.113000
189109.000000 76058.000000 5.113000
189111.000000 76058.000000 5.113000
189113.000000 76058.000000 5.113000
189115.000000 76058.000000 5.113000
189117.000000 76058.000000 5.113000
189119.000000 76058.000000 5.113000
189121.000000 76058.000000 5.113000
189123.000000 76058.000000 5.113000
189125.000000 76058.000000 5.113000
188925.000000 76060.000000 1.769289
188927.000000 76060.000000 1.825672
188929.000000 76060.000000 1.930584
188931.000000 76060.000000 2.068942
188933.000000 76060.000000 2.220611
188935.000000 76060.000000 2.364777
188937.000000 76060.000000 2.485113
188939.000000 76060.000000 2.573548
188941.000000 76060.000000 2.630601
188943.000000 76060.000000 2.662738
188945.000000 76060.000000 2.678395
188947.000000 76060.000000 2.684918
188949.000000 76060.000000 2.687203
188951.000000 76060.000000 2.687875
188953.000000 76060.000000 2.688073
188955.000000 76060.000000 2.688219
188957.000000 76060.000000 2.688502
188959.000000 76060.000000 2.689108
188961.000000 76060.000000 2.690331
188963.000000 76060.000000 2.692756
188965.000000 76060.000000 2.697875
188967.000000 76060.000000 2.709567
188969.000000 76060.000000 2.736280
188971.000000 76060.000000 2.792461
188973.000000 76060.000000 2.896547
188975.000000 76060.000000 3.063947
188977.000000 76060.000000 3.297037
188979.000000 76060.000000 3.578258
188981.000000 76060.000000 3.872115
188983.000000 76060.000000 4.136973
188985.000000 76060.000000 4.340723
188987.000000 76060.000000 4.472451
188989.000000 76060.000000 4.544463
188991.000000 76060.000000 4.585071
188993.000000 76060.000000 4.625358
188995.000000 76060.000000 4.686499
188997.000000 76060.000000 4.772442
188999.000000 76060.000000 4.871788
189001.000000 76060.000000 4.966006
189003.000000 76060.000000 5.039099
189005.000000 76060.000000 5.082738
189007.000000 76060.000000 5.096523
189009.000000 76060.000000 5.085403
189011.000000 76060.000000 5.057457
189013.000000 76060.000000 5.022276
189015.000000 76060.000000 4.989348
189017.000000 76060.000000 4.966018
189019.000000 76060.000000 4.955946
189021.000000 76060.000000 4.958933
189023.000000 76060.000000 4.972133
189025.000000 76060.000000 4.991735
189027.000000 76060.000000 5.014233
189029.000000 76060.000000 5.036915
189031.000000 76060.000000 5.057843
189033.000000 76060.000000 5.075697
189035.000000 76060.000000 5.089731
189037.000000 76060.000000 5.099790
189039.000000 76060.000000 5.106279
189041.000000 76060.000000 5.109990
189043.000000 76060.000000 5.111840
189045.000000 76060.000000 5.112626
189047.000000 76060.000000 5.112903
189049.000000 76060.000000 5.112981
189051.000000 76060.000000 5.112998
189053.000000 76060.000000 5.113000
189055.000000 76060.000000 5.113000
189057.000000 76060.000000 5.113000
189059.000000 76060.000000 5.113000
189061.000000 76060.000000 5.113000
189063.000000 76060.000000 5.113000
189065.000000 76060.000000 5.113000
189067.000000 76060.000000 5.113000
189069.000000 76060.000000 5.113000
189071.000000 76060.000000 5.113000
189073.000000 76060.000000 5.113000
189075.000000 76060.000000 5.113000
189077.000000 76060.000000 5.113000
189079.000000 76060.000000 5.113000
189081.000000 76060.000000 5.113000
189083.000000 76060.000000 5.113000
189085.000000 76060.000000 5.113000
189087.000000 76060.000000 5.113000
189089.000000 76060.000000 5.113000
189091.000000 76060.000000 5.113000
189093.000000 76060.000000 5.113000
189095.000000 76060.000000 5.113000
189097.000000 76060.000000 5.113000
189099.000000 76060.000000 5.113000
189101.000000 76060.000000 5.113000
189103.000000 76060.000000 5.113000
189105.000000 76060.000000 5.113000
189107.000000 76060.000000 5.113000
189109.000000 76060.000000 5.113000
189111.000000 76060.000000 5.113000
189113.000000 76060.000000 5.113000
189115.000000 76060.000000 5.113000
189117.000000 76060.000000 5.113000
189119.000000 76060.000000 5.113000
189121.000000 76060.000000 5.113000
189123.000000 76060.000000 5.113000
189125.000000 76060.000000 5.113000
188925.000000 76062.000000 1.704854
188927.000000 76062.000000 1.751632
188929.000000 76062.000000 1.842174
188931.000000 76062.000000 1.968732
188933.000000 76062.000000 2.117497
188935.000000 76062.000000 2.270135
188937.000000 76062.000000 2.408205
188939.000000 76062.000000 2.518506
188941.000000 76062.000000 2.596128
188943.000000 76062.000000 2.644026
188945.000000 76062.000000 2.669735
188947.000000 76062.000000 2.681622
188949.000000 76062.000000 2.686308
188951.000000 76062.000000 2.687929
188953.000000 76062.000000 2.688573
188955.000000 76062.000000 2.689165
188957.000000 76062.000000 2.690171
188959.000000 76062.000000 2.692044
188961.000000 76062.000000 2.695410
188963.000000 76062.000000 2.701309
188965.000000 76062.000000 2.711895
188967.000000 76062.000000 2.732050
188969.000000 76062.000000 2.771432
188971.000000 76062.000000 2.845101
188973.000000 76062.000000 2.970043
188975.000000 76062.000000 3.157034
188977.000000 76062.000000 3.401382
188979.000000 76062.000000 3.679199
188981.000000 76062.000000 3.953364
188983.000000 76062.000000 4.187207
188985.000000 76062.000000 4.358202
188987.000000 76062.000000 4.465028
188989.000000 76062.000000 4.525426
188991.000000 76062.000000 4.567710
188993.000000 76062.000000 4.619161
188995.000000 76062.000000 4.696004
188997.000000 76062.000000 4.797932
188999.000000 76062.000000 4.910333
189001.000000 76062.000000 5.012034
189003.000000 76062.000000 5.084671
189005.000000 76062.000000 5.118349
189007.000000 76062.000000 5.112910
189009.000000 76062.000000 5.076038
189011.000000 76062.000000 5.020571
189013.000000 76062.000000 4.961309
189015.000000 76062.000000 4.911558
189017.000000 76062.000000 4.880021
189019.000000 76062.000000 4.869429
189021.000000 76062.000000 4.877409
189023.000000 76062.000000 4.898845
189025.000000 76062.000000 4.928243
189027.000000 76062.000000 4.961097
189029.000000 76062.000000 4.994142
189031.000000 76062.000000 5.025027
189033.000000 76062.000000 5.051991
189035.000000 76062.000000 5.073825
189037.000000 76062.000000 5.090017
189039.000000 76062.000000 5.100860
189041.000000 76062.000000 5.107319
189043.000000 76062.000000 5.110689
189045.000000 76062.000000 5.112201
189047.000000 76062.000000 5.112772
189049.000000 76062.000000 5.112949
189051.000000 76062.000000 5.112993
189053.000000 76062.000000 5.113000
189055.000000 76062.000000 5.113001
189057.000000 76062.000000 5.113000
189059.000000 76062.000000 5.113000
189061.000000 76062.000000 5.113000
189063.000000 76062.000000 5.113000
189065.000000 76062.000000 5.113000
189067.000000 76062.000000 5.113000
189069.000000 76062.000000 5.113000
189071.000000 76062.000000 5.113000
189073.000000 76062.000000 5.113000
189075.000000 76062.000000 5.113000
189077.000000 76062.000000 5.113000
189079.000000 76062.000000 5.113000
189081.000000 76062.000000 5.113000
189083.000000 76062.000000 5.113000
189085.000000 76062.000000 5.113000
189087.000000 76062.000000 5.113000
189089.000000 76062.000000 5.113000
189091.000000 76062.000000 5.113000
189093.000000 76062.000000 5.113000
189095.000000 76062.000000 5.113000
189097.000000 76062.000000 5.113000
189099.000000 76062.000000 5.113000
189101.000000 76062.000000 5.113000
189103.000000 76062.000000 5.113000
189105.000000 76062.000000 5.113000
189107.000000 76062.000000 5.113000
189109.000000 76062.000000 5.113000
189111.000000 76062.000000 5.113000
189113.000000 76062.000000 5.113000
189115.000000 76062.000000 5.113000
189117.000000 76062.000000 5.113000
189119.000000 76062.000000 5.113000
189121.000000 76062.000000 5.113000
189123.000000 76062.000000 5.113000
189125.000000 76062.000000 5.113000
188925.000000 76064.000000 1.660883
188927.000000 76064.000000 1.696821
188929.000000 76064.000000 1.769679
188931.000000 76064.000000 1.878396
188933.000000 76064.000000 2.016154
188935.000000 76064.000000 2.169176
188937.000000 76064.000000 2.319354
188939.000000 76064.000000 2.449754
188941.000000 76064.000000 2.549706
188943.000000 76064.000000 2.617051
188945.000000 76064.000000 2.656631
188947.000000 76064.000000 2.676743
188949.000000 76064.000000 2.685544
188951.000000 76064.000000 2.689067
188953.000000 76064.000000 2.690862
188955.000000 76064.000000 2.692731
188957.000000 76064.000000 2.695664
188959.000000 76064.000000 2.700546
188961.000000 76064.000000 2.708494
188963.000000 76064.000000 2.721091
188965.000000 76064.000000 2.741048
188967.000000 76064.000000 2.773729
188969.000000 76064.000000 2.828869
188971.000000 76064.000000 2.920476
188973.000000 76064.000000 3.062521
188975.000000 76064.000000 3.260850
188977.000000 76064.000000 3.505671
188979.000000 76064.000000 3.770862
188981.000000 76064.000000 4.022306
188983.000000 76064.000000 4.231217
188985.000000 76064.000000 4.384461
188987.000000 76064.000000 4.487166
188989.000000 76064.000000 4.557824
188991.000000 76064.000000 4.620074
188993.000000 76064.000000 4.693909
188995.000000 76064.000000 4.788877
188997.000000 76064.000000 4.900604
188999.000000 76064.000000 5.012930
189001.000000 76064.000000 5.104455
189003.000000 76064.000000 5.156910
189005.000000 76064.000000 5.161139
189007.000000 76064.000000 5.119429
189009.000000 76064.000000 5.044152
189011.000000 76064.000000 4.954061
189013.000000 76064.000000 4.869000
189015.000000 76064.000000 4.804639
189017.000000 76064.000000 4.768985
189019.000000 76064.000000 4.762072
189021.000000 76064.000000 4.778404
189023.000000 76064.000000 4.810446
189025.000000 76064.000000 4.851321
189027.000000 76064.000000 4.895921
189029.000000 76064.000000 4.940716
189031.000000 76064.000000 4.983084
189033.000000 76064.000000 5.020830
189035.000000 76064.000000 5.052188
189037.000000 76064.000000 5.076149
189039.000000 76064.000000 5.092750
189041.000000 76064.000000 5.103041
189043.000000 76064.000000 5.108675
189045.000000 76064.000000 5.111365
189047.000000 76064.000000 5.112471
189049.000000 76064.000000 5.112858
189051.000000 76064.000000 5.112971
189053.000000 76064.000000 5.112998
189055.000000 76064.000000 5.113002
189057.000000 76064.000000 5.113001
189059.000000 76064.000000 5.113000
189061.000000 76064.000000 5.113000
189063.000000 76064.000000 5.113000
189065.000000 76064.000000 5.113000
189067.000000 76064.000000 5.113000
189069.000000 76064.000000 5.113000
189071.000000 76064.000000 5.113000
189073.000000 76064.000000 5.113000
189075.000000 76064.000000 5.113000
189077.000000 76064.000000 5.113000
189079.000000 76064.000000 5.113000
189081.000000 76064.000000 5.113000
189083.000000 76064.000000 5.113000
189085.000000 76064.000000 5.113000
189087.000000 76064.000000 5.113000
189089.000000 76064.000000 5.113000
189091.000000 76064.000000 5.113000
189093.000000 76064.000000 5.113000
189095.000000 76064.000000 5.113000
189097.000000 76064.000000 5.113000
189099.000000 76064.000000 5.113000
189101.000000 76064.000000 5.113000
189103.000000 76064.000000 5.113000
189105.000000 76064.000000 5.113000
189107.000000 76064.000000 5.113000
189109.000000 76064.000000 5.113000
189111.000000 76064.000000 5.113000
189113.000000 76064.000000 5.113000
189115.000000 76064.000000 5.113000
189117.000000 76064.000000 5.113000
189119.000000 76064.000000 5.113000
189121.000000 76064.000000 5.113000
189123.000000 76064.000000 5.113000
189125.000000 76064.000000 5.113000
188925.000000 76066.000000 1.632779
188927.000000 76066.000000 1.658397
188929.000000 76066.000000 1.713210
188931.000000 76066.000000 1.801180
188933.000000 76066.000000 1.921990
188935.000000 76066.000000 2.067799
188937.000000 76066.000000 2.223417
188939.000000 76066.000000 2.370458
188941.000000 76066.000000 2.493159
188943.000000 76066.000000 2.583154
188945.000000 76066.000000 2.640671
188947.000000 76066.000000 2.672413
188949.000000 76066.000000 2.687561
188951.000000 76066.000000 2.694388
188953.000000 76066.000000 2.698546
188955.000000 76066.000000 2.703238
188957.000000 76066.000000 2.710259
188959.000000 76066.000000 2.721076
188961.000000 76066.000000 2.737357
188963.000000 76066.000000 2.761173
188965.000000 76066.000000 2.795462
188967.000000 76066.000000 2.845270
188969.000000 76066.000000 2.919082
188971.000000 76066.000000 3.028300
188973.000000 76066.000000 3.182967
188975.000000 76066.000000 3.384768
188977.000000 76066.000000 3.621696
188979.000000 76066.000000 3.869474
188981.000000 76066.000000 4.100309
188983.000000 76066.000000 4.294048
188985.000000 76066.000000 4.444793
188987.000000 76066.000000 4.560214
188989.000000 76066.000000 4.655609
188991.000000 76066.000000 4.747083
188993.000000 76066.000000 4.845806
188995.000000 76066.000000 4.954223
188997.000000 76066.000000 5.064348
188999.000000 76066.000000 5.159695
189001.000000 76066.000000 5.220595
189003.000000 76066.000000 5.231503
189005.000000 76066.000000 5.187071
189007.000000 76066.000000 5.094940
189009.000000 76066.000000 4.974016
189011.000000 76066.000000 4.848997
189013.000000 76066.000000 4.742962
189015.000000 76066.000000 4.671136
189017.000000 76066.000000 4.638260
189019.000000 76066.000000 4.640194
189021.000000 76066.000000 4.668046
189023.000000 76066.000000 4.712347
189025.000000 76066.000000 4.765509
189027.000000 76066.000000 4.822345
189029.000000 76066.000000 4.879355
189031.000000 76066.000000 4.933780
189033.000000 76066.000000 4.983048
189035.000000 76066.000000 5.024853
189037.000000 76066.000000 5.057654
189039.000000 76066.000000 5.081148
189041.000000 76066.000000 5.096347
189043.000000 76066.000000 5.105149
189045.000000 76066.000000 5.109684
189047.000000 76066.000000 5.111755
189049.000000 76066.000000 5.112592
189051.000000 76066.000000 5.112890
189053.000000 76066.000000 5.112981
189055.000000 76066.000000 5.113002
189057.000000 76066.000000 5.113003
189059.000000 76066.000000 5.113002
189061.000000 76066.000000 5.113001
189063.000000 76066.000000 5.113000
189065.000000 76066.000000 5.113000
189067.000000 76066.000000 5.113000
189069.000000 76066.000000 5.113000
189071.000000 76066.000000 5.113000
189073.000000 76066.000000 5.113000
189075.000000 76066.000000 5.113000
189077.000000 76066.000000 5.113000
189079.000000 76066.000000 5.113000
189081.000000 76066.000000 5.113000
189083.000000 76066.000000 5.113000
189085.000000 76066.000000 5.113000
189087.000000 76066.000000 5.113000
189089.000000 76066.000000 5.113000
189091.000000 76066.000000 5.113000
189093.000000 76066.000000 5.113000
189095.000000 76066.000000 5.113000
189097.000000 76066.000000 5.113000
189099.000000 76066.000000 5.113000
189101.000000 76066.000000 5.113000
189103.000000 76066.000000 5.113000
189105.000000 76066.000000 5.113000
189107.000000 76066.000000 5.113000
189109.000000 76066.000000 5.113000
189111.000000 76066.000000 5.113000
189113.000000 76066.000000 5.113000
189115.000000 76066.000000 5.113000
189117.000000 76066.000000 5.113000
189119.000000 76066.000000 5.113000
189121.000000 76066.000000 5.113000
189123.000000 76066.000000 5.113000
189125.000000 76066.000000 5.113000
188925.000000 76068.000000 1.615830
188927.000000 76068.000000 1.632807
188929.000000 76068.000000 1.671478
188931.000000 76068.000000 1.738799
188933.000000 76068.000000 1.839691
188935.000000 76068.000000 1.972753
188937.000000 76068.000000 2.127886
188939.000000 76068.000000 2.287833
188941.000000 76068.000000 2.433128
188943.000000 76068.000000 2.548682
188945.000000 76068.000000 2.628290
188947.000000 76068.000000 2.675303
188949.000000 76068.000000 2.699199
188951.000000 76068.000000 2.710842
188953.000000 76068.000000 2.718777
188955.000000 76068.000000 2.728253
188957.000000 76068.000000 2.742156
188959.000000 76068.000000 2.762577
188961.000000 76068.000000 2.791640
188963.000000 76068.000000 2.831676
188965.000000 76068.000000 2.885355
188967.000000 76068.000000 2.956564
188969.000000 76068.000000 3.051404
188971.000000 76068.000000 3.177676
188973.000000 76068.000000 3.341384
188975.000000 76068.000000 3.541461
188977.000000 76068.000000 3.766429
188979.000000 76068.000000 3.996682
188981.000000 76068.000000 4.211966
188983.000000 76068.000000 4.399480
188985.000000 76068.000000 4.557372
188987.000000 76068.000000 4.692418
188989.000000 76068.000000 4.814540
188991.000000 76068.000000 4.931817
188993.000000 76068.000000 5.047242
188995.000000 76068.000000 5.157050
188997.000000 76068.000000 5.250329
188999.000000 76068.000000 5.311006
189001.000000 76068.000000 5.322550
189003.000000 76068.000000 5.274620
189005.000000 76068.000000 5.168789
189007.000000 76068.000000 5.020597
189009.000000 76068.000000 4.856157
189011.000000 76068.000000 4.704428
189013.000000 76068.000000 4.588454
189015.000000 76068.000000 4.519670
189017.000000 76068.000000 4.497425
189019.000000 76068.000000 4.512885
189021.000000 76068.000000 4.554388
189023.000000 76068.000000 4.611516
189025.000000 76068.000000 4.676773
189027.000000 76068.000000 4.745325
189029.000000 76068.000000 4.813889
189031.000000 76068.000000 4.879673
189033.000000 76068.000000 4.939870
189035.000000 76068.000000 4.991828
189037.000000 76068.000000 5.033630
189039.000000 76068.000000 5.064667
189041.000000 76068.000000 5.085778
189043.000000 76068.000000 5.098875
189045.000000 76068.000000 5.106276
189047.000000 76068.000000 5.110086
189049.000000 76068.000000 5.111872
189051.000000 76068.000000 5.112628
189053.000000 76068.000000 5.112909
189055.000000 76068.000000 5.112993
189057.000000 76068.000000 5.113008
189059.000000 76068.000000 5.113006
189061.000000 76068.000000 5.113003
189063.000000 76068.000000 5.113001
189065.000000 76068.000000 5.113000
189067.000000 76068.000000 5.113000
189069.000000 76068.000000 5.113000
189071.000000 76068.000000 5.113000
189073.000000 76068.000000 5.113000
189075.000000 76068.000000 5.113000
189077.000000 76068.000000 5.113000
189079.000000 76068.000000 5.113000
189081.000000 76068.000000 5.113000
189083.000000 76068.000000 5.113000
189085.000000 76068.000000 5.113000
189087.000000 76068.000000 5.113000
189089.000000 76068.000000 5.113000
189091.000000 76068.000000 5.113000
189093.000000 76068.000000 5.113000
189095.000000 76068.000000 5.113000
189097.000000 76068.000000 5.113000
189099.000000 76068.000000 5.113000
189101.000000 76068.000000 5.113000
189103.000000 76068.000000 5.113000
189105.000000 76068.000000 5.113000
189107.000000 76068.000000 5.113000
189109.000000 76068.000000 5.113000
189111.000000 76068.000000 5.113000
189113.000000 76068.000000 5.113000
189115.000000 76068.000000 5.113000
189117.000000 76068.000000 5.113000
189119.000000 76068.000000 5.113000
189121.000000 76068.000000 5.113000
189123.000000 76068.000000 5.113000
189125.000000 76068.000000 5.113000
188925.000000 76070.000000 1.605711
188927.000000 76070.000000 1.616267
188929.000000 76070.000000 1.642088
188931.000000 76070.000000 1.691324
188933.000000 76070.000000 1.772616
188935.000000 76070.000000 1.890779
188937.000000 76070.000000 2.042230
188939.000000 76070.000000 2.213092
188941.000000 76070.000000 2.381756
188943.000000 76070.000000 2.526228
188945.000000 76070.000000 2.632237
188947.000000 76070.000000 2.698005
188949.000000 76070.000000 2.732558
188951.000000 76070.000000 2.749791
188953.000000 76070.000000 2.762103
188955.000000 76070.000000 2.777537
188957.000000 76070.000000 2.800354
188959.000000 76070.000000 2.833211
188961.000000 76070.000000 2.878479
188963.000000 76070.000000 2.938418
188965.000000 76070.000000 3.014955
188967.000000 76070.000000 3.110194
188969.000000 76070.000000 3.227231
188971.000000 76070.000000 3.369986
188973.000000 76070.000000 3.540885
188975.000000 76070.000000 3.737412
188977.000000 76070.000000 3.950244
188979.000000 76070.000000 4.165349
188981.000000 76070.000000 4.369312
188983.000000 76070.000000 4.554404
188985.000000 76070.000000 4.720026
188987.000000 76070.000000 4.870165
188989.000000 76070.000000 5.009192
188991.000000 76070.000000 5.138535
188993.000000 76070.000000 5.254940
188995.000000 76070.000000 5.349971
188997.000000 76070.000000 5.410591
188999.000000 76070.000000 5.421729
189001.000000 76070.000000 5.371215
189003.000000 76070.000000 5.256049
189005.000000 76070.000000 5.087020
189007.000000 76070.000000 4.888570
189009.000000 76070.000000 4.692721
189011.000000 76070.000000 4.529405
189013.000000 76070.000000 4.417815
189015.000000 76070.000000 4.362896
189017.000000 76070.000000 4.357780
189019.000000 76070.000000 4.389642
189021.000000 76070.000000 4.445357
189023.000000 76070.000000 4.514680
189025.000000 76070.000000 4.590820
189027.000000 76070.000000 4.669507
189029.000000 76070.000000 4.747713
189031.000000 76070.000000 4.822714
189033.000000 76070.000000 4.891745
189035.000000 76070.000000 4.952204
189037.000000 76070.000000 5.002173
189039.000000 76070.000000 5.040892
189041.000000 76070.000000 5.068900
189043.000000 76070.000000 5.087770
189045.000000 76070.000000 5.099593
189047.000000 76070.000000 5.106466
189049.000000 76070.000000 5.110145
189051.000000 76070.000000 5.111930
189053.000000 76070.000000 5.112690
189055.000000 76070.000000 5.112956
189057.000000 76070.000000 5.113020
189059.000000 76070.000000 5.113020
189061.000000 76070.000000 5.113010
189063.000000 76070.000000 5.113004
189065.000000 76070.000000 5.113001
189067.000000 76070.000000 5.113000
189069.000000 76070.000000 5.113000
189071.000000 76070.000000 5.113000
189073.000000 76070.000000 5.113000
189075.000000 76070.000000 5.113000
189077.000000 76070.000000 5.113000
189079.000000 76070.000000 5.113000
189081.000000 76070.000000 5.113000
189083.000000 76070.000000 5.113000
189085.000000 76070.000000 5.113000
189087.000000 76070.000000 5.113000
189089.000000 76070.000000 5.113000
189091.000000 76070.000000 5.113000
189093.000000 76070.000000 5.113000
189095.000000 76070.000000 5.113000
189097.000000 76070.000000 5.113000
189099.000000 76070.000000 5.113000
189101.000000 76070.000000 5.113000
189103.000000 76070.000000 5.113000
189105.000000 76070.000000 5.113000
189107.000000 76070.000000 5.113000
189109.000000 76070.000000 5.113000
189111.000000 76070.000000 5.113000
189113.000000 76070.000000 5.113000
189115.000000 76070.000000 5.113000
189117.000000 76070.000000 5.113000
189119.000000 76070.000000 5.113000
189121.000000 76070.000000 5.113000
189123.000000 76070.000000 5.113000
189125.000000 76070.000000 5.113000
188925.000000 76072.000000 1.598438
188927.000000 76072.000000 1.604907
188929.000000 76072.000000 1.621846
188931.000000 76072.000000 1.657343
188933.000000 76072.000000 1.722433
188935.000000 76072.000000 1.827542
188937.000000 76072.000000 1.976198
188939.000000 76072.000000 2.159359
188941.000000 76072.000000 2.354406
188943.000000 76072.000000 2.532259
188945.000000 76072.000000 2.669133
188947.000000 76072.000000 2.756539
188949.000000 76072.000000 2.802408
188951.000000 76072.000000 2.824208
188953.000000 76072.000000 2.839237
188955.000000 76072.000000 2.859167
188957.000000 76072.000000 2.889952
188959.000000 76072.000000 2.934789
188961.000000 76072.000000 2.996126
188963.000000 76072.000000 3.075937
188965.000000 76072.000000 3.175161
188967.000000 76072.000000 3.293919
188969.000000 76072.000000 3.432271
188971.000000 76072.000000 3.590539
188973.000000 76072.000000 3.768150
188975.000000 76072.000000 3.961756
188977.000000 76072.000000 4.164312
188979.000000 76072.000000 4.366528
188981.000000 76072.000000 4.560030
188983.000000 76072.000000 4.740073
188985.000000 76072.000000 4.905876
188987.000000 76072.000000 5.058582
188989.000000 76072.000000 5.198352
188991.000000 76072.000000 5.322098
188993.000000 76072.000000 5.422386
188995.000000 76072.000000 5.487540
188997.000000 76072.000000 5.503250
188999.000000 76072.000000 5.456290
189001.000000 76072.000000 5.340151
189003.000000 76072.000000 5.160707
189005.000000 76072.000000 4.938649
189007.000000 76072.000000 4.706109
189009.000000 76072.000000 4.497808
189011.000000 76072.000000 4.340643
189013.000000 76072.000000 4.246869
189015.000000 76072.000000 4.213848
189017.000000 76072.000000 4.229252
189019.000000 76072.000000 4.277896
189021.000000 76072.000000 4.346677
189023.000000 76072.000000 4.426375
189025.000000 76072.000000 4.511167
189027.000000 76072.000000 4.597310
189029.000000 76072.000000 4.682001
189031.000000 76072.000000 4.762750
189033.000000 76072.000000 4.837241
189035.000000 76072.000000 4.903484
189037.000000 76072.000000 4.960062
189039.000000 76072.000000 5.006304
189041.000000 76072.000000 5.042323
189043.000000 76072.000000 5.068922
189045.000000 76072.000000 5.087413
189047.000000 76072.000000 5.099399
189049.000000 76072.000000 5.106545
189051.000000 76072.000000 5.110383
189053.000000 76072.000000 5.112181
189055.000000 76072.000000 5.112872
189057.000000 76072.000000 5.113058
189059.000000 76072.000000 5.113066
189061.000000 76072.000000 5.113037
189063.000000 76072.000000 5.113015
189065.000000 76072.000000 5.113005
189067.000000 76072.000000 5.113001
189069.000000 76072.000000 5.113000
189071.000000 76072.000000 5.113000
189073.000000 76072.000000 5.113000
189075.000000 76072.000000 5.113000
189077.000000 76072.000000 5.113000
189079.000000 76072.000000 5.113000
189081.000000 76072.000000 5.113000
189083.000000 76072.000000 5.113000
189085.000000 76072.000000 5.113000
189087.000000 76072.000000 5.113000
189089.000000 76072.000000 5.113000
189091.000000 76072.000000 5.113000
189093.000000 76072.000000 5.113000
189095.000000 76072.000000 5.113000
189097.000000 76072.000000 5.113000
189099.000000 76072.000000 5.113000
189101.000000 76072.000000 5.113000
189103.000000 76072.000000 5.113000
189105.000000 76072.000000 5.113000
189107.000000 76072.000000 5.113000
189109.000000 76072.000000 5.113000
189111.000000 76072.000000 5.113000
189113.000000 76072.000000 5.113000
189115.000000 76072.000000 5.113000
189117.000000 76072.000000 5.113000
189119.000000 76072.000000 5.113000
189121.000000 76072.000000 5.113000
189123.000000 76072.000000 5.113000
189125.000000 76072.000000 5.113000
188925.000000 76074.000000 1.590183
188927.000000 76074.000000 1.594842
188929.000000 76074.000000 1.607137
188931.000000 76074.000000 1.634422
188933.000000 76074.000000 1.689220
188935.000000 76074.000000 1.786816
188937.000000 76074.000000 1.937678
188939.000000 76074.000000 2.137992
188941.000000 76074.000000 2.364504
188943.000000 76074.000000 2.580740
188945.000000 76074.000000 2.752353
188947.000000 76074.000000 2.862996
188949.000000 76074.000000 2.919056
188951.000000 76074.000000 2.942003
188953.000000 76074.000000 2.954924
188955.000000 76074.000000 2.973877
188957.000000 76074.000000 3.006928
188959.000000 76074.000000 3.057973
188961.000000 76074.000000 3.129627
188963.000000 76074.000000 3.223673
188965.000000 76074.000000 3.340219
188967.000000 76074.000000 3.477700
188969.000000 76074.000000 3.633633
188971.000000 76074.000000 3.805339
188973.000000 76074.000000 3.989636
188975.000000 76074.000000 4.182109
188977.000000 76074.000000 4.376825
188979.000000 76074.000000 4.567306
188981.000000 76074.000000 4.748178
188983.000000 76074.000000 4.916400
188985.000000 76074.000000 5.071068
188987.000000 76074.000000 5.211834
188989.000000 76074.000000 5.336685
188991.000000 76074.000000 5.440007
188993.000000 76074.000000 5.511658
188995.000000 76074.000000 5.537709
188997.000000 76074.000000 5.503445
188999.000000 76074.000000 5.398611
189001.000000 76074.000000 5.223559
189003.000000 76074.000000 4.993499
189005.000000 76074.000000 4.737788
189007.000000 76074.000000 4.493081
189009.000000 76074.000000 4.292667
189011.000000 76074.000000 4.157003
189013.000000 76074.000000 4.090030
189015.000000 76074.000000 4.082280
189017.000000 76074.000000 4.117892
189019.000000 76074.000000 4.181220
189021.000000 76074.000000 4.260349
189023.000000 76074.000000 4.347469
189025.000000 76074.000000 4.437667
189027.000000 76074.000000 4.527586
189029.000000 76074.000000 4.614656
189031.000000 76074.000000 4.696881
189033.000000 76074.000000 4.772872
189035.000000 76074.000000 4.841828
189037.000000 76074.000000 4.903317
189039.000000 76074.000000 4.956983
189041.000000 76074.000000 5.002393
189043.000000 76074.000000 5.039161
189045.000000 76074.000000 5.067233
189047.000000 76074.000000 5.087138
189049.000000 76074.000000 5.100027
189051.000000 76074.000000 5.107489
189053.000000 76074.000000 5.111229
189055.000000 76074.000000 5.112760
189057.000000 76074.000000 5.113193
189059.000000 76074.000000 5.113205
189061.000000 76074.000000 5.113122
189063.000000 76074.000000 5.113054
189065.000000 76074.000000 5.113020
189067.000000 76074.000000 5.113006
189069.000000 76074.000000 5.113001
189071.000000 76074.000000 5.113000
189073.000000 76074.000000 5.113000
189075.000000 76074.000000 5.113000
189077.000000 76074.000000 5.113000
189079.000000 76074.000000 5.113000
189081.000000 76074.000000 5.113000
189083.000000 76074.000000 5.113000
189085.000000 76074.000000 5.113000
189087.000000 76074.000000 5.113000
189089.000000 76074.000000 5.113000
189091.000000 76074.000000 5.113000
189093.000000 76074.000000 5.113000
189095.000000 76074.000000 5.113000
189097.000000 76074.000000 5.113000
189099.000000 76074.000000 5.113000
189101.000000 76074.000000 5.113000
189103.000000 76074.000000 5.113000
189105.000000 76074.000000 5.113000
189107.000000 76074.000000 5.113000
189109.000000 76074.000000 5.113000
189111.000000 76074.000000 5.113000
189113.000000 76074.000000 5.113000
189115.000000 76074.000000 5.113000
189117.000000 76074.000000 5.113000
189119.000000 76074.000000 5.113000
189121.000000 76074.000000 5.113000
189123.000000 76074.000000 5.113000
189125.000000 76074.000000 5.113000
188925.000000 76076.000000 1.577546
188927.000000 76076.000000 1.582587
188929.000000 76076.000000 1.594574
188931.000000 76076.000000 1.619903
188933.000000 76076.000000 1.672033
188935.000000 76076.000000 1.770216
188937.000000 76076.000000 1.930869
188939.000000 76076.000000 2.154655
188941.000000 76076.000000 2.417363
188943.000000 76076.000000 2.675063
188945.000000 76076.000000 2.882762
188947.000000 76076.000000 3.016020
188949.000000 76076.000000 3.079442
188951.000000 76076.000000 3.098437
188953.000000 76076.000000 3.102073
188955.000000 76076.000000 3.111136
188957.000000 76076.000000 3.136224
188959.000000 76076.000000 3.182390
188961.000000 76076.000000 3.252892
188963.000000 76076.000000 3.349816
188965.000000 76076.000000 3.473008
188967.000000 76076.000000 3.619938
188969.000000 76076.000000 3.786465
188971.000000 76076.000000 3.967698
188973.000000 76076.000000 4.158082
188975.000000 76076.000000 4.351358
188977.000000 76076.000000 4.540879
188979.000000 76076.000000 4.720631
188981.000000 76076.000000 4.886346
188983.000000 76076.000000 5.036107
188985.000000 76076.000000 5.169844
188987.000000 76076.000000 5.287699
188989.000000 76076.000000 5.387592
188991.000000 76076.000000 5.462917
188993.000000 76076.000000 5.501648
188995.000000 76076.000000 5.488131
188997.000000 76076.000000 5.407961
188999.000000 76076.000000 5.254792
189001.000000 76076.000000 5.036354
189003.000000 76076.000000 4.776320
189005.000000 76076.000000 4.509974
189007.000000 76076.000000 4.274551
189009.000000 76076.000000 4.098311
189011.000000 76076.000000 3.993514
189013.000000 76076.000000 3.956307
189015.000000 76076.000000 3.972431
189017.000000 76076.000000 4.024759
189019.000000 76076.000000 4.098726
189021.000000 76076.000000 4.184213
189023.000000 76076.000000 4.274817
189025.000000 76076.000000 4.366345
189027.000000 76076.000000 4.455739
189029.000000 76076.000000 4.540788
189031.000000 76076.000000 4.620299
189033.000000 76076.000000 4.694235
189035.000000 76076.000000 4.763390
189037.000000 76076.000000 4.828618
189039.000000 76076.000000 4.889997
189041.000000 76076.000000 4.946463
189043.000000 76076.000000 4.996132
189045.000000 76076.000000 5.037096
189047.000000 76076.000000 5.068243
189049.000000 76076.000000 5.089714
189051.000000 76076.000000 5.102859
189053.000000 76076.000000 5.109786
189055.000000 76076.000000 5.112740
189057.000000 76076.000000 5.113588
189059.000000 76076.000000 5.113575
189061.000000 76076.000000 5.113352
189063.000000 76076.000000 5.113168
189065.000000 76076.000000 5.113065
189067.000000 76076.000000 5.113021
189069.000000 76076.000000 5.113005
189071.000000 76076.000000 5.113001
189073.000000 76076.000000 5.113000
189075.000000 76076.000000 5.113000
189077.000000 76076.000000 5.113000
189079.000000 76076.000000 5.113000
189081.000000 76076.000000 5.113000
189083.000000 76076.000000 5.113000
189085.000000 76076.000000 5.113000
189087.000000 76076.000000 5.113000
189089.000000 76076.000000 5.113000
189091.000000 76076.000000 5.113000
189093.000000 76076.000000 5.113000
189095.000000 76076.000000 5.113000
189097.000000 76076.000000 5.113000
189099.000000 76076.000000 5.113000
189101.000000 76076.000000 5.113000
189103.000000 76076.000000 5.113000
189105.000000 76076.000000 5.113000
189107.000000 76076.000000 5.113000
189109.000000 76076.000000 5.113000
189111.000000 76076.000000 5.113000
189113.000000 76076.000000 5.113000
189115.000000 76076.000000 5.113000
189117.000000 76076.000000 5.113000
189119.000000 76076.000000 5.113000
189121.000000 76076.000000 5.113000
189123.000000 76076.000000 5.113000
189125.000000 76076.000000 5.113000
188925.000000 76078.000000 1.558374
188927.000000 76078.000000 1.565837
188929.000000 76078.000000 1.581753
188931.000000 76078.000000 1.611645
188933.000000 76078.000000 1.669509
188935.000000 76078.000000 1.777309
188937.000000 76078.000000 1.955458
188939.000000 76078.000000 2.207265
188941.000000 76078.000000 2.506908
188943.000000 76078.000000 2.803837
188945.000000 76078.000000 3.044075
188947.000000 76078.000000 3.196284
188949.000000 76078.000000 3.263320
188951.000000 76078.000000 3.273575
188953.000000 76078.000000 3.261017
188955.000000 76078.000000 3.250629
188957.000000 76078.000000 3.255764
188959.000000 76078.000000 3.283316
188961.000000 76078.000000 3.338023
188963.000000 76078.000000 3.423064
188965.000000 76078.000000 3.538813
188967.000000 76078.000000 3.682701
188969.000000 76078.000000 3.850017
188971.000000 76078.000000 4.034651
188973.000000 76078.000000 4.229052
188975.000000 76078.000000 4.424409
188977.000000 76078.000000 4.611554
188979.000000 76078.000000 4.782682
188981.000000 76078.000000 4.932930
188983.000000 76078.000000 5.061163
188985.000000 76078.000000 5.169269
188987.000000 76078.000000 5.259843
188989.000000 76078.000000 5.332617
188991.000000 76078.000000 5.381145
188993.000000 76078.000000 5.391914
188995.000000 76078.000000 5.347616
188997.000000 76078.000000 5.234302
188999.000000 76078.000000 5.049643
189001.000000 76078.000000 4.808133
189003.000000 76078.000000 4.539979
189005.000000 76078.000000 4.283287
189007.000000 76078.000000 4.072666
189009.000000 76078.000000 3.929436
189011.000000 76078.000000 3.857791
189013.000000 76078.000000 3.847882
189015.000000 76078.000000 3.882996
189017.000000 76078.000000 3.946553
189019.000000 76078.000000 4.025944
189021.000000 76078.000000 4.112983
189023.000000 76078.000000 4.202515
189025.000000 76078.000000 4.290952
189027.000000 76078.000000 4.375592
189029.000000 76078.000000 4.454798
189031.000000 76078.000000 4.528457
189033.000000 76078.000000 4.598102
189035.000000 76078.000000 4.666237
189037.000000 76078.000000 4.735020
189039.000000 76078.000000 4.804940
189041.000000 76078.000000 4.874256
189043.000000 76078.000000 4.939464
189045.000000 76078.000000 4.996523
189047.000000 76078.000000 5.042251
189049.000000 76078.000000 5.075299
189051.000000 76078.000000 5.096420
189053.000000 76078.000000 5.107985
189055.000000 76078.000000 5.113065
189057.000000 76078.000000 5.114514
189059.000000 76078.000000 5.114394
189061.000000 76078.000000 5.113873
189063.000000 76078.000000 5.113434
189065.000000 76078.000000 5.113178
189067.000000 76078.000000 5.113061
189069.000000 76078.000000 5.113017
189071.000000 76078.000000 5.113004
189073.000000 76078.000000 5.113001
189075.000000 76078.000000 5.113000
189077.000000 76078.000000 5.113000
189079.000000 76078.000000 5.113000
189081.000000 76078.000000 5.113000
189083.000000 76078.000000 5.113000
189085.000000 76078.000000 5.113000
189087.000000 76078.000000 5.113000
189089.000000 76078.000000 5.113000
189091.000000 76078.000000 5.113000
189093.000000 76078.000000 5.113000
189095.000000 76078.000000 5.113000
189097.000000 76078.000000 5.113000
189099.000000 76078.000000 5.113000
189101.000000 76078.000000 5.113000
189103.000000 76078.000000 5.113000
189105.000000 76078.000000 5.113000
189107.000000 76078.000000 5.113000
189109.000000 76078.000000 5.113000
189111.000000 76078.000000 5.113000
189113.000000 76078.000000 5.113000
189115.000000 76078.000000 5.113000
189117.000000 76078.000000 5.113000
189119.000000 76078.000000 5.113000
189121.000000 76078.000000 5.113000
189123.000000 76078.000000 5.113000
189125.000000 76078.000000 5.113000
188925.000000 76080.000000 1.533090
188927.000000 76080.000000 1.544545
188929.000000 76080.000000 1.567913
188931.000000 76080.000000 1.608202
188933.000000 76080.000000 1.679548
188935.000000 76080.000000 1.804874
188937.000000 76080.000000 2.005730
188939.000000 76080.000000 2.285489
188941.000000 76080.000000 2.616212
188943.000000 76080.000000 2.942956
188945.000000 76080.000000 3.206467
188947.000000 76080.000000 3.371289
188949.000000 76080.000000 3.438775
188951.000000 76080.000000 3.438280
188953.000000 76080.000000 3.406088
188955.000000 76080.000000 3.369763
188957.000000 76080.000000 3.345241
188959.000000 76080.000000 3.342029
188961.000000 76080.000000 3.367357
188963.000000 76080.000000 3.426359
188965.000000 76080.000000 3.520662
188967.000000 76080.000000 3.648445
188969.000000 76080.000000 3.805441
188971.000000 76080.000000 3.985419
188973.000000 76080.000000 4.179580
188975.000000 76080.000000 4.376451
188977.000000 76080.000000 4.563234
188979.000000 76080.000000 4.728659
188981.000000 76080.000000 4.865872
188983.000000 76080.000000 4.974119
188985.000000 76080.000000 5.058016
188987.000000 76080.000000 5.124093
188989.000000 76080.000000 5.175335
188991.000000 76080.000000 5.206263
188993.000000 76080.000000 5.201918
188995.000000 76080.000000 5.142872
188997.000000 76080.000000 5.014909
188999.000000 76080.000000 4.818687
189001.000000 76080.000000 4.573892
189003.000000 76080.000000 4.315092
189005.000000 76080.000000 4.080950
189007.000000 76080.000000 3.902002
189009.000000 76080.000000 3.792670
189011.000000 76080.000000 3.750546
189013.000000 76080.000000 3.761882
189015.000000 76080.000000 3.809320
189017.000000 76080.000000 3.877835
189019.000000 76080.000000 3.957051
189021.000000 76080.000000 4.040623
189023.000000 76080.000000 4.124531
189025.000000 76080.000000 4.205815
189027.000000 76080.000000 4.282306
189029.000000 76080.000000 4.353159
189031.000000 76080.000000 4.419481
189033.000000 76080.000000 4.484346
189035.000000 76080.000000 4.551773
189037.000000 76080.000000 4.624975
189039.000000 76080.000000 4.704703
189041.000000 76080.000000 4.788527
189043.000000 76080.000000 4.871369
189045.000000 76080.000000 4.947029
189047.000000 76080.000000 5.010048
189049.000000 76080.000000 5.057256
189051.000000 76080.000000 5.088460
189053.000000 76080.000000 5.106082
189055.000000 76080.000000 5.114013
189057.000000 76080.000000 5.116246
189059.000000 76080.000000 5.115895
189061.000000 76080.000000 5.114848
189063.000000 76080.000000 5.113950
189065.000000 76080.000000 5.113406
189067.000000 76080.000000 5.113144
189069.000000 76080.000000 5.113042
189071.000000 76080.000000 5.113009
189073.000000 76080.000000 5.113002
189075.000000 76080.000000 5.113000
189077.000000 76080.000000 5.113000
189079.000000 76080.000000 5.113000
189081.000000 76080.000000 5.113000
189083.000000 76080.000000 5.113000
189085.000000 76080.000000 5.113000
189087.000000 76080.000000 5.113000
189089.000000 76080.000000 5.113000
189091.000000 76080.000000 5.113000
189093.000000 76080.000000 5.113000
189095.000000 76080.000000 5.113000
189097.000000 76080.000000 5.113000
189099.000000 76080.000000 5.113000
189101.000000 76080.000000 5.113000
189103.000000 76080.000000 5.113000
189105.000000 76080.000000 5.113000
189107.000000 76080.000000 5.113000
189109.000000 76080.000000 5.113000
189111.000000 76080.000000 5.113000
189113.000000 76080.000000 5.113000
189115.000000 76080.000000 5.113000
189117.000000 76080.000000 5.113000
189119.000000 76080.000000 5.113000
189121.000000 76080.000000 5.113000
189123.000000 76080.000000 5.113000
189125.000000 76080.000000 5.113000
188925.000000 76082.000000 1.506133
188927.000000 76082.000000 1.522110
188929.000000 76082.000000 1.554604
188931.000000 76082.000000 1.608711
188933.000000 76082.000000 1.698359
188935.000000 76082.000000 1.845464
188937.000000 76082.000000 2.069592
188939.000000 76082.000000 2.371610
188941.000000 76082.000000 2.721537
188943.000000 76082.000000 3.063407
188945.000000 76082.000000 3.337676
188947.000000 76082.000000 3.508353
188949.000000 76082.000000 3.575466
188951.000000 76082.000000 3.566518
188953.000000 76082.000000 3.516520
188955.000000 76082.000000 3.453289
188957.000000 76082.000000 3.394854
188959.000000 76082.000000 3.354005
188961.000000 76082.000000 3.341383
188963.000000 76082.000000 3.364743
188965.000000 76082.000000 3.427376
188967.000000 76082.000000 3.528606
188969.000000 76082.000000 3.665226
188971.000000 76082.000000 3.831787
188973.000000 76082.000000 4.019220
188975.000000 76082.000000 4.214025
188977.000000 76082.000000 4.399778
188979.000000 76082.000000 4.561182
188981.000000 76082.000000 4.688720
188983.000000 76082.000000 4.781718
188985.000000 76082.000000 4.847783
188987.000000 76082.000000 4.898028
188989.000000 76082.000000 4.939292
188991.000000 76082.000000 4.967266
188993.000000 76082.000000 4.965175
188995.000000 76082.000000 4.910559
188997.000000 76082.000000 4.787572
188999.000000 76082.000000 4.598147
189001.000000 76082.000000 4.365262
189003.000000 76082.000000 4.126153
189005.000000 76082.000000 3.919104
189007.000000 76082.000000 3.770813
189009.000000 76082.000000 3.690171
189011.000000 76082.000000 3.670101
189013.000000 76082.000000 3.694715
189015.000000 76082.000000 3.747100
189017.000000 76082.000000 3.814176
189019.000000 76082.000000 3.887766
189021.000000 76082.000000 3.963230
189023.000000 76082.000000 4.037630
189025.000000 76082.000000 4.108710
189027.000000 76082.000000 4.174989
189029.000000 76082.000000 4.236540
189031.000000 76082.000000 4.295675
189033.000000 76082.000000 4.356776
189035.000000 76082.000000 4.424982
189037.000000 76082.000000 4.504166
189039.000000 76082.000000 4.595095
189041.000000 76082.000000 4.694632
189043.000000 76082.000000 4.796280
189045.000000 76082.000000 4.891847
189047.000000 76082.000000 4.973665
189049.000000 76082.000000 5.036633
189051.000000 76082.000000 5.079391
189053.000000 76082.000000 5.104190
189055.000000 76082.000000 5.115613
189057.000000 76082.000000 5.118827
189059.000000 76082.000000 5.118141
189061.000000 76082.000000 5.116340
189063.000000 76082.000000 5.114761
189065.000000 76082.000000 5.113772
189067.000000 76082.000000 5.113280
189069.000000 76082.000000 5.113082
189071.000000 76082.000000 5.113018
189073.000000 76082.000000 5.113002
189075.000000 76082.000000 5.113000
189077.000000 76082.000000 5.113000
189079.000000 76082.000000 5.113000
189081.000000 76082.000000 5.113000
189083.000000 76082.000000 5.113000
189085.000000 76082.000000 5.113000
189087.000000 76082.000000 5.113000
189089.000000 76082.000000 5.113000
189091.000000 76082.000000 5.113000
189093.000000 76082.000000 5.113000
189095.000000 76082.000000 5.113000
189097.000000 76082.000000 5.113000
189099.000000 76082.000000 5.113000
189101.000000 76082.000000 5.113000
189103.000000 76082.000000 5.113000
189105.000000 76082.000000 5.113000
189107.000000 76082.000000 5.113000
189109.000000 76082.000000 5.113000
189111.000000 76082.000000 5.113000
189113.000000 76082.000000 5.113000
189115.000000 76082.000000 5.113000
189117.000000 76082.000000 5.113000
189119.000000 76082.000000 5.113000
189121.000000 76082.000000 5.113000
189123.000000 76082.000000 5.113000
189125.000000 76082.000000 5.113000
188925.000000 76084.000000 1.487978
188927.000000 76084.000000 1.507313
188929.000000 76084.000000 1.547289
188931.000000 76084.000000 1.613819
188933.000000 76084.000000 1.720534
188935.000000 76084.000000 1.886956
188937.000000 76084.000000 2.128512
188939.000000 76084.000000 2.442151
188941.000000 76084.000000 2.796790
188943.000000 76084.000000 3.139005
188945.000000 76084.000000 3.413480
188947.000000 76084.000000 3.586520
188949.000000 76084.000000 3.656391
188951.000000 76084.000000 3.645713
188953.000000 76084.000000 3.584714
188955.000000 76084.000000 3.499282
188957.000000 76084.000000 3.409029
188959.000000 76084.000000 3.330467
188961.000000 76084.000000 3.278185
188963.000000 76084.000000 3.262863
188965.000000 76084.000000 3.289548
188967.000000 76084.000000 3.358704
188969.000000 76084.000000 3.468258
188971.000000 76084.000000 3.613875
188973.000000 76084.000000 3.786928
188975.000000 76084.000000 3.972912
188977.000000 76084.000000 4.152870
188979.000000 76084.000000 4.308400
188981.000000 76084.000000 4.427916
188983.000000 76084.000000 4.511042
188985.000000 76084.000000 4.568224
188987.000000 76084.000000 4.614662
188989.000000 76084.000000 4.660357
188991.000000 76084.000000 4.701443
188993.000000 76084.000000 4.718644
188995.000000 76084.000000 4.685706
188997.000000 76084.000000 4.584082
188999.000000 76084.000000 4.415503
189001.000000 76084.000000 4.204604
189003.000000 76084.000000 3.990038
189005.000000 76084.000000 3.809391
189007.000000 76084.000000 3.686347
189009.000000 76084.000000 3.625918
189011.000000 76084.000000 3.618225
189013.000000 76084.000000 3.646739
189015.000000 76084.000000 3.695870
189017.000000 76084.000000 3.754805
189019.000000 76084.000000 3.817548
189021.000000 76084.000000 3.881003
189023.000000 76084.000000 3.943142
189025.000000 76084.000000 4.002312
189027.000000 76084.000000 4.057693
189029.000000 76084.000000 4.110258
189031.000000 76084.000000 4.163393
189033.000000 76084.000000 4.222487
189035.000000 76084.000000 4.293375
189037.000000 76084.000000 4.380167
189039.000000 76084.000000 4.483372
189041.000000 76084.000000 4.599094
189043.000000 76084.000000 4.719572
189045.000000 76084.000000 4.834911
189047.000000 76084.000000 4.935512
189049.000000 76084.000000 5.014506
189051.000000 76084.000000 5.069336
189053.000000 76084.000000 5.101909
189055.000000 76084.000000 5.117311
189057.000000 76084.000000 5.121768
189059.000000 76084.000000 5.120789
189061.000000 76084.000000 5.118141
189063.000000 76084.000000 5.115751
189065.000000 76084.000000 5.114213
189067.000000 76084.000000 5.113432
189069.000000 76084.000000 5.113115
189071.000000 76084.000000 5.113015
189073.000000 76084.000000 5.112995
189075.000000 76084.000000 5.112995
189077.000000 76084.000000 5.112997
189079.000000 76084.000000 5.112999
189081.000000 76084.000000 5.113000
189083.000000 76084.000000 5.113000
189085.000000 76084.000000 5.113000
189087.000000 76084.000000 5.113000
189089.000000 76084.000000 5.113000
189091.000000 76084.000000 5.113000
189093.000000 76084.000000 5.113000
189095.000000 76084.000000 5.113000
189097.000000 76084.000000 5.113000
189099.000000 76084.000000 5.113000
189101.000000 76084.000000 5.113000
189103.000000 76084.000000 5.113000
189105.000000 76084.000000 5.113000
189107.000000 76084.000000 5.113000
189109.000000 76084.000000 5.113000
189111.000000 76084.000000 5.113000
189113.000000 76084.000000 5.113000
189115.000000 76084.000000 5.113000
189117.000000 76084.000000 5.113000
189119.000000 76084.000000 5.113000
189121.000000 76084.000000 5.113000
189123.000000 76084.000000 5.113000
189125.000000 76084.000000 5.113000
188925.000000 76086.000000 1.496461
188927.000000 76086.000000 1.516048
188929.000000 76086.000000 1.557671
188931.000000 76086.000000 1.628592
188933.000000 76086.000000 1.742508
188935.000000 76086.000000 1.916639
188937.000000 76086.000000 2.162353
188939.000000 76086.000000 2.473398
188941.000000 76086.000000 2.819420
188943.000000 76086.000000 3.152207
188945.000000 76086.000000 3.422995
188947.000000 76086.000000 3.601031
188949.000000 76086.000000 3.681352
188951.000000 76086.000000 3.679028
188953.000000 76086.000000 3.617092
188955.000000 76086.000000 3.518248
188957.000000 76086.000000 3.403431
188959.000000 76086.000000 3.292955
188961.000000 76086.000000 3.205375
188963.000000 76086.000000 3.154247
188965.000000 76086.000000 3.146362
188967.000000 76086.000000 3.183249
188969.000000 76086.000000 3.263663
188971.000000 76086.000000 3.383962
188973.000000 76086.000000 3.535873
188975.000000 76086.000000 3.704606
188977.000000 76086.000000 3.870344
188979.000000 76086.000000 4.013828
188981.000000 76086.000000 4.123477
188983.000000 76086.000000 4.200301
188985.000000 76086.000000 4.257201
188987.000000 76086.000000 4.311796
188989.000000 76086.000000 4.375103
188991.000000 76086.000000 4.442077
188993.000000 76086.000000 4.490424
188995.000000 76086.000000 4.490427
188997.000000 76086.000000 4.421158
188999.000000 76086.000000 4.283681
189001.000000 76086.000000 4.102892
189003.000000 76086.000000 3.917165
189005.000000 76086.000000 3.762265
189007.000000 76086.000000 3.658900
189009.000000 76086.000000 3.609381
189011.000000 76086.000000 3.602862
189013.000000 76086.000000 3.624040
189015.000000 76086.000000 3.660089
189017.000000 76086.000000 3.703270
189019.000000 76086.000000 3.749942
189021.000000 76086.000000 3.798264
189023.000000 76086.000000 3.846617
189025.000000 76086.000000 3.893475
189027.000000 76086.000000 3.938356
189029.000000 76086.000000 3.982942
189031.000000 76086.000000 4.031514
189033.000000 76086.000000 4.090218
189035.000000 76086.000000 4.165264
189037.000000 76086.000000 4.260669
189039.000000 76086.000000 4.376442
189041.000000 76086.000000 4.507839
189043.000000 76086.000000 4.645956
189045.000000 76086.000000 4.779512
189047.000000 76086.000000 4.897398
189049.000000 76086.000000 4.991332
189051.000000 76086.000000 5.057726
189053.000000 76086.000000 5.098083
189055.000000 76086.000000 5.117774
189057.000000 76086.000000 5.123859
189059.000000 76086.000000 5.122897
189061.000000 76086.000000 5.119594
189063.000000 76086.000000 5.116495
189065.000000 76086.000000 5.114464
189067.000000 76086.000000 5.113435
189069.000000 76086.000000 5.113036
189071.000000 76086.000000 5.112937
189073.000000 76086.000000 5.112941
189075.000000 76086.000000 5.112965
189077.000000 76086.000000 5.112983
189079.000000 76086.000000 5.112993
189081.000000 76086.000000 5.112998
189083.000000 76086.000000 5.112999
189085.000000 76086.000000 5.113000
189087.000000 76086.000000 5.113000
189089.000000 76086.000000 5.113000
189091.000000 76086.000000 5.113000
189093.000000 76086.000000 5.113000
189095.000000 76086.000000 5.113000
189097.000000 76086.000000 5.113000
189099.000000 76086.000000 5.113000
189101.000000 76086.000000 5.113000
189103.000000 76086.000000 5.113000
189105.000000 76086.000000 5.113000
189107.000000 76086.000000 5.113000
189109.000000 76086.000000 5.113000
189111.000000 76086.000000 5.113000
189113.000000 76086.000000 5.113000
189115.000000 76086.000000 5.113000
189117.000000 76086.000000 5.113000
189119.000000 76086.000000 5.113000
189121.000000 76086.000000 5.113000
189123.000000 76086.000000 5.113000
189125.000000 76086.000000 5.113000
188925.000000 76088.000000 1.554397
188927.000000 76088.000000 1.569731
188929.000000 76088.000000 1.603698
188931.000000 76088.000000 1.664852
188933.000000 76088.000000 1.767764
188935.000000 76088.000000 1.929186
188937.000000 76088.000000 2.159065
188939.000000 76088.000000 2.450827
188941.000000 76088.000000 2.777339
188943.000000 76088.000000 3.096991
188945.000000 76088.000000 3.367363
188947.000000 76088.000000 3.558936
188949.000000 76088.000000 3.661082
188951.000000 76088.000000 3.679214
188953.000000 76088.000000 3.628024
188955.000000 76088.000000 3.526741
188957.000000 76088.000000 3.397557
188959.000000 76088.000000 3.264322
188961.000000 76088.000000 3.149157
188963.000000 76088.000000 3.068367
188965.000000 76088.000000 3.030744
188967.000000 76088.000000 3.039126
188969.000000 76088.000000 3.092760
188971.000000 76088.000000 3.187640
188973.000000 76088.000000 3.314701
188975.000000 76088.000000 3.458666
188977.000000 76088.000000 3.600331
188979.000000 76088.000000 3.722508
188981.000000 76088.000000 3.816832
188983.000000 76088.000000 3.887610
188985.000000 76088.000000 3.949802
188987.000000 76088.000000 4.020939
188989.000000 76088.000000 4.109886
188991.000000 76088.000000 4.208460
188993.000000 76088.000000 4.291645
188995.000000 76088.000000 4.328360
188997.000000 76088.000000 4.297514
188999.000000 76088.000000 4.200103
189001.000000 76088.000000 4.059635
189003.000000 76088.000000 3.911085
189005.000000 76088.000000 3.785421
189007.000000 76088.000000 3.698923
189009.000000 76088.000000 3.651765
189011.000000 76088.000000 3.634255
189013.000000 76088.000000 3.635050
189015.000000 76088.000000 3.646484
189017.000000 76088.000000 3.665341
189019.000000 76088.000000 3.690698
189021.000000 76088.000000 3.721482
189023.000000 76088.000000 3.755594
189025.000000 76088.000000 3.790767
189027.000000 76088.000000 3.826239
189029.000000 76088.000000 3.864041
189031.000000 76088.000000 3.909147
189033.000000 76088.000000 3.968309
189035.000000 76088.000000 4.047946
189037.000000 76088.000000 4.151817
189039.000000 76088.000000 4.279282
189041.000000 76088.000000 4.424695
189043.000000 76088.000000 4.578118
189045.000000 76088.000000 4.727185
189047.000000 76088.000000 4.859720
189049.000000 76088.000000 4.966475
189051.000000 76088.000000 5.043116
189053.000000 76088.000000 5.090770
189055.000000 76088.000000 5.114914
189057.000000 76088.000000 5.123152
189059.000000 76088.000000 5.122836
189061.000000 76088.000000 5.119445
189063.000000 76088.000000 5.116080
189065.000000 76088.000000 5.113882
189067.000000 76088.000000 5.112846
189069.000000 76088.000000 5.112552
189071.000000 76088.000000 5.112597
189073.000000 76088.000000 5.112734
189075.000000 76088.000000 5.112855
189077.000000 76088.000000 5.112933
189079.000000 76088.000000 5.112974
189081.000000 76088.000000 5.112992
189083.000000 76088.000000 5.112998
189085.000000 76088.000000 5.113000
189087.000000 76088.000000 5.113000
189089.000000 76088.000000 5.113000
189091.000000 76088.000000 5.113000
189093.000000 76088.000000 5.113000
189095.000000 76088.000000 5.113000
189097.000000 76088.000000 5.113000
189099.000000 76088.000000 5.113000
189101.000000 76088.000000 5.113000
189103.000000 76088.000000 5.113000
189105.000000 76088.000000 5.113000
189107.000000 76088.000000 5.113000
189109.000000 76088.000000 5.113000
189111.000000 76088.000000 5.113000
189113.000000 76088.000000 5.113000
189115.000000 76088.000000 5.113000
189117.000000 76088.000000 5.113000
189119.000000 76088.000000 5.113000
189121.000000 76088.000000 5.113000
189123.000000 76088.000000 5.113000
189125.000000 76088.000000 5.113000
188925.000000 76090.000000 1.679068
188927.000000 76090.000000 1.685817
188929.000000 76090.000000 1.702416
188931.000000 76090.000000 1.737895
188933.000000 76090.000000 1.808484
188935.000000 76090.000000 1.933176
188937.000000 76090.000000 2.124407
188939.000000 76090.000000 2.379157
188941.000000 76090.000000 2.676227
188943.000000 76090.000000 2.981369
188945.000000 76090.000000 3.257215
188947.000000 76090.000000 3.472843
188949.000000 76090.000000 3.609252
188951.000000 76090.000000 3.660438
188953.000000 76090.000000 3.632115
188955.000000 76090.000000 3.539939
188957.000000 76090.000000 3.407152
188959.000000 76090.000000 3.260652
188961.000000 76090.000000 3.125730
188963.000000 76090.000000 3.021633
188965.000000 76090.000000 2.959949
188967.000000 76090.000000 2.945606
188969.000000 76090.000000 2.978210
188971.000000 76090.000000 3.051964
188973.000000 76090.000000 3.154904
188975.000000 76090.000000 3.269904
188977.000000 76090.000000 3.379017
188979.000000 76090.000000 3.469909
188981.000000 76090.000000 3.541028
188983.000000 76090.000000 3.602375
188985.000000 76090.000000 3.670730
188987.000000 76090.000000 3.760867
188989.000000 76090.000000 3.876238
188991.000000 76090.000000 4.003965
188993.000000 76090.000000 4.117726
188995.000000 76090.000000 4.188694
188997.000000 76090.000000 4.199130
188999.000000 76090.000000 4.150986
189001.000000 76090.000000 4.064070
189003.000000 76090.000000 3.965417
189005.000000 76090.000000 3.876707
189007.000000 76090.000000 3.807337
189009.000000 76090.000000 3.755669
189011.000000 76090.000000 3.715653
189013.000000 76090.000000 3.683227
189015.000000 76090.000000 3.658760
189017.000000 76090.000000 3.645230
189019.000000 76090.000000 3.644787
189021.000000 76090.000000 3.656513
189023.000000 76090.000000 3.676790
189025.000000 76090.000000 3.701594
189027.000000 76090.000000 3.729118
189029.000000 76090.000000 3.761271
189031.000000 76090.000000 3.803473
189033.000000 76090.000000 3.862977
189035.000000 76090.000000 3.946384
189037.000000 76090.000000 4.057191
189039.000000 76090.000000 4.194122
189041.000000 76090.000000 4.350693
189043.000000 76090.000000 4.516088
189045.000000 76090.000000 4.677160
189047.000000 76090.000000 4.821072
189049.000000 76090.000000 4.938009
189051.000000 76090.000000 5.023166
189053.000000 76090.000000 5.077359
189055.000000 76090.000000 5.106027
189057.000000 76090.000000 5.117045
189059.000000 76090.000000 5.118265
189061.000000 76090.000000 5.115709
189063.000000 76090.000000 5.112909
189065.000000 76090.000000 5.111244
189067.000000 76090.000000 5.110778
189069.000000 76090.000000 5.111059
189071.000000 76090.000000 5.111618
189073.000000 76090.000000 5.112158
189075.000000 76090.000000 5.112556
189077.000000 76090.000000 5.112798
189079.000000 76090.000000 5.112922
189081.000000 76090.000000 5.112975
189083.000000 76090.000000 5.112994
189085.000000 76090.000000 5.112999
189087.000000 76090.000000 5.113000
189089.000000 76090.000000 5.113000
189091.000000 76090.000000 5.113000
189093.000000 76090.000000 5.113000
189095.000000 76090.000000 5.113000
189097.000000 76090.000000 5.113000
189099.000000 76090.000000 5.113000
189101.000000 76090.000000 5.113000
189103.000000 76090.000000 5.113000
189105.000000 76090.000000 5.113000
189107.000000 76090.000000 5.113000
189109.000000 76090.000000 5.113000
189111.000000 76090.000000 5.113000
189113.000000 76090.000000 5.113000
189115.000000 76090.000000 5.113000
189117.000000 76090.000000 5.113000
189119.000000 76090.000000 5.113000
189121.000000 76090.000000 5.113000
189123.000000 76090.000000 5.113000
189125.000000 76090.000000 5.113000
188925.000000 76092.000000 1.866556
188927.000000 76092.000000 1.862511
188929.000000 76092.000000 1.856031
188931.000000 76092.000000 1.855325
188933.000000 76092.000000 1.878362
188935.000000 76092.000000 1.948070
188937.000000 76092.000000 2.082096
188939.000000 76092.000000 2.283877
188941.000000 76092.000000 2.540621
188943.000000 76092.000000 2.826834
188945.000000 76092.000000 3.110123
188947.000000 76092.000000 3.356769
188949.000000 76092.000000 3.537452
188951.000000 76092.000000 3.633028
188953.000000 76092.000000 3.639033
188955.000000 76092.000000 3.566698
188957.000000 76092.000000 3.439617
188959.000000 76092.000000 3.287265
188961.000000 76092.000000 3.138175
188963.000000 76092.000000 3.015336
188965.000000 76092.000000 2.934480
188967.000000 76092.000000 2.903804
188969.000000 76092.000000 2.923351
188971.000000 76092.000000 2.983991
188973.000000 76092.000000 3.068184
188975.000000 76092.000000 3.154635
188977.000000 76092.000000 3.226253
188979.000000 76092.000000 3.277540
188981.000000 76092.000000 3.316986
188983.000000 76092.000000 3.362689
188985.000000 76092.000000 3.433340
188987.000000 76092.000000 3.538897
188989.000000 76092.000000 3.674979
188991.000000 76092.000000 3.823361
188993.000000 76092.000000 3.958512
188995.000000 76092.000000 4.057737
188997.000000 76092.000000 4.109991
188999.000000 76092.000000 4.118822
189001.000000 76092.000000 4.097693
189003.000000 76092.000000 4.061104
189005.000000 76092.000000 4.017182
189007.000000 76092.000000 3.966346
189009.000000 76092.000000 3.905674
189011.000000 76092.000000 3.835108
189013.000000 76092.000000 3.760691
189015.000000 76092.000000 3.693021
189017.000000 76092.000000 3.642359
189019.000000 76092.000000 3.613987
189021.000000 76092.000000 3.606577
189023.000000 76092.000000 3.614203
189025.000000 76092.000000 3.630326
189027.000000 76092.000000 3.651473
189029.000000 76092.000000 3.678954
189031.000000 76092.000000 3.718339
189033.000000 76092.000000 3.777254
189035.000000 76092.000000 3.862507
189037.000000 76092.000000 3.977462
189039.000000 76092.000000 4.120392
189041.000000 76092.000000 4.284199
189043.000000 76092.000000 4.457475
189045.000000 76092.000000 4.626609
189047.000000 76092.000000 4.778437
189049.000000 76092.000000 4.902859
189051.000000 76092.000000 4.994763
189053.000000 76092.000000 5.054675
189055.000000 76092.000000 5.087879
189057.000000 76092.000000 5.102315
189059.000000 76092.000000 5.106100
189061.000000 76092.000000 5.105595
189063.000000 76092.000000 5.104612
189065.000000 76092.000000 5.104677
189067.000000 76092.000000 5.105863
189069.000000 76092.000000 5.107642
189071.000000 76092.000000 5.109446
189073.000000 76092.000000 5.110915
189075.000000 76092.000000 5.111925
189077.000000 76092.000000 5.112519
189079.000000 76092.000000 5.112817
189081.000000 76092.000000 5.112943
189083.000000 76092.000000 5.112986
189085.000000 76092.000000 5.112998
189087.000000 76092.000000 5.113000
189089.000000 76092.000000 5.113000
189091.000000 76092.000000 5.113000
189093.000000 76092.000000 5.113000
189095.000000 76092.000000 5.113000
189097.000000 76092.000000 5.113000
189099.000000 76092.000000 5.113000
189101.000000 76092.000000 5.113000
189103.000000 76092.000000 5.113000
189105.000000 76092.000000 5.113000
189107.000000 76092.000000 5.113000
189109.000000 76092.000000 5.113000
189111.000000 76092.000000 5.113000
189113.000000 76092.000000 5.113000
189115.000000 76092.000000 5.113000
189117.000000 76092.000000 5.113000
189119.000000 76092.000000 5.113000
189121.000000 76092.000000 5.113000
189123.000000 76092.000000 5.113000
189125.000000 76092.000000 5.113000
188925.000000 76094.000000 2.082177
188927.000000 76094.000000 2.068592
188929.000000 76094.000000 2.040781
188931.000000 76094.000000 2.004991
188933.000000 76094.000000 1.979780
188935.000000 76094.000000 1.990987
188937.000000 76094.000000 2.060894
188939.000000 76094.000000 2.199791
188941.000000 76094.000000 2.405067
188943.000000 76094.000000 2.662665
188945.000000 76094.000000 2.947681
188947.000000 76094.000000 3.224883
188949.000000 76094.000000 3.454347
188951.000000 76094.000000 3.602267
188953.000000 76094.000000 3.651901
188955.000000 76094.000000 3.608081
188957.000000 76094.000000 3.493452
188959.000000 76094.000000 3.339738
188961.000000 76094.000000 3.179336
188963.000000 76094.000000 3.040289
188965.000000 76094.000000 2.944042
188967.000000 76094.000000 2.903316
188969.000000 76094.000000 2.918811
188971.000000 76094.000000 2.976736
188973.000000 76094.000000 3.051346
188975.000000 76094.000000 3.114427
188977.000000 76094.000000 3.148399
188979.000000 76094.000000 3.155382
188981.000000 76094.000000 3.156100
188983.000000 76094.000000 3.178740
188985.000000 76094.000000 3.244466
188987.000000 76094.000000 3.357628
188989.000000 76094.000000 3.505098
188991.000000 76094.000000 3.663578
188993.000000 76094.000000 3.810146
188995.000000 76094.000000 3.930698
188997.000000 76094.000000 4.022517
188999.000000 76094.000000 4.090503
189001.000000 76094.000000 4.139770
189003.000000 76094.000000 4.169627
189005.000000 76094.000000 4.172751
189007.000000 76094.000000 4.140181
189009.000000 76094.000000 4.068640
189011.000000 76094.000000 3.965481
189013.000000 76094.000000 3.847956
189015.000000 76094.000000 3.737274
189017.000000 76094.000000 3.650745
189019.000000 76094.000000 3.596304
189021.000000 76094.000000 3.571804
189023.000000 76094.000000 3.568775
189025.000000 76094.000000 3.578010
189027.000000 76094.000000 3.594167
189029.000000 76094.000000 3.617680
189031.000000 76094.000000 3.653972
189033.000000 76094.000000 3.710865
189035.000000 76094.000000 3.795365
189037.000000 76094.000000 3.910866
189039.000000 76094.000000 4.055488
189041.000000 76094.000000 4.221897
189043.000000 76094.000000 4.398496
189045.000000 76094.000000 4.571584
189047.000000 76094.000000 4.727941
189049.000000 76094.000000 4.857326
189051.000000 76094.000000 4.954341
189053.000000 76094.000000 5.019164
189055.000000 76094.000000 5.056831
189057.000000 76094.000000 5.075255
189059.000000 76094.000000 5.082708
189061.000000 76094.000000 5.085765
189063.000000 76094.000000 5.088364
189065.000000 76094.000000 5.092001
189067.000000 76094.000000 5.096586
189069.000000 76094.000000 5.101362
189071.000000 76094.000000 5.105569
189073.000000 76094.000000 5.108763
189075.000000 76094.000000 5.110867
189077.000000 76094.000000 5.112066
189079.000000 76094.000000 5.112652
189081.000000 76094.000000 5.112893
189083.000000 76094.000000 5.112974
189085.000000 76094.000000 5.112996
189087.000000 76094.000000 5.113000
189089.000000 76094.000000 5.113000
189091.000000 76094.000000 5.113000
189093.000000 76094.000000 5.113000
189095.000000 76094.000000 5.113000
189097.000000 76094.000000 5.113000
189099.000000 76094.000000 5.113000
189101.000000 76094.000000 5.113000
189103.000000 76094.000000 5.113000
189105.000000 76094.000000 5.113000
189107.000000 76094.000000 5.113000
189109.000000 76094.000000 5.113000
189111.000000 76094.000000 5.113000
189113.000000 76094.000000 5.113000
189115.000000 76094.000000 5.113000
189117.000000 76094.000000 5.113000
189119.000000 76094.000000 5.113000
189121.000000 76094.000000 5.113000
189123.000000 76094.000000 5.113000
189125.000000 76094.000000 5.113000
188925.000000 76096.000000 2.270538
188927.000000 76096.000000 2.251700
188929.000000 76096.000000 2.211521
188931.000000 76096.000000 2.153951
188933.000000 76096.000000 2.095969
188935.000000 76096.000000 2.062427
188937.000000 76096.000000 2.076153
188939.000000 76096.000000 2.151968
188941.000000 76096.000000 2.298039
188943.000000 76096.000000 2.514962
188945.000000 76096.000000 2.789725
188947.000000 76096.000000 3.089365
188949.000000 76096.000000 3.365190
188951.000000 76096.000000 3.568210
188953.000000 76096.000000 3.667198
188955.000000 76096.000000 3.657979
188957.000000 76096.000000 3.560480
188959.000000 76096.000000 3.408265
188961.000000 76096.000000 3.238299
188963.000000 76096.000000 3.084887
188965.000000 76096.000000 2.976439
188967.000000 76096.000000 2.931218
188969.000000 76096.000000 2.951030
188971.000000 76096.000000 3.016869
188973.000000 76096.000000 3.093042
188975.000000 76096.000000 3.141992
188977.000000 76096.000000 3.143611
188979.000000 76096.000000 3.106846
188981.000000 76096.000000 3.065178
188983.000000 76096.000000 3.058023
188985.000000 76096.000000 3.110111
188987.000000 76096.000000 3.221083
188989.000000 76096.000000 3.369992
188991.000000 76096.000000 3.529453
188993.000000 76096.000000 3.679826
188995.000000 76096.000000 3.815496
188997.000000 76096.000000 3.941189
188999.000000 76096.000000 4.062052
189001.000000 76096.000000 4.174350
189003.000000 76096.000000 4.262801
189005.000000 76096.000000 4.306179
189007.000000 76096.000000 4.287934
189009.000000 76096.000000 4.205622
189011.000000 76096.000000 4.074058
189013.000000 76096.000000 3.920621
189015.000000 76096.000000 3.775391
189017.000000 76096.000000 3.661022
189019.000000 76096.000000 3.586965
189021.000000 76096.000000 3.549908
189023.000000 76096.000000 3.539102
189025.000000 76096.000000 3.543178
189027.000000 76096.000000 3.555295
189029.000000 76096.000000 3.575096
189031.000000 76096.000000 3.607712
189033.000000 76096.000000 3.660952
189035.000000 76096.000000 3.741930
189037.000000 76096.000000 3.854172
189039.000000 76096.000000 3.995945
189041.000000 76096.000000 4.160124
189043.000000 76096.000000 4.335404
189045.000000 76096.000000 4.508396
189047.000000 76096.000000 4.666053
189049.000000 76096.000000 4.798028
189051.000000 76096.000000 4.898555
189053.000000 76096.000000 4.967379
189055.000000 76096.000000 5.009283
189057.000000 76096.000000 5.032202
189059.000000 76096.000000 5.044599
189061.000000 76096.000000 5.053190
189063.000000 76096.000000 5.061823
189065.000000 76096.000000 5.071648
189067.000000 76096.000000 5.082072
189069.000000 76096.000000 5.091852
189071.000000 76096.000000 5.099912
189073.000000 76096.000000 5.105747
189075.000000 76096.000000 5.109445
189077.000000 76096.000000 5.111482
189079.000000 76096.000000 5.112447
189081.000000 76096.000000 5.112833
189083.000000 76096.000000 5.112960
189085.000000 76096.000000 5.112993
189087.000000 76096.000000 5.112999
189089.000000 76096.000000 5.113000
189091.000000 76096.000000 5.113000
189093.000000 76096.000000 5.113000
189095.000000 76096.000000 5.113000
189097.000000 76096.000000 5.113000
189099.000000 76096.000000 5.113000
189101.000000 76096.000000 5.113000
189103.000000 76096.000000 5.113000
189105.000000 76096.000000 5.113000
189107.000000 76096.000000 5.113000
189109.000000 76096.000000 5.113000
189111.000000 76096.000000 5.113000
189113.000000 76096.000000 5.113000
189115.000000 76096.000000 5.113000
189117.000000 76096.000000 5.113000
189119.000000 76096.000000 5.113000
189121.000000 76096.000000 5.113000
189123.000000 76096.000000 5.113000
189125.000000 76096.000000 5.113000
188925.000000 76098.000000 2.383376
188927.000000 76098.000000 2.364622
188929.000000 76098.000000 2.324089
188931.000000 76098.000000 2.263977
188933.000000 76098.000000 2.197415
188935.000000 76098.000000 2.143401
188937.000000 76098.000000 2.119868
188939.000000 76098.000000 2.142436
188941.000000 76098.000000 2.229043
188943.000000 76098.000000 2.396700
188945.000000 76098.000000 2.648114
188947.000000 76098.000000 2.957274
188949.000000 76098.000000 3.270566
188951.000000 76098.000000 3.525422
188953.000000 76098.000000 3.675273
188955.000000 76098.000000 3.704725
188957.000000 76098.000000 3.628947
188959.000000 76098.000000 3.482358
188961.000000 76098.000000 3.306413
188963.000000 76098.000000 3.141961
188965.000000 76098.000000 3.024705
188967.000000 76098.000000 2.978988
188969.000000 76098.000000 3.008629
188971.000000 76098.000000 3.090305
188973.000000 76098.000000 3.178509
188975.000000 76098.000000 3.225120
188977.000000 76098.000000 3.205118
188979.000000 76098.000000 3.131619
188981.000000 76098.000000 3.049019
188983.000000 76098.000000 3.007683
188985.000000 76098.000000 3.037364
188987.000000 76098.000000 3.135704
188989.000000 76098.000000 3.276817
188991.000000 76098.000000 3.430860
188993.000000 76098.000000 3.580853
188995.000000 76098.000000 3.727000
188997.000000 76098.000000 3.878273
188999.000000 76098.000000 4.038375
189001.000000 76098.000000 4.195781
189003.000000 76098.000000 4.324133
189005.000000 76098.000000 4.392701
189007.000000 76098.000000 4.380770
189009.000000 76098.000000 4.287998
189011.000000 76098.000000 4.135653
189013.000000 76098.000000 3.958661
189015.000000 76098.000000 3.792855
189017.000000 76098.000000 3.663512
189019.000000 76098.000000 3.579887
189021.000000 76098.000000 3.536962
189023.000000 76098.000000 3.522125
189025.000000 76098.000000 3.522728
189027.000000 76098.000000 3.531294
189029.000000 76098.000000 3.547181
189031.000000 76098.000000 3.575331
189033.000000 76098.000000 3.623383
189035.000000 76098.000000 3.698371
189037.000000 76098.000000 3.803927
189039.000000 76098.000000 3.938681
189041.000000 76098.000000 4.096129
189043.000000 76098.000000 4.265744
189045.000000 76098.000000 4.434838
189047.000000 76098.000000 4.590718
189049.000000 76098.000000 4.722910
189051.000000 76098.000000 4.825186
189053.000000 76098.000000 4.896852
189055.000000 76098.000000 4.942585
189057.000000 76098.000000 4.970575
189059.000000 76098.000000 4.989609
189061.000000 76098.000000 5.006425
189063.000000 76098.000000 5.024392
189065.000000 76098.000000 5.043769
189067.000000 76098.000000 5.062951
189069.000000 76098.000000 5.079899
189071.000000 76098.000000 5.093174
189073.000000 76098.000000 5.102361
189075.000000 76098.000000 5.107947
189077.000000 76098.000000 5.110907
189079.000000 76098.000000 5.112259
189081.000000 76098.000000 5.112782
189083.000000 76098.000000 5.112949
189085.000000 76098.000000 5.112991
189087.000000 76098.000000 5.112999
189089.000000 76098.000000 5.113000
189091.000000 76098.000000 5.113000
189093.000000 76098.000000 5.113000
189095.000000 76098.000000 5.113000
189097.000000 76098.000000 5.113000
189099.000000 76098.000000 5.113000
189101.000000 76098.000000 5.113000
189103.000000 76098.000000 5.113000
189105.000000 76098.000000 5.113000
189107.000000 76098.000000 5.113000
189109.000000 76098.000000 5.113000
189111.000000 76098.000000 5.113000
189113.000000 76098.000000 5.113000
189115.000000 76098.000000 5.113000
189117.000000 76098.000000 5.113000
189119.000000 76098.000000 5.113000
189121.000000 76098.000000 5.113000
189123.000000 76098.000000 5.113000
189125.000000 76098.000000 5.113000
188925.000000 76100.000000 2.406515
188927.000000 76100.000000 2.391864
188929.000000 76100.000000 2.360457
188931.000000 76100.000000 2.313691
188933.000000 76100.000000 2.259547
188935.000000 76100.000000 2.207975
188937.000000 76100.000000 2.168260
188939.000000 76100.000000 2.153530
188941.000000 76100.000000 2.188811
188943.000000 76100.000000 2.306068
188945.000000 76100.000000 2.524575
188947.000000 76100.000000 2.828985
188949.000000 76100.000000 3.165993
188951.000000 76100.000000 3.463761
188953.000000 76100.000000 3.662013
188955.000000 76100.000000 3.733201
188957.000000 76100.000000 3.685661
188959.000000 76100.000000 3.552720
188961.000000 76100.000000 3.378858
188963.000000 76100.000000 3.210203
188965.000000 76100.000000 3.088690
188967.000000 76100.000000 3.044498
188969.000000 76100.000000 3.084740
188971.000000 76100.000000 3.184476
188973.000000 76100.000000 3.291152
188975.000000 76100.000000 3.347011
188977.000000 76100.000000 3.320099
188979.000000 76100.000000 3.223310
188981.000000 76100.000000 3.107365
188983.000000 76100.000000 3.031233
188985.000000 76100.000000 3.030929
188987.000000 76100.000000 3.106214
188989.000000 76100.000000 3.230904
188991.000000 76100.000000 3.375106
188993.000000 76100.000000 3.523228
188995.000000 76100.000000 3.677109
188997.000000 76100.000000 3.845479
188999.000000 76100.000000 4.028605
189001.000000 76100.000000 4.208972
189003.000000 76100.000000 4.353901
189005.000000 76100.000000 4.428588
189007.000000 76100.000000 4.412046
189009.000000 76100.000000 4.307303
189011.000000 76100.000000 4.140913
189013.000000 76100.000000 3.952644
189015.000000 76100.000000 3.780876
189017.000000 76100.000000 3.650606
189019.000000 76100.000000 3.568840
189021.000000 76100.000000 3.527922
189023.000000 76100.000000 3.513507
189025.000000 76100.000000 3.512514
189027.000000 76100.000000 3.517887
189029.000000 76100.000000 3.529502
189031.000000 76100.000000 3.552449
189033.000000 76100.000000 3.594131
189035.000000 76100.000000 3.661267
189037.000000 76100.000000 3.757458
189039.000000 76100.000000 3.881798
189041.000000 76100.000000 4.028739
189043.000000 76100.000000 4.188951
189045.000000 76100.000000 4.350770
189047.000000 76100.000000 4.501971
189049.000000 76100.000000 4.631910
189051.000000 76100.000000 4.733867
189053.000000 76100.000000 4.806876
189055.000000 76100.000000 4.855882
189057.000000 76100.000000 4.889731
189059.000000 76100.000000 4.917698
189061.000000 76100.000000 4.946278
189063.000000 76100.000000 4.977695
189065.000000 76100.000000 5.010496
189067.000000 76100.000000 5.041416
189069.000000 76100.000000 5.067372
189071.000000 76100.000000 5.086698
189073.000000 76100.000000 5.099424
189075.000000 76100.000000 5.106795
189077.000000 76100.000000 5.110524
189079.000000 76100.000000 5.112153
189081.000000 76100.000000 5.112758
189083.000000 76100.000000 5.112945
189085.000000 76100.000000 5.112991
189087.000000 76100.000000 5.112999
189089.000000 76100.000000 5.113000
189091.000000 76100.000000 5.113000
189093.000000 76100.000000 5.113000
189095.000000 76100.000000 5.113000
189097.000000 76100.000000 5.113000
189099.000000 76100.000000 5.113000
189101.000000 76100.000000 5.113000
189103.000000 76100.000000 5.113000
189105.000000 76100.000000 5.113000
189107.000000 76100.000000 5.113000
189109.000000 76100.000000 5.113000
189111.000000 76100.000000 5.113000
189113.000000 76100.000000 5.113000
189115.000000 76100.000000 5.113000
189117.000000 76100.000000 5.113000
189119.000000 76100.000000 5.113000
189121.000000 76100.000000 5.113000
189123.000000 76100.000000 5.113000
189125.000000 76100.000000 5.113000
188925.000000 76102.000000 2.364313
188927.000000 76102.000000 2.355367
188929.000000 76102.000000 2.336888
188931.000000 76102.000000 2.310012
188933.000000 76102.000000 2.277669
188935.000000 76102.000000 2.240791
188937.000000 76102.000000 2.199776
188939.000000 76102.000000 2.163746
188941.000000 76102.000000 2.161003
188943.000000 76102.000000 2.233630
188945.000000 76102.000000 2.414600
188947.000000 76102.000000 2.700834
188949.000000 76102.000000 3.044893
188951.000000 76102.000000 3.372138
188953.000000 76102.000000 3.612735
188955.000000 76102.000000 3.727704
188957.000000 76102.000000 3.716787
188959.000000 76102.000000 3.609566
188961.000000 76102.000000 3.450831
188963.000000 76102.000000 3.289245
188965.000000 76102.000000 3.170342
188967.000000 76102.000000 3.128598
188969.000000 76102.000000 3.175376
188971.000000 76102.000000 3.288061
188973.000000 76102.000000 3.412478
188975.000000 76102.000000 3.485077
188977.000000 76102.000000 3.466494
188979.000000 76102.000000 3.364341
188981.000000 76102.000000 3.228730
188983.000000 76102.000000 3.122453
188985.000000 76102.000000 3.087819
188987.000000 76102.000000 3.131104
188989.000000 76102.000000 3.231469
188991.000000 76102.000000 3.362233
188993.000000 76102.000000 3.508265
188995.000000 76102.000000 3.668901
188997.000000 76102.000000 3.848136
188999.000000 76102.000000 4.040768
189001.000000 76102.000000 4.224811
189003.000000 76102.000000 4.365353
189005.000000 76102.000000 4.428110
189007.000000 76102.000000 4.395118
189009.000000 76102.000000 4.274044
189011.000000 76102.000000 4.096211
189013.000000 76102.000000 3.904560
189015.000000 76102.000000 3.737774
189017.000000 76102.000000 3.618211
189019.000000 76102.000000 3.548608
189021.000000 76102.000000 3.517389
189023.000000 76102.000000 3.508152
189025.000000 76102.000000 3.507884
189027.000000 76102.000000 3.510836
189029.000000 76102.000000 3.518214
189031.000000 76102.000000 3.535669
189033.000000 76102.000000 3.570373
189035.000000 76102.000000 3.628521
189037.000000 76102.000000 3.713509
189039.000000 76102.000000 3.824938
189041.000000 76102.000000 3.958462
189043.000000 76102.000000 4.106272
189045.000000 76102.000000 4.257942
189047.000000 76102.000000 4.401759
189049.000000 76102.000000 4.526865
189051.000000 76102.000000 4.626129
189053.000000 76102.000000 4.698645
189055.000000 76102.000000 4.750184
189057.000000 76102.000000 4.790776
189059.000000 76102.000000 4.830349
189061.000000 76102.000000 4.874747
189063.000000 76102.000000 4.924153
189065.000000 76102.000000 4.974376
189067.000000 76102.000000 5.019778
189069.000000 76102.000000 5.056063
189071.000000 76102.000000 5.081669
189073.000000 76102.000000 5.097598
189075.000000 76102.000000 5.106301
189077.000000 76102.000000 5.110453
189079.000000 76102.000000 5.112167
189081.000000 76102.000000 5.112771
189083.000000 76102.000000 5.112949
189085.000000 76102.000000 5.112992
189087.000000 76102.000000 5.112999
189089.000000 76102.000000 5.113000
189091.000000 76102.000000 5.113000
189093.000000 76102.000000 5.113000
189095.000000 76102.000000 5.113000
189097.000000 76102.000000 5.113000
189099.000000 76102.000000 5.113000
189101.000000 76102.000000 5.113000
189103.000000 76102.000000 5.113000
189105.000000 76102.000000 5.113000
189107.000000 76102.000000 5.113000
189109.000000 76102.000000 5.113000
189111.000000 76102.000000 5.113000
189113.000000 76102.000000 5.113000
189115.000000 76102.000000 5.113000
189117.000000 76102.000000 5.113000
189119.000000 76102.000000 5.113000
189121.000000 76102.000000 5.113000
189123.000000 76102.000000 5.113000
189125.000000 76102.000000 5.113000
188925.000000 76104.000000 2.299334
188927.000000 76104.000000 2.295776
188929.000000 76104.000000 2.289111
188931.000000 76104.000000 2.280021
188933.000000 76104.000000 2.267451
188935.000000 76104.000000 2.245927
188937.000000 76104.000000 2.209620
188939.000000 76104.000000 2.163838
188941.000000 76104.000000 2.136299
188943.000000 76104.000000 2.172756
188945.000000 76104.000000 2.314656
188947.000000 76104.000000 2.570726
188949.000000 76104.000000 2.904047
188951.000000 76104.000000 3.244162
188953.000000 76104.000000 3.517255
188955.000000 76104.000000 3.675085
188957.000000 76104.000000 3.707934
188959.000000 76104.000000 3.639255
188961.000000 76104.000000 3.511211
188963.000000 76104.000000 3.371555
188965.000000 76104.000000 3.265466
188967.000000 76104.000000 3.228371
188969.000000 76104.000000 3.275264
188971.000000 76104.000000 3.389513
188973.000000 76104.000000 3.522364
188975.000000 76104.000000 3.611316
188977.000000 76104.000000 3.612009
188979.000000 76104.000000 3.523029
188981.000000 76104.000000 3.386173
188983.000000 76104.000000 3.261151
188985.000000 76104.000000 3.194323
188987.000000 76104.000000 3.201378
188989.000000 76104.000000 3.271998
188991.000000 76104.000000 3.386438
188993.000000 76104.000000 3.530235
188995.000000 76104.000000 3.697525
188997.000000 76104.000000 3.884269
188999.000000 76104.000000 4.078098
189001.000000 76104.000000 4.253259
189003.000000 76104.000000 4.375014
189005.000000 76104.000000 4.412366
189007.000000 76104.000000 4.352491
189009.000000 76104.000000 4.208826
189011.000000 76104.000000 4.017755
189013.000000 76104.000000 3.825022
189015.000000 76104.000000 3.668645
189017.000000 76104.000000 3.566908
189019.000000 76104.000000 3.516704
189021.000000 76104.000000 3.501288
189023.000000 76104.000000 3.501607
189025.000000 76104.000000 3.504786
189027.000000 76104.000000 3.506853
189029.000000 76104.000000 3.510842
189031.000000 76104.000000 3.523249
189033.000000 76104.000000 3.551030
189035.000000 76104.000000 3.599720
189037.000000 76104.000000 3.672406
189039.000000 76104.000000 3.769234
189041.000000 76104.000000 3.887240
189043.000000 76104.000000 4.020329
189045.000000 76104.000000 4.159420
189047.000000 76104.000000 4.293300
189049.000000 76104.000000 4.410890
189051.000000 76104.000000 4.504799
189053.000000 76104.000000 4.574589
189055.000000 76104.000000 4.627445
189057.000000 76104.000000 4.675126
189059.000000 76104.000000 4.728421
189061.000000 76104.000000 4.792192
189063.000000 76104.000000 4.863751
189065.000000 76104.000000 4.935170
189067.000000 76104.000000 4.997699
189069.000000 76104.000000 5.045633
189071.000000 76104.000000 5.077800
189073.000000 76104.000000 5.096676
189075.000000 76104.000000 5.106335
189077.000000 76104.000000 5.110627
189079.000000 76104.000000 5.112272
189081.000000 76104.000000 5.112811
189083.000000 76104.000000 5.112960
189085.000000 76104.000000 5.112994
189087.000000 76104.000000 5.112999
189089.000000 76104.000000 5.113000
189091.000000 76104.000000 5.113000
189093.000000 76104.000000 5.113000
189095.000000 76104.000000 5.113000
189097.000000 76104.000000 5.113000
189099.000000 76104.000000 5.113000
189101.000000 76104.000000 5.113000
189103.000000 76104.000000 5.113000
189105.000000 76104.000000 5.113000
189107.000000 76104.000000 5.113000
189109.000000 76104.000000 5.113000
189111.000000 76104.000000 5.113000
189113.000000 76104.000000 5.113000
189115.000000 76104.000000 5.113000
189117.000000 76104.000000 5.113000
189119.000000 76104.000000 5.113000
189121.000000 76104.000000 5.113000
189123.000000 76104.000000 5.113000
189125.000000 76104.000000 5.113000
188925.000000 76106.000000 2.245249
188927.000000 76106.000000 2.246094
188929.000000 76106.000000 2.248250
188931.000000 76106.000000 2.251311
188933.000000 76106.000000 2.251514
188935.000000 76106.000000 2.240221
188937.000000 76106.000000 2.208768
188939.000000 76106.000000 2.159585
188941.000000 76106.000000 2.116866
188943.000000 76106.000000 2.124323
188945.000000 76106.000000 2.226522
188947.000000 76106.000000 2.442190
188949.000000 76106.000000 2.747675
188951.000000 76106.000000 3.082312
188953.000000 76106.000000 3.373742
188955.000000 76106.000000 3.567609
188957.000000 76106.000000 3.645347
188959.000000 76106.000000 3.623382
188961.000000 76106.000000 3.539473
188963.000000 76106.000000 3.437510
188965.000000 76106.000000 3.357773
188967.000000 76106.000000 3.331466
188969.000000 76106.000000 3.374021
188971.000000 76106.000000 3.476331
188973.000000 76106.000000 3.601737
188975.000000 76106.000000 3.697541
188977.000000 76106.000000 3.720269
188979.000000 76106.000000 3.659079
188981.000000 76106.000000 3.541355
188983.000000 76106.000000 3.416001
188985.000000 76106.000000 3.328466
188987.000000 76106.000000 3.303506
188989.000000 76106.000000 3.344188
188991.000000 76106.000000 3.440957
188993.000000 76106.000000 3.581575
188995.000000 76106.000000 3.754592
188997.000000 76106.000000 3.946680
188999.000000 76106.000000 4.137446
189001.000000 76106.000000 4.297458
189003.000000 76106.000000 4.393002
189005.000000 76106.000000 4.397422
189007.000000 76106.000000 4.303922
189009.000000 76106.000000 4.132365
189011.000000 76106.000000 3.924671
189013.000000 76106.000000 3.729622
189015.000000 76106.000000 3.584458
189017.000000 76106.000000 3.502888
189019.000000 76106.000000 3.475246
189021.000000 76106.000000 3.478960
189023.000000 76106.000000 3.491899
189025.000000 76106.000000 3.501142
189027.000000 76106.000000 3.504461
189029.000000 76106.000000 3.506721
189031.000000 76106.000000 3.515252
189033.000000 76106.000000 3.536752
189035.000000 76106.000000 3.576056
189037.000000 76106.000000 3.635939
189039.000000 76106.000000 3.717146
189041.000000 76106.000000 3.818180
189043.000000 76106.000000 3.934727
189045.000000 76106.000000 4.059060
189047.000000 76106.000000 4.180468
189049.000000 76106.000000 4.287714
189051.000000 76106.000000 4.373337
189053.000000 76106.000000 4.437662
189055.000000 76106.000000 4.489673
189057.000000 76106.000000 4.543261
189059.000000 76106.000000 4.610392
189061.000000 76106.000000 4.695026
189063.000000 76106.000000 4.791339
189065.000000 76106.000000 4.887090
189067.000000 76106.000000 4.969762
189069.000000 76106.000000 5.031757
189071.000000 76106.000000 5.072126
189073.000000 76106.000000 5.094910
189075.000000 76106.000000 5.106017
189077.000000 76106.000000 5.110670
189079.000000 76106.000000 5.112335
189081.000000 76106.000000 5.112840
189083.000000 76106.000000 5.112969
189085.000000 76106.000000 5.112995
189087.000000 76106.000000 5.113000
189089.000000 76106.000000 5.113000
189091.000000 76106.000000 5.113000
189093.000000 76106.000000 5.113000
189095.000000 76106.000000 5.113000
189097.000000 76106.000000 5.113000
189099.000000 76106.000000 5.113000
189101.000000 76106.000000 5.113000
189103.000000 76106.000000 5.113000
189105.000000 76106.000000 5.113000
189107.000000 76106.000000 5.113000
189109.000000 76106.000000 5.113000
189111.000000 76106.000000 5.113000
189113.000000 76106.000000 5.113000
189115.000000 76106.000000 5.113000
189117.000000 76106.000000 5.113000
189119.000000 76106.000000 5.113000
189121.000000 76106.000000 5.113000
189123.000000 76106.000000 5.113000
189125.000000 76106.000000 5.113000
188925.000000 76108.000000 2.213485
188927.000000 76108.000000 2.217824
188929.000000 76108.000000 2.226265
188931.000000 76108.000000 2.236968
188933.000000 76108.000000 2.244525
188935.000000 76108.000000 2.239374
188937.000000 76108.000000 2.212170
188939.000000 76108.000000 2.163040
188941.000000 76108.000000 2.110994
188943.000000 76108.000000 2.094191
188945.000000 76108.000000 2.156452
188947.000000 76108.000000 2.324141
188949.000000 76108.000000 2.587305
188951.000000 76108.000000 2.898093
188953.000000 76108.000000 3.189701
188955.000000 76108.000000 3.405201
188957.000000 76108.000000 3.519508
188959.000000 76108.000000 3.543306
188961.000000 76108.000000 3.510233
188963.000000 76108.000000 3.458855
188965.000000 76108.000000 3.420505
188967.000000 76108.000000 3.416057
188969.000000 76108.000000 3.455757
188971.000000 76108.000000 3.536339
188973.000000 76108.000000 3.637332
188975.000000 76108.000000 3.724222
188977.000000 76108.000000 3.762710
188979.000000 76108.000000 3.736371
188981.000000 76108.000000 3.655928
188983.000000 76108.000000 3.553088
188985.000000 76108.000000 3.465511
188987.000000 76108.000000 3.422679
188989.000000 76108.000000 3.440138
188991.000000 76108.000000 3.520141
188993.000000 76108.000000 3.655167
188995.000000 76108.000000 3.830261
188997.000000 76108.000000 4.023963
188999.000000 76108.000000 4.208267
189001.000000 76108.000000 4.350191
189003.000000 76108.000000 4.417159
189005.000000 76108.000000 4.386976
189007.000000 76108.000000 4.258839
189009.000000 76108.000000 4.058781
189011.000000 76108.000000 3.833866
189013.000000 76108.000000 3.635614
189015.000000 76108.000000 3.500428
189017.000000 76108.000000 3.437698
189019.000000 76108.000000 3.431659
189021.000000 76108.000000 3.454358
189023.000000 76108.000000 3.480772
189025.000000 76108.000000 3.497770
189027.000000 76108.000000 3.504425
189029.000000 76108.000000 3.506955
189031.000000 76108.000000 3.513191
189033.000000 76108.000000 3.529449
189035.000000 76108.000000 3.559880
189037.000000 76108.000000 3.607000
189039.000000 76108.000000 3.672168
189041.000000 76108.000000 3.755309
189043.000000 76108.000000 3.853812
189045.000000 76108.000000 3.961273
189047.000000 76108.000000 4.067570
189049.000000 76108.000000 4.161511
189051.000000 76108.000000 4.235749
189053.000000 76108.000000 4.291431
189055.000000 76108.000000 4.339282
189057.000000 76108.000000 4.395372
189059.000000 76108.000000 4.473230
189061.000000 76108.000000 4.576630
189063.000000 76108.000000 4.697347
189065.000000 76108.000000 4.819145
189067.000000 76108.000000 4.925406
189069.000000 76108.000000 5.005777
189071.000000 76108.000000 5.058543
189073.000000 76108.000000 5.088597
189075.000000 76108.000000 5.103419
189077.000000 76108.000000 5.109729
189079.000000 76108.000000 5.112039
189081.000000 76108.000000 5.112761
189083.000000 76108.000000 5.112951
189085.000000 76108.000000 5.112992
189087.000000 76108.000000 5.112999
189089.000000 76108.000000 5.113000
189091.000000 76108.000000 5.113000
189093.000000 76108.000000 5.113000
189095.000000 76108.000000 5.113000
189097.000000 76108.000000 5.113000
189099.000000 76108.000000 5.113000
189101.000000 76108.000000 5.113000
189103.000000 76108.000000 5.113000
189105.000000 76108.000000 5.113000
189107.000000 76108.000000 5.113000
189109.000000 76108.000000 5.113000
189111.000000 76108.000000 5.113000
189113.000000 76108.000000 5.113000
189115.000000 76108.000000 5.113000
189117.000000 76108.000000 5.113000
189119.000000 76108.000000 5.113000
189121.000000 76108.000000 5.113000
189123.000000 76108.000000 5.113000
189125.000000 76108.000000 5.113000
188925.000000 76110.000000 2.198343
188927.000000 76110.000000 2.205278
188929.000000 76110.000000 2.218212
188931.000000 76110.000000 2.234260
188933.000000 76110.000000 2.247275
188935.000000 76110.000000 2.247745
188937.000000 76110.000000 2.226169
188939.000000 76110.000000 2.180258
188941.000000 76110.000000 2.123173
188943.000000 76110.000000 2.086157
188945.000000 76110.000000 2.110106
188947.000000 76110.000000 2.226524
188949.000000 76110.000000 2.437553
188951.000000 76110.000000 2.708489
188953.000000 76110.000000 2.980403
188955.000000 76110.000000 3.197244
188957.000000 76110.000000 3.331013
188959.000000 76110.000000 3.389811
188961.000000 76110.000000 3.405339
188963.000000 76110.000000 3.411153
188965.000000 76110.000000 3.427141
188967.000000 76110.000000 3.458519
188969.000000 76110.000000 3.503901
188971.000000 76110.000000 3.561348
188973.000000 76110.000000 3.626666
188975.000000 76110.000000 3.688770
188977.000000 76110.000000 3.730593
188979.000000 76110.000000 3.737144
188981.000000 76110.000000 3.705076
188983.000000 76110.000000 3.646065
188985.000000 76110.000000 3.583278
188987.000000 76110.000000 3.543597
188989.000000 76110.000000 3.550172
188991.000000 76110.000000 3.616213
188993.000000 76110.000000 3.741453
188995.000000 76110.000000 3.911355
188997.000000 76110.000000 4.099610
188999.000000 76110.000000 4.272417
189001.000000 76110.000000 4.393929
189003.000000 76110.000000 4.432977
189005.000000 76110.000000 4.371871
189007.000000 76110.000000 4.215235
189009.000000 76110.000000 3.993784
189011.000000 76110.000000 3.757617
189013.000000 76110.000000 3.559164
189015.000000 76110.000000 3.433340
189017.000000 76110.000000 3.386037
189019.000000 76110.000000 3.397164
189021.000000 76110.000000 3.435197
189023.000000 76110.000000 3.473275
189025.000000 76110.000000 3.498100
189027.000000 76110.000000 3.509398
189029.000000 76110.000000 3.513923
189031.000000 76110.000000 3.519449
189033.000000 76110.000000 3.531705
189035.000000 76110.000000 3.554175
189037.000000 76110.000000 3.589135
189039.000000 76110.000000 3.638459
189041.000000 76110.000000 3.703274
189043.000000 76110.000000 3.782469
189045.000000 76110.000000 3.870948
189047.000000 76110.000000 3.959436
189049.000000 76110.000000 4.037172
189051.000000 76110.000000 4.097143
189053.000000 76110.000000 4.141100
189055.000000 76110.000000 4.180905
189057.000000 76110.000000 4.234287
189059.000000 76110.000000 4.316518
189061.000000 76110.000000 4.432361
189063.000000 76110.000000 4.572992
189065.000000 76110.000000 4.719721
189067.000000 76110.000000 4.852255
189069.000000 76110.000000 4.956579
189071.000000 76110.000000 5.028482
189073.000000 76110.000000 5.072018
189075.000000 76110.000000 5.095230
189077.000000 76110.000000 5.106143
189079.000000 76110.000000 5.110664
189081.000000 76110.000000 5.112307
189083.000000 76110.000000 5.112826
189085.000000 76110.000000 5.112964
189087.000000 76110.000000 5.112994
189089.000000 76110.000000 5.112999
189091.000000 76110.000000 5.113000
189093.000000 76110.000000 5.113000
189095.000000 76110.000000 5.113000
189097.000000 76110.000000 5.113000
189099.000000 76110.000000 5.113000
189101.000000 76110.000000 5.113000
189103.000000 76110.000000 5.113000
189105.000000 76110.000000 5.113000
189107.000000 76110.000000 5.113000
189109.000000 76110.000000 5.113000
189111.000000 76110.000000 5.113000
189113.000000 76110.000000 5.113000
189115.000000 76110.000000 5.113000
189117.000000 76110.000000 5.113000
189119.000000 76110.000000 5.113000
189121.000000 76110.000000 5.113000
189123.000000 76110.000000 5.113000
189125.000000 76110.000000 5.113000
188925.000000 76112.000000 2.189829
188927.000000 76112.000000 2.198142
188929.000000 76112.000000 2.213694
188931.000000 76112.000000 2.233509
188933.000000 76112.000000 2.251644
188935.000000 76112.000000 2.258991
188937.000000 76112.000000 2.245643
188939.000000 76112.000000 2.206524
188941.000000 76112.000000 2.148941
188943.000000 76112.000000 2.097120
188945.000000 76112.000000 2.087899
188947.000000 76112.000000 2.155374
188949.000000 76112.000000 2.310852
188951.000000 76112.000000 2.531143
188953.000000 76112.000000 2.765981
188955.000000 76112.000000 2.963121
188957.000000 76112.000000 3.095612
188959.000000 76112.000000 3.172777
188961.000000 76112.000000 3.227292
188963.000000 76112.000000 3.289193
188965.000000 76112.000000 3.366477
188967.000000 76112.000000 3.445915
188969.000000 76112.000000 3.509634
188971.000000 76112.000000 3.551526
188973.000000 76112.000000 3.579923
188975.000000 76112.000000 3.607365
188977.000000 76112.000000 3.638794
188979.000000 76112.000000 3.668147
188981.000000 76112.000000 3.684519
188983.000000 76112.000000 3.681469
188985.000000 76112.000000 3.663738
188987.000000 76112.000000 3.647895
188989.000000 76112.000000 3.657365
188991.000000 76112.000000 3.712974
188993.000000 76112.000000 3.823220
188995.000000 76112.000000 3.978399
188997.000000 76112.000000 4.151820
188999.000000 76112.000000 4.306770
189001.000000 76112.000000 4.405975
189003.000000 76112.000000 4.420476
189005.000000 76112.000000 4.337392
189007.000000 76112.000000 4.165847
189009.000000 76112.000000 3.938504
189011.000000 76112.000000 3.704534
189013.000000 76112.000000 3.513818
189015.000000 76112.000000 3.398469
189017.000000 76112.000000 3.362196
189019.000000 76112.000000 3.383554
189021.000000 76112.000000 3.430453
189023.000000 76112.000000 3.475980
189025.000000 76112.000000 3.506957
189027.000000 76112.000000 3.523050
189029.000000 76112.000000 3.530620
189031.000000 76112.000000 3.536738
189033.000000 76112.000000 3.546303
189035.000000 76112.000000 3.562087
189037.000000 76112.000000 3.586051
189039.000000 76112.000000 3.620317
189041.000000 76112.000000 3.666839
189043.000000 76112.000000 3.725726
189045.000000 76112.000000 3.793252
189047.000000 76112.000000 3.861428
189049.000000 76112.000000 3.920530
189051.000000 76112.000000 3.964178
189053.000000 76112.000000 3.994341
189055.000000 76112.000000 4.022951
189057.000000 76112.000000 4.068215
189059.000000 76112.000000 4.146755
189061.000000 76112.000000 4.265378
189063.000000 76112.000000 4.417018
189065.000000 76112.000000 4.583184
189067.000000 76112.000000 4.741526
189069.000000 76112.000000 4.874174
189071.000000 76112.000000 4.972654
189073.000000 76112.000000 5.037829
189075.000000 76112.000000 5.076435
189077.000000 76112.000000 5.096938
189079.000000 76112.000000 5.106685
189081.000000 76112.000000 5.110806
189083.000000 76112.000000 5.112339
189085.000000 76112.000000 5.112831
189087.000000 76112.000000 5.112965
189089.000000 76112.000000 5.112994
189091.000000 76112.000000 5.112999
189093.000000 76112.000000 5.113000
189095.000000 76112.000000 5.113000
189097.000000 76112.000000 5.113000
189099.000000 76112.000000 5.113000
189101.000000 76112.000000 5.113000
189103.000000 76112.000000 5.113000
189105.000000 76112.000000 5.113000
189107.000000 76112.000000 5.113000
189109.000000 76112.000000 5.113000
189111.000000 76112.000000 5.113000
189113.000000 76112.000000 5.113000
189115.000000 76112.000000 5.113000
189117.000000 76112.000000 5.113000
189119.000000 76112.000000 5.113000
189121.000000 76112.000000 5.113000
189123.000000 76112.000000 5.113000
189125.000000 76112.000000 5.113000
188925.000000 76114.000000 2.182180
188927.000000 76114.000000 2.190391
188929.000000 76114.000000 2.206178
188931.000000 76114.000000 2.227402
188933.000000 76114.000000 2.249187
188935.000000 76114.000000 2.263236
188937.000000 76114.000000 2.259260
188939.000000 76114.000000 2.229538
188941.000000 76114.000000 2.176102
188943.000000 76114.000000 2.116615
188945.000000 76114.000000 2.083104
188947.000000 76114.000000 2.109693
188949.000000 76114.000000 2.213364
188951.000000 76114.000000 2.379856
188953.000000 76114.000000 2.567380
188955.000000 76114.000000 2.729697
188957.000000 76114.000000 2.844200
188959.000000 76114.000000 2.924352
188961.000000 76114.000000 3.005784
188963.000000 76114.000000 3.116426
188965.000000 76114.000000 3.253678
188967.000000 76114.000000 3.386564
188969.000000 76114.000000 3.479535
188971.000000 76114.000000 3.518309
188973.000000 76114.000000 3.517859
188975.000000 76114.000000 3.509553
188977.000000 76114.000000 3.519893
188979.000000 76114.000000 3.556681
188981.000000 76114.000000 3.609281
188983.000000 76114.000000 3.659206
188985.000000 76114.000000 3.693404
188987.000000 76114.000000 3.713219
188989.000000 76114.000000 3.735335
188991.000000 76114.000000 3.783399
188993.000000 76114.000000 3.874343
188995.000000 76114.000000 4.006566
188997.000000 76114.000000 4.157298
188999.000000 76114.000000 4.290240
189001.000000 76114.000000 4.368618
189003.000000 76114.000000 4.366673
189005.000000 76114.000000 4.276383
189007.000000 76114.000000 4.109772
189009.000000 76114.000000 3.897756
189011.000000 76114.000000 3.683687
189013.000000 76114.000000 3.510891
189015.000000 76114.000000 3.407456
189017.000000 76114.000000 3.376826
189019.000000 76114.000000 3.399910
189021.000000 76114.000000 3.447587
189023.000000 76114.000000 3.494899
189025.000000 76114.000000 3.529121
189027.000000 76114.000000 3.549171
189029.000000 76114.000000 3.560143
189031.000000 76114.000000 3.567811
189033.000000 76114.000000 3.575994
189035.000000 76114.000000 3.586640
189037.000000 76114.000000 3.601180
189039.000000 76114.000000 3.621597
189041.000000 76114.000000 3.650212
189043.000000 76114.000000 3.688088
189045.000000 76114.000000 3.733032
189047.000000 76114.000000 3.778951
189049.000000 76114.000000 3.817907
189051.000000 76114.000000 3.844548
189053.000000 76114.000000 3.860660
189055.000000 76114.000000 3.876973
189057.000000 76114.000000 3.910504
189059.000000 76114.000000 3.978063
189061.000000 76114.000000 4.088768
189063.000000 76114.000000 4.239319
189065.000000 76114.000000 4.414512
189067.000000 76114.000000 4.592754
189069.000000 76114.000000 4.753578
189071.000000 76114.000000 4.883509
189073.000000 76114.000000 4.978088
189075.000000 76114.000000 5.040321
189077.000000 76114.000000 5.077345
189079.000000 76114.000000 5.097203
189081.000000 76114.000000 5.106746
189083.000000 76114.000000 5.110818
189085.000000 76114.000000 5.112341
189087.000000 76114.000000 5.112832
189089.000000 76114.000000 5.112965
189091.000000 76114.000000 5.112994
189093.000000 76114.000000 5.112999
189095.000000 76114.000000 5.113000
189097.000000 76114.000000 5.113000
189099.000000 76114.000000 5.113000
189101.000000 76114.000000 5.113000
189103.000000 76114.000000 5.113000
189105.000000 76114.000000 5.113000
189107.000000 76114.000000 5.113000
189109.000000 76114.000000 5.113000
189111.000000 76114.000000 5.113000
189113.000000 76114.000000 5.113000
189115.000000 76114.000000 5.113000
189117.000000 76114.000000 5.113000
189119.000000 76114.000000 5.113000
189121.000000 76114.000000 5.113000
189123.000000 76114.000000 5.113000
189125.000000 76114.000000 5.113000
188925.000000 76116.000000 2.174616
188927.000000 76116.000000 2.181436
188929.000000 76116.000000 2.195082
188931.000000 76116.000000 2.214623
188933.000000 76116.000000 2.236711
188935.000000 76116.000000 2.254360
188937.000000 76116.000000 2.257570
188939.000000 76116.000000 2.237008
188941.000000 76116.000000 2.190754
188943.000000 76116.000000 2.130801
188945.000000 76116.000000 2.083842
188947.000000 76116.000000 2.081631
188949.000000 76116.000000 2.143414
188951.000000 76116.000000 2.261184
188953.000000 76116.000000 2.401136
188955.000000 76116.000000 2.524554
188957.000000 76116.000000 2.615165
188959.000000 76116.000000 2.691401
188961.000000 76116.000000 2.791472
188963.000000 76116.000000 2.941175
188965.000000 76116.000000 3.129357
188967.000000 76116.000000 3.311225
188969.000000 76116.000000 3.436817
188971.000000 76116.000000 3.483060
188973.000000 76116.000000 3.466062
188975.000000 76116.000000 3.428151
188977.000000 76116.000000 3.411892
188979.000000 76116.000000 3.439349
188981.000000 76116.000000 3.506262
188983.000000 76116.000000 3.590081
188985.000000 76116.000000 3.665199
188987.000000 76116.000000 3.717861
188989.000000 76116.000000 3.754123
188991.000000 76116.000000 3.795869
188993.000000 76116.000000 3.866172
188995.000000 76116.000000 3.972462
188997.000000 76116.000000 4.098879
188999.000000 76116.000000 4.212687
189001.000000 76116.000000 4.279550
189003.000000 76116.000000 4.277143
189005.000000 76116.000000 4.200846
189007.000000 76116.000000 4.062561
189009.000000 76116.000000 3.887319
189011.000000 76116.000000 3.708551
189013.000000 76116.000000 3.560525
189015.000000 76116.000000 3.467486
189017.000000 76116.000000 3.435256
189019.000000 76116.000000 3.450771
189021.000000 76116.000000 3.490919
189023.000000 76116.000000 3.534201
189025.000000 76116.000000 3.568416
189027.000000 76116.000000 3.591097
189029.000000 76116.000000 3.605374
189031.000000 76116.000000 3.615284
189033.000000 76116.000000 3.623340
189035.000000 76116.000000 3.630474
189037.000000 76116.000000 3.637279
189039.000000 76116.000000 3.645146
189041.000000 76116.000000 3.656336
189043.000000 76116.000000 3.672715
189045.000000 76116.000000 3.693917
189047.000000 76116.000000 3.716426
189049.000000 76116.000000 3.734847
189051.000000 76116.000000 3.745254
189053.000000 76116.000000 3.748934
189055.000000 76116.000000 3.754280
189057.000000 76116.000000 3.775397
189059.000000 76116.000000 3.827587
189061.000000 76116.000000 3.921490
189063.000000 76116.000000 4.058377
189065.000000 76116.000000 4.228799
189067.000000 76116.000000 4.415213
189069.000000 76116.000000 4.597336
189071.000000 76116.000000 4.757827
189073.000000 76116.000000 4.886092
189075.000000 76116.000000 4.979259
189077.000000 76116.000000 5.040727
189079.000000 76116.000000 5.077453
189081.000000 76116.000000 5.097225
189083.000000 76116.000000 5.106750
189085.000000 76116.000000 5.110818
189087.000000 76116.000000 5.112341
189089.000000 76116.000000 5.112832
189091.000000 76116.000000 5.112965
189093.000000 76116.000000 5.112994
189095.000000 76116.000000 5.112999
189097.000000 76116.000000 5.113000
189099.000000 76116.000000 5.113000
189101.000000 76116.000000 5.113000
189103.000000 76116.000000 5.113000
189105.000000 76116.000000 5.113000
189107.000000 76116.000000 5.113000
189109.000000 76116.000000 5.113000
189111.000000 76116.000000 5.113000
189113.000000 76116.000000 5.113000
189115.000000 76116.000000 5.113000
189117.000000 76116.000000 5.113000
189119.000000 76116.000000 5.113000
189121.000000 76116.000000 5.113000
189123.000000 76116.000000 5.113000
189125.000000 76116.000000 5.113000
188925.000000 76118.000000 2.168303
188927.000000 76118.000000 2.173036
188929.000000 76118.000000 2.182933
188931.000000 76118.000000 2.197978
188933.000000 76118.000000 2.216203
188935.000000 76118.000000 2.232232
188937.000000 76118.000000 2.237349
188939.000000 76118.000000 2.222306
188941.000000 76118.000000 2.183219
188943.000000 76118.000000 2.127824
188945.000000 76118.000000 2.077371
188947.000000 76118.000000 2.059343
188949.000000 76118.000000 2.092431
188951.000000 76118.000000 2.172796
188953.000000 76118.000000 2.274397
188955.000000 76118.000000 2.367167
188957.000000 76118.000000 2.441687
188959.000000 76118.000000 2.519654
188961.000000 76118.000000 2.638481
188963.000000 76118.000000 2.819572
188965.000000 76118.000000 3.044978
188967.000000 76118.000000 3.262075
188969.000000 76118.000000 3.413489
188971.000000 76118.000000 3.470634
188973.000000 76118.000000 3.447614
188975.000000 76118.000000 3.389525
188977.000000 76118.000000 3.346432
188979.000000 76118.000000 3.350507
188981.000000 76118.000000 3.406172
188983.000000 76118.000000 3.493942
188985.000000 76118.000000 3.583713
188987.000000 76118.000000 3.651814
188989.000000 76118.000000 3.694330
188991.000000 76118.000000 3.728529
188993.000000 76118.000000 3.780113
188995.000000 76118.000000 3.864043
188997.000000 76118.000000 3.972694
188999.000000 76118.000000 4.079563
189001.000000 76118.000000 4.154231
189003.000000 76118.000000 4.176431
189005.000000 76118.000000 4.140871
189007.000000 76118.000000 4.054289
189009.000000 76118.000000 3.931817
189011.000000 76118.000000 3.795256
189013.000000 76118.000000 3.670591
189015.000000 76118.000000 3.580830
189017.000000 76118.000000 3.537433
189019.000000 76118.000000 3.536173
189021.000000 76118.000000 3.561568
189023.000000 76118.000000 3.595989
189025.000000 76118.000000 3.627403
189027.000000 76118.000000 3.651396
189029.000000 76118.000000 3.668702
189031.000000 76118.000000 3.681371
189033.000000 76118.000000 3.690430
189035.000000 76118.000000 3.695552
189037.000000 76118.000000 3.696117
189039.000000 76118.000000 3.692480
189041.000000 76118.000000 3.686524
189043.000000 76118.000000 3.680938
189045.000000 76118.000000 3.677612
189047.000000 76118.000000 3.676275
189049.000000 76118.000000 3.674677
189051.000000 76118.000000 3.670575
189053.000000 76118.000000 3.664539
189055.000000 76118.000000 3.661877
189057.000000 76118.000000 3.672515
189059.000000 76118.000000 3.708616
189061.000000 76118.000000 3.780790
189063.000000 76118.000000 3.894204
189065.000000 76118.000000 4.046065
189067.000000 76118.000000 4.225459
189069.000000 76118.000000 4.415746
189071.000000 76118.000000 4.598677
189073.000000 76118.000000 4.758782
189075.000000 76118.000000 4.886538
189077.000000 76118.000000 4.979408
189079.000000 76118.000000 5.040763
189081.000000 76118.000000 5.077459
189083.000000 76118.000000 5.097226
189085.000000 76118.000000 5.106750
189087.000000 76118.000000 5.110818
189089.000000 76118.000000 5.112341
189091.000000 76118.000000 5.112832
189093.000000 76118.000000 5.112965
189095.000000 76118.000000 5.112994
189097.000000 76118.000000 5.112999
189099.000000 76118.000000 5.113000
189101.000000 76118.000000 5.113000
189103.000000 76118.000000 5.113000
189105.000000 76118.000000 5.113000
189107.000000 76118.000000 5.113000
189109.000000 76118.000000 5.113000
189111.000000 76118.000000 5.113000
189113.000000 76118.000000 5.113000
189115.000000 76118.000000 5.113000
189117.000000 76118.000000 5.113000
189119.000000 76118.000000 5.113000
189121.000000 76118.000000 5.113000
189123.000000 76118.000000 5.113000
189125.000000 76118.000000 5.113000
188925.000000 76120.000000 2.163844
188927.000000 76120.000000 2.166383
188929.000000 76120.000000 2.171923
188931.000000 76120.000000 2.180708
188933.000000 76120.000000 2.191567
188935.000000 76120.000000 2.200653
188937.000000 76120.000000 2.201314
188939.000000 76120.000000 2.186094
188941.000000 76120.000000 2.151306
188943.000000 76120.000000 2.102157
188945.000000 76120.000000 2.054878
188947.000000 76120.000000 2.031564
188949.000000 76120.000000 2.048528
188951.000000 76120.000000 2.104997
188953.000000 76120.000000 2.183102
188955.000000 76120.000000 2.262396
188957.000000 76120.000000 2.339655
188959.000000 76120.000000 2.436047
188961.000000 76120.000000 2.582412
188963.000000 76120.000000 2.791586
188965.000000 76120.000000 3.039759
188967.000000 76120.000000 3.273023
188969.000000 76120.000000 3.435427
188971.000000 76120.000000 3.498911
188973.000000 76120.000000 3.475344
188975.000000 76120.000000 3.406279
188977.000000 76120.000000 3.340391
188979.000000 76120.000000 3.313058
188981.000000 76120.000000 3.335771
188983.000000 76120.000000 3.396400
188985.000000 76120.000000 3.468427
188987.000000 76120.000000 3.526283
188989.000000 76120.000000 3.560431
188991.000000 76120.000000 3.582982
188993.000000 76120.000000 3.618759
188995.000000 76120.000000 3.687416
188997.000000 76120.000000 3.789721
188999.000000 76120.000000 3.907648
189001.000000 76120.000000 4.015717
189003.000000 76120.000000 4.092805
189005.000000 76120.000000 4.126514
189007.000000 76120.000000 4.111706
189009.000000 76120.000000 4.050096
189011.000000 76120.000000 3.952862
189013.000000 76120.000000 3.841838
189015.000000 76120.000000 3.743559
189017.000000 76120.000000 3.678505
189019.000000 76120.000000 3.652716
189021.000000 76120.000000 3.658259
189023.000000 76120.000000 3.680661
189025.000000 76120.000000 3.707359
189027.000000 76120.000000 3.731606
189029.000000 76120.000000 3.751600
189031.000000 76120.000000 3.767364
189033.000000 76120.000000 3.778342
189035.000000 76120.000000 3.782701
189037.000000 76120.000000 3.778218
189039.000000 76120.000000 3.763792
189041.000000 76120.000000 3.740704
189043.000000 76120.000000 3.712604
189045.000000 76120.000000 3.684127
189047.000000 76120.000000 3.658824
189049.000000 76120.000000 3.637975
189051.000000 76120.000000 3.621088
189053.000000 76120.000000 3.607872
189055.000000 76120.000000 3.600289
189057.000000 76120.000000 3.603592
189059.000000 76120.000000 3.625797
189061.000000 76120.000000 3.675869
189063.000000 76120.000000 3.761104
189065.000000 76120.000000 3.884420
189067.000000 76120.000000 4.042354
189069.000000 76120.000000 4.224648
189071.000000 76120.000000 4.415887
189073.000000 76120.000000 4.598917
189075.000000 76120.000000 4.758911
189077.000000 76120.000000 4.886581
189079.000000 76120.000000 4.979418
189081.000000 76120.000000 5.040764
189083.000000 76120.000000 5.077459
189085.000000 76120.000000 5.097226
189087.000000 76120.000000 5.106750
189089.000000 76120.000000 5.110818
189091.000000 76120.000000 5.112341
189093.000000 76120.000000 5.112832
189095.000000 76120.000000 5.112965
189097.000000 76120.000000 5.112994
189099.000000 76120.000000 5.112999
189101.000000 76120.000000 5.113000
189103.000000 76120.000000 5.113000
189105.000000 76120.000000 5.113000
189107.000000 76120.000000 5.113000
189109.000000 76120.000000 5.113000
189111.000000 76120.000000 5.113000
189113.000000 76120.000000 5.113000
189115.000000 76120.000000 5.113000
189117.000000 76120.000000 5.113000
189119.000000 76120.000000 5.113000
189121.000000 76120.000000 5.113000
189123.000000 76120.000000 5.113000
189125.000000 76120.000000 5.113000
188925.000000 76122.000000 2.160560
188927.000000 76122.000000 2.161019
188929.000000 76122.000000 2.162126
188931.000000 76122.000000 2.163849
188933.000000 76122.000000 2.165229
188935.000000 76122.000000 2.163643
188937.000000 76122.000000 2.154823
188939.000000 76122.000000 2.134174
188941.000000 76122.000000 2.099781
188943.000000 76122.000000 2.055828
188945.000000 76122.000000 2.014280
188947.000000 76122.000000 1.991651
188949.000000 76122.000000 2.001260
188951.000000 76122.000000 2.045339
188953.000000 76122.000000 2.115036
188955.000000 76122.000000 2.200235
188957.000000 76122.000000 2.302486
188959.000000 76122.000000 2.437848
188961.000000 76122.000000 2.624285
188963.000000 76122.000000 2.861540
188965.000000 76122.000000 3.120347
188967.000000 76122.000000 3.351211
188969.000000 76122.000000 3.507787
188971.000000 76122.000000 3.568994
188973.000000 76122.000000 3.546153
188975.000000 76122.000000 3.473708
188977.000000 76122.000000 3.392110
188979.000000 76122.000000 3.333008
188981.000000 76122.000000 3.311075
188983.000000 76122.000000 3.322549
188985.000000 76122.000000 3.350079
188987.000000 76122.000000 3.373631
188989.000000 76122.000000 3.383548
188991.000000 76122.000000 3.387924
188993.000000 76122.000000 3.408297
188995.000000 76122.000000 3.466318
188997.000000 76122.000000 3.570995
188999.000000 76122.000000 3.714800
189001.000000 76122.000000 3.878195
189003.000000 76122.000000 4.036243
189005.000000 76122.000000 4.162816
189007.000000 76122.000000 4.234204
189009.000000 76122.000000 4.235852
189011.000000 76122.000000 4.170559
189013.000000 76122.000000 4.061325
189015.000000 76122.000000 3.943324
189017.000000 76122.000000 3.848754
189019.000000 76122.000000 3.794077
189021.000000 76122.000000 3.777677
189023.000000 76122.000000 3.786944
189025.000000 76122.000000 3.808063
189027.000000 76122.000000 3.831831
189029.000000 76122.000000 3.854074
189031.000000 76122.000000 3.872974
189033.000000 76122.000000 3.886444
189035.000000 76122.000000 3.891018
189037.000000 76122.000000 3.882555
189039.000000 76122.000000 3.858111
189041.000000 76122.000000 3.818099
189043.000000 76122.000000 3.767174
189045.000000 76122.000000 3.713048
189047.000000 76122.000000 3.663502
189049.000000 76122.000000 3.623577
189051.000000 76122.000000 3.594563
189053.000000 76122.000000 3.575322
189055.000000 76122.000000 3.564661
189057.000000 76122.000000 3.563409
189059.000000 76122.000000 3.575261
189061.000000 76122.000000 3.606430
189063.000000 76122.000000 3.664279
189065.000000 76122.000000 3.755180
189067.000000 76122.000000 3.881937
189069.000000 76122.000000 4.041571
189071.000000 76122.000000 4.224509
189073.000000 76122.000000 4.415906
189075.000000 76122.000000 4.598942
189077.000000 76122.000000 4.758920
189079.000000 76122.000000 4.886583
189081.000000 76122.000000 4.979418
189083.000000 76122.000000 5.040764
189085.000000 76122.000000 5.077459
189087.000000 76122.000000 5.097226
189089.000000 76122.000000 5.106750
189091.000000 76122.000000 5.110818
189093.000000 76122.000000 5.112341
189095.000000 76122.000000 5.112832
189097.000000 76122.000000 5.112965
189099.000000 76122.000000 5.112994
189101.000000 76122.000000 5.112999
189103.000000 76122.000000 5.113000
189105.000000 76122.000000 5.113000
189107.000000 76122.000000 5.113000
189109.000000 76122.000000 5.113000
189111.000000 76122.000000 5.113000
189113.000000 76122.000000 5.113000
189115.000000 76122.000000 5.113000
189117.000000 76122.000000 5.113000
189119.000000 76122.000000 5.113000
189121.000000 76122.000000 5.113000
189123.000000 76122.000000 5.113000
189125.000000 76122.000000 5.113000
188925.000000 76124.000000 2.156648
188927.000000 76124.000000 2.154945
188929.000000 76124.000000 2.151418
188931.000000 76124.000000 2.145660
188933.000000 76124.000000 2.136747
188935.000000 76124.000000 2.123083
188937.000000 76124.000000 2.102670
188939.000000 76124.000000 2.073910
188941.000000 76124.000000 2.037124
188943.000000 76124.000000 1.996214
188945.000000 76124.000000 1.959671
188947.000000 76124.000000 1.939064
188949.000000 76124.000000 1.945193
188951.000000 76124.000000 1.983859
188953.000000 76124.000000 2.055797
188955.000000 76124.000000 2.161141
188957.000000 76124.000000 2.304470
188959.000000 76124.000000 2.493115
188961.000000 76124.000000 2.727917
188963.000000 76124.000000 2.992898
188965.000000 76124.000000 3.253973
188967.000000 76124.000000 3.469854
188969.000000 76124.000000 3.608964
188971.000000 76124.000000 3.661472
188973.000000 76124.000000 3.639938
188975.000000 76124.000000 3.570581
188977.000000 76124.000000 3.482158
188979.000000 76124.000000 3.398055
188981.000000 76124.000000 3.332295
188983.000000 76124.000000 3.288107
188985.000000 76124.000000 3.259177
188987.000000 76124.000000 3.235094
188989.000000 76124.000000 3.209977
188991.000000 76124.000000 3.189419
188993.000000 76124.000000 3.190642
188995.000000 76124.000000 3.235641
188997.000000 76124.000000 3.341580
188999.000000 76124.000000 3.513195
189001.000000 76124.000000 3.738536
189003.000000 76124.000000 3.988052
189005.000000 76124.000000 4.218304
189007.000000 76124.000000 4.382770
189009.000000 76124.000000 4.448529
189011.000000 76124.000000 4.411209
189013.000000 76124.000000 4.298281
189015.000000 76124.000000 4.156674
189017.000000 76124.000000 4.031597
189019.000000 76124.000000 3.949336
189021.000000 76124.000000 3.913100
189023.000000 76124.000000 3.910872
189025.000000 76124.000000 3.927063
189027.000000 76124.000000 3.950160
189029.000000 76124.000000 3.974083
189031.000000 76124.000000 3.995666
189033.000000 76124.000000 4.011655
189035.000000 76124.000000 4.017125
189037.000000 76124.000000 4.005944
189039.000000 76124.000000 3.973011
189041.000000 76124.000000 3.917433
189043.000000 76124.000000 3.844498
189045.000000 76124.000000 3.764829
189047.000000 76124.000000 3.690485
189049.000000 76124.000000 3.630462
189051.000000 76124.000000 3.588113
189053.000000 76124.000000 3.561859
189055.000000 76124.000000 3.547961
189057.000000 76124.000000 3.543535
189059.000000 76124.000000 3.548384
189061.000000 76124.000000 3.565548
189063.000000 76124.000000 3.600825
189065.000000 76124.000000 3.661457
189067.000000 76124.000000 3.753977
189069.000000 76124.000000 3.881522
189071.000000 76124.000000 4.041465
189073.000000 76124.000000 4.224494
189075.000000 76124.000000 4.415907
189077.000000 76124.000000 4.598943
189079.000000 76124.000000 4.758921
189081.000000 76124.000000 4.886583
189083.000000 76124.000000 4.979418
189085.000000 76124.000000 5.040764
189087.000000 76124.000000 5.077459
189089.000000 76124.000000 5.097226
189091.000000 76124.000000 5.106750
189093.000000 76124.000000 5.110818
189095.000000 76124.000000 5.112341
189097.000000 76124.000000 5.112832
189099.000000 76124.000000 5.112965
189101.000000 76124.000000 5.112994
189103.000000 76124.000000 5.112999
189105.000000 76124.000000 5.113000
189107.000000 76124.000000 5.113000
189109.000000 76124.000000 5.113000
189111.000000 76124.000000 5.113000
189113.000000 76124.000000 5.113000
189115.000000 76124.000000 5.113000
189117.000000 76124.000000 5.113000
189119.000000 76124.000000 5.113000
189121.000000 76124.000000 5.113000
189123.000000 76124.000000 5.113000
189125.000000 76124.000000 5.113000
188925.000000 76126.000000 2.149325
188927.000000 76126.000000 2.145034
188929.000000 76126.000000 2.136271
188931.000000 76126.000000 2.122655
188933.000000 76126.000000 2.103640
188935.000000 76126.000000 2.078708
188937.000000 76126.000000 2.047746
188939.000000 76126.000000 2.011428
188941.000000 76126.000000 1.971636
188943.000000 76126.000000 1.931877
188945.000000 76126.000000 1.897858
188947.000000 76126.000000 1.877478
188949.000000 76126.000000 1.880220
188951.000000 76126.000000 1.915922
188953.000000 76126.000000 1.994293
188955.000000 76126.000000 2.124226
188957.000000 76126.000000 2.311553
188959.000000 76126.000000 2.553653
188961.000000 76126.000000 2.834130
188963.000000 76126.000000 3.122330
188965.000000 76126.000000 3.380932
188967.000000 76126.000000 3.578220
188969.000000 76126.000000 3.698146
188971.000000 76126.000000 3.742507
188973.000000 76126.000000 3.725511
188975.000000 76126.000000 3.665626
188977.000000 76126.000000 3.579945
188979.000000 76126.000000 3.482588
188981.000000 76126.000000 3.384871
188983.000000 76126.000000 3.294690
188985.000000 76126.000000 3.215257
188987.000000 76126.000000 3.145671
188989.000000 76126.000000 3.084668
188991.000000 76126.000000 3.036062
188993.000000 76126.000000 3.012601
188995.000000 76126.000000 3.035804
188997.000000 76126.000000 3.130599
188999.000000 76126.000000 3.314973
189001.000000 76126.000000 3.586972
189003.000000 76126.000000 3.915194
189005.000000 76126.000000 4.240722
189007.000000 76126.000000 4.494484
189009.000000 76126.000000 4.624315
189011.000000 76126.000000 4.617613
189013.000000 76126.000000 4.505773
189015.000000 76126.000000 4.347319
189017.000000 76126.000000 4.200114
189019.000000 76126.000000 4.099269
189021.000000 76126.000000 4.051369
189023.000000 76126.000000 4.043713
189025.000000 76126.000000 4.058389
189027.000000 76126.000000 4.081869
189029.000000 76126.000000 4.106995
189031.000000 76126.000000 4.130222
189033.000000 76126.000000 4.148006
189035.000000 76126.000000 4.154622
189037.000000 76126.000000 4.142296
189039.000000 76126.000000 4.103676
189041.000000 76126.000000 4.035953
189043.000000 76126.000000 3.944059
189045.000000 76126.000000 3.840532
189047.000000 76126.000000 3.741156
189049.000000 76126.000000 3.658984
189051.000000 76126.000000 3.600143
189053.000000 76126.000000 3.563631
189055.000000 76126.000000 3.544223
189057.000000 76126.000000 3.536247
189059.000000 76126.000000 3.536252
189061.000000 76126.000000 3.544164
189063.000000 76126.000000 3.563308
189065.000000 76126.000000 3.599764
189067.000000 76126.000000 3.661021
189069.000000 76126.000000 3.753827
189071.000000 76126.000000 3.881481
189073.000000 76126.000000 4.041457
189075.000000 76126.000000 4.224493
189077.000000 76126.000000 4.415907
189079.000000 76126.000000 4.598943
189081.000000 76126.000000 4.758921
189083.000000 76126.000000 4.886583
189085.000000 76126.000000 4.979418
189087.000000 76126.000000 5.040764
189089.000000 76126.000000 5.077459
189091.000000 76126.000000 5.097226
189093.000000 76126.000000 5.106750
189095.000000 76126.000000 5.110818
189097.000000 76126.000000 5.112341
189099.000000 76126.000000 5.112832
189101.000000 76126.000000 5.112965
189103.000000 76126.000000 5.112994
189105.000000 76126.000000 5.112999
189107.000000 76126.000000 5.113000
189109.000000 76126.000000 5.113000
189111.000000 76126.000000 5.113000
189113.000000 76126.000000 5.113000
189115.000000 76126.000000 5.113000
189117.000000 76126.000000 5.113000
189119.000000 76126.000000 5.113000
189121.000000 76126.000000 5.113000
189123.000000 76126.000000 5.113000
189125.000000 76126.000000 5.113000
188925.000000 76128.000000 2.134971
188927.000000 76128.000000 2.127572
188929.000000 76128.000000 2.112959
188931.000000 76128.000000 2.091453
188933.000000 76128.000000 2.063507
188935.000000 76128.000000 2.029833
188937.000000 76128.000000 1.991605
188939.000000 76128.000000 1.950521
188941.000000 76128.000000 1.908720
188943.000000 76128.000000 1.868780
188945.000000 76128.000000 1.834363
188947.000000 76128.000000 1.811371
188949.000000 76128.000000 1.809343
188951.000000 76128.000000 1.841896
188953.000000 76128.000000 1.925432
188955.000000 76128.000000 2.074548
188957.000000 76128.000000 2.294714
188959.000000 76128.000000 2.574896
188961.000000 76128.000000 2.885850
188963.000000 76128.000000 3.187183
188965.000000 76128.000000 3.441014
188967.000000 76128.000000 3.624329
188969.000000 76128.000000 3.733199
188971.000000 76128.000000 3.777613
188973.000000 76128.000000 3.772090
188975.000000 76128.000000 3.728621
188977.000000 76128.000000 3.655281
188979.000000 76128.000000 3.559015
188981.000000 76128.000000 3.448511
188983.000000 76128.000000 3.334153
188985.000000 76128.000000 3.225224
188987.000000 76128.000000 3.127107
188989.000000 76128.000000 3.041306
188991.000000 76128.000000 2.969396
188993.000000 76128.000000 2.919538
188995.000000 76128.000000 2.911906
188997.000000 76128.000000 2.977638
188999.000000 76128.000000 3.147357
189001.000000 76128.000000 3.431430
189003.000000 76128.000000 3.802327
189005.000000 76128.000000 4.192790
189007.000000 76128.000000 4.516469
189009.000000 76128.000000 4.703300
189011.000000 76128.000000 4.730335
189013.000000 76128.000000 4.629598
189015.000000 76128.000000 4.468576
189017.000000 76128.000000 4.316055
189019.000000 76128.000000 4.214247
189021.000000 76128.000000 4.170913
189023.000000 76128.000000 4.170487
189025.000000 76128.000000 4.191557
189027.000000 76128.000000 4.218800
189029.000000 76128.000000 4.245277
189031.000000 76128.000000 4.268719
189033.000000 76128.000000 4.286797
189035.000000 76128.000000 4.294190
189037.000000 76128.000000 4.282338
189039.000000 76128.000000 4.241930
189041.000000 76128.000000 4.167677
189043.000000 76128.000000 4.062706
189045.000000 76128.000000 3.939621
189047.000000 76128.000000 3.816532
189049.000000 76128.000000 3.710305
189051.000000 76128.000000 3.630783
189053.000000 76128.000000 3.579144
189055.000000 76128.000000 3.550223
189057.000000 76128.000000 3.536658
189059.000000 76128.000000 3.532380
189061.000000 76128.000000 3.534427
189063.000000 76128.000000 3.543360
189065.000000 76128.000000 3.562981
189067.000000 76128.000000 3.599644
189069.000000 76128.000000 3.660983
189071.000000 76128.000000 3.753817
189073.000000 76128.000000 3.881479
189075.000000 76128.000000 4.041457
189077.000000 76128.000000 4.224493
189079.000000 76128.000000 4.415907
189081.000000 76128.000000 4.598943
189083.000000 76128.000000 4.758921
189085.000000 76128.000000 4.886583
189087.000000 76128.000000 4.979418
189089.000000 76128.000000 5.040764
189091.000000 76128.000000 5.077459
189093.000000 76128.000000 5.097226
189095.000000 76128.000000 5.106750
189097.000000 76128.000000 5.110818
189099.000000 76128.000000 5.112341
189101.000000 76128.000000 5.112832
189103.000000 76128.000000 5.112965
189105.000000 76128.000000 5.112994
189107.000000 76128.000000 5.112999
189109.000000 76128.000000 5.113000
189111.000000 76128.000000 5.113000
189113.000000 76128.000000 5.113000
189115.000000 76128.000000 5.113000
189117.000000 76128.000000 5.113000
189119.000000 76128.000000 5.113000
189121.000000 76128.000000 5.113000
189123.000000 76128.000000 5.113000
189125.000000 76128.000000 5.113000
188925.000000 76130.000000 2.109812
188927.000000 76130.000000 2.099204
188929.000000 76130.000000 2.078919
188931.000000 76130.000000 2.050560
188933.000000 76130.000000 2.016014
188935.000000 76130.000000 1.977147
188937.000000 76130.000000 1.935636
188939.000000 76130.000000 1.892911
188941.000000 76130.000000 1.850185
188943.000000 76130.000000 1.808837
188945.000000 76130.000000 1.771512
188947.000000 76130.000000 1.743889
188949.000000 76130.000000 1.736589
188951.000000 76130.000000 1.765771
188953.000000 76130.000000 1.850887
188955.000000 76130.000000 2.008158
188957.000000 76130.000000 2.241352
188959.000000 76130.000000 2.534474
188961.000000 76130.000000 2.852672
188963.000000 76130.000000 3.153081
188965.000000 76130.000000 3.400534
188967.000000 76130.000000 3.578534
188969.000000 76130.000000 3.689566
188971.000000 76130.000000 3.746337
188973.000000 76130.000000 3.761433
188975.000000 76130.000000 3.741947
188977.000000 76130.000000 3.690748
188979.000000 76130.000000 3.611155
188981.000000 76130.000000 3.510529
188983.000000 76130.000000 3.400096
188985.000000 76130.000000 3.291369
188987.000000 76130.000000 3.191741
188989.000000 76130.000000 3.102507
188991.000000 76130.000000 3.021852
188993.000000 76130.000000 2.952912
188995.000000 76130.000000 2.912954
188997.000000 76130.000000 2.936108
188999.000000 76130.000000 3.062680
189001.000000 76130.000000 3.315993
189003.000000 76130.000000 3.678423
189005.000000 76130.000000 4.084139
189007.000000 76130.000000 4.438602
189009.000000 76130.000000 4.658614
189011.000000 76130.000000 4.710787
189013.000000 76130.000000 4.625160
189015.000000 76130.000000 4.475295
189017.000000 76130.000000 4.338256
189019.000000 76130.000000 4.260043
189021.000000 76130.000000 4.245410
189023.000000 76130.000000 4.271903
189025.000000 76130.000000 4.312321
189027.000000 76130.000000 4.349607
189029.000000 76130.000000 4.378818
189031.000000 76130.000000 4.401235
189033.000000 76130.000000 4.417736
189035.000000 76130.000000 4.424952
189037.000000 76130.000000 4.414749
189039.000000 76130.000000 4.376625
189041.000000 76130.000000 4.302660
189043.000000 76130.000000 4.192800
189045.000000 76130.000000 4.057416
189047.000000 76130.000000 3.914764
189049.000000 76130.000000 3.784518
189051.000000 76130.000000 3.680872
189053.000000 76130.000000 3.608926
189055.000000 76130.000000 3.565514
189057.000000 76130.000000 3.542989
189059.000000 76130.000000 3.533379
189061.000000 76130.000000 3.531109
189063.000000 76130.000000 3.534005
189065.000000 76130.000000 3.543238
189067.000000 76130.000000 3.562949
189069.000000 76130.000000 3.599637
189071.000000 76130.000000 3.660982
189073.000000 76130.000000 3.753817
189075.000000 76130.000000 3.881479
189077.000000 76130.000000 4.041457
189079.000000 76130.000000 4.224493
189081.000000 76130.000000 4.415907
189083.000000 76130.000000 4.598943
189085.000000 76130.000000 4.758921
189087.000000 76130.000000 4.886583
189089.000000 76130.000000 4.979418
189091.000000 76130.000000 5.040764
189093.000000 76130.000000 5.077459
189095.000000 76130.000000 5.097226
189097.000000 76130.000000 5.106750
189099.000000 76130.000000 5.110818
189101.000000 76130.000000 5.112341
189103.000000 76130.000000 5.112832
189105.000000 76130.000000 5.112965
189107.000000 76130.000000 5.112994
189109.000000 76130.000000 5.112999
189111.000000 76130.000000 5.113000
189113.000000 76130.000000 5.113000
189115.000000 76130.000000 5.113000
189117.000000 76130.000000 5.113000
189119.000000 76130.000000 5.113000
189121.000000 76130.000000 5.113000
189123.000000 76130.000000 5.113000
189125.000000 76130.000000 5.113000
188925.000000 76132.000000 2.071487
188927.000000 76132.000000 2.058404
188929.000000 76132.000000 2.034030
188931.000000 76132.000000 2.001339
188933.000000 76132.000000 1.963517
188935.000000 76132.000000 1.923079
188937.000000 76132.000000 1.881382
188939.000000 76132.000000 1.838733
188941.000000 76132.000000 1.795037
188943.000000 76132.000000 1.750956
188945.000000 76132.000000 1.709463
188947.000000 76132.000000 1.677459
188949.000000 76132.000000 1.666904
188951.000000 76132.000000 1.694465
188953.000000 76132.000000 1.778574
188955.000000 76132.000000 1.933076
188957.000000 76132.000000 2.159098
188959.000000 76132.000000 2.439524
188961.000000 76132.000000 2.741258
188963.000000 76132.000000 3.026066
188965.000000 76132.000000 3.264512
188967.000000 76132.000000 3.444371
188969.000000 76132.000000 3.569124
188971.000000 76132.000000 3.649252
188973.000000 76132.000000 3.693582
188975.000000 76132.000000 3.705938
188977.000000 76132.000000 3.687419
188979.000000 76132.000000 3.640764
188981.000000 76132.000000 3.573066
188983.000000 76132.000000 3.495027
188985.000000 76132.000000 3.417268
188987.000000 76132.000000 3.345755
188989.000000 76132.000000 3.279258
188991.000000 76132.000000 3.211781
188993.000000 76132.000000 3.140980
188995.000000 76132.000000 3.079161
188997.000000 76132.000000 3.058935
188999.000000 76132.000000 3.124988
189001.000000 76132.000000 3.311130
189003.000000 76132.000000 3.612845
189005.000000 76132.000000 3.974299
189007.000000 76132.000000 4.303259
189009.000000 76132.000000 4.511903
189011.000000 76132.000000 4.561000
189013.000000 76132.000000 4.479751
189015.000000 76132.000000 4.346502
189017.000000 76132.000000 4.243268
189019.000000 76132.000000 4.214513
189021.000000 76132.000000 4.255599
189023.000000 76132.000000 4.331638
189025.000000 76132.000000 4.406699
189027.000000 76132.000000 4.462008
189029.000000 76132.000000 4.496548
189031.000000 76132.000000 4.517535
189033.000000 76132.000000 4.530973
189035.000000 76132.000000 4.536866
189037.000000 76132.000000 4.528748
189039.000000 76132.000000 4.496035
189041.000000 76132.000000 4.428702
189043.000000 76132.000000 4.322833
189045.000000 76132.000000 4.184580
189047.000000 76132.000000 4.029784
189049.000000 76132.000000 3.879019
189051.000000 76132.000000 3.750472
189053.000000 76132.000000 3.654380
189055.000000 76132.000000 3.591555
189057.000000 76132.000000 3.555839
189059.000000 76132.000000 3.538432
189061.000000 76132.000000 3.531583
189063.000000 76132.000000 3.530530
189065.000000 76132.000000 3.533855
189067.000000 76132.000000 3.543209
189069.000000 76132.000000 3.562945
189071.000000 76132.000000 3.599637
189073.000000 76132.000000 3.660982
189075.000000 76132.000000 3.753817
189077.000000 76132.000000 3.881479
189079.000000 76132.000000 4.041457
189081.000000 76132.000000 4.224493
189083.000000 76132.000000 4.415907
189085.000000 76132.000000 4.598943
189087.000000 76132.000000 4.758921
189089.000000 76132.000000 4.886583
189091.000000 76132.000000 4.979418
189093.000000 76132.000000 5.040764
189095.000000 76132.000000 5.077459
189097.000000 76132.000000 5.097226
189099.000000 76132.000000 5.106750
189101.000000 76132.000000 5.110818
189103.000000 76132.000000 5.112341
189105.000000 76132.000000 5.112832
189107.000000 76132.000000 5.112965
189109.000000 76132.000000 5.112994
189111.000000 76132.000000 5.112999
189113.000000 76132.000000 5.113000
189115.000000 76132.000000 5.113000
189117.000000 76132.000000 5.113000
189119.000000 76132.000000 5.113000
189121.000000 76132.000000 5.113000
189123.000000 76132.000000 5.113000
189125.000000 76132.000000 5.113000
188925.000000 76134.000000 2.020885
188927.000000 76134.000000 2.006864
188929.000000 76134.000000 1.981198
188931.000000 76134.000000 1.947678
188933.000000 76134.000000 1.910020
188935.000000 76134.000000 1.870573
188937.000000 76134.000000 1.829807
188939.000000 76134.000000 1.786888
188941.000000 76134.000000 1.741082
188943.000000 76134.000000 1.693556
188945.000000 76134.000000 1.648910
188947.000000 76134.000000 1.615920
188949.000000 76134.000000 1.607172
188951.000000 76134.000000 1.637466
188953.000000 76134.000000 1.720797
188955.000000 76134.000000 1.865776
188957.000000 76134.000000 2.070494
188959.000000 76134.000000 2.319638
188961.000000 76134.000000 2.587051
188963.000000 76134.000000 2.843953
188965.000000 76134.000000 3.068664
188967.000000 76134.000000 3.251897
188969.000000 76134.000000 3.395005
188971.000000 76134.000000 3.503742
188973.000000 76134.000000 3.582768
188975.000000 76134.000000 3.634098
188977.000000 76134.000000 3.659025
188979.000000 76134.000000 3.660833
188981.000000 76134.000000 3.646044
188983.000000 76134.000000 3.623338
188985.000000 76134.000000 3.600500
188987.000000 76134.000000 3.580579
188989.000000 76134.000000 3.559412
188991.000000 76134.000000 3.527386
188993.000000 76134.000000 3.477025
188995.000000 76134.000000 3.414051
188997.000000 76134.000000 3.364909
188999.000000 76134.000000 3.371980
189001.000000 76134.000000 3.473781
189003.000000 76134.000000 3.677416
189005.000000 76134.000000 3.941463
189007.000000 76134.000000 4.185197
189009.000000 76134.000000 4.327030
189011.000000 76134.000000 4.330995
189013.000000 76134.000000 4.230524
189015.000000 76134.000000 4.108957
189017.000000 76134.000000 4.049271
189019.000000 76134.000000 4.087929
189021.000000 76134.000000 4.204293
189023.000000 76134.000000 4.346263
189025.000000 76134.000000 4.467142
189027.000000 76134.000000 4.546709
189029.000000 76134.000000 4.589297
189031.000000 76134.000000 4.609512
189033.000000 76134.000000 4.619506
189035.000000 76134.000000 4.623380
189037.000000 76134.000000 4.617185
189039.000000 76134.000000 4.591423
189041.000000 76134.000000 4.535103
189043.000000 76134.000000 4.440828
189045.000000 76134.000000 4.309542
189047.000000 76134.000000 4.152430
189049.000000 76134.000000 3.988410
189051.000000 76134.000000 3.838036
189053.000000 76134.000000 3.716719
189055.000000 76134.000000 3.630723
189057.000000 76134.000000 3.577362
189059.000000 76134.000000 3.548589
189061.000000 76134.000000 3.535309
189063.000000 76134.000000 3.530474
189065.000000 76134.000000 3.530213
189067.000000 76134.000000 3.533787
189069.000000 76134.000000 3.543198
189071.000000 76134.000000 3.562944
189073.000000 76134.000000 3.599636
189075.000000 76134.000000 3.660982
189077.000000 76134.000000 3.753817
189079.000000 76134.000000 3.881479
189081.000000 76134.000000 4.041457
189083.000000 76134.000000 4.224493
189085.000000 76134.000000 4.415907
189087.000000 76134.000000 4.598943
189089.000000 76134.000000 4.758921
189091.000000 76134.000000 4.886583
189093.000000 76134.000000 4.979418
189095.000000 76134.000000 5.040764
189097.000000 76134.000000 5.077459
189099.000000 76134.000000 5.097226
189101.000000 76134.000000 5.106750
189103.000000 76134.000000 5.110818
189105.000000 76134.000000 5.112341
189107.000000 76134.000000 5.112832
189109.000000 76134.000000 5.112965
189111.000000 76134.000000 5.112994
189113.000000 76134.000000 5.112999
189115.000000 76134.000000 5.113000
189117.000000 76134.000000 5.113000
189119.000000 76134.000000 5.113000
189121.000000 76134.000000 5.113000
189123.000000 76134.000000 5.113000
189125.000000 76134.000000 5.113000
188925.000000 76136.000000 1.962984
188927.000000 76136.000000 1.949773
188929.000000 76136.000000 1.925723
188931.000000 76136.000000 1.894443
188933.000000 76136.000000 1.859113
188935.000000 76136.000000 1.821219
188937.000000 76136.000000 1.780387
188939.000000 76136.000000 1.735519
188941.000000 76136.000000 1.686692
188943.000000 76136.000000 1.636974
188945.000000 76136.000000 1.593274
188947.000000 76136.000000 1.565770
188949.000000 76136.000000 1.566111
188951.000000 76136.000000 1.605049
188953.000000 76136.000000 1.690135
188955.000000 76136.000000 1.823633
188957.000000 76136.000000 2.000845
188959.000000 76136.000000 2.209779
188961.000000 76136.000000 2.433311
188963.000000 76136.000000 2.653820
188965.000000 76136.000000 2.858053
188967.000000 76136.000000 3.039441
188969.000000 76136.000000 3.196897
188971.000000 76136.000000 3.331822
188973.000000 76136.000000 3.445819
188975.000000 76136.000000 3.540211
188977.000000 76136.000000 3.616684
188979.000000 76136.000000 3.677993
188981.000000 76136.000000 3.728195
188983.000000 76136.000000 3.772228
188985.000000 76136.000000 3.814326
188987.000000 76136.000000 3.855294
188989.000000 76136.000000 3.889910
188991.000000 76136.000000 3.907320
188993.000000 76136.000000 3.896648
188995.000000 76136.000000 3.856727
188997.000000 76136.000000 3.804420
188999.000000 76136.000000 3.773396
189001.000000 76136.000000 3.799277
189003.000000 76136.000000 3.895186
189005.000000 76136.000000 4.033619
189007.000000 76136.000000 4.151123
189009.000000 76136.000000 4.182412
189011.000000 76136.000000 4.104857
189013.000000 76136.000000 3.961884
189015.000000 76136.000000 3.841621
189017.000000 76136.000000 3.823495
189019.000000 76136.000000 3.930652
189021.000000 76136.000000 4.123120
189023.000000 76136.000000 4.330882
189025.000000 76136.000000 4.497230
189027.000000 76136.000000 4.601294
189029.000000 76136.000000 4.652877
189031.000000 76136.000000 4.673522
189033.000000 76136.000000 4.680928
189035.000000 76136.000000 4.682948
189037.000000 76136.000000 4.678344
189039.000000 76136.000000 4.659583
189041.000000 76136.000000 4.616094
189043.000000 76136.000000 4.538289
189045.000000 76136.000000 4.422203
189047.000000 76136.000000 4.273102
189049.000000 76136.000000 4.105727
189051.000000 76136.000000 3.940395
189053.000000 76136.000000 3.796304
189055.000000 76136.000000 3.685569
189057.000000 76136.000000 3.610682
189059.000000 76136.000000 3.566309
189061.000000 76136.000000 3.543404
189063.000000 76136.000000 3.533274
189065.000000 76136.000000 3.529812
189067.000000 76136.000000 3.530038
189069.000000 76136.000000 3.533747
189071.000000 76136.000000 3.543190
189073.000000 76136.000000 3.562943
189075.000000 76136.000000 3.599636
189077.000000 76136.000000 3.660982
189079.000000 76136.000000 3.753817
189081.000000 76136.000000 3.881479
189083.000000 76136.000000 4.041457
189085.000000 76136.000000 4.224493
189087.000000 76136.000000 4.415907
189089.000000 76136.000000 4.598943
189091.000000 76136.000000 4.758921
189093.000000 76136.000000 4.886583
189095.000000 76136.000000 4.979418
189097.000000 76136.000000 5.040764
189099.000000 76136.000000 5.077459
189101.000000 76136.000000 5.097226
189103.000000 76136.000000 5.106750
189105.000000 76136.000000 5.110818
189107.000000 76136.000000 5.112341
189109.000000 76136.000000 5.112832
189111.000000 76136.000000 5.112965
189113.000000 76136.000000 5.112994
189115.000000 76136.000000 5.112999
189117.000000 76136.000000 5.113000
189119.000000 76136.000000 5.113000
189121.000000 76136.000000 5.113000
189123.000000 76136.000000 5.113000
189125.000000 76136.000000 5.113000
188925.000000 76138.000000 1.905452
188927.000000 76138.000000 1.894155
188929.000000 76138.000000 1.873294
188931.000000 76138.000000 1.845340
188933.000000 76138.000000 1.812161
188935.000000 76138.000000 1.774271
188937.000000 76138.000000 1.731234
188939.000000 76138.000000 1.683142
188941.000000 76138.000000 1.632386
188943.000000 76138.000000 1.584728
188945.000000 76138.000000 1.548963
188947.000000 76138.000000 1.535145
188949.000000 76138.000000 1.552029
188951.000000 76138.000000 1.604865
188953.000000 76138.000000 1.694382
188955.000000 76138.000000 1.817099
188957.000000 76138.000000 1.966418
188959.000000 76138.000000 2.134018
188961.000000 76138.000000 2.311325
188963.000000 76138.000000 2.490889
188965.000000 76138.000000 2.667225
188967.000000 76138.000000 2.836845
188969.000000 76138.000000 2.997784
188971.000000 76138.000000 3.149329
188973.000000 76138.000000 3.291992
188975.000000 76138.000000 3.427127
188977.000000 76138.000000 3.555819
188979.000000 76138.000000 3.677947
188981.000000 76138.000000 3.792479
188983.000000 76138.000000 3.899021
188985.000000 76138.000000 3.998558
188987.000000 76138.000000 4.091906
188989.000000 76138.000000 4.176268
188991.000000 76138.000000 4.243301
188993.000000 76138.000000 4.281710
188995.000000 76138.000000 4.284726
188997.000000 76138.000000 4.258284
188999.000000 76138.000000 4.222859
189001.000000 76138.000000 4.204178
189003.000000 76138.000000 4.214246
189005.000000 76138.000000 4.235517
189007.000000 76138.000000 4.223329
189009.000000 76138.000000 4.134613
189011.000000 76138.000000 3.966288
189013.000000 76138.000000 3.773910
189015.000000 76138.000000 3.647632
189017.000000 76138.000000 3.658833
189019.000000 76138.000000 3.815604
189021.000000 76138.000000 4.061429
189023.000000 76138.000000 4.313764
189025.000000 76138.000000 4.510332
189027.000000 76138.000000 4.630928
189029.000000 76138.000000 4.689286
189031.000000 76138.000000 4.711213
189033.000000 76138.000000 4.717629
189035.000000 76138.000000 4.718757
189037.000000 76138.000000 4.715603
189039.000000 76138.000000 4.702971
189041.000000 76138.000000 4.671895
189043.000000 76138.000000 4.612262
189045.000000 76138.000000 4.516560
189047.000000 76138.000000 4.384178
189049.000000 76138.000000 4.223973
189051.000000 76138.000000 4.053187
189053.000000 76138.000000 3.892260
189055.000000 76138.000000 3.758144
189057.000000 76138.000000 3.659323
189059.000000 76138.000000 3.595074
189061.000000 76138.000000 3.558304
189063.000000 76138.000000 3.539877
189065.000000 76138.000000 3.531928
189067.000000 76138.000000 3.529362
189069.000000 76138.000000 3.529901
189071.000000 76138.000000 3.533710
189073.000000 76138.000000 3.543182
189075.000000 76138.000000 3.562942
189077.000000 76138.000000 3.599636
189079.000000 76138.000000 3.660982
189081.000000 76138.000000 3.753817
189083.000000 76138.000000 3.881479
189085.000000 76138.000000 4.041457
189087.000000 76138.000000 4.224493
189089.000000 76138.000000 4.415907
189091.000000 76138.000000 4.598943
189093.000000 76138.000000 4.758921
189095.000000 76138.000000 4.886583
189097.000000 76138.000000 4.979418
189099.000000 76138.000000 5.040764
189101.000000 76138.000000 5.077459
189103.000000 76138.000000 5.097226
189105.000000 76138.000000 5.106750
189107.000000 76138.000000 5.110818
189109.000000 76138.000000 5.112341
189111.000000 76138.000000 5.112832
189113.000000 76138.000000 5.112965
189115.000000 76138.000000 5.112994
189117.000000 76138.000000 5.112999
189119.000000 76138.000000 5.113000
189121.000000 76138.000000 5.113000
189123.000000 76138.000000 5.113000
189125.000000 76138.000000 5.113000
188925.000000 76140.000000 1.855410
188927.000000 76140.000000 1.845853
188929.000000 76140.000000 1.827487
188931.000000 76140.000000 1.801261
188933.000000 76140.000000 1.767754
188935.000000 76140.000000 1.727218
188937.000000 76140.000000 1.680450
188939.000000 76140.000000 1.630114
188941.000000 76140.000000 1.581662
188943.000000 76140.000000 1.543144
188945.000000 76140.000000 1.523689
188947.000000 76140.000000 1.531122
188949.000000 76140.000000 1.569648
188951.000000 76140.000000 1.638631
188953.000000 76140.000000 1.733062
188955.000000 76140.000000 1.845557
188957.000000 76140.000000 1.968952
188959.000000 76140.000000 2.098360
188961.000000 76140.000000 2.231824
188963.000000 76140.000000 2.369497
188965.000000 76140.000000 2.511949
188967.000000 76140.000000 2.658918
188969.000000 76140.000000 2.809426
188971.000000 76140.000000 2.963167
188973.000000 76140.000000 3.121438
188975.000000 76140.000000 3.286070
188977.000000 76140.000000 3.456466
188979.000000 76140.000000 3.627637
188981.000000 76140.000000 3.791549
188983.000000 76140.000000 3.941669
188985.000000 76140.000000 4.076650
188987.000000 76140.000000 4.199920
188989.000000 76140.000000 4.314746
188991.000000 76140.000000 4.419123
188993.000000 76140.000000 4.504648
188995.000000 76140.000000 4.561239
188997.000000 76140.000000 4.584548
188999.000000 76140.000000 4.580195
189001.000000 76140.000000 4.559802
189003.000000 76140.000000 4.528663
189005.000000 76140.000000 4.474430
189007.000000 76140.000000 4.369204
189009.000000 76140.000000 4.192209
189011.000000 76140.000000 3.959317
189013.000000 76140.000000 3.734473
189015.000000 76140.000000 3.604062
189017.000000 76140.000000 3.627869
189019.000000 76140.000000 3.801636
189021.000000 76140.000000 4.061053
189023.000000 76140.000000 4.321508
189025.000000 76140.000000 4.522216
189027.000000 76140.000000 4.645127
189029.000000 76140.000000 4.705150
189031.000000 76140.000000 4.728251
189033.000000 76140.000000 4.735243
189035.000000 76140.000000 4.736765
189037.000000 76140.000000 4.735184
189039.000000 76140.000000 4.727503
189041.000000 76140.000000 4.707011
189043.000000 76140.000000 4.664554
189045.000000 76140.000000 4.590938
189047.000000 76140.000000 4.480900
189049.000000 76140.000000 4.337008
189051.000000 76140.000000 4.171202
189053.000000 76140.000000 4.002109
189055.000000 76140.000000 3.849170
189057.000000 76140.000000 3.726331
189059.000000 76140.000000 3.638736
189061.000000 76140.000000 3.583334
189063.000000 76140.000000 3.552368
189065.000000 76140.000000 3.537184
189067.000000 76140.000000 3.530829
189069.000000 76140.000000 3.528962
189071.000000 76140.000000 3.529779
189073.000000 76140.000000 3.533681
189075.000000 76140.000000 3.543178
189077.000000 76140.000000 3.562941
189079.000000 76140.000000 3.599636
189081.000000 76140.000000 3.660982
189083.000000 76140.000000 3.753817
189085.000000 76140.000000 3.881479
189087.000000 76140.000000 4.041457
189089.000000 76140.000000 4.224493
189091.000000 76140.000000 4.415907
189093.000000 76140.000000 4.598943
189095.000000 76140.000000 4.758921
189097.000000 76140.000000 4.886583
189099.000000 76140.000000 4.979418
189101.000000 76140.000000 5.040764
189103.000000 76140.000000 5.077459
189105.000000 76140.000000 5.097226
189107.000000 76140.000000 5.106750
189109.000000 76140.000000 5.110818
189111.000000 76140.000000 5.112341
189113.000000 76140.000000 5.112832
189115.000000 76140.000000 5.112965
189117.000000 76140.000000 5.112994
189119.000000 76140.000000 5.112999
189121.000000 76140.000000 5.113000
189123.000000 76140.000000 5.113000
189125.000000 76140.000000 5.113000
188925.000000 76142.000000 1.815971
188927.000000 76142.000000 1.806690
188929.000000 76142.000000 1.788055
188931.000000 76142.000000 1.759986
188933.000000 76142.000000 1.722739
188935.000000 76142.000000 1.677640
188937.000000 76142.000000 1.628006
188939.000000 76142.000000 1.579684
188941.000000 76142.000000 1.540669
188943.000000 76142.000000 1.519650
188945.000000 76142.000000 1.523866
188947.000000 76142.000000 1.557010
188949.000000 76142.000000 1.617990
188951.000000 76142.000000 1.701089
188953.000000 76142.000000 1.797651
188955.000000 76142.000000 1.898802
188957.000000 76142.000000 1.998276
188959.000000 76142.000000 2.094184
188961.000000 76142.000000 2.188902
188963.000000 76142.000000 2.287122
188965.000000 76142.000000 2.393186
188967.000000 76142.000000 2.509481
188969.000000 76142.000000 2.636988
188971.000000 76142.000000 2.777323
188973.000000 76142.000000 2.933657
188975.000000 76142.000000 3.108595
188977.000000 76142.000000 3.299671
188979.000000 76142.000000 3.496822
188981.000000 76142.000000 3.685109
188983.000000 76142.000000 3.852399
188985.000000 76142.000000 3.996044
188987.000000 76142.000000 4.123646
188989.000000 76142.000000 4.246556
188991.000000 76142.000000 4.371410
188993.000000 76142.000000 4.495050
188995.000000 76142.000000 4.606329
188997.000000 76142.000000 4.692456
188999.000000 76142.000000 4.745157
189001.000000 76142.000000 4.761428
189003.000000 76142.000000 4.737758
189005.000000 76142.000000 4.663787
189007.000000 76142.000000 4.524615
189009.000000 76142.000000 4.317059
189011.000000 76142.000000 4.069435
189013.000000 76142.000000 3.845911
189015.000000 76142.000000 3.722069
189017.000000 76142.000000 3.744282
189019.000000 76142.000000 3.901665
189021.000000 76142.000000 4.133347
189023.000000 76142.000000 4.364234
189025.000000 76142.000000 4.542143
189027.000000 76142.000000 4.652372
189029.000000 76142.000000 4.708126
189031.000000 76142.000000 4.731533
189033.000000 76142.000000 4.740169
189035.000000 76142.000000 4.743253
189037.000000 76142.000000 4.743533
189039.000000 76142.000000 4.739726
189041.000000 76142.000000 4.727451
189043.000000 76142.000000 4.699453
189045.000000 76142.000000 4.646649
189047.000000 76142.000000 4.561048
189049.000000 76142.000000 4.439815
189051.000000 76142.000000 4.288553
189053.000000 76142.000000 4.121336
189055.000000 76142.000000 3.956957
189057.000000 76142.000000 3.812916
189059.000000 76142.000000 3.700337
189061.000000 76142.000000 3.621948
189063.000000 76142.000000 3.573523
189065.000000 76142.000000 3.547182
189067.000000 76142.000000 3.534744
189069.000000 76142.000000 3.529836
189071.000000 76142.000000 3.528630
189073.000000 76142.000000 3.529693
189075.000000 76142.000000 3.533666
189077.000000 76142.000000 3.543176
189079.000000 76142.000000 3.562941
189081.000000 76142.000000 3.599636
189083.000000 76142.000000 3.660982
189085.000000 76142.000000 3.753817
189087.000000 76142.000000 3.881479
189089.000000 76142.000000 4.041457
189091.000000 76142.000000 4.224493
189093.000000 76142.000000 4.415907
189095.000000 76142.000000 4.598943
189097.000000 76142.000000 4.758921
189099.000000 76142.000000 4.886583
189101.000000 76142.000000 4.979418
189103.000000 76142.000000 5.040764
189105.000000 76142.000000 5.077459
189107.000000 76142.000000 5.097226
189109.000000 76142.000000 5.106750
189111.000000 76142.000000 5.110818
189113.000000 76142.000000 5.112341
189115.000000 76142.000000 5.112832
189117.000000 76142.000000 5.112965
189119.000000 76142.000000 5.112994
189121.000000 76142.000000 5.112999
189123.000000 76142.000000 5.113000
189125.000000 76142.000000 5.113000
188925.000000 76144.000000 1.784736
188927.000000 76144.000000 1.773603
188929.000000 76144.000000 1.751139
188931.000000 76144.000000 1.717530
188933.000000 76144.000000 1.674316
188935.000000 76144.000000 1.625322
188937.000000 76144.000000 1.577023
188939.000000 76144.000000 1.537881
188941.000000 76144.000000 1.516692
188943.000000 76144.000000 1.520428
188945.000000 76144.000000 1.552347
188947.000000 76144.000000 1.610999
188949.000000 76144.000000 1.690466
188951.000000 76144.000000 1.781757
188953.000000 76144.000000 1.875078
188955.000000 76144.000000 1.962385
188957.000000 76144.000000 2.039504
188959.000000 76144.000000 2.107058
188961.000000 76144.000000 2.169706
188963.000000 76144.000000 2.233954
188965.000000 76144.000000 2.305605
188967.000000 76144.000000 2.388496
188969.000000 76144.000000 2.485335
188971.000000 76144.000000 2.599768
188973.000000 76144.000000 2.736879
188975.000000 76144.000000 2.900229
188977.000000 76144.000000 3.086430
188979.000000 76144.000000 3.282305
188981.000000 76144.000000 3.468497
188983.000000 76144.000000 3.629278
188985.000000 76144.000000 3.761543
188987.000000 76144.000000 3.876816
188989.000000 76144.000000 3.993877
188991.000000 76144.000000 4.127633
188993.000000 76144.000000 4.280496
188995.000000 76144.000000 4.441392
188997.000000 76144.000000 4.591100
188999.000000 76144.000000 4.710136
189001.000000 76144.000000 4.783558
189003.000000 76144.000000 4.800655
189005.000000 76144.000000 4.752420
189007.000000 76144.000000 4.633357
189009.000000 76144.000000 4.451252
189011.000000 76144.000000 4.238196
189013.000000 76144.000000 4.050015
189015.000000 76144.000000 3.946082
189017.000000 76144.000000 3.959533
189019.000000 76144.000000 4.078768
189021.000000 76144.000000 4.255348
189023.000000 76144.000000 4.431857
189025.000000 76144.000000 4.569250
189027.000000 76144.000000 4.656729
189029.000000 76144.000000 4.703916
189031.000000 76144.000000 4.726683
189033.000000 76144.000000 4.737499
189035.000000 76144.000000 4.742987
189037.000000 76144.000000 4.745487
189039.000000 76144.000000 4.744786
189041.000000 76144.000000 4.738490
189043.000000 76144.000000 4.721574
189045.000000 76144.000000 4.686377
189047.000000 76144.000000 4.624195
189049.000000 76144.000000 4.528547
189051.000000 76144.000000 4.398998
189053.000000 76144.000000 4.243357
189055.000000 76144.000000 4.076711
189057.000000 76144.000000 3.917261
189059.000000 76144.000000 3.780875
189061.000000 76144.000000 3.676804
189063.000000 76144.000000 3.606300
189065.000000 76144.000000 3.564222
189067.000000 76144.000000 3.542342
189069.000000 76144.000000 3.532596
189071.000000 76144.000000 3.529049
189073.000000 76144.000000 3.528401
189075.000000 76144.000000 3.529642
189077.000000 76144.000000 3.533657
189079.000000 76144.000000 3.543175
189081.000000 76144.000000 3.562941
189083.000000 76144.000000 3.599636
189085.000000 76144.000000 3.660982
189087.000000 76144.000000 3.753817
189089.000000 76144.000000 3.881479
189091.000000 76144.000000 4.041457
189093.000000 76144.000000 4.224493
189095.000000 76144.000000 4.415907
189097.000000 76144.000000 4.598943
189099.000000 76144.000000 4.758921
189101.000000 76144.000000 4.886583
189103.000000 76144.000000 4.979418
189105.000000 76144.000000 5.040764
189107.000000 76144.000000 5.077459
189109.000000 76144.000000 5.097226
189111.000000 76144.000000 5.106750
189113.000000 76144.000000 5.110818
189115.000000 76144.000000 5.112341
189117.000000 76144.000000 5.112832
189119.000000 76144.000000 5.112965
189121.000000 76144.000000 5.112994
189123.000000 76144.000000 5.112999
189125.000000 76144.000000 5.113000
188925.000000 76146.000000 1.754877
188927.000000 76146.000000 1.740122
188929.000000 76146.000000 1.711317
188931.000000 76146.000000 1.670571
188933.000000 76146.000000 1.622307
188935.000000 76146.000000 1.573680
188937.000000 76146.000000 1.533880
188939.000000 76146.000000 1.512295
188941.000000 76146.000000 1.516134
188943.000000 76146.000000 1.548459
188945.000000 76146.000000 1.607376
188947.000000 76146.000000 1.686564
188949.000000 76146.000000 1.776849
188951.000000 76146.000000 1.868288
188953.000000 76146.000000 1.952283
188955.000000 76146.000000 2.023304
188957.000000 76146.000000 2.079872
188959.000000 76146.000000 2.124511
188961.000000 76146.000000 2.162608
188963.000000 76146.000000 2.200511
188965.000000 76146.000000 2.243700
188967.000000 76146.000000 2.296138
188969.000000 76146.000000 2.361281
188971.000000 76146.000000 2.443885
188973.000000 76146.000000 2.550137
188975.000000 76146.000000 2.684498
188977.000000 76146.000000 2.844180
188979.000000 76146.000000 3.016173
188981.000000 76146.000000 3.180770
188983.000000 76146.000000 3.321718
188985.000000 76146.000000 3.436176
188987.000000 76146.000000 3.537834
188989.000000 76146.000000 3.649781
188991.000000 76146.000000 3.792071
188993.000000 76146.000000 3.970611
188995.000000 76146.000000 4.173925
188997.000000 76146.000000 4.377864
188999.000000 76146.000000 4.555188
189001.000000 76146.000000 4.683665
189003.000000 76146.000000 4.749439
189005.000000 76146.000000 4.746292
189007.000000 76146.000000 4.675699
189009.000000 76146.000000 4.550676
189011.000000 76146.000000 4.400213
189013.000000 76146.000000 4.266574
189015.000000 76146.000000 4.191189
189017.000000 76146.000000 4.195751
189019.000000 76146.000000 4.271674
189021.000000 76146.000000 4.386603
189023.000000 76146.000000 4.503069
189025.000000 76146.000000 4.595920
189027.000000 76146.000000 4.658131
189029.000000 76146.000000 4.695390
189031.000000 76146.000000 4.717048
189033.000000 76146.000000 4.730244
189035.000000 76146.000000 4.738683
189037.000000 76146.000000 4.743802
189039.000000 76146.000000 4.745837
189041.000000 76146.000000 4.743813
189043.000000 76146.000000 4.734789
189045.000000 76146.000000 4.713192
189047.000000 76146.000000 4.671205
189049.000000 76146.000000 4.600724
189051.000000 76146.000000 4.496658
189053.000000 76146.000000 4.360273
189055.000000 76146.000000 4.200822
189057.000000 76146.000000 4.034177
189059.000000 76146.000000 3.878534
189061.000000 76146.000000 3.748979
189063.000000 76146.000000 3.653304
189065.000000 76146.000000 3.591039
189067.000000 76146.000000 3.555626
189069.000000 76146.000000 3.538222
189071.000000 76146.000000 3.530948
189073.000000 76146.000000 3.528515
189075.000000 76146.000000 3.528264
189077.000000 76146.000000 3.529616
189079.000000 76146.000000 3.533654
189081.000000 76146.000000 3.543175
189083.000000 76146.000000 3.562941
189085.000000 76146.000000 3.599636
189087.000000 76146.000000 3.660982
189089.000000 76146.000000 3.753817
189091.000000 76146.000000 3.881479
189093.000000 76146.000000 4.041457
189095.000000 76146.000000 4.224493
189097.000000 76146.000000 4.415907
189099.000000 76146.000000 4.598943
189101.000000 76146.000000 4.758921
189103.000000 76146.000000 4.886583
189105.000000 76146.000000 4.979418
189107.000000 76146.000000 5.040764
189109.000000 76146.000000 5.077459
189111.000000 76146.000000 5.097226
189113.000000 76146.000000 5.106750
189115.000000 76146.000000 5.110818
189117.000000 76146.000000 5.112341
189119.000000 76146.000000 5.112832
189121.000000 76146.000000 5.112965
189123.000000 76146.000000 5.112994
189125.000000 76146.000000 5.112999
188925.000000 76148.000000 1.718265
188927.000000 76148.000000 1.699521
188929.000000 76148.000000 1.664616
188931.000000 76148.000000 1.618925
188933.000000 76148.000000 1.570626
188935.000000 76148.000000 1.529898
188937.000000 76148.000000 1.507094
188939.000000 76148.000000 1.510220
188941.000000 76148.000000 1.542740
188943.000000 76148.000000 1.602614
188945.000000 76148.000000 1.683011
188947.000000 76148.000000 1.774222
188949.000000 76148.000000 1.866032
188951.000000 76148.000000 1.949760
188953.000000 76148.000000 2.019638
188955.000000 76148.000000 2.073391
188957.000000 76148.000000 2.112100
188959.000000 76148.000000 2.139433
188961.000000 76148.000000 2.160445
188963.000000 76148.000000 2.180252
188965.000000 76148.000000 2.203032
188967.000000 76148.000000 2.231954
188969.000000 76148.000000 2.270203
188971.000000 76148.000000 2.322434
188973.000000 76148.000000 2.394801
188975.000000 76148.000000 2.492278
188977.000000 76148.000000 2.613897
188979.000000 76148.000000 2.749902
188981.000000 76148.000000 2.884333
188983.000000 76148.000000 3.003734
188985.000000 76148.000000 3.106427
188987.000000 76148.000000 3.206191
188989.000000 76148.000000 3.326190
188991.000000 76148.000000 3.486750
188993.000000 76148.000000 3.693300
188995.000000 76148.000000 3.932066
188997.000000 76148.000000 4.174903
188999.000000 76148.000000 4.390503
189001.000000 76148.000000 4.554654
189003.000000 76148.000000 4.655118
189005.000000 76148.000000 4.690567
189007.000000 76148.000000 4.668026
189009.000000 76148.000000 4.602098
189011.000000 76148.000000 4.515428
189013.000000 76148.000000 4.436099
189015.000000 76148.000000 4.389628
189017.000000 76148.000000 4.388935
189019.000000 76148.000000 4.429362
189021.000000 76148.000000 4.493002
189023.000000 76148.000000 4.559347
189025.000000 76148.000000 4.614763
189027.000000 76148.000000 4.655364
189029.000000 76148.000000 4.683804
189031.000000 76148.000000 4.704336
189033.000000 76148.000000 4.719841
189035.000000 76148.000000 4.731485
189037.000000 76148.000000 4.739605
189039.000000 76148.000000 4.744363
189041.000000 76148.000000 4.745585
189043.000000 76148.000000 4.741961
189045.000000 76148.000000 4.730079
189047.000000 76148.000000 4.703936
189049.000000 76148.000000 4.655568
189051.000000 76148.000000 4.577193
189053.000000 76148.000000 4.464617
189055.000000 76148.000000 4.320576
189057.000000 76148.000000 4.156196
189059.000000 76148.000000 3.988973
189061.000000 76148.000000 3.837684
189063.000000 76148.000000 3.716363
189065.000000 76148.000000 3.630543
189067.000000 76148.000000 3.577296
189069.000000 76148.000000 3.548540
189071.000000 76148.000000 3.535144
189073.000000 76148.000000 3.529849
189075.000000 76148.000000 3.528199
189077.000000 76148.000000 3.528196
189079.000000 76148.000000 3.529606
189081.000000 76148.000000 3.533653
189083.000000 76148.000000 3.543174
189085.000000 76148.000000 3.562941
189087.000000 76148.000000 3.599636
189089.000000 76148.000000 3.660982
189091.000000 76148.000000 3.753817
189093.000000 76148.000000 3.881479
189095.000000 76148.000000 4.041457
189097.000000 76148.000000 4.224493
189099.000000 76148.000000 4.415907
189101.000000 76148.000000 4.598943
189103.000000 76148.000000 4.758921
189105.000000 76148.000000 4.886583
189107.000000 76148.000000 4.979418
189109.000000 76148.000000 5.040764
189111.000000 76148.000000 5.077459
189113.000000 76148.000000 5.097226
189115.000000 76148.000000 5.106750
189117.000000 76148.000000 5.110818
189119.000000 76148.000000 5.112341
189121.000000 76148.000000 5.112832
189123.000000 76148.000000 5.112965
189125.000000 76148.000000 5.112994
188925.000000 76150.000000 1.669174
188927.000000 76150.000000 1.648179
188929.000000 76150.000000 1.611111
188931.000000 76150.000000 1.566977
188933.000000 76150.000000 1.527256
188935.000000 76150.000000 1.503609
188937.000000 76150.000000 1.505270
188939.000000 76150.000000 1.536728
188941.000000 76150.000000 1.596560
188943.000000 76150.000000 1.677929
188945.000000 76150.000000 1.770635
188947.000000 76150.000000 1.863840
188949.000000 76150.000000 1.948493
188951.000000 76150.000000 2.018732
188953.000000 76150.000000 2.072244
188955.000000 76150.000000 2.109775
188957.000000 76150.000000 2.134221
188959.000000 76150.000000 2.149572
188961.000000 76150.000000 2.159962
188963.000000 76150.000000 2.168954
188965.000000 76150.000000 2.179227
188967.000000 76150.000000 2.192840
188969.000000 76150.000000 2.212118
188971.000000 76150.000000 2.240746
188973.000000 76150.000000 2.283891
188975.000000 76150.000000 2.346448
188977.000000 76150.000000 2.429635
188979.000000 76150.000000 2.528640
188981.000000 76150.000000 2.634002
188983.000000 76150.000000 2.737761
188985.000000 76150.000000 2.840617
188987.000000 76150.000000 2.955129
188989.000000 76150.000000 3.100746
188991.000000 76150.000000 3.292905
188993.000000 76150.000000 3.531892
188995.000000 76150.000000 3.799238
188997.000000 76150.000000 4.063683
188999.000000 76150.000000 4.293588
189001.000000 76150.000000 4.467717
189003.000000 76150.000000 4.579365
189005.000000 76150.000000 4.633446
189007.000000 76150.000000 4.641353
189009.000000 76150.000000 4.617423
189011.000000 76150.000000 4.577811
189013.000000 76150.000000 4.539136
189015.000000 76150.000000 4.515231
189017.000000 76150.000000 4.513031
189019.000000 76150.000000 4.530819
189021.000000 76150.000000 4.560641
189023.000000 76150.000000 4.593411
189025.000000 76150.000000 4.623234
189027.000000 76150.000000 4.648513
189029.000000 76150.000000 4.670251
189031.000000 76150.000000 4.689697
189033.000000 76150.000000 4.707091
189035.000000 76150.000000 4.721818
189037.000000 76150.000000 4.733157
189039.000000 76150.000000 4.740822
189041.000000 76150.000000 4.744872
189043.000000 76150.000000 4.745038
189045.000000 76150.000000 4.739709
189047.000000 76150.000000 4.724954
189049.000000 76150.000000 4.694139
189051.000000 76150.000000 4.638783
189053.000000 76150.000000 4.551200
189055.000000 76150.000000 4.428364
189057.000000 76150.000000 4.275422
189059.000000 76150.000000 4.106305
189061.000000 76150.000000 3.940402
189063.000000 76150.000000 3.796222
189065.000000 76150.000000 3.685520
189067.000000 76150.000000 3.610664
189069.000000 76150.000000 3.566299
189071.000000 76150.000000 3.543369
189073.000000 76150.000000 3.533111
189075.000000 76150.000000 3.529188
189077.000000 76150.000000 3.528024
189079.000000 76150.000000 3.528156
189081.000000 76150.000000 3.529597
189083.000000 76150.000000 3.533651
189085.000000 76150.000000 3.543174
189087.000000 76150.000000 3.562941
189089.000000 76150.000000 3.599636
189091.000000 76150.000000 3.660982
189093.000000 76150.000000 3.753817
189095.000000 76150.000000 3.881479
189097.000000 76150.000000 4.041457
189099.000000 76150.000000 4.224493
189101.000000 76150.000000 4.415907
189103.000000 76150.000000 4.598943
189105.000000 76150.000000 4.758921
189107.000000 76150.000000 4.886583
189109.000000 76150.000000 4.979418
189111.000000 76150.000000 5.040764
189113.000000 76150.000000 5.077459
189115.000000 76150.000000 5.097226
189117.000000 76150.000000 5.106750
189119.000000 76150.000000 5.110818
189121.000000 76150.000000 5.112341
189123.000000 76150.000000 5.112831
189125.000000 76150.000000 5.112959
188925.000000 76152.000000 1.607492
188927.000000 76152.000000 1.588108
188929.000000 76152.000000 1.556201
188931.000000 76152.000000 1.523354
188933.000000 76152.000000 1.502458
188935.000000 76152.000000 1.504195
188937.000000 76152.000000 1.534414
188939.000000 76152.000000 1.592862
188941.000000 76152.000000 1.673558
188943.000000 76152.000000 1.766585
188945.000000 76152.000000 1.860830
188947.000000 76152.000000 1.946678
188949.000000 76152.000000 2.017838
188951.000000 76152.000000 2.071837
188953.000000 76152.000000 2.109438
188955.000000 76152.000000 2.133461
188957.000000 76152.000000 2.147589
188959.000000 76152.000000 2.155435
188961.000000 76152.000000 2.159997
188963.000000 76152.000000 2.163465
188965.000000 76152.000000 2.167302
188967.000000 76152.000000 2.172613
188969.000000 76152.000000 2.180783
188971.000000 76152.000000 2.194243
188973.000000 76152.000000 2.216727
188975.000000 76152.000000 2.252515
188977.000000 76152.000000 2.304583
188979.000000 76152.000000 2.373117
188981.000000 76152.000000 2.456020
188983.000000 76152.000000 2.552348
188985.000000 76152.000000 2.666456
188987.000000 76152.000000 2.809434
188989.000000 76152.000000 2.994504
188991.000000 76152.000000 3.228028
188993.000000 76152.000000 3.501182
188995.000000 76152.000000 3.789087
188997.000000 76152.000000 4.058800
188999.000000 76152.000000 4.282007
189001.000000 76152.000000 4.444302
189003.000000 76152.000000 4.546678
189005.000000 76152.000000 4.600146
189007.000000 76152.000000 4.618935
189009.000000 76152.000000 4.616158
189011.000000 76152.000000 4.602794
189013.000000 76152.000000 4.587811
189015.000000 76152.000000 4.577817
189017.000000 76152.000000 4.576123
189019.000000 76152.000000 4.582494
189021.000000 76152.000000 4.594304
189023.000000 76152.000000 4.608591
189025.000000 76152.000000 4.623669
189027.000000 76152.000000 4.639393
189029.000000 76152.000000 4.656272
189031.000000 76152.000000 4.674374
189033.000000 76152.000000 4.692809
189035.000000 76152.000000 4.710008
189037.000000 76152.000000 4.724423
189039.000000 76152.000000 4.735137
189041.000000 76152.000000 4.741990
189043.000000 76152.000000 4.745154
189045.000000 76152.000000 4.744226
189047.000000 76152.000000 4.737108
189049.000000 76152.000000 4.719039
189051.000000 76152.000000 4.682402
189053.000000 76152.000000 4.618199
189055.000000 76152.000000 4.519396
189057.000000 76152.000000 4.385281
189059.000000 76152.000000 4.224294
189061.000000 76152.000000 4.053239
189063.000000 76152.000000 3.892252
189065.000000 76152.000000 3.758135
189067.000000 76152.000000 3.659320
189069.000000 76152.000000 3.595073
189071.000000 76152.000000 3.558298
189073.000000 76152.000000 3.539842
189075.000000 76152.000000 3.531765
189077.000000 76152.000000 3.528738
189079.000000 76152.000000 3.527888
189081.000000 76152.000000 3.528119
189083.000000 76152.000000 3.529589
189085.000000 76152.000000 3.533650
189087.000000 76152.000000 3.543174
189089.000000 76152.000000 3.562941
189091.000000 76152.000000 3.599636
189093.000000 76152.000000 3.660982
189095.000000 76152.000000 3.753817
189097.000000 76152.000000 3.881479
189099.000000 76152.000000 4.041457
189101.000000 76152.000000 4.224493
189103.000000 76152.000000 4.415907
189105.000000 76152.000000 4.598943
189107.000000 76152.000000 4.758921
189109.000000 76152.000000 4.886583
189111.000000 76152.000000 4.979418
189113.000000 76152.000000 5.040764
189115.000000 76152.000000 5.077459
189117.000000 76152.000000 5.097226
189119.000000 76152.000000 5.106750
189121.000000 76152.000000 5.110818
189123.000000 76152.000000 5.112335
189125.000000 76152.000000 5.112796
188925.000000 76154.000000 1.540281
188927.000000 76154.000000 1.527666
188929.000000 76154.000000 1.509906
188931.000000 76154.000000 1.498746
188933.000000 76154.000000 1.505559
188935.000000 76154.000000 1.537425
188937.000000 76154.000000 1.595323
188939.000000 76154.000000 1.674421
188941.000000 76154.000000 1.765871
188943.000000 76154.000000 1.859245
188945.000000 76154.000000 1.945062
188947.000000 76154.000000 2.016691
188949.000000 76154.000000 2.071235
188951.000000 76154.000000 2.109195
188953.000000 76154.000000 2.133344
188955.000000 76154.000000 2.147360
188957.000000 76154.000000 2.154777
188959.000000 76154.000000 2.158400
188961.000000 76154.000000 2.160169
188963.000000 76154.000000 2.161279
188965.000000 76154.000000 2.162415
188967.000000 76154.000000 2.164067
188969.000000 76154.000000 2.166915
188971.000000 76154.000000 2.172308
188973.000000 76154.000000 2.182615
188975.000000 76154.000000 2.201241
188977.000000 76154.000000 2.232178
188979.000000 76154.000000 2.279632
188981.000000 76154.000000 2.348275
188983.000000 76154.000000 2.444462
188985.000000 76154.000000 2.577034
188987.000000 76154.000000 2.755835
188989.000000 76154.000000 2.986507
188991.000000 76154.000000 3.263725
188993.000000 76154.000000 3.567333
188995.000000 76154.000000 3.865927
188997.000000 76154.000000 4.127140
188999.000000 76154.000000 4.329225
189001.000000 76154.000000 4.466869
189003.000000 76154.000000 4.548942
189005.000000 76154.000000 4.591018
189007.000000 76154.000000 4.608280
189009.000000 76154.000000 4.611981
189011.000000 76154.000000 4.609396
189013.000000 76154.000000 4.605076
189015.000000 76154.000000 4.601821
189017.000000 76154.000000 4.601018
189019.000000 76154.000000 4.602869
189021.000000 76154.000000 4.606896
189023.000000 76154.000000 4.612662
189025.000000 76154.000000 4.620262
189027.000000 76154.000000 4.630313
189029.000000 76154.000000 4.643439
189031.000000 76154.000000 4.659638
189033.000000 76154.000000 4.677927
189035.000000 76154.000000 4.696510
189037.000000 76154.000000 4.713380
189039.000000 76154.000000 4.727016
189041.000000 76154.000000 4.736772
189043.000000 76154.000000 4.742738
189045.000000 76154.000000 4.745078
189047.000000 76154.000000 4.743002
189049.000000 76154.000000 4.733611
189051.000000 76154.000000 4.711043
189053.000000 76154.000000 4.666812
189055.000000 76154.000000 4.591999
189057.000000 76154.000000 4.481309
189059.000000 76154.000000 4.337131
189061.000000 76154.000000 4.171228
189063.000000 76154.000000 4.002112
189065.000000 76154.000000 3.849169
189067.000000 76154.000000 3.726331
189069.000000 76154.000000 3.638735
189071.000000 76154.000000 3.583334
189073.000000 76154.000000 3.552362
189075.000000 76154.000000 3.537149
189077.000000 76154.000000 3.530666
189079.000000 76154.000000 3.528338
189081.000000 76154.000000 3.527766
189083.000000 76154.000000 3.528091
189085.000000 76154.000000 3.529585
189087.000000 76154.000000 3.533650
189089.000000 76154.000000 3.543174
189091.000000 76154.000000 3.562941
189093.000000 76154.000000 3.599636
189095.000000 76154.000000 3.660982
189097.000000 76154.000000 3.753817
189099.000000 76154.000000 3.881479
189101.000000 76154.000000 4.041457
189103.000000 76154.000000 4.224493
189105.000000 76154.000000 4.415907
189107.000000 76154.000000 4.598943
189109.000000 76154.000000 4.758921
189111.000000 76154.000000 4.886583
189113.000000 76154.000000 4.979418
189115.000000 76154.000000 5.040764
189117.000000 76154.000000 5.077459
189119.000000 76154.000000 5.097225
189121.000000 76154.000000 5.106744
189123.000000 76154.000000 5.110783
189125.000000 76154.000000 5.112172
188925.000000 76156.000000 1.480941
188927.000000 76156.000000 1.480015
188929.000000 76156.000000 1.484277
188931.000000 76156.000000 1.502496
188933.000000 76156.000000 1.541435
188935.000000 76156.000000 1.602660
188937.000000 76156.000000 1.682138
188939.000000 76156.000000 1.771965
188941.000000 76156.000000 1.862901
188943.000000 76156.000000 1.946548
188945.000000 76156.000000 2.016876
188947.000000 76156.000000 2.070956
188949.000000 76156.000000 2.108930
188951.000000 76156.000000 2.133210
188953.000000 76156.000000 2.147308
188955.000000 76156.000000 2.154714
188957.000000 76156.000000 2.158222
188959.000000 76156.000000 2.159721
188961.000000 76156.000000 2.160325
188963.000000 76156.000000 2.160612
188965.000000 76156.000000 2.160860
188967.000000 76156.000000 2.161244
188969.000000 76156.000000 2.162040
188971.000000 76156.000000 2.163884
188973.000000 76156.000000 2.168141
188975.000000 76156.000000 2.177394
188977.000000 76156.000000 2.196080
188979.000000 76156.000000 2.231265
188981.000000 76156.000000 2.293198
188983.000000 76156.000000 2.394924
188985.000000 76156.000000 2.549750
188987.000000 76156.000000 2.766180
188989.000000 76156.000000 3.041510
188991.000000 76156.000000 3.357688
188993.000000 76156.000000 3.683123
188995.000000 76156.000000 3.981528
188997.000000 76156.000000 4.223917
188999.000000 76156.000000 4.397451
189001.000000 76156.000000 4.506436
189003.000000 76156.000000 4.566228
189005.000000 76156.000000 4.594704
189007.000000 76156.000000 4.606229
189009.000000 76156.000000 4.609781
189011.000000 76156.000000 4.610053
189013.000000 76156.000000 4.609275
189015.000000 76156.000000 4.608514
189017.000000 76156.000000 4.608271
189019.000000 76156.000000 4.608733
189021.000000 76156.000000 4.610001
189023.000000 76156.000000 4.612336
189025.000000 76156.000000 4.616331
189027.000000 76156.000000 4.622866
189029.000000 76156.000000 4.632797
189031.000000 76156.000000 4.646478
189033.000000 76156.000000 4.663355
189035.000000 76156.000000 4.681933
189037.000000 76156.000000 4.700183
189039.000000 76156.000000 4.716216
189041.000000 76156.000000 4.728841
189043.000000 76156.000000 4.737713
189045.000000 76156.000000 4.742994
189047.000000 76156.000000 4.744575
189049.000000 76156.000000 4.741025
189051.000000 76156.000000 4.728464
189053.000000 76156.000000 4.700060
189055.000000 76156.000000 4.646940
189057.000000 76156.000000 4.561159
189059.000000 76156.000000 4.439847
189061.000000 76156.000000 4.288560
189063.000000 76156.000000 4.121337
189065.000000 76156.000000 3.956957
189067.000000 76156.000000 3.812916
189069.000000 76156.000000 3.700337
189071.000000 76156.000000 3.621948
189073.000000 76156.000000 3.573522
189075.000000 76156.000000 3.547177
189077.000000 76156.000000 3.534710
189079.000000 76156.000000 3.529674
189081.000000 76156.000000 3.528006
189083.000000 76156.000000 3.527680
189085.000000 76156.000000 3.528075
189087.000000 76156.000000 3.529583
189089.000000 76156.000000 3.533650
189091.000000 76156.000000 3.543174
189093.000000 76156.000000 3.562941
189095.000000 76156.000000 3.599636
189097.000000 76156.000000 3.660982
189099.000000 76156.000000 3.753817
189101.000000 76156.000000 3.881479
189103.000000 76156.000000 4.041457
189105.000000 76156.000000 4.224493
189107.000000 76156.000000 4.415907
189109.000000 76156.000000 4.598943
189111.000000 76156.000000 4.758921
189113.000000 76156.000000 4.886583
189115.000000 76156.000000 4.979418
189117.000000 76156.000000 5.040763
189119.000000 76156.000000 5.077453
189121.000000 76156.000000 5.097191
189123.000000 76156.000000 5.106582
189125.000000 76156.000000 5.110159
188925.000000 76158.000000 1.445657
188927.000000 76158.000000 1.459368
188929.000000 76158.000000 1.489576
188931.000000 76158.000000 1.539227
188933.000000 76158.000000 1.608263
188935.000000 76158.000000 1.692205
188937.000000 76158.000000 1.783260
188939.000000 76158.000000 1.872781
188941.000000 76158.000000 1.953535
188943.000000 76158.000000 2.020819
188945.000000 76158.000000 2.072653
188947.000000 76158.000000 2.109415
188949.000000 76158.000000 2.133253
188951.000000 76158.000000 2.147270
188953.000000 76158.000000 2.154692
188955.000000 76158.000000 2.158206
188957.000000 76158.000000 2.159686
188959.000000 76158.000000 2.160235
188961.000000 76158.000000 2.160417
188963.000000 76158.000000 2.160477
188965.000000 76158.000000 2.160512
188967.000000 76158.000000 2.160574
188969.000000 76158.000000 2.160751
188971.000000 76158.000000 2.161307
188973.000000 76158.000000 2.163001
188975.000000 76158.000000 2.167850
188977.000000 76158.000000 2.180523
188979.000000 76158.000000 2.210179
188981.000000 76158.000000 2.271549
188983.000000 76158.000000 2.383304
188985.000000 76158.000000 2.562335
188987.000000 76158.000000 2.815002
188989.000000 76158.000000 3.129684
188991.000000 76158.000000 3.475872
188993.000000 76158.000000 3.812236
188995.000000 76158.000000 4.100431
188997.000000 76158.000000 4.317530
188999.000000 76158.000000 4.460676
189001.000000 76158.000000 4.542827
189003.000000 76158.000000 4.583611
189005.000000 76158.000000 4.601032
189007.000000 76158.000000 4.607406
189009.000000 76158.000000 4.609366
189011.000000 76158.000000 4.609804
189013.000000 76158.000000 4.609784
189015.000000 76158.000000 4.609681
189017.000000 76158.000000 4.609645
189019.000000 76158.000000 4.609768
189021.000000 76158.000000 4.610188
189023.000000 76158.000000 4.611201
189025.000000 76158.000000 4.613371
189027.000000 76158.000000 4.617542
189029.000000 76158.000000 4.624665
189031.000000 76158.000000 4.635433
189033.000000 76158.000000 4.649853
189035.000000 76158.000000 4.667028
189037.000000 76158.000000 4.685313
189039.000000 76158.000000 4.702812
189041.000000 76158.000000 4.717944
189043.000000 76158.000000 4.729803
189045.000000 76158.000000 4.738136
189047.000000 76158.000000 4.742928
189049.000000 76158.000000 4.743622
189051.000000 76158.000000 4.738043
189053.000000 76158.000000 4.721437
189055.000000 76158.000000 4.686348
189057.000000 76158.000000 4.624193
189059.000000 76158.000000 4.528548
189061.000000 76158.000000 4.398998
189063.000000 76158.000000 4.243357
189065.000000 76158.000000 4.076711
189067.000000 76158.000000 3.917261
189069.000000 76158.000000 3.780875
189071.000000 76158.000000 3.676804
189073.000000 76158.000000 3.606300
189075.000000 76158.000000 3.564222
189077.000000 76158.000000 3.542336
189079.000000 76158.000000 3.532562
189081.000000 76158.000000 3.528886
189083.000000 76158.000000 3.527777
189085.000000 76158.000000 3.527629
189087.000000 76158.000000 3.528067
189089.000000 76158.000000 3.529582
189091.000000 76158.000000 3.533650
189093.000000 76158.000000 3.543174
189095.000000 76158.000000 3.562941
189097.000000 76158.000000 3.599636
189099.000000 76158.000000 3.660982
189101.000000 76158.000000 3.753817
189103.000000 76158.000000 3.881479
189105.000000 76158.000000 4.041457
189107.000000 76158.000000 4.224493
189109.000000 76158.000000 4.415907
189111.000000 76158.000000 4.598943
189113.000000 76158.000000 4.758921
189115.000000 76158.000000 4.886582
189117.000000 76158.000000 4.979412
189119.000000 76158.000000 5.040729
189121.000000 76158.000000 5.077291
189123.000000 76158.000000 5.096566
189125.000000 76158.000000 5.104568
188925.000000 76160.000000 1.448270
188927.000000 76160.000000 1.476352
188929.000000 76160.000000 1.530713
188931.000000 76160.000000 1.606959
188933.000000 76160.000000 1.697674
188935.000000 76160.000000 1.793353
188937.000000 76160.000000 1.884613
188939.000000 76160.000000 1.964368
188941.000000 76160.000000 2.028906
188943.000000 76160.000000 2.077575
188945.000000 76160.000000 2.111812
188947.000000 76160.000000 2.134141
188949.000000 76160.000000 2.147496
188951.000000 76160.000000 2.154717
188953.000000 76160.000000 2.158201
188955.000000 76160.000000 2.159682
188957.000000 76160.000000 2.160231
188959.000000 76160.000000 2.160407
188961.000000 76160.000000 2.160454
188963.000000 76160.000000 2.160465
188965.000000 76160.000000 2.160467
188967.000000 76160.000000 2.160473
188969.000000 76160.000000 2.160505
188971.000000 76160.000000 2.160664
188973.000000 76160.000000 2.161413
188975.000000 76160.000000 2.164487
188977.000000 76160.000000 2.174877
188979.000000 76160.000000 2.203532
188981.000000 76160.000000 2.268903
188983.000000 76160.000000 2.394108
188985.000000 76160.000000 2.598184
188987.000000 76160.000000 2.884105
188989.000000 76160.000000 3.231021
188991.000000 76160.000000 3.597221
188993.000000 76160.000000 3.934365
188995.000000 76160.000000 4.205105
188997.000000 76160.000000 4.394385
188999.000000 76160.000000 4.509082
189001.000000 76160.000000 4.568926
189003.000000 76160.000000 4.595557
189005.000000 76160.000000 4.605561
189007.000000 76160.000000 4.608704
189009.000000 76160.000000 4.609532
189011.000000 76160.000000 4.609717
189013.000000 76160.000000 4.609749
189015.000000 76160.000000 4.609749
189017.000000 76160.000000 4.609753
189019.000000 76160.000000 4.609793
189021.000000 76160.000000 4.609948
189023.000000 76160.000000 4.610407
189025.000000 76160.000000 4.611567
189027.000000 76160.000000 4.614090
189029.000000 76160.000000 4.618845
189031.000000 76160.000000 4.626674
189033.000000 76160.000000 4.638035
189035.000000 76160.000000 4.652697
189037.000000 76160.000000 4.669667
189039.000000 76160.000000 4.687415
189041.000000 76160.000000 4.704285
189043.000000 76160.000000 4.718908
189045.000000 76160.000000 4.730435
189047.000000 76160.000000 4.738495
189049.000000 76160.000000 4.742785
189051.000000 76160.000000 4.742263
189053.000000 76160.000000 4.734107
189055.000000 76160.000000 4.712938
189057.000000 76160.000000 4.671128
189059.000000 76160.000000 4.600706
189061.000000 76160.000000 4.496654
189063.000000 76160.000000 4.360272
189065.000000 76160.000000 4.200822
189067.000000 76160.000000 4.034177
189069.000000 76160.000000 3.878534
189071.000000 76160.000000 3.748979
189073.000000 76160.000000 3.653304
189075.000000 76160.000000 3.591039
189077.000000 76160.000000 3.555626
189079.000000 76160.000000 3.538216
189081.000000 76160.000000 3.530914
189083.000000 76160.000000 3.528352
189085.000000 76160.000000 3.527640
189087.000000 76160.000000 3.527603
189089.000000 76160.000000 3.528064
189091.000000 76160.000000 3.529582
189093.000000 76160.000000 3.533650
189095.000000 76160.000000 3.543174
189097.000000 76160.000000 3.562941
189099.000000 76160.000000 3.599636
189101.000000 76160.000000 3.660982
189103.000000 76160.000000 3.753817
189105.000000 76160.000000 3.881479
189107.000000 76160.000000 4.041457
189109.000000 76160.000000 4.224493
189111.000000 76160.000000 4.415907
189113.000000 76160.000000 4.598942
189115.000000 76160.000000 4.758915
189117.000000 76160.000000 4.886548
189119.000000 76160.000000 4.979249
189121.000000 76160.000000 5.040105
189123.000000 76160.000000 5.075277
189125.000000 76160.000000 5.090976
188925.000000 76162.000000 1.495410
188927.000000 76162.000000 1.534194
188929.000000 76162.000000 1.605335
188931.000000 76162.000000 1.697521
188933.000000 76162.000000 1.797326
188935.000000 76162.000000 1.892384
188937.000000 76162.000000 1.973969
188939.000000 76162.000000 2.038023
188941.000000 76162.000000 2.084591
188943.000000 76162.000000 2.116226
188945.000000 76162.000000 2.136388
188947.000000 76162.000000 2.148391
188949.000000 76162.000000 2.154980
188951.000000 76162.000000 2.158249
188953.000000 76162.000000 2.159685
188955.000000 76162.000000 2.160230
188957.000000 76162.000000 2.160407
188959.000000 76162.000000 2.160454
188961.000000 76162.000000 2.160465
188963.000000 76162.000000 2.160466
188965.000000 76162.000000 2.160467
188967.000000 76162.000000 2.160467
188969.000000 76162.000000 2.160473
188971.000000 76162.000000 2.160521
188973.000000 76162.000000 2.160960
188975.000000 76162.000000 2.163474
188977.000000 76162.000000 2.173559
188979.000000 76162.000000 2.203891
188981.000000 76162.000000 2.276105
188983.000000 76162.000000 2.416607
188985.000000 76162.000000 2.645100
188987.000000 76162.000000 2.960087
188989.000000 76162.000000 3.331752
188991.000000 76162.000000 3.709129
188993.000000 76162.000000 4.039784
188995.000000 76162.000000 4.289704
188997.000000 76162.000000 4.452258
188999.000000 76162.000000 4.542728
189001.000000 76162.000000 4.585468
189003.000000 76162.000000 4.602389
189005.000000 76162.000000 4.607917
189007.000000 76162.000000 4.609371
189009.000000 76162.000000 4.609674
189011.000000 76162.000000 4.609724
189013.000000 76162.000000 4.609732
189015.000000 76162.000000 4.609734
189017.000000 76162.000000 4.609736
189019.000000 76162.000000 4.609750
189021.000000 76162.000000 4.609807
189023.000000 76162.000000 4.610009
189025.000000 76162.000000 4.610593
189027.000000 76162.000000 4.612005
189029.000000 76162.000000 4.614919
189031.000000 76162.000000 4.620135
189033.000000 76162.000000 4.628352
189035.000000 76162.000000 4.639886
189037.000000 76162.000000 4.654464
189039.000000 76162.000000 4.671186
189041.000000 76162.000000 4.688680
189043.000000 76162.000000 4.705401
189045.000000 76162.000000 4.719965
189047.000000 76162.000000 4.731404
189049.000000 76162.000000 4.739161
189051.000000 76162.000000 4.742679
189053.000000 76162.000000 4.740553
189055.000000 76162.000000 4.729497
189057.000000 76162.000000 4.703735
189059.000000 76162.000000 4.655511
189061.000000 76162.000000 4.577180
189063.000000 76162.000000 4.464614
189065.000000 76162.000000 4.320576
189067.000000 76162.000000 4.156196
189069.000000 76162.000000 3.988973
189071.000000 76162.000000 3.837684
189073.000000 76162.000000 3.716363
189075.000000 76162.000000 3.630543
189077.000000 76162.000000 3.577296
189079.000000 76162.000000 3.548540
189081.000000 76162.000000 3.535139
189083.000000 76162.000000 3.529815
189085.000000 76162.000000 3.528037
189087.000000 76162.000000 3.527572
189089.000000 76162.000000 3.527592
189091.000000 76162.000000 3.528063
189093.000000 76162.000000 3.529582
189095.000000 76162.000000 3.533650
189097.000000 76162.000000 3.543174
189099.000000 76162.000000 3.562941
189101.000000 76162.000000 3.599636
189103.000000 76162.000000 3.660982
189105.000000 76162.000000 3.753817
189107.000000 76162.000000 3.881479
189109.000000 76162.000000 4.041457
189111.000000 76162.000000 4.224492
189113.000000 76162.000000 4.415903
189115.000000 76162.000000 4.598913
189117.000000 76162.000000 4.758766
189119.000000 76162.000000 4.885952
189121.000000 76162.000000 4.977284
189123.000000 76162.000000 5.034580
189125.000000 76162.000000 5.061763
188925.000000 76164.000000 1.583801
188927.000000 76164.000000 1.627222
188929.000000 76164.000000 1.704256
188931.000000 76164.000000 1.798935
188933.000000 76164.000000 1.894582
188935.000000 76164.000000 1.978477
188937.000000 76164.000000 2.044094
188939.000000 76164.000000 2.090641
188941.000000 76164.000000 2.121011
188943.000000 76164.000000 2.139461
188945.000000 76164.000000 2.149989
188947.000000 76164.000000 2.155636
188949.000000 76164.000000 2.158452
188951.000000 76164.000000 2.159727
188953.000000 76164.000000 2.160235
188955.000000 76164.000000 2.160406
188957.000000 76164.000000 2.160454
188959.000000 76164.000000 2.160465
188961.000000 76164.000000 2.160466
188963.000000 76164.000000 2.160467
188965.000000 76164.000000 2.160467
188967.000000 76164.000000 2.160467
188969.000000 76164.000000 2.160468
188971.000000 76164.000000 2.160484
188973.000000 76164.000000 2.160834
188975.000000 76164.000000 2.163293
188977.000000 76164.000000 2.173985
188979.000000 76164.000000 2.207227
188981.000000 76164.000000 2.287303
188983.000000 76164.000000 2.442870
188985.000000 76164.000000 2.693177
188987.000000 76164.000000 3.031866
188989.000000 76164.000000 3.421200
188991.000000 76164.000000 3.803246
188993.000000 76164.000000 4.123869
188995.000000 76164.000000 4.353505
188997.000000 76164.000000 4.493234
188999.000000 76164.000000 4.564821
189001.000000 76164.000000 4.595353
189003.000000 76164.000000 4.605998
189005.000000 76164.000000 4.608974
189007.000000 76164.000000 4.609617
189009.000000 76164.000000 4.609722
189011.000000 76164.000000 4.609733
189013.000000 76164.000000 4.609733
189015.000000 76164.000000 4.609733
189017.000000 76164.000000 4.609734
189019.000000 76164.000000 4.609737
189021.000000 76164.000000 4.609757
189023.000000 76164.000000 4.609839
189025.000000 76164.000000 4.610107
189027.000000 76164.000000 4.610824
189029.000000 76164.000000 4.612442
189031.000000 76164.000000 4.615601
189033.000000 76164.000000 4.621030
189035.000000 76164.000000 4.629371
189037.000000 76164.000000 4.640951
189039.000000 76164.000000 4.655582
189041.000000 76164.000000 4.672452
189043.000000 76164.000000 4.690200
189045.000000 76164.000000 4.707167
189047.000000 76164.000000 4.721801
189049.000000 76164.000000 4.732997
189051.000000 76164.000000 4.740121
189053.000000 76164.000000 4.742519
189055.000000 76164.000000 4.738554
189057.000000 76164.000000 4.724499
189059.000000 76164.000000 4.693985
189061.000000 76164.000000 4.638739
189063.000000 76164.000000 4.551189
189065.000000 76164.000000 4.428362
189067.000000 76164.000000 4.275421
189069.000000 76164.000000 4.106305
189071.000000 76164.000000 3.940402
189073.000000 76164.000000 3.796222
189075.000000 76164.000000 3.685520
189077.000000 76164.000000 3.610664
189079.000000 76164.000000 3.566299
189081.000000 76164.000000 3.543369
189083.000000 76164.000000 3.533106
189085.000000 76164.000000 3.529153
189087.000000 76164.000000 3.527862
189089.000000 76164.000000 3.527532
189091.000000 76164.000000 3.527584
189093.000000 76164.000000 3.528061
189095.000000 76164.000000 3.529582
189097.000000 76164.000000 3.533650
189099.000000 76164.000000 3.543174
189101.000000 76164.000000 3.562941
189103.000000 76164.000000 3.599636
189105.000000 76164.000000 3.660982
189107.000000 76164.000000 3.753817
189109.000000 76164.000000 3.881479
189111.000000 76164.000000 4.041456
189113.000000 76164.000000 4.224476
189115.000000 76164.000000 4.415798
189117.000000 76164.000000 4.598429
189119.000000 76164.000000 4.757027
189121.000000 76164.000000 4.880807
189123.000000 76164.000000 4.964300
189125.000000 76164.000000 5.005993
188925.000000 76166.000000 1.700605
188927.000000 76166.000000 1.742054
188929.000000 76166.000000 1.813836
188931.000000 76166.000000 1.898608
188933.000000 76166.000000 1.979635
188935.000000 76166.000000 2.045888
188937.000000 76166.000000 2.093512
188939.000000 76166.000000 2.124144
188941.000000 76166.000000 2.142042
188943.000000 76166.000000 2.151679
188945.000000 76166.000000 2.156527
188947.000000 76166.000000 2.158823
188949.000000 76166.000000 2.159844
188951.000000 76166.000000 2.160260
188953.000000 76166.000000 2.160409
188955.000000 76166.000000 2.160454
188957.000000 76166.000000 2.160465
188959.000000 76166.000000 2.160466
188961.000000 76166.000000 2.160467
188963.000000 76166.000000 2.160467
188965.000000 76166.000000 2.160467
188967.000000 76166.000000 2.160467
188969.000000 76166.000000 2.160467
188971.000000 76166.000000 2.160473
188973.000000 76166.000000 2.160809
188975.000000 76166.000000 2.163395
188977.000000 76166.000000 2.174972
188979.000000 76166.000000 2.211259
188981.000000 76166.000000 2.298569
188983.000000 76166.000000 2.466951
188985.000000 76166.000000 2.734642
188987.000000 76166.000000 3.090889
188989.000000 76166.000000 3.491738
188991.000000 76166.000000 3.874538
188993.000000 76166.000000 4.184979
188995.000000 76166.000000 4.397823
188997.000000 76166.000000 4.520253
188999.000000 76166.000000 4.578496
189001.000000 76166.000000 4.600993
189003.000000 76166.000000 4.607837
189005.000000 76166.000000 4.609429
189007.000000 76166.000000 4.609697
189009.000000 76166.000000 4.609731
189011.000000 76166.000000 4.609733
189013.000000 76166.000000 4.609733
189015.000000 76166.000000 4.609733
189017.000000 76166.000000 4.609733
189019.000000 76166.000000 4.609734
189021.000000 76166.000000 4.609740
189023.000000 76166.000000 4.609770
189025.000000 76166.000000 4.609880
189027.000000 76166.000000 4.610204
189029.000000 76166.000000 4.611008
189031.000000 76166.000000 4.612731
189033.000000 76166.000000 4.615993
189035.000000 76166.000000 4.621526
189037.000000 76166.000000 4.630029
189039.000000 76166.000000 4.641918
189041.000000 76166.000000 4.657055
189043.000000 76166.000000 4.674555
189045.000000 76166.000000 4.692841
189047.000000 76166.000000 4.710013
189049.000000 76166.000000 4.724387
189051.000000 76166.000000 4.734900
189053.000000 76166.000000 4.741036
189055.000000 76166.000000 4.742129
189057.000000 76166.000000 4.736173
189059.000000 76166.000000 4.718676
189061.000000 76166.000000 4.682279
189063.000000 76166.000000 4.618164
189065.000000 76166.000000 4.519388
189067.000000 76166.000000 4.385279
189069.000000 76166.000000 4.224294
189071.000000 76166.000000 4.053239
189073.000000 76166.000000 3.892252
189075.000000 76166.000000 3.758135
189077.000000 76166.000000 3.659320
189079.000000 76166.000000 3.595073
189081.000000 76166.000000 3.558298
189083.000000 76166.000000 3.539842
189085.000000 76166.000000 3.531760
189087.000000 76166.000000 3.528703
189089.000000 76166.000000 3.527725
189091.000000 76166.000000 3.527495
189093.000000 76166.000000 3.527576
189095.000000 76166.000000 3.528060
189097.000000 76166.000000 3.529582
189099.000000 76166.000000 3.533650
189101.000000 76166.000000 3.543174
189103.000000 76166.000000 3.562941
189105.000000 76166.000000 3.599636
189107.000000 76166.000000 3.660982
189109.000000 76166.000000 3.753817
189111.000000 76166.000000 3.881475
189113.000000 76166.000000 4.041409
189115.000000 76166.000000 4.224188
189117.000000 76166.000000 4.414560
189119.000000 76166.000000 4.594305
189121.000000 76166.000000 4.745751
189123.000000 76166.000000 4.854607
189125.000000 76166.000000 4.911345
188925.000000 76168.000000 1.826878
188927.000000 76168.000000 1.861168
188929.000000 76168.000000 1.919454
188931.000000 76168.000000 1.986134
188933.000000 76168.000000 2.047011
188935.000000 76168.000000 2.093842
188937.000000 76168.000000 2.125000
188939.000000 76168.000000 2.143231
188941.000000 76168.000000 2.152749
188943.000000 76168.000000 2.157249
188945.000000 76168.000000 2.159209
188947.000000 76168.000000 2.160006
188949.000000 76168.000000 2.160312
188951.000000 76168.000000 2.160421
188953.000000 76168.000000 2.160456
188955.000000 76168.000000 2.160465
188957.000000 76168.000000 2.160466
188959.000000 76168.000000 2.160467
188961.000000 76168.000000 2.160467
188963.000000 76168.000000 2.160467
188965.000000 76168.000000 2.160467
188967.000000 76168.000000 2.160467
188969.000000 76168.000000 2.160467
188971.000000 76168.000000 2.160469
188973.000000 76168.000000 2.160814
188975.000000 76168.000000 2.163559
188977.000000 76168.000000 2.175938
188979.000000 76168.000000 2.214703
188981.000000 76168.000000 2.307547
188983.000000 76168.000000 2.485276
188985.000000 76168.000000 2.765079
188987.000000 76168.000000 3.132873
188989.000000 76168.000000 3.540442
188991.000000 76168.000000 3.922307
188993.000000 76168.000000 4.224640
188995.000000 76168.000000 4.425577
188997.000000 76168.000000 4.536484
188999.000000 76168.000000 4.586302
189001.000000 76168.000000 4.604007
189003.000000 76168.000000 4.608734
189005.000000 76168.000000 4.609621
189007.000000 76168.000000 4.609723
189009.000000 76168.000000 4.609733
189011.000000 76168.000000 4.609733
189013.000000 76168.000000 4.609733
189015.000000 76168.000000 4.609733
189017.000000 76168.000000 4.609733
189019.000000 76168.000000 4.609734
189021.000000 76168.000000 4.609735
189023.000000 76168.000000 4.609744
189025.000000 76168.000000 4.609783
189027.000000 76168.000000 4.609911
189029.000000 76168.000000 4.610263
189031.000000 76168.000000 4.611103
189033.000000 76168.000000 4.612877
189035.000000 76168.000000 4.616242
189037.000000 76168.000000 4.622017
189039.000000 76168.000000 4.631002
189041.000000 76168.000000 4.643648
189043.000000 76168.000000 4.659688
189045.000000 76168.000000 4.677948
189047.000000 76168.000000 4.696544
189049.000000 76168.000000 4.713432
189051.000000 76168.000000 4.727040
189053.000000 76168.000000 4.736553
189055.000000 76168.000000 4.741598
189057.000000 76168.000000 4.741273
189059.000000 76168.000000 4.732858
189061.000000 76168.000000 4.710760
189063.000000 76168.000000 4.666723
189065.000000 76168.000000 4.591977
189067.000000 76168.000000 4.481305
189069.000000 76168.000000 4.337130
189071.000000 76168.000000 4.171228
189073.000000 76168.000000 4.002112
189075.000000 76168.000000 3.849169
189077.000000 76168.000000 3.726331
189079.000000 76168.000000 3.638735
189081.000000 76168.000000 3.583334
189083.000000 76168.000000 3.552362
189085.000000 76168.000000 3.537148
189087.000000 76168.000000 3.530660
189089.000000 76168.000000 3.528304
189091.000000 76168.000000 3.527603
189093.000000 76168.000000 3.527467
189095.000000 76168.000000 3.527572
189097.000000 76168.000000 3.528060
189099.000000 76168.000000 3.529582
189101.000000 76168.000000 3.533650
189103.000000 76168.000000 3.543174
189105.000000 76168.000000 3.562941
189107.000000 76168.000000 3.599636
189109.000000 76168.000000 3.660982
189111.000000 76168.000000 3.753807
189113.000000 76168.000000 3.881368
189115.000000 76168.000000 4.040782
189117.000000 76168.000000 4.221624
189119.000000 76168.000000 4.406461
189121.000000 76168.000000 4.573418
189123.000000 76168.000000 4.700222
189125.000000 76168.000000 4.768717
188925.000000 76170.000000 1.943173
188927.000000 76170.000000 1.967811
188929.000000 76170.000000 2.009070
188931.000000 76170.000000 2.055065
188933.000000 76170.000000 2.095476
188935.000000 76170.000000 2.124957
188937.000000 76170.000000 2.143240
188939.000000 76170.000000 2.153012
188941.000000 76170.000000 2.157565
188943.000000 76170.000000 2.159439
188945.000000 76170.000000 2.160131
188947.000000 76170.000000 2.160364
188949.000000 76170.000000 2.160438
188951.000000 76170.000000 2.160459
188953.000000 76170.000000 2.160465
188955.000000 76170.000000 2.160466
188957.000000 76170.000000 2.160467
188959.000000 76170.000000 2.160467
188961.000000 76170.000000 2.160467
188963.000000 76170.000000 2.160467
188965.000000 76170.000000 2.160467
188967.000000 76170.000000 2.160467
188969.000000 76170.000000 2.160467
188971.000000 76170.000000 2.160467
188973.000000 76170.000000 2.160826
188975.000000 76170.000000 2.163693
188977.000000 76170.000000 2.176631
188979.000000 76170.000000 2.217035
188981.000000 76170.000000 2.313404
188983.000000 76170.000000 2.496898
188985.000000 76170.000000 2.783926
188987.000000 76170.000000 3.158301
188989.000000 76170.000000 3.569305
188991.000000 76170.000000 3.949982
188993.000000 76170.000000 4.247060
188995.000000 76170.000000 4.440833
188997.000000 76170.000000 4.545115
188999.000000 76170.000000 4.590282
189001.000000 76170.000000 4.605461
189003.000000 76170.000000 4.609132
189005.000000 76170.000000 4.609697
189007.000000 76170.000000 4.609731
189009.000000 76170.000000 4.609733
189011.000000 76170.000000 4.609733
189013.000000 76170.000000 4.609733
189015.000000 76170.000000 4.609733
189017.000000 76170.000000 4.609733
189019.000000 76170.000000 4.609733
189021.000000 76170.000000 4.609734
189023.000000 76170.000000 4.609736
189025.000000 76170.000000 4.609747
189027.000000 76170.000000 4.609790
189029.000000 76170.000000 4.609924
189031.000000 76170.000000 4.610287
189033.000000 76170.000000 4.611159
189035.000000 76170.000000 4.613036
189037.000000 76170.000000 4.616673
189039.000000 76170.000000 4.622998
189041.000000 76170.000000 4.632838
189043.000000 76170.000000 4.646499
189045.000000 76170.000000 4.663400
189047.000000 76170.000000 4.682043
189049.000000 76170.000000 4.700395
189051.000000 76170.000000 4.716541
189053.000000 76170.000000 4.729191
189055.000000 76170.000000 4.737743
189057.000000 76170.000000 4.741712
189059.000000 76170.000000 4.739657
189061.000000 76170.000000 4.727900
189063.000000 76170.000000 4.699864
189065.000000 76170.000000 4.646885
189067.000000 76170.000000 4.561147
189069.000000 76170.000000 4.439845
189071.000000 76170.000000 4.288560
189073.000000 76170.000000 4.121337
189075.000000 76170.000000 3.956957
189077.000000 76170.000000 3.812916
189079.000000 76170.000000 3.700337
189081.000000 76170.000000 3.621948
189083.000000 76170.000000 3.573522
189085.000000 76170.000000 3.547177
189087.000000 76170.000000 3.534709
189089.000000 76170.000000 3.529668
189091.000000 76170.000000 3.527971
189093.000000 76170.000000 3.527517
189095.000000 76170.000000 3.527451
189097.000000 76170.000000 3.527570
189099.000000 76170.000000 3.528059
189101.000000 76170.000000 3.529582
189103.000000 76170.000000 3.533650
189105.000000 76170.000000 3.543174
189107.000000 76170.000000 3.562941
189109.000000 76170.000000 3.599636
189111.000000 76170.000000 3.660964
189113.000000 76170.000000 3.753611
189115.000000 76170.000000 3.880254
189117.000000 76170.000000 4.036386
189119.000000 76170.000000 4.208281
189121.000000 76170.000000 4.373552
189123.000000 76170.000000 4.505165
189125.000000 76170.000000 4.578395
188925.000000 76172.000000 2.035335
188927.000000 76172.000000 2.050618
188929.000000 76172.000000 2.075903
188931.000000 76172.000000 2.103496
188933.000000 76172.000000 2.126972
188935.000000 76172.000000 2.143334
188937.000000 76172.000000 2.152862
188939.000000 76172.000000 2.157540
188941.000000 76172.000000 2.159487
188943.000000 76172.000000 2.160179
188945.000000 76172.000000 2.160392
188947.000000 76172.000000 2.160449
188949.000000 76172.000000 2.160463
188951.000000 76172.000000 2.160466
188953.000000 76172.000000 2.160467
188955.000000 76172.000000 2.160467
188957.000000 76172.000000 2.160467
188959.000000 76172.000000 2.160467
188961.000000 76172.000000 2.160467
188963.000000 76172.000000 2.160467
188965.000000 76172.000000 2.160467
188967.000000 76172.000000 2.160467
188969.000000 76172.000000 2.160467
188971.000000 76172.000000 2.160467
188973.000000 76172.000000 2.160834
188975.000000 76172.000000 2.163774
188977.000000 76172.000000 2.177022
188979.000000 76172.000000 2.218306
188981.000000 76172.000000 2.316522
188983.000000 76172.000000 2.502969
188985.000000 76172.000000 2.793609
188987.000000 76172.000000 3.171161
188989.000000 76172.000000 3.583670
188991.000000 76172.000000 3.963526
188993.000000 76172.000000 4.257830
188995.000000 76172.000000 4.448006
188997.000000 76172.000000 4.549070
188999.000000 76172.000000 4.592047
189001.000000 76172.000000 4.606077
189003.000000 76172.000000 4.609290
189005.000000 76172.000000 4.609723
189007.000000 76172.000000 4.609733
189009.000000 76172.000000 4.609733
189011.000000 76172.000000 4.609733
189013.000000 76172.000000 4.609733
189015.000000 76172.000000 4.609733
189017.000000 76172.000000 4.609733
189019.000000 76172.000000 4.609733
189021.000000 76172.000000 4.609733
189023.000000 76172.000000 4.609734
189025.000000 76172.000000 4.609736
189027.000000 76172.000000 4.609748
189029.000000 76172.000000 4.609792
189031.000000 76172.000000 4.609930
189033.000000 76172.000000 4.610317
189035.000000 76172.000000 4.611282
189037.000000 76172.000000 4.613411
189039.000000 76172.000000 4.617558
189041.000000 76172.000000 4.624677
189043.000000 76172.000000 4.635468
189045.000000 76172.000000 4.649963
189047.000000 76172.000000 4.667300
189049.000000 76172.000000 4.685847
189051.000000 76172.000000 4.703672
189053.000000 76172.000000 4.719082
189055.000000 76172.000000 4.730965
189057.000000 76172.000000 4.738680
189059.000000 76172.000000 4.741412
189061.000000 76172.000000 4.737043
189063.000000 76172.000000 4.721048
189065.000000 76172.000000 4.686218
189067.000000 76172.000000 4.624155
189069.000000 76172.000000 4.528538
189071.000000 76172.000000 4.398996
189073.000000 76172.000000 4.243356
189075.000000 76172.000000 4.076711
189077.000000 76172.000000 3.917261
189079.000000 76172.000000 3.780875
189081.000000 76172.000000 3.676804
189083.000000 76172.000000 3.606300
189085.000000 76172.000000 3.564222
189087.000000 76172.000000 3.542336
189089.000000 76172.000000 3.532561
189091.000000 76172.000000 3.528881
189093.000000 76172.000000 3.527742
189095.000000 76172.000000 3.527466
189097.000000 76172.000000 3.527443
189099.000000 76172.000000 3.527569
189101.000000 76172.000000 3.528059
189103.000000 76172.000000 3.529582
189105.000000 76172.000000 3.533650
189107.000000 76172.000000 3.543174
189109.000000 76172.000000 3.562941
189111.000000 76172.000000 3.599607
189113.000000 76172.000000 3.660666
189115.000000 76172.000000 3.751963
189117.000000 76172.000000 3.873929
189119.000000 76172.000000 4.017771
189121.000000 76172.000000 4.163939
189123.000000 76172.000000 4.285141
189125.000000 76172.000000 4.354256
188925.000000 76174.000000 2.097982
188927.000000 76174.000000 2.106062
188929.000000 76174.000000 2.119297
188931.000000 76174.000000 2.133490
188933.000000 76174.000000 2.145244
188935.000000 76174.000000 2.153123
188937.000000 76174.000000 2.157464
188939.000000 76174.000000 2.159436
188941.000000 76174.000000 2.160172
188943.000000 76174.000000 2.160397
188945.000000 76174.000000 2.160453
188947.000000 76174.000000 2.160465
188949.000000 76174.000000 2.160466
188951.000000 76174.000000 2.160467
188953.000000 76174.000000 2.160467
188955.000000 76174.000000 2.160467
188957.000000 76174.000000 2.160467
188959.000000 76174.000000 2.160467
188961.000000 76174.000000 2.160467
188963.000000 76174.000000 2.160467
188965.000000 76174.000000 2.160467
188967.000000 76174.000000 2.160467
188969.000000 76174.000000 2.160467
188971.000000 76174.000000 2.160467
188973.000000 76174.000000 2.160838
188975.000000 76174.000000 2.163811
188977.000000 76174.000000 2.177194
188979.000000 76174.000000 2.218853
188981.000000 76174.000000 2.317842
188983.000000 76174.000000 2.505507
188985.000000 76174.000000 2.797610
188987.000000 76174.000000 3.176412
188989.000000 76174.000000 3.589469
188991.000000 76174.000000 3.968924
188993.000000 76174.000000 4.262064
188995.000000 76174.000000 4.450780
188997.000000 76174.000000 4.550569
188999.000000 76174.000000 4.592698
189001.000000 76174.000000 4.606296
189003.000000 76174.000000 4.609342
189005.000000 76174.000000 4.609731
189007.000000 76174.000000 4.609733
189009.000000 76174.000000 4.609733
189011.000000 76174.000000 4.609733
189013.000000 76174.000000 4.609733
189015.000000 76174.000000 4.609733
189017.000000 76174.000000 4.609733
189019.000000 76174.000000 4.609733
189021.000000 76174.000000 4.609733
189023.000000 76174.000000 4.609733
189025.000000 76174.000000 4.609734
189027.000000 76174.000000 4.609736
189029.000000 76174.000000 4.609748
189031.000000 76174.000000 4.609794
189033.000000 76174.000000 4.609950
189035.000000 76174.000000 4.610409
189037.000000 76174.000000 4.611568
189039.000000 76174.000000 4.614092
189041.000000 76174.000000 4.618860
189043.000000 76174.000000 4.626741
189045.000000 76174.000000 4.638250
189047.000000 76174.000000 4.653231
189049.000000 76174.000000 4.670726
189051.000000 76174.000000 4.689140
189053.000000 76174.000000 4.706628
189055.000000 76174.000000 4.721557
189057.000000 76174.000000 4.732786
189059.000000 76174.000000 4.739529
189061.000000 76174.000000 4.740616
189063.000000 76174.000000 4.733366
189065.000000 76174.000000 4.712639
189067.000000 76174.000000 4.671019
189069.000000 76174.000000 4.600670
189071.000000 76174.000000 4.496644
189073.000000 76174.000000 4.360270
189075.000000 76174.000000 4.200821
189077.000000 76174.000000 4.034173
189079.000000 76174.000000 3.878527
189081.000000 76174.000000 3.748964
189083.000000 76174.000000 3.653282
189085.000000 76174.000000 3.591010
189087.000000 76174.000000 3.555594
189089.000000 76174.000000 3.538187
189091.000000 76174.000000 3.530891
189093.000000 76174.000000 3.528332
189095.000000 76174.000000 3.527598
189097.000000 76174.000000 3.527437
189099.000000 76174.000000 3.527438
189101.000000 76174.000000 3.527569
189103.000000 76174.000000 3.528059
189105.000000 76174.000000 3.529582
189107.000000 76174.000000 3.533650
189109.000000 76174.000000 3.543174
189111.000000 76174.000000 3.562904
189113.000000 76174.000000 3.599230
189115.000000 76174.000000 3.658615
189117.000000 76174.000000 3.744265
189119.000000 76174.000000 3.851823
189121.000000 76174.000000 3.966556
189123.000000 76174.000000 4.065011
189125.000000 76174.000000 4.122310
188925.000000 76176.000000 2.134079
188927.000000 76176.000000 2.137647
188929.000000 76176.000000 2.143443
188931.000000 76176.000000 2.149568
188933.000000 76176.000000 2.154528
188935.000000 76176.000000 2.157744
188937.000000 76176.000000 2.159433
188939.000000 76176.000000 2.160148
188941.000000 76176.000000 2.160389
188943.000000 76176.000000 2.160452
188945.000000 76176.000000 2.160465
188947.000000 76176.000000 2.160466
188949.000000 76176.000000 2.160467
188951.000000 76176.000000 2.160467
188953.000000 76176.000000 2.160467
188955.000000 76176.000000 2.160467
188957.000000 76176.000000 2.160467
188959.000000 76176.000000 2.160467
188961.000000 76176.000000 2.160467
188963.000000 76176.000000 2.160467
188965.000000 76176.000000 2.160467
188967.000000 76176.000000 2.160467
188969.000000 76176.000000 2.160467
188971.000000 76176.000000 2.160467
188973.000000 76176.000000 2.160840
188975.000000 76176.000000 2.163823
188977.000000 76176.000000 2.177251
188979.000000 76176.000000 2.219031
188981.000000 76176.000000 2.318269
188983.000000 76176.000000 2.506320
188985.000000 76176.000000 2.798880
188987.000000 76176.000000 3.178066
188989.000000 76176.000000 3.591281
188991.000000 76176.000000 3.970597
188993.000000 76176.000000 4.263363
188995.000000 76176.000000 4.451622
188997.000000 76176.000000 4.551017
188999.000000 76176.000000 4.592890
189001.000000 76176.000000 4.606359
189003.000000 76176.000000 4.609357
189005.000000 76176.000000 4.609733
189007.000000 76176.000000 4.609733
189009.000000 76176.000000 4.609733
189011.000000 76176.000000 4.609733
189013.000000 76176.000000 4.609733
189015.000000 76176.000000 4.609733
189017.000000 76176.000000 4.609733
189019.000000 76176.000000 4.609733
189021.000000 76176.000000 4.609733
189023.000000 76176.000000 4.609733
189025.000000 76176.000000 4.609733
189027.000000 76176.000000 4.609734
189029.000000 76176.000000 4.609736
189031.000000 76176.000000 4.609750
189033.000000 76176.000000 4.609807
189035.000000 76176.000000 4.610009
189037.000000 76176.000000 4.610593
189039.000000 76176.000000 4.612008
189041.000000 76176.000000 4.614941
189043.000000 76176.000000 4.620240
189045.000000 76176.000000 4.628697
189047.000000 76176.000000 4.640750
189049.000000 76176.000000 4.656190
189051.000000 76176.000000 4.674021
189053.000000 76176.000000 4.692569
189055.000000 76176.000000 4.709895
189057.000000 76176.000000 4.724301
189059.000000 76176.000000 4.734642
189061.000000 76176.000000 4.740070
189063.000000 76176.000000 4.739179
189065.000000 76176.000000 4.728839
189067.000000 76176.000000 4.703451
189069.000000 76176.000000 4.655404
189071.000000 76176.000000 4.577146
189073.000000 76176.000000 4.464605
189075.000000 76176.000000 4.320566
189077.000000 76176.000000 4.156171
189079.000000 76176.000000 3.988912
189081.000000 76176.000000 3.837570
189083.000000 76176.000000 3.716185
189085.000000 76176.000000 3.630313
189087.000000 76176.000000 3.577044
189089.000000 76176.000000 3.548309
189091.000000 76176.000000 3.534960
189093.000000 76176.000000 3.529699
189095.000000 76176.000000 3.527971
189097.000000 76176.000000 3.527512
189099.000000 76176.000000 3.527421
189101.000000 76176.000000 3.527437
189103.000000 76176.000000 3.527568
189105.000000 76176.000000 3.528059
189107.000000 76176.000000 3.529582
189109.000000 76176.000000 3.533650
189111.000000 76176.000000 3.543133
189113.000000 76176.000000 3.562499
189115.000000 76176.000000 3.597070
189117.000000 76176.000000 3.650655
189119.000000 76176.000000 3.721865
189121.000000 76176.000000 3.801097
189123.000000 76176.000000 3.871087
189125.000000 76176.000000 3.912515
188925.000000 76178.000000 2.151370
188927.000000 76178.000000 2.152645
188929.000000 76178.000000 2.154701
188931.000000 76178.000000 2.156847
188933.000000 76178.000000 2.158552
188935.000000 76178.000000 2.159627
188937.000000 76178.000000 2.160168
188939.000000 76178.000000 2.160384
188941.000000 76178.000000 2.160450
188943.000000 76178.000000 2.160464
188945.000000 76178.000000 2.160466
188947.000000 76178.000000 2.160467
188949.000000 76178.000000 2.160467
188951.000000 76178.000000 2.160467
188953.000000 76178.000000 2.160467
188955.000000 76178.000000 2.160467
188957.000000 76178.000000 2.160467
188959.000000 76178.000000 2.160467
188961.000000 76178.000000 2.160467
188963.000000 76178.000000 2.160467
188965.000000 76178.000000 2.160467
188967.000000 76178.000000 2.160467
188969.000000 76178.000000 2.160467
188971.000000 76178.000000 2.160467
188973.000000 76178.000000 2.160840
188975.000000 76178.000000 2.163826
188977.000000 76178.000000 2.177264
188979.000000 76178.000000 2.219071
188981.000000 76178.000000 2.318364
188983.000000 76178.000000 2.506500
188985.000000 76178.000000 2.799160
188987.000000 76178.000000 3.178429
188989.000000 76178.000000 3.591676
188991.000000 76178.000000 3.970960
188993.000000 76178.000000 4.263643
188995.000000 76178.000000 4.451802
188997.000000 76178.000000 4.551112
188999.000000 76178.000000 4.592930
189001.000000 76178.000000 4.606372
189003.000000 76178.000000 4.609360
189005.000000 76178.000000 4.609733
189007.000000 76178.000000 4.609733
189009.000000 76178.000000 4.609733
189011.000000 76178.000000 4.609733
189013.000000 76178.000000 4.609733
189015.000000 76178.000000 4.609733
189017.000000 76178.000000 4.609733
189019.000000 76178.000000 4.609733
189021.000000 76178.000000 4.609733
189023.000000 76178.000000 4.609733
189025.000000 76178.000000 4.609733
189027.000000 76178.000000 4.609733
189029.000000 76178.000000 4.609734
189031.000000 76178.000000 4.609737
189033.000000 76178.000000 4.609757
189035.000000 76178.000000 4.609839
189037.000000 76178.000000 4.610107
189039.000000 76178.000000 4.610827
189041.000000 76178.000000 4.612472
189043.000000 76178.000000 4.615741
189045.000000 76178.000000 4.621493
189047.000000 76178.000000 4.630539
189049.000000 76178.000000 4.643303
189051.000000 76178.000000 4.659473
189053.000000 76178.000000 4.677837
189055.000000 76178.000000 4.696497
189057.000000 76178.000000 4.713402
189059.000000 76178.000000 4.726937
189061.000000 76178.000000 4.736105
189063.000000 76178.000000 4.740090
189065.000000 76178.000000 4.737230
189067.000000 76178.000000 4.723865
189069.000000 76178.000000 4.693726
189071.000000 76178.000000 4.638651
189073.000000 76178.000000 4.551158
189075.000000 76178.000000 4.428321
189077.000000 76178.000000 4.275306
189079.000000 76178.000000 4.106033
189081.000000 76178.000000 3.939887
189083.000000 76178.000000 3.795420
189085.000000 76178.000000 3.684481
189087.000000 76178.000000 3.609532
189089.000000 76178.000000 3.565260
189091.000000 76178.000000 3.542567
189093.000000 76178.000000 3.532590
189095.000000 76178.000000 3.528881
189097.000000 76178.000000 3.527741
189099.000000 76178.000000 3.527461
189101.000000 76178.000000 3.527413
189103.000000 76178.000000 3.527436
189105.000000 76178.000000 3.527568
189107.000000 76178.000000 3.528059
189109.000000 76178.000000 3.529582
189111.000000 76178.000000 3.533613
189113.000000 76178.000000 3.542768
189115.000000 76178.000000 3.560574
189117.000000 76178.000000 3.590084
189119.000000 76178.000000 3.631326
189121.000000 76178.000000 3.678916
189123.000000 76178.000000 3.721997
189125.000000 76178.000000 3.747860
188925.000000 76180.000000 2.158043
188927.000000 76180.000000 2.158393
188929.000000 76180.000000 2.158954
188931.000000 76180.000000 2.159533
188933.000000 76180.000000 2.159985
188935.000000 76180.000000 2.160263
188937.000000 76180.000000 2.160399
188939.000000 76180.000000 2.160450
188941.000000 76180.000000 2.160464
188943.000000 76180.000000 2.160466
188945.000000 76180.000000 2.160467
188947.000000 76180.000000 2.160467
188949.000000 76180.000000 2.160467
188951.000000 76180.000000 2.160467
188953.000000 76180.000000 2.160467
188955.000000 76180.000000 2.160467
188957.000000 76180.000000 2.160467
188959.000000 76180.000000 2.160467
188961.000000 76180.000000 2.160467
188963.000000 76180.000000 2.160467
188965.000000 76180.000000 2.160467
188967.000000 76180.000000 2.160467
188969.000000 76180.000000 2.160467
188971.000000 76180.000000 2.160467
188973.000000 76180.000000 2.160840
188975.000000 76180.000000 2.163826
188977.000000 76180.000000 2.177265
188979.000000 76180.000000 2.219076
188981.000000 76180.000000 2.318375
188983.000000 76180.000000 2.506522
188985.000000 76180.000000 2.799195
188987.000000 76180.000000 3.178475
188989.000000 76180.000000 3.591725
188991.000000 76180.000000 3.971005
188993.000000 76180.000000 4.263678
188995.000000 76180.000000 4.451825
188997.000000 76180.000000 4.551124
188999.000000 76180.000000 4.592935
189001.000000 76180.000000 4.606374
189003.000000 76180.000000 4.609360
189005.000000 76180.000000 4.609733
189007.000000 76180.000000 4.609733
189009.000000 76180.000000 4.609733
189011.000000 76180.000000 4.609733
189013.000000 76180.000000 4.609733
189015.000000 76180.000000 4.609733
189017.000000 76180.000000 4.609733
189019.000000 76180.000000 4.609733
189021.000000 76180.000000 4.609733
189023.000000 76180.000000 4.609733
189025.000000 76180.000000 4.609733
189027.000000 76180.000000 4.609733
189029.000000 76180.000000 4.609733
189031.000000 76180.000000 4.609734
189033.000000 76180.000000 4.609740
189035.000000 76180.000000 4.609770
189037.000000 76180.000000 4.609880
189039.000000 76180.000000 4.610207
189041.000000 76180.000000 4.611040
189043.000000 76180.000000 4.612888
189045.000000 76180.000000 4.616516
189047.000000 76180.000000 4.622858
189049.000000 76180.000000 4.632733
189051.000000 76180.000000 4.646433
189053.000000 76180.000000 4.663366
189055.000000 76180.000000 4.682028
189057.000000 76180.000000 4.700386
189059.000000 76180.000000 4.716504
189061.000000 76180.000000 4.729008
189063.000000 76180.000000 4.737071
189065.000000 76180.000000 4.739766
189067.000000 76180.000000 4.734953
189069.000000 76180.000000 4.718142
189071.000000 76180.000000 4.682084
189073.000000 76180.000000 4.618083
189075.000000 76180.000000 4.519261
189077.000000 76180.000000 4.384921
189079.000000 76180.000000 4.223447
189081.000000 76180.000000 4.051636
189083.000000 76180.000000 3.889758
189085.000000 76180.000000 3.754902
189087.000000 76180.000000 3.655798
189089.000000 76180.000000 3.591841
189091.000000 76180.000000 3.555804
189093.000000 76180.000000 3.538238
189095.000000 76180.000000 3.530913
189097.000000 76180.000000 3.528346
189099.000000 76180.000000 3.527605
189101.000000 76180.000000 3.527435
189103.000000 76180.000000 3.527410
189105.000000 76180.000000 3.527436
189107.000000 76180.000000 3.527568
189109.000000 76180.000000 3.528059
189111.000000 76180.000000 3.529553
189113.000000 76180.000000 3.533334
189115.000000 76180.000000 3.541320
189117.000000 76180.000000 3.555391
189119.000000 76180.000000 3.575950
189121.000000 76180.000000 3.600429
189123.000000 76180.000000 3.623051
189125.000000 76180.000000 3.636792
188925.000000 76182.000000 2.160016
188927.000000 76182.000000 2.160083
188929.000000 76182.000000 2.160189
188931.000000 76182.000000 2.160298
188933.000000 76182.000000 2.160382
188935.000000 76182.000000 2.160432
188937.000000 76182.000000 2.160456
188939.000000 76182.000000 2.160464
188941.000000 76182.000000 2.160466
188943.000000 76182.000000 2.160467
188945.000000 76182.000000 2.160467
188947.000000 76182.000000 2.160467
188949.000000 76182.000000 2.160467
188951.000000 76182.000000 2.160467
188953.000000 76182.000000 2.160467
188955.000000 76182.000000 2.160467
188957.000000 76182.000000 2.160467
188959.000000 76182.000000 2.160467
188961.000000 76182.000000 2.160467
188963.000000 76182.000000 2.160467
188965.000000 76182.000000 2.160467
188967.000000 76182.000000 2.160467
188969.000000 76182.000000 2.160467
188971.000000 76182.000000 2.160467
188973.000000 76182.000000 2.160840
188975.000000 76182.000000 2.163826
188977.000000 76182.000000 2.177265
188979.000000 76182.000000 2.219076
188981.000000 76182.000000 2.318375
188983.000000 76182.000000 2.506522
188985.000000 76182.000000 2.799195
188987.000000 76182.000000 3.178475
188989.000000 76182.000000 3.591725
188991.000000 76182.000000 3.971005
188993.000000 76182.000000 4.263678
188995.000000 76182.000000 4.451825
188997.000000 76182.000000 4.551124
188999.000000 76182.000000 4.592935
189001.000000 76182.000000 4.606374
189003.000000 76182.000000 4.609360
189005.000000 76182.000000 4.609733
189007.000000 76182.000000 4.609733
189009.000000 76182.000000 4.609733
189011.000000 76182.000000 4.609733
189013.000000 76182.000000 4.609733
189015.000000 76182.000000 4.609733
189017.000000 76182.000000 4.609733
189019.000000 76182.000000 4.609733
189021.000000 76182.000000 4.609733
189023.000000 76182.000000 4.609733
189025.000000 76182.000000 4.609733
189027.000000 76182.000000 4.609733
189029.000000 76182.000000 4.609733
189031.000000 76182.000000 4.609734
189033.000000 76182.000000 4.609735
189035.000000 76182.000000 4.609744
189037.000000 76182.000000 4.609783
189039.000000 76182.000000 4.609914
189041.000000 76182.000000 4.610293
189043.000000 76182.000000 4.611251
189045.000000 76182.000000 4.613378
189047.000000 76182.000000 4.617529
189049.000000 76182.000000 4.624655
189051.000000 76182.000000 4.635454
189053.000000 76182.000000 4.649956
189055.000000 76182.000000 4.667297
189057.000000 76182.000000 4.685845
189059.000000 76182.000000 4.703661
189061.000000 76182.000000 4.719020
189063.000000 76182.000000 4.730714
189065.000000 76182.000000 4.737874
189067.000000 76182.000000 4.739220
189069.000000 76182.000000 4.731890
189071.000000 76182.000000 4.710367
189073.000000 76182.000000 4.666533
189075.000000 76182.000000 4.591667
189077.000000 76182.000000 4.480449
189079.000000 76182.000000 4.335118
189081.000000 76182.000000 4.167420
189083.000000 76182.000000 3.996188
189085.000000 76182.000000 3.841492
189087.000000 76182.000000 3.717966
189089.000000 76182.000000 3.631059
189091.000000 76182.000000 3.577410
189093.000000 76182.000000 3.548554
189095.000000 76182.000000 3.535139
189097.000000 76182.000000 3.529814
189099.000000 76182.000000 3.528031
189101.000000 76182.000000 3.527537
189103.000000 76182.000000 3.527425
189105.000000 76182.000000 3.527409
189107.000000 76182.000000 3.527435
189109.000000 76182.000000 3.527568
189111.000000 76182.000000 3.528041
189113.000000 76182.000000 3.529376
189115.000000 76182.000000 3.532425
189117.000000 76182.000000 3.538103
189119.000000 76182.000000 3.546730
189121.000000 76182.000000 3.557281
189123.000000 76182.000000 3.567204
189125.000000 76182.000000 3.573292
188925.000000 76184.000000 2.160421
188927.000000 76184.000000 2.160428
188929.000000 76184.000000 2.160439
188931.000000 76184.000000 2.160450
188933.000000 76184.000000 2.160459
188935.000000 76184.000000 2.160463
188937.000000 76184.000000 2.160466
188939.000000 76184.000000 2.160466
188941.000000 76184.000000 2.160467
188943.000000 76184.000000 2.160467
188945.000000 76184.000000 2.160467
188947.000000 76184.000000 2.160467
188949.000000 76184.000000 2.160467
188951.000000 76184.000000 2.160467
188953.000000 76184.000000 2.160467
188955.000000 76184.000000 2.160467
188957.000000 76184.000000 2.160467
188959.000000 76184.000000 2.160467
188961.000000 76184.000000 2.160467
188963.000000 76184.000000 2.160467
188965.000000 76184.000000 2.160467
188967.000000 76184.000000 2.160467
188969.000000 76184.000000 2.160467
188971.000000 76184.000000 2.160467
188973.000000 76184.000000 2.160840
188975.000000 76184.000000 2.163826
188977.000000 76184.000000 2.177265
188979.000000 76184.000000 2.219076
188981.000000 76184.000000 2.318375
188983.000000 76184.000000 2.506522
188985.000000 76184.000000 2.799195
188987.000000 76184.000000 3.178475
188989.000000 76184.000000 3.591725
188991.000000 76184.000000 3.971005
188993.000000 76184.000000 4.263678
188995.000000 76184.000000 4.451825
188997.000000 76184.000000 4.551124
188999.000000 76184.000000 4.592935
189001.000000 76184.000000 4.606374
189003.000000 76184.000000 4.609360
189005.000000 76184.000000 4.609733
189007.000000 76184.000000 4.609733
189009.000000 76184.000000 4.609733
189011.000000 76184.000000 4.609733
189013.000000 76184.000000 4.609733
189015.000000 76184.000000 4.609733
189017.000000 76184.000000 4.609733
189019.000000 76184.000000 4.609733
189021.000000 76184.000000 4.609733
189023.000000 76184.000000 4.609733
189025.000000 76184.000000 4.609733
189027.000000 76184.000000 4.609733
189029.000000 76184.000000 4.609733
189031.000000 76184.000000 4.609733
189033.000000 76184.000000 4.609734
189035.000000 76184.000000 4.609736
189037.000000 76184.000000 4.609747
189039.000000 76184.000000 4.609793
189041.000000 76184.000000 4.609948
189043.000000 76184.000000 4.610406
189045.000000 76184.000000 4.611564
189047.000000 76184.000000 4.614089
189049.000000 76184.000000 4.618857
189051.000000 76184.000000 4.626739
189053.000000 76184.000000 4.638249
189055.000000 76184.000000 4.653231
189057.000000 76184.000000 4.670726
189059.000000 76184.000000 4.689137
189061.000000 76184.000000 4.706612
189063.000000 76184.000000 4.721481
189065.000000 76184.000000 4.732497
189067.000000 76184.000000 4.738596
189069.000000 76184.000000 4.738039
189071.000000 76184.000000 4.727148
189073.000000 76184.000000 4.699451
189075.000000 76184.000000 4.646260
189077.000000 76184.000000 4.559508
189079.000000 76184.000000 4.436027
189081.000000 76184.000000 4.281343
189083.000000 76184.000000 4.110113
189085.000000 76184.000000 3.942412
189087.000000 76184.000000 3.797068
189089.000000 76184.000000 3.685792
189091.000000 76184.000000 3.610725
189093.000000 76184.000000 3.566307
189095.000000 76184.000000 3.543369
189097.000000 76184.000000 3.533106
189099.000000 76184.000000 3.529153
189101.000000 76184.000000 3.527856
189103.000000 76184.000000 3.527497
189105.000000 76184.000000 3.527416
189107.000000 76184.000000 3.527407
189109.000000 76184.000000 3.527435
189111.000000 76184.000000 3.527559
189113.000000 76184.000000 3.527949
189115.000000 76184.000000 3.528906
189117.000000 76184.000000 3.530781
189119.000000 76184.000000 3.533728
189121.000000 76184.000000 3.537416
189123.000000 76184.000000 3.540938
189125.000000 76184.000000 3.543116
188925.000000 76186.000000 2.160467
188927.000000 76186.000000 2.160467
188929.000000 76186.000000 2.160467
188931.000000 76186.000000 2.160467
188933.000000 76186.000000 2.160467
188935.000000 76186.000000 2.160467
188937.000000 76186.000000 2.160467
188939.000000 76186.000000 2.160467
188941.000000 76186.000000 2.160467
188943.000000 76186.000000 2.160467
188945.000000 76186.000000 2.160467
188947.000000 76186.000000 2.160467
188949.000000 76186.000000 2.160467
188951.000000 76186.000000 2.160467
188953.000000 76186.000000 2.160467
188955.000000 76186.000000 2.160467
188957.000000 76186.000000 2.160467
188959.000000 76186.000000 2.160467
188961.000000 76186.000000 2.160467
188963.000000 76186.000000 2.160467
188965.000000 76186.000000 2.160467
188967.000000 76186.000000 2.160467
188969.000000 76186.000000 2.160467
188971.000000 76186.000000 2.160467
188973.000000 76186.000000 2.160840
188975.000000 76186.000000 2.163826
188977.000000 76186.000000 2.177265
188979.000000 76186.000000 2.219076
188981.000000 76186.000000 2.318375
188983.000000 76186.000000 2.506522
188985.000000 76186.000000 2.799195
188987.000000 76186.000000 3.178475
188989.000000 76186.000000 3.591725
188991.000000 76186.000000 3.971005
188993.000000 76186.000000 4.263678
188995.000000 76186.000000 4.451825
188997.000000 76186.000000 4.551124
188999.000000 76186.000000 4.592935
189001.000000 76186.000000 4.606374
189003.000000 76186.000000 4.609360
189005.000000 76186.000000 4.609733
189007.000000 76186.000000 4.609733
189009.000000 76186.000000 4.609733
189011.000000 76186.000000 4.609733
189013.000000 76186.000000 4.609733
189015.000000 76186.000000 4.609733
189017.000000 76186.000000 4.609733
189019.000000 76186.000000 4.609733
189021.000000 76186.000000 4.609733
189023.000000 76186.000000 4.609733
189025.000000 76186.000000 4.609733
189027.000000 76186.000000 4.609733
189029.000000 76186.000000 4.609733
189031.000000 76186.000000 4.609733
189033.000000 76186.000000 4.609733
189035.000000 76186.000000 4.609734
189037.000000 76186.000000 4.609736
189039.000000 76186.000000 4.609750
189041.000000 76186.000000 4.609807
189043.000000 76186.000000 4.610009
189045.000000 76186.000000 4.610593
189047.000000 76186.000000 4.612008
189049.000000 76186.000000 4.614941
189051.000000 76186.000000 4.620240
189053.000000 76186.000000 4.628697
189055.000000 76186.000000 4.640750
189057.000000 76186.000000 4.656190
189059.000000 76186.000000 4.674020
189061.000000 76186.000000 4.692566
189063.000000 76186.000000 4.709876
189065.000000 76186.000000 4.724208
189067.000000 76186.000000 4.734266
189069.000000 76186.000000 4.738825
189071.000000 76186.000000 4.735650
189073.000000 76186.000000 4.720211
189075.000000 76186.000000 4.685133
189077.000000 76186.000000 4.621555
189079.000000 76186.000000 4.522581
189081.000000 76186.000000 4.387764
189083.000000 76186.000000 4.225896
189085.000000 76186.000000 4.054085
189087.000000 76186.000000 3.892609
189089.000000 76186.000000 3.758249
189091.000000 76186.000000 3.659345
189093.000000 76186.000000 3.595076
189095.000000 76186.000000 3.558298
189097.000000 76186.000000 3.539842
189099.000000 76186.000000 3.531760
189101.000000 76186.000000 3.528702
189103.000000 76186.000000 3.527719
189105.000000 76186.000000 3.527460
189107.000000 76186.000000 3.527408
189109.000000 76186.000000 3.527406
189111.000000 76186.000000 3.527431
189113.000000 76186.000000 3.527520
189115.000000 76186.000000 3.527755
189117.000000 76186.000000 3.528235
189119.000000 76186.000000 3.529012
189121.000000 76186.000000 3.530005
189123.000000 76186.000000 3.530965
189125.000000 76186.000000 3.531563
188925.000000 76188.000000 2.160467
188927.000000 76188.000000 2.160467
188929.000000 76188.000000 2.160467
188931.000000 76188.000000 2.160467
188933.000000 76188.000000 2.160467
188935.000000 76188.000000 2.160467
188937.000000 76188.000000 2.160467
188939.000000 76188.000000 2.160467
188941.000000 76188.000000 2.160467
188943.000000 76188.000000 2.160467
188945.000000 76188.000000 2.160467
188947.000000 76188.000000 2.160467
188949.000000 76188.000000 2.160467
188951.000000 76188.000000 2.160467
188953.000000 76188.000000 2.160467
188955.000000 76188.000000 2.160467
188957.000000 76188.000000 2.160467
188959.000000 76188.000000 2.160467
188961.000000 76188.000000 2.160467
188963.000000 76188.000000 2.160467
188965.000000 76188.000000 2.160467
188967.000000 76188.000000 2.160467
188969.000000 76188.000000 2.160467
188971.000000 76188.000000 2.160467
188973.000000 76188.000000 2.160840
188975.000000 76188.000000 2.163826
188977.000000 76188.000000 2.177265
188979.000000 76188.000000 2.219076
188981.000000 76188.000000 2.318375
188983.000000 76188.000000 2.506522
188985.000000 76188.000000 2.799195
188987.000000 76188.000000 3.178475
188989.000000 76188.000000 3.591725
188991.000000 76188.000000 3.971005
188993.000000 76188.000000 4.263678
188995.000000 76188.000000 4.451825
188997.000000 76188.000000 4.551124
188999.000000 76188.000000 4.592935
189001.000000 76188.000000 4.606374
189003.000000 76188.000000 4.609360
189005.000000 76188.000000 4.609733
189007.000000 76188.000000 4.609733
189009.000000 76188.000000 4.609733
189011.000000 76188.000000 4.609733
189013.000000 76188.000000 4.609733
189015.000000 76188.000000 4.609733
189017.000000 76188.000000 4.609733
189019.000000 76188.000000 4.609733
189021.000000 76188.000000 4.609733
189023.000000 76188.000000 4.609733
189025.000000 76188.000000 4.609733
189027.000000 76188.000000 4.609733
189029.000000 76188.000000 4.609733
189031.000000 76188.000000 4.609733
189033.000000 76188.000000 4.609733
189035.000000 76188.000000 4.609733
189037.000000 76188.000000 4.609734
189039.000000 76188.000000 4.609737
189041.000000 76188.000000 4.609757
189043.000000 76188.000000 4.609839
189045.000000 76188.000000 4.610107
189047.000000 76188.000000 4.610827
189049.000000 76188.000000 4.612472
189051.000000 76188.000000 4.615741
189053.000000 76188.000000 4.621493
189055.000000 76188.000000 4.630539
189057.000000 76188.000000 4.643303
189059.000000 76188.000000 4.659473
189061.000000 76188.000000 4.677837
189063.000000 76188.000000 4.696493
189065.000000 76188.000000 4.713374
189067.000000 76188.000000 4.726792
189069.000000 76188.000000 4.735528
189071.000000 76188.000000 4.738160
189073.000000 76188.000000 4.731812
189075.000000 76188.000000 4.710966
189077.000000 76188.000000 4.667527
189079.000000 76188.000000 4.592906
189081.000000 76188.000000 4.482077
189083.000000 76188.000000 4.337640
189085.000000 76188.000000 4.171499
189087.000000 76188.000000 4.002226
189089.000000 76188.000000 3.849206
189091.000000 76188.000000 3.726339
189093.000000 76188.000000 3.638736
189095.000000 76188.000000 3.583334
189097.000000 76188.000000 3.552362
189099.000000 76188.000000 3.537148
189101.000000 76188.000000 3.530660
189103.000000 76188.000000 3.528303
189105.000000 76188.000000 3.527597
189107.000000 76188.000000 3.527431
189109.000000 76188.000000 3.527404
189111.000000 76188.000000 3.527405
189113.000000 76188.000000 3.527419
189115.000000 76188.000000 3.527459
189117.000000 76188.000000 3.527545
189119.000000 76188.000000 3.527688
189121.000000 76188.000000 3.527874
189123.000000 76188.000000 3.528056
189125.000000 76188.000000 3.528170
188925.000000 76190.000000 2.160467
188927.000000 76190.000000 2.160467
188929.000000 76190.000000 2.160467
188931.000000 76190.000000 2.160467
188933.000000 76190.000000 2.160467
188935.000000 76190.000000 2.160467
188937.000000 76190.000000 2.160467
188939.000000 76190.000000 2.160467
188941.000000 76190.000000 2.160467
188943.000000 76190.000000 2.160467
188945.000000 76190.000000 2.160467
188947.000000 76190.000000 2.160467
188949.000000 76190.000000 2.160467
188951.000000 76190.000000 2.160467
188953.000000 76190.000000 2.160467
188955.000000 76190.000000 2.160467
188957.000000 76190.000000 2.160467
188959.000000 76190.000000 2.160467
188961.000000 76190.000000 2.160467
188963.000000 76190.000000 2.160467
188965.000000 76190.000000 2.160467
188967.000000 76190.000000 2.160467
188969.000000 76190.000000 2.160467
188971.000000 76190.000000 2.160467
188973.000000 76190.000000 2.160840
188975.000000 76190.000000 2.163826
188977.000000 76190.000000 2.177265
188979.000000 76190.000000 2.219076
188981.000000 76190.000000 2.318375
188983.000000 76190.000000 2.506522
188985.000000 76190.000000 2.799195
188987.000000 76190.000000 3.178475
188989.000000 76190.000000 3.591725
188991.000000 76190.000000 3.971005
188993.000000 76190.000000 4.263678
188995.000000 76190.000000 4.451825
188997.000000 76190.000000 4.551124
188999.000000 76190.000000 4.592935
189001.000000 76190.000000 4.606374
189003.000000 76190.000000 4.609360
189005.000000 76190.000000 4.609733
189007.000000 76190.000000 4.609733
189009.000000 76190.000000 4.609733
189011.000000 76190.000000 4.609733
189013.000000 76190.000000 4.609733
189015.000000 76190.000000 4.609733
189017.000000 76190.000000 4.609733
189019.000000 76190.000000 4.609733
189021.000000 76190.000000 4.609733
189023.000000 76190.000000 4.609733
189025.000000 76190.000000 4.609733
189027.000000 76190.000000 4.609733
189029.000000 76190.000000 4.609733
189031.000000 76190.000000 4.609733
189033.000000 76190.000000 4.609733
189035.000000 76190.000000 4.609733
189037.000000 76190.000000 4.609733
189039.000000 76190.000000 4.609734
189041.000000 76190.000000 4.609740
189043.000000 76190.000000 4.609770
189045.000000 76190.000000 4.609880
189047.000000 76190.000000 4.610207
189049.000000 76190.000000 4.611040
189051.000000 76190.000000 4.612888
189053.000000 76190.000000 4.616516
189055.000000 76190.000000 4.622858
189057.000000 76190.000000 4.632733
189059.000000 76190.000000 4.646433
189061.000000 76190.000000 4.663366
189063.000000 76190.000000 4.682027
189065.000000 76190.000000 4.700378
189067.000000 76190.000000 4.716453
189069.000000 76190.000000 4.728757
189071.000000 76190.000000 4.736074
189073.000000 76190.000000 4.736565
189075.000000 76190.000000 4.726486
189077.000000 76190.000000 4.699396
189079.000000 76190.000000 4.646847
189081.000000 76190.000000 4.561243
189083.000000 76190.000000 4.439940
189085.000000 76190.000000 4.288617
189087.000000 76190.000000 4.121362
189089.000000 76190.000000 3.956965
189091.000000 76190.000000 3.812918
189093.000000 76190.000000 3.700337
189095.000000 76190.000000 3.621948
189097.000000 76190.000000 3.573522
189099.000000 76190.000000 3.547177
189101.000000 76190.000000 3.534709
189103.000000 76190.000000 3.529668
189105.000000 76190.000000 3.527971
189107.000000 76190.000000 3.527511
189109.000000 76190.000000 3.527416
189111.000000 76190.000000 3.527402
189113.000000 76190.000000 3.527402
189115.000000 76190.000000 3.527405
189117.000000 76190.000000 3.527414
189119.000000 76190.000000 3.527428
189121.000000 76190.000000 3.527447
189123.000000 76190.000000 3.527466
189125.000000 76190.000000 3.527478
188925.000000 76192.000000 2.160467
188927.000000 76192.000000 2.160467
188929.000000 76192.000000 2.160467
188931.000000 76192.000000 2.160467
188933.000000 76192.000000 2.160467
188935.000000 76192.000000 2.160467
188937.000000 76192.000000 2.160467
188939.000000 76192.000000 2.160467
188941.000000 76192.000000 2.160467
188943.000000 76192.000000 2.160467
188945.000000 76192.000000 2.160467
188947.000000 76192.000000 2.160467
188949.000000 76192.000000 2.160467
188951.000000 76192.000000 2.160467
188953.000000 76192.000000 2.160467
188955.000000 76192.000000 2.160467
188957.000000 76192.000000 2.160467
188959.000000 76192.000000 2.160467
188961.000000 76192.000000 2.160467
188963.000000 76192.000000 2.160467
188965.000000 76192.000000 2.160467
188967.000000 76192.000000 2.160467
188969.000000 76192.000000 2.160467
188971.000000 76192.000000 2.160467
188973.000000 76192.000000 2.160840
188975.000000 76192.000000 2.163826
188977.000000 76192.000000 2.177265
188979.000000 76192.000000 2.219076
188981.000000 76192.000000 2.318375
188983.000000 76192.000000 2.506522
188985.000000 76192.000000 2.799195
188987.000000 76192.000000 3.178475
188989.000000 76192.000000 3.591725
188991.000000 76192.000000 3.971005
188993.000000 76192.000000 4.263678
188995.000000 76192.000000 4.451825
188997.000000 76192.000000 4.551124
188999.000000 76192.000000 4.592935
189001.000000 76192.000000 4.606374
189003.000000 76192.000000 4.609360
189005.000000 76192.000000 4.609733
189007.000000 76192.000000 4.609733
189009.000000 76192.000000 4.609733
189011.000000 76192.000000 4.609733
189013.000000 76192.000000 4.609733
189015.000000 76192.000000 4.609733
189017.000000 76192.000000 4.609733
189019.000000 76192.000000 4.609733
189021.000000 76192.000000 4.609733
189023.000000 76192.000000 4.609733
189025.000000 76192.000000 4.609733
189027.000000 76192.000000 4.609733
189029.000000 76192.000000 4.609733
189031.000000 76192.000000 4.609733
189033.000000 76192.000000 4.609733
189035.000000 76192.000000 4.609733
189037.000000 76192.000000 4.609733
189039.000000 76192.000000 4.609734
189041.000000 76192.000000 4.609735
189043.000000 76192.000000 4.609744
189045.000000 76192.000000 4.609783
189047.000000 76192.000000 4.609914
189049.000000 76192.000000 4.610293
189051.000000 76192.000000 4.611251
189053.000000 76192.000000 4.613378
189055.000000 76192.000000 4.617529
189057.000000 76192.000000 4.624655
189059.000000 76192.000000 4.635454
189061.000000 76192.000000 4.649956
189063.000000 76192.000000 4.667296
189065.000000 76192.000000 4.685843
189067.000000 76192.000000 4.703645
189069.000000 76192.000000 4.718920
189071.000000 76192.000000 4.730239
189073.000000 76192.000000 4.736138
189075.000000 76192.000000 4.734141
189077.000000 76192.000000 4.719668
189079.000000 76192.000000 4.685667
189081.000000 76192.000000 4.623978
189083.000000 76192.000000 4.528496
189085.000000 76192.000000 4.398991
189087.000000 76192.000000 4.243356
189089.000000 76192.000000 4.076708
189091.000000 76192.000000 3.917253
189093.000000 76192.000000 3.780861
189095.000000 76192.000000 3.676782
189097.000000 76192.000000 3.606271
189099.000000 76192.000000 3.564190
189101.000000 76192.000000 3.542307
189103.000000 76192.000000 3.532539
189105.000000 76192.000000 3.528866
189107.000000 76192.000000 3.527734
189109.000000 76192.000000 3.527457
189111.000000 76192.000000 3.527407
189113.000000 76192.000000 3.527400
189115.000000 76192.000000 3.527400
189117.000000 76192.000000 3.527400
189119.000000 76192.000000 3.527400
189121.000000 76192.000000 3.527400
189123.000000 76192.000000 3.527400
189125.000000 76192.000000 3.527400
188925.000000 76194.000000 2.160467
188927.000000 76194.000000 2.160467
188929.000000 76194.000000 2.160467
188931.000000 76194.000000 2.160467
188933.000000 76194.000000 2.160467
188935.000000 76194.000000 2.160467
188937.000000 76194.000000 2.160467
188939.000000 76194.000000 2.160467
188941.000000 76194.000000 2.160467
188943.000000 76194.000000 2.160467
188945.000000 76194.000000 2.160467
188947.000000 76194.000000 2.160467
188949.000000 76194.000000 2.160467
188951.000000 76194.000000 2.160467
188953.000000 76194.000000 2.160467
188955.000000 76194.000000 2.160467
188957.000000 76194.000000 2.160467
188959.000000 76194.000000 2.160467
188961.000000 76194.000000 2.160467
188963.000000 76194.000000 2.160467
188965.000000 76194.000000 2.160467
188967.000000 76194.000000 2.160467
188969.000000 76194.000000 2.160467
188971.000000 76194.000000 2.160467
188973.000000 76194.000000 2.160840
188975.000000 76194.000000 2.163826
188977.000000 76194.000000 2.177265
188979.000000 76194.000000 2.219076
188981.000000 76194.000000 2.318375
188983.000000 76194.000000 2.506522
188985.000000 76194.000000 2.799195
188987.000000 76194.000000 3.178475
188989.000000 76194.000000 3.591725
188991.000000 76194.000000 3.971005
188993.000000 76194.000000 4.263678
188995.000000 76194.000000 4.451825
188997.000000 76194.000000 4.551124
188999.000000 76194.000000 4.592935
189001.000000 76194.000000 4.606374
189003.000000 76194.000000 4.609360
189005.000000 76194.000000 4.609733
189007.000000 76194.000000 4.609733
189009.000000 76194.000000 4.609733
189011.000000 76194.000000 4.609733
189013.000000 76194.000000 4.609733
189015.000000 76194.000000 4.609733
189017.000000 76194.000000 4.609733
189019.000000 76194.000000 4.609733
189021.000000 76194.000000 4.609733
189023.000000 76194.000000 4.609733
189025.000000 76194.000000 4.609733
189027.000000 76194.000000 4.609733
189029.000000 76194.000000 4.609733
189031.000000 76194.000000 4.609733
189033.000000 76194.000000 4.609733
189035.000000 76194.000000 4.609733
189037.000000 76194.000000 4.609733
189039.000000 76194.000000 4.609733
189041.000000 76194.000000 4.609734
189043.000000 76194.000000 4.609736
189045.000000 76194.000000 4.609747
189047.000000 76194.000000 4.609793
189049.000000 76194.000000 4.609948
189051.000000 76194.000000 4.610406
189053.000000 76194.000000 4.611564
189055.000000 76194.000000 4.614089
189057.000000 76194.000000 4.618857
189059.000000 76194.000000 4.626739
189061.000000 76194.000000 4.638249
189063.000000 76194.000000 4.653231
189065.000000 76194.000000 4.670727
189067.000000 76194.000000 4.689137
189069.000000 76194.000000 4.706585
189071.000000 76194.000000 4.721293
189073.000000 76194.000000 4.731673
189075.000000 76194.000000 4.735882
189077.000000 76194.000000 4.730877
189079.000000 76194.000000 4.711513
189081.000000 76194.000000 4.670586
189083.000000 76194.000000 4.600530
189085.000000 76194.000000 4.496604
189087.000000 76194.000000 4.360249
189089.000000 76194.000000 4.200783
189091.000000 76194.000000 4.034091
189093.000000 76194.000000 3.878376
189095.000000 76194.000000 3.748735
189097.000000 76194.000000 3.652990
189099.000000 76194.000000 3.590698
189101.000000 76194.000000 3.555312
189103.000000 76194.000000 3.537973
189105.000000 76194.000000 3.530755
189107.000000 76194.000000 3.528261
189109.000000 76194.000000 3.527567
189111.000000 76194.000000 3.527422
189113.000000 76194.000000 3.527401
189115.000000 76194.000000 3.527400
189117.000000 76194.000000 3.527400
189119.000000 76194.000000 3.527400
189121.000000 76194.000000 3.527400
189123.000000 76194.000000 3.527400
189125.000000 76194.000000 3.527400
188925.000000 76196.000000 2.160467
188927.000000 76196.000000 2.160467
188929.000000 76196.000000 2.160467
188931.000000 76196.000000 2.160467
188933.000000 76196.000000 2.160467
188935.000000 76196.000000 2.160467
188937.000000 76196.000000 2.160467
188939.000000 76196.000000 2.160467
188941.000000 76196.000000 2.160467
188943.000000 76196.000000 2.160467
188945.000000 76196.000000 2.160467
188947.000000 76196.000000 2.160467
188949.000000 76196.000000 2.160467
188951.000000 76196.000000 2.160467
188953.000000 76196.000000 2.160467
188955.000000 76196.000000 2.160467
188957.000000 76196.000000 2.160467
188959.000000 76196.000000 2.160467
188961.000000 76196.000000 2.160467
188963.000000 76196.000000 2.160467
188965.000000 76196.000000 2.160467
188967.000000 76196.000000 2.160467
188969.000000 76196.000000 2.160467
188971.000000 76196.000000 2.160467
188973.000000 76196.000000 2.160840
188975.000000 76196.000000 2.163826
188977.000000 76196.000000 2.177265
188979.000000 76196.000000 2.219076
188981.000000 76196.000000 2.318375
188983.000000 76196.000000 2.506522
188985.000000 76196.000000 2.799195
188987.000000 76196.000000 3.178475
188989.000000 76196.000000 3.591725
188991.000000 76196.000000 3.971005
188993.000000 76196.000000 4.263678
188995.000000 76196.000000 4.451825
188997.000000 76196.000000 4.551124
188999.000000 76196.000000 4.592935
189001.000000 76196.000000 4.606374
189003.000000 76196.000000 4.609360
189005.000000 76196.000000 4.609733
189007.000000 76196.000000 4.609733
189009.000000 76196.000000 4.609733
189011.000000 76196.000000 4.609733
189013.000000 76196.000000 4.609733
189015.000000 76196.000000 4.609733
189017.000000 76196.000000 4.609733
189019.000000 76196.000000 4.609733
189021.000000 76196.000000 4.609733
189023.000000 76196.000000 4.609733
189025.000000 76196.000000 4.609733
189027.000000 76196.000000 4.609733
189029.000000 76196.000000 4.609733
189031.000000 76196.000000 4.609733
189033.000000 76196.000000 4.609733
189035.000000 76196.000000 4.609733
189037.000000 76196.000000 4.609733
189039.000000 76196.000000 4.609733
189041.000000 76196.000000 4.609733
189043.000000 76196.000000 4.609734
189045.000000 76196.000000 4.609736
189047.000000 76196.000000 4.609750
189049.000000 76196.000000 4.609807
189051.000000 76196.000000 4.610009
189053.000000 76196.000000 4.610593
189055.000000 76196.000000 4.612008
189057.000000 76196.000000 4.614941
189059.000000 76196.000000 4.620241
189061.000000 76196.000000 4.628698
189063.000000 76196.000000 4.640753
189065.000000 76196.000000 4.656200
189067.000000 76196.000000 4.674045
189069.000000 76196.000000 4.692611
189071.000000 76196.000000 4.709901
189073.000000 76196.000000 4.723992
189075.000000 76196.000000 4.733132
189077.000000 76196.000000 4.735227
189079.000000 76196.000000 4.726889
189081.000000 76196.000000 4.702627
189083.000000 76196.000000 4.655106
189085.000000 76196.000000 4.577040
189087.000000 76196.000000 4.464509
189089.000000 76196.000000 4.320351
189091.000000 76196.000000 4.155698
189093.000000 76196.000000 3.988060
189095.000000 76196.000000 3.836294
189097.000000 76196.000000 3.714581
189099.000000 76196.000000 3.628609
189101.000000 76196.000000 3.575513
189103.000000 76196.000000 3.547149
189105.000000 76196.000000 3.534226
189107.000000 76196.000000 3.529316
189109.000000 76196.000000 3.527811
189111.000000 76196.000000 3.527460
189113.000000 76196.000000 3.527404
189115.000000 76196.000000 3.527400
189117.000000 76196.000000 3.527400
189119.000000 76196.000000 3.527400
189121.000000 76196.000000 3.527400
189123.000000 76196.000000 3.527400
189125.000000 76196.000000 3.527400
188925.000000 76198.000000 2.160467
188927.000000 76198.000000 2.160467
188929.000000 76198.000000 2.160467
188931.000000 76198.000000 2.160467
188933.000000 76198.000000 2.160467
188935.000000 76198.000000 2.160467
188937.000000 76198.000000 2.160467
188939.000000 76198.000000 2.160467
188941.000000 76198.000000 2.160467
188943.000000 76198.000000 2.160467
188945.000000 76198.000000 2.160467
188947.000000 76198.000000 2.160467
188949.000000 76198.000000 2.160467
188951.000000 76198.000000 2.160467
188953.000000 76198.000000 2.160467
188955.000000 76198.000000 2.160467
188957.000000 76198.000000 2.160467
188959.000000 76198.000000 2.160467
188961.000000 76198.000000 2.160467
188963.000000 76198.000000 2.160467
188965.000000 76198.000000 2.160467
188967.000000 76198.000000 2.160467
188969.000000 76198.000000 2.160467
188971.000000 76198.000000 2.160467
188973.000000 76198.000000 2.160840
188975.000000 76198.000000 2.163826
188977.000000 76198.000000 2.177265
188979.000000 76198.000000 2.219076
188981.000000 76198.000000 2.318375
188983.000000 76198.000000 2.506522
188985.000000 76198.000000 2.799195
188987.000000 76198.000000 3.178475
188989.000000 76198.000000 3.591725
188991.000000 76198.000000 3.971005
188993.000000 76198.000000 4.263678
188995.000000 76198.000000 4.451825
188997.000000 76198.000000 4.551124
188999.000000 76198.000000 4.592935
189001.000000 76198.000000 4.606374
189003.000000 76198.000000 4.609360
189005.000000 76198.000000 4.609733
189007.000000 76198.000000 4.609733
189009.000000 76198.000000 4.609733
189011.000000 76198.000000 4.609733
189013.000000 76198.000000 4.609733
189015.000000 76198.000000 4.609733
189017.000000 76198.000000 4.609733
189019.000000 76198.000000 4.609733
189021.000000 76198.000000 4.609733
189023.000000 76198.000000 4.609733
189025.000000 76198.000000 4.609733
189027.000000 76198.000000 4.609733
189029.000000 76198.000000 4.609733
189031.000000 76198.000000 4.609733
189033.000000 76198.000000 4.609733
189035.000000 76198.000000 4.609733
189037.000000 76198.000000 4.609733
189039.000000 76198.000000 4.609733
189041.000000 76198.000000 4.609733
189043.000000 76198.000000 4.609733
189045.000000 76198.000000 4.609734
189047.000000 76198.000000 4.609737
189049.000000 76198.000000 4.609757
189051.000000 76198.000000 4.609839
189053.000000 76198.000000 4.610107
189055.000000 76198.000000 4.610827
189057.000000 76198.000000 4.612472
189059.000000 76198.000000 4.615741
189061.000000 76198.000000 4.621496
189063.000000 76198.000000 4.630553
189065.000000 76198.000000 4.643347
189067.000000 76198.000000 4.659587
189069.000000 76198.000000 4.678074
189071.000000 76198.000000 4.696884
189073.000000 76198.000000 4.713839
189075.000000 76198.000000 4.726971
189077.000000 76198.000000 4.734521
189079.000000 76198.000000 4.734289
189081.000000 76198.000000 4.722532
189083.000000 76198.000000 4.693204
189085.000000 76198.000000 4.638409
189087.000000 76198.000000 4.550807
189089.000000 76198.000000 4.427452
189091.000000 76198.000000 4.273424
189093.000000 76198.000000 4.102683
189095.000000 76198.000000 3.934924
189097.000000 76198.000000 3.789230
189099.000000 76198.000000 3.677941
189101.000000 76198.000000 3.603673
189103.000000 76198.000000 3.560821
189105.000000 76198.000000 3.539747
189107.000000 76198.000000 3.531109
189109.000000 76198.000000 3.528253
189111.000000 76198.000000 3.527534
189113.000000 76198.000000 3.527411
189115.000000 76198.000000 3.527400
189117.000000 76198.000000 3.527400
189119.000000 76198.000000 3.527400
189121.000000 76198.000000 3.527400
189123.000000 76198.000000 3.527400
189125.000000 76198.000000 3.527400
188925.000000 76200.000000 2.160467
188927.000000 76200.000000 2.160467
188929.000000 76200.000000 2.160467
188931.000000 76200.000000 2.160467
188933.000000 76200.000000 2.160467
188935.000000 76200.000000 2.160467
188937.000000 76200.000000 2.160467
188939.000000 76200.000000 2.160467
188941.000000 76200.000000 2.160467
188943.000000 76200.000000 2.160467
188945.000000 76200.000000 2.160467
188947.000000 76200.000000 2.160467
188949.000000 76200.000000 2.160467
188951.000000 76200.000000 2.160467
188953.000000 76200.000000 2.160467
188955.000000 76200.000000 2.160467
188957.000000 76200.000000 2.160467
188959.000000 76200.000000 2.160467
188961.000000 76200.000000 2.160467
188963.000000 76200.000000 2.160467
188965.000000 76200.000000 2.160467
188967.000000 76200.000000 2.160467
188969.000000 76200.000000 2.160467
188971.000000 76200.000000 2.160467
188973.000000 76200.000000 2.160840
188975.000000 76200.000000 2.163826
188977.000000 76200.000000 2.177265
188979.000000 76200.000000 2.219076
188981.000000 76200.000000 2.318375
188983.000000 76200.000000 2.506522
188985.000000 76200.000000 2.799195
188987.000000 76200.000000 3.178475
188989.000000 76200.000000 3.591725
188991.000000 76200.000000 3.971005
188993.000000 76200.000000 4.263678
188995.000000 76200.000000 4.451825
188997.000000 76200.000000 4.551124
188999.000000 76200.000000 4.592935
189001.000000 76200.000000 4.606374
189003.000000 76200.000000 4.609360
189005.000000 76200.000000 4.609733
189007.000000 76200.000000 4.609733
189009.000000 76200.000000 4.609733
189011.000000 76200.000000 4.609733
189013.000000 76200.000000 4.609733
189015.000000 76200.000000 4.609733
189017.000000 76200.000000 4.609733
189019.000000 76200.000000 4.609733
189021.000000 76200.000000 4.609733
189023.000000 76200.000000 4.609733
189025.000000 76200.000000 4.609733
189027.000000 76200.000000 4.609733
189029.000000 76200.000000 4.609733
189031.000000 76200.000000 4.609733
189033.000000 76200.000000 4.609733
189035.000000 76200.000000 4.609733
189037.000000 76200.000000 4.609733
189039.000000 76200.000000 4.609733
189041.000000 76200.000000 4.609733
189043.000000 76200.000000 4.609733
189045.000000 76200.000000 4.609733
189047.000000 76200.000000 4.609734
189049.000000 76200.000000 4.609740
189051.000000 76200.000000 4.609770
189053.000000 76200.000000 4.609880
189055.000000 76200.000000 4.610207
189057.000000 76200.000000 4.611040
189059.000000 76200.000000 4.612891
189061.000000 76200.000000 4.616530
189063.000000 76200.000000 4.622912
189065.000000 76200.000000 4.632895
189067.000000 76200.000000 4.646826
189069.000000 76200.000000 4.664153
189071.000000 76200.000000 4.683342
189073.000000 76200.000000 4.702210
189075.000000 76200.000000 4.718516
189077.000000 76200.000000 4.730376
189079.000000 76200.000000 4.736093
189081.000000 76200.000000 4.733243
189083.000000 76200.000000 4.717435
189085.000000 76200.000000 4.681599
189087.000000 76200.000000 4.617021
189089.000000 76200.000000 4.516527
189091.000000 76200.000000 4.379097
189093.000000 76200.000000 4.213235
189095.000000 76200.000000 4.036658
189097.000000 76200.000000 3.871193
189099.000000 76200.000000 3.735343
189101.000000 76200.000000 3.638261
189103.000000 76200.000000 3.578492
189105.000000 76200.000000 3.547239
189107.000000 76200.000000 3.533660
189109.000000 76200.000000 3.528914
189111.000000 76200.000000 3.527652
189113.000000 76200.000000 3.527422
189115.000000 76200.000000 3.527400
189117.000000 76200.000000 3.527400
189119.000000 76200.000000 3.527400
189121.000000 76200.000000 3.527400
189123.000000 76200.000000 3.527400
189125.000000 76200.000000 3.527400
188925.000000 76202.000000 2.160467
188927.000000 76202.000000 2.160467
188929.000000 76202.000000 2.160467
188931.000000 76202.000000 2.160467
188933.000000 76202.000000 2.160467
188935.000000 76202.000000 2.160467
188937.000000 76202.000000 2.160467
188939.000000 76202.000000 2.160467
188941.000000 76202.000000 2.160467
188943.000000 76202.000000 2.160467
188945.000000 76202.000000 2.160467
188947.000000 76202.000000 2.160467
188949.000000 76202.000000 2.160467
188951.000000 76202.000000 2.160467
188953.000000 76202.000000 2.160467
188955.000000 76202.000000 2.160467
188957.000000 76202.000000 2.160467
188959.000000 76202.000000 2.160467
188961.000000 76202.000000 2.160467
188963.000000 76202.000000 2.160467
188965.000000 76202.000000 2.160467
188967.000000 76202.000000 2.160467
188969.000000 76202.000000 2.160467
188971.000000 76202.000000 2.160467
188973.000000 76202.000000 2.160840
188975.000000 76202.000000 2.163826
188977.000000 76202.000000 2.177265
188979.000000 76202.000000 2.219076
188981.000000 76202.000000 2.318375
188983.000000 76202.000000 2.506522
188985.000000 76202.000000 2.799195
188987.000000 76202.000000 3.178475
188989.000000 76202.000000 3.591725
188991.000000 76202.000000 3.971005
188993.000000 76202.000000 4.263678
188995.000000 76202.000000 4.451825
188997.000000 76202.000000 4.551124
188999.000000 76202.000000 4.592935
189001.000000 76202.000000 4.606374
189003.000000 76202.000000 4.609360
189005.000000 76202.000000 4.609733
189007.000000 76202.000000 4.609733
189009.000000 76202.000000 4.609733
189011.000000 76202.000000 4.609733
189013.000000 76202.000000 4.609733
189015.000000 76202.000000 4.609733
189017.000000 76202.000000 4.609733
189019.000000 76202.000000 4.609733
189021.000000 76202.000000 4.609733
189023.000000 76202.000000 4.609733
189025.000000 76202.000000 4.609733
189027.000000 76202.000000 4.609733
189029.000000 76202.000000 4.609733
189031.000000 76202.000000 4.609733
189033.000000 76202.000000 4.609733
189035.000000 76202.000000 4.609733
189037.000000 76202.000000 4.609733
189039.000000 76202.000000 4.609733
189041.000000 76202.000000 4.609733
189043.000000 76202.000000 4.609733
189045.000000 76202.000000 4.609733
189047.000000 76202.000000 4.609734
189049.000000 76202.000000 4.609735
189051.000000 76202.000000 4.609744
189053.000000 76202.000000 4.609783
189055.000000 76202.000000 4.609914
189057.000000 76202.000000 4.610295
189059.000000 76202.000000 4.611263
189061.000000 76202.000000 4.613428
189063.000000 76202.000000 4.617701
189065.000000 76202.000000 4.625135
189067.000000 76202.000000 4.636556
189069.000000 76202.000000 4.652073
189071.000000 76202.000000 4.670740
189073.000000 76202.000000 4.690622
189075.000000 76202.000000 4.709299
189077.000000 76202.000000 4.724536
189079.000000 76202.000000 4.734605
189081.000000 76202.000000 4.737823
189083.000000 76202.000000 4.731299
189085.000000 76202.000000 4.709478
189087.000000 76202.000000 4.663779
189089.000000 76202.000000 4.584539
189091.000000 76202.000000 4.465592
189093.000000 76202.000000 4.309510
189095.000000 76202.000000 4.130278
189097.000000 76202.000000 3.950427
189099.000000 76202.000000 3.793343
189101.000000 76202.000000 3.674646
189103.000000 76202.000000 3.597785
189105.000000 76202.000000 3.555713
189107.000000 76202.000000 3.536646
189109.000000 76202.000000 3.529716
189111.000000 76202.000000 3.527800
189113.000000 76202.000000 3.527437
189115.000000 76202.000000 3.527400
189117.000000 76202.000000 3.527400
189119.000000 76202.000000 3.527400
189121.000000 76202.000000 3.527400
189123.000000 76202.000000 3.527400
189125.000000 76202.000000 3.527400
188925.000000 76204.000000 2.160467
188927.000000 76204.000000 2.160467
188929.000000 76204.000000 2.160467
188931.000000 76204.000000 2.160467
188933.000000 76204.000000 2.160467
188935.000000 76204.000000 2.160467
188937.000000 76204.000000 2.160467
188939.000000 76204.000000 2.160467
188941.000000 76204.000000 2.160467
188943.000000 76204.000000 2.160467
188945.000000 76204.000000 2.160467
188947.000000 76204.000000 2.160467
188949.000000 76204.000000 2.160467
188951.000000 76204.000000 2.160467
188953.000000 76204.000000 2.160467
188955.000000 76204.000000 2.160467
188957.000000 76204.000000 2.160467
188959.000000 76204.000000 2.160467
188961.000000 76204.000000 2.160467
188963.000000 76204.000000 2.160467
188965.000000 76204.000000 2.160467
188967.000000 76204.000000 2.160467
188969.000000 76204.000000 2.160467
188971.000000 76204.000000 2.160467
188973.000000 76204.000000 2.160840
188975.000000 76204.000000 2.163826
188977.000000 76204.000000 2.177265
188979.000000 76204.000000 2.219076
188981.000000 76204.000000 2.318375
188983.000000 76204.000000 2.506522
188985.000000 76204.000000 2.799195
188987.000000 76204.000000 3.178475
188989.000000 76204.000000 3.591725
188991.000000 76204.000000 3.971005
188993.000000 76204.000000 4.263678
188995.000000 76204.000000 4.451825
188997.000000 76204.000000 4.551124
188999.000000 76204.000000 4.592935
189001.000000 76204.000000 4.606374
189003.000000 76204.000000 4.609360
189005.000000 76204.000000 4.609733
189007.000000 76204.000000 4.609733
189009.000000 76204.000000 4.609733
189011.000000 76204.000000 4.609733
189013.000000 76204.000000 4.609733
189015.000000 76204.000000 4.609733
189017.000000 76204.000000 4.609733
189019.000000 76204.000000 4.609733
189021.000000 76204.000000 4.609733
189023.000000 76204.000000 4.609733
189025.000000 76204.000000 4.609733
189027.000000 76204.000000 4.609733
189029.000000 76204.000000 4.609733
189031.000000 76204.000000 4.609733
189033.000000 76204.000000 4.609733
189035.000000 76204.000000 4.609733
189037.000000 76204.000000 4.609733
189039.000000 76204.000000 4.609733
189041.000000 76204.000000 4.609733
189043.000000 76204.000000 4.609733
189045.000000 76204.000000 4.609733
189047.000000 76204.000000 4.609733
189049.000000 76204.000000 4.609734
189051.000000 76204.000000 4.609736
189053.000000 76204.000000 4.609747
189055.000000 76204.000000 4.609793
189057.000000 76204.000000 4.609955
189059.000000 76204.000000 4.610442
189061.000000 76204.000000 4.611711
189063.000000 76204.000000 4.614552
189065.000000 76204.000000 4.620060
189067.000000 76204.000000 4.629352
189069.000000 76204.000000 4.643070
189071.000000 76204.000000 4.660845
189073.000000 76204.000000 4.681091
189075.000000 76204.000000 4.701335
189077.000000 76204.000000 4.718980
189079.000000 76204.000000 4.732023
189081.000000 76204.000000 4.739068
189083.000000 76204.000000 4.738285
189085.000000 76204.000000 4.725576
189087.000000 76204.000000 4.693156
189089.000000 76204.000000 4.630221
189091.000000 76204.000000 4.527019
189093.000000 76204.000000 4.381186
189095.000000 76204.000000 4.202846
189097.000000 76204.000000 4.014028
189099.000000 76204.000000 3.841355
189101.000000 76204.000000 3.705607
189103.000000 76204.000000 3.614622
189105.000000 76204.000000 3.563285
189107.000000 76204.000000 3.539377
189109.000000 76204.000000 3.530466
189111.000000 76204.000000 3.527942
189113.000000 76204.000000 3.527451
189115.000000 76204.000000 3.527400
189117.000000 76204.000000 3.527400
189119.000000 76204.000000 3.527400
189121.000000 76204.000000 3.527400
189123.000000 76204.000000 3.527400
189125.000000 76204.000000 3.527400
188925.000000 76206.000000 2.160467
188927.000000 76206.000000 2.160467
188929.000000 76206.000000 2.160467
188931.000000 76206.000000 2.160467
188933.000000 76206.000000 2.160467
188935.000000 76206.000000 2.160467
188937.000000 76206.000000 2.160467
188939.000000 76206.000000 2.160467
188941.000000 76206.000000 2.160467
188943.000000 76206.000000 2.160467
188945.000000 76206.000000 2.160467
188947.000000 76206.000000 2.160467
188949.000000 76206.000000 2.160467
188951.000000 76206.000000 2.160467
188953.000000 76206.000000 2.160467
188955.000000 76206.000000 2.160467
188957.000000 76206.000000 2.160467
188959.000000 76206.000000 2.160467
188961.000000 76206.000000 2.160467
188963.000000 76206.000000 2.160467
188965.000000 76206.000000 2.160467
188967.000000 76206.000000 2.160467
188969.000000 76206.000000 2.160467
188971.000000 76206.000000 2.160467
188973.000000 76206.000000 2.160840
188975.000000 76206.000000 2.163826
188977.000000 76206.000000 2.177265
188979.000000 76206.000000 2.219076
188981.000000 76206.000000 2.318375
188983.000000 76206.000000 2.506522
188985.000000 76206.000000 2.799195
188987.000000 76206.000000 3.178475
188989.000000 76206.000000 3.591725
188991.000000 76206.000000 3.971005
188993.000000 76206.000000 4.263678
188995.000000 76206.000000 4.451825
188997.000000 76206.000000 4.551124
188999.000000 76206.000000 4.592935
189001.000000 76206.000000 4.606374
189003.000000 76206.000000 4.609360
189005.000000 76206.000000 4.609733
189007.000000 76206.000000 4.609733
189009.000000 76206.000000 4.609733
189011.000000 76206.000000 4.609733
189013.000000 76206.000000 4.609733
189015.000000 76206.000000 4.609733
189017.000000 76206.000000 4.609733
189019.000000 76206.000000 4.609733
189021.000000 76206.000000 4.609733
189023.000000 76206.000000 4.609733
189025.000000 76206.000000 4.609733
189027.000000 76206.000000 4.609733
189029.000000 76206.000000 4.609733
189031.000000 76206.000000 4.609733
189033.000000 76206.000000 4.609733
189035.000000 76206.000000 4.609733
189037.000000 76206.000000 4.609733
189039.000000 76206.000000 4.609733
189041.000000 76206.000000 4.609733
189043.000000 76206.000000 4.609733
189045.000000 76206.000000 4.609733
189047.000000 76206.000000 4.609733
189049.000000 76206.000000 4.609733
189051.000000 76206.000000 4.609734
189053.000000 76206.000000 4.609737
189055.000000 76206.000000 4.609754
189057.000000 76206.000000 4.609831
189059.000000 76206.000000 4.610115
189061.000000 76206.000000 4.610966
189063.000000 76206.000000 4.613089
189065.000000 76206.000000 4.617560
189067.000000 76206.000000 4.625632
189069.000000 76206.000000 4.638235
189071.000000 76206.000000 4.655359
189073.000000 76206.000000 4.675666
189075.000000 76206.000000 4.696684
189077.000000 76206.000000 4.715603
189079.000000 76206.000000 4.730191
189081.000000 76206.000000 4.739111
189083.000000 76206.000000 4.741065
189085.000000 76206.000000 4.732823
189087.000000 76206.000000 4.707234
189089.000000 76206.000000 4.653129
189091.000000 76206.000000 4.558949
189093.000000 76206.000000 4.419550
189095.000000 76206.000000 4.242646
189097.000000 76206.000000 4.049642
189099.000000 76206.000000 3.868729
189101.000000 76206.000000 3.723546
189103.000000 76206.000000 3.624522
189105.000000 76206.000000 3.567799
189107.000000 76206.000000 3.541027
189109.000000 76206.000000 3.530925
189111.000000 76206.000000 3.528030
189113.000000 76206.000000 3.527460
189115.000000 76206.000000 3.527400
189117.000000 76206.000000 3.527400
189119.000000 76206.000000 3.527400
189121.000000 76206.000000 3.527400
189123.000000 76206.000000 3.527400
189125.000000 76206.000000 3.527400
3 0 101 102
3 0 102 1
3 1 102 103
3 1 103 2
3 2 103 104
3 2 104 3
3 3 104 105
3 3 105 4
3 4 105 106
3 4 106 5
3 5 106 107
3 5 107 6
3 6 107 108
3 6 108 7
3 7 108 109
3 7 109 8
3 8 109 110
3 8 110 9
3 9 110 111
3 9 111 10
3 10 111 112
3 10 112 11
3 11 112 113
3 11 113 12
3 12 113 114
3 12 114 13
3 13 114 115
3 13 115 14
3 14 115 116
3 14 116 15
3 15 116 117
3 15 117 16
3 16 117 118
3 16 118 17
3 17 118 119
3 17 119 18
3 18 119 120
3 18 120 19
3 19 120 121
3 19 121 20
3 20 121 122
3 20 122 21
3 21 122 123
3 21 123 22
3 22 123 124
3 22 124 23
3 23 124 125
3 23 125 24
3 24 125 126
3 24 126 25
3 25 126 127
3 25 127 26
3 26 127 128
3 26 128 27
3 27 128 129
3 27 129 28
3 28 129 130
3 28 130 29
3 29 130 131
3 29 131 30
3 30 131 132
3 30 132 31
3 31 132 133
3 31 133 32
3 32 133 134
3 32 134 33
3 33 134 135
3 33 135 34
3 34 135 136
3 34 136 35
3 35 136 137
3 35 137 36
3 36 137 138
3 36 138 37
3 37 138 139
3 37 139 38
3 38 139 140
3 38 140 39
3 39 140 141
3 39 141 40
3 40 141 142
3 40 142 41
3 41 142 143
3 41 143 42
3 42 143 144
3 42 144 43
3 43 144 145
3 43 145 44
3 44 145 146
3 44 146 45
3 45 146 147
3 45 147 46
3 46 147 148
3 46 148 47
3 47 148 149
3 47 149 48
3 48 149 150
3 48 150 49
3 49 150 151
3 49 151 50
3 50 151 152
3 50 152 51
3 51 152 153
3 51 153 52
3 52 153 154
3 52 154 53
3 53 154 155
3 53 155 54
3 54 155 156
3 54 156 55
3 55 156 157
3 55 157 56
3 56 157 158
3 56 158 57
3 57 158 159
3 57 159 58
3 58 159 160
3 58 160 59
3 59 160 161
3 59 161 60
3 60 161 162
3 60 162 61
3 61 162 163
3 61 163 62
3 62 163 164
3 62 164 63
3 63 164 165
3 63 165 64
3 64 165 166
3 64 166 65
3 65 166 167
3 65 167 66
3 66 167 168
3 66 168 67
3 67 168 169
3 67 169 68
3 68 169 170
3 68 170 69
3 69 170 171
3 69 171 70
3 70 171 172
3 70 172 71
3 71 172 173
3 71 173 72
3 72 173 174
3 72 174 73
3 73 174 175
3 73 175 74
3 74 175 176
3 74 176 75
3 75 176 177
3 75 177 76
3 76 177 178
3 76 178 77
3 77 178 179
3 77 179 78
3 78 179 180
3 78 180 79
3 79 180 181
3 79 181 80
3 80 181 182
3 80 182 81
3 81 182 183
3 81 183 82
3 82 183 184
3 82 184 83
3 83 184 185
3 83 185 84
3 84 185 186
3 84 186 85
3 85 186 187
3 85 187 86
3 86 187 188
3 86 188 87
3 87 188 189
3 87 189 88
3 88 189 190
3 88 190 89
3 89 190 191
3 89 191 90
3 90 191 192
3 90 192 91
3 91 192 193
3 91 193 92
3 92 193 194
3 92 194 93
3 93 194 195
3 93 195 94
3 94 195 196
3 94 196 95
3 95 196 197
3 95 197 96
3 96 197 198
3 96 198 97
3 97 198 199
3 97 199 98
3 98 199 200
3 98 200 99
3 99 200 201
3 99 201 100
3 101 202 203
3 101 203 102
3 102 203 204
3 102 204 103
3 103 204 205
3 103 205 104
3 104 205 206
3 104 206 105
3 105 206 207
3 105 207 106
3 106 207 208
3 106 208 107
3 107 208 209
3 107 209 108
3 108 209 210
3 108 210 109
3 109 210 211
3 109 211 110
3 110 211 212
3 110 212 111
3 111 212 213
3 111 213 112
3 112 213 214
3 112 214 113
3 113 214 215
3 113 215 114
3 114 215 216
3 114 216 115
3 115 216 217
3 115 217 116
3 116 217 218
3 116 218 117
3 117 218 219
3 117 219 118
3 118 219 220
3 118 220 119
3 119 220 221
3 119 221 120
3 120 221 222
3 120 222 121
3 121 222 223
3 121 223 122
3 122 223 224
3 122 224 123
3 123 224 225
3 123 225 124
3 124 225 226
3 124 226 125
3 125 226 227
3 125 227 126
3 126 227 228
3 126 228 127
3 127 228 229
3 127 229 128
3 128 229 230
3 128 230 129
3 129 230 231
3 129 231 130
3 130 231 232
3 130 232 131
3 131 232 233
3 131 233 132
3 132 233 234
3 132 234 133
3 133 234 235
3 133 235 134
3 134 235 236
3 134 236 135
3 135 236 237
3 135 237 136
3 136 237 238
3 136 238 137
3 137 238 239
3 137 239 138
3 138 239 240
3 138 240 139
3 139 240 241
3 139 241 140
3 140 241 242
3 140 242 141
3 141 242 243
3 141 243 142
3 142 243 244
3 142 244 143
3 143 244 245
3 143 245 144
3 144 245 246
3 144 246 145
3 145 246 247
3 145 247 146
3 146 247 248
3 146 248 147
3 147 248 249
3 147 249 148
3 148 249 250
3 148 250 149
3 149 250 251
3 149 251 150
3 150 251 252
3 150 252 151
3 151 252 253
3 151 253 152
3 152 253 254
3 152 254 153
3 153 254 255
3 153 255 154
3 154 255 256
3 154 256 155
3 155 256 257
3 155 257 156
3 156 257 258
3 156 258 157
3 157 258 259
3 157 259 158
3 158 259 260
3 158 260 159
3 159 260 261
3 159 261 160
3 160 261 262
3 160 262 161
3 161 262 263
3 161 263 162
3 162 263 264
3 162 264 163
3 163 264 265
3 163 265 164
3 164 265 266
3 164 266 165
3 165 266 267
3 165 267 166
3 166 267 268
3 166 268 167
3 167 268 269
3 167 269 168
3 168 269 270
3 168 270 169
3 169 270 271
3 169 271 170
3 170 271 272
3 170 272 171
3 171 272 273
3 171 273 172
3 172 273 274
3 172 274 173
3 173 274 275
3 173 275 174
3 174 275 276
3 174 276 175
3 175 276 277
3 175 277 176
3 176 277 278
3 176 278 177
3 177 278 279
3 177 279 178
3 178 279 280
3 178 280 179
3 179 280 281
3 179 281 180
3 180 281 282
3 180 282 181
3 181 282 283
3 181 283 182
3 182 283 284
3 182 284 183
3 183 284 285
3 183 285 184
3 184 285 286
3 184 286 185
3 185 286 287
3 185 287 186
3 186 287 288
3 186 288 187
3 187 288 289
3 187 289 188
3 188 289 290
3 188 290 189
3 189 290 291
3 189 291 190
3 190 291 292
3 190 292 191
3 191 292 293
3 191 293 192
3 192 293 294
3 192 294 193
3 193 294 295
3 193 295 194
3 194 295 296
3 194 296 195
3 195 296 297
3 195 297 196
3 196 297 298
3 196 298 197
3 197 298 299
3 197 299 198
3 198 299 300
3 198 300 199
3 199 300 301
3 199 301 200
3 200 301 302
3 200 302 201
3 202 303 304
3 202 304 203
3 203 304 305
3 203 305 204
3 204 305 306
3 204 306 205
3 205 306 307
3 205 307 206
3 206 307 308
3 206 308 207
3 207 308 309
3 207 309 208
3 208 309 310
3 208 310 209
3 209 310 311
3 209 311 210
3 210 311 312
3 210 312 211
3 211 312 313
3 211 313 212
3 212 313 314
3 212 314 213
3 213 314 315
3 213 315 214
3 214 315 316
3 214 316 215
3 215 316 317
3 215 317 216
3 216 317 318
3 216 318 217
3 217 318 319
3 217 319 218
3 218 319 320
3 218 320 219
3 219 320 321
3 219 321 220
3 220 321 322
3 220 322 221
3 221 322 323
3 221 323 222
3 222 323 324
3 222 324 223
3 223 324 325
3 223 325 224
3 224 325 326
3 224 326 225
3 225 326 327
3 225 327 226
3 226 327 328
3 226 328 227
3 227 328 329
3 227 329 228
3 228 329 330
3 228 330 229
3 229 330 331
3 229 331 230
3 230 331 332
3 230 332 231
3 231 332 333
3 231 333 232
3 232 333 334
3 232 334 233
3 233 334 335
3 233 335 234
3 234 335 336
3 234 336 235
3 235 336 337
3 235 337 236
3 236 337 338
3 236 338 237
3 237 338 339
3 237 339 238
3 238 339 340
3 238 340 239
3 239 340 341
3 239 341 240
3 240 341 342
3 240 342 241
3 241 342 343
3 241 343 242
3 242 343 344
3 242 344 243
3 243 344 345
3 243 345 244
3 244 345 346
3 244 346 245
3 245 346 347
3 245 347 246
3 246 347 348
3 246 348 247
3 247 348 349
3 247 349 248
3 248 349 350
3 248 350 249
3 249 350 351
3 249 351 250
3 250 351 352
3 250 352 251
3 251 352 353
3 251 353 252
3 252 353 354
3 252 354 253
3 253 354 355
3 253 355 254
3 254 355 356
3 254 356 255
3 255 356 357
3 255 357 256
3 256 357 358
3 256 358 257
3 257 358 359
3 257 359 258
3 258 359 360
3 258 360 259
3 259 360 361
3 259 361 260
3 260 361 362
3 260 362 261
3 261 362 363
3 261 363 262
3 262 363 364
3 262 364 263
3 263 364 365
3 263 365 264
3 264 365 366
3 264 366 265
3 265 366 367
3 265 367 266
3 266 367 368
3 266 368 267
3 267 368 369
3 267 369 268
3 268 369 370
3 268 370 269
3 269 370 371
3 269 371 270
3 270 371 372
3 270 372 271
3 271 372 373
3 271 373 272
3 272 373 374
3 272 374 273
3 273 374 375
3 273 375 274
3 274 375 376
3 274 376 275
3 275 376 377
3 275 377 276
3 276 377 378
3 276 378 277
3 277 378 379
3 277 379 278
3 278 379 380
3 278 380 279
3 279 380 381
3 279 381 280
3 280 381 382
3 280 382 281
3 281 382 383
3 281 383 282
3 282 383 384
3 282 384 283
3 283 384 385
3 283 385 284
3 284 385 386
3 284 386 285
3 285 386 387
3 285 387 286
3 286 387 388
3 286 388 287
3 287 388 389
3 287 389 288
3 288 389 390
3 288 390 289
3 289 390 391
3 289 391 290
3 290 391 392
3 290 392 291
3 291 392 393
3 291 393 292
3 292 393 394
3 292 394 293
3 293 394 395
3 293 395 294
3 294 395 396
3 294 396 295
3 295 396 397
3 295 397 296
3 296 397 398
3 296 398 297
3 297 398 399
3 297 399 298
3 298 399 400
3 298 400 299
3 299 400 401
3 299 401 300
3 300 401 402
3 300 402 301
3 301 402 403
3 301 403 302
3 303 404 405
3 303 405 304
3 304 405 406
3 304 406 305
3 305 406 407
3 305 407 306
3 306 407 408
3 306 408 307
3 307 408 409
3 307 409 308
3 308 409 410
3 308 410 309
3 309 410 411
3 309 411 310
3 310 411 412
3 310 412 311
3 311 412 413
3 311 413 312
3 312 413 414
3 312 414 313
3 313 414 415
3 313 415 314
3 314 415 416
3 314 416 315
3 315 416 417
3 315 417 316
3 316 417 418
3 316 418 317
3 317 418 419
3 317 419 318
3 318 419 420
3 318 420 319
3 319 420 421
3 319 421 320
3 320 421 422
3 320 422 321
3 321 422 423
3 321 423 322
3 322 423 424
3 322 424 323
3 323 424 425
3 323 425 324
3 324 425 426
3 324 426 325
3 325 426 427
3 325 427 326
3 326 427 428
3 326 428 327
3 327 428 429
3 327 429 328
3 328 429 430
3 328 430 329
3 329 430 431
3 329 431 330
3 330 431 432
3 330 432 331
3 331 432 433
3 331 433 332
3 332 433 434
3 332 434 333
3 333 434 435
3 333 435 334
3 334 435 436
3 334 436 335
3 335 436 437
3 335 437 336
3 336 437 438
3 336 438 337
3 337 438 439
3 337 439 338
3 338 439 440
3 338 440 339
3 339 440 441
3 339 441 340
3 340 441 442
3 340 442 341
3 341 442 443
3 341 443 342
3 342 443 444
3 342 444 343
3 343 444 445
3 343 445 344
3 344 445 446
3 344 446 345
3 345 446 447
3 345 447 346
3 346 447 448
3 346 448 347
3 347 448 449
3 347 449 348
3 348 449 450
3 348 450 349
3 349 450 451
3 349 451 350
3 350 451 452
3 350 452 351
3 351 452 453
3 351 453 352
3 352 453 454
3 352 454 353
3 353 454 455
3 353 455 354
3 354 455 456
3 354 456 355
3 355 456 457
3 355 457 356
3 356 457 458
3 356 458 357
3 357 458 459
3 357 459 358
3 358 459 460
3 358 460 359
3 359 460 461
3 359 461 360
3 360 461 462
3 360 462 361
3 361 462 463
3 361 463 362
3 362 463 464
3 362 464 363
3 363 464 465
3 363 465 364
3 364 465 466
3 364 466 365
3 365 466 467
3 365 467 366
3 366 467 468
3 366 468 367
3 367 468 469
3 367 469 368
3 368 469 470
3 368 470 369
3 369 470 471
3 369 471 370
3 370 471 472
3 370 472 371
3 371 472 473
3 371 473 372
3 372 473 474
3 372 474 373
3 373 474 475
3 373 475 374
3 374 475 476
3 374 476 375
3 375 476 477
3 375 477 376
3 376 477 478
3 376 478 377
3 377 478 479
3 377 479 378
3 378 479 480
3 378 480 379
3 379 480 481
3 379 481 380
3 380 481 482
3 380 482 381
3 381 482 483
3 381 483 382
3 382 483 484
3 382 484 383
3 383 484 485
3 383 485 384
3 384 485 486
3 384 486 385
3 385 486 487
3 385 487 386
3 386 487 488
3 386 488 387
3 387 488 489
3 387 489 388
3 388 489 490
3 388 490 389
3 389 490 491
3 389 491 390
3 390 491 492
3 390 492 391
3 391 492 493
3 391 493 392
3 392 493 494
3 392 494 393
3 393 494 495
3 393 495 394
3 394 495 496
3 394 496 395
3 395 496 497
3 395 497 396
3 396 497 498
3 396 498 397
3 397 498 499
3 397 499 398
3 398 499 500
3 398 500 399
3 399 500 501
3 399 501 400
3 400 501 502
3 400 502 401
3 401 502 503
3 401 503 402
3 402 503 504
3 402 504 403
3 404 505 506
3 404 506 405
3 405 506 507
3 405 507 406
3 406 507 508
3 406 508 407
3 407 508 509
3 407 509 408
3 408 509 510
3 408 510 409
3 409 510 511
3 409 511 410
3 410 511 512
3 410 512 411
3 411 512 513
3 411 513 412
3 412 513 514
3 412 514 413
3 413 514 515
3 413 515 414
3 414 515 516
3 414 516 415
3 415 516 517
3 415 517 416
3 416 517 518
3 416 518 417
3 417 518 519
3 417 519 418
3 418 519 520
3 418 520 419
3 419 520 521
3 419 521 420
3 420 521 522
3 420 522 421
3 421 522 523
3 421 523 422
3 422 523 524
3 422 524 423
3 423 524 525
3 423 525 424
3 424 525 526
3 424 526 425
3 425 526 527
3 425 527 426
3 426 527 528
3 426 528 427
3 427 528 529
3 427 529 428
3 428 529 530
3 428 530 429
3 429 530 531
3 429 531 430
3 430 531 532
3 430 532 431
3 431 532 533
3 431 533 432
3 432 533 534
3 432 534 433
3 433 534 535
3 433 535 434
3 434 535 536
3 434 536 435
3 435 536 537
3 435 537 436
3 436 537 538
3 436 538 437
3 437 538 539
3 437 539 438
3 438 539 540
3 438 540 439
3 439 540 541
3 439 541 440
3 440 541 542
3 440 542 441
3 441 542 543
3 441 543 442
3 442 543 544
3 442 544 443
3 443 544 545
3 443 545 444
3 444 545 546
3 444 546 445
3 445 546 547
3 445 547 446
3 446 547 548
3 446 548 447
3 447 548 549
3 447 549 448
3 448 549 550
3 448 550 449
3 449 550 551
3 449 551 450
3 450 551 552
3 450 552 451
3 451 552 553
3 451 553 452
3 452 553 554
3 452 554 453
3 453 554 555
3 453 555 454
3 454 555 556
3 454 556 455
3 455 556 557
3 455 557 456
3 456 557 558
3 456 558 457
3 457 558 559
3 457 559 458
3 458 559 560
3 458 560 459
3 459 560 561
3 459 561 460
3 460 561 562
3 460 562 461
3 461 562 563
3 461 563 462
3 462 563 564
3 462 564 463
3 463 564 565
3 463 565 464
3 464 565 566
3 464 566 465
3 465 566 567
3 465 567 466
3 466 567 568
3 466 568 467
3 467 568 569
3 467 569 468
3 468 569 570
3 468 570 469
3 469 570 571
3 469 571 470
3 470 571 572
3 470 572 471
3 471 572 573
3 471 573 472
3 472 573 574
3 472 574 473
3 473 574 575
3 473 575 474
3 474 575 576
3 474 576 475
3 475 576 577
3 475 577 476
3 476 577 578
3 476 578 477
3 477 578 579
3 477 579 478
3 478 579 580
3 478 580 479
3 479 580 581
3 479 581 480
3 480 581 582
3 480 582 481
3 481 582 583
3 481 583 482
3 482 583 584
3 482 584 483
3 483 584 585
3 483 585 484
3 484 585 586
3 484 586 485
3 485 586 587
3 485 587 486
3 486 587 588
3 486 588 487
3 487 588 589
3 487 589 488
3 488 589 590
3 488 590 489
3 489 590 591
3 489 591 490
3 490 591 592
3 490 592 491
3 491 592 593
3 491 593 492
3 492 593 594
3 492 594 493
3 493 594 595
3 493 595 494
3 494 595 596
3 494 596 495
3 495 596 597
3 495 597 496
3 496 597 598
3 496 598 497
3 497 598 599
3 497 599 498
3 498 599 600
3 498 600 499
3 499 600 601
3 499 601 500
3 500 601 602
3 500 602 501
3 501 602 603
3 501 603 502
3 502 603 604
3 502 604 503
3 503 604 605
3 503 605 504
3 505 606 607
3 505 607 506
3 506 607 608
3 506 608 507
3 507 608 609
3 507 609 508
3 508 609 610
3 508 610 509
3 509 610 611
3 509 611 510
3 510 611 612
3 510 612 511
3 511 612 613
3 511 613 512
3 512 613 614
3 512 614 513
3 513 614 615
3 513 615 514
3 514 615 616
3 514 616 515
3 515 616 617
3 515 617 516
3 516 617 618
3 516 618 517
3 517 618 619
3 517 619 518
3 518 619 620
3 518 620 519
3 519 620 621
3 519 621 520
3 520 621 622
3 520 622 521
3 521 622 623
3 521 623 522
3 522 623 624
3 522 624 523
3 523 624 625
3 523 625 524
3 524 625 626
3 524 626 525
3 525 626 627
3 525 627 526
3 526 627 628
3 526 628 527
3 527 628 629
3 527 629 528
3 528 629 630
3 528 630 529
3 529 630 631
3 529 631 530
3 530 631 632
3 530 632 531
3 531 632 633
3 531 633 532
3 532 633 634
3 532 634 533
3 533 634 635
3 533 635 534
3 534 635 636
3 534 636 535
3 535 636 637
3 535 637 536
3 536 637 638
3 536 638 537
3 537 638 639
3 537 639 538
3 538 639 640
3 538 640 539
3 539 640 641
3 539 641 540
3 540 641 642
3 540 642 541
3 541 642 643
3 541 643 542
3 542 643 644
3 542 644 543
3 543 644 645
3 543 645 544
3 544 645 646
3 544 646 545
3 545 646 647
3 545 647 546
3 546 647 648
3 546 648 547
3 547 648 649
3 547 649 548
3 548 649 650
3 548 650 549
3 549 650 651
3 549 651 550
3 550 651 652
3 550 652 551
3 551 652 653
3 551 653 552
3 552 653 654
3 552 654 553
3 553 654 655
3 553 655 554
3 554 655 656
3 554 656 555
3 555 656 657
3 555 657 556
3 556 657 658
3 556 658 557
3 557 658 659
3 557 659 558
3 558 659 660
3 558 660 559
3 559 660 661
3 559 661 560
3 560 661 662
3 560 662 561
3 561 662 663
3 561 663 562
3 562 663 664
3 562 664 563
3 563 664 665
3 563 665 564
3 564 665 666
3 564 666 565
3 565 666 667
3 565 667 566
3 566 667 668
3 566 668 567
3 567 668 669
3 567 669 568
3 568 669 670
3 568 670 569
3 569 670 671
3 569 671 570
3 570 671 672
3 570 672 571
3 571 672 673
3 571 673 572
3 572 673 674
3 572 674 573
3 573 674 675
3 573 675 574
3 574 675 676
3 574 676 575
3 575 676 677
3 575 677 576
3 576 677 678
3 576 678 577
3 577 678 679
3 577 679 578
3 578 679 680
3 578 680 579
3 579 680 681
3 579 681 580
3 580 681 682
3 580 682 581
3 581 682 683
3 581 683 582
3 582 683 684
3 582 684 583
3 583 684 685
3 583 685 584
3 584 685 686
3 584 686 585
3 585 686 687
3 585 687 586
3 586 687 688
3 586 688 587
3 587 688 689
3 587 689 588
3 588 689 690
3 588 690 589
3 589 690 691
3 589 691 590
3 590 691 692
3 590 692 591
3 591 692 693
3 591 693 592
3 592 693 694
3 592 694 593
3 593 694 695
3 593 695 594
3 594 695 696
3 594 696 595
3 595 696 697
3 595 697 596
3 596 697 698
3 596 698 597
3 597 698 699
3 597 699 598
3 598 699 700
3 598 700 599
3 599 700 701
3 599 701 600
3 600 701 702
3 600 702 601
3 601 702 703
3 601 703 602
3 602 703 704
3 602 704 603
3 603 704 705
3 603 705 604
3 604 705 706
3 604 706 605
3 606 707 708
3 606 708 607
3 607 708 709
3 607 709 608
3 608 709 710
3 608 710 609
3 609 710 711
3 609 711 610
3 610 711 712
3 610 712 611
3 611 712 713
3 611 713 612
3 612 713 714
3 612 714 613
3 613 714 715
3 613 715 614
3 614 715 716
3 614 716 615
3 615 716 717
3 615 717 616
3 616 717 718
3 616 718 617
3 617 718 719
3 617 719 618
3 618 719 720
3 618 720 619
3 619 720 721
3 619 721 620
3 620 721 722
3 620 722 621
3 621 722 723
3 621 723 622
3 622 723 724
3 622 724 623
3 623 724 725
3 623 725 624
3 624 725 726
3 624 726 625
3 625 726 727
3 625 727 626
3 626 727 728
3 626 728 627
3 627 728 729
3 627 729 628
3 628 729 730
3 628 730 629
3 629 730 731
3 629 731 630
3 630 731 732
3 630 732 631
3 631 732 733
3 631 733 632
3 632 733 734
3 632 734 633
3 633 734 735
3 633 735 634
3 634 735 736
3 634 736 635
3 635 736 737
3 635 737 636
3 636 737 738
3 636 738 637
3 637 738 739
3 637 739 638
3 638 739 740
3 638 740 639
3 639 740 741
3 639 741 640
3 640 741 742
3 640 742 641
3 641 742 743
3 641 743 642
3 642 743 744
3 642 744 643
3 643 744 745
3 643 745 644
3 644 745 746
3 644 746 645
3 645 746 747
3 645 747 646
3 646 747 748
3 646 748 647
3 647 748 749
3 647 749 648
3 648 749 750
3 648 750 649
3 649 750 751
3 649 751 650
3 650 751 752
3 650 752 651
3 651 752 753
3 651 753 652
3 652 753 754
3 652 754 653
3 653 754 755
3 653 755 654
3 654 755 756
3 654 756 655
3 655 756 757
3 655 757 656
3 656 757 758
3 656 758 657
3 657 758 759
3 657 759 658
3 658 759 760
3 658 760 659
3 659 760 761
3 659 761 660
3 660 761 762
3 660 762 661
3 661 762 763
3 661 763 662
3 662 763 764
3 662 764 663
3 663 764 765
3 663 765 664
3 664 765 766
3 664 766 665
3 665 766 767
3 665 767 666
3 666 767 768
3 666 768 667
3 667 768 769
3 667 769 668
3 668 769 770
3 668 770 669
3 669 770 771
3 669 771 670
3 670 771 772
3 670 772 671
3 671 772 773
3 671 773 672
3 672 773 774
3 672 774 673
3 673 774 775
3 673 775 674
3 674 775 776
3 674 776 675
3 675 776 777
3 675 777 676
3 676 777 778
3 676 778 677
3 677 778 779
3 677 779 678
3 678 779 780
3 678 780 679
3 679 780 781
3 679 781 680
3 680 781 782
3 680 782 681
3 681 782 783
3 681 783 682
3 682 783 784
3 682 784 683
3 683 784 785
3 683 785 684
3 684 785 786
3 684 786 685
3 685 786 787
3 685 787 686
3 686 787 788
3 686 788 687
3 687 788 789
3 687 789 688
3 688 789 790
3 688 790 689
3 689 790 791
3 689 791 690
3 690 791 792
3 690 792 691
3 691 792 793
3 691 793 692
3 692 793 794
3 692 794 693
3 693 794 795
3 693 795 694
3 694 795 796
3 694 796 695
3 695 796 797
3 695 797 696
3 696 797 798
3 696 798 697
3 697 798 799
3 697 799 698
3 698 799 800
3 698 800 699
3 699 800 801
3 699 801 700
3 700 801 802
3 700 802 701
3 701 802 803
3 701 803 702
3 702 803 804
3 702 804 703
3 703 804 805
3 703 805 704
3 704 805 806
3 704 806 705
3 705 806 807
3 705 807 706
3 707 808 809
3 707 809 708
3 708 809 810
3 708 810 709
3 709 810 811
3 709 811 710
3 710 811 812
3 710 812 711
3 711 812 813
3 711 813 712
3 712 813 814
3 712 814 713
3 713 814 815
3 713 815 714
3 714 815 816
3 714 816 715
3 715 816 817
3 715 817 716
3 716 817 818
3 716 818 717
3 717 818 819
3 717 819 718
3 718 819 820
3 718 820 719
3 719 820 821
3 719 821 720
3 720 821 822
3 720 822 721
3 721 822 823
3 721 823 722
3 722 823 824
3 722 824 723
3 723 824 825
3 723 825 724
3 724 825 826
3 724 826 725
3 725 826 827
3 725 827 726
3 726 827 828
3 726 828 727
3 727 828 829
3 727 829 728
3 728 829 830
3 728 830 729
3 729 830 831
3 729 831 730
3 730 831 832
3 730 832 731
3 731 832 833
3 731 833 732
3 732 833 834
3 732 834 733
3 733 834 835
3 733 835 734
3 734 835 836
3 734 836 735
3 735 836 837
3 735 837 736
3 736 837 838
3 736 838 737
3 737 838 839
3 737 839 738
3 738 839 840
3 738 840 739
3 739 840 841
3 739 841 740
3 740 841 842
3 740 842 741
3 741 842 843
3 741 843 742
3 742 843 844
3 742 844 743
3 743 844 845
3 743 845 744
3 744 845 846
3 744 846 745
3 745 846 847
3 745 847 746
3 746 847 848
3 746 848 747
3 747 848 849
3 747 849 748
3 748 849 850
3 748 850 749
3 749 850 851
3 749 851 750
3 750 851 852
3 750 852 751
3 751 852 853
3 751 853 752
3 752 853 854
3 752 854 753
3 753 854 855
3 753 855 754
3 754 855 856
3 754 856 755
3 755 856 857
3 755 857 756
3 756 857 858
3 756 858 757
3 757 858 859
3 757 859 758
3 758 859 860
3 758 860 759
3 759 860 861
3 759 861 760
3 760 861 862
3 760 862 761
3 761 862 863
3 761 863 762
3 762 863 864
3 762 864 763
3 763 864 865
3 763 865 764
3 764 865 866
3 764 866 765
3 765 866 867
3 765 867 766
3 766 867 868
3 766 868 767
3 767 868 869
3 767 869 768
3 768 869 870
3 768 870 769
3 769 870 871
3 769 871 770
3 770 871 872
3 770 872 771
3 771 872 873
3 771 873 772
3 772 873 874
3 772 874 773
3 773 874 875
3 773 875 774
3 774 875 876
3 774 876 775
3 775 876 877
3 775 877 776
3 776 877 878
3 776 878 777
3 777 878 879
3 777 879 778
3 778 879 880
3 778 880 779
3 779 880 881
3 779 881 780
3 780 881 882
3 780 882 781
3 781 882 883
3 781 883 782
3 782 883 884
3 782 884 783
3 783 884 885
3 783 885 784
3 784 885 886
3 784 886 785
3 785 886 887
3 785 887 786
3 786 887 888
3 786 888 787
3 787 888 889
3 787 889 788
3 788 889 890
3 788 890 789
3 789 890 891
3 789 891 790
3 790 891 892
3 790 892 791
3 791 892 893
3 791 893 792
3 792 893 894
3 792 894 793
3 793 894 895
3 793 895 794
3 794 895 896
3 794 896 795
3 795 896 897
3 795 897 796
3 796 897 898
3 796 898 797
3 797 898 899
3 797 899 798
3 798 899 900
3 798 900 799
3 799 900 901
3 799 901 800
3 800 901 902
3 800 902 801
3 801 902 903
3 801 903 802
3 802 903 904
3 802 904 803
3 803 904 905
3 803 905 804
3 804 905 906
3 804 906 805
3 805 906 907
3 805 907 806
3 806 907 908
3 806 908 807
3 808 909 910
3 808 910 809
3 809 910 911
3 809 911 810
3 810 911 912
3 810 912 811
3 811 912 913
3 811 913 812
3 812 913 914
3 812 914 813
3 813 914 915
3 813 915 814
3 814 915 916
3 814 916 815
3 815 916 917
3 815 917 816
3 816 917 918
3 816 918 817
3 817 918 919
3 817 919 818
3 818 919 920
3 818 920 819
3 819 920 921
3 819 921 820
3 820 921 922
3 820 922 821
3 821 922 923
3 821 923 822
3 822 923 924
3 822 924 823
3 823 924 925
3 823 925 824
3 824 925 926
3 824 926 825
3 825 926 927
3 825 927 826
3 826 927 928
3 826 928 827
3 827 928 929
3 827 929 828
3 828 929 930
3 828 930 829
3 829 930 931
3 829 931 830
3 830 931 932
3 830 932 831
3 831 932 933
3 831 933 832
3 832 933 934
3 832 934 833
3 833 934 935
3 833 935 834
3 834 935 936
3 834 936 835
3 835 936 937
3 835 937 836
3 836 937 938
3 836 938 837
3 837 938 939
3 837 939 838
3 838 939 940
3 838 940 839
3 839 940 941
3 839 941 840
3 840 941 942
3 840 942 841
3 841 942 943
3 841 943 842
3 842 943 944
3 842 944 843
3 843 944 945
3 843 945 844
3 844 945 946
3 844 946 845
3 845 946 947
3 845 947 846
3 846 947 948
3 846 948 847
3 847 948 949
3 847 949 848
3 848 949 950
3 848 950 849
3 849 950 951
3 849 951 850
3 850 951 952
3 850 952 851
3 851 952 953
3 851 953 852
3 852 953 954
3 852 954 853
3 853 954 955
3 853 955 854
3 854 955 956
3 854 956 855
3 855 956 957
3 855 957 856
3 856 957 958
3 856 958 857
3 857 958 959
3 857 959 858
3 858 959 960
3 858 960 859
3 859 960 961
3 859 961 860
3 860 961 962
3 860 962 861
3 861 962 963
3 861 963 862
3 862 963 964
3 862 964 863
3 863 964 965
3 863 965 864
3 864 965 966
3 864 966 865
3 865 966 967
3 865 967 866
3 866 967 968
3 866 968 867
3 867 968 969
3 867 969 868
3 868 969 970
3 868 970 869
3 869 970 971
3 869 971 870
3 870 971 972
3 870 972 871
3 871 972 973
3 871 973 872
3 872 973 974
3 872 974 873
3 873 974 975
3 873 975 874
3 874 975 976
3 874 976 875
3 875 976 977
3 875 977 876
3 876 977 978
3 876 978 877
3 877 978 979
3 877 979 878
3 878 979 980
3 878 980 879
3 879 980 981
3 879 981 880
3 880 981 982
3 880 982 881
3 881 982 983
3 881 983 882
3 882 983 984
3 882 984 883
3 883 984 985
3 883 985 884
3 884 985 986
3 884 986 885
3 885 986 987
3 885 987 886
3 886 987 988
3 886 988 887
3 887 988 989
3 887 989 888
3 888 989 990
3 888 990 889
3 889 990 991
3 889 991 890
3 890 991 992
3 890 992 891
3 891 992 993
3 891 993 892
3 892 993 994
3 892 994 893
3 893 994 995
3 893 995 894
3 894 995 996
3 894 996 895
3 895 996 997
3 895 997 896
3 896 997 998
3 896 998 897
3 897 998 999
3 897 999 898
3 898 999 1000
3 898 1000 899
3 899 1000 1001
3 899 1001 900
3 900 1001 1002
3 900 1002 901
3 901 1002 1003
3 901 1003 902
3 902 1003 1004
3 902 1004 903
3 903 1004 1005
3 903 1005 904
3 904 1005 1006
3 904 1006 905
3 905 1006 1007
3 905 1007 906
3 906 1007 1008
3 906 1008 907
3 907 1008 1009
3 907 1009 908
3 909 1010 1011
3 909 1011 910
3 910 1011 1012
3 910 1012 911
3 911 1012 1013
3 911 1013 912
3 912 1013 1014
3 912 1014 913
3 913 1014 1015
3 913 1015 914
3 914 1015 1016
3 914 1016 915
3 915 1016 1017
3 915 1017 916
3 916 1017 1018
3 916 1018 917
3 917 1018 1019
3 917 1019 918
3 918 1019 1020
3 918 1020 919
3 919 1020 1021
3 919 1021 920
3 920 1021 1022
3 920 1022 921
3 921 1022 1023
3 921 1023 922
3 922 1023 1024
3 922 1024 923
3 923 1024 1025
3 923 1025 924
3 924 1025 1026
3 924 1026 925
3 925 1026 1027
3 925 1027 926
3 926 1027 1028
3 926 1028 927
3 927 1028 1029
3 927 1029 928
3 928 1029 1030
3 928 1030 929
3 929 1030 1031
3 929 1031 930
3 930 1031 1032
3 930 1032 931
3 931 1032 1033
3 931 1033 932
3 932 1033 1034
3 932 1034 933
3 933 1034 1035
3 933 1035 934
3 934 1035 1036
3 934 1036 935
3 935 1036 1037
3 935 1037 936
3 936 1037 1038
3 936 1038 937
3 937 1038 1039
3 937 1039 938
3 938 1039 1040
3 938 1040 939
3 939 1040 1041
3 939 1041 940
3 940 1041 1042
3 940 1042 941
3 941 1042 1043
3 941 1043 942
3 942 1043 1044
3 942 1044 943
3 943 1044 1045
3 943 1045 944
3 944 1045 1046
3 944 1046 945
3 945 1046 1047
3 945 1047 946
3 946 1047 1048
3 946 1048 947
3 947 1048 1049
3 947 1049 948
3 948 1049 1050
3 948 1050 949
3 949 1050 1051
3 949 1051 950
3 950 1051 1052
3 950 1052 951
3 951 1052 1053
3 951 1053 952
3 952 1053 1054
3 952 1054 953
3 953 1054 1055
3 953 1055 954
3 954 1055 1056
3 954 1056 955
3 955 1056 1057
3 955 1057 956
3 956 1057 1058
3 956 1058 957
3 957 1058 1059
3 957 1059 958
3 958 1059 1060
3 958 1060 959
3 959 1060 1061
3 959 1061 960
3 960 1061 1062
3 960 1062 961
3 961 1062 1063
3 961 1063 962
3 962 1063 1064
3 962 1064 963
3 963 1064 1065
3 963 1065 964
3 964 1065 1066
3 964 1066 965
3 965 1066 1067
3 965 1067 966
3 966 1067 1068
3 966 1068 967
3 967 1068 1069
3 967 1069 968
3 968 1069 1070
3 968 1070 969
3 969 1070 1071
3 969 1071 970
3 970 1071 1072
3 970 1072 971
3 971 1072 1073
3 971 1073 972
3 972 1073 1074
3 972 1074 973
3 973 1074 1075
3 973 1075 974
3 974 1075 1076
3 974 1076 975
3 975 1076 1077
3 975 1077 976
3 976 1077 1078
3 976 1078 977
3 977 1078 1079
3 977 1079 978
3 978 1079 1080
3 978 1080 979
3 979 1080 1081
3 979 1081 980
3 980 1081 1082
3 980 1082 981
3 981 1082 1083
3 981 1083 982
3 982 1083 1084
3 982 1084 983
3 983 1084 1085
3 983 1085 984
3 984 1085 1086
3 984 1086 985
3 985 1086 1087
3 985 1087 986
3 986 1087 1088
3 986 1088 987
3 987 1088 1089
3 987 1089 988
3 988 1089 1090
3 988 1090 989
3 989 1090 1091
3 989 1091 990
3 990 1091 1092
3 990 1092 991
3 991 1092 1093
3 991 1093 992
3 992 1093 1094
3 992 1094 993
3 993 1094 1095
3 993 1095 994
3 994 1095 1096
3 994 1096 995
3 995 1096 1097
3 995 1097 996
3 996 1097 1098
3 996 1098 997
3 997 1098 1099
3 997 1099 998
3 998 1099 1100
3 998 1100 999
3 999 1100 1101
3 999 1101 1000
3 1000 1101 1102
3 1000 1102 1001
3 1001 1102 1103
3 1001 1103 1002
3 1002 1103 1104
3 1002 1104 1003
3 1003 1104 1105
3 1003 1105 1004
3 1004 1105 1106
3 1004 1106 1005
3 1005 1106 1107
3 1005 1107 1006
3 1006 1107 1108
3 1006 1108 1007
3 1007 1108 1109
3 1007 1109 1008
3 1008 1109 1110
3 1008 1110 1009
3 1010 1111 1112
3 1010 1112 1011
3 1011 1112 1113
3 1011 1113 1012
3 1012 1113 1114
3 1012 1114 1013
3 1013 1114 1115
3 1013 1115 1014
3 1014 1115 1116
3 1014 1116 1015
3 1015 1116 1117
3 1015 1117 1016
3 1016 1117 1118
3 1016 1118 1017
3 1017 1118 1119
3 1017 1119 1018
3 1018 1119 1120
3 1018 1120 1019
3 1019 1120 1121
3 1019 1121 1020
3 1020 1121 1122
3 1020 1122 1021
3 1021 1122 1123
3 1021 1123 1022
3 1022 1123 1124
3 1022 1124 1023
3 1023 1124 1125
3 1023 1125 1024
3 1024 1125 1126
3 1024 1126 1025
3 1025 1126 1127
3 1025 1127 1026
3 1026 1127 1128
3 1026 1128 1027
3 1027 1128 1129
3 1027 1129 1028
3 1028 1129 1130
3 1028 1130 1029
3 1029 1130 1131
3 1029 1131 1030
3 1030 1131 1132
3 1030 1132 1031
3 1031 1132 1133
3 1031 1133 1032
3 1032 1133 1134
3 1032 1134 1033
3 1033 1134 1135
3 1033 1135 1034
3 1034 1135 1136
3 1034 1136 1035
3 1035 1136 1137
3 1035 1137 1036
3 1036 1137 1138
3 1036 1138 1037
3 1037 1138 1139
3 1037 1139 1038
3 1038 1139 1140
3 1038 1140 1039
3 1039 1140 1141
3 1039 1141 1040
3 1040 1141 1142
3 1040 1142 1041
3 1041 1142 1143
3 1041 1143 1042
3 1042 1143 1144
3 1042 1144 1043
3 1043 1144 1145
3 1043 1145 1044
3 1044 1145 1146
3 1044 1146 1045
3 1045 1146 1147
3 1045 1147 1046
3 1046 1147 1148
3 1046 1148 1047
3 1047 1148 1149
3 1047 1149 1048
3 1048 1149 1150
3 1048 1150 1049
3 1049 1150 1151
3 1049 1151 1050
3 1050 1151 1152
3 1050 1152 1051
3 1051 1152 1153
3 1051 1153 1052
3 1052 1153 1154
3 1052 1154 1053
3 1053 1154 1155
3 1053 1155 1054
3 1054 1155 1156
3 1054 1156 1055
3 1055 1156 1157
3 1055 1157 1056
3 1056 1157 1158
3 1056 1158 1057
3 1057 1158 1159
3 1057 1159 1058
3 1058 1159 1160
3 1058 1160 1059
3 1059 1160 1161
3 1059 1161 1060
3 1060 1161 1162
3 1060 1162 1061
3 1061 1162 1163
3 1061 1163 1062
3 1062 1163 1164
3 1062 1164 1063
3 1063 1164 1165
3 1063 1165 1064
3 1064 1165 1166
3 1064 1166 1065
3 1065 1166 1167
3 1065 1167 1066
3 1066 1167 1168
3 1066 1168 1067
3 1067 1168 1169
3 1067 1169 1068
3 1068 1169 1170
3 1068 1170 1069
3 1069 1170 1171
3 1069 1171 1070
3 1070 1171 1172
3 1070 1172 1071
3 1071 1172 1173
3 1071 1173 1072
3 1072 1173 1174
3 1072 1174 1073
3 1073 1174 1175
3 1073 1175 1074
3 1074 1175 1176
3 1074 1176 1075
3 1075 1176 1177
3 1075 1177 1076
3 1076 1177 1178
3 1076 1178 1077
3 1077 1178 1179
3 1077 1179 1078
3 1078 1179 1180
3 1078 1180 1079
3 1079 1180 1181
3 1079 1181 1080
3 1080 1181 1182
3 1080 1182 1081
3 1081 1182 1183
3 1081 1183 1082
3 1082 1183 1184
3 1082 1184 1083
3 1083 1184 1185
3 1083 1185 1084
3 1084 1185 1186
3 1084 1186 1085
3 1085 1186 1187
3 1085 1187 1086
3 1086 1187 1188
3 1086 1188 1087
3 1087 1188 1189
3 1087 1189 1088
3 1088 1189 1190
3 1088 1190 1089
3 1089 1190 1191
3 1089 1191 1090
3 1090 1191 1192
3 1090 1192 1091
3 1091 1192 1193
3 1091 1193 1092
3 1092 1193 1194
3 1092 1194 1093
3 1093 1194 1195
3 1093 1195 1094
3 1094 1195 1196
3 1094 1196 1095
3 1095 1196 1197
3 1095 1197 1096
3 1096 1197 1198
3 1096 1198 1097
3 1097 1198 1199
3 1097 1199 1098
3 1098 1199 1200
3 1098 1200 1099
3 1099 1200 1201
3 1099 1201 1100
3 1100 1201 1202
3 1100 1202 1101
3 1101 1202 1203
3 1101 1203 1102
3 1102 1203 1204
3 1102 1204 1103
3 1103 1204 1205
3 1103 1205 1104
3 1104 1205 1206
3 1104 1206 1105
3 1105 1206 1207
3 1105 1207 1106
3 1106 1207 1208
3 1106 1208 1107
3 1107 1208 1209
3 1107 1209 1108
3 1108 1209 1210
3 1108 1210 1109
3 1109 1210 1211
3 1109 1211 1110
3 1111 1212 1213
3 1111 1213 1112
3 1112 1213 1214
3 1112 1214 1113
3 1113 1214 1215
3 1113 1215 1114
3 1114 1215 1216
3 1114 1216 1115
3 1115 1216 1217
3 1115 1217 1116
3 1116 1217 1218
3 1116 1218 1117
3 1117 1218 1219
3 1117 1219 1118
3 1118 1219 1220
3 1118 1220 1119
3 1119 1220 1221
3 1119 1221 1120
3 1120 1221 1222
3 1120 1222 1121
3 1121 1222 1223
3 1121 1223 1122
3 1122 1223 1224
3 1122 1224 1123
3 1123 1224 1225
3 1123 1225 1124
3 1124 1225 1226
3 1124 1226 1125
3 1125 1226 1227
3 1125 1227 1126
3 1126 1227 1228
3 1126 1228 1127
3 1127 1228 1229
3 1127 1229 1128
3 1128 1229 1230
3 1128 1230 1129
3 1129 1230 1231
3 1129 1231 1130
3 1130 1231 1232
3 1130 1232 1131
3 1131 1232 1233
3 1131 1233 1132
3 1132 1233 1234
3 1132 1234 1133
3 1133 1234 1235
3 1133 1235 1134
3 1134 1235 1236
3 1134 1236 1135
3 1135 1236 1237
3 1135 1237 1136
3 1136 1237 1238
3 1136 1238 1137
3 1137 1238 1239
3 1137 1239 1138
3 1138 1239 1240
3 1138 1240 1139
3 1139 1240 1241
3 1139 1241 1140
3 1140 1241 1242
3 1140 1242 1141
3 1141 1242 1243
3 1141 1243 1142
3 1142 1243 1244
3 1142 1244 1143
3 1143 1244 1245
3 1143 1245 1144
3 1144 1245 1246
3 1144 1246 1145
3 1145 1246 1247
3 1145 1247 1146
3 1146 1247 1248
3 1146 1248 1147
3 1147 1248 1249
3 1147 1249 1148
3 1148 1249 1250
3 1148 1250 1149
3 1149 1250 1251
3 1149 1251 1150
3 1150 1251 1252
3 1150 1252 1151
3 1151 1252 1253
3 1151 1253 1152
3 1152 1253 1254
3 1152 1254 1153
3 1153 1254 1255
3 1153 1255 1154
3 1154 1255 1256
3 1154 1256 1155
3 1155 1256 1257
3 1155 1257 1156
3 1156 1257 1258
3 1156 1258 1157
3 1157 1258 1259
3 1157 1259 1158
3 1158 1259 1260
3 1158 1260 1159
3 1159 1260 1261
3 1159 1261 1160
3 1160 1261 1262
3 1160 1262 1161
3 1161 1262 1263
3 1161 1263 1162
3 1162 1263 1264
3 1162 1264 1163
3 1163 1264 1265
3 1163 1265 1164
3 1164 1265 1266
3 1164 1266 1165
3 1165 1266 1267
3 1165 1267 1166
3 1166 1267 1268
3 1166 1268 1167
3 1167 1268 1269
3 1167 1269 1168
3 1168 1269 1270
3 1168 1270 1169
3 1169 1270 1271
3 1169 1271 1170
3 1170 1271 1272
3 1170 1272 1171
3 1171 1272 1273
3 1171 1273 1172
3 1172 1273 1274
3 1172 1274 1173
3 1173 1274 1275
3 1173 1275 1174
3 1174 1275 1276
3 1174 1276 1175
3 1175 1276 1277
3 1175 1277 1176
3 1176 1277 1278
3 1176 1278 1177
3 1177 1278 1279
3 1177 1279 1178
3 1178 1279 1280
3 1178 1280 1179
3 1179 1280 1281
3 1179 1281 1180
3 1180 1281 1282
3 1180 1282 1181
3 1181 1282 1283
3 1181 1283 1182
3 1182 1283 1284
3 1182 1284 1183
3 1183 1284 1285
3 1183 1285 1184
3 1184 1285 1286
3 1184 1286 1185
3 1185 1286 1287
3 1185 1287 1186
3 1186 1287 1288
3 1186 1288 1187
3 1187 1288 1289
3 1187 1289 1188
3 1188 1289 1290
3 1188 1290 1189
3 1189 1290 1291
3 1189 1291 1190
3 1190 1291 1292
3 1190 1292 1191
3 1191 1292 1293
3 1191 1293 1192
3 1192 1293 1294
3 1192 1294 1193
3 1193 1294 1295
3 1193 1295 1194
3 1194 1295 1296
3 1194 1296 1195
3 1195 1296 1297
3 1195 1297 1196
3 1196 1297 1298
3 1196 1298 1197
3 1197 1298 1299
3 1197 1299 1198
3 1198 1299 1300
3 1198 1300 1199
3 1199 1300 1301
3 1199 1301 1200
3 1200 1301 1302
3 1200 1302 1201
3 1201 1302 1303
3 1201 1303 1202
3 1202 1303 1304
3 1202 1304 1203
3 1203 1304 1305
3 1203 1305 1204
3 1204 1305 1306
3 1204 1306 1205
3 1205 1306 1307
3 1205 1307 1206
3 1206 1307 1308
3 1206 1308 1207
3 1207 1308 1309
3 1207 1309 1208
3 1208 1309 1310
3 1208 1310 1209
3 1209 1310 1311
3 1209 1311 1210
3 1210 1311 1312
3 1210 1312 1211
3 1212 1313 1314
3 1212 1314 1213
3 1213 1314 1315
3 1213 1315 1214
3 1214 1315 1316
3 1214 1316 1215
3 1215 1316 1317
3 1215 1317 1216
3 1216 1317 1318
3 1216 1318 1217
3 1217 1318 1319
3 1217 1319 1218
3 1218 1319 1320
3 1218 1320 1219
3 1219 1320 1321
3 1219 1321 1220
3 1220 1321 1322
3 1220 1322 1221
3 1221 1322 1323
3 1221 1323 1222
3 1222 1323 1324
3 1222 1324 1223
3 1223 1324 1325
3 1223 1325 1224
3 1224 1325 1326
3 1224 1326 1225
3 1225 1326 1327
3 1225 1327 1226
3 1226 1327 1328
3 1226 1328 1227
3 1227 1328 1329
3 1227 1329 1228
3 1228 1329 1330
3 1228 1330 1229
3 1229 1330 1331
3 1229 1331 1230
3 1230 1331 1332
3 1230 1332 1231
3 1231 1332 1333
3 1231 1333 1232
3 1232 1333 1334
3 1232 1334 1233
3 1233 1334 1335
3 1233 1335 1234
3 1234 1335 1336
3 1234 1336 1235
3 1235 1336 1337
3 1235 1337 1236
3 1236 1337 1338
3 1236 1338 1237
3 1237 1338 1339
3 1237 1339 1238
3 1238 1339 1340
3 1238 1340 1239
3 1239 1340 1341
3 1239 1341 1240
3 1240 1341 1342
3 1240 1342 1241
3 1241 1342 1343
3 1241 1343 1242
3 1242 1343 1344
3 1242 1344 1243
3 1243 1344 1345
3 1243 1345 1244
3 1244 1345 1346
3 1244 1346 1245
3 1245 1346 1347
3 1245 1347 1246
3 1246 1347 1348
3 1246 1348 1247
3 1247 1348 1349
3 1247 1349 1248
3 1248 1349 1350
3 1248 1350 1249
3 1249 1350 1351
3 1249 1351 1250
3 1250 1351 1352
3 1250 1352 1251
3 1251 1352 1353
3 1251 1353 1252
3 1252 1353 1354
3 1252 1354 1253
3 1253 1354 1355
3 1253 1355 1254
3 1254 1355 1356
3 1254 1356 1255
3 1255 1356 1357
3 1255 1357 1256
3 1256 1357 1358
3 1256 1358 1257
3 1257 1358 1359
3 1257 1359 1258
3 1258 1359 1360
3 1258 1360 1259
3 1259 1360 1361
3 1259 1361 1260
3 1260 1361 1362
3 1260 1362 1261
3 1261 1362 1363
3 1261 1363 1262
3 1262 1363 1364
3 1262 1364 1263
3 1263 1364 1365
3 1263 1365 1264
3 1264 1365 1366
3 1264 1366 1265
3 1265 1366 1367
3 1265 1367 1266
3 1266 1367 1368
3 1266 1368 1267
3 1267 1368 1369
3 1267 1369 1268
3 1268 1369 1370
3 1268 1370 1269
3 1269 1370 1371
3 1269 1371 1270
3 1270 1371 1372
3 1270 1372 1271
3 1271 1372 1373
3 1271 1373 1272
3 1272 1373 1374
3 1272 1374 1273
3 1273 1374 1375
3 1273 1375 1274
3 1274 1375 1376
3 1274 1376 1275
3 1275 1376 1377
3 1275 1377 1276
3 1276 1377 1378
3 1276 1378 1277
3 1277 1378 1379
3 1277 1379 1278
3 1278 1379 1380
3 1278 1380 1279
3 1279 1380 1381
3 1279 1381 1280
3 1280 1381 1382
3 1280 1382 1281
3 1281 1382 1383
3 1281 1383 1282
3 1282 1383 1384
3 1282 1384 1283
3 1283 1384 1385
3 1283 1385 1284
3 1284 1385 1386
3 1284 1386 1285
3 1285 1386 1387
3 1285 1387 1286
3 1286 1387 1388
3 1286 1388 1287
3 1287 1388 1389
3 1287 1389 1288
3 1288 1389 1390
3 1288 1390 1289
3 1289 1390 1391
3 1289 1391 1290
3 1290 1391 1392
3 1290 1392 1291
3 1291 1392 1393
3 1291 1393 1292
3 1292 1393 1394
3 1292 1394 1293
3 1293 1394 1395
3 1293 1395 1294
3 1294 1395 1396
3 1294 1396 1295
3 1295 1396 1397
3 1295 1397 1296
3 1296 1397 1398
3 1296 1398 1297
3 1297 1398 1399
3 1297 1399 1298
3 1298 1399 1400
3 1298 1400 1299
3 1299 1400 1401
3 1299 1401 1300
3 1300 1401 1402
3 1300 1402 1301
3 1301 1402 1403
3 1301 1403 1302
3 1302 1403 1404
3 1302 1404 1303
3 1303 1404 1405
3 1303 1405 1304
3 1304 1405 1406
3 1304 1406 1305
3 1305 1406 1407
3 1305 1407 1306
3 1306 1407 1408
3 1306 1408 1307
3 1307 1408 1409
3 1307 1409 1308
3 1308 1409 1410
3 1308 1410 1309
3 1309 1410 1411
3 1309 1411 1310
3 1310 1411 1412
3 1310 1412 1311
3 1311 1412 1413
3 1311 1413 1312
3 1313 1414 1415
3 1313 1415 1314
3 1314 1415 1416
3 1314 1416 1315
3 1315 1416 1417
3 1315 1417 1316
3 1316 1417 1418
3 1316 1418 1317
3 1317 1418 1419
3 1317 1419 1318
3 1318 1419 1420
3 1318 1420 1319
3 1319 1420 1421
3 1319 1421 1320
3 1320 1421 1422
3 1320 1422 1321
3 1321 1422 1423
3 1321 1423 1322
3 1322 1423 1424
3 1322 1424 1323
3 1323 1424 1425
3 1323 1425 1324
3 1324 1425 1426
3 1324 1426 1325
3 1325 1426 1427
3 1325 1427 1326
3 1326 1427 1428
3 1326 1428 1327
3 1327 1428 1429
3 1327 1429 1328
3 1328 1429 1430
3 1328 1430 1329
3 1329 1430 1431
3 1329 1431 1330
3 1330 1431 1432
3 1330 1432 1331
3 1331 1432 1433
3 1331 1433 1332
3 1332 1433 1434
3 1332 1434 1333
3 1333 1434 1435
3 1333 1435 1334
3 1334 1435 1436
3 1334 1436 1335
3 1335 1436 1437
3 1335 1437 1336
3 1336 1437 1438
3 1336 1438 1337
3 1337 1438 1439
3 1337 1439 1338
3 1338 1439 1440
3 1338 1440 1339
3 1339 1440 1441
3 1339 1441 1340
3 1340 1441 1442
3 1340 1442 1341
3 1341 1442 1443
3 1341 1443 1342
3 1342 1443 1444
3 1342 1444 1343
3 1343 1444 1445
3 1343 1445 1344
3 1344 1445 1446
3 1344 1446 1345
3 1345 1446 1447
3 1345 1447 1346
3 1346 1447 1448
3 1346 1448 1347
3 1347 1448 1449
3 1347 1449 1348
3 1348 1449 1450
3 1348 1450 1349
3 1349 1450 1451
3 1349 1451 1350
3 1350 1451 1452
3 1350 1452 1351
3 1351 1452 1453
3 1351 1453 1352
3 1352 1453 1454
3 1352 1454 1353
3 1353 1454 1455
3 1353 1455 1354
3 1354 1455 1456
3 1354 1456 1355
3 1355 1456 1457
3 1355 1457 1356
3 1356 1457 1458
3 1356 1458 1357
3 1357 1458 1459
3 1357 1459 1358
3 1358 1459 1460
3 1358 1460 1359
3 1359 1460 1461
3 1359 1461 1360
3 1360 1461 1462
3 1360 1462 1361
3 1361 1462 1463
3 1361 1463 1362
3 1362 1463 1464
3 1362 1464 1363
3 1363 1464 1465
3 1363 1465 1364
3 1364 1465 1466
3 1364 1466 1365
3 1365 1466 1467
3 1365 1467 1366
3 1366 1467 1468
3 1366 1468 1367
3 1367 1468 1469
3 1367 1469 1368
3 1368 1469 1470
3 1368 1470 1369
3 1369 1470 1471
3 1369 1471 1370
3 1370 1471 1472
3 1370 1472 1371
3 1371 1472 1473
3 1371 1473 1372
3 1372 1473 1474
3 1372 1474 1373
3 1373 1474 1475
3 1373 1475 1374
3 1374 1475 1476
3 1374 1476 1375
3 1375 1476 1477
3 1375 1477 1376
3 1376 1477 1478
3 1376 1478 1377
3 1377 1478 1479
3 1377 1479 1378
3 1378 1479 1480
3 1378 1480 1379
3 1379 1480 1481
3 1379 1481 1380
3 1380 1481 1482
3 1380 1482 1381
3 1381 1482 1483
3 1381 1483 1382
3 1382 1483 1484
3 1382 1484 1383
3 1383 1484 1485
3 1383 1485 1384
3 1384 1485 1486
3 1384 1486 1385
3 1385 1486 1487
3 1385 1487 1386
3 1386 1487 1488
3 1386 1488 1387
3 1387 1488 1489
3 1387 1489 1388
3 1388 1489 1490
3 1388 1490 1389
3 1389 1490 1491
3 1389 1491 1390
3 1390 1491 1492
3 1390 1492 1391
3 1391 1492 1493
3 1391 1493 1392
3 1392 1493 1494
3 1392 1494 1393
3 1393 1494 1495
3 1393 1495 1394
3 1394 1495 1496
3 1394 1496 1395
3 1395 1496 1497
3 1395 1497 1396
3 1396 1497 1498
3 1396 1498 1397
3 1397 1498 1499
3 1397 1499 1398
3 1398 1499 1500
3 1398 1500 1399
3 1399 1500 1501
3 1399 1501 1400
3 1400 1501 1502
3 1400 1502 1401
3 1401 1502 1503
3 1401 1503 1402
3 1402 1503 1504
3 1402 1504 1403
3 1403 1504 1505
3 1403 1505 1404
3 1404 1505 1506
3 1404 1506 1405
3 1405 1506 1507
3 1405 1507 1406
3 1406 1507 1508
3 1406 1508 1407
3 1407 1508 1509
3 1407 1509 1408
3 1408 1509 1510
3 1408 1510 1409
3 1409 1510 1511
3 1409 1511 1410
3 1410 1511 1512
3 1410 1512 1411
3 1411 1512 1513
3 1411 1513 1412
3 1412 1513 1514
3 1412 1514 1413
3 1414 1515 1516
3 1414 1516 1415
3 1415 1516 1517
3 1415 1517 1416
3 1416 1517 1518
3 1416 1518 1417
3 1417 1518 1519
3 1417 1519 1418
3 1418 1519 1520
3 1418 1520 1419
3 1419 1520 1521
3 1419 1521 1420
3 1420 1521 1522
3 1420 1522 1421
3 1421 1522 1523
3 1421 1523 1422
3 1422 1523 1524
3 1422 1524 1423
3 1423 1524 1525
3 1423 1525 1424
3 1424 1525 1526
3 1424 1526 1425
3 1425 1526 1527
3 1425 1527 1426
3 1426 1527 1528
3 1426 1528 1427
3 1427 1528 1529
3 1427 1529 1428
3 1428 1529 1530
3 1428 1530 1429
3 1429 1530 1531
3 1429 1531 1430
3 1430 1531 1532
3 1430 1532 1431
3 1431 1532 1533
3 1431 1533 1432
3 1432 1533 1534
3 1432 1534 1433
3 1433 1534 1535
3 1433 1535 1434
3 1434 1535 1536
3 1434 1536 1435
3 1435 1536 1537
3 1435 1537 1436
3 1436 1537 1538
3 1436 1538 1437
3 1437 1538 1539
3 1437 1539 1438
3 1438 1539 1540
3 1438 1540 1439
3 1439 1540 1541
3 1439 1541 1440
3 1440 1541 1542
3 1440 1542 1441
3 1441 1542 1543
3 1441 1543 1442
3 1442 1543 1544
3 1442 1544 1443
3 1443 1544 1545
3 1443 1545 1444
3 1444 1545 1546
3 1444 1546 1445
3 1445 1546 1547
3 1445 1547 1446
3 1446 1547 1548
3 1446 1548 1447
3 1447 1548 1549
3 1447 1549 1448
3 1448 1549 1550
3 1448 1550 1449
3 1449 1550 1551
3 1449 1551 1450
3 1450 1551 1552
3 1450 1552 1451
3 1451 1552 1553
3 1451 1553 1452
3 1452 1553 1554
3 1452 1554 1453
3 1453 1554 1555
3 1453 1555 1454
3 1454 1555 1556
3 1454 1556 1455
3 1455 1556 1557
3 1455 1557 1456
3 1456 1557 1558
3 1456 1558 1457
3 1457 1558 1559
3 1457 1559 1458
3 1458 1559 1560
3 1458 1560 1459
3 1459 1560 1561
3 1459 1561 1460
3 1460 1561 1562
3 1460 1562 1461
3 1461 1562 1563
3 1461 1563 1462
3 1462 1563 1564
3 1462 1564 1463
3 1463 1564 1565
3 1463 1565 1464
3 1464 1565 1566
3 1464 1566 1465
3 1465 1566 1567
3 1465 1567 1466
3 1466 1567 1568
3 1466 1568 1467
3 1467 1568 1569
3 1467 1569 1468
3 1468 1569 1570
3 1468 1570 1469
3 1469 1570 1571
3 1469 1571 1470
3 1470 1571 1572
3 1470 1572 1471
3 1471 1572 1573
3 1471 1573 1472
3 1472 1573 1574
3 1472 1574 1473
3 1473 1574 1575
3 1473 1575 1474
3 1474 1575 1576
3 1474 1576 1475
3 1475 1576 1577
3 1475 1577 1476
3 1476 1577 1578
3 1476 1578 1477
3 1477 1578 1579
3 1477 1579 1478
3 1478 1579 1580
3 1478 1580 1479
3 1479 1580 1581
3 1479 1581 1480
3 1480 1581 1582
3 1480 1582 1481
3 1481 1582 1583
3 1481 1583 1482
3 1482 1583 1584
3 1482 1584 1483
3 1483 1584 1585
3 1483 1585 1484
3 1484 1585 1586
3 1484 1586 1485
3 1485 1586 1587
3 1485 1587 1486
3 1486 1587 1588
3 1486 1588 1487
3 1487 1588 1589
3 1487 1589 1488
3 1488 1589 1590
3 1488 1590 1489
3 1489 1590 1591
3 1489 1591 1490
3 1490 1591 1592
3 1490 1592 1491
3 1491 1592 1593
3 1491 1593 1492
3 1492 1593 1594
3 1492 1594 1493
3 1493 1594 1595
3 1493 1595 1494
3 1494 1595 1596
3 1494 1596 1495
3 1495 1596 1597
3 1495 1597 1496
3 1496 1597 1598
3 1496 1598 1497
3 1497 1598 1599
3 1497 1599 1498
3 1498 1599 1600
3 1498 1600 1499
3 1499 1600 1601
3 1499 1601 1500
3 1500 1601 1602
3 1500 1602 1501
3 1501 1602 1603
3 1501 1603 1502
3 1502 1603 1604
3 1502 1604 1503
3 1503 1604 1605
3 1503 1605 1504
3 1504 1605 1606
3 1504 1606 1505
3 1505 1606 1607
3 1505 1607 1506
3 1506 1607 1608
3 1506 1608 1507
3 1507 1608 1609
3 1507 1609 1508
3 1508 1609 1610
3 1508 1610 1509
3 1509 1610 1611
3 1509 1611 1510
3 1510 1611 1612
3 1510 1612 1511
3 1511 1612 1613
3 1511 1613 1512
3 1512 1613 1614
3 1512 1614 1513
3 1513 1614 1615
3 1513 1615 1514
3 1515 1616 1617
3 1515 1617 1516
3 1516 1617 1618
3 1516 1618 1517
3 1517 1618 1619
3 1517 1619 1518
3 1518 1619 1620
3 1518 1620 1519
3 1519 1620 1621
3 1519 1621 1520
3 1520 1621 1622
3 1520 1622 1521
3 1521 1622 1623
3 1521 1623 1522
3 1522 1623 1624
3 1522 1624 1523
3 1523 1624 1625
3 1523 1625 1524
3 1524 1625 1626
3 1524 1626 1525
3 1525 1626 1627
3 1525 1627 1526
3 1526 1627 1628
3 1526 1628 1527
3 1527 1628 1629
3 1527 1629 1528
3 1528 1629 1630
3 1528 1630 1529
3 1529 1630 1631
3 1529 1631 1530
3 1530 1631 1632
3 1530 1632 1531
3 1531 1632 1633
3 1531 1633 1532
3 1532 1633 1634
3 1532 1634 1533
3 1533 1634 1635
3 1533 1635 1534
3 1534 1635 1636
3 1534 1636 1535
3 1535 1636 1637
3 1535 1637 1536
3 1536 1637 1638
3 1536 1638 1537
3 1537 1638 1639
3 1537 1639 1538
3 1538 1639 1640
3 1538 1640 1539
3 1539 1640 1641
3 1539 1641 1540
3 1540 1641 1642
3 1540 1642 1541
3 1541 1642 1643
3 1541 1643 1542
3 1542 1643 1644
3 1542 1644 1543
3 1543 1644 1645
3 1543 1645 1544
3 1544 1645 1646
3 1544 1646 1545
3 1545 1646 1647
3 1545 1647 1546
3 1546 1647 1648
3 1546 1648 1547
3 1547 1648 1649
3 1547 1649 1548
3 1548 1649 1650
3 1548 1650 1549
3 1549 1650 1651
3 1549 1651 1550
3 1550 1651 1652
3 1550 1652 1551
3 1551 1652 1653
3 1551 1653 1552
3 1552 1653 1654
3 1552 1654 1553
3 1553 1654 1655
3 1553 1655 1554
3 1554 1655 1656
3 1554 1656 1555
3 1555 1656 1657
3 1555 1657 1556
3 1556 1657 1658
3 1556 1658 1557
3 1557 1658 1659
3 1557 1659 1558
3 1558 1659 1660
3 1558 1660 1559
3 1559 1660 1661
3 1559 1661 1560
3 1560 1661 1662
3 1560 1662 1561
3 1561 1662 1663
3 1561 1663 1562
3 1562 1663 1664
3 1562 1664 1563
3 1563 1664 1665
3 1563 1665 1564
3 1564 1665 1666
3 1564 1666 1565
3 1565 1666 1667
3 1565 1667 1566
3 1566 1667 1668
3 1566 1668 1567
3 1567 1668 1669
3 1567 1669 1568
3 1568 1669 1670
3 1568 1670 1569
3 1569 1670 1671
3 1569 1671 1570
3 1570 1671 1672
3 1570 1672 1571
3 1571 1672 1673
3 1571 1673 1572
3 1572 1673 1674
3 1572 1674 1573
3 1573 1674 1675
3 1573 1675 1574
3 1574 1675 1676
3 1574 1676 1575
3 1575 1676 1677
3 1575 1677 1576
3 1576 1677 1678
3 1576 1678 1577
3 1577 1678 1679
3 1577 1679 1578
3 1578 1679 1680
3 1578 1680 1579
3 1579 1680 1681
3 1579 1681 1580
3 1580 1681 1682
3 1580 1682 1581
3 1581 1682 1683
3 1581 1683 1582
3 1582 1683 1684
3 1582 1684 1583
3 1583 1684 1685
3 1583 1685 1584
3 1584 1685 1686
3 1584 1686 1585
3 1585 1686 1687
3 1585 1687 1586
3 1586 1687 1688
3 1586 1688 1587
3 1587 1688 1689
3 1587 1689 1588
3 1588 1689 1690
3 1588 1690 1589
3 1589 1690 1691
3 1589 1691 1590
3 1590 1691 1692
3 1590 1692 1591
3 1591 1692 1693
3 1591 1693 1592
3 1592 1693 1694
3 1592 1694 1593
3 1593 1694 1695
3 1593 1695 1594
3 1594 1695 1696
3 1594 1696 1595
3 1595 1696 1697
3 1595 1697 1596
3 1596 1697 1698
3 1596 1698 1597
3 1597 1698 1699
3 1597 1699 1598
3 1598 1699 1700
3 1598 1700 1599
3 1599 1700 1701
3 1599 1701 1600
3 1600 1701 1702
3 1600 1702 1601
3 1601 1702 1703
3 1601 1703 1602
3 1602 1703 1704
3 1602 1704 1603
3 1603 1704 1705
3 1603 1705 1604
3 1604 1705 1706
3 1604 1706 1605
3 1605 1706 1707
3 1605 1707 1606
3 1606 1707 1708
3 1606 1708 1607
3 1607 1708 1709
3 1607 1709 1608
3 1608 1709 1710
3 1608 1710 1609
3 1609 1710 1711
3 1609 1711 1610
3 1610 1711 1712
3 1610 1712 1611
3 1611 1712 1713
3 1611 1713 1612
3 1612 1713 1714
3 1612 1714 1613
3 1613 1714 1715
3 1613 1715 1614
3 1614 1715 1716
3 1614 1716 1615
3 1616 1717 1718
3 1616 1718 1617
3 1617 1718 1719
3 1617 1719 1618
3 1618 1719 1720
3 1618 1720 1619
3 1619 1720 1721
3 1619 1721 1620
3 1620 1721 1722
3 1620 1722 1621
3 1621 1722 1723
3 1621 1723 1622
3 1622 1723 1724
3 1622 1724 1623
3 1623 1724 1725
3 1623 1725 1624
3 1624 1725 1726
3 1624 1726 1625
3 1625 1726 1727
3 1625 1727 1626
3 1626 1727 1728
3 1626 1728 1627
3 1627 1728 1729
3 1627 1729 1628
3 1628 1729 1730
3 1628 1730 1629
3 1629 1730 1731
3 1629 1731 1630
3 1630 1731 1732
3 1630 1732 1631
3 1631 1732 1733
3 1631 1733 1632
3 1632 1733 1734
3 1632 1734 1633
3 1633 1734 1735
3 1633 1735 1634
3 1634 1735 1736
3 1634 1736 1635
3 1635 1736 1737
3 1635 1737 1636
3 1636 1737 1738
3 1636 1738 1637
3 1637 1738 1739
3 1637 1739 1638
3 1638 1739 1740
3 1638 1740 1639
3 1639 1740 1741
3 1639 1741 1640
3 1640 1741 1742
3 1640 1742 1641
3 1641 1742 1743
3 1641 1743 1642
3 1642 1743 1744
3 1642 1744 1643
3 1643 1744 1745
3 1643 1745 1644
3 1644 1745 1746
3 1644 1746 1645
3 1645 1746 1747
3 1645 1747 1646
3 1646 1747 1748
3 1646 1748 1647
3 1647 1748 1749
3 1647 1749 1648
3 1648 1749 1750
3 1648 1750 1649
3 1649 1750 1751
3 1649 1751 1650
3 1650 1751 1752
3 1650 1752 1651
3 1651 1752 1753
3 1651 1753 1652
3 1652 1753 1754
3 1652 1754 1653
3 1653 1754 1755
3 1653 1755 1654
3 1654 1755 1756
3 1654 1756 1655
3 1655 1756 1757
3 1655 1757 1656
3 1656 1757 1758
3 1656 1758 1657
3 1657 1758 1759
3 1657 1759 1658
3 1658 1759 1760
3 1658 1760 1659
3 1659 1760 1761
3 1659 1761 1660
3 1660 1761 1762
3 1660 1762 1661
3 1661 1762 1763
3 1661 1763 1662
3 1662 1763 1764
3 1662 1764 1663
3 1663 1764 1765
3 1663 1765 1664
3 1664 1765 1766
3 1664 1766 1665
3 1665 1766 1767
3 1665 1767 1666
3 1666 1767 1768
3 1666 1768 1667
3 1667 1768 1769
3 1667 1769 1668
3 1668 1769 1770
3 1668 1770 1669
3 1669 1770 1771
3 1669 1771 1670
3 1670 1771 1772
3 1670 1772 1671
3 1671 1772 1773
3 1671 1773 1672
3 1672 1773 1774
3 1672 1774 1673
3 1673 1774 1775
3 1673 1775 1674
3 1674 1775 1776
3 1674 1776 1675
3 1675 1776 1777
3 1675 1777 1676
3 1676 1777 1778
3 1676 1778 1677
3 1677 1778 1779
3 1677 1779 1678
3 1678 1779 1780
3 1678 1780 1679
3 1679 1780 1781
3 1679 1781 1680
3 1680 1781 1782
3 1680 1782 1681
3 1681 1782 1783
3 1681 1783 1682
3 1682 1783 1784
3 1682 1784 1683
3 1683 1784 1785
3 1683 1785 1684
3 1684 1785 1786
3 1684 1786 1685
3 1685 1786 1787
3 1685 1787 1686
3 1686 1787 1788
3 1686 1788 1687
3 1687 1788 1789
3 1687 1789 1688
3 1688 1789 1790
3 1688 1790 1689
3 1689 1790 1791
3 1689 1791 1690
3 1690 1791 1792
3 1690 1792 1691
3 1691 1792 1793
3 1691 1793 1692
3 1692 1793 1794
3 1692 1794 1693
3 1693 1794 1795
3 1693 1795 1694
3 1694 1795 1796
3 1694 1796 1695
3 1695 1796 1797
3 1695 1797 1696
3 1696 1797 1798
3 1696 1798 1697
3 1697 1798 1799
3 1697 1799 1698
3 1698 1799 1800
3 1698 1800 1699
3 1699 1800 1801
3 1699 1801 1700
3 1700 1801 1802
3 1700 1802 1701
3 1701 1802 1803
3 1701 1803 1702
3 1702 1803 1804
3 1702 1804 1703
3 1703 1804 1805
3 1703 1805 1704
3 1704 1805 1806
3 1704 1806 1705
3 1705 1806 1807
3 1705 1807 1706
3 1706 1807 1808
3 1706 1808 1707
3 1707 1808 1809
3 1707 1809 1708
3 1708 1809 1810
3 1708 1810 1709
3 1709 1810 1811
3 1709 1811 1710
3 1710 1811 1812
3 1710 1812 1711
3 1711 1812 1813
3 1711 1813 1712
3 1712 1813 1814
3 1712 1814 1713
3 1713 1814 1815
3 1713 1815 1714
3 1714 1815 1816
3 1714 1816 1715
3 1715 1816 1817
3 1715 1817 1716
3 1717 1818 1819
3 1717 1819 1718
3 1718 1819 1820
3 1718 1820 1719
3 1719 1820 1821
3 1719 1821 1720
3 1720 1821 1822
3 1720 1822 1721
3 1721 1822 1823
3 1721 1823 1722
3 1722 1823 1824
3 1722 1824 1723
3 1723 1824 1825
3 1723 1825 1724
3 1724 1825 1826
3 1724 1826 1725
3 1725 1826 1827
3 1725 1827 1726
3 1726 1827 1828
3 1726 1828 1727
3 1727 1828 1829
3 1727 1829 1728
3 1728 1829 1830
3 1728 1830 1729
3 1729 1830 1831
3 1729 1831 1730
3 1730 1831 1832
3 1730 1832 1731
3 1731 1832 1833
3 1731 1833 1732
3 1732 1833 1834
3 1732 1834 1733
3 1733 1834 1835
3 1733 1835 1734
3 1734 1835 1836
3 1734 1836 1735
3 1735 1836 1837
3 1735 1837 1736
3 1736 1837 1838
3 1736 1838 1737
3 1737 1838 1839
3 1737 1839 1738
3 1738 1839 1840
3 1738 1840 1739
3 1739 1840 1841
3 1739 1841 1740
3 1740 1841 1842
3 1740 1842 1741
3 1741 1842 1843
3 1741 1843 1742
3 1742 1843 1844
3 1742 1844 1743
3 1743 1844 1845
3 1743 1845 1744
3 1744 1845 1846
3 1744 1846 1745
3 1745 1846 1847
3 1745 1847 1746
3 1746 1847 1848
3 1746 1848 1747
3 1747 1848 1849
3 1747 1849 1748
3 1748 1849 1850
3 1748 1850 1749
3 1749 1850 1851
3 1749 1851 1750
3 1750 1851 1852
3 1750 1852 1751
3 1751 1852 1853
3 1751 1853 1752
3 1752 1853 1854
3 1752 1854 1753
3 1753 1854 1855
3 1753 1855 1754
3 1754 1855 1856
3 1754 1856 1755
3 1755 1856 1857
3 1755 1857 1756
3 1756 1857 1858
3 1756 1858 1757
3 1757 1858 1859
3 1757 1859 1758
3 1758 1859 1860
3 1758 1860 1759
3 1759 1860 1861
3 1759 1861 1760
3 1760 1861 1862
3 1760 1862 1761
3 1761 1862 1863
3 1761 1863 1762
3 1762 1863 1864
3 1762 1864 1763
3 1763 1864 1865
3 1763 1865 1764
3 1764 1865 1866
3 1764 1866 1765
3 1765 1866 1867
3 1765 1867 1766
3 1766 1867 1868
3 1766 1868 1767
3 1767 1868 1869
3 1767 1869 1768
3 1768 1869 1870
3 1768 1870 1769
3 1769 1870 1871
3 1769 1871 1770
3 1770 1871 1872
3 1770 1872 1771
3 1771 1872 1873
3 1771 1873 1772
3 1772 1873 1874
3 1772 1874 1773
3 1773 1874 1875
3 1773 1875 1774
3 1774 1875 1876
3 1774 1876 1775
3 1775 1876 1877
3 1775 1877 1776
3 1776 1877 1878
3 1776 1878 1777
3 1777 1878 1879
3 1777 1879 1778
3 1778 1879 1880
3 1778 1880 1779
3 1779 1880 1881
3 1779 1881 1780
3 1780 1881 1882
3 1780 1882 1781
3 1781 1882 1883
3 1781 1883 1782
3 1782 1883 1884
3 1782 1884 1783
3 1783 1884 1885
3 1783 1885 1784
3 1784 1885 1886
3 1784 1886 1785
3 1785 1886 1887
3 1785 1887 1786
3 1786 1887 1888
3 1786 1888 1787
3 1787 1888 1889
3 1787 1889 1788
3 1788 1889 1890
3 1788 1890 1789
3 1789 1890 1891
3 1789 1891 1790
3 1790 1891 1892
3 1790 1892 1791
3 1791 1892 1893
3 1791 1893 1792
3 1792 1893 1894
3 1792 1894 1793
3 1793 1894 1895
3 1793 1895 1794
3 1794 1895 1896
3 1794 1896 1795
3 1795 1896 1897
3 1795 1897 1796
3 1796 1897 1898
3 1796 1898 1797
3 1797 1898 1899
3 1797 1899 1798
3 1798 1899 1900
3 1798 1900 1799
3 1799 1900 1901
3 1799 1901 1800
3 1800 1901 1902
3 1800 1902 1801
3 1801 1902 1903
3 1801 1903 1802
3 1802 1903 1904
3 1802 1904 1803
3 1803 1904 1905
3 1803 1905 1804
3 1804 1905 1906
3 1804 1906 1805
3 1805 1906 1907
3 1805 1907 1806
3 1806 1907 1908
3 1806 1908 1807
3 1807 1908 1909
3 1807 1909 1808
3 1808 1909 1910
3 1808 1910 1809
3 1809 1910 1911
3 1809 1911 1810
3 1810 1911 1912
3 1810 1912 1811
3 1811 1912 1913
3 1811 1913 1812
3 1812 1913 1914
3 1812 1914 1813
3 1813 1914 1915
3 1813 1915 1814
3 1814 1915 1916
3 1814 1916 1815
3 1815 1916 1917
3 1815 1917 1816
3 1816 1917 1918
3 1816 1918 1817
3 1818 1919 1920
3 1818 1920 1819
3 1819 1920 1921
3 1819 1921 1820
3 1820 1921 1922
3 1820 1922 1821
3 1821 1922 1923
3 1821 1923 1822
3 1822 1923 1924
3 1822 1924 1823
3 1823 1924 1925
3 1823 1925 1824
3 1824 1925 1926
3 1824 1926 1825
3 1825 1926 1927
3 1825 1927 1826
3 1826 1927 1928
3 1826 1928 1827
3 1827 1928 1929
3 1827 1929 1828
3 1828 1929 1930
3 1828 1930 1829
3 1829 1930 1931
3 1829 1931 1830
3 1830 1931 1932
3 1830 1932 1831
3 1831 1932 1933
3 1831 1933 1832
3 1832 1933 1934
3 1832 1934 1833
3 1833 1934 1935
3 1833 1935 1834
3 1834 1935 1936
3 1834 1936 1835
3 1835 1936 1937
3 1835 1937 1836
3 1836 1937 1938
3 1836 1938 1837
3 1837 1938 1939
3 1837 1939 1838
3 1838 1939 1940
3 1838 1940 1839
3 1839 1940 1941
3 1839 1941 1840
3 1840 1941 1942
3 1840 1942 1841
3 1841 1942 1943
3 1841 1943 1842
3 1842 1943 1944
3 1842 1944 1843
3 1843 1944 1945
3 1843 1945 1844
3 1844 1945 1946
3 1844 1946 1845
3 1845 1946 1947
3 1845 1947 1846
3 1846 1947 1948
3 1846 1948 1847
3 1847 1948 1949
3 1847 1949 1848
3 1848 1949 1950
3 1848 1950 1849
3 1849 1950 1951
3 1849 1951 1850
3 1850 1951 1952
3 1850 1952 1851
3 1851 1952 1953
3 1851 1953 1852
3 1852 1953 1954
3 1852 1954 1853
3 1853 1954 1955
3 1853 1955 1854
3 1854 1955 1956
3 1854 1956 1855
3 1855 1956 1957
3 1855 1957 1856
3 1856 1957 1958
3 1856 1958 1857
3 1857 1958 1959
3 1857 1959 1858
3 1858 1959 1960
3 1858 1960 1859
3 1859 1960 1961
3 1859 1961 1860
3 1860 1961 1962
3 1860 1962 1861
3 1861 1962 1963
3 1861 1963 1862
3 1862 1963 1964
3 1862 1964 1863
3 1863 1964 1965
3 1863 1965 1864
3 1864 1965 1966
3 1864 1966 1865
3 1865 1966 1967
3 1865 1967 1866
3 1866 1967 1968
3 1866 1968 1867
3 1867 1968 1969
3 1867 1969 1868
3 1868 1969 1970
3 1868 1970 1869
3 1869 1970 1971
3 1869 1971 1870
3 1870 1971 1972
3 1870 1972 1871
3 1871 1972 1973
3 1871 1973 1872
3 1872 1973 1974
3 1872 1974 1873
3 1873 1974 1975
3 1873 1975 1874
3 1874 1975 1976
3 1874 1976 1875
3 1875 1976 1977
3 1875 1977 1876
3 1876 1977 1978
3 1876 1978 1877
3 1877 1978 1979
3 1877 1979 1878
3 1878 1979 1980
3 1878 1980 1879
3 1879 1980 1981
3 1879 1981 1880
3 1880 1981 1982
3 1880 1982 1881
3 1881 1982 1983
3 1881 1983 1882
3 1882 1983 1984
3 1882 1984 1883
3 1883 1984 1985
3 1883 1985 1884
3 1884 1985 1986
3 1884 1986 1885
3 1885 1986 1987
3 1885 1987 1886
3 1886 1987 1988
3 1886 1988 1887
3 1887 1988 1989
3 1887 1989 1888
3 1888 1989 1990
3 1888 1990 1889
3 1889 1990 1991
3 1889 1991 1890
3 1890 1991 1992
3 1890 1992 1891
3 1891 1992 1993
3 1891 1993 1892
3 1892 1993 1994
3 1892 1994 1893
3 1893 1994 1995
3 1893 1995 1894
3 1894 1995 1996
3 1894 1996 1895
3 1895 1996 1997
3 1895 1997 1896
3 1896 1997 1998
3 1896 1998 1897
3 1897 1998 1999
3 1897 1999 1898
3 1898 1999 2000
3 1898 2000 1899
3 1899 2000 2001
3 1899 2001 1900
3 1900 2001 2002
3 1900 2002 1901
3 1901 2002 2003
3 1901 2003 1902
3 1902 2003 2004
3 1902 2004 1903
3 1903 2004 2005
3 1903 2005 1904
3 1904 2005 2006
3 1904 2006 1905
3 1905 2006 2007
3 1905 2007 1906
3 1906 2007 2008
3 1906 2008 1907
3 1907 2008 2009
3 1907 2009 1908
3 1908 2009 2010
3 1908 2010 1909
3 1909 2010 2011
3 1909 2011 1910
3 1910 2011 2012
3 1910 2012 1911
3 1911 2012 2013
3 1911 2013 1912
3 1912 2013 2014
3 1912 2014 1913
3 1913 2014 2015
3 1913 2015 1914
3 1914 2015 2016
3 1914 2016 1915
3 1915 2016 2017
3 1915 2017 1916
3 1916 2017 2018
3 1916 2018 1917
3 1917 2018 2019
3 1917 2019 1918
3 1919 2020 2021
3 1919 2021 1920
3 1920 2021 2022
3 1920 2022 1921
3 1921 2022 2023
3 1921 2023 1922
3 1922 2023 2024
3 1922 2024 1923
3 1923 2024 2025
3 1923 2025 1924
3 1924 2025 2026
3 1924 2026 1925
3 1925 2026 2027
3 1925 2027 1926
3 1926 2027 2028
3 1926 2028 1927
3 1927 2028 2029
3 1927 2029 1928
3 1928 2029 2030
3 1928 2030 1929
3 1929 2030 2031
3 1929 2031 1930
3 1930 2031 2032
3 1930 2032 1931
3 1931 2032 2033
3 1931 2033 1932
3 1932 2033 2034
3 1932 2034 1933
3 1933 2034 2035
3 1933 2035 1934
3 1934 2035 2036
3 1934 2036 1935
3 1935 2036 2037
3 1935 2037 1936
3 1936 2037 2038
3 1936 2038 1937
3 1937 2038 2039
3 1937 2039 1938
3 1938 2039 2040
3 1938 2040 1939
3 1939 2040 2041
3 1939 2041 1940
3 1940 2041 2042
3 1940 2042 1941
3 1941 2042 2043
3 1941 2043 1942
3 1942 2043 2044
3 1942 2044 1943
3 1943 2044 2045
3 1943 2045 1944
3 1944 2045 2046
3 1944 2046 1945
3 1945 2046 2047
3 1945 2047 1946
3 1946 2047 2048
3 1946 2048 1947
3 1947 2048 2049
3 1947 2049 1948
3 1948 2049 2050
3 1948 2050 1949
3 1949 2050 2051
3 1949 2051 1950
3 1950 2051 2052
3 1950 2052 1951
3 1951 2052 2053
3 1951 2053 1952
3 1952 2053 2054
3 1952 2054 1953
3 1953 2054 2055
3 1953 2055 1954
3 1954 2055 2056
3 1954 2056 1955
3 1955 2056 2057
3 1955 2057 1956
3 1956 2057 2058
3 1956 2058 1957
3 1957 2058 2059
3 1957 2059 1958
3 1958 2059 2060
3 1958 2060 1959
3 1959 2060 2061
3 1959 2061 1960
3 1960 2061 2062
3 1960 2062 1961
3 1961 2062 2063
3 1961 2063 1962
3 1962 2063 2064
3 1962 2064 1963
3 1963 2064 2065
3 1963 2065 1964
3 1964 2065 2066
3 1964 2066 1965
3 1965 2066 2067
3 1965 2067 1966
3 1966 2067 2068
3 1966 2068 1967
3 1967 2068 2069
3 1967 2069 1968
3 1968 2069 2070
3 1968 2070 1969
3 1969 2070 2071
3 1969 2071 1970
3 1970 2071 2072
3 1970 2072 1971
3 1971 2072 2073
3 1971 2073 1972
3 1972 2073 2074
3 1972 2074 1973
3 1973 2074 2075
3 1973 2075 1974
3 1974 2075 2076
3 1974 2076 1975
3 1975 2076 2077
3 1975 2077 1976
3 1976 2077 2078
3 1976 2078 1977
3 1977 2078 2079
3 1977 2079 1978
3 1978 2079 2080
3 1978 2080 1979
3 1979 2080 2081
3 1979 2081 1980
3 1980 2081 2082
3 1980 2082 1981
3 1981 2082 2083
3 1981 2083 1982
3 1982 2083 2084
3 1982 2084 1983
3 1983 2084 2085
3 1983 2085 1984
3 1984 2085 2086
3 1984 2086 1985
3 1985 2086 2087
3 1985 2087 1986
3 1986 2087 2088
3 1986 2088 1987
3 1987 2088 2089
3 1987 2089 1988
3 1988 2089 2090
3 1988 2090 1989
3 1989 2090 2091
3 1989 2091 1990
3 1990 2091 2092
3 1990 2092 1991
3 1991 2092 2093
3 1991 2093 1992
3 1992 2093 2094
3 1992 2094 1993
3 1993 2094 2095
3 1993 2095 1994
3 1994 2095 2096
3 1994 2096 1995
3 1995 2096 2097
3 1995 2097 1996
3 1996 2097 2098
3 1996 2098 1997
3 1997 2098 2099
3 1997 2099 1998
3 1998 2099 2100
3 1998 2100 1999
3 1999 2100 2101
3 1999 2101 2000
3 2000 2101 2102
3 2000 2102 2001
3 2001 2102 2103
3 2001 2103 2002
3 2002 2103 2104
3 2002 2104 2003
3 2003 2104 2105
3 2003 2105 2004
3 2004 2105 2106
3 2004 2106 2005
3 2005 2106 2107
3 2005 2107 2006
3 2006 2107 2108
3 2006 2108 2007
3 2007 2108 2109
3 2007 2109 2008
3 2008 2109 2110
3 2008 2110 2009
3 2009 2110 2111
3 2009 2111 2010
3 2010 2111 2112
3 2010 2112 2011
3 2011 2112 2113
3 2011 2113 2012
3 2012 2113 2114
3 2012 2114 2013
3 2013 2114 2115
3 2013 2115 2014
3 2014 2115 2116
3 2014 2116 2015
3 2015 2116 2117
3 2015 2117 2016
3 2016 2117 2118
3 2016 2118 2017
3 2017 2118 2119
3 2017 2119 2018
3 2018 2119 2120
3 2018 2120 2019
3 2020 2121 2122
3 2020 2122 2021
3 2021 2122 2123
3 2021 2123 2022
3 2022 2123 2124
3 2022 2124 2023
3 2023 2124 2125
3 2023 2125 2024
3 2024 2125 2126
3 2024 2126 2025
3 2025 2126 2127
3 2025 2127 2026
3 2026 2127 2128
3 2026 2128 2027
3 2027 2128 2129
3 2027 2129 2028
3 2028 2129 2130
3 2028 2130 2029
3 2029 2130 2131
3 2029 2131 2030
3 2030 2131 2132
3 2030 2132 2031
3 2031 2132 2133
3 2031 2133 2032
3 2032 2133 2134
3 2032 2134 2033
3 2033 2134 2135
3 2033 2135 2034
3 2034 2135 2136
3 2034 2136 2035
3 2035 2136 2137
3 2035 2137 2036
3 2036 2137 2138
3 2036 2138 2037
3 2037 2138 2139
3 2037 2139 2038
3 2038 2139 2140
3 2038 2140 2039
3 2039 2140 2141
3 2039 2141 2040
3 2040 2141 2142
3 2040 2142 2041
3 2041 2142 2143
3 2041 2143 2042
3 2042 2143 2144
3 2042 2144 2043
3 2043 2144 2145
3 2043 2145 2044
3 2044 2145 2146
3 2044 2146 2045
3 2045 2146 2147
3 2045 2147 2046
3 2046 2147 2148
3 2046 2148 2047
3 2047 2148 2149
3 2047 2149 2048
3 2048 2149 2150
3 2048 2150 2049
3 2049 2150 2151
3 2049 2151 2050
3 2050 2151 2152
3 2050 2152 2051
3 2051 2152 2153
3 2051 2153 2052
3 2052 2153 2154
3 2052 2154 2053
3 2053 2154 2155
3 2053 2155 2054
3 2054 2155 2156
3 2054 2156 2055
3 2055 2156 2157
3 2055 2157 2056
3 2056 2157 2158
3 2056 2158 2057
3 2057 2158 2159
3 2057 2159 2058
3 2058 2159 2160
3 2058 2160 2059
3 2059 2160 2161
3 2059 2161 2060
3 2060 2161 2162
3 2060 2162 2061
3 2061 2162 2163
3 2061 2163 2062
3 2062 2163 2164
3 2062 2164 2063
3 2063 2164 2165
3 2063 2165 2064
3 2064 2165 2166
3 2064 2166 2065
3 2065 2166 2167
3 2065 2167 2066
3 2066 2167 2168
3 2066 2168 2067
3 2067 2168 2169
3 2067 2169 2068
3 2068 2169 2170
3 2068 2170 2069
3 2069 2170 2171
3 2069 2171 2070
3 2070 2171 2172
3 2070 2172 2071
3 2071 2172 2173
3 2071 2173 2072
3 2072 2173 2174
3 2072 2174 2073
3 2073 2174 2175
3 2073 2175 2074
3 2074 2175 2176
3 2074 2176 2075
3 2075 2176 2177
3 2075 2177 2076
3 2076 2177 2178
3 2076 2178 2077
3 2077 2178 2179
3 2077 2179 2078
3 2078 2179 2180
3 2078 2180 2079
3 2079 2180 2181
3 2079 2181 2080
3 2080 2181 2182
3 2080 2182 2081
3 2081 2182 2183
3 2081 2183 2082
3 2082 2183 2184
3 2082 2184 2083
3 2083 2184 2185
3 2083 2185 2084
3 2084 2185 2186
3 2084 2186 2085
3 2085 2186 2187
3 2085 2187 2086
3 2086 2187 2188
3 2086 2188 2087
3 2087 2188 2189
3 2087 2189 2088
3 2088 2189 2190
3 2088 2190 2089
3 2089 2190 2191
3 2089 2191 2090
3 2090 2191 2192
3 2090 2192 2091
3 2091 2192 2193
3 2091 2193 2092
3 2092 2193 2194
3 2092 2194 2093
3 2093 2194 2195
3 2093 2195 2094
3 2094 2195 2196
3 2094 2196 2095
3 2095 2196 2197
3 2095 2197 2096
3 2096 2197 2198
3 2096 2198 2097
3 2097 2198 2199
3 2097 2199 2098
3 2098 2199 2200
3 2098 2200 2099
3 2099 2200 2201
3 2099 2201 2100
3 2100 2201 2202
3 2100 2202 2101
3 2101 2202 2203
3 2101 2203 2102
3 2102 2203 2204
3 2102 2204 2103
3 2103 2204 2205
3 2103 2205 2104
3 2104 2205 2206
3 2104 2206 2105
3 2105 2206 2207
3 2105 2207 2106
3 2106 2207 2208
3 2106 2208 2107
3 2107 2208 2209
3 2107 2209 2108
3 2108 2209 2210
3 2108 2210 2109
3 2109 2210 2211
3 2109 2211 2110
3 2110 2211 2212
3 2110 2212 2111
3 2111 2212 2213
3 2111 2213 2112
3 2112 2213 2214
3 2112 2214 2113
3 2113 2214 2215
3 2113 2215 2114
3 2114 2215 2216
3 2114 2216 2115
3 2115 2216 2217
3 2115 2217 2116
3 2116 2217 2218
3 2116 2218 2117
3 2117 2218 2219
3 2117 2219 2118
3 2118 2219 2220
3 2118 2220 2119
3 2119 2220 2221
3 2119 2221 2120
3 2121 2222 2223
3 2121 2223 2122
3 2122 2223 2224
3 2122 2224 2123
3 2123 2224 2225
3 2123 2225 2124
3 2124 2225 2226
3 2124 2226 2125
3 2125 2226 2227
3 2125 2227 2126
3 2126 2227 2228
3 2126 2228 2127
3 2127 2228 2229
3 2127 2229 2128
3 2128 2229 2230
3 2128 2230 2129
3 2129 2230 2231
3 2129 2231 2130
3 2130 2231 2232
3 2130 2232 2131
3 2131 2232 2233
3 2131 2233 2132
3 2132 2233 2234
3 2132 2234 2133
3 2133 2234 2235
3 2133 2235 2134
3 2134 2235 2236
3 2134 2236 2135
3 2135 2236 2237
3 2135 2237 2136
3 2136 2237 2238
3 2136 2238 2137
3 2137 2238 2239
3 2137 2239 2138
3 2138 2239 2240
3 2138 2240 2139
3 2139 2240 2241
3 2139 2241 2140
3 2140 2241 2242
3 2140 2242 2141
3 2141 2242 2243
3 2141 2243 2142
3 2142 2243 2244
3 2142 2244 2143
3 2143 2244 2245
3 2143 2245 2144
3 2144 2245 2246
3 2144 2246 2145
3 2145 2246 2247
3 2145 2247 2146
3 2146 2247 2248
3 2146 2248 2147
3 2147 2248 2249
3 2147 2249 2148
3 2148 2249 2250
3 2148 2250 2149
3 2149 2250 2251
3 2149 2251 2150
3 2150 2251 2252
3 2150 2252 2151
3 2151 2252 2253
3 2151 2253 2152
3 2152 2253 2254
3 2152 2254 2153
3 2153 2254 2255
3 2153 2255 2154
3 2154 2255 2256
3 2154 2256 2155
3 2155 2256 2257
3 2155 2257 2156
3 2156 2257 2258
3 2156 2258 2157
3 2157 2258 2259
3 2157 2259 2158
3 2158 2259 2260
3 2158 2260 2159
3 2159 2260 2261
3 2159 2261 2160
3 2160 2261 2262
3 2160 2262 2161
3 2161 2262 2263
3 2161 2263 2162
3 2162 2263 2264
3 2162 2264 2163
3 2163 2264 2265
3 2163 2265 2164
3 2164 2265 2266
3 2164 2266 2165
3 2165 2266 2267
3 2165 2267 2166
3 2166 2267 2268
3 2166 2268 2167
3 2167 2268 2269
3 2167 2269 2168
3 2168 2269 2270
3 2168 2270 2169
3 2169 2270 2271
3 2169 2271 2170
3 2170 2271 2272
3 2170 2272 2171
3 2171 2272 2273
3 2171 2273 2172
3 2172 2273 2274
3 2172 2274 2173
3 2173 2274 2275
3 2173 2275 2174
3 2174 2275 2276
3 2174 2276 2175
3 2175 2276 2277
3 2175 2277 2176
3 2176 2277 2278
3 2176 2278 2177
3 2177 2278 2279
3 2177 2279 2178
3 2178 2279 2280
3 2178 2280 2179
3 2179 2280 2281
3 2179 2281 2180
3 2180 2281 2282
3 2180 2282 2181
3 2181 2282 2283
3 2181 2283 2182
3 2182 2283 2284
3 2182 2284 2183
3 2183 2284 2285
3 2183 2285 2184
3 2184 2285 2286
3 2184 2286 2185
3 2185 2286 2287
3 2185 2287 2186
3 2186 2287 2288
3 2186 2288 2187
3 2187 2288 2289
3 2187 2289 2188
3 2188 2289 2290
3 2188 2290 2189
3 2189 2290 2291
3 2189 2291 2190
3 2190 2291 2292
3 2190 2292 2191
3 2191 2292 2293
3 2191 2293 2192
3 2192 2293 2294
3 2192 2294 2193
3 2193 2294 2295
3 2193 2295 2194
3 2194 2295 2296
3 2194 2296 2195
3 2195 2296 2297
3 2195 2297 2196
3 2196 2297 2298
3 2196 2298 2197
3 2197 2298 2299
3 2197 2299 2198
3 2198 2299 2300
3 2198 2300 2199
3 2199 2300 2301
3 2199 2301 2200
3 2200 2301 2302
3 2200 2302 2201
3 2201 2302 2303
3 2201 2303 2202
3 2202 2303 2304
3 2202 2304 2203
3 2203 2304 2305
3 2203 2305 2204
3 2204 2305 2306
3 2204 2306 2205
3 2205 2306 2307
3 2205 2307 2206
3 2206 2307 2308
3 2206 2308 2207
3 2207 2308 2309
3 2207 2309 2208
3 2208 2309 2310
3 2208 2310 2209
3 2209 2310 2311
3 2209 2311 2210
3 2210 2311 2312
3 2210 2312 2211
3 2211 2312 2313
3 2211 2313 2212
3 2212 2313 2314
3 2212 2314 2213
3 2213 2314 2315
3 2213 2315 2214
3 2214 2315 2316
3 2214 2316 2215
3 2215 2316 2317
3 2215 2317 2216
3 2216 2317 2318
3 2216 2318 2217
3 2217 2318 2319
3 2217 2319 2218
3 2218 2319 2320
3 2218 2320 2219
3 2219 2320 2321
3 2219 2321 2220
3 2220 2321 2322
3 2220 2322 2221
3 2222 2323 2324
3 2222 2324 2223
3 2223 2324 2325
3 2223 2325 2224
3 2224 2325 2326
3 2224 2326 2225
3 2225 2326 2327
3 2225 2327 2226
3 2226 2327 2328
3 2226 2328 2227
3 2227 2328 2329
3 2227 2329 2228
3 2228 2329 2330
3 2228 2330 2229
3 2229 2330 2331
3 2229 2331 2230
3 2230 2331 2332
3 2230 2332 2231
3 2231 2332 2333
3 2231 2333 2232
3 2232 2333 2334
3 2232 2334 2233
3 2233 2334 2335
3 2233 2335 2234
3 2234 2335 2336
3 2234 2336 2235
3 2235 2336 2337
3 2235 2337 2236
3 2236 2337 2338
3 2236 2338 2237
3 2237 2338 2339
3 2237 2339 2238
3 2238 2339 2340
3 2238 2340 2239
3 2239 2340 2341
3 2239 2341 2240
3 2240 2341 2342
3 2240 2342 2241
3 2241 2342 2343
3 2241 2343 2242
3 2242 2343 2344
3 2242 2344 2243
3 2243 2344 2345
3 2243 2345 2244
3 2244 2345 2346
3 2244 2346 2245
3 2245 2346 2347
3 2245 2347 2246
3 2246 2347 2348
3 2246 2348 2247
3 2247 2348 2349
3 2247 2349 2248
3 2248 2349 2350
3 2248 2350 2249
3 2249 2350 2351
3 2249 2351 2250
3 2250 2351 2352
3 2250 2352 2251
3 2251 2352 2353
3 2251 2353 2252
3 2252 2353 2354
3 2252 2354 2253
3 2253 2354 2355
3 2253 2355 2254
3 2254 2355 2356
3 2254 2356 2255
3 2255 2356 2357
3 2255 2357 2256
3 2256 2357 2358
3 2256 2358 2257
3 2257 2358 2359
3 2257 2359 2258
3 2258 2359 2360
3 2258 2360 2259
3 2259 2360 2361
3 2259 2361 2260
3 2260 2361 2362
3 2260 2362 2261
3 2261 2362 2363
3 2261 2363 2262
3 2262 2363 2364
3 2262 2364 2263
3 2263 2364 2365
3 2263 2365 2264
3 2264 2365 2366
3 2264 2366 2265
3 2265 2366 2367
3 2265 2367 2266
3 2266 2367 2368
3 2266 2368 2267
3 2267 2368 2369
3 2267 2369 2268
3 2268 2369 2370
3 2268 2370 2269
3 2269 2370 2371
3 2269 2371 2270
3 2270 2371 2372
3 2270 2372 2271
3 2271 2372 2373
3 2271 2373 2272
3 2272 2373 2374
3 2272 2374 2273
3 2273 2374 2375
3 2273 2375 2274
3 2274 2375 2376
3 2274 2376 2275
3 2275 2376 2377
3 2275 2377 2276
3 2276 2377 2378
3 2276 2378 2277
3 2277 2378 2379
3 2277 2379 2278
3 2278 2379 2380
3 2278 2380 2279
3 2279 2380 2381
3 2279 2381 2280
3 2280 2381 2382
3 2280 2382 2281
3 2281 2382 2383
3 2281 2383 2282
3 2282 2383 2384
3 2282 2384 2283
3 2283 2384 2385
3 2283 2385 2284
3 2284 2385 2386
3 2284 2386 2285
3 2285 2386 2387
3 2285 2387 2286
3 2286 2387 2388
3 2286 2388 2287
3 2287 2388 2389
3 2287 2389 2288
3 2288 2389 2390
3 2288 2390 2289
3 2289 2390 2391
3 2289 2391 2290
3 2290 2391 2392
3 2290 2392 2291
3 2291 2392 2393
3 2291 2393 2292
3 2292 2393 2394
3 2292 2394 2293
3 2293 2394 2395
3 2293 2395 2294
3 2294 2395 2396
3 2294 2396 2295
3 2295 2396 2397
3 2295 2397 2296
3 2296 2397 2398
3 2296 2398 2297
3 2297 2398 2399
3 2297 2399 2298
3 2298 2399 2400
3 2298 2400 2299
3 2299 2400 2401
3 2299 2401 2300
3 2300 2401 2402
3 2300 2402 2301
3 2301 2402 2403
3 2301 2403 2302
3 2302 2403 2404
3 2302 2404 2303
3 2303 2404 2405
3 2303 2405 2304
3 2304 2405 2406
3 2304 2406 2305
3 2305 2406 2407
3 2305 2407 2306
3 2306 2407 2408
3 2306 2408 2307
3 2307 2408 2409
3 2307 2409 2308
3 2308 2409 2410
3 2308 2410 2309
3 2309 2410 2411
3 2309 2411 2310
3 2310 2411 2412
3 2310 2412 2311
3 2311 2412 2413
3 2311 2413 2312
3 2312 2413 2414
3 2312 2414 2313
3 2313 2414 2415
3 2313 2415 2314
3 2314 2415 2416
3 2314 2416 2315
3 2315 2416 2417
3 2315 2417 2316
3 2316 2417 2418
3 2316 2418 2317
3 2317 2418 2419
3 2317 2419 2318
3 2318 2419 2420
3 2318 2420 2319
3 2319 2420 2421
3 2319 2421 2320
3 2320 2421 2422
3 2320 2422 2321
3 2321 2422 2423
3 2321 2423 2322
3 2323 2424 2425
3 2323 2425 2324
3 2324 2425 2426
3 2324 2426 2325
3 2325 2426 2427
3 2325 2427 2326
3 2326 2427 2428
3 2326 2428 2327
3 2327 2428 2429
3 2327 2429 2328
3 2328 2429 2430
3 2328 2430 2329
3 2329 2430 2431
3 2329 2431 2330
3 2330 2431 2432
3 2330 2432 2331
3 2331 2432 2433
3 2331 2433 2332
3 2332 2433 2434
3 2332 2434 2333
3 2333 2434 2435
3 2333 2435 2334
3 2334 2435 2436
3 2334 2436 2335
3 2335 2436 2437
3 2335 2437 2336
3 2336 2437 2438
3 2336 2438 2337
3 2337 2438 2439
3 2337 2439 2338
3 2338 2439 2440
3 2338 2440 2339
3 2339 2440 2441
3 2339 2441 2340
3 2340 2441 2442
3 2340 2442 2341
3 2341 2442 2443
3 2341 2443 2342
3 2342 2443 2444
3 2342 2444 2343
3 2343 2444 2445
3 2343 2445 2344
3 2344 2445 2446
3 2344 2446 2345
3 2345 2446 2447
3 2345 2447 2346
3 2346 2447 2448
3 2346 2448 2347
3 2347 2448 2449
3 2347 2449 2348
3 2348 2449 2450
3 2348 2450 2349
3 2349 2450 2451
3 2349 2451 2350
3 2350 2451 2452
3 2350 2452 2351
3 2351 2452 2453
3 2351 2453 2352
3 2352 2453 2454
3 2352 2454 2353
3 2353 2454 2455
3 2353 2455 2354
3 2354 2455 2456
3 2354 2456 2355
3 2355 2456 2457
3 2355 2457 2356
3 2356 2457 2458
3 2356 2458 2357
3 2357 2458 2459
3 2357 2459 2358
3 2358 2459 2460
3 2358 2460 2359
3 2359 2460 2461
3 2359 2461 2360
3 2360 2461 2462
3 2360 2462 2361
3 2361 2462 2463
3 2361 2463 2362
3 2362 2463 2464
3 2362 2464 2363
3 2363 2464 2465
3 2363 2465 2364
3 2364 2465 2466
3 2364 2466 2365
3 2365 2466 2467
3 2365 2467 2366
3 2366 2467 2468
3 2366 2468 2367
3 2367 2468 2469
3 2367 2469 2368
3 2368 2469 2470
3 2368 2470 2369
3 2369 2470 2471
3 2369 2471 2370
3 2370 2471 2472
3 2370 2472 2371
3 2371 2472 2473
3 2371 2473 2372
3 2372 2473 2474
3 2372 2474 2373
3 2373 2474 2475
3 2373 2475 2374
3 2374 2475 2476
3 2374 2476 2375
3 2375 2476 2477
3 2375 2477 2376
3 2376 2477 2478
3 2376 2478 2377
3 2377 2478 2479
3 2377 2479 2378
3 2378 2479 2480
3 2378 2480 2379
3 2379 2480 2481
3 2379 2481 2380
3 2380 2481 2482
3 2380 2482 2381
3 2381 2482 2483
3 2381 2483 2382
3 2382 2483 2484
3 2382 2484 2383
3 2383 2484 2485
3 2383 2485 2384
3 2384 2485 2486
3 2384 2486 2385
3 2385 2486 2487
3 2385 2487 2386
3 2386 2487 2488
3 2386 2488 2387
3 2387 2488 2489
3 2387 2489 2388
3 2388 2489 2490
3 2388 2490 2389
3 2389 2490 2491
3 2389 2491 2390
3 2390 2491 2492
3 2390 2492 2391
3 2391 2492 2493
3 2391 2493 2392
3 2392 2493 2494
3 2392 2494 2393
3 2393 2494 2495
3 2393 2495 2394
3 2394 2495 2496
3 2394 2496 2395
3 2395 2496 2497
3 2395 2497 2396
3 2396 2497 2498
3 2396 2498 2397
3 2397 2498 2499
3 2397 2499 2398
3 2398 2499 2500
3 2398 2500 2399
3 2399 2500 2501
3 2399 2501 2400
3 2400 2501 2502
3 2400 2502 2401
3 2401 2502 2503
3 2401 2503 2402
3 2402 2503 2504
3 2402 2504 2403
3 2403 2504 2505
3 2403 2505 2404
3 2404 2505 2506
3 2404 2506 2405
3 2405 2506 2507
3 2405 2507 2406
3 2406 2507 2508
3 2406 2508 2407
3 2407 2508 2509
3 2407 2509 2408
3 2408 2509 2510
3 2408 2510 2409
3 2409 2510 2511
3 2409 2511 2410
3 2410 2511 2512
3 2410 2512 2411
3 2411 2512 2513
3 2411 2513 2412
3 2412 2513 2514
3 2412 2514 2413
3 2413 2514 2515
3 2413 2515 2414
3 2414 2515 2516
3 2414 2516 2415
3 2415 2516 2517
3 2415 2517 2416
3 2416 2517 2518
3 2416 2518 2417
3 2417 2518 2519
3 2417 2519 2418
3 2418 2519 2520
3 2418 2520 2419
3 2419 2520 2521
3 2419 2521 2420
3 2420 2521 2522
3 2420 2522 2421
3 2421 2522 2523
3 2421 2523 2422
3 2422 2523 2524
3 2422 2524 2423
3 2424 2525 2526
3 2424 2526 2425
3 2425 2526 2527
3 2425 2527 2426
3 2426 2527 2528
3 2426 2528 2427
3 2427 2528 2529
3 2427 2529 2428
3 2428 2529 2530
3 2428 2530 2429
3 2429 2530 2531
3 2429 2531 2430
3 2430 2531 2532
3 2430 2532 2431
3 2431 2532 2533
3 2431 2533 2432
3 2432 2533 2534
3 2432 2534 2433
3 2433 2534 2535
3 2433 2535 2434
3 2434 2535 2536
3 2434 2536 2435
3 2435 2536 2537
3 2435 2537 2436
3 2436 2537 2538
3 2436 2538 2437
3 2437 2538 2539
3 2437 2539 2438
3 2438 2539 2540
3 2438 2540 2439
3 2439 2540 2541
3 2439 2541 2440
3 2440 2541 2542
3 2440 2542 2441
3 2441 2542 2543
3 2441 2543 2442
3 2442 2543 2544
3 2442 2544 2443
3 2443 2544 2545
3 2443 2545 2444
3 2444 2545 2546
3 2444 2546 2445
3 2445 2546 2547
3 2445 2547 2446
3 2446 2547 2548
3 2446 2548 2447
3 2447 2548 2549
3 2447 2549 2448
3 2448 2549 2550
3 2448 2550 2449
3 2449 2550 2551
3 2449 2551 2450
3 2450 2551 2552
3 2450 2552 2451
3 2451 2552 2553
3 2451 2553 2452
3 2452 2553 2554
3 2452 2554 2453
3 2453 2554 2555
3 2453 2555 2454
3 2454 2555 2556
3 2454 2556 2455
3 2455 2556 2557
3 2455 2557 2456
3 2456 2557 2558
3 2456 2558 2457
3 2457 2558 2559
3 2457 2559 2458
3 2458 2559 2560
3 2458 2560 2459
3 2459 2560 2561
3 2459 2561 2460
3 2460 2561 2562
3 2460 2562 2461
3 2461 2562 2563
3 2461 2563 2462
3 2462 2563 2564
3 2462 2564 2463
3 2463 2564 2565
3 2463 2565 2464
3 2464 2565 2566
3 2464 2566 2465
3 2465 2566 2567
3 2465 2567 2466
3 2466 2567 2568
3 2466 2568 2467
3 2467 2568 2569
3 2467 2569 2468
3 2468 2569 2570
3 2468 2570 2469
3 2469 2570 2571
3 2469 2571 2470
3 2470 2571 2572
3 2470 2572 2471
3 2471 2572 2573
3 2471 2573 2472
3 2472 2573 2574
3 2472 2574 2473
3 2473 2574 2575
3 2473 2575 2474
3 2474 2575 2576
3 2474 2576 2475
3 2475 2576 2577
3 2475 2577 2476
3 2476 2577 2578
3 2476 2578 2477
3 2477 2578 2579
3 2477 2579 2478
3 2478 2579 2580
3 2478 2580 2479
3 2479 2580 2581
3 2479 2581 2480
3 2480 2581 2582
3 2480 2582 2481
3 2481 2582 2583
3 2481 2583 2482
3 2482 2583 2584
3 2482 2584 2483
3 2483 2584 2585
3 2483 2585 2484
3 2484 2585 2586
3 2484 2586 2485
3 2485 2586 2587
3 2485 2587 2486
3 2486 2587 2588
3 2486 2588 2487
3 2487 2588 2589
3 2487 2589 2488
3 2488 2589 2590
3 2488 2590 2489
3 2489 2590 2591
3 2489 2591 2490
3 2490 2591 2592
3 2490 2592 2491
3 2491 2592 2593
3 2491 2593 2492
3 2492 2593 2594
3 2492 2594 2493
3 2493 2594 2595
3 2493 2595 2494
3 2494 2595 2596
3 2494 2596 2495
3 2495 2596 2597
3 2495 2597 2496
3 2496 2597 2598
3 2496 2598 2497
3 2497 2598 2599
3 2497 2599 2498
3 2498 2599 2600
3 2498 2600 2499
3 2499 2600 2601
3 2499 2601 2500
3 2500 2601 2602
3 2500 2602 2501
3 2501 2602 2603
3 2501 2603 2502
3 2502 2603 2604
3 2502 2604 2503
3 2503 2604 2605
3 2503 2605 2504
3 2504 2605 2606
3 2504 2606 2505
3 2505 2606 2607
3 2505 2607 2506
3 2506 2607 2608
3 2506 2608 2507
3 2507 2608 2609
3 2507 2609 2508
3 2508 2609 2610
3 2508 2610 2509
3 2509 2610 2611
3 2509 2611 2510
3 2510 2611 2612
3 2510 2612 2511
3 2511 2612 2613
3 2511 2613 2512
3 2512 2613 2614
3 2512 2614 2513
3 2513 2614 2615
3 2513 2615 2514
3 2514 2615 2616
3 2514 2616 2515
3 2515 2616 2617
3 2515 2617 2516
3 2516 2617 2618
3 2516 2618 2517
3 2517 2618 2619
3 2517 2619 2518
3 2518 2619 2620
3 2518 2620 2519
3 2519 2620 2621
3 2519 2621 2520
3 2520 2621 2622
3 2520 2622 2521
3 2521 2622 2623
3 2521 2623 2522
3 2522 2623 2624
3 2522 2624 2523
3 2523 2624 2625
3 2523 2625 2524
3 2525 2626 2627
3 2525 2627 2526
3 2526 2627 2628
3 2526 2628 2527
3 2527 2628 2629
3 2527 2629 2528
3 2528 2629 2630
3 2528 2630 2529
3 2529 2630 2631
3 2529 2631 2530
3 2530 2631 2632
3 2530 2632 2531
3 2531 2632 2633
3 2531 2633 2532
3 2532 2633 2634
3 2532 2634 2533
3 2533 2634 2635
3 2533 2635 2534
3 2534 2635 2636
3 2534 2636 2535
3 2535 2636 2637
3 2535 2637 2536
3 2536 2637 2638
3 2536 2638 2537
3 2537 2638 2639
3 2537 2639 2538
3 2538 2639 2640
3 2538 2640 2539
3 2539 2640 2641
3 2539 2641 2540
3 2540 2641 2642
3 2540 2642 2541
3 2541 2642 2643
3 2541 2643 2542
3 2542 2643 2644
3 2542 2644 2543
3 2543 2644 2645
3 2543 2645 2544
3 2544 2645 2646
3 2544 2646 2545
3 2545 2646 2647
3 2545 2647 2546
3 2546 2647 2648
3 2546 2648 2547
3 2547 2648 2649
3 2547 2649 2548
3 2548 2649 2650
3 2548 2650 2549
3 2549 2650 2651
3 2549 2651 2550
3 2550 2651 2652
3 2550 2652 2551
3 2551 2652 2653
3 2551 2653 2552
3 2552 2653 2654
3 2552 2654 2553
3 2553 2654 2655
3 2553 2655 2554
3 2554 2655 2656
3 2554 2656 2555
3 2555 2656 2657
3 2555 2657 2556
3 2556 2657 2658
3 2556 2658 2557
3 2557 2658 2659
3 2557 2659 2558
3 2558 2659 2660
3 2558 2660 2559
3 2559 2660 2661
3 2559 2661 2560
3 2560 2661 2662
3 2560 2662 2561
3 2561 2662 2663
3 2561 2663 2562
3 2562 2663 2664
3 2562 2664 2563
3 2563 2664 2665
3 2563 2665 2564
3 2564 2665 2666
3 2564 2666 2565
3 2565 2666 2667
3 2565 2667 2566
3 2566 2667 2668
3 2566 2668 2567
3 2567 2668 2669
3 2567 2669 2568
3 2568 2669 2670
3 2568 2670 2569
3 2569 2670 2671
3 2569 2671 2570
3 2570 2671 2672
3 2570 2672 2571
3 2571 2672 2673
3 2571 2673 2572
3 2572 2673 2674
3 2572 2674 2573
3 2573 2674 2675
3 2573 2675 2574
3 2574 2675 2676
3 2574 2676 2575
3 2575 2676 2677
3 2575 2677 2576
3 2576 2677 2678
3 2576 2678 2577
3 2577 2678 2679
3 2577 2679 2578
3 2578 2679 2680
3 2578 2680 2579
3 2579 2680 2681
3 2579 2681 2580
3 2580 2681 2682
3 2580 2682 2581
3 2581 2682 2683
3 2581 2683 2582
3 2582 2683 2684
3 2582 2684 2583
3 2583 2684 2685
3 2583 2685 2584
3 2584 2685 2686
3 2584 2686 2585
3 2585 2686 2687
3 2585 2687 2586
3 2586 2687 2688
3 2586 2688 2587
3 2587 2688 2689
3 2587 2689 2588
3 2588 2689 2690
3 2588 2690 2589
3 2589 2690 2691
3 2589 2691 2590
3 2590 2691 2692
3 2590 2692 2591
3 2591 2692 2693
3 2591 2693 2592
3 2592 2693 2694
3 2592 2694 2593
3 2593 2694 2695
3 2593 2695 2594
3 2594 2695 2696
3 2594 2696 2595
3 2595 2696 2697
3 2595 2697 2596
3 2596 2697 2698
3 2596 2698 2597
3 2597 2698 2699
3 2597 2699 2598
3 2598 2699 2700
3 2598 2700 2599
3 2599 2700 2701
3 2599 2701 2600
3 2600 2701 2702
3 2600 2702 2601
3 2601 2702 2703
3 2601 2703 2602
3 2602 2703 2704
3 2602 2704 2603
3 2603 2704 2705
3 2603 2705 2604
3 2604 2705 2706
3 2604 2706 2605
3 2605 2706 2707
3 2605 2707 2606
3 2606 2707 2708
3 2606 2708 2607
3 2607 2708 2709
3 2607 2709 2608
3 2608 2709 2710
3 2608 2710 2609
3 2609 2710 2711
3 2609 2711 2610
3 2610 2711 2712
3 2610 2712 2611
3 2611 2712 2713
3 2611 2713 2612
3 2612 2713 2714
3 2612 2714 2613
3 2613 2714 2715
3 2613 2715 2614
3 2614 2715 2716
3 2614 2716 2615
3 2615 2716 2717
3 2615 2717 2616
3 2616 2717 2718
3 2616 2718 2617
3 2617 2718 2719
3 2617 2719 2618
3 2618 2719 2720
3 2618 2720 2619
3 2619 2720 2721
3 2619 2721 2620
3 2620 2721 2722
3 2620 2722 2621
3 2621 2722 2723
3 2621 2723 2622
3 2622 2723 2724
3 2622 2724 2623
3 2623 2724 2725
3 2623 2725 2624
3 2624 2725 2726
3 2624 2726 2625
3 2626 2727 2728
3 2626 2728 2627
3 2627 2728 2729
3 2627 2729 2628
3 2628 2729 2730
3 2628 2730 2629
3 2629 2730 2731
3 2629 2731 2630
3 2630 2731 2732
3 2630 2732 2631
3 2631 2732 2733
3 2631 2733 2632
3 2632 2733 2734
3 2632 2734 2633
3 2633 2734 2735
3 2633 2735 2634
3 2634 2735 2736
3 2634 2736 2635
3 2635 2736 2737
3 2635 2737 2636
3 2636 2737 2738
3 2636 2738 2637
3 2637 2738 2739
3 2637 2739 2638
3 2638 2739 2740
3 2638 2740 2639
3 2639 2740 2741
3 2639 2741 2640
3 2640 2741 2742
3 2640 2742 2641
3 2641 2742 2743
3 2641 2743 2642
3 2642 2743 2744
3 2642 2744 2643
3 2643 2744 2745
3 2643 2745 2644
3 2644 2745 2746
3 2644 2746 2645
3 2645 2746 2747
3 2645 2747 2646
3 2646 2747 2748
3 2646 2748 2647
3 2647 2748 2749
3 2647 2749 2648
3 2648 2749 2750
3 2648 2750 2649
3 2649 2750 2751
3 2649 2751 2650
3 2650 2751 2752
3 2650 2752 2651
3 2651 2752 2753
3 2651 2753 2652
3 2652 2753 2754
3 2652 2754 2653
3 2653 2754 2755
3 2653 2755 2654
3 2654 2755 2756
3 2654 2756 2655
3 2655 2756 2757
3 2655 2757 2656
3 2656 2757 2758
3 2656 2758 2657
3 2657 2758 2759
3 2657 2759 2658
3 2658 2759 2760
3 2658 2760 2659
3 2659 2760 2761
3 2659 2761 2660
3 2660 2761 2762
3 2660 2762 2661
3 2661 2762 2763
3 2661 2763 2662
3 2662 2763 2764
3 2662 2764 2663
3 2663 2764 2765
3 2663 2765 2664
3 2664 2765 2766
3 2664 2766 2665
3 2665 2766 2767
3 2665 2767 2666
3 2666 2767 2768
3 2666 2768 2667
3 2667 2768 2769
3 2667 2769 2668
3 2668 2769 2770
3 2668 2770 2669
3 2669 2770 2771
3 2669 2771 2670
3 2670 2771 2772
3 2670 2772 2671
3 2671 2772 2773
3 2671 2773 2672
3 2672 2773 2774
3 2672 2774 2673
3 2673 2774 2775
3 2673 2775 2674
3 2674 2775 2776
3 2674 2776 2675
3 2675 2776 2777
3 2675 2777 2676
3 2676 2777 2778
3 2676 2778 2677
3 2677 2778 2779
3 2677 2779 2678
3 2678 2779 2780
3 2678 2780 2679
3 2679 2780 2781
3 2679 2781 2680
3 2680 2781 2782
3 2680 2782 2681
3 2681 2782 2783
3 2681 2783 2682
3 2682 2783 2784
3 2682 2784 2683
3 2683 2784 2785
3 2683 2785 2684
3 2684 2785 2786
3 2684 2786 2685
3 2685 2786 2787
3 2685 2787 2686
3 2686 2787 2788
3 2686 2788 2687
3 2687 2788 2789
3 2687 2789 2688
3 2688 2789 2790
3 2688 2790 2689
3 2689 2790 2791
3 2689 2791 2690
3 2690 2791 2792
3 2690 2792 2691
3 2691 2792 2793
3 2691 2793 2692
3 2692 2793 2794
3 2692 2794 2693
3 2693 2794 2795
3 2693 2795 2694
3 2694 2795 2796
3 2694 2796 2695
3 2695 2796 2797
3 2695 2797 2696
3 2696 2797 2798
3 2696 2798 2697
3 2697 2798 2799
3 2697 2799 2698
3 2698 2799 2800
3 2698 2800 2699
3 2699 2800 2801
3 2699 2801 2700
3 2700 2801 2802
3 2700 2802 2701
3 2701 2802 2803
3 2701 2803 2702
3 2702 2803 2804
3 2702 2804 2703
3 2703 2804 2805
3 2703 2805 2704
3 2704 2805 2806
3 2704 2806 2705
3 2705 2806 2807
3 2705 2807 2706
3 2706 2807 2808
3 2706 2808 2707
3 2707 2808 2809
3 2707 2809 2708
3 2708 2809 2810
3 2708 2810 2709
3 2709 2810 2811
3 2709 2811 2710
3 2710 2811 2812
3 2710 2812 2711
3 2711 2812 2813
3 2711 2813 2712
3 2712 2813 2814
3 2712 2814 2713
3 2713 2814 2815
3 2713 2815 2714
3 2714 2815 2816
3 2714 2816 2715
3 2715 2816 2817
3 2715 2817 2716
3 2716 2817 2818
3 2716 2818 2717
3 2717 2818 2819
3 2717 2819 2718
3 2718 2819 2820
3 2718 2820 2719
3 2719 2820 2821
3 2719 2821 2720
3 2720 2821 2822
3 2720 2822 2721
3 2721 2822 2823
3 2721 2823 2722
3 2722 2823 2824
3 2722 2824 2723
3 2723 2824 2825
3 2723 2825 2724
3 2724 2825 2826
3 2724 2826 2725
3 2725 2826 2827
3 2725 2827 2726
3 2727 2828 2829
3 2727 2829 2728
3 2728 2829 2830
3 2728 2830 2729
3 2729 2830 2831
3 2729 2831 2730
3 2730 2831 2832
3 2730 2832 2731
3 2731 2832 2833
3 2731 2833 2732
3 2732 2833 2834
3 2732 2834 2733
3 2733 2834 2835
3 2733 2835 2734
3 2734 2835 2836
3 2734 2836 2735
3 2735 2836 2837
3 2735 2837 2736
3 2736 2837 2838
3 2736 2838 2737
3 2737 2838 2839
3 2737 2839 2738
3 2738 2839 2840
3 2738 2840 2739
3 2739 2840 2841
3 2739 2841 2740
3 2740 2841 2842
3 2740 2842 2741
3 2741 2842 2843
3 2741 2843 2742
3 2742 2843 2844
3 2742 2844 2743
3 2743 2844 2845
3 2743 2845 2744
3 2744 2845 2846
3 2744 2846 2745
3 2745 2846 2847
3 2745 2847 2746
3 2746 2847 2848
3 2746 2848 2747
3 2747 2848 2849
3 2747 2849 2748
3 2748 2849 2850
3 2748 2850 2749
3 2749 2850 2851
3 2749 2851 2750
3 2750 2851 2852
3 2750 2852 2751
3 2751 2852 2853
3 2751 2853 2752
3 2752 2853 2854
3 2752 2854 2753
3 2753 2854 2855
3 2753 2855 2754
3 2754 2855 2856
3 2754 2856 2755
3 2755 2856 2857
3 2755 2857 2756
3 2756 2857 2858
3 2756 2858 2757
3 2757 2858 2859
3 2757 2859 2758
3 2758 2859 2860
3 2758 2860 2759
3 2759 2860 2861
3 2759 2861 2760
3 2760 2861 2862
3 2760 2862 2761
3 2761 2862 2863
3 2761 2863 2762
3 2762 2863 2864
3 2762 2864 2763
3 2763 2864 2865
3 2763 2865 2764
3 2764 2865 2866
3 2764 2866 2765
3 2765 2866 2867
3 2765 2867 2766
3 2766 2867 2868
3 2766 2868 2767
3 2767 2868 2869
3 2767 2869 2768
3 2768 2869 2870
3 2768 2870 2769
3 2769 2870 2871
3 2769 2871 2770
3 2770 2871 2872
3 2770 2872 2771
3 2771 2872 2873
3 2771 2873 2772
3 2772 2873 2874
3 2772 2874 2773
3 2773 2874 2875
3 2773 2875 2774
3 2774 2875 2876
3 2774 2876 2775
3 2775 2876 2877
3 2775 2877 2776
3 2776 2877 2878
3 2776 2878 2777
3 2777 2878 2879
3 2777 2879 2778
3 2778 2879 2880
3 2778 2880 2779
3 2779 2880 2881
3 2779 2881 2780
3 2780 2881 2882
3 2780 2882 2781
3 2781 2882 2883
3 2781 2883 2782
3 2782 2883 2884
3 2782 2884 2783
3 2783 2884 2885
3 2783 2885 2784
3 2784 2885 2886
3 2784 2886 2785
3 2785 2886 2887
3 2785 2887 2786
3 2786 2887 2888
3 2786 2888 2787
3 2787 2888 2889
3 2787 2889 2788
3 2788 2889 2890
3 2788 2890 2789
3 2789 2890 2891
3 2789 2891 2790
3 2790 2891 2892
3 2790 2892 2791
3 2791 2892 2893
3 2791 2893 2792
3 2792 2893 2894
3 2792 2894 2793
3 2793 2894 2895
3 2793 2895 2794
3 2794 2895 2896
3 2794 2896 2795
3 2795 2896 2897
3 2795 2897 2796
3 2796 2897 2898
3 2796 2898 2797
3 2797 2898 2899
3 2797 2899 2798
3 2798 2899 2900
3 2798 2900 2799
3 2799 2900 2901
3 2799 2901 2800
3 2800 2901 2902
3 2800 2902 2801
3 2801 2902 2903
3 2801 2903 2802
3 2802 2903 2904
3 2802 2904 2803
3 2803 2904 2905
3 2803 2905 2804
3 2804 2905 2906
3 2804 2906 2805
3 2805 2906 2907
3 2805 2907 2806
3 2806 2907 2908
3 2806 2908 2807
3 2807 2908 2909
3 2807 2909 2808
3 2808 2909 2910
3 2808 2910 2809
3 2809 2910 2911
3 2809 2911 2810
3 2810 2911 2912
3 2810 2912 2811
3 2811 2912 2913
3 2811 2913 2812
3 2812 2913 2914
3 2812 2914 2813
3 2813 2914 2915
3 2813 2915 2814
3 2814 2915 2916
3 2814 2916 2815
3 2815 2916 2917
3 2815 2917 2816
3 2816 2917 2918
3 2816 2918 2817
3 2817 2918 2919
3 2817 2919 2818
3 2818 2919 2920
3 2818 2920 2819
3 2819 2920 2921
3 2819 2921 2820
3 2820 2921 2922
3 2820 2922 2821
3 2821 2922 2923
3 2821 2923 2822
3 2822 2923 2924
3 2822 2924 2823
3 2823 2924 2925
3 2823 2925 2824
3 2824 2925 2926
3 2824 2926 2825
3 2825 2926 2927
3 2825 2927 2826
3 2826 2927 2928
3 2826 2928 2827
3 2828 2929 2930
3 2828 2930 2829
3 2829 2930 2931
3 2829 2931 2830
3 2830 2931 2932
3 2830 2932 2831
3 2831 2932 2933
3 2831 2933 2832
3 2832 2933 2934
3 2832 2934 2833
3 2833 2934 2935
3 2833 2935 2834
3 2834 2935 2936
3 2834 2936 2835
3 2835 2936 2937
3 2835 2937 2836
3 2836 2937 2938
3 2836 2938 2837
3 2837 2938 2939
3 2837 2939 2838
3 2838 2939 2940
3 2838 2940 2839
3 2839 2940 2941
3 2839 2941 2840
3 2840 2941 2942
3 2840 2942 2841
3 2841 2942 2943
3 2841 2943 2842
3 2842 2943 2944
3 2842 2944 2843
3 2843 2944 2945
3 2843 2945 2844
3 2844 2945 2946
3 2844 2946 2845
3 2845 2946 2947
3 2845 2947 2846
3 2846 2947 2948
3 2846 2948 2847
3 2847 2948 2949
3 2847 2949 2848
3 2848 2949 2950
3 2848 2950 2849
3 2849 2950 2951
3 2849 2951 2850
3 2850 2951 2952
3 2850 2952 2851
3 2851 2952 2953
3 2851 2953 2852
3 2852 2953 2954
3 2852 2954 2853
3 2853 2954 2955
3 2853 2955 2854
3 2854 2955 2956
3 2854 2956 2855
3 2855 2956 2957
3 2855 2957 2856
3 2856 2957 2958
3 2856 2958 2857
3 2857 2958 2959
3 2857 2959 2858
3 2858 2959 2960
3 2858 2960 2859
3 2859 2960 2961
3 2859 2961 2860
3 2860 2961 2962
3 2860 2962 2861
3 2861 2962 2963
3 2861 2963 2862
3 2862 2963 2964
3 2862 2964 2863
3 2863 2964 2965
3 2863 2965 2864
3 2864 2965 2966
3 2864 2966 2865
3 2865 2966 2967
3 2865 2967 2866
3 2866 2967 2968
3 2866 2968 2867
3 2867 2968 2969
3 2867 2969 2868
3 2868 2969 2970
3 2868 2970 2869
3 2869 2970 2971
3 2869 2971 2870
3 2870 2971 2972
3 2870 2972 2871
3 2871 2972 2973
3 2871 2973 2872
3 2872 2973 2974
3 2872 2974 2873
3 2873 2974 2975
3 2873 2975 2874
3 2874 2975 2976
3 2874 2976 2875
3 2875 2976 2977
3 2875 2977 2876
3 2876 2977 2978
3 2876 2978 2877
3 2877 2978 2979
3 2877 2979 2878
3 2878 2979 2980
3 2878 2980 2879
3 2879 2980 2981
3 2879 2981 2880
3 2880 2981 2982
3 2880 2982 2881
3 2881 2982 2983
3 2881 2983 2882
3 2882 2983 2984
3 2882 2984 2883
3 2883 2984 2985
3 2883 2985 2884
3 2884 2985 2986
3 2884 2986 2885
3 2885 2986 2987
3 2885 2987 2886
3 2886 2987 2988
3 2886 2988 2887
3 2887 2988 2989
3 2887 2989 2888
3 2888 2989 2990
3 2888 2990 2889
3 2889 2990 2991
3 2889 2991 2890
3 2890 2991 2992
3 2890 2992 2891
3 2891 2992 2993
3 2891 2993 2892
3 2892 2993 2994
3 2892 2994 2893
3 2893 2994 2995
3 2893 2995 2894
3 2894 2995 2996
3 2894 2996 2895
3 2895 2996 2997
3 2895 2997 2896
3 2896 2997 2998
3 2896 2998 2897
3 2897 2998 2999
3 2897 2999 2898
3 2898 2999 3000
3 2898 3000 2899
3 2899 3000 3001
3 2899 3001 2900
3 2900 3001 3002
3 2900 3002 2901
3 2901 3002 3003
3 2901 3003 2902
3 2902 3003 3004
3 2902 3004 2903
3 2903 3004 3005
3 2903 3005 2904
3 2904 3005 3006
3 2904 3006 2905
3 2905 3006 3007
3 2905 3007 2906
3 2906 3007 3008
3 2906 3008 2907
3 2907 3008 3009
3 2907 3009 2908
3 2908 3009 3010
3 2908 3010 2909
3 2909 3010 3011
3 2909 3011 2910
3 2910 3011 3012
3 2910 3012 2911
3 2911 3012 3013
3 2911 3013 2912
3 2912 3013 3014
3 2912 3014 2913
3 2913 3014 3015
3 2913 3015 2914
3 2914 3015 3016
3 2914 3016 2915
3 2915 3016 3017
3 2915 3017 2916
3 2916 3017 3018
3 2916 3018 2917
3 2917 3018 3019
3 2917 3019 2918
3 2918 3019 3020
3 2918 3020 2919
3 2919 3020 3021
3 2919 3021 2920
3 2920 3021 3022
3 2920 3022 2921
3 2921 3022 3023
3 2921 3023 2922
3 2922 3023 3024
3 2922 3024 2923
3 2923 3024 3025
3 2923 3025 2924
3 2924 3025 3026
3 2924 3026 2925
3 2925 3026 3027
3 2925 3027 2926
3 2926 3027 3028
3 2926 3028 2927
3 2927 3028 3029
3 2927 3029 2928
3 2929 3030 3031
3 2929 3031 2930
3 2930 3031 3032
3 2930 3032 2931
3 2931 3032 3033
3 2931 3033 2932
3 2932 3033 3034
3 2932 3034 2933
3 2933 3034 3035
3 2933 3035 2934
3 2934 3035 3036
3 2934 3036 2935
3 2935 3036 3037
3 2935 3037 2936
3 2936 3037 3038
3 2936 3038 2937
3 2937 3038 3039
3 2937 3039 2938
3 2938 3039 3040
3 2938 3040 2939
3 2939 3040 3041
3 2939 3041 2940
3 2940 3041 3042
3 2940 3042 2941
3 2941 3042 3043
3 2941 3043 2942
3 2942 3043 3044
3 2942 3044 2943
3 2943 3044 3045
3 2943 3045 2944
3 2944 3045 3046
3 2944 3046 2945
3 2945 3046 3047
3 2945 3047 2946
3 2946 3047 3048
3 2946 3048 2947
3 2947 3048 3049
3 2947 3049 2948
3 2948 3049 3050
3 2948 3050 2949
3 2949 3050 3051
3 2949 3051 2950
3 2950 3051 3052
3 2950 3052 2951
3 2951 3052 3053
3 2951 3053 2952
3 2952 3053 3054
3 2952 3054 2953
3 2953 3054 3055
3 2953 3055 2954
3 2954 3055 3056
3 2954 3056 2955
3 2955 3056 3057
3 2955 3057 2956
3 2956 3057 3058
3 2956 3058 2957
3 2957 3058 3059
3 2957 3059 2958
3 2958 3059 3060
3 2958 3060 2959
3 2959 3060 3061
3 2959 3061 2960
3 2960 3061 3062
3 2960 3062 2961
3 2961 3062 3063
3 2961 3063 2962
3 2962 3063 3064
3 2962 3064 2963
3 2963 3064 3065
3 2963 3065 2964
3 2964 3065 3066
3 2964 3066 2965
3 2965 3066 3067
3 2965 3067 2966
3 2966 3067 3068
3 2966 3068 2967
3 2967 3068 3069
3 2967 3069 2968
3 2968 3069 3070
3 2968 3070 2969
3 2969 3070 3071
3 2969 3071 2970
3 2970 3071 3072
3 2970 3072 2971
3 2971 3072 3073
3 2971 3073 2972
3 2972 3073 3074
3 2972 3074 2973
3 2973 3074 3075
3 2973 3075 2974
3 2974 3075 3076
3 2974 3076 2975
3 2975 3076 3077
3 2975 3077 2976
3 2976 3077 3078
3 2976 3078 2977
3 2977 3078 3079
3 2977 3079 2978
3 2978 3079 3080
3 2978 3080 2979
3 2979 3080 3081
3 2979 3081 2980
3 2980 3081 3082
3 2980 3082 2981
3 2981 3082 3083
3 2981 3083 2982
3 2982 3083 3084
3 2982 3084 2983
3 2983 3084 3085
3 2983 3085 2984
3 2984 3085 3086
3 2984 3086 2985
3 2985 3086 3087
3 2985 3087 2986
3 2986 3087 3088
3 2986 3088 2987
3 2987 3088 3089
3 2987 3089 2988
3 2988 3089 3090
3 2988 3090 2989
3 2989 3090 3091
3 2989 3091 2990
3 2990 3091 3092
3 2990 3092 2991
3 2991 3092 3093
3 2991 3093 2992
3 2992 3093 3094
3 2992 3094 2993
3 2993 3094 3095
3 2993 3095 2994
3 2994 3095 3096
3 2994 3096 2995
3 2995 3096 3097
3 2995 3097 2996
3 2996 3097 3098
3 2996 3098 2997
3 2997 3098 3099
3 2997 3099 2998
3 2998 3099 3100
3 2998 3100 2999
3 2999 3100 3101
3 2999 3101 3000
3 3000 3101 3102
3 3000 3102 3001
3 3001 3102 3103
3 3001 3103 3002
3 3002 3103 3104
3 3002 3104 3003
3 3003 3104 3105
3 3003 3105 3004
3 3004 3105 3106
3 3004 3106 3005
3 3005 3106 3107
3 3005 3107 3006
3 3006 3107 3108
3 3006 3108 3007
3 3007 3108 3109
3 3007 3109 3008
3 3008 3109 3110
3 3008 3110 3009
3 3009 3110 3111
3 3009 3111 3010
3 3010 3111 3112
3 3010 3112 3011
3 3011 3112 3113
3 3011 3113 3012
3 3012 3113 3114
3 3012 3114 3013
3 3013 3114 3115
3 3013 3115 3014
3 3014 3115 3116
3 3014 3116 3015
3 3015 3116 3117
3 3015 3117 3016
3 3016 3117 3118
3 3016 3118 3017
3 3017 3118 3119
3 3017 3119 3018
3 3018 3119 3120
3 3018 3120 3019
3 3019 3120 3121
3 3019 3121 3020
3 3020 3121 3122
3 3020 3122 3021
3 3021 3122 3123
3 3021 3123 3022
3 3022 3123 3124
3 3022 3124 3023
3 3023 3124 3125
3 3023 3125 3024
3 3024 3125 3126
3 3024 3126 3025
3 3025 3126 3127
3 3025 3127 3026
3 3026 3127 3128
3 3026 3128 3027
3 3027 3128 3129
3 3027 3129 3028
3 3028 3129 3130
3 3028 3130 3029
3 3030 3131 3132
3 3030 3132 3031
3 3031 3132 3133
3 3031 3133 3032
3 3032 3133 3134
3 3032 3134 3033
3 3033 3134 3135
3 3033 3135 3034
3 3034 3135 3136
3 3034 3136 3035
3 3035 3136 3137
3 3035 3137 3036
3 3036 3137 3138
3 3036 3138 3037
3 3037 3138 3139
3 3037 3139 3038
3 3038 3139 3140
3 3038 3140 3039
3 3039 3140 3141
3 3039 3141 3040
3 3040 3141 3142
3 3040 3142 3041
3 3041 3142 3143
3 3041 3143 3042
3 3042 3143 3144
3 3042 3144 3043
3 3043 3144 3145
3 3043 3145 3044
3 3044 3145 3146
3 3044 3146 3045
3 3045 3146 3147
3 3045 3147 3046
3 3046 3147 3148
3 3046 3148 3047
3 3047 3148 3149
3 3047 3149 3048
3 3048 3149 3150
3 3048 3150 3049
3 3049 3150 3151
3 3049 3151 3050
3 3050 3151 3152
3 3050 3152 3051
3 3051 3152 3153
3 3051 3153 3052
3 3052 3153 3154
3 3052 3154 3053
3 3053 3154 3155
3 3053 3155 3054
3 3054 3155 3156
3 3054 3156 3055
3 3055 3156 3157
3 3055 3157 3056
3 3056 3157 3158
3 3056 3158 3057
3 3057 3158 3159
3 3057 3159 3058
3 3058 3159 3160
3 3058 3160 3059
3 3059 3160 3161
3 3059 3161 3060
3 3060 3161 3162
3 3060 3162 3061
3 3061 3162 3163
3 3061 3163 3062
3 3062 3163 3164
3 3062 3164 3063
3 3063 3164 3165
3 3063 3165 3064
3 3064 3165 3166
3 3064 3166 3065
3 3065 3166 3167
3 3065 3167 3066
3 3066 3167 3168
3 3066 3168 3067
3 3067 3168 3169
3 3067 3169 3068
3 3068 3169 3170
3 3068 3170 3069
3 3069 3170 3171
3 3069 3171 3070
3 3070 3171 3172
3 3070 3172 3071
3 3071 3172 3173
3 3071 3173 3072
3 3072 3173 3174
3 3072 3174 3073
3 3073 3174 3175
3 3073 3175 3074
3 3074 3175 3176
3 3074 3176 3075
3 3075 3176 3177
3 3075 3177 3076
3 3076 3177 3178
3 3076 3178 3077
3 3077 3178 3179
3 3077 3179 3078
3 3078 3179 3180
3 3078 3180 3079
3 3079 3180 3181
3 3079 3181 3080
3 3080 3181 3182
3 3080 3182 3081
3 3081 3182 3183
3 3081 3183 3082
3 3082 3183 3184
3 3082 3184 3083
3 3083 3184 3185
3 3083 3185 3084
3 3084 3185 3186
3 3084 3186 3085
3 3085 3186 3187
3 3085 3187 3086
3 3086 3187 3188
3 3086 3188 3087
3 3087 3188 3189
3 3087 3189 3088
3 3088 3189 3190
3 3088 3190 3089
3 3089 3190 3191
3 3089 3191 3090
3 3090 3191 3192
3 3090 3192 3091
3 3091 3192 3193
3 3091 3193 3092
3 3092 3193 3194
3 3092 3194 3093
3 3093 3194 3195
3 3093 3195 3094
3 3094 3195 3196
3 3094 3196 3095
3 3095 3196 3197
3 3095 3197 3096
3 3096 3197 3198
3 3096 3198 3097
3 3097 3198 3199
3 3097 3199 3098
3 3098 3199 3200
3 3098 3200 3099
3 3099 3200 3201
3 3099 3201 3100
3 3100 3201 3202
3 3100 3202 3101
3 3101 3202 3203
3 3101 3203 3102
3 3102 3203 3204
3 3102 3204 3103
3 3103 3204 3205
3 3103 3205 3104
3 3104 3205 3206
3 3104 3206 3105
3 3105 3206 3207
3 3105 3207 3106
3 3106 3207 3208
3 3106 3208 3107
3 3107 3208 3209
3 3107 3209 3108
3 3108 3209 3210
3 3108 3210 3109
3 3109 3210 3211
3 3109 3211 3110
3 3110 3211 3212
3 3110 3212 3111
3 3111 3212 3213
3 3111 3213 3112
3 3112 3213 3214
3 3112 3214 3113
3 3113 3214 3215
3 3113 3215 3114
3 3114 3215 3216
3 3114 3216 3115
3 3115 3216 3217
3 3115 3217 3116
3 3116 3217 3218
3 3116 3218 3117
3 3117 3218 3219
3 3117 3219 3118
3 3118 3219 3220
3 3118 3220 3119
3 3119 3220 3221
3 3119 3221 3120
3 3120 3221 3222
3 3120 3222 3121
3 3121 3222 3223
3 3121 3223 3122
3 3122 3223 3224
3 3122 3224 3123
3 3123 3224 3225
3 3123 3225 3124
3 3124 3225 3226
3 3124 3226 3125
3 3125 3226 3227
3 3125 3227 3126
3 3126 3227 3228
3 3126 3228 3127
3 3127 3228 3229
3 3127 3229 3128
3 3128 3229 3230
3 3128 3230 3129
3 3129 3230 3231
3 3129 3231 3130
3 3131 3232 3233
3 3131 3233 3132
3 3132 3233 3234
3 3132 3234 3133
3 3133 3234 3235
3 3133 3235 3134
3 3134 3235 3236
3 3134 3236 3135
3 3135 3236 3237
3 3135 3237 3136
3 3136 3237 3238
3 3136 3238 3137
3 3137 3238 3239
3 3137 3239 3138
3 3138 3239 3240
3 3138 3240 3139
3 3139 3240 3241
3 3139 3241 3140
3 3140 3241 3242
3 3140 3242 3141
3 3141 3242 3243
3 3141 3243 3142
3 3142 3243 3244
3 3142 3244 3143
3 3143 3244 3245
3 3143 3245 3144
3 3144 3245 3246
3 3144 3246 3145
3 3145 3246 3247
3 3145 3247 3146
3 3146 3247 3248
3 3146 3248 3147
3 3147 3248 3249
3 3147 3249 3148
3 3148 3249 3250
3 3148 3250 3149
3 3149 3250 3251
3 3149 3251 3150
3 3150 3251 3252
3 3150 3252 3151
3 3151 3252 3253
3 3151 3253 3152
3 3152 3253 3254
3 3152 3254 3153
3 3153 3254 3255
3 3153 3255 3154
3 3154 3255 3256
3 3154 3256 3155
3 3155 3256 3257
3 3155 3257 3156
3 3156 3257 3258
3 3156 3258 3157
3 3157 3258 3259
3 3157 3259 3158
3 3158 3259 3260
3 3158 3260 3159
3 3159 3260 3261
3 3159 3261 3160
3 3160 3261 3262
3 3160 3262 3161
3 3161 3262 3263
3 3161 3263 3162
3 3162 3263 3264
3 3162 3264 3163
3 3163 3264 3265
3 3163 3265 3164
3 3164 3265 3266
3 3164 3266 3165
3 3165 3266 3267
3 3165 3267 3166
3 3166 3267 3268
3 3166 3268 3167
3 3167 3268 3269
3 3167 3269 3168
3 3168 3269 3270
3 3168 3270 3169
3 3169 3270 3271
3 3169 3271 3170
3 3170 3271 3272
3 3170 3272 3171
3 3171 3272 3273
3 3171 3273 3172
3 3172 3273 3274
3 3172 3274 3173
3 3173 3274 3275
3 3173 3275 3174
3 3174 3275 3276
3 3174 3276 3175
3 3175 3276 3277
3 3175 3277 3176
3 3176 3277 3278
3 3176 3278 3177
3 3177 3278 3279
3 3177 3279 3178
3 3178 3279 3280
3 3178 3280 3179
3 3179 3280 3281
3 3179 3281 3180
3 3180 3281 3282
3 3180 3282 3181
3 3181 3282 3283
3 3181 3283 3182
3 3182 3283 3284
3 3182 3284 3183
3 3183 3284 3285
3 3183 3285 3184
3 3184 3285 3286
3 3184 3286 3185
3 3185 3286 3287
3 3185 3287 3186
3 3186 3287 3288
3 3186 3288 3187
3 3187 3288 3289
3 3187 3289 3188
3 3188 3289 3290
3 3188 3290 3189
3 3189 3290 3291
3 3189 3291 3190
3 3190 3291 3292
3 3190 3292 3191
3 3191 3292 3293
3 3191 3293 3192
3 3192 3293 3294
3 3192 3294 3193
3 3193 3294 3295
3 3193 3295 3194
3 3194 3295 3296
3 3194 3296 3195
3 3195 3296 3297
3 3195 3297 3196
3 3196 3297 3298
3 3196 3298 3197
3 3197 3298 3299
3 3197 3299 3198
3 3198 3299 3300
3 3198 3300 3199
3 3199 3300 3301
3 3199 3301 3200
3 3200 3301 3302
3 3200 3302 3201
3 3201 3302 3303
3 3201 3303 3202
3 3202 3303 3304
3 3202 3304 3203
3 3203 3304 3305
3 3203 3305 3204
3 3204 3305 3306
3 3204 3306 3205
3 3205 3306 3307
3 3205 3307 3206
3 3206 3307 3308
3 3206 3308 3207
3 3207 3308 3309
3 3207 3309 3208
3 3208 3309 3310
3 3208 3310 3209
3 3209 3310 3311
3 3209 3311 3210
3 3210 3311 3312
3 3210 3312 3211
3 3211 3312 3313
3 3211 3313 3212
3 3212 3313 3314
3 3212 3314 3213
3 3213 3314 3315
3 3213 3315 3214
3 3214 3315 3316
3 3214 3316 3215
3 3215 3316 3317
3 3215 3317 3216
3 3216 3317 3318
3 3216 3318 3217
3 3217 3318 3319
3 3217 3319 3218
3 3218 3319 3320
3 3218 3320 3219
3 3219 3320 3321
3 3219 3321 3220
3 3220 3321 3322
3 3220 3322 3221
3 3221 3322 3323
3 3221 3323 3222
3 3222 3323 3324
3 3222 3324 3223
3 3223 3324 3325
3 3223 3325 3224
3 3224 3325 3326
3 3224 3326 3225
3 3225 3326 3327
3 3225 3327 3226
3 3226 3327 3328
3 3226 3328 3227
3 3227 3328 3329
3 3227 3329 3228
3 3228 3329 3330
3 3228 3330 3229
3 3229 3330 3331
3 3229 3331 3230
3 3230 3331 3332
3 3230 3332 3231
3 3232 3333 3334
3 3232 3334 3233
3 3233 3334 3335
3 3233 3335 3234
3 3234 3335 3336
3 3234 3336 3235
3 3235 3336 3337
3 3235 3337 3236
3 3236 3337 3338
3 3236 3338 3237
3 3237 3338 3339
3 3237 3339 3238
3 3238 3339 3340
3 3238 3340 3239
3 3239 3340 3341
3 3239 3341 3240
3 3240 3341 3342
3 3240 3342 3241
3 3241 3342 3343
3 3241 3343 3242
3 3242 3343 3344
3 3242 3344 3243
3 3243 3344 3345
3 3243 3345 3244
3 3244 3345 3346
3 3244 3346 3245
3 3245 3346 3347
3 3245 3347 3246
3 3246 3347 3348
3 3246 3348 3247
3 3247 3348 3349
3 3247 3349 3248
3 3248 3349 3350
3 3248 3350 3249
3 3249 3350 3351
3 3249 3351 3250
3 3250 3351 3352
3 3250 3352 3251
3 3251 3352 3353
3 3251 3353 3252
3 3252 3353 3354
3 3252 3354 3253
3 3253 3354 3355
3 3253 3355 3254
3 3254 3355 3356
3 3254 3356 3255
3 3255 3356 3357
3 3255 3357 3256
3 3256 3357 3358
3 3256 3358 3257
3 3257 3358 3359
3 3257 3359 3258
3 3258 3359 3360
3 3258 3360 3259
3 3259 3360 3361
3 3259 3361 3260
3 3260 3361 3362
3 3260 3362 3261
3 3261 3362 3363
3 3261 3363 3262
3 3262 3363 3364
3 3262 3364 3263
3 3263 3364 3365
3 3263 3365 3264
3 3264 3365 3366
3 3264 3366 3265
3 3265 3366 3367
3 3265 3367 3266
3 3266 3367 3368
3 3266 3368 3267
3 3267 3368 3369
3 3267 3369 3268
3 3268 3369 3370
3 3268 3370 3269
3 3269 3370 3371
3 3269 3371 3270
3 3270 3371 3372
3 3270 3372 3271
3 3271 3372 3373
3 3271 3373 3272
3 3272 3373 3374
3 3272 3374 3273
3 3273 3374 3375
3 3273 3375 3274
3 3274 3375 3376
3 3274 3376 3275
3 3275 3376 3377
3 3275 3377 3276
3 3276 3377 3378
3 3276 3378 3277
3 3277 3378 3379
3 3277 3379 3278
3 3278 3379 3380
3 3278 3380 3279
3 3279 3380 3381
3 3279 3381 3280
3 3280 3381 3382
3 3280 3382 3281
3 3281 3382 3383
3 3281 3383 3282
3 3282 3383 3384
3 3282 3384 3283
3 3283 3384 3385
3 3283 3385 3284
3 3284 3385 3386
3 3284 3386 3285
3 3285 3386 3387
3 3285 3387 3286
3 3286 3387 3388
3 3286 3388 3287
3 3287 3388 3389
3 3287 3389 3288
3 3288 3389 3390
3 3288 3390 3289
3 3289 3390 3391
3 3289 3391 3290
3 3290 3391 3392
3 3290 3392 3291
3 3291 3392 3393
3 3291 3393 3292
3 3292 3393 3394
3 3292 3394 3293
3 3293 3394 3395
3 3293 3395 3294
3 3294 3395 3396
3 3294 3396 3295
3 3295 3396 3397
3 3295 3397 3296
3 3296 3397 3398
3 3296 3398 3297
3 3297 3398 3399
3 3297 3399 3298
3 3298 3399 3400
3 3298 3400 3299
3 3299 3400 3401
3 3299 3401 3300
3 3300 3401 3402
3 3300 3402 3301
3 3301 3402 3403
3 3301 3403 3302
3 3302 3403 3404
3 3302 3404 3303
3 3303 3404 3405
3 3303 3405 3304
3 3304 3405 3406
3 3304 3406 3305
3 3305 3406 3407
3 3305 3407 3306
3 3306 3407 3408
3 3306 3408 3307
3 3307 3408 3409
3 3307 3409 3308
3 3308 3409 3410
3 3308 3410 3309
3 3309 3410 3411
3 3309 3411 3310
3 3310 3411 3412
3 3310 3412 3311
3 3311 3412 3413
3 3311 3413 3312
3 3312 3413 3414
3 3312 3414 3313
3 3313 3414 3415
3 3313 3415 3314
3 3314 3415 3416
3 3314 3416 3315
3 3315 3416 3417
3 3315 3417 3316
3 3316 3417 3418
3 3316 3418 3317
3 3317 3418 3419
3 3317 3419 3318
3 3318 3419 3420
3 3318 3420 3319
3 3319 3420 3421
3 3319 3421 3320
3 3320 3421 3422
3 3320 3422 3321
3 3321 3422 3423
3 3321 3423 3322
3 3322 3423 3424
3 3322 3424 3323
3 3323 3424 3425
3 3323 3425 3324
3 3324 3425 3426
3 3324 3426 3325
3 3325 3426 3427
3 3325 3427 3326
3 3326 3427 3428
3 3326 3428 3327
3 3327 3428 3429
3 3327 3429 3328
3 3328 3429 3430
3 3328 3430 3329
3 3329 3430 3431
3 3329 3431 3330
3 3330 3431 3432
3 3330 3432 3331
3 3331 3432 3433
3 3331 3433 3332
3 3333 3434 3435
3 3333 3435 3334
3 3334 3435 3436
3 3334 3436 3335
3 3335 3436 3437
3 3335 3437 3336
3 3336 3437 3438
3 3336 3438 3337
3 3337 3438 3439
3 3337 3439 3338
3 3338 3439 3440
3 3338 3440 3339
3 3339 3440 3441
3 3339 3441 3340
3 3340 3441 3442
3 3340 3442 3341
3 3341 3442 3443
3 3341 3443 3342
3 3342 3443 3444
3 3342 3444 3343
3 3343 3444 3445
3 3343 3445 3344
3 3344 3445 3446
3 3344 3446 3345
3 3345 3446 3447
3 3345 3447 3346
3 3346 3447 3448
3 3346 3448 3347
3 3347 3448 3449
3 3347 3449 3348
3 3348 3449 3450
3 3348 3450 3349
3 3349 3450 3451
3 3349 3451 3350
3 3350 3451 3452
3 3350 3452 3351
3 3351 3452 3453
3 3351 3453 3352
3 3352 3453 3454
3 3352 3454 3353
3 3353 3454 3455
3 3353 3455 3354
3 3354 3455 3456
3 3354 3456 3355
3 3355 3456 3457
3 3355 3457 3356
3 3356 3457 3458
3 3356 3458 3357
3 3357 3458 3459
3 3357 3459 3358
3 3358 3459 3460
3 3358 3460 3359
3 3359 3460 3461
3 3359 3461 3360
3 3360 3461 3462
3 3360 3462 3361
3 3361 3462 3463
3 3361 3463 3362
3 3362 3463 3464
3 3362 3464 3363
3 3363 3464 3465
3 3363 3465 3364
3 3364 3465 3466
3 3364 3466 3365
3 3365 3466 3467
3 3365 3467 3366
3 3366 3467 3468
3 3366 3468 3367
3 3367 3468 3469
3 3367 3469 3368
3 3368 3469 3470
3 3368 3470 3369
3 3369 3470 3471
3 3369 3471 3370
3 3370 3471 3472
3 3370 3472 3371
3 3371 3472 3473
3 3371 3473 3372
3 3372 3473 3474
3 3372 3474 3373
3 3373 3474 3475
3 3373 3475 3374
3 3374 3475 3476
3 3374 3476 3375
3 3375 3476 3477
3 3375 3477 3376
3 3376 3477 3478
3 3376 3478 3377
3 3377 3478 3479
3 3377 3479 3378
3 3378 3479 3480
3 3378 3480 3379
3 3379 3480 3481
3 3379 3481 3380
3 3380 3481 3482
3 3380 3482 3381
3 3381 3482 3483
3 3381 3483 3382
3 3382 3483 3484
3 3382 3484 3383
3 3383 3484 3485
3 3383 3485 3384
3 3384 3485 3486
3 3384 3486 3385
3 3385 3486 3487
3 3385 3487 3386
3 3386 3487 3488
3 3386 3488 3387
3 3387 3488 3489
3 3387 3489 3388
3 3388 3489 3490
3 3388 3490 3389
3 3389 3490 3491
3 3389 3491 3390
3 3390 3491 3492
3 3390 3492 3391
3 3391 3492 3493
3 3391 3493 3392
3 3392 3493 3494
3 3392 3494 3393
3 3393 3494 3495
3 3393 3495 3394
3 3394 3495 3496
3 3394 3496 3395
3 3395 3496 3497
3 3395 3497 3396
3 3396 3497 3498
3 3396 3498 3397
3 3397 3498 3499
3 3397 3499 3398
3 3398 3499 3500
3 3398 3500 3399
3 3399 3500 3501
3 3399 3501 3400
3 3400 3501 3502
3 3400 3502 3401
3 3401 3502 3503
3 3401 3503 3402
3 3402 3503 3504
3 3402 3504 3403
3 3403 3504 3505
3 3403 3505 3404
3 3404 3505 3506
3 3404 3506 3405
3 3405 3506 3507
3 3405 3507 3406
3 3406 3507 3508
3 3406 3508 3407
3 3407 3508 3509
3 3407 3509 3408
3 3408 3509 3510
3 3408 3510 3409
3 3409 3510 3511
3 3409 3511 3410
3 3410 3511 3512
3 3410 3512 3411
3 3411 3512 3513
3 3411 3513 3412
3 3412 3513 3514
3 3412 3514 3413
3 3413 3514 3515
3 3413 3515 3414
3 3414 3515 3516
3 3414 3516 3415
3 3415 3516 3517
3 3415 3517 3416
3 3416 3517 3518
3 3416 3518 3417
3 3417 3518 3519
3 3417 3519 3418
3 3418 3519 3520
3 3418 3520 3419
3 3419 3520 3521
3 3419 3521 3420
3 3420 3521 3522
3 3420 3522 3421
3 3421 3522 3523
3 3421 3523 3422
3 3422 3523 3524
3 3422 3524 3423
3 3423 3524 3525
3 3423 3525 3424
3 3424 3525 3526
3 3424 3526 3425
3 3425 3526 3527
3 3425 3527 3426
3 3426 3527 3528
3 3426 3528 3427
3 3427 3528 3529
3 3427 3529 3428
3 3428 3529 3530
3 3428 3530 3429
3 3429 3530 3531
3 3429 3531 3430
3 3430 3531 3532
3 3430 3532 3431
3 3431 3532 3533
3 3431 3533 3432
3 3432 3533 3534
3 3432 3534 3433
3 3434 3535 3536
3 3434 3536 3435
3 3435 3536 3537
3 3435 3537 3436
3 3436 3537 3538
3 3436 3538 3437
3 3437 3538 3539
3 3437 3539 3438
3 3438 3539 3540
3 3438 3540 3439
3 3439 3540 3541
3 3439 3541 3440
3 3440 3541 3542
3 3440 3542 3441
3 3441 3542 3543
3 3441 3543 3442
3 3442 3543 3544
3 3442 3544 3443
3 3443 3544 3545
3 3443 3545 3444
3 3444 3545 3546
3 3444 3546 3445
3 3445 3546 3547
3 3445 3547 3446
3 3446 3547 3548
3 3446 3548 3447
3 3447 3548 3549
3 3447 3549 3448
3 3448 3549 3550
3 3448 3550 3449
3 3449 3550 3551
3 3449 3551 3450
3 3450 3551 3552
3 3450 3552 3451
3 3451 3552 3553
3 3451 3553 3452
3 3452 3553 3554
3 3452 3554 3453
3 3453 3554 3555
3 3453 3555 3454
3 3454 3555 3556
3 3454 3556 3455
3 3455 3556 3557
3 3455 3557 3456
3 3456 3557 3558
3 3456 3558 3457
3 3457 3558 3559
3 3457 3559 3458
3 3458 3559 3560
3 3458 3560 3459
3 3459 3560 3561
3 3459 3561 3460
3 3460 3561 3562
3 3460 3562 3461
3 3461 3562 3563
3 3461 3563 3462
3 3462 3563 3564
3 3462 3564 3463
3 3463 3564 3565
3 3463 3565 3464
3 3464 3565 3566
3 3464 3566 3465
3 3465 3566 3567
3 3465 3567 3466
3 3466 3567 3568
3 3466 3568 3467
3 3467 3568 3569
3 3467 3569 3468
3 3468 3569 3570
3 3468 3570 3469
3 3469 3570 3571
3 3469 3571 3470
3 3470 3571 3572
3 3470 3572 3471
3 3471 3572 3573
3 3471 3573 3472
3 3472 3573 3574
3 3472 3574 3473
3 3473 3574 3575
3 3473 3575 3474
3 3474 3575 3576
3 3474 3576 3475
3 3475 3576 3577
3 3475 3577 3476
3 3476 3577 3578
3 3476 3578 3477
3 3477 3578 3579
3 3477 3579 3478
3 3478 3579 3580
3 3478 3580 3479
3 3479 3580 3581
3 3479 3581 3480
3 3480 3581 3582
3 3480 3582 3481
3 3481 3582 3583
3 3481 3583 3482
3 3482 3583 3584
3 3482 3584 3483
3 3483 3584 3585
3 3483 3585 3484
3 3484 3585 3586
3 3484 3586 3485
3 3485 3586 3587
3 3485 3587 3486
3 3486 3587 3588
3 3486 3588 3487
3 3487 3588 3589
3 3487 3589 3488
3 3488 3589 3590
3 3488 3590 3489
3 3489 3590 3591
3 3489 3591 3490
3 3490 3591 3592
3 3490 3592 3491
3 3491 3592 3593
3 3491 3593 3492
3 3492 3593 3594
3 3492 3594 3493
3 3493 3594 3595
3 3493 3595 3494
3 3494 3595 3596
3 3494 3596 3495
3 3495 3596 3597
3 3495 3597 3496
3 3496 3597 3598
3 3496 3598 3497
3 3497 3598 3599
3 3497 3599 3498
3 3498 3599 3600
3 3498 3600 3499
3 3499 3600 3601
3 3499 3601 3500
3 3500 3601 3602
3 3500 3602 3501
3 3501 3602 3603
3 3501 3603 3502
3 3502 3603 3604
3 3502 3604 3503
3 3503 3604 3605
3 3503 3605 3504
3 3504 3605 3606
3 3504 3606 3505
3 3505 3606 3607
3 3505 3607 3506
3 3506 3607 3608
3 3506 3608 3507
3 3507 3608 3609
3 3507 3609 3508
3 3508 3609 3610
3 3508 3610 3509
3 3509 3610 3611
3 3509 3611 3510
3 3510 3611 3612
3 3510 3612 3511
3 3511 3612 3613
3 3511 3613 3512
3 3512 3613 3614
3 3512 3614 3513
3 3513 3614 3615
3 3513 3615 3514
3 3514 3615 3616
3 3514 3616 3515
3 3515 3616 3617
3 3515 3617 3516
3 3516 3617 3618
3 3516 3618 3517
3 3517 3618 3619
3 3517 3619 3518
3 3518 3619 3620
3 3518 3620 3519
3 3519 3620 3621
3 3519 3621 3520
3 3520 3621 3622
3 3520 3622 3521
3 3521 3622 3623
3 3521 3623 3522
3 3522 3623 3624
3 3522 3624 3523
3 3523 3624 3625
3 3523 3625 3524
3 3524 3625 3626
3 3524 3626 3525
3 3525 3626 3627
3 3525 3627 3526
3 3526 3627 3628
3 3526 3628 3527
3 3527 3628 3629
3 3527 3629 3528
3 3528 3629 3630
3 3528 3630 3529
3 3529 3630 3631
3 3529 3631 3530
3 3530 3631 3632
3 3530 3632 3531
3 3531 3632 3633
3 3531 3633 3532
3 3532 3633 3634
3 3532 3634 3533
3 3533 3634 3635
3 3533 3635 3534
3 3535 3636 3637
3 3535 3637 3536
3 3536 3637 3638
3 3536 3638 3537
3 3537 3638 3639
3 3537 3639 3538
3 3538 3639 3640
3 3538 3640 3539
3 3539 3640 3641
3 3539 3641 3540
3 3540 3641 3642
3 3540 3642 3541
3 3541 3642 3643
3 3541 3643 3542
3 3542 3643 3644
3 3542 3644 3543
3 3543 3644 3645
3 3543 3645 3544
3 3544 3645 3646
3 3544 3646 3545
3 3545 3646 3647
3 3545 3647 3546
3 3546 3647 3648
3 3546 3648 3547
3 3547 3648 3649
3 3547 3649 3548
3 3548 3649 3650
3 3548 3650 3549
3 3549 3650 3651
3 3549 3651 3550
3 3550 3651 3652
3 3550 3652 3551
3 3551 3652 3653
3 3551 3653 3552
3 3552 3653 3654
3 3552 3654 3553
3 3553 3654 3655
3 3553 3655 3554
3 3554 3655 3656
3 3554 3656 3555
3 3555 3656 3657
3 3555 3657 3556
3 3556 3657 3658
3 3556 3658 3557
3 3557 3658 3659
3 3557 3659 3558
3 3558 3659 3660
3 3558 3660 3559
3 3559 3660 3661
3 3559 3661 3560
3 3560 3661 3662
3 3560 3662 3561
3 3561 3662 3663
3 3561 3663 3562
3 3562 3663 3664
3 3562 3664 3563
3 3563 3664 3665
3 3563 3665 3564
3 3564 3665 3666
3 3564 3666 3565
3 3565 3666 3667
3 3565 3667 3566
3 3566 3667 3668
3 3566 3668 3567
3 3567 3668 3669
3 3567 3669 3568
3 3568 3669 3670
3 3568 3670 3569
3 3569 3670 3671
3 3569 3671 3570
3 3570 3671 3672
3 3570 3672 3571
3 3571 3672 3673
3 3571 3673 3572
3 3572 3673 3674
3 3572 3674 3573
3 3573 3674 3675
3 3573 3675 3574
3 3574 3675 3676
3 3574 3676 3575
3 3575 3676 3677
3 3575 3677 3576
3 3576 3677 3678
3 3576 3678 3577
3 3577 3678 3679
3 3577 3679 3578
3 3578 3679 3680
3 3578 3680 3579
3 3579 3680 3681
3 3579 3681 3580
3 3580 3681 3682
3 3580 3682 3581
3 3581 3682 3683
3 3581 3683 3582
3 3582 3683 3684
3 3582 3684 3583
3 3583 3684 3685
3 3583 3685 3584
3 3584 3685 3686
3 3584 3686 3585
3 3585 3686 3687
3 3585 3687 3586
3 3586 3687 3688
3 3586 3688 3587
3 3587 3688 3689
3 3587 3689 3588
3 3588 3689 3690
3 3588 3690 3589
3 3589 3690 3691
3 3589 3691 3590
3 3590 3691 3692
3 3590 3692 3591
3 3591 3692 3693
3 3591 3693 3592
3 3592 3693 3694
3 3592 3694 3593
3 3593 3694 3695
3 3593 3695 3594
3 3594 3695 3696
3 3594 3696 3595
3 3595 3696 3697
3 3595 3697 3596
3 3596 3697 3698
3 3596 3698 3597
3 3597 3698 3699
3 3597 3699 3598
3 3598 3699 3700
3 3598 3700 3599
3 3599 3700 3701
3 3599 3701 3600
3 3600 3701 3702
3 3600 3702 3601
3 3601 3702 3703
3 3601 3703 3602
3 3602 3703 3704
3 3602 3704 3603
3 3603 3704 3705
3 3603 3705 3604
3 3604 3705 3706
3 3604 3706 3605
3 3605 3706 3707
3 3605 3707 3606
3 3606 3707 3708
3 3606 3708 3607
3 3607 3708 3709
3 3607 3709 3608
3 3608 3709 3710
3 3608 3710 3609
3 3609 3710 3711
3 3609 3711 3610
3 3610 3711 3712
3 3610 3712 3611
3 3611 3712 3713
3 3611 3713 3612
3 3612 3713 3714
3 3612 3714 3613
3 3613 3714 3715
3 3613 3715 3614
3 3614 3715 3716
3 3614 3716 3615
3 3615 3716 3717
3 3615 3717 3616
3 3616 3717 3718
3 3616 3718 3617
3 3617 3718 3719
3 3617 3719 3618
3 3618 3719 3720
3 3618 3720 3619
3 3619 3720 3721
3 3619 3721 3620
3 3620 3721 3722
3 3620 3722 3621
3 3621 3722 3723
3 3621 3723 3622
3 3622 3723 3724
3 3622 3724 3623
3 3623 3724 3725
3 3623 3725 3624
3 3624 3725 3726
3 3624 3726 3625
3 3625 3726 3727
3 3625 3727 3626
3 3626 3727 3728
3 3626 3728 3627
3 3627 3728 3729
3 3627 3729 3628
3 3628 3729 3730
3 3628 3730 3629
3 3629 3730 3731
3 3629 3731 3630
3 3630 3731 3732
3 3630 3732 3631
3 3631 3732 3733
3 3631 3733 3632
3 3632 3733 3734
3 3632 3734 3633
3 3633 3734 3735
3 3633 3735 3634
3 3634 3735 3736
3 3634 3736 3635
3 3636 3737 3738
3 3636 3738 3637
3 3637 3738 3739
3 3637 3739 3638
3 3638 3739 3740
3 3638 3740 3639
3 3639 3740 3741
3 3639 3741 3640
3 3640 3741 3742
3 3640 3742 3641
3 3641 3742 3743
3 3641 3743 3642
3 3642 3743 3744
3 3642 3744 3643
3 3643 3744 3745
3 3643 3745 3644
3 3644 3745 3746
3 3644 3746 3645
3 3645 3746 3747
3 3645 3747 3646
3 3646 3747 3748
3 3646 3748 3647
3 3647 3748 3749
3 3647 3749 3648
3 3648 3749 3750
3 3648 3750 3649
3 3649 3750 3751
3 3649 3751 3650
3 3650 3751 3752
3 3650 3752 3651
3 3651 3752 3753
3 3651 3753 3652
3 3652 3753 3754
3 3652 3754 3653
3 3653 3754 3755
3 3653 3755 3654
3 3654 3755 3756
3 3654 3756 3655
3 3655 3756 3757
3 3655 3757 3656
3 3656 3757 3758
3 3656 3758 3657
3 3657 3758 3759
3 3657 3759 3658
3 3658 3759 3760
3 3658 3760 3659
3 3659 3760 3761
3 3659 3761 3660
3 3660 3761 3762
3 3660 3762 3661
3 3661 3762 3763
3 3661 3763 3662
3 3662 3763 3764
3 3662 3764 3663
3 3663 3764 3765
3 3663 3765 3664
3 3664 3765 3766
3 3664 3766 3665
3 3665 3766 3767
3 3665 3767 3666
3 3666 3767 3768
3 3666 3768 3667
3 3667 3768 3769
3 3667 3769 3668
3 3668 3769 3770
3 3668 3770 3669
3 3669 3770 3771
3 3669 3771 3670
3 3670 3771 3772
3 3670 3772 3671
3 3671 3772 3773
3 3671 3773 3672
3 3672 3773 3774
3 3672 3774 3673
3 3673 3774 3775
3 3673 3775 3674
3 3674 3775 3776
3 3674 3776 3675
3 3675 3776 3777
3 3675 3777 3676
3 3676 3777 3778
3 3676 3778 3677
3 3677 3778 3779
3 3677 3779 3678
3 3678 3779 3780
3 3678 3780 3679
3 3679 3780 3781
3 3679 3781 3680
3 3680 3781 3782
3 3680 3782 3681
3 3681 3782 3783
3 3681 3783 3682
3 3682 3783 3784
3 3682 3784 3683
3 3683 3784 3785
3 3683 3785 3684
3 3684 3785 3786
3 3684 3786 3685
3 3685 3786 3787
3 3685 3787 3686
3 3686 3787 3788
3 3686 3788 3687
3 3687 3788 3789
3 3687 3789 3688
3 3688 3789 3790
3 3688 3790 3689
3 3689 3790 3791
3 3689 3791 3690
3 3690 3791 3792
3 3690 3792 3691
3 3691 3792 3793
3 3691 3793 3692
3 3692 3793 3794
3 3692 3794 3693
3 3693 3794 3795
3 3693 3795 3694
3 3694 3795 3796
3 3694 3796 3695
3 3695 3796 3797
3 3695 3797 3696
3 3696 3797 3798
3 3696 3798 3697
3 3697 3798 3799
3 3697 3799 3698
3 3698 3799 3800
3 3698 3800 3699
3 3699 3800 3801
3 3699 3801 3700
3 3700 3801 3802
3 3700 3802 3701
3 3701 3802 3803
3 3701 3803 3702
3 3702 3803 3804
3 3702 3804 3703
3 3703 3804 3805
3 3703 3805 3704
3 3704 3805 3806
3 3704 3806 3705
3 3705 3806 3807
3 3705 3807 3706
3 3706 3807 3808
3 3706 3808 3707
3 3707 3808 3809
3 3707 3809 3708
3 3708 3809 3810
3 3708 3810 3709
3 3709 3810 3811
3 3709 3811 3710
3 3710 3811 3812
3 3710 3812 3711
3 3711 3812 3813
3 3711 3813 3712
3 3712 3813 3814
3 3712 3814 3713
3 3713 3814 3815
3 3713 3815 3714
3 3714 3815 3816
3 3714 3816 3715
3 3715 3816 3817
3 3715 3817 3716
3 3716 3817 3818
3 3716 3818 3717
3 3717 3818 3819
3 3717 3819 3718
3 3718 3819 3820
3 3718 3820 3719
3 3719 3820 3821
3 3719 3821 3720
3 3720 3821 3822
3 3720 3822 3721
3 3721 3822 3823
3 3721 3823 3722
3 3722 3823 3824
3 3722 3824 3723
3 3723 3824 3825
3 3723 3825 3724
3 3724 3825 3826
3 3724 3826 3725
3 3725 3826 3827
3 3725 3827 3726
3 3726 3827 3828
3 3726 3828 3727
3 3727 3828 3829
3 3727 3829 3728
3 3728 3829 3830
3 3728 3830 3729
3 3729 3830 3831
3 3729 3831 3730
3 3730 3831 3832
3 3730 3832 3731
3 3731 3832 3833
3 3731 3833 3732
3 3732 3833 3834
3 3732 3834 3733
3 3733 3834 3835
3 3733 3835 3734
3 3734 3835 3836
3 3734 3836 3735
3 3735 3836 3837
3 3735 3837 3736
3 3737 3838 3839
3 3737 3839 3738
3 3738 3839 3840
3 3738 3840 3739
3 3739 3840 3841
3 3739 3841 3740
3 3740 3841 3842
3 3740 3842 3741
3 3741 3842 3843
3 3741 3843 3742
3 3742 3843 3844
3 3742 3844 3743
3 3743 3844 3845
3 3743 3845 3744
3 3744 3845 3846
3 3744 3846 3745
3 3745 3846 3847
3 3745 3847 3746
3 3746 3847 3848
3 3746 3848 3747
3 3747 3848 3849
3 3747 3849 3748
3 3748 3849 3850
3 3748 3850 3749
3 3749 3850 3851
3 3749 3851 3750
3 3750 3851 3852
3 3750 3852 3751
3 3751 3852 3853
3 3751 3853 3752
3 3752 3853 3854
3 3752 3854 3753
3 3753 3854 3855
3 3753 3855 3754
3 3754 3855 3856
3 3754 3856 3755
3 3755 3856 3857
3 3755 3857 3756
3 3756 3857 3858
3 3756 3858 3757
3 3757 3858 3859
3 3757 3859 3758
3 3758 3859 3860
3 3758 3860 3759
3 3759 3860 3861
3 3759 3861 3760
3 3760 3861 3862
3 3760 3862 3761
3 3761 3862 3863
3 3761 3863 3762
3 3762 3863 3864
3 3762 3864 3763
3 3763 3864 3865
3 3763 3865 3764
3 3764 3865 3866
3 3764 3866 3765
3 3765 3866 3867
3 3765 3867 3766
3 3766 3867 3868
3 3766 3868 3767
3 3767 3868 3869
3 3767 3869 3768
3 3768 3869 3870
3 3768 3870 3769
3 3769 3870 3871
3 3769 3871 3770
3 3770 3871 3872
3 3770 3872 3771
3 3771 3872 3873
3 3771 3873 3772
3 3772 3873 3874
3 3772 3874 3773
3 3773 3874 3875
3 3773 3875 3774
3 3774 3875 3876
3 3774 3876 3775
3 3775 3876 3877
3 3775 3877 3776
3 3776 3877 3878
3 3776 3878 3777
3 3777 3878 3879
3 3777 3879 3778
3 3778 3879 3880
3 3778 3880 3779
3 3779 3880 3881
3 3779 3881 3780
3 3780 3881 3882
3 3780 3882 3781
3 3781 3882 3883
3 3781 3883 3782
3 3782 3883 3884
3 3782 3884 3783
3 3783 3884 3885
3 3783 3885 3784
3 3784 3885 3886
3 3784 3886 3785
3 3785 3886 3887
3 3785 3887 3786
3 3786 3887 3888
3 3786 3888 3787
3 3787 3888 3889
3 3787 3889 3788
3 3788 3889 3890
3 3788 3890 3789
3 3789 3890 3891
3 3789 3891 3790
3 3790 3891 3892
3 3790 3892 3791
3 3791 3892 3893
3 3791 3893 3792
3 3792 3893 3894
3 3792 3894 3793
3 3793 3894 3895
3 3793 3895 3794
3 3794 3895 3896
3 3794 3896 3795
3 3795 3896 3897
3 3795 3897 3796
3 3796 3897 3898
3 3796 3898 3797
3 3797 3898 3899
3 3797 3899 3798
3 3798 3899 3900
3 3798 3900 3799
3 3799 3900 3901
3 3799 3901 3800
3 3800 3901 3902
3 3800 3902 3801
3 3801 3902 3903
3 3801 3903 3802
3 3802 3903 3904
3 3802 3904 3803
3 3803 3904 3905
3 3803 3905 3804
3 3804 3905 3906
3 3804 3906 3805
3 3805 3906 3907
3 3805 3907 3806
3 3806 3907 3908
3 3806 3908 3807
3 3807 3908 3909
3 3807 3909 3808
3 3808 3909 3910
3 3808 3910 3809
3 3809 3910 3911
3 3809 3911 3810
3 3810 3911 3912
3 3810 3912 3811
3 3811 3912 3913
3 3811 3913 3812
3 3812 3913 3914
3 3812 3914 3813
3 3813 3914 3915
3 3813 3915 3814
3 3814 3915 3916
3 3814 3916 3815
3 3815 3916 3917
3 3815 3917 3816
3 3816 3917 3918
3 3816 3918 3817
3 3817 3918 3919
3 3817 3919 3818
3 3818 3919 3920
3 3818 3920 3819
3 3819 3920 3921
3 3819 3921 3820
3 3820 3921 3922
3 3820 3922 3821
3 3821 3922 3923
3 3821 3923 3822
3 3822 3923 3924
3 3822 3924 3823
3 3823 3924 3925
3 3823 3925 3824
3 3824 3925 3926
3 3824 3926 3825
3 3825 3926 3927
3 3825 3927 3826
3 3826 3927 3928
3 3826 3928 3827
3 3827 3928 3929
3 3827 3929 3828
3 3828 3929 3930
3 3828 3930 3829
3 3829 3930 3931
3 3829 3931 3830
3 3830 3931 3932
3 3830 3932 3831
3 3831 3932 3933
3 3831 3933 3832
3 3832 3933 3934
3 3832 3934 3833
3 3833 3934 3935
3 3833 3935 3834
3 3834 3935 3936
3 3834 3936 3835
3 3835 3936 3937
3 3835 3937 3836
3 3836 3937 3938
3 3836 3938 3837
3 3838 3939 3940
3 3838 3940 3839
3 3839 3940 3941
3 3839 3941 3840
3 3840 3941 3942
3 3840 3942 3841
3 3841 3942 3943
3 3841 3943 3842
3 3842 3943 3944
3 3842 3944 3843
3 3843 3944 3945
3 3843 3945 3844
3 3844 3945 3946
3 3844 3946 3845
3 3845 3946 3947
3 3845 3947 3846
3 3846 3947 3948
3 3846 3948 3847
3 3847 3948 3949
3 3847 3949 3848
3 3848 3949 3950
3 3848 3950 3849
3 3849 3950 3951
3 3849 3951 3850
3 3850 3951 3952
3 3850 3952 3851
3 3851 3952 3953
3 3851 3953 3852
3 3852 3953 3954
3 3852 3954 3853
3 3853 3954 3955
3 3853 3955 3854
3 3854 3955 3956
3 3854 3956 3855
3 3855 3956 3957
3 3855 3957 3856
3 3856 3957 3958
3 3856 3958 3857
3 3857 3958 3959
3 3857 3959 3858
3 3858 3959 3960
3 3858 3960 3859
3 3859 3960 3961
3 3859 3961 3860
3 3860 3961 3962
3 3860 3962 3861
3 3861 3962 3963
3 3861 3963 3862
3 3862 3963 3964
3 3862 3964 3863
3 3863 3964 3965
3 3863 3965 3864
3 3864 3965 3966
3 3864 3966 3865
3 3865 3966 3967
3 3865 3967 3866
3 3866 3967 3968
3 3866 3968 3867
3 3867 3968 3969
3 3867 3969 3868
3 3868 3969 3970
3 3868 3970 3869
3 3869 3970 3971
3 3869 3971 3870
3 3870 3971 3972
3 3870 3972 3871
3 3871 3972 3973
3 3871 3973 3872
3 3872 3973 3974
3 3872 3974 3873
3 3873 3974 3975
3 3873 3975 3874
3 3874 3975 3976
3 3874 3976 3875
3 3875 3976 3977
3 3875 3977 3876
3 3876 3977 3978
3 3876 3978 3877
3 3877 3978 3979
3 3877 3979 3878
3 3878 3979 3980
3 3878 3980 3879
3 3879 3980 3981
3 3879 3981 3880
3 3880 3981 3982
3 3880 3982 3881
3 3881 3982 3983
3 3881 3983 3882
3 3882 3983 3984
3 3882 3984 3883
3 3883 3984 3985
3 3883 3985 3884
3 3884 3985 3986
3 3884 3986 3885
3 3885 3986 3987
3 3885 3987 3886
3 3886 3987 3988
3 3886 3988 3887
3 3887 3988 3989
3 3887 3989 3888
3 3888 3989 3990
3 3888 3990 3889
3 3889 3990 3991
3 3889 3991 3890
3 3890 3991 3992
3 3890 3992 3891
3 3891 3992 3993
3 3891 3993 3892
3 3892 3993 3994
3 3892 3994 3893
3 3893 3994 3995
3 3893 3995 3894
3 3894 3995 3996
3 3894 3996 3895
3 3895 3996 3997
3 3895 3997 3896
3 3896 3997 3998
3 3896 3998 3897
3 3897 3998 3999
3 3897 3999 3898
3 3898 3999 4000
3 3898 4000 3899
3 3899 4000 4001
3 3899 4001 3900
3 3900 4001 4002
3 3900 4002 3901
3 3901 4002 4003
3 3901 4003 3902
3 3902 4003 4004
3 3902 4004 3903
3 3903 4004 4005
3 3903 4005 3904
3 3904 4005 4006
3 3904 4006 3905
3 3905 4006 4007
3 3905 4007 3906
3 3906 4007 4008
3 3906 4008 3907
3 3907 4008 4009
3 3907 4009 3908
3 3908 4009 4010
3 3908 4010 3909
3 3909 4010 4011
3 3909 4011 3910
3 3910 4011 4012
3 3910 4012 3911
3 3911 4012 4013
3 3911 4013 3912
3 3912 4013 4014
3 3912 4014 3913
3 3913 4014 4015
3 3913 4015 3914
3 3914 4015 4016
3 3914 4016 3915
3 3915 4016 4017
3 3915 4017 3916
3 3916 4017 4018
3 3916 4018 3917
3 3917 4018 4019
3 3917 4019 3918
3 3918 4019 4020
3 3918 4020 3919
3 3919 4020 4021
3 3919 4021 3920
3 3920 4021 4022
3 3920 4022 3921
3 3921 4022 4023
3 3921 4023 3922
3 3922 4023 4024
3 3922 4024 3923
3 3923 4024 4025
3 3923 4025 3924
3 3924 4025 4026
3 3924 4026 3925
3 3925 4026 4027
3 3925 4027 3926
3 3926 4027 4028
3 3926 4028 3927
3 3927 4028 4029
3 3927 4029 3928
3 3928 4029 4030
3 3928 4030 3929
3 3929 4030 4031
3 3929 4031 3930
3 3930 4031 4032
3 3930 4032 3931
3 3931 4032 4033
3 3931 4033 3932
3 3932 4033 4034
3 3932 4034 3933
3 3933 4034 4035
3 3933 4035 3934
3 3934 4035 4036
3 3934 4036 3935
3 3935 4036 4037
3 3935 4037 3936
3 3936 4037 4038
3 3936 4038 3937
3 3937 4038 4039
3 3937 4039 3938
3 3939 4040 4041
3 3939 4041 3940
3 3940 4041 4042
3 3940 4042 3941
3 3941 4042 4043
3 3941 4043 3942
3 3942 4043 4044
3 3942 4044 3943
3 3943 4044 4045
3 3943 4045 3944
3 3944 4045 4046
3 3944 4046 3945
3 3945 4046 4047
3 3945 4047 3946
3 3946 4047 4048
3 3946 4048 3947
3 3947 4048 4049
3 3947 4049 3948
3 3948 4049 4050
3 3948 4050 3949
3 3949 4050 4051
3 3949 4051 3950
3 3950 4051 4052
3 3950 4052 3951
3 3951 4052 4053
3 3951 4053 3952
3 3952 4053 4054
3 3952 4054 3953
3 3953 4054 4055
3 3953 4055 3954
3 3954 4055 4056
3 3954 4056 3955
3 3955 4056 4057
3 3955 4057 3956
3 3956 4057 4058
3 3956 4058 3957
3 3957 4058 4059
3 3957 4059 3958
3 3958 4059 4060
3 3958 4060 3959
3 3959 4060 4061
3 3959 4061 3960
3 3960 4061 4062
3 3960 4062 3961
3 3961 4062 4063
3 3961 4063 3962
3 3962 4063 4064
3 3962 4064 3963
3 3963 4064 4065
3 3963 4065 3964
3 3964 4065 4066
3 3964 4066 3965
3 3965 4066 4067
3 3965 4067 3966
3 3966 4067 4068
3 3966 4068 3967
3 3967 4068 4069
3 3967 4069 3968
3 3968 4069 4070
3 3968 4070 3969
3 3969 4070 4071
3 3969 4071 3970
3 3970 4071 4072
3 3970 4072 3971
3 3971 4072 4073
3 3971 4073 3972
3 3972 4073 4074
3 3972 4074 3973
3 3973 4074 4075
3 3973 4075 3974
3 3974 4075 4076
3 3974 4076 3975
3 3975 4076 4077
3 3975 4077 3976
3 3976 4077 4078
3 3976 4078 3977
3 3977 4078 4079
3 3977 4079 3978
3 3978 4079 4080
3 3978 4080 3979
3 3979 4080 4081
3 3979 4081 3980
3 3980 4081 4082
3 3980 4082 3981
3 3981 4082 4083
3 3981 4083 3982
3 3982 4083 4084
3 3982 4084 3983
3 3983 4084 4085
3 3983 4085 3984
3 3984 4085 4086
3 3984 4086 3985
3 3985 4086 4087
3 3985 4087 3986
3 3986 4087 4088
3 3986 4088 3987
3 3987 4088 4089
3 3987 4089 3988
3 3988 4089 4090
3 3988 4090 3989
3 3989 4090 4091
3 3989 4091 3990
3 3990 4091 4092
3 3990 4092 3991
3 3991 4092 4093
3 3991 4093 3992
3 3992 4093 4094
3 3992 4094 3993
3 3993 4094 4095
3 3993 4095 3994
3 3994 4095 4096
3 3994 4096 3995
3 3995 4096 4097
3 3995 4097 3996
3 3996 4097 4098
3 3996 4098 3997
3 3997 4098 4099
3 3997 4099 3998
3 3998 4099 4100
3 3998 4100 3999
3 3999 4100 4101
3 3999 4101 4000
3 4000 4101 4102
3 4000 4102 4001
3 4001 4102 4103
3 4001 4103 4002
3 4002 4103 4104
3 4002 4104 4003
3 4003 4104 4105
3 4003 4105 4004
3 4004 4105 4106
3 4004 4106 4005
3 4005 4106 4107
3 4005 4107 4006
3 4006 4107 4108
3 4006 4108 4007
3 4007 4108 4109
3 4007 4109 4008
3 4008 4109 4110
3 4008 4110 4009
3 4009 4110 4111
3 4009 4111 4010
3 4010 4111 4112
3 4010 4112 4011
3 4011 4112 4113
3 4011 4113 4012
3 4012 4113 4114
3 4012 4114 4013
3 4013 4114 4115
3 4013 4115 4014
3 4014 4115 4116
3 4014 4116 4015
3 4015 4116 4117
3 4015 4117 4016
3 4016 4117 4118
3 4016 4118 4017
3 4017 4118 4119
3 4017 4119 4018
3 4018 4119 4120
3 4018 4120 4019
3 4019 4120 4121
3 4019 4121 4020
3 4020 4121 4122
3 4020 4122 4021
3 4021 4122 4123
3 4021 4123 4022
3 4022 4123 4124
3 4022 4124 4023
3 4023 4124 4125
3 4023 4125 4024
3 4024 4125 4126
3 4024 4126 4025
3 4025 4126 4127
3 4025 4127 4026
3 4026 4127 4128
3 4026 4128 4027
3 4027 4128 4129
3 4027 4129 4028
3 4028 4129 4130
3 4028 4130 4029
3 4029 4130 4131
3 4029 4131 4030
3 4030 4131 4132
3 4030 4132 4031
3 4031 4132 4133
3 4031 4133 4032
3 4032 4133 4134
3 4032 4134 4033
3 4033 4134 4135
3 4033 4135 4034
3 4034 4135 4136
3 4034 4136 4035
3 4035 4136 4137
3 4035 4137 4036
3 4036 4137 4138
3 4036 4138 4037
3 4037 4138 4139
3 4037 4139 4038
3 4038 4139 4140
3 4038 4140 4039
3 4040 4141 4142
3 4040 4142 4041
3 4041 4142 4143
3 4041 4143 4042
3 4042 4143 4144
3 4042 4144 4043
3 4043 4144 4145
3 4043 4145 4044
3 4044 4145 4146
3 4044 4146 4045
3 4045 4146 4147
3 4045 4147 4046
3 4046 4147 4148
3 4046 4148 4047
3 4047 4148 4149
3 4047 4149 4048
3 4048 4149 4150
3 4048 4150 4049
3 4049 4150 4151
3 4049 4151 4050
3 4050 4151 4152
3 4050 4152 4051
3 4051 4152 4153
3 4051 4153 4052
3 4052 4153 4154
3 4052 4154 4053
3 4053 4154 4155
3 4053 4155 4054
3 4054 4155 4156
3 4054 4156 4055
3 4055 4156 4157
3 4055 4157 4056
3 4056 4157 4158
3 4056 4158 4057
3 4057 4158 4159
3 4057 4159 4058
3 4058 4159 4160
3 4058 4160 4059
3 4059 4160 4161
3 4059 4161 4060
3 4060 4161 4162
3 4060 4162 4061
3 4061 4162 4163
3 4061 4163 4062
3 4062 4163 4164
3 4062 4164 4063
3 4063 4164 4165
3 4063 4165 4064
3 4064 4165 4166
3 4064 4166 4065
3 4065 4166 4167
3 4065 4167 4066
3 4066 4167 4168
3 4066 4168 4067
3 4067 4168 4169
3 4067 4169 4068
3 4068 4169 4170
3 4068 4170 4069
3 4069 4170 4171
3 4069 4171 4070
3 4070 4171 4172
3 4070 4172 4071
3 4071 4172 4173
3 4071 4173 4072
3 4072 4173 4174
3 4072 4174 4073
3 4073 4174 4175
3 4073 4175 4074
3 4074 4175 4176
3 4074 4176 4075
3 4075 4176 4177
3 4075 4177 4076
3 4076 4177 4178
3 4076 4178 4077
3 4077 4178 4179
3 4077 4179 4078
3 4078 4179 4180
3 4078 4180 4079
3 4079 4180 4181
3 4079 4181 4080
3 4080 4181 4182
3 4080 4182 4081
3 4081 4182 4183
3 4081 4183 4082
3 4082 4183 4184
3 4082 4184 4083
3 4083 4184 4185
3 4083 4185 4084
3 4084 4185 4186
3 4084 4186 4085
3 4085 4186 4187
3 4085 4187 4086
3 4086 4187 4188
3 4086 4188 4087
3 4087 4188 4189
3 4087 4189 4088
3 4088 4189 4190
3 4088 4190 4089
3 4089 4190 4191
3 4089 4191 4090
3 4090 4191 4192
3 4090 4192 4091
3 4091 4192 4193
3 4091 4193 4092
3 4092 4193 4194
3 4092 4194 4093
3 4093 4194 4195
3 4093 4195 4094
3 4094 4195 4196
3 4094 4196 4095
3 4095 4196 4197
3 4095 4197 4096
3 4096 4197 4198
3 4096 4198 4097
3 4097 4198 4199
3 4097 4199 4098
3 4098 4199 4200
3 4098 4200 4099
3 4099 4200 4201
3 4099 4201 4100
3 4100 4201 4202
3 4100 4202 4101
3 4101 4202 4203
3 4101 4203 4102
3 4102 4203 4204
3 4102 4204 4103
3 4103 4204 4205
3 4103 4205 4104
3 4104 4205 4206
3 4104 4206 4105
3 4105 4206 4207
3 4105 4207 4106
3 4106 4207 4208
3 4106 4208 4107
3 4107 4208 4209
3 4107 4209 4108
3 4108 4209 4210
3 4108 4210 4109
3 4109 4210 4211
3 4109 4211 4110
3 4110 4211 4212
3 4110 4212 4111
3 4111 4212 4213
3 4111 4213 4112
3 4112 4213 4214
3 4112 4214 4113
3 4113 4214 4215
3 4113 4215 4114
3 4114 4215 4216
3 4114 4216 4115
3 4115 4216 4217
3 4115 4217 4116
3 4116 4217 4218
3 4116 4218 4117
3 4117 4218 4219
3 4117 4219 4118
3 4118 4219 4220
3 4118 4220 4119
3 4119 4220 4221
3 4119 4221 4120
3 4120 4221 4222
3 4120 4222 4121
3 4121 4222 4223
3 4121 4223 4122
3 4122 4223 4224
3 4122 4224 4123
3 4123 4224 4225
3 4123 4225 4124
3 4124 4225 4226
3 4124 4226 4125
3 4125 4226 4227
3 4125 4227 4126
3 4126 4227 4228
3 4126 4228 4127
3 4127 4228 4229
3 4127 4229 4128
3 4128 4229 4230
3 4128 4230 4129
3 4129 4230 4231
3 4129 4231 4130
3 4130 4231 4232
3 4130 4232 4131
3 4131 4232 4233
3 4131 4233 4132
3 4132 4233 4234
3 4132 4234 4133
3 4133 4234 4235
3 4133 4235 4134
3 4134 4235 4236
3 4134 4236 4135
3 4135 4236 4237
3 4135 4237 4136
3 4136 4237 4238
3 4136 4238 4137
3 4137 4238 4239
3 4137 4239 4138
3 4138 4239 4240
3 4138 4240 4139
3 4139 4240 4241
3 4139 4241 4140
3 4141 4242 4243
3 4141 4243 4142
3 4142 4243 4244
3 4142 4244 4143
3 4143 4244 4245
3 4143 4245 4144
3 4144 4245 4246
3 4144 4246 4145
3 4145 4246 4247
3 4145 4247 4146
3 4146 4247 4248
3 4146 4248 4147
3 4147 4248 4249
3 4147 4249 4148
3 4148 4249 4250
3 4148 4250 4149
3 4149 4250 4251
3 4149 4251 4150
3 4150 4251 4252
3 4150 4252 4151
3 4151 4252 4253
3 4151 4253 4152
3 4152 4253 4254
3 4152 4254 4153
3 4153 4254 4255
3 4153 4255 4154
3 4154 4255 4256
3 4154 4256 4155
3 4155 4256 4257
3 4155 4257 4156
3 4156 4257 4258
3 4156 4258 4157
3 4157 4258 4259
3 4157 4259 4158
3 4158 4259 4260
3 4158 4260 4159
3 4159 4260 4261
3 4159 4261 4160
3 4160 4261 4262
3 4160 4262 4161
3 4161 4262 4263
3 4161 4263 4162
3 4162 4263 4264
3 4162 4264 4163
3 4163 4264 4265
3 4163 4265 4164
3 4164 4265 4266
3 4164 4266 4165
3 4165 4266 4267
3 4165 4267 4166
3 4166 4267 4268
3 4166 4268 4167
3 4167 4268 4269
3 4167 4269 4168
3 4168 4269 4270
3 4168 4270 4169
3 4169 4270 4271
3 4169 4271 4170
3 4170 4271 4272
3 4170 4272 4171
3 4171 4272 4273
3 4171 4273 4172
3 4172 4273 4274
3 4172 4274 4173
3 4173 4274 4275
3 4173 4275 4174
3 4174 4275 4276
3 4174 4276 4175
3 4175 4276 4277
3 4175 4277 4176
3 4176 4277 4278
3 4176 4278 4177
3 4177 4278 4279
3 4177 4279 4178
3 4178 4279 4280
3 4178 4280 4179
3 4179 4280 4281
3 4179 4281 4180
3 4180 4281 4282
3 4180 4282 4181
3 4181 4282 4283
3 4181 4283 4182
3 4182 4283 4284
3 4182 4284 4183
3 4183 4284 4285
3 4183 4285 4184
3 4184 4285 4286
3 4184 4286 4185
3 4185 4286 4287
3 4185 4287 4186
3 4186 4287 4288
3 4186 4288 4187
3 4187 4288 4289
3 4187 4289 4188
3 4188 4289 4290
3 4188 4290 4189
3 4189 4290 4291
3 4189 4291 4190
3 4190 4291 4292
3 4190 4292 4191
3 4191 4292 4293
3 4191 4293 4192
3 4192 4293 4294
3 4192 4294 4193
3 4193 4294 4295
3 4193 4295 4194
3 4194 4295 4296
3 4194 4296 4195
3 4195 4296 4297
3 4195 4297 4196
3 4196 4297 4298
3 4196 4298 4197
3 4197 4298 4299
3 4197 4299 4198
3 4198 4299 4300
3 4198 4300 4199
3 4199 4300 4301
3 4199 4301 4200
3 4200 4301 4302
3 4200 4302 4201
3 4201 4302 4303
3 4201 4303 4202
3 4202 4303 4304
3 4202 4304 4203
3 4203 4304 4305
3 4203 4305 4204
3 4204 4305 4306
3 4204 4306 4205
3 4205 4306 4307
3 4205 4307 4206
3 4206 4307 4308
3 4206 4308 4207
3 4207 4308 4309
3 4207 4309 4208
3 4208 4309 4310
3 4208 4310 4209
3 4209 4310 4311
3 4209 4311 4210
3 4210 4311 4312
3 4210 4312 4211
3 4211 4312 4313
3 4211 4313 4212
3 4212 4313 4314
3 4212 4314 4213
3 4213 4314 4315
3 4213 4315 4214
3 4214 4315 4316
3 4214 4316 4215
3 4215 4316 4317
3 4215 4317 4216
3 4216 4317 4318
3 4216 4318 4217
3 4217 4318 4319
3 4217 4319 4218
3 4218 4319 4320
3 4218 4320 4219
3 4219 4320 4321
3 4219 4321 4220
3 4220 4321 4322
3 4220 4322 4221
3 4221 4322 4323
3 4221 4323 4222
3 4222 4323 4324
3 4222 4324 4223
3 4223 4324 4325
3 4223 4325 4224
3 4224 4325 4326
3 4224 4326 4225
3 4225 4326 4327
3 4225 4327 4226
3 4226 4327 4328
3 4226 4328 4227
3 4227 4328 4329
3 4227 4329 4228
3 4228 4329 4330
3 4228 4330 4229
3 4229 4330 4331
3 4229 4331 4230
3 4230 4331 4332
3 4230 4332 4231
3 4231 4332 4333
3 4231 4333 4232
3 4232 4333 4334
3 4232 4334 4233
3 4233 4334 4335
3 4233 4335 4234
3 4234 4335 4336
3 4234 4336 4235
3 4235 4336 4337
3 4235 4337 4236
3 4236 4337 4338
3 4236 4338 4237
3 4237 4338 4339
3 4237 4339 4238
3 4238 4339 4340
3 4238 4340 4239
3 4239 4340 4341
3 4239 4341 4240
3 4240 4341 4342
3 4240 4342 4241
3 4242 4343 4344
3 4242 4344 4243
3 4243 4344 4345
3 4243 4345 4244
3 4244 4345 4346
3 4244 4346 4245
3 4245 4346 4347
3 4245 4347 4246
3 4246 4347 4348
3 4246 4348 4247
3 4247 4348 4349
3 4247 4349 4248
3 4248 4349 4350
3 4248 4350 4249
3 4249 4350 4351
3 4249 4351 4250
3 4250 4351 4352
3 4250 4352 4251
3 4251 4352 4353
3 4251 4353 4252
3 4252 4353 4354
3 4252 4354 4253
3 4253 4354 4355
3 4253 4355 4254
3 4254 4355 4356
3 4254 4356 4255
3 4255 4356 4357
3 4255 4357 4256
3 4256 4357 4358
3 4256 4358 4257
3 4257 4358 4359
3 4257 4359 4258
3 4258 4359 4360
3 4258 4360 4259
3 4259 4360 4361
3 4259 4361 4260
3 4260 4361 4362
3 4260 4362 4261
3 4261 4362 4363
3 4261 4363 4262
3 4262 4363 4364
3 4262 4364 4263
3 4263 4364 4365
3 4263 4365 4264
3 4264 4365 4366
3 4264 4366 4265
3 4265 4366 4367
3 4265 4367 4266
3 4266 4367 4368
3 4266 4368 4267
3 4267 4368 4369
3 4267 4369 4268
3 4268 4369 4370
3 4268 4370 4269
3 4269 4370 4371
3 4269 4371 4270
3 4270 4371 4372
3 4270 4372 4271
3 4271 4372 4373
3 4271 4373 4272
3 4272 4373 4374
3 4272 4374 4273
3 4273 4374 4375
3 4273 4375 4274
3 4274 4375 4376
3 4274 4376 4275
3 4275 4376 4377
3 4275 4377 4276
3 4276 4377 4378
3 4276 4378 4277
3 4277 4378 4379
3 4277 4379 4278
3 4278 4379 4380
3 4278 4380 4279
3 4279 4380 4381
3 4279 4381 4280
3 4280 4381 4382
3 4280 4382 4281
3 4281 4382 4383
3 4281 4383 4282
3 4282 4383 4384
3 4282 4384 4283
3 4283 4384 4385
3 4283 4385 4284
3 4284 4385 4386
3 4284 4386 4285
3 4285 4386 4387
3 4285 4387 4286
3 4286 4387 4388
3 4286 4388 4287
3 4287 4388 4389
3 4287 4389 4288
3 4288 4389 4390
3 4288 4390 4289
3 4289 4390 4391
3 4289 4391 4290
3 4290 4391 4392
3 4290 4392 4291
3 4291 4392 4393
3 4291 4393 4292
3 4292 4393 4394
3 4292 4394 4293
3 4293 4394 4395
3 4293 4395 4294
3 4294 4395 4396
3 4294 4396 4295
3 4295 4396 4397
3 4295 4397 4296
3 4296 4397 4398
3 4296 4398 4297
3 4297 4398 4399
3 4297 4399 4298
3 4298 4399 4400
3 4298 4400 4299
3 4299 4400 4401
3 4299 4401 4300
3 4300 4401 4402
3 4300 4402 4301
3 4301 4402 4403
3 4301 4403 4302
3 4302 4403 4404
3 4302 4404 4303
3 4303 4404 4405
3 4303 4405 4304
3 4304 4405 4406
3 4304 4406 4305
3 4305 4406 4407
3 4305 4407 4306
3 4306 4407 4408
3 4306 4408 4307
3 4307 4408 4409
3 4307 4409 4308
3 4308 4409 4410
3 4308 4410 4309
3 4309 4410 4411
3 4309 4411 4310
3 4310 4411 4412
3 4310 4412 4311
3 4311 4412 4413
3 4311 4413 4312
3 4312 4413 4414
3 4312 4414 4313
3 4313 4414 4415
3 4313 4415 4314
3 4314 4415 4416
3 4314 4416 4315
3 4315 4416 4417
3 4315 4417 4316
3 4316 4417 4418
3 4316 4418 4317
3 4317 4418 4419
3 4317 4419 4318
3 4318 4419 4420
3 4318 4420 4319
3 4319 4420 4421
3 4319 4421 4320
3 4320 4421 4422
3 4320 4422 4321
3 4321 4422 4423
3 4321 4423 4322
3 4322 4423 4424
3 4322 4424 4323
3 4323 4424 4425
3 4323 4425 4324
3 4324 4425 4426
3 4324 4426 4325
3 4325 4426 4427
3 4325 4427 4326
3 4326 4427 4428
3 4326 4428 4327
3 4327 4428 4429
3 4327 4429 4328
3 4328 4429 4430
3 4328 4430 4329
3 4329 4430 4431
3 4329 4431 4330
3 4330 4431 4432
3 4330 4432 4331
3 4331 4432 4433
3 4331 4433 4332
3 4332 4433 4434
3 4332 4434 4333
3 4333 4434 4435
3 4333 4435 4334
3 4334 4435 4436
3 4334 4436 4335
3 4335 4436 4437
3 4335 4437 4336
3 4336 4437 4438
3 4336 4438 4337
3 4337 4438 4439
3 4337 4439 4338
3 4338 4439 4440
3 4338 4440 4339
3 4339 4440 4441
3 4339 4441 4340
3 4340 4441 4442
3 4340 4442 4341
3 4341 4442 4443
3 4341 4443 4342
3 4343 4444 4445
3 4343 4445 4344
3 4344 4445 4446
3 4344 4446 4345
3 4345 4446 4447
3 4345 4447 4346
3 4346 4447 4448
3 4346 4448 4347
3 4347 4448 4449
3 4347 4449 4348
3 4348 4449 4450
3 4348 4450 4349
3 4349 4450 4451
3 4349 4451 4350
3 4350 4451 4452
3 4350 4452 4351
3 4351 4452 4453
3 4351 4453 4352
3 4352 4453 4454
3 4352 4454 4353
3 4353 4454 4455
3 4353 4455 4354
3 4354 4455 4456
3 4354 4456 4355
3 4355 4456 4457
3 4355 4457 4356
3 4356 4457 4458
3 4356 4458 4357
3 4357 4458 4459
3 4357 4459 4358
3 4358 4459 4460
3 4358 4460 4359
3 4359 4460 4461
3 4359 4461 4360
3 4360 4461 4462
3 4360 4462 4361
3 4361 4462 4463
3 4361 4463 4362
3 4362 4463 4464
3 4362 4464 4363
3 4363 4464 4465
3 4363 4465 4364
3 4364 4465 4466
3 4364 4466 4365
3 4365 4466 4467
3 4365 4467 4366
3 4366 4467 4468
3 4366 4468 4367
3 4367 4468 4469
3 4367 4469 4368
3 4368 4469 4470
3 4368 4470 4369
3 4369 4470 4471
3 4369 4471 4370
3 4370 4471 4472
3 4370 4472 4371
3 4371 4472 4473
3 4371 4473 4372
3 4372 4473 4474
3 4372 4474 4373
3 4373 4474 4475
3 4373 4475 4374
3 4374 4475 4476
3 4374 4476 4375
3 4375 4476 4477
3 4375 4477 4376
3 4376 4477 4478
3 4376 4478 4377
3 4377 4478 4479
3 4377 4479 4378
3 4378 4479 4480
3 4378 4480 4379
3 4379 4480 4481
3 4379 4481 4380
3 4380 4481 4482
3 4380 4482 4381
3 4381 4482 4483
3 4381 4483 4382
3 4382 4483 4484
3 4382 4484 4383
3 4383 4484 4485
3 4383 4485 4384
3 4384 4485 4486
3 4384 4486 4385
3 4385 4486 4487
3 4385 4487 4386
3 4386 4487 4488
3 4386 4488 4387
3 4387 4488 4489
3 4387 4489 4388
3 4388 4489 4490
3 4388 4490 4389
3 4389 4490 4491
3 4389 4491 4390
3 4390 4491 4492
3 4390 4492 4391
3 4391 4492 4493
3 4391 4493 4392
3 4392 4493 4494
3 4392 4494 4393
3 4393 4494 4495
3 4393 4495 4394
3 4394 4495 4496
3 4394 4496 4395
3 4395 4496 4497
3 4395 4497 4396
3 4396 4497 4498
3 4396 4498 4397
3 4397 4498 4499
3 4397 4499 4398
3 4398 4499 4500
3 4398 4500 4399
3 4399 4500 4501
3 4399 4501 4400
3 4400 4501 4502
3 4400 4502 4401
3 4401 4502 4503
3 4401 4503 4402
3 4402 4503 4504
3 4402 4504 4403
3 4403 4504 4505
3 4403 4505 4404
3 4404 4505 4506
3 4404 4506 4405
3 4405 4506 4507
3 4405 4507 4406
3 4406 4507 4508
3 4406 4508 4407
3 4407 4508 4509
3 4407 4509 4408
3 4408 4509 4510
3 4408 4510 4409
3 4409 4510 4511
3 4409 4511 4410
3 4410 4511 4512
3 4410 4512 4411
3 4411 4512 4513
3 4411 4513 4412
3 4412 4513 4514
3 4412 4514 4413
3 4413 4514 4515
3 4413 4515 4414
3 4414 4515 4516
3 4414 4516 4415
3 4415 4516 4517
3 4415 4517 4416
3 4416 4517 4518
3 4416 4518 4417
3 4417 4518 4519
3 4417 4519 4418
3 4418 4519 4520
3 4418 4520 4419
3 4419 4520 4521
3 4419 4521 4420
3 4420 4521 4522
3 4420 4522 4421
3 4421 4522 4523
3 4421 4523 4422
3 4422 4523 4524
3 4422 4524 4423
3 4423 4524 4525
3 4423 4525 4424
3 4424 4525 4526
3 4424 4526 4425
3 4425 4526 4527
3 4425 4527 4426
3 4426 4527 4528
3 4426 4528 4427
3 4427 4528 4529
3 4427 4529 4428
3 4428 4529 4530
3 4428 4530 4429
3 4429 4530 4531
3 4429 4531 4430
3 4430 4531 4532
3 4430 4532 4431
3 4431 4532 4533
3 4431 4533 4432
3 4432 4533 4534
3 4432 4534 4433
3 4433 4534 4535
3 4433 4535 4434
3 4434 4535 4536
3 4434 4536 4435
3 4435 4536 4537
3 4435 4537 4436
3 4436 4537 4538
3 4436 4538 4437
3 4437 4538 4539
3 4437 4539 4438
3 4438 4539 4540
3 4438 4540 4439
3 4439 4540 4541
3 4439 4541 4440
3 4440 4541 4542
3 4440 4542 4441
3 4441 4542 4543
3 4441 4543 4442
3 4442 4543 4544
3 4442 4544 4443
3 4444 4545 4546
3 4444 4546 4445
3 4445 4546 4547
3 4445 4547 4446
3 4446 4547 4548
3 4446 4548 4447
3 4447 4548 4549
3 4447 4549 4448
3 4448 4549 4550
3 4448 4550 4449
3 4449 4550 4551
3 4449 4551 4450
3 4450 4551 4552
3 4450 4552 4451
3 4451 4552 4553
3 4451 4553 4452
3 4452 4553 4554
3 4452 4554 4453
3 4453 4554 4555
3 4453 4555 4454
3 4454 4555 4556
3 4454 4556 4455
3 4455 4556 4557
3 4455 4557 4456
3 4456 4557 4558
3 4456 4558 4457
3 4457 4558 4559
3 4457 4559 4458
3 4458 4559 4560
3 4458 4560 4459
3 4459 4560 4561
3 4459 4561 4460
3 4460 4561 4562
3 4460 4562 4461
3 4461 4562 4563
3 4461 4563 4462
3 4462 4563 4564
3 4462 4564 4463
3 4463 4564 4565
3 4463 4565 4464
3 4464 4565 4566
3 4464 4566 4465
3 4465 4566 4567
3 4465 4567 4466
3 4466 4567 4568
3 4466 4568 4467
3 4467 4568 4569
3 4467 4569 4468
3 4468 4569 4570
3 4468 4570 4469
3 4469 4570 4571
3 4469 4571 4470
3 4470 4571 4572
3 4470 4572 4471
3 4471 4572 4573
3 4471 4573 4472
3 4472 4573 4574
3 4472 4574 4473
3 4473 4574 4575
3 4473 4575 4474
3 4474 4575 4576
3 4474 4576 4475
3 4475 4576 4577
3 4475 4577 4476
3 4476 4577 4578
3 4476 4578 4477
3 4477 4578 4579
3 4477 4579 4478
3 4478 4579 4580
3 4478 4580 4479
3 4479 4580 4581
3 4479 4581 4480
3 4480 4581 4582
3 4480 4582 4481
3 4481 4582 4583
3 4481 4583 4482
3 4482 4583 4584
3 4482 4584 4483
3 4483 4584 4585
3 4483 4585 4484
3 4484 4585 4586
3 4484 4586 4485
3 4485 4586 4587
3 4485 4587 4486
3 4486 4587 4588
3 4486 4588 4487
3 4487 4588 4589
3 4487 4589 4488
3 4488 4589 4590
3 4488 4590 4489
3 4489 4590 4591
3 4489 4591 4490
3 4490 4591 4592
3 4490 4592 4491
3 4491 4592 4593
3 4491 4593 4492
3 4492 4593 4594
3 4492 4594 4493
3 4493 4594 4595
3 4493 4595 4494
3 4494 4595 4596
3 4494 4596 4495
3 4495 4596 4597
3 4495 4597 4496
3 4496 4597 4598
3 4496 4598 4497
3 4497 4598 4599
3 4497 4599 4498
3 4498 4599 4600
3 4498 4600 4499
3 4499 4600 4601
3 4499 4601 4500
3 4500 4601 4602
3 4500 4602 4501
3 4501 4602 4603
3 4501 4603 4502
3 4502 4603 4604
3 4502 4604 4503
3 4503 4604 4605
3 4503 4605 4504
3 4504 4605 4606
3 4504 4606 4505
3 4505 4606 4607
3 4505 4607 4506
3 4506 4607 4608
3 4506 4608 4507
3 4507 4608 4609
3 4507 4609 4508
3 4508 4609 4610
3 4508 4610 4509
3 4509 4610 4611
3 4509 4611 4510
3 4510 4611 4612
3 4510 4612 4511
3 4511 4612 4613
3 4511 4613 4512
3 4512 4613 4614
3 4512 4614 4513
3 4513 4614 4615
3 4513 4615 4514
3 4514 4615 4616
3 4514 4616 4515
3 4515 4616 4617
3 4515 4617 4516
3 4516 4617 4618
3 4516 4618 4517
3 4517 4618 4619
3 4517 4619 4518
3 4518 4619 4620
3 4518 4620 4519
3 4519 4620 4621
3 4519 4621 4520
3 4520 4621 4622
3 4520 4622 4521
3 4521 4622 4623
3 4521 4623 4522
3 4522 4623 4624
3 4522 4624 4523
3 4523 4624 4625
3 4523 4625 4524
3 4524 4625 4626
3 4524 4626 4525
3 4525 4626 4627
3 4525 4627 4526
3 4526 4627 4628
3 4526 4628 4527
3 4527 4628 4629
3 4527 4629 4528
3 4528 4629 4630
3 4528 4630 4529
3 4529 4630 4631
3 4529 4631 4530
3 4530 4631 4632
3 4530 4632 4531
3 4531 4632 4633
3 4531 4633 4532
3 4532 4633 4634
3 4532 4634 4533
3 4533 4634 4635
3 4533 4635 4534
3 4534 4635 4636
3 4534 4636 4535
3 4535 4636 4637
3 4535 4637 4536
3 4536 4637 4638
3 4536 4638 4537
3 4537 4638 4639
3 4537 4639 4538
3 4538 4639 4640
3 4538 4640 4539
3 4539 4640 4641
3 4539 4641 4540
3 4540 4641 4642
3 4540 4642 4541
3 4541 4642 4643
3 4541 4643 4542
3 4542 4643 4644
3 4542 4644 4543
3 4543 4644 4645
3 4543 4645 4544
3 4545 4646 4647
3 4545 4647 4546
3 4546 4647 4648
3 4546 4648 4547
3 4547 4648 4649
3 4547 4649 4548
3 4548 4649 4650
3 4548 4650 4549
3 4549 4650 4651
3 4549 4651 4550
3 4550 4651 4652
3 4550 4652 4551
3 4551 4652 4653
3 4551 4653 4552
3 4552 4653 4654
3 4552 4654 4553
3 4553 4654 4655
3 4553 4655 4554
3 4554 4655 4656
3 4554 4656 4555
3 4555 4656 4657
3 4555 4657 4556
3 4556 4657 4658
3 4556 4658 4557
3 4557 4658 4659
3 4557 4659 4558
3 4558 4659 4660
3 4558 4660 4559
3 4559 4660 4661
3 4559 4661 4560
3 4560 4661 4662
3 4560 4662 4561
3 4561 4662 4663
3 4561 4663 4562
3 4562 4663 4664
3 4562 4664 4563
3 4563 4664 4665
3 4563 4665 4564
3 4564 4665 4666
3 4564 4666 4565
3 4565 4666 4667
3 4565 4667 4566
3 4566 4667 4668
3 4566 4668 4567
3 4567 4668 4669
3 4567 4669 4568
3 4568 4669 4670
3 4568 4670 4569
3 4569 4670 4671
3 4569 4671 4570
3 4570 4671 4672
3 4570 4672 4571
3 4571 4672 4673
3 4571 4673 4572
3 4572 4673 4674
3 4572 4674 4573
3 4573 4674 4675
3 4573 4675 4574
3 4574 4675 4676
3 4574 4676 4575
3 4575 4676 4677
3 4575 4677 4576
3 4576 4677 4678
3 4576 4678 4577
3 4577 4678 4679
3 4577 4679 4578
3 4578 4679 4680
3 4578 4680 4579
3 4579 4680 4681
3 4579 4681 4580
3 4580 4681 4682
3 4580 4682 4581
3 4581 4682 4683
3 4581 4683 4582
3 4582 4683 4684
3 4582 4684 4583
3 4583 4684 4685
3 4583 4685 4584
3 4584 4685 4686
3 4584 4686 4585
3 4585 4686 4687
3 4585 4687 4586
3 4586 4687 4688
3 4586 4688 4587
3 4587 4688 4689
3 4587 4689 4588
3 4588 4689 4690
3 4588 4690 4589
3 4589 4690 4691
3 4589 4691 4590
3 4590 4691 4692
3 4590 4692 4591
3 4591 4692 4693
3 4591 4693 4592
3 4592 4693 4694
3 4592 4694 4593
3 4593 4694 4695
3 4593 4695 4594
3 4594 4695 4696
3 4594 4696 4595
3 4595 4696 4697
3 4595 4697 4596
3 4596 4697 4698
3 4596 4698 4597
3 4597 4698 4699
3 4597 4699 4598
3 4598 4699 4700
3 4598 4700 4599
3 4599 4700 4701
3 4599 4701 4600
3 4600 4701 4702
3 4600 4702 4601
3 4601 4702 4703
3 4601 4703 4602
3 4602 4703 4704
3 4602 4704 4603
3 4603 4704 4705
3 4603 4705 4604
3 4604 4705 4706
3 4604 4706 4605
3 4605 4706 4707
3 4605 4707 4606
3 4606 4707 4708
3 4606 4708 4607
3 4607 4708 4709
3 4607 4709 4608
3 4608 4709 4710
3 4608 4710 4609
3 4609 4710 4711
3 4609 4711 4610
3 4610 4711 4712
3 4610 4712 4611
3 4611 4712 4713
3 4611 4713 4612
3 4612 4713 4714
3 4612 4714 4613
3 4613 4714 4715
3 4613 4715 4614
3 4614 4715 4716
3 4614 4716 4615
3 4615 4716 4717
3 4615 4717 4616
3 4616 4717 4718
3 4616 4718 4617
3 4617 4718 4719
3 4617 4719 4618
3 4618 4719 4720
3 4618 4720 4619
3 4619 4720 4721
3 4619 4721 4620
3 4620 4721 4722
3 4620 4722 4621
3 4621 4722 4723
3 4621 4723 4622
3 4622 4723 4724
3 4622 4724 4623
3 4623 4724 4725
3 4623 4725 4624
3 4624 4725 4726
3 4624 4726 4625
3 4625 4726 4727
3 4625 4727 4626
3 4626 4727 4728
3 4626 4728 4627
3 4627 4728 4729
3 4627 4729 4628
3 4628 4729 4730
3 4628 4730 4629
3 4629 4730 4731
3 4629 4731 4630
3 4630 4731 4732
3 4630 4732 4631
3 4631 4732 4733
3 4631 4733 4632
3 4632 4733 4734
3 4632 4734 4633
3 4633 4734 4735
3 4633 4735 4634
3 4634 4735 4736
3 4634 4736 4635
3 4635 4736 4737
3 4635 4737 4636
3 4636 4737 4738
3 4636 4738 4637
3 4637 4738 4739
3 4637 4739 4638
3 4638 4739 4740
3 4638 4740 4639
3 4639 4740 4741
3 4639 4741 4640
3 4640 4741 4742
3 4640 4742 4641
3 4641 4742 4743
3 4641 4743 4642
3 4642 4743 4744
3 4642 4744 4643
3 4643 4744 4745
3 4643 4745 4644
3 4644 4745 4746
3 4644 4746 4645
3 4646 4747 4748
3 4646 4748 4647
3 4647 4748 4749
3 4647 4749 4648
3 4648 4749 4750
3 4648 4750 4649
3 4649 4750 4751
3 4649 4751 4650
3 4650 4751 4752
3 4650 4752 4651
3 4651 4752 4753
3 4651 4753 4652
3 4652 4753 4754
3 4652 4754 4653
3 4653 4754 4755
3 4653 4755 4654
3 4654 4755 4756
3 4654 4756 4655
3 4655 4756 4757
3 4655 4757 4656
3 4656 4757 4758
3 4656 4758 4657
3 4657 4758 4759
3 4657 4759 4658
3 4658 4759 4760
3 4658 4760 4659
3 4659 4760 4761
3 4659 4761 4660
3 4660 4761 4762
3 4660 4762 4661
3 4661 4762 4763
3 4661 4763 4662
3 4662 4763 4764
3 4662 4764 4663
3 4663 4764 4765
3 4663 4765 4664
3 4664 4765 4766
3 4664 4766 4665
3 4665 4766 4767
3 4665 4767 4666
3 4666 4767 4768
3 4666 4768 4667
3 4667 4768 4769
3 4667 4769 4668
3 4668 4769 4770
3 4668 4770 4669
3 4669 4770 4771
3 4669 4771 4670
3 4670 4771 4772
3 4670 4772 4671
3 4671 4772 4773
3 4671 4773 4672
3 4672 4773 4774
3 4672 4774 4673
3 4673 4774 4775
3 4673 4775 4674
3 4674 4775 4776
3 4674 4776 4675
3 4675 4776 4777
3 4675 4777 4676
3 4676 4777 4778
3 4676 4778 4677
3 4677 4778 4779
3 4677 4779 4678
3 4678 4779 4780
3 4678 4780 4679
3 4679 4780 4781
3 4679 4781 4680
3 4680 4781 4782
3 4680 4782 4681
3 4681 4782 4783
3 4681 4783 4682
3 4682 4783 4784
3 4682 4784 4683
3 4683 4784 4785
3 4683 4785 4684
3 4684 4785 4786
3 4684 4786 4685
3 4685 4786 4787
3 4685 4787 4686
3 4686 4787 4788
3 4686 4788 4687
3 4687 4788 4789
3 4687 4789 4688
3 4688 4789 4790
3 4688 4790 4689
3 4689 4790 4791
3 4689 4791 4690
3 4690 4791 4792
3 4690 4792 4691
3 4691 4792 4793
3 4691 4793 4692
3 4692 4793 4794
3 4692 4794 4693
3 4693 4794 4795
3 4693 4795 4694
3 4694 4795 4796
3 4694 4796 4695
3 4695 4796 4797
3 4695 4797 4696
3 4696 4797 4798
3 4696 4798 4697
3 4697 4798 4799
3 4697 4799 4698
3 4698 4799 4800
3 4698 4800 4699
3 4699 4800 4801
3 4699 4801 4700
3 4700 4801 4802
3 4700 4802 4701
3 4701 4802 4803
3 4701 4803 4702
3 4702 4803 4804
3 4702 4804 4703
3 4703 4804 4805
3 4703 4805 4704
3 4704 4805 4806
3 4704 4806 4705
3 4705 4806 4807
3 4705 4807 4706
3 4706 4807 4808
3 4706 4808 4707
3 4707 4808 4809
3 4707 4809 4708
3 4708 4809 4810
3 4708 4810 4709
3 4709 4810 4811
3 4709 4811 4710
3 4710 4811 4812
3 4710 4812 4711
3 4711 4812 4813
3 4711 4813 4712
3 4712 4813 4814
3 4712 4814 4713
3 4713 4814 4815
3 4713 4815 4714
3 4714 4815 4816
3 4714 4816 4715
3 4715 4816 4817
3 4715 4817 4716
3 4716 4817 4818
3 4716 4818 4717
3 4717 4818 4819
3 4717 4819 4718
3 4718 4819 4820
3 4718 4820 4719
3 4719 4820 4821
3 4719 4821 4720
3 4720 4821 4822
3 4720 4822 4721
3 4721 4822 4823
3 4721 4823 4722
3 4722 4823 4824
3 4722 4824 4723
3 4723 4824 4825
3 4723 4825 4724
3 4724 4825 4826
3 4724 4826 4725
3 4725 4826 4827
3 4725 4827 4726
3 4726 4827 4828
3 4726 4828 4727
3 4727 4828 4829
3 4727 4829 4728
3 4728 4829 4830
3 4728 4830 4729
3 4729 4830 4831
3 4729 4831 4730
3 4730 4831 4832
3 4730 4832 4731
3 4731 4832 4833
3 4731 4833 4732
3 4732 4833 4834
3 4732 4834 4733
3 4733 4834 4835
3 4733 4835 4734
3 4734 4835 4836
3 4734 4836 4735
3 4735 4836 4837
3 4735 4837 4736
3 4736 4837 4838
3 4736 4838 4737
3 4737 4838 4839
3 4737 4839 4738
3 4738 4839 4840
3 4738 4840 4739
3 4739 4840 4841
3 4739 4841 4740
3 4740 4841 4842
3 4740 4842 4741
3 4741 4842 4843
3 4741 4843 4742
3 4742 4843 4844
3 4742 4844 4743
3 4743 4844 4845
3 4743 4845 4744
3 4744 4845 4846
3 4744 4846 4745
3 4745 4846 4847
3 4745 4847 4746
3 4747 4848 4849
3 4747 4849 4748
3 4748 4849 4850
3 4748 4850 4749
3 4749 4850 4851
3 4749 4851 4750
3 4750 4851 4852
3 4750 4852 4751
3 4751 4852 4853
3 4751 4853 4752
3 4752 4853 4854
3 4752 4854 4753
3 4753 4854 4855
3 4753 4855 4754
3 4754 4855 4856
3 4754 4856 4755
3 4755 4856 4857
3 4755 4857 4756
3 4756 4857 4858
3 4756 4858 4757
3 4757 4858 4859
3 4757 4859 4758
3 4758 4859 4860
3 4758 4860 4759
3 4759 4860 4861
3 4759 4861 4760
3 4760 4861 4862
3 4760 4862 4761
3 4761 4862 4863
3 4761 4863 4762
3 4762 4863 4864
3 4762 4864 4763
3 4763 4864 4865
3 4763 4865 4764
3 4764 4865 4866
3 4764 4866 4765
3 4765 4866 4867
3 4765 4867 4766
3 4766 4867 4868
3 4766 4868 4767
3 4767 4868 4869
3 4767 4869 4768
3 4768 4869 4870
3 4768 4870 4769
3 4769 4870 4871
3 4769 4871 4770
3 4770 4871 4872
3 4770 4872 4771
3 4771 4872 4873
3 4771 4873 4772
3 4772 4873 4874
3 4772 4874 4773
3 4773 4874 4875
3 4773 4875 4774
3 4774 4875 4876
3 4774 4876 4775
3 4775 4876 4877
3 4775 4877 4776
3 4776 4877 4878
3 4776 4878 4777
3 4777 4878 4879
3 4777 4879 4778
3 4778 4879 4880
3 4778 4880 4779
3 4779 4880 4881
3 4779 4881 4780
3 4780 4881 4882
3 4780 4882 4781
3 4781 4882 4883
3 4781 4883 4782
3 4782 4883 4884
3 4782 4884 4783
3 4783 4884 4885
3 4783 4885 4784
3 4784 4885 4886
3 4784 4886 4785
3 4785 4886 4887
3 4785 4887 4786
3 4786 4887 4888
3 4786 4888 4787
3 4787 4888 4889
3 4787 4889 4788
3 4788 4889 4890
3 4788 4890 4789
3 4789 4890 4891
3 4789 4891 4790
3 4790 4891 4892
3 4790 4892 4791
3 4791 4892 4893
3 4791 4893 4792
3 4792 4893 4894
3 4792 4894 4793
3 4793 4894 4895
3 4793 4895 4794
3 4794 4895 4896
3 4794 4896 4795
3 4795 4896 4897
3 4795 4897 4796
3 4796 4897 4898
3 4796 4898 4797
3 4797 4898 4899
3 4797 4899 4798
3 4798 4899 4900
3 4798 4900 4799
3 4799 4900 4901
3 4799 4901 4800
3 4800 4901 4902
3 4800 4902 4801
3 4801 4902 4903
3 4801 4903 4802
3 4802 4903 4904
3 4802 4904 4803
3 4803 4904 4905
3 4803 4905 4804
3 4804 4905 4906
3 4804 4906 4805
3 4805 4906 4907
3 4805 4907 4806
3 4806 4907 4908
3 4806 4908 4807
3 4807 4908 4909
3 4807 4909 4808
3 4808 4909 4910
3 4808 4910 4809
3 4809 4910 4911
3 4809 4911 4810
3 4810 4911 4912
3 4810 4912 4811
3 4811 4912 4913
3 4811 4913 4812
3 4812 4913 4914
3 4812 4914 4813
3 4813 4914 4915
3 4813 4915 4814
3 4814 4915 4916
3 4814 4916 4815
3 4815 4916 4917
3 4815 4917 4816
3 4816 4917 4918
3 4816 4918 4817
3 4817 4918 4919
3 4817 4919 4818
3 4818 4919 4920
3 4818 4920 4819
3 4819 4920 4921
3 4819 4921 4820
3 4820 4921 4922
3 4820 4922 4821
3 4821 4922 4923
3 4821 4923 4822
3 4822 4923 4924
3 4822 4924 4823
3 4823 4924 4925
3 4823 4925 4824
3 4824 4925 4926
3 4824 4926 4825
3 4825 4926 4927
3 4825 4927 4826
3 4826 4927 4928
3 4826 4928 4827
3 4827 4928 4929
3 4827 4929 4828
3 4828 4929 4930
3 4828 4930 4829
3 4829 4930 4931
3 4829 4931 4830
3 4830 4931 4932
3 4830 4932 4831
3 4831 4932 4933
3 4831 4933 4832
3 4832 4933 4934
3 4832 4934 4833
3 4833 4934 4935
3 4833 4935 4834
3 4834 4935 4936
3 4834 4936 4835
3 4835 4936 4937
3 4835 4937 4836
3 4836 4937 4938
3 4836 4938 4837
3 4837 4938 4939
3 4837 4939 4838
3 4838 4939 4940
3 4838 4940 4839
3 4839 4940 4941
3 4839 4941 4840
3 4840 4941 4942
3 4840 4942 4841
3 4841 4942 4943
3 4841 4943 4842
3 4842 4943 4944
3 4842 4944 4843
3 4843 4944 4945
3 4843 4945 4844
3 4844 4945 4946
3 4844 4946 4845
3 4845 4946 4947
3 4845 4947 4846
3 4846 4947 4948
3 4846 4948 4847
3 4848 4949 4950
3 4848 4950 4849
3 4849 4950 4951
3 4849 4951 4850
3 4850 4951 4952
3 4850 4952 4851
3 4851 4952 4953
3 4851 4953 4852
3 4852 4953 4954
3 4852 4954 4853
3 4853 4954 4955
3 4853 4955 4854
3 4854 4955 4956
3 4854 4956 4855
3 4855 4956 4957
3 4855 4957 4856
3 4856 4957 4958
3 4856 4958 4857
3 4857 4958 4959
3 4857 4959 4858
3 4858 4959 4960
3 4858 4960 4859
3 4859 4960 4961
3 4859 4961 4860
3 4860 4961 4962
3 4860 4962 4861
3 4861 4962 4963
3 4861 4963 4862
3 4862 4963 4964
3 4862 4964 4863
3 4863 4964 4965
3 4863 4965 4864
3 4864 4965 4966
3 4864 4966 4865
3 4865 4966 4967
3 4865 4967 4866
3 4866 4967 4968
3 4866 4968 4867
3 4867 4968 4969
3 4867 4969 4868
3 4868 4969 4970
3 4868 4970 4869
3 4869 4970 4971
3 4869 4971 4870
3 4870 4971 4972
3 4870 4972 4871
3 4871 4972 4973
3 4871 4973 4872
3 4872 4973 4974
3 4872 4974 4873
3 4873 4974 4975
3 4873 4975 4874
3 4874 4975 4976
3 4874 4976 4875
3 4875 4976 4977
3 4875 4977 4876
3 4876 4977 4978
3 4876 4978 4877
3 4877 4978 4979
3 4877 4979 4878
3 4878 4979 4980
3 4878 4980 4879
3 4879 4980 4981
3 4879 4981 4880
3 4880 4981 4982
3 4880 4982 4881
3 4881 4982 4983
3 4881 4983 4882
3 4882 4983 4984
3 4882 4984 4883
3 4883 4984 4985
3 4883 4985 4884
3 4884 4985 4986
3 4884 4986 4885
3 4885 4986 4987
3 4885 4987 4886
3 4886 4987 4988
3 4886 4988 4887
3 4887 4988 4989
3 4887 4989 4888
3 4888 4989 4990
3 4888 4990 4889
3 4889 4990 4991
3 4889 4991 4890
3 4890 4991 4992
3 4890 4992 4891
3 4891 4992 4993
3 4891 4993 4892
3 4892 4993 4994
3 4892 4994 4893
3 4893 4994 4995
3 4893 4995 4894
3 4894 4995 4996
3 4894 4996 4895
3 4895 4996 4997
3 4895 4997 4896
3 4896 4997 4998
3 4896 4998 4897
3 4897 4998 4999
3 4897 4999 4898
3 4898 4999 5000
3 4898 5000 4899
3 4899 5000 5001
3 4899 5001 4900
3 4900 5001 5002
3 4900 5002 4901
3 4901 5002 5003
3 4901 5003 4902
3 4902 5003 5004
3 4902 5004 4903
3 4903 5004 5005
3 4903 5005 4904
3 4904 5005 5006
3 4904 5006 4905
3 4905 5006 5007
3 4905 5007 4906
3 4906 5007 5008
3 4906 5008 4907
3 4907 5008 5009
3 4907 5009 4908
3 4908 5009 5010
3 4908 5010 4909
3 4909 5010 5011
3 4909 5011 4910
3 4910 5011 5012
3 4910 5012 4911
3 4911 5012 5013
3 4911 5013 4912
3 4912 5013 5014
3 4912 5014 4913
3 4913 5014 5015
3 4913 5015 4914
3 4914 5015 5016
3 4914 5016 4915
3 4915 5016 5017
3 4915 5017 4916
3 4916 5017 5018
3 4916 5018 4917
3 4917 5018 5019
3 4917 5019 4918
3 4918 5019 5020
3 4918 5020 4919
3 4919 5020 5021
3 4919 5021 4920
3 4920 5021 5022
3 4920 5022 4921
3 4921 5022 5023
3 4921 5023 4922
3 4922 5023 5024
3 4922 5024 4923
3 4923 5024 5025
3 4923 5025 4924
3 4924 5025 5026
3 4924 5026 4925
3 4925 5026 5027
3 4925 5027 4926
3 4926 5027 5028
3 4926 5028 4927
3 4927 5028 5029
3 4927 5029 4928
3 4928 5029 5030
3 4928 5030 4929
3 4929 5030 5031
3 4929 5031 4930
3 4930 5031 5032
3 4930 5032 4931
3 4931 5032 5033
3 4931 5033 4932
3 4932 5033 5034
3 4932 5034 4933
3 4933 5034 5035
3 4933 5035 4934
3 4934 5035 5036
3 4934 5036 4935
3 4935 5036 5037
3 4935 5037 4936
3 4936 5037 5038
3 4936 5038 4937
3 4937 5038 5039
3 4937 5039 4938
3 4938 5039 5040
3 4938 5040 4939
3 4939 5040 5041
3 4939 5041 4940
3 4940 5041 5042
3 4940 5042 4941
3 4941 5042 5043
3 4941 5043 4942
3 4942 5043 5044
3 4942 5044 4943
3 4943 5044 5045
3 4943 5045 4944
3 4944 5045 5046
3 4944 5046 4945
3 4945 5046 5047
3 4945 5047 4946
3 4946 5047 5048
3 4946 5048 4947
3 4947 5048 5049
3 4947 5049 4948
3 4949 5050 5051
3 4949 5051 4950
3 4950 5051 5052
3 4950 5052 4951
3 4951 5052 5053
3 4951 5053 4952
3 4952 5053 5054
3 4952 5054 4953
3 4953 5054 5055
3 4953 5055 4954
3 4954 5055 5056
3 4954 5056 4955
3 4955 5056 5057
3 4955 5057 4956
3 4956 5057 5058
3 4956 5058 4957
3 4957 5058 5059
3 4957 5059 4958
3 4958 5059 5060
3 4958 5060 4959
3 4959 5060 5061
3 4959 5061 4960
3 4960 5061 5062
3 4960 5062 4961
3 4961 5062 5063
3 4961 5063 4962
3 4962 5063 5064
3 4962 5064 4963
3 4963 5064 5065
3 4963 5065 4964
3 4964 5065 5066
3 4964 5066 4965
3 4965 5066 5067
3 4965 5067 4966
3 4966 5067 5068
3 4966 5068 4967
3 4967 5068 5069
3 4967 5069 4968
3 4968 5069 5070
3 4968 5070 4969
3 4969 5070 5071
3 4969 5071 4970
3 4970 5071 5072
3 4970 5072 4971
3 4971 5072 5073
3 4971 5073 4972
3 4972 5073 5074
3 4972 5074 4973
3 4973 5074 5075
3 4973 5075 4974
3 4974 5075 5076
3 4974 5076 4975
3 4975 5076 5077
3 4975 5077 4976
3 4976 5077 5078
3 4976 5078 4977
3 4977 5078 5079
3 4977 5079 4978
3 4978 5079 5080
3 4978 5080 4979
3 4979 5080 5081
3 4979 5081 4980
3 4980 5081 5082
3 4980 5082 4981
3 4981 5082 5083
3 4981 5083 4982
3 4982 5083 5084
3 4982 5084 4983
3 4983 5084 5085
3 4983 5085 4984
3 4984 5085 5086
3 4984 5086 4985
3 4985 5086 5087
3 4985 5087 4986
3 4986 5087 5088
3 4986 5088 4987
3 4987 5088 5089
3 4987 5089 4988
3 4988 5089 5090
3 4988 5090 4989
3 4989 5090 5091
3 4989 5091 4990
3 4990 5091 5092
3 4990 5092 4991
3 4991 5092 5093
3 4991 5093 4992
3 4992 5093 5094
3 4992 5094 4993
3 4993 5094 5095
3 4993 5095 4994
3 4994 5095 5096
3 4994 5096 4995
3 4995 5096 5097
3 4995 5097 4996
3 4996 5097 5098
3 4996 5098 4997
3 4997 5098 5099
3 4997 5099 4998
3 4998 5099 5100
3 4998 5100 4999
3 4999 5100 5101
3 4999 5101 5000
3 5000 5101 5102
3 5000 5102 5001
3 5001 5102 5103
3 5001 5103 5002
3 5002 5103 5104
3 5002 5104 5003
3 5003 5104 5105
3 5003 5105 5004
3 5004 5105 5106
3 5004 5106 5005
3 5005 5106 5107
3 5005 5107 5006
3 5006 5107 5108
3 5006 5108 5007
3 5007 5108 5109
3 5007 5109 5008
3 5008 5109 5110
3 5008 5110 5009
3 5009 5110 5111
3 5009 5111 5010
3 5010 5111 5112
3 5010 5112 5011
3 5011 5112 5113
3 5011 5113 5012
3 5012 5113 5114
3 5012 5114 5013
3 5013 5114 5115
3 5013 5115 5014
3 5014 5115 5116
3 5014 5116 5015
3 5015 5116 5117
3 5015 5117 5016
3 5016 5117 5118
3 5016 5118 5017
3 5017 5118 5119
3 5017 5119 5018
3 5018 5119 5120
3 5018 5120 5019
3 5019 5120 5121
3 5019 5121 5020
3 5020 5121 5122
3 5020 5122 5021
3 5021 5122 5123
3 5021 5123 5022
3 5022 5123 5124
3 5022 5124 5023
3 5023 5124 5125
3 5023 5125 5024
3 5024 5125 5126
3 5024 5126 5025
3 5025 5126 5127
3 5025 5127 5026
3 5026 5127 5128
3 5026 5128 5027
3 5027 5128 5129
3 5027 5129 5028
3 5028 5129 5130
3 5028 5130 5029
3 5029 5130 5131
3 5029 5131 5030
3 5030 5131 5132
3 5030 5132 5031
3 5031 5132 5133
3 5031 5133 5032
3 5032 5133 5134
3 5032 5134 5033
3 5033 5134 5135
3 5033 5135 5034
3 5034 5135 5136
3 5034 5136 5035
3 5035 5136 5137
3 5035 5137 5036
3 5036 5137 5138
3 5036 5138 5037
3 5037 5138 5139
3 5037 5139 5038
3 5038 5139 5140
3 5038 5140 5039
3 5039 5140 5141
3 5039 5141 5040
3 5040 5141 5142
3 5040 5142 5041
3 5041 5142 5143
3 5041 5143 5042
3 5042 5143 5144
3 5042 5144 5043
3 5043 5144 5145
3 5043 5145 5044
3 5044 5145 5146
3 5044 5146 5045
3 5045 5146 5147
3 5045 5147 5046
3 5046 5147 5148
3 5046 5148 5047
3 5047 5148 5149
3 5047 5149 5048
3 5048 5149 5150
3 5048 5150 5049
3 5050 5151 5152
3 5050 5152 5051
3 5051 5152 5153
3 5051 5153 5052
3 5052 5153 5154
3 5052 5154 5053
3 5053 5154 5155
3 5053 5155 5054
3 5054 5155 5156
3 5054 5156 5055
3 5055 5156 5157
3 5055 5157 5056
3 5056 5157 5158
3 5056 5158 5057
3 5057 5158 5159
3 5057 5159 5058
3 5058 5159 5160
3 5058 5160 5059
3 5059 5160 5161
3 5059 5161 5060
3 5060 5161 5162
3 5060 5162 5061
3 5061 5162 5163
3 5061 5163 5062
3 5062 5163 5164
3 5062 5164 5063
3 5063 5164 5165
3 5063 5165 5064
3 5064 5165 5166
3 5064 5166 5065
3 5065 5166 5167
3 5065 5167 5066
3 5066 5167 5168
3 5066 5168 5067
3 5067 5168 5169
3 5067 5169 5068
3 5068 5169 5170
3 5068 5170 5069
3 5069 5170 5171
3 5069 5171 5070
3 5070 5171 5172
3 5070 5172 5071
3 5071 5172 5173
3 5071 5173 5072
3 5072 5173 5174
3 5072 5174 5073
3 5073 5174 5175
3 5073 5175 5074
3 5074 5175 5176
3 5074 5176 5075
3 5075 5176 5177
3 5075 5177 5076
3 5076 5177 5178
3 5076 5178 5077
3 5077 5178 5179
3 5077 5179 5078
3 5078 5179 5180
3 5078 5180 5079
3 5079 5180 5181
3 5079 5181 5080
3 5080 5181 5182
3 5080 5182 5081
3 5081 5182 5183
3 5081 5183 5082
3 5082 5183 5184
3 5082 5184 5083
3 5083 5184 5185
3 5083 5185 5084
3 5084 5185 5186
3 5084 5186 5085
3 5085 5186 5187
3 5085 5187 5086
3 5086 5187 5188
3 5086 5188 5087
3 5087 5188 5189
3 5087 5189 5088
3 5088 5189 5190
3 5088 5190 5089
3 5089 5190 5191
3 5089 5191 5090
3 5090 5191 5192
3 5090 5192 5091
3 5091 5192 5193
3 5091 5193 5092
3 5092 5193 5194
3 5092 5194 5093
3 5093 5194 5195
3 5093 5195 5094
3 5094 5195 5196
3 5094 5196 5095
3 5095 5196 5197
3 5095 5197 5096
3 5096 5197 5198
3 5096 5198 5097
3 5097 5198 5199
3 5097 5199 5098
3 5098 5199 5200
3 5098 5200 5099
3 5099 5200 5201
3 5099 5201 5100
3 5100 5201 5202
3 5100 5202 5101
3 5101 5202 5203
3 5101 5203 5102
3 5102 5203 5204
3 5102 5204 5103
3 5103 5204 5205
3 5103 5205 5104
3 5104 5205 5206
3 5104 5206 5105
3 5105 5206 5207
3 5105 5207 5106
3 5106 5207 5208
3 5106 5208 5107
3 5107 5208 5209
3 5107 5209 5108
3 5108 5209 5210
3 5108 5210 5109
3 5109 5210 5211
3 5109 5211 5110
3 5110 5211 5212
3 5110 5212 5111
3 5111 5212 5213
3 5111 5213 5112
3 5112 5213 5214
3 5112 5214 5113
3 5113 5214 5215
3 5113 5215 5114
3 5114 5215 5216
3 5114 5216 5115
3 5115 5216 5217
3 5115 5217 5116
3 5116 5217 5218
3 5116 5218 5117
3 5117 5218 5219
3 5117 5219 5118
3 5118 5219 5220
3 5118 5220 5119
3 5119 5220 5221
3 5119 5221 5120
3 5120 5221 5222
3 5120 5222 5121
3 5121 5222 5223
3 5121 5223 5122
3 5122 5223 5224
3 5122 5224 5123
3 5123 5224 5225
3 5123 5225 5124
3 5124 5225 5226
3 5124 5226 5125
3 5125 5226 5227
3 5125 5227 5126
3 5126 5227 5228
3 5126 5228 5127
3 5127 5228 5229
3 5127 5229 5128
3 5128 5229 5230
3 5128 5230 5129
3 5129 5230 5231
3 5129 5231 5130
3 5130 5231 5232
3 5130 5232 5131
3 5131 5232 5233
3 5131 5233 5132
3 5132 5233 5234
3 5132 5234 5133
3 5133 5234 5235
3 5133 5235 5134
3 5134 5235 5236
3 5134 5236 5135
3 5135 5236 5237
3 5135 5237 5136
3 5136 5237 5238
3 5136 5238 5137
3 5137 5238 5239
3 5137 5239 5138
3 5138 5239 5240
3 5138 5240 5139
3 5139 5240 5241
3 5139 5241 5140
3 5140 5241 5242
3 5140 5242 5141
3 5141 5242 5243
3 5141 5243 5142
3 5142 5243 5244
3 5142 5244 5143
3 5143 5244 5245
3 5143 5245 5144
3 5144 5245 5246
3 5144 5246 5145
3 5145 5246 5247
3 5145 5247 5146
3 5146 5247 5248
3 5146 5248 5147
3 5147 5248 5249
3 5147 5249 5148
3 5148 5249 5250
3 5148 5250 5149
3 5149 5250 5251
3 5149 5251 5150
3 5151 5252 5253
3 5151 5253 5152
3 5152 5253 5254
3 5152 5254 5153
3 5153 5254 5255
3 5153 5255 5154
3 5154 5255 5256
3 5154 5256 5155
3 5155 5256 5257
3 5155 5257 5156
3 5156 5257 5258
3 5156 5258 5157
3 5157 5258 5259
3 5157 5259 5158
3 5158 5259 5260
3 5158 5260 5159
3 5159 5260 5261
3 5159 5261 5160
3 5160 5261 5262
3 5160 5262 5161
3 5161 5262 5263
3 5161 5263 5162
3 5162 5263 5264
3 5162 5264 5163
3 5163 5264 5265
3 5163 5265 5164
3 5164 5265 5266
3 5164 5266 5165
3 5165 5266 5267
3 5165 5267 5166
3 5166 5267 5268
3 5166 5268 5167
3 5167 5268 5269
3 5167 5269 5168
3 5168 5269 5270
3 5168 5270 5169
3 5169 5270 5271
3 5169 5271 5170
3 5170 5271 5272
3 5170 5272 5171
3 5171 5272 5273
3 5171 5273 5172
3 5172 5273 5274
3 5172 5274 5173
3 5173 5274 5275
3 5173 5275 5174
3 5174 5275 5276
3 5174 5276 5175
3 5175 5276 5277
3 5175 5277 5176
3 5176 5277 5278
3 5176 5278 5177
3 5177 5278 5279
3 5177 5279 5178
3 5178 5279 5280
3 5178 5280 5179
3 5179 5280 5281
3 5179 5281 5180
3 5180 5281 5282
3 5180 5282 5181
3 5181 5282 5283
3 5181 5283 5182
3 5182 5283 5284
3 5182 5284 5183
3 5183 5284 5285
3 5183 5285 5184
3 5184 5285 5286
3 5184 5286 5185
3 5185 5286 5287
3 5185 5287 5186
3 5186 5287 5288
3 5186 5288 5187
3 5187 5288 5289
3 5187 5289 5188
3 5188 5289 5290
3 5188 5290 5189
3 5189 5290 5291
3 5189 5291 5190
3 5190 5291 5292
3 5190 5292 5191
3 5191 5292 5293
3 5191 5293 5192
3 5192 5293 5294
3 5192 5294 5193
3 5193 5294 5295
3 5193 5295 5194
3 5194 5295 5296
3 5194 5296 5195
3 5195 5296 5297
3 5195 5297 5196
3 5196 5297 5298
3 5196 5298 5197
3 5197 5298 5299
3 5197 5299 5198
3 5198 5299 5300
3 5198 5300 5199
3 5199 5300 5301
3 5199 5301 5200
3 5200 5301 5302
3 5200 5302 5201
3 5201 5302 5303
3 5201 5303 5202
3 5202 5303 5304
3 5202 5304 5203
3 5203 5304 5305
3 5203 5305 5204
3 5204 5305 5306
3 5204 5306 5205
3 5205 5306 5307
3 5205 5307 5206
3 5206 5307 5308
3 5206 5308 5207
3 5207 5308 5309
3 5207 5309 5208
3 5208 5309 5310
3 5208 5310 5209
3 5209 5310 5311
3 5209 5311 5210
3 5210 5311 5312
3 5210 5312 5211
3 5211 5312 5313
3 5211 5313 5212
3 5212 5313 5314
3 5212 5314 5213
3 5213 5314 5315
3 5213 5315 5214
3 5214 5315 5316
3 5214 5316 5215
3 5215 5316 5317
3 5215 5317 5216
3 5216 5317 5318
3 5216 5318 5217
3 5217 5318 5319
3 5217 5319 5218
3 5218 5319 5320
3 5218 5320 5219
3 5219 5320 5321
3 5219 5321 5220
3 5220 5321 5322
3 5220 5322 5221
3 5221 5322 5323
3 5221 5323 5222
3 5222 5323 5324
3 5222 5324 5223
3 5223 5324 5325
3 5223 5325 5224
3 5224 5325 5326
3 5224 5326 5225
3 5225 5326 5327
3 5225 5327 5226
3 5226 5327 5328
3 5226 5328 5227
3 5227 5328 5329
3 5227 5329 5228
3 5228 5329 5330
3 5228 5330 5229
3 5229 5330 5331
3 5229 5331 5230
3 5230 5331 5332
3 5230 5332 5231
3 5231 5332 5333
3 5231 5333 5232
3 5232 5333 5334
3 5232 5334 5233
3 5233 5334 5335
3 5233 5335 5234
3 5234 5335 5336
3 5234 5336 5235
3 5235 5336 5337
3 5235 5337 5236
3 5236 5337 5338
3 5236 5338 5237
3 5237 5338 5339
3 5237 5339 5238
3 5238 5339 5340
3 5238 5340 5239
3 5239 5340 5341
3 5239 5341 5240
3 5240 5341 5342
3 5240 5342 5241
3 5241 5342 5343
3 5241 5343 5242
3 5242 5343 5344
3 5242 5344 5243
3 5243 5344 5345
3 5243 5345 5244
3 5244 5345 5346
3 5244 5346 5245
3 5245 5346 5347
3 5245 5347 5246
3 5246 5347 5348
3 5246 5348 5247
3 5247 5348 5349
3 5247 5349 5248
3 5248 5349 5350
3 5248 5350 5249
3 5249 5350 5351
3 5249 5351 5250
3 5250 5351 5352
3 5250 5352 5251
3 5252 5353 5354
3 5252 5354 5253
3 5253 5354 5355
3 5253 5355 5254
3 5254 5355 5356
3 5254 5356 5255
3 5255 5356 5357
3 5255 5357 5256
3 5256 5357 5358
3 5256 5358 5257
3 5257 5358 5359
3 5257 5359 5258
3 5258 5359 5360
3 5258 5360 5259
3 5259 5360 5361
3 5259 5361 5260
3 5260 5361 5362
3 5260 5362 5261
3 5261 5362 5363
3 5261 5363 5262
3 5262 5363 5364
3 5262 5364 5263
3 5263 5364 5365
3 5263 5365 5264
3 5264 5365 5366
3 5264 5366 5265
3 5265 5366 5367
3 5265 5367 5266
3 5266 5367 5368
3 5266 5368 5267
3 5267 5368 5369
3 5267 5369 5268
3 5268 5369 5370
3 5268 5370 5269
3 5269 5370 5371
3 5269 5371 5270
3 5270 5371 5372
3 5270 5372 5271
3 5271 5372 5373
3 5271 5373 5272
3 5272 5373 5374
3 5272 5374 5273
3 5273 5374 5375
3 5273 5375 5274
3 5274 5375 5376
3 5274 5376 5275
3 5275 5376 5377
3 5275 5377 5276
3 5276 5377 5378
3 5276 5378 5277
3 5277 5378 5379
3 5277 5379 5278
3 5278 5379 5380
3 5278 5380 5279
3 5279 5380 5381
3 5279 5381 5280
3 5280 5381 5382
3 5280 5382 5281
3 5281 5382 5383
3 5281 5383 5282
3 5282 5383 5384
3 5282 5384 5283
3 5283 5384 5385
3 5283 5385 5284
3 5284 5385 5386
3 5284 5386 5285
3 5285 5386 5387
3 5285 5387 5286
3 5286 5387 5388
3 5286 5388 5287
3 5287 5388 5389
3 5287 5389 5288
3 5288 5389 5390
3 5288 5390 5289
3 5289 5390 5391
3 5289 5391 5290
3 5290 5391 5392
3 5290 5392 5291
3 5291 5392 5393
3 5291 5393 5292
3 5292 5393 5394
3 5292 5394 5293
3 5293 5394 5395
3 5293 5395 5294
3 5294 5395 5396
3 5294 5396 5295
3 5295 5396 5397
3 5295 5397 5296
3 5296 5397 5398
3 5296 5398 5297
3 5297 5398 5399
3 5297 5399 5298
3 5298 5399 5400
3 5298 5400 5299
3 5299 5400 5401
3 5299 5401 5300
3 5300 5401 5402
3 5300 5402 5301
3 5301 5402 5403
3 5301 5403 5302
3 5302 5403 5404
3 5302 5404 5303
3 5303 5404 5405
3 5303 5405 5304
3 5304 5405 5406
3 5304 5406 5305
3 5305 5406 5407
3 5305 5407 5306
3 5306 5407 5408
3 5306 5408 5307
3 5307 5408 5409
3 5307 5409 5308
3 5308 5409 5410
3 5308 5410 5309
3 5309 5410 5411
3 5309 5411 5310
3 5310 5411 5412
3 5310 5412 5311
3 5311 5412 5413
3 5311 5413 5312
3 5312 5413 5414
3 5312 5414 5313
3 5313 5414 5415
3 5313 5415 5314
3 5314 5415 5416
3 5314 5416 5315
3 5315 5416 5417
3 5315 5417 5316
3 5316 5417 5418
3 5316 5418 5317
3 5317 5418 5419
3 5317 5419 5318
3 5318 5419 5420
3 5318 5420 5319
3 5319 5420 5421
3 5319 5421 5320
3 5320 5421 5422
3 5320 5422 5321
3 5321 5422 5423
3 5321 5423 5322
3 5322 5423 5424
3 5322 5424 5323
3 5323 5424 5425
3 5323 5425 5324
3 5324 5425 5426
3 5324 5426 5325
3 5325 5426 5427
3 5325 5427 5326
3 5326 5427 5428
3 5326 5428 5327
3 5327 5428 5429
3 5327 5429 5328
3 5328 5429 5430
3 5328 5430 5329
3 5329 5430 5431
3 5329 5431 5330
3 5330 5431 5432
3 5330 5432 5331
3 5331 5432 5433
3 5331 5433 5332
3 5332 5433 5434
3 5332 5434 5333
3 5333 5434 5435
3 5333 5435 5334
3 5334 5435 5436
3 5334 5436 5335
3 5335 5436 5437
3 5335 5437 5336
3 5336 5437 5438
3 5336 5438 5337
3 5337 5438 5439
3 5337 5439 5338
3 5338 5439 5440
3 5338 5440 5339
3 5339 5440 5441
3 5339 5441 5340
3 5340 5441 5442
3 5340 5442 5341
3 5341 5442 5443
3 5341 5443 5342
3 5342 5443 5444
3 5342 5444 5343
3 5343 5444 5445
3 5343 5445 5344
3 5344 5445 5446
3 5344 5446 5345
3 5345 5446 5447
3 5345 5447 5346
3 5346 5447 5448
3 5346 5448 5347
3 5347 5448 5449
3 5347 5449 5348
3 5348 5449 5450
3 5348 5450 5349
3 5349 5450 5451
3 5349 5451 5350
3 5350 5451 5452
3 5350 5452 5351
3 5351 5452 5453
3 5351 5453 5352
3 5353 5454 5455
3 5353 5455 5354
3 5354 5455 5456
3 5354 5456 5355
3 5355 5456 5457
3 5355 5457 5356
3 5356 5457 5458
3 5356 5458 5357
3 5357 5458 5459
3 5357 5459 5358
3 5358 5459 5460
3 5358 5460 5359
3 5359 5460 5461
3 5359 5461 5360
3 5360 5461 5462
3 5360 5462 5361
3 5361 5462 5463
3 5361 5463 5362
3 5362 5463 5464
3 5362 5464 5363
3 5363 5464 5465
3 5363 5465 5364
3 5364 5465 5466
3 5364 5466 5365
3 5365 5466 5467
3 5365 5467 5366
3 5366 5467 5468
3 5366 5468 5367
3 5367 5468 5469
3 5367 5469 5368
3 5368 5469 5470
3 5368 5470 5369
3 5369 5470 5471
3 5369 5471 5370
3 5370 5471 5472
3 5370 5472 5371
3 5371 5472 5473
3 5371 5473 5372
3 5372 5473 5474
3 5372 5474 5373
3 5373 5474 5475
3 5373 5475 5374
3 5374 5475 5476
3 5374 5476 5375
3 5375 5476 5477
3 5375 5477 5376
3 5376 5477 5478
3 5376 5478 5377
3 5377 5478 5479
3 5377 5479 5378
3 5378 5479 5480
3 5378 5480 5379
3 5379 5480 5481
3 5379 5481 5380
3 5380 5481 5482
3 5380 5482 5381
3 5381 5482 5483
3 5381 5483 5382
3 5382 5483 5484
3 5382 5484 5383
3 5383 5484 5485
3 5383 5485 5384
3 5384 5485 5486
3 5384 5486 5385
3 5385 5486 5487
3 5385 5487 5386
3 5386 5487 5488
3 5386 5488 5387
3 5387 5488 5489
3 5387 5489 5388
3 5388 5489 5490
3 5388 5490 5389
3 5389 5490 5491
3 5389 5491 5390
3 5390 5491 5492
3 5390 5492 5391
3 5391 5492 5493
3 5391 5493 5392
3 5392 5493 5494
3 5392 5494 5393
3 5393 5494 5495
3 5393 5495 5394
3 5394 5495 5496
3 5394 5496 5395
3 5395 5496 5497
3 5395 5497 5396
3 5396 5497 5498
3 5396 5498 5397
3 5397 5498 5499
3 5397 5499 5398
3 5398 5499 5500
3 5398 5500 5399
3 5399 5500 5501
3 5399 5501 5400
3 5400 5501 5502
3 5400 5502 5401
3 5401 5502 5503
3 5401 5503 5402
3 5402 5503 5504
3 5402 5504 5403
3 5403 5504 5505
3 5403 5505 5404
3 5404 5505 5506
3 5404 5506 5405
3 5405 5506 5507
3 5405 5507 5406
3 5406 5507 5508
3 5406 5508 5407
3 5407 5508 5509
3 5407 5509 5408
3 5408 5509 5510
3 5408 5510 5409
3 5409 5510 5511
3 5409 5511 5410
3 5410 5511 5512
3 5410 5512 5411
3 5411 5512 5513
3 5411 5513 5412
3 5412 5513 5514
3 5412 5514 5413
3 5413 5514 5515
3 5413 5515 5414
3 5414 5515 5516
3 5414 5516 5415
3 5415 5516 5517
3 5415 5517 5416
3 5416 5517 5518
3 5416 5518 5417
3 5417 5518 5519
3 5417 5519 5418
3 5418 5519 5520
3 5418 5520 5419
3 5419 5520 5521
3 5419 5521 5420
3 5420 5521 5522
3 5420 5522 5421
3 5421 5522 5523
3 5421 5523 5422
3 5422 5523 5524
3 5422 5524 5423
3 5423 5524 5525
3 5423 5525 5424
3 5424 5525 5526
3 5424 5526 5425
3 5425 5526 5527
3 5425 5527 5426
3 5426 5527 5528
3 5426 5528 5427
3 5427 5528 5529
3 5427 5529 5428
3 5428 5529 5530
3 5428 5530 5429
3 5429 5530 5531
3 5429 5531 5430
3 5430 5531 5532
3 5430 5532 5431
3 5431 5532 5533
3 5431 5533 5432
3 5432 5533 5534
3 5432 5534 5433
3 5433 5534 5535
3 5433 5535 5434
3 5434 5535 5536
3 5434 5536 5435
3 5435 5536 5537
3 5435 5537 5436
3 5436 5537 5538
3 5436 5538 5437
3 5437 5538 5539
3 5437 5539 5438
3 5438 5539 5540
3 5438 5540 5439
3 5439 5540 5541
3 5439 5541 5440
3 5440 5541 5542
3 5440 5542 5441
3 5441 5542 5543
3 5441 5543 5442
3 5442 5543 5544
3 5442 5544 5443
3 5443 5544 5545
3 5443 5545 5444
3 5444 5545 5546
3 5444 5546 5445
3 5445 5546 5547
3 5445 5547 5446
3 5446 5547 5548
3 5446 5548 5447
3 5447 5548 5549
3 5447 5549 5448
3 5448 5549 5550
3 5448 5550 5449
3 5449 5550 5551
3 5449 5551 5450
3 5450 5551 5552
3 5450 5552 5451
3 5451 5552 5553
3 5451 5553 5452
3 5452 5553 5554
3 5452 5554 5453
3 5454 5555 5556
3 5454 5556 5455
3 5455 5556 5557
3 5455 5557 5456
3 5456 5557 5558
3 5456 5558 5457
3 5457 5558 5559
3 5457 5559 5458
3 5458 5559 5560
3 5458 5560 5459
3 5459 5560 5561
3 5459 5561 5460
3 5460 5561 5562
3 5460 5562 5461
3 5461 5562 5563
3 5461 5563 5462
3 5462 5563 5564
3 5462 5564 5463
3 5463 5564 5565
3 5463 5565 5464
3 5464 5565 5566
3 5464 5566 5465
3 5465 5566 5567
3 5465 5567 5466
3 5466 5567 5568
3 5466 5568 5467
3 5467 5568 5569
3 5467 5569 5468
3 5468 5569 5570
3 5468 5570 5469
3 5469 5570 5571
3 5469 5571 5470
3 5470 5571 5572
3 5470 5572 5471
3 5471 5572 5573
3 5471 5573 5472
3 5472 5573 5574
3 5472 5574 5473
3 5473 5574 5575
3 5473 5575 5474
3 5474 5575 5576
3 5474 5576 5475
3 5475 5576 5577
3 5475 5577 5476
3 5476 5577 5578
3 5476 5578 5477
3 5477 5578 5579
3 5477 5579 5478
3 5478 5579 5580
3 5478 5580 5479
3 5479 5580 5581
3 5479 5581 5480
3 5480 5581 5582
3 5480 5582 5481
3 5481 5582 5583
3 5481 5583 5482
3 5482 5583 5584
3 5482 5584 5483
3 5483 5584 5585
3 5483 5585 5484
3 5484 5585 5586
3 5484 5586 5485
3 5485 5586 5587
3 5485 5587 5486
3 5486 5587 5588
3 5486 5588 5487
3 5487 5588 5589
3 5487 5589 5488
3 5488 5589 5590
3 5488 5590 5489
3 5489 5590 5591
3 5489 5591 5490
3 5490 5591 5592
3 5490 5592 5491
3 5491 5592 5593
3 5491 5593 5492
3 5492 5593 5594
3 5492 5594 5493
3 5493 5594 5595
3 5493 5595 5494
3 5494 5595 5596
3 5494 5596 5495
3 5495 5596 5597
3 5495 5597 5496
3 5496 5597 5598
3 5496 5598 5497
3 5497 5598 5599
3 5497 5599 5498
3 5498 5599 5600
3 5498 5600 5499
3 5499 5600 5601
3 5499 5601 5500
3 5500 5601 5602
3 5500 5602 5501
3 5501 5602 5603
3 5501 5603 5502
3 5502 5603 5604
3 5502 5604 5503
3 5503 5604 5605
3 5503 5605 5504
3 5504 5605 5606
3 5504 5606 5505
3 5505 5606 5607
3 5505 5607 5506
3 5506 5607 5608
3 5506 5608 5507
3 5507 5608 5609
3 5507 5609 5508
3 5508 5609 5610
3 5508 5610 5509
3 5509 5610 5611
3 5509 5611 5510
3 5510 5611 5612
3 5510 5612 5511
3 5511 5612 5613
3 5511 5613 5512
3 5512 5613 5614
3 5512 5614 5513
3 5513 5614 5615
3 5513 5615 5514
3 5514 5615 5616
3 5514 5616 5515
3 5515 5616 5617
3 5515 5617 5516
3 5516 5617 5618
3 5516 5618 5517
3 5517 5618 5619
3 5517 5619 5518
3 5518 5619 5620
3 5518 5620 5519
3 5519 5620 5621
3 5519 5621 5520
3 5520 5621 5622
3 5520 5622 5521
3 5521 5622 5623
3 5521 5623 5522
3 5522 5623 5624
3 5522 5624 5523
3 5523 5624 5625
3 5523 5625 5524
3 5524 5625 5626
3 5524 5626 5525
3 5525 5626 5627
3 5525 5627 5526
3 5526 5627 5628
3 5526 5628 5527
3 5527 5628 5629
3 5527 5629 5528
3 5528 5629 5630
3 5528 5630 5529
3 5529 5630 5631
3 5529 5631 5530
3 5530 5631 5632
3 5530 5632 5531
3 5531 5632 5633
3 5531 5633 5532
3 5532 5633 5634
3 5532 5634 5533
3 5533 5634 5635
3 5533 5635 5534
3 5534 5635 5636
3 5534 5636 5535
3 5535 5636 5637
3 5535 5637 5536
3 5536 5637 5638
3 5536 5638 5537
3 5537 5638 5639
3 5537 5639 5538
3 5538 5639 5640
3 5538 5640 5539
3 5539 5640 5641
3 5539 5641 5540
3 5540 5641 5642
3 5540 5642 5541
3 5541 5642 5643
3 5541 5643 5542
3 5542 5643 5644
3 5542 5644 5543
3 5543 5644 5645
3 5543 5645 5544
3 5544 5645 5646
3 5544 5646 5545
3 5545 5646 5647
3 5545 5647 5546
3 5546 5647 5648
3 5546 5648 5547
3 5547 5648 5649
3 5547 5649 5548
3 5548 5649 5650
3 5548 5650 5549
3 5549 5650 5651
3 5549 5651 5550
3 5550 5651 5652
3 5550 5652 5551
3 5551 5652 5653
3 5551 5653 5552
3 5552 5653 5654
3 5552 5654 5553
3 5553 5654 5655
3 5553 5655 5554
3 5555 5656 5657
3 5555 5657 5556
3 5556 5657 5658
3 5556 5658 5557
3 5557 5658 5659
3 5557 5659 5558
3 5558 5659 5660
3 5558 5660 5559
3 5559 5660 5661
3 5559 5661 5560
3 5560 5661 5662
3 5560 5662 5561
3 5561 5662 5663
3 5561 5663 5562
3 5562 5663 5664
3 5562 5664 5563
3 5563 5664 5665
3 5563 5665 5564
3 5564 5665 5666
3 5564 5666 5565
3 5565 5666 5667
3 5565 5667 5566
3 5566 5667 5668
3 5566 5668 5567
3 5567 5668 5669
3 5567 5669 5568
3 5568 5669 5670
3 5568 5670 5569
3 5569 5670 5671
3 5569 5671 5570
3 5570 5671 5672
3 5570 5672 5571
3 5571 5672 5673
3 5571 5673 5572
3 5572 5673 5674
3 5572 5674 5573
3 5573 5674 5675
3 5573 5675 5574
3 5574 5675 5676
3 5574 5676 5575
3 5575 5676 5677
3 5575 5677 5576
3 5576 5677 5678
3 5576 5678 5577
3 5577 5678 5679
3 5577 5679 5578
3 5578 5679 5680
3 5578 5680 5579
3 5579 5680 5681
3 5579 5681 5580
3 5580 5681 5682
3 5580 5682 5581
3 5581 5682 5683
3 5581 5683 5582
3 5582 5683 5684
3 5582 5684 5583
3 5583 5684 5685
3 5583 5685 5584
3 5584 5685 5686
3 5584 5686 5585
3 5585 5686 5687
3 5585 5687 5586
3 5586 5687 5688
3 5586 5688 5587
3 5587 5688 5689
3 5587 5689 5588
3 5588 5689 5690
3 5588 5690 5589
3 5589 5690 5691
3 5589 5691 5590
3 5590 5691 5692
3 5590 5692 5591
3 5591 5692 5693
3 5591 5693 5592
3 5592 5693 5694
3 5592 5694 5593
3 5593 5694 5695
3 5593 5695 5594
3 5594 5695 5696
3 5594 5696 5595
3 5595 5696 5697
3 5595 5697 5596
3 5596 5697 5698
3 5596 5698 5597
3 5597 5698 5699
3 5597 5699 5598
3 5598 5699 5700
3 5598 5700 5599
3 5599 5700 5701
3 5599 5701 5600
3 5600 5701 5702
3 5600 5702 5601
3 5601 5702 5703
3 5601 5703 5602
3 5602 5703 5704
3 5602 5704 5603
3 5603 5704 5705
3 5603 5705 5604
3 5604 5705 5706
3 5604 5706 5605
3 5605 5706 5707
3 5605 5707 5606
3 5606 5707 5708
3 5606 5708 5607
3 5607 5708 5709
3 5607 5709 5608
3 5608 5709 5710
3 5608 5710 5609
3 5609 5710 5711
3 5609 5711 5610
3 5610 5711 5712
3 5610 5712 5611
3 5611 5712 5713
3 5611 5713 5612
3 5612 5713 5714
3 5612 5714 5613
3 5613 5714 5715
3 5613 5715 5614
3 5614 5715 5716
3 5614 5716 5615
3 5615 5716 5717
3 5615 5717 5616
3 5616 5717 5718
3 5616 5718 5617
3 5617 5718 5719
3 5617 5719 5618
3 5618 5719 5720
3 5618 5720 5619
3 5619 5720 5721
3 5619 5721 5620
3 5620 5721 5722
3 5620 5722 5621
3 5621 5722 5723
3 5621 5723 5622
3 5622 5723 5724
3 5622 5724 5623
3 5623 5724 5725
3 5623 5725 5624
3 5624 5725 5726
3 5624 5726 5625
3 5625 5726 5727
3 5625 5727 5626
3 5626 5727 5728
3 5626 5728 5627
3 5627 5728 5729
3 5627 5729 5628
3 5628 5729 5730
3 5628 5730 5629
3 5629 5730 5731
3 5629 5731 5630
3 5630 5731 5732
3 5630 5732 5631
3 5631 5732 5733
3 5631 5733 5632
3 5632 5733 5734
3 5632 5734 5633
3 5633 5734 5735
3 5633 5735 5634
3 5634 5735 5736
3 5634 5736 5635
3 5635 5736 5737
3 5635 5737 5636
3 5636 5737 5738
3 5636 5738 5637
3 5637 5738 5739
3 5637 5739 5638
3 5638 5739 5740
3 5638 5740 5639
3 5639 5740 5741
3 5639 5741 5640
3 5640 5741 5742
3 5640 5742 5641
3 5641 5742 5743
3 5641 5743 5642
3 5642 5743 5744
3 5642 5744 5643
3 5643 5744 5745
3 5643 5745 5644
3 5644 5745 5746
3 5644 5746 5645
3 5645 5746 5747
3 5645 5747 5646
3 5646 5747 5748
3 5646 5748 5647
3 5647 5748 5749
3 5647 5749 5648
3 5648 5749 5750
3 5648 5750 5649
3 5649 5750 5751
3 5649 5751 5650
3 5650 5751 5752
3 5650 5752 5651
3 5651 5752 5753
3 5651 5753 5652
3 5652 5753 5754
3 5652 5754 5653
3 5653 5754 5755
3 5653 5755 5654
3 5654 5755 5756
3 5654 5756 5655
3 5656 5757 5758
3 5656 5758 5657
3 5657 5758 5759
3 5657 5759 5658
3 5658 5759 5760
3 5658 5760 5659
3 5659 5760 5761
3 5659 5761 5660
3 5660 5761 5762
3 5660 5762 5661
3 5661 5762 5763
3 5661 5763 5662
3 5662 5763 5764
3 5662 5764 5663
3 5663 5764 5765
3 5663 5765 5664
3 5664 5765 5766
3 5664 5766 5665
3 5665 5766 5767
3 5665 5767 5666
3 5666 5767 5768
3 5666 5768 5667
3 5667 5768 5769
3 5667 5769 5668
3 5668 5769 5770
3 5668 5770 5669
3 5669 5770 5771
3 5669 5771 5670
3 5670 5771 5772
3 5670 5772 5671
3 5671 5772 5773
3 5671 5773 5672
3 5672 5773 5774
3 5672 5774 5673
3 5673 5774 5775
3 5673 5775 5674
3 5674 5775 5776
3 5674 5776 5675
3 5675 5776 5777
3 5675 5777 5676
3 5676 5777 5778
3 5676 5778 5677
3 5677 5778 5779
3 5677 5779 5678
3 5678 5779 5780
3 5678 5780 5679
3 5679 5780 5781
3 5679 5781 5680
3 5680 5781 5782
3 5680 5782 5681
3 5681 5782 5783
3 5681 5783 5682
3 5682 5783 5784
3 5682 5784 5683
3 5683 5784 5785
3 5683 5785 5684
3 5684 5785 5786
3 5684 5786 5685
3 5685 5786 5787
3 5685 5787 5686
3 5686 5787 5788
3 5686 5788 5687
3 5687 5788 5789
3 5687 5789 5688
3 5688 5789 5790
3 5688 5790 5689
3 5689 5790 5791
3 5689 5791 5690
3 5690 5791 5792
3 5690 5792 5691
3 5691 5792 5793
3 5691 5793 5692
3 5692 5793 5794
3 5692 5794 5693
3 5693 5794 5795
3 5693 5795 5694
3 5694 5795 5796
3 5694 5796 5695
3 5695 5796 5797
3 5695 5797 5696
3 5696 5797 5798
3 5696 5798 5697
3 5697 5798 5799
3 5697 5799 5698
3 5698 5799 5800
3 5698 5800 5699
3 5699 5800 5801
3 5699 5801 5700
3 5700 5801 5802
3 5700 5802 5701
3 5701 5802 5803
3 5701 5803 5702
3 5702 5803 5804
3 5702 5804 5703
3 5703 5804 5805
3 5703 5805 5704
3 5704 5805 5806
3 5704 5806 5705
3 5705 5806 5807
3 5705 5807 5706
3 5706 5807 5808
3 5706 5808 5707
3 5707 5808 5809
3 5707 5809 5708
3 5708 5809 5810
3 5708 5810 5709
3 5709 5810 5811
3 5709 5811 5710
3 5710 5811 5812
3 5710 5812 5711
3 5711 5812 5813
3 5711 5813 5712
3 5712 5813 5814
3 5712 5814 5713
3 5713 5814 5815
3 5713 5815 5714
3 5714 5815 5816
3 5714 5816 5715
3 5715 5816 5817
3 5715 5817 5716
3 5716 5817 5818
3 5716 5818 5717
3 5717 5818 5819
3 5717 5819 5718
3 5718 5819 5820
3 5718 5820 5719
3 5719 5820 5821
3 5719 5821 5720
3 5720 5821 5822
3 5720 5822 5721
3 5721 5822 5823
3 5721 5823 5722
3 5722 5823 5824
3 5722 5824 5723
3 5723 5824 5825
3 5723 5825 5724
3 5724 5825 5826
3 5724 5826 5725
3 5725 5826 5827
3 5725 5827 5726
3 5726 5827 5828
3 5726 5828 5727
3 5727 5828 5829
3 5727 5829 5728
3 5728 5829 5830
3 5728 5830 5729
3 5729 5830 5831
3 5729 5831 5730
3 5730 5831 5832
3 5730 5832 5731
3 5731 5832 5833
3 5731 5833 5732
3 5732 5833 5834
3 5732 5834 5733
3 5733 5834 5835
3 5733 5835 5734
3 5734 5835 5836
3 5734 5836 5735
3 5735 5836 5837
3 5735 5837 5736
3 5736 5837 5838
3 5736 5838 5737
3 5737 5838 5839
3 5737 5839 5738
3 5738 5839 5840
3 5738 5840 5739
3 5739 5840 5841
3 5739 5841 5740
3 5740 5841 5842
3 5740 5842 5741
3 5741 5842 5843
3 5741 5843 5742
3 5742 5843 5844
3 5742 5844 5743
3 5743 5844 5845
3 5743 5845 5744
3 5744 5845 5846
3 5744 5846 5745
3 5745 5846 5847
3 5745 5847 5746
3 5746 5847 5848
3 5746 5848 5747
3 5747 5848 5849
3 5747 5849 5748
3 5748 5849 5850
3 5748 5850 5749
3 5749 5850 5851
3 5749 5851 5750
3 5750 5851 5852
3 5750 5852 5751
3 5751 5852 5853
3 5751 5853 5752
3 5752 5853 5854
3 5752 5854 5753
3 5753 5854 5855
3 5753 5855 5754
3 5754 5855 5856
3 5754 5856 5755
3 5755 5856 5857
3 5755 5857 5756
3 5757 5858 5859
3 5757 5859 5758
3 5758 5859 5860
3 5758 5860 5759
3 5759 5860 5861
3 5759 5861 5760
3 5760 5861 5862
3 5760 5862 5761
3 5761 5862 5863
3 5761 5863 5762
3 5762 5863 5864
3 5762 5864 5763
3 5763 5864 5865
3 5763 5865 5764
3 5764 5865 5866
3 5764 5866 5765
3 5765 5866 5867
3 5765 5867 5766
3 5766 5867 5868
3 5766 5868 5767
3 5767 5868 5869
3 5767 5869 5768
3 5768 5869 5870
3 5768 5870 5769
3 5769 5870 5871
3 5769 5871 5770
3 5770 5871 5872
3 5770 5872 5771
3 5771 5872 5873
3 5771 5873 5772
3 5772 5873 5874
3 5772 5874 5773
3 5773 5874 5875
3 5773 5875 5774
3 5774 5875 5876
3 5774 5876 5775
3 5775 5876 5877
3 5775 5877 5776
3 5776 5877 5878
3 5776 5878 5777
3 5777 5878 5879
3 5777 5879 5778
3 5778 5879 5880
3 5778 5880 5779
3 5779 5880 5881
3 5779 5881 5780
3 5780 5881 5882
3 5780 5882 5781
3 5781 5882 5883
3 5781 5883 5782
3 5782 5883 5884
3 5782 5884 5783
3 5783 5884 5885
3 5783 5885 5784
3 5784 5885 5886
3 5784 5886 5785
3 5785 5886 5887
3 5785 5887 5786
3 5786 5887 5888
3 5786 5888 5787
3 5787 5888 5889
3 5787 5889 5788
3 5788 5889 5890
3 5788 5890 5789
3 5789 5890 5891
3 5789 5891 5790
3 5790 5891 5892
3 5790 5892 5791
3 5791 5892 5893
3 5791 5893 5792
3 5792 5893 5894
3 5792 5894 5793
3 5793 5894 5895
3 5793 5895 5794
3 5794 5895 5896
3 5794 5896 5795
3 5795 5896 5897
3 5795 5897 5796
3 5796 5897 5898
3 5796 5898 5797
3 5797 5898 5899
3 5797 5899 5798
3 5798 5899 5900
3 5798 5900 5799
3 5799 5900 5901
3 5799 5901 5800
3 5800 5901 5902
3 5800 5902 5801
3 5801 5902 5903
3 5801 5903 5802
3 5802 5903 5904
3 5802 5904 5803
3 5803 5904 5905
3 5803 5905 5804
3 5804 5905 5906
3 5804 5906 5805
3 5805 5906 5907
3 5805 5907 5806
3 5806 5907 5908
3 5806 5908 5807
3 5807 5908 5909
3 5807 5909 5808
3 5808 5909 5910
3 5808 5910 5809
3 5809 5910 5911
3 5809 5911 5810
3 5810 5911 5912
3 5810 5912 5811
3 5811 5912 5913
3 5811 5913 5812
3 5812 5913 5914
3 5812 5914 5813
3 5813 5914 5915
3 5813 5915 5814
3 5814 5915 5916
3 5814 5916 5815
3 5815 5916 5917
3 5815 5917 5816
3 5816 5917 5918
3 5816 5918 5817
3 5817 5918 5919
3 5817 5919 5818
3 5818 5919 5920
3 5818 5920 5819
3 5819 5920 5921
3 5819 5921 5820
3 5820 5921 5922
3 5820 5922 5821
3 5821 5922 5923
3 5821 5923 5822
3 5822 5923 5924
3 5822 5924 5823
3 5823 5924 5925
3 5823 5925 5824
3 5824 5925 5926
3 5824 5926 5825
3 5825 5926 5927
3 5825 5927 5826
3 5826 5927 5928
3 5826 5928 5827
3 5827 5928 5929
3 5827 5929 5828
3 5828 5929 5930
3 5828 5930 5829
3 5829 5930 5931
3 5829 5931 5830
3 5830 5931 5932
3 5830 5932 5831
3 5831 5932 5933
3 5831 5933 5832
3 5832 5933 5934
3 5832 5934 5833
3 5833 5934 5935
3 5833 5935 5834
3 5834 5935 5936
3 5834 5936 5835
3 5835 5936 5937
3 5835 5937 5836
3 5836 5937 5938
3 5836 5938 5837
3 5837 5938 5939
3 5837 5939 5838
3 5838 5939 5940
3 5838 5940 5839
3 5839 5940 5941
3 5839 5941 5840
3 5840 5941 5942
3 5840 5942 5841
3 5841 5942 5943
3 5841 5943 5842
3 5842 5943 5944
3 5842 5944 5843
3 5843 5944 5945
3 5843 5945 5844
3 5844 5945 5946
3 5844 5946 5845
3 5845 5946 5947
3 5845 5947 5846
3 5846 5947 5948
3 5846 5948 5847
3 5847 5948 5949
3 5847 5949 5848
3 5848 5949 5950
3 5848 5950 5849
3 5849 5950 5951
3 5849 5951 5850
3 5850 5951 5952
3 5850 5952 5851
3 5851 5952 5953
3 5851 5953 5852
3 5852 5953 5954
3 5852 5954 5853
3 5853 5954 5955
3 5853 5955 5854
3 5854 5955 5956
3 5854 5956 5855
3 5855 5956 5957
3 5855 5957 5856
3 5856 5957 5958
3 5856 5958 5857
3 5858 5959 5960
3 5858 5960 5859
3 5859 5960 5961
3 5859 5961 5860
3 5860 5961 5962
3 5860 5962 5861
3 5861 5962 5963
3 5861 5963 5862
3 5862 5963 5964
3 5862 5964 5863
3 5863 5964 5965
3 5863 5965 5864
3 5864 5965 5966
3 5864 5966 5865
3 5865 5966 5967
3 5865 5967 5866
3 5866 5967 5968
3 5866 5968 5867
3 5867 5968 5969
3 5867 5969 5868
3 5868 5969 5970
3 5868 5970 5869
3 5869 5970 5971
3 5869 5971 5870
3 5870 5971 5972
3 5870 5972 5871
3 5871 5972 5973
3 5871 5973 5872
3 5872 5973 5974
3 5872 5974 5873
3 5873 5974 5975
3 5873 5975 5874
3 5874 5975 5976
3 5874 5976 5875
3 5875 5976 5977
3 5875 5977 5876
3 5876 5977 5978
3 5876 5978 5877
3 5877 5978 5979
3 5877 5979 5878
3 5878 5979 5980
3 5878 5980 5879
3 5879 5980 5981
3 5879 5981 5880
3 5880 5981 5982
3 5880 5982 5881
3 5881 5982 5983
3 5881 5983 5882
3 5882 5983 5984
3 5882 5984 5883
3 5883 5984 5985
3 5883 5985 5884
3 5884 5985 5986
3 5884 5986 5885
3 5885 5986 5987
3 5885 5987 5886
3 5886 5987 5988
3 5886 5988 5887
3 5887 5988 5989
3 5887 5989 5888
3 5888 5989 5990
3 5888 5990 5889
3 5889 5990 5991
3 5889 5991 5890
3 5890 5991 5992
3 5890 5992 5891
3 5891 5992 5993
3 5891 5993 5892
3 5892 5993 5994
3 5892 5994 5893
3 5893 5994 5995
3 5893 5995 5894
3 5894 5995 5996
3 5894 5996 5895
3 5895 5996 5997
3 5895 5997 5896
3 5896 5997 5998
3 5896 5998 5897
3 5897 5998 5999
3 5897 5999 5898
3 5898 5999 6000
3 5898 6000 5899
3 5899 6000 6001
3 5899 6001 5900
3 5900 6001 6002
3 5900 6002 5901
3 5901 6002 6003
3 5901 6003 5902
3 5902 6003 6004
3 5902 6004 5903
3 5903 6004 6005
3 5903 6005 5904
3 5904 6005 6006
3 5904 6006 5905
3 5905 6006 6007
3 5905 6007 5906
3 5906 6007 6008
3 5906 6008 5907
3 5907 6008 6009
3 5907 6009 5908
3 5908 6009 6010
3 5908 6010 5909
3 5909 6010 6011
3 5909 6011 5910
3 5910 6011 6012
3 5910 6012 5911
3 5911 6012 6013
3 5911 6013 5912
3 5912 6013 6014
3 5912 6014 5913
3 5913 6014 6015
3 5913 6015 5914
3 5914 6015 6016
3 5914 6016 5915
3 5915 6016 6017
3 5915 6017 5916
3 5916 6017 6018
3 5916 6018 5917
3 5917 6018 6019
3 5917 6019 5918
3 5918 6019 6020
3 5918 6020 5919
3 5919 6020 6021
3 5919 6021 5920
3 5920 6021 6022
3 5920 6022 5921
3 5921 6022 6023
3 5921 6023 5922
3 5922 6023 6024
3 5922 6024 5923
3 5923 6024 6025
3 5923 6025 5924
3 5924 6025 6026
3 5924 6026 5925
3 5925 6026 6027
3 5925 6027 5926
3 5926 6027 6028
3 5926 6028 5927
3 5927 6028 6029
3 5927 6029 5928
3 5928 6029 6030
3 5928 6030 5929
3 5929 6030 6031
3 5929 6031 5930
3 5930 6031 6032
3 5930 6032 5931
3 5931 6032 6033
3 5931 6033 5932
3 5932 6033 6034
3 5932 6034 5933
3 5933 6034 6035
3 5933 6035 5934
3 5934 6035 6036
3 5934 6036 5935
3 5935 6036 6037
3 5935 6037 5936
3 5936 6037 6038
3 5936 6038 5937
3 5937 6038 6039
3 5937 6039 5938
3 5938 6039 6040
3 5938 6040 5939
3 5939 6040 6041
3 5939 6041 5940
3 5940 6041 6042
3 5940 6042 5941
3 5941 6042 6043
3 5941 6043 5942
3 5942 6043 6044
3 5942 6044 5943
3 5943 6044 6045
3 5943 6045 5944
3 5944 6045 6046
3 5944 6046 5945
3 5945 6046 6047
3 5945 6047 5946
3 5946 6047 6048
3 5946 6048 5947
3 5947 6048 6049
3 5947 6049 5948
3 5948 6049 6050
3 5948 6050 5949
3 5949 6050 6051
3 5949 6051 5950
3 5950 6051 6052
3 5950 6052 5951
3 5951 6052 6053
3 5951 6053 5952
3 5952 6053 6054
3 5952 6054 5953
3 5953 6054 6055
3 5953 6055 5954
3 5954 6055 6056
3 5954 6056 5955
3 5955 6056 6057
3 5955 6057 5956
3 5956 6057 6058
3 5956 6058 5957
3 5957 6058 6059
3 5957 6059 5958
3 5959 6060 6061
3 5959 6061 5960
3 5960 6061 6062
3 5960 6062 5961
3 5961 6062 6063
3 5961 6063 5962
3 5962 6063 6064
3 5962 6064 5963
3 5963 6064 6065
3 5963 6065 5964
3 5964 6065 6066
3 5964 6066 5965
3 5965 6066 6067
3 5965 6067 5966
3 5966 6067 6068
3 5966 6068 5967
3 5967 6068 6069
3 5967 6069 5968
3 5968 6069 6070
3 5968 6070 5969
3 5969 6070 6071
3 5969 6071 5970
3 5970 6071 6072
3 5970 6072 5971
3 5971 6072 6073
3 5971 6073 5972
3 5972 6073 6074
3 5972 6074 5973
3 5973 6074 6075
3 5973 6075 5974
3 5974 6075 6076
3 5974 6076 5975
3 5975 6076 6077
3 5975 6077 5976
3 5976 6077 6078
3 5976 6078 5977
3 5977 6078 6079
3 5977 6079 5978
3 5978 6079 6080
3 5978 6080 5979
3 5979 6080 6081
3 5979 6081 5980
3 5980 6081 6082
3 5980 6082 5981
3 5981 6082 6083
3 5981 6083 5982
3 5982 6083 6084
3 5982 6084 5983
3 5983 6084 6085
3 5983 6085 5984
3 5984 6085 6086
3 5984 6086 5985
3 5985 6086 6087
3 5985 6087 5986
3 5986 6087 6088
3 5986 6088 5987
3 5987 6088 6089
3 5987 6089 5988
3 5988 6089 6090
3 5988 6090 5989
3 5989 6090 6091
3 5989 6091 5990
3 5990 6091 6092
3 5990 6092 5991
3 5991 6092 6093
3 5991 6093 5992
3 5992 6093 6094
3 5992 6094 5993
3 5993 6094 6095
3 5993 6095 5994
3 5994 6095 6096
3 5994 6096 5995
3 5995 6096 6097
3 5995 6097 5996
3 5996 6097 6098
3 5996 6098 5997
3 5997 6098 6099
3 5997 6099 5998
3 5998 6099 6100
3 5998 6100 5999
3 5999 6100 6101
3 5999 6101 6000
3 6000 6101 6102
3 6000 6102 6001
3 6001 6102 6103
3 6001 6103 6002
3 6002 6103 6104
3 6002 6104 6003
3 6003 6104 6105
3 6003 6105 6004
3 6004 6105 6106
3 6004 6106 6005
3 6005 6106 6107
3 6005 6107 6006
3 6006 6107 6108
3 6006 6108 6007
3 6007 6108 6109
3 6007 6109 6008
3 6008 6109 6110
3 6008 6110 6009
3 6009 6110 6111
3 6009 6111 6010
3 6010 6111 6112
3 6010 6112 6011
3 6011 6112 6113
3 6011 6113 6012
3 6012 6113 6114
3 6012 6114 6013
3 6013 6114 6115
3 6013 6115 6014
3 6014 6115 6116
3 6014 6116 6015
3 6015 6116 6117
3 6015 6117 6016
3 6016 6117 6118
3 6016 6118 6017
3 6017 6118 6119
3 6017 6119 6018
3 6018 6119 6120
3 6018 6120 6019
3 6019 6120 6121
3 6019 6121 6020
3 6020 6121 6122
3 6020 6122 6021
3 6021 6122 6123
3 6021 6123 6022
3 6022 6123 6124
3 6022 6124 6023
3 6023 6124 6125
3 6023 6125 6024
3 6024 6125 6126
3 6024 6126 6025
3 6025 6126 6127
3 6025 6127 6026
3 6026 6127 6128
3 6026 6128 6027
3 6027 6128 6129
3 6027 6129 6028
3 6028 6129 6130
3 6028 6130 6029
3 6029 6130 6131
3 6029 6131 6030
3 6030 6131 6132
3 6030 6132 6031
3 6031 6132 6133
3 6031 6133 6032
3 6032 6133 6134
3 6032 6134 6033
3 6033 6134 6135
3 6033 6135 6034
3 6034 6135 6136
3 6034 6136 6035
3 6035 6136 6137
3 6035 6137 6036
3 6036 6137 6138
3 6036 6138 6037
3 6037 6138 6139
3 6037 6139 6038
3 6038 6139 6140
3 6038 6140 6039
3 6039 6140 6141
3 6039 6141 6040
3 6040 6141 6142
3 6040 6142 6041
3 6041 6142 6143
3 6041 6143 6042
3 6042 6143 6144
3 6042 6144 6043
3 6043 6144 6145
3 6043 6145 6044
3 6044 6145 6146
3 6044 6146 6045
3 6045 6146 6147
3 6045 6147 6046
3 6046 6147 6148
3 6046 6148 6047
3 6047 6148 6149
3 6047 6149 6048
3 6048 6149 6150
3 6048 6150 6049
3 6049 6150 6151
3 6049 6151 6050
3 6050 6151 6152
3 6050 6152 6051
3 6051 6152 6153
3 6051 6153 6052
3 6052 6153 6154
3 6052 6154 6053
3 6053 6154 6155
3 6053 6155 6054
3 6054 6155 6156
3 6054 6156 6055
3 6055 6156 6157
3 6055 6157 6056
3 6056 6157 6158
3 6056 6158 6057
3 6057 6158 6159
3 6057 6159 6058
3 6058 6159 6160
3 6058 6160 6059
3 6060 6161 6162
3 6060 6162 6061
3 6061 6162 6163
3 6061 6163 6062
3 6062 6163 6164
3 6062 6164 6063
3 6063 6164 6165
3 6063 6165 6064
3 6064 6165 6166
3 6064 6166 6065
3 6065 6166 6167
3 6065 6167 6066
3 6066 6167 6168
3 6066 6168 6067
3 6067 6168 6169
3 6067 6169 6068
3 6068 6169 6170
3 6068 6170 6069
3 6069 6170 6171
3 6069 6171 6070
3 6070 6171 6172
3 6070 6172 6071
3 6071 6172 6173
3 6071 6173 6072
3 6072 6173 6174
3 6072 6174 6073
3 6073 6174 6175
3 6073 6175 6074
3 6074 6175 6176
3 6074 6176 6075
3 6075 6176 6177
3 6075 6177 6076
3 6076 6177 6178
3 6076 6178 6077
3 6077 6178 6179
3 6077 6179 6078
3 6078 6179 6180
3 6078 6180 6079
3 6079 6180 6181
3 6079 6181 6080
3 6080 6181 6182
3 6080 6182 6081
3 6081 6182 6183
3 6081 6183 6082
3 6082 6183 6184
3 6082 6184 6083
3 6083 6184 6185
3 6083 6185 6084
3 6084 6185 6186
3 6084 6186 6085
3 6085 6186 6187
3 6085 6187 6086
3 6086 6187 6188
3 6086 6188 6087
3 6087 6188 6189
3 6087 6189 6088
3 6088 6189 6190
3 6088 6190 6089
3 6089 6190 6191
3 6089 6191 6090
3 6090 6191 6192
3 6090 6192 6091
3 6091 6192 6193
3 6091 6193 6092
3 6092 6193 6194
3 6092 6194 6093
3 6093 6194 6195
3 6093 6195 6094
3 6094 6195 6196
3 6094 6196 6095
3 6095 6196 6197
3 6095 6197 6096
3 6096 6197 6198
3 6096 6198 6097
3 6097 6198 6199
3 6097 6199 6098
3 6098 6199 6200
3 6098 6200 6099
3 6099 6200 6201
3 6099 6201 6100
3 6100 6201 6202
3 6100 6202 6101
3 6101 6202 6203
3 6101 6203 6102
3 6102 6203 6204
3 6102 6204 6103
3 6103 6204 6205
3 6103 6205 6104
3 6104 6205 6206
3 6104 6206 6105
3 6105 6206 6207
3 6105 6207 6106
3 6106 6207 6208
3 6106 6208 6107
3 6107 6208 6209
3 6107 6209 6108
3 6108 6209 6210
3 6108 6210 6109
3 6109 6210 6211
3 6109 6211 6110
3 6110 6211 6212
3 6110 6212 6111
3 6111 6212 6213
3 6111 6213 6112
3 6112 6213 6214
3 6112 6214 6113
3 6113 6214 6215
3 6113 6215 6114
3 6114 6215 6216
3 6114 6216 6115
3 6115 6216 6217
3 6115 6217 6116
3 6116 6217 6218
3 6116 6218 6117
3 6117 6218 6219
3 6117 6219 6118
3 6118 6219 6220
3 6118 6220 6119
3 6119 6220 6221
3 6119 6221 6120
3 6120 6221 6222
3 6120 6222 6121
3 6121 6222 6223
3 6121 6223 6122
3 6122 6223 6224
3 6122 6224 6123
3 6123 6224 6225
3 6123 6225 6124
3 6124 6225 6226
3 6124 6226 6125
3 6125 6226 6227
3 6125 6227 6126
3 6126 6227 6228
3 6126 6228 6127
3 6127 6228 6229
3 6127 6229 6128
3 6128 6229 6230
3 6128 6230 6129
3 6129 6230 6231
3 6129 6231 6130
3 6130 6231 6232
3 6130 6232 6131
3 6131 6232 6233
3 6131 6233 6132
3 6132 6233 6234
3 6132 6234 6133
3 6133 6234 6235
3 6133 6235 6134
3 6134 6235 6236
3 6134 6236 6135
3 6135 6236 6237
3 6135 6237 6136
3 6136 6237 6238
3 6136 6238 6137
3 6137 6238 6239
3 6137 6239 6138
3 6138 6239 6240
3 6138 6240 6139
3 6139 6240 6241
3 6139 6241 6140
3 6140 6241 6242
3 6140 6242 6141
3 6141 6242 6243
3 6141 6243 6142
3 6142 6243 6244
3 6142 6244 6143
3 6143 6244 6245
3 6143 6245 6144
3 6144 6245 6246
3 6144 6246 6145
3 6145 6246 6247
3 6145 6247 6146
3 6146 6247 6248
3 6146 6248 6147
3 6147 6248 6249
3 6147 6249 6148
3 6148 6249 6250
3 6148 6250 6149
3 6149 6250 6251
3 6149 6251 6150
3 6150 6251 6252
3 6150 6252 6151
3 6151 6252 6253
3 6151 6253 6152
3 6152 6253 6254
3 6152 6254 6153
3 6153 6254 6255
3 6153 6255 6154
3 6154 6255 6256
3 6154 6256 6155
3 6155 6256 6257
3 6155 6257 6156
3 6156 6257 6258
3 6156 6258 6157
3 6157 6258 6259
3 6157 6259 6158
3 6158 6259 6260
3 6158 6260 6159
3 6159 6260 6261
3 6159 6261 6160
3 6161 6262 6263
3 6161 6263 6162
3 6162 6263 6264
3 6162 6264 6163
3 6163 6264 6265
3 6163 6265 6164
3 6164 6265 6266
3 6164 6266 6165
3 6165 6266 6267
3 6165 6267 6166
3 6166 6267 6268
3 6166 6268 6167
3 6167 6268 6269
3 6167 6269 6168
3 6168 6269 6270
3 6168 6270 6169
3 6169 6270 6271
3 6169 6271 6170
3 6170 6271 6272
3 6170 6272 6171
3 6171 6272 6273
3 6171 6273 6172
3 6172 6273 6274
3 6172 6274 6173
3 6173 6274 6275
3 6173 6275 6174
3 6174 6275 6276
3 6174 6276 6175
3 6175 6276 6277
3 6175 6277 6176
3 6176 6277 6278
3 6176 6278 6177
3 6177 6278 6279
3 6177 6279 6178
3 6178 6279 6280
3 6178 6280 6179
3 6179 6280 6281
3 6179 6281 6180
3 6180 6281 6282
3 6180 6282 6181
3 6181 6282 6283
3 6181 6283 6182
3 6182 6283 6284
3 6182 6284 6183
3 6183 6284 6285
3 6183 6285 6184
3 6184 6285 6286
3 6184 6286 6185
3 6185 6286 6287
3 6185 6287 6186
3 6186 6287 6288
3 6186 6288 6187
3 6187 6288 6289
3 6187 6289 6188
3 6188 6289 6290
3 6188 6290 6189
3 6189 6290 6291
3 6189 6291 6190
3 6190 6291 6292
3 6190 6292 6191
3 6191 6292 6293
3 6191 6293 6192
3 6192 6293 6294
3 6192 6294 6193
3 6193 6294 6295
3 6193 6295 6194
3 6194 6295 6296
3 6194 6296 6195
3 6195 6296 6297
3 6195 6297 6196
3 6196 6297 6298
3 6196 6298 6197
3 6197 6298 6299
3 6197 6299 6198
3 6198 6299 6300
3 6198 6300 6199
3 6199 6300 6301
3 6199 6301 6200
3 6200 6301 6302
3 6200 6302 6201
3 6201 6302 6303
3 6201 6303 6202
3 6202 6303 6304
3 6202 6304 6203
3 6203 6304 6305
3 6203 6305 6204
3 6204 6305 6306
3 6204 6306 6205
3 6205 6306 6307
3 6205 6307 6206
3 6206 6307 6308
3 6206 6308 6207
3 6207 6308 6309
3 6207 6309 6208
3 6208 6309 6310
3 6208 6310 6209
3 6209 6310 6311
3 6209 6311 6210
3 6210 6311 6312
3 6210 6312 6211
3 6211 6312 6313
3 6211 6313 6212
3 6212 6313 6314
3 6212 6314 6213
3 6213 6314 6315
3 6213 6315 6214
3 6214 6315 6316
3 6214 6316 6215
3 6215 6316 6317
3 6215 6317 6216
3 6216 6317 6318
3 6216 6318 6217
3 6217 6318 6319
3 6217 6319 6218
3 6218 6319 6320
3 6218 6320 6219
3 6219 6320 6321
3 6219 6321 6220
3 6220 6321 6322
3 6220 6322 6221
3 6221 6322 6323
3 6221 6323 6222
3 6222 6323 6324
3 6222 6324 6223
3 6223 6324 6325
3 6223 6325 6224
3 6224 6325 6326
3 6224 6326 6225
3 6225 6326 6327
3 6225 6327 6226
3 6226 6327 6328
3 6226 6328 6227
3 6227 6328 6329
3 6227 6329 6228
3 6228 6329 6330
3 6228 6330 6229
3 6229 6330 6331
3 6229 6331 6230
3 6230 6331 6332
3 6230 6332 6231
3 6231 6332 6333
3 6231 6333 6232
3 6232 6333 6334
3 6232 6334 6233
3 6233 6334 6335
3 6233 6335 6234
3 6234 6335 6336
3 6234 6336 6235
3 6235 6336 6337
3 6235 6337 6236
3 6236 6337 6338
3 6236 6338 6237
3 6237 6338 6339
3 6237 6339 6238
3 6238 6339 6340
3 6238 6340 6239
3 6239 6340 6341
3 6239 6341 6240
3 6240 6341 6342
3 6240 6342 6241
3 6241 6342 6343
3 6241 6343 6242
3 6242 6343 6344
3 6242 6344 6243
3 6243 6344 6345
3 6243 6345 6244
3 6244 6345 6346
3 6244 6346 6245
3 6245 6346 6347
3 6245 6347 6246
3 6246 6347 6348
3 6246 6348 6247
3 6247 6348 6349
3 6247 6349 6248
3 6248 6349 6350
3 6248 6350 6249
3 6249 6350 6351
3 6249 6351 6250
3 6250 6351 6352
3 6250 6352 6251
3 6251 6352 6353
3 6251 6353 6252
3 6252 6353 6354
3 6252 6354 6253
3 6253 6354 6355
3 6253 6355 6254
3 6254 6355 6356
3 6254 6356 6255
3 6255 6356 6357
3 6255 6357 6256
3 6256 6357 6358
3 6256 6358 6257
3 6257 6358 6359
3 6257 6359 6258
3 6258 6359 6360
3 6258 6360 6259
3 6259 6360 6361
3 6259 6361 6260
3 6260 6361 6362
3 6260 6362 6261
3 6262 6363 6364
3 6262 6364 6263
3 6263 6364 6365
3 6263 6365 6264
3 6264 6365 6366
3 6264 6366 6265
3 6265 6366 6367
3 6265 6367 6266
3 6266 6367 6368
3 6266 6368 6267
3 6267 6368 6369
3 6267 6369 6268
3 6268 6369 6370
3 6268 6370 6269
3 6269 6370 6371
3 6269 6371 6270
3 6270 6371 6372
3 6270 6372 6271
3 6271 6372 6373
3 6271 6373 6272
3 6272 6373 6374
3 6272 6374 6273
3 6273 6374 6375
3 6273 6375 6274
3 6274 6375 6376
3 6274 6376 6275
3 6275 6376 6377
3 6275 6377 6276
3 6276 6377 6378
3 6276 6378 6277
3 6277 6378 6379
3 6277 6379 6278
3 6278 6379 6380
3 6278 6380 6279
3 6279 6380 6381
3 6279 6381 6280
3 6280 6381 6382
3 6280 6382 6281
3 6281 6382 6383
3 6281 6383 6282
3 6282 6383 6384
3 6282 6384 6283
3 6283 6384 6385
3 6283 6385 6284
3 6284 6385 6386
3 6284 6386 6285
3 6285 6386 6387
3 6285 6387 6286
3 6286 6387 6388
3 6286 6388 6287
3 6287 6388 6389
3 6287 6389 6288
3 6288 6389 6390
3 6288 6390 6289
3 6289 6390 6391
3 6289 6391 6290
3 6290 6391 6392
3 6290 6392 6291
3 6291 6392 6393
3 6291 6393 6292
3 6292 6393 6394
3 6292 6394 6293
3 6293 6394 6395
3 6293 6395 6294
3 6294 6395 6396
3 6294 6396 6295
3 6295 6396 6397
3 6295 6397 6296
3 6296 6397 6398
3 6296 6398 6297
3 6297 6398 6399
3 6297 6399 6298
3 6298 6399 6400
3 6298 6400 6299
3 6299 6400 6401
3 6299 6401 6300
3 6300 6401 6402
3 6300 6402 6301
3 6301 6402 6403
3 6301 6403 6302
3 6302 6403 6404
3 6302 6404 6303
3 6303 6404 6405
3 6303 6405 6304
3 6304 6405 6406
3 6304 6406 6305
3 6305 6406 6407
3 6305 6407 6306
3 6306 6407 6408
3 6306 6408 6307
3 6307 6408 6409
3 6307 6409 6308
3 6308 6409 6410
3 6308 6410 6309
3 6309 6410 6411
3 6309 6411 6310
3 6310 6411 6412
3 6310 6412 6311
3 6311 6412 6413
3 6311 6413 6312
3 6312 6413 6414
3 6312 6414 6313
3 6313 6414 6415
3 6313 6415 6314
3 6314 6415 6416
3 6314 6416 6315
3 6315 6416 6417
3 6315 6417 6316
3 6316 6417 6418
3 6316 6418 6317
3 6317 6418 6419
3 6317 6419 6318
3 6318 6419 6420
3 6318 6420 6319
3 6319 6420 6421
3 6319 6421 6320
3 6320 6421 6422
3 6320 6422 6321
3 6321 6422 6423
3 6321 6423 6322
3 6322 6423 6424
3 6322 6424 6323
3 6323 6424 6425
3 6323 6425 6324
3 6324 6425 6426
3 6324 6426 6325
3 6325 6426 6427
3 6325 6427 6326
3 6326 6427 6428
3 6326 6428 6327
3 6327 6428 6429
3 6327 6429 6328
3 6328 6429 6430
3 6328 6430 6329
3 6329 6430 6431
3 6329 6431 6330
3 6330 6431 6432
3 6330 6432 6331
3 6331 6432 6433
3 6331 6433 6332
3 6332 6433 6434
3 6332 6434 6333
3 6333 6434 6435
3 6333 6435 6334
3 6334 6435 6436
3 6334 6436 6335
3 6335 6436 6437
3 6335 6437 6336
3 6336 6437 6438
3 6336 6438 6337
3 6337 6438 6439
3 6337 6439 6338
3 6338 6439 6440
3 6338 6440 6339
3 6339 6440 6441
3 6339 6441 6340
3 6340 6441 6442
3 6340 6442 6341
3 6341 6442 6443
3 6341 6443 6342
3 6342 6443 6444
3 6342 6444 6343
3 6343 6444 6445
3 6343 6445 6344
3 6344 6445 6446
3 6344 6446 6345
3 6345 6446 6447
3 6345 6447 6346
3 6346 6447 6448
3 6346 6448 6347
3 6347 6448 6449
3 6347 6449 6348
3 6348 6449 6450
3 6348 6450 6349
3 6349 6450 6451
3 6349 6451 6350
3 6350 6451 6452
3 6350 6452 6351
3 6351 6452 6453
3 6351 6453 6352
3 6352 6453 6454
3 6352 6454 6353
3 6353 6454 6455
3 6353 6455 6354
3 6354 6455 6456
3 6354 6456 6355
3 6355 6456 6457
3 6355 6457 6356
3 6356 6457 6458
3 6356 6458 6357
3 6357 6458 6459
3 6357 6459 6358
3 6358 6459 6460
3 6358 6460 6359
3 6359 6460 6461
3 6359 6461 6360
3 6360 6461 6462
3 6360 6462 6361
3 6361 6462 6463
3 6361 6463 6362
3 6363 6464 6465
3 6363 6465 6364
3 6364 6465 6466
3 6364 6466 6365
3 6365 6466 6467
3 6365 6467 6366
3 6366 6467 6468
3 6366 6468 6367
3 6367 6468 6469
3 6367 6469 6368
3 6368 6469 6470
3 6368 6470 6369
3 6369 6470 6471
3 6369 6471 6370
3 6370 6471 6472
3 6370 6472 6371
3 6371 6472 6473
3 6371 6473 6372
3 6372 6473 6474
3 6372 6474 6373
3 6373 6474 6475
3 6373 6475 6374
3 6374 6475 6476
3 6374 6476 6375
3 6375 6476 6477
3 6375 6477 6376
3 6376 6477 6478
3 6376 6478 6377
3 6377 6478 6479
3 6377 6479 6378
3 6378 6479 6480
3 6378 6480 6379
3 6379 6480 6481
3 6379 6481 6380
3 6380 6481 6482
3 6380 6482 6381
3 6381 6482 6483
3 6381 6483 6382
3 6382 6483 6484
3 6382 6484 6383
3 6383 6484 6485
3 6383 6485 6384
3 6384 6485 6486
3 6384 6486 6385
3 6385 6486 6487
3 6385 6487 6386
3 6386 6487 6488
3 6386 6488 6387
3 6387 6488 6489
3 6387 6489 6388
3 6388 6489 6490
3 6388 6490 6389
3 6389 6490 6491
3 6389 6491 6390
3 6390 6491 6492
3 6390 6492 6391
3 6391 6492 6493
3 6391 6493 6392
3 6392 6493 6494
3 6392 6494 6393
3 6393 6494 6495
3 6393 6495 6394
3 6394 6495 6496
3 6394 6496 6395
3 6395 6496 6497
3 6395 6497 6396
3 6396 6497 6498
3 6396 6498 6397
3 6397 6498 6499
3 6397 6499 6398
3 6398 6499 6500
3 6398 6500 6399
3 6399 6500 6501
3 6399 6501 6400
3 6400 6501 6502
3 6400 6502 6401
3 6401 6502 6503
3 6401 6503 6402
3 6402 6503 6504
3 6402 6504 6403
3 6403 6504 6505
3 6403 6505 6404
3 6404 6505 6506
3 6404 6506 6405
3 6405 6506 6507
3 6405 6507 6406
3 6406 6507 6508
3 6406 6508 6407
3 6407 6508 6509
3 6407 6509 6408
3 6408 6509 6510
3 6408 6510 6409
3 6409 6510 6511
3 6409 6511 6410
3 6410 6511 6512
3 6410 6512 6411
3 6411 6512 6513
3 6411 6513 6412
3 6412 6513 6514
3 6412 6514 6413
3 6413 6514 6515
3 6413 6515 6414
3 6414 6515 6516
3 6414 6516 6415
3 6415 6516 6517
3 6415 6517 6416
3 6416 6517 6518
3 6416 6518 6417
3 6417 6518 6519
3 6417 6519 6418
3 6418 6519 6520
3 6418 6520 6419
3 6419 6520 6521
3 6419 6521 6420
3 6420 6521 6522
3 6420 6522 6421
3 6421 6522 6523
3 6421 6523 6422
3 6422 6523 6524
3 6422 6524 6423
3 6423 6524 6525
3 6423 6525 6424
3 6424 6525 6526
3 6424 6526 6425
3 6425 6526 6527
3 6425 6527 6426
3 6426 6527 6528
3 6426 6528 6427
3 6427 6528 6529
3 6427 6529 6428
3 6428 6529 6530
3 6428 6530 6429
3 6429 6530 6531
3 6429 6531 6430
3 6430 6531 6532
3 6430 6532 6431
3 6431 6532 6533
3 6431 6533 6432
3 6432 6533 6534
3 6432 6534 6433
3 6433 6534 6535
3 6433 6535 6434
3 6434 6535 6536
3 6434 6536 6435
3 6435 6536 6537
3 6435 6537 6436
3 6436 6537 6538
3 6436 6538 6437
3 6437 6538 6539
3 6437 6539 6438
3 6438 6539 6540
3 6438 6540 6439
3 6439 6540 6541
3 6439 6541 6440
3 6440 6541 6542
3 6440 6542 6441
3 6441 6542 6543
3 6441 6543 6442
3 6442 6543 6544
3 6442 6544 6443
3 6443 6544 6545
3 6443 6545 6444
3 6444 6545 6546
3 6444 6546 6445
3 6445 6546 6547
3 6445 6547 6446
3 6446 6547 6548
3 6446 6548 6447
3 6447 6548 6549
3 6447 6549 6448
3 6448 6549 6550
3 6448 6550 6449
3 6449 6550 6551
3 6449 6551 6450
3 6450 6551 6552
3 6450 6552 6451
3 6451 6552 6553
3 6451 6553 6452
3 6452 6553 6554
3 6452 6554 6453
3 6453 6554 6555
3 6453 6555 6454
3 6454 6555 6556
3 6454 6556 6455
3 6455 6556 6557
3 6455 6557 6456
3 6456 6557 6558
3 6456 6558 6457
3 6457 6558 6559
3 6457 6559 6458
3 6458 6559 6560
3 6458 6560 6459
3 6459 6560 6561
3 6459 6561 6460
3 6460 6561 6562
3 6460 6562 6461
3 6461 6562 6563
3 6461 6563 6462
3 6462 6563 6564
3 6462 6564 6463
3 6464 6565 6566
3 6464 6566 6465
3 6465 6566 6567
3 6465 6567 6466
3 6466 6567 6568
3 6466 6568 6467
3 6467 6568 6569
3 6467 6569 6468
3 6468 6569 6570
3 6468 6570 6469
3 6469 6570 6571
3 6469 6571 6470
3 6470 6571 6572
3 6470 6572 6471
3 6471 6572 6573
3 6471 6573 6472
3 6472 6573 6574
3 6472 6574 6473
3 6473 6574 6575
3 6473 6575 6474
3 6474 6575 6576
3 6474 6576 6475
3 6475 6576 6577
3 6475 6577 6476
3 6476 6577 6578
3 6476 6578 6477
3 6477 6578 6579
3 6477 6579 6478
3 6478 6579 6580
3 6478 6580 6479
3 6479 6580 6581
3 6479 6581 6480
3 6480 6581 6582
3 6480 6582 6481
3 6481 6582 6583
3 6481 6583 6482
3 6482 6583 6584
3 6482 6584 6483
3 6483 6584 6585
3 6483 6585 6484
3 6484 6585 6586
3 6484 6586 6485
3 6485 6586 6587
3 6485 6587 6486
3 6486 6587 6588
3 6486 6588 6487
3 6487 6588 6589
3 6487 6589 6488
3 6488 6589 6590
3 6488 6590 6489
3 6489 6590 6591
3 6489 6591 6490
3 6490 6591 6592
3 6490 6592 6491
3 6491 6592 6593
3 6491 6593 6492
3 6492 6593 6594
3 6492 6594 6493
3 6493 6594 6595
3 6493 6595 6494
3 6494 6595 6596
3 6494 6596 6495
3 6495 6596 6597
3 6495 6597 6496
3 6496 6597 6598
3 6496 6598 6497
3 6497 6598 6599
3 6497 6599 6498
3 6498 6599 6600
3 6498 6600 6499
3 6499 6600 6601
3 6499 6601 6500
3 6500 6601 6602
3 6500 6602 6501
3 6501 6602 6603
3 6501 6603 6502
3 6502 6603 6604
3 6502 6604 6503
3 6503 6604 6605
3 6503 6605 6504
3 6504 6605 6606
3 6504 6606 6505
3 6505 6606 6607
3 6505 6607 6506
3 6506 6607 6608
3 6506 6608 6507
3 6507 6608 6609
3 6507 6609 6508
3 6508 6609 6610
3 6508 6610 6509
3 6509 6610 6611
3 6509 6611 6510
3 6510 6611 6612
3 6510 6612 6511
3 6511 6612 6613
3 6511 6613 6512
3 6512 6613 6614
3 6512 6614 6513
3 6513 6614 6615
3 6513 6615 6514
3 6514 6615 6616
3 6514 6616 6515
3 6515 6616 6617
3 6515 6617 6516
3 6516 6617 6618
3 6516 6618 6517
3 6517 6618 6619
3 6517 6619 6518
3 6518 6619 6620
3 6518 6620 6519
3 6519 6620 6621
3 6519 6621 6520
3 6520 6621 6622
3 6520 6622 6521
3 6521 6622 6623
3 6521 6623 6522
3 6522 6623 6624
3 6522 6624 6523
3 6523 6624 6625
3 6523 6625 6524
3 6524 6625 6626
3 6524 6626 6525
3 6525 6626 6627
3 6525 6627 6526
3 6526 6627 6628
3 6526 6628 6527
3 6527 6628 6629
3 6527 6629 6528
3 6528 6629 6630
3 6528 6630 6529
3 6529 6630 6631
3 6529 6631 6530
3 6530 6631 6632
3 6530 6632 6531
3 6531 6632 6633
3 6531 6633 6532
3 6532 6633 6634
3 6532 6634 6533
3 6533 6634 6635
3 6533 6635 6534
3 6534 6635 6636
3 6534 6636 6535
3 6535 6636 6637
3 6535 6637 6536
3 6536 6637 6638
3 6536 6638 6537
3 6537 6638 6639
3 6537 6639 6538
3 6538 6639 6640
3 6538 6640 6539
3 6539 6640 6641
3 6539 6641 6540
3 6540 6641 6642
3 6540 6642 6541
3 6541 6642 6643
3 6541 6643 6542
3 6542 6643 6644
3 6542 6644 6543
3 6543 6644 6645
3 6543 6645 6544
3 6544 6645 6646
3 6544 6646 6545
3 6545 6646 6647
3 6545 6647 6546
3 6546 6647 6648
3 6546 6648 6547
3 6547 6648 6649
3 6547 6649 6548
3 6548 6649 6650
3 6548 6650 6549
3 6549 6650 6651
3 6549 6651 6550
3 6550 6651 6652
3 6550 6652 6551
3 6551 6652 6653
3 6551 6653 6552
3 6552 6653 6654
3 6552 6654 6553
3 6553 6654 6655
3 6553 6655 6554
3 6554 6655 6656
3 6554 6656 6555
3 6555 6656 6657
3 6555 6657 6556
3 6556 6657 6658
3 6556 6658 6557
3 6557 6658 6659
3 6557 6659 6558
3 6558 6659 6660
3 6558 6660 6559
3 6559 6660 6661
3 6559 6661 6560
3 6560 6661 6662
3 6560 6662 6561
3 6561 6662 6663
3 6561 6663 6562
3 6562 6663 6664
3 6562 6664 6563
3 6563 6664 6665
3 6563 6665 6564
3 6565 6666 6667
3 6565 6667 6566
3 6566 6667 6668
3 6566 6668 6567
3 6567 6668 6669
3 6567 6669 6568
3 6568 6669 6670
3 6568 6670 6569
3 6569 6670 6671
3 6569 6671 6570
3 6570 6671 6672
3 6570 6672 6571
3 6571 6672 6673
3 6571 6673 6572
3 6572 6673 6674
3 6572 6674 6573
3 6573 6674 6675
3 6573 6675 6574
3 6574 6675 6676
3 6574 6676 6575
3 6575 6676 6677
3 6575 6677 6576
3 6576 6677 6678
3 6576 6678 6577
3 6577 6678 6679
3 6577 6679 6578
3 6578 6679 6680
3 6578 6680 6579
3 6579 6680 6681
3 6579 6681 6580
3 6580 6681 6682
3 6580 6682 6581
3 6581 6682 6683
3 6581 6683 6582
3 6582 6683 6684
3 6582 6684 6583
3 6583 6684 6685
3 6583 6685 6584
3 6584 6685 6686
3 6584 6686 6585
3 6585 6686 6687
3 6585 6687 6586
3 6586 6687 6688
3 6586 6688 6587
3 6587 6688 6689
3 6587 6689 6588
3 6588 6689 6690
3 6588 6690 6589
3 6589 6690 6691
3 6589 6691 6590
3 6590 6691 6692
3 6590 6692 6591
3 6591 6692 6693
3 6591 6693 6592
3 6592 6693 6694
3 6592 6694 6593
3 6593 6694 6695
3 6593 6695 6594
3 6594 6695 6696
3 6594 6696 6595
3 6595 6696 6697
3 6595 6697 6596
3 6596 6697 6698
3 6596 6698 6597
3 6597 6698 6699
3 6597 6699 6598
3 6598 6699 6700
3 6598 6700 6599
3 6599 6700 6701
3 6599 6701 6600
3 6600 6701 6702
3 6600 6702 6601
3 6601 6702 6703
3 6601 6703 6602
3 6602 6703 6704
3 6602 6704 6603
3 6603 6704 6705
3 6603 6705 6604
3 6604 6705 6706
3 6604 6706 6605
3 6605 6706 6707
3 6605 6707 6606
3 6606 6707 6708
3 6606 6708 6607
3 6607 6708 6709
3 6607 6709 6608
3 6608 6709 6710
3 6608 6710 6609
3 6609 6710 6711
3 6609 6711 6610
3 6610 6711 6712
3 6610 6712 6611
3 6611 6712 6713
3 6611 6713 6612
3 6612 6713 6714
3 6612 6714 6613
3 6613 6714 6715
3 6613 6715 6614
3 6614 6715 6716
3 6614 6716 6615
3 6615 6716 6717
3 6615 6717 6616
3 6616 6717 6718
3 6616 6718 6617
3 6617 6718 6719
3 6617 6719 6618
3 6618 6719 6720
3 6618 6720 6619
3 6619 6720 6721
3 6619 6721 6620
3 6620 6721 6722
3 6620 6722 6621
3 6621 6722 6723
3 6621 6723 6622
3 6622 6723 6724
3 6622 6724 6623
3 6623 6724 6725
3 6623 6725 6624
3 6624 6725 6726
3 6624 6726 6625
3 6625 6726 6727
3 6625 6727 6626
3 6626 6727 6728
3 6626 6728 6627
3 6627 6728 6729
3 6627 6729 6628
3 6628 6729 6730
3 6628 6730 6629
3 6629 6730 6731
3 6629 6731 6630
3 6630 6731 6732
3 6630 6732 6631
3 6631 6732 6733
3 6631 6733 6632
3 6632 6733 6734
3 6632 6734 6633
3 6633 6734 6735
3 6633 6735 6634
3 6634 6735 6736
3 6634 6736 6635
3 6635 6736 6737
3 6635 6737 6636
3 6636 6737 6738
3 6636 6738 6637
3 6637 6738 6739
3 6637 6739 6638
3 6638 6739 6740
3 6638 6740 6639
3 6639 6740 6741
3 6639 6741 6640
3 6640 6741 6742
3 6640 6742 6641
3 6641 6742 6743
3 6641 6743 6642
3 6642 6743 6744
3 6642 6744 6643
3 6643 6744 6745
3 6643 6745 6644
3 6644 6745 6746
3 6644 6746 6645
3 6645 6746 6747
3 6645 6747 6646
3 6646 6747 6748
3 6646 6748 6647
3 6647 6748 6749
3 6647 6749 6648
3 6648 6749 6750
3 6648 6750 6649
3 6649 6750 6751
3 6649 6751 6650
3 6650 6751 6752
3 6650 6752 6651
3 6651 6752 6753
3 6651 6753 6652
3 6652 6753 6754
3 6652 6754 6653
3 6653 6754 6755
3 6653 6755 6654
3 6654 6755 6756
3 6654 6756 6655
3 6655 6756 6757
3 6655 6757 6656
3 6656 6757 6758
3 6656 6758 6657
3 6657 6758 6759
3 6657 6759 6658
3 6658 6759 6760
3 6658 6760 6659
3 6659 6760 6761
3 6659 6761 6660
3 6660 6761 6762
3 6660 6762 6661
3 6661 6762 6763
3 6661 6763 6662
3 6662 6763 6764
3 6662 6764 6663
3 6663 6764 6765
3 6663 6765 6664
3 6664 6765 6766
3 6664 6766 6665
3 6666 6767 6768
3 6666 6768 6667
3 6667 6768 6769
3 6667 6769 6668
3 6668 6769 6770
3 6668 6770 6669
3 6669 6770 6771
3 6669 6771 6670
3 6670 6771 6772
3 6670 6772 6671
3 6671 6772 6773
3 6671 6773 6672
3 6672 6773 6774
3 6672 6774 6673
3 6673 6774 6775
3 6673 6775 6674
3 6674 6775 6776
3 6674 6776 6675
3 6675 6776 6777
3 6675 6777 6676
3 6676 6777 6778
3 6676 6778 6677
3 6677 6778 6779
3 6677 6779 6678
3 6678 6779 6780
3 6678 6780 6679
3 6679 6780 6781
3 6679 6781 6680
3 6680 6781 6782
3 6680 6782 6681
3 6681 6782 6783
3 6681 6783 6682
3 6682 6783 6784
3 6682 6784 6683
3 6683 6784 6785
3 6683 6785 6684
3 6684 6785 6786
3 6684 6786 6685
3 6685 6786 6787
3 6685 6787 6686
3 6686 6787 6788
3 6686 6788 6687
3 6687 6788 6789
3 6687 6789 6688
3 6688 6789 6790
3 6688 6790 6689
3 6689 6790 6791
3 6689 6791 6690
3 6690 6791 6792
3 6690 6792 6691
3 6691 6792 6793
3 6691 6793 6692
3 6692 6793 6794
3 6692 6794 6693
3 6693 6794 6795
3 6693 6795 6694
3 6694 6795 6796
3 6694 6796 6695
3 6695 6796 6797
3 6695 6797 6696
3 6696 6797 6798
3 6696 6798 6697
3 6697 6798 6799
3 6697 6799 6698
3 6698 6799 6800
3 6698 6800 6699
3 6699 6800 6801
3 6699 6801 6700
3 6700 6801 6802
3 6700 6802 6701
3 6701 6802 6803
3 6701 6803 6702
3 6702 6803 6804
3 6702 6804 6703
3 6703 6804 6805
3 6703 6805 6704
3 6704 6805 6806
3 6704 6806 6705
3 6705 6806 6807
3 6705 6807 6706
3 6706 6807 6808
3 6706 6808 6707
3 6707 6808 6809
3 6707 6809 6708
3 6708 6809 6810
3 6708 6810 6709
3 6709 6810 6811
3 6709 6811 6710
3 6710 6811 6812
3 6710 6812 6711
3 6711 6812 6813
3 6711 6813 6712
3 6712 6813 6814
3 6712 6814 6713
3 6713 6814 6815
3 6713 6815 6714
3 6714 6815 6816
3 6714 6816 6715
3 6715 6816 6817
3 6715 6817 6716
3 6716 6817 6818
3 6716 6818 6717
3 6717 6818 6819
3 6717 6819 6718
3 6718 6819 6820
3 6718 6820 6719
3 6719 6820 6821
3 6719 6821 6720
3 6720 6821 6822
3 6720 6822 6721
3 6721 6822 6823
3 6721 6823 6722
3 6722 6823 6824
3 6722 6824 6723
3 6723 6824 6825
3 6723 6825 6724
3 6724 6825 6826
3 6724 6826 6725
3 6725 6826 6827
3 6725 6827 6726
3 6726 6827 6828
3 6726 6828 6727
3 6727 6828 6829
3 6727 6829 6728
3 6728 6829 6830
3 6728 6830 6729
3 6729 6830 6831
3 6729 6831 6730
3 6730 6831 6832
3 6730 6832 6731
3 6731 6832 6833
3 6731 6833 6732
3 6732 6833 6834
3 6732 6834 6733
3 6733 6834 6835
3 6733 6835 6734
3 6734 6835 6836
3 6734 6836 6735
3 6735 6836 6837
3 6735 6837 6736
3 6736 6837 6838
3 6736 6838 6737
3 6737 6838 6839
3 6737 6839 6738
3 6738 6839 6840
3 6738 6840 6739
3 6739 6840 6841
3 6739 6841 6740
3 6740 6841 6842
3 6740 6842 6741
3 6741 6842 6843
3 6741 6843 6742
3 6742 6843 6844
3 6742 6844 6743
3 6743 6844 6845
3 6743 6845 6744
3 6744 6845 6846
3 6744 6846 6745
3 6745 6846 6847
3 6745 6847 6746
3 6746 6847 6848
3 6746 6848 6747
3 6747 6848 6849
3 6747 6849 6748
3 6748 6849 6850
3 6748 6850 6749
3 6749 6850 6851
3 6749 6851 6750
3 6750 6851 6852
3 6750 6852 6751
3 6751 6852 6853
3 6751 6853 6752
3 6752 6853 6854
3 6752 6854 6753
3 6753 6854 6855
3 6753 6855 6754
3 6754 6855 6856
3 6754 6856 6755
3 6755 6856 6857
3 6755 6857 6756
3 6756 6857 6858
3 6756 6858 6757
3 6757 6858 6859
3 6757 6859 6758
3 6758 6859 6860
3 6758 6860 6759
3 6759 6860 6861
3 6759 6861 6760
3 6760 6861 6862
3 6760 6862 6761
3 6761 6862 6863
3 6761 6863 6762
3 6762 6863 6864
3 6762 6864 6763
3 6763 6864 6865
3 6763 6865 6764
3 6764 6865 6866
3 6764 6866 6765
3 6765 6866 6867
3 6765 6867 6766
3 6767 6868 6869
3 6767 6869 6768
3 6768 6869 6870
3 6768 6870 6769
3 6769 6870 6871
3 6769 6871 6770
3 6770 6871 6872
3 6770 6872 6771
3 6771 6872 6873
3 6771 6873 6772
3 6772 6873 6874
3 6772 6874 6773
3 6773 6874 6875
3 6773 6875 6774
3 6774 6875 6876
3 6774 6876 6775
3 6775 6876 6877
3 6775 6877 6776
3 6776 6877 6878
3 6776 6878 6777
3 6777 6878 6879
3 6777 6879 6778
3 6778 6879 6880
3 6778 6880 6779
3 6779 6880 6881
3 6779 6881 6780
3 6780 6881 6882
3 6780 6882 6781
3 6781 6882 6883
3 6781 6883 6782
3 6782 6883 6884
3 6782 6884 6783
3 6783 6884 6885
3 6783 6885 6784
3 6784 6885 6886
3 6784 6886 6785
3 6785 6886 6887
3 6785 6887 6786
3 6786 6887 6888
3 6786 6888 6787
3 6787 6888 6889
3 6787 6889 6788
3 6788 6889 6890
3 6788 6890 6789
3 6789 6890 6891
3 6789 6891 6790
3 6790 6891 6892
3 6790 6892 6791
3 6791 6892 6893
3 6791 6893 6792
3 6792 6893 6894
3 6792 6894 6793
3 6793 6894 6895
3 6793 6895 6794
3 6794 6895 6896
3 6794 6896 6795
3 6795 6896 6897
3 6795 6897 6796
3 6796 6897 6898
3 6796 6898 6797
3 6797 6898 6899
3 6797 6899 6798
3 6798 6899 6900
3 6798 6900 6799
3 6799 6900 6901
3 6799 6901 6800
3 6800 6901 6902
3 6800 6902 6801
3 6801 6902 6903
3 6801 6903 6802
3 6802 6903 6904
3 6802 6904 6803
3 6803 6904 6905
3 6803 6905 6804
3 6804 6905 6906
3 6804 6906 6805
3 6805 6906 6907
3 6805 6907 6806
3 6806 6907 6908
3 6806 6908 6807
3 6807 6908 6909
3 6807 6909 6808
3 6808 6909 6910
3 6808 6910 6809
3 6809 6910 6911
3 6809 6911 6810
3 6810 6911 6912
3 6810 6912 6811
3 6811 6912 6913
3 6811 6913 6812
3 6812 6913 6914
3 6812 6914 6813
3 6813 6914 6915
3 6813 6915 6814
3 6814 6915 6916
3 6814 6916 6815
3 6815 6916 6917
3 6815 6917 6816
3 6816 6917 6918
3 6816 6918 6817
3 6817 6918 6919
3 6817 6919 6818
3 6818 6919 6920
3 6818 6920 6819
3 6819 6920 6921
3 6819 6921 6820
3 6820 6921 6922
3 6820 6922 6821
3 6821 6922 6923
3 6821 6923 6822
3 6822 6923 6924
3 6822 6924 6823
3 6823 6924 6925
3 6823 6925 6824
3 6824 6925 6926
3 6824 6926 6825
3 6825 6926 6927
3 6825 6927 6826
3 6826 6927 6928
3 6826 6928 6827
3 6827 6928 6929
3 6827 6929 6828
3 6828 6929 6930
3 6828 6930 6829
3 6829 6930 6931
3 6829 6931 6830
3 6830 6931 6932
3 6830 6932 6831
3 6831 6932 6933
3 6831 6933 6832
3 6832 6933 6934
3 6832 6934 6833
3 6833 6934 6935
3 6833 6935 6834
3 6834 6935 6936
3 6834 6936 6835
3 6835 6936 6937
3 6835 6937 6836
3 6836 6937 6938
3 6836 6938 6837
3 6837 6938 6939
3 6837 6939 6838
3 6838 6939 6940
3 6838 6940 6839
3 6839 6940 6941
3 6839 6941 6840
3 6840 6941 6942
3 6840 6942 6841
3 6841 6942 6943
3 6841 6943 6842
3 6842 6943 6944
3 6842 6944 6843
3 6843 6944 6945
3 6843 6945 6844
3 6844 6945 6946
3 6844 6946 6845
3 6845 6946 6947
3 6845 6947 6846
3 6846 6947 6948
3 6846 6948 6847
3 6847 6948 6949
3 6847 6949 6848
3 6848 6949 6950
3 6848 6950 6849
3 6849 6950 6951
3 6849 6951 6850
3 6850 6951 6952
3 6850 6952 6851
3 6851 6952 6953
3 6851 6953 6852
3 6852 6953 6954
3 6852 6954 6853
3 6853 6954 6955
3 6853 6955 6854
3 6854 6955 6956
3 6854 6956 6855
3 6855 6956 6957
3 6855 6957 6856
3 6856 6957 6958
3 6856 6958 6857
3 6857 6958 6959
3 6857 6959 6858
3 6858 6959 6960
3 6858 6960 6859
3 6859 6960 6961
3 6859 6961 6860
3 6860 6961 6962
3 6860 6962 6861
3 6861 6962 6963
3 6861 6963 6862
3 6862 6963 6964
3 6862 6964 6863
3 6863 6964 6965
3 6863 6965 6864
3 6864 6965 6966
3 6864 6966 6865
3 6865 6966 6967
3 6865 6967 6866
3 6866 6967 6968
3 6866 6968 6867
3 6868 6969 6970
3 6868 6970 6869
3 6869 6970 6971
3 6869 6971 6870
3 6870 6971 6972
3 6870 6972 6871
3 6871 6972 6973
3 6871 6973 6872
3 6872 6973 6974
3 6872 6974 6873
3 6873 6974 6975
3 6873 6975 6874
3 6874 6975 6976
3 6874 6976 6875
3 6875 6976 6977
3 6875 6977 6876
3 6876 6977 6978
3 6876 6978 6877
3 6877 6978 6979
3 6877 6979 6878
3 6878 6979 6980
3 6878 6980 6879
3 6879 6980 6981
3 6879 6981 6880
3 6880 6981 6982
3 6880 6982 6881
3 6881 6982 6983
3 6881 6983 6882
3 6882 6983 6984
3 6882 6984 6883
3 6883 6984 6985
3 6883 6985 6884
3 6884 6985 6986
3 6884 6986 6885
3 6885 6986 6987
3 6885 6987 6886
3 6886 6987 6988
3 6886 6988 6887
3 6887 6988 6989
3 6887 6989 6888
3 6888 6989 6990
3 6888 6990 6889
3 6889 6990 6991
3 6889 6991 6890
3 6890 6991 6992
3 6890 6992 6891
3 6891 6992 6993
3 6891 6993 6892
3 6892 6993 6994
3 6892 6994 6893
3 6893 6994 6995
3 6893 6995 6894
3 6894 6995 6996
3 6894 6996 6895
3 6895 6996 6997
3 6895 6997 6896
3 6896 6997 6998
3 6896 6998 6897
3 6897 6998 6999
3 6897 6999 6898
3 6898 6999 7000
3 6898 7000 6899
3 6899 7000 7001
3 6899 7001 6900
3 6900 7001 7002
3 6900 7002 6901
3 6901 7002 7003
3 6901 7003 6902
3 6902 7003 7004
3 6902 7004 6903
3 6903 7004 7005
3 6903 7005 6904
3 6904 7005 7006
3 6904 7006 6905
3 6905 7006 7007
3 6905 7007 6906
3 6906 7007 7008
3 6906 7008 6907
3 6907 7008 7009
3 6907 7009 6908
3 6908 7009 7010
3 6908 7010 6909
3 6909 7010 7011
3 6909 7011 6910
3 6910 7011 7012
3 6910 7012 6911
3 6911 7012 7013
3 6911 7013 6912
3 6912 7013 7014
3 6912 7014 6913
3 6913 7014 7015
3 6913 7015 6914
3 6914 7015 7016
3 6914 7016 6915
3 6915 7016 7017
3 6915 7017 6916
3 6916 7017 7018
3 6916 7018 6917
3 6917 7018 7019
3 6917 7019 6918
3 6918 7019 7020
3 6918 7020 6919
3 6919 7020 7021
3 6919 7021 6920
3 6920 7021 7022
3 6920 7022 6921
3 6921 7022 7023
3 6921 7023 6922
3 6922 7023 7024
3 6922 7024 6923
3 6923 7024 7025
3 6923 7025 6924
3 6924 7025 7026
3 6924 7026 6925
3 6925 7026 7027
3 6925 7027 6926
3 6926 7027 7028
3 6926 7028 6927
3 6927 7028 7029
3 6927 7029 6928
3 6928 7029 7030
3 6928 7030 6929
3 6929 7030 7031
3 6929 7031 6930
3 6930 7031 7032
3 6930 7032 6931
3 6931 7032 7033
3 6931 7033 6932
3 6932 7033 7034
3 6932 7034 6933
3 6933 7034 7035
3 6933 7035 6934
3 6934 7035 7036
3 6934 7036 6935
3 6935 7036 7037
3 6935 7037 6936
3 6936 7037 7038
3 6936 7038 6937
3 6937 7038 7039
3 6937 7039 6938
3 6938 7039 7040
3 6938 7040 6939
3 6939 7040 7041
3 6939 7041 6940
3 6940 7041 7042
3 6940 7042 6941
3 6941 7042 7043
3 6941 7043 6942
3 6942 7043 7044
3 6942 7044 6943
3 6943 7044 7045
3 6943 7045 6944
3 6944 7045 7046
3 6944 7046 6945
3 6945 7046 7047
3 6945 7047 6946
3 6946 7047 7048
3 6946 7048 6947
3 6947 7048 7049
3 6947 7049 6948
3 6948 7049 7050
3 6948 7050 6949
3 6949 7050 7051
3 6949 7051 6950
3 6950 7051 7052
3 6950 7052 6951
3 6951 7052 7053
3 6951 7053 6952
3 6952 7053 7054
3 6952 7054 6953
3 6953 7054 7055
3 6953 7055 6954
3 6954 7055 7056
3 6954 7056 6955
3 6955 7056 7057
3 6955 7057 6956
3 6956 7057 7058
3 6956 7058 6957
3 6957 7058 7059
3 6957 7059 6958
3 6958 7059 7060
3 6958 7060 6959
3 6959 7060 7061
3 6959 7061 6960
3 6960 7061 7062
3 6960 7062 6961
3 6961 7062 7063
3 6961 7063 6962
3 6962 7063 7064
3 6962 7064 6963
3 6963 7064 7065
3 6963 7065 6964
3 6964 7065 7066
3 6964 7066 6965
3 6965 7066 7067
3 6965 7067 6966
3 6966 7067 7068
3 6966 7068 6967
3 6967 7068 7069
3 6967 7069 6968
3 6969 7070 7071
3 6969 7071 6970
3 6970 7071 7072
3 6970 7072 6971
3 6971 7072 7073
3 6971 7073 6972
3 6972 7073 7074
3 6972 7074 6973
3 6973 7074 7075
3 6973 7075 6974
3 6974 7075 7076
3 6974 7076 6975
3 6975 7076 7077
3 6975 7077 6976
3 6976 7077 7078
3 6976 7078 6977
3 6977 7078 7079
3 6977 7079 6978
3 6978 7079 7080
3 6978 7080 6979
3 6979 7080 7081
3 6979 7081 6980
3 6980 7081 7082
3 6980 7082 6981
3 6981 7082 7083
3 6981 7083 6982
3 6982 7083 7084
3 6982 7084 6983
3 6983 7084 7085
3 6983 7085 6984
3 6984 7085 7086
3 6984 7086 6985
3 6985 7086 7087
3 6985 7087 6986
3 6986 7087 7088
3 6986 7088 6987
3 6987 7088 7089
3 6987 7089 6988
3 6988 7089 7090
3 6988 7090 6989
3 6989 7090 7091
3 6989 7091 6990
3 6990 7091 7092
3 6990 7092 6991
3 6991 7092 7093
3 6991 7093 6992
3 6992 7093 7094
3 6992 7094 6993
3 6993 7094 7095
3 6993 7095 6994
3 6994 7095 7096
3 6994 7096 6995
3 6995 7096 7097
3 6995 7097 6996
3 6996 7097 7098
3 6996 7098 6997
3 6997 7098 7099
3 6997 7099 6998
3 6998 7099 7100
3 6998 7100 6999
3 6999 7100 7101
3 6999 7101 7000
3 7000 7101 7102
3 7000 7102 7001
3 7001 7102 7103
3 7001 7103 7002
3 7002 7103 7104
3 7002 7104 7003
3 7003 7104 7105
3 7003 7105 7004
3 7004 7105 7106
3 7004 7106 7005
3 7005 7106 7107
3 7005 7107 7006
3 7006 7107 7108
3 7006 7108 7007
3 7007 7108 7109
3 7007 7109 7008
3 7008 7109 7110
3 7008 7110 7009
3 7009 7110 7111
3 7009 7111 7010
3 7010 7111 7112
3 7010 7112 7011
3 7011 7112 7113
3 7011 7113 7012
3 7012 7113 7114
3 7012 7114 7013
3 7013 7114 7115
3 7013 7115 7014
3 7014 7115 7116
3 7014 7116 7015
3 7015 7116 7117
3 7015 7117 7016
3 7016 7117 7118
3 7016 7118 7017
3 7017 7118 7119
3 7017 7119 7018
3 7018 7119 7120
3 7018 7120 7019
3 7019 7120 7121
3 7019 7121 7020
3 7020 7121 7122
3 7020 7122 7021
3 7021 7122 7123
3 7021 7123 7022
3 7022 7123 7124
3 7022 7124 7023
3 7023 7124 7125
3 7023 7125 7024
3 7024 7125 7126
3 7024 7126 7025
3 7025 7126 7127
3 7025 7127 7026
3 7026 7127 7128
3 7026 7128 7027
3 7027 7128 7129
3 7027 7129 7028
3 7028 7129 7130
3 7028 7130 7029
3 7029 7130 7131
3 7029 7131 7030
3 7030 7131 7132
3 7030 7132 7031
3 7031 7132 7133
3 7031 7133 7032
3 7032 7133 7134
3 7032 7134 7033
3 7033 7134 7135
3 7033 7135 7034
3 7034 7135 7136
3 7034 7136 7035
3 7035 7136 7137
3 7035 7137 7036
3 7036 7137 7138
3 7036 7138 7037
3 7037 7138 7139
3 7037 7139 7038
3 7038 7139 7140
3 7038 7140 7039
3 7039 7140 7141
3 7039 7141 7040
3 7040 7141 7142
3 7040 7142 7041
3 7041 7142 7143
3 7041 7143 7042
3 7042 7143 7144
3 7042 7144 7043
3 7043 7144 7145
3 7043 7145 7044
3 7044 7145 7146
3 7044 7146 7045
3 7045 7146 7147
3 7045 7147 7046
3 7046 7147 7148
3 7046 7148 7047
3 7047 7148 7149
3 7047 7149 7048
3 7048 7149 7150
3 7048 7150 7049
3 7049 7150 7151
3 7049 7151 7050
3 7050 7151 7152
3 7050 7152 7051
3 7051 7152 7153
3 7051 7153 7052
3 7052 7153 7154
3 7052 7154 7053
3 7053 7154 7155
3 7053 7155 7054
3 7054 7155 7156
3 7054 7156 7055
3 7055 7156 7157
3 7055 7157 7056
3 7056 7157 7158
3 7056 7158 7057
3 7057 7158 7159
3 7057 7159 7058
3 7058 7159 7160
3 7058 7160 7059
3 7059 7160 7161
3 7059 7161 7060
3 7060 7161 7162
3 7060 7162 7061
3 7061 7162 7163
3 7061 7163 7062
3 7062 7163 7164
3 7062 7164 7063
3 7063 7164 7165
3 7063 7165 7064
3 7064 7165 7166
3 7064 7166 7065
3 7065 7166 7167
3 7065 7167 7066
3 7066 7167 7168
3 7066 7168 7067
3 7067 7168 7169
3 7067 7169 7068
3 7068 7169 7170
3 7068 7170 7069
3 7070 7171 7172
3 7070 7172 7071
3 7071 7172 7173
3 7071 7173 7072
3 7072 7173 7174
3 7072 7174 7073
3 7073 7174 7175
3 7073 7175 7074
3 7074 7175 7176
3 7074 7176 7075
3 7075 7176 7177
3 7075 7177 7076
3 7076 7177 7178
3 7076 7178 7077
3 7077 7178 7179
3 7077 7179 7078
3 7078 7179 7180
3 7078 7180 7079
3 7079 7180 7181
3 7079 7181 7080
3 7080 7181 7182
3 7080 7182 7081
3 7081 7182 7183
3 7081 7183 7082
3 7082 7183 7184
3 7082 7184 7083
3 7083 7184 7185
3 7083 7185 7084
3 7084 7185 7186
3 7084 7186 7085
3 7085 7186 7187
3 7085 7187 7086
3 7086 7187 7188
3 7086 7188 7087
3 7087 7188 7189
3 7087 7189 7088
3 7088 7189 7190
3 7088 7190 7089
3 7089 7190 7191
3 7089 7191 7090
3 7090 7191 7192
3 7090 7192 7091
3 7091 7192 7193
3 7091 7193 7092
3 7092 7193 7194
3 7092 7194 7093
3 7093 7194 7195
3 7093 7195 7094
3 7094 7195 7196
3 7094 7196 7095
3 7095 7196 7197
3 7095 7197 7096
3 7096 7197 7198
3 7096 7198 7097
3 7097 7198 7199
3 7097 7199 7098
3 7098 7199 7200
3 7098 7200 7099
3 7099 7200 7201
3 7099 7201 7100
3 7100 7201 7202
3 7100 7202 7101
3 7101 7202 7203
3 7101 7203 7102
3 7102 7203 7204
3 7102 7204 7103
3 7103 7204 7205
3 7103 7205 7104
3 7104 7205 7206
3 7104 7206 7105
3 7105 7206 7207
3 7105 7207 7106
3 7106 7207 7208
3 7106 7208 7107
3 7107 7208 7209
3 7107 7209 7108
3 7108 7209 7210
3 7108 7210 7109
3 7109 7210 7211
3 7109 7211 7110
3 7110 7211 7212
3 7110 7212 7111
3 7111 7212 7213
3 7111 7213 7112
3 7112 7213 7214
3 7112 7214 7113
3 7113 7214 7215
3 7113 7215 7114
3 7114 7215 7216
3 7114 7216 7115
3 7115 7216 7217
3 7115 7217 7116
3 7116 7217 7218
3 7116 7218 7117
3 7117 7218 7219
3 7117 7219 7118
3 7118 7219 7220
3 7118 7220 7119
3 7119 7220 7221
3 7119 7221 7120
3 7120 7221 7222
3 7120 7222 7121
3 7121 7222 7223
3 7121 7223 7122
3 7122 7223 7224
3 7122 7224 7123
3 7123 7224 7225
3 7123 7225 7124
3 7124 7225 7226
3 7124 7226 7125
3 7125 7226 7227
3 7125 7227 7126
3 7126 7227 7228
3 7126 7228 7127
3 7127 7228 7229
3 7127 7229 7128
3 7128 7229 7230
3 7128 7230 7129
3 7129 7230 7231
3 7129 7231 7130
3 7130 7231 7232
3 7130 7232 7131
3 7131 7232 7233
3 7131 7233 7132
3 7132 7233 7234
3 7132 7234 7133
3 7133 7234 7235
3 7133 7235 7134
3 7134 7235 7236
3 7134 7236 7135
3 7135 7236 7237
3 7135 7237 7136
3 7136 7237 7238
3 7136 7238 7137
3 7137 7238 7239
3 7137 7239 7138
3 7138 7239 7240
3 7138 7240 7139
3 7139 7240 7241
3 7139 7241 7140
3 7140 7241 7242
3 7140 7242 7141
3 7141 7242 7243
3 7141 7243 7142
3 7142 7243 7244
3 7142 7244 7143
3 7143 7244 7245
3 7143 7245 7144
3 7144 7245 7246
3 7144 7246 7145
3 7145 7246 7247
3 7145 7247 7146
3 7146 7247 7248
3 7146 7248 7147
3 7147 7248 7249
3 7147 7249 7148
3 7148 7249 7250
3 7148 7250 7149
3 7149 7250 7251
3 7149 7251 7150
3 7150 7251 7252
3 7150 7252 7151
3 7151 7252 7253
3 7151 7253 7152
3 7152 7253 7254
3 7152 7254 7153
3 7153 7254 7255
3 7153 7255 7154
3 7154 7255 7256
3 7154 7256 7155
3 7155 7256 7257
3 7155 7257 7156
3 7156 7257 7258
3 7156 7258 7157
3 7157 7258 7259
3 7157 7259 7158
3 7158 7259 7260
3 7158 7260 7159
3 7159 7260 7261
3 7159 7261 7160
3 7160 7261 7262
3 7160 7262 7161
3 7161 7262 7263
3 7161 7263 7162
3 7162 7263 7264
3 7162 7264 7163
3 7163 7264 7265
3 7163 7265 7164
3 7164 7265 7266
3 7164 7266 7165
3 7165 7266 7267
3 7165 7267 7166
3 7166 7267 7268
3 7166 7268 7167
3 7167 7268 7269
3 7167 7269 7168
3 7168 7269 7270
3 7168 7270 7169
3 7169 7270 7271
3 7169 7271 7170
3 7171 7272 7273
3 7171 7273 7172
3 7172 7273 7274
3 7172 7274 7173
3 7173 7274 7275
3 7173 7275 7174
3 7174 7275 7276
3 7174 7276 7175
3 7175 7276 7277
3 7175 7277 7176
3 7176 7277 7278
3 7176 7278 7177
3 7177 7278 7279
3 7177 7279 7178
3 7178 7279 7280
3 7178 7280 7179
3 7179 7280 7281
3 7179 7281 7180
3 7180 7281 7282
3 7180 7282 7181
3 7181 7282 7283
3 7181 7283 7182
3 7182 7283 7284
3 7182 7284 7183
3 7183 7284 7285
3 7183 7285 7184
3 7184 7285 7286
3 7184 7286 7185
3 7185 7286 7287
3 7185 7287 7186
3 7186 7287 7288
3 7186 7288 7187
3 7187 7288 7289
3 7187 7289 7188
3 7188 7289 7290
3 7188 7290 7189
3 7189 7290 7291
3 7189 7291 7190
3 7190 7291 7292
3 7190 7292 7191
3 7191 7292 7293
3 7191 7293 7192
3 7192 7293 7294
3 7192 7294 7193
3 7193 7294 7295
3 7193 7295 7194
3 7194 7295 7296
3 7194 7296 7195
3 7195 7296 7297
3 7195 7297 7196
3 7196 7297 7298
3 7196 7298 7197
3 7197 7298 7299
3 7197 7299 7198
3 7198 7299 7300
3 7198 7300 7199
3 7199 7300 7301
3 7199 7301 7200
3 7200 7301 7302
3 7200 7302 7201
3 7201 7302 7303
3 7201 7303 7202
3 7202 7303 7304
3 7202 7304 7203
3 7203 7304 7305
3 7203 7305 7204
3 7204 7305 7306
3 7204 7306 7205
3 7205 7306 7307
3 7205 7307 7206
3 7206 7307 7308
3 7206 7308 7207
3 7207 7308 7309
3 7207 7309 7208
3 7208 7309 7310
3 7208 7310 7209
3 7209 7310 7311
3 7209 7311 7210
3 7210 7311 7312
3 7210 7312 7211
3 7211 7312 7313
3 7211 7313 7212
3 7212 7313 7314
3 7212 7314 7213
3 7213 7314 7315
3 7213 7315 7214
3 7214 7315 7316
3 7214 7316 7215
3 7215 7316 7317
3 7215 7317 7216
3 7216 7317 7318
3 7216 7318 7217
3 7217 7318 7319
3 7217 7319 7218
3 7218 7319 7320
3 7218 7320 7219
3 7219 7320 7321
3 7219 7321 7220
3 7220 7321 7322
3 7220 7322 7221
3 7221 7322 7323
3 7221 7323 7222
3 7222 7323 7324
3 7222 7324 7223
3 7223 7324 7325
3 7223 7325 7224
3 7224 7325 7326
3 7224 7326 7225
3 7225 7326 7327
3 7225 7327 7226
3 7226 7327 7328
3 7226 7328 7227
3 7227 7328 7329
3 7227 7329 7228
3 7228 7329 7330
3 7228 7330 7229
3 7229 7330 7331
3 7229 7331 7230
3 7230 7331 7332
3 7230 7332 7231
3 7231 7332 7333
3 7231 7333 7232
3 7232 7333 7334
3 7232 7334 7233
3 7233 7334 7335
3 7233 7335 7234
3 7234 7335 7336
3 7234 7336 7235
3 7235 7336 7337
3 7235 7337 7236
3 7236 7337 7338
3 7236 7338 7237
3 7237 7338 7339
3 7237 7339 7238
3 7238 7339 7340
3 7238 7340 7239
3 7239 7340 7341
3 7239 7341 7240
3 7240 7341 7342
3 7240 7342 7241
3 7241 7342 7343
3 7241 7343 7242
3 7242 7343 7344
3 7242 7344 7243
3 7243 7344 7345
3 7243 7345 7244
3 7244 7345 7346
3 7244 7346 7245
3 7245 7346 7347
3 7245 7347 7246
3 7246 7347 7348
3 7246 7348 7247
3 7247 7348 7349
3 7247 7349 7248
3 7248 7349 7350
3 7248 7350 7249
3 7249 7350 7351
3 7249 7351 7250
3 7250 7351 7352
3 7250 7352 7251
3 7251 7352 7353
3 7251 7353 7252
3 7252 7353 7354
3 7252 7354 7253
3 7253 7354 7355
3 7253 7355 7254
3 7254 7355 7356
3 7254 7356 7255
3 7255 7356 7357
3 7255 7357 7256
3 7256 7357 7358
3 7256 7358 7257
3 7257 7358 7359
3 7257 7359 7258
3 7258 7359 7360
3 7258 7360 7259
3 7259 7360 7361
3 7259 7361 7260
3 7260 7361 7362
3 7260 7362 7261
3 7261 7362 7363
3 7261 7363 7262
3 7262 7363 7364
3 7262 7364 7263
3 7263 7364 7365
3 7263 7365 7264
3 7264 7365 7366
3 7264 7366 7265
3 7265 7366 7367
3 7265 7367 7266
3 7266 7367 7368
3 7266 7368 7267
3 7267 7368 7369
3 7267 7369 7268
3 7268 7369 7370
3 7268 7370 7269
3 7269 7370 7371
3 7269 7371 7270
3 7270 7371 7372
3 7270 7372 7271
3 7272 7373 7374
3 7272 7374 7273
3 7273 7374 7375
3 7273 7375 7274
3 7274 7375 7376
3 7274 7376 7275
3 7275 7376 7377
3 7275 7377 7276
3 7276 7377 7378
3 7276 7378 7277
3 7277 7378 7379
3 7277 7379 7278
3 7278 7379 7380
3 7278 7380 7279
3 7279 7380 7381
3 7279 7381 7280
3 7280 7381 7382
3 7280 7382 7281
3 7281 7382 7383
3 7281 7383 7282
3 7282 7383 7384
3 7282 7384 7283
3 7283 7384 7385
3 7283 7385 7284
3 7284 7385 7386
3 7284 7386 7285
3 7285 7386 7387
3 7285 7387 7286
3 7286 7387 7388
3 7286 7388 7287
3 7287 7388 7389
3 7287 7389 7288
3 7288 7389 7390
3 7288 7390 7289
3 7289 7390 7391
3 7289 7391 7290
3 7290 7391 7392
3 7290 7392 7291
3 7291 7392 7393
3 7291 7393 7292
3 7292 7393 7394
3 7292 7394 7293
3 7293 7394 7395
3 7293 7395 7294
3 7294 7395 7396
3 7294 7396 7295
3 7295 7396 7397
3 7295 7397 7296
3 7296 7397 7398
3 7296 7398 7297
3 7297 7398 7399
3 7297 7399 7298
3 7298 7399 7400
3 7298 7400 7299
3 7299 7400 7401
3 7299 7401 7300
3 7300 7401 7402
3 7300 7402 7301
3 7301 7402 7403
3 7301 7403 7302
3 7302 7403 7404
3 7302 7404 7303
3 7303 7404 7405
3 7303 7405 7304
3 7304 7405 7406
3 7304 7406 7305
3 7305 7406 7407
3 7305 7407 7306
3 7306 7407 7408
3 7306 7408 7307
3 7307 7408 7409
3 7307 7409 7308
3 7308 7409 7410
3 7308 7410 7309
3 7309 7410 7411
3 7309 7411 7310
3 7310 7411 7412
3 7310 7412 7311
3 7311 7412 7413
3 7311 7413 7312
3 7312 7413 7414
3 7312 7414 7313
3 7313 7414 7415
3 7313 7415 7314
3 7314 7415 7416
3 7314 7416 7315
3 7315 7416 7417
3 7315 7417 7316
3 7316 7417 7418
3 7316 7418 7317
3 7317 7418 7419
3 7317 7419 7318
3 7318 7419 7420
3 7318 7420 7319
3 7319 7420 7421
3 7319 7421 7320
3 7320 7421 7422
3 7320 7422 7321
3 7321 7422 7423
3 7321 7423 7322
3 7322 7423 7424
3 7322 7424 7323
3 7323 7424 7425
3 7323 7425 7324
3 7324 7425 7426
3 7324 7426 7325
3 7325 7426 7427
3 7325 7427 7326
3 7326 7427 7428
3 7326 7428 7327
3 7327 7428 7429
3 7327 7429 7328
3 7328 7429 7430
3 7328 7430 7329
3 7329 7430 7431
3 7329 7431 7330
3 7330 7431 7432
3 7330 7432 7331
3 7331 7432 7433
3 7331 7433 7332
3 7332 7433 7434
3 7332 7434 7333
3 7333 7434 7435
3 7333 7435 7334
3 7334 7435 7436
3 7334 7436 7335
3 7335 7436 7437
3 7335 7437 7336
3 7336 7437 7438
3 7336 7438 7337
3 7337 7438 7439
3 7337 7439 7338
3 7338 7439 7440
3 7338 7440 7339
3 7339 7440 7441
3 7339 7441 7340
3 7340 7441 7442
3 7340 7442 7341
3 7341 7442 7443
3 7341 7443 7342
3 7342 7443 7444
3 7342 7444 7343
3 7343 7444 7445
3 7343 7445 7344
3 7344 7445 7446
3 7344 7446 7345
3 7345 7446 7447
3 7345 7447 7346
3 7346 7447 7448
3 7346 7448 7347
3 7347 7448 7449
3 7347 7449 7348
3 7348 7449 7450
3 7348 7450 7349
3 7349 7450 7451
3 7349 7451 7350
3 7350 7451 7452
3 7350 7452 7351
3 7351 7452 7453
3 7351 7453 7352
3 7352 7453 7454
3 7352 7454 7353
3 7353 7454 7455
3 7353 7455 7354
3 7354 7455 7456
3 7354 7456 7355
3 7355 7456 7457
3 7355 7457 7356
3 7356 7457 7458
3 7356 7458 7357
3 7357 7458 7459
3 7357 7459 7358
3 7358 7459 7460
3 7358 7460 7359
3 7359 7460 7461
3 7359 7461 7360
3 7360 7461 7462
3 7360 7462 7361
3 7361 7462 7463
3 7361 7463 7362
3 7362 7463 7464
3 7362 7464 7363
3 7363 7464 7465
3 7363 7465 7364
3 7364 7465 7466
3 7364 7466 7365
3 7365 7466 7467
3 7365 7467 7366
3 7366 7467 7468
3 7366 7468 7367
3 7367 7468 7469
3 7367 7469 7368
3 7368 7469 7470
3 7368 7470 7369
3 7369 7470 7471
3 7369 7471 7370
3 7370 7471 7472
3 7370 7472 7371
3 7371 7472 7473
3 7371 7473 7372
3 7373 7474 7475
3 7373 7475 7374
3 7374 7475 7476
3 7374 7476 7375
3 7375 7476 7477
3 7375 7477 7376
3 7376 7477 7478
3 7376 7478 7377
3 7377 7478 7479
3 7377 7479 7378
3 7378 7479 7480
3 7378 7480 7379
3 7379 7480 7481
3 7379 7481 7380
3 7380 7481 7482
3 7380 7482 7381
3 7381 7482 7483
3 7381 7483 7382
3 7382 7483 7484
3 7382 7484 7383
3 7383 7484 7485
3 7383 7485 7384
3 7384 7485 7486
3 7384 7486 7385
3 7385 7486 7487
3 7385 7487 7386
3 7386 7487 7488
3 7386 7488 7387
3 7387 7488 7489
3 7387 7489 7388
3 7388 7489 7490
3 7388 7490 7389
3 7389 7490 7491
3 7389 7491 7390
3 7390 7491 7492
3 7390 7492 7391
3 7391 7492 7493
3 7391 7493 7392
3 7392 7493 7494
3 7392 7494 7393
3 7393 7494 7495
3 7393 7495 7394
3 7394 7495 7496
3 7394 7496 7395
3 7395 7496 7497
3 7395 7497 7396
3 7396 7497 7498
3 7396 7498 7397
3 7397 7498 7499
3 7397 7499 7398
3 7398 7499 7500
3 7398 7500 7399
3 7399 7500 7501
3 7399 7501 7400
3 7400 7501 7502
3 7400 7502 7401
3 7401 7502 7503
3 7401 7503 7402
3 7402 7503 7504
3 7402 7504 7403
3 7403 7504 7505
3 7403 7505 7404
3 7404 7505 7506
3 7404 7506 7405
3 7405 7506 7507
3 7405 7507 7406
3 7406 7507 7508
3 7406 7508 7407
3 7407 7508 7509
3 7407 7509 7408
3 7408 7509 7510
3 7408 7510 7409
3 7409 7510 7511
3 7409 7511 7410
3 7410 7511 7512
3 7410 7512 7411
3 7411 7512 7513
3 7411 7513 7412
3 7412 7513 7514
3 7412 7514 7413
3 7413 7514 7515
3 7413 7515 7414
3 7414 7515 7516
3 7414 7516 7415
3 7415 7516 7517
3 7415 7517 7416
3 7416 7517 7518
3 7416 7518 7417
3 7417 7518 7519
3 7417 7519 7418
3 7418 7519 7520
3 7418 7520 7419
3 7419 7520 7521
3 7419 7521 7420
3 7420 7521 7522
3 7420 7522 7421
3 7421 7522 7523
3 7421 7523 7422
3 7422 7523 7524
3 7422 7524 7423
3 7423 7524 7525
3 7423 7525 7424
3 7424 7525 7526
3 7424 7526 7425
3 7425 7526 7527
3 7425 7527 7426
3 7426 7527 7528
3 7426 7528 7427
3 7427 7528 7529
3 7427 7529 7428
3 7428 7529 7530
3 7428 7530 7429
3 7429 7530 7531
3 7429 7531 7430
3 7430 7531 7532
3 7430 7532 7431
3 7431 7532 7533
3 7431 7533 7432
3 7432 7533 7534
3 7432 7534 7433
3 7433 7534 7535
3 7433 7535 7434
3 7434 7535 7536
3 7434 7536 7435
3 7435 7536 7537
3 7435 7537 7436
3 7436 7537 7538
3 7436 7538 7437
3 7437 7538 7539
3 7437 7539 7438
3 7438 7539 7540
3 7438 7540 7439
3 7439 7540 7541
3 7439 7541 7440
3 7440 7541 7542
3 7440 7542 7441
3 7441 7542 7543
3 7441 7543 7442
3 7442 7543 7544
3 7442 7544 7443
3 7443 7544 7545
3 7443 7545 7444
3 7444 7545 7546
3 7444 7546 7445
3 7445 7546 7547
3 7445 7547 7446
3 7446 7547 7548
3 7446 7548 7447
3 7447 7548 7549
3 7447 7549 7448
3 7448 7549 7550
3 7448 7550 7449
3 7449 7550 7551
3 7449 7551 7450
3 7450 7551 7552
3 7450 7552 7451
3 7451 7552 7553
3 7451 7553 7452
3 7452 7553 7554
3 7452 7554 7453
3 7453 7554 7555
3 7453 7555 7454
3 7454 7555 7556
3 7454 7556 7455
3 7455 7556 7557
3 7455 7557 7456
3 7456 7557 7558
3 7456 7558 7457
3 7457 7558 7559
3 7457 7559 7458
3 7458 7559 7560
3 7458 7560 7459
3 7459 7560 7561
3 7459 7561 7460
3 7460 7561 7562
3 7460 7562 7461
3 7461 7562 7563
3 7461 7563 7462
3 7462 7563 7564
3 7462 7564 7463
3 7463 7564 7565
3 7463 7565 7464
3 7464 7565 7566
3 7464 7566 7465
3 7465 7566 7567
3 7465 7567 7466
3 7466 7567 7568
3 7466 7568 7467
3 7467 7568 7569
3 7467 7569 7468
3 7468 7569 7570
3 7468 7570 7469
3 7469 7570 7571
3 7469 7571 7470
3 7470 7571 7572
3 7470 7572 7471
3 7471 7572 7573
3 7471 7573 7472
3 7472 7573 7574
3 7472 7574 7473
3 7474 7575 7576
3 7474 7576 7475
3 7475 7576 7577
3 7475 7577 7476
3 7476 7577 7578
3 7476 7578 7477
3 7477 7578 7579
3 7477 7579 7478
3 7478 7579 7580
3 7478 7580 7479
3 7479 7580 7581
3 7479 7581 7480
3 7480 7581 7582
3 7480 7582 7481
3 7481 7582 7583
3 7481 7583 7482
3 7482 7583 7584
3 7482 7584 7483
3 7483 7584 7585
3 7483 7585 7484
3 7484 7585 7586
3 7484 7586 7485
3 7485 7586 7587
3 7485 7587 7486
3 7486 7587 7588
3 7486 7588 7487
3 7487 7588 7589
3 7487 7589 7488
3 7488 7589 7590
3 7488 7590 7489
3 7489 7590 7591
3 7489 7591 7490
3 7490 7591 7592
3 7490 7592 7491
3 7491 7592 7593
3 7491 7593 7492
3 7492 7593 7594
3 7492 7594 7493
3 7493 7594 7595
3 7493 7595 7494
3 7494 7595 7596
3 7494 7596 7495
3 7495 7596 7597
3 7495 7597 7496
3 7496 7597 7598
3 7496 7598 7497
3 7497 7598 7599
3 7497 7599 7498
3 7498 7599 7600
3 7498 7600 7499
3 7499 7600 7601
3 7499 7601 7500
3 7500 7601 7602
3 7500 7602 7501
3 7501 7602 7603
3 7501 7603 7502
3 7502 7603 7604
3 7502 7604 7503
3 7503 7604 7605
3 7503 7605 7504
3 7504 7605 7606
3 7504 7606 7505
3 7505 7606 7607
3 7505 7607 7506
3 7506 7607 7608
3 7506 7608 7507
3 7507 7608 7609
3 7507 7609 7508
3 7508 7609 7610
3 7508 7610 7509
3 7509 7610 7611
3 7509 7611 7510
3 7510 7611 7612
3 7510 7612 7511
3 7511 7612 7613
3 7511 7613 7512
3 7512 7613 7614
3 7512 7614 7513
3 7513 7614 7615
3 7513 7615 7514
3 7514 7615 7616
3 7514 7616 7515
3 7515 7616 7617
3 7515 7617 7516
3 7516 7617 7618
3 7516 7618 7517
3 7517 7618 7619
3 7517 7619 7518
3 7518 7619 7620
3 7518 7620 7519
3 7519 7620 7621
3 7519 7621 7520
3 7520 7621 7622
3 7520 7622 7521
3 7521 7622 7623
3 7521 7623 7522
3 7522 7623 7624
3 7522 7624 7523
3 7523 7624 7625
3 7523 7625 7524
3 7524 7625 7626
3 7524 7626 7525
3 7525 7626 7627
3 7525 7627 7526
3 7526 7627 7628
3 7526 7628 7527
3 7527 7628 7629
3 7527 7629 7528
3 7528 7629 7630
3 7528 7630 7529
3 7529 7630 7631
3 7529 7631 7530
3 7530 7631 7632
3 7530 7632 7531
3 7531 7632 7633
3 7531 7633 7532
3 7532 7633 7634
3 7532 7634 7533
3 7533 7634 7635
3 7533 7635 7534
3 7534 7635 7636
3 7534 7636 7535
3 7535 7636 7637
3 7535 7637 7536
3 7536 7637 7638
3 7536 7638 7537
3 7537 7638 7639
3 7537 7639 7538
3 7538 7639 7640
3 7538 7640 7539
3 7539 7640 7641
3 7539 7641 7540
3 7540 7641 7642
3 7540 7642 7541
3 7541 7642 7643
3 7541 7643 7542
3 7542 7643 7644
3 7542 7644 7543
3 7543 7644 7645
3 7543 7645 7544
3 7544 7645 7646
3 7544 7646 7545
3 7545 7646 7647
3 7545 7647 7546
3 7546 7647 7648
3 7546 7648 7547
3 7547 7648 7649
3 7547 7649 7548
3 7548 7649 7650
3 7548 7650 7549
3 7549 7650 7651
3 7549 7651 7550
3 7550 7651 7652
3 7550 7652 7551
3 7551 7652 7653
3 7551 7653 7552
3 7552 7653 7654
3 7552 7654 7553
3 7553 7654 7655
3 7553 7655 7554
3 7554 7655 7656
3 7554 7656 7555
3 7555 7656 7657
3 7555 7657 7556
3 7556 7657 7658
3 7556 7658 7557
3 7557 7658 7659
3 7557 7659 7558
3 7558 7659 7660
3 7558 7660 7559
3 7559 7660 7661
3 7559 7661 7560
3 7560 7661 7662
3 7560 7662 7561
3 7561 7662 7663
3 7561 7663 7562
3 7562 7663 7664
3 7562 7664 7563
3 7563 7664 7665
3 7563 7665 7564
3 7564 7665 7666
3 7564 7666 7565
3 7565 7666 7667
3 7565 7667 7566
3 7566 7667 7668
3 7566 7668 7567
3 7567 7668 7669
3 7567 7669 7568
3 7568 7669 7670
3 7568 7670 7569
3 7569 7670 7671
3 7569 7671 7570
3 7570 7671 7672
3 7570 7672 7571
3 7571 7672 7673
3 7571 7673 7572
3 7572 7673 7674
3 7572 7674 7573
3 7573 7674 7675
3 7573 7675 7574
3 7575 7676 7677
3 7575 7677 7576
3 7576 7677 7678
3 7576 7678 7577
3 7577 7678 7679
3 7577 7679 7578
3 7578 7679 7680
3 7578 7680 7579
3 7579 7680 7681
3 7579 7681 7580
3 7580 7681 7682
3 7580 7682 7581
3 7581 7682 7683
3 7581 7683 7582
3 7582 7683 7684
3 7582 7684 7583
3 7583 7684 7685
3 7583 7685 7584
3 7584 7685 7686
3 7584 7686 7585
3 7585 7686 7687
3 7585 7687 7586
3 7586 7687 7688
3 7586 7688 7587
3 7587 7688 7689
3 7587 7689 7588
3 7588 7689 7690
3 7588 7690 7589
3 7589 7690 7691
3 7589 7691 7590
3 7590 7691 7692
3 7590 7692 7591
3 7591 7692 7693
3 7591 7693 7592
3 7592 7693 7694
3 7592 7694 7593
3 7593 7694 7695
3 7593 7695 7594
3 7594 7695 7696
3 7594 7696 7595
3 7595 7696 7697
3 7595 7697 7596
3 7596 7697 7698
3 7596 7698 7597
3 7597 7698 7699
3 7597 7699 7598
3 7598 7699 7700
3 7598 7700 7599
3 7599 7700 7701
3 7599 7701 7600
3 7600 7701 7702
3 7600 7702 7601
3 7601 7702 7703
3 7601 7703 7602
3 7602 7703 7704
3 7602 7704 7603
3 7603 7704 7705
3 7603 7705 7604
3 7604 7705 7706
3 7604 7706 7605
3 7605 7706 7707
3 7605 7707 7606
3 7606 7707 7708
3 7606 7708 7607
3 7607 7708 7709
3 7607 7709 7608
3 7608 7709 7710
3 7608 7710 7609
3 7609 7710 7711
3 7609 7711 7610
3 7610 7711 7712
3 7610 7712 7611
3 7611 7712 7713
3 7611 7713 7612
3 7612 7713 7714
3 7612 7714 7613
3 7613 7714 7715
3 7613 7715 7614
3 7614 7715 7716
3 7614 7716 7615
3 7615 7716 7717
3 7615 7717 7616
3 7616 7717 7718
3 7616 7718 7617
3 7617 7718 7719
3 7617 7719 7618
3 7618 7719 7720
3 7618 7720 7619
3 7619 7720 7721
3 7619 7721 7620
3 7620 7721 7722
3 7620 7722 7621
3 7621 7722 7723
3 7621 7723 7622
3 7622 7723 7724
3 7622 7724 7623
3 7623 7724 7725
3 7623 7725 7624
3 7624 7725 7726
3 7624 7726 7625
3 7625 7726 7727
3 7625 7727 7626
3 7626 7727 7728
3 7626 7728 7627
3 7627 7728 7729
3 7627 7729 7628
3 7628 7729 7730
3 7628 7730 7629
3 7629 7730 7731
3 7629 7731 7630
3 7630 7731 7732
3 7630 7732 7631
3 7631 7732 7733
3 7631 7733 7632
3 7632 7733 7734
3 7632 7734 7633
3 7633 7734 7735
3 7633 7735 7634
3 7634 7735 7736
3 7634 7736 7635
3 7635 7736 7737
3 7635 7737 7636
3 7636 7737 7738
3 7636 7738 7637
3 7637 7738 7739
3 7637 7739 7638
3 7638 7739 7740
3 7638 7740 7639
3 7639 7740 7741
3 7639 7741 7640
3 7640 7741 7742
3 7640 7742 7641
3 7641 7742 7743
3 7641 7743 7642
3 7642 7743 7744
3 7642 7744 7643
3 7643 7744 7745
3 7643 7745 7644
3 7644 7745 7746
3 7644 7746 7645
3 7645 7746 7747
3 7645 7747 7646
3 7646 7747 7748
3 7646 7748 7647
3 7647 7748 7749
3 7647 7749 7648
3 7648 7749 7750
3 7648 7750 7649
3 7649 7750 7751
3 7649 7751 7650
3 7650 7751 7752
3 7650 7752 7651
3 7651 7752 7753
3 7651 7753 7652
3 7652 7753 7754
3 7652 7754 7653
3 7653 7754 7755
3 7653 7755 7654
3 7654 7755 7756
3 7654 7756 7655
3 7655 7756 7757
3 7655 7757 7656
3 7656 7757 7758
3 7656 7758 7657
3 7657 7758 7759
3 7657 7759 7658
3 7658 7759 7760
3 7658 7760 7659
3 7659 7760 7761
3 7659 7761 7660
3 7660 7761 7762
3 7660 7762 7661
3 7661 7762 7763
3 7661 7763 7662
3 7662 7763 7764
3 7662 7764 7663
3 7663 7764 7765
3 7663 7765 7664
3 7664 7765 7766
3 7664 7766 7665
3 7665 7766 7767
3 7665 7767 7666
3 7666 7767 7768
3 7666 7768 7667
3 7667 7768 7769
3 7667 7769 7668
3 7668 7769 7770
3 7668 7770 7669
3 7669 7770 7771
3 7669 7771 7670
3 7670 7771 7772
3 7670 7772 7671
3 7671 7772 7773
3 7671 7773 7672
3 7672 7773 7774
3 7672 7774 7673
3 7673 7774 7775
3 7673 7775 7674
3 7674 7775 7776
3 7674 7776 7675
3 7676 7777 7778
3 7676 7778 7677
3 7677 7778 7779
3 7677 7779 7678
3 7678 7779 7780
3 7678 7780 7679
3 7679 7780 7781
3 7679 7781 7680
3 7680 7781 7782
3 7680 7782 7681
3 7681 7782 7783
3 7681 7783 7682
3 7682 7783 7784
3 7682 7784 7683
3 7683 7784 7785
3 7683 7785 7684
3 7684 7785 7786
3 7684 7786 7685
3 7685 7786 7787
3 7685 7787 7686
3 7686 7787 7788
3 7686 7788 7687
3 7687 7788 7789
3 7687 7789 7688
3 7688 7789 7790
3 7688 7790 7689
3 7689 7790 7791
3 7689 7791 7690
3 7690 7791 7792
3 7690 7792 7691
3 7691 7792 7793
3 7691 7793 7692
3 7692 7793 7794
3 7692 7794 7693
3 7693 7794 7795
3 7693 7795 7694
3 7694 7795 7796
3 7694 7796 7695
3 7695 7796 7797
3 7695 7797 7696
3 7696 7797 7798
3 7696 7798 7697
3 7697 7798 7799
3 7697 7799 7698
3 7698 7799 7800
3 7698 7800 7699
3 7699 7800 7801
3 7699 7801 7700
3 7700 7801 7802
3 7700 7802 7701
3 7701 7802 7803
3 7701 7803 7702
3 7702 7803 7804
3 7702 7804 7703
3 7703 7804 7805
3 7703 7805 7704
3 7704 7805 7806
3 7704 7806 7705
3 7705 7806 7807
3 7705 7807 7706
3 7706 7807 7808
3 7706 7808 7707
3 7707 7808 7809
3 7707 7809 7708
3 7708 7809 7810
3 7708 7810 7709
3 7709 7810 7811
3 7709 7811 7710
3 7710 7811 7812
3 7710 7812 7711
3 7711 7812 7813
3 7711 7813 7712
3 7712 7813 7814
3 7712 7814 7713
3 7713 7814 7815
3 7713 7815 7714
3 7714 7815 7816
3 7714 7816 7715
3 7715 7816 7817
3 7715 7817 7716
3 7716 7817 7818
3 7716 7818 7717
3 7717 7818 7819
3 7717 7819 7718
3 7718 7819 7820
3 7718 7820 7719
3 7719 7820 7821
3 7719 7821 7720
3 7720 7821 7822
3 7720 7822 7721
3 7721 7822 7823
3 7721 7823 7722
3 7722 7823 7824
3 7722 7824 7723
3 7723 7824 7825
3 7723 7825 7724
3 7724 7825 7826
3 7724 7826 7725
3 7725 7826 7827
3 7725 7827 7726
3 7726 7827 7828
3 7726 7828 7727
3 7727 7828 7829
3 7727 7829 7728
3 7728 7829 7830
3 7728 7830 7729
3 7729 7830 7831
3 7729 7831 7730
3 7730 7831 7832
3 7730 7832 7731
3 7731 7832 7833
3 7731 7833 7732
3 7732 7833 7834
3 7732 7834 7733
3 7733 7834 7835
3 7733 7835 7734
3 7734 7835 7836
3 7734 7836 7735
3 7735 7836 7837
3 7735 7837 7736
3 7736 7837 7838
3 7736 7838 7737
3 7737 7838 7839
3 7737 7839 7738
3 7738 7839 7840
3 7738 7840 7739
3 7739 7840 7841
3 7739 7841 7740
3 7740 7841 7842
3 7740 7842 7741
3 7741 7842 7843
3 7741 7843 7742
3 7742 7843 7844
3 7742 7844 7743
3 7743 7844 7845
3 7743 7845 7744
3 7744 7845 7846
3 7744 7846 7745
3 7745 7846 7847
3 7745 7847 7746
3 7746 7847 7848
3 7746 7848 7747
3 7747 7848 7849
3 7747 7849 7748
3 7748 7849 7850
3 7748 7850 7749
3 7749 7850 7851
3 7749 7851 7750
3 7750 7851 7852
3 7750 7852 7751
3 7751 7852 7853
3 7751 7853 7752
3 7752 7853 7854
3 7752 7854 7753
3 7753 7854 7855
3 7753 7855 7754
3 7754 7855 7856
3 7754 7856 7755
3 7755 7856 7857
3 7755 7857 7756
3 7756 7857 7858
3 7756 7858 7757
3 7757 7858 7859
3 7757 7859 7758
3 7758 7859 7860
3 7758 7860 7759
3 7759 7860 7861
3 7759 7861 7760
3 7760 7861 7862
3 7760 7862 7761
3 7761 7862 7863
3 7761 7863 7762
3 7762 7863 7864
3 7762 7864 7763
3 7763 7864 7865
3 7763 7865 7764
3 7764 7865 7866
3 7764 7866 7765
3 7765 7866 7867
3 7765 7867 7766
3 7766 7867 7868
3 7766 7868 7767
3 7767 7868 7869
3 7767 7869 7768
3 7768 7869 7870
3 7768 7870 7769
3 7769 7870 7871
3 7769 7871 7770
3 7770 7871 7872
3 7770 7872 7771
3 7771 7872 7873
3 7771 7873 7772
3 7772 7873 7874
3 7772 7874 7773
3 7773 7874 7875
3 7773 7875 7774
3 7774 7875 7876
3 7774 7876 7775
3 7775 7876 7877
3 7775 7877 7776
3 7777 7878 7879
3 7777 7879 7778
3 7778 7879 7880
3 7778 7880 7779
3 7779 7880 7881
3 7779 7881 7780
3 7780 7881 7882
3 7780 7882 7781
3 7781 7882 7883
3 7781 7883 7782
3 7782 7883 7884
3 7782 7884 7783
3 7783 7884 7885
3 7783 7885 7784
3 7784 7885 7886
3 7784 7886 7785
3 7785 7886 7887
3 7785 7887 7786
3 7786 7887 7888
3 7786 7888 7787
3 7787 7888 7889
3 7787 7889 7788
3 7788 7889 7890
3 7788 7890 7789
3 7789 7890 7891
3 7789 7891 7790
3 7790 7891 7892
3 7790 7892 7791
3 7791 7892 7893
3 7791 7893 7792
3 7792 7893 7894
3 7792 7894 7793
3 7793 7894 7895
3 7793 7895 7794
3 7794 7895 7896
3 7794 7896 7795
3 7795 7896 7897
3 7795 7897 7796
3 7796 7897 7898
3 7796 7898 7797
3 7797 7898 7899
3 7797 7899 7798
3 7798 7899 7900
3 7798 7900 7799
3 7799 7900 7901
3 7799 7901 7800
3 7800 7901 7902
3 7800 7902 7801
3 7801 7902 7903
3 7801 7903 7802
3 7802 7903 7904
3 7802 7904 7803
3 7803 7904 7905
3 7803 7905 7804
3 7804 7905 7906
3 7804 7906 7805
3 7805 7906 7907
3 7805 7907 7806
3 7806 7907 7908
3 7806 7908 7807
3 7807 7908 7909
3 7807 7909 7808
3 7808 7909 7910
3 7808 7910 7809
3 7809 7910 7911
3 7809 7911 7810
3 7810 7911 7912
3 7810 7912 7811
3 7811 7912 7913
3 7811 7913 7812
3 7812 7913 7914
3 7812 7914 7813
3 7813 7914 7915
3 7813 7915 7814
3 7814 7915 7916
3 7814 7916 7815
3 7815 7916 7917
3 7815 7917 7816
3 7816 7917 7918
3 7816 7918 7817
3 7817 7918 7919
3 7817 7919 7818
3 7818 7919 7920
3 7818 7920 7819
3 7819 7920 7921
3 7819 7921 7820
3 7820 7921 7922
3 7820 7922 7821
3 7821 7922 7923
3 7821 7923 7822
3 7822 7923 7924
3 7822 7924 7823
3 7823 7924 7925
3 7823 7925 7824
3 7824 7925 7926
3 7824 7926 7825
3 7825 7926 7927
3 7825 7927 7826
3 7826 7927 7928
3 7826 7928 7827
3 7827 7928 7929
3 7827 7929 7828
3 7828 7929 7930
3 7828 7930 7829
3 7829 7930 7931
3 7829 7931 7830
3 7830 7931 7932
3 7830 7932 7831
3 7831 7932 7933
3 7831 7933 7832
3 7832 7933 7934
3 7832 7934 7833
3 7833 7934 7935
3 7833 7935 7834
3 7834 7935 7936
3 7834 7936 7835
3 7835 7936 7937
3 7835 7937 7836
3 7836 7937 7938
3 7836 7938 7837
3 7837 7938 7939
3 7837 7939 7838
3 7838 7939 7940
3 7838 7940 7839
3 7839 7940 7941
3 7839 7941 7840
3 7840 7941 7942
3 7840 7942 7841
3 7841 7942 7943
3 7841 7943 7842
3 7842 7943 7944
3 7842 7944 7843
3 7843 7944 7945
3 7843 7945 7844
3 7844 7945 7946
3 7844 7946 7845
3 7845 7946 7947
3 7845 7947 7846
3 7846 7947 7948
3 7846 7948 7847
3 7847 7948 7949
3 7847 7949 7848
3 7848 7949 7950
3 7848 7950 7849
3 7849 7950 7951
3 7849 7951 7850
3 7850 7951 7952
3 7850 7952 7851
3 7851 7952 7953
3 7851 7953 7852
3 7852 7953 7954
3 7852 7954 7853
3 7853 7954 7955
3 7853 7955 7854
3 7854 7955 7956
3 7854 7956 7855
3 7855 7956 7957
3 7855 7957 7856
3 7856 7957 7958
3 7856 7958 7857
3 7857 7958 7959
3 7857 7959 7858
3 7858 7959 7960
3 7858 7960 7859
3 7859 7960 7961
3 7859 7961 7860
3 7860 7961 7962
3 7860 7962 7861
3 7861 7962 7963
3 7861 7963 7862
3 7862 7963 7964
3 7862 7964 7863
3 7863 7964 7965
3 7863 7965 7864
3 7864 7965 7966
3 7864 7966 7865
3 7865 7966 7967
3 7865 7967 7866
3 7866 7967 7968
3 7866 7968 7867
3 7867 7968 7969
3 7867 7969 7868
3 7868 7969 7970
3 7868 7970 7869
3 7869 7970 7971
3 7869 7971 7870
3 7870 7971 7972
3 7870 7972 7871
3 7871 7972 7973
3 7871 7973 7872
3 7872 7973 7974
3 7872 7974 7873
3 7873 7974 7975
3 7873 7975 7874
3 7874 7975 7976
3 7874 7976 7875
3 7875 7976 7977
3 7875 7977 7876
3 7876 7977 7978
3 7876 7978 7877
3 7878 7979 7980
3 7878 7980 7879
3 7879 7980 7981
3 7879 7981 7880
3 7880 7981 7982
3 7880 7982 7881
3 7881 7982 7983
3 7881 7983 7882
3 7882 7983 7984
3 7882 7984 7883
3 7883 7984 7985
3 7883 7985 7884
3 7884 7985 7986
3 7884 7986 7885
3 7885 7986 7987
3 7885 7987 7886
3 7886 7987 7988
3 7886 7988 7887
3 7887 7988 7989
3 7887 7989 7888
3 7888 7989 7990
3 7888 7990 7889
3 7889 7990 7991
3 7889 7991 7890
3 7890 7991 7992
3 7890 7992 7891
3 7891 7992 7993
3 7891 7993 7892
3 7892 7993 7994
3 7892 7994 7893
3 7893 7994 7995
3 7893 7995 7894
3 7894 7995 7996
3 7894 7996 7895
3 7895 7996 7997
3 7895 7997 7896
3 7896 7997 7998
3 7896 7998 7897
3 7897 7998 7999
3 7897 7999 7898
3 7898 7999 8000
3 7898 8000 7899
3 7899 8000 8001
3 7899 8001 7900
3 7900 8001 8002
3 7900 8002 7901
3 7901 8002 8003
3 7901 8003 7902
3 7902 8003 8004
3 7902 8004 7903
3 7903 8004 8005
3 7903 8005 7904
3 7904 8005 8006
3 7904 8006 7905
3 7905 8006 8007
3 7905 8007 7906
3 7906 8007 8008
3 7906 8008 7907
3 7907 8008 8009
3 7907 8009 7908
3 7908 8009 8010
3 7908 8010 7909
3 7909 8010 8011
3 7909 8011 7910
3 7910 8011 8012
3 7910 8012 7911
3 7911 8012 8013
3 7911 8013 7912
3 7912 8013 8014
3 7912 8014 7913
3 7913 8014 8015
3 7913 8015 7914
3 7914 8015 8016
3 7914 8016 7915
3 7915 8016 8017
3 7915 8017 7916
3 7916 8017 8018
3 7916 8018 7917
3 7917 8018 8019
3 7917 8019 7918
3 7918 8019 8020
3 7918 8020 7919
3 7919 8020 8021
3 7919 8021 7920
3 7920 8021 8022
3 7920 8022 7921
3 7921 8022 8023
3 7921 8023 7922
3 7922 8023 8024
3 7922 8024 7923
3 7923 8024 8025
3 7923 8025 7924
3 7924 8025 8026
3 7924 8026 7925
3 7925 8026 8027
3 7925 8027 7926
3 7926 8027 8028
3 7926 8028 7927
3 7927 8028 8029
3 7927 8029 7928
3 7928 8029 8030
3 7928 8030 7929
3 7929 8030 8031
3 7929 8031 7930
3 7930 8031 8032
3 7930 8032 7931
3 7931 8032 8033
3 7931 8033 7932
3 7932 8033 8034
3 7932 8034 7933
3 7933 8034 8035
3 7933 8035 7934
3 7934 8035 8036
3 7934 8036 7935
3 7935 8036 8037
3 7935 8037 7936
3 7936 8037 8038
3 7936 8038 7937
3 7937 8038 8039
3 7937 8039 7938
3 7938 8039 8040
3 7938 8040 7939
3 7939 8040 8041
3 7939 8041 7940
3 7940 8041 8042
3 7940 8042 7941
3 7941 8042 8043
3 7941 8043 7942
3 7942 8043 8044
3 7942 8044 7943
3 7943 8044 8045
3 7943 8045 7944
3 7944 8045 8046
3 7944 8046 7945
3 7945 8046 8047
3 7945 8047 7946
3 7946 8047 8048
3 7946 8048 7947
3 7947 8048 8049
3 7947 8049 7948
3 7948 8049 8050
3 7948 8050 7949
3 7949 8050 8051
3 7949 8051 7950
3 7950 8051 8052
3 7950 8052 7951
3 7951 8052 8053
3 7951 8053 7952
3 7952 8053 8054
3 7952 8054 7953
3 7953 8054 8055
3 7953 8055 7954
3 7954 8055 8056
3 7954 8056 7955
3 7955 8056 8057
3 7955 8057 7956
3 7956 8057 8058
3 7956 8058 7957
3 7957 8058 8059
3 7957 8059 7958
3 7958 8059 8060
3 7958 8060 7959
3 7959 8060 8061
3 7959 8061 7960
3 7960 8061 8062
3 7960 8062 7961
3 7961 8062 8063
3 7961 8063 7962
3 7962 8063 8064
3 7962 8064 7963
3 7963 8064 8065
3 7963 8065 7964
3 7964 8065 8066
3 7964 8066 7965
3 7965 8066 8067
3 7965 8067 7966
3 7966 8067 8068
3 7966 8068 7967
3 7967 8068 8069
3 7967 8069 7968
3 7968 8069 8070
3 7968 8070 7969
3 7969 8070 8071
3 7969 8071 7970
3 7970 8071 8072
3 7970 8072 7971
3 7971 8072 8073
3 7971 8073 7972
3 7972 8073 8074
3 7972 8074 7973
3 7973 8074 8075
3 7973 8075 7974
3 7974 8075 8076
3 7974 8076 7975
3 7975 8076 8077
3 7975 8077 7976
3 7976 8077 8078
3 7976 8078 7977
3 7977 8078 8079
3 7977 8079 7978
3 7979 8080 8081
3 7979 8081 7980
3 7980 8081 8082
3 7980 8082 7981
3 7981 8082 8083
3 7981 8083 7982
3 7982 8083 8084
3 7982 8084 7983
3 7983 8084 8085
3 7983 8085 7984
3 7984 8085 8086
3 7984 8086 7985
3 7985 8086 8087
3 7985 8087 7986
3 7986 8087 8088
3 7986 8088 7987
3 7987 8088 8089
3 7987 8089 7988
3 7988 8089 8090
3 7988 8090 7989
3 7989 8090 8091
3 7989 8091 7990
3 7990 8091 8092
3 7990 8092 7991
3 7991 8092 8093
3 7991 8093 7992
3 7992 8093 8094
3 7992 8094 7993
3 7993 8094 8095
3 7993 8095 7994
3 7994 8095 8096
3 7994 8096 7995
3 7995 8096 8097
3 7995 8097 7996
3 7996 8097 8098
3 7996 8098 7997
3 7997 8098 8099
3 7997 8099 7998
3 7998 8099 8100
3 7998 8100 7999
3 7999 8100 8101
3 7999 8101 8000
3 8000 8101 8102
3 8000 8102 8001
3 8001 8102 8103
3 8001 8103 8002
3 8002 8103 8104
3 8002 8104 8003
3 8003 8104 8105
3 8003 8105 8004
3 8004 8105 8106
3 8004 8106 8005
3 8005 8106 8107
3 8005 8107 8006
3 8006 8107 8108
3 8006 8108 8007
3 8007 8108 8109
3 8007 8109 8008
3 8008 8109 8110
3 8008 8110 8009
3 8009 8110 8111
3 8009 8111 8010
3 8010 8111 8112
3 8010 8112 8011
3 8011 8112 8113
3 8011 8113 8012
3 8012 8113 8114
3 8012 8114 8013
3 8013 8114 8115
3 8013 8115 8014
3 8014 8115 8116
3 8014 8116 8015
3 8015 8116 8117
3 8015 8117 8016
3 8016 8117 8118
3 8016 8118 8017
3 8017 8118 8119
3 8017 8119 8018
3 8018 8119 8120
3 8018 8120 8019
3 8019 8120 8121
3 8019 8121 8020
3 8020 8121 8122
3 8020 8122 8021
3 8021 8122 8123
3 8021 8123 8022
3 8022 8123 8124
3 8022 8124 8023
3 8023 8124 8125
3 8023 8125 8024
3 8024 8125 8126
3 8024 8126 8025
3 8025 8126 8127
3 8025 8127 8026
3 8026 8127 8128
3 8026 8128 8027
3 8027 8128 8129
3 8027 8129 8028
3 8028 8129 8130
3 8028 8130 8029
3 8029 8130 8131
3 8029 8131 8030
3 8030 8131 8132
3 8030 8132 8031
3 8031 8132 8133
3 8031 8133 8032
3 8032 8133 8134
3 8032 8134 8033
3 8033 8134 8135
3 8033 8135 8034
3 8034 8135 8136
3 8034 8136 8035
3 8035 8136 8137
3 8035 8137 8036
3 8036 8137 8138
3 8036 8138 8037
3 8037 8138 8139
3 8037 8139 8038
3 8038 8139 8140
3 8038 8140 8039
3 8039 8140 8141
3 8039 8141 8040
3 8040 8141 8142
3 8040 8142 8041
3 8041 8142 8143
3 8041 8143 8042
3 8042 8143 8144
3 8042 8144 8043
3 8043 8144 8145
3 8043 8145 8044
3 8044 8145 8146
3 8044 8146 8045
3 8045 8146 8147
3 8045 8147 8046
3 8046 8147 8148
3 8046 8148 8047
3 8047 8148 8149
3 8047 8149 8048
3 8048 8149 8150
3 8048 8150 8049
3 8049 8150 8151
3 8049 8151 8050
3 8050 8151 8152
3 8050 8152 8051
3 8051 8152 8153
3 8051 8153 8052
3 8052 8153 8154
3 8052 8154 8053
3 8053 8154 8155
3 8053 8155 8054
3 8054 8155 8156
3 8054 8156 8055
3 8055 8156 8157
3 8055 8157 8056
3 8056 8157 8158
3 8056 8158 8057
3 8057 8158 8159
3 8057 8159 8058
3 8058 8159 8160
3 8058 8160 8059
3 8059 8160 8161
3 8059 8161 8060
3 8060 8161 8162
3 8060 8162 8061
3 8061 8162 8163
3 8061 8163 8062
3 8062 8163 8164
3 8062 8164 8063
3 8063 8164 8165
3 8063 8165 8064
3 8064 8165 8166
3 8064 8166 8065
3 8065 8166 8167
3 8065 8167 8066
3 8066 8167 8168
3 8066 8168 8067
3 8067 8168 8169
3 8067 8169 8068
3 8068 8169 8170
3 8068 8170 8069
3 8069 8170 8171
3 8069 8171 8070
3 8070 8171 8172
3 8070 8172 8071
3 8071 8172 8173
3 8071 8173 8072
3 8072 8173 8174
3 8072 8174 8073
3 8073 8174 8175
3 8073 8175 8074
3 8074 8175 8176
3 8074 8176 8075
3 8075 8176 8177
3 8075 8177 8076
3 8076 8177 8178
3 8076 8178 8077
3 8077 8178 8179
3 8077 8179 8078
3 8078 8179 8180
3 8078 8180 8079
3 8080 8181 8182
3 8080 8182 8081
3 8081 8182 8183
3 8081 8183 8082
3 8082 8183 8184
3 8082 8184 8083
3 8083 8184 8185
3 8083 8185 8084
3 8084 8185 8186
3 8084 8186 8085
3 8085 8186 8187
3 8085 8187 8086
3 8086 8187 8188
3 8086 8188 8087
3 8087 8188 8189
3 8087 8189 8088
3 8088 8189 8190
3 8088 8190 8089
3 8089 8190 8191
3 8089 8191 8090
3 8090 8191 8192
3 8090 8192 8091
3 8091 8192 8193
3 8091 8193 8092
3 8092 8193 8194
3 8092 8194 8093
3 8093 8194 8195
3 8093 8195 8094
3 8094 8195 8196
3 8094 8196 8095
3 8095 8196 8197
3 8095 8197 8096
3 8096 8197 8198
3 8096 8198 8097
3 8097 8198 8199
3 8097 8199 8098
3 8098 8199 8200
3 8098 8200 8099
3 8099 8200 8201
3 8099 8201 8100
3 8100 8201 8202
3 8100 8202 8101
3 8101 8202 8203
3 8101 8203 8102
3 8102 8203 8204
3 8102 8204 8103
3 8103 8204 8205
3 8103 8205 8104
3 8104 8205 8206
3 8104 8206 8105
3 8105 8206 8207
3 8105 8207 8106
3 8106 8207 8208
3 8106 8208 8107
3 8107 8208 8209
3 8107 8209 8108
3 8108 8209 8210
3 8108 8210 8109
3 8109 8210 8211
3 8109 8211 8110
3 8110 8211 8212
3 8110 8212 8111
3 8111 8212 8213
3 8111 8213 8112
3 8112 8213 8214
3 8112 8214 8113
3 8113 8214 8215
3 8113 8215 8114
3 8114 8215 8216
3 8114 8216 8115
3 8115 8216 8217
3 8115 8217 8116
3 8116 8217 8218
3 8116 8218 8117
3 8117 8218 8219
3 8117 8219 8118
3 8118 8219 8220
3 8118 8220 8119
3 8119 8220 8221
3 8119 8221 8120
3 8120 8221 8222
3 8120 8222 8121
3 8121 8222 8223
3 8121 8223 8122
3 8122 8223 8224
3 8122 8224 8123
3 8123 8224 8225
3 8123 8225 8124
3 8124 8225 8226
3 8124 8226 8125
3 8125 8226 8227
3 8125 8227 8126
3 8126 8227 8228
3 8126 8228 8127
3 8127 8228 8229
3 8127 8229 8128
3 8128 8229 8230
3 8128 8230 8129
3 8129 8230 8231
3 8129 8231 8130
3 8130 8231 8232
3 8130 8232 8131
3 8131 8232 8233
3 8131 8233 8132
3 8132 8233 8234
3 8132 8234 8133
3 8133 8234 8235
3 8133 8235 8134
3 8134 8235 8236
3 8134 8236 8135
3 8135 8236 8237
3 8135 8237 8136
3 8136 8237 8238
3 8136 8238 8137
3 8137 8238 8239
3 8137 8239 8138
3 8138 8239 8240
3 8138 8240 8139
3 8139 8240 8241
3 8139 8241 8140
3 8140 8241 8242
3 8140 8242 8141
3 8141 8242 8243
3 8141 8243 8142
3 8142 8243 8244
3 8142 8244 8143
3 8143 8244 8245
3 8143 8245 8144
3 8144 8245 8246
3 8144 8246 8145
3 8145 8246 8247
3 8145 8247 8146
3 8146 8247 8248
3 8146 8248 8147
3 8147 8248 8249
3 8147 8249 8148
3 8148 8249 8250
3 8148 8250 8149
3 8149 8250 8251
3 8149 8251 8150
3 8150 8251 8252
3 8150 8252 8151
3 8151 8252 8253
3 8151 8253 8152
3 8152 8253 8254
3 8152 8254 8153
3 8153 8254 8255
3 8153 8255 8154
3 8154 8255 8256
3 8154 8256 8155
3 8155 8256 8257
3 8155 8257 8156
3 8156 8257 8258
3 8156 8258 8157
3 8157 8258 8259
3 8157 8259 8158
3 8158 8259 8260
3 8158 8260 8159
3 8159 8260 8261
3 8159 8261 8160
3 8160 8261 8262
3 8160 8262 8161
3 8161 8262 8263
3 8161 8263 8162
3 8162 8263 8264
3 8162 8264 8163
3 8163 8264 8265
3 8163 8265 8164
3 8164 8265 8266
3 8164 8266 8165
3 8165 8266 8267
3 8165 8267 8166
3 8166 8267 8268
3 8166 8268 8167
3 8167 8268 8269
3 8167 8269 8168
3 8168 8269 8270
3 8168 8270 8169
3 8169 8270 8271
3 8169 8271 8170
3 8170 8271 8272
3 8170 8272 8171
3 8171 8272 8273
3 8171 8273 8172
3 8172 8273 8274
3 8172 8274 8173
3 8173 8274 8275
3 8173 8275 8174
3 8174 8275 8276
3 8174 8276 8175
3 8175 8276 8277
3 8175 8277 8176
3 8176 8277 8278
3 8176 8278 8177
3 8177 8278 8279
3 8177 8279 8178
3 8178 8279 8280
3 8178 8280 8179
3 8179 8280 8281
3 8179 8281 8180
3 8181 8282 8283
3 8181 8283 8182
3 8182 8283 8284
3 8182 8284 8183
3 8183 8284 8285
3 8183 8285 8184
3 8184 8285 8286
3 8184 8286 8185
3 8185 8286 8287
3 8185 8287 8186
3 8186 8287 8288
3 8186 8288 8187
3 8187 8288 8289
3 8187 8289 8188
3 8188 8289 8290
3 8188 8290 8189
3 8189 8290 8291
3 8189 8291 8190
3 8190 8291 8292
3 8190 8292 8191
3 8191 8292 8293
3 8191 8293 8192
3 8192 8293 8294
3 8192 8294 8193
3 8193 8294 8295
3 8193 8295 8194
3 8194 8295 8296
3 8194 8296 8195
3 8195 8296 8297
3 8195 8297 8196
3 8196 8297 8298
3 8196 8298 8197
3 8197 8298 8299
3 8197 8299 8198
3 8198 8299 8300
3 8198 8300 8199
3 8199 8300 8301
3 8199 8301 8200
3 8200 8301 8302
3 8200 8302 8201
3 8201 8302 8303
3 8201 8303 8202
3 8202 8303 8304
3 8202 8304 8203
3 8203 8304 8305
3 8203 8305 8204
3 8204 8305 8306
3 8204 8306 8205
3 8205 8306 8307
3 8205 8307 8206
3 8206 8307 8308
3 8206 8308 8207
3 8207 8308 8309
3 8207 8309 8208
3 8208 8309 8310
3 8208 8310 8209
3 8209 8310 8311
3 8209 8311 8210
3 8210 8311 8312
3 8210 8312 8211
3 8211 8312 8313
3 8211 8313 8212
3 8212 8313 8314
3 8212 8314 8213
3 8213 8314 8315
3 8213 8315 8214
3 8214 8315 8316
3 8214 8316 8215
3 8215 8316 8317
3 8215 8317 8216
3 8216 8317 8318
3 8216 8318 8217
3 8217 8318 8319
3 8217 8319 8218
3 8218 8319 8320
3 8218 8320 8219
3 8219 8320 8321
3 8219 8321 8220
3 8220 8321 8322
3 8220 8322 8221
3 8221 8322 8323
3 8221 8323 8222
3 8222 8323 8324
3 8222 8324 8223
3 8223 8324 8325
3 8223 8325 8224
3 8224 8325 8326
3 8224 8326 8225
3 8225 8326 8327
3 8225 8327 8226
3 8226 8327 8328
3 8226 8328 8227
3 8227 8328 8329
3 8227 8329 8228
3 8228 8329 8330
3 8228 8330 8229
3 8229 8330 8331
3 8229 8331 8230
3 8230 8331 8332
3 8230 8332 8231
3 8231 8332 8333
3 8231 8333 8232
3 8232 8333 8334
3 8232 8334 8233
3 8233 8334 8335
3 8233 8335 8234
3 8234 8335 8336
3 8234 8336 8235
3 8235 8336 8337
3 8235 8337 8236
3 8236 8337 8338
3 8236 8338 8237
3 8237 8338 8339
3 8237 8339 8238
3 8238 8339 8340
3 8238 8340 8239
3 8239 8340 8341
3 8239 8341 8240
3 8240 8341 8342
3 8240 8342 8241
3 8241 8342 8343
3 8241 8343 8242
3 8242 8343 8344
3 8242 8344 8243
3 8243 8344 8345
3 8243 8345 8244
3 8244 8345 8346
3 8244 8346 8245
3 8245 8346 8347
3 8245 8347 8246
3 8246 8347 8348
3 8246 8348 8247
3 8247 8348 8349
3 8247 8349 8248
3 8248 8349 8350
3 8248 8350 8249
3 8249 8350 8351
3 8249 8351 8250
3 8250 8351 8352
3 8250 8352 8251
3 8251 8352 8353
3 8251 8353 8252
3 8252 8353 8354
3 8252 8354 8253
3 8253 8354 8355
3 8253 8355 8254
3 8254 8355 8356
3 8254 8356 8255
3 8255 8356 8357
3 8255 8357 8256
3 8256 8357 8358
3 8256 8358 8257
3 8257 8358 8359
3 8257 8359 8258
3 8258 8359 8360
3 8258 8360 8259
3 8259 8360 8361
3 8259 8361 8260
3 8260 8361 8362
3 8260 8362 8261
3 8261 8362 8363
3 8261 8363 8262
3 8262 8363 8364
3 8262 8364 8263
3 8263 8364 8365
3 8263 8365 8264
3 8264 8365 8366
3 8264 8366 8265
3 8265 8366 8367
3 8265 8367 8266
3 8266 8367 8368
3 8266 8368 8267
3 8267 8368 8369
3 8267 8369 8268
3 8268 8369 8370
3 8268 8370 8269
3 8269 8370 8371
3 8269 8371 8270
3 8270 8371 8372
3 8270 8372 8271
3 8271 8372 8373
3 8271 8373 8272
3 8272 8373 8374
3 8272 8374 8273
3 8273 8374 8375
3 8273 8375 8274
3 8274 8375 8376
3 8274 8376 8275
3 8275 8376 8377
3 8275 8377 8276
3 8276 8377 8378
3 8276 8378 8277
3 8277 8378 8379
3 8277 8379 8278
3 8278 8379 8380
3 8278 8380 8279
3 8279 8380 8381
3 8279 8381 8280
3 8280 8381 8382
3 8280 8382 8281
3 8282 8383 8384
3 8282 8384 8283
3 8283 8384 8385
3 8283 8385 8284
3 8284 8385 8386
3 8284 8386 8285
3 8285 8386 8387
3 8285 8387 8286
3 8286 8387 8388
3 8286 8388 8287
3 8287 8388 8389
3 8287 8389 8288
3 8288 8389 8390
3 8288 8390 8289
3 8289 8390 8391
3 8289 8391 8290
3 8290 8391 8392
3 8290 8392 8291
3 8291 8392 8393
3 8291 8393 8292
3 8292 8393 8394
3 8292 8394 8293
3 8293 8394 8395
3 8293 8395 8294
3 8294 8395 8396
3 8294 8396 8295
3 8295 8396 8397
3 8295 8397 8296
3 8296 8397 8398
3 8296 8398 8297
3 8297 8398 8399
3 8297 8399 8298
3 8298 8399 8400
3 8298 8400 8299
3 8299 8400 8401
3 8299 8401 8300
3 8300 8401 8402
3 8300 8402 8301
3 8301 8402 8403
3 8301 8403 8302
3 8302 8403 8404
3 8302 8404 8303
3 8303 8404 8405
3 8303 8405 8304
3 8304 8405 8406
3 8304 8406 8305
3 8305 8406 8407
3 8305 8407 8306
3 8306 8407 8408
3 8306 8408 8307
3 8307 8408 8409
3 8307 8409 8308
3 8308 8409 8410
3 8308 8410 8309
3 8309 8410 8411
3 8309 8411 8310
3 8310 8411 8412
3 8310 8412 8311
3 8311 8412 8413
3 8311 8413 8312
3 8312 8413 8414
3 8312 8414 8313
3 8313 8414 8415
3 8313 8415 8314
3 8314 8415 8416
3 8314 8416 8315
3 8315 8416 8417
3 8315 8417 8316
3 8316 8417 8418
3 8316 8418 8317
3 8317 8418 8419
3 8317 8419 8318
3 8318 8419 8420
3 8318 8420 8319
3 8319 8420 8421
3 8319 8421 8320
3 8320 8421 8422
3 8320 8422 8321
3 8321 8422 8423
3 8321 8423 8322
3 8322 8423 8424
3 8322 8424 8323
3 8323 8424 8425
3 8323 8425 8324
3 8324 8425 8426
3 8324 8426 8325
3 8325 8426 8427
3 8325 8427 8326
3 8326 8427 8428
3 8326 8428 8327
3 8327 8428 8429
3 8327 8429 8328
3 8328 8429 8430
3 8328 8430 8329
3 8329 8430 8431
3 8329 8431 8330
3 8330 8431 8432
3 8330 8432 8331
3 8331 8432 8433
3 8331 8433 8332
3 8332 8433 8434
3 8332 8434 8333
3 8333 8434 8435
3 8333 8435 8334
3 8334 8435 8436
3 8334 8436 8335
3 8335 8436 8437
3 8335 8437 8336
3 8336 8437 8438
3 8336 8438 8337
3 8337 8438 8439
3 8337 8439 8338
3 8338 8439 8440
3 8338 8440 8339
3 8339 8440 8441
3 8339 8441 8340
3 8340 8441 8442
3 8340 8442 8341
3 8341 8442 8443
3 8341 8443 8342
3 8342 8443 8444
3 8342 8444 8343
3 8343 8444 8445
3 8343 8445 8344
3 8344 8445 8446
3 8344 8446 8345
3 8345 8446 8447
3 8345 8447 8346
3 8346 8447 8448
3 8346 8448 8347
3 8347 8448 8449
3 8347 8449 8348
3 8348 8449 8450
3 8348 8450 8349
3 8349 8450 8451
3 8349 8451 8350
3 8350 8451 8452
3 8350 8452 8351
3 8351 8452 8453
3 8351 8453 8352
3 8352 8453 8454
3 8352 8454 8353
3 8353 8454 8455
3 8353 8455 8354
3 8354 8455 8456
3 8354 8456 8355
3 8355 8456 8457
3 8355 8457 8356
3 8356 8457 8458
3 8356 8458 8357
3 8357 8458 8459
3 8357 8459 8358
3 8358 8459 8460
3 8358 8460 8359
3 8359 8460 8461
3 8359 8461 8360
3 8360 8461 8462
3 8360 8462 8361
3 8361 8462 8463
3 8361 8463 8362
3 8362 8463 8464
3 8362 8464 8363
3 8363 8464 8465
3 8363 8465 8364
3 8364 8465 8466
3 8364 8466 8365
3 8365 8466 8467
3 8365 8467 8366
3 8366 8467 8468
3 8366 8468 8367
3 8367 8468 8469
3 8367 8469 8368
3 8368 8469 8470
3 8368 8470 8369
3 8369 8470 8471
3 8369 8471 8370
3 8370 8471 8472
3 8370 8472 8371
3 8371 8472 8473
3 8371 8473 8372
3 8372 8473 8474
3 8372 8474 8373
3 8373 8474 8475
3 8373 8475 8374
3 8374 8475 8476
3 8374 8476 8375
3 8375 8476 8477
3 8375 8477 8376
3 8376 8477 8478
3 8376 8478 8377
3 8377 8478 8479
3 8377 8479 8378
3 8378 8479 8480
3 8378 8480 8379
3 8379 8480 8481
3 8379 8481 8380
3 8380 8481 8482
3 8380 8482 8381
3 8381 8482 8483
3 8381 8483 8382
3 8383 8484 8485
3 8383 8485 8384
3 8384 8485 8486
3 8384 8486 8385
3 8385 8486 8487
3 8385 8487 8386
3 8386 8487 8488
3 8386 8488 8387
3 8387 8488 8489
3 8387 8489 8388
3 8388 8489 8490
3 8388 8490 8389
3 8389 8490 8491
3 8389 8491 8390
3 8390 8491 8492
3 8390 8492 8391
3 8391 8492 8493
3 8391 8493 8392
3 8392 8493 8494
3 8392 8494 8393
3 8393 8494 8495
3 8393 8495 8394
3 8394 8495 8496
3 8394 8496 8395
3 8395 8496 8497
3 8395 8497 8396
3 8396 8497 8498
3 8396 8498 8397
3 8397 8498 8499
3 8397 8499 8398
3 8398 8499 8500
3 8398 8500 8399
3 8399 8500 8501
3 8399 8501 8400
3 8400 8501 8502
3 8400 8502 8401
3 8401 8502 8503
3 8401 8503 8402
3 8402 8503 8504
3 8402 8504 8403
3 8403 8504 8505
3 8403 8505 8404
3 8404 8505 8506
3 8404 8506 8405
3 8405 8506 8507
3 8405 8507 8406
3 8406 8507 8508
3 8406 8508 8407
3 8407 8508 8509
3 8407 8509 8408
3 8408 8509 8510
3 8408 8510 8409
3 8409 8510 8511
3 8409 8511 8410
3 8410 8511 8512
3 8410 8512 8411
3 8411 8512 8513
3 8411 8513 8412
3 8412 8513 8514
3 8412 8514 8413
3 8413 8514 8515
3 8413 8515 8414
3 8414 8515 8516
3 8414 8516 8415
3 8415 8516 8517
3 8415 8517 8416
3 8416 8517 8518
3 8416 8518 8417
3 8417 8518 8519
3 8417 8519 8418
3 8418 8519 8520
3 8418 8520 8419
3 8419 8520 8521
3 8419 8521 8420
3 8420 8521 8522
3 8420 8522 8421
3 8421 8522 8523
3 8421 8523 8422
3 8422 8523 8524
3 8422 8524 8423
3 8423 8524 8525
3 8423 8525 8424
3 8424 8525 8526
3 8424 8526 8425
3 8425 8526 8527
3 8425 8527 8426
3 8426 8527 8528
3 8426 8528 8427
3 8427 8528 8529
3 8427 8529 8428
3 8428 8529 8530
3 8428 8530 8429
3 8429 8530 8531
3 8429 8531 8430
3 8430 8531 8532
3 8430 8532 8431
3 8431 8532 8533
3 8431 8533 8432
3 8432 8533 8534
3 8432 8534 8433
3 8433 8534 8535
3 8433 8535 8434
3 8434 8535 8536
3 8434 8536 8435
3 8435 8536 8537
3 8435 8537 8436
3 8436 8537 8538
3 8436 8538 8437
3 8437 8538 8539
3 8437 8539 8438
3 8438 8539 8540
3 8438 8540 8439
3 8439 8540 8541
3 8439 8541 8440
3 8440 8541 8542
3 8440 8542 8441
3 8441 8542 8543
3 8441 8543 8442
3 8442 8543 8544
3 8442 8544 8443
3 8443 8544 8545
3 8443 8545 8444
3 8444 8545 8546
3 8444 8546 8445
3 8445 8546 8547
3 8445 8547 8446
3 8446 8547 8548
3 8446 8548 8447
3 8447 8548 8549
3 8447 8549 8448
3 8448 8549 8550
3 8448 8550 8449
3 8449 8550 8551
3 8449 8551 8450
3 8450 8551 8552
3 8450 8552 8451
3 8451 8552 8553
3 8451 8553 8452
3 8452 8553 8554
3 8452 8554 8453
3 8453 8554 8555
3 8453 8555 8454
3 8454 8555 8556
3 8454 8556 8455
3 8455 8556 8557
3 8455 8557 8456
3 8456 8557 8558
3 8456 8558 8457
3 8457 8558 8559
3 8457 8559 8458
3 8458 8559 8560
3 8458 8560 8459
3 8459 8560 8561
3 8459 8561 8460
3 8460 8561 8562
3 8460 8562 8461
3 8461 8562 8563
3 8461 8563 8462
3 8462 8563 8564
3 8462 8564 8463
3 8463 8564 8565
3 8463 8565 8464
3 8464 8565 8566
3 8464 8566 8465
3 8465 8566 8567
3 8465 8567 8466
3 8466 8567 8568
3 8466 8568 8467
3 8467 8568 8569
3 8467 8569 8468
3 8468 8569 8570
3 8468 8570 8469
3 8469 8570 8571
3 8469 8571 8470
3 8470 8571 8572
3 8470 8572 8471
3 8471 8572 8573
3 8471 8573 8472
3 8472 8573 8574
3 8472 8574 8473
3 8473 8574 8575
3 8473 8575 8474
3 8474 8575 8576
3 8474 8576 8475
3 8475 8576 8577
3 8475 8577 8476
3 8476 8577 8578
3 8476 8578 8477
3 8477 8578 8579
3 8477 8579 8478
3 8478 8579 8580
3 8478 8580 8479
3 8479 8580 8581
3 8479 8581 8480
3 8480 8581 8582
3 8480 8582 8481
3 8481 8582 8583
3 8481 8583 8482
3 8482 8583 8584
3 8482 8584 8483
3 8484 8585 8586
3 8484 8586 8485
3 8485 8586 8587
3 8485 8587 8486
3 8486 8587 8588
3 8486 8588 8487
3 8487 8588 8589
3 8487 8589 8488
3 8488 8589 8590
3 8488 8590 8489
3 8489 8590 8591
3 8489 8591 8490
3 8490 8591 8592
3 8490 8592 8491
3 8491 8592 8593
3 8491 8593 8492
3 8492 8593 8594
3 8492 8594 8493
3 8493 8594 8595
3 8493 8595 8494
3 8494 8595 8596
3 8494 8596 8495
3 8495 8596 8597
3 8495 8597 8496
3 8496 8597 8598
3 8496 8598 8497
3 8497 8598 8599
3 8497 8599 8498
3 8498 8599 8600
3 8498 8600 8499
3 8499 8600 8601
3 8499 8601 8500
3 8500 8601 8602
3 8500 8602 8501
3 8501 8602 8603
3 8501 8603 8502
3 8502 8603 8604
3 8502 8604 8503
3 8503 8604 8605
3 8503 8605 8504
3 8504 8605 8606
3 8504 8606 8505
3 8505 8606 8607
3 8505 8607 8506
3 8506 8607 8608
3 8506 8608 8507
3 8507 8608 8609
3 8507 8609 8508
3 8508 8609 8610
3 8508 8610 8509
3 8509 8610 8611
3 8509 8611 8510
3 8510 8611 8612
3 8510 8612 8511
3 8511 8612 8613
3 8511 8613 8512
3 8512 8613 8614
3 8512 8614 8513
3 8513 8614 8615
3 8513 8615 8514
3 8514 8615 8616
3 8514 8616 8515
3 8515 8616 8617
3 8515 8617 8516
3 8516 8617 8618
3 8516 8618 8517
3 8517 8618 8619
3 8517 8619 8518
3 8518 8619 8620
3 8518 8620 8519
3 8519 8620 8621
3 8519 8621 8520
3 8520 8621 8622
3 8520 8622 8521
3 8521 8622 8623
3 8521 8623 8522
3 8522 8623 8624
3 8522 8624 8523
3 8523 8624 8625
3 8523 8625 8524
3 8524 8625 8626
3 8524 8626 8525
3 8525 8626 8627
3 8525 8627 8526
3 8526 8627 8628
3 8526 8628 8527
3 8527 8628 8629
3 8527 8629 8528
3 8528 8629 8630
3 8528 8630 8529
3 8529 8630 8631
3 8529 8631 8530
3 8530 8631 8632
3 8530 8632 8531
3 8531 8632 8633
3 8531 8633 8532
3 8532 8633 8634
3 8532 8634 8533
3 8533 8634 8635
3 8533 8635 8534
3 8534 8635 8636
3 8534 8636 8535
3 8535 8636 8637
3 8535 8637 8536
3 8536 8637 8638
3 8536 8638 8537
3 8537 8638 8639
3 8537 8639 8538
3 8538 8639 8640
3 8538 8640 8539
3 8539 8640 8641
3 8539 8641 8540
3 8540 8641 8642
3 8540 8642 8541
3 8541 8642 8643
3 8541 8643 8542
3 8542 8643 8644
3 8542 8644 8543
3 8543 8644 8645
3 8543 8645 8544
3 8544 8645 8646
3 8544 8646 8545
3 8545 8646 8647
3 8545 8647 8546
3 8546 8647 8648
3 8546 8648 8547
3 8547 8648 8649
3 8547 8649 8548
3 8548 8649 8650
3 8548 8650 8549
3 8549 8650 8651
3 8549 8651 8550
3 8550 8651 8652
3 8550 8652 8551
3 8551 8652 8653
3 8551 8653 8552
3 8552 8653 8654
3 8552 8654 8553
3 8553 8654 8655
3 8553 8655 8554
3 8554 8655 8656
3 8554 8656 8555
3 8555 8656 8657
3 8555 8657 8556
3 8556 8657 8658
3 8556 8658 8557
3 8557 8658 8659
3 8557 8659 8558
3 8558 8659 8660
3 8558 8660 8559
3 8559 8660 8661
3 8559 8661 8560
3 8560 8661 8662
3 8560 8662 8561
3 8561 8662 8663
3 8561 8663 8562
3 8562 8663 8664
3 8562 8664 8563
3 8563 8664 8665
3 8563 8665 8564
3 8564 8665 8666
3 8564 8666 8565
3 8565 8666 8667
3 8565 8667 8566
3 8566 8667 8668
3 8566 8668 8567
3 8567 8668 8669
3 8567 8669 8568
3 8568 8669 8670
3 8568 8670 8569
3 8569 8670 8671
3 8569 8671 8570
3 8570 8671 8672
3 8570 8672 8571
3 8571 8672 8673
3 8571 8673 8572
3 8572 8673 8674
3 8572 8674 8573
3 8573 8674 8675
3 8573 8675 8574
3 8574 8675 8676
3 8574 8676 8575
3 8575 8676 8677
3 8575 8677 8576
3 8576 8677 8678
3 8576 8678 8577
3 8577 8678 8679
3 8577 8679 8578
3 8578 8679 8680
3 8578 8680 8579
3 8579 8680 8681
3 8579 8681 8580
3 8580 8681 8682
3 8580 8682 8581
3 8581 8682 8683
3 8581 8683 8582
3 8582 8683 8684
3 8582 8684 8583
3 8583 8684 8685
3 8583 8685 8584
3 8585 8686 8687
3 8585 8687 8586
3 8586 8687 8688
3 8586 8688 8587
3 8587 8688 8689
3 8587 8689 8588
3 8588 8689 8690
3 8588 8690 8589
3 8589 8690 8691
3 8589 8691 8590
3 8590 8691 8692
3 8590 8692 8591
3 8591 8692 8693
3 8591 8693 8592
3 8592 8693 8694
3 8592 8694 8593
3 8593 8694 8695
3 8593 8695 8594
3 8594 8695 8696
3 8594 8696 8595
3 8595 8696 8697
3 8595 8697 8596
3 8596 8697 8698
3 8596 8698 8597
3 8597 8698 8699
3 8597 8699 8598
3 8598 8699 8700
3 8598 8700 8599
3 8599 8700 8701
3 8599 8701 8600
3 8600 8701 8702
3 8600 8702 8601
3 8601 8702 8703
3 8601 8703 8602
3 8602 8703 8704
3 8602 8704 8603
3 8603 8704 8705
3 8603 8705 8604
3 8604 8705 8706
3 8604 8706 8605
3 8605 8706 8707
3 8605 8707 8606
3 8606 8707 8708
3 8606 8708 8607
3 8607 8708 8709
3 8607 8709 8608
3 8608 8709 8710
3 8608 8710 8609
3 8609 8710 8711
3 8609 8711 8610
3 8610 8711 8712
3 8610 8712 8611
3 8611 8712 8713
3 8611 8713 8612
3 8612 8713 8714
3 8612 8714 8613
3 8613 8714 8715
3 8613 8715 8614
3 8614 8715 8716
3 8614 8716 8615
3 8615 8716 8717
3 8615 8717 8616
3 8616 8717 8718
3 8616 8718 8617
3 8617 8718 8719
3 8617 8719 8618
3 8618 8719 8720
3 8618 8720 8619
3 8619 8720 8721
3 8619 8721 8620
3 8620 8721 8722
3 8620 8722 8621
3 8621 8722 8723
3 8621 8723 8622
3 8622 8723 8724
3 8622 8724 8623
3 8623 8724 8725
3 8623 8725 8624
3 8624 8725 8726
3 8624 8726 8625
3 8625 8726 8727
3 8625 8727 8626
3 8626 8727 8728
3 8626 8728 8627
3 8627 8728 8729
3 8627 8729 8628
3 8628 8729 8730
3 8628 8730 8629
3 8629 8730 8731
3 8629 8731 8630
3 8630 8731 8732
3 8630 8732 8631
3 8631 8732 8733
3 8631 8733 8632
3 8632 8733 8734
3 8632 8734 8633
3 8633 8734 8735
3 8633 8735 8634
3 8634 8735 8736
3 8634 8736 8635
3 8635 8736 8737
3 8635 8737 8636
3 8636 8737 8738
3 8636 8738 8637
3 8637 8738 8739
3 8637 8739 8638
3 8638 8739 8740
3 8638 8740 8639
3 8639 8740 8741
3 8639 8741 8640
3 8640 8741 8742
3 8640 8742 8641
3 8641 8742 8743
3 8641 8743 8642
3 8642 8743 8744
3 8642 8744 8643
3 8643 8744 8745
3 8643 8745 8644
3 8644 8745 8746
3 8644 8746 8645
3 8645 8746 8747
3 8645 8747 8646
3 8646 8747 8748
3 8646 8748 8647
3 8647 8748 8749
3 8647 8749 8648
3 8648 8749 8750
3 8648 8750 8649
3 8649 8750 8751
3 8649 8751 8650
3 8650 8751 8752
3 8650 8752 8651
3 8651 8752 8753
3 8651 8753 8652
3 8652 8753 8754
3 8652 8754 8653
3 8653 8754 8755
3 8653 8755 8654
3 8654 8755 8756
3 8654 8756 8655
3 8655 8756 8757
3 8655 8757 8656
3 8656 8757 8758
3 8656 8758 8657
3 8657 8758 8759
3 8657 8759 8658
3 8658 8759 8760
3 8658 8760 8659
3 8659 8760 8761
3 8659 8761 8660
3 8660 8761 8762
3 8660 8762 8661
3 8661 8762 8763
3 8661 8763 8662
3 8662 8763 8764
3 8662 8764 8663
3 8663 8764 8765
3 8663 8765 8664
3 8664 8765 8766
3 8664 8766 8665
3 8665 8766 8767
3 8665 8767 8666
3 8666 8767 8768
3 8666 8768 8667
3 8667 8768 8769
3 8667 8769 8668
3 8668 8769 8770
3 8668 8770 8669
3 8669 8770 8771
3 8669 8771 8670
3 8670 8771 8772
3 8670 8772 8671
3 8671 8772 8773
3 8671 8773 8672
3 8672 8773 8774
3 8672 8774 8673
3 8673 8774 8775
3 8673 8775 8674
3 8674 8775 8776
3 8674 8776 8675
3 8675 8776 8777
3 8675 8777 8676
3 8676 8777 8778
3 8676 8778 8677
3 8677 8778 8779
3 8677 8779 8678
3 8678 8779 8780
3 8678 8780 8679
3 8679 8780 8781
3 8679 8781 8680
3 8680 8781 8782
3 8680 8782 8681
3 8681 8782 8783
3 8681 8783 8682
3 8682 8783 8784
3 8682 8784 8683
3 8683 8784 8785
3 8683 8785 8684
3 8684 8785 8786
3 8684 8786 8685
3 8686 8787 8788
3 8686 8788 8687
3 8687 8788 8789
3 8687 8789 8688
3 8688 8789 8790
3 8688 8790 8689
3 8689 8790 8791
3 8689 8791 8690
3 8690 8791 8792
3 8690 8792 8691
3 8691 8792 8793
3 8691 8793 8692
3 8692 8793 8794
3 8692 8794 8693
3 8693 8794 8795
3 8693 8795 8694
3 8694 8795 8796
3 8694 8796 8695
3 8695 8796 8797
3 8695 8797 8696
3 8696 8797 8798
3 8696 8798 8697
3 8697 8798 8799
3 8697 8799 8698
3 8698 8799 8800
3 8698 8800 8699
3 8699 8800 8801
3 8699 8801 8700
3 8700 8801 8802
3 8700 8802 8701
3 8701 8802 8803
3 8701 8803 8702
3 8702 8803 8804
3 8702 8804 8703
3 8703 8804 8805
3 8703 8805 8704
3 8704 8805 8806
3 8704 8806 8705
3 8705 8806 8807
3 8705 8807 8706
3 8706 8807 8808
3 8706 8808 8707
3 8707 8808 8809
3 8707 8809 8708
3 8708 8809 8810
3 8708 8810 8709
3 8709 8810 8811
3 8709 8811 8710
3 8710 8811 8812
3 8710 8812 8711
3 8711 8812 8813
3 8711 8813 8712
3 8712 8813 8814
3 8712 8814 8713
3 8713 8814 8815
3 8713 8815 8714
3 8714 8815 8816
3 8714 8816 8715
3 8715 8816 8817
3 8715 8817 8716
3 8716 8817 8818
3 8716 8818 8717
3 8717 8818 8819
3 8717 8819 8718
3 8718 8819 8820
3 8718 8820 8719
3 8719 8820 8821
3 8719 8821 8720
3 8720 8821 8822
3 8720 8822 8721
3 8721 8822 8823
3 8721 8823 8722
3 8722 8823 8824
3 8722 8824 8723
3 8723 8824 8825
3 8723 8825 8724
3 8724 8825 8826
3 8724 8826 8725
3 8725 8826 8827
3 8725 8827 8726
3 8726 8827 8828
3 8726 8828 8727
3 8727 8828 8829
3 8727 8829 8728
3 8728 8829 8830
3 8728 8830 8729
3 8729 8830 8831
3 8729 8831 8730
3 8730 8831 8832
3 8730 8832 8731
3 8731 8832 8833
3 8731 8833 8732
3 8732 8833 8834
3 8732 8834 8733
3 8733 8834 8835
3 8733 8835 8734
3 8734 8835 8836
3 8734 8836 8735
3 8735 8836 8837
3 8735 8837 8736
3 8736 8837 8838
3 8736 8838 8737
3 8737 8838 8839
3 8737 8839 8738
3 8738 8839 8840
3 8738 8840 8739
3 8739 8840 8841
3 8739 8841 8740
3 8740 8841 8842
3 8740 8842 8741
3 8741 8842 8843
3 8741 8843 8742
3 8742 8843 8844
3 8742 8844 8743
3 8743 8844 8845
3 8743 8845 8744
3 8744 8845 8846
3 8744 8846 8745
3 8745 8846 8847
3 8745 8847 8746
3 8746 8847 8848
3 8746 8848 8747
3 8747 8848 8849
3 8747 8849 8748
3 8748 8849 8850
3 8748 8850 8749
3 8749 8850 8851
3 8749 8851 8750
3 8750 8851 8852
3 8750 8852 8751
3 8751 8852 8853
3 8751 8853 8752
3 8752 8853 8854
3 8752 8854 8753
3 8753 8854 8855
3 8753 8855 8754
3 8754 8855 8856
3 8754 8856 8755
3 8755 8856 8857
3 8755 8857 8756
3 8756 8857 8858
3 8756 8858 8757
3 8757 8858 8859
3 8757 8859 8758
3 8758 8859 8860
3 8758 8860 8759
3 8759 8860 8861
3 8759 8861 8760
3 8760 8861 8862
3 8760 8862 8761
3 8761 8862 8863
3 8761 8863 8762
3 8762 8863 8864
3 8762 8864 8763
3 8763 8864 8865
3 8763 8865 8764
3 8764 8865 8866
3 8764 8866 8765
3 8765 8866 8867
3 8765 8867 8766
3 8766 8867 8868
3 8766 8868 8767
3 8767 8868 8869
3 8767 8869 8768
3 8768 8869 8870
3 8768 8870 8769
3 8769 8870 8871
3 8769 8871 8770
3 8770 8871 8872
3 8770 8872 8771
3 8771 8872 8873
3 8771 8873 8772
3 8772 8873 8874
3 8772 8874 8773
3 8773 8874 8875
3 8773 8875 8774
3 8774 8875 8876
3 8774 8876 8775
3 8775 8876 8877
3 8775 8877 8776
3 8776 8877 8878
3 8776 8878 8777
3 8777 8878 8879
3 8777 8879 8778
3 8778 8879 8880
3 8778 8880 8779
3 8779 8880 8881
3 8779 8881 8780
3 8780 8881 8882
3 8780 8882 8781
3 8781 8882 8883
3 8781 8883 8782
3 8782 8883 8884
3 8782 8884 8783
3 8783 8884 8885
3 8783 8885 8784
3 8784 8885 8886
3 8784 8886 8785
3 8785 8886 8887
3 8785 8887 8786
3 8787 8888 8889
3 8787 8889 8788
3 8788 8889 8890
3 8788 8890 8789
3 8789 8890 8891
3 8789 8891 8790
3 8790 8891 8892
3 8790 8892 8791
3 8791 8892 8893
3 8791 8893 8792
3 8792 8893 8894
3 8792 8894 8793
3 8793 8894 8895
3 8793 8895 8794
3 8794 8895 8896
3 8794 8896 8795
3 8795 8896 8897
3 8795 8897 8796
3 8796 8897 8898
3 8796 8898 8797
3 8797 8898 8899
3 8797 8899 8798
3 8798 8899 8900
3 8798 8900 8799
3 8799 8900 8901
3 8799 8901 8800
3 8800 8901 8902
3 8800 8902 8801
3 8801 8902 8903
3 8801 8903 8802
3 8802 8903 8904
3 8802 8904 8803
3 8803 8904 8905
3 8803 8905 8804
3 8804 8905 8906
3 8804 8906 8805
3 8805 8906 8907
3 8805 8907 8806
3 8806 8907 8908
3 8806 8908 8807
3 8807 8908 8909
3 8807 8909 8808
3 8808 8909 8910
3 8808 8910 8809
3 8809 8910 8911
3 8809 8911 8810
3 8810 8911 8912
3 8810 8912 8811
3 8811 8912 8913
3 8811 8913 8812
3 8812 8913 8914
3 8812 8914 8813
3 8813 8914 8915
3 8813 8915 8814
3 8814 8915 8916
3 8814 8916 8815
3 8815 8916 8917
3 8815 8917 8816
3 8816 8917 8918
3 8816 8918 8817
3 8817 8918 8919
3 8817 8919 8818
3 8818 8919 8920
3 8818 8920 8819
3 8819 8920 8921
3 8819 8921 8820
3 8820 8921 8922
3 8820 8922 8821
3 8821 8922 8923
3 8821 8923 8822
3 8822 8923 8924
3 8822 8924 8823
3 8823 8924 8925
3 8823 8925 8824
3 8824 8925 8926
3 8824 8926 8825
3 8825 8926 8927
3 8825 8927 8826
3 8826 8927 8928
3 8826 8928 8827
3 8827 8928 8929
3 8827 8929 8828
3 8828 8929 8930
3 8828 8930 8829
3 8829 8930 8931
3 8829 8931 8830
3 8830 8931 8932
3 8830 8932 8831
3 8831 8932 8933
3 8831 8933 8832
3 8832 8933 8934
3 8832 8934 8833
3 8833 8934 8935
3 8833 8935 8834
3 8834 8935 8936
3 8834 8936 8835
3 8835 8936 8937
3 8835 8937 8836
3 8836 8937 8938
3 8836 8938 8837
3 8837 8938 8939
3 8837 8939 8838
3 8838 8939 8940
3 8838 8940 8839
3 8839 8940 8941
3 8839 8941 8840
3 8840 8941 8942
3 8840 8942 8841
3 8841 8942 8943
3 8841 8943 8842
3 8842 8943 8944
3 8842 8944 8843
3 8843 8944 8945
3 8843 8945 8844
3 8844 8945 8946
3 8844 8946 8845
3 8845 8946 8947
3 8845 8947 8846
3 8846 8947 8948
3 8846 8948 8847
3 8847 8948 8949
3 8847 8949 8848
3 8848 8949 8950
3 8848 8950 8849
3 8849 8950 8951
3 8849 8951 8850
3 8850 8951 8952
3 8850 8952 8851
3 8851 8952 8953
3 8851 8953 8852
3 8852 8953 8954
3 8852 8954 8853
3 8853 8954 8955
3 8853 8955 8854
3 8854 8955 8956
3 8854 8956 8855
3 8855 8956 8957
3 8855 8957 8856
3 8856 8957 8958
3 8856 8958 8857
3 8857 8958 8959
3 8857 8959 8858
3 8858 8959 8960
3 8858 8960 8859
3 8859 8960 8961
3 8859 8961 8860
3 8860 8961 8962
3 8860 8962 8861
3 8861 8962 8963
3 8861 8963 8862
3 8862 8963 8964
3 8862 8964 8863
3 8863 8964 8965
3 8863 8965 8864
3 8864 8965 8966
3 8864 8966 8865
3 8865 8966 8967
3 8865 8967 8866
3 8866 8967 8968
3 8866 8968 8867
3 8867 8968 8969
3 8867 8969 8868
3 8868 8969 8970
3 8868 8970 8869
3 8869 8970 8971
3 8869 8971 8870
3 8870 8971 8972
3 8870 8972 8871
3 8871 8972 8973
3 8871 8973 8872
3 8872 8973 8974
3 8872 8974 8873
3 8873 8974 8975
3 8873 8975 8874
3 8874 8975 8976
3 8874 8976 8875
3 8875 8976 8977
3 8875 8977 8876
3 8876 8977 8978
3 8876 8978 8877
3 8877 8978 8979
3 8877 8979 8878
3 8878 8979 8980
3 8878 8980 8879
3 8879 8980 8981
3 8879 8981 8880
3 8880 8981 8982
3 8880 8982 8881
3 8881 8982 8983
3 8881 8983 8882
3 8882 8983 8984
3 8882 8984 8883
3 8883 8984 8985
3 8883 8985 8884
3 8884 8985 8986
3 8884 8986 8885
3 8885 8986 8987
3 8885 8987 8886
3 8886 8987 8988
3 8886 8988 8887
3 8888 8989 8990
3 8888 8990 8889
3 8889 8990 8991
3 8889 8991 8890
3 8890 8991 8992
3 8890 8992 8891
3 8891 8992 8993
3 8891 8993 8892
3 8892 8993 8994
3 8892 8994 8893
3 8893 8994 8995
3 8893 8995 8894
3 8894 8995 8996
3 8894 8996 8895
3 8895 8996 8997
3 8895 8997 8896
3 8896 8997 8998
3 8896 8998 8897
3 8897 8998 8999
3 8897 8999 8898
3 8898 8999 9000
3 8898 9000 8899
3 8899 9000 9001
3 8899 9001 8900
3 8900 9001 9002
3 8900 9002 8901
3 8901 9002 9003
3 8901 9003 8902
3 8902 9003 9004
3 8902 9004 8903
3 8903 9004 9005
3 8903 9005 8904
3 8904 9005 9006
3 8904 9006 8905
3 8905 9006 9007
3 8905 9007 8906
3 8906 9007 9008
3 8906 9008 8907
3 8907 9008 9009
3 8907 9009 8908
3 8908 9009 9010
3 8908 9010 8909
3 8909 9010 9011
3 8909 9011 8910
3 8910 9011 9012
3 8910 9012 8911
3 8911 9012 9013
3 8911 9013 8912
3 8912 9013 9014
3 8912 9014 8913
3 8913 9014 9015
3 8913 9015 8914
3 8914 9015 9016
3 8914 9016 8915
3 8915 9016 9017
3 8915 9017 8916
3 8916 9017 9018
3 8916 9018 8917
3 8917 9018 9019
3 8917 9019 8918
3 8918 9019 9020
3 8918 9020 8919
3 8919 9020 9021
3 8919 9021 8920
3 8920 9021 9022
3 8920 9022 8921
3 8921 9022 9023
3 8921 9023 8922
3 8922 9023 9024
3 8922 9024 8923
3 8923 9024 9025
3 8923 9025 8924
3 8924 9025 9026
3 8924 9026 8925
3 8925 9026 9027
3 8925 9027 8926
3 8926 9027 9028
3 8926 9028 8927
3 8927 9028 9029
3 8927 9029 8928
3 8928 9029 9030
3 8928 9030 8929
3 8929 9030 9031
3 8929 9031 8930
3 8930 9031 9032
3 8930 9032 8931
3 8931 9032 9033
3 8931 9033 8932
3 8932 9033 9034
3 8932 9034 8933
3 8933 9034 9035
3 8933 9035 8934
3 8934 9035 9036
3 8934 9036 8935
3 8935 9036 9037
3 8935 9037 8936
3 8936 9037 9038
3 8936 9038 8937
3 8937 9038 9039
3 8937 9039 8938
3 8938 9039 9040
3 8938 9040 8939
3 8939 9040 9041
3 8939 9041 8940
3 8940 9041 9042
3 8940 9042 8941
3 8941 9042 9043
3 8941 9043 8942
3 8942 9043 9044
3 8942 9044 8943
3 8943 9044 9045
3 8943 9045 8944
3 8944 9045 9046
3 8944 9046 8945
3 8945 9046 9047
3 8945 9047 8946
3 8946 9047 9048
3 8946 9048 8947
3 8947 9048 9049
3 8947 9049 8948
3 8948 9049 9050
3 8948 9050 8949
3 8949 9050 9051
3 8949 9051 8950
3 8950 9051 9052
3 8950 9052 8951
3 8951 9052 9053
3 8951 9053 8952
3 8952 9053 9054
3 8952 9054 8953
3 8953 9054 9055
3 8953 9055 8954
3 8954 9055 9056
3 8954 9056 8955
3 8955 9056 9057
3 8955 9057 8956
3 8956 9057 9058
3 8956 9058 8957
3 8957 9058 9059
3 8957 9059 8958
3 8958 9059 9060
3 8958 9060 8959
3 8959 9060 9061
3 8959 9061 8960
3 8960 9061 9062
3 8960 9062 8961
3 8961 9062 9063
3 8961 9063 8962
3 8962 9063 9064
3 8962 9064 8963
3 8963 9064 9065
3 8963 9065 8964
3 8964 9065 9066
3 8964 9066 8965
3 8965 9066 9067
3 8965 9067 8966
3 8966 9067 9068
3 8966 9068 8967
3 8967 9068 9069
3 8967 9069 8968
3 8968 9069 9070
3 8968 9070 8969
3 8969 9070 9071
3 8969 9071 8970
3 8970 9071 9072
3 8970 9072 8971
3 8971 9072 9073
3 8971 9073 8972
3 8972 9073 9074
3 8972 9074 8973
3 8973 9074 9075
3 8973 9075 8974
3 8974 9075 9076
3 8974 9076 8975
3 8975 9076 9077
3 8975 9077 8976
3 8976 9077 9078
3 8976 9078 8977
3 8977 9078 9079
3 8977 9079 8978
3 8978 9079 9080
3 8978 9080 8979
3 8979 9080 9081
3 8979 9081 8980
3 8980 9081 9082
3 8980 9082 8981
3 8981 9082 9083
3 8981 9083 8982
3 8982 9083 9084
3 8982 9084 8983
3 8983 9084 9085
3 8983 9085 8984
3 8984 9085 9086
3 8984 9086 8985
3 8985 9086 9087
3 8985 9087 8986
3 8986 9087 9088
3 8986 9088 8987
3 8987 9088 9089
3 8987 9089 8988
3 8989 9090 9091
3 8989 9091 8990
3 8990 9091 9092
3 8990 9092 8991
3 8991 9092 9093
3 8991 9093 8992
3 8992 9093 9094
3 8992 9094 8993
3 8993 9094 9095
3 8993 9095 8994
3 8994 9095 9096
3 8994 9096 8995
3 8995 9096 9097
3 8995 9097 8996
3 8996 9097 9098
3 8996 9098 8997
3 8997 9098 9099
3 8997 9099 8998
3 8998 9099 9100
3 8998 9100 8999
3 8999 9100 9101
3 8999 9101 9000
3 9000 9101 9102
3 9000 9102 9001
3 9001 9102 9103
3 9001 9103 9002
3 9002 9103 9104
3 9002 9104 9003
3 9003 9104 9105
3 9003 9105 9004
3 9004 9105 9106
3 9004 9106 9005
3 9005 9106 9107
3 9005 9107 9006
3 9006 9107 9108
3 9006 9108 9007
3 9007 9108 9109
3 9007 9109 9008
3 9008 9109 9110
3 9008 9110 9009
3 9009 9110 9111
3 9009 9111 9010
3 9010 9111 9112
3 9010 9112 9011
3 9011 9112 9113
3 9011 9113 9012
3 9012 9113 9114
3 9012 9114 9013
3 9013 9114 9115
3 9013 9115 9014
3 9014 9115 9116
3 9014 9116 9015
3 9015 9116 9117
3 9015 9117 9016
3 9016 9117 9118
3 9016 9118 9017
3 9017 9118 9119
3 9017 9119 9018
3 9018 9119 9120
3 9018 9120 9019
3 9019 9120 9121
3 9019 9121 9020
3 9020 9121 9122
3 9020 9122 9021
3 9021 9122 9123
3 9021 9123 9022
3 9022 9123 9124
3 9022 9124 9023
3 9023 9124 9125
3 9023 9125 9024
3 9024 9125 9126
3 9024 9126 9025
3 9025 9126 9127
3 9025 9127 9026
3 9026 9127 9128
3 9026 9128 9027
3 9027 9128 9129
3 9027 9129 9028
3 9028 9129 9130
3 9028 9130 9029
3 9029 9130 9131
3 9029 9131 9030
3 9030 9131 9132
3 9030 9132 9031
3 9031 9132 9133
3 9031 9133 9032
3 9032 9133 9134
3 9032 9134 9033
3 9033 9134 9135
3 9033 9135 9034
3 9034 9135 9136
3 9034 9136 9035
3 9035 9136 9137
3 9035 9137 9036
3 9036 9137 9138
3 9036 9138 9037
3 9037 9138 9139
3 9037 9139 9038
3 9038 9139 9140
3 9038 9140 9039
3 9039 9140 9141
3 9039 9141 9040
3 9040 9141 9142
3 9040 9142 9041
3 9041 9142 9143
3 9041 9143 9042
3 9042 9143 9144
3 9042 9144 9043
3 9043 9144 9145
3 9043 9145 9044
3 9044 9145 9146
3 9044 9146 9045
3 9045 9146 9147
3 9045 9147 9046
3 9046 9147 9148
3 9046 9148 9047
3 9047 9148 9149
3 9047 9149 9048
3 9048 9149 9150
3 9048 9150 9049
3 9049 9150 9151
3 9049 9151 9050
3 9050 9151 9152
3 9050 9152 9051
3 9051 9152 9153
3 9051 9153 9052
3 9052 9153 9154
3 9052 9154 9053
3 9053 9154 9155
3 9053 9155 9054
3 9054 9155 9156
3 9054 9156 9055
3 9055 9156 9157
3 9055 9157 9056
3 9056 9157 9158
3 9056 9158 9057
3 9057 9158 9159
3 9057 9159 9058
3 9058 9159 9160
3 9058 9160 9059
3 9059 9160 9161
3 9059 9161 9060
3 9060 9161 9162
3 9060 9162 9061
3 9061 9162 9163
3 9061 9163 9062
3 9062 9163 9164
3 9062 9164 9063
3 9063 9164 9165
3 9063 9165 9064
3 9064 9165 9166
3 9064 9166 9065
3 9065 9166 9167
3 9065 9167 9066
3 9066 9167 9168
3 9066 9168 9067
3 9067 9168 9169
3 9067 9169 9068
3 9068 9169 9170
3 9068 9170 9069
3 9069 9170 9171
3 9069 9171 9070
3 9070 9171 9172
3 9070 9172 9071
3 9071 9172 9173
3 9071 9173 9072
3 9072 9173 9174
3 9072 9174 9073
3 9073 9174 9175
3 9073 9175 9074
3 9074 9175 9176
3 9074 9176 9075
3 9075 9176 9177
3 9075 9177 9076
3 9076 9177 9178
3 9076 9178 9077
3 9077 9178 9179
3 9077 9179 9078
3 9078 9179 9180
3 9078 9180 9079
3 9079 9180 9181
3 9079 9181 9080
3 9080 9181 9182
3 9080 9182 9081
3 9081 9182 9183
3 9081 9183 9082
3 9082 9183 9184
3 9082 9184 9083
3 9083 9184 9185
3 9083 9185 9084
3 9084 9185 9186
3 9084 9186 9085
3 9085 9186 9187
3 9085 9187 9086
3 9086 9187 9188
3 9086 9188 9087
3 9087 9188 9189
3 9087 9189 9088
3 9088 9189 9190
3 9088 9190 9089
3 9090 9191 9192
3 9090 9192 9091
3 9091 9192 9193
3 9091 9193 9092
3 9092 9193 9194
3 9092 9194 9093
3 9093 9194 9195
3 9093 9195 9094
3 9094 9195 9196
3 9094 9196 9095
3 9095 9196 9197
3 9095 9197 9096
3 9096 9197 9198
3 9096 9198 9097
3 9097 9198 9199
3 9097 9199 9098
3 9098 9199 9200
3 9098 9200 9099
3 9099 9200 9201
3 9099 9201 9100
3 9100 9201 9202
3 9100 9202 9101
3 9101 9202 9203
3 9101 9203 9102
3 9102 9203 9204
3 9102 9204 9103
3 9103 9204 9205
3 9103 9205 9104
3 9104 9205 9206
3 9104 9206 9105
3 9105 9206 9207
3 9105 9207 9106
3 9106 9207 9208
3 9106 9208 9107
3 9107 9208 9209
3 9107 9209 9108
3 9108 9209 9210
3 9108 9210 9109
3 9109 9210 9211
3 9109 9211 9110
3 9110 9211 9212
3 9110 9212 9111
3 9111 9212 9213
3 9111 9213 9112
3 9112 9213 9214
3 9112 9214 9113
3 9113 9214 9215
3 9113 9215 9114
3 9114 9215 9216
3 9114 9216 9115
3 9115 9216 9217
3 9115 9217 9116
3 9116 9217 9218
3 9116 9218 9117
3 9117 9218 9219
3 9117 9219 9118
3 9118 9219 9220
3 9118 9220 9119
3 9119 9220 9221
3 9119 9221 9120
3 9120 9221 9222
3 9120 9222 9121
3 9121 9222 9223
3 9121 9223 9122
3 9122 9223 9224
3 9122 9224 9123
3 9123 9224 9225
3 9123 9225 9124
3 9124 9225 9226
3 9124 9226 9125
3 9125 9226 9227
3 9125 9227 9126
3 9126 9227 9228
3 9126 9228 9127
3 9127 9228 9229
3 9127 9229 9128
3 9128 9229 9230
3 9128 9230 9129
3 9129 9230 9231
3 9129 9231 9130
3 9130 9231 9232
3 9130 9232 9131
3 9131 9232 9233
3 9131 9233 9132
3 9132 9233 9234
3 9132 9234 9133
3 9133 9234 9235
3 9133 9235 9134
3 9134 9235 9236
3 9134 9236 9135
3 9135 9236 9237
3 9135 9237 9136
3 9136 9237 9238
3 9136 9238 9137
3 9137 9238 9239
3 9137 9239 9138
3 9138 9239 9240
3 9138 9240 9139
3 9139 9240 9241
3 9139 9241 9140
3 9140 9241 9242
3 9140 9242 9141
3 9141 9242 9243
3 9141 9243 9142
3 9142 9243 9244
3 9142 9244 9143
3 9143 9244 9245
3 9143 9245 9144
3 9144 9245 9246
3 9144 9246 9145
3 9145 9246 9247
3 9145 9247 9146
3 9146 9247 9248
3 9146 9248 9147
3 9147 9248 9249
3 9147 9249 9148
3 9148 9249 9250
3 9148 9250 9149
3 9149 9250 9251
3 9149 9251 9150
3 9150 9251 9252
3 9150 9252 9151
3 9151 9252 9253
3 9151 9253 9152
3 9152 9253 9254
3 9152 9254 9153
3 9153 9254 9255
3 9153 9255 9154
3 9154 9255 9256
3 9154 9256 9155
3 9155 9256 9257
3 9155 9257 9156
3 9156 9257 9258
3 9156 9258 9157
3 9157 9258 9259
3 9157 9259 9158
3 9158 9259 9260
3 9158 9260 9159
3 9159 9260 9261
3 9159 9261 9160
3 9160 9261 9262
3 9160 9262 9161
3 9161 9262 9263
3 9161 9263 9162
3 9162 9263 9264
3 9162 9264 9163
3 9163 9264 9265
3 9163 9265 9164
3 9164 9265 9266
3 9164 9266 9165
3 9165 9266 9267
3 9165 9267 9166
3 9166 9267 9268
3 9166 9268 9167
3 9167 9268 9269
3 9167 9269 9168
3 9168 9269 9270
3 9168 9270 9169
3 9169 9270 9271
3 9169 9271 9170
3 9170 9271 9272
3 9170 9272 9171
3 9171 9272 9273
3 9171 9273 9172
3 9172 9273 9274
3 9172 9274 9173
3 9173 9274 9275
3 9173 9275 9174
3 9174 9275 9276
3 9174 9276 9175
3 9175 9276 9277
3 9175 9277 9176
3 9176 9277 9278
3 9176 9278 9177
3 9177 9278 9279
3 9177 9279 9178
3 9178 9279 9280
3 9178 9280 9179
3 9179 9280 9281
3 9179 9281 9180
3 9180 9281 9282
3 9180 9282 9181
3 9181 9282 9283
3 9181 9283 9182
3 9182 9283 9284
3 9182 9284 9183
3 9183 9284 9285
3 9183 9285 9184
3 9184 9285 9286
3 9184 9286 9185
3 9185 9286 9287
3 9185 9287 9186
3 9186 9287 9288
3 9186 9288 9187
3 9187 9288 9289
3 9187 9289 9188
3 9188 9289 9290
3 9188 9290 9189
3 9189 9290 9291
3 9189 9291 9190
3 9191 9292 9293
3 9191 9293 9192
3 9192 9293 9294
3 9192 9294 9193
3 9193 9294 9295
3 9193 9295 9194
3 9194 9295 9296
3 9194 9296 9195
3 9195 9296 9297
3 9195 9297 9196
3 9196 9297 9298
3 9196 9298 9197
3 9197 9298 9299
3 9197 9299 9198
3 9198 9299 9300
3 9198 9300 9199
3 9199 9300 9301
3 9199 9301 9200
3 9200 9301 9302
3 9200 9302 9201
3 9201 9302 9303
3 9201 9303 9202
3 9202 9303 9304
3 9202 9304 9203
3 9203 9304 9305
3 9203 9305 9204
3 9204 9305 9306
3 9204 9306 9205
3 9205 9306 9307
3 9205 9307 9206
3 9206 9307 9308
3 9206 9308 9207
3 9207 9308 9309
3 9207 9309 9208
3 9208 9309 9310
3 9208 9310 9209
3 9209 9310 9311
3 9209 9311 9210
3 9210 9311 9312
3 9210 9312 9211
3 9211 9312 9313
3 9211 9313 9212
3 9212 9313 9314
3 9212 9314 9213
3 9213 9314 9315
3 9213 9315 9214
3 9214 9315 9316
3 9214 9316 9215
3 9215 9316 9317
3 9215 9317 9216
3 9216 9317 9318
3 9216 9318 9217
3 9217 9318 9319
3 9217 9319 9218
3 9218 9319 9320
3 9218 9320 9219
3 9219 9320 9321
3 9219 9321 9220
3 9220 9321 9322
3 9220 9322 9221
3 9221 9322 9323
3 9221 9323 9222
3 9222 9323 9324
3 9222 9324 9223
3 9223 9324 9325
3 9223 9325 9224
3 9224 9325 9326
3 9224 9326 9225
3 9225 9326 9327
3 9225 9327 9226
3 9226 9327 9328
3 9226 9328 9227
3 9227 9328 9329
3 9227 9329 9228
3 9228 9329 9330
3 9228 9330 9229
3 9229 9330 9331
3 9229 9331 9230
3 9230 9331 9332
3 9230 9332 9231
3 9231 9332 9333
3 9231 9333 9232
3 9232 9333 9334
3 9232 9334 9233
3 9233 9334 9335
3 9233 9335 9234
3 9234 9335 9336
3 9234 9336 9235
3 9235 9336 9337
3 9235 9337 9236
3 9236 9337 9338
3 9236 9338 9237
3 9237 9338 9339
3 9237 9339 9238
3 9238 9339 9340
3 9238 9340 9239
3 9239 9340 9341
3 9239 9341 9240
3 9240 9341 9342
3 9240 9342 9241
3 9241 9342 9343
3 9241 9343 9242
3 9242 9343 9344
3 9242 9344 9243
3 9243 9344 9345
3 9243 9345 9244
3 9244 9345 9346
3 9244 9346 9245
3 9245 9346 9347
3 9245 9347 9246
3 9246 9347 9348
3 9246 9348 9247
3 9247 9348 9349
3 9247 9349 9248
3 9248 9349 9350
3 9248 9350 9249
3 9249 9350 9351
3 9249 9351 9250
3 9250 9351 9352
3 9250 9352 9251
3 9251 9352 9353
3 9251 9353 9252
3 9252 9353 9354
3 9252 9354 9253
3 9253 9354 9355
3 9253 9355 9254
3 9254 9355 9356
3 9254 9356 9255
3 9255 9356 9357
3 9255 9357 9256
3 9256 9357 9358
3 9256 9358 9257
3 9257 9358 9359
3 9257 9359 9258
3 9258 9359 9360
3 9258 9360 9259
3 9259 9360 9361
3 9259 9361 9260
3 9260 9361 9362
3 9260 9362 9261
3 9261 9362 9363
3 9261 9363 9262
3 9262 9363 9364
3 9262 9364 9263
3 9263 9364 9365
3 9263 9365 9264
3 9264 9365 9366
3 9264 9366 9265
3 9265 9366 9367
3 9265 9367 9266
3 9266 9367 9368
3 9266 9368 9267
3 9267 9368 9369
3 9267 9369 9268
3 9268 9369 9370
3 9268 9370 9269
3 9269 9370 9371
3 9269 9371 9270
3 9270 9371 9372
3 9270 9372 9271
3 9271 9372 9373
3 9271 9373 9272
3 9272 9373 9374
3 9272 9374 9273
3 9273 9374 9375
3 9273 9375 9274
3 9274 9375 9376
3 9274 9376 9275
3 9275 9376 9377
3 9275 9377 9276
3 9276 9377 9378
3 9276 9378 9277
3 9277 9378 9379
3 9277 9379 9278
3 9278 9379 9380
3 9278 9380 9279
3 9279 9380 9381
3 9279 9381 9280
3 9280 9381 9382
3 9280 9382 9281
3 9281 9382 9383
3 9281 9383 9282
3 9282 9383 9384
3 9282 9384 9283
3 9283 9384 9385
3 9283 9385 9284
3 9284 9385 9386
3 9284 9386 9285
3 9285 9386 9387
3 9285 9387 9286
3 9286 9387 9388
3 9286 9388 9287
3 9287 9388 9389
3 9287 9389 9288
3 9288 9389 9390
3 9288 9390 9289
3 9289 9390 9391
3 9289 9391 9290
3 9290 9391 9392
3 9290 9392 9291
3 9292 9393 9394
3 9292 9394 9293
3 9293 9394 9395
3 9293 9395 9294
3 9294 9395 9396
3 9294 9396 9295
3 9295 9396 9397
3 9295 9397 9296
3 9296 9397 9398
3 9296 9398 9297
3 9297 9398 9399
3 9297 9399 9298
3 9298 9399 9400
3 9298 9400 9299
3 9299 9400 9401
3 9299 9401 9300
3 9300 9401 9402
3 9300 9402 9301
3 9301 9402 9403
3 9301 9403 9302
3 9302 9403 9404
3 9302 9404 9303
3 9303 9404 9405
3 9303 9405 9304
3 9304 9405 9406
3 9304 9406 9305
3 9305 9406 9407
3 9305 9407 9306
3 9306 9407 9408
3 9306 9408 9307
3 9307 9408 9409
3 9307 9409 9308
3 9308 9409 9410
3 9308 9410 9309
3 9309 9410 9411
3 9309 9411 9310
3 9310 9411 9412
3 9310 9412 9311
3 9311 9412 9413
3 9311 9413 9312
3 9312 9413 9414
3 9312 9414 9313
3 9313 9414 9415
3 9313 9415 9314
3 9314 9415 9416
3 9314 9416 9315
3 9315 9416 9417
3 9315 9417 9316
3 9316 9417 9418
3 9316 9418 9317
3 9317 9418 9419
3 9317 9419 9318
3 9318 9419 9420
3 9318 9420 9319
3 9319 9420 9421
3 9319 9421 9320
3 9320 9421 9422
3 9320 9422 9321
3 9321 9422 9423
3 9321 9423 9322
3 9322 9423 9424
3 9322 9424 9323
3 9323 9424 9425
3 9323 9425 9324
3 9324 9425 9426
3 9324 9426 9325
3 9325 9426 9427
3 9325 9427 9326
3 9326 9427 9428
3 9326 9428 9327
3 9327 9428 9429
3 9327 9429 9328
3 9328 9429 9430
3 9328 9430 9329
3 9329 9430 9431
3 9329 9431 9330
3 9330 9431 9432
3 9330 9432 9331
3 9331 9432 9433
3 9331 9433 9332
3 9332 9433 9434
3 9332 9434 9333
3 9333 9434 9435
3 9333 9435 9334
3 9334 9435 9436
3 9334 9436 9335
3 9335 9436 9437
3 9335 9437 9336
3 9336 9437 9438
3 9336 9438 9337
3 9337 9438 9439
3 9337 9439 9338
3 9338 9439 9440
3 9338 9440 9339
3 9339 9440 9441
3 9339 9441 9340
3 9340 9441 9442
3 9340 9442 9341
3 9341 9442 9443
3 9341 9443 9342
3 9342 9443 9444
3 9342 9444 9343
3 9343 9444 9445
3 9343 9445 9344
3 9344 9445 9446
3 9344 9446 9345
3 9345 9446 9447
3 9345 9447 9346
3 9346 9447 9448
3 9346 9448 9347
3 9347 9448 9449
3 9347 9449 9348
3 9348 9449 9450
3 9348 9450 9349
3 9349 9450 9451
3 9349 9451 9350
3 9350 9451 9452
3 9350 9452 9351
3 9351 9452 9453
3 9351 9453 9352
3 9352 9453 9454
3 9352 9454 9353
3 9353 9454 9455
3 9353 9455 9354
3 9354 9455 9456
3 9354 9456 9355
3 9355 9456 9457
3 9355 9457 9356
3 9356 9457 9458
3 9356 9458 9357
3 9357 9458 9459
3 9357 9459 9358
3 9358 9459 9460
3 9358 9460 9359
3 9359 9460 9461
3 9359 9461 9360
3 9360 9461 9462
3 9360 9462 9361
3 9361 9462 9463
3 9361 9463 9362
3 9362 9463 9464
3 9362 9464 9363
3 9363 9464 9465
3 9363 9465 9364
3 9364 9465 9466
3 9364 9466 9365
3 9365 9466 9467
3 9365 9467 9366
3 9366 9467 9468
3 9366 9468 9367
3 9367 9468 9469
3 9367 9469 9368
3 9368 9469 9470
3 9368 9470 9369
3 9369 9470 9471
3 9369 9471 9370
3 9370 9471 9472
3 9370 9472 9371
3 9371 9472 9473
3 9371 9473 9372
3 9372 9473 9474
3 9372 9474 9373
3 9373 9474 9475
3 9373 9475 9374
3 9374 9475 9476
3 9374 9476 9375
3 9375 9476 9477
3 9375 9477 9376
3 9376 9477 9478
3 9376 9478 9377
3 9377 9478 9479
3 9377 9479 9378
3 9378 9479 9480
3 9378 9480 9379
3 9379 9480 9481
3 9379 9481 9380
3 9380 9481 9482
3 9380 9482 9381
3 9381 9482 9483
3 9381 9483 9382
3 9382 9483 9484
3 9382 9484 9383
3 9383 9484 9485
3 9383 9485 9384
3 9384 9485 9486
3 9384 9486 9385
3 9385 9486 9487
3 9385 9487 9386
3 9386 9487 9488
3 9386 9488 9387
3 9387 9488 9489
3 9387 9489 9388
3 9388 9489 9490
3 9388 9490 9389
3 9389 9490 9491
3 9389 9491 9390
3 9390 9491 9492
3 9390 9492 9391
3 9391 9492 9493
3 9391 9493 9392
