final_plot_group,direction_group,video_stem,sea_state,coord,variance,valid_fraction
offshore,offshore,walton_lighthouse-2025-12-30_223847Z,4.561508,253.0,2.642261002583854,0.9996431120628123
offshore,offshore,walton_lighthouse-2025-12-30_223847Z,4.561508,257.0,2.622331542342915,0.9996431120628123
offshore,offshore,walton_lighthouse-2025-12-30_223847Z,4.561508,260.0,2.5989518391664648,0.9996431120628123
offshore,offshore,walton_lighthouse-2025-12-30_223847Z,4.561508,263.0,2.5761946158288533,0.9996431120628123
offshore,offshore,walton_lighthouse-2025-12-30_223847Z,4.561508,267.0,2.559275629569717,0.9996431120628123
offshore,offshore,walton_lighthouse-2025-12-30_223847Z,4.561508,270.0,2.5493923639532885,0.9996431120628123
offshore,offshore,walton_lighthouse-2025-12-30_223847Z,4.561508,274.0,2.542390236753928,0.9996431120628123
offshore,offshore,walton_lighthouse-2025-12-30_223847Z,4.561508,277.0,2.5337069775597265,0.9996431120628123
offshore,offshore,walton_lighthouse-2025-12-30_223847Z,4.561508,281.0,2.5217452906422784,0.9996431120628123
offshore,offshore,walton_lighthouse-2025-12-30_223847Z,4.561508,284.0,2.507393212988262,0.9996431120628123
offshore,offshore,walton_lighthouse-2025-12-30_223847Z,4.561508,287.0,2.491646787372955,0.9996431120628123
offshore,offshore,walton_lighthouse-2025-12-30_223847Z,4.561508,291.0,2.4756678838139434,0.9996431120628123
offshore,offshore,walton_lighthouse-2025-12-30_223847Z,4.561508,294.0,2.460221793433943,0.9996431120628123
offshore,offshore,walton_lighthouse-2025-12-30_223847Z,4.561508,298.0,2.4454216783847937,0.9996431120628123
offshore,offshore,walton_lighthouse-2025-12-30_223847Z,4.561508,301.0,2.4316579435241295,0.9996431120628123
offshore,offshore,walton_lighthouse-2025-12-30_223847Z,4.561508,305.0,2.420073880888346,0.9996431120628123
offshore,offshore,walton_lighthouse-2025-12-30_223847Z,4.561508,308.0,2.4120805995494585,0.9996431120628123
offshore,offshore,walton_lighthouse-2025-12-30_223847Z,4.561508,311.0,2.4083973403839916,0.9996431120628123
offshore,offshore,walton_lighthouse-2025-12-30_223847Z,4.561508,315.0,2.4089704822484617,0.9996431120628123
offshore,offshore,walton_lighthouse-2025-12-30_223847Z,4.561508,318.0,2.4135407037317766,0.9996431120628123
offshore,offshore,walton_lighthouse-2025-12-30_223847Z,4.561508,322.0,2.4220577588585246,0.9996431120628123
offshore,offshore,walton_lighthouse-2025-12-30_223847Z,4.561508,325.0,2.4347921969342012,0.9996431120628123
offshore,offshore,walton_lighthouse-2025-12-30_223847Z,4.561508,329.0,2.452218637984339,0.9996431120628123
offshore,offshore,walton_lighthouse-2025-12-30_223847Z,4.561508,332.0,2.4747419016754986,0.9996431120628123
offshore,offshore,walton_lighthouse-2025-12-30_223847Z,4.561508,335.0,2.5026178318408907,0.9996431120628123
offshore,offshore,walton_lighthouse-2025-12-30_223847Z,4.561508,339.0,2.536021672310482,0.9996431120628123
offshore,offshore,walton_lighthouse-2025-12-30_223847Z,4.561508,342.0,2.575120997213099,0.9996431120628123
offshore,offshore,walton_lighthouse-2025-12-30_223847Z,4.561508,346.0,2.620262658382132,0.9996431120628123
offshore,offshore,walton_lighthouse-2025-12-30_223847Z,4.561508,349.0,2.672058234042491,0.9996431120628123
offshore,offshore,walton_lighthouse-2025-12-30_223847Z,4.561508,352.0,2.7310958253200157,0.9996431120628123
offshore,offshore,walton_lighthouse-2025-12-30_223847Z,4.561508,356.0,2.797680920145819,0.9996431120628123
offshore,offshore,walton_lighthouse-2025-12-30_223847Z,4.561508,359.0,2.871972165314306,0.9996431120628123
offshore,offshore,walton_lighthouse-2025-12-30_223847Z,4.561508,363.0,2.9542272344585836,0.9996431120628123
offshore,offshore,walton_lighthouse-2025-12-30_223847Z,4.561508,366.0,3.0452244945962303,0.9996431120628123
offshore,offshore,walton_lighthouse-2025-12-30_223847Z,4.561508,370.0,3.146524940673742,0.9996431120628123
offshore,offshore,walton_lighthouse-2025-12-30_223847Z,4.561508,373.0,3.2600004138292245,0.9996431120628123
offshore,offshore,walton_lighthouse-2025-12-30_223847Z,4.561508,376.0,3.3873838772673857,0.9996431120628123
offshore,offshore,walton_lighthouse-2025-12-30_223847Z,4.561508,380.0,3.5303975154326794,0.9996431120628123
offshore,offshore,walton_lighthouse-2025-12-30_223847Z,4.561508,383.0,3.691152919118591,0.9996431120628123
offshore,offshore,walton_lighthouse-2025-12-30_223847Z,4.561508,387.0,3.87216655186489,0.9996431120628123
offshore,offshore,walton_lighthouse-2025-12-30_223847Z,4.561508,390.0,4.07598137499191,0.9996431120628123
offshore,offshore,walton_lighthouse-2025-12-30_223847Z,4.561508,394.0,4.3047900428326376,0.9996431120628123
offshore,offshore,walton_lighthouse-2025-12-30_223847Z,4.561508,397.0,4.560126326404827,0.9996431120628123
offshore,offshore,walton_lighthouse-2025-12-30_223847Z,4.561508,400.0,4.842358693328206,0.9996431120628123
offshore,offshore,walton_lighthouse-2025-12-30_223847Z,4.561508,404.0,5.1501132786248505,0.9996431120628123
offshore,offshore,walton_lighthouse-2025-12-30_223847Z,4.561508,407.0,5.480530573341806,0.9996431120628123
offshore,offshore,walton_lighthouse-2025-12-30_223847Z,4.561508,411.0,5.8304936268594965,0.9996431120628123
offshore,offshore,walton_lighthouse-2025-12-30_223847Z,4.561508,414.0,6.197745272945777,0.9996431120628123
offshore,offshore,walton_lighthouse-2025-12-30_223847Z,4.561508,417.0,6.580202802535476,0.9996431120628123
offshore,offshore,walton_lighthouse-2025-12-30_223847Z,4.561508,421.0,6.974967011979014,0.9996431120628123
offshore,offshore,walton_lighthouse-2025-12-30_223847Z,4.561508,424.0,7.377606672081535,0.9996431120628123
offshore,offshore,walton_lighthouse-2025-12-30_223847Z,4.561508,428.0,7.78160510617178,0.9996431120628123
offshore,offshore,walton_lighthouse-2025-12-30_223847Z,4.561508,431.0,8.178810651151867,0.9996431120628123
offshore,offshore,walton_lighthouse-2025-12-30_223847Z,4.561508,435.0,8.562795378297062,0.9996431120628123
offshore,offshore,walton_lighthouse-2025-12-30_223847Z,4.561508,438.0,8.934441455555607,0.9996431120628123
offshore,offshore,walton_lighthouse-2025-12-30_223847Z,4.561508,441.0,9.30551318593065,0.9996431120628123
offshore,offshore,walton_lighthouse-2025-12-30_223847Z,4.561508,445.0,9.698210421843147,0.9996431120628123
offshore,offshore,walton_lighthouse-2025-12-30_223847Z,4.561508,448.0,10.138001581268966,0.9996431120628123
offshore,offshore,walton_lighthouse-2025-12-30_223847Z,4.561508,452.0,10.645577557809485,0.9996431120628123
offshore,offshore,walton_lighthouse-2025-12-30_223847Z,4.561508,455.0,11.23368599285052,0.9996431120628123
offshore,offshore,walton_lighthouse-2025-12-30_223847Z,4.561508,459.0,11.90871443536359,0.9996431120628123
offshore,offshore,walton_lighthouse-2025-12-30_223847Z,4.561508,462.0,12.673487123376153,0.9996431120628123
offshore,offshore,walton_lighthouse-2025-12-30_223847Z,4.561508,465.0,13.528446949712748,0.9996431120628123
offshore,offshore,walton_lighthouse-2025-12-30_223847Z,4.561508,469.0,14.473480445553307,0.9996431120628123
offshore,offshore,walton_lighthouse-2025-12-30_223847Z,4.561508,472.0,15.509927558866176,0.9996431120628123
offshore,offshore,walton_lighthouse-2025-12-30_223847Z,4.561508,476.0,16.6424282331142,0.9996431120628123
offshore,offshore,walton_lighthouse-2025-12-30_223847Z,4.561508,479.0,17.878756062040235,0.9996431120628123
offshore,offshore,walton_lighthouse-2025-12-30_223847Z,4.561508,482.0,19.2308337078084,0.9996431120628123
offshore,offshore,walton_lighthouse-2025-12-30_223847Z,4.561508,486.0,20.71920525582929,0.9996431120628123
offshore,offshore,walton_lighthouse-2025-12-30_223847Z,4.561508,489.0,22.372968834710314,0.9996431120628123
offshore,offshore,walton_lighthouse-2025-12-30_223847Z,4.561508,493.0,24.22230801308729,0.9996431120628123
offshore,offshore,walton_lighthouse-2025-12-30_223847Z,4.561508,496.0,26.29270682241861,0.9996431120628123
offshore,offshore,walton_lighthouse-2025-12-30_223847Z,4.561508,500.0,28.609982250651598,0.9996431120628123
offshore,offshore,walton_lighthouse-2025-12-30_223847Z,4.561508,503.0,31.213200764486114,0.9996431120628123
offshore,offshore,walton_lighthouse-2025-12-30_223847Z,4.561508,506.0,34.16192179423303,0.9996431120628123
offshore,offshore,walton_lighthouse-2025-12-30_223847Z,4.561508,510.0,37.52294050237345,0.9996431120628123
offshore,offshore,walton_lighthouse-2025-12-30_223847Z,4.561508,513.0,41.3405028975331,0.9996431120628123
offshore,offshore,walton_lighthouse-2025-12-30_223847Z,4.561508,517.0,45.63066255811175,0.9996431120628123
offshore,offshore,walton_lighthouse-2025-12-30_223847Z,4.561508,520.0,50.41524930610216,0.9996431120628123
offshore,offshore,walton_lighthouse-2025-12-30_223847Z,4.561508,524.0,55.7486518716498,0.9996431120628123
offshore,offshore,walton_lighthouse-2025-12-30_223847Z,4.561508,527.0,61.684767891923045,0.9996431120628123
offshore,offshore,walton_lighthouse-2025-12-30_223847Z,4.561508,530.0,68.19910611767206,0.9996431120628123
offshore,offshore,walton_lighthouse-2025-12-30_223847Z,4.561508,534.0,75.14142012623722,0.9996431120628123
offshore,offshore,walton_lighthouse-2025-12-30_223847Z,4.561508,537.0,82.28294652166223,0.9996431120628123
offshore,offshore,walton_lighthouse-2025-12-30_223847Z,4.561508,541.0,89.4539757682739,0.9996431120628123
offshore,offshore,walton_lighthouse-2025-12-30_223847Z,4.561508,544.0,96.64081554589734,0.9996431120628123
offshore,offshore,walton_lighthouse-2025-12-30_223847Z,4.561508,548.0,103.95238116170175,0.9996431120628123
offshore,offshore,walton_lighthouse-2025-12-30_223847Z,4.561508,551.0,111.50411100806394,0.9996431120628123
offshore,offshore,walton_lighthouse-2025-12-30_223847Z,4.561508,554.0,119.32800317323243,0.9996431120628123
offshore,offshore,walton_lighthouse-2025-12-30_223847Z,4.561508,558.0,127.36976269130595,0.9996431120628123
offshore,offshore,walton_lighthouse-2025-12-30_223847Z,4.561508,561.0,135.58273077463267,0.9996431120628123
offshore,offshore,walton_lighthouse-2025-12-30_223847Z,4.561508,565.0,144.02392323434114,0.9996431120628123
offshore,offshore,walton_lighthouse-2025-12-30_223847Z,4.561508,568.0,152.7838611563747,0.9996431120628123
offshore,offshore,walton_lighthouse-2025-12-30_223847Z,4.561508,571.0,161.83698291355608,0.9996431120628123
offshore,offshore,walton_lighthouse-2025-12-30_223847Z,4.561508,575.0,170.96433350793748,0.9996431120628123
offshore,offshore,walton_lighthouse-2025-12-30_223847Z,4.561508,578.0,179.82683890686457,0.9996431120628123
offshore,offshore,walton_lighthouse-2025-12-30_223847Z,4.561508,582.0,188.17248591394463,0.9996431120628123
offshore,offshore,walton_lighthouse-2025-12-30_223847Z,4.561508,585.0,196.01707270482538,0.9996431120628123
offshore,offshore,walton_lighthouse-2025-12-30_223847Z,4.561508,589.0,203.5846542957612,0.9996431120628123
offshore,offshore,walton_lighthouse-2025-12-30_223847Z,4.561508,592.0,211.07141403023795,0.9996431120628123
offshore,offshore,walton_lighthouse-2025-12-30_223847Z,4.561508,595.0,218.52962555497524,0.9996431120628123
offshore,offshore,walton_lighthouse-2025-12-30_223847Z,4.561508,599.0,225.91686387205837,0.9996431120628123
offshore,offshore,walton_lighthouse-2025-12-30_223847Z,4.561508,602.0,233.2305564903288,0.9996431120628123
offshore,offshore,walton_lighthouse-2025-12-30_223847Z,4.561508,606.0,240.5289851226051,0.9996431120628123
offshore,offshore,walton_lighthouse-2025-12-30_223847Z,4.561508,609.0,247.81325457557497,0.9996431120628123
offshore,offshore,walton_lighthouse-2025-12-30_223847Z,4.561508,613.0,254.91531165319742,0.9996431120628123
offshore,offshore,walton_lighthouse-2025-12-30_223847Z,4.561508,616.0,261.5574940360077,0.9996431120628123
offshore,offshore,walton_lighthouse-2025-12-30_223847Z,4.561508,619.0,267.60171372996655,0.9996431120628123
offshore,offshore,walton_lighthouse-2025-12-30_223847Z,4.561508,623.0,273.2871295743065,0.9996431120628123
offshore,offshore,walton_lighthouse-2025-12-30_223847Z,4.561508,626.0,279.15006914407144,0.9996431120628123
offshore,offshore,walton_lighthouse-2025-12-30_223847Z,4.561508,630.0,285.65421010316265,0.9996431120628123
offshore,offshore,walton_lighthouse-2025-12-30_223847Z,4.561508,633.0,292.9948500898154,0.9996431120628123
offshore,offshore,walton_lighthouse-2025-12-30_223847Z,4.561508,636.0,301.1413980622858,0.9996431120628123
offshore,offshore,walton_lighthouse-2025-12-30_223847Z,4.561508,640.0,310.0185069579635,0.9996431120628123
offshore,offshore,walton_lighthouse-2025-12-30_223847Z,4.561508,643.0,319.70064705776616,0.9996431120628123
offshore,offshore,walton_lighthouse-2025-12-30_223847Z,4.561508,647.0,330.4569035312174,0.9996431120628123
offshore,offshore,walton_lighthouse-2025-12-30_223847Z,4.561508,650.0,342.54269914904944,0.9996431120628123
offshore,offshore,walton_lighthouse-2025-12-30_223847Z,4.561508,654.0,355.9977868001703,0.9996431120628123
offshore,offshore,walton_lighthouse-2025-12-30_223847Z,4.561508,657.0,370.67342567920184,0.9996431120628123
offshore,offshore,walton_lighthouse-2025-12-30_223847Z,4.561508,660.0,386.4424118529016,0.9996431120628123
offshore,offshore,walton_lighthouse-2025-12-30_223847Z,4.561508,664.0,403.50421562550196,0.9996431120628123
offshore,offshore,walton_lighthouse-2025-12-30_223847Z,4.561508,667.0,422.3852025540026,0.9996431120628123
offshore,offshore,walton_lighthouse-2025-12-30_223847Z,4.561508,671.0,443.6072065621136,0.9996431120628123
offshore,offshore,walton_lighthouse-2025-12-30_223847Z,4.561508,674.0,467.409657600678,0.9996431120628123
offshore,offshore,walton_lighthouse-2025-12-30_223847Z,4.561508,678.0,493.76978128844235,0.9996431120628123
offshore,offshore,walton_lighthouse-2025-12-30_223847Z,4.561508,681.0,522.6576847383076,0.9996431120628123
offshore,offshore,walton_lighthouse-2025-12-30_223847Z,4.561508,684.0,554.1395732830375,0.9996431120628123
offshore,offshore,walton_lighthouse-2025-12-30_223847Z,4.561508,688.0,588.118888365792,0.9996431120628123
offshore,offshore,walton_lighthouse-2025-12-30_223847Z,4.561508,691.0,624.1509185911108,0.9996431120628123
offshore,offshore,walton_lighthouse-2025-12-30_223847Z,4.561508,695.0,661.6528424939919,0.9996431120628123
offshore,offshore,walton_lighthouse-2025-12-30_223847Z,4.561508,698.0,700.1680813776263,0.9996431120628123
offshore,offshore,walton_lighthouse-2025-12-30_223847Z,4.561508,701.0,739.4196286076927,0.9996431120628123
offshore,offshore,walton_lighthouse-2025-12-30_223847Z,4.561508,705.0,779.4071421467592,0.9996431120628123
offshore,offshore,walton_lighthouse-2025-12-30_223847Z,4.561508,708.0,820.3969993216349,0.9996431120628123
offshore,offshore,walton_lighthouse-2025-12-30_223847Z,4.561508,712.0,862.3409725630023,0.9996431120628123
offshore,offshore,walton_lighthouse-2025-12-30_223847Z,4.561508,715.0,904.335914254126,0.9996431120628123
offshore,offshore,walton_lighthouse-2025-12-30_223847Z,4.561508,719.0,944.9555320325056,0.9996431120628123
offshore,offshore,walton_lighthouse-2025-12-30_223847Z,4.561508,722.0,983.324821966943,0.9996431120628123
offshore,offshore,walton_lighthouse-2025-12-30_223847Z,4.561508,725.0,1020.283107733949,0.9996431120628123
offshore,offshore,walton_lighthouse-2025-12-30_223847Z,4.561508,729.0,1057.8453329141512,0.9996431120628123
offshore,offshore,walton_lighthouse-2025-12-30_223847Z,4.561508,732.0,1097.43308811816,0.9996431120628123
offshore,offshore,walton_lighthouse-2025-12-30_223847Z,4.561508,736.0,1140.2516718863997,0.9996431120628123
offshore,offshore,walton_lighthouse-2025-12-30_223847Z,4.561508,739.0,1188.1843039828645,0.9996431120628123
offshore,offshore,walton_lighthouse-2025-12-30_223847Z,4.561508,743.0,1243.6504922178435,0.9996431120628123
offshore,offshore,walton_lighthouse-2025-12-30_223847Z,4.561508,746.0,1308.4086973736491,0.9996431120628123
offshore,offshore,walton_lighthouse-2025-12-30_223847Z,4.561508,749.0,1381.185645663473,0.9996431120628123
offshore,offshore,walton_lighthouse-2025-12-30_223847Z,4.561508,753.0,1458.3127729821117,0.9996431120628123
offshore,offshore,walton_lighthouse-2025-12-30_223847Z,4.561508,756.0,1538.0859075148903,0.9996431120628123
offshore,offshore,walton_lighthouse-2025-12-30_223847Z,4.561508,760.0,1623.388749312675,0.9996431120628123
offshore,offshore,walton_lighthouse-2025-12-30_223847Z,4.561508,763.0,1719.1575535751074,0.9996431120628123
offshore,offshore,walton_lighthouse-2025-12-30_223847Z,4.561508,767.0,1830.3122353826107,0.9996431120628123
offshore,offshore,walton_lighthouse-2025-12-30_223847Z,4.561508,770.0,1962.7789696404982,0.9996431120628123
offshore,offshore,walton_lighthouse-2025-12-30_223847Z,4.561508,773.0,2120.060978219323,0.9996431120628123
offshore,offshore,walton_lighthouse-2025-12-30_223847Z,4.561508,777.0,2297.030494941832,0.9996431120628123
offshore,offshore,walton_lighthouse-2025-12-30_223847Z,4.561508,780.0,2477.9503213192615,0.9996431120628123
offshore,offshore,walton_lighthouse-2025-12-30_223847Z,4.561508,784.0,2645.115316507134,0.9996431120628123
offshore,offshore,walton_lighthouse-2025-12-30_223847Z,4.561508,787.0,2792.652501986102,0.9996431120628123
offshore,offshore,walton_lighthouse-2025-12-30_223847Z,4.561508,790.0,2922.100968978049,0.9992862241256245
offshore,offshore,walton_lighthouse-2025-12-30_223847Z,4.561508,794.0,3047.3708740118705,0.9992862241256245
offshore,offshore,walton_lighthouse-2025-12-30_223847Z,4.561508,797.0,3159.959862495698,0.9992862241256245
offshore,offshore,walton_lighthouse-2025-12-30_223847Z,4.561508,801.0,3251.846675508303,0.9992862241256245
offshore,offshore,walton_lighthouse-2025-12-30_223847Z,4.561508,804.0,3325.8089052811756,0.9992862241256245
offshore,offshore,walton_lighthouse-2025-12-30_223847Z,4.561508,808.0,3389.929327571849,0.9989293361884368
offshore,offshore,walton_lighthouse-2025-12-30_223847Z,4.561508,811.0,3463.24184970896,0.9989293361884368
offshore,offshore,walton_lighthouse-2025-12-30_223847Z,4.561508,814.0,3538.5247899829737,0.9985724482512491
offshore,offshore,walton_lighthouse-2025-12-30_223847Z,4.561508,818.0,3615.370906342569,0.9985724482512491
offshore,offshore,walton_lighthouse-2025-12-30_223847Z,4.561508,821.0,3711.5570548986902,0.9985724482512491
offshore,offshore,walton_lighthouse-2025-12-30_223847Z,4.561508,825.0,3821.8267243248692,0.9985724482512491
offshore,offshore,walton_lighthouse-2025-12-30_223847Z,4.561508,828.0,3945.9218405308766,0.9985724482512491
offshore,offshore,walton_lighthouse-2025-12-30_223847Z,4.561508,832.0,4049.6004740586,0.9978586723768736
offshore,offshore,walton_lighthouse-2025-12-30_223847Z,4.561508,835.0,4153.540541929365,0.997501784439686
offshore,offshore,walton_lighthouse-2025-12-30_223847Z,4.561508,838.0,4268.093393703829,0.997501784439686
offshore,offshore,walton_lighthouse-2025-12-30_223847Z,4.561508,842.0,4368.6423453431,0.997501784439686
offshore,offshore,walton_lighthouse-2025-12-30_223847Z,4.561508,845.0,4418.3140765737035,0.9967880085653105
offshore,offshore,walton_lighthouse-2025-12-30_223847Z,4.561508,849.0,4491.186654543659,0.9964311206281228
offshore,offshore,walton_lighthouse-2025-12-30_223847Z,4.561508,852.0,4521.487249613474,0.9953604568165596
offshore,offshore,walton_lighthouse-2025-12-30_223847Z,4.561508,855.0,4573.161410313981,0.9946466809421841
offshore,offshore,walton_lighthouse-2025-12-30_223847Z,4.561508,859.0,4642.463691724657,0.9942897930049964
offshore,offshore,walton_lighthouse-2025-12-30_223847Z,4.561508,862.0,4622.485986985311,0.9925053533190579
offshore,offshore,walton_lighthouse-2025-12-30_223847Z,4.561508,866.0,4550.226995605249,0.9903640256959315
offshore,offshore,walton_lighthouse-2025-12-30_223847Z,4.561508,869.0,4490.874191254167,0.9885795860099929
offshore,offshore,walton_lighthouse-2025-12-30_223847Z,4.561508,873.0,4318.1160206185,0.9846538187009279
offshore,offshore,walton_lighthouse-2025-12-30_223847Z,4.561508,876.0,4100.509509522775,0.9803711634546752
offshore,offshore,walton_lighthouse-2025-12-30_223847Z,4.561508,879.0,3874.4418609975887,0.9753747323340471
offshore,offshore,walton_lighthouse-2025-12-30_223847Z,4.561508,883.0,3623.989452318044,0.9685938615274804
offshore,offshore,walton_lighthouse-2025-12-30_223847Z,4.561508,886.0,3584.9030782107893,0.9596716630977873
offshore,offshore,walton_lighthouse-2025-03-30_185626Z,38.953824,253.0,728.0914627101469,0.9620637329286799
offshore,offshore,walton_lighthouse-2025-03-30_185626Z,38.953824,257.0,726.572573947285,0.9620637329286799
offshore,offshore,walton_lighthouse-2025-03-30_185626Z,38.953824,260.0,1169.0258516683848,0.9635811836115327
offshore,offshore,walton_lighthouse-2025-03-30_185626Z,38.953824,263.0,1165.0306052498167,0.9635811836115327
offshore,offshore,walton_lighthouse-2025-03-30_185626Z,38.953824,267.0,1160.3808636589101,0.9635811836115327
offshore,offshore,walton_lighthouse-2025-03-30_185626Z,38.953824,270.0,1155.4030864850502,0.9635811836115327
offshore,offshore,walton_lighthouse-2025-03-30_185626Z,38.953824,274.0,1150.3551735570672,0.9635811836115327
offshore,offshore,walton_lighthouse-2025-03-30_185626Z,38.953824,277.0,1145.6083359999895,0.9635811836115327
offshore,offshore,walton_lighthouse-2025-03-30_185626Z,38.953824,281.0,1141.2050587951685,0.9635811836115327
offshore,offshore,walton_lighthouse-2025-03-30_185626Z,38.953824,284.0,1136.9826888188068,0.9635811836115327
offshore,offshore,walton_lighthouse-2025-03-30_185626Z,38.953824,287.0,1132.7042020498418,0.9635811836115327
offshore,offshore,walton_lighthouse-2025-03-30_185626Z,38.953824,291.0,1128.2599683023377,0.9635811836115327
offshore,offshore,walton_lighthouse-2025-03-30_185626Z,38.953824,294.0,1123.6675281779235,0.9635811836115327
offshore,offshore,walton_lighthouse-2025-03-30_185626Z,38.953824,298.0,1118.9675268828976,0.9635811836115327
offshore,offshore,walton_lighthouse-2025-03-30_185626Z,38.953824,301.0,1114.1686617725318,0.9635811836115327
offshore,offshore,walton_lighthouse-2025-03-30_185626Z,38.953824,305.0,1109.237657336036,0.9635811836115327
offshore,offshore,walton_lighthouse-2025-03-30_185626Z,38.953824,308.0,1104.1551726989574,0.9635811836115327
offshore,offshore,walton_lighthouse-2025-03-30_185626Z,38.953824,311.0,1098.962230258348,0.9635811836115327
offshore,offshore,walton_lighthouse-2025-03-30_185626Z,38.953824,315.0,1093.7227356747596,0.9635811836115327
offshore,offshore,walton_lighthouse-2025-03-30_185626Z,38.953824,318.0,1088.471650412213,0.9635811836115327
offshore,offshore,walton_lighthouse-2025-03-30_185626Z,38.953824,322.0,1083.2110577015094,0.9635811836115327
offshore,offshore,walton_lighthouse-2025-03-30_185626Z,38.953824,325.0,1077.93537670794,0.9635811836115327
offshore,offshore,walton_lighthouse-2025-03-30_185626Z,38.953824,329.0,1072.6397359297998,0.9635811836115327
offshore,offshore,walton_lighthouse-2025-03-30_185626Z,38.953824,332.0,1067.3207521151237,0.9635811836115327
offshore,offshore,walton_lighthouse-2025-03-30_185626Z,38.953824,335.0,1061.9885115009533,0.9635811836115327
offshore,offshore,walton_lighthouse-2025-03-30_185626Z,38.953824,339.0,1056.7031387321472,0.9635811836115327
offshore,offshore,walton_lighthouse-2025-03-30_185626Z,38.953824,342.0,1051.5792663422753,0.9635811836115327
offshore,offshore,walton_lighthouse-2025-03-30_185626Z,38.953824,346.0,1046.733416519636,0.9635811836115327
offshore,offshore,walton_lighthouse-2025-03-30_185626Z,38.953824,349.0,1042.2322487482265,0.9635811836115327
offshore,offshore,walton_lighthouse-2025-03-30_185626Z,38.953824,352.0,1038.0745586113392,0.9635811836115327
offshore,offshore,walton_lighthouse-2025-03-30_185626Z,38.953824,356.0,1034.2180867715144,0.9635811836115327
offshore,offshore,walton_lighthouse-2025-03-30_185626Z,38.953824,359.0,1030.618936813067,0.9635811836115327
offshore,offshore,walton_lighthouse-2025-03-30_185626Z,38.953824,363.0,1027.2482370088449,0.9635811836115327
offshore,offshore,walton_lighthouse-2025-03-30_185626Z,38.953824,366.0,1024.071448146498,0.9635811836115327
offshore,offshore,walton_lighthouse-2025-03-30_185626Z,38.953824,370.0,1021.0181987795894,0.9635811836115327
offshore,offshore,walton_lighthouse-2025-03-30_185626Z,38.953824,373.0,1017.9770838228679,0.9635811836115327
offshore,offshore,walton_lighthouse-2025-03-30_185626Z,38.953824,376.0,1014.8236639898778,0.9635811836115327
offshore,offshore,walton_lighthouse-2025-03-30_185626Z,38.953824,380.0,1011.480557707537,0.9635811836115327
offshore,offshore,walton_lighthouse-2025-03-30_185626Z,38.953824,383.0,1007.9491680138834,0.9635811836115327
offshore,offshore,walton_lighthouse-2025-03-30_185626Z,38.953824,387.0,1004.2830773771642,0.9635811836115327
offshore,offshore,walton_lighthouse-2025-03-30_185626Z,38.953824,390.0,1376.527554216448,0.9650986342943855
offshore,offshore,walton_lighthouse-2025-03-30_185626Z,38.953824,394.0,1372.2100651424207,0.9650986342943855
offshore,offshore,walton_lighthouse-2025-03-30_185626Z,38.953824,397.0,1367.8125116476747,0.9650986342943855
offshore,offshore,walton_lighthouse-2025-03-30_185626Z,38.953824,400.0,1363.328140929432,0.9650986342943855
offshore,offshore,walton_lighthouse-2025-03-30_185626Z,38.953824,404.0,1358.7704041627535,0.9650986342943855
offshore,offshore,walton_lighthouse-2025-03-30_185626Z,38.953824,407.0,1354.1361304681311,0.9650986342943855
offshore,offshore,walton_lighthouse-2025-03-30_185626Z,38.953824,411.0,1349.3201222424468,0.9650986342943855
offshore,offshore,walton_lighthouse-2025-03-30_185626Z,38.953824,414.0,1344.2141587833642,0.9650986342943855
offshore,offshore,walton_lighthouse-2025-03-30_185626Z,38.953824,417.0,1338.703624819053,0.9650986342943855
offshore,offshore,walton_lighthouse-2025-03-30_185626Z,38.953824,421.0,1332.6724678304772,0.9650986342943855
offshore,offshore,walton_lighthouse-2025-03-30_185626Z,38.953824,424.0,1326.0521514495758,0.9650986342943855
offshore,offshore,walton_lighthouse-2025-03-30_185626Z,38.953824,428.0,1318.909441368705,0.9650986342943855
offshore,offshore,walton_lighthouse-2025-03-30_185626Z,38.953824,431.0,1311.4347472338193,0.9650986342943855
offshore,offshore,walton_lighthouse-2025-03-30_185626Z,38.953824,435.0,1303.8321256409863,0.9650986342943855
offshore,offshore,walton_lighthouse-2025-03-30_185626Z,38.953824,438.0,1296.2785057073409,0.9650986342943855
offshore,offshore,walton_lighthouse-2025-03-30_185626Z,38.953824,441.0,1288.892279724534,0.9650986342943855
offshore,offshore,walton_lighthouse-2025-03-30_185626Z,38.953824,445.0,1281.7018655209133,0.9650986342943855
offshore,offshore,walton_lighthouse-2025-03-30_185626Z,38.953824,448.0,1274.6922008091394,0.9650986342943855
offshore,offshore,walton_lighthouse-2025-03-30_185626Z,38.953824,452.0,1267.8405864265696,0.9650986342943855
offshore,offshore,walton_lighthouse-2025-03-30_185626Z,38.953824,455.0,1261.0942510862978,0.9650986342943855
offshore,offshore,walton_lighthouse-2025-03-30_185626Z,38.953824,459.0,1254.4029637493513,0.9650986342943855
offshore,offshore,walton_lighthouse-2025-03-30_185626Z,38.953824,462.0,1247.8062719035447,0.9650986342943855
offshore,offshore,walton_lighthouse-2025-03-30_185626Z,38.953824,465.0,1241.417400948678,0.9650986342943855
offshore,offshore,walton_lighthouse-2025-03-30_185626Z,38.953824,469.0,1235.29936088037,0.9650986342943855
offshore,offshore,walton_lighthouse-2025-03-30_185626Z,38.953824,472.0,1229.403387936486,0.9650986342943855
offshore,offshore,walton_lighthouse-2025-03-30_185626Z,38.953824,476.0,1223.7738504433205,0.9650986342943855
offshore,offshore,walton_lighthouse-2025-03-30_185626Z,38.953824,479.0,1218.826717681465,0.9650986342943855
offshore,offshore,walton_lighthouse-2025-03-30_185626Z,38.953824,482.0,1215.7348488850926,0.9650986342943855
offshore,offshore,walton_lighthouse-2025-03-30_185626Z,38.953824,486.0,1216.4043307255995,0.9650986342943855
offshore,offshore,walton_lighthouse-2025-03-30_185626Z,38.953824,489.0,1222.3980795504567,0.9650986342943855
offshore,offshore,walton_lighthouse-2025-03-30_185626Z,38.953824,493.0,1232.9392649723416,0.9650986342943855
offshore,offshore,walton_lighthouse-2025-03-30_185626Z,38.953824,496.0,1244.1597064327016,0.9650986342943855
offshore,offshore,walton_lighthouse-2025-03-30_185626Z,38.953824,500.0,1251.7773738822225,0.9650986342943855
offshore,offshore,walton_lighthouse-2025-03-30_185626Z,38.953824,503.0,1254.4158274215736,0.9650986342943855
offshore,offshore,walton_lighthouse-2025-03-30_185626Z,38.953824,506.0,1254.3218033738945,0.9650986342943855
offshore,offshore,walton_lighthouse-2025-03-30_185626Z,38.953824,510.0,1255.8596536606185,0.9650986342943855
offshore,offshore,walton_lighthouse-2025-03-30_185626Z,38.953824,513.0,1263.5049229896267,0.9650986342943855
offshore,offshore,walton_lighthouse-2025-03-30_185626Z,38.953824,517.0,1277.3890497128568,0.9650986342943855
offshore,offshore,walton_lighthouse-2025-03-30_185626Z,38.953824,520.0,1291.963853672503,0.9650986342943855
offshore,offshore,walton_lighthouse-2025-03-30_185626Z,38.953824,524.0,1302.5686671748913,0.9650986342943855
offshore,offshore,walton_lighthouse-2025-03-30_185626Z,38.953824,527.0,1311.911975124673,0.9650986342943855
offshore,offshore,walton_lighthouse-2025-03-30_185626Z,38.953824,530.0,1327.1467693586026,0.9650986342943855
offshore,offshore,walton_lighthouse-2025-03-30_185626Z,38.953824,534.0,1348.5325817941607,0.9650986342943855
offshore,offshore,walton_lighthouse-2025-03-30_185626Z,38.953824,537.0,1369.0270362373924,0.9650986342943855
offshore,offshore,walton_lighthouse-2025-03-30_185626Z,38.953824,541.0,1385.6591527004878,0.9650986342943855
offshore,offshore,walton_lighthouse-2025-03-30_185626Z,38.953824,544.0,1403.2759744447562,0.9650986342943855
offshore,offshore,walton_lighthouse-2025-03-30_185626Z,38.953824,548.0,1428.78839918429,0.9650986342943855
offshore,offshore,walton_lighthouse-2025-03-30_185626Z,38.953824,551.0,1459.735763703139,0.9650986342943855
offshore,offshore,walton_lighthouse-2025-03-30_185626Z,38.953824,554.0,1485.4714334226323,0.9650986342943855
offshore,offshore,walton_lighthouse-2025-03-30_185626Z,38.953824,558.0,1500.277959112776,0.9650986342943855
offshore,offshore,walton_lighthouse-2025-03-30_185626Z,38.953824,561.0,1504.8236619407342,0.9650986342943855
offshore,offshore,walton_lighthouse-2025-03-30_185626Z,38.953824,565.0,1501.3956585188207,0.9650986342943855
offshore,offshore,walton_lighthouse-2025-03-30_185626Z,38.953824,568.0,1494.003462880836,0.9650986342943855
offshore,offshore,walton_lighthouse-2025-03-30_185626Z,38.953824,571.0,1486.7988112120615,0.9650986342943855
offshore,offshore,walton_lighthouse-2025-03-30_185626Z,38.953824,575.0,1480.5783998600941,0.9650986342943855
offshore,offshore,walton_lighthouse-2025-03-30_185626Z,38.953824,578.0,1472.0308317573522,0.9650986342943855
offshore,offshore,walton_lighthouse-2025-03-30_185626Z,38.953824,582.0,1456.529845186904,0.9650986342943855
offshore,offshore,walton_lighthouse-2025-03-30_185626Z,38.953824,585.0,1430.8719456682163,0.9666160849772383
offshore,offshore,walton_lighthouse-2025-03-30_185626Z,38.953824,589.0,1402.686241186818,0.9681335356600911
offshore,offshore,walton_lighthouse-2025-03-30_185626Z,38.953824,592.0,1384.9019038904305,0.9681335356600911
offshore,offshore,walton_lighthouse-2025-03-30_185626Z,38.953824,595.0,1382.1784179588462,0.9681335356600911
offshore,offshore,walton_lighthouse-2025-03-30_185626Z,38.953824,599.0,1389.211849835068,0.9681335356600911
offshore,offshore,walton_lighthouse-2025-03-30_185626Z,38.953824,602.0,1394.3225227064063,0.9681335356600911
offshore,offshore,walton_lighthouse-2025-03-30_185626Z,38.953824,606.0,1393.9262990906077,0.9681335356600911
offshore,offshore,walton_lighthouse-2025-03-30_185626Z,38.953824,609.0,1394.625961513392,0.9681335356600911
offshore,offshore,walton_lighthouse-2025-03-30_185626Z,38.953824,613.0,1401.690460661472,0.9681335356600911
offshore,offshore,walton_lighthouse-2025-03-30_185626Z,38.953824,616.0,1414.5598657565563,0.9681335356600911
offshore,offshore,walton_lighthouse-2025-03-30_185626Z,38.953824,619.0,1433.010603605233,0.9666160849772383
offshore,offshore,walton_lighthouse-2025-03-30_185626Z,38.953824,623.0,1450.7288590410053,0.9666160849772383
offshore,offshore,walton_lighthouse-2025-03-30_185626Z,38.953824,626.0,1469.4112260681443,0.9666160849772383
offshore,offshore,walton_lighthouse-2025-03-30_185626Z,38.953824,630.0,1489.0532435841333,0.9666160849772383
offshore,offshore,walton_lighthouse-2025-03-30_185626Z,38.953824,633.0,1512.2338543137992,0.9650986342943855
offshore,offshore,walton_lighthouse-2025-03-30_185626Z,38.953824,636.0,1534.9071952870338,0.9650986342943855
offshore,offshore,walton_lighthouse-2025-03-30_185626Z,38.953824,640.0,1559.9702573839154,0.9650986342943855
offshore,offshore,walton_lighthouse-2025-03-30_185626Z,38.953824,643.0,1588.1207057750212,0.9650986342943855
offshore,offshore,walton_lighthouse-2025-03-30_185626Z,38.953824,647.0,1617.2421930942082,0.9650986342943855
offshore,offshore,walton_lighthouse-2025-03-30_185626Z,38.953824,650.0,1647.1643080301656,0.9650986342943855
offshore,offshore,walton_lighthouse-2025-03-30_185626Z,38.953824,654.0,1676.8190344860675,0.9650986342943855
offshore,offshore,walton_lighthouse-2025-03-30_185626Z,38.953824,657.0,1705.280771733909,0.9650986342943855
offshore,offshore,walton_lighthouse-2025-03-30_185626Z,38.953824,660.0,1731.75480471999,0.9650986342943855
offshore,offshore,walton_lighthouse-2025-03-30_185626Z,38.953824,664.0,1755.72848059934,0.9650986342943855
offshore,offshore,walton_lighthouse-2025-03-30_185626Z,38.953824,667.0,1778.1981076686607,0.9650986342943855
offshore,offshore,walton_lighthouse-2025-03-30_185626Z,38.953824,671.0,1801.7812891395122,0.9650986342943855
offshore,offshore,walton_lighthouse-2025-03-30_185626Z,38.953824,674.0,1828.6683254384088,0.9650986342943855
offshore,offshore,walton_lighthouse-2025-03-30_185626Z,38.953824,678.0,1860.0495047796835,0.9650986342943855
offshore,offshore,walton_lighthouse-2025-03-30_185626Z,38.953824,681.0,1900.2524682728215,0.9635811836115327
offshore,offshore,walton_lighthouse-2025-03-30_185626Z,38.953824,684.0,1947.6732998737427,0.9635811836115327
offshore,offshore,walton_lighthouse-2025-03-30_185626Z,38.953824,688.0,2004.5093859730644,0.9650986342943855
offshore,offshore,walton_lighthouse-2025-03-30_185626Z,38.953824,691.0,2073.510571770737,0.9650986342943855
offshore,offshore,walton_lighthouse-2025-03-30_185626Z,38.953824,695.0,2141.6770220833855,0.9666160849772383
offshore,offshore,walton_lighthouse-2025-03-30_185626Z,38.953824,698.0,2200.341466716946,0.9666160849772383
offshore,offshore,walton_lighthouse-2025-03-30_185626Z,38.953824,701.0,2240.853207071669,0.9666160849772383
offshore,offshore,walton_lighthouse-2025-03-30_185626Z,38.953824,705.0,2264.4014184269713,0.9696509863429439
offshore,offshore,walton_lighthouse-2025-03-30_185626Z,38.953824,708.0,2292.3605594100095,0.9711684370257967
offshore,offshore,walton_lighthouse-2025-03-30_185626Z,38.953824,712.0,2330.4332878517307,0.9711684370257967
offshore,offshore,walton_lighthouse-2025-03-30_185626Z,38.953824,715.0,2429.9121618623294,0.9726858877086495
offshore,offshore,walton_lighthouse-2025-03-30_185626Z,38.953824,719.0,2471.1859614240175,0.9742033383915023
offshore,offshore,walton_lighthouse-2025-03-30_185626Z,38.953824,722.0,2516.3423143671434,0.9757207890743551
offshore,offshore,walton_lighthouse-2025-03-30_185626Z,38.953824,725.0,2566.952599151946,0.9787556904400607
offshore,offshore,walton_lighthouse-2025-03-30_185626Z,38.953824,729.0,2644.014056276078,0.9787556904400607
offshore,offshore,walton_lighthouse-2025-03-30_185626Z,38.953824,732.0,2753.3883463477014,0.9802731411229135
offshore,offshore,walton_lighthouse-2025-03-30_185626Z,38.953824,736.0,2888.072138031991,0.9863429438543247
offshore,offshore,walton_lighthouse-2025-03-30_185626Z,38.953824,739.0,3057.4970907261713,0.9878603945371776
offshore,offshore,walton_lighthouse-2025-03-30_185626Z,38.953824,743.0,3226.7471071258874,0.9908952959028832
offshore,offshore,walton_lighthouse-2025-03-30_185626Z,38.953824,746.0,3444.8741967592473,0.992412746585736
offshore,offshore,walton_lighthouse-2025-03-30_185626Z,38.953824,749.0,3626.553414438342,0.992412746585736
offshore,offshore,walton_lighthouse-2025-03-30_185626Z,38.953824,753.0,3821.3774184628255,0.9939301972685888
offshore,offshore,walton_lighthouse-2025-03-30_185626Z,38.953824,756.0,4011.930902795189,0.9954476479514416
offshore,offshore,walton_lighthouse-2025-03-30_185626Z,38.953824,760.0,4180.7983300083415,0.9954476479514416
offshore,offshore,walton_lighthouse-2025-03-30_185626Z,38.953824,763.0,4223.80979338574,0.9939301972685888
offshore,offshore,walton_lighthouse-2025-03-30_185626Z,38.953824,767.0,4293.351312808713,0.9939301972685888
offshore,offshore,walton_lighthouse-2025-03-30_185626Z,38.953824,770.0,4299.5497422955805,0.9939301972685888
offshore,offshore,walton_lighthouse-2025-03-30_185626Z,38.953824,773.0,4283.381519727329,0.992412746585736
offshore,offshore,walton_lighthouse-2025-03-30_185626Z,38.953824,777.0,4273.728397016653,0.992412746585736
offshore,offshore,walton_lighthouse-2025-03-30_185626Z,38.953824,780.0,4380.39656402103,0.9939301972685888
offshore,offshore,walton_lighthouse-2025-03-30_185626Z,38.953824,784.0,4420.690721514651,0.9939301972685888
offshore,offshore,walton_lighthouse-2025-03-30_185626Z,38.953824,787.0,4427.023320072244,0.9908952959028832
offshore,offshore,walton_lighthouse-2025-03-30_185626Z,38.953824,790.0,4391.3328176118375,0.9908952959028832
offshore,offshore,walton_lighthouse-2025-03-30_185626Z,38.953824,794.0,4328.909705489075,0.9908952959028832
offshore,offshore,walton_lighthouse-2025-03-30_185626Z,38.953824,797.0,4264.939629454882,0.9908952959028832
offshore,offshore,walton_lighthouse-2025-03-30_185626Z,38.953824,801.0,4219.131558631257,0.9908952959028832
offshore,offshore,walton_lighthouse-2025-03-30_185626Z,38.953824,804.0,4200.7948726037985,0.9908952959028832
offshore,offshore,walton_lighthouse-2025-03-30_185626Z,38.953824,808.0,4201.07838173186,0.9893778452200304
offshore,offshore,walton_lighthouse-2025-03-30_185626Z,38.953824,811.0,4209.79345982343,0.9893778452200304
offshore,offshore,walton_lighthouse-2025-03-30_185626Z,38.953824,814.0,4225.884613517702,0.9893778452200304
offshore,offshore,walton_lighthouse-2025-03-30_185626Z,38.953824,818.0,4255.088937836999,0.9893778452200304
offshore,offshore,walton_lighthouse-2025-03-30_185626Z,38.953824,821.0,4233.9257436237485,0.9878603945371776
offshore,offshore,walton_lighthouse-2025-03-30_185626Z,38.953824,825.0,4293.321564167323,0.9878603945371776
offshore,offshore,walton_lighthouse-2025-03-30_185626Z,38.953824,828.0,4310.045022806251,0.9863429438543247
offshore,offshore,walton_lighthouse-2025-03-30_185626Z,38.953824,832.0,4444.765394382946,0.9848254931714719
offshore,offshore,walton_lighthouse-2025-03-30_185626Z,38.953824,835.0,4608.929045446749,0.9833080424886191
offshore,offshore,walton_lighthouse-2025-03-30_185626Z,38.953824,838.0,4732.3122888725475,0.9802731411229135
offshore,offshore,walton_lighthouse-2025-03-30_185626Z,38.953824,842.0,4906.224615509945,0.9772382397572079
offshore,offshore,walton_lighthouse-2025-03-30_185626Z,38.953824,845.0,5005.168260986863,0.9757207890743551
offshore,offshore,walton_lighthouse-2025-03-30_185626Z,38.953824,849.0,5078.6889217346325,0.9742033383915023
offshore,offshore,walton_lighthouse-2025-03-30_185626Z,38.953824,852.0,5041.689308911971,0.9711684370257967
offshore,offshore,walton_lighthouse-2025-03-30_185626Z,38.953824,855.0,5026.6319025145,0.9681335356600911
offshore,offshore,walton_lighthouse-2025-03-30_185626Z,38.953824,859.0,5077.31105290179,0.9681335356600911
offshore,offshore,walton_lighthouse-2025-03-30_185626Z,38.953824,862.0,5132.185974323939,0.9650986342943855
offshore,offshore,walton_lighthouse-2025-03-30_185626Z,38.953824,866.0,5178.904043548462,0.9635811836115327
offshore,offshore,walton_lighthouse-2025-03-30_185626Z,38.953824,869.0,5300.127158448617,0.9620637329286799
offshore,offshore,walton_lighthouse-2025-03-30_185626Z,38.953824,873.0,5356.272356643545,0.9590288315629742
offshore,offshore,walton_lighthouse-2025-03-30_185626Z,38.953824,876.0,5547.571889795417,0.9453717754172989
offshore,offshore,walton_lighthouse-2025-03-30_185626Z,38.953824,879.0,5754.455847703694,0.8892261001517451
offshore,offshore,walton_lighthouse-2025-03-30_185626Z,38.953824,883.0,5947.19294312341,0.7845220030349014
offshore,offshore,walton_lighthouse-2025-03-30_185626Z,38.953824,886.0,6020.892290506721,0.575113808801214
offshore,offshore,walton_lighthouse-2025-08-02_192111Z,7.14,253.0,70.77854591842207,0.9988826815642458
offshore,offshore,walton_lighthouse-2025-08-02_192111Z,7.14,257.0,72.07831525387084,0.9988826815642458
offshore,offshore,walton_lighthouse-2025-08-02_192111Z,7.14,260.0,73.94418678766158,0.9988826815642458
offshore,offshore,walton_lighthouse-2025-08-02_192111Z,7.14,263.0,76.49163575360517,0.9988826815642458
offshore,offshore,walton_lighthouse-2025-08-02_192111Z,7.14,267.0,79.48321684225111,0.9988826815642458
offshore,offshore,walton_lighthouse-2025-08-02_192111Z,7.14,270.0,82.52244359853417,0.9988826815642458
offshore,offshore,walton_lighthouse-2025-08-02_192111Z,7.14,274.0,85.57216980542995,0.9988826815642458
offshore,offshore,walton_lighthouse-2025-08-02_192111Z,7.14,277.0,88.71909784726337,0.9988826815642458
offshore,offshore,walton_lighthouse-2025-08-02_192111Z,7.14,281.0,92.13855617262848,0.9988826815642458
offshore,offshore,walton_lighthouse-2025-08-02_192111Z,7.14,284.0,95.92750814508175,0.9988826815642458
offshore,offshore,walton_lighthouse-2025-08-02_192111Z,7.14,287.0,100.02584297100627,0.9988826815642458
offshore,offshore,walton_lighthouse-2025-08-02_192111Z,7.14,291.0,104.2877660989799,0.9988826815642458
offshore,offshore,walton_lighthouse-2025-08-02_192111Z,7.14,294.0,108.55376650811074,0.9988826815642458
offshore,offshore,walton_lighthouse-2025-08-02_192111Z,7.14,298.0,112.74971935387808,0.9988826815642458
offshore,offshore,walton_lighthouse-2025-08-02_192111Z,7.14,301.0,116.9349179003472,0.9988826815642458
offshore,offshore,walton_lighthouse-2025-08-02_192111Z,7.14,305.0,121.24128329309495,0.9988826815642458
offshore,offshore,walton_lighthouse-2025-08-02_192111Z,7.14,308.0,125.7764044153801,0.9988826815642458
offshore,offshore,walton_lighthouse-2025-08-02_192111Z,7.14,311.0,130.57112357951226,0.9988826815642458
offshore,offshore,walton_lighthouse-2025-08-02_192111Z,7.14,315.0,135.60292162030217,0.9988826815642458
offshore,offshore,walton_lighthouse-2025-08-02_192111Z,7.14,318.0,140.8655537237799,0.9988826815642458
offshore,offshore,walton_lighthouse-2025-08-02_192111Z,7.14,322.0,146.41263953034044,0.9988826815642458
offshore,offshore,walton_lighthouse-2025-08-02_192111Z,7.14,325.0,152.33811690852855,0.9988826815642458
offshore,offshore,walton_lighthouse-2025-08-02_192111Z,7.14,329.0,158.6800117981629,0.9988826815642458
offshore,offshore,walton_lighthouse-2025-08-02_192111Z,7.14,332.0,165.36882176177346,0.9988826815642458
offshore,offshore,walton_lighthouse-2025-08-02_192111Z,7.14,335.0,172.26634088465943,0.9988826815642458
offshore,offshore,walton_lighthouse-2025-08-02_192111Z,7.14,339.0,179.22234427776075,0.9988826815642458
offshore,offshore,walton_lighthouse-2025-08-02_192111Z,7.14,342.0,186.14544426027481,0.9988826815642458
offshore,offshore,walton_lighthouse-2025-08-02_192111Z,7.14,346.0,193.05030699944604,0.9988826815642458
offshore,offshore,walton_lighthouse-2025-08-02_192111Z,7.14,349.0,200.00738074236276,0.9988826815642458
offshore,offshore,walton_lighthouse-2025-08-02_192111Z,7.14,352.0,207.0178925875621,0.9988826815642458
offshore,offshore,walton_lighthouse-2025-08-02_192111Z,7.14,356.0,214.00495462258604,0.9988826815642458
offshore,offshore,walton_lighthouse-2025-08-02_192111Z,7.14,359.0,220.8787907537387,0.9988826815642458
offshore,offshore,walton_lighthouse-2025-08-02_192111Z,7.14,363.0,227.55500659076847,0.9988826815642458
offshore,offshore,walton_lighthouse-2025-08-02_192111Z,7.14,366.0,233.9650395033851,0.9988826815642458
offshore,offshore,walton_lighthouse-2025-08-02_192111Z,7.14,370.0,240.066904594606,0.9988826815642458
offshore,offshore,walton_lighthouse-2025-08-02_192111Z,7.14,373.0,245.84186473402545,0.9988826815642458
offshore,offshore,walton_lighthouse-2025-08-02_192111Z,7.14,376.0,251.28465569430517,0.9988826815642458
offshore,offshore,walton_lighthouse-2025-08-02_192111Z,7.14,380.0,256.41713389012915,0.9988826815642458
offshore,offshore,walton_lighthouse-2025-08-02_192111Z,7.14,383.0,261.29111310956705,0.9988826815642458
offshore,offshore,walton_lighthouse-2025-08-02_192111Z,7.14,387.0,265.96885493755207,0.9988826815642458
offshore,offshore,walton_lighthouse-2025-08-02_192111Z,7.14,390.0,270.5165160609753,0.9988826815642458
offshore,offshore,walton_lighthouse-2025-08-02_192111Z,7.14,394.0,275.00627048837794,0.9988826815642458
offshore,offshore,walton_lighthouse-2025-08-02_192111Z,7.14,397.0,279.5038776344486,0.9988826815642458
offshore,offshore,walton_lighthouse-2025-08-02_192111Z,7.14,400.0,284.0436634817538,0.9988826815642458
offshore,offshore,walton_lighthouse-2025-08-02_192111Z,7.14,404.0,288.6022655221418,0.9988826815642458
offshore,offshore,walton_lighthouse-2025-08-02_192111Z,7.14,407.0,293.0949487432524,0.9988826815642458
offshore,offshore,walton_lighthouse-2025-08-02_192111Z,7.14,411.0,297.41211219687244,0.9988826815642458
offshore,offshore,walton_lighthouse-2025-08-02_192111Z,7.14,414.0,301.4770265102816,0.9988826815642458
offshore,offshore,walton_lighthouse-2025-08-02_192111Z,7.14,417.0,305.2998128630001,0.9988826815642458
offshore,offshore,walton_lighthouse-2025-08-02_192111Z,7.14,421.0,308.9787350756498,0.9988826815642458
offshore,offshore,walton_lighthouse-2025-08-02_192111Z,7.14,424.0,312.6248228189115,0.9988826815642458
offshore,offshore,walton_lighthouse-2025-08-02_192111Z,7.14,428.0,316.2512725472446,0.9988826815642458
offshore,offshore,walton_lighthouse-2025-08-02_192111Z,7.14,431.0,319.73938824194295,0.9988826815642458
offshore,offshore,walton_lighthouse-2025-08-02_192111Z,7.14,435.0,322.926513202968,0.9988826815642458
offshore,offshore,walton_lighthouse-2025-08-02_192111Z,7.14,438.0,325.73327735581023,0.9988826815642458
offshore,offshore,walton_lighthouse-2025-08-02_192111Z,7.14,441.0,328.2484570999195,0.9988826815642458
offshore,offshore,walton_lighthouse-2025-08-02_192111Z,7.14,445.0,330.6793767095211,0.9988826815642458
offshore,offshore,walton_lighthouse-2025-08-02_192111Z,7.14,448.0,333.1924995591121,0.9988826815642458
offshore,offshore,walton_lighthouse-2025-08-02_192111Z,7.14,452.0,335.81277830320295,0.9988826815642458
offshore,offshore,walton_lighthouse-2025-08-02_192111Z,7.14,455.0,338.4627381430889,0.9988826815642458
offshore,offshore,walton_lighthouse-2025-08-02_192111Z,7.14,459.0,341.0708412830856,0.9988826815642458
offshore,offshore,walton_lighthouse-2025-08-02_192111Z,7.14,462.0,343.6575081049347,0.9988826815642458
offshore,offshore,walton_lighthouse-2025-08-02_192111Z,7.14,465.0,346.3622003285017,0.9988826815642458
offshore,offshore,walton_lighthouse-2025-08-02_192111Z,7.14,469.0,349.3782106284272,0.9988826815642458
offshore,offshore,walton_lighthouse-2025-08-02_192111Z,7.14,472.0,352.8324278882011,0.9988826815642458
offshore,offshore,walton_lighthouse-2025-08-02_192111Z,7.14,476.0,356.73539177031097,0.9988826815642458
offshore,offshore,walton_lighthouse-2025-08-02_192111Z,7.14,479.0,361.02929026363853,0.9988826815642458
offshore,offshore,walton_lighthouse-2025-08-02_192111Z,7.14,482.0,365.66714696936606,0.9988826815642458
offshore,offshore,walton_lighthouse-2025-08-02_192111Z,7.14,486.0,370.643625070708,0.9988826815642458
offshore,offshore,walton_lighthouse-2025-08-02_192111Z,7.14,489.0,375.95201016354275,0.9988826815642458
offshore,offshore,walton_lighthouse-2025-08-02_192111Z,7.14,493.0,381.5402914756332,0.9988826815642458
offshore,offshore,walton_lighthouse-2025-08-02_192111Z,7.14,496.0,387.3184244717723,0.9988826815642458
offshore,offshore,walton_lighthouse-2025-08-02_192111Z,7.14,500.0,393.21306847991457,0.9988826815642458
offshore,offshore,walton_lighthouse-2025-08-02_192111Z,7.14,503.0,399.21671419775487,0.9988826815642458
offshore,offshore,walton_lighthouse-2025-08-02_192111Z,7.14,506.0,405.3561583355044,0.9988826815642458
offshore,offshore,walton_lighthouse-2025-08-02_192111Z,7.14,510.0,411.5794421042798,0.9988826815642458
offshore,offshore,walton_lighthouse-2025-08-02_192111Z,7.14,513.0,417.71969898974424,0.9988826815642458
offshore,offshore,walton_lighthouse-2025-08-02_192111Z,7.14,517.0,423.6074471985044,0.9988826815642458
offshore,offshore,walton_lighthouse-2025-08-02_192111Z,7.14,520.0,429.1775024717193,0.9988826815642458
offshore,offshore,walton_lighthouse-2025-08-02_192111Z,7.14,524.0,434.4928938135871,0.9988826815642458
offshore,offshore,walton_lighthouse-2025-08-02_192111Z,7.14,527.0,439.6801475518447,0.9988826815642458
offshore,offshore,walton_lighthouse-2025-08-02_192111Z,7.14,530.0,444.8205402736815,0.9988826815642458
offshore,offshore,walton_lighthouse-2025-08-02_192111Z,7.14,534.0,449.9206602492592,0.9988826815642458
offshore,offshore,walton_lighthouse-2025-08-02_192111Z,7.14,537.0,454.98381123251164,0.9988826815642458
offshore,offshore,walton_lighthouse-2025-08-02_192111Z,7.14,541.0,460.076158810836,0.9988826815642458
offshore,offshore,walton_lighthouse-2025-08-02_192111Z,7.14,544.0,465.33129397406776,0.9988826815642458
offshore,offshore,walton_lighthouse-2025-08-02_192111Z,7.14,548.0,470.91763372840217,0.9988826815642458
offshore,offshore,walton_lighthouse-2025-08-02_192111Z,7.14,551.0,476.96645742113185,0.9988826815642458
offshore,offshore,walton_lighthouse-2025-08-02_192111Z,7.14,554.0,483.5408835158112,0.9988826815642458
offshore,offshore,walton_lighthouse-2025-08-02_192111Z,7.14,558.0,490.64957261771764,0.9988826815642458
offshore,offshore,walton_lighthouse-2025-08-02_192111Z,7.14,561.0,498.2645033785347,0.9988826815642458
offshore,offshore,walton_lighthouse-2025-08-02_192111Z,7.14,565.0,506.3445373469138,0.9988826815642458
offshore,offshore,walton_lighthouse-2025-08-02_192111Z,7.14,568.0,514.8361935539818,0.9988826815642458
offshore,offshore,walton_lighthouse-2025-08-02_192111Z,7.14,571.0,523.6847995035105,0.9988826815642458
offshore,offshore,walton_lighthouse-2025-08-02_192111Z,7.14,575.0,532.8461762387021,0.9988826815642458
offshore,offshore,walton_lighthouse-2025-08-02_192111Z,7.14,578.0,542.3100981933472,0.9988826815642458
offshore,offshore,walton_lighthouse-2025-08-02_192111Z,7.14,582.0,552.0962585732805,0.9988826815642458
offshore,offshore,walton_lighthouse-2025-08-02_192111Z,7.14,585.0,562.265343571897,0.9988826815642458
offshore,offshore,walton_lighthouse-2025-08-02_192111Z,7.14,589.0,572.927913271259,0.9988826815642458
offshore,offshore,walton_lighthouse-2025-08-02_192111Z,7.14,592.0,584.1426789935159,0.9988826815642458
offshore,offshore,walton_lighthouse-2025-08-02_192111Z,7.14,595.0,595.79024096209,0.9988826815642458
offshore,offshore,walton_lighthouse-2025-08-02_192111Z,7.14,599.0,607.5996298382692,0.9988826815642458
offshore,offshore,walton_lighthouse-2025-08-02_192111Z,7.14,602.0,618.7684315411497,1.0
offshore,offshore,walton_lighthouse-2025-08-02_192111Z,7.14,606.0,630.0757905127675,1.0
offshore,offshore,walton_lighthouse-2025-08-02_192111Z,7.14,609.0,640.9035225015228,1.0
offshore,offshore,walton_lighthouse-2025-08-02_192111Z,7.14,613.0,651.1778472999147,1.0
offshore,offshore,walton_lighthouse-2025-08-02_192111Z,7.14,616.0,660.8614565484413,1.0
offshore,offshore,walton_lighthouse-2025-08-02_192111Z,7.14,619.0,669.9937501783917,1.0
offshore,offshore,walton_lighthouse-2025-08-02_192111Z,7.14,623.0,678.7273515405958,1.0
offshore,offshore,walton_lighthouse-2025-08-02_192111Z,7.14,626.0,687.2156237605753,1.0
offshore,offshore,walton_lighthouse-2025-08-02_192111Z,7.14,630.0,695.5210100399381,1.0
offshore,offshore,walton_lighthouse-2025-08-02_192111Z,7.14,633.0,703.6731317003666,1.0
offshore,offshore,walton_lighthouse-2025-08-02_192111Z,7.14,636.0,711.7491490563484,1.0
offshore,offshore,walton_lighthouse-2025-08-02_192111Z,7.14,640.0,719.8720411942543,1.0
offshore,offshore,walton_lighthouse-2025-08-02_192111Z,7.14,643.0,728.1136710219891,1.0
offshore,offshore,walton_lighthouse-2025-08-02_192111Z,7.14,647.0,736.3708600514674,1.0
offshore,offshore,walton_lighthouse-2025-08-02_192111Z,7.14,650.0,744.4097134750643,1.0
offshore,offshore,walton_lighthouse-2025-08-02_192111Z,7.14,654.0,752.073624142374,1.0
offshore,offshore,walton_lighthouse-2025-08-02_192111Z,7.14,657.0,759.4165858583046,1.0
offshore,offshore,walton_lighthouse-2025-08-02_192111Z,7.14,660.0,767.4368806770248,0.9988826815642458
offshore,offshore,walton_lighthouse-2025-08-02_192111Z,7.14,664.0,774.7943653710241,0.9988826815642458
offshore,offshore,walton_lighthouse-2025-08-02_192111Z,7.14,667.0,782.3763959689331,0.9988826815642458
offshore,offshore,walton_lighthouse-2025-08-02_192111Z,7.14,671.0,790.2069132601329,0.9988826815642458
offshore,offshore,walton_lighthouse-2025-08-02_192111Z,7.14,674.0,798.2547212852747,0.9988826815642458
offshore,offshore,walton_lighthouse-2025-08-02_192111Z,7.14,678.0,806.474971205023,0.9988826815642458
offshore,offshore,walton_lighthouse-2025-08-02_192111Z,7.14,681.0,814.7967745814017,0.9988826815642458
offshore,offshore,walton_lighthouse-2025-08-02_192111Z,7.14,684.0,823.0357815509833,0.9988826815642458
offshore,offshore,walton_lighthouse-2025-08-02_192111Z,7.14,688.0,830.9030898508704,0.9988826815642458
offshore,offshore,walton_lighthouse-2025-08-02_192111Z,7.14,691.0,838.204058337031,0.9988826815642458
offshore,offshore,walton_lighthouse-2025-08-02_192111Z,7.14,695.0,844.9517787148612,0.9988826815642458
offshore,offshore,walton_lighthouse-2025-08-02_192111Z,7.14,698.0,851.256967193466,0.9988826815642458
offshore,offshore,walton_lighthouse-2025-08-02_192111Z,7.14,701.0,857.217598910412,0.9988826815642458
offshore,offshore,walton_lighthouse-2025-08-02_192111Z,7.14,705.0,862.9051583030443,0.9988826815642458
offshore,offshore,walton_lighthouse-2025-08-02_192111Z,7.14,708.0,868.3629727264993,0.9988826815642458
offshore,offshore,walton_lighthouse-2025-08-02_192111Z,7.14,712.0,873.5683012755173,0.9988826815642458
offshore,offshore,walton_lighthouse-2025-08-02_192111Z,7.14,715.0,878.430278820018,0.9988826815642458
offshore,offshore,walton_lighthouse-2025-08-02_192111Z,7.14,719.0,882.8470770184083,0.9988826815642458
offshore,offshore,walton_lighthouse-2025-08-02_192111Z,7.14,722.0,886.7650504293357,0.9988826815642458
offshore,offshore,walton_lighthouse-2025-08-02_192111Z,7.14,725.0,890.2023653650713,0.9988826815642458
offshore,offshore,walton_lighthouse-2025-08-02_192111Z,7.14,729.0,893.1077102889726,0.9988826815642458
offshore,offshore,walton_lighthouse-2025-08-02_192111Z,7.14,732.0,895.255387219132,0.9988826815642458
offshore,offshore,walton_lighthouse-2025-08-02_192111Z,7.14,736.0,896.3434463304255,0.9988826815642458
offshore,offshore,walton_lighthouse-2025-08-02_192111Z,7.14,739.0,896.1980424068186,0.9988826815642458
offshore,offshore,walton_lighthouse-2025-08-02_192111Z,7.14,743.0,894.9385302276688,0.9988826815642458
offshore,offshore,walton_lighthouse-2025-08-02_192111Z,7.14,746.0,892.8865909004996,0.9988826815642458
offshore,offshore,walton_lighthouse-2025-08-02_192111Z,7.14,749.0,890.2475137735057,0.9988826815642458
offshore,offshore,walton_lighthouse-2025-08-02_192111Z,7.14,753.0,886.9262844783476,0.9988826815642458
offshore,offshore,walton_lighthouse-2025-08-02_192111Z,7.14,756.0,882.6583566044397,0.9988826815642458
offshore,offshore,walton_lighthouse-2025-08-02_192111Z,7.14,760.0,877.2606189140896,0.9988826815642458
offshore,offshore,walton_lighthouse-2025-08-02_192111Z,7.14,763.0,870.7610380995828,0.9988826815642458
offshore,offshore,walton_lighthouse-2025-08-02_192111Z,7.14,767.0,863.3008485521262,0.9988826815642458
offshore,offshore,walton_lighthouse-2025-08-02_192111Z,7.14,770.0,854.979428834014,0.9988826815642458
offshore,offshore,walton_lighthouse-2025-08-02_192111Z,7.14,773.0,845.8446576613638,0.9988826815642458
offshore,offshore,walton_lighthouse-2025-08-02_192111Z,7.14,777.0,836.0459045362004,0.9988826815642458
offshore,offshore,walton_lighthouse-2025-08-02_192111Z,7.14,780.0,825.8904873029966,0.9988826815642458
offshore,offshore,walton_lighthouse-2025-08-02_192111Z,7.14,784.0,815.7053114689959,0.9988826815642458
offshore,offshore,walton_lighthouse-2025-08-02_192111Z,7.14,787.0,805.6391572385498,0.9988826815642458
offshore,offshore,walton_lighthouse-2025-08-02_192111Z,7.14,790.0,795.6232204119224,0.9988826815642458
offshore,offshore,walton_lighthouse-2025-08-02_192111Z,7.14,794.0,785.5633403337647,0.9988826815642458
offshore,offshore,walton_lighthouse-2025-08-02_192111Z,7.14,797.0,775.3947881907487,0.9988826815642458
offshore,offshore,walton_lighthouse-2025-08-02_192111Z,7.14,801.0,765.0165887966646,0.9988826815642458
offshore,offshore,walton_lighthouse-2025-08-02_192111Z,7.14,804.0,754.4342333056701,0.9988826815642458
offshore,offshore,walton_lighthouse-2025-08-02_192111Z,7.14,808.0,743.9313510217435,0.9988826815642458
offshore,offshore,walton_lighthouse-2025-08-02_192111Z,7.14,811.0,733.860429805147,0.9988826815642458
offshore,offshore,walton_lighthouse-2025-08-02_192111Z,7.14,814.0,724.398443644347,0.9988826815642458
offshore,offshore,walton_lighthouse-2025-08-02_192111Z,7.14,818.0,715.6936989903072,0.9988826815642458
offshore,offshore,walton_lighthouse-2025-08-02_192111Z,7.14,821.0,706.8913860730377,0.9988826815642458
offshore,offshore,walton_lighthouse-2025-08-02_192111Z,7.14,825.0,698.4299499815895,0.9988826815642458
offshore,offshore,walton_lighthouse-2025-08-02_192111Z,7.14,828.0,696.2312401033449,0.9988826815642458
offshore,offshore,walton_lighthouse-2025-08-02_192111Z,7.14,832.0,705.9714041845988,0.9988826815642458
offshore,offshore,walton_lighthouse-2025-08-02_192111Z,7.14,835.0,723.5328585561128,0.9988826815642458
offshore,offshore,walton_lighthouse-2025-08-02_192111Z,7.14,838.0,737.4619588443848,0.9988826815642458
offshore,offshore,walton_lighthouse-2025-08-02_192111Z,7.14,842.0,741.8653933999326,0.9988826815642458
offshore,offshore,walton_lighthouse-2025-08-02_192111Z,7.14,845.0,742.0535791557007,0.9988826815642458
offshore,offshore,walton_lighthouse-2025-08-02_192111Z,7.14,849.0,743.0141691185253,0.9988826815642458
offshore,offshore,walton_lighthouse-2025-08-02_192111Z,7.14,852.0,744.6469012758649,0.9988826815642458
offshore,offshore,walton_lighthouse-2025-08-02_192111Z,7.14,855.0,746.7809081772034,0.9988826815642458
offshore,offshore,walton_lighthouse-2025-08-02_192111Z,7.14,859.0,749.1853358521834,0.9988826815642458
offshore,offshore,walton_lighthouse-2025-08-02_192111Z,7.14,862.0,751.6064231250823,0.9988826815642458
offshore,offshore,walton_lighthouse-2025-08-02_192111Z,7.14,866.0,754.7048193147535,0.9966480446927374
offshore,offshore,walton_lighthouse-2025-08-02_192111Z,7.14,869.0,756.9868769082672,0.9966480446927374
offshore,offshore,walton_lighthouse-2025-08-02_192111Z,7.14,873.0,760.4454668073013,0.9955307262569832
offshore,offshore,walton_lighthouse-2025-08-02_192111Z,7.14,876.0,759.5843452302319,0.9921787709497206
offshore,offshore,walton_lighthouse-2025-08-02_192111Z,7.14,879.0,763.0943597202237,0.9910614525139665
offshore,offshore,walton_lighthouse-2025-08-02_192111Z,7.14,883.0,757.7850383404786,0.9798882681564246
offshore,offshore,walton_lighthouse-2025-08-02_192111Z,7.14,886.0,738.0805997647157,0.9452513966480447
offshore,offshore,walton_lighthouse-2025-08-21_140202Z,8.022504000000001,253.0,3.8367117453866992,1.0
offshore,offshore,walton_lighthouse-2025-08-21_140202Z,8.022504000000001,257.0,3.8591968696006256,1.0
offshore,offshore,walton_lighthouse-2025-08-21_140202Z,8.022504000000001,260.0,3.8932953597086266,1.0
offshore,offshore,walton_lighthouse-2025-08-21_140202Z,8.022504000000001,263.0,3.9452598407054844,1.0
offshore,offshore,walton_lighthouse-2025-08-21_140202Z,8.022504000000001,267.0,4.017150886158583,1.0
offshore,offshore,walton_lighthouse-2025-08-21_140202Z,8.022504000000001,270.0,4.110518943917464,1.0
offshore,offshore,walton_lighthouse-2025-08-21_140202Z,8.022504000000001,274.0,4.2376020492264646,1.0
offshore,offshore,walton_lighthouse-2025-08-21_140202Z,8.022504000000001,277.0,4.411008394569774,1.0
offshore,offshore,walton_lighthouse-2025-08-21_140202Z,8.022504000000001,281.0,4.635574677001016,1.0
offshore,offshore,walton_lighthouse-2025-08-21_140202Z,8.022504000000001,284.0,4.901333997111389,1.0
offshore,offshore,walton_lighthouse-2025-08-21_140202Z,8.022504000000001,287.0,5.185382939671985,1.0
offshore,offshore,walton_lighthouse-2025-08-21_140202Z,8.022504000000001,291.0,5.464821225042879,1.0
offshore,offshore,walton_lighthouse-2025-08-21_140202Z,8.022504000000001,294.0,5.729032412836743,1.0
offshore,offshore,walton_lighthouse-2025-08-21_140202Z,8.022504000000001,298.0,5.980010912391083,1.0
offshore,offshore,walton_lighthouse-2025-08-21_140202Z,8.022504000000001,301.0,6.224930927009901,1.0
offshore,offshore,walton_lighthouse-2025-08-21_140202Z,8.022504000000001,305.0,6.470765620252978,1.0
offshore,offshore,walton_lighthouse-2025-08-21_140202Z,8.022504000000001,308.0,6.725075731625361,1.0
offshore,offshore,walton_lighthouse-2025-08-21_140202Z,8.022504000000001,311.0,6.999989170545231,1.0
offshore,offshore,walton_lighthouse-2025-08-21_140202Z,8.022504000000001,315.0,7.3126295235481065,1.0
offshore,offshore,walton_lighthouse-2025-08-21_140202Z,8.022504000000001,318.0,7.682066192325385,1.0
offshore,offshore,walton_lighthouse-2025-08-21_140202Z,8.022504000000001,322.0,8.12793771414268,1.0
offshore,offshore,walton_lighthouse-2025-08-21_140202Z,8.022504000000001,325.0,8.667570741452913,1.0
offshore,offshore,walton_lighthouse-2025-08-21_140202Z,8.022504000000001,329.0,9.310966258915618,1.0
offshore,offshore,walton_lighthouse-2025-08-21_140202Z,8.022504000000001,332.0,10.058592913716241,1.0
offshore,offshore,walton_lighthouse-2025-08-21_140202Z,8.022504000000001,335.0,10.903720320351914,1.0
offshore,offshore,walton_lighthouse-2025-08-21_140202Z,8.022504000000001,339.0,11.830323191263563,1.0
offshore,offshore,walton_lighthouse-2025-08-21_140202Z,8.022504000000001,342.0,12.803624313896616,1.0
offshore,offshore,walton_lighthouse-2025-08-21_140202Z,8.022504000000001,346.0,13.772760894618504,1.0
offshore,offshore,walton_lighthouse-2025-08-21_140202Z,8.022504000000001,349.0,14.693285610914955,1.0
offshore,offshore,walton_lighthouse-2025-08-21_140202Z,8.022504000000001,352.0,15.551817860623226,1.0
offshore,offshore,walton_lighthouse-2025-08-21_140202Z,8.022504000000001,356.0,16.371185127618382,1.0
offshore,offshore,walton_lighthouse-2025-08-21_140202Z,8.022504000000001,359.0,17.190380216075006,1.0
offshore,offshore,walton_lighthouse-2025-08-21_140202Z,8.022504000000001,363.0,18.03148220888182,1.0
offshore,offshore,walton_lighthouse-2025-08-21_140202Z,8.022504000000001,366.0,18.88525281616526,1.0
offshore,offshore,walton_lighthouse-2025-08-21_140202Z,8.022504000000001,370.0,19.731801405945212,1.0
offshore,offshore,walton_lighthouse-2025-08-21_140202Z,8.022504000000001,373.0,20.56369869629523,1.0
offshore,offshore,walton_lighthouse-2025-08-21_140202Z,8.022504000000001,376.0,21.390854791200653,1.0
offshore,offshore,walton_lighthouse-2025-08-21_140202Z,8.022504000000001,380.0,22.234260485404953,1.0
offshore,offshore,walton_lighthouse-2025-08-21_140202Z,8.022504000000001,383.0,23.115972278229012,1.0
offshore,offshore,walton_lighthouse-2025-08-21_140202Z,8.022504000000001,387.0,24.05125543433311,1.0
offshore,offshore,walton_lighthouse-2025-08-21_140202Z,8.022504000000001,390.0,25.04991814885263,1.0
offshore,offshore,walton_lighthouse-2025-08-21_140202Z,8.022504000000001,394.0,26.12194067892117,1.0
offshore,offshore,walton_lighthouse-2025-08-21_140202Z,8.022504000000001,397.0,27.2810876184156,1.0
offshore,offshore,walton_lighthouse-2025-08-21_140202Z,8.022504000000001,400.0,28.55044290568103,1.0
offshore,offshore,walton_lighthouse-2025-08-21_140202Z,8.022504000000001,404.0,29.96836118477875,1.0
offshore,offshore,walton_lighthouse-2025-08-21_140202Z,8.022504000000001,407.0,31.585475109650044,1.0
offshore,offshore,walton_lighthouse-2025-08-21_140202Z,8.022504000000001,411.0,33.44991589650899,1.0
offshore,offshore,walton_lighthouse-2025-08-21_140202Z,8.022504000000001,414.0,35.59243844473491,1.0
offshore,offshore,walton_lighthouse-2025-08-21_140202Z,8.022504000000001,417.0,38.02047711320101,1.0
offshore,offshore,walton_lighthouse-2025-08-21_140202Z,8.022504000000001,421.0,40.71106968214502,1.0
offshore,offshore,walton_lighthouse-2025-08-21_140202Z,8.022504000000001,424.0,43.602149317561896,1.0
offshore,offshore,walton_lighthouse-2025-08-21_140202Z,8.022504000000001,428.0,46.60808329093874,1.0
offshore,offshore,walton_lighthouse-2025-08-21_140202Z,8.022504000000001,431.0,49.66221585258243,1.0
offshore,offshore,walton_lighthouse-2025-08-21_140202Z,8.022504000000001,435.0,52.757196607706895,1.0
offshore,offshore,walton_lighthouse-2025-08-21_140202Z,8.022504000000001,438.0,55.94582808688017,1.0
offshore,offshore,walton_lighthouse-2025-08-21_140202Z,8.022504000000001,441.0,59.31356400671147,1.0
offshore,offshore,walton_lighthouse-2025-08-21_140202Z,8.022504000000001,445.0,62.948376540171765,1.0
offshore,offshore,walton_lighthouse-2025-08-21_140202Z,8.022504000000001,448.0,66.9111031883654,1.0
offshore,offshore,walton_lighthouse-2025-08-21_140202Z,8.022504000000001,452.0,71.22051874668006,1.0
offshore,offshore,walton_lighthouse-2025-08-21_140202Z,8.022504000000001,455.0,75.8520876959735,1.0
offshore,offshore,walton_lighthouse-2025-08-21_140202Z,8.022504000000001,459.0,80.74278042175538,1.0
offshore,offshore,walton_lighthouse-2025-08-21_140202Z,8.022504000000001,462.0,85.79697243819926,1.0
offshore,offshore,walton_lighthouse-2025-08-21_140202Z,8.022504000000001,465.0,90.90379538713259,1.0
offshore,offshore,walton_lighthouse-2025-08-21_140202Z,8.022504000000001,469.0,95.95925162617445,1.0
offshore,offshore,walton_lighthouse-2025-08-21_140202Z,8.022504000000001,472.0,100.87689040049948,1.0
offshore,offshore,walton_lighthouse-2025-08-21_140202Z,8.022504000000001,476.0,105.62615469227359,1.0
offshore,offshore,walton_lighthouse-2025-08-21_140202Z,8.022504000000001,479.0,110.26537533231037,1.0
offshore,offshore,walton_lighthouse-2025-08-21_140202Z,8.022504000000001,482.0,114.9440757808934,1.0
offshore,offshore,walton_lighthouse-2025-08-21_140202Z,8.022504000000001,486.0,119.82793802176174,1.0
offshore,offshore,walton_lighthouse-2025-08-21_140202Z,8.022504000000001,489.0,124.92824225494923,1.0
offshore,offshore,walton_lighthouse-2025-08-21_140202Z,8.022504000000001,493.0,130.02905113079876,1.0
offshore,offshore,walton_lighthouse-2025-08-21_140202Z,8.022504000000001,496.0,134.78755301371964,1.0
offshore,offshore,walton_lighthouse-2025-08-21_140202Z,8.022504000000001,500.0,138.91826286767042,1.0
offshore,offshore,walton_lighthouse-2025-08-21_140202Z,8.022504000000001,503.0,142.32943520033206,1.0
offshore,offshore,walton_lighthouse-2025-08-21_140202Z,8.022504000000001,506.0,145.14328270418696,1.0
offshore,offshore,walton_lighthouse-2025-08-21_140202Z,8.022504000000001,510.0,147.58015081485036,1.0
offshore,offshore,walton_lighthouse-2025-08-21_140202Z,8.022504000000001,513.0,149.82084562551827,1.0
offshore,offshore,walton_lighthouse-2025-08-21_140202Z,8.022504000000001,517.0,152.0108938657558,1.0
offshore,offshore,walton_lighthouse-2025-08-21_140202Z,8.022504000000001,520.0,154.27560718805674,1.0
offshore,offshore,walton_lighthouse-2025-08-21_140202Z,8.022504000000001,524.0,156.6736237510511,1.0
offshore,offshore,walton_lighthouse-2025-08-21_140202Z,8.022504000000001,527.0,159.1755992491211,1.0
offshore,offshore,walton_lighthouse-2025-08-21_140202Z,8.022504000000001,530.0,161.6886501997886,1.0
offshore,offshore,walton_lighthouse-2025-08-21_140202Z,8.022504000000001,534.0,164.1044935617329,1.0
offshore,offshore,walton_lighthouse-2025-08-21_140202Z,8.022504000000001,537.0,166.33441473924432,1.0
offshore,offshore,walton_lighthouse-2025-08-21_140202Z,8.022504000000001,541.0,168.3378085483917,1.0
offshore,offshore,walton_lighthouse-2025-08-21_140202Z,8.022504000000001,544.0,170.14489060336297,1.0
offshore,offshore,walton_lighthouse-2025-08-21_140202Z,8.022504000000001,548.0,171.84817075751477,1.0
offshore,offshore,walton_lighthouse-2025-08-21_140202Z,8.022504000000001,551.0,173.5577120494477,1.0
offshore,offshore,walton_lighthouse-2025-08-21_140202Z,8.022504000000001,554.0,175.35539157156956,1.0
offshore,offshore,walton_lighthouse-2025-08-21_140202Z,8.022504000000001,558.0,177.28311386498186,1.0
offshore,offshore,walton_lighthouse-2025-08-21_140202Z,8.022504000000001,561.0,179.34693652523538,1.0
offshore,offshore,walton_lighthouse-2025-08-21_140202Z,8.022504000000001,565.0,181.5368352413836,1.0
offshore,offshore,walton_lighthouse-2025-08-21_140202Z,8.022504000000001,568.0,183.85242331322425,1.0
offshore,offshore,walton_lighthouse-2025-08-21_140202Z,8.022504000000001,571.0,186.31385953472068,1.0
offshore,offshore,walton_lighthouse-2025-08-21_140202Z,8.022504000000001,575.0,188.94977141236484,1.0
offshore,offshore,walton_lighthouse-2025-08-21_140202Z,8.022504000000001,578.0,191.7739893578407,1.0
offshore,offshore,walton_lighthouse-2025-08-21_140202Z,8.022504000000001,582.0,194.76999442290767,1.0
offshore,offshore,walton_lighthouse-2025-08-21_140202Z,8.022504000000001,585.0,197.89697718585776,1.0
offshore,offshore,walton_lighthouse-2025-08-21_140202Z,8.022504000000001,589.0,201.1046915987604,1.0
offshore,offshore,walton_lighthouse-2025-08-21_140202Z,8.022504000000001,592.0,204.34559576305915,1.0
offshore,offshore,walton_lighthouse-2025-08-21_140202Z,8.022504000000001,595.0,207.6085540192496,1.0
offshore,offshore,walton_lighthouse-2025-08-21_140202Z,8.022504000000001,599.0,210.93831687567692,1.0
offshore,offshore,walton_lighthouse-2025-08-21_140202Z,8.022504000000001,602.0,214.40619393206734,1.0
offshore,offshore,walton_lighthouse-2025-08-21_140202Z,8.022504000000001,606.0,218.0573374732529,1.0
offshore,offshore,walton_lighthouse-2025-08-21_140202Z,8.022504000000001,609.0,221.89113614271486,1.0
offshore,offshore,walton_lighthouse-2025-08-21_140202Z,8.022504000000001,613.0,225.87256762291346,1.0
offshore,offshore,walton_lighthouse-2025-08-21_140202Z,8.022504000000001,616.0,229.94978845595682,1.0
offshore,offshore,walton_lighthouse-2025-08-21_140202Z,8.022504000000001,619.0,234.0705621731484,1.0
offshore,offshore,walton_lighthouse-2025-08-21_140202Z,8.022504000000001,623.0,238.1721629913951,1.0
offshore,offshore,walton_lighthouse-2025-08-21_140202Z,8.022504000000001,626.0,242.1636655472858,1.0
offshore,offshore,walton_lighthouse-2025-08-21_140202Z,8.022504000000001,630.0,245.93675727963375,1.0
offshore,offshore,walton_lighthouse-2025-08-21_140202Z,8.022504000000001,633.0,249.41704041608932,1.0
offshore,offshore,walton_lighthouse-2025-08-21_140202Z,8.022504000000001,636.0,252.60924358230318,1.0
offshore,offshore,walton_lighthouse-2025-08-21_140202Z,8.022504000000001,640.0,255.57472975195543,1.0
offshore,offshore,walton_lighthouse-2025-08-21_140202Z,8.022504000000001,643.0,258.3532727157711,1.0
offshore,offshore,walton_lighthouse-2025-08-21_140202Z,8.022504000000001,647.0,260.9127992520335,1.0
offshore,offshore,walton_lighthouse-2025-08-21_140202Z,8.022504000000001,650.0,263.1788339509645,1.0
offshore,offshore,walton_lighthouse-2025-08-21_140202Z,8.022504000000001,654.0,265.10584781440144,1.0
offshore,offshore,walton_lighthouse-2025-08-21_140202Z,8.022504000000001,657.0,266.72662925668976,1.0
offshore,offshore,walton_lighthouse-2025-08-21_140202Z,8.022504000000001,660.0,268.14374021322897,1.0
offshore,offshore,walton_lighthouse-2025-08-21_140202Z,8.022504000000001,664.0,269.47588139356543,1.0
offshore,offshore,walton_lighthouse-2025-08-21_140202Z,8.022504000000001,667.0,270.81610733715905,1.0
offshore,offshore,walton_lighthouse-2025-08-21_140202Z,8.022504000000001,671.0,272.23024950329136,1.0
offshore,offshore,walton_lighthouse-2025-08-21_140202Z,8.022504000000001,674.0,273.7498516337541,1.0
offshore,offshore,walton_lighthouse-2025-08-21_140202Z,8.022504000000001,678.0,275.3588793629807,1.0
offshore,offshore,walton_lighthouse-2025-08-21_140202Z,8.022504000000001,681.0,277.0166917605647,1.0
offshore,offshore,walton_lighthouse-2025-08-21_140202Z,8.022504000000001,684.0,278.68554493738293,1.0
offshore,offshore,walton_lighthouse-2025-08-21_140202Z,8.022504000000001,688.0,280.3194766721109,1.0
offshore,offshore,walton_lighthouse-2025-08-21_140202Z,8.022504000000001,691.0,281.88540314597367,1.0
offshore,offshore,walton_lighthouse-2025-08-21_140202Z,8.022504000000001,695.0,283.4138299641012,1.0
offshore,offshore,walton_lighthouse-2025-08-21_140202Z,8.022504000000001,698.0,285.0167387281648,1.0
offshore,offshore,walton_lighthouse-2025-08-21_140202Z,8.022504000000001,701.0,286.8620870977145,1.0
offshore,offshore,walton_lighthouse-2025-08-21_140202Z,8.022504000000001,705.0,289.10213433843325,1.0
offshore,offshore,walton_lighthouse-2025-08-21_140202Z,8.022504000000001,708.0,291.80159889743965,1.0
offshore,offshore,walton_lighthouse-2025-08-21_140202Z,8.022504000000001,712.0,294.93014179383357,1.0
offshore,offshore,walton_lighthouse-2025-08-21_140202Z,8.022504000000001,715.0,298.4294038565096,1.0
offshore,offshore,walton_lighthouse-2025-08-21_140202Z,8.022504000000001,719.0,302.225463418725,1.0
offshore,offshore,walton_lighthouse-2025-08-21_140202Z,8.022504000000001,722.0,306.19630716041894,1.0
offshore,offshore,walton_lighthouse-2025-08-21_140202Z,8.022504000000001,725.0,310.1476611331639,1.0
offshore,offshore,walton_lighthouse-2025-08-21_140202Z,8.022504000000001,729.0,313.8279733211152,1.0
offshore,offshore,walton_lighthouse-2025-08-21_140202Z,8.022504000000001,732.0,317.0232163956954,1.0
offshore,offshore,walton_lighthouse-2025-08-21_140202Z,8.022504000000001,736.0,319.64082720882544,1.0
offshore,offshore,walton_lighthouse-2025-08-21_140202Z,8.022504000000001,739.0,321.72178929167285,1.0
offshore,offshore,walton_lighthouse-2025-08-21_140202Z,8.022504000000001,743.0,323.3667102770535,1.0
offshore,offshore,walton_lighthouse-2025-08-21_140202Z,8.022504000000001,746.0,324.66696030998486,1.0
offshore,offshore,walton_lighthouse-2025-08-21_140202Z,8.022504000000001,749.0,325.6884461464989,1.0
offshore,offshore,walton_lighthouse-2025-08-21_140202Z,8.022504000000001,753.0,326.50741907770373,1.0
offshore,offshore,walton_lighthouse-2025-08-21_140202Z,8.022504000000001,756.0,327.24303520451764,1.0
offshore,offshore,walton_lighthouse-2025-08-21_140202Z,8.022504000000001,760.0,328.0301161274714,1.0
offshore,offshore,walton_lighthouse-2025-08-21_140202Z,8.022504000000001,763.0,328.98232778079085,1.0
offshore,offshore,walton_lighthouse-2025-08-21_140202Z,8.022504000000001,767.0,330.1664556057389,1.0
offshore,offshore,walton_lighthouse-2025-08-21_140202Z,8.022504000000001,770.0,331.62087388173444,1.0
offshore,offshore,walton_lighthouse-2025-08-21_140202Z,8.022504000000001,773.0,333.4233090953541,1.0
offshore,offshore,walton_lighthouse-2025-08-21_140202Z,8.022504000000001,777.0,335.71703629387207,1.0
offshore,offshore,walton_lighthouse-2025-08-21_140202Z,8.022504000000001,780.0,338.6740177313342,1.0
offshore,offshore,walton_lighthouse-2025-08-21_140202Z,8.022504000000001,784.0,342.42981566228735,1.0
offshore,offshore,walton_lighthouse-2025-08-21_140202Z,8.022504000000001,787.0,347.0150147511429,1.0
offshore,offshore,walton_lighthouse-2025-08-21_140202Z,8.022504000000001,790.0,352.3337830513389,1.0
offshore,offshore,walton_lighthouse-2025-08-21_140202Z,8.022504000000001,794.0,358.2311865988798,1.0
offshore,offshore,walton_lighthouse-2025-08-21_140202Z,8.022504000000001,797.0,364.59847143992243,1.0
offshore,offshore,walton_lighthouse-2025-08-21_140202Z,8.022504000000001,801.0,371.39718354186004,1.0
offshore,offshore,walton_lighthouse-2025-08-21_140202Z,8.022504000000001,804.0,378.63015005749713,1.0
offshore,offshore,walton_lighthouse-2025-08-21_140202Z,8.022504000000001,808.0,386.292601786519,1.0
offshore,offshore,walton_lighthouse-2025-08-21_140202Z,8.022504000000001,811.0,394.3453704888871,1.0
offshore,offshore,walton_lighthouse-2025-08-21_140202Z,8.022504000000001,814.0,402.73228128287633,1.0
offshore,offshore,walton_lighthouse-2025-08-21_140202Z,8.022504000000001,818.0,411.37289037938524,1.0
offshore,offshore,walton_lighthouse-2025-08-21_140202Z,8.022504000000001,821.0,420.09654863378375,1.0
offshore,offshore,walton_lighthouse-2025-08-21_140202Z,8.022504000000001,825.0,428.6187031051331,1.0
offshore,offshore,walton_lighthouse-2025-08-21_140202Z,8.022504000000001,828.0,436.64558150657814,1.0
offshore,offshore,walton_lighthouse-2025-08-21_140202Z,8.022504000000001,832.0,444.01104153992037,1.0
offshore,offshore,walton_lighthouse-2025-08-21_140202Z,8.022504000000001,835.0,450.7487012942686,1.0
offshore,offshore,walton_lighthouse-2025-08-21_140202Z,8.022504000000001,838.0,457.01508668032943,1.0
offshore,offshore,walton_lighthouse-2025-08-21_140202Z,8.022504000000001,842.0,462.9244893757827,1.0
offshore,offshore,walton_lighthouse-2025-08-21_140202Z,8.022504000000001,845.0,468.4582461787738,1.0
offshore,offshore,walton_lighthouse-2025-08-21_140202Z,8.022504000000001,849.0,473.5242364295909,1.0
offshore,offshore,walton_lighthouse-2025-08-21_140202Z,8.022504000000001,852.0,478.07854653078886,1.0
offshore,offshore,walton_lighthouse-2025-08-21_140202Z,8.022504000000001,855.0,482.142045347559,1.0
offshore,offshore,walton_lighthouse-2025-08-21_140202Z,8.022504000000001,859.0,485.757051072813,1.0
offshore,offshore,walton_lighthouse-2025-08-21_140202Z,8.022504000000001,862.0,488.95843324607756,1.0
offshore,offshore,walton_lighthouse-2025-08-21_140202Z,8.022504000000001,866.0,491.77271412392287,1.0
offshore,offshore,walton_lighthouse-2025-08-21_140202Z,8.022504000000001,869.0,494.2522776959699,1.0
offshore,offshore,walton_lighthouse-2025-08-21_140202Z,8.022504000000001,873.0,496.4989112178543,1.0
offshore,offshore,walton_lighthouse-2025-08-21_140202Z,8.022504000000001,876.0,498.6361362077558,1.0
offshore,offshore,walton_lighthouse-2025-08-21_140202Z,8.022504000000001,879.0,500.50455425227767,1.0
offshore,offshore,walton_lighthouse-2025-08-21_140202Z,8.022504000000001,883.0,501.9436176986914,1.0
offshore,offshore,walton_lighthouse-2025-08-21_140202Z,8.022504000000001,886.0,506.95725018329944,0.9603174603174603
offshore,offshore,walton_lighthouse-2025-04-19_140218Z,9.831744,253.0,52.52100385433783,0.998989218328841
offshore,offshore,walton_lighthouse-2025-04-19_140218Z,9.831744,257.0,54.12632173818802,0.998989218328841
offshore,offshore,walton_lighthouse-2025-04-19_140218Z,9.831744,260.0,56.41777348115792,0.998989218328841
offshore,offshore,walton_lighthouse-2025-04-19_140218Z,9.831744,263.0,59.57180176783887,0.998989218328841
offshore,offshore,walton_lighthouse-2025-04-19_140218Z,9.831744,267.0,63.34326244740595,0.998989218328841
offshore,offshore,walton_lighthouse-2025-04-19_140218Z,9.831744,270.0,67.28769888605696,0.998989218328841
offshore,offshore,walton_lighthouse-2025-04-19_140218Z,9.831744,274.0,71.38208999943448,0.998989218328841
offshore,offshore,walton_lighthouse-2025-04-19_140218Z,9.831744,277.0,75.69585664333918,0.998989218328841
offshore,offshore,walton_lighthouse-2025-04-19_140218Z,9.831744,281.0,80.36515431736665,0.998989218328841
offshore,offshore,walton_lighthouse-2025-04-19_140218Z,9.831744,284.0,85.48448594176936,0.998989218328841
offshore,offshore,walton_lighthouse-2025-04-19_140218Z,9.831744,287.0,91.05296009154482,0.998989218328841
offshore,offshore,walton_lighthouse-2025-04-19_140218Z,9.831744,291.0,97.01425993698386,0.998989218328841
offshore,offshore,walton_lighthouse-2025-04-19_140218Z,9.831744,294.0,103.29088829325627,0.998989218328841
offshore,offshore,walton_lighthouse-2025-04-19_140218Z,9.831744,298.0,109.83432945476223,0.998989218328841
offshore,offshore,walton_lighthouse-2025-04-19_140218Z,9.831744,301.0,116.68077123868083,0.998989218328841
offshore,offshore,walton_lighthouse-2025-04-19_140218Z,9.831744,305.0,123.94386258611983,0.998989218328841
offshore,offshore,walton_lighthouse-2025-04-19_140218Z,9.831744,308.0,131.73102988630265,0.998989218328841
offshore,offshore,walton_lighthouse-2025-04-19_140218Z,9.831744,311.0,140.12318688304,0.998989218328841
offshore,offshore,walton_lighthouse-2025-04-19_140218Z,9.831744,315.0,149.12454613858574,0.998989218328841
offshore,offshore,walton_lighthouse-2025-04-19_140218Z,9.831744,318.0,158.64769288170487,0.998989218328841
offshore,offshore,walton_lighthouse-2025-04-19_140218Z,9.831744,322.0,168.60288272393066,0.998989218328841
offshore,offshore,walton_lighthouse-2025-04-19_140218Z,9.831744,325.0,178.94154778165165,0.998989218328841
offshore,offshore,walton_lighthouse-2025-04-19_140218Z,9.831744,329.0,189.59271571340238,0.998989218328841
offshore,offshore,walton_lighthouse-2025-04-19_140218Z,9.831744,332.0,200.4096657601932,0.998989218328841
offshore,offshore,walton_lighthouse-2025-04-19_140218Z,9.831744,335.0,211.20075594165039,0.998989218328841
offshore,offshore,walton_lighthouse-2025-04-19_140218Z,9.831744,339.0,221.73436655363807,0.998989218328841
offshore,offshore,walton_lighthouse-2025-04-19_140218Z,9.831744,342.0,231.88304904889415,0.998989218328841
offshore,offshore,walton_lighthouse-2025-04-19_140218Z,9.831744,346.0,241.55069625594405,0.998989218328841
offshore,offshore,walton_lighthouse-2025-04-19_140218Z,9.831744,349.0,250.55163969231631,0.998989218328841
offshore,offshore,walton_lighthouse-2025-04-19_140218Z,9.831744,352.0,258.7790533465497,0.998989218328841
offshore,offshore,walton_lighthouse-2025-04-19_140218Z,9.831744,356.0,266.25799243358506,0.998989218328841
offshore,offshore,walton_lighthouse-2025-04-19_140218Z,9.831744,359.0,273.0295811267496,0.998989218328841
offshore,offshore,walton_lighthouse-2025-04-19_140218Z,9.831744,363.0,279.1563423087573,0.998989218328841
offshore,offshore,walton_lighthouse-2025-04-19_140218Z,9.831744,366.0,284.7245910696511,0.998989218328841
offshore,offshore,walton_lighthouse-2025-04-19_140218Z,9.831744,370.0,289.8569628655495,0.998989218328841
offshore,offshore,walton_lighthouse-2025-04-19_140218Z,9.831744,373.0,294.72726749888085,0.998989218328841
offshore,offshore,walton_lighthouse-2025-04-19_140218Z,9.831744,376.0,299.45193702062437,0.998989218328841
offshore,offshore,walton_lighthouse-2025-04-19_140218Z,9.831744,380.0,304.1761090285676,0.998989218328841
offshore,offshore,walton_lighthouse-2025-04-19_140218Z,9.831744,383.0,309.234643413797,0.998989218328841
offshore,offshore,walton_lighthouse-2025-04-19_140218Z,9.831744,387.0,315.02685203890206,0.998989218328841
offshore,offshore,walton_lighthouse-2025-04-19_140218Z,9.831744,390.0,321.68398326016296,0.998989218328841
offshore,offshore,walton_lighthouse-2025-04-19_140218Z,9.831744,394.0,328.9369468325484,0.998989218328841
offshore,offshore,walton_lighthouse-2025-04-19_140218Z,9.831744,397.0,336.298216368341,0.998989218328841
offshore,offshore,walton_lighthouse-2025-04-19_140218Z,9.831744,400.0,343.53985714055307,0.998989218328841
offshore,offshore,walton_lighthouse-2025-04-19_140218Z,9.831744,404.0,350.91920861409795,0.998989218328841
offshore,offshore,walton_lighthouse-2025-04-19_140218Z,9.831744,407.0,359.062687979425,0.998989218328841
offshore,offshore,walton_lighthouse-2025-04-19_140218Z,9.831744,411.0,368.6729173859358,0.998989218328841
offshore,offshore,walton_lighthouse-2025-04-19_140218Z,9.831744,414.0,379.75145572480034,0.998989218328841
offshore,offshore,walton_lighthouse-2025-04-19_140218Z,9.831744,417.0,391.4898871779123,0.998989218328841
offshore,offshore,walton_lighthouse-2025-04-19_140218Z,9.831744,421.0,403.24117177873285,0.998989218328841
offshore,offshore,walton_lighthouse-2025-04-19_140218Z,9.831744,424.0,415.3578171083088,0.998989218328841
offshore,offshore,walton_lighthouse-2025-04-19_140218Z,9.831744,428.0,428.9317019644799,0.998989218328841
offshore,offshore,walton_lighthouse-2025-04-19_140218Z,9.831744,431.0,444.57556797592093,0.998989218328841
offshore,offshore,walton_lighthouse-2025-04-19_140218Z,9.831744,435.0,461.75940591662237,0.998989218328841
offshore,offshore,walton_lighthouse-2025-04-19_140218Z,9.831744,438.0,479.1853524422875,0.998989218328841
offshore,offshore,walton_lighthouse-2025-04-19_140218Z,9.831744,441.0,495.8615328707096,0.998989218328841
offshore,offshore,walton_lighthouse-2025-04-19_140218Z,9.831744,445.0,511.98882897163384,0.998989218328841
offshore,offshore,walton_lighthouse-2025-04-19_140218Z,9.831744,448.0,528.581438525774,0.998989218328841
offshore,offshore,walton_lighthouse-2025-04-19_140218Z,9.831744,452.0,546.4943790381535,0.998989218328841
offshore,offshore,walton_lighthouse-2025-04-19_140218Z,9.831744,455.0,565.8759896433736,0.998989218328841
offshore,offshore,walton_lighthouse-2025-04-19_140218Z,9.831744,459.0,586.460560254867,0.998989218328841
offshore,offshore,walton_lighthouse-2025-04-19_140218Z,9.831744,462.0,608.2053556405934,0.998989218328841
offshore,offshore,walton_lighthouse-2025-04-19_140218Z,9.831744,465.0,631.5187751395207,0.998989218328841
offshore,offshore,walton_lighthouse-2025-04-19_140218Z,9.831744,469.0,656.7906770503687,0.998989218328841
offshore,offshore,walton_lighthouse-2025-04-19_140218Z,9.831744,472.0,683.8553050694593,0.998989218328841
offshore,offshore,walton_lighthouse-2025-04-19_140218Z,9.831744,476.0,711.9357755334156,0.998989218328841
offshore,offshore,walton_lighthouse-2025-04-19_140218Z,9.831744,479.0,739.8239988375041,0.998989218328841
offshore,offshore,walton_lighthouse-2025-04-19_140218Z,9.831744,482.0,766.2781099070356,0.998989218328841
offshore,offshore,walton_lighthouse-2025-04-19_140218Z,9.831744,486.0,790.6009111402562,0.998989218328841
offshore,offshore,walton_lighthouse-2025-04-19_140218Z,9.831744,489.0,812.7753399994658,0.998989218328841
offshore,offshore,walton_lighthouse-2025-04-19_140218Z,9.831744,493.0,832.9939392397367,0.998989218328841
offshore,offshore,walton_lighthouse-2025-04-19_140218Z,9.831744,496.0,851.2749527824176,0.998989218328841
offshore,offshore,walton_lighthouse-2025-04-19_140218Z,9.831744,500.0,867.4803726916617,0.998989218328841
offshore,offshore,walton_lighthouse-2025-04-19_140218Z,9.831744,503.0,881.9425179015233,0.998989218328841
offshore,offshore,walton_lighthouse-2025-04-19_140218Z,9.831744,506.0,895.3350892562521,0.998989218328841
offshore,offshore,walton_lighthouse-2025-04-19_140218Z,9.831744,510.0,908.3599691628294,0.998989218328841
offshore,offshore,walton_lighthouse-2025-04-19_140218Z,9.831744,513.0,922.1630564102209,0.998989218328841
offshore,offshore,walton_lighthouse-2025-04-19_140218Z,9.831744,517.0,937.4421820910128,0.998989218328841
offshore,offshore,walton_lighthouse-2025-04-19_140218Z,9.831744,520.0,953.1461568712709,0.998989218328841
offshore,offshore,walton_lighthouse-2025-04-19_140218Z,9.831744,524.0,967.0638014231378,0.998989218328841
offshore,offshore,walton_lighthouse-2025-04-19_140218Z,9.831744,527.0,978.3988887570132,0.998989218328841
offshore,offshore,walton_lighthouse-2025-04-19_140218Z,9.831744,530.0,989.000082326575,0.9993261455525606
offshore,offshore,walton_lighthouse-2025-04-19_140218Z,9.831744,534.0,1000.488340556516,0.9993261455525606
offshore,offshore,walton_lighthouse-2025-04-19_140218Z,9.831744,537.0,1012.5020158675667,0.9993261455525606
offshore,offshore,walton_lighthouse-2025-04-19_140218Z,9.831744,541.0,1024.8592593655103,0.9993261455525606
offshore,offshore,walton_lighthouse-2025-04-19_140218Z,9.831744,544.0,1037.6287332702823,0.9993261455525606
offshore,offshore,walton_lighthouse-2025-04-19_140218Z,9.831744,548.0,1051.5287562126016,0.9993261455525606
offshore,offshore,walton_lighthouse-2025-04-19_140218Z,9.831744,551.0,1067.2066230037537,0.9993261455525606
offshore,offshore,walton_lighthouse-2025-04-19_140218Z,9.831744,554.0,1084.5564536859356,0.9993261455525606
offshore,offshore,walton_lighthouse-2025-04-19_140218Z,9.831744,558.0,1102.9171082171158,0.9993261455525606
offshore,offshore,walton_lighthouse-2025-04-19_140218Z,9.831744,561.0,1121.7725522016085,0.9993261455525606
offshore,offshore,walton_lighthouse-2025-04-19_140218Z,9.831744,565.0,1141.277897140899,0.9993261455525606
offshore,offshore,walton_lighthouse-2025-04-19_140218Z,9.831744,568.0,1162.3688069909413,0.9993261455525606
offshore,offshore,walton_lighthouse-2025-04-19_140218Z,9.831744,571.0,1186.4516649826667,0.9993261455525606
offshore,offshore,walton_lighthouse-2025-04-19_140218Z,9.831744,575.0,1214.2136082517948,0.9993261455525606
offshore,offshore,walton_lighthouse-2025-04-19_140218Z,9.831744,578.0,1244.8271470444697,0.9993261455525606
offshore,offshore,walton_lighthouse-2025-04-19_140218Z,9.831744,582.0,1276.747563599354,0.9993261455525606
offshore,offshore,walton_lighthouse-2025-04-19_140218Z,9.831744,585.0,1309.0154825107911,0.9993261455525606
offshore,offshore,walton_lighthouse-2025-04-19_140218Z,9.831744,589.0,1341.9508672786458,0.998989218328841
offshore,offshore,walton_lighthouse-2025-04-19_140218Z,9.831744,592.0,1375.4010923032308,0.998989218328841
offshore,offshore,walton_lighthouse-2025-04-19_140218Z,9.831744,595.0,1410.1799706652873,0.998989218328841
offshore,offshore,walton_lighthouse-2025-04-19_140218Z,9.831744,599.0,1445.9029159552772,0.998989218328841
offshore,offshore,walton_lighthouse-2025-04-19_140218Z,9.831744,602.0,1481.2454632954223,0.998989218328841
offshore,offshore,walton_lighthouse-2025-04-19_140218Z,9.831744,606.0,1515.047972663849,0.998989218328841
offshore,offshore,walton_lighthouse-2025-04-19_140218Z,9.831744,609.0,1546.832518671091,0.998989218328841
offshore,offshore,walton_lighthouse-2025-04-19_140218Z,9.831744,613.0,1576.516206275609,0.998989218328841
offshore,offshore,walton_lighthouse-2025-04-19_140218Z,9.831744,616.0,1603.867074137813,0.998989218328841
offshore,offshore,walton_lighthouse-2025-04-19_140218Z,9.831744,619.0,1628.4493705331895,0.998989218328841
offshore,offshore,walton_lighthouse-2025-04-19_140218Z,9.831744,623.0,1650.2573091330305,0.998989218328841
offshore,offshore,walton_lighthouse-2025-04-19_140218Z,9.831744,626.0,1669.3874811479675,0.998989218328841
offshore,offshore,walton_lighthouse-2025-04-19_140218Z,9.831744,630.0,1685.2136348900083,0.998989218328841
offshore,offshore,walton_lighthouse-2025-04-19_140218Z,9.831744,633.0,1697.038419100125,0.998989218328841
offshore,offshore,walton_lighthouse-2025-04-19_140218Z,9.831744,636.0,1705.4115584583776,0.998989218328841
offshore,offshore,walton_lighthouse-2025-04-19_140218Z,9.831744,640.0,1711.5849590573919,0.998989218328841
offshore,offshore,walton_lighthouse-2025-04-19_140218Z,9.831744,643.0,1715.6165100469439,0.998989218328841
offshore,offshore,walton_lighthouse-2025-04-19_140218Z,9.831744,647.0,1716.904226301425,0.998989218328841
offshore,offshore,walton_lighthouse-2025-04-19_140218Z,9.831744,650.0,1716.0697678476572,0.998989218328841
offshore,offshore,walton_lighthouse-2025-04-19_140218Z,9.831744,654.0,1715.596902983879,0.998989218328841
offshore,offshore,walton_lighthouse-2025-04-19_140218Z,9.831744,657.0,1717.7050281703691,0.998989218328841
offshore,offshore,walton_lighthouse-2025-04-19_140218Z,9.831744,660.0,1722.5781885401632,0.9986522911051213
offshore,offshore,walton_lighthouse-2025-04-19_140218Z,9.831744,664.0,1727.897299163271,0.9986522911051213
offshore,offshore,walton_lighthouse-2025-04-19_140218Z,9.831744,667.0,1734.2229451357452,0.998989218328841
offshore,offshore,walton_lighthouse-2025-04-19_140218Z,9.831744,671.0,1743.8815137693405,0.998989218328841
offshore,offshore,walton_lighthouse-2025-04-19_140218Z,9.831744,674.0,1756.685035214529,0.998989218328841
offshore,offshore,walton_lighthouse-2025-04-19_140218Z,9.831744,678.0,1771.7404596974325,0.998989218328841
offshore,offshore,walton_lighthouse-2025-04-19_140218Z,9.831744,681.0,1788.5877884773085,0.998989218328841
offshore,offshore,walton_lighthouse-2025-04-19_140218Z,9.831744,684.0,1807.5724938346566,0.998989218328841
offshore,offshore,walton_lighthouse-2025-04-19_140218Z,9.831744,688.0,1829.6585240693573,0.9993261455525606
offshore,offshore,walton_lighthouse-2025-04-19_140218Z,9.831744,691.0,1858.3527655295939,0.9993261455525606
offshore,offshore,walton_lighthouse-2025-04-19_140218Z,9.831744,695.0,1894.3285582824042,0.9993261455525606
offshore,offshore,walton_lighthouse-2025-04-19_140218Z,9.831744,698.0,1937.4291736856583,0.9993261455525606
offshore,offshore,walton_lighthouse-2025-04-19_140218Z,9.831744,701.0,1986.3663527729452,0.9993261455525606
offshore,offshore,walton_lighthouse-2025-04-19_140218Z,9.831744,705.0,2039.474241433046,0.9993261455525606
offshore,offshore,walton_lighthouse-2025-04-19_140218Z,9.831744,708.0,2095.509731270531,0.9993261455525606
offshore,offshore,walton_lighthouse-2025-04-19_140218Z,9.831744,712.0,2152.765194373689,0.9996630727762803
offshore,offshore,walton_lighthouse-2025-04-19_140218Z,9.831744,715.0,2210.752200646758,0.9996630727762803
offshore,offshore,walton_lighthouse-2025-04-19_140218Z,9.831744,719.0,2267.0664979209364,0.9996630727762803
offshore,offshore,walton_lighthouse-2025-04-19_140218Z,9.831744,722.0,2320.8099766233613,0.9996630727762803
offshore,offshore,walton_lighthouse-2025-04-19_140218Z,9.831744,725.0,2371.072005113259,0.9996630727762803
offshore,offshore,walton_lighthouse-2025-04-19_140218Z,9.831744,729.0,2417.7096620538086,0.9996630727762803
offshore,offshore,walton_lighthouse-2025-04-19_140218Z,9.831744,732.0,2463.5749324945878,0.9996630727762803
offshore,offshore,walton_lighthouse-2025-04-19_140218Z,9.831744,736.0,2514.8054084902565,0.9996630727762803
offshore,offshore,walton_lighthouse-2025-04-19_140218Z,9.831744,739.0,2575.5634593815134,0.9996630727762803
offshore,offshore,walton_lighthouse-2025-04-19_140218Z,9.831744,743.0,2642.233741523826,0.9996630727762803
offshore,offshore,walton_lighthouse-2025-04-19_140218Z,9.831744,746.0,2708.471859454612,0.9996630727762803
offshore,offshore,walton_lighthouse-2025-04-19_140218Z,9.831744,749.0,2775.6274951849527,0.9996630727762803
offshore,offshore,walton_lighthouse-2025-04-19_140218Z,9.831744,753.0,2852.011260639059,0.9996630727762803
offshore,offshore,walton_lighthouse-2025-04-19_140218Z,9.831744,756.0,2942.125658472444,0.9996630727762803
offshore,offshore,walton_lighthouse-2025-04-19_140218Z,9.831744,760.0,3026.3527429352603,0.9993261455525606
offshore,offshore,walton_lighthouse-2025-04-19_140218Z,9.831744,763.0,3121.7590483684426,0.9993261455525606
offshore,offshore,walton_lighthouse-2025-04-19_140218Z,9.831744,767.0,3190.9822326908097,0.998989218328841
offshore,offshore,walton_lighthouse-2025-04-19_140218Z,9.831744,770.0,3247.708716684006,0.9986522911051213
offshore,offshore,walton_lighthouse-2025-04-19_140218Z,9.831744,773.0,3288.3787975291852,0.9976415094339622
offshore,offshore,walton_lighthouse-2025-04-19_140218Z,9.831744,777.0,3352.1341547309316,0.9976415094339622
offshore,offshore,walton_lighthouse-2025-04-19_140218Z,9.831744,780.0,3379.847240928112,0.9962938005390836
offshore,offshore,walton_lighthouse-2025-04-19_140218Z,9.831744,784.0,3412.12085145164,0.9952830188679245
offshore,offshore,walton_lighthouse-2025-04-19_140218Z,9.831744,787.0,3443.5098982384184,0.9946091644204852
offshore,offshore,walton_lighthouse-2025-04-19_140218Z,9.831744,790.0,3467.5012623119305,0.9935983827493261
offshore,offshore,walton_lighthouse-2025-04-19_140218Z,9.831744,794.0,3444.7758261194354,0.9902291105121294
offshore,offshore,walton_lighthouse-2025-04-19_140218Z,9.831744,797.0,3431.1146803406145,0.987533692722372
offshore,offshore,walton_lighthouse-2025-04-19_140218Z,9.831744,801.0,3399.8871357454263,0.9841644204851752
offshore,offshore,walton_lighthouse-2025-04-19_140218Z,9.831744,804.0,3271.3870689935143,0.9767520215633423
offshore,offshore,walton_lighthouse-2025-04-19_140218Z,9.831744,808.0,3226.013175669484,0.9727088948787062
offshore,offshore,walton_lighthouse-2025-04-19_140218Z,9.831744,811.0,3158.37698844838,0.9663072776280324
offshore,offshore,walton_lighthouse-2025-04-19_140218Z,9.831744,814.0,3179.355752287744,0.9636118598382749
offshore,offshore,walton_lighthouse-2025-04-19_140218Z,9.831744,818.0,3248.4587559415713,0.9629380053908356
offshore,offshore,walton_lighthouse-2025-04-19_140218Z,9.831744,821.0,3303.0402950927964,0.9615902964959568
offshore,offshore,walton_lighthouse-2025-04-19_140218Z,9.831744,825.0,3282.930101201803,0.9572102425876011
offshore,offshore,walton_lighthouse-2025-04-19_140218Z,9.831744,828.0,3295.4510079783486,0.953167115902965
offshore,offshore,walton_lighthouse-2025-04-19_140218Z,9.831744,832.0,3306.324250442575,0.9481132075471698
offshore,offshore,walton_lighthouse-2025-04-19_140218Z,9.831744,835.0,3258.8098568778096,0.9420485175202157
offshore,offshore,walton_lighthouse-2025-04-19_140218Z,9.831744,838.0,3214.97511841584,0.9369946091644205
offshore,offshore,walton_lighthouse-2025-04-19_140218Z,9.831744,842.0,3168.684654814266,0.9316037735849056
offshore,offshore,walton_lighthouse-2025-04-19_140218Z,9.831744,845.0,3161.093272153238,0.9268867924528302
offshore,offshore,walton_lighthouse-2025-04-19_140218Z,9.831744,849.0,3185.8311579228407,0.9225067385444744
offshore,offshore,walton_lighthouse-2025-04-19_140218Z,9.831744,852.0,3211.8007737208445,0.9164420485175202
offshore,offshore,walton_lighthouse-2025-04-19_140218Z,9.831744,855.0,3243.592231606843,0.9123989218328841
offshore,offshore,walton_lighthouse-2025-04-19_140218Z,9.831744,859.0,3252.235134167654,0.9083557951482479
offshore,offshore,walton_lighthouse-2025-04-19_140218Z,9.831744,862.0,3227.6604879448173,0.9046495956873315
offshore,offshore,walton_lighthouse-2025-04-19_140218Z,9.831744,866.0,3103.007849408969,0.8962264150943396
offshore,offshore,walton_lighthouse-2025-04-19_140218Z,9.831744,869.0,3060.660874229953,0.8908355795148248
offshore,offshore,walton_lighthouse-2025-04-19_140218Z,9.831744,873.0,2991.9386722682666,0.8817385444743935
offshore,offshore,walton_lighthouse-2025-04-19_140218Z,9.831744,876.0,2933.130844769623,0.8736522911051213
offshore,offshore,walton_lighthouse-2025-04-19_140218Z,9.831744,879.0,2861.8469635147994,0.8534366576819407
offshore,offshore,walton_lighthouse-2025-04-19_140218Z,9.831744,883.0,2903.281589283922,0.7981805929919138
offshore,offshore,walton_lighthouse-2025-04-19_140218Z,9.831744,886.0,2872.456930992973,0.7237196765498652
offshore,offshore,walton_lighthouse-2025-08-18_202214Z,9.296092,253.0,169.30581228546717,1.0
offshore,offshore,walton_lighthouse-2025-08-18_202214Z,9.296092,257.0,170.4620659331314,1.0
offshore,offshore,walton_lighthouse-2025-08-18_202214Z,9.296092,260.0,172.1044305040723,1.0
offshore,offshore,walton_lighthouse-2025-08-18_202214Z,9.296092,263.0,174.2808595279146,1.0
offshore,offshore,walton_lighthouse-2025-08-18_202214Z,9.296092,267.0,176.707341470582,1.0
offshore,offshore,walton_lighthouse-2025-08-18_202214Z,9.296092,270.0,178.98416226109026,1.0
offshore,offshore,walton_lighthouse-2025-08-18_202214Z,9.296092,274.0,181.0638415003707,1.0
offshore,offshore,walton_lighthouse-2025-08-18_202214Z,9.296092,277.0,183.0290335438672,1.0
offshore,offshore,walton_lighthouse-2025-08-18_202214Z,9.296092,281.0,185.03719826282145,1.0
offshore,offshore,walton_lighthouse-2025-08-18_202214Z,9.296092,284.0,187.16988044643085,1.0
offshore,offshore,walton_lighthouse-2025-08-18_202214Z,9.296092,287.0,189.4113198886927,1.0
offshore,offshore,walton_lighthouse-2025-08-18_202214Z,9.296092,291.0,191.7394392804296,1.0
offshore,offshore,walton_lighthouse-2025-08-18_202214Z,9.296092,294.0,194.1401988257036,1.0
offshore,offshore,walton_lighthouse-2025-08-18_202214Z,9.296092,298.0,196.60581390638558,1.0
offshore,offshore,walton_lighthouse-2025-08-18_202214Z,9.296092,301.0,199.12206095454877,1.0
offshore,offshore,walton_lighthouse-2025-08-18_202214Z,9.296092,305.0,201.66615782785226,1.0
offshore,offshore,walton_lighthouse-2025-08-18_202214Z,9.296092,308.0,204.20719782598925,1.0
offshore,offshore,walton_lighthouse-2025-08-18_202214Z,9.296092,311.0,206.70707982745918,1.0
offshore,offshore,walton_lighthouse-2025-08-18_202214Z,9.296092,315.0,209.1250225110376,1.0
offshore,offshore,walton_lighthouse-2025-08-18_202214Z,9.296092,318.0,211.4271232566553,1.0
offshore,offshore,walton_lighthouse-2025-08-18_202214Z,9.296092,322.0,213.59390235091462,1.0
offshore,offshore,walton_lighthouse-2025-08-18_202214Z,9.296092,325.0,215.61827696690872,1.0
offshore,offshore,walton_lighthouse-2025-08-18_202214Z,9.296092,329.0,217.49945032328827,1.0
offshore,offshore,walton_lighthouse-2025-08-18_202214Z,9.296092,332.0,219.2379216251273,1.0
offshore,offshore,walton_lighthouse-2025-08-18_202214Z,9.296092,335.0,220.84029067227618,1.0
offshore,offshore,walton_lighthouse-2025-08-18_202214Z,9.296092,339.0,222.32888339073753,1.0
offshore,offshore,walton_lighthouse-2025-08-18_202214Z,9.296092,342.0,223.73642636449057,1.0
offshore,offshore,walton_lighthouse-2025-08-18_202214Z,9.296092,346.0,225.09004381361697,1.0
offshore,offshore,walton_lighthouse-2025-08-18_202214Z,9.296092,349.0,226.4022672502805,1.0
offshore,offshore,walton_lighthouse-2025-08-18_202214Z,9.296092,352.0,227.67705404974154,1.0
offshore,offshore,walton_lighthouse-2025-08-18_202214Z,9.296092,356.0,228.91720049854808,1.0
offshore,offshore,walton_lighthouse-2025-08-18_202214Z,9.296092,359.0,230.1378221715285,1.0
offshore,offshore,walton_lighthouse-2025-08-18_202214Z,9.296092,363.0,231.38036757910393,1.0
offshore,offshore,walton_lighthouse-2025-08-18_202214Z,9.296092,366.0,232.70065238189716,1.0
offshore,offshore,walton_lighthouse-2025-08-18_202214Z,9.296092,370.0,234.14260130513838,1.0
offshore,offshore,walton_lighthouse-2025-08-18_202214Z,9.296092,373.0,235.71991883944827,1.0
offshore,offshore,walton_lighthouse-2025-08-18_202214Z,9.296092,376.0,237.41912754735716,1.0
offshore,offshore,walton_lighthouse-2025-08-18_202214Z,9.296092,380.0,239.21878136574674,1.0
offshore,offshore,walton_lighthouse-2025-08-18_202214Z,9.296092,383.0,241.11564290458796,1.0
offshore,offshore,walton_lighthouse-2025-08-18_202214Z,9.296092,387.0,243.1286090712973,1.0
offshore,offshore,walton_lighthouse-2025-08-18_202214Z,9.296092,390.0,245.26795505321442,1.0
offshore,offshore,walton_lighthouse-2025-08-18_202214Z,9.296092,394.0,247.5066286447679,1.0
offshore,offshore,walton_lighthouse-2025-08-18_202214Z,9.296092,397.0,249.78819883938783,1.0
offshore,offshore,walton_lighthouse-2025-08-18_202214Z,9.296092,400.0,252.06663790727276,1.0
offshore,offshore,walton_lighthouse-2025-08-18_202214Z,9.296092,404.0,254.33974537743063,1.0
offshore,offshore,walton_lighthouse-2025-08-18_202214Z,9.296092,407.0,256.6539789267126,1.0
offshore,offshore,walton_lighthouse-2025-08-18_202214Z,9.296092,411.0,259.07113399808753,1.0
offshore,offshore,walton_lighthouse-2025-08-18_202214Z,9.296092,414.0,261.6282337172696,1.0
offshore,offshore,walton_lighthouse-2025-08-18_202214Z,9.296092,417.0,264.32529017946587,1.0
offshore,offshore,walton_lighthouse-2025-08-18_202214Z,9.296092,421.0,267.13590864844844,1.0
offshore,offshore,walton_lighthouse-2025-08-18_202214Z,9.296092,424.0,270.0005095023072,1.0
offshore,offshore,walton_lighthouse-2025-08-18_202214Z,9.296092,428.0,272.8019406728684,1.0
offshore,offshore,walton_lighthouse-2025-08-18_202214Z,9.296092,431.0,275.38765049346426,1.0
offshore,offshore,walton_lighthouse-2025-08-18_202214Z,9.296092,435.0,277.62537670264857,1.0
offshore,offshore,walton_lighthouse-2025-08-18_202214Z,9.296092,438.0,279.45947096223233,1.0
offshore,offshore,walton_lighthouse-2025-08-18_202214Z,9.296092,441.0,280.92564218461405,1.0
offshore,offshore,walton_lighthouse-2025-08-18_202214Z,9.296092,445.0,282.0982137672367,1.0
offshore,offshore,walton_lighthouse-2025-08-18_202214Z,9.296092,448.0,283.03139370234436,1.0
offshore,offshore,walton_lighthouse-2025-08-18_202214Z,9.296092,452.0,283.7555990699671,1.0
offshore,offshore,walton_lighthouse-2025-08-18_202214Z,9.296092,455.0,284.32344046419007,1.0
offshore,offshore,walton_lighthouse-2025-08-18_202214Z,9.296092,459.0,284.8192409040483,1.0
offshore,offshore,walton_lighthouse-2025-08-18_202214Z,9.296092,462.0,285.33789200438906,1.0
offshore,offshore,walton_lighthouse-2025-08-18_202214Z,9.296092,465.0,285.9656611702716,1.0
offshore,offshore,walton_lighthouse-2025-08-18_202214Z,9.296092,469.0,286.7603087159315,1.0
offshore,offshore,walton_lighthouse-2025-08-18_202214Z,9.296092,472.0,287.74511642403974,1.0
offshore,offshore,walton_lighthouse-2025-08-18_202214Z,9.296092,476.0,288.9079686312226,1.0
offshore,offshore,walton_lighthouse-2025-08-18_202214Z,9.296092,479.0,290.2187718395976,1.0
offshore,offshore,walton_lighthouse-2025-08-18_202214Z,9.296092,482.0,291.64799189427816,1.0
offshore,offshore,walton_lighthouse-2025-08-18_202214Z,9.296092,486.0,293.15330410785725,1.0
offshore,offshore,walton_lighthouse-2025-08-18_202214Z,9.296092,489.0,294.66197500916763,1.0
offshore,offshore,walton_lighthouse-2025-08-18_202214Z,9.296092,493.0,296.0841119225266,1.0
offshore,offshore,walton_lighthouse-2025-08-18_202214Z,9.296092,496.0,297.35616777952066,1.0
offshore,offshore,walton_lighthouse-2025-08-18_202214Z,9.296092,500.0,298.4824896859833,1.0
offshore,offshore,walton_lighthouse-2025-08-18_202214Z,9.296092,503.0,299.53491363712413,1.0
offshore,offshore,walton_lighthouse-2025-08-18_202214Z,9.296092,506.0,300.60915390288125,1.0
offshore,offshore,walton_lighthouse-2025-08-18_202214Z,9.296092,510.0,301.77877681650165,1.0
offshore,offshore,walton_lighthouse-2025-08-18_202214Z,9.296092,513.0,303.0859557924068,1.0
offshore,offshore,walton_lighthouse-2025-08-18_202214Z,9.296092,517.0,304.5506953185325,1.0
offshore,offshore,walton_lighthouse-2025-08-18_202214Z,9.296092,520.0,306.1758128237389,1.0
offshore,offshore,walton_lighthouse-2025-08-18_202214Z,9.296092,524.0,307.94678329756124,1.0
offshore,offshore,walton_lighthouse-2025-08-18_202214Z,9.296092,527.0,309.82273776997334,1.0
offshore,offshore,walton_lighthouse-2025-08-18_202214Z,9.296092,530.0,311.74223147867144,1.0
offshore,offshore,walton_lighthouse-2025-08-18_202214Z,9.296092,534.0,313.63870528265505,1.0
offshore,offshore,walton_lighthouse-2025-08-18_202214Z,9.296092,537.0,315.4563068226972,1.0
offshore,offshore,walton_lighthouse-2025-08-18_202214Z,9.296092,541.0,317.172617165865,1.0
offshore,offshore,walton_lighthouse-2025-08-18_202214Z,9.296092,544.0,318.80900535097106,1.0
offshore,offshore,walton_lighthouse-2025-08-18_202214Z,9.296092,548.0,320.42085542557567,1.0
offshore,offshore,walton_lighthouse-2025-08-18_202214Z,9.296092,551.0,322.06313979634166,1.0
offshore,offshore,walton_lighthouse-2025-08-18_202214Z,9.296092,554.0,323.76881655698287,1.0
offshore,offshore,walton_lighthouse-2025-08-18_202214Z,9.296092,558.0,325.5534925969684,1.0
offshore,offshore,walton_lighthouse-2025-08-18_202214Z,9.296092,561.0,327.3600737495103,1.0
offshore,offshore,walton_lighthouse-2025-08-18_202214Z,9.296092,565.0,329.14198998774845,1.0
offshore,offshore,walton_lighthouse-2025-08-18_202214Z,9.296092,568.0,330.9297467731334,1.0
offshore,offshore,walton_lighthouse-2025-08-18_202214Z,9.296092,571.0,284.1167164608652,0.9989177489177489
offshore,offshore,walton_lighthouse-2025-08-18_202214Z,9.296092,575.0,285.9586769155583,0.9989177489177489
offshore,offshore,walton_lighthouse-2025-08-18_202214Z,9.296092,578.0,287.91761408431444,0.9989177489177489
offshore,offshore,walton_lighthouse-2025-08-18_202214Z,9.296092,582.0,289.9776573594485,0.9989177489177489
offshore,offshore,walton_lighthouse-2025-08-18_202214Z,9.296092,585.0,292.1202976739184,0.9989177489177489
offshore,offshore,walton_lighthouse-2025-08-18_202214Z,9.296092,589.0,294.33188384957646,0.9989177489177489
offshore,offshore,walton_lighthouse-2025-08-18_202214Z,9.296092,592.0,296.6067752174125,0.9989177489177489
offshore,offshore,walton_lighthouse-2025-08-18_202214Z,9.296092,595.0,298.9458619297753,0.9989177489177489
offshore,offshore,walton_lighthouse-2025-08-18_202214Z,9.296092,599.0,301.3514388867278,0.9989177489177489
offshore,offshore,walton_lighthouse-2025-08-18_202214Z,9.296092,602.0,303.82764635679456,0.9989177489177489
offshore,offshore,walton_lighthouse-2025-08-18_202214Z,9.296092,606.0,306.39266308132414,0.9989177489177489
offshore,offshore,walton_lighthouse-2025-08-18_202214Z,9.296092,609.0,309.08840319952816,0.9989177489177489
offshore,offshore,walton_lighthouse-2025-08-18_202214Z,9.296092,613.0,311.9876524794203,0.9989177489177489
offshore,offshore,walton_lighthouse-2025-08-18_202214Z,9.296092,616.0,315.1716641713364,0.9989177489177489
offshore,offshore,walton_lighthouse-2025-08-18_202214Z,9.296092,619.0,318.595613852138,0.9989177489177489
offshore,offshore,walton_lighthouse-2025-08-18_202214Z,9.296092,623.0,322.15672778086434,0.9989177489177489
offshore,offshore,walton_lighthouse-2025-08-18_202214Z,9.296092,626.0,325.81302497562416,0.9989177489177489
offshore,offshore,walton_lighthouse-2025-08-18_202214Z,9.296092,630.0,286.14435938499133,0.9978354978354979
offshore,offshore,walton_lighthouse-2025-08-18_202214Z,9.296092,633.0,289.769717797188,0.9978354978354979
offshore,offshore,walton_lighthouse-2025-08-18_202214Z,9.296092,636.0,293.4452148984351,0.9978354978354979
offshore,offshore,walton_lighthouse-2025-08-18_202214Z,9.296092,640.0,297.11743080772305,0.9978354978354979
offshore,offshore,walton_lighthouse-2025-08-18_202214Z,9.296092,643.0,300.747404230188,0.9978354978354979
offshore,offshore,walton_lighthouse-2025-08-18_202214Z,9.296092,647.0,304.3130857578636,0.9978354978354979
offshore,offshore,walton_lighthouse-2025-08-18_202214Z,9.296092,650.0,307.7782774312611,0.9978354978354979
offshore,offshore,walton_lighthouse-2025-08-18_202214Z,9.296092,654.0,311.08887601373004,0.9978354978354979
offshore,offshore,walton_lighthouse-2025-08-18_202214Z,9.296092,657.0,314.22690375537394,0.9978354978354979
offshore,offshore,walton_lighthouse-2025-08-18_202214Z,9.296092,660.0,317.25302826555856,0.9978354978354979
offshore,offshore,walton_lighthouse-2025-08-18_202214Z,9.296092,664.0,320.306171411695,0.9978354978354979
offshore,offshore,walton_lighthouse-2025-08-18_202214Z,9.296092,667.0,323.545699105201,0.9978354978354979
offshore,offshore,walton_lighthouse-2025-08-18_202214Z,9.296092,671.0,327.0412679113991,0.9978354978354979
offshore,offshore,walton_lighthouse-2025-08-18_202214Z,9.296092,674.0,330.7279900884747,0.9978354978354979
offshore,offshore,walton_lighthouse-2025-08-18_202214Z,9.296092,678.0,334.39542892512776,0.9978354978354979
offshore,offshore,walton_lighthouse-2025-08-18_202214Z,9.296092,681.0,337.8699957399369,0.9978354978354979
offshore,offshore,walton_lighthouse-2025-08-18_202214Z,9.296092,684.0,341.1261903729497,0.9978354978354979
offshore,offshore,walton_lighthouse-2025-08-18_202214Z,9.296092,688.0,305.52382836748836,0.9967532467532467
offshore,offshore,walton_lighthouse-2025-08-18_202214Z,9.296092,691.0,308.49316623661787,0.9967532467532467
offshore,offshore,walton_lighthouse-2025-08-18_202214Z,9.296092,695.0,311.39841585403957,0.9967532467532467
offshore,offshore,walton_lighthouse-2025-08-18_202214Z,9.296092,698.0,314.2159358837375,0.9967532467532467
offshore,offshore,walton_lighthouse-2025-08-18_202214Z,9.296092,701.0,316.94505333169707,0.9967532467532467
offshore,offshore,walton_lighthouse-2025-08-18_202214Z,9.296092,705.0,319.59891817012993,0.9967532467532467
offshore,offshore,walton_lighthouse-2025-08-18_202214Z,9.296092,708.0,322.17183491295765,0.9967532467532467
offshore,offshore,walton_lighthouse-2025-08-18_202214Z,9.296092,712.0,324.61021757371634,0.9967532467532467
offshore,offshore,walton_lighthouse-2025-08-18_202214Z,9.296092,715.0,326.82963432962737,0.9967532467532467
offshore,offshore,walton_lighthouse-2025-08-18_202214Z,9.296092,719.0,328.7736664225503,0.9967532467532467
offshore,offshore,walton_lighthouse-2025-08-18_202214Z,9.296092,722.0,330.4584982619869,0.9967532467532467
offshore,offshore,walton_lighthouse-2025-08-18_202214Z,9.296092,725.0,331.98040825252406,0.9967532467532467
offshore,offshore,walton_lighthouse-2025-08-18_202214Z,9.296092,729.0,333.4633685315294,0.9967532467532467
offshore,offshore,walton_lighthouse-2025-08-18_202214Z,9.296092,732.0,334.9877607162433,0.9967532467532467
offshore,offshore,walton_lighthouse-2025-08-18_202214Z,9.296092,736.0,336.57522103593027,0.9967532467532467
offshore,offshore,walton_lighthouse-2025-08-18_202214Z,9.296092,739.0,338.22651981450304,0.9967532467532467
offshore,offshore,walton_lighthouse-2025-08-18_202214Z,9.296092,743.0,339.9674961729676,0.9967532467532467
offshore,offshore,walton_lighthouse-2025-08-18_202214Z,9.296092,746.0,341.8711528595145,0.9967532467532467
offshore,offshore,walton_lighthouse-2025-08-18_202214Z,9.296092,749.0,344.0349146066482,0.9967532467532467
offshore,offshore,walton_lighthouse-2025-08-18_202214Z,9.296092,753.0,346.4763997716437,0.9967532467532467
offshore,offshore,walton_lighthouse-2025-08-18_202214Z,9.296092,756.0,349.17529272868586,0.9967532467532467
offshore,offshore,walton_lighthouse-2025-08-18_202214Z,9.296092,760.0,352.16300116312914,0.9967532467532467
offshore,offshore,walton_lighthouse-2025-08-18_202214Z,9.296092,763.0,325.32479301620106,0.9956709956709957
offshore,offshore,walton_lighthouse-2025-08-18_202214Z,9.296092,767.0,329.17189813314434,0.9956709956709957
offshore,offshore,walton_lighthouse-2025-08-18_202214Z,9.296092,770.0,333.3522945154414,0.9956709956709957
offshore,offshore,walton_lighthouse-2025-08-18_202214Z,9.296092,773.0,337.64552542215716,0.9956709956709957
offshore,offshore,walton_lighthouse-2025-08-18_202214Z,9.296092,777.0,341.8433773487968,0.9956709956709957
offshore,offshore,walton_lighthouse-2025-08-18_202214Z,9.296092,780.0,345.8752689227056,0.9956709956709957
offshore,offshore,walton_lighthouse-2025-08-18_202214Z,9.296092,784.0,349.80914399418566,0.9956709956709957
offshore,offshore,walton_lighthouse-2025-08-18_202214Z,9.296092,787.0,353.73218953716196,0.9956709956709957
offshore,offshore,walton_lighthouse-2025-08-18_202214Z,9.296092,790.0,357.6331756877257,0.9956709956709957
offshore,offshore,walton_lighthouse-2025-08-18_202214Z,9.296092,794.0,361.29373323127913,0.9956709956709957
offshore,offshore,walton_lighthouse-2025-08-18_202214Z,9.296092,797.0,364.44043689122446,0.9956709956709957
offshore,offshore,walton_lighthouse-2025-08-18_202214Z,9.296092,801.0,366.95514568197535,0.9956709956709957
offshore,offshore,walton_lighthouse-2025-08-18_202214Z,9.296092,804.0,343.1228680730993,0.9945887445887446
offshore,offshore,walton_lighthouse-2025-08-18_202214Z,9.296092,808.0,344.44489871623983,0.9945887445887446
offshore,offshore,walton_lighthouse-2025-08-18_202214Z,9.296092,811.0,345.4022947592869,0.9945887445887446
offshore,offshore,walton_lighthouse-2025-08-18_202214Z,9.296092,814.0,346.05818397578975,0.9945887445887446
offshore,offshore,walton_lighthouse-2025-08-18_202214Z,9.296092,818.0,346.43748792550866,0.9945887445887446
offshore,offshore,walton_lighthouse-2025-08-18_202214Z,9.296092,821.0,346.5628811227517,0.9945887445887446
offshore,offshore,walton_lighthouse-2025-08-18_202214Z,9.296092,825.0,346.49764883618735,0.9945887445887446
offshore,offshore,walton_lighthouse-2025-08-18_202214Z,9.296092,828.0,346.3431426257833,0.9945887445887446
offshore,offshore,walton_lighthouse-2025-08-18_202214Z,9.296092,832.0,346.2035953574703,0.9945887445887446
offshore,offshore,walton_lighthouse-2025-08-18_202214Z,9.296092,835.0,346.15028058698863,0.9945887445887446
offshore,offshore,walton_lighthouse-2025-08-18_202214Z,9.296092,838.0,346.20879166668453,0.9945887445887446
offshore,offshore,walton_lighthouse-2025-08-18_202214Z,9.296092,842.0,346.30032224405005,0.9945887445887446
offshore,offshore,walton_lighthouse-2025-08-18_202214Z,9.296092,845.0,346.3714141677098,0.9945887445887446
offshore,offshore,walton_lighthouse-2025-08-18_202214Z,9.296092,849.0,346.47090105075443,0.9945887445887446
offshore,offshore,walton_lighthouse-2025-08-18_202214Z,9.296092,852.0,324.5004126336792,0.9935064935064936
offshore,offshore,walton_lighthouse-2025-08-18_202214Z,9.296092,855.0,324.6738172504001,0.9935064935064936
offshore,offshore,walton_lighthouse-2025-08-18_202214Z,9.296092,859.0,324.9387612610525,0.9935064935064936
offshore,offshore,walton_lighthouse-2025-08-18_202214Z,9.296092,862.0,325.22278108540416,0.9935064935064936
offshore,offshore,walton_lighthouse-2025-08-18_202214Z,9.296092,866.0,325.4853382132557,0.9935064935064936
offshore,offshore,walton_lighthouse-2025-08-18_202214Z,9.296092,869.0,325.73863950845924,0.9935064935064936
offshore,offshore,walton_lighthouse-2025-08-18_202214Z,9.296092,873.0,326.0322368817662,0.9935064935064936
offshore,offshore,walton_lighthouse-2025-08-18_202214Z,9.296092,876.0,326.4167877781074,0.9935064935064936
offshore,offshore,walton_lighthouse-2025-08-18_202214Z,9.296092,879.0,326.84961703960545,0.9935064935064936
offshore,offshore,walton_lighthouse-2025-08-18_202214Z,9.296092,883.0,327.24788899172887,0.9935064935064936
offshore,offshore,walton_lighthouse-2025-08-18_202214Z,9.296092,886.0,336.7816804807794,0.9502164502164502
offshore,offshore,walton_lighthouse-2025-09-25_140202Z,10.888910999999998,253.0,3.897838214702939,1.0
offshore,offshore,walton_lighthouse-2025-09-25_140202Z,10.888910999999998,257.0,3.9392112417447476,1.0
offshore,offshore,walton_lighthouse-2025-09-25_140202Z,10.888910999999998,260.0,4.005840210487977,1.0
offshore,offshore,walton_lighthouse-2025-09-25_140202Z,10.888910999999998,263.0,4.100645026845767,1.0
offshore,offshore,walton_lighthouse-2025-09-25_140202Z,10.888910999999998,267.0,4.204799127090354,1.0
offshore,offshore,walton_lighthouse-2025-09-25_140202Z,10.888910999999998,270.0,4.291569228522422,1.0
offshore,offshore,walton_lighthouse-2025-09-25_140202Z,10.888910999999998,274.0,4.366449037466981,1.0
offshore,offshore,walton_lighthouse-2025-09-25_140202Z,10.888910999999998,277.0,4.456796342105956,1.0
offshore,offshore,walton_lighthouse-2025-09-25_140202Z,10.888910999999998,281.0,4.590641245002013,1.0
offshore,offshore,walton_lighthouse-2025-09-25_140202Z,10.888910999999998,284.0,4.778180296008389,1.0
offshore,offshore,walton_lighthouse-2025-09-25_140202Z,10.888910999999998,287.0,5.017285101403884,1.0
offshore,offshore,walton_lighthouse-2025-09-25_140202Z,10.888910999999998,291.0,5.30521846896994,1.0
offshore,offshore,walton_lighthouse-2025-09-25_140202Z,10.888910999999998,294.0,5.644470822755703,1.0
offshore,offshore,walton_lighthouse-2025-09-25_140202Z,10.888910999999998,298.0,6.037035977364854,1.0
offshore,offshore,walton_lighthouse-2025-09-25_140202Z,10.888910999999998,301.0,6.477485658247927,1.0
offshore,offshore,walton_lighthouse-2025-09-25_140202Z,10.888910999999998,305.0,6.953487851298819,1.0
offshore,offshore,walton_lighthouse-2025-09-25_140202Z,10.888910999999998,308.0,7.446884691639771,1.0
offshore,offshore,walton_lighthouse-2025-09-25_140202Z,10.888910999999998,311.0,7.937093417513874,1.0
offshore,offshore,walton_lighthouse-2025-09-25_140202Z,10.888910999999998,315.0,8.405325563879748,1.0
offshore,offshore,walton_lighthouse-2025-09-25_140202Z,10.888910999999998,318.0,8.838778135918414,1.0
offshore,offshore,walton_lighthouse-2025-09-25_140202Z,10.888910999999998,322.0,9.235637149878242,1.0
offshore,offshore,walton_lighthouse-2025-09-25_140202Z,10.888910999999998,325.0,9.602036319771639,1.0
offshore,offshore,walton_lighthouse-2025-09-25_140202Z,10.888910999999998,329.0,9.944112348742655,1.0
offshore,offshore,walton_lighthouse-2025-09-25_140202Z,10.888910999999998,332.0,10.266333153218614,1.0
offshore,offshore,walton_lighthouse-2025-09-25_140202Z,10.888910999999998,335.0,10.572375906472528,1.0
offshore,offshore,walton_lighthouse-2025-09-25_140202Z,10.888910999999998,339.0,10.870231228635935,1.0
offshore,offshore,walton_lighthouse-2025-09-25_140202Z,10.888910999999998,342.0,11.1772522601637,1.0
offshore,offshore,walton_lighthouse-2025-09-25_140202Z,10.888910999999998,346.0,11.51072853839351,1.0
offshore,offshore,walton_lighthouse-2025-09-25_140202Z,10.888910999999998,349.0,11.86642744697378,1.0
offshore,offshore,walton_lighthouse-2025-09-25_140202Z,10.888910999999998,352.0,12.219552113574135,1.0
offshore,offshore,walton_lighthouse-2025-09-25_140202Z,10.888910999999998,356.0,12.553838732524369,1.0
offshore,offshore,walton_lighthouse-2025-09-25_140202Z,10.888910999999998,359.0,12.888259913490451,1.0
offshore,offshore,walton_lighthouse-2025-09-25_140202Z,10.888910999999998,363.0,13.267935933145411,1.0
offshore,offshore,walton_lighthouse-2025-09-25_140202Z,10.888910999999998,366.0,13.727495429173286,1.0
offshore,offshore,walton_lighthouse-2025-09-25_140202Z,10.888910999999998,370.0,14.274615658929573,1.0
offshore,offshore,walton_lighthouse-2025-09-25_140202Z,10.888910999999998,373.0,14.900690366794818,1.0
offshore,offshore,walton_lighthouse-2025-09-25_140202Z,10.888910999999998,376.0,15.596086981326936,1.0
offshore,offshore,walton_lighthouse-2025-09-25_140202Z,10.888910999999998,380.0,16.354357855470102,1.0
offshore,offshore,walton_lighthouse-2025-09-25_140202Z,10.888910999999998,383.0,17.17139338021092,1.0
offshore,offshore,walton_lighthouse-2025-09-25_140202Z,10.888910999999998,387.0,18.047462627244183,1.0
offshore,offshore,walton_lighthouse-2025-09-25_140202Z,10.888910999999998,390.0,18.990213552330403,1.0
offshore,offshore,walton_lighthouse-2025-09-25_140202Z,10.888910999999998,394.0,20.012867513689134,1.0
offshore,offshore,walton_lighthouse-2025-09-25_140202Z,10.888910999999998,397.0,21.12618451126676,1.0
offshore,offshore,walton_lighthouse-2025-09-25_140202Z,10.888910999999998,400.0,22.331105316952634,1.0
offshore,offshore,walton_lighthouse-2025-09-25_140202Z,10.888910999999998,404.0,23.6178456686369,1.0
offshore,offshore,walton_lighthouse-2025-09-25_140202Z,10.888910999999998,407.0,24.972701089567693,1.0
offshore,offshore,walton_lighthouse-2025-09-25_140202Z,10.888910999999998,411.0,26.3892446775758,1.0
offshore,offshore,walton_lighthouse-2025-09-25_140202Z,10.888910999999998,414.0,27.873345199080575,1.0
offshore,offshore,walton_lighthouse-2025-09-25_140202Z,10.888910999999998,417.0,29.43252848554799,1.0
offshore,offshore,walton_lighthouse-2025-09-25_140202Z,10.888910999999998,421.0,31.058052247882674,1.0
offshore,offshore,walton_lighthouse-2025-09-25_140202Z,10.888910999999998,424.0,32.71414018379792,1.0
offshore,offshore,walton_lighthouse-2025-09-25_140202Z,10.888910999999998,428.0,34.34652282692939,1.0
offshore,offshore,walton_lighthouse-2025-09-25_140202Z,10.888910999999998,431.0,35.90491560265725,1.0
offshore,offshore,walton_lighthouse-2025-09-25_140202Z,10.888910999999998,435.0,37.36389915632415,1.0
offshore,offshore,walton_lighthouse-2025-09-25_140202Z,10.888910999999998,438.0,38.72996575256291,1.0
offshore,offshore,walton_lighthouse-2025-09-25_140202Z,10.888910999999998,441.0,40.02775363926839,1.0
offshore,offshore,walton_lighthouse-2025-09-25_140202Z,10.888910999999998,445.0,41.281420482824984,1.0
offshore,offshore,walton_lighthouse-2025-09-25_140202Z,10.888910999999998,448.0,42.50002506711356,1.0
offshore,offshore,walton_lighthouse-2025-09-25_140202Z,10.888910999999998,452.0,43.67626002252713,1.0
offshore,offshore,walton_lighthouse-2025-09-25_140202Z,10.888910999999998,455.0,44.7931406743748,1.0
offshore,offshore,walton_lighthouse-2025-09-25_140202Z,10.888910999999998,459.0,45.832578297335026,1.0
offshore,offshore,walton_lighthouse-2025-09-25_140202Z,10.888910999999998,462.0,46.78796837701434,1.0
offshore,offshore,walton_lighthouse-2025-09-25_140202Z,10.888910999999998,465.0,47.665850339007704,1.0
offshore,offshore,walton_lighthouse-2025-09-25_140202Z,10.888910999999998,469.0,48.47109067762485,1.0
offshore,offshore,walton_lighthouse-2025-09-25_140202Z,10.888910999999998,472.0,49.18963917253764,1.0
offshore,offshore,walton_lighthouse-2025-09-25_140202Z,10.888910999999998,476.0,49.799713384089046,1.0
offshore,offshore,walton_lighthouse-2025-09-25_140202Z,10.888910999999998,479.0,50.28908239018777,1.0
offshore,offshore,walton_lighthouse-2025-09-25_140202Z,10.888910999999998,482.0,50.65676887807378,1.0
offshore,offshore,walton_lighthouse-2025-09-25_140202Z,10.888910999999998,486.0,50.905198564325154,1.0
offshore,offshore,walton_lighthouse-2025-09-25_140202Z,10.888910999999998,489.0,51.02656362855165,1.0
offshore,offshore,walton_lighthouse-2025-09-25_140202Z,10.888910999999998,493.0,51.02240722402955,1.0
offshore,offshore,walton_lighthouse-2025-09-25_140202Z,10.888910999999998,496.0,50.92632021867729,1.0
offshore,offshore,walton_lighthouse-2025-09-25_140202Z,10.888910999999998,500.0,50.783471829455486,1.0
offshore,offshore,walton_lighthouse-2025-09-25_140202Z,10.888910999999998,503.0,50.620844210087164,1.0
offshore,offshore,walton_lighthouse-2025-09-25_140202Z,10.888910999999998,506.0,50.44158148549657,1.0
offshore,offshore,walton_lighthouse-2025-09-25_140202Z,10.888910999999998,510.0,50.238473763326574,1.0
offshore,offshore,walton_lighthouse-2025-09-25_140202Z,10.888910999999998,513.0,50.00351777064939,1.0
offshore,offshore,walton_lighthouse-2025-09-25_140202Z,10.888910999999998,517.0,49.73567131030927,1.0
offshore,offshore,walton_lighthouse-2025-09-25_140202Z,10.888910999999998,520.0,49.44206883146998,1.0
offshore,offshore,walton_lighthouse-2025-09-25_140202Z,10.888910999999998,524.0,49.134395365413255,1.0
offshore,offshore,walton_lighthouse-2025-09-25_140202Z,10.888910999999998,527.0,48.822667432423856,1.0
offshore,offshore,walton_lighthouse-2025-09-25_140202Z,10.888910999999998,530.0,48.50754559131385,1.0
offshore,offshore,walton_lighthouse-2025-09-25_140202Z,10.888910999999998,534.0,48.18577727062873,1.0
offshore,offshore,walton_lighthouse-2025-09-25_140202Z,10.888910999999998,537.0,47.86320070805702,1.0
offshore,offshore,walton_lighthouse-2025-09-25_140202Z,10.888910999999998,541.0,47.55877392667904,1.0
offshore,offshore,walton_lighthouse-2025-09-25_140202Z,10.888910999999998,544.0,47.294413074173875,1.0
offshore,offshore,walton_lighthouse-2025-09-25_140202Z,10.888910999999998,548.0,47.083168492828975,1.0
offshore,offshore,walton_lighthouse-2025-09-25_140202Z,10.888910999999998,551.0,46.92415889080258,1.0
offshore,offshore,walton_lighthouse-2025-09-25_140202Z,10.888910999999998,554.0,46.81263671193253,1.0
offshore,offshore,walton_lighthouse-2025-09-25_140202Z,10.888910999999998,558.0,46.75340351307876,1.0
offshore,offshore,walton_lighthouse-2025-09-25_140202Z,10.888910999999998,561.0,46.76009902989419,1.0
offshore,offshore,walton_lighthouse-2025-09-25_140202Z,10.888910999999998,565.0,46.848870658489005,1.0
offshore,offshore,walton_lighthouse-2025-09-25_140202Z,10.888910999999998,568.0,47.038720078838,1.0
offshore,offshore,walton_lighthouse-2025-09-25_140202Z,10.888910999999998,571.0,47.35379594049297,1.0
offshore,offshore,walton_lighthouse-2025-09-25_140202Z,10.888910999999998,575.0,47.81897862786622,1.0
offshore,offshore,walton_lighthouse-2025-09-25_140202Z,10.888910999999998,578.0,48.456435067627865,1.0
offshore,offshore,walton_lighthouse-2025-09-25_140202Z,10.888910999999998,582.0,49.28218069090071,1.0
offshore,offshore,walton_lighthouse-2025-09-25_140202Z,10.888910999999998,585.0,50.29960162230817,1.0
offshore,offshore,walton_lighthouse-2025-09-25_140202Z,10.888910999999998,589.0,51.49809417572188,1.0
offshore,offshore,walton_lighthouse-2025-09-25_140202Z,10.888910999999998,592.0,52.86757228965007,1.0
offshore,offshore,walton_lighthouse-2025-09-25_140202Z,10.888910999999998,595.0,54.42841520029621,1.0
offshore,offshore,walton_lighthouse-2025-09-25_140202Z,10.888910999999998,599.0,56.23929064596471,1.0
offshore,offshore,walton_lighthouse-2025-09-25_140202Z,10.888910999999998,602.0,58.335971086237265,1.0
offshore,offshore,walton_lighthouse-2025-09-25_140202Z,10.888910999999998,606.0,60.6339395069734,1.0
offshore,offshore,walton_lighthouse-2025-09-25_140202Z,10.888910999999998,609.0,62.92551992388025,1.0
offshore,offshore,walton_lighthouse-2025-09-25_140202Z,10.888910999999998,613.0,64.99717973532498,1.0
offshore,offshore,walton_lighthouse-2025-09-25_140202Z,10.888910999999998,616.0,66.7303688629043,1.0
offshore,offshore,walton_lighthouse-2025-09-25_140202Z,10.888910999999998,619.0,68.11528107423987,1.0
offshore,offshore,walton_lighthouse-2025-09-25_140202Z,10.888910999999998,623.0,69.20805417944372,1.0
offshore,offshore,walton_lighthouse-2025-09-25_140202Z,10.888910999999998,626.0,70.08549849572682,1.0
offshore,offshore,walton_lighthouse-2025-09-25_140202Z,10.888910999999998,630.0,70.8182134264782,1.0
offshore,offshore,walton_lighthouse-2025-09-25_140202Z,10.888910999999998,633.0,71.45318173606098,1.0
offshore,offshore,walton_lighthouse-2025-09-25_140202Z,10.888910999999998,636.0,72.01672202207817,1.0
offshore,offshore,walton_lighthouse-2025-09-25_140202Z,10.888910999999998,640.0,72.52568404556726,1.0
offshore,offshore,walton_lighthouse-2025-09-25_140202Z,10.888910999999998,643.0,72.99169306526267,1.0
offshore,offshore,walton_lighthouse-2025-09-25_140202Z,10.888910999999998,647.0,73.41985931639537,1.0
offshore,offshore,walton_lighthouse-2025-09-25_140202Z,10.888910999999998,650.0,73.80875107061931,1.0
offshore,offshore,walton_lighthouse-2025-09-25_140202Z,10.888910999999998,654.0,74.14874317436409,1.0
offshore,offshore,walton_lighthouse-2025-09-25_140202Z,10.888910999999998,657.0,74.42872486204855,1.0
offshore,offshore,walton_lighthouse-2025-09-25_140202Z,10.888910999999998,660.0,74.64569835943112,1.0
offshore,offshore,walton_lighthouse-2025-09-25_140202Z,10.888910999999998,664.0,74.80166677158495,1.0
offshore,offshore,walton_lighthouse-2025-09-25_140202Z,10.888910999999998,667.0,74.90104529769987,1.0
offshore,offshore,walton_lighthouse-2025-09-25_140202Z,10.888910999999998,671.0,74.94854551895384,1.0
offshore,offshore,walton_lighthouse-2025-09-25_140202Z,10.888910999999998,674.0,74.94474415093225,1.0
offshore,offshore,walton_lighthouse-2025-09-25_140202Z,10.888910999999998,678.0,74.88659462084004,1.0
offshore,offshore,walton_lighthouse-2025-09-25_140202Z,10.888910999999998,681.0,74.76595401167486,1.0
offshore,offshore,walton_lighthouse-2025-09-25_140202Z,10.888910999999998,684.0,74.56343600743976,1.0
offshore,offshore,walton_lighthouse-2025-09-25_140202Z,10.888910999999998,688.0,74.25207595544587,1.0
offshore,offshore,walton_lighthouse-2025-09-25_140202Z,10.888910999999998,691.0,73.80957842088668,1.0
offshore,offshore,walton_lighthouse-2025-09-25_140202Z,10.888910999999998,695.0,73.22653546407383,1.0
offshore,offshore,walton_lighthouse-2025-09-25_140202Z,10.888910999999998,698.0,72.51917707538244,1.0
offshore,offshore,walton_lighthouse-2025-09-25_140202Z,10.888910999999998,701.0,71.74656679551553,1.0
offshore,offshore,walton_lighthouse-2025-09-25_140202Z,10.888910999999998,705.0,71.00687157289705,1.0
offshore,offshore,walton_lighthouse-2025-09-25_140202Z,10.888910999999998,708.0,70.39463140206087,1.0
offshore,offshore,walton_lighthouse-2025-09-25_140202Z,10.888910999999998,712.0,69.95654648649861,1.0
offshore,offshore,walton_lighthouse-2025-09-25_140202Z,10.888910999999998,715.0,69.690838727166,1.0
offshore,offshore,walton_lighthouse-2025-09-25_140202Z,10.888910999999998,719.0,69.57579487931487,1.0
offshore,offshore,walton_lighthouse-2025-09-25_140202Z,10.888910999999998,722.0,69.58786934787753,1.0
offshore,offshore,walton_lighthouse-2025-09-25_140202Z,10.888910999999998,725.0,69.69687287385693,1.0
offshore,offshore,walton_lighthouse-2025-09-25_140202Z,10.888910999999998,729.0,69.86398693855008,1.0
offshore,offshore,walton_lighthouse-2025-09-25_140202Z,10.888910999999998,732.0,70.05391289501655,1.0
offshore,offshore,walton_lighthouse-2025-09-25_140202Z,10.888910999999998,736.0,70.24734793228212,1.0
offshore,offshore,walton_lighthouse-2025-09-25_140202Z,10.888910999999998,739.0,70.44593674062482,1.0
offshore,offshore,walton_lighthouse-2025-09-25_140202Z,10.888910999999998,743.0,70.6675103090054,1.0
offshore,offshore,walton_lighthouse-2025-09-25_140202Z,10.888910999999998,746.0,70.93426423660404,1.0
offshore,offshore,walton_lighthouse-2025-09-25_140202Z,10.888910999999998,749.0,71.2659027387808,1.0
offshore,offshore,walton_lighthouse-2025-09-25_140202Z,10.888910999999998,753.0,71.67190417768437,1.0
offshore,offshore,walton_lighthouse-2025-09-25_140202Z,10.888910999999998,756.0,72.14922051232426,1.0
offshore,offshore,walton_lighthouse-2025-09-25_140202Z,10.888910999999998,760.0,72.68814908454833,1.0
offshore,offshore,walton_lighthouse-2025-09-25_140202Z,10.888910999999998,763.0,73.27871231445647,1.0
offshore,offshore,walton_lighthouse-2025-09-25_140202Z,10.888910999999998,767.0,73.92172526037497,1.0
offshore,offshore,walton_lighthouse-2025-09-25_140202Z,10.888910999999998,770.0,74.63848987515598,1.0
offshore,offshore,walton_lighthouse-2025-09-25_140202Z,10.888910999999998,773.0,75.46250568840429,1.0
offshore,offshore,walton_lighthouse-2025-09-25_140202Z,10.888910999999998,777.0,76.39811901889577,1.0
offshore,offshore,walton_lighthouse-2025-09-25_140202Z,10.888910999999998,780.0,77.41229454447154,1.0
offshore,offshore,walton_lighthouse-2025-09-25_140202Z,10.888910999999998,784.0,78.4670445540836,1.0
offshore,offshore,walton_lighthouse-2025-09-25_140202Z,10.888910999999998,787.0,79.54452131514905,1.0
offshore,offshore,walton_lighthouse-2025-09-25_140202Z,10.888910999999998,790.0,80.65529504865414,1.0
offshore,offshore,walton_lighthouse-2025-09-25_140202Z,10.888910999999998,794.0,81.84224267042684,1.0
offshore,offshore,walton_lighthouse-2025-09-25_140202Z,10.888910999999998,797.0,83.16046246272036,1.0
offshore,offshore,walton_lighthouse-2025-09-25_140202Z,10.888910999999998,801.0,84.6397478437118,1.0
offshore,offshore,walton_lighthouse-2025-09-25_140202Z,10.888910999999998,804.0,86.25284165788787,1.0
offshore,offshore,walton_lighthouse-2025-09-25_140202Z,10.888910999999998,808.0,87.89943485846132,1.0
offshore,offshore,walton_lighthouse-2025-09-25_140202Z,10.888910999999998,811.0,89.461831693512,1.0
offshore,offshore,walton_lighthouse-2025-09-25_140202Z,10.888910999999998,814.0,90.87370810206495,1.0
offshore,offshore,walton_lighthouse-2025-09-25_140202Z,10.888910999999998,818.0,92.15036130580792,1.0
offshore,offshore,walton_lighthouse-2025-09-25_140202Z,10.888910999999998,821.0,93.32488560830643,1.0
offshore,offshore,walton_lighthouse-2025-09-25_140202Z,10.888910999999998,825.0,94.43215940156567,1.0
offshore,offshore,walton_lighthouse-2025-09-25_140202Z,10.888910999999998,828.0,95.55300206845867,1.0
offshore,offshore,walton_lighthouse-2025-09-25_140202Z,10.888910999999998,832.0,96.77090799080216,1.0
offshore,offshore,walton_lighthouse-2025-09-25_140202Z,10.888910999999998,835.0,98.12056449635274,1.0
offshore,offshore,walton_lighthouse-2025-09-25_140202Z,10.888910999999998,838.0,99.58650087488553,1.0
offshore,offshore,walton_lighthouse-2025-09-25_140202Z,10.888910999999998,842.0,101.14567319010314,1.0
offshore,offshore,walton_lighthouse-2025-09-25_140202Z,10.888910999999998,845.0,102.77712064098482,1.0
offshore,offshore,walton_lighthouse-2025-09-25_140202Z,10.888910999999998,849.0,104.45955542056474,1.0
offshore,offshore,walton_lighthouse-2025-09-25_140202Z,10.888910999999998,852.0,106.16420756915291,1.0
offshore,offshore,walton_lighthouse-2025-09-25_140202Z,10.888910999999998,855.0,107.83185476509598,1.0
offshore,offshore,walton_lighthouse-2025-09-25_140202Z,10.888910999999998,859.0,109.38560382842384,1.0
offshore,offshore,walton_lighthouse-2025-09-25_140202Z,10.888910999999998,862.0,110.77094409567636,1.0
offshore,offshore,walton_lighthouse-2025-09-25_140202Z,10.888910999999998,866.0,111.97629939760493,1.0
offshore,offshore,walton_lighthouse-2025-09-25_140202Z,10.888910999999998,869.0,113.0642112154103,1.0
offshore,offshore,walton_lighthouse-2025-09-25_140202Z,10.888910999999998,873.0,114.18702978371236,1.0
offshore,offshore,walton_lighthouse-2025-09-25_140202Z,10.888910999999998,876.0,115.53843077357104,0.9996665555185061
offshore,offshore,walton_lighthouse-2025-09-25_140202Z,10.888910999999998,879.0,116.92602234875224,0.9996665555185061
offshore,offshore,walton_lighthouse-2025-09-25_140202Z,10.888910999999998,883.0,117.34592102747072,0.9913304434811604
offshore,offshore,walton_lighthouse-2025-09-25_140202Z,10.888910999999998,886.0,117.4660148589417,0.9689896632210737
offshore,offshore,walton_lighthouse-2025-10-11_141011Z,11.738428000000004,253.0,13.24126902568086,1.0
offshore,offshore,walton_lighthouse-2025-10-11_141011Z,11.738428000000004,257.0,13.646023581586206,1.0
offshore,offshore,walton_lighthouse-2025-10-11_141011Z,11.738428000000004,260.0,14.246551701868329,1.0
offshore,offshore,walton_lighthouse-2025-10-11_141011Z,11.738428000000004,263.0,15.06429588917618,1.0
offshore,offshore,walton_lighthouse-2025-10-11_141011Z,11.738428000000004,267.0,15.989288296406656,1.0
offshore,offshore,walton_lighthouse-2025-10-11_141011Z,11.738428000000004,270.0,16.857403298478484,1.0
offshore,offshore,walton_lighthouse-2025-10-11_141011Z,11.738428000000004,274.0,17.664272796855066,1.0
offshore,offshore,walton_lighthouse-2025-10-11_141011Z,11.738428000000004,277.0,18.489201332287557,1.0
offshore,offshore,walton_lighthouse-2025-10-11_141011Z,11.738428000000004,281.0,19.4417268048472,1.0
offshore,offshore,walton_lighthouse-2025-10-11_141011Z,11.738428000000004,284.0,20.56558789952192,1.0
offshore,offshore,walton_lighthouse-2025-10-11_141011Z,11.738428000000004,287.0,21.835575142803016,1.0
offshore,offshore,walton_lighthouse-2025-10-11_141011Z,11.738428000000004,291.0,23.21801670325667,1.0
offshore,offshore,walton_lighthouse-2025-10-11_141011Z,11.738428000000004,294.0,24.68279103092748,1.0
offshore,offshore,walton_lighthouse-2025-10-11_141011Z,11.738428000000004,298.0,26.194440172458517,1.0
offshore,offshore,walton_lighthouse-2025-10-11_141011Z,11.738428000000004,301.0,27.7011726579204,1.0
offshore,offshore,walton_lighthouse-2025-10-11_141011Z,11.738428000000004,305.0,29.15220751171099,1.0
offshore,offshore,walton_lighthouse-2025-10-11_141011Z,11.738428000000004,308.0,30.523959187348517,1.0
offshore,offshore,walton_lighthouse-2025-10-11_141011Z,11.738428000000004,311.0,31.826680317951798,1.0
offshore,offshore,walton_lighthouse-2025-10-11_141011Z,11.738428000000004,315.0,33.08445315334773,1.0
offshore,offshore,walton_lighthouse-2025-10-11_141011Z,11.738428000000004,318.0,34.30801755222984,1.0
offshore,offshore,walton_lighthouse-2025-10-11_141011Z,11.738428000000004,322.0,35.483591146424224,1.0
offshore,offshore,walton_lighthouse-2025-10-11_141011Z,11.738428000000004,325.0,36.5886921466133,1.0
offshore,offshore,walton_lighthouse-2025-10-11_141011Z,11.738428000000004,329.0,37.61793421987019,1.0
offshore,offshore,walton_lighthouse-2025-10-11_141011Z,11.738428000000004,332.0,38.592241316803396,1.0
offshore,offshore,walton_lighthouse-2025-10-11_141011Z,11.738428000000004,335.0,39.54709149959639,1.0
offshore,offshore,walton_lighthouse-2025-10-11_141011Z,11.738428000000004,339.0,40.52709484302564,1.0
offshore,offshore,walton_lighthouse-2025-10-11_141011Z,11.738428000000004,342.0,41.58542309562117,1.0
offshore,offshore,walton_lighthouse-2025-10-11_141011Z,11.738428000000004,346.0,42.76311703216651,1.0
offshore,offshore,walton_lighthouse-2025-10-11_141011Z,11.738428000000004,349.0,44.06742891067962,1.0
offshore,offshore,walton_lighthouse-2025-10-11_141011Z,11.738428000000004,352.0,45.48539962124102,1.0
offshore,offshore,walton_lighthouse-2025-10-11_141011Z,11.738428000000004,356.0,47.01109854526719,1.0
offshore,offshore,walton_lighthouse-2025-10-11_141011Z,11.738428000000004,359.0,48.648188661170025,1.0
offshore,offshore,walton_lighthouse-2025-10-11_141011Z,11.738428000000004,363.0,50.38826256142524,1.0
offshore,offshore,walton_lighthouse-2025-10-11_141011Z,11.738428000000004,366.0,52.197659543437844,1.0
offshore,offshore,walton_lighthouse-2025-10-11_141011Z,11.738428000000004,370.0,54.01552301338118,1.0
offshore,offshore,walton_lighthouse-2025-10-11_141011Z,11.738428000000004,373.0,55.75705785614277,1.0
offshore,offshore,walton_lighthouse-2025-10-11_141011Z,11.738428000000004,376.0,57.3554549260686,1.0
offshore,offshore,walton_lighthouse-2025-10-11_141011Z,11.738428000000004,380.0,58.82181880344276,1.0
offshore,offshore,walton_lighthouse-2025-10-11_141011Z,11.738428000000004,383.0,60.23870397235272,1.0
offshore,offshore,walton_lighthouse-2025-10-11_141011Z,11.738428000000004,387.0,61.6831319350269,1.0
offshore,offshore,walton_lighthouse-2025-10-11_141011Z,11.738428000000004,390.0,63.18603892618886,1.0
offshore,offshore,walton_lighthouse-2025-10-11_141011Z,11.738428000000004,394.0,64.76527993413231,1.0
offshore,offshore,walton_lighthouse-2025-10-11_141011Z,11.738428000000004,397.0,66.4559424838172,1.0
offshore,offshore,walton_lighthouse-2025-10-11_141011Z,11.738428000000004,400.0,68.28015013419672,1.0
offshore,offshore,walton_lighthouse-2025-10-11_141011Z,11.738428000000004,404.0,70.22924955967737,1.0
offshore,offshore,walton_lighthouse-2025-10-11_141011Z,11.738428000000004,407.0,72.28618025862696,1.0
offshore,offshore,walton_lighthouse-2025-10-11_141011Z,11.738428000000004,411.0,74.4602463761406,1.0
offshore,offshore,walton_lighthouse-2025-10-11_141011Z,11.738428000000004,414.0,76.82351502932387,1.0
offshore,offshore,walton_lighthouse-2025-10-11_141011Z,11.738428000000004,417.0,79.50993349604906,1.0
offshore,offshore,walton_lighthouse-2025-10-11_141011Z,11.738428000000004,421.0,82.66591971561458,1.0
offshore,offshore,walton_lighthouse-2025-10-11_141011Z,11.738428000000004,424.0,86.34784569002217,1.0
offshore,offshore,walton_lighthouse-2025-10-11_141011Z,11.738428000000004,428.0,90.43823562521763,1.0
offshore,offshore,walton_lighthouse-2025-10-11_141011Z,11.738428000000004,431.0,94.69127881297223,1.0
offshore,offshore,walton_lighthouse-2025-10-11_141011Z,11.738428000000004,435.0,98.900183736074,1.0
offshore,offshore,walton_lighthouse-2025-10-11_141011Z,11.738428000000004,438.0,102.9936850615105,1.0
offshore,offshore,walton_lighthouse-2025-10-11_141011Z,11.738428000000004,441.0,106.99041784883077,1.0
offshore,offshore,walton_lighthouse-2025-10-11_141011Z,11.738428000000004,445.0,110.95318384822116,1.0
offshore,offshore,walton_lighthouse-2025-10-11_141011Z,11.738428000000004,448.0,114.98038520968169,1.0
offshore,offshore,walton_lighthouse-2025-10-11_141011Z,11.738428000000004,452.0,119.20709637986793,1.0
offshore,offshore,walton_lighthouse-2025-10-11_141011Z,11.738428000000004,455.0,123.77194307481426,1.0
offshore,offshore,walton_lighthouse-2025-10-11_141011Z,11.738428000000004,459.0,128.74795335237403,1.0
offshore,offshore,walton_lighthouse-2025-10-11_141011Z,11.738428000000004,462.0,134.10816057618152,1.0
offshore,offshore,walton_lighthouse-2025-10-11_141011Z,11.738428000000004,465.0,139.76762022028544,1.0
offshore,offshore,walton_lighthouse-2025-10-11_141011Z,11.738428000000004,469.0,145.64571714655082,1.0
offshore,offshore,walton_lighthouse-2025-10-11_141011Z,11.738428000000004,472.0,151.68440838909848,1.0
offshore,offshore,walton_lighthouse-2025-10-11_141011Z,11.738428000000004,476.0,157.84147486508866,1.0
offshore,offshore,walton_lighthouse-2025-10-11_141011Z,11.738428000000004,479.0,164.0793995478543,1.0
offshore,offshore,walton_lighthouse-2025-10-11_141011Z,11.738428000000004,482.0,170.34754354831853,1.0
offshore,offshore,walton_lighthouse-2025-10-11_141011Z,11.738428000000004,486.0,176.5632144474137,1.0
offshore,offshore,walton_lighthouse-2025-10-11_141011Z,11.738428000000004,489.0,182.61995801654606,1.0
offshore,offshore,walton_lighthouse-2025-10-11_141011Z,11.738428000000004,493.0,188.45044853278415,1.0
offshore,offshore,walton_lighthouse-2025-10-11_141011Z,11.738428000000004,496.0,194.0923360543733,1.0
offshore,offshore,walton_lighthouse-2025-10-11_141011Z,11.738428000000004,500.0,199.67726119598848,1.0
offshore,offshore,walton_lighthouse-2025-10-11_141011Z,11.738428000000004,503.0,205.33533400863223,1.0
offshore,offshore,walton_lighthouse-2025-10-11_141011Z,11.738428000000004,506.0,211.07278818148225,1.0
offshore,offshore,walton_lighthouse-2025-10-11_141011Z,11.738428000000004,510.0,216.7491748531187,1.0
offshore,offshore,walton_lighthouse-2025-10-11_141011Z,11.738428000000004,513.0,222.1908261968054,1.0
offshore,offshore,walton_lighthouse-2025-10-11_141011Z,11.738428000000004,517.0,227.32994961538844,1.0
offshore,offshore,walton_lighthouse-2025-10-11_141011Z,11.738428000000004,520.0,232.2262353025985,1.0
offshore,offshore,walton_lighthouse-2025-10-11_141011Z,11.738428000000004,524.0,236.96252269150304,1.0
offshore,offshore,walton_lighthouse-2025-10-11_141011Z,11.738428000000004,527.0,241.54796917628354,1.0
offshore,offshore,walton_lighthouse-2025-10-11_141011Z,11.738428000000004,530.0,245.92680671390377,1.0
offshore,offshore,walton_lighthouse-2025-10-11_141011Z,11.738428000000004,534.0,250.05566431945962,1.0
offshore,offshore,walton_lighthouse-2025-10-11_141011Z,11.738428000000004,537.0,253.94357764398967,1.0
offshore,offshore,walton_lighthouse-2025-10-11_141011Z,11.738428000000004,541.0,257.62822462891813,1.0
offshore,offshore,walton_lighthouse-2025-10-11_141011Z,11.738428000000004,544.0,261.1283979722682,1.0
offshore,offshore,walton_lighthouse-2025-10-11_141011Z,11.738428000000004,548.0,264.4086294737928,1.0
offshore,offshore,walton_lighthouse-2025-10-11_141011Z,11.738428000000004,551.0,267.38995723175145,1.0
offshore,offshore,walton_lighthouse-2025-10-11_141011Z,11.738428000000004,554.0,270.0213756217526,1.0
offshore,offshore,walton_lighthouse-2025-10-11_141011Z,11.738428000000004,558.0,272.3172407305423,1.0
offshore,offshore,walton_lighthouse-2025-10-11_141011Z,11.738428000000004,561.0,274.32792174305536,1.0
offshore,offshore,walton_lighthouse-2025-10-11_141011Z,11.738428000000004,565.0,276.0916780038187,1.0
offshore,offshore,walton_lighthouse-2025-10-11_141011Z,11.738428000000004,568.0,277.62825984818755,1.0
offshore,offshore,walton_lighthouse-2025-10-11_141011Z,11.738428000000004,571.0,278.9255876108595,1.0
offshore,offshore,walton_lighthouse-2025-10-11_141011Z,11.738428000000004,575.0,279.9148582197347,1.0
offshore,offshore,walton_lighthouse-2025-10-11_141011Z,11.738428000000004,578.0,280.54156219637366,1.0
offshore,offshore,walton_lighthouse-2025-10-11_141011Z,11.738428000000004,582.0,280.85674645871063,1.0
offshore,offshore,walton_lighthouse-2025-10-11_141011Z,11.738428000000004,585.0,281.04846273194767,1.0
offshore,offshore,walton_lighthouse-2025-10-11_141011Z,11.738428000000004,589.0,281.39357414442344,1.0
offshore,offshore,walton_lighthouse-2025-10-11_141011Z,11.738428000000004,592.0,282.1695384587377,1.0
offshore,offshore,walton_lighthouse-2025-10-11_141011Z,11.738428000000004,595.0,283.57377935789054,1.0
offshore,offshore,walton_lighthouse-2025-10-11_141011Z,11.738428000000004,599.0,285.69816558201,1.0
offshore,offshore,walton_lighthouse-2025-10-11_141011Z,11.738428000000004,602.0,288.5412397985259,1.0
offshore,offshore,walton_lighthouse-2025-10-11_141011Z,11.738428000000004,606.0,292.02662444512373,1.0
offshore,offshore,walton_lighthouse-2025-10-11_141011Z,11.738428000000004,609.0,296.03170912025354,1.0
offshore,offshore,walton_lighthouse-2025-10-11_141011Z,11.738428000000004,613.0,300.41351453471174,1.0
offshore,offshore,walton_lighthouse-2025-10-11_141011Z,11.738428000000004,616.0,305.0294968701687,1.0
offshore,offshore,walton_lighthouse-2025-10-11_141011Z,11.738428000000004,619.0,309.7725127091674,1.0
offshore,offshore,walton_lighthouse-2025-10-11_141011Z,11.738428000000004,623.0,314.6004703146744,1.0
offshore,offshore,walton_lighthouse-2025-10-11_141011Z,11.738428000000004,626.0,319.46416411954806,1.0
offshore,offshore,walton_lighthouse-2025-10-11_141011Z,11.738428000000004,630.0,324.2807065567563,1.0
offshore,offshore,walton_lighthouse-2025-10-11_141011Z,11.738428000000004,633.0,329.0079246151018,1.0
offshore,offshore,walton_lighthouse-2025-10-11_141011Z,11.738428000000004,636.0,333.6764468722538,1.0
offshore,offshore,walton_lighthouse-2025-10-11_141011Z,11.738428000000004,640.0,338.3569179136716,1.0
offshore,offshore,walton_lighthouse-2025-10-11_141011Z,11.738428000000004,643.0,343.1044239014605,1.0
offshore,offshore,walton_lighthouse-2025-10-11_141011Z,11.738428000000004,647.0,347.9249520105054,1.0
offshore,offshore,walton_lighthouse-2025-10-11_141011Z,11.738428000000004,650.0,352.79120369198546,1.0
offshore,offshore,walton_lighthouse-2025-10-11_141011Z,11.738428000000004,654.0,357.69887797936656,1.0
offshore,offshore,walton_lighthouse-2025-10-11_141011Z,11.738428000000004,657.0,362.66910038093863,1.0
offshore,offshore,walton_lighthouse-2025-10-11_141011Z,11.738428000000004,660.0,367.6903835551515,1.0
offshore,offshore,walton_lighthouse-2025-10-11_141011Z,11.738428000000004,664.0,372.67364097671623,1.0
offshore,offshore,walton_lighthouse-2025-10-11_141011Z,11.738428000000004,667.0,377.43432533028584,1.0
offshore,offshore,walton_lighthouse-2025-10-11_141011Z,11.738428000000004,671.0,381.75954496986645,1.0
offshore,offshore,walton_lighthouse-2025-10-11_141011Z,11.738428000000004,674.0,385.52878891025273,1.0
offshore,offshore,walton_lighthouse-2025-10-11_141011Z,11.738428000000004,678.0,388.7247239449364,1.0
offshore,offshore,walton_lighthouse-2025-10-11_141011Z,11.738428000000004,681.0,391.3215018988657,1.0
offshore,offshore,walton_lighthouse-2025-10-11_141011Z,11.738428000000004,684.0,393.2623535512555,1.0
offshore,offshore,walton_lighthouse-2025-10-11_141011Z,11.738428000000004,688.0,394.5260647115244,1.0
offshore,offshore,walton_lighthouse-2025-10-11_141011Z,11.738428000000004,691.0,395.1872855357725,1.0
offshore,offshore,walton_lighthouse-2025-10-11_141011Z,11.738428000000004,695.0,395.4483101712175,1.0
offshore,offshore,walton_lighthouse-2025-10-11_141011Z,11.738428000000004,698.0,395.55081120685156,1.0
offshore,offshore,walton_lighthouse-2025-10-11_141011Z,11.738428000000004,701.0,395.66121019223266,1.0
offshore,offshore,walton_lighthouse-2025-10-11_141011Z,11.738428000000004,705.0,395.81926374870557,1.0
offshore,offshore,walton_lighthouse-2025-10-11_141011Z,11.738428000000004,708.0,395.9834727821183,1.0
offshore,offshore,walton_lighthouse-2025-10-11_141011Z,11.738428000000004,712.0,396.1003267182068,1.0
offshore,offshore,walton_lighthouse-2025-10-11_141011Z,11.738428000000004,715.0,396.19138314404785,1.0
offshore,offshore,walton_lighthouse-2025-10-11_141011Z,11.738428000000004,719.0,396.38803323011354,1.0
offshore,offshore,walton_lighthouse-2025-10-11_141011Z,11.738428000000004,722.0,396.86690393836295,1.0
offshore,offshore,walton_lighthouse-2025-10-11_141011Z,11.738428000000004,725.0,397.7805445752752,1.0
offshore,offshore,walton_lighthouse-2025-10-11_141011Z,11.738428000000004,729.0,399.17370990833297,1.0
offshore,offshore,walton_lighthouse-2025-10-11_141011Z,11.738428000000004,732.0,400.9960977837216,1.0
offshore,offshore,walton_lighthouse-2025-10-11_141011Z,11.738428000000004,736.0,403.2013718383628,1.0
offshore,offshore,walton_lighthouse-2025-10-11_141011Z,11.738428000000004,739.0,405.7866657677109,1.0
offshore,offshore,walton_lighthouse-2025-10-11_141011Z,11.738428000000004,743.0,408.75280361377384,1.0
offshore,offshore,walton_lighthouse-2025-10-11_141011Z,11.738428000000004,746.0,412.04781789515647,1.0
offshore,offshore,walton_lighthouse-2025-10-11_141011Z,11.738428000000004,749.0,415.5379214358608,1.0
offshore,offshore,walton_lighthouse-2025-10-11_141011Z,11.738428000000004,753.0,419.1002867407794,1.0
offshore,offshore,walton_lighthouse-2025-10-11_141011Z,11.738428000000004,756.0,422.7605718999683,1.0
offshore,offshore,walton_lighthouse-2025-10-11_141011Z,11.738428000000004,760.0,426.64948074280113,1.0
offshore,offshore,walton_lighthouse-2025-10-11_141011Z,11.738428000000004,763.0,430.8566341887413,1.0
offshore,offshore,walton_lighthouse-2025-10-11_141011Z,11.738428000000004,767.0,435.36848658788085,1.0
offshore,offshore,walton_lighthouse-2025-10-11_141011Z,11.738428000000004,770.0,440.1329388330228,1.0
offshore,offshore,walton_lighthouse-2025-10-11_141011Z,11.738428000000004,773.0,445.1632900880127,1.0
offshore,offshore,walton_lighthouse-2025-10-11_141011Z,11.738428000000004,777.0,450.5921520120379,1.0
offshore,offshore,walton_lighthouse-2025-10-11_141011Z,11.738428000000004,780.0,456.60608696282833,1.0
offshore,offshore,walton_lighthouse-2025-10-11_141011Z,11.738428000000004,784.0,463.32314322301477,1.0
offshore,offshore,walton_lighthouse-2025-10-11_141011Z,11.738428000000004,787.0,470.7224248460974,1.0
offshore,offshore,walton_lighthouse-2025-10-11_141011Z,11.738428000000004,790.0,478.6791036042935,1.0
offshore,offshore,walton_lighthouse-2025-10-11_141011Z,11.738428000000004,794.0,487.07804557491625,1.0
offshore,offshore,walton_lighthouse-2025-10-11_141011Z,11.738428000000004,797.0,495.86396061721234,1.0
offshore,offshore,walton_lighthouse-2025-10-11_141011Z,11.738428000000004,801.0,505.01827628752307,1.0
offshore,offshore,walton_lighthouse-2025-10-11_141011Z,11.738428000000004,804.0,514.5077798890569,1.0
offshore,offshore,walton_lighthouse-2025-10-11_141011Z,11.738428000000004,808.0,524.2248751906076,1.0
offshore,offshore,walton_lighthouse-2025-10-11_141011Z,11.738428000000004,811.0,533.9929845191512,1.0
offshore,offshore,walton_lighthouse-2025-10-11_141011Z,11.738428000000004,814.0,543.6565838917827,1.0
offshore,offshore,walton_lighthouse-2025-10-11_141011Z,11.738428000000004,818.0,553.1378024131294,1.0
offshore,offshore,walton_lighthouse-2025-10-11_141011Z,11.738428000000004,821.0,562.4204744241941,1.0
offshore,offshore,walton_lighthouse-2025-10-11_141011Z,11.738428000000004,825.0,571.4678490082413,1.0
offshore,offshore,walton_lighthouse-2025-10-11_141011Z,11.738428000000004,828.0,580.2073127286383,1.0
offshore,offshore,walton_lighthouse-2025-10-11_141011Z,11.738428000000004,832.0,588.6286816847849,1.0
offshore,offshore,walton_lighthouse-2025-10-11_141011Z,11.738428000000004,835.0,596.8311299920408,1.0
offshore,offshore,walton_lighthouse-2025-10-11_141011Z,11.738428000000004,838.0,604.9803837249264,1.0
offshore,offshore,walton_lighthouse-2025-10-11_141011Z,11.738428000000004,842.0,613.2043353901252,1.0
offshore,offshore,walton_lighthouse-2025-10-11_141011Z,11.738428000000004,845.0,621.5377852879699,1.0
offshore,offshore,walton_lighthouse-2025-10-11_141011Z,11.738428000000004,849.0,629.8919388017823,1.0
offshore,offshore,walton_lighthouse-2025-10-11_141011Z,11.738428000000004,852.0,638.1318520828617,1.0
offshore,offshore,walton_lighthouse-2025-10-11_141011Z,11.738428000000004,855.0,646.1021766987811,1.0
offshore,offshore,walton_lighthouse-2025-10-11_141011Z,11.738428000000004,859.0,653.5665228654914,1.0
offshore,offshore,walton_lighthouse-2025-10-11_141011Z,11.738428000000004,862.0,660.2708888345836,1.0
offshore,offshore,walton_lighthouse-2025-10-11_141011Z,11.738428000000004,866.0,666.0227245823634,1.0
offshore,offshore,walton_lighthouse-2025-10-11_141011Z,11.738428000000004,869.0,670.6579501922553,1.0
offshore,offshore,walton_lighthouse-2025-10-11_141011Z,11.738428000000004,873.0,674.0571419334636,1.0
offshore,offshore,walton_lighthouse-2025-10-11_141011Z,11.738428000000004,876.0,676.4584052935464,1.0
offshore,offshore,walton_lighthouse-2025-10-11_141011Z,11.738428000000004,879.0,676.9348521475712,0.9989754098360656
offshore,offshore,walton_lighthouse-2025-10-11_141011Z,11.738428000000004,883.0,665.5902692053204,0.9918032786885246
offshore,offshore,walton_lighthouse-2025-10-11_141011Z,11.738428000000004,886.0,631.5630325932547,0.9651639344262295
offshore,offshore,walton_lighthouse-2025-10-09_014037Z,13.33,253.0,1.0568914749297902,1.0
offshore,offshore,walton_lighthouse-2025-10-09_014037Z,13.33,257.0,1.120316202261997,1.0
offshore,offshore,walton_lighthouse-2025-10-09_014037Z,13.33,260.0,1.2216202066526043,1.0
offshore,offshore,walton_lighthouse-2025-10-09_014037Z,13.33,263.0,1.3692417111554358,1.0
offshore,offshore,walton_lighthouse-2025-10-09_014037Z,13.33,267.0,1.5420918397734131,1.0
offshore,offshore,walton_lighthouse-2025-10-09_014037Z,13.33,270.0,1.694537019023331,1.0
offshore,offshore,walton_lighthouse-2025-10-09_014037Z,13.33,274.0,1.804463552483924,1.0
offshore,offshore,walton_lighthouse-2025-10-09_014037Z,13.33,277.0,1.868586212024935,1.0
offshore,offshore,walton_lighthouse-2025-10-09_014037Z,13.33,281.0,1.8991059458162518,1.0
offshore,offshore,walton_lighthouse-2025-10-09_014037Z,13.33,284.0,1.9042384473064762,1.0
offshore,offshore,walton_lighthouse-2025-10-09_014037Z,13.33,287.0,1.887120972163774,1.0
offshore,offshore,walton_lighthouse-2025-10-09_014037Z,13.33,291.0,1.856713650911249,1.0
offshore,offshore,walton_lighthouse-2025-10-09_014037Z,13.33,294.0,1.8231395307215663,1.0
offshore,offshore,walton_lighthouse-2025-10-09_014037Z,13.33,298.0,1.7939593871501691,1.0
offshore,offshore,walton_lighthouse-2025-10-09_014037Z,13.33,301.0,1.7719026943160219,1.0
offshore,offshore,walton_lighthouse-2025-10-09_014037Z,13.33,305.0,1.7562089674485055,1.0
offshore,offshore,walton_lighthouse-2025-10-09_014037Z,13.33,308.0,1.744586021095802,1.0
offshore,offshore,walton_lighthouse-2025-10-09_014037Z,13.33,311.0,1.7350536122996612,1.0
offshore,offshore,walton_lighthouse-2025-10-09_014037Z,13.33,315.0,1.7269000631366307,1.0
offshore,offshore,walton_lighthouse-2025-10-09_014037Z,13.33,318.0,1.720888913945617,1.0
offshore,offshore,walton_lighthouse-2025-10-09_014037Z,13.33,322.0,1.7181882404416247,1.0
offshore,offshore,walton_lighthouse-2025-10-09_014037Z,13.33,325.0,1.718659997095318,1.0
offshore,offshore,walton_lighthouse-2025-10-09_014037Z,13.33,329.0,1.7207088510828923,1.0
offshore,offshore,walton_lighthouse-2025-10-09_014037Z,13.33,332.0,1.7223376812983735,1.0
offshore,offshore,walton_lighthouse-2025-10-09_014037Z,13.33,335.0,1.7207800882402613,1.0
offshore,offshore,walton_lighthouse-2025-10-09_014037Z,13.33,339.0,1.7102769844300192,1.0
offshore,offshore,walton_lighthouse-2025-10-09_014037Z,13.33,342.0,1.6823770090822057,1.0
offshore,offshore,walton_lighthouse-2025-10-09_014037Z,13.33,346.0,1.630974371846358,1.0
offshore,offshore,walton_lighthouse-2025-10-09_014037Z,13.33,349.0,1.557258542592083,1.0
offshore,offshore,walton_lighthouse-2025-10-09_014037Z,13.33,352.0,1.471591898161893,1.0
offshore,offshore,walton_lighthouse-2025-10-09_014037Z,13.33,356.0,1.390991525216524,1.0
offshore,offshore,walton_lighthouse-2025-10-09_014037Z,13.33,359.0,1.3319005070075083,1.0
offshore,offshore,walton_lighthouse-2025-10-09_014037Z,13.33,363.0,1.3023874582619774,1.0
offshore,offshore,walton_lighthouse-2025-10-09_014037Z,13.33,366.0,1.299939112468919,1.0
offshore,offshore,walton_lighthouse-2025-10-09_014037Z,13.33,370.0,1.314517427240061,1.0
offshore,offshore,walton_lighthouse-2025-10-09_014037Z,13.33,373.0,1.33315343853894,1.0
offshore,offshore,walton_lighthouse-2025-10-09_014037Z,13.33,376.0,1.3461148456617738,1.0
offshore,offshore,walton_lighthouse-2025-10-09_014037Z,13.33,380.0,1.3514452385409328,1.0
offshore,offshore,walton_lighthouse-2025-10-09_014037Z,13.33,383.0,1.35395496758867,1.0
offshore,offshore,walton_lighthouse-2025-10-09_014037Z,13.33,387.0,1.360312561331337,1.0
offshore,offshore,walton_lighthouse-2025-10-09_014037Z,13.33,390.0,1.3747162085802354,1.0
offshore,offshore,walton_lighthouse-2025-10-09_014037Z,13.33,394.0,1.3982739553630237,1.0
offshore,offshore,walton_lighthouse-2025-10-09_014037Z,13.33,397.0,1.4306465725500135,1.0
offshore,offshore,walton_lighthouse-2025-10-09_014037Z,13.33,400.0,1.4688293098972576,1.0
offshore,offshore,walton_lighthouse-2025-10-09_014037Z,13.33,404.0,1.505119812085301,1.0
offshore,offshore,walton_lighthouse-2025-10-09_014037Z,13.33,407.0,1.532009319397689,1.0
offshore,offshore,walton_lighthouse-2025-10-09_014037Z,13.33,411.0,1.5505527217093225,1.0
offshore,offshore,walton_lighthouse-2025-10-09_014037Z,13.33,414.0,1.573617877928511,1.0
offshore,offshore,walton_lighthouse-2025-10-09_014037Z,13.33,417.0,1.6209148750392586,1.0
offshore,offshore,walton_lighthouse-2025-10-09_014037Z,13.33,421.0,1.7094174438005403,1.0
offshore,offshore,walton_lighthouse-2025-10-09_014037Z,13.33,424.0,1.8465662107927494,1.0
offshore,offshore,walton_lighthouse-2025-10-09_014037Z,13.33,428.0,2.0297809773447013,1.0
offshore,offshore,walton_lighthouse-2025-10-09_014037Z,13.33,431.0,2.2500824051518653,1.0
offshore,offshore,walton_lighthouse-2025-10-09_014037Z,13.33,435.0,2.495244792685987,1.0
offshore,offshore,walton_lighthouse-2025-10-09_014037Z,13.33,438.0,2.751093889340456,1.0
offshore,offshore,walton_lighthouse-2025-10-09_014037Z,13.33,441.0,3.0009892569420975,1.0
offshore,offshore,walton_lighthouse-2025-10-09_014037Z,13.33,445.0,3.2275063670785,1.0
offshore,offshore,walton_lighthouse-2025-10-09_014037Z,13.33,448.0,3.4197728761103963,1.0
offshore,offshore,walton_lighthouse-2025-10-09_014037Z,13.33,452.0,3.5806905902500876,1.0
offshore,offshore,walton_lighthouse-2025-10-09_014037Z,13.33,455.0,3.728188556919912,1.0
offshore,offshore,walton_lighthouse-2025-10-09_014037Z,13.33,459.0,3.8878543293080705,1.0
offshore,offshore,walton_lighthouse-2025-10-09_014037Z,13.33,462.0,4.080320271549126,1.0
offshore,offshore,walton_lighthouse-2025-10-09_014037Z,13.33,465.0,4.31466739015437,1.0
offshore,offshore,walton_lighthouse-2025-10-09_014037Z,13.33,469.0,4.590004396282755,1.0
offshore,offshore,walton_lighthouse-2025-10-09_014037Z,13.33,472.0,4.898659791179566,1.0
offshore,offshore,walton_lighthouse-2025-10-09_014037Z,13.33,476.0,5.228869088872005,1.0
offshore,offshore,walton_lighthouse-2025-10-09_014037Z,13.33,479.0,5.562524162135371,1.0
offshore,offshore,walton_lighthouse-2025-10-09_014037Z,13.33,482.0,5.866222505897167,1.0
offshore,offshore,walton_lighthouse-2025-10-09_014037Z,13.33,486.0,6.092322819405611,1.0
offshore,offshore,walton_lighthouse-2025-10-09_014037Z,13.33,489.0,6.20054011477232,1.0
offshore,offshore,walton_lighthouse-2025-10-09_014037Z,13.33,493.0,6.182213908095134,1.0
offshore,offshore,walton_lighthouse-2025-10-09_014037Z,13.33,496.0,6.064221540367288,1.0
offshore,offshore,walton_lighthouse-2025-10-09_014037Z,13.33,500.0,5.886271308512776,1.0
offshore,offshore,walton_lighthouse-2025-10-09_014037Z,13.33,503.0,5.669666059919902,1.0
offshore,offshore,walton_lighthouse-2025-10-09_014037Z,13.33,506.0,5.4117043327013015,1.0
offshore,offshore,walton_lighthouse-2025-10-09_014037Z,13.33,510.0,5.106783916911374,1.0
offshore,offshore,walton_lighthouse-2025-10-09_014037Z,13.33,513.0,4.763034723258738,1.0
offshore,offshore,walton_lighthouse-2025-10-09_014037Z,13.33,517.0,4.402036049298018,1.0
offshore,offshore,walton_lighthouse-2025-10-09_014037Z,13.33,520.0,4.048940539863317,1.0
offshore,offshore,walton_lighthouse-2025-10-09_014037Z,13.33,524.0,3.7215075136720404,1.0
offshore,offshore,walton_lighthouse-2025-10-09_014037Z,13.33,527.0,3.4264193107592193,1.0
offshore,offshore,walton_lighthouse-2025-10-09_014037Z,13.33,530.0,3.1663084582527206,1.0
offshore,offshore,walton_lighthouse-2025-10-09_014037Z,13.33,534.0,2.9455322364017102,1.0
offshore,offshore,walton_lighthouse-2025-10-09_014037Z,13.33,537.0,2.7699071776856794,1.0
offshore,offshore,walton_lighthouse-2025-10-09_014037Z,13.33,541.0,2.6446566929250626,1.0
offshore,offshore,walton_lighthouse-2025-10-09_014037Z,13.33,544.0,2.5706571126034508,1.0
offshore,offshore,walton_lighthouse-2025-10-09_014037Z,13.33,548.0,2.545247727569325,1.0
offshore,offshore,walton_lighthouse-2025-10-09_014037Z,13.33,551.0,2.5676007361320576,1.0
offshore,offshore,walton_lighthouse-2025-10-09_014037Z,13.33,554.0,2.637920749573307,1.0
offshore,offshore,walton_lighthouse-2025-10-09_014037Z,13.33,558.0,2.7522993617572373,1.0
offshore,offshore,walton_lighthouse-2025-10-09_014037Z,13.33,561.0,2.9027075190160416,1.0
offshore,offshore,walton_lighthouse-2025-10-09_014037Z,13.33,565.0,3.0807717267741306,1.0
offshore,offshore,walton_lighthouse-2025-10-09_014037Z,13.33,568.0,3.278269153187728,1.0
offshore,offshore,walton_lighthouse-2025-10-09_014037Z,13.33,571.0,3.486739162516146,1.0
offshore,offshore,walton_lighthouse-2025-10-09_014037Z,13.33,575.0,3.6992534024025976,1.0
offshore,offshore,walton_lighthouse-2025-10-09_014037Z,13.33,578.0,3.9117493980251568,1.0
offshore,offshore,walton_lighthouse-2025-10-09_014037Z,13.33,582.0,4.124045753145619,1.0
offshore,offshore,walton_lighthouse-2025-10-09_014037Z,13.33,585.0,4.34036771229571,1.0
offshore,offshore,walton_lighthouse-2025-10-09_014037Z,13.33,589.0,4.568752624083345,1.0
offshore,offshore,walton_lighthouse-2025-10-09_014037Z,13.33,592.0,4.817374950806639,1.0
offshore,offshore,walton_lighthouse-2025-10-09_014037Z,13.33,595.0,5.090233642760132,1.0
offshore,offshore,walton_lighthouse-2025-10-09_014037Z,13.33,599.0,5.38664807052795,1.0
offshore,offshore,walton_lighthouse-2025-10-09_014037Z,13.33,602.0,5.704339247411148,1.0
offshore,offshore,walton_lighthouse-2025-10-09_014037Z,13.33,606.0,6.042309994163583,1.0
offshore,offshore,walton_lighthouse-2025-10-09_014037Z,13.33,609.0,6.401406527563312,1.0
offshore,offshore,walton_lighthouse-2025-10-09_014037Z,13.33,613.0,6.7833264131097515,1.0
offshore,offshore,walton_lighthouse-2025-10-09_014037Z,13.33,616.0,7.189811619908187,1.0
offshore,offshore,walton_lighthouse-2025-10-09_014037Z,13.33,619.0,7.630730532754815,1.0
offshore,offshore,walton_lighthouse-2025-10-09_014037Z,13.33,623.0,8.139368359657617,1.0
offshore,offshore,walton_lighthouse-2025-10-09_014037Z,13.33,626.0,8.776955978647065,1.0
offshore,offshore,walton_lighthouse-2025-10-09_014037Z,13.33,630.0,9.6133007717068,1.0
offshore,offshore,walton_lighthouse-2025-10-09_014037Z,13.33,633.0,10.678865660530137,1.0
offshore,offshore,walton_lighthouse-2025-10-09_014037Z,13.33,636.0,11.90148261775817,1.0
offshore,offshore,walton_lighthouse-2025-10-09_014037Z,13.33,640.0,13.100722275168785,1.0
offshore,offshore,walton_lighthouse-2025-10-09_014037Z,13.33,643.0,14.108874665598632,1.0
offshore,offshore,walton_lighthouse-2025-10-09_014037Z,13.33,647.0,14.876274504681232,1.0
offshore,offshore,walton_lighthouse-2025-10-09_014037Z,13.33,650.0,15.440347436213326,1.0
offshore,offshore,walton_lighthouse-2025-10-09_014037Z,13.33,654.0,15.835631108238267,1.0
offshore,offshore,walton_lighthouse-2025-10-09_014037Z,13.33,657.0,16.050693419065965,1.0
offshore,offshore,walton_lighthouse-2025-10-09_014037Z,13.33,660.0,16.064659149970964,1.0
offshore,offshore,walton_lighthouse-2025-10-09_014037Z,13.33,664.0,15.90741355278097,1.0
offshore,offshore,walton_lighthouse-2025-10-09_014037Z,13.33,667.0,15.696548386547981,1.0
offshore,offshore,walton_lighthouse-2025-10-09_014037Z,13.33,671.0,15.581511145147239,1.0
offshore,offshore,walton_lighthouse-2025-10-09_014037Z,13.33,674.0,15.702912419048193,1.0
offshore,offshore,walton_lighthouse-2025-10-09_014037Z,13.33,678.0,16.27681197062875,1.0
offshore,offshore,walton_lighthouse-2025-10-09_014037Z,13.33,681.0,17.6581481619941,1.0
offshore,offshore,walton_lighthouse-2025-10-09_014037Z,13.33,684.0,20.264318538900056,1.0
offshore,offshore,walton_lighthouse-2025-10-09_014037Z,13.33,688.0,24.386073865767898,1.0
offshore,offshore,walton_lighthouse-2025-10-09_014037Z,13.33,691.0,30.01546953593398,1.0
offshore,offshore,walton_lighthouse-2025-10-09_014037Z,13.33,695.0,36.69950754249577,1.0
offshore,offshore,walton_lighthouse-2025-10-09_014037Z,13.33,698.0,43.57087440927979,1.0
offshore,offshore,walton_lighthouse-2025-10-09_014037Z,13.33,701.0,49.714056669803064,1.0
offshore,offshore,walton_lighthouse-2025-10-09_014037Z,13.33,705.0,54.415911241141735,1.0
offshore,offshore,walton_lighthouse-2025-10-09_014037Z,13.33,708.0,57.1129317193317,1.0
offshore,offshore,walton_lighthouse-2025-10-09_014037Z,13.33,712.0,57.45218680054498,1.0
offshore,offshore,walton_lighthouse-2025-10-09_014037Z,13.33,715.0,55.56243724187246,1.0
offshore,offshore,walton_lighthouse-2025-10-09_014037Z,13.33,719.0,52.093025341364985,1.0
offshore,offshore,walton_lighthouse-2025-10-09_014037Z,13.33,722.0,47.933661248679776,1.0
offshore,offshore,walton_lighthouse-2025-10-09_014037Z,13.33,725.0,43.840059587598795,1.0
offshore,offshore,walton_lighthouse-2025-10-09_014037Z,13.33,729.0,40.300071573504056,1.0
offshore,offshore,walton_lighthouse-2025-10-09_014037Z,13.33,732.0,37.63710881575716,1.0
offshore,offshore,walton_lighthouse-2025-10-09_014037Z,13.33,736.0,36.025501671323916,1.0
offshore,offshore,walton_lighthouse-2025-10-09_014037Z,13.33,739.0,35.423107909395895,1.0
offshore,offshore,walton_lighthouse-2025-10-09_014037Z,13.33,743.0,35.57679040907339,1.0
offshore,offshore,walton_lighthouse-2025-10-09_014037Z,13.33,746.0,36.179403362084464,1.0
offshore,offshore,walton_lighthouse-2025-10-09_014037Z,13.33,749.0,37.02609485943084,1.0
offshore,offshore,walton_lighthouse-2025-10-09_014037Z,13.33,753.0,38.04803695453406,1.0
offshore,offshore,walton_lighthouse-2025-10-09_014037Z,13.33,756.0,39.2115194622169,1.0
offshore,offshore,walton_lighthouse-2025-10-09_014037Z,13.33,760.0,40.44022277103336,1.0
offshore,offshore,walton_lighthouse-2025-10-09_014037Z,13.33,763.0,41.63397731212772,1.0
offshore,offshore,walton_lighthouse-2025-10-09_014037Z,13.33,767.0,42.68836377191388,1.0
offshore,offshore,walton_lighthouse-2025-10-09_014037Z,13.33,770.0,43.56537295259902,1.0
offshore,offshore,walton_lighthouse-2025-10-09_014037Z,13.33,773.0,44.311104618925704,1.0
offshore,offshore,walton_lighthouse-2025-10-09_014037Z,13.33,777.0,44.968101735504234,1.0
offshore,offshore,walton_lighthouse-2025-10-09_014037Z,13.33,780.0,45.50989027096145,1.0
offshore,offshore,walton_lighthouse-2025-10-09_014037Z,13.33,784.0,45.89370866539498,1.0
offshore,offshore,walton_lighthouse-2025-10-09_014037Z,13.33,787.0,46.17887745295535,1.0
offshore,offshore,walton_lighthouse-2025-10-09_014037Z,13.33,790.0,46.5988720028706,1.0
offshore,offshore,walton_lighthouse-2025-10-09_014037Z,13.33,794.0,47.44004944432451,1.0
offshore,offshore,walton_lighthouse-2025-10-09_014037Z,13.33,797.0,48.831038003784315,1.0
offshore,offshore,walton_lighthouse-2025-10-09_014037Z,13.33,801.0,50.6693929441448,1.0
offshore,offshore,walton_lighthouse-2025-10-09_014037Z,13.33,804.0,52.755032591253034,1.0
offshore,offshore,walton_lighthouse-2025-10-09_014037Z,13.33,808.0,55.086768117738295,1.0
offshore,offshore,walton_lighthouse-2025-10-09_014037Z,13.33,811.0,58.02020824706919,1.0
offshore,offshore,walton_lighthouse-2025-10-09_014037Z,13.33,814.0,62.02556288160986,1.0
offshore,offshore,walton_lighthouse-2025-10-09_014037Z,13.33,818.0,67.16439313177426,1.0
offshore,offshore,walton_lighthouse-2025-10-09_014037Z,13.33,821.0,72.88007203289129,1.0
offshore,offshore,walton_lighthouse-2025-10-09_014037Z,13.33,825.0,78.19337614452455,1.0
offshore,offshore,walton_lighthouse-2025-10-09_014037Z,13.33,828.0,82.14610784314947,1.0
offshore,offshore,walton_lighthouse-2025-10-09_014037Z,13.33,832.0,84.32436706937577,1.0
offshore,offshore,walton_lighthouse-2025-10-09_014037Z,13.33,835.0,85.00754192503197,1.0
offshore,offshore,walton_lighthouse-2025-10-09_014037Z,13.33,838.0,84.90877828173626,1.0
offshore,offshore,walton_lighthouse-2025-10-09_014037Z,13.33,842.0,84.76278416461282,1.0
offshore,offshore,walton_lighthouse-2025-10-09_014037Z,13.33,845.0,85.10114143622349,1.0
offshore,offshore,walton_lighthouse-2025-10-09_014037Z,13.33,849.0,86.1970827424572,1.0
offshore,offshore,walton_lighthouse-2025-10-09_014037Z,13.33,852.0,88.13870319543493,1.0
offshore,offshore,walton_lighthouse-2025-10-09_014037Z,13.33,855.0,90.91362946357361,1.0
offshore,offshore,walton_lighthouse-2025-10-09_014037Z,13.33,859.0,94.38252064942691,1.0
offshore,offshore,walton_lighthouse-2025-10-09_014037Z,13.33,862.0,98.22366595965651,1.0
offshore,offshore,walton_lighthouse-2025-10-09_014037Z,13.33,866.0,101.97871720033535,1.0
offshore,offshore,walton_lighthouse-2025-10-09_014037Z,13.33,869.0,105.1982080829119,1.0
offshore,offshore,walton_lighthouse-2025-10-09_014037Z,13.33,873.0,107.46294887215323,1.0
offshore,offshore,walton_lighthouse-2025-10-09_014037Z,13.33,876.0,108.42929382876576,1.0
offshore,offshore,walton_lighthouse-2025-10-09_014037Z,13.33,879.0,108.31165988342285,1.0
offshore,offshore,walton_lighthouse-2025-10-09_014037Z,13.33,883.0,107.68129142468449,1.0
offshore,offshore,walton_lighthouse-2025-10-09_014037Z,13.33,886.0,106.00309672441033,0.9913793103448276
offshore,offshore,walton_lighthouse-2025-05-17_140217Z,15.863651999999997,253.0,33.41637167239616,0.9986504723346828
offshore,offshore,walton_lighthouse-2025-05-17_140217Z,15.863651999999997,257.0,33.41199370254199,0.9986504723346828
offshore,offshore,walton_lighthouse-2025-05-17_140217Z,15.863651999999997,260.0,33.5162324417264,0.9986504723346828
offshore,offshore,walton_lighthouse-2025-05-17_140217Z,15.863651999999997,263.0,33.814638983415875,0.9986504723346828
offshore,offshore,walton_lighthouse-2025-05-17_140217Z,15.863651999999997,267.0,34.33756249190249,0.9986504723346828
offshore,offshore,walton_lighthouse-2025-05-17_140217Z,15.863651999999997,270.0,35.00516436551147,0.9986504723346828
offshore,offshore,walton_lighthouse-2025-05-17_140217Z,15.863651999999997,274.0,35.735232501449666,0.9986504723346828
offshore,offshore,walton_lighthouse-2025-05-17_140217Z,15.863651999999997,277.0,36.47367071577903,0.9986504723346828
offshore,offshore,walton_lighthouse-2025-05-17_140217Z,15.863651999999997,281.0,37.22454362245794,0.9986504723346828
offshore,offshore,walton_lighthouse-2025-05-17_140217Z,15.863651999999997,284.0,38.01039220652534,0.9986504723346828
offshore,offshore,walton_lighthouse-2025-05-17_140217Z,15.863651999999997,287.0,38.82928030864301,0.9986504723346828
offshore,offshore,walton_lighthouse-2025-05-17_140217Z,15.863651999999997,291.0,39.654845358193455,0.9986504723346828
offshore,offshore,walton_lighthouse-2025-05-17_140217Z,15.863651999999997,294.0,40.45147258973707,0.9986504723346828
offshore,offshore,walton_lighthouse-2025-05-17_140217Z,15.863651999999997,298.0,41.20981686030348,0.9986504723346828
offshore,offshore,walton_lighthouse-2025-05-17_140217Z,15.863651999999997,301.0,41.95642813824529,0.9986504723346828
offshore,offshore,walton_lighthouse-2025-05-17_140217Z,15.863651999999997,305.0,42.73972779119799,0.9986504723346828
offshore,offshore,walton_lighthouse-2025-05-17_140217Z,15.863651999999997,308.0,43.60958920524904,0.9986504723346828
offshore,offshore,walton_lighthouse-2025-05-17_140217Z,15.863651999999997,311.0,44.60589908125014,0.9986504723346828
offshore,offshore,walton_lighthouse-2025-05-17_140217Z,15.863651999999997,315.0,45.75900835128695,0.9986504723346828
offshore,offshore,walton_lighthouse-2025-05-17_140217Z,15.863651999999997,318.0,47.09159285332177,0.9986504723346828
offshore,offshore,walton_lighthouse-2025-05-17_140217Z,15.863651999999997,322.0,48.61740866405994,0.9986504723346828
offshore,offshore,walton_lighthouse-2025-05-17_140217Z,15.863651999999997,325.0,50.32264236484415,0.9986504723346828
offshore,offshore,walton_lighthouse-2025-05-17_140217Z,15.863651999999997,329.0,52.16034855891705,0.9986504723346828
offshore,offshore,walton_lighthouse-2025-05-17_140217Z,15.863651999999997,332.0,54.06399800082418,0.9986504723346828
offshore,offshore,walton_lighthouse-2025-05-17_140217Z,15.863651999999997,335.0,55.971447262441465,0.9986504723346828
offshore,offshore,walton_lighthouse-2025-05-17_140217Z,15.863651999999997,339.0,57.85667478293869,0.9986504723346828
offshore,offshore,walton_lighthouse-2025-05-17_140217Z,15.863651999999997,342.0,59.75244400957692,0.9986504723346828
offshore,offshore,walton_lighthouse-2025-05-17_140217Z,15.863651999999997,346.0,61.72412734927769,0.9986504723346828
offshore,offshore,walton_lighthouse-2025-05-17_140217Z,15.863651999999997,349.0,63.800442704016874,0.9986504723346828
offshore,offshore,walton_lighthouse-2025-05-17_140217Z,15.863651999999997,352.0,65.93961332765252,0.9986504723346828
offshore,offshore,walton_lighthouse-2025-05-17_140217Z,15.863651999999997,356.0,68.09587737736948,0.9986504723346828
offshore,offshore,walton_lighthouse-2025-05-17_140217Z,15.863651999999997,359.0,70.30334339347989,0.9986504723346828
offshore,offshore,walton_lighthouse-2025-05-17_140217Z,15.863651999999997,363.0,72.65986998709148,0.9986504723346828
offshore,offshore,walton_lighthouse-2025-05-17_140217Z,15.863651999999997,366.0,75.26823634409153,0.9986504723346828
offshore,offshore,walton_lighthouse-2025-05-17_140217Z,15.863651999999997,370.0,78.1608799420167,0.9986504723346828
offshore,offshore,walton_lighthouse-2025-05-17_140217Z,15.863651999999997,373.0,81.2609357055392,0.9986504723346828
offshore,offshore,walton_lighthouse-2025-05-17_140217Z,15.863651999999997,376.0,84.44689567073557,0.9986504723346828
offshore,offshore,walton_lighthouse-2025-05-17_140217Z,15.863651999999997,380.0,87.67040250233904,0.9986504723346828
offshore,offshore,walton_lighthouse-2025-05-17_140217Z,15.863651999999997,383.0,90.95615139492257,0.9986504723346828
offshore,offshore,walton_lighthouse-2025-05-17_140217Z,15.863651999999997,387.0,94.32744484224249,0.9986504723346828
offshore,offshore,walton_lighthouse-2025-05-17_140217Z,15.863651999999997,390.0,97.78547999313714,0.9986504723346828
offshore,offshore,walton_lighthouse-2025-05-17_140217Z,15.863651999999997,394.0,101.3000838456925,0.9986504723346828
offshore,offshore,walton_lighthouse-2025-05-17_140217Z,15.863651999999997,397.0,104.84607979713692,0.9986504723346828
offshore,offshore,walton_lighthouse-2025-05-17_140217Z,15.863651999999997,400.0,168.48790656358318,0.9989878542510121
offshore,offshore,walton_lighthouse-2025-05-17_140217Z,15.863651999999997,404.0,171.82908481683927,0.9989878542510121
offshore,offshore,walton_lighthouse-2025-05-17_140217Z,15.863651999999997,407.0,175.09225073332792,0.9989878542510121
offshore,offshore,walton_lighthouse-2025-05-17_140217Z,15.863651999999997,411.0,178.09672732400523,0.9989878542510121
offshore,offshore,walton_lighthouse-2025-05-17_140217Z,15.863651999999997,414.0,180.74214127143156,0.9989878542510121
offshore,offshore,walton_lighthouse-2025-05-17_140217Z,15.863651999999997,417.0,183.0982001180124,0.9989878542510121
offshore,offshore,walton_lighthouse-2025-05-17_140217Z,15.863651999999997,421.0,185.3174998118656,0.9989878542510121
offshore,offshore,walton_lighthouse-2025-05-17_140217Z,15.863651999999997,424.0,187.56550446955038,0.9989878542510121
offshore,offshore,walton_lighthouse-2025-05-17_140217Z,15.863651999999997,428.0,189.90295191912324,0.9989878542510121
offshore,offshore,walton_lighthouse-2025-05-17_140217Z,15.863651999999997,431.0,192.25392268332436,0.9989878542510121
offshore,offshore,walton_lighthouse-2025-05-17_140217Z,15.863651999999997,435.0,194.52021996386048,0.9989878542510121
offshore,offshore,walton_lighthouse-2025-05-17_140217Z,15.863651999999997,438.0,196.6992108421594,0.9989878542510121
offshore,offshore,walton_lighthouse-2025-05-17_140217Z,15.863651999999997,441.0,198.8349332887592,0.9989878542510121
offshore,offshore,walton_lighthouse-2025-05-17_140217Z,15.863651999999997,445.0,200.93812665689768,0.9989878542510121
offshore,offshore,walton_lighthouse-2025-05-17_140217Z,15.863651999999997,448.0,202.98890866218585,0.9989878542510121
offshore,offshore,walton_lighthouse-2025-05-17_140217Z,15.863651999999997,452.0,205.00496893779464,0.9989878542510121
offshore,offshore,walton_lighthouse-2025-05-17_140217Z,15.863651999999997,455.0,207.17236720347483,0.9989878542510121
offshore,offshore,walton_lighthouse-2025-05-17_140217Z,15.863651999999997,459.0,209.77893321896758,0.9989878542510121
offshore,offshore,walton_lighthouse-2025-05-17_140217Z,15.863651999999997,462.0,212.98866754647835,0.9989878542510121
offshore,offshore,walton_lighthouse-2025-05-17_140217Z,15.863651999999997,465.0,216.7105199780956,0.9989878542510121
offshore,offshore,walton_lighthouse-2025-05-17_140217Z,15.863651999999997,469.0,220.6458236683405,0.9989878542510121
offshore,offshore,walton_lighthouse-2025-05-17_140217Z,15.863651999999997,472.0,224.6452054761556,0.9989878542510121
offshore,offshore,walton_lighthouse-2025-05-17_140217Z,15.863651999999997,476.0,228.9632358390922,0.9989878542510121
offshore,offshore,walton_lighthouse-2025-05-17_140217Z,15.863651999999997,479.0,234.0556042360574,0.9989878542510121
offshore,offshore,walton_lighthouse-2025-05-17_140217Z,15.863651999999997,482.0,240.17968132848853,0.9989878542510121
offshore,offshore,walton_lighthouse-2025-05-17_140217Z,15.863651999999997,486.0,247.16061433521216,0.9989878542510121
offshore,offshore,walton_lighthouse-2025-05-17_140217Z,15.863651999999997,489.0,254.58604488939002,0.9989878542510121
offshore,offshore,walton_lighthouse-2025-05-17_140217Z,15.863651999999997,493.0,262.11375400085683,0.9989878542510121
offshore,offshore,walton_lighthouse-2025-05-17_140217Z,15.863651999999997,496.0,216.98625338026176,0.9986504723346828
offshore,offshore,walton_lighthouse-2025-05-17_140217Z,15.863651999999997,500.0,224.729993981962,0.9986504723346828
offshore,offshore,walton_lighthouse-2025-05-17_140217Z,15.863651999999997,503.0,232.8415266074284,0.9986504723346828
offshore,offshore,walton_lighthouse-2025-05-17_140217Z,15.863651999999997,506.0,241.43521132701167,0.9986504723346828
offshore,offshore,walton_lighthouse-2025-05-17_140217Z,15.863651999999997,510.0,250.56425780284076,0.9986504723346828
offshore,offshore,walton_lighthouse-2025-05-17_140217Z,15.863651999999997,513.0,259.9950409154025,0.9986504723346828
offshore,offshore,walton_lighthouse-2025-05-17_140217Z,15.863651999999997,517.0,269.36415733022045,0.9986504723346828
offshore,offshore,walton_lighthouse-2025-05-17_140217Z,15.863651999999997,520.0,278.5136801044325,0.9986504723346828
offshore,offshore,walton_lighthouse-2025-05-17_140217Z,15.863651999999997,524.0,287.46058513683573,0.9986504723346828
offshore,offshore,walton_lighthouse-2025-05-17_140217Z,15.863651999999997,527.0,296.2257129008044,0.9986504723346828
offshore,offshore,walton_lighthouse-2025-05-17_140217Z,15.863651999999997,530.0,304.7205807699262,0.9986504723346828
offshore,offshore,walton_lighthouse-2025-05-17_140217Z,15.863651999999997,534.0,312.79446560689746,0.9986504723346828
offshore,offshore,walton_lighthouse-2025-05-17_140217Z,15.863651999999997,537.0,320.34187219415793,0.9986504723346828
offshore,offshore,walton_lighthouse-2025-05-17_140217Z,15.863651999999997,541.0,327.367929788918,0.9986504723346828
offshore,offshore,walton_lighthouse-2025-05-17_140217Z,15.863651999999997,544.0,333.9357205148567,0.9986504723346828
offshore,offshore,walton_lighthouse-2025-05-17_140217Z,15.863651999999997,548.0,340.1169735969977,0.9986504723346828
offshore,offshore,walton_lighthouse-2025-05-17_140217Z,15.863651999999997,551.0,346.0438313409035,0.9986504723346828
offshore,offshore,walton_lighthouse-2025-05-17_140217Z,15.863651999999997,554.0,351.954195975524,0.9986504723346828
offshore,offshore,walton_lighthouse-2025-05-17_140217Z,15.863651999999997,558.0,358.15648342334316,0.9986504723346828
offshore,offshore,walton_lighthouse-2025-05-17_140217Z,15.863651999999997,561.0,364.89749089246806,0.9986504723346828
offshore,offshore,walton_lighthouse-2025-05-17_140217Z,15.863651999999997,565.0,372.1459883981672,0.9986504723346828
offshore,offshore,walton_lighthouse-2025-05-17_140217Z,15.863651999999997,568.0,379.5793278540676,0.9986504723346828
offshore,offshore,walton_lighthouse-2025-05-17_140217Z,15.863651999999997,571.0,386.8538818972172,0.9986504723346828
offshore,offshore,walton_lighthouse-2025-05-17_140217Z,15.863651999999997,575.0,393.79043058133465,0.9989878542510121
offshore,offshore,walton_lighthouse-2025-05-17_140217Z,15.863651999999997,578.0,400.2462507793784,0.9989878542510121
offshore,offshore,walton_lighthouse-2025-05-17_140217Z,15.863651999999997,582.0,406.3827200588715,0.9989878542510121
offshore,offshore,walton_lighthouse-2025-05-17_140217Z,15.863651999999997,585.0,412.3653607184394,0.9989878542510121
offshore,offshore,walton_lighthouse-2025-05-17_140217Z,15.863651999999997,589.0,418.2053156653692,0.9989878542510121
offshore,offshore,walton_lighthouse-2025-05-17_140217Z,15.863651999999997,592.0,423.93356614713684,0.9989878542510121
offshore,offshore,walton_lighthouse-2025-05-17_140217Z,15.863651999999997,595.0,429.70618080950305,0.9989878542510121
offshore,offshore,walton_lighthouse-2025-05-17_140217Z,15.863651999999997,599.0,435.59665807161457,0.9989878542510121
offshore,offshore,walton_lighthouse-2025-05-17_140217Z,15.863651999999997,602.0,441.5727223652594,0.9989878542510121
offshore,offshore,walton_lighthouse-2025-05-17_140217Z,15.863651999999997,606.0,447.5827303602467,0.9989878542510121
offshore,offshore,walton_lighthouse-2025-05-17_140217Z,15.863651999999997,609.0,453.63323617694783,0.9989878542510121
offshore,offshore,walton_lighthouse-2025-05-17_140217Z,15.863651999999997,613.0,459.8356161685782,0.9989878542510121
offshore,offshore,walton_lighthouse-2025-05-17_140217Z,15.863651999999997,616.0,466.33390921651636,0.9989878542510121
offshore,offshore,walton_lighthouse-2025-05-17_140217Z,15.863651999999997,619.0,473.08592553156865,0.9989878542510121
offshore,offshore,walton_lighthouse-2025-05-17_140217Z,15.863651999999997,623.0,480.01238924461677,0.9989878542510121
offshore,offshore,walton_lighthouse-2025-05-17_140217Z,15.863651999999997,626.0,487.1791835892511,0.9989878542510121
offshore,offshore,walton_lighthouse-2025-05-17_140217Z,15.863651999999997,630.0,494.58089973997494,0.9989878542510121
offshore,offshore,walton_lighthouse-2025-05-17_140217Z,15.863651999999997,633.0,501.8221615280807,0.9989878542510121
offshore,offshore,walton_lighthouse-2025-05-17_140217Z,15.863651999999997,636.0,508.30259252999184,0.9989878542510121
offshore,offshore,walton_lighthouse-2025-05-17_140217Z,15.863651999999997,640.0,513.7400705771678,0.9989878542510121
offshore,offshore,walton_lighthouse-2025-05-17_140217Z,15.863651999999997,643.0,518.3936613565312,0.9989878542510121
offshore,offshore,walton_lighthouse-2025-05-17_140217Z,15.863651999999997,647.0,522.7107090388807,0.9989878542510121
offshore,offshore,walton_lighthouse-2025-05-17_140217Z,15.863651999999997,650.0,526.8387828468387,0.9989878542510121
offshore,offshore,walton_lighthouse-2025-05-17_140217Z,15.863651999999997,654.0,530.8729726628058,0.9986504723346828
offshore,offshore,walton_lighthouse-2025-05-17_140217Z,15.863651999999997,657.0,534.6920265961851,0.9989878542510121
offshore,offshore,walton_lighthouse-2025-05-17_140217Z,15.863651999999997,660.0,537.6898016352184,0.9989878542510121
offshore,offshore,walton_lighthouse-2025-05-17_140217Z,15.863651999999997,664.0,540.3772200058027,0.9989878542510121
offshore,offshore,walton_lighthouse-2025-05-17_140217Z,15.863651999999997,667.0,543.2084107875,0.9989878542510121
offshore,offshore,walton_lighthouse-2025-05-17_140217Z,15.863651999999997,671.0,546.4838993133565,0.9989878542510121
offshore,offshore,walton_lighthouse-2025-05-17_140217Z,15.863651999999997,674.0,550.0598715238319,0.9993252361673415
offshore,offshore,walton_lighthouse-2025-05-17_140217Z,15.863651999999997,678.0,553.5782728733762,0.9993252361673415
offshore,offshore,walton_lighthouse-2025-05-17_140217Z,15.863651999999997,681.0,556.5481337007573,0.9993252361673415
offshore,offshore,walton_lighthouse-2025-05-17_140217Z,15.863651999999997,684.0,558.9921358083742,0.9993252361673415
offshore,offshore,walton_lighthouse-2025-05-17_140217Z,15.863651999999997,688.0,561.2253854583196,0.9993252361673415
offshore,offshore,walton_lighthouse-2025-05-17_140217Z,15.863651999999997,691.0,563.620519229991,0.9993252361673415
offshore,offshore,walton_lighthouse-2025-05-17_140217Z,15.863651999999997,695.0,566.5118609976985,0.9993252361673415
offshore,offshore,walton_lighthouse-2025-05-17_140217Z,15.863651999999997,698.0,570.0441025880837,0.9993252361673415
offshore,offshore,walton_lighthouse-2025-05-17_140217Z,15.863651999999997,701.0,573.8378125544326,0.9993252361673415
offshore,offshore,walton_lighthouse-2025-05-17_140217Z,15.863651999999997,705.0,577.2665031276281,0.9993252361673415
offshore,offshore,walton_lighthouse-2025-05-17_140217Z,15.863651999999997,708.0,580.2016000581121,0.9993252361673415
offshore,offshore,walton_lighthouse-2025-05-17_140217Z,15.863651999999997,712.0,567.8043023647912,0.9989878542510121
offshore,offshore,walton_lighthouse-2025-05-17_140217Z,15.863651999999997,715.0,570.8286813783266,0.9989878542510121
offshore,offshore,walton_lighthouse-2025-05-17_140217Z,15.863651999999997,719.0,574.8363294916185,0.9989878542510121
offshore,offshore,walton_lighthouse-2025-05-17_140217Z,15.863651999999997,722.0,579.2428516703009,0.9989878542510121
offshore,offshore,walton_lighthouse-2025-05-17_140217Z,15.863651999999997,725.0,583.528547346071,0.9989878542510121
offshore,offshore,walton_lighthouse-2025-05-17_140217Z,15.863651999999997,729.0,544.8845791684158,0.9983130904183536
offshore,offshore,walton_lighthouse-2025-05-17_140217Z,15.863651999999997,732.0,550.2957754108065,0.9983130904183536
offshore,offshore,walton_lighthouse-2025-05-17_140217Z,15.863651999999997,736.0,557.001592301472,0.9983130904183536
offshore,offshore,walton_lighthouse-2025-05-17_140217Z,15.863651999999997,739.0,564.0625656685893,0.9983130904183536
offshore,offshore,walton_lighthouse-2025-05-17_140217Z,15.863651999999997,743.0,570.5239635499788,0.9983130904183536
offshore,offshore,walton_lighthouse-2025-05-17_140217Z,15.863651999999997,746.0,576.3608569800108,0.9983130904183536
offshore,offshore,walton_lighthouse-2025-05-17_140217Z,15.863651999999997,749.0,582.1938018958059,0.9983130904183536
offshore,offshore,walton_lighthouse-2025-05-17_140217Z,15.863651999999997,753.0,588.4073238526413,0.9983130904183536
offshore,offshore,walton_lighthouse-2025-05-17_140217Z,15.863651999999997,756.0,595.095093025559,0.9983130904183536
offshore,offshore,walton_lighthouse-2025-05-17_140217Z,15.863651999999997,760.0,602.2847628055105,0.9983130904183536
offshore,offshore,walton_lighthouse-2025-05-17_140217Z,15.863651999999997,763.0,589.5993645021347,0.9979757085020243
offshore,offshore,walton_lighthouse-2025-05-17_140217Z,15.863651999999997,767.0,584.5397454258683,0.997638326585695
offshore,offshore,walton_lighthouse-2025-05-17_140217Z,15.863651999999997,770.0,593.7144333260904,0.997638326585695
offshore,offshore,walton_lighthouse-2025-05-17_140217Z,15.863651999999997,773.0,603.7614088782935,0.997638326585695
offshore,offshore,walton_lighthouse-2025-05-17_140217Z,15.863651999999997,777.0,615.1264236203048,0.997638326585695
offshore,offshore,walton_lighthouse-2025-05-17_140217Z,15.863651999999997,780.0,628.1751177664671,0.9973009446693657
offshore,offshore,walton_lighthouse-2025-05-17_140217Z,15.863651999999997,784.0,642.215980375154,0.9973009446693657
offshore,offshore,walton_lighthouse-2025-05-17_140217Z,15.863651999999997,787.0,644.232997131813,0.9969635627530364
offshore,offshore,walton_lighthouse-2025-05-17_140217Z,15.863651999999997,790.0,658.786555207063,0.9969635627530364
offshore,offshore,walton_lighthouse-2025-05-17_140217Z,15.863651999999997,794.0,673.4312682076877,0.9969635627530364
offshore,offshore,walton_lighthouse-2025-05-17_140217Z,15.863651999999997,797.0,688.6923288666234,0.9969635627530364
offshore,offshore,walton_lighthouse-2025-05-17_140217Z,15.863651999999997,801.0,705.2149536395267,0.9969635627530364
offshore,offshore,walton_lighthouse-2025-05-17_140217Z,15.863651999999997,804.0,724.0247386053006,0.9969635627530364
offshore,offshore,walton_lighthouse-2025-05-17_140217Z,15.863651999999997,808.0,746.7385988208308,0.9969635627530364
offshore,offshore,walton_lighthouse-2025-05-17_140217Z,15.863651999999997,811.0,774.3865125527036,0.9966261808367072
offshore,offshore,walton_lighthouse-2025-05-17_140217Z,15.863651999999997,814.0,791.2406233090695,0.9962887989203779
offshore,offshore,walton_lighthouse-2025-05-17_140217Z,15.863651999999997,818.0,821.3550583677201,0.9962887989203779
offshore,offshore,walton_lighthouse-2025-05-17_140217Z,15.863651999999997,821.0,851.1458696021526,0.9962887989203779
offshore,offshore,walton_lighthouse-2025-05-17_140217Z,15.863651999999997,825.0,883.6097004360876,0.9962887989203779
offshore,offshore,walton_lighthouse-2025-05-17_140217Z,15.863651999999997,828.0,921.1263491043321,0.9962887989203779
offshore,offshore,walton_lighthouse-2025-05-17_140217Z,15.863651999999997,832.0,964.9219405178638,0.9962887989203779
offshore,offshore,walton_lighthouse-2025-05-17_140217Z,15.863651999999997,835.0,1017.2621586339354,0.9962887989203779
offshore,offshore,walton_lighthouse-2025-05-17_140217Z,15.863651999999997,838.0,1080.8088193829308,0.9962887989203779
offshore,offshore,walton_lighthouse-2025-05-17_140217Z,15.863651999999997,842.0,1155.776785689993,0.9962887989203779
offshore,offshore,walton_lighthouse-2025-05-17_140217Z,15.863651999999997,845.0,1240.823545069458,0.9962887989203779
offshore,offshore,walton_lighthouse-2025-05-17_140217Z,15.863651999999997,849.0,1334.9980429519433,0.9962887989203779
offshore,offshore,walton_lighthouse-2025-05-17_140217Z,15.863651999999997,852.0,1436.842624914439,0.9962887989203779
offshore,offshore,walton_lighthouse-2025-05-17_140217Z,15.863651999999997,855.0,1541.5693549585126,0.9962887989203779
offshore,offshore,walton_lighthouse-2025-05-17_140217Z,15.863651999999997,859.0,1641.2088900193253,0.9962887989203779
offshore,offshore,walton_lighthouse-2025-05-17_140217Z,15.863651999999997,862.0,1727.3055634737407,0.9962887989203779
offshore,offshore,walton_lighthouse-2025-05-17_140217Z,15.863651999999997,866.0,1765.8374968187156,0.99527665317139
offshore,offshore,walton_lighthouse-2025-05-17_140217Z,15.863651999999997,869.0,1822.6648675415504,0.9949392712550608
offshore,offshore,walton_lighthouse-2025-05-17_140217Z,15.863651999999997,873.0,1861.5399532080737,0.9935897435897436
offshore,offshore,walton_lighthouse-2025-05-17_140217Z,15.863651999999997,876.0,1890.29933140496,0.9919028340080972
offshore,offshore,walton_lighthouse-2025-05-17_140217Z,15.863651999999997,879.0,1905.0796005137333,0.9824561403508771
offshore,offshore,walton_lighthouse-2025-05-17_140217Z,15.863651999999997,883.0,1962.4422893960157,0.9504048582995951
offshore,offshore,walton_lighthouse-2025-05-17_140217Z,15.863651999999997,886.0,1976.5271720263304,0.8947368421052632
offshore,offshore,walton_lighthouse-2025-08-15_172654Z,16.844176,253.0,35.148522483823506,0.99
offshore,offshore,walton_lighthouse-2025-08-15_172654Z,16.844176,257.0,35.85940865984888,0.99
offshore,offshore,walton_lighthouse-2025-08-15_172654Z,16.844176,260.0,36.936906537708474,0.99
offshore,offshore,walton_lighthouse-2025-08-15_172654Z,16.844176,263.0,38.41025378516847,0.99
offshore,offshore,walton_lighthouse-2025-08-15_172654Z,16.844176,267.0,40.04782817885614,0.99
offshore,offshore,walton_lighthouse-2025-08-15_172654Z,16.844176,270.0,41.490406139461406,0.99
offshore,offshore,walton_lighthouse-2025-08-15_172654Z,16.844176,274.0,42.64409761898571,0.99
offshore,offshore,walton_lighthouse-2025-08-15_172654Z,16.844176,277.0,43.563852683232206,0.99
offshore,offshore,walton_lighthouse-2025-08-15_172654Z,16.844176,281.0,44.370805588083755,0.99
offshore,offshore,walton_lighthouse-2025-08-15_172654Z,16.844176,284.0,45.074293124944084,0.99
offshore,offshore,walton_lighthouse-2025-08-15_172654Z,16.844176,287.0,45.52902390051695,0.99
offshore,offshore,walton_lighthouse-2025-08-15_172654Z,16.844176,291.0,45.540973857365934,0.99
offshore,offshore,walton_lighthouse-2025-08-15_172654Z,16.844176,294.0,44.96626755488066,0.99
offshore,offshore,walton_lighthouse-2025-08-15_172654Z,16.844176,298.0,43.80811269798979,0.99
offshore,offshore,walton_lighthouse-2025-08-15_172654Z,16.844176,301.0,42.22667923693577,0.99
offshore,offshore,walton_lighthouse-2025-08-15_172654Z,16.844176,305.0,40.46878204879715,0.99
offshore,offshore,walton_lighthouse-2025-08-15_172654Z,16.844176,308.0,38.75816800646504,0.99
offshore,offshore,walton_lighthouse-2025-08-15_172654Z,16.844176,311.0,37.21721428821548,0.99
offshore,offshore,walton_lighthouse-2025-08-15_172654Z,16.844176,315.0,35.884068979614874,0.99
offshore,offshore,walton_lighthouse-2025-08-15_172654Z,16.844176,318.0,34.77355621336119,0.99
offshore,offshore,walton_lighthouse-2025-08-15_172654Z,16.844176,322.0,33.91451028079288,0.99
offshore,offshore,walton_lighthouse-2025-08-15_172654Z,16.844176,325.0,33.34774774624058,0.99
offshore,offshore,walton_lighthouse-2025-08-15_172654Z,16.844176,329.0,33.11340031141543,0.99
offshore,offshore,walton_lighthouse-2025-08-15_172654Z,16.844176,332.0,33.24664265266992,0.99
offshore,offshore,walton_lighthouse-2025-08-15_172654Z,16.844176,335.0,33.76639701926951,0.99
offshore,offshore,walton_lighthouse-2025-08-15_172654Z,16.844176,339.0,34.664266399114275,0.99
offshore,offshore,walton_lighthouse-2025-08-15_172654Z,16.844176,342.0,35.898455726726574,0.99
offshore,offshore,walton_lighthouse-2025-08-15_172654Z,16.844176,346.0,37.39581419010137,0.99
offshore,offshore,walton_lighthouse-2025-08-15_172654Z,16.844176,349.0,39.06763283460689,0.99
offshore,offshore,walton_lighthouse-2025-08-15_172654Z,16.844176,352.0,40.837556199865304,0.99
offshore,offshore,walton_lighthouse-2025-08-15_172654Z,16.844176,356.0,42.65813087819739,0.99
offshore,offshore,walton_lighthouse-2025-08-15_172654Z,16.844176,359.0,44.505943926788476,0.99
offshore,offshore,walton_lighthouse-2025-08-15_172654Z,16.844176,363.0,46.357727609098184,0.99
offshore,offshore,walton_lighthouse-2025-08-15_172654Z,16.844176,366.0,48.15742733361388,0.99
offshore,offshore,walton_lighthouse-2025-08-15_172654Z,16.844176,370.0,49.79910735492322,0.99
offshore,offshore,walton_lighthouse-2025-08-15_172654Z,16.844176,373.0,51.165646918217796,0.99
offshore,offshore,walton_lighthouse-2025-08-15_172654Z,16.844176,376.0,52.20217332724455,0.99
offshore,offshore,walton_lighthouse-2025-08-15_172654Z,16.844176,380.0,52.95447377917334,0.99
offshore,offshore,walton_lighthouse-2025-08-15_172654Z,16.844176,383.0,53.556961147137486,0.99
offshore,offshore,walton_lighthouse-2025-08-15_172654Z,16.844176,387.0,54.16019718385697,0.99
offshore,offshore,walton_lighthouse-2025-08-15_172654Z,16.844176,390.0,54.857500388954385,0.99
offshore,offshore,walton_lighthouse-2025-08-15_172654Z,16.844176,394.0,55.669507743729426,0.99
offshore,offshore,walton_lighthouse-2025-08-15_172654Z,16.844176,397.0,56.59221849950465,0.99
offshore,offshore,walton_lighthouse-2025-08-15_172654Z,16.844176,400.0,57.65326702861958,0.99
offshore,offshore,walton_lighthouse-2025-08-15_172654Z,16.844176,404.0,58.91604647317647,0.99
offshore,offshore,walton_lighthouse-2025-08-15_172654Z,16.844176,407.0,60.45450981907364,0.99
offshore,offshore,walton_lighthouse-2025-08-15_172654Z,16.844176,411.0,62.32709280007431,0.99
offshore,offshore,walton_lighthouse-2025-08-15_172654Z,16.844176,414.0,64.5881793134023,0.99
offshore,offshore,walton_lighthouse-2025-08-15_172654Z,16.844176,417.0,67.33628586477643,0.99
offshore,offshore,walton_lighthouse-2025-08-15_172654Z,16.844176,421.0,70.74073676485392,0.99
offshore,offshore,walton_lighthouse-2025-08-15_172654Z,16.844176,424.0,74.99909031404154,0.99
offshore,offshore,walton_lighthouse-2025-08-15_172654Z,16.844176,428.0,80.25154153904386,0.99
offshore,offshore,walton_lighthouse-2025-08-15_172654Z,16.844176,431.0,86.52593422445392,0.99
offshore,offshore,walton_lighthouse-2025-08-15_172654Z,16.844176,435.0,93.72118087056654,0.99
offshore,offshore,walton_lighthouse-2025-08-15_172654Z,16.844176,438.0,101.63105589040539,0.99
offshore,offshore,walton_lighthouse-2025-08-15_172654Z,16.844176,441.0,110.02981364868715,0.99
offshore,offshore,walton_lighthouse-2025-08-15_172654Z,16.844176,445.0,118.71624525500229,0.99
offshore,offshore,walton_lighthouse-2025-08-15_172654Z,16.844176,448.0,127.44214116926722,0.99
offshore,offshore,walton_lighthouse-2025-08-15_172654Z,16.844176,452.0,135.8590900150398,0.99
offshore,offshore,walton_lighthouse-2025-08-15_172654Z,16.844176,455.0,143.57939185408574,0.99
offshore,offshore,walton_lighthouse-2025-08-15_172654Z,16.844176,459.0,150.29319252856854,0.99
offshore,offshore,walton_lighthouse-2025-08-15_172654Z,16.844176,462.0,155.88211778888305,0.99
offshore,offshore,walton_lighthouse-2025-08-15_172654Z,16.844176,465.0,160.4622582445821,0.99
offshore,offshore,walton_lighthouse-2025-08-15_172654Z,16.844176,469.0,164.29324648747496,0.99
offshore,offshore,walton_lighthouse-2025-08-15_172654Z,16.844176,472.0,167.61465741452125,0.99
offshore,offshore,walton_lighthouse-2025-08-15_172654Z,16.844176,476.0,170.58179183891306,0.99
offshore,offshore,walton_lighthouse-2025-08-15_172654Z,16.844176,479.0,173.27249067680447,0.99
offshore,offshore,walton_lighthouse-2025-08-15_172654Z,16.844176,482.0,175.7076767363289,0.99
offshore,offshore,walton_lighthouse-2025-08-15_172654Z,16.844176,486.0,177.92620135127734,0.99
offshore,offshore,walton_lighthouse-2025-08-15_172654Z,16.844176,489.0,180.03918447877942,0.99
offshore,offshore,walton_lighthouse-2025-08-15_172654Z,16.844176,493.0,182.19914516800395,0.99
offshore,offshore,walton_lighthouse-2025-08-15_172654Z,16.844176,496.0,184.51718530755147,0.99
offshore,offshore,walton_lighthouse-2025-08-15_172654Z,16.844176,500.0,187.00862524182145,0.99
offshore,offshore,walton_lighthouse-2025-08-15_172654Z,16.844176,503.0,189.61877538501844,0.99
offshore,offshore,walton_lighthouse-2025-08-15_172654Z,16.844176,506.0,192.30015249894774,0.99
offshore,offshore,walton_lighthouse-2025-08-15_172654Z,16.844176,510.0,195.0560835139148,0.99
offshore,offshore,walton_lighthouse-2025-08-15_172654Z,16.844176,513.0,197.91741469783864,0.99
offshore,offshore,walton_lighthouse-2025-08-15_172654Z,16.844176,517.0,200.90651734104782,0.99
offshore,offshore,walton_lighthouse-2025-08-15_172654Z,16.844176,520.0,204.0241822353912,0.99
offshore,offshore,walton_lighthouse-2025-08-15_172654Z,16.844176,524.0,207.26114341257997,0.99
offshore,offshore,walton_lighthouse-2025-08-15_172654Z,16.844176,527.0,210.61038097639465,0.99
offshore,offshore,walton_lighthouse-2025-08-15_172654Z,16.844176,530.0,214.05930854489645,0.99
offshore,offshore,walton_lighthouse-2025-08-15_172654Z,16.844176,534.0,217.57334274343796,0.99
offshore,offshore,walton_lighthouse-2025-08-15_172654Z,16.844176,537.0,221.1133756315564,0.99
offshore,offshore,walton_lighthouse-2025-08-15_172654Z,16.844176,541.0,224.67280237498144,0.99
offshore,offshore,walton_lighthouse-2025-08-15_172654Z,16.844176,544.0,228.2814267562785,0.99
offshore,offshore,walton_lighthouse-2025-08-15_172654Z,16.844176,548.0,231.98698021106296,0.99
offshore,offshore,walton_lighthouse-2025-08-15_172654Z,16.844176,551.0,235.8564695269684,0.99
offshore,offshore,walton_lighthouse-2025-08-15_172654Z,16.844176,554.0,239.96908931085434,0.99
offshore,offshore,walton_lighthouse-2025-08-15_172654Z,16.844176,558.0,244.3852717105588,0.99
offshore,offshore,walton_lighthouse-2025-08-15_172654Z,16.844176,561.0,249.10381182967132,0.99
offshore,offshore,walton_lighthouse-2025-08-15_172654Z,16.844176,565.0,254.0443835424072,0.99
offshore,offshore,walton_lighthouse-2025-08-15_172654Z,16.844176,568.0,259.08954688524716,0.99
offshore,offshore,walton_lighthouse-2025-08-15_172654Z,16.844176,571.0,264.13246892636835,0.99
offshore,offshore,walton_lighthouse-2025-08-15_172654Z,16.844176,575.0,269.1217497572399,0.99
offshore,offshore,walton_lighthouse-2025-08-15_172654Z,16.844176,578.0,274.0519878626445,0.99
offshore,offshore,walton_lighthouse-2025-08-15_172654Z,16.844176,582.0,278.93247959832826,0.99
offshore,offshore,walton_lighthouse-2025-08-15_172654Z,16.844176,585.0,283.79902324701663,0.99
offshore,offshore,walton_lighthouse-2025-08-15_172654Z,16.844176,589.0,288.72755975603087,0.99
offshore,offshore,walton_lighthouse-2025-08-15_172654Z,16.844176,592.0,293.83997067391493,0.99
offshore,offshore,walton_lighthouse-2025-08-15_172654Z,16.844176,595.0,299.28994996494384,0.99
offshore,offshore,walton_lighthouse-2025-08-15_172654Z,16.844176,599.0,305.2860854084249,0.99
offshore,offshore,walton_lighthouse-2025-08-15_172654Z,16.844176,602.0,312.4719314703907,0.99
offshore,offshore,walton_lighthouse-2025-08-15_172654Z,16.844176,606.0,321.547025557331,0.99
offshore,offshore,walton_lighthouse-2025-08-15_172654Z,16.844176,609.0,332.41828957222657,0.99
offshore,offshore,walton_lighthouse-2025-08-15_172654Z,16.844176,613.0,344.13547428120734,0.99
offshore,offshore,walton_lighthouse-2025-08-15_172654Z,16.844176,616.0,355.31521693121067,0.99
offshore,offshore,walton_lighthouse-2025-08-15_172654Z,16.844176,619.0,364.90809703633715,0.99
offshore,offshore,walton_lighthouse-2025-08-15_172654Z,16.844176,623.0,372.84443266025306,0.99
offshore,offshore,walton_lighthouse-2025-08-15_172654Z,16.844176,626.0,380.0178160499494,0.99
offshore,offshore,walton_lighthouse-2025-08-15_172654Z,16.844176,630.0,387.0822639354413,0.99
offshore,offshore,walton_lighthouse-2025-08-15_172654Z,16.844176,633.0,394.1276852656159,0.99
offshore,offshore,walton_lighthouse-2025-08-15_172654Z,16.844176,636.0,401.2644418487396,0.99
offshore,offshore,walton_lighthouse-2025-08-15_172654Z,16.844176,640.0,408.56877651373685,0.99
offshore,offshore,walton_lighthouse-2025-08-15_172654Z,16.844176,643.0,416.35850625623056,0.99
offshore,offshore,walton_lighthouse-2025-08-15_172654Z,16.844176,647.0,425.0703381833735,0.99
offshore,offshore,walton_lighthouse-2025-08-15_172654Z,16.844176,650.0,434.7382579771458,0.99
offshore,offshore,walton_lighthouse-2025-08-15_172654Z,16.844176,654.0,444.9156107172781,0.99
offshore,offshore,walton_lighthouse-2025-08-15_172654Z,16.844176,657.0,454.8753870582469,0.99
offshore,offshore,walton_lighthouse-2025-08-15_172654Z,16.844176,660.0,463.98983304417595,0.99
offshore,offshore,walton_lighthouse-2025-08-15_172654Z,16.844176,664.0,472.0878565893094,0.99
offshore,offshore,walton_lighthouse-2025-08-15_172654Z,16.844176,667.0,479.7260360071777,0.99
offshore,offshore,walton_lighthouse-2025-08-15_172654Z,16.844176,671.0,487.5990232443716,0.99
offshore,offshore,walton_lighthouse-2025-08-15_172654Z,16.844176,674.0,496.0807090841446,0.99
offshore,offshore,walton_lighthouse-2025-08-15_172654Z,16.844176,678.0,505.3115811144431,0.99
offshore,offshore,walton_lighthouse-2025-08-15_172654Z,16.844176,681.0,515.0645774728544,0.99
offshore,offshore,walton_lighthouse-2025-08-15_172654Z,16.844176,684.0,524.8780018014814,0.99
offshore,offshore,walton_lighthouse-2025-08-15_172654Z,16.844176,688.0,534.3663012023774,0.99
offshore,offshore,walton_lighthouse-2025-08-15_172654Z,16.844176,691.0,543.4043247569521,0.99
offshore,offshore,walton_lighthouse-2025-08-15_172654Z,16.844176,695.0,547.5214237170318,1.0
offshore,offshore,walton_lighthouse-2025-08-15_172654Z,16.844176,698.0,555.4468799002359,1.0
offshore,offshore,walton_lighthouse-2025-08-15_172654Z,16.844176,701.0,562.9393394972479,1.0
offshore,offshore,walton_lighthouse-2025-08-15_172654Z,16.844176,705.0,570.1258956803484,1.0
offshore,offshore,walton_lighthouse-2025-08-15_172654Z,16.844176,708.0,577.237097441244,1.0
offshore,offshore,walton_lighthouse-2025-08-15_172654Z,16.844176,712.0,584.4890898571012,1.0
offshore,offshore,walton_lighthouse-2025-08-15_172654Z,16.844176,715.0,591.9587846560703,1.0
offshore,offshore,walton_lighthouse-2025-08-15_172654Z,16.844176,719.0,599.6287150494227,1.0
offshore,offshore,walton_lighthouse-2025-08-15_172654Z,16.844176,722.0,607.4794759948716,1.0
offshore,offshore,walton_lighthouse-2025-08-15_172654Z,16.844176,725.0,615.8273204536631,1.0
offshore,offshore,walton_lighthouse-2025-08-15_172654Z,16.844176,729.0,625.1283490205703,1.0
offshore,offshore,walton_lighthouse-2025-08-15_172654Z,16.844176,732.0,635.4286629326166,1.0
offshore,offshore,walton_lighthouse-2025-08-15_172654Z,16.844176,736.0,646.3203533389525,1.0
offshore,offshore,walton_lighthouse-2025-08-15_172654Z,16.844176,739.0,657.1410342297801,1.0
offshore,offshore,walton_lighthouse-2025-08-15_172654Z,16.844176,743.0,667.316617312054,1.0
offshore,offshore,walton_lighthouse-2025-08-15_172654Z,16.844176,746.0,676.6747280753699,1.0
offshore,offshore,walton_lighthouse-2025-08-15_172654Z,16.844176,749.0,685.7245327443093,1.0
offshore,offshore,walton_lighthouse-2025-08-15_172654Z,16.844176,753.0,695.013299641017,1.0
offshore,offshore,walton_lighthouse-2025-08-15_172654Z,16.844176,756.0,704.6650023134565,1.0
offshore,offshore,walton_lighthouse-2025-08-15_172654Z,16.844176,760.0,714.6592871896439,1.0
offshore,offshore,walton_lighthouse-2025-08-15_172654Z,16.844176,763.0,725.1334295461966,1.0
offshore,offshore,walton_lighthouse-2025-08-15_172654Z,16.844176,767.0,736.334794118339,1.0
offshore,offshore,walton_lighthouse-2025-08-15_172654Z,16.844176,770.0,748.21653173059,1.0
offshore,offshore,walton_lighthouse-2025-08-15_172654Z,16.844176,773.0,760.4651343435852,1.0
offshore,offshore,walton_lighthouse-2025-08-15_172654Z,16.844176,777.0,772.4427256352128,1.0
offshore,offshore,walton_lighthouse-2025-08-15_172654Z,16.844176,780.0,783.506981842051,1.0
offshore,offshore,walton_lighthouse-2025-08-15_172654Z,16.844176,784.0,793.5883090548433,1.0
offshore,offshore,walton_lighthouse-2025-08-15_172654Z,16.844176,787.0,803.2604194111555,1.0
offshore,offshore,walton_lighthouse-2025-08-15_172654Z,16.844176,790.0,813.0505590473189,1.0
offshore,offshore,walton_lighthouse-2025-08-15_172654Z,16.844176,794.0,823.127861991532,1.0
offshore,offshore,walton_lighthouse-2025-08-15_172654Z,16.844176,797.0,833.6340329084286,1.0
offshore,offshore,walton_lighthouse-2025-08-15_172654Z,16.844176,801.0,844.706663848876,1.0
offshore,offshore,walton_lighthouse-2025-08-15_172654Z,16.844176,804.0,856.4797851278371,1.0
offshore,offshore,walton_lighthouse-2025-08-15_172654Z,16.844176,808.0,869.1352591013689,1.0
offshore,offshore,walton_lighthouse-2025-08-15_172654Z,16.844176,811.0,882.8085942988431,1.0
offshore,offshore,walton_lighthouse-2025-08-15_172654Z,16.844176,814.0,897.3479961272719,1.0
offshore,offshore,walton_lighthouse-2025-08-15_172654Z,16.844176,818.0,912.2584851562228,1.0
offshore,offshore,walton_lighthouse-2025-08-15_172654Z,16.844176,821.0,926.9421465144385,1.0
offshore,offshore,walton_lighthouse-2025-08-15_172654Z,16.844176,825.0,941.0450618391696,1.0
offshore,offshore,walton_lighthouse-2025-08-15_172654Z,16.844176,828.0,954.6730125019748,1.0
offshore,offshore,walton_lighthouse-2025-08-15_172654Z,16.844176,832.0,968.1994731591841,1.0
offshore,offshore,walton_lighthouse-2025-08-15_172654Z,16.844176,835.0,981.850495098763,1.0
offshore,offshore,walton_lighthouse-2025-08-15_172654Z,16.844176,838.0,995.5523261479465,1.0
offshore,offshore,walton_lighthouse-2025-08-15_172654Z,16.844176,842.0,1009.5602470023639,1.0
offshore,offshore,walton_lighthouse-2025-08-15_172654Z,16.844176,845.0,1024.4875672417684,1.0
offshore,offshore,walton_lighthouse-2025-08-15_172654Z,16.844176,849.0,1040.4535872843294,1.0
offshore,offshore,walton_lighthouse-2025-08-15_172654Z,16.844176,852.0,1056.8541828519285,1.0
offshore,offshore,walton_lighthouse-2025-08-15_172654Z,16.844176,855.0,1072.4711664332085,1.0
offshore,offshore,walton_lighthouse-2025-08-15_172654Z,16.844176,859.0,1086.0102394784271,1.0
offshore,offshore,walton_lighthouse-2025-08-15_172654Z,16.844176,862.0,1107.949763499037,0.99
offshore,offshore,walton_lighthouse-2025-08-15_172654Z,16.844176,866.0,1116.9980165041702,0.99
offshore,offshore,walton_lighthouse-2025-08-15_172654Z,16.844176,869.0,1124.854596122369,0.99
offshore,offshore,walton_lighthouse-2025-08-15_172654Z,16.844176,873.0,1132.0778966162277,0.99
offshore,offshore,walton_lighthouse-2025-08-15_172654Z,16.844176,876.0,1139.273462043787,0.99
offshore,offshore,walton_lighthouse-2025-08-15_172654Z,16.844176,879.0,1145.9083178719293,0.99
offshore,offshore,walton_lighthouse-2025-08-15_172654Z,16.844176,883.0,1182.4576695794556,0.96
offshore,offshore,walton_lighthouse-2025-08-15_172654Z,16.844176,886.0,1204.150934783547,0.93
offshore,offshore,walton_lighthouse-2025-04-22_002121Z,29.016468,253.0,47.45384666392073,0.980349344978166
offshore,offshore,walton_lighthouse-2025-04-22_002121Z,29.016468,257.0,49.567433074034135,0.980349344978166
offshore,offshore,walton_lighthouse-2025-04-22_002121Z,29.016468,260.0,52.59356926267923,0.980349344978166
offshore,offshore,walton_lighthouse-2025-04-22_002121Z,29.016468,263.0,56.75004021304729,0.980349344978166
offshore,offshore,walton_lighthouse-2025-04-22_002121Z,29.016468,267.0,61.69704330445352,0.980349344978166
offshore,offshore,walton_lighthouse-2025-04-22_002121Z,29.016468,270.0,66.83528921675956,0.980349344978166
offshore,offshore,walton_lighthouse-2025-04-22_002121Z,29.016468,274.0,72.14077051397982,0.980349344978166
offshore,offshore,walton_lighthouse-2025-04-22_002121Z,29.016468,277.0,77.69323855087764,0.980349344978166
offshore,offshore,walton_lighthouse-2025-04-22_002121Z,29.016468,281.0,83.59354169512538,0.980349344978166
offshore,offshore,walton_lighthouse-2025-04-22_002121Z,29.016468,284.0,89.8643361830277,0.980349344978166
offshore,offshore,walton_lighthouse-2025-04-22_002121Z,29.016468,287.0,96.4915524225221,0.980349344978166
offshore,offshore,walton_lighthouse-2025-04-22_002121Z,29.016468,291.0,103.51645254437753,0.980349344978166
offshore,offshore,walton_lighthouse-2025-04-22_002121Z,29.016468,294.0,111.00072023408494,0.980349344978166
offshore,offshore,walton_lighthouse-2025-04-22_002121Z,29.016468,298.0,119.0221119358529,0.980349344978166
offshore,offshore,walton_lighthouse-2025-04-22_002121Z,29.016468,301.0,127.68465105852684,0.980349344978166
offshore,offshore,walton_lighthouse-2025-04-22_002121Z,29.016468,305.0,137.09243472081891,0.980349344978166
offshore,offshore,walton_lighthouse-2025-04-22_002121Z,29.016468,308.0,147.29627525271957,0.980349344978166
offshore,offshore,walton_lighthouse-2025-04-22_002121Z,29.016468,311.0,158.2393721992487,0.980349344978166
offshore,offshore,walton_lighthouse-2025-04-22_002121Z,29.016468,315.0,169.78012080969538,0.980349344978166
offshore,offshore,walton_lighthouse-2025-04-22_002121Z,29.016468,318.0,181.8083453077027,0.980349344978166
offshore,offshore,walton_lighthouse-2025-04-22_002121Z,29.016468,322.0,194.40239805115644,0.980349344978166
offshore,offshore,walton_lighthouse-2025-04-22_002121Z,29.016468,325.0,207.99897222385192,0.980349344978166
offshore,offshore,walton_lighthouse-2025-04-22_002121Z,29.016468,329.0,223.46550877731235,0.980349344978166
offshore,offshore,walton_lighthouse-2025-04-22_002121Z,29.016468,332.0,241.84969383811028,0.980349344978166
offshore,offshore,walton_lighthouse-2025-04-22_002121Z,29.016468,335.0,263.7203922128471,0.980349344978166
offshore,offshore,walton_lighthouse-2025-04-22_002121Z,29.016468,339.0,288.41679471101384,0.980349344978166
offshore,offshore,walton_lighthouse-2025-04-22_002121Z,29.016468,342.0,314.09551704218126,0.980349344978166
offshore,offshore,walton_lighthouse-2025-04-22_002121Z,29.016468,346.0,338.7661420024814,0.980349344978166
offshore,offshore,walton_lighthouse-2025-04-22_002121Z,29.016468,349.0,361.3126578185152,0.980349344978166
offshore,offshore,walton_lighthouse-2025-04-22_002121Z,29.016468,352.0,381.4512152232325,0.980349344978166
offshore,offshore,walton_lighthouse-2025-04-22_002121Z,29.016468,356.0,399.3885113636823,0.980349344978166
offshore,offshore,walton_lighthouse-2025-04-22_002121Z,29.016468,359.0,415.7116565767559,0.980349344978166
offshore,offshore,walton_lighthouse-2025-04-22_002121Z,29.016468,363.0,430.91367826052976,0.980349344978166
offshore,offshore,walton_lighthouse-2025-04-22_002121Z,29.016468,366.0,445.2125151856426,0.980349344978166
offshore,offshore,walton_lighthouse-2025-04-22_002121Z,29.016468,370.0,458.6691193045394,0.980349344978166
offshore,offshore,walton_lighthouse-2025-04-22_002121Z,29.016468,373.0,471.30706376883904,0.980349344978166
offshore,offshore,walton_lighthouse-2025-04-22_002121Z,29.016468,376.0,483.1346056197539,0.980349344978166
offshore,offshore,walton_lighthouse-2025-04-22_002121Z,29.016468,380.0,494.3110429099068,0.980349344978166
offshore,offshore,walton_lighthouse-2025-04-22_002121Z,29.016468,383.0,505.3887883443885,0.980349344978166
offshore,offshore,walton_lighthouse-2025-04-22_002121Z,29.016468,387.0,517.1638571898017,0.980349344978166
offshore,offshore,walton_lighthouse-2025-04-22_002121Z,29.016468,390.0,530.2228167404227,0.980349344978166
offshore,offshore,walton_lighthouse-2025-04-22_002121Z,29.016468,394.0,544.7155016587035,0.980349344978166
offshore,offshore,walton_lighthouse-2025-04-22_002121Z,29.016468,397.0,560.5925748182708,0.980349344978166
offshore,offshore,walton_lighthouse-2025-04-22_002121Z,29.016468,400.0,577.7180625854904,0.980349344978166
offshore,offshore,walton_lighthouse-2025-04-22_002121Z,29.016468,404.0,596.0561926873108,0.980349344978166
offshore,offshore,walton_lighthouse-2025-04-22_002121Z,29.016468,407.0,615.7208028242359,0.980349344978166
offshore,offshore,walton_lighthouse-2025-04-22_002121Z,29.016468,411.0,636.6380355618071,0.980349344978166
offshore,offshore,walton_lighthouse-2025-04-22_002121Z,29.016468,414.0,658.4107406218952,0.980349344978166
offshore,offshore,walton_lighthouse-2025-04-22_002121Z,29.016468,417.0,680.5800114967097,0.980349344978166
offshore,offshore,walton_lighthouse-2025-04-22_002121Z,29.016468,421.0,703.3074615995371,0.980349344978166
offshore,offshore,walton_lighthouse-2025-04-22_002121Z,29.016468,424.0,727.3338907360143,0.980349344978166
offshore,offshore,walton_lighthouse-2025-04-22_002121Z,29.016468,428.0,753.1927878886825,0.980349344978166
offshore,offshore,walton_lighthouse-2025-04-22_002121Z,29.016468,431.0,780.3153738441221,0.980349344978166
offshore,offshore,walton_lighthouse-2025-04-22_002121Z,29.016468,435.0,806.9504517311045,0.980349344978166
offshore,offshore,walton_lighthouse-2025-04-22_002121Z,29.016468,438.0,831.4922557369933,0.980349344978166
offshore,offshore,walton_lighthouse-2025-04-22_002121Z,29.016468,441.0,854.1598890183645,0.9807132459970888
offshore,offshore,walton_lighthouse-2025-04-22_002121Z,29.016468,445.0,877.0776834227823,0.9807132459970888
offshore,offshore,walton_lighthouse-2025-04-22_002121Z,29.016468,448.0,902.8544852404666,0.9810771470160117
offshore,offshore,walton_lighthouse-2025-04-22_002121Z,29.016468,452.0,932.2262625344653,0.9810771470160117
offshore,offshore,walton_lighthouse-2025-04-22_002121Z,29.016468,455.0,964.3842005685427,0.9810771470160117
offshore,offshore,walton_lighthouse-2025-04-22_002121Z,29.016468,459.0,997.118255609748,0.9814410480349345
offshore,offshore,walton_lighthouse-2025-04-22_002121Z,29.016468,462.0,1028.6030581307302,0.9818049490538574
offshore,offshore,walton_lighthouse-2025-04-22_002121Z,29.016468,465.0,1058.224839829467,0.982532751091703
offshore,offshore,walton_lighthouse-2025-04-22_002121Z,29.016468,469.0,1087.697629460029,0.982532751091703
offshore,offshore,walton_lighthouse-2025-04-22_002121Z,29.016468,472.0,1117.3252546823815,0.982532751091703
offshore,offshore,walton_lighthouse-2025-04-22_002121Z,29.016468,476.0,1146.4454624899545,0.9828966521106259
offshore,offshore,walton_lighthouse-2025-04-22_002121Z,29.016468,479.0,1175.1668526898447,0.9828966521106259
offshore,offshore,walton_lighthouse-2025-04-22_002121Z,29.016468,482.0,1201.3837528222073,0.9843522561863173
offshore,offshore,walton_lighthouse-2025-04-22_002121Z,29.016468,486.0,1229.1367786376375,0.9843522561863173
offshore,offshore,walton_lighthouse-2025-04-22_002121Z,29.016468,489.0,1258.1900715219247,0.9843522561863173
offshore,offshore,walton_lighthouse-2025-04-22_002121Z,29.016468,493.0,1288.437695259598,0.9843522561863173
offshore,offshore,walton_lighthouse-2025-04-22_002121Z,29.016468,496.0,1318.508134664047,0.9843522561863173
offshore,offshore,walton_lighthouse-2025-04-22_002121Z,29.016468,500.0,1347.2555441695288,0.9847161572052402
offshore,offshore,walton_lighthouse-2025-04-22_002121Z,29.016468,503.0,1376.4654743102496,0.9847161572052402
offshore,offshore,walton_lighthouse-2025-04-22_002121Z,29.016468,506.0,1407.1654341921121,0.9847161572052402
offshore,offshore,walton_lighthouse-2025-04-22_002121Z,29.016468,510.0,1440.131425208543,0.9847161572052402
offshore,offshore,walton_lighthouse-2025-04-22_002121Z,29.016468,513.0,1475.4590699491525,0.9847161572052402
offshore,offshore,walton_lighthouse-2025-04-22_002121Z,29.016468,517.0,1512.3483203092806,0.985080058224163
offshore,offshore,walton_lighthouse-2025-04-22_002121Z,29.016468,520.0,1551.3971882223448,0.985080058224163
offshore,offshore,walton_lighthouse-2025-04-22_002121Z,29.016468,524.0,1591.2739463506591,0.985080058224163
offshore,offshore,walton_lighthouse-2025-04-22_002121Z,29.016468,527.0,1630.5654078663506,0.985080058224163
offshore,offshore,walton_lighthouse-2025-04-22_002121Z,29.016468,530.0,1667.5448492920264,0.985080058224163
offshore,offshore,walton_lighthouse-2025-04-22_002121Z,29.016468,534.0,1701.0797173360363,0.985080058224163
offshore,offshore,walton_lighthouse-2025-04-22_002121Z,29.016468,537.0,1730.9255744485295,0.985080058224163
offshore,offshore,walton_lighthouse-2025-04-22_002121Z,29.016468,541.0,1756.761039598169,0.985080058224163
offshore,offshore,walton_lighthouse-2025-04-22_002121Z,29.016468,544.0,1778.3450156882018,0.985080058224163
offshore,offshore,walton_lighthouse-2025-04-22_002121Z,29.016468,548.0,1796.5217571681776,0.985080058224163
offshore,offshore,walton_lighthouse-2025-04-22_002121Z,29.016468,551.0,1812.3938085491093,0.985080058224163
offshore,offshore,walton_lighthouse-2025-04-22_002121Z,29.016468,554.0,1826.0085022947674,0.985080058224163
offshore,offshore,walton_lighthouse-2025-04-22_002121Z,29.016468,558.0,1837.0664507826132,0.985080058224163
offshore,offshore,walton_lighthouse-2025-04-22_002121Z,29.016468,561.0,1845.9657325511307,0.985080058224163
offshore,offshore,walton_lighthouse-2025-04-22_002121Z,29.016468,565.0,1854.0468143344754,0.9858078602620087
offshore,offshore,walton_lighthouse-2025-04-22_002121Z,29.016468,568.0,1858.9923784154478,0.9865356622998545
offshore,offshore,walton_lighthouse-2025-04-22_002121Z,29.016468,571.0,1863.254250626816,0.9872634643377002
offshore,offshore,walton_lighthouse-2025-04-22_002121Z,29.016468,575.0,1866.2112537022238,0.9872634643377002
offshore,offshore,walton_lighthouse-2025-04-22_002121Z,29.016468,578.0,1868.1064534103662,0.9872634643377002
offshore,offshore,walton_lighthouse-2025-04-22_002121Z,29.016468,582.0,1868.3671658404855,0.987627365356623
offshore,offshore,walton_lighthouse-2025-04-22_002121Z,29.016468,585.0,1868.0280731506732,0.987627365356623
offshore,offshore,walton_lighthouse-2025-04-22_002121Z,29.016468,589.0,1866.7851344019055,0.987627365356623
offshore,offshore,walton_lighthouse-2025-04-22_002121Z,29.016468,592.0,1864.2860053979232,0.9879912663755459
offshore,offshore,walton_lighthouse-2025-04-22_002121Z,29.016468,595.0,1861.6902755969945,0.9883551673944687
offshore,offshore,walton_lighthouse-2025-04-22_002121Z,29.016468,599.0,1859.8646515162236,0.9883551673944687
offshore,offshore,walton_lighthouse-2025-04-22_002121Z,29.016468,602.0,1858.2209547849725,0.9883551673944687
offshore,offshore,walton_lighthouse-2025-04-22_002121Z,29.016468,606.0,1856.5848933743298,0.9883551673944687
offshore,offshore,walton_lighthouse-2025-04-22_002121Z,29.016468,609.0,1855.0270081472179,0.9887190684133915
offshore,offshore,walton_lighthouse-2025-04-22_002121Z,29.016468,613.0,1853.325345583191,0.9894468704512372
offshore,offshore,walton_lighthouse-2025-04-22_002121Z,29.016468,616.0,1853.021972964743,0.9898107714701602
offshore,offshore,walton_lighthouse-2025-04-22_002121Z,29.016468,619.0,1852.9993459448951,0.990174672489083
offshore,offshore,walton_lighthouse-2025-04-22_002121Z,29.016468,623.0,1853.8722250872113,0.990174672489083
offshore,offshore,walton_lighthouse-2025-04-22_002121Z,29.016468,626.0,1854.443938368804,0.990174672489083
offshore,offshore,walton_lighthouse-2025-04-22_002121Z,29.016468,630.0,1854.2932919040645,0.990174672489083
offshore,offshore,walton_lighthouse-2025-04-22_002121Z,29.016468,633.0,1853.179058611837,0.9905385735080058
offshore,offshore,walton_lighthouse-2025-04-22_002121Z,29.016468,636.0,1853.270521148932,0.9905385735080058
offshore,offshore,walton_lighthouse-2025-04-22_002121Z,29.016468,640.0,1854.0302287066029,0.9905385735080058
offshore,offshore,walton_lighthouse-2025-04-22_002121Z,29.016468,643.0,1854.9064211539219,0.9905385735080058
offshore,offshore,walton_lighthouse-2025-04-22_002121Z,29.016468,647.0,1855.7878291274028,0.9905385735080058
offshore,offshore,walton_lighthouse-2025-04-22_002121Z,29.016468,650.0,1857.2218854783125,0.9905385735080058
offshore,offshore,walton_lighthouse-2025-04-22_002121Z,29.016468,654.0,1859.8511654280478,0.9905385735080058
offshore,offshore,walton_lighthouse-2025-04-22_002121Z,29.016468,657.0,1864.0683188823891,0.9905385735080058
offshore,offshore,walton_lighthouse-2025-04-22_002121Z,29.016468,660.0,1870.0490732848193,0.9905385735080058
offshore,offshore,walton_lighthouse-2025-04-22_002121Z,29.016468,664.0,1877.6240837374876,0.9905385735080058
offshore,offshore,walton_lighthouse-2025-04-22_002121Z,29.016468,667.0,1886.762399689256,0.990174672489083
offshore,offshore,walton_lighthouse-2025-04-22_002121Z,29.016468,671.0,1896.0194649111447,0.990174672489083
offshore,offshore,walton_lighthouse-2025-04-22_002121Z,29.016468,674.0,1905.9049822663455,0.990174672489083
offshore,offshore,walton_lighthouse-2025-04-22_002121Z,29.016468,678.0,1917.4307907559912,0.9894468704512372
offshore,offshore,walton_lighthouse-2025-04-22_002121Z,29.016468,681.0,1929.5435253208632,0.9894468704512372
offshore,offshore,walton_lighthouse-2025-04-22_002121Z,29.016468,684.0,1943.4483306838658,0.9887190684133915
offshore,offshore,walton_lighthouse-2025-04-22_002121Z,29.016468,688.0,1958.4572765822656,0.9883551673944687
offshore,offshore,walton_lighthouse-2025-04-22_002121Z,29.016468,691.0,1975.455465003533,0.9883551673944687
offshore,offshore,walton_lighthouse-2025-04-22_002121Z,29.016468,695.0,1995.3191560930784,0.9879912663755459
offshore,offshore,walton_lighthouse-2025-04-22_002121Z,29.016468,698.0,2018.436380492301,0.9879912663755459
offshore,offshore,walton_lighthouse-2025-04-22_002121Z,29.016468,701.0,2043.7404772093705,0.9872634643377002
offshore,offshore,walton_lighthouse-2025-04-22_002121Z,29.016468,705.0,2069.5601621319374,0.9865356622998545
offshore,offshore,walton_lighthouse-2025-04-22_002121Z,29.016468,708.0,2095.0961283347115,0.9865356622998545
offshore,offshore,walton_lighthouse-2025-04-22_002121Z,29.016468,712.0,2122.476111458794,0.9865356622998545
offshore,offshore,walton_lighthouse-2025-04-22_002121Z,29.016468,715.0,2154.3503955747224,0.9865356622998545
offshore,offshore,walton_lighthouse-2025-04-22_002121Z,29.016468,719.0,2191.9610247510095,0.9865356622998545
offshore,offshore,walton_lighthouse-2025-04-22_002121Z,29.016468,722.0,2233.6474211290574,0.9861717612809315
offshore,offshore,walton_lighthouse-2025-04-22_002121Z,29.016468,725.0,2275.0052683411777,0.9861717612809315
offshore,offshore,walton_lighthouse-2025-04-22_002121Z,29.016468,729.0,2314.661743963986,0.9861717612809315
offshore,offshore,walton_lighthouse-2025-04-22_002121Z,29.016468,732.0,2355.1633194176543,0.9861717612809315
offshore,offshore,walton_lighthouse-2025-04-22_002121Z,29.016468,736.0,2399.0474272782794,0.9861717612809315
offshore,offshore,walton_lighthouse-2025-04-22_002121Z,29.016468,739.0,2446.1856686200413,0.9861717612809315
offshore,offshore,walton_lighthouse-2025-04-22_002121Z,29.016468,743.0,2495.146786896162,0.9861717612809315
offshore,offshore,walton_lighthouse-2025-04-22_002121Z,29.016468,746.0,2534.975869565113,0.9858078602620087
offshore,offshore,walton_lighthouse-2025-04-22_002121Z,29.016468,749.0,2586.4020086936926,0.9858078602620087
offshore,offshore,walton_lighthouse-2025-04-22_002121Z,29.016468,753.0,2616.173103662926,0.985080058224163
offshore,offshore,walton_lighthouse-2025-04-22_002121Z,29.016468,756.0,2674.257909972182,0.985080058224163
offshore,offshore,walton_lighthouse-2025-04-22_002121Z,29.016468,760.0,2723.3389187911985,0.9847161572052402
offshore,offshore,walton_lighthouse-2025-04-22_002121Z,29.016468,763.0,2781.66898089666,0.9854439592430859
offshore,offshore,walton_lighthouse-2025-04-22_002121Z,29.016468,767.0,2825.2445382625892,0.9872634643377002
offshore,offshore,walton_lighthouse-2025-04-22_002121Z,29.016468,770.0,2880.481883669622,0.9887190684133915
offshore,offshore,walton_lighthouse-2025-04-22_002121Z,29.016468,773.0,2938.7925035706558,0.990174672489083
offshore,offshore,walton_lighthouse-2025-04-22_002121Z,29.016468,777.0,3002.3020509996954,0.990174672489083
offshore,offshore,walton_lighthouse-2025-04-22_002121Z,29.016468,780.0,3060.345487110527,0.9898107714701602
offshore,offshore,walton_lighthouse-2025-04-22_002121Z,29.016468,784.0,3115.90301668812,0.9894468704512372
offshore,offshore,walton_lighthouse-2025-04-22_002121Z,29.016468,787.0,3155.1611679353186,0.9883551673944687
offshore,offshore,walton_lighthouse-2025-04-22_002121Z,29.016468,790.0,3206.9182148508694,0.9879912663755459
offshore,offshore,walton_lighthouse-2025-04-22_002121Z,29.016468,794.0,3264.6573301498615,0.9879912663755459
offshore,offshore,walton_lighthouse-2025-04-22_002121Z,29.016468,797.0,3304.0825862138,0.9872634643377002
offshore,offshore,walton_lighthouse-2025-04-22_002121Z,29.016468,801.0,3342.133554803358,0.9868995633187773
offshore,offshore,walton_lighthouse-2025-04-22_002121Z,29.016468,804.0,3356.1986293764608,0.9854439592430859
offshore,offshore,walton_lighthouse-2025-04-22_002121Z,29.016468,808.0,3398.3535040690545,0.9861717612809315
offshore,offshore,walton_lighthouse-2025-04-22_002121Z,29.016468,811.0,3424.5307355804225,0.9854439592430859
offshore,offshore,walton_lighthouse-2025-04-22_002121Z,29.016468,814.0,3461.222341918227,0.9847161572052402
offshore,offshore,walton_lighthouse-2025-04-22_002121Z,29.016468,818.0,3482.968220277945,0.9832605531295487
offshore,offshore,walton_lighthouse-2025-04-22_002121Z,29.016468,821.0,3521.551004288971,0.9818049490538574
offshore,offshore,walton_lighthouse-2025-04-22_002121Z,29.016468,825.0,3559.017683897186,0.980349344978166
offshore,offshore,walton_lighthouse-2025-04-22_002121Z,29.016468,828.0,3586.534166665098,0.9781659388646288
offshore,offshore,walton_lighthouse-2025-04-22_002121Z,29.016468,832.0,3598.17595615922,0.9759825327510917
offshore,offshore,walton_lighthouse-2025-04-22_002121Z,29.016468,835.0,3600.8184456876734,0.9734352256186317
offshore,offshore,walton_lighthouse-2025-04-22_002121Z,29.016468,838.0,3589.3730432812135,0.9694323144104804
offshore,offshore,walton_lighthouse-2025-04-22_002121Z,29.016468,842.0,3585.873177546206,0.9647016011644832
offshore,offshore,walton_lighthouse-2025-04-22_002121Z,29.016468,845.0,3582.8905469518077,0.960334788937409
offshore,offshore,walton_lighthouse-2025-04-22_002121Z,29.016468,849.0,3598.0817326087463,0.9574235807860262
offshore,offshore,walton_lighthouse-2025-04-22_002121Z,29.016468,852.0,3594.794746299744,0.9526928675400291
offshore,offshore,walton_lighthouse-2025-04-22_002121Z,29.016468,855.0,3592.4807641238663,0.9479621542940321
offshore,offshore,walton_lighthouse-2025-04-22_002121Z,29.016468,859.0,3593.157586735662,0.9446870451237264
offshore,offshore,walton_lighthouse-2025-04-22_002121Z,29.016468,862.0,3589.084610764202,0.9395924308588064
offshore,offshore,walton_lighthouse-2025-04-22_002121Z,29.016468,866.0,3546.6757229471245,0.9283114992721979
offshore,offshore,walton_lighthouse-2025-04-22_002121Z,29.016468,869.0,3517.759272794379,0.9203056768558951
offshore,offshore,walton_lighthouse-2025-04-22_002121Z,29.016468,873.0,3477.0255084970186,0.9072052401746725
offshore,offshore,walton_lighthouse-2025-04-22_002121Z,29.016468,876.0,3458.1973759796992,0.8933770014556041
offshore,offshore,walton_lighthouse-2025-04-22_002121Z,29.016468,879.0,3350.9865500803608,0.863901018922853
offshore,offshore,walton_lighthouse-2025-04-22_002121Z,29.016468,883.0,3221.8221392244614,0.8271470160116449
offshore,offshore,walton_lighthouse-2025-04-22_002121Z,29.016468,886.0,3058.290222340978,0.7409024745269287
offshore,offshore,walton_lighthouse-2025-05-08_212105Z,31.205000000000005,253.0,81.18111104418871,0.9970703125
offshore,offshore,walton_lighthouse-2025-05-08_212105Z,31.205000000000005,257.0,82.12682629191603,0.9970703125
offshore,offshore,walton_lighthouse-2025-05-08_212105Z,31.205000000000005,260.0,83.51106497101003,0.9970703125
offshore,offshore,walton_lighthouse-2025-05-08_212105Z,31.205000000000005,263.0,85.4302523845722,0.9970703125
offshore,offshore,walton_lighthouse-2025-05-08_212105Z,31.205000000000005,267.0,87.66482237904485,0.9970703125
offshore,offshore,walton_lighthouse-2025-05-08_212105Z,31.205000000000005,270.0,89.83928694636637,0.9970703125
offshore,offshore,walton_lighthouse-2025-05-08_212105Z,31.205000000000005,274.0,91.91772370947122,0.9970703125
offshore,offshore,walton_lighthouse-2025-05-08_212105Z,31.205000000000005,277.0,94.00022026730277,0.9970703125
offshore,offshore,walton_lighthouse-2025-05-08_212105Z,31.205000000000005,281.0,96.24195624721173,0.9970703125
offshore,offshore,walton_lighthouse-2025-05-08_212105Z,31.205000000000005,284.0,98.72044658878333,0.9970703125
offshore,offshore,walton_lighthouse-2025-05-08_212105Z,31.205000000000005,287.0,101.42095075855084,0.9970703125
offshore,offshore,walton_lighthouse-2025-05-08_212105Z,31.205000000000005,291.0,104.30349383785178,0.9970703125
offshore,offshore,walton_lighthouse-2025-05-08_212105Z,31.205000000000005,294.0,107.3290723820238,0.9970703125
offshore,offshore,walton_lighthouse-2025-05-08_212105Z,31.205000000000005,298.0,110.47110949332449,0.9970703125
offshore,offshore,walton_lighthouse-2025-05-08_212105Z,31.205000000000005,301.0,113.72158075466233,0.9970703125
offshore,offshore,walton_lighthouse-2025-05-08_212105Z,31.205000000000005,305.0,117.08569361984443,0.9970703125
offshore,offshore,walton_lighthouse-2025-05-08_212105Z,31.205000000000005,308.0,120.56890644348887,0.9970703125
offshore,offshore,walton_lighthouse-2025-05-08_212105Z,31.205000000000005,311.0,124.17630760220997,0.9970703125
offshore,offshore,walton_lighthouse-2025-05-08_212105Z,31.205000000000005,315.0,127.91549502344846,0.9970703125
offshore,offshore,walton_lighthouse-2025-05-08_212105Z,31.205000000000005,318.0,131.8118545460917,0.9970703125
offshore,offshore,walton_lighthouse-2025-05-08_212105Z,31.205000000000005,322.0,135.92798648739094,0.9970703125
offshore,offshore,walton_lighthouse-2025-05-08_212105Z,31.205000000000005,325.0,140.35778148847567,0.9970703125
offshore,offshore,walton_lighthouse-2025-05-08_212105Z,31.205000000000005,329.0,145.19109188550786,0.9970703125
offshore,offshore,walton_lighthouse-2025-05-08_212105Z,31.205000000000005,332.0,150.4899506134242,0.9970703125
offshore,offshore,walton_lighthouse-2025-05-08_212105Z,31.205000000000005,335.0,156.2785260184073,0.9970703125
offshore,offshore,walton_lighthouse-2025-05-08_212105Z,31.205000000000005,339.0,162.53340606509192,0.9970703125
offshore,offshore,walton_lighthouse-2025-05-08_212105Z,31.205000000000005,342.0,169.185498048546,0.9970703125
offshore,offshore,walton_lighthouse-2025-05-08_212105Z,31.205000000000005,346.0,176.1097132641964,0.9970703125
offshore,offshore,walton_lighthouse-2025-05-08_212105Z,31.205000000000005,349.0,183.13458233025,0.9970703125
offshore,offshore,walton_lighthouse-2025-05-08_212105Z,31.205000000000005,352.0,190.1014121294477,0.9970703125
offshore,offshore,walton_lighthouse-2025-05-08_212105Z,31.205000000000005,356.0,196.93314760682625,0.9970703125
offshore,offshore,walton_lighthouse-2025-05-08_212105Z,31.205000000000005,359.0,203.65656487905198,0.9970703125
offshore,offshore,walton_lighthouse-2025-05-08_212105Z,31.205000000000005,363.0,210.38575743743928,0.9970703125
offshore,offshore,walton_lighthouse-2025-05-08_212105Z,31.205000000000005,366.0,217.25531268280815,0.9970703125
offshore,offshore,walton_lighthouse-2025-05-08_212105Z,31.205000000000005,370.0,224.34198017882613,0.9970703125
offshore,offshore,walton_lighthouse-2025-05-08_212105Z,31.205000000000005,373.0,231.6466327807918,0.9970703125
offshore,offshore,walton_lighthouse-2025-05-08_212105Z,31.205000000000005,376.0,239.2384509539652,0.99658203125
offshore,offshore,walton_lighthouse-2025-05-08_212105Z,31.205000000000005,380.0,246.82934022364324,0.99658203125
offshore,offshore,walton_lighthouse-2025-05-08_212105Z,31.205000000000005,383.0,254.49513786539293,0.99658203125
offshore,offshore,walton_lighthouse-2025-05-08_212105Z,31.205000000000005,387.0,262.2325195309416,0.99658203125
offshore,offshore,walton_lighthouse-2025-05-08_212105Z,31.205000000000005,390.0,270.0293926661461,0.99658203125
offshore,offshore,walton_lighthouse-2025-05-08_212105Z,31.205000000000005,394.0,277.8066895119752,0.99658203125
offshore,offshore,walton_lighthouse-2025-05-08_212105Z,31.205000000000005,397.0,285.40531864530226,0.99658203125
offshore,offshore,walton_lighthouse-2025-05-08_212105Z,31.205000000000005,400.0,292.7047065031232,0.99658203125
offshore,offshore,walton_lighthouse-2025-05-08_212105Z,31.205000000000005,404.0,299.733683968399,0.99658203125
offshore,offshore,walton_lighthouse-2025-05-08_212105Z,31.205000000000005,407.0,306.8037437383765,0.99658203125
offshore,offshore,walton_lighthouse-2025-05-08_212105Z,31.205000000000005,411.0,314.6815559794094,0.99658203125
offshore,offshore,walton_lighthouse-2025-05-08_212105Z,31.205000000000005,414.0,324.2554409834852,0.99658203125
offshore,offshore,walton_lighthouse-2025-05-08_212105Z,31.205000000000005,417.0,335.7604250091147,0.99658203125
offshore,offshore,walton_lighthouse-2025-05-08_212105Z,31.205000000000005,421.0,348.3793832082849,0.99658203125
offshore,offshore,walton_lighthouse-2025-05-08_212105Z,31.205000000000005,424.0,360.68257220929263,0.99658203125
offshore,offshore,walton_lighthouse-2025-05-08_212105Z,31.205000000000005,428.0,371.78261771477906,0.99658203125
offshore,offshore,walton_lighthouse-2025-05-08_212105Z,31.205000000000005,431.0,381.6251614795283,0.99658203125
offshore,offshore,walton_lighthouse-2025-05-08_212105Z,31.205000000000005,435.0,390.4802199365285,0.9970703125
offshore,offshore,walton_lighthouse-2025-05-08_212105Z,31.205000000000005,438.0,398.74476673662906,0.9970703125
offshore,offshore,walton_lighthouse-2025-05-08_212105Z,31.205000000000005,441.0,406.2905838895302,0.9970703125
offshore,offshore,walton_lighthouse-2025-05-08_212105Z,31.205000000000005,445.0,413.20467702987634,0.9970703125
offshore,offshore,walton_lighthouse-2025-05-08_212105Z,31.205000000000005,448.0,419.8082820081698,0.9970703125
offshore,offshore,walton_lighthouse-2025-05-08_212105Z,31.205000000000005,452.0,426.3205592853156,0.9970703125
offshore,offshore,walton_lighthouse-2025-05-08_212105Z,31.205000000000005,455.0,432.79404915949385,0.9970703125
offshore,offshore,walton_lighthouse-2025-05-08_212105Z,31.205000000000005,459.0,439.2961425882112,0.9970703125
offshore,offshore,walton_lighthouse-2025-05-08_212105Z,31.205000000000005,462.0,445.9679227588136,0.9970703125
offshore,offshore,walton_lighthouse-2025-05-08_212105Z,31.205000000000005,465.0,453.08225294011305,0.9970703125
offshore,offshore,walton_lighthouse-2025-05-08_212105Z,31.205000000000005,469.0,461.10611856404324,0.9970703125
offshore,offshore,walton_lighthouse-2025-05-08_212105Z,31.205000000000005,472.0,470.504322028384,0.9970703125
offshore,offshore,walton_lighthouse-2025-05-08_212105Z,31.205000000000005,476.0,481.510244780944,0.9970703125
offshore,offshore,walton_lighthouse-2025-05-08_212105Z,31.205000000000005,479.0,493.9787770507072,0.9970703125
offshore,offshore,walton_lighthouse-2025-05-08_212105Z,31.205000000000005,482.0,507.38968376104947,0.9970703125
offshore,offshore,walton_lighthouse-2025-05-08_212105Z,31.205000000000005,486.0,521.2595469792691,0.9970703125
offshore,offshore,walton_lighthouse-2025-05-08_212105Z,31.205000000000005,489.0,535.5154295128988,0.9970703125
offshore,offshore,walton_lighthouse-2025-05-08_212105Z,31.205000000000005,493.0,550.1898958854595,0.9970703125
offshore,offshore,walton_lighthouse-2025-05-08_212105Z,31.205000000000005,496.0,565.0424061833758,0.9970703125
offshore,offshore,walton_lighthouse-2025-05-08_212105Z,31.205000000000005,500.0,579.7732860154288,0.9970703125
offshore,offshore,walton_lighthouse-2025-05-08_212105Z,31.205000000000005,503.0,594.4443304906284,0.9970703125
offshore,offshore,walton_lighthouse-2025-05-08_212105Z,31.205000000000005,506.0,609.6373565022297,0.9970703125
offshore,offshore,walton_lighthouse-2025-05-08_212105Z,31.205000000000005,510.0,626.1261281538257,0.9970703125
offshore,offshore,walton_lighthouse-2025-05-08_212105Z,31.205000000000005,513.0,644.2831027344225,0.9970703125
offshore,offshore,walton_lighthouse-2025-05-08_212105Z,31.205000000000005,517.0,664.0305493157362,0.9970703125
offshore,offshore,walton_lighthouse-2025-05-08_212105Z,31.205000000000005,520.0,685.1246869557053,0.9970703125
offshore,offshore,walton_lighthouse-2025-05-08_212105Z,31.205000000000005,524.0,707.1653699245081,0.9970703125
offshore,offshore,walton_lighthouse-2025-05-08_212105Z,31.205000000000005,527.0,729.5885083723964,0.9970703125
offshore,offshore,walton_lighthouse-2025-05-08_212105Z,31.205000000000005,530.0,752.1631231253632,0.9970703125
offshore,offshore,walton_lighthouse-2025-05-08_212105Z,31.205000000000005,534.0,774.8656106086589,0.9970703125
offshore,offshore,walton_lighthouse-2025-05-08_212105Z,31.205000000000005,537.0,797.2545829571727,0.9970703125
offshore,offshore,walton_lighthouse-2025-05-08_212105Z,31.205000000000005,541.0,818.5065956429611,0.9970703125
offshore,offshore,walton_lighthouse-2025-05-08_212105Z,31.205000000000005,544.0,837.992024592924,0.9970703125
offshore,offshore,walton_lighthouse-2025-05-08_212105Z,31.205000000000005,548.0,856.9944551715887,0.99755859375
offshore,offshore,walton_lighthouse-2025-05-08_212105Z,31.205000000000005,551.0,874.2577371993606,0.99755859375
offshore,offshore,walton_lighthouse-2025-05-08_212105Z,31.205000000000005,554.0,892.3631328777141,0.99755859375
offshore,offshore,walton_lighthouse-2025-05-08_212105Z,31.205000000000005,558.0,912.3185922442799,0.99755859375
offshore,offshore,walton_lighthouse-2025-05-08_212105Z,31.205000000000005,561.0,933.5314923911386,0.99755859375
offshore,offshore,walton_lighthouse-2025-05-08_212105Z,31.205000000000005,565.0,954.3737247782012,0.99755859375
offshore,offshore,walton_lighthouse-2025-05-08_212105Z,31.205000000000005,568.0,973.6106743524239,0.99755859375
offshore,offshore,walton_lighthouse-2025-05-08_212105Z,31.205000000000005,571.0,991.1646932279157,0.99755859375
offshore,offshore,walton_lighthouse-2025-05-08_212105Z,31.205000000000005,575.0,1007.4363937673993,0.99755859375
offshore,offshore,walton_lighthouse-2025-05-08_212105Z,31.205000000000005,578.0,1022.7902469614379,0.99755859375
offshore,offshore,walton_lighthouse-2025-05-08_212105Z,31.205000000000005,582.0,1037.7870024500555,0.99755859375
offshore,offshore,walton_lighthouse-2025-05-08_212105Z,31.205000000000005,585.0,1052.710188844657,0.99755859375
offshore,offshore,walton_lighthouse-2025-05-08_212105Z,31.205000000000005,589.0,1067.541241220248,0.99755859375
offshore,offshore,walton_lighthouse-2025-05-08_212105Z,31.205000000000005,592.0,1082.2432358823646,0.99755859375
offshore,offshore,walton_lighthouse-2025-05-08_212105Z,31.205000000000005,595.0,1097.002685371553,0.99755859375
offshore,offshore,walton_lighthouse-2025-05-08_212105Z,31.205000000000005,599.0,1112.4441144214516,0.99755859375
offshore,offshore,walton_lighthouse-2025-05-08_212105Z,31.205000000000005,602.0,1128.962094639449,0.99755859375
offshore,offshore,walton_lighthouse-2025-05-08_212105Z,31.205000000000005,606.0,1146.1445846948664,0.99755859375
offshore,offshore,walton_lighthouse-2025-05-08_212105Z,31.205000000000005,609.0,1162.6597017844424,0.99755859375
offshore,offshore,walton_lighthouse-2025-05-08_212105Z,31.205000000000005,613.0,1176.7738856071278,0.99755859375
offshore,offshore,walton_lighthouse-2025-05-08_212105Z,31.205000000000005,616.0,1187.6800903135124,0.99755859375
offshore,offshore,walton_lighthouse-2025-05-08_212105Z,31.205000000000005,619.0,1198.1897938917584,0.99755859375
offshore,offshore,walton_lighthouse-2025-05-08_212105Z,31.205000000000005,623.0,1202.8589565456305,0.9970703125
offshore,offshore,walton_lighthouse-2025-05-08_212105Z,31.205000000000005,626.0,1249.3669993985998,0.99755859375
offshore,offshore,walton_lighthouse-2025-05-08_212105Z,31.205000000000005,630.0,1280.6614894687157,0.99755859375
offshore,offshore,walton_lighthouse-2025-05-08_212105Z,31.205000000000005,633.0,1303.8672358708498,0.99755859375
offshore,offshore,walton_lighthouse-2025-05-08_212105Z,31.205000000000005,636.0,1318.9267017942288,0.99755859375
offshore,offshore,walton_lighthouse-2025-05-08_212105Z,31.205000000000005,640.0,1324.4519598953793,0.99755859375
offshore,offshore,walton_lighthouse-2025-05-08_212105Z,31.205000000000005,643.0,1322.2355771539092,0.99755859375
offshore,offshore,walton_lighthouse-2025-05-08_212105Z,31.205000000000005,647.0,1317.6004238882665,0.99755859375
offshore,offshore,walton_lighthouse-2025-05-08_212105Z,31.205000000000005,650.0,1312.2887988259647,0.99755859375
offshore,offshore,walton_lighthouse-2025-05-08_212105Z,31.205000000000005,654.0,1306.1559995908274,0.9970703125
offshore,offshore,walton_lighthouse-2025-05-08_212105Z,31.205000000000005,657.0,1299.110423944047,0.9970703125
offshore,offshore,walton_lighthouse-2025-05-08_212105Z,31.205000000000005,660.0,1292.5717641972471,0.9970703125
offshore,offshore,walton_lighthouse-2025-05-08_212105Z,31.205000000000005,664.0,1287.385984361331,0.9970703125
offshore,offshore,walton_lighthouse-2025-05-08_212105Z,31.205000000000005,667.0,1283.778330230077,0.9970703125
offshore,offshore,walton_lighthouse-2025-05-08_212105Z,31.205000000000005,671.0,1281.5395251758312,0.9970703125
offshore,offshore,walton_lighthouse-2025-05-08_212105Z,31.205000000000005,674.0,1280.3664408531163,0.9970703125
offshore,offshore,walton_lighthouse-2025-05-08_212105Z,31.205000000000005,678.0,1279.9562658597365,0.9970703125
offshore,offshore,walton_lighthouse-2025-05-08_212105Z,31.205000000000005,681.0,1280.1018039299704,0.9970703125
offshore,offshore,walton_lighthouse-2025-05-08_212105Z,31.205000000000005,684.0,1281.0336689624696,0.9970703125
offshore,offshore,walton_lighthouse-2025-05-08_212105Z,31.205000000000005,688.0,1283.237359447607,0.9970703125
offshore,offshore,walton_lighthouse-2025-05-08_212105Z,31.205000000000005,691.0,1287.1989537379566,0.9970703125
offshore,offshore,walton_lighthouse-2025-05-08_212105Z,31.205000000000005,695.0,1289.5723488714093,0.9970703125
offshore,offshore,walton_lighthouse-2025-05-08_212105Z,31.205000000000005,698.0,1282.7572526215786,0.9970703125
offshore,offshore,walton_lighthouse-2025-05-08_212105Z,31.205000000000005,701.0,1265.9794933036071,0.9970703125
offshore,offshore,walton_lighthouse-2025-05-08_212105Z,31.205000000000005,705.0,1249.8899296001168,0.9970703125
offshore,offshore,walton_lighthouse-2025-05-08_212105Z,31.205000000000005,708.0,1245.3501629843543,0.99658203125
offshore,offshore,walton_lighthouse-2025-05-08_212105Z,31.205000000000005,712.0,1251.8365679468911,0.99658203125
offshore,offshore,walton_lighthouse-2025-05-08_212105Z,31.205000000000005,715.0,1262.5597436968474,0.9970703125
offshore,offshore,walton_lighthouse-2025-05-08_212105Z,31.205000000000005,719.0,1318.9888600524284,0.998046875
offshore,offshore,walton_lighthouse-2025-05-08_212105Z,31.205000000000005,722.0,1332.9296223094707,0.998046875
offshore,offshore,walton_lighthouse-2025-05-08_212105Z,31.205000000000005,725.0,1356.8111720411111,0.998046875
offshore,offshore,walton_lighthouse-2025-05-08_212105Z,31.205000000000005,729.0,1393.5224121847325,0.998046875
offshore,offshore,walton_lighthouse-2025-05-08_212105Z,31.205000000000005,732.0,1434.0217590508012,0.998046875
offshore,offshore,walton_lighthouse-2025-05-08_212105Z,31.205000000000005,736.0,1464.333169147892,0.998046875
offshore,offshore,walton_lighthouse-2025-05-08_212105Z,31.205000000000005,739.0,1482.22688051814,0.998046875
offshore,offshore,walton_lighthouse-2025-05-08_212105Z,31.205000000000005,743.0,1501.3909801632142,0.998046875
offshore,offshore,walton_lighthouse-2025-05-08_212105Z,31.205000000000005,746.0,1531.7281550009277,0.998046875
offshore,offshore,walton_lighthouse-2025-05-08_212105Z,31.205000000000005,749.0,1567.1960863930303,0.998046875
offshore,offshore,walton_lighthouse-2025-05-08_212105Z,31.205000000000005,753.0,1594.741643278785,0.998046875
offshore,offshore,walton_lighthouse-2025-05-08_212105Z,31.205000000000005,756.0,1608.2963070054363,0.998046875
offshore,offshore,walton_lighthouse-2025-05-08_212105Z,31.205000000000005,760.0,1614.2885871646147,0.998046875
offshore,offshore,walton_lighthouse-2025-05-08_212105Z,31.205000000000005,763.0,1618.0358544185208,0.998046875
offshore,offshore,walton_lighthouse-2025-05-08_212105Z,31.205000000000005,767.0,1618.8128476638562,0.998046875
offshore,offshore,walton_lighthouse-2025-05-08_212105Z,31.205000000000005,770.0,1617.1608624180478,0.998046875
offshore,offshore,walton_lighthouse-2025-05-08_212105Z,31.205000000000005,773.0,1616.3646629863993,0.99755859375
offshore,offshore,walton_lighthouse-2025-05-08_212105Z,31.205000000000005,777.0,1625.8316681420613,0.99755859375
offshore,offshore,walton_lighthouse-2025-05-08_212105Z,31.205000000000005,780.0,1644.671025470287,0.99755859375
offshore,offshore,walton_lighthouse-2025-05-08_212105Z,31.205000000000005,784.0,1660.9758151951833,0.99755859375
offshore,offshore,walton_lighthouse-2025-05-08_212105Z,31.205000000000005,787.0,1662.9158955919524,0.99755859375
offshore,offshore,walton_lighthouse-2025-05-08_212105Z,31.205000000000005,790.0,1654.9288981059865,0.99755859375
offshore,offshore,walton_lighthouse-2025-05-08_212105Z,31.205000000000005,794.0,1649.7127892374385,0.99755859375
offshore,offshore,walton_lighthouse-2025-05-08_212105Z,31.205000000000005,797.0,1652.1612385889773,0.99755859375
offshore,offshore,walton_lighthouse-2025-05-08_212105Z,31.205000000000005,801.0,1657.4491176779836,0.99755859375
offshore,offshore,walton_lighthouse-2025-05-08_212105Z,31.205000000000005,804.0,1661.2893636289389,0.998046875
offshore,offshore,walton_lighthouse-2025-05-08_212105Z,31.205000000000005,808.0,1671.2203636593504,0.998046875
offshore,offshore,walton_lighthouse-2025-05-08_212105Z,31.205000000000005,811.0,1697.3570342263522,0.998046875
offshore,offshore,walton_lighthouse-2025-05-08_212105Z,31.205000000000005,814.0,1736.2526059640938,0.99755859375
offshore,offshore,walton_lighthouse-2025-05-08_212105Z,31.205000000000005,818.0,1772.695811199223,0.99755859375
offshore,offshore,walton_lighthouse-2025-05-08_212105Z,31.205000000000005,821.0,1796.6310932907897,0.99755859375
offshore,offshore,walton_lighthouse-2025-05-08_212105Z,31.205000000000005,825.0,1815.7832158395352,0.99853515625
offshore,offshore,walton_lighthouse-2025-05-08_212105Z,31.205000000000005,828.0,1850.5221451393024,0.99853515625
offshore,offshore,walton_lighthouse-2025-05-08_212105Z,31.205000000000005,832.0,1907.82004335919,0.998046875
offshore,offshore,walton_lighthouse-2025-05-08_212105Z,31.205000000000005,835.0,1980.6992929017415,0.998046875
offshore,offshore,walton_lighthouse-2025-05-08_212105Z,31.205000000000005,838.0,2048.861607759117,0.998046875
offshore,offshore,walton_lighthouse-2025-05-08_212105Z,31.205000000000005,842.0,2099.5226233973444,0.998046875
offshore,offshore,walton_lighthouse-2025-05-08_212105Z,31.205000000000005,845.0,2150.812892000897,0.99755859375
offshore,offshore,walton_lighthouse-2025-05-08_212105Z,31.205000000000005,849.0,2231.9922764128137,0.99755859375
offshore,offshore,walton_lighthouse-2025-05-08_212105Z,31.205000000000005,852.0,2349.8076200079677,0.99755859375
offshore,offshore,walton_lighthouse-2025-05-08_212105Z,31.205000000000005,855.0,2482.2210306229326,0.99560546875
offshore,offshore,walton_lighthouse-2025-05-08_212105Z,31.205000000000005,859.0,2599.9823119938474,0.9951171875
offshore,offshore,walton_lighthouse-2025-05-08_212105Z,31.205000000000005,862.0,2701.7008631509357,0.9931640625
offshore,offshore,walton_lighthouse-2025-05-08_212105Z,31.205000000000005,866.0,2794.9638618278454,0.99169921875
offshore,offshore,walton_lighthouse-2025-05-08_212105Z,31.205000000000005,869.0,2891.4855515571576,0.9912109375
offshore,offshore,walton_lighthouse-2025-05-08_212105Z,31.205000000000005,873.0,2997.747630372009,0.99072265625
offshore,offshore,walton_lighthouse-2025-05-08_212105Z,31.205000000000005,876.0,3094.07099753839,0.990234375
offshore,offshore,walton_lighthouse-2025-05-08_212105Z,31.205000000000005,879.0,3175.437930793754,0.97509765625
offshore,offshore,walton_lighthouse-2025-05-08_212105Z,31.205000000000005,883.0,3277.638805027831,0.93017578125
offshore,offshore,walton_lighthouse-2025-05-08_212105Z,31.205000000000005,886.0,3355.8497874295867,0.8642578125
onshore,south_easterly_onshore,walton_lighthouse-2025-02-06_212427Z,32.872428000000006,253.0,593.6609157462925,0.5126050420168067
onshore,south_easterly_onshore,walton_lighthouse-2025-02-06_212427Z,32.872428000000006,257.0,593.5588218319366,0.5126050420168067
onshore,south_easterly_onshore,walton_lighthouse-2025-02-06_212427Z,32.872428000000006,260.0,593.8775059257937,0.5126050420168067
onshore,south_easterly_onshore,walton_lighthouse-2025-02-06_212427Z,32.872428000000006,263.0,595.3589742101773,0.5126050420168067
onshore,south_easterly_onshore,walton_lighthouse-2025-02-06_212427Z,32.872428000000006,267.0,598.0214072468408,0.5126050420168067
onshore,south_easterly_onshore,walton_lighthouse-2025-02-06_212427Z,32.872428000000006,270.0,601.0231469522503,0.5126050420168067
onshore,south_easterly_onshore,walton_lighthouse-2025-02-06_212427Z,32.872428000000006,274.0,604.4233666858182,0.5126050420168067
onshore,south_easterly_onshore,walton_lighthouse-2025-02-06_212427Z,32.872428000000006,277.0,610.208788287786,0.5126050420168067
onshore,south_easterly_onshore,walton_lighthouse-2025-02-06_212427Z,32.872428000000006,281.0,622.6590961057715,0.5126050420168067
onshore,south_easterly_onshore,walton_lighthouse-2025-02-06_212427Z,32.872428000000006,284.0,645.2287631365731,0.5126050420168067
onshore,south_easterly_onshore,walton_lighthouse-2025-02-06_212427Z,32.872428000000006,287.0,676.5686760138897,0.5126050420168067
onshore,south_easterly_onshore,walton_lighthouse-2025-02-06_212427Z,32.872428000000006,291.0,710.5175728742075,0.5126050420168067
onshore,south_easterly_onshore,walton_lighthouse-2025-02-06_212427Z,32.872428000000006,294.0,742.0957902960433,0.5126050420168067
onshore,south_easterly_onshore,walton_lighthouse-2025-02-06_212427Z,32.872428000000006,298.0,770.5328628854584,0.5126050420168067
onshore,south_easterly_onshore,walton_lighthouse-2025-02-06_212427Z,32.872428000000006,301.0,798.5651907906271,0.5126050420168067
onshore,south_easterly_onshore,walton_lighthouse-2025-02-06_212427Z,32.872428000000006,305.0,829.6982227258549,0.5102040816326531
onshore,south_easterly_onshore,walton_lighthouse-2025-02-06_212427Z,32.872428000000006,308.0,860.6308578239273,0.5102040816326531
onshore,south_easterly_onshore,walton_lighthouse-2025-02-06_212427Z,32.872428000000006,311.0,886.5418383358364,0.5102040816326531
onshore,south_easterly_onshore,walton_lighthouse-2025-02-06_212427Z,32.872428000000006,315.0,905.0008305622679,0.5102040816326531
onshore,south_easterly_onshore,walton_lighthouse-2025-02-06_212427Z,32.872428000000006,318.0,918.9615292755703,0.5102040816326531
onshore,south_easterly_onshore,walton_lighthouse-2025-02-06_212427Z,32.872428000000006,322.0,934.9692192132978,0.5102040816326531
onshore,south_easterly_onshore,walton_lighthouse-2025-02-06_212427Z,32.872428000000006,325.0,958.8251765684977,0.5102040816326531
onshore,south_easterly_onshore,walton_lighthouse-2025-02-06_212427Z,32.872428000000006,329.0,992.1071151462497,0.5114045618247299
onshore,south_easterly_onshore,walton_lighthouse-2025-02-06_212427Z,32.872428000000006,332.0,1039.7827723658327,0.5114045618247299
onshore,south_easterly_onshore,walton_lighthouse-2025-02-06_212427Z,32.872428000000006,335.0,1094.8571513684299,0.5114045618247299
onshore,south_easterly_onshore,walton_lighthouse-2025-02-06_212427Z,32.872428000000006,339.0,1149.3764695658888,0.5114045618247299
onshore,south_easterly_onshore,walton_lighthouse-2025-02-06_212427Z,32.872428000000006,342.0,1198.98136752705,0.5114045618247299
onshore,south_easterly_onshore,walton_lighthouse-2025-02-06_212427Z,32.872428000000006,346.0,1242.3117016973422,0.5114045618247299
onshore,south_easterly_onshore,walton_lighthouse-2025-02-06_212427Z,32.872428000000006,349.0,1272.3648241232445,0.5114045618247299
onshore,south_easterly_onshore,walton_lighthouse-2025-02-06_212427Z,32.872428000000006,352.0,1287.6341038373184,0.5114045618247299
onshore,south_easterly_onshore,walton_lighthouse-2025-02-06_212427Z,32.872428000000006,356.0,1299.2523002663327,0.5114045618247299
onshore,south_easterly_onshore,walton_lighthouse-2025-02-06_212427Z,32.872428000000006,359.0,1318.0429493403897,0.5114045618247299
onshore,south_easterly_onshore,walton_lighthouse-2025-02-06_212427Z,32.872428000000006,363.0,1345.507286413088,0.5114045618247299
onshore,south_easterly_onshore,walton_lighthouse-2025-02-06_212427Z,32.872428000000006,366.0,1373.864443266741,0.5114045618247299
onshore,south_easterly_onshore,walton_lighthouse-2025-02-06_212427Z,32.872428000000006,370.0,1392.896561108925,0.5114045618247299
onshore,south_easterly_onshore,walton_lighthouse-2025-02-06_212427Z,32.872428000000006,373.0,1399.1566163970385,0.5114045618247299
onshore,south_easterly_onshore,walton_lighthouse-2025-02-06_212427Z,32.872428000000006,376.0,1399.2340228777696,0.5114045618247299
onshore,south_easterly_onshore,walton_lighthouse-2025-02-06_212427Z,32.872428000000006,380.0,1397.1733141727898,0.5114045618247299
onshore,south_easterly_onshore,walton_lighthouse-2025-02-06_212427Z,32.872428000000006,383.0,1392.0815756993907,0.5114045618247299
onshore,south_easterly_onshore,walton_lighthouse-2025-02-06_212427Z,32.872428000000006,387.0,1386.3823235647599,0.5114045618247299
onshore,south_easterly_onshore,walton_lighthouse-2025-02-06_212427Z,32.872428000000006,390.0,1382.662484588607,0.5114045618247299
onshore,south_easterly_onshore,walton_lighthouse-2025-02-06_212427Z,32.872428000000006,394.0,1381.6518941928648,0.5114045618247299
onshore,south_easterly_onshore,walton_lighthouse-2025-02-06_212427Z,32.872428000000006,397.0,1386.435633732857,0.5114045618247299
onshore,south_easterly_onshore,walton_lighthouse-2025-02-06_212427Z,32.872428000000006,400.0,1400.893527045983,0.5114045618247299
onshore,south_easterly_onshore,walton_lighthouse-2025-02-06_212427Z,32.872428000000006,404.0,1415.0939096293466,0.5102040816326531
onshore,south_easterly_onshore,walton_lighthouse-2025-02-06_212427Z,32.872428000000006,407.0,1451.254413090386,0.5090036014405762
onshore,south_easterly_onshore,walton_lighthouse-2025-02-06_212427Z,32.872428000000006,411.0,1492.654239772897,0.5090036014405762
onshore,south_easterly_onshore,walton_lighthouse-2025-02-06_212427Z,32.872428000000006,414.0,1545.0949055914596,0.5090036014405762
onshore,south_easterly_onshore,walton_lighthouse-2025-02-06_212427Z,32.872428000000006,417.0,1610.639563515302,0.5090036014405762
onshore,south_easterly_onshore,walton_lighthouse-2025-02-06_212427Z,32.872428000000006,421.0,1687.875942145313,0.5090036014405762
onshore,south_easterly_onshore,walton_lighthouse-2025-02-06_212427Z,32.872428000000006,424.0,1774.5499254219358,0.5090036014405762
onshore,south_easterly_onshore,walton_lighthouse-2025-02-06_212427Z,32.872428000000006,428.0,1873.260618521463,0.5090036014405762
onshore,south_easterly_onshore,walton_lighthouse-2025-02-06_212427Z,32.872428000000006,431.0,1986.33744527492,0.5102040816326531
onshore,south_easterly_onshore,walton_lighthouse-2025-02-06_212427Z,32.872428000000006,435.0,2115.511558973125,0.5102040816326531
onshore,south_easterly_onshore,walton_lighthouse-2025-02-06_212427Z,32.872428000000006,438.0,2549.0205298026954,0.5114045618247299
onshore,south_easterly_onshore,walton_lighthouse-2025-02-06_212427Z,32.872428000000006,441.0,2643.2932640318127,0.5114045618247299
onshore,south_easterly_onshore,walton_lighthouse-2025-02-06_212427Z,32.872428000000006,445.0,2706.319826381362,0.5114045618247299
onshore,south_easterly_onshore,walton_lighthouse-2025-02-06_212427Z,32.872428000000006,448.0,3014.7018154417633,0.5126050420168067
onshore,south_easterly_onshore,walton_lighthouse-2025-02-06_212427Z,32.872428000000006,452.0,3328.317001513087,0.5138055222088835
onshore,south_easterly_onshore,walton_lighthouse-2025-02-06_212427Z,32.872428000000006,455.0,4863.482108964889,0.5210084033613446
onshore,south_easterly_onshore,walton_lighthouse-2025-02-06_212427Z,32.872428000000006,459.0,18965.527862258357,0.6218487394957983
onshore,south_easterly_onshore,walton_lighthouse-2025-02-06_212427Z,32.872428000000006,462.0,24166.408432826367,0.7010804321728692
onshore,south_easterly_onshore,walton_lighthouse-2025-02-06_212427Z,32.872428000000006,465.0,23991.52428137051,0.7070828331332533
onshore,south_easterly_onshore,walton_lighthouse-2025-02-06_212427Z,32.872428000000006,469.0,23630.093307370487,0.7142857142857143
onshore,south_easterly_onshore,walton_lighthouse-2025-02-06_212427Z,32.872428000000006,472.0,22695.77149110624,0.7154861944777912
onshore,south_easterly_onshore,walton_lighthouse-2025-02-06_212427Z,32.872428000000006,476.0,21741.758115026732,0.7154861944777912
onshore,south_easterly_onshore,walton_lighthouse-2025-02-06_212427Z,32.872428000000006,479.0,20896.2360705292,0.7166866746698679
onshore,south_easterly_onshore,walton_lighthouse-2025-02-06_212427Z,32.872428000000006,482.0,20124.530424023604,0.7190876350540216
onshore,south_easterly_onshore,walton_lighthouse-2025-02-06_212427Z,32.872428000000006,486.0,19378.470903142315,0.7286914765906363
onshore,south_easterly_onshore,walton_lighthouse-2025-02-06_212427Z,32.872428000000006,489.0,18449.070309677445,0.7322929171668667
onshore,south_easterly_onshore,walton_lighthouse-2025-02-06_212427Z,32.872428000000006,493.0,17380.780368415082,0.7334933973589436
onshore,south_easterly_onshore,walton_lighthouse-2025-02-06_212427Z,32.872428000000006,496.0,16330.978772354649,0.7358943577430972
onshore,south_easterly_onshore,walton_lighthouse-2025-02-06_212427Z,32.872428000000006,500.0,15332.718462872474,0.737094837935174
onshore,south_easterly_onshore,walton_lighthouse-2025-02-06_212427Z,32.872428000000006,503.0,14524.435363405317,0.7394957983193278
onshore,south_easterly_onshore,walton_lighthouse-2025-02-06_212427Z,32.872428000000006,506.0,13961.485174071222,0.7406962785114045
onshore,south_easterly_onshore,walton_lighthouse-2025-02-06_212427Z,32.872428000000006,510.0,13596.177246483094,0.7478991596638656
onshore,south_easterly_onshore,walton_lighthouse-2025-02-06_212427Z,32.872428000000006,513.0,13243.2532858697,0.7527010804321729
onshore,south_easterly_onshore,walton_lighthouse-2025-02-06_212427Z,32.872428000000006,517.0,12933.425308855765,0.7527010804321729
onshore,south_easterly_onshore,walton_lighthouse-2025-02-06_212427Z,32.872428000000006,520.0,12670.8093034768,0.7575030012004802
onshore,south_easterly_onshore,walton_lighthouse-2025-02-06_212427Z,32.872428000000006,524.0,12536.799802936763,0.7755102040816326
onshore,south_easterly_onshore,walton_lighthouse-2025-02-06_212427Z,32.872428000000006,527.0,12320.589031851261,0.7827130852340937
onshore,south_easterly_onshore,walton_lighthouse-2025-02-06_212427Z,32.872428000000006,530.0,12179.28184075384,0.8079231692677071
onshore,south_easterly_onshore,walton_lighthouse-2025-02-06_212427Z,32.872428000000006,534.0,12026.863792039365,0.8283313325330132
onshore,south_easterly_onshore,walton_lighthouse-2025-02-06_212427Z,32.872428000000006,537.0,11817.297998864187,0.851140456182473
onshore,south_easterly_onshore,walton_lighthouse-2025-02-06_212427Z,32.872428000000006,541.0,11555.490633602627,0.8643457382953181
onshore,south_easterly_onshore,walton_lighthouse-2025-02-06_212427Z,32.872428000000006,544.0,11296.28787283875,0.8739495798319328
onshore,south_easterly_onshore,walton_lighthouse-2025-02-06_212427Z,32.872428000000006,548.0,11030.07080696379,0.879951980792317
onshore,south_easterly_onshore,walton_lighthouse-2025-02-06_212427Z,32.872428000000006,551.0,10779.531787898582,0.9027611044417767
onshore,south_easterly_onshore,walton_lighthouse-2025-02-06_212427Z,32.872428000000006,554.0,10539.769416792104,0.9195678271308524
onshore,south_easterly_onshore,walton_lighthouse-2025-02-06_212427Z,32.872428000000006,558.0,10323.567605492328,0.929171668667467
onshore,south_easterly_onshore,walton_lighthouse-2025-02-06_212427Z,32.872428000000006,561.0,10109.855359195526,0.9339735894357744
onshore,south_easterly_onshore,walton_lighthouse-2025-02-06_212427Z,32.872428000000006,565.0,9979.373172436637,0.9303721488595438
onshore,south_easterly_onshore,walton_lighthouse-2025-02-06_212427Z,32.872428000000006,568.0,9874.973160687745,0.9243697478991597
onshore,south_easterly_onshore,walton_lighthouse-2025-02-06_212427Z,32.872428000000006,571.0,9698.429895513354,0.9267707082833133
onshore,south_easterly_onshore,walton_lighthouse-2025-02-06_212427Z,32.872428000000006,575.0,9520.410300036254,0.9243697478991597
onshore,south_easterly_onshore,walton_lighthouse-2025-02-06_212427Z,32.872428000000006,578.0,9326.076862429085,0.921968787515006
onshore,south_easterly_onshore,walton_lighthouse-2025-02-06_212427Z,32.872428000000006,582.0,9175.380836018516,0.9147659063625451
onshore,south_easterly_onshore,walton_lighthouse-2025-02-06_212427Z,32.872428000000006,585.0,9002.983123186876,0.9135654261704682
onshore,south_easterly_onshore,walton_lighthouse-2025-02-06_212427Z,32.872428000000006,589.0,8836.612210643207,0.9099639855942377
onshore,south_easterly_onshore,walton_lighthouse-2025-02-06_212427Z,32.872428000000006,592.0,8684.460884582671,0.9051620648259304
onshore,south_easterly_onshore,walton_lighthouse-2025-02-06_212427Z,32.872428000000006,595.0,8494.624387889275,0.9039615846338536
onshore,south_easterly_onshore,walton_lighthouse-2025-02-06_212427Z,32.872428000000006,599.0,8295.191327242506,0.9027611044417767
onshore,south_easterly_onshore,walton_lighthouse-2025-02-06_212427Z,32.872428000000006,602.0,8108.750026906041,0.8991596638655462
onshore,south_easterly_onshore,walton_lighthouse-2025-02-06_212427Z,32.872428000000006,606.0,7892.241455934028,0.8991596638655462
onshore,south_easterly_onshore,walton_lighthouse-2025-02-06_212427Z,32.872428000000006,609.0,7751.073941843794,0.8847539015606243
onshore,south_easterly_onshore,walton_lighthouse-2025-02-06_212427Z,32.872428000000006,613.0,7590.392814685151,0.8775510204081632
onshore,south_easterly_onshore,walton_lighthouse-2025-02-06_212427Z,32.872428000000006,616.0,7467.184523918358,0.865546218487395
onshore,south_easterly_onshore,walton_lighthouse-2025-02-06_212427Z,32.872428000000006,619.0,7290.604101101467,0.8619447779111644
onshore,south_easterly_onshore,walton_lighthouse-2025-02-06_212427Z,32.872428000000006,623.0,7147.797587836144,0.851140456182473
onshore,south_easterly_onshore,walton_lighthouse-2025-02-06_212427Z,32.872428000000006,626.0,6978.817908065232,0.843937575030012
onshore,south_easterly_onshore,walton_lighthouse-2025-02-06_212427Z,32.872428000000006,630.0,6821.359442055354,0.8367346938775511
onshore,south_easterly_onshore,walton_lighthouse-2025-02-06_212427Z,32.872428000000006,633.0,6673.6531280924,0.8331332533013205
onshore,south_easterly_onshore,walton_lighthouse-2025-02-06_212427Z,32.872428000000006,636.0,6618.4875376153905,0.8211284513805522
onshore,south_easterly_onshore,walton_lighthouse-2025-02-06_212427Z,32.872428000000006,640.0,6614.449350531426,0.7995198079231692
onshore,south_easterly_onshore,walton_lighthouse-2025-02-06_212427Z,32.872428000000006,643.0,6604.144367970782,0.7863145258103241
onshore,south_easterly_onshore,walton_lighthouse-2025-02-06_212427Z,32.872428000000006,647.0,6534.040766508498,0.7815126050420168
onshore,south_easterly_onshore,walton_lighthouse-2025-02-06_212427Z,32.872428000000006,650.0,6457.78631015816,0.7791116446578632
onshore,south_easterly_onshore,walton_lighthouse-2025-02-06_212427Z,32.872428000000006,654.0,6379.28609812145,0.7767106842737095
onshore,south_easterly_onshore,walton_lighthouse-2025-02-06_212427Z,32.872428000000006,657.0,6253.762784897577,0.7755102040816326
onshore,south_easterly_onshore,walton_lighthouse-2025-02-06_212427Z,32.872428000000006,660.0,6171.0766384870285,0.773109243697479
onshore,south_easterly_onshore,walton_lighthouse-2025-02-06_212427Z,32.872428000000006,664.0,6081.302753744096,0.7707082833133253
onshore,south_easterly_onshore,walton_lighthouse-2025-02-06_212427Z,32.872428000000006,667.0,5992.180386044639,0.7647058823529411
onshore,south_easterly_onshore,walton_lighthouse-2025-02-06_212427Z,32.872428000000006,671.0,5943.283544268907,0.7394957983193278
onshore,south_easterly_onshore,walton_lighthouse-2025-02-06_212427Z,32.872428000000006,674.0,5851.89043790993,0.7166866746698679
onshore,south_easterly_onshore,walton_lighthouse-2025-02-06_212427Z,32.872428000000006,678.0,5677.12736627538,0.6914765906362546
onshore,south_easterly_onshore,walton_lighthouse-2025-02-06_212427Z,32.872428000000006,681.0,5502.39142794122,0.6758703481392557
onshore,south_easterly_onshore,walton_lighthouse-2025-02-06_212427Z,32.872428000000006,684.0,5516.585267713679,0.6326530612244898
onshore,south_easterly_onshore,walton_lighthouse-2025-02-06_212427Z,32.872428000000006,688.0,5470.83070313146,0.595438175270108
onshore,south_easterly_onshore,walton_lighthouse-2025-02-06_212427Z,32.872428000000006,691.0,5429.915374291459,0.5582232893157263
onshore,south_easterly_onshore,walton_lighthouse-2025-02-06_212427Z,32.872428000000006,695.0,5446.406234567061,0.5306122448979592
onshore,south_easterly_onshore,walton_lighthouse-2025-02-06_212427Z,32.872428000000006,698.0,5389.783786750913,0.5210084033613446
onshore,south_easterly_onshore,walton_lighthouse-2025-02-06_212427Z,32.872428000000006,701.0,5317.158395283473,0.5150060024009604
onshore,south_easterly_onshore,walton_lighthouse-2025-02-06_212427Z,32.872428000000006,705.0,5244.888570187554,0.5078031212484994
onshore,south_easterly_onshore,walton_lighthouse-2025-02-06_212427Z,32.872428000000006,708.0,5168.598647929782,0.503001200480192
onshore,south_easterly_onshore,walton_lighthouse-2025-02-06_212427Z,32.872428000000006,712.0,5085.664382587619,0.4969987995198079
onshore,south_easterly_onshore,walton_lighthouse-2025-02-06_212427Z,32.872428000000006,715.0,4991.604157921437,0.4969987995198079
onshore,south_easterly_onshore,walton_lighthouse-2025-02-06_212427Z,32.872428000000006,719.0,4882.831627591946,0.4957983193277311
onshore,south_easterly_onshore,walton_lighthouse-2025-02-06_212427Z,32.872428000000006,722.0,4864.8808571122745,0.4969987995198079
onshore,south_easterly_onshore,walton_lighthouse-2025-02-06_212427Z,32.872428000000006,725.0,4771.459432436434,0.4969987995198079
onshore,south_easterly_onshore,walton_lighthouse-2025-02-06_212427Z,32.872428000000006,729.0,4662.181988973809,0.49459783913565425
onshore,south_easterly_onshore,walton_lighthouse-2025-02-06_212427Z,32.872428000000006,732.0,4560.428638748472,0.4897959183673469
onshore,south_easterly_onshore,walton_lighthouse-2025-02-06_212427Z,32.872428000000006,736.0,4504.220838886378,0.4837935174069628
onshore,south_easterly_onshore,walton_lighthouse-2025-02-06_212427Z,32.872428000000006,739.0,4366.276045756172,0.48139255702280914
onshore,south_easterly_onshore,walton_lighthouse-2025-02-06_212427Z,32.872428000000006,743.0,4238.956705829039,0.47418967587034816
onshore,south_easterly_onshore,walton_lighthouse-2025-02-06_212427Z,32.872428000000006,746.0,4050.008789670169,0.468187274909964
onshore,south_easterly_onshore,walton_lighthouse-2025-02-06_212427Z,32.872428000000006,749.0,3891.475990600278,0.4657863145258103
onshore,south_easterly_onshore,walton_lighthouse-2025-02-06_212427Z,32.872428000000006,753.0,3846.9858480665253,0.46218487394957986
onshore,south_easterly_onshore,walton_lighthouse-2025-02-06_212427Z,32.872428000000006,756.0,3731.809936960174,0.45738295318127253
onshore,south_easterly_onshore,walton_lighthouse-2025-02-06_212427Z,32.872428000000006,760.0,3690.891539446981,0.45858343337334934
onshore,south_easterly_onshore,walton_lighthouse-2025-02-06_212427Z,32.872428000000006,763.0,3575.1734304017077,0.45858343337334934
onshore,south_easterly_onshore,walton_lighthouse-2025-02-06_212427Z,32.872428000000006,767.0,3445.3877412385277,0.45738295318127253
onshore,south_easterly_onshore,walton_lighthouse-2025-02-06_212427Z,32.872428000000006,770.0,3317.600630120714,0.45738295318127253
onshore,south_easterly_onshore,walton_lighthouse-2025-02-06_212427Z,32.872428000000006,773.0,3070.338744808419,0.44657863145258103
onshore,south_easterly_onshore,walton_lighthouse-2025-02-06_212427Z,32.872428000000006,777.0,2928.905133068491,0.44537815126050423
onshore,south_easterly_onshore,walton_lighthouse-2025-02-06_212427Z,32.872428000000006,780.0,2767.459809862926,0.4429771908763505
onshore,south_easterly_onshore,walton_lighthouse-2025-02-06_212427Z,32.872428000000006,784.0,2660.8179751551793,0.4429771908763505
onshore,south_easterly_onshore,walton_lighthouse-2025-02-06_212427Z,32.872428000000006,787.0,2420.5133922045043,0.4369747899159664
onshore,south_easterly_onshore,walton_lighthouse-2025-02-06_212427Z,32.872428000000006,790.0,2206.946994736471,0.42737094837935174
onshore,south_easterly_onshore,walton_lighthouse-2025-02-06_212427Z,32.872428000000006,794.0,1378.2862033890297,0.4069627851140456
onshore,south_easterly_onshore,walton_lighthouse-2025-02-06_212427Z,32.872428000000006,797.0,1220.166503565152,0.4009603841536615
onshore,south_easterly_onshore,walton_lighthouse-2025-02-06_212427Z,32.872428000000006,801.0,1140.3339258975248,0.39735894357743096
onshore,south_easterly_onshore,walton_lighthouse-2025-02-06_212427Z,32.872428000000006,804.0,1095.0946086874628,0.39615846338535415
onshore,south_easterly_onshore,walton_lighthouse-2025-02-06_212427Z,32.872428000000006,808.0,1074.9701423916504,0.3949579831932773
onshore,south_easterly_onshore,walton_lighthouse-2025-02-06_212427Z,32.872428000000006,811.0,1060.8932877116745,0.3937575030012005
onshore,south_easterly_onshore,walton_lighthouse-2025-02-06_212427Z,32.872428000000006,814.0,1030.2761803799485,0.39135654261704683
onshore,south_easterly_onshore,walton_lighthouse-2025-02-06_212427Z,32.872428000000006,818.0,979.7316713531618,0.3877551020408163
onshore,south_easterly_onshore,walton_lighthouse-2025-02-06_212427Z,32.872428000000006,821.0,912.8197895593019,0.38415366146458585
onshore,south_easterly_onshore,walton_lighthouse-2025-02-06_212427Z,32.872428000000006,825.0,684.7753681316883,0.3709483793517407
onshore,south_easterly_onshore,walton_lighthouse-2025-02-06_212427Z,32.872428000000006,828.0,563.8946973639504,0.36134453781512604
onshore,south_easterly_onshore,walton_lighthouse-2025-02-06_212427Z,32.872428000000006,832.0,579.161575840952,0.3589435774309724
onshore,south_easterly_onshore,walton_lighthouse-2025-02-06_212427Z,32.872428000000006,835.0,590.8896987162709,0.3589435774309724
onshore,south_easterly_onshore,walton_lighthouse-2025-02-06_212427Z,32.872428000000006,838.0,601.6483069392134,0.3589435774309724
onshore,south_easterly_onshore,walton_lighthouse-2025-02-06_212427Z,32.872428000000006,842.0,611.4510336491362,0.3589435774309724
onshore,south_easterly_onshore,walton_lighthouse-2025-02-06_212427Z,32.872428000000006,845.0,519.2497428269903,0.3577430972388956
onshore,south_easterly_onshore,walton_lighthouse-2025-02-06_212427Z,32.872428000000006,849.0,429.0848528257046,0.3565426170468187
onshore,south_easterly_onshore,walton_lighthouse-2025-02-06_212427Z,32.872428000000006,852.0,336.22204777259986,0.35414165666266506
onshore,south_easterly_onshore,walton_lighthouse-2025-02-06_212427Z,32.872428000000006,855.0,235.07663449644107,0.3517406962785114
onshore,south_easterly_onshore,walton_lighthouse-2025-02-06_212427Z,32.872428000000006,859.0,129.23657251523542,0.34813925570228094
onshore,south_easterly_onshore,walton_lighthouse-2025-02-06_212427Z,32.872428000000006,862.0,130.85720887661537,0.34813925570228094
onshore,south_easterly_onshore,walton_lighthouse-2025-02-06_212427Z,32.872428000000006,866.0,17.661365061038776,0.3433373349339736
onshore,south_easterly_onshore,walton_lighthouse-2025-02-06_212427Z,32.872428000000006,869.0,16.959544358761637,0.34213685474189676
onshore,south_easterly_onshore,walton_lighthouse-2025-02-06_212427Z,32.872428000000006,873.0,17.77243579485561,0.3397358943577431
onshore,south_easterly_onshore,walton_lighthouse-2025-02-06_212427Z,32.872428000000006,876.0,25.514493778215705,0.3397358943577431
onshore,south_easterly_onshore,walton_lighthouse-2025-02-06_212427Z,32.872428000000006,879.0,45.3180059237992,0.3385354141656663
onshore,south_easterly_onshore,walton_lighthouse-2025-02-06_212427Z,32.872428000000006,883.0,76.03427456575457,0.33733493397358943
onshore,south_easterly_onshore,walton_lighthouse-2025-02-06_212427Z,32.872428000000006,886.0,112.66125879302703,0.33613445378151263
onshore,south_easterly_onshore,walton_lighthouse-2025-02-06_222129Z,33.06249999999999,253.0,354.42502268959765,0.7770382695507487
onshore,south_easterly_onshore,walton_lighthouse-2025-02-06_222129Z,33.06249999999999,257.0,352.7725394033066,0.7770382695507487
onshore,south_easterly_onshore,walton_lighthouse-2025-02-06_222129Z,33.06249999999999,260.0,350.84269384394463,0.7770382695507487
onshore,south_easterly_onshore,walton_lighthouse-2025-02-06_222129Z,33.06249999999999,263.0,348.46965191296835,0.7770382695507487
onshore,south_easterly_onshore,walton_lighthouse-2025-02-06_222129Z,33.06249999999999,267.0,344.1079581156812,0.7770382695507487
onshore,south_easterly_onshore,walton_lighthouse-2025-02-06_222129Z,33.06249999999999,270.0,336.4008164924584,0.7770382695507487
onshore,south_easterly_onshore,walton_lighthouse-2025-02-06_222129Z,33.06249999999999,274.0,327.7135838235684,0.7770382695507487
onshore,south_easterly_onshore,walton_lighthouse-2025-02-06_222129Z,33.06249999999999,277.0,322.5569646897265,0.7770382695507487
onshore,south_easterly_onshore,walton_lighthouse-2025-02-06_222129Z,33.06249999999999,281.0,322.90977461307904,0.7770382695507487
onshore,south_easterly_onshore,walton_lighthouse-2025-02-06_222129Z,33.06249999999999,284.0,326.7074456143033,0.7770382695507487
onshore,south_easterly_onshore,walton_lighthouse-2025-02-06_222129Z,33.06249999999999,287.0,331.1008141783288,0.7770382695507487
onshore,south_easterly_onshore,walton_lighthouse-2025-02-06_222129Z,33.06249999999999,291.0,334.9205039403293,0.7770382695507487
onshore,south_easterly_onshore,walton_lighthouse-2025-02-06_222129Z,33.06249999999999,294.0,337.76933586238687,0.7770382695507487
onshore,south_easterly_onshore,walton_lighthouse-2025-02-06_222129Z,33.06249999999999,298.0,338.9921127516295,0.7770382695507487
onshore,south_easterly_onshore,walton_lighthouse-2025-02-06_222129Z,33.06249999999999,301.0,337.2124372061299,0.7770382695507487
onshore,south_easterly_onshore,walton_lighthouse-2025-02-06_222129Z,33.06249999999999,305.0,330.5695010471682,0.7770382695507487
onshore,south_easterly_onshore,walton_lighthouse-2025-02-06_222129Z,33.06249999999999,308.0,318.1804328100186,0.7770382695507487
onshore,south_easterly_onshore,walton_lighthouse-2025-02-06_222129Z,33.06249999999999,311.0,300.0011197443586,0.7770382695507487
onshore,south_easterly_onshore,walton_lighthouse-2025-02-06_222129Z,33.06249999999999,315.0,276.90099349862123,0.7770382695507487
onshore,south_easterly_onshore,walton_lighthouse-2025-02-06_222129Z,33.06249999999999,318.0,252.26900834861405,0.7770382695507487
onshore,south_easterly_onshore,walton_lighthouse-2025-02-06_222129Z,33.06249999999999,322.0,231.199421019576,0.7770382695507487
onshore,south_easterly_onshore,walton_lighthouse-2025-02-06_222129Z,33.06249999999999,325.0,217.21534040230367,0.7770382695507487
onshore,south_easterly_onshore,walton_lighthouse-2025-02-06_222129Z,33.06249999999999,329.0,210.45016736512827,0.7770382695507487
onshore,south_easterly_onshore,walton_lighthouse-2025-02-06_222129Z,33.06249999999999,332.0,208.73798346170656,0.7770382695507487
onshore,south_easterly_onshore,walton_lighthouse-2025-02-06_222129Z,33.06249999999999,335.0,209.6410430671494,0.7770382695507487
onshore,south_easterly_onshore,walton_lighthouse-2025-02-06_222129Z,33.06249999999999,339.0,211.8209996618458,0.7770382695507487
onshore,south_easterly_onshore,walton_lighthouse-2025-02-06_222129Z,33.06249999999999,342.0,214.949207964291,0.7770382695507487
onshore,south_easterly_onshore,walton_lighthouse-2025-02-06_222129Z,33.06249999999999,346.0,219.38728045617785,0.7770382695507487
onshore,south_easterly_onshore,walton_lighthouse-2025-02-06_222129Z,33.06249999999999,349.0,225.7375481006463,0.7770382695507487
onshore,south_easterly_onshore,walton_lighthouse-2025-02-06_222129Z,33.06249999999999,352.0,233.97357582494962,0.7770382695507487
onshore,south_easterly_onshore,walton_lighthouse-2025-02-06_222129Z,33.06249999999999,356.0,243.26676798085913,0.7770382695507487
onshore,south_easterly_onshore,walton_lighthouse-2025-02-06_222129Z,33.06249999999999,359.0,252.41553553266448,0.7770382695507487
onshore,south_easterly_onshore,walton_lighthouse-2025-02-06_222129Z,33.06249999999999,363.0,260.4815302332638,0.7770382695507487
onshore,south_easterly_onshore,walton_lighthouse-2025-02-06_222129Z,33.06249999999999,366.0,267.1504493093382,0.7770382695507487
onshore,south_easterly_onshore,walton_lighthouse-2025-02-06_222129Z,33.06249999999999,370.0,272.76775978861474,0.7770382695507487
onshore,south_easterly_onshore,walton_lighthouse-2025-02-06_222129Z,33.06249999999999,373.0,278.2429902195192,0.7770382695507487
onshore,south_easterly_onshore,walton_lighthouse-2025-02-06_222129Z,33.06249999999999,376.0,284.74248490910634,0.7770382695507487
onshore,south_easterly_onshore,walton_lighthouse-2025-02-06_222129Z,33.06249999999999,380.0,293.0219576811311,0.7770382695507487
onshore,south_easterly_onshore,walton_lighthouse-2025-02-06_222129Z,33.06249999999999,383.0,302.62135323434376,0.7770382695507487
onshore,south_easterly_onshore,walton_lighthouse-2025-02-06_222129Z,33.06249999999999,387.0,312.1844937857555,0.7770382695507487
onshore,south_easterly_onshore,walton_lighthouse-2025-02-06_222129Z,33.06249999999999,390.0,320.60443877542804,0.7770382695507487
onshore,south_easterly_onshore,walton_lighthouse-2025-02-06_222129Z,33.06249999999999,394.0,327.98263537801535,0.7770382695507487
onshore,south_easterly_onshore,walton_lighthouse-2025-02-06_222129Z,33.06249999999999,397.0,335.5592403633791,0.7770382695507487
onshore,south_easterly_onshore,walton_lighthouse-2025-02-06_222129Z,33.06249999999999,400.0,344.5262248529613,0.7770382695507487
onshore,south_easterly_onshore,walton_lighthouse-2025-02-06_222129Z,33.06249999999999,404.0,355.5412910559351,0.7770382695507487
onshore,south_easterly_onshore,walton_lighthouse-2025-02-06_222129Z,33.06249999999999,407.0,369.23823677026365,0.7770382695507487
onshore,south_easterly_onshore,walton_lighthouse-2025-02-06_222129Z,33.06249999999999,411.0,400.9011021645942,0.778702163061564
onshore,south_easterly_onshore,walton_lighthouse-2025-02-06_222129Z,33.06249999999999,414.0,421.1002959772279,0.778702163061564
onshore,south_easterly_onshore,walton_lighthouse-2025-02-06_222129Z,33.06249999999999,417.0,443.55226543780975,0.778702163061564
onshore,south_easterly_onshore,walton_lighthouse-2025-02-06_222129Z,33.06249999999999,421.0,464.86038015882144,0.778702163061564
onshore,south_easterly_onshore,walton_lighthouse-2025-02-06_222129Z,33.06249999999999,424.0,480.3550387298714,0.778702163061564
onshore,south_easterly_onshore,walton_lighthouse-2025-02-06_222129Z,33.06249999999999,428.0,486.7960316035681,0.778702163061564
onshore,south_easterly_onshore,walton_lighthouse-2025-02-06_222129Z,33.06249999999999,431.0,485.5514041755525,0.778702163061564
onshore,south_easterly_onshore,walton_lighthouse-2025-02-06_222129Z,33.06249999999999,435.0,482.0754608957732,0.778702163061564
onshore,south_easterly_onshore,walton_lighthouse-2025-02-06_222129Z,33.06249999999999,438.0,480.5983743910872,0.778702163061564
onshore,south_easterly_onshore,walton_lighthouse-2025-02-06_222129Z,33.06249999999999,441.0,482.12007209395574,0.778702163061564
onshore,south_easterly_onshore,walton_lighthouse-2025-02-06_222129Z,33.06249999999999,445.0,487.8018541266732,0.778702163061564
onshore,south_easterly_onshore,walton_lighthouse-2025-02-06_222129Z,33.06249999999999,448.0,499.0729457617035,0.778702163061564
onshore,south_easterly_onshore,walton_lighthouse-2025-02-06_222129Z,33.06249999999999,452.0,513.9620875778255,0.778702163061564
onshore,south_easterly_onshore,walton_lighthouse-2025-02-06_222129Z,33.06249999999999,455.0,527.315458369893,0.778702163061564
onshore,south_easterly_onshore,walton_lighthouse-2025-02-06_222129Z,33.06249999999999,459.0,535.9410418259073,0.778702163061564
onshore,south_easterly_onshore,walton_lighthouse-2025-02-06_222129Z,33.06249999999999,462.0,1240.952334484247,0.7820299500831946
onshore,south_easterly_onshore,walton_lighthouse-2025-02-06_222129Z,33.06249999999999,465.0,1234.9111250315357,0.7820299500831946
onshore,south_easterly_onshore,walton_lighthouse-2025-02-06_222129Z,33.06249999999999,469.0,1224.033004799758,0.7820299500831946
onshore,south_easterly_onshore,walton_lighthouse-2025-02-06_222129Z,33.06249999999999,472.0,1530.1044983581444,0.78369384359401
onshore,south_easterly_onshore,walton_lighthouse-2025-02-06_222129Z,33.06249999999999,476.0,1787.3592111842827,0.7853577371048253
onshore,south_easterly_onshore,walton_lighthouse-2025-02-06_222129Z,33.06249999999999,479.0,1744.8370133048045,0.7853577371048253
onshore,south_easterly_onshore,walton_lighthouse-2025-02-06_222129Z,33.06249999999999,482.0,1691.5438026839583,0.7853577371048253
onshore,south_easterly_onshore,walton_lighthouse-2025-02-06_222129Z,33.06249999999999,486.0,1860.3979259996763,0.7870216306156406
onshore,south_easterly_onshore,walton_lighthouse-2025-02-06_222129Z,33.06249999999999,489.0,2149.5134552565064,0.7903494176372712
onshore,south_easterly_onshore,walton_lighthouse-2025-02-06_222129Z,33.06249999999999,493.0,2592.166118735841,0.7953410981697171
onshore,south_easterly_onshore,walton_lighthouse-2025-02-06_222129Z,33.06249999999999,496.0,3147.7674876092697,0.8019966722129783
onshore,south_easterly_onshore,walton_lighthouse-2025-02-06_222129Z,33.06249999999999,500.0,3364.4031897143736,0.8053244592346089
onshore,south_easterly_onshore,walton_lighthouse-2025-02-06_222129Z,33.06249999999999,503.0,4016.0744892103908,0.8136439267886856
onshore,south_easterly_onshore,walton_lighthouse-2025-02-06_222129Z,33.06249999999999,506.0,4205.537274598593,0.8169717138103162
onshore,south_easterly_onshore,walton_lighthouse-2025-02-06_222129Z,33.06249999999999,510.0,4387.79169937174,0.8202995008319468
onshore,south_easterly_onshore,walton_lighthouse-2025-02-06_222129Z,33.06249999999999,513.0,4563.564019747487,0.8236272878535774
onshore,south_easterly_onshore,walton_lighthouse-2025-02-06_222129Z,33.06249999999999,517.0,5099.7647933578355,0.8302828618968386
onshore,south_easterly_onshore,walton_lighthouse-2025-02-06_222129Z,33.06249999999999,520.0,5256.73163857035,0.8336106489184693
onshore,south_easterly_onshore,walton_lighthouse-2025-02-06_222129Z,33.06249999999999,524.0,6250.901776254406,0.8502495840266223
onshore,south_easterly_onshore,walton_lighthouse-2025-02-06_222129Z,33.06249999999999,527.0,6756.344738007678,0.8602329450915142
onshore,south_easterly_onshore,walton_lighthouse-2025-02-06_222129Z,33.06249999999999,530.0,6748.558891837014,0.8618968386023295
onshore,south_easterly_onshore,walton_lighthouse-2025-02-06_222129Z,33.06249999999999,534.0,7273.788718789082,0.8735440931780366
onshore,south_easterly_onshore,walton_lighthouse-2025-02-06_222129Z,33.06249999999999,537.0,7650.132653834123,0.8835274542429284
onshore,south_easterly_onshore,walton_lighthouse-2025-02-06_222129Z,33.06249999999999,541.0,7665.489328191506,0.8868552412645591
onshore,south_easterly_onshore,walton_lighthouse-2025-02-06_222129Z,33.06249999999999,544.0,7507.939681097749,0.8868552412645591
onshore,south_easterly_onshore,walton_lighthouse-2025-02-06_222129Z,33.06249999999999,548.0,7345.817150062225,0.8868552412645591
onshore,south_easterly_onshore,walton_lighthouse-2025-02-06_222129Z,33.06249999999999,551.0,7187.383562395218,0.8868552412645591
onshore,south_easterly_onshore,walton_lighthouse-2025-02-06_222129Z,33.06249999999999,554.0,7089.594318768909,0.8901830282861897
onshore,south_easterly_onshore,walton_lighthouse-2025-02-06_222129Z,33.06249999999999,558.0,6940.997978611842,0.8901830282861897
onshore,south_easterly_onshore,walton_lighthouse-2025-02-06_222129Z,33.06249999999999,561.0,6792.67421532465,0.8901830282861897
onshore,south_easterly_onshore,walton_lighthouse-2025-02-06_222129Z,33.06249999999999,565.0,6643.455106604491,0.8901830282861897
onshore,south_easterly_onshore,walton_lighthouse-2025-02-06_222129Z,33.06249999999999,568.0,6556.889447332419,0.891846921797005
onshore,south_easterly_onshore,walton_lighthouse-2025-02-06_222129Z,33.06249999999999,571.0,6470.096571277524,0.8935108153078203
onshore,south_easterly_onshore,walton_lighthouse-2025-02-06_222129Z,33.06249999999999,575.0,6241.7805053390275,0.891846921797005
onshore,south_easterly_onshore,walton_lighthouse-2025-02-06_222129Z,33.06249999999999,578.0,6108.303578752674,0.891846921797005
onshore,south_easterly_onshore,walton_lighthouse-2025-02-06_222129Z,33.06249999999999,582.0,5979.218719192508,0.891846921797005
onshore,south_easterly_onshore,walton_lighthouse-2025-02-06_222129Z,33.06249999999999,585.0,6053.903780136543,0.8951747088186356
onshore,south_easterly_onshore,walton_lighthouse-2025-02-06_222129Z,33.06249999999999,589.0,5921.648743048171,0.8951747088186356
onshore,south_easterly_onshore,walton_lighthouse-2025-02-06_222129Z,33.06249999999999,592.0,5781.46327781017,0.8951747088186356
onshore,south_easterly_onshore,walton_lighthouse-2025-02-06_222129Z,33.06249999999999,595.0,5637.957087584743,0.8935108153078203
onshore,south_easterly_onshore,walton_lighthouse-2025-02-06_222129Z,33.06249999999999,599.0,5470.357795430269,0.8935108153078203
onshore,south_easterly_onshore,walton_lighthouse-2025-02-06_222129Z,33.06249999999999,602.0,5296.176416748939,0.8935108153078203
onshore,south_easterly_onshore,walton_lighthouse-2025-02-06_222129Z,33.06249999999999,606.0,5119.8735118076565,0.8935108153078203
onshore,south_easterly_onshore,walton_lighthouse-2025-02-06_222129Z,33.06249999999999,609.0,4940.493645499985,0.8935108153078203
onshore,south_easterly_onshore,walton_lighthouse-2025-02-06_222129Z,33.06249999999999,613.0,4755.303218187984,0.8935108153078203
onshore,south_easterly_onshore,walton_lighthouse-2025-02-06_222129Z,33.06249999999999,616.0,4566.873562166523,0.8935108153078203
onshore,south_easterly_onshore,walton_lighthouse-2025-02-06_222129Z,33.06249999999999,619.0,4386.4940350626675,0.8935108153078203
onshore,south_easterly_onshore,walton_lighthouse-2025-02-06_222129Z,33.06249999999999,623.0,4227.22752641496,0.8935108153078203
onshore,south_easterly_onshore,walton_lighthouse-2025-02-06_222129Z,33.06249999999999,626.0,4096.2995725797045,0.8935108153078203
onshore,south_easterly_onshore,walton_lighthouse-2025-02-06_222129Z,33.06249999999999,630.0,3988.4277277903693,0.8951747088186356
onshore,south_easterly_onshore,walton_lighthouse-2025-02-06_222129Z,33.06249999999999,633.0,3900.026348387312,0.8951747088186356
onshore,south_easterly_onshore,walton_lighthouse-2025-02-06_222129Z,33.06249999999999,636.0,3819.314556364342,0.8951747088186356
onshore,south_easterly_onshore,walton_lighthouse-2025-02-06_222129Z,33.06249999999999,640.0,3742.0026587704474,0.8951747088186356
onshore,south_easterly_onshore,walton_lighthouse-2025-02-06_222129Z,33.06249999999999,643.0,3698.902827720189,0.8968386023294509
onshore,south_easterly_onshore,walton_lighthouse-2025-02-06_222129Z,33.06249999999999,647.0,3620.240381842286,0.8985024958402662
onshore,south_easterly_onshore,walton_lighthouse-2025-02-06_222129Z,33.06249999999999,650.0,3547.2686986691115,0.8985024958402662
onshore,south_easterly_onshore,walton_lighthouse-2025-02-06_222129Z,33.06249999999999,654.0,3483.538659287213,0.8968386023294509
onshore,south_easterly_onshore,walton_lighthouse-2025-02-06_222129Z,33.06249999999999,657.0,3418.726015002132,0.8968386023294509
onshore,south_easterly_onshore,walton_lighthouse-2025-02-06_222129Z,33.06249999999999,660.0,3360.371196724573,0.8968386023294509
onshore,south_easterly_onshore,walton_lighthouse-2025-02-06_222129Z,33.06249999999999,664.0,3307.704903066679,0.8968386023294509
onshore,south_easterly_onshore,walton_lighthouse-2025-02-06_222129Z,33.06249999999999,667.0,3389.7514163775045,0.8985024958402662
onshore,south_easterly_onshore,walton_lighthouse-2025-02-06_222129Z,33.06249999999999,671.0,3268.3707685055906,0.8951747088186356
onshore,south_easterly_onshore,walton_lighthouse-2025-02-06_222129Z,33.06249999999999,674.0,3224.5514830600578,0.8935108153078203
onshore,south_easterly_onshore,walton_lighthouse-2025-02-06_222129Z,33.06249999999999,678.0,3111.4170942515193,0.8901830282861897
onshore,south_easterly_onshore,walton_lighthouse-2025-02-06_222129Z,33.06249999999999,681.0,2959.5743193140147,0.8851913477537438
onshore,south_easterly_onshore,walton_lighthouse-2025-02-06_222129Z,33.06249999999999,684.0,2723.0977110348103,0.8768718801996672
onshore,south_easterly_onshore,walton_lighthouse-2025-02-06_222129Z,33.06249999999999,688.0,2703.629114821272,0.8735440931780366
onshore,south_easterly_onshore,walton_lighthouse-2025-02-06_222129Z,33.06249999999999,691.0,2598.324152613694,0.8685524126455907
onshore,south_easterly_onshore,walton_lighthouse-2025-02-06_222129Z,33.06249999999999,695.0,2561.3009489207066,0.8668885191347754
onshore,south_easterly_onshore,walton_lighthouse-2025-02-06_222129Z,33.06249999999999,698.0,2351.7859838442755,0.8635607321131448
onshore,south_easterly_onshore,walton_lighthouse-2025-02-06_222129Z,33.06249999999999,701.0,2317.1481973517193,0.8585690515806988
onshore,south_easterly_onshore,walton_lighthouse-2025-02-06_222129Z,33.06249999999999,705.0,2129.6861714545794,0.848585690515807
onshore,south_easterly_onshore,walton_lighthouse-2025-02-06_222129Z,33.06249999999999,708.0,2186.8906631611176,0.8019966722129783
onshore,south_easterly_onshore,walton_lighthouse-2025-02-06_222129Z,33.06249999999999,712.0,2275.960862783555,0.7454242928452579
onshore,south_easterly_onshore,walton_lighthouse-2025-02-06_222129Z,33.06249999999999,715.0,2252.5696291292,0.7304492512479202
onshore,south_easterly_onshore,walton_lighthouse-2025-02-06_222129Z,33.06249999999999,719.0,2328.289573952113,0.7287853577371048
onshore,south_easterly_onshore,walton_lighthouse-2025-02-06_222129Z,33.06249999999999,722.0,2589.098265358256,0.7121464226289518
onshore,south_easterly_onshore,walton_lighthouse-2025-02-06_222129Z,33.06249999999999,725.0,2693.3135426454396,0.6921797004991681
onshore,south_easterly_onshore,walton_lighthouse-2025-02-06_222129Z,33.06249999999999,729.0,2709.7256829262587,0.6455906821963394
onshore,south_easterly_onshore,walton_lighthouse-2025-02-06_222129Z,33.06249999999999,732.0,2778.326951470035,0.6089850249584027
onshore,south_easterly_onshore,walton_lighthouse-2025-02-06_222129Z,33.06249999999999,736.0,5107.58515691397,0.6073211314475874
onshore,south_easterly_onshore,walton_lighthouse-2025-02-06_222129Z,33.06249999999999,739.0,6241.652760400649,0.6139767054908486
onshore,south_easterly_onshore,walton_lighthouse-2025-02-06_222129Z,33.06249999999999,743.0,6841.712261267265,0.6056572379367721
onshore,south_easterly_onshore,walton_lighthouse-2025-02-06_222129Z,33.06249999999999,746.0,7077.158738273768,0.5906821963394343
onshore,south_easterly_onshore,walton_lighthouse-2025-02-06_222129Z,33.06249999999999,749.0,7191.69081225308,0.5773710482529119
onshore,south_easterly_onshore,walton_lighthouse-2025-02-06_222129Z,33.06249999999999,753.0,7719.0287837202095,0.5424292845257903
onshore,south_easterly_onshore,walton_lighthouse-2025-02-06_222129Z,33.06249999999999,756.0,8195.19240642513,0.5291181364392679
onshore,south_easterly_onshore,walton_lighthouse-2025-02-06_222129Z,33.06249999999999,760.0,8425.633540465762,0.49750415973377704
onshore,south_easterly_onshore,walton_lighthouse-2025-02-06_222129Z,33.06249999999999,763.0,9058.553523865447,0.4509151414309484
onshore,south_easterly_onshore,walton_lighthouse-2025-02-06_222129Z,33.06249999999999,767.0,9698.123853631032,0.3910149750415973
onshore,south_easterly_onshore,walton_lighthouse-2025-02-06_222129Z,33.06249999999999,770.0,10050.108501804421,0.3194675540765391
onshore,south_easterly_onshore,walton_lighthouse-2025-02-06_222129Z,33.06249999999999,773.0,9110.171092946419,0.2562396006655574
onshore,south_easterly_onshore,walton_lighthouse-2025-02-06_222129Z,33.06249999999999,777.0,8978.14902789418,0.2545757071547421
onshore,south_easterly_onshore,walton_lighthouse-2025-02-06_222129Z,33.06249999999999,780.0,8812.15104888997,0.24625623960066556
onshore,south_easterly_onshore,walton_lighthouse-2025-02-06_222129Z,33.06249999999999,784.0,8536.164394451236,0.23294509151414308
onshore,south_easterly_onshore,walton_lighthouse-2025-02-06_222129Z,33.06249999999999,787.0,8393.475477666838,0.22795341098169716
onshore,south_easterly_onshore,walton_lighthouse-2025-02-06_222129Z,33.06249999999999,790.0,8168.209866260984,0.21963394342762063
onshore,south_easterly_onshore,walton_lighthouse-2025-02-06_222129Z,33.06249999999999,794.0,8034.538042481231,0.21630615640599002
onshore,south_easterly_onshore,walton_lighthouse-2025-02-06_222129Z,33.06249999999999,797.0,7978.41019329674,0.2146422628951747
onshore,south_easterly_onshore,walton_lighthouse-2025-02-06_222129Z,33.06249999999999,801.0,7442.731723255243,0.20465890183028287
onshore,south_easterly_onshore,walton_lighthouse-2025-02-06_222129Z,33.06249999999999,804.0,6402.871333069416,0.1896838602329451
onshore,south_easterly_onshore,walton_lighthouse-2025-02-06_222129Z,33.06249999999999,808.0,6059.950994035029,0.18469217970049917
onshore,south_easterly_onshore,walton_lighthouse-2025-02-06_222129Z,33.06249999999999,811.0,6159.274799981065,0.18469217970049917
onshore,south_easterly_onshore,walton_lighthouse-2025-02-06_222129Z,33.06249999999999,814.0,6267.665341636151,0.18469217970049917
onshore,south_easterly_onshore,walton_lighthouse-2025-02-06_222129Z,33.06249999999999,818.0,6387.421964087752,0.18469217970049917
onshore,south_easterly_onshore,walton_lighthouse-2025-02-06_222129Z,33.06249999999999,821.0,6519.154222242635,0.18469217970049917
onshore,south_easterly_onshore,walton_lighthouse-2025-02-06_222129Z,33.06249999999999,825.0,6660.771601501866,0.18469217970049917
onshore,south_easterly_onshore,walton_lighthouse-2025-02-06_222129Z,33.06249999999999,828.0,6807.497463322505,0.18469217970049917
onshore,south_easterly_onshore,walton_lighthouse-2025-02-06_222129Z,33.06249999999999,832.0,6965.671984527872,0.18302828618968386
onshore,south_easterly_onshore,walton_lighthouse-2025-02-06_222129Z,33.06249999999999,835.0,7109.003998577178,0.18302828618968386
onshore,south_easterly_onshore,walton_lighthouse-2025-02-06_222129Z,33.06249999999999,838.0,7234.223795344872,0.1713810316139767
onshore,south_easterly_onshore,walton_lighthouse-2025-02-06_222129Z,33.06249999999999,842.0,7215.15240746867,0.15141430948419302
onshore,south_easterly_onshore,walton_lighthouse-2025-02-06_222129Z,33.06249999999999,845.0,7159.510078850027,0.14309484193011648
onshore,south_easterly_onshore,walton_lighthouse-2025-02-06_222129Z,33.06249999999999,849.0,6253.154674949936,0.12146422628951747
onshore,south_easterly_onshore,walton_lighthouse-2025-02-06_222129Z,33.06249999999999,852.0,5606.590710116547,0.11314475873544093
onshore,south_easterly_onshore,walton_lighthouse-2025-07-26_195218Z,5.317309,253.0,479.7350765593418,0.9873853211009175
onshore,south_easterly_onshore,walton_lighthouse-2025-07-26_195218Z,5.317309,257.0,480.2712904740013,0.9873853211009175
onshore,south_easterly_onshore,walton_lighthouse-2025-07-26_195218Z,5.317309,260.0,480.9902753955244,0.9873853211009175
onshore,south_easterly_onshore,walton_lighthouse-2025-07-26_195218Z,5.317309,263.0,481.90316875586547,0.9873853211009175
onshore,south_easterly_onshore,walton_lighthouse-2025-07-26_195218Z,5.317309,267.0,482.859473768937,0.9873853211009175
onshore,south_easterly_onshore,walton_lighthouse-2025-07-26_195218Z,5.317309,270.0,483.6693318656397,0.9873853211009175
onshore,south_easterly_onshore,walton_lighthouse-2025-07-26_195218Z,5.317309,274.0,484.32390567808534,0.9873853211009175
onshore,south_easterly_onshore,walton_lighthouse-2025-07-26_195218Z,5.317309,277.0,484.86761583413755,0.9873853211009175
onshore,south_easterly_onshore,walton_lighthouse-2025-07-26_195218Z,5.317309,281.0,485.3808958186727,0.9873853211009175
onshore,south_easterly_onshore,walton_lighthouse-2025-07-26_195218Z,5.317309,284.0,836.5800941651377,0.9885321100917431
onshore,south_easterly_onshore,walton_lighthouse-2025-07-26_195218Z,5.317309,287.0,835.2036833022814,0.9885321100917431
onshore,south_easterly_onshore,walton_lighthouse-2025-07-26_195218Z,5.317309,291.0,834.0528501868911,0.9885321100917431
onshore,south_easterly_onshore,walton_lighthouse-2025-07-26_195218Z,5.317309,294.0,833.3070839098476,0.9885321100917431
onshore,south_easterly_onshore,walton_lighthouse-2025-07-26_195218Z,5.317309,298.0,833.3448101979607,0.9885321100917431
onshore,south_easterly_onshore,walton_lighthouse-2025-07-26_195218Z,5.317309,301.0,834.0875434600102,0.9885321100917431
onshore,south_easterly_onshore,walton_lighthouse-2025-07-26_195218Z,5.317309,305.0,834.9795104471945,0.9885321100917431
onshore,south_easterly_onshore,walton_lighthouse-2025-07-26_195218Z,5.317309,308.0,835.8577315301914,0.9885321100917431
onshore,south_easterly_onshore,walton_lighthouse-2025-07-26_195218Z,5.317309,311.0,836.6668525678726,0.9885321100917431
onshore,south_easterly_onshore,walton_lighthouse-2025-07-26_195218Z,5.317309,315.0,837.1246393595636,0.9885321100917431
onshore,south_easterly_onshore,walton_lighthouse-2025-07-26_195218Z,5.317309,318.0,836.9934100102315,0.9885321100917431
onshore,south_easterly_onshore,walton_lighthouse-2025-07-26_195218Z,5.317309,322.0,836.3843560689882,0.9885321100917431
onshore,south_easterly_onshore,walton_lighthouse-2025-07-26_195218Z,5.317309,325.0,835.7195670132181,0.9885321100917431
onshore,south_easterly_onshore,walton_lighthouse-2025-07-26_195218Z,5.317309,329.0,835.5630054363094,0.9885321100917431
onshore,south_easterly_onshore,walton_lighthouse-2025-07-26_195218Z,5.317309,332.0,836.3995600709665,0.9885321100917431
onshore,south_easterly_onshore,walton_lighthouse-2025-07-26_195218Z,5.317309,335.0,838.1076804946026,0.9885321100917431
onshore,south_easterly_onshore,walton_lighthouse-2025-07-26_195218Z,5.317309,339.0,840.1954377610214,0.9885321100917431
onshore,south_easterly_onshore,walton_lighthouse-2025-07-26_195218Z,5.317309,342.0,842.3697389748515,0.9885321100917431
onshore,south_easterly_onshore,walton_lighthouse-2025-07-26_195218Z,5.317309,346.0,783.4282211414566,0.9873853211009175
onshore,south_easterly_onshore,walton_lighthouse-2025-07-26_195218Z,5.317309,349.0,784.7918897337707,0.9873853211009175
onshore,south_easterly_onshore,walton_lighthouse-2025-07-26_195218Z,5.317309,352.0,786.3294487745807,0.9873853211009175
onshore,south_easterly_onshore,walton_lighthouse-2025-07-26_195218Z,5.317309,356.0,788.0964172784534,0.9873853211009175
onshore,south_easterly_onshore,walton_lighthouse-2025-07-26_195218Z,5.317309,359.0,457.2894086222935,0.9862385321100917
onshore,south_easterly_onshore,walton_lighthouse-2025-07-26_195218Z,5.317309,363.0,459.69649479080914,0.9862385321100917
onshore,south_easterly_onshore,walton_lighthouse-2025-07-26_195218Z,5.317309,366.0,462.1290704170954,0.9862385321100917
onshore,south_easterly_onshore,walton_lighthouse-2025-07-26_195218Z,5.317309,370.0,464.6042135152721,0.9862385321100917
onshore,south_easterly_onshore,walton_lighthouse-2025-07-26_195218Z,5.317309,373.0,467.2149829204273,0.9862385321100917
onshore,south_easterly_onshore,walton_lighthouse-2025-07-26_195218Z,5.317309,376.0,470.076734844405,0.9862385321100917
onshore,south_easterly_onshore,walton_lighthouse-2025-07-26_195218Z,5.317309,380.0,473.0661921511578,0.9862385321100917
onshore,south_easterly_onshore,walton_lighthouse-2025-07-26_195218Z,5.317309,383.0,475.98827523796933,0.9862385321100917
onshore,south_easterly_onshore,walton_lighthouse-2025-07-26_195218Z,5.317309,387.0,478.81831476523615,0.9862385321100917
onshore,south_easterly_onshore,walton_lighthouse-2025-07-26_195218Z,5.317309,390.0,425.0182096489519,0.9850917431192661
onshore,south_easterly_onshore,walton_lighthouse-2025-07-26_195218Z,5.317309,394.0,427.32705561649146,0.9850917431192661
onshore,south_easterly_onshore,walton_lighthouse-2025-07-26_195218Z,5.317309,397.0,429.7523935374881,0.9850917431192661
onshore,south_easterly_onshore,walton_lighthouse-2025-07-26_195218Z,5.317309,400.0,432.26462532710036,0.9850917431192661
onshore,south_easterly_onshore,walton_lighthouse-2025-07-26_195218Z,5.317309,404.0,434.8140785617762,0.9850917431192661
onshore,south_easterly_onshore,walton_lighthouse-2025-07-26_195218Z,5.317309,407.0,437.3625528326149,0.9850917431192661
onshore,south_easterly_onshore,walton_lighthouse-2025-07-26_195218Z,5.317309,411.0,439.90076979269605,0.9850917431192661
onshore,south_easterly_onshore,walton_lighthouse-2025-07-26_195218Z,5.317309,414.0,442.4449523950637,0.9850917431192661
onshore,south_easterly_onshore,walton_lighthouse-2025-07-26_195218Z,5.317309,417.0,445.0179496987755,0.9850917431192661
onshore,south_easterly_onshore,walton_lighthouse-2025-07-26_195218Z,5.317309,421.0,447.61907323171215,0.9850917431192661
onshore,south_easterly_onshore,walton_lighthouse-2025-07-26_195218Z,5.317309,424.0,450.2071628697074,0.9850917431192661
onshore,south_easterly_onshore,walton_lighthouse-2025-07-26_195218Z,5.317309,428.0,452.7214086036601,0.9850917431192661
onshore,south_easterly_onshore,walton_lighthouse-2025-07-26_195218Z,5.317309,431.0,770.6200479478326,0.9862385321100917
onshore,south_easterly_onshore,walton_lighthouse-2025-07-26_195218Z,5.317309,435.0,772.3116036129786,0.9862385321100917
onshore,south_easterly_onshore,walton_lighthouse-2025-07-26_195218Z,5.317309,438.0,773.9585500770538,0.9862385321100917
onshore,south_easterly_onshore,walton_lighthouse-2025-07-26_195218Z,5.317309,441.0,1096.707088066907,0.9873853211009175
onshore,south_easterly_onshore,walton_lighthouse-2025-07-26_195218Z,5.317309,445.0,1097.129695381547,0.9873853211009175
onshore,south_easterly_onshore,walton_lighthouse-2025-07-26_195218Z,5.317309,448.0,1097.6719666027288,0.9873853211009175
onshore,south_easterly_onshore,walton_lighthouse-2025-07-26_195218Z,5.317309,452.0,1098.1453759502497,0.9873853211009175
onshore,south_easterly_onshore,walton_lighthouse-2025-07-26_195218Z,5.317309,455.0,1053.9247754999174,0.9862385321100917
onshore,south_easterly_onshore,walton_lighthouse-2025-07-26_195218Z,5.317309,459.0,1054.1044748782854,0.9862385321100917
onshore,south_easterly_onshore,walton_lighthouse-2025-07-26_195218Z,5.317309,462.0,1053.9856569946228,0.9862385321100917
onshore,south_easterly_onshore,walton_lighthouse-2025-07-26_195218Z,5.317309,465.0,1053.2887782842145,0.9862385321100917
onshore,south_easterly_onshore,walton_lighthouse-2025-07-26_195218Z,5.317309,469.0,1299.7880116676433,0.9873853211009175
onshore,south_easterly_onshore,walton_lighthouse-2025-07-26_195218Z,5.317309,472.0,1298.687382125416,0.9873853211009175
onshore,south_easterly_onshore,walton_lighthouse-2025-07-26_195218Z,5.317309,476.0,1299.3137226436568,0.9873853211009175
onshore,south_easterly_onshore,walton_lighthouse-2025-07-26_195218Z,5.317309,479.0,1302.6807021084944,0.9873853211009175
onshore,south_easterly_onshore,walton_lighthouse-2025-07-26_195218Z,5.317309,482.0,1309.3026574936318,0.9873853211009175
onshore,south_easterly_onshore,walton_lighthouse-2025-07-26_195218Z,5.317309,486.0,1318.3935159248426,0.9873853211009175
onshore,south_easterly_onshore,walton_lighthouse-2025-07-26_195218Z,5.317309,489.0,1327.943947603419,0.9873853211009175
onshore,south_easterly_onshore,walton_lighthouse-2025-07-26_195218Z,5.317309,493.0,1569.332239838389,0.9885321100917431
onshore,south_easterly_onshore,walton_lighthouse-2025-07-26_195218Z,5.317309,496.0,1573.1436294642378,0.9885321100917431
onshore,south_easterly_onshore,walton_lighthouse-2025-07-26_195218Z,5.317309,500.0,1805.1265120818782,0.9896788990825688
onshore,south_easterly_onshore,walton_lighthouse-2025-07-26_195218Z,5.317309,503.0,1742.1475320144596,0.9885321100917431
onshore,south_easterly_onshore,walton_lighthouse-2025-07-26_195218Z,5.317309,506.0,1066.3948354423171,0.9862385321100917
onshore,south_easterly_onshore,walton_lighthouse-2025-07-26_195218Z,5.317309,510.0,1060.0420395494157,0.9862385321100917
onshore,south_easterly_onshore,walton_lighthouse-2025-07-26_195218Z,5.317309,513.0,1054.7853028400261,0.9862385321100917
onshore,south_easterly_onshore,walton_lighthouse-2025-07-26_195218Z,5.317309,517.0,1051.812945432996,0.9862385321100917
onshore,south_easterly_onshore,walton_lighthouse-2025-07-26_195218Z,5.317309,520.0,1051.4154468980382,0.9862385321100917
onshore,south_easterly_onshore,walton_lighthouse-2025-07-26_195218Z,5.317309,524.0,1354.2536153277376,0.9873853211009175
onshore,south_easterly_onshore,walton_lighthouse-2025-07-26_195218Z,5.317309,527.0,1353.6468852384012,0.9873853211009175
onshore,south_easterly_onshore,walton_lighthouse-2025-07-26_195218Z,5.317309,530.0,1353.0222906466988,0.9873853211009175
onshore,south_easterly_onshore,walton_lighthouse-2025-07-26_195218Z,5.317309,534.0,1351.333589604589,0.9873853211009175
onshore,south_easterly_onshore,walton_lighthouse-2025-07-26_195218Z,5.317309,537.0,1348.1485541563397,0.9873853211009175
onshore,south_easterly_onshore,walton_lighthouse-2025-07-26_195218Z,5.317309,541.0,1344.1552613100619,0.9873853211009175
onshore,south_easterly_onshore,walton_lighthouse-2025-07-26_195218Z,5.317309,544.0,1340.6007004749597,0.9873853211009175
onshore,south_easterly_onshore,walton_lighthouse-2025-07-26_195218Z,5.317309,548.0,1338.8052290444718,0.9873853211009175
onshore,south_easterly_onshore,walton_lighthouse-2025-07-26_195218Z,5.317309,551.0,1339.481739738994,0.9873853211009175
onshore,south_easterly_onshore,walton_lighthouse-2025-07-26_195218Z,5.317309,554.0,1617.7753155615485,0.9885321100917431
onshore,south_easterly_onshore,walton_lighthouse-2025-07-26_195218Z,5.317309,558.0,1347.2817902495701,0.9862385321100917
onshore,south_easterly_onshore,walton_lighthouse-2025-07-26_195218Z,5.317309,561.0,1348.5988644862935,0.9862385321100917
onshore,south_easterly_onshore,walton_lighthouse-2025-07-26_195218Z,5.317309,565.0,1349.709770096981,0.9862385321100917
onshore,south_easterly_onshore,walton_lighthouse-2025-07-26_195218Z,5.317309,568.0,1350.5151624320542,0.9862385321100917
onshore,south_easterly_onshore,walton_lighthouse-2025-07-26_195218Z,5.317309,571.0,1351.2030953934525,0.9862385321100917
onshore,south_easterly_onshore,walton_lighthouse-2025-07-26_195218Z,5.317309,575.0,1637.3192418744732,0.9862385321100917
onshore,south_easterly_onshore,walton_lighthouse-2025-07-26_195218Z,5.317309,578.0,1721.1538898337553,0.9862385321100917
onshore,south_easterly_onshore,walton_lighthouse-2025-07-26_195218Z,5.317309,582.0,1721.097860634737,0.9862385321100917
onshore,south_easterly_onshore,walton_lighthouse-2025-07-26_195218Z,5.317309,585.0,1720.8529448296251,0.9862385321100917
onshore,south_easterly_onshore,walton_lighthouse-2025-07-26_195218Z,5.317309,589.0,1720.491930400894,0.9862385321100917
onshore,south_easterly_onshore,walton_lighthouse-2025-07-26_195218Z,5.317309,592.0,1719.9552560533716,0.9862385321100917
onshore,south_easterly_onshore,walton_lighthouse-2025-07-26_195218Z,5.317309,595.0,1718.9816439114002,0.9862385321100917
onshore,south_easterly_onshore,walton_lighthouse-2025-07-26_195218Z,5.317309,599.0,1717.3372094575461,0.9862385321100917
onshore,south_easterly_onshore,walton_lighthouse-2025-07-26_195218Z,5.317309,602.0,1682.5822201034237,0.9850917431192661
onshore,south_easterly_onshore,walton_lighthouse-2025-07-26_195218Z,5.317309,606.0,1470.3054962668537,0.9839449541284404
onshore,south_easterly_onshore,walton_lighthouse-2025-07-26_195218Z,5.317309,609.0,1467.004682806714,0.9839449541284404
onshore,south_easterly_onshore,walton_lighthouse-2025-07-26_195218Z,5.317309,613.0,1462.835687729866,0.9839449541284404
onshore,south_easterly_onshore,walton_lighthouse-2025-07-26_195218Z,5.317309,616.0,1457.9487012013367,0.9839449541284404
onshore,south_easterly_onshore,walton_lighthouse-2025-07-26_195218Z,5.317309,619.0,1453.0871639560426,0.9839449541284404
onshore,south_easterly_onshore,walton_lighthouse-2025-07-26_195218Z,5.317309,623.0,1449.2023320286553,0.9839449541284404
onshore,south_easterly_onshore,walton_lighthouse-2025-07-26_195218Z,5.317309,626.0,1446.9912431717976,0.9839449541284404
onshore,south_easterly_onshore,walton_lighthouse-2025-07-26_195218Z,5.317309,630.0,1446.4522890589858,0.9839449541284404
onshore,south_easterly_onshore,walton_lighthouse-2025-07-26_195218Z,5.317309,633.0,1447.0612428490613,0.9839449541284404
onshore,south_easterly_onshore,walton_lighthouse-2025-07-26_195218Z,5.317309,636.0,1448.5141838168572,0.9839449541284404
onshore,south_easterly_onshore,walton_lighthouse-2025-07-26_195218Z,5.317309,640.0,1450.644229366448,0.9839449541284404
onshore,south_easterly_onshore,walton_lighthouse-2025-07-26_195218Z,5.317309,643.0,1453.6826620978507,0.9839449541284404
onshore,south_easterly_onshore,walton_lighthouse-2025-07-26_195218Z,5.317309,647.0,1458.1745483963473,0.9839449541284404
onshore,south_easterly_onshore,walton_lighthouse-2025-07-26_195218Z,5.317309,650.0,1464.0532964343065,0.9839449541284404
onshore,south_easterly_onshore,walton_lighthouse-2025-07-26_195218Z,5.317309,654.0,1470.6348808918553,0.9839449541284404
onshore,south_easterly_onshore,walton_lighthouse-2025-07-26_195218Z,5.317309,657.0,1219.5052865756322,0.9827981651376146
onshore,south_easterly_onshore,walton_lighthouse-2025-07-26_195218Z,5.317309,660.0,933.0623060824381,0.981651376146789
onshore,south_easterly_onshore,walton_lighthouse-2025-07-26_195218Z,5.317309,664.0,936.723530200089,0.981651376146789
onshore,south_easterly_onshore,walton_lighthouse-2025-07-26_195218Z,5.317309,667.0,939.8607034309658,0.981651376146789
onshore,south_easterly_onshore,walton_lighthouse-2025-07-26_195218Z,5.317309,671.0,943.2707501547662,0.981651376146789
onshore,south_easterly_onshore,walton_lighthouse-2025-07-26_195218Z,5.317309,674.0,946.9859635612661,0.981651376146789
onshore,south_easterly_onshore,walton_lighthouse-2025-07-26_195218Z,5.317309,678.0,1112.0122179960597,0.9827981651376146
onshore,south_easterly_onshore,walton_lighthouse-2025-07-26_195218Z,5.317309,681.0,1114.3361529476208,0.9827981651376146
onshore,south_easterly_onshore,walton_lighthouse-2025-07-26_195218Z,5.317309,684.0,1116.1243908709955,0.9827981651376146
onshore,south_easterly_onshore,walton_lighthouse-2025-07-26_195218Z,5.317309,688.0,1117.4054531391241,0.9827981651376146
onshore,south_easterly_onshore,walton_lighthouse-2025-07-26_195218Z,5.317309,691.0,1118.6721590403306,0.9827981651376146
onshore,south_easterly_onshore,walton_lighthouse-2025-07-26_195218Z,5.317309,695.0,1120.38077123233,0.9827981651376146
onshore,south_easterly_onshore,walton_lighthouse-2025-07-26_195218Z,5.317309,698.0,1075.5568638073535,0.981651376146789
onshore,south_easterly_onshore,walton_lighthouse-2025-07-26_195218Z,5.317309,701.0,1077.7472126118346,0.981651376146789
onshore,south_easterly_onshore,walton_lighthouse-2025-07-26_195218Z,5.317309,705.0,1080.0050615563719,0.981651376146789
onshore,south_easterly_onshore,walton_lighthouse-2025-07-26_195218Z,5.317309,708.0,1082.3181902744261,0.981651376146789
onshore,south_easterly_onshore,walton_lighthouse-2025-07-26_195218Z,5.317309,712.0,798.8184170431608,0.9805045871559633
onshore,south_easterly_onshore,walton_lighthouse-2025-07-26_195218Z,5.317309,715.0,801.1821373884449,0.9805045871559633
onshore,south_easterly_onshore,walton_lighthouse-2025-07-26_195218Z,5.317309,719.0,803.4221798809399,0.9805045871559633
onshore,south_easterly_onshore,walton_lighthouse-2025-07-26_195218Z,5.317309,722.0,519.878732170614,0.9793577981651376
onshore,south_easterly_onshore,walton_lighthouse-2025-07-26_195218Z,5.317309,725.0,521.9834995382494,0.9793577981651376
onshore,south_easterly_onshore,walton_lighthouse-2025-07-26_195218Z,5.317309,729.0,524.273066375634,0.9793577981651376
onshore,south_easterly_onshore,walton_lighthouse-2025-07-26_195218Z,5.317309,732.0,526.9684235126515,0.9793577981651376
onshore,south_easterly_onshore,walton_lighthouse-2025-07-26_195218Z,5.317309,736.0,530.0915286780418,0.9793577981651376
onshore,south_easterly_onshore,walton_lighthouse-2025-07-26_195218Z,5.317309,739.0,533.4418957738606,0.9793577981651376
onshore,south_easterly_onshore,walton_lighthouse-2025-07-26_195218Z,5.317309,743.0,491.47310599785277,0.9782110091743119
onshore,south_easterly_onshore,walton_lighthouse-2025-07-26_195218Z,5.317309,746.0,495.1771649564466,0.9782110091743119
onshore,south_easterly_onshore,walton_lighthouse-2025-07-26_195218Z,5.317309,749.0,499.53957890051976,0.9782110091743119
onshore,south_easterly_onshore,walton_lighthouse-2025-07-26_195218Z,5.317309,753.0,504.4844241886705,0.9782110091743119
onshore,south_easterly_onshore,walton_lighthouse-2025-07-26_195218Z,5.317309,756.0,514.4679123876092,0.9782110091743119
onshore,south_easterly_onshore,walton_lighthouse-2025-07-26_195218Z,5.317309,760.0,545.8425129172891,0.9782110091743119
onshore,south_easterly_onshore,walton_lighthouse-2025-07-26_195218Z,5.317309,763.0,610.577965042673,0.9782110091743119
onshore,south_easterly_onshore,walton_lighthouse-2025-07-26_195218Z,5.317309,767.0,690.7738290834989,0.9782110091743119
onshore,south_easterly_onshore,walton_lighthouse-2025-07-26_195218Z,5.317309,770.0,608.5739945448465,0.9770642201834863
onshore,south_easterly_onshore,walton_lighthouse-2025-07-26_195218Z,5.317309,773.0,629.6232111434149,0.9770642201834863
onshore,south_easterly_onshore,walton_lighthouse-2025-07-26_195218Z,5.317309,777.0,632.166230044985,0.9770642201834863
onshore,south_easterly_onshore,walton_lighthouse-2025-07-26_195218Z,5.317309,780.0,633.7927408882389,0.9770642201834863
onshore,south_easterly_onshore,walton_lighthouse-2025-07-26_195218Z,5.317309,784.0,634.1668141002956,0.9770642201834863
onshore,south_easterly_onshore,walton_lighthouse-2025-07-26_195218Z,5.317309,787.0,633.0140597183258,0.9770642201834863
onshore,south_easterly_onshore,walton_lighthouse-2025-07-26_195218Z,5.317309,790.0,630.5446486155323,0.9770642201834863
onshore,south_easterly_onshore,walton_lighthouse-2025-07-26_195218Z,5.317309,794.0,627.2374526518248,0.9770642201834863
onshore,south_easterly_onshore,walton_lighthouse-2025-07-26_195218Z,5.317309,797.0,623.3736701092552,0.9770642201834863
onshore,south_easterly_onshore,walton_lighthouse-2025-07-26_195218Z,5.317309,801.0,618.9543483501251,0.9770642201834863
onshore,south_easterly_onshore,walton_lighthouse-2025-07-26_195218Z,5.317309,804.0,606.7810270150636,0.9770642201834863
onshore,south_easterly_onshore,walton_lighthouse-2025-07-26_195218Z,5.317309,808.0,579.0208081451811,0.9770642201834863
onshore,south_easterly_onshore,walton_lighthouse-2025-07-26_195218Z,5.317309,811.0,542.627413504253,0.9770642201834863
onshore,south_easterly_onshore,walton_lighthouse-2025-07-26_195218Z,5.317309,814.0,512.6674644326889,0.9770642201834863
onshore,south_easterly_onshore,walton_lighthouse-2025-07-26_195218Z,5.317309,818.0,496.64478388755214,0.9770642201834863
onshore,south_easterly_onshore,walton_lighthouse-2025-07-26_195218Z,5.317309,821.0,490.2858632452276,0.9770642201834863
onshore,south_easterly_onshore,walton_lighthouse-2025-07-26_195218Z,5.317309,825.0,487.14270561659674,0.9770642201834863
onshore,south_easterly_onshore,walton_lighthouse-2025-07-26_195218Z,5.317309,828.0,451.41539103420683,0.9759174311926605
onshore,south_easterly_onshore,walton_lighthouse-2025-07-26_195218Z,5.317309,832.0,458.37275262709,0.9759174311926605
onshore,south_easterly_onshore,walton_lighthouse-2025-07-26_195218Z,5.317309,835.0,478.56521193434065,0.9759174311926605
onshore,south_easterly_onshore,walton_lighthouse-2025-07-26_195218Z,5.317309,838.0,511.6700539949924,0.9759174311926605
onshore,south_easterly_onshore,walton_lighthouse-2025-07-26_195218Z,5.317309,842.0,551.1339026529611,0.9759174311926605
onshore,south_easterly_onshore,walton_lighthouse-2025-07-26_195218Z,5.317309,845.0,592.6949547416212,0.9759174311926605
onshore,south_easterly_onshore,walton_lighthouse-2025-07-26_195218Z,5.317309,849.0,641.8469046557858,0.9759174311926605
onshore,south_easterly_onshore,walton_lighthouse-2025-07-26_195218Z,5.317309,852.0,709.175989129672,0.9759174311926605
onshore,south_easterly_onshore,walton_lighthouse-2025-07-26_195218Z,5.317309,855.0,810.176635714581,0.9759174311926605
onshore,south_easterly_onshore,walton_lighthouse-2025-07-26_195218Z,5.317309,859.0,952.1937897463006,0.9759174311926605
onshore,south_easterly_onshore,walton_lighthouse-2025-07-26_195218Z,5.317309,862.0,1114.973850808266,0.9759174311926605
onshore,south_easterly_onshore,walton_lighthouse-2025-07-26_195218Z,5.317309,866.0,1262.0049708284655,0.9759174311926605
onshore,south_easterly_onshore,walton_lighthouse-2025-07-26_195218Z,5.317309,869.0,1373.9333439544037,0.9759174311926605
onshore,south_easterly_onshore,walton_lighthouse-2025-07-26_195218Z,5.317309,873.0,1459.094801657979,0.9759174311926605
onshore,south_easterly_onshore,walton_lighthouse-2025-07-26_195218Z,5.317309,876.0,1527.0000238095545,0.9736238532110092
onshore,south_easterly_onshore,walton_lighthouse-2025-07-26_195218Z,5.317309,879.0,1537.3405433971975,0.9690366972477065
onshore,south_easterly_onshore,walton_lighthouse-2025-07-26_195218Z,5.317309,883.0,1564.2034256700404,0.9541284403669725
onshore,south_easterly_onshore,walton_lighthouse-2025-07-26_195218Z,5.317309,886.0,1541.1326167250952,0.8876146788990825
onshore,south_easterly_onshore,walton_lighthouse-2025-07-21_225904Z,7.903357,253.0,854.7759429749326,0.9867109634551495
onshore,south_easterly_onshore,walton_lighthouse-2025-07-21_225904Z,7.903357,257.0,856.9981870010294,0.9867109634551495
onshore,south_easterly_onshore,walton_lighthouse-2025-07-21_225904Z,7.903357,260.0,860.0472689664985,0.9867109634551495
onshore,south_easterly_onshore,walton_lighthouse-2025-07-21_225904Z,7.903357,263.0,863.9058354215049,0.9867109634551495
onshore,south_easterly_onshore,walton_lighthouse-2025-07-21_225904Z,7.903357,267.0,867.9908893754201,0.9867109634551495
onshore,south_easterly_onshore,walton_lighthouse-2025-07-21_225904Z,7.903357,270.0,871.6266322830936,0.9867109634551495
onshore,south_easterly_onshore,walton_lighthouse-2025-07-21_225904Z,7.903357,274.0,874.8562887561491,0.9867109634551495
onshore,south_easterly_onshore,walton_lighthouse-2025-07-21_225904Z,7.903357,277.0,877.8944291152387,0.9867109634551495
onshore,south_easterly_onshore,walton_lighthouse-2025-07-21_225904Z,7.903357,281.0,880.9180520248834,0.9867109634551495
onshore,south_easterly_onshore,walton_lighthouse-2025-07-21_225904Z,7.903357,284.0,883.8907523807366,0.9867109634551495
onshore,south_easterly_onshore,walton_lighthouse-2025-07-21_225904Z,7.903357,287.0,823.5258036035202,0.9833887043189369
onshore,south_easterly_onshore,walton_lighthouse-2025-07-21_225904Z,7.903357,291.0,826.2845573588108,0.9833887043189369
onshore,south_easterly_onshore,walton_lighthouse-2025-07-21_225904Z,7.903357,294.0,828.9912548888618,0.9833887043189369
onshore,south_easterly_onshore,walton_lighthouse-2025-07-21_225904Z,7.903357,298.0,831.7495315638885,0.9833887043189369
onshore,south_easterly_onshore,walton_lighthouse-2025-07-21_225904Z,7.903357,301.0,834.5980016339864,0.9833887043189369
onshore,south_easterly_onshore,walton_lighthouse-2025-07-21_225904Z,7.903357,305.0,837.5158772732539,0.9833887043189369
onshore,south_easterly_onshore,walton_lighthouse-2025-07-21_225904Z,7.903357,308.0,840.5051034832807,0.9833887043189369
onshore,south_easterly_onshore,walton_lighthouse-2025-07-21_225904Z,7.903357,311.0,843.6002191125913,0.9833887043189369
onshore,south_easterly_onshore,walton_lighthouse-2025-07-21_225904Z,7.903357,315.0,846.8326582136557,0.9833887043189369
onshore,south_easterly_onshore,walton_lighthouse-2025-07-21_225904Z,7.903357,318.0,850.1556369262545,0.9833887043189369
onshore,south_easterly_onshore,walton_lighthouse-2025-07-21_225904Z,7.903357,322.0,853.4169684790842,0.9833887043189369
onshore,south_easterly_onshore,walton_lighthouse-2025-07-21_225904Z,7.903357,325.0,856.4155993400273,0.9833887043189369
onshore,south_easterly_onshore,walton_lighthouse-2025-07-21_225904Z,7.903357,329.0,859.0079132843979,0.9833887043189369
onshore,south_easterly_onshore,walton_lighthouse-2025-07-21_225904Z,7.903357,332.0,861.1962100703835,0.9833887043189369
onshore,south_easterly_onshore,walton_lighthouse-2025-07-21_225904Z,7.903357,335.0,863.0902040179136,0.9833887043189369
onshore,south_easterly_onshore,walton_lighthouse-2025-07-21_225904Z,7.903357,339.0,864.8260342650417,0.9833887043189369
onshore,south_easterly_onshore,walton_lighthouse-2025-07-21_225904Z,7.903357,342.0,866.4739962470276,0.9833887043189369
onshore,south_easterly_onshore,walton_lighthouse-2025-07-21_225904Z,7.903357,346.0,868.0257807967276,0.9833887043189369
onshore,south_easterly_onshore,walton_lighthouse-2025-07-21_225904Z,7.903357,349.0,869.4562339588398,0.9833887043189369
onshore,south_easterly_onshore,walton_lighthouse-2025-07-21_225904Z,7.903357,352.0,870.7887894851269,0.9833887043189369
onshore,south_easterly_onshore,walton_lighthouse-2025-07-21_225904Z,7.903357,356.0,872.1101089629678,0.9833887043189369
onshore,south_easterly_onshore,walton_lighthouse-2025-07-21_225904Z,7.903357,359.0,873.5370332896644,0.9833887043189369
onshore,south_easterly_onshore,walton_lighthouse-2025-07-21_225904Z,7.903357,363.0,875.1800084431438,0.9833887043189369
onshore,south_easterly_onshore,walton_lighthouse-2025-07-21_225904Z,7.903357,366.0,877.0907428993079,0.9833887043189369
onshore,south_easterly_onshore,walton_lighthouse-2025-07-21_225904Z,7.903357,370.0,879.3058113700985,0.9833887043189369
onshore,south_easterly_onshore,walton_lighthouse-2025-07-21_225904Z,7.903357,373.0,881.8792016670486,0.9833887043189369
onshore,south_easterly_onshore,walton_lighthouse-2025-07-21_225904Z,7.903357,376.0,884.8071263649643,0.9833887043189369
onshore,south_easterly_onshore,walton_lighthouse-2025-07-21_225904Z,7.903357,380.0,887.9683511716371,0.9833887043189369
onshore,south_easterly_onshore,walton_lighthouse-2025-07-21_225904Z,7.903357,383.0,891.1415760403529,0.9833887043189369
onshore,south_easterly_onshore,walton_lighthouse-2025-07-21_225904Z,7.903357,387.0,894.1139802143583,0.9833887043189369
onshore,south_easterly_onshore,walton_lighthouse-2025-07-21_225904Z,7.903357,390.0,896.7660553866568,0.9833887043189369
onshore,south_easterly_onshore,walton_lighthouse-2025-07-21_225904Z,7.903357,394.0,899.1096267774254,0.9833887043189369
onshore,south_easterly_onshore,walton_lighthouse-2025-07-21_225904Z,7.903357,397.0,901.2659530162741,0.9833887043189369
onshore,south_easterly_onshore,walton_lighthouse-2025-07-21_225904Z,7.903357,400.0,903.4023026275813,0.9833887043189369
onshore,south_easterly_onshore,walton_lighthouse-2025-07-21_225904Z,7.903357,404.0,905.6647284167783,0.9833887043189369
onshore,south_easterly_onshore,walton_lighthouse-2025-07-21_225904Z,7.903357,407.0,908.1256810257805,0.9833887043189369
onshore,south_easterly_onshore,walton_lighthouse-2025-07-21_225904Z,7.903357,411.0,910.8152688877157,0.9833887043189369
onshore,south_easterly_onshore,walton_lighthouse-2025-07-21_225904Z,7.903357,414.0,913.7380739404139,0.9833887043189369
onshore,south_easterly_onshore,walton_lighthouse-2025-07-21_225904Z,7.903357,417.0,916.8429627203724,0.9833887043189369
onshore,south_easterly_onshore,walton_lighthouse-2025-07-21_225904Z,7.903357,421.0,920.0164164128817,0.9833887043189369
onshore,south_easterly_onshore,walton_lighthouse-2025-07-21_225904Z,7.903357,424.0,923.1110397260754,0.9833887043189369
onshore,south_easterly_onshore,walton_lighthouse-2025-07-21_225904Z,7.903357,428.0,925.971375324094,0.9833887043189369
onshore,south_easterly_onshore,walton_lighthouse-2025-07-21_225904Z,7.903357,431.0,928.4747237971407,0.9833887043189369
onshore,south_easterly_onshore,walton_lighthouse-2025-07-21_225904Z,7.903357,435.0,930.550700479626,0.9833887043189369
onshore,south_easterly_onshore,walton_lighthouse-2025-07-21_225904Z,7.903357,438.0,932.1652012884932,0.9833887043189369
onshore,south_easterly_onshore,walton_lighthouse-2025-07-21_225904Z,7.903357,441.0,933.3400992040606,0.9833887043189369
onshore,south_easterly_onshore,walton_lighthouse-2025-07-21_225904Z,7.903357,445.0,934.1820124186992,0.9833887043189369
onshore,south_easterly_onshore,walton_lighthouse-2025-07-21_225904Z,7.903357,448.0,934.8704327700665,0.9833887043189369
onshore,south_easterly_onshore,walton_lighthouse-2025-07-21_225904Z,7.903357,452.0,935.5905146580274,0.9833887043189369
onshore,south_easterly_onshore,walton_lighthouse-2025-07-21_225904Z,7.903357,455.0,936.4478433207626,0.9833887043189369
onshore,south_easterly_onshore,walton_lighthouse-2025-07-21_225904Z,7.903357,459.0,937.4849524700702,0.9833887043189369
onshore,south_easterly_onshore,walton_lighthouse-2025-07-21_225904Z,7.903357,462.0,938.7700473122717,0.9833887043189369
onshore,south_easterly_onshore,walton_lighthouse-2025-07-21_225904Z,7.903357,465.0,940.372187875084,0.9833887043189369
onshore,south_easterly_onshore,walton_lighthouse-2025-07-21_225904Z,7.903357,469.0,942.3108040402595,0.9833887043189369
onshore,south_easterly_onshore,walton_lighthouse-2025-07-21_225904Z,7.903357,472.0,944.592238800718,0.9833887043189369
onshore,south_easterly_onshore,walton_lighthouse-2025-07-21_225904Z,7.903357,476.0,947.23074833383,0.9833887043189369
onshore,south_easterly_onshore,walton_lighthouse-2025-07-21_225904Z,7.903357,479.0,950.2152337532827,0.9833887043189369
onshore,south_easterly_onshore,walton_lighthouse-2025-07-21_225904Z,7.903357,482.0,953.4629151446893,0.9833887043189369
onshore,south_easterly_onshore,walton_lighthouse-2025-07-21_225904Z,7.903357,486.0,956.8593509365459,0.9833887043189369
onshore,south_easterly_onshore,walton_lighthouse-2025-07-21_225904Z,7.903357,489.0,960.337449506604,0.9833887043189369
onshore,south_easterly_onshore,walton_lighthouse-2025-07-21_225904Z,7.903357,493.0,963.8908439314044,0.9833887043189369
onshore,south_easterly_onshore,walton_lighthouse-2025-07-21_225904Z,7.903357,496.0,967.5680643855403,0.9833887043189369
onshore,south_easterly_onshore,walton_lighthouse-2025-07-21_225904Z,7.903357,500.0,971.4312484366027,0.9833887043189369
onshore,south_easterly_onshore,walton_lighthouse-2025-07-21_225904Z,7.903357,503.0,975.4418408492304,0.9833887043189369
onshore,south_easterly_onshore,walton_lighthouse-2025-07-21_225904Z,7.903357,506.0,979.4474354837522,0.9833887043189369
onshore,south_easterly_onshore,walton_lighthouse-2025-07-21_225904Z,7.903357,510.0,983.39231226717,0.9833887043189369
onshore,south_easterly_onshore,walton_lighthouse-2025-07-21_225904Z,7.903357,513.0,987.4154707109515,0.9833887043189369
onshore,south_easterly_onshore,walton_lighthouse-2025-07-21_225904Z,7.903357,517.0,991.7230370487515,0.9833887043189369
onshore,south_easterly_onshore,walton_lighthouse-2025-07-21_225904Z,7.903357,520.0,996.4191206394523,0.9833887043189369
onshore,south_easterly_onshore,walton_lighthouse-2025-07-21_225904Z,7.903357,524.0,1001.4317129954471,0.9833887043189369
onshore,south_easterly_onshore,walton_lighthouse-2025-07-21_225904Z,7.903357,527.0,1006.6010745984366,0.9833887043189369
onshore,south_easterly_onshore,walton_lighthouse-2025-07-21_225904Z,7.903357,530.0,1011.8547699548349,0.9833887043189369
onshore,south_easterly_onshore,walton_lighthouse-2025-07-21_225904Z,7.903357,534.0,1017.3264223615382,0.9833887043189369
onshore,south_easterly_onshore,walton_lighthouse-2025-07-21_225904Z,7.903357,537.0,1023.2574326624914,0.9833887043189369
onshore,south_easterly_onshore,walton_lighthouse-2025-07-21_225904Z,7.903357,541.0,1029.8086392731093,0.9833887043189369
onshore,south_easterly_onshore,walton_lighthouse-2025-07-21_225904Z,7.903357,544.0,1036.944298094353,0.9833887043189369
onshore,south_easterly_onshore,walton_lighthouse-2025-07-21_225904Z,7.903357,548.0,1044.2129438194781,0.9833887043189369
onshore,south_easterly_onshore,walton_lighthouse-2025-07-21_225904Z,7.903357,551.0,1563.0632651768426,0.9867109634551495
onshore,south_easterly_onshore,walton_lighthouse-2025-07-21_225904Z,7.903357,554.0,1568.30463931773,0.9867109634551495
onshore,south_easterly_onshore,walton_lighthouse-2025-07-21_225904Z,7.903357,558.0,1490.7518289732168,0.9833887043189369
onshore,south_easterly_onshore,walton_lighthouse-2025-07-21_225904Z,7.903357,561.0,1493.9435200999494,0.9833887043189369
onshore,south_easterly_onshore,walton_lighthouse-2025-07-21_225904Z,7.903357,565.0,1496.583175822566,0.9833887043189369
onshore,south_easterly_onshore,walton_lighthouse-2025-07-21_225904Z,7.903357,568.0,1498.797671849476,0.9833887043189369
onshore,south_easterly_onshore,walton_lighthouse-2025-07-21_225904Z,7.903357,571.0,1500.6178450385771,0.9833887043189369
onshore,south_easterly_onshore,walton_lighthouse-2025-07-21_225904Z,7.903357,575.0,1502.1128546778941,0.9833887043189369
onshore,south_easterly_onshore,walton_lighthouse-2025-07-21_225904Z,7.903357,578.0,1503.3175702943927,0.9833887043189369
onshore,south_easterly_onshore,walton_lighthouse-2025-07-21_225904Z,7.903357,582.0,1504.2286550141484,0.9833887043189369
onshore,south_easterly_onshore,walton_lighthouse-2025-07-21_225904Z,7.903357,585.0,1504.7552791997225,0.9833887043189369
onshore,south_easterly_onshore,walton_lighthouse-2025-07-21_225904Z,7.903357,589.0,1504.9871269362047,0.9833887043189369
onshore,south_easterly_onshore,walton_lighthouse-2025-07-21_225904Z,7.903357,592.0,1505.1573421953444,0.9833887043189369
onshore,south_easterly_onshore,walton_lighthouse-2025-07-21_225904Z,7.903357,595.0,1375.1810792837277,0.9800664451827242
onshore,south_easterly_onshore,walton_lighthouse-2025-07-21_225904Z,7.903357,599.0,1375.0563723419402,0.9800664451827242
onshore,south_easterly_onshore,walton_lighthouse-2025-07-21_225904Z,7.903357,602.0,1374.640554798914,0.9800664451827242
onshore,south_easterly_onshore,walton_lighthouse-2025-07-21_225904Z,7.903357,606.0,1373.9586678676644,0.9800664451827242
onshore,south_easterly_onshore,walton_lighthouse-2025-07-21_225904Z,7.903357,609.0,1373.37834547716,0.9800664451827242
onshore,south_easterly_onshore,walton_lighthouse-2025-07-21_225904Z,7.903357,613.0,1373.2676455531491,0.9800664451827242
onshore,south_easterly_onshore,walton_lighthouse-2025-07-21_225904Z,7.903357,616.0,1373.7141757432264,0.9800664451827242
onshore,south_easterly_onshore,walton_lighthouse-2025-07-21_225904Z,7.903357,619.0,1374.5391998699563,0.9800664451827242
onshore,south_easterly_onshore,walton_lighthouse-2025-07-21_225904Z,7.903357,623.0,1375.5093853619321,0.9800664451827242
onshore,south_easterly_onshore,walton_lighthouse-2025-07-21_225904Z,7.903357,626.0,1376.5176262530488,0.9800664451827242
onshore,south_easterly_onshore,walton_lighthouse-2025-07-21_225904Z,7.903357,630.0,1377.615933303438,0.9800664451827242
onshore,south_easterly_onshore,walton_lighthouse-2025-07-21_225904Z,7.903357,633.0,1378.7702636247675,0.9800664451827242
onshore,south_easterly_onshore,walton_lighthouse-2025-07-21_225904Z,7.903357,636.0,1379.8910174091595,0.9800664451827242
onshore,south_easterly_onshore,walton_lighthouse-2025-07-21_225904Z,7.903357,640.0,1381.005981525281,0.9800664451827242
onshore,south_easterly_onshore,walton_lighthouse-2025-07-21_225904Z,7.903357,643.0,790.4883005131377,0.973421926910299
onshore,south_easterly_onshore,walton_lighthouse-2025-07-21_225904Z,7.903357,647.0,791.7881552865135,0.973421926910299
onshore,south_easterly_onshore,walton_lighthouse-2025-07-21_225904Z,7.903357,650.0,792.8873906422739,0.973421926910299
onshore,south_easterly_onshore,walton_lighthouse-2025-07-21_225904Z,7.903357,654.0,793.7855388771006,0.973421926910299
onshore,south_easterly_onshore,walton_lighthouse-2025-07-21_225904Z,7.903357,657.0,794.7136407373387,0.973421926910299
onshore,south_easterly_onshore,walton_lighthouse-2025-07-21_225904Z,7.903357,660.0,796.0477046291362,0.973421926910299
onshore,south_easterly_onshore,walton_lighthouse-2025-07-21_225904Z,7.903357,664.0,798.1078342339521,0.973421926910299
onshore,south_easterly_onshore,walton_lighthouse-2025-07-21_225904Z,7.903357,667.0,801.0310931032376,0.973421926910299
onshore,south_easterly_onshore,walton_lighthouse-2025-07-21_225904Z,7.903357,671.0,804.7500389987674,0.973421926910299
onshore,south_easterly_onshore,walton_lighthouse-2025-07-21_225904Z,7.903357,674.0,809.1095966646551,0.973421926910299
onshore,south_easterly_onshore,walton_lighthouse-2025-07-21_225904Z,7.903357,678.0,813.9412719733563,0.973421926910299
onshore,south_easterly_onshore,walton_lighthouse-2025-07-21_225904Z,7.903357,681.0,819.0881355885784,0.973421926910299
onshore,south_easterly_onshore,walton_lighthouse-2025-07-21_225904Z,7.903357,684.0,824.4335831548262,0.973421926910299
onshore,south_easterly_onshore,walton_lighthouse-2025-07-21_225904Z,7.903357,688.0,829.9857110056339,0.973421926910299
onshore,south_easterly_onshore,walton_lighthouse-2025-07-21_225904Z,7.903357,691.0,835.8804190202889,0.973421926910299
onshore,south_easterly_onshore,walton_lighthouse-2025-07-21_225904Z,7.903357,695.0,842.2445013215863,0.973421926910299
onshore,south_easterly_onshore,walton_lighthouse-2025-07-21_225904Z,7.903357,698.0,849.1616353559454,0.973421926910299
onshore,south_easterly_onshore,walton_lighthouse-2025-07-21_225904Z,7.903357,701.0,856.5208703329841,0.973421926910299
onshore,south_easterly_onshore,walton_lighthouse-2025-07-21_225904Z,7.903357,705.0,864.1827629589012,0.973421926910299
onshore,south_easterly_onshore,walton_lighthouse-2025-07-21_225904Z,7.903357,708.0,872.1387824487857,0.973421926910299
onshore,south_easterly_onshore,walton_lighthouse-2025-07-21_225904Z,7.903357,712.0,780.2500237280622,0.9700996677740864
onshore,south_easterly_onshore,walton_lighthouse-2025-07-21_225904Z,7.903357,715.0,788.5413636994251,0.9700996677740864
onshore,south_easterly_onshore,walton_lighthouse-2025-07-21_225904Z,7.903357,719.0,796.776572375978,0.9700996677740864
onshore,south_easterly_onshore,walton_lighthouse-2025-07-21_225904Z,7.903357,722.0,804.7425485077858,0.9700996677740864
onshore,south_easterly_onshore,walton_lighthouse-2025-07-21_225904Z,7.903357,725.0,812.374248933851,0.9700996677740864
onshore,south_easterly_onshore,walton_lighthouse-2025-07-21_225904Z,7.903357,729.0,819.6531179216039,0.9700996677740864
onshore,south_easterly_onshore,walton_lighthouse-2025-07-21_225904Z,7.903357,732.0,826.4857710035566,0.9700996677740864
onshore,south_easterly_onshore,walton_lighthouse-2025-07-21_225904Z,7.903357,736.0,832.7609678735041,0.9700996677740864
onshore,south_easterly_onshore,walton_lighthouse-2025-07-21_225904Z,7.903357,739.0,838.4713880295103,0.9700996677740864
onshore,south_easterly_onshore,walton_lighthouse-2025-07-21_225904Z,7.903357,743.0,843.8888268857152,0.9700996677740864
onshore,south_easterly_onshore,walton_lighthouse-2025-07-21_225904Z,7.903357,746.0,849.6131104162812,0.9700996677740864
onshore,south_easterly_onshore,walton_lighthouse-2025-07-21_225904Z,7.903357,749.0,856.1739586815612,0.9700996677740864
onshore,south_easterly_onshore,walton_lighthouse-2025-07-21_225904Z,7.903357,753.0,863.6245147057627,0.9700996677740864
onshore,south_easterly_onshore,walton_lighthouse-2025-07-21_225904Z,7.903357,756.0,871.6998725591667,0.9700996677740864
onshore,south_easterly_onshore,walton_lighthouse-2025-07-21_225904Z,7.903357,760.0,880.1537953620788,0.9700996677740864
onshore,south_easterly_onshore,walton_lighthouse-2025-07-21_225904Z,7.903357,763.0,804.3538407411842,0.9667774086378738
onshore,south_easterly_onshore,walton_lighthouse-2025-07-21_225904Z,7.903357,767.0,813.6534477120617,0.9667774086378738
onshore,south_easterly_onshore,walton_lighthouse-2025-07-21_225904Z,7.903357,770.0,823.3235287570338,0.9667774086378738
onshore,south_easterly_onshore,walton_lighthouse-2025-07-21_225904Z,7.903357,773.0,834.4157934415989,0.9700996677740864
onshore,south_easterly_onshore,walton_lighthouse-2025-07-21_225904Z,7.903357,777.0,845.1136380882706,0.9700996677740864
onshore,south_easterly_onshore,walton_lighthouse-2025-07-21_225904Z,7.903357,780.0,855.27099649242,0.9700996677740864
onshore,south_easterly_onshore,walton_lighthouse-2025-07-21_225904Z,7.903357,784.0,864.4006611114039,0.9700996677740864
onshore,south_easterly_onshore,walton_lighthouse-2025-07-21_225904Z,7.903357,787.0,2229.274197552712,0.9767441860465116
onshore,south_easterly_onshore,walton_lighthouse-2025-07-21_225904Z,7.903357,790.0,2232.496048823663,0.9767441860465116
onshore,south_easterly_onshore,walton_lighthouse-2025-07-21_225904Z,7.903357,794.0,2236.912185844416,0.9767441860465116
onshore,south_easterly_onshore,walton_lighthouse-2025-07-21_225904Z,7.903357,797.0,2243.239233646994,0.9767441860465116
onshore,south_easterly_onshore,walton_lighthouse-2025-07-21_225904Z,7.903357,801.0,2250.738950093925,0.9767441860465116
onshore,south_easterly_onshore,walton_lighthouse-2025-07-21_225904Z,7.903357,804.0,2257.4613444878632,0.9767441860465116
onshore,south_easterly_onshore,walton_lighthouse-2025-07-21_225904Z,7.903357,808.0,2261.6695395580746,0.9767441860465116
onshore,south_easterly_onshore,walton_lighthouse-2025-07-21_225904Z,7.903357,811.0,2194.7010746052097,0.973421926910299
onshore,south_easterly_onshore,walton_lighthouse-2025-07-21_225904Z,7.903357,814.0,2195.671680729737,0.973421926910299
onshore,south_easterly_onshore,walton_lighthouse-2025-07-21_225904Z,7.903357,818.0,2197.4814720874933,0.973421926910299
onshore,south_easterly_onshore,walton_lighthouse-2025-07-21_225904Z,7.903357,821.0,2200.460702478333,0.973421926910299
onshore,south_easterly_onshore,walton_lighthouse-2025-07-21_225904Z,7.903357,825.0,2204.4317394071304,0.973421926910299
onshore,south_easterly_onshore,walton_lighthouse-2025-07-21_225904Z,7.903357,828.0,2209.408066581357,0.973421926910299
onshore,south_easterly_onshore,walton_lighthouse-2025-07-21_225904Z,7.903357,832.0,2215.195334705424,0.973421926910299
onshore,south_easterly_onshore,walton_lighthouse-2025-07-21_225904Z,7.903357,835.0,2222.602518254795,0.973421926910299
onshore,south_easterly_onshore,walton_lighthouse-2025-07-21_225904Z,7.903357,838.0,2232.8041577542635,0.973421926910299
onshore,south_easterly_onshore,walton_lighthouse-2025-07-21_225904Z,7.903357,842.0,2245.1034895899943,0.973421926910299
onshore,south_easterly_onshore,walton_lighthouse-2025-07-21_225904Z,7.903357,845.0,2257.586190620596,0.973421926910299
onshore,south_easterly_onshore,walton_lighthouse-2025-07-21_225904Z,7.903357,849.0,2268.115595456258,0.973421926910299
onshore,south_easterly_onshore,walton_lighthouse-2025-07-21_225904Z,7.903357,852.0,2214.281523686252,0.9700996677740864
onshore,south_easterly_onshore,walton_lighthouse-2025-07-21_225904Z,7.903357,855.0,2218.1882545550297,0.9700996677740864
onshore,south_easterly_onshore,walton_lighthouse-2025-07-21_225904Z,7.903357,859.0,2225.3372174103015,0.9700996677740864
onshore,south_easterly_onshore,walton_lighthouse-2025-07-21_225904Z,7.903357,862.0,2247.8804211991246,0.9700996677740864
onshore,south_easterly_onshore,walton_lighthouse-2025-07-21_225904Z,7.903357,866.0,2302.4618747431955,0.9700996677740864
onshore,south_easterly_onshore,walton_lighthouse-2025-07-21_225904Z,7.903357,869.0,2394.415659613441,0.9700996677740864
onshore,south_easterly_onshore,walton_lighthouse-2025-07-21_225904Z,7.903357,873.0,2499.6476320562747,0.9700996677740864
onshore,south_easterly_onshore,walton_lighthouse-2025-07-21_225904Z,7.903357,876.0,2578.267698078172,0.9700996677740864
onshore,south_easterly_onshore,walton_lighthouse-2025-07-21_225904Z,7.903357,879.0,2637.270537131491,0.9601328903654485
onshore,south_easterly_onshore,walton_lighthouse-2025-07-21_225904Z,7.903357,883.0,2673.748936581845,0.9435215946843853
onshore,south_easterly_onshore,walton_lighthouse-2025-07-21_225904Z,7.903357,886.0,1323.4141258308914,0.893687707641196
onshore,south_easterly_onshore,walton_lighthouse-2025-07-24_182028Z,7.203588999999999,253.0,401.1672910679092,0.9986225895316805
onshore,south_easterly_onshore,walton_lighthouse-2025-07-24_182028Z,7.203588999999999,257.0,403.10623092922117,0.9986225895316805
onshore,south_easterly_onshore,walton_lighthouse-2025-07-24_182028Z,7.203588999999999,260.0,405.7270958301797,0.9986225895316805
onshore,south_easterly_onshore,walton_lighthouse-2025-07-24_182028Z,7.203588999999999,263.0,409.0965479657652,0.9986225895316805
onshore,south_easterly_onshore,walton_lighthouse-2025-07-24_182028Z,7.203588999999999,267.0,412.8011553046303,0.9986225895316805
onshore,south_easterly_onshore,walton_lighthouse-2025-07-24_182028Z,7.203588999999999,270.0,416.3397911915264,0.9986225895316805
onshore,south_easterly_onshore,walton_lighthouse-2025-07-24_182028Z,7.203588999999999,274.0,419.80244083984496,0.9986225895316805
onshore,south_easterly_onshore,walton_lighthouse-2025-07-24_182028Z,7.203588999999999,277.0,423.3775310306018,0.9986225895316805
onshore,south_easterly_onshore,walton_lighthouse-2025-07-24_182028Z,7.203588999999999,281.0,427.3542420539184,0.9986225895316805
onshore,south_easterly_onshore,walton_lighthouse-2025-07-24_182028Z,7.203588999999999,284.0,431.95651020200893,0.9986225895316805
onshore,south_easterly_onshore,walton_lighthouse-2025-07-24_182028Z,7.203588999999999,287.0,437.1497056318177,0.9986225895316805
onshore,south_easterly_onshore,walton_lighthouse-2025-07-24_182028Z,7.203588999999999,291.0,442.6963918825359,0.9986225895316805
onshore,south_easterly_onshore,walton_lighthouse-2025-07-24_182028Z,7.203588999999999,294.0,448.23724245704784,0.9986225895316805
onshore,south_easterly_onshore,walton_lighthouse-2025-07-24_182028Z,7.203588999999999,298.0,453.4534350495242,0.9986225895316805
onshore,south_easterly_onshore,walton_lighthouse-2025-07-24_182028Z,7.203588999999999,301.0,458.23125566912495,0.9986225895316805
onshore,south_easterly_onshore,walton_lighthouse-2025-07-24_182028Z,7.203588999999999,305.0,462.7130275689452,0.9986225895316805
onshore,south_easterly_onshore,walton_lighthouse-2025-07-24_182028Z,7.203588999999999,308.0,467.05571784473153,0.9986225895316805
onshore,south_easterly_onshore,walton_lighthouse-2025-07-24_182028Z,7.203588999999999,311.0,471.3221341891578,0.9986225895316805
onshore,south_easterly_onshore,walton_lighthouse-2025-07-24_182028Z,7.203588999999999,315.0,475.60683898626746,0.9986225895316805
onshore,south_easterly_onshore,walton_lighthouse-2025-07-24_182028Z,7.203588999999999,318.0,480.0349590788359,0.9986225895316805
onshore,south_easterly_onshore,walton_lighthouse-2025-07-24_182028Z,7.203588999999999,322.0,484.72020473613685,0.9986225895316805
onshore,south_easterly_onshore,walton_lighthouse-2025-07-24_182028Z,7.203588999999999,325.0,489.65896319981687,0.9986225895316805
onshore,south_easterly_onshore,walton_lighthouse-2025-07-24_182028Z,7.203588999999999,329.0,494.68706976008826,0.9986225895316805
onshore,south_easterly_onshore,walton_lighthouse-2025-07-24_182028Z,7.203588999999999,332.0,499.5745238075419,0.9986225895316805
onshore,south_easterly_onshore,walton_lighthouse-2025-07-24_182028Z,7.203588999999999,335.0,504.13793188185525,0.9986225895316805
onshore,south_easterly_onshore,walton_lighthouse-2025-07-24_182028Z,7.203588999999999,339.0,508.3323834220391,0.9986225895316805
onshore,south_easterly_onshore,walton_lighthouse-2025-07-24_182028Z,7.203588999999999,342.0,512.2527723555471,0.9986225895316805
onshore,south_easterly_onshore,walton_lighthouse-2025-07-24_182028Z,7.203588999999999,346.0,516.0328395721821,0.9986225895316805
onshore,south_easterly_onshore,walton_lighthouse-2025-07-24_182028Z,7.203588999999999,349.0,519.7531812395764,0.9986225895316805
onshore,south_easterly_onshore,walton_lighthouse-2025-07-24_182028Z,7.203588999999999,352.0,523.4553849636767,0.9986225895316805
onshore,south_easterly_onshore,walton_lighthouse-2025-07-24_182028Z,7.203588999999999,356.0,527.1607886804494,0.9986225895316805
onshore,south_easterly_onshore,walton_lighthouse-2025-07-24_182028Z,7.203588999999999,359.0,530.8603640290181,0.9986225895316805
onshore,south_easterly_onshore,walton_lighthouse-2025-07-24_182028Z,7.203588999999999,363.0,534.5541070661242,0.9986225895316805
onshore,south_easterly_onshore,walton_lighthouse-2025-07-24_182028Z,7.203588999999999,366.0,538.2776805802605,0.9986225895316805
onshore,south_easterly_onshore,walton_lighthouse-2025-07-24_182028Z,7.203588999999999,370.0,542.0912437389436,0.9986225895316805
onshore,south_easterly_onshore,walton_lighthouse-2025-07-24_182028Z,7.203588999999999,373.0,546.0534079900617,0.9986225895316805
onshore,south_easterly_onshore,walton_lighthouse-2025-07-24_182028Z,7.203588999999999,376.0,550.2059134858987,0.9986225895316805
onshore,south_easterly_onshore,walton_lighthouse-2025-07-24_182028Z,7.203588999999999,380.0,554.5595360566731,0.9986225895316805
onshore,south_easterly_onshore,walton_lighthouse-2025-07-24_182028Z,7.203588999999999,383.0,559.1129309038978,0.9986225895316805
onshore,south_easterly_onshore,walton_lighthouse-2025-07-24_182028Z,7.203588999999999,387.0,563.8673537971634,0.9986225895316805
onshore,south_easterly_onshore,walton_lighthouse-2025-07-24_182028Z,7.203588999999999,390.0,568.8184294441523,0.9986225895316805
onshore,south_easterly_onshore,walton_lighthouse-2025-07-24_182028Z,7.203588999999999,394.0,573.9412703503093,0.9986225895316805
onshore,south_easterly_onshore,walton_lighthouse-2025-07-24_182028Z,7.203588999999999,397.0,579.2109419217526,0.9986225895316805
onshore,south_easterly_onshore,walton_lighthouse-2025-07-24_182028Z,7.203588999999999,400.0,584.6359041880503,0.9986225895316805
onshore,south_easterly_onshore,walton_lighthouse-2025-07-24_182028Z,7.203588999999999,404.0,590.2413082122613,0.9986225895316805
onshore,south_easterly_onshore,walton_lighthouse-2025-07-24_182028Z,7.203588999999999,407.0,596.0571399165759,0.9986225895316805
onshore,south_easterly_onshore,walton_lighthouse-2025-07-24_182028Z,7.203588999999999,411.0,602.1032451451858,0.9986225895316805
onshore,south_easterly_onshore,walton_lighthouse-2025-07-24_182028Z,7.203588999999999,414.0,608.3744824289812,0.9986225895316805
onshore,south_easterly_onshore,walton_lighthouse-2025-07-24_182028Z,7.203588999999999,417.0,614.8260600888261,0.9986225895316805
onshore,south_easterly_onshore,walton_lighthouse-2025-07-24_182028Z,7.203588999999999,421.0,621.3866003908471,0.9986225895316805
onshore,south_easterly_onshore,walton_lighthouse-2025-07-24_182028Z,7.203588999999999,424.0,627.9524134284857,0.9986225895316805
onshore,south_easterly_onshore,walton_lighthouse-2025-07-24_182028Z,7.203588999999999,428.0,634.391278173068,0.9986225895316805
onshore,south_easterly_onshore,walton_lighthouse-2025-07-24_182028Z,7.203588999999999,431.0,640.6455394617082,0.9986225895316805
onshore,south_easterly_onshore,walton_lighthouse-2025-07-24_182028Z,7.203588999999999,435.0,646.7935312056109,0.9986225895316805
onshore,south_easterly_onshore,walton_lighthouse-2025-07-24_182028Z,7.203588999999999,438.0,652.9500315840293,0.9986225895316805
onshore,south_easterly_onshore,walton_lighthouse-2025-07-24_182028Z,7.203588999999999,441.0,659.1304960450731,0.9986225895316805
onshore,south_easterly_onshore,walton_lighthouse-2025-07-24_182028Z,7.203588999999999,445.0,665.168589546953,0.9986225895316805
onshore,south_easterly_onshore,walton_lighthouse-2025-07-24_182028Z,7.203588999999999,448.0,670.7489536414682,0.9986225895316805
onshore,south_easterly_onshore,walton_lighthouse-2025-07-24_182028Z,7.203588999999999,452.0,675.5953784569535,0.9986225895316805
onshore,south_easterly_onshore,walton_lighthouse-2025-07-24_182028Z,7.203588999999999,455.0,679.6608118308318,0.9986225895316805
onshore,south_easterly_onshore,walton_lighthouse-2025-07-24_182028Z,7.203588999999999,459.0,683.1485811779315,0.9986225895316805
onshore,south_easterly_onshore,walton_lighthouse-2025-07-24_182028Z,7.203588999999999,462.0,686.3491946816125,0.9986225895316805
onshore,south_easterly_onshore,walton_lighthouse-2025-07-24_182028Z,7.203588999999999,465.0,689.4580976665745,0.9986225895316805
onshore,south_easterly_onshore,walton_lighthouse-2025-07-24_182028Z,7.203588999999999,469.0,692.4891870277497,0.9986225895316805
onshore,south_easterly_onshore,walton_lighthouse-2025-07-24_182028Z,7.203588999999999,472.0,695.3857194113762,0.9986225895316805
onshore,south_easterly_onshore,walton_lighthouse-2025-07-24_182028Z,7.203588999999999,476.0,698.1572236940752,0.9986225895316805
onshore,south_easterly_onshore,walton_lighthouse-2025-07-24_182028Z,7.203588999999999,479.0,700.8005349524141,0.9986225895316805
onshore,south_easterly_onshore,walton_lighthouse-2025-07-24_182028Z,7.203588999999999,482.0,703.2858709601536,0.9986225895316805
onshore,south_easterly_onshore,walton_lighthouse-2025-07-24_182028Z,7.203588999999999,486.0,705.6362505145694,0.9986225895316805
onshore,south_easterly_onshore,walton_lighthouse-2025-07-24_182028Z,7.203588999999999,489.0,707.9350047255314,0.9986225895316805
onshore,south_easterly_onshore,walton_lighthouse-2025-07-24_182028Z,7.203588999999999,493.0,710.2627776291762,0.9986225895316805
onshore,south_easterly_onshore,walton_lighthouse-2025-07-24_182028Z,7.203588999999999,496.0,712.6310005160794,0.9986225895316805
onshore,south_easterly_onshore,walton_lighthouse-2025-07-24_182028Z,7.203588999999999,500.0,715.0247390690893,0.9986225895316805
onshore,south_easterly_onshore,walton_lighthouse-2025-07-24_182028Z,7.203588999999999,503.0,717.437995972686,0.9986225895316805
onshore,south_easterly_onshore,walton_lighthouse-2025-07-24_182028Z,7.203588999999999,506.0,719.8299120249997,0.9986225895316805
onshore,south_easterly_onshore,walton_lighthouse-2025-07-24_182028Z,7.203588999999999,510.0,722.1315369742235,0.9986225895316805
onshore,south_easterly_onshore,walton_lighthouse-2025-07-24_182028Z,7.203588999999999,513.0,724.3116661486209,0.9986225895316805
onshore,south_easterly_onshore,walton_lighthouse-2025-07-24_182028Z,7.203588999999999,517.0,726.4081965102613,0.9986225895316805
onshore,south_easterly_onshore,walton_lighthouse-2025-07-24_182028Z,7.203588999999999,520.0,728.5411787914913,0.9986225895316805
onshore,south_easterly_onshore,walton_lighthouse-2025-07-24_182028Z,7.203588999999999,524.0,730.9008952153692,0.9986225895316805
onshore,south_easterly_onshore,walton_lighthouse-2025-07-24_182028Z,7.203588999999999,527.0,733.6602593556993,0.9986225895316805
onshore,south_easterly_onshore,walton_lighthouse-2025-07-24_182028Z,7.203588999999999,530.0,736.8748485281687,0.9986225895316805
onshore,south_easterly_onshore,walton_lighthouse-2025-07-24_182028Z,7.203588999999999,534.0,740.4852146356504,0.9986225895316805
onshore,south_easterly_onshore,walton_lighthouse-2025-07-24_182028Z,7.203588999999999,537.0,744.394631673458,0.9986225895316805
onshore,south_easterly_onshore,walton_lighthouse-2025-07-24_182028Z,7.203588999999999,541.0,748.5521320289996,0.9986225895316805
onshore,south_easterly_onshore,walton_lighthouse-2025-07-24_182028Z,7.203588999999999,544.0,752.9696557750498,0.9986225895316805
onshore,south_easterly_onshore,walton_lighthouse-2025-07-24_182028Z,7.203588999999999,548.0,757.684563747448,0.9986225895316805
onshore,south_easterly_onshore,walton_lighthouse-2025-07-24_182028Z,7.203588999999999,551.0,762.7162109752144,0.9986225895316805
onshore,south_easterly_onshore,walton_lighthouse-2025-07-24_182028Z,7.203588999999999,554.0,768.0413428633615,0.9986225895316805
onshore,south_easterly_onshore,walton_lighthouse-2025-07-24_182028Z,7.203588999999999,558.0,773.6313506690549,0.9986225895316805
onshore,south_easterly_onshore,walton_lighthouse-2025-07-24_182028Z,7.203588999999999,561.0,779.4971048581741,0.9986225895316805
onshore,south_easterly_onshore,walton_lighthouse-2025-07-24_182028Z,7.203588999999999,565.0,785.6790280266541,0.9986225895316805
onshore,south_easterly_onshore,walton_lighthouse-2025-07-24_182028Z,7.203588999999999,568.0,792.199097348433,0.9986225895316805
onshore,south_easterly_onshore,walton_lighthouse-2025-07-24_182028Z,7.203588999999999,571.0,799.0456115794259,0.9986225895316805
onshore,south_easterly_onshore,walton_lighthouse-2025-07-24_182028Z,7.203588999999999,575.0,806.1763341263279,0.9986225895316805
onshore,south_easterly_onshore,walton_lighthouse-2025-07-24_182028Z,7.203588999999999,578.0,813.5565234524327,0.9986225895316805
onshore,south_easterly_onshore,walton_lighthouse-2025-07-24_182028Z,7.203588999999999,582.0,821.1941829502974,0.9986225895316805
onshore,south_easterly_onshore,walton_lighthouse-2025-07-24_182028Z,7.203588999999999,585.0,829.1253952195068,0.9986225895316805
onshore,south_easterly_onshore,walton_lighthouse-2025-07-24_182028Z,7.203588999999999,589.0,837.3790479595731,0.9986225895316805
onshore,south_easterly_onshore,walton_lighthouse-2025-07-24_182028Z,7.203588999999999,592.0,845.9621707618625,0.9986225895316805
onshore,south_easterly_onshore,walton_lighthouse-2025-07-24_182028Z,7.203588999999999,595.0,854.8874403422051,0.9986225895316805
onshore,south_easterly_onshore,walton_lighthouse-2025-07-24_182028Z,7.203588999999999,599.0,864.2004679867529,0.9986225895316805
onshore,south_easterly_onshore,walton_lighthouse-2025-07-24_182028Z,7.203588999999999,602.0,873.9775268168222,0.9986225895316805
onshore,south_easterly_onshore,walton_lighthouse-2025-07-24_182028Z,7.203588999999999,606.0,884.3727880435906,0.9986225895316805
onshore,south_easterly_onshore,walton_lighthouse-2025-07-24_182028Z,7.203588999999999,609.0,895.6159459459939,0.9986225895316805
onshore,south_easterly_onshore,walton_lighthouse-2025-07-24_182028Z,7.203588999999999,613.0,907.8605770183906,0.9986225895316805
onshore,south_easterly_onshore,walton_lighthouse-2025-07-24_182028Z,7.203588999999999,616.0,920.6894632003853,0.9986225895316805
onshore,south_easterly_onshore,walton_lighthouse-2025-07-24_182028Z,7.203588999999999,619.0,933.4130836432149,0.9986225895316805
onshore,south_easterly_onshore,walton_lighthouse-2025-07-24_182028Z,7.203588999999999,623.0,945.6641870911601,0.9986225895316805
onshore,south_easterly_onshore,walton_lighthouse-2025-07-24_182028Z,7.203588999999999,626.0,896.1867121627256,0.9972451790633609
onshore,south_easterly_onshore,walton_lighthouse-2025-07-24_182028Z,7.203588999999999,630.0,906.5219306728143,0.9972451790633609
onshore,south_easterly_onshore,walton_lighthouse-2025-07-24_182028Z,7.203588999999999,633.0,916.8639793207722,0.9972451790633609
onshore,south_easterly_onshore,walton_lighthouse-2025-07-24_182028Z,7.203588999999999,636.0,927.365917161055,0.9972451790633609
onshore,south_easterly_onshore,walton_lighthouse-2025-07-24_182028Z,7.203588999999999,640.0,878.8846599174716,0.9958677685950413
onshore,south_easterly_onshore,walton_lighthouse-2025-07-24_182028Z,7.203588999999999,643.0,889.4548226104837,0.9958677685950413
onshore,south_easterly_onshore,walton_lighthouse-2025-07-24_182028Z,7.203588999999999,647.0,900.0987518166081,0.9958677685950413
onshore,south_easterly_onshore,walton_lighthouse-2025-07-24_182028Z,7.203588999999999,650.0,910.8775810135448,0.9958677685950413
onshore,south_easterly_onshore,walton_lighthouse-2025-07-24_182028Z,7.203588999999999,654.0,921.9745877498497,0.9958677685950413
onshore,south_easterly_onshore,walton_lighthouse-2025-07-24_182028Z,7.203588999999999,657.0,933.4022104867423,0.9958677685950413
onshore,south_easterly_onshore,walton_lighthouse-2025-07-24_182028Z,7.203588999999999,660.0,945.0834934727094,0.9958677685950413
onshore,south_easterly_onshore,walton_lighthouse-2025-07-24_182028Z,7.203588999999999,664.0,956.9674610926485,0.9958677685950413
onshore,south_easterly_onshore,walton_lighthouse-2025-07-24_182028Z,7.203588999999999,667.0,912.9742409860015,0.9944903581267218
onshore,south_easterly_onshore,walton_lighthouse-2025-07-24_182028Z,7.203588999999999,671.0,925.3950075055919,0.9944903581267218
onshore,south_easterly_onshore,walton_lighthouse-2025-07-24_182028Z,7.203588999999999,674.0,883.5193452320311,0.9931129476584022
onshore,south_easterly_onshore,walton_lighthouse-2025-07-24_182028Z,7.203588999999999,678.0,897.9732717393125,0.9931129476584022
onshore,south_easterly_onshore,walton_lighthouse-2025-07-24_182028Z,7.203588999999999,681.0,913.5111619696456,0.9931129476584022
onshore,south_easterly_onshore,walton_lighthouse-2025-07-24_182028Z,7.203588999999999,684.0,929.892009506848,0.9931129476584022
onshore,south_easterly_onshore,walton_lighthouse-2025-07-24_182028Z,7.203588999999999,688.0,946.844334873261,0.9931129476584022
onshore,south_easterly_onshore,walton_lighthouse-2025-07-24_182028Z,7.203588999999999,691.0,964.1093297708368,0.9931129476584022
onshore,south_easterly_onshore,walton_lighthouse-2025-07-24_182028Z,7.203588999999999,695.0,981.439261602532,0.9931129476584022
onshore,south_easterly_onshore,walton_lighthouse-2025-07-24_182028Z,7.203588999999999,698.0,998.5393419111418,0.9931129476584022
onshore,south_easterly_onshore,walton_lighthouse-2025-07-24_182028Z,7.203588999999999,701.0,1015.0615759458882,0.9931129476584022
onshore,south_easterly_onshore,walton_lighthouse-2025-07-24_182028Z,7.203588999999999,705.0,1030.6794213347189,0.9931129476584022
onshore,south_easterly_onshore,walton_lighthouse-2025-07-24_182028Z,7.203588999999999,708.0,1045.255285257665,0.9931129476584022
onshore,south_easterly_onshore,walton_lighthouse-2025-07-24_182028Z,7.203588999999999,712.0,1058.742207753089,0.9931129476584022
onshore,south_easterly_onshore,walton_lighthouse-2025-07-24_182028Z,7.203588999999999,715.0,1071.1533872038985,0.9931129476584022
onshore,south_easterly_onshore,walton_lighthouse-2025-07-24_182028Z,7.203588999999999,719.0,1082.7034138875822,0.9931129476584022
onshore,south_easterly_onshore,walton_lighthouse-2025-07-24_182028Z,7.203588999999999,722.0,1093.6967096248904,0.9931129476584022
onshore,south_easterly_onshore,walton_lighthouse-2025-07-24_182028Z,7.203588999999999,725.0,1104.4243649071516,0.9931129476584022
onshore,south_easterly_onshore,walton_lighthouse-2025-07-24_182028Z,7.203588999999999,729.0,1115.1447946494236,0.9931129476584022
onshore,south_easterly_onshore,walton_lighthouse-2025-07-24_182028Z,7.203588999999999,732.0,1126.1625234497303,0.9931129476584022
onshore,south_easterly_onshore,walton_lighthouse-2025-07-24_182028Z,7.203588999999999,736.0,1137.6716066410497,0.9931129476584022
onshore,south_easterly_onshore,walton_lighthouse-2025-07-24_182028Z,7.203588999999999,739.0,1149.6349886009377,0.9931129476584022
onshore,south_easterly_onshore,walton_lighthouse-2025-07-24_182028Z,7.203588999999999,743.0,1161.8379155979653,0.9931129476584022
onshore,south_easterly_onshore,walton_lighthouse-2025-07-24_182028Z,7.203588999999999,746.0,1173.996137668454,0.9931129476584022
onshore,south_easterly_onshore,walton_lighthouse-2025-07-24_182028Z,7.203588999999999,749.0,1185.9033605720274,0.9931129476584022
onshore,south_easterly_onshore,walton_lighthouse-2025-07-24_182028Z,7.203588999999999,753.0,1197.5250002227567,0.9931129476584022
onshore,south_easterly_onshore,walton_lighthouse-2025-07-24_182028Z,7.203588999999999,756.0,1208.9340692740573,0.9931129476584022
onshore,south_easterly_onshore,walton_lighthouse-2025-07-24_182028Z,7.203588999999999,760.0,1172.960390928716,0.9917355371900827
onshore,south_easterly_onshore,walton_lighthouse-2025-07-24_182028Z,7.203588999999999,763.0,1183.8462880331456,0.9917355371900827
onshore,south_easterly_onshore,walton_lighthouse-2025-07-24_182028Z,7.203588999999999,767.0,1194.657939570944,0.9917355371900827
onshore,south_easterly_onshore,walton_lighthouse-2025-07-24_182028Z,7.203588999999999,770.0,1205.533571975505,0.9917355371900827
onshore,south_easterly_onshore,walton_lighthouse-2025-07-24_182028Z,7.203588999999999,773.0,1216.555842779319,0.9917355371900827
onshore,south_easterly_onshore,walton_lighthouse-2025-07-24_182028Z,7.203588999999999,777.0,1227.8124778130716,0.9917355371900827
onshore,south_easterly_onshore,walton_lighthouse-2025-07-24_182028Z,7.203588999999999,780.0,1239.3154571912096,0.9917355371900827
onshore,south_easterly_onshore,walton_lighthouse-2025-07-24_182028Z,7.203588999999999,784.0,1251.0507225546205,0.9917355371900827
onshore,south_easterly_onshore,walton_lighthouse-2025-07-24_182028Z,7.203588999999999,787.0,1262.9985909466488,0.9917355371900827
onshore,south_easterly_onshore,walton_lighthouse-2025-07-24_182028Z,7.203588999999999,790.0,1275.1118930662426,0.9917355371900827
onshore,south_easterly_onshore,walton_lighthouse-2025-07-24_182028Z,7.203588999999999,794.0,1287.4358497803705,0.9917355371900827
onshore,south_easterly_onshore,walton_lighthouse-2025-07-24_182028Z,7.203588999999999,797.0,1299.9903173980485,0.9917355371900827
onshore,south_easterly_onshore,walton_lighthouse-2025-07-24_182028Z,7.203588999999999,801.0,1312.8156916580624,0.9917355371900827
onshore,south_easterly_onshore,walton_lighthouse-2025-07-24_182028Z,7.203588999999999,804.0,1325.9250327438672,0.9917355371900827
onshore,south_easterly_onshore,walton_lighthouse-2025-07-24_182028Z,7.203588999999999,808.0,1295.1762747887924,0.990358126721763
onshore,south_easterly_onshore,walton_lighthouse-2025-07-24_182028Z,7.203588999999999,811.0,1305.9815140585347,0.9917355371900827
onshore,south_easterly_onshore,walton_lighthouse-2025-07-24_182028Z,7.203588999999999,814.0,1317.7447171103963,0.9917355371900827
onshore,south_easterly_onshore,walton_lighthouse-2025-07-24_182028Z,7.203588999999999,818.0,1328.4953197028892,0.9917355371900827
onshore,south_easterly_onshore,walton_lighthouse-2025-07-24_182028Z,7.203588999999999,821.0,1338.3866662634575,0.9917355371900827
onshore,south_easterly_onshore,walton_lighthouse-2025-07-24_182028Z,7.203588999999999,825.0,1347.6888823090947,0.9917355371900827
onshore,south_easterly_onshore,walton_lighthouse-2025-07-24_182028Z,7.203588999999999,828.0,1353.5607942162278,0.9917355371900827
onshore,south_easterly_onshore,walton_lighthouse-2025-07-24_182028Z,7.203588999999999,832.0,1357.9911315970237,0.9917355371900827
onshore,south_easterly_onshore,walton_lighthouse-2025-07-24_182028Z,7.203588999999999,835.0,1379.8320702631331,0.9917355371900827
onshore,south_easterly_onshore,walton_lighthouse-2025-07-24_182028Z,7.203588999999999,838.0,1438.9211661932898,0.9917355371900827
onshore,south_easterly_onshore,walton_lighthouse-2025-07-24_182028Z,7.203588999999999,842.0,1523.4344190913648,0.9917355371900827
onshore,south_easterly_onshore,walton_lighthouse-2025-07-24_182028Z,7.203588999999999,845.0,1603.8583756419832,0.9917355371900827
onshore,south_easterly_onshore,walton_lighthouse-2025-07-24_182028Z,7.203588999999999,849.0,1691.391133378831,0.9917355371900827
onshore,south_easterly_onshore,walton_lighthouse-2025-07-24_182028Z,7.203588999999999,852.0,1826.0001323266831,0.9917355371900827
onshore,south_easterly_onshore,walton_lighthouse-2025-07-24_182028Z,7.203588999999999,855.0,2003.558657627729,0.990358126721763
onshore,south_easterly_onshore,walton_lighthouse-2025-07-24_182028Z,7.203588999999999,859.0,2190.768752212007,0.990358126721763
onshore,south_easterly_onshore,walton_lighthouse-2025-07-24_182028Z,7.203588999999999,862.0,2362.2629121850778,0.990358126721763
onshore,south_easterly_onshore,walton_lighthouse-2025-07-24_182028Z,7.203588999999999,866.0,2519.7183200820164,0.990358126721763
onshore,south_easterly_onshore,walton_lighthouse-2025-07-24_182028Z,7.203588999999999,869.0,2627.5732496001215,0.9889807162534435
onshore,south_easterly_onshore,walton_lighthouse-2025-07-24_182028Z,7.203588999999999,873.0,2746.7156753480217,0.987603305785124
onshore,south_easterly_onshore,walton_lighthouse-2025-07-24_182028Z,7.203588999999999,876.0,2841.491037939604,0.9862258953168044
onshore,south_easterly_onshore,walton_lighthouse-2025-07-24_182028Z,7.203588999999999,879.0,2907.3182781619794,0.9696969696969697
onshore,south_easterly_onshore,walton_lighthouse-2025-07-24_182028Z,7.203588999999999,883.0,2851.2758007911557,0.9338842975206612
onshore,south_easterly_onshore,walton_lighthouse-2025-07-24_182028Z,7.203588999999999,886.0,2901.535457362844,0.859504132231405
onshore,south_easterly_onshore,walton_lighthouse-2025-11-13_002142Z,8.168636000000001,253.0,30.911888494791746,0.9905865314989138
onshore,south_easterly_onshore,walton_lighthouse-2025-11-13_002142Z,8.168636000000001,257.0,31.123420324684005,0.9905865314989138
onshore,south_easterly_onshore,walton_lighthouse-2025-11-13_002142Z,8.168636000000001,260.0,31.39603420463538,0.9905865314989138
onshore,south_easterly_onshore,walton_lighthouse-2025-11-13_002142Z,8.168636000000001,263.0,31.729208126655355,0.9905865314989138
onshore,south_easterly_onshore,walton_lighthouse-2025-11-13_002142Z,8.168636000000001,267.0,32.061220198539964,0.9905865314989138
onshore,south_easterly_onshore,walton_lighthouse-2025-11-13_002142Z,8.168636000000001,270.0,32.3268511559784,0.9905865314989138
onshore,south_easterly_onshore,walton_lighthouse-2025-11-13_002142Z,8.168636000000001,274.0,32.54843597538259,0.9905865314989138
onshore,south_easterly_onshore,walton_lighthouse-2025-11-13_002142Z,8.168636000000001,277.0,32.771094328759546,0.9905865314989138
onshore,south_easterly_onshore,walton_lighthouse-2025-11-13_002142Z,8.168636000000001,281.0,33.02630627835641,0.9905865314989138
onshore,south_easterly_onshore,walton_lighthouse-2025-11-13_002142Z,8.168636000000001,284.0,33.30882722647991,0.9905865314989138
onshore,south_easterly_onshore,walton_lighthouse-2025-11-13_002142Z,8.168636000000001,287.0,33.59865090958611,0.9905865314989138
onshore,south_easterly_onshore,walton_lighthouse-2025-11-13_002142Z,8.168636000000001,291.0,33.888683800259585,0.9905865314989138
onshore,south_easterly_onshore,walton_lighthouse-2025-11-13_002142Z,8.168636000000001,294.0,34.183174521408574,0.9905865314989138
onshore,south_easterly_onshore,walton_lighthouse-2025-11-13_002142Z,8.168636000000001,298.0,34.49269174693604,0.9898624185372918
onshore,south_easterly_onshore,walton_lighthouse-2025-11-13_002142Z,8.168636000000001,301.0,34.82445807458127,0.9898624185372918
onshore,south_easterly_onshore,walton_lighthouse-2025-11-13_002142Z,8.168636000000001,305.0,35.189990574948084,0.9898624185372918
onshore,south_easterly_onshore,walton_lighthouse-2025-11-13_002142Z,8.168636000000001,308.0,35.5936142006173,0.9898624185372918
onshore,south_easterly_onshore,walton_lighthouse-2025-11-13_002142Z,8.168636000000001,311.0,36.041197685450896,0.9898624185372918
onshore,south_easterly_onshore,walton_lighthouse-2025-11-13_002142Z,8.168636000000001,315.0,36.54009674005944,0.9898624185372918
onshore,south_easterly_onshore,walton_lighthouse-2025-11-13_002142Z,8.168636000000001,318.0,37.106857347409765,0.9898624185372918
onshore,south_easterly_onshore,walton_lighthouse-2025-11-13_002142Z,8.168636000000001,322.0,38.69039210959503,0.9898624185372918
onshore,south_easterly_onshore,walton_lighthouse-2025-11-13_002142Z,8.168636000000001,325.0,38.606372304629325,0.9891383055756698
onshore,south_easterly_onshore,walton_lighthouse-2025-11-13_002142Z,8.168636000000001,329.0,39.57933385615787,0.9891383055756698
onshore,south_easterly_onshore,walton_lighthouse-2025-11-13_002142Z,8.168636000000001,332.0,508.8692264831152,0.9905865314989138
onshore,south_easterly_onshore,walton_lighthouse-2025-11-13_002142Z,8.168636000000001,335.0,534.796641390354,0.9905865314989138
onshore,south_easterly_onshore,walton_lighthouse-2025-11-13_002142Z,8.168636000000001,339.0,533.7492856078378,0.9905865314989138
onshore,south_easterly_onshore,walton_lighthouse-2025-11-13_002142Z,8.168636000000001,342.0,531.994278540432,0.9905865314989138
onshore,south_easterly_onshore,walton_lighthouse-2025-11-13_002142Z,8.168636000000001,346.0,529.8812122526713,0.9905865314989138
onshore,south_easterly_onshore,walton_lighthouse-2025-11-13_002142Z,8.168636000000001,349.0,527.8641176370454,0.9905865314989138
onshore,south_easterly_onshore,walton_lighthouse-2025-11-13_002142Z,8.168636000000001,352.0,525.8162590431742,0.9905865314989138
onshore,south_easterly_onshore,walton_lighthouse-2025-11-13_002142Z,8.168636000000001,356.0,523.3606881198734,0.9905865314989138
onshore,south_easterly_onshore,walton_lighthouse-2025-11-13_002142Z,8.168636000000001,359.0,520.139216560628,0.9905865314989138
onshore,south_easterly_onshore,walton_lighthouse-2025-11-13_002142Z,8.168636000000001,363.0,516.0775847785583,0.9905865314989138
onshore,south_easterly_onshore,walton_lighthouse-2025-11-13_002142Z,8.168636000000001,366.0,511.4103918148917,0.9905865314989138
onshore,south_easterly_onshore,walton_lighthouse-2025-11-13_002142Z,8.168636000000001,370.0,506.51324505051906,0.9905865314989138
onshore,south_easterly_onshore,walton_lighthouse-2025-11-13_002142Z,8.168636000000001,373.0,501.7238394222152,0.9905865314989138
onshore,south_easterly_onshore,walton_lighthouse-2025-11-13_002142Z,8.168636000000001,376.0,497.2469294215669,0.9905865314989138
onshore,south_easterly_onshore,walton_lighthouse-2025-11-13_002142Z,8.168636000000001,380.0,493.24836081449365,0.9905865314989138
onshore,south_easterly_onshore,walton_lighthouse-2025-11-13_002142Z,8.168636000000001,383.0,489.93319855142533,0.9905865314989138
onshore,south_easterly_onshore,walton_lighthouse-2025-11-13_002142Z,8.168636000000001,387.0,487.4362393429986,0.9905865314989138
onshore,south_easterly_onshore,walton_lighthouse-2025-11-13_002142Z,8.168636000000001,390.0,485.7407491906426,0.9905865314989138
onshore,south_easterly_onshore,walton_lighthouse-2025-11-13_002142Z,8.168636000000001,394.0,484.6980994983271,0.9905865314989138
onshore,south_easterly_onshore,walton_lighthouse-2025-11-13_002142Z,8.168636000000001,397.0,469.4808215230417,0.9905865314989138
onshore,south_easterly_onshore,walton_lighthouse-2025-11-13_002142Z,8.168636000000001,400.0,423.74634838141674,0.9905865314989138
onshore,south_easterly_onshore,walton_lighthouse-2025-11-13_002142Z,8.168636000000001,404.0,361.60761103186974,0.9905865314989138
onshore,south_easterly_onshore,walton_lighthouse-2025-11-13_002142Z,8.168636000000001,407.0,313.7024609827967,0.9905865314989138
onshore,south_easterly_onshore,walton_lighthouse-2025-11-13_002142Z,8.168636000000001,411.0,280.14434714825813,0.9905865314989138
onshore,south_easterly_onshore,walton_lighthouse-2025-11-13_002142Z,8.168636000000001,414.0,234.97291813349415,0.9905865314989138
onshore,south_easterly_onshore,walton_lighthouse-2025-11-13_002142Z,8.168636000000001,417.0,178.11386012552956,0.9905865314989138
onshore,south_easterly_onshore,walton_lighthouse-2025-11-13_002142Z,8.168636000000001,421.0,135.2028034684193,0.9905865314989138
onshore,south_easterly_onshore,walton_lighthouse-2025-11-13_002142Z,8.168636000000001,424.0,120.10850189903401,0.9905865314989138
onshore,south_easterly_onshore,walton_lighthouse-2025-11-13_002142Z,8.168636000000001,428.0,122.66472816656639,0.9905865314989138
onshore,south_easterly_onshore,walton_lighthouse-2025-11-13_002142Z,8.168636000000001,431.0,129.05737292936598,0.9920347574221579
onshore,south_easterly_onshore,walton_lighthouse-2025-11-13_002142Z,8.168636000000001,435.0,135.30912118467597,0.9920347574221579
onshore,south_easterly_onshore,walton_lighthouse-2025-11-13_002142Z,8.168636000000001,438.0,141.3939289307106,0.9920347574221579
onshore,south_easterly_onshore,walton_lighthouse-2025-11-13_002142Z,8.168636000000001,441.0,147.33886716516008,0.9920347574221579
onshore,south_easterly_onshore,walton_lighthouse-2025-11-13_002142Z,8.168636000000001,445.0,153.25894825207217,0.9920347574221579
onshore,south_easterly_onshore,walton_lighthouse-2025-11-13_002142Z,8.168636000000001,448.0,159.26824196307018,0.9920347574221579
onshore,south_easterly_onshore,walton_lighthouse-2025-11-13_002142Z,8.168636000000001,452.0,165.4440695158623,0.9920347574221579
onshore,south_easterly_onshore,walton_lighthouse-2025-11-13_002142Z,8.168636000000001,455.0,171.8375084839883,0.9920347574221579
onshore,south_easterly_onshore,walton_lighthouse-2025-11-13_002142Z,8.168636000000001,459.0,178.44874641612583,0.9920347574221579
onshore,south_easterly_onshore,walton_lighthouse-2025-11-13_002142Z,8.168636000000001,462.0,185.22014285989843,0.9920347574221579
onshore,south_easterly_onshore,walton_lighthouse-2025-11-13_002142Z,8.168636000000001,465.0,192.0887231739408,0.9920347574221579
onshore,south_easterly_onshore,walton_lighthouse-2025-11-13_002142Z,8.168636000000001,469.0,199.08857266254537,0.9920347574221579
onshore,south_easterly_onshore,walton_lighthouse-2025-11-13_002142Z,8.168636000000001,472.0,206.4185363694948,0.9920347574221579
onshore,south_easterly_onshore,walton_lighthouse-2025-11-13_002142Z,8.168636000000001,476.0,214.32643636574096,0.9920347574221579
onshore,south_easterly_onshore,walton_lighthouse-2025-11-13_002142Z,8.168636000000001,479.0,222.87761984230173,0.9920347574221579
onshore,south_easterly_onshore,walton_lighthouse-2025-11-13_002142Z,8.168636000000001,482.0,231.87670711753057,0.9920347574221579
onshore,south_easterly_onshore,walton_lighthouse-2025-11-13_002142Z,8.168636000000001,486.0,241.14123261205293,0.9920347574221579
onshore,south_easterly_onshore,walton_lighthouse-2025-11-13_002142Z,8.168636000000001,489.0,250.669272890862,0.9920347574221579
onshore,south_easterly_onshore,walton_lighthouse-2025-11-13_002142Z,8.168636000000001,493.0,260.43543937488676,0.9920347574221579
onshore,south_easterly_onshore,walton_lighthouse-2025-11-13_002142Z,8.168636000000001,496.0,270.3875724575724,0.9920347574221579
onshore,south_easterly_onshore,walton_lighthouse-2025-11-13_002142Z,8.168636000000001,500.0,280.73063149166234,0.9920347574221579
onshore,south_easterly_onshore,walton_lighthouse-2025-11-13_002142Z,8.168636000000001,503.0,291.9632738053405,0.9920347574221579
onshore,south_easterly_onshore,walton_lighthouse-2025-11-13_002142Z,8.168636000000001,506.0,304.5802088285979,0.9920347574221579
onshore,south_easterly_onshore,walton_lighthouse-2025-11-13_002142Z,8.168636000000001,510.0,318.74972484289475,0.9920347574221579
onshore,south_easterly_onshore,walton_lighthouse-2025-11-13_002142Z,8.168636000000001,513.0,333.9332096738913,0.9920347574221579
onshore,south_easterly_onshore,walton_lighthouse-2025-11-13_002142Z,8.168636000000001,517.0,349.0036476031317,0.9920347574221579
onshore,south_easterly_onshore,walton_lighthouse-2025-11-13_002142Z,8.168636000000001,520.0,363.10084132764484,0.9920347574221579
onshore,south_easterly_onshore,walton_lighthouse-2025-11-13_002142Z,8.168636000000001,524.0,376.1683676826074,0.9927588703837799
onshore,south_easterly_onshore,walton_lighthouse-2025-11-13_002142Z,8.168636000000001,527.0,388.73068341483093,0.9927588703837799
onshore,south_easterly_onshore,walton_lighthouse-2025-11-13_002142Z,8.168636000000001,530.0,401.16850142466063,0.9927588703837799
onshore,south_easterly_onshore,walton_lighthouse-2025-11-13_002142Z,8.168636000000001,534.0,413.71556947537255,0.9920347574221579
onshore,south_easterly_onshore,walton_lighthouse-2025-11-13_002142Z,8.168636000000001,537.0,425.69693685895015,0.9920347574221579
onshore,south_easterly_onshore,walton_lighthouse-2025-11-13_002142Z,8.168636000000001,541.0,437.29440868156,0.9920347574221579
onshore,south_easterly_onshore,walton_lighthouse-2025-11-13_002142Z,8.168636000000001,544.0,448.34413254117044,0.9920347574221579
onshore,south_easterly_onshore,walton_lighthouse-2025-11-13_002142Z,8.168636000000001,548.0,458.70006324346554,0.9920347574221579
onshore,south_easterly_onshore,walton_lighthouse-2025-11-13_002142Z,8.168636000000001,551.0,468.37880823466395,0.9920347574221579
onshore,south_easterly_onshore,walton_lighthouse-2025-11-13_002142Z,8.168636000000001,554.0,477.4998476329512,0.9920347574221579
onshore,south_easterly_onshore,walton_lighthouse-2025-11-13_002142Z,8.168636000000001,558.0,486.2161711878531,0.9920347574221579
onshore,south_easterly_onshore,walton_lighthouse-2025-11-13_002142Z,8.168636000000001,561.0,494.70129306363845,0.9920347574221579
onshore,south_easterly_onshore,walton_lighthouse-2025-11-13_002142Z,8.168636000000001,565.0,503.1144654232412,0.9920347574221579
onshore,south_easterly_onshore,walton_lighthouse-2025-11-13_002142Z,8.168636000000001,568.0,697.8036687092921,0.9927588703837799
onshore,south_easterly_onshore,walton_lighthouse-2025-11-13_002142Z,8.168636000000001,571.0,706.2128487095149,0.9927588703837799
onshore,south_easterly_onshore,walton_lighthouse-2025-11-13_002142Z,8.168636000000001,575.0,715.5699859301335,0.9920347574221579
onshore,south_easterly_onshore,walton_lighthouse-2025-11-13_002142Z,8.168636000000001,578.0,724.8681855527003,0.9920347574221579
onshore,south_easterly_onshore,walton_lighthouse-2025-11-13_002142Z,8.168636000000001,582.0,734.5787824321079,0.9920347574221579
onshore,south_easterly_onshore,walton_lighthouse-2025-11-13_002142Z,8.168636000000001,585.0,744.5494615504281,0.9920347574221579
onshore,south_easterly_onshore,walton_lighthouse-2025-11-13_002142Z,8.168636000000001,589.0,754.5320660805777,0.9920347574221579
onshore,south_easterly_onshore,walton_lighthouse-2025-11-13_002142Z,8.168636000000001,592.0,764.3089975864905,0.9920347574221579
onshore,south_easterly_onshore,walton_lighthouse-2025-11-13_002142Z,8.168636000000001,595.0,773.7105822859866,0.9920347574221579
onshore,south_easterly_onshore,walton_lighthouse-2025-11-13_002142Z,8.168636000000001,599.0,782.4098143897955,0.9920347574221579
onshore,south_easterly_onshore,walton_lighthouse-2025-11-13_002142Z,8.168636000000001,602.0,790.1760255337873,0.9920347574221579
onshore,south_easterly_onshore,walton_lighthouse-2025-11-13_002142Z,8.168636000000001,606.0,797.1792302382842,0.9920347574221579
onshore,south_easterly_onshore,walton_lighthouse-2025-11-13_002142Z,8.168636000000001,609.0,803.920708261603,0.9920347574221579
onshore,south_easterly_onshore,walton_lighthouse-2025-11-13_002142Z,8.168636000000001,613.0,811.1130915002157,0.9920347574221579
onshore,south_easterly_onshore,walton_lighthouse-2025-11-13_002142Z,8.168636000000001,616.0,819.4747121288867,0.9920347574221579
onshore,south_easterly_onshore,walton_lighthouse-2025-11-13_002142Z,8.168636000000001,619.0,829.6210470395578,0.9920347574221579
onshore,south_easterly_onshore,walton_lighthouse-2025-11-13_002142Z,8.168636000000001,623.0,849.5049988991992,0.9920347574221579
onshore,south_easterly_onshore,walton_lighthouse-2025-11-13_002142Z,8.168636000000001,626.0,907.5928094680771,0.9920347574221579
onshore,south_easterly_onshore,walton_lighthouse-2025-11-13_002142Z,8.168636000000001,630.0,1031.377520449153,0.9920347574221579
onshore,south_easterly_onshore,walton_lighthouse-2025-11-13_002142Z,8.168636000000001,633.0,1199.997385309439,0.9920347574221579
onshore,south_easterly_onshore,walton_lighthouse-2025-11-13_002142Z,8.168636000000001,636.0,1346.8681490735794,0.9920347574221579
onshore,south_easterly_onshore,walton_lighthouse-2025-11-13_002142Z,8.168636000000001,640.0,1425.6574344452297,0.9920347574221579
onshore,south_easterly_onshore,walton_lighthouse-2025-11-13_002142Z,8.168636000000001,643.0,1456.2932535358025,0.9920347574221579
onshore,south_easterly_onshore,walton_lighthouse-2025-11-13_002142Z,8.168636000000001,647.0,1477.318068821124,0.9920347574221579
onshore,south_easterly_onshore,walton_lighthouse-2025-11-13_002142Z,8.168636000000001,650.0,1505.7640517615419,0.9927588703837799
onshore,south_easterly_onshore,walton_lighthouse-2025-11-13_002142Z,8.168636000000001,654.0,1550.17567899571,0.9927588703837799
onshore,south_easterly_onshore,walton_lighthouse-2025-11-13_002142Z,8.168636000000001,657.0,1604.3940652018673,0.9927588703837799
onshore,south_easterly_onshore,walton_lighthouse-2025-11-13_002142Z,8.168636000000001,660.0,1659.737744240635,0.9927588703837799
onshore,south_easterly_onshore,walton_lighthouse-2025-11-13_002142Z,8.168636000000001,664.0,1714.7873314507015,0.9927588703837799
onshore,south_easterly_onshore,walton_lighthouse-2025-11-13_002142Z,8.168636000000001,667.0,1771.1569431642092,0.9927588703837799
onshore,south_easterly_onshore,walton_lighthouse-2025-11-13_002142Z,8.168636000000001,671.0,1819.8960464370605,0.9927588703837799
onshore,south_easterly_onshore,walton_lighthouse-2025-11-13_002142Z,8.168636000000001,674.0,1851.9949278164502,0.9927588703837799
onshore,south_easterly_onshore,walton_lighthouse-2025-11-13_002142Z,8.168636000000001,678.0,1874.2448262776952,0.9927588703837799
onshore,south_easterly_onshore,walton_lighthouse-2025-11-13_002142Z,8.168636000000001,681.0,1895.7803849400334,0.9927588703837799
onshore,south_easterly_onshore,walton_lighthouse-2025-11-13_002142Z,8.168636000000001,684.0,1927.13317234651,0.9927588703837799
onshore,south_easterly_onshore,walton_lighthouse-2025-11-13_002142Z,8.168636000000001,688.0,1982.6091351067141,0.9927588703837799
onshore,south_easterly_onshore,walton_lighthouse-2025-11-13_002142Z,8.168636000000001,691.0,2060.7303442190023,0.9927588703837799
onshore,south_easterly_onshore,walton_lighthouse-2025-11-13_002142Z,8.168636000000001,695.0,2137.63250770663,0.9927588703837799
onshore,south_easterly_onshore,walton_lighthouse-2025-11-13_002142Z,8.168636000000001,698.0,2191.4058566803783,0.9927588703837799
onshore,south_easterly_onshore,walton_lighthouse-2025-11-13_002142Z,8.168636000000001,701.0,2229.27407997137,0.9927588703837799
onshore,south_easterly_onshore,walton_lighthouse-2025-11-13_002142Z,8.168636000000001,705.0,2271.480055032958,0.9942070963070239
onshore,south_easterly_onshore,walton_lighthouse-2025-11-13_002142Z,8.168636000000001,708.0,2321.085464340138,0.9942070963070239
onshore,south_easterly_onshore,walton_lighthouse-2025-11-13_002142Z,8.168636000000001,712.0,2359.822707159124,0.9956553222302679
onshore,south_easterly_onshore,walton_lighthouse-2025-11-13_002142Z,8.168636000000001,715.0,2217.436697791367,0.9956553222302679
onshore,south_easterly_onshore,walton_lighthouse-2025-11-13_002142Z,8.168636000000001,719.0,2208.8955427647684,0.99637943519189
onshore,south_easterly_onshore,walton_lighthouse-2025-11-13_002142Z,8.168636000000001,722.0,2205.146459683511,0.99637943519189
onshore,south_easterly_onshore,walton_lighthouse-2025-11-13_002142Z,8.168636000000001,725.0,2230.7851627060986,0.99637943519189
onshore,south_easterly_onshore,walton_lighthouse-2025-11-13_002142Z,8.168636000000001,729.0,2284.9466820949565,0.99637943519189
onshore,south_easterly_onshore,walton_lighthouse-2025-11-13_002142Z,8.168636000000001,732.0,2342.0075573517997,0.9949312092686459
onshore,south_easterly_onshore,walton_lighthouse-2025-11-13_002142Z,8.168636000000001,736.0,2371.766562193921,0.9949312092686459
onshore,south_easterly_onshore,walton_lighthouse-2025-11-13_002142Z,8.168636000000001,739.0,2378.21978486932,0.9949312092686459
onshore,south_easterly_onshore,walton_lighthouse-2025-11-13_002142Z,8.168636000000001,743.0,2371.7112367711843,0.9949312092686459
onshore,south_easterly_onshore,walton_lighthouse-2025-11-13_002142Z,8.168636000000001,746.0,2329.5417937375764,0.9949312092686459
onshore,south_easterly_onshore,walton_lighthouse-2025-11-13_002142Z,8.168636000000001,749.0,2235.7308127031,0.9949312092686459
onshore,south_easterly_onshore,walton_lighthouse-2025-11-13_002142Z,8.168636000000001,753.0,2129.5495015361817,0.9949312092686459
onshore,south_easterly_onshore,walton_lighthouse-2025-11-13_002142Z,8.168636000000001,756.0,2066.326669299915,0.9956553222302679
onshore,south_easterly_onshore,walton_lighthouse-2025-11-13_002142Z,8.168636000000001,760.0,2043.6296311017902,0.9956553222302679
onshore,south_easterly_onshore,walton_lighthouse-2025-11-13_002142Z,8.168636000000001,763.0,2030.0532057280818,0.9956553222302679
onshore,south_easterly_onshore,walton_lighthouse-2025-11-13_002142Z,8.168636000000001,767.0,2008.1435571719903,0.9956553222302679
onshore,south_easterly_onshore,walton_lighthouse-2025-11-13_002142Z,8.168636000000001,770.0,1983.3543224226812,0.9956553222302679
onshore,south_easterly_onshore,walton_lighthouse-2025-11-13_002142Z,8.168636000000001,773.0,1961.1751155672446,0.9956553222302679
onshore,south_easterly_onshore,walton_lighthouse-2025-11-13_002142Z,8.168636000000001,777.0,1947.3132094262883,0.9956553222302679
onshore,south_easterly_onshore,walton_lighthouse-2025-11-13_002142Z,8.168636000000001,780.0,1943.5314915796353,0.9956553222302679
onshore,south_easterly_onshore,walton_lighthouse-2025-11-13_002142Z,8.168636000000001,784.0,1943.6355094768883,0.9956553222302679
onshore,south_easterly_onshore,walton_lighthouse-2025-11-13_002142Z,8.168636000000001,787.0,1943.4059999385609,0.9956553222302679
onshore,south_easterly_onshore,walton_lighthouse-2025-11-13_002142Z,8.168636000000001,790.0,1946.8849000266025,0.9956553222302679
onshore,south_easterly_onshore,walton_lighthouse-2025-11-13_002142Z,8.168636000000001,794.0,1959.300782219282,0.9956553222302679
onshore,south_easterly_onshore,walton_lighthouse-2025-11-13_002142Z,8.168636000000001,797.0,1978.4672273144965,0.9956553222302679
onshore,south_easterly_onshore,walton_lighthouse-2025-11-13_002142Z,8.168636000000001,801.0,1998.374271453168,0.9956553222302679
onshore,south_easterly_onshore,walton_lighthouse-2025-11-13_002142Z,8.168636000000001,804.0,2016.5079469176071,0.9956553222302679
onshore,south_easterly_onshore,walton_lighthouse-2025-11-13_002142Z,8.168636000000001,808.0,2036.8505571316853,0.9956553222302679
onshore,south_easterly_onshore,walton_lighthouse-2025-11-13_002142Z,8.168636000000001,811.0,2007.397845774994,0.9949312092686459
onshore,south_easterly_onshore,walton_lighthouse-2025-11-13_002142Z,8.168636000000001,814.0,2044.615885527453,0.9956553222302679
onshore,south_easterly_onshore,walton_lighthouse-2025-11-13_002142Z,8.168636000000001,818.0,2085.7187749140344,0.9956553222302679
onshore,south_easterly_onshore,walton_lighthouse-2025-11-13_002142Z,8.168636000000001,821.0,2120.341428938152,0.9949312092686459
onshore,south_easterly_onshore,walton_lighthouse-2025-11-13_002142Z,8.168636000000001,825.0,2147.1334000440274,0.9942070963070239
onshore,south_easterly_onshore,walton_lighthouse-2025-11-13_002142Z,8.168636000000001,828.0,2167.4303024402398,0.9942070963070239
onshore,south_easterly_onshore,walton_lighthouse-2025-11-13_002142Z,8.168636000000001,832.0,2192.089427189566,0.9942070963070239
onshore,south_easterly_onshore,walton_lighthouse-2025-11-13_002142Z,8.168636000000001,835.0,2232.350203312327,0.9942070963070239
onshore,south_easterly_onshore,walton_lighthouse-2025-11-13_002142Z,8.168636000000001,838.0,2288.119508926535,0.9942070963070239
onshore,south_easterly_onshore,walton_lighthouse-2025-11-13_002142Z,8.168636000000001,842.0,2356.3087180204825,0.9942070963070239
onshore,south_easterly_onshore,walton_lighthouse-2025-11-13_002142Z,8.168636000000001,845.0,2438.497246593491,0.9942070963070239
onshore,south_easterly_onshore,walton_lighthouse-2025-11-13_002142Z,8.168636000000001,849.0,2538.2219151910317,0.9942070963070239
onshore,south_easterly_onshore,walton_lighthouse-2025-11-13_002142Z,8.168636000000001,852.0,2653.2274089427005,0.9942070963070239
onshore,south_easterly_onshore,walton_lighthouse-2025-11-13_002142Z,8.168636000000001,855.0,2773.785563756829,0.9942070963070239
onshore,south_easterly_onshore,walton_lighthouse-2025-11-13_002142Z,8.168636000000001,859.0,2894.3419760396096,0.9942070963070239
onshore,south_easterly_onshore,walton_lighthouse-2025-11-13_002142Z,8.168636000000001,862.0,3013.4637248894705,0.9934829833454019
onshore,south_easterly_onshore,walton_lighthouse-2025-11-13_002142Z,8.168636000000001,866.0,3133.636196899148,0.9934829833454019
onshore,south_easterly_onshore,walton_lighthouse-2025-11-13_002142Z,8.168636000000001,869.0,3266.3247241122635,0.9934829833454019
onshore,south_easterly_onshore,walton_lighthouse-2025-11-13_002142Z,8.168636000000001,873.0,3400.1349647241677,0.9934829833454019
onshore,south_easterly_onshore,walton_lighthouse-2025-11-13_002142Z,8.168636000000001,876.0,3517.368834259494,0.9913106444605359
onshore,south_easterly_onshore,walton_lighthouse-2025-11-13_002142Z,8.168636000000001,879.0,3582.765672951307,0.9840695148443157
onshore,south_easterly_onshore,walton_lighthouse-2025-11-13_002142Z,8.168636000000001,883.0,3696.0084893373632,0.9355539464156408
onshore,south_easterly_onshore,walton_lighthouse-2025-11-13_002142Z,8.168636000000001,886.0,3650.182423308853,0.8479362780593772
onshore,south_easterly_onshore,walton_lighthouse-2025-07-26_012153Z,11.5749,253.0,104.83481333487941,0.9943181818181818
onshore,south_easterly_onshore,walton_lighthouse-2025-07-26_012153Z,11.5749,257.0,105.7853793848579,0.9943181818181818
onshore,south_easterly_onshore,walton_lighthouse-2025-07-26_012153Z,11.5749,260.0,107.19986319878984,0.9943181818181818
onshore,south_easterly_onshore,walton_lighthouse-2025-07-26_012153Z,11.5749,263.0,109.03964174181768,0.9943181818181818
onshore,south_easterly_onshore,walton_lighthouse-2025-07-26_012153Z,11.5749,267.0,110.92788066061168,0.9943181818181818
onshore,south_easterly_onshore,walton_lighthouse-2025-07-26_012153Z,11.5749,270.0,112.43043487248576,0.9943181818181818
onshore,south_easterly_onshore,walton_lighthouse-2025-07-26_012153Z,11.5749,274.0,113.54909990140669,0.9943181818181818
onshore,south_easterly_onshore,walton_lighthouse-2025-07-26_012153Z,11.5749,277.0,114.44790041209495,0.9943181818181818
onshore,south_easterly_onshore,walton_lighthouse-2025-07-26_012153Z,11.5749,281.0,115.31490766034426,0.9943181818181818
onshore,south_easterly_onshore,walton_lighthouse-2025-07-26_012153Z,11.5749,284.0,116.20979556791671,0.9943181818181818
onshore,south_easterly_onshore,walton_lighthouse-2025-07-26_012153Z,11.5749,287.0,117.14355332846986,0.9943181818181818
onshore,south_easterly_onshore,walton_lighthouse-2025-07-26_012153Z,11.5749,291.0,118.16094545501784,0.9943181818181818
onshore,south_easterly_onshore,walton_lighthouse-2025-07-26_012153Z,11.5749,294.0,119.29234456728156,0.9943181818181818
onshore,south_easterly_onshore,walton_lighthouse-2025-07-26_012153Z,11.5749,298.0,120.531800356724,0.9943181818181818
onshore,south_easterly_onshore,walton_lighthouse-2025-07-26_012153Z,11.5749,301.0,121.81847986655717,0.9943181818181818
onshore,south_easterly_onshore,walton_lighthouse-2025-07-26_012153Z,11.5749,305.0,123.00260789348587,0.9943181818181818
onshore,south_easterly_onshore,walton_lighthouse-2025-07-26_012153Z,11.5749,308.0,123.94914746325615,0.9943181818181818
onshore,south_easterly_onshore,walton_lighthouse-2025-07-26_012153Z,11.5749,311.0,124.70851579702062,0.9943181818181818
onshore,south_easterly_onshore,walton_lighthouse-2025-07-26_012153Z,11.5749,315.0,125.44684983442966,0.9943181818181818
onshore,south_easterly_onshore,walton_lighthouse-2025-07-26_012153Z,11.5749,318.0,126.21350275962632,0.9943181818181818
onshore,south_easterly_onshore,walton_lighthouse-2025-07-26_012153Z,11.5749,322.0,126.905274466691,0.9943181818181818
onshore,south_easterly_onshore,walton_lighthouse-2025-07-26_012153Z,11.5749,325.0,127.43046452692874,0.9943181818181818
onshore,south_easterly_onshore,walton_lighthouse-2025-07-26_012153Z,11.5749,329.0,127.74001648486954,0.9943181818181818
onshore,south_easterly_onshore,walton_lighthouse-2025-07-26_012153Z,11.5749,332.0,127.78843117530366,0.9943181818181818
onshore,south_easterly_onshore,walton_lighthouse-2025-07-26_012153Z,11.5749,335.0,127.56431264236667,0.9943181818181818
onshore,south_easterly_onshore,walton_lighthouse-2025-07-26_012153Z,11.5749,339.0,127.14366316587005,0.9943181818181818
onshore,south_easterly_onshore,walton_lighthouse-2025-07-26_012153Z,11.5749,342.0,126.69954581846109,0.9943181818181818
onshore,south_easterly_onshore,walton_lighthouse-2025-07-26_012153Z,11.5749,346.0,126.49931063199672,0.9943181818181818
onshore,south_easterly_onshore,walton_lighthouse-2025-07-26_012153Z,11.5749,349.0,126.75323254070072,0.9943181818181818
onshore,south_easterly_onshore,walton_lighthouse-2025-07-26_012153Z,11.5749,352.0,127.51654388327708,0.9943181818181818
onshore,south_easterly_onshore,walton_lighthouse-2025-07-26_012153Z,11.5749,356.0,128.78733371155178,0.9943181818181818
onshore,south_easterly_onshore,walton_lighthouse-2025-07-26_012153Z,11.5749,359.0,130.53175511398524,0.9943181818181818
onshore,south_easterly_onshore,walton_lighthouse-2025-07-26_012153Z,11.5749,363.0,132.5824652597483,0.9943181818181818
onshore,south_easterly_onshore,walton_lighthouse-2025-07-26_012153Z,11.5749,366.0,134.68945620257568,0.9943181818181818
onshore,south_easterly_onshore,walton_lighthouse-2025-07-26_012153Z,11.5749,370.0,136.63319997561433,0.9943181818181818
onshore,south_easterly_onshore,walton_lighthouse-2025-07-26_012153Z,11.5749,373.0,138.31384102443687,0.9943181818181818
onshore,south_easterly_onshore,walton_lighthouse-2025-07-26_012153Z,11.5749,376.0,139.67799093880387,0.9943181818181818
onshore,south_easterly_onshore,walton_lighthouse-2025-07-26_012153Z,11.5749,380.0,140.71321512534317,0.9943181818181818
onshore,south_easterly_onshore,walton_lighthouse-2025-07-26_012153Z,11.5749,383.0,141.54631963438467,0.9943181818181818
onshore,south_easterly_onshore,walton_lighthouse-2025-07-26_012153Z,11.5749,387.0,142.29284726413348,0.9943181818181818
onshore,south_easterly_onshore,walton_lighthouse-2025-07-26_012153Z,11.5749,390.0,143.07941812872443,0.9943181818181818
onshore,south_easterly_onshore,walton_lighthouse-2025-07-26_012153Z,11.5749,394.0,144.11409855842155,0.9943181818181818
onshore,south_easterly_onshore,walton_lighthouse-2025-07-26_012153Z,11.5749,397.0,145.53190458106704,0.9943181818181818
onshore,south_easterly_onshore,walton_lighthouse-2025-07-26_012153Z,11.5749,400.0,147.31803966512686,0.9943181818181818
onshore,south_easterly_onshore,walton_lighthouse-2025-07-26_012153Z,11.5749,404.0,149.44412553315274,0.9943181818181818
onshore,south_easterly_onshore,walton_lighthouse-2025-07-26_012153Z,11.5749,407.0,151.8707335679936,0.9943181818181818
onshore,south_easterly_onshore,walton_lighthouse-2025-07-26_012153Z,11.5749,411.0,154.48042543878117,0.9943181818181818
onshore,south_easterly_onshore,walton_lighthouse-2025-07-26_012153Z,11.5749,414.0,157.1765374688088,0.9943181818181818
onshore,south_easterly_onshore,walton_lighthouse-2025-07-26_012153Z,11.5749,417.0,159.94484374944648,0.9943181818181818
onshore,south_easterly_onshore,walton_lighthouse-2025-07-26_012153Z,11.5749,421.0,162.82414250533944,0.9943181818181818
onshore,south_easterly_onshore,walton_lighthouse-2025-07-26_012153Z,11.5749,424.0,165.87168075672028,0.9943181818181818
onshore,south_easterly_onshore,walton_lighthouse-2025-07-26_012153Z,11.5749,428.0,169.09854606365138,0.9943181818181818
onshore,south_easterly_onshore,walton_lighthouse-2025-07-26_012153Z,11.5749,431.0,172.4723655472152,0.9943181818181818
onshore,south_easterly_onshore,walton_lighthouse-2025-07-26_012153Z,11.5749,435.0,176.00498889599987,0.9943181818181818
onshore,south_easterly_onshore,walton_lighthouse-2025-07-26_012153Z,11.5749,438.0,179.73263135257153,0.9943181818181818
onshore,south_easterly_onshore,walton_lighthouse-2025-07-26_012153Z,11.5749,441.0,183.57494131621118,0.9943181818181818
onshore,south_easterly_onshore,walton_lighthouse-2025-07-26_012153Z,11.5749,445.0,187.27359135791468,0.9943181818181818
onshore,south_easterly_onshore,walton_lighthouse-2025-07-26_012153Z,11.5749,448.0,190.54348750014083,0.9943181818181818
onshore,south_easterly_onshore,walton_lighthouse-2025-07-26_012153Z,11.5749,452.0,193.2473544078864,0.9943181818181818
onshore,south_easterly_onshore,walton_lighthouse-2025-07-26_012153Z,11.5749,455.0,195.4652423455231,0.9943181818181818
onshore,south_easterly_onshore,walton_lighthouse-2025-07-26_012153Z,11.5749,459.0,197.31453758854252,0.9943181818181818
onshore,south_easterly_onshore,walton_lighthouse-2025-07-26_012153Z,11.5749,462.0,198.8384818890715,0.9943181818181818
onshore,south_easterly_onshore,walton_lighthouse-2025-07-26_012153Z,11.5749,465.0,200.14511571959972,0.9943181818181818
onshore,south_easterly_onshore,walton_lighthouse-2025-07-26_012153Z,11.5749,469.0,201.4604936282908,0.9943181818181818
onshore,south_easterly_onshore,walton_lighthouse-2025-07-26_012153Z,11.5749,472.0,203.06796622322196,0.9943181818181818
onshore,south_easterly_onshore,walton_lighthouse-2025-07-26_012153Z,11.5749,476.0,205.1030715771772,0.9943181818181818
onshore,south_easterly_onshore,walton_lighthouse-2025-07-26_012153Z,11.5749,479.0,207.47838081564953,0.9943181818181818
onshore,south_easterly_onshore,walton_lighthouse-2025-07-26_012153Z,11.5749,482.0,210.03105607250995,0.9943181818181818
onshore,south_easterly_onshore,walton_lighthouse-2025-07-26_012153Z,11.5749,486.0,212.6794046960032,0.9943181818181818
onshore,south_easterly_onshore,walton_lighthouse-2025-07-26_012153Z,11.5749,489.0,215.44640057125818,0.9943181818181818
onshore,south_easterly_onshore,walton_lighthouse-2025-07-26_012153Z,11.5749,493.0,218.37532704271817,0.9943181818181818
onshore,south_easterly_onshore,walton_lighthouse-2025-07-26_012153Z,11.5749,496.0,221.50924538808246,0.9943181818181818
onshore,south_easterly_onshore,walton_lighthouse-2025-07-26_012153Z,11.5749,500.0,224.85295305547945,0.9943181818181818
onshore,south_easterly_onshore,walton_lighthouse-2025-07-26_012153Z,11.5749,503.0,228.40701095900332,0.9943181818181818
onshore,south_easterly_onshore,walton_lighthouse-2025-07-26_012153Z,11.5749,506.0,232.18766099324827,0.9943181818181818
onshore,south_easterly_onshore,walton_lighthouse-2025-07-26_012153Z,11.5749,510.0,236.14072610541638,0.9943181818181818
onshore,south_easterly_onshore,walton_lighthouse-2025-07-26_012153Z,11.5749,513.0,240.1657803468065,0.9943181818181818
onshore,south_easterly_onshore,walton_lighthouse-2025-07-26_012153Z,11.5749,517.0,244.20058622287388,0.9943181818181818
onshore,south_easterly_onshore,walton_lighthouse-2025-07-26_012153Z,11.5749,520.0,248.2356964619914,0.9943181818181818
onshore,south_easterly_onshore,walton_lighthouse-2025-07-26_012153Z,11.5749,524.0,252.23843531654092,0.9943181818181818
onshore,south_easterly_onshore,walton_lighthouse-2025-07-26_012153Z,11.5749,527.0,256.0979345840896,0.9943181818181818
onshore,south_easterly_onshore,walton_lighthouse-2025-07-26_012153Z,11.5749,530.0,259.67913697080377,0.9943181818181818
onshore,south_easterly_onshore,walton_lighthouse-2025-07-26_012153Z,11.5749,534.0,262.91324775327524,0.9943181818181818
onshore,south_easterly_onshore,walton_lighthouse-2025-07-26_012153Z,11.5749,537.0,265.8481208824441,0.9943181818181818
onshore,south_easterly_onshore,walton_lighthouse-2025-07-26_012153Z,11.5749,541.0,268.5997474282235,0.9943181818181818
onshore,south_easterly_onshore,walton_lighthouse-2025-07-26_012153Z,11.5749,544.0,271.2639560799287,0.9943181818181818
onshore,south_easterly_onshore,walton_lighthouse-2025-07-26_012153Z,11.5749,548.0,273.86216626558235,0.9943181818181818
onshore,south_easterly_onshore,walton_lighthouse-2025-07-26_012153Z,11.5749,551.0,276.333282386475,0.9943181818181818
onshore,south_easterly_onshore,walton_lighthouse-2025-07-26_012153Z,11.5749,554.0,278.5913590645945,0.9943181818181818
onshore,south_easterly_onshore,walton_lighthouse-2025-07-26_012153Z,11.5749,558.0,280.5652504340617,0.9943181818181818
onshore,south_easterly_onshore,walton_lighthouse-2025-07-26_012153Z,11.5749,561.0,282.24929884951524,0.9943181818181818
onshore,south_easterly_onshore,walton_lighthouse-2025-07-26_012153Z,11.5749,565.0,283.6962466136066,0.9943181818181818
onshore,south_easterly_onshore,walton_lighthouse-2025-07-26_012153Z,11.5749,568.0,284.9779122516449,0.9943181818181818
onshore,south_easterly_onshore,walton_lighthouse-2025-07-26_012153Z,11.5749,571.0,286.20386065268497,0.9943181818181818
onshore,south_easterly_onshore,walton_lighthouse-2025-07-26_012153Z,11.5749,575.0,287.5213063983956,0.9943181818181818
onshore,south_easterly_onshore,walton_lighthouse-2025-07-26_012153Z,11.5749,578.0,289.09636467348275,0.9943181818181818
onshore,south_easterly_onshore,walton_lighthouse-2025-07-26_012153Z,11.5749,582.0,291.06893899046094,0.9943181818181818
onshore,south_easterly_onshore,walton_lighthouse-2025-07-26_012153Z,11.5749,585.0,293.5115241472724,0.9943181818181818
onshore,south_easterly_onshore,walton_lighthouse-2025-07-26_012153Z,11.5749,589.0,296.32300447674623,0.9943181818181818
onshore,south_easterly_onshore,walton_lighthouse-2025-07-26_012153Z,11.5749,592.0,299.25210223893936,0.9943181818181818
onshore,south_easterly_onshore,walton_lighthouse-2025-07-26_012153Z,11.5749,595.0,302.05993217614383,0.9943181818181818
onshore,south_easterly_onshore,walton_lighthouse-2025-07-26_012153Z,11.5749,599.0,304.5698675472659,0.9943181818181818
onshore,south_easterly_onshore,walton_lighthouse-2025-07-26_012153Z,11.5749,602.0,306.6774989006704,0.9943181818181818
onshore,south_easterly_onshore,walton_lighthouse-2025-07-26_012153Z,11.5749,606.0,308.3282835436453,0.9943181818181818
onshore,south_easterly_onshore,walton_lighthouse-2025-07-26_012153Z,11.5749,609.0,309.40861271119616,0.9943181818181818
onshore,south_easterly_onshore,walton_lighthouse-2025-07-26_012153Z,11.5749,613.0,309.85037678649616,0.9943181818181818
onshore,south_easterly_onshore,walton_lighthouse-2025-07-26_012153Z,11.5749,616.0,309.8300258339075,0.9943181818181818
onshore,south_easterly_onshore,walton_lighthouse-2025-07-26_012153Z,11.5749,619.0,309.7559174718352,0.9943181818181818
onshore,south_easterly_onshore,walton_lighthouse-2025-07-26_012153Z,11.5749,623.0,310.0522833682422,0.9943181818181818
onshore,south_easterly_onshore,walton_lighthouse-2025-07-26_012153Z,11.5749,626.0,310.86864569339576,0.9943181818181818
onshore,south_easterly_onshore,walton_lighthouse-2025-07-26_012153Z,11.5749,630.0,311.91404055597445,0.9943181818181818
onshore,south_easterly_onshore,walton_lighthouse-2025-07-26_012153Z,11.5749,633.0,312.6919496609998,0.9943181818181818
onshore,south_easterly_onshore,walton_lighthouse-2025-07-26_012153Z,11.5749,636.0,312.9245148108862,0.9943181818181818
onshore,south_easterly_onshore,walton_lighthouse-2025-07-26_012153Z,11.5749,640.0,312.5821673042791,0.9943181818181818
onshore,south_easterly_onshore,walton_lighthouse-2025-07-26_012153Z,11.5749,643.0,311.80729181086696,0.9943181818181818
onshore,south_easterly_onshore,walton_lighthouse-2025-07-26_012153Z,11.5749,647.0,310.7890935366336,0.9943181818181818
onshore,south_easterly_onshore,walton_lighthouse-2025-07-26_012153Z,11.5749,650.0,309.75797183634324,0.9943181818181818
onshore,south_easterly_onshore,walton_lighthouse-2025-07-26_012153Z,11.5749,654.0,309.0870564690901,0.9943181818181818
onshore,south_easterly_onshore,walton_lighthouse-2025-07-26_012153Z,11.5749,657.0,309.1849879099602,0.9943181818181818
onshore,south_easterly_onshore,walton_lighthouse-2025-07-26_012153Z,11.5749,660.0,310.1836729593949,0.9943181818181818
onshore,south_easterly_onshore,walton_lighthouse-2025-07-26_012153Z,11.5749,664.0,311.86351451521415,0.9943181818181818
onshore,south_easterly_onshore,walton_lighthouse-2025-07-26_012153Z,11.5749,667.0,313.9426702608445,0.9943181818181818
onshore,south_easterly_onshore,walton_lighthouse-2025-07-26_012153Z,11.5749,671.0,316.20379614769314,0.9943181818181818
onshore,south_easterly_onshore,walton_lighthouse-2025-07-26_012153Z,11.5749,674.0,318.48559224130275,0.9943181818181818
onshore,south_easterly_onshore,walton_lighthouse-2025-07-26_012153Z,11.5749,678.0,320.637810084675,0.9943181818181818
onshore,south_easterly_onshore,walton_lighthouse-2025-07-26_012153Z,11.5749,681.0,322.59944188655044,0.9943181818181818
onshore,south_easterly_onshore,walton_lighthouse-2025-07-26_012153Z,11.5749,684.0,324.4834315221071,0.9943181818181818
onshore,south_easterly_onshore,walton_lighthouse-2025-07-26_012153Z,11.5749,688.0,326.67460281191325,0.9943181818181818
onshore,south_easterly_onshore,walton_lighthouse-2025-07-26_012153Z,11.5749,691.0,329.6633803576794,0.9943181818181818
onshore,south_easterly_onshore,walton_lighthouse-2025-07-26_012153Z,11.5749,695.0,333.74235380281345,0.9943181818181818
onshore,south_easterly_onshore,walton_lighthouse-2025-07-26_012153Z,11.5749,698.0,338.9342535287531,0.9943181818181818
onshore,south_easterly_onshore,walton_lighthouse-2025-07-26_012153Z,11.5749,701.0,345.0336742252304,0.9943181818181818
onshore,south_easterly_onshore,walton_lighthouse-2025-07-26_012153Z,11.5749,705.0,351.7272810380613,0.9943181818181818
onshore,south_easterly_onshore,walton_lighthouse-2025-07-26_012153Z,11.5749,708.0,358.70495008721514,0.9943181818181818
onshore,south_easterly_onshore,walton_lighthouse-2025-07-26_012153Z,11.5749,712.0,365.8609168771671,0.9943181818181818
onshore,south_easterly_onshore,walton_lighthouse-2025-07-26_012153Z,11.5749,715.0,372.9188682139153,0.9943181818181818
onshore,south_easterly_onshore,walton_lighthouse-2025-07-26_012153Z,11.5749,719.0,379.58368245696084,0.9943181818181818
onshore,south_easterly_onshore,walton_lighthouse-2025-07-26_012153Z,11.5749,722.0,386.1096178471017,0.9943181818181818
onshore,south_easterly_onshore,walton_lighthouse-2025-07-26_012153Z,11.5749,725.0,392.8640670616488,0.9943181818181818
onshore,south_easterly_onshore,walton_lighthouse-2025-07-26_012153Z,11.5749,729.0,400.1176845140313,0.9943181818181818
onshore,south_easterly_onshore,walton_lighthouse-2025-07-26_012153Z,11.5749,732.0,408.0667237931621,0.9943181818181818
onshore,south_easterly_onshore,walton_lighthouse-2025-07-26_012153Z,11.5749,736.0,416.6922157389819,0.9943181818181818
onshore,south_easterly_onshore,walton_lighthouse-2025-07-26_012153Z,11.5749,739.0,425.5356667576392,0.9943181818181818
onshore,south_easterly_onshore,walton_lighthouse-2025-07-26_012153Z,11.5749,743.0,434.0982264606438,0.9943181818181818
onshore,south_easterly_onshore,walton_lighthouse-2025-07-26_012153Z,11.5749,746.0,442.1800063654211,0.9943181818181818
onshore,south_easterly_onshore,walton_lighthouse-2025-07-26_012153Z,11.5749,749.0,449.66384356144124,0.9943181818181818
onshore,south_easterly_onshore,walton_lighthouse-2025-07-26_012153Z,11.5749,753.0,456.7448526243023,0.9943181818181818
onshore,south_easterly_onshore,walton_lighthouse-2025-07-26_012153Z,11.5749,756.0,463.52965229167904,0.9943181818181818
onshore,south_easterly_onshore,walton_lighthouse-2025-07-26_012153Z,11.5749,760.0,469.8364163400402,0.9943181818181818
onshore,south_easterly_onshore,walton_lighthouse-2025-07-26_012153Z,11.5749,763.0,475.5323202378371,0.9943181818181818
onshore,south_easterly_onshore,walton_lighthouse-2025-07-26_012153Z,11.5749,767.0,479.50196999031704,0.9971590909090909
onshore,south_easterly_onshore,walton_lighthouse-2025-07-26_012153Z,11.5749,770.0,484.59360090466737,0.9971590909090909
onshore,south_easterly_onshore,walton_lighthouse-2025-07-26_012153Z,11.5749,773.0,489.81440654115784,0.9971590909090909
onshore,south_easterly_onshore,walton_lighthouse-2025-07-26_012153Z,11.5749,777.0,495.60210504055107,1.0
onshore,south_easterly_onshore,walton_lighthouse-2025-07-26_012153Z,11.5749,780.0,501.7393916202558,1.0
onshore,south_easterly_onshore,walton_lighthouse-2025-07-26_012153Z,11.5749,784.0,508.1269604868692,1.0
onshore,south_easterly_onshore,walton_lighthouse-2025-07-26_012153Z,11.5749,787.0,514.4735058127957,1.0
onshore,south_easterly_onshore,walton_lighthouse-2025-07-26_012153Z,11.5749,790.0,520.6483622723731,1.0
onshore,south_easterly_onshore,walton_lighthouse-2025-07-26_012153Z,11.5749,794.0,526.7248046107113,1.0
onshore,south_easterly_onshore,walton_lighthouse-2025-07-26_012153Z,11.5749,797.0,532.9962034539031,1.0
onshore,south_easterly_onshore,walton_lighthouse-2025-07-26_012153Z,11.5749,801.0,539.9263607668892,1.0
onshore,south_easterly_onshore,walton_lighthouse-2025-07-26_012153Z,11.5749,804.0,547.862216664686,1.0
onshore,south_easterly_onshore,walton_lighthouse-2025-07-26_012153Z,11.5749,808.0,556.9212805370892,1.0
onshore,south_easterly_onshore,walton_lighthouse-2025-07-26_012153Z,11.5749,811.0,567.0313547121431,1.0
onshore,south_easterly_onshore,walton_lighthouse-2025-07-26_012153Z,11.5749,814.0,577.9444165445394,1.0
onshore,south_easterly_onshore,walton_lighthouse-2025-07-26_012153Z,11.5749,818.0,589.161894329407,1.0
onshore,south_easterly_onshore,walton_lighthouse-2025-07-26_012153Z,11.5749,821.0,600.2037432663867,1.0
onshore,south_easterly_onshore,walton_lighthouse-2025-07-26_012153Z,11.5749,825.0,610.9139207768245,1.0
onshore,south_easterly_onshore,walton_lighthouse-2025-07-26_012153Z,11.5749,828.0,621.4259862973685,1.0
onshore,south_easterly_onshore,walton_lighthouse-2025-07-26_012153Z,11.5749,832.0,632.0000226208521,1.0
onshore,south_easterly_onshore,walton_lighthouse-2025-07-26_012153Z,11.5749,835.0,642.7629584124163,1.0
onshore,south_easterly_onshore,walton_lighthouse-2025-07-26_012153Z,11.5749,838.0,653.665927641348,1.0
onshore,south_easterly_onshore,walton_lighthouse-2025-07-26_012153Z,11.5749,842.0,664.576868714341,1.0
onshore,south_easterly_onshore,walton_lighthouse-2025-07-26_012153Z,11.5749,845.0,675.4737142557483,1.0
onshore,south_easterly_onshore,walton_lighthouse-2025-07-26_012153Z,11.5749,849.0,686.3875304957841,1.0
onshore,south_easterly_onshore,walton_lighthouse-2025-07-26_012153Z,11.5749,852.0,697.1487066621232,1.0
onshore,south_easterly_onshore,walton_lighthouse-2025-07-26_012153Z,11.5749,855.0,707.2288666534749,1.0
onshore,south_easterly_onshore,walton_lighthouse-2025-07-26_012153Z,11.5749,859.0,716.0727142034109,1.0
onshore,south_easterly_onshore,walton_lighthouse-2025-07-26_012153Z,11.5749,862.0,722.8173792903656,0.9971590909090909
onshore,south_easterly_onshore,walton_lighthouse-2025-07-26_012153Z,11.5749,866.0,729.3067513540426,0.9971590909090909
onshore,south_easterly_onshore,walton_lighthouse-2025-07-26_012153Z,11.5749,869.0,735.0927792270124,0.9971590909090909
onshore,south_easterly_onshore,walton_lighthouse-2025-07-26_012153Z,11.5749,873.0,740.3213006699401,0.9971590909090909
onshore,south_easterly_onshore,walton_lighthouse-2025-07-26_012153Z,11.5749,876.0,744.7424397182845,0.9971590909090909
onshore,south_easterly_onshore,walton_lighthouse-2025-07-26_012153Z,11.5749,879.0,749.6782245033551,0.9943181818181818
onshore,south_easterly_onshore,walton_lighthouse-2025-07-26_012153Z,11.5749,883.0,752.891658085599,0.9886363636363636
onshore,south_easterly_onshore,walton_lighthouse-2025-07-26_012153Z,11.5749,886.0,738.9359346082252,0.9346590909090909
onshore,south_easterly_onshore,walton_lighthouse-2025-11-12_222142Z,11.778388,253.0,21.771771289358025,0.984118291347207
onshore,south_easterly_onshore,walton_lighthouse-2025-11-12_222142Z,11.778388,257.0,21.788605868963057,0.984118291347207
onshore,south_easterly_onshore,walton_lighthouse-2025-11-12_222142Z,11.778388,260.0,21.829546535121313,0.984118291347207
onshore,south_easterly_onshore,walton_lighthouse-2025-11-12_222142Z,11.778388,263.0,21.914565128297188,0.984118291347207
onshore,south_easterly_onshore,walton_lighthouse-2025-11-12_222142Z,11.778388,267.0,22.03125344288798,0.984118291347207
onshore,south_easterly_onshore,walton_lighthouse-2025-11-12_222142Z,11.778388,270.0,22.139295441996705,0.984118291347207
onshore,south_easterly_onshore,walton_lighthouse-2025-11-12_222142Z,11.778388,274.0,22.219629163429115,0.984118291347207
onshore,south_easterly_onshore,walton_lighthouse-2025-11-12_222142Z,11.778388,277.0,22.273191413429206,0.984118291347207
onshore,south_easterly_onshore,walton_lighthouse-2025-11-12_222142Z,11.778388,281.0,22.321571216483495,0.984118291347207
onshore,south_easterly_onshore,walton_lighthouse-2025-11-12_222142Z,11.778388,284.0,22.378537313188914,0.984118291347207
onshore,south_easterly_onshore,walton_lighthouse-2025-11-12_222142Z,11.778388,287.0,22.435839448678138,0.984118291347207
onshore,south_easterly_onshore,walton_lighthouse-2025-11-12_222142Z,11.778388,291.0,22.47805297916901,0.984118291347207
onshore,south_easterly_onshore,walton_lighthouse-2025-11-12_222142Z,11.778388,294.0,22.868062487910684,0.984118291347207
onshore,south_easterly_onshore,walton_lighthouse-2025-11-12_222142Z,11.778388,298.0,28.22027379457445,0.984118291347207
onshore,south_easterly_onshore,walton_lighthouse-2025-11-12_222142Z,11.778388,301.0,54.94187678496071,0.984118291347207
onshore,south_easterly_onshore,walton_lighthouse-2025-11-12_222142Z,11.778388,305.0,123.38879883641908,0.984118291347207
onshore,south_easterly_onshore,walton_lighthouse-2025-11-12_222142Z,11.778388,308.0,227.99379807099783,0.984118291347207
onshore,south_easterly_onshore,walton_lighthouse-2025-11-12_222142Z,11.778388,311.0,327.37060865398644,0.984118291347207
onshore,south_easterly_onshore,walton_lighthouse-2025-11-12_222142Z,11.778388,315.0,381.7631562812783,0.984118291347207
onshore,south_easterly_onshore,walton_lighthouse-2025-11-12_222142Z,11.778388,318.0,394.2032364255171,0.984118291347207
onshore,south_easterly_onshore,walton_lighthouse-2025-11-12_222142Z,11.778388,322.0,393.15917149831876,0.984118291347207
onshore,south_easterly_onshore,walton_lighthouse-2025-11-12_222142Z,11.778388,325.0,391.9237145243585,0.984118291347207
onshore,south_easterly_onshore,walton_lighthouse-2025-11-12_222142Z,11.778388,329.0,390.37704002250894,0.984118291347207
onshore,south_easterly_onshore,walton_lighthouse-2025-11-12_222142Z,11.778388,332.0,388.3081075838676,0.984118291347207
onshore,south_easterly_onshore,walton_lighthouse-2025-11-12_222142Z,11.778388,335.0,385.59060156775297,0.984118291347207
onshore,south_easterly_onshore,walton_lighthouse-2025-11-12_222142Z,11.778388,339.0,382.2910102294009,0.984118291347207
onshore,south_easterly_onshore,walton_lighthouse-2025-11-12_222142Z,11.778388,342.0,378.64389698840085,0.984118291347207
onshore,south_easterly_onshore,walton_lighthouse-2025-11-12_222142Z,11.778388,346.0,374.93962082340954,0.984118291347207
onshore,south_easterly_onshore,walton_lighthouse-2025-11-12_222142Z,11.778388,349.0,371.3622784745304,0.984118291347207
onshore,south_easterly_onshore,walton_lighthouse-2025-11-12_222142Z,11.778388,352.0,367.89343494463407,0.984118291347207
onshore,south_easterly_onshore,walton_lighthouse-2025-11-12_222142Z,11.778388,356.0,364.4425031794623,0.984118291347207
onshore,south_easterly_onshore,walton_lighthouse-2025-11-12_222142Z,11.778388,359.0,361.0285785156398,0.984118291347207
onshore,south_easterly_onshore,walton_lighthouse-2025-11-12_222142Z,11.778388,363.0,357.79440140109034,0.984118291347207
onshore,south_easterly_onshore,walton_lighthouse-2025-11-12_222142Z,11.778388,366.0,354.8888926606276,0.984118291347207
onshore,south_easterly_onshore,walton_lighthouse-2025-11-12_222142Z,11.778388,370.0,352.359387647445,0.984118291347207
onshore,south_easterly_onshore,walton_lighthouse-2025-11-12_222142Z,11.778388,373.0,350.1511416778458,0.984118291347207
onshore,south_easterly_onshore,walton_lighthouse-2025-11-12_222142Z,11.778388,376.0,325.3546835001548,0.984118291347207
onshore,south_easterly_onshore,walton_lighthouse-2025-11-12_222142Z,11.778388,380.0,422.51965339645915,0.9846659364731654
onshore,south_easterly_onshore,walton_lighthouse-2025-11-12_222142Z,11.778388,383.0,323.4385789437341,0.9846659364731654
onshore,south_easterly_onshore,walton_lighthouse-2025-11-12_222142Z,11.778388,387.0,245.50497429430047,0.9846659364731654
onshore,south_easterly_onshore,walton_lighthouse-2025-11-12_222142Z,11.778388,390.0,211.05899024906563,0.9846659364731654
onshore,south_easterly_onshore,walton_lighthouse-2025-11-12_222142Z,11.778388,394.0,204.80239083379698,0.9846659364731654
onshore,south_easterly_onshore,walton_lighthouse-2025-11-12_222142Z,11.778388,397.0,205.58011686199166,0.9846659364731654
onshore,south_easterly_onshore,walton_lighthouse-2025-11-12_222142Z,11.778388,400.0,206.7490834645838,0.9846659364731654
onshore,south_easterly_onshore,walton_lighthouse-2025-11-12_222142Z,11.778388,404.0,208.26445467590375,0.9846659364731654
onshore,south_easterly_onshore,walton_lighthouse-2025-11-12_222142Z,11.778388,407.0,210.18063965436625,0.9846659364731654
onshore,south_easterly_onshore,walton_lighthouse-2025-11-12_222142Z,11.778388,411.0,212.39203352085553,0.9846659364731654
onshore,south_easterly_onshore,walton_lighthouse-2025-11-12_222142Z,11.778388,414.0,214.80929100701303,0.9846659364731654
onshore,south_easterly_onshore,walton_lighthouse-2025-11-12_222142Z,11.778388,417.0,217.411345324831,0.9846659364731654
onshore,south_easterly_onshore,walton_lighthouse-2025-11-12_222142Z,11.778388,421.0,220.65839595539575,0.9846659364731654
onshore,south_easterly_onshore,walton_lighthouse-2025-11-12_222142Z,11.778388,424.0,225.13597947265612,0.9846659364731654
onshore,south_easterly_onshore,walton_lighthouse-2025-11-12_222142Z,11.778388,428.0,230.61375862012454,0.9852135815991238
onshore,south_easterly_onshore,walton_lighthouse-2025-11-12_222142Z,11.778388,431.0,852.6454801381238,0.9874041621029573
onshore,south_easterly_onshore,walton_lighthouse-2025-11-12_222142Z,11.778388,435.0,856.8687209400965,0.9874041621029573
onshore,south_easterly_onshore,walton_lighthouse-2025-11-12_222142Z,11.778388,438.0,859.3874884994991,0.9874041621029573
onshore,south_easterly_onshore,walton_lighthouse-2025-11-12_222142Z,11.778388,441.0,860.1842243394541,0.9874041621029573
onshore,south_easterly_onshore,walton_lighthouse-2025-11-12_222142Z,11.778388,445.0,860.1624277510434,0.9874041621029573
onshore,south_easterly_onshore,walton_lighthouse-2025-11-12_222142Z,11.778388,448.0,860.0504187817496,0.9874041621029573
onshore,south_easterly_onshore,walton_lighthouse-2025-11-12_222142Z,11.778388,452.0,859.5209931192444,0.9874041621029573
onshore,south_easterly_onshore,walton_lighthouse-2025-11-12_222142Z,11.778388,455.0,859.11729346357,0.9874041621029573
onshore,south_easterly_onshore,walton_lighthouse-2025-11-12_222142Z,11.778388,459.0,860.2809098263657,0.9874041621029573
onshore,south_easterly_onshore,walton_lighthouse-2025-11-12_222142Z,11.778388,462.0,820.9199724881693,0.9874041621029573
onshore,south_easterly_onshore,walton_lighthouse-2025-11-12_222142Z,11.778388,465.0,825.2148455907408,0.9874041621029573
onshore,south_easterly_onshore,walton_lighthouse-2025-11-12_222142Z,11.778388,469.0,829.520204708308,0.9874041621029573
onshore,south_easterly_onshore,walton_lighthouse-2025-11-12_222142Z,11.778388,472.0,832.3564504595078,0.9874041621029573
onshore,south_easterly_onshore,walton_lighthouse-2025-11-12_222142Z,11.778388,476.0,832.8299728628654,0.9874041621029573
onshore,south_easterly_onshore,walton_lighthouse-2025-11-12_222142Z,11.778388,479.0,831.1965991310868,0.9874041621029573
onshore,south_easterly_onshore,walton_lighthouse-2025-11-12_222142Z,11.778388,482.0,828.5708150161731,0.9874041621029573
onshore,south_easterly_onshore,walton_lighthouse-2025-11-12_222142Z,11.778388,486.0,826.3320582312313,0.9874041621029573
onshore,south_easterly_onshore,walton_lighthouse-2025-11-12_222142Z,11.778388,489.0,825.6774940612587,0.9874041621029573
onshore,south_easterly_onshore,walton_lighthouse-2025-11-12_222142Z,11.778388,493.0,826.7125413656682,0.9874041621029573
onshore,south_easterly_onshore,walton_lighthouse-2025-11-12_222142Z,11.778388,496.0,828.6146524664871,0.9874041621029573
onshore,south_easterly_onshore,walton_lighthouse-2025-11-12_222142Z,11.778388,500.0,830.2644959805702,0.9874041621029573
onshore,south_easterly_onshore,walton_lighthouse-2025-11-12_222142Z,11.778388,503.0,687.1189274892271,0.9868565169769989
onshore,south_easterly_onshore,walton_lighthouse-2025-11-12_222142Z,11.778388,506.0,688.1084638727231,0.9868565169769989
onshore,south_easterly_onshore,walton_lighthouse-2025-11-12_222142Z,11.778388,510.0,689.4952324907918,0.9868565169769989
onshore,south_easterly_onshore,walton_lighthouse-2025-11-12_222142Z,11.778388,513.0,691.0735153667152,0.9868565169769989
onshore,south_easterly_onshore,walton_lighthouse-2025-11-12_222142Z,11.778388,517.0,517.371632659803,0.9863088718510405
onshore,south_easterly_onshore,walton_lighthouse-2025-11-12_222142Z,11.778388,520.0,369.94023443706226,0.9857612267250822
onshore,south_easterly_onshore,walton_lighthouse-2025-11-12_222142Z,11.778388,524.0,370.95416537568053,0.9857612267250822
onshore,south_easterly_onshore,walton_lighthouse-2025-11-12_222142Z,11.778388,527.0,372.00758786945687,0.9857612267250822
onshore,south_easterly_onshore,walton_lighthouse-2025-11-12_222142Z,11.778388,530.0,373.3534490781616,0.9857612267250822
onshore,south_easterly_onshore,walton_lighthouse-2025-11-12_222142Z,11.778388,534.0,374.99946367030515,0.9857612267250822
onshore,south_easterly_onshore,walton_lighthouse-2025-11-12_222142Z,11.778388,537.0,376.71622334933153,0.9857612267250822
onshore,south_easterly_onshore,walton_lighthouse-2025-11-12_222142Z,11.778388,541.0,378.3155929246332,0.9857612267250822
onshore,south_easterly_onshore,walton_lighthouse-2025-11-12_222142Z,11.778388,544.0,379.95199575403046,0.9857612267250822
onshore,south_easterly_onshore,walton_lighthouse-2025-11-12_222142Z,11.778388,548.0,382.0436749463439,0.9857612267250822
onshore,south_easterly_onshore,walton_lighthouse-2025-11-12_222142Z,11.778388,551.0,384.9701274468371,0.9857612267250822
onshore,south_easterly_onshore,walton_lighthouse-2025-11-12_222142Z,11.778388,554.0,388.74188537990744,0.9857612267250822
onshore,south_easterly_onshore,walton_lighthouse-2025-11-12_222142Z,11.778388,558.0,393.3986091211534,0.9857612267250822
onshore,south_easterly_onshore,walton_lighthouse-2025-11-12_222142Z,11.778388,561.0,401.4169376108035,0.9857612267250822
onshore,south_easterly_onshore,walton_lighthouse-2025-11-12_222142Z,11.778388,565.0,564.1165223520328,0.9863088718510405
onshore,south_easterly_onshore,walton_lighthouse-2025-11-12_222142Z,11.778388,568.0,597.5165512799226,0.9863088718510405
onshore,south_easterly_onshore,walton_lighthouse-2025-11-12_222142Z,11.778388,571.0,1923.2382930476126,0.9912376779846659
onshore,south_easterly_onshore,walton_lighthouse-2025-11-12_222142Z,11.778388,575.0,2368.412001732377,0.9928806133625411
onshore,south_easterly_onshore,walton_lighthouse-2025-11-12_222142Z,11.778388,578.0,2376.7468335968233,0.9928806133625411
onshore,south_easterly_onshore,walton_lighthouse-2025-11-12_222142Z,11.778388,582.0,2376.9761691432955,0.9928806133625411
onshore,south_easterly_onshore,walton_lighthouse-2025-11-12_222142Z,11.778388,585.0,2376.8130655498335,0.9928806133625411
onshore,south_easterly_onshore,walton_lighthouse-2025-11-12_222142Z,11.778388,589.0,2375.873464385363,0.9928806133625411
onshore,south_easterly_onshore,walton_lighthouse-2025-11-12_222142Z,11.778388,592.0,2493.833624149646,0.9934282584884995
onshore,south_easterly_onshore,walton_lighthouse-2025-11-12_222142Z,11.778388,595.0,2487.9438365122737,0.9934282584884995
onshore,south_easterly_onshore,walton_lighthouse-2025-11-12_222142Z,11.778388,599.0,2478.6614611683362,0.9934282584884995
onshore,south_easterly_onshore,walton_lighthouse-2025-11-12_222142Z,11.778388,602.0,2467.435322604563,0.9934282584884995
onshore,south_easterly_onshore,walton_lighthouse-2025-11-12_222142Z,11.778388,606.0,2456.6239353389083,0.9934282584884995
onshore,south_easterly_onshore,walton_lighthouse-2025-11-12_222142Z,11.778388,609.0,2447.8908871245553,0.9934282584884995
onshore,south_easterly_onshore,walton_lighthouse-2025-11-12_222142Z,11.778388,613.0,2552.366377915523,0.9939759036144579
onshore,south_easterly_onshore,walton_lighthouse-2025-11-12_222142Z,11.778388,616.0,2545.273148827472,0.9939759036144579
onshore,south_easterly_onshore,walton_lighthouse-2025-11-12_222142Z,11.778388,619.0,2534.4287906942736,0.9939759036144579
onshore,south_easterly_onshore,walton_lighthouse-2025-11-12_222142Z,11.778388,623.0,2520.835935045041,0.9945235487404163
onshore,south_easterly_onshore,walton_lighthouse-2025-11-12_222142Z,11.778388,626.0,2501.3903522002174,0.9945235487404163
onshore,south_easterly_onshore,walton_lighthouse-2025-11-12_222142Z,11.778388,630.0,2480.547967066181,0.9945235487404163
onshore,south_easterly_onshore,walton_lighthouse-2025-11-12_222142Z,11.778388,633.0,2461.1928903847506,0.9945235487404163
onshore,south_easterly_onshore,walton_lighthouse-2025-11-12_222142Z,11.778388,636.0,2446.8770769971543,0.9945235487404163
onshore,south_easterly_onshore,walton_lighthouse-2025-11-12_222142Z,11.778388,640.0,2440.1021361024104,0.9945235487404163
onshore,south_easterly_onshore,walton_lighthouse-2025-11-12_222142Z,11.778388,643.0,2441.8966547015357,0.9945235487404163
onshore,south_easterly_onshore,walton_lighthouse-2025-11-12_222142Z,11.778388,647.0,2323.3961616400074,0.9939759036144579
onshore,south_easterly_onshore,walton_lighthouse-2025-11-12_222142Z,11.778388,650.0,2432.9708687882994,0.9945235487404163
onshore,south_easterly_onshore,walton_lighthouse-2025-11-12_222142Z,11.778388,654.0,2317.421219702441,0.9939759036144579
onshore,south_easterly_onshore,walton_lighthouse-2025-11-12_222142Z,11.778388,657.0,1792.9432133158098,0.9917853231106243
onshore,south_easterly_onshore,walton_lighthouse-2025-11-12_222142Z,11.778388,660.0,1777.3948763089459,0.9917853231106243
onshore,south_easterly_onshore,walton_lighthouse-2025-11-12_222142Z,11.778388,664.0,1631.433762379903,0.9912376779846659
onshore,south_easterly_onshore,walton_lighthouse-2025-11-12_222142Z,11.778388,667.0,1620.4341967462954,0.9912376779846659
onshore,south_easterly_onshore,walton_lighthouse-2025-11-12_222142Z,11.778388,671.0,1623.8020549091634,0.9912376779846659
onshore,south_easterly_onshore,walton_lighthouse-2025-11-12_222142Z,11.778388,674.0,1404.5767249996657,0.9901423877327492
onshore,south_easterly_onshore,walton_lighthouse-2025-11-12_222142Z,11.778388,678.0,1064.6930017527218,0.988499452354874
onshore,south_easterly_onshore,walton_lighthouse-2025-11-12_222142Z,11.778388,681.0,719.9788996046854,0.9868565169769989
onshore,south_easterly_onshore,walton_lighthouse-2025-11-12_222142Z,11.778388,684.0,732.1998221034457,0.9868565169769989
onshore,south_easterly_onshore,walton_lighthouse-2025-11-12_222142Z,11.778388,688.0,744.504599800653,0.9868565169769989
onshore,south_easterly_onshore,walton_lighthouse-2025-11-12_222142Z,11.778388,691.0,518.3765727669562,0.9857612267250822
onshore,south_easterly_onshore,walton_lighthouse-2025-11-12_222142Z,11.778388,695.0,529.5088115112844,0.9857612267250822
onshore,south_easterly_onshore,walton_lighthouse-2025-11-12_222142Z,11.778388,698.0,538.9838874730407,0.9857612267250822
onshore,south_easterly_onshore,walton_lighthouse-2025-11-12_222142Z,11.778388,701.0,547.0379818434722,0.9857612267250822
onshore,south_easterly_onshore,walton_lighthouse-2025-11-12_222142Z,11.778388,705.0,554.7419633084171,0.9857612267250822
onshore,south_easterly_onshore,walton_lighthouse-2025-11-12_222142Z,11.778388,708.0,563.631664714409,0.9857612267250822
onshore,south_easterly_onshore,walton_lighthouse-2025-11-12_222142Z,11.778388,712.0,574.9235596258999,0.9857612267250822
onshore,south_easterly_onshore,walton_lighthouse-2025-11-12_222142Z,11.778388,715.0,592.3425970529577,0.9868565169769989
onshore,south_easterly_onshore,walton_lighthouse-2025-11-12_222142Z,11.778388,719.0,508.25992705586646,0.9863088718510405
onshore,south_easterly_onshore,walton_lighthouse-2025-11-12_222142Z,11.778388,722.0,519.8291828276219,0.9863088718510405
onshore,south_easterly_onshore,walton_lighthouse-2025-11-12_222142Z,11.778388,725.0,529.6078994116407,0.9863088718510405
onshore,south_easterly_onshore,walton_lighthouse-2025-11-12_222142Z,11.778388,729.0,539.3283519905891,0.9863088718510405
onshore,south_easterly_onshore,walton_lighthouse-2025-11-12_222142Z,11.778388,732.0,549.9900399529579,0.9863088718510405
onshore,south_easterly_onshore,walton_lighthouse-2025-11-12_222142Z,11.778388,736.0,561.5486375949171,0.9863088718510405
onshore,south_easterly_onshore,walton_lighthouse-2025-11-12_222142Z,11.778388,739.0,573.3977183450081,0.9863088718510405
onshore,south_easterly_onshore,walton_lighthouse-2025-11-12_222142Z,11.778388,743.0,585.5345779450954,0.9863088718510405
onshore,south_easterly_onshore,walton_lighthouse-2025-11-12_222142Z,11.778388,746.0,598.4358425171185,0.9863088718510405
onshore,south_easterly_onshore,walton_lighthouse-2025-11-12_222142Z,11.778388,749.0,612.7132801057842,0.9863088718510405
onshore,south_easterly_onshore,walton_lighthouse-2025-11-12_222142Z,11.778388,753.0,629.4288510219616,0.9863088718510405
onshore,south_easterly_onshore,walton_lighthouse-2025-11-12_222142Z,11.778388,756.0,649.2112768418831,0.9863088718510405
onshore,south_easterly_onshore,walton_lighthouse-2025-11-12_222142Z,11.778388,760.0,671.595949455917,0.9863088718510405
onshore,south_easterly_onshore,walton_lighthouse-2025-11-12_222142Z,11.778388,763.0,694.6782505947813,0.9863088718510405
onshore,south_easterly_onshore,walton_lighthouse-2025-11-12_222142Z,11.778388,767.0,716.337777290155,0.9863088718510405
onshore,south_easterly_onshore,walton_lighthouse-2025-11-12_222142Z,11.778388,770.0,736.2160367923397,0.9863088718510405
onshore,south_easterly_onshore,walton_lighthouse-2025-11-12_222142Z,11.778388,773.0,755.7277135641158,0.9863088718510405
onshore,south_easterly_onshore,walton_lighthouse-2025-11-12_222142Z,11.778388,777.0,776.8573381324883,0.9863088718510405
onshore,south_easterly_onshore,walton_lighthouse-2025-11-12_222142Z,11.778388,780.0,800.2453981162599,0.9863088718510405
onshore,south_easterly_onshore,walton_lighthouse-2025-11-12_222142Z,11.778388,784.0,824.2077256625284,0.9863088718510405
onshore,south_easterly_onshore,walton_lighthouse-2025-11-12_222142Z,11.778388,787.0,846.0112962051516,0.9863088718510405
onshore,south_easterly_onshore,walton_lighthouse-2025-11-12_222142Z,11.778388,790.0,864.935900845681,0.9863088718510405
onshore,south_easterly_onshore,walton_lighthouse-2025-11-12_222142Z,11.778388,794.0,883.2391035460179,0.9852135815991238
onshore,south_easterly_onshore,walton_lighthouse-2025-11-12_222142Z,11.778388,797.0,905.2607097990892,0.9852135815991238
onshore,south_easterly_onshore,walton_lighthouse-2025-11-12_222142Z,11.778388,801.0,928.8824502927191,0.9852135815991238
onshore,south_easterly_onshore,walton_lighthouse-2025-11-12_222142Z,11.778388,804.0,951.4891130788875,0.9852135815991238
onshore,south_easterly_onshore,walton_lighthouse-2025-11-12_222142Z,11.778388,808.0,972.3562390149708,0.9852135815991238
onshore,south_easterly_onshore,walton_lighthouse-2025-11-12_222142Z,11.778388,811.0,990.5107414814311,0.9852135815991238
onshore,south_easterly_onshore,walton_lighthouse-2025-11-12_222142Z,11.778388,814.0,1001.8903310882331,0.9857612267250822
onshore,south_easterly_onshore,walton_lighthouse-2025-11-12_222142Z,11.778388,818.0,1121.697317267696,0.9863088718510405
onshore,south_easterly_onshore,walton_lighthouse-2025-11-12_222142Z,11.778388,821.0,1123.741179610996,0.9863088718510405
onshore,south_easterly_onshore,walton_lighthouse-2025-11-12_222142Z,11.778388,825.0,1132.4209500566133,0.9863088718510405
onshore,south_easterly_onshore,walton_lighthouse-2025-11-12_222142Z,11.778388,828.0,1147.4155712534682,0.9863088718510405
onshore,south_easterly_onshore,walton_lighthouse-2025-11-12_222142Z,11.778388,832.0,1165.9657296708108,0.9863088718510405
onshore,south_easterly_onshore,walton_lighthouse-2025-11-12_222142Z,11.778388,835.0,1190.1503995332155,0.9863088718510405
onshore,south_easterly_onshore,walton_lighthouse-2025-11-12_222142Z,11.778388,838.0,1225.9850398925587,0.9863088718510405
onshore,south_easterly_onshore,walton_lighthouse-2025-11-12_222142Z,11.778388,842.0,1276.996131952764,0.9863088718510405
onshore,south_easterly_onshore,walton_lighthouse-2025-11-12_222142Z,11.778388,845.0,1361.1317527969622,0.9857612267250822
onshore,south_easterly_onshore,walton_lighthouse-2025-11-12_222142Z,11.778388,849.0,1512.6583765563187,0.9857612267250822
onshore,south_easterly_onshore,walton_lighthouse-2025-11-12_222142Z,11.778388,852.0,1734.2445195945347,0.9857612267250822
onshore,south_easterly_onshore,walton_lighthouse-2025-11-12_222142Z,11.778388,855.0,1966.2720299004236,0.9857612267250822
onshore,south_easterly_onshore,walton_lighthouse-2025-11-12_222142Z,11.778388,859.0,2146.458645224047,0.9857612267250822
onshore,south_easterly_onshore,walton_lighthouse-2025-11-12_222142Z,11.778388,862.0,2278.1328766569145,0.9857612267250822
onshore,south_easterly_onshore,walton_lighthouse-2025-11-12_222142Z,11.778388,866.0,2311.9413107847395,0.9852135815991238
onshore,south_easterly_onshore,walton_lighthouse-2025-11-12_222142Z,11.778388,869.0,2450.043579679811,0.9846659364731654
onshore,south_easterly_onshore,walton_lighthouse-2025-11-12_222142Z,11.778388,873.0,2583.9345995512012,0.984118291347207
onshore,south_easterly_onshore,walton_lighthouse-2025-11-12_222142Z,11.778388,876.0,2688.17266514562,0.9813800657174151
onshore,south_easterly_onshore,walton_lighthouse-2025-11-12_222142Z,11.778388,879.0,2779.9859320933247,0.9622124863088719
onshore,south_easterly_onshore,walton_lighthouse-2025-11-12_222142Z,11.778388,883.0,2903.4204489291296,0.8762322015334063
onshore,south_easterly_onshore,walton_lighthouse-2025-11-12_222142Z,11.778388,886.0,3105.9269218673426,0.767250821467689
onshore,south_easterly_onshore,walton_lighthouse-2025-06-05_215319Z,21.269236,253.0,17.060360057415924,0.8721023181454837
onshore,south_easterly_onshore,walton_lighthouse-2025-06-05_215319Z,21.269236,257.0,17.476203782722813,0.8721023181454837
onshore,south_easterly_onshore,walton_lighthouse-2025-06-05_215319Z,21.269236,260.0,18.07053210741989,0.8721023181454837
onshore,south_easterly_onshore,walton_lighthouse-2025-06-05_215319Z,21.269236,263.0,18.836673421824838,0.8721023181454837
onshore,south_easterly_onshore,walton_lighthouse-2025-06-05_215319Z,21.269236,267.0,19.6291086986804,0.8721023181454837
onshore,south_easterly_onshore,walton_lighthouse-2025-06-05_215319Z,21.269236,270.0,20.273051089037608,0.8721023181454837
onshore,south_easterly_onshore,walton_lighthouse-2025-06-05_215319Z,21.269236,274.0,20.777516477800408,0.8721023181454837
onshore,south_easterly_onshore,walton_lighthouse-2025-06-05_215319Z,21.269236,277.0,21.244233152328963,0.8721023181454837
onshore,south_easterly_onshore,walton_lighthouse-2025-06-05_215319Z,21.269236,281.0,21.787842812043323,0.8721023181454837
onshore,south_easterly_onshore,walton_lighthouse-2025-06-05_215319Z,21.269236,284.0,22.44216355034059,0.8721023181454837
onshore,south_easterly_onshore,walton_lighthouse-2025-06-05_215319Z,21.269236,287.0,23.178574948198854,0.8721023181454837
onshore,south_easterly_onshore,walton_lighthouse-2025-06-05_215319Z,21.269236,291.0,23.971433019386904,0.8721023181454837
onshore,south_easterly_onshore,walton_lighthouse-2025-06-05_215319Z,21.269236,294.0,24.800888336486437,0.8721023181454837
onshore,south_easterly_onshore,walton_lighthouse-2025-06-05_215319Z,21.269236,298.0,25.645215125515662,0.8721023181454837
onshore,south_easterly_onshore,walton_lighthouse-2025-06-05_215319Z,21.269236,301.0,26.514144007467284,0.8721023181454837
onshore,south_easterly_onshore,walton_lighthouse-2025-06-05_215319Z,21.269236,305.0,27.455034799131667,0.8721023181454837
onshore,south_easterly_onshore,walton_lighthouse-2025-06-05_215319Z,21.269236,308.0,28.52270728543905,0.8721023181454837
onshore,south_easterly_onshore,walton_lighthouse-2025-06-05_215319Z,21.269236,311.0,29.750337650094952,0.8721023181454837
onshore,south_easterly_onshore,walton_lighthouse-2025-06-05_215319Z,21.269236,315.0,31.143716395447072,0.8721023181454837
onshore,south_easterly_onshore,walton_lighthouse-2025-06-05_215319Z,21.269236,318.0,32.70016828744949,0.8721023181454837
onshore,south_easterly_onshore,walton_lighthouse-2025-06-05_215319Z,21.269236,322.0,34.41608544725283,0.8721023181454837
onshore,south_easterly_onshore,walton_lighthouse-2025-06-05_215319Z,21.269236,325.0,36.25957614244112,0.8721023181454837
onshore,south_easterly_onshore,walton_lighthouse-2025-06-05_215319Z,21.269236,329.0,38.179211557849634,0.8721023181454837
onshore,south_easterly_onshore,walton_lighthouse-2025-06-05_215319Z,21.269236,332.0,40.165016094900906,0.8721023181454837
onshore,south_easterly_onshore,walton_lighthouse-2025-06-05_215319Z,21.269236,335.0,42.2418111067215,0.8721023181454837
onshore,south_easterly_onshore,walton_lighthouse-2025-06-05_215319Z,21.269236,339.0,44.42091955670931,0.8721023181454837
onshore,south_easterly_onshore,walton_lighthouse-2025-06-05_215319Z,21.269236,342.0,46.68101257158389,0.8721023181454837
onshore,south_easterly_onshore,walton_lighthouse-2025-06-05_215319Z,21.269236,346.0,48.996849399282034,0.8721023181454837
onshore,south_easterly_onshore,walton_lighthouse-2025-06-05_215319Z,21.269236,349.0,51.358860796232186,0.8721023181454837
onshore,south_easterly_onshore,walton_lighthouse-2025-06-05_215319Z,21.269236,352.0,53.76364748928228,0.8721023181454837
onshore,south_easterly_onshore,walton_lighthouse-2025-06-05_215319Z,21.269236,356.0,56.21751830265349,0.8721023181454837
onshore,south_easterly_onshore,walton_lighthouse-2025-06-05_215319Z,21.269236,359.0,58.74400347670159,0.8721023181454837
onshore,south_easterly_onshore,walton_lighthouse-2025-06-05_215319Z,21.269236,363.0,61.370269159688725,0.8721023181454837
onshore,south_easterly_onshore,walton_lighthouse-2025-06-05_215319Z,21.269236,366.0,64.09561204025985,0.8721023181454837
onshore,south_easterly_onshore,walton_lighthouse-2025-06-05_215319Z,21.269236,370.0,66.8770366848123,0.8721023181454837
onshore,south_easterly_onshore,walton_lighthouse-2025-06-05_215319Z,21.269236,373.0,69.65168528813811,0.8721023181454837
onshore,south_easterly_onshore,walton_lighthouse-2025-06-05_215319Z,21.269236,376.0,72.37720365180236,0.8721023181454837
onshore,south_easterly_onshore,walton_lighthouse-2025-06-05_215319Z,21.269236,380.0,75.04702629221015,0.8721023181454837
onshore,south_easterly_onshore,walton_lighthouse-2025-06-05_215319Z,21.269236,383.0,77.6748839329765,0.8721023181454837
onshore,south_easterly_onshore,walton_lighthouse-2025-06-05_215319Z,21.269236,387.0,80.28575193492627,0.8721023181454837
onshore,south_easterly_onshore,walton_lighthouse-2025-06-05_215319Z,21.269236,390.0,82.90076408773052,0.8721023181454837
onshore,south_easterly_onshore,walton_lighthouse-2025-06-05_215319Z,21.269236,394.0,85.51986848108405,0.8721023181454837
onshore,south_easterly_onshore,walton_lighthouse-2025-06-05_215319Z,21.269236,397.0,88.12088060042113,0.8721023181454837
onshore,south_easterly_onshore,walton_lighthouse-2025-06-05_215319Z,21.269236,400.0,90.66281072722904,0.8721023181454837
onshore,south_easterly_onshore,walton_lighthouse-2025-06-05_215319Z,21.269236,404.0,93.10184440856837,0.8721023181454837
onshore,south_easterly_onshore,walton_lighthouse-2025-06-05_215319Z,21.269236,407.0,95.41731294644941,0.8721023181454837
onshore,south_easterly_onshore,walton_lighthouse-2025-06-05_215319Z,21.269236,411.0,97.62709758266278,0.8721023181454837
onshore,south_easterly_onshore,walton_lighthouse-2025-06-05_215319Z,21.269236,414.0,99.7602507220176,0.8721023181454837
onshore,south_easterly_onshore,walton_lighthouse-2025-06-05_215319Z,21.269236,417.0,101.8022956728021,0.8721023181454837
onshore,south_easterly_onshore,walton_lighthouse-2025-06-05_215319Z,21.269236,421.0,103.71402724942148,0.8721023181454837
onshore,south_easterly_onshore,walton_lighthouse-2025-06-05_215319Z,21.269236,424.0,105.50410947395066,0.8721023181454837
onshore,south_easterly_onshore,walton_lighthouse-2025-06-05_215319Z,21.269236,428.0,107.23913018869222,0.8721023181454837
onshore,south_easterly_onshore,walton_lighthouse-2025-06-05_215319Z,21.269236,431.0,108.96766499149221,0.8721023181454837
onshore,south_easterly_onshore,walton_lighthouse-2025-06-05_215319Z,21.269236,435.0,110.7019578963769,0.8721023181454837
onshore,south_easterly_onshore,walton_lighthouse-2025-06-05_215319Z,21.269236,438.0,112.45103601322614,0.8721023181454837
onshore,south_easterly_onshore,walton_lighthouse-2025-06-05_215319Z,21.269236,441.0,114.21179090917931,0.8721023181454837
onshore,south_easterly_onshore,walton_lighthouse-2025-06-05_215319Z,21.269236,445.0,115.97380243776823,0.8721023181454837
onshore,south_easterly_onshore,walton_lighthouse-2025-06-05_215319Z,21.269236,448.0,117.76692315620195,0.8721023181454837
onshore,south_easterly_onshore,walton_lighthouse-2025-06-05_215319Z,21.269236,452.0,119.66544132386501,0.8721023181454837
onshore,south_easterly_onshore,walton_lighthouse-2025-06-05_215319Z,21.269236,455.0,121.74996232158088,0.8721023181454837
onshore,south_easterly_onshore,walton_lighthouse-2025-06-05_215319Z,21.269236,459.0,124.07874984081491,0.8721023181454837
onshore,south_easterly_onshore,walton_lighthouse-2025-06-05_215319Z,21.269236,462.0,126.6330923764161,0.8721023181454837
onshore,south_easterly_onshore,walton_lighthouse-2025-06-05_215319Z,21.269236,465.0,129.3211690187084,0.8721023181454837
onshore,south_easterly_onshore,walton_lighthouse-2025-06-05_215319Z,21.269236,469.0,132.0585449817215,0.8721023181454837
onshore,south_easterly_onshore,walton_lighthouse-2025-06-05_215319Z,21.269236,472.0,134.8248036011573,0.8721023181454837
onshore,south_easterly_onshore,walton_lighthouse-2025-06-05_215319Z,21.269236,476.0,137.58469282877869,0.8721023181454837
onshore,south_easterly_onshore,walton_lighthouse-2025-06-05_215319Z,21.269236,479.0,140.18713339855887,0.8721023181454837
onshore,south_easterly_onshore,walton_lighthouse-2025-06-05_215319Z,21.269236,482.0,142.4798602721273,0.8721023181454837
onshore,south_easterly_onshore,walton_lighthouse-2025-06-05_215319Z,21.269236,486.0,144.446776148788,0.8721023181454837
onshore,south_easterly_onshore,walton_lighthouse-2025-06-05_215319Z,21.269236,489.0,146.1112343119421,0.8721023181454837
onshore,south_easterly_onshore,walton_lighthouse-2025-06-05_215319Z,21.269236,493.0,147.40460573553875,0.8721023181454837
onshore,south_easterly_onshore,walton_lighthouse-2025-06-05_215319Z,21.269236,496.0,148.24494938089865,0.8721023181454837
onshore,south_easterly_onshore,walton_lighthouse-2025-06-05_215319Z,21.269236,500.0,148.66553494256095,0.8721023181454837
onshore,south_easterly_onshore,walton_lighthouse-2025-06-05_215319Z,21.269236,503.0,148.74482913787304,0.8721023181454837
onshore,south_easterly_onshore,walton_lighthouse-2025-06-05_215319Z,21.269236,506.0,148.55010066150973,0.8721023181454837
onshore,south_easterly_onshore,walton_lighthouse-2025-06-05_215319Z,21.269236,510.0,148.25823978249238,0.8721023181454837
onshore,south_easterly_onshore,walton_lighthouse-2025-06-05_215319Z,21.269236,513.0,148.18651395598266,0.8721023181454837
onshore,south_easterly_onshore,walton_lighthouse-2025-06-05_215319Z,21.269236,517.0,148.51155081288522,0.8721023181454837
onshore,south_easterly_onshore,walton_lighthouse-2025-06-05_215319Z,21.269236,520.0,149.1880489306586,0.8721023181454837
onshore,south_easterly_onshore,walton_lighthouse-2025-06-05_215319Z,21.269236,524.0,150.12066333584326,0.8721023181454837
onshore,south_easterly_onshore,walton_lighthouse-2025-06-05_215319Z,21.269236,527.0,151.3043252105309,0.8729016786570744
onshore,south_easterly_onshore,walton_lighthouse-2025-06-05_215319Z,21.269236,530.0,152.3774567416899,0.8729016786570744
onshore,south_easterly_onshore,walton_lighthouse-2025-06-05_215319Z,21.269236,534.0,153.32782470240645,0.8729016786570744
onshore,south_easterly_onshore,walton_lighthouse-2025-06-05_215319Z,21.269236,537.0,154.096044799038,0.8729016786570744
onshore,south_easterly_onshore,walton_lighthouse-2025-06-05_215319Z,21.269236,541.0,154.68206285777237,0.8729016786570744
onshore,south_easterly_onshore,walton_lighthouse-2025-06-05_215319Z,21.269236,544.0,155.16153686164114,0.8729016786570744
onshore,south_easterly_onshore,walton_lighthouse-2025-06-05_215319Z,21.269236,548.0,155.62368544572726,0.8729016786570744
onshore,south_easterly_onshore,walton_lighthouse-2025-06-05_215319Z,21.269236,551.0,156.1483403699264,0.8729016786570744
onshore,south_easterly_onshore,walton_lighthouse-2025-06-05_215319Z,21.269236,554.0,156.80417222541706,0.8729016786570744
onshore,south_easterly_onshore,walton_lighthouse-2025-06-05_215319Z,21.269236,558.0,157.6408024452041,0.8729016786570744
onshore,south_easterly_onshore,walton_lighthouse-2025-06-05_215319Z,21.269236,561.0,158.63726966391684,0.8729016786570744
onshore,south_easterly_onshore,walton_lighthouse-2025-06-05_215319Z,21.269236,565.0,159.69922148106758,0.8729016786570744
onshore,south_easterly_onshore,walton_lighthouse-2025-06-05_215319Z,21.269236,568.0,160.67926796494802,0.8729016786570744
onshore,south_easterly_onshore,walton_lighthouse-2025-06-05_215319Z,21.269236,571.0,161.43711152233553,0.8729016786570744
onshore,south_easterly_onshore,walton_lighthouse-2025-06-05_215319Z,21.269236,575.0,161.9105627789866,0.8729016786570744
onshore,south_easterly_onshore,walton_lighthouse-2025-06-05_215319Z,21.269236,578.0,162.0856860862188,0.8729016786570744
onshore,south_easterly_onshore,walton_lighthouse-2025-06-05_215319Z,21.269236,582.0,161.93097120464034,0.8729016786570744
onshore,south_easterly_onshore,walton_lighthouse-2025-06-05_215319Z,21.269236,585.0,161.43464032475336,0.8729016786570744
onshore,south_easterly_onshore,walton_lighthouse-2025-06-05_215319Z,21.269236,589.0,160.64628867509708,0.8729016786570744
onshore,south_easterly_onshore,walton_lighthouse-2025-06-05_215319Z,21.269236,592.0,159.5764594444591,0.8729016786570744
onshore,south_easterly_onshore,walton_lighthouse-2025-06-05_215319Z,21.269236,595.0,158.19553905197137,0.8729016786570744
onshore,south_easterly_onshore,walton_lighthouse-2025-06-05_215319Z,21.269236,599.0,156.5409832099319,0.8729016786570744
onshore,south_easterly_onshore,walton_lighthouse-2025-06-05_215319Z,21.269236,602.0,154.7671455068503,0.8729016786570744
onshore,south_easterly_onshore,walton_lighthouse-2025-06-05_215319Z,21.269236,606.0,153.1380730004378,0.8729016786570744
onshore,south_easterly_onshore,walton_lighthouse-2025-06-05_215319Z,21.269236,609.0,151.85919853204652,0.8729016786570744
onshore,south_easterly_onshore,walton_lighthouse-2025-06-05_215319Z,21.269236,613.0,151.00134432286336,0.8729016786570744
onshore,south_easterly_onshore,walton_lighthouse-2025-06-05_215319Z,21.269236,616.0,150.57354297399084,0.8729016786570744
onshore,south_easterly_onshore,walton_lighthouse-2025-06-05_215319Z,21.269236,619.0,150.51764263426924,0.8729016786570744
onshore,south_easterly_onshore,walton_lighthouse-2025-06-05_215319Z,21.269236,623.0,150.68931947116718,0.8729016786570744
onshore,south_easterly_onshore,walton_lighthouse-2025-06-05_215319Z,21.269236,626.0,150.95518032216512,0.8729016786570744
onshore,south_easterly_onshore,walton_lighthouse-2025-06-05_215319Z,21.269236,630.0,151.2934071046982,0.8729016786570744
onshore,south_easterly_onshore,walton_lighthouse-2025-06-05_215319Z,21.269236,633.0,151.84221313315737,0.8721023181454837
onshore,south_easterly_onshore,walton_lighthouse-2025-06-05_215319Z,21.269236,636.0,152.3129728966478,0.8721023181454837
onshore,south_easterly_onshore,walton_lighthouse-2025-06-05_215319Z,21.269236,640.0,152.84074326142596,0.8721023181454837
onshore,south_easterly_onshore,walton_lighthouse-2025-06-05_215319Z,21.269236,643.0,153.41358683963156,0.8721023181454837
onshore,south_easterly_onshore,walton_lighthouse-2025-06-05_215319Z,21.269236,647.0,153.95290322448517,0.8721023181454837
onshore,south_easterly_onshore,walton_lighthouse-2025-06-05_215319Z,21.269236,650.0,154.3372489547356,0.8721023181454837
onshore,south_easterly_onshore,walton_lighthouse-2025-06-05_215319Z,21.269236,654.0,154.4445838607066,0.8721023181454837
onshore,south_easterly_onshore,walton_lighthouse-2025-06-05_215319Z,21.269236,657.0,154.13254754303543,0.8721023181454837
onshore,south_easterly_onshore,walton_lighthouse-2025-06-05_215319Z,21.269236,660.0,153.3411086837935,0.8721023181454837
onshore,south_easterly_onshore,walton_lighthouse-2025-06-05_215319Z,21.269236,664.0,152.26427633990738,0.8721023181454837
onshore,south_easterly_onshore,walton_lighthouse-2025-06-05_215319Z,21.269236,667.0,151.27661625907504,0.8721023181454837
onshore,south_easterly_onshore,walton_lighthouse-2025-06-05_215319Z,21.269236,671.0,150.70521323133536,0.8721023181454837
onshore,south_easterly_onshore,walton_lighthouse-2025-06-05_215319Z,21.269236,674.0,150.70718590667894,0.8729016786570744
onshore,south_easterly_onshore,walton_lighthouse-2025-06-05_215319Z,21.269236,678.0,151.13236275494572,0.8729016786570744
onshore,south_easterly_onshore,walton_lighthouse-2025-06-05_215319Z,21.269236,681.0,151.96696819877306,0.8729016786570744
onshore,south_easterly_onshore,walton_lighthouse-2025-06-05_215319Z,21.269236,684.0,153.24904803628067,0.8729016786570744
onshore,south_easterly_onshore,walton_lighthouse-2025-06-05_215319Z,21.269236,688.0,155.10821936505707,0.8729016786570744
onshore,south_easterly_onshore,walton_lighthouse-2025-06-05_215319Z,21.269236,691.0,157.65058809397433,0.8729016786570744
onshore,south_easterly_onshore,walton_lighthouse-2025-06-05_215319Z,21.269236,695.0,160.781064126702,0.8729016786570744
onshore,south_easterly_onshore,walton_lighthouse-2025-06-05_215319Z,21.269236,698.0,164.16745698208453,0.8729016786570744
onshore,south_easterly_onshore,walton_lighthouse-2025-06-05_215319Z,21.269236,701.0,167.45582915917868,0.8729016786570744
onshore,south_easterly_onshore,walton_lighthouse-2025-06-05_215319Z,21.269236,705.0,170.51763570236957,0.8729016786570744
onshore,south_easterly_onshore,walton_lighthouse-2025-06-05_215319Z,21.269236,708.0,173.39865129138406,0.8729016786570744
onshore,south_easterly_onshore,walton_lighthouse-2025-06-05_215319Z,21.269236,712.0,176.19076030300917,0.8729016786570744
onshore,south_easterly_onshore,walton_lighthouse-2025-06-05_215319Z,21.269236,715.0,179.05142456325711,0.8729016786570744
onshore,south_easterly_onshore,walton_lighthouse-2025-06-05_215319Z,21.269236,719.0,182.1745205896404,0.8729016786570744
onshore,south_easterly_onshore,walton_lighthouse-2025-06-05_215319Z,21.269236,722.0,185.6906395092233,0.8729016786570744
onshore,south_easterly_onshore,walton_lighthouse-2025-06-05_215319Z,21.269236,725.0,189.60125661284752,0.8729016786570744
onshore,south_easterly_onshore,walton_lighthouse-2025-06-05_215319Z,21.269236,729.0,193.7978313652355,0.8729016786570744
onshore,south_easterly_onshore,walton_lighthouse-2025-06-05_215319Z,21.269236,732.0,198.0908833085202,0.8729016786570744
onshore,south_easterly_onshore,walton_lighthouse-2025-06-05_215319Z,21.269236,736.0,202.29646788706432,0.8729016786570744
onshore,south_easterly_onshore,walton_lighthouse-2025-06-05_215319Z,21.269236,739.0,206.28909695066534,0.8729016786570744
onshore,south_easterly_onshore,walton_lighthouse-2025-06-05_215319Z,21.269236,743.0,209.98874872688617,0.8729016786570744
onshore,south_easterly_onshore,walton_lighthouse-2025-06-05_215319Z,21.269236,746.0,213.34402116824097,0.8729016786570744
onshore,south_easterly_onshore,walton_lighthouse-2025-06-05_215319Z,21.269236,749.0,216.39809919652163,0.8729016786570744
onshore,south_easterly_onshore,walton_lighthouse-2025-06-05_215319Z,21.269236,753.0,219.38521473646867,0.8729016786570744
onshore,south_easterly_onshore,walton_lighthouse-2025-06-05_215319Z,21.269236,756.0,222.59182125782087,0.8729016786570744
onshore,south_easterly_onshore,walton_lighthouse-2025-06-05_215319Z,21.269236,760.0,226.07008812759722,0.8729016786570744
onshore,south_easterly_onshore,walton_lighthouse-2025-06-05_215319Z,21.269236,763.0,229.56371364930035,0.8729016786570744
onshore,south_easterly_onshore,walton_lighthouse-2025-06-05_215319Z,21.269236,767.0,232.78505211579485,0.8729016786570744
onshore,south_easterly_onshore,walton_lighthouse-2025-06-05_215319Z,21.269236,770.0,235.6870121462899,0.8729016786570744
onshore,south_easterly_onshore,walton_lighthouse-2025-06-05_215319Z,21.269236,773.0,238.2796017391664,0.8729016786570744
onshore,south_easterly_onshore,walton_lighthouse-2025-06-05_215319Z,21.269236,777.0,240.53891562337023,0.8729016786570744
onshore,south_easterly_onshore,walton_lighthouse-2025-06-05_215319Z,21.269236,780.0,242.50794616395027,0.8729016786570744
onshore,south_easterly_onshore,walton_lighthouse-2025-06-05_215319Z,21.269236,784.0,5004.794826421966,0.8920863309352518
onshore,south_easterly_onshore,walton_lighthouse-2025-06-05_215319Z,21.269236,787.0,16576.92817310294,0.9520383693045563
onshore,south_easterly_onshore,walton_lighthouse-2025-06-05_215319Z,21.269236,790.0,20157.201879281485,0.9768185451638689
onshore,south_easterly_onshore,walton_lighthouse-2025-06-05_215319Z,21.269236,794.0,20732.419529623727,0.9840127897681854
onshore,south_easterly_onshore,walton_lighthouse-2025-06-05_215319Z,21.269236,797.0,20651.85586551017,0.9872102318145484
onshore,south_easterly_onshore,walton_lighthouse-2025-06-05_215319Z,21.269236,801.0,20944.25071825464,0.9936051159072742
onshore,south_easterly_onshore,walton_lighthouse-2025-06-05_215319Z,21.269236,804.0,20556.52447003674,0.9944044764188649
onshore,south_easterly_onshore,walton_lighthouse-2025-06-05_215319Z,21.269236,808.0,20496.74700243628,0.996802557953637
onshore,south_easterly_onshore,walton_lighthouse-2025-06-05_215319Z,21.269236,811.0,20089.758342790992,0.996802557953637
onshore,south_easterly_onshore,walton_lighthouse-2025-06-05_215319Z,21.269236,814.0,19686.316250731168,0.996802557953637
onshore,south_easterly_onshore,walton_lighthouse-2025-06-05_215319Z,21.269236,818.0,19284.837619000227,0.996802557953637
onshore,south_easterly_onshore,walton_lighthouse-2025-06-05_215319Z,21.269236,821.0,18904.060485219532,0.996802557953637
onshore,south_easterly_onshore,walton_lighthouse-2025-06-05_215319Z,21.269236,825.0,18569.886739452137,0.996802557953637
onshore,south_easterly_onshore,walton_lighthouse-2025-06-05_215319Z,21.269236,828.0,18465.257929645388,0.9984012789768185
onshore,south_easterly_onshore,walton_lighthouse-2025-06-05_215319Z,21.269236,832.0,18247.500763116685,0.9984012789768185
onshore,south_easterly_onshore,walton_lighthouse-2025-06-05_215319Z,21.269236,835.0,18069.70939289968,0.9984012789768185
onshore,south_easterly_onshore,walton_lighthouse-2025-06-05_215319Z,21.269236,838.0,17922.63602041001,0.9984012789768185
onshore,south_easterly_onshore,walton_lighthouse-2025-06-05_215319Z,21.269236,842.0,17799.799982599903,0.9984012789768185
onshore,south_easterly_onshore,walton_lighthouse-2025-06-05_215319Z,21.269236,845.0,17691.541653240678,0.9984012789768185
onshore,south_easterly_onshore,walton_lighthouse-2025-06-05_215319Z,21.269236,849.0,17166.895138654316,0.9952038369304557
onshore,south_easterly_onshore,walton_lighthouse-2025-06-05_215319Z,21.269236,852.0,16995.56407914685,0.9944044764188649
onshore,south_easterly_onshore,walton_lighthouse-2025-06-05_215319Z,21.269236,855.0,16976.011331051468,0.9944044764188649
onshore,south_easterly_onshore,walton_lighthouse-2025-06-05_215319Z,21.269236,859.0,16977.027690060084,0.9944044764188649
onshore,south_easterly_onshore,walton_lighthouse-2025-06-05_215319Z,21.269236,862.0,16964.82938875741,0.9944044764188649
onshore,south_easterly_onshore,walton_lighthouse-2025-06-05_215319Z,21.269236,866.0,16945.22180861436,0.9944044764188649
onshore,south_easterly_onshore,walton_lighthouse-2025-06-05_215319Z,21.269236,869.0,16955.33451803033,0.9944044764188649
onshore,south_easterly_onshore,walton_lighthouse-2025-06-05_215319Z,21.269236,873.0,17006.674503023194,0.9944044764188649
onshore,south_easterly_onshore,walton_lighthouse-2025-06-05_215319Z,21.269236,876.0,17067.08696374235,0.9944044764188649
onshore,south_easterly_onshore,walton_lighthouse-2025-06-05_215319Z,21.269236,879.0,16973.73167679954,0.988009592326139
onshore,south_easterly_onshore,walton_lighthouse-2025-06-05_215319Z,21.269236,883.0,17320.023016922187,0.9496402877697842
onshore,south_easterly_onshore,walton_lighthouse-2025-06-05_215319Z,21.269236,886.0,17611.768073653104,0.9072741806554756
onshore,south_westerly_onshore,walton_lighthouse-2025-02-15_150220Z,140.798125,486.0,2.2119209677704923,0.14285714285714285
onshore,south_westerly_onshore,walton_lighthouse-2025-02-15_150220Z,140.798125,489.0,36.458525734502864,0.5238095238095238
onshore,south_westerly_onshore,walton_lighthouse-2025-02-15_150220Z,140.798125,493.0,27.667572784856972,0.8571428571428571
onshore,south_westerly_onshore,walton_lighthouse-2025-02-15_150220Z,140.798125,496.0,30.51248349526618,1.0
onshore,south_westerly_onshore,walton_lighthouse-2025-02-15_150220Z,140.798125,500.0,37.47007947870642,1.0
onshore,south_westerly_onshore,walton_lighthouse-2025-02-15_150220Z,140.798125,503.0,43.625452252742576,1.0
onshore,south_westerly_onshore,walton_lighthouse-2025-02-15_150220Z,140.798125,506.0,46.53690376526267,1.0
onshore,south_westerly_onshore,walton_lighthouse-2025-02-15_150220Z,140.798125,510.0,46.541288986755134,1.0
onshore,south_westerly_onshore,walton_lighthouse-2025-02-15_150220Z,140.798125,513.0,44.84572179263723,1.0
onshore,south_westerly_onshore,walton_lighthouse-2025-02-15_150220Z,140.798125,517.0,43.41026382953404,1.0
onshore,south_westerly_onshore,walton_lighthouse-2025-02-15_150220Z,140.798125,520.0,43.671919581387975,1.0
onshore,south_westerly_onshore,walton_lighthouse-2025-02-15_150220Z,140.798125,524.0,45.112613736329386,1.0
onshore,south_westerly_onshore,walton_lighthouse-2025-02-15_150220Z,140.798125,527.0,45.84934741840656,1.0
onshore,south_westerly_onshore,walton_lighthouse-2025-02-15_150220Z,140.798125,530.0,44.71456010876359,1.0
onshore,south_westerly_onshore,walton_lighthouse-2025-02-15_150220Z,140.798125,534.0,41.88873184238756,1.0
onshore,south_westerly_onshore,walton_lighthouse-2025-02-15_150220Z,140.798125,537.0,38.082182762250554,1.0
onshore,south_westerly_onshore,walton_lighthouse-2025-02-15_150220Z,140.798125,541.0,34.250406527306936,1.0
onshore,south_westerly_onshore,walton_lighthouse-2025-02-15_150220Z,140.798125,544.0,31.44027671838375,1.0
onshore,south_westerly_onshore,walton_lighthouse-2025-02-15_150220Z,140.798125,548.0,30.037186735490373,1.0
onshore,south_westerly_onshore,walton_lighthouse-2025-02-15_150220Z,140.798125,551.0,29.64252774608754,1.0
onshore,south_westerly_onshore,walton_lighthouse-2025-02-15_150220Z,140.798125,554.0,29.439602513297917,1.0
onshore,south_westerly_onshore,walton_lighthouse-2025-02-15_150220Z,140.798125,558.0,29.20626966059,0.9523809523809523
onshore,south_westerly_onshore,walton_lighthouse-2025-02-15_150220Z,140.798125,561.0,26.73005744394481,0.9523809523809523
onshore,south_westerly_onshore,walton_lighthouse-2025-02-15_150220Z,140.798125,565.0,23.44194243253545,0.9523809523809523
onshore,south_westerly_onshore,walton_lighthouse-2025-02-15_150220Z,140.798125,568.0,20.153963893754938,0.9523809523809523
onshore,south_westerly_onshore,walton_lighthouse-2025-02-15_150220Z,140.798125,571.0,17.420028167934017,0.9523809523809523
onshore,south_westerly_onshore,walton_lighthouse-2025-02-15_150220Z,140.798125,575.0,15.412152622621628,0.9523809523809523
onshore,south_westerly_onshore,walton_lighthouse-2025-02-15_150220Z,140.798125,578.0,13.972177937113798,0.9523809523809523
onshore,south_westerly_onshore,walton_lighthouse-2025-02-15_150220Z,140.798125,582.0,12.815280954794385,0.9523809523809523
onshore,south_westerly_onshore,walton_lighthouse-2025-02-15_150220Z,140.798125,585.0,8.303748188601993,0.8571428571428571
onshore,south_westerly_onshore,walton_lighthouse-2025-02-15_150220Z,140.798125,589.0,7.5721490827286,0.8571428571428571
onshore,south_westerly_onshore,walton_lighthouse-2025-02-15_150220Z,140.798125,592.0,4.8085265131373935,0.47619047619047616
onshore,south_westerly_onshore,walton_lighthouse-2025-02-15_150220Z,140.798125,595.0,0.19575140273874359,0.2857142857142857
onshore,south_westerly_onshore,walton_lighthouse-2025-02-15_150220Z,140.798125,599.0,0.11525450859926716,0.2857142857142857
onshore,south_westerly_onshore,walton_lighthouse-2025-02-15_150220Z,140.798125,602.0,0.06509501242257441,0.2857142857142857
onshore,south_westerly_onshore,walton_lighthouse-2025-02-15_150220Z,140.798125,606.0,0.034270827910049366,0.2857142857142857
onshore,south_westerly_onshore,walton_lighthouse-2025-03-19_000451Z,92.48000000000002,253.0,111.95304892223626,0.9989963198394112
onshore,south_westerly_onshore,walton_lighthouse-2025-03-19_000451Z,92.48000000000002,257.0,111.72695908614723,0.9989963198394112
onshore,south_westerly_onshore,walton_lighthouse-2025-03-19_000451Z,92.48000000000002,260.0,111.53925677041809,0.9989963198394112
onshore,south_westerly_onshore,walton_lighthouse-2025-03-19_000451Z,92.48000000000002,263.0,111.42505420332638,0.9989963198394112
onshore,south_westerly_onshore,walton_lighthouse-2025-03-19_000451Z,92.48000000000002,267.0,111.3772116538737,0.9989963198394112
onshore,south_westerly_onshore,walton_lighthouse-2025-03-19_000451Z,92.48000000000002,270.0,111.3191370125259,0.9989963198394112
onshore,south_westerly_onshore,walton_lighthouse-2025-03-19_000451Z,92.48000000000002,274.0,111.21223067531213,0.9989963198394112
onshore,south_westerly_onshore,walton_lighthouse-2025-03-19_000451Z,92.48000000000002,277.0,111.06685895792116,0.9989963198394112
onshore,south_westerly_onshore,walton_lighthouse-2025-03-19_000451Z,92.48000000000002,281.0,110.89626242777648,0.9989963198394112
onshore,south_westerly_onshore,walton_lighthouse-2025-03-19_000451Z,92.48000000000002,284.0,110.62374825302257,0.9989963198394112
onshore,south_westerly_onshore,walton_lighthouse-2025-03-19_000451Z,92.48000000000002,287.0,110.10437196689702,0.9989963198394112
onshore,south_westerly_onshore,walton_lighthouse-2025-03-19_000451Z,92.48000000000002,291.0,109.23773800577301,0.9989963198394112
onshore,south_westerly_onshore,walton_lighthouse-2025-03-19_000451Z,92.48000000000002,294.0,108.02031857072998,0.9989963198394112
onshore,south_westerly_onshore,walton_lighthouse-2025-03-19_000451Z,92.48000000000002,298.0,106.52511985132755,0.9989963198394112
onshore,south_westerly_onshore,walton_lighthouse-2025-03-19_000451Z,92.48000000000002,301.0,104.87472938182407,0.9989963198394112
onshore,south_westerly_onshore,walton_lighthouse-2025-03-19_000451Z,92.48000000000002,305.0,103.2149821044042,0.9989963198394112
onshore,south_westerly_onshore,walton_lighthouse-2025-03-19_000451Z,92.48000000000002,308.0,101.648436832962,0.9989963198394112
onshore,south_westerly_onshore,walton_lighthouse-2025-03-19_000451Z,92.48000000000002,311.0,100.2011857673447,0.9989963198394112
onshore,south_westerly_onshore,walton_lighthouse-2025-03-19_000451Z,92.48000000000002,315.0,98.83612474291999,0.9989963198394112
onshore,south_westerly_onshore,walton_lighthouse-2025-03-19_000451Z,92.48000000000002,318.0,97.48389303631579,0.9989963198394112
onshore,south_westerly_onshore,walton_lighthouse-2025-03-19_000451Z,92.48000000000002,322.0,96.07741031702156,0.9989963198394112
onshore,south_westerly_onshore,walton_lighthouse-2025-03-19_000451Z,92.48000000000002,325.0,94.56457452200678,0.9989963198394112
onshore,south_westerly_onshore,walton_lighthouse-2025-03-19_000451Z,92.48000000000002,329.0,92.86994731175166,0.9989963198394112
onshore,south_westerly_onshore,walton_lighthouse-2025-03-19_000451Z,92.48000000000002,332.0,90.89581439151091,0.9989963198394112
onshore,south_westerly_onshore,walton_lighthouse-2025-03-19_000451Z,92.48000000000002,335.0,88.60894577820291,0.9989963198394112
onshore,south_westerly_onshore,walton_lighthouse-2025-03-19_000451Z,92.48000000000002,339.0,86.07986419438761,0.9989963198394112
onshore,south_westerly_onshore,walton_lighthouse-2025-03-19_000451Z,92.48000000000002,342.0,83.43001190861202,0.9989963198394112
onshore,south_westerly_onshore,walton_lighthouse-2025-03-19_000451Z,92.48000000000002,346.0,80.76686127662738,0.9989963198394112
onshore,south_westerly_onshore,walton_lighthouse-2025-03-19_000451Z,92.48000000000002,349.0,78.1623815316171,0.9989963198394112
onshore,south_westerly_onshore,walton_lighthouse-2025-03-19_000451Z,92.48000000000002,352.0,75.65393167337034,0.9989963198394112
onshore,south_westerly_onshore,walton_lighthouse-2025-03-19_000451Z,92.48000000000002,356.0,73.24527751065466,0.9989963198394112
onshore,south_westerly_onshore,walton_lighthouse-2025-03-19_000451Z,92.48000000000002,359.0,70.91161848013515,0.9989963198394112
onshore,south_westerly_onshore,walton_lighthouse-2025-03-19_000451Z,92.48000000000002,363.0,68.61146402086881,0.9989963198394112
onshore,south_westerly_onshore,walton_lighthouse-2025-03-19_000451Z,92.48000000000002,366.0,66.27453889767509,0.9989963198394112
onshore,south_westerly_onshore,walton_lighthouse-2025-03-19_000451Z,92.48000000000002,370.0,63.822656256416494,0.9989963198394112
onshore,south_westerly_onshore,walton_lighthouse-2025-03-19_000451Z,92.48000000000002,373.0,61.20935877331628,0.9989963198394112
onshore,south_westerly_onshore,walton_lighthouse-2025-03-19_000451Z,92.48000000000002,376.0,58.45935492910835,0.9989963198394112
onshore,south_westerly_onshore,walton_lighthouse-2025-03-19_000451Z,92.48000000000002,380.0,55.6866971890356,0.9989963198394112
onshore,south_westerly_onshore,walton_lighthouse-2025-03-19_000451Z,92.48000000000002,383.0,53.042229967949254,0.9989963198394112
onshore,south_westerly_onshore,walton_lighthouse-2025-03-19_000451Z,92.48000000000002,387.0,50.641753154440984,0.9989963198394112
onshore,south_westerly_onshore,walton_lighthouse-2025-03-19_000451Z,92.48000000000002,390.0,48.518741156013576,0.9989963198394112
onshore,south_westerly_onshore,walton_lighthouse-2025-03-19_000451Z,92.48000000000002,394.0,46.64618721684888,0.9989963198394112
onshore,south_westerly_onshore,walton_lighthouse-2025-03-19_000451Z,92.48000000000002,397.0,44.98185520443842,0.9989963198394112
onshore,south_westerly_onshore,walton_lighthouse-2025-03-19_000451Z,92.48000000000002,400.0,43.50253744765837,0.9989963198394112
onshore,south_westerly_onshore,walton_lighthouse-2025-03-19_000451Z,92.48000000000002,404.0,42.19950986108216,0.9989963198394112
onshore,south_westerly_onshore,walton_lighthouse-2025-03-19_000451Z,92.48000000000002,407.0,41.04576961585593,0.9989963198394112
onshore,south_westerly_onshore,walton_lighthouse-2025-03-19_000451Z,92.48000000000002,411.0,39.99513294148901,0.9989963198394112
onshore,south_westerly_onshore,walton_lighthouse-2025-03-19_000451Z,92.48000000000002,414.0,39.01189817731582,0.9989963198394112
onshore,south_westerly_onshore,walton_lighthouse-2025-03-19_000451Z,92.48000000000002,417.0,38.120311681830216,0.9989963198394112
onshore,south_westerly_onshore,walton_lighthouse-2025-03-19_000451Z,92.48000000000002,421.0,37.41542242556554,0.9989963198394112
onshore,south_westerly_onshore,walton_lighthouse-2025-03-19_000451Z,92.48000000000002,424.0,37.003449647971614,0.9989963198394112
onshore,south_westerly_onshore,walton_lighthouse-2025-03-19_000451Z,92.48000000000002,428.0,36.94270787396361,0.9989963198394112
onshore,south_westerly_onshore,walton_lighthouse-2025-03-19_000451Z,92.48000000000002,431.0,37.23600295102958,0.9989963198394112
onshore,south_westerly_onshore,walton_lighthouse-2025-03-19_000451Z,92.48000000000002,435.0,37.866447598602875,0.9989963198394112
onshore,south_westerly_onshore,walton_lighthouse-2025-03-19_000451Z,92.48000000000002,438.0,38.84673749625393,0.9989963198394112
onshore,south_westerly_onshore,walton_lighthouse-2025-03-19_000451Z,92.48000000000002,441.0,40.25837768326343,0.9989963198394112
onshore,south_westerly_onshore,walton_lighthouse-2025-03-19_000451Z,92.48000000000002,445.0,42.256069468000824,0.9989963198394112
onshore,south_westerly_onshore,walton_lighthouse-2025-03-19_000451Z,92.48000000000002,448.0,45.047319041402716,0.9989963198394112
onshore,south_westerly_onshore,walton_lighthouse-2025-03-19_000451Z,92.48000000000002,452.0,48.86683152843699,0.9989963198394112
onshore,south_westerly_onshore,walton_lighthouse-2025-03-19_000451Z,92.48000000000002,455.0,53.95272306891563,0.9989963198394112
onshore,south_westerly_onshore,walton_lighthouse-2025-03-19_000451Z,92.48000000000002,459.0,60.51384119498147,0.9989963198394112
onshore,south_westerly_onshore,walton_lighthouse-2025-03-19_000451Z,92.48000000000002,462.0,68.70069281051946,0.9989963198394112
onshore,south_westerly_onshore,walton_lighthouse-2025-03-19_000451Z,92.48000000000002,465.0,78.61468324887217,0.9989963198394112
onshore,south_westerly_onshore,walton_lighthouse-2025-03-19_000451Z,92.48000000000002,469.0,90.28883515153268,0.9989963198394112
onshore,south_westerly_onshore,walton_lighthouse-2025-03-19_000451Z,92.48000000000002,472.0,103.59352538804465,0.9989963198394112
onshore,south_westerly_onshore,walton_lighthouse-2025-03-19_000451Z,92.48000000000002,476.0,118.12293449109902,0.9989963198394112
onshore,south_westerly_onshore,walton_lighthouse-2025-03-19_000451Z,92.48000000000002,479.0,133.26003543209146,0.9989963198394112
onshore,south_westerly_onshore,walton_lighthouse-2025-03-19_000451Z,92.48000000000002,482.0,148.4496281521649,0.9989963198394112
onshore,south_westerly_onshore,walton_lighthouse-2025-03-19_000451Z,92.48000000000002,486.0,163.75423799170176,0.9989963198394112
onshore,south_westerly_onshore,walton_lighthouse-2025-03-19_000451Z,92.48000000000002,489.0,180.256789663565,0.9989963198394112
onshore,south_westerly_onshore,walton_lighthouse-2025-03-19_000451Z,92.48000000000002,493.0,199.77837361726367,0.9989963198394112
onshore,south_westerly_onshore,walton_lighthouse-2025-03-19_000451Z,92.48000000000002,496.0,224.58839512690903,0.9989963198394112
onshore,south_westerly_onshore,walton_lighthouse-2025-03-19_000451Z,92.48000000000002,500.0,257.28765486845083,0.9989963198394112
onshore,south_westerly_onshore,walton_lighthouse-2025-03-19_000451Z,92.48000000000002,503.0,300.50429534226373,0.9989963198394112
onshore,south_westerly_onshore,walton_lighthouse-2025-03-19_000451Z,92.48000000000002,506.0,356.8588095366936,0.9989963198394112
onshore,south_westerly_onshore,walton_lighthouse-2025-03-19_000451Z,92.48000000000002,510.0,426.63541433115415,0.9989963198394112
onshore,south_westerly_onshore,walton_lighthouse-2025-03-19_000451Z,92.48000000000002,513.0,503.67889810874874,0.9989963198394112
onshore,south_westerly_onshore,walton_lighthouse-2025-03-19_000451Z,92.48000000000002,517.0,578.0317028609327,0.9989963198394112
onshore,south_westerly_onshore,walton_lighthouse-2025-03-19_000451Z,92.48000000000002,520.0,644.9898008075938,0.9989963198394112
onshore,south_westerly_onshore,walton_lighthouse-2025-03-19_000451Z,92.48000000000002,524.0,712.1662342423762,0.9989963198394112
onshore,south_westerly_onshore,walton_lighthouse-2025-03-19_000451Z,92.48000000000002,527.0,792.6377303488306,0.9989963198394112
onshore,south_westerly_onshore,walton_lighthouse-2025-03-19_000451Z,92.48000000000002,530.0,894.0146577091718,0.9989963198394112
onshore,south_westerly_onshore,walton_lighthouse-2025-03-19_000451Z,92.48000000000002,534.0,1012.101422725415,0.9989963198394112
onshore,south_westerly_onshore,walton_lighthouse-2025-03-19_000451Z,92.48000000000002,537.0,1132.1160546345275,0.9989963198394112
onshore,south_westerly_onshore,walton_lighthouse-2025-03-19_000451Z,92.48000000000002,541.0,1240.4058369751879,0.9989963198394112
onshore,south_westerly_onshore,walton_lighthouse-2025-03-19_000451Z,92.48000000000002,544.0,1332.1777903723842,0.9989963198394112
onshore,south_westerly_onshore,walton_lighthouse-2025-03-19_000451Z,92.48000000000002,548.0,1413.8556241958183,0.9989963198394112
onshore,south_westerly_onshore,walton_lighthouse-2025-03-19_000451Z,92.48000000000002,551.0,1495.1830792287196,0.9989963198394112
onshore,south_westerly_onshore,walton_lighthouse-2025-03-19_000451Z,92.48000000000002,554.0,1576.4389869308109,0.9989963198394112
onshore,south_westerly_onshore,walton_lighthouse-2025-03-19_000451Z,92.48000000000002,558.0,1650.5803463299137,0.9989963198394112
onshore,south_westerly_onshore,walton_lighthouse-2025-03-19_000451Z,92.48000000000002,561.0,1711.816897295416,0.9989963198394112
onshore,south_westerly_onshore,walton_lighthouse-2025-03-19_000451Z,92.48000000000002,565.0,1757.8837817006881,0.9989963198394112
onshore,south_westerly_onshore,walton_lighthouse-2025-03-19_000451Z,92.48000000000002,568.0,1794.001594643198,0.9979926396788223
onshore,south_westerly_onshore,walton_lighthouse-2025-03-19_000451Z,92.48000000000002,571.0,1823.953537031779,0.9976580796252927
onshore,south_westerly_onshore,walton_lighthouse-2025-03-19_000451Z,92.48000000000002,575.0,1852.1575434982133,0.9976580796252927
onshore,south_westerly_onshore,walton_lighthouse-2025-03-19_000451Z,92.48000000000002,578.0,1879.2767457211169,0.9976580796252927
onshore,south_westerly_onshore,walton_lighthouse-2025-03-19_000451Z,92.48000000000002,582.0,1903.4658712248481,0.9976580796252927
onshore,south_westerly_onshore,walton_lighthouse-2025-03-19_000451Z,92.48000000000002,585.0,1923.3612116908887,0.9976580796252927
onshore,south_westerly_onshore,walton_lighthouse-2025-03-19_000451Z,92.48000000000002,589.0,1939.8147568390752,0.9976580796252927
onshore,south_westerly_onshore,walton_lighthouse-2025-03-19_000451Z,92.48000000000002,592.0,1955.3557493190945,0.9976580796252927
onshore,south_westerly_onshore,walton_lighthouse-2025-03-19_000451Z,92.48000000000002,595.0,1970.5377269279945,0.9979926396788223
onshore,south_westerly_onshore,walton_lighthouse-2025-03-19_000451Z,92.48000000000002,599.0,1983.5582693930792,0.9979926396788223
onshore,south_westerly_onshore,walton_lighthouse-2025-03-19_000451Z,92.48000000000002,602.0,1989.1852975778586,0.9979926396788223
onshore,south_westerly_onshore,walton_lighthouse-2025-03-19_000451Z,92.48000000000002,606.0,1983.7244821301279,0.9979926396788223
onshore,south_westerly_onshore,walton_lighthouse-2025-03-19_000451Z,92.48000000000002,609.0,1969.560331038723,0.9979926396788223
onshore,south_westerly_onshore,walton_lighthouse-2025-03-19_000451Z,92.48000000000002,613.0,1952.8249044721379,0.9979926396788223
onshore,south_westerly_onshore,walton_lighthouse-2025-03-19_000451Z,92.48000000000002,616.0,1937.2778487856526,0.998327199732352
onshore,south_westerly_onshore,walton_lighthouse-2025-03-19_000451Z,92.48000000000002,619.0,1921.1766797102796,0.9979926396788223
onshore,south_westerly_onshore,walton_lighthouse-2025-03-19_000451Z,92.48000000000002,623.0,1910.8413218747949,0.9989963198394112
onshore,south_westerly_onshore,walton_lighthouse-2025-03-19_000451Z,92.48000000000002,626.0,1899.8763798771422,0.9986617597858816
onshore,south_westerly_onshore,walton_lighthouse-2025-03-19_000451Z,92.48000000000002,630.0,1892.904884390221,0.9986617597858816
onshore,south_westerly_onshore,walton_lighthouse-2025-03-19_000451Z,92.48000000000002,633.0,1885.2885077390356,0.9986617597858816
onshore,south_westerly_onshore,walton_lighthouse-2025-03-19_000451Z,92.48000000000002,636.0,1873.245752625581,0.998327199732352
onshore,south_westerly_onshore,walton_lighthouse-2025-03-19_000451Z,92.48000000000002,640.0,1863.3101919818853,0.998327199732352
onshore,south_westerly_onshore,walton_lighthouse-2025-03-19_000451Z,92.48000000000002,643.0,1851.3749587755801,0.9979926396788223
onshore,south_westerly_onshore,walton_lighthouse-2025-03-19_000451Z,92.48000000000002,647.0,1834.144734366639,0.9973235195717631
onshore,south_westerly_onshore,walton_lighthouse-2025-03-19_000451Z,92.48000000000002,650.0,1817.4244943843526,0.9973235195717631
onshore,south_westerly_onshore,walton_lighthouse-2025-03-19_000451Z,92.48000000000002,654.0,1795.4153713302994,0.9969889595182335
onshore,south_westerly_onshore,walton_lighthouse-2025-03-19_000451Z,92.48000000000002,657.0,1766.8537401128528,0.9959852793576447
onshore,south_westerly_onshore,walton_lighthouse-2025-03-19_000451Z,92.48000000000002,660.0,1750.237180864859,0.9956507193041151
onshore,south_westerly_onshore,walton_lighthouse-2025-03-19_000451Z,92.48000000000002,664.0,1734.8877795624344,0.9953161592505855
onshore,south_westerly_onshore,walton_lighthouse-2025-03-19_000451Z,92.48000000000002,667.0,1727.164156678031,0.9953161592505855
onshore,south_westerly_onshore,walton_lighthouse-2025-03-19_000451Z,92.48000000000002,671.0,1711.5147225315802,0.993977919036467
onshore,south_westerly_onshore,walton_lighthouse-2025-03-19_000451Z,92.48000000000002,674.0,1716.9706777054996,0.993977919036467
onshore,south_westerly_onshore,walton_lighthouse-2025-03-19_000451Z,92.48000000000002,678.0,1719.8498536529412,0.9933087989294078
onshore,south_westerly_onshore,walton_lighthouse-2025-03-19_000451Z,92.48000000000002,681.0,1677.6453373349514,0.990632318501171
onshore,south_westerly_onshore,walton_lighthouse-2025-03-19_000451Z,92.48000000000002,684.0,1568.3343126833238,0.9839411174305788
onshore,south_westerly_onshore,walton_lighthouse-2025-03-19_000451Z,92.48000000000002,688.0,1476.4284764853185,0.9772499163599866
onshore,south_westerly_onshore,walton_lighthouse-2025-03-19_000451Z,92.48000000000002,691.0,1428.5827539596166,0.9705587152893944
onshore,south_westerly_onshore,walton_lighthouse-2025-03-19_000451Z,92.48000000000002,695.0,1410.6622847543615,0.9635329541652726
onshore,south_westerly_onshore,walton_lighthouse-2025-03-19_000451Z,92.48000000000002,698.0,1384.6864366355885,0.9581799933087989
onshore,south_westerly_onshore,walton_lighthouse-2025-03-19_000451Z,92.48000000000002,701.0,1281.855772502664,0.9417865506858482
onshore,south_westerly_onshore,walton_lighthouse-2025-03-19_000451Z,92.48000000000002,705.0,1282.5954337259782,0.9407828705252593
onshore,south_westerly_onshore,walton_lighthouse-2025-03-19_000451Z,92.48000000000002,708.0,1295.5039269710053,0.9401137504182001
onshore,south_westerly_onshore,walton_lighthouse-2025-03-19_000451Z,92.48000000000002,712.0,1335.379238158446,0.9397791903646705
onshore,south_westerly_onshore,walton_lighthouse-2025-03-19_000451Z,92.48000000000002,715.0,1399.8742222097806,0.9394446303111409
onshore,south_westerly_onshore,walton_lighthouse-2025-03-19_000451Z,92.48000000000002,719.0,1469.0107240300636,0.9394446303111409
onshore,south_westerly_onshore,walton_lighthouse-2025-03-19_000451Z,92.48000000000002,722.0,1515.4052647447195,0.9394446303111409
onshore,south_westerly_onshore,walton_lighthouse-2025-03-19_000451Z,92.48000000000002,725.0,1529.6189147844284,0.9394446303111409
onshore,south_westerly_onshore,walton_lighthouse-2025-03-19_000451Z,92.48000000000002,729.0,1525.527768606195,0.9394446303111409
onshore,south_westerly_onshore,walton_lighthouse-2025-03-19_000451Z,92.48000000000002,732.0,1521.1611953708002,0.9394446303111409
onshore,south_westerly_onshore,walton_lighthouse-2025-03-19_000451Z,92.48000000000002,736.0,1521.8062389140143,0.9394446303111409
onshore,south_westerly_onshore,walton_lighthouse-2025-03-19_000451Z,92.48000000000002,739.0,1515.4352995585948,0.9391100702576113
onshore,south_westerly_onshore,walton_lighthouse-2025-03-19_000451Z,92.48000000000002,743.0,1506.8896038927066,0.9387755102040817
onshore,south_westerly_onshore,walton_lighthouse-2025-03-19_000451Z,92.48000000000002,746.0,1501.3386760036021,0.9387755102040817
onshore,south_westerly_onshore,walton_lighthouse-2025-03-19_000451Z,92.48000000000002,749.0,1466.784371188936,0.9377718300434928
onshore,south_westerly_onshore,walton_lighthouse-2025-03-19_000451Z,92.48000000000002,753.0,1442.4437843503326,0.9374372699899632
onshore,south_westerly_onshore,walton_lighthouse-2025-03-19_000451Z,92.48000000000002,756.0,1400.7501904964233,0.9364335898293744
onshore,south_westerly_onshore,walton_lighthouse-2025-03-19_000451Z,92.48000000000002,760.0,1317.2039762991867,0.9337571094011375
onshore,south_westerly_onshore,walton_lighthouse-2025-03-19_000451Z,92.48000000000002,763.0,1107.297002804118,0.9257276681164269
onshore,south_westerly_onshore,walton_lighthouse-2025-03-19_000451Z,92.48000000000002,767.0,995.7926067736191,0.9220475075276012
onshore,south_westerly_onshore,walton_lighthouse-2025-03-19_000451Z,92.48000000000002,770.0,952.1721598004048,0.921378387420542
onshore,south_westerly_onshore,walton_lighthouse-2025-03-19_000451Z,92.48000000000002,773.0,936.0875420693302,0.921378387420542
onshore,south_westerly_onshore,walton_lighthouse-2025-03-19_000451Z,92.48000000000002,777.0,930.5490122581109,0.919705587152894
onshore,south_westerly_onshore,walton_lighthouse-2025-03-19_000451Z,92.48000000000002,780.0,947.4010916681079,0.9156908665105387
onshore,south_westerly_onshore,walton_lighthouse-2025-03-19_000451Z,92.48000000000002,784.0,996.1073346651872,0.9069923051187688
onshore,south_westerly_onshore,walton_lighthouse-2025-03-19_000451Z,92.48000000000002,787.0,1100.6149934337188,0.904315824690532
onshore,south_westerly_onshore,walton_lighthouse-2025-03-19_000451Z,92.48000000000002,790.0,1241.277471734378,0.896620943459351
onshore,south_westerly_onshore,walton_lighthouse-2025-03-19_000451Z,92.48000000000002,794.0,1403.5006535488594,0.8885915021746403
onshore,south_westerly_onshore,walton_lighthouse-2025-03-19_000451Z,92.48000000000002,797.0,1559.0406433654855,0.884576781532285
onshore,south_westerly_onshore,walton_lighthouse-2025-03-19_000451Z,92.48000000000002,801.0,1702.042527614377,0.8785547005687521
onshore,south_westerly_onshore,walton_lighthouse-2025-03-19_000451Z,92.48000000000002,804.0,1833.5687753408163,0.8738708598193375
onshore,south_westerly_onshore,walton_lighthouse-2025-03-19_000451Z,92.48000000000002,808.0,1945.9900492390252,0.8695215791234526
onshore,south_westerly_onshore,walton_lighthouse-2025-03-19_000451Z,92.48000000000002,811.0,2043.2614086638955,0.8661759785881565
onshore,south_westerly_onshore,walton_lighthouse-2025-03-19_000451Z,92.48000000000002,814.0,2148.2092205037266,0.8588156574105051
onshore,south_westerly_onshore,walton_lighthouse-2025-03-19_000451Z,92.48000000000002,818.0,2256.7939713612554,0.8544663767146202
onshore,south_westerly_onshore,walton_lighthouse-2025-03-19_000451Z,92.48000000000002,821.0,2356.2955761213643,0.8501170960187353
onshore,south_westerly_onshore,walton_lighthouse-2025-03-19_000451Z,92.48000000000002,825.0,2422.8529453627525,0.8400802944128472
onshore,south_westerly_onshore,walton_lighthouse-2025-03-19_000451Z,92.48000000000002,828.0,2463.2155861976753,0.8343927735028438
onshore,south_westerly_onshore,walton_lighthouse-2025-03-19_000451Z,92.48000000000002,832.0,2491.3046189798106,0.8233522917363667
onshore,south_westerly_onshore,walton_lighthouse-2025-03-19_000451Z,92.48000000000002,835.0,2508.782998967126,0.8143191702910673
onshore,south_westerly_onshore,walton_lighthouse-2025-03-19_000451Z,92.48000000000002,838.0,2470.9394907070096,0.7975911676145868
onshore,south_westerly_onshore,walton_lighthouse-2025-03-19_000451Z,92.48000000000002,842.0,2450.426185843894,0.7842087654734025
onshore,south_westerly_onshore,walton_lighthouse-2025-03-19_000451Z,92.48000000000002,845.0,2399.837616741064,0.7648042823686851
onshore,south_westerly_onshore,walton_lighthouse-2025-03-19_000451Z,92.48000000000002,849.0,2337.268629485691,0.7530946804951488
onshore,south_westerly_onshore,walton_lighthouse-2025-03-19_000451Z,92.48000000000002,852.0,2290.8146362941225,0.739377718300435
onshore,south_westerly_onshore,walton_lighthouse-2025-03-19_000451Z,92.48000000000002,855.0,2209.4334817348063,0.7189695550351288
onshore,south_westerly_onshore,walton_lighthouse-2025-03-19_000451Z,92.48000000000002,859.0,2152.0262967052995,0.7065908330545333
onshore,south_westerly_onshore,walton_lighthouse-2025-03-19_000451Z,92.48000000000002,862.0,2093.4706581588866,0.6915356306457009
onshore,south_westerly_onshore,walton_lighthouse-2025-03-19_000451Z,92.48000000000002,866.0,2019.682848598298,0.6664436266309802
onshore,south_westerly_onshore,walton_lighthouse-2025-03-19_000451Z,92.48000000000002,869.0,1941.442938297961,0.647039143526263
onshore,south_westerly_onshore,walton_lighthouse-2025-03-19_000451Z,92.48000000000002,873.0,1867.1105210337012,0.631649381063901
onshore,south_westerly_onshore,walton_lighthouse-2025-03-19_000451Z,92.48000000000002,876.0,1735.6273621139105,0.6058882569421211
onshore,south_westerly_onshore,walton_lighthouse-2025-03-19_000451Z,92.48000000000002,879.0,1604.3051323731972,0.5697557711609234
onshore,south_westerly_onshore,walton_lighthouse-2025-03-19_000451Z,92.48000000000002,883.0,1492.6812649995463,0.5178989628638341
onshore,south_westerly_onshore,walton_lighthouse-2025-03-19_000451Z,92.48000000000002,886.0,1405.3914867069852,0.477751756440281
onshore,south_westerly_onshore,walton_lighthouse-2025-07-05_140202Z,11.910272,253.0,297.5937450613511,0.9949585884047534
onshore,south_westerly_onshore,walton_lighthouse-2025-07-05_140202Z,11.910272,257.0,301.46475976366605,0.9949585884047534
onshore,south_westerly_onshore,walton_lighthouse-2025-07-05_140202Z,11.910272,260.0,307.172466224288,0.9949585884047534
onshore,south_westerly_onshore,walton_lighthouse-2025-07-05_140202Z,11.910272,263.0,314.9505078102325,0.9949585884047534
onshore,south_westerly_onshore,walton_lighthouse-2025-07-05_140202Z,11.910272,267.0,323.8227780258699,0.9949585884047534
onshore,south_westerly_onshore,walton_lighthouse-2025-07-05_140202Z,11.910272,270.0,332.47662174414114,0.9949585884047534
onshore,south_westerly_onshore,walton_lighthouse-2025-07-05_140202Z,11.910272,274.0,340.98986631124416,0.9949585884047534
onshore,south_westerly_onshore,walton_lighthouse-2025-07-05_140202Z,11.910272,277.0,349.71516516676434,0.9949585884047534
onshore,south_westerly_onshore,walton_lighthouse-2025-07-05_140202Z,11.910272,281.0,358.8431375019095,0.9949585884047534
onshore,south_westerly_onshore,walton_lighthouse-2025-07-05_140202Z,11.910272,284.0,368.1048565500968,0.9949585884047534
onshore,south_westerly_onshore,walton_lighthouse-2025-07-05_140202Z,11.910272,287.0,377.1047280698101,0.9949585884047534
onshore,south_westerly_onshore,walton_lighthouse-2025-07-05_140202Z,11.910272,291.0,385.7235712984965,0.9949585884047534
onshore,south_westerly_onshore,walton_lighthouse-2025-07-05_140202Z,11.910272,294.0,394.03368560423996,0.9949585884047534
onshore,south_westerly_onshore,walton_lighthouse-2025-07-05_140202Z,11.910272,298.0,402.11856402758775,0.9949585884047534
onshore,south_westerly_onshore,walton_lighthouse-2025-07-05_140202Z,11.910272,301.0,410.0353717514945,0.9949585884047534
onshore,south_westerly_onshore,walton_lighthouse-2025-07-05_140202Z,11.910272,305.0,417.7111426273314,0.9949585884047534
onshore,south_westerly_onshore,walton_lighthouse-2025-07-05_140202Z,11.910272,308.0,425.0330656761072,0.9949585884047534
onshore,south_westerly_onshore,walton_lighthouse-2025-07-05_140202Z,11.910272,311.0,432.1102993505773,0.9949585884047534
onshore,south_westerly_onshore,walton_lighthouse-2025-07-05_140202Z,11.910272,315.0,439.1910134928555,0.9949585884047534
onshore,south_westerly_onshore,walton_lighthouse-2025-07-05_140202Z,11.910272,318.0,446.4288449434692,0.9949585884047534
onshore,south_westerly_onshore,walton_lighthouse-2025-07-05_140202Z,11.910272,322.0,453.73951793179685,0.9949585884047534
onshore,south_westerly_onshore,walton_lighthouse-2025-07-05_140202Z,11.910272,325.0,460.6529978044503,0.9953186892329853
onshore,south_westerly_onshore,walton_lighthouse-2025-07-05_140202Z,11.910272,329.0,467.22615257894836,0.9953186892329853
onshore,south_westerly_onshore,walton_lighthouse-2025-07-05_140202Z,11.910272,332.0,473.3558788858295,0.9953186892329853
onshore,south_westerly_onshore,walton_lighthouse-2025-07-05_140202Z,11.910272,335.0,479.2744187264797,0.9953186892329853
onshore,south_westerly_onshore,walton_lighthouse-2025-07-05_140202Z,11.910272,339.0,485.1794864322808,0.9953186892329853
onshore,south_westerly_onshore,walton_lighthouse-2025-07-05_140202Z,11.910272,342.0,491.1700760476068,0.9953186892329853
onshore,south_westerly_onshore,walton_lighthouse-2025-07-05_140202Z,11.910272,346.0,497.2895117047817,0.9953186892329853
onshore,south_westerly_onshore,walton_lighthouse-2025-07-05_140202Z,11.910272,349.0,503.57271231524527,0.9953186892329853
onshore,south_westerly_onshore,walton_lighthouse-2025-07-05_140202Z,11.910272,352.0,510.09163331527594,0.9953186892329853
onshore,south_westerly_onshore,walton_lighthouse-2025-07-05_140202Z,11.910272,356.0,516.9111938317901,0.9953186892329853
onshore,south_westerly_onshore,walton_lighthouse-2025-07-05_140202Z,11.910272,359.0,523.989967723012,0.9953186892329853
onshore,south_westerly_onshore,walton_lighthouse-2025-07-05_140202Z,11.910272,363.0,531.1620266873397,0.9953186892329853
onshore,south_westerly_onshore,walton_lighthouse-2025-07-05_140202Z,11.910272,366.0,538.237745470256,0.9953186892329853
onshore,south_westerly_onshore,walton_lighthouse-2025-07-05_140202Z,11.910272,370.0,545.1237415767927,0.9953186892329853
onshore,south_westerly_onshore,walton_lighthouse-2025-07-05_140202Z,11.910272,373.0,551.8120924348435,0.9953186892329853
onshore,south_westerly_onshore,walton_lighthouse-2025-07-05_140202Z,11.910272,376.0,558.2966221080744,0.9953186892329853
onshore,south_westerly_onshore,walton_lighthouse-2025-07-05_140202Z,11.910272,380.0,564.5390792804211,0.9953186892329853
onshore,south_westerly_onshore,walton_lighthouse-2025-07-05_140202Z,11.910272,383.0,570.5337284775442,0.9953186892329853
onshore,south_westerly_onshore,walton_lighthouse-2025-07-05_140202Z,11.910272,387.0,576.3084370846112,0.9953186892329853
onshore,south_westerly_onshore,walton_lighthouse-2025-07-05_140202Z,11.910272,390.0,582.119346793245,0.9949585884047534
onshore,south_westerly_onshore,walton_lighthouse-2025-07-05_140202Z,11.910272,394.0,587.5130378812012,0.9949585884047534
onshore,south_westerly_onshore,walton_lighthouse-2025-07-05_140202Z,11.910272,397.0,592.5997328138271,0.9949585884047534
onshore,south_westerly_onshore,walton_lighthouse-2025-07-05_140202Z,11.910272,400.0,597.4307148097633,0.9949585884047534
onshore,south_westerly_onshore,walton_lighthouse-2025-07-05_140202Z,11.910272,404.0,602.2194017270609,0.9949585884047534
onshore,south_westerly_onshore,walton_lighthouse-2025-07-05_140202Z,11.910272,407.0,607.1912663937622,0.9949585884047534
onshore,south_westerly_onshore,walton_lighthouse-2025-07-05_140202Z,11.910272,411.0,612.432253527746,0.9949585884047534
onshore,south_westerly_onshore,walton_lighthouse-2025-07-05_140202Z,11.910272,414.0,617.8966533823739,0.9949585884047534
onshore,south_westerly_onshore,walton_lighthouse-2025-07-05_140202Z,11.910272,417.0,623.519441570869,0.9949585884047534
onshore,south_westerly_onshore,walton_lighthouse-2025-07-05_140202Z,11.910272,421.0,629.3582817231924,0.9949585884047534
onshore,south_westerly_onshore,walton_lighthouse-2025-07-05_140202Z,11.910272,424.0,635.6201105703184,0.9949585884047534
onshore,south_westerly_onshore,walton_lighthouse-2025-07-05_140202Z,11.910272,428.0,642.2792151270204,0.9953186892329853
onshore,south_westerly_onshore,walton_lighthouse-2025-07-05_140202Z,11.910272,431.0,649.8330883259432,0.9953186892329853
onshore,south_westerly_onshore,walton_lighthouse-2025-07-05_140202Z,11.910272,435.0,657.9789907037281,0.9953186892329853
onshore,south_westerly_onshore,walton_lighthouse-2025-07-05_140202Z,11.910272,438.0,666.5357933655908,0.9953186892329853
onshore,south_westerly_onshore,walton_lighthouse-2025-07-05_140202Z,11.910272,441.0,675.3269090674836,0.9953186892329853
onshore,south_westerly_onshore,walton_lighthouse-2025-07-05_140202Z,11.910272,445.0,684.2954943975182,0.9953186892329853
onshore,south_westerly_onshore,walton_lighthouse-2025-07-05_140202Z,11.910272,448.0,693.3581649897421,0.9953186892329853
onshore,south_westerly_onshore,walton_lighthouse-2025-07-05_140202Z,11.910272,452.0,702.357978444081,0.9953186892329853
onshore,south_westerly_onshore,walton_lighthouse-2025-07-05_140202Z,11.910272,455.0,711.316559593776,0.9953186892329853
onshore,south_westerly_onshore,walton_lighthouse-2025-07-05_140202Z,11.910272,459.0,720.4555070303896,0.9953186892329853
onshore,south_westerly_onshore,walton_lighthouse-2025-07-05_140202Z,11.910272,462.0,730.0212787378596,0.9953186892329853
onshore,south_westerly_onshore,walton_lighthouse-2025-07-05_140202Z,11.910272,465.0,740.0637227589069,0.9953186892329853
onshore,south_westerly_onshore,walton_lighthouse-2025-07-05_140202Z,11.910272,469.0,750.5293903720038,0.9953186892329853
onshore,south_westerly_onshore,walton_lighthouse-2025-07-05_140202Z,11.910272,472.0,761.4331552432695,0.9953186892329853
onshore,south_westerly_onshore,walton_lighthouse-2025-07-05_140202Z,11.910272,476.0,772.8566905400539,0.9953186892329853
onshore,south_westerly_onshore,walton_lighthouse-2025-07-05_140202Z,11.910272,479.0,784.9112637726909,0.9953186892329853
onshore,south_westerly_onshore,walton_lighthouse-2025-07-05_140202Z,11.910272,482.0,797.6710494765385,0.9953186892329853
onshore,south_westerly_onshore,walton_lighthouse-2025-07-05_140202Z,11.910272,486.0,811.1754202443215,0.9953186892329853
onshore,south_westerly_onshore,walton_lighthouse-2025-07-05_140202Z,11.910272,489.0,825.3513384537081,0.9953186892329853
onshore,south_westerly_onshore,walton_lighthouse-2025-07-05_140202Z,11.910272,493.0,839.661092400568,0.9956787900612172
onshore,south_westerly_onshore,walton_lighthouse-2025-07-05_140202Z,11.910272,496.0,854.2310880407849,0.9956787900612172
onshore,south_westerly_onshore,walton_lighthouse-2025-07-05_140202Z,11.910272,500.0,868.5258374047346,0.9956787900612172
onshore,south_westerly_onshore,walton_lighthouse-2025-07-05_140202Z,11.910272,503.0,882.608914235343,0.9956787900612172
onshore,south_westerly_onshore,walton_lighthouse-2025-07-05_140202Z,11.910272,506.0,896.8656493551349,0.9956787900612172
onshore,south_westerly_onshore,walton_lighthouse-2025-07-05_140202Z,11.910272,510.0,911.5542877373327,0.9956787900612172
onshore,south_westerly_onshore,walton_lighthouse-2025-07-05_140202Z,11.910272,513.0,926.2941915894467,0.9960388908894491
onshore,south_westerly_onshore,walton_lighthouse-2025-07-05_140202Z,11.910272,517.0,941.0324436354147,0.9960388908894491
onshore,south_westerly_onshore,walton_lighthouse-2025-07-05_140202Z,11.910272,520.0,954.6103352701607,0.996398991717681
onshore,south_westerly_onshore,walton_lighthouse-2025-07-05_140202Z,11.910272,524.0,967.2405734906584,0.9967590925459129
onshore,south_westerly_onshore,walton_lighthouse-2025-07-05_140202Z,11.910272,527.0,979.3986429432091,0.9967590925459129
onshore,south_westerly_onshore,walton_lighthouse-2025-07-05_140202Z,11.910272,530.0,991.121587310458,0.9967590925459129
onshore,south_westerly_onshore,walton_lighthouse-2025-07-05_140202Z,11.910272,534.0,1002.5555645857138,0.9967590925459129
onshore,south_westerly_onshore,walton_lighthouse-2025-07-05_140202Z,11.910272,537.0,1013.8319262403862,0.9967590925459129
onshore,south_westerly_onshore,walton_lighthouse-2025-07-05_140202Z,11.910272,541.0,1025.1966889562716,0.9967590925459129
onshore,south_westerly_onshore,walton_lighthouse-2025-07-05_140202Z,11.910272,544.0,1036.5747088548594,0.9971191933741448
onshore,south_westerly_onshore,walton_lighthouse-2025-07-05_140202Z,11.910272,548.0,1048.7655819321485,0.9971191933741448
onshore,south_westerly_onshore,walton_lighthouse-2025-07-05_140202Z,11.910272,551.0,1061.5165929254008,0.9971191933741448
onshore,south_westerly_onshore,walton_lighthouse-2025-07-05_140202Z,11.910272,554.0,1074.8557219276113,0.9971191933741448
onshore,south_westerly_onshore,walton_lighthouse-2025-07-05_140202Z,11.910272,558.0,1088.7514351183288,0.9971191933741448
onshore,south_westerly_onshore,walton_lighthouse-2025-07-05_140202Z,11.910272,561.0,1103.085873172208,0.9971191933741448
onshore,south_westerly_onshore,walton_lighthouse-2025-07-05_140202Z,11.910272,565.0,1117.7113105392618,0.9971191933741448
onshore,south_westerly_onshore,walton_lighthouse-2025-07-05_140202Z,11.910272,568.0,1132.4906015180343,0.9971191933741448
onshore,south_westerly_onshore,walton_lighthouse-2025-07-05_140202Z,11.910272,571.0,1147.3255015996742,0.9971191933741448
onshore,south_westerly_onshore,walton_lighthouse-2025-07-05_140202Z,11.910272,575.0,1162.1756493679889,0.9971191933741448
onshore,south_westerly_onshore,walton_lighthouse-2025-07-05_140202Z,11.910272,578.0,1177.082598917313,0.9971191933741448
onshore,south_westerly_onshore,walton_lighthouse-2025-07-05_140202Z,11.910272,582.0,1191.715290873493,0.9974792942023767
onshore,south_westerly_onshore,walton_lighthouse-2025-07-05_140202Z,11.910272,585.0,1207.3528064721747,0.9971191933741448
onshore,south_westerly_onshore,walton_lighthouse-2025-07-05_140202Z,11.910272,589.0,1223.1265250204115,0.9971191933741448
onshore,south_westerly_onshore,walton_lighthouse-2025-07-05_140202Z,11.910272,592.0,1239.3131334309992,0.9971191933741448
onshore,south_westerly_onshore,walton_lighthouse-2025-07-05_140202Z,11.910272,595.0,1255.81308859188,0.9971191933741448
onshore,south_westerly_onshore,walton_lighthouse-2025-07-05_140202Z,11.910272,599.0,1272.5653328031144,0.9971191933741448
onshore,south_westerly_onshore,walton_lighthouse-2025-07-05_140202Z,11.910272,602.0,1289.6603558683594,0.9971191933741448
onshore,south_westerly_onshore,walton_lighthouse-2025-07-05_140202Z,11.910272,606.0,1307.8832780548723,0.9967590925459129
onshore,south_westerly_onshore,walton_lighthouse-2025-07-05_140202Z,11.910272,609.0,1326.9670828076935,0.9967590925459129
onshore,south_westerly_onshore,walton_lighthouse-2025-07-05_140202Z,11.910272,613.0,1347.4612111448184,0.9967590925459129
onshore,south_westerly_onshore,walton_lighthouse-2025-07-05_140202Z,11.910272,616.0,1368.9305691972904,0.9967590925459129
onshore,south_westerly_onshore,walton_lighthouse-2025-07-05_140202Z,11.910272,619.0,1390.9679782326123,0.9967590925459129
onshore,south_westerly_onshore,walton_lighthouse-2025-07-05_140202Z,11.910272,623.0,1414.1325037131587,0.9967590925459129
onshore,south_westerly_onshore,walton_lighthouse-2025-07-05_140202Z,11.910272,626.0,1440.215399053127,0.996398991717681
onshore,south_westerly_onshore,walton_lighthouse-2025-07-05_140202Z,11.910272,630.0,1469.1191477268796,0.996398991717681
onshore,south_westerly_onshore,walton_lighthouse-2025-07-05_140202Z,11.910272,633.0,1500.3201182502196,0.996398991717681
onshore,south_westerly_onshore,walton_lighthouse-2025-07-05_140202Z,11.910272,636.0,1531.420270524781,0.996398991717681
onshore,south_westerly_onshore,walton_lighthouse-2025-07-05_140202Z,11.910272,640.0,1561.059353731399,0.996398991717681
onshore,south_westerly_onshore,walton_lighthouse-2025-07-05_140202Z,11.910272,643.0,1590.9236865830892,0.996398991717681
onshore,south_westerly_onshore,walton_lighthouse-2025-07-05_140202Z,11.910272,647.0,1624.429033758828,0.996398991717681
onshore,south_westerly_onshore,walton_lighthouse-2025-07-05_140202Z,11.910272,650.0,1663.3647882019836,0.996398991717681
onshore,south_westerly_onshore,walton_lighthouse-2025-07-05_140202Z,11.910272,654.0,1705.4422516375732,0.996398991717681
onshore,south_westerly_onshore,walton_lighthouse-2025-07-05_140202Z,11.910272,657.0,1745.8038982967912,0.996398991717681
onshore,south_westerly_onshore,walton_lighthouse-2025-07-05_140202Z,11.910272,660.0,1780.7170855808004,0.996398991717681
onshore,south_westerly_onshore,walton_lighthouse-2025-07-05_140202Z,11.910272,664.0,1802.3080172392245,0.9960388908894491
onshore,south_westerly_onshore,walton_lighthouse-2025-07-05_140202Z,11.910272,667.0,1813.4223042543551,0.9953186892329853
onshore,south_westerly_onshore,walton_lighthouse-2025-07-05_140202Z,11.910272,671.0,1823.188035466027,0.9945984875765215
onshore,south_westerly_onshore,walton_lighthouse-2025-07-05_140202Z,11.910272,674.0,1837.804311377475,0.9942383867482896
onshore,south_westerly_onshore,walton_lighthouse-2025-07-05_140202Z,11.910272,678.0,1858.8449306232765,0.9942383867482896
onshore,south_westerly_onshore,walton_lighthouse-2025-07-05_140202Z,11.910272,681.0,1879.0150079141856,0.9942383867482896
onshore,south_westerly_onshore,walton_lighthouse-2025-07-05_140202Z,11.910272,684.0,1851.2565640323005,0.9917176809506661
onshore,south_westerly_onshore,walton_lighthouse-2025-07-05_140202Z,11.910272,688.0,1857.290483124364,0.9909974792942023
onshore,south_westerly_onshore,walton_lighthouse-2025-07-05_140202Z,11.910272,691.0,1850.6933061762522,0.9895570759812747
onshore,south_westerly_onshore,walton_lighthouse-2025-07-05_140202Z,11.910272,695.0,1863.5352110853341,0.9891969751530428
onshore,south_westerly_onshore,walton_lighthouse-2025-07-05_140202Z,11.910272,698.0,1839.2669443754683,0.988476773496579
onshore,south_westerly_onshore,walton_lighthouse-2025-07-05_140202Z,11.910272,701.0,1829.8896913818455,0.9877565718401152
onshore,south_westerly_onshore,walton_lighthouse-2025-07-05_140202Z,11.910272,705.0,1848.0729583052214,0.9877565718401152
onshore,south_westerly_onshore,walton_lighthouse-2025-07-05_140202Z,11.910272,708.0,1832.890625857268,0.9866762693554195
onshore,south_westerly_onshore,walton_lighthouse-2025-07-05_140202Z,11.910272,712.0,1828.4521476066598,0.9866762693554195
onshore,south_westerly_onshore,walton_lighthouse-2025-07-05_140202Z,11.910272,715.0,1823.9031124596918,0.9863161685271876
onshore,south_westerly_onshore,walton_lighthouse-2025-07-05_140202Z,11.910272,719.0,1818.6261189608417,0.9859560676989557
onshore,south_westerly_onshore,walton_lighthouse-2025-07-05_140202Z,11.910272,722.0,1832.6277034816817,0.9859560676989557
onshore,south_westerly_onshore,walton_lighthouse-2025-07-05_140202Z,11.910272,725.0,1845.6291758938555,0.9855959668707238
onshore,south_westerly_onshore,walton_lighthouse-2025-07-05_140202Z,11.910272,729.0,1796.9446988262625,0.9852358660424919
onshore,south_westerly_onshore,walton_lighthouse-2025-07-05_140202Z,11.910272,732.0,1769.587325335619,0.9841555635577962
onshore,south_westerly_onshore,walton_lighthouse-2025-07-05_140202Z,11.910272,736.0,1761.9147423636605,0.9837954627295643
onshore,south_westerly_onshore,walton_lighthouse-2025-07-05_140202Z,11.910272,739.0,1655.807764986825,0.9816348577601729
onshore,south_westerly_onshore,walton_lighthouse-2025-07-05_140202Z,11.910272,743.0,1666.6693671924504,0.9816348577601729
onshore,south_westerly_onshore,walton_lighthouse-2025-07-05_140202Z,11.910272,746.0,1658.84311806242,0.981274756931941
onshore,south_westerly_onshore,walton_lighthouse-2025-07-05_140202Z,11.910272,749.0,1670.3657810626962,0.981274756931941
onshore,south_westerly_onshore,walton_lighthouse-2025-07-05_140202Z,11.910272,753.0,1682.1867281186655,0.981274756931941
onshore,south_westerly_onshore,walton_lighthouse-2025-07-05_140202Z,11.910272,756.0,1693.9755441955153,0.981274756931941
onshore,south_westerly_onshore,walton_lighthouse-2025-07-05_140202Z,11.910272,760.0,1705.4675035057305,0.981274756931941
onshore,south_westerly_onshore,walton_lighthouse-2025-07-05_140202Z,11.910272,763.0,1716.6967666514347,0.981274756931941
onshore,south_westerly_onshore,walton_lighthouse-2025-07-05_140202Z,11.910272,767.0,1727.9946694561008,0.981274756931941
onshore,south_westerly_onshore,walton_lighthouse-2025-07-05_140202Z,11.910272,770.0,1739.706216751065,0.981274756931941
onshore,south_westerly_onshore,walton_lighthouse-2025-07-05_140202Z,11.910272,773.0,1751.9968884357168,0.981274756931941
onshore,south_westerly_onshore,walton_lighthouse-2025-07-05_140202Z,11.910272,777.0,1764.8327368144232,0.981274756931941
onshore,south_westerly_onshore,walton_lighthouse-2025-07-05_140202Z,11.910272,780.0,1778.0471501886407,0.981274756931941
onshore,south_westerly_onshore,walton_lighthouse-2025-07-05_140202Z,11.910272,784.0,1791.5166473271643,0.981274756931941
onshore,south_westerly_onshore,walton_lighthouse-2025-07-05_140202Z,11.910272,787.0,1805.2933585257028,0.981274756931941
onshore,south_westerly_onshore,walton_lighthouse-2025-07-05_140202Z,11.910272,790.0,1819.4873952140033,0.981274756931941
onshore,south_westerly_onshore,walton_lighthouse-2025-07-05_140202Z,11.910272,794.0,1834.0464014039012,0.981274756931941
onshore,south_westerly_onshore,walton_lighthouse-2025-07-05_140202Z,11.910272,797.0,1849.2760717774647,0.9809146561037091
onshore,south_westerly_onshore,walton_lighthouse-2025-07-05_140202Z,11.910272,801.0,1863.72295351102,0.9809146561037091
onshore,south_westerly_onshore,walton_lighthouse-2025-07-05_140202Z,11.910272,804.0,1877.1465024274967,0.981274756931941
onshore,south_westerly_onshore,walton_lighthouse-2025-07-05_140202Z,11.910272,808.0,1890.9417570016037,0.981274756931941
onshore,south_westerly_onshore,walton_lighthouse-2025-07-05_140202Z,11.910272,811.0,1904.7109334920463,0.981274756931941
onshore,south_westerly_onshore,walton_lighthouse-2025-07-05_140202Z,11.910272,814.0,1918.052848824236,0.9816348577601729
onshore,south_westerly_onshore,walton_lighthouse-2025-07-05_140202Z,11.910272,818.0,1932.6986030492426,0.9809146561037091
onshore,south_westerly_onshore,walton_lighthouse-2025-07-05_140202Z,11.910272,821.0,1946.278721730423,0.9809146561037091
onshore,south_westerly_onshore,walton_lighthouse-2025-07-05_140202Z,11.910272,825.0,1961.0375308373643,0.9801944544472452
onshore,south_westerly_onshore,walton_lighthouse-2025-07-05_140202Z,11.910272,828.0,1974.7976367987953,0.9801944544472452
onshore,south_westerly_onshore,walton_lighthouse-2025-07-05_140202Z,11.910272,832.0,1989.717416494396,0.9798343536190133
onshore,south_westerly_onshore,walton_lighthouse-2025-07-05_140202Z,11.910272,835.0,2004.842483325579,0.9798343536190133
onshore,south_westerly_onshore,walton_lighthouse-2025-07-05_140202Z,11.910272,838.0,2020.5423459701565,0.9798343536190133
onshore,south_westerly_onshore,walton_lighthouse-2025-07-05_140202Z,11.910272,842.0,2037.4364629774593,0.9794742527907814
onshore,south_westerly_onshore,walton_lighthouse-2025-07-05_140202Z,11.910272,845.0,2054.579485745656,0.9794742527907814
onshore,south_westerly_onshore,walton_lighthouse-2025-07-05_140202Z,11.910272,849.0,2072.8483882906125,0.9794742527907814
onshore,south_westerly_onshore,walton_lighthouse-2025-07-05_140202Z,11.910272,852.0,2092.2071285875686,0.9794742527907814
onshore,south_westerly_onshore,walton_lighthouse-2025-07-05_140202Z,11.910272,855.0,2099.3879819693134,0.9791141519625495
onshore,south_westerly_onshore,walton_lighthouse-2025-07-05_140202Z,11.910272,859.0,2119.4878548518686,0.9787540511343176
onshore,south_westerly_onshore,walton_lighthouse-2025-07-05_140202Z,11.910272,862.0,2129.3724869904827,0.9755131436802305
onshore,south_westerly_onshore,walton_lighthouse-2025-07-05_140202Z,11.910272,866.0,2148.277826708462,0.9715520345696795
onshore,south_westerly_onshore,walton_lighthouse-2025-07-05_140202Z,11.910272,869.0,2162.003452441318,0.96975153042852
onshore,south_westerly_onshore,walton_lighthouse-2025-07-05_140202Z,11.910272,873.0,2175.5663027152486,0.9661505221462009
onshore,south_westerly_onshore,walton_lighthouse-2025-07-05_140202Z,11.910272,876.0,2192.548427435265,0.9589485055815629
onshore,south_westerly_onshore,walton_lighthouse-2025-07-05_140202Z,11.910272,879.0,2195.93798232702,0.9492257832193014
onshore,south_westerly_onshore,walton_lighthouse-2025-07-05_140202Z,11.910272,883.0,2250.834961519629,0.8829672308246309
onshore,south_westerly_onshore,walton_lighthouse-2025-07-05_140202Z,11.910272,886.0,2290.5509906540005,0.8077061577241628
onshore,south_westerly_onshore,walton_lighthouse-2025-12-08_185857Z,19.845,253.0,2.3314445277274656,1.0
onshore,south_westerly_onshore,walton_lighthouse-2025-12-08_185857Z,19.845,257.0,2.403437760846721,1.0
onshore,south_westerly_onshore,walton_lighthouse-2025-12-08_185857Z,19.845,260.0,2.4980321756267503,1.0
onshore,south_westerly_onshore,walton_lighthouse-2025-12-08_185857Z,19.845,263.0,2.6061695769135347,1.0
onshore,south_westerly_onshore,walton_lighthouse-2025-12-08_185857Z,19.845,267.0,2.6986744360926305,1.0
onshore,south_westerly_onshore,walton_lighthouse-2025-12-08_185857Z,19.845,270.0,2.7503561187130208,1.0
onshore,south_westerly_onshore,walton_lighthouse-2025-12-08_185857Z,19.845,274.0,2.772492700358661,1.0
onshore,south_westerly_onshore,walton_lighthouse-2025-12-08_185857Z,19.845,277.0,2.792265413373247,1.0
onshore,south_westerly_onshore,walton_lighthouse-2025-12-08_185857Z,19.845,281.0,2.824534821820145,1.0
onshore,south_westerly_onshore,walton_lighthouse-2025-12-08_185857Z,19.845,284.0,2.865053065242194,1.0
onshore,south_westerly_onshore,walton_lighthouse-2025-12-08_185857Z,19.845,287.0,2.9066196784354315,1.0
onshore,south_westerly_onshore,walton_lighthouse-2025-12-08_185857Z,19.845,291.0,2.9434070206859397,1.0
onshore,south_westerly_onshore,walton_lighthouse-2025-12-08_185857Z,19.845,294.0,2.9737465973396517,1.0
onshore,south_westerly_onshore,walton_lighthouse-2025-12-08_185857Z,19.845,298.0,2.996491321611625,1.0
onshore,south_westerly_onshore,walton_lighthouse-2025-12-08_185857Z,19.845,301.0,3.0065517812877687,1.0
onshore,south_westerly_onshore,walton_lighthouse-2025-12-08_185857Z,19.845,305.0,2.9945664665853364,1.0
onshore,south_westerly_onshore,walton_lighthouse-2025-12-08_185857Z,19.845,308.0,2.949726299482592,1.0
onshore,south_westerly_onshore,walton_lighthouse-2025-12-08_185857Z,19.845,311.0,2.8661909384176902,1.0
onshore,south_westerly_onshore,walton_lighthouse-2025-12-08_185857Z,19.845,315.0,2.748151098254866,1.0
onshore,south_westerly_onshore,walton_lighthouse-2025-12-08_185857Z,19.845,318.0,2.609088874567074,1.0
onshore,south_westerly_onshore,walton_lighthouse-2025-12-08_185857Z,19.845,322.0,2.4654602628339903,1.0
onshore,south_westerly_onshore,walton_lighthouse-2025-12-08_185857Z,19.845,325.0,2.330219738144519,1.0
onshore,south_westerly_onshore,walton_lighthouse-2025-12-08_185857Z,19.845,329.0,2.210213305383708,1.0
onshore,south_westerly_onshore,walton_lighthouse-2025-12-08_185857Z,19.845,332.0,2.108463304588059,1.0
onshore,south_westerly_onshore,walton_lighthouse-2025-12-08_185857Z,19.845,335.0,2.027271836801913,1.0
onshore,south_westerly_onshore,walton_lighthouse-2025-12-08_185857Z,19.845,339.0,1.9690545401251967,1.0
onshore,south_westerly_onshore,walton_lighthouse-2025-12-08_185857Z,19.845,342.0,1.9354313897365272,1.0
onshore,south_westerly_onshore,walton_lighthouse-2025-12-08_185857Z,19.845,346.0,1.9262203702843304,1.0
onshore,south_westerly_onshore,walton_lighthouse-2025-12-08_185857Z,19.845,349.0,1.9399645246918558,1.0
onshore,south_westerly_onshore,walton_lighthouse-2025-12-08_185857Z,19.845,352.0,1.9755357198113415,1.0
onshore,south_westerly_onshore,walton_lighthouse-2025-12-08_185857Z,19.845,356.0,2.032936586596578,1.0
onshore,south_westerly_onshore,walton_lighthouse-2025-12-08_185857Z,19.845,359.0,2.1130109280841527,1.0
onshore,south_westerly_onshore,walton_lighthouse-2025-12-08_185857Z,19.845,363.0,2.2162018049613925,1.0
onshore,south_westerly_onshore,walton_lighthouse-2025-12-08_185857Z,19.845,366.0,2.3406340473319878,1.0
onshore,south_westerly_onshore,walton_lighthouse-2025-12-08_185857Z,19.845,370.0,2.482092434054479,1.0
onshore,south_westerly_onshore,walton_lighthouse-2025-12-08_185857Z,19.845,373.0,2.6367084276083035,1.0
onshore,south_westerly_onshore,walton_lighthouse-2025-12-08_185857Z,19.845,376.0,2.8033234527780118,1.0
onshore,south_westerly_onshore,walton_lighthouse-2025-12-08_185857Z,19.845,380.0,2.983075394820332,1.0
onshore,south_westerly_onshore,walton_lighthouse-2025-12-08_185857Z,19.845,383.0,3.176813437355151,1.0
onshore,south_westerly_onshore,walton_lighthouse-2025-12-08_185857Z,19.845,387.0,3.382937731716655,1.0
onshore,south_westerly_onshore,walton_lighthouse-2025-12-08_185857Z,19.845,390.0,3.5980703491840447,1.0
onshore,south_westerly_onshore,walton_lighthouse-2025-12-08_185857Z,19.845,394.0,3.8183147368260144,1.0
onshore,south_westerly_onshore,walton_lighthouse-2025-12-08_185857Z,19.845,397.0,4.038649379074362,1.0
onshore,south_westerly_onshore,walton_lighthouse-2025-12-08_185857Z,19.845,400.0,4.2524872864038255,1.0
onshore,south_westerly_onshore,walton_lighthouse-2025-12-08_185857Z,19.845,404.0,4.452632302061056,1.0
onshore,south_westerly_onshore,walton_lighthouse-2025-12-08_185857Z,19.845,407.0,4.632409724110086,1.0
onshore,south_westerly_onshore,walton_lighthouse-2025-12-08_185857Z,19.845,411.0,4.787094871332711,1.0
onshore,south_westerly_onshore,walton_lighthouse-2025-12-08_185857Z,19.845,414.0,4.916158660154565,1.0
onshore,south_westerly_onshore,walton_lighthouse-2025-12-08_185857Z,19.845,417.0,5.022580741058669,1.0
onshore,south_westerly_onshore,walton_lighthouse-2025-12-08_185857Z,19.845,421.0,5.1086384293121805,1.0
onshore,south_westerly_onshore,walton_lighthouse-2025-12-08_185857Z,19.845,424.0,5.166264411614944,1.0
onshore,south_westerly_onshore,walton_lighthouse-2025-12-08_185857Z,19.845,428.0,5.1693103983012225,1.0
onshore,south_westerly_onshore,walton_lighthouse-2025-12-08_185857Z,19.845,431.0,5.085277979181933,1.0
onshore,south_westerly_onshore,walton_lighthouse-2025-12-08_185857Z,19.845,435.0,4.900967046745169,1.0
onshore,south_westerly_onshore,walton_lighthouse-2025-12-08_185857Z,19.845,438.0,4.64053310210857,1.0
onshore,south_westerly_onshore,walton_lighthouse-2025-12-08_185857Z,19.845,441.0,4.356935248500805,1.0
onshore,south_westerly_onshore,walton_lighthouse-2025-12-08_185857Z,19.845,445.0,4.102993360670596,1.0
onshore,south_westerly_onshore,walton_lighthouse-2025-12-08_185857Z,19.845,448.0,3.9106374246494426,1.0
onshore,south_westerly_onshore,walton_lighthouse-2025-12-08_185857Z,19.845,452.0,3.7907500108969883,1.0
onshore,south_westerly_onshore,walton_lighthouse-2025-12-08_185857Z,19.845,455.0,3.748601637738021,1.0
onshore,south_westerly_onshore,walton_lighthouse-2025-12-08_185857Z,19.845,459.0,3.791564945006001,1.0
onshore,south_westerly_onshore,walton_lighthouse-2025-12-08_185857Z,19.845,462.0,3.9326689059577893,1.0
onshore,south_westerly_onshore,walton_lighthouse-2025-12-08_185857Z,19.845,465.0,4.190910948326874,1.0
onshore,south_westerly_onshore,walton_lighthouse-2025-12-08_185857Z,19.845,469.0,4.574077630271012,1.0
onshore,south_westerly_onshore,walton_lighthouse-2025-12-08_185857Z,19.845,472.0,5.054552333038251,1.0
onshore,south_westerly_onshore,walton_lighthouse-2025-12-08_185857Z,19.845,476.0,5.558659310684761,1.0
onshore,south_westerly_onshore,walton_lighthouse-2025-12-08_185857Z,19.845,479.0,6.003498110982253,1.0
onshore,south_westerly_onshore,walton_lighthouse-2025-12-08_185857Z,19.845,482.0,6.353243184157228,1.0
onshore,south_westerly_onshore,walton_lighthouse-2025-12-08_185857Z,19.845,486.0,6.648724642554707,1.0
onshore,south_westerly_onshore,walton_lighthouse-2025-12-08_185857Z,19.845,489.0,6.959774828387841,1.0
onshore,south_westerly_onshore,walton_lighthouse-2025-12-08_185857Z,19.845,493.0,7.302130015301747,1.0
onshore,south_westerly_onshore,walton_lighthouse-2025-12-08_185857Z,19.845,496.0,7.665222691660643,1.0
onshore,south_westerly_onshore,walton_lighthouse-2025-12-08_185857Z,19.845,500.0,8.078205987638839,1.0
onshore,south_westerly_onshore,walton_lighthouse-2025-12-08_185857Z,19.845,503.0,8.602495344924153,1.0
onshore,south_westerly_onshore,walton_lighthouse-2025-12-08_185857Z,19.845,506.0,9.26939267038432,1.0
onshore,south_westerly_onshore,walton_lighthouse-2025-12-08_185857Z,19.845,510.0,10.009945324278851,1.0
onshore,south_westerly_onshore,walton_lighthouse-2025-12-08_185857Z,19.845,513.0,10.672230939676105,1.0
onshore,south_westerly_onshore,walton_lighthouse-2025-12-08_185857Z,19.845,517.0,11.1623776833788,1.0
onshore,south_westerly_onshore,walton_lighthouse-2025-12-08_185857Z,19.845,520.0,11.570521003734408,1.0
onshore,south_westerly_onshore,walton_lighthouse-2025-12-08_185857Z,19.845,524.0,12.077452220315765,1.0
onshore,south_westerly_onshore,walton_lighthouse-2025-12-08_185857Z,19.845,527.0,12.817494084604933,1.0
onshore,south_westerly_onshore,walton_lighthouse-2025-12-08_185857Z,19.845,530.0,13.8388579926792,1.0
onshore,south_westerly_onshore,walton_lighthouse-2025-12-08_185857Z,19.845,534.0,15.09968427114555,1.0
onshore,south_westerly_onshore,walton_lighthouse-2025-12-08_185857Z,19.845,537.0,16.522937537907907,1.0
onshore,south_westerly_onshore,walton_lighthouse-2025-12-08_185857Z,19.845,541.0,18.071844709489817,1.0
onshore,south_westerly_onshore,walton_lighthouse-2025-12-08_185857Z,19.845,544.0,19.735094023314264,1.0
onshore,south_westerly_onshore,walton_lighthouse-2025-12-08_185857Z,19.845,548.0,21.457784577728543,1.0
onshore,south_westerly_onshore,walton_lighthouse-2025-12-08_185857Z,19.845,551.0,23.148576159409185,1.0
onshore,south_westerly_onshore,walton_lighthouse-2025-12-08_185857Z,19.845,554.0,24.729151327509967,1.0
onshore,south_westerly_onshore,walton_lighthouse-2025-12-08_185857Z,19.845,558.0,26.176713982455432,1.0
onshore,south_westerly_onshore,walton_lighthouse-2025-12-08_185857Z,19.845,561.0,27.48135756481286,1.0
onshore,south_westerly_onshore,walton_lighthouse-2025-12-08_185857Z,19.845,565.0,28.585480445617296,1.0
onshore,south_westerly_onshore,walton_lighthouse-2025-12-08_185857Z,19.845,568.0,29.40203426611829,1.0
onshore,south_westerly_onshore,walton_lighthouse-2025-12-08_185857Z,19.845,571.0,29.905291453606488,1.0
onshore,south_westerly_onshore,walton_lighthouse-2025-12-08_185857Z,19.845,575.0,30.203668371404703,1.0
onshore,south_westerly_onshore,walton_lighthouse-2025-12-08_185857Z,19.845,578.0,30.48849798400155,1.0
onshore,south_westerly_onshore,walton_lighthouse-2025-12-08_185857Z,19.845,582.0,30.92210024404678,1.0
onshore,south_westerly_onshore,walton_lighthouse-2025-12-08_185857Z,19.845,585.0,31.546435125058792,1.0
onshore,south_westerly_onshore,walton_lighthouse-2025-12-08_185857Z,19.845,589.0,32.31346684019945,1.0
onshore,south_westerly_onshore,walton_lighthouse-2025-12-08_185857Z,19.845,592.0,33.17057368036507,1.0
onshore,south_westerly_onshore,walton_lighthouse-2025-12-08_185857Z,19.845,595.0,34.09676246090529,1.0
onshore,south_westerly_onshore,walton_lighthouse-2025-12-08_185857Z,19.845,599.0,35.09367048875447,1.0
onshore,south_westerly_onshore,walton_lighthouse-2025-12-08_185857Z,19.845,602.0,36.16134486774718,1.0
onshore,south_westerly_onshore,walton_lighthouse-2025-12-08_185857Z,19.845,606.0,37.293388671974725,1.0
onshore,south_westerly_onshore,walton_lighthouse-2025-12-08_185857Z,19.845,609.0,38.448045419801055,1.0
onshore,south_westerly_onshore,walton_lighthouse-2025-12-08_185857Z,19.845,613.0,39.51638952991564,1.0
onshore,south_westerly_onshore,walton_lighthouse-2025-12-08_185857Z,19.845,616.0,40.35538186033932,1.0
onshore,south_westerly_onshore,walton_lighthouse-2025-12-08_185857Z,19.845,619.0,40.91063088347349,1.0
onshore,south_westerly_onshore,walton_lighthouse-2025-12-08_185857Z,19.845,623.0,41.33849749235679,1.0
onshore,south_westerly_onshore,walton_lighthouse-2025-12-08_185857Z,19.845,626.0,41.935957098566035,1.0
onshore,south_westerly_onshore,walton_lighthouse-2025-12-08_185857Z,19.845,630.0,42.897478637633796,1.0
onshore,south_westerly_onshore,walton_lighthouse-2025-12-08_185857Z,19.845,633.0,44.1666331548285,1.0
onshore,south_westerly_onshore,walton_lighthouse-2025-12-08_185857Z,19.845,636.0,45.50170197124779,1.0
onshore,south_westerly_onshore,walton_lighthouse-2025-12-08_185857Z,19.845,640.0,46.67150479406658,1.0
onshore,south_westerly_onshore,walton_lighthouse-2025-12-08_185857Z,19.845,643.0,47.62147420286922,1.0
onshore,south_westerly_onshore,walton_lighthouse-2025-12-08_185857Z,19.845,647.0,48.46186368695067,1.0
onshore,south_westerly_onshore,walton_lighthouse-2025-12-08_185857Z,19.845,650.0,49.31063966456592,1.0
onshore,south_westerly_onshore,walton_lighthouse-2025-12-08_185857Z,19.845,654.0,50.24780490943404,1.0
onshore,south_westerly_onshore,walton_lighthouse-2025-12-08_185857Z,19.845,657.0,51.385301599626736,1.0
onshore,south_westerly_onshore,walton_lighthouse-2025-12-08_185857Z,19.845,660.0,52.84959373230253,1.0
onshore,south_westerly_onshore,walton_lighthouse-2025-12-08_185857Z,19.845,664.0,54.70736769413447,1.0
onshore,south_westerly_onshore,walton_lighthouse-2025-12-08_185857Z,19.845,667.0,56.922692669392696,1.0
onshore,south_westerly_onshore,walton_lighthouse-2025-12-08_185857Z,19.845,671.0,59.37162195910984,1.0
onshore,south_westerly_onshore,walton_lighthouse-2025-12-08_185857Z,19.845,674.0,61.90995024027764,1.0
onshore,south_westerly_onshore,walton_lighthouse-2025-12-08_185857Z,19.845,678.0,64.44337315517646,1.0
onshore,south_westerly_onshore,walton_lighthouse-2025-12-08_185857Z,19.845,681.0,66.91904830931725,1.0
onshore,south_westerly_onshore,walton_lighthouse-2025-12-08_185857Z,19.845,684.0,69.31119829159424,1.0
onshore,south_westerly_onshore,walton_lighthouse-2025-12-08_185857Z,19.845,688.0,71.65245303894162,1.0
onshore,south_westerly_onshore,walton_lighthouse-2025-12-08_185857Z,19.845,691.0,74.02916766034765,1.0
onshore,south_westerly_onshore,walton_lighthouse-2025-12-08_185857Z,19.845,695.0,76.53233402179394,1.0
onshore,south_westerly_onshore,walton_lighthouse-2025-12-08_185857Z,19.845,698.0,79.16804695346221,1.0
onshore,south_westerly_onshore,walton_lighthouse-2025-12-08_185857Z,19.845,701.0,81.78930203038404,1.0
onshore,south_westerly_onshore,walton_lighthouse-2025-12-08_185857Z,19.845,705.0,84.13870385300778,1.0
onshore,south_westerly_onshore,walton_lighthouse-2025-12-08_185857Z,19.845,708.0,85.97601444246986,1.0
onshore,south_westerly_onshore,walton_lighthouse-2025-12-08_185857Z,19.845,712.0,87.19829532889815,1.0
onshore,south_westerly_onshore,walton_lighthouse-2025-12-08_185857Z,19.845,715.0,87.88266941952399,1.0
onshore,south_westerly_onshore,walton_lighthouse-2025-12-08_185857Z,19.845,719.0,88.23686939834239,1.0
onshore,south_westerly_onshore,walton_lighthouse-2025-12-08_185857Z,19.845,722.0,88.48739914217882,1.0
onshore,south_westerly_onshore,walton_lighthouse-2025-12-08_185857Z,19.845,725.0,88.82281698956619,1.0
onshore,south_westerly_onshore,walton_lighthouse-2025-12-08_185857Z,19.845,729.0,89.41190519576092,1.0
onshore,south_westerly_onshore,walton_lighthouse-2025-12-08_185857Z,19.845,732.0,90.38430385697181,1.0
onshore,south_westerly_onshore,walton_lighthouse-2025-12-08_185857Z,19.845,736.0,91.71834045128325,1.0
onshore,south_westerly_onshore,walton_lighthouse-2025-12-08_185857Z,19.845,739.0,93.2568473758932,1.0
onshore,south_westerly_onshore,walton_lighthouse-2025-12-08_185857Z,19.845,743.0,94.8214664838675,1.0
onshore,south_westerly_onshore,walton_lighthouse-2025-12-08_185857Z,19.845,746.0,96.28407763041226,1.0
onshore,south_westerly_onshore,walton_lighthouse-2025-12-08_185857Z,19.845,749.0,97.63543315869678,1.0
onshore,south_westerly_onshore,walton_lighthouse-2025-12-08_185857Z,19.845,753.0,99.14100504533852,1.0
onshore,south_westerly_onshore,walton_lighthouse-2025-12-08_185857Z,19.845,756.0,101.19456140705853,1.0
onshore,south_westerly_onshore,walton_lighthouse-2025-12-08_185857Z,19.845,760.0,104.3190962443245,1.0
onshore,south_westerly_onshore,walton_lighthouse-2025-12-08_185857Z,19.845,763.0,109.32809504329376,1.0
onshore,south_westerly_onshore,walton_lighthouse-2025-12-08_185857Z,19.845,767.0,116.79092304216167,1.0
onshore,south_westerly_onshore,walton_lighthouse-2025-12-08_185857Z,19.845,770.0,126.60538626759607,1.0
onshore,south_westerly_onshore,walton_lighthouse-2025-12-08_185857Z,19.845,773.0,138.07133709220668,1.0
onshore,south_westerly_onshore,walton_lighthouse-2025-12-08_185857Z,19.845,777.0,150.2563142188608,1.0
onshore,south_westerly_onshore,walton_lighthouse-2025-12-08_185857Z,19.845,780.0,162.30147075898017,1.0
onshore,south_westerly_onshore,walton_lighthouse-2025-12-08_185857Z,19.845,784.0,173.74132130640643,1.0
onshore,south_westerly_onshore,walton_lighthouse-2025-12-08_185857Z,19.845,787.0,184.18742638504915,1.0
onshore,south_westerly_onshore,walton_lighthouse-2025-12-08_185857Z,19.845,790.0,192.84588015685853,1.0
onshore,south_westerly_onshore,walton_lighthouse-2025-12-08_185857Z,19.845,794.0,198.99344160858183,1.0
onshore,south_westerly_onshore,walton_lighthouse-2025-12-08_185857Z,19.845,797.0,202.4066914165986,1.0
onshore,south_westerly_onshore,walton_lighthouse-2025-12-08_185857Z,19.845,801.0,203.35282470719892,1.0
onshore,south_westerly_onshore,walton_lighthouse-2025-12-08_185857Z,19.845,804.0,202.30947382553006,1.0
onshore,south_westerly_onshore,walton_lighthouse-2025-12-08_185857Z,19.845,808.0,199.68675859250348,1.0
onshore,south_westerly_onshore,walton_lighthouse-2025-12-08_185857Z,19.845,811.0,195.80217523411758,1.0
onshore,south_westerly_onshore,walton_lighthouse-2025-12-08_185857Z,19.845,814.0,191.07007537171944,1.0
onshore,south_westerly_onshore,walton_lighthouse-2025-12-08_185857Z,19.845,818.0,186.0642708083895,1.0
onshore,south_westerly_onshore,walton_lighthouse-2025-12-08_185857Z,19.845,821.0,181.3341638745274,1.0
onshore,south_westerly_onshore,walton_lighthouse-2025-12-08_185857Z,19.845,825.0,177.24646501935317,1.0
onshore,south_westerly_onshore,walton_lighthouse-2025-12-08_185857Z,19.845,828.0,173.95570470859377,1.0
onshore,south_westerly_onshore,walton_lighthouse-2025-12-08_185857Z,19.845,832.0,171.46220564779566,1.0
onshore,south_westerly_onshore,walton_lighthouse-2025-12-08_185857Z,19.845,835.0,169.69548904297886,1.0
onshore,south_westerly_onshore,walton_lighthouse-2025-12-08_185857Z,19.845,838.0,168.55446698323433,1.0
onshore,south_westerly_onshore,walton_lighthouse-2025-12-08_185857Z,19.845,842.0,167.91196667385137,1.0
onshore,south_westerly_onshore,walton_lighthouse-2025-12-08_185857Z,19.845,845.0,167.80553068185347,1.0
onshore,south_westerly_onshore,walton_lighthouse-2025-12-08_185857Z,19.845,849.0,168.71135965545844,1.0
onshore,south_westerly_onshore,walton_lighthouse-2025-12-08_185857Z,19.845,852.0,171.20388235602587,1.0
onshore,south_westerly_onshore,walton_lighthouse-2025-12-08_185857Z,19.845,855.0,175.40859832988272,1.0
onshore,south_westerly_onshore,walton_lighthouse-2025-12-08_185857Z,19.845,859.0,180.89289319159116,1.0
onshore,south_westerly_onshore,walton_lighthouse-2025-12-08_185857Z,19.845,862.0,186.88909198437403,1.0
onshore,south_westerly_onshore,walton_lighthouse-2025-12-08_185857Z,19.845,866.0,192.7583036308766,1.0
onshore,south_westerly_onshore,walton_lighthouse-2025-12-08_185857Z,19.845,869.0,198.41347509369106,1.0
onshore,south_westerly_onshore,walton_lighthouse-2025-12-08_185857Z,19.845,873.0,204.22972637153723,1.0
onshore,south_westerly_onshore,walton_lighthouse-2025-12-08_185857Z,19.845,876.0,210.4917381620361,1.0
onshore,south_westerly_onshore,walton_lighthouse-2025-12-08_185857Z,19.845,879.0,216.4306983550639,1.0
onshore,south_westerly_onshore,walton_lighthouse-2025-12-08_185857Z,19.845,883.0,221.27425309544222,1.0
onshore,south_westerly_onshore,walton_lighthouse-2025-12-08_185857Z,19.845,886.0,244.92373569503988,0.9022988505747126
onshore,south_westerly_onshore,walton_lighthouse-2025-06-11_140202Z,23.211308,253.0,47.38849244574628,0.9992378048780488
onshore,south_westerly_onshore,walton_lighthouse-2025-06-11_140202Z,23.211308,257.0,46.834398910827055,0.9992378048780488
onshore,south_westerly_onshore,walton_lighthouse-2025-06-11_140202Z,23.211308,260.0,46.29949123484475,0.9992378048780488
onshore,south_westerly_onshore,walton_lighthouse-2025-06-11_140202Z,23.211308,263.0,45.91783554764973,0.9992378048780488
onshore,south_westerly_onshore,walton_lighthouse-2025-06-11_140202Z,23.211308,267.0,45.84973501897487,0.9992378048780488
onshore,south_westerly_onshore,walton_lighthouse-2025-06-11_140202Z,23.211308,270.0,46.08829031871846,0.9992378048780488
onshore,south_westerly_onshore,walton_lighthouse-2025-06-11_140202Z,23.211308,274.0,46.536538130412836,0.9992378048780488
onshore,south_westerly_onshore,walton_lighthouse-2025-06-11_140202Z,23.211308,277.0,47.162922155127156,0.9992378048780488
onshore,south_westerly_onshore,walton_lighthouse-2025-06-11_140202Z,23.211308,281.0,47.98357391626152,0.9992378048780488
onshore,south_westerly_onshore,walton_lighthouse-2025-06-11_140202Z,23.211308,284.0,48.98395204289501,0.9992378048780488
onshore,south_westerly_onshore,walton_lighthouse-2025-06-11_140202Z,23.211308,287.0,50.086538774221246,0.9992378048780488
onshore,south_westerly_onshore,walton_lighthouse-2025-06-11_140202Z,23.211308,291.0,51.20830572882471,0.9992378048780488
onshore,south_westerly_onshore,walton_lighthouse-2025-06-11_140202Z,23.211308,294.0,52.228655047566676,0.9969512195121951
onshore,south_westerly_onshore,walton_lighthouse-2025-06-11_140202Z,23.211308,298.0,53.44209215023904,0.9984756097560976
onshore,south_westerly_onshore,walton_lighthouse-2025-06-11_140202Z,23.211308,301.0,54.63008278499362,0.9992378048780488
onshore,south_westerly_onshore,walton_lighthouse-2025-06-11_140202Z,23.211308,305.0,55.829938768334955,0.9992378048780488
onshore,south_westerly_onshore,walton_lighthouse-2025-06-11_140202Z,23.211308,308.0,56.99969298976662,0.9992378048780488
onshore,south_westerly_onshore,walton_lighthouse-2025-06-11_140202Z,23.211308,311.0,58.10631605194448,0.9992378048780488
onshore,south_westerly_onshore,walton_lighthouse-2025-06-11_140202Z,23.211308,315.0,59.10695860777012,0.9992378048780488
onshore,south_westerly_onshore,walton_lighthouse-2025-06-11_140202Z,23.211308,318.0,59.95819761244888,0.9992378048780488
onshore,south_westerly_onshore,walton_lighthouse-2025-06-11_140202Z,23.211308,322.0,60.65447555256503,0.9992378048780488
onshore,south_westerly_onshore,walton_lighthouse-2025-06-11_140202Z,23.211308,325.0,61.22255222948187,0.9992378048780488
onshore,south_westerly_onshore,walton_lighthouse-2025-06-11_140202Z,23.211308,329.0,61.69645756089987,0.9992378048780488
onshore,south_westerly_onshore,walton_lighthouse-2025-06-11_140202Z,23.211308,332.0,62.10351180072519,0.9992378048780488
onshore,south_westerly_onshore,walton_lighthouse-2025-06-11_140202Z,23.211308,335.0,62.46504022228076,0.9992378048780488
onshore,south_westerly_onshore,walton_lighthouse-2025-06-11_140202Z,23.211308,339.0,62.795338268863766,0.9992378048780488
onshore,south_westerly_onshore,walton_lighthouse-2025-06-11_140202Z,23.211308,342.0,63.106282885988094,0.9992378048780488
onshore,south_westerly_onshore,walton_lighthouse-2025-06-11_140202Z,23.211308,346.0,63.40239043961609,0.9992378048780488
onshore,south_westerly_onshore,walton_lighthouse-2025-06-11_140202Z,23.211308,349.0,63.67666859540757,0.9992378048780488
onshore,south_westerly_onshore,walton_lighthouse-2025-06-11_140202Z,23.211308,352.0,63.92324643261853,0.9992378048780488
onshore,south_westerly_onshore,walton_lighthouse-2025-06-11_140202Z,23.211308,356.0,64.13992891550937,0.9992378048780488
onshore,south_westerly_onshore,walton_lighthouse-2025-06-11_140202Z,23.211308,359.0,64.32404064094177,0.9992378048780488
onshore,south_westerly_onshore,walton_lighthouse-2025-06-11_140202Z,23.211308,363.0,64.47159187188626,0.9992378048780488
onshore,south_westerly_onshore,walton_lighthouse-2025-06-11_140202Z,23.211308,366.0,64.5770910474258,0.9992378048780488
onshore,south_westerly_onshore,walton_lighthouse-2025-06-11_140202Z,23.211308,370.0,64.64435253828525,0.9992378048780488
onshore,south_westerly_onshore,walton_lighthouse-2025-06-11_140202Z,23.211308,373.0,64.7060891207418,0.9992378048780488
onshore,south_westerly_onshore,walton_lighthouse-2025-06-11_140202Z,23.211308,376.0,64.81959005598051,0.9992378048780488
onshore,south_westerly_onshore,walton_lighthouse-2025-06-11_140202Z,23.211308,380.0,65.0329006027556,0.9992378048780488
onshore,south_westerly_onshore,walton_lighthouse-2025-06-11_140202Z,23.211308,383.0,65.3590922779594,0.9992378048780488
onshore,south_westerly_onshore,walton_lighthouse-2025-06-11_140202Z,23.211308,387.0,65.77787442217176,0.9992378048780488
onshore,south_westerly_onshore,walton_lighthouse-2025-06-11_140202Z,23.211308,390.0,66.26417759186023,0.9992378048780488
onshore,south_westerly_onshore,walton_lighthouse-2025-06-11_140202Z,23.211308,394.0,66.81515677253726,0.9992378048780488
onshore,south_westerly_onshore,walton_lighthouse-2025-06-11_140202Z,23.211308,397.0,67.44453594853425,0.9992378048780488
onshore,south_westerly_onshore,walton_lighthouse-2025-06-11_140202Z,23.211308,400.0,68.14481491596621,0.9992378048780488
onshore,south_westerly_onshore,walton_lighthouse-2025-06-11_140202Z,23.211308,404.0,68.89467195773007,0.9992378048780488
onshore,south_westerly_onshore,walton_lighthouse-2025-06-11_140202Z,23.211308,407.0,69.68767489917228,0.9992378048780488
onshore,south_westerly_onshore,walton_lighthouse-2025-06-11_140202Z,23.211308,411.0,70.51813627412265,0.9992378048780488
onshore,south_westerly_onshore,walton_lighthouse-2025-06-11_140202Z,23.211308,414.0,71.34564670307957,0.9992378048780488
onshore,south_westerly_onshore,walton_lighthouse-2025-06-11_140202Z,23.211308,417.0,72.08005266179175,0.9992378048780488
onshore,south_westerly_onshore,walton_lighthouse-2025-06-11_140202Z,23.211308,421.0,72.63710954574545,0.9992378048780488
onshore,south_westerly_onshore,walton_lighthouse-2025-06-11_140202Z,23.211308,424.0,73.00796693169444,0.9992378048780488
onshore,south_westerly_onshore,walton_lighthouse-2025-06-11_140202Z,23.211308,428.0,73.25825592491454,0.9992378048780488
onshore,south_westerly_onshore,walton_lighthouse-2025-06-11_140202Z,23.211308,431.0,73.45127772970243,0.9992378048780488
onshore,south_westerly_onshore,walton_lighthouse-2025-06-11_140202Z,23.211308,435.0,73.61253775416017,0.9992378048780488
onshore,south_westerly_onshore,walton_lighthouse-2025-06-11_140202Z,23.211308,438.0,73.75579177925933,0.9992378048780488
onshore,south_westerly_onshore,walton_lighthouse-2025-06-11_140202Z,23.211308,441.0,73.90806744048335,0.9992378048780488
onshore,south_westerly_onshore,walton_lighthouse-2025-06-11_140202Z,23.211308,445.0,74.10778603705077,0.9992378048780488
onshore,south_westerly_onshore,walton_lighthouse-2025-06-11_140202Z,23.211308,448.0,74.38491422651315,0.9992378048780488
onshore,south_westerly_onshore,walton_lighthouse-2025-06-11_140202Z,23.211308,452.0,74.75738556977507,0.9992378048780488
onshore,south_westerly_onshore,walton_lighthouse-2025-06-11_140202Z,23.211308,455.0,75.24415361028072,0.9992378048780488
onshore,south_westerly_onshore,walton_lighthouse-2025-06-11_140202Z,23.211308,459.0,75.86147376943836,0.9992378048780488
onshore,south_westerly_onshore,walton_lighthouse-2025-06-11_140202Z,23.211308,462.0,76.60366656395021,0.9992378048780488
onshore,south_westerly_onshore,walton_lighthouse-2025-06-11_140202Z,23.211308,465.0,77.45356763104581,0.9992378048780488
onshore,south_westerly_onshore,walton_lighthouse-2025-06-11_140202Z,23.211308,469.0,78.39509940456087,0.9992378048780488
onshore,south_westerly_onshore,walton_lighthouse-2025-06-11_140202Z,23.211308,472.0,79.41421905288679,0.9992378048780488
onshore,south_westerly_onshore,walton_lighthouse-2025-06-11_140202Z,23.211308,476.0,80.5054677700225,0.9992378048780488
onshore,south_westerly_onshore,walton_lighthouse-2025-06-11_140202Z,23.211308,479.0,81.67164775343922,0.9992378048780488
onshore,south_westerly_onshore,walton_lighthouse-2025-06-11_140202Z,23.211308,482.0,82.91692634273622,0.9992378048780488
onshore,south_westerly_onshore,walton_lighthouse-2025-06-11_140202Z,23.211308,486.0,84.25147451944241,0.9992378048780488
onshore,south_westerly_onshore,walton_lighthouse-2025-06-11_140202Z,23.211308,489.0,85.69487085434083,0.9992378048780488
onshore,south_westerly_onshore,walton_lighthouse-2025-06-11_140202Z,23.211308,493.0,87.24731975990419,0.9992378048780488
onshore,south_westerly_onshore,walton_lighthouse-2025-06-11_140202Z,23.211308,496.0,88.87972250133991,0.9992378048780488
onshore,south_westerly_onshore,walton_lighthouse-2025-06-11_140202Z,23.211308,500.0,90.55769096661959,0.9992378048780488
onshore,south_westerly_onshore,walton_lighthouse-2025-06-11_140202Z,23.211308,503.0,92.25552099723122,0.9992378048780488
onshore,south_westerly_onshore,walton_lighthouse-2025-06-11_140202Z,23.211308,506.0,93.95838316800746,0.9992378048780488
onshore,south_westerly_onshore,walton_lighthouse-2025-06-11_140202Z,23.211308,510.0,95.65686658776337,0.9992378048780488
onshore,south_westerly_onshore,walton_lighthouse-2025-06-11_140202Z,23.211308,513.0,97.34354132688036,0.9992378048780488
onshore,south_westerly_onshore,walton_lighthouse-2025-06-11_140202Z,23.211308,517.0,99.00342719580274,0.9992378048780488
onshore,south_westerly_onshore,walton_lighthouse-2025-06-11_140202Z,23.211308,520.0,100.60299066152467,0.9992378048780488
onshore,south_westerly_onshore,walton_lighthouse-2025-06-11_140202Z,23.211308,524.0,102.1031594206201,0.9992378048780488
onshore,south_westerly_onshore,walton_lighthouse-2025-06-11_140202Z,23.211308,527.0,103.47416225924657,0.9992378048780488
onshore,south_westerly_onshore,walton_lighthouse-2025-06-11_140202Z,23.211308,530.0,104.69774700075922,0.9992378048780488
onshore,south_westerly_onshore,walton_lighthouse-2025-06-11_140202Z,23.211308,534.0,105.75919031978063,0.9992378048780488
onshore,south_westerly_onshore,walton_lighthouse-2025-06-11_140202Z,23.211308,537.0,106.65451227012007,0.9992378048780488
onshore,south_westerly_onshore,walton_lighthouse-2025-06-11_140202Z,23.211308,541.0,107.39910134571859,0.9992378048780488
onshore,south_westerly_onshore,walton_lighthouse-2025-06-11_140202Z,23.211308,544.0,108.03457728576446,0.9992378048780488
onshore,south_westerly_onshore,walton_lighthouse-2025-06-11_140202Z,23.211308,548.0,108.62989217880776,0.9992378048780488
onshore,south_westerly_onshore,walton_lighthouse-2025-06-11_140202Z,23.211308,551.0,109.24690129540033,0.9992378048780488
onshore,south_westerly_onshore,walton_lighthouse-2025-06-11_140202Z,23.211308,554.0,109.91821599361211,0.9992378048780488
onshore,south_westerly_onshore,walton_lighthouse-2025-06-11_140202Z,23.211308,558.0,110.67210003802978,0.9992378048780488
onshore,south_westerly_onshore,walton_lighthouse-2025-06-11_140202Z,23.211308,561.0,111.58322549889202,0.9992378048780488
onshore,south_westerly_onshore,walton_lighthouse-2025-06-11_140202Z,23.211308,565.0,112.72992954335284,0.9992378048780488
onshore,south_westerly_onshore,walton_lighthouse-2025-06-11_140202Z,23.211308,568.0,114.08911852189624,0.9992378048780488
onshore,south_westerly_onshore,walton_lighthouse-2025-06-11_140202Z,23.211308,571.0,115.54032925086318,0.9992378048780488
onshore,south_westerly_onshore,walton_lighthouse-2025-06-11_140202Z,23.211308,575.0,116.98266377916914,0.9992378048780488
onshore,south_westerly_onshore,walton_lighthouse-2025-06-11_140202Z,23.211308,578.0,118.41041214656619,0.9992378048780488
onshore,south_westerly_onshore,walton_lighthouse-2025-06-11_140202Z,23.211308,582.0,119.82889966304177,0.9992378048780488
onshore,south_westerly_onshore,walton_lighthouse-2025-06-11_140202Z,23.211308,585.0,121.24648704107967,0.9992378048780488
onshore,south_westerly_onshore,walton_lighthouse-2025-06-11_140202Z,23.211308,589.0,123.43181068033097,0.9996189024390244
onshore,south_westerly_onshore,walton_lighthouse-2025-06-11_140202Z,23.211308,592.0,125.69843268539879,1.0
onshore,south_westerly_onshore,walton_lighthouse-2025-06-11_140202Z,23.211308,595.0,127.40310209763803,1.0
onshore,south_westerly_onshore,walton_lighthouse-2025-06-11_140202Z,23.211308,599.0,129.2812115298614,1.0
onshore,south_westerly_onshore,walton_lighthouse-2025-06-11_140202Z,23.211308,602.0,131.33478389494906,1.0
onshore,south_westerly_onshore,walton_lighthouse-2025-06-11_140202Z,23.211308,606.0,133.5841638034477,1.0
onshore,south_westerly_onshore,walton_lighthouse-2025-06-11_140202Z,23.211308,609.0,136.06783289058953,1.0
onshore,south_westerly_onshore,walton_lighthouse-2025-06-11_140202Z,23.211308,613.0,138.81458862702337,1.0
onshore,south_westerly_onshore,walton_lighthouse-2025-06-11_140202Z,23.211308,616.0,141.7811891220282,1.0
onshore,south_westerly_onshore,walton_lighthouse-2025-06-11_140202Z,23.211308,619.0,144.88767247723976,1.0
onshore,south_westerly_onshore,walton_lighthouse-2025-06-11_140202Z,23.211308,623.0,148.1116039006114,1.0
onshore,south_westerly_onshore,walton_lighthouse-2025-06-11_140202Z,23.211308,626.0,151.49149097486983,1.0
onshore,south_westerly_onshore,walton_lighthouse-2025-06-11_140202Z,23.211308,630.0,155.06284004640324,1.0
onshore,south_westerly_onshore,walton_lighthouse-2025-06-11_140202Z,23.211308,633.0,158.79191840232028,1.0
onshore,south_westerly_onshore,walton_lighthouse-2025-06-11_140202Z,23.211308,636.0,162.63298905005018,1.0
onshore,south_westerly_onshore,walton_lighthouse-2025-06-11_140202Z,23.211308,640.0,166.59112768672927,1.0
onshore,south_westerly_onshore,walton_lighthouse-2025-06-11_140202Z,23.211308,643.0,170.71304220882308,1.0
onshore,south_westerly_onshore,walton_lighthouse-2025-06-11_140202Z,23.211308,647.0,175.06309285571834,1.0
onshore,south_westerly_onshore,walton_lighthouse-2025-06-11_140202Z,23.211308,650.0,179.71041508438697,1.0
onshore,south_westerly_onshore,walton_lighthouse-2025-06-11_140202Z,23.211308,654.0,184.69991701920952,1.0
onshore,south_westerly_onshore,walton_lighthouse-2025-06-11_140202Z,23.211308,657.0,189.99810327334583,1.0
onshore,south_westerly_onshore,walton_lighthouse-2025-06-11_140202Z,23.211308,660.0,195.5583466968801,1.0
onshore,south_westerly_onshore,walton_lighthouse-2025-06-11_140202Z,23.211308,664.0,201.40199528707393,1.0
onshore,south_westerly_onshore,walton_lighthouse-2025-06-11_140202Z,23.211308,667.0,207.54705493131974,1.0
onshore,south_westerly_onshore,walton_lighthouse-2025-06-11_140202Z,23.211308,671.0,213.89554885381926,1.0
onshore,south_westerly_onshore,walton_lighthouse-2025-06-11_140202Z,23.211308,674.0,220.29332993221612,1.0
onshore,south_westerly_onshore,walton_lighthouse-2025-06-11_140202Z,23.211308,678.0,226.65618166077877,1.0
onshore,south_westerly_onshore,walton_lighthouse-2025-06-11_140202Z,23.211308,681.0,233.0272431516533,1.0
onshore,south_westerly_onshore,walton_lighthouse-2025-06-11_140202Z,23.211308,684.0,239.58927531124004,1.0
onshore,south_westerly_onshore,walton_lighthouse-2025-06-11_140202Z,23.211308,688.0,246.42791543340238,1.0
onshore,south_westerly_onshore,walton_lighthouse-2025-06-11_140202Z,23.211308,691.0,253.19807547191314,1.0
onshore,south_westerly_onshore,walton_lighthouse-2025-06-11_140202Z,23.211308,695.0,259.27388344309327,1.0
onshore,south_westerly_onshore,walton_lighthouse-2025-06-11_140202Z,23.211308,698.0,264.3470587172929,1.0
onshore,south_westerly_onshore,walton_lighthouse-2025-06-11_140202Z,23.211308,701.0,268.7200714663517,1.0
onshore,south_westerly_onshore,walton_lighthouse-2025-06-11_140202Z,23.211308,705.0,272.81686617345275,1.0
onshore,south_westerly_onshore,walton_lighthouse-2025-06-11_140202Z,23.211308,708.0,276.83096631253744,1.0
onshore,south_westerly_onshore,walton_lighthouse-2025-06-11_140202Z,23.211308,712.0,280.7658663246065,1.0
onshore,south_westerly_onshore,walton_lighthouse-2025-06-11_140202Z,23.211308,715.0,284.4374266033654,1.0
onshore,south_westerly_onshore,walton_lighthouse-2025-06-11_140202Z,23.211308,719.0,287.7386571120121,1.0
onshore,south_westerly_onshore,walton_lighthouse-2025-06-11_140202Z,23.211308,722.0,290.76432524924365,1.0
onshore,south_westerly_onshore,walton_lighthouse-2025-06-11_140202Z,23.211308,725.0,293.5489454666439,1.0
onshore,south_westerly_onshore,walton_lighthouse-2025-06-11_140202Z,23.211308,729.0,295.93588860027126,1.0
onshore,south_westerly_onshore,walton_lighthouse-2025-06-11_140202Z,23.211308,732.0,297.7738375359053,1.0
onshore,south_westerly_onshore,walton_lighthouse-2025-06-11_140202Z,23.211308,736.0,299.15714274193306,1.0
onshore,south_westerly_onshore,walton_lighthouse-2025-06-11_140202Z,23.211308,739.0,300.33717606462506,1.0
onshore,south_westerly_onshore,walton_lighthouse-2025-06-11_140202Z,23.211308,743.0,301.46828439162465,1.0
onshore,south_westerly_onshore,walton_lighthouse-2025-06-11_140202Z,23.211308,746.0,302.57099686120483,1.0
onshore,south_westerly_onshore,walton_lighthouse-2025-06-11_140202Z,23.211308,749.0,303.5938148761081,1.0
onshore,south_westerly_onshore,walton_lighthouse-2025-06-11_140202Z,23.211308,753.0,304.53533722424856,1.0
onshore,south_westerly_onshore,walton_lighthouse-2025-06-11_140202Z,23.211308,756.0,305.4568264042125,1.0
onshore,south_westerly_onshore,walton_lighthouse-2025-06-11_140202Z,23.211308,760.0,306.4731171439905,1.0
onshore,south_westerly_onshore,walton_lighthouse-2025-06-11_140202Z,23.211308,763.0,307.6623098673199,1.0
onshore,south_westerly_onshore,walton_lighthouse-2025-06-11_140202Z,23.211308,767.0,308.9845026100267,1.0
onshore,south_westerly_onshore,walton_lighthouse-2025-06-11_140202Z,23.211308,770.0,310.32497677983685,1.0
onshore,south_westerly_onshore,walton_lighthouse-2025-06-11_140202Z,23.211308,773.0,311.57276696555823,1.0
onshore,south_westerly_onshore,walton_lighthouse-2025-06-11_140202Z,23.211308,777.0,312.7531794770618,1.0
onshore,south_westerly_onshore,walton_lighthouse-2025-06-11_140202Z,23.211308,780.0,314.1132265603337,0.9996189024390244
onshore,south_westerly_onshore,walton_lighthouse-2025-06-11_140202Z,23.211308,784.0,315.6075478532758,0.9996189024390244
onshore,south_westerly_onshore,walton_lighthouse-2025-06-11_140202Z,23.211308,787.0,317.64854908202557,0.9988567073170732
onshore,south_westerly_onshore,walton_lighthouse-2025-06-11_140202Z,23.211308,790.0,319.68664643967276,0.9988567073170732
onshore,south_westerly_onshore,walton_lighthouse-2025-06-11_140202Z,23.211308,794.0,321.77692408383535,0.9988567073170732
onshore,south_westerly_onshore,walton_lighthouse-2025-06-11_140202Z,23.211308,797.0,323.7932572702369,0.9988567073170732
onshore,south_westerly_onshore,walton_lighthouse-2025-06-11_140202Z,23.211308,801.0,325.76330809397683,0.9988567073170732
onshore,south_westerly_onshore,walton_lighthouse-2025-06-11_140202Z,23.211308,804.0,327.7917078862264,0.9988567073170732
onshore,south_westerly_onshore,walton_lighthouse-2025-06-11_140202Z,23.211308,808.0,329.9237719434877,0.9988567073170732
onshore,south_westerly_onshore,walton_lighthouse-2025-06-11_140202Z,23.211308,811.0,332.07515746119617,0.9988567073170732
onshore,south_westerly_onshore,walton_lighthouse-2025-06-11_140202Z,23.211308,814.0,334.11806178123896,0.9988567073170732
onshore,south_westerly_onshore,walton_lighthouse-2025-06-11_140202Z,23.211308,818.0,335.98545703979175,0.9988567073170732
onshore,south_westerly_onshore,walton_lighthouse-2025-06-11_140202Z,23.211308,821.0,325.36195939731243,0.9984756097560976
onshore,south_westerly_onshore,walton_lighthouse-2025-06-11_140202Z,23.211308,825.0,326.7957909437438,0.9984756097560976
onshore,south_westerly_onshore,walton_lighthouse-2025-06-11_140202Z,23.211308,828.0,328.13220043589126,0.9984756097560976
onshore,south_westerly_onshore,walton_lighthouse-2025-06-11_140202Z,23.211308,832.0,305.17423381032853,0.9977134146341463
onshore,south_westerly_onshore,walton_lighthouse-2025-06-11_140202Z,23.211308,835.0,306.2545595521919,0.9977134146341463
onshore,south_westerly_onshore,walton_lighthouse-2025-06-11_140202Z,23.211308,838.0,307.2279336100012,0.9977134146341463
onshore,south_westerly_onshore,walton_lighthouse-2025-06-11_140202Z,23.211308,842.0,308.22673156882485,0.9973323170731707
onshore,south_westerly_onshore,walton_lighthouse-2025-06-11_140202Z,23.211308,845.0,309.1498503278676,0.9973323170731707
onshore,south_westerly_onshore,walton_lighthouse-2025-06-11_140202Z,23.211308,849.0,310.2140990389109,0.9973323170731707
onshore,south_westerly_onshore,walton_lighthouse-2025-06-11_140202Z,23.211308,852.0,311.5236499148263,0.9973323170731707
onshore,south_westerly_onshore,walton_lighthouse-2025-06-11_140202Z,23.211308,855.0,302.4129081022098,0.9965701219512195
onshore,south_westerly_onshore,walton_lighthouse-2025-06-11_140202Z,23.211308,859.0,303.9873109017497,0.9965701219512195
onshore,south_westerly_onshore,walton_lighthouse-2025-06-11_140202Z,23.211308,862.0,305.53705119793824,0.9961890243902439
onshore,south_westerly_onshore,walton_lighthouse-2025-06-11_140202Z,23.211308,866.0,307.2547322937806,0.9942835365853658
onshore,south_westerly_onshore,walton_lighthouse-2025-06-11_140202Z,23.211308,869.0,291.97717482124426,0.9908536585365854
onshore,south_westerly_onshore,walton_lighthouse-2025-06-11_140202Z,23.211308,873.0,293.3982500032177,0.9889481707317073
onshore,south_westerly_onshore,walton_lighthouse-2025-06-11_140202Z,23.211308,876.0,295.2599127718378,0.9862804878048781
onshore,south_westerly_onshore,walton_lighthouse-2025-06-11_140202Z,23.211308,879.0,297.97205784791475,0.9813262195121951
onshore,south_westerly_onshore,walton_lighthouse-2025-06-11_140202Z,23.211308,883.0,297.24428383645983,0.9394054878048781
onshore,south_westerly_onshore,walton_lighthouse-2025-06-11_140202Z,23.211308,886.0,304.396259019524,0.8704268292682927
onshore,south_westerly_onshore,walton_lighthouse-2025-02-06_212427Z,32.872428000000006,253.0,215.66214880899443,1.0
onshore,south_westerly_onshore,walton_lighthouse-2025-02-06_212427Z,32.872428000000006,257.0,217.59008717393797,1.0
onshore,south_westerly_onshore,walton_lighthouse-2025-02-06_212427Z,32.872428000000006,260.0,220.58105774803101,1.0
onshore,south_westerly_onshore,walton_lighthouse-2025-02-06_212427Z,32.872428000000006,263.0,225.22827027511445,1.0
onshore,south_westerly_onshore,walton_lighthouse-2025-02-06_212427Z,32.872428000000006,267.0,231.3433305219155,1.0
onshore,south_westerly_onshore,walton_lighthouse-2025-02-06_212427Z,32.872428000000006,270.0,237.74960812597763,1.0
onshore,south_westerly_onshore,walton_lighthouse-2025-02-06_212427Z,32.872428000000006,274.0,242.89681371885084,1.0
onshore,south_westerly_onshore,walton_lighthouse-2025-02-06_212427Z,32.872428000000006,277.0,244.25868061813358,1.0
onshore,south_westerly_onshore,walton_lighthouse-2025-02-06_212427Z,32.872428000000006,281.0,242.31020310389422,1.0
onshore,south_westerly_onshore,walton_lighthouse-2025-02-06_212427Z,32.872428000000006,284.0,246.6238366564077,1.0
onshore,south_westerly_onshore,walton_lighthouse-2025-02-06_212427Z,32.872428000000006,287.0,269.8047481100371,1.0
onshore,south_westerly_onshore,walton_lighthouse-2025-02-06_212427Z,32.872428000000006,291.0,310.94711151482414,1.0
onshore,south_westerly_onshore,walton_lighthouse-2025-02-06_212427Z,32.872428000000006,294.0,353.5287766341733,1.0
onshore,south_westerly_onshore,walton_lighthouse-2025-02-06_212427Z,32.872428000000006,298.0,383.351738505777,1.0
onshore,south_westerly_onshore,walton_lighthouse-2025-02-06_212427Z,32.872428000000006,301.0,401.1077319043739,1.0
onshore,south_westerly_onshore,walton_lighthouse-2025-02-06_212427Z,32.872428000000006,305.0,414.18080657565696,1.0
onshore,south_westerly_onshore,walton_lighthouse-2025-02-06_212427Z,32.872428000000006,308.0,425.7706647333962,1.0
onshore,south_westerly_onshore,walton_lighthouse-2025-02-06_212427Z,32.872428000000006,311.0,435.85730610729695,1.0
onshore,south_westerly_onshore,walton_lighthouse-2025-02-06_212427Z,32.872428000000006,315.0,444.73211773617874,1.0
onshore,south_westerly_onshore,walton_lighthouse-2025-02-06_212427Z,32.872428000000006,318.0,452.92880467167976,1.0
onshore,south_westerly_onshore,walton_lighthouse-2025-02-06_212427Z,32.872428000000006,322.0,461.0870516191623,1.0
onshore,south_westerly_onshore,walton_lighthouse-2025-02-06_212427Z,32.872428000000006,325.0,469.97583847191447,1.0
onshore,south_westerly_onshore,walton_lighthouse-2025-02-06_212427Z,32.872428000000006,329.0,480.72014579682457,1.0
onshore,south_westerly_onshore,walton_lighthouse-2025-02-06_212427Z,32.872428000000006,332.0,494.7979670072654,1.0
onshore,south_westerly_onshore,walton_lighthouse-2025-02-06_212427Z,32.872428000000006,335.0,513.4747270966149,1.0
onshore,south_westerly_onshore,walton_lighthouse-2025-02-06_212427Z,32.872428000000006,339.0,537.3783701138505,1.0
onshore,south_westerly_onshore,walton_lighthouse-2025-02-06_212427Z,32.872428000000006,342.0,566.2343586268862,1.0
onshore,south_westerly_onshore,walton_lighthouse-2025-02-06_212427Z,32.872428000000006,346.0,598.220361452897,1.0
onshore,south_westerly_onshore,walton_lighthouse-2025-02-06_212427Z,32.872428000000006,349.0,630.9120364888402,1.0
onshore,south_westerly_onshore,walton_lighthouse-2025-02-06_212427Z,32.872428000000006,352.0,662.0941720503175,1.0
onshore,south_westerly_onshore,walton_lighthouse-2025-02-06_212427Z,32.872428000000006,356.0,689.9649501539011,1.0
onshore,south_westerly_onshore,walton_lighthouse-2025-02-06_212427Z,32.872428000000006,359.0,713.2693549547366,1.0
onshore,south_westerly_onshore,walton_lighthouse-2025-02-06_212427Z,32.872428000000006,363.0,730.4328582999826,1.0
onshore,south_westerly_onshore,walton_lighthouse-2025-02-06_212427Z,32.872428000000006,366.0,739.9272601709063,1.0
onshore,south_westerly_onshore,walton_lighthouse-2025-02-06_212427Z,32.872428000000006,370.0,741.9978381476454,1.0
onshore,south_westerly_onshore,walton_lighthouse-2025-02-06_212427Z,32.872428000000006,373.0,740.1785098271146,1.0
onshore,south_westerly_onshore,walton_lighthouse-2025-02-06_212427Z,32.872428000000006,376.0,737.2044260943612,1.0
onshore,south_westerly_onshore,walton_lighthouse-2025-02-06_212427Z,32.872428000000006,380.0,733.3427556562809,1.0
onshore,south_westerly_onshore,walton_lighthouse-2025-02-06_212427Z,32.872428000000006,383.0,729.054452878682,1.0
onshore,south_westerly_onshore,walton_lighthouse-2025-02-06_212427Z,32.872428000000006,387.0,724.8123824443255,1.0
onshore,south_westerly_onshore,walton_lighthouse-2025-02-06_212427Z,32.872428000000006,390.0,719.6970039699063,1.0
onshore,south_westerly_onshore,walton_lighthouse-2025-02-06_212427Z,32.872428000000006,394.0,711.841429491803,1.0
onshore,south_westerly_onshore,walton_lighthouse-2025-02-06_212427Z,32.872428000000006,397.0,702.6513784435992,1.0
onshore,south_westerly_onshore,walton_lighthouse-2025-02-06_212427Z,32.872428000000006,400.0,697.0897273400246,1.0
onshore,south_westerly_onshore,walton_lighthouse-2025-02-06_212427Z,32.872428000000006,404.0,697.5142604054334,1.0
onshore,south_westerly_onshore,walton_lighthouse-2025-02-06_212427Z,32.872428000000006,407.0,700.276577308942,1.0
onshore,south_westerly_onshore,walton_lighthouse-2025-02-06_212427Z,32.872428000000006,411.0,700.3811661329064,1.0
onshore,south_westerly_onshore,walton_lighthouse-2025-02-06_212427Z,32.872428000000006,414.0,697.2278631075095,1.0
onshore,south_westerly_onshore,walton_lighthouse-2025-02-06_212427Z,32.872428000000006,417.0,693.5161211266337,1.0
onshore,south_westerly_onshore,walton_lighthouse-2025-02-06_212427Z,32.872428000000006,421.0,691.6234924796103,1.0
onshore,south_westerly_onshore,walton_lighthouse-2025-02-06_212427Z,32.872428000000006,424.0,693.902914720731,1.0
onshore,south_westerly_onshore,walton_lighthouse-2025-02-06_212427Z,32.872428000000006,428.0,704.3327333127202,1.0
onshore,south_westerly_onshore,walton_lighthouse-2025-02-06_212427Z,32.872428000000006,431.0,728.8137037622838,1.0
onshore,south_westerly_onshore,walton_lighthouse-2025-02-06_212427Z,32.872428000000006,435.0,773.0282972047706,1.0
onshore,south_westerly_onshore,walton_lighthouse-2025-02-06_212427Z,32.872428000000006,438.0,795.050900323396,0.9985955056179775
onshore,south_westerly_onshore,walton_lighthouse-2025-02-06_212427Z,32.872428000000006,441.0,877.623648438343,0.9985955056179775
onshore,south_westerly_onshore,walton_lighthouse-2025-02-06_212427Z,32.872428000000006,445.0,964.6398912517393,0.9985955056179775
onshore,south_westerly_onshore,walton_lighthouse-2025-02-06_212427Z,32.872428000000006,448.0,1044.757777384018,0.9985955056179775
onshore,south_westerly_onshore,walton_lighthouse-2025-02-06_212427Z,32.872428000000006,452.0,1112.0409942603992,0.9985955056179775
onshore,south_westerly_onshore,walton_lighthouse-2025-02-06_212427Z,32.872428000000006,455.0,1165.7711682063912,0.9985955056179775
onshore,south_westerly_onshore,walton_lighthouse-2025-02-06_212427Z,32.872428000000006,459.0,1207.5026792488286,0.9985955056179775
onshore,south_westerly_onshore,walton_lighthouse-2025-02-06_212427Z,32.872428000000006,462.0,1238.9343180483486,0.9985955056179775
onshore,south_westerly_onshore,walton_lighthouse-2025-02-06_212427Z,32.872428000000006,465.0,1259.8085226961982,0.9985955056179775
onshore,south_westerly_onshore,walton_lighthouse-2025-02-06_212427Z,32.872428000000006,469.0,1267.735867746318,0.9985955056179775
onshore,south_westerly_onshore,walton_lighthouse-2025-02-06_212427Z,32.872428000000006,472.0,1231.1724346469389,0.9971910112359551
onshore,south_westerly_onshore,walton_lighthouse-2025-02-06_212427Z,32.872428000000006,476.0,1214.46153922428,0.9971910112359551
onshore,south_westerly_onshore,walton_lighthouse-2025-02-06_212427Z,32.872428000000006,479.0,1166.6819324992255,0.9957865168539326
onshore,south_westerly_onshore,walton_lighthouse-2025-02-06_212427Z,32.872428000000006,482.0,1122.3207753042925,0.9943820224719101
onshore,south_westerly_onshore,walton_lighthouse-2025-02-06_212427Z,32.872428000000006,486.0,1105.906548938041,0.9943820224719101
onshore,south_westerly_onshore,walton_lighthouse-2025-02-06_212427Z,32.872428000000006,489.0,1036.0289742577625,0.9915730337078652
onshore,south_westerly_onshore,walton_lighthouse-2025-02-06_212427Z,32.872428000000006,493.0,982.3209905051127,0.9901685393258427
onshore,south_westerly_onshore,walton_lighthouse-2025-02-06_212427Z,32.872428000000006,496.0,945.4498530674448,0.9901685393258427
onshore,south_westerly_onshore,walton_lighthouse-2025-02-06_212427Z,32.872428000000006,500.0,921.235520609271,0.9901685393258427
onshore,south_westerly_onshore,walton_lighthouse-2025-02-06_212427Z,32.872428000000006,503.0,926.691118054625,0.9901685393258427
onshore,south_westerly_onshore,walton_lighthouse-2025-02-06_212427Z,32.872428000000006,506.0,954.7839901303688,0.9901685393258427
onshore,south_westerly_onshore,walton_lighthouse-2025-02-06_212427Z,32.872428000000006,510.0,980.2326831828422,0.9901685393258427
onshore,south_westerly_onshore,walton_lighthouse-2025-02-06_212427Z,32.872428000000006,513.0,985.6251430058476,0.9901685393258427
onshore,south_westerly_onshore,walton_lighthouse-2025-02-06_212427Z,32.872428000000006,517.0,974.1744607119741,0.9901685393258427
onshore,south_westerly_onshore,walton_lighthouse-2025-02-06_212427Z,32.872428000000006,520.0,957.5663666767354,0.9901685393258427
onshore,south_westerly_onshore,walton_lighthouse-2025-02-06_212427Z,32.872428000000006,524.0,941.506702950719,0.9901685393258427
onshore,south_westerly_onshore,walton_lighthouse-2025-02-06_212427Z,32.872428000000006,527.0,926.0619956740028,0.9901685393258427
onshore,south_westerly_onshore,walton_lighthouse-2025-02-06_212427Z,32.872428000000006,530.0,910.4504545114684,0.9901685393258427
onshore,south_westerly_onshore,walton_lighthouse-2025-02-06_212427Z,32.872428000000006,534.0,894.8443556140454,0.9901685393258427
onshore,south_westerly_onshore,walton_lighthouse-2025-02-06_212427Z,32.872428000000006,537.0,880.7625291169771,0.9901685393258427
onshore,south_westerly_onshore,walton_lighthouse-2025-02-06_212427Z,32.872428000000006,541.0,869.7774280798849,0.9901685393258427
onshore,south_westerly_onshore,walton_lighthouse-2025-02-06_212427Z,32.872428000000006,544.0,862.9533366483273,0.9901685393258427
onshore,south_westerly_onshore,walton_lighthouse-2025-02-06_212427Z,32.872428000000006,548.0,861.3954271311426,0.9901685393258427
onshore,south_westerly_onshore,walton_lighthouse-2025-02-06_212427Z,32.872428000000006,551.0,865.5818422476581,0.9901685393258427
onshore,south_westerly_onshore,walton_lighthouse-2025-02-06_212427Z,32.872428000000006,554.0,874.6774733557,0.9901685393258427
onshore,south_westerly_onshore,walton_lighthouse-2025-02-06_212427Z,32.872428000000006,558.0,886.2459751845896,0.9901685393258427
onshore,south_westerly_onshore,walton_lighthouse-2025-02-06_212427Z,32.872428000000006,561.0,897.388062225915,0.9901685393258427
onshore,south_westerly_onshore,walton_lighthouse-2025-02-06_212427Z,32.872428000000006,565.0,907.1586973504394,0.9901685393258427
onshore,south_westerly_onshore,walton_lighthouse-2025-02-06_212427Z,32.872428000000006,568.0,910.4345889148607,0.9873595505617978
onshore,south_westerly_onshore,walton_lighthouse-2025-02-06_212427Z,32.872428000000006,571.0,907.2951638269135,0.9803370786516854
onshore,south_westerly_onshore,walton_lighthouse-2025-02-06_212427Z,32.872428000000006,575.0,918.0684985126994,0.9775280898876404
onshore,south_westerly_onshore,walton_lighthouse-2025-02-06_212427Z,32.872428000000006,578.0,922.2357062259376,0.973314606741573
onshore,south_westerly_onshore,walton_lighthouse-2025-02-06_212427Z,32.872428000000006,582.0,947.9846689947051,0.973314606741573
onshore,south_westerly_onshore,walton_lighthouse-2025-02-06_212427Z,32.872428000000006,585.0,962.3832712196308,0.9691011235955056
onshore,south_westerly_onshore,walton_lighthouse-2025-02-06_212427Z,32.872428000000006,589.0,963.1075268604183,0.9606741573033708
onshore,south_westerly_onshore,walton_lighthouse-2025-02-06_212427Z,32.872428000000006,592.0,977.1061115123579,0.949438202247191
onshore,south_westerly_onshore,walton_lighthouse-2025-02-06_212427Z,32.872428000000006,595.0,967.079987346465,0.9115168539325843
onshore,south_westerly_onshore,walton_lighthouse-2025-02-06_212427Z,32.872428000000006,599.0,996.9914419539513,0.9002808988764045
onshore,south_westerly_onshore,walton_lighthouse-2025-02-06_212427Z,32.872428000000006,602.0,1020.1350295818839,0.8806179775280899
onshore,south_westerly_onshore,walton_lighthouse-2025-02-06_212427Z,32.872428000000006,606.0,1054.0972384242116,0.8735955056179775
onshore,south_westerly_onshore,walton_lighthouse-2025-02-06_212427Z,32.872428000000006,609.0,1088.709537931741,0.8525280898876404
onshore,south_westerly_onshore,walton_lighthouse-2025-02-06_212427Z,32.872428000000006,613.0,1126.2736798989579,0.8398876404494382
onshore,south_westerly_onshore,walton_lighthouse-2025-02-06_212427Z,32.872428000000006,616.0,1152.857618369589,0.8216292134831461
onshore,south_westerly_onshore,walton_lighthouse-2025-02-06_212427Z,32.872428000000006,619.0,1186.8118593679408,0.8103932584269663
onshore,south_westerly_onshore,walton_lighthouse-2025-02-06_212427Z,32.872428000000006,623.0,1202.3380845963281,0.8033707865168539
onshore,south_westerly_onshore,walton_lighthouse-2025-02-06_212427Z,32.872428000000006,626.0,1220.0351010380482,0.7963483146067416
onshore,south_westerly_onshore,walton_lighthouse-2025-02-06_212427Z,32.872428000000006,630.0,1227.9148217800434,0.7668539325842697
onshore,south_westerly_onshore,walton_lighthouse-2025-02-06_212427Z,32.872428000000006,633.0,1240.2454474793838,0.7373595505617978
onshore,south_westerly_onshore,walton_lighthouse-2025-02-06_212427Z,32.872428000000006,636.0,1253.6860631282511,0.7219101123595506
onshore,south_westerly_onshore,walton_lighthouse-2025-02-06_212427Z,32.872428000000006,640.0,1261.026726626766,0.7036516853932584
onshore,south_westerly_onshore,walton_lighthouse-2025-02-06_212427Z,32.872428000000006,643.0,1271.7323105256382,0.6924157303370787
onshore,south_westerly_onshore,walton_lighthouse-2025-02-06_212427Z,32.872428000000006,647.0,1283.324438846471,0.675561797752809
onshore,south_westerly_onshore,walton_lighthouse-2025-02-06_212427Z,32.872428000000006,650.0,1283.6882464593634,0.6151685393258427
onshore,south_westerly_onshore,walton_lighthouse-2025-02-06_212427Z,32.872428000000006,654.0,1274.7553594848055,0.5758426966292135
onshore,south_westerly_onshore,walton_lighthouse-2025-02-06_212427Z,32.872428000000006,657.0,1250.26877269897,0.5449438202247191
onshore,south_westerly_onshore,walton_lighthouse-2025-02-06_212427Z,32.872428000000006,660.0,1250.7848013579355,0.5308988764044944
onshore,south_westerly_onshore,walton_lighthouse-2025-02-06_212427Z,32.872428000000006,664.0,1259.6057304941048,0.5210674157303371
onshore,south_westerly_onshore,walton_lighthouse-2025-02-06_212427Z,32.872428000000006,667.0,1265.4535756944747,0.5042134831460674
onshore,south_westerly_onshore,walton_lighthouse-2025-02-06_212427Z,32.872428000000006,671.0,1273.9594677022258,0.46769662921348315
onshore,south_westerly_onshore,walton_lighthouse-2025-02-06_212427Z,32.872428000000006,674.0,1277.3434851923514,0.4508426966292135
onshore,south_westerly_onshore,walton_lighthouse-2025-02-06_212427Z,32.872428000000006,678.0,1246.8540403938866,0.40168539325842695
onshore,south_westerly_onshore,walton_lighthouse-2025-02-06_212427Z,32.872428000000006,681.0,1162.8711945156672,0.3539325842696629
onshore,south_westerly_onshore,walton_lighthouse-2025-02-06_212427Z,32.872428000000006,684.0,1132.7696221561082,0.33146067415730335
onshore,south_westerly_onshore,walton_lighthouse-2025-02-06_212427Z,32.872428000000006,688.0,1125.4676836473827,0.3188202247191011
onshore,south_westerly_onshore,walton_lighthouse-2025-02-06_212427Z,32.872428000000006,691.0,1164.584545753869,0.300561797752809
onshore,south_westerly_onshore,walton_lighthouse-2025-02-06_212427Z,32.872428000000006,695.0,1169.7192046472398,0.2851123595505618
onshore,south_westerly_onshore,walton_lighthouse-2025-02-06_212427Z,32.872428000000006,698.0,1181.810485128978,0.2808988764044944
onshore,south_westerly_onshore,walton_lighthouse-2025-02-06_212427Z,32.872428000000006,701.0,1100.1543916365276,0.2542134831460674
onshore,south_westerly_onshore,walton_lighthouse-2025-02-06_212427Z,32.872428000000006,705.0,867.8163787266121,0.2148876404494382
onshore,south_westerly_onshore,walton_lighthouse-2025-02-06_212427Z,32.872428000000006,708.0,639.0736391135435,0.18820224719101122
onshore,south_westerly_onshore,walton_lighthouse-2025-02-06_212427Z,32.872428000000006,712.0,429.2020098504444,0.175561797752809
onshore,south_westerly_onshore,walton_lighthouse-2025-02-06_212427Z,32.872428000000006,715.0,320.4904097263432,0.16573033707865167
onshore,south_westerly_onshore,walton_lighthouse-2025-02-06_212427Z,32.872428000000006,719.0,325.0484603773897,0.16292134831460675
onshore,south_westerly_onshore,walton_lighthouse-2025-02-06_212427Z,32.872428000000006,722.0,340.08929202496495,0.15730337078651685
onshore,south_westerly_onshore,walton_lighthouse-2025-02-06_212427Z,32.872428000000006,725.0,342.69508898118715,0.15168539325842698
onshore,south_westerly_onshore,walton_lighthouse-2025-02-06_212427Z,32.872428000000006,729.0,368.58594732129274,0.14887640449438203
onshore,south_westerly_onshore,walton_lighthouse-2025-02-06_212427Z,32.872428000000006,732.0,376.3227168064904,0.14606741573033707
onshore,south_westerly_onshore,walton_lighthouse-2025-02-06_212427Z,32.872428000000006,736.0,416.64378624938195,0.14325842696629212
onshore,south_westerly_onshore,walton_lighthouse-2025-02-06_212427Z,32.872428000000006,739.0,438.9914308877958,0.14185393258426968
onshore,south_westerly_onshore,walton_lighthouse-2025-02-06_212427Z,32.872428000000006,743.0,471.9113013287684,0.1404494382022472
onshore,south_westerly_onshore,walton_lighthouse-2025-02-06_212427Z,32.872428000000006,746.0,446.5737249040431,0.13342696629213482
onshore,south_westerly_onshore,walton_lighthouse-2025-02-06_212427Z,32.872428000000006,749.0,349.0413887823446,0.125
onshore,south_westerly_onshore,walton_lighthouse-2025-02-06_212427Z,32.872428000000006,753.0,366.2037968594355,0.12078651685393259
onshore,south_westerly_onshore,walton_lighthouse-2025-02-06_212427Z,32.872428000000006,756.0,325.41347877395896,0.11657303370786516
onshore,south_westerly_onshore,walton_lighthouse-2025-02-06_212427Z,32.872428000000006,760.0,239.79256954353323,0.10814606741573034
onshore,south_westerly_onshore,walton_lighthouse-2025-02-06_212427Z,32.872428000000006,763.0,276.9553569063447,0.10674157303370786
onshore,south_westerly_onshore,walton_lighthouse-2025-02-06_212427Z,32.872428000000006,767.0,297.72090246953616,0.10252808988764045
onshore,south_westerly_onshore,walton_lighthouse-2025-04-01_140221Z,29.451600000000003,253.0,8.536230451599451,0.9986225895316805
onshore,south_westerly_onshore,walton_lighthouse-2025-04-01_140221Z,29.451600000000003,257.0,8.611149735995179,0.9986225895316805
onshore,south_westerly_onshore,walton_lighthouse-2025-04-01_140221Z,29.451600000000003,260.0,8.716938315104313,0.9986225895316805
onshore,south_westerly_onshore,walton_lighthouse-2025-04-01_140221Z,29.451600000000003,263.0,8.875107860618176,0.9986225895316805
onshore,south_westerly_onshore,walton_lighthouse-2025-04-01_140221Z,29.451600000000003,267.0,9.076234344883735,0.9986225895316805
onshore,south_westerly_onshore,walton_lighthouse-2025-04-01_140221Z,29.451600000000003,270.0,9.286898042042843,0.9986225895316805
onshore,south_westerly_onshore,walton_lighthouse-2025-04-01_140221Z,29.451600000000003,274.0,9.500281307119138,0.9986225895316805
onshore,south_westerly_onshore,walton_lighthouse-2025-04-01_140221Z,29.451600000000003,277.0,9.718075828738476,0.9986225895316805
onshore,south_westerly_onshore,walton_lighthouse-2025-04-01_140221Z,29.451600000000003,281.0,9.965831085171217,0.9986225895316805
onshore,south_westerly_onshore,walton_lighthouse-2025-04-01_140221Z,29.451600000000003,284.0,10.294441351498003,0.9986225895316805
onshore,south_westerly_onshore,walton_lighthouse-2025-04-01_140221Z,29.451600000000003,287.0,10.776417348329206,0.9986225895316805
onshore,south_westerly_onshore,walton_lighthouse-2025-04-01_140221Z,29.451600000000003,291.0,11.534843927070858,0.9986225895316805
onshore,south_westerly_onshore,walton_lighthouse-2025-04-01_140221Z,29.451600000000003,294.0,12.689055638823774,0.9986225895316805
onshore,south_westerly_onshore,walton_lighthouse-2025-04-01_140221Z,29.451600000000003,298.0,14.273107629530939,0.9986225895316805
onshore,south_westerly_onshore,walton_lighthouse-2025-04-01_140221Z,29.451600000000003,301.0,16.227968513557176,0.9986225895316805
onshore,south_westerly_onshore,walton_lighthouse-2025-04-01_140221Z,29.451600000000003,305.0,18.436932564535795,0.9986225895316805
onshore,south_westerly_onshore,walton_lighthouse-2025-04-01_140221Z,29.451600000000003,308.0,20.80185842697176,0.9986225895316805
onshore,south_westerly_onshore,walton_lighthouse-2025-04-01_140221Z,29.451600000000003,311.0,23.284650030537218,0.9986225895316805
onshore,south_westerly_onshore,walton_lighthouse-2025-04-01_140221Z,29.451600000000003,315.0,25.885630104904045,0.9986225895316805
onshore,south_westerly_onshore,walton_lighthouse-2025-04-01_140221Z,29.451600000000003,318.0,28.553405712222055,0.9986225895316805
onshore,south_westerly_onshore,walton_lighthouse-2025-04-01_140221Z,29.451600000000003,322.0,31.216783802532778,0.9986225895316805
onshore,south_westerly_onshore,walton_lighthouse-2025-04-01_140221Z,29.451600000000003,325.0,33.845575563794156,0.9986225895316805
onshore,south_westerly_onshore,walton_lighthouse-2025-04-01_140221Z,29.451600000000003,329.0,36.4313240381472,0.9986225895316805
onshore,south_westerly_onshore,walton_lighthouse-2025-04-01_140221Z,29.451600000000003,332.0,39.04120909175115,0.9986225895316805
onshore,south_westerly_onshore,walton_lighthouse-2025-04-01_140221Z,29.451600000000003,335.0,41.85115347783914,0.9986225895316805
onshore,south_westerly_onshore,walton_lighthouse-2025-04-01_140221Z,29.451600000000003,339.0,45.42458016217206,0.9986225895316805
onshore,south_westerly_onshore,walton_lighthouse-2025-04-01_140221Z,29.451600000000003,342.0,51.229720172613625,0.9986225895316805
onshore,south_westerly_onshore,walton_lighthouse-2025-04-01_140221Z,29.451600000000003,346.0,61.39907028667946,0.9986225895316805
onshore,south_westerly_onshore,walton_lighthouse-2025-04-01_140221Z,29.451600000000003,349.0,76.78955390888366,0.9986225895316805
onshore,south_westerly_onshore,walton_lighthouse-2025-04-01_140221Z,29.451600000000003,352.0,94.99222031562033,0.9986225895316805
onshore,south_westerly_onshore,walton_lighthouse-2025-04-01_140221Z,29.451600000000003,356.0,111.56617377561004,0.9986225895316805
onshore,south_westerly_onshore,walton_lighthouse-2025-04-01_140221Z,29.451600000000003,359.0,123.74969945350507,0.9986225895316805
onshore,south_westerly_onshore,walton_lighthouse-2025-04-01_140221Z,29.451600000000003,363.0,132.42223496448597,0.9986225895316805
onshore,south_westerly_onshore,walton_lighthouse-2025-04-01_140221Z,29.451600000000003,366.0,139.2467204726839,0.9986225895316805
onshore,south_westerly_onshore,walton_lighthouse-2025-04-01_140221Z,29.451600000000003,370.0,144.35722841494632,0.9986225895316805
onshore,south_westerly_onshore,walton_lighthouse-2025-04-01_140221Z,29.451600000000003,373.0,147.99201907525327,0.9986225895316805
onshore,south_westerly_onshore,walton_lighthouse-2025-04-01_140221Z,29.451600000000003,376.0,151.94128317813508,0.9986225895316805
onshore,south_westerly_onshore,walton_lighthouse-2025-04-01_140221Z,29.451600000000003,380.0,158.70363108021806,0.9986225895316805
onshore,south_westerly_onshore,walton_lighthouse-2025-04-01_140221Z,29.451600000000003,383.0,168.66520816971155,0.9986225895316805
onshore,south_westerly_onshore,walton_lighthouse-2025-04-01_140221Z,29.451600000000003,387.0,180.20684234060087,0.9986225895316805
onshore,south_westerly_onshore,walton_lighthouse-2025-04-01_140221Z,29.451600000000003,390.0,191.89574872581937,0.9986225895316805
onshore,south_westerly_onshore,walton_lighthouse-2025-04-01_140221Z,29.451600000000003,394.0,202.48901967558885,0.9986225895316805
onshore,south_westerly_onshore,walton_lighthouse-2025-04-01_140221Z,29.451600000000003,397.0,210.62926692058556,0.9986225895316805
onshore,south_westerly_onshore,walton_lighthouse-2025-04-01_140221Z,29.451600000000003,400.0,211.2310800915668,0.9972451790633609
onshore,south_westerly_onshore,walton_lighthouse-2025-04-01_140221Z,29.451600000000003,404.0,213.29224886201015,0.9965564738292011
onshore,south_westerly_onshore,walton_lighthouse-2025-04-01_140221Z,29.451600000000003,407.0,220.55590596873347,0.9965564738292011
onshore,south_westerly_onshore,walton_lighthouse-2025-04-01_140221Z,29.451600000000003,411.0,232.87514948921367,0.9965564738292011
onshore,south_westerly_onshore,walton_lighthouse-2025-04-01_140221Z,29.451600000000003,414.0,247.15534943737788,0.9965564738292011
onshore,south_westerly_onshore,walton_lighthouse-2025-04-01_140221Z,29.451600000000003,417.0,257.25465582912875,0.9965564738292011
onshore,south_westerly_onshore,walton_lighthouse-2025-04-01_140221Z,29.451600000000003,421.0,260.2436055510703,0.9965564738292011
onshore,south_westerly_onshore,walton_lighthouse-2025-04-01_140221Z,29.451600000000003,424.0,259.0962195755244,0.9965564738292011
onshore,south_westerly_onshore,walton_lighthouse-2025-04-01_140221Z,29.451600000000003,428.0,257.81251662149856,0.9965564738292011
onshore,south_westerly_onshore,walton_lighthouse-2025-04-01_140221Z,29.451600000000003,431.0,257.64460226283796,0.9965564738292011
onshore,south_westerly_onshore,walton_lighthouse-2025-04-01_140221Z,29.451600000000003,435.0,258.3016948281818,0.9965564738292011
onshore,south_westerly_onshore,walton_lighthouse-2025-04-01_140221Z,29.451600000000003,438.0,259.2221835957286,0.9965564738292011
onshore,south_westerly_onshore,walton_lighthouse-2025-04-01_140221Z,29.451600000000003,441.0,260.5195319496701,0.9965564738292011
onshore,south_westerly_onshore,walton_lighthouse-2025-04-01_140221Z,29.451600000000003,445.0,263.6733517459843,0.9965564738292011
onshore,south_westerly_onshore,walton_lighthouse-2025-04-01_140221Z,29.451600000000003,448.0,270.987417440247,0.9965564738292011
onshore,south_westerly_onshore,walton_lighthouse-2025-04-01_140221Z,29.451600000000003,452.0,283.337845633688,0.9965564738292011
onshore,south_westerly_onshore,walton_lighthouse-2025-04-01_140221Z,29.451600000000003,455.0,298.37287820694036,0.9965564738292011
onshore,south_westerly_onshore,walton_lighthouse-2025-04-01_140221Z,29.451600000000003,459.0,312.1266227926429,0.9965564738292011
onshore,south_westerly_onshore,walton_lighthouse-2025-04-01_140221Z,29.451600000000003,462.0,322.54791630451837,0.9965564738292011
onshore,south_westerly_onshore,walton_lighthouse-2025-04-01_140221Z,29.451600000000003,465.0,330.9798078152627,0.9972451790633609
onshore,south_westerly_onshore,walton_lighthouse-2025-04-01_140221Z,29.451600000000003,469.0,337.02185435850095,0.9972451790633609
onshore,south_westerly_onshore,walton_lighthouse-2025-04-01_140221Z,29.451600000000003,472.0,338.7768711694838,0.9986225895316805
onshore,south_westerly_onshore,walton_lighthouse-2025-04-01_140221Z,29.451600000000003,476.0,334.5200095119133,0.9986225895316805
onshore,south_westerly_onshore,walton_lighthouse-2025-04-01_140221Z,29.451600000000003,479.0,324.3550101924299,0.9986225895316805
onshore,south_westerly_onshore,walton_lighthouse-2025-04-01_140221Z,29.451600000000003,482.0,310.57069764759865,0.9986225895316805
onshore,south_westerly_onshore,walton_lighthouse-2025-04-01_140221Z,29.451600000000003,486.0,297.9271726117301,0.9986225895316805
onshore,south_westerly_onshore,walton_lighthouse-2025-04-01_140221Z,29.451600000000003,489.0,290.87506153248273,0.9986225895316805
onshore,south_westerly_onshore,walton_lighthouse-2025-04-01_140221Z,29.451600000000003,493.0,290.4992041126198,0.9986225895316805
onshore,south_westerly_onshore,walton_lighthouse-2025-04-01_140221Z,29.451600000000003,496.0,295.8011839970963,0.9986225895316805
onshore,south_westerly_onshore,walton_lighthouse-2025-04-01_140221Z,29.451600000000003,500.0,307.87014195210776,0.9986225895316805
onshore,south_westerly_onshore,walton_lighthouse-2025-04-01_140221Z,29.451600000000003,503.0,329.4752625775232,0.9986225895316805
onshore,south_westerly_onshore,walton_lighthouse-2025-04-01_140221Z,29.451600000000003,506.0,360.40964820139226,0.9986225895316805
onshore,south_westerly_onshore,walton_lighthouse-2025-04-01_140221Z,29.451600000000003,510.0,396.13521808628525,0.9986225895316805
onshore,south_westerly_onshore,walton_lighthouse-2025-04-01_140221Z,29.451600000000003,513.0,430.3101401845376,0.9986225895316805
onshore,south_westerly_onshore,walton_lighthouse-2025-04-01_140221Z,29.451600000000003,517.0,457.7194165606689,0.9986225895316805
onshore,south_westerly_onshore,walton_lighthouse-2025-04-01_140221Z,29.451600000000003,520.0,476.2185339203396,0.9986225895316805
onshore,south_westerly_onshore,walton_lighthouse-2025-04-01_140221Z,29.451600000000003,524.0,487.9188521532268,0.9986225895316805
onshore,south_westerly_onshore,walton_lighthouse-2025-04-01_140221Z,29.451600000000003,527.0,497.35151351075837,0.9986225895316805
onshore,south_westerly_onshore,walton_lighthouse-2025-04-01_140221Z,29.451600000000003,530.0,507.3702951486054,0.9986225895316805
onshore,south_westerly_onshore,walton_lighthouse-2025-04-01_140221Z,29.451600000000003,534.0,518.2166698923821,0.9986225895316805
onshore,south_westerly_onshore,walton_lighthouse-2025-04-01_140221Z,29.451600000000003,537.0,528.9768827302387,0.9986225895316805
onshore,south_westerly_onshore,walton_lighthouse-2025-04-01_140221Z,29.451600000000003,541.0,493.17435529875104,0.9979338842975206
onshore,south_westerly_onshore,walton_lighthouse-2025-04-01_140221Z,29.451600000000003,544.0,502.1409576790868,0.9979338842975206
onshore,south_westerly_onshore,walton_lighthouse-2025-04-01_140221Z,29.451600000000003,548.0,511.92475556978417,0.9979338842975206
onshore,south_westerly_onshore,walton_lighthouse-2025-04-01_140221Z,29.451600000000003,551.0,524.7041727826705,0.9979338842975206
onshore,south_westerly_onshore,walton_lighthouse-2025-04-01_140221Z,29.451600000000003,554.0,541.7950591945252,0.9979338842975206
onshore,south_westerly_onshore,walton_lighthouse-2025-04-01_140221Z,29.451600000000003,558.0,563.5718855533183,0.9979338842975206
onshore,south_westerly_onshore,walton_lighthouse-2025-04-01_140221Z,29.451600000000003,561.0,589.8800973344041,0.9979338842975206
onshore,south_westerly_onshore,walton_lighthouse-2025-04-01_140221Z,29.451600000000003,565.0,619.5242750467239,0.9979338842975206
onshore,south_westerly_onshore,walton_lighthouse-2025-04-01_140221Z,29.451600000000003,568.0,651.3549041043135,0.9979338842975206
onshore,south_westerly_onshore,walton_lighthouse-2025-04-01_140221Z,29.451600000000003,571.0,687.1404478575056,0.9979338842975206
onshore,south_westerly_onshore,walton_lighthouse-2025-04-01_140221Z,29.451600000000003,575.0,729.6266147920516,0.9979338842975206
onshore,south_westerly_onshore,walton_lighthouse-2025-04-01_140221Z,29.451600000000003,578.0,781.4210587906487,0.9979338842975206
onshore,south_westerly_onshore,walton_lighthouse-2025-04-01_140221Z,29.451600000000003,582.0,846.2164648598063,0.9979338842975206
onshore,south_westerly_onshore,walton_lighthouse-2025-04-01_140221Z,29.451600000000003,585.0,928.29978328117,0.9979338842975206
onshore,south_westerly_onshore,walton_lighthouse-2025-04-01_140221Z,29.451600000000003,589.0,1034.1176621958846,0.9979338842975206
onshore,south_westerly_onshore,walton_lighthouse-2025-04-01_140221Z,29.451600000000003,592.0,1172.6332997223687,0.9979338842975206
onshore,south_westerly_onshore,walton_lighthouse-2025-04-01_140221Z,29.451600000000003,595.0,1348.2849372859707,0.9979338842975206
onshore,south_westerly_onshore,walton_lighthouse-2025-04-01_140221Z,29.451600000000003,599.0,1545.7089123766884,0.9979338842975206
onshore,south_westerly_onshore,walton_lighthouse-2025-04-01_140221Z,29.451600000000003,602.0,1726.3955920620047,0.9979338842975206
onshore,south_westerly_onshore,walton_lighthouse-2025-04-01_140221Z,29.451600000000003,606.0,1841.2864264068767,0.9965564738292011
onshore,south_westerly_onshore,walton_lighthouse-2025-04-01_140221Z,29.451600000000003,609.0,1890.4029909129351,0.9958677685950413
onshore,south_westerly_onshore,walton_lighthouse-2025-04-01_140221Z,29.451600000000003,613.0,1882.731992240621,0.9958677685950413
onshore,south_westerly_onshore,walton_lighthouse-2025-04-01_140221Z,29.451600000000003,616.0,1829.3274650988817,0.9958677685950413
onshore,south_westerly_onshore,walton_lighthouse-2025-04-01_140221Z,29.451600000000003,619.0,1749.5937441290314,0.9958677685950413
onshore,south_westerly_onshore,walton_lighthouse-2025-04-01_140221Z,29.451600000000003,623.0,1662.959439962838,0.9958677685950413
onshore,south_westerly_onshore,walton_lighthouse-2025-04-01_140221Z,29.451600000000003,626.0,1579.9309875853328,0.9958677685950413
onshore,south_westerly_onshore,walton_lighthouse-2025-04-01_140221Z,29.451600000000003,630.0,1506.8933273746627,0.9958677685950413
onshore,south_westerly_onshore,walton_lighthouse-2025-04-01_140221Z,29.451600000000003,633.0,1427.3014933756272,0.9951790633608816
onshore,south_westerly_onshore,walton_lighthouse-2025-04-01_140221Z,29.451600000000003,636.0,1365.843760411561,0.9944903581267218
onshore,south_westerly_onshore,walton_lighthouse-2025-04-01_140221Z,29.451600000000003,640.0,1320.4336570496425,0.9944903581267218
onshore,south_westerly_onshore,walton_lighthouse-2025-04-01_140221Z,29.451600000000003,643.0,1289.3211429911958,0.993801652892562
onshore,south_westerly_onshore,walton_lighthouse-2025-04-01_140221Z,29.451600000000003,647.0,1311.1975623669455,0.993801652892562
onshore,south_westerly_onshore,walton_lighthouse-2025-04-01_140221Z,29.451600000000003,650.0,1344.726513875914,0.993801652892562
onshore,south_westerly_onshore,walton_lighthouse-2025-04-01_140221Z,29.451600000000003,654.0,1357.220408953208,0.993801652892562
onshore,south_westerly_onshore,walton_lighthouse-2025-04-01_140221Z,29.451600000000003,657.0,1348.3232407555383,0.993801652892562
onshore,south_westerly_onshore,walton_lighthouse-2025-04-01_140221Z,29.451600000000003,660.0,1336.8193627536157,0.993801652892562
onshore,south_westerly_onshore,walton_lighthouse-2025-04-01_140221Z,29.451600000000003,664.0,1319.413400822719,0.9931129476584022
onshore,south_westerly_onshore,walton_lighthouse-2025-04-01_140221Z,29.451600000000003,667.0,1316.920622726062,0.9931129476584022
onshore,south_westerly_onshore,walton_lighthouse-2025-04-01_140221Z,29.451600000000003,671.0,1318.5751117293048,0.9931129476584022
onshore,south_westerly_onshore,walton_lighthouse-2025-04-01_140221Z,29.451600000000003,674.0,1332.571542885342,0.9931129476584022
onshore,south_westerly_onshore,walton_lighthouse-2025-04-01_140221Z,29.451600000000003,678.0,1363.4626525427216,0.9931129476584022
onshore,south_westerly_onshore,walton_lighthouse-2025-04-01_140221Z,29.451600000000003,681.0,1396.007114673609,0.9917355371900827
onshore,south_westerly_onshore,walton_lighthouse-2025-04-01_140221Z,29.451600000000003,684.0,1446.6045028585208,0.9910468319559229
onshore,south_westerly_onshore,walton_lighthouse-2025-04-01_140221Z,29.451600000000003,688.0,1483.7056696976579,0.9896694214876033
onshore,south_westerly_onshore,walton_lighthouse-2025-04-01_140221Z,29.451600000000003,691.0,1492.0571851975199,0.9855371900826446
onshore,south_westerly_onshore,walton_lighthouse-2025-04-01_140221Z,29.451600000000003,695.0,1493.9455407504395,0.9827823691460055
onshore,south_westerly_onshore,walton_lighthouse-2025-04-01_140221Z,29.451600000000003,698.0,1477.2078105876806,0.9786501377410468
onshore,south_westerly_onshore,walton_lighthouse-2025-04-01_140221Z,29.451600000000003,701.0,1463.8705006708606,0.9738292011019284
onshore,south_westerly_onshore,walton_lighthouse-2025-04-01_140221Z,29.451600000000003,705.0,1447.4708978338288,0.9621212121212122
onshore,south_westerly_onshore,walton_lighthouse-2025-04-01_140221Z,29.451600000000003,708.0,1446.8824558122415,0.9614325068870524
onshore,south_westerly_onshore,walton_lighthouse-2025-04-01_140221Z,29.451600000000003,712.0,1448.9136013775142,0.9586776859504132
onshore,south_westerly_onshore,walton_lighthouse-2025-04-01_140221Z,29.451600000000003,715.0,1404.4195869261096,0.9476584022038568
onshore,south_westerly_onshore,walton_lighthouse-2025-04-01_140221Z,29.451600000000003,719.0,1409.9631068986334,0.9455922865013774
onshore,south_westerly_onshore,walton_lighthouse-2025-04-01_140221Z,29.451600000000003,722.0,1384.927785705299,0.9393939393939394
onshore,south_westerly_onshore,walton_lighthouse-2025-04-01_140221Z,29.451600000000003,725.0,1345.750216921737,0.9318181818181818
onshore,south_westerly_onshore,walton_lighthouse-2025-04-01_140221Z,29.451600000000003,729.0,1343.4595426247552,0.9276859504132231
onshore,south_westerly_onshore,walton_lighthouse-2025-04-01_140221Z,29.451600000000003,732.0,1297.0941448419564,0.9152892561983471
onshore,south_westerly_onshore,walton_lighthouse-2025-04-01_140221Z,29.451600000000003,736.0,1291.5319090484998,0.9090909090909091
onshore,south_westerly_onshore,walton_lighthouse-2025-04-01_140221Z,29.451600000000003,739.0,1230.6099725829076,0.8960055096418733
onshore,south_westerly_onshore,walton_lighthouse-2025-04-01_140221Z,29.451600000000003,743.0,1216.2334505712483,0.8808539944903582
onshore,south_westerly_onshore,walton_lighthouse-2025-04-01_140221Z,29.451600000000003,746.0,1187.9303641751924,0.8574380165289256
onshore,south_westerly_onshore,walton_lighthouse-2025-04-01_140221Z,29.451600000000003,749.0,1149.9021384763669,0.8340220385674931
onshore,south_westerly_onshore,walton_lighthouse-2025-04-01_140221Z,29.451600000000003,753.0,1082.0746993793423,0.8119834710743802
onshore,south_westerly_onshore,walton_lighthouse-2025-04-01_140221Z,29.451600000000003,756.0,1054.0000370308885,0.7865013774104683
onshore,south_westerly_onshore,walton_lighthouse-2025-04-01_140221Z,29.451600000000003,760.0,931.7519624063174,0.7568870523415978
onshore,south_westerly_onshore,walton_lighthouse-2025-04-01_140221Z,29.451600000000003,763.0,843.2208393502816,0.7286501377410468
onshore,south_westerly_onshore,walton_lighthouse-2025-04-01_140221Z,29.451600000000003,767.0,734.5311130995524,0.703168044077135
onshore,south_westerly_onshore,walton_lighthouse-2025-04-01_140221Z,29.451600000000003,770.0,689.2296588720989,0.6797520661157025
onshore,south_westerly_onshore,walton_lighthouse-2025-04-01_140221Z,29.451600000000003,773.0,664.6862362660722,0.6466942148760331
onshore,south_westerly_onshore,walton_lighthouse-2025-04-01_140221Z,29.451600000000003,777.0,628.7758369257543,0.628099173553719
onshore,south_westerly_onshore,walton_lighthouse-2025-04-01_140221Z,29.451600000000003,780.0,595.1964730512382,0.6101928374655647
onshore,south_westerly_onshore,walton_lighthouse-2025-04-01_140221Z,29.451600000000003,784.0,547.3141021065965,0.5798898071625345
onshore,south_westerly_onshore,walton_lighthouse-2025-04-01_140221Z,29.451600000000003,787.0,554.5105552715462,0.5619834710743802
onshore,south_westerly_onshore,walton_lighthouse-2025-04-01_140221Z,29.451600000000003,790.0,559.364741707156,0.5482093663911846
onshore,south_westerly_onshore,walton_lighthouse-2025-04-01_140221Z,29.451600000000003,794.0,569.610552159617,0.4690082644628099
onshore,south_westerly_onshore,walton_lighthouse-2025-04-01_140221Z,29.451600000000003,797.0,544.8963511778619,0.4290633608815427
onshore,south_westerly_onshore,walton_lighthouse-2025-04-01_140221Z,29.451600000000003,801.0,554.3459765514281,0.39944903581267216
onshore,south_westerly_onshore,walton_lighthouse-2025-04-01_140221Z,29.451600000000003,804.0,590.0619466677138,0.3760330578512397
onshore,south_westerly_onshore,walton_lighthouse-2025-04-01_140221Z,29.451600000000003,808.0,637.711380992235,0.36294765840220383
onshore,south_westerly_onshore,walton_lighthouse-2025-04-01_140221Z,29.451600000000003,811.0,665.0050459082863,0.35055096418732784
onshore,south_westerly_onshore,walton_lighthouse-2025-04-01_140221Z,29.451600000000003,814.0,670.9917291765818,0.3319559228650138
onshore,south_westerly_onshore,walton_lighthouse-2025-04-01_140221Z,29.451600000000003,818.0,685.1418591479762,0.31955922865013775
onshore,south_westerly_onshore,walton_lighthouse-2025-04-01_140221Z,29.451600000000003,821.0,682.9986790287235,0.31473829201101927
onshore,south_westerly_onshore,walton_lighthouse-2025-04-01_140221Z,29.451600000000003,825.0,684.2910036030873,0.2926997245179063
onshore,south_westerly_onshore,walton_lighthouse-2025-04-01_140221Z,29.451600000000003,828.0,684.6548669696095,0.28236914600550966
onshore,south_westerly_onshore,walton_lighthouse-2025-04-01_140221Z,29.451600000000003,832.0,633.718842809572,0.26377410468319556
onshore,south_westerly_onshore,walton_lighthouse-2025-04-01_140221Z,29.451600000000003,835.0,641.9377522358519,0.25
onshore,south_westerly_onshore,walton_lighthouse-2025-04-01_140221Z,29.451600000000003,838.0,591.5459555405923,0.2327823691460055
onshore,south_westerly_onshore,walton_lighthouse-2025-04-01_140221Z,29.451600000000003,842.0,569.3337311890082,0.21556473829201103
onshore,south_westerly_onshore,walton_lighthouse-2025-04-01_140221Z,29.451600000000003,845.0,543.6797911208656,0.19765840220385675
onshore,south_westerly_onshore,walton_lighthouse-2025-04-01_140221Z,29.451600000000003,849.0,466.26485656047873,0.1893939393939394
onshore,south_westerly_onshore,walton_lighthouse-2025-04-01_140221Z,29.451600000000003,852.0,483.6019517206143,0.17011019283746556
onshore,south_westerly_onshore,walton_lighthouse-2025-04-01_140221Z,29.451600000000003,855.0,468.617409242209,0.15564738292011018
onshore,south_westerly_onshore,walton_lighthouse-2025-04-01_140221Z,29.451600000000003,859.0,473.1888811856636,0.14393939393939395
onshore,south_westerly_onshore,walton_lighthouse-2025-04-01_140221Z,29.451600000000003,862.0,531.6788435556387,0.12190082644628099
onshore,south_westerly_onshore,walton_lighthouse-2025-02-23_152214Z,39.895357,253.0,12.426344210863732,1.0
onshore,south_westerly_onshore,walton_lighthouse-2025-02-23_152214Z,39.895357,257.0,12.772344122686816,1.0
onshore,south_westerly_onshore,walton_lighthouse-2025-02-23_152214Z,39.895357,260.0,13.262350700351583,1.0
onshore,south_westerly_onshore,walton_lighthouse-2025-02-23_152214Z,39.895357,263.0,13.894288802502292,1.0
onshore,south_westerly_onshore,walton_lighthouse-2025-02-23_152214Z,39.895357,267.0,14.565152442950566,1.0
onshore,south_westerly_onshore,walton_lighthouse-2025-02-23_152214Z,39.895357,270.0,15.16190522654813,1.0
onshore,south_westerly_onshore,walton_lighthouse-2025-02-23_152214Z,39.895357,274.0,15.72041137506513,1.0
onshore,south_westerly_onshore,walton_lighthouse-2025-02-23_152214Z,39.895357,277.0,16.32184255627138,1.0
onshore,south_westerly_onshore,walton_lighthouse-2025-02-23_152214Z,39.895357,281.0,17.028051317679015,1.0
onshore,south_westerly_onshore,walton_lighthouse-2025-02-23_152214Z,39.895357,284.0,17.840810491394297,1.0
onshore,south_westerly_onshore,walton_lighthouse-2025-02-23_152214Z,39.895357,287.0,18.737885591131477,1.0
onshore,south_westerly_onshore,walton_lighthouse-2025-02-23_152214Z,39.895357,291.0,19.716338808915065,1.0
onshore,south_westerly_onshore,walton_lighthouse-2025-02-23_152214Z,39.895357,294.0,20.777778873275977,1.0
onshore,south_westerly_onshore,walton_lighthouse-2025-02-23_152214Z,39.895357,298.0,21.90937697981469,1.0
onshore,south_westerly_onshore,walton_lighthouse-2025-02-23_152214Z,39.895357,301.0,23.090037910020005,1.0
onshore,south_westerly_onshore,walton_lighthouse-2025-02-23_152214Z,39.895357,305.0,24.307882058568165,1.0
onshore,south_westerly_onshore,walton_lighthouse-2025-02-23_152214Z,39.895357,308.0,25.558769253073862,1.0
onshore,south_westerly_onshore,walton_lighthouse-2025-02-23_152214Z,39.895357,311.0,26.832276238320812,1.0
onshore,south_westerly_onshore,walton_lighthouse-2025-02-23_152214Z,39.895357,315.0,28.109333123963687,1.0
onshore,south_westerly_onshore,walton_lighthouse-2025-02-23_152214Z,39.895357,318.0,29.36777711195487,1.0
onshore,south_westerly_onshore,walton_lighthouse-2025-02-23_152214Z,39.895357,322.0,30.59093215088461,1.0
onshore,south_westerly_onshore,walton_lighthouse-2025-02-23_152214Z,39.895357,325.0,31.77550310596661,1.0
onshore,south_westerly_onshore,walton_lighthouse-2025-02-23_152214Z,39.895357,329.0,32.93584162318915,1.0
onshore,south_westerly_onshore,walton_lighthouse-2025-02-23_152214Z,39.895357,332.0,34.09501165504771,1.0
onshore,south_westerly_onshore,walton_lighthouse-2025-02-23_152214Z,39.895357,335.0,35.26429678873822,1.0
onshore,south_westerly_onshore,walton_lighthouse-2025-02-23_152214Z,39.895357,339.0,36.44264933453869,1.0
onshore,south_westerly_onshore,walton_lighthouse-2025-02-23_152214Z,39.895357,342.0,37.6382675111769,1.0
onshore,south_westerly_onshore,walton_lighthouse-2025-02-23_152214Z,39.895357,346.0,38.87964479418073,1.0
onshore,south_westerly_onshore,walton_lighthouse-2025-02-23_152214Z,39.895357,349.0,40.193793132398106,1.0
onshore,south_westerly_onshore,walton_lighthouse-2025-02-23_152214Z,39.895357,352.0,41.580242879125265,1.0
onshore,south_westerly_onshore,walton_lighthouse-2025-02-23_152214Z,39.895357,356.0,43.00689579116033,1.0
onshore,south_westerly_onshore,walton_lighthouse-2025-02-23_152214Z,39.895357,359.0,44.42786157847698,1.0
onshore,south_westerly_onshore,walton_lighthouse-2025-02-23_152214Z,39.895357,363.0,45.8145679279909,1.0
onshore,south_westerly_onshore,walton_lighthouse-2025-02-23_152214Z,39.895357,366.0,47.158447861475565,1.0
onshore,south_westerly_onshore,walton_lighthouse-2025-02-23_152214Z,39.895357,370.0,48.434404647874544,1.0
onshore,south_westerly_onshore,walton_lighthouse-2025-02-23_152214Z,39.895357,373.0,49.54173243389927,1.0
onshore,south_westerly_onshore,walton_lighthouse-2025-02-23_152214Z,39.895357,376.0,50.33684058341357,1.0
onshore,south_westerly_onshore,walton_lighthouse-2025-02-23_152214Z,39.895357,380.0,50.7822045161102,1.0
onshore,south_westerly_onshore,walton_lighthouse-2025-02-23_152214Z,39.895357,383.0,51.02531625331013,1.0
onshore,south_westerly_onshore,walton_lighthouse-2025-02-23_152214Z,39.895357,387.0,51.22043511932574,1.0
onshore,south_westerly_onshore,walton_lighthouse-2025-02-23_152214Z,39.895357,390.0,51.397858833806715,1.0
onshore,south_westerly_onshore,walton_lighthouse-2025-02-23_152214Z,39.895357,394.0,51.560484425546754,1.0
onshore,south_westerly_onshore,walton_lighthouse-2025-02-23_152214Z,39.895357,397.0,51.745656589566806,1.0
onshore,south_westerly_onshore,walton_lighthouse-2025-02-23_152214Z,39.895357,400.0,52.007390965463635,1.0
onshore,south_westerly_onshore,walton_lighthouse-2025-02-23_152214Z,39.895357,404.0,52.56399691275288,1.0
onshore,south_westerly_onshore,walton_lighthouse-2025-02-23_152214Z,39.895357,407.0,53.96024466476109,1.0
onshore,south_westerly_onshore,walton_lighthouse-2025-02-23_152214Z,39.895357,411.0,56.99990586990568,1.0
onshore,south_westerly_onshore,walton_lighthouse-2025-02-23_152214Z,39.895357,414.0,61.988997692139,1.0
onshore,south_westerly_onshore,walton_lighthouse-2025-02-23_152214Z,39.895357,417.0,67.74716983244838,1.0
onshore,south_westerly_onshore,walton_lighthouse-2025-02-23_152214Z,39.895357,421.0,72.26917259549947,1.0
onshore,south_westerly_onshore,walton_lighthouse-2025-02-23_152214Z,39.895357,424.0,74.6768347598732,1.0
onshore,south_westerly_onshore,walton_lighthouse-2025-02-23_152214Z,39.895357,428.0,76.0108683832762,1.0
onshore,south_westerly_onshore,walton_lighthouse-2025-02-23_152214Z,39.895357,431.0,77.19105168731639,1.0
onshore,south_westerly_onshore,walton_lighthouse-2025-02-23_152214Z,39.895357,435.0,78.11457425285265,1.0
onshore,south_westerly_onshore,walton_lighthouse-2025-02-23_152214Z,39.895357,438.0,78.73611793595794,1.0
onshore,south_westerly_onshore,walton_lighthouse-2025-02-23_152214Z,39.895357,441.0,79.21196157318201,1.0
onshore,south_westerly_onshore,walton_lighthouse-2025-02-23_152214Z,39.895357,445.0,79.76159078247657,1.0
onshore,south_westerly_onshore,walton_lighthouse-2025-02-23_152214Z,39.895357,448.0,80.48321214525754,1.0
onshore,south_westerly_onshore,walton_lighthouse-2025-02-23_152214Z,39.895357,452.0,81.31999890501669,1.0
onshore,south_westerly_onshore,walton_lighthouse-2025-02-23_152214Z,39.895357,455.0,82.1305552693644,1.0
onshore,south_westerly_onshore,walton_lighthouse-2025-02-23_152214Z,39.895357,459.0,82.81700041665373,1.0
onshore,south_westerly_onshore,walton_lighthouse-2025-02-23_152214Z,39.895357,462.0,83.41282212103845,1.0
onshore,south_westerly_onshore,walton_lighthouse-2025-02-23_152214Z,39.895357,465.0,84.07155520832943,1.0
onshore,south_westerly_onshore,walton_lighthouse-2025-02-23_152214Z,39.895357,469.0,84.95276829608389,1.0
onshore,south_westerly_onshore,walton_lighthouse-2025-02-23_152214Z,39.895357,472.0,86.11239152591156,1.0
onshore,south_westerly_onshore,walton_lighthouse-2025-02-23_152214Z,39.895357,476.0,86.3980143401719,1.0
onshore,south_westerly_onshore,walton_lighthouse-2025-02-23_152214Z,39.895357,479.0,84.61560386981017,1.0
onshore,south_westerly_onshore,walton_lighthouse-2025-02-23_152214Z,39.895357,482.0,82.11027614233349,1.0
onshore,south_westerly_onshore,walton_lighthouse-2025-02-23_152214Z,39.895357,486.0,81.69059351694702,1.0
onshore,south_westerly_onshore,walton_lighthouse-2025-02-23_152214Z,39.895357,489.0,84.9037258674502,1.0
onshore,south_westerly_onshore,walton_lighthouse-2025-02-23_152214Z,39.895357,493.0,90.97418621550347,1.0
onshore,south_westerly_onshore,walton_lighthouse-2025-02-23_152214Z,39.895357,496.0,97.98703878330004,1.0
onshore,south_westerly_onshore,walton_lighthouse-2025-02-23_152214Z,39.895357,500.0,104.94396782314263,1.0
onshore,south_westerly_onshore,walton_lighthouse-2025-02-23_152214Z,39.895357,503.0,113.10663591212895,1.0
onshore,south_westerly_onshore,walton_lighthouse-2025-02-23_152214Z,39.895357,506.0,125.70540324461608,1.0
onshore,south_westerly_onshore,walton_lighthouse-2025-02-23_152214Z,39.895357,510.0,145.47093315742785,1.0
onshore,south_westerly_onshore,walton_lighthouse-2025-02-23_152214Z,39.895357,513.0,171.71255260532044,1.0
onshore,south_westerly_onshore,walton_lighthouse-2025-02-23_152214Z,39.895357,517.0,199.72862314612854,1.0
onshore,south_westerly_onshore,walton_lighthouse-2025-02-23_152214Z,39.895357,520.0,223.3587236481157,1.0
onshore,south_westerly_onshore,walton_lighthouse-2025-02-23_152214Z,39.895357,524.0,239.379607306467,1.0
onshore,south_westerly_onshore,walton_lighthouse-2025-02-23_152214Z,39.895357,527.0,248.86703639208383,1.0
onshore,south_westerly_onshore,walton_lighthouse-2025-02-23_152214Z,39.895357,530.0,255.44572835434712,1.0
onshore,south_westerly_onshore,walton_lighthouse-2025-02-23_152214Z,39.895357,534.0,262.9297758210252,1.0
onshore,south_westerly_onshore,walton_lighthouse-2025-02-23_152214Z,39.895357,537.0,274.03815760762245,1.0
onshore,south_westerly_onshore,walton_lighthouse-2025-02-23_152214Z,39.895357,541.0,289.74677294113206,1.0
onshore,south_westerly_onshore,walton_lighthouse-2025-02-23_152214Z,39.895357,544.0,308.7064029797912,1.0
onshore,south_westerly_onshore,walton_lighthouse-2025-02-23_152214Z,39.895357,548.0,328.0704994622236,1.0
onshore,south_westerly_onshore,walton_lighthouse-2025-02-23_152214Z,39.895357,551.0,345.44717459830684,1.0
onshore,south_westerly_onshore,walton_lighthouse-2025-02-23_152214Z,39.895357,554.0,361.3721005054389,1.0
onshore,south_westerly_onshore,walton_lighthouse-2025-02-23_152214Z,39.895357,558.0,379.12914033301263,1.0
onshore,south_westerly_onshore,walton_lighthouse-2025-02-23_152214Z,39.895357,561.0,401.1983242582013,1.0
onshore,south_westerly_onshore,walton_lighthouse-2025-02-23_152214Z,39.895357,565.0,426.07488219858993,1.0
onshore,south_westerly_onshore,walton_lighthouse-2025-02-23_152214Z,39.895357,568.0,449.2553116867009,1.0
onshore,south_westerly_onshore,walton_lighthouse-2025-02-23_152214Z,39.895357,571.0,467.40229871482643,1.0
onshore,south_westerly_onshore,walton_lighthouse-2025-02-23_152214Z,39.895357,575.0,481.2334456930489,1.0
onshore,south_westerly_onshore,walton_lighthouse-2025-02-23_152214Z,39.895357,578.0,494.3826957525813,1.0
onshore,south_westerly_onshore,walton_lighthouse-2025-02-23_152214Z,39.895357,582.0,508.88357200016674,1.0
onshore,south_westerly_onshore,walton_lighthouse-2025-02-23_152214Z,39.895357,585.0,523.7614296222147,1.0
onshore,south_westerly_onshore,walton_lighthouse-2025-02-23_152214Z,39.895357,589.0,505.07766835374855,0.9992592592592593
onshore,south_westerly_onshore,walton_lighthouse-2025-02-23_152214Z,39.895357,592.0,470.18395914356546,0.9977777777777778
onshore,south_westerly_onshore,walton_lighthouse-2025-02-23_152214Z,39.895357,595.0,448.0946667739947,0.997037037037037
onshore,south_westerly_onshore,walton_lighthouse-2025-02-23_152214Z,39.895357,599.0,393.829759381761,0.9962962962962963
onshore,south_westerly_onshore,walton_lighthouse-2025-02-23_152214Z,39.895357,602.0,181.17113236805508,0.9940740740740741
onshore,south_westerly_onshore,walton_lighthouse-2025-02-23_152214Z,39.895357,606.0,179.6238878117759,0.9933333333333333
onshore,south_westerly_onshore,walton_lighthouse-2025-02-23_152214Z,39.895357,609.0,193.4750368188546,0.9933333333333333
onshore,south_westerly_onshore,walton_lighthouse-2025-02-23_152214Z,39.895357,613.0,208.34748731101635,0.9933333333333333
onshore,south_westerly_onshore,walton_lighthouse-2025-02-23_152214Z,39.895357,616.0,223.3332202769625,0.9933333333333333
onshore,south_westerly_onshore,walton_lighthouse-2025-02-23_152214Z,39.895357,619.0,238.40782227535752,0.9933333333333333
onshore,south_westerly_onshore,walton_lighthouse-2025-02-23_152214Z,39.895357,623.0,240.92850613596445,0.9925925925925926
onshore,south_westerly_onshore,walton_lighthouse-2025-02-23_152214Z,39.895357,626.0,256.3482332103509,0.9925925925925926
onshore,south_westerly_onshore,walton_lighthouse-2025-02-23_152214Z,39.895357,630.0,271.4291150872882,0.9925925925925926
onshore,south_westerly_onshore,walton_lighthouse-2025-02-23_152214Z,39.895357,633.0,275.1539738553087,0.9918518518518519
onshore,south_westerly_onshore,walton_lighthouse-2025-02-23_152214Z,39.895357,636.0,290.27857956599524,0.9918518518518519
onshore,south_westerly_onshore,walton_lighthouse-2025-02-23_152214Z,39.895357,640.0,306.8906419063157,0.9918518518518519
onshore,south_westerly_onshore,walton_lighthouse-2025-02-23_152214Z,39.895357,643.0,326.5919327903718,0.9918518518518519
onshore,south_westerly_onshore,walton_lighthouse-2025-02-23_152214Z,39.895357,647.0,340.518064756812,0.9911111111111112
onshore,south_westerly_onshore,walton_lighthouse-2025-02-23_152214Z,39.895357,650.0,366.7228670763897,0.9911111111111112
onshore,south_westerly_onshore,walton_lighthouse-2025-02-23_152214Z,39.895357,654.0,393.77117240526434,0.9903703703703703
onshore,south_westerly_onshore,walton_lighthouse-2025-02-23_152214Z,39.895357,657.0,414.984757586917,0.9896296296296296
onshore,south_westerly_onshore,walton_lighthouse-2025-02-23_152214Z,39.895357,660.0,448.2270408531382,0.9896296296296296
onshore,south_westerly_onshore,walton_lighthouse-2025-02-23_152214Z,39.895357,664.0,489.9923945581163,0.9896296296296296
onshore,south_westerly_onshore,walton_lighthouse-2025-02-23_152214Z,39.895357,667.0,542.6620671174029,0.9896296296296296
onshore,south_westerly_onshore,walton_lighthouse-2025-02-23_152214Z,39.895357,671.0,592.7294483403377,0.9888888888888889
onshore,south_westerly_onshore,walton_lighthouse-2025-02-23_152214Z,39.895357,674.0,639.7990599987004,0.9888888888888889
onshore,south_westerly_onshore,walton_lighthouse-2025-02-23_152214Z,39.895357,678.0,667.5962635412415,0.9888888888888889
onshore,south_westerly_onshore,walton_lighthouse-2025-02-23_152214Z,39.895357,681.0,669.7910241536482,0.9881481481481481
onshore,south_westerly_onshore,walton_lighthouse-2025-02-23_152214Z,39.895357,684.0,661.5743304175662,0.9881481481481481
onshore,south_westerly_onshore,walton_lighthouse-2025-02-23_152214Z,39.895357,688.0,638.3350843376151,0.9881481481481481
onshore,south_westerly_onshore,walton_lighthouse-2025-02-23_152214Z,39.895357,691.0,603.5299565075543,0.9881481481481481
onshore,south_westerly_onshore,walton_lighthouse-2025-02-23_152214Z,39.895357,695.0,557.4049441593527,0.9874074074074074
onshore,south_westerly_onshore,walton_lighthouse-2025-02-23_152214Z,39.895357,698.0,516.2190645340957,0.9866666666666667
onshore,south_westerly_onshore,walton_lighthouse-2025-02-23_152214Z,39.895357,701.0,482.3891631628697,0.9866666666666667
onshore,south_westerly_onshore,walton_lighthouse-2025-02-23_152214Z,39.895357,705.0,455.06423332866996,0.9851851851851852
onshore,south_westerly_onshore,walton_lighthouse-2025-02-23_152214Z,39.895357,708.0,440.52514081507064,0.9859259259259259
onshore,south_westerly_onshore,walton_lighthouse-2025-02-23_152214Z,39.895357,712.0,431.9339337707868,0.9866666666666667
onshore,south_westerly_onshore,walton_lighthouse-2025-02-23_152214Z,39.895357,715.0,423.4913364963017,0.9859259259259259
onshore,south_westerly_onshore,walton_lighthouse-2025-02-23_152214Z,39.895357,719.0,419.2135694117051,0.9859259259259259
onshore,south_westerly_onshore,walton_lighthouse-2025-02-23_152214Z,39.895357,722.0,414.5411796088998,0.9859259259259259
onshore,south_westerly_onshore,walton_lighthouse-2025-02-23_152214Z,39.895357,725.0,405.30205544521226,0.9851851851851852
onshore,south_westerly_onshore,walton_lighthouse-2025-02-23_152214Z,39.895357,729.0,398.2766314691869,0.9851851851851852
onshore,south_westerly_onshore,walton_lighthouse-2025-02-23_152214Z,39.895357,732.0,390.05327590435604,0.9851851851851852
onshore,south_westerly_onshore,walton_lighthouse-2025-02-23_152214Z,39.895357,736.0,380.783647581884,0.9851851851851852
onshore,south_westerly_onshore,walton_lighthouse-2025-02-23_152214Z,39.895357,739.0,367.1556334407152,0.9844444444444445
onshore,south_westerly_onshore,walton_lighthouse-2025-02-23_152214Z,39.895357,743.0,356.75200422738254,0.9844444444444445
onshore,south_westerly_onshore,walton_lighthouse-2025-02-23_152214Z,39.895357,746.0,343.5719226441706,0.9837037037037037
onshore,south_westerly_onshore,walton_lighthouse-2025-02-23_152214Z,39.895357,749.0,334.10658341845914,0.9837037037037037
onshore,south_westerly_onshore,walton_lighthouse-2025-02-23_152214Z,39.895357,753.0,325.51491128233897,0.9837037037037037
onshore,south_westerly_onshore,walton_lighthouse-2025-02-23_152214Z,39.895357,756.0,317.7317954206583,0.9837037037037037
onshore,south_westerly_onshore,walton_lighthouse-2025-02-23_152214Z,39.895357,760.0,310.40300820672326,0.9844444444444445
onshore,south_westerly_onshore,walton_lighthouse-2025-02-23_152214Z,39.895357,763.0,299.74623825004466,0.9837037037037037
onshore,south_westerly_onshore,walton_lighthouse-2025-02-23_152214Z,39.895357,767.0,293.01306570828376,0.9837037037037037
onshore,south_westerly_onshore,walton_lighthouse-2025-02-23_152214Z,39.895357,770.0,282.8331103641138,0.9829629629629629
onshore,south_westerly_onshore,walton_lighthouse-2025-02-23_152214Z,39.895357,773.0,275.6625733821586,0.9829629629629629
onshore,south_westerly_onshore,walton_lighthouse-2025-02-23_152214Z,39.895357,777.0,268.32184737914463,0.9829629629629629
onshore,south_westerly_onshore,walton_lighthouse-2025-02-23_152214Z,39.895357,780.0,260.8238746773298,0.9829629629629629
onshore,south_westerly_onshore,walton_lighthouse-2025-02-23_152214Z,39.895357,784.0,249.59867583261988,0.9822222222222222
onshore,south_westerly_onshore,walton_lighthouse-2025-02-23_152214Z,39.895357,787.0,241.82443136875068,0.9822222222222222
onshore,south_westerly_onshore,walton_lighthouse-2025-02-23_152214Z,39.895357,790.0,231.0091462826645,0.9814814814814815
onshore,south_westerly_onshore,walton_lighthouse-2025-02-23_152214Z,39.895357,794.0,223.4471999061821,0.9814814814814815
onshore,south_westerly_onshore,walton_lighthouse-2025-02-23_152214Z,39.895357,797.0,216.28852493342734,0.9814814814814815
onshore,south_westerly_onshore,walton_lighthouse-2025-02-23_152214Z,39.895357,801.0,209.89103553700585,0.9814814814814815
onshore,south_westerly_onshore,walton_lighthouse-2025-02-23_152214Z,39.895357,804.0,204.6183290523072,0.9814814814814815
onshore,south_westerly_onshore,walton_lighthouse-2025-02-23_152214Z,39.895357,808.0,197.10136413978069,0.9807407407407407
onshore,south_westerly_onshore,walton_lighthouse-2025-02-23_152214Z,39.895357,811.0,193.12249343655583,0.9807407407407407
onshore,south_westerly_onshore,walton_lighthouse-2025-02-23_152214Z,39.895357,814.0,185.35807631581554,0.98
onshore,south_westerly_onshore,walton_lighthouse-2025-02-23_152214Z,39.895357,818.0,179.6806402409034,0.98
onshore,south_westerly_onshore,walton_lighthouse-2025-02-23_152214Z,39.895357,821.0,173.24889477787212,0.98
onshore,south_westerly_onshore,walton_lighthouse-2025-02-23_152214Z,39.895357,825.0,166.4875528163023,0.98
onshore,south_westerly_onshore,walton_lighthouse-2025-02-23_152214Z,39.895357,828.0,157.04911225770743,0.9792592592592593
onshore,south_westerly_onshore,walton_lighthouse-2025-02-23_152214Z,39.895357,832.0,150.56047265588748,0.9792592592592593
onshore,south_westerly_onshore,walton_lighthouse-2025-02-23_152214Z,39.895357,835.0,144.53533207290602,0.9792592592592593
onshore,south_westerly_onshore,walton_lighthouse-2025-02-23_152214Z,39.895357,838.0,136.39420365024444,0.9785185185185186
onshore,south_westerly_onshore,walton_lighthouse-2025-02-23_152214Z,39.895357,842.0,131.19789855758665,0.9785185185185186
onshore,south_westerly_onshore,walton_lighthouse-2025-02-23_152214Z,39.895357,845.0,126.23582077548443,0.9785185185185186
onshore,south_westerly_onshore,walton_lighthouse-2025-02-23_152214Z,39.895357,849.0,118.60749889208203,0.977037037037037
onshore,south_westerly_onshore,walton_lighthouse-2025-02-23_152214Z,39.895357,852.0,113.72897585194929,0.9762962962962963
onshore,south_westerly_onshore,walton_lighthouse-2025-02-23_152214Z,39.895357,855.0,110.78110371253753,0.9755555555555555
onshore,south_westerly_onshore,walton_lighthouse-2025-02-23_152214Z,39.895357,859.0,107.87472967116881,0.9740740740740741
onshore,south_westerly_onshore,walton_lighthouse-2025-02-23_152214Z,39.895357,862.0,110.75037434678572,0.9688888888888889
onshore,south_westerly_onshore,walton_lighthouse-2025-02-23_152214Z,39.895357,866.0,116.97721475039462,0.96
onshore,south_westerly_onshore,walton_lighthouse-2025-02-23_152214Z,39.895357,869.0,123.58146364277285,0.9585185185185185
onshore,south_westerly_onshore,walton_lighthouse-2025-02-23_152214Z,39.895357,873.0,129.84994391842125,0.9555555555555556
onshore,south_westerly_onshore,walton_lighthouse-2025-02-23_152214Z,39.895357,876.0,139.0657612697786,0.942962962962963
onshore,south_westerly_onshore,walton_lighthouse-2025-02-23_152214Z,39.895357,879.0,146.69268914575224,0.9207407407407407
onshore,south_westerly_onshore,walton_lighthouse-2025-02-23_152214Z,39.895357,883.0,160.6339682692537,0.8674074074074074
onshore,south_westerly_onshore,walton_lighthouse-2025-02-23_152214Z,39.895357,886.0,171.38957121460157,0.7422222222222222
onshore,south_westerly_onshore,walton_lighthouse-2025-03-10_160308Z,43.763125,253.0,10.531939446828996,0.9969067609368095
onshore,south_westerly_onshore,walton_lighthouse-2025-03-10_160308Z,43.763125,257.0,10.85183209468144,0.9969067609368095
onshore,south_westerly_onshore,walton_lighthouse-2025-03-10_160308Z,43.763125,260.0,11.265009891515454,0.9969067609368095
onshore,south_westerly_onshore,walton_lighthouse-2025-03-10_160308Z,43.763125,263.0,11.758986288756379,0.9969067609368095
onshore,south_westerly_onshore,walton_lighthouse-2025-03-10_160308Z,43.763125,267.0,12.236293227638127,0.9969067609368095
onshore,south_westerly_onshore,walton_lighthouse-2025-03-10_160308Z,43.763125,270.0,12.612730756416568,0.9969067609368095
onshore,south_westerly_onshore,walton_lighthouse-2025-03-10_160308Z,43.763125,274.0,12.939715700439972,0.9969067609368095
onshore,south_westerly_onshore,walton_lighthouse-2025-03-10_160308Z,43.763125,277.0,13.290634962936906,0.9969067609368095
onshore,south_westerly_onshore,walton_lighthouse-2025-03-10_160308Z,43.763125,281.0,13.706084127145179,0.9969067609368095
onshore,south_westerly_onshore,walton_lighthouse-2025-03-10_160308Z,43.763125,284.0,14.171079844186147,0.9969067609368095
onshore,south_westerly_onshore,walton_lighthouse-2025-03-10_160308Z,43.763125,287.0,14.651471814439695,0.9969067609368095
onshore,south_westerly_onshore,walton_lighthouse-2025-03-10_160308Z,43.763125,291.0,15.132847474938384,0.9969067609368095
onshore,south_westerly_onshore,walton_lighthouse-2025-03-10_160308Z,43.763125,294.0,15.617760407188594,0.9969067609368095
onshore,south_westerly_onshore,walton_lighthouse-2025-03-10_160308Z,43.763125,298.0,16.114520607857894,0.9969067609368095
onshore,south_westerly_onshore,walton_lighthouse-2025-03-10_160308Z,43.763125,301.0,16.639010121482134,0.9969067609368095
onshore,south_westerly_onshore,walton_lighthouse-2025-03-10_160308Z,43.763125,305.0,17.215926258016896,0.9969067609368095
onshore,south_westerly_onshore,walton_lighthouse-2025-03-10_160308Z,43.763125,308.0,17.871900906138954,0.9969067609368095
onshore,south_westerly_onshore,walton_lighthouse-2025-03-10_160308Z,43.763125,311.0,18.62478385922766,0.9969067609368095
onshore,south_westerly_onshore,walton_lighthouse-2025-03-10_160308Z,43.763125,315.0,19.476240726886893,0.9969067609368095
onshore,south_westerly_onshore,walton_lighthouse-2025-03-10_160308Z,43.763125,318.0,20.414506212479356,0.9969067609368095
onshore,south_westerly_onshore,walton_lighthouse-2025-03-10_160308Z,43.763125,322.0,21.419435007492325,0.9969067609368095
onshore,south_westerly_onshore,walton_lighthouse-2025-03-10_160308Z,43.763125,325.0,22.46686397548984,0.9969067609368095
onshore,south_westerly_onshore,walton_lighthouse-2025-03-10_160308Z,43.763125,329.0,23.533284518381016,0.9969067609368095
onshore,south_westerly_onshore,walton_lighthouse-2025-03-10_160308Z,43.763125,332.0,24.597948813940654,0.9969067609368095
onshore,south_westerly_onshore,walton_lighthouse-2025-03-10_160308Z,43.763125,335.0,25.645949520973037,0.9969067609368095
onshore,south_westerly_onshore,walton_lighthouse-2025-03-10_160308Z,43.763125,339.0,26.66627884196398,0.9969067609368095
onshore,south_westerly_onshore,walton_lighthouse-2025-03-10_160308Z,43.763125,342.0,27.646608537773616,0.9969067609368095
onshore,south_westerly_onshore,walton_lighthouse-2025-03-10_160308Z,43.763125,346.0,28.57274719871451,0.9969067609368095
onshore,south_westerly_onshore,walton_lighthouse-2025-03-10_160308Z,43.763125,349.0,29.4339090676293,0.9969067609368095
onshore,south_westerly_onshore,walton_lighthouse-2025-03-10_160308Z,43.763125,352.0,30.230808059023794,0.9969067609368095
onshore,south_westerly_onshore,walton_lighthouse-2025-03-10_160308Z,43.763125,356.0,30.97863965631923,0.9969067609368095
onshore,south_westerly_onshore,walton_lighthouse-2025-03-10_160308Z,43.763125,359.0,31.70253723700739,0.9969067609368095
onshore,south_westerly_onshore,walton_lighthouse-2025-03-10_160308Z,43.763125,363.0,32.43669975363139,0.9969067609368095
onshore,south_westerly_onshore,walton_lighthouse-2025-03-10_160308Z,43.763125,366.0,33.22231795890118,0.9969067609368095
onshore,south_westerly_onshore,walton_lighthouse-2025-03-10_160308Z,43.763125,370.0,34.09196500498353,0.9969067609368095
onshore,south_westerly_onshore,walton_lighthouse-2025-03-10_160308Z,43.763125,373.0,35.04726433827119,0.9969067609368095
onshore,south_westerly_onshore,walton_lighthouse-2025-03-10_160308Z,43.763125,376.0,36.0667423227363,0.9969067609368095
onshore,south_westerly_onshore,walton_lighthouse-2025-03-10_160308Z,43.763125,380.0,37.13161570355946,0.9969067609368095
onshore,south_westerly_onshore,walton_lighthouse-2025-03-10_160308Z,43.763125,383.0,38.23121240786231,0.9969067609368095
onshore,south_westerly_onshore,walton_lighthouse-2025-03-10_160308Z,43.763125,387.0,39.36818367610497,0.9969067609368095
onshore,south_westerly_onshore,walton_lighthouse-2025-03-10_160308Z,43.763125,390.0,40.55445343418357,0.9969067609368095
onshore,south_westerly_onshore,walton_lighthouse-2025-03-10_160308Z,43.763125,394.0,41.79405469947579,0.9969067609368095
onshore,south_westerly_onshore,walton_lighthouse-2025-03-10_160308Z,43.763125,397.0,43.052212466698094,0.9969067609368095
onshore,south_westerly_onshore,walton_lighthouse-2025-03-10_160308Z,43.763125,400.0,44.273992869112995,0.9969067609368095
onshore,south_westerly_onshore,walton_lighthouse-2025-03-10_160308Z,43.763125,404.0,45.43571113526507,0.9969067609368095
onshore,south_westerly_onshore,walton_lighthouse-2025-03-10_160308Z,43.763125,407.0,46.540687093321814,0.9969067609368095
onshore,south_westerly_onshore,walton_lighthouse-2025-03-10_160308Z,43.763125,411.0,47.592529527599076,0.9969067609368095
onshore,south_westerly_onshore,walton_lighthouse-2025-03-10_160308Z,43.763125,414.0,48.57760563344827,0.9969067609368095
onshore,south_westerly_onshore,walton_lighthouse-2025-03-10_160308Z,43.763125,417.0,49.480265719678485,0.9969067609368095
onshore,south_westerly_onshore,walton_lighthouse-2025-03-10_160308Z,43.763125,421.0,50.29577288891564,0.9969067609368095
onshore,south_westerly_onshore,walton_lighthouse-2025-03-10_160308Z,43.763125,424.0,51.02343379769604,0.9969067609368095
onshore,south_westerly_onshore,walton_lighthouse-2025-03-10_160308Z,43.763125,428.0,51.66027688880775,0.9969067609368095
onshore,south_westerly_onshore,walton_lighthouse-2025-03-10_160308Z,43.763125,431.0,52.2104408442547,0.9969067609368095
onshore,south_westerly_onshore,walton_lighthouse-2025-03-10_160308Z,43.763125,435.0,52.6966680382761,0.9969067609368095
onshore,south_westerly_onshore,walton_lighthouse-2025-03-10_160308Z,43.763125,438.0,53.16054892480404,0.9969067609368095
onshore,south_westerly_onshore,walton_lighthouse-2025-03-10_160308Z,43.763125,441.0,53.671557507441115,0.9969067609368095
onshore,south_westerly_onshore,walton_lighthouse-2025-03-10_160308Z,43.763125,445.0,54.33747006457759,0.9969067609368095
onshore,south_westerly_onshore,walton_lighthouse-2025-03-10_160308Z,43.763125,448.0,55.289314500981796,0.9969067609368095
onshore,south_westerly_onshore,walton_lighthouse-2025-03-10_160308Z,43.763125,452.0,56.646770460036805,0.9969067609368095
onshore,south_westerly_onshore,walton_lighthouse-2025-03-10_160308Z,43.763125,455.0,58.474445537938315,0.9969067609368095
onshore,south_westerly_onshore,walton_lighthouse-2025-03-10_160308Z,43.763125,459.0,60.873556844778776,0.9969067609368095
onshore,south_westerly_onshore,walton_lighthouse-2025-03-10_160308Z,43.763125,462.0,64.2600727348257,0.9969067609368095
onshore,south_westerly_onshore,walton_lighthouse-2025-03-10_160308Z,43.763125,465.0,69.85980026328666,0.9969067609368095
onshore,south_westerly_onshore,walton_lighthouse-2025-03-10_160308Z,43.763125,469.0,79.87104176307538,0.9969067609368095
onshore,south_westerly_onshore,walton_lighthouse-2025-03-10_160308Z,43.763125,472.0,96.60165586251416,0.9969067609368095
onshore,south_westerly_onshore,walton_lighthouse-2025-03-10_160308Z,43.763125,476.0,121.12516609419346,0.9969067609368095
onshore,south_westerly_onshore,walton_lighthouse-2025-03-10_160308Z,43.763125,479.0,151.83732190223895,0.9969067609368095
onshore,south_westerly_onshore,walton_lighthouse-2025-03-10_160308Z,43.763125,482.0,186.059332563832,0.9969067609368095
onshore,south_westerly_onshore,walton_lighthouse-2025-03-10_160308Z,43.763125,486.0,224.2561098148599,0.9969067609368095
onshore,south_westerly_onshore,walton_lighthouse-2025-03-10_160308Z,43.763125,489.0,269.741918753867,0.9969067609368095
onshore,south_westerly_onshore,walton_lighthouse-2025-03-10_160308Z,43.763125,493.0,321.8288931182828,0.9969067609368095
onshore,south_westerly_onshore,walton_lighthouse-2025-03-10_160308Z,43.763125,496.0,372.1379840527714,0.9969067609368095
onshore,south_westerly_onshore,walton_lighthouse-2025-03-10_160308Z,43.763125,500.0,412.50596088913267,0.9969067609368095
onshore,south_westerly_onshore,walton_lighthouse-2025-03-10_160308Z,43.763125,503.0,441.7034991288515,0.9969067609368095
onshore,south_westerly_onshore,walton_lighthouse-2025-03-10_160308Z,43.763125,506.0,462.21920802100084,0.9969067609368095
onshore,south_westerly_onshore,walton_lighthouse-2025-03-10_160308Z,43.763125,510.0,476.5234269834803,0.9969067609368095
onshore,south_westerly_onshore,walton_lighthouse-2025-03-10_160308Z,43.763125,513.0,486.59153399495784,0.9969067609368095
onshore,south_westerly_onshore,walton_lighthouse-2025-03-10_160308Z,43.763125,517.0,494.31001555205063,0.9969067609368095
onshore,south_westerly_onshore,walton_lighthouse-2025-03-10_160308Z,43.763125,520.0,501.30897769756456,0.9969067609368095
onshore,south_westerly_onshore,walton_lighthouse-2025-03-10_160308Z,43.763125,524.0,508.13330450453975,0.9969067609368095
onshore,south_westerly_onshore,walton_lighthouse-2025-03-10_160308Z,43.763125,527.0,514.5250154340774,0.9969067609368095
onshore,south_westerly_onshore,walton_lighthouse-2025-03-10_160308Z,43.763125,530.0,520.0020175295576,0.9969067609368095
onshore,south_westerly_onshore,walton_lighthouse-2025-03-10_160308Z,43.763125,534.0,524.289439469076,0.9969067609368095
onshore,south_westerly_onshore,walton_lighthouse-2025-03-10_160308Z,43.763125,537.0,527.8621518261352,0.9969067609368095
onshore,south_westerly_onshore,walton_lighthouse-2025-03-10_160308Z,43.763125,541.0,531.8577927538247,0.9969067609368095
onshore,south_westerly_onshore,walton_lighthouse-2025-03-10_160308Z,43.763125,544.0,537.6607107297029,0.9969067609368095
onshore,south_westerly_onshore,walton_lighthouse-2025-03-10_160308Z,43.763125,548.0,546.7772925843573,0.9969067609368095
onshore,south_westerly_onshore,walton_lighthouse-2025-03-10_160308Z,43.763125,551.0,560.2862636595173,0.9969067609368095
onshore,south_westerly_onshore,walton_lighthouse-2025-03-10_160308Z,43.763125,554.0,577.573835977498,0.9969067609368095
onshore,south_westerly_onshore,walton_lighthouse-2025-03-10_160308Z,43.763125,558.0,596.762000186159,0.9969067609368095
onshore,south_westerly_onshore,walton_lighthouse-2025-03-10_160308Z,43.763125,561.0,617.0296884597642,0.9969067609368095
onshore,south_westerly_onshore,walton_lighthouse-2025-03-10_160308Z,43.763125,565.0,638.9416046419742,0.9969067609368095
onshore,south_westerly_onshore,walton_lighthouse-2025-03-10_160308Z,43.763125,568.0,661.9722656586188,0.9969067609368095
onshore,south_westerly_onshore,walton_lighthouse-2025-03-10_160308Z,43.763125,571.0,683.2117629744589,0.9969067609368095
onshore,south_westerly_onshore,walton_lighthouse-2025-03-10_160308Z,43.763125,575.0,701.6196774111202,0.997348652231551
onshore,south_westerly_onshore,walton_lighthouse-2025-03-10_160308Z,43.763125,578.0,716.8894071499459,0.997348652231551
onshore,south_westerly_onshore,walton_lighthouse-2025-03-10_160308Z,43.763125,582.0,732.7038348867662,0.997348652231551
onshore,south_westerly_onshore,walton_lighthouse-2025-03-10_160308Z,43.763125,585.0,752.0085494007595,0.997348652231551
onshore,south_westerly_onshore,walton_lighthouse-2025-03-10_160308Z,43.763125,589.0,776.5485936752048,0.997348652231551
onshore,south_westerly_onshore,walton_lighthouse-2025-03-10_160308Z,43.763125,592.0,806.5352886359927,0.997348652231551
onshore,south_westerly_onshore,walton_lighthouse-2025-03-10_160308Z,43.763125,595.0,842.346118617682,0.997348652231551
onshore,south_westerly_onshore,walton_lighthouse-2025-03-10_160308Z,43.763125,599.0,884.8447784566437,0.997348652231551
onshore,south_westerly_onshore,walton_lighthouse-2025-03-10_160308Z,43.763125,602.0,933.0463507377339,0.997348652231551
onshore,south_westerly_onshore,walton_lighthouse-2025-03-10_160308Z,43.763125,606.0,987.2977312570256,0.997348652231551
onshore,south_westerly_onshore,walton_lighthouse-2025-03-10_160308Z,43.763125,609.0,1058.488722857655,0.9977905435262925
onshore,south_westerly_onshore,walton_lighthouse-2025-03-10_160308Z,43.763125,613.0,1154.886756856785,0.9977905435262925
onshore,south_westerly_onshore,walton_lighthouse-2025-03-10_160308Z,43.763125,616.0,1281.2599166195191,0.9977905435262925
onshore,south_westerly_onshore,walton_lighthouse-2025-03-10_160308Z,43.763125,619.0,1418.5755316901307,0.9977905435262925
onshore,south_westerly_onshore,walton_lighthouse-2025-03-10_160308Z,43.763125,623.0,1537.4899683035292,0.9977905435262925
onshore,south_westerly_onshore,walton_lighthouse-2025-03-10_160308Z,43.763125,626.0,1624.0453313938128,0.9977905435262925
onshore,south_westerly_onshore,walton_lighthouse-2025-03-10_160308Z,43.763125,630.0,1689.6059499629814,0.9977905435262925
onshore,south_westerly_onshore,walton_lighthouse-2025-03-10_160308Z,43.763125,633.0,1750.2327519509822,0.9977905435262925
onshore,south_westerly_onshore,walton_lighthouse-2025-03-10_160308Z,43.763125,636.0,1813.0562727995975,0.9982324348210341
onshore,south_westerly_onshore,walton_lighthouse-2025-03-10_160308Z,43.763125,640.0,1865.8521693527534,0.9982324348210341
onshore,south_westerly_onshore,walton_lighthouse-2025-03-10_160308Z,43.763125,643.0,1913.4324101930429,0.9982324348210341
onshore,south_westerly_onshore,walton_lighthouse-2025-03-10_160308Z,43.763125,647.0,1959.74975399446,0.9982324348210341
onshore,south_westerly_onshore,walton_lighthouse-2025-03-10_160308Z,43.763125,650.0,2008.192756549296,0.9982324348210341
onshore,south_westerly_onshore,walton_lighthouse-2025-03-10_160308Z,43.763125,654.0,2058.306975471271,0.9982324348210341
onshore,south_westerly_onshore,walton_lighthouse-2025-03-10_160308Z,43.763125,657.0,2106.135265968376,0.9982324348210341
onshore,south_westerly_onshore,walton_lighthouse-2025-03-10_160308Z,43.763125,660.0,2150.2265067279573,0.9982324348210341
onshore,south_westerly_onshore,walton_lighthouse-2025-03-10_160308Z,43.763125,664.0,2192.9371636051565,0.9982324348210341
onshore,south_westerly_onshore,walton_lighthouse-2025-03-10_160308Z,43.763125,667.0,2239.601217121321,0.9986743261157756
onshore,south_westerly_onshore,walton_lighthouse-2025-03-10_160308Z,43.763125,671.0,2280.7119391284114,0.9986743261157756
onshore,south_westerly_onshore,walton_lighthouse-2025-03-10_160308Z,43.763125,674.0,2316.346530043364,0.9986743261157756
onshore,south_westerly_onshore,walton_lighthouse-2025-03-10_160308Z,43.763125,678.0,2348.2453347972873,0.9986743261157756
onshore,south_westerly_onshore,walton_lighthouse-2025-03-10_160308Z,43.763125,681.0,2377.7588436906276,0.9986743261157756
onshore,south_westerly_onshore,walton_lighthouse-2025-03-10_160308Z,43.763125,684.0,2394.8531062332167,0.9977905435262925
onshore,south_westerly_onshore,walton_lighthouse-2025-03-10_160308Z,43.763125,688.0,2419.024888880423,0.9982324348210341
onshore,south_westerly_onshore,walton_lighthouse-2025-03-10_160308Z,43.763125,691.0,2447.3514725881078,0.9982324348210341
onshore,south_westerly_onshore,walton_lighthouse-2025-03-10_160308Z,43.763125,695.0,2490.3962131308926,0.9982324348210341
onshore,south_westerly_onshore,walton_lighthouse-2025-03-10_160308Z,43.763125,698.0,2543.956349541142,0.9982324348210341
onshore,south_westerly_onshore,walton_lighthouse-2025-03-10_160308Z,43.763125,701.0,2574.5127193704348,0.9977905435262925
onshore,south_westerly_onshore,walton_lighthouse-2025-03-10_160308Z,43.763125,705.0,2639.9176998551666,0.9977905435262925
onshore,south_westerly_onshore,walton_lighthouse-2025-03-10_160308Z,43.763125,708.0,2730.10107005378,0.9977905435262925
onshore,south_westerly_onshore,walton_lighthouse-2025-03-10_160308Z,43.763125,712.0,2837.280754261343,0.9969067609368095
onshore,south_westerly_onshore,walton_lighthouse-2025-03-10_160308Z,43.763125,715.0,2928.7541878375764,0.997348652231551
onshore,south_westerly_onshore,walton_lighthouse-2025-03-10_160308Z,43.763125,719.0,2989.7900850972223,0.9977905435262925
onshore,south_westerly_onshore,walton_lighthouse-2025-03-10_160308Z,43.763125,722.0,3024.6541374463277,0.9977905435262925
onshore,south_westerly_onshore,walton_lighthouse-2025-03-10_160308Z,43.763125,725.0,3044.851290059893,0.9977905435262925
onshore,south_westerly_onshore,walton_lighthouse-2025-03-10_160308Z,43.763125,729.0,3046.0847629805426,0.9969067609368095
onshore,south_westerly_onshore,walton_lighthouse-2025-03-10_160308Z,43.763125,732.0,3040.173018094015,0.996464869642068
onshore,south_westerly_onshore,walton_lighthouse-2025-03-10_160308Z,43.763125,736.0,3067.3538108409753,0.9960229783473266
onshore,south_westerly_onshore,walton_lighthouse-2025-03-10_160308Z,43.763125,739.0,3092.658077644839,0.9955810870525851
onshore,south_westerly_onshore,walton_lighthouse-2025-03-10_160308Z,43.763125,743.0,3150.3830375952043,0.9946973044631021
onshore,south_westerly_onshore,walton_lighthouse-2025-03-10_160308Z,43.763125,746.0,3259.2771247823025,0.9942554131683606
onshore,south_westerly_onshore,walton_lighthouse-2025-03-10_160308Z,43.763125,749.0,3352.84619828397,0.9933716305788776
onshore,south_westerly_onshore,walton_lighthouse-2025-03-10_160308Z,43.763125,753.0,3440.5759242138965,0.9924878479893946
onshore,south_westerly_onshore,walton_lighthouse-2025-03-10_160308Z,43.763125,756.0,3489.732109237124,0.9916040653999116
onshore,south_westerly_onshore,walton_lighthouse-2025-03-10_160308Z,43.763125,760.0,3535.369796999869,0.9898365002209456
onshore,south_westerly_onshore,walton_lighthouse-2025-03-10_160308Z,43.763125,763.0,3603.9182965859695,0.9893946089262041
onshore,south_westerly_onshore,walton_lighthouse-2025-03-10_160308Z,43.763125,767.0,3651.363520533305,0.9885108263367212
onshore,south_westerly_onshore,walton_lighthouse-2025-03-10_160308Z,43.763125,770.0,3667.094789417423,0.9863013698630136
onshore,south_westerly_onshore,walton_lighthouse-2025-03-10_160308Z,43.763125,773.0,3704.9181811488397,0.9854175872735307
onshore,south_westerly_onshore,walton_lighthouse-2025-03-10_160308Z,43.763125,777.0,3728.5368677906254,0.9849756959787892
onshore,south_westerly_onshore,walton_lighthouse-2025-03-10_160308Z,43.763125,780.0,3758.758728185724,0.9845338046840477
onshore,south_westerly_onshore,walton_lighthouse-2025-03-10_160308Z,43.763125,784.0,3771.693027605071,0.9832081307998233
onshore,south_westerly_onshore,walton_lighthouse-2025-03-10_160308Z,43.763125,787.0,3810.160233847011,0.9805567830313743
onshore,south_westerly_onshore,walton_lighthouse-2025-03-10_160308Z,43.763125,790.0,3901.3374986222725,0.9792311091471498
onshore,south_westerly_onshore,walton_lighthouse-2025-03-10_160308Z,43.763125,794.0,4018.6985027657793,0.9787892178524084
onshore,south_westerly_onshore,walton_lighthouse-2025-03-10_160308Z,43.763125,797.0,4153.618622326126,0.9765797613787008
onshore,south_westerly_onshore,walton_lighthouse-2025-03-10_160308Z,43.763125,801.0,4282.822773953326,0.9748121961997349
onshore,south_westerly_onshore,walton_lighthouse-2025-03-10_160308Z,43.763125,804.0,4364.931714783405,0.971277065841803
onshore,south_westerly_onshore,walton_lighthouse-2025-03-10_160308Z,43.763125,808.0,4451.965989125911,0.9646486964206805
onshore,south_westerly_onshore,walton_lighthouse-2025-03-10_160308Z,43.763125,811.0,4537.628496276436,0.9606716747680071
onshore,south_westerly_onshore,walton_lighthouse-2025-03-10_160308Z,43.763125,814.0,4623.004282216402,0.9566946531153336
onshore,south_westerly_onshore,walton_lighthouse-2025-03-10_160308Z,43.763125,818.0,4678.119130212014,0.9531595227574017
onshore,south_westerly_onshore,walton_lighthouse-2025-03-10_160308Z,43.763125,821.0,4730.629260109017,0.9478568272205038
onshore,south_westerly_onshore,walton_lighthouse-2025-03-10_160308Z,43.763125,825.0,4756.565288917185,0.9381352187361909
onshore,south_westerly_onshore,walton_lighthouse-2025-03-10_160308Z,43.763125,828.0,4807.939278001368,0.93194874060981
onshore,south_westerly_onshore,walton_lighthouse-2025-03-10_160308Z,43.763125,832.0,4872.295423016325,0.927529827662395
onshore,south_westerly_onshore,walton_lighthouse-2025-03-10_160308Z,43.763125,835.0,4926.206421308792,0.9239946973044632
onshore,south_westerly_onshore,walton_lighthouse-2025-03-10_160308Z,43.763125,838.0,4946.383574958014,0.9195757843570481
onshore,south_westerly_onshore,walton_lighthouse-2025-03-10_160308Z,43.763125,842.0,4939.6465442539375,0.9138311975254088
onshore,south_westerly_onshore,walton_lighthouse-2025-03-10_160308Z,43.763125,845.0,4885.975999252073,0.9054352629253204
onshore,south_westerly_onshore,walton_lighthouse-2025-03-10_160308Z,43.763125,849.0,4833.910342899374,0.8974812196199735
onshore,south_westerly_onshore,walton_lighthouse-2025-03-10_160308Z,43.763125,852.0,4792.222376472572,0.8912947414935926
onshore,south_westerly_onshore,walton_lighthouse-2025-03-10_160308Z,43.763125,855.0,4724.439083819739,0.8833406981882457
onshore,south_westerly_onshore,walton_lighthouse-2025-03-10_160308Z,43.763125,859.0,4692.607162492292,0.8771542200618648
onshore,south_westerly_onshore,walton_lighthouse-2025-03-10_160308Z,43.763125,862.0,4642.005170578777,0.8700839593460009
onshore,south_westerly_onshore,walton_lighthouse-2025-03-10_160308Z,43.763125,866.0,4609.031116945574,0.8625718073353955
onshore,south_westerly_onshore,walton_lighthouse-2025-03-10_160308Z,43.763125,869.0,4582.901424778341,0.8563853292090146
onshore,south_westerly_onshore,walton_lighthouse-2025-03-10_160308Z,43.763125,873.0,4565.943864543131,0.8440123729562528
onshore,south_westerly_onshore,walton_lighthouse-2025-03-10_160308Z,43.763125,876.0,4479.384953557876,0.8263367211665931
onshore,south_westerly_onshore,walton_lighthouse-2025-03-10_160308Z,43.763125,879.0,4420.908916876328,0.8060097216084843
onshore,south_westerly_onshore,walton_lighthouse-2025-03-10_160308Z,43.763125,883.0,4387.804114106391,0.7671232876712328
onshore,south_westerly_onshore,walton_lighthouse-2025-03-10_160308Z,43.763125,886.0,4506.27628877515,0.6641626159964649
onshore,south_westerly_onshore,walton_lighthouse-2025-03-25_180057Z,60.883002000000005,253.0,17.97903106544122,0.9789156626506024
onshore,south_westerly_onshore,walton_lighthouse-2025-03-25_180057Z,60.883002000000005,257.0,18.59598662013864,0.9796686746987951
onshore,south_westerly_onshore,walton_lighthouse-2025-03-25_180057Z,60.883002000000005,260.0,19.42787372400269,0.9796686746987951
onshore,south_westerly_onshore,walton_lighthouse-2025-03-25_180057Z,60.883002000000005,263.0,20.577887239542004,0.9796686746987951
onshore,south_westerly_onshore,walton_lighthouse-2025-03-25_180057Z,60.883002000000005,267.0,21.91560937388905,0.9796686746987951
onshore,south_westerly_onshore,walton_lighthouse-2025-03-25_180057Z,60.883002000000005,270.0,23.23055313883334,0.9796686746987951
onshore,south_westerly_onshore,walton_lighthouse-2025-03-25_180057Z,60.883002000000005,274.0,24.530649560366296,0.9796686746987951
onshore,south_westerly_onshore,walton_lighthouse-2025-03-25_180057Z,60.883002000000005,277.0,25.918900182570585,0.9796686746987951
onshore,south_westerly_onshore,walton_lighthouse-2025-03-25_180057Z,60.883002000000005,281.0,27.515300766898918,0.9796686746987951
onshore,south_westerly_onshore,walton_lighthouse-2025-03-25_180057Z,60.883002000000005,284.0,29.364581983533284,0.9796686746987951
onshore,south_westerly_onshore,walton_lighthouse-2025-03-25_180057Z,60.883002000000005,287.0,31.451421646246622,0.9796686746987951
onshore,south_westerly_onshore,walton_lighthouse-2025-03-25_180057Z,60.883002000000005,291.0,33.764239468174125,0.9796686746987951
onshore,south_westerly_onshore,walton_lighthouse-2025-03-25_180057Z,60.883002000000005,294.0,36.29545158599162,0.9796686746987951
onshore,south_westerly_onshore,walton_lighthouse-2025-03-25_180057Z,60.883002000000005,298.0,39.0268216770024,0.9796686746987951
onshore,south_westerly_onshore,walton_lighthouse-2025-03-25_180057Z,60.883002000000005,301.0,41.92994349502508,0.9796686746987951
onshore,south_westerly_onshore,walton_lighthouse-2025-03-25_180057Z,60.883002000000005,305.0,44.977745552431294,0.9796686746987951
onshore,south_westerly_onshore,walton_lighthouse-2025-03-25_180057Z,60.883002000000005,308.0,48.146495051770636,0.9796686746987951
onshore,south_westerly_onshore,walton_lighthouse-2025-03-25_180057Z,60.883002000000005,311.0,51.38478976723576,0.9796686746987951
onshore,south_westerly_onshore,walton_lighthouse-2025-03-25_180057Z,60.883002000000005,315.0,54.592238203593965,0.9796686746987951
onshore,south_westerly_onshore,walton_lighthouse-2025-03-25_180057Z,60.883002000000005,318.0,57.67834115465832,0.9804216867469879
onshore,south_westerly_onshore,walton_lighthouse-2025-03-25_180057Z,60.883002000000005,322.0,60.595088606570265,0.9804216867469879
onshore,south_westerly_onshore,walton_lighthouse-2025-03-25_180057Z,60.883002000000005,325.0,63.44473853874528,0.9804216867469879
onshore,south_westerly_onshore,walton_lighthouse-2025-03-25_180057Z,60.883002000000005,329.0,66.32887797906605,0.9804216867469879
onshore,south_westerly_onshore,walton_lighthouse-2025-03-25_180057Z,60.883002000000005,332.0,69.28820199665645,0.9804216867469879
onshore,south_westerly_onshore,walton_lighthouse-2025-03-25_180057Z,60.883002000000005,335.0,72.28610864768082,0.9804216867469879
onshore,south_westerly_onshore,walton_lighthouse-2025-03-25_180057Z,60.883002000000005,339.0,75.2364283479324,0.9804216867469879
onshore,south_westerly_onshore,walton_lighthouse-2025-03-25_180057Z,60.883002000000005,342.0,78.1070107071419,0.9807981927710844
onshore,south_westerly_onshore,walton_lighthouse-2025-03-25_180057Z,60.883002000000005,346.0,80.92473123754246,0.9807981927710844
onshore,south_westerly_onshore,walton_lighthouse-2025-03-25_180057Z,60.883002000000005,349.0,83.70452316966636,0.9807981927710844
onshore,south_westerly_onshore,walton_lighthouse-2025-03-25_180057Z,60.883002000000005,352.0,86.37977445071854,0.9807981927710844
onshore,south_westerly_onshore,walton_lighthouse-2025-03-25_180057Z,60.883002000000005,356.0,88.79677969308223,0.9807981927710844
onshore,south_westerly_onshore,walton_lighthouse-2025-03-25_180057Z,60.883002000000005,359.0,90.79685204042133,0.9807981927710844
onshore,south_westerly_onshore,walton_lighthouse-2025-03-25_180057Z,60.883002000000005,363.0,92.28732016468547,0.9807981927710844
onshore,south_westerly_onshore,walton_lighthouse-2025-03-25_180057Z,60.883002000000005,366.0,93.19821186719248,0.9807981927710844
onshore,south_westerly_onshore,walton_lighthouse-2025-03-25_180057Z,60.883002000000005,370.0,93.53595411880386,0.9807981927710844
onshore,south_westerly_onshore,walton_lighthouse-2025-03-25_180057Z,60.883002000000005,373.0,93.46259438492024,0.9807981927710844
onshore,south_westerly_onshore,walton_lighthouse-2025-03-25_180057Z,60.883002000000005,376.0,93.22956918423758,0.9807981927710844
onshore,south_westerly_onshore,walton_lighthouse-2025-03-25_180057Z,60.883002000000005,380.0,93.04184094206137,0.9807981927710844
onshore,south_westerly_onshore,walton_lighthouse-2025-03-25_180057Z,60.883002000000005,383.0,92.95945646745328,0.9807981927710844
onshore,south_westerly_onshore,walton_lighthouse-2025-03-25_180057Z,60.883002000000005,387.0,92.97149711987633,0.9807981927710844
onshore,south_westerly_onshore,walton_lighthouse-2025-03-25_180057Z,60.883002000000005,390.0,93.09255974020567,0.9807981927710844
onshore,south_westerly_onshore,walton_lighthouse-2025-03-25_180057Z,60.883002000000005,394.0,93.35260248531642,0.9807981927710844
onshore,south_westerly_onshore,walton_lighthouse-2025-03-25_180057Z,60.883002000000005,397.0,93.76596315961861,0.9807981927710844
onshore,south_westerly_onshore,walton_lighthouse-2025-03-25_180057Z,60.883002000000005,400.0,94.3456494980506,0.9807981927710844
onshore,south_westerly_onshore,walton_lighthouse-2025-03-25_180057Z,60.883002000000005,404.0,95.12463542792645,0.9807981927710844
onshore,south_westerly_onshore,walton_lighthouse-2025-03-25_180057Z,60.883002000000005,407.0,96.15103124777943,0.9807981927710844
onshore,south_westerly_onshore,walton_lighthouse-2025-03-25_180057Z,60.883002000000005,411.0,97.48621728197047,0.9807981927710844
onshore,south_westerly_onshore,walton_lighthouse-2025-03-25_180057Z,60.883002000000005,414.0,99.22166794107969,0.9807981927710844
onshore,south_westerly_onshore,walton_lighthouse-2025-03-25_180057Z,60.883002000000005,417.0,101.49278819992371,0.9807981927710844
onshore,south_westerly_onshore,walton_lighthouse-2025-03-25_180057Z,60.883002000000005,421.0,104.48175356761179,0.9807981927710844
onshore,south_westerly_onshore,walton_lighthouse-2025-03-25_180057Z,60.883002000000005,424.0,108.38622818211505,0.9807981927710844
onshore,south_westerly_onshore,walton_lighthouse-2025-03-25_180057Z,60.883002000000005,428.0,113.33904164933087,0.9807981927710844
onshore,south_westerly_onshore,walton_lighthouse-2025-03-25_180057Z,60.883002000000005,431.0,119.34371894001006,0.9807981927710844
onshore,south_westerly_onshore,walton_lighthouse-2025-03-25_180057Z,60.883002000000005,435.0,126.27883353148968,0.9807981927710844
onshore,south_westerly_onshore,walton_lighthouse-2025-03-25_180057Z,60.883002000000005,438.0,133.97859429699153,0.9804216867469879
onshore,south_westerly_onshore,walton_lighthouse-2025-03-25_180057Z,60.883002000000005,441.0,142.3003573558075,0.9804216867469879
onshore,south_westerly_onshore,walton_lighthouse-2025-03-25_180057Z,60.883002000000005,445.0,151.2953699769793,0.9804216867469879
onshore,south_westerly_onshore,walton_lighthouse-2025-03-25_180057Z,60.883002000000005,448.0,161.14730108576097,0.9804216867469879
onshore,south_westerly_onshore,walton_lighthouse-2025-03-25_180057Z,60.883002000000005,452.0,172.10363424534114,0.9804216867469879
onshore,south_westerly_onshore,walton_lighthouse-2025-03-25_180057Z,60.883002000000005,455.0,184.54944525605544,0.9804216867469879
onshore,south_westerly_onshore,walton_lighthouse-2025-03-25_180057Z,60.883002000000005,459.0,199.08634228170368,0.9804216867469879
onshore,south_westerly_onshore,walton_lighthouse-2025-03-25_180057Z,60.883002000000005,462.0,216.18472014922966,0.9804216867469879
onshore,south_westerly_onshore,walton_lighthouse-2025-03-25_180057Z,60.883002000000005,465.0,235.6354031353966,0.9804216867469879
onshore,south_westerly_onshore,walton_lighthouse-2025-03-25_180057Z,60.883002000000005,469.0,256.4839170299899,0.9804216867469879
onshore,south_westerly_onshore,walton_lighthouse-2025-03-25_180057Z,60.883002000000005,472.0,277.5157809510293,0.9804216867469879
onshore,south_westerly_onshore,walton_lighthouse-2025-03-25_180057Z,60.883002000000005,476.0,297.7392983322708,0.9804216867469879
onshore,south_westerly_onshore,walton_lighthouse-2025-03-25_180057Z,60.883002000000005,479.0,317.0193068383316,0.9804216867469879
onshore,south_westerly_onshore,walton_lighthouse-2025-03-25_180057Z,60.883002000000005,482.0,336.3802065145731,0.9804216867469879
onshore,south_westerly_onshore,walton_lighthouse-2025-03-25_180057Z,60.883002000000005,486.0,357.0745465079205,0.9804216867469879
onshore,south_westerly_onshore,walton_lighthouse-2025-03-25_180057Z,60.883002000000005,489.0,379.516074390454,0.9804216867469879
onshore,south_westerly_onshore,walton_lighthouse-2025-03-25_180057Z,60.883002000000005,493.0,403.8507603973389,0.9804216867469879
onshore,south_westerly_onshore,walton_lighthouse-2025-03-25_180057Z,60.883002000000005,496.0,465.4174493969842,0.9807981927710844
onshore,south_westerly_onshore,walton_lighthouse-2025-03-25_180057Z,60.883002000000005,500.0,499.4554667435598,0.9807981927710844
onshore,south_westerly_onshore,walton_lighthouse-2025-03-25_180057Z,60.883002000000005,503.0,542.4290729223475,0.9807981927710844
onshore,south_westerly_onshore,walton_lighthouse-2025-03-25_180057Z,60.883002000000005,506.0,592.3996568196256,0.9807981927710844
onshore,south_westerly_onshore,walton_lighthouse-2025-03-25_180057Z,60.883002000000005,510.0,644.9296984649482,0.9807981927710844
onshore,south_westerly_onshore,walton_lighthouse-2025-03-25_180057Z,60.883002000000005,513.0,698.6488448677246,0.9807981927710844
onshore,south_westerly_onshore,walton_lighthouse-2025-03-25_180057Z,60.883002000000005,517.0,755.0554642705703,0.9807981927710844
onshore,south_westerly_onshore,walton_lighthouse-2025-03-25_180057Z,60.883002000000005,520.0,811.1320501431363,0.9807981927710844
onshore,south_westerly_onshore,walton_lighthouse-2025-03-25_180057Z,60.883002000000005,524.0,859.9032234516467,0.9807981927710844
onshore,south_westerly_onshore,walton_lighthouse-2025-03-25_180057Z,60.883002000000005,527.0,902.5185466759457,0.9807981927710844
onshore,south_westerly_onshore,walton_lighthouse-2025-03-25_180057Z,60.883002000000005,530.0,949.124235555339,0.9807981927710844
onshore,south_westerly_onshore,walton_lighthouse-2025-03-25_180057Z,60.883002000000005,534.0,1002.1020063006923,0.9807981927710844
onshore,south_westerly_onshore,walton_lighthouse-2025-03-25_180057Z,60.883002000000005,537.0,1051.3096175052656,0.9807981927710844
onshore,south_westerly_onshore,walton_lighthouse-2025-03-25_180057Z,60.883002000000005,541.0,1087.7026515162788,0.9807981927710844
onshore,south_westerly_onshore,walton_lighthouse-2025-03-25_180057Z,60.883002000000005,544.0,1112.8270102361357,0.9807981927710844
onshore,south_westerly_onshore,walton_lighthouse-2025-03-25_180057Z,60.883002000000005,548.0,1134.1054454691916,0.9807981927710844
onshore,south_westerly_onshore,walton_lighthouse-2025-03-25_180057Z,60.883002000000005,551.0,1164.1030496032245,0.9811746987951807
onshore,south_westerly_onshore,walton_lighthouse-2025-03-25_180057Z,60.883002000000005,554.0,1217.2513982739451,0.9815512048192772
onshore,south_westerly_onshore,walton_lighthouse-2025-03-25_180057Z,60.883002000000005,558.0,1262.0356892118418,0.9819277108433735
onshore,south_westerly_onshore,walton_lighthouse-2025-03-25_180057Z,60.883002000000005,561.0,1314.2689455175737,0.9819277108433735
onshore,south_westerly_onshore,walton_lighthouse-2025-03-25_180057Z,60.883002000000005,565.0,1363.4617838509655,0.9819277108433735
onshore,south_westerly_onshore,walton_lighthouse-2025-03-25_180057Z,60.883002000000005,568.0,1401.3855572208902,0.9819277108433735
onshore,south_westerly_onshore,walton_lighthouse-2025-03-25_180057Z,60.883002000000005,571.0,1460.1393914188216,0.9826807228915663
onshore,south_westerly_onshore,walton_lighthouse-2025-03-25_180057Z,60.883002000000005,575.0,1485.969835459279,0.9830572289156626
onshore,south_westerly_onshore,walton_lighthouse-2025-03-25_180057Z,60.883002000000005,578.0,1515.2672172099938,0.983433734939759
onshore,south_westerly_onshore,walton_lighthouse-2025-03-25_180057Z,60.883002000000005,582.0,1546.3760174322297,0.983433734939759
onshore,south_westerly_onshore,walton_lighthouse-2025-03-25_180057Z,60.883002000000005,585.0,1584.6907697308075,0.983433734939759
onshore,south_westerly_onshore,walton_lighthouse-2025-03-25_180057Z,60.883002000000005,589.0,1647.2401407510702,0.9838102409638554
onshore,south_westerly_onshore,walton_lighthouse-2025-03-25_180057Z,60.883002000000005,592.0,1702.3370882131376,0.9838102409638554
onshore,south_westerly_onshore,walton_lighthouse-2025-03-25_180057Z,60.883002000000005,595.0,1790.9009465903907,0.9838102409638554
onshore,south_westerly_onshore,walton_lighthouse-2025-03-25_180057Z,60.883002000000005,599.0,1890.1889186391177,0.983433734939759
onshore,south_westerly_onshore,walton_lighthouse-2025-03-25_180057Z,60.883002000000005,602.0,1964.3912575610054,0.9838102409638554
onshore,south_westerly_onshore,walton_lighthouse-2025-03-25_180057Z,60.883002000000005,606.0,2027.6339115729954,0.9838102409638554
onshore,south_westerly_onshore,walton_lighthouse-2025-03-25_180057Z,60.883002000000005,609.0,2046.4062158467452,0.9841867469879518
onshore,south_westerly_onshore,walton_lighthouse-2025-03-25_180057Z,60.883002000000005,613.0,2043.7884511504421,0.9845632530120482
onshore,south_westerly_onshore,walton_lighthouse-2025-03-25_180057Z,60.883002000000005,616.0,2010.7709537119745,0.9841867469879518
onshore,south_westerly_onshore,walton_lighthouse-2025-03-25_180057Z,60.883002000000005,619.0,1978.8584927170182,0.9841867469879518
onshore,south_westerly_onshore,walton_lighthouse-2025-03-25_180057Z,60.883002000000005,623.0,1934.723589756268,0.983433734939759
onshore,south_westerly_onshore,walton_lighthouse-2025-03-25_180057Z,60.883002000000005,626.0,1918.6499230417855,0.9838102409638554
onshore,south_westerly_onshore,walton_lighthouse-2025-03-25_180057Z,60.883002000000005,630.0,1861.0356829685147,0.9826807228915663
onshore,south_westerly_onshore,walton_lighthouse-2025-03-25_180057Z,60.883002000000005,633.0,1819.6672630378214,0.9826807228915663
onshore,south_westerly_onshore,walton_lighthouse-2025-03-25_180057Z,60.883002000000005,636.0,1786.1253168165117,0.9819277108433735
onshore,south_westerly_onshore,walton_lighthouse-2025-03-25_180057Z,60.883002000000005,640.0,1752.0839957347714,0.9796686746987951
onshore,south_westerly_onshore,walton_lighthouse-2025-03-25_180057Z,60.883002000000005,643.0,1746.255889612815,0.9781626506024096
onshore,south_westerly_onshore,walton_lighthouse-2025-03-25_180057Z,60.883002000000005,647.0,1711.0442073901784,0.978539156626506
onshore,south_westerly_onshore,walton_lighthouse-2025-03-25_180057Z,60.883002000000005,650.0,1667.2518101488185,0.9770331325301205
onshore,south_westerly_onshore,walton_lighthouse-2025-03-25_180057Z,60.883002000000005,654.0,1665.251791410801,0.9777861445783133
onshore,south_westerly_onshore,walton_lighthouse-2025-03-25_180057Z,60.883002000000005,657.0,1653.5027599430075,0.9762801204819277
onshore,south_westerly_onshore,walton_lighthouse-2025-03-25_180057Z,60.883002000000005,660.0,1677.083453186328,0.9755271084337349
onshore,south_westerly_onshore,walton_lighthouse-2025-03-25_180057Z,60.883002000000005,664.0,1690.6579747936387,0.973644578313253
onshore,south_westerly_onshore,walton_lighthouse-2025-03-25_180057Z,60.883002000000005,667.0,1706.3038370635898,0.9740210843373494
onshore,south_westerly_onshore,walton_lighthouse-2025-03-25_180057Z,60.883002000000005,671.0,1695.1706005314222,0.9706325301204819
onshore,south_westerly_onshore,walton_lighthouse-2025-03-25_180057Z,60.883002000000005,674.0,1676.51938702851,0.9668674698795181
onshore,south_westerly_onshore,walton_lighthouse-2025-03-25_180057Z,60.883002000000005,678.0,1655.8961686360033,0.9642319277108434
onshore,south_westerly_onshore,walton_lighthouse-2025-03-25_180057Z,60.883002000000005,681.0,1645.2813483801472,0.9612198795180723
onshore,south_westerly_onshore,walton_lighthouse-2025-03-25_180057Z,60.883002000000005,684.0,1615.7710700064629,0.9567018072289156
onshore,south_westerly_onshore,walton_lighthouse-2025-03-25_180057Z,60.883002000000005,688.0,1604.970273049334,0.9548192771084337
onshore,south_westerly_onshore,walton_lighthouse-2025-03-25_180057Z,60.883002000000005,691.0,1615.1203680406377,0.9529367469879518
onshore,south_westerly_onshore,walton_lighthouse-2025-03-25_180057Z,60.883002000000005,695.0,1631.452832938484,0.9525602409638554
onshore,south_westerly_onshore,walton_lighthouse-2025-03-25_180057Z,60.883002000000005,698.0,1649.6520682833534,0.9525602409638554
onshore,south_westerly_onshore,walton_lighthouse-2025-03-25_180057Z,60.883002000000005,701.0,1659.1335934747904,0.9503012048192772
onshore,south_westerly_onshore,walton_lighthouse-2025-03-25_180057Z,60.883002000000005,705.0,1659.0453553637556,0.947289156626506
onshore,south_westerly_onshore,walton_lighthouse-2025-03-25_180057Z,60.883002000000005,708.0,1651.2449966233787,0.9454066265060241
onshore,south_westerly_onshore,walton_lighthouse-2025-03-25_180057Z,60.883002000000005,712.0,1615.264844254468,0.9359939759036144
onshore,south_westerly_onshore,walton_lighthouse-2025-03-25_180057Z,60.883002000000005,715.0,1613.8456847155744,0.9318524096385542
onshore,south_westerly_onshore,walton_lighthouse-2025-03-25_180057Z,60.883002000000005,719.0,1624.0037996316357,0.9265813253012049
onshore,south_westerly_onshore,walton_lighthouse-2025-03-25_180057Z,60.883002000000005,722.0,1655.2110134725203,0.9134036144578314
onshore,south_westerly_onshore,walton_lighthouse-2025-03-25_180057Z,60.883002000000005,725.0,1656.0751576543094,0.9070030120481928
onshore,south_westerly_onshore,walton_lighthouse-2025-03-25_180057Z,60.883002000000005,729.0,1610.1132454674025,0.8930722891566265
onshore,south_westerly_onshore,walton_lighthouse-2025-03-25_180057Z,60.883002000000005,732.0,1607.9292749182548,0.8881777108433735
onshore,south_westerly_onshore,walton_lighthouse-2025-03-25_180057Z,60.883002000000005,736.0,1616.9061823130055,0.8783885542168675
onshore,south_westerly_onshore,walton_lighthouse-2025-03-25_180057Z,60.883002000000005,739.0,1618.05678963347,0.8667168674698795
onshore,south_westerly_onshore,walton_lighthouse-2025-03-25_180057Z,60.883002000000005,743.0,1614.821660271401,0.8531626506024096
onshore,south_westerly_onshore,walton_lighthouse-2025-03-25_180057Z,60.883002000000005,746.0,1617.913320812722,0.8471385542168675
onshore,south_westerly_onshore,walton_lighthouse-2025-03-25_180057Z,60.883002000000005,749.0,1609.6574380342267,0.8403614457831325
onshore,south_westerly_onshore,walton_lighthouse-2025-03-25_180057Z,60.883002000000005,753.0,1574.190405622491,0.829066265060241
onshore,south_westerly_onshore,walton_lighthouse-2025-03-25_180057Z,60.883002000000005,756.0,1571.9695593133308,0.8241716867469879
onshore,south_westerly_onshore,walton_lighthouse-2025-03-25_180057Z,60.883002000000005,760.0,1558.59314774683,0.8204066265060241
onshore,south_westerly_onshore,walton_lighthouse-2025-03-25_180057Z,60.883002000000005,763.0,1529.041000150175,0.8143825301204819
onshore,south_westerly_onshore,walton_lighthouse-2025-03-25_180057Z,60.883002000000005,767.0,1517.4913059601552,0.8072289156626506
onshore,south_westerly_onshore,walton_lighthouse-2025-03-25_180057Z,60.883002000000005,770.0,1498.9999805692141,0.7966867469879518
onshore,south_westerly_onshore,walton_lighthouse-2025-03-25_180057Z,60.883002000000005,773.0,1465.9016147558214,0.7914156626506024
onshore,south_westerly_onshore,walton_lighthouse-2025-03-25_180057Z,60.883002000000005,777.0,1483.2830059147263,0.7902861445783133
onshore,south_westerly_onshore,walton_lighthouse-2025-03-25_180057Z,60.883002000000005,780.0,1492.720725553322,0.7850150602409639
onshore,south_westerly_onshore,walton_lighthouse-2025-03-25_180057Z,60.883002000000005,784.0,1500.2926094113418,0.7752259036144579
onshore,south_westerly_onshore,walton_lighthouse-2025-03-25_180057Z,60.883002000000005,787.0,1517.4039348909434,0.7707078313253012
onshore,south_westerly_onshore,walton_lighthouse-2025-03-25_180057Z,60.883002000000005,790.0,1527.5917808234494,0.7624246987951807
onshore,south_westerly_onshore,walton_lighthouse-2025-03-25_180057Z,60.883002000000005,794.0,1549.7158203095773,0.7541415662650602
onshore,south_westerly_onshore,walton_lighthouse-2025-03-25_180057Z,60.883002000000005,797.0,1550.3312157561058,0.7409638554216867
onshore,south_westerly_onshore,walton_lighthouse-2025-03-25_180057Z,60.883002000000005,801.0,1571.2186044142027,0.7198795180722891
onshore,south_westerly_onshore,walton_lighthouse-2025-03-25_180057Z,60.883002000000005,804.0,1575.0152689888844,0.6848644578313253
onshore,south_westerly_onshore,walton_lighthouse-2025-03-25_180057Z,60.883002000000005,808.0,1596.3585419727128,0.6720632530120482
onshore,south_westerly_onshore,walton_lighthouse-2025-03-25_180057Z,60.883002000000005,811.0,1613.804788217335,0.651355421686747
onshore,south_westerly_onshore,walton_lighthouse-2025-03-25_180057Z,60.883002000000005,814.0,1602.286285879333,0.6227409638554217
onshore,south_westerly_onshore,walton_lighthouse-2025-03-25_180057Z,60.883002000000005,818.0,1582.4561222619227,0.5918674698795181
onshore,south_westerly_onshore,walton_lighthouse-2025-03-25_180057Z,60.883002000000005,821.0,1585.1318218863478,0.567394578313253
onshore,south_westerly_onshore,walton_lighthouse-2025-03-25_180057Z,60.883002000000005,825.0,1585.1093494846305,0.5436746987951807
onshore,south_westerly_onshore,walton_lighthouse-2025-03-25_180057Z,60.883002000000005,828.0,1552.495202343473,0.5353915662650602
onshore,south_westerly_onshore,walton_lighthouse-2025-03-25_180057Z,60.883002000000005,832.0,1530.2333616689673,0.5184487951807228
onshore,south_westerly_onshore,walton_lighthouse-2025-03-25_180057Z,60.883002000000005,835.0,1479.6081566014716,0.5018825301204819
onshore,south_westerly_onshore,walton_lighthouse-2025-03-25_180057Z,60.883002000000005,838.0,1394.0466038029706,0.46762048192771083
onshore,south_westerly_onshore,walton_lighthouse-2025-03-25_180057Z,60.883002000000005,842.0,1331.5717643787627,0.44088855421686746
onshore,south_westerly_onshore,walton_lighthouse-2025-03-25_180057Z,60.883002000000005,845.0,1312.3266061836216,0.42884036144578314
onshore,south_westerly_onshore,walton_lighthouse-2025-03-25_180057Z,60.883002000000005,849.0,1298.4155474264057,0.4122740963855422
onshore,south_westerly_onshore,walton_lighthouse-2025-03-25_180057Z,60.883002000000005,852.0,1274.6950766104494,0.39759036144578314
onshore,south_westerly_onshore,walton_lighthouse-2025-03-25_180057Z,60.883002000000005,855.0,1237.2289699871874,0.3776355421686747
onshore,south_westerly_onshore,walton_lighthouse-2025-03-25_180057Z,60.883002000000005,859.0,1228.6971773926775,0.37161144578313254
onshore,south_westerly_onshore,walton_lighthouse-2025-03-25_180057Z,60.883002000000005,862.0,1192.7440947725154,0.35768072289156627
onshore,south_westerly_onshore,walton_lighthouse-2025-03-25_180057Z,60.883002000000005,866.0,1162.3111206645958,0.3365963855421687
onshore,south_westerly_onshore,walton_lighthouse-2025-03-25_180057Z,60.883002000000005,869.0,1154.8266391875916,0.32981927710843373
onshore,south_westerly_onshore,walton_lighthouse-2025-03-25_180057Z,60.883002000000005,873.0,1157.2708579084183,0.32153614457831325
onshore,south_westerly_onshore,walton_lighthouse-2025-03-25_180057Z,60.883002000000005,876.0,1148.2751373431124,0.31137048192771083
onshore,south_westerly_onshore,walton_lighthouse-2025-03-25_180057Z,60.883002000000005,879.0,1137.6694340454364,0.29593373493975905
onshore,south_westerly_onshore,walton_lighthouse-2025-03-25_180057Z,60.883002000000005,883.0,1065.4959024560633,0.26393072289156627
onshore,south_westerly_onshore,walton_lighthouse-2025-03-25_180057Z,60.883002000000005,886.0,922.7231594134133,0.1750753012048193
