v -13581961.25321758 4433870.444389505 1.9861953333333333
v -13581959.594337327 4433869.940628296 1.9861953333333333
v -13581957.935457075 4433869.436867086 1.9861953333333333
v -13581956.240278924 4433869.466996721 1.9861953333333333
v -13581954.528480036 4433869.741593909 1.9861953333333333
v -13581952.81401957 4433869.979956235 1.9861953333333333
v -13581951.080469526 4433869.958432093 1.9861953333333333
v -13581949.34691948 4433869.936907953 1.9861953333333333
v -13581947.668475684 4433869.563994291 1.9861953333333333
v -13581946.011558805 4433869.053812458 1.9861953333333333
v -13581944.354641926 4433868.543630625 1.9861953333333333
v -13581942.697725046 4433868.033448791 1.9861953333333333
v -13581941.037140084 4433867.537519114 1.9861953333333333
v -13581939.339796392 4433867.184413701 1.9861953333333333
v -13581937.642452698 4433866.831308289 1.9861953333333333
v -13581935.917279953 4433866.731692979 1.9861953333333333
v -13581934.183756212 4433866.7081454685 1.9861953333333333
v -13581932.478692802 4433866.504957777 1.9861953333333333
v -13581930.822782459 4433865.991518414 1.9861953333333333
v -13581929.166872114 4433865.478079049 1.9861953333333333
v -13581927.510961771 4433864.964639686 1.9861953333333333
v -13581925.855051426 4433864.451200322 1.9861953333333333
v -13581924.1525882 4433864.1504132785 1.9861953333333333
v -13581922.433616031 4433863.925038636 1.9861953333333333
v -13581920.721330902 4433863.91937437 1.9861953333333333
v -13581919.019246634 4433864.248871253 1.9861953333333333
v -13581917.317162368 4433864.578368136 1.9861953333333333
v -13581915.653102776 4433864.236201726 1.9861953333333333
v -13581913.999082237 4433863.7167066755 1.9861953333333333
v -13581912.3450617 4433863.197211625 1.9861953333333333
v -13581910.691041162 4433862.677716575 1.9861953333333333
v -13581909.036272703 4433862.160640845 1.9861953333333333
v -13581907.377645748 4433861.656046284 1.9861953333333333
v -13581905.719018793 4433861.151451723 1.9861953333333333
v -13581904.005587183 4433861.236114122 1.9861953333333333
v -13581902.282352934 4433861.426174025 1.9861953333333333
v -13581900.583105987 4433861.373298264 1.9861953333333333
v -13581898.930318879 4433860.849892285 1.9861953333333333
v -13581897.27753177 4433860.326486306 1.9861953333333333
v -13581895.624744661 4433859.803080328 1.9861953333333333
v -13581893.971957551 4433859.279674349 1.9861953333333333
v -13581892.272700062 4433858.963651664 1.9861953333333333
v -13581890.554601567 4433858.731710712 1.9861953333333333
v -13581888.832381861 4433858.631839857 1.9861953333333333
v -13581887.103164835 4433858.756208335 1.9861953333333333
v -13581885.373947807 4433858.880576812 1.9861953333333333
v -13581883.715005502 4433858.417129912 1.9861953333333333
v -13581882.063840587 4433857.888628756 1.9861953333333333
v -13581880.412675673 4433857.360127599 1.9861953333333333
v -13581878.761510758 4433856.831626443 1.9861953333333333
v -13581877.08826435 4433856.42999364 1.9861953333333333
v -13581875.355634883 4433856.369543856 1.9861953333333333
v -13581873.623005416 4433856.309094072 1.9861953333333333
v -13581871.894811476 4433856.429976626 1.9861953333333333
v -13581870.16720966 4433856.575066301 1.9861953333333333
v -13581868.471047664 4433856.447762002 1.9861953333333333
v -13581866.821922772 4433855.912929194 1.9861953333333333
v -13581865.172797877 4433855.378096386 1.9861953333333333
v -13581863.523672985 4433854.843263578 1.9861953333333333
v -13581861.87454809 4433854.3084307695 1.9861953333333333
v -13581860.163194953 4433854.097055362 1.9861953333333333
v -13581858.433344943 4433853.981825191 1.9861953333333333
v -13581856.736094482 4433853.697788607 1.9861953333333333
v -13581855.087727502 4433853.160624438 1.9861953333333333
v -13581853.439360522 4433852.623460269 1.9861953333333333
v -13581851.790993541 4433852.086296098 1.9861953333333333
v -13581850.142626561 4433851.549131929 1.9861953333333333
v -13581848.4382626 4433851.264938901 1.9861953333333333
v -13581846.717184762 4433851.056252239 1.9861953333333333
v -13581845.0045953 4433851.078077397 1.9861953333333333
v -13581843.303527294 4433851.412781276 1.9861953333333333
v -13581841.60245929 4433851.747485155 1.9861953333333333
v -13581839.94625199 4433851.365632447 1.9861953333333333
v -13581838.300211903 4433850.821379677 1.9861953333333333
v -13581836.654171815 4433850.277126907 1.9861953333333333
v -13581835.00813173 4433849.732874136 1.9861953333333333
v -13581833.346798308 4433849.265251757 1.9861953333333333
v -13581831.617941868 4433849.135967374 1.9861953333333333
v -13581829.889085427 4433849.006682991 1.9861953333333333
v -13581828.228629319 4433848.535959305 1.9861953333333333
v -13581826.583383009 4433847.989311678 1.9861953333333333
v -13581824.9381367 4433847.4426640505 1.9861953333333333
v -13581823.29289039 4433846.896016424 1.9861953333333333
v -13581821.631247101 4433846.441363234 1.9861953333333333
v -13581819.898450444 4433846.385912486 1.9861953333333333
v -13581818.165653784 4433846.330461739 1.9861953333333333
v -13581816.443281068 4433846.144193089 1.9861953333333333
v -13581814.72356867 4433845.9245380955 1.9861953333333333
v -13581813.0383364 4433845.554497539 1.9861953333333333
v -13581811.394705663 4433845.003011329 1.9861953333333333
v -13581809.744798897 4433844.473743425 1.9861953333333333
v -13581808.055541137 4433844.083785386 1.9861953333333333
v -13581806.36628338 4433843.693827348 1.9861953333333333
v -13581804.642649995 4433843.699428581 1.9861953333333333
v -13581802.9114468 4433843.792135373 1.9861953333333333
v -13581801.212864485 4433843.647533872 1.9861953333333333
v -13581799.57088758 4433843.091142921 1.9861953333333333
v -13581797.928910676 4433842.534751969 1.9861953333333333
v -13581796.286933772 4433841.978361017 1.9861953333333333
v -13581794.644956866 4433841.421970065 1.9861953333333333
v -13581792.936138025 4433841.307608858 1.9861953333333333
v -13581791.20306552 4433841.353638588 1.9861953333333333
v -13581789.497892382 4433841.216572883 1.9861953333333333
v -13581787.857181642 4433840.656459221 1.9861953333333333
v -13581786.2164709 4433840.096345559 1.9861953333333333
v -13581784.575760162 4433839.536231896 1.9861953333333333
v -13581782.935049422 4433838.976118234 1.9861953333333333
v -13581781.250373587 4433838.996537057 1.9861953333333333
v -13581779.544022096 4433839.303169795 1.9861953333333333
v -13581777.843256662 4433839.5376938945 1.9861953333333333
v -13581776.20448779 4433838.971923948 1.9861953333333333
v -13581774.565718919 4433838.406154002 1.9861953333333333
v -13581772.926950047 4433837.840384057 1.9861953333333333
v -13581771.288181175 4433837.274614111 1.9861953333333333
v -13581769.610255336 4433836.889226851 1.9861953333333333
v -13581767.884404289 4433836.72461456 1.9861953333333333
v -13581766.166726412 4433836.522491674 1.9861953333333333
v -13581764.528837398 4433835.954179594 1.9861953333333333
v -13581762.890948383 4433835.385867514 1.9861953333333333
v -13581761.206615653 4433834.986017321 1.9861953333333333
v -13581759.508895518 4433834.634726287 1.9861953333333333
v -13581757.795929417 4433834.401489009 1.9861953333333333
v -13581756.064664284 4433834.309946196 1.9861953333333333
v -13581754.340636102 4433834.181719067 1.9861953333333333
v -13581752.704312334 4433833.608915813 1.9861953333333333
v -13581751.067988563 4433833.036112559 1.9861953333333333
v -13581749.364186496 4433832.7681448525 1.9861953333333333
v -13581747.638986655 4433832.596842312 1.9861953333333333
v -13581745.93812016 4433832.299484047 1.9861953333333333
v -13581744.273114482 4433831.816353489 1.9861953333333333
v -13581742.610799959 4433831.324837793 1.9861953333333333
v -13581740.975614488 4433830.74879307 1.9861953333333333
v -13581739.340429017 4433830.172748349 1.9861953333333333
v -13581737.636678794 4433829.899694965 1.9861953333333333
v -13581735.912796367 4433829.715606884 1.9861953333333333
v -13581734.226667443 4433829.365301369 1.9861953333333333
v -13581732.592405012 4433828.786643135 1.9861953333333333
v -13581730.948830733 4433828.249010753 1.9861953333333333
v -13581729.224893017 4433828.065441157 1.9861953333333333
v -13581727.5009553 4433827.881871561 1.9861953333333333
v -13581725.803737383 4433827.54033994 1.9861953333333333
v -13581724.115333648 4433827.146700673 1.9861953333333333
v -13581722.451049764 4433826.67100441 1.9861953333333333
v -13581720.818192951 4433826.088391609 1.9861953333333333
v -13581719.175921403 4433825.6042398885 1.9861953333333333
v -13581717.462244293 4433825.866860923 1.9861953333333333
v -13581715.748567183 4433826.129481957 1.9861953333333333
v -13581714.038652712 4433826.074487307 1.9861953333333333
v -13581712.33167795 4433825.771343437 1.9861953333333333
v -13581710.642669637 4433825.401122385 1.9861953333333333
v -13581709.012701979 4433824.810474877 1.9861953333333333
v -13581707.38273432 4433824.21982737 1.9861953333333333
v -13581705.659508334 4433824.241472817 1.9861953333333333
v -13581703.927607393 4433824.320074188 1.9861953333333333
v -13581702.244214453 4433824.08329315 1.9861953333333333
v -13581700.61598164 4433823.487879891 1.9861953333333333
v -13581698.975885976 4433822.936743078 1.9861953333333333
v -13581697.268075919 4433822.638340917 1.9861953333333333
v -13581695.56026586 4433822.339938757 1.9861953333333333
v -13581693.8367009 4433822.4108974 1.9861953333333333
v -13581692.109683797 4433822.562788721 1.9861953333333333
v -13581690.41668354 4433822.461893925 1.9861953333333333
v -13581688.79125344 4433821.858871505 1.9861953333333333
v -13581687.164229145 4433821.263279494 1.9861953333333333
v -13581685.434486486 4433821.146448952 1.9861953333333333
v -13581683.704743825 4433821.029618411 1.9861953333333333
v -13581682.02319564 4433820.65513678 1.9861953333333333
v -13581680.368175121 4433820.138836351 1.9861953333333333
v -13581678.707325656 4433819.642485937 1.9861953333333333
v -13581677.034677884 4433819.18651612 1.9861953333333333
v -13581675.36107861 4433818.739447146 1.9861953333333333
v -13581673.629842771 4433818.831542274 1.9861953333333333
v -13581671.898606932 4433818.923637402 1.9861953333333333
v -13581670.229137301 4433818.618677072 1.9861953333333333
v -13581668.607686292 4433818.005035753 1.9861953333333333
v -13581666.960369673 4433817.507017799 1.9861953333333333
v -13581665.232007409 4433817.371286711 1.9861953333333333
v -13581663.503645143 4433817.235555623 1.9861953333333333
v -13581661.870269032 4433816.677425953 1.9861953333333333
v -13581660.250186317 4433816.060181235 1.9861953333333333
v -13581658.568460317 4433815.731807831 1.9861953333333333
v -13581656.837539526 4433815.633969901 1.9861953333333333
v -13581655.11821217 4433815.46773157 1.9861953333333333
v -13581653.451726634 4433814.989730526 1.9861953333333333
v -13581651.785241095 4433814.511729481 1.9861953333333333
v -13581650.095091293 4433814.127538223 1.9861953333333333
v -13581648.401276244 4433813.757876726 1.9861953333333333
v -13581646.686300961 4433813.624059995 1.9861953333333333
v -13581644.95373499 4433813.686303101 1.9861953333333333
v -13581643.233707203 4433813.674579977 1.9861953333333333
v -13581641.618441155 4433813.0448382525 1.9861953333333333
v -13581640.003175106 4433812.415096528 1.9861953333333333
v -13581638.295207666 4433812.301311324 1.9861953333333333
v -13581636.561751422 4433812.329391462 1.9861953333333333
v -13581634.871660745 4433812.118346402 1.9861953333333333
v -13581633.258454736 4433811.483346069 1.9861953333333333
v -13581631.64074191 4433810.872427047 1.9861953333333333
v -13581629.907079745 4433810.88106083 1.9861953333333333
v -13581628.17341758 4433810.8896946125 1.9861953333333333
v -13581626.492364375 4433810.560211952 1.9861953333333333
v -13581624.843283657 4433810.025242952 1.9861953333333333
v -13581623.17197062 4433809.591487669 1.9861953333333333
v -13581621.450497136 4433809.386090284 1.9861953333333333
v -13581619.72902365 4433809.1806929 1.9861953333333333
v -13581618.072185691 4433808.674098846 1.9861953333333333
v -13581616.41801053 4433808.1550963605 1.9861953333333333
v -13581614.719084863 4433807.8498324435 1.9861953333333333
v -13581612.995643228 4433807.661662365 1.9861953333333333
v -13581611.295438671 4433807.367194398 1.9861953333333333
v -13581609.65068521 4433806.819065671 1.9861953333333333
v -13581608.00593175 4433806.2709369445 1.9861953333333333
v -13581606.296165569 4433805.986614625 1.9861953333333333
v -13581604.585061211 4433805.707722306 1.9861953333333333
v -13581602.9421911 4433805.186106567 1.9861953333333333
v -13581601.336409798 4433804.532558207 1.9861953333333333
v -13581599.689438747 4433804.086763333 1.9861953333333333
v -13581597.95577611 4433804.078224811 1.9861953333333333
v -13581596.222113473 4433804.069686288 1.9861953333333333
v -13581594.607375074 4433803.466721621 1.9861953333333333
v -13581593.003870223 4433802.807607641 1.9861953333333333
v -13581591.33068746 4433802.418431416 1.9861953333333333
v -13581589.608501215 4433802.219098555 1.9861953333333333
v -13581587.906437304 4433801.931648735 1.9861953333333333
v -13581586.268438902 4433801.3636520095 1.9861953333333333
v -13581584.630440498 4433800.795655285 1.9861953333333333
v -13581582.916349964 4433800.554690899 1.9861953333333333
v -13581581.195855085 4433800.341251414 1.9861953333333333
v -13581579.487800252 4433800.051675946 1.9861953333333333
v -13581577.788845949 4433799.706403119 1.9861953333333333
v -13581576.103279905 4433799.310705124 1.9861953333333333
v -13581574.456813397 4433798.767743724 1.9861953333333333
v -13581572.810346888 4433798.224782324 1.9861953333333333
v -13581571.108352475 4433797.899764267 1.9861953333333333
v -13581569.402804235 4433797.588694747 1.9861953333333333
v -13581567.739558026 4433797.117565467 1.9861953333333333
v -13581566.103025198 4433796.545359776 1.9861953333333333
v -13581564.439715298 4433796.097499648 1.9861953333333333
v -13581562.712717487 4433795.945389135 1.9861953333333333
v -13581560.985719677 4433795.793278622 1.9861953333333333
v -13581559.299542604 4433795.39551216 1.9861953333333333
v -13581557.616161665 4433794.980918795 1.9861953333333333
v -13581555.988700502 4433794.3995167315 1.9861953333333333
v -13581554.395567255 4433793.715714491 1.9861953333333333
v -13581552.776806338 4433793.107886045 1.9861953333333333
v -13581551.09499384 4433792.6869753925 1.9861953333333333
v -13581549.413181346 4433792.266064739 1.9861953333333333
v -13581547.682909202 4433792.172291296 1.9861953333333333
v -13581545.951297196 4433792.087562886 1.9861953333333333
v -13581544.261897454 4433791.757460117 1.9861953333333333
v -13581542.601519525 4433791.2586573735 1.9861953333333333
v -13581540.925851544 4433790.828597712 1.9861953333333333
v -13581539.210583216 4433790.5765786525 1.9861953333333333
v -13581537.495314887 4433790.324559594 1.9861953333333333
v -13581535.814485833 4433789.901950806 1.9861953333333333
v -13581534.135788336 4433789.468783675 1.9861953333333333
v -13581532.445708677 4433789.084340078 1.9861953333333333
v -13581530.74884161 4433788.728951273 1.9861953333333333
v -13581529.040803166 4433788.473852005 1.9861953333333333
v -13581527.307325445 4433788.4471304305 1.9861953333333333
v -13581525.573847726 4433788.420408855 1.9861953333333333
v -13581523.967686648 4433787.798691452 1.9861953333333333
v -13581522.375065418 4433787.113697538 1.9861953333333333
v -13581520.707266659 4433786.7153709475 1.9861953333333333
v -13581518.983452884 4433786.530641098 1.9861953333333333
v -13581517.259741824 4433786.344963865 1.9861953333333333
v -13581515.536391918 4433786.155955543 1.9861953333333333
v -13581513.813042011 4433785.966947221 1.9861953333333333
v -13581512.197626544 4433785.359939152 1.9861953333333333
v -13581510.59821423 4433784.690955377 1.9861953333333333
v -13581508.936324747 4433784.245562443 1.9861953333333333
v -13581507.221798332 4433783.988544511 1.9861953333333333
v -13581505.504100282 4433783.760884756 1.9861953333333333
v -13581503.774240766 4433783.645797381 1.9861953333333333
v -13581502.044381252 4433783.530710005 1.9861953333333333
v -13581500.393366989 4433783.031117859 1.9861953333333333
v -13581498.757818056 4433782.456105916 1.9861953333333333
v -13581497.077662593 4433782.073067444 1.9861953333333333
v -13581495.35614514 4433781.868038897 1.9861953333333333
v -13581493.634923391 4433781.660610338 1.9861953333333333
v -13581491.915124029 4433781.441637281 1.9861953333333333
v -13581490.195324665 4433781.222664224 1.9861953333333333
v -13581488.514887765 4433780.806251241 1.9861953333333333
v -13581486.842599856 4433780.348963375 1.9861953333333333
v -13581485.139895596 4433780.081575208 1.9861953333333333
v -13581483.40844126 4433779.993683614 1.9861953333333333
v -13581481.683475055 4433779.86174485 1.9861953333333333
v -13581480.00021751 4433779.446650787 1.9861953333333333
v -13581478.316959964 4433779.031556724 1.9861953333333333
v -13581476.616568115 4433778.6955926595 1.9861953333333333
v -13581474.91237372 4433778.377189597 1.9861953333333333
v -13581473.23832521 4433777.94304607 1.9861953333333333
v -13581471.595340159 4433777.389639198 1.9861953333333333
v -13581469.944759656 4433776.86264233 1.9861953333333333
v -13581468.258802287 4433776.458653714 1.9861953333333333
v -13581466.57284492 4433776.054665098 1.9861953333333333
v -13581464.893940896 4433775.6224587085 1.9861953333333333
v -13581463.216187084 4433775.185650748 1.9861953333333333
v -13581461.519007223 4433774.842804137 1.9861953333333333
v -13581459.80558832 4433774.578503721 1.9861953333333333
v -13581458.089901775 4433774.33170938 1.9861953333333333
v -13581456.36569148 4433774.150717943 1.9861953333333333
v -13581454.641481182 4433773.969726506 1.9861953333333333
v -13581452.961343026 4433773.553456203 1.9861953333333333
v -13581451.288522614 4433773.098120152 1.9861953333333333
v -13581449.619001865 4433772.630966124 1.9861953333333333
v -13581447.952256523 4433772.153871784 1.9861953333333333
v -13581446.284860497 4433771.679076749 1.9861953333333333
v -13581444.615275016 4433771.212018545 1.9861953333333333
v -13581442.945689535 4433770.744960341 1.9861953333333333
v -13581441.297824988 4433770.206734915 1.9861953333333333
v -13581439.65198039 4433769.661891262 1.9861953333333333
v -13581438.0103056 4433769.104711135 1.9861953333333333
v -13581436.371415272 4433768.539293114 1.9861953333333333
v -13581434.733043084 4433767.972381049 1.9861953333333333
v -13581433.095982818 4433767.401686092 1.9861953333333333
v -13581431.458922554 4433766.830991136 1.9861953333333333
v -13581429.823667781 4433766.255144075 1.9861953333333333
v -13581428.18847599 4433765.679117288 1.9861953333333333
v -13581426.553971365 4433765.101145516 1.9861953333333333
v -13581424.919838263 4433764.522122157 1.9861953333333333
v -13581423.266745744 4433764.0087739965 1.9861953333333333
v -13581421.5754404 4433763.627794634 1.9861953333333333
v -13581419.88413169 4433763.246830219 1.9861953333333333
v -13581418.192564506 4433762.86701513 1.9861953333333333
v -13581416.50099732 4433762.487200041 1.9861953333333333
v -13581414.854793102 4433761.95392898 1.9861953333333333
v -13581413.22859433 4433761.35298256 1.9861953333333333
v -13581411.615229184 4433760.719958824 1.9861953333333333
v -13581410.023290776 4433760.033379512 1.9861953333333333
v -13581408.426932849 4433759.360535694 1.9861953333333333
v -13581406.73331779 4433758.989959013 1.9861953333333333
v -13581405.03970273 4433758.619382331 1.9861953333333333
v -13581403.345039792 4433758.253640306 1.9861953333333333
v -13581401.649976837 4433757.889743856 1.9861953333333333
v -13581399.974963859 4433757.452266809 1.9861953333333333
v -13581398.329612998 4433756.905933947 1.9861953333333333
v -13581396.686100373 4433756.354383502 1.9861953333333333
v -13581395.061653456 4433755.748717534 1.9861953333333333
v -13581393.43720654 4433755.1430515675 1.9861953333333333
v -13581391.808102475 4433754.550072775 1.9861953333333333
v -13581390.177592356 4433753.96092441 1.9861953333333333
v -13581388.543710446 4433753.381300313 1.9861953333333333
v -13581386.905704428 4433752.813325554 1.9861953333333333
v -13581385.276380304 4433752.2238631565 1.9861953333333333
v -13581383.703568058 4433751.494534231 1.9861953333333333
v -13581382.13075581 4433750.765205305 1.9861953333333333
v -13581380.559587162 4433750.032345035 1.9861953333333333
v -13581378.988846276 4433749.298565695 1.9861953333333333
v -13581377.391002966 4433748.630382923 1.9861953333333333
v -13581375.760407306 4433748.041471354 1.9861953333333333
v -13581374.13019657 4433747.451501992 1.9861953333333333
v -13581372.50246192 4433746.8547282005 1.9861953333333333
v -13581370.87472727 4433746.257954409 1.9861953333333333
v -13581369.216340814 4433745.754743337 1.9861953333333333
v -13581367.551022962 4433745.272689921 1.9861953333333333
v -13581365.916505514 4433744.702323017 1.9861953333333333
v -13581364.312596288 4433744.0441936655 1.9861953333333333
v -13581362.706730796 4433743.390952126 1.9861953333333333
v -13581361.091650652 4433742.760733773 1.9861953333333333
v -13581359.476570506 4433742.130515421 1.9861953333333333
v -13581357.85422066 4433741.519313062 1.9861953333333333
v -13581356.230613139 4433740.911400517 1.9861953333333333
v -13581354.602547113 4433740.315655094 1.9861953333333333
v -13581352.97056596 4433739.730593934 1.9861953333333333
v -13581351.336935882 4433739.15023109 1.9861953333333333
v -13581349.6972678 4433738.587072474 1.9861953333333333
v -13581348.057599718 4433738.0239138575 1.9861953333333333
v -13581346.368659895 4433737.637487573 1.9861953333333333
v -13581344.674134452 4433737.271096297 1.9861953333333333
v -13581342.957798516 4433737.157119886 1.9861953333333333
v -13581341.225540433 4433737.227411997 1.9861953333333333
v -13581339.493827231 4433737.269643524 1.9861953333333333
v -13581337.765603812 4433737.132155839 1.9861953333333333
v -13581336.037380394 4433736.994668156 1.9861953333333333
v -13581334.316449316 4433737.138116512 1.9861953333333333
v -13581332.597686028 4433737.365078649 1.9861953333333333
v -13581330.887933454 4433737.436070326 1.9861953333333333
v -13581329.206741903 4433737.012686319 1.9861953333333333
v -13581327.525550352 4433736.589302312 1.9861953333333333
v -13581325.813729892 4433736.318489083 1.9861953333333333
v -13581324.099392492 4433736.060213396 1.9861953333333333
v -13581322.419989686 4433735.650011114 1.9861953333333333
v -13581320.76502365 4433735.133536075 1.9861953333333333
v -13581319.127372395 4433734.570345271 1.9861953333333333
v -13581317.53557601 4433733.883436754 1.9861953333333333
v -13581315.943779623 4433733.196528237 1.9861953333333333
v -13581314.29100573 4433732.674877925 1.9861953333333333
v -13581312.63454028 4433732.163232283 1.9861953333333333
v -13581311.014927033 4433731.550325684 1.9861953333333333
v -13581309.417077137 4433730.877618649 1.9861953333333333
v -13581307.816964796 4433730.210372058 1.9861953333333333
v -13581306.211572591 4433729.555868493 1.9861953333333333
v -13581304.606180387 4433728.901364929 1.9861953333333333
v -13581302.956007414 4433728.370206087 1.9861953333333333
v -13581301.304642074 4433727.842331517 1.9861953333333333
v -13581299.711350393 4433727.16830795 1.9861953333333333
v -13581298.148050874 4433726.418805673 1.9861953333333333
v -13581296.558140354 4433725.735620116 1.9861953333333333
v -13581294.91037479 4433725.19661391 1.9861953333333333
v -13581293.262609225 4433724.657607704 1.9861953333333333
v -13581963.049863648 4433864.331316862 1.8893028
v -13581961.376171947 4433863.837315952 1.8893028
v -13581959.702480245 4433863.343315043 1.8893028
v -13581958.028788544 4433862.849314133 1.8893028
v -13581956.355096843 4433862.355313224 1.8893028
v -13581954.652697043 4433862.06222833 1.8893028
v -13581952.907632442 4433862.067736605 1.8893028
v -13581951.162919857 4433862.075376683 1.8893028
v -13581949.508723015 4433862.631176666 1.8893028
v -13581947.854526175 4433863.186976649 1.8893028
v -13581946.187676268 4433863.57080056 1.8893028
v -13581944.469946906 4433863.263088607 1.8893028
v -13581942.752217544 4433862.955376654 1.8893028
v -13581941.076008324 4433862.474194593 1.8893028
v -13581939.405106975 4433861.97083638 1.8893028
v -13581937.734205626 4433861.467478166 1.8893028
v -13581936.063304277 4433860.964119953 1.8893028
v -13581934.371287609 4433860.623616683 1.8893028
v -13581932.627266452 4433860.6842055395 1.8893028
v -13581930.883245293 4433860.744794397 1.8893028
v -13581929.144767756 4433860.892455092 1.8893028
v -13581927.407144438 4433861.053532776 1.8893028
v -13581925.696483744 4433860.951179908 1.8893028
v -13581924.027520752 4433860.4414316 1.8893028
v -13581922.358557759 4433859.931683291 1.8893028
v -13581920.689594766 4433859.421934983 1.8893028
v -13581919.020631773 4433858.912186675 1.8893028
v -13581917.3117012 4433858.569869627 1.8893028
v -13581915.592443557 4433858.27081451 1.8893028
v -13581913.90081839 4433858.371698098 1.8893028
v -13581912.239025282 4433858.904356028 1.8893028
v -13581910.577232173 4433859.437013959 1.8893028
v -13581908.877664767 4433859.37044715 1.8893028
v -13581907.16213665 4433859.050690861 1.8893028
v -13581905.465856824 4433858.653222175 1.8893028
v -13581903.799409296 4433858.135309589 1.8893028
v -13581902.132961769 4433857.617397003 1.8893028
v -13581900.466514241 4433857.099484417 1.8893028
v -13581898.800066713 4433856.581571831 1.8893028
v -13581897.087023748 4433856.683584583 1.8893028
v -13581895.361881211 4433856.9465751415 1.8893028
v -13581893.634967567 4433857.19669623 1.8893028
v -13581891.902916579 4433857.409487633 1.8893028
v -13581890.17086559 4433857.622279036 1.8893028
v -13581888.490107799 4433857.279434167 1.8893028
v -13581886.826283649 4433856.75315477 1.8893028
v -13581885.162459498 4433856.226875373 1.8893028
v -13581883.498635348 4433855.700595976 1.8893028
v -13581881.823425371 4433855.231203066 1.8893028
v -13581880.08521705 4433855.076565938 1.8893028
v -13581878.34700873 4433854.92192881 1.8893028
v -13581876.60417941 4433854.84109631 1.8893028
v -13581874.860257573 4433854.777713057 1.8893028
v -13581873.151923256 4433854.510324884 1.8893028
v -13581871.489544354 4433853.97949799 1.8893028
v -13581869.82716545 4433853.448671095 1.8893028
v -13581868.16478655 4433852.9178442005 1.8893028
v -13581866.502407646 4433852.387017307 1.8893028
v -13581864.781493695 4433852.477350279 1.8893028
v -13581863.049215171 4433852.688281372 1.8893028
v -13581861.319097096 4433852.742392644 1.8893028
v -13581859.593286736 4433852.483820778 1.8893028
v -13581857.868347334 4433852.221539815 1.8893028
v -13581856.20782188 4433851.684943111 1.8893028
v -13581854.547296425 4433851.148346406 1.8893028
v -13581852.886770971 4433850.611749702 1.8893028
v -13581851.226245515 4433850.075152998 1.8893028
v -13581849.55390751 4433849.942209762 1.8893028
v -13581847.86484457 4433850.380783808 1.8893028
v -13581846.17578163 4433850.819357855 1.8893028
v -13581844.49772072 4433851.297663112 1.8893028
v -13581842.823650368 4433851.790379325 1.8893028
v -13581841.149580017 4433852.283095539 1.8893028
v -13581839.436574291 4433851.950533316 1.8893028
v -13581837.723551767 4433851.6176149575 1.8893028
v -13581836.049865998 4433851.134634321 1.8893028
v -13581834.393811056 4433850.584395428 1.8893028
v -13581832.72666062 4433850.070998023 1.8893028
v -13581831.042171959 4433849.615170476 1.8893028
v -13581829.352192272 4433849.198933263 1.8893028
v -13581827.607231574 4433849.179109725 1.8893028
v -13581825.862270877 4433849.159286187 1.8893028
v -13581824.180621322 4433848.764280815 1.8893028
v -13581822.525782451 4433848.210395343 1.8893028
v -13581820.870943578 4433847.656509871 1.8893028
v -13581819.216104707 4433847.102624399 1.8893028
v -13581817.556408927 4433846.643832436 1.8893028
v -13581815.85374916 4433847.026233434 1.8893028
v -13581814.15108939 4433847.408634432 1.8893028
v -13581812.433730496 4433847.51690412 1.8893028
v -13581810.699941894 4433847.318768075 1.8893028
v -13581808.977492549 4433847.070117271 1.8893028
v -13581807.325362913 4433846.508202264 1.8893028
v -13581805.673233276 4433845.9462872585 1.8893028
v -13581803.986199208 4433845.503313999 1.8893028
v -13581802.29241492 4433845.083343046 1.8893028
v -13581800.58408854 4433844.733347538 1.8893028
v -13581798.863221742 4433844.443695548 1.8893028
v -13581797.157781295 4433844.09313565 1.8893028
v -13581795.506506337 4433843.528713984 1.8893028
v -13581793.855231376 4433842.9642923195 1.8893028
v -13581792.134074165 4433842.690036239 1.8893028
v -13581790.406890277 4433842.4408041565 1.8893028
v -13581788.67811799 4433842.478280722 1.8893028
v -13581786.94827866 4433842.7083604885 1.8893028
v -13581785.225128422 4433842.87222612 1.8893028
v -13581783.57625671 4433842.300821813 1.8893028
v -13581781.927384997 4433841.729417506 1.8893028
v -13581780.278513283 4433841.158013198 1.8893028
v -13581778.62964157 4433840.5866088895 1.8893028
v -13581776.935102886 4433840.261165693 1.8893028
v -13581775.19101237 4433840.202607357 1.8893028
v -13581773.457091313 4433840.089572902 1.8893028
v -13581771.80933826 4433839.514950686 1.8893028
v -13581770.16158521 4433838.940328471 1.8893028
v -13581768.490577972 4433838.438749318 1.8893028
v -13581766.813895855 4433837.954995363 1.8893028
v -13581765.103144977 4433837.686926025 1.8893028
v -13581763.358989459 4433837.630336829 1.8893028
v -13581761.627562162 4433837.505797819 1.8893028
v -13581759.981173778 4433836.927277206 1.8893028
v -13581758.334785394 4433836.348756595 1.8893028
v -13581756.624436935 4433836.023424001 1.8893028
v -13581754.9008194 4433835.7506174715 1.8893028
v -13581753.187654058 4433835.422971577 1.8893028
v -13581751.484527986 4433835.042652767 1.8893028
v -13581749.7933368 4433834.620798292 1.8893028
v -13581748.148104567 4433834.038997883 1.8893028
v -13581746.502872337 4433833.457197475 1.8893028
v -13581744.775771337 4433833.238930306 1.8893028
v -13581743.039966693 4433833.059311132 1.8893028
v -13581741.355965162 4433832.650523123 1.8893028
v -13581739.711670477 4433832.066078261 1.8893028
v -13581738.054397585 4433831.524716382 1.8893028
v -13581736.36087631 4433831.103686094 1.8893028
v -13581734.667355036 4433830.682655807 1.8893028
v -13581732.930648122 4433830.519950932 1.8893028
v -13581731.192268461 4433830.367251984 1.8893028
v -13581729.512906363 4433829.945303616 1.8893028
v -13581727.870039431 4433829.356857314 1.8893028
v -13581726.195759058 4433828.924287541 1.8893028
v -13581724.453209009 4433828.830478477 1.8893028
v -13581722.710658962 4433828.736669414 1.8893028
v -13581721.064252043 4433828.168301191 1.8893028
v -13581719.422594925 4433827.576488117 1.8893028
v -13581717.759202756 4433827.051362625 1.8893028
v -13581716.08410058 4433826.562165823 1.8893028
v -13581714.401089773 4433826.102828078 1.8893028
v -13581712.703454917 4433825.698703465 1.8893028
v -13581711.00859728 4433825.285288097 1.8893028
v -13581709.367674941 4433824.691440743 1.8893028
v -13581707.7267526 4433824.097593389 1.8893028
v -13581706.029228555 4433824.179828899 1.8893028
v -13581704.312406925 4433824.492565693 1.8893028
v -13581702.597918488 4433824.685923985 1.8893028
v -13581700.894627858 4433824.3063428495 1.8893028
v -13581699.191337228 4433823.926761714 1.8893028
v -13581697.544821702 4433823.353941985 1.8893028
v -13581695.906906847 4433822.751849189 1.8893028
v -13581694.208574824 4433822.477758486 1.8893028
v -13581692.46362815 4433822.45673662 1.8893028
v -13581690.737861004 4433822.332332529 1.8893028
v -13581689.101492014 4433821.726050959 1.8893028
v -13581687.465123026 4433821.119769389 1.8893028
v -13581685.73766284 4433820.935846866 1.8893028
v -13581683.996864967 4433820.813766697 1.8893028
v -13581682.310923178 4433820.438660622 1.8893028
v -13581680.675864499 4433819.8288541585 1.8893028
v -13581679.023674754 4433819.280630209 1.8893028
v -13581677.308592273 4433818.958492215 1.8893028
v -13581675.59350979 4433818.636354221 1.8893028
v -13581673.95145632 4433818.052353421 1.8893028
v -13581672.317193637 4433817.440416914 1.8893028
v -13581670.628172051 4433817.039708262 1.8893028
v -13581668.902442541 4433816.780597348 1.8893028
v -13581667.178621598 4433816.509755197 1.8893028
v -13581665.459754884 4433816.208461273 1.8893028
v -13581663.74088817 4433815.907167351 1.8893028
v -13581662.094226783 4433815.331975335 1.8893028
v -13581660.450212317 4433814.746742695 1.8893028
v -13581658.74523157 4433814.431924208 1.8893028
v -13581657.009140546 4433814.255094468 1.8893028
v -13581655.307057729 4433813.93466223 1.8893028
v -13581653.676054507 4433813.314090474 1.8893028
v -13581652.043040933 4433812.703524024 1.8893028
v -13581650.298918117 4433812.6459357785 1.8893028
v -13581648.554795299 4433812.588347533 1.8893028
v -13581646.884531168 4433812.165717359 1.8893028
v -13581645.255204206 4433811.54075779 1.8893028
v -13581643.587262522 4433811.104806396 1.8893028
v -13581641.843370393 4433811.040611009 1.8893028
v -13581640.099478263 4433810.976415622 1.8893028
v -13581638.467787558 4433810.366814328 1.8893028
v -13581636.840168847 4433809.737419273 1.8893028
v -13581635.140310938 4433809.4145475365 1.8893028
v -13581633.402927458 4433809.250903235 1.8893028
v -13581631.700713597 4433808.938791342 1.8893028
v -13581630.074543405 4433808.305663146 1.8893028
v -13581628.447641853 4433807.674995858 1.8893028
v -13581626.739634207 4433807.317237999 1.8893028
v -13581625.031626558 4433806.95948014 1.8893028
v -13581623.354437312 4433806.484025478 1.8893028
v -13581621.690281173 4433805.958796807 1.8893028
v -13581620.010764107 4433805.490422046 1.8893028
v -13581618.308534153 4433805.106112283 1.8893028
v -13581616.604383394 4433804.731611854 1.8893028
v -13581614.882922009 4433804.445514833 1.8893028
v -13581613.161460623 4433804.159417812 1.8893028
v -13581611.513634546 4433803.604011647 1.8893028
v -13581609.886093967 4433802.974414576 1.8893028
v -13581608.22162939 4433802.467649305 1.8893028
v -13581606.516702594 4433802.095486135 1.8893028
v -13581604.82607898 4433801.676483446 1.8893028
v -13581603.20408945 4433801.032720467 1.8893028
v -13581601.58209992 4433800.388957487 1.8893028
v -13581599.889527323 4433799.974991141 1.8893028
v -13581598.185826909 4433799.597253526 1.8893028
v -13581596.482522482 4433799.217737739 1.8893028
v -13581594.779529626 4433798.83682287 1.8893028
v -13581593.097729435 4433798.387487994 1.8893028
v -13581591.477589792 4433797.73908353 1.8893028
v -13581589.85745015 4433797.090679068 1.8893028
v -13581588.181560157 4433796.605926756 1.8893028
v -13581586.502520375 4433796.130420474 1.8893028
v -13581584.789042596 4433795.8259425 1.8893028
v -13581583.056818858 4433795.614561971 1.8893028
v -13581581.360848548 4433795.262814289 1.8893028
v -13581579.74291281 4433794.608929932 1.8893028
v -13581578.124389965 4433793.956900928 1.8893028
v -13581576.424818568 4433793.560999589 1.8893028
v -13581574.725247169 4433793.165098251 1.8893028
v -13581573.026225487 4433792.766847464 1.8893028
v -13581571.327434303 4433792.367611534 1.8893028
v -13581569.661938936 4433791.864044737 1.8893028
v -13581568.045932423 4433791.20540693 1.8893028
v -13581566.424575316 4433790.562079448 1.8893028
v -13581564.750091765 4433790.070769318 1.8893028
v -13581563.075608213 4433789.5794591885 1.8893028
v -13581561.368894404 4433789.222508821 1.8893028
v -13581559.653747598 4433788.900713482 1.8893028
v -13581557.950837227 4433788.523927541 1.8893028
v -13581556.261072172 4433788.088066475 1.8893028
v -13581554.578103354 4433787.62942187 1.8893028
v -13581552.925695296 4433787.068326143 1.8893028
v -13581551.273287237 4433786.507230415 1.8893028
v -13581549.584075378 4433786.07188389 1.8893028
v -13581547.889895199 4433785.653512845 1.8893028
v -13581546.185239276 4433785.2823890755 1.8893028
v -13581544.472996673 4433784.9454824515 1.8893028
v -13581542.773174636 4433784.559476679 1.8893028
v -13581541.106693959 4433784.041670764 1.8893028
v -13581539.440213284 4433783.523864849 1.8893028
v -13581537.795969957 4433782.939396042 1.8893028
v -13581536.152361115 4433782.353025181 1.8893028
v -13581534.477186836 4433781.870001774 1.8893028
v -13581532.786441255 4433781.43795989 1.8893028
v -13581531.096042383 4433781.004567293 1.8893028
v -13581529.40623561 4433780.568867998 1.8893028
v -13581527.715152783 4433780.138642038 1.8893028
v -13581526.00688777 4433779.782115107 1.8893028
v -13581524.298622755 4433779.425588177 1.8893028
v -13581522.611208325 4433778.983435516 1.8893028
v -13581520.93027571 4433778.514664409 1.8893028
v -13581519.25400878 4433778.029808114 1.8893028
v -13581517.583137035 4433777.526351636 1.8893028
v -13581515.906538388 4433777.045059625 1.8893028
v -13581514.20091754 4433776.67609034 1.8893028
v -13581512.495296692 4433776.307121055 1.8893028
v -13581510.80762715 4433775.8642779505 1.8893028
v -13581509.122884402 4433775.409390406 1.8893028
v -13581507.427511679 4433774.997765465 1.8893028
v -13581505.723799255 4433774.620082019 1.8893028
v -13581504.016183296 4433774.2620894695 1.8893028
v -13581502.297234802 4433773.961262471 1.8893028
v -13581500.578286307 4433773.660435473 1.8893028
v -13581498.912416546 4433773.143571072 1.8893028
v -13581497.249775013 4433772.6135673495 1.8893028
v -13581495.586264087 4433772.08630307 1.8893028
v -13581493.922270857 4433771.560558513 1.8893028
v -13581492.256644681 4433771.040065933 1.8893028
v -13581490.58790224 4433770.529596079 1.8893028
v -13581488.918836875 4433770.020209816 1.8893028
v -13581487.242888046 4433769.533921493 1.8893028
v -13581485.566939218 4433769.047633171 1.8893028
v -13581483.874905603 4433768.6222493835 1.8893028
v -13581482.177392855 4433768.217612164 1.8893028
v -13581480.489653671 4433767.776037075 1.8893028
v -13581478.814156758 4433767.2881939635 1.8893028
v -13581477.140049372 4433766.795742248 1.8893028
v -13581475.4741327 4433766.276124647 1.8893028
v -13581473.808216028 4433765.756507046 1.8893028
v -13581472.123304345 4433765.303201123 1.8893028
v -13581470.434930777 4433764.8619806515 1.8893028
v -13581468.744795123 4433764.427606723 1.8893028
v -13581467.053193742 4433763.998927852 1.8893028
v -13581465.360848645 4433763.573228569 1.8893028
v -13581463.666216519 4433763.156691941 1.8893028
v -13581461.97158439 4433762.740155314 1.8893028
v -13581460.274264313 4433762.334720179 1.8893028
v -13581458.57678536 4433761.929941208 1.8893028
v -13581456.87758839 4433761.532475459 1.8893028
v -13581455.177434329 4433761.139083825 1.8893028
v -13581453.476426758 4433760.74943609 1.8893028
v -13581451.77375797 4433760.367075263 1.8893028
v -13581450.071184061 4433759.984298598 1.8893028
v -13581448.371175885 4433759.5902770115 1.8893028
v -13581446.671167709 4433759.196255425 1.8893028
v -13581444.96248711 4433758.842602967 1.8893028
v -13581443.250645762 4433758.503663436 1.8893028
v -13581441.547306878 4433758.126981889 1.8893028
v -13581439.855490958 4433757.699150502 1.8893028
v -13581438.165014414 4433757.266278957 1.8893028
v -13581436.483997902 4433756.7978088 1.8893028
v -13581434.802981388 4433756.329338643 1.8893028
v -13581433.076062683 4433756.106142761 1.8893028
v -13581431.339401139 4433755.935006872 1.8893028
v -13581429.609665418 4433755.71082809 1.8893028
v -13581427.887285138 4433755.430316097 1.8893028
v -13581426.17153872 4433755.119360991 1.8893028
v -13581424.488606267 4433754.657820991 1.8893028
v -13581422.805673815 4433754.196280991 1.8893028
v -13581421.077853693 4433753.969840757 1.8893028
v -13581419.34326106 4433753.778871635 1.8893028
v -13581417.61461864 4433753.543638654 1.8893028
v -13581415.89117157 4433753.269757279 1.8893028
v -13581414.204504153 4433752.883201164 1.8893028
v -13581412.651380185 4433752.087533677 1.8893028
v -13581411.09825622 4433751.29186619 1.8893028
v -13581409.516633071 4433750.554881364 1.8893028
v -13581407.930976022 4433749.826202742 1.8893028
v -13581406.279715251 4433749.293111546 1.8893028
v -13581404.57537676 4433748.918263418 1.8893028
v -13581402.865348052 4433748.574727087 1.8893028
v -13581401.138097033 4433748.32596068 1.8893028
v -13581399.410846014 4433748.077194272 1.8893028
v -13581397.814243473 4433747.385078988 1.8893028
v -13581396.228109559 4433746.657438958 1.8893028
v -13581394.556857377 4433746.218830089 1.8893028
v -13581392.829519315 4433745.970668801 1.8893028
v -13581391.110513207 4433745.678769664 1.8893028
v -13581389.412915498 4433745.27448903 1.8893028
v -13581387.71531779 4433744.870208396 1.8893028
v -13581386.143614145 4433744.113962679 1.8893028
v -13581384.57472237 4433743.3498557415 1.8893028
v -13581382.92325031 4433742.815720012 1.8893028
v -13581381.22666141 4433742.40722654 1.8893028
v -13581379.515601726 4433742.087594271 1.8893028
v -13581377.777065553 4433741.936687746 1.8893028
v -13581376.03852938 4433741.7857812205 1.8893028
v -13581374.349589564 4433741.3467643615 1.8893028
v -13581372.660665592 4433740.907655455 1.8893028
v -13581370.96106013 4433740.513037449 1.8893028
v -13581369.25686936 4433740.137518293 1.8893028
v -13581367.560704121 4433739.729378697 1.8893028
v -13581365.876816148 4433739.271337105 1.8893028
v -13581364.19006167 4433738.825669244 1.8893028
v -13581362.476293933 4433738.496608528 1.8893028
v -13581360.762526197 4433738.167547813 1.8893028
v -13581359.029500112 4433737.976086649 1.8893028
v -13581357.291242551 4433737.822004006 1.8893028
v -13581355.552817393 4433737.669839286 1.8893028
v -13581353.81418061 4433737.520096349 1.8893028
v -13581352.081892168 4433737.336879171 1.8893028
v -13581350.409153724 4433736.839659994 1.8893028
v -13581348.736415282 4433736.342440815 1.8893028
v -13581347.0136592 4433736.0958663765 1.8893028
v -13581345.278197948 4433735.91295915 1.8893028
v -13581343.540626382 4433735.753314116 1.8893028
v -13581341.800581899 4433735.620928329 1.8893028
v -13581340.060505876 4433735.488963146 1.8893028
v -13581338.3201746 4433735.3604024295 1.8893028
v -13581336.579843324 4433735.231841714 1.8893028
v -13581334.839305863 4433735.106113511 1.8893028
v -13581333.098702705 4433734.981287797 1.8893028
v -13581331.357994983 4433734.85794191 1.8893028
v -13581329.617134076 4433734.736763898 1.8893028
v -13581327.879193833 4433734.5982329035 1.8893028
v -13581326.194578921 4433734.142872156 1.8893028
v -13581324.509964012 4433733.687511408 1.8893028
v -13581322.822308566 4433733.243604077 1.8893028
v -13581321.133653037 4433732.803463971 1.8893028
v -13581319.452108178 4433732.337804651 1.8893028
v -13581317.779166462 4433731.841269835 1.8893028
v -13581316.114997165 4433731.319768962 1.8893028
v -13581314.499161022 4433730.660713298 1.8893028
v -13581312.88332488 4433730.001657634 1.8893028
v -13581311.221416272 4433729.472706856 1.8893028
v -13581309.550917942 4433728.968012748 1.8893028
v -13581307.890385091 4433728.432270433 1.8893028
v -13581306.238208769 4433727.870492713 1.8893028
v -13581304.595973574 4433727.282380396 1.8893028
v -13581302.984706819 4433726.612230968 1.8893028
v -13581301.373440066 4433725.942081539 1.8893028
v -13581299.741118476 4433725.325184152 1.8893028
v -13581298.10722599 4433724.712259889 1.8893028
v -13581296.496181652 4433724.0432164045 1.8893028
v -13581294.898814596 4433723.340579019 1.8893028
v -13581293.292816548 4433722.658736168 1.8893028
v -13581291.667384008 4433722.023716589 1.8893028
v -13581290.041951468 4433721.3886970095 1.8893028
v -13581961.836475866 4433868.459858254 1.7407297333333334
v -13581960.051892199 4433868.425635663 1.7407297333333334
v -13581958.267308533 4433868.391413071 1.7407297333333334
v -13581956.48503368 4433868.302390159 1.7407297333333334
v -13581954.703895666 4433868.186384016 1.7407297333333334
v -13581952.949604487 4433867.922786047 1.7407297333333334
v -13581951.241706466 4433867.404139343 1.7407297333333334
v -13581949.533808447 4433866.885492639 1.7407297333333334
v -13581947.825910429 4433866.366845935 1.7407297333333334
v -13581946.118012408 4433865.848199231 1.7407297333333334
v -13581944.359624585 4433865.554755052 1.7407297333333334
v -13581942.593774179 4433865.294596657 1.7407297333333334
v -13581940.87237445 4433865.532936759 1.7407297333333334
v -13581939.180413758 4433866.1014251625 1.7407297333333334
v -13581937.488453066 4433866.669913566 1.7407297333333334
v -13581935.769877726 4433866.349039506 1.7407297333333334
v -13581934.046950556 4433865.882743445 1.7407297333333334
v -13581932.334657578 4433865.379719173 1.7407297333333334
v -13581930.629124446 4433864.853347835 1.7407297333333334
v -13581928.923591314 4433864.326976498 1.7407297333333334
v -13581927.218058182 4433863.80060516 1.7407297333333334
v -13581925.504465614 4433863.356810473 1.7407297333333334
v -13581923.729340909 4433863.543471474 1.7407297333333334
v -13581921.954216203 4433863.730132475 1.7407297333333334
v -13581920.233309109 4433864.170081443 1.7407297333333334
v -13581918.537318135 4433864.726430854 1.7407297333333334
v -13581916.84132716 4433865.282780264 1.7407297333333334
v -13581915.133414557 4433865.801310188 1.7407297333333334
v -13581913.424961334 4433866.3181250775 1.7407297333333334
v -13581911.718653597 4433866.548631614 1.7407297333333334
v -13581910.018137433 4433866.006271194 1.7407297333333334
v -13581908.31762127 4433865.463910773 1.7407297333333334
v -13581906.617105106 4433864.921550352 1.7407297333333334
v -13581904.916588943 4433864.379189932 1.7407297333333334
v -13581903.21607278 4433863.836829511 1.7407297333333334
v -13581901.515556615 4433863.294469091 1.7407297333333334
v -13581899.79312647 4433863.241402722 1.7407297333333334
v -13581898.050934605 4433863.629574793 1.7407297333333334
v -13581896.308742741 4433864.017746865 1.7407297333333334
v -13581894.525797237 4433864.05711962 1.7407297333333334
v -13581892.741045684 4433864.081034893 1.7407297333333334
v -13581891.008906458 4433863.757084881 1.7407297333333334
v -13581889.311052054 4433863.206448454 1.7407297333333334
v -13581887.61319765 4433862.655812028 1.7407297333333334
v -13581885.915343247 4433862.1051756 1.7407297333333334
v -13581884.208149673 4433861.607708818 1.7407297333333334
v -13581882.424277944 4433861.546785084 1.7407297333333334
v -13581880.640406214 4433861.48586135 1.7407297333333334
v -13581878.860665988 4433861.35503841 1.7407297333333334
v -13581877.082038177 4433861.205394981 1.7407297333333334
v -13581875.344061663 4433860.855410584 1.7407297333333334
v -13581873.647776911 4433860.299957541 1.7407297333333334
v -13581871.951492157 4433859.744504496 1.7407297333333334
v -13581870.255207404 4433859.189051452 1.7407297333333334
v -13581868.55892265 4433858.633598408 1.7407297333333334
v -13581866.78561294 4433858.831653675 1.7407297333333334
v -13581865.012027083 4433859.032410386 1.7407297333333334
v -13581863.23212911 4433859.118255853 1.7407297333333334
v -13581861.447225166 4433859.112968274 1.7407297333333334
v -13581859.68208601 4433858.986648286 1.7407297333333334
v -13581857.988224797 4433858.423847928 1.7407297333333334
v -13581856.294363584 4433857.86104757 1.7407297333333334
v -13581854.600502374 4433857.298247212 1.7407297333333334
v -13581852.906641161 4433856.735446853 1.7407297333333334
v -13581851.15239733 4433856.691737796 1.7407297333333334
v -13581849.374578094 4433856.850699458 1.7407297333333334
v -13581847.618958578 4433856.800709801 1.7407297333333334
v -13581845.914226558 4433856.271749698 1.7407297333333334
v -13581844.210183633 4433855.740653916 1.7407297333333334
v -13581842.517775685 4433855.173498395 1.7407297333333334
v -13581840.825367736 4433854.6063428745 1.7407297333333334
v -13581839.092138074 4433854.186552304 1.7407297333333334
v -13581837.349130437 4433853.802059876 1.7407297333333334
v -13581835.590183932 4433853.750197641 1.7407297333333334
v -13581833.818398654 4433853.966269333 1.7407297333333334
v -13581832.055241562 4433854.098606274 1.7407297333333334
v -13581830.364746362 4433853.525774689 1.7407297333333334
v -13581828.674251162 4433852.952943105 1.7407297333333334
v -13581826.98375596 4433852.380111519 1.7407297333333334
v -13581825.293260759 4433851.807279933 1.7407297333333334
v -13581823.545561807 4433851.565543458 1.7407297333333334
v -13581821.76086316 4433851.537961091 1.7407297333333334
v -13581820.002360633 4433851.359604368 1.7407297333333334
v -13581818.312950142 4433850.783581592 1.7407297333333334
v -13581816.623539649 4433850.207558815 1.7407297333333334
v -13581814.934129158 4433849.631536039 1.7407297333333334
v -13581813.244718667 4433849.055513262 1.7407297333333334
v -13581811.48125606 4433848.918145007 1.7407297333333334
v -13581809.696375137 4433848.907650121 1.7407297333333334
v -13581807.930180065 4433848.7319686785 1.7407297333333334
v -13581806.188056553 4433848.343489965 1.7407297333333334
v -13581804.455942359 4433847.919581621 1.7407297333333334
v -13581802.768077632 4433847.339045048 1.7407297333333334
v -13581801.080212906 4433846.7585084755 1.7407297333333334
v -13581799.317995459 4433846.487579212 1.7407297333333334
v -13581797.550573247 4433846.238322763 1.7407297333333334
v -13581795.784825888 4433845.977596862 1.7407297333333334
v -13581794.01993016 4433845.711038954 1.7407297333333334
v -13581792.285949046 4433845.319101328 1.7407297333333334
v -13581790.59943505 4433844.7346523665 1.7407297333333334
v -13581788.902106958 4433844.192925424 1.7407297333333334
v -13581787.14063697 4433843.904596576 1.7407297333333334
v -13581785.37916698 4433843.616267726 1.7407297333333334
v -13581783.627261082 4433843.275178942 1.7407297333333334
v -13581781.87666657 4433842.926855952 1.7407297333333334
v -13581780.166695485 4433842.429418436 1.7407297333333334
v -13581778.48132569 4433841.8416781025 1.7407297333333334
v -13581776.76068342 4433841.423911148 1.7407297333333334
v -13581774.980614802 4433841.292511894 1.7407297333333334
v -13581773.2037168 4433841.140572226 1.7407297333333334
v -13581771.46687988 4433840.729102221 1.7407297333333334
v -13581769.73004296 4433840.317632218 1.7407297333333334
v -13581768.036689872 4433839.757886401 1.7407297333333334
v -13581766.352715896 4433839.166158676 1.7407297333333334
v -13581764.623316146 4433838.754838477 1.7407297333333334
v -13581762.859919956 4433838.478534434 1.7407297333333334
v -13581761.120973255 4433838.105373874 1.7407297333333334
v -13581759.437706674 4433837.511636842 1.7407297333333334
v -13581757.754413776 4433836.917974516 1.7407297333333334
v -13581756.070663068 4433836.325611784 1.7407297333333334
v -13581754.386912363 4433835.7332490515 1.7407297333333334
v -13581752.65634166 4433835.304326161 1.7407297333333334
v -13581750.914334727 4433834.915325009 1.7407297333333334
v -13581749.204966746 4433834.412734087 1.7407297333333334
v -13581747.52217532 4433833.817651689 1.7407297333333334
v -13581745.811561536 4433833.346112748 1.7407297333333334
v -13581744.036130007 4433833.162393027 1.7407297333333334
v -13581742.262073908 4433832.972588629 1.7407297333333334
v -13581740.580241429 4433832.374801408 1.7407297333333334
v -13581738.89840895 4433831.777014186 1.7407297333333334
v -13581737.178127192 4433831.306864748 1.7407297333333334
v -13581735.445944324 4433830.87622271 1.7407297333333334
v -13581733.687100666 4433830.638384483 1.7407297333333334
v -13581731.903054446 4433830.582804535 1.7407297333333334
v -13581730.138914261 4433830.422448575 1.7407297333333334
v -13581728.458788114 4433829.819882248 1.7407297333333334
v -13581726.778661968 4433829.217315921 1.7407297333333334
v -13581725.002626728 4433829.0878165765 1.7407297333333334
v -13581723.220483202 4433828.988446071 1.7407297333333334
v -13581721.502733313 4433828.57135254 1.7407297333333334
v -13581719.822529988 4433827.969001446 1.7407297333333334
v -13581718.142024621 4433827.367494633 1.7407297333333334
v -13581716.46102701 4433826.767363749 1.7407297333333334
v -13581714.770169182 4433826.204398264 1.7407297333333334
v -13581713.01275552 4433825.892296887 1.7407297333333334
v -13581711.255341858 4433825.58019551 1.7407297333333334
v -13581709.56672708 4433825.011235637 1.7407297333333334
v -13581707.888595982 4433824.403135258 1.7407297333333334
v -13581706.146830553 4433824.101139347 1.7407297333333334
v -13581704.36537933 4433823.990046661 1.7407297333333334
v -13581702.616451336 4433823.723319905 1.7407297333333334
v -13581700.939592116 4433823.111721015 1.7407297333333334
v -13581699.257151365 4433822.52338406 1.7407297333333334
v -13581697.485343149 4433822.307500543 1.7407297333333334
v -13581695.713534933 4433822.091617026 1.7407297333333334
v -13581694.016631184 4433821.564710706 1.7407297333333334
v -13581692.340803592 4433820.9502907125 1.7407297333333334
v -13581690.62253393 4433820.491956725 1.7407297333333334
v -13581688.866323315 4433820.173155339 1.7407297333333334
v -13581687.123355428 4433819.799841709 1.7407297333333334
v -13581685.41661905 4433819.27738503 1.7407297333333334
v -13581683.709589845 4433818.755937942 1.7407297333333334
v -13581681.988177806 4433818.28407923 1.7407297333333334
v -13581680.266765768 4433817.8122205185 1.7407297333333334
v -13581678.569132464 4433817.262673661 1.7407297333333334
v -13581676.87852184 4433816.690182819 1.7407297333333334
v -13581675.165845564 4433816.193195036 1.7407297333333334
v -13581673.433009498 4433815.7651889445 1.7407297333333334
v -13581671.716301344 4433815.284764917 1.7407297333333334
v -13581670.042575499 4433814.664642475 1.7407297333333334
v -13581668.367268931 4433814.050188699 1.7407297333333334
v -13581666.614163758 4433813.714730359 1.7407297333333334
v -13581664.861058583 4433813.379272019 1.7407297333333334
v -13581663.169032859 4433812.825320188 1.7407297333333334
v -13581661.496108655 4433812.203038375 1.7407297333333334
v -13581659.768484559 4433811.833237867 1.7407297333333334
v -13581657.988018032 4433811.707345075 1.7407297333333334
v -13581656.207197694 4433811.628207594 1.7407297333333334
v -13581654.425029842 4433811.727140897 1.7407297333333334
v -13581652.64286199 4433811.826074201 1.7407297333333334
v -13581650.953510685 4433811.323778323 1.7407297333333334
v -13581649.284147894 4433810.692004696 1.7407297333333334
v -13581647.549741311 4433810.382589303 1.7407297333333334
v -13581645.766012494 4433810.317615825 1.7407297333333334
v -13581644.011225838 4433810.110185817 1.7407297333333334
v -13581642.343556177 4433809.473956338 1.7407297333333334
v -13581640.675886516 4433808.837726859 1.7407297333333334
v -13581638.89238727 4433808.887976694 1.7407297333333334
v -13581637.108286869 4433808.941789367 1.7407297333333334
v -13581635.385747097 4433808.59320111 1.7407297333333334
v -13581633.699335087 4433808.008457934 1.7407297333333334
v -13581631.98959149 4433807.508343881 1.7407297333333334
v -13581630.241783196 4433807.146299387 1.7407297333333334
v -13581628.504385585 4433806.748962464 1.7407297333333334
v -13581626.839904219 4433806.104437964 1.7407297333333334
v -13581625.175422853 4433805.459913463 1.7407297333333334
v -13581623.414060665 4433805.220076186 1.7407297333333334
v -13581621.638156436 4433805.040983421 1.7407297333333334
v -13581619.928049617 4433804.5884328075 1.7407297333333334
v -13581618.265054543 4433803.940083028 1.7407297333333334
v -13581616.565395154 4433803.442773035 1.7407297333333334
v -13581614.790227361 4433803.256522254 1.7407297333333334
v -13581613.019182587 4433803.052450712 1.7407297333333334
v -13581611.342596916 4433802.440102331 1.7407297333333334
v -13581609.666011246 4433801.827753951 1.7407297333333334
v -13581607.916156441 4433801.513388106 1.7407297333333334
v -13581606.14677684 4433801.278428787 1.7407297333333334
v -13581604.402664 4433800.919410053 1.7407297333333334
v -13581602.68233122 4433800.443631557 1.7407297333333334
v -13581600.978304012 4433799.91923403 1.7407297333333334
v -13581599.31897407 4433799.261560709 1.7407297333333334
v -13581597.659029176 4433798.605713701 1.7407297333333334
v -13581595.939851033 4433798.125779791 1.7407297333333334
v -13581594.220672889 4433797.64584588 1.7407297333333334
v -13581592.502035247 4433797.163981324 1.7407297333333334
v -13581590.783565965 4433796.681515393 1.7407297333333334
v -13581589.096183877 4433796.107238026 1.7407297333333334
v -13581587.438107256 4433795.446411295 1.7407297333333334
v -13581585.764794556 4433794.830401475 1.7407297333333334
v -13581584.047511112 4433794.343731544 1.7407297333333334
v -13581582.33049959 4433793.856190677 1.7407297333333334
v -13581580.64137709 4433793.27932394 1.7407297333333334
v -13581578.952254592 4433792.702457203 1.7407297333333334
v -13581577.26350896 4433792.124488507 1.7407297333333334
v -13581575.574882353 4433791.546171784 1.7407297333333334
v -13581573.902490549 4433790.924136491 1.7407297333333334
v -13581572.245683469 4433790.260133214 1.7407297333333334
v -13581570.57422573 4433789.638744344 1.7407297333333334
v -13581568.859371156 4433789.143583926 1.7407297333333334
v -13581567.144411258 4433788.648824503 1.7407297333333334
v -13581565.407571338 4433788.237367165 1.7407297333333334
v -13581563.670731418 4433787.825909829 1.7407297333333334
v -13581561.97210048 4433787.283257187 1.7407297333333334
v -13581560.285933826 4433786.69780688 1.7407297333333334
v -13581558.593721164 4433786.130382563 1.7407297333333334
v -13581556.895554272 4433785.580710615 1.7407297333333334
v -13581555.204120496 4433785.011726885 1.7407297333333334
v -13581553.532314781 4433784.38644639 1.7407297333333334
v -13581551.860430285 4433783.761401196 1.7407297333333334
v -13581550.149156211 4433783.254004815 1.7407297333333334
v -13581548.437882135 4433782.746608433 1.7407297333333334
v -13581546.747285787 4433782.175357581 1.7407297333333334
v -13581545.06342068 4433781.583320128 1.7407297333333334
v -13581543.379820785 4433780.990529429 1.7407297333333334
v -13581541.696482133 4433780.396996757 1.7407297333333334
v -13581540.01327744 4433779.803084703 1.7407297333333334
v -13581538.330468222 4433779.208052609 1.7407297333333334
v -13581536.647660157 4433778.613017268 1.7407297333333334
v -13581534.965383373 4433778.016481543 1.7407297333333334
v -13581533.28310659 4433777.419945819 1.7407297333333334
v -13581531.60123203 4433776.822277403 1.7407297333333334
v -13581529.919490693 4433776.224233821 1.7407297333333334
v -13581528.25267471 4433775.587140676 1.7407297333333334
v -13581526.600777362 4433774.9110155385 1.7407297333333334
v -13581524.941900007 4433774.2531141145 1.7407297333333334
v -13581523.260997241 4433773.652717631 1.7407297333333334
v -13581521.580094475 4433773.052321148 1.7407297333333334
v -13581519.928221624 4433772.376188349 1.7407297333333334
v -13581518.276660176 4433771.699243127 1.7407297333333334
v -13581516.604301855 4433771.076441205 1.7407297333333334
v -13581514.924243866 4433770.473684871 1.7407297333333334
v -13581513.257978749 4433769.835046361 1.7407297333333334
v -13581511.606754301 4433769.157279533 1.7407297333333334
v -13581509.949411143 4433768.495397112 1.7407297333333334
v -13581508.270204179 4433767.890273968 1.7407297333333334
v -13581506.590997215 4433767.285150823 1.7407297333333334
v -13581504.902582265 4433766.706239176 1.7407297333333334
v -13581503.2138534 4433766.128221124 1.7407297333333334
v -13581501.521785283 4433765.560090318 1.7407297333333334
v -13581499.82840103 4433764.995856491 1.7407297333333334
v -13581498.131045977 4433764.443852752 1.7407297333333334
v -13581496.42918206 4433763.905736356 1.7407297333333334
v -13581494.732910153 4433763.351203467 1.7407297333333334
v -13581493.056437831 4433762.738544829 1.7407297333333334
v -13581491.37996551 4433762.125886192 1.7407297333333334
v -13581489.730245925 4433761.444596387 1.7407297333333334
v -13581488.081411572 4433760.761035618 1.7407297333333334
v -13581486.410967378 4433760.133306412 1.7407297333333334
v -13581484.731586086 4433759.5286672395 1.7407297333333334
v -13581483.02514067 4433759.01580867 1.7407297333333334
v -13581481.286387378 4433758.612513443 1.7407297333333334
v -13581479.547100333 4433758.211554234 1.7407297333333334
v -13581477.805736842 4433757.819682779 1.7407297333333334
v -13581476.06437335 4433757.427811324 1.7407297333333334
v -13581474.320673976 4433757.046475906 1.7407297333333334
v -13581472.576857416 4433756.66566906 1.7407297333333334
v -13581470.838207673 4433756.262215501 1.7407297333333334
v -13581469.101782838 4433755.849009939 1.7407297333333334
v -13581467.366589159 4433755.430704921 1.7407297333333334
v -13581465.632910263 4433755.006125678 1.7407297333333334
v -13581463.903213687 4433754.566689538 1.7407297333333334
v -13581462.189603541 4433754.067239522 1.7407297333333334
v -13581460.475993395 4433753.567789507 1.7407297333333334
v -13581458.745555727 4433753.130431978 1.7407297333333334
v -13581457.014248295 4433752.696283819 1.7407297333333334
v -13581455.246954624 4433752.50309583 1.7407297333333334
v -13581453.464345653 4433752.4124575425 1.7407297333333334
v -13581451.696449516 4433752.210534992 1.7407297333333334
v -13581449.951532919 4433751.834800887 1.7407297333333334
v -13581448.20338018 4433751.477510431 1.7407297333333334
v -13581446.434779346 4433751.236759244 1.7407297333333334
v -13581444.66617851 4433750.996008058 1.7407297333333334
v -13581442.89423584 4433750.781488742 1.7407297333333334
v -13581441.121764205 4433750.571121552 1.7407297333333334
v -13581439.363441125 4433750.273415746 1.7407297333333334
v -13581437.615205465 4433749.913440568 1.7407297333333334
v -13581435.87565221 4433749.517183811 1.7407297333333334
v -13581434.153848235 4433749.046757283 1.7407297333333334
v -13581432.43073693 4433748.581489673 1.7407297333333334
v -13581430.692692403 4433748.175150814 1.7407297333333334
v -13581428.954647874 4433747.768811953 1.7407297333333334
v -13581427.226445023 4433747.322850044 1.7407297333333334
v -13581425.500266936 4433746.868736334 1.7407297333333334
v -13581423.796877163 4433746.339640926 1.7407297333333334
v -13581422.10993005 4433745.75644329 1.7407297333333334
v -13581420.428180428 4433745.15882074 1.7407297333333334
v -13581418.75694443 4433744.5320191085 1.7407297333333334
v -13581417.08580898 4433743.9049502285 1.7407297333333334
v -13581415.415874647 4433743.274688873 1.7407297333333334
v -13581413.745940315 4433742.644427518 1.7407297333333334
v -13581412.097987385 4433741.9592915075 1.7407297333333334
v -13581410.45475127 4433741.262380384 1.7407297333333334
v -13581408.827164048 4433740.530453097 1.7407297333333334
v -13581407.211835481 4433739.771095689 1.7407297333333334
v -13581405.604654197 4433738.995189393 1.7407297333333334
v -13581404.01777341 4433738.17804839 1.7407297333333334
v -13581402.430892624 4433737.360907388 1.7407297333333334
v -13581400.849179944 4433736.5338071715 1.7407297333333334
v -13581399.267478785 4433735.706684756 1.7407297333333334
v -13581397.71853838 4433734.820788971 1.7407297333333334
v -13581396.183218176 4433733.910458306 1.7407297333333334
v -13581394.634698426 4433733.023405577 1.7407297333333334
v -13581393.065274196 4433732.173218753 1.7407297333333334
v -13581391.491876733 4433731.3308795495 1.7407297333333334
v -13581389.87764699 4433730.569189072 1.7407297333333334
v -13581388.263417246 4433729.807498595 1.7407297333333334
v -13581386.608001206 4433729.141911023 1.7407297333333334
v -13581384.943162844 4433728.498309222 1.7407297333333334
v -13581383.279085191 4433727.852745813 1.7407297333333334
v -13581381.61560895 4433727.205631572 1.7407297333333334
v -13581379.952550126 4433726.557447676 1.7407297333333334
v -13581378.290452747 4433725.90680004 1.7407297333333334
v -13581376.625830187 4433725.263631342 1.7407297333333334
v -13581374.909505092 4433724.773592347 1.7407297333333334
v -13581373.193179995 4433724.283553353 1.7407297333333334
v -13581371.492093176 4433723.743619402 1.7407297333333334
v -13581369.794841578 4433723.191127718 1.7407297333333334
v -13581368.089395508 4433722.665068587 1.7407297333333334
v -13581366.377256064 4433722.160599986 1.7407297333333334
v -13581364.659281703 4433721.677547259 1.7407297333333334
v -13581362.927874817 4433721.243795902 1.7407297333333334
v -13581361.195630282 4433720.813690047 1.7407297333333334
v -13581359.448545653 4433720.448169393 1.7407297333333334
v -13581357.701461025 4433720.08264874 1.7407297333333334
v -13581355.952219225 4433719.7276358055 1.7407297333333334
v -13581354.202433791 4433719.3752709655 1.7407297333333334
v -13581352.45222116 4433719.025039896 1.7407297333333334
v -13581350.70164838 4433718.676607704 1.7407297333333334
v -13581348.971198102 4433718.255563779 1.7407297333333334
v -13581347.290984785 4433717.653240563 1.7407297333333334
v -13581345.609663127 4433717.054315791 1.7407297333333334
v -13581343.897406045 4433716.550246618 1.7407297333333334
v -13581342.185148962 4433716.046177444 1.7407297333333334
v -13581340.488283876 4433715.493144004 1.7407297333333334
v -13581338.795584274 4433714.926859528 1.7407297333333334
v -13581337.114304295 4433714.328358085 1.7407297333333334
v -13581335.4428347 4433713.702179641 1.7407297333333334
v -13581333.79654256 4433713.019528685 1.7407297333333334
v -13581332.213604277 4433712.194776334 1.7407297333333334
v -13581330.630665995 4433711.370023983 1.7407297333333334
v -13581329.086178351 4433710.475358023 1.7407297333333334
v -13581327.541937064 4433709.580244124 1.7407297333333334
v -13581326.053898366 4433708.597126229 1.7407297333333334
v -13581324.592303092 4433707.572602288 1.7407297333333334
v -13581323.137730058 4433706.538290375 1.7407297333333334
v -13581321.69894229 4433705.48197612 1.7407297333333334
v -13581320.260154521 4433704.425661866 1.7407297333333334
v -13581318.721079672 4433703.5233756555 1.7407297333333334
v -13581317.172985338 4433702.634942213 1.7407297333333334
v -13581315.514922364 4433702.017538904 1.7407297333333334
v -13581313.785453565 4433701.576123318 1.7407297333333334
v -13581312.04588135 4433701.181582877 1.7407297333333334
v -13581310.288133735 4433700.87136784 1.7407297333333334
v -13581308.528233046 4433700.578491628 1.7407297333333334
v -13581306.747997573 4433700.449372664 1.7407297333333334
v -13581304.9677621 4433700.3202537 1.7407297333333334
v -13581303.197317787 4433700.098422209 1.7407297333333334
v -13581301.429383116 4433699.852826911 1.7407297333333334
v -13581299.656306442 4433699.652218064 1.7407297333333334
v -13581297.878551688 4433699.492536866 1.7407297333333334
v -13581296.104343377 4433699.3044388285 1.7407297333333334
v -13581294.341871766 4433699.02229725 1.7407297333333334
v -13581292.579400156 4433698.740155672 1.7407297333333334
v -13581290.870940408 4433698.225298135 1.7407297333333334
v -13581289.164370574 4433697.702297708 1.7407297333333334
v -13581287.50883106 4433697.041510871 1.7407297333333334
v -13581285.873287784 4433696.326732418 1.7407297333333334
v -13581284.359105008 4433695.416197239 1.7407297333333334
v -13581282.991532551 4433694.269176913 1.7407297333333334
v -13581281.623960096 4433693.122156588 1.7407297333333334
v -13581961.399781777 4433869.9457061 1.5702957333333334
v -13581959.715805586 4433869.435496626 1.5702957333333334
v -13581958.031829396 4433868.925287154 1.5702957333333334
v -13581956.293624863 4433868.804816644 1.5702957333333334
v -13581954.534329107 4433868.835928688 1.5702957333333334
v -13581952.800220612 4433868.687073828 1.5702957333333334
v -13581951.117062123 4433868.174173237 1.5702957333333334
v -13581949.433903635 4433867.661272645 1.5702957333333334
v -13581947.750745146 4433867.148372053 1.5702957333333334
v -13581946.067586659 4433866.635471461 1.5702957333333334
v -13581944.38442817 4433866.1225708695 1.5702957333333334
v -13581942.70126968 4433865.609670279 1.5702957333333334
v -13581941.002933422 4433865.543433638 1.5702957333333334
v -13581939.288840583 4433865.940894649 1.5702957333333334
v -13581937.574747745 4433866.338355661 1.5702957333333334
v -13581935.888964793 4433865.936961131 1.5702957333333334
v -13581934.207307018 4433865.419161321 1.5702957333333334
v -13581932.525649244 4433864.901361511 1.5702957333333334
v -13581930.84399147 4433864.383561701 1.5702957333333334
v -13581929.162333693 4433863.86576189 1.5702957333333334
v -13581927.480675919 4433863.347962079 1.5702957333333334
v -13581925.797724329 4433862.858742826 1.5702957333333334
v -13581924.076160064 4433863.222481743 1.5702957333333334
v -13581922.3545958 4433863.58622066 1.5702957333333334
v -13581920.630403513 4433863.9369764915 1.5702957333333334
v -13581918.902903916 4433864.271393384 1.5702957333333334
v -13581917.17540432 4433864.605810276 1.5702957333333334
v -13581915.490650067 4433864.185178551 1.5702957333333334
v -13581913.811931882 4433863.65792646 1.5702957333333334
v -13581912.133213697 4433863.130674368 1.5702957333333334
v -13581910.45449551 4433862.603422277 1.5702957333333334
v -13581908.774301846 4433862.080942955 1.5702957333333334
v -13581907.09090846 4433861.568813844 1.5702957333333334
v -13581905.407792179 4433861.093985094 1.5702957333333334
v -13581903.7321934 4433861.631068179 1.5702957333333334
v -13581902.056594618 4433862.168151266 1.5702957333333334
v -13581900.357438384 4433862.55553454 1.5702957333333334
v -13581898.597871013 4433862.559025061 1.5702957333333334
v -13581896.838303644 4433862.562515583 1.5702957333333334
v -13581895.154342294 4433862.078607132 1.5702957333333334
v -13581893.478522372 4433861.542214456 1.5702957333333334
v -13581891.80270245 4433861.00582178 1.5702957333333334
v -13581890.126882527 4433860.469429105 1.5702957333333334
v -13581888.422585297 4433860.103695346 1.5702957333333334
v -13581886.66339924 4433860.0668995995 1.5702957333333334
v -13581884.90421318 4433860.030103853 1.5702957333333334
v -13581883.175154563 4433860.352120454 1.5702957333333334
v -13581881.446735218 4433860.681750676 1.5702957333333334
v -13581879.741238398 4433860.6476285355 1.5702957333333334
v -13581878.067872468 4433860.103628555 1.5702957333333334
v -13581876.394506538 4433859.559628574 1.5702957333333334
v -13581874.721140608 4433859.015628594 1.5702957333333334
v -13581873.047774678 4433858.471628614 1.5702957333333334
v -13581871.3222607 4433858.139021394 1.5702957333333334
v -13581869.587876724 4433857.842370527 1.5702957333333334
v -13581867.843908003 4433857.805563437 1.5702957333333334
v -13581866.092382157 4433857.973631068 1.5702957333333334
v -13581864.341151232 4433858.1445361795 1.5702957333333334
v -13581862.592500547 4433858.340266337 1.5702957333333334
v -13581860.84384986 4433858.535996495 1.5702957333333334
v -13581859.144614086 4433858.259637532 1.5702957333333334
v -13581857.474397158 4433857.706044784 1.5702957333333334
v -13581855.804180231 4433857.152452036 1.5702957333333334
v -13581854.133963304 4433856.598859289 1.5702957333333334
v -13581852.458711244 4433856.067291476 1.5702957333333334
v -13581850.713860925 4433855.840164025 1.5702957333333334
v -13581848.969010606 4433855.613036575 1.5702957333333334
v -13581847.281293603 4433855.136621542 1.5702957333333334
v -13581845.611683538 4433854.58120121 1.5702957333333334
v -13581843.942073474 4433854.025780878 1.5702957333333334
v -13581842.272463407 4433853.470360546 1.5702957333333334
v -13581840.588464351 4433853.071805028 1.5702957333333334
v -13581838.845670851 4433853.314210325 1.5702957333333334
v -13581837.102877349 4433853.556615622 1.5702957333333334
v -13581835.404045766 4433853.265870333 1.5702957333333334
v -13581833.724497179 4433852.74126948 1.5702957333333334
v -13581832.04975365 4433852.201842928 1.5702957333333334
v -13581830.38178807 4433851.641503439 1.5702957333333334
v -13581828.704539912 4433851.11892097 1.5702957333333334
v -13581826.966898127 4433850.841990394 1.5702957333333334
v -13581825.229256343 4433850.565059817 1.5702957333333334
v -13581823.48330083 4433850.690203123 1.5702957333333334
v -13581821.735696884 4433850.89506886 1.5702957333333334
v -13581820.017237151 4433850.824906247 1.5702957333333334
v -13581818.351382125 4433850.258323023 1.5702957333333334
v -13581816.6855271 4433849.691739799 1.5702957333333334
v -13581815.019672073 4433849.125156576 1.5702957333333334
v -13581813.35381705 4433848.558573353 1.5702957333333334
v -13581811.621557366 4433848.589054847 1.5702957333333334
v -13581809.87192136 4433848.775772192 1.5702957333333334
v -13581808.14173878 4433848.742182602 1.5702957333333334
v -13581806.451895729 4433848.251754241 1.5702957333333334
v -13581804.763220174 4433847.75763903 1.5702957333333334
v -13581803.099098956 4433847.185983463 1.5702957333333334
v -13581801.434977738 4433846.614327897 1.5702957333333334
v -13581799.702233622 4433846.3725762805 1.5702957333333334
v -13581797.94818962 4433846.23322367 1.5702957333333334
v -13581796.2003058 4433846.040348138 1.5702957333333334
v -13581794.460466843 4433845.777574634 1.5702957333333334
v -13581792.730864778 4433845.473283587 1.5702957333333334
v -13581791.068294741 4433844.897132227 1.5702957333333334
v -13581789.405724706 4433844.320980867 1.5702957333333334
v -13581787.680351084 4433843.992940486 1.5702957333333334
v -13581785.943889229 4433843.708705129 1.5702957333333334
v -13581784.197374804 4433843.508905946 1.5702957333333334
v -13581782.442717178 4433843.377505308 1.5702957333333334
v -13581780.708738353 4433843.146917497 1.5702957333333334
v -13581779.047752196 4433842.566215767 1.5702957333333334
v -13581777.386766039 4433841.985514036 1.5702957333333334
v -13581775.664441679 4433841.630452667 1.5702957333333334
v -13581773.938056516 4433841.290329479 1.5702957333333334
v -13581772.1916538 4433841.112249177 1.5702957333333334
v -13581770.43439743 4433841.022029626 1.5702957333333334
v -13581768.706927193 4433840.781160233 1.5702957333333334
v -13581767.047558466 4433840.195852671 1.5702957333333334
v -13581765.386657719 4433839.616344552 1.5702957333333334
v -13581763.654711248 4433839.305779038 1.5702957333333334
v -13581761.922764778 4433838.995213524 1.5702957333333334
v -13581760.212737301 4433838.585307455 1.5702957333333334
v -13581758.510911845 4433838.138228461 1.5702957333333334
v -13581756.828475798 4433837.628202021 1.5702957333333334
v -13581755.17004672 4433837.040237302 1.5702957333333334
v -13581753.49512195 4433836.552704724 1.5702957333333334
v -13581751.735752203 4433836.579305685 1.5702957333333334
v -13581749.976382457 4433836.605906647 1.5702957333333334
v -13581748.296470067 4433836.152381925 1.5702957333333334
v -13581746.639471915 4433835.5603965875 1.5702957333333334
v -13581744.982473765 4433834.968411248 1.5702957333333334
v -13581743.325475613 4433834.37642591 1.5702957333333334
v -13581741.649054946 4433833.869820816 1.5702957333333334
v -13581739.899031721 4433833.68676829 1.5702957333333334
v -13581738.149008498 4433833.503715764 1.5702957333333334
v -13581736.482706485 4433832.954013429 1.5702957333333334
v -13581734.826676838 4433832.359324163 1.5702957333333334
v -13581733.122477524 4433831.9491721885 1.5702957333333334
v -13581731.387065584 4433831.658595322 1.5702957333333334
v -13581729.67651864 4433831.2730006445 1.5702957333333334
v -13581728.021223135 4433830.676270969 1.5702957333333334
v -13581726.365104921 4433830.082044793 1.5702957333333334
v -13581724.678512411 4433829.580551799 1.5702957333333334
v -13581722.991919903 4433829.0790588055 1.5702957333333334
v -13581721.269277008 4433828.73269166 1.5702957333333334
v -13581719.534381066 4433828.439049721 1.5702957333333334
v -13581717.835780475 4433828.007672875 1.5702957333333334
v -13581716.181474324 4433827.408205884 1.5702957333333334
v -13581714.514023904 4433826.858134474 1.5702957333333334
v -13581712.780567495 4433826.556110639 1.5702957333333334
v -13581711.047111088 4433826.254086805 1.5702957333333334
v -13581709.38327953 4433825.691071825 1.5702957333333334
v -13581707.729723366 4433825.089539176 1.5702957333333334
v -13581706.029755339 4433824.661043816 1.5702957333333334
v -13581704.29712147 4433824.3543364825 1.5702957333333334
v -13581702.587874504 4433823.960654136 1.5702957333333334
v -13581700.935075248 4433823.35704488 1.5702957333333334
v -13581699.281793421 4433822.755036945 1.5702957333333334
v -13581697.570687046 4433822.344909544 1.5702957333333334
v -13581695.85958067 4433821.934782144 1.5702957333333334
v -13581694.191139717 4433821.383292395 1.5702957333333334
v -13581692.538848948 4433820.778292618 1.5702957333333334
v -13581690.845179152 4433820.344476822 1.5702957333333334
v -13581689.09897741 4433820.1279843515 1.5702957333333334
v -13581687.361071313 4433819.872609981 1.5702957333333334
v -13581685.678566 4433819.3575707795 1.5702957333333334
v -13581683.996060684 4433818.842531577 1.5702957333333334
v -13581682.301255986 4433818.369897537 1.5702957333333334
v -13581680.604283366 4433817.904737949 1.5702957333333334
v -13581678.924612945 4433817.383049884 1.5702957333333334
v -13581677.258004442 4433816.81868687 1.5702957333333334
v -13581675.575848099 4433816.31079004 1.5702957333333334
v -13581673.855252977 4433815.942494049 1.5702957333333334
v -13581672.134749383 4433815.573868272 1.5702957333333334
v -13581670.470455443 4433815.0027157515 1.5702957333333334
v -13581668.806161506 4433814.431563232 1.5702957333333334
v -13581667.09590562 4433814.033272985 1.5702957333333334
v -13581665.367722288 4433813.702407625 1.5702957333333334
v -13581663.673528647 4433813.250078439 1.5702957333333334
v -13581662.02462052 4433812.635919255 1.5702957333333334
v -13581660.362259042 4433812.075089394 1.5702957333333334
v -13581658.619339166 4433811.833594423 1.5702957333333334
v -13581656.876419289 4433811.592099451 1.5702957333333334
v -13581655.21316713 4433811.035951874 1.5702957333333334
v -13581653.565327488 4433810.418931587 1.5702957333333334
v -13581651.874236764 4433809.954225541 1.5702957333333334
v -13581650.148038413 4433809.613155502 1.5702957333333334
v -13581648.442629134 4433809.199056248 1.5702957333333334
v -13581646.795599626 4433808.5798766995 1.5702957333333334
v -13581645.148570118 4433807.960697151 1.5702957333333334
v -13581643.425228203 4433807.608097438 1.5702957333333334
v -13581641.70004459 4433807.261931269 1.5702957333333334
v -13581640.029167486 4433806.726529363 1.5702957333333334
v -13581638.382955719 4433806.10517895 1.5702957333333334
v -13581636.698978914 4433805.629010835 1.5702957333333334
v -13581634.958657598 4433805.369451152 1.5702957333333334
v -13581633.226966122 4433805.0758716455 1.5702957333333334
v -13581631.573355269 4433804.474489351 1.5702957333333334
v -13581629.919744417 4433803.873107056 1.5702957333333334
v -13581628.21371833 4433803.451690395 1.5702957333333334
v -13581626.49579867 4433803.071109843 1.5702957333333334
v -13581624.768150128 4433802.740994204 1.5702957333333334
v -13581623.031869069 4433802.455656515 1.5702957333333334
v -13581621.315866545 4433802.093957679 1.5702957333333334
v -13581619.666781219 4433801.480274451 1.5702957333333334
v -13581618.017695894 4433800.866591223 1.5702957333333334
v -13581616.300271628 4433800.48819886 1.5702957333333334
v -13581614.579019433 4433800.122986054 1.5702957333333334
v -13581612.9099026 4433799.581859456 1.5702957333333334
v -13581611.267610213 4433798.950222511 1.5702957333333334
v -13581609.596311688 4433798.415899538 1.5702957333333334
v -13581607.876207953 4433798.045315333 1.5702957333333334
v -13581606.15802973 4433797.666824917 1.5702957333333334
v -13581604.460152071 4433797.204979737 1.5702957333333334
v -13581602.76227441 4433796.743134557 1.5702957333333334
v -13581601.110373465 4433796.1413868535 1.5702957333333334
v -13581599.469523255 4433795.506012867 1.5702957333333334
v -13581597.799678812 4433794.958518691 1.5702957333333334
v -13581596.102886315 4433794.492702485 1.5702957333333334
v -13581594.401127724 4433794.046892408 1.5702957333333334
v -13581592.683467343 4433793.665143362 1.5702957333333334
v -13581590.965806963 4433793.283394316 1.5702957333333334
v -13581589.322733827 4433792.656377142 1.5702957333333334
v -13581587.683348808 4433792.017232183 1.5702957333333334
v -13581585.981370272 4433791.602580942 1.5702957333333334
v -13581584.24778932 4433791.301272797 1.5702957333333334
v -13581582.538432466 4433790.904300108 1.5702957333333334
v -13581580.870370701 4433790.344247023 1.5702957333333334
v -13581579.199281063 4433789.794349911 1.5702957333333334
v -13581577.49686165 4433789.349537978 1.5702957333333334
v -13581575.794442235 4433788.904726046 1.5702957333333334
v -13581574.12982971 4433788.33793015 1.5702957333333334
v -13581572.474250963 4433787.741986758 1.5702957333333334
v -13581570.788266104 4433787.248996091 1.5702957333333334
v -13581569.074563878 4433786.849854269 1.5702957333333334
v -13581567.361046424 4433786.449922572 1.5702957333333334
v -13581565.648115776 4433786.047482374 1.5702957333333334
v -13581563.935185129 4433785.645042176 1.5702957333333334
v -13581562.26587832 4433785.089755519 1.5702957333333334
v -13581560.598576184 4433784.5274450155 1.5702957333333334
v -13581558.93524043 4433783.9535708865 1.5702957333333334
v -13581557.273820097 4433783.374112531 1.5702957333333334
v -13581555.611528201 4433782.797168714 1.5702957333333334
v -13581553.947882129 4433782.224131838 1.5702957333333334
v -13581552.281517373 4433781.659628581 1.5702957333333334
v -13581550.592983665 4433781.164710984 1.5702957333333334
v -13581548.904449956 4433780.669793385 1.5702957333333334
v -13581547.216548221 4433780.172725768 1.5702957333333334
v -13581545.528776575 4433779.6752155805 1.5702957333333334
v -13581543.819752844 4433779.2643678505 1.5702957333333334
v -13581542.093295258 4433778.924612471 1.5702957333333334
v -13581540.384262878 4433778.521074307 1.5702957333333334
v -13581538.724872112 4433777.935829227 1.5702957333333334
v -13581537.065481348 4433777.350584147 1.5702957333333334
v -13581535.404382266 4433776.770206067 1.5702957333333334
v -13581533.743242327 4433776.189944385 1.5702957333333334
v -13581532.08324462 4433775.606427564 1.5702957333333334
v -13581530.423750972 4433775.021474277 1.5702957333333334
v -13581528.754202113 4433774.467219238 1.5702957333333334
v -13581527.070223412 4433773.957018055 1.5702957333333334
v -13581525.389610197 4433773.436579778 1.5702957333333334
v -13581523.731392179 4433772.848020078 1.5702957333333334
v -13581522.073174162 4433772.2594603775 1.5702957333333334
v -13581520.394386614 4433771.733165339 1.5702957333333334
v -13581518.71188977 4433771.218098462 1.5702957333333334
v -13581517.043896513 4433770.6592898285 1.5702957333333334
v -13581515.386973163 4433770.067095156 1.5702957333333334
v -13581513.730201326 4433769.474477163 1.5702957333333334
v -13581512.07381255 4433768.880788915 1.5702957333333334
v -13581510.417423774 4433768.287100668 1.5702957333333334
v -13581508.737132756 4433767.7648848565 1.5702957333333334
v -13581507.056832245 4433767.242697429 1.5702957333333334
v -13581505.370884169 4433766.739189683 1.5702957333333334
v -13581503.68273313 4433766.242968375 1.5702957333333334
v -13581501.992961433 4433765.75233827 1.5702957333333334
v -13581500.30112241 4433765.268840356 1.5702957333333334
v -13581498.611564593 4433764.777766183 1.5702957333333334
v -13581496.934033649 4433764.246748814 1.5702957333333334
v -13581495.256502705 4433763.715731446 1.5702957333333334
v -13581493.60104501 4433763.119991871 1.5702957333333334
v -13581491.948625794 4433762.515343011 1.5702957333333334
v -13581490.282242337 4433761.951437839 1.5702957333333334
v -13581488.60632392 4433761.415352981 1.5702957333333334
v -13581486.924061151 4433760.900571117 1.5702957333333334
v -13581485.227915676 4433760.432404435 1.5702957333333334
v -13581483.533313219 4433759.959455019 1.5702957333333334
v -13581481.883364687 4433759.3480964 1.5702957333333334
v -13581480.233416157 4433758.736737781 1.5702957333333334
v -13581478.583899122 4433758.124216315 1.5702957333333334
v -13581476.93452744 4433757.51130313 1.5702957333333334
v -13581475.285424067 4433756.8976689605 1.5702957333333334
v -13581473.636632528 4433756.283196853 1.5702957333333334
v -13581471.987944145 4433755.668448346 1.5702957333333334
v -13581470.339736057 4433755.052412942 1.5702957333333334
v -13581468.691527972 4433754.436377539 1.5702957333333334
v -13581467.023114838 4433753.877777981 1.5702957333333334
v -13581465.35222908 4433753.326207228 1.5702957333333334
v -13581463.681931835 4433752.77285889 1.5702957333333334
v -13581462.012011198 4433752.218373017 1.5702957333333334
v -13581460.342411317 4433751.662923969 1.5702957333333334
v -13581458.673467219 4433751.1055057105 1.5702957333333334
v -13581457.002757527 4433750.554130144 1.5702957333333334
v -13581455.296246178 4433750.125284559 1.5702957333333334
v -13581453.589734832 4433749.696438973 1.5702957333333334
v -13581451.931385243 4433749.114967439 1.5702957333333334
v -13581450.287808988 4433748.486678802 1.5702957333333334
v -13581448.656451052 4433747.828193703 1.5702957333333334
v -13581447.038428975 4433747.136750229 1.5702957333333334
v -13581445.409826076 4433746.473712887 1.5702957333333334
v -13581443.733739445 4433745.938154188 1.5702957333333334
v -13581442.057652814 4433745.402595489 1.5702957333333334
v -13581440.424084991 4433744.750019827 1.5702957333333334
v -13581438.795154728 4433744.0846810285 1.5702957333333334
v -13581437.158807453 4433743.437997776 1.5702957333333334
v -13581435.517714545 4433742.803250909 1.5702957333333334
v -13581433.876824407 4433742.167980569 1.5702957333333334
v -13581432.236361293 4433741.531607812 1.5702957333333334
v -13581430.595919657 4433740.895179766 1.5702957333333334
v -13581428.956089962 4433740.257176566 1.5702957333333334
v -13581427.316260267 4433739.619173366 1.5702957333333334
v -13581425.660840183 4433739.023368362 1.5702957333333334
v -13581424.000102526 4433738.441956333 1.5702957333333334
v -13581422.349768983 4433737.832489885 1.5702957333333334
v -13581420.711513761 4433737.190454576 1.5702957333333334
v -13581419.073371056 4433736.54813258 1.5702957333333334
v -13581417.435762364 4433735.904449983 1.5702957333333334
v -13581415.798153672 4433735.260767386 1.5702957333333334
v -13581414.142570082 4433734.665124063 1.5702957333333334
v -13581412.484653112 4433734.075716875 1.5702957333333334
v -13581410.867845776 4433733.386971727 1.5702957333333334
v -13581409.27826106 4433732.632445421 1.5702957333333334
v -13581407.67508335 4433731.909182976 1.5702957333333334
v -13581406.039131548 4433731.261300873 1.5702957333333334
v -13581404.403182184 4433730.613412624 1.5702957333333334
v -13581402.767889807 4433729.963867897 1.5702957333333334
v -13581401.132597428 4433729.31432317 1.5702957333333334
v -13581399.49777861 4433728.663587983 1.5702957333333334
v -13581397.86314946 4433728.012375989 1.5702957333333334
v -13581396.228646915 4433727.360846412 1.5702957333333334
v -13581394.594316276 4433726.708885622 1.5702957333333334
v -13581392.955136446 4433726.070226905 1.5702957333333334
v -13581391.284653177 4433725.5174383735 1.5702957333333334
v -13581389.614169907 4433724.964649842 1.5702957333333334
v -13581387.959995177 4433724.365172066 1.5702957333333334
v -13581386.308633404 4433723.757641152 1.5702957333333334
v -13581384.638565527 4433723.205988659 1.5702957333333334
v -13581382.954262873 4433722.696857942 1.5702957333333334
v -13581381.285788612 4433722.143033457 1.5702957333333334
v -13581379.656472847 4433721.478639256 1.5702957333333334
v -13581378.027157083 4433720.814245055 1.5702957333333334
v -13581376.379735222 4433720.19611788 1.5702957333333334
v -13581374.732243504 4433719.5781692155 1.5702957333333334
v -13581373.061854523 4433719.026934846 1.5702957333333334
v -13581371.382118842 4433718.50293336 1.5702957333333334
v -13581369.71754692 4433717.935098371 1.5702957333333334
v -13581368.073086467 4433717.3091276605 1.5702957333333334
v -13581366.431437753 4433716.67609322 1.5702957333333334
v -13581364.806640267 4433716.000724697 1.5702957333333334
v -13581363.181842782 4433715.325356173 1.5702957333333334
v -13581361.542273756 4433714.686902395 1.5702957333333334
v -13581359.900091257 4433714.054979812 1.5702957333333334
v -13581358.232315606 4433713.498499449 1.5702957333333334
v -13581356.544604726 4433713.000783161 1.5702957333333334
v -13581354.8659915 4433712.475264038 1.5702957333333334
v -13581353.210519932 4433711.879022975 1.5702957333333334
v -13581351.555048365 4433711.282781914 1.5702957333333334
v -13581349.91796233 4433710.637775079 1.5702957333333334
v -13581348.28091022 4433709.992678261 1.5702957333333334
v -13581346.657194009 4433709.315087718 1.5702957333333334
v -13581345.038950082 4433708.624163622 1.5702957333333334
v -13581343.43627666 4433707.899222253 1.5702957333333334
v -13581341.855713068 4433707.125976984 1.5702957333333334
v -13581340.273214132 4433706.3568195915 1.5702957333333334
v -13581338.673350867 4433705.624339524 1.5702957333333334
v -13581337.073487602 4433704.891859455 1.5702957333333334
v -13581335.473624337 4433704.159379387 1.5702957333333334
v -13581333.873761073 4433703.426899319 1.5702957333333334
v -13581332.27389781 4433702.694419251 1.5702957333333334
v -13581330.674034545 4433701.961939182 1.5702957333333334
v -13581329.077396747 4433701.222620184 1.5702957333333334
v -13581327.494562235 4433700.454034198 1.5702957333333334
v -13581325.91172772 4433699.685448213 1.5702957333333334
v -13581324.313574802 4433698.949366209 1.5702957333333334
v -13581322.713285767 4433698.217816812 1.5702957333333334
v -13581321.095596604 4433697.526630448 1.5702957333333334
v -13581319.465003762 4433696.8653767165 1.5702957333333334
v -13581317.823876636 4433696.232556834 1.5702957333333334
v -13581316.156051384 4433695.671799809 1.5702957333333334
v -13581314.488227054 4433695.111040045 1.5702957333333334
v -13581312.821112197 4433694.548174547 1.5702957333333334
v -13581311.15399734 4433693.98530905 1.5702957333333334
v -13581309.473201768 4433693.465481296 1.5702957333333334
v -13581307.787074085 4433692.962427667 1.5702957333333334
v -13581306.135849755 4433692.365194836 1.5702957333333334
v -13581304.529122056 4433691.647897395 1.5702957333333334
v -13581302.924512953 4433690.92598372 1.5702957333333334
v -13581301.333025657 4433690.175478757 1.5702957333333334
v -13581299.74153836 4433689.424973794 1.5702957333333334
v -13581298.187024876 4433688.601433188 1.5702957333333334
v -13581296.640005246 4433687.763089716 1.5702957333333334
v -13581295.198439067 4433686.771450444 1.5702957333333334
v -13581293.862350672 4433685.626479999 1.5702957333333334
v -13581292.52626228 4433684.481509554 1.5702957333333334
v -13581964.705033412 4433858.699616116 1.3416957333333333
v -13581962.956580998 4433858.804724547 1.3416957333333333
v -13581961.208128585 4433858.909832979 1.3416957333333333
v -13581959.495743163 4433858.684292289 1.3416957333333333
v -13581957.811069451 4433858.204700682 1.3416957333333333
v -13581956.126958802 4433857.723146983 1.3416957333333333
v -13581954.444331758 4433857.236423395 1.3416957333333333
v -13581952.761704711 4433856.749699805 1.3416957333333333
v -13581951.079077667 4433856.262976216 1.3416957333333333
v -13581949.396450622 4433855.776252627 1.3416957333333333
v -13581947.676279478 4433855.785961253 1.3416957333333333
v -13581945.939589744 4433856.014089276 1.3416957333333333
v -13581944.216651427 4433856.302634878 1.3416957333333333
v -13581942.552304275 4433856.848603913 1.3416957333333333
v -13581940.887957124 4433857.394572948 1.3416957333333333
v -13581939.188499644 4433857.686562209 1.3416957333333333
v -13581937.43845296 4433857.612601203 1.3416957333333333
v -13581935.69192742 4433857.517544845 1.3416957333333333
v -13581934.012731723 4433857.019111862 1.3416957333333333
v -13581932.333536027 4433856.52067888 1.3416957333333333
v -13581930.654340332 4433856.022245896 1.3416957333333333
v -13581928.975144636 4433855.523812913 1.3416957333333333
v -13581927.262234878 4433855.2388092885 1.3416957333333333
v -13581925.511164356 4433855.195385217 1.3416957333333333
v -13581923.768269207 4433855.208863998 1.3416957333333333
v -13581922.100252423 4433855.743516813 1.3416957333333333
v -13581920.43223564 4433856.278169629 1.3416957333333333
v -13581918.744089486 4433856.5427595265 1.3416957333333333
v -13581917.01524269 4433856.261294824 1.3416957333333333
v -13581915.287590006 4433855.974678903 1.3416957333333333
v -13581913.611233719 4433855.466778099 1.3416957333333333
v -13581911.934877433 4433854.958877295 1.3416957333333333
v -13581910.258521147 4433854.450976492 1.3416957333333333
v -13581908.58216486 4433853.943075689 1.3416957333333333
v -13581906.879677154 4433853.764469702 1.3416957333333333
v -13581905.144196676 4433854.001621829 1.3416957333333333
v -13581903.408716196 4433854.238773957 1.3416957333333333
v -13581901.676776702 4433854.0094445655 1.3416957333333333
v -13581899.94509637 4433853.745973789 1.3416957333333333
v -13581898.248762242 4433853.327494281 1.3416957333333333
v -13581896.574045302 4433852.814213855 1.3416957333333333
v -13581894.899328362 4433852.300933428 1.3416957333333333
v -13581893.224611424 4433851.787653001 1.3416957333333333
v -13581891.547906129 4433851.306744913 1.3416957333333333
v -13581889.822961906 4433851.611213387 1.3416957333333333
v -13581888.098017683 4433851.915681861 1.3416957333333333
v -13581886.367474517 4433852.1838392755 1.3416957333333333
v -13581884.63093532 4433852.413110392 1.3416957333333333
v -13581882.894396124 4433852.642381508 1.3416957333333333
v -13581881.22096469 4433852.13700521 1.3416957333333333
v -13581879.548967421 4433851.614933614 1.3416957333333333
v -13581877.87697015 4433851.092862017 1.3416957333333333
v -13581876.20497288 4433850.570790421 1.3416957333333333
v -13581874.502082642 4433850.225128305 1.3416957333333333
v -13581872.752174752 4433850.147953182 1.3416957333333333
v -13581871.003918214 4433850.088612388 1.3416957333333333
v -13581869.29793186 4433850.485782608 1.3416957333333333
v -13581867.591945505 4433850.882952829 1.3416957333333333
v -13581865.900786769 4433850.903192529 1.3416957333333333
v -13581864.231271481 4433850.3732375 1.3416957333333333
v -13581862.561756196 4433849.84328247 1.3416957333333333
v -13581860.892240908 4433849.31332744 1.3416957333333333
v -13581859.222725622 4433848.7833724115 1.3416957333333333
v -13581857.494289776 4433848.531370924 1.3416957333333333
v -13581855.753345486 4433848.338377139 1.3416957333333333
v -13581854.039756011 4433848.47838204 1.3416957333333333
v -13581852.35364557 4433848.952897801 1.3416957333333333
v -13581850.66753513 4433849.427413563 1.3416957333333333
v -13581848.996677544 4433849.096610213 1.3416957333333333
v -13581847.329744723 4433848.558587355 1.3416957333333333
v -13581845.662811901 4433848.0205644965 1.3416957333333333
v -13581843.995879082 4433847.482541638 1.3416957333333333
v -13581842.313680448 4433847.013700613 1.3416957333333333
v -13581840.575124403 4433846.800260917 1.3416957333333333
v -13581838.836568357 4433846.586821223 1.3416957333333333
v -13581837.102400795 4433846.340522321 1.3416957333333333
v -13581835.36876567 4433846.090236717 1.3416957333333333
v -13581833.674346074 4433845.671592481 1.3416957333333333
v -13581832.008552037 4433845.1300540725 1.3416957333333333
v -13581830.334219452 4433844.61777033 1.3416957333333333
v -13581828.638655117 4433844.178230558 1.3416957333333333
v -13581826.943090782 4433843.738690786 1.3416957333333333
v -13581825.257678386 4433844.2115570735 1.3416957333333333
v -13581823.57231374 4433844.688714948 1.3416957333333333
v -13581821.89279016 4433844.870772638 1.3416957333333333
v -13581820.22762743 4433844.327296129 1.3416957333333333
v -13581818.562464703 4433843.783819621 1.3416957333333333
v -13581816.89900436 4433843.235154651 1.3416957333333333
v -13581815.235547736 4433842.68647835 1.3416957333333333
v -13581813.510843176 4433842.475278352 1.3416957333333333
v -13581811.760668078 4433842.4044210985 1.3416957333333333
v -13581810.014709154 4433842.282688799 1.3416957333333333
v -13581808.2767461 4433842.064473199 1.3416957333333333
v -13581806.540682115 4433841.837891367 1.3416957333333333
v -13581804.878829492 4433841.284375794 1.3416957333333333
v -13581803.216976872 4433840.73086022 1.3416957333333333
v -13581801.5101805 4433840.352621224 1.3416957333333333
v -13581799.787028706 4433840.038166906 1.3416957333333333
v -13581798.05260891 4433839.820711441 1.3416957333333333
v -13581796.303259185 4433839.731777967 1.3416957333333333
v -13581794.560582878 4433839.607660492 1.3416957333333333
v -13581792.900164755 4433839.049856509 1.3416957333333333
v -13581791.239746634 4433838.492052525 1.3416957333333333
v -13581789.53909247 4433838.080285616 1.3416957333333333
v -13581787.827291034 4433837.70897783 1.3416957333333333
v -13581786.096413841 4433837.495760053 1.3416957333333333
v -13581784.345422998 4433837.449233782 1.3416957333333333
v -13581782.605222955 4433837.342254335 1.3416957333333333
v -13581780.946269037 4433836.780110652 1.3416957333333333
v -13581779.287315119 4433836.217966968 1.3416957333333333
v -13581777.58031516 4433835.834532798 1.3416957333333333
v -13581775.863125294 4433835.489000471 1.3416957333333333
v -13581774.150168851 4433835.123568149 1.3416957333333333
v -13581772.441027869 4433834.740200534 1.3416957333333333
v -13581770.74366527 4433834.31499738 1.3416957333333333
v -13581769.085561672 4433833.7503505135 1.3416957333333333
v -13581767.427458074 4433833.185703648 1.3416957333333333
v -13581765.683013806 4433833.082955873 1.3416957333333333
v -13581763.932903294 4433833.010520978 1.3416957333333333
v -13581762.236586906 4433832.651809972 1.3416957333333333
v -13581760.579560421 4433832.08400996 1.3416957333333333
v -13581758.922533935 4433831.516209949 1.3416957333333333
v -13581757.26550745 4433830.948409937 1.3416957333333333
v -13581755.608480966 4433830.380609926 1.3416957333333333
v -13581753.866486391 4433830.200480556 1.3416957333333333
v -13581752.123875797 4433830.023161804 1.3416957333333333
v -13581750.438584311 4433829.585278221 1.3416957333333333
v -13581748.78243107 4433829.014936158 1.3416957333333333
v -13581747.099256951 4433828.552202518 1.3416957333333333
v -13581745.370126266 4433828.272487139 1.3416957333333333
v -13581743.645547021 4433827.974690358 1.3416957333333333
v -13581741.990055552 4433827.402430259 1.3416957333333333
v -13581740.334564084 4433826.830170158 1.3416957333333333
v -13581738.656077137 4433826.331125227 1.3416957333333333
v -13581736.970681485 4433825.854076887 1.3416957333333333
v -13581735.285554433 4433825.376081708 1.3416957333333333
v -13581733.600720063 4433824.897054808 1.3416957333333333
v -13581731.92149026 4433824.400244235 1.3416957333333333
v -13581730.266443264 4433823.826699929 1.3416957333333333
v -13581728.61139627 4433823.253155624 1.3416957333333333
v -13581726.930030316 4433822.763005434 1.3416957333333333
v -13581725.245584305 4433822.282614693 1.3416957333333333
v -13581723.579055348 4433821.74549052 1.3416957333333333
v -13581721.924231585 4433821.171302452 1.3416957333333333
v -13581720.252836376 4433820.654993645 1.3416957333333333
v -13581718.544880068 4433820.266382184 1.3416957333333333
v -13581716.837842857 4433819.874565298 1.3416957333333333
v -13581715.183467561 4433819.299086362 1.3416957333333333
v -13581713.529092265 4433818.723607427 1.3416957333333333
v -13581711.822874745 4433818.348619792 1.3416957333333333
v -13581710.096904462 4433818.0500227185 1.3416957333333333
v -13581708.401193952 4433817.634684138 1.3416957333333333
v -13581706.7474964 4433817.057260525 1.3416957333333333
v -13581705.08310554 4433816.52587224 1.3416957333333333
v -13581703.344206262 4433816.315247146 1.3416957333333333
v -13581701.605306987 4433816.104622053 1.3416957333333333
v -13581699.935604649 4433815.597162784 1.3416957333333333
v -13581698.282820271 4433815.017130517 1.3416957333333333
v -13581696.59351247 4433814.576045864 1.3416957333333333
v -13581694.869138077 4433814.268366519 1.3416957333333333
v -13581693.159662692 4433813.904143248 1.3416957333333333
v -13581691.507570427 4433813.322142582 1.3416957333333333
v -13581689.855478162 4433812.740141918 1.3416957333333333
v -13581688.125366 4433812.487392567 1.3416957333333333
v -13581686.387783064 4433812.266170601 1.3416957333333333
v -13581684.701446123 4433811.829453619 1.3416957333333333
v -13581683.050286442 4433811.24481242 1.3416957333333333
v -13581681.373471932 4433810.767313303 1.3416957333333333
v -13581679.636584237 4433810.540697407 1.3416957333333333
v -13581677.899696544 4433810.314081511 1.3416957333333333
v -13581676.247812815 4433809.733722484 1.3416957333333333
v -13581674.597597037 4433809.146422299 1.3416957333333333
v -13581672.888347408 4433808.803098636 1.3416957333333333
v -13581671.152182236 4433808.5710121915 1.3416957333333333
v -13581669.448126554 4433808.206692417 1.3416957333333333
v -13581667.798866166 4433807.616714624 1.3416957333333333
v -13581666.144208807 4433807.046579584 1.3416957333333333
v -13581664.423328467 4433806.719923072 1.3416957333333333
v -13581662.702448126 4433806.39326656 1.3416957333333333
v -13581661.037558228 4433805.861249867 1.3416957333333333
v -13581659.389022026 4433805.269251538 1.3416957333333333
v -13581657.715483613 4433804.760047957 1.3416957333333333
v -13581656.014822375 4433804.3406615285 1.3416957333333333
v -13581654.32400604 4433803.888722015 1.3416957333333333
v -13581652.67595631 4433803.295370757 1.3416957333333333
v -13581651.027906582 4433802.702019499 1.3416957333333333
v -13581649.333667742 4433802.260828077 1.3416957333333333
v -13581647.63387857 4433801.837921007 1.3416957333333333
v -13581645.934409121 4433801.413732304 1.3416957333333333
v -13581644.23515247 4433800.98869059 1.3416957333333333
v -13581642.551979654 4433800.51093999 1.3416957333333333
v -13581640.904911803 4433799.914868585 1.3416957333333333
v -13581639.256541755 4433799.324543445 1.3416957333333333
v -13581637.513418037 4433799.15234203 1.3416957333333333
v -13581635.770294318 4433798.980140615 1.3416957333333333
v -13581634.093572441 4433798.516333225 1.3416957333333333
v -13581632.447748924 4433797.916834624 1.3416957333333333
v -13581630.782030188 4433797.381731958 1.3416957333333333
v -13581629.084866231 4433796.948409763 1.3416957333333333
v -13581627.387756007 4433796.514877679 1.3416957333333333
v -13581625.691153333 4433796.079363052 1.3416957333333333
v -13581623.994550657 4433795.643848426 1.3416957333333333
v -13581622.339588787 4433795.0742594125 1.3416957333333333
v -13581620.694774546 4433794.47199723 1.3416957333333333
v -13581619.03603277 4433793.9108457025 1.3416957333333333
v -13581617.36384955 4433793.389370003 1.3416957333333333
v -13581615.69769547 4433792.8501101155 1.3416957333333333
v -13581614.053135492 4433792.247153978 1.3416957333333333
v -13581612.408575514 4433791.644197841 1.3416957333333333
v -13581610.753129782 4433791.071882477 1.3416957333333333
v -13581609.09677623 4433790.502122407 1.3416957333333333
v -13581607.389882484 4433790.436066588 1.3416957333333333
v -13581605.6533508 4433790.665394591 1.3416957333333333
v -13581603.928692123 4433790.789542026 1.3416957333333333
v -13581602.286981361 4433790.178870756 1.3416957333333333
v -13581600.6452706 4433789.568199486 1.3416957333333333
v -13581598.94515194 4433789.157338811 1.3416957333333333
v -13581597.233005961 4433788.787623007 1.3416957333333333
v -13581595.531715924 4433788.373042065 1.3416957333333333
v -13581593.83994564 4433787.919118139 1.3416957333333333
v -13581592.156942556 4433787.43659455 1.3416957333333333
v -13581590.501424767 4433786.864410594 1.3416957333333333
v -13581588.845906978 4433786.292226639 1.3416957333333333
v -13581587.168600991 4433785.787740287 1.3416957333333333
v -13581585.490124248 4433785.286891557 1.3416957333333333
v -13581583.803981712 4433784.812916569 1.3416957333333333
v -13581582.11386685 4433784.35286725 1.3416957333333333
v -13581580.406418346 4433783.9796676515 1.3416957333333333
v -13581578.66918965 4433783.755680857 1.3416957333333333
v -13581576.936811345 4433783.512313311 1.3416957333333333
v -13581575.298870306 4433782.891601801 1.3416957333333333
v -13581573.660929266 4433782.270890291 1.3416957333333333
v -13581571.970444564 4433781.824256057 1.3416957333333333
v -13581570.262617398 4433781.435077443 1.3416957333333333
v -13581568.574883316 4433780.973563777 1.3416957333333333
v -13581566.911008237 4433780.426157758 1.3416957333333333
v -13581565.243348436 4433779.891187147 1.3416957333333333
v -13581563.556629665 4433779.418838324 1.3416957333333333
v -13581561.869910894 4433778.946489501 1.3416957333333333
v -13581560.20413132 4433778.405583597 1.3416957333333333
v -13581558.541338036 4433777.854900277 1.3416957333333333
v -13581556.87439863 4433777.3170179175 1.3416957333333333
v -13581555.204500409 4433776.788270758 1.3416957333333333
v -13581553.5392538 4433776.2455347935 1.3416957333333333
v -13581551.885244804 4433775.669003899 1.3416957333333333
v -13581550.23123581 4433775.092473006 1.3416957333333333
v -13581548.527263789 4433774.686762162 1.3416957333333333
v -13581546.823273337 4433774.281114323 1.3416957333333333
v -13581545.149937786 4433773.768358775 1.3416957333333333
v -13581543.489355184 4433773.211044643 1.3416957333333333
v -13581541.839664442 4433772.62351159 1.3416957333333333
v -13581540.205374882 4433771.993248744 1.3416957333333333
v -13581538.568113806 4433771.371213676 1.3416957333333333
v -13581536.908246975 4433770.811771341 1.3416957333333333
v -13581535.248380143 4433770.252329004 1.3416957333333333
v -13581533.588895325 4433769.691754783 1.3416957333333333
v -13581531.929492041 4433769.130938978 1.3416957333333333
v -13581530.270336702 4433768.569390533 1.3416957333333333
v -13581528.611399513 4433768.0071974825 1.3416957333333333
v -13581526.952574676 4433767.444673351 1.3416957333333333
v -13581525.294106137 4433766.88109928 1.3416957333333333
v -13581523.6356376 4433766.31752521 1.3416957333333333
v -13581521.977615517 4433765.752639124 1.3416957333333333
v -13581520.319618203 4433765.187680245 1.3416957333333333
v -13581518.647524621 4433764.667008364 1.3416957333333333
v -13581516.968008008 4433764.169657813 1.3416957333333333
v -13581515.289515225 4433763.66888503 1.3416957333333333
v -13581513.612805627 4433763.162151818 1.3416957333333333
v -13581511.934956111 4433762.6594201345 1.3416957333333333
v -13581510.242917987 4433762.20649562 1.3416957333333333
v -13581508.550879864 4433761.753571107 1.3416957333333333
v -13581506.880880278 4433761.226704094 1.3416957333333333
v -13581505.21697472 4433760.679390728 1.3416957333333333
v -13581503.557587443 4433760.118710911 1.3416957333333333
v -13581501.902867133 4433759.544224774 1.3416957333333333
v -13581500.248244887 4433758.969456566 1.3416957333333333
v -13581498.59401756 4433758.393552432 1.3416957333333333
v -13581496.93979023 4433757.817648299 1.3416957333333333
v -13581495.286011936 4433757.240456147 1.3416957333333333
v -13581493.632280312 4433756.663130117 1.3416957333333333
v -13581491.978854073 4433756.084930539 1.3416957333333333
v -13581490.325620895 4433755.506178702 1.3416957333333333
v -13581488.680037472 4433754.906875676 1.3416957333333333
v -13581487.05075518 4433754.263779386 1.3416957333333333
v -13581485.420601428 4433753.623162737 1.3416957333333333
v -13581483.747218914 4433753.105548412 1.3416957333333333
v -13581482.073836401 4433752.587934086 1.3416957333333333
v -13581480.401053676 4433752.068386146 1.3416957333333333
v -13581478.728493666 4433751.548120217 1.3416957333333333
v -13581477.065399906 4433750.999393148 1.3416957333333333
v -13581475.414421087 4433750.4142414015 1.3416957333333333
v -13581473.760533223 4433749.837794148 1.3416957333333333
v -13581472.08947657 4433749.31271959 1.3416957333333333
v -13581470.41841992 4433748.787645031 1.3416957333333333
v -13581468.748088088 4433748.260270208 1.3416957333333333
v -13581467.077879988 4433747.732502716 1.3416957333333333
v -13581465.419648398 4433747.1691983035 1.3416957333333333
v -13581463.770697488 4433746.578356089 1.3416957333333333
v -13581462.111557437 4433746.019490724 1.3416957333333333
v -13581460.424759177 4433745.547425835 1.3416957333333333
v -13581458.73796092 4433745.075360946 1.3416957333333333
v -13581457.11138591 4433744.426034227 1.3416957333333333
v -13581455.486120539 4433743.7728527095 1.3416957333333333
v -13581453.846043225 4433743.15847515 1.3416957333333333
v -13581452.19892333 4433742.562547574 1.3416957333333333
v -13581450.552008921 4433741.966052838 1.3416957333333333
v -13581448.905425357 4433741.368644947 1.3416957333333333
v -13581447.258889463 4433740.771105851 1.3416957333333333
v -13581445.612845212 4433740.172213578 1.3416957333333333
v -13581443.966800964 4433739.573321304 1.3416957333333333
v -13581442.321187057 4433738.973247905 1.3416957333333333
v -13581440.675685132 4433738.372867163 1.3416957333333333
v -13581439.020856744 4433737.799403774 1.3416957333333333
v -13581437.356646184 4433737.253018527 1.3416957333333333
v -13581435.689029332 4433736.717590167 1.3416957333333333
v -13581434.008369287 4433736.224117329 1.3416957333333333
v -13581432.327709245 4433735.730644491 1.3416957333333333
v -13581430.659658056 4433735.196254722 1.3416957333333333
v -13581428.9927516 4433734.658150186 1.3416957333333333
v -13581427.332473908 4433734.100163792 1.3416957333333333
v -13581425.676162243 4433733.530281964 1.3416957333333333
v -13581424.024802344 4433732.946576396 1.3416957333333333
v -13581422.383361764 4433732.33517927 1.3416957333333333
v -13581420.742685527 4433731.721827604 1.3416957333333333
v -13581419.121938935 4433731.057512836 1.3416957333333333
v -13581417.501192344 4433730.393198066 1.3416957333333333
v -13581415.852411183 4433729.803844386 1.3416957333333333
v -13581414.193490697 4433729.241602049 1.3416957333333333
v -13581412.543059118 4433728.655593741 1.3416957333333333
v -13581410.903337136 4433728.039602306 1.3416957333333333
v -13581409.26107599 4433727.430684716 1.3416957333333333
v -13581407.603921475 4433726.863258476 1.3416957333333333
v -13581405.94676696 4433726.295832237 1.3416957333333333
v -13581404.29046818 4433725.725914012 1.3416957333333333
v -13581402.634316724 4433725.155566767 1.3416957333333333
v -13581400.98865986 4433724.556232444 1.3416957333333333
v -13581399.35123492 4433723.934160754 1.3416957333333333
v -13581397.718905292 4433723.299258956 1.3416957333333333
v -13581396.100834914 4433722.628452073 1.3416957333333333
v -13581394.482764535 4433721.957645191 1.3416957333333333
v -13581392.846992342 4433721.331317137 1.3416957333333333
v -13581391.210477633 4433720.706854781 1.3416957333333333
v -13581389.57435878 4433720.081356504 1.3416957333333333
v -13581387.938441742 4433719.455330089 1.3416957333333333
v -13581386.296620177 4433718.84537518 1.3416957333333333
v -13581384.64451486 4433718.263411569 1.3416957333333333
v -13581382.993668841 4433717.678032806 1.3416957333333333
v -13581381.35924194 4433717.048126201 1.3416957333333333
v -13581379.724815039 4433716.418219596 1.3416957333333333
v -13581378.055463834 4433715.891011098 1.3416957333333333
v -13581376.375868635 4433715.393926004 1.3416957333333333
v -13581374.70385693 4433714.872564521 1.3416957333333333
v -13581373.039966045 4433714.325206547 1.3416957333333333
v -13581371.374732962 4433713.782020319 1.3416957333333333
v -13581369.703830084 4433713.256456627 1.3416957333333333
v -13581368.032927206 4433712.730892934 1.3416957333333333
v -13581366.353597503 4433712.233004285 1.3416957333333333
v -13581364.67333875 4433711.7381667895 1.3416957333333333
v -13581362.975899471 4433711.3093770025 1.3416957333333333
v -13581361.267493958 4433710.922745106 1.3416957333333333
v -13581359.566834595 4433710.505878485 1.3416957333333333
v -13581357.882981963 4433710.023411969 1.3416957333333333
v -13581356.2002297 4433709.537613007 1.3416957333333333
v -13581354.56016749 4433708.922527995 1.3416957333333333
v -13581352.92010528 4433708.307442983 1.3416957333333333
v -13581351.260454345 4433707.748538213 1.3416957333333333
v -13581349.593510868 4433707.210548376 1.3416957333333333
v -13581347.939823886 4433706.634873109 1.3416957333333333
v -13581346.303173289 4433706.010766992 1.3416957333333333
v -13581344.665682591 4433705.3888965305 1.3416957333333333
v -13581343.023041405 4433704.780732444 1.3416957333333333
v -13581341.380400216 4433704.172568358 1.3416957333333333
v -13581339.792889021 4433703.434808308 1.3416957333333333
v -13581338.215528417 4433702.673186912 1.3416957333333333
v -13581336.631775144 4433701.925085814 1.3416957333333333
v -13581335.042192882 4433701.18931285 1.3416957333333333
v -13581333.459793078 4433700.438893923 1.3416957333333333
v -13581331.904815357 4433699.632557817 1.3416957333333333
v -13581330.349837638 4433698.826221711 1.3416957333333333
v -13581328.781791842 4433698.045679836 1.3416957333333333
v -13581327.211864468 4433697.268851885 1.3416957333333333
v -13581325.647682393 4433696.480604619 1.3416957333333333
v -13581324.088222621 4433695.6829713425 1.3416957333333333
v -13581322.509891069 4433694.928655626 1.3416957333333333
v -13581320.863843134 4433694.32977348 1.3416957333333333
v -13581319.2177952 4433693.730891333 1.3416957333333333
v -13581317.483952407 4433693.508473199 1.3416957333333333
v -13581315.742793253 4433693.317427591 1.3416957333333333
v -13581313.997512683 4433693.17394073 1.3416957333333333
v -13581312.249445323 4433693.062611792 1.3416957333333333
v -13581310.501650052 4433692.947298755 1.3416957333333333
v -13581308.754677456 4433692.819939523 1.3416957333333333
v -13581307.00770486 4433692.692580291 1.3416957333333333
v -13581305.27419606 4433692.444514613 1.3416957333333333
v -13581303.54209676 4433692.183812415 1.3416957333333333
v -13581301.86012134 4433691.725022437 1.3416957333333333
v -13581300.212486196 4433691.130520917 1.3416957333333333
v -13581298.56968518 4433690.523153292 1.3416957333333333
v -13581296.938221034 4433689.885612419 1.3416957333333333
v -13581295.306756888 4433689.248071546 1.3416957333333333
v -13581965.441979855 4433856.192162233 1.0357104000000001
v -13581963.77219797 4433855.718153619 1.0357104000000001
v -13581962.102416083 4433855.244145005 1.0357104000000001
v -13581960.432634195 4433854.77013639 1.0357104000000001
v -13581958.76285231 4433854.296127776 1.0357104000000001
v -13581957.082544688 4433853.864537289 1.0357104000000001
v -13581955.384869495 4433853.502937162 1.0357104000000001
v -13581953.685107654 4433853.156788126 1.0357104000000001
v -13581951.952330288 4433853.0551106315 1.0357104000000001
v -13581950.219552921 4433852.953433136 1.0357104000000001
v -13581948.530542048 4433852.5942119835 1.0357104000000001
v -13581946.861449424 4433852.117781998 1.0357104000000001
v -13581945.1923568 4433851.641352012 1.0357104000000001
v -13581943.523264179 4433851.164922026 1.0357104000000001
v -13581941.849861598 4433850.719238631 1.0357104000000001
v -13581940.11410384 4433850.718387573 1.0357104000000001
v -13581938.378346084 4433850.717536516 1.0357104000000001
v -13581936.648767358 4433850.835709835 1.0357104000000001
v -13581934.922428537 4433851.016292196 1.0357104000000001
v -13581933.2053476 4433851.092747864 1.0357104000000001
v -13581931.537947217 4433850.610428802 1.0357104000000001
v -13581929.870546835 4433850.128109738 1.0357104000000001
v -13581928.203146452 4433849.645790676 1.0357104000000001
v -13581926.53574607 4433849.163471613 1.0357104000000001
v -13581924.837700289 4433848.834541076 1.0357104000000001
v -13581923.112974852 4433848.639149462 1.0357104000000001
v -13581921.390747687 4433848.4260507515 1.0357104000000001
v -13581919.67928794 4433848.136635397 1.0357104000000001
v -13581917.967828194 4433847.847220042 1.0357104000000001
v -13581916.294916851 4433847.389607439 1.0357104000000001
v -13581914.628237795 4433846.904801663 1.0357104000000001
v -13581912.961558739 4433846.419995886 1.0357104000000001
v -13581911.294879684 4433845.9351901105 1.0357104000000001
v -13581909.738337684 4433845.863826002 1.0357104000000001
v -13581908.533713553 4433847.113520531 1.0357104000000001
v -13581907.329089422 4433848.36321506 1.0357104000000001
v -13581906.124465289 4433849.612909589 1.0357104000000001
v -13581904.919841157 4433850.862604118 1.0357104000000001
v -13581903.603391998 4433851.683776367 1.0357104000000001
v -13581901.941726962 4433851.182054305 1.0357104000000001
v -13581900.280061929 4433850.680332243 1.0357104000000001
v -13581898.618396893 4433850.178610181 1.0357104000000001
v -13581896.956731858 4433849.676888119 1.0357104000000001
v -13581895.260997333 4433849.647981243 1.0357104000000001
v -13581893.544567078 4433849.90628899 1.0357104000000001
v -13581891.833564427 4433850.186827425 1.0357104000000001
v -13581890.191215837 4433850.748562969 1.0357104000000001
v -13581888.548867246 4433851.310298514 1.0357104000000001
v -13581886.902622879 4433851.611290638 1.0357104000000001
v -13581885.244225308 4433851.098871657 1.0357104000000001
v -13581883.585827738 4433850.586452675 1.0357104000000001
v -13581881.927430168 4433850.074033694 1.0357104000000001
v -13581880.269032596 4433849.561614714 1.0357104000000001
v -13581878.577609653 4433849.188222834 1.0357104000000001
v -13581876.865932986 4433848.900093171 1.0357104000000001
v -13581875.1518833 4433848.764745807 1.0357104000000001
v -13581873.432083983 4433848.999577703 1.0357104000000001
v -13581871.712284664 4433849.234409599 1.0357104000000001
v -13581869.994945962 4433849.486417516 1.0357104000000001
v -13581868.278387848 4433849.743874221 1.0357104000000001
v -13581866.574750898 4433849.83685516 1.0357104000000001
v -13581864.919454042 4433849.314506586 1.0357104000000001
v -13581863.264157185 4433848.792158011 1.0357104000000001
v -13581861.60886033 4433848.269809436 1.0357104000000001
v -13581859.953563474 4433847.747460861 1.0357104000000001
v -13581858.251872024 4433847.574423564 1.0357104000000001
v -13581856.51761452 4433847.646580537 1.0357104000000001
v -13581854.795094026 4433847.631053305 1.0357104000000001
v -13581853.14086618 4433847.105329089 1.0357104000000001
v -13581851.486638336 4433846.5796048725 1.0357104000000001
v -13581849.832410492 4433846.053880657 1.0357104000000001
v -13581848.178182647 4433845.528156441 1.0357104000000001
v -13581846.481332762 4433845.270431112 1.0357104000000001
v -13581844.745626556 4433845.257026586 1.0357104000000001
v -13581843.011996923 4433845.215901599 1.0357104000000001
v -13581841.293665418 4433844.9705598885 1.0357104000000001
v -13581839.575333914 4433844.725218178 1.0357104000000001
v -13581837.908406923 4433844.25645493 1.0357104000000001
v -13581836.255633036 4433843.726177458 1.0357104000000001
v -13581834.589565584 4433843.241914423 1.0357104000000001
v -13581832.90863865 4433842.809086098 1.0357104000000001
v -13581831.221530711 4433842.483025691 1.0357104000000001
v -13581829.501886148 4433842.718988177 1.0357104000000001
v -13581827.782241587 4433842.954950665 1.0357104000000001
v -13581826.105501333 4433842.7080602795 1.0357104000000001
v -13581824.45440331 4433842.17258756 1.0357104000000001
v -13581822.803305287 4433841.63711484 1.0357104000000001
v -13581821.152207265 4433841.101642118 1.0357104000000001
v -13581819.5009675 4433840.5671582995 1.0357104000000001
v -13581817.765933556 4433840.617287444 1.0357104000000001
v -13581816.030899614 4433840.6674165875 1.0357104000000001
v -13581814.344450712 4433840.381124184 1.0357104000000001
v -13581812.694494205 4433839.842144369 1.0357104000000001
v -13581811.044537697 4433839.303164555 1.0357104000000001
v -13581809.39458119 4433838.764184741 1.0357104000000001
v -13581807.744624684 4433838.225204928 1.0357104000000001
v -13581806.02127767 4433838.356569064 1.0357104000000001
v -13581804.293787155 4433838.52577968 1.0357104000000001
v -13581802.582393184 4433838.442287374 1.0357104000000001
v -13581800.890333645 4433838.055259948 1.0357104000000001
v -13581799.204359965 4433837.646405355 1.0357104000000001
v -13581797.556153195 4433837.10209831 1.0357104000000001
v -13581795.907946426 4433836.557791265 1.0357104000000001
v -13581794.18850097 4433836.406977734 1.0357104000000001
v -13581792.454079006 4433836.33888834 1.0357104000000001
v -13581790.756720671 4433836.06329173 1.0357104000000001
v -13581789.105971904 4433835.526743296 1.0357104000000001
v -13581787.455685386 4433834.98878832 1.0357104000000001
v -13581785.808470588 4433834.4414866455 1.0357104000000001
v -13581784.161255788 4433833.894184971 1.0357104000000001
v -13581782.441785667 4433833.817768784 1.0357104000000001
v -13581780.706257354 4433833.846003293 1.0357104000000001
v -13581779.006296495 4433833.644136679 1.0357104000000001
v -13581777.360291276 4433833.093207887 1.0357104000000001
v -13581775.714286057 4433832.542279095 1.0357104000000001
v -13581774.068280838 4433831.991350303 1.0357104000000001
v -13581772.42227562 4433831.440421511 1.0357104000000001
v -13581770.71324794 4433831.1855203835 1.0357104000000001
v -13581768.985572027 4433831.018213311 1.0357104000000001
v -13581767.292409332 4433830.689379296 1.0357104000000001
v -13581765.647222355 4433830.136011855 1.0357104000000001
v -13581763.994552154 4433829.613563689 1.0357104000000001
v -13581762.278401487 4433829.353404897 1.0357104000000001
v -13581760.562250817 4433829.093246104 1.0357104000000001
v -13581758.88076659 4433828.671957809 1.0357104000000001
v -13581757.209469594 4433828.20331928 1.0357104000000001
v -13581755.550603803 4433827.694447312 1.0357104000000001
v -13581753.906244716 4433827.138624583 1.0357104000000001
v -13581752.249697888 4433826.63870084 1.0357104000000001
v -13581750.523207624 4433826.459572164 1.0357104000000001
v -13581748.796717359 4433826.280443489 1.0357104000000001
v -13581747.136448978 4433825.798682032 1.0357104000000001
v -13581745.492927566 4433825.240387232 1.0357104000000001
v -13581743.824266288 4433824.772293174 1.0357104000000001
v -13581742.128902476 4433824.40000665 1.0357104000000001
v -13581740.44232345 4433823.996246698 1.0357104000000001
v -13581738.799224593 4433823.436709514 1.0357104000000001
v -13581737.156125735 4433822.8771723285 1.0357104000000001
v -13581735.475205386 4433822.447946743 1.0357104000000001
v -13581733.787859656 4433822.0408594 1.0357104000000001
v -13581732.078327607 4433821.767419085 1.0357104000000001
v -13581730.34995461 4433821.607473785 1.0357104000000001
v -13581728.637643004 4433821.3726843465 1.0357104000000001
v -13581726.995826887 4433820.809394408 1.0357104000000001
v -13581725.35401077 4433820.2461044695 1.0357104000000001
v -13581723.667201607 4433819.841718515 1.0357104000000001
v -13581721.973789752 4433819.460651589 1.0357104000000001
v -13581720.309305178 4433818.977570183 1.0357104000000001
v -13581718.66792173 4433818.4130207235 1.0357104000000001
v -13581717.009689359 4433817.9143575 1.0357104000000001
v -13581715.298791893 4433817.621636521 1.0357104000000001
v -13581713.587894425 4433817.328915542 1.0357104000000001
v -13581711.941229485 4433816.785622478 1.0357104000000001
v -13581710.300499875 4433816.219175605 1.0357104000000001
v -13581708.618000843 4433815.814818535 1.0357104000000001
v -13581706.90785 4433815.517766669 1.0357104000000001
v -13581705.216998942 4433815.146000112 1.0357104000000001
v -13581703.57692903 4433814.577646003 1.0357104000000001
v -13581701.936859116 4433814.009291894 1.0357104000000001
v -13581700.217222065 4433813.784032557 1.0357104000000001
v -13581698.494401967 4433813.572498574 1.0357104000000001
v -13581696.823354559 4433813.1385086775 1.0357104000000001
v -13581695.184173467 4433812.567596195 1.0357104000000001
v -13581693.522890585 4433812.082881636 1.0357104000000001
v -13581691.811236965 4433811.7946151 1.0357104000000001
v -13581690.099583343 4433811.506348563 1.0357104000000001
v -13581688.437289882 4433811.0077990405 1.0357104000000001
v -13581686.776143843 4433810.504361312 1.0357104000000001
v -13581685.08899947 4433810.103366241 1.0357104000000001
v -13581683.3888156 4433809.753751418 1.0357104000000001
v -13581681.705885837 4433809.338971212 1.0357104000000001
v -13581680.055459676 4433808.801431255 1.0357104000000001
v -13581678.403722782 4433808.2685445845 1.0357104000000001
v -13581676.71537803 4433807.865620625 1.0357104000000001
v -13581675.027033279 4433807.462696665 1.0357104000000001
v -13581673.37556819 4433806.934583266 1.0357104000000001
v -13581671.738426266 4433806.357849325 1.0357104000000001
v -13581670.07330352 4433805.885488093 1.0357104000000001
v -13581668.367211353 4433805.565949005 1.0357104000000001
v -13581666.666886952 4433805.224946678 1.0357104000000001
v -13581665.030437093 4433804.6462519625 1.0357104000000001
v -13581663.393987235 4433804.067557247 1.0357104000000001
v -13581661.70470443 4433803.684412931 1.0357104000000001
v -13581659.999481129 4433803.36026913 1.0357104000000001
v -13581658.32523185 4433802.921754924 1.0357104000000001
v -13581656.68948034 4433802.341089175 1.0357104000000001
v -13581655.044738172 4433801.793442514 1.0357104000000001
v -13581653.340405516 4433801.464647877 1.0357104000000001
v -13581651.636072861 4433801.13585324 1.0357104000000001
v -13581649.958009876 4433800.69554818 1.0357104000000001
v -13581648.286135266 4433800.2289745025 1.0357104000000001
v -13581646.624485506 4433799.72846569 1.0357104000000001
v -13581644.973146733 4433799.193735876 1.0357104000000001
v -13581643.31569093 4433798.680384707 1.0357104000000001
v -13581641.63143273 4433798.260706211 1.0357104000000001
v -13581639.947174534 4433797.841027716 1.0357104000000001
v -13581638.306686321 4433797.276825109 1.0357104000000001
v -13581636.672589134 4433796.691519976 1.0357104000000001
v -13581635.011015227 4433796.196603001 1.0357104000000001
v -13581633.327629076 4433795.773440175 1.0357104000000001
v -13581631.649920104 4433795.329863253 1.0357104000000001
v -13581629.98976036 4433794.823182549 1.0357104000000001
v -13581628.329600614 4433794.316501846 1.0357104000000001
v -13581626.694430998 4433793.7345866375 1.0357104000000001
v -13581625.061053626 4433793.147275749 1.0357104000000001
v -13581623.39760496 4433792.658119098 1.0357104000000001
v -13581621.71555169 4433792.229688805 1.0357104000000001
v -13581620.040516652 4433791.776279978 1.0357104000000001
v -13581618.381471902 4433791.265960242 1.0357104000000001
v -13581616.722427152 4433790.755640506 1.0357104000000001
v -13581615.085915843 4433790.177148191 1.0357104000000001
v -13581613.449549157 4433789.598218328 1.0357104000000001
v -13581611.78498794 4433789.110597145 1.0357104000000001
v -13581610.107097765 4433788.666142108 1.0357104000000001
v -13581608.428386597 4433788.22481859 1.0357104000000001
v -13581606.74825903 4433787.788897644 1.0357104000000001
v -13581605.069373004 4433787.348622672 1.0357104000000001
v -13581603.41201079 4433786.832864774 1.0357104000000001
v -13581601.754648577 4433786.3171068765 1.0357104000000001
v -13581600.116558041 4433785.744170627 1.0357104000000001
v -13581598.485132644 4433785.151459155 1.0357104000000001
v -13581596.842882387 4433784.590803001 1.0357104000000001
v -13581595.186121536 4433784.073116609 1.0357104000000001
v -13581593.529405555 4433783.555286815 1.0357104000000001
v -13581591.873032479 4433783.036361052 1.0357104000000001
v -13581590.216659402 4433782.517435288 1.0357104000000001
v -13581588.543086857 4433782.058004852 1.0357104000000001
v -13581586.865324546 4433781.613067394 1.0357104000000001
v -13581585.196689595 4433781.136227215 1.0357104000000001
v -13581583.537475955 4433780.62645686 1.0357104000000001
v -13581581.86576876 4433780.179869263 1.0357104000000001
v -13581580.137408018 4433780.01979161 1.0357104000000001
v -13581578.409047274 4433779.859713955 1.0357104000000001
v -13581576.72422006 4433779.457893786 1.0357104000000001
v -13581575.048594963 4433779.004974095 1.0357104000000001
v -13581573.384514512 4433778.512921 1.0357104000000001
v -13581571.73136163 4433777.983826245 1.0357104000000001
v -13581570.079290051 4433777.451410079 1.0357104000000001
v -13581568.43149422 4433776.905860259 1.0357104000000001
v -13581566.783698386 4433776.360310439 1.0357104000000001
v -13581565.148976613 4433775.776922963 1.0357104000000001
v -13581563.515882323 4433775.188825396 1.0357104000000001
v -13581561.859545888 4433774.674028682 1.0357104000000001
v -13581560.185955632 4433774.213646914 1.0357104000000001
v -13581558.518159721 4433773.733893745 1.0357104000000001
v -13581556.866654553 4433773.199678065 1.0357104000000001
v -13581555.215149384 4433772.665462386 1.0357104000000001
v -13581553.543761473 4433772.197414832 1.0357104000000001
v -13581551.8713337 4433771.732827855 1.0357104000000001
v -13581550.212926576 4433771.2217427585 1.0357104000000001
v -13581548.562446505 4433770.684368352 1.0357104000000001
v -13581546.919940358 4433770.124168298 1.0357104000000001
v -13581545.293872839 4433769.516912061 1.0357104000000001
v -13581543.667580143 4433768.910299137 1.0357104000000001
v -13581542.017758435 4433768.370906842 1.0357104000000001
v -13581540.367936727 4433767.831514546 1.0357104000000001
v -13581538.718412412 4433767.291213837 1.0357104000000001
v -13581537.069017256 4433766.750518611 1.0357104000000001
v -13581535.419787152 4433766.2093205545 1.0357104000000001
v -13581533.770820843 4433765.667318869 1.0357104000000001
v -13581532.121885791 4433765.125222217 1.0357104000000001
v -13581530.473350642 4433764.58191054 1.0357104000000001
v -13581528.824815493 4433764.0385988625 1.0357104000000001
v -13581527.17660982 4433763.494288824 1.0357104000000001
v -13581525.52850816 4433762.949663598 1.0357104000000001
v -13581523.880601553 4433762.404448911 1.0357104000000001
v -13581522.232935723 4433761.858506582 1.0357104000000001
v -13581520.583706653 4433761.317461452 1.0357104000000001
v -13581518.92445934 4433760.807800714 1.0357104000000001
v -13581517.265212025 4433760.298139975 1.0357104000000001
v -13581515.609026054 4433759.778639262 1.0357104000000001
v -13581513.953495836 4433759.257030774 1.0357104000000001
v -13581512.302770983 4433758.720623866 1.0357104000000001
v -13581510.656627567 4433758.170108139 1.0357104000000001
v -13581509.01501489 4433757.60687585 1.0357104000000001
v -13581507.391623862 4433756.992500326 1.0357104000000001
v -13581505.768232834 4433756.3781248005 1.0357104000000001
v -13581504.125401817 4433755.81820394 1.0357104000000001
v -13581502.479950717 4433755.265622372 1.0357104000000001
v -13581500.84719165 4433754.677513136 1.0357104000000001
v -13581499.224072894 4433754.062418657 1.0357104000000001
v -13581497.600954138 4433753.447324179 1.0357104000000001
v -13581495.977835383 4433752.832229699 1.0357104000000001
v -13581494.354716627 4433752.21713522 1.0357104000000001
v -13581492.711656714 4433751.657710363 1.0357104000000001
v -13581491.067150192 4433751.102323996 1.0357104000000001
v -13581489.422925312 4433750.546104809 1.0357104000000001
v -13581487.778873561 4433749.989373676 1.0357104000000001
v -13581486.1349618 4433749.432229701 1.0357104000000001
v -13581484.491367282 4433748.8741501635 1.0357104000000001
v -13581482.847772762 4433748.3160706265 1.0357104000000001
v -13581481.18590054 4433747.815060684 1.0357104000000001
v -13581479.523898693 4433747.314455475 1.0357104000000001
v -13581477.875217682 4433746.772402355 1.0357104000000001
v -13581476.232756922 4433746.21099487 1.0357104000000001
v -13581474.590467816 4433745.649085865 1.0357104000000001
v -13581472.948473169 4433745.08631656 1.0357104000000001
v -13581471.306504192 4433744.523472457 1.0357104000000001
v -13581469.664978186 4433743.959337645 1.0357104000000001
v -13581468.02345218 4433743.395202833 1.0357104000000001
v -13581466.382275412 4433742.830053178 1.0357104000000001
v -13581464.741220592 4433742.264549165 1.0357104000000001
v -13581463.11813687 4433741.652116696 1.0357104000000001
v -13581461.519117337 4433740.976844716 1.0357104000000001
v -13581459.917880936 4433740.307079876 1.0357104000000001
v -13581458.296971366 4433739.6861870615 1.0357104000000001
v -13581456.676061798 4433739.065294248 1.0357104000000001
v -13581455.05515223 4433738.444401433 1.0357104000000001
v -13581453.434242662 4433737.823508618 1.0357104000000001
v -13581451.796337485 4433737.251660572 1.0357104000000001
v -13581450.138800412 4433736.736464914 1.0357104000000001
v -13581448.484040385 4433736.212836291 1.0357104000000001
v -13581446.844712012 4433735.642346852 1.0357104000000001
v -13581445.205383638 4433735.071857414 1.0357104000000001
v -13581443.566459699 4433734.500207393 1.0357104000000001
v -13581441.927613653 4433733.92833385 1.0357104000000001
v -13581440.294809481 4433733.339676337 1.0357104000000001
v -13581438.6674848 4433732.735797132 1.0357104000000001
v -13581437.035789415 4433732.144392932 1.0357104000000001
v -13581435.387410585 4433731.600607174 1.0357104000000001
v -13581433.739031756 4433731.056821417 1.0357104000000001
v -13581432.118359908 4433730.435941242 1.0357104000000001
v -13581430.500934195 4433729.806028727 1.0357104000000001
v -13581428.881455464 4433729.181432544 1.0357104000000001
v -13581427.260461926 4433728.5607589865 1.0357104000000001
v -13581425.635394879 4433727.951160905 1.0357104000000001
v -13581423.998540016 4433727.3736127475 1.0357104000000001
v -13581422.361685153 4433726.796064591 1.0357104000000001
v -13581420.725296943 4433726.2171956785 1.0357104000000001
v -13581419.088937303 4433725.638245899 1.0357104000000001
v -13581417.452890199 4433725.05841397 1.0357104000000001
v -13581415.817028478 4433724.478058783 1.0357104000000001
v -13581414.17638193 4433723.911800831 1.0357104000000001
v -13581412.525230866 4433723.37649169 1.0357104000000001
v -13581410.874106595 4433722.841107009 1.0357104000000001
v -13581409.254669242 4433722.21638437 1.0357104000000001
v -13581407.63523189 4433721.591661731 1.0357104000000001
v -13581406.030171372 4433720.931396401 1.0357104000000001
v -13581404.431821575 4433720.254540698 1.0357104000000001
v -13581402.820693742 4433719.610428371 1.0357104000000001
v -13581401.186375128 4433719.025741804 1.0357104000000001
v -13581399.551511604 4433718.442638016 1.0357104000000001
v -13581397.90362994 4433717.897347512 1.0357104000000001
v -13581396.255748276 4433717.352057007 1.0357104000000001
v -13581394.607211659 4433716.808751289 1.0357104000000001
v -13581392.958429888 4433716.26618849 1.0357104000000001
v -13581391.316492006 4433715.703803913 1.0357104000000001
v -13581389.684192419 4433715.113504179 1.0357104000000001
v -13581388.055024197 4433714.515176549 1.0357104000000001
v -13581386.454139141 4433713.844339199 1.0357104000000001
v -13581384.853254084 4433713.173501849 1.0357104000000001
v -13581383.229126694 4433712.5620448245 1.0357104000000001
v -13581381.598218797 4433711.96791088 1.0357104000000001
v -13581379.960744446 4433711.392526743 1.0357104000000001
v -13581378.315507602 4433710.839307582 1.0357104000000001
v -13581376.672419393 4433710.279960751 1.0357104000000001
v -13581375.041967465 4433709.684576653 1.0357104000000001
v -13581373.411515536 4433709.089192554 1.0357104000000001
v -13581371.79351862 4433708.460950901 1.0357104000000001
v -13581370.178084988 4433707.825947044 1.0357104000000001
v -13581368.570271332 4433707.172191929 1.0357104000000001
v -13581366.9698087 4433706.500347398 1.0357104000000001
v -13581365.364002991 4433705.842097383 1.0357104000000001
v -13581363.73439025 4433705.24442019 1.0357104000000001
v -13581362.104777507 4433704.646742998 1.0357104000000001
v -13581360.464431671 4433704.07932496 1.0357104000000001
v -13581358.822440485 4433703.5165455565 1.0357104000000001
v -13581357.209148949 4433702.880069244 1.0357104000000001
v -13581355.619001212 4433702.184162719 1.0357104000000001
v -13581354.024062917 4433701.499696741 1.0357104000000001
v -13581352.412499411 4433700.854934163 1.0357104000000001
v -13581350.800935905 4433700.210171586 1.0357104000000001
v -13581349.197980344 4433699.544339068 1.0357104000000001
v -13581347.595959356 4433698.876218966 1.0357104000000001
v -13581346.008869957 4433698.174085593 1.0357104000000001
v -13581344.43272808 4433697.4470144175 1.0357104000000001
v -13581342.850155987 4433696.734615592 1.0357104000000001
v -13581341.24730788 4433696.068482228 1.0357104000000001
v -13581339.644459773 4433695.402348863 1.0357104000000001
v -13581338.028733838 4433694.76817495 1.0357104000000001
v -13581336.41182701 4433694.136931718 1.0357104000000001
v -13581334.788074926 4433693.523716457 1.0357104000000001
v -13581333.159685396 4433692.922714583 1.0357104000000001
v -13581331.527224379 4433692.333185171 1.0357104000000001
v -13581329.884273276 4433691.773214292 1.0357104000000001
v -13581328.241322171 4433691.213243413 1.0357104000000001
v -13581326.570992582 4433690.74148385 1.0357104000000001
v -13581324.899707587 4433690.272802528 1.0357104000000001
v -13581323.258608676 4433689.711837471 1.0357104000000001
v -13581321.633417819 4433689.102238922 1.0357104000000001
v -13581319.99547179 4433688.530530221 1.0357104000000001
v -13581318.33248612 4433688.0332029965 1.0357104000000001
v -13581316.671150994 4433687.531272869 1.0357104000000001
v -13581315.071076415 4433686.85850466 1.0357104000000001
v -13581313.47100184 4433686.185736451 1.0357104000000001
v -13581311.849799585 4433685.566761317 1.0357104000000001
v -13581310.219559764 4433684.970796684 1.0357104000000001
v -13581308.641692104 4433684.2642503455 1.0357104000000001
v -13581307.147717087 4433683.380568071 1.0357104000000001
v -13581305.65374207 4433682.496885797 1.0357104000000001
v -13581966.61975982 4433852.184776136 0.7748016000000001
v -13581964.946198901 4433851.718948676 0.7748016000000001
v -13581963.27263798 4433851.253121218 0.7748016000000001
v -13581961.561721483 4433851.234289506 0.7748016000000001
v -13581959.834056022 4433851.415875383 0.7748016000000001
v -13581958.117012478 4433851.471854487 0.7748016000000001
v -13581956.44437486 4433851.002722556 0.7748016000000001
v -13581954.77173724 4433850.533590624 0.7748016000000001
v -13581953.099099621 4433850.064458692 0.7748016000000001
v -13581951.426462002 4433849.595326761 0.7748016000000001
v -13581949.753824383 4433849.126194829 0.7748016000000001
v -13581948.081186764 4433848.6570628965 0.7748016000000001
v -13581946.393774731 4433848.357922483 0.7748016000000001
v -13581944.665281605 4433848.531453125 0.7748016000000001
v -13581942.936788477 4433848.704983766 0.7748016000000001
v -13581941.252134077 4433848.379888731 0.7748016000000001
v -13581939.580436958 4433847.907416386 0.7748016000000001
v -13581937.908739839 4433847.434944041 0.7748016000000001
v -13581936.23704272 4433846.962471697 0.7748016000000001
v -13581934.563181246 4433846.498149205 0.7748016000000001
v -13581932.877334027 4433846.078958883 0.7748016000000001
v -13581931.191486806 4433845.659768562 0.7748016000000001
v -13581929.463298 4433845.543203552 0.7748016000000001
v -13581927.727138571 4433845.4836064605 0.7748016000000001
v -13581926.020764267 4433845.234135988 0.7748016000000001
v -13581924.349749686 4433844.7592553245 0.7748016000000001
v -13581922.678735107 4433844.28437466 0.7748016000000001
v -13581921.007720526 4433843.809493995 0.7748016000000001
v -13581919.336705945 4433843.334613331 0.7748016000000001
v -13581917.615259623 4433843.378932544 0.7748016000000001
v -13581915.884090696 4433843.523346948 0.7748016000000001
v -13581914.162368434 4433843.735848841 0.7748016000000001
v -13581912.457273327 4433844.068192114 0.7748016000000001
v -13581910.75217822 4433844.400535387 0.7748016000000001
v -13581909.074727485 4433844.112625884 0.7748016000000001
v -13581907.40595913 4433843.629911115 0.7748016000000001
v -13581905.827265555 4433843.783772453 0.7748016000000001
v -13581904.357935132 4433844.710524568 0.7748016000000001
v -13581902.888604712 4433845.637276683 0.7748016000000001
v -13581901.41927429 4433846.564028799 0.7748016000000001
v -13581899.88979841 4433847.387364602 0.7748016000000001
v -13581898.357704204 4433848.206198356 0.7748016000000001
v -13581896.825609997 4433849.0250321105 0.7748016000000001
v -13581895.200774621 4433849.620930074 0.7748016000000001
v -13581893.539961891 4433850.130343901 0.7748016000000001
v -13581891.87914916 4433850.639757728 0.7748016000000001
v -13581890.21833643 4433851.1491715545 0.7748016000000001
v -13581888.557523698 4433851.658585382 0.7748016000000001
v -13581886.883502707 4433852.098726659 0.7748016000000001
v -13581885.15176664 4433852.236173256 0.7748016000000001
v -13581883.420030572 4433852.3736198535 0.7748016000000001
v -13581881.740657207 4433852.043638807 0.7748016000000001
v -13581880.082258936 4433851.526418788 0.7748016000000001
v -13581878.423860665 4433851.00919877 0.7748016000000001
v -13581876.765462393 4433850.4919787515 0.7748016000000001
v -13581875.099614048 4433850.025703203 0.7748016000000001
v -13581873.362555021 4433850.046374624 0.7748016000000001
v -13581871.625495993 4433850.067046044 0.7748016000000001
v -13581869.91908014 4433850.341173246 0.7748016000000001
v -13581868.227144869 4433850.735072237 0.7748016000000001
v -13581866.536157353 4433851.104878516 0.7748016000000001
v -13581864.880392764 4433850.579288376 0.7748016000000001
v -13581863.224628173 4433850.053698236 0.7748016000000001
v -13581861.568863582 4433849.528108097 0.7748016000000001
v -13581859.913098993 4433849.002517957 0.7748016000000001
v -13581858.228539282 4433848.6127667455 0.7748016000000001
v -13581856.501934001 4433848.421362522 0.7748016000000001
v -13581854.778422639 4433848.2137213005 0.7748016000000001
v -13581853.102417381 4433847.756766437 0.7748016000000001
v -13581851.426412122 4433847.299811573 0.7748016000000001
v -13581849.766157115 4433846.78958275 0.7748016000000001
v -13581848.11111391 4433846.261725416 0.7748016000000001
v -13581846.432180015 4433845.82971013 0.7748016000000001
v -13581844.723016514 4433845.518966674 0.7748016000000001
v -13581843.011202153 4433845.262048747 0.7748016000000001
v -13581841.27977604 4433845.403346276 0.7748016000000001
v -13581839.548349928 4433845.544643805 0.7748016000000001
v -13581837.86723569 4433845.251196989 0.7748016000000001
v -13581836.213845942 4433844.718183188 0.7748016000000001
v -13581834.560456194 4433844.185169387 0.7748016000000001
v -13581832.907066446 4433843.652155585 0.7748016000000001
v -13581831.251751754 4433843.1288991645 0.7748016000000001
v -13581829.519811241 4433842.994053215 0.7748016000000001
v -13581827.787870727 4433842.859207265 0.7748016000000001
v -13581826.108603263 4433842.4583474165 0.7748016000000001
v -13581824.455962142 4433841.923016963 0.7748016000000001
v -13581822.803321019 4433841.38768651 0.7748016000000001
v -13581821.150679896 4433840.852356057 0.7748016000000001
v -13581819.494357621 4433840.338540078 0.7748016000000001
v -13581817.757747564 4433840.293965595 0.7748016000000001
v -13581816.021137508 4433840.249391112 0.7748016000000001
v -13581814.340069365 4433839.881917596 0.7748016000000001
v -13581812.688376186 4433839.343669498 0.7748016000000001
v -13581811.036683006 4433838.805421401 0.7748016000000001
v -13581809.384989826 4433838.267173303 0.7748016000000001
v -13581807.731525427 4433837.758126168 0.7748016000000001
v -13581806.026884608 4433838.092791748 0.7748016000000001
v -13581804.32224379 4433838.427457328 0.7748016000000001
v -13581802.633433156 4433838.40904677 0.7748016000000001
v -13581800.965581153 4433837.923175313 0.7748016000000001
v -13581799.299918145 4433837.430253352 0.7748016000000001
v -13581797.650162315 4433836.886096136 0.7748016000000001
v -13581796.000406485 4433836.341938919 0.7748016000000001
v -13581794.28057972 4433836.191937657 0.7748016000000001
v -13581792.544358985 4433836.13415408 0.7748016000000001
v -13581790.845340913 4433835.868197793 0.7748016000000001
v -13581789.19657499 4433835.321048543 0.7748016000000001
v -13581787.547809066 4433834.773899292 0.7748016000000001
v -13581785.899043143 4433834.226750041 0.7748016000000001
v -13581784.25027722 4433833.67960079 0.7748016000000001
v -13581782.531414956 4433833.519818486 0.7748016000000001
v -13581780.79546201 4433833.454482853 0.7748016000000001
v -13581779.096692728 4433833.184730604 0.7748016000000001
v -13581777.44893121 4433832.634563948 0.7748016000000001
v -13581775.800432064 4433832.086652697 0.7748016000000001
v -13581774.146011245 4433831.5568479 0.7748016000000001
v -13581772.491590424 4433831.027043102 0.7748016000000001
v -13581770.772769732 4433830.993648439 0.7748016000000001
v -13581769.03792643 4433831.0837600045 0.7748016000000001
v -13581767.33434223 4433830.94624439 0.7748016000000001
v -13581765.688011736 4433830.3918101955 0.7748016000000001
v -13581764.039416967 4433829.845691464 0.7748016000000001
v -13581762.339271337 4433829.488891512 0.7748016000000001
v -13581760.639125705 4433829.13209156 0.7748016000000001
v -13581758.958915627 4433828.693871116 0.7748016000000001
v -13581757.286247462 4433828.224848108 0.7748016000000001
v -13581755.6247951 4433827.719525293 0.7748016000000001
v -13581753.979086943 4433827.163246556 0.7748016000000001
v -13581752.326067885 4433826.636566561 0.7748016000000001
v -13581750.610619046 4433826.362638369 0.7748016000000001
v -13581748.895170206 4433826.088710179 0.7748016000000001
v -13581747.23436966 4433825.594068369 0.7748016000000001
v -13581745.589289349 4433825.035935638 0.7748016000000001
v -13581743.920135222 4433824.564269939 0.7748016000000001
v -13581742.223317623 4433824.191964407 0.7748016000000001
v -13581740.53434128 4433823.791536146 0.7748016000000001
v -13581738.889682626 4433823.232162137 0.7748016000000001
v -13581737.245023971 4433822.672788126 0.7748016000000001
v -13581735.576657629 4433822.189960413 0.7748016000000001
v -13581733.903740844 4433821.721824956 0.7748016000000001
v -13581732.245897321 4433821.205054202 0.7748016000000001
v -13581730.601450427 4433820.645057961 0.7748016000000001
v -13581728.950901732 4433820.104713777 0.7748016000000001
v -13581727.278470524 4433819.634846531 0.7748016000000001
v -13581725.606039317 4433819.164979284 0.7748016000000001
v -13581723.959226236 4433818.612659001 0.7748016000000001
v -13581722.314991731 4433818.052039463 0.7748016000000001
v -13581720.639302464 4433817.604123398 0.7748016000000001
v -13581718.94238972 4433817.2322517615 0.7748016000000001
v -13581717.253388533 4433816.829208094 0.7748016000000001
v -13581715.584521541 4433816.346834445 0.7748016000000001
v -13581713.91565455 4433815.864460798 0.7748016000000001
v -13581712.2517423 4433815.365272669 0.7748016000000001
v -13581710.587968882 4433814.865613398 0.7748016000000001
v -13581708.914821096 4433814.398943251 0.7748016000000001
v -13581707.236916365 4433813.949013156 0.7748016000000001
v -13581705.56247401 4433813.486691532 0.7748016000000001
v -13581703.894366888 4433813.001696684 0.7748016000000001
v -13581702.22606034 4433812.517400088 0.7748016000000001
v -13581700.5534262 4433812.04825575 0.7748016000000001
v -13581698.880792063 4433811.579111413 0.7748016000000001
v -13581697.198821897 4433811.145178021 0.7748016000000001
v -13581695.513477845 4433810.723969282 0.7748016000000001
v -13581693.842188574 4433810.25380077 0.7748016000000001
v -13581692.190048832 4433809.716924947 0.7748016000000001
v -13581690.53597388 4433809.186363812 0.7748016000000001
v -13581688.866712354 4433808.705357237 0.7748016000000001
v -13581687.197450826 4433808.224350662 0.7748016000000001
v -13581685.550037619 4433807.6743051475 0.7748016000000001
v -13581683.907961916 4433807.107393548 0.7748016000000001
v -13581682.241753137 4433806.623909836 0.7748016000000001
v -13581680.550609605 4433806.226625393 0.7748016000000001
v -13581678.868327437 4433805.798751648 0.7748016000000001
v -13581677.226691239 4433805.230568612 0.7748016000000001
v -13581675.585055038 4433804.6623855755 0.7748016000000001
v -13581673.92048191 4433804.166280178 0.7748016000000001
v -13581672.252392394 4433803.681224781 0.7748016000000001
v -13581670.59509179 4433803.161502917 0.7748016000000001
v -13581668.946346445 4433802.614291658 0.7748016000000001
v -13581667.288838295 4433802.097100153 0.7748016000000001
v -13581665.604619365 4433801.671414862 0.7748016000000001
v -13581663.920400433 4433801.245729573 0.7748016000000001
v -13581662.206282027 4433800.966309507 0.7748016000000001
v -13581660.49011927 4433800.6968902005 0.7748016000000001
v -13581658.813851632 4433800.261963847 0.7748016000000001
v -13581657.163416056 4433799.719871804 0.7748016000000001
v -13581655.501779614 4433799.217075203 0.7748016000000001
v -13581653.813567914 4433798.80751125 0.7748016000000001
v -13581652.125356216 4433798.3979472965 0.7748016000000001
v -13581650.484979043 4433797.8265309855 0.7748016000000001
v -13581648.845353376 4433797.252571886 0.7748016000000001
v -13581647.161541741 4433796.8419378195 0.7748016000000001
v -13581645.456184007 4433796.510944808 0.7748016000000001
v -13581643.760305587 4433796.138764421 0.7748016000000001
v -13581642.081830904 4433795.690965233 0.7748016000000001
v -13581640.40459743 4433795.239007763 0.7748016000000001
v -13581638.755289692 4433794.693493912 0.7748016000000001
v -13581637.105981955 4433794.147980062 0.7748016000000001
v -13581635.445862355 4433793.636775269 0.7748016000000001
v -13581633.781782804 4433793.138136496 0.7748016000000001
v -13581632.114189977 4433792.651599187 0.7748016000000001
v -13581630.441796262 4433792.1815985115 0.7748016000000001
v -13581628.771465221 4433791.704740674 0.7748016000000001
v -13581627.117313271 4433791.174097006 0.7748016000000001
v -13581625.463161323 4433790.643453338 0.7748016000000001
v -13581623.801893687 4433790.135663322 0.7748016000000001
v -13581622.1388809 4433789.633478252 0.7748016000000001
v -13581620.465392858 4433789.169084313 0.7748016000000001
v -13581618.781160401 4433788.743452541 0.7748016000000001
v -13581617.105537083 4433788.289419398 0.7748016000000001
v -13581615.468443567 4433787.708277255 0.7748016000000001
v -13581613.831350049 4433787.127135113 0.7748016000000001
v -13581612.172655132 4433786.611558692 0.7748016000000001
v -13581610.510726012 4433786.105798889 0.7748016000000001
v -13581608.837043276 4433785.642013732 0.7748016000000001
v -13581607.15413837 4433785.211162888 0.7748016000000001
v -13581605.476886217 4433784.760252031 0.7748016000000001
v -13581603.81663027 4433784.249026478 0.7748016000000001
v -13581602.156374324 4433783.737800925 0.7748016000000001
v -13581600.51794352 4433783.160705733 0.7748016000000001
v -13581598.880904265 4433782.579410756 0.7748016000000001
v -13581597.20482408 4433782.13636462 0.7748016000000001
v -13581595.505537743 4433781.775494402 0.7748016000000001
v -13581593.806439098 4433781.413743966 0.7748016000000001
v -13581592.107756136 4433781.05004414 0.7748016000000001
v -13581590.409073172 4433780.6863443125 0.7748016000000001
v -13581588.765608927 4433780.12365166 0.7748016000000001
v -13581587.122408342 4433779.560008861 0.7748016000000001
v -13581585.445841307 4433779.1126229735 0.7748016000000001
v -13581583.75383245 4433778.719040202 0.7748016000000001
v -13581582.074383732 4433778.279305781 0.7748016000000001
v -13581580.41627557 4433777.761156477 0.7748016000000001
v -13581578.758190908 4433777.242932078 0.7748016000000001
v -13581577.10046899 4433776.723548393 0.7748016000000001
v -13581575.44274707 4433776.204164706 0.7748016000000001
v -13581573.785316812 4433775.683851341 0.7748016000000001
v -13581572.127983183 4433775.163229968 0.7748016000000001
v -13581570.47082186 4433774.642060792 0.7748016000000001
v -13581568.81387858 4433774.120198413 0.7748016000000001
v -13581567.156986969 4433773.598172202 0.7748016000000001
v -13581565.50043611 4433773.075065494 0.7748016000000001
v -13581563.843885252 4433772.551958785 0.7748016000000001
v -13581562.20688426 4433771.971246238 0.7748016000000001
v -13581560.574120404 4433771.378048489 0.7748016000000001
v -13581558.92958456 4433770.819471539 0.7748016000000001
v -13581557.273647837 4433770.294423978 0.7748016000000001
v -13581555.62235213 4433769.755736765 0.7748016000000001
v -13581553.989835845 4433769.161858028 0.7748016000000001
v -13581552.357319562 4433768.56797929 0.7748016000000001
v -13581550.724803276 4433767.974100554 0.7748016000000001
v -13581549.092286993 4433767.380221818 0.7748016000000001
v -13581547.43550403 4433766.862475846 0.7748016000000001
v -13581545.760437839 4433766.402090541 0.7748016000000001
v -13581544.0907278 4433765.92368946 0.7748016000000001
v -13581542.436212866 4433765.394178645 0.7748016000000001
v -13581540.78169793 4433764.864667829 0.7748016000000001
v -13581539.1275679 4433764.333955916 0.7748016000000001
v -13581537.473457858 4433763.803181634 0.7748016000000001
v -13581535.81960857 4433763.2715958 0.7748016000000001
v -13581534.16590557 4433762.73955467 0.7748016000000001
v -13581532.51233783 4433762.207093678 0.7748016000000001
v -13581530.859044043 4433761.6737822965 0.7748016000000001
v -13581529.205758655 4433761.140444914 0.7748016000000001
v -13581527.55287626 4433760.6058598785 0.7748016000000001
v -13581525.899993865 4433760.071274843 0.7748016000000001
v -13581524.247405214 4433759.535782774 0.7748016000000001
v -13581522.5949364 4433758.99992067 0.7748016000000001
v -13581520.942633916 4433758.463546329 0.7748016000000001
v -13581519.290580887 4433757.926403733 0.7748016000000001
v -13581517.638565384 4433757.389145886 0.7748016000000001
v -13581515.986930357 4433756.850719363 0.7748016000000001
v -13581514.335295333 4433756.312292842 0.7748016000000001
v -13581512.683987858 4433755.772862885 0.7748016000000001
v -13581511.032773066 4433755.233148993 0.7748016000000001
v -13581509.395687606 4433754.653717288 0.7748016000000001
v -13581507.774594491 4433754.029330798 0.7748016000000001
v -13581506.154268358 4433753.402976495 0.7748016000000001
v -13581504.538221182 4433752.765643851 0.7748016000000001
v -13581502.922174007 4433752.128311206 0.7748016000000001
v -13581501.277398631 4433751.570562595 0.7748016000000001
v -13581499.626877477 4433751.028731169 0.7748016000000001
v -13581497.98722092 4433750.4557274 0.7748016000000001
v -13581496.357478643 4433749.854277915 0.7748016000000001
v -13581494.723546468 4433749.264826531 0.7748016000000001
v -13581493.073683605 4433748.720993925 0.7748016000000001
v -13581491.42382074 4433748.17716132 0.7748016000000001
v -13581489.774342768 4433747.632162582 0.7748016000000001
v -13581488.124908665 4433747.087030937 0.7748016000000001
v -13581486.475727618 4433746.541134616 0.7748016000000001
v -13581484.826724563 4433745.994700453 0.7748016000000001
v -13581483.177841283 4433745.4479053095 0.7748016000000001
v -13581481.529271575 4433744.9001651425 0.7748016000000001
v -13581479.880701868 4433744.3524249755 0.7748016000000001
v -13581478.232552862 4433743.803420273 0.7748016000000001
v -13581476.584418813 4433743.2543706065 0.7748016000000001
v -13581474.936571589 4433742.704461102 0.7748016000000001
v -13581473.28887553 4433742.15409843 0.7748016000000001
v -13581471.65500725 4433741.566503663 0.7748016000000001
v -13581470.047508866 4433740.907906426 0.7748016000000001
v -13581468.439541904 4433740.2505092295 0.7748016000000001
v -13581466.811091958 4433739.645569443 0.7748016000000001
v -13581465.182642011 4433739.040629656 0.7748016000000001
v -13581463.554192064 4433738.435689868 0.7748016000000001
v -13581461.925742118 4433737.830750082 0.7748016000000001
v -13581460.29011412 4433737.246109439 0.7748016000000001
v -13581458.643372664 4433736.692897042 0.7748016000000001
v -13581456.996667393 4433736.139577082 0.7748016000000001
v -13581455.350370407 4433735.5850434005 0.7748016000000001
v -13581453.70407342 4433735.030509719 0.7748016000000001
v -13581452.071926866 4433734.436065138 0.7748016000000001
v -13581450.443999477 4433733.829720528 0.7748016000000001
v -13581448.80802343 4433733.246032353 0.7748016000000001
v -13581447.162414763 4433732.689459364 0.7748016000000001
v -13581445.519390086 4433732.125617606 0.7748016000000001
v -13581443.891725192 4433731.518568706 0.7748016000000001
v -13581442.264060298 4433730.911519806 0.7748016000000001
v -13581440.635927893 4433730.305726212 0.7748016000000001
v -13581439.007698935 4433729.700191877 0.7748016000000001
v -13581437.399483211 4433729.045388514 0.7748016000000001
v -13581435.810206091 4433728.343961678 0.7748016000000001
v -13581434.21065468 4433727.668901567 0.7748016000000001
v -13581432.565804834 4433727.110090007 0.7748016000000001
v -13581430.920954987 4433726.551278448 0.7748016000000001
v -13581429.276500951 4433725.991303381 0.7748016000000001
v -13581427.63210421 4433725.431159888 0.7748016000000001
v -13581425.997113064 4433724.84464912 0.7748016000000001
v -13581424.36944817 4433724.237600219 0.7748016000000001
v -13581422.741783276 4433723.63055132 0.7748016000000001
v -13581421.114118382 4433723.023502419 0.7748016000000001
v -13581419.486453488 4433722.416453519 0.7748016000000001
v -13581417.858788595 4433721.809404619 0.7748016000000001
v -13581416.2311237 4433721.202355718 0.7748016000000001
v -13581414.635946294 4433720.5176620735 0.7748016000000001
v -13581413.060970109 4433719.78468773 0.7748016000000001
v -13581411.47096047 4433719.087708639 0.7748016000000001
v -13581409.842510523 4433718.482768853 0.7748016000000001
v -13581408.214060577 4433717.8778290665 0.7748016000000001
v -13581406.58561063 4433717.272889282 0.7748016000000001
v -13581404.957160683 4433716.667949496 0.7748016000000001
v -13581403.333365995 4433716.050698018 0.7748016000000001
v -13581401.712064812 4433715.426852003 0.7748016000000001
v -13581400.096303422 4433714.789143231 0.7748016000000001
v -13581398.491579235 4433714.123814998 0.7748016000000001
v -13581396.886575516 4433713.459199149 0.7748016000000001
v -13581395.25760624 4433712.855659202 0.7748016000000001
v -13581393.628636962 4433712.252119254 0.7748016000000001
v -13581391.999667685 4433711.648579307 0.7748016000000001
v -13581390.370698407 4433711.0450393595 0.7748016000000001
v -13581388.741729131 4433710.441499412 0.7748016000000001
v -13581387.112759855 4433709.837959465 0.7748016000000001
v -13581385.484738408 4433709.231947899 0.7748016000000001
v -13581383.869908402 4433708.591537538 0.7748016000000001
v -13581382.255078398 4433707.951127177 0.7748016000000001
v -13581380.662064096 4433707.258996368 0.7748016000000001
v -13581379.076400897 4433706.549437639 0.7748016000000001
v -13581377.477834344 4433705.870587041 0.7748016000000001
v -13581375.861261979 4433705.234587698 0.7748016000000001
v -13581374.243335688 4433704.602144784 0.7748016000000001
v -13581372.61308204 4433704.002082775 0.7748016000000001
v -13581370.98282839 4433703.402020766 0.7748016000000001
v -13581369.352574741 4433702.801958757 0.7748016000000001
v -13581367.722321093 4433702.201896748 0.7748016000000001
v -13581366.104172882 4433701.57090276 0.7748016000000001
v -13581364.499677064 4433700.905023981 0.7748016000000001
v -13581362.898164427 4433700.232245166 0.7748016000000001
v -13581361.313930774 4433699.519500398 0.7748016000000001
v -13581359.72969712 4433698.80675563 0.7748016000000001
v -13581358.153324164 4433698.0768451225 0.7748016000000001
v -13581356.578722714 4433697.343066109 0.7748016000000001
v -13581355.02998143 4433696.558413403 0.7748016000000001
v -13581353.50920498 4433695.718746588 0.7748016000000001
v -13581351.992362183 4433694.872275643 0.7748016000000001
v -13581350.505847601 4433693.973345294 0.7748016000000001
v -13581349.01933302 4433693.074414945 0.7748016000000001
v -13581347.50379904 4433692.226077191 0.7748016000000001
v -13581345.97733557 4433691.396793977 0.7748016000000001
v -13581344.438466467 4433690.591557585 0.7748016000000001
v -13581342.877949389 4433689.828283177 0.7748016000000001
v -13581341.316192497 4433689.06783232 0.7748016000000001
v -13581339.69820754 4433688.435435249 0.7748016000000001
v -13581338.080222584 4433687.803038177 0.7748016000000001
v -13581336.445443429 4433687.216265264 0.7748016000000001
v -13581334.80358715 4433686.648718493 0.7748016000000001
v -13581333.176570782 4433686.042160088 0.7748016000000001
v -13581331.572604895 4433685.375005829 0.7748016000000001
v -13581329.967106992 4433684.711723983 0.7748016000000001
v -13581328.340844793 4433684.100927263 0.7748016000000001
v -13581326.714582594 4433683.490130543 0.7748016000000001
v -13581325.120475674 4433682.801438442 0.7748016000000001
v -13581323.536908206 4433682.087214776 0.7748016000000001
v -13581321.956481017 4433681.366123193 0.7748016000000001
v -13581320.380360281 4433680.635613237 0.7748016000000001
v -13581318.811902393 4433679.8906749915 0.7748016000000001
v -13581317.324072087 4433678.993923991 0.7748016000000001
v -13581315.836241782 4433678.09717299 0.7748016000000001
v -13581314.318566367 4433677.252839935 0.7748016000000001
v -13581312.788058363 4433676.431045178 0.7748016000000001
v -13581311.24533551 4433675.633302886 0.7748016000000001
v -13581309.67886505 4433674.882322412 0.7748016000000001
v -13581308.112394592 4433674.131341937 0.7748016000000001
v -13581970.09520732 4433840.359596196 0.5798312
v -13581968.39375019 4433840.46152477 0.5798312
v -13581966.692293063 4433840.563453345 0.5798312
v -13581965.017432097 4433840.397824794 0.5798312
v -13581963.369336357 4433839.962938335 0.5798312
v -13581961.72124062 4433839.528051876 0.5798312
v -13581960.07314488 4433839.093165418 0.5798312
v -13581958.425049141 4433838.658278959 0.5798312
v -13581956.733867023 4433838.504352579 0.5798312
v -13581955.031189777 4433838.425384259 0.5798312
v -13581953.33651534 4433838.479128675 0.5798312
v -13581951.65566546 4433838.762129514 0.5798312
v -13581949.974815577 4433839.045130352 0.5798312
v -13581948.319630133 4433838.7858983725 0.5798312
v -13581946.673023948 4433838.345405616 0.5798312
v -13581945.026417764 4433837.904912858 0.5798312
v -13581943.37981158 4433837.464420102 0.5798312
v -13581941.731314532 4433837.033805276 0.5798312
v -13581940.038435409 4433836.835043943 0.5798312
v -13581938.345556285 4433836.636282608 0.5798312
v -13581936.694031484 4433836.89388487 0.5798312
v -13581935.064456856 4433837.393717167 0.5798312
v -13581933.434882227 4433837.893549464 0.5798312
v -13581931.742981546 4433837.960181459 0.5798312
v -13581930.038593316 4433837.940018124 0.5798312
v -13581928.357568566 4433837.753219486 0.5798312
v -13581926.713353334 4433837.303884342 0.5798312
v -13581925.069138104 4433836.854549198 0.5798312
v -13581923.424922874 4433836.405214054 0.5798312
v -13581921.780707642 4433835.955878909 0.5798312
v -13581920.102793368 4433835.682173354 0.5798312
v -13581918.40903685 4433835.491032946 0.5798312
v -13581916.729792362 4433835.224427472 0.5798312
v -13581915.085946565 4433834.7737426665 0.5798312
v -13581913.44210077 4433834.32305786 0.5798312
v -13581911.798254974 4433833.872373054 0.5798312
v -13581910.154409178 4433833.4216882475 0.5798312
v -13581908.481755024 4433833.11981869 0.5798312
v -13581906.788476715 4433832.924487267 0.5798312
v -13581905.104877897 4433832.679264812 0.5798312
v -13581903.46140443 4433832.2272241535 0.5798312
v -13581901.817930961 4433831.775183495 0.5798312
v -13581900.174457494 4433831.323142836 0.5798312
v -13581898.530984027 4433830.871102177 0.5798312
v -13581896.857986823 4433830.622379998 0.5798312
v -13581895.15381982 4433830.588312095 0.5798312
v -13581893.452543452 4433830.534433897 0.5798312
v -13581891.809697041 4433830.080119615 0.5798312
v -13581890.16685063 4433829.625805334 0.5798312
v -13581888.52400422 4433829.171491052 0.5798312
v -13581886.881157808 4433828.717176771 0.5798312
v -13581885.21791023 4433828.392440292 0.5798312
v -13581883.514943678 4433828.319978468 0.5798312
v -13581881.811977124 4433828.247516644 0.5798312
v -13581880.130589664 4433828.507994789 0.5798312
v -13581878.451224735 4433828.79967824 0.5798312
v -13581876.782991342 4433828.872773204 0.5798312
v -13581875.141945027 4433828.411999086 0.5798312
v -13581873.500898711 4433827.951224969 0.5798312
v -13581871.859852398 4433827.490450851 0.5798312
v -13581870.218806082 4433827.029676733 0.5798312
v -13581868.541123394 4433826.810807904 0.5798312
v -13581866.837231714 4433826.764993704 0.5798312
v -13581865.142749704 4433826.657346654 0.5798312
v -13581863.502362534 4433826.1942314105 0.5798312
v -13581861.861975364 4433825.731116168 0.5798312
v -13581860.221588194 4433825.268000925 0.5798312
v -13581858.581201024 4433824.804885683 0.5798312
v -13581856.916153353 4433824.619305505 0.5798312
v -13581855.219810015 4433824.785934069 0.5798312
v -13581853.523466676 4433824.952562634 0.5798312
v -13581851.85632724 4433824.63537572 0.5798312
v -13581850.192343298 4433824.265912267 0.5798312
v -13581848.541842101 4433823.843229855 0.5798312
v -13581846.90266362 4433823.375854523 0.5798312
v -13581845.251154238 4433822.990351837 0.5798312
v -13581843.547030384 4433822.954189971 0.5798312
v -13581841.842906527 4433822.918028105 0.5798312
v -13581840.151598487 4433822.726297527 0.5798312
v -13581838.464531 4433822.483091658 0.5798312
v -13581836.795766478 4433822.154697562 0.5798312
v -13581835.157686967 4433821.683484964 0.5798312
v -13581833.518336874 4433821.219719294 0.5798312
v -13581831.816684011 4433821.121112344 0.5798312
v -13581830.115031147 4433821.022505394 0.5798312
v -13581828.434164349 4433820.769358895 0.5798312
v -13581826.766932456 4433820.41484005 0.5798312
v -13581825.10700089 4433820.031208824 0.5798312
v -13581823.46976118 4433819.557086549 0.5798312
v -13581821.83252147 4433819.082964272 0.5798312
v -13581820.13640866 4433819.0852607675 0.5798312
v -13581818.433003968 4433819.146565346 0.5798312
v -13581816.753909059 4433818.998700876 0.5798312
v -13581815.10996758 4433818.548365213 0.5798312
v -13581813.466448167 4433818.096537501 0.5798312
v -13581811.830205496 4433817.618985705 0.5798312
v -13581810.193962825 4433817.141433909 0.5798312
v -13581808.51099257 4433816.946534206 0.5798312
v -13581806.8081125 4433816.8720676685 0.5798312
v -13581805.123884326 4433816.685304579 0.5798312
v -13581803.488365442 4433816.205279809 0.5798312
v -13581801.85284656 4433815.72525504 0.5798312
v -13581800.193509018 4433815.336401529 0.5798312
v -13581798.53219274 4433814.955122068 0.5798312
v -13581796.851747144 4433814.6885682205 0.5798312
v -13581795.1565989 4433814.510191574 0.5798312
v -13581793.471877376 4433814.279279603 0.5798312
v -13581791.837092148 4433813.796762191 0.5798312
v -13581790.202306919 4433813.31424478 0.5798312
v -13581788.510866104 4433813.262671246 0.5798312
v -13581786.806915779 4433813.306249782 0.5798312
v -13581785.107699633 4433813.258580693 0.5798312
v -13581783.41740794 4433813.038899586 0.5798312
v -13581781.727116246 4433812.819218478 0.5798312
v -13581780.091767855 4433812.341340057 0.5798312
v -13581778.458480213 4433811.853777469 0.5798312
v -13581776.783213044 4433811.6082535805 0.5798312
v -13581775.081132598 4433811.51732529 0.5798312
v -13581773.390745042 4433811.532087638 0.5798312
v -13581771.749702761 4433811.992876123 0.5798312
v -13581770.108660478 4433812.453664607 0.5798312
v -13581768.471992198 4433812.517641187 0.5798312
v -13581766.84150583 4433812.0207911115 0.5798312
v -13581765.217365833 4433811.600152993 0.5798312
v -13581763.691514619 4433812.359839684 0.5798312
v -13581762.165663406 4433813.119526376 0.5798312
v -13581760.639812192 4433813.879213068 0.5798312
v -13581759.027610047 4433813.561551852 0.5798312
v -13581757.400236037 4433813.054600543 0.5798312
v -13581755.734655688 4433812.812590884 0.5798312
v -13581754.03035423 4433812.839092524 0.5798312
v -13581752.3273773 4433812.876714824 0.5798312
v -13581750.664529411 4433813.251258138 0.5798312
v -13581749.001681522 4433813.625801452 0.5798312
v -13581747.351915358 4433813.698097593 0.5798312
v -13581745.727646824 4433813.181282803 0.5798312
v -13581744.10337829 4433812.664468015 0.5798312
v -13581742.45436674 4433812.233208027 0.5798312
v -13581740.804976085 4433811.803258886 0.5798312
v -13581739.12376229 4433811.723288448 0.5798312
v -13581737.423874112 4433811.848691713 0.5798312
v -13581735.732934883 4433811.899096992 0.5798312
v -13581734.110279487 4433811.37723948 0.5798312
v -13581732.487624092 4433810.8553819675 0.5798312
v -13581730.810896862 4433810.584726062 0.5798312
v -13581729.117236277 4433810.392737483 0.5798312
v -13581727.450280476 4433810.077106156 0.5798312
v -13581725.828355433 4433809.552983127 0.5798312
v -13581724.205332745 4433809.033446798 0.5798312
v -13581722.521850375 4433808.766551868 0.5798312
v -13581720.838368004 4433808.499656939 0.5798312
v -13581719.168273866 4433808.162984348 0.5798312
v -13581717.505560348 4433807.787844974 0.5798312
v -13581715.850071559 4433807.384604236 0.5798312
v -13581714.212600527 4433806.911281493 0.5798312
v -13581712.575129498 4433806.437958748 0.5798312
v -13581710.875222871 4433806.389893163 0.5798312
v -13581709.170803461 4433806.372564741 0.5798312
v -13581707.507619616 4433806.105261188 0.5798312
v -13581705.887936603 4433805.574250136 0.5798312
v -13581704.262443246 4433805.064398724 0.5798312
v -13581702.598712096 4433804.693798595 0.5798312
v -13581700.934980946 4433804.3231984675 0.5798312
v -13581699.305596862 4433803.82769143 0.5798312
v -13581697.686295116 4433803.295518852 0.5798312
v -13581696.036938658 4433802.896873844 0.5798312
v -13581694.345786095 4433802.683921262 0.5798312
v -13581692.657103932 4433802.460029966 0.5798312
v -13581691.038571367 4433801.925522589 0.5798312
v -13581689.420038804 4433801.391015212 0.5798312
v -13581687.785385987 4433800.9095553085 0.5798312
v -13581686.143116828 4433800.453158763 0.5798312
v -13581684.492818387 4433800.029475806 0.5798312
v -13581682.82586478 4433799.67365075 0.5798312
v -13581681.158911174 4433799.317825694 0.5798312
v -13581679.502448436 4433798.916083979 0.5798312
v -13581677.846366787 4433798.512674296 0.5798312
v -13581676.17323249 4433798.194734659 0.5798312
v -13581674.489138663 4433797.931725579 0.5798312
v -13581672.808629474 4433797.649010867 0.5798312
v -13581671.139799647 4433797.302091848 0.5798312
v -13581669.47096982 4433796.95517283 0.5798312
v -13581667.795564104 4433796.641816605 0.5798312
v -13581666.119206283 4433796.333319836 0.5798312
v -13581664.473577756 4433795.905987664 0.5798312
v -13581662.857808856 4433795.363183226 0.5798312
v -13581661.232958566 4433794.855315384 0.5798312
v -13581659.557387847 4433794.542571782 0.5798312
v -13581657.881817129 4433794.229828179 0.5798312
v -13581656.25373547 4433793.734809563 0.5798312
v -13581654.63857363 4433793.190201421 0.5798312
v -13581653.004777247 4433792.710608823 0.5798312
v -13581651.346350338 4433792.3169516325 0.5798312
v -13581649.691147596 4433791.9120612545 0.5798312
v -13581648.076393439 4433791.366245523 0.5798312
v -13581646.461639283 4433790.820429793 0.5798312
v -13581644.846885128 4433790.274614061 0.5798312
v -13581643.23213097 4433789.72879833 0.5798312
v -13581641.601911524 4433789.236596293 0.5798312
v -13581639.94453494 4433788.838540195 0.5798312
v -13581638.287161281 4433788.440471951 0.5798312
v -13581636.630250001 4433788.040483441 0.5798312
v -13581634.973338723 4433787.640494932 0.5798312
v -13581633.344358366 4433787.1441611415 0.5798312
v -13581631.730426807 4433786.5959178405 0.5798312
v -13581630.104077302 4433786.090355225 0.5798312
v -13581628.44794046 4433785.687172199 0.5798312
v -13581626.791803617 4433785.2839891715 0.5798312
v -13581625.136115048 4433784.878969508 0.5798312
v -13581623.4804561 4433784.473828495 0.5798312
v -13581621.849564733 4433783.983986897 0.5798312
v -13581620.236465521 4433783.433299391 0.5798312
v -13581618.618297437 4433782.898587642 0.5798312
v -13581616.982785627 4433782.418538771 0.5798312
v -13581615.34727382 4433781.938489898 0.5798312
v -13581613.712047743 4433781.4574687695 0.5798312
v -13581612.076863397 4433780.976305646 0.5798312
v -13581610.441849869 4433780.494562745 0.5798312
v -13581608.806994673 4433780.012282452 0.5798312
v -13581607.175841589 4433779.518384632 0.5798312
v -13581605.563373124 4433778.965852961 0.5798312
v -13581603.95090466 4433778.413321289 0.5798312
v -13581602.338436196 4433777.8607896175 0.5798312
v -13581600.725967731 4433777.308257946 0.5798312
v -13581599.103663871 4433776.786513271 0.5798312
v -13581597.46951059 4433776.301859939 0.5798312
v -13581595.835390706 4433775.817094141 0.5798312
v -13581594.201571533 4433775.331315684 0.5798312
v -13581592.567752361 4433774.845537228 0.5798312
v -13581590.934183838 4433774.358916834 0.5798312
v -13581589.300700495 4433773.872010304 0.5798312
v -13581587.660035914 4433773.411096999 0.5798312
v -13581586.008267405 4433772.990375492 0.5798312
v -13581584.357217088 4433772.567062977 0.5798312
v -13581582.72456206 4433772.0773861855 0.5798312
v -13581581.091907034 4433771.587709395 0.5798312
v -13581579.464066004 4433771.082382288 0.5798312
v -13581577.838449577 4433770.569822998 0.5798312
v -13581576.215262085 4433770.049744791 0.5798312
v -13581574.597008415 4433769.5143936435 0.5798312
v -13581572.978754742 4433768.979042495 0.5798312
v -13581571.366385996 4433768.426227785 0.5798312
v -13581569.754168354 4433767.872964674 0.5798312
v -13581568.143494315 4433767.31523607 0.5798312
v -13581566.53377032 4433766.754759081 0.5798312
v -13581564.923717925 4433766.195228686 0.5798312
v -13581563.3127432 4433765.63835686 0.5798312
v -13581561.701768475 4433765.081485034 0.5798312
v -13581560.09079375 4433764.524613207 0.5798312
v -13581558.479819024 4433763.96774138 0.5798312
v -13581556.857820904 4433763.444840815 0.5798312
v -13581555.226810109 4433762.949714993 0.5798312
v -13581553.599778594 4433762.442334138 0.5798312
v -13581551.989019807 4433761.884838014 0.5798312
v -13581550.378261022 4433761.32734189 0.5798312
v -13581548.750941576 4433760.820752935 0.5798312
v -13581547.120473607 4433760.323842485 0.5798312
v -13581545.499700267 4433759.79715057 0.5798312
v -13581543.889158063 4433759.239029071 0.5798312
v -13581542.276091585 4433758.688647594 0.5798312
v -13581540.646170119 4433758.189947474 0.5798312
v -13581539.016248653 4433757.691247354 0.5798312
v -13581537.401544172 4433757.14591914 0.5798312
v -13581535.7912192 4433756.587171189 0.5798312
v -13581534.159516556 4433756.1027830755 0.5798312
v -13581532.49831551 4433755.721001887 0.5798312
v -13581530.83914188 4433755.33167968 0.5798312
v -13581529.210453253 4433754.828967877 0.5798312
v -13581527.581764627 4433754.326256073 0.5798312
v -13581525.941372829 4433753.863943568 0.5798312
v -13581524.29616704 4433753.418248929 0.5798312
v -13581522.657412874 4433752.950421546 0.5798312
v -13581521.030410621 4433752.442278391 0.5798312
v -13581519.403431863 4433751.934069822 0.5798312
v -13581517.82491542 4433751.290927819 0.5798312
v -13581516.246398978 4433750.647785815 0.5798312
v -13581514.654776463 4433750.03841847 0.5798312
v -13581513.05561473 4433749.448479873 0.5798312
v -13581511.444174523 4433748.896781026 0.5798312
v -13581509.800500209 4433748.445471218 0.5798312
v -13581508.156825894 4433747.994161409 0.5798312
v -13581506.545314 4433747.439737012 0.5798312
v -13581504.936527932 4433746.876573466 0.5798312
v -13581503.317657076 4433746.343832642 0.5798312
v -13581501.691028925 4433745.834493212 0.5798312
v -13581500.06821716 4433745.313648518 0.5798312
v -13581498.459653579 4433744.749849795 0.5798312
v -13581496.851089997 4433744.186051073 0.5798312
v -13581495.227579525 4433743.667228092 0.5798312
v -13581493.601525422 4433743.15605899 0.5798312
v -13581491.967799518 4433742.670712262 0.5798312
v -13581490.32641903 4433742.2111299625 0.5798312
v -13581488.689953662 4433741.735971078 0.5798312
v -13581487.08206156 4433741.170260212 0.5798312
v -13581485.47416946 4433740.604549346 0.5798312
v -13581483.852822162 4433740.07909756 0.5798312
v -13581482.22789672 4433739.564351893 0.5798312
v -13581480.618735962 4433739.004857871 0.5798312
v -13581479.02998292 4433738.387436156 0.5798312
v -13581477.44110715 4433737.770331525 0.5798312
v -13581475.850689624 4433737.157210093 0.5798312
v -13581474.260272099 4433736.54408866 0.5798312
v -13581472.64559294 4433736.00003801 0.5798312
v -13581471.021108918 4433735.483900951 0.5798312
v -13581469.402565297 4433734.950015002 0.5798312
v -13581467.794673193 4433734.384304136 0.5798312
v -13581466.186781092 4433733.818593271 0.5798312
v -13581464.578888988 4433733.252882405 0.5798312
v -13581462.970996886 4433732.687171539 0.5798312
v -13581461.374106232 4433732.091582335 0.5798312
v -13581459.783287752 4433731.479501976 0.5798312
v -13581458.181812324 4433730.898178632 0.5798312
v -13581456.553327348 4433730.394807518 0.5798312
v -13581454.924842373 4433729.891436405 0.5798312
v -13581453.320503956 4433729.316106554 0.5798312
v -13581451.718008058 4433728.735285847 0.5798312
v -13581450.09579874 4433728.214957698 0.5798312
v -13581448.45877823 4433727.740079137 0.5798312
v -13581446.82818785 4433727.2451766655 0.5798312
v -13581445.220746774 4433726.678185495 0.5798312
v -13581443.613305701 4433726.111194324 0.5798312
v -13581442.005864626 4433725.544203152 0.5798312
v -13581440.39842355 4433724.977211981 0.5798312
v -13581438.790982477 4433724.41022081 0.5798312
v -13581437.183541402 4433723.843229639 0.5798312
v -13581435.578152642 4433723.270634376 0.5798312
v -13581433.984713573 4433722.665409019 0.5798312
v -13581432.391274504 4433722.060183663 0.5798312
v -13581430.787742091 4433721.482432607 0.5798312
v -13581429.181460904 4433720.912163771 0.5798312
v -13581427.58040403 4433720.327650315 0.5798312
v -13581425.98630761 4433719.724158479 0.5798312
v -13581424.394562848 4433719.114921982 0.5798312
v -13581422.834878415 4433718.427368155 0.5798312
v -13581421.275193982 4433717.739814326 0.5798312
v -13581419.681542704 4433717.138259755 0.5798312
v -13581418.072979122 4433716.5744610345 0.5798312
v -13581416.46441554 4433716.010662314 0.5798312
v -13581414.855851958 4433715.446863593 0.5798312
v -13581413.247288376 4433714.883064872 0.5798312
v -13581411.638724793 4433714.319266151 0.5798312
v -13581410.030161211 4433713.75546743 0.5798312
v -13581408.431448089 4433713.164732093 0.5798312
v -13581406.83864936 4433712.557823529 0.5798312
v -13581405.24825541 4433711.944740745 0.5798312
v -13581403.664564788 4433711.314447311 0.5798312
v -13581402.080874167 4433710.684153876 0.5798312
v -13581400.485890465 4433710.083101557 0.5798312
v -13581398.889655218 4433709.485289858 0.5798312
v -13581397.286278455 4433708.907229614 0.5798312
v -13581395.676828908 4433708.345965011 0.5798312
v -13581394.069676436 4433707.778335233 0.5798312
v -13581392.472715523 4433707.182464749 0.5798312
v -13581390.875754608 4433706.586594265 0.5798312
v -13581389.292973535 4433705.954277896 0.5798312
v -13581387.713213949 4433705.314195525 0.5798312
v -13581386.130397102 4433704.681774401 0.5798312
v -13581384.543978892 4433704.058378011 0.5798312
v -13581382.95599498 4433703.439129777 0.5798312
v -13581381.353315612 4433702.858815516 0.5798312
v -13581379.750636244 4433702.278501255 0.5798312
v -13581378.164355833 4433701.655352587 0.5798312
v -13581376.583890561 4433701.017014648 0.5798312
v -13581375.008372894 4433700.366775484 0.5798312
v -13581373.441162096 4433699.696554544 0.5798312
v -13581371.873942003 4433699.026355472 0.5798312
v -13581370.303758528 4433698.363128776 0.5798312
v -13581368.733575054 4433697.699902079 0.5798312
v -13581367.159301287 4433697.046493585 0.5798312
v -13581365.582668351 4433696.39874797 0.5798312
v -13581363.998354746 4433695.771022506 0.5798312
v -13581362.39304474 4433695.19802549 0.5798312
v -13581360.787734734 4433694.625028475 0.5798312
v -13581359.221084207 4433693.954308646 0.5798312
v -13581357.658238042 4433693.273972217 0.5798312
v -13581356.081331734 4433692.627797155 0.5798312
v -13581354.492370253 4433692.010912066 0.5798312
v -13581352.908410622 4433691.381930714 0.5798312
v -13581351.347809229 4433690.696460734 0.5798312
v -13581349.787207838 4433690.010990756 0.5798312
v -13581348.216636872 4433689.348800714 0.5798312
v -13581346.64362557 4433688.692309099 0.5798312
v -13581345.065834787 4433688.047550182 0.5798312
v -13581343.481850646 4433687.417994751 0.5798312
v -13581341.898885895 4433686.785954221 0.5798312
v -13581340.329083042 4433686.121827125 0.5798312
v -13581338.759280188 4433685.457700029 0.5798312
v -13581337.17969271 4433684.81741229 0.5798312
v -13581335.595967645 4433684.187205407 0.5798312
v -13581334.024142357 4433683.52923 0.5798312
v -13581332.47551727 4433682.817116152 0.5798312
v -13581330.926892182 4433682.105002303 0.5798312
v -13581329.458963187 4433681.239386505 0.5798312
v -13581327.994360153 4433680.367443991 0.5798312
v -13581326.614799347 4433679.375924834 0.5798312
v -13581325.31047258 4433678.278620193 0.5798312
v -13581324.00614581 4433677.1813155515 0.5798312
v -13581322.985763205 4433675.818261764 0.5798312
v -13581321.977113148 4433674.444227245 0.5798312
v -13581320.968463091 4433673.070192726 0.5798312
v -13581969.719327578 4433841.6385237565 0.3229864
v -13581968.022443706 4433841.715531801 0.3229864
v -13581966.325559832 4433841.792539845 0.3229864
v -13581964.656390153 4433841.611772008 0.3229864
v -13581963.014656033 4433841.175819955 0.3229864
v -13581961.372921912 4433840.739867901 0.3229864
v -13581959.73118779 4433840.303915847 0.3229864
v -13581958.08945367 4433839.867963794 0.3229864
v -13581956.447719548 4433839.43201174 0.3229864
v -13581954.805985427 4433838.996059687 0.3229864
v -13581953.16005156 4433838.905193283 0.3229864
v -13581951.508194052 4433839.301061809 0.3229864
v -13581949.856336543 4433839.696930336 0.3229864
v -13581948.186504755 4433840.002228877 0.3229864
v -13581946.508662501 4433840.267163749 0.3229864
v -13581944.833821872 4433840.476561623 0.3229864
v -13581943.194308013 4433840.0323326 0.3229864
v -13581941.554794153 4433839.588103577 0.3229864
v -13581939.915280296 4433839.143874554 0.3229864
v -13581938.275766436 4433838.699645531 0.3229864
v -13581936.618779197 4433838.348362683 0.3229864
v -13581934.929872952 4433838.166866639 0.3229864
v -13581933.240966707 4433837.985370595 0.3229864
v -13581931.556125 4433838.18444772 0.3229864
v -13581929.871480322 4433838.401973416 0.3229864
v -13581928.204204565 4433838.370308457 0.3229864
v -13581926.566026736 4433837.921177609 0.3229864
v -13581924.927848907 4433837.472046761 0.3229864
v -13581923.289671078 4433837.022915914 0.3229864
v -13581921.65149325 4433836.573785066 0.3229864
v -13581919.988796813 4433836.236590087 0.3229864
v -13581918.312870422 4433835.959794408 0.3229864
v -13581916.647204699 4433835.636216749 0.3229864
v -13581915.009273913 4433835.186185802 0.3229864
v -13581913.371343125 4433834.736154855 0.3229864
v -13581911.733412337 4433834.286123909 0.3229864
v -13581910.095481548 4433833.836092964 0.3229864
v -13581908.437091686 4433833.478933077 0.3229864
v -13581906.761678262 4433833.199049213 0.3229864
v -13581905.092561644 4433832.890619349 0.3229864
v -13581903.454879187 4433832.4396855505 0.3229864
v -13581901.817196732 4433831.988751752 0.3229864
v -13581900.179514276 4433831.537817954 0.3229864
v -13581898.54183182 4433831.086884157 0.3229864
v -13581896.877359059 4433830.818589892 0.3229864
v -13581895.179162486 4433830.780203489 0.3229864
v -13581893.480965912 4433830.741817084 0.3229864
v -13581891.84238981 4433830.294771919 0.3229864
v -13581890.204010896 4433829.8463751655 0.3229864
v -13581888.566471484 4433829.394928573 0.3229864
v -13581886.929415556 4433828.941725519 0.3229864
v -13581885.277485725 4433828.570062361 0.3229864
v -13581883.585849972 4433828.416070146 0.3229864
v -13581881.894214222 4433828.26207793 0.3229864
v -13581880.197788196 4433828.302169152 0.3229864
v -13581878.500615306 4433828.372520407 0.3229864
v -13581876.826219229 4433828.246935706 0.3229864
v -13581875.190441247 4433827.789141527 0.3229864
v -13581873.554663263 4433827.331347348 0.3229864
v -13581871.918885281 4433826.87355317 0.3229864
v -13581870.2831073 4433826.415758991 0.3229864
v -13581868.607064363 4433826.224278648 0.3229864
v -13581866.909063809 4433826.178026764 0.3229864
v -13581865.223897593 4433826.047293933 0.3229864
v -13581863.5887713 4433825.587177507 0.3229864
v -13581861.953645008 4433825.127061081 0.3229864
v -13581860.318518715 4433824.666944656 0.3229864
v -13581858.683392422 4433824.206828229 0.3229864
v -13581857.020246737 4433823.904106826 0.3229864
v -13581855.326787096 4433823.771669806 0.3229864
v -13581853.636901338 4433823.677593084 0.3229864
v -13581851.997051891 4433824.120581696 0.3229864
v -13581850.357202444 4433824.563570308 0.3229864
v -13581848.719391905 4433824.736191812 0.3229864
v -13581847.086409966 4433824.268521946 0.3229864
v -13581845.453428026 4433823.800852081 0.3229864
v -13581843.795928776 4433823.43025035 0.3229864
v -13581842.136727791 4433823.0663860785 0.3229864
v -13581840.459440038 4433822.818169589 0.3229864
v -13581838.768371606 4433822.658067496 0.3229864
v -13581837.086816872 4433822.447792626 0.3229864
v -13581835.454523997 4433821.977723387 0.3229864
v -13581833.822231121 4433821.507654147 0.3229864
v -13581832.14444816 4433821.270289026 0.3229864
v -13581830.45529906 4433821.091067267 0.3229864
v -13581828.775831657 4433821.117979526 0.3229864
v -13581827.110916946 4433821.454734819 0.3229864
v -13581825.446002237 4433821.791490112 0.3229864
v -13581823.806321753 4433821.534863905 0.3229864
v -13581822.176008182 4433821.057975264 0.3229864
v -13581820.54569461 4433820.581086624 0.3229864
v -13581818.915381039 4433820.104197984 0.3229864
v -13581817.284802921 4433819.631686443 0.3229864
v -13581815.60892125 4433819.908752759 0.3229864
v -13581813.93303958 4433820.1858190745 0.3229864
v -13581812.257726869 4433820.247079859 0.3229864
v -13581810.58332943 4433819.961180694 0.3229864
v -13581808.909180135 4433819.6742153745 0.3229864
v -13581807.280623727 4433819.191360178 0.3229864
v -13581805.652067317 4433818.708504982 0.3229864
v -13581803.978819089 4433818.566476562 0.3229864
v -13581802.280829508 4433818.613129538 0.3229864
v -13581800.582805853 4433818.6461185245 0.3229864
v -13581798.884604722 4433818.607934291 0.3229864
v -13581797.186403591 4433818.569750056 0.3229864
v -13581795.53929475 4433818.209289066 0.3229864
v -13581793.912553899 4433817.720352134 0.3229864
v -13581792.262574181 4433817.35333587 0.3229864
v -13581790.570036381 4433817.209596811 0.3229864
v -13581788.877498584 4433817.06585775 0.3229864
v -13581787.22747592 4433817.447841499 0.3229864
v -13581785.580029722 4433817.861684635 0.3229864
v -13581783.922224144 4433818.190650304 0.3229864
v -13581782.223602528 4433818.185198125 0.3229864
v -13581780.524980914 4433818.179745948 0.3229864
v -13581778.88236661 4433817.806497363 0.3229864
v -13581777.259114103 4433817.3061011 0.3229864
v -13581775.60904554 4433816.9466749355 0.3229864
v -13581773.915439662 4433816.816121342 0.3229864
v -13581772.221833782 4433816.685567749 0.3229864
v -13581770.533537118 4433816.863721646 0.3229864
v -13581768.845422054 4433817.052434786 0.3229864
v -13581767.184507553 4433816.958667622 0.3229864
v -13581765.563418942 4433816.451305001 0.3229864
v -13581763.940059874 4433815.9532772675 0.3229864
v -13581762.267037537 4433815.65943824 0.3229864
v -13581760.594015198 4433815.365599213 0.3229864
v -13581758.907781003 4433815.174194255 0.3229864
v -13581757.214953449 4433815.03390887 0.3229864
v -13581755.540779779 4433814.798767373 0.3229864
v -13581753.920889473 4433814.287591755 0.3229864
v -13581752.300999166 4433813.776416137 0.3229864
v -13581750.612845283 4433813.801711354 0.3229864
v -13581748.916558957 4433813.890917945 0.3229864
v -13581747.236174507 4433813.797071509 0.3229864
v -13581745.580681043 4433813.416694709 0.3229864
v -13581743.926073253 4433813.033083708 0.3229864
v -13581742.307758875 4433812.51694062 0.3229864
v -13581740.689444495 4433812.000797532 0.3229864
v -13581739.018565673 4433811.861585769 0.3229864
v -13581737.320784396 4433811.915287263 0.3229864
v -13581735.63716904 4433811.868298016 0.3229864
v -13581734.020108549 4433811.348239864 0.3229864
v -13581732.403048057 4433810.828181713 0.3229864
v -13581730.750433438 4433810.441072388 0.3229864
v -13581729.089640753 4433810.084543602 0.3229864
v -13581727.448457463 4433809.654790954 0.3229864
v -13581725.831759848 4433809.1336058285 0.3229864
v -13581724.210205851 4433808.632439158 0.3229864
v -13581722.53440569 4433808.354880267 0.3229864
v -13581720.858605528 4433808.077321376 0.3229864
v -13581719.224729482 4433807.627342556 0.3229864
v -13581717.608580088 4433807.104459917 0.3229864
v -13581715.966527514 4433806.709569973 0.3229864
v -13581714.274241954 4433806.562891073 0.3229864
v -13581712.581956394 4433806.416212171 0.3229864
v -13581710.953604955 4433805.941345933 0.3229864
v -13581709.330010932 4433805.442058877 0.3229864
v -13581707.679469243 4433805.05311506 0.3229864
v -13581706.008500408 4433804.7478147615 0.3229864
v -13581704.347261125 4433804.403147377 0.3229864
v -13581702.726453686 4433803.894887246 0.3229864
v -13581701.105646245 4433803.386627116 0.3229864
v -13581699.45395802 4433802.993703159 0.3229864
v -13581697.796027187 4433802.624094619 0.3229864
v -13581696.158384789 4433802.180574543 0.3229864
v -13581694.544097276 4433801.651971718 0.3229864
v -13581692.923812032 4433801.147351075 0.3229864
v -13581691.2507368 4433800.853813372 0.3229864
v -13581689.577661566 4433800.560275668 0.3229864
v -13581687.947640624 4433800.094975859 0.3229864
v -13581686.333922219 4433799.564638209 0.3229864
v -13581684.704690164 4433799.090285204 0.3229864
v -13581683.048166305 4433798.714421107 0.3229864
v -13581681.391642444 4433798.338557011 0.3229864
v -13581679.778134642 4433797.807676163 0.3229864
v -13581678.164798392 4433797.276177096 0.3229864
v -13581676.524555745 4433796.841300166 0.3229864
v -13581674.868716603 4433796.462430991 0.3229864
v -13581673.212942904 4433796.083276222 0.3229864
v -13581671.55734894 4433795.703337086 0.3229864
v -13581669.901754977 4433795.32339795 0.3229864
v -13581668.264430821 4433794.871830101 0.3229864
v -13581666.629116723 4433794.412381605 0.3229864
v -13581664.974833917 4433794.034661864 0.3229864
v -13581663.304325799 4433793.726850647 0.3229864
v -13581661.64347734 4433793.381473066 0.3229864
v -13581660.031692067 4433792.845289001 0.3229864
v -13581658.419906793 4433792.309104936 0.3229864
v -13581656.789918188 4433791.832102329 0.3229864
v -13581655.155415213 4433791.36977653 0.3229864
v -13581653.530981196 4433790.874736524 0.3229864
v -13581651.919392344 4433790.337962374 0.3229864
v -13581650.307803491 4433789.801188224 0.3229864
v -13581648.696214639 4433789.264414074 0.3229864
v -13581647.084625788 4433788.727639924 0.3229864
v -13581645.473036936 4433788.190865774 0.3229864
v -13581643.861448083 4433787.654091624 0.3229864
v -13581642.242130365 4433787.142350674 0.3229864
v -13581640.608439753 4433786.677162433 0.3229864
v -13581638.97474914 4433786.2119741915 0.3229864
v -13581637.352358738 4433785.7088089865 0.3229864
v -13581635.730107086 4433785.205177481 0.3229864
v -13581634.107316539 4433784.70328708 0.3229864
v -13581632.484203842 4433784.202437515 0.3229864
v -13581630.853573043 4433783.729010457 0.3229864
v -13581629.201972516 4433783.332071147 0.3229864
v -13581627.550371988 4433782.935131836 0.3229864
v -13581625.899185037 4433782.536476072 0.3229864
v -13581624.24804444 4433782.137627918 0.3229864
v -13581622.618686883 4433781.663133 0.3229864
v -13581621.008288663 4433781.122797277 0.3229864
v -13581619.394219179 4433780.594223828 0.3229864
v -13581617.76237898 4433780.122585533 0.3229864
v -13581616.13053878 4433779.650947238 0.3229864
v -13581614.498952683 4433779.178430858 0.3229864
v -13581612.867426403 4433778.705707776 0.3229864
v -13581611.245538877 4433778.202179544 0.3229864
v -13581609.6355422 4433777.660648548 0.3229864
v -13581608.02377426 4433777.124768153 0.3229864
v -13581606.392740212 4433776.650349504 0.3229864
v -13581604.761706166 4433776.175930856 0.3229864
v -13581603.146016192 4433775.652594221 0.3229864
v -13581601.53622117 4433775.110464065 0.3229864
v -13581599.926426148 4433774.568333911 0.3229864
v -13581598.316631125 4433774.026203755 0.3229864
v -13581596.706836104 4433773.484073601 0.3229864
v -13581595.076570611 4433773.007043303 0.3229864
v -13581593.446210016 4433772.530315452 0.3229864
v -13581591.829008609 4433772.011766211 0.3229864
v -13581590.219415834 4433771.469035874 0.3229864
v -13581588.604349423 4433770.943669631 0.3229864
v -13581586.974488666 4433770.465235693 0.3229864
v -13581585.344627911 4433769.986801755 0.3229864
v -13581583.73336128 4433769.449419813 0.3229864
v -13581582.123971347 4433768.906088276 0.3229864
v -13581580.514581414 4433768.3627567375 0.3229864
v -13581578.905191481 4433767.8194252 0.3229864
v -13581577.297172902 4433767.272121332 0.3229864
v -13581575.695354804 4433766.706856883 0.3229864
v -13581574.093536707 4433766.141592436 0.3229864
v -13581572.496774983 4433765.562242271 0.3229864
v -13581570.901153402 4433764.979715971 0.3229864
v -13581569.299253324 4433764.415073531 0.3229864
v -13581567.68966055 4433763.872343196 0.3229864
v -13581566.080067774 4433763.32961286 0.3229864
v -13581564.470475 4433762.786882525 0.3229864
v -13581562.860882225 4433762.24415219 0.3229864
v -13581561.25128945 4433761.701421855 0.3229864
v -13581559.641696675 4433761.158691519 0.3229864
v -13581558.0321039 4433760.615961184 0.3229864
v -13581556.422511125 4433760.073230849 0.3229864
v -13581554.81291835 4433759.5305005135 0.3229864
v -13581553.203325575 4433758.987770178 0.3229864
v -13581551.5937328 4433758.445039844 0.3229864
v -13581549.997052383 4433757.866164017 0.3229864
v -13581548.407905528 4433757.266199526 0.3229864
v -13581546.813325848 4433756.681452067 0.3229864
v -13581545.203530826 4433756.139321911 0.3229864
v -13581543.593735805 4433755.597191756 0.3229864
v -13581541.983940782 4433755.0550616 0.3229864
v -13581540.374145761 4433754.512931445 0.3229864
v -13581538.76435074 4433753.970801288 0.3229864
v -13581537.154555717 4433753.428671133 0.3229864
v -13581535.544760697 4433752.886540977 0.3229864
v -13581533.934965674 4433752.344410822 0.3229864
v -13581532.325170653 4433751.802280666 0.3229864
v -13581530.73470271 4433751.206471782 0.3229864
v -13581529.148798633 4433750.597987293 0.3229864
v -13581527.558671594 4433750.00078028 0.3229864
v -13581525.963160193 4433749.417952269 0.3229864
v -13581524.367943311 4433748.834326514 0.3229864
v -13581522.776471172 4433748.240557581 0.3229864
v -13581521.18499903 4433747.646788649 0.3229864
v -13581519.580180835 4433747.0906990785 0.3229864
v -13581517.969782617 4433746.5503633525 0.3229864
v -13581516.36467787 4433745.994943158 0.3229864
v -13581514.769769736 4433745.410466334 0.3229864
v -13581513.1748616 4433744.825989511 0.3229864
v -13581511.5671358 4433744.277788079 0.3229864
v -13581509.959080417 4433743.730519405 0.3229864
v -13581508.358503612 4433743.162032909 0.3229864
v -13581506.762686342 4433742.58004291 0.3229864
v -13581505.163879877 4433742.006533355 0.3229864
v -13581503.555838177 4433741.459224482 0.3229864
v -13581501.947796475 4433740.911915608 0.3229864
v -13581500.352249196 4433740.329348514 0.3229864
v -13581498.758394714 4433739.742004482 0.3229864
v -13581497.155886319 4433739.179272436 0.3229864
v -13581495.54518222 4433738.639849201 0.3229864
v -13581493.936954694 4433738.093375564 0.3229864
v -13581492.342737667 4433737.507016297 0.3229864
v -13581490.74852064 4433736.920657031 0.3229864
v -13581489.141006568 4433736.372207461 0.3229864
v -13581487.52981228 4433735.834250138 0.3229864
v -13581485.925463283 4433735.27674085 0.3229864
v -13581484.330570344 4433734.692222563 0.3229864
v -13581482.734801043 4433734.110208867 0.3229864
v -13581481.123409186 4433733.572843632 0.3229864
v -13581479.512017326 4433733.035478396 0.3229864
v -13581477.911543667 4433732.466851805 0.3229864
v -13581476.315978892 4433731.884169934 0.3229864
v -13581474.722032147 4433731.297115109 0.3229864
v -13581473.131473437 4433730.700903647 0.3229864
v -13581471.540914727 4433730.104692185 0.3229864
v -13581469.93962475 4433729.537974146 0.3229864
v -13581468.337831529 4433728.972639207 0.3229864
v -13581466.73227723 4433728.418158512 0.3229864
v -13581465.124110268 4433727.871217801 0.3229864
v -13581463.522927921 4433727.305380117 0.3229864
v -13581461.945629783 4433726.674923377 0.3229864
v -13581460.368331645 4433726.044466637 0.3229864
v -13581458.779888468 4433725.442776821 0.3229864
v -13581457.189539405 4433724.846006368 0.3229864
v -13581455.594852958 4433724.261068585 0.3229864
v -13581453.995577326 4433723.688650409 0.3229864
v -13581452.396435017 4433723.115860872 0.3229864
v -13581450.79826859 4433722.540353104 0.3229864
v -13581449.200102163 4433721.964845335 0.3229864
v -13581447.608555812 4433721.371375944 0.3229864
v -13581446.019166663 4433720.772053618 0.3229864
v -13581444.427392457 4433720.179158008 0.3229864
v -13581442.83182244 4433719.596490487 0.3229864
v -13581441.236360798 4433719.013530527 0.3229864
v -13581439.646420611 4433718.415671585 0.3229864
v -13581438.056480423 4433717.817812643 0.3229864
v -13581436.470563078 4433717.20941874 0.3229864
v -13581434.886801792 4433716.59537859 0.3229864
v -13581433.303056821 4433715.981296363 0.3229864
v -13581431.719353607 4433715.367106454 0.3229864
v -13581430.135650393 4433714.752916546 0.3229864
v -13581428.545152307 4433714.156573302 0.3229864
v -13581426.95398912 4433713.561976941 0.3229864
v -13581425.371653134 4433712.94467751 0.3229864
v -13581423.796746023 4433712.308271425 0.3229864
v -13581422.22183891 4433711.671865339 0.3229864
v -13581420.646931797 4433711.035459254 0.3229864
v -13581419.072024686 4433710.3990531685 0.3229864
v -13581417.509851823 4433709.73220746 0.3229864
v -13581415.95092896 4433709.057593033 0.3229864
v -13581414.37903367 4433708.415086767 0.3229864
v -13581412.789008282 4433707.81745445 0.3229864
v -13581411.199800344 4433707.217733322 0.3229864
v -13581409.626484143 4433706.577404305 0.3229864
v -13581408.053167941 4433705.937075288 0.3229864
v -13581406.487801813 4433705.277705018 0.3229864
v -13581404.926260622 4433704.609173622 0.3229864
v -13581403.3606641 4433703.950395845 0.3229864
v -13581401.785454797 4433703.3147380985 0.3229864
v -13581400.210245494 4433702.679080353 0.3229864
v -13581398.635036191 4433702.043422608 0.3229864
v -13581397.059826888 4433701.407764862 0.3229864
v -13581395.484617585 4433700.772107117 0.3229864
v -13581393.909408282 4433700.136449371 0.3229864
v -13581392.33419898 4433699.500791626 0.3229864
v -13581390.758989677 4433698.865133881 0.3229864
v -13581389.183780374 4433698.229476136 0.3229864
v -13581387.608571071 4433697.593818391 0.3229864
v -13581386.033361768 4433696.958160645 0.3229864
v -13581384.458152464 4433696.3225029 0.3229864
v -13581382.88294316 4433695.6868451545 0.3229864
v -13581381.306680148 4433695.053913729 0.3229864
v -13581379.713415848 4433694.464970616 0.3229864
v -13581378.12015155 4433693.876027502 0.3229864
v -13581376.519575186 4433693.307440366 0.3229864
v -13581374.915730802 4433692.747951037 0.3229864
v -13581373.317776194 4433692.172380839 0.3229864
v -13581371.731973944 4433691.563631017 0.3229864
v -13581370.146171696 4433690.954881195 0.3229864
v -13581368.550318621 4433690.3730212 0.3229864
v -13581366.954013932 4433689.792369446 0.3229864
v -13581365.362480199 4433689.198875246 0.3229864
v -13581363.774254175 4433688.596477363 0.3229864
v -13581362.185471164 4433687.995557306 0.3229864
v -13581360.594734654 4433687.399820389 0.3229864
v -13581359.003998144 4433686.804083472 0.3229864
v -13581357.397097576 4433686.25379483 0.3229864
v -13581355.78743152 4433685.711281877 0.3229864
v -13581354.187067881 4433685.14261632 0.3229864
v -13581352.59637286 4433684.5467686355 0.3229864
v -13581351.00186749 4433683.962040556 0.3229864
v -13581349.380036896 4433683.457054774 0.3229864
v -13581347.7582063 4433682.952068993 0.3229864
v -13581346.15348359 4433682.395927795 0.3229864
v -13581344.55415339 4433681.823662098 0.3229864
v -13581342.94881664 4433681.268944746 0.3229864
v -13581341.33426654 4433680.741144509 0.3229864
v -13581339.720354898 4433680.211504088 0.3229864
v -13581338.125856135 4433679.625911389 0.3229864
v -13581336.53135737 4433679.040318689 0.3229864
v -13581334.949758492 4433678.42125354 0.3229864
v -13581333.374660077 4433677.785321075 0.3229864
v -13581331.810828395 4433677.123614531 0.3229864
v -13581330.274336698 4433676.39936431 0.3229864
v -13581328.737845 4433675.67511409 0.3229864
v -13581327.220259024 4433674.912175367 0.3229864
v -13581325.704736961 4433674.145013065 0.3229864
v -13581324.255619021 4433673.268119871 0.3229864
v -13581322.872946642 4433672.281427311 0.3229864
v -13581321.490274262 4433671.294734752 0.3229864
v -13581969.897696825 4433841.0316239465 0.023342600000000005
v -13581968.196150398 4433841.02637893 0.023342600000000005
v -13581966.494603971 4433841.021133914 0.023342600000000005
v -13581964.823856687 4433840.7817595685 0.023342600000000005
v -13581963.178841768 4433840.3467725925 0.023342600000000005
v -13581961.533826848 4433839.9117856175 0.023342600000000005
v -13581959.88881193 4433839.4767986415 0.023342600000000005
v -13581958.243797012 4433839.041811666 0.023342600000000005
v -13581956.56707848 4433838.761221785 0.023342600000000005
v -13581954.88375976 4433838.512774933 0.023342600000000005
v -13581953.197257977 4433838.28859087 0.023342600000000005
v -13581951.506817358 4433838.09443045 0.023342600000000005
v -13581949.818867726 4433837.887111081 0.023342600000000005
v -13581948.174421782 4433837.449978051 0.023342600000000005
v -13581946.529975837 4433837.012845021 0.023342600000000005
v -13581944.88552989 4433836.575711991 0.023342600000000005
v -13581943.241083946 4433836.138578962 0.023342600000000005
v -13581941.581993204 4433835.921448533 0.023342600000000005
v -13581939.894116292 4433836.136760593 0.023342600000000005
v -13581938.20623938 4433836.352072652 0.023342600000000005
v -13581936.552223818 4433836.066668059 0.023342600000000005
v -13581934.908703493 4433835.626067687 0.023342600000000005
v -13581933.265183166 4433835.185467314 0.023342600000000005
v -13581931.621662838 4433834.744866942 0.023342600000000005
v -13581929.97694316 4433834.309421364 0.023342600000000005
v -13581928.307728129 4433833.979256349 0.023342600000000005
v -13581926.6385131 4433833.649091334 0.023342600000000005
v -13581924.947529228 4433833.5646565 0.023342600000000005
v -13581923.246267796 4433833.596236417 0.023342600000000005
v -13581921.557187466 4433833.528970961 0.023342600000000005
v -13581919.914492793 4433833.085302205 0.023342600000000005
v -13581918.27179812 4433832.641633447 0.023342600000000005
v -13581916.629103448 4433832.197964691 0.023342600000000005
v -13581914.986408776 4433831.754295933 0.023342600000000005
v -13581913.314906493 4433831.514476322 0.023342600000000005
v -13581911.613597427 4433831.485576208 0.023342600000000005
v -13581909.915008197 4433831.43752302 0.023342600000000005
v -13581908.272912463 4433830.991642589 0.023342600000000005
v -13581906.630816732 4433830.545762157 0.023342600000000005
v -13581904.988721 4433830.099881725 0.023342600000000005
v -13581903.346625267 4433829.654001294 0.023342600000000005
v -13581901.688714331 4433829.290064456 0.023342600000000005
v -13581899.998629577 4433829.0928304 0.023342600000000005
v -13581898.308544822 4433828.895596345 0.023342600000000005
v -13581896.663791444 4433828.46399814 0.023342600000000005
v -13581895.022058811 4433828.016782631 0.023342600000000005
v -13581893.380326176 4433827.569567122 0.023342600000000005
v -13581891.738593543 4433827.122351613 0.023342600000000005
v -13581890.084566334 4433826.747490148 0.023342600000000005
v -13581888.387259988 4433826.627328099 0.023342600000000005
v -13581886.689953642 4433826.507166049 0.023342600000000005
v -13581885.037939707 4433826.12133336 0.023342600000000005
v -13581883.396695618 4433825.672328245 0.023342600000000005
v -13581881.75545153 4433825.22332313 0.023342600000000005
v -13581880.114207441 4433824.774318015 0.023342600000000005
v -13581878.469666673 4433824.34017901 0.023342600000000005
v -13581876.792471234 4433824.0532936435 0.023342600000000005
v -13581875.115275797 4433823.766408277 0.023342600000000005
v -13581873.464068115 4433823.362484843 0.023342600000000005
v -13581871.823070208 4433822.912580828 0.023342600000000005
v -13581870.1820723 4433822.462676814 0.023342600000000005
v -13581868.541074393 4433822.0127728 0.023342600000000005
v -13581866.899976825 4433821.563441935 0.023342600000000005
v -13581865.203429833 4433821.432996319 0.023342600000000005
v -13581863.506882843 4433821.302550702 0.023342600000000005
v -13581861.84349265 4433820.982042786 0.023342600000000005
v -13581860.202990968 4433820.530332717 0.023342600000000005
v -13581858.558964744 4433820.092378508 0.023342600000000005
v -13581856.903373752 4433819.699560211 0.023342600000000005
v -13581855.247782758 4433819.306741913 0.023342600000000005
v -13581853.571363993 4433819.018199092 0.023342600000000005
v -13581851.891904244 4433818.744881132 0.023342600000000005
v -13581850.231974272 4433818.382312516 0.023342600000000005
v -13581848.59184817 4433817.92924064 0.023342600000000005
v -13581846.943349428 4433817.530909879 0.023342600000000005
v -13581845.242779857 4433817.473023064 0.023342600000000005
v -13581843.542210285 4433817.41513625 0.023342600000000005
v -13581841.871387085 4433817.129664901 0.023342600000000005
v -13581840.213067686 4433816.748529067 0.023342600000000005
v -13581838.561232798 4433816.341843474 0.023342600000000005
v -13581836.921866754 4433815.886029117 0.023342600000000005
v -13581835.28250071 4433815.430214761 0.023342600000000005
v -13581833.623814061 4433815.0508118095 0.023342600000000005
v -13581831.964817157 4433814.672635894 0.023342600000000005
v -13581830.31811047 4433814.2458818285 0.023342600000000005
v -13581828.678872269 4433813.789607931 0.023342600000000005
v -13581827.245066565 4433813.841367029 0.023342600000000005
v -13581826.383714871 4433815.308800506 0.023342600000000005
v -13581825.522363177 4433816.776233984 0.023342600000000005
v -13581824.661011484 4433818.243667463 0.023342600000000005
v -13581823.799659789 4433819.711100941 0.023342600000000005
v -13581822.938308096 4433821.178534418 0.023342600000000005
v -13581822.076956403 4433822.645967896 0.023342600000000005
v -13581821.215604708 4433824.113401375 0.023342600000000005
v -13581820.354253015 4433825.5808348525 0.023342600000000005
v -13581819.49290132 4433827.04826833 0.023342600000000005
v -13581818.216519475 4433827.452823866 0.023342600000000005
v -13581816.588698827 4433826.957356721 0.023342600000000005
v -13581814.95338807 4433826.491682134 0.023342600000000005
v -13581813.284792343 4433826.1584013915 0.023342600000000005
v -13581811.616196616 4433825.825120649 0.023342600000000005
v -13581809.966609849 4433826.118342572 0.023342600000000005
v -13581808.32128931 4433826.552172123 0.023342600000000005
v -13581806.674110772 4433826.977563499 0.023342600000000005
v -13581804.99873941 4433827.274916069 0.023342600000000005
v -13581803.323368048 4433827.57226864 0.023342600000000005
v -13581801.669997172 4433827.524521021 0.023342600000000005
v -13581800.045948343 4433827.016827066 0.023342600000000005
v -13581798.421899512 4433826.509133112 0.023342600000000005
v -13581796.797850683 4433826.001439158 0.023342600000000005
v -13581795.173801854 4433825.493745203 0.023342600000000005
v -13581793.51756975 4433825.583138469 0.023342600000000005
v -13581791.848358821 4433825.913324217 0.023342600000000005
v -13581790.179277154 4433826.207882494 0.023342600000000005
v -13581788.51250604 4433825.865593424 0.023342600000000005
v -13581786.845734926 4433825.523304354 0.023342600000000005
v -13581785.209737938 4433825.062856562 0.023342600000000005
v -13581783.587755686 4433824.548598529 0.023342600000000005
v -13581781.942168253 4433824.149954782 0.023342600000000005
v -13581780.248412307 4433823.987232452 0.023342600000000005
v -13581778.554656364 4433823.824510123 0.023342600000000005
v -13581776.928157499 4433823.333518758 0.023342600000000005
v -13581775.306879835 4433822.817043696 0.023342600000000005
v -13581773.670476705 4433822.353133571 0.023342600000000005
v -13581772.022648301 4433821.928929254 0.023342600000000005
v -13581770.37114929 4433821.520440911 0.023342600000000005
v -13581768.705895388 4433821.17084515 0.023342600000000005
v -13581767.040641487 4433820.821249389 0.023342600000000005
v -13581765.413025327 4433820.329125825 0.023342600000000005
v -13581763.792281382 4433819.810978338 0.023342600000000005
v -13581762.1364868 4433819.460724546 0.023342600000000005
v -13581760.44380963 4433819.28713954 0.023342600000000005
v -13581758.757617028 4433819.082600354 0.023342600000000005
v -13581757.137591837 4433818.562209987 0.023342600000000005
v -13581755.517566646 4433818.041819621 0.023342600000000005
v -13581753.845176425 4433817.767943489 0.023342600000000005
v -13581752.153500717 4433817.584855937 0.023342600000000005
v -13581750.485546408 4433817.289618094 0.023342600000000005
v -13581748.864619724 4433816.772042557 0.023342600000000005
v -13581747.24369304 4433816.25446702 0.023342600000000005
v -13581745.622240506 4433815.738541291 0.023342600000000005
v -13581744.000775576 4433815.222654449 0.023342600000000005
v -13581742.353779487 4433814.80234456 0.023342600000000005
v -13581740.6910495 4433814.440935175 0.023342600000000005
v -13581739.039485311 4433814.038130971 0.023342600000000005
v -13581737.42055376 4433813.514348203 0.023342600000000005
v -13581735.80162221 4433812.990565435 0.023342600000000005
v -13581734.118090993 4433812.766658967 0.023342600000000005
v -13581732.427093117 4433812.577413273 0.023342600000000005
v -13581730.772672532 4433812.218952308 0.023342600000000005
v -13581729.154480588 4433811.69288902 0.023342600000000005
v -13581727.529868217 4433811.1905776635 0.023342600000000005
v -13581725.86701492 4433810.829736057 0.023342600000000005
v -13581724.204161623 4433810.46889445 0.023342600000000005
v -13581722.57643172 4433809.978298636 0.023342600000000005
v -13581720.958612777 4433809.451089357 0.023342600000000005
v -13581719.315364517 4433809.027581214 0.023342600000000005
v -13581717.63717778 4433808.746552688 0.023342600000000005
v -13581715.96182436 4433808.453996458 0.023342600000000005
v -13581714.344568962 4433807.925060986 0.023342600000000005
v -13581712.727313567 4433807.396125512 0.023342600000000005
v -13581711.079625353 4433806.978562311 0.023342600000000005
v -13581709.418119535 4433806.611566163 0.023342600000000005
v -13581707.771096826 4433806.1916418625 0.023342600000000005
v -13581706.154219843 4433805.661550763 0.023342600000000005
v -13581704.53734286 4433805.131459664 0.023342600000000005
v -13581702.878001729 4433804.756011035 0.023342600000000005
v -13581701.21715292 4433804.386052955 0.023342600000000005
v -13581699.58303889 4433803.918870878 0.023342600000000005
v -13581697.966542512 4433803.387620266 0.023342600000000005
v -13581696.33939043 4433802.894984741 0.023342600000000005
v -13581694.679208193 4433802.522046827 0.023342600000000005
v -13581693.019025953 4433802.149108913 0.023342600000000005
v -13581691.385179836 4433801.675427874 0.023342600000000005
v -13581689.754882088 4433801.188173314 0.023342600000000005
v -13581688.126632182 4433800.694164545 0.023342600000000005
v -13581686.500245824 4433800.194009396 0.023342600000000005
v -13581684.875593452 4433799.688412548 0.023342600000000005
v -13581683.259672126 4433799.15541534 0.023342600000000005
v -13581681.6437508 4433798.622418134 0.023342600000000005
v -13581680.027829474 4433798.089420927 0.023342600000000005
v -13581678.41190815 4433797.556423721 0.023342600000000005
v -13581676.785628043 4433797.057486981 0.023342600000000005
v -13581675.146574156 4433796.600551422 0.023342600000000005
v -13581673.505792938 4433796.15041016 0.023342600000000005
v -13581671.847522894 4433795.769059644 0.023342600000000005
v -13581670.189252852 4433795.387709128 0.023342600000000005
v -13581668.562234301 4433794.894684244 0.023342600000000005
v -13581666.94689305 4433794.359931598 0.023342600000000005
v -13581665.323128073 4433793.852727884 0.023342600000000005
v -13581663.684955386 4433793.392643102 0.023342600000000005
v -13581662.047038304 4433792.9317229455 0.023342600000000005
v -13581660.431891533 4433792.396383179 0.023342600000000005
v -13581658.816744763 4433791.861043413 0.023342600000000005
v -13581657.186887326 4433791.373695603 0.023342600000000005
v -13581655.549179565 4433790.911958621 0.023342600000000005
v -13581653.911559748 4433790.449910095 0.023342600000000005
v -13581652.274150904 4433789.987114214 0.023342600000000005
v -13581650.63674206 4433789.524318335 0.023342600000000005
v -13581649.020545386 4433788.992489533 0.023342600000000005
v -13581647.405789282 4433788.455972545 0.023342600000000005
v -13581645.791033179 4433787.919455558 0.023342600000000005
v -13581644.176277075 4433787.382938571 0.023342600000000005
v -13581642.561520971 4433786.846421584 0.023342600000000005
v -13581640.946764868 4433786.309904596 0.023342600000000005
v -13581639.332008764 4433785.773387608 0.023342600000000005
v -13581637.717252659 4433785.23687062 0.023342600000000005
v -13581636.102496555 4433784.700353634 0.023342600000000005
v -13581634.487740451 4433784.163836646 0.023342600000000005
v -13581632.872984348 4433783.627319659 0.023342600000000005
v -13581631.25520078 4433783.1006119475 0.023342600000000005
v -13581629.61894371 4433782.633760208 0.023342600000000005
v -13581627.982686637 4433782.166908468 0.023342600000000005
v -13581626.36341954 4433781.645043219 0.023342600000000005
v -13581624.748859622 4433781.107936129 0.023342600000000005
v -13581623.125304526 4433780.599902806 0.023342600000000005
v -13581621.489524579 4433780.13138203 0.023342600000000005
v -13581619.855161633 4433779.658284257 0.023342600000000005
v -13581618.240798475 4433779.120586064 0.023342600000000005
v -13581616.626435319 4433778.58288787 0.023342600000000005
v -13581615.01207216 4433778.045189678 0.023342600000000005
v -13581613.397709003 4433777.507491484 0.023342600000000005
v -13581611.776124215 4433776.993062276 0.023342600000000005
v -13581610.140997376 4433776.522267233 0.023342600000000005
v -13581608.505870536 4433776.051472188 0.023342600000000005
v -13581606.891496865 4433775.513851164 0.023342600000000005
v -13581605.277331041 4433774.97556087 0.023342600000000005
v -13581603.650247134 4433774.4787919745 0.023342600000000005
v -13581602.015604764 4433774.006317558 0.023342600000000005
v -13581600.386609979 4433773.515702377 0.023342600000000005
v -13581598.772642063 4433772.976818976 0.023342600000000005
v -13581597.158674149 4433772.437935576 0.023342600000000005
v -13581595.544706233 4433771.899052176 0.023342600000000005
v -13581593.930738317 4433771.360168776 0.023342600000000005
v -13581592.3167704 4433770.821285374 0.023342600000000005
v -13581590.702802485 4433770.282401974 0.023342600000000005
v -13581589.088975597 4433769.743097126 0.023342600000000005
v -13581587.475729294 4433769.202057281 0.023342600000000005
v -13581585.86248299 4433768.661017436 0.023342600000000005
v -13581584.266339356 4433768.071863777 0.023342600000000005
v -13581582.673548924 4433767.473276781 0.023342600000000005
v -13581581.071199572 4433766.901565254 0.023342600000000005
v -13581579.458156774 4433766.359918979 0.023342600000000005
v -13581577.84726605 4433765.812203691 0.023342600000000005
v -13581576.253336444 4433765.216656746 0.023342600000000005
v -13581574.659406837 4433764.621109802 0.023342600000000005
v -13581573.0501758 4433764.068882232 0.023342600000000005
v -13581571.435812643 4433763.531184039 0.023342600000000005
v -13581569.821449485 4433762.9934858475 0.023342600000000005
v -13581568.207086327 4433762.455787654 0.023342600000000005
v -13581566.592723168 4433761.9180894615 0.023342600000000005
v -13581564.97836001 4433761.380391269 0.023342600000000005
v -13581563.363996852 4433760.842693076 0.023342600000000005
v -13581561.754600367 4433760.290411901 0.023342600000000005
v -13581560.147635851 4433759.730990061 0.023342600000000005
v -13581558.54224367 4433759.167115741 0.023342600000000005
v -13581556.94033874 4433758.593366365 0.023342600000000005
v -13581555.33843381 4433758.019616988 0.023342600000000005
v -13581553.724518023 4433757.4806448305 0.023342600000000005
v -13581552.109958105 4433756.943537739 0.023342600000000005
v -13581550.495398188 4433756.406430649 0.023342600000000005
v -13581548.880838271 4433755.869323557 0.023342600000000005
v -13581547.270805461 4433755.319357456 0.023342600000000005
v -13581545.675860401 4433754.726535386 0.023342600000000005
v -13581544.08091534 4433754.133713317 0.023342600000000005
v -13581542.468787588 4433753.589726272 0.023342600000000005
v -13581540.854031485 4433753.053209283 0.023342600000000005
v -13581539.244613744 4433752.501122228 0.023342600000000005
v -13581537.640361914 4433751.933968092 0.023342600000000005
v -13581536.03843003 4433751.360521342 0.023342600000000005
v -13581534.449950432 4433750.750586651 0.023342600000000005
v -13581532.861470837 4433750.140651962 0.023342600000000005
v -13581531.256597273 4433749.57582878 0.023342600000000005
v -13581529.647145467 4433749.023603612 0.023342600000000005
v -13581528.041013164 4433748.461919577 0.023342600000000005
v -13581526.439433753 4433747.887262164 0.023342600000000005
v -13581524.838114936 4433747.31188694 0.023342600000000005
v -13581523.240884354 4433746.725250577 0.023342600000000005
v -13581521.643653773 4433746.138614213 0.023342600000000005
v -13581520.03963989 4433745.570942722 0.023342600000000005
v -13581518.43267823 4433745.011512679 0.023342600000000005
v -13581516.82575121 4433744.451983158 0.023342600000000005
v -13581515.218892483 4433743.892257523 0.023342600000000005
v -13581513.612033756 4433743.332531889 0.023342600000000005
v -13581512.003706299 4433742.777041073 0.023342600000000005
v -13581510.39534271 4433742.221654435 0.023342600000000005
v -13581508.788254896 4433741.662595334 0.023342600000000005
v -13581507.181963235 4433741.101244416 0.023342600000000005
v -13581505.580456074 4433740.526874578 0.023342600000000005
v -13581503.992922006 4433739.914483087 0.023342600000000005
v -13581502.40538794 4433739.302091597 0.023342600000000005
v -13581500.812763821 4433738.703083522 0.023342600000000005
v -13581499.219506612 4433738.105740059 0.023342600000000005
v -13581497.622761695 4433737.517861221 0.023342600000000005
v -13581496.022866663 4433736.938530884 0.023342600000000005
v -13581494.425146576 4433736.353397191 0.023342600000000005
v -13581492.838572443 4433735.738522995 0.023342600000000005
v -13581491.25199831 4433735.1236488 0.023342600000000005
v -13581489.655982627 4433734.533870123 0.023342600000000005
v -13581488.057566216 4433733.9504725505 0.023342600000000005
v -13581486.45352023 4433733.383065688 0.023342600000000005
v -13581484.842154542 4433732.836450307 0.023342600000000005
v -13581483.232237514 4433732.28578945 0.023342600000000005
v -13581481.64017236 4433731.685276089 0.023342600000000005
v -13581480.048107205 4433731.084762729 0.023342600000000005
v -13581478.451618254 4433730.496166923 0.023342600000000005
v -13581476.853329057 4433729.912420921 0.023342600000000005
v -13581475.257355861 4433729.322442484 0.023342600000000005
v -13581473.665718174 4433728.7207970545 0.023342600000000005
v -13581472.074080486 4433728.119151624 0.023342600000000005
v -13581470.470599031 4433727.549840279 0.023342600000000005
v -13581468.866922136 4433726.981062491 0.023342600000000005
v -13581467.26753255 4433726.400421282 0.023342600000000005
v -13581465.6707427 4433725.8125863345 0.023342600000000005
v -13581464.073884223 4433725.224937929 0.023342600000000005
v -13581462.476829976 4433724.637821685 0.023342600000000005
v -13581460.879775729 4433724.050705441 0.023342600000000005
v -13581459.28863138 4433723.447783725 0.023342600000000005
v -13581457.69816815 4433722.84304042 0.023342600000000005
v -13581456.10180408 4433722.254266772 0.023342600000000005
v -13581454.500246566 4433721.679548335 0.023342600000000005
v -13581452.89954338 4433721.102481095 0.023342600000000005
v -13581451.303007366 4433720.513957088 0.023342600000000005
v -13581449.706471352 4433719.925433081 0.023342600000000005
v -13581448.115916515 4433719.320987941 0.023342600000000005
v -13581446.526791189 4433718.71273762 0.023342600000000005
v -13581444.932718152 4433718.117788412 0.023342600000000005
v -13581443.332396679 4433717.5396371065 0.023342600000000005
v -13581441.73337366 4433716.958038614 0.023342600000000005
v -13581440.149310881 4433716.336723184 0.023342600000000005
v -13581438.565248102 4433715.715407754 0.023342600000000005
v -13581436.970136529 4433715.123366542 0.023342600000000005
v -13581435.370578328 4433714.543106844 0.023342600000000005
v -13581433.776555257 4433713.948191714 0.023342600000000005
v -13581432.192775879 4433713.326154228 0.023342600000000005
v -13581430.608996501 4433712.704116743 0.023342600000000005
v -13581429.01044891 4433712.121103176 0.023342600000000005
v -13581427.411659254 4433711.538729253 0.023342600000000005
v -13581425.813183736 4433710.955494085 0.023342600000000005
v -13581424.214899587 4433710.371734266 0.023342600000000005
v -13581422.616746992 4433709.78761474 0.023342600000000005
v -13581421.018971045 4433709.202465378 0.023342600000000005
v -13581419.4211951 4433708.617316015 0.023342600000000005
v -13581417.82387702 4433708.030918109 0.023342600000000005
v -13581416.226611992 4433707.444375539 0.023342600000000005
v -13581414.629620908 4433706.85708798 0.023342600000000005
v -13581413.032869529 4433706.269148541 0.023342600000000005
v -13581411.438571624 4433705.674782105 0.023342600000000005
v -13581409.856222589 4433705.049115036 0.023342600000000005
v -13581408.273873553 4433704.423447967 0.023342600000000005
v -13581406.691524517 4433703.7977808975 0.023342600000000005
v -13581405.10917548 4433703.172113828 0.023342600000000005
v -13581403.521016572 4433702.561624915 0.023342600000000005
v -13581401.925327906 4433701.970807319 0.023342600000000005
v -13581400.32967693 4433701.379888066 0.023342600000000005
v -13581398.734509774 4433700.787663873 0.023342600000000005
v -13581397.139342615 4433700.1954396805 0.023342600000000005
v -13581395.55367175 4433699.578473559 0.023342600000000005
v -13581393.97190114 4433698.95134559 0.023342600000000005
v -13581392.39013053 4433698.324217621 0.023342600000000005
v -13581390.80835992 4433697.6970896525 0.023342600000000005
v -13581389.226589309 4433697.069961684 0.023342600000000005
v -13581387.644818699 4433696.442833715 0.023342600000000005
v -13581386.063048087 4433695.815705746 0.023342600000000005
v -13581384.481277477 4433695.188577778 0.023342600000000005
v -13581382.899506867 4433694.561449809 0.023342600000000005
v -13581381.320664342 4433693.927137744 0.023342600000000005
v -13581379.75117462 4433693.269878466 0.023342600000000005
v -13581378.181684894 4433692.612619189 0.023342600000000005
v -13581376.601306347 4433691.98209345 0.023342600000000005
v -13581375.019246072 4433691.35569658 0.023342600000000005
v -13581373.442990685 4433690.715018936 0.023342600000000005
v -13581371.872570258 4433690.059986547 0.023342600000000005
v -13581370.30303299 4433689.402867688 0.023342600000000005
v -13581368.73957368 4433688.731389664 0.023342600000000005
v -13581367.176114371 4433688.059911639 0.023342600000000005
v -13581365.602680683 4433687.41232119 0.023342600000000005
v -13581364.025960514 4433686.772601516 0.023342600000000005
v -13581362.458535036 4433686.111116935 0.023342600000000005
v -13581360.906099012 4433685.414532305 0.023342600000000005
v -13581359.353597198 4433684.718100687 0.023342600000000005
v -13581357.780062193 4433684.070585943 0.023342600000000005
v -13581356.20652719 4433683.423071198 0.023342600000000005
v -13581354.645773873 4433682.745777567 0.023342600000000005
v -13581353.092447149 4433682.051181397 0.023342600000000005
v -13581351.53633987 4433681.362940133 0.023342600000000005
v -13581349.972035108 4433680.6934340745 0.023342600000000005
v -13581348.407730345 4433680.023928016 0.023342600000000005
v -13581346.848711556 4433679.342221467 0.023342600000000005
v -13581345.290420841 4433678.658834462 0.023342600000000005
v -13581343.735303368 4433677.968300799 0.023342600000000005
v -13581342.183334086 4433677.270676904 0.023342600000000005
v -13581340.630515916 4433676.574967218 0.023342600000000005
v -13581339.071596196 4433675.893016298 0.023342600000000005
v -13581337.512676474 4433675.21106538 0.023342600000000005
v -13581335.950485658 4433674.536658591 0.023342600000000005
v -13581334.3871779 4433673.864827805 0.023342600000000005
v -13581332.820145065 4433673.201850259 0.023342600000000005
v -13581331.24678825 4433672.553902662 0.023342600000000005
v -13581329.673431436 4433671.905955066 0.023342600000000005
v -13581971.637002176 4433835.1136525925 -0.16106986666666667
v -13581970.00167314 4433834.696685189 -0.16106986666666667
v -13581968.366344105 4433834.279717785 -0.16106986666666667
v -13581966.712964917 4433834.295360757 -0.16106986666666667
v -13581965.048585327 4433834.574651739 -0.16106986666666667
v -13581963.384205738 4433834.85394272 -0.16106986666666667
v -13581961.710114656 4433835.067215107 -0.16106986666666667
v -13581960.035812428 4433835.279052108 -0.16106986666666667
v -13581958.377196133 4433835.246213064 -0.16106986666666667
v -13581956.74365035 4433834.822313259 -0.16106986666666667
v -13581955.110104568 4433834.398413455 -0.16106986666666667
v -13581953.476558784 4433833.97451365 -0.16106986666666667
v -13581951.843013002 4433833.550613845 -0.16106986666666667
v -13581950.179098194 4433833.480570084 -0.16106986666666667
v -13581948.497211782 4433833.619929211 -0.16106986666666667
v -13581946.816567887 4433833.726747193 -0.16106986666666667
v -13581945.150205264 4433833.4595422475 -0.16106986666666667
v -13581943.483842643 4433833.192337302 -0.16106986666666667
v -13581941.840583028 4433832.81544577 -0.16106986666666667
v -13581940.208012631 4433832.387804839 -0.16106986666666667
v -13581938.575442232 4433831.960163908 -0.16106986666666667
v -13581936.942871835 4433831.532522978 -0.16106986666666667
v -13581935.310301438 4433831.1048820475 -0.16106986666666667
v -13581933.629583566 4433830.978068945 -0.16106986666666667
v -13581931.94509508 4433830.87481482 -0.16106986666666667
v -13581930.286210367 4433830.6121125175 -0.16106986666666667
v -13581928.654080654 4433830.182792747 -0.16106986666666667
v -13581927.02195094 4433829.753472977 -0.16106986666666667
v -13581925.389821224 4433829.324153208 -0.16106986666666667
v -13581923.75769151 4433828.894833439 -0.16106986666666667
v -13581922.08740475 4433828.701058386 -0.16106986666666667
v -13581920.403208004 4433828.593150156 -0.16106986666666667
v -13581918.734555205 4433828.389602147 -0.16106986666666667
v -13581917.102870673 4433827.958593504 -0.16106986666666667
v -13581915.471186139 4433827.52758486 -0.16106986666666667
v -13581913.839501604 4433827.096576216 -0.16106986666666667
v -13581912.20781707 4433826.665567572 -0.16106986666666667
v -13581910.546106515 4433826.448472187 -0.16106986666666667
v -13581908.858816495 4433826.413611627 -0.16106986666666667
v -13581907.175838318 4433826.348177071 -0.16106986666666667
v -13581905.544716671 4433825.915043093 -0.16106986666666667
v -13581903.913595023 4433825.481909115 -0.16106986666666667
v -13581902.282473376 4433825.048775137 -0.16106986666666667
v -13581900.65135173 4433824.61564116 -0.16106986666666667
v -13581899.00212205 4433824.327439006 -0.16106986666666667
v -13581897.314573279 4433824.345932579 -0.16106986666666667
v -13581895.627024507 4433824.36442615 -0.16106986666666667
v -13581893.941916244 4433824.283146866 -0.16106986666666667
v -13581892.257289853 4433824.182167696 -0.16106986666666667
v -13581890.5943051 4433823.947957114 -0.16106986666666667
v -13581888.964331036 4433823.510524354 -0.16106986666666667
v -13581887.334216585 4433823.073634433 -0.16106986666666667
v -13581885.696535762 4433822.666001771 -0.16106986666666667
v -13581884.058854938 4433822.258369109 -0.16106986666666667
v -13581882.38924268 4433822.111454998 -0.16106986666666667
v -13581880.701592617 4433822.111818674 -0.16106986666666667
v -13581879.023354366 4433822.041180095 -0.16106986666666667
v -13581877.394083124 4433821.601136818 -0.16106986666666667
v -13581875.76481188 4433821.16109354 -0.16106986666666667
v -13581874.135540636 4433820.721050262 -0.16106986666666667
v -13581872.506269393 4433820.281006986 -0.16106986666666667
v -13581870.858420646 4433819.936000064 -0.16106986666666667
v -13581869.183375183 4433819.730122509 -0.16106986666666667
v -13581867.50832972 4433819.524244956 -0.16106986666666667
v -13581865.879256751 4433819.083690144 -0.16106986666666667
v -13581864.250341015 4433818.642332701 -0.16106986666666667
v -13581862.591032311 4433818.362721422 -0.16106986666666667
v -13581860.913012393 4433818.182688023 -0.16106986666666667
v -13581859.234615136 4433818.006361332 -0.16106986666666667
v -13581857.554738758 4433817.84456448 -0.16106986666666667
v -13581855.874862378 4433817.682767627 -0.16106986666666667
v -13581854.235528875 4433817.299749832 -0.16106986666666667
v -13581852.607453458 4433816.855302644 -0.16106986666666667
v -13581850.958333937 4433816.525974224 -0.16106986666666667
v -13581849.278312553 4433816.365690052 -0.16106986666666667
v -13581847.598291168 4433816.205405879 -0.16106986666666667
v -13581845.96362355 4433815.787175401 -0.16106986666666667
v -13581844.329688488 4433815.364778573 -0.16106986666666667
v -13581842.69959772 4433814.927947131 -0.16106986666666667
v -13581841.072009377 4433814.481719549 -0.16106986666666667
v -13581839.4307171 4433814.138805169 -0.16106986666666667
v -13581837.74307944 4433814.145286039 -0.16106986666666667
v -13581836.055441782 4433814.15176691 -0.16106986666666667
v -13581834.413259374 4433813.817723547 -0.16106986666666667
v -13581832.786411216 4433813.3688049065 -0.16106986666666667
v -13581831.15956306 4433812.919886266 -0.16106986666666667
v -13581829.532714905 4433812.470967625 -0.16106986666666667
v -13581827.90586675 4433812.022048985 -0.16106986666666667
v -13581826.218649536 4433812.019174545 -0.16106986666666667
v -13581824.530999465 4433812.01949834 -0.16106986666666667
v -13581822.8750555 4433811.7870202465 -0.16106986666666667
v -13581821.24895922 4433811.335385706 -0.16106986666666667
v -13581819.620246006 4433810.894087172 -0.16106986666666667
v -13581817.97514855 4433810.517500893 -0.16106986666666667
v -13581816.330051092 4433810.140914615 -0.16106986666666667
v -13581814.699418267 4433809.707231484 -0.16106986666666667
v -13581813.073448451 4433809.255141859 -0.16106986666666667
v -13581811.447478637 4433808.803052233 -0.16106986666666667
v -13581809.821508821 4433808.350962607 -0.16106986666666667
v -13581808.195463566 4433807.899837762 -0.16106986666666667
v -13581806.518984238 4433808.093693206 -0.16106986666666667
v -13581804.842504911 4433808.28754865 -0.16106986666666667
v -13581803.479191272 4433808.990936444 -0.16106986666666667
v -13581802.54906535 4433810.399136941 -0.16106986666666667
v -13581801.618939428 4433811.807337438 -0.16106986666666667
v -13581800.688813506 4433813.215537935 -0.16106986666666667
v -13581799.758687584 4433814.623738431 -0.16106986666666667
v -13581798.828561664 4433816.031938928 -0.16106986666666667
v -13581797.898435742 4433817.440139425 -0.16106986666666667
v -13581796.96830982 4433818.848339922 -0.16106986666666667
v -13581795.812492933 4433819.939375515 -0.16106986666666667
v -13581794.17724613 4433820.356665296 -0.16106986666666667
v -13581792.541999325 4433820.773955076 -0.16106986666666667
v -13581790.878945613 4433820.909730868 -0.16106986666666667
v -13581789.19365976 4433820.820431005 -0.16106986666666667
v -13581787.51656086 4433820.685134335 -0.16106986666666667
v -13581785.903963977 4433820.187445511 -0.16106986666666667
v -13581784.291367097 4433819.689756686 -0.16106986666666667
v -13581782.625555003 4433819.4880911615 -0.16106986666666667
v -13581780.940586751 4433819.392986698 -0.16106986666666667
v -13581779.254847974 4433819.33015067 -0.16106986666666667
v -13581777.567260787 4433819.3447231855 -0.16106986666666667
v -13581775.879673602 4433819.359295701 -0.16106986666666667
v -13581774.254315231 4433818.9541038545 -0.16106986666666667
v -13581772.643537464 4433818.450558569 -0.16106986666666667
v -13581771.002460409 4433818.09916952 -0.16106986666666667
v -13581769.321661612 4433817.947254167 -0.16106986666666667
v -13581767.640896287 4433817.795007527 -0.16106986666666667
v -13581765.96367881 4433817.607645834 -0.16106986666666667
v -13581764.286461333 4433817.42028414 -0.16106986666666667
v -13581762.649620479 4433817.042046454 -0.16106986666666667
v -13581761.040201444 4433816.534175171 -0.16106986666666667
v -13581759.415710349 4433816.098890603 -0.16106986666666667
v -13581757.73714275 4433815.9240372935 -0.16106986666666667
v -13581756.058575148 4433815.749183984 -0.16106986666666667
v -13581754.43594298 4433815.305862463 -0.16106986666666667
v -13581752.827214902 4433814.795806736 -0.16106986666666667
v -13581751.193747567 4433814.39071023 -0.16106986666666667
v -13581749.526572214 4433814.12862396 -0.16106986666666667
v -13581747.860927938 4433813.860056791 -0.16106986666666667
v -13581746.252723241 4433813.348353243 -0.16106986666666667
v -13581744.644518543 4433812.8366496945 -0.16106986666666667
v -13581743.020188956 4433812.380701753 -0.16106986666666667
v -13581741.387110593 4433811.955004762 -0.16106986666666667
v -13581739.754790723 4433811.526436362 -0.16106986666666667
v -13581738.12452125 4433811.090105855 -0.16106986666666667
v -13581736.494251776 4433810.653775347 -0.16106986666666667
v -13581734.876157641 4433810.174511663 -0.16106986666666667
v -13581733.259534232 4433809.690061851 -0.16106986666666667
v -13581731.613668228 4433809.342402001 -0.16106986666666667
v -13581729.940272385 4433809.12352024 -0.16106986666666667
v -13581728.274087138 4433808.872407294 -0.16106986666666667
v -13581726.666942675 4433808.357383467 -0.16106986666666667
v -13581725.05979821 4433807.84235964 -0.16106986666666667
v -13581723.41030106 4433807.50273901 -0.16106986666666667
v -13581721.745221043 4433807.227654648 -0.16106986666666667
v -13581720.09979293 4433806.871367396 -0.16106986666666667
v -13581718.493185416 4433806.354670997 -0.16106986666666667
v -13581716.886577902 4433805.837974598 -0.16106986666666667
v -13581715.22455378 4433805.549112105 -0.16106986666666667
v -13581713.560113445 4433805.270183374 -0.16106986666666667
v -13581711.928593336 4433804.85621765 -0.16106986666666667
v -13581710.322527394 4433804.337840318 -0.16106986666666667
v -13581708.708590765 4433803.848559446 -0.16106986666666667
v -13581707.060213467 4433803.486599293 -0.16106986666666667
v -13581705.41183617 4433803.124639139 -0.16106986666666667
v -13581703.79773231 4433802.636152371 -0.16106986666666667
v -13581702.192030007 4433802.116649743 -0.16106986666666667
v -13581700.553644521 4433801.762420319 -0.16106986666666667
v -13581698.871067923 4433801.631657711 -0.16106986666666667
v -13581697.188491324 4433801.5008951025 -0.16106986666666667
v -13581695.58335952 4433800.980313266 -0.16106986666666667
v -13581693.978575492 4433800.457980913 -0.16106986666666667
v -13581692.359671904 4433799.982781965 -0.16106986666666667
v -13581690.732019834 4433799.536786884 -0.16106986666666667
v -13581689.104434656 4433799.090547989 -0.16106986666666667
v -13581687.477061376 4433798.643536718 -0.16106986666666667
v -13581685.849688096 4433798.196525445 -0.16106986666666667
v -13581684.24211681 4433797.683571883 -0.16106986666666667
v -13581682.6377038 4433797.160101003 -0.16106986666666667
v -13581680.995970223 4433796.820284064 -0.16106986666666667
v -13581679.314496959 4433796.676025515 -0.16106986666666667
v -13581677.637603497 4433796.509332438 -0.16106986666666667
v -13581676.034127448 4433795.982998491 -0.16106986666666667
v -13581674.430651397 4433795.4566645445 -0.16106986666666667
v -13581672.827175345 4433794.930330598 -0.16106986666666667
v -13581671.223699294 4433794.40399665 -0.16106986666666667
v -13581669.614505226 4433793.896274421 -0.16106986666666667
v -13581667.992106268 4433793.431533106 -0.16106986666666667
v -13581666.369707309 4433792.966791789 -0.16106986666666667
v -13581664.741298549 4433792.523613319 -0.16106986666666667
v -13581663.112402594 4433792.082182873 -0.16106986666666667
v -13581661.485499106 4433791.6335167 -0.16106986666666667
v -13581659.860243212 4433791.178867221 -0.16106986666666667
v -13581658.23878797 4433790.711732791 -0.16106986666666667
v -13581656.635880625 4433790.183669431 -0.16106986666666667
v -13581655.032973278 4433789.655606072 -0.16106986666666667
v -13581653.430065934 4433789.127542714 -0.16106986666666667
v -13581651.827158587 4433788.599479355 -0.16106986666666667
v -13581650.224251242 4433788.071415996 -0.16106986666666667
v -13581648.621343898 4433787.543352637 -0.16106986666666667
v -13581647.018436551 4433787.015289279 -0.16106986666666667
v -13581645.415529206 4433786.48722592 -0.16106986666666667
v -13581643.81262186 4433785.95916256 -0.16106986666666667
v -13581642.209714515 4433785.431099202 -0.16106986666666667
v -13581640.60680717 4433784.903035842 -0.16106986666666667
v -13581638.99799107 4433784.394297607 -0.16106986666666667
v -13581637.373851823 4433783.935675132 -0.16106986666666667
v -13581635.749712575 4433783.477052657 -0.16106986666666667
v -13581634.125839937 4433783.017487188 -0.16106986666666667
v -13581632.501996577 4433782.557818169 -0.16106986666666667
v -13581630.878537256 4433782.096796574 -0.16106986666666667
v -13581629.255427036 4433781.634545472 -0.16106986666666667
v -13581627.635290332 4433781.162610371 -0.16106986666666667
v -13581626.0324576 4433780.634320583 -0.16106986666666667
v -13581624.429624867 4433780.106030795 -0.16106986666666667
v -13581622.81123718 4433779.628393548 -0.16106986666666667
v -13581621.188157905 4433779.166033801 -0.16106986666666667
v -13581619.56519638 4433778.70326121 -0.16106986666666667
v -13581617.942418188 4433778.2398458375 -0.16106986666666667
v -13581616.319644205 4433777.77641574 -0.16106986666666667
v -13581614.697168617 4433777.311942025 -0.16106986666666667
v -13581613.074693026 4433776.84746831 -0.16106986666666667
v -13581611.465411233 4433776.340284867 -0.16106986666666667
v -13581609.863656238 4433775.808736372 -0.16106986666666667
v -13581608.26190124 4433775.277187876 -0.16106986666666667
v -13581606.660146246 4433774.74563938 -0.16106986666666667
v -13581605.05839125 4433774.214090885 -0.16106986666666667
v -13581603.438975526 4433773.739572031 -0.16106986666666667
v -13581601.81714456 4433773.272852431 -0.16106986666666667
v -13581600.195467917 4433772.805597228 -0.16106986666666667
v -13581598.573944028 4433772.337811862 -0.16106986666666667
v -13581596.954948204 4433771.861882922 -0.16106986666666667
v -13581595.35358181 4433771.329164851 -0.16106986666666667
v -13581593.752215417 4433770.796446782 -0.16106986666666667
v -13581592.150849024 4433770.263728711 -0.16106986666666667
v -13581590.54948263 4433769.73101064 -0.16106986666666667
v -13581588.950118253 4433769.192373947 -0.16106986666666667
v -13581587.354188563 4433768.643583193 -0.16106986666666667
v -13581585.758258872 4433768.0947924405 -0.16106986666666667
v -13581584.172510048 4433767.517252053 -0.16106986666666667
v -13581582.586877702 4433766.939382754 -0.16106986666666667
v -13581580.995140567 4433766.378740916 -0.16106986666666667
v -13581579.399446985 4433765.829264023 -0.16106986666666667
v -13581577.805782866 4433765.274042221 -0.16106986666666667
v -13581576.219023196 4433764.699275638 -0.16106986666666667
v -13581574.632263528 4433764.124509056 -0.16106986666666667
v -13581573.032824853 4433763.586284683 -0.16106986666666667
v -13581571.431069858 4433763.054736187 -0.16106986666666667
v -13581569.829314863 4433762.52318769 -0.16106986666666667
v -13581568.227559868 4433761.991639195 -0.16106986666666667
v -13581566.625804871 4433761.460090699 -0.16106986666666667
v -13581565.024049876 4433760.928542202 -0.16106986666666667
v -13581563.422294881 4433760.396993706 -0.16106986666666667
v -13581561.820539886 4433759.86544521 -0.16106986666666667
v -13581560.218784891 4433759.333896713 -0.16106986666666667
v -13581558.617029894 4433758.802348217 -0.16106986666666667
v -13581557.0152749 4433758.270799721 -0.16106986666666667
v -13581555.413519904 4433757.739251224 -0.16106986666666667
v -13581553.811764909 4433757.207702728 -0.16106986666666667
v -13581552.210009912 4433756.676154233 -0.16106986666666667
v -13581550.608254917 4433756.144605736 -0.16106986666666667
v -13581549.006499922 4433755.61305724 -0.16106986666666667
v -13581547.408532811 4433755.070722174 -0.16106986666666667
v -13581545.82611909 4433754.484096499 -0.16106986666666667
v -13581544.243705368 4433753.897470824 -0.16106986666666667
v -13581542.645409068 4433753.356099526 -0.16106986666666667
v -13581541.043460619 4433752.825134338 -0.16106986666666667
v -13581539.44751285 4433752.276796831 -0.16106986666666667
v -13581537.859373473 4433751.705853589 -0.16106986666666667
v -13581536.270765007 4433751.136248216 -0.16106986666666667
v -13581534.673818104 4433750.590424558 -0.16106986666666667
v -13581533.076871203 4433750.044600901 -0.16106986666666667
v -13581531.494198298 4433749.459399707 -0.16106986666666667
v -13581529.918432439 4433748.855144112 -0.16106986666666667
v -13581528.337853935 4433748.263996924 -0.16106986666666667
v -13581526.745441664 4433747.705081875 -0.16106986666666667
v -13581525.153029395 4433747.146166826 -0.16106986666666667
v -13581523.56765613 4433746.567624813 -0.16106986666666667
v -13581521.98298904 4433745.987113759 -0.16106986666666667
v -13581520.395089328 4433745.415575824 -0.16106986666666667
v -13581518.804284055 4433744.852103148 -0.16106986666666667
v -13581517.21284909 4433744.2904303325 -0.16106986666666667
v -13581515.61773064 4433743.739286068 -0.16106986666666667
v -13581514.022612192 4433743.188141803 -0.16106986666666667
v -13581512.442938143 4433742.594699042 -0.16106986666666667
v -13581510.867974764 4433741.988354897 -0.16106986666666667
v -13581509.285594366 4433741.402284307 -0.16106986666666667
v -13581507.691175388 4433740.849119787 -0.16106986666666667
v -13581506.09676061 4433740.295943264 -0.16106986666666667
v -13581504.505406957 4433739.734021185 -0.16106986666666667
v -13581502.914053304 4433739.172099107 -0.16106986666666667
v -13581501.331464179 4433738.586284301 -0.16106986666666667
v -13581499.754227564 4433737.985878163 -0.16106986666666667
v -13581498.173202472 4433737.395854229 -0.16106986666666667
v -13581496.579947913 4433736.839344766 -0.16106986666666667
v -13581494.986693354 4433736.282835304 -0.16106986666666667
v -13581493.40908111 4433735.683705192 -0.16106986666666667
v -13581491.834091501 4433735.077429183 -0.16106986666666667
v -13581490.25119296 4433734.492614343 -0.16106986666666667
v -13581488.659424717 4433733.931867763 -0.16106986666666667
v -13581487.067628508 4433733.371200637 -0.16106986666666667
v -13581485.47555275 4433732.811327749 -0.16106986666666667
v -13581483.883476993 4433732.251454861 -0.16106986666666667
v -13581482.291734194 4433731.690636417 -0.16106986666666667
v -13581480.700127013 4433731.129432844 -0.16106986666666667
v -13581479.1145514 4433730.551937877 -0.16106986666666667
v -13581477.541215442 4433729.941383354 -0.16106986666666667
v -13581475.967879482 4433729.330828831 -0.16106986666666667
v -13581474.377970353 4433728.764950321 -0.16106986666666667
v -13581472.787087949 4433728.201695452 -0.16106986666666667
v -13581471.200622592 4433727.626230293 -0.16106986666666667
v -13581469.617573213 4433727.041322153 -0.16106986666666667
v -13581468.034990676 4433726.455158962 -0.16106986666666667
v -13581466.454516605 4433725.8633274175 -0.16106986666666667
v -13581464.874042533 4433725.271495872 -0.16106986666666667
v -13581463.29941485 4433724.664336606 -0.16106986666666667
v -13581461.726267828 4433724.053295435 -0.16106986666666667
v -13581460.146551251 4433723.459869332 -0.16106986666666667
v -13581458.557469336 4433722.891554681 -0.16106986666666667
v -13581456.968391985 4433722.3232272845 -0.16106986666666667
v -13581455.379456146 4433721.754504357 -0.16106986666666667
v -13581453.790520305 4433721.18578143 -0.16106986666666667
v -13581452.21244273 4433720.588021578 -0.16106986666666667
v -13581450.64020863 4433719.974635235 -0.16106986666666667
v -13581449.063758716 4433719.372500344 -0.16106986666666667
v -13581447.47556645 4433718.801704235 -0.16106986666666667
v -13581445.887374187 4433718.230908127 -0.16106986666666667
v -13581444.313516583 4433717.621881019 -0.16106986666666667
v -13581442.741560092 4433717.007783583 -0.16106986666666667
v -13581441.169540146 4433716.393848628 -0.16106986666666667
v -13581439.597455945 4433715.780078204 -0.16106986666666667
v -13581438.023711123 4433715.1707248455 -0.16106986666666667
v -13581436.436648162 4433714.596796257 -0.16106986666666667
v -13581434.8495852 4433714.022867668 -0.16106986666666667
v -13581433.262794463 4433713.448187072 -0.16106986666666667
v -13581431.676104765 4433712.873227359 -0.16106986666666667
v -13581430.091745635 4433712.29194952 -0.16106986666666667
v -13581428.51175958 4433711.698816372 -0.16106986666666667
v -13581426.931773523 4433711.105683225 -0.16106986666666667
v -13581425.354128368 4433710.5063527655 -0.16106986666666667
v -13581423.776570238 4433709.9067919105 -0.16106986666666667
v -13581422.194446353 4433709.31949053 -0.16106986666666667
v -13581420.60901518 4433708.741069518 -0.16106986666666667
v -13581419.0236834 4433708.162376438 -0.16106986666666667
v -13581417.43875436 4433707.582580957 -0.16106986666666667
v -13581415.853825318 4433707.002785475 -0.16106986666666667
v -13581414.280622736 4433706.392089225 -0.16106986666666667
v -13581412.710067317 4433705.774417347 -0.16106986666666667
v -13581411.139511898 4433705.15674547 -0.16106986666666667
v -13581409.568956481 4433704.539073592 -0.16106986666666667
v -13581407.998401063 4433703.921401715 -0.16106986666666667
v -13581406.427845646 4433703.303729837 -0.16106986666666667
v -13581404.857290227 4433702.68605796 -0.16106986666666667
v -13581403.284008546 4433702.075387795 -0.16106986666666667
v -13581401.70929897 4433701.468384809 -0.16106986666666667
v -13581400.133332305 4433700.86468088 -0.16106986666666667
v -13581398.55398643 4433700.26984521 -0.16106986666666667
v -13581396.974640554 4433699.675009541 -0.16106986666666667
v -13581395.403346777 4433699.059270069 -0.16106986666666667
v -13581393.833074203 4433698.440879487 -0.16106986666666667
v -13581392.262801629 4433697.822488907 -0.16106986666666667
v -13581390.692529054 4433697.204098326 -0.16106986666666667
v -13581389.122256478 4433696.5857077455 -0.16106986666666667
v -13581387.551983904 4433695.967317165 -0.16106986666666667
v -13581385.98171133 4433695.348926584 -0.16106986666666667
v -13581384.41384318 4433694.724477683 -0.16106986666666667
v -13581382.846875207 4433694.09776065 -0.16106986666666667
v -13581381.281700898 4433693.466612604 -0.16106986666666667
v -13581379.7200113 4433692.826856035 -0.16106986666666667
v -13581378.158321701 4433692.187099466 -0.16106986666666667
v -13581376.599286586 4433691.540903033 -0.16106986666666667
v -13581375.04039102 4433690.894368052 -0.16106986666666667
v -13581373.474817585 4433690.264374515 -0.16106986666666667
v -13581371.903980205 4433689.6474200655 -0.16106986666666667
v -13581370.335049864 4433689.025732227 -0.16106986666666667
v -13581368.775249997 4433688.3813819755 -0.16106986666666667
v -13581367.21545013 4433687.737031724 -0.16106986666666667
v -13581365.658652823 4433687.085473555 -0.16106986666666667
v -13581364.102691166 4433686.431909339 -0.16106986666666667
v -13581362.550578738 4433685.769368159 -0.16106986666666667
v -13581361.004480831 4433685.092800254 -0.16106986666666667
v -13581359.458382923 4433684.416232348 -0.16106986666666667
v -13581357.902699115 4433683.762009793 -0.16106986666666667
v -13581356.346956907 4433683.107923364 -0.16106986666666667
v -13581354.811300583 4433682.409115599 -0.16106986666666667
v -13581353.288934 4433681.680718142 -0.16106986666666667
v -13581351.779138822 4433680.9285991965 -0.16106986666666667
v -13581350.32164362 4433680.077793339 -0.16106986666666667
v -13581348.86414842 4433679.226987482 -0.16106986666666667
v -13581347.384360205 4433678.416014871 -0.16106986666666667
v -13581345.89694221 4433677.618675184 -0.16106986666666667
v -13581344.428887589 4433676.788140151 -0.16106986666666667
v -13581343.002658091 4433675.885902771 -0.16106986666666667
v -13581341.576428594 4433674.983665391 -0.16106986666666667
v -13581340.110250745 4433674.1485849265 -0.16106986666666667
v -13581338.63670596 4433673.325888974 -0.16106986666666667
v -13581337.142253492 4433672.543753179 -0.16106986666666667
v -13581335.61729391 4433671.820800113 -0.16106986666666667
v -13581334.092334324 4433671.097847045 -0.16106986666666667
v -13581967.670747016 4433848.608801326 -0.3516884
v -13581966.003962843 4433848.482983242 -0.3516884
v -13581964.33717867 4433848.357165157 -0.3516884
v -13581962.700340303 4433848.058557484 -0.3516884
v -13581961.08842347 4433847.616150668 -0.3516884
v -13581959.476506636 4433847.173743852 -0.3516884
v -13581957.864589803 4433846.731337036 -0.3516884
v -13581956.252672968 4433846.2889302205 -0.3516884
v -13581954.59635166 4433846.174760961 -0.3516884
v -13581952.92482646 4433846.172978758 -0.3516884
v -13581951.268005444 4433846.0630647065 -0.3516884
v -13581949.656700334 4433845.618435073 -0.3516884
v -13581948.045395223 4433845.17380544 -0.3516884
v -13581946.434090113 4433844.729175805 -0.3516884
v -13581944.822785003 4433844.284546171 -0.3516884
v -13581943.211479893 4433843.8399165375 -0.3516884
v -13581941.600174783 4433843.395286904 -0.3516884
v -13581939.986390313 4433842.965749325 -0.3516884
v -13581938.317523167 4433842.871504323 -0.3516884
v -13581936.648656022 4433842.77725932 -0.3516884
v -13581935.013371963 4433842.479299188 -0.3516884
v -13581933.402562013 4433842.032879006 -0.3516884
v -13581931.791752065 4433841.5864588255 -0.3516884
v -13581930.180942114 4433841.140038645 -0.3516884
v -13581928.570132166 4433840.693618463 -0.3516884
v -13581926.913566494 4433840.656217191 -0.3516884
v -13581925.243929425 4433840.735663569 -0.3516884
v -13581923.591152761 4433840.912258188 -0.3516884
v -13581921.992386157 4433841.4000542695 -0.3516884
v -13581920.393619552 4433841.88785035 -0.3516884
v -13581918.791295458 4433842.03177401 -0.3516884
v -13581917.182779241 4433841.577158505 -0.3516884
v -13581915.574263027 4433841.122543 -0.3516884
v -13581913.965746813 4433840.667927494 -0.3516884
v -13581912.357230598 4433840.21331199 -0.3516884
v -13581910.74062066 4433839.789283903 -0.3516884
v -13581909.117767947 4433839.388848219 -0.3516884
v -13581907.498480493 4433839.131355042 -0.3516884
v -13581905.897608524 4433839.612196609 -0.3516884
v -13581904.296736557 4433840.093038177 -0.3516884
v -13581902.69586459 4433840.573879746 -0.3516884
v -13581901.094992623 4433841.0547213135 -0.3516884
v -13581899.494120656 4433841.535562881 -0.3516884
v -13581897.893248688 4433842.016404449 -0.3516884
v -13581896.29237672 4433842.497246018 -0.3516884
v -13581894.691504752 4433842.978087585 -0.3516884
v -13581893.090632785 4433843.458929154 -0.3516884
v -13581891.489760818 4433843.939770722 -0.3516884
v -13581889.88888885 4433844.42061229 -0.3516884
v -13581888.274499662 4433844.274385148 -0.3516884
v -13581886.654394146 4433843.862975632 -0.3516884
v -13581885.039790459 4433843.431627129 -0.3516884
v -13581883.437957423 4433842.953996942 -0.3516884
v -13581881.836124387 4433842.4763667565 -0.3516884
v -13581880.21182679 4433842.082890181 -0.3516884
v -13581878.58506207 4433841.6986556025 -0.3516884
v -13581876.969864149 4433841.740387621 -0.3516884
v -13581875.36634848 4433842.212338015 -0.3516884
v -13581873.762832813 4433842.68428841 -0.3516884
v -13581872.152698604 4433842.572827671 -0.3516884
v -13581870.538888868 4433842.137376409 -0.3516884
v -13581868.928457372 4433841.690119672 -0.3516884
v -13581867.328589218 4433841.205948671 -0.3516884
v -13581865.728721062 4433840.721777672 -0.3516884
v -13581864.088242276 4433840.41045431 -0.3516884
v -13581862.440154474 4433840.131516563 -0.3516884
v -13581860.792014435 4433840.089535977 -0.3516884
v -13581859.143803813 4433840.3677470675 -0.3516884
v -13581857.495593188 4433840.645958159 -0.3516884
v -13581855.885225924 4433840.343584279 -0.3516884
v -13581854.287076239 4433839.853770787 -0.3516884
v -13581852.688926555 4433839.363957296 -0.3516884
v -13581851.09077687 4433838.874143804 -0.3516884
v -13581849.492627187 4433838.384330313 -0.3516884
v -13581847.826296013 4433838.441130736 -0.3516884
v -13581846.15679349 4433838.523356012 -0.3516884
v -13581844.489708625 4433838.504460189 -0.3516884
v -13581842.82604317 4433838.342543776 -0.3516884
v -13581841.162377715 4433838.180627364 -0.3516884
v -13581839.563871006 4433837.695350299 -0.3516884
v -13581837.96732978 4433837.200319203 -0.3516884
v -13581836.355471317 4433836.760501711 -0.3516884
v -13581834.732077502 4433836.362265358 -0.3516884
v -13581833.104535917 4433836.077732949 -0.3516884
v -13581831.456441175 4433836.356629697 -0.3516884
v -13581829.808346435 4433836.635526444 -0.3516884
v -13581828.186750207 4433836.526349408 -0.3516884
v -13581826.591863055 4433836.026014878 -0.3516884
v -13581824.996975902 4433835.52568035 -0.3516884
v -13581823.40208875 4433835.025345821 -0.3516884
v -13581821.807201598 4433834.525011293 -0.3516884
v -13581820.161930816 4433834.457691403 -0.3516884
v -13581818.494773839 4433834.578469203 -0.3516884
v -13581816.837496284 4433834.615204169 -0.3516884
v -13581815.243794985 4433834.111105127 -0.3516884
v -13581813.650093688 4433833.607006086 -0.3516884
v -13581812.05639239 4433833.102907045 -0.3516884
v -13581810.462691093 4433832.598808004 -0.3516884
v -13581808.843357176 4433832.244038025 -0.3516884
v -13581807.172776783 4433832.187816878 -0.3516884
v -13581805.502196388 4433832.131595731 -0.3516884
v -13581803.898081692 4433831.690131795 -0.3516884
v -13581802.305241918 4433831.183317108 -0.3516884
v -13581800.712402146 4433830.676502421 -0.3516884
v -13581799.119562373 4433830.169687734 -0.3516884
v -13581797.522862501 4433829.681993069 -0.3516884
v -13581795.858156571 4433829.531149324 -0.3516884
v -13581794.19345064 4433829.380305579 -0.3516884
v -13581792.57279669 4433829.012031814 -0.3516884
v -13581790.980654994 4433828.503028388 -0.3516884
v -13581789.37734383 4433828.03932355 -0.3516884
v -13581787.7310793 4433827.749819196 -0.3516884
v -13581786.084814772 4433827.460314842 -0.3516884
v -13581784.470867345 4433827.031611675 -0.3516884
v -13581782.865445152 4433826.5661879415 -0.3516884
v -13581781.265425328 4433826.083069353 -0.3516884
v -13581779.673812428 4433825.5724148275 -0.3516884
v -13581778.082199527 4433825.061760302 -0.3516884
v -13581776.419175668 4433824.896992215 -0.3516884
v -13581774.75546322 4433824.735559376 -0.3516884
v -13581773.13156727 4433824.381946532 -0.3516884
v -13581771.54066651 4433823.869077701 -0.3516884
v -13581769.941723285 4433823.388590079 -0.3516884
v -13581768.29573509 4433823.097518738 -0.3516884
v -13581766.649746893 4433822.806447397 -0.3516884
v -13581765.035861319 4433822.379582818 -0.3516884
v -13581763.433780532 4433821.902784306 -0.3516884
v -13581761.835579997 4433821.413490072 -0.3516884
v -13581760.24521871 4433820.898950818 -0.3516884
v -13581758.654857421 4433820.384411564 -0.3516884
v -13581757.041309327 4433819.948571033 -0.3516884
v -13581755.426020792 4433819.518637764 -0.3516884
v -13581753.824023211 4433819.043622655 -0.3516884
v -13581752.23384278 4433818.528524731 -0.3516884
v -13581750.640491283 4433818.024163808 -0.3516884
v -13581749.025616297 4433817.592679799 -0.3516884
v -13581747.410741312 4433817.161195789 -0.3516884
v -13581745.813967047 4433816.668463776 -0.3516884
v -13581744.223967994 4433816.152806252 -0.3516884
v -13581742.610557133 4433815.746377272 -0.3516884
v -13581740.948891994 4433815.565080191 -0.3516884
v -13581739.287226852 4433815.38378311 -0.3516884
v -13581737.689884352 4433814.903418656 -0.3516884
v -13581736.100616038 4433814.385513359 -0.3516884
v -13581734.499440322 4433813.907595676 -0.3516884
v -13581732.885742342 4433813.4717304455 -0.3516884
v -13581731.27418074 4433813.028695452 -0.3516884
v -13581729.685096428 4433812.510225859 -0.3516884
v -13581728.096012117 4433811.991756265 -0.3516884
v -13581726.465755831 4433811.641795247 -0.3516884
v -13581724.816629022 4433811.369067473 -0.3516884
v -13581723.183725271 4433811.030095603 -0.3516884
v -13581721.595196158 4433810.509927436 -0.3516884
v -13581720.006667042 4433809.989759267 -0.3516884
v -13581718.366187315 4433809.680646167 -0.3516884
v -13581716.717707647 4433809.404033709 -0.3516884
v -13581715.09641251 4433809.017236293 -0.3516884
v -13581713.50844342 4433808.495360983 -0.3516884
v -13581711.917600898 4433807.98507303 -0.3516884
v -13581710.269784147 4433807.704538498 -0.3516884
v -13581708.621967396 4433807.424003967 -0.3516884
v -13581707.01229463 4433806.990005578 -0.3516884
v -13581705.424890444 4433806.466414494 -0.3516884
v -13581703.827407736 4433805.97933358 -0.3516884
v -13581702.19619681 4433805.614435536 -0.3516884
v -13581700.564985882 4433805.249537491 -0.3516884
v -13581698.97022097 4433804.752797176 -0.3516884
v -13581697.383196125 4433804.228057424 -0.3516884
v -13581695.786148587 4433803.7363049835 -0.3516884
v -13581694.175454559 4433803.289466741 -0.3516884
v -13581692.565312507 4433802.840812983 -0.3516884
v -13581690.978478158 4433802.315497441 -0.3516884
v -13581689.39164381 4433801.790181899 -0.3516884
v -13581687.768139763 4433801.40989382 -0.3516884
v -13581686.122324713 4433801.117845039 -0.3516884
v -13581684.48883956 4433800.777143752 -0.3516884
v -13581682.902580034 4433800.250095002 -0.3516884
v -13581681.316320507 4433799.723046253 -0.3516884
v -13581679.695476884 4433799.319439811 -0.3516884
v -13581678.066284074 4433798.945634438 -0.3516884
v -13581676.445140216 4433798.540283019 -0.3516884
v -13581674.836013453 4433798.087833324 -0.3516884
v -13581673.226908289 4433797.6353133 -0.3516884
v -13581671.641228624 4433797.1065225415 -0.3516884
v -13581670.055548957 4433796.577731782 -0.3516884
v -13581668.444415456 4433796.139122189 -0.3516884
v -13581666.816265075 4433795.760802208 -0.3516884
v -13581665.196485782 4433795.352865719 -0.3516884
v -13581663.611195518 4433794.822908694 -0.3516884
v -13581662.025905253 4433794.29295167 -0.3516884
v -13581660.422532797 4433793.821549521 -0.3516884
v -13581658.814459037 4433793.365371433 -0.3516884
v -13581657.206502777 4433792.908779656 -0.3516884
v -13581655.598727614 4433792.451550286 -0.3516884
v -13581653.99095245 4433791.994320917 -0.3516884
v -13581652.405902466 4433791.463682745 -0.3516884
v -13581650.821003884 4433790.932555495 -0.3516884
v -13581649.24514781 4433790.375633895 -0.3516884
v -13581647.675532589 4433789.800909852 -0.3516884
v -13581646.10480089 4433789.229285629 -0.3516884
v -13581644.529199826 4433788.671180837 -0.3516884
v -13581642.953598762 4433788.113076045 -0.3516884
v -13581641.370565072 4433787.5765505945 -0.3516884
v -13581639.785470363 4433787.046008952 -0.3516884
v -13581638.200375654 4433786.51546731 -0.3516884
v -13581636.615280947 4433785.984925668 -0.3516884
v -13581635.030186238 4433785.454384025 -0.3516884
v -13581633.445091529 4433784.923842383 -0.3516884
v -13581631.85999682 4433784.39330074 -0.3516884
v -13581630.262483975 4433783.902716147 -0.3516884
v -13581628.65589831 4433783.441324585 -0.3516884
v -13581627.049366873 4433782.979744438 -0.3516884
v -13581625.443086285 4433782.517291907 -0.3516884
v -13581623.836805698 4433782.054839375 -0.3516884
v -13581622.247306356 4433781.5385239655 -0.3516884
v -13581620.662604477 4433781.006810114 -0.3516884
v -13581619.077902596 4433780.475096262 -0.3516884
v -13581617.493200716 4433779.94338241 -0.3516884
v -13581615.908498835 4433779.411668559 -0.3516884
v -13581614.30341034 4433778.945228262 -0.3516884
v -13581612.697781077 4433778.480519391 -0.3516884
v -13581611.104279552 4433777.97700539 -0.3516884
v -13581609.51977495 4433777.444703938 -0.3516884
v -13581607.935270347 4433776.912402486 -0.3516884
v -13581606.350765746 4433776.380101034 -0.3516884
v -13581604.766261144 4433775.847799582 -0.3516884
v -13581603.177272273 4433775.32909641 -0.3516884
v -13581601.586947871 4433774.814443163 -0.3516884
v -13581600.000199106 4433774.289076207 -0.3516884
v -13581598.419549046 4433773.745435647 -0.3516884
v -13581596.838898987 4433773.201795087 -0.3516884
v -13581595.256564273 4433772.663078464 -0.3516884
v -13581593.674172224 4433772.124529414 -0.3516884
v -13581592.079319093 4433771.625403619 -0.3516884
v -13581590.474868676 4433771.156640858 -0.3516884
v -13581588.87610995 4433770.670549212 -0.3516884
v -13581587.306180788 4433770.096683294 -0.3516884
v -13581585.736251624 4433769.522817376 -0.3516884
v -13581584.160780547 4433768.964422181 -0.3516884
v -13581582.583557697 4433768.410917213 -0.3516884
v -13581581.003738308 4433767.864973031 -0.3516884
v -13581579.419233706 4433767.332671577 -0.3516884
v -13581577.834729105 4433766.800370123 -0.3516884
v -13581576.263668003 4433766.2296790145 -0.3516884
v -13581574.693243466 4433765.657170112 -0.3516884
v -13581573.11875862 4433765.096030349 -0.3516884
v -13581571.540949978 4433764.54419744 -0.3516884
v -13581569.964588739 4433763.988339072 -0.3516884
v -13581568.396642465 4433763.409077342 -0.3516884
v -13581566.828696191 4433762.829815611 -0.3516884
v -13581565.251062531 4433762.2777461475 -0.3516884
v -13581563.670045666 4433761.735173254 -0.3516884
v -13581562.094649319 4433761.176972967 -0.3516884
v -13581560.530225854 4433760.588263447 -0.3516884
v -13581558.965802392 4433759.999553929 -0.3516884
v -13581557.384888235 4433759.456842105 -0.3516884
v -13581555.802772524 4433758.917481793 -0.3516884
v -13581554.227953723 4433758.357550805 -0.3516884
v -13581552.659609403 4433757.779367646 -0.3516884
v -13581551.09045555 4433757.203419676 -0.3516884
v -13581549.515602209 4433756.643208447 -0.3516884
v -13581547.940748867 4433756.082997217 -0.3516884
v -13581546.37646753 4433755.494215677 -0.3516884
v -13581544.81628573 4433754.894355342 -0.3516884
v -13581543.249417625 4433754.312908753 -0.3516884
v -13581541.667847056 4433753.771952 -0.3516884
v -13581540.086276488 4433753.230995248 -0.3516884
v -13581538.52441755 4433752.635791109 -0.3516884
v -13581536.964501504 4433752.035240028 -0.3516884
v -13581535.397225935 4433751.454548757 -0.3516884
v -13581533.822655905 4433750.893541723 -0.3516884
v -13581532.248767044 4433750.330658947 -0.3516884
v -13581530.681122309 4433749.75058167 -0.3516884
v -13581529.113477571 4433749.170504391 -0.3516884
v -13581527.537944932 4433748.612423489 -0.3516884
v -13581525.958912563 4433748.064102004 -0.3516884
v -13581524.385575369 4433747.500241553 -0.3516884
v -13581522.826193297 4433746.898305324 -0.3516884
v -13581521.266811226 4433746.296369095 -0.3516884
v -13581519.689687856 4433745.742903906 -0.3516884
v -13581518.11018164 4433745.195948894 -0.3516884
v -13581516.533023357 4433744.642309311 -0.3516884
v -13581514.958420457 4433744.081394545 -0.3516884
v -13581513.384641176 4433743.518235631 -0.3516884
v -13581511.821020842 4433742.927396299 -0.3516884
v -13581510.257400505 4433742.336556968 -0.3516884
v -13581508.685516411 4433741.768320795 -0.3516884
v -13581507.10952729 4433741.211312754 -0.3516884
v -13581505.537469814 4433740.643620313 -0.3516884
v -13581503.97634006 4433740.046231358 -0.3516884
v -13581502.415210307 4433739.448842404 -0.3516884
v -13581500.83992628 4433738.890096364 -0.3516884
v -13581499.262279047 4433738.33780217 -0.3516884
v -13581497.68633409 4433737.780697315 -0.3516884
v -13581496.112438181 4433737.217801818 -0.3516884
v -13581494.539156018 4433736.65324618 -0.3516884
v -13581492.977595404 4433736.056984391 -0.3516884
v -13581491.416034792 4433735.460722602 -0.3516884
v -13581489.84489792 4433734.890548605 -0.3516884
v -13581488.268426351 4433734.334907477 -0.3516884
v -13581486.695314867 4433733.770092716 -0.3516884
v -13581485.132912971 4433733.176038861 -0.3516884
v -13581483.570511075 4433732.581985006 -0.3516884
v -13581482.000645757 4433732.00802553 -0.3516884
v -13581480.429268641 4433731.438136389 -0.3516884
v -13581478.862730324 4433730.855297805 -0.3516884
v -13581477.302688124 4433730.255074511 -0.3516884
v -13581475.74240821 4433729.65548953 -0.3516884
v -13581474.169773161 4433729.089080959 -0.3516884
v -13581472.597138112 4433728.522672386 -0.3516884
v -13581471.033980567 4433727.930995671 -0.3516884
v -13581469.476767726 4433727.323469673 -0.3516884
v -13581467.918003507 4433726.719995538 -0.3516884
v -13581466.353244027 4433726.132179716 -0.3516884
v -13581464.788484547 4433725.544363894 -0.3516884
v -13581463.222095903 4433724.960907953 -0.3516884
v -13581461.655297518 4433724.378548535 -0.3516884
v -13581460.09236981 4433723.786033313 -0.3516884
v -13581458.535417723 4433723.177839375 -0.3516884
v -13581456.978465635 4433722.5696454365 -0.3516884
v -13581455.405432321 4433722.004373974 -0.3516884
v -13581453.83213846 4433721.439797941 -0.3516884
v -13581452.26170509 4433720.867357587 -0.3516884
v -13581450.69334411 4433720.289219619 -0.3516884
v -13581449.12625273 4433719.707702141 -0.3516884
v -13581447.56517166 4433719.110185981 -0.3516884
v -13581446.00409059 4433718.51266982 -0.3516884
v -13581444.446609776 4433717.905856059 -0.3516884
v -13581442.890224377 4433717.296213413 -0.3516884
v -13581441.328321565 4433716.701218535 -0.3516884
v -13581439.756501526 4433716.132552169 -0.3516884
v -13581438.184681488 4433715.563885803 -0.3516884
v -13581436.613328578 4433714.9939300055 -0.3516884
v -13581435.041998748 4433714.423910501 -0.3516884
v -13581433.479166858 4433713.831390892 -0.3516884
v -13581431.923337393 4433713.220330878 -0.3516884
v -13581430.367507925 4433712.609270863 -0.3516884
v -13581428.81167846 4433711.998210849 -0.3516884
v -13581427.255848993 4433711.387150835 -0.3516884
v -13581425.689456321 4433710.803983998 -0.3516884
v -13581424.119143942 4433710.231167535 -0.3516884
v -13581422.550746353 4433709.653183602 -0.3516884
v -13581420.986336388 4433709.0644382145 -0.3516884
v -13581419.421926422 4433708.475692828 -0.3516884
v -13581417.860753654 4433707.878422534 -0.3516884
v -13581416.29987093 4433707.280388427 -0.3516884
v -13581414.738389956 4433706.683920373 -0.3516884
v -13581413.176334254 4433706.088956799 -0.3516884
v -13581411.614264991 4433705.494028846 -0.3516884
v -13581410.052077169 4433704.899412263 -0.3516884
v -13581408.489889348 4433704.304795681 -0.3516884
v -13581406.932707073 4433703.697260554 -0.3516884
v -13581405.377718033 4433703.084065026 -0.3516884
v -13581403.819508493 4433702.4792672545 -0.3516884
v -13581402.253242975 4433701.8954762 -0.3516884
v -13581400.686977457 4433701.311685144 -0.3516884
v -13581399.129267171 4433700.705500674 -0.3516884
v -13581397.572728932 4433700.096248365 -0.3516884
v -13581396.011160227 4433699.500196263 -0.3516884
v -13581394.443926003 4433698.919010786 -0.3516884
v -13581392.876969347 4433698.337085154 -0.3516884
v -13581391.314037848 4433697.74442606 -0.3516884
v -13581389.75110635 4433697.151766965 -0.3516884
v -13581388.183566192 4433696.571485465 -0.3516884
v -13581386.613624433 4433695.997654005 -0.3516884
v -13581385.047184912 4433695.414578202 -0.3516884
v -13581383.49112065 4433694.804116343 -0.3516884
v -13581381.935056387 4433694.193654485 -0.3516884
v -13581380.372901682 4433693.598995819 -0.3516884
v -13581378.809612758 4433693.007280168 -0.3516884
v -13581377.250561228 4433692.404635758 -0.3516884
v -13581375.696990525 4433691.787855617 -0.3516884
v -13581374.14362163 4433691.170576274 -0.3516884
v -13581372.597878674 4433690.534432908 -0.3516884
v -13581371.052135717 4433689.898289541 -0.3516884
v -13581369.503611468 4433689.268974088 -0.3516884
v -13581367.953328097 4433688.6439771755 -0.3516884
v -13581366.402326219 4433688.020777399 -0.3516884
v -13581364.848470071 4433687.404716737 -0.3516884
v -13581363.294613922 4433686.788656075 -0.3516884
v -13581361.72495169 4433686.214522334 -0.3516884
v -13581360.151112236 4433685.651469013 -0.3516884
v -13581358.577650037 4433685.087364056 -0.3516884
v -13581357.004785592 4433684.521592809 -0.3516884
v -13581355.431921145 4433683.955821562 -0.3516884
v -13581353.888803689 4433683.313428493 -0.3516884
v -13581352.346211672 4433682.669682006 -0.3516884
v -13581350.80326874 4433682.026777547 -0.3516884
v -13581349.260059075 4433681.384513115 -0.3516884
v -13581347.732587198 4433680.710716516 -0.3516884
v -13581346.291631605 4433679.863576238 -0.3516884
v -13581344.850676013 4433679.016435959 -0.3516884
v -13581343.520898644 4433678.012320476 -0.3516884
v -13581342.243534474 4433676.934201537 -0.3516884
v -13581340.966975134 4433675.855141554 -0.3516884
v -13581339.703788048 4433674.760446138 -0.3516884
v -13581338.440600963 4433673.665750721 -0.3516884
v -13581337.06438205 4433672.750611865 -0.3516884
v -13581335.53112733 4433672.0849320395 -0.3516884
v -13581333.997872608 4433671.419252215 -0.3516884
f 1 401 402
f 1 402 2
f 2 402 403
f 2 403 3
f 3 403 404
f 3 404 4
f 4 404 405
f 4 405 5
f 5 405 406
f 5 406 6
f 6 406 407
f 6 407 7
f 7 407 408
f 7 408 8
f 8 408 409
f 8 409 9
f 9 409 410
f 9 410 10
f 10 410 411
f 10 411 11
f 11 411 412
f 11 412 12
f 12 412 413
f 12 413 13
f 13 413 414
f 13 414 14
f 14 414 415
f 14 415 15
f 15 415 416
f 15 416 16
f 16 416 417
f 16 417 17
f 17 417 418
f 17 418 18
f 18 418 419
f 18 419 19
f 19 419 420
f 19 420 20
f 20 420 421
f 20 421 21
f 21 421 422
f 21 422 22
f 22 422 423
f 22 423 23
f 23 423 424
f 23 424 24
f 24 424 425
f 24 425 25
f 25 425 426
f 25 426 26
f 26 426 427
f 26 427 27
f 27 427 428
f 27 428 28
f 28 428 429
f 28 429 29
f 29 429 430
f 29 430 30
f 30 430 431
f 30 431 31
f 31 431 432
f 31 432 32
f 32 432 433
f 32 433 33
f 33 433 434
f 33 434 34
f 34 434 435
f 34 435 35
f 35 435 436
f 35 436 36
f 36 436 437
f 36 437 37
f 37 437 438
f 37 438 38
f 38 438 439
f 38 439 39
f 39 439 440
f 39 440 40
f 40 440 441
f 40 441 41
f 41 441 442
f 41 442 42
f 42 442 443
f 42 443 43
f 43 443 444
f 43 444 44
f 44 444 445
f 44 445 45
f 45 445 446
f 45 446 46
f 46 446 447
f 46 447 47
f 47 447 448
f 47 448 48
f 48 448 449
f 48 449 49
f 49 449 450
f 49 450 50
f 50 450 451
f 50 451 51
f 51 451 452
f 51 452 52
f 52 452 453
f 52 453 53
f 53 453 454
f 53 454 54
f 54 454 455
f 54 455 55
f 55 455 456
f 55 456 56
f 56 456 457
f 56 457 57
f 57 457 458
f 57 458 58
f 58 458 459
f 58 459 59
f 59 459 460
f 59 460 60
f 60 460 461
f 60 461 61
f 61 461 462
f 61 462 62
f 62 462 463
f 62 463 63
f 63 463 464
f 63 464 64
f 64 464 465
f 64 465 65
f 65 465 466
f 65 466 66
f 66 466 467
f 66 467 67
f 67 467 468
f 67 468 68
f 68 468 469
f 68 469 69
f 69 469 470
f 69 470 70
f 70 470 471
f 70 471 71
f 71 471 472
f 71 472 72
f 72 472 473
f 72 473 73
f 73 473 474
f 73 474 74
f 74 474 475
f 74 475 75
f 75 475 476
f 75 476 76
f 76 476 477
f 76 477 77
f 77 477 478
f 77 478 78
f 78 478 479
f 78 479 79
f 79 479 480
f 79 480 80
f 80 480 481
f 80 481 81
f 81 481 482
f 81 482 82
f 82 482 483
f 82 483 83
f 83 483 484
f 83 484 84
f 84 484 485
f 84 485 85
f 85 485 486
f 85 486 86
f 86 486 487
f 86 487 87
f 87 487 488
f 87 488 88
f 88 488 489
f 88 489 89
f 89 489 490
f 89 490 90
f 90 490 491
f 90 491 91
f 91 491 492
f 91 492 92
f 92 492 493
f 92 493 93
f 93 493 494
f 93 494 94
f 94 494 495
f 94 495 95
f 95 495 496
f 95 496 96
f 96 496 497
f 96 497 97
f 97 497 498
f 97 498 98
f 98 498 499
f 98 499 99
f 99 499 500
f 99 500 100
f 100 500 501
f 100 501 101
f 101 501 502
f 101 502 102
f 102 502 503
f 102 503 103
f 103 503 504
f 103 504 104
f 104 504 505
f 104 505 105
f 105 505 506
f 105 506 106
f 106 506 507
f 106 507 107
f 107 507 508
f 107 508 108
f 108 508 509
f 108 509 109
f 109 509 510
f 109 510 110
f 110 510 511
f 110 511 111
f 111 511 512
f 111 512 112
f 112 512 513
f 112 513 113
f 113 513 514
f 113 514 114
f 114 514 515
f 114 515 115
f 115 515 516
f 115 516 116
f 116 516 517
f 116 517 117
f 117 517 518
f 117 518 118
f 118 518 519
f 118 519 119
f 119 519 520
f 119 520 120
f 120 520 521
f 120 521 121
f 121 521 522
f 121 522 122
f 122 522 523
f 122 523 123
f 123 523 524
f 123 524 124
f 124 524 525
f 124 525 125
f 125 525 526
f 125 526 126
f 126 526 527
f 126 527 127
f 127 527 528
f 127 528 128
f 128 528 529
f 128 529 129
f 129 529 530
f 129 530 130
f 130 530 531
f 130 531 131
f 131 531 532
f 131 532 132
f 132 532 533
f 132 533 133
f 133 533 534
f 133 534 134
f 134 534 535
f 134 535 135
f 135 535 536
f 135 536 136
f 136 536 537
f 136 537 137
f 137 537 538
f 137 538 138
f 138 538 539
f 138 539 139
f 139 539 540
f 139 540 140
f 140 540 541
f 140 541 141
f 141 541 542
f 141 542 142
f 142 542 543
f 142 543 143
f 143 543 544
f 143 544 144
f 144 544 545
f 144 545 145
f 145 545 546
f 145 546 146
f 146 546 547
f 146 547 147
f 147 547 548
f 147 548 148
f 148 548 549
f 148 549 149
f 149 549 550
f 149 550 150
f 150 550 551
f 150 551 151
f 151 551 552
f 151 552 152
f 152 552 553
f 152 553 153
f 153 553 554
f 153 554 154
f 154 554 555
f 154 555 155
f 155 555 556
f 155 556 156
f 156 556 557
f 156 557 157
f 157 557 558
f 157 558 158
f 158 558 559
f 158 559 159
f 159 559 560
f 159 560 160
f 160 560 561
f 160 561 161
f 161 561 562
f 161 562 162
f 162 562 563
f 162 563 163
f 163 563 564
f 163 564 164
f 164 564 565
f 164 565 165
f 165 565 566
f 165 566 166
f 166 566 567
f 166 567 167
f 167 567 568
f 167 568 168
f 168 568 569
f 168 569 169
f 169 569 570
f 169 570 170
f 170 570 571
f 170 571 171
f 171 571 572
f 171 572 172
f 172 572 573
f 172 573 173
f 173 573 574
f 173 574 174
f 174 574 575
f 174 575 175
f 175 575 576
f 175 576 176
f 176 576 577
f 176 577 177
f 177 577 578
f 177 578 178
f 178 578 579
f 178 579 179
f 179 579 580
f 179 580 180
f 180 580 581
f 180 581 181
f 181 581 582
f 181 582 182
f 182 582 583
f 182 583 183
f 183 583 584
f 183 584 184
f 184 584 585
f 184 585 185
f 185 585 586
f 185 586 186
f 186 586 587
f 186 587 187
f 187 587 588
f 187 588 188
f 188 588 589
f 188 589 189
f 189 589 590
f 189 590 190
f 190 590 591
f 190 591 191
f 191 591 592
f 191 592 192
f 192 592 593
f 192 593 193
f 193 593 594
f 193 594 194
f 194 594 595
f 194 595 195
f 195 595 596
f 195 596 196
f 196 596 597
f 196 597 197
f 197 597 598
f 197 598 198
f 198 598 599
f 198 599 199
f 199 599 600
f 199 600 200
f 200 600 601
f 200 601 201
f 201 601 602
f 201 602 202
f 202 602 603
f 202 603 203
f 203 603 604
f 203 604 204
f 204 604 605
f 204 605 205
f 205 605 606
f 205 606 206
f 206 606 607
f 206 607 207
f 207 607 608
f 207 608 208
f 208 608 609
f 208 609 209
f 209 609 610
f 209 610 210
f 210 610 611
f 210 611 211
f 211 611 612
f 211 612 212
f 212 612 613
f 212 613 213
f 213 613 614
f 213 614 214
f 214 614 615
f 214 615 215
f 215 615 616
f 215 616 216
f 216 616 617
f 216 617 217
f 217 617 618
f 217 618 218
f 218 618 619
f 218 619 219
f 219 619 620
f 219 620 220
f 220 620 621
f 220 621 221
f 221 621 622
f 221 622 222
f 222 622 623
f 222 623 223
f 223 623 624
f 223 624 224
f 224 624 625
f 224 625 225
f 225 625 626
f 225 626 226
f 226 626 627
f 226 627 227
f 227 627 628
f 227 628 228
f 228 628 629
f 228 629 229
f 229 629 630
f 229 630 230
f 230 630 631
f 230 631 231
f 231 631 632
f 231 632 232
f 232 632 633
f 232 633 233
f 233 633 634
f 233 634 234
f 234 634 635
f 234 635 235
f 235 635 636
f 235 636 236
f 236 636 637
f 236 637 237
f 237 637 638
f 237 638 238
f 238 638 639
f 238 639 239
f 239 639 640
f 239 640 240
f 240 640 641
f 240 641 241
f 241 641 642
f 241 642 242
f 242 642 643
f 242 643 243
f 243 643 644
f 243 644 244
f 244 644 645
f 244 645 245
f 245 645 646
f 245 646 246
f 246 646 647
f 246 647 247
f 247 647 648
f 247 648 248
f 248 648 649
f 248 649 249
f 249 649 650
f 249 650 250
f 250 650 651
f 250 651 251
f 251 651 652
f 251 652 252
f 252 652 653
f 252 653 253
f 253 653 654
f 253 654 254
f 254 654 655
f 254 655 255
f 255 655 656
f 255 656 256
f 256 656 657
f 256 657 257
f 257 657 658
f 257 658 258
f 258 658 659
f 258 659 259
f 259 659 660
f 259 660 260
f 260 660 661
f 260 661 261
f 261 661 662
f 261 662 262
f 262 662 663
f 262 663 263
f 263 663 664
f 263 664 264
f 264 664 665
f 264 665 265
f 265 665 666
f 265 666 266
f 266 666 667
f 266 667 267
f 267 667 668
f 267 668 268
f 268 668 669
f 268 669 269
f 269 669 670
f 269 670 270
f 270 670 671
f 270 671 271
f 271 671 672
f 271 672 272
f 272 672 673
f 272 673 273
f 273 673 674
f 273 674 274
f 274 674 675
f 274 675 275
f 275 675 676
f 275 676 276
f 276 676 677
f 276 677 277
f 277 677 678
f 277 678 278
f 278 678 679
f 278 679 279
f 279 679 680
f 279 680 280
f 280 680 681
f 280 681 281
f 281 681 682
f 281 682 282
f 282 682 683
f 282 683 283
f 283 683 684
f 283 684 284
f 284 684 685
f 284 685 285
f 285 685 686
f 285 686 286
f 286 686 687
f 286 687 287
f 287 687 688
f 287 688 288
f 288 688 689
f 288 689 289
f 289 689 690
f 289 690 290
f 290 690 691
f 290 691 291
f 291 691 692
f 291 692 292
f 292 692 693
f 292 693 293
f 293 693 694
f 293 694 294
f 294 694 695
f 294 695 295
f 295 695 696
f 295 696 296
f 296 696 697
f 296 697 297
f 297 697 698
f 297 698 298
f 298 698 699
f 298 699 299
f 299 699 700
f 299 700 300
f 300 700 701
f 300 701 301
f 301 701 702
f 301 702 302
f 302 702 703
f 302 703 303
f 303 703 704
f 303 704 304
f 304 704 705
f 304 705 305
f 305 705 706
f 305 706 306
f 306 706 707
f 306 707 307
f 307 707 708
f 307 708 308
f 308 708 709
f 308 709 309
f 309 709 710
f 309 710 310
f 310 710 711
f 310 711 311
f 311 711 712
f 311 712 312
f 312 712 713
f 312 713 313
f 313 713 714
f 313 714 314
f 314 714 715
f 314 715 315
f 315 715 716
f 315 716 316
f 316 716 717
f 316 717 317
f 317 717 718
f 317 718 318
f 318 718 719
f 318 719 319
f 319 719 720
f 319 720 320
f 320 720 721
f 320 721 321
f 321 721 722
f 321 722 322
f 322 722 723
f 322 723 323
f 323 723 724
f 323 724 324
f 324 724 725
f 324 725 325
f 325 725 726
f 325 726 326
f 326 726 727
f 326 727 327
f 327 727 728
f 327 728 328
f 328 728 729
f 328 729 329
f 329 729 730
f 329 730 330
f 330 730 731
f 330 731 331
f 331 731 732
f 331 732 332
f 332 732 733
f 332 733 333
f 333 733 734
f 333 734 334
f 334 734 735
f 334 735 335
f 335 735 736
f 335 736 336
f 336 736 737
f 336 737 337
f 337 737 738
f 337 738 338
f 338 738 739
f 338 739 339
f 339 739 740
f 339 740 340
f 340 740 741
f 340 741 341
f 341 741 742
f 341 742 342
f 342 742 743
f 342 743 343
f 343 743 744
f 343 744 344
f 344 744 745
f 344 745 345
f 345 745 746
f 345 746 346
f 346 746 747
f 346 747 347
f 347 747 748
f 347 748 348
f 348 748 749
f 348 749 349
f 349 749 750
f 349 750 350
f 350 750 751
f 350 751 351
f 351 751 752
f 351 752 352
f 352 752 753
f 352 753 353
f 353 753 754
f 353 754 354
f 354 754 755
f 354 755 355
f 355 755 756
f 355 756 356
f 356 756 757
f 356 757 357
f 357 757 758
f 357 758 358
f 358 758 759
f 358 759 359
f 359 759 760
f 359 760 360
f 360 760 761
f 360 761 361
f 361 761 762
f 361 762 362
f 362 762 763
f 362 763 363
f 363 763 764
f 363 764 364
f 364 764 765
f 364 765 365
f 365 765 766
f 365 766 366
f 366 766 767
f 366 767 367
f 367 767 768
f 367 768 368
f 368 768 769
f 368 769 369
f 369 769 770
f 369 770 370
f 370 770 771
f 370 771 371
f 371 771 772
f 371 772 372
f 372 772 773
f 372 773 373
f 373 773 774
f 373 774 374
f 374 774 775
f 374 775 375
f 375 775 776
f 375 776 376
f 376 776 777
f 376 777 377
f 377 777 778
f 377 778 378
f 378 778 779
f 378 779 379
f 379 779 780
f 379 780 380
f 380 780 781
f 380 781 381
f 381 781 782
f 381 782 382
f 382 782 783
f 382 783 383
f 383 783 784
f 383 784 384
f 384 784 785
f 384 785 385
f 385 785 786
f 385 786 386
f 386 786 787
f 386 787 387
f 387 787 788
f 387 788 388
f 388 788 789
f 388 789 389
f 389 789 790
f 389 790 390
f 390 790 791
f 390 791 391
f 391 791 792
f 391 792 392
f 392 792 793
f 392 793 393
f 393 793 794
f 393 794 394
f 394 794 795
f 394 795 395
f 395 795 796
f 395 796 396
f 396 796 797
f 396 797 397
f 397 797 798
f 397 798 398
f 398 798 799
f 398 799 399
f 399 799 800
f 399 800 400
f 401 801 802
f 401 802 402
f 402 802 803
f 402 803 403
f 403 803 804
f 403 804 404
f 404 804 805
f 404 805 405
f 405 805 806
f 405 806 406
f 406 806 807
f 406 807 407
f 407 807 808
f 407 808 408
f 408 808 809
f 408 809 409
f 409 809 810
f 409 810 410
f 410 810 811
f 410 811 411
f 411 811 812
f 411 812 412
f 412 812 813
f 412 813 413
f 413 813 814
f 413 814 414
f 414 814 815
f 414 815 415
f 415 815 816
f 415 816 416
f 416 816 817
f 416 817 417
f 417 817 818
f 417 818 418
f 418 818 819
f 418 819 419
f 419 819 820
f 419 820 420
f 420 820 821
f 420 821 421
f 421 821 822
f 421 822 422
f 422 822 823
f 422 823 423
f 423 823 824
f 423 824 424
f 424 824 825
f 424 825 425
f 425 825 826
f 425 826 426
f 426 826 827
f 426 827 427
f 427 827 828
f 427 828 428
f 428 828 829
f 428 829 429
f 429 829 830
f 429 830 430
f 430 830 831
f 430 831 431
f 431 831 832
f 431 832 432
f 432 832 833
f 432 833 433
f 433 833 834
f 433 834 434
f 434 834 835
f 434 835 435
f 435 835 836
f 435 836 436
f 436 836 837
f 436 837 437
f 437 837 838
f 437 838 438
f 438 838 839
f 438 839 439
f 439 839 840
f 439 840 440
f 440 840 841
f 440 841 441
f 441 841 842
f 441 842 442
f 442 842 843
f 442 843 443
f 443 843 844
f 443 844 444
f 444 844 845
f 444 845 445
f 445 845 846
f 445 846 446
f 446 846 847
f 446 847 447
f 447 847 848
f 447 848 448
f 448 848 849
f 448 849 449
f 449 849 850
f 449 850 450
f 450 850 851
f 450 851 451
f 451 851 852
f 451 852 452
f 452 852 853
f 452 853 453
f 453 853 854
f 453 854 454
f 454 854 855
f 454 855 455
f 455 855 856
f 455 856 456
f 456 856 857
f 456 857 457
f 457 857 858
f 457 858 458
f 458 858 859
f 458 859 459
f 459 859 860
f 459 860 460
f 460 860 861
f 460 861 461
f 461 861 862
f 461 862 462
f 462 862 863
f 462 863 463
f 463 863 864
f 463 864 464
f 464 864 865
f 464 865 465
f 465 865 866
f 465 866 466
f 466 866 867
f 466 867 467
f 467 867 868
f 467 868 468
f 468 868 869
f 468 869 469
f 469 869 870
f 469 870 470
f 470 870 871
f 470 871 471
f 471 871 872
f 471 872 472
f 472 872 873
f 472 873 473
f 473 873 874
f 473 874 474
f 474 874 875
f 474 875 475
f 475 875 876
f 475 876 476
f 476 876 877
f 476 877 477
f 477 877 878
f 477 878 478
f 478 878 879
f 478 879 479
f 479 879 880
f 479 880 480
f 480 880 881
f 480 881 481
f 481 881 882
f 481 882 482
f 482 882 883
f 482 883 483
f 483 883 884
f 483 884 484
f 484 884 885
f 484 885 485
f 485 885 886
f 485 886 486
f 486 886 887
f 486 887 487
f 487 887 888
f 487 888 488
f 488 888 889
f 488 889 489
f 489 889 890
f 489 890 490
f 490 890 891
f 490 891 491
f 491 891 892
f 491 892 492
f 492 892 893
f 492 893 493
f 493 893 894
f 493 894 494
f 494 894 895
f 494 895 495
f 495 895 896
f 495 896 496
f 496 896 897
f 496 897 497
f 497 897 898
f 497 898 498
f 498 898 899
f 498 899 499
f 499 899 900
f 499 900 500
f 500 900 901
f 500 901 501
f 501 901 902
f 501 902 502
f 502 902 903
f 502 903 503
f 503 903 904
f 503 904 504
f 504 904 905
f 504 905 505
f 505 905 906
f 505 906 506
f 506 906 907
f 506 907 507
f 507 907 908
f 507 908 508
f 508 908 909
f 508 909 509
f 509 909 910
f 509 910 510
f 510 910 911
f 510 911 511
f 511 911 912
f 511 912 512
f 512 912 913
f 512 913 513
f 513 913 914
f 513 914 514
f 514 914 915
f 514 915 515
f 515 915 916
f 515 916 516
f 516 916 917
f 516 917 517
f 517 917 918
f 517 918 518
f 518 918 919
f 518 919 519
f 519 919 920
f 519 920 520
f 520 920 921
f 520 921 521
f 521 921 922
f 521 922 522
f 522 922 923
f 522 923 523
f 523 923 924
f 523 924 524
f 524 924 925
f 524 925 525
f 525 925 926
f 525 926 526
f 526 926 927
f 526 927 527
f 527 927 928
f 527 928 528
f 528 928 929
f 528 929 529
f 529 929 930
f 529 930 530
f 530 930 931
f 530 931 531
f 531 931 932
f 531 932 532
f 532 932 933
f 532 933 533
f 533 933 934
f 533 934 534
f 534 934 935
f 534 935 535
f 535 935 936
f 535 936 536
f 536 936 937
f 536 937 537
f 537 937 938
f 537 938 538
f 538 938 939
f 538 939 539
f 539 939 940
f 539 940 540
f 540 940 941
f 540 941 541
f 541 941 942
f 541 942 542
f 542 942 943
f 542 943 543
f 543 943 944
f 543 944 544
f 544 944 945
f 544 945 545
f 545 945 946
f 545 946 546
f 546 946 947
f 546 947 547
f 547 947 948
f 547 948 548
f 548 948 949
f 548 949 549
f 549 949 950
f 549 950 550
f 550 950 951
f 550 951 551
f 551 951 952
f 551 952 552
f 552 952 953
f 552 953 553
f 553 953 954
f 553 954 554
f 554 954 955
f 554 955 555
f 555 955 956
f 555 956 556
f 556 956 957
f 556 957 557
f 557 957 958
f 557 958 558
f 558 958 959
f 558 959 559
f 559 959 960
f 559 960 560
f 560 960 961
f 560 961 561
f 561 961 962
f 561 962 562
f 562 962 963
f 562 963 563
f 563 963 964
f 563 964 564
f 564 964 965
f 564 965 565
f 565 965 966
f 565 966 566
f 566 966 967
f 566 967 567
f 567 967 968
f 567 968 568
f 568 968 969
f 568 969 569
f 569 969 970
f 569 970 570
f 570 970 971
f 570 971 571
f 571 971 972
f 571 972 572
f 572 972 973
f 572 973 573
f 573 973 974
f 573 974 574
f 574 974 975
f 574 975 575
f 575 975 976
f 575 976 576
f 576 976 977
f 576 977 577
f 577 977 978
f 577 978 578
f 578 978 979
f 578 979 579
f 579 979 980
f 579 980 580
f 580 980 981
f 580 981 581
f 581 981 982
f 581 982 582
f 582 982 983
f 582 983 583
f 583 983 984
f 583 984 584
f 584 984 985
f 584 985 585
f 585 985 986
f 585 986 586
f 586 986 987
f 586 987 587
f 587 987 988
f 587 988 588
f 588 988 989
f 588 989 589
f 589 989 990
f 589 990 590
f 590 990 991
f 590 991 591
f 591 991 992
f 591 992 592
f 592 992 993
f 592 993 593
f 593 993 994
f 593 994 594
f 594 994 995
f 594 995 595
f 595 995 996
f 595 996 596
f 596 996 997
f 596 997 597
f 597 997 998
f 597 998 598
f 598 998 999
f 598 999 599
f 599 999 1000
f 599 1000 600
f 600 1000 1001
f 600 1001 601
f 601 1001 1002
f 601 1002 602
f 602 1002 1003
f 602 1003 603
f 603 1003 1004
f 603 1004 604
f 604 1004 1005
f 604 1005 605
f 605 1005 1006
f 605 1006 606
f 606 1006 1007
f 606 1007 607
f 607 1007 1008
f 607 1008 608
f 608 1008 1009
f 608 1009 609
f 609 1009 1010
f 609 1010 610
f 610 1010 1011
f 610 1011 611
f 611 1011 1012
f 611 1012 612
f 612 1012 1013
f 612 1013 613
f 613 1013 1014
f 613 1014 614
f 614 1014 1015
f 614 1015 615
f 615 1015 1016
f 615 1016 616
f 616 1016 1017
f 616 1017 617
f 617 1017 1018
f 617 1018 618
f 618 1018 1019
f 618 1019 619
f 619 1019 1020
f 619 1020 620
f 620 1020 1021
f 620 1021 621
f 621 1021 1022
f 621 1022 622
f 622 1022 1023
f 622 1023 623
f 623 1023 1024
f 623 1024 624
f 624 1024 1025
f 624 1025 625
f 625 1025 1026
f 625 1026 626
f 626 1026 1027
f 626 1027 627
f 627 1027 1028
f 627 1028 628
f 628 1028 1029
f 628 1029 629
f 629 1029 1030
f 629 1030 630
f 630 1030 1031
f 630 1031 631
f 631 1031 1032
f 631 1032 632
f 632 1032 1033
f 632 1033 633
f 633 1033 1034
f 633 1034 634
f 634 1034 1035
f 634 1035 635
f 635 1035 1036
f 635 1036 636
f 636 1036 1037
f 636 1037 637
f 637 1037 1038
f 637 1038 638
f 638 1038 1039
f 638 1039 639
f 639 1039 1040
f 639 1040 640
f 640 1040 1041
f 640 1041 641
f 641 1041 1042
f 641 1042 642
f 642 1042 1043
f 642 1043 643
f 643 1043 1044
f 643 1044 644
f 644 1044 1045
f 644 1045 645
f 645 1045 1046
f 645 1046 646
f 646 1046 1047
f 646 1047 647
f 647 1047 1048
f 647 1048 648
f 648 1048 1049
f 648 1049 649
f 649 1049 1050
f 649 1050 650
f 650 1050 1051
f 650 1051 651
f 651 1051 1052
f 651 1052 652
f 652 1052 1053
f 652 1053 653
f 653 1053 1054
f 653 1054 654
f 654 1054 1055
f 654 1055 655
f 655 1055 1056
f 655 1056 656
f 656 1056 1057
f 656 1057 657
f 657 1057 1058
f 657 1058 658
f 658 1058 1059
f 658 1059 659
f 659 1059 1060
f 659 1060 660
f 660 1060 1061
f 660 1061 661
f 661 1061 1062
f 661 1062 662
f 662 1062 1063
f 662 1063 663
f 663 1063 1064
f 663 1064 664
f 664 1064 1065
f 664 1065 665
f 665 1065 1066
f 665 1066 666
f 666 1066 1067
f 666 1067 667
f 667 1067 1068
f 667 1068 668
f 668 1068 1069
f 668 1069 669
f 669 1069 1070
f 669 1070 670
f 670 1070 1071
f 670 1071 671
f 671 1071 1072
f 671 1072 672
f 672 1072 1073
f 672 1073 673
f 673 1073 1074
f 673 1074 674
f 674 1074 1075
f 674 1075 675
f 675 1075 1076
f 675 1076 676
f 676 1076 1077
f 676 1077 677
f 677 1077 1078
f 677 1078 678
f 678 1078 1079
f 678 1079 679
f 679 1079 1080
f 679 1080 680
f 680 1080 1081
f 680 1081 681
f 681 1081 1082
f 681 1082 682
f 682 1082 1083
f 682 1083 683
f 683 1083 1084
f 683 1084 684
f 684 1084 1085
f 684 1085 685
f 685 1085 1086
f 685 1086 686
f 686 1086 1087
f 686 1087 687
f 687 1087 1088
f 687 1088 688
f 688 1088 1089
f 688 1089 689
f 689 1089 1090
f 689 1090 690
f 690 1090 1091
f 690 1091 691
f 691 1091 1092
f 691 1092 692
f 692 1092 1093
f 692 1093 693
f 693 1093 1094
f 693 1094 694
f 694 1094 1095
f 694 1095 695
f 695 1095 1096
f 695 1096 696
f 696 1096 1097
f 696 1097 697
f 697 1097 1098
f 697 1098 698
f 698 1098 1099
f 698 1099 699
f 699 1099 1100
f 699 1100 700
f 700 1100 1101
f 700 1101 701
f 701 1101 1102
f 701 1102 702
f 702 1102 1103
f 702 1103 703
f 703 1103 1104
f 703 1104 704
f 704 1104 1105
f 704 1105 705
f 705 1105 1106
f 705 1106 706
f 706 1106 1107
f 706 1107 707
f 707 1107 1108
f 707 1108 708
f 708 1108 1109
f 708 1109 709
f 709 1109 1110
f 709 1110 710
f 710 1110 1111
f 710 1111 711
f 711 1111 1112
f 711 1112 712
f 712 1112 1113
f 712 1113 713
f 713 1113 1114
f 713 1114 714
f 714 1114 1115
f 714 1115 715
f 715 1115 1116
f 715 1116 716
f 716 1116 1117
f 716 1117 717
f 717 1117 1118
f 717 1118 718
f 718 1118 1119
f 718 1119 719
f 719 1119 1120
f 719 1120 720
f 720 1120 1121
f 720 1121 721
f 721 1121 1122
f 721 1122 722
f 722 1122 1123
f 722 1123 723
f 723 1123 1124
f 723 1124 724
f 724 1124 1125
f 724 1125 725
f 725 1125 1126
f 725 1126 726
f 726 1126 1127
f 726 1127 727
f 727 1127 1128
f 727 1128 728
f 728 1128 1129
f 728 1129 729
f 729 1129 1130
f 729 1130 730
f 730 1130 1131
f 730 1131 731
f 731 1131 1132
f 731 1132 732
f 732 1132 1133
f 732 1133 733
f 733 1133 1134
f 733 1134 734
f 734 1134 1135
f 734 1135 735
f 735 1135 1136
f 735 1136 736
f 736 1136 1137
f 736 1137 737
f 737 1137 1138
f 737 1138 738
f 738 1138 1139
f 738 1139 739
f 739 1139 1140
f 739 1140 740
f 740 1140 1141
f 740 1141 741
f 741 1141 1142
f 741 1142 742
f 742 1142 1143
f 742 1143 743
f 743 1143 1144
f 743 1144 744
f 744 1144 1145
f 744 1145 745
f 745 1145 1146
f 745 1146 746
f 746 1146 1147
f 746 1147 747
f 747 1147 1148
f 747 1148 748
f 748 1148 1149
f 748 1149 749
f 749 1149 1150
f 749 1150 750
f 750 1150 1151
f 750 1151 751
f 751 1151 1152
f 751 1152 752
f 752 1152 1153
f 752 1153 753
f 753 1153 1154
f 753 1154 754
f 754 1154 1155
f 754 1155 755
f 755 1155 1156
f 755 1156 756
f 756 1156 1157
f 756 1157 757
f 757 1157 1158
f 757 1158 758
f 758 1158 1159
f 758 1159 759
f 759 1159 1160
f 759 1160 760
f 760 1160 1161
f 760 1161 761
f 761 1161 1162
f 761 1162 762
f 762 1162 1163
f 762 1163 763
f 763 1163 1164
f 763 1164 764
f 764 1164 1165
f 764 1165 765
f 765 1165 1166
f 765 1166 766
f 766 1166 1167
f 766 1167 767
f 767 1167 1168
f 767 1168 768
f 768 1168 1169
f 768 1169 769
f 769 1169 1170
f 769 1170 770
f 770 1170 1171
f 770 1171 771
f 771 1171 1172
f 771 1172 772
f 772 1172 1173
f 772 1173 773
f 773 1173 1174
f 773 1174 774
f 774 1174 1175
f 774 1175 775
f 775 1175 1176
f 775 1176 776
f 776 1176 1177
f 776 1177 777
f 777 1177 1178
f 777 1178 778
f 778 1178 1179
f 778 1179 779
f 779 1179 1180
f 779 1180 780
f 780 1180 1181
f 780 1181 781
f 781 1181 1182
f 781 1182 782
f 782 1182 1183
f 782 1183 783
f 783 1183 1184
f 783 1184 784
f 784 1184 1185
f 784 1185 785
f 785 1185 1186
f 785 1186 786
f 786 1186 1187
f 786 1187 787
f 787 1187 1188
f 787 1188 788
f 788 1188 1189
f 788 1189 789
f 789 1189 1190
f 789 1190 790
f 790 1190 1191
f 790 1191 791
f 791 1191 1192
f 791 1192 792
f 792 1192 1193
f 792 1193 793
f 793 1193 1194
f 793 1194 794
f 794 1194 1195
f 794 1195 795
f 795 1195 1196
f 795 1196 796
f 796 1196 1197
f 796 1197 797
f 797 1197 1198
f 797 1198 798
f 798 1198 1199
f 798 1199 799
f 799 1199 1200
f 799 1200 800
f 801 1201 1202
f 801 1202 802
f 802 1202 1203
f 802 1203 803
f 803 1203 1204
f 803 1204 804
f 804 1204 1205
f 804 1205 805
f 805 1205 1206
f 805 1206 806
f 806 1206 1207
f 806 1207 807
f 807 1207 1208
f 807 1208 808
f 808 1208 1209
f 808 1209 809
f 809 1209 1210
f 809 1210 810
f 810 1210 1211
f 810 1211 811
f 811 1211 1212
f 811 1212 812
f 812 1212 1213
f 812 1213 813
f 813 1213 1214
f 813 1214 814
f 814 1214 1215
f 814 1215 815
f 815 1215 1216
f 815 1216 816
f 816 1216 1217
f 816 1217 817
f 817 1217 1218
f 817 1218 818
f 818 1218 1219
f 818 1219 819
f 819 1219 1220
f 819 1220 820
f 820 1220 1221
f 820 1221 821
f 821 1221 1222
f 821 1222 822
f 822 1222 1223
f 822 1223 823
f 823 1223 1224
f 823 1224 824
f 824 1224 1225
f 824 1225 825
f 825 1225 1226
f 825 1226 826
f 826 1226 1227
f 826 1227 827
f 827 1227 1228
f 827 1228 828
f 828 1228 1229
f 828 1229 829
f 829 1229 1230
f 829 1230 830
f 830 1230 1231
f 830 1231 831
f 831 1231 1232
f 831 1232 832
f 832 1232 1233
f 832 1233 833
f 833 1233 1234
f 833 1234 834
f 834 1234 1235
f 834 1235 835
f 835 1235 1236
f 835 1236 836
f 836 1236 1237
f 836 1237 837
f 837 1237 1238
f 837 1238 838
f 838 1238 1239
f 838 1239 839
f 839 1239 1240
f 839 1240 840
f 840 1240 1241
f 840 1241 841
f 841 1241 1242
f 841 1242 842
f 842 1242 1243
f 842 1243 843
f 843 1243 1244
f 843 1244 844
f 844 1244 1245
f 844 1245 845
f 845 1245 1246
f 845 1246 846
f 846 1246 1247
f 846 1247 847
f 847 1247 1248
f 847 1248 848
f 848 1248 1249
f 848 1249 849
f 849 1249 1250
f 849 1250 850
f 850 1250 1251
f 850 1251 851
f 851 1251 1252
f 851 1252 852
f 852 1252 1253
f 852 1253 853
f 853 1253 1254
f 853 1254 854
f 854 1254 1255
f 854 1255 855
f 855 1255 1256
f 855 1256 856
f 856 1256 1257
f 856 1257 857
f 857 1257 1258
f 857 1258 858
f 858 1258 1259
f 858 1259 859
f 859 1259 1260
f 859 1260 860
f 860 1260 1261
f 860 1261 861
f 861 1261 1262
f 861 1262 862
f 862 1262 1263
f 862 1263 863
f 863 1263 1264
f 863 1264 864
f 864 1264 1265
f 864 1265 865
f 865 1265 1266
f 865 1266 866
f 866 1266 1267
f 866 1267 867
f 867 1267 1268
f 867 1268 868
f 868 1268 1269
f 868 1269 869
f 869 1269 1270
f 869 1270 870
f 870 1270 1271
f 870 1271 871
f 871 1271 1272
f 871 1272 872
f 872 1272 1273
f 872 1273 873
f 873 1273 1274
f 873 1274 874
f 874 1274 1275
f 874 1275 875
f 875 1275 1276
f 875 1276 876
f 876 1276 1277
f 876 1277 877
f 877 1277 1278
f 877 1278 878
f 878 1278 1279
f 878 1279 879
f 879 1279 1280
f 879 1280 880
f 880 1280 1281
f 880 1281 881
f 881 1281 1282
f 881 1282 882
f 882 1282 1283
f 882 1283 883
f 883 1283 1284
f 883 1284 884
f 884 1284 1285
f 884 1285 885
f 885 1285 1286
f 885 1286 886
f 886 1286 1287
f 886 1287 887
f 887 1287 1288
f 887 1288 888
f 888 1288 1289
f 888 1289 889
f 889 1289 1290
f 889 1290 890
f 890 1290 1291
f 890 1291 891
f 891 1291 1292
f 891 1292 892
f 892 1292 1293
f 892 1293 893
f 893 1293 1294
f 893 1294 894
f 894 1294 1295
f 894 1295 895
f 895 1295 1296
f 895 1296 896
f 896 1296 1297
f 896 1297 897
f 897 1297 1298
f 897 1298 898
f 898 1298 1299
f 898 1299 899
f 899 1299 1300
f 899 1300 900
f 900 1300 1301
f 900 1301 901
f 901 1301 1302
f 901 1302 902
f 902 1302 1303
f 902 1303 903
f 903 1303 1304
f 903 1304 904
f 904 1304 1305
f 904 1305 905
f 905 1305 1306
f 905 1306 906
f 906 1306 1307
f 906 1307 907
f 907 1307 1308
f 907 1308 908
f 908 1308 1309
f 908 1309 909
f 909 1309 1310
f 909 1310 910
f 910 1310 1311
f 910 1311 911
f 911 1311 1312
f 911 1312 912
f 912 1312 1313
f 912 1313 913
f 913 1313 1314
f 913 1314 914
f 914 1314 1315
f 914 1315 915
f 915 1315 1316
f 915 1316 916
f 916 1316 1317
f 916 1317 917
f 917 1317 1318
f 917 1318 918
f 918 1318 1319
f 918 1319 919
f 919 1319 1320
f 919 1320 920
f 920 1320 1321
f 920 1321 921
f 921 1321 1322
f 921 1322 922
f 922 1322 1323
f 922 1323 923
f 923 1323 1324
f 923 1324 924
f 924 1324 1325
f 924 1325 925
f 925 1325 1326
f 925 1326 926
f 926 1326 1327
f 926 1327 927
f 927 1327 1328
f 927 1328 928
f 928 1328 1329
f 928 1329 929
f 929 1329 1330
f 929 1330 930
f 930 1330 1331
f 930 1331 931
f 931 1331 1332
f 931 1332 932
f 932 1332 1333
f 932 1333 933
f 933 1333 1334
f 933 1334 934
f 934 1334 1335
f 934 1335 935
f 935 1335 1336
f 935 1336 936
f 936 1336 1337
f 936 1337 937
f 937 1337 1338
f 937 1338 938
f 938 1338 1339
f 938 1339 939
f 939 1339 1340
f 939 1340 940
f 940 1340 1341
f 940 1341 941
f 941 1341 1342
f 941 1342 942
f 942 1342 1343
f 942 1343 943
f 943 1343 1344
f 943 1344 944
f 944 1344 1345
f 944 1345 945
f 945 1345 1346
f 945 1346 946
f 946 1346 1347
f 946 1347 947
f 947 1347 1348
f 947 1348 948
f 948 1348 1349
f 948 1349 949
f 949 1349 1350
f 949 1350 950
f 950 1350 1351
f 950 1351 951
f 951 1351 1352
f 951 1352 952
f 952 1352 1353
f 952 1353 953
f 953 1353 1354
f 953 1354 954
f 954 1354 1355
f 954 1355 955
f 955 1355 1356
f 955 1356 956
f 956 1356 1357
f 956 1357 957
f 957 1357 1358
f 957 1358 958
f 958 1358 1359
f 958 1359 959
f 959 1359 1360
f 959 1360 960
f 960 1360 1361
f 960 1361 961
f 961 1361 1362
f 961 1362 962
f 962 1362 1363
f 962 1363 963
f 963 1363 1364
f 963 1364 964
f 964 1364 1365
f 964 1365 965
f 965 1365 1366
f 965 1366 966
f 966 1366 1367
f 966 1367 967
f 967 1367 1368
f 967 1368 968
f 968 1368 1369
f 968 1369 969
f 969 1369 1370
f 969 1370 970
f 970 1370 1371
f 970 1371 971
f 971 1371 1372
f 971 1372 972
f 972 1372 1373
f 972 1373 973
f 973 1373 1374
f 973 1374 974
f 974 1374 1375
f 974 1375 975
f 975 1375 1376
f 975 1376 976
f 976 1376 1377
f 976 1377 977
f 977 1377 1378
f 977 1378 978
f 978 1378 1379
f 978 1379 979
f 979 1379 1380
f 979 1380 980
f 980 1380 1381
f 980 1381 981
f 981 1381 1382
f 981 1382 982
f 982 1382 1383
f 982 1383 983
f 983 1383 1384
f 983 1384 984
f 984 1384 1385
f 984 1385 985
f 985 1385 1386
f 985 1386 986
f 986 1386 1387
f 986 1387 987
f 987 1387 1388
f 987 1388 988
f 988 1388 1389
f 988 1389 989
f 989 1389 1390
f 989 1390 990
f 990 1390 1391
f 990 1391 991
f 991 1391 1392
f 991 1392 992
f 992 1392 1393
f 992 1393 993
f 993 1393 1394
f 993 1394 994
f 994 1394 1395
f 994 1395 995
f 995 1395 1396
f 995 1396 996
f 996 1396 1397
f 996 1397 997
f 997 1397 1398
f 997 1398 998
f 998 1398 1399
f 998 1399 999
f 999 1399 1400
f 999 1400 1000
f 1000 1400 1401
f 1000 1401 1001
f 1001 1401 1402
f 1001 1402 1002
f 1002 1402 1403
f 1002 1403 1003
f 1003 1403 1404
f 1003 1404 1004
f 1004 1404 1405
f 1004 1405 1005
f 1005 1405 1406
f 1005 1406 1006
f 1006 1406 1407
f 1006 1407 1007
f 1007 1407 1408
f 1007 1408 1008
f 1008 1408 1409
f 1008 1409 1009
f 1009 1409 1410
f 1009 1410 1010
f 1010 1410 1411
f 1010 1411 1011
f 1011 1411 1412
f 1011 1412 1012
f 1012 1412 1413
f 1012 1413 1013
f 1013 1413 1414
f 1013 1414 1014
f 1014 1414 1415
f 1014 1415 1015
f 1015 1415 1416
f 1015 1416 1016
f 1016 1416 1417
f 1016 1417 1017
f 1017 1417 1418
f 1017 1418 1018
f 1018 1418 1419
f 1018 1419 1019
f 1019 1419 1420
f 1019 1420 1020
f 1020 1420 1421
f 1020 1421 1021
f 1021 1421 1422
f 1021 1422 1022
f 1022 1422 1423
f 1022 1423 1023
f 1023 1423 1424
f 1023 1424 1024
f 1024 1424 1425
f 1024 1425 1025
f 1025 1425 1426
f 1025 1426 1026
f 1026 1426 1427
f 1026 1427 1027
f 1027 1427 1428
f 1027 1428 1028
f 1028 1428 1429
f 1028 1429 1029
f 1029 1429 1430
f 1029 1430 1030
f 1030 1430 1431
f 1030 1431 1031
f 1031 1431 1432
f 1031 1432 1032
f 1032 1432 1433
f 1032 1433 1033
f 1033 1433 1434
f 1033 1434 1034
f 1034 1434 1435
f 1034 1435 1035
f 1035 1435 1436
f 1035 1436 1036
f 1036 1436 1437
f 1036 1437 1037
f 1037 1437 1438
f 1037 1438 1038
f 1038 1438 1439
f 1038 1439 1039
f 1039 1439 1440
f 1039 1440 1040
f 1040 1440 1441
f 1040 1441 1041
f 1041 1441 1442
f 1041 1442 1042
f 1042 1442 1443
f 1042 1443 1043
f 1043 1443 1444
f 1043 1444 1044
f 1044 1444 1445
f 1044 1445 1045
f 1045 1445 1446
f 1045 1446 1046
f 1046 1446 1447
f 1046 1447 1047
f 1047 1447 1448
f 1047 1448 1048
f 1048 1448 1449
f 1048 1449 1049
f 1049 1449 1450
f 1049 1450 1050
f 1050 1450 1451
f 1050 1451 1051
f 1051 1451 1452
f 1051 1452 1052
f 1052 1452 1453
f 1052 1453 1053
f 1053 1453 1454
f 1053 1454 1054
f 1054 1454 1455
f 1054 1455 1055
f 1055 1455 1456
f 1055 1456 1056
f 1056 1456 1457
f 1056 1457 1057
f 1057 1457 1458
f 1057 1458 1058
f 1058 1458 1459
f 1058 1459 1059
f 1059 1459 1460
f 1059 1460 1060
f 1060 1460 1461
f 1060 1461 1061
f 1061 1461 1462
f 1061 1462 1062
f 1062 1462 1463
f 1062 1463 1063
f 1063 1463 1464
f 1063 1464 1064
f 1064 1464 1465
f 1064 1465 1065
f 1065 1465 1466
f 1065 1466 1066
f 1066 1466 1467
f 1066 1467 1067
f 1067 1467 1468
f 1067 1468 1068
f 1068 1468 1469
f 1068 1469 1069
f 1069 1469 1470
f 1069 1470 1070
f 1070 1470 1471
f 1070 1471 1071
f 1071 1471 1472
f 1071 1472 1072
f 1072 1472 1473
f 1072 1473 1073
f 1073 1473 1474
f 1073 1474 1074
f 1074 1474 1475
f 1074 1475 1075
f 1075 1475 1476
f 1075 1476 1076
f 1076 1476 1477
f 1076 1477 1077
f 1077 1477 1478
f 1077 1478 1078
f 1078 1478 1479
f 1078 1479 1079
f 1079 1479 1480
f 1079 1480 1080
f 1080 1480 1481
f 1080 1481 1081
f 1081 1481 1482
f 1081 1482 1082
f 1082 1482 1483
f 1082 1483 1083
f 1083 1483 1484
f 1083 1484 1084
f 1084 1484 1485
f 1084 1485 1085
f 1085 1485 1486
f 1085 1486 1086
f 1086 1486 1487
f 1086 1487 1087
f 1087 1487 1488
f 1087 1488 1088
f 1088 1488 1489
f 1088 1489 1089
f 1089 1489 1490
f 1089 1490 1090
f 1090 1490 1491
f 1090 1491 1091
f 1091 1491 1492
f 1091 1492 1092
f 1092 1492 1493
f 1092 1493 1093
f 1093 1493 1494
f 1093 1494 1094
f 1094 1494 1495
f 1094 1495 1095
f 1095 1495 1496
f 1095 1496 1096
f 1096 1496 1497
f 1096 1497 1097
f 1097 1497 1498
f 1097 1498 1098
f 1098 1498 1499
f 1098 1499 1099
f 1099 1499 1500
f 1099 1500 1100
f 1100 1500 1501
f 1100 1501 1101
f 1101 1501 1502
f 1101 1502 1102
f 1102 1502 1503
f 1102 1503 1103
f 1103 1503 1504
f 1103 1504 1104
f 1104 1504 1505
f 1104 1505 1105
f 1105 1505 1506
f 1105 1506 1106
f 1106 1506 1507
f 1106 1507 1107
f 1107 1507 1508
f 1107 1508 1108
f 1108 1508 1509
f 1108 1509 1109
f 1109 1509 1510
f 1109 1510 1110
f 1110 1510 1511
f 1110 1511 1111
f 1111 1511 1512
f 1111 1512 1112
f 1112 1512 1513
f 1112 1513 1113
f 1113 1513 1514
f 1113 1514 1114
f 1114 1514 1515
f 1114 1515 1115
f 1115 1515 1516
f 1115 1516 1116
f 1116 1516 1517
f 1116 1517 1117
f 1117 1517 1518
f 1117 1518 1118
f 1118 1518 1519
f 1118 1519 1119
f 1119 1519 1520
f 1119 1520 1120
f 1120 1520 1521
f 1120 1521 1121
f 1121 1521 1522
f 1121 1522 1122
f 1122 1522 1523
f 1122 1523 1123
f 1123 1523 1524
f 1123 1524 1124
f 1124 1524 1525
f 1124 1525 1125
f 1125 1525 1526
f 1125 1526 1126
f 1126 1526 1527
f 1126 1527 1127
f 1127 1527 1528
f 1127 1528 1128
f 1128 1528 1529
f 1128 1529 1129
f 1129 1529 1530
f 1129 1530 1130
f 1130 1530 1531
f 1130 1531 1131
f 1131 1531 1532
f 1131 1532 1132
f 1132 1532 1533
f 1132 1533 1133
f 1133 1533 1534
f 1133 1534 1134
f 1134 1534 1535
f 1134 1535 1135
f 1135 1535 1536
f 1135 1536 1136
f 1136 1536 1537
f 1136 1537 1137
f 1137 1537 1538
f 1137 1538 1138
f 1138 1538 1539
f 1138 1539 1139
f 1139 1539 1540
f 1139 1540 1140
f 1140 1540 1541
f 1140 1541 1141
f 1141 1541 1542
f 1141 1542 1142
f 1142 1542 1543
f 1142 1543 1143
f 1143 1543 1544
f 1143 1544 1144
f 1144 1544 1545
f 1144 1545 1145
f 1145 1545 1546
f 1145 1546 1146
f 1146 1546 1547
f 1146 1547 1147
f 1147 1547 1548
f 1147 1548 1148
f 1148 1548 1549
f 1148 1549 1149
f 1149 1549 1550
f 1149 1550 1150
f 1150 1550 1551
f 1150 1551 1151
f 1151 1551 1552
f 1151 1552 1152
f 1152 1552 1553
f 1152 1553 1153
f 1153 1553 1554
f 1153 1554 1154
f 1154 1554 1555
f 1154 1555 1155
f 1155 1555 1556
f 1155 1556 1156
f 1156 1556 1557
f 1156 1557 1157
f 1157 1557 1558
f 1157 1558 1158
f 1158 1558 1559
f 1158 1559 1159
f 1159 1559 1560
f 1159 1560 1160
f 1160 1560 1561
f 1160 1561 1161
f 1161 1561 1562
f 1161 1562 1162
f 1162 1562 1563
f 1162 1563 1163
f 1163 1563 1564
f 1163 1564 1164
f 1164 1564 1565
f 1164 1565 1165
f 1165 1565 1566
f 1165 1566 1166
f 1166 1566 1567
f 1166 1567 1167
f 1167 1567 1568
f 1167 1568 1168
f 1168 1568 1569
f 1168 1569 1169
f 1169 1569 1570
f 1169 1570 1170
f 1170 1570 1571
f 1170 1571 1171
f 1171 1571 1572
f 1171 1572 1172
f 1172 1572 1573
f 1172 1573 1173
f 1173 1573 1574
f 1173 1574 1174
f 1174 1574 1575
f 1174 1575 1175
f 1175 1575 1576
f 1175 1576 1176
f 1176 1576 1577
f 1176 1577 1177
f 1177 1577 1578
f 1177 1578 1178
f 1178 1578 1579
f 1178 1579 1179
f 1179 1579 1580
f 1179 1580 1180
f 1180 1580 1581
f 1180 1581 1181
f 1181 1581 1582
f 1181 1582 1182
f 1182 1582 1583
f 1182 1583 1183
f 1183 1583 1584
f 1183 1584 1184
f 1184 1584 1585
f 1184 1585 1185
f 1185 1585 1586
f 1185 1586 1186
f 1186 1586 1587
f 1186 1587 1187
f 1187 1587 1588
f 1187 1588 1188
f 1188 1588 1589
f 1188 1589 1189
f 1189 1589 1590
f 1189 1590 1190
f 1190 1590 1591
f 1190 1591 1191
f 1191 1591 1592
f 1191 1592 1192
f 1192 1592 1593
f 1192 1593 1193
f 1193 1593 1594
f 1193 1594 1194
f 1194 1594 1595
f 1194 1595 1195
f 1195 1595 1596
f 1195 1596 1196
f 1196 1596 1597
f 1196 1597 1197
f 1197 1597 1598
f 1197 1598 1198
f 1198 1598 1599
f 1198 1599 1199
f 1199 1599 1600
f 1199 1600 1200
f 1201 1601 1602
f 1201 1602 1202
f 1202 1602 1603
f 1202 1603 1203
f 1203 1603 1604
f 1203 1604 1204
f 1204 1604 1605
f 1204 1605 1205
f 1205 1605 1606
f 1205 1606 1206
f 1206 1606 1607
f 1206 1607 1207
f 1207 1607 1608
f 1207 1608 1208
f 1208 1608 1609
f 1208 1609 1209
f 1209 1609 1610
f 1209 1610 1210
f 1210 1610 1611
f 1210 1611 1211
f 1211 1611 1612
f 1211 1612 1212
f 1212 1612 1613
f 1212 1613 1213
f 1213 1613 1614
f 1213 1614 1214
f 1214 1614 1615
f 1214 1615 1215
f 1215 1615 1616
f 1215 1616 1216
f 1216 1616 1617
f 1216 1617 1217
f 1217 1617 1618
f 1217 1618 1218
f 1218 1618 1619
f 1218 1619 1219
f 1219 1619 1620
f 1219 1620 1220
f 1220 1620 1621
f 1220 1621 1221
f 1221 1621 1622
f 1221 1622 1222
f 1222 1622 1623
f 1222 1623 1223
f 1223 1623 1624
f 1223 1624 1224
f 1224 1624 1625
f 1224 1625 1225
f 1225 1625 1626
f 1225 1626 1226
f 1226 1626 1627
f 1226 1627 1227
f 1227 1627 1628
f 1227 1628 1228
f 1228 1628 1629
f 1228 1629 1229
f 1229 1629 1630
f 1229 1630 1230
f 1230 1630 1631
f 1230 1631 1231
f 1231 1631 1632
f 1231 1632 1232
f 1232 1632 1633
f 1232 1633 1233
f 1233 1633 1634
f 1233 1634 1234
f 1234 1634 1635
f 1234 1635 1235
f 1235 1635 1636
f 1235 1636 1236
f 1236 1636 1637
f 1236 1637 1237
f 1237 1637 1638
f 1237 1638 1238
f 1238 1638 1639
f 1238 1639 1239
f 1239 1639 1640
f 1239 1640 1240
f 1240 1640 1641
f 1240 1641 1241
f 1241 1641 1642
f 1241 1642 1242
f 1242 1642 1643
f 1242 1643 1243
f 1243 1643 1644
f 1243 1644 1244
f 1244 1644 1645
f 1244 1645 1245
f 1245 1645 1646
f 1245 1646 1246
f 1246 1646 1647
f 1246 1647 1247
f 1247 1647 1648
f 1247 1648 1248
f 1248 1648 1649
f 1248 1649 1249
f 1249 1649 1650
f 1249 1650 1250
f 1250 1650 1651
f 1250 1651 1251
f 1251 1651 1652
f 1251 1652 1252
f 1252 1652 1653
f 1252 1653 1253
f 1253 1653 1654
f 1253 1654 1254
f 1254 1654 1655
f 1254 1655 1255
f 1255 1655 1656
f 1255 1656 1256
f 1256 1656 1657
f 1256 1657 1257
f 1257 1657 1658
f 1257 1658 1258
f 1258 1658 1659
f 1258 1659 1259
f 1259 1659 1660
f 1259 1660 1260
f 1260 1660 1661
f 1260 1661 1261
f 1261 1661 1662
f 1261 1662 1262
f 1262 1662 1663
f 1262 1663 1263
f 1263 1663 1664
f 1263 1664 1264
f 1264 1664 1665
f 1264 1665 1265
f 1265 1665 1666
f 1265 1666 1266
f 1266 1666 1667
f 1266 1667 1267
f 1267 1667 1668
f 1267 1668 1268
f 1268 1668 1669
f 1268 1669 1269
f 1269 1669 1670
f 1269 1670 1270
f 1270 1670 1671
f 1270 1671 1271
f 1271 1671 1672
f 1271 1672 1272
f 1272 1672 1673
f 1272 1673 1273
f 1273 1673 1674
f 1273 1674 1274
f 1274 1674 1675
f 1274 1675 1275
f 1275 1675 1676
f 1275 1676 1276
f 1276 1676 1677
f 1276 1677 1277
f 1277 1677 1678
f 1277 1678 1278
f 1278 1678 1679
f 1278 1679 1279
f 1279 1679 1680
f 1279 1680 1280
f 1280 1680 1681
f 1280 1681 1281
f 1281 1681 1682
f 1281 1682 1282
f 1282 1682 1683
f 1282 1683 1283
f 1283 1683 1684
f 1283 1684 1284
f 1284 1684 1685
f 1284 1685 1285
f 1285 1685 1686
f 1285 1686 1286
f 1286 1686 1687
f 1286 1687 1287
f 1287 1687 1688
f 1287 1688 1288
f 1288 1688 1689
f 1288 1689 1289
f 1289 1689 1690
f 1289 1690 1290
f 1290 1690 1691
f 1290 1691 1291
f 1291 1691 1692
f 1291 1692 1292
f 1292 1692 1693
f 1292 1693 1293
f 1293 1693 1694
f 1293 1694 1294
f 1294 1694 1695
f 1294 1695 1295
f 1295 1695 1696
f 1295 1696 1296
f 1296 1696 1697
f 1296 1697 1297
f 1297 1697 1698
f 1297 1698 1298
f 1298 1698 1699
f 1298 1699 1299
f 1299 1699 1700
f 1299 1700 1300
f 1300 1700 1701
f 1300 1701 1301
f 1301 1701 1702
f 1301 1702 1302
f 1302 1702 1703
f 1302 1703 1303
f 1303 1703 1704
f 1303 1704 1304
f 1304 1704 1705
f 1304 1705 1305
f 1305 1705 1706
f 1305 1706 1306
f 1306 1706 1707
f 1306 1707 1307
f 1307 1707 1708
f 1307 1708 1308
f 1308 1708 1709
f 1308 1709 1309
f 1309 1709 1710
f 1309 1710 1310
f 1310 1710 1711
f 1310 1711 1311
f 1311 1711 1712
f 1311 1712 1312
f 1312 1712 1713
f 1312 1713 1313
f 1313 1713 1714
f 1313 1714 1314
f 1314 1714 1715
f 1314 1715 1315
f 1315 1715 1716
f 1315 1716 1316
f 1316 1716 1717
f 1316 1717 1317
f 1317 1717 1718
f 1317 1718 1318
f 1318 1718 1719
f 1318 1719 1319
f 1319 1719 1720
f 1319 1720 1320
f 1320 1720 1721
f 1320 1721 1321
f 1321 1721 1722
f 1321 1722 1322
f 1322 1722 1723
f 1322 1723 1323
f 1323 1723 1724
f 1323 1724 1324
f 1324 1724 1725
f 1324 1725 1325
f 1325 1725 1726
f 1325 1726 1326
f 1326 1726 1727
f 1326 1727 1327
f 1327 1727 1728
f 1327 1728 1328
f 1328 1728 1729
f 1328 1729 1329
f 1329 1729 1730
f 1329 1730 1330
f 1330 1730 1731
f 1330 1731 1331
f 1331 1731 1732
f 1331 1732 1332
f 1332 1732 1733
f 1332 1733 1333
f 1333 1733 1734
f 1333 1734 1334
f 1334 1734 1735
f 1334 1735 1335
f 1335 1735 1736
f 1335 1736 1336
f 1336 1736 1737
f 1336 1737 1337
f 1337 1737 1738
f 1337 1738 1338
f 1338 1738 1739
f 1338 1739 1339
f 1339 1739 1740
f 1339 1740 1340
f 1340 1740 1741
f 1340 1741 1341
f 1341 1741 1742
f 1341 1742 1342
f 1342 1742 1743
f 1342 1743 1343
f 1343 1743 1744
f 1343 1744 1344
f 1344 1744 1745
f 1344 1745 1345
f 1345 1745 1746
f 1345 1746 1346
f 1346 1746 1747
f 1346 1747 1347
f 1347 1747 1748
f 1347 1748 1348
f 1348 1748 1749
f 1348 1749 1349
f 1349 1749 1750
f 1349 1750 1350
f 1350 1750 1751
f 1350 1751 1351
f 1351 1751 1752
f 1351 1752 1352
f 1352 1752 1753
f 1352 1753 1353
f 1353 1753 1754
f 1353 1754 1354
f 1354 1754 1755
f 1354 1755 1355
f 1355 1755 1756
f 1355 1756 1356
f 1356 1756 1757
f 1356 1757 1357
f 1357 1757 1758
f 1357 1758 1358
f 1358 1758 1759
f 1358 1759 1359
f 1359 1759 1760
f 1359 1760 1360
f 1360 1760 1761
f 1360 1761 1361
f 1361 1761 1762
f 1361 1762 1362
f 1362 1762 1763
f 1362 1763 1363
f 1363 1763 1764
f 1363 1764 1364
f 1364 1764 1765
f 1364 1765 1365
f 1365 1765 1766
f 1365 1766 1366
f 1366 1766 1767
f 1366 1767 1367
f 1367 1767 1768
f 1367 1768 1368
f 1368 1768 1769
f 1368 1769 1369
f 1369 1769 1770
f 1369 1770 1370
f 1370 1770 1771
f 1370 1771 1371
f 1371 1771 1772
f 1371 1772 1372
f 1372 1772 1773
f 1372 1773 1373
f 1373 1773 1774
f 1373 1774 1374
f 1374 1774 1775
f 1374 1775 1375
f 1375 1775 1776
f 1375 1776 1376
f 1376 1776 1777
f 1376 1777 1377
f 1377 1777 1778
f 1377 1778 1378
f 1378 1778 1779
f 1378 1779 1379
f 1379 1779 1780
f 1379 1780 1380
f 1380 1780 1781
f 1380 1781 1381
f 1381 1781 1782
f 1381 1782 1382
f 1382 1782 1783
f 1382 1783 1383
f 1383 1783 1784
f 1383 1784 1384
f 1384 1784 1785
f 1384 1785 1385
f 1385 1785 1786
f 1385 1786 1386
f 1386 1786 1787
f 1386 1787 1387
f 1387 1787 1788
f 1387 1788 1388
f 1388 1788 1789
f 1388 1789 1389
f 1389 1789 1790
f 1389 1790 1390
f 1390 1790 1791
f 1390 1791 1391
f 1391 1791 1792
f 1391 1792 1392
f 1392 1792 1793
f 1392 1793 1393
f 1393 1793 1794
f 1393 1794 1394
f 1394 1794 1795
f 1394 1795 1395
f 1395 1795 1796
f 1395 1796 1396
f 1396 1796 1797
f 1396 1797 1397
f 1397 1797 1798
f 1397 1798 1398
f 1398 1798 1799
f 1398 1799 1399
f 1399 1799 1800
f 1399 1800 1400
f 1400 1800 1801
f 1400 1801 1401
f 1401 1801 1802
f 1401 1802 1402
f 1402 1802 1803
f 1402 1803 1403
f 1403 1803 1804
f 1403 1804 1404
f 1404 1804 1805
f 1404 1805 1405
f 1405 1805 1806
f 1405 1806 1406
f 1406 1806 1807
f 1406 1807 1407
f 1407 1807 1808
f 1407 1808 1408
f 1408 1808 1809
f 1408 1809 1409
f 1409 1809 1810
f 1409 1810 1410
f 1410 1810 1811
f 1410 1811 1411
f 1411 1811 1812
f 1411 1812 1412
f 1412 1812 1813
f 1412 1813 1413
f 1413 1813 1814
f 1413 1814 1414
f 1414 1814 1815
f 1414 1815 1415
f 1415 1815 1816
f 1415 1816 1416
f 1416 1816 1817
f 1416 1817 1417
f 1417 1817 1818
f 1417 1818 1418
f 1418 1818 1819
f 1418 1819 1419
f 1419 1819 1820
f 1419 1820 1420
f 1420 1820 1821
f 1420 1821 1421
f 1421 1821 1822
f 1421 1822 1422
f 1422 1822 1823
f 1422 1823 1423
f 1423 1823 1824
f 1423 1824 1424
f 1424 1824 1825
f 1424 1825 1425
f 1425 1825 1826
f 1425 1826 1426
f 1426 1826 1827
f 1426 1827 1427
f 1427 1827 1828
f 1427 1828 1428
f 1428 1828 1829
f 1428 1829 1429
f 1429 1829 1830
f 1429 1830 1430
f 1430 1830 1831
f 1430 1831 1431
f 1431 1831 1832
f 1431 1832 1432
f 1432 1832 1833
f 1432 1833 1433
f 1433 1833 1834
f 1433 1834 1434
f 1434 1834 1835
f 1434 1835 1435
f 1435 1835 1836
f 1435 1836 1436
f 1436 1836 1837
f 1436 1837 1437
f 1437 1837 1838
f 1437 1838 1438
f 1438 1838 1839
f 1438 1839 1439
f 1439 1839 1840
f 1439 1840 1440
f 1440 1840 1841
f 1440 1841 1441
f 1441 1841 1842
f 1441 1842 1442
f 1442 1842 1843
f 1442 1843 1443
f 1443 1843 1844
f 1443 1844 1444
f 1444 1844 1845
f 1444 1845 1445
f 1445 1845 1846
f 1445 1846 1446
f 1446 1846 1847
f 1446 1847 1447
f 1447 1847 1848
f 1447 1848 1448
f 1448 1848 1849
f 1448 1849 1449
f 1449 1849 1850
f 1449 1850 1450
f 1450 1850 1851
f 1450 1851 1451
f 1451 1851 1852
f 1451 1852 1452
f 1452 1852 1853
f 1452 1853 1453
f 1453 1853 1854
f 1453 1854 1454
f 1454 1854 1855
f 1454 1855 1455
f 1455 1855 1856
f 1455 1856 1456
f 1456 1856 1857
f 1456 1857 1457
f 1457 1857 1858
f 1457 1858 1458
f 1458 1858 1859
f 1458 1859 1459
f 1459 1859 1860
f 1459 1860 1460
f 1460 1860 1861
f 1460 1861 1461
f 1461 1861 1862
f 1461 1862 1462
f 1462 1862 1863
f 1462 1863 1463
f 1463 1863 1864
f 1463 1864 1464
f 1464 1864 1865
f 1464 1865 1465
f 1465 1865 1866
f 1465 1866 1466
f 1466 1866 1867
f 1466 1867 1467
f 1467 1867 1868
f 1467 1868 1468
f 1468 1868 1869
f 1468 1869 1469
f 1469 1869 1870
f 1469 1870 1470
f 1470 1870 1871
f 1470 1871 1471
f 1471 1871 1872
f 1471 1872 1472
f 1472 1872 1873
f 1472 1873 1473
f 1473 1873 1874
f 1473 1874 1474
f 1474 1874 1875
f 1474 1875 1475
f 1475 1875 1876
f 1475 1876 1476
f 1476 1876 1877
f 1476 1877 1477
f 1477 1877 1878
f 1477 1878 1478
f 1478 1878 1879
f 1478 1879 1479
f 1479 1879 1880
f 1479 1880 1480
f 1480 1880 1881
f 1480 1881 1481
f 1481 1881 1882
f 1481 1882 1482
f 1482 1882 1883
f 1482 1883 1483
f 1483 1883 1884
f 1483 1884 1484
f 1484 1884 1885
f 1484 1885 1485
f 1485 1885 1886
f 1485 1886 1486
f 1486 1886 1887
f 1486 1887 1487
f 1487 1887 1888
f 1487 1888 1488
f 1488 1888 1889
f 1488 1889 1489
f 1489 1889 1890
f 1489 1890 1490
f 1490 1890 1891
f 1490 1891 1491
f 1491 1891 1892
f 1491 1892 1492
f 1492 1892 1893
f 1492 1893 1493
f 1493 1893 1894
f 1493 1894 1494
f 1494 1894 1895
f 1494 1895 1495
f 1495 1895 1896
f 1495 1896 1496
f 1496 1896 1897
f 1496 1897 1497
f 1497 1897 1898
f 1497 1898 1498
f 1498 1898 1899
f 1498 1899 1499
f 1499 1899 1900
f 1499 1900 1500
f 1500 1900 1901
f 1500 1901 1501
f 1501 1901 1902
f 1501 1902 1502
f 1502 1902 1903
f 1502 1903 1503
f 1503 1903 1904
f 1503 1904 1504
f 1504 1904 1905
f 1504 1905 1505
f 1505 1905 1906
f 1505 1906 1506
f 1506 1906 1907
f 1506 1907 1507
f 1507 1907 1908
f 1507 1908 1508
f 1508 1908 1909
f 1508 1909 1509
f 1509 1909 1910
f 1509 1910 1510
f 1510 1910 1911
f 1510 1911 1511
f 1511 1911 1912
f 1511 1912 1512
f 1512 1912 1913
f 1512 1913 1513
f 1513 1913 1914
f 1513 1914 1514
f 1514 1914 1915
f 1514 1915 1515
f 1515 1915 1916
f 1515 1916 1516
f 1516 1916 1917
f 1516 1917 1517
f 1517 1917 1918
f 1517 1918 1518
f 1518 1918 1919
f 1518 1919 1519
f 1519 1919 1920
f 1519 1920 1520
f 1520 1920 1921
f 1520 1921 1521
f 1521 1921 1922
f 1521 1922 1522
f 1522 1922 1923
f 1522 1923 1523
f 1523 1923 1924
f 1523 1924 1524
f 1524 1924 1925
f 1524 1925 1525
f 1525 1925 1926
f 1525 1926 1526
f 1526 1926 1927
f 1526 1927 1527
f 1527 1927 1928
f 1527 1928 1528
f 1528 1928 1929
f 1528 1929 1529
f 1529 1929 1930
f 1529 1930 1530
f 1530 1930 1931
f 1530 1931 1531
f 1531 1931 1932
f 1531 1932 1532
f 1532 1932 1933
f 1532 1933 1533
f 1533 1933 1934
f 1533 1934 1534
f 1534 1934 1935
f 1534 1935 1535
f 1535 1935 1936
f 1535 1936 1536
f 1536 1936 1937
f 1536 1937 1537
f 1537 1937 1938
f 1537 1938 1538
f 1538 1938 1939
f 1538 1939 1539
f 1539 1939 1940
f 1539 1940 1540
f 1540 1940 1941
f 1540 1941 1541
f 1541 1941 1942
f 1541 1942 1542
f 1542 1942 1943
f 1542 1943 1543
f 1543 1943 1944
f 1543 1944 1544
f 1544 1944 1945
f 1544 1945 1545
f 1545 1945 1946
f 1545 1946 1546
f 1546 1946 1947
f 1546 1947 1547
f 1547 1947 1948
f 1547 1948 1548
f 1548 1948 1949
f 1548 1949 1549
f 1549 1949 1950
f 1549 1950 1550
f 1550 1950 1951
f 1550 1951 1551
f 1551 1951 1952
f 1551 1952 1552
f 1552 1952 1953
f 1552 1953 1553
f 1553 1953 1954
f 1553 1954 1554
f 1554 1954 1955
f 1554 1955 1555
f 1555 1955 1956
f 1555 1956 1556
f 1556 1956 1957
f 1556 1957 1557
f 1557 1957 1958
f 1557 1958 1558
f 1558 1958 1959
f 1558 1959 1559
f 1559 1959 1960
f 1559 1960 1560
f 1560 1960 1961
f 1560 1961 1561
f 1561 1961 1962
f 1561 1962 1562
f 1562 1962 1963
f 1562 1963 1563
f 1563 1963 1964
f 1563 1964 1564
f 1564 1964 1965
f 1564 1965 1565
f 1565 1965 1966
f 1565 1966 1566
f 1566 1966 1967
f 1566 1967 1567
f 1567 1967 1968
f 1567 1968 1568
f 1568 1968 1969
f 1568 1969 1569
f 1569 1969 1970
f 1569 1970 1570
f 1570 1970 1971
f 1570 1971 1571
f 1571 1971 1972
f 1571 1972 1572
f 1572 1972 1973
f 1572 1973 1573
f 1573 1973 1974
f 1573 1974 1574
f 1574 1974 1975
f 1574 1975 1575
f 1575 1975 1976
f 1575 1976 1576
f 1576 1976 1977
f 1576 1977 1577
f 1577 1977 1978
f 1577 1978 1578
f 1578 1978 1979
f 1578 1979 1579
f 1579 1979 1980
f 1579 1980 1580
f 1580 1980 1981
f 1580 1981 1581
f 1581 1981 1982
f 1581 1982 1582
f 1582 1982 1983
f 1582 1983 1583
f 1583 1983 1984
f 1583 1984 1584
f 1584 1984 1985
f 1584 1985 1585
f 1585 1985 1986
f 1585 1986 1586
f 1586 1986 1987
f 1586 1987 1587
f 1587 1987 1988
f 1587 1988 1588
f 1588 1988 1989
f 1588 1989 1589
f 1589 1989 1990
f 1589 1990 1590
f 1590 1990 1991
f 1590 1991 1591
f 1591 1991 1992
f 1591 1992 1592
f 1592 1992 1993
f 1592 1993 1593
f 1593 1993 1994
f 1593 1994 1594
f 1594 1994 1995
f 1594 1995 1595
f 1595 1995 1996
f 1595 1996 1596
f 1596 1996 1997
f 1596 1997 1597
f 1597 1997 1998
f 1597 1998 1598
f 1598 1998 1999
f 1598 1999 1599
f 1599 1999 2000
f 1599 2000 1600
f 1601 2001 2002
f 1601 2002 1602
f 1602 2002 2003
f 1602 2003 1603
f 1603 2003 2004
f 1603 2004 1604
f 1604 2004 2005
f 1604 2005 1605
f 1605 2005 2006
f 1605 2006 1606
f 1606 2006 2007
f 1606 2007 1607
f 1607 2007 2008
f 1607 2008 1608
f 1608 2008 2009
f 1608 2009 1609
f 1609 2009 2010
f 1609 2010 1610
f 1610 2010 2011
f 1610 2011 1611
f 1611 2011 2012
f 1611 2012 1612
f 1612 2012 2013
f 1612 2013 1613
f 1613 2013 2014
f 1613 2014 1614
f 1614 2014 2015
f 1614 2015 1615
f 1615 2015 2016
f 1615 2016 1616
f 1616 2016 2017
f 1616 2017 1617
f 1617 2017 2018
f 1617 2018 1618
f 1618 2018 2019
f 1618 2019 1619
f 1619 2019 2020
f 1619 2020 1620
f 1620 2020 2021
f 1620 2021 1621
f 1621 2021 2022
f 1621 2022 1622
f 1622 2022 2023
f 1622 2023 1623
f 1623 2023 2024
f 1623 2024 1624
f 1624 2024 2025
f 1624 2025 1625
f 1625 2025 2026
f 1625 2026 1626
f 1626 2026 2027
f 1626 2027 1627
f 1627 2027 2028
f 1627 2028 1628
f 1628 2028 2029
f 1628 2029 1629
f 1629 2029 2030
f 1629 2030 1630
f 1630 2030 2031
f 1630 2031 1631
f 1631 2031 2032
f 1631 2032 1632
f 1632 2032 2033
f 1632 2033 1633
f 1633 2033 2034
f 1633 2034 1634
f 1634 2034 2035
f 1634 2035 1635
f 1635 2035 2036
f 1635 2036 1636
f 1636 2036 2037
f 1636 2037 1637
f 1637 2037 2038
f 1637 2038 1638
f 1638 2038 2039
f 1638 2039 1639
f 1639 2039 2040
f 1639 2040 1640
f 1640 2040 2041
f 1640 2041 1641
f 1641 2041 2042
f 1641 2042 1642
f 1642 2042 2043
f 1642 2043 1643
f 1643 2043 2044
f 1643 2044 1644
f 1644 2044 2045
f 1644 2045 1645
f 1645 2045 2046
f 1645 2046 1646
f 1646 2046 2047
f 1646 2047 1647
f 1647 2047 2048
f 1647 2048 1648
f 1648 2048 2049
f 1648 2049 1649
f 1649 2049 2050
f 1649 2050 1650
f 1650 2050 2051
f 1650 2051 1651
f 1651 2051 2052
f 1651 2052 1652
f 1652 2052 2053
f 1652 2053 1653
f 1653 2053 2054
f 1653 2054 1654
f 1654 2054 2055
f 1654 2055 1655
f 1655 2055 2056
f 1655 2056 1656
f 1656 2056 2057
f 1656 2057 1657
f 1657 2057 2058
f 1657 2058 1658
f 1658 2058 2059
f 1658 2059 1659
f 1659 2059 2060
f 1659 2060 1660
f 1660 2060 2061
f 1660 2061 1661
f 1661 2061 2062
f 1661 2062 1662
f 1662 2062 2063
f 1662 2063 1663
f 1663 2063 2064
f 1663 2064 1664
f 1664 2064 2065
f 1664 2065 1665
f 1665 2065 2066
f 1665 2066 1666
f 1666 2066 2067
f 1666 2067 1667
f 1667 2067 2068
f 1667 2068 1668
f 1668 2068 2069
f 1668 2069 1669
f 1669 2069 2070
f 1669 2070 1670
f 1670 2070 2071
f 1670 2071 1671
f 1671 2071 2072
f 1671 2072 1672
f 1672 2072 2073
f 1672 2073 1673
f 1673 2073 2074
f 1673 2074 1674
f 1674 2074 2075
f 1674 2075 1675
f 1675 2075 2076
f 1675 2076 1676
f 1676 2076 2077
f 1676 2077 1677
f 1677 2077 2078
f 1677 2078 1678
f 1678 2078 2079
f 1678 2079 1679
f 1679 2079 2080
f 1679 2080 1680
f 1680 2080 2081
f 1680 2081 1681
f 1681 2081 2082
f 1681 2082 1682
f 1682 2082 2083
f 1682 2083 1683
f 1683 2083 2084
f 1683 2084 1684
f 1684 2084 2085
f 1684 2085 1685
f 1685 2085 2086
f 1685 2086 1686
f 1686 2086 2087
f 1686 2087 1687
f 1687 2087 2088
f 1687 2088 1688
f 1688 2088 2089
f 1688 2089 1689
f 1689 2089 2090
f 1689 2090 1690
f 1690 2090 2091
f 1690 2091 1691
f 1691 2091 2092
f 1691 2092 1692
f 1692 2092 2093
f 1692 2093 1693
f 1693 2093 2094
f 1693 2094 1694
f 1694 2094 2095
f 1694 2095 1695
f 1695 2095 2096
f 1695 2096 1696
f 1696 2096 2097
f 1696 2097 1697
f 1697 2097 2098
f 1697 2098 1698
f 1698 2098 2099
f 1698 2099 1699
f 1699 2099 2100
f 1699 2100 1700
f 1700 2100 2101
f 1700 2101 1701
f 1701 2101 2102
f 1701 2102 1702
f 1702 2102 2103
f 1702 2103 1703
f 1703 2103 2104
f 1703 2104 1704
f 1704 2104 2105
f 1704 2105 1705
f 1705 2105 2106
f 1705 2106 1706
f 1706 2106 2107
f 1706 2107 1707
f 1707 2107 2108
f 1707 2108 1708
f 1708 2108 2109
f 1708 2109 1709
f 1709 2109 2110
f 1709 2110 1710
f 1710 2110 2111
f 1710 2111 1711
f 1711 2111 2112
f 1711 2112 1712
f 1712 2112 2113
f 1712 2113 1713
f 1713 2113 2114
f 1713 2114 1714
f 1714 2114 2115
f 1714 2115 1715
f 1715 2115 2116
f 1715 2116 1716
f 1716 2116 2117
f 1716 2117 1717
f 1717 2117 2118
f 1717 2118 1718
f 1718 2118 2119
f 1718 2119 1719
f 1719 2119 2120
f 1719 2120 1720
f 1720 2120 2121
f 1720 2121 1721
f 1721 2121 2122
f 1721 2122 1722
f 1722 2122 2123
f 1722 2123 1723
f 1723 2123 2124
f 1723 2124 1724
f 1724 2124 2125
f 1724 2125 1725
f 1725 2125 2126
f 1725 2126 1726
f 1726 2126 2127
f 1726 2127 1727
f 1727 2127 2128
f 1727 2128 1728
f 1728 2128 2129
f 1728 2129 1729
f 1729 2129 2130
f 1729 2130 1730
f 1730 2130 2131
f 1730 2131 1731
f 1731 2131 2132
f 1731 2132 1732
f 1732 2132 2133
f 1732 2133 1733
f 1733 2133 2134
f 1733 2134 1734
f 1734 2134 2135
f 1734 2135 1735
f 1735 2135 2136
f 1735 2136 1736
f 1736 2136 2137
f 1736 2137 1737
f 1737 2137 2138
f 1737 2138 1738
f 1738 2138 2139
f 1738 2139 1739
f 1739 2139 2140
f 1739 2140 1740
f 1740 2140 2141
f 1740 2141 1741
f 1741 2141 2142
f 1741 2142 1742
f 1742 2142 2143
f 1742 2143 1743
f 1743 2143 2144
f 1743 2144 1744
f 1744 2144 2145
f 1744 2145 1745
f 1745 2145 2146
f 1745 2146 1746
f 1746 2146 2147
f 1746 2147 1747
f 1747 2147 2148
f 1747 2148 1748
f 1748 2148 2149
f 1748 2149 1749
f 1749 2149 2150
f 1749 2150 1750
f 1750 2150 2151
f 1750 2151 1751
f 1751 2151 2152
f 1751 2152 1752
f 1752 2152 2153
f 1752 2153 1753
f 1753 2153 2154
f 1753 2154 1754
f 1754 2154 2155
f 1754 2155 1755
f 1755 2155 2156
f 1755 2156 1756
f 1756 2156 2157
f 1756 2157 1757
f 1757 2157 2158
f 1757 2158 1758
f 1758 2158 2159
f 1758 2159 1759
f 1759 2159 2160
f 1759 2160 1760
f 1760 2160 2161
f 1760 2161 1761
f 1761 2161 2162
f 1761 2162 1762
f 1762 2162 2163
f 1762 2163 1763
f 1763 2163 2164
f 1763 2164 1764
f 1764 2164 2165
f 1764 2165 1765
f 1765 2165 2166
f 1765 2166 1766
f 1766 2166 2167
f 1766 2167 1767
f 1767 2167 2168
f 1767 2168 1768
f 1768 2168 2169
f 1768 2169 1769
f 1769 2169 2170
f 1769 2170 1770
f 1770 2170 2171
f 1770 2171 1771
f 1771 2171 2172
f 1771 2172 1772
f 1772 2172 2173
f 1772 2173 1773
f 1773 2173 2174
f 1773 2174 1774
f 1774 2174 2175
f 1774 2175 1775
f 1775 2175 2176
f 1775 2176 1776
f 1776 2176 2177
f 1776 2177 1777
f 1777 2177 2178
f 1777 2178 1778
f 1778 2178 2179
f 1778 2179 1779
f 1779 2179 2180
f 1779 2180 1780
f 1780 2180 2181
f 1780 2181 1781
f 1781 2181 2182
f 1781 2182 1782
f 1782 2182 2183
f 1782 2183 1783
f 1783 2183 2184
f 1783 2184 1784
f 1784 2184 2185
f 1784 2185 1785
f 1785 2185 2186
f 1785 2186 1786
f 1786 2186 2187
f 1786 2187 1787
f 1787 2187 2188
f 1787 2188 1788
f 1788 2188 2189
f 1788 2189 1789
f 1789 2189 2190
f 1789 2190 1790
f 1790 2190 2191
f 1790 2191 1791
f 1791 2191 2192
f 1791 2192 1792
f 1792 2192 2193
f 1792 2193 1793
f 1793 2193 2194
f 1793 2194 1794
f 1794 2194 2195
f 1794 2195 1795
f 1795 2195 2196
f 1795 2196 1796
f 1796 2196 2197
f 1796 2197 1797
f 1797 2197 2198
f 1797 2198 1798
f 1798 2198 2199
f 1798 2199 1799
f 1799 2199 2200
f 1799 2200 1800
f 1800 2200 2201
f 1800 2201 1801
f 1801 2201 2202
f 1801 2202 1802
f 1802 2202 2203
f 1802 2203 1803
f 1803 2203 2204
f 1803 2204 1804
f 1804 2204 2205
f 1804 2205 1805
f 1805 2205 2206
f 1805 2206 1806
f 1806 2206 2207
f 1806 2207 1807
f 1807 2207 2208
f 1807 2208 1808
f 1808 2208 2209
f 1808 2209 1809
f 1809 2209 2210
f 1809 2210 1810
f 1810 2210 2211
f 1810 2211 1811
f 1811 2211 2212
f 1811 2212 1812
f 1812 2212 2213
f 1812 2213 1813
f 1813 2213 2214
f 1813 2214 1814
f 1814 2214 2215
f 1814 2215 1815
f 1815 2215 2216
f 1815 2216 1816
f 1816 2216 2217
f 1816 2217 1817
f 1817 2217 2218
f 1817 2218 1818
f 1818 2218 2219
f 1818 2219 1819
f 1819 2219 2220
f 1819 2220 1820
f 1820 2220 2221
f 1820 2221 1821
f 1821 2221 2222
f 1821 2222 1822
f 1822 2222 2223
f 1822 2223 1823
f 1823 2223 2224
f 1823 2224 1824
f 1824 2224 2225
f 1824 2225 1825
f 1825 2225 2226
f 1825 2226 1826
f 1826 2226 2227
f 1826 2227 1827
f 1827 2227 2228
f 1827 2228 1828
f 1828 2228 2229
f 1828 2229 1829
f 1829 2229 2230
f 1829 2230 1830
f 1830 2230 2231
f 1830 2231 1831
f 1831 2231 2232
f 1831 2232 1832
f 1832 2232 2233
f 1832 2233 1833
f 1833 2233 2234
f 1833 2234 1834
f 1834 2234 2235
f 1834 2235 1835
f 1835 2235 2236
f 1835 2236 1836
f 1836 2236 2237
f 1836 2237 1837
f 1837 2237 2238
f 1837 2238 1838
f 1838 2238 2239
f 1838 2239 1839
f 1839 2239 2240
f 1839 2240 1840
f 1840 2240 2241
f 1840 2241 1841
f 1841 2241 2242
f 1841 2242 1842
f 1842 2242 2243
f 1842 2243 1843
f 1843 2243 2244
f 1843 2244 1844
f 1844 2244 2245
f 1844 2245 1845
f 1845 2245 2246
f 1845 2246 1846
f 1846 2246 2247
f 1846 2247 1847
f 1847 2247 2248
f 1847 2248 1848
f 1848 2248 2249
f 1848 2249 1849
f 1849 2249 2250
f 1849 2250 1850
f 1850 2250 2251
f 1850 2251 1851
f 1851 2251 2252
f 1851 2252 1852
f 1852 2252 2253
f 1852 2253 1853
f 1853 2253 2254
f 1853 2254 1854
f 1854 2254 2255
f 1854 2255 1855
f 1855 2255 2256
f 1855 2256 1856
f 1856 2256 2257
f 1856 2257 1857
f 1857 2257 2258
f 1857 2258 1858
f 1858 2258 2259
f 1858 2259 1859
f 1859 2259 2260
f 1859 2260 1860
f 1860 2260 2261
f 1860 2261 1861
f 1861 2261 2262
f 1861 2262 1862
f 1862 2262 2263
f 1862 2263 1863
f 1863 2263 2264
f 1863 2264 1864
f 1864 2264 2265
f 1864 2265 1865
f 1865 2265 2266
f 1865 2266 1866
f 1866 2266 2267
f 1866 2267 1867
f 1867 2267 2268
f 1867 2268 1868
f 1868 2268 2269
f 1868 2269 1869
f 1869 2269 2270
f 1869 2270 1870
f 1870 2270 2271
f 1870 2271 1871
f 1871 2271 2272
f 1871 2272 1872
f 1872 2272 2273
f 1872 2273 1873
f 1873 2273 2274
f 1873 2274 1874
f 1874 2274 2275
f 1874 2275 1875
f 1875 2275 2276
f 1875 2276 1876
f 1876 2276 2277
f 1876 2277 1877
f 1877 2277 2278
f 1877 2278 1878
f 1878 2278 2279
f 1878 2279 1879
f 1879 2279 2280
f 1879 2280 1880
f 1880 2280 2281
f 1880 2281 1881
f 1881 2281 2282
f 1881 2282 1882
f 1882 2282 2283
f 1882 2283 1883
f 1883 2283 2284
f 1883 2284 1884
f 1884 2284 2285
f 1884 2285 1885
f 1885 2285 2286
f 1885 2286 1886
f 1886 2286 2287
f 1886 2287 1887
f 1887 2287 2288
f 1887 2288 1888
f 1888 2288 2289
f 1888 2289 1889
f 1889 2289 2290
f 1889 2290 1890
f 1890 2290 2291
f 1890 2291 1891
f 1891 2291 2292
f 1891 2292 1892
f 1892 2292 2293
f 1892 2293 1893
f 1893 2293 2294
f 1893 2294 1894
f 1894 2294 2295
f 1894 2295 1895
f 1895 2295 2296
f 1895 2296 1896
f 1896 2296 2297
f 1896 2297 1897
f 1897 2297 2298
f 1897 2298 1898
f 1898 2298 2299
f 1898 2299 1899
f 1899 2299 2300
f 1899 2300 1900
f 1900 2300 2301
f 1900 2301 1901
f 1901 2301 2302
f 1901 2302 1902
f 1902 2302 2303
f 1902 2303 1903
f 1903 2303 2304
f 1903 2304 1904
f 1904 2304 2305
f 1904 2305 1905
f 1905 2305 2306
f 1905 2306 1906
f 1906 2306 2307
f 1906 2307 1907
f 1907 2307 2308
f 1907 2308 1908
f 1908 2308 2309
f 1908 2309 1909
f 1909 2309 2310
f 1909 2310 1910
f 1910 2310 2311
f 1910 2311 1911
f 1911 2311 2312
f 1911 2312 1912
f 1912 2312 2313
f 1912 2313 1913
f 1913 2313 2314
f 1913 2314 1914
f 1914 2314 2315
f 1914 2315 1915
f 1915 2315 2316
f 1915 2316 1916
f 1916 2316 2317
f 1916 2317 1917
f 1917 2317 2318
f 1917 2318 1918
f 1918 2318 2319
f 1918 2319 1919
f 1919 2319 2320
f 1919 2320 1920
f 1920 2320 2321
f 1920 2321 1921
f 1921 2321 2322
f 1921 2322 1922
f 1922 2322 2323
f 1922 2323 1923
f 1923 2323 2324
f 1923 2324 1924
f 1924 2324 2325
f 1924 2325 1925
f 1925 2325 2326
f 1925 2326 1926
f 1926 2326 2327
f 1926 2327 1927
f 1927 2327 2328
f 1927 2328 1928
f 1928 2328 2329
f 1928 2329 1929
f 1929 2329 2330
f 1929 2330 1930
f 1930 2330 2331
f 1930 2331 1931
f 1931 2331 2332
f 1931 2332 1932
f 1932 2332 2333
f 1932 2333 1933
f 1933 2333 2334
f 1933 2334 1934
f 1934 2334 2335
f 1934 2335 1935
f 1935 2335 2336
f 1935 2336 1936
f 1936 2336 2337
f 1936 2337 1937
f 1937 2337 2338
f 1937 2338 1938
f 1938 2338 2339
f 1938 2339 1939
f 1939 2339 2340
f 1939 2340 1940
f 1940 2340 2341
f 1940 2341 1941
f 1941 2341 2342
f 1941 2342 1942
f 1942 2342 2343
f 1942 2343 1943
f 1943 2343 2344
f 1943 2344 1944
f 1944 2344 2345
f 1944 2345 1945
f 1945 2345 2346
f 1945 2346 1946
f 1946 2346 2347
f 1946 2347 1947
f 1947 2347 2348
f 1947 2348 1948
f 1948 2348 2349
f 1948 2349 1949
f 1949 2349 2350
f 1949 2350 1950
f 1950 2350 2351
f 1950 2351 1951
f 1951 2351 2352
f 1951 2352 1952
f 1952 2352 2353
f 1952 2353 1953
f 1953 2353 2354
f 1953 2354 1954
f 1954 2354 2355
f 1954 2355 1955
f 1955 2355 2356
f 1955 2356 1956
f 1956 2356 2357
f 1956 2357 1957
f 1957 2357 2358
f 1957 2358 1958
f 1958 2358 2359
f 1958 2359 1959
f 1959 2359 2360
f 1959 2360 1960
f 1960 2360 2361
f 1960 2361 1961
f 1961 2361 2362
f 1961 2362 1962
f 1962 2362 2363
f 1962 2363 1963
f 1963 2363 2364
f 1963 2364 1964
f 1964 2364 2365
f 1964 2365 1965
f 1965 2365 2366
f 1965 2366 1966
f 1966 2366 2367
f 1966 2367 1967
f 1967 2367 2368
f 1967 2368 1968
f 1968 2368 2369
f 1968 2369 1969
f 1969 2369 2370
f 1969 2370 1970
f 1970 2370 2371
f 1970 2371 1971
f 1971 2371 2372
f 1971 2372 1972
f 1972 2372 2373
f 1972 2373 1973
f 1973 2373 2374
f 1973 2374 1974
f 1974 2374 2375
f 1974 2375 1975
f 1975 2375 2376
f 1975 2376 1976
f 1976 2376 2377
f 1976 2377 1977
f 1977 2377 2378
f 1977 2378 1978
f 1978 2378 2379
f 1978 2379 1979
f 1979 2379 2380
f 1979 2380 1980
f 1980 2380 2381
f 1980 2381 1981
f 1981 2381 2382
f 1981 2382 1982
f 1982 2382 2383
f 1982 2383 1983
f 1983 2383 2384
f 1983 2384 1984
f 1984 2384 2385
f 1984 2385 1985
f 1985 2385 2386
f 1985 2386 1986
f 1986 2386 2387
f 1986 2387 1987
f 1987 2387 2388
f 1987 2388 1988
f 1988 2388 2389
f 1988 2389 1989
f 1989 2389 2390
f 1989 2390 1990
f 1990 2390 2391
f 1990 2391 1991
f 1991 2391 2392
f 1991 2392 1992
f 1992 2392 2393
f 1992 2393 1993
f 1993 2393 2394
f 1993 2394 1994
f 1994 2394 2395
f 1994 2395 1995
f 1995 2395 2396
f 1995 2396 1996
f 1996 2396 2397
f 1996 2397 1997
f 1997 2397 2398
f 1997 2398 1998
f 1998 2398 2399
f 1998 2399 1999
f 1999 2399 2400
f 1999 2400 2000
f 2001 2401 2402
f 2001 2402 2002
f 2002 2402 2403
f 2002 2403 2003
f 2003 2403 2404
f 2003 2404 2004
f 2004 2404 2405
f 2004 2405 2005
f 2005 2405 2406
f 2005 2406 2006
f 2006 2406 2407
f 2006 2407 2007
f 2007 2407 2408
f 2007 2408 2008
f 2008 2408 2409
f 2008 2409 2009
f 2009 2409 2410
f 2009 2410 2010
f 2010 2410 2411
f 2010 2411 2011
f 2011 2411 2412
f 2011 2412 2012
f 2012 2412 2413
f 2012 2413 2013
f 2013 2413 2414
f 2013 2414 2014
f 2014 2414 2415
f 2014 2415 2015
f 2015 2415 2416
f 2015 2416 2016
f 2016 2416 2417
f 2016 2417 2017
f 2017 2417 2418
f 2017 2418 2018
f 2018 2418 2419
f 2018 2419 2019
f 2019 2419 2420
f 2019 2420 2020
f 2020 2420 2421
f 2020 2421 2021
f 2021 2421 2422
f 2021 2422 2022
f 2022 2422 2423
f 2022 2423 2023
f 2023 2423 2424
f 2023 2424 2024
f 2024 2424 2425
f 2024 2425 2025
f 2025 2425 2426
f 2025 2426 2026
f 2026 2426 2427
f 2026 2427 2027
f 2027 2427 2428
f 2027 2428 2028
f 2028 2428 2429
f 2028 2429 2029
f 2029 2429 2430
f 2029 2430 2030
f 2030 2430 2431
f 2030 2431 2031
f 2031 2431 2432
f 2031 2432 2032
f 2032 2432 2433
f 2032 2433 2033
f 2033 2433 2434
f 2033 2434 2034
f 2034 2434 2435
f 2034 2435 2035
f 2035 2435 2436
f 2035 2436 2036
f 2036 2436 2437
f 2036 2437 2037
f 2037 2437 2438
f 2037 2438 2038
f 2038 2438 2439
f 2038 2439 2039
f 2039 2439 2440
f 2039 2440 2040
f 2040 2440 2441
f 2040 2441 2041
f 2041 2441 2442
f 2041 2442 2042
f 2042 2442 2443
f 2042 2443 2043
f 2043 2443 2444
f 2043 2444 2044
f 2044 2444 2445
f 2044 2445 2045
f 2045 2445 2446
f 2045 2446 2046
f 2046 2446 2447
f 2046 2447 2047
f 2047 2447 2448
f 2047 2448 2048
f 2048 2448 2449
f 2048 2449 2049
f 2049 2449 2450
f 2049 2450 2050
f 2050 2450 2451
f 2050 2451 2051
f 2051 2451 2452
f 2051 2452 2052
f 2052 2452 2453
f 2052 2453 2053
f 2053 2453 2454
f 2053 2454 2054
f 2054 2454 2455
f 2054 2455 2055
f 2055 2455 2456
f 2055 2456 2056
f 2056 2456 2457
f 2056 2457 2057
f 2057 2457 2458
f 2057 2458 2058
f 2058 2458 2459
f 2058 2459 2059
f 2059 2459 2460
f 2059 2460 2060
f 2060 2460 2461
f 2060 2461 2061
f 2061 2461 2462
f 2061 2462 2062
f 2062 2462 2463
f 2062 2463 2063
f 2063 2463 2464
f 2063 2464 2064
f 2064 2464 2465
f 2064 2465 2065
f 2065 2465 2466
f 2065 2466 2066
f 2066 2466 2467
f 2066 2467 2067
f 2067 2467 2468
f 2067 2468 2068
f 2068 2468 2469
f 2068 2469 2069
f 2069 2469 2470
f 2069 2470 2070
f 2070 2470 2471
f 2070 2471 2071
f 2071 2471 2472
f 2071 2472 2072
f 2072 2472 2473
f 2072 2473 2073
f 2073 2473 2474
f 2073 2474 2074
f 2074 2474 2475
f 2074 2475 2075
f 2075 2475 2476
f 2075 2476 2076
f 2076 2476 2477
f 2076 2477 2077
f 2077 2477 2478
f 2077 2478 2078
f 2078 2478 2479
f 2078 2479 2079
f 2079 2479 2480
f 2079 2480 2080
f 2080 2480 2481
f 2080 2481 2081
f 2081 2481 2482
f 2081 2482 2082
f 2082 2482 2483
f 2082 2483 2083
f 2083 2483 2484
f 2083 2484 2084
f 2084 2484 2485
f 2084 2485 2085
f 2085 2485 2486
f 2085 2486 2086
f 2086 2486 2487
f 2086 2487 2087
f 2087 2487 2488
f 2087 2488 2088
f 2088 2488 2489
f 2088 2489 2089
f 2089 2489 2490
f 2089 2490 2090
f 2090 2490 2491
f 2090 2491 2091
f 2091 2491 2492
f 2091 2492 2092
f 2092 2492 2493
f 2092 2493 2093
f 2093 2493 2494
f 2093 2494 2094
f 2094 2494 2495
f 2094 2495 2095
f 2095 2495 2496
f 2095 2496 2096
f 2096 2496 2497
f 2096 2497 2097
f 2097 2497 2498
f 2097 2498 2098
f 2098 2498 2499
f 2098 2499 2099
f 2099 2499 2500
f 2099 2500 2100
f 2100 2500 2501
f 2100 2501 2101
f 2101 2501 2502
f 2101 2502 2102
f 2102 2502 2503
f 2102 2503 2103
f 2103 2503 2504
f 2103 2504 2104
f 2104 2504 2505
f 2104 2505 2105
f 2105 2505 2506
f 2105 2506 2106
f 2106 2506 2507
f 2106 2507 2107
f 2107 2507 2508
f 2107 2508 2108
f 2108 2508 2509
f 2108 2509 2109
f 2109 2509 2510
f 2109 2510 2110
f 2110 2510 2511
f 2110 2511 2111
f 2111 2511 2512
f 2111 2512 2112
f 2112 2512 2513
f 2112 2513 2113
f 2113 2513 2514
f 2113 2514 2114
f 2114 2514 2515
f 2114 2515 2115
f 2115 2515 2516
f 2115 2516 2116
f 2116 2516 2517
f 2116 2517 2117
f 2117 2517 2518
f 2117 2518 2118
f 2118 2518 2519
f 2118 2519 2119
f 2119 2519 2520
f 2119 2520 2120
f 2120 2520 2521
f 2120 2521 2121
f 2121 2521 2522
f 2121 2522 2122
f 2122 2522 2523
f 2122 2523 2123
f 2123 2523 2524
f 2123 2524 2124
f 2124 2524 2525
f 2124 2525 2125
f 2125 2525 2526
f 2125 2526 2126
f 2126 2526 2527
f 2126 2527 2127
f 2127 2527 2528
f 2127 2528 2128
f 2128 2528 2529
f 2128 2529 2129
f 2129 2529 2530
f 2129 2530 2130
f 2130 2530 2531
f 2130 2531 2131
f 2131 2531 2532
f 2131 2532 2132
f 2132 2532 2533
f 2132 2533 2133
f 2133 2533 2534
f 2133 2534 2134
f 2134 2534 2535
f 2134 2535 2135
f 2135 2535 2536
f 2135 2536 2136
f 2136 2536 2537
f 2136 2537 2137
f 2137 2537 2538
f 2137 2538 2138
f 2138 2538 2539
f 2138 2539 2139
f 2139 2539 2540
f 2139 2540 2140
f 2140 2540 2541
f 2140 2541 2141
f 2141 2541 2542
f 2141 2542 2142
f 2142 2542 2543
f 2142 2543 2143
f 2143 2543 2544
f 2143 2544 2144
f 2144 2544 2545
f 2144 2545 2145
f 2145 2545 2546
f 2145 2546 2146
f 2146 2546 2547
f 2146 2547 2147
f 2147 2547 2548
f 2147 2548 2148
f 2148 2548 2549
f 2148 2549 2149
f 2149 2549 2550
f 2149 2550 2150
f 2150 2550 2551
f 2150 2551 2151
f 2151 2551 2552
f 2151 2552 2152
f 2152 2552 2553
f 2152 2553 2153
f 2153 2553 2554
f 2153 2554 2154
f 2154 2554 2555
f 2154 2555 2155
f 2155 2555 2556
f 2155 2556 2156
f 2156 2556 2557
f 2156 2557 2157
f 2157 2557 2558
f 2157 2558 2158
f 2158 2558 2559
f 2158 2559 2159
f 2159 2559 2560
f 2159 2560 2160
f 2160 2560 2561
f 2160 2561 2161
f 2161 2561 2562
f 2161 2562 2162
f 2162 2562 2563
f 2162 2563 2163
f 2163 2563 2564
f 2163 2564 2164
f 2164 2564 2565
f 2164 2565 2165
f 2165 2565 2566
f 2165 2566 2166
f 2166 2566 2567
f 2166 2567 2167
f 2167 2567 2568
f 2167 2568 2168
f 2168 2568 2569
f 2168 2569 2169
f 2169 2569 2570
f 2169 2570 2170
f 2170 2570 2571
f 2170 2571 2171
f 2171 2571 2572
f 2171 2572 2172
f 2172 2572 2573
f 2172 2573 2173
f 2173 2573 2574
f 2173 2574 2174
f 2174 2574 2575
f 2174 2575 2175
f 2175 2575 2576
f 2175 2576 2176
f 2176 2576 2577
f 2176 2577 2177
f 2177 2577 2578
f 2177 2578 2178
f 2178 2578 2579
f 2178 2579 2179
f 2179 2579 2580
f 2179 2580 2180
f 2180 2580 2581
f 2180 2581 2181
f 2181 2581 2582
f 2181 2582 2182
f 2182 2582 2583
f 2182 2583 2183
f 2183 2583 2584
f 2183 2584 2184
f 2184 2584 2585
f 2184 2585 2185
f 2185 2585 2586
f 2185 2586 2186
f 2186 2586 2587
f 2186 2587 2187
f 2187 2587 2588
f 2187 2588 2188
f 2188 2588 2589
f 2188 2589 2189
f 2189 2589 2590
f 2189 2590 2190
f 2190 2590 2591
f 2190 2591 2191
f 2191 2591 2592
f 2191 2592 2192
f 2192 2592 2593
f 2192 2593 2193
f 2193 2593 2594
f 2193 2594 2194
f 2194 2594 2595
f 2194 2595 2195
f 2195 2595 2596
f 2195 2596 2196
f 2196 2596 2597
f 2196 2597 2197
f 2197 2597 2598
f 2197 2598 2198
f 2198 2598 2599
f 2198 2599 2199
f 2199 2599 2600
f 2199 2600 2200
f 2200 2600 2601
f 2200 2601 2201
f 2201 2601 2602
f 2201 2602 2202
f 2202 2602 2603
f 2202 2603 2203
f 2203 2603 2604
f 2203 2604 2204
f 2204 2604 2605
f 2204 2605 2205
f 2205 2605 2606
f 2205 2606 2206
f 2206 2606 2607
f 2206 2607 2207
f 2207 2607 2608
f 2207 2608 2208
f 2208 2608 2609
f 2208 2609 2209
f 2209 2609 2610
f 2209 2610 2210
f 2210 2610 2611
f 2210 2611 2211
f 2211 2611 2612
f 2211 2612 2212
f 2212 2612 2613
f 2212 2613 2213
f 2213 2613 2614
f 2213 2614 2214
f 2214 2614 2615
f 2214 2615 2215
f 2215 2615 2616
f 2215 2616 2216
f 2216 2616 2617
f 2216 2617 2217
f 2217 2617 2618
f 2217 2618 2218
f 2218 2618 2619
f 2218 2619 2219
f 2219 2619 2620
f 2219 2620 2220
f 2220 2620 2621
f 2220 2621 2221
f 2221 2621 2622
f 2221 2622 2222
f 2222 2622 2623
f 2222 2623 2223
f 2223 2623 2624
f 2223 2624 2224
f 2224 2624 2625
f 2224 2625 2225
f 2225 2625 2626
f 2225 2626 2226
f 2226 2626 2627
f 2226 2627 2227
f 2227 2627 2628
f 2227 2628 2228
f 2228 2628 2629
f 2228 2629 2229
f 2229 2629 2630
f 2229 2630 2230
f 2230 2630 2631
f 2230 2631 2231
f 2231 2631 2632
f 2231 2632 2232
f 2232 2632 2633
f 2232 2633 2233
f 2233 2633 2634
f 2233 2634 2234
f 2234 2634 2635
f 2234 2635 2235
f 2235 2635 2636
f 2235 2636 2236
f 2236 2636 2637
f 2236 2637 2237
f 2237 2637 2638
f 2237 2638 2238
f 2238 2638 2639
f 2238 2639 2239
f 2239 2639 2640
f 2239 2640 2240
f 2240 2640 2641
f 2240 2641 2241
f 2241 2641 2642
f 2241 2642 2242
f 2242 2642 2643
f 2242 2643 2243
f 2243 2643 2644
f 2243 2644 2244
f 2244 2644 2645
f 2244 2645 2245
f 2245 2645 2646
f 2245 2646 2246
f 2246 2646 2647
f 2246 2647 2247
f 2247 2647 2648
f 2247 2648 2248
f 2248 2648 2649
f 2248 2649 2249
f 2249 2649 2650
f 2249 2650 2250
f 2250 2650 2651
f 2250 2651 2251
f 2251 2651 2652
f 2251 2652 2252
f 2252 2652 2653
f 2252 2653 2253
f 2253 2653 2654
f 2253 2654 2254
f 2254 2654 2655
f 2254 2655 2255
f 2255 2655 2656
f 2255 2656 2256
f 2256 2656 2657
f 2256 2657 2257
f 2257 2657 2658
f 2257 2658 2258
f 2258 2658 2659
f 2258 2659 2259
f 2259 2659 2660
f 2259 2660 2260
f 2260 2660 2661
f 2260 2661 2261
f 2261 2661 2662
f 2261 2662 2262
f 2262 2662 2663
f 2262 2663 2263
f 2263 2663 2664
f 2263 2664 2264
f 2264 2664 2665
f 2264 2665 2265
f 2265 2665 2666
f 2265 2666 2266
f 2266 2666 2667
f 2266 2667 2267
f 2267 2667 2668
f 2267 2668 2268
f 2268 2668 2669
f 2268 2669 2269
f 2269 2669 2670
f 2269 2670 2270
f 2270 2670 2671
f 2270 2671 2271
f 2271 2671 2672
f 2271 2672 2272
f 2272 2672 2673
f 2272 2673 2273
f 2273 2673 2674
f 2273 2674 2274
f 2274 2674 2675
f 2274 2675 2275
f 2275 2675 2676
f 2275 2676 2276
f 2276 2676 2677
f 2276 2677 2277
f 2277 2677 2678
f 2277 2678 2278
f 2278 2678 2679
f 2278 2679 2279
f 2279 2679 2680
f 2279 2680 2280
f 2280 2680 2681
f 2280 2681 2281
f 2281 2681 2682
f 2281 2682 2282
f 2282 2682 2683
f 2282 2683 2283
f 2283 2683 2684
f 2283 2684 2284
f 2284 2684 2685
f 2284 2685 2285
f 2285 2685 2686
f 2285 2686 2286
f 2286 2686 2687
f 2286 2687 2287
f 2287 2687 2688
f 2287 2688 2288
f 2288 2688 2689
f 2288 2689 2289
f 2289 2689 2690
f 2289 2690 2290
f 2290 2690 2691
f 2290 2691 2291
f 2291 2691 2692
f 2291 2692 2292
f 2292 2692 2693
f 2292 2693 2293
f 2293 2693 2694
f 2293 2694 2294
f 2294 2694 2695
f 2294 2695 2295
f 2295 2695 2696
f 2295 2696 2296
f 2296 2696 2697
f 2296 2697 2297
f 2297 2697 2698
f 2297 2698 2298
f 2298 2698 2699
f 2298 2699 2299
f 2299 2699 2700
f 2299 2700 2300
f 2300 2700 2701
f 2300 2701 2301
f 2301 2701 2702
f 2301 2702 2302
f 2302 2702 2703
f 2302 2703 2303
f 2303 2703 2704
f 2303 2704 2304
f 2304 2704 2705
f 2304 2705 2305
f 2305 2705 2706
f 2305 2706 2306
f 2306 2706 2707
f 2306 2707 2307
f 2307 2707 2708
f 2307 2708 2308
f 2308 2708 2709
f 2308 2709 2309
f 2309 2709 2710
f 2309 2710 2310
f 2310 2710 2711
f 2310 2711 2311
f 2311 2711 2712
f 2311 2712 2312
f 2312 2712 2713
f 2312 2713 2313
f 2313 2713 2714
f 2313 2714 2314
f 2314 2714 2715
f 2314 2715 2315
f 2315 2715 2716
f 2315 2716 2316
f 2316 2716 2717
f 2316 2717 2317
f 2317 2717 2718
f 2317 2718 2318
f 2318 2718 2719
f 2318 2719 2319
f 2319 2719 2720
f 2319 2720 2320
f 2320 2720 2721
f 2320 2721 2321
f 2321 2721 2722
f 2321 2722 2322
f 2322 2722 2723
f 2322 2723 2323
f 2323 2723 2724
f 2323 2724 2324
f 2324 2724 2725
f 2324 2725 2325
f 2325 2725 2726
f 2325 2726 2326
f 2326 2726 2727
f 2326 2727 2327
f 2327 2727 2728
f 2327 2728 2328
f 2328 2728 2729
f 2328 2729 2329
f 2329 2729 2730
f 2329 2730 2330
f 2330 2730 2731
f 2330 2731 2331
f 2331 2731 2732
f 2331 2732 2332
f 2332 2732 2733
f 2332 2733 2333
f 2333 2733 2734
f 2333 2734 2334
f 2334 2734 2735
f 2334 2735 2335
f 2335 2735 2736
f 2335 2736 2336
f 2336 2736 2737
f 2336 2737 2337
f 2337 2737 2738
f 2337 2738 2338
f 2338 2738 2739
f 2338 2739 2339
f 2339 2739 2740
f 2339 2740 2340
f 2340 2740 2741
f 2340 2741 2341
f 2341 2741 2742
f 2341 2742 2342
f 2342 2742 2743
f 2342 2743 2343
f 2343 2743 2744
f 2343 2744 2344
f 2344 2744 2745
f 2344 2745 2345
f 2345 2745 2746
f 2345 2746 2346
f 2346 2746 2747
f 2346 2747 2347
f 2347 2747 2748
f 2347 2748 2348
f 2348 2748 2749
f 2348 2749 2349
f 2349 2749 2750
f 2349 2750 2350
f 2350 2750 2751
f 2350 2751 2351
f 2351 2751 2752
f 2351 2752 2352
f 2352 2752 2753
f 2352 2753 2353
f 2353 2753 2754
f 2353 2754 2354
f 2354 2754 2755
f 2354 2755 2355
f 2355 2755 2756
f 2355 2756 2356
f 2356 2756 2757
f 2356 2757 2357
f 2357 2757 2758
f 2357 2758 2358
f 2358 2758 2759
f 2358 2759 2359
f 2359 2759 2760
f 2359 2760 2360
f 2360 2760 2761
f 2360 2761 2361
f 2361 2761 2762
f 2361 2762 2362
f 2362 2762 2763
f 2362 2763 2363
f 2363 2763 2764
f 2363 2764 2364
f 2364 2764 2765
f 2364 2765 2365
f 2365 2765 2766
f 2365 2766 2366
f 2366 2766 2767
f 2366 2767 2367
f 2367 2767 2768
f 2367 2768 2368
f 2368 2768 2769
f 2368 2769 2369
f 2369 2769 2770
f 2369 2770 2370
f 2370 2770 2771
f 2370 2771 2371
f 2371 2771 2772
f 2371 2772 2372
f 2372 2772 2773
f 2372 2773 2373
f 2373 2773 2774
f 2373 2774 2374
f 2374 2774 2775
f 2374 2775 2375
f 2375 2775 2776
f 2375 2776 2376
f 2376 2776 2777
f 2376 2777 2377
f 2377 2777 2778
f 2377 2778 2378
f 2378 2778 2779
f 2378 2779 2379
f 2379 2779 2780
f 2379 2780 2380
f 2380 2780 2781
f 2380 2781 2381
f 2381 2781 2782
f 2381 2782 2382
f 2382 2782 2783
f 2382 2783 2383
f 2383 2783 2784
f 2383 2784 2384
f 2384 2784 2785
f 2384 2785 2385
f 2385 2785 2786
f 2385 2786 2386
f 2386 2786 2787
f 2386 2787 2387
f 2387 2787 2788
f 2387 2788 2388
f 2388 2788 2789
f 2388 2789 2389
f 2389 2789 2790
f 2389 2790 2390
f 2390 2790 2791
f 2390 2791 2391
f 2391 2791 2792
f 2391 2792 2392
f 2392 2792 2793
f 2392 2793 2393
f 2393 2793 2794
f 2393 2794 2394
f 2394 2794 2795
f 2394 2795 2395
f 2395 2795 2796
f 2395 2796 2396
f 2396 2796 2797
f 2396 2797 2397
f 2397 2797 2798
f 2397 2798 2398
f 2398 2798 2799
f 2398 2799 2399
f 2399 2799 2800
f 2399 2800 2400
f 2401 2801 2802
f 2401 2802 2402
f 2402 2802 2803
f 2402 2803 2403
f 2403 2803 2804
f 2403 2804 2404
f 2404 2804 2805
f 2404 2805 2405
f 2405 2805 2806
f 2405 2806 2406
f 2406 2806 2807
f 2406 2807 2407
f 2407 2807 2808
f 2407 2808 2408
f 2408 2808 2809
f 2408 2809 2409
f 2409 2809 2810
f 2409 2810 2410
f 2410 2810 2811
f 2410 2811 2411
f 2411 2811 2812
f 2411 2812 2412
f 2412 2812 2813
f 2412 2813 2413
f 2413 2813 2814
f 2413 2814 2414
f 2414 2814 2815
f 2414 2815 2415
f 2415 2815 2816
f 2415 2816 2416
f 2416 2816 2817
f 2416 2817 2417
f 2417 2817 2818
f 2417 2818 2418
f 2418 2818 2819
f 2418 2819 2419
f 2419 2819 2820
f 2419 2820 2420
f 2420 2820 2821
f 2420 2821 2421
f 2421 2821 2822
f 2421 2822 2422
f 2422 2822 2823
f 2422 2823 2423
f 2423 2823 2824
f 2423 2824 2424
f 2424 2824 2825
f 2424 2825 2425
f 2425 2825 2826
f 2425 2826 2426
f 2426 2826 2827
f 2426 2827 2427
f 2427 2827 2828
f 2427 2828 2428
f 2428 2828 2829
f 2428 2829 2429
f 2429 2829 2830
f 2429 2830 2430
f 2430 2830 2831
f 2430 2831 2431
f 2431 2831 2832
f 2431 2832 2432
f 2432 2832 2833
f 2432 2833 2433
f 2433 2833 2834
f 2433 2834 2434
f 2434 2834 2835
f 2434 2835 2435
f 2435 2835 2836
f 2435 2836 2436
f 2436 2836 2837
f 2436 2837 2437
f 2437 2837 2838
f 2437 2838 2438
f 2438 2838 2839
f 2438 2839 2439
f 2439 2839 2840
f 2439 2840 2440
f 2440 2840 2841
f 2440 2841 2441
f 2441 2841 2842
f 2441 2842 2442
f 2442 2842 2843
f 2442 2843 2443
f 2443 2843 2844
f 2443 2844 2444
f 2444 2844 2845
f 2444 2845 2445
f 2445 2845 2846
f 2445 2846 2446
f 2446 2846 2847
f 2446 2847 2447
f 2447 2847 2848
f 2447 2848 2448
f 2448 2848 2849
f 2448 2849 2449
f 2449 2849 2850
f 2449 2850 2450
f 2450 2850 2851
f 2450 2851 2451
f 2451 2851 2852
f 2451 2852 2452
f 2452 2852 2853
f 2452 2853 2453
f 2453 2853 2854
f 2453 2854 2454
f 2454 2854 2855
f 2454 2855 2455
f 2455 2855 2856
f 2455 2856 2456
f 2456 2856 2857
f 2456 2857 2457
f 2457 2857 2858
f 2457 2858 2458
f 2458 2858 2859
f 2458 2859 2459
f 2459 2859 2860
f 2459 2860 2460
f 2460 2860 2861
f 2460 2861 2461
f 2461 2861 2862
f 2461 2862 2462
f 2462 2862 2863
f 2462 2863 2463
f 2463 2863 2864
f 2463 2864 2464
f 2464 2864 2865
f 2464 2865 2465
f 2465 2865 2866
f 2465 2866 2466
f 2466 2866 2867
f 2466 2867 2467
f 2467 2867 2868
f 2467 2868 2468
f 2468 2868 2869
f 2468 2869 2469
f 2469 2869 2870
f 2469 2870 2470
f 2470 2870 2871
f 2470 2871 2471
f 2471 2871 2872
f 2471 2872 2472
f 2472 2872 2873
f 2472 2873 2473
f 2473 2873 2874
f 2473 2874 2474
f 2474 2874 2875
f 2474 2875 2475
f 2475 2875 2876
f 2475 2876 2476
f 2476 2876 2877
f 2476 2877 2477
f 2477 2877 2878
f 2477 2878 2478
f 2478 2878 2879
f 2478 2879 2479
f 2479 2879 2880
f 2479 2880 2480
f 2480 2880 2881
f 2480 2881 2481
f 2481 2881 2882
f 2481 2882 2482
f 2482 2882 2883
f 2482 2883 2483
f 2483 2883 2884
f 2483 2884 2484
f 2484 2884 2885
f 2484 2885 2485
f 2485 2885 2886
f 2485 2886 2486
f 2486 2886 2887
f 2486 2887 2487
f 2487 2887 2888
f 2487 2888 2488
f 2488 2888 2889
f 2488 2889 2489
f 2489 2889 2890
f 2489 2890 2490
f 2490 2890 2891
f 2490 2891 2491
f 2491 2891 2892
f 2491 2892 2492
f 2492 2892 2893
f 2492 2893 2493
f 2493 2893 2894
f 2493 2894 2494
f 2494 2894 2895
f 2494 2895 2495
f 2495 2895 2896
f 2495 2896 2496
f 2496 2896 2897
f 2496 2897 2497
f 2497 2897 2898
f 2497 2898 2498
f 2498 2898 2899
f 2498 2899 2499
f 2499 2899 2900
f 2499 2900 2500
f 2500 2900 2901
f 2500 2901 2501
f 2501 2901 2902
f 2501 2902 2502
f 2502 2902 2903
f 2502 2903 2503
f 2503 2903 2904
f 2503 2904 2504
f 2504 2904 2905
f 2504 2905 2505
f 2505 2905 2906
f 2505 2906 2506
f 2506 2906 2907
f 2506 2907 2507
f 2507 2907 2908
f 2507 2908 2508
f 2508 2908 2909
f 2508 2909 2509
f 2509 2909 2910
f 2509 2910 2510
f 2510 2910 2911
f 2510 2911 2511
f 2511 2911 2912
f 2511 2912 2512
f 2512 2912 2913
f 2512 2913 2513
f 2513 2913 2914
f 2513 2914 2514
f 2514 2914 2915
f 2514 2915 2515
f 2515 2915 2916
f 2515 2916 2516
f 2516 2916 2917
f 2516 2917 2517
f 2517 2917 2918
f 2517 2918 2518
f 2518 2918 2919
f 2518 2919 2519
f 2519 2919 2920
f 2519 2920 2520
f 2520 2920 2921
f 2520 2921 2521
f 2521 2921 2922
f 2521 2922 2522
f 2522 2922 2923
f 2522 2923 2523
f 2523 2923 2924
f 2523 2924 2524
f 2524 2924 2925
f 2524 2925 2525
f 2525 2925 2926
f 2525 2926 2526
f 2526 2926 2927
f 2526 2927 2527
f 2527 2927 2928
f 2527 2928 2528
f 2528 2928 2929
f 2528 2929 2529
f 2529 2929 2930
f 2529 2930 2530
f 2530 2930 2931
f 2530 2931 2531
f 2531 2931 2932
f 2531 2932 2532
f 2532 2932 2933
f 2532 2933 2533
f 2533 2933 2934
f 2533 2934 2534
f 2534 2934 2935
f 2534 2935 2535
f 2535 2935 2936
f 2535 2936 2536
f 2536 2936 2937
f 2536 2937 2537
f 2537 2937 2938
f 2537 2938 2538
f 2538 2938 2939
f 2538 2939 2539
f 2539 2939 2940
f 2539 2940 2540
f 2540 2940 2941
f 2540 2941 2541
f 2541 2941 2942
f 2541 2942 2542
f 2542 2942 2943
f 2542 2943 2543
f 2543 2943 2944
f 2543 2944 2544
f 2544 2944 2945
f 2544 2945 2545
f 2545 2945 2946
f 2545 2946 2546
f 2546 2946 2947
f 2546 2947 2547
f 2547 2947 2948
f 2547 2948 2548
f 2548 2948 2949
f 2548 2949 2549
f 2549 2949 2950
f 2549 2950 2550
f 2550 2950 2951
f 2550 2951 2551
f 2551 2951 2952
f 2551 2952 2552
f 2552 2952 2953
f 2552 2953 2553
f 2553 2953 2954
f 2553 2954 2554
f 2554 2954 2955
f 2554 2955 2555
f 2555 2955 2956
f 2555 2956 2556
f 2556 2956 2957
f 2556 2957 2557
f 2557 2957 2958
f 2557 2958 2558
f 2558 2958 2959
f 2558 2959 2559
f 2559 2959 2960
f 2559 2960 2560
f 2560 2960 2961
f 2560 2961 2561
f 2561 2961 2962
f 2561 2962 2562
f 2562 2962 2963
f 2562 2963 2563
f 2563 2963 2964
f 2563 2964 2564
f 2564 2964 2965
f 2564 2965 2565
f 2565 2965 2966
f 2565 2966 2566
f 2566 2966 2967
f 2566 2967 2567
f 2567 2967 2968
f 2567 2968 2568
f 2568 2968 2969
f 2568 2969 2569
f 2569 2969 2970
f 2569 2970 2570
f 2570 2970 2971
f 2570 2971 2571
f 2571 2971 2972
f 2571 2972 2572
f 2572 2972 2973
f 2572 2973 2573
f 2573 2973 2974
f 2573 2974 2574
f 2574 2974 2975
f 2574 2975 2575
f 2575 2975 2976
f 2575 2976 2576
f 2576 2976 2977
f 2576 2977 2577
f 2577 2977 2978
f 2577 2978 2578
f 2578 2978 2979
f 2578 2979 2579
f 2579 2979 2980
f 2579 2980 2580
f 2580 2980 2981
f 2580 2981 2581
f 2581 2981 2982
f 2581 2982 2582
f 2582 2982 2983
f 2582 2983 2583
f 2583 2983 2984
f 2583 2984 2584
f 2584 2984 2985
f 2584 2985 2585
f 2585 2985 2986
f 2585 2986 2586
f 2586 2986 2987
f 2586 2987 2587
f 2587 2987 2988
f 2587 2988 2588
f 2588 2988 2989
f 2588 2989 2589
f 2589 2989 2990
f 2589 2990 2590
f 2590 2990 2991
f 2590 2991 2591
f 2591 2991 2992
f 2591 2992 2592
f 2592 2992 2993
f 2592 2993 2593
f 2593 2993 2994
f 2593 2994 2594
f 2594 2994 2995
f 2594 2995 2595
f 2595 2995 2996
f 2595 2996 2596
f 2596 2996 2997
f 2596 2997 2597
f 2597 2997 2998
f 2597 2998 2598
f 2598 2998 2999
f 2598 2999 2599
f 2599 2999 3000
f 2599 3000 2600
f 2600 3000 3001
f 2600 3001 2601
f 2601 3001 3002
f 2601 3002 2602
f 2602 3002 3003
f 2602 3003 2603
f 2603 3003 3004
f 2603 3004 2604
f 2604 3004 3005
f 2604 3005 2605
f 2605 3005 3006
f 2605 3006 2606
f 2606 3006 3007
f 2606 3007 2607
f 2607 3007 3008
f 2607 3008 2608
f 2608 3008 3009
f 2608 3009 2609
f 2609 3009 3010
f 2609 3010 2610
f 2610 3010 3011
f 2610 3011 2611
f 2611 3011 3012
f 2611 3012 2612
f 2612 3012 3013
f 2612 3013 2613
f 2613 3013 3014
f 2613 3014 2614
f 2614 3014 3015
f 2614 3015 2615
f 2615 3015 3016
f 2615 3016 2616
f 2616 3016 3017
f 2616 3017 2617
f 2617 3017 3018
f 2617 3018 2618
f 2618 3018 3019
f 2618 3019 2619
f 2619 3019 3020
f 2619 3020 2620
f 2620 3020 3021
f 2620 3021 2621
f 2621 3021 3022
f 2621 3022 2622
f 2622 3022 3023
f 2622 3023 2623
f 2623 3023 3024
f 2623 3024 2624
f 2624 3024 3025
f 2624 3025 2625
f 2625 3025 3026
f 2625 3026 2626
f 2626 3026 3027
f 2626 3027 2627
f 2627 3027 3028
f 2627 3028 2628
f 2628 3028 3029
f 2628 3029 2629
f 2629 3029 3030
f 2629 3030 2630
f 2630 3030 3031
f 2630 3031 2631
f 2631 3031 3032
f 2631 3032 2632
f 2632 3032 3033
f 2632 3033 2633
f 2633 3033 3034
f 2633 3034 2634
f 2634 3034 3035
f 2634 3035 2635
f 2635 3035 3036
f 2635 3036 2636
f 2636 3036 3037
f 2636 3037 2637
f 2637 3037 3038
f 2637 3038 2638
f 2638 3038 3039
f 2638 3039 2639
f 2639 3039 3040
f 2639 3040 2640
f 2640 3040 3041
f 2640 3041 2641
f 2641 3041 3042
f 2641 3042 2642
f 2642 3042 3043
f 2642 3043 2643
f 2643 3043 3044
f 2643 3044 2644
f 2644 3044 3045
f 2644 3045 2645
f 2645 3045 3046
f 2645 3046 2646
f 2646 3046 3047
f 2646 3047 2647
f 2647 3047 3048
f 2647 3048 2648
f 2648 3048 3049
f 2648 3049 2649
f 2649 3049 3050
f 2649 3050 2650
f 2650 3050 3051
f 2650 3051 2651
f 2651 3051 3052
f 2651 3052 2652
f 2652 3052 3053
f 2652 3053 2653
f 2653 3053 3054
f 2653 3054 2654
f 2654 3054 3055
f 2654 3055 2655
f 2655 3055 3056
f 2655 3056 2656
f 2656 3056 3057
f 2656 3057 2657
f 2657 3057 3058
f 2657 3058 2658
f 2658 3058 3059
f 2658 3059 2659
f 2659 3059 3060
f 2659 3060 2660
f 2660 3060 3061
f 2660 3061 2661
f 2661 3061 3062
f 2661 3062 2662
f 2662 3062 3063
f 2662 3063 2663
f 2663 3063 3064
f 2663 3064 2664
f 2664 3064 3065
f 2664 3065 2665
f 2665 3065 3066
f 2665 3066 2666
f 2666 3066 3067
f 2666 3067 2667
f 2667 3067 3068
f 2667 3068 2668
f 2668 3068 3069
f 2668 3069 2669
f 2669 3069 3070
f 2669 3070 2670
f 2670 3070 3071
f 2670 3071 2671
f 2671 3071 3072
f 2671 3072 2672
f 2672 3072 3073
f 2672 3073 2673
f 2673 3073 3074
f 2673 3074 2674
f 2674 3074 3075
f 2674 3075 2675
f 2675 3075 3076
f 2675 3076 2676
f 2676 3076 3077
f 2676 3077 2677
f 2677 3077 3078
f 2677 3078 2678
f 2678 3078 3079
f 2678 3079 2679
f 2679 3079 3080
f 2679 3080 2680
f 2680 3080 3081
f 2680 3081 2681
f 2681 3081 3082
f 2681 3082 2682
f 2682 3082 3083
f 2682 3083 2683
f 2683 3083 3084
f 2683 3084 2684
f 2684 3084 3085
f 2684 3085 2685
f 2685 3085 3086
f 2685 3086 2686
f 2686 3086 3087
f 2686 3087 2687
f 2687 3087 3088
f 2687 3088 2688
f 2688 3088 3089
f 2688 3089 2689
f 2689 3089 3090
f 2689 3090 2690
f 2690 3090 3091
f 2690 3091 2691
f 2691 3091 3092
f 2691 3092 2692
f 2692 3092 3093
f 2692 3093 2693
f 2693 3093 3094
f 2693 3094 2694
f 2694 3094 3095
f 2694 3095 2695
f 2695 3095 3096
f 2695 3096 2696
f 2696 3096 3097
f 2696 3097 2697
f 2697 3097 3098
f 2697 3098 2698
f 2698 3098 3099
f 2698 3099 2699
f 2699 3099 3100
f 2699 3100 2700
f 2700 3100 3101
f 2700 3101 2701
f 2701 3101 3102
f 2701 3102 2702
f 2702 3102 3103
f 2702 3103 2703
f 2703 3103 3104
f 2703 3104 2704
f 2704 3104 3105
f 2704 3105 2705
f 2705 3105 3106
f 2705 3106 2706
f 2706 3106 3107
f 2706 3107 2707
f 2707 3107 3108
f 2707 3108 2708
f 2708 3108 3109
f 2708 3109 2709
f 2709 3109 3110
f 2709 3110 2710
f 2710 3110 3111
f 2710 3111 2711
f 2711 3111 3112
f 2711 3112 2712
f 2712 3112 3113
f 2712 3113 2713
f 2713 3113 3114
f 2713 3114 2714
f 2714 3114 3115
f 2714 3115 2715
f 2715 3115 3116
f 2715 3116 2716
f 2716 3116 3117
f 2716 3117 2717
f 2717 3117 3118
f 2717 3118 2718
f 2718 3118 3119
f 2718 3119 2719
f 2719 3119 3120
f 2719 3120 2720
f 2720 3120 3121
f 2720 3121 2721
f 2721 3121 3122
f 2721 3122 2722
f 2722 3122 3123
f 2722 3123 2723
f 2723 3123 3124
f 2723 3124 2724
f 2724 3124 3125
f 2724 3125 2725
f 2725 3125 3126
f 2725 3126 2726
f 2726 3126 3127
f 2726 3127 2727
f 2727 3127 3128
f 2727 3128 2728
f 2728 3128 3129
f 2728 3129 2729
f 2729 3129 3130
f 2729 3130 2730
f 2730 3130 3131
f 2730 3131 2731
f 2731 3131 3132
f 2731 3132 2732
f 2732 3132 3133
f 2732 3133 2733
f 2733 3133 3134
f 2733 3134 2734
f 2734 3134 3135
f 2734 3135 2735
f 2735 3135 3136
f 2735 3136 2736
f 2736 3136 3137
f 2736 3137 2737
f 2737 3137 3138
f 2737 3138 2738
f 2738 3138 3139
f 2738 3139 2739
f 2739 3139 3140
f 2739 3140 2740
f 2740 3140 3141
f 2740 3141 2741
f 2741 3141 3142
f 2741 3142 2742
f 2742 3142 3143
f 2742 3143 2743
f 2743 3143 3144
f 2743 3144 2744
f 2744 3144 3145
f 2744 3145 2745
f 2745 3145 3146
f 2745 3146 2746
f 2746 3146 3147
f 2746 3147 2747
f 2747 3147 3148
f 2747 3148 2748
f 2748 3148 3149
f 2748 3149 2749
f 2749 3149 3150
f 2749 3150 2750
f 2750 3150 3151
f 2750 3151 2751
f 2751 3151 3152
f 2751 3152 2752
f 2752 3152 3153
f 2752 3153 2753
f 2753 3153 3154
f 2753 3154 2754
f 2754 3154 3155
f 2754 3155 2755
f 2755 3155 3156
f 2755 3156 2756
f 2756 3156 3157
f 2756 3157 2757
f 2757 3157 3158
f 2757 3158 2758
f 2758 3158 3159
f 2758 3159 2759
f 2759 3159 3160
f 2759 3160 2760
f 2760 3160 3161
f 2760 3161 2761
f 2761 3161 3162
f 2761 3162 2762
f 2762 3162 3163
f 2762 3163 2763
f 2763 3163 3164
f 2763 3164 2764
f 2764 3164 3165
f 2764 3165 2765
f 2765 3165 3166
f 2765 3166 2766
f 2766 3166 3167
f 2766 3167 2767
f 2767 3167 3168
f 2767 3168 2768
f 2768 3168 3169
f 2768 3169 2769
f 2769 3169 3170
f 2769 3170 2770
f 2770 3170 3171
f 2770 3171 2771
f 2771 3171 3172
f 2771 3172 2772
f 2772 3172 3173
f 2772 3173 2773
f 2773 3173 3174
f 2773 3174 2774
f 2774 3174 3175
f 2774 3175 2775
f 2775 3175 3176
f 2775 3176 2776
f 2776 3176 3177
f 2776 3177 2777
f 2777 3177 3178
f 2777 3178 2778
f 2778 3178 3179
f 2778 3179 2779
f 2779 3179 3180
f 2779 3180 2780
f 2780 3180 3181
f 2780 3181 2781
f 2781 3181 3182
f 2781 3182 2782
f 2782 3182 3183
f 2782 3183 2783
f 2783 3183 3184
f 2783 3184 2784
f 2784 3184 3185
f 2784 3185 2785
f 2785 3185 3186
f 2785 3186 2786
f 2786 3186 3187
f 2786 3187 2787
f 2787 3187 3188
f 2787 3188 2788
f 2788 3188 3189
f 2788 3189 2789
f 2789 3189 3190
f 2789 3190 2790
f 2790 3190 3191
f 2790 3191 2791
f 2791 3191 3192
f 2791 3192 2792
f 2792 3192 3193
f 2792 3193 2793
f 2793 3193 3194
f 2793 3194 2794
f 2794 3194 3195
f 2794 3195 2795
f 2795 3195 3196
f 2795 3196 2796
f 2796 3196 3197
f 2796 3197 2797
f 2797 3197 3198
f 2797 3198 2798
f 2798 3198 3199
f 2798 3199 2799
f 2799 3199 3200
f 2799 3200 2800
f 2801 3201 3202
f 2801 3202 2802
f 2802 3202 3203
f 2802 3203 2803
f 2803 3203 3204
f 2803 3204 2804
f 2804 3204 3205
f 2804 3205 2805
f 2805 3205 3206
f 2805 3206 2806
f 2806 3206 3207
f 2806 3207 2807
f 2807 3207 3208
f 2807 3208 2808
f 2808 3208 3209
f 2808 3209 2809
f 2809 3209 3210
f 2809 3210 2810
f 2810 3210 3211
f 2810 3211 2811
f 2811 3211 3212
f 2811 3212 2812
f 2812 3212 3213
f 2812 3213 2813
f 2813 3213 3214
f 2813 3214 2814
f 2814 3214 3215
f 2814 3215 2815
f 2815 3215 3216
f 2815 3216 2816
f 2816 3216 3217
f 2816 3217 2817
f 2817 3217 3218
f 2817 3218 2818
f 2818 3218 3219
f 2818 3219 2819
f 2819 3219 3220
f 2819 3220 2820
f 2820 3220 3221
f 2820 3221 2821
f 2821 3221 3222
f 2821 3222 2822
f 2822 3222 3223
f 2822 3223 2823
f 2823 3223 3224
f 2823 3224 2824
f 2824 3224 3225
f 2824 3225 2825
f 2825 3225 3226
f 2825 3226 2826
f 2826 3226 3227
f 2826 3227 2827
f 2827 3227 3228
f 2827 3228 2828
f 2828 3228 3229
f 2828 3229 2829
f 2829 3229 3230
f 2829 3230 2830
f 2830 3230 3231
f 2830 3231 2831
f 2831 3231 3232
f 2831 3232 2832
f 2832 3232 3233
f 2832 3233 2833
f 2833 3233 3234
f 2833 3234 2834
f 2834 3234 3235
f 2834 3235 2835
f 2835 3235 3236
f 2835 3236 2836
f 2836 3236 3237
f 2836 3237 2837
f 2837 3237 3238
f 2837 3238 2838
f 2838 3238 3239
f 2838 3239 2839
f 2839 3239 3240
f 2839 3240 2840
f 2840 3240 3241
f 2840 3241 2841
f 2841 3241 3242
f 2841 3242 2842
f 2842 3242 3243
f 2842 3243 2843
f 2843 3243 3244
f 2843 3244 2844
f 2844 3244 3245
f 2844 3245 2845
f 2845 3245 3246
f 2845 3246 2846
f 2846 3246 3247
f 2846 3247 2847
f 2847 3247 3248
f 2847 3248 2848
f 2848 3248 3249
f 2848 3249 2849
f 2849 3249 3250
f 2849 3250 2850
f 2850 3250 3251
f 2850 3251 2851
f 2851 3251 3252
f 2851 3252 2852
f 2852 3252 3253
f 2852 3253 2853
f 2853 3253 3254
f 2853 3254 2854
f 2854 3254 3255
f 2854 3255 2855
f 2855 3255 3256
f 2855 3256 2856
f 2856 3256 3257
f 2856 3257 2857
f 2857 3257 3258
f 2857 3258 2858
f 2858 3258 3259
f 2858 3259 2859
f 2859 3259 3260
f 2859 3260 2860
f 2860 3260 3261
f 2860 3261 2861
f 2861 3261 3262
f 2861 3262 2862
f 2862 3262 3263
f 2862 3263 2863
f 2863 3263 3264
f 2863 3264 2864
f 2864 3264 3265
f 2864 3265 2865
f 2865 3265 3266
f 2865 3266 2866
f 2866 3266 3267
f 2866 3267 2867
f 2867 3267 3268
f 2867 3268 2868
f 2868 3268 3269
f 2868 3269 2869
f 2869 3269 3270
f 2869 3270 2870
f 2870 3270 3271
f 2870 3271 2871
f 2871 3271 3272
f 2871 3272 2872
f 2872 3272 3273
f 2872 3273 2873
f 2873 3273 3274
f 2873 3274 2874
f 2874 3274 3275
f 2874 3275 2875
f 2875 3275 3276
f 2875 3276 2876
f 2876 3276 3277
f 2876 3277 2877
f 2877 3277 3278
f 2877 3278 2878
f 2878 3278 3279
f 2878 3279 2879
f 2879 3279 3280
f 2879 3280 2880
f 2880 3280 3281
f 2880 3281 2881
f 2881 3281 3282
f 2881 3282 2882
f 2882 3282 3283
f 2882 3283 2883
f 2883 3283 3284
f 2883 3284 2884
f 2884 3284 3285
f 2884 3285 2885
f 2885 3285 3286
f 2885 3286 2886
f 2886 3286 3287
f 2886 3287 2887
f 2887 3287 3288
f 2887 3288 2888
f 2888 3288 3289
f 2888 3289 2889
f 2889 3289 3290
f 2889 3290 2890
f 2890 3290 3291
f 2890 3291 2891
f 2891 3291 3292
f 2891 3292 2892
f 2892 3292 3293
f 2892 3293 2893
f 2893 3293 3294
f 2893 3294 2894
f 2894 3294 3295
f 2894 3295 2895
f 2895 3295 3296
f 2895 3296 2896
f 2896 3296 3297
f 2896 3297 2897
f 2897 3297 3298
f 2897 3298 2898
f 2898 3298 3299
f 2898 3299 2899
f 2899 3299 3300
f 2899 3300 2900
f 2900 3300 3301
f 2900 3301 2901
f 2901 3301 3302
f 2901 3302 2902
f 2902 3302 3303
f 2902 3303 2903
f 2903 3303 3304
f 2903 3304 2904
f 2904 3304 3305
f 2904 3305 2905
f 2905 3305 3306
f 2905 3306 2906
f 2906 3306 3307
f 2906 3307 2907
f 2907 3307 3308
f 2907 3308 2908
f 2908 3308 3309
f 2908 3309 2909
f 2909 3309 3310
f 2909 3310 2910
f 2910 3310 3311
f 2910 3311 2911
f 2911 3311 3312
f 2911 3312 2912
f 2912 3312 3313
f 2912 3313 2913
f 2913 3313 3314
f 2913 3314 2914
f 2914 3314 3315
f 2914 3315 2915
f 2915 3315 3316
f 2915 3316 2916
f 2916 3316 3317
f 2916 3317 2917
f 2917 3317 3318
f 2917 3318 2918
f 2918 3318 3319
f 2918 3319 2919
f 2919 3319 3320
f 2919 3320 2920
f 2920 3320 3321
f 2920 3321 2921
f 2921 3321 3322
f 2921 3322 2922
f 2922 3322 3323
f 2922 3323 2923
f 2923 3323 3324
f 2923 3324 2924
f 2924 3324 3325
f 2924 3325 2925
f 2925 3325 3326
f 2925 3326 2926
f 2926 3326 3327
f 2926 3327 2927
f 2927 3327 3328
f 2927 3328 2928
f 2928 3328 3329
f 2928 3329 2929
f 2929 3329 3330
f 2929 3330 2930
f 2930 3330 3331
f 2930 3331 2931
f 2931 3331 3332
f 2931 3332 2932
f 2932 3332 3333
f 2932 3333 2933
f 2933 3333 3334
f 2933 3334 2934
f 2934 3334 3335
f 2934 3335 2935
f 2935 3335 3336
f 2935 3336 2936
f 2936 3336 3337
f 2936 3337 2937
f 2937 3337 3338
f 2937 3338 2938
f 2938 3338 3339
f 2938 3339 2939
f 2939 3339 3340
f 2939 3340 2940
f 2940 3340 3341
f 2940 3341 2941
f 2941 3341 3342
f 2941 3342 2942
f 2942 3342 3343
f 2942 3343 2943
f 2943 3343 3344
f 2943 3344 2944
f 2944 3344 3345
f 2944 3345 2945
f 2945 3345 3346
f 2945 3346 2946
f 2946 3346 3347
f 2946 3347 2947
f 2947 3347 3348
f 2947 3348 2948
f 2948 3348 3349
f 2948 3349 2949
f 2949 3349 3350
f 2949 3350 2950
f 2950 3350 3351
f 2950 3351 2951
f 2951 3351 3352
f 2951 3352 2952
f 2952 3352 3353
f 2952 3353 2953
f 2953 3353 3354
f 2953 3354 2954
f 2954 3354 3355
f 2954 3355 2955
f 2955 3355 3356
f 2955 3356 2956
f 2956 3356 3357
f 2956 3357 2957
f 2957 3357 3358
f 2957 3358 2958
f 2958 3358 3359
f 2958 3359 2959
f 2959 3359 3360
f 2959 3360 2960
f 2960 3360 3361
f 2960 3361 2961
f 2961 3361 3362
f 2961 3362 2962
f 2962 3362 3363
f 2962 3363 2963
f 2963 3363 3364
f 2963 3364 2964
f 2964 3364 3365
f 2964 3365 2965
f 2965 3365 3366
f 2965 3366 2966
f 2966 3366 3367
f 2966 3367 2967
f 2967 3367 3368
f 2967 3368 2968
f 2968 3368 3369
f 2968 3369 2969
f 2969 3369 3370
f 2969 3370 2970
f 2970 3370 3371
f 2970 3371 2971
f 2971 3371 3372
f 2971 3372 2972
f 2972 3372 3373
f 2972 3373 2973
f 2973 3373 3374
f 2973 3374 2974
f 2974 3374 3375
f 2974 3375 2975
f 2975 3375 3376
f 2975 3376 2976
f 2976 3376 3377
f 2976 3377 2977
f 2977 3377 3378
f 2977 3378 2978
f 2978 3378 3379
f 2978 3379 2979
f 2979 3379 3380
f 2979 3380 2980
f 2980 3380 3381
f 2980 3381 2981
f 2981 3381 3382
f 2981 3382 2982
f 2982 3382 3383
f 2982 3383 2983
f 2983 3383 3384
f 2983 3384 2984
f 2984 3384 3385
f 2984 3385 2985
f 2985 3385 3386
f 2985 3386 2986
f 2986 3386 3387
f 2986 3387 2987
f 2987 3387 3388
f 2987 3388 2988
f 2988 3388 3389
f 2988 3389 2989
f 2989 3389 3390
f 2989 3390 2990
f 2990 3390 3391
f 2990 3391 2991
f 2991 3391 3392
f 2991 3392 2992
f 2992 3392 3393
f 2992 3393 2993
f 2993 3393 3394
f 2993 3394 2994
f 2994 3394 3395
f 2994 3395 2995
f 2995 3395 3396
f 2995 3396 2996
f 2996 3396 3397
f 2996 3397 2997
f 2997 3397 3398
f 2997 3398 2998
f 2998 3398 3399
f 2998 3399 2999
f 2999 3399 3400
f 2999 3400 3000
f 3000 3400 3401
f 3000 3401 3001
f 3001 3401 3402
f 3001 3402 3002
f 3002 3402 3403
f 3002 3403 3003
f 3003 3403 3404
f 3003 3404 3004
f 3004 3404 3405
f 3004 3405 3005
f 3005 3405 3406
f 3005 3406 3006
f 3006 3406 3407
f 3006 3407 3007
f 3007 3407 3408
f 3007 3408 3008
f 3008 3408 3409
f 3008 3409 3009
f 3009 3409 3410
f 3009 3410 3010
f 3010 3410 3411
f 3010 3411 3011
f 3011 3411 3412
f 3011 3412 3012
f 3012 3412 3413
f 3012 3413 3013
f 3013 3413 3414
f 3013 3414 3014
f 3014 3414 3415
f 3014 3415 3015
f 3015 3415 3416
f 3015 3416 3016
f 3016 3416 3417
f 3016 3417 3017
f 3017 3417 3418
f 3017 3418 3018
f 3018 3418 3419
f 3018 3419 3019
f 3019 3419 3420
f 3019 3420 3020
f 3020 3420 3421
f 3020 3421 3021
f 3021 3421 3422
f 3021 3422 3022
f 3022 3422 3423
f 3022 3423 3023
f 3023 3423 3424
f 3023 3424 3024
f 3024 3424 3425
f 3024 3425 3025
f 3025 3425 3426
f 3025 3426 3026
f 3026 3426 3427
f 3026 3427 3027
f 3027 3427 3428
f 3027 3428 3028
f 3028 3428 3429
f 3028 3429 3029
f 3029 3429 3430
f 3029 3430 3030
f 3030 3430 3431
f 3030 3431 3031
f 3031 3431 3432
f 3031 3432 3032
f 3032 3432 3433
f 3032 3433 3033
f 3033 3433 3434
f 3033 3434 3034
f 3034 3434 3435
f 3034 3435 3035
f 3035 3435 3436
f 3035 3436 3036
f 3036 3436 3437
f 3036 3437 3037
f 3037 3437 3438
f 3037 3438 3038
f 3038 3438 3439
f 3038 3439 3039
f 3039 3439 3440
f 3039 3440 3040
f 3040 3440 3441
f 3040 3441 3041
f 3041 3441 3442
f 3041 3442 3042
f 3042 3442 3443
f 3042 3443 3043
f 3043 3443 3444
f 3043 3444 3044
f 3044 3444 3445
f 3044 3445 3045
f 3045 3445 3446
f 3045 3446 3046
f 3046 3446 3447
f 3046 3447 3047
f 3047 3447 3448
f 3047 3448 3048
f 3048 3448 3449
f 3048 3449 3049
f 3049 3449 3450
f 3049 3450 3050
f 3050 3450 3451
f 3050 3451 3051
f 3051 3451 3452
f 3051 3452 3052
f 3052 3452 3453
f 3052 3453 3053
f 3053 3453 3454
f 3053 3454 3054
f 3054 3454 3455
f 3054 3455 3055
f 3055 3455 3456
f 3055 3456 3056
f 3056 3456 3457
f 3056 3457 3057
f 3057 3457 3458
f 3057 3458 3058
f 3058 3458 3459
f 3058 3459 3059
f 3059 3459 3460
f 3059 3460 3060
f 3060 3460 3461
f 3060 3461 3061
f 3061 3461 3462
f 3061 3462 3062
f 3062 3462 3463
f 3062 3463 3063
f 3063 3463 3464
f 3063 3464 3064
f 3064 3464 3465
f 3064 3465 3065
f 3065 3465 3466
f 3065 3466 3066
f 3066 3466 3467
f 3066 3467 3067
f 3067 3467 3468
f 3067 3468 3068
f 3068 3468 3469
f 3068 3469 3069
f 3069 3469 3470
f 3069 3470 3070
f 3070 3470 3471
f 3070 3471 3071
f 3071 3471 3472
f 3071 3472 3072
f 3072 3472 3473
f 3072 3473 3073
f 3073 3473 3474
f 3073 3474 3074
f 3074 3474 3475
f 3074 3475 3075
f 3075 3475 3476
f 3075 3476 3076
f 3076 3476 3477
f 3076 3477 3077
f 3077 3477 3478
f 3077 3478 3078
f 3078 3478 3479
f 3078 3479 3079
f 3079 3479 3480
f 3079 3480 3080
f 3080 3480 3481
f 3080 3481 3081
f 3081 3481 3482
f 3081 3482 3082
f 3082 3482 3483
f 3082 3483 3083
f 3083 3483 3484
f 3083 3484 3084
f 3084 3484 3485
f 3084 3485 3085
f 3085 3485 3486
f 3085 3486 3086
f 3086 3486 3487
f 3086 3487 3087
f 3087 3487 3488
f 3087 3488 3088
f 3088 3488 3489
f 3088 3489 3089
f 3089 3489 3490
f 3089 3490 3090
f 3090 3490 3491
f 3090 3491 3091
f 3091 3491 3492
f 3091 3492 3092
f 3092 3492 3493
f 3092 3493 3093
f 3093 3493 3494
f 3093 3494 3094
f 3094 3494 3495
f 3094 3495 3095
f 3095 3495 3496
f 3095 3496 3096
f 3096 3496 3497
f 3096 3497 3097
f 3097 3497 3498
f 3097 3498 3098
f 3098 3498 3499
f 3098 3499 3099
f 3099 3499 3500
f 3099 3500 3100
f 3100 3500 3501
f 3100 3501 3101
f 3101 3501 3502
f 3101 3502 3102
f 3102 3502 3503
f 3102 3503 3103
f 3103 3503 3504
f 3103 3504 3104
f 3104 3504 3505
f 3104 3505 3105
f 3105 3505 3506
f 3105 3506 3106
f 3106 3506 3507
f 3106 3507 3107
f 3107 3507 3508
f 3107 3508 3108
f 3108 3508 3509
f 3108 3509 3109
f 3109 3509 3510
f 3109 3510 3110
f 3110 3510 3511
f 3110 3511 3111
f 3111 3511 3512
f 3111 3512 3112
f 3112 3512 3513
f 3112 3513 3113
f 3113 3513 3514
f 3113 3514 3114
f 3114 3514 3515
f 3114 3515 3115
f 3115 3515 3516
f 3115 3516 3116
f 3116 3516 3517
f 3116 3517 3117
f 3117 3517 3518
f 3117 3518 3118
f 3118 3518 3519
f 3118 3519 3119
f 3119 3519 3520
f 3119 3520 3120
f 3120 3520 3521
f 3120 3521 3121
f 3121 3521 3522
f 3121 3522 3122
f 3122 3522 3523
f 3122 3523 3123
f 3123 3523 3524
f 3123 3524 3124
f 3124 3524 3525
f 3124 3525 3125
f 3125 3525 3526
f 3125 3526 3126
f 3126 3526 3527
f 3126 3527 3127
f 3127 3527 3528
f 3127 3528 3128
f 3128 3528 3529
f 3128 3529 3129
f 3129 3529 3530
f 3129 3530 3130
f 3130 3530 3531
f 3130 3531 3131
f 3131 3531 3532
f 3131 3532 3132
f 3132 3532 3533
f 3132 3533 3133
f 3133 3533 3534
f 3133 3534 3134
f 3134 3534 3535
f 3134 3535 3135
f 3135 3535 3536
f 3135 3536 3136
f 3136 3536 3537
f 3136 3537 3137
f 3137 3537 3538
f 3137 3538 3138
f 3138 3538 3539
f 3138 3539 3139
f 3139 3539 3540
f 3139 3540 3140
f 3140 3540 3541
f 3140 3541 3141
f 3141 3541 3542
f 3141 3542 3142
f 3142 3542 3543
f 3142 3543 3143
f 3143 3543 3544
f 3143 3544 3144
f 3144 3544 3545
f 3144 3545 3145
f 3145 3545 3546
f 3145 3546 3146
f 3146 3546 3547
f 3146 3547 3147
f 3147 3547 3548
f 3147 3548 3148
f 3148 3548 3549
f 3148 3549 3149
f 3149 3549 3550
f 3149 3550 3150
f 3150 3550 3551
f 3150 3551 3151
f 3151 3551 3552
f 3151 3552 3152
f 3152 3552 3553
f 3152 3553 3153
f 3153 3553 3554
f 3153 3554 3154
f 3154 3554 3555
f 3154 3555 3155
f 3155 3555 3556
f 3155 3556 3156
f 3156 3556 3557
f 3156 3557 3157
f 3157 3557 3558
f 3157 3558 3158
f 3158 3558 3559
f 3158 3559 3159
f 3159 3559 3560
f 3159 3560 3160
f 3160 3560 3561
f 3160 3561 3161
f 3161 3561 3562
f 3161 3562 3162
f 3162 3562 3563
f 3162 3563 3163
f 3163 3563 3564
f 3163 3564 3164
f 3164 3564 3565
f 3164 3565 3165
f 3165 3565 3566
f 3165 3566 3166
f 3166 3566 3567
f 3166 3567 3167
f 3167 3567 3568
f 3167 3568 3168
f 3168 3568 3569
f 3168 3569 3169
f 3169 3569 3570
f 3169 3570 3170
f 3170 3570 3571
f 3170 3571 3171
f 3171 3571 3572
f 3171 3572 3172
f 3172 3572 3573
f 3172 3573 3173
f 3173 3573 3574
f 3173 3574 3174
f 3174 3574 3575
f 3174 3575 3175
f 3175 3575 3576
f 3175 3576 3176
f 3176 3576 3577
f 3176 3577 3177
f 3177 3577 3578
f 3177 3578 3178
f 3178 3578 3579
f 3178 3579 3179
f 3179 3579 3580
f 3179 3580 3180
f 3180 3580 3581
f 3180 3581 3181
f 3181 3581 3582
f 3181 3582 3182
f 3182 3582 3583
f 3182 3583 3183
f 3183 3583 3584
f 3183 3584 3184
f 3184 3584 3585
f 3184 3585 3185
f 3185 3585 3586
f 3185 3586 3186
f 3186 3586 3587
f 3186 3587 3187
f 3187 3587 3588
f 3187 3588 3188
f 3188 3588 3589
f 3188 3589 3189
f 3189 3589 3590
f 3189 3590 3190
f 3190 3590 3591
f 3190 3591 3191
f 3191 3591 3592
f 3191 3592 3192
f 3192 3592 3593
f 3192 3593 3193
f 3193 3593 3594
f 3193 3594 3194
f 3194 3594 3595
f 3194 3595 3195
f 3195 3595 3596
f 3195 3596 3196
f 3196 3596 3597
f 3196 3597 3197
f 3197 3597 3598
f 3197 3598 3198
f 3198 3598 3599
f 3198 3599 3199
f 3199 3599 3600
f 3199 3600 3200
f 3201 3601 3602
f 3201 3602 3202
f 3202 3602 3603
f 3202 3603 3203
f 3203 3603 3604
f 3203 3604 3204
f 3204 3604 3605
f 3204 3605 3205
f 3205 3605 3606
f 3205 3606 3206
f 3206 3606 3607
f 3206 3607 3207
f 3207 3607 3608
f 3207 3608 3208
f 3208 3608 3609
f 3208 3609 3209
f 3209 3609 3610
f 3209 3610 3210
f 3210 3610 3611
f 3210 3611 3211
f 3211 3611 3612
f 3211 3612 3212
f 3212 3612 3613
f 3212 3613 3213
f 3213 3613 3614
f 3213 3614 3214
f 3214 3614 3615
f 3214 3615 3215
f 3215 3615 3616
f 3215 3616 3216
f 3216 3616 3617
f 3216 3617 3217
f 3217 3617 3618
f 3217 3618 3218
f 3218 3618 3619
f 3218 3619 3219
f 3219 3619 3620
f 3219 3620 3220
f 3220 3620 3621
f 3220 3621 3221
f 3221 3621 3622
f 3221 3622 3222
f 3222 3622 3623
f 3222 3623 3223
f 3223 3623 3624
f 3223 3624 3224
f 3224 3624 3625
f 3224 3625 3225
f 3225 3625 3626
f 3225 3626 3226
f 3226 3626 3627
f 3226 3627 3227
f 3227 3627 3628
f 3227 3628 3228
f 3228 3628 3629
f 3228 3629 3229
f 3229 3629 3630
f 3229 3630 3230
f 3230 3630 3631
f 3230 3631 3231
f 3231 3631 3632
f 3231 3632 3232
f 3232 3632 3633
f 3232 3633 3233
f 3233 3633 3634
f 3233 3634 3234
f 3234 3634 3635
f 3234 3635 3235
f 3235 3635 3636
f 3235 3636 3236
f 3236 3636 3637
f 3236 3637 3237
f 3237 3637 3638
f 3237 3638 3238
f 3238 3638 3639
f 3238 3639 3239
f 3239 3639 3640
f 3239 3640 3240
f 3240 3640 3641
f 3240 3641 3241
f 3241 3641 3642
f 3241 3642 3242
f 3242 3642 3643
f 3242 3643 3243
f 3243 3643 3644
f 3243 3644 3244
f 3244 3644 3645
f 3244 3645 3245
f 3245 3645 3646
f 3245 3646 3246
f 3246 3646 3647
f 3246 3647 3247
f 3247 3647 3648
f 3247 3648 3248
f 3248 3648 3649
f 3248 3649 3249
f 3249 3649 3650
f 3249 3650 3250
f 3250 3650 3651
f 3250 3651 3251
f 3251 3651 3652
f 3251 3652 3252
f 3252 3652 3653
f 3252 3653 3253
f 3253 3653 3654
f 3253 3654 3254
f 3254 3654 3655
f 3254 3655 3255
f 3255 3655 3656
f 3255 3656 3256
f 3256 3656 3657
f 3256 3657 3257
f 3257 3657 3658
f 3257 3658 3258
f 3258 3658 3659
f 3258 3659 3259
f 3259 3659 3660
f 3259 3660 3260
f 3260 3660 3661
f 3260 3661 3261
f 3261 3661 3662
f 3261 3662 3262
f 3262 3662 3663
f 3262 3663 3263
f 3263 3663 3664
f 3263 3664 3264
f 3264 3664 3665
f 3264 3665 3265
f 3265 3665 3666
f 3265 3666 3266
f 3266 3666 3667
f 3266 3667 3267
f 3267 3667 3668
f 3267 3668 3268
f 3268 3668 3669
f 3268 3669 3269
f 3269 3669 3670
f 3269 3670 3270
f 3270 3670 3671
f 3270 3671 3271
f 3271 3671 3672
f 3271 3672 3272
f 3272 3672 3673
f 3272 3673 3273
f 3273 3673 3674
f 3273 3674 3274
f 3274 3674 3675
f 3274 3675 3275
f 3275 3675 3676
f 3275 3676 3276
f 3276 3676 3677
f 3276 3677 3277
f 3277 3677 3678
f 3277 3678 3278
f 3278 3678 3679
f 3278 3679 3279
f 3279 3679 3680
f 3279 3680 3280
f 3280 3680 3681
f 3280 3681 3281
f 3281 3681 3682
f 3281 3682 3282
f 3282 3682 3683
f 3282 3683 3283
f 3283 3683 3684
f 3283 3684 3284
f 3284 3684 3685
f 3284 3685 3285
f 3285 3685 3686
f 3285 3686 3286
f 3286 3686 3687
f 3286 3687 3287
f 3287 3687 3688
f 3287 3688 3288
f 3288 3688 3689
f 3288 3689 3289
f 3289 3689 3690
f 3289 3690 3290
f 3290 3690 3691
f 3290 3691 3291
f 3291 3691 3692
f 3291 3692 3292
f 3292 3692 3693
f 3292 3693 3293
f 3293 3693 3694
f 3293 3694 3294
f 3294 3694 3695
f 3294 3695 3295
f 3295 3695 3696
f 3295 3696 3296
f 3296 3696 3697
f 3296 3697 3297
f 3297 3697 3698
f 3297 3698 3298
f 3298 3698 3699
f 3298 3699 3299
f 3299 3699 3700
f 3299 3700 3300
f 3300 3700 3701
f 3300 3701 3301
f 3301 3701 3702
f 3301 3702 3302
f 3302 3702 3703
f 3302 3703 3303
f 3303 3703 3704
f 3303 3704 3304
f 3304 3704 3705
f 3304 3705 3305
f 3305 3705 3706
f 3305 3706 3306
f 3306 3706 3707
f 3306 3707 3307
f 3307 3707 3708
f 3307 3708 3308
f 3308 3708 3709
f 3308 3709 3309
f 3309 3709 3710
f 3309 3710 3310
f 3310 3710 3711
f 3310 3711 3311
f 3311 3711 3712
f 3311 3712 3312
f 3312 3712 3713
f 3312 3713 3313
f 3313 3713 3714
f 3313 3714 3314
f 3314 3714 3715
f 3314 3715 3315
f 3315 3715 3716
f 3315 3716 3316
f 3316 3716 3717
f 3316 3717 3317
f 3317 3717 3718
f 3317 3718 3318
f 3318 3718 3719
f 3318 3719 3319
f 3319 3719 3720
f 3319 3720 3320
f 3320 3720 3721
f 3320 3721 3321
f 3321 3721 3722
f 3321 3722 3322
f 3322 3722 3723
f 3322 3723 3323
f 3323 3723 3724
f 3323 3724 3324
f 3324 3724 3725
f 3324 3725 3325
f 3325 3725 3726
f 3325 3726 3326
f 3326 3726 3727
f 3326 3727 3327
f 3327 3727 3728
f 3327 3728 3328
f 3328 3728 3729
f 3328 3729 3329
f 3329 3729 3730
f 3329 3730 3330
f 3330 3730 3731
f 3330 3731 3331
f 3331 3731 3732
f 3331 3732 3332
f 3332 3732 3733
f 3332 3733 3333
f 3333 3733 3734
f 3333 3734 3334
f 3334 3734 3735
f 3334 3735 3335
f 3335 3735 3736
f 3335 3736 3336
f 3336 3736 3737
f 3336 3737 3337
f 3337 3737 3738
f 3337 3738 3338
f 3338 3738 3739
f 3338 3739 3339
f 3339 3739 3740
f 3339 3740 3340
f 3340 3740 3741
f 3340 3741 3341
f 3341 3741 3742
f 3341 3742 3342
f 3342 3742 3743
f 3342 3743 3343
f 3343 3743 3744
f 3343 3744 3344
f 3344 3744 3745
f 3344 3745 3345
f 3345 3745 3746
f 3345 3746 3346
f 3346 3746 3747
f 3346 3747 3347
f 3347 3747 3748
f 3347 3748 3348
f 3348 3748 3749
f 3348 3749 3349
f 3349 3749 3750
f 3349 3750 3350
f 3350 3750 3751
f 3350 3751 3351
f 3351 3751 3752
f 3351 3752 3352
f 3352 3752 3753
f 3352 3753 3353
f 3353 3753 3754
f 3353 3754 3354
f 3354 3754 3755
f 3354 3755 3355
f 3355 3755 3756
f 3355 3756 3356
f 3356 3756 3757
f 3356 3757 3357
f 3357 3757 3758
f 3357 3758 3358
f 3358 3758 3759
f 3358 3759 3359
f 3359 3759 3760
f 3359 3760 3360
f 3360 3760 3761
f 3360 3761 3361
f 3361 3761 3762
f 3361 3762 3362
f 3362 3762 3763
f 3362 3763 3363
f 3363 3763 3764
f 3363 3764 3364
f 3364 3764 3765
f 3364 3765 3365
f 3365 3765 3766
f 3365 3766 3366
f 3366 3766 3767
f 3366 3767 3367
f 3367 3767 3768
f 3367 3768 3368
f 3368 3768 3769
f 3368 3769 3369
f 3369 3769 3770
f 3369 3770 3370
f 3370 3770 3771
f 3370 3771 3371
f 3371 3771 3772
f 3371 3772 3372
f 3372 3772 3773
f 3372 3773 3373
f 3373 3773 3774
f 3373 3774 3374
f 3374 3774 3775
f 3374 3775 3375
f 3375 3775 3776
f 3375 3776 3376
f 3376 3776 3777
f 3376 3777 3377
f 3377 3777 3778
f 3377 3778 3378
f 3378 3778 3779
f 3378 3779 3379
f 3379 3779 3780
f 3379 3780 3380
f 3380 3780 3781
f 3380 3781 3381
f 3381 3781 3782
f 3381 3782 3382
f 3382 3782 3783
f 3382 3783 3383
f 3383 3783 3784
f 3383 3784 3384
f 3384 3784 3785
f 3384 3785 3385
f 3385 3785 3786
f 3385 3786 3386
f 3386 3786 3787
f 3386 3787 3387
f 3387 3787 3788
f 3387 3788 3388
f 3388 3788 3789
f 3388 3789 3389
f 3389 3789 3790
f 3389 3790 3390
f 3390 3790 3791
f 3390 3791 3391
f 3391 3791 3792
f 3391 3792 3392
f 3392 3792 3793
f 3392 3793 3393
f 3393 3793 3794
f 3393 3794 3394
f 3394 3794 3795
f 3394 3795 3395
f 3395 3795 3796
f 3395 3796 3396
f 3396 3796 3797
f 3396 3797 3397
f 3397 3797 3798
f 3397 3798 3398
f 3398 3798 3799
f 3398 3799 3399
f 3399 3799 3800
f 3399 3800 3400
f 3400 3800 3801
f 3400 3801 3401
f 3401 3801 3802
f 3401 3802 3402
f 3402 3802 3803
f 3402 3803 3403
f 3403 3803 3804
f 3403 3804 3404
f 3404 3804 3805
f 3404 3805 3405
f 3405 3805 3806
f 3405 3806 3406
f 3406 3806 3807
f 3406 3807 3407
f 3407 3807 3808
f 3407 3808 3408
f 3408 3808 3809
f 3408 3809 3409
f 3409 3809 3810
f 3409 3810 3410
f 3410 3810 3811
f 3410 3811 3411
f 3411 3811 3812
f 3411 3812 3412
f 3412 3812 3813
f 3412 3813 3413
f 3413 3813 3814
f 3413 3814 3414
f 3414 3814 3815
f 3414 3815 3415
f 3415 3815 3816
f 3415 3816 3416
f 3416 3816 3817
f 3416 3817 3417
f 3417 3817 3818
f 3417 3818 3418
f 3418 3818 3819
f 3418 3819 3419
f 3419 3819 3820
f 3419 3820 3420
f 3420 3820 3821
f 3420 3821 3421
f 3421 3821 3822
f 3421 3822 3422
f 3422 3822 3823
f 3422 3823 3423
f 3423 3823 3824
f 3423 3824 3424
f 3424 3824 3825
f 3424 3825 3425
f 3425 3825 3826
f 3425 3826 3426
f 3426 3826 3827
f 3426 3827 3427
f 3427 3827 3828
f 3427 3828 3428
f 3428 3828 3829
f 3428 3829 3429
f 3429 3829 3830
f 3429 3830 3430
f 3430 3830 3831
f 3430 3831 3431
f 3431 3831 3832
f 3431 3832 3432
f 3432 3832 3833
f 3432 3833 3433
f 3433 3833 3834
f 3433 3834 3434
f 3434 3834 3835
f 3434 3835 3435
f 3435 3835 3836
f 3435 3836 3436
f 3436 3836 3837
f 3436 3837 3437
f 3437 3837 3838
f 3437 3838 3438
f 3438 3838 3839
f 3438 3839 3439
f 3439 3839 3840
f 3439 3840 3440
f 3440 3840 3841
f 3440 3841 3441
f 3441 3841 3842
f 3441 3842 3442
f 3442 3842 3843
f 3442 3843 3443
f 3443 3843 3844
f 3443 3844 3444
f 3444 3844 3845
f 3444 3845 3445
f 3445 3845 3846
f 3445 3846 3446
f 3446 3846 3847
f 3446 3847 3447
f 3447 3847 3848
f 3447 3848 3448
f 3448 3848 3849
f 3448 3849 3449
f 3449 3849 3850
f 3449 3850 3450
f 3450 3850 3851
f 3450 3851 3451
f 3451 3851 3852
f 3451 3852 3452
f 3452 3852 3853
f 3452 3853 3453
f 3453 3853 3854
f 3453 3854 3454
f 3454 3854 3855
f 3454 3855 3455
f 3455 3855 3856
f 3455 3856 3456
f 3456 3856 3857
f 3456 3857 3457
f 3457 3857 3858
f 3457 3858 3458
f 3458 3858 3859
f 3458 3859 3459
f 3459 3859 3860
f 3459 3860 3460
f 3460 3860 3861
f 3460 3861 3461
f 3461 3861 3862
f 3461 3862 3462
f 3462 3862 3863
f 3462 3863 3463
f 3463 3863 3864
f 3463 3864 3464
f 3464 3864 3865
f 3464 3865 3465
f 3465 3865 3866
f 3465 3866 3466
f 3466 3866 3867
f 3466 3867 3467
f 3467 3867 3868
f 3467 3868 3468
f 3468 3868 3869
f 3468 3869 3469
f 3469 3869 3870
f 3469 3870 3470
f 3470 3870 3871
f 3470 3871 3471
f 3471 3871 3872
f 3471 3872 3472
f 3472 3872 3873
f 3472 3873 3473
f 3473 3873 3874
f 3473 3874 3474
f 3474 3874 3875
f 3474 3875 3475
f 3475 3875 3876
f 3475 3876 3476
f 3476 3876 3877
f 3476 3877 3477
f 3477 3877 3878
f 3477 3878 3478
f 3478 3878 3879
f 3478 3879 3479
f 3479 3879 3880
f 3479 3880 3480
f 3480 3880 3881
f 3480 3881 3481
f 3481 3881 3882
f 3481 3882 3482
f 3482 3882 3883
f 3482 3883 3483
f 3483 3883 3884
f 3483 3884 3484
f 3484 3884 3885
f 3484 3885 3485
f 3485 3885 3886
f 3485 3886 3486
f 3486 3886 3887
f 3486 3887 3487
f 3487 3887 3888
f 3487 3888 3488
f 3488 3888 3889
f 3488 3889 3489
f 3489 3889 3890
f 3489 3890 3490
f 3490 3890 3891
f 3490 3891 3491
f 3491 3891 3892
f 3491 3892 3492
f 3492 3892 3893
f 3492 3893 3493
f 3493 3893 3894
f 3493 3894 3494
f 3494 3894 3895
f 3494 3895 3495
f 3495 3895 3896
f 3495 3896 3496
f 3496 3896 3897
f 3496 3897 3497
f 3497 3897 3898
f 3497 3898 3498
f 3498 3898 3899
f 3498 3899 3499
f 3499 3899 3900
f 3499 3900 3500
f 3500 3900 3901
f 3500 3901 3501
f 3501 3901 3902
f 3501 3902 3502
f 3502 3902 3903
f 3502 3903 3503
f 3503 3903 3904
f 3503 3904 3504
f 3504 3904 3905
f 3504 3905 3505
f 3505 3905 3906
f 3505 3906 3506
f 3506 3906 3907
f 3506 3907 3507
f 3507 3907 3908
f 3507 3908 3508
f 3508 3908 3909
f 3508 3909 3509
f 3509 3909 3910
f 3509 3910 3510
f 3510 3910 3911
f 3510 3911 3511
f 3511 3911 3912
f 3511 3912 3512
f 3512 3912 3913
f 3512 3913 3513
f 3513 3913 3914
f 3513 3914 3514
f 3514 3914 3915
f 3514 3915 3515
f 3515 3915 3916
f 3515 3916 3516
f 3516 3916 3917
f 3516 3917 3517
f 3517 3917 3918
f 3517 3918 3518
f 3518 3918 3919
f 3518 3919 3519
f 3519 3919 3920
f 3519 3920 3520
f 3520 3920 3921
f 3520 3921 3521
f 3521 3921 3922
f 3521 3922 3522
f 3522 3922 3923
f 3522 3923 3523
f 3523 3923 3924
f 3523 3924 3524
f 3524 3924 3925
f 3524 3925 3525
f 3525 3925 3926
f 3525 3926 3526
f 3526 3926 3927
f 3526 3927 3527
f 3527 3927 3928
f 3527 3928 3528
f 3528 3928 3929
f 3528 3929 3529
f 3529 3929 3930
f 3529 3930 3530
f 3530 3930 3931
f 3530 3931 3531
f 3531 3931 3932
f 3531 3932 3532
f 3532 3932 3933
f 3532 3933 3533
f 3533 3933 3934
f 3533 3934 3534
f 3534 3934 3935
f 3534 3935 3535
f 3535 3935 3936
f 3535 3936 3536
f 3536 3936 3937
f 3536 3937 3537
f 3537 3937 3938
f 3537 3938 3538
f 3538 3938 3939
f 3538 3939 3539
f 3539 3939 3940
f 3539 3940 3540
f 3540 3940 3941
f 3540 3941 3541
f 3541 3941 3942
f 3541 3942 3542
f 3542 3942 3943
f 3542 3943 3543
f 3543 3943 3944
f 3543 3944 3544
f 3544 3944 3945
f 3544 3945 3545
f 3545 3945 3946
f 3545 3946 3546
f 3546 3946 3947
f 3546 3947 3547
f 3547 3947 3948
f 3547 3948 3548
f 3548 3948 3949
f 3548 3949 3549
f 3549 3949 3950
f 3549 3950 3550
f 3550 3950 3951
f 3550 3951 3551
f 3551 3951 3952
f 3551 3952 3552
f 3552 3952 3953
f 3552 3953 3553
f 3553 3953 3954
f 3553 3954 3554
f 3554 3954 3955
f 3554 3955 3555
f 3555 3955 3956
f 3555 3956 3556
f 3556 3956 3957
f 3556 3957 3557
f 3557 3957 3958
f 3557 3958 3558
f 3558 3958 3959
f 3558 3959 3559
f 3559 3959 3960
f 3559 3960 3560
f 3560 3960 3961
f 3560 3961 3561
f 3561 3961 3962
f 3561 3962 3562
f 3562 3962 3963
f 3562 3963 3563
f 3563 3963 3964
f 3563 3964 3564
f 3564 3964 3965
f 3564 3965 3565
f 3565 3965 3966
f 3565 3966 3566
f 3566 3966 3967
f 3566 3967 3567
f 3567 3967 3968
f 3567 3968 3568
f 3568 3968 3969
f 3568 3969 3569
f 3569 3969 3970
f 3569 3970 3570
f 3570 3970 3971
f 3570 3971 3571
f 3571 3971 3972
f 3571 3972 3572
f 3572 3972 3973
f 3572 3973 3573
f 3573 3973 3974
f 3573 3974 3574
f 3574 3974 3975
f 3574 3975 3575
f 3575 3975 3976
f 3575 3976 3576
f 3576 3976 3977
f 3576 3977 3577
f 3577 3977 3978
f 3577 3978 3578
f 3578 3978 3979
f 3578 3979 3579
f 3579 3979 3980
f 3579 3980 3580
f 3580 3980 3981
f 3580 3981 3581
f 3581 3981 3982
f 3581 3982 3582
f 3582 3982 3983
f 3582 3983 3583
f 3583 3983 3984
f 3583 3984 3584
f 3584 3984 3985
f 3584 3985 3585
f 3585 3985 3986
f 3585 3986 3586
f 3586 3986 3987
f 3586 3987 3587
f 3587 3987 3988
f 3587 3988 3588
f 3588 3988 3989
f 3588 3989 3589
f 3589 3989 3990
f 3589 3990 3590
f 3590 3990 3991
f 3590 3991 3591
f 3591 3991 3992
f 3591 3992 3592
f 3592 3992 3993
f 3592 3993 3593
f 3593 3993 3994
f 3593 3994 3594
f 3594 3994 3995
f 3594 3995 3595
f 3595 3995 3996
f 3595 3996 3596
f 3596 3996 3997
f 3596 3997 3597
f 3597 3997 3998
f 3597 3998 3598
f 3598 3998 3999
f 3598 3999 3599
f 3599 3999 4000
f 3599 4000 3600
f 3601 4001 4002
f 3601 4002 3602
f 3602 4002 4003
f 3602 4003 3603
f 3603 4003 4004
f 3603 4004 3604
f 3604 4004 4005
f 3604 4005 3605
f 3605 4005 4006
f 3605 4006 3606
f 3606 4006 4007
f 3606 4007 3607
f 3607 4007 4008
f 3607 4008 3608
f 3608 4008 4009
f 3608 4009 3609
f 3609 4009 4010
f 3609 4010 3610
f 3610 4010 4011
f 3610 4011 3611
f 3611 4011 4012
f 3611 4012 3612
f 3612 4012 4013
f 3612 4013 3613
f 3613 4013 4014
f 3613 4014 3614
f 3614 4014 4015
f 3614 4015 3615
f 3615 4015 4016
f 3615 4016 3616
f 3616 4016 4017
f 3616 4017 3617
f 3617 4017 4018
f 3617 4018 3618
f 3618 4018 4019
f 3618 4019 3619
f 3619 4019 4020
f 3619 4020 3620
f 3620 4020 4021
f 3620 4021 3621
f 3621 4021 4022
f 3621 4022 3622
f 3622 4022 4023
f 3622 4023 3623
f 3623 4023 4024
f 3623 4024 3624
f 3624 4024 4025
f 3624 4025 3625
f 3625 4025 4026
f 3625 4026 3626
f 3626 4026 4027
f 3626 4027 3627
f 3627 4027 4028
f 3627 4028 3628
f 3628 4028 4029
f 3628 4029 3629
f 3629 4029 4030
f 3629 4030 3630
f 3630 4030 4031
f 3630 4031 3631
f 3631 4031 4032
f 3631 4032 3632
f 3632 4032 4033
f 3632 4033 3633
f 3633 4033 4034
f 3633 4034 3634
f 3634 4034 4035
f 3634 4035 3635
f 3635 4035 4036
f 3635 4036 3636
f 3636 4036 4037
f 3636 4037 3637
f 3637 4037 4038
f 3637 4038 3638
f 3638 4038 4039
f 3638 4039 3639
f 3639 4039 4040
f 3639 4040 3640
f 3640 4040 4041
f 3640 4041 3641
f 3641 4041 4042
f 3641 4042 3642
f 3642 4042 4043
f 3642 4043 3643
f 3643 4043 4044
f 3643 4044 3644
f 3644 4044 4045
f 3644 4045 3645
f 3645 4045 4046
f 3645 4046 3646
f 3646 4046 4047
f 3646 4047 3647
f 3647 4047 4048
f 3647 4048 3648
f 3648 4048 4049
f 3648 4049 3649
f 3649 4049 4050
f 3649 4050 3650
f 3650 4050 4051
f 3650 4051 3651
f 3651 4051 4052
f 3651 4052 3652
f 3652 4052 4053
f 3652 4053 3653
f 3653 4053 4054
f 3653 4054 3654
f 3654 4054 4055
f 3654 4055 3655
f 3655 4055 4056
f 3655 4056 3656
f 3656 4056 4057
f 3656 4057 3657
f 3657 4057 4058
f 3657 4058 3658
f 3658 4058 4059
f 3658 4059 3659
f 3659 4059 4060
f 3659 4060 3660
f 3660 4060 4061
f 3660 4061 3661
f 3661 4061 4062
f 3661 4062 3662
f 3662 4062 4063
f 3662 4063 3663
f 3663 4063 4064
f 3663 4064 3664
f 3664 4064 4065
f 3664 4065 3665
f 3665 4065 4066
f 3665 4066 3666
f 3666 4066 4067
f 3666 4067 3667
f 3667 4067 4068
f 3667 4068 3668
f 3668 4068 4069
f 3668 4069 3669
f 3669 4069 4070
f 3669 4070 3670
f 3670 4070 4071
f 3670 4071 3671
f 3671 4071 4072
f 3671 4072 3672
f 3672 4072 4073
f 3672 4073 3673
f 3673 4073 4074
f 3673 4074 3674
f 3674 4074 4075
f 3674 4075 3675
f 3675 4075 4076
f 3675 4076 3676
f 3676 4076 4077
f 3676 4077 3677
f 3677 4077 4078
f 3677 4078 3678
f 3678 4078 4079
f 3678 4079 3679
f 3679 4079 4080
f 3679 4080 3680
f 3680 4080 4081
f 3680 4081 3681
f 3681 4081 4082
f 3681 4082 3682
f 3682 4082 4083
f 3682 4083 3683
f 3683 4083 4084
f 3683 4084 3684
f 3684 4084 4085
f 3684 4085 3685
f 3685 4085 4086
f 3685 4086 3686
f 3686 4086 4087
f 3686 4087 3687
f 3687 4087 4088
f 3687 4088 3688
f 3688 4088 4089
f 3688 4089 3689
f 3689 4089 4090
f 3689 4090 3690
f 3690 4090 4091
f 3690 4091 3691
f 3691 4091 4092
f 3691 4092 3692
f 3692 4092 4093
f 3692 4093 3693
f 3693 4093 4094
f 3693 4094 3694
f 3694 4094 4095
f 3694 4095 3695
f 3695 4095 4096
f 3695 4096 3696
f 3696 4096 4097
f 3696 4097 3697
f 3697 4097 4098
f 3697 4098 3698
f 3698 4098 4099
f 3698 4099 3699
f 3699 4099 4100
f 3699 4100 3700
f 3700 4100 4101
f 3700 4101 3701
f 3701 4101 4102
f 3701 4102 3702
f 3702 4102 4103
f 3702 4103 3703
f 3703 4103 4104
f 3703 4104 3704
f 3704 4104 4105
f 3704 4105 3705
f 3705 4105 4106
f 3705 4106 3706
f 3706 4106 4107
f 3706 4107 3707
f 3707 4107 4108
f 3707 4108 3708
f 3708 4108 4109
f 3708 4109 3709
f 3709 4109 4110
f 3709 4110 3710
f 3710 4110 4111
f 3710 4111 3711
f 3711 4111 4112
f 3711 4112 3712
f 3712 4112 4113
f 3712 4113 3713
f 3713 4113 4114
f 3713 4114 3714
f 3714 4114 4115
f 3714 4115 3715
f 3715 4115 4116
f 3715 4116 3716
f 3716 4116 4117
f 3716 4117 3717
f 3717 4117 4118
f 3717 4118 3718
f 3718 4118 4119
f 3718 4119 3719
f 3719 4119 4120
f 3719 4120 3720
f 3720 4120 4121
f 3720 4121 3721
f 3721 4121 4122
f 3721 4122 3722
f 3722 4122 4123
f 3722 4123 3723
f 3723 4123 4124
f 3723 4124 3724
f 3724 4124 4125
f 3724 4125 3725
f 3725 4125 4126
f 3725 4126 3726
f 3726 4126 4127
f 3726 4127 3727
f 3727 4127 4128
f 3727 4128 3728
f 3728 4128 4129
f 3728 4129 3729
f 3729 4129 4130
f 3729 4130 3730
f 3730 4130 4131
f 3730 4131 3731
f 3731 4131 4132
f 3731 4132 3732
f 3732 4132 4133
f 3732 4133 3733
f 3733 4133 4134
f 3733 4134 3734
f 3734 4134 4135
f 3734 4135 3735
f 3735 4135 4136
f 3735 4136 3736
f 3736 4136 4137
f 3736 4137 3737
f 3737 4137 4138
f 3737 4138 3738
f 3738 4138 4139
f 3738 4139 3739
f 3739 4139 4140
f 3739 4140 3740
f 3740 4140 4141
f 3740 4141 3741
f 3741 4141 4142
f 3741 4142 3742
f 3742 4142 4143
f 3742 4143 3743
f 3743 4143 4144
f 3743 4144 3744
f 3744 4144 4145
f 3744 4145 3745
f 3745 4145 4146
f 3745 4146 3746
f 3746 4146 4147
f 3746 4147 3747
f 3747 4147 4148
f 3747 4148 3748
f 3748 4148 4149
f 3748 4149 3749
f 3749 4149 4150
f 3749 4150 3750
f 3750 4150 4151
f 3750 4151 3751
f 3751 4151 4152
f 3751 4152 3752
f 3752 4152 4153
f 3752 4153 3753
f 3753 4153 4154
f 3753 4154 3754
f 3754 4154 4155
f 3754 4155 3755
f 3755 4155 4156
f 3755 4156 3756
f 3756 4156 4157
f 3756 4157 3757
f 3757 4157 4158
f 3757 4158 3758
f 3758 4158 4159
f 3758 4159 3759
f 3759 4159 4160
f 3759 4160 3760
f 3760 4160 4161
f 3760 4161 3761
f 3761 4161 4162
f 3761 4162 3762
f 3762 4162 4163
f 3762 4163 3763
f 3763 4163 4164
f 3763 4164 3764
f 3764 4164 4165
f 3764 4165 3765
f 3765 4165 4166
f 3765 4166 3766
f 3766 4166 4167
f 3766 4167 3767
f 3767 4167 4168
f 3767 4168 3768
f 3768 4168 4169
f 3768 4169 3769
f 3769 4169 4170
f 3769 4170 3770
f 3770 4170 4171
f 3770 4171 3771
f 3771 4171 4172
f 3771 4172 3772
f 3772 4172 4173
f 3772 4173 3773
f 3773 4173 4174
f 3773 4174 3774
f 3774 4174 4175
f 3774 4175 3775
f 3775 4175 4176
f 3775 4176 3776
f 3776 4176 4177
f 3776 4177 3777
f 3777 4177 4178
f 3777 4178 3778
f 3778 4178 4179
f 3778 4179 3779
f 3779 4179 4180
f 3779 4180 3780
f 3780 4180 4181
f 3780 4181 3781
f 3781 4181 4182
f 3781 4182 3782
f 3782 4182 4183
f 3782 4183 3783
f 3783 4183 4184
f 3783 4184 3784
f 3784 4184 4185
f 3784 4185 3785
f 3785 4185 4186
f 3785 4186 3786
f 3786 4186 4187
f 3786 4187 3787
f 3787 4187 4188
f 3787 4188 3788
f 3788 4188 4189
f 3788 4189 3789
f 3789 4189 4190
f 3789 4190 3790
f 3790 4190 4191
f 3790 4191 3791
f 3791 4191 4192
f 3791 4192 3792
f 3792 4192 4193
f 3792 4193 3793
f 3793 4193 4194
f 3793 4194 3794
f 3794 4194 4195
f 3794 4195 3795
f 3795 4195 4196
f 3795 4196 3796
f 3796 4196 4197
f 3796 4197 3797
f 3797 4197 4198
f 3797 4198 3798
f 3798 4198 4199
f 3798 4199 3799
f 3799 4199 4200
f 3799 4200 3800
f 3800 4200 4201
f 3800 4201 3801
f 3801 4201 4202
f 3801 4202 3802
f 3802 4202 4203
f 3802 4203 3803
f 3803 4203 4204
f 3803 4204 3804
f 3804 4204 4205
f 3804 4205 3805
f 3805 4205 4206
f 3805 4206 3806
f 3806 4206 4207
f 3806 4207 3807
f 3807 4207 4208
f 3807 4208 3808
f 3808 4208 4209
f 3808 4209 3809
f 3809 4209 4210
f 3809 4210 3810
f 3810 4210 4211
f 3810 4211 3811
f 3811 4211 4212
f 3811 4212 3812
f 3812 4212 4213
f 3812 4213 3813
f 3813 4213 4214
f 3813 4214 3814
f 3814 4214 4215
f 3814 4215 3815
f 3815 4215 4216
f 3815 4216 3816
f 3816 4216 4217
f 3816 4217 3817
f 3817 4217 4218
f 3817 4218 3818
f 3818 4218 4219
f 3818 4219 3819
f 3819 4219 4220
f 3819 4220 3820
f 3820 4220 4221
f 3820 4221 3821
f 3821 4221 4222
f 3821 4222 3822
f 3822 4222 4223
f 3822 4223 3823
f 3823 4223 4224
f 3823 4224 3824
f 3824 4224 4225
f 3824 4225 3825
f 3825 4225 4226
f 3825 4226 3826
f 3826 4226 4227
f 3826 4227 3827
f 3827 4227 4228
f 3827 4228 3828
f 3828 4228 4229
f 3828 4229 3829
f 3829 4229 4230
f 3829 4230 3830
f 3830 4230 4231
f 3830 4231 3831
f 3831 4231 4232
f 3831 4232 3832
f 3832 4232 4233
f 3832 4233 3833
f 3833 4233 4234
f 3833 4234 3834
f 3834 4234 4235
f 3834 4235 3835
f 3835 4235 4236
f 3835 4236 3836
f 3836 4236 4237
f 3836 4237 3837
f 3837 4237 4238
f 3837 4238 3838
f 3838 4238 4239
f 3838 4239 3839
f 3839 4239 4240
f 3839 4240 3840
f 3840 4240 4241
f 3840 4241 3841
f 3841 4241 4242
f 3841 4242 3842
f 3842 4242 4243
f 3842 4243 3843
f 3843 4243 4244
f 3843 4244 3844
f 3844 4244 4245
f 3844 4245 3845
f 3845 4245 4246
f 3845 4246 3846
f 3846 4246 4247
f 3846 4247 3847
f 3847 4247 4248
f 3847 4248 3848
f 3848 4248 4249
f 3848 4249 3849
f 3849 4249 4250
f 3849 4250 3850
f 3850 4250 4251
f 3850 4251 3851
f 3851 4251 4252
f 3851 4252 3852
f 3852 4252 4253
f 3852 4253 3853
f 3853 4253 4254
f 3853 4254 3854
f 3854 4254 4255
f 3854 4255 3855
f 3855 4255 4256
f 3855 4256 3856
f 3856 4256 4257
f 3856 4257 3857
f 3857 4257 4258
f 3857 4258 3858
f 3858 4258 4259
f 3858 4259 3859
f 3859 4259 4260
f 3859 4260 3860
f 3860 4260 4261
f 3860 4261 3861
f 3861 4261 4262
f 3861 4262 3862
f 3862 4262 4263
f 3862 4263 3863
f 3863 4263 4264
f 3863 4264 3864
f 3864 4264 4265
f 3864 4265 3865
f 3865 4265 4266
f 3865 4266 3866
f 3866 4266 4267
f 3866 4267 3867
f 3867 4267 4268
f 3867 4268 3868
f 3868 4268 4269
f 3868 4269 3869
f 3869 4269 4270
f 3869 4270 3870
f 3870 4270 4271
f 3870 4271 3871
f 3871 4271 4272
f 3871 4272 3872
f 3872 4272 4273
f 3872 4273 3873
f 3873 4273 4274
f 3873 4274 3874
f 3874 4274 4275
f 3874 4275 3875
f 3875 4275 4276
f 3875 4276 3876
f 3876 4276 4277
f 3876 4277 3877
f 3877 4277 4278
f 3877 4278 3878
f 3878 4278 4279
f 3878 4279 3879
f 3879 4279 4280
f 3879 4280 3880
f 3880 4280 4281
f 3880 4281 3881
f 3881 4281 4282
f 3881 4282 3882
f 3882 4282 4283
f 3882 4283 3883
f 3883 4283 4284
f 3883 4284 3884
f 3884 4284 4285
f 3884 4285 3885
f 3885 4285 4286
f 3885 4286 3886
f 3886 4286 4287
f 3886 4287 3887
f 3887 4287 4288
f 3887 4288 3888
f 3888 4288 4289
f 3888 4289 3889
f 3889 4289 4290
f 3889 4290 3890
f 3890 4290 4291
f 3890 4291 3891
f 3891 4291 4292
f 3891 4292 3892
f 3892 4292 4293
f 3892 4293 3893
f 3893 4293 4294
f 3893 4294 3894
f 3894 4294 4295
f 3894 4295 3895
f 3895 4295 4296
f 3895 4296 3896
f 3896 4296 4297
f 3896 4297 3897
f 3897 4297 4298
f 3897 4298 3898
f 3898 4298 4299
f 3898 4299 3899
f 3899 4299 4300
f 3899 4300 3900
f 3900 4300 4301
f 3900 4301 3901
f 3901 4301 4302
f 3901 4302 3902
f 3902 4302 4303
f 3902 4303 3903
f 3903 4303 4304
f 3903 4304 3904
f 3904 4304 4305
f 3904 4305 3905
f 3905 4305 4306
f 3905 4306 3906
f 3906 4306 4307
f 3906 4307 3907
f 3907 4307 4308
f 3907 4308 3908
f 3908 4308 4309
f 3908 4309 3909
f 3909 4309 4310
f 3909 4310 3910
f 3910 4310 4311
f 3910 4311 3911
f 3911 4311 4312
f 3911 4312 3912
f 3912 4312 4313
f 3912 4313 3913
f 3913 4313 4314
f 3913 4314 3914
f 3914 4314 4315
f 3914 4315 3915
f 3915 4315 4316
f 3915 4316 3916
f 3916 4316 4317
f 3916 4317 3917
f 3917 4317 4318
f 3917 4318 3918
f 3918 4318 4319
f 3918 4319 3919
f 3919 4319 4320
f 3919 4320 3920
f 3920 4320 4321
f 3920 4321 3921
f 3921 4321 4322
f 3921 4322 3922
f 3922 4322 4323
f 3922 4323 3923
f 3923 4323 4324
f 3923 4324 3924
f 3924 4324 4325
f 3924 4325 3925
f 3925 4325 4326
f 3925 4326 3926
f 3926 4326 4327
f 3926 4327 3927
f 3927 4327 4328
f 3927 4328 3928
f 3928 4328 4329
f 3928 4329 3929
f 3929 4329 4330
f 3929 4330 3930
f 3930 4330 4331
f 3930 4331 3931
f 3931 4331 4332
f 3931 4332 3932
f 3932 4332 4333
f 3932 4333 3933
f 3933 4333 4334
f 3933 4334 3934
f 3934 4334 4335
f 3934 4335 3935
f 3935 4335 4336
f 3935 4336 3936
f 3936 4336 4337
f 3936 4337 3937
f 3937 4337 4338
f 3937 4338 3938
f 3938 4338 4339
f 3938 4339 3939
f 3939 4339 4340
f 3939 4340 3940
f 3940 4340 4341
f 3940 4341 3941
f 3941 4341 4342
f 3941 4342 3942
f 3942 4342 4343
f 3942 4343 3943
f 3943 4343 4344
f 3943 4344 3944
f 3944 4344 4345
f 3944 4345 3945
f 3945 4345 4346
f 3945 4346 3946
f 3946 4346 4347
f 3946 4347 3947
f 3947 4347 4348
f 3947 4348 3948
f 3948 4348 4349
f 3948 4349 3949
f 3949 4349 4350
f 3949 4350 3950
f 3950 4350 4351
f 3950 4351 3951
f 3951 4351 4352
f 3951 4352 3952
f 3952 4352 4353
f 3952 4353 3953
f 3953 4353 4354
f 3953 4354 3954
f 3954 4354 4355
f 3954 4355 3955
f 3955 4355 4356
f 3955 4356 3956
f 3956 4356 4357
f 3956 4357 3957
f 3957 4357 4358
f 3957 4358 3958
f 3958 4358 4359
f 3958 4359 3959
f 3959 4359 4360
f 3959 4360 3960
f 3960 4360 4361
f 3960 4361 3961
f 3961 4361 4362
f 3961 4362 3962
f 3962 4362 4363
f 3962 4363 3963
f 3963 4363 4364
f 3963 4364 3964
f 3964 4364 4365
f 3964 4365 3965
f 3965 4365 4366
f 3965 4366 3966
f 3966 4366 4367
f 3966 4367 3967
f 3967 4367 4368
f 3967 4368 3968
f 3968 4368 4369
f 3968 4369 3969
f 3969 4369 4370
f 3969 4370 3970
f 3970 4370 4371
f 3970 4371 3971
f 3971 4371 4372
f 3971 4372 3972
f 3972 4372 4373
f 3972 4373 3973
f 3973 4373 4374
f 3973 4374 3974
f 3974 4374 4375
f 3974 4375 3975
f 3975 4375 4376
f 3975 4376 3976
f 3976 4376 4377
f 3976 4377 3977
f 3977 4377 4378
f 3977 4378 3978
f 3978 4378 4379
f 3978 4379 3979
f 3979 4379 4380
f 3979 4380 3980
f 3980 4380 4381
f 3980 4381 3981
f 3981 4381 4382
f 3981 4382 3982
f 3982 4382 4383
f 3982 4383 3983
f 3983 4383 4384
f 3983 4384 3984
f 3984 4384 4385
f 3984 4385 3985
f 3985 4385 4386
f 3985 4386 3986
f 3986 4386 4387
f 3986 4387 3987
f 3987 4387 4388
f 3987 4388 3988
f 3988 4388 4389
f 3988 4389 3989
f 3989 4389 4390
f 3989 4390 3990
f 3990 4390 4391
f 3990 4391 3991
f 3991 4391 4392
f 3991 4392 3992
f 3992 4392 4393
f 3992 4393 3993
f 3993 4393 4394
f 3993 4394 3994
f 3994 4394 4395
f 3994 4395 3995
f 3995 4395 4396
f 3995 4396 3996
f 3996 4396 4397
f 3996 4397 3997
f 3997 4397 4398
f 3997 4398 3998
f 3998 4398 4399
f 3998 4399 3999
f 3999 4399 4400
f 3999 4400 4000
f 4001 4401 4402
f 4001 4402 4002
f 4002 4402 4403
f 4002 4403 4003
f 4003 4403 4404
f 4003 4404 4004
f 4004 4404 4405
f 4004 4405 4005
f 4005 4405 4406
f 4005 4406 4006
f 4006 4406 4407
f 4006 4407 4007
f 4007 4407 4408
f 4007 4408 4008
f 4008 4408 4409
f 4008 4409 4009
f 4009 4409 4410
f 4009 4410 4010
f 4010 4410 4411
f 4010 4411 4011
f 4011 4411 4412
f 4011 4412 4012
f 4012 4412 4413
f 4012 4413 4013
f 4013 4413 4414
f 4013 4414 4014
f 4014 4414 4415
f 4014 4415 4015
f 4015 4415 4416
f 4015 4416 4016
f 4016 4416 4417
f 4016 4417 4017
f 4017 4417 4418
f 4017 4418 4018
f 4018 4418 4419
f 4018 4419 4019
f 4019 4419 4420
f 4019 4420 4020
f 4020 4420 4421
f 4020 4421 4021
f 4021 4421 4422
f 4021 4422 4022
f 4022 4422 4423
f 4022 4423 4023
f 4023 4423 4424
f 4023 4424 4024
f 4024 4424 4425
f 4024 4425 4025
f 4025 4425 4426
f 4025 4426 4026
f 4026 4426 4427
f 4026 4427 4027
f 4027 4427 4428
f 4027 4428 4028
f 4028 4428 4429
f 4028 4429 4029
f 4029 4429 4430
f 4029 4430 4030
f 4030 4430 4431
f 4030 4431 4031
f 4031 4431 4432
f 4031 4432 4032
f 4032 4432 4433
f 4032 4433 4033
f 4033 4433 4434
f 4033 4434 4034
f 4034 4434 4435
f 4034 4435 4035
f 4035 4435 4436
f 4035 4436 4036
f 4036 4436 4437
f 4036 4437 4037
f 4037 4437 4438
f 4037 4438 4038
f 4038 4438 4439
f 4038 4439 4039
f 4039 4439 4440
f 4039 4440 4040
f 4040 4440 4441
f 4040 4441 4041
f 4041 4441 4442
f 4041 4442 4042
f 4042 4442 4443
f 4042 4443 4043
f 4043 4443 4444
f 4043 4444 4044
f 4044 4444 4445
f 4044 4445 4045
f 4045 4445 4446
f 4045 4446 4046
f 4046 4446 4447
f 4046 4447 4047
f 4047 4447 4448
f 4047 4448 4048
f 4048 4448 4449
f 4048 4449 4049
f 4049 4449 4450
f 4049 4450 4050
f 4050 4450 4451
f 4050 4451 4051
f 4051 4451 4452
f 4051 4452 4052
f 4052 4452 4453
f 4052 4453 4053
f 4053 4453 4454
f 4053 4454 4054
f 4054 4454 4455
f 4054 4455 4055
f 4055 4455 4456
f 4055 4456 4056
f 4056 4456 4457
f 4056 4457 4057
f 4057 4457 4458
f 4057 4458 4058
f 4058 4458 4459
f 4058 4459 4059
f 4059 4459 4460
f 4059 4460 4060
f 4060 4460 4461
f 4060 4461 4061
f 4061 4461 4462
f 4061 4462 4062
f 4062 4462 4463
f 4062 4463 4063
f 4063 4463 4464
f 4063 4464 4064
f 4064 4464 4465
f 4064 4465 4065
f 4065 4465 4466
f 4065 4466 4066
f 4066 4466 4467
f 4066 4467 4067
f 4067 4467 4468
f 4067 4468 4068
f 4068 4468 4469
f 4068 4469 4069
f 4069 4469 4470
f 4069 4470 4070
f 4070 4470 4471
f 4070 4471 4071
f 4071 4471 4472
f 4071 4472 4072
f 4072 4472 4473
f 4072 4473 4073
f 4073 4473 4474
f 4073 4474 4074
f 4074 4474 4475
f 4074 4475 4075
f 4075 4475 4476
f 4075 4476 4076
f 4076 4476 4477
f 4076 4477 4077
f 4077 4477 4478
f 4077 4478 4078
f 4078 4478 4479
f 4078 4479 4079
f 4079 4479 4480
f 4079 4480 4080
f 4080 4480 4481
f 4080 4481 4081
f 4081 4481 4482
f 4081 4482 4082
f 4082 4482 4483
f 4082 4483 4083
f 4083 4483 4484
f 4083 4484 4084
f 4084 4484 4485
f 4084 4485 4085
f 4085 4485 4486
f 4085 4486 4086
f 4086 4486 4487
f 4086 4487 4087
f 4087 4487 4488
f 4087 4488 4088
f 4088 4488 4489
f 4088 4489 4089
f 4089 4489 4490
f 4089 4490 4090
f 4090 4490 4491
f 4090 4491 4091
f 4091 4491 4492
f 4091 4492 4092
f 4092 4492 4493
f 4092 4493 4093
f 4093 4493 4494
f 4093 4494 4094
f 4094 4494 4495
f 4094 4495 4095
f 4095 4495 4496
f 4095 4496 4096
f 4096 4496 4497
f 4096 4497 4097
f 4097 4497 4498
f 4097 4498 4098
f 4098 4498 4499
f 4098 4499 4099
f 4099 4499 4500
f 4099 4500 4100
f 4100 4500 4501
f 4100 4501 4101
f 4101 4501 4502
f 4101 4502 4102
f 4102 4502 4503
f 4102 4503 4103
f 4103 4503 4504
f 4103 4504 4104
f 4104 4504 4505
f 4104 4505 4105
f 4105 4505 4506
f 4105 4506 4106
f 4106 4506 4507
f 4106 4507 4107
f 4107 4507 4508
f 4107 4508 4108
f 4108 4508 4509
f 4108 4509 4109
f 4109 4509 4510
f 4109 4510 4110
f 4110 4510 4511
f 4110 4511 4111
f 4111 4511 4512
f 4111 4512 4112
f 4112 4512 4513
f 4112 4513 4113
f 4113 4513 4514
f 4113 4514 4114
f 4114 4514 4515
f 4114 4515 4115
f 4115 4515 4516
f 4115 4516 4116
f 4116 4516 4517
f 4116 4517 4117
f 4117 4517 4518
f 4117 4518 4118
f 4118 4518 4519
f 4118 4519 4119
f 4119 4519 4520
f 4119 4520 4120
f 4120 4520 4521
f 4120 4521 4121
f 4121 4521 4522
f 4121 4522 4122
f 4122 4522 4523
f 4122 4523 4123
f 4123 4523 4524
f 4123 4524 4124
f 4124 4524 4525
f 4124 4525 4125
f 4125 4525 4526
f 4125 4526 4126
f 4126 4526 4527
f 4126 4527 4127
f 4127 4527 4528
f 4127 4528 4128
f 4128 4528 4529
f 4128 4529 4129
f 4129 4529 4530
f 4129 4530 4130
f 4130 4530 4531
f 4130 4531 4131
f 4131 4531 4532
f 4131 4532 4132
f 4132 4532 4533
f 4132 4533 4133
f 4133 4533 4534
f 4133 4534 4134
f 4134 4534 4535
f 4134 4535 4135
f 4135 4535 4536
f 4135 4536 4136
f 4136 4536 4537
f 4136 4537 4137
f 4137 4537 4538
f 4137 4538 4138
f 4138 4538 4539
f 4138 4539 4139
f 4139 4539 4540
f 4139 4540 4140
f 4140 4540 4541
f 4140 4541 4141
f 4141 4541 4542
f 4141 4542 4142
f 4142 4542 4543
f 4142 4543 4143
f 4143 4543 4544
f 4143 4544 4144
f 4144 4544 4545
f 4144 4545 4145
f 4145 4545 4546
f 4145 4546 4146
f 4146 4546 4547
f 4146 4547 4147
f 4147 4547 4548
f 4147 4548 4148
f 4148 4548 4549
f 4148 4549 4149
f 4149 4549 4550
f 4149 4550 4150
f 4150 4550 4551
f 4150 4551 4151
f 4151 4551 4552
f 4151 4552 4152
f 4152 4552 4553
f 4152 4553 4153
f 4153 4553 4554
f 4153 4554 4154
f 4154 4554 4555
f 4154 4555 4155
f 4155 4555 4556
f 4155 4556 4156
f 4156 4556 4557
f 4156 4557 4157
f 4157 4557 4558
f 4157 4558 4158
f 4158 4558 4559
f 4158 4559 4159
f 4159 4559 4560
f 4159 4560 4160
f 4160 4560 4561
f 4160 4561 4161
f 4161 4561 4562
f 4161 4562 4162
f 4162 4562 4563
f 4162 4563 4163
f 4163 4563 4564
f 4163 4564 4164
f 4164 4564 4565
f 4164 4565 4165
f 4165 4565 4566
f 4165 4566 4166
f 4166 4566 4567
f 4166 4567 4167
f 4167 4567 4568
f 4167 4568 4168
f 4168 4568 4569
f 4168 4569 4169
f 4169 4569 4570
f 4169 4570 4170
f 4170 4570 4571
f 4170 4571 4171
f 4171 4571 4572
f 4171 4572 4172
f 4172 4572 4573
f 4172 4573 4173
f 4173 4573 4574
f 4173 4574 4174
f 4174 4574 4575
f 4174 4575 4175
f 4175 4575 4576
f 4175 4576 4176
f 4176 4576 4577
f 4176 4577 4177
f 4177 4577 4578
f 4177 4578 4178
f 4178 4578 4579
f 4178 4579 4179
f 4179 4579 4580
f 4179 4580 4180
f 4180 4580 4581
f 4180 4581 4181
f 4181 4581 4582
f 4181 4582 4182
f 4182 4582 4583
f 4182 4583 4183
f 4183 4583 4584
f 4183 4584 4184
f 4184 4584 4585
f 4184 4585 4185
f 4185 4585 4586
f 4185 4586 4186
f 4186 4586 4587
f 4186 4587 4187
f 4187 4587 4588
f 4187 4588 4188
f 4188 4588 4589
f 4188 4589 4189
f 4189 4589 4590
f 4189 4590 4190
f 4190 4590 4591
f 4190 4591 4191
f 4191 4591 4592
f 4191 4592 4192
f 4192 4592 4593
f 4192 4593 4193
f 4193 4593 4594
f 4193 4594 4194
f 4194 4594 4595
f 4194 4595 4195
f 4195 4595 4596
f 4195 4596 4196
f 4196 4596 4597
f 4196 4597 4197
f 4197 4597 4598
f 4197 4598 4198
f 4198 4598 4599
f 4198 4599 4199
f 4199 4599 4600
f 4199 4600 4200
f 4200 4600 4601
f 4200 4601 4201
f 4201 4601 4602
f 4201 4602 4202
f 4202 4602 4603
f 4202 4603 4203
f 4203 4603 4604
f 4203 4604 4204
f 4204 4604 4605
f 4204 4605 4205
f 4205 4605 4606
f 4205 4606 4206
f 4206 4606 4607
f 4206 4607 4207
f 4207 4607 4608
f 4207 4608 4208
f 4208 4608 4609
f 4208 4609 4209
f 4209 4609 4610
f 4209 4610 4210
f 4210 4610 4611
f 4210 4611 4211
f 4211 4611 4612
f 4211 4612 4212
f 4212 4612 4613
f 4212 4613 4213
f 4213 4613 4614
f 4213 4614 4214
f 4214 4614 4615
f 4214 4615 4215
f 4215 4615 4616
f 4215 4616 4216
f 4216 4616 4617
f 4216 4617 4217
f 4217 4617 4618
f 4217 4618 4218
f 4218 4618 4619
f 4218 4619 4219
f 4219 4619 4620
f 4219 4620 4220
f 4220 4620 4621
f 4220 4621 4221
f 4221 4621 4622
f 4221 4622 4222
f 4222 4622 4623
f 4222 4623 4223
f 4223 4623 4624
f 4223 4624 4224
f 4224 4624 4625
f 4224 4625 4225
f 4225 4625 4626
f 4225 4626 4226
f 4226 4626 4627
f 4226 4627 4227
f 4227 4627 4628
f 4227 4628 4228
f 4228 4628 4629
f 4228 4629 4229
f 4229 4629 4630
f 4229 4630 4230
f 4230 4630 4631
f 4230 4631 4231
f 4231 4631 4632
f 4231 4632 4232
f 4232 4632 4633
f 4232 4633 4233
f 4233 4633 4634
f 4233 4634 4234
f 4234 4634 4635
f 4234 4635 4235
f 4235 4635 4636
f 4235 4636 4236
f 4236 4636 4637
f 4236 4637 4237
f 4237 4637 4638
f 4237 4638 4238
f 4238 4638 4639
f 4238 4639 4239
f 4239 4639 4640
f 4239 4640 4240
f 4240 4640 4641
f 4240 4641 4241
f 4241 4641 4642
f 4241 4642 4242
f 4242 4642 4643
f 4242 4643 4243
f 4243 4643 4644
f 4243 4644 4244
f 4244 4644 4645
f 4244 4645 4245
f 4245 4645 4646
f 4245 4646 4246
f 4246 4646 4647
f 4246 4647 4247
f 4247 4647 4648
f 4247 4648 4248
f 4248 4648 4649
f 4248 4649 4249
f 4249 4649 4650
f 4249 4650 4250
f 4250 4650 4651
f 4250 4651 4251
f 4251 4651 4652
f 4251 4652 4252
f 4252 4652 4653
f 4252 4653 4253
f 4253 4653 4654
f 4253 4654 4254
f 4254 4654 4655
f 4254 4655 4255
f 4255 4655 4656
f 4255 4656 4256
f 4256 4656 4657
f 4256 4657 4257
f 4257 4657 4658
f 4257 4658 4258
f 4258 4658 4659
f 4258 4659 4259
f 4259 4659 4660
f 4259 4660 4260
f 4260 4660 4661
f 4260 4661 4261
f 4261 4661 4662
f 4261 4662 4262
f 4262 4662 4663
f 4262 4663 4263
f 4263 4663 4664
f 4263 4664 4264
f 4264 4664 4665
f 4264 4665 4265
f 4265 4665 4666
f 4265 4666 4266
f 4266 4666 4667
f 4266 4667 4267
f 4267 4667 4668
f 4267 4668 4268
f 4268 4668 4669
f 4268 4669 4269
f 4269 4669 4670
f 4269 4670 4270
f 4270 4670 4671
f 4270 4671 4271
f 4271 4671 4672
f 4271 4672 4272
f 4272 4672 4673
f 4272 4673 4273
f 4273 4673 4674
f 4273 4674 4274
f 4274 4674 4675
f 4274 4675 4275
f 4275 4675 4676
f 4275 4676 4276
f 4276 4676 4677
f 4276 4677 4277
f 4277 4677 4678
f 4277 4678 4278
f 4278 4678 4679
f 4278 4679 4279
f 4279 4679 4680
f 4279 4680 4280
f 4280 4680 4681
f 4280 4681 4281
f 4281 4681 4682
f 4281 4682 4282
f 4282 4682 4683
f 4282 4683 4283
f 4283 4683 4684
f 4283 4684 4284
f 4284 4684 4685
f 4284 4685 4285
f 4285 4685 4686
f 4285 4686 4286
f 4286 4686 4687
f 4286 4687 4287
f 4287 4687 4688
f 4287 4688 4288
f 4288 4688 4689
f 4288 4689 4289
f 4289 4689 4690
f 4289 4690 4290
f 4290 4690 4691
f 4290 4691 4291
f 4291 4691 4692
f 4291 4692 4292
f 4292 4692 4693
f 4292 4693 4293
f 4293 4693 4694
f 4293 4694 4294
f 4294 4694 4695
f 4294 4695 4295
f 4295 4695 4696
f 4295 4696 4296
f 4296 4696 4697
f 4296 4697 4297
f 4297 4697 4698
f 4297 4698 4298
f 4298 4698 4699
f 4298 4699 4299
f 4299 4699 4700
f 4299 4700 4300
f 4300 4700 4701
f 4300 4701 4301
f 4301 4701 4702
f 4301 4702 4302
f 4302 4702 4703
f 4302 4703 4303
f 4303 4703 4704
f 4303 4704 4304
f 4304 4704 4705
f 4304 4705 4305
f 4305 4705 4706
f 4305 4706 4306
f 4306 4706 4707
f 4306 4707 4307
f 4307 4707 4708
f 4307 4708 4308
f 4308 4708 4709
f 4308 4709 4309
f 4309 4709 4710
f 4309 4710 4310
f 4310 4710 4711
f 4310 4711 4311
f 4311 4711 4712
f 4311 4712 4312
f 4312 4712 4713
f 4312 4713 4313
f 4313 4713 4714
f 4313 4714 4314
f 4314 4714 4715
f 4314 4715 4315
f 4315 4715 4716
f 4315 4716 4316
f 4316 4716 4717
f 4316 4717 4317
f 4317 4717 4718
f 4317 4718 4318
f 4318 4718 4719
f 4318 4719 4319
f 4319 4719 4720
f 4319 4720 4320
f 4320 4720 4721
f 4320 4721 4321
f 4321 4721 4722
f 4321 4722 4322
f 4322 4722 4723
f 4322 4723 4323
f 4323 4723 4724
f 4323 4724 4324
f 4324 4724 4725
f 4324 4725 4325
f 4325 4725 4726
f 4325 4726 4326
f 4326 4726 4727
f 4326 4727 4327
f 4327 4727 4728
f 4327 4728 4328
f 4328 4728 4729
f 4328 4729 4329
f 4329 4729 4730
f 4329 4730 4330
f 4330 4730 4731
f 4330 4731 4331
f 4331 4731 4732
f 4331 4732 4332
f 4332 4732 4733
f 4332 4733 4333
f 4333 4733 4734
f 4333 4734 4334
f 4334 4734 4735
f 4334 4735 4335
f 4335 4735 4736
f 4335 4736 4336
f 4336 4736 4737
f 4336 4737 4337
f 4337 4737 4738
f 4337 4738 4338
f 4338 4738 4739
f 4338 4739 4339
f 4339 4739 4740
f 4339 4740 4340
f 4340 4740 4741
f 4340 4741 4341
f 4341 4741 4742
f 4341 4742 4342
f 4342 4742 4743
f 4342 4743 4343
f 4343 4743 4744
f 4343 4744 4344
f 4344 4744 4745
f 4344 4745 4345
f 4345 4745 4746
f 4345 4746 4346
f 4346 4746 4747
f 4346 4747 4347
f 4347 4747 4748
f 4347 4748 4348
f 4348 4748 4749
f 4348 4749 4349
f 4349 4749 4750
f 4349 4750 4350
f 4350 4750 4751
f 4350 4751 4351
f 4351 4751 4752
f 4351 4752 4352
f 4352 4752 4753
f 4352 4753 4353
f 4353 4753 4754
f 4353 4754 4354
f 4354 4754 4755
f 4354 4755 4355
f 4355 4755 4756
f 4355 4756 4356
f 4356 4756 4757
f 4356 4757 4357
f 4357 4757 4758
f 4357 4758 4358
f 4358 4758 4759
f 4358 4759 4359
f 4359 4759 4760
f 4359 4760 4360
f 4360 4760 4761
f 4360 4761 4361
f 4361 4761 4762
f 4361 4762 4362
f 4362 4762 4763
f 4362 4763 4363
f 4363 4763 4764
f 4363 4764 4364
f 4364 4764 4765
f 4364 4765 4365
f 4365 4765 4766
f 4365 4766 4366
f 4366 4766 4767
f 4366 4767 4367
f 4367 4767 4768
f 4367 4768 4368
f 4368 4768 4769
f 4368 4769 4369
f 4369 4769 4770
f 4369 4770 4370
f 4370 4770 4771
f 4370 4771 4371
f 4371 4771 4772
f 4371 4772 4372
f 4372 4772 4773
f 4372 4773 4373
f 4373 4773 4774
f 4373 4774 4374
f 4374 4774 4775
f 4374 4775 4375
f 4375 4775 4776
f 4375 4776 4376
f 4376 4776 4777
f 4376 4777 4377
f 4377 4777 4778
f 4377 4778 4378
f 4378 4778 4779
f 4378 4779 4379
f 4379 4779 4780
f 4379 4780 4380
f 4380 4780 4781
f 4380 4781 4381
f 4381 4781 4782
f 4381 4782 4382
f 4382 4782 4783
f 4382 4783 4383
f 4383 4783 4784
f 4383 4784 4384
f 4384 4784 4785
f 4384 4785 4385
f 4385 4785 4786
f 4385 4786 4386
f 4386 4786 4787
f 4386 4787 4387
f 4387 4787 4788
f 4387 4788 4388
f 4388 4788 4789
f 4388 4789 4389
f 4389 4789 4790
f 4389 4790 4390
f 4390 4790 4791
f 4390 4791 4391
f 4391 4791 4792
f 4391 4792 4392
f 4392 4792 4793
f 4392 4793 4393
f 4393 4793 4794
f 4393 4794 4394
f 4394 4794 4795
f 4394 4795 4395
f 4395 4795 4796
f 4395 4796 4396
f 4396 4796 4797
f 4396 4797 4397
f 4397 4797 4798
f 4397 4798 4398
f 4398 4798 4799
f 4398 4799 4399
f 4399 4799 4800
f 4399 4800 4400
